id,data_inversa,dia_semana,horario,uf,br,km,municipio,causa_acidente,tipo_acidente,classificacao_acidente,fase_dia,sentido_via,condicao_metereologica,tipo_pista,tracado_via,uso_solo,pessoas,mortos,feridos_leves,feridos_graves,ilesos,ignorados,feridos,veiculos,latitude,longitude,regional,delegacia,uop,ano_arquivo
"280437,0",2020-04-18,sábado,18:50:00,SC,101,"413,0",ARARANGUA,Falta de Atenção à Condução,Colisão frontal,Com Vítimas Feridas,Anoitecer,Crescente,Céu Claro,Simples,Reta,Sim,5,0,2,0,2,1,2,3,-28.94605997,-49.50428402,SPRF-SC,DEL02-SC,UOP02-DEL02-SC,2020
"280537,0",2020-04-19,domingo,09:45:00,SC,101,"99,0",SAO BENTO DO SUL,Pista Escorregadia,Colisão frontal,Com Vítimas Feridas,Pleno dia,Decrescente,Garoa/Chuvisco,Simples,Curva,Não,3,0,0,1,1,2,1,4,-26.38845875,-49.30246007,SPRF-SC,DEL03-SC,UOP02-DEL03-SC,2020
"280626,0",2020-04-19,domingo,21:00:00,SC,101,"445,5",SANTA ROSA DO SUL,Falta de Atenção do Pedestre,Atropelamento de Pedestre,Com Vítimas Fatais,Plena Noite,Decrescente,Céu Claro,Dupla,Reta,Sim,2,1,0,0,0,1,0,2,-29.13876138,-49.71567783,SPRF-SC,DEL02-SC,UOP02-DEL02-SC,2020
"280676,0",2020-04-16,quinta-feira,17:25:00,SC,101,"397,0",MARACAJA,Falta de Atenção à Condução,Colisão transversal,Com Vítimas Feridas,Pleno dia,Crescente,Céu Claro,Múltipla,Viaduto;Interseção de Vias,Não,2,0,1,0,1,0,1,2,-28.84239941,-49.4294858,SPRF-SC,DEL02-SC,UOP02-DEL02-SC,2020
"280690,0",2020-04-20,segunda-feira,14:00:00,SC,470,"275,7",BRUNOPOLIS,Condutor Dormindo,Colisão frontal,Com Vítimas Feridas,Pleno dia,Decrescente,Céu Claro,Simples,Curva;Declive,Não,3,0,1,1,0,1,2,3,-27.329201,-50.813515,SPRF-SC,DEL07-SC,UOP06-DEL07-SC,2020
"280706,0",2020-04-20,segunda-feira,15:30:00,SC,116,"235,0",CORREIA PINTO,Defeito Mecânico no Veículo,Saída de leito carroçável,Com Vítimas Feridas,Pleno dia,Decrescente,Céu Claro,Simples,Curva,Não,2,0,1,0,0,1,1,2,-27.711685,-50.33625903,SPRF-SC,DEL05-SC,UOP01-DEL05-SC,2020
"280722,0",2020-04-20,segunda-feira,18:40:00,SC,101,"161,9",TIJUCAS,Falta de Atenção à Condução,Engavetamento,Com Vítimas Feridas,Plena Noite,Decrescente,Céu Claro,Dupla,Reta,Sim,3,0,0,1,2,0,1,3,-27.21679654,-48.62419009,SPRF-SC,DEL04-SC,UOP03-DEL04-SC,2020
"280769,0",2020-04-21,terça-feira,03:00:00,SC,101,"129,0",BALNEARIO CAMBORIU,Falta de Atenção à Condução,Colisão traseira,Com Vítimas Feridas,Plena Noite,Crescente,Céu Claro,Dupla,Reta,Não,2,0,0,1,1,0,1,2,-26.98064277,-48.6790679,SPRF-SC,DEL04-SC,UOP03-DEL04-SC,2020
"280773,0",2020-04-21,terça-feira,06:15:00,SC,282,"57,6",RANCHO QUEIMADO,Desobediência às normas de trânsito pelo condutor,Colisão lateral,Com Vítimas Feridas,Amanhecer,Crescente,Céu Claro,Simples,Reta,Não,2,0,0,1,1,0,1,2,-27.688864,-48.998455,SPRF-SC,DEL01-SC,UOP03-DEL01-SC,2020
"280815,0",2020-04-21,terça-feira,14:30:00,SC,101,"4,0",GARUVA,Ingestão de Álcool,Colisão lateral,Sem Vítimas,Pleno dia,Decrescente,Sol,Dupla,Reta,Não,3,0,0,0,3,0,0,2,-26.00908719,-48.86448735,SPRF-SC,DEL03-SC,UOP01-DEL03-SC,2020
"280839,0",2020-04-21,terça-feira,13:30:00,SC,470,"348,5",CAMPOS NOVOS,Velocidade Incompatível,Saída de leito carroçável,Com Vítimas Feridas,Pleno dia,Decrescente,Céu Claro,Simples,Curva,Não,2,0,1,0,0,1,1,2,-27.54807864,-51.45283699,SPRF-SC,DEL07-SC,UOP06-DEL07-SC,2020
"280928,0",2020-04-22,quarta-feira,12:50:00,SC,101,"210,5",SAO JOSE,Falta de Atenção à Condução,Capotamento,Com Vítimas Feridas,Pleno dia,Decrescente,Céu Claro,Simples,Reta,Sim,2,0,1,0,1,0,1,2,-27.6167305,-48.6457265,SPRF-SC,DEL01-SC,UOP01-DEL01-SC,2020
"281024,0",2020-04-23,quinta-feira,07:00:00,SC,101,"87,4",BARRA VELHA,Falta de Atenção à Condução,Colisão lateral,Com Vítimas Feridas,Pleno dia,Crescente,Céu Claro,Dupla,Reta,Sim,3,0,1,0,2,0,1,3,-26.6453011,-48.6875546,SPRF-SC,DEL03-SC,UOP02-DEL03-SC,2020
"281033,0",2020-04-23,quinta-feira,08:25:00,SC,101,"432,0",SOMBRIO,Condutor Dormindo,Colisão lateral,Sem Vítimas,Pleno dia,Crescente,Céu Claro,Dupla,Reta,Sim,3,0,0,0,2,2,0,4,-29.06843461,-49.6274311,SPRF-SC,DEL02-SC,UOP02-DEL02-SC,2020
"281043,0",2020-04-23,quinta-feira,10:00:00,SC,470,"22,0",ILHOTA,Falta de Atenção à Condução,Colisão frontal,Com Vítimas Feridas,Pleno dia,Crescente,Céu Claro,Simples,Reta,Não,3,0,0,1,2,0,1,3,-26.80660578,-48.775177,SPRF-SC,DEL04-SC,UOP04-DEL04-SC,2020
"281048,0",2020-04-23,quinta-feira,10:45:00,SC,282,"29,0",SANTO AMARO DA IMPERATRIZ,Desobediência às normas de trânsito pelo condutor,Colisão transversal,Com Vítimas Feridas,Pleno dia,Crescente,Sol,Simples,Interseção de Vias,Não,3,0,0,1,1,1,1,3,-27.679737,-48.786785,SPRF-SC,DEL01-SC,UOP03-DEL01-SC,2020
"281051,0",2020-04-23,quinta-feira,09:00:00,SC,153,"97,0",CONCORDIA,Não guardar distância de segurança,Colisão traseira,Com Vítimas Feridas,Plena Noite,Decrescente,Céu Claro,Simples,Reta,Não,2,0,1,0,1,0,1,2,-27.220152,-51.948879,SPRF-SC,DEL07-SC,UOP04-DEL07-SC,2020
"281063,0",2020-04-23,quinta-feira,10:00:00,SC,282,"438,5",IRANI,Desobediência às normas de trânsito pelo condutor,Colisão lateral,Com Vítimas Feridas,Pleno dia,Crescente,Sol,Simples,Reta,Não,3,0,1,0,1,1,1,3,-26.95389,-51.855713,SPRF-SC,DEL07-SC,UOP04-DEL07-SC,2020
"281075,0",2020-03-29,domingo,20:58:00,SC,470,"102,0",APIUNA,Ultrapassagem Indevida,Colisão frontal,Com Vítimas Feridas,Plena Noite,Crescente,Céu Claro,Simples,Reta,Não,4,0,1,0,2,1,1,3,-27.060822,-49.392761,SPRF-SC,DEL04-SC,UOP02-DEL04-SC,2020
"281087,0",2020-04-23,quinta-feira,16:00:00,SC,282,"4,5",FLORIANOPOLIS,Sinalização da via insuficiente ou inadequada,Colisão com objeto estático,Sem Vítimas,Pleno dia,Decrescente,Céu Claro,Simples,Retorno Regulamentado,Não,1,0,0,0,1,0,0,1,-27.592646,-48.604034,SPRF-SC,DEL01-SC,UOP01-DEL01-SC,2020
"281231,0",2020-04-24,sexta-feira,15:30:00,SC,282,"27,7",SANTO AMARO DA IMPERATRIZ,Carga excessiva e/ou mal acondicionada,Derramamento de carga,Com Vítimas Feridas,Pleno dia,Crescente,Sol,Simples,Reta,Não,3,0,2,0,1,0,2,2,-27.67463078,-48.77865851,SPRF-SC,DEL01-SC,UOP03-DEL01-SC,2020
"281272,0",2020-04-24,sexta-feira,18:40:00,SC,282,"508,4",XANXERE,Falta de Atenção à Condução,Colisão lateral,Sem Vítimas,Anoitecer,Crescente,Céu Claro,Múltipla,Aclive,Não,3,0,0,0,2,1,0,3,-26.887014,-52.448372,SPRF-SC,DEL07-SC,UOP01-DEL07-SC,2020
"281289,0",2020-04-24,sexta-feira,17:40:00,SC,282,"507,3",XANXERE,Não guardar distância de segurança,Colisão traseira,Com Vítimas Feridas,Anoitecer,Decrescente,Céu Claro,Simples,Reta,Não,3,0,2,0,1,0,2,2,-26.886171,-52.43911,SPRF-SC,DEL07-SC,UOP01-DEL07-SC,2020
"281326,0",2020-04-25,sábado,04:00:00,SC,470,"120,9",IBIRAMA,Velocidade Incompatível,Tombamento,Com Vítimas Feridas,Plena Noite,Decrescente,Nublado,Simples,Curva,Não,2,0,1,0,0,1,1,2,-27.089924,-49.520416,SPRF-SC,DEL04-SC,UOP02-DEL04-SC,2020
"281342,0",2020-04-25,sábado,07:05:00,SC,470,"149,0",AGRONOMICA,Defeito Mecânico no Veículo,Colisão traseira,Com Vítimas Feridas,Pleno dia,Decrescente,Sol,Simples,Reta,Não,3,0,1,0,2,0,1,2,-27.252104,-49.702129,SPRF-SC,DEL04-SC,UOP02-DEL04-SC,2020
"281403,0",2020-04-25,sábado,15:35:00,SC,470,"144,5",RIO DO SUL,Falta de Atenção à Condução,Colisão lateral,Com Vítimas Feridas,Pleno dia,Crescente,Céu Claro,Simples,Reta,Sim,4,0,2,0,1,1,2,3,-27.235138,-49.677608,SPRF-SC,DEL04-SC,UOP02-DEL04-SC,2020
"281540,0",2020-04-26,domingo,11:10:00,SC,280,"109,7",SAO BENTO DO SUL,Falta de Atenção à Condução,Colisão transversal,Com Vítimas Feridas,Pleno dia,Decrescente,Céu Claro,Simples,Declive;Curva;Interseção de Vias,Não,4,0,0,2,1,2,2,4,-26.30864147,-49.38819051,SPRF-SC,DEL06-SC,UOP03-DEL06-SC,2020
"281684,0",2020-04-27,segunda-feira,08:05:00,SC,282,"528,0",CORDILHEIRA ALTA,Falta de Atenção à Condução,Colisão frontal,Com Vítimas Feridas,Pleno dia,Crescente,Nublado,Simples,Curva,Não,3,0,1,0,1,2,1,4,-26.978798,-52.588566,SPRF-SC,DEL07-SC,UOP01-DEL07-SC,2020
"281703,0",2020-04-27,segunda-feira,11:00:00,SC,101,"52,6",JOINVILLE,Defeito Mecânico no Veículo,Colisão traseira,Com Vítimas Feridas,Pleno dia,Decrescente,Nublado,Dupla,Reta,Não,2,0,0,1,1,0,1,2,-26.409236,-48.836868,SPRF-SC,DEL03-SC,UOP01-DEL03-SC,2020
"281735,0",2020-04-27,segunda-feira,12:50:00,SC,101,"123,0",ITAJAI,Falta de Atenção à Condução,Colisão transversal,Com Vítimas Feridas,Pleno dia,Crescente,Nublado,Dupla,Reta,Sim,2,0,1,0,1,0,1,2,-26.93668609,-48.69876905,SPRF-SC,DEL04-SC,UOP04-DEL04-SC,2020
"281738,0",2020-04-27,segunda-feira,16:00:00,SC,282,"55,0",RANCHO QUEIMADO,Velocidade Incompatível,Colisão transversal,Com Vítimas Feridas,Pleno dia,Decrescente,Chuva,Simples,Curva,Não,3,0,1,0,2,0,1,2,-27.689514,-48.982376,SPRF-SC,DEL01-SC,UOP03-DEL01-SC,2020
"281769,0",2020-04-27,segunda-feira,16:45:00,SC,470,"120,9",IBIRAMA,Velocidade Incompatível,Colisão frontal,Com Vítimas Feridas,Pleno dia,Crescente,Garoa/Chuvisco,Simples,Curva,Não,4,0,0,1,2,2,1,5,-27.09527392,-49.52962875,SPRF-SC,DEL04-SC,UOP02-DEL04-SC,2020
"281784,0",2020-04-27,segunda-feira,21:00:00,SC,470,"59,5",BLUMENAU,Desobediência às normas de trânsito pelo condutor,Colisão frontal,Com Vítimas Fatais,Plena Noite,Crescente,Chuva,Simples,Curva,Não,3,1,0,0,1,1,0,3,-26.88225067,-49.16056258,SPRF-SC,DEL04-SC,UOP01-DEL04-SC,2020
"281911,0",2020-04-28,terça-feira,16:30:00,SC,101,"416,0",ARARANGUA,Falta de Atenção à Condução,Colisão transversal,Com Vítimas Feridas,Anoitecer,Crescente,Céu Claro,Dupla,Reta,Sim,2,0,1,0,1,0,1,2,-28.96708874,-49.52338825,SPRF-SC,DEL02-SC,UOP02-DEL02-SC,2020
"281937,0",2020-04-28,terça-feira,16:00:00,SC,282,"355,7",CAMPOS NOVOS,Condutor Dormindo,Saída de leito carroçável,Com Vítimas Fatais,Pleno dia,Crescente,Céu Claro,Simples,Curva;Declive,Não,2,1,0,0,0,1,0,2,-27.350309,-51.335823,SPRF-SC,DEL07-SC,UOP05-DEL07-SC,2020
"282008,0",2020-04-29,quarta-feira,10:55:00,SC,101,"205,7",SAO JOSE,Falta de Atenção à Condução,Colisão lateral,Com Vítimas Feridas,Pleno dia,Decrescente,Céu Claro,Dupla,Reta,Sim,2,0,1,0,1,0,1,2,-27.58313237,-48.61532885,SPRF-SC,DEL01-SC,UOP01-DEL01-SC,2020
"282083,0",2020-04-29,quarta-feira,18:20:00,SC,163,"104,0",SAO JOSE DO CEDRO,Desobediência às normas de trânsito pelo condutor,Colisão frontal,Com Vítimas Feridas,Pleno dia,Crescente,Céu Claro,Dupla,Aclive;Curva,Sim,3,0,1,1,1,0,2,2,-26.45385604,-53.51042064,SPRF-SC,DEL07-SC,UOP03-DEL07-SC,2020
"282133,0",2020-04-30,quinta-feira,08:00:00,SC,282,"344,2",CAMPOS NOVOS,Falta de Atenção à Condução,Tombamento,Sem Vítimas,Pleno dia,Crescente,Céu Claro,Simples,Rotatória,Sim,2,0,0,0,1,1,0,2,-27.381166,-51.240082,SPRF-SC,DEL07-SC,UOP06-DEL07-SC,2020
"282255,0",2020-04-30,quinta-feira,19:40:00,SC,280,"215,1",TRES BARRAS,Velocidade Incompatível,Tombamento,Com Vítimas Feridas,Plena Noite,Crescente,Céu Claro,Simples,Reta,Não,5,0,3,0,1,1,3,5,-26.18222028,-50.21677704,SPRF-SC,DEL06-SC,UOP04-DEL06-SC,2020
"282269,0",2020-05-01,sexta-feira,07:10:00,SC,153,"115,7",CONCORDIA,Velocidade Incompatível,Saída de leito carroçável,Com Vítimas Fatais,Pleno dia,Crescente,Chuva,Simples,Curva,Não,3,1,1,0,0,1,1,2,-27.347181,-51.987637,SPRF-SC,DEL07-SC,UOP04-DEL07-SC,2020
"282293,0",2020-05-01,sexta-feira,07:30:00,SC,282,"407,9",CATANDUVAS,Falta de Atenção à Condução,Colisão lateral,Com Vítimas Feridas,Pleno dia,Crescente,Chuva,Simples,Curva,Não,3,0,1,0,1,1,1,3,-27.083517,-51.662014,SPRF-SC,DEL07-SC,UOP05-DEL07-SC,2020
"282376,0",2020-05-01,sexta-feira,20:25:00,SC,158,"138,0",PALMITOS,Ingestão de Álcool,Colisão transversal,Com Vítimas Feridas,Pleno dia,Crescente,Nublado,Simples,Curva,Não,2,0,0,1,1,0,1,2,-27.103971,-53.212343,SPRF-SC,DEL07-SC,UOP02-DEL07-SC,2020
"282386,0",2020-05-01,sexta-feira,19:30:00,SC,470,"216,4",SAO CRISTOVAO DO SUL,Ingestão de álcool e/ou substâncias psicoativas pelo pedestre,Colisão frontal,Com Vítimas Feridas,Plena Noite,Decrescente,Nublado,Simples,Aclive,Não,3,0,1,0,1,1,1,3,-27.303444,-50.276501,SPRF-SC,DEL05-SC,UOP03-DEL05-SC,2020
"282698,0",2020-05-03,domingo,18:25:00,SC,470,"142,5",RIO DO SUL,Velocidade Incompatível,Colisão frontal,Com Vítimas Feridas,Plena Noite,Crescente,Céu Claro,Simples,Curva,Não,3,0,0,1,1,2,1,4,-27.21647215,-49.65356827,SPRF-SC,DEL04-SC,UOP02-DEL04-SC,2020
"282739,0",2020-05-04,segunda-feira,08:20:00,SC,280,"33,7",ARAQUARI,Desobediência às normas de trânsito pelo condutor,Colisão frontal,Com Vítimas Feridas,Pleno dia,Decrescente,Sol,Simples,Reta,Sim,3,0,2,0,1,0,2,3,-26.42576441,-48.78741376,SPRF-SC,DEL03-SC,UOP03-DEL03-SC,2020
"282794,0",2020-05-04,segunda-feira,14:00:00,SC,470,"122,8",IBIRAMA,Falta de Atenção à Condução,Colisão transversal,Com Vítimas Feridas,Pleno dia,Decrescente,Céu Claro,Simples,Curva,Não,3,0,0,1,1,1,1,3,-27.099888,-49.527679,SPRF-SC,DEL04-SC,UOP02-DEL04-SC,2020
"282818,0",2020-05-04,segunda-feira,18:25:00,SC,470,"47,2",BLUMENAU,Desobediência às normas de trânsito pelo condutor,Colisão frontal,Com Vítimas Fatais,Anoitecer,Crescente,Céu Claro,Simples,Reta,Sim,4,1,0,0,2,1,0,4,-26.86352514,-49.04808104,SPRF-SC,DEL04-SC,UOP01-DEL04-SC,2020
"282832,0",2020-05-04,segunda-feira,18:50:00,SC,282,"523,9",XAXIM,Velocidade Incompatível,Tombamento,Com Vítimas Feridas,Anoitecer,Decrescente,Céu Claro,Simples,Curva,Não,2,0,1,0,0,1,1,2,-26.963129,-52.548851,SPRF-SC,DEL07-SC,UOP01-DEL07-SC,2020
"282840,0",2020-05-04,segunda-feira,21:15:00,SC,101,"328,0",CAPIVARI DE BAIXO,Velocidade Incompatível,Colisão lateral,Sem Vítimas,Plena Noite,Crescente,Céu Claro,Dupla,Viaduto,Sim,3,0,0,0,2,2,0,4,-28.43648094,-48.95989307,SPRF-SC,DEL02-SC,UOP01-DEL02-SC,2020
"282842,0",2020-05-04,segunda-feira,21:25:00,SC,470,"56,4",BLUMENAU,Ingestão de Álcool,Colisão lateral,Sem Vítimas,Plena Noite,Crescente,Céu Claro,Simples,Reta,Sim,2,0,0,0,2,0,0,2,-26.87674,-49.127743,SPRF-SC,DEL04-SC,UOP01-DEL04-SC,2020
"282851,0",2020-05-04,segunda-feira,21:17:00,SC,282,"53,0",RANCHO QUEIMADO,Falta de Atenção do Pedestre,Tombamento,Sem Vítimas,Plena Noite,Decrescente,Céu Claro,Simples,Reta,Não,2,0,0,0,1,1,0,2,-27.691511,-48.970215,SPRF-SC,DEL01-SC,UOP03-DEL01-SC,2020
"282861,0",2020-05-05,terça-feira,03:00:00,SC,101,"12,2",GARUVA,Ingestão de Álcool,Colisão transversal,Com Vítimas Feridas,Plena Noite,Decrescente,Céu Claro,Dupla,Reta,Não,3,0,0,1,1,1,1,3,-26.08104399,-48.86175612,SPRF-SC,DEL03-SC,UOP01-DEL03-SC,2020
"282896,0",2020-05-05,terça-feira,09:20:00,SC,158,"105,0",CUNHA PORA,Velocidade Incompatível,Saída de leito carroçável,Com Vítimas Feridas,Pleno dia,Crescente,Chuva,Simples,Curva,Não,1,0,1,0,0,0,1,1,-26.86897509,-53.16247716,SPRF-SC,DEL07-SC,UOP02-DEL07-SC,2020
"282914,0",2020-05-05,terça-feira,13:20:00,SC,282,"68,6",RANCHO QUEIMADO,Velocidade Incompatível,Tombamento,Com Vítimas Feridas,Pleno dia,Crescente,Céu Claro,Simples,Declive;Curva,Não,2,0,1,0,0,1,1,2,-27.692406,-49.075939,SPRF-SC,DEL01-SC,UOP03-DEL01-SC,2020
"282924,0",2020-05-05,terça-feira,09:55:00,SC,470,"348,5",CAMPOS NOVOS,Velocidade Incompatível,Tombamento,Sem Vítimas,Pleno dia,Decrescente,Garoa/Chuvisco,Simples,Curva,Não,2,0,0,0,1,1,0,2,-27.54773801,-51.45227909,SPRF-SC,DEL07-SC,UOP06-DEL07-SC,2020
"282944,0",2020-05-05,terça-feira,17:10:00,SC,470,"147,0",RIO DO SUL,Não guardar distância de segurança,Colisão traseira,Com Vítimas Feridas,Pleno dia,Decrescente,Céu Claro,Simples,Reta,Sim,2,0,1,0,1,0,1,2,-27.24424251,-49.69108701,SPRF-SC,DEL04-SC,UOP02-DEL04-SC,2020
"282960,0",2020-05-05,terça-feira,14:34:00,SC,153,"17,0",AGUA DOCE,Não guardar distância de segurança,Colisão traseira,Com Vítimas Feridas,Pleno dia,Crescente,Nublado,Simples,Aclive,Não,3,0,1,0,2,0,1,2,-26.706577,-51.599979,SPRF-SC,DEL07-SC,UOP07-DEL07-SC,2020
"282983,0",2020-05-05,terça-feira,19:40:00,SC,282,"446,2",PONTE SERRADA,Falta de Atenção à Condução,Tombamento,Com Vítimas Feridas,Plena Noite,Decrescente,Chuva,Simples,Curva,Não,1,0,1,0,0,0,1,1,-26.91349838,-51.90525055,SPRF-SC,DEL07-SC,UOP04-DEL07-SC,2020
"282995,0",2020-05-05,terça-feira,22:40:00,SC,101,"189,2",BIGUACU,Falta de Atenção à Condução,Atropelamento de Pedestre,Com Vítimas Fatais,Plena Noite,Crescente,Céu Claro,Dupla,Reta,Não,2,1,0,0,0,1,0,2,-27.459393,-48.638914,SPRF-SC,DEL01-SC,UOP01-DEL01-SC,2020
"283028,0",2020-05-06,quarta-feira,07:40:00,SC,470,"48,0",BLUMENAU,Desobediência às normas de trânsito pelo condutor,Colisão traseira,Com Vítimas Feridas,Pleno dia,Crescente,Nublado,Dupla,Reta,Sim,2,0,1,0,1,0,1,2,-26.859823,-49.055393,SPRF-SC,DEL04-SC,UOP01-DEL04-SC,2020
"283035,0",2020-05-06,quarta-feira,08:20:00,SC,470,"175,9",POUSO REDONDO,Desobediência às normas de trânsito pelo condutor,Colisão lateral,Com Vítimas Feridas,Pleno dia,Decrescente,Nublado,Simples,Curva,Não,2,0,1,0,1,0,1,2,-27.25350591,-49.94943403,SPRF-SC,DEL04-SC,UOP02-DEL04-SC,2020
"283136,0",2020-05-06,quarta-feira,14:45:00,SC,280,"190,0",MAFRA,Velocidade Incompatível,Colisão frontal,Com Vítimas Fatais,Pleno dia,Decrescente,Garoa/Chuvisco,Simples,Curva,Não,5,1,0,1,1,3,1,5,-26.17943391,-49.97899632,SPRF-SC,DEL06-SC,UOP01-DEL06-SC,2020
"283165,0",2020-05-06,quarta-feira,21:05:00,SC,101,"113,8",ITAJAI,Falta de Atenção à Condução,Colisão lateral,Sem Vítimas,Plena Noite,Decrescente,Nublado,Dupla,Reta,Não,2,0,0,0,2,0,0,2,-26.85311393,-48.72689927,SPRF-SC,DEL04-SC,UOP04-DEL04-SC,2020
"283168,0",2020-05-06,quarta-feira,21:50:00,SC,101,"116,7",ITAJAI,Falta de Atenção à Condução,Colisão traseira,Com Vítimas Feridas,Plena Noite,Decrescente,Nublado,Dupla,Reta,Sim,2,0,0,1,1,0,1,2,-26.87905605,-48.72603512,SPRF-SC,DEL04-SC,UOP04-DEL04-SC,2020
"283211,0",2020-05-07,quinta-feira,08:30:00,SC,101,"123,1",ITAJAI,Falta de Atenção à Condução,Colisão traseira,Com Vítimas Feridas,Pleno dia,Crescente,Céu Claro,Dupla,Interseção de Vias,Sim,2,0,1,0,1,0,1,2,-26.93772986,-48.69833064,SPRF-SC,DEL04-SC,UOP04-DEL04-SC,2020
"283256,0",2020-05-07,quinta-feira,14:55:00,SC,101,"128,4",BALNEARIO CAMBORIU,Falta de Atenção à Condução,Colisão traseira,Sem Vítimas,Pleno dia,Decrescente,Céu Claro,Dupla,Reta,Não,3,0,0,0,1,2,0,3,-26.97284292,-48.68299451,SPRF-SC,DEL04-SC,UOP03-DEL04-SC,2020
"283311,0",2020-05-07,quinta-feira,16:25:00,SC,101,"128,0",BALNEARIO CAMBORIU,Falta de Atenção à Condução,Colisão lateral,Com Vítimas Feridas,Pleno dia,Crescente,Céu Claro,Dupla,Reta,Não,3,0,1,0,2,0,1,2,-26.97284292,-48.68299451,SPRF-SC,DEL04-SC,UOP03-DEL04-SC,2020
"283350,0",2020-04-10,sexta-feira,14:35:00,SC,153,"80,3",IRANI,Falta de Atenção à Condução,Colisão frontal,Com Vítimas Fatais,Pleno dia,Decrescente,Céu Claro,Simples,Reta,Não,3,1,0,0,1,1,0,3,-27.11718258,-51.91411257,SPRF-SC,DEL07-SC,UOP04-DEL07-SC,2020
"283362,0",2020-05-07,quinta-feira,21:50:00,SC,282,"254,8",SAO JOSE DO CERRITO,Desobediência às normas de trânsito pelo condutor,Colisão frontal,Com Vítimas Fatais,Plena Noite,Decrescente,Céu Claro,Simples,Rotatória;Curva,Não,3,1,0,0,2,0,0,2,-27.674065,-50.57294369,SPRF-SC,DEL05-SC,UOP02-DEL05-SC,2020
"283374,0",2020-05-08,sexta-feira,09:00:00,SC,470,"45,5",GASPAR,Falta de Atenção à Condução,Colisão lateral,Com Vítimas Fatais,Pleno dia,Crescente,Sol,Simples,Reta,Não,5,1,0,1,2,1,1,4,-26.867064,-49.031109,SPRF-SC,DEL04-SC,UOP01-DEL04-SC,2020
"283410,0",2020-05-08,sexta-feira,13:30:00,SC,470,"247,5",CURITIBANOS,Velocidade Incompatível,Tombamento,Com Vítimas Feridas,Pleno dia,Crescente,Céu Claro,Simples,Interseção de Vias,Sim,2,0,1,0,0,1,1,2,-27.3126038,-50.56185007,SPRF-SC,DEL05-SC,UOP03-DEL05-SC,2020
"283465,0",2020-05-08,sexta-feira,18:50:00,SC,101,"397,2",MARACAJA,Desobediência às normas de trânsito pelo condutor,Colisão lateral,Sem Vítimas,Plena Noite,Crescente,Céu Claro,Múltipla,Declive,Sim,3,0,0,0,2,1,0,3,-28.83036461,-49.41244828,SPRF-SC,DEL02-SC,UOP02-DEL02-SC,2020
"283499,0",2020-05-08,sexta-feira,20:40:00,SC,282,"451,0",PONTE SERRADA,Deficiência ou não Acionamento do Sistema de Iluminação/Sinalização do Veículo,Colisão traseira,Sem Vítimas,Plena Noite,Crescente,Céu Claro,Simples,Reta,Não,3,0,0,0,1,5,0,6,-26.912806,-51.962536,SPRF-SC,DEL07-SC,UOP04-DEL07-SC,2020
"283536,0",2020-05-09,sábado,05:25:00,SC,280,"99,0",SAO BENTO DO SUL,Ingestão de álcool e/ou substâncias psicoativas pelo pedestre,Tombamento,Com Vítimas Feridas,Plena Noite,Decrescente,Céu Claro,Simples,Declive;Curva,Não,2,0,1,0,0,1,1,2,-26.37531616,-49.32563746,SPRF-SC,DEL06-SC,UOP03-DEL06-SC,2020
"283576,0",2020-05-09,sábado,09:00:00,SC,282,"412,0",CATANDUVAS,Falta de Atenção à Condução,Tombamento,Com Vítimas Feridas,Pleno dia,Crescente,Céu Claro,Simples,Curva,Não,2,0,1,0,0,1,1,2,-27.055775,-51.688843,SPRF-SC,DEL07-SC,UOP05-DEL07-SC,2020
"283645,0",2020-05-09,sábado,17:30:00,SC,116,"290,1",CAPAO ALTO,Defeito Mecânico no Veículo,Colisão com objeto em movimento,Sem Vítimas,Pleno dia,Decrescente,Sol,Simples,Reta,Não,4,0,0,0,4,0,0,4,-28.1098922,-50.62088783,SPRF-SC,DEL05-SC,UOP02-DEL05-SC,2020
"283897,0",2020-05-11,segunda-feira,04:45:00,SC,101,"29,8",JOINVILLE,Velocidade Incompatível,Colisão traseira,Com Vítimas Feridas,Anoitecer,Crescente,Céu Claro,Dupla,Reta,Sim,3,0,1,0,1,3,1,5,-26.22340749,-48.91647577,SPRF-SC,DEL03-SC,UOP01-DEL03-SC,2020
"283915,0",2020-05-11,segunda-feira,07:00:00,SC,470,"325,0",CAMPOS NOVOS,Falta de Atenção à Condução,Colisão lateral,Com Vítimas Feridas,Amanhecer,Crescente,Céu Claro,Simples,Reta,Não,3,0,1,0,1,2,1,4,-27.45818271,-51.17677867,SPRF-SC,DEL07-SC,UOP06-DEL07-SC,2020
"284000,0",2020-05-11,segunda-feira,11:50:00,SC,163,"91,5",GUARACIABA,Falta de Atenção à Condução,Saída de leito carroçável,Sem Vítimas,Pleno dia,Decrescente,Céu Claro,Simples,Reta;Aclive,Não,2,0,0,0,1,2,0,3,-26.55862536,-53.51206275,SPRF-SC,DEL07-SC,UOP03-DEL07-SC,2020
"284097,0",2020-05-12,terça-feira,12:50:00,SC,280,"126,0",RIO NEGRINHO,Falta de Atenção à Condução,Colisão transversal,Com Vítimas Feridas,Pleno dia,Crescente,Sol,Simples,Reta,Sim,3,0,1,1,1,0,2,2,-26.23779604,-49.49427399,SPRF-SC,DEL06-SC,UOP03-DEL06-SC,2020
"284174,0",2020-05-12,terça-feira,19:05:00,SC,282,"503,7",XANXERE,Velocidade Incompatível,Tombamento,Com Vítimas Feridas,Plena Noite,Decrescente,Chuva,Dupla,Curva,Sim,2,0,1,0,0,1,1,2,-26.88255689,-52.40457796,SPRF-SC,DEL07-SC,UOP01-DEL07-SC,2020
"284184,0",2020-05-13,quarta-feira,02:35:00,SC,101,"450,4",SAO JOAO DO SUL,Animais na Pista,Atropelamento de Animal,Sem Vítimas,Plena Noite,Crescente,Céu Claro,Dupla,Curva,Sim,2,0,0,0,2,0,0,2,-29.17982211,-49.75464372,SPRF-SC,DEL02-SC,UOP02-DEL02-SC,2020