id,data_inversa,dia_semana,horario,uf,br,km,municipio,causa_acidente,tipo_acidente,classificacao_acidente,fase_dia,sentido_via,condicao_metereologica,tipo_pista,tracado_via,uso_solo,pessoas,mortos,feridos_leves,feridos_graves,ilesos,ignorados,feridos,veiculos,latitude,longitude,regional,delegacia,uop,ano_arquivo
"284189,0",2020-05-13,quarta-feira,06:00:00,SC,280,"104,0",SAO BENTO DO SUL,Falta de Atenção à Condução,Tombamento,Sem Vítimas,Amanhecer,Decrescente,Nublado,Simples,Declive;Reta,Não,2,0,0,0,1,1,0,2,-26.36191374,-49.35637984,SPRF-SC,DEL06-SC,UOP03-DEL06-SC,2020
"284212,0",2020-05-13,quarta-feira,08:50:00,SC,101,"211,4",SAO JOSE,Falta de Atenção à Condução,Colisão lateral,Com Vítimas Feridas,Pleno dia,Crescente,Nublado,Dupla,Reta,Sim,4,0,2,0,2,0,2,2,-27.62329313,-48.65245588,SPRF-SC,DEL01-SC,UOP02-DEL01-SC,2020
"284246,0",2020-05-13,quarta-feira,10:55:00,SC,116,"250,7",LAGES,Desobediência às normas de trânsito pelo condutor,Colisão transversal,Com Vítimas Feridas,Pleno dia,Crescente,Céu Claro,Simples,Reta,Sim,5,0,1,0,2,2,1,4,-27.83626507,-50.38045026,SPRF-SC,DEL05-SC,UOP02-DEL05-SC,2020
"284251,0",2020-05-13,quarta-feira,09:50:00,SC,282,"375,0",ERVAL VELHO,Falta de Atenção à Condução,Saída de leito carroçável,Com Vítimas Feridas,Pleno dia,Crescente,Chuva,Simples,Declive,Não,1,0,1,0,0,0,1,1,-27.228022,-51.456421,SPRF-SC,DEL07-SC,UOP05-DEL07-SC,2020
"284293,0",2020-05-13,quarta-feira,17:50:00,SC,101,"42,0",JOINVILLE,Velocidade Incompatível,Colisão com objeto estático,Com Vítimas Feridas,Plena Noite,Crescente,Chuva,Dupla,Curva,Sim,2,0,1,0,0,1,1,2,-26.29251598,-48.88474385,SPRF-SC,DEL03-SC,UOP01-DEL03-SC,2020
"284302,0",2020-05-13,quarta-feira,17:00:00,SC,282,"358,6",ERVAL VELHO,Pista Escorregadia,Colisão com objeto estático,Com Vítimas Feridas,Pleno dia,Crescente,Nublado,Simples,Curva,Não,3,0,0,2,1,0,2,2,-27.327596,-51.359662,SPRF-SC,DEL07-SC,UOP05-DEL07-SC,2020
"284322,0",2020-05-13,quarta-feira,19:20:00,SC,282,"532,4",CORDILHEIRA ALTA,Desobediência às normas de trânsito pelo condutor,Colisão frontal,Com Vítimas Feridas,Plena Noite,Crescente,Céu Claro,Simples,Aclive;Reta,Não,2,0,1,0,1,0,1,2,-26.996822,-52.615528,SPRF-SC,DEL07-SC,UOP01-DEL07-SC,2020
"284335,0",2020-05-13,quarta-feira,21:30:00,SC,101,"457,0",SAO JOAO DO SUL,Falta de Atenção à Condução,Colisão lateral,Com Vítimas Feridas,Plena Noite,Crescente,Garoa/Chuvisco,Múltipla,Reta,Não,3,0,1,0,1,1,1,3,-29.2321129,-49.7583037,SPRF-SC,DEL02-SC,UOP02-DEL02-SC,2020
"284392,0",2020-05-14,quinta-feira,12:10:00,SC,280,"44,1",GUARAMIRIM,Falta de Atenção à Condução,Colisão com objeto estático,Com Vítimas Feridas,Pleno dia,Crescente,Chuva,Simples,Ponte,Não,3,0,2,0,1,0,2,3,-26.4517722,-48.88789399,SPRF-SC,DEL03-SC,UOP03-DEL03-SC,2020
"284393,0",2020-05-14,quinta-feira,12:40:00,SC,101,"225,4",PALHOCA,Falta de Atenção à Condução,Colisão traseira,Com Vítimas Feridas,Pleno dia,Crescente,Céu Claro,Dupla,Reta,Sim,8,0,2,1,2,3,3,6,-27.73292191,-48.6409567,SPRF-SC,DEL01-SC,UOP02-DEL01-SC,2020
"284395,0",2020-05-14,quinta-feira,13:00:00,SC,470,"2,5",NAVEGANTES,Desobediência às normas de trânsito pelo condutor,Colisão lateral,Com Vítimas Feridas,Pleno dia,Crescente,Nublado,Simples,Em Obras,Não,4,0,2,0,1,1,2,3,-26.868551,-48.674831,SPRF-SC,DEL04-SC,UOP04-DEL04-SC,2020
"284444,0",2020-05-14,quinta-feira,18:40:00,SC,280,"20,3",ARAQUARI,Mal Súbito,Saída de leito carroçável,Com Vítimas Feridas,Plena Noite,Decrescente,Garoa/Chuvisco,Simples,Reta,Não,2,0,0,1,0,1,1,2,-26.36990477,-48.68224301,SPRF-SC,DEL03-SC,UOP03-DEL03-SC,2020
"284468,0",2020-05-14,quinta-feira,17:00:00,SC,480,"126,5",CHAPECO,Não guardar distância de segurança,Colisão lateral,Com Vítimas Feridas,Pleno dia,Crescente,Nublado,Dupla,Reta,Sim,2,0,1,0,1,0,1,2,-27.020083,-52.636024,SPRF-SC,DEL07-SC,UOP01-DEL07-SC,2020
"284469,0",2020-05-14,quinta-feira,19:18:00,SC,116,"63,2",PAPANDUVA,Desobediência às normas de trânsito pelo condutor,Colisão lateral,Com Vítimas Feridas,Plena Noite,Crescente,Céu Claro,Simples,Reta,Não,3,0,1,0,2,0,1,2,-26.40644298,-50.22649816,SPRF-SC,DEL06-SC,UOP02-DEL06-SC,2020
"284503,0",2020-05-14,quinta-feira,22:00:00,SC,158,"130,2",CAMPO ERE,Agressão Externa,Saída de leito carroçável,Sem Vítimas,Plena Noite,Decrescente,Céu Claro,Simples,Curva,Não,2,0,0,0,1,2,0,3,-26.41146741,-52.99724999,SPRF-SC,DEL07-SC,UOP02-DEL07-SC,2020
"284505,0",2020-05-15,sexta-feira,00:40:00,SC,282,"252,8",SAO JOSE DO CERRITO,Defeito Mecânico no Veículo,Incêndio,Sem Vítimas,Plena Noite,Decrescente,Céu Claro,Simples,Curva,Não,1,0,0,0,1,0,0,1,-27.691267,-50.561481,SPRF-SC,DEL05-SC,UOP02-DEL05-SC,2020
"284509,0",2020-05-15,sexta-feira,06:00:00,SC,101,"258,0",PAULO LOPES,Condutor Dormindo,Colisão traseira,Sem Vítimas,Pleno dia,Crescente,Céu Claro,Dupla,Túnel,Não,2,0,0,0,2,0,0,2,-28.00482282,-48.69190437,SPRF-SC,DEL02-SC,UOP03-DEL02-SC,2020
"284526,0",2020-05-15,sexta-feira,07:50:00,SC,470,"1,8",NAVEGANTES,Sinalização da via insuficiente ou inadequada,Colisão lateral,Com Vítimas Feridas,Pleno dia,Decrescente,Céu Claro,Dupla,Em Obras,Sim,3,0,0,1,1,1,1,3,-26.875383,-48.668285,SPRF-SC,DEL04-SC,UOP04-DEL04-SC,2020
"284538,0",2020-05-15,sexta-feira,07:20:00,SC,282,"461,9",PONTE SERRADA,Ultrapassagem Indevida,Colisão frontal,Com Vítimas Fatais,Pleno dia,Crescente,Céu Claro,Simples,Reta,Sim,4,1,0,0,2,1,0,4,-26.856403,-52.041328,SPRF-SC,DEL07-SC,UOP04-DEL07-SC,2020
"284541,0",2020-04-17,sexta-feira,19:25:00,SC,280,"16,9",SAO FRANCISCO DO SUL,Defeito Mecânico no Veículo,Colisão frontal,Com Vítimas Fatais,Plena Noite,Crescente,Céu Claro,Simples,Curva,Não,5,2,0,1,1,3,1,6,-26.35494938,-48.65986347,SPRF-SC,DEL03-SC,UOP03-DEL03-SC,2020
"284571,0",2020-05-15,sexta-feira,12:15:00,SC,470,"65,2",INDAIAL,Desobediência às normas de trânsito pelo condutor,Colisão traseira,Com Vítimas Feridas,Pleno dia,Crescente,Céu Claro,Simples,Reta,Sim,5,0,1,0,3,3,1,7,-26.870411,-49.211864,SPRF-SC,DEL04-SC,UOP01-DEL04-SC,2020
"284573,0",2020-05-15,sexta-feira,16:20:00,SC,470,"77,0",INDAIAL,Velocidade Incompatível,Tombamento,Com Vítimas Feridas,Pleno dia,Decrescente,Céu Claro,Simples,Curva,Não,2,0,1,0,0,1,1,2,-26.940817,-49.29287,SPRF-SC,DEL04-SC,UOP01-DEL04-SC,2020
"284577,0",2020-05-15,sexta-feira,18:00:00,SC,470,"68,8",INDAIAL,Desobediência às normas de trânsito pelo condutor,Colisão lateral,Com Vítimas Feridas,Plena Noite,Decrescente,Céu Claro,Simples,Reta;Em Obras,Não,2,0,1,0,1,0,1,2,-26.877615,-49.239231,SPRF-SC,DEL04-SC,UOP01-DEL04-SC,2020
"284599,0",2020-05-15,sexta-feira,16:30:00,SC,282,"16,5",PALHOCA,Desobediência às normas de trânsito pelo condutor,Colisão lateral,Com Vítimas Feridas,Pleno dia,Crescente,Céu Claro,Simples,Reta,Sim,3,0,2,0,1,0,2,2,-27.658611,-48.681847,SPRF-SC,DEL01-SC,UOP02-DEL01-SC,2020
"284629,0",2020-05-15,sexta-feira,00:32:00,SC,282,"369,2",ERVAL VELHO,Velocidade Incompatível,Colisão frontal,Com Vítimas Feridas,Amanhecer,Crescente,Céu Claro,Simples,Reta,Sim,3,0,0,1,1,1,1,3,-27.282064,-51.438286,SPRF-SC,DEL07-SC,UOP05-DEL07-SC,2020
"284711,0",2020-05-16,sábado,09:10:00,SC,282,"57,0",RANCHO QUEIMADO,Não guardar distância de segurança,Colisão lateral,Com Vítimas Feridas,Pleno dia,Crescente,Céu Claro,Simples,Curva,Não,2,0,0,1,1,0,1,2,-27.688864,-48.998455,SPRF-SC,DEL01-SC,UOP03-DEL01-SC,2020
"284712,0",2020-05-16,sábado,09:40:00,SC,282,"41,3",AGUAS MORNAS,Desobediência às normas de trânsito pelo condutor,Colisão transversal,Com Vítimas Feridas,Pleno dia,Decrescente,Céu Claro,Simples,Interseção de Vias,Sim,3,0,1,1,1,0,2,2,-27.715973,-48.878979,SPRF-SC,DEL01-SC,UOP03-DEL01-SC,2020
"284883,0",2020-05-17,domingo,04:20:00,SC,101,"396,9",CRICIUMA,Desobediência às normas de trânsito pelo condutor,Colisão com objeto estático,Sem Vítimas,Plena Noite,Crescente,Céu Claro,Múltipla,Aclive,Sim,2,0,0,0,1,2,0,3,-28.82459572,-49.40472033,SPRF-SC,DEL02-SC,UOP02-DEL02-SC,2020
"284998,0",2020-05-17,domingo,19:15:00,SC,282,"91,5",ALFREDO WAGNER,Falta de Atenção à Condução,Colisão transversal,Com Vítimas Feridas,Plena Noite,Crescente,Nublado,Simples,Reta,Sim,3,0,1,0,1,1,1,3,-27.690374,-49.229061,SPRF-SC,DEL01-SC,UOP03-DEL01-SC,2020
"285035,0",2020-05-18,segunda-feira,00:10:00,SC,280,"84,0",CORUPA,Velocidade Incompatível,Tombamento,Com Vítimas Feridas,Plena Noite,Decrescente,Céu Claro,Simples,Declive,Sim,4,0,1,0,1,2,1,4,-26.43589072,-49.24351466,SPRF-SC,DEL06-SC,UOP03-DEL06-SC,2020
"285045,0",2020-05-18,segunda-feira,04:10:00,SC,101,"448,0",SANTA ROSA DO SUL,Não guardar distância de segurança,Colisão traseira,Com Vítimas Feridas,Plena Noite,Crescente,Ignorado,Dupla,Declive,Sim,4,0,1,0,2,1,1,3,-29.15898991,-49.73540906,SPRF-SC,DEL02-SC,UOP02-DEL02-SC,2020
"285073,0",2020-05-18,segunda-feira,08:40:00,SC,101,"232,7",PALHOCA,Falta de Atenção à Condução,Colisão com objeto estático,Com Vítimas Feridas,Pleno dia,Crescente,Sol,Dupla,Curva,Não,2,0,1,0,0,1,1,2,-27.795666,-48.638153,SPRF-SC,DEL01-SC,UOP02-DEL01-SC,2020
"285079,0",2020-05-18,segunda-feira,09:55:00,SC,282,"74,2",AGUAS MORNAS,Desobediência às normas de trânsito pelo condutor,Colisão frontal,Com Vítimas Fatais,Pleno dia,Decrescente,Sol,Simples,Curva,Não,3,1,0,0,1,1,0,3,-27.69625825,-48.96443367,SPRF-SC,DEL01-SC,UOP03-DEL01-SC,2020
"285080,0",2020-05-18,segunda-feira,09:28:00,SC,282,"335,0",CAMPOS NOVOS,Velocidade Incompatível,Colisão frontal,Com Vítimas Feridas,Pleno dia,Decrescente,Céu Claro,Simples,Reta,Sim,3,0,1,0,1,1,1,3,-27.39486708,-51.18796349,SPRF-SC,DEL07-SC,UOP06-DEL07-SC,2020
"285092,0",2020-05-18,segunda-feira,11:00:00,SC,101,"155,0",PORTO BELO,Falta de Atenção à Condução,Colisão transversal,Com Vítimas Feridas,Pleno dia,Crescente,Céu Claro,Dupla,Aclive;Curva,Sim,2,0,1,0,1,0,1,2,-27.16292,-48.61129,SPRF-SC,DEL04-SC,UOP03-DEL04-SC,2020
"285205,0",2020-05-18,segunda-feira,21:00:00,SC,470,"271,0",BRUNOPOLIS,Falta de Atenção à Condução,Saída de leito carroçável,Sem Vítimas,Plena Noite,Decrescente,Céu Claro,Simples,Curva,Não,2,0,0,0,1,1,0,2,-27.32633011,-50.78086853,SPRF-SC,DEL07-SC,UOP06-DEL07-SC,2020
"285224,0",2020-05-19,terça-feira,06:00:00,SC,280,"257,0",CANOINHAS,Velocidade Incompatível,Tombamento,Com Vítimas Feridas,Pleno dia,Crescente,Céu Claro,Simples,Curva,Não,2,0,1,0,0,1,1,2,-26.26373765,-50.60830397,SPRF-SC,DEL06-SC,UOP04-DEL06-SC,2020
"285310,0",2020-05-19,terça-feira,16:15:00,SC,101,"357,6",SANGAO,Falta de Atenção à Condução,Saída de leito carroçável,Com Vítimas Feridas,Pleno dia,Crescente,Céu Claro,Dupla,Reta,Sim,2,0,1,0,1,0,1,2,-28.65654977,-49.10957336,SPRF-SC,DEL02-SC,UOP01-DEL02-SC,2020
"285325,0",2020-05-19,terça-feira,19:10:00,SC,280,"24,0",ARAQUARI,Falta de Atenção à Condução,Colisão transversal,Com Vítimas Feridas,Plena Noite,Decrescente,Céu Claro,Simples,Reta,Sim,3,0,0,1,2,0,1,3,-26.37724921,-48.71953282,SPRF-SC,DEL03-SC,UOP03-DEL03-SC,2020
"285516,0",2020-05-21,quinta-feira,08:40:00,SC,282,"553,0",NOVA ITABERABA,Carga excessiva e/ou mal acondicionada,Derramamento de carga,Sem Vítimas,Pleno dia,Crescente,Sol,Simples,Reta,Não,1,0,0,0,0,1,0,1,-26.93815,-52.791916,SPRF-SC,DEL07-SC,UOP01-DEL07-SC,2020
"285550,0",2020-05-21,quinta-feira,12:40:00,SC,153,"94,3",CONCORDIA,Desobediência às normas de trânsito pelo condutor,Colisão transversal,Com Vítimas Feridas,Pleno dia,Crescente,Céu Claro,Simples,Curva;Declive,Sim,2,0,1,0,1,0,1,2,-27.200716,-51.940483,SPRF-SC,DEL07-SC,UOP04-DEL07-SC,2020
"285555,0",2020-05-21,quinta-feira,08:30:00,SC,116,"131,8",SANTA CECILIA,Condutor Dormindo,Colisão frontal,Com Vítimas Fatais,Pleno dia,Crescente,Céu Claro,Simples,Aclive;Reta,Não,4,1,2,0,0,2,2,5,-26.89968986,-50.43667825,SPRF-SC,DEL06-SC,UOP02-DEL06-SC,2020
"285701,0",2020-05-22,sexta-feira,06:10:00,SC,470,"245,0",CURITIBANOS,Falta de Atenção à Condução,Colisão lateral,Com Vítimas Feridas,Amanhecer,Crescente,Chuva,Simples,Reta,Não,4,0,0,1,2,1,1,4,-27.316158,-50.524006,SPRF-SC,DEL05-SC,UOP03-DEL05-SC,2020
"285725,0",2020-05-22,sexta-feira,10:00:00,SC,470,"68,0",INDAIAL,Não guardar distância de segurança,Colisão traseira,Com Vítimas Feridas,Pleno dia,Crescente,Nublado,Simples,Reta;Declive,Sim,3,0,1,1,0,1,2,2,-26.877615,-49.239231,SPRF-SC,DEL04-SC,UOP01-DEL04-SC,2020
"285777,0",2020-05-22,sexta-feira,16:40:00,SC,101,"105,5",PENHA,Falta de Atenção à Condução,Colisão transversal,Com Vítimas Feridas,Pleno dia,Decrescente,Nublado,Dupla,Interseção de Vias,Sim,2,0,1,0,1,0,1,2,-26.80468935,-48.67926893,SPRF-SC,DEL03-SC,UOP02-DEL03-SC,2020
"285796,0",2020-05-22,sexta-feira,18:30:00,SC,280,"4,0",SAO FRANCISCO DO SUL,Falta de Atenção à Condução,Colisão transversal,Com Vítimas Feridas,Anoitecer,Crescente,Sol,Simples,Rotatória,Sim,2,0,0,1,1,0,1,2,-26.25329566,-48.61916042,SPRF-SC,DEL03-SC,UOP03-DEL03-SC,2020
"285856,0",2020-05-22,sexta-feira,19:55:00,SC,282,"599,8",CUNHA PORA,Falta de Atenção à Condução,Saída de leito carroçável,Com Vítimas Feridas,Plena Noite,Crescente,Garoa/Chuvisco,Simples,Curva,Não,1,0,1,0,0,0,1,1,-26.820206,-53.155052,SPRF-SC,DEL07-SC,UOP02-DEL07-SC,2020
"285877,0",2020-05-23,sábado,02:45:00,SC,101,"120,0",ITAJAI,Ingestão de Álcool,Colisão traseira,Com Vítimas Feridas,Plena Noite,Decrescente,Nublado,Dupla,Reta,Sim,3,0,0,1,1,1,1,3,-26.912758,-48.711998,SPRF-SC,DEL04-SC,UOP04-DEL04-SC,2020
"285931,0",2020-05-23,sábado,13:40:00,SC,101,"35,6",JOINVILLE,Falta de Atenção à Condução,Engavetamento,Com Vítimas Feridas,Pleno dia,Decrescente,Céu Claro,Dupla,Reta,Não,4,0,1,0,3,0,1,4,-26.2411301,-48.91227415,SPRF-SC,DEL03-SC,UOP01-DEL03-SC,2020
"285982,0",2020-05-23,sábado,12:30:00,SC,153,"35,0",AGUA DOCE,Falta de Atenção à Condução,Tombamento,Com Vítimas Feridas,Pleno dia,Crescente,Nublado,Simples,Curva,Não,3,0,1,0,1,1,1,2,-26.813108,-51.724167,SPRF-SC,DEL07-SC,UOP07-DEL07-SC,2020
"285992,0",2020-05-23,sábado,15:20:00,SC,116,"163,3",PONTE ALTA DO NORTE,Falta de Atenção à Condução,Colisão lateral,Com Vítimas Feridas,Pleno dia,Decrescente,Nublado,Simples,Reta,Não,4,0,0,1,1,2,1,4,-27.134404,-50.4588,SPRF-SC,DEL05-SC,UOP03-DEL05-SC,2020
"286095,0",2020-05-24,domingo,13:00:00,SC,101,"212,8",PALHOCA,Falta de Atenção à Condução,Colisão transversal,Com Vítimas Feridas,Pleno dia,Decrescente,Céu Claro,Múltipla,Reta,Sim,3,0,0,1,1,1,1,3,-27.62996929,-48.65903871,SPRF-SC,DEL01-SC,UOP02-DEL01-SC,2020
"286195,0",2020-05-24,domingo,22:00:00,SC,101,"118,4",ITAJAI,Falta de Atenção à Condução,Colisão com objeto estático,Com Vítimas Feridas,Plena Noite,Decrescente,Céu Claro,Dupla,Reta,Sim,4,0,1,0,2,1,1,3,-26.89503294,-48.71917248,SPRF-SC,DEL04-SC,UOP04-DEL04-SC,2020
"286238,0",2020-05-25,segunda-feira,07:15:00,SC,282,"130,6",BOM RETIRO,Condutor Dormindo,Colisão frontal,Com Vítimas Fatais,Amanhecer,Decrescente,Céu Claro,Simples,Reta,Não,2,1,0,0,1,0,0,2,-27.803255,-49.505241,SPRF-SC,DEL05-SC,UOP01-DEL05-SC,2020
"286352,0",2020-05-25,segunda-feira,21:10:00,SC,282,"453,0",PONTE SERRADA,Ingestão de Álcool,Colisão lateral,Sem Vítimas,Plena Noite,Crescente,Céu Claro,Simples,Aclive,Não,3,0,0,0,2,2,0,4,-26.89823,-51.976665,SPRF-SC,DEL07-SC,UOP04-DEL07-SC,2020
"286380,0",2020-05-26,terça-feira,01:45:00,SC,101,"66,5",ARAQUARI,Falta de Atenção à Condução,Colisão traseira,Com Vítimas Feridas,Plena Noite,Decrescente,Céu Claro,Dupla,Reta,Não,2,0,0,1,1,0,1,2,-26.478474,-48.73863,SPRF-SC,DEL03-SC,UOP02-DEL03-SC,2020
"286492,0",2020-05-26,terça-feira,13:50:00,SC,101,"15,3",GARUVA,Velocidade Incompatível,Incêndio,Sem Vítimas,Pleno dia,Crescente,Céu Claro,Dupla,Reta,Não,2,0,0,0,1,1,0,2,-26.10609917,-48.87224159,SPRF-SC,DEL03-SC,UOP01-DEL03-SC,2020
"286574,0",2020-05-26,terça-feira,23:20:00,SC,158,"138,4",PALMITOS,Ingestão de Álcool,Colisão com objeto estático,Sem Vítimas,Plena Noite,Crescente,Céu Claro,Simples,Reta;Aclive,Não,2,0,0,0,1,2,0,3,-27.10031692,-53.21378231,SPRF-SC,DEL07-SC,UOP02-DEL07-SC,2020
"286582,0",2020-05-27,quarta-feira,05:30:00,SC,101,"7,0",GARUVA,Falta de Atenção à Condução,Colisão traseira,Com Vítimas Feridas,Amanhecer,Crescente,Céu Claro,Dupla,Reta,Não,3,0,1,0,1,1,1,3,-26.03593,-48.860302,SPRF-SC,DEL03-SC,UOP01-DEL03-SC,2020
"286649,0",2020-05-27,quarta-feira,14:30:00,SC,282,"554,0",NOVA ITABERABA,Sinalização da via insuficiente ou inadequada,Engavetamento,Sem Vítimas,Pleno dia,Crescente,Céu Claro,Simples,Em Obras,Não,3,0,0,0,3,0,0,3,-26.936268,-52.800812,SPRF-SC,DEL07-SC,UOP01-DEL07-SC,2020
"286745,0",2020-05-28,quinta-feira,05:40:00,SC,101,"308,0",LAGUNA,Condutor Dormindo,Saída de leito carroçável,Sem Vítimas,Amanhecer,Decrescente,Céu Claro,Múltipla,Reta,Não,1,0,0,0,1,0,0,1,-28.399616,-48.7854,SPRF-SC,DEL02-SC,UOP01-DEL02-SC,2020
"286791,0",2020-05-28,quinta-feira,08:15:00,SC,282,"529,1",CORDILHEIRA ALTA,Falta de Atenção à Condução,Colisão transversal,Com Vítimas Feridas,Pleno dia,Decrescente,Nevoeiro/Neblina,Simples,Interseção de Vias,Sim,3,0,2,0,0,3,2,5,-26.98243484,-52.59788275,SPRF-SC,DEL07-SC,UOP01-DEL07-SC,2020
"286798,0",2020-05-28,quinta-feira,11:58:00,SC,101,"114,2",ITAJAI,Falta de Atenção à Condução,Colisão traseira,Sem Vítimas,Pleno dia,Decrescente,Céu Claro,Múltipla,Reta,Sim,5,0,0,0,5,0,0,3,-26.86210338,-48.72841001,SPRF-SC,DEL04-SC,UOP04-DEL04-SC,2020
"286807,0",2020-05-28,quinta-feira,11:00:00,SC,280,"239,9",CANOINHAS,Defeito Mecânico no Veículo,Tombamento,Com Vítimas Feridas,Pleno dia,Crescente,Céu Claro,Simples,Reta,Não,2,0,1,0,0,1,1,2,-26.20971113,-50.44782084,SPRF-SC,DEL06-SC,UOP04-DEL06-SC,2020
"286858,0",2020-05-28,quinta-feira,18:10:00,SC,101,"206,9",SAO JOSE,Não guardar distância de segurança,Colisão lateral,Com Vítimas Feridas,Plena Noite,Decrescente,Céu Claro,Múltipla,Reta,Não,4,0,2,0,1,3,2,6,-27.59193546,-48.61824557,SPRF-SC,DEL01-SC,UOP01-DEL01-SC,2020
"286901,0",2020-05-28,quinta-feira,22:00:00,SC,470,"194,1",POUSO REDONDO,Falta de Atenção à Condução,Colisão lateral,Com Vítimas Feridas,Plena Noite,Decrescente,Céu Claro,Simples,Curva,Não,6,0,5,0,1,0,5,2,-27.300501,-50.080284,SPRF-SC,DEL04-SC,UOP02-DEL04-SC,2020
"286912,0",2020-05-29,sexta-feira,00:15:00,SC,282,"440,9",PONTE SERRADA,Defeito Mecânico no Veículo,Incêndio,Sem Vítimas,Plena Noite,Decrescente,Nevoeiro/Neblina,Simples,Reta,Não,2,0,0,0,1,1,0,2,-26.937757,-51.868366,SPRF-SC,DEL07-SC,UOP04-DEL07-SC,2020
"286913,0",2020-05-29,sexta-feira,04:10:00,SC,470,"20,0",ILHOTA,Restrição de Visibilidade,Saída de leito carroçável,Com Vítimas Feridas,Plena Noite,Crescente,Nevoeiro/Neblina,Simples,Desvio Temporário,Não,3,0,1,0,1,1,1,2,-26.870115,-48.820484,SPRF-SC,DEL04-SC,UOP04-DEL04-SC,2020
"286978,0",2020-05-29,sexta-feira,13:35:00,SC,101,"136,5",BALNEARIO CAMBORIU,Não guardar distância de segurança,Colisão traseira,Com Vítimas Feridas,Pleno dia,Decrescente,Céu Claro,Dupla,Reta,Sim,4,0,1,1,1,1,2,4,-27.008113,-48.617245,SPRF-SC,DEL04-SC,UOP03-DEL04-SC,2020
"287069,0",2020-05-29,sexta-feira,19:45:00,SC,101,"357,0",SANGAO,Defeito Mecânico no Veículo,Saída de leito carroçável,Com Vítimas Feridas,Plena Noite,Crescente,Céu Claro,Simples,Curva,Não,2,0,1,0,0,1,1,2,-28.6438957,-49.10030365,SPRF-SC,DEL02-SC,UOP01-DEL02-SC,2020
"287137,0",2020-05-30,sábado,11:19:00,SC,101,"121,0",ITAJAI,Não guardar distância de segurança,Colisão traseira,Com Vítimas Feridas,Pleno dia,Crescente,Céu Claro,Múltipla,Reta,Sim,3,0,0,1,1,1,1,3,-26.92103178,-48.70856446,SPRF-SC,DEL04-SC,UOP04-DEL04-SC,2020
"287314,0",2020-05-31,domingo,04:13:00,SC,116,"105,8",SANTA CECILIA,Velocidade Incompatível,Saída de leito carroçável,Com Vítimas Feridas,Plena Noite,Decrescente,Ignorado,Simples,Declive;Curva,Não,1,0,0,1,0,0,1,1,-26.75095005,-50.31749478,SPRF-SC,DEL06-SC,UOP02-DEL06-SC,2020
"287521,0",2020-06-01,segunda-feira,05:25:00,SC,282,"180,3",BOCAINA DO SUL,Animais na Pista,Atropelamento de Animal,Sem Vítimas,Plena Noite,Crescente,Garoa/Chuvisco,Simples,Reta,Sim,1,0,0,0,1,0,0,1,-27.742239,-49.939873,SPRF-SC,DEL05-SC,UOP01-DEL05-SC,2020
"287567,0",2020-06-01,segunda-feira,12:30:00,SC,280,"99,0",SAO BENTO DO SUL,Falta de Atenção à Condução,Colisão lateral,Com Vítimas Feridas,Pleno dia,Crescente,Nublado,Simples,Curva,Não,3,0,0,1,2,0,1,2,-26.37531616,-49.32563746,SPRF-SC,DEL06-SC,UOP03-DEL06-SC,2020
"287704,0",2020-06-02,terça-feira,08:50:00,SC,101,"290,7",IMBITUBA,Desobediência às normas de trânsito pelo condutor,Colisão lateral,Com Vítimas Feridas,Pleno dia,Decrescente,Céu Claro,Dupla,Curva,Sim,3,0,1,1,1,0,2,2,-28.287406,-48.705507,SPRF-SC,DEL02-SC,UOP03-DEL02-SC,2020
"287740,0",2020-06-02,terça-feira,11:30:00,SC,470,"139,6",RIO DO SUL,Desobediência às normas de trânsito pelo condutor,Colisão transversal,Com Vítimas Feridas,Pleno dia,Crescente,Céu Claro,Simples,Interseção de Vias,Sim,2,0,1,0,1,0,1,2,-27.217564,-49.65461,SPRF-SC,DEL04-SC,UOP02-DEL04-SC,2020
"287748,0",2020-06-02,terça-feira,13:00:00,SC,101,"49,0",JOINVILLE,Defeito Mecânico no Veículo,Colisão com objeto estático,Com Vítimas Feridas,Pleno dia,Crescente,Garoa/Chuvisco,Dupla,Curva,Não,4,0,1,0,2,1,1,4,-26.36479799,-48.85878798,SPRF-SC,DEL03-SC,UOP01-DEL03-SC,2020
"287880,0",2020-06-03,quarta-feira,08:05:00,SC,101,"204,7",SAO JOSE,Não guardar distância de segurança,Engavetamento,Com Vítimas Feridas,Pleno dia,Crescente,Céu Claro,Múltipla,Reta,Não,4,0,1,0,3,0,1,4,-27.57413014,-48.61363083,SPRF-SC,DEL01-SC,UOP01-DEL01-SC,2020
"287905,0",2020-06-03,quarta-feira,10:25:00,SC,470,"54,8",BLUMENAU,Não guardar distância de segurança,Engavetamento,Com Vítimas Feridas,Pleno dia,Decrescente,Nublado,Simples,Rotatória,Sim,4,0,1,0,2,1,1,4,-26.871065,-49.110374,SPRF-SC,DEL04-SC,UOP01-DEL04-SC,2020
"287979,0",2020-06-03,quarta-feira,16:15:00,SC,280,"131,0",RIO NEGRINHO,Carga excessiva e/ou mal acondicionada,Danos eventuais,Sem Vítimas,Pleno dia,Crescente,Chuva,Simples,Rotatória,Sim,2,0,0,0,1,1,0,2,-26.24544574,-49.52166796,SPRF-SC,DEL06-SC,UOP03-DEL06-SC,2020
"288015,0",2020-06-03,quarta-feira,16:15:00,SC,116,"220,5",CORREIA PINTO,Falta de Atenção à Condução,Colisão transversal,Com Vítimas Feridas,Pleno dia,Crescente,Céu Claro,Simples,Rotatória,Não,2,0,1,0,1,0,1,2,-27.59083821,-50.36252975,SPRF-SC,DEL05-SC,UOP03-DEL05-SC,2020