id,data_inversa,dia_semana,horario,uf,br,km,municipio,causa_acidente,tipo_acidente,classificacao_acidente,fase_dia,sentido_via,condicao_metereologica,tipo_pista,tracado_via,uso_solo,pessoas,mortos,feridos_leves,feridos_graves,ilesos,ignorados,feridos,veiculos,latitude,longitude,regional,delegacia,uop,ano_arquivo
"293996,0",2020-07-07,terça-feira,01:50:00,SC,101,"157,0",PORTO BELO,Condutor Dormindo,Colisão com objeto estático,Com Vítimas Feridas,Plena Noite,Crescente,Chuva,Dupla,Reta,Sim,1,0,1,0,0,0,1,1,-27.181625,-48.6121179,SPRF-SC,DEL04-SC,UOP03-DEL04-SC,2020
"293997,0",2020-07-07,terça-feira,06:00:00,SC,101,"84,0",BARRA VELHA,Falta de Atenção à Condução,Colisão traseira,Com Vítimas Feridas,Plena Noite,Decrescente,Chuva,Dupla,Reta,Não,4,0,1,0,2,1,1,3,-26.62404682,-48.71394986,SPRF-SC,DEL03-SC,UOP02-DEL03-SC,2020
"294064,0",2020-06-29,segunda-feira,13:20:00,SC,282,"476,0",VARGEAO,Falta de Atenção à Condução,Colisão traseira,Sem Vítimas,Pleno dia,Decrescente,Nublado,Simples,Reta,Não,4,0,0,0,3,1,0,4,-26.87510984,-52.15670228,SPRF-SC,DEL07-SC,UOP01-DEL07-SC,2020
"294107,0",2020-07-07,terça-feira,14:00:00,SC,158,"102,7",CUNHA PORA,Falta de Atenção à Condução,Saída de leito carroçável,Com Vítimas Feridas,Pleno dia,Decrescente,Nublado,Simples,Curva,Não,2,0,1,0,0,2,1,3,-26.84425606,-53.17106511,SPRF-SC,DEL07-SC,UOP02-DEL07-SC,2020
"294137,0",2020-07-07,terça-feira,22:00:00,SC,280,"23,0",ARAQUARI,Falta de Atenção à Condução,Colisão transversal,Com Vítimas Feridas,Plena Noite,Decrescente,Nublado,Simples,Reta,Sim,3,0,1,0,1,1,1,3,-26.37146,-48.711887,SPRF-SC,DEL03-SC,UOP03-DEL03-SC,2020
"294157,0",2020-07-08,quarta-feira,03:50:00,SC,101,"216,9",PALHOCA,Falta de Atenção à Condução,Saída de leito carroçável,Sem Vítimas,Plena Noite,Crescente,Nublado,Múltipla,Reta,Sim,1,0,0,0,0,1,0,1,-27.65981409,-48.67747798,SPRF-SC,DEL01-SC,UOP02-DEL01-SC,2020
"294161,0",2020-07-07,terça-feira,00:16:00,SC,470,"351,0",CAMPOS NOVOS,Defeito Mecânico no Veículo,Incêndio,Sem Vítimas,Plena Noite,Crescente,Chuva,Simples,Curva;Declive,Não,1,0,0,0,1,0,0,1,-27.568354,-51.455971,SPRF-SC,DEL07-SC,UOP06-DEL07-SC,2020
"294464,0",2020-07-09,quinta-feira,15:45:00,SC,470,"120,9",IBIRAMA,Velocidade Incompatível,Colisão lateral,Com Vítimas Feridas,Pleno dia,Decrescente,Nublado,Simples,Curva,Não,3,0,2,0,0,1,2,3,-27.089924,-49.520416,SPRF-SC,DEL04-SC,UOP02-DEL04-SC,2020
"294547,0",2020-07-10,sexta-feira,11:10:00,SC,101,"340,0",TUBARAO,Falta de Atenção à Condução,Colisão traseira,Com Vítimas Feridas,Pleno dia,Crescente,Céu Claro,Múltipla,Reta,Sim,2,0,1,0,1,0,1,2,-28.501444,-49.04690399,SPRF-SC,DEL02-SC,UOP01-DEL02-SC,2020
"294580,0",2020-07-10,sexta-feira,14:40:00,SC,280,"27,7",ARAQUARI,Não guardar distância de segurança,Colisão traseira,Com Vítimas Feridas,Pleno dia,Crescente,Sol,Simples,Reta,Sim,4,0,1,0,2,4,1,6,-26.39685622,-48.74021969,SPRF-SC,DEL03-SC,UOP03-DEL03-SC,2020
"294588,0",2020-07-10,sexta-feira,12:40:00,SC,470,"89,9",ASCURRA,Falta de Atenção à Condução,Colisão traseira,Com Vítimas Feridas,Pleno dia,Decrescente,Céu Claro,Simples,Reta,Sim,2,0,0,1,1,0,1,2,-26.961573,-49.371918,SPRF-SC,DEL04-SC,UOP01-DEL04-SC,2020
"294705,0",2020-07-10,sexta-feira,22:50:00,SC,470,"258,1",CURITIBANOS,Objeto estático sobre o leito carroçável,Colisão com objeto estático,Com Vítimas Feridas,Plena Noite,Decrescente,Nublado,Simples,Reta,Não,4,0,3,0,1,0,3,2,-27.307161,-50.651653,SPRF-SC,DEL05-SC,UOP03-DEL05-SC,2020
"294739,0",2020-07-11,sábado,06:00:00,SC,280,"90,9",CORUPA,Velocidade Incompatível,Tombamento,Com Vítimas Feridas,Amanhecer,Decrescente,Céu Claro,Simples,Curva;Declive,Não,2,0,2,0,0,0,2,1,-26.407423,-49.283504,SPRF-SC,DEL06-SC,UOP03-DEL06-SC,2020
"294758,0",2020-07-11,sábado,07:35:00,SC,116,"306,1",CAPAO ALTO,Velocidade Incompatível,Colisão com objeto estático,Com Vítimas Feridas,Amanhecer,Crescente,Garoa/Chuvisco,Simples,Curva,Não,2,0,1,0,0,1,1,2,-28.19768589,-50.73234801,SPRF-SC,DEL05-SC,UOP02-DEL05-SC,2020
"295036,0",2020-07-12,domingo,16:00:00,SC,470,"37,5",GASPAR,Falta de Atenção do Pedestre,Atropelamento de Pedestre,Com Vítimas Fatais,Pleno dia,Decrescente,Céu Claro,Dupla,Reta;Em Obras,Sim,4,1,0,0,1,2,0,3,-26.912727,-48.978043,SPRF-SC,DEL04-SC,UOP01-DEL04-SC,2020
"295119,0",2020-07-12,domingo,20:20:00,SC,282,"245,0",SAO JOSE DO CERRITO,Velocidade Incompatível,Tombamento,Sem Vítimas,Plena Noite,Crescente,Céu Claro,Simples,Curva,Não,2,0,0,0,1,1,0,2,-27.729763,-50.52121,SPRF-SC,DEL05-SC,UOP02-DEL05-SC,2020
"295204,0",2020-01-07,terça-feira,07:15:00,SC,280,"221,1",TRES BARRAS,Velocidade Incompatível,Tombamento,Sem Vítimas,Pleno dia,Decrescente,Sol,Simples,Interseção de Vias,Não,2,0,0,0,1,1,0,2,-26.1727133,-50.2712059,SPRF-SC,DEL06-SC,UOP04-DEL06-SC,2020
"295268,0",2020-07-13,segunda-feira,17:50:00,SC,470,"170,1",POUSO REDONDO,Desobediência às normas de trânsito pelo condutor,Colisão transversal,Com Vítimas Feridas,Plena Noite,Decrescente,Nublado,Simples,Reta,Não,2,0,1,0,1,0,1,2,-27.265903,-49.892441,SPRF-SC,DEL04-SC,UOP02-DEL04-SC,2020
"295294,0",2020-07-13,segunda-feira,18:30:00,SC,282,"531,5",CORDILHEIRA ALTA,Desobediência às normas de trânsito pelo condutor,Colisão traseira,Com Vítimas Feridas,Plena Noite,Crescente,Chuva,Simples,Reta,Sim,3,0,2,0,1,0,2,2,-26.990747,-52.609776,SPRF-SC,DEL07-SC,UOP01-DEL07-SC,2020
"295298,0",2020-06-25,quinta-feira,13:00:00,SC,116,"107,5",MONTE CASTELO,Velocidade Incompatível,Tombamento,Sem Vítimas,Pleno dia,Crescente,Garoa/Chuvisco,Simples,Declive,Não,2,0,0,0,1,2,0,3,-26.75568818,-50.32812388,SPRF-SC,DEL06-SC,UOP02-DEL06-SC,2020
"295426,0",2020-07-14,terça-feira,16:49:00,SC,282,"523,9",XAXIM,Falta de Atenção à Condução,Tombamento,Com Vítimas Feridas,Pleno dia,Decrescente,Sol,Simples,Curva,Não,2,0,0,1,0,1,1,2,-26.963129,-52.548851,SPRF-SC,DEL07-SC,UOP01-DEL07-SC,2020
"295448,0",2020-07-14,terça-feira,20:10:00,SC,282,"17,0",PALHOCA,Falta de Atenção à Condução,Colisão lateral,Com Vítimas Feridas,Plena Noite,Crescente,Céu Claro,Simples,Reta,Sim,2,0,1,0,1,0,1,2,-27.665707,-48.688065,SPRF-SC,DEL01-SC,UOP02-DEL01-SC,2020
"295449,0",2020-07-14,terça-feira,18:30:00,SC,101,"436,7",SOMBRIO,Não guardar distância de segurança,Colisão com objeto estático,Com Vítimas Feridas,Anoitecer,Crescente,Céu Claro,Múltipla,Curva,Sim,5,0,2,0,1,2,2,4,-29.12087162,-49.64252125,SPRF-SC,DEL02-SC,UOP02-DEL02-SC,2020
"295464,0",2020-07-14,terça-feira,19:40:00,SC,116,"4,5",MAFRA,Desobediência às normas de trânsito pelo condutor,Colisão lateral,Com Vítimas Feridas,Plena Noite,Decrescente,Céu Claro,Simples,Interseção de Vias,Sim,4,0,1,0,2,1,1,4,-26.13554917,-49.8072652,SPRF-SC,DEL06-SC,UOP01-DEL06-SC,2020
"295579,0",2020-07-15,quarta-feira,14:00:00,SC,282,"46,0",AGUAS MORNAS,Falta de Atenção à Condução,Colisão lateral,Com Vítimas Feridas,Pleno dia,Crescente,Céu Claro,Simples,Curva,Não,3,0,1,1,1,0,2,2,-27.721041,-48.925152,SPRF-SC,DEL01-SC,UOP03-DEL01-SC,2020
"295633,0",2020-07-15,quarta-feira,23:50:00,SC,470,"50,0",BLUMENAU,Não guardar distância de segurança,Colisão traseira,Sem Vítimas,Plena Noite,Crescente,Chuva,Dupla,Reta,Sim,4,0,0,0,2,2,0,4,-26.859768,-49.074493,SPRF-SC,DEL04-SC,UOP01-DEL04-SC,2020
"295658,0",2020-06-05,sexta-feira,14:45:00,SC,101,"115,5",ITAJAI,Falta de Atenção à Condução,Colisão traseira,Com Vítimas Feridas,Pleno dia,Decrescente,Nublado,Múltipla,Reta,Não,3,0,1,0,1,1,1,2,-26.87568404,-48.72724056,SPRF-SC,DEL04-SC,UOP04-DEL04-SC,2020
"295685,0",2020-07-16,quinta-feira,10:50:00,SC,101,"126,9",ITAJAI,Defeito Mecânico no Veículo,Saída de leito carroçável,Com Vítimas Feridas,Pleno dia,Decrescente,Nublado,Dupla,Curva,Não,1,0,1,0,0,0,1,1,-26.95564404,-48.67978366,SPRF-SC,DEL04-SC,UOP04-DEL04-SC,2020
"295689,0",2020-07-16,quinta-feira,10:50:00,SC,101,"227,2",PALHOCA,Carga excessiva e/ou mal acondicionada,Colisão com objeto em movimento,Com Vítimas Feridas,Pleno dia,Crescente,Céu Claro,Múltipla,Reta,Não,4,0,1,0,2,1,1,3,-27.7547599,-48.63299847,SPRF-SC,DEL01-SC,UOP02-DEL01-SC,2020
"295702,0",2020-07-16,quinta-feira,11:26:00,SC,163,"87,1",GUARACIABA,Falta de Atenção à Condução,Colisão frontal,Com Vítimas Feridas,Pleno dia,Crescente,Sol,Simples,Reta,Não,3,0,0,1,1,1,1,3,-26.59023103,-53.51574204,SPRF-SC,DEL07-SC,UOP03-DEL07-SC,2020
"295752,0",2020-07-16,quinta-feira,19:40:00,SC,282,"512,2",XANXERE,Falta de Atenção à Condução,Saída de leito carroçável,Com Vítimas Feridas,Plena Noite,Decrescente,Chuva,Dupla,Reta,Não,2,0,1,0,0,1,1,2,-26.910799,-52.472099,SPRF-SC,DEL07-SC,UOP01-DEL07-SC,2020
"295754,0",2020-07-16,quinta-feira,19:55:00,SC,470,"31,9",GASPAR,Desobediência às normas de trânsito pelo condutor,Colisão transversal,Com Vítimas Feridas,Plena Noite,Decrescente,Nublado,Dupla,Reta,Não,2,0,1,0,1,0,1,2,-26.897331,-48.923069,SPRF-SC,DEL04-SC,UOP01-DEL04-SC,2020
"295868,0",2020-07-17,sexta-feira,13:30:00,SC,470,"54,5",BLUMENAU,Falta de Atenção à Condução,Colisão transversal,Com Vítimas Feridas,Pleno dia,Crescente,Sol,Simples,Interseção de Vias,Sim,2,0,1,0,1,0,1,2,-26.871065,-49.110374,SPRF-SC,DEL04-SC,UOP01-DEL04-SC,2020
"295871,0",2020-07-17,sexta-feira,13:30:00,SC,280,"52,3",GUARAMIRIM,Falta de Atenção à Condução,Colisão transversal,Sem Vítimas,Pleno dia,Decrescente,Céu Claro,Simples,Interseção de Vias,Sim,2,0,0,0,2,0,0,2,-26.471275,-48.971188,SPRF-SC,DEL03-SC,UOP03-DEL03-SC,2020
"295902,0",2020-07-17,sexta-feira,09:10:00,SC,282,"344,1",CAMPOS NOVOS,Velocidade Incompatível,Tombamento,Com Vítimas Feridas,Pleno dia,Crescente,Nublado,Simples,Curva,Sim,3,0,2,0,0,2,2,3,-27.381166,-51.240082,SPRF-SC,DEL07-SC,UOP06-DEL07-SC,2020
"295933,0",2020-06-03,quarta-feira,09:20:00,SC,101,"123,0",ITAJAI,Falta de Atenção do Pedestre,Atropelamento de Pedestre,Com Vítimas Fatais,Pleno dia,Crescente,Nublado,Simples,Curva,Sim,2,1,0,0,0,1,0,2,-26.93750619,-48.69860248,SPRF-SC,DEL04-SC,UOP04-DEL04-SC,2020
"295999,0",2020-07-17,sexta-feira,19:35:00,SC,282,"520,0",XAXIM,Falta de Atenção à Condução,Colisão frontal,Com Vítimas Fatais,Plena Noite,Crescente,Céu Claro,Simples,Curva,Não,2,1,0,0,1,0,0,2,-26.94893783,-52.5275445,SPRF-SC,DEL07-SC,UOP01-DEL07-SC,2020
"296027,0",2020-07-17,sexta-feira,21:40:00,SC,282,"381,0",HERVAL DOESTE,Desobediência às normas de trânsito pelo condutor,Colisão frontal,Com Vítimas Feridas,Plena Noite,Decrescente,Céu Claro,Simples,Reta;Declive,Não,2,0,0,1,1,0,1,2,-27.204979,-51.501442,SPRF-SC,DEL07-SC,UOP05-DEL07-SC,2020
"296048,0",2020-07-18,sábado,02:00:00,SC,101,"276,0",IMBITUBA,Ingestão de Álcool,Colisão traseira,Com Vítimas Feridas,Plena Noite,Decrescente,Nublado,Dupla,Reta,Não,4,0,1,0,2,1,1,3,-28.14644701,-48.69204746,SPRF-SC,DEL02-SC,UOP03-DEL02-SC,2020
"296060,0",2020-07-18,sábado,05:55:00,SC,282,"511,1",XANXERE,Condutor Dormindo,Colisão lateral,Sem Vítimas,Amanhecer,Crescente,Céu Claro,Simples,Curva,Não,3,0,0,0,3,0,0,3,-26.905405,-52.464199,SPRF-SC,DEL07-SC,UOP01-DEL07-SC,2020
"296246,0",2020-07-19,domingo,00:20:00,SC,470,"274,6",BRUNOPOLIS,Desobediência às normas de trânsito pelo condutor,Colisão frontal,Com Vítimas Fatais,Plena Noite,Crescente,Nublado,Simples,Reta,Não,3,1,0,0,1,1,0,3,-27.32985241,-50.81606096,SPRF-SC,DEL07-SC,UOP06-DEL07-SC,2020
"296287,0",2020-07-19,domingo,07:00:00,SC,101,"56,5",ARAQUARI,Falta de Atenção à Condução,Colisão traseira,Com Vítimas Feridas,Pleno dia,Crescente,Céu Claro,Dupla,Reta,Sim,3,0,0,1,1,1,1,3,-26.43660805,-48.81083965,SPRF-SC,DEL03-SC,UOP01-DEL03-SC,2020
"296448,0",2020-07-20,segunda-feira,00:05:00,SC,101,"350,5",JAGUARUNA,Ingestão de Álcool,Colisão frontal,Com Vítimas Feridas,Plena Noite,Decrescente,Céu Claro,Dupla,Reta;Viaduto,Sim,5,0,2,1,1,2,3,4,-28.60018788,-49.05159473,SPRF-SC,DEL02-SC,UOP01-DEL02-SC,2020
"296518,0",2020-07-20,segunda-feira,08:40:00,SC,101,"413,1",ARARANGUA,Desobediência às normas de trânsito pelo condutor,Derramamento de carga,Sem Vítimas,Pleno dia,Decrescente,Céu Claro,Simples,Rotatória,Sim,1,0,0,0,1,0,0,1,-28.94605997,-49.50428402,SPRF-SC,DEL02-SC,UOP02-DEL02-SC,2020
"296607,0",2020-07-20,segunda-feira,17:00:00,SC,280,"86,6",CORUPA,Restrição de Visibilidade,Colisão traseira,Com Vítimas Feridas,Pleno dia,Crescente,Sol,Dupla,Reta,Não,3,0,1,0,1,2,1,4,-26.42267896,-49.25298059,SPRF-SC,DEL06-SC,UOP03-DEL06-SC,2020
"296651,0",2020-07-21,terça-feira,07:00:00,SC,153,"102,1",CONCORDIA,Desobediência às normas de trânsito pelo condutor,Saída de leito carroçável,Com Vítimas Feridas,Amanhecer,Crescente,Céu Claro,Simples,Curva;Declive,Não,3,0,0,1,1,1,1,3,-27.260303,-51.953976,SPRF-SC,DEL07-SC,UOP04-DEL07-SC,2020
"296707,0",2020-07-21,terça-feira,11:40:00,SC,282,"604,6",MARAVILHA,Falta de Atenção à Condução,Colisão transversal,Com Vítimas Feridas,Pleno dia,Decrescente,Céu Claro,Simples,Reta,Não,2,0,1,0,1,0,1,2,-26.795523,-53.192974,SPRF-SC,DEL07-SC,UOP02-DEL07-SC,2020
"296717,0",2020-07-21,terça-feira,11:40:00,SC,282,"604,8",MARAVILHA,Não guardar distância de segurança,Colisão lateral,Sem Vítimas,Pleno dia,Decrescente,Céu Claro,Simples,Reta,Não,4,0,0,0,3,2,0,5,-26.790701,-53.195025,SPRF-SC,DEL07-SC,UOP02-DEL07-SC,2020
"296747,0",2020-07-21,terça-feira,18:40:00,SC,280,"160,5",MAFRA,Avarias e/ou desgaste excessivo no pneu,Saída de leito carroçável,Com Vítimas Fatais,Plena Noite,Decrescente,Céu Claro,Simples,Declive;Reta,Não,1,1,0,0,0,0,0,1,-26.203024,-49.769434,SPRF-SC,DEL06-SC,UOP03-DEL06-SC,2020
"296787,0",2020-07-21,terça-feira,19:15:00,SC,116,"107,8",MONTE CASTELO,Pista Escorregadia,Colisão frontal,Com Vítimas Feridas,Plena Noite,Decrescente,Céu Claro,Simples,Curva,Não,4,0,3,0,1,0,3,2,-26.75568818,-50.32812388,SPRF-SC,DEL06-SC,UOP02-DEL06-SC,2020
"296788,0",2020-07-21,terça-feira,21:50:00,SC,470,"128,5",LONTRAS,Não guardar distância de segurança,Colisão traseira,Com Vítimas Feridas,Plena Noite,Decrescente,Nublado,Simples,Curva,Não,3,0,1,0,1,1,1,3,-27.1472594,-49.55379009,SPRF-SC,DEL04-SC,UOP02-DEL04-SC,2020
"296863,0",2020-07-22,quarta-feira,10:40:00,SC,101,"38,5",JOINVILLE,Desobediência às normas de trânsito pelo condutor,Colisão transversal,Com Vítimas Feridas,Pleno dia,Decrescente,Céu Claro,Simples,Rotatória,Sim,2,0,0,1,1,0,1,2,-26.29667137,-48.8836509,SPRF-SC,DEL03-SC,UOP01-DEL03-SC,2020
"296902,0",2020-07-22,quarta-feira,16:55:00,SC,101,"94,9",BARRA VELHA,Não guardar distância de segurança,Colisão com objeto estático,Com Vítimas Feridas,Pleno dia,Decrescente,Céu Claro,Dupla,Reta,Não,2,0,1,0,1,0,1,2,-26.70881341,-48.70204926,SPRF-SC,DEL03-SC,UOP02-DEL03-SC,2020
"296949,0",2020-07-22,quarta-feira,20:00:00,SC,116,"143,8",SANTA CECILIA,Carga excessiva e/ou mal acondicionada,Tombamento,Sem Vítimas,Plena Noite,Crescente,Ignorado,Simples,Curva,Não,2,0,0,0,1,2,0,3,-26.99398389,-50.39844506,SPRF-SC,DEL06-SC,UOP02-DEL06-SC,2020
"296953,0",2020-07-22,quarta-feira,23:45:00,SC,470,"191,9",POUSO REDONDO,Defeito Mecânico no Veículo,Colisão frontal,Com Vítimas Fatais,Plena Noite,Decrescente,Céu Claro,Simples,Curva,Não,5,1,2,0,0,2,2,4,-27.29331828,-50.07876277,SPRF-SC,DEL04-SC,UOP02-DEL04-SC,2020
"296968,0",2020-07-23,quinta-feira,03:00:00,SC,470,"194,9",POUSO REDONDO,Condutor Dormindo,Saída de leito carroçável,Sem Vítimas,Plena Noite,Decrescente,Céu Claro,Simples,Reta,Não,1,0,0,0,1,0,0,1,-27.300501,-50.080284,SPRF-SC,DEL04-SC,UOP02-DEL04-SC,2020
"296977,0",2020-07-23,quinta-feira,04:10:00,SC,153,"24,0",AGUA DOCE,Defeito Mecânico no Veículo,Incêndio,Sem Vítimas,Plena Noite,Decrescente,Céu Claro,Simples,Reta,Não,1,0,0,0,1,0,0,1,-26.743023,-51.656918,SPRF-SC,DEL07-SC,UOP05-DEL07-SC,2020
"297049,0",2020-07-23,quinta-feira,14:45:00,SC,470,"218,1",SAO CRISTOVAO DO SUL,Carga excessiva e/ou mal acondicionada,Colisão com objeto em movimento,Com Vítimas Feridas,Pleno dia,Decrescente,Céu Claro,Simples,Aclive,Não,3,0,1,0,1,1,1,2,-27.297842,-50.294914,SPRF-SC,DEL05-SC,UOP03-DEL05-SC,2020
"297063,0",2020-07-23,quinta-feira,17:00:00,SC,470,"32,0",GASPAR,Desobediência às normas de trânsito pelo condutor,Colisão lateral,Com Vítimas Feridas,Pleno dia,Decrescente,Céu Claro,Dupla,Reta,Sim,2,0,0,1,1,0,1,2,-26.901793,-48.931812,SPRF-SC,DEL04-SC,UOP01-DEL04-SC,2020
"297126,0",2020-07-24,sexta-feira,03:25:00,SC,153,"111,0",CONCORDIA,Desobediência às normas de trânsito pelo condutor,Colisão frontal,Com Vítimas Feridas,Plena Noite,Crescente,Céu Claro,Simples,Curva,Sim,5,0,1,0,4,0,1,2,-27.319271,-51.983299,SPRF-SC,DEL07-SC,UOP04-DEL07-SC,2020
"297147,0",2020-07-24,sexta-feira,07:30:00,SC,101,"209,6",SAO JOSE,Desobediência às normas de trânsito pelo condutor,Colisão transversal,Com Vítimas Feridas,Pleno dia,Crescente,Céu Claro,Dupla,Reta,Sim,2,0,1,0,1,0,1,2,-27.61000542,-48.63895057,SPRF-SC,DEL01-SC,UOP01-DEL01-SC,2020
"297183,0",2020-07-24,sexta-feira,10:50:00,SC,101,"430,9",SOMBRIO,Falta de Atenção à Condução,Colisão com objeto estático,Com Vítimas Feridas,Pleno dia,Crescente,Sol,Dupla,Declive,Não,2,0,1,0,0,1,1,2,-29.05578387,-49.62209542,SPRF-SC,DEL02-SC,UOP02-DEL02-SC,2020
"297206,0",2020-07-24,sexta-feira,10:45:00,SC,101,"401,0",MARACAJA,Falta de Atenção à Condução,Saída de leito carroçável,Sem Vítimas,Pleno dia,Decrescente,Céu Claro,Dupla,Reta,Sim,1,0,0,0,1,0,0,1,-28.85594274,-49.44019434,SPRF-SC,DEL02-SC,UOP02-DEL02-SC,2020
"297288,0",2020-07-24,sexta-feira,18:40:00,SC,280,"226,0",TRES BARRAS,Falta de Atenção à Condução,Colisão frontal,Com Vítimas Feridas,Plena Noite,Decrescente,Ignorado,Simples,Reta,Não,3,0,0,1,2,0,1,2,-26.18105839,-50.32269294,SPRF-SC,DEL06-SC,UOP04-DEL06-SC,2020
"297302,0",2020-07-24,sexta-feira,22:55:00,SC,101,"46,0",JOINVILLE,Ingestão de Álcool,Colisão lateral,Sem Vítimas,Plena Noite,Decrescente,Céu Claro,Múltipla,Aclive,Sim,4,0,0,0,3,1,0,3,-26.33150083,-48.86187762,SPRF-SC,DEL03-SC,UOP01-DEL03-SC,2020
"297349,0",2020-07-25,sábado,08:45:00,SC,101,"113,0",ITAJAI,Falta de Atenção à Condução,Colisão lateral,Com Vítimas Feridas,Pleno dia,Decrescente,Céu Claro,Dupla,Reta,Sim,3,0,2,0,0,1,2,3,-26.85311393,-48.72689927,SPRF-SC,DEL04-SC,UOP04-DEL04-SC,2020
"297719,0",2020-07-26,domingo,18:00:00,SC,153,"84,0",CONCORDIA,Falta de Atenção à Condução,Colisão lateral,Com Vítimas Feridas,Anoitecer,Crescente,Céu Claro,Simples,Curva,Não,2,0,1,1,0,0,2,2,-27.13419,-51.916466,SPRF-SC,DEL07-SC,UOP04-DEL07-SC,2020
"297759,0",2020-07-26,domingo,23:00:00,SC,101,"450,5",SAO JOAO DO SUL,Restrição de Visibilidade,Colisão traseira,Com Vítimas Feridas,Plena Noite,Crescente,Nublado,Dupla,Curva,Não,2,0,1,0,1,0,1,2,-29.18318939,-49.75553513,SPRF-SC,DEL02-SC,UOP02-DEL02-SC,2020
"297866,0",2020-07-27,segunda-feira,15:15:00,SC,101,"95,0",BARRA VELHA,Falta de Atenção à Condução,Colisão traseira,Com Vítimas Feridas,Pleno dia,Crescente,Sol,Dupla,Aclive,Sim,2,0,1,0,1,0,1,2,-26.70876413,-48.70221065,SPRF-SC,DEL03-SC,UOP02-DEL03-SC,2020
"297868,0",2020-07-27,segunda-feira,15:50:00,SC,282,"5,0",SAO JOSE,Falta de Atenção à Condução,Colisão lateral,Com Vítimas Feridas,Pleno dia,Crescente,Céu Claro,Dupla,Reta,Sim,3,0,2,0,1,0,2,2,-27.588425,-48.612919,SPRF-SC,DEL01-SC,UOP01-DEL01-SC,2020
"297938,0",2020-07-27,segunda-feira,20:15:00,SC,101,"149,3",ITAPEMA,Desobediência às normas de trânsito pelo pedestre,Atropelamento de Pedestre,Com Vítimas Fatais,Plena Noite,Crescente,Nublado,Múltipla,Reta,Sim,2,1,0,0,1,0,0,2,-27.11151959,-48.61118674,SPRF-SC,DEL04-SC,UOP03-DEL04-SC,2020
"297962,0",2020-07-28,terça-feira,06:00:00,SC,101,"243,0",PALHOCA,Não guardar distância de segurança,Colisão traseira,Sem Vítimas,Amanhecer,Decrescente,Nublado,Dupla,Reta,Não,2,0,0,0,2,0,0,2,-27.88419902,-48.64750077,SPRF-SC,DEL01-SC,UOP02-DEL01-SC,2020
"298022,0",2020-07-28,terça-feira,12:15:00,SC,470,"154,5",AGRONOMICA,Velocidade Incompatível,Colisão frontal,Com Vítimas Feridas,Pleno dia,Decrescente,Céu Claro,Simples,Curva,Não,2,0,1,0,1,0,1,2,-27.275414,-49.742989,SPRF-SC,DEL04-SC,UOP02-DEL04-SC,2020
"298024,0",2020-07-28,terça-feira,12:05:00,SC,101,"311,7",LAGUNA,Falta de Atenção à Condução,Colisão traseira,Com Vítimas Feridas,Pleno dia,Decrescente,Chuva,Dupla,Reta,Sim,6,0,0,1,4,4,1,9,-28.4410164,-48.8203623,SPRF-SC,DEL02-SC,UOP01-DEL02-SC,2020
"298054,0",2020-07-28,terça-feira,10:50:00,SC,282,"500,0",XANXERE,Velocidade Incompatível,Saída de leito carroçável,Com Vítimas Feridas,Pleno dia,Decrescente,Chuva,Dupla,Curva,Não,2,0,1,1,0,0,2,1,-26.881372,-52.37252,SPRF-SC,DEL07-SC,UOP01-DEL07-SC,2020
"298056,0",2020-07-28,terça-feira,17:15:00,SC,280,"5,3",SAO FRANCISCO DO SUL,Desobediência às normas de trânsito pelo condutor,Colisão transversal,Com Vítimas Feridas,Anoitecer,Crescente,Garoa/Chuvisco,Simples,Reta,Sim,6,0,3,0,3,0,3,2,-26.26011706,-48.62571995,SPRF-SC,DEL03-SC,UOP03-DEL03-SC,2020
"298070,0",2020-07-28,terça-feira,17:10:00,SC,101,"209,5",SAO JOSE,Não guardar distância de segurança,Colisão lateral,Com Vítimas Feridas,Anoitecer,Crescente,Chuva,Múltipla,Reta,Sim,2,0,1,0,0,1,1,2,-27.61000542,-48.63895057,SPRF-SC,DEL01-SC,UOP01-DEL01-SC,2020
"298089,0",2020-07-28,terça-feira,21:25:00,SC,101,"257,0",PAULO LOPES,Desobediência às normas de trânsito pelo condutor,Colisão lateral,Com Vítimas Feridas,Plena Noite,Decrescente,Garoa/Chuvisco,Dupla,Reta,Não,4,0,1,0,2,2,1,4,-27.99701205,-48.68755194,SPRF-SC,DEL02-SC,UOP03-DEL02-SC,2020
"298105,0",2020-07-28,terça-feira,19:35:00,SC,153,"43,0",VARGEM BONITA,Falta de Atenção à Condução,Colisão lateral,Com Vítimas Feridas,Plena Noite,Crescente,Chuva,Simples,Curva,Não,3,0,1,0,1,3,1,5,-26.868542,-51.748859,SPRF-SC,DEL07-SC,UOP05-DEL07-SC,2020
"298268,0",2020-07-29,quarta-feira,20:30:00,SC,470,"82,0",RODEIO,Defeito Mecânico no Veículo,Incêndio,Sem Vítimas,Plena Noite,Decrescente,Nublado,Simples,Reta,Não,1,0,0,0,1,0,0,1,-26.958838,-49.324978,SPRF-SC,DEL04-SC,UOP01-DEL04-SC,2020
"298316,0",2020-07-30,quinta-feira,10:10:00,SC,101,"241,4",PALHOCA,Desobediência às normas de trânsito pelo condutor,Colisão traseira,Com Vítimas Feridas,Pleno dia,Decrescente,Nublado,Dupla,Reta,Não,3,0,0,1,1,1,1,3,-27.86671599,-48.64607012,SPRF-SC,DEL01-SC,UOP02-DEL01-SC,2020
"298379,0",2020-07-30,quinta-feira,12:40:00,SC,282,"632,8",DESCANSO,Defeito Mecânico no Veículo,Saída de leito carroçável,Com Vítimas Feridas,Pleno dia,Decrescente,Céu Claro,Simples,Curva;Em Obras;Declive,Não,1,0,1,0,0,0,1,1,-26.8253,-53.404217,SPRF-SC,DEL07-SC,UOP03-DEL07-SC,2020