id,data_inversa,dia_semana,horario,uf,br,km,municipio,causa_acidente,tipo_acidente,classificacao_acidente,fase_dia,sentido_via,condicao_metereologica,tipo_pista,tracado_via,uso_solo,pessoas,mortos,feridos_leves,feridos_graves,ilesos,ignorados,feridos,veiculos,latitude,longitude,regional,delegacia,uop,ano_arquivo
"298395,0",2020-07-30,quinta-feira,18:45:00,SC,470,"186,1",POUSO REDONDO,Velocidade Incompatível,Colisão lateral,Com Vítimas Feridas,Plena Noite,Decrescente,Nublado,Simples,Curva,Não,3,0,0,1,1,2,1,4,-27.256105,-50.045559,SPRF-SC,DEL04-SC,UOP02-DEL04-SC,2020
"298405,0",2020-07-30,quinta-feira,15:10:00,SC,282,"524,0",XAXIM,Defeito Mecânico no Veículo,Colisão frontal,Com Vítimas Fatais,Pleno dia,Decrescente,Sol,Simples,Curva,Não,4,1,2,0,1,0,2,4,-26.96519512,-52.55713463,SPRF-SC,DEL07-SC,UOP01-DEL07-SC,2020
"298471,0",2020-07-31,sexta-feira,05:50:00,SC,280,"49,7",GUARAMIRIM,Desobediência às normas de trânsito pelo condutor,Colisão lateral,Com Vítimas Feridas,Plena Noite,Decrescente,Garoa/Chuvisco,Simples,Interseção de Vias,Não,2,0,1,0,0,1,1,2,-26.46404208,-48.9513123,SPRF-SC,DEL03-SC,UOP03-DEL03-SC,2020
"298610,0",2020-07-31,sexta-feira,15:50:00,SC,280,"100,3",SAO BENTO DO SUL,Velocidade Incompatível,Tombamento,Com Vítimas Feridas,Pleno dia,Decrescente,Nevoeiro/Neblina,Simples,Curva;Declive,Não,2,0,0,2,0,0,2,1,-26.37158361,-49.33137101,SPRF-SC,DEL06-SC,UOP03-DEL06-SC,2020
"298740,0",2020-08-01,sábado,11:50:00,SC,101,"117,0",ITAJAI,Falta de Atenção à Condução,Colisão traseira,Com Vítimas Feridas,Pleno dia,Crescente,Céu Claro,Dupla,Rotatória,Não,4,0,1,0,2,1,1,3,-26.88747187,-48.72252969,SPRF-SC,DEL04-SC,UOP04-DEL04-SC,2020
"298783,0",2020-08-01,sábado,14:53:00,SC,101,"151,2",ITAPEMA,Falta de Atenção do Pedestre,Colisão lateral,Sem Vítimas,Pleno dia,Decrescente,Céu Claro,Simples,Reta,Sim,2,0,0,0,2,0,0,2,-27.126536,-48.609642,SPRF-SC,DEL04-SC,UOP03-DEL04-SC,2020
"298849,0",2020-08-01,sábado,20:00:00,SC,101,"302,0",LAGUNA,Falta de Atenção à Condução,Colisão traseira,Sem Vítimas,Pleno dia,Decrescente,Céu Claro,Dupla,Reta,Não,6,0,0,0,4,3,0,7,-28.35387609,-48.7426239,SPRF-SC,DEL02-SC,UOP03-DEL02-SC,2020
"298887,0",2020-08-01,sábado,14:40:00,SC,101,"264,4",GAROPABA,Defeito Mecânico no Veículo,Incêndio,Sem Vítimas,Pleno dia,Decrescente,Céu Claro,Dupla,Curva;Aclive,Sim,2,0,0,0,1,1,0,2,-28.05668108,-48.71794939,SPRF-SC,DEL02-SC,UOP03-DEL02-SC,2020
"298919,0",2020-08-01,sábado,22:50:00,SC,153,"58,2",IRANI,Falta de Atenção à Condução,Colisão lateral,Com Vítimas Feridas,Plena Noite,Decrescente,Céu Claro,Simples,Reta,Não,2,0,1,0,1,0,1,2,-26.964373,-51.841362,SPRF-SC,DEL07-SC,UOP05-DEL07-SC,2020
"299100,0",2020-08-02,domingo,20:08:00,SC,282,"399,5",JOACABA,Não guardar distância de segurança,Colisão traseira,Com Vítimas Feridas,Plena Noite,Crescente,Céu Claro,Simples,Reta,Não,2,0,1,0,1,0,1,2,-27.140207,-51.618849,SPRF-SC,DEL07-SC,UOP05-DEL07-SC,2020
"299220,0",2020-08-03,segunda-feira,10:40:00,SC,282,"230,0",LAGES,Ultrapassagem Indevida,Colisão com objeto estático,Com Vítimas Feridas,Pleno dia,Decrescente,Céu Claro,Simples,Reta,Não,2,0,1,0,1,0,1,2,-27.787432,-50.425808,SPRF-SC,DEL05-SC,UOP02-DEL05-SC,2020
"299249,0",2020-08-03,segunda-feira,13:42:00,SC,101,"8,0",GARUVA,Sinalização da via insuficiente ou inadequada,Colisão traseira,Com Vítimas Feridas,Pleno dia,Crescente,Céu Claro,Dupla,Reta,Não,2,0,1,0,1,0,1,2,-26.044942,-48.859703,SPRF-SC,DEL03-SC,UOP01-DEL03-SC,2020
"299272,0",2020-08-03,segunda-feira,12:12:00,SC,101,"260,0",PAULO LOPES,Desobediência às normas de trânsito pelo condutor,Tombamento,Com Vítimas Feridas,Pleno dia,Crescente,Céu Claro,Dupla,Curva;Declive,Não,3,0,0,1,1,1,1,2,-28.0210609,-48.69789507,SPRF-SC,DEL02-SC,UOP03-DEL02-SC,2020
"299352,0",2020-08-04,terça-feira,04:00:00,SC,470,"111,5",IBIRAMA,Falta de Atenção à Condução,Derramamento de carga,Sem Vítimas,Plena Noite,Crescente,Nublado,Simples,Curva,Não,2,0,0,0,1,1,0,2,-27.095388,-49.457878,SPRF-SC,DEL04-SC,UOP02-DEL04-SC,2020
"299367,0",2020-08-04,terça-feira,07:45:00,SC,101,"38,0",JOINVILLE,Desobediência às normas de trânsito pelo condutor,Colisão com objeto estático,Com Vítimas Feridas,Pleno dia,Crescente,Céu Claro,Simples,Interseção de Vias,Sim,3,0,1,0,1,1,1,3,-26.25472505,-48.90561309,SPRF-SC,DEL03-SC,UOP01-DEL03-SC,2020
"299465,0",2020-08-04,terça-feira,19:15:00,SC,470,"57,0",BLUMENAU,Falta de Atenção à Condução,Colisão traseira,Com Vítimas Feridas,Plena Noite,Crescente,Céu Claro,Simples,Reta,Não,4,0,1,0,2,2,1,5,-26.880428,-49.136532,SPRF-SC,DEL04-SC,UOP01-DEL04-SC,2020
"299495,0",2020-08-04,terça-feira,14:45:00,SC,470,"266,4",CURITIBANOS,Condutor Dormindo,Saída de leito carroçável,Com Vítimas Feridas,Pleno dia,Decrescente,Céu Claro,Simples,Curva,Não,2,0,1,0,0,1,1,2,-27.31261334,-50.74180484,SPRF-SC,DEL05-SC,UOP03-DEL05-SC,2020
"299505,0",2020-08-04,terça-feira,23:00:00,SC,101,"390,1",CRICIUMA,Condutor Dormindo,Colisão com objeto estático,Sem Vítimas,Plena Noite,Crescente,Céu Claro,Dupla,Reta,Não,2,0,0,0,1,1,0,2,-28.80540775,-49.37241023,SPRF-SC,DEL02-SC,UOP02-DEL02-SC,2020
"299543,0",2020-08-05,quarta-feira,07:00:00,SC,282,"373,4",ERVAL VELHO,Defeito na Via,Colisão frontal,Com Vítimas Fatais,Pleno dia,Crescente,Céu Claro,Simples,Aclive;Reta;Em Obras,Não,4,1,0,0,2,1,0,3,-27.243425,-51.44788,SPRF-SC,DEL07-SC,UOP05-DEL07-SC,2020
"299568,0",2020-08-05,quarta-feira,08:00:00,SC,280,"35,4",ARAQUARI,Falta de Atenção à Condução,Tombamento,Sem Vítimas,Pleno dia,Crescente,Nevoeiro/Neblina,Simples,Reta,Não,1,0,0,0,1,0,0,1,-26.43447549,-48.80453914,SPRF-SC,DEL03-SC,UOP03-DEL03-SC,2020
"299605,0",2020-08-05,quarta-feira,10:00:00,SC,282,"483,7",FAXINAL DOS GUEDES,Desobediência às normas de trânsito pelo condutor,Colisão transversal,Sem Vítimas,Pleno dia,Crescente,Céu Claro,Simples,Reta;Aclive,Não,2,0,0,0,2,0,0,2,-26.861937,-52.227974,SPRF-SC,DEL07-SC,UOP01-DEL07-SC,2020
"299643,0",2020-08-05,quarta-feira,16:00:00,SC,282,"636,0",DESCANSO,Defeito na Via,Capotamento,Com Vítimas Feridas,Pleno dia,Crescente,Céu Claro,Simples,Aclive,Não,3,0,1,0,1,2,1,4,-26.813717,-53.435055,SPRF-SC,DEL07-SC,UOP03-DEL07-SC,2020
"299657,0",2020-08-05,quarta-feira,18:10:00,SC,282,"373,4",ERVAL VELHO,Defeito na Via,Colisão lateral,Com Vítimas Feridas,Anoitecer,Crescente,Céu Claro,Simples,Reta,Não,2,0,0,1,1,0,1,2,-27.243425,-51.44788,SPRF-SC,DEL07-SC,UOP05-DEL07-SC,2020
"299662,0",2020-08-05,quarta-feira,19:55:00,SC,470,"114,8",IBIRAMA,Desobediência às normas de trânsito pelo condutor,Colisão transversal,Com Vítimas Feridas,Plena Noite,Crescente,Céu Claro,Simples,Reta,Não,2,0,1,0,1,0,1,2,-27.086386,-49.478001,SPRF-SC,DEL04-SC,UOP02-DEL04-SC,2020
"299718,0",2020-08-06,quinta-feira,04:30:00,SC,280,"56,0",GUARAMIRIM,Desobediência às normas de trânsito pelo condutor,Colisão lateral,Com Vítimas Feridas,Pleno dia,Crescente,Céu Claro,Simples,Reta,Sim,3,0,1,0,1,1,1,3,-26.47944683,-49.00496721,SPRF-SC,DEL03-SC,UOP03-DEL03-SC,2020
"299733,0",2020-08-06,quinta-feira,07:00:00,SC,470,"190,0",POUSO REDONDO,Velocidade Incompatível,Tombamento,Com Vítimas Feridas,Pleno dia,Decrescente,Céu Claro,Simples,Curva;Declive,Não,2,0,1,0,0,2,1,3,-27.281504,-50.069775,SPRF-SC,DEL04-SC,UOP02-DEL04-SC,2020
"299879,0",2020-08-07,sexta-feira,04:00:00,SC,101,"164,0",TIJUCAS,Desobediência às normas de trânsito pelo condutor,Colisão com objeto estático,Sem Vítimas,Amanhecer,Crescente,Nevoeiro/Neblina,Simples,Retorno Regulamentado,Sim,2,0,0,0,1,2,0,3,-27.243868,-48.6309,SPRF-SC,DEL04-SC,UOP03-DEL04-SC,2020
"299940,0",2020-08-07,sexta-feira,09:50:00,SC,101,"56,6",JOINVILLE,Velocidade Incompatível,Colisão traseira,Com Vítimas Feridas,Pleno dia,Crescente,Céu Claro,Simples,Reta,Sim,2,0,1,0,1,0,1,2,-26.43207484,-48.82263984,SPRF-SC,DEL03-SC,UOP01-DEL03-SC,2020
"299962,0",2020-08-07,sexta-feira,12:30:00,SC,470,"58,0",BLUMENAU,Ultrapassagem Indevida,Colisão lateral,Com Vítimas Feridas,Pleno dia,Crescente,Céu Claro,Simples,Reta,Não,2,0,1,0,1,0,1,2,-26.883879,-49.145622,SPRF-SC,DEL04-SC,UOP01-DEL04-SC,2020
"299978,0",2020-08-07,sexta-feira,16:10:00,SC,280,"128,4",RIO NEGRINHO,Desobediência às normas de trânsito pelo condutor,Colisão transversal,Com Vítimas Feridas,Pleno dia,Crescente,Céu Claro,Simples,Aclive,Sim,2,0,1,0,1,0,1,2,-26.24317941,-49.51320018,SPRF-SC,DEL06-SC,UOP03-DEL06-SC,2020
"300150,0",2020-08-08,sábado,09:15:00,SC,101,"175,0",BIGUACU,Carga excessiva e/ou mal acondicionada,Tombamento,Com Vítimas Feridas,Pleno dia,Decrescente,Céu Claro,Dupla,Curva,Não,3,0,2,0,0,1,2,2,-27.33963303,-48.62734885,SPRF-SC,DEL01-SC,UOP01-DEL01-SC,2020
"300168,0",2020-08-08,sábado,10:59:00,SC,101,"26,0",JOINVILLE,Desobediência às normas de trânsito pelo pedestre,Colisão lateral,Com Vítimas Feridas,Pleno dia,Decrescente,Céu Claro,Dupla,Reta,Sim,2,0,0,1,1,0,1,2,-26.19081403,-48.911798,SPRF-SC,DEL03-SC,UOP01-DEL03-SC,2020
"300171,0",2020-08-08,sábado,11:55:00,SC,280,"31,3",ARAQUARI,Falta de Atenção à Condução,Colisão traseira,Com Vítimas Feridas,Pleno dia,Decrescente,Céu Claro,Simples,Reta,Não,4,0,2,0,1,2,2,4,-26.41649938,-48.77181215,SPRF-SC,DEL03-SC,UOP03-DEL03-SC,2020
"300200,0",2020-08-08,sábado,14:10:00,SC,101,"394,3",CRICIUMA,Desobediência às normas de trânsito pelo condutor,Colisão traseira,Com Vítimas Feridas,Pleno dia,Crescente,Sol,Dupla,Reta,Não,2,0,1,0,1,0,1,2,-28.8257313,-49.40623825,SPRF-SC,DEL02-SC,UOP02-DEL02-SC,2020
"300319,0",2020-08-08,sábado,23:00:00,SC,280,"129,0",RIO NEGRINHO,Desobediência às normas de trânsito pelo pedestre,Atropelamento de Pedestre,Com Vítimas Feridas,Plena Noite,Crescente,Céu Claro,Simples,Viaduto,Sim,3,0,1,0,1,2,1,4,-26.24586437,-49.52284615,SPRF-SC,DEL06-SC,UOP03-DEL06-SC,2020
"300483,0",2020-08-09,domingo,11:06:00,SC,280,"305,0",PORTO UNIAO,Falta de Atenção à Condução,Colisão lateral,Com Vítimas Feridas,Pleno dia,Decrescente,Céu Claro,Simples,Curva,Sim,4,0,0,1,1,3,1,5,-26.25578015,-51.07479572,SPRF-SC,DEL06-SC,UOP04-DEL06-SC,2020
"300541,0",2020-08-09,domingo,18:05:00,SC,116,"264,3",CAPAO ALTO,Falta de Atenção à Condução,Colisão lateral,Sem Vítimas,Plena Noite,Crescente,Céu Claro,Simples,Curva,Não,2,0,0,0,1,1,0,2,-27.93262143,-50.46174687,SPRF-SC,DEL05-SC,UOP02-DEL05-SC,2020
"300607,0",2020-08-10,segunda-feira,07:15:00,SC,280,"109,3",SAO BENTO DO SUL,Desobediência às normas de trânsito pelo condutor,Colisão frontal,Com Vítimas Feridas,Pleno dia,Crescente,Céu Claro,Simples,Declive;Interseção de Vias;Reta,Não,2,0,1,0,1,0,1,2,-26.327628,-49.382239,SPRF-SC,DEL06-SC,UOP03-DEL06-SC,2020
"300641,0",2020-08-10,segunda-feira,10:20:00,SC,282,"59,1",RANCHO QUEIMADO,Falta de Atenção à Condução,Colisão frontal,Com Vítimas Feridas,Pleno dia,Decrescente,Céu Claro,Simples,Reta,Não,4,0,2,0,2,0,2,3,-27.67736197,-49.01337862,SPRF-SC,DEL01-SC,UOP03-DEL01-SC,2020
"300670,0",2020-08-10,segunda-feira,14:30:00,SC,163,"74,7",SAO MIGUEL DO OESTE,Ingestão de Álcool,Colisão traseira,Com Vítimas Feridas,Pleno dia,Crescente,Céu Claro,Simples,Reta;Declive,Não,3,0,0,1,1,2,1,4,-26.67986577,-53.51504803,SPRF-SC,DEL07-SC,UOP03-DEL07-SC,2020
"300807,0",2020-08-11,terça-feira,10:25:00,SC,282,"477,3",VARGEAO,Falta de Atenção à Condução,Colisão frontal,Com Vítimas Feridas,Pleno dia,Crescente,Sol,Simples,Curva,Não,3,0,1,0,2,0,1,2,-26.882938,-52.178337,SPRF-SC,DEL07-SC,UOP01-DEL07-SC,2020
"300816,0",2020-07-14,terça-feira,10:30:00,SC,101,"234,8",PALHOCA,Falta de Atenção à Condução,Colisão lateral,Com Vítimas Feridas,Pleno dia,Crescente,Sol,Dupla,Declive,Não,4,0,2,0,2,0,2,2,-27.81043812,-48.63537111,SPRF-SC,DEL01-SC,UOP02-DEL01-SC,2020
"300839,0",2020-08-11,terça-feira,15:30:00,SC,101,"175,0",BIGUACU,Desobediência às normas de trânsito pelo condutor,Tombamento,Com Vítimas Feridas,Pleno dia,Decrescente,Céu Claro,Dupla,Curva,Sim,2,0,1,0,1,0,1,2,-27.33963303,-48.62734885,SPRF-SC,DEL01-SC,UOP01-DEL01-SC,2020
"300868,0",2020-08-11,terça-feira,15:00:00,SC,282,"463,0",PONTE SERRADA,Falta de Atenção à Condução,Colisão lateral,Sem Vítimas,Pleno dia,Crescente,Céu Claro,Simples,Interseção de Vias,Sim,2,0,0,0,2,0,0,2,-26.85562352,-52.03296661,SPRF-SC,DEL07-SC,UOP04-DEL07-SC,2020
"300887,0",2020-08-11,terça-feira,16:05:00,SC,101,"210,5",SAO JOSE,Falta de Atenção à Condução,Colisão lateral,Com Vítimas Feridas,Pleno dia,Crescente,Céu Claro,Dupla,Reta,Sim,2,0,1,0,1,0,1,2,-27.6167305,-48.6457265,SPRF-SC,DEL01-SC,UOP01-DEL01-SC,2020
"300942,0",2020-08-12,quarta-feira,04:30:00,SC,282,"185,0",BOCAINA DO SUL,Condutor Dormindo,Colisão traseira,Com Vítimas Feridas,Plena Noite,Crescente,Garoa/Chuvisco,Simples,Reta,Não,3,0,1,0,1,1,1,3,-27.734449,-49.98819,SPRF-SC,DEL05-SC,UOP01-DEL05-SC,2020
"300976,0",2020-08-12,quarta-feira,06:50:00,SC,280,"84,5",CORUPA,Velocidade Incompatível,Colisão frontal,Com Vítimas Feridas,Amanhecer,Crescente,Garoa/Chuvisco,Simples,Curva,Não,2,0,1,0,1,0,1,2,-26.43589072,-49.24351466,SPRF-SC,DEL06-SC,UOP03-DEL06-SC,2020
"301041,0",2020-06-12,sexta-feira,10:10:00,SC,101,"118,6",ITAJAI,Desobediência às normas de trânsito pelo condutor,Colisão lateral,Com Vítimas Feridas,Pleno dia,Decrescente,Céu Claro,Dupla,Interseção de Vias,Sim,3,0,0,1,1,4,1,6,-26.90100344,-48.7167263,SPRF-SC,DEL04-SC,UOP04-DEL04-SC,2020
"301058,0",2020-08-12,quarta-feira,18:40:00,SC,101,"216,0",PALHOCA,Não guardar distância de segurança,Colisão traseira,Com Vítimas Feridas,Plena Noite,Decrescente,Chuva,Dupla,Reta,Sim,5,0,5,0,0,0,5,2,-27.65981409,-48.67747798,SPRF-SC,DEL01-SC,UOP02-DEL01-SC,2020
"301063,0",2020-07-14,terça-feira,19:20:00,SC,153,"4,0",AGUA DOCE,Velocidade Incompatível,Saída de leito carroçável,Com Vítimas Fatais,Plena Noite,Crescente,Céu Claro,Simples,Reta,Não,2,1,0,0,0,1,0,2,-26.635151,-51.508949,SPRF-SC,DEL07-SC,UOP05-DEL07-SC,2020
"301066,0",2020-08-12,quarta-feira,16:10:00,SC,282,"631,3",DESCANSO,Velocidade Incompatível,Saída de leito carroçável,Com Vítimas Feridas,Pleno dia,Decrescente,Chuva,Simples,Reta,Não,2,0,1,0,0,1,1,2,-26.824362,-53.394367,SPRF-SC,DEL07-SC,UOP03-DEL07-SC,2020
"301089,0",2020-08-12,quarta-feira,15:55:00,SC,470,"157,9",TROMBUDO CENTRAL,Velocidade Incompatível,Colisão lateral,Com Vítimas Feridas,Pleno dia,Decrescente,Chuva,Simples,Curva,Sim,3,0,1,0,1,1,1,3,-27.285425,-49.76881,SPRF-SC,DEL04-SC,UOP02-DEL04-SC,2020
"301118,0",2020-08-12,quarta-feira,20:00:00,SC,470,"129,0",LONTRAS,Velocidade Incompatível,Saída de leito carroçável,Sem Vítimas,Plena Noite,Crescente,Chuva,Simples,Reta,Sim,2,0,0,0,1,1,0,2,-27.148499,-49.556137,SPRF-SC,DEL04-SC,UOP02-DEL04-SC,2020
"301121,0",2020-08-12,quarta-feira,20:30:00,SC,101,"117,0",ITAJAI,Não guardar distância de segurança,Colisão traseira,Com Vítimas Feridas,Plena Noite,Decrescente,Garoa/Chuvisco,Simples,Reta,Não,3,0,1,0,1,1,1,3,-26.9043179,-48.71555481,SPRF-SC,DEL04-SC,UOP04-DEL04-SC,2020
"301134,0",2020-08-12,quarta-feira,22:10:00,SC,470,"40,2",GASPAR,Pista Escorregadia,Colisão traseira,Com Vítimas Feridas,Plena Noite,Decrescente,Chuva,Simples,Reta,Não,5,0,3,0,2,0,3,3,-26.889574,-48.99094,SPRF-SC,DEL04-SC,UOP01-DEL04-SC,2020
"301154,0",2020-08-13,quinta-feira,06:40:00,SC,101,"207,4",SAO JOSE,Não guardar distância de segurança,Colisão traseira,Com Vítimas Feridas,Pleno dia,Decrescente,Nublado,Múltipla,Declive,Sim,4,0,1,0,2,4,1,7,-27.58564633,-48.61244202,SPRF-SC,DEL01-SC,UOP01-DEL01-SC,2020
"301183,0",2020-08-13,quinta-feira,09:30:00,SC,101,"219,8",PALHOCA,Falta de Atenção à Condução,Colisão traseira,Com Vítimas Fatais,Pleno dia,Decrescente,Nublado,Dupla,Reta,Sim,5,1,0,0,2,2,0,4,-27.69198941,-48.66368358,SPRF-SC,DEL01-SC,UOP02-DEL01-SC,2020
"301191,0",2020-08-13,quinta-feira,09:45:00,SC,470,"26,0",ILHOTA,Falta de Atenção à Condução,Atropelamento de Pedestre,Com Vítimas Feridas,Pleno dia,Decrescente,Nublado,Dupla,Reta,Não,2,0,0,1,1,0,1,2,-26.887402,-48.875191,SPRF-SC,DEL04-SC,UOP04-DEL04-SC,2020
"301192,0",2020-08-13,quinta-feira,09:30:00,SC,470,"11,0",NAVEGANTES,Falta de Atenção à Condução,Colisão transversal,Com Vítimas Feridas,Pleno dia,Crescente,Chuva,Simples,Reta,Não,4,0,1,0,2,1,1,3,-26.834309,-48.747269,SPRF-SC,DEL04-SC,UOP04-DEL04-SC,2020
"301218,0",2020-08-13,quinta-feira,11:00:00,SC,116,"175,0",SAO CRISTOVAO DO SUL,Falta de Atenção à Condução,Saída de leito carroçável,Sem Vítimas,Pleno dia,Crescente,Nublado,Simples,Reta,Não,2,0,0,0,1,1,0,2,-27.23313103,-50.46402807,SPRF-SC,DEL05-SC,UOP03-DEL05-SC,2020
"301219,0",2020-08-13,quinta-feira,13:05:00,SC,470,"6,0",NAVEGANTES,Velocidade Incompatível,Capotamento,Com Vítimas Feridas,Pleno dia,Decrescente,Céu Claro,Dupla,Reta,Não,3,0,1,0,0,2,1,3,-26.852238,-48.709545,SPRF-SC,DEL04-SC,UOP04-DEL04-SC,2020
"301233,0",2020-08-13,quinta-feira,15:50:00,SC,280,"25,0",ARAQUARI,Falta de Atenção à Condução,Colisão transversal,Com Vítimas Feridas,Pleno dia,Decrescente,Garoa/Chuvisco,Simples,Reta,Não,2,0,1,0,1,0,1,2,-26.38352781,-48.72677516,SPRF-SC,DEL03-SC,UOP03-DEL03-SC,2020
"301278,0",2020-08-13,quinta-feira,13:20:00,SC,116,"114,0",SANTA CECILIA,Velocidade Incompatível,Colisão traseira,Com Vítimas Feridas,Pleno dia,Decrescente,Chuva,Simples,Declive,Não,5,0,1,1,2,2,2,5,-26.79459901,-50.34203704,SPRF-SC,DEL06-SC,UOP02-DEL06-SC,2020
"301326,0",2020-08-14,sexta-feira,03:00:00,SC,101,"424,2",ARARANGUA,Falta de Atenção à Condução,Tombamento,Com Vítimas Feridas,Plena Noite,Decrescente,Nevoeiro/Neblina,Dupla,Reta,Não,2,0,1,0,0,2,1,3,-29.01601155,-49.58269226,SPRF-SC,DEL02-SC,UOP02-DEL02-SC,2020
"301351,0",2020-07-21,terça-feira,23:20:00,SC,101,"413,2",ARARANGUA,Falta de Atenção à Condução,Colisão traseira,Com Vítimas Fatais,Plena Noite,Decrescente,Céu Claro,Múltipla,Curva,Sim,6,3,1,0,1,3,1,6,-28.95227818,-49.53083038,SPRF-SC,DEL02-SC,UOP02-DEL02-SC,2020
"301362,0",2020-08-14,sexta-feira,03:00:00,SC,101,"208,4",SAO JOSE,Falta de Atenção à Condução,Danos eventuais,Sem Vítimas,Plena Noite,Decrescente,Ignorado,Múltipla,Interseção de Vias,Sim,2,0,0,0,1,1,0,2,-27.60327979,-48.63201818,SPRF-SC,DEL01-SC,UOP01-DEL01-SC,2020
"301399,0",2020-08-14,sexta-feira,12:45:00,SC,101,"120,0",ITAJAI,Falta de Atenção à Condução,Colisão lateral,Com Vítimas Feridas,Pleno dia,Decrescente,Nublado,Dupla,Reta,Sim,2,0,1,0,1,0,1,2,-26.912758,-48.711998,SPRF-SC,DEL04-SC,UOP04-DEL04-SC,2020
"301475,0",2020-08-14,sexta-feira,15:15:00,SC,282,"528,0",CORDILHEIRA ALTA,Pista Escorregadia,Engavetamento,Sem Vítimas,Pleno dia,Decrescente,Chuva,Simples,Curva,Não,8,0,0,0,7,2,0,9,-26.978798,-52.588566,SPRF-SC,DEL07-SC,UOP01-DEL07-SC,2020
"301483,0",2020-08-14,sexta-feira,19:15:00,SC,282,"602,1",CUNHA PORA,Ultrapassagem Indevida,Colisão transversal,Com Vítimas Feridas,Plena Noite,Decrescente,Céu Claro,Simples,Reta,Não,2,0,0,1,1,0,1,2,-26.806049,-53.178757,SPRF-SC,DEL07-SC,UOP02-DEL07-SC,2020
"301486,0",2020-08-12,quarta-feira,11:45:00,SC,101,"276,3",IMBITUBA,Falta de Atenção à Condução,Colisão transversal,Com Vítimas Feridas,Pleno dia,Crescente,Garoa/Chuvisco,Simples,Reta,Sim,3,0,0,1,1,1,1,3,-28.16137035,-48.69382208,SPRF-SC,DEL02-SC,UOP03-DEL02-SC,2020
"301498,0",2020-08-14,sexta-feira,14:50:00,SC,153,"19,8",AGUA DOCE,Agressão Externa,Derramamento de carga,Sem Vítimas,Pleno dia,Decrescente,Chuva,Simples,Reta,Não,2,0,0,0,1,1,0,2,-26.716625,-51.616577,SPRF-SC,DEL07-SC,UOP05-DEL07-SC,2020
"301538,0",2020-08-14,sexta-feira,08:00:00,SC,101,"273,0",IMBITUBA,Falta de Atenção à Condução,Colisão lateral,Com Vítimas Feridas,Pleno dia,Crescente,Nublado,Dupla,Curva,Sim,3,0,1,0,2,0,1,2,-28.12382408,-48.69625015,SPRF-SC,DEL02-SC,UOP03-DEL02-SC,2020
"301622,0",2020-08-15,sábado,10:25:00,SC,282,"437,0",IRANI,Desobediência às normas de trânsito pelo condutor,Colisão transversal,Com Vítimas Feridas,Pleno dia,Decrescente,Nublado,Simples,Interseção de Vias,Não,3,0,0,1,1,2,1,4,-26.963764,-51.854839,SPRF-SC,DEL07-SC,UOP04-DEL07-SC,2020
"301664,0",2020-08-15,sábado,16:40:00,SC,470,"66,6",INDAIAL,Falta de Atenção à Condução,Colisão lateral,Com Vítimas Feridas,Pleno dia,Decrescente,Nublado,Simples,Reta,Sim,3,0,1,0,1,1,1,3,-26.870407,-49.221844,SPRF-SC,DEL04-SC,UOP01-DEL04-SC,2020
"301749,0",2020-08-15,sábado,22:00:00,SC,282,"372,2",ERVAL VELHO,Ingestão de Álcool,Colisão lateral,Sem Vítimas,Plena Noite,Crescente,Céu Claro,Simples,Em Obras;Aclive,Não,3,0,0,0,2,1,0,3,-27.251827,-51.446991,SPRF-SC,DEL07-SC,UOP05-DEL07-SC,2020
"301857,0",2020-08-16,domingo,13:15:00,SC,282,"507,2",XANXERE,Velocidade Incompatível,Tombamento,Sem Vítimas,Pleno dia,Decrescente,Céu Claro,Dupla,Curva,Sim,2,0,0,0,1,1,0,2,-26.886171,-52.43911,SPRF-SC,DEL07-SC,UOP01-DEL07-SC,2020
"301949,0",2020-08-16,domingo,17:10:00,SC,470,"268,4",CURITIBANOS,Carga excessiva e/ou mal acondicionada,Saída de leito carroçável,Com Vítimas Feridas,Pleno dia,Crescente,Nublado,Simples,Reta,Não,2,0,1,0,0,1,1,2,-27.31597835,-50.76196432,SPRF-SC,DEL05-SC,UOP03-DEL05-SC,2020
"301981,0",2020-08-17,segunda-feira,03:00:00,SC,101,"236,0",PALHOCA,Falta de Atenção do Pedestre,Atropelamento de Pedestre,Com Vítimas Feridas,Plena Noite,Crescente,Garoa/Chuvisco,Dupla,Reta,Não,2,0,0,1,0,1,1,2,-27.82629382,-48.63034842,SPRF-SC,DEL01-SC,UOP02-DEL01-SC,2020
"302007,0",2020-08-17,segunda-feira,07:40:00,SC,101,"119,0",ITAJAI,Não guardar distância de segurança,Colisão lateral,Sem Vítimas,Pleno dia,Crescente,Nublado,Dupla,Reta,Sim,3,0,0,0,2,1,0,3,-26.9043179,-48.71555481,SPRF-SC,DEL04-SC,UOP04-DEL04-SC,2020
"302035,0",2020-08-17,segunda-feira,10:00:00,SC,280,"9,0",SAO FRANCISCO DO SUL,Falta de Atenção à Condução,Colisão frontal,Com Vítimas Feridas,Pleno dia,Crescente,Nublado,Simples,Reta,Não,4,0,2,0,1,2,2,4,-26.28071749,-48.64670992,SPRF-SC,DEL03-SC,UOP03-DEL03-SC,2020
"302145,0",2020-08-18,terça-feira,03:05:00,SC,101,"242,1",PALHOCA,Falta de Atenção à Condução,Colisão traseira,Com Vítimas Feridas,Plena Noite,Decrescente,Chuva,Múltipla,Reta,Sim,5,0,3,0,0,2,3,4,-27.87545797,-48.64678433,SPRF-SC,DEL01-SC,UOP02-DEL01-SC,2020
"302154,0",2020-08-18,terça-feira,03:40:00,SC,280,"210,6",TRES BARRAS,Animais na Pista,Atropelamento de Animal,Sem Vítimas,Pleno dia,Decrescente,Garoa/Chuvisco,Simples,Reta,Não,2,0,0,0,1,1,0,2,-26.17399809,-50.16814498,SPRF-SC,DEL06-SC,UOP04-DEL06-SC,2020