id,data_inversa,dia_semana,horario,uf,br,km,municipio,causa_acidente,tipo_acidente,classificacao_acidente,fase_dia,sentido_via,condicao_metereologica,tipo_pista,tracado_via,uso_solo,pessoas,mortos,feridos_leves,feridos_graves,ilesos,ignorados,feridos,veiculos,latitude,longitude,regional,delegacia,uop,ano_arquivo
"328257,0",2020-12-16,quarta-feira,12:30:00,SC,470,"87,9",ASCURRA,Carga excessiva e/ou mal acondicionada,Tombamento,Com Vítimas Feridas,Pleno dia,Crescente,Céu Claro,Simples,Rotatória,Sim,2,0,1,0,0,1,1,2,-26.948483,-49.366833,SPRF-SC,DEL04-SC,UOP01-DEL04-SC,2020
"328280,0",2020-12-16,quarta-feira,11:20:00,SC,101,"49,2",JOINVILLE,Falta de Atenção à Condução,Colisão lateral,Com Vítimas Feridas,Pleno dia,Crescente,Céu Claro,Dupla,Curva,Não,4,0,1,0,2,1,1,3,-26.36479799,-48.85878798,SPRF-SC,DEL03-SC,UOP01-DEL03-SC,2020
"328282,0",2020-12-16,quarta-feira,15:00:00,SC,280,"27,0",ARAQUARI,Não guardar distância de segurança,Colisão traseira,Sem Vítimas,Pleno dia,Crescente,Nublado,Simples,Reta,Não,3,0,0,0,3,0,0,2,-26.39685622,-48.74021969,SPRF-SC,DEL03-SC,UOP03-DEL03-SC,2020
"328286,0",2020-12-16,quarta-feira,14:50:00,SC,101,"324,7",CAPIVARI DE BAIXO,Velocidade Incompatível,Engavetamento,Sem Vítimas,Pleno dia,Crescente,Sol,Múltipla,Viaduto;Curva,Sim,3,0,0,0,3,0,0,3,-28.42537306,-48.94349098,SPRF-SC,DEL02-SC,UOP01-DEL02-SC,2020
"328287,0",2020-12-16,quarta-feira,15:50:00,SC,101,"204,0",SAO JOSE,Falta de Atenção à Condução,Colisão lateral,Sem Vítimas,Pleno dia,Crescente,Céu Claro,Dupla,Reta,Sim,3,0,0,0,2,1,0,3,-27.57413014,-48.61363083,SPRF-SC,DEL01-SC,UOP01-DEL01-SC,2020
"328331,0",2020-12-16,quarta-feira,15:50:00,SC,282,"281,3",SAO JOSE DO CERRITO,Falta de Atenção à Condução,Colisão traseira,Com Vítimas Feridas,Pleno dia,Crescente,Céu Claro,Simples,Reta,Não,5,0,3,0,2,0,3,3,-27.580057,-50.76429,SPRF-SC,DEL05-SC,UOP02-DEL05-SC,2020
"328349,0",2020-12-16,quarta-feira,07:00:00,SC,282,"495,5",XANXERE,Não guardar distância de segurança,Colisão traseira,Sem Vítimas,Pleno dia,Crescente,Sol,Simples,Reta,Não,3,0,0,0,2,1,0,3,-26.875349,-52.327076,SPRF-SC,DEL07-SC,UOP01-DEL07-SC,2020
"328432,0",2020-12-16,quarta-feira,23:45:00,SC,470,"150,4",AGRONOMICA,Objeto estático sobre o leito carroçável,Colisão com objeto estático,Sem Vítimas,Plena Noite,Crescente,Chuva,Simples,Reta,Sim,2,0,0,0,2,0,0,2,-27.256508,-49.710876,SPRF-SC,DEL04-SC,UOP02-DEL04-SC,2020
"328436,0",2020-12-17,quinta-feira,09:45:00,SC,470,"59,9",BLUMENAU,Falta de Atenção à Condução,Colisão traseira,Com Vítimas Feridas,Pleno dia,Decrescente,Nublado,Simples,Reta,Não,2,0,1,0,1,0,1,2,-26.882812,-49.1548,SPRF-SC,DEL04-SC,UOP01-DEL04-SC,2020
"328466,0",2020-12-17,quinta-feira,13:00:00,SC,101,"210,0",SAO JOSE,Defeito Mecânico no Veículo,Colisão traseira,Com Vítimas Feridas,Pleno dia,Decrescente,Chuva,Múltipla,Reta,Sim,4,0,1,0,2,1,1,4,-27.6167305,-48.6457265,SPRF-SC,DEL01-SC,UOP01-DEL01-SC,2020
"328525,0",2020-12-17,quinta-feira,18:15:00,SC,101,"222,5",PALHOCA,Desobediência às normas de trânsito pelo condutor,Colisão lateral,Com Vítimas Feridas,Anoitecer,Decrescente,Garoa/Chuvisco,Dupla,Reta,Sim,5,0,2,0,2,1,2,4,-27.71886488,-48.64681721,SPRF-SC,DEL01-SC,UOP02-DEL01-SC,2020
"328565,0",2020-12-17,quinta-feira,22:28:00,SC,280,"50,0",GUARAMIRIM,Velocidade Incompatível,Colisão traseira,Com Vítimas Feridas,Plena Noite,Decrescente,Céu Claro,Simples,Em Obras;Desvio Temporário;Curva,Sim,4,0,1,0,1,2,1,4,-26.462438,-48.947507,SPRF-SC,DEL03-SC,UOP03-DEL03-SC,2020
"328585,0",2020-12-17,quinta-feira,20:30:00,SC,280,"5,4",SAO FRANCISCO DO SUL,Falta de Atenção à Condução,Colisão frontal,Com Vítimas Feridas,Plena Noite,Crescente,Nublado,Simples,Interseção de Vias,Sim,7,0,0,4,2,1,4,4,-26.26257303,-48.62908244,SPRF-SC,DEL03-SC,UOP03-DEL03-SC,2020
"328630,0",2020-12-18,sexta-feira,08:45:00,SC,101,"249,0",PAULO LOPES,Ingestão de Álcool,Saída de leito carroçável,Sem Vítimas,Pleno dia,Crescente,Céu Claro,Dupla,Reta,Sim,3,0,0,0,2,1,0,3,-27.941602,-48.666312,SPRF-SC,DEL02-SC,UOP03-DEL02-SC,2020
"328662,0",2020-12-18,sexta-feira,12:20:00,SC,101,"357,0",SANGAO,Desobediência às normas de trânsito pelo condutor,Colisão transversal,Com Vítimas Feridas,Pleno dia,Decrescente,Céu Claro,Simples,Interseção de Vias,Não,3,0,0,1,1,1,1,3,-28.64348493,-49.0990591,SPRF-SC,DEL02-SC,UOP01-DEL02-SC,2020
"328688,0",2020-12-18,sexta-feira,15:30:00,SC,101,"216,3",PALHOCA,Falta de Atenção à Condução,Colisão lateral,Com Vítimas Feridas,Pleno dia,Decrescente,Céu Claro,Múltipla,Reta,Sim,2,0,1,0,0,1,1,2,-27.65981409,-48.67747798,SPRF-SC,DEL01-SC,UOP02-DEL01-SC,2020
"328710,0",2020-12-18,sexta-feira,17:25:00,SC,101,"24,8",JOINVILLE,Falta de Atenção à Condução,Colisão traseira,Com Vítimas Feridas,Pleno dia,Crescente,Nublado,Simples,Interseção de Vias,Sim,2,0,1,0,1,0,1,2,-26.1814277,-48.909947,SPRF-SC,DEL03-SC,UOP01-DEL03-SC,2020
"328770,0",2020-12-18,sexta-feira,21:35:00,SC,101,"298,3",IMBITUBA,Não guardar distância de segurança,Colisão lateral,Com Vítimas Feridas,Plena Noite,Crescente,Nublado,Dupla,Em Obras,Não,2,0,1,0,1,0,1,2,-28.32102597,-48.72829906,SPRF-SC,DEL02-SC,UOP03-DEL02-SC,2020
"328798,0",2020-12-19,sábado,02:00:00,SC,470,"57,2",BLUMENAU,Condutor Dormindo,Colisão frontal,Com Vítimas Fatais,Plena Noite,Decrescente,Nublado,Simples,Reta,Sim,3,1,0,0,1,1,0,3,-26.88185653,-49.13869143,SPRF-SC,DEL04-SC,UOP01-DEL04-SC,2020
"328809,0",2020-12-19,sábado,04:30:00,SC,101,"186,0",BIGUACU,Falta de Atenção à Condução,Colisão lateral,Com Vítimas Feridas,Amanhecer,Crescente,Céu Claro,Dupla,Curva,Sim,4,0,1,0,2,1,1,3,-27.4341098,-48.62567129,SPRF-SC,DEL01-SC,UOP01-DEL01-SC,2020
"328817,0",2020-12-19,sábado,02:45:00,SC,101,"311,8",LAGUNA,Ingestão de Álcool,Colisão com objeto estático,Sem Vítimas,Plena Noite,Decrescente,Céu Claro,Dupla,Curva,Sim,2,0,0,0,2,0,0,2,-28.43971382,-48.81225586,SPRF-SC,DEL02-SC,UOP01-DEL02-SC,2020
"328961,0",2020-12-19,sábado,15:15:00,SC,282,"551,9",NOVA ITABERABA,Velocidade Incompatível,Saída de leito carroçável,Com Vítimas Feridas,Pleno dia,Crescente,Garoa/Chuvisco,Simples,Reta;Declive,Não,2,0,1,0,0,2,1,3,-26.951487,-52.778172,SPRF-SC,DEL07-SC,UOP01-DEL07-SC,2020
"328968,0",2020-12-19,sábado,16:15:00,SC,101,"87,0",BARRA VELHA,Desobediência às normas de trânsito pelo condutor,Colisão traseira,Com Vítimas Feridas,Pleno dia,Crescente,Nublado,Dupla,Viaduto;Aclive;Reta,Sim,3,0,1,0,1,1,1,3,-26.63713377,-48.69651057,SPRF-SC,DEL03-SC,UOP02-DEL03-SC,2020
"328979,0",2020-12-19,sábado,15:46:00,SC,163,"70,3",SAO MIGUEL DO OESTE,Falta de Atenção à Condução,Colisão transversal,Com Vítimas Feridas,Pleno dia,Decrescente,Chuva,Dupla,Reta,Sim,4,0,1,0,2,3,1,5,-26.73461723,-53.50680015,SPRF-SC,DEL07-SC,UOP03-DEL07-SC,2020
"329203,0",2020-12-20,domingo,08:00:00,SC,282,"618,4",IRACEMINHA,Velocidade Incompatível,Colisão lateral,Com Vítimas Fatais,Pleno dia,Decrescente,Chuva,Simples,Curva;Declive,Não,6,2,0,2,1,1,2,3,-26.788088,-53.293259,SPRF-SC,DEL07-SC,UOP02-DEL07-SC,2020
"329252,0",2020-12-20,domingo,15:10:00,SC,282,"333,3",CAMPOS NOVOS,Pista Escorregadia,Colisão frontal,Com Vítimas Fatais,Pleno dia,Crescente,Chuva,Simples,Curva,Não,2,1,0,0,1,0,0,2,-27.3935457,-51.1681319,SPRF-SC,DEL07-SC,UOP06-DEL07-SC,2020
"329336,0",2020-12-20,domingo,20:55:00,SC,101,"277,1",IMBITUBA,Animais na Pista,Atropelamento de Animal,Com Vítimas Feridas,Plena Noite,Decrescente,Ignorado,Dupla,Reta,Sim,5,0,1,1,2,1,2,3,-28.15478103,-48.69265474,SPRF-SC,DEL02-SC,UOP03-DEL02-SC,2020
"329384,0",2020-12-21,segunda-feira,01:55:00,SC,470,"192,3",POUSO REDONDO,Velocidade Incompatível,Saída de leito carroçável,Com Vítimas Feridas,Plena Noite,Decrescente,Nublado,Simples,Declive;Curva,Não,3,0,1,1,0,1,2,2,-27.293324,-50.078678,SPRF-SC,DEL04-SC,UOP02-DEL04-SC,2020
"329388,0",2020-12-21,segunda-feira,04:00:00,SC,101,"138,0",BALNEARIO CAMBORIU,Desobediência às normas de trânsito pelo condutor,Colisão frontal,Com Vítimas Feridas,Plena Noite,Crescente,Céu Claro,Simples,Reta,Sim,2,0,1,0,1,0,1,2,-27.02397426,-48.60761649,SPRF-SC,DEL04-SC,UOP03-DEL04-SC,2020
"329394,0",2020-12-21,segunda-feira,04:15:00,SC,101,"212,7",PALHOCA,Falta de Atenção à Condução,Atropelamento de Pedestre,Com Vítimas Feridas,Plena Noite,Decrescente,Nublado,Dupla,Reta,Não,2,0,0,1,1,0,1,2,-27.62996929,-48.65903871,SPRF-SC,DEL01-SC,UOP02-DEL01-SC,2020
"329399,0",2020-12-21,segunda-feira,04:40:00,SC,101,"214,3",PALHOCA,Falta de Atenção à Condução,Atropelamento de Pedestre,Com Vítimas Feridas,Plena Noite,Decrescente,Nublado,Múltipla,Reta;Aclive,Sim,2,0,0,1,0,1,1,2,-27.64722947,-48.6724484,SPRF-SC,DEL01-SC,UOP02-DEL01-SC,2020
"329402,0",2020-12-21,segunda-feira,05:45:00,SC,470,"130,0",LONTRAS,Falta de Atenção à Condução,Colisão lateral,Com Vítimas Feridas,Amanhecer,Decrescente,Nublado,Simples,Interseção de Vias,Sim,3,0,1,0,2,0,1,3,-27.15756,-49.556488,SPRF-SC,DEL04-SC,UOP02-DEL04-SC,2020
"329413,0",2020-12-21,segunda-feira,06:50:00,SC,101,"119,8",ITAJAI,Desobediência às normas de trânsito pelo condutor,Colisão lateral,Com Vítimas Feridas,Pleno dia,Crescente,Céu Claro,Múltipla,Reta,Sim,4,0,1,0,3,0,1,4,-26.9043179,-48.71555481,SPRF-SC,DEL04-SC,UOP04-DEL04-SC,2020
"329478,0",2020-12-21,segunda-feira,11:15:00,SC,282,"137,0",BOM RETIRO,Defeito Mecânico no Veículo,Colisão com objeto em movimento,Com Vítimas Feridas,Pleno dia,Crescente,Céu Claro,Simples,Reta,Não,4,0,1,0,2,2,1,4,-27.8218,-49.567032,SPRF-SC,DEL05-SC,UOP01-DEL05-SC,2020
"329537,0",2020-12-21,segunda-feira,16:50:00,SC,101,"94,1",BARRA VELHA,Falta de Atenção à Condução,Colisão traseira,Sem Vítimas,Pleno dia,Decrescente,Céu Claro,Dupla,Declive,Não,2,0,0,0,2,0,0,2,-26.69940401,-48.69902784,SPRF-SC,DEL03-SC,UOP02-DEL03-SC,2020
"329541,0",2020-12-21,segunda-feira,17:30:00,SC,282,"500,1",XANXERE,Falta de Atenção à Condução,Colisão traseira,Com Vítimas Feridas,Pleno dia,Crescente,Sol,Dupla,Declive;Rotatória,Não,3,0,1,0,2,0,1,2,-26.881372,-52.37252,SPRF-SC,DEL07-SC,UOP01-DEL07-SC,2020
"329624,0",2020-12-21,segunda-feira,21:30:00,SC,280,"109,6",SAO BENTO DO SUL,Ingestão de Álcool,Saída de leito carroçável,Sem Vítimas,Plena Noite,Crescente,Garoa/Chuvisco,Simples,Interseção de Vias,Não,2,0,0,0,1,1,0,2,-26.30841936,-49.38830853,SPRF-SC,DEL06-SC,UOP03-DEL06-SC,2020
"329735,0",2020-12-22,terça-feira,15:10:00,SC,282,"33,0",AGUAS MORNAS,Falta de Atenção à Condução,Colisão frontal,Com Vítimas Feridas,Pleno dia,Crescente,Nublado,Simples,Reta,Não,2,0,1,1,0,0,2,2,-27.706587,-48.808144,SPRF-SC,DEL01-SC,UOP03-DEL01-SC,2020
"329755,0",2020-12-22,terça-feira,15:20:00,SC,101,"1,9",GARUVA,Não guardar distância de segurança,Colisão lateral,Com Vítimas Feridas,Pleno dia,Crescente,Nublado,Dupla,Reta,Não,2,0,1,0,0,1,1,2,-25.98895627,-48.88356133,SPRF-SC,DEL03-SC,UOP01-DEL03-SC,2020
"329768,0",2020-12-22,terça-feira,18:30:00,SC,282,"624,0",IRACEMINHA,Deficiência ou não Acionamento do Sistema de Iluminação/Sinalização do Veículo,Colisão transversal,Com Vítimas Feridas,Anoitecer,Decrescente,Sol,Simples,Interseção de Vias,Não,4,0,1,0,2,1,1,3,-26.79848517,-53.34563971,SPRF-SC,DEL07-SC,UOP02-DEL07-SC,2020
"329789,0",2020-12-22,terça-feira,21:43:00,SC,101,"114,0",ITAJAI,Defeito Mecânico no Veículo,Colisão traseira,Com Vítimas Feridas,Plena Noite,Crescente,Céu Claro,Dupla,Curva,Sim,4,0,1,0,2,1,1,3,-26.86192886,-48.7286704,SPRF-SC,DEL04-SC,UOP04-DEL04-SC,2020
"329829,0",2020-12-22,terça-feira,23:45:00,SC,282,"207,5",LAGES,Falta de Atenção do Pedestre,Atropelamento de Pedestre,Com Vítimas Feridas,Pleno dia,Decrescente,Garoa/Chuvisco,Simples,Em Obras,Não,2,0,0,1,1,0,1,2,-27.773464,-50.202095,SPRF-SC,DEL05-SC,UOP01-DEL05-SC,2020
"329844,0",2020-12-23,quarta-feira,01:10:00,SC,101,"410,0",MARACAJA,Ingestão de Álcool,Colisão lateral,Sem Vítimas,Plena Noite,Decrescente,Céu Claro,Dupla,Reta,Sim,3,0,0,0,2,2,0,4,-28.9225061,-49.4913107,SPRF-SC,DEL02-SC,UOP02-DEL02-SC,2020
"329847,0",2020-12-23,quarta-feira,05:00:00,SC,470,"61,2",BLUMENAU,Desobediência às normas de trânsito pelo condutor,Colisão transversal,Sem Vítimas,Amanhecer,Crescente,Céu Claro,Simples,Reta,Não,3,0,0,0,2,1,0,2,-26.878952,-49.17421,SPRF-SC,DEL04-SC,UOP01-DEL04-SC,2020
"329850,0",2020-12-23,quarta-feira,01:00:00,SC,282,"68,4",RANCHO QUEIMADO,Falta de Atenção à Condução,Saída de leito carroçável,Com Vítimas Feridas,Plena Noite,Decrescente,Nublado,Simples,Curva,Não,1,0,1,0,0,0,1,1,-27.692406,-49.075939,SPRF-SC,DEL01-SC,UOP03-DEL01-SC,2020
"330118,0",2020-12-24,quinta-feira,05:10:00,SC,101,"143,0",ITAPEMA,Ingestão de Álcool,Colisão lateral,Com Vítimas Feridas,Pleno dia,Crescente,Céu Claro,Dupla,Reta,Sim,2,0,1,0,1,0,1,2,-27.06436,-48.59599405,SPRF-SC,DEL04-SC,UOP03-DEL04-SC,2020
"330195,0",2020-12-24,quinta-feira,12:00:00,SC,101,"205,0",SAO JOSE,Restrição de Visibilidade,Colisão transversal,Sem Vítimas,Pleno dia,Crescente,Céu Claro,Múltipla,Reta,Não,4,0,0,0,3,1,0,4,-27.58313237,-48.61532885,SPRF-SC,DEL01-SC,UOP01-DEL01-SC,2020
"330273,0",2020-12-24,quinta-feira,07:40:00,SC,282,"586,9",PINHALZINHO,Velocidade Incompatível,Tombamento,Sem Vítimas,Pleno dia,Decrescente,Sol,Simples,Curva,Não,2,0,0,0,1,2,0,3,-26.83065776,-53.04430962,SPRF-SC,DEL07-SC,UOP02-DEL07-SC,2020
"330277,0",2020-12-24,quinta-feira,14:20:00,SC,470,"269,1",BRUNOPOLIS,Carga excessiva e/ou mal acondicionada,Saída de leito carroçável,Com Vítimas Feridas,Pleno dia,Crescente,Sol,Simples,Curva,Não,2,0,1,0,0,1,1,2,-27.313988,-50.758327,SPRF-SC,DEL07-SC,UOP06-DEL07-SC,2020
"330737,0",2020-12-26,sábado,20:25:00,SC,116,"182,6",SAO CRISTOVAO DO SUL,Desobediência às normas de trânsito pelo condutor,Colisão lateral,Com Vítimas Feridas,Plena Noite,Decrescente,Nublado,Simples,Reta,Não,3,0,0,1,1,1,1,3,-27.28926519,-50.4334259,SPRF-SC,DEL05-SC,UOP03-DEL05-SC,2020
"330929,0",2020-12-27,domingo,22:30:00,SC,101,"217,6",PALHOCA,Manobra de mudança de faixa,Colisão lateral mesmo sentido,Com Vítimas Feridas,Plena Noite,Decrescente,Céu Claro,Dupla,Reta,Sim,2,0,1,0,0,1,1,2,-27.66779034,-48.67393586,SPRF-SC,DEL01-SC,UOP02-DEL01-SC,2020
"330978,0",2020-12-28,segunda-feira,06:52:00,SC,101,"247,5",PAULO LOPES,Falta de Atenção à Condução,Colisão traseira,Com Vítimas Feridas,Pleno dia,Crescente,Céu Claro,Dupla,Reta,Não,2,0,1,0,1,0,1,2,-27.91824491,-48.65414317,SPRF-SC,DEL02-SC,UOP03-DEL02-SC,2020
"330986,0",2020-12-28,segunda-feira,08:37:00,SC,101,"351,5",JAGUARUNA,Desobediência às normas de trânsito pelo condutor,Colisão lateral,Com Vítimas Feridas,Pleno dia,Decrescente,Céu Claro,Dupla,Reta,Não,3,0,1,0,2,0,1,3,-28.60930835,-49.05916393,SPRF-SC,DEL02-SC,UOP01-DEL02-SC,2020
"330988,0",2020-12-28,segunda-feira,06:40:00,SC,282,"489,3",FAXINAL DOS GUEDES,Falta de Atenção à Condução,Colisão lateral,Com Vítimas Feridas,Pleno dia,Crescente,Céu Claro,Simples,Declive,Não,3,0,0,1,2,0,1,2,-26.863247,-52.270392,SPRF-SC,DEL07-SC,UOP01-DEL07-SC,2020
"330999,0",2020-12-28,segunda-feira,09:00:00,SC,101,"155,7",PORTO BELO,Velocidade Incompatível,Colisão traseira,Com Vítimas Feridas,Pleno dia,Decrescente,Céu Claro,Dupla,Reta,Sim,4,0,1,0,2,2,1,4,-27.16292,-48.61129,SPRF-SC,DEL04-SC,UOP03-DEL04-SC,2020
"331063,0",2020-12-28,segunda-feira,15:00:00,SC,282,"551,5",NOVA ITABERABA,Velocidade Incompatível,Saída de leito carroçável,Sem Vítimas,Pleno dia,Crescente,Chuva,Simples,Curva,Não,4,0,0,0,3,1,0,4,-26.951487,-52.778172,SPRF-SC,DEL07-SC,UOP01-DEL07-SC,2020
"331091,0",2020-12-28,segunda-feira,15:50:00,SC,470,"4,0",NAVEGANTES,Falta de Atenção à Condução,Tombamento,Sem Vítimas,Pleno dia,Decrescente,Garoa/Chuvisco,Simples,Reta,Sim,1,0,0,0,1,0,0,1,-26.858473,-48.690788,SPRF-SC,DEL04-SC,UOP04-DEL04-SC,2020
"331227,0",2020-12-29,terça-feira,14:20:00,SC,101,"360,0",SANGAO,Desobediência às normas de trânsito pelo condutor,Colisão lateral,Com Vítimas Feridas,Pleno dia,Crescente,Sol,Simples,Interseção de Vias,Não,2,0,1,0,1,0,1,2,-28.65823109,-49.10991486,SPRF-SC,DEL02-SC,UOP01-DEL02-SC,2020
"331235,0",2020-12-29,terça-feira,15:50:00,SC,101,"327,0",CAPIVARI DE BAIXO,Falta de Atenção à Condução,Colisão lateral,Sem Vítimas,Pleno dia,Crescente,Nublado,Dupla,Reta,Não,3,0,0,0,2,1,0,3,-28.43023306,-48.95205197,SPRF-SC,DEL02-SC,UOP01-DEL02-SC,2020
"331257,0",2020-12-29,terça-feira,17:20:00,SC,101,"90,2",BARRA VELHA,Não guardar distância de segurança,Colisão traseira,Com Vítimas Feridas,Pleno dia,Crescente,Garoa/Chuvisco,Dupla,Reta,Sim,2,0,1,0,1,0,1,2,-26.66148503,-48.68866176,SPRF-SC,DEL03-SC,UOP02-DEL03-SC,2020
"331274,0",2020-12-29,terça-feira,13:30:00,SC,282,"634,0",DESCANSO,Falta de Atenção à Condução,Colisão lateral,Com Vítimas Feridas,Pleno dia,Crescente,Céu Claro,Simples,Curva,Não,3,0,1,0,2,0,1,3,-26.825808,-53.420979,SPRF-SC,DEL07-SC,UOP03-DEL07-SC,2020
"331343,0",2020-12-30,quarta-feira,08:05:00,SC,101,"241,1",PALHOCA,Desobediência às normas de trânsito pelo condutor,Colisão lateral,Sem Vítimas,Pleno dia,Crescente,Céu Claro,Múltipla,Reta,Não,3,0,0,0,2,1,0,3,-27.86671599,-48.64607012,SPRF-SC,DEL01-SC,UOP02-DEL01-SC,2020
"331498,0",2020-12-30,quarta-feira,22:35:00,SC,101,"129,5",CAMBORIU,Ingestão de Álcool,Colisão lateral,Com Vítimas Feridas,Plena Noite,Decrescente,Céu Claro,Dupla,Reta,Sim,2,0,1,0,1,0,1,2,-26.98064277,-48.6790679,SPRF-SC,DEL04-SC,UOP03-DEL04-SC,2020
"331527,0",2020-12-31,quinta-feira,02:55:00,SC,282,"527,1",XAXIM,Falta de Atenção à Condução,Colisão frontal,Com Vítimas Feridas,Plena Noite,Decrescente,Chuva,Simples,Curva,Não,3,0,1,0,1,1,1,3,-26.973196,-52.583321,SPRF-SC,DEL07-SC,UOP01-DEL07-SC,2020
"332372,0",2020-11-20,sexta-feira,14:20:00,SC,101,"323,0",CAPIVARI DE BAIXO,Falta de Atenção à Condução,Colisão traseira,Sem Vítimas,Pleno dia,Crescente,Céu Claro,Dupla,Reta,Sim,4,0,0,0,3,2,0,5,-28.42789556,-48.91248313,SPRF-SC,DEL02-SC,UOP01-DEL02-SC,2020
"332715,0",2020-12-10,quinta-feira,13:30:00,SC,282,"424,8",VARGEM BONITA,Ultrapassagem Indevida,Colisão frontal,Com Vítimas Fatais,Pleno dia,Decrescente,Céu Claro,Simples,Curva,Não,4,1,1,0,1,2,1,4,-26.988014,-51.753124,SPRF-SC,DEL07-SC,UOP05-DEL07-SC,2020
"333078,0",2020-11-30,segunda-feira,05:30:00,SC,470,"111,0",IBIRAMA,Desobediência às normas de trânsito pelo condutor,Saída de leito carroçável,Com Vítimas Feridas,Pleno dia,Decrescente,Céu Claro,Simples,Curva,Não,2,0,1,0,0,1,1,2,-27.095388,-49.457878,SPRF-SC,DEL04-SC,UOP02-DEL04-SC,2020
"333849,0",2020-11-24,terça-feira,18:20:00,SC,470,"130,1",LONTRAS,Desobediência às normas de trânsito pelo condutor,Colisão lateral,Com Vítimas Fatais,Anoitecer,Decrescente,Céu Claro,Simples,Reta,Não,4,1,0,0,1,2,0,4,-27.16168502,-49.55659473,SPRF-SC,DEL04-SC,UOP02-DEL04-SC,2020
"336586,0",2020-10-31,sábado,18:40:00,SC,101,"331,2",TUBARAO,Falta de Atenção à Condução,Colisão traseira,Sem Vítimas,Anoitecer,Decrescente,Nublado,Múltipla,Interseção de Vias,Sim,4,0,0,0,3,2,0,5,-28.45567521,-48.9812689,SPRF-SC,DEL02-SC,UOP01-DEL02-SC,2020
"338262,0",2020-12-12,sábado,22:20:00,SC,116,"135,8",SANTA CECILIA,Ingestão de Álcool,Colisão frontal,Com Vítimas Fatais,Plena Noite,Crescente,Garoa/Chuvisco,Simples,Reta;Aclive,Não,2,1,0,0,1,0,0,2,-26.936367,-50.432137,SPRF-SC,DEL06-SC,UOP02-DEL06-SC,2020
"342288,0",2020-11-26,quinta-feira,10:55:00,SC,153,"18,5",AGUA DOCE,Falta de Atenção à Condução,Colisão transversal,Com Vítimas Feridas,Pleno dia,Decrescente,Céu Claro,Simples,Reta,Não,3,0,0,1,1,1,1,3,-26.711218,-51.608593,SPRF-SC,DEL07-SC,UOP05-DEL07-SC,2020
"345638,0",2020-11-07,sábado,18:45:00,SC,116,"241,0",LAGES,Ingestão de Álcool,Colisão frontal,Com Vítimas Feridas,Plena Noite,Crescente,Céu Claro,Simples,Curva,Não,2,0,1,0,1,0,1,2,-27.76776602,-50.33668491,SPRF-SC,DEL05-SC,UOP01-DEL05-SC,2020
"346392,0",2020-06-12,sexta-feira,15:00:00,SC,101,"120,1",ITAJAI,Falta de Atenção à Condução,Colisão traseira,Com Vítimas Feridas,Pleno dia,Crescente,Sol,Dupla,Reta,Não,7,0,1,2,1,4,3,7,-26.912758,-48.711998,SPRF-SC,DEL04-SC,UOP04-DEL04-SC,2020
"348712,0",2020-05-29,sexta-feira,05:20:00,SC,282,"633,6",DESCANSO,Velocidade Incompatível,Saída de leito carroçável,Com Vítimas Feridas,Plena Noite,Decrescente,Céu Claro,Simples,Declive;Curva,Não,2,0,0,1,0,1,1,2,-26.824224,-53.412407,SPRF-SC,DEL07-SC,UOP03-DEL07-SC,2020
"359280,0",2020-06-24,quarta-feira,14:00:00,SC,101,"58,0",ARAQUARI,Velocidade Incompatível,Tombamento,Com Vítimas Feridas,Pleno dia,Decrescente,Sol,Múltipla,Curva,Não,2,0,1,0,0,1,1,2,-26.44025049,-48.80129043,SPRF-SC,DEL03-SC,UOP02-DEL03-SC,2020
"364030,0",2020-03-13,sexta-feira,22:40:00,SC,101,"158,0",PORTO BELO,Desobediência às normas de trânsito pelo condutor,Colisão traseira,Com Vítimas Feridas,Plena Noite,Crescente,Céu Claro,Dupla,Retorno Regulamentado,Não,5,0,3,0,1,1,3,5,-27.19096301,-48.61259017,SPRF-SC,DEL04-SC,UOP03-DEL04-SC,2020
"365540,0",2020-04-14,terça-feira,14:17:00,SC,101,"120,4",ITAJAI,Falta de Atenção à Condução,Colisão transversal,Com Vítimas Feridas,Pleno dia,Decrescente,Céu Claro,Múltipla,Reta,Sim,2,0,1,0,1,0,1,2,-26.912758,-48.711998,SPRF-SC,DEL04-SC,UOP04-DEL04-SC,2020
"391270,0",2020-08-29,sábado,19:20:00,SC,101,"251,8",PAULO LOPES,Falta de Atenção do Pedestre,Atropelamento de Pedestre,Com Vítimas Fatais,Plena Noite,Decrescente,Céu Claro,Múltipla,Reta,Sim,3,1,0,0,1,1,0,3,-27.95700824,-48.67698854,SPRF-SC,DEL02-SC,UOP03-DEL02-SC,2020
"392557,0",2020-10-10,sábado,19:40:00,SC,101,"205,0",SAO JOSE,Falta de Atenção à Condução,Colisão traseira,Com Vítimas Feridas,Plena Noite,Crescente,Céu Claro,Dupla,Reta,Sim,4,0,1,1,1,1,2,3,-27.58313237,-48.61532885,SPRF-SC,DEL01-SC,UOP01-DEL01-SC,2020
"591259,0",2020-03-09,segunda-feira,01:00:00,SC,101,"107,7",PENHA,Ingestão de álcool pelo condutor,Colisão transversal,Sem Vítimas,Plena Noite,Crescente,Nublado,Dupla,Reta,Não,3,0,0,0,2,1,0,3,-26.82422397,-48.68853092,SPRF-SC,DEL03-SC,UOP02-DEL03-SC,2020
"266089,0",2020-01-30,quinta-feira,22:19:00,SC,470,"168,5",POUSO REDONDO,Falta de Atenção à Condução,Colisão traseira,Com Vítimas Feridas,Plena Noite,Crescente,Nublado,Simples,Reta,Não,3,0,1,0,2,0,1,2,-27.266994,-49.872524,SPRF-SC,DEL04-SC,UOP02-DEL04-SC,2020
"268546,0",2020-02-11,terça-feira,07:45:00,SC,101,"119,0",ITAJAI,Desobediência às normas de trânsito pelo condutor,Colisão lateral,Com Vítimas Feridas,Pleno dia,Crescente,Céu Claro,Dupla,Reta,Não,2,0,0,1,0,1,1,2,-26.9043179,-48.71555481,SPRF-SC,DEL04-SC,UOP04-DEL04-SC,2020