id,data_inversa,dia_semana,horario,uf,br,km,municipio,causa_acidente,tipo_acidente,classificacao_acidente,fase_dia,sentido_via,condicao_metereologica,tipo_pista,tracado_via,uso_solo,pessoas,mortos,feridos_leves,feridos_graves,ilesos,ignorados,feridos,veiculos,latitude,longitude,regional,delegacia,uop,ano_arquivo
"284575,0",2020-05-15,sexta-feira,07:00:00,SC,116,"168,8",PONTE ALTA DO NORTE,Falta de Atenção à Condução,Colisão frontal,Com Vítimas Feridas,Pleno dia,Decrescente,Nublado,Dupla,Aclive,Não,3,0,0,1,1,1,1,3,-27.17744197,-50.46251117,SPRF-SC,DEL05-SC,UOP03-DEL05-SC,2020
"325081,0",2020-12-01,terça-feira,20:20:00,SC,282,"507,0",XANXERE,Desobediência às normas de trânsito pelo condutor,Colisão traseira,Com Vítimas Feridas,Plena Noite,Crescente,Céu Claro,Simples,Reta,Não,2,0,1,0,1,0,1,2,-26.886171,-52.43911,SPRF-SC,DEL07-SC,UOP01-DEL07-SC,2020
"288395,0",2020-06-06,sábado,02:50:00,SC,470,"1,5",ILHOTA,Pista Escorregadia,,,Plena Noite,Decrescente,Chuva,Simples,Reta,Não,1,0,0,0,0,1,0,1,-26.900204,-48.82765,SPRF-SC,DEL04-SC,UOP04-DEL04-SC,2020
"264401,0",2020-01-22,quarta-feira,13:00:00,SC,101,"150,0",ITAPEMA,Não guardar distância de segurança,Tombamento,Com Vítimas Feridas,Pleno dia,Decrescente,Chuva,Simples,Reta,Sim,2,0,1,0,0,1,1,2,-27.11744799,-48.60940987,SPRF-SC,DEL04-SC,UOP03-DEL04-SC,2020
"264855,0",2020-01-24,sexta-feira,17:30:00,SC,470,"45,0",GASPAR,Ultrapassagem Indevida,Colisão transversal,Com Vítimas Feridas,Pleno dia,Decrescente,Céu Claro,Simples,Interseção de Vias;Reta,Não,3,0,1,0,1,1,1,3,-26.867064,-49.031109,SPRF-SC,DEL04-SC,UOP01-DEL04-SC,2020
"265459,0",2020-01-27,segunda-feira,11:30:00,SC,282,"38,0",AGUAS MORNAS,Falta de Atenção à Condução,Colisão frontal,Com Vítimas Feridas,Pleno dia,Crescente,Céu Claro,Simples,Reta,Não,5,0,2,1,1,1,3,3,-27.709209,-48.852467,SPRF-SC,DEL01-SC,UOP03-DEL01-SC,2020
"269059,0",2020-02-13,quinta-feira,20:15:00,SC,470,"6,0",ITAJAI,Defeito Mecânico no Veículo,Colisão frontal,Com Vítimas Feridas,Plena Noite,Crescente,Nublado,Dupla,Reta,Sim,5,0,0,1,3,1,1,3,-26.852238,-48.709545,SPRF-SC,DEL04-SC,UOP04-DEL04-SC,2020
"270347,0",2020-02-20,quinta-feira,00:45:00,SC,101,"334,5",TUBARAO,Falta de Atenção à Condução,Colisão traseira,Sem Vítimas,Plena Noite,Crescente,Nublado,Simples,Reta,Sim,3,0,0,0,2,1,0,3,-28.46730446,-49.00604302,SPRF-SC,DEL02-SC,UOP01-DEL02-SC,2020
"271722,0",2020-02-25,terça-feira,21:50:00,SC,470,"184,5",POUSO REDONDO,Falta de Atenção à Condução,Colisão com objeto estático,Com Vítimas Feridas,Plena Noite,Decrescente,Chuva,Simples,Reta,Não,2,0,1,0,0,1,1,2,-27.253036,-50.026642,SPRF-SC,DEL04-SC,UOP02-DEL04-SC,2020
"273949,0",2020-03-07,sábado,23:30:00,SC,470,"184,9",POUSO REDONDO,Ingestão de Álcool,Colisão lateral,Sem Vítimas,Plena Noite,Decrescente,Nublado,Simples,Curva,Não,3,0,0,0,1,2,0,3,-27.253036,-50.026642,SPRF-SC,DEL04-SC,UOP02-DEL04-SC,2020
"274892,0",2020-03-12,quinta-feira,11:00:00,SC,282,"217,5",LAGES,Desobediência às normas de trânsito pelo condutor,Colisão transversal,Com Vítimas Feridas,Pleno dia,Decrescente,Céu Claro,Dupla,Interseção de Vias,Sim,3,0,1,0,1,1,1,3,-27.797916,-50.302944,SPRF-SC,DEL05-SC,UOP01-DEL05-SC,2020
"279227,0",2020-04-10,sexta-feira,13:30:00,SC,470,"211,5",SAO CRISTOVAO DO SUL,Velocidade Incompatível,Saída de leito carroçável,Com Vítimas Feridas,Pleno dia,Decrescente,Nublado,Simples,Curva,Não,2,0,1,0,0,1,1,2,-27.306231,-50.228275,SPRF-SC,DEL05-SC,UOP03-DEL05-SC,2020
"282299,0",2020-05-01,sexta-feira,12:10:00,SC,282,"58,8",RANCHO QUEIMADO,Falta de Atenção à Condução,Saída de leito carroçável,Com Vítimas Feridas,Pleno dia,Decrescente,Céu Claro,Simples,Declive,Não,3,0,2,0,0,1,2,2,-27.683594,-49.005539,SPRF-SC,DEL01-SC,UOP03-DEL01-SC,2020
"287213,0",2020-05-30,sábado,18:30:00,SC,280,"8,0",SAO FRANCISCO DO SUL,Defeito Mecânico no Veículo,Danos eventuais,Sem Vítimas,Plena Noite,Decrescente,Nublado,Simples,Declive,Não,3,0,0,0,2,1,0,2,-26.27887292,-48.64668626,SPRF-SC,DEL03-SC,UOP03-DEL03-SC,2020
"294920,0",2020-07-11,sábado,20:35:00,SC,282,"252,4",SAO JOSE DO CERRITO,Desobediência às normas de trânsito pelo condutor,Colisão frontal,Com Vítimas Fatais,Plena Noite,Decrescente,Chuva,Simples,Curva,Não,5,1,0,3,0,1,3,3,-27.68879311,-50.56629919,SPRF-SC,DEL05-SC,UOP02-DEL05-SC,2020
"296486,0",2020-07-20,segunda-feira,08:50:00,SC,101,"223,0",PALHOCA,Carga excessiva e/ou mal acondicionada,Colisão com objeto estático,Com Vítimas Feridas,Pleno dia,Crescente,Céu Claro,Dupla,Reta;Declive,Não,3,0,1,0,1,1,1,3,-27.71617703,-48.64853382,SPRF-SC,DEL01-SC,UOP02-DEL01-SC,2020
"299588,0",2020-08-05,quarta-feira,10:40:00,SC,282,"194,0",LAGES,Não guardar distância de segurança,Saída de leito carroçável,Com Vítimas Feridas,Pleno dia,Decrescente,Céu Claro,Simples,Reta;Aclive,Não,8,0,6,0,1,1,6,3,-27.74324,-50.075451,SPRF-SC,DEL05-SC,UOP01-DEL05-SC,2020
"299593,0",2020-08-02,domingo,06:40:00,SC,470,"2,0",NAVEGANTES,Restrição de Visibilidade,Colisão traseira,Com Vítimas Feridas,Amanhecer,Decrescente,Nevoeiro/Neblina,Dupla,Reta,Sim,3,0,0,1,1,1,1,3,-26.868551,-48.674831,SPRF-SC,DEL04-SC,UOP04-DEL04-SC,2020
"304157,0",2020-08-28,sexta-feira,18:50:00,SC,153,"95,0",CONCORDIA,Falta de Atenção à Condução,Colisão transversal,Com Vítimas Feridas,Plena Noite,Crescente,Céu Claro,Simples,Curva,Não,5,0,1,0,3,1,1,3,-27.204384,-51.949116,SPRF-SC,DEL07-SC,UOP04-DEL07-SC,2020
"307076,0",2020-09-10,quinta-feira,19:05:00,SC,280,"125,0",RIO NEGRINHO,Desobediência às normas de trânsito pelo condutor,Colisão transversal,Com Vítimas Feridas,Plena Noite,Crescente,Nublado,Simples,Declive;Reta;Interseção de Vias,Sim,3,0,1,0,1,1,1,3,-26.23896342,-49.50091839,SPRF-SC,DEL06-SC,UOP03-DEL06-SC,2020
"307880,0",2020-09-14,segunda-feira,09:40:00,SC,280,"210,8",TRES BARRAS,Desobediência às normas de trânsito pelo condutor,Colisão traseira,Com Vítimas Feridas,Pleno dia,Crescente,Céu Claro,Simples,Reta,Não,3,0,1,0,1,1,1,3,-26.17847118,-50.23138046,SPRF-SC,DEL06-SC,UOP04-DEL06-SC,2020
"308028,0",2020-09-15,terça-feira,08:05:00,SC,101,"213,4",PALHOCA,Falta de Atenção à Condução,Colisão traseira,Com Vítimas Feridas,Pleno dia,Crescente,Nublado,Dupla,Reta,Sim,3,0,1,0,1,1,1,3,-27.63697369,-48.66514142,SPRF-SC,DEL01-SC,UOP02-DEL01-SC,2020
"310324,0",2020-09-26,sábado,07:35:00,SC,470,"155,2",AGRONOMICA,Condutor Dormindo,Colisão traseira,Com Vítimas Feridas,Pleno dia,Crescente,Sol,Simples,Reta,Não,3,0,2,0,0,1,2,3,-27.277105,-49.751972,SPRF-SC,DEL04-SC,UOP02-DEL04-SC,2020
"310921,0",2020-09-28,segunda-feira,17:00:00,SC,470,"96,0",APIUNA,Defeito Mecânico no Veículo,Colisão frontal,Com Vítimas Feridas,Pleno dia,Crescente,Céu Claro,Simples,Reta,Sim,4,0,0,1,1,2,1,4,-27.020767,-49.371342,SPRF-SC,DEL04-SC,UOP01-DEL04-SC,2020
"311068,0",2020-09-21,segunda-feira,10:45:00,SC,282,"485,9",FAXINAL DOS GUEDES,Falta de Atenção do Pedestre,Atropelamento de Pedestre,Com Vítimas Feridas,Pleno dia,Decrescente,Sol,Simples,Reta,Não,3,0,0,1,1,1,1,3,-26.857132,-52.245258,SPRF-SC,DEL07-SC,UOP01-DEL07-SC,2020
"312874,0",2020-10-08,quinta-feira,06:50:00,SC,163,"71,0",SAO MIGUEL DO OESTE,Desobediência às normas de trânsito pelo condutor,Tombamento,Com Vítimas Feridas,Pleno dia,Crescente,Chuva,Dupla,Curva,Sim,3,0,0,1,1,1,1,3,-26.72772401,-53.51281303,SPRF-SC,DEL07-SC,UOP03-DEL07-SC,2020
"314519,0",2020-10-13,terça-feira,10:00:00,SC,282,"223,2",LAGES,Desobediência às normas de trânsito pelo condutor,Colisão frontal,Com Vítimas Feridas,Pleno dia,Crescente,Sol,Simples,Curva,Não,4,0,0,1,2,1,1,3,-27.79847835,-50.35532182,SPRF-SC,DEL05-SC,UOP01-DEL05-SC,2020
"315987,0",2020-10-20,terça-feira,17:20:00,SC,101,"402,9",MARACAJA,Falta de Atenção à Condução,Colisão com objeto estático,Sem Vítimas,Pleno dia,Crescente,Nublado,Dupla,Reta,Não,3,0,0,0,2,1,0,3,-28.86330994,-49.44595308,SPRF-SC,DEL02-SC,UOP02-DEL02-SC,2020
"322448,0",2020-11-19,quinta-feira,17:10:00,SC,282,"5,5",SAO JOSE,Não guardar distância de segurança,Colisão lateral,Com Vítimas Feridas,Pleno dia,Crescente,Nublado,Múltipla,Reta,Sim,4,0,1,0,2,1,1,4,-27.588425,-48.612919,SPRF-SC,DEL01-SC,UOP01-DEL01-SC,2020
"322614,0",2020-11-20,sexta-feira,13:50:00,SC,470,"96,5",APIUNA,Desobediência às normas de trânsito pelo condutor,Colisão transversal,Com Vítimas Feridas,Pleno dia,Decrescente,Sol,Simples,Reta,Sim,3,0,1,0,1,1,1,3,-27.026621,-49.378124,SPRF-SC,DEL04-SC,UOP01-DEL04-SC,2020
"326096,0",2020-12-06,domingo,14:55:00,SC,470,"121,0",IBIRAMA,Falta de Atenção à Condução,Colisão transversal,Com Vítimas Feridas,Pleno dia,Decrescente,Garoa/Chuvisco,Simples,Curva,Não,5,0,3,0,1,1,3,3,-27.095861,-49.526859,SPRF-SC,DEL04-SC,UOP02-DEL04-SC,2020
"331444,0",2020-12-30,quarta-feira,18:35:00,SC,280,"28,0",ARAQUARI,Falta de Atenção à Condução,Colisão traseira,Sem Vítimas,Anoitecer,Decrescente,Nublado,Simples,Reta,Sim,5,0,0,0,4,1,0,5,-26.40450077,-48.74561031,SPRF-SC,DEL03-SC,UOP03-DEL03-SC,2020
"344190,0",2020-12-19,sábado,00:05:00,SC,116,"145,0",SANTA CECILIA,Ultrapassagem Indevida,Colisão lateral mesmo sentido,Com Vítimas Feridas,Plena Noite,Crescente,Céu Claro,Simples,Reta,Não,3,0,1,0,1,1,1,3,-26.9952408,-50.40782997,SPRF-SC,DEL06-SC,UOP02-DEL06-SC,2020
"260037,0",2020-01-01,quarta-feira,01:52:00,SC,101,"206,9",SAO JOSE,Ingestão de Álcool,Colisão lateral,Com Vítimas Feridas,Plena Noite,Crescente,Nublado,Simples,Reta,Sim,2,0,1,0,1,0,1,2,-27.59193546,-48.61824557,SPRF-SC,DEL01-SC,UOP01-DEL01-SC,2020
"260041,0",2020-01-01,quarta-feira,02:20:00,SC,101,"89,9",BARRA VELHA,Falta de Atenção à Condução,Colisão com objeto estático,Sem Vítimas,Plena Noite,Crescente,Garoa/Chuvisco,Dupla,Reta,Sim,1,0,0,0,1,0,0,1,-26.66327987,-48.68898153,SPRF-SC,DEL03-SC,UOP02-DEL03-SC,2020
"260045,0",2020-01-01,quarta-feira,02:50:00,SC,470,"116,3",IBIRAMA,Condutor Dormindo,Colisão frontal,Com Vítimas Feridas,Plena Noite,Decrescente,Nublado,Simples,Curva,Sim,4,0,2,2,0,0,4,2,-27.07756,-49.49448,SPRF-SC,DEL04-SC,UOP02-DEL04-SC,2020
"260046,0",2020-01-01,quarta-feira,02:15:00,SC,282,"509,0",XANXERE,Animais na Pista,Saída de leito carroçável,Com Vítimas Feridas,Plena Noite,Decrescente,Céu Claro,Simples,Reta,Não,3,0,0,1,1,1,1,2,-26.89436315,-52.4613905,SPRF-SC,DEL07-SC,UOP01-DEL07-SC,2020
"260053,0",2020-01-01,quarta-feira,04:00:00,SC,101,"132,0",BALNEARIO CAMBORIU,Falta de Atenção do Pedestre,Atropelamento de Pedestre,Com Vítimas Fatais,Plena Noite,Crescente,Céu Claro,Dupla,Curva,Sim,2,1,0,0,1,0,0,2,-26.99654133,-48.65564711,SPRF-SC,DEL04-SC,UOP03-DEL04-SC,2020
"260063,0",2020-01-01,quarta-feira,03:30:00,SC,101,"252,2",PAULO LOPES,Ingestão de Álcool,Colisão lateral,Sem Vítimas,Plena Noite,Crescente,Céu Claro,Dupla,Reta,Não,5,0,0,0,5,0,0,2,-27.95672412,-48.6767588,SPRF-SC,DEL02-SC,UOP03-DEL02-SC,2020
"260076,0",2020-01-01,quarta-feira,07:00:00,SC,101,"155,0",PORTO BELO,Falta de Atenção à Condução,Tombamento,Com Vítimas Feridas,Pleno dia,Crescente,Sol,Dupla,Reta,Não,1,0,1,0,0,0,1,1,-27.16292,-48.61129,SPRF-SC,DEL04-SC,UOP03-DEL04-SC,2020
"260157,0",2020-01-01,quarta-feira,15:30:00,SC,101,"138,7",BALNEARIO CAMBORIU,Defeito Mecânico no Veículo,Colisão frontal,Com Vítimas Feridas,Pleno dia,Crescente,Céu Claro,Simples,Interseção de Vias,Não,2,0,1,0,1,0,1,2,-27.02397426,-48.60761649,SPRF-SC,DEL04-SC,UOP03-DEL04-SC,2020
"260159,0",2020-01-01,quarta-feira,15:30:00,SC,101,"215,0",PALHOCA,Falta de Atenção à Condução,Tombamento,Com Vítimas Feridas,Pleno dia,Decrescente,Nublado,Dupla,Reta,Não,2,0,2,0,0,0,2,1,-27.65184843,-48.67604941,SPRF-SC,DEL01-SC,UOP02-DEL01-SC,2020
"260160,0",2020-01-01,quarta-feira,15:50:00,SC,101,"221,0",PALHOCA,Falta de Atenção à Condução,Tombamento,Com Vítimas Feridas,Pleno dia,Crescente,Garoa/Chuvisco,Dupla,Reta,Sim,1,0,0,1,0,0,1,1,-27.70012652,-48.66021182,SPRF-SC,DEL01-SC,UOP02-DEL01-SC,2020
"260166,0",2020-01-01,quarta-feira,16:25:00,SC,101,"179,0",BIGUACU,Defeito Mecânico no Veículo,Tombamento,Com Vítimas Feridas,Pleno dia,Decrescente,Nublado,Dupla,Curva,Sim,1,0,1,0,0,0,1,1,-27.37436356,-48.63253713,SPRF-SC,DEL01-SC,UOP01-DEL01-SC,2020
"260168,0",2020-01-01,quarta-feira,16:15:00,SC,280,"21,0",ARAQUARI,Falta de Atenção à Condução,Queda de ocupante de veículo,Com Vítimas Feridas,Pleno dia,Decrescente,Chuva,Simples,Reta,Não,1,0,1,0,0,0,1,1,-26.37043169,-48.69219602,SPRF-SC,DEL03-SC,UOP03-DEL03-SC,2020
"260169,0",2020-01-01,quarta-feira,16:40:00,SC,282,"75,0",RANCHO QUEIMADO,Velocidade Incompatível,Saída de leito carroçável,Com Vítimas Feridas,Pleno dia,Decrescente,Chuva,Simples,Curva,Não,1,0,0,1,0,0,1,1,-27.690931,-49.129143,SPRF-SC,DEL01-SC,UOP03-DEL01-SC,2020
"260177,0",2020-01-01,quarta-feira,13:50:00,SC,163,"121,0",DIONISIO CERQUEIRA,Avarias e/ou desgaste excessivo no pneu,Saída de leito carroçável,Sem Vítimas,Pleno dia,Decrescente,Chuva,Simples,Curva,Não,4,0,0,0,4,0,0,1,-26.320844,-53.550503,SPRF-SC,DEL07-SC,UOP04-DEL07-SC,2020
"260189,0",2020-01-01,quarta-feira,17:45:00,SC,101,"333,0",TUBARAO,Desobediência às normas de trânsito pelo condutor,Colisão transversal,Com Vítimas Feridas,Pleno dia,Decrescente,Nublado,Múltipla,Viaduto;Reta;Interseção de Vias,Sim,2,0,0,1,1,0,1,2,-28.46630107,-48.99653096,SPRF-SC,DEL02-SC,UOP01-DEL02-SC,2020
"260201,0",2020-01-01,quarta-feira,15:55:00,SC,101,"65,1",ARAQUARI,Não guardar distância de segurança,Engavetamento,Com Vítimas Feridas,Pleno dia,Decrescente,Nublado,Dupla,Reta,Não,4,0,1,1,2,0,2,3,-26.47135714,-48.74457217,SPRF-SC,DEL03-SC,UOP02-DEL03-SC,2020
"260204,0",2020-01-01,quarta-feira,14:50:00,SC,101,"290,1",IMBITUBA,Defeito Mecânico no Veículo,Saída de leito carroçável,Com Vítimas Feridas,Pleno dia,Crescente,Nublado,Dupla,Reta,Sim,2,0,1,1,0,0,2,1,-28.26202477,-48.70403355,SPRF-SC,DEL02-SC,UOP03-DEL02-SC,2020
"260230,0",2020-01-01,quarta-feira,15:40:00,SC,280,"97,5",CORUPA,Velocidade Incompatível,Colisão frontal,Com Vítimas Feridas,Pleno dia,Decrescente,Garoa/Chuvisco,Simples,Curva;Aclive,Sim,6,0,2,1,3,0,3,2,-26.37833107,-49.31732124,SPRF-SC,DEL06-SC,UOP03-DEL06-SC,2020
"260234,0",2020-01-01,quarta-feira,02:30:00,SC,280,"269,0",IRINEOPOLIS,Ingestão de Álcool,Capotamento,Com Vítimas Feridas,Plena Noite,Decrescente,Céu Claro,Simples,Curva,Não,1,0,1,0,0,0,1,1,-26.26376839,-50.72757985,SPRF-SC,DEL06-SC,UOP04-DEL06-SC,2020
"260236,0",2020-01-01,quarta-feira,16:10:00,SC,280,"155,0",MAFRA,Não guardar distância de segurança,Engavetamento,Com Vítimas Feridas,Pleno dia,Crescente,Nublado,Simples,Aclive,Não,6,0,3,0,3,0,3,3,-26.21136649,-49.72750068,SPRF-SC,DEL06-SC,UOP03-DEL06-SC,2020
"260238,0",2020-01-01,quarta-feira,21:10:00,SC,101,"321,8",LAGUNA,Falta de Atenção à Condução,Colisão com objeto estático,Com Vítimas Feridas,Plena Noite,Decrescente,Garoa/Chuvisco,Dupla,Reta,Não,1,0,1,0,0,0,1,1,-28.42532339,-48.8919091,SPRF-SC,DEL02-SC,UOP01-DEL02-SC,2020
"260253,0",2020-01-01,quarta-feira,10:15:00,SC,470,"31,0",GASPAR,Não guardar distância de segurança,Colisão traseira,Com Vítimas Feridas,Pleno dia,Crescente,Sol,Dupla,Reta;Desvio Temporário,Não,3,0,1,0,2,0,1,2,-26.89854448,-48.92593861,SPRF-SC,DEL04-SC,UOP01-DEL04-SC,2020
"260283,0",2020-01-02,quinta-feira,03:45:00,SC,470,"355,5",CAMPOS NOVOS,Velocidade Incompatível,Colisão com objeto estático,Sem Vítimas,Plena Noite,Crescente,Ignorado,Simples,Reta,Não,1,0,0,0,0,1,0,1,-27.588255,-51.473515,SPRF-SC,DEL07-SC,UOP06-DEL07-SC,2020
"260314,0",2020-01-02,quinta-feira,10:20:00,SC,101,"430,0",SOMBRIO,Não guardar distância de segurança,Colisão traseira,Sem Vítimas,Pleno dia,Crescente,Nublado,Dupla,Reta,Não,3,0,0,0,3,0,0,3,-29.05578387,-49.62209542,SPRF-SC,DEL02-SC,UOP02-DEL02-SC,2020
"260325,0",2020-01-02,quinta-feira,11:55:00,SC,101,"139,0",BALNEARIO CAMBORIU,Falta de Atenção à Condução,Colisão traseira,Com Vítimas Feridas,Pleno dia,Decrescente,Céu Claro,Dupla,Reta,Sim,2,0,1,0,1,0,1,2,-27.02982303,-48.60115006,SPRF-SC,DEL04-SC,UOP03-DEL04-SC,2020
"260326,0",2020-01-02,quinta-feira,11:40:00,SC,101,"150,0",PORTO BELO,Não guardar distância de segurança,Colisão lateral,Com Vítimas Feridas,Pleno dia,Crescente,Céu Claro,Dupla,Reta,Sim,2,0,1,0,1,0,1,2,-27.11744799,-48.60940987,SPRF-SC,DEL04-SC,UOP03-DEL04-SC,2020
"260329,0",2020-01-02,quinta-feira,08:40:00,SC,101,"91,0",BARRA VELHA,Falta de Atenção à Condução,Colisão lateral,Com Vítimas Feridas,Pleno dia,Decrescente,Nublado,Dupla,Reta,Sim,2,0,1,0,1,0,1,2,-26.67120698,-48.69011814,SPRF-SC,DEL03-SC,UOP02-DEL03-SC,2020
"260359,0",2020-01-02,quinta-feira,13:50:00,SC,101,"203,0",SAO JOSE,Não guardar distância de segurança,Colisão traseira,Com Vítimas Feridas,Pleno dia,Decrescente,Nublado,Dupla,Aclive,Sim,2,0,1,0,1,0,1,2,-27.5650044,-48.61460082,SPRF-SC,DEL01-SC,UOP01-DEL01-SC,2020
"260403,0",2020-01-02,quinta-feira,16:55:00,SC,101,"348,5",JAGUARUNA,Não guardar distância de segurança,Colisão traseira,Com Vítimas Feridas,Pleno dia,Crescente,Céu Claro,Simples,Reta,Não,3,0,1,0,2,0,1,2,-28.5820168,-49.05059372,SPRF-SC,DEL02-SC,UOP01-DEL02-SC,2020
"260404,0",2020-01-02,quinta-feira,17:30:00,SC,101,"37,2",JOINVILLE,Animais na Pista,Tombamento,Com Vítimas Feridas,Pleno dia,Crescente,Chuva,Dupla,Reta,Sim,1,0,1,0,0,0,1,1,-26.25050176,-48.90863867,SPRF-SC,DEL03-SC,UOP01-DEL03-SC,2020
"260433,0",2020-01-02,quinta-feira,18:55:00,SC,101,"153,0",ITAPEMA,Falta de Atenção à Condução,Colisão lateral,Com Vítimas Feridas,Pleno dia,Decrescente,Céu Claro,Dupla,Reta,Sim,2,0,1,0,1,0,1,2,-27.144717,-48.61063935,SPRF-SC,DEL04-SC,UOP03-DEL04-SC,2020
"260435,0",2020-01-02,quinta-feira,20:00:00,SC,101,"216,0",PALHOCA,Defeito Mecânico no Veículo,Queda de ocupante de veículo,Com Vítimas Feridas,Plena Noite,Decrescente,Garoa/Chuvisco,Dupla,Reta,Sim,2,0,2,0,0,0,2,1,-27.65981409,-48.67747798,SPRF-SC,DEL01-SC,UOP02-DEL01-SC,2020
"260445,0",2020-01-02,quinta-feira,19:30:00,SC,470,"91,6",ASCURRA,Falta de Atenção à Condução,Colisão traseira,Com Vítimas Feridas,Plena Noite,Crescente,Chuva,Simples,Ponte,Não,2,0,0,1,1,0,1,2,-26.97769,-49.369198,SPRF-SC,DEL04-SC,UOP01-DEL04-SC,2020
"260448,0",2020-01-02,quinta-feira,17:30:00,SC,282,"564,2",NOVA ERECHIM,Velocidade Incompatível,Saída de leito carroçável,Com Vítimas Feridas,Pleno dia,Crescente,Sol,Simples,Curva,Não,1,0,0,1,0,0,1,1,-26.898739,-52.877975,SPRF-SC,DEL07-SC,UOP02-DEL07-SC,2020
"260450,0",2020-01-02,quinta-feira,20:50:00,SC,163,"84,2",GUARACIABA,Ingestão de Álcool,Colisão com objeto estático,Com Vítimas Feridas,Plena Noite,Crescente,Céu Claro,Simples,Rotatória,Não,1,0,1,0,0,0,1,1,-26.61594101,-53.51942819,SPRF-SC,DEL07-SC,UOP03-DEL07-SC,2020
"260455,0",2020-01-02,quinta-feira,19:00:00,SC,282,"424,8",VARGEM BONITA,Velocidade Incompatível,Colisão frontal,Com Vítimas Feridas,Pleno dia,Decrescente,Céu Claro,Simples,Curva,Não,5,0,1,2,1,1,3,3,-26.988014,-51.753124,SPRF-SC,DEL07-SC,UOP05-DEL07-SC,2020
"260468,0",2020-01-02,quinta-feira,22:00:00,SC,282,"80,0",RANCHO QUEIMADO,Velocidade Incompatível,Capotamento,Com Vítimas Feridas,Plena Noite,Crescente,Chuva,Simples,Curva,Não,1,0,1,0,0,0,1,1,-27.663555,-49.159309,SPRF-SC,DEL01-SC,UOP03-DEL01-SC,2020
"260474,0",2020-01-02,quinta-feira,20:15:00,SC,101,"384,1",ICARA,Ingestão de álcool e/ou substâncias psicoativas pelo pedestre,Colisão frontal,Com Vítimas Feridas,Plena Noite,Decrescente,Garoa/Chuvisco,Dupla,Reta,Não,4,0,3,1,0,0,4,2,-28.76851141,-49.3025538,SPRF-SC,DEL02-SC,UOP02-DEL02-SC,2020
"260475,0",2020-01-02,quinta-feira,20:30:00,SC,282,"134,6",BOM RETIRO,Desobediência às normas de trânsito pelo condutor,Colisão transversal,Com Vítimas Feridas,Plena Noite,Crescente,Nublado,Simples,Reta,Não,3,0,2,1,0,0,3,2,-27.813074,-49.540077,SPRF-SC,DEL05-SC,UOP01-DEL05-SC,2020
"260504,0",2020-01-03,sexta-feira,05:35:00,SC,470,"61,8",INDAIAL,Falta de Atenção à Condução,Capotamento,Com Vítimas Feridas,Pleno dia,Crescente,Nublado,Simples,Curva,Não,4,0,4,0,0,0,4,1,-26.87296395,-49.19126901,SPRF-SC,DEL04-SC,UOP01-DEL04-SC,2020
"260519,0",2020-01-03,sexta-feira,06:00:00,SC,282,"435,0",VARGEM BONITA,Condutor Dormindo,Colisão lateral,Com Vítimas Feridas,Pleno dia,Decrescente,Céu Claro,Simples,Reta,Não,6,0,3,0,3,0,3,2,-26.973248,-51.841671,SPRF-SC,DEL07-SC,UOP04-DEL07-SC,2020
"260540,0",2020-01-03,sexta-feira,09:15:00,SC,101,"215,5",PALHOCA,Falta de Atenção à Condução,Colisão lateral,Com Vítimas Feridas,Pleno dia,Decrescente,Nublado,Simples,Reta,Sim,2,0,1,0,1,0,1,2,-27.65184843,-48.67604941,SPRF-SC,DEL01-SC,UOP02-DEL01-SC,2020
"260541,0",2020-01-03,sexta-feira,07:45:00,SC,101,"278,0",IMBITUBA,Falta de Atenção à Condução,Colisão transversal,Com Vítimas Feridas,Pleno dia,Crescente,Céu Claro,Simples,Reta,Não,2,0,0,1,1,0,1,2,-28.16300604,-48.6939345,SPRF-SC,DEL02-SC,UOP03-DEL02-SC,2020
"260542,0",2020-01-03,sexta-feira,08:00:00,SC,470,"302,0",CAMPOS NOVOS,Condutor Dormindo,Colisão transversal,Com Vítimas Feridas,Pleno dia,Crescente,Sol,Simples,Interseção de Vias,Não,4,0,3,0,1,0,3,2,-27.374527,-51.065792,SPRF-SC,DEL07-SC,UOP06-DEL07-SC,2020
"260544,0",2020-01-03,sexta-feira,10:25:00,SC,282,"57,8",RANCHO QUEIMADO,Falta de Atenção à Condução,Colisão traseira,Com Vítimas Feridas,Pleno dia,Crescente,Nublado,Simples,Reta,Não,3,0,2,0,1,0,2,2,-27.68421213,-49.00410891,SPRF-SC,DEL01-SC,UOP03-DEL01-SC,2020
"260551,0",2020-01-03,sexta-feira,11:00:00,SC,470,"59,3",BLUMENAU,Falta de Atenção à Condução,Colisão lateral,Com Vítimas Feridas,Pleno dia,Crescente,Céu Claro,Simples,Reta,Não,2,0,1,0,0,1,1,2,-26.882812,-49.1548,SPRF-SC,DEL04-SC,UOP01-DEL04-SC,2020
"260556,0",2020-01-03,sexta-feira,11:00:00,SC,163,"69,3",SAO MIGUEL DO OESTE,Desobediência às normas de trânsito pelo condutor,Colisão transversal,Com Vítimas Feridas,Pleno dia,Decrescente,Céu Claro,Dupla,Curva,Sim,6,0,1,0,5,0,1,3,-26.74132699,-53.50120591,SPRF-SC,DEL07-SC,UOP03-DEL07-SC,2020
"260557,0",2020-01-03,sexta-feira,10:50:00,SC,101,"42,1",JOINVILLE,Não guardar distância de segurança,Engavetamento,Com Vítimas Feridas,Pleno dia,Decrescente,Nublado,Dupla,Reta,Sim,4,0,2,0,2,0,2,3,-26.29251598,-48.88474385,SPRF-SC,DEL03-SC,UOP01-DEL03-SC,2020