id,data_inversa,dia_semana,horario,uf,br,km,municipio,causa_acidente,tipo_acidente,classificacao_acidente,fase_dia,sentido_via,condicao_metereologica,tipo_pista,tracado_via,uso_solo,pessoas,mortos,feridos_leves,feridos_graves,ilesos,ignorados,feridos,veiculos,latitude,longitude,regional,delegacia,uop,ano_arquivo
"266810,0",2020-02-03,segunda-feira,04:15:00,SC,282,"52,0",RANCHO QUEIMADO,Velocidade Incompatível,Colisão frontal,Com Vítimas Feridas,Plena Noite,Decrescente,Chuva,Simples,Declive,Não,2,0,0,1,1,0,1,2,-27.696936,-48.964138,SPRF-SC,DEL01-SC,UOP03-DEL01-SC,2020
"266812,0",2020-02-03,segunda-feira,01:30:00,SC,470,"129,0",LONTRAS,Velocidade Incompatível,Colisão com objeto estático,Sem Vítimas,Plena Noite,Crescente,Chuva,Simples,Reta,Não,1,0,0,0,0,1,0,1,-27.15363655,-49.55657959,SPRF-SC,DEL04-SC,UOP02-DEL04-SC,2020
"266818,0",2020-02-03,segunda-feira,07:20:00,SC,101,"330,1",TUBARAO,Condutor Dormindo,Colisão lateral,Com Vítimas Feridas,Pleno dia,Crescente,Céu Claro,Dupla,Reta,Não,5,0,1,0,4,0,1,2,-28.45115639,-48.97286879,SPRF-SC,DEL02-SC,UOP01-DEL02-SC,2020
"266831,0",2020-02-03,segunda-feira,08:10:00,SC,101,"212,8",PALHOCA,Não guardar distância de segurança,Colisão traseira,Com Vítimas Feridas,Pleno dia,Decrescente,Garoa/Chuvisco,Dupla,Reta,Não,2,0,1,0,1,0,1,2,-27.62996929,-48.65903871,SPRF-SC,DEL01-SC,UOP02-DEL01-SC,2020
"266837,0",2020-02-03,segunda-feira,08:00:00,SC,101,"328,0",CAPIVARI DE BAIXO,Falta de Atenção à Condução,Colisão lateral,Com Vítimas Feridas,Pleno dia,Crescente,Céu Claro,Dupla,Reta,Não,3,0,1,0,2,0,1,2,-28.43023306,-48.95205197,SPRF-SC,DEL02-SC,UOP01-DEL02-SC,2020
"266839,0",2020-01-18,sábado,16:25:00,SC,470,"123,0",IBIRAMA,Velocidade Incompatível,Colisão lateral,Sem Vítimas,Pleno dia,Decrescente,Sol,Simples,Curva,Sim,2,0,0,0,1,1,0,2,-27.106783,-49.522049,SPRF-SC,DEL04-SC,UOP02-DEL04-SC,2020
"266840,0",2020-02-03,segunda-feira,08:30:00,SC,282,"46,0",AGUAS MORNAS,Pista Escorregadia,Queda de ocupante de veículo,Com Vítimas Feridas,Pleno dia,Decrescente,Céu Claro,Simples,Curva,Não,1,0,1,0,0,0,1,1,-27.721041,-48.925152,SPRF-SC,DEL01-SC,UOP03-DEL01-SC,2020
"266886,0",2020-02-03,segunda-feira,13:30:00,SC,282,"287,4",SAO JOSE DO CERRITO,Pista Escorregadia,Saída de leito carroçável,Com Vítimas Fatais,Pleno dia,Crescente,Chuva,Simples,Curva,Não,4,1,2,1,0,0,3,1,-27.568613,-50.818073,SPRF-SC,DEL05-SC,UOP02-DEL05-SC,2020
"266888,0",2020-02-03,segunda-feira,10:25:00,SC,480,"125,0",CHAPECO,Velocidade Incompatível,Queda de ocupante de veículo,Com Vítimas Feridas,Pleno dia,Crescente,Céu Claro,Simples,Curva,Não,1,0,1,0,0,0,1,1,-27.01164515,-52.63953123,SPRF-SC,DEL07-SC,UOP01-DEL07-SC,2020
"266894,0",2020-02-03,segunda-feira,07:40:00,SC,101,"327,5",CAPIVARI DE BAIXO,Não guardar distância de segurança,Colisão traseira,Com Vítimas Feridas,Pleno dia,Crescente,Céu Claro,Dupla,Reta,Não,2,0,1,0,1,0,1,2,-28.43023306,-48.95205197,SPRF-SC,DEL02-SC,UOP01-DEL02-SC,2020
"266920,0",2020-02-03,segunda-feira,16:15:00,SC,282,"17,1",PALHOCA,Desobediência às normas de trânsito pelo condutor,Colisão transversal,Com Vítimas Feridas,Pleno dia,Decrescente,Céu Claro,Simples,Reta,Sim,2,0,1,0,1,0,1,2,-27.665707,-48.688065,SPRF-SC,DEL01-SC,UOP02-DEL01-SC,2020
"266926,0",2020-02-03,segunda-feira,15:10:00,SC,280,"75,5",JARAGUA DO SUL,Falta de Atenção à Condução,Queda de ocupante de veículo,Com Vítimas Feridas,Pleno dia,Crescente,Chuva,Simples,Reta,Não,2,0,2,0,0,0,2,1,-26.458391,-49.170483,SPRF-SC,DEL03-SC,UOP03-DEL03-SC,2020
"266930,0",2020-02-03,segunda-feira,17:50:00,SC,101,"335,0",TUBARAO,Falta de Atenção à Condução,Colisão transversal,Com Vítimas Feridas,Pleno dia,Crescente,Nublado,Simples,Rotatória,Sim,2,0,1,0,1,0,1,2,-28.46927473,-49.01557908,SPRF-SC,DEL02-SC,UOP01-DEL02-SC,2020
"266932,0",2020-02-03,segunda-feira,17:40:00,SC,280,"50,0",GUARAMIRIM,Falta de Atenção à Condução,Colisão transversal,Com Vítimas Feridas,Pleno dia,Decrescente,Nublado,Simples,Reta,Não,2,0,1,0,1,0,1,2,-26.4640351,-48.95149201,SPRF-SC,DEL03-SC,UOP03-DEL03-SC,2020
"266934,0",2020-02-03,segunda-feira,12:35:00,SC,280,"278,3",IRINEOPOLIS,Falta de Atenção à Condução,Saída de leito carroçável,Com Vítimas Feridas,Pleno dia,Decrescente,Sol,Simples,Curva,Não,2,0,0,2,0,0,2,1,-26.29645451,-50.80524445,SPRF-SC,DEL06-SC,UOP04-DEL06-SC,2020
"266943,0",2020-02-03,segunda-feira,14:10:00,SC,282,"220,2",LAGES,Defeito Mecânico no Veículo,Incêndio,Sem Vítimas,Pleno dia,Crescente,Céu Claro,Simples,Reta,Sim,1,0,0,0,1,0,0,1,-27.794014,-50.33363,SPRF-SC,DEL05-SC,UOP01-DEL05-SC,2020
"266945,0",2020-02-03,segunda-feira,19:45:00,SC,101,"211,2",SAO JOSE,Velocidade Incompatível,Queda de ocupante de veículo,Com Vítimas Feridas,Anoitecer,Decrescente,Nublado,Múltipla,Reta,Sim,2,0,2,0,0,0,2,1,-27.62329313,-48.65245588,SPRF-SC,DEL01-SC,UOP02-DEL01-SC,2020
"266986,0",2020-02-04,terça-feira,03:50:00,SC,101,"106,9",PENHA,Falta de Atenção à Condução,Saída de leito carroçável,Sem Vítimas,Plena Noite,Crescente,Nublado,Dupla,Curva,Não,1,0,0,0,0,1,0,1,-26.81840523,-48.68377537,SPRF-SC,DEL03-SC,UOP02-DEL03-SC,2020
"266989,0",2020-02-04,terça-feira,02:00:00,SC,282,"646,3",SAO MIGUEL DO OESTE,Ingestão de Álcool,Colisão com objeto estático,Sem Vítimas,Plena Noite,Crescente,Céu Claro,Simples,Rotatória,Sim,1,0,0,0,1,0,0,1,-26.76096768,-53.50088596,SPRF-SC,DEL07-SC,UOP03-DEL07-SC,2020
"267006,0",2020-02-04,terça-feira,08:10:00,SC,101,"200,0",SAO JOSE,Falta de Atenção à Condução,Colisão lateral,Com Vítimas Feridas,Pleno dia,Crescente,Chuva,Dupla,Aclive,Não,2,0,1,0,1,0,1,2,-27.54018513,-48.62287714,SPRF-SC,DEL01-SC,UOP01-DEL01-SC,2020
"267038,0",2020-02-04,terça-feira,09:30:00,SC,282,"33,4",AGUAS MORNAS,Velocidade Incompatível,Capotamento,Com Vítimas Feridas,Pleno dia,Decrescente,Chuva,Simples,Curva,Não,1,0,1,0,0,0,1,1,-27.70478853,-48.8115263,SPRF-SC,DEL01-SC,UOP03-DEL01-SC,2020
"267055,0",2020-01-19,domingo,05:30:00,SC,101,"367,0",SANGAO,Falta de Atenção à Condução,Atropelamento de Animal,Sem Vítimas,Pleno dia,Decrescente,Céu Claro,Dupla,Reta,Não,1,0,0,0,1,0,0,1,-28.694993,-49.1719,SPRF-SC,DEL02-SC,UOP01-DEL02-SC,2020
"267061,0",2020-02-04,terça-feira,14:30:00,SC,282,"37,4",AGUAS MORNAS,Velocidade Incompatível,Colisão frontal,Com Vítimas Feridas,Pleno dia,Decrescente,Chuva,Simples,Curva,Não,2,0,1,0,1,0,1,2,-27.708512,-48.84701729,SPRF-SC,DEL01-SC,UOP03-DEL01-SC,2020
"267085,0",2020-02-04,terça-feira,16:00:00,SC,470,"91,0",APIUNA,Mal Súbito,Saída de leito carroçável,Com Vítimas Feridas,Pleno dia,Decrescente,Nublado,Simples,Reta,Não,1,0,1,0,0,0,1,1,-26.97769,-49.369198,SPRF-SC,DEL04-SC,UOP01-DEL04-SC,2020
"267098,0",2020-02-04,terça-feira,18:00:00,SC,101,"216,5",PALHOCA,Falta de Atenção à Condução,Colisão transversal,Sem Vítimas,Pleno dia,Crescente,Nublado,Simples,Reta;Interseção de Vias,Sim,2,0,0,0,2,0,0,2,-27.65184843,-48.67604941,SPRF-SC,DEL01-SC,UOP02-DEL01-SC,2020
"267122,0",2020-02-04,terça-feira,19:45:00,SC,470,"64,1",INDAIAL,Não guardar distância de segurança,Colisão traseira,Sem Vítimas,Plena Noite,Crescente,Chuva,Simples,Reta,Não,2,0,0,0,2,0,0,2,-26.869867,-49.201859,SPRF-SC,DEL04-SC,UOP01-DEL04-SC,2020
"267140,0",2020-02-04,terça-feira,20:01:00,SC,101,"440,1",SANTA ROSA DO SUL,Falta de Atenção do Pedestre,Atropelamento de Pedestre,Com Vítimas Feridas,Plena Noite,Crescente,Nublado,Dupla,Reta,Sim,2,0,0,1,1,0,1,2,-29.12420083,-49.66719602,SPRF-SC,DEL02-SC,UOP02-DEL02-SC,2020
"267151,0",2020-02-04,terça-feira,21:00:00,SC,470,"1,5",GASPAR,Desobediência às normas de trânsito pelo condutor,Colisão transversal,Com Vítimas Feridas,Plena Noite,Crescente,Chuva,Simples,Reta,Não,3,0,1,0,2,0,1,2,-26.91411066,-48.9600563,SPRF-SC,DEL04-SC,UOP01-DEL04-SC,2020
"267205,0",2020-02-05,quarta-feira,06:40:00,SC,101,"40,7",JOINVILLE,Falta de Atenção à Condução,Saída de leito carroçável,Com Vítimas Feridas,Pleno dia,Crescente,Nublado,Dupla,Curva,Sim,1,0,1,0,0,0,1,1,-26.27176094,-48.89468382,SPRF-SC,DEL03-SC,UOP01-DEL03-SC,2020
"267206,0",2020-02-05,quarta-feira,05:50:00,SC,282,"48,4",AGUAS MORNAS,Pista Escorregadia,Saída de leito carroçável,Com Vítimas Feridas,Pleno dia,Decrescente,Chuva,Simples,Curva,Não,1,0,1,0,0,0,1,1,-27.7149518,-48.94052982,SPRF-SC,DEL01-SC,UOP03-DEL01-SC,2020
"267208,0",2020-02-05,quarta-feira,06:30:00,SC,282,"43,9",AGUAS MORNAS,Pista Escorregadia,Tombamento,Com Vítimas Feridas,Pleno dia,Decrescente,Chuva,Simples,Curva,Não,2,0,2,0,0,0,2,1,-27.72198005,-48.90563965,SPRF-SC,DEL01-SC,UOP03-DEL01-SC,2020
"267212,0",2020-02-05,quarta-feira,07:10:00,SC,101,"4,0",GARUVA,Defeito Mecânico no Veículo,Tombamento,Com Vítimas Feridas,Pleno dia,Crescente,Nublado,Dupla,Reta,Não,2,0,2,0,0,0,2,1,-26.00908719,-48.86448735,SPRF-SC,DEL03-SC,UOP01-DEL03-SC,2020
"267213,0",2020-02-05,quarta-feira,07:20:00,SC,101,"202,0",SAO JOSE,Desobediência às normas de trânsito pelo condutor,Colisão transversal,Com Vítimas Feridas,Pleno dia,Crescente,Garoa/Chuvisco,Dupla,Reta,Sim,2,0,1,0,1,0,1,2,-27.55711595,-48.61897889,SPRF-SC,DEL01-SC,UOP01-DEL01-SC,2020
"267217,0",2020-02-05,quarta-feira,07:15:00,SC,282,"2,2",FLORIANOPOLIS,Falta de Atenção à Condução,Colisão lateral,Com Vítimas Feridas,Pleno dia,Crescente,Nublado,Múltipla,Reta,Sim,3,0,2,0,1,0,2,2,-27.603289,-48.590416,SPRF-SC,DEL01-SC,UOP01-DEL01-SC,2020
"267231,0",2020-02-05,quarta-feira,08:40:00,SC,101,"121,0",ITAJAI,Não guardar distância de segurança,Colisão lateral,Com Vítimas Feridas,Pleno dia,Crescente,Nublado,Dupla,Reta,Sim,3,0,2,0,1,0,2,2,-26.92103178,-48.70856446,SPRF-SC,DEL04-SC,UOP04-DEL04-SC,2020
"267247,0",2020-02-05,quarta-feira,10:10:00,SC,101,"130,0",BALNEARIO CAMBORIU,Falta de Atenção à Condução,Saída de leito carroçável,Com Vítimas Feridas,Pleno dia,Crescente,Nublado,Simples,Reta,Sim,1,0,1,0,0,0,1,1,-26.98407618,-48.66977107,SPRF-SC,DEL04-SC,UOP03-DEL04-SC,2020
"267260,0",2020-02-05,quarta-feira,10:21:00,SC,101,"186,0",BIGUACU,Velocidade Incompatível,Colisão com objeto estático,Com Vítimas Feridas,Pleno dia,Decrescente,Chuva,Dupla,Curva,Não,6,0,4,0,2,0,4,2,-27.4341098,-48.62567129,SPRF-SC,DEL01-SC,UOP01-DEL01-SC,2020
"267277,0",2020-02-05,quarta-feira,13:15:00,SC,470,"55,0",BLUMENAU,Falta de Atenção à Condução,Colisão transversal,Com Vítimas Feridas,Pleno dia,Crescente,Chuva,Simples,Curva;Declive,Não,2,0,1,0,1,0,1,2,-26.875601,-49.117992,SPRF-SC,DEL04-SC,UOP01-DEL04-SC,2020
"267278,0",2020-02-05,quarta-feira,11:48:00,SC,470,"140,7",RIO DO SUL,Falta de Atenção à Condução,Colisão lateral,Com Vítimas Feridas,Pleno dia,Crescente,Céu Claro,Simples,Reta,Sim,2,0,1,0,1,0,1,2,-27.222485,-49.662827,SPRF-SC,DEL04-SC,UOP02-DEL04-SC,2020
"267281,0",2020-02-05,quarta-feira,13:42:00,SC,470,"37,5",GASPAR,Não guardar distância de segurança,Colisão lateral,Com Vítimas Feridas,Pleno dia,Crescente,Nublado,Simples,Curva;Em Obras,Não,2,0,1,0,1,0,1,2,-26.912727,-48.978043,SPRF-SC,DEL04-SC,UOP01-DEL04-SC,2020
"267294,0",2020-02-05,quarta-feira,13:45:00,SC,101,"209,9",SAO JOSE,Falta de Atenção à Condução,Tombamento,Com Vítimas Feridas,Pleno dia,Crescente,Nublado,Múltipla,Viaduto;Reta;Declive,Sim,2,0,2,0,0,0,2,1,-27.61000542,-48.63895057,SPRF-SC,DEL01-SC,UOP01-DEL01-SC,2020
"267295,0",2020-02-05,quarta-feira,14:20:00,SC,101,"181,5",BIGUACU,Desobediência às normas de trânsito pelo condutor,Queda de ocupante de veículo,Com Vítimas Feridas,Pleno dia,Crescente,Nublado,Dupla,Reta,Sim,1,0,1,0,0,0,1,1,-27.38958699,-48.63197593,SPRF-SC,DEL01-SC,UOP01-DEL01-SC,2020
"267325,0",2020-02-05,quarta-feira,17:02:00,SC,470,"178,5",POUSO REDONDO,Falta de Atenção à Condução,Colisão traseira,Com Vítimas Feridas,Pleno dia,Crescente,Nublado,Simples,Reta,Não,5,0,1,0,2,2,1,3,-27.248392,-49.967083,SPRF-SC,DEL04-SC,UOP02-DEL04-SC,2020
"267331,0",2020-02-05,quarta-feira,16:45:00,SC,280,"55,4",GUARAMIRIM,Falta de Atenção à Condução,Colisão transversal,Com Vítimas Feridas,Pleno dia,Crescente,Chuva,Simples,Reta,Sim,3,0,1,1,1,0,2,3,-26.47744932,-48.9973712,SPRF-SC,DEL03-SC,UOP03-DEL03-SC,2020
"267341,0",2020-02-05,quarta-feira,11:20:00,SC,101,"245,2",PAULO LOPES,Ingestão de Álcool,Saída de leito carroçável,Sem Vítimas,Pleno dia,Crescente,Chuva,Dupla,Reta,Não,1,0,0,0,1,0,0,1,-27.901682,-48.64892,SPRF-SC,DEL02-SC,UOP03-DEL02-SC,2020
"267374,0",2020-02-05,quarta-feira,10:50:00,SC,282,"181,0",BOCAINA DO SUL,Falta de Atenção à Condução,Saída de leito carroçável,Com Vítimas Feridas,Pleno dia,Decrescente,Céu Claro,Simples,Reta,Não,3,0,0,1,2,0,1,2,-27.73331066,-49.97116696,SPRF-SC,DEL05-SC,UOP01-DEL05-SC,2020
"267378,0",2020-02-05,quarta-feira,21:43:00,SC,280,"168,3",MAFRA,Velocidade Incompatível,Saída de leito carroçável,Com Vítimas Feridas,Plena Noite,Crescente,Nublado,Simples,Declive;Reta,Sim,1,0,0,1,0,0,1,1,-26.1600847,-49.81588937,SPRF-SC,DEL06-SC,UOP01-DEL06-SC,2020
"267386,0",2020-02-05,quarta-feira,22:30:00,SC,470,"327,0",CAMPOS NOVOS,Mal Súbito,Queda de ocupante de veículo,Com Vítimas Feridas,Plena Noite,Decrescente,Céu Claro,Simples,Reta,Não,1,0,0,1,0,0,1,1,-27.465645,-51.268574,SPRF-SC,DEL07-SC,UOP06-DEL07-SC,2020
"267404,0",2020-02-06,quinta-feira,00:00:00,SC,101,"346,0",JAGUARUNA,Ingestão de Álcool,Saída de leito carroçável,Sem Vítimas,Plena Noite,Decrescente,Chuva,Dupla,Reta,Não,1,0,0,0,1,0,0,1,-28.57075399,-49.0532104,SPRF-SC,DEL02-SC,UOP01-DEL02-SC,2020
"267408,0",2020-02-06,quinta-feira,00:10:00,SC,101,"64,9",ARAQUARI,Falta de Atenção à Condução,Tombamento,Com Vítimas Feridas,Plena Noite,Crescente,Chuva,Dupla,Reta,Não,1,0,1,0,0,0,1,1,-26.46433196,-48.75063097,SPRF-SC,DEL03-SC,UOP02-DEL03-SC,2020
"267418,0",2020-02-06,quinta-feira,05:15:00,SC,101,"352,1",JAGUARUNA,Pista Escorregadia,Tombamento,Com Vítimas Feridas,Amanhecer,Crescente,Chuva,Dupla,Reta,Não,1,0,1,0,0,0,1,1,-28.60489869,-49.05593332,SPRF-SC,DEL02-SC,UOP01-DEL02-SC,2020
"267419,0",2020-02-06,quinta-feira,05:30:00,SC,101,"205,2",SAO JOSE,Ingestão de Álcool,Saída de leito carroçável,Com Vítimas Feridas,Amanhecer,Crescente,Chuva,Dupla,Curva,Sim,1,0,1,0,0,0,1,1,-27.58313237,-48.61532885,SPRF-SC,DEL01-SC,UOP01-DEL01-SC,2020
"267439,0",2020-02-06,quinta-feira,07:40:00,SC,101,"202,0",SAO JOSE,Falta de Atenção à Condução,Queda de ocupante de veículo,Com Vítimas Feridas,Pleno dia,Crescente,Nublado,Dupla,Reta,Sim,1,0,1,0,0,0,1,1,-27.55711595,-48.61897889,SPRF-SC,DEL01-SC,UOP01-DEL01-SC,2020
"267452,0",2020-02-06,quinta-feira,08:05:00,SC,101,"216,9",PALHOCA,Não guardar distância de segurança,Colisão lateral,Com Vítimas Feridas,Pleno dia,Decrescente,Garoa/Chuvisco,Múltipla,Reta,Sim,3,0,1,0,2,0,1,2,-27.65981409,-48.67747798,SPRF-SC,DEL01-SC,UOP02-DEL01-SC,2020
"267454,0",2020-02-06,quinta-feira,08:55:00,SC,280,"55,2",GUARAMIRIM,Falta de Atenção à Condução,Colisão transversal,Com Vítimas Feridas,Pleno dia,Decrescente,Nublado,Simples,Reta,Não,2,0,1,0,1,0,1,2,-26.47584353,-48.9937858,SPRF-SC,DEL03-SC,UOP03-DEL03-SC,2020
"267465,0",2020-02-06,quinta-feira,09:20:00,SC,101,"355,3",SANGAO,Avarias e/ou desgaste excessivo no pneu,Saída de leito carroçável,Com Vítimas Feridas,Pleno dia,Crescente,Chuva,Dupla,Reta,Não,1,0,1,0,0,0,1,1,-28.64059156,-49.0747817,SPRF-SC,DEL02-SC,UOP01-DEL02-SC,2020
"267482,0",2020-02-06,quinta-feira,11:45:00,SC,101,"215,8",PALHOCA,Desobediência às normas de trânsito pelo condutor,Colisão traseira,Com Vítimas Feridas,Pleno dia,Decrescente,Nublado,Múltipla,Reta;Interseção de Vias,Sim,2,0,1,0,1,0,1,2,-27.65184843,-48.67604941,SPRF-SC,DEL01-SC,UOP02-DEL01-SC,2020
"267499,0",2020-02-06,quinta-feira,13:30:00,SC,101,"94,0",BARRA VELHA,Velocidade Incompatível,Colisão com objeto estático,Com Vítimas Feridas,Pleno dia,Decrescente,Chuva,Dupla,Reta,Não,2,0,1,0,1,0,1,1,-26.69940401,-48.69902784,SPRF-SC,DEL03-SC,UOP02-DEL03-SC,2020
"267511,0",2020-02-06,quinta-feira,08:13:00,SC,282,"52,0",RANCHO QUEIMADO,Velocidade Incompatível,Saída de leito carroçável,Com Vítimas Feridas,Pleno dia,Decrescente,Chuva,Simples,Curva,Não,1,0,1,0,0,0,1,1,-27.696936,-48.964138,SPRF-SC,DEL01-SC,UOP03-DEL01-SC,2020
"267554,0",2020-02-06,quinta-feira,12:15:00,SC,282,"376,0",HERVAL DOESTE,Falta de Atenção à Condução,Colisão transversal,Sem Vítimas,Pleno dia,Decrescente,Céu Claro,Simples,Reta,Não,2,0,0,0,2,0,0,2,-27.220205,-51.461185,SPRF-SC,DEL07-SC,UOP05-DEL07-SC,2020
"267587,0",2020-02-06,quinta-feira,18:10:00,SC,101,"208,0",SAO JOSE,Pista Escorregadia,Tombamento,Com Vítimas Feridas,Amanhecer,Decrescente,Chuva,Dupla,Declive,Sim,1,0,1,0,0,0,1,1,-27.60327979,-48.63201818,SPRF-SC,DEL01-SC,UOP01-DEL01-SC,2020
"267617,0",2020-02-06,quinta-feira,17:10:00,SC,163,"1,9",DIONISIO CERQUEIRA,Velocidade Incompatível,Atropelamento de Pedestre,Com Vítimas Feridas,Pleno dia,Decrescente,Nublado,Simples,Reta,Não,2,0,0,1,1,0,1,2,-26.26978882,-53.63233566,SPRF-SC,DEL07-SC,UOP04-DEL07-SC,2020
"267651,0",2020-02-06,quinta-feira,22:15:00,SC,101,"162,0",TIJUCAS,Falta de Atenção à Condução,Colisão transversal,Com Vítimas Feridas,Plena Noite,Crescente,Nublado,Dupla,Reta,Não,2,0,1,0,1,0,1,2,-27.22554009,-48.6279367,SPRF-SC,DEL04-SC,UOP03-DEL04-SC,2020
"267654,0",2020-02-06,quinta-feira,23:45:00,SC,101,"50,9",JOINVILLE,Velocidade Incompatível,Capotamento,Com Vítimas Feridas,Plena Noite,Decrescente,Chuva,Dupla,Curva,Não,1,0,1,0,0,0,1,1,-26.37546719,-48.85479619,SPRF-SC,DEL03-SC,UOP01-DEL03-SC,2020
"267660,0",2020-02-07,sexta-feira,03:11:00,SC,101,"95,0",BARRA VELHA,Ingestão de Álcool,Saída de leito carroçável,Sem Vítimas,Plena Noite,Decrescente,Chuva,Simples,Reta,Sim,2,0,0,0,2,0,0,1,-26.70876413,-48.70221065,SPRF-SC,DEL03-SC,UOP02-DEL03-SC,2020
"267667,0",2020-02-07,sexta-feira,01:25:00,SC,101,"55,0",JOINVILLE,Desobediência às normas de trânsito pelo condutor,Capotamento,Sem Vítimas,Plena Noite,Crescente,Chuva,Dupla,Reta,Não,1,0,0,0,0,1,0,1,-26.42280898,-48.82977496,SPRF-SC,DEL03-SC,UOP01-DEL03-SC,2020
"267672,0",2020-02-07,sexta-feira,06:20:00,SC,101,"213,0",PALHOCA,Falta de Atenção à Condução,Queda de ocupante de veículo,Com Vítimas Feridas,Amanhecer,Decrescente,Céu Claro,Múltipla,Reta,Não,2,0,1,1,0,0,2,2,-27.63697369,-48.66514142,SPRF-SC,DEL01-SC,UOP02-DEL01-SC,2020
"267699,0",2020-02-07,sexta-feira,08:00:00,SC,101,"207,0",SAO JOSE,Falta de Atenção à Condução,Queda de ocupante de veículo,Com Vítimas Feridas,Pleno dia,Crescente,Chuva,Múltipla,Reta,Sim,1,0,1,0,0,0,1,1,-27.60001226,-48.6226467,SPRF-SC,DEL01-SC,UOP01-DEL01-SC,2020
"267700,0",2020-02-07,sexta-feira,08:00:00,SC,101,"40,5",JOINVILLE,Falta de Atenção à Condução,Colisão traseira,Com Vítimas Feridas,Pleno dia,Crescente,Chuva,Dupla,Reta,Sim,2,0,1,0,1,0,1,2,-26.27176094,-48.89468382,SPRF-SC,DEL03-SC,UOP01-DEL03-SC,2020
"267704,0",2020-02-07,sexta-feira,08:30:00,SC,101,"233,7",PALHOCA,Falta de Atenção à Condução,Colisão com objeto estático,Com Vítimas Feridas,Pleno dia,Crescente,Garoa/Chuvisco,Dupla,Curva,Não,1,0,1,0,0,0,1,1,-27.80376397,-48.63826211,SPRF-SC,DEL01-SC,UOP02-DEL01-SC,2020
"267739,0",2020-02-07,sexta-feira,11:50:00,SC,101,"206,0",SAO JOSE,Falta de Atenção à Condução,Colisão lateral,Sem Vítimas,Pleno dia,Decrescente,Sol,Múltipla,Reta,Sim,2,0,0,0,2,0,0,2,-27.59193546,-48.61824557,SPRF-SC,DEL01-SC,UOP01-DEL01-SC,2020
"267785,0",2020-02-07,sexta-feira,15:50:00,SC,470,"54,2",BLUMENAU,Desobediência às normas de trânsito pelo condutor,Colisão transversal,Com Vítimas Feridas,Pleno dia,Decrescente,Nublado,Simples,Curva,Sim,2,0,2,0,0,0,2,2,-26.87157843,-49.11194444,SPRF-SC,DEL04-SC,UOP01-DEL04-SC,2020
"267791,0",2020-02-07,sexta-feira,16:15:00,SC,470,"59,9",BLUMENAU,Desobediência às normas de trânsito pelo condutor,Colisão transversal,Com Vítimas Feridas,Pleno dia,Crescente,Nublado,Simples,Reta,Sim,2,0,1,0,1,0,1,2,-26.88121537,-49.16513801,SPRF-SC,DEL04-SC,UOP01-DEL04-SC,2020
"267793,0",2020-02-07,sexta-feira,16:15:00,SC,101,"148,5",ITAPEMA,Falta de Atenção à Condução,Colisão traseira,Com Vítimas Feridas,Pleno dia,Crescente,Nublado,Simples,Reta,Sim,2,0,1,0,1,0,1,2,-27.10123686,-48.61807962,SPRF-SC,DEL04-SC,UOP03-DEL04-SC,2020
"267802,0",2020-02-07,sexta-feira,15:10:00,SC,280,"122,1",RIO NEGRINHO,Falta de Atenção à Condução,Colisão transversal,Com Vítimas Feridas,Pleno dia,Crescente,Céu Claro,Simples,Reta,Não,2,0,1,0,1,0,1,2,-26.24415628,-49.46594238,SPRF-SC,DEL06-SC,UOP03-DEL06-SC,2020
"267809,0",2020-02-07,sexta-feira,16:45:00,SC,280,"49,4",GUARAMIRIM,Falta de Atenção à Condução,Colisão transversal,Com Vítimas Feridas,Pleno dia,Decrescente,Chuva,Simples,Reta,Sim,5,0,3,0,2,0,3,2,-26.45850039,-48.93692786,SPRF-SC,DEL03-SC,UOP03-DEL03-SC,2020
"267814,0",2020-02-07,sexta-feira,17:35:00,SC,282,"20,4",SANTO AMARO DA IMPERATRIZ,Falta de Atenção à Condução,Colisão traseira,Sem Vítimas,Pleno dia,Crescente,Chuva,Simples,Declive;Reta;Interseção de Vias,Sim,3,0,0,0,3,0,0,3,-27.683958,-48.71006,SPRF-SC,DEL01-SC,UOP02-DEL01-SC,2020
"267833,0",2020-02-07,sexta-feira,14:55:00,SC,282,"601,0",MARAVILHA,Desobediência às normas de trânsito pelo condutor,Colisão transversal,Sem Vítimas,Pleno dia,Crescente,Céu Claro,Simples,Reta,Não,2,0,0,0,2,0,0,2,-26.809002,-53.169399,SPRF-SC,DEL07-SC,UOP02-DEL07-SC,2020
"267834,0",2020-02-07,sexta-feira,18:45:00,SC,101,"213,5",PALHOCA,Falta de Atenção à Condução,Colisão transversal,Com Vítimas Feridas,Anoitecer,Crescente,Chuva,Dupla,Reta,Sim,3,0,1,0,2,0,1,2,-27.63697369,-48.66514142,SPRF-SC,DEL01-SC,UOP02-DEL01-SC,2020
"267844,0",2020-02-07,sexta-feira,19:40:00,SC,101,"214,5",PALHOCA,Falta de Atenção à Condução,Colisão lateral,Com Vítimas Feridas,Plena Noite,Decrescente,Chuva,Dupla,Reta,Sim,2,0,1,0,1,0,1,2,-27.64443,-48.67057,SPRF-SC,DEL01-SC,UOP02-DEL01-SC,2020
"267866,0",2020-02-07,sexta-feira,21:12:00,SC,101,"118,9",ITAJAI,Falta de Atenção à Condução,Colisão traseira,Com Vítimas Feridas,Plena Noite,Crescente,Nublado,Dupla,Reta,Sim,3,0,3,0,0,0,3,2,-26.895859,-48.71903,SPRF-SC,DEL04-SC,UOP04-DEL04-SC,2020
"267867,0",2020-02-07,sexta-feira,09:20:00,SC,282,"21,4",PALHOCA,Desobediência às normas de trânsito pelo condutor,Colisão transversal,Sem Vítimas,Plena Noite,Crescente,Chuva,Simples,Curva,Sim,2,0,0,0,2,0,0,2,-27.68907,-48.717541,SPRF-SC,DEL01-SC,UOP02-DEL01-SC,2020