id,data_inversa,dia_semana,horario,uf,br,km,municipio,causa_acidente,tipo_acidente,classificacao_acidente,fase_dia,sentido_via,condicao_metereologica,tipo_pista,tracado_via,uso_solo,pessoas,mortos,feridos_leves,feridos_graves,ilesos,ignorados,feridos,veiculos,latitude,longitude,regional,delegacia,uop,ano_arquivo
"274454,0",2020-03-10,terça-feira,11:05:00,SC,101,"208,6",SAO JOSE,Não guardar distância de segurança,Colisão traseira,Com Vítimas Feridas,Pleno dia,Decrescente,Sol,Múltipla,Reta,Sim,2,0,1,0,1,0,1,2,-27.60327979,-48.63201818,SPRF-SC,DEL01-SC,UOP01-DEL01-SC,2020
"274468,0",2020-01-19,domingo,01:45:00,SC,280,"56,4",GUARAMIRIM,Ingestão de Álcool,Colisão lateral,Com Vítimas Feridas,Plena Noite,Crescente,Céu Claro,Simples,Ponte,Não,2,0,1,0,1,0,1,2,-26.47947677,-49.00298702,SPRF-SC,DEL03-SC,UOP03-DEL03-SC,2020
"274469,0",2020-03-10,terça-feira,10:20:00,SC,101,"302,0",LAGUNA,Velocidade Incompatível,Capotamento,Com Vítimas Feridas,Pleno dia,Decrescente,Céu Claro,Dupla,Reta,Não,2,0,2,0,0,0,2,1,-28.35905014,-48.74737859,SPRF-SC,DEL02-SC,UOP03-DEL02-SC,2020
"274481,0",2020-03-10,terça-feira,13:30:00,SC,280,"4,7",SAO FRANCISCO DO SUL,Falta de Atenção à Condução,Colisão traseira,Com Vítimas Feridas,Pleno dia,Crescente,Céu Claro,Simples,Interseção de Vias,Não,3,0,2,0,1,0,2,2,-26.25329566,-48.61916042,SPRF-SC,DEL03-SC,UOP03-DEL03-SC,2020
"274492,0",2020-03-10,terça-feira,13:30:00,SC,163,"111,2",SAO JOSE DO CEDRO,Falta de Atenção à Condução,Colisão transversal,Com Vítimas Feridas,Pleno dia,Crescente,Céu Claro,Simples,Rotatória,Sim,3,0,1,1,1,0,2,2,-26.39616397,-53.52416104,SPRF-SC,DEL07-SC,UOP04-DEL07-SC,2020
"274498,0",2020-03-10,terça-feira,14:30:00,SC,101,"215,8",PALHOCA,Falta de Atenção à Condução,Colisão traseira,Com Vítimas Feridas,Pleno dia,Decrescente,Sol,Múltipla,Interseção de Vias;Reta,Sim,2,0,1,0,1,0,1,2,-27.65184843,-48.67604941,SPRF-SC,DEL01-SC,UOP02-DEL01-SC,2020
"274504,0",2020-03-10,terça-feira,14:50:00,SC,101,"215,2",PALHOCA,Defeito Mecânico no Veículo,Tombamento,Com Vítimas Feridas,Pleno dia,Decrescente,Sol,Dupla,Reta,Sim,2,0,2,0,0,0,2,1,-27.65184843,-48.67604941,SPRF-SC,DEL01-SC,UOP02-DEL01-SC,2020
"274511,0",2020-03-10,terça-feira,14:30:00,SC,101,"207,0",SAO JOSE,Falta de Atenção à Condução,Colisão transversal,Com Vítimas Feridas,Pleno dia,Crescente,Céu Claro,Simples,Interseção de Vias,Não,2,0,1,0,1,0,1,2,-27.60001226,-48.6226467,SPRF-SC,DEL01-SC,UOP01-DEL01-SC,2020
"274518,0",2020-03-10,terça-feira,15:10:00,SC,101,"133,0",BALNEARIO CAMBORIU,Falta de Atenção à Condução,Colisão traseira,Com Vítimas Feridas,Pleno dia,Crescente,Sol,Simples,Reta,Não,2,0,0,1,1,0,1,2,-26.99936,-48.64609,SPRF-SC,DEL04-SC,UOP03-DEL04-SC,2020
"274526,0",2020-03-10,terça-feira,13:30:00,SC,470,"147,4",AGRONOMICA,Ingestão de Álcool,Tombamento,Com Vítimas Feridas,Pleno dia,Decrescente,Céu Claro,Simples,Rotatória,Não,1,0,1,0,0,0,1,1,-27.243439,-49.690025,SPRF-SC,DEL04-SC,UOP02-DEL04-SC,2020
"274535,0",2020-03-10,terça-feira,13:15:00,SC,101,"159,5",PORTO BELO,Objeto estático sobre o leito carroçável,Colisão com objeto estático,Com Vítimas Feridas,Pleno dia,Crescente,Céu Claro,Dupla,Reta,Não,2,0,2,0,0,0,2,1,-27.1998778,-48.61534236,SPRF-SC,DEL04-SC,UOP03-DEL04-SC,2020
"274539,0",2020-03-10,terça-feira,17:15:00,SC,101,"331,0",TUBARAO,Desobediência às normas de trânsito pelo condutor,Colisão transversal,Com Vítimas Feridas,Pleno dia,Decrescente,Céu Claro,Múltipla,Interseção de Vias;Rotatória;Viaduto,Sim,2,0,1,0,1,0,1,2,-28.46605045,-48.99524689,SPRF-SC,DEL02-SC,UOP01-DEL02-SC,2020
"274542,0",2020-03-10,terça-feira,17:25:00,SC,101,"206,9",SAO JOSE,Não guardar distância de segurança,Colisão lateral,Com Vítimas Feridas,Pleno dia,Crescente,Sol,Múltipla,Curva,Sim,3,0,0,1,2,0,1,3,-27.59826428,-48.62092853,SPRF-SC,DEL01-SC,UOP01-DEL01-SC,2020
"274556,0",2020-03-10,terça-feira,17:45:00,SC,282,"16,3",PALHOCA,Falta de Atenção à Condução,Colisão traseira,Com Vítimas Feridas,Anoitecer,Crescente,Céu Claro,Simples,Interseção de Vias,Sim,2,0,1,0,1,0,1,2,-27.66168169,-48.68452102,SPRF-SC,DEL01-SC,UOP02-DEL01-SC,2020
"274557,0",2020-03-10,terça-feira,18:00:00,SC,282,"16,3",PALHOCA,Falta de Atenção à Condução,Colisão lateral,Com Vítimas Feridas,Anoitecer,Crescente,Céu Claro,Simples,Reta,Sim,3,0,1,0,2,0,1,3,-27.658611,-48.681847,SPRF-SC,DEL01-SC,UOP02-DEL01-SC,2020
"274564,0",2020-03-10,terça-feira,13:30:00,SC,282,"579,0",PINHALZINHO,Não guardar distância de segurança,Colisão traseira,Com Vítimas Feridas,Pleno dia,Decrescente,Céu Claro,Simples,Reta,Não,2,0,1,0,1,0,1,2,-26.835443,-52.990578,SPRF-SC,DEL07-SC,UOP02-DEL07-SC,2020
"274568,0",2020-03-10,terça-feira,13:05:00,SC,470,"119,0",IBIRAMA,Falta de Atenção à Condução,Colisão traseira,Com Vítimas Feridas,Pleno dia,Decrescente,Céu Claro,Simples,Reta,Não,1,0,1,0,0,0,1,1,-27.081554,-49.520206,SPRF-SC,DEL04-SC,UOP02-DEL04-SC,2020
"274569,0",2020-03-10,terça-feira,17:45:00,SC,101,"242,8",PALHOCA,Ingestão de Álcool,Saída de leito carroçável,Com Vítimas Feridas,Anoitecer,Crescente,Nublado,Dupla,Reta,Não,1,0,1,0,0,0,1,1,-27.87545797,-48.64678433,SPRF-SC,DEL01-SC,UOP02-DEL01-SC,2020
"274579,0",2020-03-10,terça-feira,17:20:00,SC,470,"49,4",BLUMENAU,Falta de Atenção à Condução,Colisão lateral,Com Vítimas Feridas,Pleno dia,Crescente,Céu Claro,Simples,Em Obras,Sim,2,0,1,0,0,1,1,2,-26.86155782,-49.06887889,SPRF-SC,DEL04-SC,UOP01-DEL04-SC,2020
"274581,0",2020-03-10,terça-feira,16:30:00,SC,282,"447,0",PONTE SERRADA,Velocidade Incompatível,Queda de ocupante de veículo,Com Vítimas Feridas,Pleno dia,Decrescente,Céu Claro,Simples,Curva,Não,1,0,1,0,0,0,1,1,-26.90706931,-51.91177368,SPRF-SC,DEL07-SC,UOP04-DEL07-SC,2020
"274585,0",2020-03-10,terça-feira,16:15:00,SC,280,"276,8",IRINEOPOLIS,Falta de Atenção à Condução,Colisão transversal,Com Vítimas Feridas,Pleno dia,Crescente,Sol,Simples,Reta,Não,2,0,2,0,0,0,2,2,-26.29087561,-50.78962326,SPRF-SC,DEL06-SC,UOP04-DEL06-SC,2020
"274586,0",2020-03-10,terça-feira,20:15:00,SC,101,"120,0",ITAJAI,Falta de Atenção à Condução,Tombamento,Com Vítimas Feridas,Plena Noite,Decrescente,Céu Claro,Dupla,Reta,Não,2,0,1,1,0,0,2,1,-26.912758,-48.711998,SPRF-SC,DEL04-SC,UOP04-DEL04-SC,2020
"274603,0",2020-03-10,terça-feira,20:00:00,SC,163,"109,2",GUARUJA DO SUL,Desobediência às normas de trânsito pelo condutor,Colisão lateral,Com Vítimas Feridas,Plena Noite,Decrescente,Céu Claro,Simples,Curva,Não,7,0,3,1,3,0,4,2,-26.39765512,-53.52473617,SPRF-SC,DEL07-SC,UOP04-DEL07-SC,2020
"274611,0",2020-03-10,terça-feira,23:10:00,SC,101,"41,0",JOINVILLE,Defeito Mecânico no Veículo,Colisão transversal,Com Vítimas Feridas,Plena Noite,Crescente,Céu Claro,Simples,Rotatória,Sim,2,0,1,0,1,0,1,2,-26.31860481,-48.87224078,SPRF-SC,DEL03-SC,UOP01-DEL03-SC,2020
"274632,0",2020-03-11,quarta-feira,05:35:00,SC,470,"65,3",INDAIAL,Velocidade Incompatível,Colisão traseira,Com Vítimas Feridas,Plena Noite,Decrescente,Céu Claro,Simples,Reta,Sim,2,0,1,0,0,1,1,2,-26.87088719,-49.21617064,SPRF-SC,DEL04-SC,UOP01-DEL04-SC,2020
"274633,0",2020-03-11,quarta-feira,05:55:00,SC,470,"66,3",INDAIAL,Falta de Atenção à Condução,Saída de leito carroçável,Com Vítimas Feridas,Pleno dia,Crescente,Nublado,Simples,Em Obras;Rotatória,Sim,1,0,1,0,0,0,1,1,-26.86986532,-49.22443628,SPRF-SC,DEL04-SC,UOP01-DEL04-SC,2020
"274635,0",2020-03-11,quarta-feira,06:00:00,SC,470,"50,6",BLUMENAU,Falta de Atenção à Condução,Colisão com objeto estático,Com Vítimas Feridas,Amanhecer,Crescente,Nublado,Simples,Desvio Temporário;Em Obras;Reta,Sim,1,0,1,0,0,0,1,1,-26.86160351,-49.0818617,SPRF-SC,DEL04-SC,UOP01-DEL04-SC,2020
"274641,0",2020-03-11,quarta-feira,07:00:00,SC,470,"69,9",INDAIAL,Falta de Atenção à Condução,Colisão traseira,Com Vítimas Feridas,Pleno dia,Crescente,Nublado,Simples,Reta;Em Obras,Sim,2,0,1,0,0,1,1,2,-26.88998073,-49.25523877,SPRF-SC,DEL04-SC,UOP01-DEL04-SC,2020
"274672,0",2020-03-11,quarta-feira,08:50:00,SC,101,"215,0",PALHOCA,Desobediência às normas de trânsito pelo condutor,Colisão lateral,Com Vítimas Feridas,Pleno dia,Crescente,Céu Claro,Simples,Interseção de Vias,Sim,2,0,1,0,1,0,1,2,-27.65184843,-48.67604941,SPRF-SC,DEL01-SC,UOP02-DEL01-SC,2020
"274684,0",2020-03-11,quarta-feira,07:20:00,SC,101,"39,0",JOINVILLE,Desobediência às normas de trânsito pelo condutor,Queda de ocupante de veículo,Com Vítimas Feridas,Pleno dia,Decrescente,Céu Claro,Dupla,Reta,Sim,1,0,1,0,0,0,1,1,-26.2628107,-48.90192257,SPRF-SC,DEL03-SC,UOP01-DEL03-SC,2020
"274688,0",2020-03-11,quarta-feira,07:16:00,SC,280,"82,0",CORUPA,Falta de Atenção à Condução,Colisão transversal,Com Vítimas Feridas,Pleno dia,Decrescente,Céu Claro,Simples,Reta,Sim,2,0,1,0,1,0,1,2,-26.44009491,-49.22605498,SPRF-SC,DEL06-SC,UOP03-DEL06-SC,2020
"274689,0",2020-03-11,quarta-feira,10:00:00,SC,101,"68,3",ARAQUARI,Desobediência às normas de trânsito pelo condutor,Atropelamento de Pedestre,Com Vítimas Feridas,Pleno dia,Decrescente,Céu Claro,Dupla,Reta,Não,2,0,1,0,1,0,1,2,-26.49513001,-48.73280803,SPRF-SC,DEL03-SC,UOP02-DEL03-SC,2020
"274706,0",2020-03-11,quarta-feira,10:00:00,SC,158,"105,0",CUNHA PORA,Agressão Externa,Saída de leito carroçável,Com Vítimas Feridas,Pleno dia,Crescente,Céu Claro,Simples,Curva,Não,1,0,1,0,0,0,1,1,-26.86897509,-53.16247716,SPRF-SC,DEL07-SC,UOP02-DEL07-SC,2020
"274738,0",2020-03-11,quarta-feira,15:15:00,SC,101,"131,0",BALNEARIO CAMBORIU,Falta de Atenção à Condução,Tombamento,Com Vítimas Feridas,Pleno dia,Decrescente,Céu Claro,Dupla,Reta,Sim,1,0,0,1,0,0,1,1,-26.99064209,-48.66310912,SPRF-SC,DEL04-SC,UOP03-DEL04-SC,2020
"274742,0",2020-03-11,quarta-feira,16:50:00,SC,101,"123,0",ITAJAI,Desobediência às normas de trânsito pelo condutor,Colisão transversal,Com Vítimas Feridas,Pleno dia,Decrescente,Céu Claro,Simples,Interseção de Vias,Sim,2,0,1,0,1,0,1,2,-26.93668609,-48.69876905,SPRF-SC,DEL04-SC,UOP04-DEL04-SC,2020
"274766,0",2020-03-11,quarta-feira,18:50:00,SC,101,"207,5",SAO JOSE,Desobediência às normas de trânsito pelo condutor,Colisão traseira,Com Vítimas Feridas,Plena Noite,Crescente,Céu Claro,Múltipla,Aclive,Sim,3,0,1,0,2,0,1,3,-27.60001226,-48.6226467,SPRF-SC,DEL01-SC,UOP01-DEL01-SC,2020
"274792,0",2020-03-11,quarta-feira,16:30:00,SC,282,"549,0",CHAPECO,Ingestão de Álcool,Saída de leito carroçável,Sem Vítimas,Pleno dia,Crescente,Céu Claro,Simples,Reta,Não,1,0,0,0,1,0,0,1,-26.962664,-52.762272,SPRF-SC,DEL07-SC,UOP01-DEL07-SC,2020
"274799,0",2020-03-11,quarta-feira,21:30:00,SC,282,"183,4",BOCAINA DO SUL,Animais na Pista,Colisão com objeto estático,Com Vítimas Feridas,Plena Noite,Decrescente,Céu Claro,Simples,Reta,Não,4,0,2,2,0,0,4,1,-27.73362,-49.968296,SPRF-SC,DEL05-SC,UOP01-DEL05-SC,2020
"274803,0",2020-03-11,quarta-feira,23:25:00,SC,282,"660,5",SAO MIGUEL DO OESTE,Falta de Atenção à Condução,Saída de leito carroçável,Com Vítimas Feridas,Plena Noite,Crescente,Céu Claro,Simples,Curva,Não,1,0,1,0,0,0,1,1,-26.675064,-53.566074,SPRF-SC,DEL07-SC,UOP03-DEL07-SC,2020
"274807,0",2020-03-11,quarta-feira,13:15:00,SC,101,"384,9",ICARA,Falta de Atenção à Condução,Saída de leito carroçável,Com Vítimas Feridas,Pleno dia,Decrescente,Céu Claro,Múltipla,Reta,Sim,1,0,1,0,0,0,1,1,-28.76851141,-49.3025538,SPRF-SC,DEL02-SC,UOP02-DEL02-SC,2020
"274811,0",2020-03-12,quinta-feira,02:40:00,SC,101,"96,0",BALNEARIO PICARRAS,Agressão Externa,Incêndio,Sem Vítimas,Plena Noite,Decrescente,Céu Claro,Simples,Reta,Sim,1,0,0,0,0,1,0,1,-26.718427,-48.70233,SPRF-SC,DEL03-SC,UOP02-DEL03-SC,2020
"274813,0",2020-03-12,quinta-feira,04:10:00,SC,101,"374,0",ICARA,Defeito Mecânico no Veículo,Incêndio,Sem Vítimas,Plena Noite,Decrescente,Céu Claro,Dupla,Reta,Não,1,0,0,0,1,0,0,1,-28.71534412,-49.22723198,SPRF-SC,DEL02-SC,UOP01-DEL02-SC,2020
"274872,0",2020-03-12,quinta-feira,12:12:00,SC,470,"65,0",INDAIAL,Desobediência às normas de trânsito pelo condutor,Colisão transversal,Com Vítimas Feridas,Pleno dia,Crescente,Céu Claro,Simples,Reta,Sim,2,0,2,0,0,0,2,2,-26.870411,-49.211864,SPRF-SC,DEL04-SC,UOP01-DEL04-SC,2020
"274873,0",2020-03-12,quinta-feira,11:50:00,SC,470,"115,3",IBIRAMA,Falta de Atenção à Condução,Colisão traseira,Com Vítimas Feridas,Pleno dia,Decrescente,Céu Claro,Simples,Reta,Não,2,0,1,0,1,0,1,2,-27.080416,-49.485348,SPRF-SC,DEL04-SC,UOP02-DEL04-SC,2020
"274900,0",2020-03-12,quinta-feira,12:40:00,SC,101,"375,5",ICARA,Condutor Dormindo,Saída de leito carroçável,Com Vítimas Feridas,Pleno dia,Crescente,Céu Claro,Múltipla,Reta,Não,1,0,1,0,0,0,1,1,-28.73618635,-49.24726725,SPRF-SC,DEL02-SC,UOP01-DEL02-SC,2020
"274901,0",2020-03-12,quinta-feira,15:15:00,SC,101,"209,0",SAO JOSE,Desobediência às normas de trânsito pelo condutor,Colisão traseira,Com Vítimas Feridas,Pleno dia,Decrescente,Céu Claro,Múltipla,Reta,Sim,2,0,0,1,1,0,1,2,-27.61000542,-48.63895057,SPRF-SC,DEL01-SC,UOP01-DEL01-SC,2020
"274902,0",2020-03-12,quinta-feira,15:04:00,SC,116,"1,9",MAFRA,Defeito Mecânico no Veículo,Incêndio,Sem Vítimas,Pleno dia,Crescente,Céu Claro,Simples,Reta,Sim,1,0,0,0,1,0,0,1,-26.1170929,-49.78694917,SPRF-SC,DEL06-SC,UOP01-DEL06-SC,2020
"274911,0",2020-03-12,quinta-feira,16:35:00,SC,116,"12,3",MAFRA,Falta de Atenção à Condução,Colisão transversal,Com Vítimas Feridas,Pleno dia,Decrescente,Céu Claro,Simples,Interseção de Vias;Curva;Rotatória,Não,3,0,1,0,2,0,1,2,-26.17877859,-49.86720998,SPRF-SC,DEL06-SC,UOP01-DEL06-SC,2020
"274919,0",2020-03-12,quinta-feira,16:50:00,SC,101,"194,3",SAO JOSE,Não guardar distância de segurança,Colisão transversal,Com Vítimas Feridas,Pleno dia,Crescente,Sol,Múltipla,Interseção de Vias;Viaduto,Sim,3,0,2,0,1,0,2,2,-27.49733713,-48.65718126,SPRF-SC,DEL01-SC,UOP01-DEL01-SC,2020
"274935,0",2020-03-12,quinta-feira,18:43:00,SC,101,"205,0",SAO JOSE,Velocidade Incompatível,Colisão traseira,Com Vítimas Feridas,Pleno dia,Crescente,Céu Claro,Múltipla,Reta,Não,2,0,0,1,1,0,1,2,-27.58313237,-48.61532885,SPRF-SC,DEL01-SC,UOP01-DEL01-SC,2020
"274949,0",2020-03-12,quinta-feira,16:40:00,SC,470,"97,5",APIUNA,Não guardar distância de segurança,Colisão com objeto estático,Com Vítimas Feridas,Pleno dia,Crescente,Céu Claro,Simples,Curva,Sim,1,0,1,0,0,0,1,1,-27.026621,-49.378124,SPRF-SC,DEL04-SC,UOP01-DEL04-SC,2020
"274952,0",2020-03-12,quinta-feira,17:45:00,SC,280,"56,5",GUARAMIRIM,Desobediência às normas de trânsito pelo condutor,Colisão transversal,Com Vítimas Feridas,Pleno dia,Crescente,Nublado,Simples,Reta,Não,3,0,0,1,1,1,1,2,-26.47933159,-49.00825024,SPRF-SC,DEL03-SC,UOP03-DEL03-SC,2020
"274960,0",2020-03-12,quinta-feira,20:10:00,SC,280,"55,0",GUARAMIRIM,Não guardar distância de segurança,Colisão traseira,Com Vítimas Feridas,Plena Noite,Crescente,Céu Claro,Simples,Reta,Sim,2,0,0,1,1,0,1,2,-26.47584353,-48.9937858,SPRF-SC,DEL03-SC,UOP03-DEL03-SC,2020
"274973,0",2020-03-12,quinta-feira,22:20:00,SC,282,"5,0",SAO JOSE,Desobediência às normas de trânsito pelo condutor,Colisão lateral,Com Vítimas Feridas,Plena Noite,Decrescente,Céu Claro,Múltipla,Reta,Sim,3,0,2,0,1,0,2,2,-27.588425,-48.612919,SPRF-SC,DEL01-SC,UOP01-DEL01-SC,2020
"274980,0",2020-03-12,quinta-feira,20:49:00,SC,282,"543,0",CHAPECO,Falta de Atenção à Condução,Colisão frontal,Com Vítimas Feridas,Plena Noite,Crescente,Céu Claro,Simples,Reta,Não,2,0,1,0,1,0,1,2,-26.999392,-52.717831,SPRF-SC,DEL07-SC,UOP01-DEL07-SC,2020
"274984,0",2020-03-12,quinta-feira,22:45:00,SC,101,"206,0",SAO JOSE,Falta de Atenção à Condução,Colisão traseira,Com Vítimas Feridas,Plena Noite,Decrescente,Céu Claro,Múltipla,Reta,Sim,3,0,2,0,1,0,2,2,-27.59193546,-48.61824557,SPRF-SC,DEL01-SC,UOP01-DEL01-SC,2020
"275002,0",2020-03-13,sexta-feira,05:25:00,SC,470,"50,7",BLUMENAU,Falta de Atenção à Condução,Colisão com objeto estático,Com Vítimas Feridas,Plena Noite,Decrescente,Céu Claro,Simples,Reta,Sim,1,0,1,0,0,0,1,1,-26.859768,-49.074493,SPRF-SC,DEL04-SC,UOP01-DEL04-SC,2020
"275024,0",2020-03-13,sexta-feira,07:35:00,SC,101,"215,5",PALHOCA,Falta de Atenção à Condução,Queda de ocupante de veículo,Com Vítimas Feridas,Pleno dia,Crescente,Céu Claro,Dupla,Rotatória,Não,2,0,1,0,1,0,1,2,-27.65184843,-48.67604941,SPRF-SC,DEL01-SC,UOP02-DEL01-SC,2020
"275028,0",2020-03-13,sexta-feira,06:00:00,SC,101,"215,5",PALHOCA,Falta de Atenção à Condução,Colisão transversal,Com Vítimas Feridas,Amanhecer,Crescente,Céu Claro,Simples,Rotatória,Sim,2,0,0,1,1,0,1,2,-27.65561153,-48.67913246,SPRF-SC,DEL01-SC,UOP02-DEL01-SC,2020
"275032,0",2020-03-13,sexta-feira,08:20:00,SC,101,"141,0",BALNEARIO CAMBORIU,Velocidade Incompatível,Colisão traseira,Com Vítimas Feridas,Pleno dia,Decrescente,Céu Claro,Simples,Reta,Sim,3,0,1,0,2,0,1,3,-27.04761729,-48.59995855,SPRF-SC,DEL04-SC,UOP03-DEL04-SC,2020
"275049,0",2020-03-13,sexta-feira,09:10:00,SC,101,"90,6",BARRA VELHA,Não guardar distância de segurança,Colisão traseira,Com Vítimas Feridas,Pleno dia,Crescente,Sol,Dupla,Reta,Não,3,0,2,0,1,0,2,2,-26.66148503,-48.68866176,SPRF-SC,DEL03-SC,UOP02-DEL03-SC,2020
"275059,0",2020-03-13,sexta-feira,10:55:00,SC,101,"214,5",PALHOCA,Falta de Atenção à Condução,Colisão lateral,Com Vítimas Feridas,Pleno dia,Decrescente,Céu Claro,Múltipla,Reta,Sim,2,0,1,0,1,0,1,2,-27.65023264,-48.67466927,SPRF-SC,DEL01-SC,UOP02-DEL01-SC,2020
"275071,0",2020-03-13,sexta-feira,09:50:00,SC,470,"80,4",RODEIO,Falta de Atenção à Condução,Colisão transversal,Com Vítimas Feridas,Pleno dia,Decrescente,Sol,Simples,Curva,Não,2,0,0,1,1,0,1,2,-26.948805,-49.316097,SPRF-SC,DEL04-SC,UOP01-DEL04-SC,2020
"275075,0",2020-03-13,sexta-feira,10:20:00,SC,101,"125,7",ITAJAI,Defeito Mecânico no Veículo,Tombamento,Com Vítimas Feridas,Pleno dia,Decrescente,Sol,Dupla,Curva,Não,2,0,2,0,0,0,2,1,-26.94802427,-48.68338515,SPRF-SC,DEL04-SC,UOP04-DEL04-SC,2020
"275089,0",2020-03-13,sexta-feira,12:47:00,SC,101,"95,2",BARRA VELHA,Velocidade Incompatível,Colisão transversal,Com Vítimas Feridas,Pleno dia,Decrescente,Céu Claro,Simples,Reta,Não,3,0,0,1,2,0,1,3,-26.71513874,-48.70222092,SPRF-SC,DEL03-SC,UOP02-DEL03-SC,2020
"275100,0",2020-03-13,sexta-feira,12:12:00,SC,470,"122,9",IBIRAMA,Ultrapassagem Indevida,Colisão lateral,Com Vítimas Feridas,Pleno dia,Decrescente,Sol,Simples,Curva,Sim,2,0,1,0,1,0,1,2,-27.099888,-49.527679,SPRF-SC,DEL04-SC,UOP02-DEL04-SC,2020
"275125,0",2020-03-13,sexta-feira,16:00:00,SC,101,"212,0",PALHOCA,Falta de Atenção à Condução,Queda de ocupante de veículo,Com Vítimas Feridas,Pleno dia,Decrescente,Céu Claro,Múltipla,Reta,Não,2,0,1,0,1,0,1,2,-27.62996929,-48.65903871,SPRF-SC,DEL01-SC,UOP02-DEL01-SC,2020
"275127,0",2020-03-13,sexta-feira,16:05:00,SC,470,"64,0",INDAIAL,Falta de Atenção à Condução,Colisão traseira,Com Vítimas Feridas,Pleno dia,Crescente,Sol,Simples,Reta,Não,2,0,1,0,1,0,1,2,-26.869867,-49.201859,SPRF-SC,DEL04-SC,UOP01-DEL04-SC,2020
"275140,0",2020-03-13,sexta-feira,17:40:00,SC,101,"168,0",TIJUCAS,Desobediência às normas de trânsito pelo condutor,Colisão transversal,Com Vítimas Feridas,Anoitecer,Decrescente,Sol,Dupla,Reta,Não,2,0,1,0,1,0,1,2,-27.279105,-48.631554,SPRF-SC,DEL04-SC,UOP03-DEL04-SC,2020
"275164,0",2020-03-13,sexta-feira,19:00:00,SC,101,"205,0",SAO JOSE,Não guardar distância de segurança,Colisão traseira,Com Vítimas Feridas,Plena Noite,Decrescente,Céu Claro,Dupla,Reta,Sim,2,0,2,0,0,0,2,2,-27.58313237,-48.61532885,SPRF-SC,DEL01-SC,UOP01-DEL01-SC,2020
"275172,0",2020-03-13,sexta-feira,18:40:00,SC,101,"148,0",ITAPEMA,Falta de Atenção à Condução,Colisão transversal,Com Vítimas Feridas,Plena Noite,Crescente,Céu Claro,Simples,Reta,Sim,2,0,1,0,1,0,1,2,-27.10123686,-48.61807962,SPRF-SC,DEL04-SC,UOP03-DEL04-SC,2020
"275184,0",2020-03-13,sexta-feira,20:00:00,SC,101,"208,0",SAO JOSE,Falta de Atenção à Condução,Colisão lateral,Com Vítimas Feridas,Plena Noite,Decrescente,Céu Claro,Dupla,Reta,Sim,2,0,1,0,1,0,1,2,-27.60327979,-48.63201818,SPRF-SC,DEL01-SC,UOP01-DEL01-SC,2020
"275185,0",2020-03-13,sexta-feira,17:30:00,SC,101,"116,0",ITAJAI,Falta de Atenção à Condução,Colisão lateral,Com Vítimas Feridas,Anoitecer,Crescente,Sol,Dupla,Reta,Sim,2,0,1,0,1,0,1,2,-26.87905605,-48.72603512,SPRF-SC,DEL04-SC,UOP04-DEL04-SC,2020
"275213,0",2020-03-13,sexta-feira,21:45:00,SC,101,"92,2",BARRA VELHA,Falta de Atenção do Pedestre,Atropelamento de Pedestre,Com Vítimas Fatais,Plena Noite,Decrescente,Céu Claro,Dupla,Reta,Não,6,1,0,0,4,1,0,3,-26.6806041,-48.6931497,SPRF-SC,DEL03-SC,UOP02-DEL03-SC,2020
"275214,0",2020-03-13,sexta-feira,15:00:00,SC,470,"53,8",BLUMENAU,Desobediência às normas de trânsito pelo condutor,Colisão transversal,Com Vítimas Feridas,Pleno dia,Decrescente,Sol,Simples,Reta,Sim,2,0,1,0,1,0,1,2,-26.867121,-49.102066,SPRF-SC,DEL04-SC,UOP01-DEL04-SC,2020
"275248,0",2020-03-14,sábado,04:30:00,SC,470,"149,9",AGRONOMICA,Velocidade Incompatível,Colisão com objeto estático,Com Vítimas Feridas,Plena Noite,Crescente,Céu Claro,Simples,Rotatória;Reta,Sim,1,0,1,0,0,0,1,1,-27.252104,-49.702129,SPRF-SC,DEL04-SC,UOP02-DEL04-SC,2020
"275249,0",2020-03-14,sábado,03:15:00,SC,470,"119,0",IBIRAMA,Defeito Mecânico no Veículo,Incêndio,Sem Vítimas,Plena Noite,Crescente,Céu Claro,Simples,Reta,Sim,1,0,0,0,1,0,0,1,-27.08396717,-49.52066037,SPRF-SC,DEL04-SC,UOP02-DEL04-SC,2020
"275251,0",2020-03-14,sábado,05:30:00,SC,470,"138,0",RIO DO SUL,Falta de Atenção à Condução,Colisão com objeto estático,Sem Vítimas,Amanhecer,Decrescente,Céu Claro,Simples,Reta,Sim,1,0,0,0,1,0,0,1,-27.195015,-49.62495538,SPRF-SC,DEL04-SC,UOP02-DEL04-SC,2020
"275253,0",2020-03-14,sábado,05:15:00,SC,158,"106,8",CUNHA PORA,Ingestão de Álcool,Colisão com objeto estático,Sem Vítimas,Plena Noite,Crescente,Céu Claro,Simples,Curva,Não,1,0,0,0,0,1,0,1,-26.88046894,-53.17374229,SPRF-SC,DEL07-SC,UOP02-DEL07-SC,2020
"275268,0",2020-03-14,sábado,07:30:00,SC,280,"54,9",GUARAMIRIM,Falta de Atenção à Condução,Colisão transversal,Com Vítimas Feridas,Pleno dia,Crescente,Céu Claro,Simples,Reta,Sim,2,0,1,0,1,0,1,2,-26.477203,-48.996611,SPRF-SC,DEL03-SC,UOP03-DEL03-SC,2020
"275303,0",2020-03-14,sábado,11:15:00,SC,101,"302,0",LAGUNA,Ingestão de Álcool,Saída de leito carroçável,Com Vítimas Feridas,Pleno dia,Decrescente,Céu Claro,Múltipla,Reta,Sim,1,0,1,0,0,0,1,1,-28.3764867,-48.76361132,SPRF-SC,DEL02-SC,UOP03-DEL02-SC,2020