id,data_inversa,dia_semana,horario,uf,br,km,municipio,causa_acidente,tipo_acidente,classificacao_acidente,fase_dia,sentido_via,condicao_metereologica,tipo_pista,tracado_via,uso_solo,pessoas,mortos,feridos_leves,feridos_graves,ilesos,ignorados,feridos,veiculos,latitude,longitude,regional,delegacia,uop,ano_arquivo
"275316,0",2020-03-14,sábado,12:25:00,SC,101,"208,2",SAO JOSE,Não guardar distância de segurança,Colisão traseira,Com Vítimas Feridas,Pleno dia,Decrescente,Céu Claro,Múltipla,Reta,Sim,4,0,1,0,3,0,1,4,-27.60327979,-48.63201818,SPRF-SC,DEL01-SC,UOP01-DEL01-SC,2020
"275323,0",2020-03-14,sábado,08:30:00,SC,116,"219,4",CORREIA PINTO,Falta de Atenção à Condução,Colisão transversal,Com Vítimas Feridas,Pleno dia,Crescente,Sol,Simples,Reta,Sim,2,0,1,0,1,0,1,2,-27.58072046,-50.36888123,SPRF-SC,DEL05-SC,UOP03-DEL05-SC,2020
"275337,0",2020-03-14,sábado,13:30:00,SC,101,"208,0",SAO JOSE,Desobediência às normas de trânsito pelo pedestre,Colisão transversal,Com Vítimas Feridas,Pleno dia,Crescente,Céu Claro,Dupla,Aclive,Não,2,0,1,1,0,0,2,2,-27.60327979,-48.63201818,SPRF-SC,DEL01-SC,UOP01-DEL01-SC,2020
"275340,0",2020-03-14,sábado,10:30:00,SC,280,"52,0",GUARAMIRIM,Falta de Atenção à Condução,Colisão transversal,Sem Vítimas,Pleno dia,Decrescente,Céu Claro,Simples,Reta,Não,2,0,0,0,2,0,0,2,-26.468904,-48.96492,SPRF-SC,DEL03-SC,UOP03-DEL03-SC,2020
"275341,0",2020-03-14,sábado,14:10:00,SC,470,"91,0",ASCURRA,Falta de Atenção à Condução,Colisão transversal,Com Vítimas Feridas,Pleno dia,Decrescente,Céu Claro,Simples,Interseção de Vias,Não,2,0,0,1,1,0,1,2,-26.97769,-49.369198,SPRF-SC,DEL04-SC,UOP01-DEL04-SC,2020
"275348,0",2020-03-14,sábado,13:00:00,SC,101,"88,0",BARRA VELHA,Não guardar distância de segurança,Tombamento,Com Vítimas Feridas,Pleno dia,Crescente,Céu Claro,Dupla,Reta,Não,1,0,1,0,0,0,1,1,-26.64253985,-48.68950684,SPRF-SC,DEL03-SC,UOP02-DEL03-SC,2020
"275360,0",2020-03-14,sábado,14:58:00,SC,101,"155,0",PORTO BELO,Ingestão de Álcool,Saída de leito carroçável,Sem Vítimas,Pleno dia,Crescente,Céu Claro,Múltipla,Curva,Não,1,0,0,0,1,0,0,1,-27.16292,-48.61129,SPRF-SC,DEL04-SC,UOP03-DEL04-SC,2020
"275366,0",2020-03-14,sábado,15:10:00,SC,101,"413,4",ARARANGUA,Falta de Atenção à Condução,Colisão transversal,Com Vítimas Feridas,Pleno dia,Decrescente,Céu Claro,Simples,Reta,Sim,2,0,1,0,0,1,1,2,-28.94605997,-49.50428402,SPRF-SC,DEL02-SC,UOP02-DEL02-SC,2020
"275376,0",2020-03-14,sábado,15:00:00,SC,101,"109,0",PENHA,Avarias e/ou desgaste excessivo no pneu,Queda de ocupante de veículo,Com Vítimas Feridas,Pleno dia,Decrescente,Céu Claro,Dupla,Reta,Não,1,0,1,0,0,0,1,1,-26.83367347,-48.69691014,SPRF-SC,DEL03-SC,UOP02-DEL03-SC,2020
"275400,0",2020-03-14,sábado,14:40:00,SC,282,"527,1",CORDILHEIRA ALTA,Defeito Mecânico no Veículo,Tombamento,Com Vítimas Feridas,Pleno dia,Decrescente,Céu Claro,Simples,Curva,Não,2,0,2,0,0,0,2,1,-26.973196,-52.583321,SPRF-SC,DEL07-SC,UOP01-DEL07-SC,2020
"275401,0",2020-03-14,sábado,16:30:00,SC,116,"219,9",CORREIA PINTO,Falta de Atenção à Condução,Colisão traseira,Sem Vítimas,Pleno dia,Crescente,Sol,Simples,Reta,Sim,2,0,0,0,2,0,0,2,-27.58529449,-50.36617756,SPRF-SC,DEL05-SC,UOP03-DEL05-SC,2020
"275404,0",2020-03-14,sábado,18:15:00,SC,101,"153,4",PORTO BELO,Defeito Mecânico no Veículo,Tombamento,Com Vítimas Feridas,Pleno dia,Crescente,Céu Claro,Dupla,Reta,Não,2,0,2,0,0,0,2,1,-27.144717,-48.61063935,SPRF-SC,DEL04-SC,UOP03-DEL04-SC,2020
"275425,0",2020-03-14,sábado,19:30:00,SC,470,"137,5",RIO DO SUL,Velocidade Incompatível,Colisão frontal,Com Vítimas Feridas,Plena Noite,Crescente,Céu Claro,Simples,Curva,Sim,2,0,1,0,1,0,1,2,-27.203201,-49.635063,SPRF-SC,DEL04-SC,UOP02-DEL04-SC,2020
"275432,0",2020-03-14,sábado,20:30:00,SC,101,"131,7",BALNEARIO CAMBORIU,Falta de Atenção à Condução,Saída de leito carroçável,Com Vítimas Feridas,Plena Noite,Decrescente,Céu Claro,Múltipla,Reta,Sim,3,0,2,0,1,0,2,1,-26.99064209,-48.66310912,SPRF-SC,DEL04-SC,UOP03-DEL04-SC,2020
"275433,0",2020-03-14,sábado,20:30:00,SC,282,"101,8",ALFREDO WAGNER,Ingestão de Álcool,Saída de leito carroçável,Com Vítimas Feridas,Plena Noite,Decrescente,Céu Claro,Simples,Reta,Não,1,0,1,0,0,0,1,1,-27.694626,-49.305317,SPRF-SC,DEL01-SC,UOP03-DEL01-SC,2020
"275435,0",2020-03-14,sábado,20:00:00,SC,101,"236,3",PALHOCA,Falta de Atenção à Condução,Colisão lateral,Com Vítimas Feridas,Plena Noite,Decrescente,Céu Claro,Dupla,Reta,Não,2,0,1,0,1,0,1,2,-27.82629382,-48.63034842,SPRF-SC,DEL01-SC,UOP02-DEL01-SC,2020
"275439,0",2020-03-14,sábado,21:00:00,SC,470,"37,7",GASPAR,Velocidade Incompatível,Tombamento,Com Vítimas Feridas,Plena Noite,Crescente,Céu Claro,Simples,Desvio Temporário;Em Obras;Reta,Sim,1,0,1,0,0,0,1,1,-26.90682796,-48.97843036,SPRF-SC,DEL04-SC,UOP01-DEL04-SC,2020
"275449,0",2020-03-14,sábado,21:15:00,SC,101,"417,6",ARARANGUA,Falta de Atenção do Pedestre,Atropelamento de Pedestre,Com Vítimas Feridas,Plena Noite,Decrescente,Nublado,Dupla,Reta,Não,2,0,1,0,0,1,1,2,-28.97376391,-49.53023409,SPRF-SC,DEL02-SC,UOP02-DEL02-SC,2020
"275464,0",2020-03-14,sábado,22:40:00,SC,282,"502,6",XANXERE,Ingestão de Álcool,Colisão com objeto estático,Sem Vítimas,Plena Noite,Crescente,Céu Claro,Dupla,Aclive,Sim,1,0,0,0,0,1,0,1,-26.884584,-52.390911,SPRF-SC,DEL07-SC,UOP01-DEL07-SC,2020
"275468,0",2020-03-14,sábado,23:40:00,SC,470,"66,0",INDAIAL,Falta de Atenção à Condução,Saída de leito carroçável,Com Vítimas Feridas,Plena Noite,Decrescente,Céu Claro,Simples,Interseção de Vias;Em Obras,Não,1,0,0,1,0,0,1,1,-26.870407,-49.221844,SPRF-SC,DEL04-SC,UOP01-DEL04-SC,2020
"275473,0",2020-03-14,sábado,23:00:00,SC,101,"420,0",ARARANGUA,Ingestão de Álcool,Colisão frontal,Com Vítimas Feridas,Plena Noite,Decrescente,Céu Claro,Simples,Reta,Sim,6,0,2,0,4,0,2,2,-28.99380392,-49.55081408,SPRF-SC,DEL02-SC,UOP02-DEL02-SC,2020
"275474,0",2020-03-14,sábado,20:00:00,SC,282,"570,8",NOVA ERECHIM,Objeto estático sobre o leito carroçável,Colisão com objeto estático,Com Vítimas Feridas,Plena Noite,Decrescente,Céu Claro,Simples,Declive,Não,1,0,1,0,0,0,1,1,-26.89006,-52.93306,SPRF-SC,DEL07-SC,UOP02-DEL07-SC,2020
"275482,0",2020-03-15,domingo,03:30:00,SC,101,"415,0",ARARANGUA,Falta de Atenção à Condução,Colisão com objeto estático,Sem Vítimas,Plena Noite,Crescente,Nublado,Simples,Rotatória,Não,1,0,0,0,1,0,0,1,-28.96040535,-49.51653267,SPRF-SC,DEL02-SC,UOP02-DEL02-SC,2020
"275487,0",2020-03-15,domingo,03:30:00,SC,101,"287,9",IMBITUBA,Ingestão de Álcool,Saída de leito carroçável,Com Vítimas Feridas,Plena Noite,Crescente,Céu Claro,Múltipla,Reta,Não,1,0,1,0,0,0,1,1,-28.23766496,-48.70059767,SPRF-SC,DEL02-SC,UOP03-DEL02-SC,2020
"275496,0",2020-03-15,domingo,07:05:00,SC,280,"276,0",IRINEOPOLIS,Velocidade Incompatível,Saída de leito carroçável,Com Vítimas Feridas,Pleno dia,Crescente,Céu Claro,Simples,Reta,Não,4,0,4,0,0,0,4,1,-26.29126407,-50.79052397,SPRF-SC,DEL06-SC,UOP04-DEL06-SC,2020
"275502,0",2020-03-15,domingo,12:45:00,SC,101,"209,0",SAO JOSE,Falta de Atenção à Condução,Colisão lateral,Com Vítimas Feridas,Pleno dia,Decrescente,Sol,Dupla,Reta,Sim,2,0,2,0,0,0,2,2,-27.61327652,-48.64265442,SPRF-SC,DEL01-SC,UOP01-DEL01-SC,2020
"275507,0",2020-03-15,domingo,07:00:00,SC,101,"217,0",PALHOCA,Ingestão de Álcool,Capotamento,Com Vítimas Feridas,Pleno dia,Crescente,Céu Claro,Dupla,Reta,Sim,1,0,1,0,0,0,1,1,-27.66779034,-48.67393586,SPRF-SC,DEL01-SC,UOP02-DEL01-SC,2020
"275512,0",2020-03-15,domingo,13:40:00,SC,101,"141,5",ITAPEMA,Avarias e/ou desgaste excessivo no pneu,Tombamento,Com Vítimas Feridas,Pleno dia,Decrescente,Sol,Dupla,Curva,Não,2,0,2,0,0,0,2,1,-27.04761729,-48.59995855,SPRF-SC,DEL04-SC,UOP03-DEL04-SC,2020
"275524,0",2020-03-15,domingo,14:50:00,SC,470,"44,0",BLUMENAU,Defeito Mecânico no Veículo,Tombamento,Com Vítimas Feridas,Pleno dia,Decrescente,Céu Claro,Simples,Curva,Não,2,0,2,0,0,0,2,1,-26.870665,-49.021896,SPRF-SC,DEL04-SC,UOP01-DEL04-SC,2020
"275526,0",2020-03-15,domingo,10:35:00,SC,282,"505,9",XANXERE,Falta de Atenção à Condução,Saída de leito carroçável,Com Vítimas Feridas,Pleno dia,Crescente,Céu Claro,Dupla,Curva;Declive,Sim,2,0,1,1,0,0,2,1,-26.885883,-52.418762,SPRF-SC,DEL07-SC,UOP01-DEL07-SC,2020
"275535,0",2020-03-15,domingo,08:40:00,SC,470,"7,5",NAVEGANTES,Ingestão de Álcool,Colisão traseira,Sem Vítimas,Pleno dia,Crescente,Céu Claro,Simples,Desvio Temporário,Não,2,0,0,0,2,0,0,2,-26.84499,-48.71505,SPRF-SC,DEL04-SC,UOP04-DEL04-SC,2020
"275546,0",2020-03-15,domingo,05:50:00,SC,101,"151,0",ITAPEMA,Falta de Atenção à Condução,Colisão transversal,Com Vítimas Feridas,Amanhecer,Decrescente,Nublado,Simples,Reta,Não,2,0,1,0,1,0,1,2,-27.126536,-48.609642,SPRF-SC,DEL04-SC,UOP03-DEL04-SC,2020
"275549,0",2020-03-15,domingo,15:30:00,SC,280,"46,2",GUARAMIRIM,Ingestão de Álcool,Saída de leito carroçável,Sem Vítimas,Pleno dia,Crescente,Céu Claro,Simples,Reta,Não,1,0,0,0,0,1,0,1,-26.45295055,-48.90788103,SPRF-SC,DEL03-SC,UOP03-DEL03-SC,2020
"275556,0",2020-02-16,domingo,17:25:00,SC,101,"3,0",GARUVA,Velocidade Incompatível,Queda de ocupante de veículo,Com Vítimas Feridas,Pleno dia,Crescente,Nublado,Dupla,Curva,Não,2,0,1,1,0,0,2,1,-26.00380807,-48.87233005,SPRF-SC,DEL03-SC,UOP01-DEL03-SC,2020
"275559,0",2020-03-15,domingo,17:00:00,SC,101,"156,8",PORTO BELO,Avarias e/ou desgaste excessivo no pneu,Tombamento,Com Vítimas Feridas,Pleno dia,Crescente,Céu Claro,Dupla,Reta,Sim,1,0,1,0,0,0,1,1,-27.172272,-48.61170204,SPRF-SC,DEL04-SC,UOP03-DEL04-SC,2020
"275564,0",2020-03-15,domingo,18:20:00,SC,282,"20,0",PALHOCA,Desobediência às normas de trânsito pelo condutor,Colisão traseira,Sem Vítimas,Anoitecer,Decrescente,Céu Claro,Simples,Curva,Sim,2,0,0,0,1,1,0,2,-27.683958,-48.71006,SPRF-SC,DEL01-SC,UOP02-DEL01-SC,2020
"275566,0",2020-03-15,domingo,18:00:00,SC,101,"183,8",BIGUACU,Ingestão de Álcool,Colisão traseira,Com Vítimas Feridas,Anoitecer,Crescente,Céu Claro,Dupla,Reta,Sim,5,0,2,0,3,0,2,3,-27.40688892,-48.6285296,SPRF-SC,DEL01-SC,UOP01-DEL01-SC,2020
"275607,0",2020-03-15,domingo,18:50:00,SC,282,"653,7",SAO MIGUEL DO OESTE,Falta de Atenção à Condução,Tombamento,Com Vítimas Feridas,Pleno dia,Crescente,Céu Claro,Múltipla,Curva,Não,2,0,0,2,0,0,2,1,-26.708202,-53.514313,SPRF-SC,DEL07-SC,UOP03-DEL07-SC,2020
"275615,0",2020-03-15,domingo,17:15:00,SC,282,"424,8",VARGEM BONITA,Ingestão de Álcool,Saída de leito carroçável,Sem Vítimas,Pleno dia,Crescente,Céu Claro,Simples,Curva,Não,2,0,0,0,2,0,0,1,-26.988014,-51.753124,SPRF-SC,DEL07-SC,UOP05-DEL07-SC,2020
"275621,0",2020-03-15,domingo,20:30:00,SC,101,"144,3",ITAPEMA,Falta de Atenção à Condução,Engavetamento,Com Vítimas Feridas,Plena Noite,Decrescente,Céu Claro,Dupla,Declive,Sim,8,0,3,0,5,0,3,5,-27.0732659,-48.59672716,SPRF-SC,DEL04-SC,UOP03-DEL04-SC,2020
"275622,0",2020-03-15,domingo,21:10:00,SC,101,"234,0",PALHOCA,Falta de Atenção à Condução,Engavetamento,Com Vítimas Feridas,Plena Noite,Decrescente,Céu Claro,Dupla,Reta,Sim,4,0,2,0,2,0,2,3,-27.81043812,-48.63537111,SPRF-SC,DEL01-SC,UOP02-DEL01-SC,2020
"275630,0",2020-03-15,domingo,20:20:00,SC,470,"58,0",BLUMENAU,Falta de Atenção à Condução,Colisão traseira,Sem Vítimas,Plena Noite,Crescente,Céu Claro,Simples,Reta,Não,2,0,0,0,2,0,0,2,-26.883879,-49.145622,SPRF-SC,DEL04-SC,UOP01-DEL04-SC,2020
"275632,0",2020-03-15,domingo,18:15:00,SC,280,"72,0",JARAGUA DO SUL,Não guardar distância de segurança,Colisão traseira,Com Vítimas Feridas,Plena Noite,Decrescente,Céu Claro,Simples,Reta,Sim,5,0,1,0,4,0,1,4,-26.45955419,-49.14342101,SPRF-SC,DEL03-SC,UOP03-DEL03-SC,2020
"275634,0",2020-03-15,domingo,20:10:00,SC,280,"24,8",ARAQUARI,Desobediência às normas de trânsito pelo condutor,Colisão transversal,Com Vítimas Feridas,Plena Noite,Crescente,Céu Claro,Simples,Reta,Não,2,0,1,0,0,1,1,2,-26.37724921,-48.71953282,SPRF-SC,DEL03-SC,UOP03-DEL03-SC,2020
"275646,0",2020-03-15,domingo,22:10:00,SC,116,"219,8",CORREIA PINTO,Desobediência às normas de trânsito pelo condutor,Colisão transversal,Com Vítimas Feridas,Plena Noite,Crescente,Céu Claro,Simples,Reta,Sim,2,0,1,0,1,0,1,2,-27.58573399,-50.36555188,SPRF-SC,DEL05-SC,UOP03-DEL05-SC,2020
"275651,0",2020-03-15,domingo,17:22:00,SC,280,"90,7",CORUPA,Defeito Mecânico no Veículo,Saída de leito carroçável,Com Vítimas Feridas,Anoitecer,Decrescente,Céu Claro,Simples,Curva;Declive,Não,26,0,18,5,2,1,23,2,-26.396457,-49.296446,SPRF-SC,DEL06-SC,UOP03-DEL06-SC,2020
"275673,0",2020-03-16,segunda-feira,04:30:00,SC,101,"205,0",SAO JOSE,Falta de Atenção à Condução,Saída de leito carroçável,Sem Vítimas,Plena Noite,Decrescente,Céu Claro,Múltipla,Reta,Sim,1,0,0,0,0,1,0,1,-27.58313237,-48.61532885,SPRF-SC,DEL01-SC,UOP01-DEL01-SC,2020
"275698,0",2020-03-16,segunda-feira,06:43:00,SC,116,"132,6",SANTA CECILIA,Velocidade Incompatível,Saída de leito carroçável,Com Vítimas Feridas,Pleno dia,Crescente,Céu Claro,Simples,Reta,Não,5,0,5,0,0,0,5,1,-26.90777447,-50.44120314,SPRF-SC,DEL06-SC,UOP02-DEL06-SC,2020
"275701,0",2020-03-16,segunda-feira,06:30:00,SC,101,"125,5",ITAJAI,Avarias e/ou desgaste excessivo no pneu,Tombamento,Com Vítimas Feridas,Pleno dia,Crescente,Céu Claro,Dupla,Reta,Sim,2,0,2,0,0,0,2,1,-26.94802427,-48.68338515,SPRF-SC,DEL04-SC,UOP04-DEL04-SC,2020
"275727,0",2020-03-16,segunda-feira,07:20:00,SC,282,"507,2",XANXERE,Defeito Mecânico no Veículo,Colisão frontal,Com Vítimas Feridas,Pleno dia,Decrescente,Sol,Simples,Declive,Não,4,0,3,0,1,0,3,2,-26.886171,-52.43911,SPRF-SC,DEL07-SC,UOP01-DEL07-SC,2020
"275737,0",2020-03-16,segunda-feira,09:50:00,SC,101,"140,0",BALNEARIO CAMBORIU,Defeito Mecânico no Veículo,Colisão traseira,Sem Vítimas,Pleno dia,Decrescente,Céu Claro,Dupla,Túnel;Reta,Não,2,0,0,0,2,0,0,2,-27.03881189,-48.60025148,SPRF-SC,DEL04-SC,UOP03-DEL04-SC,2020
"275743,0",2020-03-16,segunda-feira,11:00:00,SC,280,"5,5",SAO FRANCISCO DO SUL,Falta de Atenção à Condução,Colisão transversal,Com Vítimas Feridas,Pleno dia,Decrescente,Céu Claro,Simples,Reta,Não,2,0,1,0,1,0,1,2,-26.26011706,-48.62571995,SPRF-SC,DEL03-SC,UOP03-DEL03-SC,2020
"275753,0",2020-03-15,domingo,04:45:00,SC,470,"2,0",NAVEGANTES,Falta de Atenção à Condução,Saída de leito carroçável,Com Vítimas Feridas,Plena Noite,Decrescente,Nublado,Dupla,Em Obras;Reta,Sim,3,0,2,0,1,0,2,1,-26.868551,-48.674831,SPRF-SC,DEL04-SC,UOP04-DEL04-SC,2020
"275783,0",2020-03-16,segunda-feira,14:30:00,SC,101,"144,0",ITAPEMA,Defeito Mecânico no Veículo,Tombamento,Com Vítimas Feridas,Pleno dia,Decrescente,Sol,Dupla,Reta,Sim,2,0,2,0,0,0,2,1,-27.0732659,-48.59672716,SPRF-SC,DEL04-SC,UOP03-DEL04-SC,2020
"275819,0",2020-03-16,segunda-feira,18:30:00,SC,101,"205,0",SAO JOSE,Falta de Atenção à Condução,Colisão lateral,Com Vítimas Feridas,Plena Noite,Crescente,Chuva,Simples,Reta,Sim,2,0,1,0,1,0,1,2,-27.58313237,-48.61532885,SPRF-SC,DEL01-SC,UOP01-DEL01-SC,2020
"275826,0",2020-03-16,segunda-feira,18:10:00,SC,101,"210,0",SAO JOSE,Não guardar distância de segurança,Engavetamento,Com Vítimas Feridas,Anoitecer,Decrescente,Chuva,Múltipla,Reta;Aclive,Sim,5,0,1,0,4,0,1,4,-27.61613327,-48.64514351,SPRF-SC,DEL01-SC,UOP01-DEL01-SC,2020
"275845,0",2020-03-15,domingo,04:30:00,SC,282,"361,8",ERVAL VELHO,Ingestão de Álcool,Colisão frontal,Com Vítimas Feridas,Amanhecer,Decrescente,Céu Claro,Simples,Curva,Não,4,0,1,0,3,0,1,2,-27.310575,-51.373077,SPRF-SC,DEL07-SC,UOP05-DEL07-SC,2020
"275858,0",2020-03-16,segunda-feira,21:30:00,SC,101,"120,0",ITAJAI,Condutor Dormindo,Queda de ocupante de veículo,Com Vítimas Feridas,Plena Noite,Decrescente,Nublado,Dupla,Reta,Sim,1,0,1,0,0,0,1,1,-26.912758,-48.711998,SPRF-SC,DEL04-SC,UOP04-DEL04-SC,2020
"275859,0",2020-03-16,segunda-feira,17:00:00,SC,101,"306,7",LAGUNA,Pista Escorregadia,Capotamento,Com Vítimas Feridas,Pleno dia,Crescente,Chuva,Dupla,Reta,Não,2,0,2,0,0,0,2,1,-28.38437001,-48.77113299,SPRF-SC,DEL02-SC,UOP03-DEL02-SC,2020
"275860,0",2020-03-16,segunda-feira,18:30:00,SC,101,"306,5",LAGUNA,Pista Escorregadia,Colisão traseira,Com Vítimas Feridas,Anoitecer,Crescente,Chuva,Dupla,Reta,Não,3,0,1,0,2,0,1,3,-28.38437001,-48.77113299,SPRF-SC,DEL02-SC,UOP03-DEL02-SC,2020
"275927,0",2020-03-17,terça-feira,08:20:00,SC,101,"257,9",GAROPABA,Falta de Atenção à Condução,Capotamento,Sem Vítimas,Pleno dia,Decrescente,Chuva,Dupla,Curva,Não,1,0,0,0,1,0,0,1,-27.99000562,-48.67938995,SPRF-SC,DEL02-SC,UOP03-DEL02-SC,2020
"275991,0",2020-03-17,terça-feira,16:00:00,SC,101,"116,0",ITAJAI,Não guardar distância de segurança,Colisão lateral,Com Vítimas Feridas,Pleno dia,Decrescente,Nublado,Dupla,Reta,Sim,2,0,2,0,0,0,2,2,-26.87905605,-48.72603512,SPRF-SC,DEL04-SC,UOP04-DEL04-SC,2020
"276002,0",2020-03-17,terça-feira,16:30:00,SC,470,"190,2",POUSO REDONDO,Avarias e/ou desgaste excessivo no pneu,Saída de leito carroçável,Com Vítimas Feridas,Pleno dia,Decrescente,Nublado,Simples,Curva,Não,1,0,1,0,0,0,1,1,-27.281504,-50.069775,SPRF-SC,DEL04-SC,UOP02-DEL04-SC,2020
"276024,0",2020-03-08,domingo,12:00:00,SC,101,"136,0",BALNEARIO CAMBORIU,Não guardar distância de segurança,Colisão traseira,Com Vítimas Feridas,Pleno dia,Crescente,Céu Claro,Dupla,Reta,Sim,3,0,1,0,0,2,1,3,-27.008113,-48.617245,SPRF-SC,DEL04-SC,UOP03-DEL04-SC,2020
"276048,0",2020-03-17,terça-feira,22:15:00,SC,280,"57,9",GUARAMIRIM,Falta de Atenção à Condução,Colisão transversal,Com Vítimas Feridas,Plena Noite,Decrescente,Chuva,Simples,Rotatória,Sim,2,0,1,0,1,0,1,2,-26.47811421,-49.01259213,SPRF-SC,DEL03-SC,UOP03-DEL03-SC,2020
"276049,0",2020-03-17,terça-feira,20:15:00,SC,282,"46,2",AGUAS MORNAS,Ultrapassagem Indevida,Capotamento,Com Vítimas Feridas,Plena Noite,Decrescente,Chuva,Simples,Curva;Declive,Não,2,0,1,0,1,0,1,1,-27.721041,-48.925152,SPRF-SC,DEL01-SC,UOP03-DEL01-SC,2020
"276060,0",2020-03-18,quarta-feira,01:30:00,SC,101,"176,0",BIGUACU,Ingestão de Álcool,Saída de leito carroçável,Com Vítimas Feridas,Plena Noite,Decrescente,Céu Claro,Dupla,Reta,Não,3,0,0,3,0,0,3,1,-27.34661396,-48.63300917,SPRF-SC,DEL01-SC,UOP01-DEL01-SC,2020
"276066,0",2020-03-18,quarta-feira,03:30:00,SC,101,"140,2",BALNEARIO CAMBORIU,Desobediência às normas de trânsito pelo condutor,Colisão com objeto estático,Com Vítimas Feridas,Plena Noite,Decrescente,Céu Claro,Dupla,Túnel,Não,2,0,0,1,1,0,1,2,-27.03881189,-48.60025148,SPRF-SC,DEL04-SC,UOP03-DEL04-SC,2020
"276070,0",2020-03-18,quarta-feira,06:15:00,SC,101,"53,0",JOINVILLE,Falta de Atenção à Condução,Saída de leito carroçável,Com Vítimas Feridas,Amanhecer,Crescente,Nublado,Dupla,Curva,Não,1,0,0,1,0,0,1,1,-26.40231201,-48.83969703,SPRF-SC,DEL03-SC,UOP01-DEL03-SC,2020
"276072,0",2020-03-18,quarta-feira,06:00:00,SC,101,"208,3",SAO JOSE,Pista Escorregadia,Tombamento,Com Vítimas Feridas,Amanhecer,Crescente,Céu Claro,Múltipla,Curva;Declive,Sim,1,0,1,0,0,0,1,1,-27.60578492,-48.63523006,SPRF-SC,DEL01-SC,UOP01-DEL01-SC,2020
"276101,0",2020-03-15,domingo,05:30:00,SC,116,"169,2",PONTE ALTA DO NORTE,Condutor Dormindo,Saída de leito carroçável,Com Vítimas Feridas,Plena Noite,Crescente,Céu Claro,Simples,Curva;Declive,Não,2,0,2,0,0,0,2,1,-27.18341725,-50.46443224,SPRF-SC,DEL05-SC,UOP03-DEL05-SC,2020
"276109,0",2020-03-15,domingo,02:30:00,SC,470,"44,8",GASPAR,Condutor Dormindo,Colisão com objeto estático,Com Vítimas Feridas,Plena Noite,Crescente,Céu Claro,Dupla,Reta;Em Obras;Ponte,Não,1,0,1,0,0,0,1,1,-26.8674705,-49.03010043,SPRF-SC,DEL04-SC,UOP01-DEL04-SC,2020
"276128,0",2020-03-18,quarta-feira,12:00:00,SC,101,"342,0",TUBARAO,Não guardar distância de segurança,Colisão traseira,Com Vítimas Feridas,Pleno dia,Crescente,Céu Claro,Simples,Reta,Não,2,0,1,0,1,0,1,2,-28.51875992,-49.05388322,SPRF-SC,DEL02-SC,UOP01-DEL02-SC,2020
"276130,0",2020-03-18,quarta-feira,11:45:00,SC,101,"45,0",JOINVILLE,Falta de Atenção à Condução,Colisão traseira,Com Vítimas Feridas,Pleno dia,Crescente,Nublado,Simples,Reta,Sim,2,0,1,0,1,0,1,2,-26.33700974,-48.85973096,SPRF-SC,DEL03-SC,UOP01-DEL03-SC,2020
"276158,0",2020-03-18,quarta-feira,09:35:00,SC,280,"170,9",MAFRA,Desobediência às normas de trânsito pelo condutor,Colisão traseira,Sem Vítimas,Pleno dia,Crescente,Nublado,Simples,Reta,Não,2,0,0,0,2,0,0,2,-26.14357962,-49.81201773,SPRF-SC,DEL06-SC,UOP01-DEL06-SC,2020
"276160,0",2020-03-18,quarta-feira,10:20:00,SC,280,"209,2",TRES BARRAS,Falta de Atenção à Condução,Colisão transversal,Com Vítimas Feridas,Pleno dia,Decrescente,Nublado,Simples,Reta,Não,6,0,6,0,0,0,6,2,-26.17169628,-50.15846293,SPRF-SC,DEL06-SC,UOP04-DEL06-SC,2020
"276181,0",2020-03-18,quarta-feira,16:20:00,SC,282,"5,0",SAO JOSE,Falta de Atenção à Condução,Colisão com objeto estático,Com Vítimas Feridas,Pleno dia,Decrescente,Chuva,Dupla,Viaduto,Sim,1,0,1,0,0,0,1,1,-27.58617022,-48.61733805,SPRF-SC,DEL01-SC,UOP01-DEL01-SC,2020
"276182,0",2020-03-18,quarta-feira,13:15:00,SC,280,"23,0",ARAQUARI,Falta de Atenção à Condução,Tombamento,Com Vítimas Feridas,Pleno dia,Decrescente,Sol,Simples,Reta,Sim,1,0,1,0,0,0,1,1,-26.37146,-48.711887,SPRF-SC,DEL03-SC,UOP03-DEL03-SC,2020
"276189,0",2020-03-18,quarta-feira,16:20:00,SC,282,"79,0",RANCHO QUEIMADO,Velocidade Incompatível,Saída de leito carroçável,Com Vítimas Feridas,Pleno dia,Crescente,Garoa/Chuvisco,Simples,Curva,Não,3,0,1,0,2,0,1,1,-27.6707,-49.155758,SPRF-SC,DEL01-SC,UOP03-DEL01-SC,2020
"276190,0",2020-03-18,quarta-feira,07:15:00,SC,101,"107,0",PENHA,Falta de Atenção à Condução,Colisão com objeto estático,Com Vítimas Feridas,Amanhecer,Crescente,Céu Claro,Dupla,Reta,Não,2,0,1,1,0,0,2,1,-26.81930608,-48.68390282,SPRF-SC,DEL03-SC,UOP02-DEL03-SC,2020
"276198,0",2020-03-18,quarta-feira,16:25:00,SC,101,"205,0",SAO JOSE,Não guardar distância de segurança,Colisão lateral,Com Vítimas Feridas,Pleno dia,Decrescente,Nublado,Dupla,Reta,Sim,2,0,1,0,1,0,1,2,-27.58313237,-48.61532885,SPRF-SC,DEL01-SC,UOP01-DEL01-SC,2020
"276200,0",2020-03-18,quarta-feira,13:20:00,SC,282,"424,5",VARGEM BONITA,Falta de Atenção à Condução,Colisão com objeto estático,Com Vítimas Feridas,Pleno dia,Crescente,Nublado,Simples,Curva,Não,4,0,4,0,0,0,4,1,-26.988014,-51.753124,SPRF-SC,DEL07-SC,UOP05-DEL07-SC,2020
"276202,0",2020-03-18,quarta-feira,13:00:00,SC,282,"267,0",SAO JOSE DO CERRITO,Pista Escorregadia,Capotamento,Com Vítimas Feridas,Pleno dia,Decrescente,Garoa/Chuvisco,Simples,Curva,Não,1,0,1,0,0,0,1,1,-27.624544,-50.651848,SPRF-SC,DEL05-SC,UOP02-DEL05-SC,2020