id,data_inversa,dia_semana,horario,uf,br,km,municipio,causa_acidente,tipo_acidente,classificacao_acidente,fase_dia,sentido_via,condicao_metereologica,tipo_pista,tracado_via,uso_solo,pessoas,mortos,feridos_leves,feridos_graves,ilesos,ignorados,feridos,veiculos,latitude,longitude,regional,delegacia,uop,ano_arquivo
"276237,0",2020-03-18,quarta-feira,15:00:00,SC,470,"147,0",RIO DO SUL,Falta de Atenção à Condução,Engavetamento,Com Vítimas Feridas,Pleno dia,Decrescente,Nublado,Simples,Reta,Não,4,0,1,0,3,0,1,3,-27.243439,-49.690025,SPRF-SC,DEL04-SC,UOP02-DEL04-SC,2020
"276240,0",2020-03-18,quarta-feira,19:30:00,SC,470,"103,0",APIUNA,Falta de Atenção à Condução,Colisão traseira,Sem Vítimas,Plena Noite,Decrescente,Nublado,Simples,Curva,Não,2,0,0,0,1,1,0,2,-27.064796,-49.401424,SPRF-SC,DEL04-SC,UOP02-DEL04-SC,2020
"276245,0",2020-03-18,quarta-feira,19:30:00,SC,280,"56,1",GUARAMIRIM,Falta de Atenção à Condução,Colisão transversal,Com Vítimas Feridas,Plena Noite,Crescente,Céu Claro,Simples,Interseção de Vias,Sim,3,0,1,0,2,0,1,2,-26.47947677,-49.00298702,SPRF-SC,DEL03-SC,UOP03-DEL03-SC,2020
"276307,0",2020-03-19,quinta-feira,06:50:00,SC,470,"60,5",BLUMENAU,Desobediência às normas de trânsito pelo condutor,Colisão transversal,Com Vítimas Feridas,Pleno dia,Decrescente,Céu Claro,Simples,Reta,Sim,3,0,2,0,1,0,2,2,-26.88006963,-49.16932317,SPRF-SC,DEL04-SC,UOP01-DEL04-SC,2020
"276329,0",2020-03-19,quinta-feira,08:15:00,SC,101,"151,3",ITAPEMA,Avarias e/ou desgaste excessivo no pneu,Tombamento,Com Vítimas Feridas,Pleno dia,Decrescente,Céu Claro,Dupla,Reta,Sim,1,0,1,0,0,0,1,1,-27.126536,-48.609642,SPRF-SC,DEL04-SC,UOP03-DEL04-SC,2020
"276347,0",2020-03-19,quinta-feira,12:00:00,SC,282,"214,2",PALHOCA,Defeito Mecânico no Veículo,Colisão traseira,Com Vítimas Feridas,Pleno dia,Crescente,Céu Claro,Múltipla,Aclive,Sim,2,0,1,0,1,0,1,2,-27.64652188,-48.67208898,SPRF-SC,DEL05-SC,UOP01-DEL05-SC,2020
"276350,0",2020-03-19,quinta-feira,12:15:00,SC,101,"102,9",BALNEARIO PICARRAS,Desobediência às normas de trânsito pelo condutor,Colisão traseira,Sem Vítimas,Pleno dia,Crescente,Sol,Dupla,Curva,Sim,2,0,0,0,2,0,0,2,-26.77383397,-48.68594062,SPRF-SC,DEL03-SC,UOP02-DEL03-SC,2020
"276358,0",2020-03-13,sexta-feira,20:30:00,SC,101,"127,0",ITAJAI,Falta de Atenção à Condução,Colisão lateral,Com Vítimas Feridas,Plena Noite,Crescente,Céu Claro,Simples,Reta,Não,2,0,0,1,1,0,1,2,-26.9639319,-48.68328024,SPRF-SC,DEL04-SC,UOP04-DEL04-SC,2020
"276404,0",2020-03-19,quinta-feira,18:30:00,SC,101,"42,0",JOINVILLE,Falta de Atenção à Condução,Tombamento,Com Vítimas Feridas,Plena Noite,Crescente,Céu Claro,Dupla,Reta,Sim,1,0,1,0,0,0,1,1,-26.29251598,-48.88474385,SPRF-SC,DEL03-SC,UOP01-DEL03-SC,2020
"276410,0",2020-03-19,quinta-feira,19:10:00,SC,101,"207,7",SAO JOSE,Falta de Atenção à Condução,Colisão traseira,Com Vítimas Feridas,Plena Noite,Crescente,Nublado,Dupla,Aclive,Sim,2,0,1,0,1,0,1,2,-27.60001226,-48.6226467,SPRF-SC,DEL01-SC,UOP01-DEL01-SC,2020
"276435,0",2020-03-19,quinta-feira,20:00:00,SC,282,"115,7",ALFREDO WAGNER,Falta de Atenção à Condução,Colisão traseira,Com Vítimas Feridas,Plena Noite,Decrescente,Céu Claro,Simples,Curva,Não,4,0,2,0,2,0,2,2,-27.755424,-49.39444,SPRF-SC,DEL01-SC,UOP03-DEL01-SC,2020
"276445,0",2020-03-19,quinta-feira,22:15:00,SC,101,"138,0",BALNEARIO CAMBORIU,Ingestão de Álcool,Colisão com objeto estático,Com Vítimas Feridas,Plena Noite,Crescente,Céu Claro,Dupla,Reta,Sim,1,0,1,0,0,0,1,1,-27.02397426,-48.60761649,SPRF-SC,DEL04-SC,UOP03-DEL04-SC,2020
"276473,0",2020-03-20,sexta-feira,04:10:00,SC,470,"63,8",INDAIAL,Avarias e/ou desgaste excessivo no pneu,Saída de leito carroçável,Com Vítimas Feridas,Plena Noite,Decrescente,Céu Claro,Simples,Em Obras;Curva,Sim,1,0,1,0,0,0,1,1,-26.872396,-49.19228,SPRF-SC,DEL04-SC,UOP01-DEL04-SC,2020
"276495,0",2020-03-20,sexta-feira,07:30:00,SC,101,"124,0",ITAJAI,Falta de Atenção à Condução,Queda de ocupante de veículo,Com Vítimas Feridas,Amanhecer,Crescente,Céu Claro,Dupla,Reta,Sim,1,0,1,0,0,0,1,1,-26.94335064,-48.69198648,SPRF-SC,DEL04-SC,UOP04-DEL04-SC,2020
"276545,0",2020-03-20,sexta-feira,13:45:00,SC,101,"202,0",SAO JOSE,Falta de Atenção à Condução,Colisão traseira,Com Vítimas Feridas,Pleno dia,Decrescente,Sol,Múltipla,Reta,Sim,3,0,1,0,2,0,1,2,-27.55711595,-48.61897889,SPRF-SC,DEL01-SC,UOP01-DEL01-SC,2020
"276579,0",2020-03-20,sexta-feira,16:30:00,SC,101,"155,0",PORTO BELO,Desobediência às normas de trânsito pelo condutor,Colisão traseira,Com Vítimas Feridas,Pleno dia,Decrescente,Céu Claro,Dupla,Reta,Não,2,0,1,0,1,0,1,2,-27.16292,-48.61129,SPRF-SC,DEL04-SC,UOP03-DEL04-SC,2020
"276624,0",2020-03-20,sexta-feira,19:20:00,SC,470,"138,0",RIO DO SUL,Falta de Atenção à Condução,Saída de leito carroçável,Com Vítimas Feridas,Plena Noite,Decrescente,Céu Claro,Simples,Reta,Sim,1,0,1,0,0,0,1,1,-27.19736944,-49.62792635,SPRF-SC,DEL04-SC,UOP02-DEL04-SC,2020
"276626,0",2020-03-20,sexta-feira,20:20:00,SC,470,"111,3",IBIRAMA,Falta de Atenção à Condução,Capotamento,Com Vítimas Feridas,Plena Noite,Crescente,Céu Claro,Simples,Curva,Não,1,0,1,0,0,0,1,1,-27.095388,-49.457878,SPRF-SC,DEL04-SC,UOP02-DEL04-SC,2020
"276710,0",2020-03-21,sábado,14:50:00,SC,101,"196,0",BIGUACU,Falta de Atenção à Condução,Colisão traseira,Sem Vítimas,Pleno dia,Crescente,Céu Claro,Simples,Reta,Sim,2,0,0,0,2,0,0,2,-27.51101091,-48.64322292,SPRF-SC,DEL01-SC,UOP01-DEL01-SC,2020
"276761,0",2020-03-21,sábado,20:30:00,SC,101,"84,8",BARRA VELHA,Velocidade Incompatível,Colisão com objeto estático,Com Vítimas Feridas,Plena Noite,Decrescente,Céu Claro,Simples,Reta;Aclive,Sim,1,0,1,0,0,0,1,1,-26.62404682,-48.71394986,SPRF-SC,DEL03-SC,UOP02-DEL03-SC,2020
"276773,0",2020-03-21,sábado,21:40:00,SC,470,"54,4",BLUMENAU,Desobediência às normas de trânsito pelo condutor,Colisão transversal,Com Vítimas Feridas,Plena Noite,Crescente,Céu Claro,Simples,Interseção de Vias,Sim,3,0,2,0,1,0,2,2,-26.8732628,-49.11420822,SPRF-SC,DEL04-SC,UOP01-DEL04-SC,2020
"276804,0",2020-03-22,domingo,06:45:00,SC,101,"153,0",ITAPEMA,Defeito Mecânico no Veículo,Danos eventuais,Com Vítimas Feridas,Pleno dia,Crescente,Nublado,Dupla,Reta,Não,1,0,1,0,0,0,1,1,-27.14498721,-48.61066103,SPRF-SC,DEL04-SC,UOP03-DEL04-SC,2020
"276816,0",2020-03-22,domingo,10:00:00,SC,101,"148,0",ITAPEMA,Falta de Atenção à Condução,Colisão transversal,Com Vítimas Feridas,Pleno dia,Crescente,Céu Claro,Dupla,Interseção de Vias,Sim,2,0,1,0,1,0,1,2,-27.10123686,-48.61807962,SPRF-SC,DEL04-SC,UOP03-DEL04-SC,2020
"276855,0",2020-03-22,domingo,17:50:00,SC,101,"321,0",PESCARIA BRAVA,Falta de Atenção à Condução,Queda de ocupante de veículo,Com Vítimas Feridas,Anoitecer,Crescente,Céu Claro,Dupla,Reta,Não,1,0,1,0,0,0,1,1,-28.42532339,-48.8919091,SPRF-SC,DEL02-SC,UOP01-DEL02-SC,2020
"276856,0",2020-03-22,domingo,15:40:00,SC,470,"177,0",POUSO REDONDO,Falta de Atenção à Condução,Colisão transversal,Com Vítimas Feridas,Pleno dia,Crescente,Céu Claro,Simples,Rotatória,Não,3,0,1,1,0,1,2,2,-27.251858,-49.958,SPRF-SC,DEL04-SC,UOP02-DEL04-SC,2020
"276863,0",2020-03-22,domingo,19:20:00,SC,101,"236,0",PALHOCA,Falta de Atenção à Condução,Colisão com objeto estático,Sem Vítimas,Anoitecer,Decrescente,Céu Claro,Simples,Curva,Não,1,0,0,0,0,1,0,1,-27.82629382,-48.63034842,SPRF-SC,DEL01-SC,UOP02-DEL01-SC,2020
"276873,0",2020-03-22,domingo,19:35:00,SC,101,"194,0",BIGUACU,Velocidade Incompatível,Saída de leito carroçável,Sem Vítimas,Plena Noite,Crescente,Céu Claro,Múltipla,Reta,Não,1,0,0,0,0,1,0,1,-27.49815117,-48.65661236,SPRF-SC,DEL01-SC,UOP01-DEL01-SC,2020
"276883,0",2020-03-22,domingo,19:30:00,SC,282,"174,0",BOCAINA DO SUL,Animais na Pista,Saída de leito carroçável,Sem Vítimas,Plena Noite,Crescente,Céu Claro,Simples,Reta,Não,2,0,0,0,2,0,0,1,-27.742559,-49.882248,SPRF-SC,DEL05-SC,UOP01-DEL05-SC,2020
"276885,0",2020-03-22,domingo,18:45:00,SC,280,"7,7",SAO FRANCISCO DO SUL,Velocidade Incompatível,Colisão com objeto estático,Sem Vítimas,Plena Noite,Decrescente,Céu Claro,Simples,Reta,Sim,1,0,0,0,0,1,0,1,-26.2765669,-48.64502013,SPRF-SC,DEL03-SC,UOP03-DEL03-SC,2020
"276907,0",2020-03-22,domingo,22:35:00,SC,282,"245,9",SAO JOSE DO CERRITO,Falta de Atenção à Condução,Saída de leito carroçável,Com Vítimas Feridas,Plena Noite,Decrescente,Céu Claro,Dupla,Reta,Não,1,0,1,0,0,0,1,1,-27.729763,-50.52121,SPRF-SC,DEL05-SC,UOP02-DEL05-SC,2020
"276992,0",2020-03-23,segunda-feira,17:40:00,SC,280,"29,0",ARAQUARI,Animais na Pista,Atropelamento de Animal,Com Vítimas Feridas,Pleno dia,Decrescente,Céu Claro,Simples,Reta,Sim,1,0,1,0,0,0,1,1,-26.41066264,-48.75295628,SPRF-SC,DEL03-SC,UOP03-DEL03-SC,2020
"277001,0",2020-03-23,segunda-feira,20:45:00,SC,163,"67,0",SAO MIGUEL DO OESTE,Falta de Atenção à Condução,Colisão lateral,Com Vítimas Feridas,Plena Noite,Crescente,Céu Claro,Dupla,Reta,Sim,2,0,1,0,1,0,1,2,-26.759436,-53.50055292,SPRF-SC,DEL07-SC,UOP03-DEL07-SC,2020
"277024,0",2020-02-09,domingo,03:10:00,SC,470,"50,0",BLUMENAU,Ingestão de Álcool,Tombamento,Com Vítimas Feridas,Plena Noite,Crescente,Céu Claro,Simples,Desvio Temporário,Não,1,0,1,0,0,0,1,1,-26.859768,-49.074493,SPRF-SC,DEL04-SC,UOP01-DEL04-SC,2020
"277026,0",2020-03-24,terça-feira,07:00:00,SC,282,"1,0",FLORIANOPOLIS,Falta de Atenção à Condução,Colisão traseira,Com Vítimas Feridas,Pleno dia,Decrescente,Céu Claro,Dupla,Reta,Sim,2,0,0,1,1,0,1,2,-27.602955,-48.580509,SPRF-SC,DEL01-SC,UOP01-DEL01-SC,2020
"277044,0",2020-03-24,terça-feira,09:44:00,SC,101,"98,8",BALNEARIO PICARRAS,Pista Escorregadia,Saída de leito carroçável,Com Vítimas Feridas,Pleno dia,Crescente,Chuva,Dupla,Curva,Não,1,0,0,1,0,0,1,1,-26.73760897,-48.69918789,SPRF-SC,DEL03-SC,UOP02-DEL03-SC,2020
"277072,0",2020-03-24,terça-feira,16:10:00,SC,470,"142,0",RIO DO SUL,Desobediência às normas de trânsito pelo condutor,Colisão lateral,Com Vítimas Feridas,Pleno dia,Decrescente,Céu Claro,Simples,Reta;Aclive,Não,2,0,1,0,1,0,1,2,-27.222485,-49.662827,SPRF-SC,DEL04-SC,UOP02-DEL04-SC,2020
"277080,0",2020-03-24,terça-feira,17:59:00,SC,101,"201,7",SAO JOSE,Não guardar distância de segurança,Colisão traseira,Com Vítimas Feridas,Anoitecer,Crescente,Nublado,Múltipla,Reta;Declive,Sim,2,0,2,0,0,0,2,2,-27.54836599,-48.61977975,SPRF-SC,DEL01-SC,UOP01-DEL01-SC,2020
"277101,0",2020-03-24,terça-feira,08:08:00,SC,480,"130,3",CHAPECO,Falta de Atenção à Condução,Colisão lateral,Com Vítimas Feridas,Pleno dia,Crescente,Sol,Dupla,Reta,Sim,3,0,2,0,1,0,2,2,-27.05534298,-52.63652069,SPRF-SC,DEL07-SC,UOP01-DEL07-SC,2020
"277106,0",2020-03-24,terça-feira,18:40:00,SC,116,"247,0",LAGES,Falta de Atenção à Condução,Colisão transversal,Com Vítimas Feridas,Plena Noite,Crescente,Céu Claro,Simples,Reta,Sim,2,0,1,0,1,0,1,2,-27.81262488,-50.36859817,SPRF-SC,DEL05-SC,UOP02-DEL05-SC,2020
"277132,0",2020-03-25,quarta-feira,06:00:00,SC,101,"165,9",TIJUCAS,Velocidade Incompatível,Colisão com objeto estático,Com Vítimas Fatais,Amanhecer,Crescente,Nevoeiro/Neblina,Dupla,Reta,Não,1,1,0,0,0,0,0,1,-27.26147697,-48.63180349,SPRF-SC,DEL04-SC,UOP03-DEL04-SC,2020
"277197,0",2020-03-25,quarta-feira,21:20:00,SC,101,"435,3",SOMBRIO,Falta de Atenção à Condução,Colisão traseira,Com Vítimas Feridas,Plena Noite,Crescente,Ignorado,Dupla,Reta,Sim,2,0,1,0,1,0,1,2,-29.09949414,-49.63480552,SPRF-SC,DEL02-SC,UOP02-DEL02-SC,2020
"277236,0",2020-03-02,segunda-feira,18:57:00,SC,282,"340,0",CAMPOS NOVOS,Falta de Atenção à Condução,Colisão lateral,Sem Vítimas,Anoitecer,Crescente,Céu Claro,Simples,Reta,Não,2,0,0,0,1,1,0,2,-27.39953694,-51.2087667,SPRF-SC,DEL07-SC,UOP06-DEL07-SC,2020
"277265,0",2020-03-26,quinta-feira,16:35:00,SC,282,"628,1",IRACEMINHA,Velocidade Incompatível,Saída de leito carroçável,Sem Vítimas,Pleno dia,Decrescente,Céu Claro,Simples,Aclive;Curva,Não,1,0,0,0,0,1,0,1,-26.818754,-53.365486,SPRF-SC,DEL07-SC,UOP02-DEL07-SC,2020
"277276,0",2020-03-26,quinta-feira,19:10:00,SC,101,"133,3",BALNEARIO CAMBORIU,Defeito Mecânico no Veículo,Tombamento,Com Vítimas Feridas,Plena Noite,Crescente,Nublado,Dupla,Reta,Sim,1,0,1,0,0,0,1,1,-26.99936,-48.64609,SPRF-SC,DEL04-SC,UOP03-DEL04-SC,2020
"277281,0",2020-03-26,quinta-feira,19:50:00,SC,470,"19,5",ILHOTA,Sinalização da via insuficiente ou inadequada,Tombamento,Com Vítimas Feridas,Plena Noite,Decrescente,Céu Claro,Simples,Reta;Em Obras;Desvio Temporário,Não,1,0,1,0,0,0,1,1,-26.869675,-48.819998,SPRF-SC,DEL04-SC,UOP04-DEL04-SC,2020
"277350,0",2020-03-27,sexta-feira,14:45:00,SC,282,"29,0",SANTO AMARO DA IMPERATRIZ,Velocidade Incompatível,Tombamento,Com Vítimas Fatais,Pleno dia,Crescente,Céu Claro,Simples,Aclive;Curva,Sim,3,1,0,0,2,0,0,2,-27.687376,-48.79071,SPRF-SC,DEL01-SC,UOP03-DEL01-SC,2020
"277363,0",2020-03-27,sexta-feira,16:30:00,SC,101,"280,3",IMBITUBA,Desobediência às normas de trânsito pelo condutor,Colisão traseira,Com Vítimas Feridas,Pleno dia,Crescente,Céu Claro,Dupla,Reta,Não,4,0,1,0,3,0,1,2,-28.17962805,-48.6956297,SPRF-SC,DEL02-SC,UOP03-DEL02-SC,2020
"277365,0",2020-03-07,sábado,03:30:00,SC,101,"131,8",BALNEARIO CAMBORIU,Ingestão de Álcool,Colisão com objeto estático,Com Vítimas Feridas,Plena Noite,Crescente,Céu Claro,Múltipla,Curva,Sim,1,0,1,0,0,0,1,1,-26.99064209,-48.66310912,SPRF-SC,DEL04-SC,UOP03-DEL04-SC,2020
"277378,0",2020-03-27,sexta-feira,17:00:00,SC,101,"88,5",BARRA VELHA,Ingestão de Álcool,Saída de leito carroçável,Com Vítimas Feridas,Pleno dia,Decrescente,Céu Claro,Simples,Reta,Sim,1,0,1,0,0,0,1,1,-26.64253985,-48.68950684,SPRF-SC,DEL03-SC,UOP02-DEL03-SC,2020
"277396,0",2020-03-27,sexta-feira,19:15:00,SC,470,"23,0",ILHOTA,Sinalização da via insuficiente ou inadequada,Colisão com objeto estático,Sem Vítimas,Plena Noite,Decrescente,Céu Claro,Dupla,Em Obras,Não,1,0,0,0,1,0,0,1,-26.880913,-48.846237,SPRF-SC,DEL04-SC,UOP04-DEL04-SC,2020
"277461,0",2020-03-28,sábado,12:20:00,SC,101,"25,0",JOINVILLE,Falta de Atenção à Condução,Colisão lateral,Com Vítimas Feridas,Pleno dia,Crescente,Nublado,Dupla,Reta,Não,5,0,4,0,1,0,4,5,-26.18327561,-48.91051054,SPRF-SC,DEL03-SC,UOP01-DEL03-SC,2020
"277471,0",2020-03-28,sábado,12:40:00,SC,101,"228,0",PALHOCA,Defeito Mecânico no Veículo,Incêndio,Sem Vítimas,Pleno dia,Crescente,Céu Claro,Simples,Reta,Sim,1,0,0,0,1,0,0,1,-27.7597249,-48.63078869,SPRF-SC,DEL01-SC,UOP02-DEL01-SC,2020
"277477,0",2020-03-28,sábado,15:50:00,SC,470,"30,9",GASPAR,Velocidade Incompatível,Capotamento,Com Vítimas Feridas,Pleno dia,Decrescente,Sol,Dupla,Reta,Não,1,0,1,0,0,0,1,1,-26.893518,-48.914028,SPRF-SC,DEL04-SC,UOP01-DEL04-SC,2020
"277484,0",2020-03-28,sábado,10:00:00,SC,282,"89,1",ALFREDO WAGNER,Falta de Atenção à Condução,Saída de leito carroçável,Com Vítimas Feridas,Pleno dia,Crescente,Céu Claro,Simples,Curva,Não,1,0,0,1,0,0,1,1,-27.67800375,-49.21648085,SPRF-SC,DEL01-SC,UOP03-DEL01-SC,2020
"277488,0",2020-03-28,sábado,17:00:00,SC,282,"463,0",PONTE SERRADA,Falta de Atenção à Condução,Colisão transversal,Com Vítimas Feridas,Pleno dia,Crescente,Nublado,Simples,Rotatória,Sim,3,0,1,1,1,0,2,2,-26.855036,-52.059551,SPRF-SC,DEL07-SC,UOP04-DEL07-SC,2020
"277516,0",2020-03-28,sábado,21:00:00,SC,280,"53,0",GUARAMIRIM,Desobediência às normas de trânsito pelo condutor,Colisão frontal,Com Vítimas Feridas,Plena Noite,Crescente,Nublado,Simples,Em Obras,Não,2,0,1,0,1,0,1,2,-26.47236756,-48.97426617,SPRF-SC,DEL03-SC,UOP03-DEL03-SC,2020
"277522,0",2020-03-28,sábado,17:50:00,SC,101,"47,0",JOINVILLE,Ingestão de Álcool,Colisão lateral,Sem Vítimas,Pleno dia,Decrescente,Céu Claro,Dupla,Reta,Não,2,0,0,0,2,0,0,2,-26.34234997,-48.85840089,SPRF-SC,DEL03-SC,UOP01-DEL03-SC,2020
"277555,0",2020-03-29,domingo,08:25:00,SC,280,"24,9",ARAQUARI,Avarias e/ou desgaste excessivo no pneu,Queda de ocupante de veículo,Com Vítimas Feridas,Pleno dia,Decrescente,Céu Claro,Simples,Reta,Sim,2,0,2,0,0,0,2,1,-26.382378,-48.725469,SPRF-SC,DEL03-SC,UOP03-DEL03-SC,2020
"277573,0",2020-03-29,domingo,11:40:00,SC,101,"117,3",ITAJAI,Desobediência às normas de trânsito pelo condutor,Colisão transversal,Sem Vítimas,Pleno dia,Crescente,Céu Claro,Dupla,Viaduto,Não,2,0,0,0,2,0,0,2,-26.88747187,-48.72252969,SPRF-SC,DEL04-SC,UOP04-DEL04-SC,2020
"277582,0",2020-03-29,domingo,11:25:00,SC,101,"443,9",SANTA ROSA DO SUL,Falta de Atenção à Condução,Colisão frontal,Com Vítimas Feridas,Pleno dia,Crescente,Céu Claro,Simples,Interseção de Vias,Sim,2,0,1,0,1,0,1,2,-29.13223626,-49.69660393,SPRF-SC,DEL02-SC,UOP02-DEL02-SC,2020
"277610,0",2020-03-29,domingo,15:30:00,SC,470,"18,9",ILHOTA,Falta de Atenção à Condução,Queda de ocupante de veículo,Com Vítimas Feridas,Pleno dia,Crescente,Céu Claro,Múltipla,Reta,Não,1,0,1,0,0,0,1,1,-26.855534,-48.808922,SPRF-SC,DEL04-SC,UOP04-DEL04-SC,2020
"277649,0",2020-03-29,domingo,20:50:00,SC,101,"119,0",ITAJAI,Falta de Atenção à Condução,Queda de ocupante de veículo,Com Vítimas Feridas,Pleno dia,Decrescente,Céu Claro,Múltipla,Reta,Sim,1,0,1,0,0,0,1,1,-26.9043179,-48.71555481,SPRF-SC,DEL04-SC,UOP04-DEL04-SC,2020
"277663,0",2020-03-29,domingo,21:50:00,SC,101,"336,7",TUBARAO,Ingestão de Álcool,Colisão com objeto estático,Sem Vítimas,Plena Noite,Crescente,Céu Claro,Simples,Viaduto,Sim,1,0,0,0,1,0,0,1,-28.47650027,-49.02982593,SPRF-SC,DEL02-SC,UOP01-DEL02-SC,2020
"277666,0",2020-03-29,domingo,22:40:00,SC,470,"121,0",IBIRAMA,Velocidade Incompatível,Colisão com objeto estático,Com Vítimas Feridas,Plena Noite,Decrescente,Chuva,Simples,Curva,Sim,2,0,1,0,1,0,1,1,-27.09611444,-49.53083038,SPRF-SC,DEL04-SC,UOP02-DEL04-SC,2020
"277673,0",2020-03-30,segunda-feira,02:50:00,SC,101,"137,9",ITAPEMA,Ingestão de Álcool,Colisão com objeto estático,Com Vítimas Feridas,Plena Noite,Crescente,Ignorado,Múltipla,Reta,Sim,2,0,2,0,0,0,2,1,-27.0157238,-48.61192763,SPRF-SC,DEL04-SC,UOP03-DEL04-SC,2020
"277694,0",2020-03-30,segunda-feira,09:50:00,SC,101,"198,7",SAO JOSE,Defeito Mecânico no Veículo,Queda de ocupante de veículo,Com Vítimas Feridas,Pleno dia,Decrescente,Céu Claro,Múltipla,Reta,Sim,2,0,2,0,0,0,2,1,-27.52658712,-48.63506019,SPRF-SC,DEL01-SC,UOP01-DEL01-SC,2020
"277700,0",2020-03-30,segunda-feira,06:40:00,SC,282,"639,0",DESCANSO,Defeito Mecânico no Veículo,Tombamento,Com Vítimas Feridas,Amanhecer,Crescente,Céu Claro,Simples,Reta,Não,1,0,1,0,0,0,1,1,-26.793066,-53.451859,SPRF-SC,DEL07-SC,UOP03-DEL07-SC,2020
"277711,0",2020-03-30,segunda-feira,09:50:00,SC,282,"521,0",XAXIM,Falta de Atenção à Condução,Colisão traseira,Com Vítimas Feridas,Pleno dia,Crescente,Céu Claro,Simples,Reta,Não,2,0,1,0,1,0,1,2,-26.950993,-52.534767,SPRF-SC,DEL07-SC,UOP01-DEL07-SC,2020
"277735,0",2020-03-30,segunda-feira,11:45:00,SC,282,"263,7",SAO JOSE DO CERRITO,Desobediência às normas de trânsito pelo condutor,Colisão transversal,Com Vítimas Fatais,Pleno dia,Crescente,Céu Claro,Simples,Interseção de Vias,Não,3,2,0,0,1,0,0,2,-27.626875,-50.624406,SPRF-SC,DEL05-SC,UOP02-DEL05-SC,2020
"277770,0",2020-03-30,segunda-feira,20:40:00,SC,101,"147,6",ITAPEMA,Avarias e/ou desgaste excessivo no pneu,Queda de ocupante de veículo,Com Vítimas Feridas,Plena Noite,Decrescente,Céu Claro,Dupla,Reta,Sim,1,0,1,0,0,0,1,1,-27.09237407,-48.61730888,SPRF-SC,DEL04-SC,UOP03-DEL04-SC,2020
"277796,0",2020-03-31,terça-feira,03:05:00,SC,280,"5,7",SAO FRANCISCO DO SUL,Ultrapassagem Indevida,Colisão lateral,Com Vítimas Feridas,Plena Noite,Decrescente,Céu Claro,Simples,Reta,Sim,8,0,1,2,1,4,3,3,-26.26011706,-48.62571995,SPRF-SC,DEL03-SC,UOP03-DEL03-SC,2020
"277847,0",2020-03-31,terça-feira,15:50:00,SC,470,"120,0",APIUNA,Não guardar distância de segurança,Colisão com objeto em movimento,Com Vítimas Feridas,Pleno dia,Decrescente,Céu Claro,Simples,Reta,Não,3,0,1,1,1,0,2,2,-27.089924,-49.520416,SPRF-SC,DEL04-SC,UOP02-DEL04-SC,2020
"277869,0",2020-03-31,terça-feira,16:30:00,SC,470,"66,1",INDAIAL,Falta de Atenção à Condução,Colisão traseira,Com Vítimas Feridas,Pleno dia,Decrescente,Céu Claro,Simples,Reta,Não,2,0,1,0,1,0,1,2,-26.870407,-49.221844,SPRF-SC,DEL04-SC,UOP01-DEL04-SC,2020
"277878,0",2020-03-31,terça-feira,17:55:00,SC,282,"460,6",PONTE SERRADA,Falta de Atenção à Condução,Colisão com objeto estático,Com Vítimas Fatais,Anoitecer,Decrescente,Céu Claro,Simples,Rotatória,Sim,1,1,0,0,0,0,0,1,-26.8735638,-52.0181788,SPRF-SC,DEL07-SC,UOP04-DEL07-SC,2020
"277891,0",2020-03-31,terça-feira,15:00:00,SC,470,"54,5",BLUMENAU,Falta de Atenção à Condução,Colisão transversal,Com Vítimas Feridas,Pleno dia,Crescente,Céu Claro,Simples,Interseção de Vias,Sim,2,0,1,0,1,0,1,2,-26.87323409,-49.11418676,SPRF-SC,DEL04-SC,UOP01-DEL04-SC,2020
"277903,0",2020-03-31,terça-feira,23:00:00,SC,280,"213,0",TRES BARRAS,Falta de Atenção à Condução,Saída de leito carroçável,Com Vítimas Feridas,Plena Noite,Decrescente,Céu Claro,Simples,Reta,Não,3,0,0,1,2,0,1,1,-26.18089516,-50.19717996,SPRF-SC,DEL06-SC,UOP04-DEL06-SC,2020
"277907,0",2020-04-01,quarta-feira,03:30:00,SC,101,"119,0",ITAJAI,Falta de Atenção à Condução,Saída de leito carroçável,Com Vítimas Feridas,Plena Noite,Crescente,Chuva,Dupla,Reta,Não,2,0,2,0,0,0,2,1,-26.895859,-48.71903,SPRF-SC,DEL04-SC,UOP04-DEL04-SC,2020
"277914,0",2020-04-01,quarta-feira,05:20:00,SC,101,"169,0",TIJUCAS,Defeito Mecânico no Veículo,Incêndio,Sem Vítimas,Amanhecer,Decrescente,Nublado,Dupla,Reta,Não,1,0,0,0,1,0,0,1,-27.28790602,-48.63095745,SPRF-SC,DEL04-SC,UOP03-DEL04-SC,2020
"277933,0",2020-04-01,quarta-feira,10:05:00,SC,470,"158,0",TROMBUDO CENTRAL,Falta de Atenção à Condução,Colisão traseira,Com Vítimas Feridas,Pleno dia,Decrescente,Nublado,Simples,Reta,Sim,2,0,2,0,0,0,2,2,-27.287016,-49.778389,SPRF-SC,DEL04-SC,UOP02-DEL04-SC,2020
"277951,0",2020-04-01,quarta-feira,08:30:00,SC,101,"384,2",ICARA,Falta de Atenção à Condução,Saída de leito carroçável,Com Vítimas Feridas,Pleno dia,Crescente,Nublado,Dupla,Reta,Não,1,0,1,0,0,0,1,1,-28.7776311,-49.32227656,SPRF-SC,DEL02-SC,UOP02-DEL02-SC,2020
"277952,0",2020-04-01,quarta-feira,12:10:00,SC,470,"54,5",BLUMENAU,Falta de Atenção à Condução,Colisão traseira,Com Vítimas Feridas,Pleno dia,Crescente,Céu Claro,Simples,Reta,Sim,3,0,1,0,1,1,1,3,-26.871065,-49.110374,SPRF-SC,DEL04-SC,UOP01-DEL04-SC,2020