id,data_inversa,dia_semana,horario,uf,br,km,municipio,causa_acidente,tipo_acidente,classificacao_acidente,fase_dia,sentido_via,condicao_metereologica,tipo_pista,tracado_via,uso_solo,pessoas,mortos,feridos_leves,feridos_graves,ilesos,ignorados,feridos,veiculos,latitude,longitude,regional,delegacia,uop,ano_arquivo
"281822,0",2020-04-28,terça-feira,05:40:00,SC,470,"59,0",BLUMENAU,Falta de Atenção do Pedestre,Atropelamento de Pedestre,Com Vítimas Feridas,Amanhecer,Decrescente,Nublado,Simples,Curva,Não,2,0,0,1,0,1,1,2,-26.882812,-49.1548,SPRF-SC,DEL04-SC,UOP01-DEL04-SC,2020
"281836,0",2020-04-28,terça-feira,06:00:00,SC,101,"97,0",BALNEARIO PICARRAS,Condutor Dormindo,Saída de leito carroçável,Sem Vítimas,Amanhecer,Crescente,Nublado,Dupla,Reta,Não,1,0,0,0,0,1,0,1,-26.72823703,-48.70224928,SPRF-SC,DEL03-SC,UOP02-DEL03-SC,2020
"281839,0",2020-04-28,terça-feira,08:00:00,SC,101,"186,0",BIGUACU,Velocidade Incompatível,Capotamento,Com Vítimas Feridas,Pleno dia,Crescente,Chuva,Simples,Curva,Não,1,0,1,0,0,0,1,1,-27.4341098,-48.62567129,SPRF-SC,DEL01-SC,UOP01-DEL01-SC,2020
"281846,0",2020-04-28,terça-feira,09:10:00,SC,101,"203,0",SAO JOSE,Falta de Atenção à Condução,Colisão lateral,Com Vítimas Feridas,Pleno dia,Crescente,Chuva,Múltipla,Interseção de Vias,Sim,2,0,1,0,1,0,1,2,-27.5650044,-48.61460082,SPRF-SC,DEL01-SC,UOP01-DEL01-SC,2020
"281852,0",2020-04-28,terça-feira,06:30:00,SC,470,"102,3",APIUNA,Pista Escorregadia,Colisão com objeto estático,Com Vítimas Feridas,Pleno dia,Decrescente,Chuva,Simples,Reta,Não,1,0,1,0,0,0,1,1,-27.060822,-49.392761,SPRF-SC,DEL04-SC,UOP02-DEL04-SC,2020
"281873,0",2020-04-28,terça-feira,10:00:00,SC,470,"67,2",INDAIAL,Falta de Atenção à Condução,Colisão com objeto estático,Com Vítimas Feridas,Pleno dia,Crescente,Nublado,Simples,Em Obras;Desvio Temporário;Curva,Sim,1,0,1,0,0,0,1,1,-26.872158,-49.23127,SPRF-SC,DEL04-SC,UOP01-DEL04-SC,2020
"281877,0",2020-04-28,terça-feira,11:30:00,SC,282,"46,0",AGUAS MORNAS,Avarias e/ou desgaste excessivo no pneu,Capotamento,Com Vítimas Feridas,Pleno dia,Decrescente,Chuva,Simples,Curva,Não,3,0,1,1,1,0,2,1,-27.721041,-48.925152,SPRF-SC,DEL01-SC,UOP03-DEL01-SC,2020
"281885,0",2020-04-28,terça-feira,13:30:00,SC,280,"57,2",GUARAMIRIM,Falta de Atenção à Condução,Colisão transversal,Com Vítimas Feridas,Pleno dia,Crescente,Céu Claro,Simples,Reta,Não,2,0,0,1,1,0,1,2,-26.47811421,-49.01259213,SPRF-SC,DEL03-SC,UOP03-DEL03-SC,2020
"281909,0",2020-04-28,terça-feira,17:20:00,SC,470,"68,0",INDAIAL,Desobediência às normas de trânsito pelo condutor,Colisão transversal,Com Vítimas Feridas,Pleno dia,Decrescente,Nublado,Simples,Interseção de Vias,Sim,3,0,1,0,2,0,1,2,-26.877615,-49.239231,SPRF-SC,DEL04-SC,UOP01-DEL04-SC,2020
"281910,0",2020-04-28,terça-feira,13:35:00,SC,470,"56,0",BLUMENAU,Não guardar distância de segurança,Colisão lateral,Com Vítimas Feridas,Pleno dia,Decrescente,Céu Claro,Simples,Curva,Sim,2,0,1,0,1,0,1,2,-26.87914833,-49.13502216,SPRF-SC,DEL04-SC,UOP01-DEL04-SC,2020
"281914,0",2020-04-28,terça-feira,17:22:00,SC,282,"5,0",SAO JOSE,Falta de Atenção à Condução,Colisão traseira,Com Vítimas Feridas,Anoitecer,Crescente,Nublado,Dupla,Reta,Sim,2,0,1,0,1,0,1,2,-27.588425,-48.612919,SPRF-SC,DEL01-SC,UOP01-DEL01-SC,2020
"281925,0",2020-04-28,terça-feira,18:15:00,SC,101,"118,0",ITAJAI,Falta de Atenção à Condução,Tombamento,Com Vítimas Feridas,Anoitecer,Crescente,Nublado,Dupla,Reta,Não,1,0,1,0,0,0,1,1,-26.895859,-48.71903,SPRF-SC,DEL04-SC,UOP04-DEL04-SC,2020
"281941,0",2020-04-28,terça-feira,18:10:00,SC,163,"75,5",SAO MIGUEL DO OESTE,Falta de Atenção à Condução,Saída de leito carroçável,Com Vítimas Feridas,Anoitecer,Crescente,Céu Claro,Simples,Declive,Não,2,0,1,0,1,0,1,1,-26.69341396,-53.5158321,SPRF-SC,DEL07-SC,UOP03-DEL07-SC,2020
"281945,0",2020-04-28,terça-feira,20:45:00,SC,101,"112,0",ITAJAI,Avarias e/ou desgaste excessivo no pneu,Queda de ocupante de veículo,Com Vítimas Feridas,Plena Noite,Decrescente,Céu Claro,Dupla,Reta,Sim,2,0,2,0,0,0,2,1,-26.84728,-48.72269,SPRF-SC,DEL04-SC,UOP04-DEL04-SC,2020
"281953,0",2020-04-28,terça-feira,21:00:00,SC,280,"22,1",ARAQUARI,Falta de Atenção à Condução,Colisão traseira,Com Vítimas Feridas,Plena Noite,Decrescente,Nublado,Simples,Reta,Não,2,0,1,0,1,0,1,2,-26.37092616,-48.70204099,SPRF-SC,DEL03-SC,UOP03-DEL03-SC,2020
"281961,0",2020-04-28,terça-feira,19:15:00,SC,280,"19,0",ARAQUARI,Falta de Atenção à Condução,Colisão transversal,Com Vítimas Feridas,Plena Noite,Crescente,Céu Claro,Simples,Reta,Não,1,0,1,0,0,0,1,1,-26.3693676,-48.67221803,SPRF-SC,DEL03-SC,UOP03-DEL03-SC,2020
"281983,0",2020-04-29,quarta-feira,06:40:00,SC,101,"206,0",SAO JOSE,Mal Súbito,Queda de ocupante de veículo,Com Vítimas Feridas,Pleno dia,Decrescente,Céu Claro,Múltipla,Reta,Sim,2,0,0,1,1,0,1,2,-27.59193546,-48.61824557,SPRF-SC,DEL01-SC,UOP01-DEL01-SC,2020
"282061,0",2020-04-29,quarta-feira,18:20:00,SC,282,"16,0",PALHOCA,Falta de Atenção à Condução,Colisão traseira,Com Vítimas Feridas,Plena Noite,Decrescente,Céu Claro,Simples,Reta,Não,2,0,1,0,1,0,1,2,-27.658611,-48.681847,SPRF-SC,DEL01-SC,UOP02-DEL01-SC,2020
"282088,0",2020-04-29,quarta-feira,21:15:00,SC,282,"517,6",XAXIM,Ingestão de Álcool,Colisão lateral,Com Vítimas Feridas,Plena Noite,Crescente,Céu Claro,Simples,Interseção de Vias,Não,3,0,0,2,0,1,2,2,-26.94136305,-52.50387132,SPRF-SC,DEL07-SC,UOP01-DEL07-SC,2020
"282091,0",2020-04-29,quarta-feira,23:40:00,SC,101,"210,5",SAO JOSE,Falta de Atenção à Condução,Colisão traseira,Com Vítimas Feridas,Plena Noite,Crescente,Nublado,Múltipla,Reta,Sim,3,0,0,1,1,1,1,3,-27.6167305,-48.6457265,SPRF-SC,DEL01-SC,UOP01-DEL01-SC,2020
"282124,0",2020-04-30,quinta-feira,08:10:00,SC,101,"130,0",BALNEARIO CAMBORIU,Falta de Atenção à Condução,Colisão transversal,Com Vítimas Feridas,Pleno dia,Crescente,Sol,Simples,Reta,Sim,2,0,1,0,1,0,1,2,-26.98407618,-48.66977107,SPRF-SC,DEL04-SC,UOP03-DEL04-SC,2020
"282143,0",2020-04-30,quinta-feira,12:00:00,SC,280,"127,5",RIO NEGRINHO,Falta de Atenção à Condução,Colisão transversal,Com Vítimas Feridas,Pleno dia,Crescente,Céu Claro,Simples,Reta,Sim,3,0,1,0,2,0,1,2,-26.23943953,-49.50420708,SPRF-SC,DEL06-SC,UOP03-DEL06-SC,2020
"282192,0",2020-04-30,quinta-feira,18:30:00,SC,470,"180,3",POUSO REDONDO,Falta de Atenção à Condução,Colisão transversal,Com Vítimas Feridas,Plena Noite,Crescente,Céu Claro,Simples,Reta;Interseção de Vias,Não,2,0,2,0,0,0,2,2,-27.25071904,-49.99244928,SPRF-SC,DEL04-SC,UOP02-DEL04-SC,2020
"282193,0",2020-04-30,quinta-feira,18:20:00,SC,101,"209,0",SAO JOSE,Falta de Atenção à Condução,Colisão lateral,Com Vítimas Feridas,Plena Noite,Decrescente,Céu Claro,Dupla,Reta,Sim,3,0,1,0,2,0,1,3,-27.61000542,-48.63895057,SPRF-SC,DEL01-SC,UOP01-DEL01-SC,2020
"282197,0",2020-04-30,quinta-feira,18:35:00,SC,280,"30,9",ARAQUARI,Desobediência às normas de trânsito pelo condutor,Colisão transversal,Com Vítimas Feridas,Plena Noite,Decrescente,Céu Claro,Simples,Reta,Sim,2,0,0,1,1,0,1,2,-26.41473108,-48.76441598,SPRF-SC,DEL03-SC,UOP03-DEL03-SC,2020
"282217,0",2020-04-30,quinta-feira,19:55:00,SC,280,"33,8",ARAQUARI,Defeito Mecânico no Veículo,Incêndio,Sem Vítimas,Plena Noite,Crescente,Céu Claro,Simples,Reta,Sim,1,0,0,0,1,0,0,1,-26.42576441,-48.78741376,SPRF-SC,DEL03-SC,UOP03-DEL03-SC,2020
"282230,0",2020-04-30,quinta-feira,21:45:00,SC,280,"44,0",GUARAMIRIM,Ingestão de Álcool,Colisão com objeto estático,Sem Vítimas,Plena Noite,Decrescente,Céu Claro,Simples,Ponte,Não,1,0,0,0,1,0,0,1,-26.4517722,-48.88789399,SPRF-SC,DEL03-SC,UOP03-DEL03-SC,2020
"282253,0",2020-05-01,sexta-feira,01:30:00,SC,101,"365,3",SANGAO,Animais na Pista,Atropelamento de Animal,Com Vítimas Feridas,Plena Noite,Decrescente,Céu Claro,Dupla,Reta,Não,3,0,3,0,0,0,3,1,-28.68798149,-49.15769219,SPRF-SC,DEL02-SC,UOP01-DEL02-SC,2020
"282265,0",2020-04-30,quinta-feira,21:00:00,SC,101,"210,0",SAO JOSE,Falta de Atenção à Condução,Colisão com objeto estático,Com Vítimas Feridas,Plena Noite,Crescente,Céu Claro,Dupla,Reta,Sim,1,0,1,0,0,0,1,1,-27.61961825,-48.64860892,SPRF-SC,DEL01-SC,UOP01-DEL01-SC,2020
"282267,0",2020-05-01,sexta-feira,06:45:00,SC,280,"48,0",GUARAMIRIM,Desobediência às normas de trânsito pelo condutor,Colisão lateral,Com Vítimas Feridas,Pleno dia,Decrescente,Céu Claro,Simples,Reta,Não,2,0,1,0,1,0,1,2,-26.4561084,-48.93042326,SPRF-SC,DEL03-SC,UOP03-DEL03-SC,2020
"282285,0",2020-05-01,sexta-feira,10:10:00,SC,282,"48,1",AGUAS MORNAS,Falta de Atenção à Condução,Colisão com objeto estático,Com Vítimas Feridas,Pleno dia,Decrescente,Nublado,Simples,Curva;Declive,Não,2,0,2,0,0,0,2,2,-27.714352,-48.938072,SPRF-SC,DEL01-SC,UOP03-DEL01-SC,2020
"282324,0",2020-04-15,quarta-feira,19:40:00,SC,101,"210,0",SAO JOSE,Velocidade Incompatível,Queda de ocupante de veículo,Com Vítimas Feridas,Plena Noite,Crescente,Céu Claro,Múltipla,Reta,Sim,1,0,0,1,0,0,1,1,-27.6167305,-48.6457265,SPRF-SC,DEL01-SC,UOP01-DEL01-SC,2020
"282344,0",2020-05-01,sexta-feira,18:00:00,SC,101,"310,0",LAGUNA,Ingestão de Álcool,Capotamento,Com Vítimas Feridas,Anoitecer,Crescente,Céu Claro,Dupla,Reta,Sim,1,0,1,0,0,0,1,1,-28.41679416,-48.79529064,SPRF-SC,DEL02-SC,UOP01-DEL02-SC,2020
"282345,0",2020-05-01,sexta-feira,11:30:00,SC,470,"319,4",CAMPOS NOVOS,Falta de Atenção à Condução,Colisão traseira,Com Vítimas Feridas,Pleno dia,Decrescente,Céu Claro,Simples,Reta,Não,2,0,0,1,1,0,1,2,-27.409864,-51.224949,SPRF-SC,DEL07-SC,UOP06-DEL07-SC,2020
"282352,0",2020-05-01,sexta-feira,16:50:00,SC,153,"58,8",IRANI,Desobediência às normas de trânsito pelo condutor,Colisão transversal,Com Vítimas Feridas,Pleno dia,Decrescente,Céu Claro,Simples,Interseção de Vias,Não,2,0,0,1,1,0,1,2,-26.96962243,-51.85409546,SPRF-SC,DEL07-SC,UOP04-DEL07-SC,2020
"282360,0",2020-05-01,sexta-feira,19:20:00,SC,101,"123,0",ITAJAI,Ingestão de Álcool,Colisão transversal,Sem Vítimas,Plena Noite,Decrescente,Nublado,Dupla,Rotatória,Sim,2,0,0,0,2,0,0,2,-26.93668609,-48.69876905,SPRF-SC,DEL04-SC,UOP04-DEL04-SC,2020
"282365,0",2020-05-01,sexta-feira,19:05:00,SC,101,"215,5",PALHOCA,Ingestão de Álcool,Colisão transversal,Com Vítimas Feridas,Pleno dia,Decrescente,Nublado,Múltipla,Viaduto,Sim,2,0,0,1,1,0,1,2,-27.63697369,-48.66514142,SPRF-SC,DEL01-SC,UOP02-DEL01-SC,2020
"282371,0",2020-05-01,sexta-feira,15:19:00,SC,280,"144,0",MAFRA,Desobediência às normas de trânsito pelo condutor,Colisão lateral,Sem Vítimas,Pleno dia,Crescente,Céu Claro,Simples,Curva,Não,2,0,0,0,2,0,0,2,-26.24513497,-49.64589702,SPRF-SC,DEL06-SC,UOP03-DEL06-SC,2020
"282372,0",2020-05-01,sexta-feira,19:45:00,SC,101,"104,9",PENHA,Velocidade Incompatível,Colisão traseira,Com Vítimas Feridas,Plena Noite,Decrescente,Céu Claro,Dupla,Curva,Não,6,0,2,1,3,0,3,2,-26.79281742,-48.68080819,SPRF-SC,DEL03-SC,UOP02-DEL03-SC,2020
"282380,0",2020-05-01,sexta-feira,20:30:00,SC,101,"215,9",PALHOCA,Falta de Atenção à Condução,Colisão lateral,Com Vítimas Feridas,Plena Noite,Crescente,Nublado,Múltipla,Reta,Sim,2,0,2,0,0,0,2,2,-27.65184843,-48.67604941,SPRF-SC,DEL01-SC,UOP02-DEL01-SC,2020
"282399,0",2020-05-01,sexta-feira,23:40:00,SC,280,"56,8",GUARAMIRIM,Ingestão de Álcool,Colisão lateral,Com Vítimas Feridas,Plena Noite,Crescente,Céu Claro,Simples,Reta;Aclive,Sim,2,0,1,0,1,0,1,2,-26.47791,-49.012845,SPRF-SC,DEL03-SC,UOP03-DEL03-SC,2020
"282412,0",2020-05-02,sábado,04:05:00,SC,101,"213,0",PALHOCA,Desobediência às normas de trânsito pelo condutor,Colisão traseira,Com Vítimas Feridas,Plena Noite,Decrescente,Nublado,Múltipla,Reta,Sim,3,0,1,0,0,2,1,3,-27.63753298,-48.66541296,SPRF-SC,DEL01-SC,UOP02-DEL01-SC,2020
"282417,0",2020-05-02,sábado,04:45:00,SC,101,"210,4",SAO JOSE,Ingestão de Álcool,Saída de leito carroçável,Sem Vítimas,Plena Noite,Crescente,Nublado,Dupla,Reta,Sim,1,0,0,0,1,0,0,1,-27.6167305,-48.6457265,SPRF-SC,DEL01-SC,UOP01-DEL01-SC,2020
"282427,0",2020-05-02,sábado,07:40:00,SC,101,"207,0",SAO JOSE,Falta de Atenção à Condução,Colisão transversal,Com Vítimas Feridas,Pleno dia,Crescente,Sol,Simples,Viaduto,Sim,3,0,2,0,1,0,2,2,-27.59910099,-48.62206578,SPRF-SC,DEL01-SC,UOP01-DEL01-SC,2020
"282428,0",2020-05-02,sábado,04:00:00,SC,480,"130,2",CHAPECO,Ingestão de Álcool,Colisão com objeto estático,Com Vítimas Feridas,Plena Noite,Crescente,Céu Claro,Dupla,Reta,Sim,2,0,1,0,1,0,1,1,-27.05534298,-52.63652069,SPRF-SC,DEL07-SC,UOP01-DEL07-SC,2020
"282434,0",2020-05-02,sábado,09:10:00,SC,470,"108,8",APIUNA,Falta de Atenção à Condução,Colisão transversal,Com Vítimas Feridas,Pleno dia,Decrescente,Céu Claro,Simples,Reta,Sim,3,0,2,1,0,0,3,2,-27.080708,-49.440491,SPRF-SC,DEL04-SC,UOP02-DEL04-SC,2020
"282468,0",2020-05-02,sábado,00:30:00,SC,470,"27,0",GASPAR,Desobediência às normas de trânsito pelo condutor,Saída de leito carroçável,Sem Vítimas,Plena Noite,Decrescente,Céu Claro,Dupla,Reta,Não,1,0,0,0,0,1,0,1,-26.891006,-48.884411,SPRF-SC,DEL04-SC,UOP04-DEL04-SC,2020
"282473,0",2020-05-02,sábado,11:00:00,SC,282,"82,1",RANCHO QUEIMADO,Desobediência às normas de trânsito pelo condutor,Colisão frontal,Com Vítimas Fatais,Pleno dia,Decrescente,Céu Claro,Simples,Reta,Não,5,1,2,0,1,1,2,5,-27.662027,-49.178356,SPRF-SC,DEL01-SC,UOP03-DEL01-SC,2020
"282477,0",2020-05-02,sábado,05:00:00,SC,282,"491,4",FAXINAL DOS GUEDES,Ingestão de Álcool,Saída de leito carroçável,Com Vítimas Feridas,Plena Noite,Decrescente,Céu Claro,Simples,Reta,Não,1,0,1,0,0,0,1,1,-26.872433,-52.291599,SPRF-SC,DEL07-SC,UOP01-DEL07-SC,2020
"282485,0",2020-05-02,sábado,15:10:00,SC,282,"569,0",NOVA ERECHIM,Ingestão de Álcool,Colisão transversal,Com Vítimas Feridas,Pleno dia,Crescente,Céu Claro,Simples,Curva,Sim,4,0,2,0,2,0,2,2,-26.894342,-52.923874,SPRF-SC,DEL07-SC,UOP02-DEL07-SC,2020
"282488,0",2020-05-02,sábado,18:30:00,SC,101,"158,0",PORTO BELO,Falta de Atenção à Condução,Colisão traseira,Com Vítimas Feridas,Plena Noite,Crescente,Céu Claro,Dupla,Reta,Não,3,0,0,2,1,0,2,2,-27.19096301,-48.61259017,SPRF-SC,DEL04-SC,UOP03-DEL04-SC,2020
"282489,0",2020-05-02,sábado,18:20:00,SC,470,"126,4",LONTRAS,Desobediência às normas de trânsito pelo condutor,Colisão transversal,Com Vítimas Feridas,Plena Noite,Decrescente,Céu Claro,Simples,Reta,Não,4,0,2,0,2,0,2,2,-27.129,-49.538277,SPRF-SC,DEL04-SC,UOP02-DEL04-SC,2020
"282491,0",2020-05-02,sábado,16:50:00,SC,163,"69,2",SAO MIGUEL DO OESTE,Não guardar distância de segurança,Colisão traseira,Com Vítimas Feridas,Pleno dia,Crescente,Sol,Simples,Reta,Sim,2,0,1,0,1,0,1,2,-26.74132699,-53.50120591,SPRF-SC,DEL07-SC,UOP03-DEL07-SC,2020
"282504,0",2020-05-02,sábado,19:40:00,SC,101,"191,0",BIGUACU,Ingestão de Álcool,Colisão traseira,Com Vítimas Feridas,Plena Noite,Decrescente,Nublado,Dupla,Reta,Sim,2,0,1,0,1,0,1,2,-27.47730273,-48.64127329,SPRF-SC,DEL01-SC,UOP01-DEL01-SC,2020
"282510,0",2020-05-02,sábado,20:00:00,SC,101,"216,5",PALHOCA,Velocidade Incompatível,Colisão traseira,Com Vítimas Feridas,Plena Noite,Decrescente,Céu Claro,Simples,Interseção de Vias,Sim,3,0,1,0,2,0,1,3,-27.65981409,-48.67747798,SPRF-SC,DEL01-SC,UOP02-DEL01-SC,2020
"282524,0",2020-05-02,sábado,19:30:00,SC,101,"460,0",PASSO DE TORRES,Falta de Atenção do Pedestre,Atropelamento de Pedestre,Com Vítimas Feridas,Plena Noite,Decrescente,Céu Claro,Dupla,Reta,Não,2,0,1,0,1,0,1,2,-29.25788799,-49.7565232,SPRF-SC,DEL02-SC,UOP02-DEL02-SC,2020
"282525,0",2020-05-02,sábado,18:00:00,SC,470,"159,4",TROMBUDO CENTRAL,Ingestão de Álcool,Saída de leito carroçável,Com Vítimas Feridas,Plena Noite,Crescente,Céu Claro,Simples,Curva,Sim,1,0,1,0,0,0,1,1,-27.285877,-49.788143,SPRF-SC,DEL04-SC,UOP02-DEL04-SC,2020
"282531,0",2020-05-02,sábado,18:55:00,SC,282,"541,4",CHAPECO,Falta de Atenção do Pedestre,Atropelamento de Pedestre,Com Vítimas Fatais,Plena Noite,Decrescente,Céu Claro,Simples,Reta,Não,4,1,3,0,0,0,3,3,-26.997713,-52.699165,SPRF-SC,DEL07-SC,UOP01-DEL07-SC,2020
"282552,0",2020-05-03,domingo,02:00:00,SC,470,"92,9",APIUNA,Falta de Atenção à Condução,Saída de leito carroçável,Com Vítimas Feridas,Plena Noite,Crescente,Céu Claro,Simples,Reta,Sim,2,0,2,0,0,0,2,1,-26.9988994,-49.37545538,SPRF-SC,DEL04-SC,UOP01-DEL04-SC,2020
"282559,0",2020-05-03,domingo,03:10:00,SC,101,"146,2",ITAPEMA,Velocidade Incompatível,Colisão com objeto estático,Com Vítimas Feridas,Plena Noite,Decrescente,Céu Claro,Simples,Curva,Sim,2,0,0,2,0,0,2,1,-27.08666525,-48.60955587,SPRF-SC,DEL04-SC,UOP03-DEL04-SC,2020
"282561,0",2020-05-02,sábado,22:20:00,SC,101,"414,0",ARARANGUA,Falta de Atenção à Condução,Saída de leito carroçável,Com Vítimas Feridas,Plena Noite,Decrescente,Céu Claro,Simples,Rotatória,Sim,1,0,0,1,0,0,1,1,-28.95360392,-49.50985011,SPRF-SC,DEL02-SC,UOP02-DEL02-SC,2020
"282562,0",2020-05-03,domingo,02:40:00,SC,282,"517,5",XAXIM,Condutor Dormindo,Saída de leito carroçável,Sem Vítimas,Plena Noite,Crescente,Céu Claro,Simples,Rotatória,Sim,1,0,0,0,0,1,0,1,-26.939375,-52.500057,SPRF-SC,DEL07-SC,UOP01-DEL07-SC,2020
"282563,0",2020-05-03,domingo,04:50:00,SC,101,"41,9",JOINVILLE,Ingestão de Álcool,Colisão com objeto estático,Com Vítimas Feridas,Plena Noite,Crescente,Céu Claro,Dupla,Reta,Sim,2,0,1,0,1,0,1,1,-26.28215489,-48.88973081,SPRF-SC,DEL03-SC,UOP01-DEL03-SC,2020
"282577,0",2020-05-03,domingo,07:00:00,SC,101,"90,5",BARRA VELHA,Falta de Atenção à Condução,Tombamento,Com Vítimas Feridas,Pleno dia,Decrescente,Céu Claro,Múltipla,Curva,Sim,3,0,3,0,0,0,3,3,-26.66148503,-48.68866176,SPRF-SC,DEL03-SC,UOP02-DEL03-SC,2020
"282581,0",2020-05-03,domingo,06:40:00,SC,282,"222,0",LAGES,Restrição de Visibilidade,Atropelamento de Pedestre,Com Vítimas Fatais,Amanhecer,Decrescente,Sol,Simples,Reta,Não,2,1,0,0,1,0,0,2,-27.79630548,-50.34316084,SPRF-SC,DEL05-SC,UOP01-DEL05-SC,2020
"282597,0",2020-05-03,domingo,10:00:00,SC,101,"221,7",PALHOCA,Desobediência às normas de trânsito pelo condutor,Colisão traseira,Com Vítimas Feridas,Pleno dia,Decrescente,Céu Claro,Dupla,Curva,Não,2,0,0,1,1,0,1,2,-27.70012652,-48.66021182,SPRF-SC,DEL01-SC,UOP02-DEL01-SC,2020
"282599,0",2020-05-03,domingo,10:15:00,SC,470,"70,9",INDAIAL,Desobediência às normas de trânsito pelo condutor,Colisão traseira,Com Vítimas Feridas,Pleno dia,Decrescente,Céu Claro,Simples,Reta,Sim,2,0,0,1,1,0,1,2,-26.889374,-49.254478,SPRF-SC,DEL04-SC,UOP01-DEL04-SC,2020
"282603,0",2020-05-03,domingo,10:40:00,SC,101,"88,1",BARRA VELHA,Falta de Atenção à Condução,Tombamento,Com Vítimas Feridas,Pleno dia,Crescente,Sol,Simples,Viaduto,Sim,1,0,1,0,0,0,1,1,-26.64253985,-48.68950684,SPRF-SC,DEL03-SC,UOP02-DEL03-SC,2020
"282605,0",2020-05-03,domingo,10:10:00,SC,116,"45,5",ITAIOPOLIS,Desobediência às normas de trânsito pelo condutor,Capotamento,Com Vítimas Feridas,Pleno dia,Crescente,Céu Claro,Simples,Reta,Não,2,0,1,0,1,0,1,1,-26.34267556,-50.1007322,SPRF-SC,DEL06-SC,UOP01-DEL06-SC,2020
"282623,0",2020-05-03,domingo,15:50:00,SC,282,"493,9",FAXINAL DOS GUEDES,Não guardar distância de segurança,Queda de ocupante de veículo,Com Vítimas Feridas,Pleno dia,Crescente,Céu Claro,Simples,Reta,Não,1,0,1,0,0,0,1,1,-26.869814,-52.310135,SPRF-SC,DEL07-SC,UOP01-DEL07-SC,2020
"282640,0",2020-05-03,domingo,17:00:00,SC,101,"7,4",PENHA,Falta de Atenção à Condução,Colisão traseira,Com Vítimas Feridas,Pleno dia,Crescente,Sol,Simples,Viaduto,Não,4,0,1,0,3,0,1,3,-26.83863725,-48.66605937,SPRF-SC,DEL03-SC,UOP01-DEL03-SC,2020
"282653,0",2020-05-03,domingo,18:15:00,SC,280,"130,7",RIO NEGRINHO,Ingestão de Álcool,Colisão traseira,Sem Vítimas,Anoitecer,Decrescente,Céu Claro,Simples,Reta;Aclive,Não,2,0,0,0,2,0,0,2,-26.26617136,-49.55108643,SPRF-SC,DEL06-SC,UOP03-DEL06-SC,2020
"282657,0",2020-05-03,domingo,18:25:00,SC,282,"516,1",XAXIM,Velocidade Incompatível,Saída de leito carroçável,Sem Vítimas,Pleno dia,Decrescente,Sol,Simples,Curva,Não,1,0,0,0,1,0,0,1,-26.92921555,-52.49943495,SPRF-SC,DEL07-SC,UOP01-DEL07-SC,2020
"282686,0",2020-05-03,domingo,19:40:00,SC,280,"99,1",SAO BENTO DO SUL,Ingestão de Álcool,Saída de leito carroçável,Com Vítimas Feridas,Plena Noite,Crescente,Céu Claro,Simples,Curva,Não,1,0,1,0,0,0,1,1,-26.36472609,-49.33530807,SPRF-SC,DEL06-SC,UOP03-DEL06-SC,2020
"282700,0",2020-05-03,domingo,17:45:00,SC,470,"99,0",APIUNA,Velocidade Incompatível,Saída de leito carroçável,Sem Vítimas,Anoitecer,Crescente,Céu Claro,Simples,Curva,Sim,1,0,0,0,0,1,0,1,-27.037956,-49.393417,SPRF-SC,DEL04-SC,UOP01-DEL04-SC,2020
"282716,0",2020-05-04,segunda-feira,00:15:00,SC,101,"92,3",BARRA VELHA,Ingestão de Álcool,Capotamento,Com Vítimas Feridas,Plena Noite,Crescente,Céu Claro,Simples,Reta,Sim,1,0,1,0,0,0,1,1,-26.6806041,-48.6931497,SPRF-SC,DEL03-SC,UOP02-DEL03-SC,2020
"282720,0",2020-05-04,segunda-feira,04:50:00,SC,470,"122,8",IBIRAMA,Velocidade Incompatível,Tombamento,Com Vítimas Feridas,Plena Noite,Crescente,Céu Claro,Dupla,Curva,Não,2,0,1,0,1,0,1,2,-27.10589452,-49.52190399,SPRF-SC,DEL04-SC,UOP02-DEL04-SC,2020
"282752,0",2020-05-04,segunda-feira,07:20:00,SC,101,"439,5",SANTA ROSA DO SUL,Falta de Atenção à Condução,Colisão lateral,Com Vítimas Feridas,Pleno dia,Decrescente,Céu Claro,Dupla,Curva,Sim,3,0,2,0,1,0,2,2,-29.12521019,-49.67120647,SPRF-SC,DEL02-SC,UOP02-DEL02-SC,2020
"282757,0",2020-05-04,segunda-feira,08:34:00,SC,101,"134,0",BALNEARIO CAMBORIU,Falta de Atenção à Condução,Colisão transversal,Com Vítimas Feridas,Pleno dia,Decrescente,Céu Claro,Simples,Interseção de Vias,Sim,2,0,1,0,1,0,1,2,-27.00218,-48.636433,SPRF-SC,DEL04-SC,UOP03-DEL04-SC,2020
"282761,0",2020-05-04,segunda-feira,10:50:00,SC,101,"217,5",PALHOCA,Defeito Mecânico no Veículo,Tombamento,Com Vítimas Feridas,Pleno dia,Crescente,Céu Claro,Dupla,Reta,Não,1,0,1,0,0,0,1,1,-27.66779034,-48.67393586,SPRF-SC,DEL01-SC,UOP02-DEL01-SC,2020
"282770,0",2020-05-04,segunda-feira,10:25:00,SC,101,"212,3",PALHOCA,Carga excessiva e/ou mal acondicionada,Colisão com objeto em movimento,Com Vítimas Feridas,Pleno dia,Decrescente,Céu Claro,Múltipla,Reta,Sim,2,0,0,1,1,0,1,2,-27.62996929,-48.65903871,SPRF-SC,DEL01-SC,UOP02-DEL01-SC,2020
"282786,0",2020-05-04,segunda-feira,12:50:00,SC,470,"153,6",AGRONOMICA,Falta de Atenção à Condução,Colisão transversal,Com Vítimas Feridas,Pleno dia,Decrescente,Céu Claro,Simples,Reta,Não,2,0,1,0,1,0,1,2,-27.272911,-49.734741,SPRF-SC,DEL04-SC,UOP02-DEL04-SC,2020