id,data_inversa,dia_semana,horario,uf,br,km,municipio,causa_acidente,tipo_acidente,classificacao_acidente,fase_dia,sentido_via,condicao_metereologica,tipo_pista,tracado_via,uso_solo,pessoas,mortos,feridos_leves,feridos_graves,ilesos,ignorados,feridos,veiculos,latitude,longitude,regional,delegacia,uop,ano_arquivo
"283604,0",2020-05-09,sábado,17:00:00,SC,470,"89,0",ASCURRA,Ingestão de Álcool,Atropelamento de Pedestre,Com Vítimas Feridas,Pleno dia,Crescente,Céu Claro,Simples,Reta,Não,2,0,0,1,0,1,1,2,-26.961573,-49.371918,SPRF-SC,DEL04-SC,UOP01-DEL04-SC,2020
"283621,0",2020-05-09,sábado,18:45:00,SC,101,"135,9",BALNEARIO CAMBORIU,Falta de Atenção à Condução,Colisão lateral,Com Vítimas Feridas,Plena Noite,Decrescente,Nublado,Dupla,Curva,Sim,2,0,1,0,1,0,1,2,-27.0050108,-48.62677494,SPRF-SC,DEL04-SC,UOP03-DEL04-SC,2020
"283632,0",2020-05-09,sábado,19:25:00,SC,101,"193,0",BIGUACU,Não guardar distância de segurança,Colisão traseira,Com Vítimas Feridas,Plena Noite,Crescente,Céu Claro,Múltipla,Reta,Sim,3,0,2,0,0,1,2,2,-27.489574,-48.655914,SPRF-SC,DEL01-SC,UOP01-DEL01-SC,2020
"283641,0",2020-05-09,sábado,18:45:00,SC,101,"165,9",TIJUCAS,Não guardar distância de segurança,Colisão traseira,Com Vítimas Feridas,Plena Noite,Decrescente,Nublado,Dupla,Reta,Não,4,0,3,0,1,0,3,2,-27.252663,-48.63154894,SPRF-SC,DEL04-SC,UOP03-DEL04-SC,2020
"283655,0",2020-05-09,sábado,20:25:00,SC,282,"20,0",PALHOCA,Desobediência às normas de trânsito pelo condutor,Colisão frontal,Com Vítimas Feridas,Plena Noite,Crescente,Céu Claro,Simples,Interseção de Vias,Não,3,0,2,0,1,0,2,2,-27.683958,-48.71006,SPRF-SC,DEL01-SC,UOP02-DEL01-SC,2020
"283657,0",2020-05-05,terça-feira,08:00:00,SC,282,"617,0",MARAVILHA,Pista Escorregadia,Saída de leito carroçável,Sem Vítimas,Pleno dia,Crescente,Chuva,Simples,Curva,Não,1,0,0,0,0,1,0,1,-26.782682,-53.285789,SPRF-SC,DEL07-SC,UOP02-DEL07-SC,2020
"283662,0",2020-01-19,domingo,01:25:00,SC,470,"7,0",NAVEGANTES,Defeito na Via,Saída de leito carroçável,Com Vítimas Feridas,Plena Noite,Crescente,Ignorado,Dupla,Desvio Temporário;Em Obras,Não,1,0,1,0,0,0,1,1,-26.84499,-48.71505,SPRF-SC,DEL04-SC,UOP04-DEL04-SC,2020
"283665,0",2020-05-09,sábado,19:15:00,SC,280,"238,1",CANOINHAS,Falta de Atenção à Condução,Colisão traseira,Sem Vítimas,Plena Noite,Decrescente,Ignorado,Simples,Aclive,Não,3,0,0,0,3,0,0,2,-26.20536399,-50.438846,SPRF-SC,DEL06-SC,UOP04-DEL06-SC,2020
"283687,0",2020-05-10,domingo,00:20:00,SC,101,"154,5",PORTO BELO,Falta de Atenção à Condução,Colisão com objeto estático,Com Vítimas Feridas,Plena Noite,Decrescente,Céu Claro,Múltipla,Reta,Não,1,0,1,0,0,0,1,1,-27.126536,-48.609642,SPRF-SC,DEL04-SC,UOP03-DEL04-SC,2020
"283713,0",2020-05-10,domingo,05:20:00,SC,470,"65,5",INDAIAL,Falta de Atenção à Condução,Colisão frontal,Com Vítimas Feridas,Plena Noite,Decrescente,Céu Claro,Simples,Curva,Sim,2,0,0,1,1,0,1,2,-26.87098507,-49.21772003,SPRF-SC,DEL04-SC,UOP01-DEL04-SC,2020
"283717,0",2020-05-07,quinta-feira,02:45:00,SC,101,"81,7",BARRA VELHA,Animais na Pista,Atropelamento de Animal,Sem Vítimas,Plena Noite,Decrescente,Nublado,Dupla,Reta;Aclive,Não,2,0,0,0,2,0,0,1,-26.61102857,-48.72174203,SPRF-SC,DEL03-SC,UOP02-DEL03-SC,2020
"283722,0",2020-05-10,domingo,08:00:00,SC,101,"110,2",PENHA,Velocidade Incompatível,Saída de leito carroçável,Com Vítimas Feridas,Pleno dia,Crescente,Céu Claro,Dupla,Curva,Não,1,0,1,0,0,0,1,1,-26.83477,-48.706151,SPRF-SC,DEL03-SC,UOP02-DEL03-SC,2020
"283726,0",2020-05-10,domingo,08:20:00,SC,282,"284,0",SAO JOSE DO CERRITO,Restrição de Visibilidade,Colisão transversal,Com Vítimas Feridas,Pleno dia,Crescente,Nevoeiro/Neblina,Simples,Curva,Não,2,0,1,0,1,0,1,2,-27.577164,-50.791893,SPRF-SC,DEL05-SC,UOP02-DEL05-SC,2020
"283738,0",2020-05-10,domingo,10:30:00,SC,101,"232,4",PALHOCA,Falta de Atenção à Condução,Colisão lateral,Com Vítimas Feridas,Pleno dia,Decrescente,Sol,Dupla,Declive,Não,2,0,1,0,1,0,1,2,-27.795666,-48.638153,SPRF-SC,DEL01-SC,UOP02-DEL01-SC,2020
"283765,0",2020-05-10,domingo,14:50:00,SC,470,"34,0",GASPAR,Falta de Atenção do Pedestre,Atropelamento de Pedestre,Com Vítimas Feridas,Pleno dia,Crescente,Céu Claro,Dupla,Reta,Sim,3,0,2,1,0,0,3,2,-26.910646,-48.949341,SPRF-SC,DEL04-SC,UOP01-DEL04-SC,2020
"283786,0",2020-05-10,domingo,15:30:00,SC,101,"140,0",BALNEARIO CAMBORIU,Defeito Mecânico no Veículo,Queda de ocupante de veículo,Com Vítimas Feridas,Pleno dia,Decrescente,Céu Claro,Dupla,Reta,Não,1,0,1,0,0,0,1,1,-27.03881189,-48.60025148,SPRF-SC,DEL04-SC,UOP03-DEL04-SC,2020
"283792,0",2020-05-10,domingo,16:00:00,SC,470,"2,5",NAVEGANTES,Falta de Atenção à Condução,Colisão transversal,Com Vítimas Feridas,Pleno dia,Decrescente,Céu Claro,Dupla,Reta,Sim,2,0,1,0,1,0,1,2,-26.868551,-48.674831,SPRF-SC,DEL04-SC,UOP04-DEL04-SC,2020
"283797,0",2020-05-10,domingo,16:35:00,SC,101,"57,0",ARAQUARI,Velocidade Incompatível,Saída de leito carroçável,Com Vítimas Feridas,Pleno dia,Decrescente,Céu Claro,Simples,Retorno Regulamentado,Não,1,0,1,0,0,0,1,1,-26.43646093,-48.81113029,SPRF-SC,DEL03-SC,UOP01-DEL03-SC,2020
"283809,0",2020-05-10,domingo,17:57:00,SC,280,"279,0",IRINEOPOLIS,Velocidade Incompatível,Colisão com objeto estático,Com Vítimas Feridas,Anoitecer,Decrescente,Céu Claro,Simples,Curva,Não,1,0,0,1,0,0,1,1,-26.29452167,-50.81904506,SPRF-SC,DEL06-SC,UOP04-DEL06-SC,2020
"283812,0",2020-05-10,domingo,16:15:00,SC,153,"70,0",IRANI,Ultrapassagem Indevida,Colisão frontal,Com Vítimas Feridas,Pleno dia,Decrescente,Sol,Simples,Curva,Não,3,0,1,2,0,0,3,2,-27.050209,-51.885731,SPRF-SC,DEL07-SC,UOP04-DEL07-SC,2020
"283817,0",2020-05-10,domingo,18:25:00,SC,101,"212,0",PALHOCA,Falta de Atenção à Condução,Colisão lateral,Com Vítimas Feridas,Plena Noite,Decrescente,Céu Claro,Dupla,Reta,Sim,2,0,0,1,1,0,1,2,-27.62996929,-48.65903871,SPRF-SC,DEL01-SC,UOP02-DEL01-SC,2020
"283819,0",2020-05-10,domingo,15:20:00,SC,101,"93,0",BARRA VELHA,Ingestão de Álcool,Colisão traseira,Com Vítimas Feridas,Pleno dia,Crescente,Céu Claro,Dupla,Curva,Não,2,0,1,0,1,0,1,2,-26.69627673,-48.6988306,SPRF-SC,DEL03-SC,UOP02-DEL03-SC,2020
"283825,0",2020-05-10,domingo,18:30:00,SC,101,"216,0",PALHOCA,Velocidade Incompatível,Colisão com objeto estático,Com Vítimas Feridas,Plena Noite,Crescente,Céu Claro,Múltipla,Reta,Sim,3,0,2,0,1,0,2,2,-27.65981409,-48.67747798,SPRF-SC,DEL01-SC,UOP02-DEL01-SC,2020
"283826,0",2020-05-10,domingo,17:15:00,SC,101,"105,7",PENHA,Falta de Atenção à Condução,Tombamento,Com Vítimas Feridas,Pleno dia,Crescente,Sol,Simples,Curva,Sim,1,0,1,0,0,0,1,1,-26.80215497,-48.67891041,SPRF-SC,DEL03-SC,UOP02-DEL03-SC,2020
"283835,0",2020-05-10,domingo,18:20:00,SC,280,"71,0",JARAGUA DO SUL,Falta de Atenção à Condução,Colisão lateral,Com Vítimas Feridas,Plena Noite,Crescente,Céu Claro,Simples,Reta,Não,3,0,1,0,1,1,1,3,-26.46151693,-49.13480597,SPRF-SC,DEL03-SC,UOP03-DEL03-SC,2020
"283837,0",2020-05-10,domingo,19:45:00,SC,101,"207,9",SAO JOSE,Falta de Atenção à Condução,Colisão traseira,Com Vítimas Feridas,Plena Noite,Crescente,Céu Claro,Múltipla,Aclive,Sim,2,0,1,0,1,0,1,2,-27.60001226,-48.6226467,SPRF-SC,DEL01-SC,UOP01-DEL01-SC,2020
"283866,0",2020-05-10,domingo,21:00:00,SC,163,"101,9",SAO JOSE DO CEDRO,Falta de Atenção à Condução,Colisão transversal,Com Vítimas Feridas,Plena Noite,Crescente,Céu Claro,Simples,Em Obras;Interseção de Vias;Reta,Sim,2,0,0,1,1,0,1,2,-26.45490773,-53.51012349,SPRF-SC,DEL07-SC,UOP03-DEL07-SC,2020
"283891,0",2020-05-11,segunda-feira,02:00:00,SC,101,"87,2",BARRA VELHA,Ingestão de Álcool,Colisão com objeto estático,Com Vítimas Feridas,Plena Noite,Decrescente,Nublado,Dupla,Declive;Curva,Sim,1,0,1,0,0,0,1,1,-26.64847081,-48.68666947,SPRF-SC,DEL03-SC,UOP02-DEL03-SC,2020
"283939,0",2020-05-11,segunda-feira,12:20:00,SC,101,"210,0",SAO JOSE,Falta de Atenção à Condução,Colisão lateral,Com Vítimas Feridas,Pleno dia,Crescente,Céu Claro,Dupla,Reta,Sim,2,0,1,0,0,1,1,2,-27.6167305,-48.6457265,SPRF-SC,DEL01-SC,UOP01-DEL01-SC,2020
"283941,0",2020-05-11,segunda-feira,11:00:00,SC,280,"109,6",SAO BENTO DO SUL,Falta de Atenção à Condução,Colisão transversal,Com Vítimas Feridas,Pleno dia,Decrescente,Céu Claro,Simples,Interseção de Vias;Curva,Não,2,0,1,0,1,0,1,2,-26.32444111,-49.38547611,SPRF-SC,DEL06-SC,UOP03-DEL06-SC,2020
"283954,0",2020-05-11,segunda-feira,12:30:00,SC,101,"135,0",BALNEARIO CAMBORIU,Falta de Atenção à Condução,Tombamento,Com Vítimas Feridas,Pleno dia,Crescente,Céu Claro,Dupla,Reta,Não,1,0,1,0,0,0,1,1,-27.0050108,-48.62677494,SPRF-SC,DEL04-SC,UOP03-DEL04-SC,2020
"283957,0",2020-05-11,segunda-feira,15:30:00,SC,282,"4,0",FLORIANOPOLIS,Falta de Atenção à Condução,Colisão traseira,Com Vítimas Feridas,Pleno dia,Crescente,Céu Claro,Dupla,Reta,Sim,3,0,1,1,1,0,2,2,-27.592646,-48.604034,SPRF-SC,DEL01-SC,UOP01-DEL01-SC,2020
"283962,0",2020-05-11,segunda-feira,15:50:00,SC,280,"22,7",ARAQUARI,Falta de Atenção à Condução,Colisão lateral,Com Vítimas Feridas,Pleno dia,Decrescente,Céu Claro,Simples,Reta,Sim,2,0,0,1,1,0,1,2,-26.37092616,-48.70204099,SPRF-SC,DEL03-SC,UOP03-DEL03-SC,2020
"283963,0",2020-05-11,segunda-feira,16:00:00,SC,280,"21,3",ARAQUARI,Defeito Mecânico no Veículo,Tombamento,Com Vítimas Feridas,Pleno dia,Decrescente,Céu Claro,Simples,Reta,Sim,2,0,2,0,0,0,2,1,-26.37043169,-48.69219602,SPRF-SC,DEL03-SC,UOP03-DEL03-SC,2020
"283968,0",2020-05-11,segunda-feira,15:20:00,SC,101,"140,0",BALNEARIO CAMBORIU,Falta de Atenção à Condução,Colisão traseira,Com Vítimas Feridas,Pleno dia,Crescente,Céu Claro,Dupla,Reta,Não,2,0,2,0,0,0,2,1,-27.03881189,-48.60025148,SPRF-SC,DEL04-SC,UOP03-DEL04-SC,2020
"283987,0",2020-05-11,segunda-feira,18:20:00,SC,101,"118,5",ITAJAI,Falta de Atenção à Condução,Colisão transversal,Com Vítimas Feridas,Plena Noite,Crescente,Nublado,Dupla,Interseção de Vias,Não,2,0,1,0,1,0,1,2,-26.895859,-48.71903,SPRF-SC,DEL04-SC,UOP04-DEL04-SC,2020
"283998,0",2020-05-11,segunda-feira,17:40:00,SC,282,"16,0",PALHOCA,Falta de Atenção do Pedestre,Atropelamento de Pedestre,Com Vítimas Feridas,Anoitecer,Crescente,Céu Claro,Simples,Reta,Sim,2,0,2,0,0,0,2,2,-27.658611,-48.681847,SPRF-SC,DEL01-SC,UOP02-DEL01-SC,2020
"284004,0",2020-05-11,segunda-feira,17:30:00,SC,280,"80,8",CORUPA,Desobediência às normas de trânsito pelo condutor,Colisão lateral,Com Vítimas Feridas,Anoitecer,Decrescente,Céu Claro,Simples,Declive;Reta,Sim,2,0,2,0,0,0,2,2,-26.43919228,-49.22981143,SPRF-SC,DEL06-SC,UOP03-DEL06-SC,2020
"284017,0",2020-05-11,segunda-feira,14:15:00,SC,101,"249,0",PAULO LOPES,Defeito Mecânico no Veículo,Colisão lateral,Com Vítimas Feridas,Pleno dia,Decrescente,Céu Claro,Dupla,Curva,Não,2,0,1,0,1,0,1,2,-27.93414102,-48.66237393,SPRF-SC,DEL02-SC,UOP03-DEL02-SC,2020
"284026,0",2020-05-11,segunda-feira,19:20:00,SC,101,"381,0",ICARA,Falta de Atenção à Condução,Colisão traseira,Com Vítimas Feridas,Plena Noite,Crescente,Ignorado,Dupla,Reta,Não,3,0,0,1,2,0,1,2,-28.75478409,-49.27732095,SPRF-SC,DEL02-SC,UOP02-DEL02-SC,2020
"284051,0",2020-05-12,terça-feira,08:03:00,SC,280,"53,0",GUARAMIRIM,Desobediência às normas de trânsito pelo condutor,Colisão transversal,Com Vítimas Feridas,Pleno dia,Crescente,Céu Claro,Simples,Reta,Sim,2,0,1,0,1,0,1,2,-26.47236756,-48.97426617,SPRF-SC,DEL03-SC,UOP03-DEL03-SC,2020
"284059,0",2020-05-12,terça-feira,09:16:00,SC,101,"98,2",BALNEARIO PICARRAS,Objeto estático sobre o leito carroçável,Colisão com objeto estático,Com Vítimas Feridas,Pleno dia,Crescente,Nublado,Dupla,Reta,Não,1,0,1,0,0,0,1,1,-26.73760897,-48.69918789,SPRF-SC,DEL03-SC,UOP02-DEL03-SC,2020
"284133,0",2020-05-12,terça-feira,19:15:00,SC,282,"5,0",FLORIANOPOLIS,Falta de Atenção à Condução,Colisão lateral,Com Vítimas Feridas,Anoitecer,Decrescente,Céu Claro,Dupla,Declive,Sim,2,0,1,0,1,0,1,2,-27.588425,-48.612919,SPRF-SC,DEL01-SC,UOP01-DEL01-SC,2020
"284137,0",2020-05-12,terça-feira,18:00:00,SC,101,"136,0",BALNEARIO CAMBORIU,Falta de Atenção à Condução,Colisão traseira,Com Vítimas Feridas,Plena Noite,Crescente,Céu Claro,Dupla,Reta,Não,2,0,1,0,0,1,1,2,-27.008113,-48.617245,SPRF-SC,DEL04-SC,UOP03-DEL04-SC,2020
"284139,0",2020-05-12,terça-feira,19:40:00,SC,101,"122,4",ITAJAI,Falta de Atenção à Condução,Colisão traseira,Com Vítimas Feridas,Plena Noite,Decrescente,Céu Claro,Dupla,Reta,Não,2,0,1,0,1,0,1,2,-26.92955916,-48.70499836,SPRF-SC,DEL04-SC,UOP04-DEL04-SC,2020
"284141,0",2020-05-12,terça-feira,18:00:00,SC,282,"596,3",CUNHA PORA,Falta de Atenção à Condução,Saída de leito carroçável,Com Vítimas Feridas,Anoitecer,Decrescente,Nublado,Simples,Em Obras,Não,2,0,1,1,0,0,2,1,-26.829437,-53.127995,SPRF-SC,DEL07-SC,UOP02-DEL07-SC,2020
"284153,0",2020-05-12,terça-feira,18:20:00,SC,101,"457,9",SAO JOAO DO SUL,Animais na Pista,Tombamento,Com Vítimas Feridas,Plena Noite,Crescente,Nublado,Dupla,Reta,Não,1,0,1,0,0,0,1,1,-29.24282092,-49.7551918,SPRF-SC,DEL02-SC,UOP02-DEL02-SC,2020
"284162,0",2020-05-12,terça-feira,22:00:00,SC,101,"205,0",SAO JOSE,Ingestão de Álcool,Atropelamento de Pedestre,Com Vítimas Feridas,Plena Noite,Crescente,Céu Claro,Dupla,Reta,Sim,2,0,0,1,0,1,1,2,-27.58313237,-48.61532885,SPRF-SC,DEL01-SC,UOP01-DEL01-SC,2020
"284173,0",2020-05-12,terça-feira,23:30:00,SC,101,"298,5",IMBITUBA,Falta de Atenção à Condução,Colisão traseira,Com Vítimas Feridas,Plena Noite,Crescente,Nublado,Dupla,Reta,Não,2,0,2,0,0,0,2,2,-28.32102597,-48.72829906,SPRF-SC,DEL02-SC,UOP03-DEL02-SC,2020
"284186,0",2020-05-13,quarta-feira,03:00:00,SC,280,"188,0",MAFRA,Velocidade Incompatível,Tombamento,Com Vítimas Feridas,Pleno dia,Crescente,Garoa/Chuvisco,Simples,Curva,Não,1,0,1,0,0,0,1,1,-26.17143885,-49.9631671,SPRF-SC,DEL06-SC,UOP01-DEL06-SC,2020
"284192,0",2020-05-13,quarta-feira,05:30:00,SC,470,"120,0",IBIRAMA,Velocidade Incompatível,Capotamento,Com Vítimas Feridas,Plena Noite,Decrescente,Garoa/Chuvisco,Simples,Curva,Não,1,0,1,0,0,0,1,1,-27.089924,-49.520416,SPRF-SC,DEL04-SC,UOP02-DEL04-SC,2020
"284196,0",2020-05-13,quarta-feira,06:30:00,SC,153,"97,0",CONCORDIA,Falta de Atenção à Condução,Colisão transversal,Com Vítimas Feridas,Amanhecer,Crescente,Céu Claro,Simples,Interseção de Vias,Não,3,0,1,0,2,0,1,2,-27.220152,-51.948879,SPRF-SC,DEL07-SC,UOP04-DEL07-SC,2020
"284211,0",2020-05-13,quarta-feira,08:30:00,SC,101,"448,0",SANTA ROSA DO SUL,Falta de Atenção à Condução,Saída de leito carroçável,Com Vítimas Feridas,Pleno dia,Crescente,Chuva,Dupla,Curva,Não,1,0,1,0,0,0,1,1,-29.15898991,-49.73540906,SPRF-SC,DEL02-SC,UOP02-DEL02-SC,2020
"284220,0",2020-05-13,quarta-feira,09:00:00,SC,282,"80,0",RANCHO QUEIMADO,Sinalização da via insuficiente ou inadequada,Saída de leito carroçável,Com Vítimas Feridas,Pleno dia,Decrescente,Chuva,Simples,Curva,Não,4,0,3,0,1,0,3,1,-27.663555,-49.159309,SPRF-SC,DEL01-SC,UOP03-DEL01-SC,2020
"284241,0",2020-05-13,quarta-feira,09:10:00,SC,282,"301,0",VARGEM,Velocidade Incompatível,Colisão com objeto estático,Com Vítimas Feridas,Pleno dia,Decrescente,Chuva,Simples,Curva;Declive,Não,3,0,2,0,1,0,2,1,-27.510321,-50.922432,SPRF-SC,DEL07-SC,UOP06-DEL07-SC,2020
"284253,0",2020-05-13,quarta-feira,13:50:00,SC,470,"72,0",INDAIAL,Desobediência às normas de trânsito pelo condutor,Colisão transversal,Com Vítimas Feridas,Pleno dia,Decrescente,Nublado,Simples,Reta,Sim,2,0,0,1,1,0,1,2,-26.901979,-49.268745,SPRF-SC,DEL04-SC,UOP01-DEL04-SC,2020
"284263,0",2020-05-10,domingo,03:00:00,SC,101,"218,0",PALHOCA,Falta de Atenção à Condução,Colisão traseira,Sem Vítimas,Plena Noite,Crescente,Nublado,Dupla,Reta,Sim,2,0,0,0,1,1,0,2,-27.6758601,-48.67052525,SPRF-SC,DEL01-SC,UOP02-DEL01-SC,2020
"284266,0",2020-05-13,quarta-feira,11:00:00,SC,282,"492,1",FAXINAL DOS GUEDES,Ingestão de Álcool,Saída de leito carroçável,Sem Vítimas,Pleno dia,Crescente,Chuva,Simples,Curva,Não,1,0,0,0,1,0,0,1,-26.871534,-52.300915,SPRF-SC,DEL07-SC,UOP01-DEL07-SC,2020
"284270,0",2020-05-13,quarta-feira,15:20:00,SC,101,"216,0",PALHOCA,Falta de Atenção à Condução,Colisão lateral,Com Vítimas Feridas,Pleno dia,Crescente,Céu Claro,Múltipla,Interseção de Vias,Sim,2,0,1,0,1,0,1,2,-27.65981409,-48.67747798,SPRF-SC,DEL01-SC,UOP02-DEL01-SC,2020
"284272,0",2020-05-13,quarta-feira,14:55:00,SC,101,"311,4",LAGUNA,Falta de Atenção à Condução,Colisão traseira,Com Vítimas Feridas,Pleno dia,Crescente,Céu Claro,Simples,Reta,Sim,2,0,1,0,1,0,1,2,-28.42531311,-48.80068884,SPRF-SC,DEL02-SC,UOP01-DEL02-SC,2020
"284277,0",2020-05-13,quarta-feira,16:20:00,SC,282,"38,4",AGUAS MORNAS,Velocidade Incompatível,Saída de leito carroçável,Sem Vítimas,Pleno dia,Decrescente,Chuva,Simples,Curva,Não,1,0,0,0,1,0,0,1,-27.709209,-48.852467,SPRF-SC,DEL01-SC,UOP03-DEL01-SC,2020
"284300,0",2020-05-13,quarta-feira,18:21:00,SC,101,"196,5",BIGUACU,Falta de Atenção à Condução,Colisão traseira,Com Vítimas Feridas,Plena Noite,Crescente,Chuva,Simples,Reta,Sim,3,0,1,0,2,0,1,2,-27.51101091,-48.64322292,SPRF-SC,DEL01-SC,UOP01-DEL01-SC,2020
"284309,0",2020-05-13,quarta-feira,18:40:00,SC,116,"140,0",SANTA CECILIA,Falta de Atenção à Condução,Colisão frontal,Com Vítimas Feridas,Plena Noite,Crescente,Céu Claro,Simples,Aclive,Sim,2,0,1,0,1,0,1,2,-26.96625517,-50.40928315,SPRF-SC,DEL06-SC,UOP02-DEL06-SC,2020
"284332,0",2020-05-13,quarta-feira,21:30:00,SC,470,"6,0",NAVEGANTES,Falta de Atenção à Condução,Colisão lateral,Com Vítimas Feridas,Plena Noite,Crescente,Céu Claro,Dupla,Reta,Sim,3,0,2,0,1,0,2,2,-26.85175,-48.710299,SPRF-SC,DEL04-SC,UOP04-DEL04-SC,2020
"284344,0",2020-05-14,quinta-feira,00:35:00,SC,101,"331,5",TUBARAO,Falta de Atenção à Condução,Saída de leito carroçável,Sem Vítimas,Plena Noite,Crescente,Nublado,Dupla,Reta,Sim,1,0,0,0,1,0,0,1,-28.45567521,-48.9812689,SPRF-SC,DEL02-SC,UOP01-DEL02-SC,2020
"284347,0",2020-05-13,quarta-feira,23:38:00,SC,116,"233,9",CORREIA PINTO,Ingestão de Álcool,Colisão frontal,Com Vítimas Fatais,Plena Noite,Decrescente,Nublado,Simples,Reta,Não,2,1,0,1,0,0,1,2,-27.70682126,-50.33536434,SPRF-SC,DEL05-SC,UOP01-DEL05-SC,2020
"284354,0",2020-05-14,quinta-feira,04:45:00,SC,101,"214,8",PALHOCA,Velocidade Incompatível,Colisão com objeto estático,Com Vítimas Fatais,Plena Noite,Crescente,Nublado,Múltipla,Reta,Sim,3,1,1,1,0,0,2,1,-27.65039205,-48.67511007,SPRF-SC,DEL01-SC,UOP02-DEL01-SC,2020
"284364,0",2020-05-14,quinta-feira,08:05:00,SC,101,"204,8",SAO JOSE,Falta de Atenção à Condução,Colisão lateral,Com Vítimas Feridas,Pleno dia,Crescente,Céu Claro,Múltipla,Reta,Sim,2,0,1,0,1,0,1,2,-27.58244258,-48.61512791,SPRF-SC,DEL01-SC,UOP01-DEL01-SC,2020
"284366,0",2020-03-08,domingo,21:00:00,SC,101,"39,3",JOINVILLE,Falta de Atenção à Condução,Colisão transversal,Com Vítimas Fatais,Plena Noite,Crescente,Céu Claro,Dupla,Interseção de Vias,Sim,2,1,1,0,0,0,1,2,-26.30357106,-48.88225609,SPRF-SC,DEL03-SC,UOP01-DEL03-SC,2020
"284368,0",2020-05-14,quinta-feira,09:00:00,SC,470,"143,9",RIO DO SUL,Falta de Atenção à Condução,Colisão lateral,Com Vítimas Feridas,Pleno dia,Crescente,Nublado,Simples,Reta,Sim,2,0,1,0,1,0,1,2,-27.233143,-49.672886,SPRF-SC,DEL04-SC,UOP02-DEL04-SC,2020
"284404,0",2020-04-30,quinta-feira,19:40:00,SC,282,"125,0",BOM RETIRO,Falta de Atenção à Condução,Colisão frontal,Com Vítimas Feridas,Plena Noite,Decrescente,Céu Claro,Simples,Reta,Não,7,0,5,0,2,0,5,4,-27.806303,-49.46027,SPRF-SC,DEL05-SC,UOP01-DEL05-SC,2020
"284406,0",2020-05-06,quarta-feira,17:40:00,SC,480,"128,5",CHAPECO,Velocidade Incompatível,Colisão com objeto estático,Sem Vítimas,Pleno dia,Decrescente,Céu Claro,Simples,Interseção de Vias,Sim,1,0,0,0,1,0,0,1,-27.057201,-52.63586467,SPRF-SC,DEL07-SC,UOP01-DEL07-SC,2020
"284450,0",2020-05-14,quinta-feira,18:40:00,SC,101,"33,0",JOINVILLE,Não guardar distância de segurança,Colisão traseira,Com Vítimas Feridas,Plena Noite,Crescente,Nublado,Dupla,Reta,Não,3,0,1,0,1,1,1,2,-26.25370179,-48.90563965,SPRF-SC,DEL03-SC,UOP01-DEL03-SC,2020
"284460,0",2020-05-14,quinta-feira,19:40:00,SC,282,"624,4",IRACEMINHA,Falta de Atenção à Condução,Tombamento,Com Vítimas Feridas,Plena Noite,Crescente,Céu Claro,Simples,Interseção de Vias,Não,1,0,1,0,0,0,1,1,-26.798008,-53.34169,SPRF-SC,DEL07-SC,UOP02-DEL07-SC,2020
"284480,0",2020-05-14,quinta-feira,20:45:00,SC,282,"37,0",AGUAS MORNAS,Ingestão de Álcool,Colisão lateral,Com Vítimas Feridas,Plena Noite,Crescente,Céu Claro,Simples,Curva,Não,2,0,1,0,1,0,1,2,-27.70868023,-48.85108083,SPRF-SC,DEL01-SC,UOP03-DEL01-SC,2020
"284486,0",2020-05-14,quinta-feira,22:20:00,SC,282,"210,0",SAO JOSE,Objeto estático sobre o leito carroçável,Colisão com objeto estático,Com Vítimas Feridas,Plena Noite,Decrescente,Céu Claro,Múltipla,Reta,Sim,2,0,1,0,0,1,1,2,-27.6124313,-48.64104878,SPRF-SC,DEL05-SC,UOP01-DEL05-SC,2020
"284502,0",2020-05-15,sexta-feira,02:40:00,SC,470,"126,3",LONTRAS,Ingestão de Álcool,Saída de leito carroçável,Sem Vítimas,Plena Noite,Decrescente,Nublado,Simples,Reta,Sim,1,0,0,0,1,0,0,1,-27.129,-49.538277,SPRF-SC,DEL04-SC,UOP02-DEL04-SC,2020
"284507,0",2020-05-15,sexta-feira,00:40:00,SC,282,"188,0",BOCAINA DO SUL,Defeito Mecânico no Veículo,Incêndio,Sem Vítimas,Plena Noite,Decrescente,Céu Claro,Simples,Rotatória,Não,1,0,0,0,1,0,0,1,-27.736822,-50.016792,SPRF-SC,DEL05-SC,UOP01-DEL05-SC,2020
"284532,0",2020-03-12,quinta-feira,11:45:00,SC,280,"55,2",GUARAMIRIM,Falta de Atenção à Condução,Colisão transversal,Com Vítimas Feridas,Pleno dia,Crescente,Céu Claro,Simples,Reta,Sim,2,0,1,0,1,0,1,2,-26.47584353,-48.9937858,SPRF-SC,DEL03-SC,UOP03-DEL03-SC,2020
"284549,0",2020-05-12,terça-feira,00:25:00,SC,0,"0,0",TUBARAO,Falta de Atenção à Condução,Colisão com objeto estático,Sem Vítimas,Plena Noite,Não Informado,Céu Claro,Simples,Reta,Sim,1,0,0,0,1,0,0,1,-28.48014049,-49.00327206,SPRF-SC,DEL02-SC,UOP01-DEL02-SC,2020
"284559,0",2020-05-15,sexta-feira,12:10:00,SC,470,"140,0",RIO DO SUL,Desobediência às normas de trânsito pelo condutor,Colisão transversal,Com Vítimas Feridas,Pleno dia,Decrescente,Nublado,Simples,Reta,Sim,2,0,1,0,1,0,1,2,-27.20465977,-49.6381402,SPRF-SC,DEL04-SC,UOP02-DEL04-SC,2020
"284581,0",2020-05-15,sexta-feira,18:20:00,SC,101,"206,5",SAO JOSE,Falta de Atenção à Condução,Colisão lateral,Com Vítimas Feridas,Plena Noite,Decrescente,Nublado,Dupla,Reta,Sim,2,0,1,0,1,0,1,2,-27.59193546,-48.61824557,SPRF-SC,DEL01-SC,UOP01-DEL01-SC,2020