id,data_inversa,dia_semana,horario,uf,br,km,municipio,causa_acidente,tipo_acidente,classificacao_acidente,fase_dia,sentido_via,condicao_metereologica,tipo_pista,tracado_via,uso_solo,pessoas,mortos,feridos_leves,feridos_graves,ilesos,ignorados,feridos,veiculos,latitude,longitude,regional,delegacia,uop,ano_arquivo
"287726,0",2020-03-07,sábado,17:05:00,SC,280,"72,0",JARAGUA DO SUL,Falta de Atenção à Condução,Queda de ocupante de veículo,Com Vítimas Feridas,Anoitecer,Decrescente,Ignorado,Simples,Interseção de Vias,Não,1,0,0,1,0,0,1,1,-26.4586206,-49.16785777,SPRF-SC,DEL03-SC,UOP03-DEL03-SC,2020
"287741,0",2020-06-02,terça-feira,12:50:00,SC,470,"69,0",INDAIAL,Falta de Atenção à Condução,Colisão transversal,Com Vítimas Feridas,Pleno dia,Crescente,Céu Claro,Simples,Interseção de Vias;Em Obras,Não,2,0,1,0,1,0,1,2,-26.883745,-49.246704,SPRF-SC,DEL04-SC,UOP01-DEL04-SC,2020
"287756,0",2020-05-24,domingo,03:00:00,SC,282,"604,8",MARAVILHA,Ingestão de Álcool,Saída de leito carroçável,Com Vítimas Fatais,Plena Noite,Crescente,Garoa/Chuvisco,Simples,Reta,Não,5,2,0,2,0,1,2,2,-26.80334037,-53.18765759,SPRF-SC,DEL07-SC,UOP02-DEL07-SC,2020
"287767,0",2020-06-02,terça-feira,15:00:00,SC,101,"216,0",PALHOCA,Desobediência às normas de trânsito pelo condutor,Queda de ocupante de veículo,Com Vítimas Feridas,Pleno dia,Crescente,Céu Claro,Dupla,Viaduto,Não,2,0,0,1,1,0,1,2,-27.65981409,-48.67747798,SPRF-SC,DEL01-SC,UOP02-DEL01-SC,2020
"287773,0",2020-06-02,terça-feira,15:30:00,SC,470,"69,7",INDAIAL,Desobediência às normas de trânsito pelo condutor,Colisão transversal,Com Vítimas Feridas,Pleno dia,Crescente,Nublado,Simples,Em Obras;Declive;Reta,Sim,3,0,2,0,1,0,2,2,-26.88897042,-49.25402194,SPRF-SC,DEL04-SC,UOP01-DEL04-SC,2020
"287774,0",2020-06-02,terça-feira,14:30:00,SC,101,"199,0",SAO JOSE,Falta de Atenção à Condução,Colisão lateral,Com Vítimas Feridas,Pleno dia,Crescente,Céu Claro,Simples,Reta,Sim,2,0,1,0,1,0,1,2,-27.53413705,-48.63003205,SPRF-SC,DEL01-SC,UOP01-DEL01-SC,2020
"287777,0",2020-06-02,terça-feira,15:05:00,SC,101,"213,3",PALHOCA,Falta de Atenção à Condução,Tombamento,Com Vítimas Feridas,Pleno dia,Decrescente,Nublado,Múltipla,Reta;Aclive,Sim,1,0,1,0,0,0,1,1,-27.63697369,-48.66514142,SPRF-SC,DEL01-SC,UOP02-DEL01-SC,2020
"287785,0",2020-06-02,terça-feira,16:45:00,SC,282,"26,0",SANTO AMARO DA IMPERATRIZ,Falta de Atenção à Condução,Colisão frontal,Com Vítimas Fatais,Pleno dia,Decrescente,Nublado,Simples,Reta,Não,3,1,1,0,1,0,1,2,-27.680267,-48.762482,SPRF-SC,DEL01-SC,UOP03-DEL01-SC,2020
"287790,0",2020-02-10,segunda-feira,12:34:00,SC,280,"245,0",CANOINHAS,Falta de Atenção do Pedestre,Atropelamento de Pedestre,Com Vítimas Feridas,Pleno dia,Decrescente,Céu Claro,Simples,Reta,Não,2,0,0,1,1,0,1,2,-26.23947947,-50.48935533,SPRF-SC,DEL06-SC,UOP04-DEL06-SC,2020
"287794,0",2020-06-02,terça-feira,18:00:00,SC,282,"16,0",PALHOCA,Desobediência às normas de trânsito pelo condutor,Queda de ocupante de veículo,Com Vítimas Feridas,Anoitecer,Crescente,Céu Claro,Simples,Reta,Não,2,0,1,0,1,0,1,2,-27.658611,-48.681847,SPRF-SC,DEL01-SC,UOP02-DEL01-SC,2020
"287883,0",2020-06-03,quarta-feira,07:50:00,SC,101,"212,6",PALHOCA,Falta de Atenção à Condução,Colisão lateral,Com Vítimas Feridas,Pleno dia,Decrescente,Céu Claro,Múltipla,Reta,Sim,2,0,1,0,1,0,1,2,-27.63461501,-48.66330835,SPRF-SC,DEL01-SC,UOP02-DEL01-SC,2020
"287900,0",2020-06-03,quarta-feira,10:00:00,SC,101,"216,5",PALHOCA,Desobediência às normas de trânsito pelo condutor,Colisão lateral,Com Vítimas Feridas,Pleno dia,Decrescente,Sol,Dupla,Interseção de Vias,Sim,2,0,1,0,1,0,1,2,-27.65981409,-48.67747798,SPRF-SC,DEL01-SC,UOP02-DEL01-SC,2020
"287906,0",2020-05-17,domingo,08:20:00,SC,470,"129,3",LONTRAS,Ultrapassagem Indevida,Colisão frontal,Com Vítimas Fatais,Pleno dia,Decrescente,Céu Claro,Simples,Aclive,Não,7,1,1,3,2,0,4,5,-27.148499,-49.556137,SPRF-SC,DEL04-SC,UOP02-DEL04-SC,2020
"287923,0",2020-06-03,quarta-feira,12:10:00,SC,101,"204,0",SAO JOSE,Falta de Atenção à Condução,Colisão traseira,Com Vítimas Feridas,Pleno dia,Decrescente,Sol,Simples,Reta,Sim,3,0,0,1,2,0,1,2,-27.57413014,-48.61363083,SPRF-SC,DEL01-SC,UOP01-DEL01-SC,2020
"287928,0",2020-06-03,quarta-feira,13:30:00,SC,101,"193,0",BIGUACU,Falta de Atenção à Condução,Colisão transversal,Com Vítimas Feridas,Pleno dia,Crescente,Nublado,Dupla,Reta,Sim,2,0,1,0,1,0,1,2,-27.489574,-48.655914,SPRF-SC,DEL01-SC,UOP01-DEL01-SC,2020
"287929,0",2020-06-03,quarta-feira,13:15:00,SC,280,"50,0",GUARAMIRIM,Falta de Atenção à Condução,Colisão transversal,Com Vítimas Feridas,Pleno dia,Crescente,Nublado,Simples,Interseção de Vias;Reta,Não,3,0,2,0,1,0,2,2,-26.4619489,-48.94618404,SPRF-SC,DEL03-SC,UOP03-DEL03-SC,2020
"287952,0",2020-06-03,quarta-feira,13:15:00,SC,101,"38,5",JOINVILLE,Falta de Atenção à Condução,Colisão lateral,Com Vítimas Feridas,Pleno dia,Decrescente,Nublado,Dupla,Rotatória,Sim,2,0,1,0,1,0,1,2,-26.25472505,-48.90561309,SPRF-SC,DEL03-SC,UOP01-DEL03-SC,2020
"287963,0",2020-06-03,quarta-feira,13:35:00,SC,101,"71,0",ARAQUARI,Avarias e/ou desgaste excessivo no pneu,Queda de ocupante de veículo,Com Vítimas Feridas,Pleno dia,Crescente,Nublado,Simples,Curva;Aclive,Não,2,0,1,0,1,0,1,1,-26.52183333,-48.71698916,SPRF-SC,DEL03-SC,UOP02-DEL03-SC,2020
"287966,0",2020-06-03,quarta-feira,17:15:00,SC,101,"199,0",BIGUACU,Falta de Atenção do Pedestre,Atropelamento de Pedestre,Com Vítimas Feridas,Pleno dia,Crescente,Céu Claro,Dupla,Reta,Sim,2,0,1,0,1,0,1,2,-27.53413705,-48.63003205,SPRF-SC,DEL01-SC,UOP01-DEL01-SC,2020
"287978,0",2020-06-03,quarta-feira,14:35:00,SC,470,"210,2",SAO CRISTOVAO DO SUL,Falta de Atenção à Condução,Saída de leito carroçável,Com Vítimas Feridas,Pleno dia,Decrescente,Nublado,Simples,Curva,Não,1,0,1,0,0,0,1,1,-27.302412,-50.219173,SPRF-SC,DEL05-SC,UOP03-DEL05-SC,2020
"287982,0",2020-06-03,quarta-feira,18:00:00,SC,470,"139,5",RIO DO SUL,Falta de Atenção à Condução,Colisão transversal,Com Vítimas Feridas,Plena Noite,Decrescente,Nublado,Simples,Rotatória,Não,3,0,2,0,1,0,2,2,-27.217564,-49.65461,SPRF-SC,DEL04-SC,UOP02-DEL04-SC,2020
"288003,0",2020-06-03,quarta-feira,18:55:00,SC,101,"209,8",SAO JOSE,Desobediência às normas de trânsito pelo condutor,Colisão transversal,Com Vítimas Feridas,Pleno dia,Crescente,Céu Claro,Múltipla,Interseção de Vias,Sim,3,0,2,0,0,1,2,2,-27.61000542,-48.63895057,SPRF-SC,DEL01-SC,UOP01-DEL01-SC,2020
"288008,0",2020-06-03,quarta-feira,18:50:00,SC,101,"150,0",ITAPEMA,Desobediência às normas de trânsito pelo condutor,Colisão lateral,Com Vítimas Feridas,Plena Noite,Crescente,Céu Claro,Simples,Curva,Sim,2,0,1,0,1,0,1,2,-27.11744799,-48.60940987,SPRF-SC,DEL04-SC,UOP03-DEL04-SC,2020
"288009,0",2020-06-03,quarta-feira,22:20:00,SC,101,"156,0",PORTO BELO,Falta de Atenção à Condução,Colisão com objeto estático,Sem Vítimas,Plena Noite,Crescente,Céu Claro,Simples,Reta,Não,1,0,0,0,0,1,0,1,-27.172272,-48.61170204,SPRF-SC,DEL04-SC,UOP03-DEL04-SC,2020
"288013,0",2020-06-04,quinta-feira,03:35:00,SC,101,"34,0",JOINVILLE,Defeito Mecânico no Veículo,Incêndio,Sem Vítimas,Plena Noite,Crescente,Céu Claro,Dupla,Reta,Sim,1,0,0,0,1,0,0,1,-26.23667403,-48.91486706,SPRF-SC,DEL03-SC,UOP01-DEL03-SC,2020
"288035,0",2020-06-04,quinta-feira,07:25:00,SC,101,"110,0",PENHA,Objeto estático sobre o leito carroçável,Tombamento,Com Vítimas Feridas,Pleno dia,Crescente,Nublado,Dupla,Reta,Não,1,0,1,0,0,0,1,1,-26.83477,-48.706151,SPRF-SC,DEL03-SC,UOP02-DEL03-SC,2020
"288043,0",2020-06-04,quinta-feira,07:35:00,SC,282,"377,0",HERVAL DOESTE,Falta de Atenção à Condução,Saída de leito carroçável,Com Vítimas Feridas,Pleno dia,Crescente,Céu Claro,Simples,Declive,Não,1,0,1,0,0,0,1,1,-27.216974,-51.470055,SPRF-SC,DEL07-SC,UOP05-DEL07-SC,2020
"288054,0",2020-06-04,quinta-feira,10:10:00,SC,101,"213,0",PALHOCA,Desobediência às normas de trânsito pelo condutor,Colisão lateral,Com Vítimas Feridas,Pleno dia,Decrescente,Nublado,Múltipla,Reta,Sim,2,0,1,0,1,0,1,2,-27.63697369,-48.66514142,SPRF-SC,DEL01-SC,UOP02-DEL01-SC,2020
"288057,0",2020-06-04,quinta-feira,10:15:00,SC,101,"213,4",PALHOCA,Falta de Atenção à Condução,Colisão traseira,Com Vítimas Feridas,Pleno dia,Decrescente,Céu Claro,Múltipla,Viaduto,Sim,2,0,1,0,1,0,1,2,-27.63697369,-48.66514142,SPRF-SC,DEL01-SC,UOP02-DEL01-SC,2020
"288066,0",2020-06-04,quinta-feira,11:00:00,SC,470,"66,8",INDAIAL,Desobediência às normas de trânsito pelo condutor,Colisão transversal,Com Vítimas Feridas,Pleno dia,Crescente,Céu Claro,Simples,Em Obras;Reta,Sim,2,0,1,0,0,1,1,2,-26.870407,-49.221844,SPRF-SC,DEL04-SC,UOP01-DEL04-SC,2020
"288073,0",2020-06-04,quinta-feira,12:10:00,SC,282,"4,0",SAO JOSE,Desobediência às normas de trânsito pelo condutor,Saída de leito carroçável,Com Vítimas Feridas,Pleno dia,Decrescente,Nublado,Múltipla,Reta,Sim,1,0,1,0,0,0,1,1,-27.592646,-48.604034,SPRF-SC,DEL01-SC,UOP01-DEL01-SC,2020
"288093,0",2020-06-04,quinta-feira,14:45:00,SC,280,"55,0",GUARAMIRIM,Falta de Atenção à Condução,Colisão traseira,Com Vítimas Feridas,Pleno dia,Decrescente,Garoa/Chuvisco,Simples,Reta,Não,2,0,1,0,1,0,1,2,-26.47584353,-48.9937858,SPRF-SC,DEL03-SC,UOP03-DEL03-SC,2020
"288109,0",2020-06-04,quinta-feira,16:45:00,SC,101,"200,0",SAO JOSE,Mal Súbito,Colisão lateral,Com Vítimas Feridas,Pleno dia,Crescente,Nublado,Dupla,Reta,Sim,2,0,1,0,1,0,1,2,-27.54018513,-48.62287714,SPRF-SC,DEL01-SC,UOP01-DEL01-SC,2020
"288119,0",2020-06-04,quinta-feira,18:10:00,SC,101,"216,0",PALHOCA,Falta de Atenção à Condução,Colisão traseira,Com Vítimas Feridas,Pleno dia,Crescente,Garoa/Chuvisco,Múltipla,Reta,Sim,5,0,4,0,1,0,4,3,-27.65981409,-48.67747798,SPRF-SC,DEL01-SC,UOP02-DEL01-SC,2020
"288124,0",2020-06-04,quinta-feira,18:15:00,SC,101,"206,0",SAO JOSE,Falta de Atenção à Condução,Colisão traseira,Com Vítimas Feridas,Plena Noite,Crescente,Chuva,Múltipla,Reta,Sim,2,0,0,1,1,0,1,2,-27.59212278,-48.61827482,SPRF-SC,DEL01-SC,UOP01-DEL01-SC,2020
"288127,0",2020-06-04,quinta-feira,14:00:00,SC,282,"24,0",SANTO AMARO DA IMPERATRIZ,Falta de Atenção à Condução,Colisão traseira,Com Vítimas Feridas,Pleno dia,Decrescente,Céu Claro,Simples,Reta,Não,2,0,0,1,1,0,1,2,-27.68002114,-48.77812786,SPRF-SC,DEL01-SC,UOP03-DEL01-SC,2020
"288135,0",2020-06-04,quinta-feira,18:15:00,SC,101,"278,0",IMBITUBA,Falta de Atenção à Condução,Colisão lateral,Com Vítimas Feridas,Plena Noite,Crescente,Chuva,Simples,Reta,Não,2,0,2,0,0,0,2,2,-28.16300604,-48.6939345,SPRF-SC,DEL02-SC,UOP03-DEL02-SC,2020
"288173,0",2020-06-05,sexta-feira,00:01:00,SC,101,"217,0",PALHOCA,Falta de Atenção à Condução,Saída de leito carroçável,Com Vítimas Feridas,Plena Noite,Decrescente,Chuva,Múltipla,Reta,Sim,3,0,2,0,1,0,2,1,-27.66779034,-48.67393586,SPRF-SC,DEL01-SC,UOP02-DEL01-SC,2020
"288179,0",2020-06-05,sexta-feira,00:00:00,SC,116,"140,4",SANTA CECILIA,Avarias e/ou desgaste excessivo no pneu,Colisão com objeto estático,Com Vítimas Feridas,Plena Noite,Decrescente,Chuva,Simples,Curva,Não,2,0,1,0,1,0,1,1,-26.96625517,-50.40928315,SPRF-SC,DEL06-SC,UOP02-DEL06-SC,2020
"288181,0",2020-06-04,quinta-feira,23:45:00,SC,101,"132,0",BALNEARIO CAMBORIU,Pista Escorregadia,Colisão com objeto estático,Com Vítimas Feridas,Plena Noite,Decrescente,Nublado,Simples,Reta,Não,1,0,1,0,0,0,1,1,-26.99654133,-48.65564711,SPRF-SC,DEL04-SC,UOP03-DEL04-SC,2020
"288187,0",2020-06-05,sexta-feira,01:30:00,SC,101,"85,0",BARRA VELHA,Ingestão de Álcool,Saída de leito carroçável,Sem Vítimas,Plena Noite,Crescente,Garoa/Chuvisco,Dupla,Reta,Sim,1,0,0,0,1,0,0,1,-26.62840879,-48.70813584,SPRF-SC,DEL03-SC,UOP02-DEL03-SC,2020
"288190,0",2020-06-05,sexta-feira,01:15:00,SC,101,"210,0",SAO JOSE,Velocidade Incompatível,Colisão com objeto estático,Com Vítimas Feridas,Plena Noite,Decrescente,Chuva,Múltipla,Reta;Aclive,Sim,1,0,1,0,0,0,1,1,-27.6168441,-48.64562362,SPRF-SC,DEL01-SC,UOP01-DEL01-SC,2020
"288192,0",2020-06-05,sexta-feira,02:15:00,SC,101,"222,9",PALHOCA,Falta de Atenção à Condução,Colisão lateral,Com Vítimas Feridas,Plena Noite,Decrescente,Chuva,Dupla,Aclive,Sim,1,0,0,1,0,0,1,1,-27.70865409,-48.65586407,SPRF-SC,DEL01-SC,UOP02-DEL01-SC,2020
"288197,0",2020-06-05,sexta-feira,02:00:00,SC,116,"35,2",ITAIOPOLIS,Velocidade Incompatível,Saída de leito carroçável,Sem Vítimas,Plena Noite,Crescente,Chuva,Simples,Curva,Não,1,0,0,0,1,0,0,1,-26.33588885,-50.00519808,SPRF-SC,DEL06-SC,UOP01-DEL06-SC,2020
"288203,0",2020-06-05,sexta-feira,04:45:00,SC,470,"58,6",BLUMENAU,Desobediência às normas de trânsito pelo condutor,Colisão frontal,Com Vítimas Feridas,Plena Noite,Decrescente,Chuva,Simples,Curva,Sim,3,0,3,0,0,0,3,2,-26.883879,-49.145622,SPRF-SC,DEL04-SC,UOP01-DEL04-SC,2020
"288205,0",2020-06-05,sexta-feira,04:50:00,SC,282,"0,5",FLORIANOPOLIS,Ingestão de Álcool,Capotamento,Com Vítimas Feridas,Plena Noite,Crescente,Chuva,Múltipla,Curva,Sim,1,0,1,0,0,0,1,1,-27.59845,-48.571995,SPRF-SC,DEL01-SC,UOP01-DEL01-SC,2020
"288207,0",2020-06-05,sexta-feira,06:15:00,SC,101,"186,0",BIGUACU,Falta de Atenção à Condução,Colisão com objeto estático,Com Vítimas Feridas,Plena Noite,Decrescente,Chuva,Dupla,Curva,Sim,1,0,1,0,0,0,1,1,-27.4341098,-48.62567129,SPRF-SC,DEL01-SC,UOP01-DEL01-SC,2020
"288221,0",2020-06-05,sexta-feira,07:20:00,SC,280,"41,0",ARAQUARI,Falta de Atenção à Condução,Saída de leito carroçável,Com Vítimas Feridas,Pleno dia,Decrescente,Chuva,Simples,Reta,Não,2,0,1,1,0,0,2,1,-26.45000366,-48.85790902,SPRF-SC,DEL03-SC,UOP03-DEL03-SC,2020
"288222,0",2020-06-05,sexta-feira,08:00:00,SC,101,"214,3",PALHOCA,Ingestão de Álcool,Colisão lateral,Sem Vítimas,Pleno dia,Decrescente,Chuva,Dupla,Reta,Sim,2,0,0,0,2,0,0,2,-27.64443,-48.67057,SPRF-SC,DEL01-SC,UOP02-DEL01-SC,2020
"288238,0",2020-06-05,sexta-feira,09:10:00,SC,101,"186,0",BIGUACU,Falta de Atenção à Condução,Saída de leito carroçável,Com Vítimas Feridas,Pleno dia,Decrescente,Chuva,Dupla,Curva,Não,4,0,4,0,0,0,4,2,-27.4341098,-48.62567129,SPRF-SC,DEL01-SC,UOP01-DEL01-SC,2020
"288240,0",2020-03-17,terça-feira,17:00:00,SC,163,"68,6",SAO MIGUEL DO OESTE,Falta de Atenção à Condução,Tombamento,Com Vítimas Feridas,Pleno dia,Crescente,Céu Claro,Dupla,Reta,Sim,2,0,0,1,1,0,1,2,-26.73318315,-53.50880384,SPRF-SC,DEL07-SC,UOP03-DEL07-SC,2020
"288245,0",2020-06-05,sexta-feira,10:30:00,SC,101,"192,0",BIGUACU,Pista Escorregadia,Queda de ocupante de veículo,Com Vítimas Feridas,Pleno dia,Decrescente,Chuva,Dupla,Curva,Sim,1,0,1,0,0,0,1,1,-27.48443781,-48.64765238,SPRF-SC,DEL01-SC,UOP01-DEL01-SC,2020
"288255,0",2020-06-05,sexta-feira,08:30:00,SC,470,"163,0",TROMBUDO CENTRAL,Falta de Atenção à Condução,Colisão traseira,Com Vítimas Feridas,Pleno dia,Crescente,Chuva,Simples,Curva,Não,6,0,0,2,4,0,2,4,-27.278976,-49.825996,SPRF-SC,DEL04-SC,UOP02-DEL04-SC,2020
"288261,0",2020-06-05,sexta-feira,13:10:00,SC,101,"33,0",JOINVILLE,Pista Escorregadia,Saída de leito carroçável,Com Vítimas Feridas,Pleno dia,Crescente,Garoa/Chuvisco,Simples,Viaduto,Não,2,0,1,0,1,0,1,1,-26.25770452,-48.90538216,SPRF-SC,DEL03-SC,UOP01-DEL03-SC,2020
"288262,0",2020-05-13,quarta-feira,18:50:00,SC,116,"245,0",LAGES,Falta de Atenção à Condução,Colisão transversal,Com Vítimas Feridas,Plena Noite,Decrescente,Céu Claro,Simples,Reta,Sim,2,0,1,0,1,0,1,2,-27.80419271,-50.365237,SPRF-SC,DEL05-SC,UOP01-DEL05-SC,2020
"288279,0",2020-06-05,sexta-feira,15:30:00,SC,101,"57,0",ARAQUARI,Pista Escorregadia,Saída de leito carroçável,Com Vítimas Feridas,Pleno dia,Decrescente,Chuva,Dupla,Curva,Não,3,0,1,0,2,0,1,1,-26.43646093,-48.81113029,SPRF-SC,DEL03-SC,UOP01-DEL03-SC,2020
"288294,0",2020-06-05,sexta-feira,15:20:00,SC,101,"249,1",PAULO LOPES,Velocidade Incompatível,Saída de leito carroçável,Com Vítimas Fatais,Pleno dia,Crescente,Chuva,Dupla,Curva,Não,5,3,0,2,0,0,2,1,-27.92619305,-48.65828191,SPRF-SC,DEL02-SC,UOP03-DEL02-SC,2020
"288295,0",2020-06-05,sexta-feira,14:55:00,SC,101,"134,0",BALNEARIO CAMBORIU,Não guardar distância de segurança,Colisão traseira,Com Vítimas Feridas,Pleno dia,Decrescente,Chuva,Simples,Interseção de Vias,Sim,3,0,1,0,2,0,1,2,-27.00218,-48.636433,SPRF-SC,DEL04-SC,UOP03-DEL04-SC,2020
"288317,0",2020-06-05,sexta-feira,18:20:00,SC,101,"227,0",PALHOCA,Falta de Atenção à Condução,Colisão frontal,Sem Vítimas,Plena Noite,Crescente,Chuva,Múltipla,Rotatória;Interseção de Vias,Sim,2,0,0,0,2,0,0,2,-27.7509149,-48.63460277,SPRF-SC,DEL01-SC,UOP02-DEL01-SC,2020
"288318,0",2020-06-05,sexta-feira,18:30:00,SC,101,"206,4",SAO JOSE,Falta de Atenção à Condução,Colisão traseira,Com Vítimas Feridas,Plena Noite,Crescente,Chuva,Dupla,Reta,Sim,1,0,1,0,0,0,1,1,-27.59193546,-48.61824557,SPRF-SC,DEL01-SC,UOP01-DEL01-SC,2020
"288327,0",2020-06-05,sexta-feira,17:35:00,SC,470,"73,4",INDAIAL,Falta de Atenção à Condução,Colisão transversal,Com Vítimas Feridas,Anoitecer,Crescente,Chuva,Simples,Reta,Não,2,0,0,1,1,0,1,2,-26.91303918,-49.27889585,SPRF-SC,DEL04-SC,UOP01-DEL04-SC,2020
"288328,0",2020-06-05,sexta-feira,18:30:00,SC,101,"203,0",SAO JOSE,Falta de Atenção à Condução,Queda de ocupante de veículo,Com Vítimas Feridas,Anoitecer,Decrescente,Chuva,Múltipla,Reta,Não,1,0,1,0,0,0,1,1,-27.55711595,-48.61897889,SPRF-SC,DEL01-SC,UOP01-DEL01-SC,2020
"288329,0",2020-06-05,sexta-feira,19:10:00,SC,101,"434,7",SOMBRIO,Desobediência às normas de trânsito pelo condutor,Colisão transversal,Com Vítimas Feridas,Plena Noite,Decrescente,Chuva,Simples,Interseção de Vias,Sim,3,0,1,0,2,0,1,2,-29.09949414,-49.63480552,SPRF-SC,DEL02-SC,UOP02-DEL02-SC,2020
"288336,0",2020-06-05,sexta-feira,19:23:00,SC,282,"215,9",LAGES,Falta de Atenção à Condução,Colisão transversal,Com Vítimas Feridas,Plena Noite,Crescente,Nublado,Dupla,Interseção de Vias,Sim,3,0,2,0,0,1,2,2,-27.793665,-50.281799,SPRF-SC,DEL05-SC,UOP01-DEL05-SC,2020
"288343,0",2020-06-05,sexta-feira,19:14:00,SC,101,"80,2",BARRA VELHA,Ingestão de Álcool,Saída de leito carroçável,Sem Vítimas,Plena Noite,Decrescente,Chuva,Dupla,Reta,Sim,1,0,0,0,1,0,0,1,-26.59441996,-48.72183309,SPRF-SC,DEL03-SC,UOP02-DEL03-SC,2020
"288344,0",2020-06-05,sexta-feira,20:20:00,SC,101,"396,1",MARACAJA,Velocidade Incompatível,Saída de leito carroçável,Com Vítimas Feridas,Plena Noite,Decrescente,Chuva,Dupla,Aclive;Reta,Não,2,0,1,0,1,0,1,1,-28.83564722,-49.41966355,SPRF-SC,DEL02-SC,UOP02-DEL02-SC,2020
"288350,0",2020-06-05,sexta-feira,19:40:00,SC,101,"382,0",ICARA,Pista Escorregadia,Saída de leito carroçável,Com Vítimas Feridas,Plena Noite,Decrescente,Chuva,Dupla,Reta,Não,2,0,2,0,0,0,2,1,-28.7596698837,-49.2855240446,SPRF-SC,DEL02-SC,UOP02-DEL02-SC,2020
"288357,0",2020-06-05,sexta-feira,21:40:00,SC,101,"139,0",BALNEARIO CAMBORIU,Falta de Atenção à Condução,Colisão com objeto estático,Com Vítimas Feridas,Plena Noite,Crescente,Chuva,Dupla,Curva,Não,2,0,2,0,0,0,2,1,-27.02397426,-48.60761649,SPRF-SC,DEL04-SC,UOP03-DEL04-SC,2020
"288358,0",2020-06-05,sexta-feira,21:30:00,SC,101,"191,0",BIGUACU,Velocidade Incompatível,Colisão traseira,Sem Vítimas,Plena Noite,Crescente,Chuva,Dupla,Curva,Não,2,0,0,0,2,0,0,2,-27.47730273,-48.64127329,SPRF-SC,DEL01-SC,UOP01-DEL01-SC,2020
"288377,0",2020-06-05,sexta-feira,22:15:00,SC,101,"138,0",BALNEARIO CAMBORIU,Falta de Atenção à Condução,Colisão traseira,Sem Vítimas,Plena Noite,Decrescente,Chuva,Dupla,Reta,Sim,2,0,0,0,2,0,0,2,-27.02397426,-48.60761649,SPRF-SC,DEL04-SC,UOP03-DEL04-SC,2020
"288384,0",2020-06-05,sexta-feira,20:00:00,SC,116,"179,6",SAO CRISTOVAO DO SUL,Ingestão de Álcool,Saída de leito carroçável,Com Vítimas Feridas,Plena Noite,Decrescente,Chuva,Simples,Curva,Sim,1,0,1,0,0,0,1,1,-27.26274894,-50.44460298,SPRF-SC,DEL05-SC,UOP03-DEL05-SC,2020
"288389,0",2020-06-06,sábado,01:00:00,SC,101,"208,5",SAO JOSE,Falta de Atenção à Condução,Saída de leito carroçável,Sem Vítimas,Plena Noite,Crescente,Chuva,Simples,Viaduto,Sim,1,0,0,0,0,1,0,1,-27.60327979,-48.63201818,SPRF-SC,DEL01-SC,UOP01-DEL01-SC,2020
"288390,0",2020-06-06,sábado,00:50:00,SC,101,"208,0",SAO JOSE,Ingestão de Álcool,Colisão com objeto estático,Com Vítimas Feridas,Plena Noite,Decrescente,Chuva,Múltipla,Reta,Sim,1,0,0,1,0,0,1,1,-27.60327979,-48.63201818,SPRF-SC,DEL01-SC,UOP01-DEL01-SC,2020
"288391,0",2020-06-06,sábado,01:00:00,SC,101,"210,0",SAO JOSE,Ingestão de Álcool,Colisão com objeto estático,Com Vítimas Feridas,Plena Noite,Decrescente,Chuva,Múltipla,Reta,Sim,1,0,1,0,0,0,1,1,-27.6167305,-48.6457265,SPRF-SC,DEL01-SC,UOP01-DEL01-SC,2020
"288399,0",2020-06-06,sábado,03:00:00,SC,101,"110,6",PENHA,Velocidade Incompatível,Saída de leito carroçável,Com Vítimas Feridas,Plena Noite,Decrescente,Chuva,Dupla,Curva,Não,2,0,2,0,0,0,2,1,-26.83760814,-48.71085763,SPRF-SC,DEL04-SC,UOP04-DEL04-SC,2020
"288400,0",2020-06-06,sábado,03:05:00,SC,101,"113,2",ITAJAI,Ingestão de Álcool,Saída de leito carroçável,Sem Vítimas,Plena Noite,Decrescente,Chuva,Múltipla,Reta,Sim,1,0,0,0,1,0,0,1,-26.85311393,-48.72689927,SPRF-SC,DEL04-SC,UOP04-DEL04-SC,2020
"288406,0",2020-06-06,sábado,04:45:00,SC,101,"235,0",PALHOCA,Fenômenos da Natureza,Saída de leito carroçável,Com Vítimas Feridas,Plena Noite,Crescente,Chuva,Dupla,Curva,Não,1,0,1,0,0,0,1,1,-27.8177775,-48.6315025,SPRF-SC,DEL01-SC,UOP02-DEL01-SC,2020
"288413,0",2020-06-06,sábado,05:40:00,SC,282,"16,0",PALHOCA,Falta de Atenção à Condução,Colisão lateral,Com Vítimas Feridas,Amanhecer,Crescente,Chuva,Simples,Reta,Sim,2,0,0,1,1,0,1,2,-27.658611,-48.681847,SPRF-SC,DEL01-SC,UOP02-DEL01-SC,2020
"288414,0",2020-06-06,sábado,06:30:00,SC,280,"8,9",SAO FRANCISCO DO SUL,Falta de Atenção à Condução,Colisão traseira,Com Vítimas Feridas,Amanhecer,Decrescente,Nublado,Simples,Reta,Sim,2,0,1,0,1,0,1,2,-26.27887292,-48.64668626,SPRF-SC,DEL03-SC,UOP03-DEL03-SC,2020
"288416,0",2020-06-06,sábado,06:40:00,SC,101,"355,0",SANGAO,Ingestão de Álcool,Saída de leito carroçável,Sem Vítimas,Amanhecer,Crescente,Céu Claro,Dupla,Reta,Não,1,0,0,0,1,0,0,1,-28.62380715,-49.07828489,SPRF-SC,DEL02-SC,UOP01-DEL02-SC,2020
"288420,0",2020-06-06,sábado,06:40:00,SC,282,"16,3",PALHOCA,Falta de Atenção à Condução,Colisão lateral,Com Vítimas Feridas,Pleno dia,Crescente,Nublado,Simples,Reta,Sim,3,0,2,0,1,0,2,2,-27.658611,-48.681847,SPRF-SC,DEL01-SC,UOP02-DEL01-SC,2020
"288429,0",2020-06-06,sábado,08:10:00,SC,101,"20,0",JOINVILLE,Falta de Atenção à Condução,Colisão frontal,Com Vítimas Feridas,Pleno dia,Decrescente,Chuva,Simples,Interseção de Vias,Não,3,0,1,0,2,0,1,2,-26.140675,-48.902995,SPRF-SC,DEL03-SC,UOP01-DEL03-SC,2020