id,data_inversa,dia_semana,horario,uf,br,km,municipio,causa_acidente,tipo_acidente,classificacao_acidente,fase_dia,sentido_via,condicao_metereologica,tipo_pista,tracado_via,uso_solo,pessoas,mortos,feridos_leves,feridos_graves,ilesos,ignorados,feridos,veiculos,latitude,longitude,regional,delegacia,uop,ano_arquivo
"290333,0",2020-06-16,terça-feira,18:15:00,SC,101,"388,0",CRICIUMA,Objeto estático sobre o leito carroçável,Colisão traseira,Com Vítimas Feridas,Plena Noite,Crescente,Céu Claro,Múltipla,Reta,Não,2,0,0,1,1,0,1,2,-28.78369283,-49.33513641,SPRF-SC,DEL02-SC,UOP02-DEL02-SC,2020
"290339,0",2020-06-16,terça-feira,18:20:00,SC,101,"198,9",BIGUACU,Pista Escorregadia,Tombamento,Com Vítimas Feridas,Plena Noite,Decrescente,Garoa/Chuvisco,Dupla,Reta,Sim,2,0,0,1,0,1,1,2,-27.52658712,-48.63506019,SPRF-SC,DEL01-SC,UOP01-DEL01-SC,2020
"290357,0",2020-06-16,terça-feira,18:00:00,SC,101,"337,7",TUBARAO,Ingestão de Álcool,Queda de ocupante de veículo,Com Vítimas Feridas,Plena Noite,Crescente,Nublado,Dupla,Reta;Declive,Não,2,0,1,0,1,0,1,1,-28.47801624,-49.03246283,SPRF-SC,DEL02-SC,UOP01-DEL02-SC,2020
"290362,0",2020-06-16,terça-feira,19:30:00,SC,101,"42,5",JOINVILLE,Falta de Atenção à Condução,Colisão traseira,Sem Vítimas,Plena Noite,Crescente,Garoa/Chuvisco,Simples,Reta,Sim,2,0,0,0,1,1,0,2,-26.29251598,-48.88474385,SPRF-SC,DEL03-SC,UOP01-DEL03-SC,2020
"290366,0",2020-04-09,quinta-feira,19:00:00,SC,470,"62,2",INDAIAL,Desobediência às normas de trânsito pelo condutor,Colisão transversal,Com Vítimas Feridas,Plena Noite,Crescente,Céu Claro,Simples,Reta,Sim,2,0,1,0,1,0,1,2,-26.87442602,-49.18569982,SPRF-SC,DEL04-SC,UOP01-DEL04-SC,2020
"290372,0",2020-06-16,terça-feira,19:45:00,SC,101,"138,0",BALNEARIO CAMBORIU,Falta de Atenção à Condução,Colisão com objeto estático,Sem Vítimas,Plena Noite,Decrescente,Nublado,Dupla,Curva,Sim,1,0,0,0,0,1,0,1,-27.02397426,-48.60761649,SPRF-SC,DEL04-SC,UOP03-DEL04-SC,2020
"290380,0",2020-06-16,terça-feira,21:55:00,SC,280,"126,8",RIO NEGRINHO,Ingestão de Álcool,Atropelamento de Pedestre,Com Vítimas Feridas,Plena Noite,Decrescente,Céu Claro,Simples,Declive,Sim,2,0,1,0,1,0,1,2,-26.23779604,-49.49427399,SPRF-SC,DEL06-SC,UOP03-DEL06-SC,2020
"290382,0",2020-05-29,sexta-feira,20:40:00,SC,101,"205,8",SAO JOSE,Não guardar distância de segurança,Colisão traseira,Com Vítimas Feridas,Plena Noite,Decrescente,Céu Claro,Dupla,Reta,Sim,4,0,1,0,3,0,1,4,-27.59041983,-48.61759186,SPRF-SC,DEL01-SC,UOP01-DEL01-SC,2020
"290400,0",2020-06-17,quarta-feira,06:45:00,SC,280,"28,7",ARAQUARI,Falta de Atenção à Condução,Colisão transversal,Com Vítimas Feridas,Pleno dia,Crescente,Nublado,Simples,Interseção de Vias,Não,2,0,1,0,1,0,1,2,-26.4095903,-48.75154138,SPRF-SC,DEL03-SC,UOP03-DEL03-SC,2020
"290401,0",2020-06-17,quarta-feira,06:40:00,SC,101,"25,6",JOINVILLE,Falta de Atenção à Condução,Colisão lateral,Com Vítimas Feridas,Amanhecer,Crescente,Céu Claro,Dupla,Reta,Sim,3,0,1,0,2,0,1,2,-26.1834739,-48.9105912,SPRF-SC,DEL03-SC,UOP01-DEL03-SC,2020
"290403,0",2020-06-17,quarta-feira,07:00:00,SC,101,"210,0",SAO JOSE,Falta de Atenção à Condução,Colisão lateral,Com Vítimas Feridas,Pleno dia,Crescente,Chuva,Simples,Reta,Sim,2,0,1,0,1,0,1,2,-27.61449338,-48.64370584,SPRF-SC,DEL01-SC,UOP01-DEL01-SC,2020
"290404,0",2020-06-17,quarta-feira,07:15:00,SC,101,"341,2",TUBARAO,Ingestão de Álcool,Saída de leito carroçável,Com Vítimas Feridas,Pleno dia,Crescente,Sol,Dupla,Reta,Sim,1,0,1,0,0,0,1,1,-28.51970505,-49.0544486,SPRF-SC,DEL02-SC,UOP01-DEL02-SC,2020
"290413,0",2020-06-14,domingo,05:30:00,SC,101,"326,8",CAPIVARI DE BAIXO,Ingestão de Álcool,Saída de leito carroçável,Com Vítimas Fatais,Plena Noite,Crescente,Céu Claro,Múltipla,Reta,Sim,2,1,0,0,1,0,0,2,-28.436005,-48.95957,SPRF-SC,DEL02-SC,UOP01-DEL02-SC,2020
"290445,0",2020-06-17,quarta-feira,13:15:00,SC,282,"137,3",BOM RETIRO,Avarias e/ou desgaste excessivo no pneu,Saída de leito carroçável,Com Vítimas Feridas,Pleno dia,Decrescente,Nublado,Simples,Rotatória,Não,2,0,1,0,1,0,1,1,-27.8218,-49.567032,SPRF-SC,DEL05-SC,UOP01-DEL05-SC,2020
"290448,0",2020-06-17,quarta-feira,13:10:00,SC,101,"210,1",SAO JOSE,Falta de Atenção à Condução,Colisão lateral,Com Vítimas Feridas,Pleno dia,Decrescente,Nublado,Dupla,Reta,Sim,3,0,1,0,1,1,1,3,-27.6167305,-48.6457265,SPRF-SC,DEL01-SC,UOP01-DEL01-SC,2020
"290464,0",2020-06-17,quarta-feira,15:10:00,SC,101,"218,0",PALHOCA,Mal Súbito,Tombamento,Com Vítimas Feridas,Pleno dia,Crescente,Garoa/Chuvisco,Dupla,Reta,Sim,1,0,1,0,0,0,1,1,-27.6758601,-48.67052525,SPRF-SC,DEL01-SC,UOP02-DEL01-SC,2020
"290470,0",2020-06-17,quarta-feira,14:25:00,SC,101,"149,7",ITAPEMA,Falta de Atenção à Condução,Colisão traseira,Com Vítimas Feridas,Pleno dia,Crescente,Nublado,Múltipla,Reta,Sim,3,0,2,0,1,0,2,2,-27.1089649,-48.61277586,SPRF-SC,DEL04-SC,UOP03-DEL04-SC,2020
"290476,0",2020-06-17,quarta-feira,15:00:00,SC,101,"199,0",SAO JOSE,Ingestão de álcool e/ou substâncias psicoativas pelo pedestre,Colisão com objeto estático,Com Vítimas Feridas,Pleno dia,Crescente,Nublado,Dupla,Reta,Sim,3,0,1,0,1,1,1,2,-27.53413705,-48.63003205,SPRF-SC,DEL01-SC,UOP01-DEL01-SC,2020
"290485,0",2020-06-17,quarta-feira,17:10:00,SC,101,"215,7",PALHOCA,Falta de Atenção à Condução,Colisão transversal,Com Vítimas Feridas,Plena Noite,Decrescente,Nublado,Múltipla,Interseção de Vias,Sim,2,0,1,0,0,1,1,2,-27.65184843,-48.67604941,SPRF-SC,DEL01-SC,UOP02-DEL01-SC,2020
"290489,0",2020-06-17,quarta-feira,17:40:00,SC,101,"208,0",SAO JOSE,Falta de Atenção à Condução,Colisão lateral,Com Vítimas Feridas,Anoitecer,Crescente,Nublado,Múltipla,Reta,Sim,1,0,1,0,0,0,1,1,-27.60327979,-48.63201818,SPRF-SC,DEL01-SC,UOP01-DEL01-SC,2020
"290501,0",2020-06-17,quarta-feira,17:50:00,SC,101,"128,1",ITAJAI,Falta de Atenção à Condução,Colisão traseira,Com Vítimas Feridas,Plena Noite,Crescente,Nublado,Dupla,Reta;Declive,Não,3,0,1,0,1,1,1,3,-26.97284292,-48.68299451,SPRF-SC,DEL04-SC,UOP03-DEL04-SC,2020
"290504,0",2020-06-17,quarta-feira,18:30:00,SC,282,"1,0",FLORIANOPOLIS,Desobediência às normas de trânsito pelo condutor,Colisão lateral,Com Vítimas Feridas,Plena Noite,Crescente,Nublado,Múltipla,Reta,Sim,2,0,1,0,1,0,1,2,-27.6024953,-48.57971907,SPRF-SC,DEL01-SC,UOP01-DEL01-SC,2020
"290509,0",2020-06-17,quarta-feira,18:30:00,SC,163,"74,5",SAO MIGUEL DO OESTE,Ingestão de Álcool,Colisão lateral,Sem Vítimas,Plena Noite,Decrescente,Céu Claro,Simples,Aclive;Reta,Não,2,0,0,0,2,0,0,2,-26.70200479,-53.51350653,SPRF-SC,DEL07-SC,UOP03-DEL07-SC,2020
"290511,0",2020-06-17,quarta-feira,17:10:00,SC,480,"128,5",CHAPECO,Falta de Atenção à Condução,Colisão lateral,Com Vítimas Feridas,Pleno dia,Decrescente,Céu Claro,Dupla,Reta,Não,2,0,1,0,1,0,1,2,-27.04009174,-52.63489723,SPRF-SC,DEL07-SC,UOP01-DEL07-SC,2020
"290520,0",2020-06-17,quarta-feira,19:45:00,SC,282,"0,5",FLORIANOPOLIS,Falta de Atenção à Condução,Colisão lateral,Com Vítimas Feridas,Plena Noite,Crescente,Céu Claro,Dupla,Reta,Sim,2,0,1,0,1,0,1,2,-27.59845,-48.571995,SPRF-SC,DEL01-SC,UOP01-DEL01-SC,2020
"290522,0",2020-06-17,quarta-feira,20:15:00,SC,101,"213,8",PALHOCA,Objeto estático sobre o leito carroçável,Tombamento,Com Vítimas Feridas,Plena Noite,Crescente,Céu Claro,Múltipla,Reta,Sim,1,0,1,0,0,0,1,1,-27.63697369,-48.66514142,SPRF-SC,DEL01-SC,UOP02-DEL01-SC,2020
"290534,0",2020-06-17,quarta-feira,20:35:00,SC,101,"139,2",BALNEARIO CAMBORIU,Defeito Mecânico no Veículo,Tombamento,Com Vítimas Feridas,Plena Noite,Decrescente,Nublado,Dupla,Reta,Não,1,0,1,0,0,0,1,1,-27.02982303,-48.60115006,SPRF-SC,DEL04-SC,UOP03-DEL04-SC,2020
"290570,0",2020-06-18,quinta-feira,04:50:00,SC,280,"68,2",JARAGUA DO SUL,Desobediência às normas de trânsito pelo condutor,Colisão lateral,Com Vítimas Feridas,Plena Noite,Decrescente,Nublado,Simples,Reta,Sim,2,0,1,0,1,0,1,2,-26.47277719,-49.11098612,SPRF-SC,DEL03-SC,UOP03-DEL03-SC,2020
"290580,0",2020-06-18,quinta-feira,07:55:00,SC,101,"206,3",SAO JOSE,Não guardar distância de segurança,Queda de ocupante de veículo,Sem Vítimas,Pleno dia,Crescente,Garoa/Chuvisco,Múltipla,Reta,Sim,1,0,0,0,1,0,0,1,-27.59193546,-48.61824557,SPRF-SC,DEL01-SC,UOP01-DEL01-SC,2020
"290581,0",2020-06-18,quinta-feira,06:30:00,SC,101,"438,9",SOMBRIO,Animais na Pista,Atropelamento de Animal,Com Vítimas Feridas,Amanhecer,Decrescente,Céu Claro,Dupla,Reta,Não,2,0,0,1,0,1,1,2,-29.12408551,-49.66266632,SPRF-SC,DEL02-SC,UOP02-DEL02-SC,2020
"290589,0",2020-05-29,sexta-feira,23:00:00,SC,101,"145,0",ITAPEMA,Velocidade Incompatível,Colisão com objeto estático,Sem Vítimas,Plena Noite,Crescente,Céu Claro,Múltipla,Interseção de Vias;Reta,Sim,1,0,0,0,1,0,0,1,-27.08139206,-48.60130993,SPRF-SC,DEL04-SC,UOP03-DEL04-SC,2020
"290627,0",2020-06-18,quinta-feira,12:00:00,SC,101,"411,0",ARARANGUA,Desobediência às normas de trânsito pelo condutor,Colisão transversal,Com Vítimas Feridas,Pleno dia,Decrescente,Céu Claro,Simples,Rotatória,Sim,2,0,1,0,1,0,1,2,-28.93112097,-49.4940421,SPRF-SC,DEL02-SC,UOP02-DEL02-SC,2020
"290631,0",2020-06-18,quinta-feira,12:45:00,SC,101,"339,3",TUBARAO,Defeito Mecânico no Veículo,Tombamento,Com Vítimas Feridas,Pleno dia,Decrescente,Céu Claro,Dupla,Viaduto,Sim,2,0,2,0,0,0,2,1,-28.44404822,-48.96611372,SPRF-SC,DEL02-SC,UOP01-DEL02-SC,2020
"290633,0",2020-06-18,quinta-feira,13:20:00,SC,101,"113,9",ITAJAI,Pista Escorregadia,Colisão traseira,Com Vítimas Feridas,Pleno dia,Crescente,Céu Claro,Dupla,Reta,Não,2,0,2,0,0,0,2,2,-26.85311393,-48.72689927,SPRF-SC,DEL04-SC,UOP04-DEL04-SC,2020
"290642,0",2020-06-18,quinta-feira,13:28:00,SC,282,"22,0",PALHOCA,Falta de Atenção à Condução,Colisão transversal,Com Vítimas Feridas,Pleno dia,Decrescente,Céu Claro,Simples,Reta,Sim,2,0,1,0,1,0,1,2,-27.688507,-48.72739,SPRF-SC,DEL01-SC,UOP02-DEL01-SC,2020
"290644,0",2020-06-18,quinta-feira,14:00:00,SC,101,"25,0",JOINVILLE,Desobediência às normas de trânsito pelo condutor,Colisão frontal,Com Vítimas Feridas,Pleno dia,Decrescente,Nublado,Simples,Viaduto,Sim,2,0,2,0,0,0,2,2,-26.18154257,-48.90966296,SPRF-SC,DEL03-SC,UOP01-DEL03-SC,2020
"290645,0",2020-06-18,quinta-feira,11:20:00,SC,282,"463,0",PONTE SERRADA,Desobediência às normas de trânsito pelo condutor,Colisão transversal,Com Vítimas Feridas,Pleno dia,Decrescente,Sol,Simples,Rotatória,Sim,3,0,3,0,0,0,3,2,-26.85592982,-52.03193665,SPRF-SC,DEL07-SC,UOP04-DEL07-SC,2020
"290672,0",2020-06-18,quinta-feira,17:50:00,SC,101,"136,2",BALNEARIO CAMBORIU,Desobediência às normas de trânsito pelo condutor,Colisão transversal,Com Vítimas Feridas,Anoitecer,Crescente,Céu Claro,Múltipla,Interseção de Vias,Não,2,0,2,0,0,0,2,2,-27.008113,-48.617245,SPRF-SC,DEL04-SC,UOP03-DEL04-SC,2020
"290673,0",2020-06-18,quinta-feira,18:15:00,SC,101,"118,0",ITAJAI,Desobediência às normas de trânsito pelo condutor,Colisão transversal,Com Vítimas Feridas,Plena Noite,Crescente,Céu Claro,Dupla,Interseção de Vias,Não,2,0,0,1,1,0,1,2,-26.895859,-48.71903,SPRF-SC,DEL04-SC,UOP04-DEL04-SC,2020
"290679,0",2020-06-14,domingo,04:00:00,SC,282,"528,0",CORDILHEIRA ALTA,Velocidade Incompatível,Saída de leito carroçável,Com Vítimas Feridas,Anoitecer,Decrescente,Nevoeiro/Neblina,Simples,Curva,Não,1,0,1,0,0,0,1,1,-26.978798,-52.588566,SPRF-SC,DEL07-SC,UOP01-DEL07-SC,2020
"290681,0",2020-06-18,quinta-feira,18:30:00,SC,101,"416,0",ARARANGUA,Desobediência às normas de trânsito pelo condutor,Colisão lateral,Com Vítimas Feridas,Plena Noite,Crescente,Céu Claro,Simples,Reta,Sim,2,0,2,0,0,0,2,2,-28.97833594,-49.53529358,SPRF-SC,DEL02-SC,UOP02-DEL02-SC,2020
"290708,0",2020-06-18,quinta-feira,21:00:00,SC,101,"204,5",SAO JOSE,Objeto estático sobre o leito carroçável,Colisão traseira,Com Vítimas Feridas,Plena Noite,Crescente,Céu Claro,Múltipla,Interseção de Vias,Sim,2,0,1,0,1,0,1,2,-27.57672205,-48.61345237,SPRF-SC,DEL01-SC,UOP01-DEL01-SC,2020
"290715,0",2020-06-18,quinta-feira,20:50:00,SC,101,"321,8",PESCARIA BRAVA,Desobediência às normas de trânsito pelo condutor,Queda de ocupante de veículo,Com Vítimas Feridas,Plena Noite,Decrescente,Céu Claro,Dupla,Reta,Sim,2,0,1,0,0,1,1,1,-28.42850909,-48.91383648,SPRF-SC,DEL02-SC,UOP01-DEL02-SC,2020
"290734,0",2020-06-19,sexta-feira,01:15:00,SC,101,"133,2",BALNEARIO CAMBORIU,Velocidade Incompatível,Colisão com objeto estático,Com Vítimas Fatais,Plena Noite,Decrescente,Céu Claro,Simples,Reta,Não,2,1,0,0,0,1,0,2,-27.001103,-48.638892,SPRF-SC,DEL04-SC,UOP03-DEL04-SC,2020
"290753,0",2020-06-19,sexta-feira,07:05:00,SC,470,"138,2",RIO DO SUL,Não guardar distância de segurança,Colisão traseira,Com Vítimas Feridas,Pleno dia,Crescente,Nevoeiro/Neblina,Simples,Reta,Não,2,0,1,0,1,0,1,2,-27.207214,-49.648476,SPRF-SC,DEL04-SC,UOP02-DEL04-SC,2020
"290763,0",2020-06-19,sexta-feira,08:10:00,SC,101,"217,9",PALHOCA,Falta de Atenção à Condução,Colisão transversal,Com Vítimas Feridas,Pleno dia,Decrescente,Sol,Dupla,Declive,Não,3,0,1,1,0,1,2,3,-27.66779034,-48.67393586,SPRF-SC,DEL01-SC,UOP02-DEL01-SC,2020
"290786,0",2020-06-19,sexta-feira,11:40:00,SC,101,"155,0",PORTO BELO,Ultrapassagem Indevida,Colisão frontal,Com Vítimas Feridas,Pleno dia,Crescente,Céu Claro,Simples,Viaduto,Não,2,0,1,0,1,0,1,2,-27.16292,-48.61129,SPRF-SC,DEL04-SC,UOP03-DEL04-SC,2020
"290799,0",2020-06-19,sexta-feira,13:25:00,SC,470,"146,2",RIO DO SUL,Desobediência às normas de trânsito pelo condutor,Colisão traseira,Com Vítimas Feridas,Pleno dia,Crescente,Céu Claro,Simples,Reta,Sim,2,0,0,1,1,0,1,2,-27.240673,-49.685822,SPRF-SC,DEL04-SC,UOP02-DEL04-SC,2020
"290800,0",2020-06-19,sexta-feira,13:30:00,SC,470,"48,7",BLUMENAU,Falta de Atenção à Condução,Colisão traseira,Com Vítimas Feridas,Pleno dia,Decrescente,Sol,Simples,Reta,Não,2,0,1,0,1,0,1,2,-26.859823,-49.055393,SPRF-SC,DEL04-SC,UOP01-DEL04-SC,2020
"290847,0",2020-06-19,sexta-feira,16:30:00,SC,101,"45,7",JOINVILLE,Agressão Externa,Colisão frontal,Com Vítimas Feridas,Pleno dia,Crescente,Céu Claro,Dupla,Reta,Sim,2,0,2,0,0,0,2,2,-26.32214492,-48.8689509,SPRF-SC,DEL03-SC,UOP01-DEL03-SC,2020
"290855,0",2020-06-19,sexta-feira,17:55:00,SC,101,"145,0",ITAPEMA,Não guardar distância de segurança,Colisão traseira,Com Vítimas Feridas,Anoitecer,Decrescente,Céu Claro,Dupla,Reta,Sim,2,0,1,0,1,0,1,2,-27.08139206,-48.60130993,SPRF-SC,DEL04-SC,UOP03-DEL04-SC,2020
"290857,0",2020-06-19,sexta-feira,17:50:00,SC,101,"323,0",LAGUNA,Falta de Atenção à Condução,Colisão traseira,Sem Vítimas,Anoitecer,Crescente,Céu Claro,Múltipla,Reta,Não,2,0,0,0,2,0,0,2,-28.42789556,-48.91248313,SPRF-SC,DEL02-SC,UOP01-DEL02-SC,2020
"290861,0",2020-06-19,sexta-feira,19:00:00,SC,101,"209,0",SAO JOSE,Falta de Atenção à Condução,Colisão traseira,Com Vítimas Feridas,Plena Noite,Decrescente,Céu Claro,Simples,Reta,Não,2,0,1,0,1,0,1,2,-27.61007268,-48.63863111,SPRF-SC,DEL01-SC,UOP01-DEL01-SC,2020
"290864,0",2020-05-14,quinta-feira,09:30:00,SC,116,"201,0",PONTE ALTA,Velocidade Incompatível,Tombamento,Com Vítimas Feridas,Pleno dia,Crescente,Nublado,Simples,Aclive;Reta,Não,1,0,1,0,0,0,1,1,-27.43687163,-50.40434884,SPRF-SC,DEL05-SC,UOP03-DEL05-SC,2020
"290873,0",2020-06-19,sexta-feira,19:20:00,SC,101,"129,0",BALNEARIO CAMBORIU,Falta de Atenção à Condução,Colisão transversal,Com Vítimas Feridas,Plena Noite,Decrescente,Céu Claro,Simples,Reta,Sim,3,0,2,0,1,0,2,2,-26.98064277,-48.6790679,SPRF-SC,DEL04-SC,UOP03-DEL04-SC,2020
"290874,0",2020-06-07,domingo,20:50:00,SC,101,"367,5",SANGAO,Velocidade Incompatível,Colisão traseira,Com Vítimas Feridas,Plena Noite,Crescente,Céu Claro,Dupla,Reta,Não,4,0,3,0,1,0,3,2,-28.69145778,-49.16484911,SPRF-SC,DEL02-SC,UOP01-DEL02-SC,2020
"290884,0",2020-06-19,sexta-feira,19:10:00,SC,101,"207,0",SAO JOSE,Falta de Atenção à Condução,Colisão traseira,Com Vítimas Feridas,Anoitecer,Crescente,Céu Claro,Dupla,Reta,Sim,3,0,1,0,1,1,1,2,-27.60001226,-48.6226467,SPRF-SC,DEL01-SC,UOP01-DEL01-SC,2020
"290886,0",2020-06-19,sexta-feira,17:40:00,SC,101,"145,0",ITAPEMA,Falta de Atenção à Condução,Tombamento,Com Vítimas Feridas,Anoitecer,Decrescente,Céu Claro,Dupla,Curva,Não,2,0,1,0,0,1,1,2,-27.08139206,-48.60130993,SPRF-SC,DEL04-SC,UOP03-DEL04-SC,2020
"290896,0",2020-06-19,sexta-feira,18:10:00,SC,101,"285,1",IMBITUBA,Falta de Atenção à Condução,Colisão com objeto estático,Com Vítimas Feridas,Plena Noite,Decrescente,Nublado,Dupla,Reta,Não,1,0,1,0,0,0,1,1,-28.22116606,-48.70063047,SPRF-SC,DEL02-SC,UOP03-DEL02-SC,2020
"290903,0",2020-06-19,sexta-feira,19:35:00,SC,280,"128,0",RIO NEGRINHO,Ingestão de Álcool,Colisão transversal,Com Vítimas Feridas,Plena Noite,Decrescente,Céu Claro,Simples,Declive;Reta,Sim,2,0,1,0,1,0,1,2,-26.24317941,-49.51320018,SPRF-SC,DEL06-SC,UOP03-DEL06-SC,2020
"290930,0",2020-06-20,sábado,00:05:00,SC,280,"50,1",GUARAMIRIM,Ingestão de Álcool,Saída de leito carroçável,Com Vítimas Feridas,Plena Noite,Crescente,Nublado,Simples,Curva,Não,2,0,1,0,1,0,1,1,-26.4619489,-48.94618404,SPRF-SC,DEL03-SC,UOP03-DEL03-SC,2020
"290936,0",2020-06-20,sábado,03:10:00,SC,101,"203,4",SAO JOSE,Avarias e/ou desgaste excessivo no pneu,Colisão com objeto estático,Sem Vítimas,Plena Noite,Crescente,Céu Claro,Múltipla,Reta,Sim,2,0,0,0,2,0,0,1,-27.5650044,-48.61460082,SPRF-SC,DEL01-SC,UOP01-DEL01-SC,2020
"290943,0",2020-06-20,sábado,05:00:00,SC,101,"89,5",BARRA VELHA,Falta de Atenção à Condução,Colisão com objeto estático,Sem Vítimas,Plena Noite,Crescente,Nublado,Múltipla,Reta,Sim,1,0,0,0,0,1,0,1,-26.65175997,-48.68721921,SPRF-SC,DEL03-SC,UOP02-DEL03-SC,2020
"290947,0",2020-06-20,sábado,05:30:00,SC,101,"215,8",PALHOCA,Velocidade Incompatível,Capotamento,Com Vítimas Feridas,Amanhecer,Decrescente,Céu Claro,Múltipla,Curva,Não,2,0,0,1,0,1,1,1,-27.65184843,-48.67604941,SPRF-SC,DEL01-SC,UOP02-DEL01-SC,2020
"290958,0",2020-06-20,sábado,07:15:00,SC,101,"206,5",SAO JOSE,Defeito Mecânico no Veículo,Tombamento,Com Vítimas Feridas,Pleno dia,Crescente,Céu Claro,Múltipla,Reta,Sim,1,0,1,0,0,0,1,1,-27.59193546,-48.61824557,SPRF-SC,DEL01-SC,UOP01-DEL01-SC,2020
"290979,0",2020-06-20,sábado,09:40:00,SC,282,"137,2",BOM RETIRO,Desobediência às normas de trânsito pelo condutor,Colisão com objeto estático,Com Vítimas Feridas,Pleno dia,Decrescente,Céu Claro,Simples,Rotatória;Interseção de Vias,Não,1,0,1,0,0,0,1,1,-27.82283295,-49.56949711,SPRF-SC,DEL05-SC,UOP01-DEL05-SC,2020
"290985,0",2020-06-20,sábado,11:45:00,SC,280,"56,1",GUARAMIRIM,Falta de Atenção à Condução,Colisão lateral,Com Vítimas Feridas,Pleno dia,Crescente,Sol,Simples,Reta,Sim,2,0,0,1,1,0,1,2,-26.47946604,-49.00535345,SPRF-SC,DEL03-SC,UOP03-DEL03-SC,2020
"290987,0",2020-06-20,sábado,11:10:00,SC,282,"63,1",RANCHO QUEIMADO,Velocidade Incompatível,Queda de ocupante de veículo,Com Vítimas Feridas,Pleno dia,Decrescente,Céu Claro,Simples,Curva,Não,1,0,1,0,0,0,1,1,-27.695372,-49.042824,SPRF-SC,DEL01-SC,UOP03-DEL01-SC,2020
"291006,0",2020-06-20,sábado,08:20:00,SC,280,"240,7",CANOINHAS,Falta de Atenção à Condução,Colisão lateral,Com Vítimas Feridas,Pleno dia,Decrescente,Céu Claro,Simples,Reta,Não,2,0,1,0,1,0,1,2,-26.2173631,-50.45390288,SPRF-SC,DEL06-SC,UOP04-DEL06-SC,2020
"291015,0",2020-06-20,sábado,12:20:00,SC,282,"378,0",HERVAL DOESTE,Falta de Atenção à Condução,Colisão traseira,Com Vítimas Feridas,Pleno dia,Crescente,Céu Claro,Simples,Declive,Não,7,0,2,0,5,0,2,2,-27.214546,-51.47958,SPRF-SC,DEL07-SC,UOP05-DEL07-SC,2020
"291027,0",2020-06-20,sábado,14:50:00,SC,470,"188,7",POUSO REDONDO,Velocidade Incompatível,Tombamento,Com Vítimas Feridas,Pleno dia,Decrescente,Céu Claro,Simples,Reta,Não,1,0,1,0,0,0,1,1,-27.266893,-50.060116,SPRF-SC,DEL04-SC,UOP02-DEL04-SC,2020
"291029,0",2020-06-20,sábado,16:40:00,SC,101,"146,6",BALNEARIO CAMBORIU,Falta de Atenção à Condução,Colisão traseira,Com Vítimas Feridas,Pleno dia,Crescente,Céu Claro,Dupla,Reta,Não,2,0,1,0,1,0,1,2,-27.08666525,-48.60955587,SPRF-SC,DEL04-SC,UOP03-DEL04-SC,2020
"291036,0",2020-06-20,sábado,16:10:00,SC,101,"204,0",SAO JOSE,Não guardar distância de segurança,Colisão traseira,Com Vítimas Feridas,Pleno dia,Decrescente,Céu Claro,Dupla,Reta,Não,2,0,1,0,1,0,1,2,-27.57413014,-48.61363083,SPRF-SC,DEL01-SC,UOP01-DEL01-SC,2020
"291038,0",2020-06-20,sábado,16:45:00,SC,101,"192,1",BIGUACU,Falta de Atenção à Condução,Colisão com objeto estático,Com Vítimas Feridas,Pleno dia,Decrescente,Céu Claro,Dupla,Reta,Sim,1,0,1,0,0,0,1,1,-27.48443781,-48.64765238,SPRF-SC,DEL01-SC,UOP01-DEL01-SC,2020
"291040,0",2020-06-20,sábado,17:04:00,SC,101,"206,5",SAO JOSE,Falta de Atenção à Condução,Colisão com objeto estático,Com Vítimas Feridas,Anoitecer,Crescente,Sol,Múltipla,Curva,Sim,2,0,0,2,0,0,2,1,-27.59683806,-48.61986101,SPRF-SC,DEL01-SC,UOP01-DEL01-SC,2020
"291055,0",2020-06-20,sábado,19:00:00,SC,470,"55,0",BLUMENAU,Falta de Atenção à Condução,Colisão transversal,Com Vítimas Feridas,Plena Noite,Crescente,Céu Claro,Simples,Reta,Sim,2,0,2,0,0,0,2,2,-26.875601,-49.117992,SPRF-SC,DEL04-SC,UOP01-DEL04-SC,2020
"291059,0",2020-06-20,sábado,18:25:00,SC,280,"57,0",GUARAMIRIM,Falta de Atenção à Condução,Colisão transversal,Com Vítimas Feridas,Plena Noite,Decrescente,Céu Claro,Simples,Reta,Sim,2,0,0,1,1,0,1,2,-26.47598959,-49.01648998,SPRF-SC,DEL03-SC,UOP03-DEL03-SC,2020
"291087,0",2020-06-20,sábado,18:45:00,SC,282,"520,0",XAXIM,Falta de Atenção à Condução,Colisão transversal,Com Vítimas Feridas,Plena Noite,Crescente,Céu Claro,Simples,Reta,Não,2,0,1,0,1,0,1,2,-26.950415,-52.526096,SPRF-SC,DEL07-SC,UOP01-DEL07-SC,2020
"291105,0",2020-06-20,sábado,16:00:00,SC,470,"138,0",RIO DO SUL,Ingestão de Álcool,Colisão traseira,Sem Vítimas,Pleno dia,Decrescente,Céu Claro,Simples,Reta,Sim,2,0,0,0,1,1,0,2,-27.207214,-49.648476,SPRF-SC,DEL04-SC,UOP02-DEL04-SC,2020
"291119,0",2020-06-20,sábado,21:40:00,SC,470,"50,0",BLUMENAU,Não guardar distância de segurança,Colisão traseira,Com Vítimas Feridas,Plena Noite,Decrescente,Nublado,Simples,Em Obras,Não,2,0,2,0,0,0,2,2,-26.859768,-49.074493,SPRF-SC,DEL04-SC,UOP01-DEL04-SC,2020
"291123,0",2020-06-20,sábado,21:10:00,SC,116,"175,5",SAO CRISTOVAO DO SUL,Ingestão de Álcool,Colisão com objeto estático,Com Vítimas Feridas,Plena Noite,Decrescente,Céu Claro,Simples,Reta,Não,1,0,1,0,0,0,1,1,-27.23313103,-50.46402807,SPRF-SC,DEL05-SC,UOP03-DEL05-SC,2020
"291125,0",2020-06-20,sábado,21:30:00,SC,101,"362,1",SANGAO,Ingestão de Álcool,Colisão com objeto estático,Sem Vítimas,Plena Noite,Decrescente,Céu Claro,Múltipla,Aclive,Não,1,0,0,0,1,0,0,1,-28.67136197,-49.12225505,SPRF-SC,DEL02-SC,UOP01-DEL02-SC,2020