id,data_inversa,dia_semana,horario,uf,br,km,municipio,causa_acidente,tipo_acidente,classificacao_acidente,fase_dia,sentido_via,condicao_metereologica,tipo_pista,tracado_via,uso_solo,pessoas,mortos,feridos_leves,feridos_graves,ilesos,ignorados,feridos,veiculos,latitude,longitude,regional,delegacia,uop,ano_arquivo
"291135,0",2020-06-20,sábado,23:45:00,SC,101,"133,9",BALNEARIO CAMBORIU,Falta de Atenção à Condução,Colisão traseira,Com Vítimas Feridas,Plena Noite,Decrescente,Céu Claro,Simples,Reta,Sim,2,0,0,1,1,0,1,2,-26.99936,-48.64609,SPRF-SC,DEL04-SC,UOP03-DEL04-SC,2020
"291140,0",2020-06-21,domingo,01:00:00,SC,101,"212,9",PALHOCA,Falta de Atenção à Condução,Colisão traseira,Com Vítimas Feridas,Plena Noite,Decrescente,Céu Claro,Simples,Reta,Sim,2,0,1,1,0,0,2,2,-27.63717395,-48.66490602,SPRF-SC,DEL01-SC,UOP02-DEL01-SC,2020
"291174,0",2020-04-29,quarta-feira,04:30:00,SC,470,"7,0",NAVEGANTES,Sinalização da via insuficiente ou inadequada,Queda de ocupante de veículo,Com Vítimas Feridas,Plena Noite,Decrescente,Ignorado,Simples,Reta,Não,1,0,1,0,0,0,1,1,-26.84465561,-48.71503115,SPRF-SC,DEL04-SC,UOP04-DEL04-SC,2020
"291175,0",2020-06-21,domingo,09:00:00,SC,101,"214,0",PALHOCA,Defeito Mecânico no Veículo,Colisão com objeto estático,Com Vítimas Feridas,Pleno dia,Crescente,Céu Claro,Múltipla,Reta,Sim,1,0,1,0,0,0,1,1,-27.64443,-48.67057,SPRF-SC,DEL01-SC,UOP02-DEL01-SC,2020
"291195,0",2020-06-21,domingo,10:30:00,SC,101,"6,2",GARUVA,Ingestão de Álcool,Capotamento,Com Vítimas Feridas,Pleno dia,Decrescente,Sol,Simples,Interseção de Vias,Sim,2,0,1,0,1,0,1,2,-26.02878978,-48.86092186,SPRF-SC,DEL03-SC,UOP01-DEL03-SC,2020
"291210,0",2020-06-21,domingo,14:00:00,SC,470,"50,0",BLUMENAU,Não guardar distância de segurança,Colisão lateral,Com Vítimas Feridas,Pleno dia,Decrescente,Céu Claro,Dupla,Em Obras,Não,5,0,0,2,3,0,2,2,-26.859768,-49.074493,SPRF-SC,DEL04-SC,UOP01-DEL04-SC,2020
"291224,0",2020-06-21,domingo,16:05:00,SC,101,"210,0",SAO JOSE,Falta de Atenção à Condução,Colisão traseira,Com Vítimas Feridas,Pleno dia,Crescente,Céu Claro,Dupla,Reta,Não,3,0,2,0,1,0,2,2,-27.6167305,-48.6457265,SPRF-SC,DEL01-SC,UOP01-DEL01-SC,2020
"291226,0",2020-06-21,domingo,15:10:00,SC,101,"158,3",PORTO BELO,Falta de Atenção à Condução,Colisão lateral,Com Vítimas Feridas,Pleno dia,Crescente,Sol,Dupla,Reta,Sim,2,0,1,0,1,0,1,2,-27.19096301,-48.61259017,SPRF-SC,DEL04-SC,UOP03-DEL04-SC,2020
"291240,0",2020-06-21,domingo,16:45:00,SC,280,"130,6",RIO NEGRINHO,Desobediência às normas de trânsito pelo condutor,Colisão com objeto estático,Sem Vítimas,Pleno dia,Decrescente,Céu Claro,Simples,Reta;Declive,Sim,1,0,0,0,1,0,0,1,-26.2530246,-49.52924913,SPRF-SC,DEL06-SC,UOP03-DEL06-SC,2020
"291259,0",2020-06-21,domingo,18:00:00,SC,101,"216,5",PALHOCA,Falta de Atenção à Condução,Colisão transversal,Com Vítimas Feridas,Plena Noite,Decrescente,Céu Claro,Múltipla,Interseção de Vias,Sim,3,0,1,1,1,0,2,2,-27.65981409,-48.67747798,SPRF-SC,DEL01-SC,UOP02-DEL01-SC,2020
"291261,0",2020-06-21,domingo,18:20:00,SC,470,"29,0",GASPAR,Falta de Atenção à Condução,Saída de leito carroçável,Com Vítimas Feridas,Anoitecer,Crescente,Céu Claro,Dupla,Em Obras,Sim,5,0,0,2,3,0,2,1,-26.89362,-48.903973,SPRF-SC,DEL04-SC,UOP01-DEL04-SC,2020
"291264,0",2020-06-21,domingo,16:15:00,SC,153,"5,9",AGUA DOCE,Velocidade Incompatível,Colisão com objeto estático,Com Vítimas Feridas,Pleno dia,Crescente,Céu Claro,Simples,Reta,Não,1,0,1,0,0,0,1,1,-26.643061,-51.51313,SPRF-SC,DEL07-SC,UOP05-DEL07-SC,2020
"291278,0",2020-06-21,domingo,19:00:00,SC,101,"138,0",BALNEARIO CAMBORIU,Velocidade Incompatível,Engavetamento,Com Vítimas Feridas,Plena Noite,Decrescente,Céu Claro,Múltipla,Reta,Sim,5,0,1,0,3,1,1,5,-27.02397426,-48.60761649,SPRF-SC,DEL04-SC,UOP03-DEL04-SC,2020
"291292,0",2020-06-21,domingo,18:00:00,SC,280,"97,7",SAO BENTO DO SUL,Falta de Atenção à Condução,Colisão lateral,Com Vítimas Feridas,Plena Noite,Crescente,Céu Claro,Simples,Curva,Não,2,0,1,0,1,0,1,2,-26.37833107,-49.31732124,SPRF-SC,DEL06-SC,UOP03-DEL06-SC,2020
"291293,0",2020-06-21,domingo,19:00:00,SC,282,"72,0",RANCHO QUEIMADO,Falta de Atenção à Condução,Colisão com objeto estático,Com Vítimas Feridas,Plena Noite,Crescente,Céu Claro,Simples,Curva,Não,1,0,1,0,0,0,1,1,-27.683439,-49.105259,SPRF-SC,DEL01-SC,UOP03-DEL01-SC,2020
"291321,0",2020-06-21,domingo,19:19:00,SC,282,"577,0",PINHALZINHO,Ultrapassagem Indevida,Colisão frontal,Com Vítimas Fatais,Plena Noite,Crescente,Céu Claro,Simples,Reta,Sim,6,1,2,3,0,0,5,2,-26.84676,-52.980644,SPRF-SC,DEL07-SC,UOP02-DEL07-SC,2020
"291327,0",2020-06-22,segunda-feira,01:00:00,SC,101,"328,0",CAPIVARI DE BAIXO,Condutor Dormindo,Colisão com objeto estático,Com Vítimas Feridas,Plena Noite,Crescente,Céu Claro,Dupla,Declive,Não,1,0,1,0,0,0,1,1,-28.43648094,-48.95989307,SPRF-SC,DEL02-SC,UOP01-DEL02-SC,2020
"291332,0",2020-06-21,domingo,22:20:00,SC,282,"574,0",PINHALZINHO,Ingestão de álcool e/ou substâncias psicoativas pelo pedestre,Colisão traseira,Com Vítimas Feridas,Plena Noite,Crescente,Céu Claro,Simples,Reta,Não,2,0,1,0,1,0,1,2,-26.867399,-52.965149,SPRF-SC,DEL07-SC,UOP02-DEL07-SC,2020
"291342,0",2020-06-22,segunda-feira,05:50:00,SC,101,"158,9",PORTO BELO,Condutor Dormindo,Colisão traseira,Com Vítimas Feridas,Plena Noite,Crescente,Céu Claro,Dupla,Reta,Não,2,0,0,1,1,0,1,2,-27.19096301,-48.61259017,SPRF-SC,DEL04-SC,UOP03-DEL04-SC,2020
"291343,0",2020-06-22,segunda-feira,06:00:00,SC,282,"17,0",PALHOCA,Ingestão de Álcool,Colisão traseira,Com Vítimas Fatais,Plena Noite,Crescente,Céu Claro,Simples,Reta,Sim,6,1,0,0,2,3,0,3,-27.665707,-48.688065,SPRF-SC,DEL01-SC,UOP02-DEL01-SC,2020
"291344,0",2020-06-22,segunda-feira,06:10:00,SC,470,"66,5",INDAIAL,Falta de Atenção à Condução,Saída de leito carroçável,Com Vítimas Feridas,Plena Noite,Decrescente,Céu Claro,Simples,Reta,Não,1,0,1,0,0,0,1,1,-26.870407,-49.221844,SPRF-SC,DEL04-SC,UOP01-DEL04-SC,2020
"291370,0",2020-06-22,segunda-feira,08:30:00,SC,280,"166,8",MAFRA,Desobediência às normas de trânsito pelo condutor,Colisão transversal,Com Vítimas Feridas,Pleno dia,Decrescente,Sol,Simples,Interseção de Vias,Não,2,0,2,0,0,0,2,2,-26.17637219,-49.81690407,SPRF-SC,DEL06-SC,UOP01-DEL06-SC,2020
"291376,0",2020-06-22,segunda-feira,09:35:00,SC,101,"210,0",SAO JOSE,Desobediência às normas de trânsito pelo condutor,Colisão lateral,Com Vítimas Feridas,Pleno dia,Crescente,Sol,Múltipla,Reta,Não,3,0,1,0,2,0,1,3,-27.6167305,-48.6457265,SPRF-SC,DEL01-SC,UOP01-DEL01-SC,2020
"291396,0",2020-05-24,domingo,23:30:00,SC,280,"267,0",IRINEOPOLIS,Não guardar distância de segurança,Colisão traseira,Com Vítimas Feridas,Plena Noite,Decrescente,Ignorado,Simples,Reta,Não,3,0,2,0,0,1,2,2,-26.264107,-50.707958,SPRF-SC,DEL06-SC,UOP04-DEL06-SC,2020
"291403,0",2020-06-22,segunda-feira,12:30:00,SC,101,"199,9",SAO JOSE,Desobediência às normas de trânsito pelo condutor,Colisão com objeto estático,Com Vítimas Feridas,Pleno dia,Crescente,Sol,Múltipla,Interseção de Vias,Sim,3,0,2,0,1,0,2,2,-27.53811957,-48.62556338,SPRF-SC,DEL01-SC,UOP01-DEL01-SC,2020
"291404,0",2020-06-22,segunda-feira,12:11:00,SC,282,"6,2",SAO JOSE,Falta de Atenção à Condução,Colisão traseira,Com Vítimas Feridas,Pleno dia,Decrescente,Céu Claro,Dupla,Curva,Sim,2,0,1,0,1,0,1,2,-27.58440582,-48.61745423,SPRF-SC,DEL01-SC,UOP01-DEL01-SC,2020
"291405,0",2020-06-22,segunda-feira,12:40:00,SC,101,"53,0",JOINVILLE,Falta de Atenção à Condução,Queda de ocupante de veículo,Com Vítimas Feridas,Pleno dia,Decrescente,Céu Claro,Dupla,Curva,Não,1,0,1,0,0,0,1,1,-26.40231201,-48.83969703,SPRF-SC,DEL03-SC,UOP01-DEL03-SC,2020
"291408,0",2020-06-22,segunda-feira,12:47:00,SC,101,"217,9",PALHOCA,Mal Súbito,Saída de leito carroçável,Com Vítimas Feridas,Pleno dia,Decrescente,Céu Claro,Múltipla,Reta,Não,1,0,1,0,0,0,1,1,-27.67421702,-48.67095709,SPRF-SC,DEL01-SC,UOP02-DEL01-SC,2020
"291414,0",2020-06-22,segunda-feira,14:00:00,SC,470,"53,9",BLUMENAU,Desobediência às normas de trânsito pelo condutor,Colisão transversal,Com Vítimas Feridas,Pleno dia,Decrescente,Céu Claro,Simples,Curva,Sim,2,0,1,0,1,0,1,2,-26.867121,-49.102066,SPRF-SC,DEL04-SC,UOP01-DEL04-SC,2020
"291426,0",2020-06-22,segunda-feira,15:30:00,SC,470,"69,0",INDAIAL,Desobediência às normas de trânsito pelo condutor,Colisão frontal,Com Vítimas Feridas,Pleno dia,Decrescente,Céu Claro,Simples,Reta,Não,2,0,1,0,1,0,1,2,-26.883745,-49.246704,SPRF-SC,DEL04-SC,UOP01-DEL04-SC,2020
"291451,0",2020-06-22,segunda-feira,17:50:00,SC,282,"3,3",FLORIANOPOLIS,Desobediência às normas de trânsito pelo condutor,Colisão transversal,Com Vítimas Feridas,Plena Noite,Crescente,Céu Claro,Múltipla,Reta,Não,2,0,1,0,1,0,1,2,-27.600384,-48.599705,SPRF-SC,DEL01-SC,UOP01-DEL01-SC,2020
"291456,0",2020-06-22,segunda-feira,17:55:00,SC,101,"114,3",ITAJAI,Falta de Atenção à Condução,Colisão traseira,Com Vítimas Feridas,Plena Noite,Decrescente,Céu Claro,Dupla,Reta,Não,2,0,1,0,1,0,1,2,-26.86192886,-48.7286704,SPRF-SC,DEL04-SC,UOP04-DEL04-SC,2020
"291462,0",2020-04-30,quinta-feira,13:50:00,SC,470,"51,9",BLUMENAU,Falta de Atenção à Condução,Colisão transversal,Com Vítimas Feridas,Pleno dia,Crescente,Sol,Múltipla,Reta,Sim,1,0,1,0,0,0,1,1,-26.862339,-49.084038,SPRF-SC,DEL04-SC,UOP01-DEL04-SC,2020
"291467,0",2020-06-22,segunda-feira,14:10:00,SC,282,"487,8",FAXINAL DOS GUEDES,Falta de Atenção à Condução,Colisão transversal,Com Vítimas Feridas,Pleno dia,Crescente,Sol,Simples,Reta,Sim,2,0,1,0,1,0,1,2,-26.85758,-52.263203,SPRF-SC,DEL07-SC,UOP01-DEL07-SC,2020
"291478,0",2020-06-22,segunda-feira,19:49:00,SC,158,"136,0",PALMITOS,Desobediência às normas de trânsito pelo condutor,Colisão transversal,Com Vítimas Feridas,Plena Noite,Crescente,Céu Claro,Simples,Reta,Não,4,0,0,1,3,0,1,2,-27.080418,-53.224345,SPRF-SC,DEL07-SC,UOP02-DEL07-SC,2020
"291521,0",2020-06-23,terça-feira,07:55:00,SC,101,"200,0",SAO JOSE,Falta de Atenção à Condução,Colisão lateral,Com Vítimas Feridas,Pleno dia,Crescente,Céu Claro,Múltipla,Reta,Sim,2,0,1,0,1,0,1,2,-27.54018513,-48.62287714,SPRF-SC,DEL01-SC,UOP01-DEL01-SC,2020
"291529,0",2020-06-23,terça-feira,07:50:00,SC,101,"312,0",LAGUNA,Desobediência às normas de trânsito pelo condutor,Colisão transversal,Com Vítimas Feridas,Pleno dia,Decrescente,Céu Claro,Simples,Interseção de Vias,Sim,2,0,1,0,1,0,1,2,-28.43986476,-48.82624626,SPRF-SC,DEL02-SC,UOP01-DEL02-SC,2020
"291545,0",2020-06-23,terça-feira,08:50:00,SC,101,"204,8",SAO JOSE,Falta de Atenção à Condução,Colisão lateral,Com Vítimas Feridas,Pleno dia,Crescente,Céu Claro,Múltipla,Reta,Sim,2,0,1,0,1,0,1,2,-27.57413014,-48.61363083,SPRF-SC,DEL01-SC,UOP01-DEL01-SC,2020
"291552,0",2020-06-23,terça-feira,09:45:00,SC,101,"205,5",SAO JOSE,Falta de Atenção à Condução,Colisão frontal,Com Vítimas Feridas,Pleno dia,Crescente,Sol,Simples,Curva,Sim,2,0,1,0,1,0,1,2,-27.58654019,-48.61711979,SPRF-SC,DEL01-SC,UOP01-DEL01-SC,2020
"291554,0",2020-05-08,sexta-feira,16:45:00,SC,282,"575,0",PINHALZINHO,Falta de Atenção à Condução,Engavetamento,Com Vítimas Feridas,Pleno dia,Crescente,Céu Claro,Simples,Reta,Não,6,0,1,0,5,0,1,4,-26.863194,-52.974529,SPRF-SC,DEL07-SC,UOP02-DEL07-SC,2020
"291572,0",2020-06-23,terça-feira,14:15:00,SC,101,"153,2",PORTO BELO,Defeito Mecânico no Veículo,Tombamento,Com Vítimas Feridas,Pleno dia,Crescente,Céu Claro,Dupla,Reta,Não,2,0,2,0,0,0,2,1,-27.144717,-48.61063935,SPRF-SC,DEL04-SC,UOP03-DEL04-SC,2020
"291577,0",2020-06-23,terça-feira,14:50:00,SC,101,"333,0",TUBARAO,Desobediência às normas de trânsito pelo condutor,Colisão frontal,Com Vítimas Feridas,Pleno dia,Crescente,Céu Claro,Dupla,Reta,Sim,2,0,0,1,1,0,1,2,-28.46630107,-48.99653096,SPRF-SC,DEL02-SC,UOP01-DEL02-SC,2020
"291589,0",2020-06-23,terça-feira,17:10:00,SC,101,"45,0",JOINVILLE,Falta de Atenção à Condução,Colisão transversal,Com Vítimas Feridas,Pleno dia,Crescente,Céu Claro,Simples,Reta,Sim,2,0,1,0,1,0,1,2,-26.32214492,-48.8689509,SPRF-SC,DEL03-SC,UOP01-DEL03-SC,2020
"291592,0",2020-06-23,terça-feira,17:20:00,SC,470,"70,0",INDAIAL,Falta de Atenção à Condução,Colisão traseira,Com Vítimas Feridas,Pleno dia,Decrescente,Céu Claro,Simples,Em Obras,Sim,2,0,0,1,1,0,1,2,-26.889374,-49.254478,SPRF-SC,DEL04-SC,UOP01-DEL04-SC,2020
"291600,0",2020-06-23,terça-feira,18:00:00,SC,280,"55,0",GUARAMIRIM,Falta de Atenção à Condução,Colisão transversal,Com Vítimas Feridas,Plena Noite,Crescente,Nublado,Simples,Reta,Sim,3,0,1,0,2,0,1,2,-26.47584353,-48.9937858,SPRF-SC,DEL03-SC,UOP03-DEL03-SC,2020
"291608,0",2020-06-23,terça-feira,10:00:00,SC,101,"364,0",SANGAO,Defeito Mecânico no Veículo,Incêndio,Sem Vítimas,Pleno dia,Crescente,Céu Claro,Dupla,Reta,Não,1,0,0,0,0,1,0,1,-28.67821759,-49.13926425,SPRF-SC,DEL02-SC,UOP01-DEL02-SC,2020
"291633,0",2020-06-23,terça-feira,18:00:00,SC,480,"124,0",CHAPECO,Falta de Atenção à Condução,Colisão frontal,Com Vítimas Feridas,Plena Noite,Crescente,Céu Claro,Simples,Reta,Não,2,0,0,1,1,0,1,2,-27.00359519,-52.64391044,SPRF-SC,DEL07-SC,UOP01-DEL07-SC,2020
"291663,0",2020-06-23,terça-feira,22:30:00,SC,470,"66,0",INDAIAL,Falta de Atenção à Condução,Tombamento,Com Vítimas Feridas,Plena Noite,Decrescente,Nublado,Simples,Reta,Sim,1,0,1,0,0,0,1,1,-26.870407,-49.221844,SPRF-SC,DEL04-SC,UOP01-DEL04-SC,2020
"291665,0",2020-06-24,quarta-feira,07:00:00,SC,470,"57,5",BLUMENAU,Desobediência às normas de trânsito pelo condutor,Colisão transversal,Com Vítimas Feridas,Pleno dia,Decrescente,Nublado,Simples,Rotatória,Sim,3,0,2,0,1,0,2,2,-26.880428,-49.136532,SPRF-SC,DEL04-SC,UOP01-DEL04-SC,2020
"291666,0",2020-06-24,quarta-feira,07:00:00,SC,282,"1,5",FLORIANOPOLIS,Falta de Atenção à Condução,Colisão traseira,Com Vítimas Feridas,Pleno dia,Decrescente,Sol,Múltipla,Curva,Sim,4,0,1,0,3,0,1,3,-27.60375031,-48.58426809,SPRF-SC,DEL01-SC,UOP01-DEL01-SC,2020
"291668,0",2020-06-24,quarta-feira,05:55:00,SC,280,"220,1",TRES BARRAS,Condutor Dormindo,Saída de leito carroçável,Com Vítimas Feridas,Amanhecer,Crescente,Céu Claro,Simples,Rotatória,Não,1,0,1,0,0,0,1,1,-26.17118856,-50.26466388,SPRF-SC,DEL06-SC,UOP04-DEL06-SC,2020
"291672,0",2020-06-24,quarta-feira,07:50:00,SC,101,"207,8",SAO JOSE,Falta de Atenção à Condução,Colisão lateral,Com Vítimas Feridas,Pleno dia,Decrescente,Céu Claro,Dupla,Reta,Sim,2,0,1,0,1,0,1,2,-27.60001226,-48.6226467,SPRF-SC,DEL01-SC,UOP01-DEL01-SC,2020
"291677,0",2020-06-24,quarta-feira,07:40:00,SC,101,"115,0",ITAJAI,Não guardar distância de segurança,Tombamento,Com Vítimas Feridas,Pleno dia,Crescente,Sol,Múltipla,Reta,Sim,1,0,1,0,0,0,1,1,-26.87064015,-48.72954134,SPRF-SC,DEL04-SC,UOP04-DEL04-SC,2020
"291686,0",2020-06-24,quarta-feira,08:00:00,SC,101,"198,7",BIGUACU,Falta de Atenção à Condução,Colisão traseira,Com Vítimas Feridas,Pleno dia,Crescente,Sol,Múltipla,Reta,Sim,2,0,1,0,1,0,1,2,-27.53246763,-48.63158762,SPRF-SC,DEL01-SC,UOP01-DEL01-SC,2020
"291711,0",2020-06-24,quarta-feira,08:50:00,SC,101,"213,2",PALHOCA,Falta de Atenção à Condução,Colisão traseira,Com Vítimas Feridas,Pleno dia,Decrescente,Céu Claro,Simples,Reta,Não,3,0,1,1,1,0,2,2,-27.638927,-48.666203,SPRF-SC,DEL01-SC,UOP02-DEL01-SC,2020
"291727,0",2020-06-24,quarta-feira,16:20:00,SC,282,"4,0",FLORIANOPOLIS,Falta de Atenção à Condução,Colisão lateral,Com Vítimas Feridas,Pleno dia,Decrescente,Céu Claro,Dupla,Reta,Sim,2,0,1,0,0,1,1,2,-27.592646,-48.604034,SPRF-SC,DEL01-SC,UOP01-DEL01-SC,2020
"291732,0",2020-06-24,quarta-feira,16:35:00,SC,282,"1,5",FLORIANOPOLIS,Desobediência às normas de trânsito pelo condutor,Colisão lateral,Com Vítimas Feridas,Pleno dia,Crescente,Céu Claro,Simples,Reta,Sim,2,0,1,0,1,0,1,2,-27.602955,-48.580509,SPRF-SC,DEL01-SC,UOP01-DEL01-SC,2020
"291733,0",2020-06-24,quarta-feira,15:45:00,SC,280,"131,9",RIO NEGRINHO,Velocidade Incompatível,Colisão lateral,Com Vítimas Feridas,Pleno dia,Decrescente,Sol,Simples,Aclive;Reta,Sim,2,0,0,1,1,0,1,2,-26.26946171,-49.55906868,SPRF-SC,DEL06-SC,UOP03-DEL06-SC,2020
"291741,0",2020-06-24,quarta-feira,17:10:00,SC,101,"228,5",PALHOCA,Desobediência às normas de trânsito pelo condutor,Atropelamento de Pedestre,Com Vítimas Fatais,Pleno dia,Decrescente,Céu Claro,Múltipla,Declive,Sim,2,1,1,0,0,0,1,2,-27.7635756,-48.63042539,SPRF-SC,DEL01-SC,UOP02-DEL01-SC,2020
"291743,0",2020-06-24,quarta-feira,16:45:00,SC,101,"205,5",SAO JOSE,Não guardar distância de segurança,Colisão traseira,Com Vítimas Feridas,Pleno dia,Crescente,Céu Claro,Dupla,Reta,Não,7,0,2,0,5,0,2,4,-27.58313237,-48.61532885,SPRF-SC,DEL01-SC,UOP01-DEL01-SC,2020
"291783,0",2020-06-24,quarta-feira,20:55:00,SC,101,"155,0",PORTO BELO,Falta de Atenção à Condução,Colisão lateral,Sem Vítimas,Plena Noite,Crescente,Chuva,Simples,Curva,Não,2,0,0,0,2,0,0,2,-27.16292,-48.61129,SPRF-SC,DEL04-SC,UOP03-DEL04-SC,2020
"291806,0",2020-06-21,domingo,04:00:00,SC,101,"355,0",SANGAO,Ingestão de Álcool,Saída de leito carroçável,Sem Vítimas,Pleno dia,Crescente,Céu Claro,Dupla,Reta,Não,1,0,0,0,1,0,0,1,-28.62380715,-49.07828489,SPRF-SC,DEL02-SC,UOP01-DEL02-SC,2020
"291809,0",2020-06-25,quinta-feira,04:50:00,SC,470,"61,0",BLUMENAU,Animais na Pista,Atropelamento de Animal,Com Vítimas Feridas,Plena Noite,Decrescente,Céu Claro,Simples,Reta,Sim,1,0,1,0,0,0,1,1,-26.878952,-49.17421,SPRF-SC,DEL04-SC,UOP01-DEL04-SC,2020
"291823,0",2020-06-25,quinta-feira,06:30:00,SC,101,"206,9",SAO JOSE,Falta de Atenção à Condução,Colisão lateral,Com Vítimas Feridas,Amanhecer,Decrescente,Céu Claro,Múltipla,Curva,Sim,2,0,1,0,0,1,1,2,-27.59193546,-48.61824557,SPRF-SC,DEL01-SC,UOP01-DEL01-SC,2020
"291826,0",2020-06-24,quarta-feira,19:20:00,SC,282,"220,0",LAGES,Velocidade Incompatível,Colisão com objeto estático,Sem Vítimas,Plena Noite,Crescente,Garoa/Chuvisco,Simples,Curva,Sim,1,0,0,0,1,0,0,1,-27.794014,-50.33363,SPRF-SC,DEL05-SC,UOP01-DEL05-SC,2020
"291832,0",2020-06-25,quinta-feira,07:55:00,SC,470,"117,3",IBIRAMA,Falta de Atenção à Condução,Tombamento,Com Vítimas Feridas,Pleno dia,Crescente,Sol,Dupla,Interseção de Vias,Não,2,0,1,0,1,0,1,2,-27.081692,-49.502277,SPRF-SC,DEL04-SC,UOP02-DEL04-SC,2020
"291861,0",2020-06-25,quinta-feira,11:05:00,SC,101,"229,6",PALHOCA,Defeito Mecânico no Veículo,Tombamento,Com Vítimas Feridas,Pleno dia,Crescente,Nublado,Múltipla,Reta,Não,2,0,1,1,0,0,2,1,-27.7688932,-48.63205379,SPRF-SC,DEL01-SC,UOP02-DEL01-SC,2020
"291867,0",2020-06-25,quinta-feira,10:30:00,SC,282,"300,2",VARGEM,Velocidade Incompatível,Saída de leito carroçável,Com Vítimas Feridas,Pleno dia,Decrescente,Chuva,Simples,Reta,Não,2,0,1,0,1,0,1,1,-27.515957,-50.917877,SPRF-SC,DEL07-SC,UOP06-DEL07-SC,2020
"291870,0",2020-06-25,quinta-feira,11:20:00,SC,101,"16,4",JOINVILLE,Defeito Mecânico no Veículo,Saída de leito carroçável,Com Vítimas Feridas,Pleno dia,Crescente,Nublado,Dupla,Reta,Não,2,0,2,0,0,0,2,1,-26.11427473,-48.87647034,SPRF-SC,DEL03-SC,UOP01-DEL03-SC,2020
"291877,0",2020-05-04,segunda-feira,19:03:00,SC,101,"151,0",ITAPEMA,Falta de Atenção à Condução,Atropelamento de Pedestre,Com Vítimas Feridas,Plena Noite,Decrescente,Ignorado,Simples,Interseção de Vias,Sim,2,0,1,0,1,0,1,2,-27.126536,-48.609642,SPRF-SC,DEL04-SC,UOP03-DEL04-SC,2020
"291882,0",2020-06-25,quinta-feira,13:20:00,SC,280,"129,0",RIO NEGRINHO,Defeito Mecânico no Veículo,Colisão transversal,Com Vítimas Feridas,Pleno dia,Crescente,Nublado,Simples,Declive;Curva;Interseção de Vias,Sim,5,0,3,1,1,0,4,2,-26.24586437,-49.52284615,SPRF-SC,DEL06-SC,UOP03-DEL06-SC,2020
"291889,0",2020-06-25,quinta-feira,13:05:00,SC,101,"365,0",SANGAO,Ingestão de Substâncias Psicoativas,Colisão traseira,Com Vítimas Feridas,Pleno dia,Crescente,Garoa/Chuvisco,Dupla,Reta,Não,2,0,1,0,1,0,1,2,-28.68290284,-49.14759308,SPRF-SC,DEL02-SC,UOP01-DEL02-SC,2020
"291913,0",2020-06-25,quinta-feira,17:50:00,SC,282,"18,0",PALHOCA,Falta de Atenção à Condução,Colisão traseira,Com Vítimas Feridas,Plena Noite,Decrescente,Nublado,Simples,Reta,Sim,7,0,3,0,4,0,3,4,-27.672798,-48.694286,SPRF-SC,DEL01-SC,UOP02-DEL01-SC,2020
"291922,0",2020-06-25,quinta-feira,18:35:00,SC,101,"413,7",ARARANGUA,Falta de Atenção à Condução,Colisão traseira,Com Vítimas Feridas,Plena Noite,Crescente,Chuva,Dupla,Reta,Não,2,0,1,0,1,0,1,2,-28.95528229,-49.52945709,SPRF-SC,DEL02-SC,UOP02-DEL02-SC,2020
"291949,0",2020-06-25,quinta-feira,21:00:00,SC,280,"50,0",GUARAMIRIM,Sinalização da via insuficiente ou inadequada,Colisão com objeto estático,Com Vítimas Feridas,Plena Noite,Crescente,Chuva,Simples,Em Obras,Sim,1,0,1,0,0,0,1,1,-26.4619489,-48.94618404,SPRF-SC,DEL03-SC,UOP03-DEL03-SC,2020
"291973,0",2020-06-05,sexta-feira,07:50:00,SC,101,"141,7",BALNEARIO CAMBORIU,Falta de Atenção à Condução,Colisão frontal,Com Vítimas Fatais,Pleno dia,Decrescente,Chuva,Dupla,Reta,Não,4,1,1,0,1,1,1,3,-27.052939,-48.59802,SPRF-SC,DEL04-SC,UOP03-DEL04-SC,2020
"291998,0",2020-06-26,sexta-feira,07:30:00,SC,282,"28,0",SANTO AMARO DA IMPERATRIZ,Falta de Atenção à Condução,Colisão transversal,Com Vítimas Feridas,Amanhecer,Decrescente,Nublado,Simples,Interseção de Vias,Sim,2,0,1,0,1,0,1,2,-27.67478,-48.778904,SPRF-SC,DEL01-SC,UOP03-DEL01-SC,2020
"292004,0",2020-06-26,sexta-feira,07:50:00,SC,101,"213,5",PALHOCA,Falta de Atenção à Condução,Colisão traseira,Com Vítimas Feridas,Pleno dia,Decrescente,Céu Claro,Múltipla,Reta,Sim,2,0,1,0,1,0,1,2,-27.63697369,-48.66514142,SPRF-SC,DEL01-SC,UOP02-DEL01-SC,2020
"292008,0",2020-06-26,sexta-feira,06:55:00,SC,101,"220,0",PALHOCA,Animais na Pista,Atropelamento de Animal,Com Vítimas Feridas,Pleno dia,Decrescente,Céu Claro,Dupla,Reta,Não,2,0,2,0,0,0,2,1,-27.69198941,-48.66368358,SPRF-SC,DEL01-SC,UOP02-DEL01-SC,2020
"292019,0",2020-06-26,sexta-feira,09:40:00,SC,101,"120,0",ITAJAI,Defeito Mecânico no Veículo,Queda de ocupante de veículo,Com Vítimas Feridas,Pleno dia,Crescente,Nublado,Dupla,Reta,Não,2,0,2,0,0,0,2,1,-26.912758,-48.711998,SPRF-SC,DEL04-SC,UOP04-DEL04-SC,2020
"292040,0",2020-06-26,sexta-feira,11:45:00,SC,101,"412,5",ARARANGUA,Desobediência às normas de trânsito pelo condutor,Colisão transversal,Com Vítimas Feridas,Pleno dia,Crescente,Céu Claro,Simples,Rotatória,Sim,2,0,1,0,1,0,1,2,-28.939333,-49.497513,SPRF-SC,DEL02-SC,UOP02-DEL02-SC,2020