id,data_inversa,dia_semana,horario,uf,br,km,municipio,causa_acidente,tipo_acidente,classificacao_acidente,fase_dia,sentido_via,condicao_metereologica,tipo_pista,tracado_via,uso_solo,pessoas,mortos,feridos_leves,feridos_graves,ilesos,ignorados,feridos,veiculos,latitude,longitude,regional,delegacia,uop,ano_arquivo
"293346,0",2020-07-03,sexta-feira,21:35:00,SC,163,"72,4",SAO MIGUEL DO OESTE,Sinalização da via insuficiente ou inadequada,Saída de leito carroçável,Com Vítimas Feridas,Plena Noite,Decrescente,Céu Claro,Simples,Curva,Não,1,0,0,1,0,0,1,1,-26.71908804,-53.5157791,SPRF-SC,DEL07-SC,UOP03-DEL07-SC,2020
"293362,0",2020-07-03,sexta-feira,23:50:00,SC,280,"30,0",ARAQUARI,Ingestão de Álcool,Colisão transversal,Sem Vítimas,Plena Noite,Decrescente,Céu Claro,Simples,Reta,Não,2,0,0,0,2,0,0,2,-26.4141523,-48.76209493,SPRF-SC,DEL03-SC,UOP03-DEL03-SC,2020
"293371,0",2020-07-04,sábado,02:00:00,SC,470,"145,0",RIO DO SUL,Animais na Pista,Atropelamento de Animal,Com Vítimas Feridas,Plena Noite,Decrescente,Nublado,Simples,Reta,Não,1,0,1,0,0,0,1,1,-27.237301,-49.682217,SPRF-SC,DEL04-SC,UOP02-DEL04-SC,2020
"293376,0",2020-07-04,sábado,02:30:00,SC,101,"212,0",PALHOCA,Ingestão de Álcool,Colisão com objeto estático,Sem Vítimas,Plena Noite,Decrescente,Céu Claro,Dupla,Reta,Sim,1,0,0,0,1,0,0,1,-27.62996929,-48.65903871,SPRF-SC,DEL01-SC,UOP02-DEL01-SC,2020
"293377,0",2020-07-03,sexta-feira,11:30:00,SC,282,"37,7",AGUAS MORNAS,Não guardar distância de segurança,Colisão traseira,Com Vítimas Feridas,Pleno dia,Crescente,Céu Claro,Simples,Reta,Não,3,0,1,0,2,0,1,3,-27.707325,-48.842983,SPRF-SC,DEL01-SC,UOP03-DEL01-SC,2020
"293379,0",2020-07-03,sexta-feira,11:55:00,SC,470,"141,0",RIO DO SUL,Falta de Atenção à Condução,Colisão frontal,Sem Vítimas,Plena Noite,Decrescente,Céu Claro,Simples,Reta,Sim,2,0,0,0,1,1,0,2,-27.226065,-49.666161,SPRF-SC,DEL04-SC,UOP02-DEL04-SC,2020
"293392,0",2020-07-04,sábado,05:31:00,SC,470,"115,0",IBIRAMA,Velocidade Incompatível,Capotamento,Com Vítimas Feridas,Amanhecer,Decrescente,Céu Claro,Simples,Viaduto,Não,5,0,2,0,1,2,2,3,-27.07752,-49.49662,SPRF-SC,DEL04-SC,UOP02-DEL04-SC,2020
"293411,0",2020-07-04,sábado,08:40:00,SC,470,"0,5",NAVEGANTES,Desobediência às normas de trânsito pelo condutor,Colisão transversal,Com Vítimas Feridas,Pleno dia,Decrescente,Céu Claro,Dupla,Em Obras,Sim,2,0,1,0,1,0,1,2,-26.88232,-48.66183,SPRF-SC,DEL04-SC,UOP04-DEL04-SC,2020
"293446,0",2020-07-04,sábado,10:30:00,SC,101,"125,5",ITAJAI,Velocidade Incompatível,Capotamento,Com Vítimas Feridas,Pleno dia,Decrescente,Céu Claro,Dupla,Curva,Não,2,0,0,2,0,0,2,1,-26.94802427,-48.68338515,SPRF-SC,DEL04-SC,UOP04-DEL04-SC,2020
"293469,0",2020-07-04,sábado,11:45:00,SC,480,"130,8",CHAPECO,Não guardar distância de segurança,Colisão transversal,Com Vítimas Feridas,Pleno dia,Decrescente,Céu Claro,Simples,Reta,Sim,2,0,1,0,1,0,1,2,-27.05534298,-52.63652069,SPRF-SC,DEL07-SC,UOP01-DEL07-SC,2020
"293493,0",2020-07-04,sábado,15:50:00,SC,280,"55,3",GUARAMIRIM,Desobediência às normas de trânsito pelo condutor,Colisão lateral,Com Vítimas Feridas,Pleno dia,Crescente,Céu Claro,Simples,Reta,Não,2,0,1,0,1,0,1,2,-26.47584353,-48.9937858,SPRF-SC,DEL03-SC,UOP03-DEL03-SC,2020
"293499,0",2020-07-04,sábado,17:00:00,SC,470,"168,2",POUSO REDONDO,Ingestão de Álcool,Capotamento,Com Vítimas Feridas,Anoitecer,Crescente,Céu Claro,Simples,Curva;Declive,Não,1,0,1,0,0,0,1,1,-27.266994,-49.872524,SPRF-SC,DEL04-SC,UOP02-DEL04-SC,2020
"293508,0",2020-07-04,sábado,17:20:00,SC,282,"547,4",CHAPECO,Falta de Atenção à Condução,Colisão transversal,Sem Vítimas,Pleno dia,Crescente,Sol,Simples,Reta,Sim,2,0,0,0,2,0,0,2,-26.973904,-52.745403,SPRF-SC,DEL07-SC,UOP01-DEL07-SC,2020
"293525,0",2020-07-04,sábado,18:45:00,SC,280,"46,1",GUARAMIRIM,Falta de Atenção à Condução,Colisão transversal,Com Vítimas Feridas,Plena Noite,Decrescente,Nublado,Simples,Reta,Não,5,0,5,0,0,0,5,2,-26.45295055,-48.90788103,SPRF-SC,DEL03-SC,UOP03-DEL03-SC,2020
"293567,0",2020-07-04,sábado,21:15:00,SC,158,"106,0",CUNHA PORA,Defeito na Via,Tombamento,Sem Vítimas,Plena Noite,Crescente,Céu Claro,Simples,Reta,Não,1,0,0,0,1,0,0,1,-26.83264909,-53.17846298,SPRF-SC,DEL07-SC,UOP02-DEL07-SC,2020
"293581,0",2020-07-04,sábado,22:35:00,SC,282,"20,3",PALHOCA,Velocidade Incompatível,Saída de leito carroçável,Com Vítimas Feridas,Plena Noite,Decrescente,Céu Claro,Simples,Reta;Aclive,Não,1,0,1,0,0,0,1,1,-27.68736629,-48.71384025,SPRF-SC,DEL01-SC,UOP02-DEL01-SC,2020
"293583,0",2020-07-04,sábado,22:00:00,SC,282,"208,5",LAGES,Ingestão de Álcool,Colisão com objeto estático,Sem Vítimas,Plena Noite,Crescente,Céu Claro,Simples,Reta,Não,1,0,0,0,0,1,0,1,-27.775284,-50.211971,SPRF-SC,DEL05-SC,UOP01-DEL05-SC,2020
"293590,0",2020-07-04,sábado,23:30:00,SC,280,"46,5",GUARAMIRIM,Ingestão de Álcool,Colisão transversal,Sem Vítimas,Plena Noite,Crescente,Céu Claro,Simples,Interseção de Vias,Não,2,0,0,0,2,0,0,2,-26.45304953,-48.91009748,SPRF-SC,DEL03-SC,UOP03-DEL03-SC,2020
"293597,0",2020-07-04,sábado,16:20:00,SC,101,"441,2",SANTA ROSA DO SUL,Falta de Atenção à Condução,Saída de leito carroçável,Com Vítimas Fatais,Pleno dia,Decrescente,Céu Claro,Dupla,Viaduto,Sim,4,1,0,3,0,0,3,1,-29.12676736,-49.67703089,SPRF-SC,DEL02-SC,UOP02-DEL02-SC,2020
"293602,0",2020-07-04,sábado,21:40:00,SC,282,"518,6",XAXIM,Ingestão de Álcool,Colisão frontal,Com Vítimas Feridas,Plena Noite,Decrescente,Céu Claro,Simples,Reta,Não,7,0,2,0,1,4,2,3,-26.944099,-52.508427,SPRF-SC,DEL07-SC,UOP01-DEL07-SC,2020
"293606,0",2020-07-05,domingo,00:25:00,SC,101,"147,9",ITAPEMA,Falta de Atenção à Condução,Capotamento,Com Vítimas Feridas,Plena Noite,Decrescente,Nublado,Dupla,Curva,Sim,1,0,1,0,0,0,1,1,-27.09237407,-48.61730888,SPRF-SC,DEL04-SC,UOP03-DEL04-SC,2020
"293609,0",2020-07-04,sábado,16:00:00,SC,101,"390,4",CRICIUMA,Ingestão de Álcool,Colisão com objeto estático,Sem Vítimas,Pleno dia,Decrescente,Céu Claro,Dupla,Reta,Não,1,0,0,0,1,0,0,1,-28.79513029,-49.35435084,SPRF-SC,DEL02-SC,UOP02-DEL02-SC,2020
"293619,0",2020-07-05,domingo,01:10:00,SC,470,"319,3",CAMPOS NOVOS,Desobediência às normas de trânsito pelo condutor,Colisão transversal,Com Vítimas Fatais,Plena Noite,Crescente,Céu Claro,Simples,Interseção de Vias,Sim,7,1,0,6,0,0,6,2,-27.41179527,-51.23068571,SPRF-SC,DEL07-SC,UOP06-DEL07-SC,2020
"293658,0",2020-07-05,domingo,11:50:00,SC,101,"62,0",ARAQUARI,Ingestão de Álcool,Colisão com objeto estático,Sem Vítimas,Pleno dia,Decrescente,Sol,Dupla,Curva,Sim,1,0,0,0,1,0,0,1,-26.45898367,-48.7584088,SPRF-SC,DEL03-SC,UOP02-DEL03-SC,2020
"293662,0",2020-07-05,domingo,12:05:00,SC,101,"10,5",GARUVA,Velocidade Incompatível,Colisão lateral,Com Vítimas Feridas,Pleno dia,Decrescente,Céu Claro,Dupla,Reta,Não,2,0,0,1,1,0,1,2,-26.06942772,-48.86100769,SPRF-SC,DEL03-SC,UOP01-DEL03-SC,2020
"293680,0",2020-07-05,domingo,15:15:00,SC,470,"50,0",BLUMENAU,Falta de Atenção à Condução,Colisão transversal,Com Vítimas Feridas,Pleno dia,Decrescente,Sol,Simples,Reta,Não,4,0,2,0,2,0,2,2,-26.859768,-49.074493,SPRF-SC,DEL04-SC,UOP01-DEL04-SC,2020
"293711,0",2020-07-05,domingo,18:00:00,SC,101,"196,0",BIGUACU,Ingestão de Álcool,Colisão traseira,Sem Vítimas,Plena Noite,Crescente,Nublado,Simples,Reta,Sim,2,0,0,0,2,0,0,2,-27.51101091,-48.64322292,SPRF-SC,DEL01-SC,UOP01-DEL01-SC,2020
"293718,0",2020-07-05,domingo,17:00:00,SC,101,"303,5",LAGUNA,Falta de Atenção à Condução,Tombamento,Com Vítimas Feridas,Pleno dia,Crescente,Nublado,Dupla,Reta,Não,1,0,1,0,0,0,1,1,-28.36149723,-48.74974275,SPRF-SC,DEL02-SC,UOP03-DEL02-SC,2020
"293732,0",2020-07-05,domingo,17:20:00,SC,282,"351,0",CAMPOS NOVOS,Falta de Atenção à Condução,Tombamento,Com Vítimas Feridas,Anoitecer,Crescente,Chuva,Simples,Rotatória,Não,2,0,2,0,0,0,2,1,-27.361374,-51.301975,SPRF-SC,DEL07-SC,UOP06-DEL07-SC,2020
"293742,0",2020-07-05,domingo,18:00:00,SC,282,"518,3",XAXIM,Desobediência às normas de trânsito pelo condutor,Capotamento,Com Vítimas Feridas,Plena Noite,Crescente,Chuva,Simples,Curva,Não,1,0,1,0,0,0,1,1,-26.944099,-52.508427,SPRF-SC,DEL07-SC,UOP01-DEL07-SC,2020
"293751,0",2020-07-05,domingo,17:20:00,SC,282,"526,0",XAXIM,Pista Escorregadia,Colisão frontal,Com Vítimas Feridas,Anoitecer,Decrescente,Chuva,Simples,Curva,Não,4,0,3,0,1,0,3,2,-26.96865756,-52.57370364,SPRF-SC,DEL07-SC,UOP01-DEL07-SC,2020
"293765,0",2020-07-05,domingo,22:55:00,SC,470,"63,0",BLUMENAU,Ingestão de Álcool,Saída de leito carroçável,Com Vítimas Feridas,Plena Noite,Crescente,Nublado,Simples,Reta,Não,1,0,1,0,0,0,1,1,-26.872396,-49.19228,SPRF-SC,DEL04-SC,UOP01-DEL04-SC,2020
"293772,0",2020-07-05,domingo,22:30:00,SC,282,"567,3",NOVA ERECHIM,Falta de Atenção à Condução,Saída de leito carroçável,Com Vítimas Feridas,Plena Noite,Crescente,Nevoeiro/Neblina,Simples,Reta,Sim,1,0,0,1,0,0,1,1,-26.904472,-52.907639,SPRF-SC,DEL07-SC,UOP02-DEL07-SC,2020
"293794,0",2020-07-06,segunda-feira,04:40:00,SC,282,"168,8",BOCAINA DO SUL,Condutor Dormindo,Saída de leito carroçável,Com Vítimas Feridas,Plena Noite,Crescente,Garoa/Chuvisco,Simples,Reta,Não,2,0,2,0,0,0,2,1,-27.743206,-49.824162,SPRF-SC,DEL05-SC,UOP01-DEL05-SC,2020
"293796,0",2020-07-06,segunda-feira,05:00:00,SC,163,"91,5",GUARACIABA,Objeto estático sobre o leito carroçável,Queda de ocupante de veículo,Com Vítimas Feridas,Amanhecer,Decrescente,Nevoeiro/Neblina,Simples,Reta,Não,1,0,1,0,0,0,1,1,-26.55101083,-53.51692782,SPRF-SC,DEL07-SC,UOP03-DEL07-SC,2020
"293813,0",2020-07-06,segunda-feira,06:45:00,SC,280,"29,0",ARAQUARI,Falta de Atenção à Condução,Colisão transversal,Com Vítimas Feridas,Pleno dia,Crescente,Nublado,Simples,Reta,Sim,2,0,1,0,0,1,1,2,-26.41066264,-48.75295628,SPRF-SC,DEL03-SC,UOP03-DEL03-SC,2020
"293814,0",2020-07-05,domingo,23:20:00,SC,101,"41,0",JOINVILLE,Falta de Atenção à Condução,Tombamento,Com Vítimas Feridas,Plena Noite,Crescente,Nublado,Dupla,Declive;Curva,Sim,1,0,1,0,0,0,1,1,-26.31571976,-48.87374282,SPRF-SC,DEL03-SC,UOP01-DEL03-SC,2020
"293867,0",2020-07-06,segunda-feira,11:10:00,SC,101,"204,0",SAO JOSE,Falta de Atenção à Condução,Tombamento,Com Vítimas Feridas,Pleno dia,Crescente,Nublado,Dupla,Aclive,Não,2,0,1,0,1,0,1,2,-27.57413014,-48.61363083,SPRF-SC,DEL01-SC,UOP01-DEL01-SC,2020
"293872,0",2020-07-06,segunda-feira,10:50:00,SC,470,"2,0",NAVEGANTES,Desobediência às normas de trânsito pelo condutor,Colisão lateral,Com Vítimas Feridas,Pleno dia,Decrescente,Garoa/Chuvisco,Dupla,Reta,Não,2,0,1,0,1,0,1,2,-26.868551,-48.674831,SPRF-SC,DEL04-SC,UOP04-DEL04-SC,2020
"293903,0",2020-07-06,segunda-feira,10:40:00,SC,480,"131,0",CHAPECO,Mal Súbito,Saída de leito carroçável,Com Vítimas Feridas,Pleno dia,Decrescente,Nublado,Simples,Reta,Sim,1,0,0,1,0,0,1,1,-27.06316029,-52.63189584,SPRF-SC,DEL07-SC,UOP01-DEL07-SC,2020
"293927,0",2020-07-06,segunda-feira,16:15:00,SC,101,"105,0",PENHA,Pista Escorregadia,Capotamento,Com Vítimas Feridas,Anoitecer,Decrescente,Chuva,Múltipla,Curva,Não,2,0,1,0,1,0,1,1,-26.80215497,-48.67891041,SPRF-SC,DEL03-SC,UOP02-DEL03-SC,2020
"293934,0",2020-07-06,segunda-feira,17:45:00,SC,282,"5,5",SAO JOSE,Falta de Atenção à Condução,Colisão lateral,Com Vítimas Feridas,Plena Noite,Crescente,Chuva,Dupla,Curva,Sim,3,0,1,0,2,0,1,2,-27.588425,-48.612919,SPRF-SC,DEL01-SC,UOP01-DEL01-SC,2020
"293987,0",2020-07-06,segunda-feira,21:40:00,SC,470,"238,7",CURITIBANOS,Falta de Atenção à Condução,Colisão frontal,Com Vítimas Feridas,Plena Noite,Crescente,Garoa/Chuvisco,Simples,Curva,Não,3,0,2,0,1,0,2,2,-27.304041,-50.464909,SPRF-SC,DEL05-SC,UOP03-DEL05-SC,2020
"293995,0",2020-07-07,terça-feira,02:00:00,SC,101,"201,0",SAO JOSE,Ingestão de Álcool,Saída de leito carroçável,Com Vítimas Feridas,Plena Noite,Crescente,Chuva,Dupla,Reta,Sim,2,0,2,0,0,0,2,1,-27.54836599,-48.61977975,SPRF-SC,DEL01-SC,UOP01-DEL01-SC,2020
"294044,0",2020-07-07,terça-feira,11:30:00,SC,470,"90,9",ASCURRA,Falta de Atenção à Condução,Colisão transversal,Com Vítimas Feridas,Pleno dia,Crescente,Nublado,Simples,Reta,Não,2,0,1,0,1,0,1,2,-26.969337,-49.367718,SPRF-SC,DEL04-SC,UOP01-DEL04-SC,2020
"294054,0",2020-07-07,terça-feira,11:30:00,SC,282,"92,0",ALFREDO WAGNER,Falta de Atenção à Condução,Colisão com objeto estático,Com Vítimas Feridas,Pleno dia,Crescente,Garoa/Chuvisco,Simples,Curva,Não,2,0,1,0,1,0,1,1,-27.697363,-49.23542,SPRF-SC,DEL01-SC,UOP03-DEL01-SC,2020
"294058,0",2020-07-07,terça-feira,13:00:00,SC,101,"197,0",BIGUACU,Falta de Atenção à Condução,Colisão transversal,Com Vítimas Feridas,Pleno dia,Crescente,Chuva,Dupla,Reta,Sim,2,0,1,0,1,0,1,2,-27.51844497,-48.63848496,SPRF-SC,DEL01-SC,UOP01-DEL01-SC,2020
"294063,0",2020-07-07,terça-feira,13:15:00,SC,101,"46,7",JOINVILLE,Desobediência às normas de trânsito pelo condutor,Colisão traseira,Sem Vítimas,Pleno dia,Crescente,Nublado,Dupla,Reta,Sim,2,0,0,0,2,0,0,2,-26.33150083,-48.86187762,SPRF-SC,DEL03-SC,UOP01-DEL03-SC,2020
"294068,0",2020-07-07,terça-feira,14:45:00,SC,101,"181,0",BIGUACU,Falta de Atenção à Condução,Colisão traseira,Com Vítimas Feridas,Pleno dia,Crescente,Nublado,Simples,Reta,Não,2,0,0,1,1,0,1,2,-27.38958699,-48.63197593,SPRF-SC,DEL01-SC,UOP01-DEL01-SC,2020
"294077,0",2020-07-07,terça-feira,14:40:00,SC,101,"406,7",ARARANGUA,Velocidade Incompatível,Saída de leito carroçável,Com Vítimas Feridas,Pleno dia,Decrescente,Chuva,Dupla,Reta,Não,2,0,2,0,0,0,2,1,-28.89284011,-49.46880088,SPRF-SC,DEL02-SC,UOP02-DEL02-SC,2020
"294101,0",2020-07-07,terça-feira,18:25:00,SC,101,"75,8",ARAQUARI,Falta de Atenção do Pedestre,Atropelamento de Pedestre,Com Vítimas Feridas,Plena Noite,Crescente,Ignorado,Dupla,Reta,Não,2,0,0,1,1,0,1,2,-26.5519717,-48.71688324,SPRF-SC,DEL03-SC,UOP02-DEL03-SC,2020
"294104,0",2020-07-07,terça-feira,14:45:00,SC,282,"563,9",NOVA ERECHIM,Ingestão de Álcool,Colisão traseira,Com Vítimas Feridas,Pleno dia,Decrescente,Nublado,Simples,Reta,Não,4,0,1,0,3,0,1,2,-26.902191,-52.868835,SPRF-SC,DEL07-SC,UOP02-DEL07-SC,2020
"294121,0",2020-07-07,terça-feira,20:00:00,SC,163,"87,1",GUARACIABA,Objeto estático sobre o leito carroçável,Tombamento,Com Vítimas Feridas,Plena Noite,Decrescente,Chuva,Simples,Reta;Em Obras;Declive,Não,1,0,1,0,0,0,1,1,-26.57408893,-53.51207236,SPRF-SC,DEL07-SC,UOP03-DEL07-SC,2020
"294127,0",2020-07-07,terça-feira,21:50:00,SC,282,"17,5",PALHOCA,Mal Súbito,Saída de leito carroçável,Com Vítimas Feridas,Plena Noite,Crescente,Nublado,Simples,Reta,Sim,3,0,2,0,1,0,2,1,-27.665707,-48.688065,SPRF-SC,DEL01-SC,UOP02-DEL01-SC,2020
"294195,0",2020-07-08,quarta-feira,09:15:00,SC,101,"402,5",MARACAJA,Falta de Atenção à Condução,Colisão com objeto estático,Com Vítimas Feridas,Pleno dia,Crescente,Nublado,Dupla,Reta,Não,4,0,3,0,1,0,3,1,-28.86330994,-49.44595308,SPRF-SC,DEL02-SC,UOP02-DEL02-SC,2020
"294220,0",2020-07-08,quarta-feira,11:59:00,SC,470,"67,0",INDAIAL,Desobediência às normas de trânsito pelo condutor,Colisão transversal,Com Vítimas Feridas,Pleno dia,Decrescente,Céu Claro,Simples,Interseção de Vias,Não,2,0,1,0,1,0,1,2,-26.872158,-49.23127,SPRF-SC,DEL04-SC,UOP01-DEL04-SC,2020
"294238,0",2020-07-05,domingo,01:25:00,SC,101,"211,2",PALHOCA,Ingestão de álcool e/ou substâncias psicoativas pelo pedestre,Colisão traseira,Sem Vítimas,Plena Noite,Crescente,Céu Claro,Múltipla,Reta,Não,2,0,0,0,2,0,0,2,-27.62329313,-48.65245588,SPRF-SC,DEL01-SC,UOP02-DEL01-SC,2020
"294249,0",2020-07-08,quarta-feira,17:10:00,SC,470,"64,0",INDAIAL,Desobediência às normas de trânsito pelo condutor,Colisão transversal,Com Vítimas Feridas,Pleno dia,Decrescente,Nublado,Simples,Reta,Não,2,0,0,1,1,0,1,2,-26.86966434,-49.20409441,SPRF-SC,DEL04-SC,UOP01-DEL04-SC,2020
"294255,0",2020-07-08,quarta-feira,08:00:00,SC,153,"9,3",AGUA DOCE,Falta de Atenção à Condução,Capotamento,Com Vítimas Feridas,Pleno dia,Decrescente,Garoa/Chuvisco,Simples,Reta,Não,1,0,1,0,0,0,1,1,-26.66326,-51.544334,SPRF-SC,DEL07-SC,UOP05-DEL07-SC,2020
"294301,0",2020-07-08,quarta-feira,19:20:00,SC,101,"134,2",BALNEARIO CAMBORIU,Ingestão de Álcool,Colisão traseira,Com Vítimas Feridas,Plena Noite,Crescente,Céu Claro,Dupla,Reta,Sim,2,0,2,0,0,0,2,2,-27.00218,-48.636433,SPRF-SC,DEL04-SC,UOP03-DEL04-SC,2020
"294307,0",2020-07-08,quarta-feira,18:20:00,SC,282,"409,1",CATANDUVAS,Desobediência às normas de trânsito pelo condutor,Colisão frontal,Com Vítimas Fatais,Anoitecer,Crescente,Nublado,Simples,Reta,Sim,2,2,0,0,0,0,0,2,-27.065756,-51.664165,SPRF-SC,DEL07-SC,UOP05-DEL07-SC,2020
"294311,0",2020-07-08,quarta-feira,21:40:00,SC,101,"327,0",CAPIVARI DE BAIXO,Defeito na Via,Tombamento,Com Vítimas Feridas,Plena Noite,Decrescente,Nublado,Múltipla,Reta,Não,1,0,1,0,0,0,1,1,-28.43023306,-48.95205197,SPRF-SC,DEL02-SC,UOP01-DEL02-SC,2020
"294319,0",2020-07-08,quarta-feira,18:00:00,SC,101,"132,5",BALNEARIO CAMBORIU,Falta de Atenção à Condução,Colisão lateral,Com Vítimas Feridas,Anoitecer,Crescente,Nublado,Dupla,Interseção de Vias,Sim,2,0,1,0,0,1,1,2,-26.99654133,-48.65564711,SPRF-SC,DEL04-SC,UOP03-DEL04-SC,2020
"294345,0",2020-07-09,quinta-feira,04:30:00,SC,282,"179,0",BOCAINA DO SUL,Velocidade Incompatível,Capotamento,Com Vítimas Feridas,Plena Noite,Crescente,Garoa/Chuvisco,Simples,Declive,Não,3,0,3,0,0,0,3,1,-27.740141,-49.930519,SPRF-SC,DEL05-SC,UOP01-DEL05-SC,2020
"294347,0",2020-07-09,quinta-feira,05:50:00,SC,470,"134,4",RIO DO SUL,Falta de Atenção do Pedestre,Atropelamento de Pedestre,Com Vítimas Fatais,Plena Noite,Decrescente,Céu Claro,Simples,Reta,Não,3,1,0,0,1,1,0,2,-27.181854,-49.600128,SPRF-SC,DEL04-SC,UOP02-DEL04-SC,2020
"294348,0",2020-07-09,quinta-feira,06:34:00,SC,470,"135,3",RIO DO SUL,Não guardar distância de segurança,Colisão traseira,Sem Vítimas,Amanhecer,Decrescente,Céu Claro,Simples,Reta,Não,3,0,0,0,3,0,0,2,-27.188492,-49.61232,SPRF-SC,DEL04-SC,UOP02-DEL04-SC,2020
"294410,0",2020-07-09,quinta-feira,16:30:00,SC,282,"5,2",SAO JOSE,Não guardar distância de segurança,Colisão traseira,Com Vítimas Feridas,Pleno dia,Crescente,Nublado,Dupla,Reta;Aclive,Sim,3,0,1,0,2,0,1,2,-27.588425,-48.612919,SPRF-SC,DEL01-SC,UOP01-DEL01-SC,2020
"294441,0",2020-07-09,quinta-feira,14:45:00,SC,101,"290,7",IMBITUBA,Falta de Atenção à Condução,Saída de leito carroçável,Com Vítimas Feridas,Pleno dia,Crescente,Céu Claro,Dupla,Curva,Sim,2,0,2,0,0,0,2,1,-28.26202477,-48.70403355,SPRF-SC,DEL02-SC,UOP03-DEL02-SC,2020
"294453,0",2020-07-09,quinta-feira,18:45:00,SC,163,"76,0",SAO MIGUEL DO OESTE,Falta de Atenção à Condução,Tombamento,Com Vítimas Feridas,Plena Noite,Crescente,Céu Claro,Simples,Reta,Sim,1,0,1,0,0,0,1,1,-26.68478399,-53.51451486,SPRF-SC,DEL07-SC,UOP03-DEL07-SC,2020
"294484,0",2020-07-09,quinta-feira,22:43:00,SC,116,"135,0",SANTA CECILIA,Objeto estático sobre o leito carroçável,Colisão com objeto estático,Com Vítimas Feridas,Plena Noite,Decrescente,Garoa/Chuvisco,Simples,Curva,Não,3,0,3,0,0,0,3,1,-26.92904296,-50.4345818,SPRF-SC,DEL06-SC,UOP02-DEL06-SC,2020
"294494,0",2020-07-09,quinta-feira,19:15:00,SC,101,"421,5",ARARANGUA,Falta de Atenção à Condução,Colisão transversal,Com Vítimas Feridas,Plena Noite,Decrescente,Nublado,Múltipla,Interseção de Vias,Sim,2,0,1,0,1,0,1,2,-29.00048611,-49.5576719,SPRF-SC,DEL02-SC,UOP02-DEL02-SC,2020
"294503,0",2020-07-10,sexta-feira,07:10:00,SC,101,"41,2",JOINVILLE,Desobediência às normas de trânsito pelo condutor,Colisão transversal,Com Vítimas Feridas,Pleno dia,Crescente,Nublado,Dupla,Rotatória,Sim,2,0,0,1,1,0,1,2,-26.31872021,-48.87226224,SPRF-SC,DEL03-SC,UOP01-DEL03-SC,2020
"294504,0",2020-07-10,sexta-feira,07:05:00,SC,101,"148,5",ITAPEMA,Velocidade Incompatível,Colisão traseira,Com Vítimas Feridas,Pleno dia,Crescente,Céu Claro,Simples,Reta,Sim,2,0,1,0,1,0,1,2,-27.10123686,-48.61807962,SPRF-SC,DEL04-SC,UOP03-DEL04-SC,2020
"294514,0",2020-07-10,sexta-feira,07:50:00,SC,101,"461,1",PASSO DE TORRES,Falta de Atenção à Condução,Capotamento,Com Vítimas Feridas,Pleno dia,Decrescente,Céu Claro,Dupla,Reta,Não,3,0,2,1,0,0,3,1,-29.27577495,-49.75499332,SPRF-RS,DEL03-RS,UOP02-DEL03-RS,2020
"294582,0",2020-07-10,sexta-feira,07:50:00,SC,280,"304,9",PORTO UNIAO,Falta de Atenção à Condução,Colisão transversal,Com Vítimas Feridas,Pleno dia,Decrescente,Nevoeiro/Neblina,Simples,Reta,Não,2,0,1,0,1,0,1,2,-26.27999553,-51.05063229,SPRF-SC,DEL06-SC,UOP04-DEL06-SC,2020
"294600,0",2020-07-10,sexta-feira,16:10:00,SC,101,"215,6",PALHOCA,Não guardar distância de segurança,Colisão traseira,Com Vítimas Feridas,Pleno dia,Crescente,Céu Claro,Dupla,Reta,Sim,2,0,1,0,1,0,1,2,-27.65184843,-48.67604941,SPRF-SC,DEL01-SC,UOP02-DEL01-SC,2020
"294615,0",2020-07-10,sexta-feira,16:40:00,SC,101,"208,6",SAO JOSE,Não guardar distância de segurança,Colisão lateral,Com Vítimas Feridas,Pleno dia,Decrescente,Céu Claro,Dupla,Reta,Sim,3,0,2,0,1,0,2,3,-27.60327979,-48.63201818,SPRF-SC,DEL01-SC,UOP01-DEL01-SC,2020
"294630,0",2020-07-10,sexta-feira,18:00:00,SC,101,"120,0",ITAJAI,Falta de Atenção à Condução,Colisão lateral,Com Vítimas Feridas,Anoitecer,Decrescente,Nublado,Dupla,Reta,Sim,4,0,2,0,2,0,2,4,-26.912758,-48.711998,SPRF-SC,DEL04-SC,UOP04-DEL04-SC,2020
"294637,0",2020-07-10,sexta-feira,18:20:00,SC,101,"219,7",PALHOCA,Falta de Atenção à Condução,Queda de ocupante de veículo,Com Vítimas Feridas,Plena Noite,Crescente,Céu Claro,Simples,Curva,Não,1,0,0,1,0,0,1,1,-27.68392194,-48.66710085,SPRF-SC,DEL01-SC,UOP02-DEL01-SC,2020
"294642,0",2020-07-10,sexta-feira,18:45:00,SC,101,"208,7",SAO JOSE,Não guardar distância de segurança,Colisão lateral,Com Vítimas Feridas,Plena Noite,Decrescente,Céu Claro,Múltipla,Aclive;Reta,Sim,3,0,2,0,1,0,2,2,-27.6068545,-48.63555729,SPRF-SC,DEL01-SC,UOP01-DEL01-SC,2020
"294643,0",2020-07-10,sexta-feira,18:40:00,SC,280,"56,3",GUARAMIRIM,Desobediência às normas de trânsito pelo condutor,Colisão transversal,Com Vítimas Feridas,Plena Noite,Decrescente,Nublado,Simples,Reta,Sim,2,0,1,0,1,0,1,2,-26.47947677,-49.00298702,SPRF-SC,DEL03-SC,UOP03-DEL03-SC,2020
"294650,0",2020-07-10,sexta-feira,18:45:00,SC,101,"158,0",PORTO BELO,Defeito na Via,Tombamento,Com Vítimas Feridas,Plena Noite,Decrescente,Céu Claro,Dupla,Reta,Sim,1,0,1,0,0,0,1,1,-27.19096301,-48.61259017,SPRF-SC,DEL04-SC,UOP03-DEL04-SC,2020