id,data_inversa,dia_semana,horario,uf,br,km,municipio,causa_acidente,tipo_acidente,classificacao_acidente,fase_dia,sentido_via,condicao_metereologica,tipo_pista,tracado_via,uso_solo,pessoas,mortos,feridos_leves,feridos_graves,ilesos,ignorados,feridos,veiculos,latitude,longitude,regional,delegacia,uop,ano_arquivo
"298069,0",2020-07-28,terça-feira,18:40:00,SC,282,"21,0",PALHOCA,Falta de Atenção à Condução,Colisão transversal,Com Vítimas Feridas,Plena Noite,Crescente,Chuva,Simples,Reta,Sim,2,0,0,1,1,0,1,2,-27.68878183,-48.71949434,SPRF-SC,DEL01-SC,UOP02-DEL01-SC,2020
"298072,0",2020-07-28,terça-feira,18:00:00,SC,280,"81,6",CORUPA,Falta de Atenção à Condução,Colisão traseira,Com Vítimas Feridas,Plena Noite,Decrescente,Chuva,Simples,Reta,Não,2,0,0,1,0,1,1,2,-26.44057489,-49.217056,SPRF-SC,DEL06-SC,UOP03-DEL06-SC,2020
"298074,0",2020-07-28,terça-feira,14:30:00,SC,282,"97,0",ALFREDO WAGNER,Velocidade Incompatível,Saída de leito carroçável,Sem Vítimas,Pleno dia,Decrescente,Chuva,Simples,Curva,Não,1,0,0,0,1,0,0,1,-27.707966,-49.272182,SPRF-SC,DEL01-SC,UOP03-DEL01-SC,2020
"298077,0",2020-07-28,terça-feira,19:50:00,SC,101,"117,9",ITAJAI,Falta de Atenção à Condução,Colisão traseira,Com Vítimas Feridas,Plena Noite,Decrescente,Chuva,Dupla,Interseção de Vias,Sim,3,0,1,0,0,2,1,2,-26.88747187,-48.72252969,SPRF-SC,DEL04-SC,UOP04-DEL04-SC,2020
"298118,0",2020-07-29,quarta-feira,05:40:00,SC,101,"138,0",BALNEARIO CAMBORIU,Falta de Atenção à Condução,Saída de leito carroçável,Com Vítimas Feridas,Plena Noite,Crescente,Nublado,Simples,Curva,Não,1,0,1,0,0,0,1,1,-27.02397426,-48.60761649,SPRF-SC,DEL04-SC,UOP03-DEL04-SC,2020
"298122,0",2020-07-29,quarta-feira,06:50:00,SC,470,"69,1",INDAIAL,Desobediência às normas de trânsito pelo condutor,Colisão transversal,Com Vítimas Feridas,Amanhecer,Decrescente,Chuva,Simples,Reta;Aclive,Sim,2,0,1,0,1,0,1,2,-26.88634632,-49.25077222,SPRF-SC,DEL04-SC,UOP01-DEL04-SC,2020
"298174,0",2020-07-29,quarta-feira,11:40:00,SC,101,"331,0",TUBARAO,Desobediência às normas de trânsito pelo condutor,Colisão transversal,Com Vítimas Feridas,Pleno dia,Crescente,Sol,Dupla,Interseção de Vias,Sim,3,0,1,0,2,0,1,2,-28.46568777,-48.99599254,SPRF-SC,DEL02-SC,UOP01-DEL02-SC,2020
"298190,0",2020-07-29,quarta-feira,13:20:00,SC,470,"70,4",INDAIAL,Desobediência às normas de trânsito pelo condutor,Colisão transversal,Com Vítimas Feridas,Pleno dia,Crescente,Nublado,Simples,Reta,Sim,2,0,1,0,1,0,1,2,-26.889374,-49.254478,SPRF-SC,DEL04-SC,UOP01-DEL04-SC,2020
"298191,0",2020-07-29,quarta-feira,13:25:00,SC,101,"135,0",BALNEARIO CAMBORIU,Falta de Atenção à Condução,Atropelamento de Pedestre,Com Vítimas Feridas,Pleno dia,Decrescente,Nublado,Dupla,Reta;Ponte,Sim,2,0,1,0,1,0,1,2,-27.0050108,-48.62677494,SPRF-SC,DEL04-SC,UOP03-DEL04-SC,2020
"298193,0",2020-07-29,quarta-feira,11:55:00,SC,101,"57,4",ARAQUARI,Falta de Atenção à Condução,Colisão lateral,Com Vítimas Feridas,Pleno dia,Decrescente,Nublado,Dupla,Reta;Viaduto,Não,2,0,1,0,1,0,1,2,-26.43776613,-48.80516946,SPRF-SC,DEL03-SC,UOP01-DEL03-SC,2020
"298195,0",2020-07-29,quarta-feira,07:15:00,SC,282,"27,4",SANTO AMARO DA IMPERATRIZ,Velocidade Incompatível,Saída de leito carroçável,Sem Vítimas,Pleno dia,Crescente,Nublado,Simples,Curva,Sim,1,0,0,0,0,1,0,1,-27.673981,-48.769676,SPRF-SC,DEL01-SC,UOP03-DEL01-SC,2020
"298208,0",2020-07-29,quarta-feira,13:45:00,SC,280,"143,7",MAFRA,Mal Súbito,Saída de leito carroçável,Com Vítimas Feridas,Pleno dia,Crescente,Nublado,Simples,Curva,Não,1,0,0,1,0,0,1,1,-26.24541406,-49.63661103,SPRF-SC,DEL06-SC,UOP03-DEL06-SC,2020
"298241,0",2020-07-29,quarta-feira,19:15:00,SC,101,"193,0",BIGUACU,Ingestão de Álcool,Colisão com objeto estático,Com Vítimas Feridas,Plena Noite,Decrescente,Céu Claro,Dupla,Reta,Sim,1,0,1,0,0,0,1,1,-27.50081071,-48.65417719,SPRF-SC,DEL01-SC,UOP01-DEL01-SC,2020
"298265,0",2020-07-29,quarta-feira,22:45:00,SC,163,"101,5",SAO JOSE DO CEDRO,Falta de Atenção à Condução,Saída de leito carroçável,Com Vítimas Feridas,Plena Noite,Decrescente,Céu Claro,Simples,Reta,Sim,1,0,1,0,0,0,1,1,-26.47803802,-53.50670007,SPRF-SC,DEL07-SC,UOP03-DEL07-SC,2020
"298280,0",2020-07-30,quinta-feira,03:00:00,SC,101,"126,0",ITAJAI,Velocidade Incompatível,Tombamento,Sem Vítimas,Plena Noite,Crescente,Céu Claro,Simples,Retorno Regulamentado,Sim,1,0,0,0,0,1,0,1,-26.95564404,-48.67978366,SPRF-SC,DEL04-SC,UOP04-DEL04-SC,2020
"298286,0",2020-07-30,quinta-feira,06:00:00,SC,101,"65,8",ARAQUARI,Velocidade Incompatível,Saída de leito carroçável,Com Vítimas Feridas,Amanhecer,Crescente,Nublado,Simples,Curva,Não,1,0,1,0,0,0,1,1,-26.47135714,-48.74457217,SPRF-SC,DEL03-SC,UOP02-DEL03-SC,2020
"298288,0",2020-07-30,quinta-feira,06:50:00,SC,282,"488,1",FAXINAL DOS GUEDES,Falta de Atenção à Condução,Colisão transversal,Com Vítimas Feridas,Amanhecer,Crescente,Nevoeiro/Neblina,Simples,Retorno Regulamentado,Sim,2,0,0,1,1,0,1,2,-26.863047,-52.270107,SPRF-SC,DEL07-SC,UOP01-DEL07-SC,2020
"298293,0",2020-07-30,quinta-feira,07:30:00,SC,101,"213,0",PALHOCA,Falta de Atenção à Condução,Colisão lateral,Com Vítimas Feridas,Pleno dia,Decrescente,Céu Claro,Múltipla,Reta,Sim,2,0,1,0,1,0,1,2,-27.63697369,-48.66514142,SPRF-SC,DEL01-SC,UOP02-DEL01-SC,2020
"298337,0",2020-07-30,quinta-feira,12:15:00,SC,101,"333,0",TUBARAO,Falta de Atenção à Condução,Colisão lateral,Com Vítimas Feridas,Pleno dia,Crescente,Céu Claro,Simples,Reta,Sim,2,0,1,0,1,0,1,2,-28.46630107,-48.99653096,SPRF-SC,DEL02-SC,UOP01-DEL02-SC,2020
"298353,0",2020-07-30,quinta-feira,14:40:00,SC,470,"67,0",INDAIAL,Desobediência às normas de trânsito pelo condutor,Colisão transversal,Com Vítimas Feridas,Pleno dia,Decrescente,Céu Claro,Simples,Reta,Sim,2,0,1,0,1,0,1,2,-26.872158,-49.23127,SPRF-SC,DEL04-SC,UOP01-DEL04-SC,2020
"298370,0",2020-07-30,quinta-feira,16:20:00,SC,282,"4,0",FLORIANOPOLIS,Falta de Atenção à Condução,Colisão transversal,Com Vítimas Feridas,Pleno dia,Decrescente,Céu Claro,Múltipla,Reta,Sim,2,0,1,0,0,1,1,2,-27.592646,-48.604034,SPRF-SC,DEL01-SC,UOP01-DEL01-SC,2020
"298386,0",2020-07-30,quinta-feira,16:00:00,SC,101,"117,8",ITAJAI,Falta de Atenção à Condução,Colisão traseira,Com Vítimas Feridas,Pleno dia,Crescente,Céu Claro,Dupla,Reta,Sim,3,0,1,0,2,0,1,3,-26.88797126,-48.72241259,SPRF-SC,DEL04-SC,UOP04-DEL04-SC,2020
"298417,0",2020-07-30,quinta-feira,18:10:00,SC,101,"315,9",PESCARIA BRAVA,Falta de Atenção do Pedestre,Atropelamento de Pedestre,Com Vítimas Feridas,Plena Noite,Decrescente,Céu Claro,Múltipla,Aclive,Sim,2,0,0,1,1,0,1,2,-28.42575991,-48.85815382,SPRF-SC,DEL02-SC,UOP01-DEL02-SC,2020
"298427,0",2020-07-30,quinta-feira,22:10:00,SC,101,"148,1",ITAPEMA,Falta de Atenção à Condução,Colisão traseira,Com Vítimas Feridas,Plena Noite,Decrescente,Céu Claro,Dupla,Reta,Sim,3,0,1,0,2,0,1,2,-27.10123686,-48.61807962,SPRF-SC,DEL04-SC,UOP03-DEL04-SC,2020
"298436,0",2020-07-31,sexta-feira,00:05:00,SC,282,"132,0",BOM RETIRO,Defeito Mecânico no Veículo,Saída de leito carroçável,Sem Vítimas,Plena Noite,Crescente,Vento,Simples,Reta,Não,1,0,0,0,1,0,0,1,-27.8097,-49.522575,SPRF-SC,DEL05-SC,UOP01-DEL05-SC,2020
"298440,0",2020-07-30,quinta-feira,23:30:00,SC,282,"19,8",PALHOCA,Velocidade Incompatível,Capotamento,Com Vítimas Feridas,Plena Noite,Decrescente,Céu Claro,Simples,Reta,Não,2,0,1,0,1,0,1,1,-27.678635,-48.70192,SPRF-SC,DEL01-SC,UOP02-DEL01-SC,2020
"298466,0",2020-07-30,quinta-feira,21:40:00,SC,280,"28,0",ARAQUARI,Falta de Atenção à Condução,Colisão transversal,Com Vítimas Feridas,Plena Noite,Decrescente,Céu Claro,Simples,Reta,Não,3,0,1,1,1,0,2,2,-26.40450077,-48.74561031,SPRF-SC,DEL03-SC,UOP03-DEL03-SC,2020
"298482,0",2020-07-31,sexta-feira,07:20:00,SC,470,"137,0",RIO DO SUL,Velocidade Incompatível,Tombamento,Com Vítimas Feridas,Pleno dia,Crescente,Garoa/Chuvisco,Simples,Curva,Sim,1,0,1,0,0,0,1,1,-27.18952513,-49.61829185,SPRF-SC,DEL04-SC,UOP02-DEL04-SC,2020
"298507,0",2020-07-31,sexta-feira,09:35:00,SC,280,"47,9",GUARAMIRIM,Falta de Atenção à Condução,Saída de leito carroçável,Com Vítimas Feridas,Pleno dia,Decrescente,Nublado,Simples,Reta,Não,2,0,1,0,1,0,1,1,-26.45353692,-48.917876,SPRF-SC,DEL03-SC,UOP03-DEL03-SC,2020
"298527,0",2020-07-31,sexta-feira,09:20:00,SC,101,"133,0",BALNEARIO CAMBORIU,Mal Súbito,Queda de ocupante de veículo,Com Vítimas Feridas,Pleno dia,Decrescente,Nublado,Dupla,Reta,Sim,2,0,0,1,1,0,1,1,-26.99936,-48.64609,SPRF-SC,DEL04-SC,UOP03-DEL04-SC,2020
"298554,0",2020-07-31,sexta-feira,14:30:00,SC,153,"94,0",CONCORDIA,Agressão Externa,Danos eventuais,Sem Vítimas,Pleno dia,Crescente,Céu Claro,Simples,Reta,Não,2,0,0,0,1,1,0,2,-27.20348634,-51.94866519,SPRF-SC,DEL07-SC,UOP04-DEL07-SC,2020
"298560,0",2020-07-31,sexta-feira,16:10:00,SC,101,"204,0",SAO JOSE,Falta de Atenção à Condução,Colisão lateral,Com Vítimas Feridas,Pleno dia,Crescente,Nublado,Dupla,Reta,Sim,2,0,1,0,1,0,1,2,-27.57413014,-48.61363083,SPRF-SC,DEL01-SC,UOP01-DEL01-SC,2020
"298572,0",2020-07-31,sexta-feira,16:30:00,SC,282,"4,0",SAO JOSE,Falta de Atenção à Condução,Colisão traseira,Com Vítimas Feridas,Pleno dia,Crescente,Céu Claro,Dupla,Curva,Sim,3,0,2,0,1,0,2,2,-27.592646,-48.604034,SPRF-SC,DEL01-SC,UOP01-DEL01-SC,2020
"298593,0",2020-07-31,sexta-feira,18:30:00,SC,101,"224,5",PALHOCA,Ingestão de Álcool,Colisão traseira,Com Vítimas Feridas,Plena Noite,Decrescente,Céu Claro,Dupla,Reta,Não,3,0,2,0,1,0,2,2,-27.72384789,-48.64386769,SPRF-SC,DEL01-SC,UOP02-DEL01-SC,2020
"298594,0",2020-07-31,sexta-feira,17:15:00,SC,470,"128,0",LONTRAS,Falta de Atenção à Condução,Colisão traseira,Com Vítimas Feridas,Pleno dia,Crescente,Céu Claro,Simples,Curva,Não,3,0,2,0,0,1,2,2,-27.143742,-49.548897,SPRF-SC,DEL04-SC,UOP02-DEL04-SC,2020
"298603,0",2020-07-31,sexta-feira,13:10:00,SC,282,"433,4",VARGEM BONITA,Falta de Atenção à Condução,Colisão lateral,Sem Vítimas,Pleno dia,Decrescente,Céu Claro,Simples,Aclive;Curva,Não,2,0,0,0,2,0,0,2,-26.97752,-51.823841,SPRF-SC,DEL07-SC,UOP05-DEL07-SC,2020
"298611,0",2020-07-31,sexta-feira,19:30:00,SC,280,"25,0",ARAQUARI,Falta de Atenção à Condução,Colisão transversal,Com Vítimas Feridas,Plena Noite,Crescente,Céu Claro,Simples,Interseção de Vias,Sim,2,0,1,0,1,0,1,2,-26.38352781,-48.72677516,SPRF-SC,DEL03-SC,UOP03-DEL03-SC,2020
"298615,0",2020-07-31,sexta-feira,19:40:00,SC,470,"74,0",INDAIAL,Ingestão de Álcool,Colisão transversal,Com Vítimas Feridas,Plena Noite,Crescente,Nublado,Simples,Reta,Não,2,0,1,0,1,0,1,2,-26.916288,-49.280807,SPRF-SC,DEL04-SC,UOP01-DEL04-SC,2020
"298617,0",2020-07-31,sexta-feira,09:40:00,SC,282,"35,4",AGUAS MORNAS,Falta de Atenção à Condução,Saída de leito carroçável,Com Vítimas Feridas,Pleno dia,Crescente,Garoa/Chuvisco,Simples,Reta,Não,1,0,1,0,0,0,1,1,-27.702084,-48.826664,SPRF-SC,DEL01-SC,UOP03-DEL01-SC,2020
"298637,0",2020-07-31,sexta-feira,20:30:00,SC,153,"94,5",CONCORDIA,Desobediência às normas de trânsito pelo condutor,Colisão frontal,Com Vítimas Feridas,Plena Noite,Decrescente,Céu Claro,Simples,Curva,Não,2,0,0,2,0,0,2,2,-27.200716,-51.940483,SPRF-SC,DEL07-SC,UOP04-DEL07-SC,2020
"298639,0",2020-07-31,sexta-feira,17:45:00,SC,282,"461,9",PASSOS MAIA,Velocidade Incompatível,Saída de leito carroçável,Com Vítimas Feridas,Plena Noite,Crescente,Céu Claro,Simples,Reta,Sim,3,0,0,3,0,0,3,1,-26.855036,-52.059551,SPRF-SC,DEL07-SC,UOP04-DEL07-SC,2020
"298656,0",2020-07-31,sexta-feira,18:25:00,SC,153,"87,0",CONCORDIA,Falta de Atenção à Condução,Colisão lateral,Com Vítimas Feridas,Anoitecer,Decrescente,Céu Claro,Dupla,Reta,Não,3,0,1,1,1,0,2,2,-27.157175,-51.914791,SPRF-SC,DEL07-SC,UOP04-DEL07-SC,2020
"298659,0",2020-07-31,sexta-feira,23:25:00,SC,282,"3,0",SAO JOSE,Desobediência às normas de trânsito pelo condutor,Colisão traseira,Com Vítimas Feridas,Plena Noite,Decrescente,Céu Claro,Dupla,Reta,Não,2,0,1,0,0,1,1,2,-27.600384,-48.599705,SPRF-SC,DEL01-SC,UOP01-DEL01-SC,2020
"298677,0",2020-07-31,sexta-feira,21:45:00,SC,101,"158,0",PORTO BELO,Desobediência às normas de trânsito pelo condutor,Colisão lateral,Sem Vítimas,Plena Noite,Crescente,Céu Claro,Dupla,Reta,Sim,2,0,0,0,2,0,0,2,-27.19096301,-48.61259017,SPRF-SC,DEL04-SC,UOP03-DEL04-SC,2020
"298686,0",2020-08-01,sábado,05:00:00,SC,101,"216,0",PALHOCA,Falta de Atenção à Condução,Atropelamento de Animal,Sem Vítimas,Plena Noite,Crescente,Céu Claro,Dupla,Reta,Sim,1,0,0,0,1,0,0,1,-27.65981409,-48.67747798,SPRF-SC,DEL01-SC,UOP02-DEL01-SC,2020
"298715,0",2020-08-01,sábado,09:55:00,SC,101,"407,0",ARARANGUA,Defeito Mecânico no Veículo,Saída de leito carroçável,Sem Vítimas,Pleno dia,Decrescente,Céu Claro,Dupla,Reta,Não,1,0,0,0,1,0,0,1,-28.90009415,-49.47472781,SPRF-SC,DEL02-SC,UOP02-DEL02-SC,2020
"298718,0",2020-08-01,sábado,09:50:00,SC,101,"164,0",TIJUCAS,Desobediência às normas de trânsito pelo condutor,Colisão transversal,Com Vítimas Feridas,Pleno dia,Decrescente,Céu Claro,Múltipla,Reta,Sim,2,0,1,0,1,0,1,2,-27.24011222,-48.630445,SPRF-SC,DEL04-SC,UOP03-DEL04-SC,2020
"298742,0",2020-08-01,sábado,12:45:00,SC,101,"206,0",SAO JOSE,Falta de Atenção à Condução,Colisão traseira,Com Vítimas Feridas,Pleno dia,Crescente,Sol,Múltipla,Reta,Não,4,0,1,1,2,0,2,3,-27.59193546,-48.61824557,SPRF-SC,DEL01-SC,UOP01-DEL01-SC,2020
"298747,0",2020-08-01,sábado,13:20:00,SC,101,"37,1",JOINVILLE,Ingestão de Álcool,Colisão frontal,Com Vítimas Feridas,Pleno dia,Crescente,Céu Claro,Dupla,Reta,Sim,2,0,1,0,1,0,1,2,-26.28418059,-48.88860226,SPRF-SC,DEL03-SC,UOP01-DEL03-SC,2020
"298754,0",2020-08-01,sábado,06:00:00,SC,282,"471,4",PONTE SERRADA,Ingestão de Álcool,Saída de leito carroçável,Com Vítimas Feridas,Amanhecer,Decrescente,Céu Claro,Simples,Reta,Não,4,0,2,0,1,1,2,1,-26.863609,-52.130394,SPRF-SC,DEL07-SC,UOP01-DEL07-SC,2020
"298757,0",2020-08-01,sábado,13:50:00,SC,470,"123,0",IBIRAMA,Desobediência às normas de trânsito pelo condutor,Colisão traseira,Com Vítimas Feridas,Pleno dia,Decrescente,Céu Claro,Simples,Reta,Não,2,0,0,1,1,0,1,2,-27.106783,-49.522049,SPRF-SC,DEL04-SC,UOP02-DEL04-SC,2020
"298764,0",2020-08-01,sábado,14:35:00,SC,282,"4,5",SAO JOSE,Velocidade Incompatível,Saída de leito carroçável,Sem Vítimas,Pleno dia,Crescente,Céu Claro,Múltipla,Reta,Sim,1,0,0,0,0,1,0,1,-27.592646,-48.604034,SPRF-SC,DEL01-SC,UOP01-DEL01-SC,2020
"298805,0",2020-08-01,sábado,18:43:00,SC,282,"16,1",PALHOCA,Defeito na Via,Colisão traseira,Com Vítimas Feridas,Plena Noite,Crescente,Céu Claro,Simples,Reta,Sim,2,0,1,0,1,0,1,2,-27.66168474,-48.68444324,SPRF-SC,DEL01-SC,UOP02-DEL01-SC,2020
"298807,0",2020-08-01,sábado,18:45:00,SC,470,"51,0",BLUMENAU,Sinalização da via insuficiente ou inadequada,Colisão lateral,Com Vítimas Feridas,Plena Noite,Crescente,Céu Claro,Simples,Em Obras,Sim,2,0,1,0,1,0,1,2,-26.862339,-49.084038,SPRF-SC,DEL04-SC,UOP01-DEL04-SC,2020
"298808,0",2020-08-01,sábado,19:00:00,SC,101,"208,0",SAO JOSE,Falta de Atenção à Condução,Tombamento,Com Vítimas Feridas,Plena Noite,Decrescente,Céu Claro,Simples,Reta,Sim,1,0,0,1,0,0,1,1,-27.60327979,-48.63201818,SPRF-SC,DEL01-SC,UOP01-DEL01-SC,2020
"298811,0",2020-08-01,sábado,18:50:00,SC,470,"57,5",BLUMENAU,Desobediência às normas de trânsito pelo condutor,Colisão transversal,Com Vítimas Feridas,Plena Noite,Crescente,Céu Claro,Simples,Rotatória,Sim,3,0,2,0,1,0,2,2,-26.88276562,-49.14209247,SPRF-SC,DEL04-SC,UOP01-DEL04-SC,2020
"298813,0",2020-08-01,sábado,16:00:00,SC,116,"37,6",ITAIOPOLIS,Falta de Atenção à Condução,Colisão com objeto estático,Com Vítimas Feridas,Pleno dia,Crescente,Céu Claro,Simples,Reta,Não,1,0,1,0,0,0,1,1,-26.34065776,-50.02444605,SPRF-SC,DEL06-SC,UOP01-DEL06-SC,2020
"298821,0",2020-08-01,sábado,20:15:00,SC,101,"195,0",BIGUACU,Falta de Atenção à Condução,Colisão traseira,Com Vítimas Feridas,Plena Noite,Crescente,Céu Claro,Dupla,Reta,Não,3,0,1,0,1,1,1,3,-27.5047092,-48.65010819,SPRF-SC,DEL01-SC,UOP01-DEL01-SC,2020
"298829,0",2020-08-01,sábado,15:10:00,SC,282,"281,9",SAO JOSE DO CERRITO,Ultrapassagem Indevida,Colisão lateral,Com Vítimas Feridas,Pleno dia,Decrescente,Céu Claro,Simples,Aclive,Não,3,0,3,0,0,0,3,2,-27.580057,-50.76429,SPRF-SC,DEL05-SC,UOP02-DEL05-SC,2020
"298839,0",2020-08-01,sábado,21:10:00,SC,282,"20,0",PALHOCA,Ingestão de Álcool,Colisão transversal,Com Vítimas Feridas,Plena Noite,Decrescente,Céu Claro,Simples,Reta,Não,2,0,0,1,1,0,1,2,-27.683958,-48.71006,SPRF-SC,DEL01-SC,UOP02-DEL01-SC,2020
"298857,0",2020-08-01,sábado,22:50:00,SC,101,"120,0",ITAJAI,Falta de Atenção à Condução,Tombamento,Com Vítimas Feridas,Plena Noite,Decrescente,Nublado,Dupla,Curva,Não,1,0,1,0,0,0,1,1,-26.912758,-48.711998,SPRF-SC,DEL04-SC,UOP04-DEL04-SC,2020
"298883,0",2020-08-01,sábado,22:30:00,SC,470,"255,6",CURITIBANOS,Falta de Atenção à Condução,Saída de leito carroçável,Sem Vítimas,Plena Noite,Decrescente,Nublado,Simples,Reta,Não,1,0,0,0,1,0,0,1,-27.309111,-50.620499,SPRF-SC,DEL05-SC,UOP03-DEL05-SC,2020
"298886,0",2020-08-01,sábado,21:20:00,SC,101,"315,6",LAGUNA,Ingestão de Álcool,Colisão com objeto estático,Com Vítimas Feridas,Plena Noite,Crescente,Céu Claro,Dupla,Curva,Sim,1,0,0,1,0,0,1,1,-28.43552413,-48.8343121,SPRF-SC,DEL02-SC,UOP01-DEL02-SC,2020
"298899,0",2020-08-02,domingo,02:50:00,SC,101,"134,0",BALNEARIO CAMBORIU,Ingestão de Álcool,Colisão com objeto estático,Com Vítimas Feridas,Plena Noite,Crescente,Céu Claro,Simples,Interseção de Vias,Sim,1,0,1,0,0,0,1,1,-27.00218,-48.636433,SPRF-SC,DEL04-SC,UOP03-DEL04-SC,2020
"298902,0",2020-08-01,sábado,18:00:00,SC,101,"281,0",IMBITUBA,Falta de Atenção à Condução,Saída de leito carroçável,Com Vítimas Feridas,Plena Noite,Crescente,Nublado,Dupla,Reta,Sim,3,0,2,1,0,0,3,1,-28.20791114,-48.69827271,SPRF-SC,DEL02-SC,UOP03-DEL02-SC,2020
"298909,0",2020-08-02,domingo,01:50:00,SC,470,"81,8",RODEIO,Ingestão de Álcool,Colisão com objeto estático,Com Vítimas Feridas,Plena Noite,Decrescente,Céu Claro,Simples,Curva,Não,1,0,1,0,0,0,1,1,-26.96005782,-49.32508442,SPRF-SC,DEL04-SC,UOP01-DEL04-SC,2020
"298915,0",2020-08-02,domingo,02:30:00,SC,101,"219,3",PALHOCA,Falta de Atenção à Condução,Colisão com objeto estático,Sem Vítimas,Plena Noite,Decrescente,Céu Claro,Dupla,Reta,Sim,1,0,0,0,1,0,0,1,-27.68392194,-48.66710085,SPRF-SC,DEL01-SC,UOP02-DEL01-SC,2020
"298923,0",2020-08-02,domingo,06:45:00,SC,101,"120,0",ITAJAI,Falta de Atenção à Condução,Saída de leito carroçável,Com Vítimas Feridas,Amanhecer,Decrescente,Nublado,Dupla,Curva,Não,1,0,0,1,0,0,1,1,-26.912758,-48.711998,SPRF-SC,DEL04-SC,UOP04-DEL04-SC,2020
"298941,0",2020-07-17,sexta-feira,15:00:00,SC,101,"150,0",ITAPEMA,Desobediência às normas de trânsito pelo condutor,Colisão lateral,Sem Vítimas,Pleno dia,Decrescente,Sol,Dupla,Reta,Sim,2,0,0,0,1,1,0,2,-27.11744799,-48.60940987,SPRF-SC,DEL04-SC,UOP03-DEL04-SC,2020
"298963,0",2020-07-17,sexta-feira,19:05:00,SC,116,"3,0",MAFRA,Ingestão de álcool e/ou substâncias psicoativas pelo pedestre,Colisão frontal,Sem Vítimas,Plena Noite,Decrescente,Nublado,Simples,Reta,Sim,1,0,0,0,0,1,0,1,-26.13073161,-49.79922442,SPRF-SC,DEL06-SC,UOP01-DEL06-SC,2020
"298991,0",2020-08-02,domingo,16:00:00,SC,280,"43,5",GUARAMIRIM,Ultrapassagem Indevida,Colisão frontal,Com Vítimas Feridas,Pleno dia,Crescente,Céu Claro,Simples,Reta,Não,8,0,3,2,3,0,5,2,-26.45118786,-48.87789901,SPRF-SC,DEL03-SC,UOP03-DEL03-SC,2020
"299058,0",2020-08-02,domingo,19:40:00,SC,101,"38,5",JOINVILLE,Desobediência às normas de trânsito pelo condutor,Colisão transversal,Com Vítimas Feridas,Plena Noite,Crescente,Céu Claro,Simples,Reta,Sim,2,0,1,0,1,0,1,2,-26.29666176,-48.8842088,SPRF-SC,DEL03-SC,UOP01-DEL03-SC,2020
"299085,0",2020-08-02,domingo,18:55:00,SC,480,"123,7",CHAPECO,Ingestão de Álcool,Atropelamento de Pedestre,Sem Vítimas,Plena Noite,Crescente,Céu Claro,Dupla,Reta,Não,3,0,0,0,2,1,0,2,-26.99739704,-52.64201951,SPRF-SC,DEL07-SC,UOP01-DEL07-SC,2020
"299097,0",2020-08-02,domingo,22:00:00,SC,282,"5,0",SAO JOSE,Desobediência às normas de trânsito pelo condutor,Colisão traseira,Com Vítimas Feridas,Plena Noite,Crescente,Céu Claro,Dupla,Curva,Não,3,0,2,0,1,0,2,2,-27.588425,-48.612919,SPRF-SC,DEL01-SC,UOP01-DEL01-SC,2020
"299111,0",2020-08-02,domingo,22:00:00,SC,101,"252,8",PAULO LOPES,Falta de Atenção à Condução,Tombamento,Com Vítimas Feridas,Plena Noite,Decrescente,Céu Claro,Dupla,Reta,Sim,2,0,2,0,0,0,2,1,-27.95672412,-48.6767588,SPRF-SC,DEL02-SC,UOP03-DEL02-SC,2020
"299120,0",2020-08-03,segunda-feira,00:40:00,SC,280,"53,5",GUARAMIRIM,Ingestão de Álcool,Colisão frontal,Com Vítimas Feridas,Plena Noite,Decrescente,Nublado,Simples,Reta,Não,2,0,1,0,1,0,1,2,-26.47236756,-48.97426617,SPRF-SC,DEL03-SC,UOP03-DEL03-SC,2020
"299121,0",2020-08-03,segunda-feira,01:00:00,SC,101,"200,0",SAO JOSE,Falta de Atenção à Condução,Saída de leito carroçável,Sem Vítimas,Plena Noite,Crescente,Céu Claro,Múltipla,Aclive;Reta,Sim,1,0,0,0,1,0,0,1,-27.54018513,-48.62287714,SPRF-SC,DEL01-SC,UOP01-DEL01-SC,2020
"299125,0",2020-08-02,domingo,22:20:00,SC,280,"197,0",MAFRA,Animais na Pista,Capotamento,Com Vítimas Feridas,Plena Noite,Decrescente,Céu Claro,Simples,Reta;Declive,Não,1,0,1,0,0,0,1,1,-26.17527886,-50.04358202,SPRF-SC,DEL06-SC,UOP01-DEL06-SC,2020
"299140,0",2020-08-02,domingo,20:15:00,SC,101,"425,2",ARARANGUA,Desobediência às normas de trânsito pelo condutor,Tombamento,Com Vítimas Feridas,Plena Noite,Decrescente,Céu Claro,Simples,Reta,Sim,2,0,1,0,0,1,1,2,-29.02095789,-49.59124506,SPRF-SC,DEL02-SC,UOP02-DEL02-SC,2020
"299156,0",2020-02-04,terça-feira,10:50:00,SC,470,"56,5",BLUMENAU,Falta de Atenção à Condução,Colisão traseira,Com Vítimas Feridas,Pleno dia,Crescente,Céu Claro,Simples,Reta,Não,2,0,1,0,1,0,1,2,-26.87674,-49.127743,SPRF-SC,DEL04-SC,UOP01-DEL04-SC,2020
"299177,0",2020-08-03,segunda-feira,08:05:00,SC,101,"206,0",SAO JOSE,Falta de Atenção à Condução,Colisão lateral,Com Vítimas Feridas,Pleno dia,Crescente,Céu Claro,Dupla,Reta,Sim,3,0,2,0,1,0,2,2,-27.59193546,-48.61824557,SPRF-SC,DEL01-SC,UOP01-DEL01-SC,2020
"299187,0",2020-08-03,segunda-feira,07:10:00,SC,470,"169,3",POUSO REDONDO,Falta de Atenção à Condução,Tombamento,Com Vítimas Feridas,Pleno dia,Crescente,Nublado,Simples,Reta,Sim,1,0,1,0,0,0,1,1,-27.265471,-49.882442,SPRF-SC,DEL04-SC,UOP02-DEL04-SC,2020