id,data_inversa,dia_semana,horario,uf,br,km,municipio,causa_acidente,tipo_acidente,classificacao_acidente,fase_dia,sentido_via,condicao_metereologica,tipo_pista,tracado_via,uso_solo,pessoas,mortos,feridos_leves,feridos_graves,ilesos,ignorados,feridos,veiculos,latitude,longitude,regional,delegacia,uop,ano_arquivo
"310460,0",2020-09-26,sábado,15:20:00,SC,282,"516,0",XAXIM,Velocidade Incompatível,Saída de leito carroçável,Sem Vítimas,Pleno dia,Decrescente,Sol,Simples,Curva,Não,1,0,0,0,1,0,0,1,-26.930862,-52.499157,SPRF-SC,DEL07-SC,UOP01-DEL07-SC,2020
"310499,0",2020-09-26,sábado,23:50:00,SC,101,"137,0",BALNEARIO CAMBORIU,Falta de Atenção à Condução,Queda de ocupante de veículo,Com Vítimas Feridas,Plena Noite,Decrescente,Céu Claro,Dupla,Reta,Sim,1,0,0,1,0,0,1,1,-27.0157238,-48.61192763,SPRF-SC,DEL04-SC,UOP03-DEL04-SC,2020
"310505,0",2020-09-26,sábado,23:30:00,SC,470,"141,0",RIO DO SUL,Condutor Dormindo,Saída de leito carroçável,Com Vítimas Feridas,Plena Noite,Crescente,Céu Claro,Simples,Curva,Sim,1,0,0,1,0,0,1,1,-27.226065,-49.666161,SPRF-SC,DEL04-SC,UOP02-DEL04-SC,2020
"310518,0",2020-09-27,domingo,02:00:00,SC,101,"149,0",ITAPEMA,Mal Súbito,Colisão com objeto estático,Sem Vítimas,Plena Noite,Decrescente,Céu Claro,Múltipla,Reta,Não,1,0,0,0,1,0,0,1,-27.1089649,-48.61277586,SPRF-SC,DEL04-SC,UOP03-DEL04-SC,2020
"310542,0",2020-09-27,domingo,05:30:00,SC,470,"66,4",INDAIAL,Não guardar distância de segurança,Colisão traseira,Com Vítimas Feridas,Amanhecer,Decrescente,Céu Claro,Simples,Rotatória,Sim,2,0,1,0,1,0,1,2,-26.87034908,-49.22742074,SPRF-SC,DEL04-SC,UOP01-DEL04-SC,2020
"310585,0",2020-09-27,domingo,10:15:00,SC,282,"19,6",PALHOCA,Desobediência às normas de trânsito pelo condutor,Colisão transversal,Com Vítimas Feridas,Pleno dia,Crescente,Céu Claro,Simples,Declive;Reta,Sim,3,0,0,1,1,1,1,3,-27.67808406,-48.70104074,SPRF-SC,DEL01-SC,UOP02-DEL01-SC,2020
"310588,0",2020-09-27,domingo,08:30:00,SC,480,"126,4",CHAPECO,Falta de Atenção à Condução,Capotamento,Com Vítimas Feridas,Pleno dia,Crescente,Sol,Dupla,Reta,Sim,5,0,3,1,1,0,4,2,-27.020083,-52.636024,SPRF-SC,DEL07-SC,UOP01-DEL07-SC,2020
"310589,0",2020-09-27,domingo,10:30:00,SC,101,"211,8",PALHOCA,Falta de Atenção à Condução,Colisão lateral,Com Vítimas Feridas,Pleno dia,Decrescente,Nublado,Dupla,Reta,Sim,3,0,2,0,1,0,2,2,-27.62329313,-48.65245588,SPRF-SC,DEL01-SC,UOP02-DEL01-SC,2020
"310617,0",2020-09-27,domingo,11:50:00,SC,101,"271,8",IMBITUBA,Pista Escorregadia,Saída de leito carroçável,Com Vítimas Feridas,Pleno dia,Crescente,Chuva,Dupla,Reta,Não,1,0,1,0,0,0,1,1,-28.11011972,-48.70211279,SPRF-SC,DEL02-SC,UOP03-DEL02-SC,2020
"310624,0",2020-09-27,domingo,13:10:00,SC,470,"222,8",SAO CRISTOVAO DO SUL,Defeito na Via,Saída de leito carroçável,Com Vítimas Feridas,Pleno dia,Crescente,Chuva,Simples,Curva,Não,1,0,1,0,0,0,1,1,-27.316019,-50.327316,SPRF-SC,DEL05-SC,UOP03-DEL05-SC,2020
"310626,0",2020-09-27,domingo,15:06:00,SC,101,"219,4",PALHOCA,Falta de Atenção à Condução,Tombamento,Com Vítimas Feridas,Pleno dia,Crescente,Nublado,Dupla,Reta,Não,1,0,1,0,0,0,1,1,-27.68392194,-48.66710085,SPRF-SC,DEL01-SC,UOP02-DEL01-SC,2020
"310653,0",2020-09-27,domingo,16:40:00,SC,101,"271,9",IMBITUBA,Falta de Atenção à Condução,Saída de leito carroçável,Com Vítimas Feridas,Pleno dia,Decrescente,Nublado,Dupla,Reta,Não,2,0,1,0,1,0,1,1,-28.12482915,-48.69483948,SPRF-SC,DEL02-SC,UOP03-DEL02-SC,2020
"310656,0",2020-09-27,domingo,12:45:00,SC,282,"379,7",HERVAL DOESTE,Velocidade Incompatível,Capotamento,Com Vítimas Feridas,Pleno dia,Crescente,Garoa/Chuvisco,Simples,Interseção de Vias,Não,1,0,1,0,0,0,1,1,-27.21457347,-51.4875555,SPRF-SC,DEL07-SC,UOP05-DEL07-SC,2020
"310659,0",2020-09-27,domingo,16:15:00,SC,282,"638,0",DESCANSO,Desobediência às normas de trânsito pelo condutor,Colisão lateral,Com Vítimas Feridas,Pleno dia,Crescente,Céu Claro,Simples,Reta,Não,2,0,1,0,1,0,1,2,-26.800833,-53.448235,SPRF-SC,DEL07-SC,UOP03-DEL07-SC,2020
"310660,0",2020-09-27,domingo,09:55:00,SC,470,"10,9",NAVEGANTES,Falta de Atenção à Condução,Saída de leito carroçável,Sem Vítimas,Pleno dia,Crescente,Céu Claro,Simples,Reta,Não,1,0,0,0,0,1,0,1,-26.833693,-48.73724,SPRF-SC,DEL04-SC,UOP04-DEL04-SC,2020
"310661,0",2020-09-27,domingo,16:30:00,SC,101,"152,0",ITAPEMA,Velocidade Incompatível,Colisão com objeto estático,Com Vítimas Feridas,Pleno dia,Decrescente,Nublado,Múltipla,Reta,Não,4,0,4,0,0,0,4,1,-27.13563503,-48.61004665,SPRF-SC,DEL04-SC,UOP03-DEL04-SC,2020
"310666,0",2020-09-27,domingo,18:00:00,SC,101,"192,0",BIGUACU,Ingestão de Álcool,Colisão lateral,Sem Vítimas,Anoitecer,Decrescente,Nublado,Dupla,Reta,Sim,2,0,0,0,2,0,0,2,-27.48443781,-48.64765238,SPRF-SC,DEL01-SC,UOP01-DEL01-SC,2020
"310689,0",2020-09-27,domingo,14:55:00,SC,282,"569,9",NOVA ERECHIM,Desobediência às normas de trânsito pelo condutor,Colisão lateral,Com Vítimas Feridas,Pleno dia,Crescente,Sol,Simples,Interseção de Vias,Não,3,0,3,0,0,0,3,2,-26.894342,-52.923874,SPRF-SC,DEL07-SC,UOP02-DEL07-SC,2020
"310703,0",2020-09-27,domingo,12:20:00,SC,282,"70,1",RANCHO QUEIMADO,Velocidade Incompatível,Saída de leito carroçável,Com Vítimas Feridas,Pleno dia,Crescente,Chuva,Simples,Curva,Não,1,0,1,0,0,0,1,1,-27.692705,-49.091351,SPRF-SC,DEL01-SC,UOP03-DEL01-SC,2020
"310744,0",2020-09-27,domingo,21:10:00,SC,470,"119,0",IBIRAMA,Desobediência às normas de trânsito pelo condutor,Colisão transversal,Com Vítimas Feridas,Plena Noite,Decrescente,Chuva,Simples,Interseção de Vias;Declive,Não,3,0,1,0,1,1,1,2,-27.081554,-49.520206,SPRF-SC,DEL04-SC,UOP02-DEL04-SC,2020
"310758,0",2020-09-27,domingo,21:30:00,SC,101,"335,8",TUBARAO,Velocidade Incompatível,Colisão com objeto estático,Com Vítimas Feridas,Plena Noite,Decrescente,Chuva,Múltipla,Curva,Sim,4,0,4,0,0,0,4,1,-28.47799033,-49.032197,SPRF-SC,DEL02-SC,UOP01-DEL02-SC,2020
"310760,0",2020-09-27,domingo,17:30:00,SC,470,"199,8",PONTE ALTA,Velocidade Incompatível,Colisão traseira,Com Vítimas Feridas,Pleno dia,Crescente,Garoa/Chuvisco,Simples,Interseção de Vias,Não,3,0,0,1,2,0,1,2,-27.30810426,-50.13358712,SPRF-SC,DEL05-SC,UOP03-DEL05-SC,2020
"310762,0",2020-09-27,domingo,22:45:00,SC,470,"60,8",BLUMENAU,Velocidade Incompatível,Colisão frontal,Com Vítimas Fatais,Plena Noite,Decrescente,Nublado,Simples,Curva,Sim,20,3,7,10,0,0,17,2,-26.88138,-49.164543,SPRF-SC,DEL04-SC,UOP01-DEL04-SC,2020
"310768,0",2020-09-27,domingo,22:30:00,SC,101,"63,6",ARAQUARI,Falta de Atenção à Condução,Colisão traseira,Com Vítimas Feridas,Plena Noite,Decrescente,Chuva,Dupla,Reta,Não,6,0,3,0,3,0,3,4,-26.46282754,-48.75312388,SPRF-SC,DEL03-SC,UOP02-DEL03-SC,2020
"310779,0",2020-09-28,segunda-feira,00:50:00,SC,470,"57,4",BLUMENAU,Ingestão de Álcool,Colisão frontal,Sem Vítimas,Plena Noite,Decrescente,Nublado,Simples,Rotatória,Sim,2,0,0,0,2,0,0,1,-26.88366036,-49.14121807,SPRF-SC,DEL04-SC,UOP01-DEL04-SC,2020
"310793,0",2020-09-28,segunda-feira,03:00:00,SC,101,"39,6",JOINVILLE,Ingestão de Álcool,Saída de leito carroçável,Sem Vítimas,Plena Noite,Crescente,Chuva,Dupla,Reta,Sim,1,0,0,0,1,0,0,1,-26.3033753,-48.88250291,SPRF-SC,DEL03-SC,UOP01-DEL03-SC,2020
"310813,0",2020-09-28,segunda-feira,06:45:00,SC,280,"217,5",TRES BARRAS,Desobediência às normas de trânsito pelo condutor,Colisão frontal,Com Vítimas Feridas,Pleno dia,Decrescente,Chuva,Simples,Curva,Não,4,0,1,0,3,0,1,2,-26.17679115,-50.23574004,SPRF-SC,DEL06-SC,UOP04-DEL06-SC,2020
"310815,0",2020-09-27,domingo,21:54:00,SC,101,"361,0",SANGAO,Velocidade Incompatível,Capotamento,Sem Vítimas,Plena Noite,Crescente,Chuva,Dupla,Viaduto,Sim,1,0,0,0,1,0,0,1,-28.66584041,-49.1146566,SPRF-SC,DEL02-SC,UOP01-DEL02-SC,2020
"310854,0",2020-09-28,segunda-feira,10:10:00,SC,101,"221,0",PALHOCA,Avarias e/ou desgaste excessivo no pneu,Colisão com objeto estático,Com Vítimas Feridas,Pleno dia,Decrescente,Nublado,Dupla,Reta,Não,2,0,1,0,1,0,1,1,-27.70012652,-48.66021182,SPRF-SC,DEL01-SC,UOP02-DEL01-SC,2020
"310875,0",2020-09-28,segunda-feira,09:45:00,SC,101,"58,0",ARAQUARI,Velocidade Incompatível,Saída de leito carroçável,Com Vítimas Feridas,Pleno dia,Decrescente,Nublado,Múltipla,Curva,Não,3,0,1,2,0,0,3,1,-26.44025049,-48.80129043,SPRF-SC,DEL03-SC,UOP02-DEL03-SC,2020
"310881,0",2020-09-28,segunda-feira,11:49:00,SC,282,"206,0",LAGES,Falta de Atenção à Condução,Saída de leito carroçável,Com Vítimas Feridas,Pleno dia,Decrescente,Céu Claro,Simples,Reta,Não,1,0,1,0,0,0,1,1,-27.771982,-50.192139,SPRF-SC,DEL05-SC,UOP01-DEL05-SC,2020
"310885,0",2020-09-28,segunda-feira,13:10:00,SC,470,"75,1",BLUMENAU,Falta de Atenção à Condução,Saída de leito carroçável,Com Vítimas Feridas,Pleno dia,Crescente,Céu Claro,Simples,Reta,Sim,1,0,1,0,0,0,1,1,-26.87067283,-49.21381474,SPRF-SC,DEL04-SC,UOP01-DEL04-SC,2020
"310898,0",2020-09-28,segunda-feira,15:00:00,SC,101,"216,6",PALHOCA,Falta de Atenção à Condução,Colisão traseira,Com Vítimas Feridas,Pleno dia,Decrescente,Nevoeiro/Neblina,Múltipla,Reta,Sim,2,0,0,1,1,0,1,2,-27.65981409,-48.67747798,SPRF-SC,DEL01-SC,UOP02-DEL01-SC,2020
"310926,0",2020-09-28,segunda-feira,17:20:00,SC,282,"6,0",SAO JOSE,Falta de Atenção à Condução,Colisão lateral,Com Vítimas Feridas,Anoitecer,Crescente,Nublado,Dupla,Curva,Sim,2,0,0,1,1,0,1,2,-27.591936,-48.618244,SPRF-SC,DEL01-SC,UOP01-DEL01-SC,2020
"310944,0",2020-09-28,segunda-feira,19:45:00,SC,470,"50,9",BLUMENAU,Falta de Atenção à Condução,Colisão traseira,Com Vítimas Feridas,Plena Noite,Decrescente,Céu Claro,Dupla,Reta,Sim,3,0,1,0,2,0,1,3,-26.859768,-49.074493,SPRF-SC,DEL04-SC,UOP01-DEL04-SC,2020
"310954,0",2020-09-28,segunda-feira,20:40:00,SC,116,"138,6",SANTA CECILIA,Falta de Atenção à Condução,Colisão frontal,Com Vítimas Fatais,Plena Noite,Crescente,Céu Claro,Simples,Reta,Sim,2,1,0,0,1,0,0,2,-26.95365013,-50.42351412,SPRF-SC,DEL06-SC,UOP02-DEL06-SC,2020
"310961,0",2020-09-28,segunda-feira,20:30:00,SC,101,"129,0",BALNEARIO CAMBORIU,Ingestão de Álcool,Colisão com objeto estático,Sem Vítimas,Plena Noite,Decrescente,Nublado,Dupla,Reta,Não,1,0,0,0,1,0,0,1,-26.98064277,-48.6790679,SPRF-SC,DEL04-SC,UOP03-DEL04-SC,2020
"311003,0",2020-09-29,terça-feira,07:05:00,SC,101,"210,0",SAO JOSE,Falta de Atenção à Condução,Colisão traseira,Com Vítimas Feridas,Pleno dia,Crescente,Céu Claro,Dupla,Reta,Sim,3,0,1,0,2,0,1,2,-27.6167305,-48.6457265,SPRF-SC,DEL01-SC,UOP01-DEL01-SC,2020
"311007,0",2020-09-13,domingo,18:25:00,SC,101,"6,0",GARUVA,Restrição de Visibilidade,Colisão transversal,Com Vítimas Feridas,Plena Noite,Decrescente,Céu Claro,Simples,Reta,Não,2,0,0,2,0,0,2,2,-26.02713519,-48.86113644,SPRF-SC,DEL03-SC,UOP01-DEL03-SC,2020
"311011,0",2020-09-29,terça-feira,08:20:00,SC,101,"208,2",SAO JOSE,Falta de Atenção à Condução,Colisão com objeto estático,Com Vítimas Feridas,Pleno dia,Decrescente,Sol,Múltipla,Reta;Aclive,Sim,1,0,1,0,0,0,1,1,-27.60536183,-48.63385677,SPRF-SC,DEL01-SC,UOP01-DEL01-SC,2020
"311015,0",2020-09-29,terça-feira,06:15:00,SC,280,"0,6",SAO FRANCISCO DO SUL,Ingestão de Álcool,Saída de leito carroçável,Com Vítimas Feridas,Amanhecer,Crescente,Nublado,Simples,Curva;Aclive,Não,3,0,2,1,0,0,3,1,-26.23811296,-48.63015532,SPRF-SC,DEL03-SC,UOP03-DEL03-SC,2020
"311049,0",2020-09-29,terça-feira,12:30:00,SC,101,"161,0",PORTO BELO,Defeito Mecânico no Veículo,Tombamento,Com Vítimas Feridas,Pleno dia,Crescente,Nublado,Dupla,Reta,Sim,1,0,1,0,0,0,1,1,-27.21673911,-48.6244238,SPRF-SC,DEL04-SC,UOP03-DEL04-SC,2020
"311088,0",2020-06-21,domingo,20:00:00,SC,101,"326,7",CAPIVARI DE BAIXO,Falta de Atenção à Condução,Saída de leito carroçável,Com Vítimas Feridas,Plena Noite,Decrescente,Céu Claro,Simples,Aclive,Sim,2,0,1,0,1,0,1,1,-28.4368184,-48.959831,SPRF-SC,DEL02-SC,UOP01-DEL02-SC,2020
"311089,0",2020-09-29,terça-feira,17:25:00,SC,470,"176,0",POUSO REDONDO,Desobediência às normas de trânsito pelo condutor,Colisão traseira,Com Vítimas Feridas,Pleno dia,Crescente,Sol,Simples,Interseção de Vias;Reta;Declive,Sim,2,0,1,0,1,0,1,2,-27.25244631,-49.95385766,SPRF-SC,DEL04-SC,UOP02-DEL04-SC,2020
"311107,0",2020-09-29,terça-feira,19:15:00,SC,101,"204,0",SAO JOSE,Defeito Mecânico no Veículo,Colisão transversal,Com Vítimas Feridas,Pleno dia,Crescente,Céu Claro,Dupla,Reta,Sim,2,0,1,0,1,0,1,2,-27.57413014,-48.61363083,SPRF-SC,DEL01-SC,UOP01-DEL01-SC,2020
"311137,0",2020-09-29,terça-feira,22:00:00,SC,101,"151,0",ITAPEMA,Desobediência às normas de trânsito pelo condutor,Tombamento,Com Vítimas Feridas,Plena Noite,Crescente,Nublado,Múltipla,Rotatória,Sim,3,0,2,0,1,0,2,2,-27.126536,-48.609642,SPRF-SC,DEL04-SC,UOP03-DEL04-SC,2020
"311139,0",2020-09-29,terça-feira,22:10:00,SC,101,"36,0",JOINVILLE,Falta de Atenção à Condução,Colisão com objeto estático,Com Vítimas Feridas,Plena Noite,Decrescente,Céu Claro,Simples,Reta,Sim,1,0,1,0,0,0,1,1,-26.24573198,-48.9101069,SPRF-SC,DEL03-SC,UOP01-DEL03-SC,2020
"311145,0",2020-08-08,sábado,15:45:00,SC,101,"148,0",ITAPEMA,Não guardar distância de segurança,Colisão lateral,Com Vítimas Feridas,Pleno dia,Decrescente,Céu Claro,Múltipla,Reta,Sim,3,0,2,0,1,0,2,2,-27.10123686,-48.61807962,SPRF-SC,DEL04-SC,UOP03-DEL04-SC,2020
"311175,0",2020-09-30,quarta-feira,07:00:00,SC,101,"215,5",PALHOCA,Desobediência às normas de trânsito pelo condutor,Colisão transversal,Sem Vítimas,Pleno dia,Decrescente,Céu Claro,Dupla,Reta,Sim,2,0,0,0,2,0,0,2,-27.65184843,-48.67604941,SPRF-SC,DEL01-SC,UOP02-DEL01-SC,2020
"311201,0",2020-09-30,quarta-feira,09:55:00,SC,101,"197,4",BIGUACU,Defeito Mecânico no Veículo,Queda de ocupante de veículo,Com Vítimas Feridas,Pleno dia,Crescente,Céu Claro,Múltipla,Viaduto,Sim,1,0,1,0,0,0,1,1,-27.51844497,-48.63848496,SPRF-SC,DEL01-SC,UOP01-DEL01-SC,2020
"311212,0",2020-09-30,quarta-feira,11:00:00,SC,282,"18,0",PALHOCA,Defeito Mecânico no Veículo,Queda de ocupante de veículo,Com Vítimas Feridas,Pleno dia,Crescente,Céu Claro,Simples,Reta,Não,1,0,1,0,0,0,1,1,-27.672798,-48.694286,SPRF-SC,DEL01-SC,UOP02-DEL01-SC,2020
"311229,0",2020-09-30,quarta-feira,07:39:00,SC,470,"54,0",BLUMENAU,Falta de Atenção à Condução,Colisão transversal,Com Vítimas Feridas,Pleno dia,Crescente,Céu Claro,Simples,Interseção de Vias,Não,2,0,1,0,1,0,1,2,-26.871065,-49.110374,SPRF-SC,DEL04-SC,UOP01-DEL04-SC,2020
"311239,0",2020-09-30,quarta-feira,14:58:00,SC,282,"6,0",SAO JOSE,Falta de Atenção à Condução,Colisão lateral,Com Vítimas Feridas,Pleno dia,Decrescente,Céu Claro,Dupla,Curva;Aclive,Não,3,0,2,0,1,0,2,2,-27.591936,-48.618244,SPRF-SC,DEL01-SC,UOP01-DEL01-SC,2020
"311254,0",2020-09-30,quarta-feira,16:40:00,SC,282,"4,9",SAO JOSE,Falta de Atenção à Condução,Colisão traseira,Com Vítimas Feridas,Pleno dia,Crescente,Nublado,Múltipla,Reta,Sim,2,0,1,0,1,0,1,2,-27.592646,-48.604034,SPRF-SC,DEL01-SC,UOP01-DEL01-SC,2020
"311258,0",2020-09-30,quarta-feira,16:58:00,SC,282,"4,0",SAO JOSE,Falta de Atenção à Condução,Colisão lateral,Com Vítimas Feridas,Pleno dia,Crescente,Chuva,Dupla,Declive,Não,3,0,2,0,1,0,2,2,-27.592646,-48.604034,SPRF-SC,DEL01-SC,UOP01-DEL01-SC,2020
"311261,0",2020-09-30,quarta-feira,17:40:00,SC,282,"4,4",SAO JOSE,Não guardar distância de segurança,Colisão lateral,Com Vítimas Feridas,Anoitecer,Crescente,Chuva,Dupla,Reta,Não,3,0,1,0,1,1,1,3,-27.592646,-48.604034,SPRF-SC,DEL01-SC,UOP01-DEL01-SC,2020
"311268,0",2020-09-30,quarta-feira,18:20:00,SC,280,"51,0",GUARAMIRIM,Falta de Atenção do Pedestre,Colisão transversal,Com Vítimas Feridas,Anoitecer,Crescente,Nublado,Dupla,Interseção de Vias,Não,2,0,1,1,0,0,2,2,-26.46538871,-48.95544449,SPRF-SC,DEL03-SC,UOP03-DEL03-SC,2020
"311285,0",2020-09-30,quarta-feira,19:10:00,SC,101,"215,7",PALHOCA,Fenômenos da Natureza,Tombamento,Com Vítimas Feridas,Plena Noite,Crescente,Chuva,Dupla,Curva,Sim,1,0,0,1,0,0,1,1,-27.65184843,-48.67604941,SPRF-SC,DEL01-SC,UOP02-DEL01-SC,2020
"311297,0",2020-09-30,quarta-feira,19:15:00,SC,470,"60,0",BLUMENAU,Ingestão de Álcool,Colisão transversal,Com Vítimas Feridas,Plena Noite,Crescente,Garoa/Chuvisco,Simples,Reta;Em Obras,Sim,2,0,2,0,0,0,2,2,-26.88138,-49.164543,SPRF-SC,DEL04-SC,UOP01-DEL04-SC,2020
"311368,0",2020-10-01,quinta-feira,08:20:00,SC,101,"214,8",PALHOCA,Falta de Atenção à Condução,Colisão traseira,Com Vítimas Feridas,Pleno dia,Decrescente,Sol,Dupla,Reta,Não,2,0,1,0,1,0,1,2,-27.64443,-48.67057,SPRF-SC,DEL01-SC,UOP02-DEL01-SC,2020
"311374,0",2020-10-01,quinta-feira,08:30:00,SC,101,"207,5",SAO JOSE,Não guardar distância de segurança,Colisão traseira,Com Vítimas Feridas,Pleno dia,Crescente,Céu Claro,Dupla,Declive,Sim,2,0,1,0,1,0,1,2,-27.60001226,-48.6226467,SPRF-SC,DEL01-SC,UOP01-DEL01-SC,2020
"311379,0",2020-10-01,quinta-feira,09:00:00,SC,101,"199,0",BIGUACU,Falta de Atenção à Condução,Colisão traseira,Com Vítimas Feridas,Pleno dia,Crescente,Céu Claro,Múltipla,Reta,Sim,2,0,1,1,0,0,2,2,-27.53413705,-48.63003205,SPRF-SC,DEL01-SC,UOP01-DEL01-SC,2020
"311407,0",2020-10-01,quinta-feira,10:20:00,SC,282,"339,0",CAMPOS NOVOS,Falta de Atenção à Condução,Colisão transversal,Com Vítimas Feridas,Pleno dia,Decrescente,Céu Claro,Simples,Interseção de Vias,Não,2,0,1,0,1,0,1,2,-27.392731,-51.195118,SPRF-SC,DEL07-SC,UOP06-DEL07-SC,2020
"311419,0",2020-10-01,quinta-feira,12:30:00,SC,470,"63,1",INDAIAL,Desobediência às normas de trânsito pelo condutor,Colisão transversal,Com Vítimas Feridas,Pleno dia,Decrescente,Céu Claro,Simples,Declive;Reta,Não,3,0,1,0,1,1,1,3,-26.872396,-49.19228,SPRF-SC,DEL04-SC,UOP01-DEL04-SC,2020
"311460,0",2020-10-01,quinta-feira,17:55:00,SC,101,"202,4",SAO JOSE,Não guardar distância de segurança,Engavetamento,Com Vítimas Feridas,Anoitecer,Crescente,Céu Claro,Múltipla,Reta,Sim,5,0,2,0,2,1,2,3,-27.56025388,-48.61740947,SPRF-SC,DEL01-SC,UOP01-DEL01-SC,2020
"311469,0",2020-10-01,quinta-feira,18:01:00,SC,101,"41,1",JOINVILLE,Não guardar distância de segurança,Colisão traseira,Com Vítimas Feridas,Anoitecer,Decrescente,Céu Claro,Dupla,Reta,Sim,2,0,0,1,1,0,1,2,-26.28215489,-48.88973081,SPRF-SC,DEL03-SC,UOP01-DEL03-SC,2020
"311475,0",2020-10-01,quinta-feira,17:15:00,SC,470,"14,9",ILHOTA,Falta de Atenção à Condução,Engavetamento,Com Vítimas Feridas,Pleno dia,Decrescente,Céu Claro,Simples,Reta,Não,4,0,1,0,3,0,1,3,-26.837988,-48.775795,SPRF-SC,DEL04-SC,UOP04-DEL04-SC,2020
"311492,0",2020-08-11,terça-feira,13:38:00,SC,470,"22,8",ILHOTA,Velocidade Incompatível,Saída de leito carroçável,Com Vítimas Fatais,Pleno dia,Decrescente,Céu Claro,Dupla,Desvio Temporário;Em Obras;Reta,Não,2,1,0,1,0,0,1,1,-26.880066,-48.836224,SPRF-SC,DEL04-SC,UOP04-DEL04-SC,2020
"311533,0",2020-10-02,sexta-feira,02:45:00,SC,280,"66,9",JARAGUA DO SUL,Falta de Atenção à Condução,Colisão traseira,Sem Vítimas,Plena Noite,Decrescente,Céu Claro,Simples,Reta,Sim,2,0,0,0,2,0,0,2,-26.473076,-49.110621,SPRF-SC,DEL03-SC,UOP03-DEL03-SC,2020
"311538,0",2020-10-02,sexta-feira,02:45:00,SC,101,"123,0",ITAJAI,Falta de Atenção à Condução,Tombamento,Com Vítimas Feridas,Plena Noite,Decrescente,Céu Claro,Simples,Curva,Não,1,0,1,0,0,0,1,1,-26.93668609,-48.69876905,SPRF-SC,DEL04-SC,UOP04-DEL04-SC,2020
"311572,0",2020-10-02,sexta-feira,09:15:00,SC,101,"199,8",SAO JOSE,Falta de Atenção à Condução,Colisão lateral,Com Vítimas Feridas,Pleno dia,Decrescente,Nublado,Dupla,Declive,Sim,2,0,1,0,0,1,1,2,-27.53413705,-48.63003205,SPRF-SC,DEL01-SC,UOP01-DEL01-SC,2020
"311583,0",2020-10-02,sexta-feira,09:50:00,SC,470,"140,3",RIO DO SUL,Desobediência às normas de trânsito pelo condutor,Colisão transversal,Com Vítimas Feridas,Pleno dia,Decrescente,Sol,Simples,Aclive,Sim,2,0,1,0,1,0,1,2,-27.20567122,-49.64562893,SPRF-SC,DEL04-SC,UOP02-DEL04-SC,2020
"311596,0",2020-10-02,sexta-feira,11:25:00,SC,101,"209,9",SAO JOSE,Desobediência às normas de trânsito pelo condutor,Colisão traseira,Com Vítimas Feridas,Pleno dia,Decrescente,Céu Claro,Múltipla,Reta,Sim,2,0,1,0,1,0,1,2,-27.61000542,-48.63895057,SPRF-SC,DEL01-SC,UOP01-DEL01-SC,2020
"311606,0",2020-09-25,sexta-feira,15:20:00,SC,101,"116,0",ITAJAI,Falta de Atenção à Condução,Colisão lateral,Com Vítimas Feridas,Pleno dia,Decrescente,Céu Claro,Dupla,Reta,Sim,2,0,0,1,1,0,1,2,-26.87905605,-48.72603512,SPRF-SC,DEL04-SC,UOP04-DEL04-SC,2020
"311607,0",2020-10-02,sexta-feira,12:45:00,SC,101,"211,0",PALHOCA,Falta de Atenção à Condução,Colisão traseira,Com Vítimas Feridas,Pleno dia,Crescente,Céu Claro,Múltipla,Reta,Sim,2,0,1,0,1,0,1,2,-27.62329313,-48.65245588,SPRF-SC,DEL01-SC,UOP02-DEL01-SC,2020
"311610,0",2020-10-02,sexta-feira,10:50:00,SC,282,"501,3",XANXERE,Velocidade Incompatível,Saída de leito carroçável,Com Vítimas Feridas,Pleno dia,Decrescente,Céu Claro,Dupla,Rotatória;Interseção de Vias,Sim,1,0,1,0,0,0,1,1,-26.882715,-52.381729,SPRF-SC,DEL07-SC,UOP01-DEL07-SC,2020
"311618,0",2020-10-02,sexta-feira,14:12:00,SC,101,"129,6",BALNEARIO CAMBORIU,Falta de Atenção à Condução,Colisão traseira,Com Vítimas Feridas,Pleno dia,Decrescente,Céu Claro,Dupla,Reta,Sim,3,0,3,0,0,0,3,2,-26.98064277,-48.6790679,SPRF-SC,DEL04-SC,UOP03-DEL04-SC,2020
"311655,0",2020-10-02,sexta-feira,17:30:00,SC,470,"88,8",ASCURRA,Falta de Atenção à Condução,Colisão transversal,Com Vítimas Feridas,Anoitecer,Decrescente,Nublado,Simples,Reta,Sim,2,0,1,0,1,0,1,2,-26.955355,-49.373169,SPRF-SC,DEL04-SC,UOP01-DEL04-SC,2020
"311682,0",2020-10-02,sexta-feira,16:20:00,SC,280,"71,0",JARAGUA DO SUL,Falta de Atenção à Condução,Colisão transversal,Com Vítimas Feridas,Pleno dia,Decrescente,Sol,Simples,Declive,Não,2,0,0,1,1,0,1,2,-26.46151693,-49.13480597,SPRF-SC,DEL03-SC,UOP03-DEL03-SC,2020
"311718,0",2020-10-02,sexta-feira,19:40:00,SC,470,"173,5",POUSO REDONDO,Velocidade Incompatível,Atropelamento de Pedestre,Com Vítimas Fatais,Plena Noite,Crescente,Nublado,Simples,Reta;Declive,Sim,4,1,0,0,1,2,0,2,-27.25976479,-49.92228027,SPRF-SC,DEL04-SC,UOP02-DEL04-SC,2020
"311752,0",2020-10-02,sexta-feira,23:50:00,SC,101,"313,0",LAGUNA,Desobediência às normas de trânsito pelo condutor,Colisão lateral,Sem Vítimas,Plena Noite,Decrescente,Vento,Dupla,Ponte,Não,2,0,0,0,2,0,0,2,-28.43825669,-48.83328974,SPRF-SC,DEL02-SC,UOP01-DEL02-SC,2020