id,data_inversa,dia_semana,horario,uf,br,km,municipio,causa_acidente,tipo_acidente,classificacao_acidente,fase_dia,sentido_via,condicao_metereologica,tipo_pista,tracado_via,uso_solo,pessoas,mortos,feridos_leves,feridos_graves,ilesos,ignorados,feridos,veiculos,latitude,longitude,regional,delegacia,uop,ano_arquivo
"316262,0",2020-10-22,quinta-feira,07:00:00,SC,101,"216,3",PALHOCA,Não guardar distância de segurança,Colisão traseira,Com Vítimas Feridas,Pleno dia,Decrescente,Garoa/Chuvisco,Múltipla,Viaduto,Sim,3,0,1,0,2,0,1,2,-27.65981409,-48.67747798,SPRF-SC,DEL01-SC,UOP02-DEL01-SC,2020
"316267,0",2020-10-22,quinta-feira,07:30:00,SC,282,"20,0",PALHOCA,Falta de Atenção à Condução,Colisão traseira,Com Vítimas Feridas,Pleno dia,Decrescente,Nublado,Simples,Reta,Não,3,0,0,1,2,0,1,3,-27.683958,-48.71006,SPRF-SC,DEL01-SC,UOP02-DEL01-SC,2020
"316274,0",2020-10-22,quinta-feira,07:30:00,SC,470,"116,8",IBIRAMA,Condutor Dormindo,Saída de leito carroçável,Com Vítimas Feridas,Pleno dia,Decrescente,Nublado,Simples,Declive;Curva,Não,1,0,1,0,0,0,1,1,-27.08559023,-49.47961092,SPRF-SC,DEL04-SC,UOP02-DEL04-SC,2020
"316280,0",2020-10-22,quinta-feira,08:55:00,SC,101,"194,9",BIGUACU,Falta de Atenção do Pedestre,Atropelamento de Pedestre,Com Vítimas Feridas,Pleno dia,Crescente,Nublado,Múltipla,Reta,Sim,3,0,1,0,1,1,1,2,-27.49815117,-48.65661236,SPRF-SC,DEL01-SC,UOP01-DEL01-SC,2020
"316289,0",2020-10-22,quinta-feira,07:55:00,SC,470,"214,6",SAO CRISTOVAO DO SUL,Falta de Atenção à Condução,Colisão traseira,Com Vítimas Feridas,Pleno dia,Decrescente,Nublado,Simples,Reta;Aclive,Não,2,0,1,0,1,0,1,2,-27.30215542,-50.21773338,SPRF-SC,DEL05-SC,UOP03-DEL05-SC,2020
"316312,0",2020-10-22,quinta-feira,13:10:00,SC,101,"206,5",SAO JOSE,Falta de Atenção à Condução,Colisão lateral,Com Vítimas Feridas,Pleno dia,Decrescente,Chuva,Dupla,Reta,Sim,2,0,1,0,1,0,1,2,-27.59193546,-48.61824557,SPRF-SC,DEL01-SC,UOP01-DEL01-SC,2020
"316326,0",2020-10-22,quinta-feira,13:14:00,SC,101,"190,0",BIGUACU,Velocidade Incompatível,Colisão com objeto estático,Com Vítimas Feridas,Pleno dia,Decrescente,Nublado,Dupla,Curva,Não,2,0,2,0,0,0,2,1,-27.468056,-48.641712,SPRF-SC,DEL01-SC,UOP01-DEL01-SC,2020
"316354,0",2020-10-22,quinta-feira,17:10:00,SC,470,"45,1",GASPAR,Falta de Atenção à Condução,Colisão transversal,Com Vítimas Feridas,Pleno dia,Crescente,Chuva,Simples,Reta,Sim,2,0,1,0,1,0,1,2,-26.867064,-49.031109,SPRF-SC,DEL04-SC,UOP01-DEL04-SC,2020
"316362,0",2020-10-02,sexta-feira,18:00:00,SC,101,"62,9",ARAQUARI,Defeito Mecânico no Veículo,Tombamento,Com Vítimas Feridas,Pleno dia,Crescente,Nublado,Dupla,Reta,Não,2,0,2,0,0,0,2,1,-26.45504246,-48.76711901,SPRF-SC,DEL03-SC,UOP02-DEL03-SC,2020
"316425,0",2020-10-23,sexta-feira,02:50:00,SC,470,"86,5",ASCURRA,Ingestão de álcool e/ou substâncias psicoativas pelo pedestre,Saída de leito carroçável,Com Vítimas Feridas,Plena Noite,Crescente,Céu Claro,Simples,Reta,Sim,5,0,2,0,3,0,2,4,-26.949951,-49.357296,SPRF-SC,DEL04-SC,UOP01-DEL04-SC,2020
"316449,0",2020-10-23,sexta-feira,07:30:00,SC,282,"31,0",SANTO AMARO DA IMPERATRIZ,Pista Escorregadia,Queda de ocupante de veículo,Com Vítimas Feridas,Pleno dia,Decrescente,Garoa/Chuvisco,Simples,Declive;Curva,Não,1,0,1,0,0,0,1,1,-27.695198,-48.793308,SPRF-SC,DEL01-SC,UOP03-DEL01-SC,2020
"316461,0",2020-10-23,sexta-feira,07:34:00,SC,101,"208,0",SAO JOSE,Velocidade Incompatível,Saída de leito carroçável,Sem Vítimas,Pleno dia,Crescente,Céu Claro,Múltipla,Aclive,Sim,1,0,0,0,0,1,0,1,-27.60327979,-48.63201818,SPRF-SC,DEL01-SC,UOP01-DEL01-SC,2020
"316479,0",2020-10-23,sexta-feira,09:30:00,SC,158,"113,7",CUNHA PORA,Não guardar distância de segurança,Colisão traseira,Com Vítimas Feridas,Pleno dia,Decrescente,Céu Claro,Simples,Reta,Não,3,0,1,1,1,0,2,2,-26.88594262,-53.17520142,SPRF-SC,DEL07-SC,UOP02-DEL07-SC,2020
"316543,0",2020-10-23,sexta-feira,16:55:00,SC,101,"209,0",SAO JOSE,Falta de Atenção à Condução,Colisão lateral,Com Vítimas Feridas,Pleno dia,Crescente,Céu Claro,Dupla,Reta,Sim,1,0,1,0,0,0,1,1,-27.61000542,-48.63895057,SPRF-SC,DEL01-SC,UOP01-DEL01-SC,2020
"316550,0",2020-10-23,sexta-feira,17:10:00,SC,470,"66,6",INDAIAL,Falta de Atenção à Condução,Colisão traseira,Com Vítimas Feridas,Pleno dia,Decrescente,Nublado,Simples,Reta;Em Obras,Sim,2,0,0,1,1,0,1,2,-26.870407,-49.221844,SPRF-SC,DEL04-SC,UOP01-DEL04-SC,2020
"316560,0",2020-10-23,sexta-feira,18:10:00,SC,101,"203,0",SAO JOSE,Falta de Atenção à Condução,Colisão traseira,Com Vítimas Feridas,Anoitecer,Decrescente,Céu Claro,Dupla,Rotatória,Sim,3,0,1,0,2,0,1,3,-27.56615078,-48.61307502,SPRF-SC,DEL01-SC,UOP01-DEL01-SC,2020
"316598,0",2020-10-23,sexta-feira,21:00:00,SC,470,"48,2",BLUMENAU,Ingestão de Álcool,Colisão com objeto estático,Com Vítimas Feridas,Plena Noite,Crescente,Nublado,Simples,Em Obras,Não,1,0,0,1,0,0,1,1,-26.859823,-49.055393,SPRF-SC,DEL04-SC,UOP01-DEL04-SC,2020
"316603,0",2020-10-23,sexta-feira,20:15:00,SC,280,"52,8",GUARAMIRIM,Falta de Atenção à Condução,Colisão transversal,Com Vítimas Feridas,Plena Noite,Decrescente,Nublado,Simples,Reta,Sim,2,0,0,1,1,0,1,2,-26.468904,-48.96492,SPRF-SC,DEL03-SC,UOP03-DEL03-SC,2020
"316608,0",2020-10-23,sexta-feira,21:00:00,SC,163,"70,8",SAO MIGUEL DO OESTE,Defeito Mecânico no Veículo,Colisão lateral,Sem Vítimas,Plena Noite,Decrescente,Céu Claro,Simples,Reta,Sim,3,0,0,0,3,0,0,2,-26.73461723,-53.50680015,SPRF-SC,DEL07-SC,UOP03-DEL07-SC,2020
"316620,0",2020-10-23,sexta-feira,22:20:00,SC,470,"70,0",INDAIAL,Ingestão de Álcool,Colisão transversal,Com Vítimas Feridas,Plena Noite,Crescente,Céu Claro,Simples,Em Obras,Não,2,0,1,0,1,0,1,2,-26.889374,-49.254478,SPRF-SC,DEL04-SC,UOP01-DEL04-SC,2020
"316625,0",2020-10-23,sexta-feira,23:15:00,SC,101,"136,3",BALNEARIO CAMBORIU,Defeito Mecânico no Veículo,Colisão com objeto estático,Com Vítimas Feridas,Plena Noite,Crescente,Nublado,Múltipla,Reta,Sim,2,0,2,0,0,0,2,1,-27.008113,-48.617245,SPRF-SC,DEL04-SC,UOP03-DEL04-SC,2020
"316632,0",2020-10-24,sábado,00:05:00,SC,101,"217,0",PALHOCA,Ingestão de Álcool,Colisão com objeto estático,Com Vítimas Feridas,Plena Noite,Crescente,Garoa/Chuvisco,Dupla,Reta,Não,1,0,1,0,0,0,1,1,-27.66779034,-48.67393586,SPRF-SC,DEL01-SC,UOP02-DEL01-SC,2020
"316647,0",2020-10-24,sábado,01:50:00,SC,101,"328,0",CAPIVARI DE BAIXO,Desobediência às normas de trânsito pelo condutor,Saída de leito carroçável,Com Vítimas Feridas,Plena Noite,Decrescente,Céu Claro,Múltipla,Curva,Sim,4,0,3,1,0,0,4,1,-28.45303388,-48.97599936,SPRF-SC,DEL02-SC,UOP01-DEL02-SC,2020
"316649,0",2020-10-24,sábado,01:30:00,SC,280,"225,3",TRES BARRAS,Falta de Atenção à Condução,Colisão transversal,Sem Vítimas,Plena Noite,Crescente,Nublado,Simples,Reta,Não,2,0,0,0,2,0,0,2,-26.17875971,-50.31308811,SPRF-SC,DEL06-SC,UOP04-DEL06-SC,2020
"316652,0",2020-10-24,sábado,03:15:00,SC,101,"357,6",JAGUARUNA,Ingestão de Álcool,Saída de leito carroçável,Com Vítimas Feridas,Plena Noite,Decrescente,Nublado,Dupla,Reta,Não,2,0,1,0,1,0,1,1,-28.64801,-49.103474,SPRF-SC,DEL02-SC,UOP01-DEL02-SC,2020
"316682,0",2020-10-24,sábado,04:30:00,SC,280,"125,4",RIO NEGRINHO,Falta de Atenção à Condução,Colisão traseira,Com Vítimas Feridas,Plena Noite,Crescente,Céu Claro,Simples,Curva,Sim,2,0,1,0,1,0,1,2,-26.23707363,-49.48812962,SPRF-SC,DEL06-SC,UOP03-DEL06-SC,2020
"316700,0",2020-10-24,sábado,09:45:00,SC,470,"58,0",BLUMENAU,Falta de Atenção à Condução,Colisão frontal,Com Vítimas Feridas,Pleno dia,Crescente,Céu Claro,Simples,Reta,Não,2,0,1,0,1,0,1,2,-26.883879,-49.145622,SPRF-SC,DEL04-SC,UOP01-DEL04-SC,2020
"316707,0",2020-10-24,sábado,09:14:00,SC,280,"56,7",GUARAMIRIM,Desobediência às normas de trânsito pelo condutor,Colisão frontal,Com Vítimas Feridas,Pleno dia,Crescente,Sol,Simples,Curva,Sim,2,0,1,0,1,0,1,2,-26.47924516,-49.01014924,SPRF-SC,DEL03-SC,UOP03-DEL03-SC,2020
"316715,0",2020-10-24,sábado,10:00:00,SC,101,"288,5",IMBITUBA,Não guardar distância de segurança,Colisão traseira,Com Vítimas Feridas,Pleno dia,Crescente,Nublado,Múltipla,Reta,Sim,3,0,2,0,1,0,2,2,-28.26801212,-48.70157182,SPRF-SC,DEL02-SC,UOP03-DEL02-SC,2020
"316725,0",2020-10-24,sábado,12:12:00,SC,470,"54,5",BLUMENAU,Desobediência às normas de trânsito pelo condutor,Colisão transversal,Com Vítimas Feridas,Pleno dia,Decrescente,Céu Claro,Simples,Interseção de Vias,Não,2,0,1,0,1,0,1,2,-26.871065,-49.110374,SPRF-SC,DEL04-SC,UOP01-DEL04-SC,2020
"316743,0",2020-10-24,sábado,14:35:00,SC,101,"208,0",SAO JOSE,Ingestão de Álcool,Colisão traseira,Sem Vítimas,Pleno dia,Crescente,Céu Claro,Dupla,Reta,Sim,2,0,0,0,2,0,0,2,-27.60327979,-48.63201818,SPRF-SC,DEL01-SC,UOP01-DEL01-SC,2020
"316759,0",2020-10-24,sábado,13:30:00,SC,282,"226,0",LAGES,Falta de Atenção à Condução,Saída de leito carroçável,Com Vítimas Feridas,Pleno dia,Decrescente,Céu Claro,Simples,Reta,Sim,2,0,1,0,0,1,1,2,-27.795473,-50.389488,SPRF-SC,DEL05-SC,UOP02-DEL05-SC,2020
"316775,0",2020-10-24,sábado,13:00:00,SC,282,"606,4",MARAVILHA,Desobediência às normas de trânsito pelo condutor,Colisão frontal,Com Vítimas Fatais,Pleno dia,Crescente,Sol,Simples,Rotatória,Sim,5,2,2,1,0,0,3,2,-26.77490529,-53.20320368,SPRF-SC,DEL07-SC,UOP02-DEL07-SC,2020
"316778,0",2020-10-24,sábado,16:20:00,SC,470,"267,9",CURITIBANOS,Ultrapassagem Indevida,Saída de leito carroçável,Com Vítimas Fatais,Pleno dia,Crescente,Sol,Simples,Curva;Declive,Não,2,1,0,0,0,1,0,2,-27.312983,-50.73885,SPRF-SC,DEL05-SC,UOP03-DEL05-SC,2020
"316797,0",2020-10-24,sábado,18:30:00,SC,470,"55,7",BLUMENAU,Ingestão de Álcool,Colisão traseira,Sem Vítimas,Anoitecer,Decrescente,Nublado,Simples,Reta,Sim,2,0,0,0,2,0,0,2,-26.87655055,-49.12621532,SPRF-SC,DEL04-SC,UOP01-DEL04-SC,2020
"316799,0",2020-10-24,sábado,15:05:00,SC,282,"642,9",SAO MIGUEL DO OESTE,Falta de Atenção à Condução,Colisão traseira,Sem Vítimas,Pleno dia,Decrescente,Céu Claro,Simples,Reta,Não,2,0,0,0,2,0,0,2,-26.772327,-53.461613,SPRF-SC,DEL07-SC,UOP03-DEL07-SC,2020
"316801,0",2020-10-24,sábado,18:29:00,SC,470,"51,3",BLUMENAU,Ingestão de Álcool,Tombamento,Com Vítimas Feridas,Anoitecer,Crescente,Nublado,Dupla,Reta,Sim,1,0,1,0,0,0,1,1,-26.862339,-49.084038,SPRF-SC,DEL04-SC,UOP01-DEL04-SC,2020
"316822,0",2020-10-24,sábado,19:00:00,SC,101,"214,5",PALHOCA,Falta de Atenção à Condução,Engavetamento,Com Vítimas Feridas,Plena Noite,Decrescente,Nublado,Múltipla,Reta,Sim,4,0,2,0,2,0,2,3,-27.64443,-48.67057,SPRF-SC,DEL01-SC,UOP02-DEL01-SC,2020
"316826,0",2020-10-24,sábado,18:50:00,SC,470,"25,8",ILHOTA,Desobediência às normas de trânsito pelo condutor,Colisão traseira,Com Vítimas Feridas,Plena Noite,Crescente,Céu Claro,Dupla,Reta,Não,2,0,0,1,1,0,1,2,-26.88682821,-48.87422746,SPRF-SC,DEL04-SC,UOP04-DEL04-SC,2020
"316848,0",2020-10-24,sábado,19:40:00,SC,480,"126,7",CHAPECO,Ingestão de Álcool,Colisão com objeto estático,Sem Vítimas,Plena Noite,Crescente,Céu Claro,Dupla,Reta;Declive,Não,1,0,0,0,1,0,0,1,-27.020083,-52.636024,SPRF-SC,DEL07-SC,UOP01-DEL07-SC,2020
"316852,0",2020-10-24,sábado,21:25:00,SC,101,"320,4",PESCARIA BRAVA,Falta de Atenção do Pedestre,Atropelamento de Pedestre,Com Vítimas Feridas,Plena Noite,Crescente,Céu Claro,Simples,Declive;Reta,Não,2,0,1,0,1,0,1,2,-28.42461823,-48.90117645,SPRF-SC,DEL02-SC,UOP01-DEL02-SC,2020
"316872,0",2020-10-24,sábado,15:40:00,SC,280,"304,8",PORTO UNIAO,Falta de Atenção à Condução,Colisão transversal,Com Vítimas Feridas,Pleno dia,Decrescente,Nublado,Simples,Reta,Não,2,0,1,0,1,0,1,2,-26.27999553,-51.05063229,SPRF-SC,DEL06-SC,UOP04-DEL06-SC,2020
"316891,0",2020-10-24,sábado,21:30:00,SC,101,"282,0",IMBITUBA,Ingestão de Álcool,Saída de leito carroçável,Sem Vítimas,Plena Noite,Crescente,Nublado,Múltipla,Reta,Sim,1,0,0,0,0,1,0,1,-28.21191,-48.699723,SPRF-SC,DEL02-SC,UOP03-DEL02-SC,2020
"316893,0",2020-10-24,sábado,23:30:00,SC,470,"240,8",CURITIBANOS,Ingestão de Álcool,Colisão traseira,Sem Vítimas,Plena Noite,Decrescente,Chuva,Simples,Aclive;Reta,Não,2,0,0,0,1,1,0,2,-27.306107,-50.481949,SPRF-SC,DEL05-SC,UOP03-DEL05-SC,2020
"316907,0",2020-10-25,domingo,02:10:00,SC,282,"1,0",FLORIANOPOLIS,Condutor Dormindo,Colisão com objeto estático,Com Vítimas Feridas,Plena Noite,Crescente,Nublado,Múltipla,Reta,Sim,1,0,1,0,0,0,1,1,-27.602955,-48.580509,SPRF-SC,DEL01-SC,UOP01-DEL01-SC,2020
"316910,0",2020-10-24,sábado,23:00:00,SC,101,"6,6",GARUVA,Falta de Atenção à Condução,Colisão com objeto estático,Com Vítimas Fatais,Plena Noite,Crescente,Nublado,Dupla,Reta,Sim,2,1,0,1,0,0,1,1,-26.02692002,-48.86142017,SPRF-SC,DEL03-SC,UOP01-DEL03-SC,2020
"316912,0",2020-10-25,domingo,01:50:00,SC,282,"493,6",FAXINAL DOS GUEDES,Ingestão de álcool e/ou substâncias psicoativas pelo pedestre,Colisão lateral,Sem Vítimas,Plena Noite,Decrescente,Céu Claro,Simples,Aclive;Reta,Não,2,0,0,0,2,0,0,2,-26.869814,-52.310135,SPRF-SC,DEL07-SC,UOP01-DEL07-SC,2020
"316916,0",2020-10-25,domingo,02:20:00,SC,116,"176,0",SAO CRISTOVAO DO SUL,Falta de Atenção à Condução,Saída de leito carroçável,Com Vítimas Feridas,Plena Noite,Crescente,Garoa/Chuvisco,Simples,Reta,Não,1,0,1,0,0,0,1,1,-27.24164321,-50.46329137,SPRF-SC,DEL05-SC,UOP03-DEL05-SC,2020
"316918,0",2020-10-25,domingo,02:50:00,SC,470,"1,5",NAVEGANTES,Desobediência às normas de trânsito pelo condutor,Colisão lateral,Com Vítimas Feridas,Plena Noite,Crescente,Nublado,Dupla,Reta,Não,3,0,2,0,0,1,2,2,-26.875383,-48.668285,SPRF-SC,DEL04-SC,UOP04-DEL04-SC,2020
"316951,0",2020-10-25,domingo,01:50:00,SC,470,"89,6",ASCURRA,Falta de Atenção à Condução,Colisão transversal,Com Vítimas Feridas,Plena Noite,Crescente,Nublado,Simples,Reta,Sim,2,0,0,1,0,1,1,2,-26.96773376,-49.36835825,SPRF-SC,DEL04-SC,UOP01-DEL04-SC,2020
"316953,0",2020-10-24,sábado,17:45:00,SC,280,"52,0",GUARAMIRIM,Desobediência às normas de trânsito pelo condutor,Colisão lateral,Com Vítimas Feridas,Anoitecer,Crescente,Céu Claro,Simples,Reta,Não,3,0,0,2,1,0,2,2,-26.468904,-48.96492,SPRF-SC,DEL03-SC,UOP03-DEL03-SC,2020
"316989,0",2020-10-25,domingo,07:40:00,SC,470,"169,0",POUSO REDONDO,Falta de Atenção à Condução,Colisão transversal,Com Vítimas Feridas,Pleno dia,Crescente,Nublado,Simples,Aclive,Sim,2,0,0,1,1,0,1,2,-27.265471,-49.882442,SPRF-SC,DEL04-SC,UOP02-DEL04-SC,2020
"316991,0",2020-10-25,domingo,09:13:00,SC,116,"4,2",MAFRA,Falta de Atenção à Condução,Colisão lateral,Com Vítimas Feridas,Pleno dia,Crescente,Céu Claro,Simples,Viaduto;Declive,Sim,3,0,0,1,0,2,1,3,-26.13554917,-49.8072652,SPRF-SC,DEL06-SC,UOP01-DEL06-SC,2020
"316997,0",2020-10-25,domingo,10:30:00,SC,101,"205,2",SAO JOSE,Velocidade Incompatível,Saída de leito carroçável,Sem Vítimas,Pleno dia,Decrescente,Céu Claro,Dupla,Curva,Sim,1,0,0,0,0,1,0,1,-27.58313237,-48.61532885,SPRF-SC,DEL01-SC,UOP01-DEL01-SC,2020
"316998,0",2020-10-25,domingo,10:25:00,SC,282,"516,3",XAXIM,Falta de Atenção à Condução,Colisão lateral,Com Vítimas Feridas,Pleno dia,Decrescente,Céu Claro,Simples,Curva,Não,3,0,2,0,1,0,2,2,-26.930862,-52.499157,SPRF-SC,DEL07-SC,UOP01-DEL07-SC,2020
"317012,0",2020-10-25,domingo,12:45:00,SC,101,"418,0",ARARANGUA,Desobediência às normas de trânsito pelo condutor,Colisão frontal,Com Vítimas Feridas,Pleno dia,Decrescente,Céu Claro,Múltipla,Reta,Não,2,0,1,0,1,0,1,2,-28.98044384,-49.53709515,SPRF-SC,DEL02-SC,UOP02-DEL02-SC,2020
"317013,0",2020-10-25,domingo,13:40:00,SC,101,"194,0",BIGUACU,Desobediência às normas de trânsito pelo condutor,Colisão transversal,Com Vítimas Feridas,Pleno dia,Crescente,Céu Claro,Simples,Interseção de Vias,Sim,2,0,1,0,1,0,1,2,-27.49815117,-48.65661236,SPRF-SC,DEL01-SC,UOP01-DEL01-SC,2020
"317018,0",2020-10-25,domingo,14:15:00,SC,101,"113,9",ITAJAI,Defeito Mecânico no Veículo,Tombamento,Com Vítimas Feridas,Pleno dia,Decrescente,Céu Claro,Dupla,Reta,Sim,2,0,2,0,0,0,2,1,-26.85311393,-48.72689927,SPRF-SC,DEL04-SC,UOP04-DEL04-SC,2020
"317064,0",2020-10-25,domingo,17:30:00,SC,470,"29,8",GASPAR,Condutor Dormindo,Saída de leito carroçável,Com Vítimas Feridas,Pleno dia,Crescente,Céu Claro,Dupla,Reta,Não,6,0,3,2,1,0,5,2,-26.89362,-48.903973,SPRF-SC,DEL04-SC,UOP01-DEL04-SC,2020
"317071,0",2020-10-25,domingo,17:32:00,SC,116,"219,5",CORREIA PINTO,Desobediência às normas de trânsito pelo condutor,Colisão transversal,Com Vítimas Feridas,Pleno dia,Crescente,Céu Claro,Simples,Reta;Interseção de Vias,Sim,3,0,2,0,0,1,2,2,-27.57771319,-50.36993036,SPRF-SC,DEL05-SC,UOP03-DEL05-SC,2020
"317072,0",2020-10-25,domingo,18:00:00,SC,470,"172,0",POUSO REDONDO,Velocidade Incompatível,Colisão frontal,Com Vítimas Feridas,Pleno dia,Crescente,Céu Claro,Simples,Reta,Não,6,0,6,0,0,0,6,3,-27.257526,-49.909592,SPRF-SC,DEL04-SC,UOP02-DEL04-SC,2020
"317109,0",2020-10-25,domingo,20:40:00,SC,470,"153,6",AGRONOMICA,Falta de Atenção à Condução,Colisão transversal,Com Vítimas Feridas,Plena Noite,Crescente,Nublado,Simples,Curva;Interseção de Vias,Não,6,0,1,2,3,0,3,2,-27.27547887,-49.74309705,SPRF-SC,DEL04-SC,UOP02-DEL04-SC,2020
"317116,0",2020-10-25,domingo,21:12:00,SC,101,"142,0",BALNEARIO CAMBORIU,Desobediência às normas de trânsito pelo condutor,Saída de leito carroçável,Com Vítimas Feridas,Plena Noite,Crescente,Garoa/Chuvisco,Múltipla,Declive,Não,2,0,1,0,0,1,1,1,-27.056089,-48.599449,SPRF-SC,DEL04-SC,UOP03-DEL04-SC,2020
"317124,0",2020-10-25,domingo,22:20:00,SC,280,"51,0",GUARAMIRIM,Sinalização da via insuficiente ou inadequada,Colisão com objeto estático,Com Vítimas Feridas,Plena Noite,Crescente,Nublado,Simples,Em Obras,Não,1,0,1,0,0,0,1,1,-26.46538871,-48.95544449,SPRF-SC,DEL03-SC,UOP03-DEL03-SC,2020
"317128,0",2020-10-25,domingo,22:40:00,SC,101,"138,2",BALNEARIO CAMBORIU,Falta de Atenção à Condução,Colisão com objeto estático,Com Vítimas Feridas,Plena Noite,Decrescente,Chuva,Dupla,Curva,Sim,2,0,2,0,0,0,2,1,-27.02397426,-48.60761649,SPRF-SC,DEL04-SC,UOP03-DEL04-SC,2020
"317131,0",2020-10-25,domingo,22:50:00,SC,101,"13,0",GARUVA,Falta de Atenção à Condução,Saída de leito carroçável,Com Vítimas Feridas,Pleno dia,Crescente,Céu Claro,Dupla,Reta,Não,1,0,1,0,0,0,1,1,-26.08986803,-48.86345096,SPRF-SC,DEL03-SC,UOP01-DEL03-SC,2020
"317154,0",2020-10-26,segunda-feira,03:05:00,SC,101,"125,5",ITAJAI,Desobediência às normas de trânsito pelo condutor,Colisão com objeto estático,Com Vítimas Feridas,Plena Noite,Decrescente,Nublado,Dupla,Curva,Não,2,0,2,0,0,0,2,1,-26.94802427,-48.68338515,SPRF-SC,DEL04-SC,UOP04-DEL04-SC,2020
"317159,0",2020-10-26,segunda-feira,05:05:00,SC,470,"67,8",INDAIAL,Ingestão de Álcool,Colisão traseira,Sem Vítimas,Amanhecer,Crescente,Nublado,Simples,Desvio Temporário;Reta;Em Obras,Sim,2,0,0,0,2,0,0,2,-26.872158,-49.23127,SPRF-SC,DEL04-SC,UOP01-DEL04-SC,2020
"317164,0",2020-10-26,segunda-feira,05:25:00,SC,101,"247,0",PAULO LOPES,Falta de Atenção à Condução,Capotamento,Sem Vítimas,Amanhecer,Crescente,Céu Claro,Dupla,Reta,Não,1,0,0,0,1,0,0,1,-27.91824491,-48.65414317,SPRF-SC,DEL02-SC,UOP03-DEL02-SC,2020
"317174,0",2020-10-26,segunda-feira,06:45:00,SC,280,"47,9",GUARAMIRIM,Falta de Atenção à Condução,Colisão transversal,Com Vítimas Feridas,Pleno dia,Decrescente,Céu Claro,Simples,Reta;Em Obras,Não,2,0,1,1,0,0,2,2,-26.45353692,-48.917876,SPRF-SC,DEL03-SC,UOP03-DEL03-SC,2020
"317183,0",2020-10-26,segunda-feira,07:18:00,SC,101,"158,4",PORTO BELO,Falta de Atenção à Condução,Colisão transversal,Com Vítimas Feridas,Pleno dia,Crescente,Nublado,Dupla,Reta,Não,2,0,2,0,0,0,2,2,-27.19096301,-48.61259017,SPRF-SC,DEL04-SC,UOP03-DEL04-SC,2020
"317187,0",2020-10-26,segunda-feira,07:25:00,SC,101,"332,2",TUBARAO,Desobediência às normas de trânsito pelo condutor,Colisão traseira,Com Vítimas Feridas,Pleno dia,Crescente,Sol,Dupla,Reta,Sim,3,0,2,0,1,0,2,2,-28.467738,-49.001866,SPRF-SC,DEL02-SC,UOP01-DEL02-SC,2020
"317194,0",2020-10-26,segunda-feira,07:10:00,SC,101,"212,0",PALHOCA,Falta de Atenção à Condução,Tombamento,Com Vítimas Feridas,Pleno dia,Decrescente,Nublado,Múltipla,Reta,Sim,1,0,1,0,0,0,1,1,-27.62996929,-48.65903871,SPRF-SC,DEL01-SC,UOP02-DEL01-SC,2020
"317196,0",2020-10-26,segunda-feira,07:35:00,SC,101,"131,0",BALNEARIO CAMBORIU,Falta de Atenção à Condução,Colisão traseira,Com Vítimas Feridas,Pleno dia,Decrescente,Nublado,Dupla,Reta,Sim,2,0,0,1,1,0,1,2,-26.99064209,-48.66310912,SPRF-SC,DEL04-SC,UOP03-DEL04-SC,2020
"317201,0",2020-10-26,segunda-feira,09:00:00,SC,101,"210,5",SAO JOSE,Falta de Atenção à Condução,Tombamento,Com Vítimas Feridas,Pleno dia,Decrescente,Nublado,Dupla,Reta,Sim,2,0,0,1,0,1,1,2,-27.6167305,-48.6457265,SPRF-SC,DEL01-SC,UOP01-DEL01-SC,2020
"317202,0",2020-10-26,segunda-feira,08:45:00,SC,101,"216,3",PALHOCA,Falta de Atenção à Condução,Colisão lateral,Com Vítimas Feridas,Pleno dia,Decrescente,Céu Claro,Múltipla,Reta,Sim,2,0,1,0,1,0,1,2,-27.65981409,-48.67747798,SPRF-SC,DEL01-SC,UOP02-DEL01-SC,2020
"317211,0",2020-10-26,segunda-feira,09:30:00,SC,101,"40,4",JOINVILLE,Falta de Atenção à Condução,Colisão traseira,Sem Vítimas,Pleno dia,Crescente,Nublado,Dupla,Aclive,Sim,2,0,0,0,2,0,0,2,-26.31126613,-48.87748718,SPRF-SC,DEL03-SC,UOP01-DEL03-SC,2020
"317228,0",2020-10-26,segunda-feira,11:45:00,SC,101,"117,3",ITAJAI,Desobediência às normas de trânsito pelo condutor,Colisão transversal,Com Vítimas Feridas,Pleno dia,Decrescente,Nublado,Simples,Rotatória;Reta;Interseção de Vias,Sim,2,0,1,0,1,0,1,2,-26.88747187,-48.72252969,SPRF-SC,DEL04-SC,UOP04-DEL04-SC,2020
"317239,0",2020-10-26,segunda-feira,12:40:00,SC,101,"296,0",IMBITUBA,Desobediência às normas de trânsito pelo condutor,Colisão traseira,Com Vítimas Feridas,Pleno dia,Crescente,Céu Claro,Simples,Interseção de Vias,Não,2,0,2,0,0,0,2,2,-28.30563701,-48.72103898,SPRF-SC,DEL02-SC,UOP03-DEL02-SC,2020
"317243,0",2020-10-06,terça-feira,18:30:00,SC,101,"114,0",ITAJAI,Falta de Atenção à Condução,Colisão lateral,Com Vítimas Feridas,Anoitecer,Crescente,Ignorado,Múltipla,Reta,Não,2,0,1,0,1,0,1,2,-26.86192886,-48.7286704,SPRF-SC,DEL04-SC,UOP04-DEL04-SC,2020
"317306,0",2020-10-23,sexta-feira,14:45:00,SC,101,"201,0",SAO JOSE,Falta de Atenção à Condução,Colisão lateral,Com Vítimas Feridas,Pleno dia,Crescente,Sol,Dupla,Reta,Sim,2,0,1,0,1,0,1,2,-27.54836599,-48.61977975,SPRF-SC,DEL01-SC,UOP01-DEL01-SC,2020