id,data_inversa,dia_semana,horario,uf,br,km,municipio,causa_acidente,tipo_acidente,classificacao_acidente,fase_dia,sentido_via,condicao_metereologica,tipo_pista,tracado_via,uso_solo,pessoas,mortos,feridos_leves,feridos_graves,ilesos,ignorados,feridos,veiculos,latitude,longitude,regional,delegacia,uop,ano_arquivo
"317375,0",2020-10-27,terça-feira,06:15:00,SC,116,"169,7",PONTE ALTA DO NORTE,Falta de Atenção à Condução,Saída de leito carroçável,Com Vítimas Feridas,Amanhecer,Decrescente,Céu Claro,Simples,Curva,Não,1,0,1,0,0,0,1,1,-27.18975417,-50.46363831,SPRF-SC,DEL05-SC,UOP03-DEL05-SC,2020
"317381,0",2020-10-24,sábado,21:30:00,SC,470,"70,0",INDAIAL,Ingestão de Álcool,Colisão frontal,Sem Vítimas,Plena Noite,Crescente,Céu Claro,Simples,Reta,Não,2,0,0,0,2,0,0,2,-26.889374,-49.254478,SPRF-SC,DEL04-SC,UOP01-DEL04-SC,2020
"317384,0",2020-10-27,terça-feira,07:45:00,SC,101,"119,7",ITAJAI,Falta de Atenção à Condução,Colisão traseira,Com Vítimas Feridas,Pleno dia,Decrescente,Céu Claro,Múltipla,Reta,Sim,3,0,2,0,1,0,2,3,-26.9043179,-48.71555481,SPRF-SC,DEL04-SC,UOP04-DEL04-SC,2020
"317387,0",2020-10-27,terça-feira,06:30:00,SC,282,"293,7",VARGEM,Velocidade Incompatível,Colisão com objeto estático,Com Vítimas Feridas,Pleno dia,Decrescente,Chuva,Simples,Curva,Não,2,0,2,0,0,0,2,1,-27.53443875,-50.87227084,SPRF-SC,DEL07-SC,UOP06-DEL07-SC,2020
"317395,0",2020-10-27,terça-feira,08:00:00,SC,101,"148,0",ITAPEMA,Desobediência às normas de trânsito pelo condutor,Colisão lateral,Com Vítimas Feridas,Pleno dia,Crescente,Nublado,Múltipla,Reta,Sim,2,0,2,0,0,0,2,2,-27.10123686,-48.61807962,SPRF-SC,DEL04-SC,UOP03-DEL04-SC,2020
"317406,0",2020-10-27,terça-feira,11:35:00,SC,101,"118,0",ITAJAI,Falta de Atenção à Condução,Colisão lateral,Com Vítimas Feridas,Pleno dia,Crescente,Céu Claro,Múltipla,Reta,Não,2,0,1,0,1,0,1,2,-26.85194793,-48.67458344,SPRF-SC,DEL04-SC,UOP04-DEL04-SC,2020
"317416,0",2020-10-27,terça-feira,11:20:00,SC,101,"259,6",PAULO LOPES,Velocidade Incompatível,Saída de leito carroçável,Com Vítimas Feridas,Pleno dia,Decrescente,Chuva,Simples,Aclive,Não,2,0,1,1,0,0,2,1,-28.013062,-48.695152,SPRF-SC,DEL02-SC,UOP03-DEL02-SC,2020
"317445,0",2020-10-13,terça-feira,21:30:00,SC,101,"321,0",PESCARIA BRAVA,Falta de Atenção à Condução,Colisão com objeto estático,Com Vítimas Feridas,Plena Noite,Crescente,Céu Claro,Dupla,Reta,Não,1,0,0,1,0,0,1,1,-28.42532339,-48.8919091,SPRF-SC,DEL02-SC,UOP01-DEL02-SC,2020
"317449,0",2020-10-19,segunda-feira,20:45:00,SC,101,"133,9",BALNEARIO CAMBORIU,Velocidade Incompatível,Colisão traseira,Com Vítimas Feridas,Plena Noite,Decrescente,Céu Claro,Múltipla,Reta,Sim,3,0,1,0,1,1,1,3,-26.99936,-48.64609,SPRF-SC,DEL04-SC,UOP03-DEL04-SC,2020
"317456,0",2020-10-27,terça-feira,17:40:00,SC,470,"94,6",APIUNA,Desobediência às normas de trânsito pelo condutor,Colisão transversal,Com Vítimas Feridas,Pleno dia,Crescente,Sol,Simples,Reta,Não,2,0,0,1,1,0,1,2,-27.003345,-49.374668,SPRF-SC,DEL04-SC,UOP01-DEL04-SC,2020
"317465,0",2020-10-16,sexta-feira,18:29:00,SC,101,"137,0",ITAPEMA,Falta de Atenção à Condução,Colisão lateral,Com Vítimas Feridas,Plena Noite,Decrescente,Céu Claro,Dupla,Reta,Sim,2,0,1,0,1,0,1,2,-27.0157238,-48.61192763,SPRF-SC,DEL04-SC,UOP03-DEL04-SC,2020
"317495,0",2020-10-11,domingo,10:30:00,SC,101,"81,0",BARRA VELHA,Não guardar distância de segurança,Colisão traseira,Com Vítimas Feridas,Pleno dia,Crescente,Sol,Múltipla,Reta,Sim,5,0,2,0,3,0,2,3,-26.60256101,-48.72553524,SPRF-SC,DEL03-SC,UOP02-DEL03-SC,2020
"317516,0",2020-10-28,quarta-feira,00:51:00,SC,116,"105,9",MONTE CASTELO,Falta de Atenção à Condução,Colisão com objeto estático,Com Vítimas Feridas,Plena Noite,Decrescente,Nublado,Simples,Curva;Declive,Não,1,0,0,1,0,0,1,1,-26.75095005,-50.31749478,SPRF-SC,DEL06-SC,UOP02-DEL06-SC,2020
"317522,0",2020-10-28,quarta-feira,00:45:00,SC,101,"340,3",TUBARAO,Ingestão de Álcool,Colisão traseira,Com Vítimas Fatais,Plena Noite,Decrescente,Nublado,Múltipla,Reta,Sim,4,1,0,1,1,1,1,3,-28.516,-49.053,SPRF-SC,DEL02-SC,UOP01-DEL02-SC,2020
"317532,0",2020-10-28,quarta-feira,06:35:00,SC,480,"130,0",CHAPECO,Velocidade Incompatível,Colisão frontal,Com Vítimas Feridas,Pleno dia,Decrescente,Céu Claro,Simples,Curva,Sim,2,0,0,1,1,0,1,2,-27.05534298,-52.63652069,SPRF-SC,DEL07-SC,UOP01-DEL07-SC,2020
"317543,0",2020-10-28,quarta-feira,07:50:00,SC,101,"210,0",SAO JOSE,Não guardar distância de segurança,Colisão traseira,Com Vítimas Feridas,Pleno dia,Decrescente,Sol,Múltipla,Reta,Não,3,0,0,2,0,1,2,2,-27.6167305,-48.6457265,SPRF-SC,DEL01-SC,UOP01-DEL01-SC,2020
"317547,0",2020-10-28,quarta-feira,08:00:00,SC,101,"235,2",PALHOCA,Falta de Atenção à Condução,Tombamento,Com Vítimas Feridas,Pleno dia,Crescente,Céu Claro,Dupla,Reta,Não,1,0,0,1,0,0,1,1,-27.8177775,-48.6315025,SPRF-SC,DEL01-SC,UOP02-DEL01-SC,2020
"317549,0",2020-10-28,quarta-feira,08:30:00,SC,101,"209,0",SAO JOSE,Falta de Atenção à Condução,Tombamento,Com Vítimas Feridas,Pleno dia,Decrescente,Céu Claro,Dupla,Aclive,Sim,1,0,1,0,0,0,1,1,-27.61000542,-48.63895057,SPRF-SC,DEL01-SC,UOP01-DEL01-SC,2020
"317560,0",2020-10-28,quarta-feira,07:40:00,SC,282,"23,7",PALHOCA,Desobediência às normas de trânsito pelo condutor,Colisão lateral,Com Vítimas Feridas,Pleno dia,Crescente,Sol,Simples,Interseção de Vias,Não,2,0,0,1,1,0,1,2,-27.687958,-48.736794,SPRF-SC,DEL01-SC,UOP03-DEL01-SC,2020
"317566,0",2020-10-12,segunda-feira,05:10:00,SC,282,"507,0",XANXERE,Desobediência às normas de trânsito pelo condutor,Tombamento,Com Vítimas Feridas,Amanhecer,Decrescente,Céu Claro,Dupla,Reta,Sim,2,0,1,1,0,0,2,1,-26.886171,-52.43911,SPRF-SC,DEL07-SC,UOP01-DEL07-SC,2020
"317596,0",2020-10-28,quarta-feira,14:00:00,SC,101,"205,0",SAO JOSE,Falta de Atenção à Condução,Colisão traseira,Com Vítimas Feridas,Pleno dia,Decrescente,Céu Claro,Múltipla,Reta,Sim,2,0,1,0,1,0,1,2,-27.58313237,-48.61532885,SPRF-SC,DEL01-SC,UOP01-DEL01-SC,2020
"317603,0",2020-10-28,quarta-feira,13:20:00,SC,101,"37,0",JOINVILLE,Avarias e/ou desgaste excessivo no pneu,Tombamento,Com Vítimas Feridas,Pleno dia,Crescente,Céu Claro,Dupla,Reta,Sim,2,0,2,0,0,0,2,1,-26.29210684,-48.88497591,SPRF-SC,DEL03-SC,UOP01-DEL03-SC,2020
"317624,0",2020-10-28,quarta-feira,16:40:00,SC,101,"216,0",PALHOCA,Não guardar distância de segurança,Colisão traseira,Com Vítimas Feridas,Pleno dia,Decrescente,Céu Claro,Dupla,Reta,Sim,4,0,2,0,2,0,2,2,-27.65981409,-48.67747798,SPRF-SC,DEL01-SC,UOP02-DEL01-SC,2020
"317625,0",2020-10-28,quarta-feira,13:30:00,SC,101,"312,8",LAGUNA,Falta de Atenção à Condução,Tombamento,Com Vítimas Feridas,Pleno dia,Crescente,Céu Claro,Dupla,Ponte,Sim,1,0,1,0,0,0,1,1,-28.43879443,-48.8308543,SPRF-SC,DEL02-SC,UOP01-DEL02-SC,2020
"317633,0",2020-10-28,quarta-feira,17:10:00,SC,101,"204,0",SAO JOSE,Falta de Atenção à Condução,Queda de ocupante de veículo,Com Vítimas Feridas,Pleno dia,Decrescente,Céu Claro,Múltipla,Reta,Sim,1,0,1,0,0,0,1,1,-27.57413014,-48.61363083,SPRF-SC,DEL01-SC,UOP01-DEL01-SC,2020
"317657,0",2020-10-28,quarta-feira,19:10:00,SC,470,"64,8",INDAIAL,Desobediência às normas de trânsito pelo condutor,Colisão transversal,Com Vítimas Feridas,Plena Noite,Crescente,Céu Claro,Simples,Reta,Sim,3,0,0,2,1,0,2,2,-26.87024253,-49.21046675,SPRF-SC,DEL04-SC,UOP01-DEL04-SC,2020
"317668,0",2020-10-28,quarta-feira,19:45:00,SC,101,"306,4",LAGUNA,Falta de Atenção à Condução,Saída de leito carroçável,Com Vítimas Feridas,Plena Noite,Decrescente,Céu Claro,Dupla,Reta,Sim,1,0,1,0,0,0,1,1,-28.38437001,-48.77113299,SPRF-SC,DEL02-SC,UOP03-DEL02-SC,2020
"317675,0",2020-10-28,quarta-feira,20:20:00,SC,101,"207,0",SAO JOSE,Falta de Atenção à Condução,Colisão transversal,Com Vítimas Feridas,Plena Noite,Decrescente,Céu Claro,Múltipla,Interseção de Vias,Sim,2,0,1,0,1,0,1,2,-27.60001226,-48.6226467,SPRF-SC,DEL01-SC,UOP01-DEL01-SC,2020
"317679,0",2020-10-28,quarta-feira,20:30:00,SC,470,"67,9",INDAIAL,Desobediência às normas de trânsito pelo condutor,Colisão traseira,Com Vítimas Feridas,Plena Noite,Crescente,Céu Claro,Simples,Interseção de Vias;Declive;Reta,Sim,2,0,1,0,1,0,1,2,-26.87843321,-49.24029442,SPRF-SC,DEL04-SC,UOP01-DEL04-SC,2020
"317694,0",2020-10-28,quarta-feira,23:45:00,SC,280,"123,3",RIO NEGRINHO,Falta de Atenção à Condução,Colisão transversal,Com Vítimas Feridas,Plena Noite,Decrescente,Céu Claro,Simples,Reta,Sim,2,0,0,2,0,0,2,2,-26.24420169,-49.46557991,SPRF-SC,DEL06-SC,UOP03-DEL06-SC,2020
"317706,0",2020-10-29,quinta-feira,00:15:00,SC,153,"13,8",AGUA DOCE,Falta de Atenção à Condução,Saída de leito carroçável,Com Vítimas Fatais,Plena Noite,Crescente,Céu Claro,Simples,Reta,Não,2,1,1,0,0,0,1,1,-26.700307,-51.577069,SPRF-SC,DEL07-SC,UOP05-DEL07-SC,2020
"317732,0",2020-10-29,quinta-feira,07:15:00,SC,101,"145,0",ITAPEMA,Avarias e/ou desgaste excessivo no pneu,Tombamento,Com Vítimas Feridas,Pleno dia,Decrescente,Céu Claro,Dupla,Reta,Não,2,0,0,1,1,0,1,1,-27.08139206,-48.60130993,SPRF-SC,DEL04-SC,UOP03-DEL04-SC,2020
"317748,0",2020-10-29,quinta-feira,09:20:00,SC,101,"117,5",ITAJAI,Falta de Atenção à Condução,Colisão traseira,Com Vítimas Feridas,Pleno dia,Crescente,Céu Claro,Múltipla,Reta,Sim,2,0,1,0,1,0,1,2,-26.88747187,-48.72252969,SPRF-SC,DEL04-SC,UOP04-DEL04-SC,2020
"317756,0",2020-10-29,quinta-feira,09:55:00,SC,101,"127,1",ITAJAI,Defeito Mecânico no Veículo,Tombamento,Com Vítimas Feridas,Pleno dia,Crescente,Nublado,Dupla,Curva,Não,2,0,2,0,0,0,2,1,-26.9639319,-48.68328024,SPRF-SC,DEL04-SC,UOP04-DEL04-SC,2020
"317762,0",2020-10-29,quinta-feira,10:40:00,SC,282,"6,3",SAO JOSE,Falta de Atenção à Condução,Colisão traseira,Sem Vítimas,Pleno dia,Crescente,Céu Claro,Dupla,Curva,Sim,2,0,0,0,2,0,0,2,-27.591936,-48.618244,SPRF-SC,DEL01-SC,UOP01-DEL01-SC,2020
"317776,0",2020-10-29,quinta-feira,08:50:00,SC,101,"137,0",BALNEARIO CAMBORIU,Falta de Atenção à Condução,Colisão lateral,Com Vítimas Feridas,Pleno dia,Decrescente,Nublado,Dupla,Reta,Sim,2,0,1,0,0,1,1,2,-27.0157238,-48.61192763,SPRF-SC,DEL04-SC,UOP03-DEL04-SC,2020
"317794,0",2020-10-29,quinta-feira,15:00:00,SC,470,"129,0",LONTRAS,Defeito Mecânico no Veículo,Tombamento,Com Vítimas Feridas,Pleno dia,Crescente,Céu Claro,Simples,Curva,Não,1,0,1,0,0,0,1,1,-27.16669522,-49.55863953,SPRF-SC,DEL04-SC,UOP02-DEL04-SC,2020
"317806,0",2020-10-29,quinta-feira,16:10:00,SC,101,"195,0",BIGUACU,Falta de Atenção à Condução,Atropelamento de Pedestre,Com Vítimas Feridas,Pleno dia,Crescente,Céu Claro,Múltipla,Viaduto,Sim,3,0,0,1,1,1,1,2,-27.5047092,-48.65010819,SPRF-SC,DEL01-SC,UOP01-DEL01-SC,2020
"317820,0",2020-10-29,quinta-feira,15:45:00,SC,101,"41,0",JOINVILLE,Falta de Atenção à Condução,Colisão traseira,Com Vítimas Feridas,Pleno dia,Crescente,Céu Claro,Simples,Reta,Sim,2,0,1,0,1,0,1,2,-26.28215489,-48.88973081,SPRF-SC,DEL03-SC,UOP01-DEL03-SC,2020
"317822,0",2020-10-29,quinta-feira,17:45:00,SC,101,"325,6",CAPIVARI DE BAIXO,Falta de Atenção à Condução,Tombamento,Com Vítimas Feridas,Pleno dia,Crescente,Nublado,Dupla,Reta,Sim,2,0,2,0,0,0,2,1,-28.42625143,-48.94513249,SPRF-SC,DEL02-SC,UOP01-DEL02-SC,2020
"317826,0",2020-10-29,quinta-feira,15:50:00,SC,163,"88,7",GUARACIABA,Falta de Atenção à Condução,Saída de leito carroçável,Com Vítimas Feridas,Pleno dia,Decrescente,Nublado,Simples,Em Obras;Curva,Não,1,0,1,0,0,0,1,1,-26.58233094,-53.51749809,SPRF-SC,DEL07-SC,UOP03-DEL07-SC,2020
"317835,0",2020-10-29,quinta-feira,18:00:00,SC,470,"66,3",INDAIAL,Falta de Atenção à Condução,Colisão transversal,Com Vítimas Feridas,Plena Noite,Decrescente,Céu Claro,Simples,Reta,Não,2,0,1,0,1,0,1,2,-26.87085631,-49.22881549,SPRF-SC,DEL04-SC,UOP01-DEL04-SC,2020
"317845,0",2020-10-29,quinta-feira,18:00:00,SC,116,"246,1",LAGES,Desobediência às normas de trânsito pelo condutor,Colisão transversal,Com Vítimas Feridas,Anoitecer,Crescente,Nublado,Simples,Interseção de Vias,Não,2,0,0,1,1,0,1,2,-27.80419942,-50.36509464,SPRF-SC,DEL05-SC,UOP02-DEL05-SC,2020
"317859,0",2020-10-29,quinta-feira,19:55:00,SC,101,"84,9",BARRA VELHA,Falta de Atenção do Pedestre,Atropelamento de Pedestre,Com Vítimas Fatais,Plena Noite,Crescente,Chuva,Dupla,Reta,Sim,2,1,0,0,1,0,0,2,-26.631489,-48.70407,SPRF-SC,DEL03-SC,UOP02-DEL03-SC,2020
"317865,0",2020-09-19,sábado,09:00:00,SC,470,"109,6",APIUNA,Desobediência às normas de trânsito pelo condutor,Colisão lateral,Com Vítimas Feridas,Pleno dia,Crescente,Céu Claro,Simples,Curva,Não,3,0,1,1,1,0,2,2,-27.083876,-49.449543,SPRF-SC,DEL04-SC,UOP02-DEL04-SC,2020
"317918,0",2020-10-30,sexta-feira,06:30:00,SC,101,"54,9",JOINVILLE,Avarias e/ou desgaste excessivo no pneu,Colisão com objeto estático,Com Vítimas Feridas,Pleno dia,Crescente,Chuva,Dupla,Aclive,Não,1,0,1,0,0,0,1,1,-26.41319508,-48.83617332,SPRF-SC,DEL03-SC,UOP01-DEL03-SC,2020
"317933,0",2020-10-30,sexta-feira,08:25:00,SC,101,"220,1",PALHOCA,Animais na Pista,Atropelamento de Animal,Com Vítimas Feridas,Pleno dia,Crescente,Nublado,Múltipla,Reta,Sim,1,0,0,1,0,0,1,1,-27.69198941,-48.66368358,SPRF-SC,DEL01-SC,UOP02-DEL01-SC,2020
"317946,0",2020-09-19,sábado,00:30:00,SC,282,"257,0",SAO JOSE DO CERRITO,Velocidade Incompatível,Saída de leito carroçável,Com Vítimas Feridas,Plena Noite,Crescente,Céu Claro,Simples,Curva,Não,4,0,4,0,0,0,4,1,-27.664351,-50.584618,SPRF-SC,DEL05-SC,UOP02-DEL05-SC,2020
"317975,0",2020-10-30,sexta-feira,11:05:00,SC,282,"258,5",SAO JOSE DO CERRITO,Velocidade Incompatível,Saída de leito carroçável,Com Vítimas Feridas,Pleno dia,Decrescente,Céu Claro,Simples,Curva,Não,1,0,1,0,0,0,1,1,-27.659687,-50.591881,SPRF-SC,DEL05-SC,UOP02-DEL05-SC,2020
"317999,0",2020-10-30,sexta-feira,14:00:00,SC,101,"411,0",ARARANGUA,Falta de Atenção à Condução,Saída de leito carroçável,Com Vítimas Feridas,Pleno dia,Decrescente,Céu Claro,Dupla,Reta,Não,4,0,4,0,0,0,4,1,-28.93522821,-49.51838493,SPRF-SC,DEL02-SC,UOP02-DEL02-SC,2020
"318000,0",2020-10-30,sexta-feira,13:30:00,SC,101,"139,2",BALNEARIO CAMBORIU,Não guardar distância de segurança,Colisão traseira,Com Vítimas Feridas,Pleno dia,Crescente,Céu Claro,Simples,Aclive,Não,3,0,1,1,1,0,2,2,-27.02982303,-48.60115006,SPRF-SC,DEL04-SC,UOP03-DEL04-SC,2020
"318025,0",2020-10-30,sexta-feira,16:20:00,SC,470,"54,1",BLUMENAU,Desobediência às normas de trânsito pelo condutor,Tombamento,Com Vítimas Feridas,Pleno dia,Decrescente,Céu Claro,Simples,Reta,Sim,1,0,1,0,0,0,1,1,-26.871065,-49.110374,SPRF-SC,DEL04-SC,UOP01-DEL04-SC,2020
"318037,0",2020-10-30,sexta-feira,17:10:00,SC,282,"5,0",SAO JOSE,Falta de Atenção à Condução,Colisão traseira,Com Vítimas Feridas,Pleno dia,Crescente,Céu Claro,Dupla,Reta,Sim,2,0,1,0,1,0,1,2,-27.588425,-48.612919,SPRF-SC,DEL01-SC,UOP01-DEL01-SC,2020
"318041,0",2020-10-30,sexta-feira,16:30:00,SC,101,"421,3",ARARANGUA,Falta de Atenção à Condução,Colisão com objeto estático,Com Vítimas Feridas,Pleno dia,Decrescente,Sol,Dupla,Reta,Sim,3,0,3,0,0,0,3,1,-29.00048611,-49.5576719,SPRF-SC,DEL02-SC,UOP02-DEL02-SC,2020
"318109,0",2020-10-30,sexta-feira,21:00:00,SC,101,"118,0",ITAJAI,Ingestão de Álcool,Colisão lateral,Com Vítimas Feridas,Plena Noite,Crescente,Nublado,Dupla,Reta,Sim,2,0,1,0,1,0,1,2,-26.895859,-48.71903,SPRF-SC,DEL04-SC,UOP04-DEL04-SC,2020
"318115,0",2020-10-30,sexta-feira,16:35:00,SC,101,"47,0",JOINVILLE,Falta de Atenção à Condução,Colisão traseira,Com Vítimas Feridas,Pleno dia,Crescente,Céu Claro,Dupla,Reta,Sim,3,0,1,0,2,0,1,2,-26.34234997,-48.85840089,SPRF-SC,DEL03-SC,UOP01-DEL03-SC,2020
"318142,0",2020-10-30,sexta-feira,23:05:00,SC,101,"115,0",ITAJAI,Ingestão de Álcool,Colisão traseira,Sem Vítimas,Plena Noite,Crescente,Céu Claro,Dupla,Reta,Sim,3,0,0,0,2,1,0,3,-26.87064015,-48.72954134,SPRF-SC,DEL04-SC,UOP04-DEL04-SC,2020
"318157,0",2020-10-31,sábado,02:40:00,SC,282,"331,0",CAMPOS NOVOS,Ingestão de Álcool,Saída de leito carroçável,Com Vítimas Feridas,Plena Noite,Decrescente,Céu Claro,Simples,Reta,Não,2,0,1,0,0,1,1,1,-27.387941,-51.116081,SPRF-SC,DEL07-SC,UOP06-DEL07-SC,2020
"318170,0",2020-10-31,sábado,03:50:00,SC,282,"526,7",XAXIM,Ingestão de Álcool,Saída de leito carroçável,Sem Vítimas,Plena Noite,Crescente,Céu Claro,Simples,Curva,Não,1,0,0,0,1,0,0,1,-26.973196,-52.583321,SPRF-SC,DEL07-SC,UOP01-DEL07-SC,2020
"318177,0",2020-10-31,sábado,05:00:00,SC,116,"190,0",SAO CRISTOVAO DO SUL,Velocidade Incompatível,Saída de leito carroçável,Com Vítimas Feridas,Amanhecer,Decrescente,Céu Claro,Simples,Curva,Não,1,0,1,0,0,0,1,1,-27.34581721,-50.43271975,SPRF-SC,DEL05-SC,UOP03-DEL05-SC,2020
"318194,0",2020-10-31,sábado,07:20:00,SC,470,"120,9",IBIRAMA,Defeito Mecânico no Veículo,Capotamento,Com Vítimas Feridas,Pleno dia,Decrescente,Céu Claro,Simples,Curva,Não,2,0,1,0,1,0,1,1,-27.089924,-49.520416,SPRF-SC,DEL04-SC,UOP02-DEL04-SC,2020
"318197,0",2020-10-31,sábado,07:38:00,SC,101,"87,0",BARRA VELHA,Ingestão de Álcool,Colisão com objeto estático,Com Vítimas Feridas,Pleno dia,Decrescente,Nublado,Múltipla,Rotatória,Sim,1,0,1,0,0,0,1,1,-26.63713377,-48.69651057,SPRF-SC,DEL03-SC,UOP02-DEL03-SC,2020
"318220,0",2020-10-31,sábado,08:50:00,SC,470,"65,2",INDAIAL,Falta de Atenção do Pedestre,Atropelamento de Pedestre,Com Vítimas Feridas,Pleno dia,Decrescente,Céu Claro,Simples,Reta,Não,2,0,1,0,1,0,1,2,-26.870411,-49.211864,SPRF-SC,DEL04-SC,UOP01-DEL04-SC,2020
"318223,0",2020-10-31,sábado,08:15:00,SC,101,"296,9",IMBITUBA,Falta de Atenção à Condução,Colisão com objeto estático,Com Vítimas Feridas,Pleno dia,Crescente,Nublado,Simples,Viaduto,Sim,1,0,1,0,0,0,1,1,-28.31353989,-48.7240982,SPRF-SC,DEL02-SC,UOP03-DEL02-SC,2020
"318227,0",2020-10-31,sábado,09:30:00,SC,101,"135,0",BALNEARIO CAMBORIU,Ingestão de Álcool,Colisão traseira,Com Vítimas Feridas,Pleno dia,Crescente,Nublado,Múltipla,Reta,Sim,2,0,1,0,1,0,1,2,-27.0050108,-48.62677494,SPRF-SC,DEL04-SC,UOP03-DEL04-SC,2020
"318230,0",2020-10-31,sábado,10:05:00,SC,282,"17,0",PALHOCA,Falta de Atenção à Condução,Colisão transversal,Com Vítimas Feridas,Pleno dia,Crescente,Nublado,Simples,Reta,Sim,3,0,2,0,1,0,2,2,-27.665707,-48.688065,SPRF-SC,DEL01-SC,UOP02-DEL01-SC,2020
"318240,0",2020-10-31,sábado,09:55:00,SC,101,"70,4",ARAQUARI,Falta de Atenção à Condução,Colisão traseira,Com Vítimas Feridas,Pleno dia,Crescente,Céu Claro,Dupla,Reta,Não,7,0,1,0,6,0,1,5,-26.51082007,-48.72345612,SPRF-SC,DEL03-SC,UOP02-DEL03-SC,2020
"318241,0",2020-10-31,sábado,10:10:00,SC,101,"127,9",ITAJAI,Falta de Atenção do Pedestre,Atropelamento de Pedestre,Com Vítimas Feridas,Pleno dia,Decrescente,Sol,Dupla,Reta,Não,2,0,1,1,0,0,2,2,-26.9639319,-48.68328024,SPRF-SC,DEL04-SC,UOP04-DEL04-SC,2020
"318242,0",2020-10-31,sábado,10:46:00,SC,101,"69,9",ARAQUARI,Não guardar distância de segurança,Colisão traseira,Com Vítimas Feridas,Pleno dia,Crescente,Nublado,Múltipla,Reta,Sim,2,0,1,0,1,0,1,2,-26.50298009,-48.72814515,SPRF-SC,DEL03-SC,UOP02-DEL03-SC,2020
"318250,0",2020-10-31,sábado,11:10:00,SC,101,"149,1",ITAPEMA,Falta de Atenção à Condução,Colisão traseira,Com Vítimas Feridas,Pleno dia,Decrescente,Nublado,Simples,Interseção de Vias,Sim,2,0,1,0,1,0,1,2,-27.1089649,-48.61277586,SPRF-SC,DEL04-SC,UOP03-DEL04-SC,2020
"318251,0",2020-10-31,sábado,09:45:00,SC,470,"69,0",INDAIAL,Falta de Atenção à Condução,Colisão traseira,Com Vítimas Feridas,Pleno dia,Decrescente,Nublado,Simples,Reta;Em Obras,Sim,7,0,5,0,2,0,5,4,-26.88801911,-49.25267458,SPRF-SC,DEL04-SC,UOP01-DEL04-SC,2020
"318257,0",2020-10-31,sábado,11:50:00,SC,101,"227,0",PALHOCA,Falta de Atenção à Condução,Colisão lateral,Com Vítimas Feridas,Pleno dia,Crescente,Céu Claro,Dupla,Reta,Sim,2,0,0,1,1,0,1,2,-27.7509149,-48.63460277,SPRF-SC,DEL01-SC,UOP02-DEL01-SC,2020
"318259,0",2020-10-31,sábado,11:30:00,SC,101,"210,0",SAO JOSE,Falta de Atenção à Condução,Colisão lateral,Com Vítimas Feridas,Pleno dia,Decrescente,Nublado,Dupla,Reta,Sim,2,0,1,0,1,0,1,2,-27.6167305,-48.6457265,SPRF-SC,DEL01-SC,UOP01-DEL01-SC,2020
"318276,0",2020-10-31,sábado,13:15:00,SC,101,"195,0",BIGUACU,Falta de Atenção à Condução,Colisão com objeto estático,Com Vítimas Feridas,Pleno dia,Decrescente,Nublado,Dupla,Reta,Sim,1,0,1,0,0,0,1,1,-27.5047092,-48.65010819,SPRF-SC,DEL01-SC,UOP01-DEL01-SC,2020
"318289,0",2020-10-31,sábado,14:20:00,SC,470,"176,0",POUSO REDONDO,Não guardar distância de segurança,Saída de leito carroçável,Com Vítimas Feridas,Pleno dia,Decrescente,Nublado,Simples,Aclive;Reta,Não,1,0,1,0,0,0,1,1,-27.25283647,-49.95215178,SPRF-SC,DEL04-SC,UOP02-DEL04-SC,2020
"318295,0",2020-10-31,sábado,15:00:00,SC,101,"140,0",BALNEARIO CAMBORIU,Falta de Atenção à Condução,Colisão traseira,Sem Vítimas,Pleno dia,Crescente,Nublado,Simples,Curva,Não,2,0,0,0,2,0,0,2,-27.03881189,-48.60025148,SPRF-SC,DEL04-SC,UOP03-DEL04-SC,2020
"318298,0",2020-10-31,sábado,12:45:00,SC,282,"54,0",RANCHO QUEIMADO,Falta de Atenção à Condução,Saída de leito carroçável,Com Vítimas Feridas,Pleno dia,Decrescente,Chuva,Simples,Curva,Não,2,0,0,1,1,0,1,1,-27.685799,-48.974514,SPRF-SC,DEL01-SC,UOP03-DEL01-SC,2020
"318311,0",2020-10-31,sábado,16:22:00,SC,282,"222,0",LAGES,Avarias e/ou desgaste excessivo no pneu,Saída de leito carroçável,Sem Vítimas,Pleno dia,Decrescente,Chuva,Simples,Curva,Não,3,0,0,0,3,0,0,1,-27.797739,-50.353409,SPRF-SC,DEL05-SC,UOP01-DEL05-SC,2020
"318326,0",2020-10-31,sábado,16:50:00,SC,470,"143,8",RIO DO SUL,Desobediência às normas de trânsito pelo condutor,Colisão transversal,Com Vítimas Feridas,Pleno dia,Crescente,Nublado,Simples,Reta,Não,2,0,1,0,0,1,1,2,-27.233143,-49.672886,SPRF-SC,DEL04-SC,UOP02-DEL04-SC,2020
"318341,0",2020-10-31,sábado,14:00:00,SC,282,"589,0",SAUDADES,Ultrapassagem Indevida,Colisão lateral,Com Vítimas Feridas,Pleno dia,Decrescente,Céu Claro,Simples,Reta,Não,3,0,1,2,0,0,3,2,-26.82596,-53.062588,SPRF-SC,DEL07-SC,UOP02-DEL07-SC,2020
"318368,0",2020-10-31,sábado,17:40:00,SC,470,"153,2",AGRONOMICA,Velocidade Incompatível,Saída de leito carroçável,Com Vítimas Feridas,Pleno dia,Decrescente,Nublado,Simples,Curva,Não,2,0,1,0,1,0,1,1,-27.27648789,-49.73922729,SPRF-SC,DEL04-SC,UOP02-DEL04-SC,2020
"318374,0",2020-10-31,sábado,20:30:00,SC,470,"157,3",TROMBUDO CENTRAL,Pista Escorregadia,Saída de leito carroçável,Com Vítimas Feridas,Plena Noite,Decrescente,Garoa/Chuvisco,Simples,Curva,Não,2,0,1,0,1,0,1,1,-27.28377304,-49.7638607,SPRF-SC,DEL04-SC,UOP02-DEL04-SC,2020