id,data_inversa,dia_semana,horario,uf,br,km,municipio,causa_acidente,tipo_acidente,classificacao_acidente,fase_dia,sentido_via,condicao_metereologica,tipo_pista,tracado_via,uso_solo,pessoas,mortos,feridos_leves,feridos_graves,ilesos,ignorados,feridos,veiculos,latitude,longitude,regional,delegacia,uop,ano_arquivo
"322966,0",2020-11-21,sábado,22:05:00,SC,101,"96,2",BARRA VELHA,Falta de Atenção à Condução,Colisão lateral,Com Vítimas Feridas,Plena Noite,Crescente,Nublado,Dupla,Reta,Não,2,0,1,0,1,0,1,2,-26.718427,-48.70233,SPRF-SC,DEL03-SC,UOP02-DEL03-SC,2020
"322980,0",2020-11-22,domingo,00:15:00,SC,470,"2,0",NAVEGANTES,Falta de Atenção à Condução,Tombamento,Com Vítimas Feridas,Plena Noite,Crescente,Nublado,Dupla,Reta,Não,1,0,1,0,0,0,1,1,-26.868551,-48.674831,SPRF-SC,DEL04-SC,UOP04-DEL04-SC,2020
"322983,0",2020-11-22,domingo,01:40:00,SC,470,"120,9",IBIRAMA,Desobediência às normas de trânsito pelo condutor,Colisão frontal,Com Vítimas Fatais,Plena Noite,Crescente,Céu Claro,Simples,Curva;Aclive,Não,4,1,0,3,0,0,3,2,-27.0898218,-49.5262966,SPRF-SC,DEL04-SC,UOP02-DEL04-SC,2020
"322987,0",2020-11-22,domingo,02:15:00,SC,280,"15,6",SAO FRANCISCO DO SUL,Ingestão de Álcool,Colisão frontal,Com Vítimas Fatais,Plena Noite,Decrescente,Nublado,Simples,Reta,Não,4,1,1,1,0,1,2,3,-26.34342679,-48.65659654,SPRF-SC,DEL03-SC,UOP03-DEL03-SC,2020
"322993,0",2020-11-22,domingo,04:30:00,SC,101,"120,9",ITAJAI,Velocidade Incompatível,Colisão com objeto estático,Com Vítimas Fatais,Amanhecer,Crescente,Céu Claro,Dupla,Reta,Sim,1,1,0,0,0,0,0,1,-26.912758,-48.711998,SPRF-SC,DEL04-SC,UOP04-DEL04-SC,2020
"322997,0",2020-11-22,domingo,05:00:00,SC,101,"197,0",BIGUACU,Não guardar distância de segurança,Colisão traseira,Com Vítimas Feridas,Amanhecer,Decrescente,Nublado,Simples,Reta,Não,3,0,1,0,1,1,1,2,-27.51844497,-48.63848496,SPRF-SC,DEL01-SC,UOP01-DEL01-SC,2020
"323001,0",2020-11-22,domingo,05:20:00,SC,101,"207,6",SAO JOSE,Ingestão de Álcool,Saída de leito carroçável,Com Vítimas Feridas,Plena Noite,Crescente,Céu Claro,Múltipla,Declive,Sim,1,0,1,0,0,0,1,1,-27.60001226,-48.6226467,SPRF-SC,DEL01-SC,UOP01-DEL01-SC,2020
"323017,0",2020-11-22,domingo,06:45:00,SC,101,"49,0",JOINVILLE,Falta de Atenção à Condução,Tombamento,Com Vítimas Feridas,Pleno dia,Decrescente,Céu Claro,Simples,Curva,Não,1,0,0,1,0,0,1,1,-26.38464226,-48.84667397,SPRF-SC,DEL03-SC,UOP01-DEL03-SC,2020
"323025,0",2020-11-22,domingo,04:00:00,SC,116,"137,0",SANTA CECILIA,Ingestão de Álcool,Tombamento,Com Vítimas Feridas,Plena Noite,Crescente,Céu Claro,Simples,Reta;Aclive,Não,3,0,2,0,1,0,2,1,-26.946361,-50.42928293,SPRF-SC,DEL06-SC,UOP02-DEL06-SC,2020
"323041,0",2020-11-22,domingo,10:10:00,SC,101,"139,0",BALNEARIO CAMBORIU,Falta de Atenção à Condução,Tombamento,Com Vítimas Feridas,Pleno dia,Crescente,Sol,Dupla,Reta;Aclive,Não,1,0,1,0,0,0,1,1,-27.02982303,-48.60115006,SPRF-SC,DEL04-SC,UOP03-DEL04-SC,2020
"323056,0",2020-11-22,domingo,08:20:00,SC,101,"53,0",JOINVILLE,Falta de Atenção à Condução,Tombamento,Com Vítimas Feridas,Pleno dia,Crescente,Céu Claro,Dupla,Reta,Não,1,0,0,1,0,0,1,1,-26.40231201,-48.83969703,SPRF-SC,DEL03-SC,UOP01-DEL03-SC,2020
"323066,0",2020-11-22,domingo,10:00:00,SC,282,"91,0",ALFREDO WAGNER,Falta de Atenção à Condução,Queda de ocupante de veículo,Com Vítimas Feridas,Pleno dia,Crescente,Céu Claro,Simples,Curva,Não,1,0,1,0,0,0,1,1,-27.690374,-49.229061,SPRF-SC,DEL01-SC,UOP03-DEL01-SC,2020
"323084,0",2020-11-22,domingo,14:50:00,SC,470,"55,6",BLUMENAU,Falta de Atenção à Condução,Colisão traseira,Com Vítimas Feridas,Pleno dia,Crescente,Céu Claro,Simples,Reta,Sim,3,0,1,0,1,1,1,3,-26.875601,-49.117992,SPRF-SC,DEL04-SC,UOP01-DEL04-SC,2020
"323088,0",2020-11-22,domingo,02:20:00,SC,282,"140,5",BOM RETIRO,Velocidade Incompatível,Saída de leito carroçável,Sem Vítimas,Plena Noite,Crescente,Ignorado,Simples,Reta,Não,1,0,0,0,0,1,0,1,-27.818821,-49.590221,SPRF-SC,DEL05-SC,UOP01-DEL05-SC,2020
"323090,0",2020-11-22,domingo,15:05:00,SC,282,"17,8",PALHOCA,Desobediência às normas de trânsito pelo condutor,Colisão traseira,Com Vítimas Feridas,Pleno dia,Decrescente,Nublado,Simples,Reta,Não,4,0,0,1,2,1,1,4,-27.665707,-48.688065,SPRF-SC,DEL01-SC,UOP02-DEL01-SC,2020
"323101,0",2020-11-22,domingo,15:40:00,SC,101,"117,0",ITAJAI,Ingestão de Álcool,Colisão lateral,Com Vítimas Feridas,Pleno dia,Crescente,Céu Claro,Dupla,Viaduto,Não,2,0,1,0,1,0,1,2,-26.88747187,-48.72252969,SPRF-SC,DEL04-SC,UOP04-DEL04-SC,2020
"323109,0",2020-11-22,domingo,14:50:00,SC,101,"133,2",BALNEARIO CAMBORIU,Falta de Atenção à Condução,Colisão com objeto estático,Sem Vítimas,Pleno dia,Decrescente,Céu Claro,Dupla,Reta,Sim,1,0,0,0,1,0,0,1,-26.99936,-48.64609,SPRF-SC,DEL04-SC,UOP03-DEL04-SC,2020
"323148,0",2020-11-22,domingo,18:15:00,SC,101,"86,0",BARRA VELHA,Falta de Atenção à Condução,Engavetamento,Com Vítimas Feridas,Anoitecer,Decrescente,Céu Claro,Múltipla,Reta,Sim,5,0,1,0,4,0,1,4,-26.63277317,-48.70232513,SPRF-SC,DEL03-SC,UOP02-DEL03-SC,2020
"323165,0",2020-11-22,domingo,19:50:00,SC,101,"331,0",TUBARAO,Defeito Mecânico no Veículo,Colisão com objeto estático,Com Vítimas Feridas,Plena Noite,Decrescente,Nublado,Dupla,Reta,Sim,2,0,1,0,1,0,1,1,-28.4633864,-48.99237692,SPRF-SC,DEL02-SC,UOP01-DEL02-SC,2020
"323172,0",2020-11-22,domingo,20:05:00,SC,116,"1,7",MAFRA,Animais na Pista,Atropelamento de Animal,Com Vítimas Feridas,Plena Noite,Decrescente,Nublado,Simples,Reta,Sim,2,0,1,1,0,0,2,1,-26.1170929,-49.78694917,SPRF-SC,DEL06-SC,UOP01-DEL06-SC,2020
"323217,0",2020-11-23,segunda-feira,03:00:00,SC,101,"216,2",PALHOCA,Ingestão de Álcool,Saída de leito carroçável,Com Vítimas Feridas,Plena Noite,Crescente,Nublado,Múltipla,Reta,Sim,1,0,1,0,0,0,1,1,-27.65981409,-48.67747798,SPRF-SC,DEL01-SC,UOP02-DEL01-SC,2020
"323251,0",2020-11-23,segunda-feira,06:45:00,SC,470,"56,6",BLUMENAU,Desobediência às normas de trânsito pelo condutor,Colisão lateral,Com Vítimas Feridas,Pleno dia,Decrescente,Céu Claro,Simples,Aclive;Curva,Sim,2,0,0,1,1,0,1,2,-26.87674,-49.127743,SPRF-SC,DEL04-SC,UOP01-DEL04-SC,2020
"323263,0",2020-11-23,segunda-feira,07:55:00,SC,101,"200,9",SAO JOSE,Falta de Atenção à Condução,Colisão traseira,Com Vítimas Feridas,Pleno dia,Crescente,Céu Claro,Dupla,Reta,Sim,2,0,1,0,1,0,1,2,-27.5478331,-48.619802,SPRF-SC,DEL01-SC,UOP01-DEL01-SC,2020
"323309,0",2020-11-23,segunda-feira,10:15:00,SC,101,"126,0",ITAJAI,Falta de Atenção à Condução,Queda de ocupante de veículo,Com Vítimas Feridas,Pleno dia,Decrescente,Céu Claro,Dupla,Reta,Não,1,0,1,0,0,0,1,1,-26.95564404,-48.67978366,SPRF-SC,DEL04-SC,UOP04-DEL04-SC,2020
"323316,0",2020-11-23,segunda-feira,13:20:00,SC,101,"136,0",BALNEARIO CAMBORIU,Falta de Atenção à Condução,Colisão traseira,Com Vítimas Feridas,Pleno dia,Decrescente,Nublado,Dupla,Reta,Não,3,0,2,0,1,0,2,2,-27.008113,-48.617245,SPRF-SC,DEL04-SC,UOP03-DEL04-SC,2020
"323318,0",2020-11-23,segunda-feira,12:10:00,SC,280,"113,5",SAO BENTO DO SUL,Falta de Atenção à Condução,Colisão transversal,Sem Vítimas,Pleno dia,Crescente,Céu Claro,Simples,Interseção de Vias,Não,2,0,0,0,2,0,0,2,-26.29873518,-49.39799743,SPRF-SC,DEL06-SC,UOP03-DEL06-SC,2020
"323327,0",2020-11-23,segunda-feira,13:30:00,SC,101,"88,0",BARRA VELHA,Falta de Atenção à Condução,Colisão traseira,Com Vítimas Feridas,Pleno dia,Decrescente,Sol,Simples,Interseção de Vias,Sim,2,0,2,0,0,0,2,2,-26.64253985,-48.68950684,SPRF-SC,DEL03-SC,UOP02-DEL03-SC,2020
"323347,0",2020-11-23,segunda-feira,15:20:00,SC,470,"54,0",BLUMENAU,Desobediência às normas de trânsito pelo condutor,Colisão lateral,Com Vítimas Feridas,Pleno dia,Crescente,Nublado,Simples,Interseção de Vias,Não,2,0,1,0,1,0,1,2,-26.871065,-49.110374,SPRF-SC,DEL04-SC,UOP01-DEL04-SC,2020
"323353,0",2020-11-23,segunda-feira,17:00:00,SC,101,"209,0",SAO JOSE,Defeito Mecânico no Veículo,Queda de ocupante de veículo,Com Vítimas Feridas,Pleno dia,Crescente,Sol,Dupla,Reta,Sim,2,0,2,0,0,0,2,1,-27.61000542,-48.63895057,SPRF-SC,DEL01-SC,UOP01-DEL01-SC,2020
"323364,0",2020-11-23,segunda-feira,17:20:00,SC,101,"327,4",CAPIVARI DE BAIXO,Falta de Atenção à Condução,Colisão com objeto estático,Com Vítimas Feridas,Pleno dia,Crescente,Sol,Dupla,Declive,Sim,2,0,1,0,1,0,1,1,-28.43984766,-48.96299601,SPRF-SC,DEL02-SC,UOP01-DEL02-SC,2020
"323374,0",2020-11-23,segunda-feira,16:30:00,SC,470,"105,9",APIUNA,Desobediência às normas de trânsito pelo condutor,Colisão transversal,Com Vítimas Feridas,Pleno dia,Crescente,Sol,Simples,Reta,Não,2,0,1,0,0,1,1,2,-27.066006,-49.417019,SPRF-SC,DEL04-SC,UOP02-DEL04-SC,2020
"323406,0",2020-11-23,segunda-feira,20:50:00,SC,101,"243,0",PALHOCA,Falta de Atenção à Condução,Capotamento,Com Vítimas Feridas,Plena Noite,Decrescente,Céu Claro,Múltipla,Reta,Não,3,0,2,0,1,0,2,1,-27.88419902,-48.64750077,SPRF-SC,DEL01-SC,UOP02-DEL01-SC,2020
"323413,0",2020-11-23,segunda-feira,22:20:00,SC,101,"203,0",SAO JOSE,Falta de Atenção à Condução,Saída de leito carroçável,Com Vítimas Feridas,Plena Noite,Crescente,Nublado,Múltipla,Reta,Sim,4,0,4,0,0,0,4,1,-27.5650044,-48.61460082,SPRF-SC,DEL01-SC,UOP01-DEL01-SC,2020
"323424,0",2020-11-23,segunda-feira,23:20:00,SC,101,"217,0",PALHOCA,Falta de Atenção à Condução,Tombamento,Com Vítimas Feridas,Plena Noite,Decrescente,Nublado,Múltipla,Reta,Sim,1,0,0,1,0,0,1,1,-27.66779034,-48.67393586,SPRF-SC,DEL01-SC,UOP02-DEL01-SC,2020
"323430,0",2020-11-24,terça-feira,01:15:00,SC,470,"85,9",RODEIO,Velocidade Incompatível,Colisão com objeto estático,Com Vítimas Feridas,Plena Noite,Decrescente,Garoa/Chuvisco,Simples,Interseção de Vias,Sim,1,0,1,0,0,0,1,1,-26.94942917,-49.35921192,SPRF-SC,DEL04-SC,UOP01-DEL04-SC,2020
"323436,0",2020-11-24,terça-feira,02:00:00,SC,101,"388,0",CRICIUMA,Falta de Atenção à Condução,Saída de leito carroçável,Sem Vítimas,Plena Noite,Crescente,Ignorado,Simples,Reta,Não,1,0,0,0,1,0,0,1,-28.78529329,-49.33739925,SPRF-SC,DEL02-SC,UOP02-DEL02-SC,2020
"323441,0",2020-11-24,terça-feira,02:30:00,SC,101,"287,9",IMBITUBA,Mal Súbito,Saída de leito carroçável,Com Vítimas Feridas,Plena Noite,Decrescente,Céu Claro,Simples,Reta,Sim,1,0,1,0,0,0,1,1,-28.26297122,-48.70332599,SPRF-SC,DEL02-SC,UOP03-DEL02-SC,2020
"323458,0",2020-11-24,terça-feira,08:10:00,SC,101,"209,9",SAO JOSE,Desobediência às normas de trânsito pelo condutor,Colisão transversal,Com Vítimas Feridas,Pleno dia,Decrescente,Sol,Múltipla,Viaduto;Interseção de Vias,Sim,2,0,1,0,1,0,1,2,-27.61561516,-48.64416182,SPRF-SC,DEL01-SC,UOP01-DEL01-SC,2020
"323460,0",2020-11-24,terça-feira,07:10:00,SC,280,"68,0",JARAGUA DO SUL,Falta de Atenção à Condução,Colisão traseira,Com Vítimas Feridas,Pleno dia,Crescente,Nublado,Simples,Reta,Sim,3,0,1,0,2,0,1,2,-26.47277719,-49.11098612,SPRF-SC,DEL03-SC,UOP03-DEL03-SC,2020
"323469,0",2020-11-24,terça-feira,08:15:00,SC,282,"3,0",FLORIANOPOLIS,Falta de Atenção à Condução,Colisão lateral,Com Vítimas Feridas,Pleno dia,Crescente,Nublado,Dupla,Reta,Sim,2,0,1,0,1,0,1,2,-27.600384,-48.599705,SPRF-SC,DEL01-SC,UOP01-DEL01-SC,2020
"323479,0",2020-11-24,terça-feira,10:35:00,SC,101,"195,7",SAO JOSE,Ingestão de Álcool,Colisão transversal,Com Vítimas Feridas,Pleno dia,Decrescente,Céu Claro,Dupla,Reta,Sim,3,0,1,0,2,0,1,2,-27.5047092,-48.65010819,SPRF-SC,DEL01-SC,UOP01-DEL01-SC,2020
"323488,0",2020-11-24,terça-feira,11:00:00,SC,101,"391,0",CRICIUMA,Defeito Mecânico no Veículo,Incêndio,Com Vítimas Feridas,Pleno dia,Crescente,Sol,Simples,Reta,Não,1,0,1,0,0,0,1,1,-28.80004819,-49.36282789,SPRF-SC,DEL02-SC,UOP02-DEL02-SC,2020
"323492,0",2020-11-24,terça-feira,12:15:00,SC,101,"410,4",ARARANGUA,Falta de Atenção à Condução,Colisão frontal,Com Vítimas Feridas,Pleno dia,Crescente,Sol,Simples,Interseção de Vias,Sim,3,0,1,0,2,0,1,2,-28.9431578,-49.50089157,SPRF-SC,DEL02-SC,UOP02-DEL02-SC,2020
"323498,0",2020-11-24,terça-feira,08:45:00,SC,470,"26,0",ILHOTA,Falta de Atenção à Condução,Colisão transversal,Com Vítimas Feridas,Pleno dia,Crescente,Céu Claro,Dupla,Reta,Não,2,0,0,1,1,0,1,2,-26.887402,-48.875191,SPRF-SC,DEL04-SC,UOP04-DEL04-SC,2020
"323502,0",2020-11-24,terça-feira,12:30:00,SC,101,"210,0",SAO JOSE,Falta de Atenção à Condução,Colisão traseira,Com Vítimas Feridas,Pleno dia,Crescente,Céu Claro,Dupla,Reta,Sim,2,0,1,0,1,0,1,2,-27.6167305,-48.6457265,SPRF-SC,DEL01-SC,UOP01-DEL01-SC,2020
"323503,0",2020-11-24,terça-feira,09:30:00,SC,163,"70,9",SAO MIGUEL DO OESTE,Falta de Atenção à Condução,Colisão lateral,Com Vítimas Feridas,Pleno dia,Decrescente,Sol,Simples,Reta,Sim,2,0,1,0,1,0,1,2,-26.72870825,-53.5121727,SPRF-SC,DEL07-SC,UOP03-DEL07-SC,2020
"323521,0",2020-11-24,terça-feira,14:10:00,SC,101,"402,0",MARACAJA,Falta de Atenção à Condução,Colisão traseira,Com Vítimas Feridas,Pleno dia,Decrescente,Sol,Simples,Reta,Sim,2,0,1,0,1,0,1,2,-28.86330994,-49.44595308,SPRF-SC,DEL02-SC,UOP02-DEL02-SC,2020
"323527,0",2020-11-24,terça-feira,15:10:00,SC,101,"117,0",ITAJAI,Não guardar distância de segurança,Colisão traseira,Com Vítimas Feridas,Pleno dia,Decrescente,Céu Claro,Dupla,Reta,Sim,3,0,0,1,2,0,1,3,-26.88747187,-48.72252969,SPRF-SC,DEL04-SC,UOP04-DEL04-SC,2020
"323549,0",2020-11-24,terça-feira,17:00:00,SC,280,"32,0",ARAQUARI,Falta de Atenção à Condução,Colisão transversal,Com Vítimas Feridas,Pleno dia,Decrescente,Nublado,Simples,Interseção de Vias;Reta;Declive,Não,2,0,1,0,1,0,1,2,-26.420618,-48.779335,SPRF-SC,DEL03-SC,UOP03-DEL03-SC,2020
"323576,0",2020-11-24,terça-feira,18:00:00,SC,282,"487,0",FAXINAL DOS GUEDES,Não guardar distância de segurança,Colisão lateral,Sem Vítimas,Pleno dia,Crescente,Céu Claro,Simples,Reta,Sim,3,0,0,0,3,0,0,3,-26.85758,-52.263203,SPRF-SC,DEL07-SC,UOP01-DEL07-SC,2020
"323606,0",2020-11-24,terça-feira,22:50:00,SC,101,"211,9",PALHOCA,Desobediência às normas de trânsito pelo condutor,Colisão lateral,Com Vítimas Feridas,Plena Noite,Crescente,Céu Claro,Dupla,Reta,Sim,3,0,2,0,1,0,2,2,-27.62329313,-48.65245588,SPRF-SC,DEL01-SC,UOP02-DEL01-SC,2020
"323619,0",2020-11-01,domingo,03:30:00,SC,101,"211,0",SAO JOSE,Falta de Atenção à Condução,Capotamento,Com Vítimas Feridas,Plena Noite,Decrescente,Nublado,Dupla,Reta,Sim,1,0,1,0,0,0,1,1,-27.62329313,-48.65245588,SPRF-SC,DEL01-SC,UOP02-DEL01-SC,2020
"323655,0",2020-08-05,quarta-feira,16:50:00,SC,280,"234,0",CANOINHAS,Defeito Mecânico no Veículo,Queda de ocupante de veículo,Com Vítimas Feridas,Pleno dia,Crescente,Céu Claro,Simples,Reta,Não,2,0,1,1,0,0,2,1,-26.19130591,-50.40255601,SPRF-SC,DEL06-SC,UOP04-DEL06-SC,2020
"323706,0",2020-11-25,quarta-feira,14:50:00,SC,101,"151,6",ITAPEMA,Falta de Atenção à Condução,Colisão transversal,Com Vítimas Feridas,Pleno dia,Crescente,Céu Claro,Simples,Reta,Sim,2,0,2,0,0,0,2,2,-27.12988267,-48.61021042,SPRF-SC,DEL04-SC,UOP03-DEL04-SC,2020
"323707,0",2020-11-25,quarta-feira,13:50:00,SC,101,"36,5",JOINVILLE,Falta de Atenção à Condução,Colisão traseira,Com Vítimas Feridas,Pleno dia,Decrescente,Nublado,Dupla,Reta,Sim,2,0,1,0,1,0,1,2,-26.24573198,-48.9101069,SPRF-SC,DEL03-SC,UOP01-DEL03-SC,2020
"323718,0",2020-11-25,quarta-feira,15:20:00,SC,470,"58,3",BLUMENAU,Desobediência às normas de trânsito pelo condutor,Colisão transversal,Com Vítimas Feridas,Pleno dia,Crescente,Nublado,Simples,Reta,Sim,4,0,2,0,2,0,2,3,-26.88416275,-49.14969921,SPRF-SC,DEL04-SC,UOP01-DEL04-SC,2020
"323727,0",2020-11-25,quarta-feira,16:30:00,SC,470,"144,0",RIO DO SUL,Desobediência às normas de trânsito pelo condutor,Colisão transversal,Com Vítimas Feridas,Pleno dia,Crescente,Céu Claro,Simples,Reta,Não,3,0,2,0,1,0,2,2,-27.235138,-49.677608,SPRF-SC,DEL04-SC,UOP02-DEL04-SC,2020
"323754,0",2020-11-25,quarta-feira,18:05:00,SC,101,"410,5",ARARANGUA,Desobediência às normas de trânsito pelo condutor,Colisão traseira,Com Vítimas Feridas,Pleno dia,Crescente,Céu Claro,Simples,Reta,Sim,2,0,0,1,1,0,1,2,-28.9462697,-49.50439453,SPRF-SC,DEL02-SC,UOP02-DEL02-SC,2020
"323793,0",2020-11-25,quarta-feira,19:00:00,SC,282,"223,0",LAGES,Falta de Atenção à Condução,Colisão traseira,Com Vítimas Feridas,Plena Noite,Decrescente,Céu Claro,Simples,Reta,Não,4,0,2,2,0,0,4,2,-27.800127,-50.362751,SPRF-SC,DEL05-SC,UOP01-DEL05-SC,2020
"323805,0",2020-11-25,quarta-feira,20:40:00,SC,101,"286,5",IMBITUBA,Falta de Atenção do Pedestre,Atropelamento de Pedestre,Com Vítimas Fatais,Plena Noite,Crescente,Céu Claro,Dupla,Declive,Sim,2,1,0,1,0,0,1,2,-28.251997,-48.702157,SPRF-SC,DEL02-SC,UOP03-DEL02-SC,2020
"323810,0",2020-11-25,quarta-feira,23:10:00,SC,101,"391,3",CRICIUMA,Falta de Atenção à Condução,Capotamento,Com Vítimas Feridas,Plena Noite,Crescente,Céu Claro,Dupla,Aclive,Não,2,0,1,0,1,0,1,1,-28.80004819,-49.36282789,SPRF-SC,DEL02-SC,UOP02-DEL02-SC,2020
"323823,0",2020-11-26,quinta-feira,05:20:00,SC,470,"32,0",GASPAR,Falta de Atenção à Condução,Colisão traseira,Com Vítimas Feridas,Pleno dia,Crescente,Céu Claro,Dupla,Reta;Em Obras,Sim,3,0,2,0,1,0,2,2,-26.90161579,-48.93190384,SPRF-SC,DEL04-SC,UOP01-DEL04-SC,2020
"323850,0",2020-11-26,quinta-feira,08:15:00,SC,282,"1,0",FLORIANOPOLIS,Falta de Atenção à Condução,Colisão traseira,Com Vítimas Feridas,Pleno dia,Decrescente,Céu Claro,Dupla,Declive,Sim,4,0,2,1,1,0,3,3,-27.602955,-48.580509,SPRF-SC,DEL01-SC,UOP01-DEL01-SC,2020
"323853,0",2020-11-26,quinta-feira,07:40:00,SC,280,"121,2",SAO BENTO DO SUL,Desobediência às normas de trânsito pelo condutor,Colisão lateral,Com Vítimas Feridas,Pleno dia,Crescente,Céu Claro,Simples,Reta,Sim,2,0,1,0,1,0,1,2,-26.26519673,-49.434177,SPRF-SC,DEL06-SC,UOP03-DEL06-SC,2020
"323873,0",2020-11-26,quinta-feira,12:00:00,SC,282,"4,0",SAO JOSE,Não guardar distância de segurança,Colisão traseira,Com Vítimas Feridas,Pleno dia,Crescente,Céu Claro,Dupla,Reta,Sim,2,0,1,0,1,0,1,2,-27.592646,-48.604034,SPRF-SC,DEL01-SC,UOP01-DEL01-SC,2020
"323878,0",2020-11-26,quinta-feira,12:20:00,SC,470,"67,4",INDAIAL,Desobediência às normas de trânsito pelo condutor,Colisão lateral,Com Vítimas Feridas,Pleno dia,Crescente,Céu Claro,Simples,Em Obras,Sim,2,0,2,0,0,0,2,2,-26.872158,-49.23127,SPRF-SC,DEL04-SC,UOP01-DEL04-SC,2020
"323897,0",2020-11-26,quinta-feira,14:00:00,SC,101,"330,0",TUBARAO,Não guardar distância de segurança,Colisão traseira,Com Vítimas Feridas,Pleno dia,Decrescente,Sol,Múltipla,Reta,Sim,2,0,1,0,1,0,1,2,-28.45115639,-48.97286879,SPRF-SC,DEL02-SC,UOP01-DEL02-SC,2020
"323904,0",2020-11-26,quinta-feira,11:10:00,SC,282,"377,0",HERVAL DOESTE,Falta de Atenção à Condução,Tombamento,Com Vítimas Feridas,Pleno dia,Crescente,Nublado,Simples,Curva,Não,1,0,0,1,0,0,1,1,-27.216974,-51.470055,SPRF-SC,DEL07-SC,UOP05-DEL07-SC,2020
"323926,0",2020-11-26,quinta-feira,17:55:00,SC,101,"323,9",CAPIVARI DE BAIXO,Desobediência às normas de trânsito pelo condutor,Colisão traseira,Com Vítimas Feridas,Pleno dia,Crescente,Chuva,Dupla,Reta,Sim,3,0,0,1,2,0,1,3,-28.42789556,-48.91248313,SPRF-SC,DEL02-SC,UOP01-DEL02-SC,2020
"323928,0",2020-11-26,quinta-feira,18:20:00,SC,101,"215,4",PALHOCA,Desobediência às normas de trânsito pelo condutor,Colisão lateral,Com Vítimas Feridas,Pleno dia,Crescente,Nublado,Múltipla,Interseção de Vias,Sim,3,0,1,0,1,1,1,3,-27.65184843,-48.67604941,SPRF-SC,DEL01-SC,UOP02-DEL01-SC,2020
"323974,0",2020-11-26,quinta-feira,19:30:00,SC,163,"106,3",SAO JOSE DO CEDRO,Ingestão de Álcool,Colisão transversal,Com Vítimas Feridas,Plena Noite,Decrescente,Nublado,Simples,Reta,Sim,2,0,0,1,1,0,1,2,-26.43752707,-53.51693708,SPRF-SC,DEL07-SC,UOP03-DEL07-SC,2020
"324012,0",2020-11-27,sexta-feira,07:00:00,SC,282,"352,5",CAMPOS NOVOS,Pista Escorregadia,Saída de leito carroçável,Com Vítimas Feridas,Pleno dia,Decrescente,Chuva,Simples,Curva,Não,3,0,3,0,0,0,3,1,-27.362946,-51.311783,SPRF-SC,DEL07-SC,UOP06-DEL07-SC,2020
"324013,0",2020-11-27,sexta-feira,07:40:00,SC,470,"53,0",BLUMENAU,Desobediência às normas de trânsito pelo condutor,Colisão lateral,Com Vítimas Feridas,Pleno dia,Crescente,Céu Claro,Simples,Reta,Sim,2,0,1,0,1,0,1,2,-26.867121,-49.102066,SPRF-SC,DEL04-SC,UOP01-DEL04-SC,2020
"324016,0",2020-11-15,domingo,17:05:00,SC,282,"31,9",AGUAS MORNAS,Falta de Atenção à Condução,Colisão transversal,Com Vítimas Feridas,Pleno dia,Decrescente,Garoa/Chuvisco,Simples,Retorno Regulamentado,Não,2,0,2,0,0,0,2,2,-27.70116,-48.800175,SPRF-SC,DEL01-SC,UOP03-DEL01-SC,2020
"324020,0",2020-11-27,sexta-feira,08:00:00,SC,101,"201,0",SAO JOSE,Falta de Atenção à Condução,Colisão lateral,Com Vítimas Feridas,Pleno dia,Crescente,Nublado,Múltipla,Reta,Sim,3,0,2,0,1,0,2,2,-27.54836599,-48.61977975,SPRF-SC,DEL01-SC,UOP01-DEL01-SC,2020
"324034,0",2020-11-27,sexta-feira,08:45:00,SC,280,"52,0",GUARAMIRIM,Desobediência às normas de trânsito pelo condutor,Colisão transversal,Com Vítimas Feridas,Pleno dia,Decrescente,Céu Claro,Simples,Reta,Não,2,0,1,1,0,0,2,2,-26.468904,-48.96492,SPRF-SC,DEL03-SC,UOP03-DEL03-SC,2020
"324059,0",2020-11-27,sexta-feira,11:35:00,SC,470,"298,9",CAMPOS NOVOS,Velocidade Incompatível,Tombamento,Com Vítimas Feridas,Pleno dia,Crescente,Nublado,Simples,Curva,Não,1,0,0,1,0,0,1,1,-27.359957,-51.035145,SPRF-SC,DEL07-SC,UOP06-DEL07-SC,2020
"324079,0",2020-11-27,sexta-feira,08:00:00,SC,101,"105,0",PENHA,Falta de Atenção à Condução,Queda de ocupante de veículo,Com Vítimas Feridas,Pleno dia,Crescente,Nublado,Múltipla,Curva,Não,1,0,1,0,0,0,1,1,-26.80215497,-48.67891041,SPRF-SC,DEL03-SC,UOP02-DEL03-SC,2020
"324086,0",2020-11-27,sexta-feira,12:25:00,SC,101,"134,0",BALNEARIO CAMBORIU,Desobediência às normas de trânsito pelo condutor,Colisão transversal,Com Vítimas Feridas,Pleno dia,Crescente,Chuva,Simples,Rotatória,Sim,2,0,1,0,1,0,1,2,-27.00218,-48.636433,SPRF-SC,DEL04-SC,UOP03-DEL04-SC,2020
"324094,0",2020-11-07,sábado,11:30:00,SC,280,"57,0",GUARAMIRIM,Falta de Atenção à Condução,Colisão transversal,Com Vítimas Feridas,Pleno dia,Decrescente,Céu Claro,Simples,Reta,Não,2,0,1,0,1,0,1,2,-26.47811421,-49.01259213,SPRF-SC,DEL03-SC,UOP03-DEL03-SC,2020
"324109,0",2020-11-27,sexta-feira,15:25:00,SC,101,"203,5",SAO JOSE,Não guardar distância de segurança,Colisão traseira,Com Vítimas Feridas,Pleno dia,Decrescente,Nublado,Dupla,Reta,Sim,2,0,1,0,1,0,1,2,-27.5650044,-48.61460082,SPRF-SC,DEL01-SC,UOP01-DEL01-SC,2020