id,data_inversa,dia_semana,horario,uf,br,km,municipio,causa_acidente,tipo_acidente,classificacao_acidente,fase_dia,sentido_via,condicao_metereologica,tipo_pista,tracado_via,uso_solo,pessoas,mortos,feridos_leves,feridos_graves,ilesos,ignorados,feridos,veiculos,latitude,longitude,regional,delegacia,uop,ano_arquivo
"324118,0",2020-11-27,sexta-feira,16:40:00,SC,101,"202,5",SAO JOSE,Falta de Atenção à Condução,Colisão lateral,Com Vítimas Feridas,Pleno dia,Decrescente,Nublado,Dupla,Reta,Sim,3,0,2,0,0,1,2,2,-27.55711595,-48.61897889,SPRF-SC,DEL01-SC,UOP01-DEL01-SC,2020
"324121,0",2020-11-27,sexta-feira,15:05:00,SC,282,"49,0",AGUAS MORNAS,Desobediência às normas de trânsito pelo condutor,Colisão transversal,Com Vítimas Feridas,Pleno dia,Crescente,Chuva,Simples,Curva,Não,3,0,1,0,2,0,1,2,-27.712931,-48.943741,SPRF-SC,DEL01-SC,UOP03-DEL01-SC,2020
"324132,0",2020-11-27,sexta-feira,17:38:00,SC,282,"3,3",FLORIANOPOLIS,Desobediência às normas de trânsito pelo condutor,Colisão lateral,Com Vítimas Feridas,Pleno dia,Crescente,Chuva,Múltipla,Reta,Sim,2,0,1,0,1,0,1,2,-27.600384,-48.599705,SPRF-SC,DEL01-SC,UOP01-DEL01-SC,2020
"324148,0",2020-11-27,sexta-feira,17:45:00,SC,470,"56,0",BLUMENAU,Desobediência às normas de trânsito pelo condutor,Colisão transversal,Com Vítimas Feridas,Pleno dia,Decrescente,Céu Claro,Simples,Reta,Não,2,0,1,0,1,0,1,2,-26.87674,-49.127743,SPRF-SC,DEL04-SC,UOP01-DEL04-SC,2020
"324149,0",2020-11-27,sexta-feira,17:00:00,SC,101,"214,0",PALHOCA,Desobediência às normas de trânsito pelo condutor,Colisão lateral,Com Vítimas Feridas,Pleno dia,Decrescente,Garoa/Chuvisco,Múltipla,Reta,Sim,2,0,1,0,1,0,1,2,-27.64443,-48.67057,SPRF-SC,DEL01-SC,UOP02-DEL01-SC,2020
"324154,0",2020-11-27,sexta-feira,18:50:00,SC,101,"214,0",PALHOCA,Falta de Atenção à Condução,Colisão lateral,Com Vítimas Feridas,Plena Noite,Decrescente,Garoa/Chuvisco,Múltipla,Reta,Sim,2,0,1,0,1,0,1,2,-27.64443,-48.67057,SPRF-SC,DEL01-SC,UOP02-DEL01-SC,2020
"324159,0",2020-11-27,sexta-feira,16:20:00,SC,280,"91,2",CORUPA,Falta de Atenção à Condução,Saída de leito carroçável,Com Vítimas Feridas,Pleno dia,Decrescente,Garoa/Chuvisco,Simples,Curva,Não,1,0,1,0,0,0,1,1,-26.39617515,-49.29442048,SPRF-SC,DEL06-SC,UOP03-DEL06-SC,2020
"324161,0",2020-11-27,sexta-feira,19:05:00,SC,101,"199,6",SAO JOSE,Velocidade Incompatível,Colisão traseira,Com Vítimas Feridas,Anoitecer,Crescente,Nublado,Múltipla,Reta,Sim,4,0,1,0,3,0,1,3,-27.53413705,-48.63003205,SPRF-SC,DEL01-SC,UOP01-DEL01-SC,2020
"324164,0",2020-11-27,sexta-feira,19:25:00,SC,101,"212,1",PALHOCA,Falta de Atenção à Condução,Colisão traseira,Com Vítimas Feridas,Anoitecer,Crescente,Garoa/Chuvisco,Múltipla,Reta,Sim,3,0,1,0,1,1,1,3,-27.62996929,-48.65903871,SPRF-SC,DEL01-SC,UOP02-DEL01-SC,2020
"324170,0",2020-11-27,sexta-feira,16:20:00,SC,158,"135,7",CAMPO ERE,Falta de Atenção à Condução,Colisão lateral,Com Vítimas Feridas,Pleno dia,Decrescente,Céu Claro,Simples,Reta,Não,2,0,1,0,1,0,1,2,-26.39280783,-53.03485795,SPRF-SC,DEL07-SC,UOP02-DEL07-SC,2020
"324198,0",2020-11-27,sexta-feira,21:25:00,SC,101,"201,0",SAO JOSE,Falta de Atenção à Condução,Colisão transversal,Com Vítimas Feridas,Plena Noite,Decrescente,Chuva,Dupla,Interseção de Vias,Sim,2,0,1,0,1,0,1,2,-27.54836599,-48.61977975,SPRF-SC,DEL01-SC,UOP01-DEL01-SC,2020
"324209,0",2020-11-27,sexta-feira,21:20:00,SC,101,"217,7",PALHOCA,Falta de Atenção à Condução,Colisão transversal,Com Vítimas Fatais,Plena Noite,Crescente,Chuva,Múltipla,Reta,Não,2,1,0,0,1,0,0,2,-27.66779034,-48.67393586,SPRF-SC,DEL01-SC,UOP02-DEL01-SC,2020
"324215,0",2020-11-27,sexta-feira,20:40:00,SC,101,"207,0",SAO JOSE,Desobediência às normas de trânsito pelo condutor,Colisão lateral,Com Vítimas Feridas,Plena Noite,Crescente,Garoa/Chuvisco,Múltipla,Reta,Sim,2,0,1,0,1,0,1,2,-27.60001226,-48.6226467,SPRF-SC,DEL01-SC,UOP01-DEL01-SC,2020
"324226,0",2020-11-27,sexta-feira,22:30:00,SC,280,"122,0",RIO NEGRINHO,Falta de Atenção à Condução,Colisão lateral,Sem Vítimas,Plena Noite,Decrescente,Chuva,Simples,Curva,Não,2,0,0,0,2,0,0,2,-26.23947947,-49.47946072,SPRF-SC,DEL06-SC,UOP03-DEL06-SC,2020
"324228,0",2020-11-27,sexta-feira,20:45:00,SC,470,"323,0",CAMPOS NOVOS,Ingestão de Álcool,Colisão frontal,Com Vítimas Feridas,Plena Noite,Decrescente,Céu Claro,Simples,Reta,Não,2,0,1,0,1,0,1,2,-27.438557,-51.244228,SPRF-SC,DEL07-SC,UOP06-DEL07-SC,2020
"324240,0",2020-11-27,sexta-feira,23:00:00,SC,101,"339,0",TUBARAO,Desobediência às normas de trânsito pelo condutor,Capotamento,Com Vítimas Feridas,Plena Noite,Crescente,Chuva,Múltipla,Reta,Sim,2,0,1,0,1,0,1,1,-28.49351117,-49.04178985,SPRF-SC,DEL02-SC,UOP01-DEL02-SC,2020
"324248,0",2020-11-28,sábado,00:50:00,SC,470,"246,6",CURITIBANOS,Velocidade Incompatível,Colisão com objeto estático,Sem Vítimas,Plena Noite,Crescente,Nublado,Simples,Reta,Sim,1,0,0,0,1,0,0,1,-27.31393838,-50.55157185,SPRF-SC,DEL05-SC,UOP03-DEL05-SC,2020
"324270,0",2020-11-28,sábado,05:00:00,SC,470,"166,0",POUSO REDONDO,Falta de Atenção à Condução,Capotamento,Sem Vítimas,Amanhecer,Decrescente,Céu Claro,Simples,Reta,Não,1,0,0,0,1,0,0,1,-27.275208,-49.855125,SPRF-SC,DEL04-SC,UOP02-DEL04-SC,2020
"324275,0",2020-11-28,sábado,07:00:00,SC,470,"32,0",GASPAR,Desobediência às normas de trânsito pelo condutor,Colisão transversal,Com Vítimas Feridas,Pleno dia,Crescente,Nublado,Simples,Em Obras,Não,2,0,1,0,1,0,1,2,-26.901793,-48.931812,SPRF-SC,DEL04-SC,UOP01-DEL04-SC,2020
"324325,0",2020-11-28,sábado,12:40:00,SC,101,"213,5",PALHOCA,Desobediência às normas de trânsito pelo condutor,Colisão lateral,Com Vítimas Feridas,Pleno dia,Decrescente,Céu Claro,Simples,Reta,Sim,2,0,1,0,1,0,1,2,-27.63697369,-48.66514142,SPRF-SC,DEL01-SC,UOP02-DEL01-SC,2020
"324354,0",2020-11-28,sábado,14:50:00,SC,280,"30,0",ARAQUARI,Falta de Atenção à Condução,Colisão traseira,Com Vítimas Feridas,Pleno dia,Decrescente,Céu Claro,Simples,Reta,Não,5,0,0,2,3,0,2,2,-26.4141523,-48.76209493,SPRF-SC,DEL03-SC,UOP03-DEL03-SC,2020
"324375,0",2020-11-28,sábado,16:00:00,SC,280,"27,0",ARAQUARI,Falta de Atenção à Condução,Colisão transversal,Com Vítimas Feridas,Pleno dia,Crescente,Nublado,Simples,Interseção de Vias,Sim,2,0,0,1,1,0,1,2,-26.39685622,-48.74021969,SPRF-SC,DEL03-SC,UOP03-DEL03-SC,2020
"324386,0",2020-11-28,sábado,17:30:00,SC,101,"207,0",SAO JOSE,Desobediência às normas de trânsito pelo condutor,Colisão transversal,Com Vítimas Feridas,Pleno dia,Crescente,Céu Claro,Dupla,Túnel,Sim,2,0,1,0,1,0,1,2,-27.60001226,-48.6226467,SPRF-SC,DEL01-SC,UOP01-DEL01-SC,2020
"324390,0",2020-11-28,sábado,15:09:00,SC,153,"101,9",CONCORDIA,Mal Súbito,Colisão frontal,Com Vítimas Feridas,Pleno dia,Crescente,Nublado,Simples,Curva,Não,4,0,2,1,1,0,3,2,-27.251516,-51.952919,SPRF-SC,DEL07-SC,UOP04-DEL07-SC,2020
"324391,0",2020-11-28,sábado,17:45:00,SC,101,"205,0",SAO JOSE,Falta de Atenção à Condução,Colisão traseira,Sem Vítimas,Pleno dia,Decrescente,Nublado,Dupla,Reta,Sim,2,0,0,0,2,0,0,2,-27.58313237,-48.61532885,SPRF-SC,DEL01-SC,UOP01-DEL01-SC,2020
"324411,0",2020-11-28,sábado,16:30:00,SC,101,"313,1",LAGUNA,Falta de Atenção à Condução,Colisão lateral,Com Vítimas Feridas,Pleno dia,Decrescente,Céu Claro,Dupla,Reta,Não,4,0,2,0,2,0,2,2,-28.4404376,-48.81403409,SPRF-SC,DEL02-SC,UOP01-DEL02-SC,2020
"324421,0",2020-11-28,sábado,20:20:00,SC,282,"23,3",PALHOCA,Desobediência às normas de trânsito pelo condutor,Colisão transversal,Com Vítimas Feridas,Plena Noite,Crescente,Céu Claro,Simples,Reta,Sim,2,0,2,0,0,0,2,2,-27.687958,-48.736794,SPRF-SC,DEL01-SC,UOP02-DEL01-SC,2020
"324424,0",2020-11-28,sábado,20:20:00,SC,280,"73,0",JARAGUA DO SUL,Desobediência às normas de trânsito pelo condutor,Colisão transversal,Com Vítimas Feridas,Plena Noite,Crescente,Céu Claro,Simples,Rotatória,Sim,3,0,1,0,2,0,1,2,-26.45917102,-49.15245,SPRF-SC,DEL03-SC,UOP03-DEL03-SC,2020
"324426,0",2020-11-28,sábado,19:40:00,SC,101,"2,1",GARUVA,Objeto estático sobre o leito carroçável,Colisão com objeto em movimento,Com Vítimas Feridas,Plena Noite,Crescente,Nublado,Dupla,Reta,Sim,3,0,1,1,0,1,2,2,-25.99699834,-48.87891655,SPRF-SC,DEL03-SC,UOP01-DEL03-SC,2020
"324429,0",2020-11-28,sábado,19:50:00,SC,470,"115,0",IBIRAMA,Falta de Atenção à Condução,Saída de leito carroçável,Sem Vítimas,Plena Noite,Crescente,Céu Claro,Simples,Curva,Não,1,0,0,0,0,1,0,1,-27.07899724,-49.48675632,SPRF-SC,DEL04-SC,UOP02-DEL04-SC,2020
"324471,0",2020-11-28,sábado,23:40:00,SC,282,"22,3",SANTO AMARO DA IMPERATRIZ,Desobediência às normas de trânsito pelo condutor,Colisão frontal,Com Vítimas Feridas,Plena Noite,Crescente,Céu Claro,Simples,Reta,Sim,2,0,0,1,1,0,1,2,-27.688507,-48.72739,SPRF-SC,DEL01-SC,UOP02-DEL01-SC,2020
"324500,0",2020-11-29,domingo,04:15:00,SC,101,"121,0",ITAJAI,Falta de Atenção à Condução,Colisão traseira,Com Vítimas Feridas,Plena Noite,Crescente,Céu Claro,Dupla,Reta,Sim,7,0,6,0,1,0,6,2,-26.92103178,-48.70856446,SPRF-SC,DEL04-SC,UOP04-DEL04-SC,2020
"324535,0",2020-11-29,domingo,05:20:00,SC,470,"265,5",CURITIBANOS,Velocidade Incompatível,Saída de leito carroçável,Com Vítimas Feridas,Amanhecer,Crescente,Chuva,Simples,Reta;Declive,Não,3,0,3,0,0,0,3,1,-27.305662,-50.721737,SPRF-SC,DEL05-SC,UOP03-DEL05-SC,2020
"324550,0",2020-11-29,domingo,08:30:00,SC,282,"75,5",RANCHO QUEIMADO,Defeito na Via,Saída de leito carroçável,Com Vítimas Feridas,Pleno dia,Decrescente,Nublado,Simples,Curva;Declive,Não,3,0,2,0,1,0,2,1,-27.6911,-49.1346,SPRF-SC,DEL01-SC,UOP03-DEL01-SC,2020
"324579,0",2020-11-29,domingo,10:50:00,SC,280,"96,7",CORUPA,Desobediência às normas de trânsito pelo condutor,Colisão lateral,Com Vítimas Feridas,Pleno dia,Decrescente,Céu Claro,Dupla,Curva,Não,2,0,0,1,1,0,1,2,-26.3833143,-49.31223107,SPRF-SC,DEL06-SC,UOP03-DEL06-SC,2020
"324581,0",2020-11-29,domingo,12:30:00,SC,101,"128,0",BALNEARIO CAMBORIU,Não guardar distância de segurança,Saída de leito carroçável,Com Vítimas Feridas,Pleno dia,Decrescente,Céu Claro,Dupla,Reta,Não,1,0,1,0,0,0,1,1,-26.97284292,-48.68299451,SPRF-SC,DEL04-SC,UOP03-DEL04-SC,2020
"324587,0",2020-11-29,domingo,13:00:00,SC,470,"26,0",ILHOTA,Defeito Mecânico no Veículo,Tombamento,Com Vítimas Feridas,Pleno dia,Decrescente,Sol,Dupla,Reta,Não,2,0,2,0,0,0,2,1,-26.887402,-48.875191,SPRF-SC,DEL04-SC,UOP04-DEL04-SC,2020
"324588,0",2020-11-29,domingo,11:50:00,SC,282,"378,2",HERVAL DOESTE,Velocidade Incompatível,Colisão com objeto estático,Com Vítimas Feridas,Pleno dia,Crescente,Chuva,Simples,Curva,Não,1,0,1,0,0,0,1,1,-27.214546,-51.47958,SPRF-SC,DEL07-SC,UOP05-DEL07-SC,2020
"324607,0",2020-11-29,domingo,15:05:00,SC,101,"266,0",PAULO LOPES,Ingestão de Álcool,Colisão com objeto estático,Sem Vítimas,Pleno dia,Crescente,Céu Claro,Múltipla,Reta;Declive,Sim,1,0,0,0,1,0,0,1,-28.072966,-48.713493,SPRF-SC,DEL02-SC,UOP03-DEL02-SC,2020
"324644,0",2020-11-29,domingo,16:50:00,SC,101,"398,8",MARACAJA,Desobediência às normas de trânsito pelo condutor,Colisão com objeto estático,Com Vítimas Feridas,Pleno dia,Decrescente,Sol,Dupla,Reta,Sim,2,0,2,0,0,0,2,1,-28.855484,-49.4396338,SPRF-SC,DEL02-SC,UOP02-DEL02-SC,2020
"324650,0",2020-11-29,domingo,18:50:00,SC,470,"56,0",BLUMENAU,Ingestão de Álcool,Colisão traseira,Com Vítimas Feridas,Anoitecer,Decrescente,Céu Claro,Simples,Reta,Não,3,0,2,0,1,0,2,2,-26.87674,-49.127743,SPRF-SC,DEL04-SC,UOP01-DEL04-SC,2020
"324658,0",2020-11-29,domingo,18:50:00,SC,101,"213,5",SAO JOSE,Falta de Atenção à Condução,Queda de ocupante de veículo,Com Vítimas Feridas,Plena Noite,Decrescente,Céu Claro,Múltipla,Reta,Sim,2,0,1,0,1,0,1,2,-27.63697369,-48.66514142,SPRF-SC,DEL01-SC,UOP02-DEL01-SC,2020
"324660,0",2020-10-05,segunda-feira,00:45:00,SC,470,"212,4",SAO CRISTOVAO DO SUL,Falta de Atenção à Condução,Colisão frontal,Com Vítimas Fatais,Plena Noite,Crescente,Garoa/Chuvisco,Simples,Reta,Não,16,4,3,0,9,0,3,2,-27.309645,-50.237347,SPRF-SC,DEL05-SC,UOP03-DEL05-SC,2020
"324665,0",2020-11-29,domingo,19:30:00,SC,101,"207,5",SAO JOSE,Ingestão de Álcool,Colisão traseira,Com Vítimas Feridas,Plena Noite,Crescente,Nublado,Múltipla,Reta,Sim,2,0,1,0,1,0,1,2,-27.60001226,-48.6226467,SPRF-SC,DEL01-SC,UOP01-DEL01-SC,2020
"324670,0",2020-11-29,domingo,14:00:00,SC,280,"235,8",CANOINHAS,Ultrapassagem Indevida,Colisão frontal,Com Vítimas Feridas,Pleno dia,Crescente,Chuva,Simples,Declive,Sim,3,0,0,3,0,0,3,2,-26.19206283,-50.41295701,SPRF-SC,DEL06-SC,UOP04-DEL06-SC,2020
"324676,0",2020-09-22,terça-feira,17:50:00,SC,282,"533,0",CORDILHEIRA ALTA,Falta de Atenção à Condução,Colisão transversal,Com Vítimas Feridas,Pleno dia,Crescente,Céu Claro,Simples,Reta,Sim,2,0,0,2,0,0,2,1,-26.995323,-52.625305,SPRF-SC,DEL07-SC,UOP01-DEL07-SC,2020
"324698,0",2020-11-29,domingo,18:00:00,SC,101,"60,6",ARAQUARI,Não guardar distância de segurança,Colisão traseira,Com Vítimas Feridas,Anoitecer,Decrescente,Céu Claro,Dupla,Reta,Não,3,0,0,2,1,0,2,2,-26.45072823,-48.78570317,SPRF-SC,DEL03-SC,UOP02-DEL03-SC,2020
"324706,0",2020-11-29,domingo,21:00:00,SC,101,"281,6",IMBITUBA,Defeito na Via,Colisão com objeto estático,Sem Vítimas,Plena Noite,Crescente,Céu Claro,Simples,Reta,Sim,1,0,0,0,1,0,0,1,-28.2078166,-48.69932413,SPRF-SC,DEL02-SC,UOP03-DEL02-SC,2020
"324708,0",2020-11-29,domingo,20:55:00,SC,101,"278,3",IMBITUBA,Desobediência às normas de trânsito pelo condutor,Atropelamento de Pedestre,Com Vítimas Feridas,Plena Noite,Crescente,Céu Claro,Dupla,Reta,Não,3,0,0,1,1,1,1,2,-28.16300604,-48.6939345,SPRF-SC,DEL02-SC,UOP03-DEL02-SC,2020
"324733,0",2020-11-30,segunda-feira,02:15:00,SC,101,"205,0",SAO JOSE,Não guardar distância de segurança,Engavetamento,Com Vítimas Feridas,Plena Noite,Crescente,Céu Claro,Múltipla,Em Obras,Não,4,0,1,0,3,0,1,3,-27.58313237,-48.61532885,SPRF-SC,DEL01-SC,UOP01-DEL01-SC,2020
"324739,0",2020-11-30,segunda-feira,05:15:00,SC,101,"208,2",SAO JOSE,Desobediência às normas de trânsito pelo condutor,Colisão transversal,Com Vítimas Feridas,Pleno dia,Crescente,Céu Claro,Múltipla,Reta,Sim,2,0,0,1,0,1,1,2,-27.60327979,-48.63201818,SPRF-SC,DEL01-SC,UOP01-DEL01-SC,2020
"324742,0",2020-11-30,segunda-feira,02:00:00,SC,280,"181,1",MAFRA,Velocidade Incompatível,Saída de leito carroçável,Com Vítimas Feridas,Plena Noite,Decrescente,Garoa/Chuvisco,Simples,Curva,Não,2,0,1,0,1,0,1,1,-26.17201114,-49.89655396,SPRF-SC,DEL06-SC,UOP01-DEL06-SC,2020
"324746,0",2020-11-30,segunda-feira,05:30:00,SC,101,"430,0",SOMBRIO,Falta de Atenção à Condução,Colisão traseira,Com Vítimas Feridas,Plena Noite,Crescente,Céu Claro,Dupla,Reta,Não,2,0,0,1,1,0,1,2,-29.05578387,-49.62209542,SPRF-SC,DEL02-SC,UOP02-DEL02-SC,2020
"324753,0",2020-11-30,segunda-feira,07:30:00,SC,280,"23,8",ARAQUARI,Falta de Atenção à Condução,Colisão transversal,Com Vítimas Feridas,Pleno dia,Decrescente,Céu Claro,Simples,Interseção de Vias,Sim,2,0,0,1,1,0,1,2,-26.37146,-48.711887,SPRF-SC,DEL03-SC,UOP03-DEL03-SC,2020
"324755,0",2020-11-30,segunda-feira,08:05:00,SC,101,"120,0",ITAJAI,Desobediência às normas de trânsito pelo condutor,Colisão traseira,Com Vítimas Feridas,Pleno dia,Crescente,Céu Claro,Dupla,Reta,Não,1,0,1,0,0,0,1,1,-26.912758,-48.711998,SPRF-SC,DEL04-SC,UOP04-DEL04-SC,2020
"324771,0",2020-11-30,segunda-feira,09:45:00,SC,470,"80,2",RODEIO,Defeito Mecânico no Veículo,Tombamento,Com Vítimas Feridas,Pleno dia,Decrescente,Sol,Simples,Reta,Não,2,0,2,0,0,0,2,1,-26.948805,-49.316097,SPRF-SC,DEL04-SC,UOP01-DEL04-SC,2020
"324774,0",2020-11-30,segunda-feira,09:45:00,SC,101,"25,0",JOINVILLE,Falta de Atenção à Condução,Colisão transversal,Com Vítimas Feridas,Pleno dia,Decrescente,Céu Claro,Simples,Reta,Sim,2,0,0,1,1,0,1,2,-26.1834739,-48.9105912,SPRF-SC,DEL03-SC,UOP01-DEL03-SC,2020
"324792,0",2020-11-30,segunda-feira,12:50:00,SC,101,"207,0",SAO JOSE,Desobediência às normas de trânsito pelo condutor,Colisão transversal,Com Vítimas Feridas,Pleno dia,Crescente,Céu Claro,Múltipla,Interseção de Vias,Sim,3,0,1,0,2,0,1,2,-27.60001226,-48.6226467,SPRF-SC,DEL01-SC,UOP01-DEL01-SC,2020
"324794,0",2020-11-30,segunda-feira,11:00:00,SC,101,"44,9",JOINVILLE,Desobediência às normas de trânsito pelo condutor,Colisão transversal,Com Vítimas Feridas,Pleno dia,Decrescente,Nublado,Dupla,Interseção de Vias;Curva,Sim,2,0,0,1,1,0,1,2,-26.34862429,-48.85702729,SPRF-SC,DEL03-SC,UOP01-DEL03-SC,2020
"324802,0",2020-11-30,segunda-feira,11:00:00,SC,282,"353,9",CAMPOS NOVOS,Falta de Atenção à Condução,Colisão lateral,Com Vítimas Feridas,Pleno dia,Decrescente,Nublado,Simples,Curva,Não,2,0,1,0,1,0,1,2,-27.359234,-51.320999,SPRF-SC,DEL07-SC,UOP06-DEL07-SC,2020
"324839,0",2020-11-30,segunda-feira,16:30:00,SC,282,"72,0",RANCHO QUEIMADO,Velocidade Incompatível,Colisão transversal,Com Vítimas Feridas,Pleno dia,Crescente,Chuva,Simples,Curva,Não,3,0,2,1,0,0,3,2,-27.683439,-49.105259,SPRF-SC,DEL01-SC,UOP03-DEL01-SC,2020
"324853,0",2020-11-30,segunda-feira,17:10:00,SC,470,"65,7",INDAIAL,Ultrapassagem Indevida,Colisão transversal,Com Vítimas Feridas,Pleno dia,Crescente,Nublado,Simples,Reta,Sim,2,0,1,0,1,0,1,2,-26.870411,-49.211864,SPRF-SC,DEL04-SC,UOP01-DEL04-SC,2020
"324862,0",2020-11-30,segunda-feira,18:15:00,SC,101,"264,1",PAULO LOPES,Falta de Atenção à Condução,Saída de leito carroçável,Com Vítimas Feridas,Plena Noite,Decrescente,Chuva,Dupla,Curva,Não,1,0,1,0,0,0,1,1,-28.05149404,-48.71632789,SPRF-SC,DEL02-SC,UOP03-DEL02-SC,2020
"324912,0",2020-12-01,terça-feira,01:20:00,SC,101,"216,0",PALHOCA,Falta de Atenção à Condução,Capotamento,Sem Vítimas,Plena Noite,Decrescente,Garoa/Chuvisco,Múltipla,Reta,Não,1,0,0,0,0,1,0,1,-27.65981409,-48.67747798,SPRF-SC,DEL01-SC,UOP02-DEL01-SC,2020
"324916,0",2020-12-01,terça-feira,04:55:00,SC,470,"174,0",POUSO REDONDO,Falta de Atenção à Condução,Colisão transversal,Com Vítimas Feridas,Amanhecer,Decrescente,Nublado,Simples,Reta,Sim,2,0,0,1,1,0,1,2,-27.258179,-49.929146,SPRF-SC,DEL04-SC,UOP02-DEL04-SC,2020
"324919,0",2020-12-01,terça-feira,06:00:00,SC,470,"33,1",GASPAR,Falta de Atenção à Condução,Saída de leito carroçável,Sem Vítimas,Pleno dia,Crescente,Nublado,Dupla,Reta,Não,1,0,0,0,0,1,0,1,-26.906223,-48.940575,SPRF-SC,DEL04-SC,UOP01-DEL04-SC,2020
"324978,0",2020-12-01,terça-feira,12:57:00,SC,282,"5,5",SAO JOSE,Não guardar distância de segurança,Colisão traseira,Com Vítimas Feridas,Pleno dia,Crescente,Nublado,Dupla,Reta,Sim,3,0,1,0,2,0,1,3,-27.588425,-48.612919,SPRF-SC,DEL01-SC,UOP01-DEL01-SC,2020
"324979,0",2020-12-01,terça-feira,11:20:00,SC,282,"6,0",SAO JOSE,Falta de Atenção à Condução,Tombamento,Com Vítimas Feridas,Pleno dia,Crescente,Nublado,Dupla,Curva,Sim,1,0,1,0,0,0,1,1,-27.591936,-48.618244,SPRF-SC,DEL01-SC,UOP01-DEL01-SC,2020
"324987,0",2020-12-01,terça-feira,13:54:00,SC,282,"0,4",FLORIANOPOLIS,Falta de Atenção à Condução,Colisão lateral,Com Vítimas Feridas,Pleno dia,Decrescente,Nublado,Múltipla,Reta,Sim,2,0,1,0,1,0,1,2,-27.59845,-48.571995,SPRF-SC,DEL01-SC,UOP01-DEL01-SC,2020
"324988,0",2020-12-01,terça-feira,13:40:00,SC,101,"418,0",ARARANGUA,Defeito Mecânico no Veículo,Queda de ocupante de veículo,Com Vítimas Feridas,Pleno dia,Decrescente,Nublado,Dupla,Reta,Não,2,0,2,0,0,0,2,1,-28.98044384,-49.53709515,SPRF-SC,DEL02-SC,UOP02-DEL02-SC,2020
"325001,0",2020-12-01,terça-feira,11:35:00,SC,116,"251,3",LAGES,Velocidade Incompatível,Colisão transversal,Com Vítimas Fatais,Pleno dia,Crescente,Céu Claro,Simples,Curva;Interseção de Vias;Retorno Regulamentado,Não,2,1,0,0,1,0,0,2,-27.8468173,-50.37924528,SPRF-SC,DEL05-SC,UOP02-DEL05-SC,2020
"325053,0",2020-12-01,terça-feira,15:55:00,SC,101,"138,4",BALNEARIO CAMBORIU,Defeito Mecânico no Veículo,Tombamento,Com Vítimas Feridas,Pleno dia,Crescente,Céu Claro,Dupla,Aclive,Sim,1,0,1,0,0,0,1,1,-27.02397426,-48.60761649,SPRF-SC,DEL04-SC,UOP03-DEL04-SC,2020
"325055,0",2020-12-01,terça-feira,19:30:00,SC,101,"322,5",PESCARIA BRAVA,Desobediência às normas de trânsito pelo condutor,Colisão frontal,Com Vítimas Feridas,Plena Noite,Crescente,Garoa/Chuvisco,Simples,Curva,Sim,3,0,2,1,0,0,3,2,-28.42491971,-48.90238108,SPRF-SC,DEL02-SC,UOP01-DEL02-SC,2020
"325071,0",2020-12-01,terça-feira,22:05:00,SC,101,"191,8",BIGUACU,Falta de Atenção do Pedestre,Atropelamento de Pedestre,Com Vítimas Fatais,Plena Noite,Decrescente,Chuva,Dupla,Reta,Sim,2,1,0,0,0,1,0,2,-27.4839,-48.64734,SPRF-SC,DEL01-SC,UOP01-DEL01-SC,2020
"325084,0",2020-12-01,terça-feira,22:20:00,SC,101,"163,0",TIJUCAS,Falta de Atenção à Condução,Colisão traseira,Com Vítimas Feridas,Plena Noite,Crescente,Céu Claro,Múltipla,Reta,Sim,2,0,0,1,1,0,1,2,-27.23461699,-48.63039809,SPRF-SC,DEL04-SC,UOP03-DEL04-SC,2020
"325109,0",2020-12-02,quarta-feira,07:01:00,SC,101,"122,0",ITAJAI,Defeito Mecânico no Veículo,Queda de ocupante de veículo,Com Vítimas Feridas,Pleno dia,Crescente,Chuva,Dupla,Reta,Não,2,0,1,0,1,0,1,1,-26.92955916,-48.70499836,SPRF-SC,DEL04-SC,UOP04-DEL04-SC,2020
"325139,0",2020-12-02,quarta-feira,09:00:00,SC,101,"328,5",CAPIVARI DE BAIXO,Defeito Mecânico no Veículo,Incêndio,Sem Vítimas,Pleno dia,Crescente,Céu Claro,Dupla,Reta,Não,1,0,0,0,1,0,0,1,-28.44424207,-48.96640778,SPRF-SC,DEL02-SC,UOP01-DEL02-SC,2020
"325204,0",2020-12-02,quarta-feira,16:30:00,SC,101,"56,5",ARAQUARI,Falta de Atenção à Condução,Colisão lateral,Com Vítimas Feridas,Pleno dia,Decrescente,Nublado,Dupla,Reta,Sim,2,0,1,0,1,0,1,2,-26.43207484,-48.82263984,SPRF-SC,DEL03-SC,UOP01-DEL03-SC,2020
"325211,0",2020-12-02,quarta-feira,18:20:00,SC,101,"207,0",SAO JOSE,Falta de Atenção à Condução,Colisão traseira,Com Vítimas Feridas,Anoitecer,Decrescente,Nublado,Múltipla,Reta,Sim,2,0,1,0,1,0,1,2,-27.60001226,-48.6226467,SPRF-SC,DEL01-SC,UOP01-DEL01-SC,2020
"325223,0",2020-12-02,quarta-feira,18:50:00,SC,470,"129,0",LONTRAS,Falta de Atenção à Condução,Saída de leito carroçável,Sem Vítimas,Anoitecer,Crescente,Céu Claro,Simples,Reta,Não,1,0,0,0,1,0,0,1,-27.143742,-49.548897,SPRF-SC,DEL04-SC,UOP02-DEL04-SC,2020
"325231,0",2020-12-02,quarta-feira,20:20:00,SC,282,"70,0",RANCHO QUEIMADO,Velocidade Incompatível,Saída de leito carroçável,Com Vítimas Feridas,Plena Noite,Decrescente,Chuva,Simples,Declive;Curva,Não,3,0,1,0,2,0,1,1,-27.692705,-49.091351,SPRF-SC,DEL01-SC,UOP03-DEL01-SC,2020