id,data_inversa,dia_semana,horario,uf,br,km,municipio,causa_acidente,tipo_acidente,classificacao_acidente,fase_dia,sentido_via,condicao_metereologica,tipo_pista,tracado_via,uso_solo,pessoas,mortos,feridos_leves,feridos_graves,ilesos,ignorados,feridos,veiculos,latitude,longitude,regional,delegacia,uop,ano_arquivo
"327640,0",2020-12-13,domingo,10:40:00,SC,101,"46,8",JOINVILLE,Não guardar distância de segurança,Colisão traseira,Com Vítimas Feridas,Pleno dia,Crescente,Sol,Múltipla,Reta,Não,5,0,2,0,3,0,2,3,-26.33150083,-48.86187762,SPRF-SC,DEL03-SC,UOP01-DEL03-SC,2020
"327642,0",2020-12-13,domingo,14:20:00,SC,282,"633,0",DESCANSO,Velocidade Incompatível,Saída de leito carroçável,Com Vítimas Feridas,Pleno dia,Decrescente,Céu Claro,Simples,Curva,Não,1,0,0,1,0,0,1,1,-26.824224,-53.412407,SPRF-SC,DEL07-SC,UOP03-DEL07-SC,2020
"327656,0",2020-12-13,domingo,16:10:00,SC,101,"138,0",BALNEARIO CAMBORIU,Não guardar distância de segurança,Colisão traseira,Com Vítimas Feridas,Pleno dia,Decrescente,Céu Claro,Dupla,Curva,Sim,2,0,1,0,1,0,1,2,-27.02397426,-48.60761649,SPRF-SC,DEL04-SC,UOP03-DEL04-SC,2020
"327674,0",2020-12-13,domingo,16:20:00,SC,116,"21,2",MAFRA,Avarias e/ou desgaste excessivo no pneu,Tombamento,Com Vítimas Feridas,Pleno dia,Decrescente,Nublado,Simples,Reta,Não,2,0,1,1,0,0,2,1,-26.24948781,-49.90733133,SPRF-SC,DEL06-SC,UOP01-DEL06-SC,2020
"327688,0",2020-12-13,domingo,18:40:00,SC,101,"212,0",PALHOCA,Falta de Atenção à Condução,Colisão lateral,Com Vítimas Feridas,Pleno dia,Decrescente,Sol,Múltipla,Reta,Sim,3,0,2,0,0,1,2,2,-27.62996929,-48.65903871,SPRF-SC,DEL01-SC,UOP02-DEL01-SC,2020
"327692,0",2020-12-13,domingo,18:55:00,SC,282,"6,1",SAO JOSE,Ingestão de Álcool,Colisão traseira,Com Vítimas Feridas,Anoitecer,Decrescente,Céu Claro,Dupla,Curva,Sim,2,0,1,0,1,0,1,2,-27.591936,-48.618244,SPRF-SC,DEL01-SC,UOP01-DEL01-SC,2020
"327718,0",2020-12-13,domingo,10:50:00,SC,280,"48,0",GUARAMIRIM,Falta de Atenção à Condução,Colisão transversal,Com Vítimas Feridas,Pleno dia,Crescente,Sol,Simples,Interseção de Vias,Não,3,0,1,1,1,0,2,2,-26.45531116,-48.92830968,SPRF-SC,DEL03-SC,UOP03-DEL03-SC,2020
"327732,0",2020-12-13,domingo,20:55:00,SC,101,"206,8",SAO JOSE,Desobediência às normas de trânsito pelo condutor,Tombamento,Com Vítimas Feridas,Plena Noite,Decrescente,Nublado,Dupla,Declive,Sim,1,0,0,1,0,0,1,1,-27.59193546,-48.61824557,SPRF-SC,DEL01-SC,UOP01-DEL01-SC,2020
"327735,0",2020-12-13,domingo,20:45:00,SC,101,"218,3",PALHOCA,Desobediência às normas de trânsito pelo condutor,Saída de leito carroçável,Com Vítimas Feridas,Plena Noite,Decrescente,Nublado,Múltipla,Reta,Sim,2,0,1,1,0,0,2,1,-27.6758601,-48.67052525,SPRF-SC,DEL01-SC,UOP02-DEL01-SC,2020
"327736,0",2020-12-13,domingo,17:00:00,SC,101,"77,9",ARAQUARI,Falta de Atenção à Condução,Queda de ocupante de veículo,Com Vítimas Feridas,Pleno dia,Crescente,Sol,Dupla,Reta,Não,1,0,1,0,0,0,1,1,-26.56833103,-48.72029393,SPRF-SC,DEL03-SC,UOP02-DEL03-SC,2020
"327737,0",2020-12-13,domingo,21:20:00,SC,101,"209,1",SAO JOSE,Desobediência às normas de trânsito pelo condutor,Colisão traseira,Com Vítimas Feridas,Plena Noite,Crescente,Céu Claro,Dupla,Reta,Sim,2,0,1,0,1,0,1,2,-27.61000542,-48.63895057,SPRF-SC,DEL01-SC,UOP01-DEL01-SC,2020
"327766,0",2020-12-13,domingo,22:20:00,SC,282,"325,4",CAMPOS NOVOS,Condutor Dormindo,Saída de leito carroçável,Com Vítimas Feridas,Plena Noite,Crescente,Céu Claro,Simples,Interseção de Vias,Não,1,0,1,0,0,0,1,1,-27.380039,-51.061966,SPRF-SC,DEL07-SC,UOP06-DEL07-SC,2020
"327776,0",2020-12-13,domingo,21:30:00,SC,470,"58,0",BLUMENAU,Ingestão de Álcool,Colisão transversal,Sem Vítimas,Plena Noite,Crescente,Chuva,Simples,Reta,Sim,2,0,0,0,2,0,0,2,-26.883879,-49.145622,SPRF-SC,DEL04-SC,UOP01-DEL04-SC,2020
"327783,0",2020-12-13,domingo,19:30:00,SC,282,"217,0",LAGES,Defeito Mecânico no Veículo,Saída de leito carroçável,Com Vítimas Feridas,Anoitecer,Decrescente,Céu Claro,Simples,Ponte,Sim,2,0,2,0,0,0,2,1,-27.79774757,-50.29409235,SPRF-SC,DEL05-SC,UOP01-DEL05-SC,2020
"327788,0",2020-12-13,domingo,23:30:00,SC,282,"527,2",XAXIM,Ingestão de Álcool,Saída de leito carroçável,Com Vítimas Feridas,Plena Noite,Crescente,Céu Claro,Simples,Reta,Não,1,0,0,1,0,0,1,1,-26.973196,-52.583321,SPRF-SC,DEL07-SC,UOP01-DEL07-SC,2020
"327792,0",2020-12-13,domingo,19:15:00,SC,101,"366,9",ICARA,Falta de Atenção à Condução,Atropelamento de Pedestre,Com Vítimas Fatais,Plena Noite,Crescente,Nublado,Dupla,Curva,Não,2,1,0,0,1,0,0,2,-28.69655018,-49.17563265,SPRF-SC,DEL02-SC,UOP01-DEL02-SC,2020
"327801,0",2020-12-13,domingo,23:45:00,SC,101,"275,0",GAROPABA,Falta de Atenção à Condução,Colisão traseira,Com Vítimas Feridas,Plena Noite,Decrescente,Chuva,Múltipla,Reta,Não,3,0,2,0,1,0,2,2,-28.138086,-48.69218292,SPRF-SC,DEL02-SC,UOP03-DEL02-SC,2020
"327807,0",2020-12-14,segunda-feira,05:00:00,SC,470,"69,0",INDAIAL,Desobediência às normas de trânsito pelo condutor,Colisão transversal,Com Vítimas Feridas,Amanhecer,Crescente,Nublado,Simples,Reta,Não,2,0,1,0,1,0,1,2,-26.883745,-49.246704,SPRF-SC,DEL04-SC,UOP01-DEL04-SC,2020
"327827,0",2020-12-13,domingo,09:15:00,SC,470,"91,0",ASCURRA,Não guardar distância de segurança,Colisão traseira,Sem Vítimas,Pleno dia,Decrescente,Céu Claro,Simples,Reta,Não,3,0,0,0,3,0,0,3,-26.97769,-49.369198,SPRF-SC,DEL04-SC,UOP01-DEL04-SC,2020
"327833,0",2020-12-14,segunda-feira,07:55:00,SC,101,"119,0",ITAJAI,Não guardar distância de segurança,Colisão traseira,Com Vítimas Feridas,Pleno dia,Decrescente,Céu Claro,Múltipla,Reta,Não,2,0,0,1,1,0,1,2,-26.9043179,-48.71555481,SPRF-SC,DEL04-SC,UOP04-DEL04-SC,2020
"327838,0",2020-12-14,segunda-feira,08:55:00,SC,101,"215,5",PALHOCA,Não guardar distância de segurança,Colisão traseira,Com Vítimas Feridas,Pleno dia,Crescente,Céu Claro,Múltipla,Rotatória,Sim,2,0,1,0,1,0,1,2,-27.65184843,-48.67604941,SPRF-SC,DEL01-SC,UOP02-DEL01-SC,2020
"327855,0",2020-12-14,segunda-feira,10:15:00,SC,101,"212,8",PALHOCA,Falta de Atenção à Condução,Engavetamento,Com Vítimas Feridas,Pleno dia,Decrescente,Nublado,Múltipla,Reta,Sim,5,0,1,0,4,0,1,4,-27.62996929,-48.65903871,SPRF-SC,DEL01-SC,UOP02-DEL01-SC,2020
"327867,0",2020-11-09,segunda-feira,01:00:00,SC,282,"32,7",AGUAS MORNAS,Falta de Atenção à Condução,Colisão lateral,Com Vítimas Feridas,Plena Noite,Decrescente,Chuva,Simples,Reta,Não,3,0,0,2,1,0,2,2,-27.70116,-48.800175,SPRF-SC,DEL01-SC,UOP03-DEL01-SC,2020
"327879,0",2020-12-14,segunda-feira,13:10:00,SC,280,"18,6",ARAQUARI,Desobediência às normas de trânsito pelo condutor,Colisão frontal,Com Vítimas Feridas,Pleno dia,Crescente,Nublado,Simples,Reta,Não,3,0,1,0,2,0,1,2,-26.36432495,-48.66444809,SPRF-SC,DEL03-SC,UOP03-DEL03-SC,2020
"327881,0",2020-12-14,segunda-feira,12:00:00,SC,282,"606,5",MARAVILHA,Falta de Atenção do Pedestre,Colisão transversal,Com Vítimas Feridas,Pleno dia,Crescente,Céu Claro,Simples,Reta,Não,2,0,1,0,1,0,1,2,-26.778643,-53.198692,SPRF-SC,DEL07-SC,UOP02-DEL07-SC,2020
"327933,0",2020-12-14,segunda-feira,18:50:00,SC,280,"22,6",ARAQUARI,Desobediência às normas de trânsito pelo condutor,Colisão frontal,Com Vítimas Feridas,Plena Noite,Crescente,Chuva,Simples,Reta,Sim,2,0,2,0,0,0,2,2,-26.37092616,-48.70204099,SPRF-SC,DEL03-SC,UOP03-DEL03-SC,2020
"327940,0",2020-12-14,segunda-feira,19:05:00,SC,101,"214,2",PALHOCA,Falta de Atenção à Condução,Colisão lateral,Com Vítimas Feridas,Plena Noite,Crescente,Nublado,Múltipla,Reta,Sim,2,0,1,0,1,0,1,2,-27.64443,-48.67057,SPRF-SC,DEL01-SC,UOP02-DEL01-SC,2020
"327956,0",2020-12-14,segunda-feira,20:20:00,SC,101,"119,7",ITAJAI,Objeto estático sobre o leito carroçável,Colisão com objeto estático,Com Vítimas Feridas,Plena Noite,Decrescente,Garoa/Chuvisco,Simples,Reta,Sim,1,0,1,0,0,0,1,1,-26.9043179,-48.71555481,SPRF-SC,DEL04-SC,UOP04-DEL04-SC,2020
"328002,0",2020-12-15,terça-feira,06:40:00,SC,101,"165,3",TIJUCAS,Velocidade Incompatível,Saída de leito carroçável,Com Vítimas Feridas,Amanhecer,Crescente,Chuva,Dupla,Reta,Não,1,0,1,0,0,0,1,1,-27.252663,-48.63154894,SPRF-SC,DEL04-SC,UOP03-DEL04-SC,2020
"328003,0",2020-12-15,terça-feira,07:40:00,SC,101,"116,0",ITAJAI,Falta de Atenção à Condução,Tombamento,Com Vítimas Feridas,Pleno dia,Crescente,Chuva,Múltipla,Reta,Não,1,0,1,0,0,0,1,1,-26.87905605,-48.72603512,SPRF-SC,DEL04-SC,UOP04-DEL04-SC,2020
"328033,0",2020-12-15,terça-feira,11:00:00,SC,101,"232,0",PALHOCA,Não guardar distância de segurança,Colisão lateral,Com Vítimas Feridas,Pleno dia,Crescente,Chuva,Dupla,Aclive,Não,2,0,1,0,1,0,1,2,-27.795666,-48.638153,SPRF-SC,DEL01-SC,UOP02-DEL01-SC,2020
"328055,0",2020-12-15,terça-feira,10:15:00,SC,116,"210,0",PONTE ALTA,Velocidade Incompatível,Saída de leito carroçável,Com Vítimas Feridas,Pleno dia,Crescente,Nublado,Simples,Curva,Não,2,0,2,0,0,0,2,1,-27.50285695,-50.36575969,SPRF-SC,DEL05-SC,UOP03-DEL05-SC,2020
"328057,0",2020-12-15,terça-feira,14:10:00,SC,101,"194,0",BIGUACU,Falta de Atenção à Condução,Tombamento,Com Vítimas Feridas,Pleno dia,Crescente,Sol,Dupla,Reta,Sim,1,0,1,0,0,0,1,1,-27.49815117,-48.65661236,SPRF-SC,DEL01-SC,UOP01-DEL01-SC,2020
"328067,0",2020-12-15,terça-feira,13:50:00,SC,101,"41,0",JOINVILLE,Avarias e/ou desgaste excessivo no pneu,Colisão com objeto estático,Com Vítimas Feridas,Pleno dia,Crescente,Chuva,Dupla,Curva,Sim,1,0,1,0,0,0,1,1,-26.28215489,-48.88973081,SPRF-SC,DEL03-SC,UOP01-DEL03-SC,2020
"328069,0",2020-12-15,terça-feira,14:30:00,SC,101,"145,0",ITAPEMA,Falta de Atenção à Condução,Colisão lateral,Com Vítimas Feridas,Pleno dia,Decrescente,Chuva,Dupla,Reta,Não,3,0,1,0,2,0,1,3,-27.08139206,-48.60130993,SPRF-SC,DEL04-SC,UOP03-DEL04-SC,2020
"328080,0",2020-12-15,terça-feira,13:55:00,SC,101,"138,5",BALNEARIO CAMBORIU,Defeito Mecânico no Veículo,Colisão com objeto estático,Com Vítimas Feridas,Pleno dia,Crescente,Garoa/Chuvisco,Dupla,Curva,Não,2,0,2,0,0,0,2,1,-27.02397426,-48.60761649,SPRF-SC,DEL04-SC,UOP03-DEL04-SC,2020
"328099,0",2020-12-15,terça-feira,17:00:00,SC,101,"203,0",SAO JOSE,Falta de Atenção à Condução,Colisão lateral,Com Vítimas Feridas,Pleno dia,Crescente,Céu Claro,Múltipla,Reta,Não,3,0,1,0,2,0,1,3,-27.5650044,-48.61460082,SPRF-SC,DEL01-SC,UOP01-DEL01-SC,2020
"328103,0",2020-12-15,terça-feira,13:30:00,SC,282,"409,6",CATANDUVAS,Desobediência às normas de trânsito pelo condutor,Colisão transversal,Com Vítimas Feridas,Pleno dia,Crescente,Céu Claro,Simples,Rotatória,Sim,2,0,1,0,1,0,1,2,-27.07017016,-51.66256428,SPRF-SC,DEL07-SC,UOP05-DEL07-SC,2020
"328114,0",2020-12-15,terça-feira,17:50:00,SC,116,"0,4",MAFRA,Falta de Atenção à Condução,Saída de leito carroçável,Com Vítimas Feridas,Pleno dia,Crescente,Céu Claro,Simples,Aclive;Curva,Sim,1,0,1,0,0,0,1,1,-26.108942,-49.784187,SPRF-SC,DEL06-SC,UOP01-DEL06-SC,2020
"328117,0",2020-12-15,terça-feira,18:40:00,SC,101,"68,6",ARAQUARI,Não guardar distância de segurança,Colisão traseira,Com Vítimas Feridas,Anoitecer,Crescente,Nublado,Dupla,Reta,Não,4,0,1,0,3,0,1,2,-26.49513001,-48.73280803,SPRF-SC,DEL03-SC,UOP02-DEL03-SC,2020
"328131,0",2020-12-15,terça-feira,20:00:00,SC,101,"195,0",BIGUACU,Falta de Atenção à Condução,Colisão lateral,Com Vítimas Feridas,Plena Noite,Crescente,Céu Claro,Dupla,Reta,Sim,2,0,0,1,1,0,1,2,-27.5047092,-48.65010819,SPRF-SC,DEL01-SC,UOP01-DEL01-SC,2020
"328135,0",2020-12-15,terça-feira,19:35:00,SC,101,"360,3",SANGAO,Desobediência às normas de trânsito pelo condutor,Colisão frontal,Com Vítimas Feridas,Plena Noite,Crescente,Nublado,Dupla,Reta,Não,2,0,0,1,1,0,1,2,-28.668847,-49.11833526,SPRF-SC,DEL02-SC,UOP01-DEL02-SC,2020
"328141,0",2020-12-15,terça-feira,20:30:00,SC,282,"18,0",PALHOCA,Falta de Atenção à Condução,Colisão lateral,Com Vítimas Feridas,Plena Noite,Crescente,Céu Claro,Simples,Reta,Não,2,0,1,0,1,0,1,2,-27.672798,-48.694286,SPRF-SC,DEL01-SC,UOP02-DEL01-SC,2020
"328172,0",2020-12-16,quarta-feira,03:00:00,SC,101,"113,7",ITAJAI,Velocidade Incompatível,Colisão com objeto estático,Com Vítimas Feridas,Plena Noite,Crescente,Chuva,Múltipla,Reta,Não,3,0,3,0,0,0,3,1,-26.85311393,-48.72689927,SPRF-SC,DEL04-SC,UOP04-DEL04-SC,2020
"328173,0",2020-12-16,quarta-feira,01:40:00,SC,101,"12,0",GARUVA,Falta de Atenção à Condução,Colisão com objeto estático,Com Vítimas Feridas,Plena Noite,Decrescente,Nublado,Dupla,Reta,Não,1,0,1,0,0,0,1,1,-26.08104399,-48.86175612,SPRF-SC,DEL03-SC,UOP01-DEL03-SC,2020
"328175,0",2020-12-16,quarta-feira,04:30:00,SC,101,"367,0",SANGAO,Condutor Dormindo,Saída de leito carroçável,Com Vítimas Feridas,Amanhecer,Crescente,Céu Claro,Dupla,Declive,Não,1,0,1,0,0,0,1,1,-28.6957326,-49.17347228,SPRF-SC,DEL02-SC,UOP01-DEL02-SC,2020
"328179,0",2020-12-16,quarta-feira,04:20:00,SC,282,"537,0",CHAPECO,Condutor Dormindo,Colisão lateral,Sem Vítimas,Amanhecer,Decrescente,Céu Claro,Simples,Curva,Não,2,0,0,0,2,0,0,2,-26.999933,-52.663895,SPRF-SC,DEL07-SC,UOP01-DEL07-SC,2020
"328199,0",2020-12-16,quarta-feira,07:20:00,SC,101,"45,5",JOINVILLE,Falta de Atenção à Condução,Colisão traseira,Sem Vítimas,Pleno dia,Decrescente,Nublado,Dupla,Reta,Sim,5,0,0,0,5,0,0,5,-26.35093078,-48.85788023,SPRF-SC,DEL03-SC,UOP01-DEL03-SC,2020
"328208,0",2020-12-16,quarta-feira,03:15:00,SC,470,"317,6",CAMPOS NOVOS,Velocidade Incompatível,Colisão com objeto estático,Com Vítimas Feridas,Plena Noite,Crescente,Céu Claro,Simples,Rotatória,Sim,1,0,1,0,0,0,1,1,-27.404869,-51.206257,SPRF-SC,DEL07-SC,UOP06-DEL07-SC,2020
"328228,0",2020-12-16,quarta-feira,11:00:00,SC,470,"60,5",BLUMENAU,Falta de Atenção à Condução,Colisão traseira,Com Vítimas Feridas,Pleno dia,Decrescente,Nublado,Simples,Reta;Retorno Regulamentado,Sim,3,0,1,0,2,0,1,3,-26.882812,-49.1548,SPRF-SC,DEL04-SC,UOP01-DEL04-SC,2020
"328232,0",2020-12-16,quarta-feira,11:30:00,SC,101,"135,5",BALNEARIO CAMBORIU,Falta de Atenção à Condução,Colisão lateral,Com Vítimas Feridas,Pleno dia,Decrescente,Céu Claro,Dupla,Reta,Sim,3,0,0,1,2,0,1,3,-27.0050108,-48.62677494,SPRF-SC,DEL04-SC,UOP03-DEL04-SC,2020
"328246,0",2020-12-16,quarta-feira,12:30:00,SC,101,"210,0",SAO JOSE,Falta de Atenção à Condução,Colisão lateral,Com Vítimas Feridas,Pleno dia,Decrescente,Nublado,Dupla,Reta,Sim,2,0,0,1,1,0,1,2,-27.6167305,-48.6457265,SPRF-SC,DEL01-SC,UOP01-DEL01-SC,2020
"328247,0",2020-12-16,quarta-feira,10:00:00,SC,101,"101,6",BALNEARIO PICARRAS,Falta de Atenção à Condução,Colisão traseira,Com Vítimas Feridas,Pleno dia,Decrescente,Céu Claro,Dupla,Reta,Sim,3,0,2,0,1,0,2,2,-26.76404198,-48.68657667,SPRF-SC,DEL03-SC,UOP02-DEL03-SC,2020
"328248,0",2020-12-16,quarta-feira,12:15:00,SC,101,"131,0",BALNEARIO CAMBORIU,Desobediência às normas de trânsito pelo condutor,Colisão lateral,Com Vítimas Feridas,Pleno dia,Crescente,Nublado,Simples,Reta,Não,2,0,1,0,1,0,1,2,-26.99064209,-48.66310912,SPRF-SC,DEL04-SC,UOP03-DEL04-SC,2020
"328290,0",2020-12-16,quarta-feira,15:40:00,SC,101,"66,0",ARAQUARI,Falta de Atenção à Condução,Colisão com objeto estático,Com Vítimas Feridas,Pleno dia,Decrescente,Céu Claro,Dupla,Reta,Não,3,0,3,0,0,0,3,1,-26.478474,-48.73863,SPRF-SC,DEL03-SC,UOP02-DEL03-SC,2020
"328330,0",2020-12-16,quarta-feira,17:45:00,SC,470,"60,2",INDAIAL,Ultrapassagem Indevida,Colisão transversal,Com Vítimas Feridas,Pleno dia,Decrescente,Nublado,Simples,Reta;Retorno Regulamentado,Sim,2,0,0,1,1,0,1,2,-26.88138,-49.164543,SPRF-SC,DEL04-SC,UOP01-DEL04-SC,2020
"328333,0",2020-12-16,quarta-feira,09:30:00,SC,101,"109,5",PENHA,Falta de Atenção à Condução,Colisão traseira,Com Vítimas Feridas,Pleno dia,Crescente,Sol,Dupla,Reta,Sim,2,0,1,0,1,0,1,2,-26.8333519,-48.69632106,SPRF-SC,DEL03-SC,UOP02-DEL03-SC,2020
"328334,0",2020-12-16,quarta-feira,18:00:00,SC,470,"55,7",BLUMENAU,Desobediência às normas de trânsito pelo condutor,Colisão transversal,Com Vítimas Feridas,Anoitecer,Decrescente,Céu Claro,Simples,Reta,Sim,2,0,1,0,1,0,1,2,-26.875601,-49.117992,SPRF-SC,DEL04-SC,UOP01-DEL04-SC,2020
"328345,0",2020-12-16,quarta-feira,19:10:00,SC,101,"145,9",ITAPEMA,Avarias e/ou desgaste excessivo no pneu,Queda de ocupante de veículo,Com Vítimas Feridas,Anoitecer,Crescente,Nublado,Dupla,Reta,Não,2,0,2,0,0,0,2,1,-27.08139206,-48.60130993,SPRF-SC,DEL04-SC,UOP03-DEL04-SC,2020
"328352,0",2020-12-16,quarta-feira,19:30:00,SC,282,"204,0",LAGES,Pista Escorregadia,Saída de leito carroçável,Com Vítimas Feridas,Plena Noite,Crescente,Chuva,Simples,Reta,Não,2,0,2,0,0,0,2,1,-27.768663,-50.172195,SPRF-SC,DEL05-SC,UOP01-DEL05-SC,2020
"328360,0",2020-12-16,quarta-feira,20:30:00,SC,101,"202,5",SAO JOSE,Falta de Atenção à Condução,Colisão traseira,Com Vítimas Feridas,Plena Noite,Crescente,Céu Claro,Dupla,Reta,Sim,3,0,1,0,2,0,1,2,-27.55711595,-48.61897889,SPRF-SC,DEL01-SC,UOP01-DEL01-SC,2020
"328364,0",2020-12-06,domingo,07:00:00,SC,282,"83,1",ALFREDO WAGNER,Pista Escorregadia,Saída de leito carroçável,Sem Vítimas,Pleno dia,Crescente,Chuva,Simples,Curva,Sim,3,0,0,0,2,1,0,2,-27.666153,-49.175022,SPRF-SC,DEL01-SC,UOP03-DEL01-SC,2020
"328369,0",2020-12-16,quarta-feira,21:40:00,SC,101,"134,0",BALNEARIO CAMBORIU,Falta de Atenção à Condução,Colisão traseira,Com Vítimas Feridas,Plena Noite,Crescente,Garoa/Chuvisco,Dupla,Reta,Não,2,0,0,1,1,0,1,2,-27.00218,-48.636433,SPRF-SC,DEL04-SC,UOP03-DEL04-SC,2020
"328371,0",2020-12-16,quarta-feira,20:50:00,SC,101,"150,8",ITAPEMA,Falta de Atenção à Condução,Colisão traseira,Com Vítimas Feridas,Plena Noite,Decrescente,Nublado,Simples,Reta,Sim,3,0,2,0,1,0,2,2,-27.11744799,-48.60940987,SPRF-SC,DEL04-SC,UOP03-DEL04-SC,2020
"328392,0",2020-12-17,quinta-feira,01:10:00,SC,282,"2,0",SAO JOSE,Falta de acostamento,Atropelamento de Pedestre,Com Vítimas Feridas,Plena Noite,Crescente,Chuva,Múltipla,Reta,Sim,2,0,1,1,0,0,2,2,-27.60324209,-48.59183729,SPRF-SC,DEL01-SC,UOP01-DEL01-SC,2020
"328420,0",2020-12-17,quinta-feira,07:30:00,SC,101,"43,1",JOINVILLE,Falta de Atenção à Condução,Colisão com objeto estático,Com Vítimas Feridas,Pleno dia,Decrescente,Céu Claro,Dupla,Reta,Não,1,0,1,0,0,0,1,1,-26.30357106,-48.88225609,SPRF-SC,DEL03-SC,UOP01-DEL03-SC,2020
"328424,0",2020-12-17,quinta-feira,08:30:00,SC,470,"53,7",BLUMENAU,Desobediência às normas de trânsito pelo condutor,Colisão transversal,Com Vítimas Feridas,Pleno dia,Decrescente,Nublado,Simples,Curva,Não,2,0,1,0,1,0,1,2,-26.867121,-49.102066,SPRF-SC,DEL04-SC,UOP01-DEL04-SC,2020
"328425,0",2020-12-17,quinta-feira,08:45:00,SC,101,"216,4",PALHOCA,Desobediência às normas de trânsito pelo condutor,Colisão lateral,Com Vítimas Feridas,Pleno dia,Decrescente,Garoa/Chuvisco,Dupla,Reta,Sim,2,0,1,0,1,0,1,2,-27.66653955,-48.67441177,SPRF-SC,DEL01-SC,UOP02-DEL01-SC,2020
"328439,0",2020-12-17,quinta-feira,09:30:00,SC,101,"216,3",PALHOCA,Falta de Atenção à Condução,Colisão traseira,Com Vítimas Feridas,Pleno dia,Decrescente,Garoa/Chuvisco,Múltipla,Viaduto,Sim,2,0,1,0,1,0,1,2,-27.65981409,-48.67747798,SPRF-SC,DEL01-SC,UOP02-DEL01-SC,2020
"328451,0",2020-12-17,quinta-feira,10:50:00,SC,101,"139,2",BALNEARIO CAMBORIU,Falta de Atenção à Condução,Engavetamento,Com Vítimas Feridas,Pleno dia,Decrescente,Nublado,Simples,Declive;Reta,Sim,10,0,1,0,8,1,1,9,-27.03881189,-48.60025148,SPRF-SC,DEL04-SC,UOP03-DEL04-SC,2020
"328513,0",2020-12-17,quinta-feira,14:25:00,SC,280,"23,7",ARAQUARI,Desobediência às normas de trânsito pelo condutor,Colisão transversal,Com Vítimas Feridas,Pleno dia,Decrescente,Nublado,Simples,Interseção de Vias,Sim,3,0,0,2,1,0,2,2,-26.37673195,-48.71892571,SPRF-SC,DEL03-SC,UOP03-DEL03-SC,2020
"328514,0",2020-12-17,quinta-feira,16:30:00,SC,101,"210,0",SAO JOSE,Falta de Atenção à Condução,Colisão lateral,Com Vítimas Feridas,Pleno dia,Decrescente,Chuva,Múltipla,Reta,Sim,3,0,1,0,2,0,1,2,-27.6167305,-48.6457265,SPRF-SC,DEL01-SC,UOP01-DEL01-SC,2020
"328518,0",2020-12-17,quinta-feira,17:10:00,SC,282,"69,7",RANCHO QUEIMADO,Velocidade Incompatível,Saída de leito carroçável,Com Vítimas Feridas,Pleno dia,Decrescente,Chuva,Simples,Curva,Não,4,0,1,0,3,0,1,1,-27.690144,-49.083813,SPRF-SC,DEL01-SC,UOP03-DEL01-SC,2020
"328524,0",2020-12-17,quinta-feira,18:00:00,SC,280,"75,0",JARAGUA DO SUL,Não guardar distância de segurança,Colisão traseira,Com Vítimas Feridas,Plena Noite,Decrescente,Nublado,Simples,Rotatória;Curva,Sim,2,0,1,0,1,0,1,2,-26.458227,-49.180853,SPRF-SC,DEL03-SC,UOP03-DEL03-SC,2020
"328537,0",2020-12-17,quinta-feira,18:10:00,SC,116,"4,0",MAFRA,Falta de Atenção à Condução,Queda de ocupante de veículo,Com Vítimas Feridas,Pleno dia,Decrescente,Céu Claro,Simples,Reta,Não,1,0,1,0,0,0,1,1,-26.13554917,-49.8072652,SPRF-SC,DEL06-SC,UOP01-DEL06-SC,2020
"328546,0",2020-12-17,quinta-feira,20:10:00,SC,101,"419,9",ARARANGUA,Desobediência às normas de trânsito pelo condutor,Colisão frontal,Com Vítimas Feridas,Plena Noite,Decrescente,Nublado,Múltipla,Reta,Sim,2,0,1,0,0,1,1,2,-28.99874002,-49.55577157,SPRF-SC,DEL02-SC,UOP02-DEL02-SC,2020
"328569,0",2020-12-17,quinta-feira,23:35:00,SC,470,"57,0",BLUMENAU,Agressão Externa,Colisão com objeto estático,Com Vítimas Feridas,Plena Noite,Crescente,Céu Claro,Simples,Rotatória,Não,2,0,1,0,1,0,1,1,-26.880428,-49.136532,SPRF-SC,DEL04-SC,UOP01-DEL04-SC,2020
"328574,0",2020-12-18,sexta-feira,00:00:00,SC,470,"7,0",NAVEGANTES,Ingestão de Álcool,Tombamento,Com Vítimas Feridas,Plena Noite,Decrescente,Céu Claro,Dupla,Reta,Não,1,0,1,0,0,0,1,1,-26.84499,-48.71505,SPRF-SC,DEL04-SC,UOP04-DEL04-SC,2020
"328596,0",2020-12-18,sexta-feira,06:55:00,SC,470,"69,2",INDAIAL,Desobediência às normas de trânsito pelo condutor,Colisão lateral,Sem Vítimas,Pleno dia,Crescente,Céu Claro,Simples,Interseção de Vias,Não,2,0,0,0,2,0,0,2,-26.883745,-49.246704,SPRF-SC,DEL04-SC,UOP01-DEL04-SC,2020
"328639,0",2020-12-18,sexta-feira,10:00:00,SC,101,"197,0",BIGUACU,Animais na Pista,Atropelamento de Animal,Com Vítimas Feridas,Pleno dia,Crescente,Sol,Dupla,Reta,Sim,1,0,1,0,0,0,1,1,-27.51844497,-48.63848496,SPRF-SC,DEL01-SC,UOP01-DEL01-SC,2020
"328648,0",2020-12-18,sexta-feira,10:23:00,SC,101,"49,0",JOINVILLE,Velocidade Incompatível,Tombamento,Com Vítimas Feridas,Pleno dia,Crescente,Nublado,Dupla,Viaduto,Não,1,0,1,0,0,0,1,1,-26.36479799,-48.85878798,SPRF-SC,DEL03-SC,UOP01-DEL03-SC,2020