id,data_inversa,dia_semana,horario,uf,br,km,municipio,causa_acidente,tipo_acidente,classificacao_acidente,fase_dia,sentido_via,condicao_metereologica,tipo_pista,tracado_via,uso_solo,pessoas,mortos,feridos_leves,feridos_graves,ilesos,ignorados,feridos,veiculos,latitude,longitude,regional,delegacia,uop,ano_arquivo
"352940,0",2020-09-12,sábado,16:30:00,SC,101,"121,0",ITAJAI,Falta de Atenção à Condução,Colisão traseira,Com Vítimas Fatais,Pleno dia,Decrescente,Céu Claro,Múltipla,Reta,Sim,3,1,0,0,1,1,0,3,-26.921108,-48.708308,SPRF-SC,DEL04-SC,UOP04-DEL04-SC,2020
"359401,0",2020-09-05,sábado,16:15:00,SC,282,"372,0",ERVAL VELHO,Ingestão de Álcool,Saída de leito carroçável,Com Vítimas Feridas,Pleno dia,Crescente,Céu Claro,Simples,Aclive;Reta,Não,1,0,0,1,0,0,1,1,-27.251827,-51.446991,SPRF-SC,DEL07-SC,UOP05-DEL07-SC,2020
"359955,0",2020-06-17,quarta-feira,22:00:00,SC,101,"134,0",BALNEARIO CAMBORIU,Falta de Atenção à Condução,Saída de leito carroçável,Com Vítimas Feridas,Plena Noite,Crescente,Nublado,Múltipla,Reta,Sim,3,0,0,3,0,0,3,1,-27.00218,-48.636433,SPRF-SC,DEL04-SC,UOP03-DEL04-SC,2020
"360392,0",2020-12-28,segunda-feira,15:40:00,SC,101,"111,6",NAVEGANTES,Condutor deixou de manter distância do veículo da frente,Colisão lateral,Com Vítimas Feridas,Pleno dia,Crescente,Nublado,Dupla,Ponte,Não,2,0,1,0,1,0,1,2,-26.83955734,-48.71418074,SPRF-SC,DEL04-SC,UOP04-DEL04-SC,2020
"361811,0",2020-09-18,sexta-feira,17:35:00,SC,282,"16,4",PALHOCA,Desobediência às normas de trânsito pelo condutor,Colisão transversal,Com Vítimas Feridas,Pleno dia,Crescente,Nublado,Simples,Reta,Sim,4,0,0,1,2,1,1,3,-27.658611,-48.681847,SPRF-SC,DEL01-SC,UOP02-DEL01-SC,2020
"365531,0",2020-09-18,sexta-feira,12:40:00,SC,101,"136,0",BALNEARIO CAMBORIU,Falta de Atenção à Condução,Colisão traseira,Com Vítimas Feridas,Pleno dia,Decrescente,Céu Claro,Múltipla,Interseção de Vias,Sim,2,0,1,0,0,1,1,2,-27.008113,-48.617245,SPRF-SC,DEL04-SC,UOP03-DEL04-SC,2020
"367747,0",2020-12-20,domingo,20:30:00,SC,101,"103,0",BALNEARIO PICARRAS,Falta de Atenção à Condução,Colisão traseira,Com Vítimas Feridas,Plena Noite,Crescente,Céu Claro,Simples,Reta,Sim,2,0,0,2,0,0,2,2,-26.7832381,-48.68314632,SPRF-SC,DEL03-SC,UOP02-DEL03-SC,2020
"368888,0",2020-11-03,terça-feira,21:20:00,SC,0,"0,0",SAO JOSE,Reação tardia ou ineficiente do condutor,Colisão lateral sentido oposto,Sem Vítimas,Plena Noite,Não Informado,Céu Claro,Simples,Interseção de Vias,Sim,2,0,0,0,2,0,0,2,-27.5531063,-48.62397015,SPRF-SC,DEL01-SC,UOP01-DEL01-SC,2020
"372141,0",2020-02-22,sábado,18:00:00,SC,280,"56,0",GUARAMIRIM,Ingestão de Álcool,Colisão frontal,Com Vítimas Fatais,Pleno dia,Crescente,Céu Claro,Simples,Curva,Sim,9,1,1,5,1,1,6,4,-26.57115663,-48.95807482,SPRF-SC,DEL03-SC,UOP03-DEL03-SC,2020
"453196,0",2020-10-04,domingo,03:10:00,SC,101,"203,0",SAO JOSE,Falta de Atenção à Condução,Colisão traseira,Sem Vítimas,Plena Noite,Decrescente,Chuva,Múltipla,Curva,Sim,2,0,0,0,2,0,0,2,-27.5650044,-48.61460082,SPRF-SC,DEL01-SC,UOP01-DEL01-SC,2020
"473077,0",2020-11-06,sexta-feira,16:30:00,SC,470,"63,1",INDAIAL,Falta de Atenção à Condução,Colisão transversal,Com Vítimas Feridas,Pleno dia,Crescente,Céu Claro,Simples,Reta,Não,5,0,1,1,2,1,2,5,-26.872396,-49.19228,SPRF-SC,DEL04-SC,UOP01-DEL04-SC,2020
"525242,0",2020-11-01,domingo,01:10:00,SC,101,"66,8",ARAQUARI,Ingestão de Álcool,Saída de leito carroçável,Sem Vítimas,Pleno dia,Decrescente,Nublado,Dupla,Reta,Não,1,0,0,0,1,0,0,1,-26.48720605,-48.73417139,SPRF-SC,DEL03-SC,UOP02-DEL03-SC,2020
"546300,0",2020-09-19,sábado,08:35:00,SC,282,"424,4",VARGEM BONITA,Falta de Atenção à Condução,Colisão frontal,Com Vítimas Feridas,Pleno dia,Decrescente,Céu Claro,Simples,Curva,Não,2,0,1,1,0,0,2,2,-26.988014,-51.753124,SPRF-SC,DEL07-SC,UOP05-DEL07-SC,2020
"564089,0",2020-12-20,domingo,11:45:00,SC,280,"224,8",TRES BARRAS,Falta de Atenção à Condução,Colisão frontal,Com Vítimas Fatais,Pleno dia,Decrescente,Nublado,Simples,Reta;Aclive,Não,7,6,0,0,0,1,0,3,-26.17677658,-50.30768394,SPRF-SC,DEL06-SC,UOP04-DEL06-SC,2020
"581498,0",2020-11-28,sábado,13:15:00,SC,101,"203,0",SAO JOSE,Ingestão de álcool pelo condutor,Colisão traseira,Com Vítimas Feridas,Pleno dia,Decrescente,Céu Claro,Dupla,Reta,Sim,2,0,2,0,0,0,2,2,-27.5650044,-48.61460082,SPRF-SC,DEL01-SC,UOP01-DEL01-SC,2020
"586063,0",2020-10-16,sexta-feira,14:55:00,SC,101,"314,0",LAGUNA,Ingestão de álcool pelo condutor,Colisão lateral,Sem Vítimas,Pleno dia,Crescente,Céu Claro,Dupla,Ponte;Reta,Sim,3,0,0,0,3,0,0,2,-28.43850625,-48.83199692,SPRF-SC,DEL02-SC,UOP01-DEL02-SC,2020
"587624,0",2020-07-04,sábado,16:20:00,SC,101,"412,2",ARARANGUA,Ingestão de álcool pelo condutor,Colisão lateral,Com Vítimas Feridas,Pleno dia,Crescente,Sol,Simples,Reta,Sim,3,0,2,0,1,0,2,2,-28.93854779,-49.49646056,SPRF-SC,DEL02-SC,UOP02-DEL02-SC,2020
"588434,0",2020-04-30,quinta-feira,19:45:00,SC,282,"4,0",FLORIANOPOLIS,Pedestre andava na pista,Atropelamento de Pedestre,Com Vítimas Feridas,Plena Noite,Decrescente,Céu Claro,Dupla,Reta,Sim,2,0,0,1,0,1,1,2,-27.592646,-48.604034,SPRF-SC,DEL01-SC,UOP01-DEL01-SC,2020
"589927,0",2020-06-06,sábado,15:10:00,SC,101,"100,0",BALNEARIO PICARRAS,Ingestão de álcool pelo condutor,Colisão traseira,Com Vítimas Feridas,Pleno dia,Crescente,Sol,Simples,Reta,Sim,2,0,0,1,1,0,1,2,-26.75482787,-48.68993675,SPRF-SC,DEL03-SC,UOP02-DEL03-SC,2020
"589930,0",2020-04-25,sábado,21:00:00,SC,101,"48,0",JOINVILLE,Ingestão de álcool pelo condutor,Colisão lateral,Sem Vítimas,Plena Noite,Decrescente,Céu Claro,Dupla,Em Obras,Sim,2,0,0,0,2,0,0,2,-26.35345909,-48.85867862,SPRF-SC,DEL03-SC,UOP01-DEL03-SC,2020
"590913,0",2020-08-15,sábado,10:00:00,SC,101,"4,0",GARUVA,Ingestão de álcool pelo condutor,Capotamento,Com Vítimas Feridas,Pleno dia,Decrescente,Garoa/Chuvisco,Dupla,Curva,Não,2,0,2,0,0,0,2,1,-26.00908719,-48.86448735,SPRF-SC,DEL03-SC,UOP01-DEL03-SC,2020
"331864,0",2021-01-01,sexta-feira,17:10:00,SC,470,"79,1",INDAIAL,Transitar na contramão,Colisão frontal,Com Vítimas Fatais,Pleno dia,Crescente,Nublado,Simples,Reta,Não,9,2,5,1,0,1,6,4,-26.951565,-49.306534,SPRF-SC,DEL04-SC,UOP01-DEL04-SC,2021
"331910,0",2021-01-01,sexta-feira,19:50:00,SC,470,"130,0",LONTRAS,Acessar a via sem observar a presença dos outros veículos,Colisão transversal,Com Vítimas Feridas,Plena Noite,Decrescente,Nublado,Simples,Reta;Interseção de Vias,Sim,5,0,0,2,2,1,2,3,-27.16037609,-49.55657959,SPRF-SC,DEL04-SC,UOP02-DEL04-SC,2021
"331979,0",2021-01-02,sábado,09:25:00,SC,101,"112,0",ITAJAI,Trafegar com motocicleta (ou similar) entre as faixas,Colisão traseira,Com Vítimas Feridas,Pleno dia,Decrescente,Sol,Dupla,Ponte;Reta,Não,5,0,1,1,2,1,2,4,-26.84589005,-48.72131295,SPRF-SC,DEL04-SC,UOP04-DEL04-SC,2021
"332133,0",2021-01-03,domingo,00:40:00,SC,101,"127,0",ITAJAI,Reação tardia ou ineficiente do condutor,Colisão lateral,Com Vítimas Feridas,Plena Noite,Decrescente,Céu Claro,Dupla,Reta,Não,3,0,1,0,1,1,1,2,-26.9639319,-48.68328024,SPRF-SC,DEL04-SC,UOP04-DEL04-SC,2021
"332193,0",2021-01-03,domingo,10:45:00,SC,470,"104,0",APIUNA,Manobra de mudança de faixa,Colisão transversal,Com Vítimas Feridas,Pleno dia,Decrescente,Céu Claro,Simples,Reta,Não,4,0,2,1,1,0,3,2,-27.06135,-49.410408,SPRF-SC,DEL04-SC,UOP02-DEL04-SC,2021
"332247,0",2021-01-03,domingo,14:30:00,SC,158,"106,9",CUNHA PORA,Acessar a via sem observar a presença dos outros veículos,Colisão frontal,Com Vítimas Feridas,Pleno dia,Decrescente,Céu Claro,Simples,Curva,Não,4,0,1,0,2,2,1,4,-26.870565,-53.162023,SPRF-SC,DEL07-SC,UOP02-DEL07-SC,2021
"332364,0",2021-01-03,domingo,22:30:00,SC,280,"200,5",MAFRA,Problema com o freio,Incêndio,Sem Vítimas,Plena Noite,Decrescente,Nublado,Simples,Reta,Não,2,0,0,0,1,1,0,2,-26.17422439,-50.07298809,SPRF-SC,DEL06-SC,UOP01-DEL06-SC,2021
"332396,0",2021-01-04,segunda-feira,08:05:00,SC,101,"49,9",JOINVILLE,Condutor deixou de manter distância do veículo da frente,Colisão traseira,Com Vítimas Feridas,Pleno dia,Decrescente,Nublado,Dupla,Reta,Não,4,0,1,1,1,1,2,3,-26.38686333,-48.84329438,SPRF-SC,DEL03-SC,UOP01-DEL03-SC,2021
"332435,0",2021-01-03,domingo,22:50:00,SC,470,"123,0",IBIRAMA,Demais falhas mecânicas ou elétricas,Derramamento de carga,Sem Vítimas,Plena Noite,Decrescente,Céu Claro,Simples,Declive,Não,2,0,0,0,1,2,0,3,-27.106783,-49.522049,SPRF-SC,DEL04-SC,UOP02-DEL04-SC,2021
"332606,0",2021-01-05,terça-feira,15:00:00,SC,101,"214,6",PALHOCA,Ausência de reação do condutor,Colisão lateral mesmo sentido,Sem Vítimas,Pleno dia,Decrescente,Nublado,Múltipla,Reta,Sim,4,0,0,0,4,0,0,4,-27.64443,-48.67057,SPRF-SC,DEL01-SC,UOP02-DEL01-SC,2021
"332608,0",2021-01-05,terça-feira,15:00:00,SC,101,"206,0",SAO JOSE,Ultrapassagem Indevida,Colisão lateral,Com Vítimas Feridas,Pleno dia,Crescente,Nublado,Dupla,Reta,Sim,4,0,1,0,2,1,1,3,-27.59193546,-48.61824557,SPRF-SC,DEL01-SC,UOP01-DEL01-SC,2021
"332618,0",2021-01-05,terça-feira,14:42:00,SC,116,"5,0",MAFRA,Desrespeitar a preferência no cruzamento,Colisão transversal,Sem Vítimas,Pleno dia,Crescente,Céu Claro,Simples,Reta,Sim,4,0,0,0,3,1,0,3,-26.145535,-49.821787,SPRF-SC,DEL06-SC,UOP01-DEL06-SC,2021
"332647,0",2021-01-05,terça-feira,19:20:00,SC,101,"143,0",ITAPEMA,Manobra de mudança de faixa,Colisão lateral,Com Vítimas Feridas,Plena Noite,Decrescente,Garoa/Chuvisco,Dupla,Reta,Sim,4,0,1,0,2,2,1,5,-27.06436,-48.59599405,SPRF-SC,DEL04-SC,UOP03-DEL04-SC,2021
"332653,0",2021-01-05,terça-feira,17:20:00,SC,282,"300,9",VARGEM,Velocidade Incompatível,Colisão lateral,Com Vítimas Feridas,Pleno dia,Decrescente,Chuva,Simples,Curva,Não,2,0,2,0,0,0,2,2,-27.515957,-50.917877,SPRF-SC,DEL07-SC,UOP06-DEL07-SC,2021
"332693,0",2021-01-05,terça-feira,16:40:00,SC,282,"618,5",IRACEMINHA,Ultrapassagem Indevida,Colisão frontal,Com Vítimas Fatais,Pleno dia,Crescente,Chuva,Simples,Curva;Aclive,Não,5,2,0,1,1,2,1,5,-26.7926859,-53.2960524,SPRF-SC,DEL07-SC,UOP02-DEL07-SC,2021
"332832,0",2021-01-06,quarta-feira,19:50:00,SC,101,"304,4",LAGUNA,Manobra de mudança de faixa,Colisão transversal,Com Vítimas Feridas,Plena Noite,Decrescente,Céu Claro,Múltipla,Reta,Não,4,0,1,0,2,1,1,4,-28.36912427,-48.75686871,SPRF-SC,DEL02-SC,UOP03-DEL02-SC,2021
"332833,0",2021-01-06,quarta-feira,11:30:00,SC,470,"223,0",SAO CRISTOVAO DO SUL,Manobra de mudança de faixa,Colisão transversal,Com Vítimas Feridas,Pleno dia,Crescente,Chuva,Simples,Reta,Não,3,0,1,1,1,0,2,2,-27.31748446,-50.33111572,SPRF-SC,DEL05-SC,UOP03-DEL05-SC,2021
"332834,0",2021-01-06,quarta-feira,12:10:00,SC,470,"230,0",SAO CRISTOVAO DO SUL,Chuva,Tombamento,Com Vítimas Feridas,Pleno dia,Decrescente,Chuva,Simples,Curva,Não,3,0,2,0,1,0,2,1,-27.30552596,-50.3960914,SPRF-SC,DEL05-SC,UOP03-DEL05-SC,2021
"332872,0",2021-01-07,quinta-feira,07:35:00,SC,101,"198,0",SAO JOSE,Reação tardia ou ineficiente do condutor,Colisão lateral,Com Vítimas Feridas,Pleno dia,Crescente,Nublado,Dupla,Reta,Sim,3,0,1,0,2,0,1,3,-27.52658712,-48.63506019,SPRF-SC,DEL01-SC,UOP01-DEL01-SC,2021
"332883,0",2021-01-07,quinta-feira,08:00:00,SC,101,"23,0",JOINVILLE,Ultrapassagem Indevida,Colisão traseira,Com Vítimas Feridas,Pleno dia,Crescente,Céu Claro,Dupla,Reta,Não,2,0,1,0,1,0,1,2,-26.16582501,-48.90742427,SPRF-SC,DEL03-SC,UOP01-DEL03-SC,2021
"332908,0",2021-01-07,quinta-feira,07:15:00,SC,470,"287,9",BRUNOPOLIS,Transitar na contramão,Colisão frontal,Com Vítimas Fatais,Pleno dia,Crescente,Céu Claro,Simples,Reta,Não,4,1,0,0,3,0,0,3,-27.331656,-50.941821,SPRF-SC,DEL07-SC,UOP06-DEL07-SC,2021
"332943,0",2021-01-07,quinta-feira,15:45:00,SC,101,"218,2",PALHOCA,Transitar na contramão,Colisão lateral,Com Vítimas Feridas,Pleno dia,Decrescente,Chuva,Múltipla,Reta,Sim,2,0,0,1,1,0,1,2,-27.6758601,-48.67052525,SPRF-SC,DEL01-SC,UOP02-DEL01-SC,2021
"332995,0",2021-01-07,quinta-feira,16:30:00,SC,101,"455,4",SAO JOAO DO SUL,Demais falhas mecânicas ou elétricas,Capotamento,Com Vítimas Feridas,Pleno dia,Crescente,Nublado,Dupla,Curva;Aclive,Não,2,0,1,0,0,1,1,2,-29.21440894,-49.75853816,SPRF-SC,DEL02-SC,UOP02-DEL02-SC,2021
"333019,0",2021-01-07,quinta-feira,22:15:00,SC,101,"386,2",ICARA,Reação tardia ou ineficiente do condutor,Colisão traseira,Com Vítimas Feridas,Plena Noite,Decrescente,Nublado,Dupla,Reta,Não,3,0,1,0,2,0,1,2,-28.78750283,-49.34099436,SPRF-SC,DEL02-SC,UOP02-DEL02-SC,2021
"333184,0",2021-01-08,sexta-feira,16:35:00,SC,101,"151,0",ITAPEMA,Acessar a via sem observar a presença dos outros veículos,Colisão lateral,Com Vítimas Feridas,Pleno dia,Crescente,Céu Claro,Dupla,Reta,Não,3,0,1,0,2,0,1,2,-27.126536,-48.609642,SPRF-SC,DEL04-SC,UOP03-DEL04-SC,2021
"333228,0",2021-01-08,sexta-feira,18:30:00,SC,101,"137,0",BALNEARIO CAMBORIU,Condutor deixou de manter distância do veículo da frente,Colisão traseira,Com Vítimas Feridas,Anoitecer,Crescente,Céu Claro,Múltipla,Reta,Sim,2,0,1,0,1,0,1,2,-27.0157238,-48.61192763,SPRF-SC,DEL04-SC,UOP03-DEL04-SC,2021
"333238,0",2021-01-09,sábado,03:00:00,SC,101,"197,0",BIGUACU,Velocidade Incompatível,Colisão traseira,Sem Vítimas,Plena Noite,Decrescente,Nublado,Dupla,Reta,Sim,3,0,0,0,2,2,0,4,-27.51844497,-48.63848496,SPRF-SC,DEL01-SC,UOP01-DEL01-SC,2021
"333260,0",2021-01-09,sábado,01:45:00,SC,116,"105,7",MONTE CASTELO,Problema com o freio,Tombamento,Sem Vítimas,Plena Noite,Decrescente,Garoa/Chuvisco,Simples,Curva,Não,1,0,0,0,1,0,0,1,-26.75450918,-50.32007217,SPRF-SC,DEL06-SC,UOP02-DEL06-SC,2021
"333263,0",2021-01-09,sábado,05:45:00,SC,116,"79,0",MONTE CASTELO,Condutor Dormindo,Tombamento,Com Vítimas Feridas,Amanhecer,Decrescente,Garoa/Chuvisco,Simples,Reta;Declive,Não,2,0,0,1,1,0,1,1,-26.54745004,-50.22398538,SPRF-SC,DEL06-SC,UOP02-DEL06-SC,2021
"333462,0",2021-01-10,domingo,00:00:00,SC,470,"223,0",SAO CRISTOVAO DO SUL,Acumulo de água sobre o pavimento,Saída de leito carroçável,Sem Vítimas,Plena Noite,Decrescente,Chuva,Simples,Declive,Não,2,0,0,0,1,1,0,2,-27.319908,-50.336388,SPRF-SC,DEL05-SC,UOP03-DEL05-SC,2021
"333575,0",2021-01-10,domingo,16:15:00,SC,101,"199,3",SAO JOSE,Reação tardia ou ineficiente do condutor,Colisão lateral,Sem Vítimas,Pleno dia,Crescente,Sol,Simples,Reta,Sim,2,0,0,0,2,0,0,2,-27.53413705,-48.63003205,SPRF-SC,DEL01-SC,UOP01-DEL01-SC,2021
"333629,0",2021-01-10,domingo,16:40:00,SC,101,"108,5",PENHA,Manobra de mudança de faixa,Colisão lateral,Sem Vítimas,Pleno dia,Decrescente,Nublado,Dupla,Curva,Não,4,0,0,0,3,2,0,5,-26.83078745,-48.69325697,SPRF-SC,DEL03-SC,UOP02-DEL03-SC,2021
"333636,0",2021-01-10,domingo,17:45:00,SC,101,"348,3",JAGUARUNA,Condutor deixou de manter distância do veículo da frente,Colisão com objeto,Com Vítimas Feridas,Anoitecer,Decrescente,Céu Claro,Múltipla,Reta,Não,3,0,1,0,2,0,1,2,-28.58391877,-49.04983521,SPRF-SC,DEL02-SC,UOP01-DEL02-SC,2021
"333718,0",2021-01-10,domingo,19:15:00,SC,470,"122,6",IBIRAMA,Demais falhas mecânicas ou elétricas,Saída de leito carroçável,Sem Vítimas,Plena Noite,Crescente,Nevoeiro/Neblina,Simples,Curva,Não,2,0,0,0,1,1,0,2,-27.099888,-49.527679,SPRF-SC,DEL04-SC,UOP02-DEL04-SC,2021
"333757,0",2021-01-11,segunda-feira,08:12:00,SC,101,"203,0",SAO JOSE,Condutor deixou de manter distância do veículo da frente,Colisão traseira,Sem Vítimas,Pleno dia,Crescente,Nublado,Dupla,Reta,Sim,2,0,0,0,2,0,0,2,-27.5650044,-48.61460082,SPRF-SC,DEL01-SC,UOP01-DEL01-SC,2021
"333825,0",2021-01-11,segunda-feira,11:15:00,SC,282,"571,7",NOVA ERECHIM,Conversão proibida,Colisão lateral sentido oposto,Sem Vítimas,Pleno dia,Crescente,Céu Claro,Simples,Reta,Não,5,0,0,0,4,2,0,5,-26.883053,-52.939816,SPRF-SC,DEL07-SC,UOP02-DEL07-SC,2021
"333826,0",2021-01-11,segunda-feira,13:30:00,SC,116,"220,6",CORREIA PINTO,Desrespeitar a preferência no cruzamento,Colisão transversal,Com Vítimas Feridas,Pleno dia,Decrescente,Céu Claro,Simples,Rotatória,Não,3,0,1,1,1,0,2,2,-27.57771319,-50.36993036,SPRF-SC,DEL05-SC,UOP03-DEL05-SC,2021
"333834,0",2021-01-11,segunda-feira,13:15:00,SC,101,"352,0",JAGUARUNA,Reação tardia ou ineficiente do condutor,Colisão traseira,Sem Vítimas,Pleno dia,Crescente,Sol,Dupla,Aclive,Não,3,0,0,0,2,1,0,3,-28.60489869,-49.05593332,SPRF-SC,DEL02-SC,UOP01-DEL02-SC,2021
"333835,0",2021-01-10,domingo,17:50:00,SC,101,"318,6",PESCARIA BRAVA,Condutor deixou de manter distância do veículo da frente,Engavetamento,Com Vítimas Feridas,Anoitecer,Crescente,Sol,Dupla,Reta,Não,10,0,1,0,9,0,1,4,-28.4266481,-48.86160099,SPRF-SC,DEL02-SC,UOP01-DEL02-SC,2021
"333845,0",2021-01-11,segunda-feira,15:47:00,SC,101,"218,4",PALHOCA,Ausência de reação do condutor,Colisão traseira,Com Vítimas Feridas,Pleno dia,Crescente,Céu Claro,Múltipla,Reta,Sim,3,0,0,1,1,1,1,3,-27.6758601,-48.67052525,SPRF-SC,DEL01-SC,UOP02-DEL01-SC,2021
"333902,0",2021-01-11,segunda-feira,11:56:00,SC,280,"304,0",PORTO UNIAO,Demais falhas mecânicas ou elétricas,Eventos atípicos,Com Vítimas Feridas,Pleno dia,Decrescente,Céu Claro,Simples,Reta,Não,3,0,1,0,2,0,1,3,-26.27999553,-51.05063229,SPRF-SC,DEL06-SC,UOP04-DEL06-SC,2021
"333933,0",2021-01-11,segunda-feira,22:00:00,SC,101,"301,0",LAGUNA,Velocidade Incompatível,Colisão traseira,Com Vítimas Feridas,Plena Noite,Decrescente,Céu Claro,Dupla,Reta,Não,3,0,1,0,1,2,1,4,-28.34625432,-48.73549064,SPRF-SC,DEL02-SC,UOP03-DEL02-SC,2021
"333961,0",2021-01-12,terça-feira,07:02:00,SC,101,"207,1",SAO JOSE,Velocidade Incompatível,Colisão lateral,Com Vítimas Fatais,Pleno dia,Decrescente,Sol,Múltipla,Reta,Sim,3,1,0,0,2,0,0,3,-27.600629,-48.62322,SPRF-SC,DEL01-SC,UOP01-DEL01-SC,2021
"334108,0",2021-01-12,terça-feira,17:20:00,SC,101,"136,0",BALNEARIO CAMBORIU,Ingestão de álcool e/ou substâncias psicoativas pelo pedestre,Atropelamento de Pedestre,Sem Vítimas,Pleno dia,Crescente,Nublado,Múltipla,Reta,Sim,2,0,0,0,2,0,0,2,-27.008113,-48.617245,SPRF-SC,DEL04-SC,UOP03-DEL04-SC,2021
"334134,0",2021-01-13,quarta-feira,07:35:00,SC,101,"222,7",PALHOCA,Manobra de mudança de faixa,Colisão lateral,Com Vítimas Feridas,Pleno dia,Crescente,Nublado,Dupla,Reta,Não,4,0,1,0,2,1,1,4,-27.71279574,-48.65079761,SPRF-SC,DEL01-SC,UOP02-DEL01-SC,2021
"334247,0",2021-01-13,quarta-feira,13:20:00,SC,101,"345,0",TUBARAO,Acesso irregular,Colisão transversal,Com Vítimas Feridas,Pleno dia,Crescente,Sol,Dupla,Curva;Desvio Temporário;Retorno Regulamentado,Não,4,0,1,0,2,1,1,3,-28.54565997,-49.05345334,SPRF-SC,DEL02-SC,UOP01-DEL02-SC,2021
"334294,0",2021-01-14,quinta-feira,03:30:00,SC,101,"378,0",ICARA,Ingestão de álcool pelo condutor,Colisão traseira,Sem Vítimas,Plena Noite,Crescente,Céu Claro,Simples,Reta,Não,3,0,0,0,2,1,0,3,-28.741853,-49.251657,SPRF-SC,DEL02-SC,UOP02-DEL02-SC,2021
"334311,0",2021-01-14,quinta-feira,07:50:00,SC,101,"3,4",GARUVA,Velocidade Incompatível,Colisão com objeto,Com Vítimas Feridas,Pleno dia,Decrescente,Chuva,Dupla,Curva,Não,3,0,1,1,0,1,2,2,-26.00380807,-48.87233005,SPRF-SC,DEL03-SC,UOP01-DEL03-SC,2021
"334477,0",2021-01-15,sexta-feira,06:15:00,SC,101,"129,0",BALNEARIO CAMBORIU,Ingestão de álcool pelo condutor,Colisão lateral,Com Vítimas Feridas,Pleno dia,Decrescente,Garoa/Chuvisco,Dupla,Reta,Não,3,0,1,0,2,0,1,2,-26.98064277,-48.6790679,SPRF-SC,DEL04-SC,UOP03-DEL04-SC,2021
"334556,0",2021-01-14,quinta-feira,14:00:00,SC,282,"602,0",MARAVILHA,Condutor deixou de manter distância do veículo da frente,Colisão traseira,Com Vítimas Feridas,Pleno dia,Crescente,Céu Claro,Simples,Reta,Não,2,0,1,0,0,1,1,2,-26.806049,-53.178757,SPRF-SC,DEL07-SC,UOP02-DEL07-SC,2021
"334558,0",2021-01-15,sexta-feira,13:15:00,SC,101,"39,0",JOINVILLE,Acessar a via sem observar a presença dos outros veículos,Colisão lateral mesmo sentido,Com Vítimas Feridas,Pleno dia,Decrescente,Garoa/Chuvisco,Dupla,Reta,Sim,8,0,3,1,4,0,4,2,-26.2628107,-48.90192257,SPRF-SC,DEL03-SC,UOP01-DEL03-SC,2021
"334561,0",2021-01-15,sexta-feira,12:15:00,SC,101,"213,9",PALHOCA,Condutor deixou de manter distância do veículo da frente,Colisão traseira,Com Vítimas Feridas,Pleno dia,Decrescente,Céu Claro,Múltipla,Reta,Sim,3,0,1,0,1,1,1,3,-27.63697369,-48.66514142,SPRF-SC,DEL01-SC,UOP02-DEL01-SC,2021
"334574,0",2021-01-15,sexta-feira,13:30:00,SC,101,"185,0",BIGUACU,Condutor deixou de manter distância do veículo da frente,Colisão traseira,Com Vítimas Feridas,Pleno dia,Decrescente,Céu Claro,Dupla,Reta,Sim,2,0,1,0,1,0,1,2,-27.42536698,-48.62465876,SPRF-SC,DEL01-SC,UOP01-DEL01-SC,2021
"334611,0",2021-01-15,sexta-feira,17:00:00,SC,101,"94,1",BARRA VELHA,Reação tardia ou ineficiente do condutor,Colisão traseira,Sem Vítimas,Pleno dia,Decrescente,Nublado,Dupla,Reta;Declive,Não,3,0,0,0,3,0,0,3,-26.70560359,-48.70077252,SPRF-SC,DEL03-SC,UOP02-DEL03-SC,2021
"334690,0",2021-01-15,sexta-feira,21:45:00,SC,101,"90,0",BARRA VELHA,Condutor Dormindo,Colisão traseira,Sem Vítimas,Plena Noite,Crescente,Nublado,Dupla,Reta,Não,2,0,0,0,2,0,0,2,-26.66148503,-48.68866176,SPRF-SC,DEL03-SC,UOP02-DEL03-SC,2021
"334710,0",2021-01-16,sábado,00:10:00,SC,116,"238,9",LAGES,Ingestão de álcool pelo condutor,Colisão lateral,Com Vítimas Feridas,Plena Noite,Crescente,Garoa/Chuvisco,Simples,Reta,Não,3,0,1,0,1,2,1,4,-27.739808,-50.33545902,SPRF-SC,DEL05-SC,UOP01-DEL05-SC,2021
"334745,0",2021-01-15,sexta-feira,16:00:00,SC,280,"277,3",IRINEOPOLIS,Demais falhas mecânicas ou elétricas,Saída de leito carroçável,Sem Vítimas,Pleno dia,Decrescente,Céu Claro,Simples,Reta,Não,1,0,0,0,0,1,0,1,-26.29406241,-50.80003385,SPRF-SC,DEL06-SC,UOP04-DEL06-SC,2021
"334768,0",2021-01-16,sábado,06:45:00,SC,153,"58,5",IRANI,Desrespeitar a preferência no cruzamento,Colisão transversal,Com Vítimas Feridas,Pleno dia,Decrescente,Céu Claro,Simples,Interseção de Vias,Não,6,0,3,0,2,2,3,4,-26.964373,-51.841362,SPRF-SC,DEL07-SC,UOP05-DEL07-SC,2021
"334831,0",2021-01-16,sábado,15:10:00,SC,101,"234,0",PALHOCA,Pedestre andava na pista,Atropelamento de Pedestre,Com Vítimas Feridas,Pleno dia,Crescente,Céu Claro,Dupla,Curva,Não,2,0,1,0,0,1,1,2,-27.81043812,-48.63537111,SPRF-SC,DEL01-SC,UOP02-DEL01-SC,2021
"335005,0",2021-01-17,domingo,14:20:00,SC,470,"158,0",TROMBUDO CENTRAL,Velocidade Incompatível,Colisão frontal,Com Vítimas Feridas,Pleno dia,Decrescente,Nublado,Simples,Curva,Não,5,0,4,0,1,0,4,2,-27.287016,-49.778389,SPRF-SC,DEL04-SC,UOP02-DEL04-SC,2021