id,data_inversa,dia_semana,horario,uf,br,km,municipio,causa_acidente,tipo_acidente,classificacao_acidente,fase_dia,sentido_via,condicao_metereologica,tipo_pista,tracado_via,uso_solo,pessoas,mortos,feridos_leves,feridos_graves,ilesos,ignorados,feridos,veiculos,latitude,longitude,regional,delegacia,uop,ano_arquivo
"342251,0",2021-02-22,segunda-feira,09:40:00,SC,101,"158,7",PORTO BELO,Reação tardia ou ineficiente do condutor,Colisão traseira,Com Vítimas Feridas,Pleno dia,Crescente,Céu Claro,Dupla,Retorno Regulamentado,Não,2,0,1,0,1,0,1,2,-27.19096301,-48.61259017,SPRF-SC,DEL04-SC,UOP03-DEL04-SC,2021
"342274,0",2021-02-22,segunda-feira,11:00:00,SC,116,"172,5",PONTE ALTA DO NORTE,Reação tardia ou ineficiente do condutor,Colisão com objeto,Com Vítimas Feridas,Pleno dia,Decrescente,Céu Claro,Simples,Reta,Não,1,0,1,0,0,0,1,1,-27.21243998,-50.4652468,SPRF-SC,DEL05-SC,UOP03-DEL05-SC,2021
"342353,0",2021-02-22,segunda-feira,13:05:00,SC,153,"114,3",CONCORDIA,Reação tardia ou ineficiente do condutor,Tombamento,Com Vítimas Feridas,Pleno dia,Decrescente,Céu Claro,Simples,Curva,Não,2,0,1,0,0,1,1,2,-27.1917468,-51.9358767,SPRF-SC,DEL07-SC,UOP04-DEL07-SC,2021
"342356,0",2021-02-22,segunda-feira,15:50:00,SC,282,"403,0",JOACABA,Acumulo de água sobre o pavimento,Saída de leito carroçável,Sem Vítimas,Pleno dia,Decrescente,Chuva,Simples,Reta,Não,1,0,0,0,1,0,0,1,-27.108929,-51.635838,SPRF-SC,DEL07-SC,UOP05-DEL07-SC,2021
"342371,0",2021-02-22,segunda-feira,18:40:00,SC,280,"261,8",CANOINHAS,Velocidade Incompatível,Colisão lateral sentido oposto,Com Vítimas Feridas,Anoitecer,Decrescente,Céu Claro,Simples,Reta,Não,3,0,1,0,2,0,1,3,-26.26172914,-50.64820499,SPRF-SC,DEL06-SC,UOP04-DEL06-SC,2021
"342383,0",2021-02-22,segunda-feira,23:00:00,SC,101,"69,8",ARAQUARI,Condutor Dormindo,Tombamento,Sem Vítimas,Plena Noite,Decrescente,Nublado,Dupla,Reta,Não,2,0,0,0,1,1,0,2,-26.50298009,-48.72814515,SPRF-SC,DEL03-SC,UOP02-DEL03-SC,2021
"342390,0",2021-02-23,terça-feira,00:35:00,SC,101,"55,8",JOINVILLE,Demais falhas mecânicas ou elétricas,Incêndio,Sem Vítimas,Plena Noite,Decrescente,Nublado,Dupla,Curva;Aclive,Não,2,0,0,0,1,1,0,2,-26.42280898,-48.82977496,SPRF-SC,DEL03-SC,UOP01-DEL03-SC,2021
"342397,0",2021-02-23,terça-feira,07:25:00,SC,101,"35,4",JOINVILLE,Condutor deixou de manter distância do veículo da frente,Colisão traseira,Com Vítimas Feridas,Pleno dia,Decrescente,Sol,Dupla,Reta,Não,12,0,12,0,0,0,12,3,-26.2411301,-48.91227415,SPRF-SC,DEL03-SC,UOP01-DEL03-SC,2021
"342400,0",2021-02-23,terça-feira,07:05:00,SC,282,"0,8",FLORIANOPOLIS,Condutor deixou de manter distância do veículo da frente,Colisão traseira,Com Vítimas Feridas,Pleno dia,Decrescente,Sol,Múltipla,Reta;Declive,Sim,4,0,1,1,2,0,2,3,-27.60013736,-48.57633948,SPRF-SC,DEL01-SC,UOP01-DEL01-SC,2021
"342403,0",2021-02-23,terça-feira,07:50:00,SC,101,"269,0",IMBITUBA,Velocidade Incompatível,Colisão traseira,Sem Vítimas,Pleno dia,Decrescente,Céu Claro,Dupla,Reta,Sim,2,0,0,0,2,0,0,2,-28.09417595,-48.70917593,SPRF-SC,DEL02-SC,UOP03-DEL02-SC,2021
"342441,0",2021-02-23,terça-feira,12:00:00,SC,101,"208,5",SAO JOSE,Condutor deixou de manter distância do veículo da frente,Colisão traseira,Com Vítimas Feridas,Pleno dia,Decrescente,Céu Claro,Dupla,Reta,Sim,4,0,1,0,2,1,1,4,-27.60327979,-48.63201818,SPRF-SC,DEL01-SC,UOP01-DEL01-SC,2021
"342446,0",2021-02-23,terça-feira,08:30:00,SC,282,"375,5",ERVAL VELHO,Demais falhas mecânicas ou elétricas,Saída de leito carroçável,Com Vítimas Feridas,Pleno dia,Crescente,Céu Claro,Simples,Declive,Não,2,0,1,0,0,1,1,2,-27.228022,-51.456421,SPRF-SC,DEL07-SC,UOP05-DEL07-SC,2021
"342456,0",2021-02-23,terça-feira,13:15:00,SC,101,"257,0",PAULO LOPES,Reação tardia ou ineficiente do condutor,Colisão traseira,Com Vítimas Feridas,Pleno dia,Crescente,Nublado,Dupla,Em Obras;Curva,Não,3,0,1,0,1,1,1,3,-27.99701205,-48.68755194,SPRF-SC,DEL02-SC,UOP03-DEL02-SC,2021
"342457,0",2021-02-23,terça-feira,13:15:00,SC,101,"13,0",GARUVA,Condutor deixou de manter distância do veículo da frente,Colisão traseira,Com Vítimas Feridas,Pleno dia,Decrescente,Céu Claro,Dupla,Reta,Não,3,0,0,1,1,2,1,4,-26.08986803,-48.86345096,SPRF-SC,DEL03-SC,UOP01-DEL03-SC,2021
"342460,0",2021-02-23,terça-feira,14:18:00,SC,282,"503,0",XANXERE,Velocidade Incompatível,Tombamento,Com Vítimas Feridas,Pleno dia,Decrescente,Sol,Dupla,Curva,Sim,1,0,1,0,0,0,1,1,-26.88492,-52.399788,SPRF-SC,DEL07-SC,UOP01-DEL07-SC,2021
"342528,0",2021-02-23,terça-feira,17:50:00,SC,470,"10,6",NAVEGANTES,Chuva,Colisão frontal,Com Vítimas Feridas,Pleno dia,Decrescente,Chuva,Simples,Reta,Não,5,0,1,2,1,1,3,3,-26.833693,-48.73724,SPRF-SC,DEL04-SC,UOP04-DEL04-SC,2021
"342532,0",2021-02-23,terça-feira,18:30:00,SC,470,"122,6",IBIRAMA,Velocidade Incompatível,Colisão frontal,Com Vítimas Feridas,Anoitecer,Decrescente,Nublado,Simples,Curva,Não,3,0,0,1,1,1,1,3,-27.10635294,-49.52173233,SPRF-SC,DEL04-SC,UOP02-DEL04-SC,2021
"342533,0",2021-02-23,terça-feira,13:30:00,SC,470,"141,6",RIO DO SUL,Condutor usando celular,Colisão traseira,Sem Vítimas,Pleno dia,Crescente,Céu Claro,Simples,Reta,Não,4,0,0,0,4,0,0,4,-27.226065,-49.666161,SPRF-SC,DEL04-SC,UOP02-DEL04-SC,2021
"342537,0",2021-02-23,terça-feira,19:15:00,SC,280,"14,8",SAO FRANCISCO DO SUL,Acessar a via sem observar a presença dos outros veículos,Colisão transversal,Com Vítimas Feridas,Plena Noite,Decrescente,Chuva,Simples,Interseção de Vias,Não,4,0,1,0,2,1,1,3,-26.3301861,-48.65148076,SPRF-SC,DEL03-SC,UOP03-DEL03-SC,2021
"342559,0",2021-02-24,quarta-feira,04:00:00,SC,101,"273,9",IMBITUBA,Acessar a via sem observar a presença dos outros veículos,Colisão traseira,Com Vítimas Feridas,Plena Noite,Crescente,Céu Claro,Dupla,Reta,Sim,3,0,1,0,1,2,1,4,-28.129852,-48.69322,SPRF-SC,DEL02-SC,UOP03-DEL02-SC,2021
"342560,0",2021-02-24,quarta-feira,02:22:00,SC,101,"131,0",BALNEARIO CAMBORIU,Condutor deixou de manter distância do veículo da frente,Colisão traseira,Com Vítimas Feridas,Plena Noite,Crescente,Céu Claro,Dupla,Reta,Sim,3,0,2,0,0,1,2,2,-26.99064209,-48.66310912,SPRF-SC,DEL04-SC,UOP03-DEL04-SC,2021
"342606,0",2021-02-24,quarta-feira,09:30:00,SC,470,"5,0",NAVEGANTES,Velocidade Incompatível,Engavetamento,Com Vítimas Feridas,Pleno dia,Decrescente,Céu Claro,Dupla,Reta,Sim,5,0,1,0,3,4,1,8,-26.855688,-48.700333,SPRF-SC,DEL04-SC,UOP04-DEL04-SC,2021
"342631,0",2021-02-24,quarta-feira,13:00:00,SC,101,"243,0",PALHOCA,Manobra de mudança de faixa,Colisão lateral,Com Vítimas Feridas,Pleno dia,Crescente,Garoa/Chuvisco,Múltipla,Reta,Não,3,0,1,0,1,1,1,3,-27.88419902,-48.64750077,SPRF-SC,DEL01-SC,UOP02-DEL01-SC,2021
"342682,0",2021-02-24,quarta-feira,16:50:00,SC,282,"388,8",JOACABA,Acumulo de água sobre o pavimento,Colisão com objeto,Com Vítimas Feridas,Pleno dia,Decrescente,Chuva,Simples,Curva,Não,2,0,1,0,1,0,1,1,-27.179003,-51.531616,SPRF-SC,DEL07-SC,UOP05-DEL07-SC,2021
"342684,0",2021-02-24,quarta-feira,18:35:00,SC,101,"211,1",PALHOCA,Demais falhas mecânicas ou elétricas,Colisão lateral,Com Vítimas Feridas,Anoitecer,Crescente,Nublado,Múltipla,Ponte,Sim,3,0,1,0,2,0,1,2,-27.62329313,-48.65245588,SPRF-SC,DEL01-SC,UOP02-DEL01-SC,2021
"342729,0",2021-02-24,quarta-feira,22:35:00,SC,101,"202,0",SAO JOSE,Manobra de mudança de faixa,Colisão lateral mesmo sentido,Sem Vítimas,Plena Noite,Decrescente,Garoa/Chuvisco,Dupla,Reta,Sim,9,0,0,0,9,0,0,3,-27.55711595,-48.61897889,SPRF-SC,DEL01-SC,UOP01-DEL01-SC,2021
"342780,0",2021-02-25,quinta-feira,07:45:00,SC,101,"354,1",SANGAO,Desrespeitar a preferência no cruzamento,Colisão transversal,Com Vítimas Feridas,Pleno dia,Crescente,Nublado,Simples,Viaduto,Não,3,0,1,0,1,1,1,3,-28.61806302,-49.07013199,SPRF-SC,DEL02-SC,UOP01-DEL02-SC,2021
"342784,0",2021-02-25,quinta-feira,08:40:00,SC,101,"272,8",IMBITUBA,Manobra de mudança de faixa,Saída de leito carroçável,Com Vítimas Feridas,Pleno dia,Crescente,Nublado,Dupla,Reta,Sim,2,0,1,0,1,0,1,2,-28.128132,-48.693999,SPRF-SC,DEL02-SC,UOP03-DEL02-SC,2021
"342900,0",2021-02-25,quinta-feira,19:20:00,SC,280,"166,0",MAFRA,Condutor deixou de manter distância do veículo da frente,Colisão traseira,Com Vítimas Feridas,Plena Noite,Decrescente,Céu Claro,Simples,Reta,Não,6,0,3,0,2,1,3,2,-26.17713619,-49.81611416,SPRF-SC,DEL06-SC,UOP01-DEL06-SC,2021
"342913,0",2021-02-25,quinta-feira,21:30:00,SC,101,"9,7",GARUVA,Ingestão de álcool ou de substâncias psicoativas pelo pedestre,Atropelamento de Pedestre,Com Vítimas Feridas,Plena Noite,Decrescente,Garoa/Chuvisco,Dupla,Reta,Não,2,0,1,0,0,1,1,2,-26.053987,-48.859608,SPRF-SC,DEL03-SC,UOP01-DEL03-SC,2021
"342938,0",2021-02-25,quinta-feira,23:55:00,SC,101,"115,8",ITAJAI,Estacionar ou parar em local proibido,Colisão traseira,Sem Vítimas,Plena Noite,Decrescente,Céu Claro,Múltipla,Reta,Sim,3,0,0,0,2,1,0,3,-26.87064015,-48.72954134,SPRF-SC,DEL04-SC,UOP04-DEL04-SC,2021
"342953,0",2021-02-26,sexta-feira,05:55:00,SC,101,"134,0",BALNEARIO CAMBORIU,Avarias e/ou desgaste excessivo no pneu,Incêndio,Sem Vítimas,Pleno dia,Decrescente,Céu Claro,Múltipla,Reta,Sim,2,0,0,0,1,1,0,2,-27.00218,-48.636433,SPRF-SC,DEL04-SC,UOP03-DEL04-SC,2021
"343025,0",2021-02-26,sexta-feira,12:35:00,SC,101,"53,5",JOINVILLE,Velocidade Incompatível,Colisão traseira,Com Vítimas Feridas,Pleno dia,Crescente,Chuva,Dupla,Reta,Não,5,0,1,0,3,2,1,5,-26.40231201,-48.83969703,SPRF-SC,DEL03-SC,UOP01-DEL03-SC,2021
"343077,0",2021-01-04,segunda-feira,22:10:00,SC,101,"137,3",BALNEARIO CAMBORIU,Ingestão de álcool pelo condutor,Colisão traseira,Com Vítimas Fatais,Plena Noite,Crescente,Céu Claro,Dupla,Reta,Sim,4,1,0,0,2,1,0,4,-27.0157238,-48.61192763,SPRF-SC,DEL04-SC,UOP03-DEL04-SC,2021
"343087,0",2021-02-26,sexta-feira,17:45:00,SC,280,"7,3",SAO FRANCISCO DO SUL,Condutor deixou de manter distância do veículo da frente,Engavetamento,Com Vítimas Feridas,Pleno dia,Crescente,Garoa/Chuvisco,Simples,Reta,Não,4,0,2,0,2,0,2,3,-26.27127101,-48.64129599,SPRF-SC,DEL03-SC,UOP03-DEL03-SC,2021
"343096,0",2021-02-26,sexta-feira,16:50:00,SC,101,"82,8",BARRA VELHA,Condutor deixou de manter distância do veículo da frente,Colisão traseira,Com Vítimas Feridas,Pleno dia,Decrescente,Céu Claro,Dupla,Reta,Sim,3,0,1,0,2,0,1,2,-26.61085222,-48.72204472,SPRF-SC,DEL03-SC,UOP02-DEL03-SC,2021
"343195,0",2021-02-27,sábado,06:30:00,SC,470,"141,9",RIO DO SUL,Condutor Dormindo,Colisão lateral sentido oposto,Com Vítimas Feridas,Pleno dia,Crescente,Nublado,Simples,Reta,Não,4,0,2,0,1,2,2,5,-27.226065,-49.666161,SPRF-SC,DEL04-SC,UOP02-DEL04-SC,2021
"343323,0",2021-02-27,sábado,19:35:00,SC,101,"219,0",PALHOCA,Velocidade Incompatível,Colisão com objeto,Com Vítimas Feridas,Plena Noite,Crescente,Céu Claro,Dupla,Reta,Não,5,0,1,0,3,2,1,5,-27.68392194,-48.66710085,SPRF-SC,DEL01-SC,UOP02-DEL01-SC,2021
"343346,0",2021-02-27,sábado,20:45:00,SC,280,"100,0",SAO BENTO DO SUL,Velocidade Incompatível,Colisão frontal,Sem Vítimas,Plena Noite,Decrescente,Chuva,Simples,Curva;Declive,Não,3,0,0,0,2,1,0,3,-26.37158361,-49.33137101,SPRF-SC,DEL06-SC,UOP03-DEL06-SC,2021
"343389,0",2021-02-27,sábado,23:15:00,SC,282,"668,0",PARAISO,Acessar a via sem observar a presença dos outros veículos,Colisão transversal,Com Vítimas Fatais,Plena Noite,Crescente,Céu Claro,Simples,Reta;Declive,Não,3,1,0,0,0,2,0,3,-26.641872,-53.625648,SPRF-SC,DEL07-SC,UOP03-DEL07-SC,2021
"343536,0",2021-02-28,domingo,19:00:00,SC,101,"13,0",GARUVA,Manobra de mudança de faixa,Colisão lateral mesmo sentido,Com Vítimas Feridas,Plena Noite,Crescente,Nublado,Dupla,Reta,Não,7,0,1,0,5,3,1,8,-26.08986803,-48.86345096,SPRF-SC,DEL03-SC,UOP01-DEL03-SC,2021
"343539,0",2021-02-28,domingo,17:00:00,SC,470,"128,0",LONTRAS,Reação tardia ou ineficiente do condutor,Tombamento,Com Vítimas Feridas,Pleno dia,Crescente,Céu Claro,Simples,Curva,Não,2,0,1,0,0,1,1,2,-27.143742,-49.548897,SPRF-SC,DEL04-SC,UOP02-DEL04-SC,2021
"343633,0",2021-03-01,segunda-feira,07:50:00,SC,153,"66,5",IRANI,Manobra de mudança de faixa,Saída de leito carroçável,Sem Vítimas,Pleno dia,Crescente,Céu Claro,Simples,Curva,Não,3,0,0,0,2,1,0,3,-27.018436,-51.883396,SPRF-SC,DEL07-SC,UOP04-DEL07-SC,2021
"343651,0",2021-03-01,segunda-feira,08:59:00,SC,470,"64,0",INDAIAL,Falta de acostamento,Saída de leito carroçável,Sem Vítimas,Pleno dia,Crescente,Céu Claro,Simples,Reta,Não,1,0,0,0,1,0,0,1,-26.869867,-49.201859,SPRF-SC,DEL04-SC,UOP01-DEL04-SC,2021
"343706,0",2021-03-01,segunda-feira,16:30:00,SC,116,"180,3",SAO CRISTOVAO DO SUL,Acessar a via sem observar a presença dos outros veículos,Colisão frontal,Com Vítimas Feridas,Pleno dia,Crescente,Nublado,Simples,Reta,Sim,2,0,1,0,1,0,1,2,-27.27041426,-50.44097161,SPRF-SC,DEL05-SC,UOP03-DEL05-SC,2021
"343719,0",2021-03-01,segunda-feira,14:30:00,SC,153,"33,7",PONTE SERRADA,Problema com o freio,Incêndio,Sem Vítimas,Pleno dia,Crescente,Céu Claro,Simples,Curva,Não,2,0,0,0,1,2,0,3,-26.799587,-51.712334,SPRF-SC,DEL07-SC,UOP05-DEL07-SC,2021
"343787,0",2021-03-02,terça-feira,07:50:00,SC,280,"66,3",JARAGUA DO SUL,Condutor deixou de manter distância do veículo da frente,Colisão traseira,Com Vítimas Feridas,Pleno dia,Decrescente,Céu Claro,Simples,Reta,Não,2,0,0,1,1,0,1,2,-26.47606607,-49.09568797,SPRF-SC,DEL03-SC,UOP03-DEL03-SC,2021
"343842,0",2021-03-02,terça-feira,12:10:00,SC,101,"336,8",TUBARAO,Velocidade Incompatível,Colisão com objeto,Com Vítimas Feridas,Pleno dia,Decrescente,Céu Claro,Dupla,Curva;Declive,Sim,3,0,1,0,0,2,1,3,-28.48722253,-49.03844118,SPRF-SC,DEL02-SC,UOP01-DEL02-SC,2021
"343855,0",2021-03-02,terça-feira,14:10:00,SC,280,"140,0",MAFRA,Demais falhas mecânicas ou elétricas,Eventos atípicos,Sem Vítimas,Pleno dia,Crescente,Céu Claro,Simples,Curva;Aclive,Não,1,0,0,0,1,0,0,1,-26.25385392,-49.612674,SPRF-SC,DEL06-SC,UOP03-DEL06-SC,2021
"343856,0",2021-03-02,terça-feira,14:30:00,SC,116,"59,0",PAPANDUVA,Condutor deixou de manter distância do veículo da frente,Colisão traseira,Com Vítimas Feridas,Pleno dia,Crescente,Céu Claro,Simples,Reta,Não,5,0,2,0,2,1,2,3,-26.37933149,-50.20775008,SPRF-SC,DEL06-SC,UOP02-DEL06-SC,2021
"343906,0",2021-03-02,terça-feira,19:05:00,SC,470,"80,0",RODEIO,Condutor deixou de manter distância do veículo da frente,Colisão traseira,Com Vítimas Feridas,Plena Noite,Crescente,Nublado,Simples,Reta,Não,2,0,0,1,1,0,1,2,-26.94883263,-49.31579232,SPRF-SC,DEL04-SC,UOP01-DEL04-SC,2021
"343912,0",2021-03-02,terça-feira,15:55:00,SC,282,"503,7",XANXERE,Velocidade Incompatível,Tombamento,Com Vítimas Feridas,Pleno dia,Decrescente,Céu Claro,Dupla,Curva;Aclive,Sim,2,0,1,0,0,1,1,2,-26.88492,-52.399788,SPRF-SC,DEL07-SC,UOP01-DEL07-SC,2021
"343936,0",2021-03-02,terça-feira,22:10:00,SC,282,"431,3",VARGEM BONITA,Transitar na contramão,Colisão frontal,Com Vítimas Fatais,Plena Noite,Crescente,Céu Claro,Simples,Curva,Não,3,1,0,0,1,1,0,3,-26.979103,-51.800219,SPRF-SC,DEL07-SC,UOP05-DEL07-SC,2021
"343977,0",2021-03-03,quarta-feira,08:50:00,SC,163,"69,0",SAO MIGUEL DO OESTE,Velocidade Incompatível,Colisão transversal,Com Vítimas Feridas,Pleno dia,Decrescente,Nublado,Dupla,Reta,Sim,3,0,1,0,2,0,1,2,-26.73461723,-53.50680015,SPRF-SC,DEL07-SC,UOP03-DEL07-SC,2021
"343995,0",2021-03-03,quarta-feira,12:00:00,SC,101,"199,0",BIGUACU,Desrespeitar a preferência no cruzamento,Tombamento,Com Vítimas Feridas,Pleno dia,Crescente,Céu Claro,Dupla,Viaduto,Sim,2,0,1,0,1,0,1,2,-27.53413705,-48.63003205,SPRF-SC,DEL01-SC,UOP01-DEL01-SC,2021
"344032,0",2021-03-03,quarta-feira,15:15:00,SC,101,"41,3",JOINVILLE,Reação tardia ou ineficiente do condutor,Engavetamento,Com Vítimas Fatais,Pleno dia,Crescente,Chuva,Dupla,Declive,Sim,3,1,0,0,2,0,0,3,-26.319112,-48.871449,SPRF-SC,DEL03-SC,UOP01-DEL03-SC,2021
"344045,0",2021-03-03,quarta-feira,08:25:00,SC,470,"33,0",GASPAR,Acessar a via sem observar a presença dos outros veículos,Colisão lateral mesmo sentido,Com Vítimas Feridas,Pleno dia,Crescente,Céu Claro,Simples,Reta,Sim,3,0,1,0,1,1,1,3,-26.906223,-48.940575,SPRF-SC,DEL04-SC,UOP01-DEL04-SC,2021
"344065,0",2021-03-03,quarta-feira,15:13:00,SC,101,"42,5",JOINVILLE,Condutor deixou de manter distância do veículo da frente,Engavetamento,Com Vítimas Feridas,Pleno dia,Crescente,Chuva,Dupla,Reta;Declive,Sim,4,0,1,0,2,1,1,4,-26.29251598,-48.88474385,SPRF-SC,DEL03-SC,UOP01-DEL03-SC,2021
"344095,0",2021-03-04,quinta-feira,00:40:00,SC,101,"240,4",PALHOCA,Reação tardia ou ineficiente do condutor,Tombamento,Com Vítimas Feridas,Plena Noite,Crescente,Nublado,Dupla,Reta,Não,2,0,2,0,0,0,2,1,-27.85825092,-48.64383119,SPRF-SC,DEL01-SC,UOP02-DEL01-SC,2021
"344138,0",2021-03-04,quinta-feira,09:00:00,SC,101,"119,7",ITAJAI,Ausência de reação do condutor,Colisão lateral mesmo sentido,Com Vítimas Feridas,Amanhecer,Decrescente,Sol,Múltipla,Reta,Sim,3,0,1,0,1,1,1,3,-26.9043179,-48.71555481,SPRF-SC,DEL04-SC,UOP04-DEL04-SC,2021
"344253,0",2021-03-04,quinta-feira,16:36:00,SC,101,"57,7",ARAQUARI,Manobra de mudança de faixa,Capotamento,Com Vítimas Feridas,Pleno dia,Decrescente,Nublado,Dupla,Curva,Não,2,0,0,1,1,0,1,2,-26.43646093,-48.81113029,SPRF-SC,DEL03-SC,UOP01-DEL03-SC,2021
"344257,0",2021-03-04,quinta-feira,13:00:00,SC,116,"234,8",CORREIA PINTO,Velocidade Incompatível,Colisão com objeto,Com Vítimas Feridas,Pleno dia,Decrescente,Chuva,Simples,Reta;Aclive,Não,2,0,1,0,0,1,1,2,-27.71027871,-50.33617973,SPRF-SC,DEL05-SC,UOP01-DEL05-SC,2021
"344313,0",2021-03-04,quinta-feira,16:30:00,SC,101,"40,0",JOINVILLE,Demais falhas na via,Colisão com objeto,Com Vítimas Feridas,Pleno dia,Decrescente,Chuva,Dupla,Reta,Sim,4,0,2,0,1,1,2,2,-26.27176094,-48.89468382,SPRF-SC,DEL03-SC,UOP01-DEL03-SC,2021
"344331,0",2021-03-05,sexta-feira,01:20:00,SC,282,"407,0",CATANDUVAS,Transitar na contramão,Colisão frontal,Com Vítimas Feridas,Plena Noite,Decrescente,Chuva,Simples,Aclive,Não,2,0,1,0,1,0,1,2,-27.083517,-51.662014,SPRF-SC,DEL07-SC,UOP05-DEL07-SC,2021
"344364,0",2021-03-05,sexta-feira,09:00:00,SC,101,"216,0",PALHOCA,Acessar a via sem observar a presença dos outros veículos,Colisão lateral mesmo sentido,Com Vítimas Feridas,Pleno dia,Crescente,Céu Claro,Dupla,Reta,Sim,2,0,1,0,1,0,1,2,-27.65981409,-48.67747798,SPRF-SC,DEL01-SC,UOP02-DEL01-SC,2021
"344393,0",2021-03-05,sexta-feira,12:05:00,SC,101,"336,1",TUBARAO,Frear bruscamente,Colisão com objeto,Com Vítimas Feridas,Pleno dia,Decrescente,Nublado,Dupla,Ponte,Sim,2,0,1,0,0,1,1,2,-28.47311347,-49.02437375,SPRF-SC,DEL02-SC,UOP01-DEL02-SC,2021
"344450,0",2021-03-05,sexta-feira,17:40:00,SC,470,"174,6",POUSO REDONDO,Ingestão de álcool pelo condutor,Colisão traseira,Com Vítimas Feridas,Pleno dia,Decrescente,Céu Claro,Simples,Declive;Reta,Não,5,0,3,0,2,0,3,3,-27.258179,-49.929146,SPRF-SC,DEL04-SC,UOP02-DEL04-SC,2021
"344466,0",2021-03-05,sexta-feira,15:45:00,SC,470,"4,0",NAVEGANTES,Ausência de reação do condutor,Colisão lateral mesmo sentido,Com Vítimas Feridas,Pleno dia,Crescente,Sol,Simples,Reta,Não,4,0,1,1,1,1,2,3,-26.858473,-48.690788,SPRF-SC,DEL04-SC,UOP04-DEL04-SC,2021
"344512,0",2021-03-05,sexta-feira,18:20:00,SC,282,"627,6",IRACEMINHA,Velocidade Incompatível,Colisão lateral sentido oposto,Com Vítimas Feridas,Pleno dia,Decrescente,Nublado,Simples,Declive;Curva,Não,5,0,0,1,3,3,1,6,-26.8176,-53.36315,SPRF-SC,DEL07-SC,UOP02-DEL07-SC,2021
"344636,0",2021-03-06,sábado,15:20:00,SC,101,"119,0",ITAJAI,Acessar a via sem observar a presença dos outros veículos,Colisão transversal,Com Vítimas Feridas,Pleno dia,Decrescente,Céu Claro,Dupla,Reta,Não,3,0,0,1,1,1,1,3,-26.9043179,-48.71555481,SPRF-SC,DEL04-SC,UOP04-DEL04-SC,2021
"344638,0",2021-03-06,sábado,16:00:00,SC,101,"106,0",PENHA,Ingestão de substâncias psicoativas pelo condutor,Colisão traseira,Com Vítimas Feridas,Pleno dia,Crescente,Sol,Dupla,Reta,Sim,3,0,0,2,1,0,2,2,-26.81031601,-48.68293896,SPRF-SC,DEL03-SC,UOP02-DEL03-SC,2021
"344678,0",2021-03-06,sábado,16:10:00,SC,101,"113,0",ITAJAI,Ingestão de substâncias psicoativas pelo condutor,Colisão lateral mesmo sentido,Sem Vítimas,Pleno dia,Crescente,Sol,Dupla,Reta,Sim,4,0,0,0,3,1,0,4,-26.85311393,-48.72689927,SPRF-SC,DEL04-SC,UOP04-DEL04-SC,2021
"344679,0",2021-03-06,sábado,19:45:00,SC,470,"113,1",APIUNA,Ingestão de álcool pelo condutor,Colisão lateral sentido oposto,Com Vítimas Feridas,Plena Noite,Crescente,Céu Claro,Simples,Reta,Não,3,0,1,0,1,1,1,3,-27.091105,-49.470123,SPRF-SC,DEL04-SC,UOP02-DEL04-SC,2021
"344680,0",2021-03-06,sábado,07:00:00,SC,101,"59,0",ARAQUARI,Velocidade Incompatível,Saída de leito carroçável,Sem Vítimas,Pleno dia,Crescente,Nublado,Dupla,Reta,Não,1,0,0,0,0,1,0,1,-26.44651734,-48.79426826,SPRF-SC,DEL03-SC,UOP02-DEL03-SC,2021
"344764,0",2021-03-07,domingo,02:00:00,SC,101,"85,0",BARRA VELHA,Desrespeitar a preferência no cruzamento,Colisão transversal,Sem Vítimas,Plena Noite,Crescente,Nublado,Simples,Reta,Sim,3,0,0,0,2,1,0,3,-26.63149673,-48.70417541,SPRF-SC,DEL03-SC,UOP02-DEL03-SC,2021
"344807,0",2021-02-07,domingo,22:00:00,SC,470,"205,7",PONTE ALTA,Manobra de mudança de faixa,Colisão frontal,Com Vítimas Fatais,Plena Noite,Decrescente,Céu Claro,Simples,Curva,Não,2,1,1,0,0,0,1,2,-27.29212,-50.175362,SPRF-SC,DEL05-SC,UOP03-DEL05-SC,2021
"344814,0",2021-03-07,domingo,09:50:00,SC,280,"52,1",GUARAMIRIM,Manobra de mudança de faixa,Colisão frontal,Com Vítimas Fatais,Pleno dia,Crescente,Céu Claro,Dupla,Reta,Sim,3,1,0,0,1,1,0,3,-26.4692225,-48.966173,SPRF-SC,DEL03-SC,UOP03-DEL03-SC,2021
"344929,0",2021-03-07,domingo,18:20:00,SC,101,"115,1",ITAJAI,Ingestão de álcool pelo condutor,Saída de leito carroçável,Sem Vítimas,Anoitecer,Crescente,Céu Claro,Múltipla,Reta,Sim,3,0,0,0,2,1,0,3,-26.87064015,-48.72954134,SPRF-SC,DEL04-SC,UOP04-DEL04-SC,2021
"344959,0",2021-03-07,domingo,21:27:00,SC,470,"245,3",CURITIBANOS,Manobra de mudança de faixa,Colisão frontal,Com Vítimas Feridas,Plena Noite,Decrescente,Nublado,Simples,Reta,Não,3,0,0,1,1,1,1,3,-27.316158,-50.524006,SPRF-SC,DEL05-SC,UOP03-DEL05-SC,2021
"344978,0",2021-03-08,segunda-feira,05:30:00,SC,101,"17,6",JOINVILLE,Manobra de mudança de faixa,Colisão lateral mesmo sentido,Com Vítimas Feridas,Amanhecer,Crescente,Nublado,Dupla,Reta,Não,2,0,1,0,0,1,1,2,-26.12654374,-48.8870573,SPRF-SC,DEL03-SC,UOP01-DEL03-SC,2021