id,data_inversa,dia_semana,horario,uf,br,km,municipio,causa_acidente,tipo_acidente,classificacao_acidente,fase_dia,sentido_via,condicao_metereologica,tipo_pista,tracado_via,uso_solo,pessoas,mortos,feridos_leves,feridos_graves,ilesos,ignorados,feridos,veiculos,latitude,longitude,regional,delegacia,uop,ano_arquivo
"345054,0",2021-01-16,sábado,02:30:00,SC,116,"47,8",PAPANDUVA,Transitar na contramão,Colisão frontal,Com Vítimas Feridas,Plena Noite,Decrescente,Nublado,Simples,Reta,Não,3,0,0,2,1,0,2,2,-26.35635207,-50.11354592,SPRF-SC,DEL06-SC,UOP01-DEL06-SC,2021
"345106,0",2021-03-08,segunda-feira,14:15:00,SC,282,"121,6",BOM RETIRO,Transitar na contramão,Colisão frontal,Com Vítimas Fatais,Pleno dia,Crescente,Céu Claro,Simples,Reta,Não,3,1,1,0,0,1,1,3,-27.799594,-49.4226043,SPRF-SC,DEL05-SC,UOP01-DEL05-SC,2021
"345138,0",2021-03-08,segunda-feira,20:00:00,SC,280,"98,8",SAO BENTO DO SUL,Reação tardia ou ineficiente do condutor,Colisão com objeto,Sem Vítimas,Plena Noite,Crescente,Garoa/Chuvisco,Simples,Curva,Não,2,0,0,0,1,1,0,2,-26.38347399,-49.32297199,SPRF-SC,DEL06-SC,UOP03-DEL06-SC,2021
"345162,0",2021-03-09,terça-feira,05:10:00,SC,101,"407,8",MARACAJA,Ingestão de álcool pelo condutor,Colisão traseira,Sem Vítimas,Amanhecer,Crescente,Céu Claro,Dupla,Reta,Sim,2,0,0,0,2,0,0,2,-28.90009415,-49.47472781,SPRF-SC,DEL02-SC,UOP02-DEL02-SC,2021
"345173,0",2021-03-09,terça-feira,07:10:00,SC,470,"57,5",BLUMENAU,Desrespeitar a preferência no cruzamento,Colisão transversal,Com Vítimas Feridas,Pleno dia,Crescente,Céu Claro,Simples,Interseção de Vias,Sim,3,0,1,0,2,0,1,2,-26.88414,-49.147075,SPRF-SC,DEL04-SC,UOP01-DEL04-SC,2021
"345181,0",2021-03-09,terça-feira,07:45:00,SC,470,"95,3",APIUNA,Condutor Dormindo,Saída de leito carroçável,Com Vítimas Feridas,Pleno dia,Decrescente,Sol,Simples,Reta,Não,1,0,0,1,0,0,1,1,-27.01656407,-49.37094927,SPRF-SC,DEL04-SC,UOP01-DEL04-SC,2021
"345239,0",2021-03-09,terça-feira,08:30:00,SC,280,"91,0",CORUPA,Problema com o freio,Tombamento,Com Vítimas Feridas,Pleno dia,Decrescente,Céu Claro,Simples,Curva;Declive,Não,1,0,0,1,0,0,1,1,-26.40198057,-49.29053774,SPRF-SC,DEL06-SC,UOP03-DEL06-SC,2021
"345312,0",2021-03-09,terça-feira,11:45:00,SC,282,"392,0",JOACABA,Velocidade Incompatível,Tombamento,Com Vítimas Feridas,Pleno dia,Crescente,Céu Claro,Simples,Curva,Não,2,0,0,1,0,1,1,2,-27.164942,-51.56567,SPRF-SC,DEL07-SC,UOP05-DEL07-SC,2021
"345326,0",2021-03-09,terça-feira,17:05:00,SC,480,"130,0",CHAPECO,Desrespeitar a preferência no cruzamento,Colisão transversal,Com Vítimas Feridas,Pleno dia,Crescente,Céu Claro,Simples,Interseção de Vias,Sim,3,0,1,0,2,0,1,2,-27.05534298,-52.63652069,SPRF-SC,DEL07-SC,UOP01-DEL07-SC,2021
"345373,0",2021-03-10,quarta-feira,06:40:00,SC,470,"119,0",IBIRAMA,Desrespeitar a preferência no cruzamento,Colisão transversal,Com Vítimas Feridas,Pleno dia,Crescente,Céu Claro,Simples,Interseção de Vias,Não,2,0,0,1,1,0,1,2,-27.081554,-49.520206,SPRF-SC,DEL04-SC,UOP02-DEL04-SC,2021
"345376,0",2021-01-20,quarta-feira,20:25:00,SC,282,"85,5",ALFREDO WAGNER,Velocidade Incompatível,Colisão traseira,Com Vítimas Feridas,Pleno dia,Crescente,Chuva,Simples,Declive;Curva,Não,2,0,1,1,0,0,2,2,-27.66560834,-49.18817282,SPRF-SC,DEL01-SC,UOP03-DEL01-SC,2021
"345386,0",2021-03-10,quarta-feira,07:45:00,SC,101,"120,0",ITAJAI,Ausência de reação do condutor,Colisão traseira,Com Vítimas Feridas,Pleno dia,Decrescente,Céu Claro,Dupla,Reta,Sim,3,0,0,1,1,1,1,3,-26.912758,-48.711998,SPRF-SC,DEL04-SC,UOP04-DEL04-SC,2021
"345409,0",2021-03-10,quarta-feira,07:55:00,SC,470,"145,0",RIO DO SUL,Trafegar com motocicleta (ou similar) entre as faixas,Colisão transversal,Com Vítimas Feridas,Pleno dia,Decrescente,Céu Claro,Simples,Reta,Sim,4,0,1,0,2,1,1,4,-27.237301,-49.682217,SPRF-SC,DEL04-SC,UOP02-DEL04-SC,2021
"345475,0",2021-03-10,quarta-feira,13:20:00,SC,101,"278,0",IMBITUBA,Entrada inopinada do pedestre,Atropelamento de Pedestre,Com Vítimas Feridas,Pleno dia,Crescente,Céu Claro,Simples,Reta,Sim,2,0,1,0,1,0,1,2,-28.16300604,-48.6939345,SPRF-SC,DEL02-SC,UOP03-DEL02-SC,2021
"345477,0",2021-03-10,quarta-feira,14:50:00,SC,101,"127,7",CAMBORIU,Demais falhas mecânicas ou elétricas,Colisão traseira,Sem Vítimas,Pleno dia,Crescente,Céu Claro,Dupla,Curva,Não,3,0,0,0,2,1,0,3,-26.9639319,-48.68328024,SPRF-SC,DEL04-SC,UOP04-DEL04-SC,2021
"345494,0",2021-03-10,quarta-feira,16:49:00,SC,282,"511,2",XANXERE,Condutor deixou de manter distância do veículo da frente,Colisão traseira,Com Vítimas Feridas,Pleno dia,Crescente,Céu Claro,Simples,Reta,Não,4,0,1,0,2,1,1,3,-26.905405,-52.464199,SPRF-SC,DEL07-SC,UOP01-DEL07-SC,2021
"345561,0",2021-03-11,quinta-feira,05:40:00,SC,101,"130,0",CAMBORIU,Reação tardia ou ineficiente do condutor,Colisão frontal,Com Vítimas Feridas,Amanhecer,Crescente,Nublado,Simples,Reta,Sim,2,0,0,1,1,0,1,2,-26.98407618,-48.66977107,SPRF-SC,DEL04-SC,UOP03-DEL04-SC,2021
"345563,0",2021-03-11,quinta-feira,06:00:00,SC,470,"4,0",NAVEGANTES,Ausência de reação do condutor,Colisão traseira,Com Vítimas Feridas,Amanhecer,Decrescente,Céu Claro,Dupla,Reta,Sim,3,0,1,0,1,1,1,3,-26.861937,-48.681618,SPRF-SC,DEL04-SC,UOP04-DEL04-SC,2021
"345567,0",2021-03-10,quarta-feira,21:50:00,SC,280,"216,0",TRES BARRAS,Ausência de reação do condutor,Colisão lateral sentido oposto,Com Vítimas Feridas,Plena Noite,Decrescente,Ignorado,Simples,Curva,Não,3,0,0,1,1,1,1,3,-26.18126336,-50.22376299,SPRF-SC,DEL06-SC,UOP04-DEL06-SC,2021
"345606,0",2021-03-11,quinta-feira,10:40:00,SC,101,"354,8",SANGAO,Condutor deixou de manter distância do veículo da frente,Colisão traseira,Com Vítimas Feridas,Pleno dia,Decrescente,Céu Claro,Múltipla,Reta;Aclive,Não,3,0,1,0,2,0,1,2,-28.62845265,-49.08532619,SPRF-SC,DEL02-SC,UOP01-DEL02-SC,2021
"345613,0",2021-03-11,quinta-feira,12:50:00,SC,470,"140,8",RIO DO SUL,Velocidade Incompatível,Colisão lateral mesmo sentido,Com Vítimas Feridas,Pleno dia,Crescente,Céu Claro,Simples,Reta,Não,2,0,0,1,0,1,1,2,-27.222485,-49.662827,SPRF-SC,DEL04-SC,UOP02-DEL04-SC,2021
"345617,0",2021-03-11,quinta-feira,12:40:00,SC,282,"598,0",CUNHA PORA,Acessar a via sem observar a presença dos outros veículos,Colisão lateral sentido oposto,Com Vítimas Feridas,Pleno dia,Decrescente,Sol,Simples,Reta,Não,2,0,0,1,1,0,1,2,-26.825783,-53.147213,SPRF-SC,DEL07-SC,UOP02-DEL07-SC,2021
"345667,0",2021-03-11,quinta-feira,16:20:00,SC,282,"442,4",PONTE SERRADA,Manobra de mudança de faixa,Saída de leito carroçável,Com Vítimas Feridas,Pleno dia,Decrescente,Céu Claro,Simples,Reta,Não,3,0,1,0,1,1,1,3,-26.92168,-51.880993,SPRF-SC,DEL07-SC,UOP04-DEL07-SC,2021
"345717,0",2021-03-11,quinta-feira,22:40:00,SC,282,"530,4",CORDILHEIRA ALTA,Ingestão de álcool pelo condutor,Colisão traseira,Com Vítimas Feridas,Plena Noite,Decrescente,Céu Claro,Simples,Reta,Não,2,0,0,1,1,0,1,2,-26.986555,-52.60524,SPRF-SC,DEL07-SC,UOP01-DEL07-SC,2021
"345747,0",2021-03-12,sexta-feira,06:50:00,SC,282,"37,6",AGUAS MORNAS,Condutor Dormindo,Colisão lateral sentido oposto,Com Vítimas Feridas,Pleno dia,Decrescente,Céu Claro,Simples,Curva,Não,2,0,1,1,0,0,2,2,-27.707325,-48.842983,SPRF-SC,DEL01-SC,UOP03-DEL01-SC,2021
"345771,0",2021-03-12,sexta-feira,09:00:00,SC,470,"45,4",GASPAR,Condutor Dormindo,Colisão lateral sentido oposto,Com Vítimas Feridas,Pleno dia,Crescente,Sol,Simples,Reta,Sim,2,0,1,0,1,0,1,2,-26.867064,-49.031109,SPRF-SC,DEL04-SC,UOP01-DEL04-SC,2021
"345840,0",2021-03-12,sexta-feira,15:10:00,SC,280,"50,0",GUARAMIRIM,Ultrapassagem Indevida,Colisão lateral sentido oposto,Com Vítimas Feridas,Pleno dia,Crescente,Céu Claro,Simples,Reta,Sim,3,0,0,1,2,0,1,2,-26.4619489,-48.94618404,SPRF-SC,DEL03-SC,UOP03-DEL03-SC,2021
"345843,0",2021-03-12,sexta-feira,14:50:00,SC,101,"212,1",PALHOCA,Acessar a via sem observar a presença dos outros veículos,Colisão lateral mesmo sentido,Com Vítimas Feridas,Pleno dia,Decrescente,Sol,Múltipla,Reta,Sim,4,0,1,0,2,1,1,3,-27.62996929,-48.65903871,SPRF-SC,DEL01-SC,UOP02-DEL01-SC,2021
"345943,0",2021-03-12,sexta-feira,22:35:00,SC,282,"16,3",PALHOCA,Ingestão de álcool pelo condutor,Colisão transversal,Sem Vítimas,Plena Noite,Crescente,Nublado,Simples,Interseção de Vias,Sim,2,0,0,0,2,0,0,2,-27.658611,-48.681847,SPRF-SC,DEL01-SC,UOP02-DEL01-SC,2021
"345976,0",2021-03-13,sábado,06:40:00,SC,101,"133,7",BALNEARIO CAMBORIU,Reação tardia ou ineficiente do condutor,Colisão traseira,Com Vítimas Feridas,Pleno dia,Crescente,Sol,Múltipla,Reta,Sim,3,0,1,0,1,1,1,3,-26.99936,-48.64609,SPRF-SC,DEL04-SC,UOP03-DEL04-SC,2021
"346028,0",2021-03-13,sábado,13:14:00,SC,101,"134,3",BALNEARIO CAMBORIU,Acessar a via sem observar a presença dos outros veículos,Colisão lateral mesmo sentido,Com Vítimas Feridas,Pleno dia,Decrescente,Céu Claro,Simples,Reta,Sim,2,0,1,0,1,0,1,2,-27.00218,-48.636433,SPRF-SC,DEL04-SC,UOP03-DEL04-SC,2021
"346047,0",2021-03-13,sábado,14:45:00,SC,101,"310,9",LAGUNA,Manobra de mudança de faixa,Colisão lateral mesmo sentido,Com Vítimas Feridas,Pleno dia,Crescente,Céu Claro,Dupla,Curva;Viaduto;Aclive,Sim,7,0,4,1,1,1,5,3,-28.41679416,-48.79529064,SPRF-SC,DEL02-SC,UOP01-DEL02-SC,2021
"346060,0",2021-03-13,sábado,16:00:00,SC,101,"368,8",ICARA,Ausência de reação do condutor,Colisão traseira,Com Vítimas Feridas,Pleno dia,Crescente,Sol,Dupla,Aclive,Sim,2,0,1,0,1,0,1,2,-28.6957326,-49.17347228,SPRF-SC,DEL02-SC,UOP01-DEL02-SC,2021
"346100,0",2021-03-13,sábado,20:10:00,SC,470,"124,1",IBIRAMA,Ingestão de álcool pelo condutor,Colisão frontal,Sem Vítimas,Plena Noite,Crescente,Chuva,Simples,Declive,Não,3,0,0,0,2,1,0,3,-27.113192,-49.529163,SPRF-SC,DEL04-SC,UOP02-DEL04-SC,2021
"346124,0",2021-03-13,sábado,21:00:00,SC,282,"539,7",CHAPECO,Ingestão de álcool pelo condutor,Colisão frontal,Com Vítimas Feridas,Plena Noite,Decrescente,Céu Claro,Simples,Curva,Não,2,0,1,0,1,0,1,2,-26.99157474,-52.68702865,SPRF-SC,DEL07-SC,UOP01-DEL07-SC,2021
"346137,0",2021-03-13,sábado,23:15:00,SC,280,"0,2",SAO FRANCISCO DO SUL,Ausência de reação do condutor,Colisão traseira,Com Vítimas Feridas,Plena Noite,Decrescente,Ignorado,Simples,Reta,Sim,3,0,1,0,1,1,1,3,-26.241474,-48.63486,SPRF-SC,DEL03-SC,UOP03-DEL03-SC,2021
"346143,0",2021-03-14,domingo,02:00:00,SC,101,"218,0",PALHOCA,Ingestão de álcool pelo condutor,Saída de leito carroçável,Sem Vítimas,Pleno dia,Decrescente,Céu Claro,Dupla,Reta,Sim,1,0,0,0,1,0,0,1,-27.6758601,-48.67052525,SPRF-SC,DEL01-SC,UOP02-DEL01-SC,2021
"346172,0",2021-03-14,domingo,08:46:00,SC,101,"277,0",IMBITUBA,Pedestre cruzava a pista fora da faixa,Atropelamento de Pedestre,Com Vítimas Feridas,Pleno dia,Crescente,Céu Claro,Dupla,Declive,Sim,3,0,0,1,1,2,1,4,-28.15478103,-48.69265474,SPRF-SC,DEL02-SC,UOP03-DEL02-SC,2021
"346269,0",2021-03-14,domingo,20:20:00,SC,101,"215,0",PALHOCA,Manobra de mudança de faixa,Colisão lateral mesmo sentido,Com Vítimas Feridas,Plena Noite,Decrescente,Chuva,Dupla,Reta,Sim,3,0,1,0,2,0,1,2,-27.65184843,-48.67604941,SPRF-SC,DEL01-SC,UOP02-DEL01-SC,2021
"346279,0",2021-03-14,domingo,20:50:00,SC,470,"50,0",BLUMENAU,Ausência de reação do condutor,Colisão com objeto,Com Vítimas Feridas,Plena Noite,Crescente,Chuva,Dupla,Reta,Não,3,0,3,0,0,0,3,1,-26.859768,-49.074493,SPRF-SC,DEL04-SC,UOP01-DEL04-SC,2021
"346321,0",2021-03-14,domingo,21:00:00,SC,470,"300,7",CAMPOS NOVOS,Transitar na contramão,Colisão frontal,Com Vítimas Fatais,Plena Noite,Decrescente,Céu Claro,Simples,Reta,Não,4,2,0,0,1,1,0,3,-27.373554,-51.054427,SPRF-SC,DEL07-SC,UOP06-DEL07-SC,2021
"346343,0",2021-03-15,segunda-feira,06:30:00,SC,101,"416,5",ARARANGUA,Mal súbito do condutor,Colisão traseira,Com Vítimas Feridas,Pleno dia,Crescente,Sol,Dupla,Reta,Não,2,0,1,0,1,0,1,2,-28.96708874,-49.52338825,SPRF-SC,DEL02-SC,UOP02-DEL02-SC,2021
"346360,0",2021-03-15,segunda-feira,08:30:00,SC,101,"132,0",BALNEARIO CAMBORIU,Condutor deixou de manter distância do veículo da frente,Colisão lateral mesmo sentido,Com Vítimas Feridas,Pleno dia,Crescente,Céu Claro,Múltipla,Interseção de Vias,Sim,3,0,2,0,1,0,2,3,-26.99654133,-48.65564711,SPRF-SC,DEL04-SC,UOP03-DEL04-SC,2021
"346396,0",2021-03-15,segunda-feira,12:50:00,SC,101,"141,7",BALNEARIO CAMBORIU,Condutor deixou de manter distância do veículo da frente,Colisão traseira,Com Vítimas Feridas,Pleno dia,Decrescente,Céu Claro,Simples,Reta,Não,4,0,2,0,1,1,2,3,-27.04761729,-48.59995855,SPRF-SC,DEL04-SC,UOP03-DEL04-SC,2021
"346415,0",2021-03-15,segunda-feira,12:55:00,SC,101,"7,0",GARUVA,Condutor Dormindo,Colisão com objeto,Com Vítimas Feridas,Pleno dia,Decrescente,Céu Claro,Dupla,Reta,Sim,2,0,2,0,0,0,2,1,-26.03593,-48.860302,SPRF-SC,DEL03-SC,UOP01-DEL03-SC,2021
"346417,0",2021-02-19,sexta-feira,17:00:00,SC,101,"378,5",ICARA,Transitar na contramão,Colisão lateral,Sem Vítimas,Pleno dia,Decrescente,Céu Claro,Múltipla,Retorno Regulamentado,Sim,4,0,0,0,2,2,0,4,-28.74960058,-49.27230835,SPRF-SC,DEL02-SC,UOP02-DEL02-SC,2021
"346460,0",2021-03-15,segunda-feira,16:30:00,SC,470,"269,8",BRUNOPOLIS,Afundamento ou ondulação no pavimento,Colisão com objeto,Com Vítimas Feridas,Pleno dia,Decrescente,Céu Claro,Simples,Reta,Não,2,0,1,0,0,1,1,2,-27.313988,-50.758327,SPRF-SC,DEL07-SC,UOP06-DEL07-SC,2021
"346480,0",2021-03-15,segunda-feira,22:45:00,SC,101,"385,3",ICARA,Condutor Dormindo,Saída de leito carroçável,Com Vítimas Feridas,Plena Noite,Decrescente,Chuva,Dupla,Reta,Não,2,0,1,0,0,1,1,2,-28.77262259,-49.3112922,SPRF-SC,DEL02-SC,UOP02-DEL02-SC,2021
"346490,0",2021-03-16,terça-feira,06:50:00,SC,101,"216,1",PALHOCA,Trafegar com motocicleta (ou similar) entre as faixas,Colisão lateral mesmo sentido,Com Vítimas Feridas,Pleno dia,Crescente,Céu Claro,Dupla,Reta,Sim,2,0,0,1,1,0,1,2,-27.65981409,-48.67747798,SPRF-SC,DEL01-SC,UOP02-DEL01-SC,2021
"346500,0",2021-03-16,terça-feira,04:25:00,SC,101,"292,5",IMBITUBA,Condutor usando celular,Tombamento,Com Vítimas Feridas,Plena Noite,Decrescente,Céu Claro,Dupla,Curva,Não,3,0,0,1,1,1,1,3,-28.278057,-48.700386,SPRF-SC,DEL02-SC,UOP03-DEL02-SC,2021
"346531,0",2021-03-16,terça-feira,11:00:00,SC,101,"210,0",SAO JOSE,Desrespeitar a preferência no cruzamento,Colisão transversal,Com Vítimas Feridas,Pleno dia,Decrescente,Nublado,Múltipla,Interseção de Vias,Sim,3,0,2,0,1,0,2,2,-27.6167305,-48.6457265,SPRF-SC,DEL01-SC,UOP01-DEL01-SC,2021
"346631,0",2021-03-16,terça-feira,18:00:00,SC,470,"126,0",LONTRAS,Reação tardia ou ineficiente do condutor,Tombamento,Com Vítimas Feridas,Anoitecer,Decrescente,Céu Claro,Simples,Reta,Não,2,0,1,0,0,1,1,2,-27.129,-49.538277,SPRF-SC,DEL04-SC,UOP02-DEL04-SC,2021
"346670,0",2021-03-17,quarta-feira,07:20:00,SC,101,"333,2",TUBARAO,Acessar a via sem observar a presença dos outros veículos,Colisão transversal,Com Vítimas Feridas,Pleno dia,Crescente,Céu Claro,Simples,Reta,Sim,2,0,1,0,1,0,1,2,-28.46630107,-48.99653096,SPRF-SC,DEL02-SC,UOP01-DEL02-SC,2021
"346675,0",2021-03-17,quarta-feira,08:20:00,SC,280,"31,0",ARAQUARI,Reação tardia ou ineficiente do condutor,Engavetamento,Com Vítimas Feridas,Pleno dia,Decrescente,Sol,Simples,Reta,Sim,4,0,1,0,3,0,1,4,-26.41647024,-48.77165794,SPRF-SC,DEL03-SC,UOP03-DEL03-SC,2021
"346692,0",2021-03-17,quarta-feira,10:05:00,SC,470,"111,2",APIUNA,Velocidade Incompatível,Tombamento,Com Vítimas Feridas,Pleno dia,Decrescente,Sol,Simples,Curva,Não,2,0,1,0,0,1,1,2,-27.09974745,-49.46089312,SPRF-SC,DEL04-SC,UOP02-DEL04-SC,2021
"346732,0",2021-03-17,quarta-feira,12:45:00,SC,116,"191,8",SAO CRISTOVAO DO SUL,Velocidade Incompatível,Colisão frontal,Com Vítimas Fatais,Pleno dia,Crescente,Chuva,Simples,Reta,Não,3,1,1,0,1,0,1,3,-27.3586349,-50.4352575,SPRF-SC,DEL05-SC,UOP03-DEL05-SC,2021
"346741,0",2021-03-17,quarta-feira,15:50:00,SC,280,"56,0",GUARAMIRIM,Manobra de mudança de faixa,Colisão lateral mesmo sentido,Com Vítimas Feridas,Pleno dia,Crescente,Nublado,Simples,Reta,Sim,4,0,2,0,2,0,2,3,-26.47947677,-49.00298702,SPRF-SC,DEL03-SC,UOP03-DEL03-SC,2021
"346757,0",2021-03-17,quarta-feira,12:40:00,SC,282,"207,0",LAGES,Pista Escorregadia,Tombamento,Com Vítimas Feridas,Pleno dia,Decrescente,Nublado,Simples,Rotatória,Sim,1,0,1,0,0,0,1,1,-27.773464,-50.202095,SPRF-SC,DEL05-SC,UOP01-DEL05-SC,2021
"346759,0",2021-02-12,sexta-feira,15:40:00,SC,282,"580,0",PINHALZINHO,Ultrapassagem Indevida,Colisão frontal,Com Vítimas Fatais,Pleno dia,Crescente,Chuva,Simples,Curva;Aclive,Sim,4,2,0,1,1,0,1,2,-26.83401902,-52.99249303,SPRF-SC,DEL07-SC,UOP02-DEL07-SC,2021
"346761,0",2021-03-17,quarta-feira,15:20:00,SC,282,"503,9",XANXERE,Condutor Dormindo,Colisão com objeto,Com Vítimas Feridas,Pleno dia,Decrescente,Nublado,Dupla,Aclive;Curva,Não,1,0,1,0,0,0,1,1,-26.88492,-52.399788,SPRF-SC,DEL07-SC,UOP01-DEL07-SC,2021
"346781,0",2021-03-17,quarta-feira,17:40:00,SC,101,"364,0",SANGAO,Ausência de reação do condutor,Colisão lateral mesmo sentido,Com Vítimas Feridas,Plena Noite,Decrescente,Céu Claro,Dupla,Reta,Não,4,0,2,0,1,1,2,3,-28.67821759,-49.13926425,SPRF-SC,DEL02-SC,UOP01-DEL02-SC,2021
"346840,0",2021-03-18,quinta-feira,07:30:00,SC,470,"40,9",GASPAR,Ausência de reação do condutor,Tombamento,Com Vítimas Feridas,Pleno dia,Decrescente,Nublado,Simples,Reta,Não,1,0,1,0,0,0,1,1,-26.875719,-49.003746,SPRF-SC,DEL04-SC,UOP01-DEL04-SC,2021
"346958,0",2021-03-18,quinta-feira,21:40:00,SC,101,"337,8",TUBARAO,Reação tardia ou ineficiente do condutor,Colisão lateral mesmo sentido,Sem Vítimas,Plena Noite,Decrescente,Nublado,Simples,Reta,Não,3,0,0,0,2,3,0,5,-28.50248832,-49.04743195,SPRF-SC,DEL02-SC,UOP01-DEL02-SC,2021
"347011,0",2021-03-19,sexta-feira,11:15:00,SC,470,"70,0",INDAIAL,Ultrapassagem Indevida,Colisão lateral mesmo sentido,Com Vítimas Feridas,Pleno dia,Crescente,Céu Claro,Simples,Reta,Sim,2,0,1,0,1,0,1,2,-26.889374,-49.254478,SPRF-SC,DEL04-SC,UOP01-DEL04-SC,2021
"347015,0",2021-03-19,sexta-feira,10:30:00,SC,101,"124,5",ITAJAI,Demais falhas mecânicas ou elétricas,Incêndio,Com Vítimas Feridas,Pleno dia,Decrescente,Sol,Múltipla,Reta,Não,1,0,1,0,0,0,1,1,-26.94335064,-48.69198648,SPRF-SC,DEL04-SC,UOP04-DEL04-SC,2021
"347162,0",2021-03-20,sábado,03:30:00,SC,101,"0,0",GARUVA,Condutor Dormindo,Colisão traseira,Com Vítimas Feridas,Plena Noite,Crescente,Garoa/Chuvisco,Dupla,Reta,Não,2,0,1,0,1,0,1,2,-25.98133,-48.886648,SPRF-SC,DEL03-SC,UOP01-DEL03-SC,2021
"347182,0",2021-03-20,sábado,07:50:00,SC,101,"86,4",BARRA VELHA,Carga excessiva e/ou mal acondicionada,Tombamento,Com Vítimas Feridas,Pleno dia,Crescente,Céu Claro,Simples,Curva,Sim,1,0,1,0,0,0,1,1,-26.63277317,-48.70232513,SPRF-SC,DEL03-SC,UOP02-DEL03-SC,2021
"347265,0",2021-03-20,sábado,17:50:00,SC,101,"210,2",SAO JOSE,Acesso irregular,Queda de ocupante de veículo,Com Vítimas Fatais,Anoitecer,Decrescente,Céu Claro,Múltipla,Reta,Sim,4,1,0,0,1,2,0,4,-27.6186465,-48.6475153,SPRF-SC,DEL01-SC,UOP01-DEL01-SC,2021
"347302,0",2021-03-20,sábado,20:05:00,SC,116,"116,0",SANTA CECILIA,Ingestão de álcool pelo condutor,Colisão traseira,Sem Vítimas,Plena Noite,Crescente,Céu Claro,Simples,Reta,Não,2,0,0,0,2,0,0,2,-26.80986906,-50.34540393,SPRF-SC,DEL06-SC,UOP02-DEL06-SC,2021
"347306,0",2021-03-20,sábado,20:00:00,SC,282,"47,3",AGUAS MORNAS,Manobra de mudança de faixa,Colisão lateral mesmo sentido,Com Vítimas Feridas,Plena Noite,Decrescente,Céu Claro,Simples,Reta,Não,2,0,1,0,0,1,1,2,-27.721771,-48.934837,SPRF-SC,DEL01-SC,UOP03-DEL01-SC,2021
"347338,0",2021-03-20,sábado,23:40:00,SC,101,"235,0",PALHOCA,Manobra de mudança de faixa,Colisão lateral mesmo sentido,Com Vítimas Feridas,Pleno dia,Decrescente,Nublado,Dupla,Reta,Sim,4,0,1,0,2,1,1,3,-27.81848237,-48.6311692,SPRF-SC,DEL01-SC,UOP02-DEL01-SC,2021
"347368,0",2021-03-05,sexta-feira,10:50:00,SC,101,"151,2",ITAPEMA,Acessar a via sem observar a presença dos outros veículos,Colisão transversal,Com Vítimas Feridas,Pleno dia,Crescente,Nublado,Simples,Reta,Sim,2,0,0,1,1,0,1,2,-27.126536,-48.609642,SPRF-SC,DEL04-SC,UOP03-DEL04-SC,2021
"347442,0",2021-03-21,domingo,17:12:00,SC,101,"430,0",SOMBRIO,Ultrapassagem Indevida,Colisão lateral mesmo sentido,Com Vítimas Feridas,Pleno dia,Crescente,Nublado,Dupla,Reta,Sim,3,0,1,0,1,1,1,3,-29.05578387,-49.62209542,SPRF-SC,DEL02-SC,UOP02-DEL02-SC,2021
"347484,0",2021-03-17,quarta-feira,04:55:00,SC,282,"520,6",XAXIM,Velocidade Incompatível,Colisão com objeto,Sem Vítimas,Plena Noite,Crescente,Chuva,Simples,Rotatória,Sim,2,0,0,0,1,1,0,2,-26.950415,-52.526096,SPRF-SC,DEL07-SC,UOP01-DEL07-SC,2021
"347506,0",2021-03-21,domingo,22:00:00,SC,282,"534,3",CORDILHEIRA ALTA,Ingestão de álcool pelo condutor,Colisão frontal,Com Vítimas Feridas,Plena Noite,Decrescente,Céu Claro,Simples,Curva,Sim,2,0,1,0,1,0,1,2,-26.996832,-52.634586,SPRF-SC,DEL07-SC,UOP01-DEL07-SC,2021
"347612,0",2021-03-22,segunda-feira,14:15:00,SC,282,"223,5",LAGES,Velocidade Incompatível,Saída de leito carroçável,Com Vítimas Feridas,Pleno dia,Decrescente,Chuva,Simples,Curva,Não,2,0,1,0,0,1,1,2,-27.79819363,-50.35786455,SPRF-SC,DEL05-SC,UOP02-DEL05-SC,2021
"347622,0",2021-03-22,segunda-feira,15:50:00,SC,101,"276,7",IMBITUBA,Acessar a via sem observar a presença dos outros veículos,Tombamento,Com Vítimas Feridas,Pleno dia,Decrescente,Chuva,Dupla,Reta,Sim,3,0,1,0,1,1,1,3,-28.14644701,-48.69204746,SPRF-SC,DEL02-SC,UOP03-DEL02-SC,2021
"347624,0",2021-03-22,segunda-feira,15:25:00,SC,282,"223,5",LAGES,Velocidade Incompatível,Saída de leito carroçável,Com Vítimas Feridas,Pleno dia,Decrescente,Chuva,Simples,Curva,Não,1,0,1,0,0,0,1,1,-27.800127,-50.362751,SPRF-SC,DEL05-SC,UOP02-DEL05-SC,2021
"347632,0",2021-03-22,segunda-feira,16:25:00,SC,470,"129,9",LONTRAS,Desrespeitar a preferência no cruzamento,Colisão transversal,Com Vítimas Feridas,Pleno dia,Crescente,Nublado,Simples,Reta,Não,4,0,2,1,1,0,3,2,-27.158847,-49.556737,SPRF-SC,DEL04-SC,UOP02-DEL04-SC,2021
"347692,0",2021-03-22,segunda-feira,20:20:00,SC,116,"117,1",SANTA CECILIA,Carga excessiva e/ou mal acondicionada,Tombamento,Com Vítimas Feridas,Plena Noite,Crescente,Garoa/Chuvisco,Simples,Curva;Declive,Não,2,0,1,0,0,1,1,2,-26.81731599,-50.35097407,SPRF-SC,DEL06-SC,UOP02-DEL06-SC,2021
"347737,0",2021-03-23,terça-feira,09:55:00,SC,282,"102,4",ALFREDO WAGNER,Ultrapassagem Indevida,Tombamento,Sem Vítimas,Pleno dia,Decrescente,Nublado,Simples,Curva,Não,3,0,0,0,2,1,0,3,-27.694818,-49.314419,SPRF-SC,DEL01-SC,UOP03-DEL01-SC,2021