id,data_inversa,dia_semana,horario,uf,br,km,municipio,causa_acidente,tipo_acidente,classificacao_acidente,fase_dia,sentido_via,condicao_metereologica,tipo_pista,tracado_via,uso_solo,pessoas,mortos,feridos_leves,feridos_graves,ilesos,ignorados,feridos,veiculos,latitude,longitude,regional,delegacia,uop,ano_arquivo
"347750,0",2021-03-23,terça-feira,13:20:00,SC,101,"39,0",JOINVILLE,Sinalização mal posicionada,Colisão com objeto,Com Vítimas Feridas,Pleno dia,Crescente,Céu Claro,Dupla,Curva,Sim,4,0,1,0,2,1,1,3,-26.2628107,-48.90192257,SPRF-SC,DEL03-SC,UOP01-DEL03-SC,2021
"347794,0",2021-03-23,terça-feira,16:55:00,SC,101,"45,8",JOINVILLE,Condutor deixou de manter distância do veículo da frente,Colisão traseira,Com Vítimas Feridas,Pleno dia,Decrescente,Céu Claro,Dupla,Reta,Não,3,0,1,0,1,1,1,3,-26.35379137,-48.85858834,SPRF-SC,DEL03-SC,UOP01-DEL03-SC,2021
"347798,0",2021-03-23,terça-feira,18:10:00,SC,116,"12,3",MAFRA,Condutor deixou de manter distância do veículo da frente,Colisão traseira,Com Vítimas Feridas,Pleno dia,Decrescente,Céu Claro,Simples,Interseção de Vias,Não,2,0,1,0,1,0,1,2,-26.17933291,-49.87123489,SPRF-SC,DEL06-SC,UOP01-DEL06-SC,2021
"347800,0",2021-03-23,terça-feira,15:25:00,SC,116,"12,3",MAFRA,Desrespeitar a preferência no cruzamento,Colisão transversal,Sem Vítimas,Pleno dia,Crescente,Céu Claro,Simples,Interseção de Vias,Não,3,0,0,0,2,1,0,3,-26.17877859,-49.86720998,SPRF-SC,DEL06-SC,UOP01-DEL06-SC,2021
"347816,0",2021-03-23,terça-feira,19:00:00,SC,470,"5,0",NAVEGANTES,Desrespeitar a preferência no cruzamento,Colisão transversal,Com Vítimas Feridas,Anoitecer,Crescente,Chuva,Dupla,Rotatória;Em Obras,Sim,3,0,1,0,1,1,1,2,-26.855688,-48.700333,SPRF-SC,DEL04-SC,UOP04-DEL04-SC,2021
"347833,0",2021-03-23,terça-feira,20:15:00,SC,101,"121,5",ITAJAI,Velocidade Incompatível,Colisão lateral mesmo sentido,Com Vítimas Feridas,Plena Noite,Crescente,Chuva,Dupla,Reta,Sim,3,0,1,0,2,0,1,3,-26.92103178,-48.70856446,SPRF-SC,DEL04-SC,UOP04-DEL04-SC,2021
"347844,0",2021-03-23,terça-feira,21:30:00,SC,282,"587,2",SAUDADES,Ingestão de álcool pelo condutor,Colisão traseira,Sem Vítimas,Pleno dia,Decrescente,Céu Claro,Simples,Interseção de Vias,Não,4,0,0,0,3,1,0,2,-26.82920776,-53.04636067,SPRF-SC,DEL07-SC,UOP02-DEL07-SC,2021
"347845,0",2021-03-23,terça-feira,23:40:00,SC,101,"200,1",SAO JOSE,Ingestão de álcool pelo condutor,Colisão lateral mesmo sentido,Sem Vítimas,Plena Noite,Decrescente,Chuva,Dupla,Reta,Sim,2,0,0,0,2,0,0,2,-27.54018513,-48.62287714,SPRF-SC,DEL01-SC,UOP01-DEL01-SC,2021
"347848,0",2021-03-24,quarta-feira,01:00:00,SC,101,"197,0",BIGUACU,Ingestão de álcool pelo condutor,Colisão lateral mesmo sentido,Com Vítimas Feridas,Plena Noite,Crescente,Céu Claro,Dupla,Curva,Sim,3,0,1,0,1,1,1,3,-27.51844497,-48.63848496,SPRF-SC,DEL01-SC,UOP01-DEL01-SC,2021
"347945,0",2021-03-03,quarta-feira,16:20:00,SC,470,"31,9",GASPAR,Acessar a via sem observar a presença dos outros veículos,Colisão transversal,Com Vítimas Feridas,Pleno dia,Decrescente,Chuva,Dupla,Interseção de Vias,Sim,3,0,0,1,2,0,1,3,-26.897331,-48.923069,SPRF-SC,DEL04-SC,UOP01-DEL04-SC,2021
"347968,0",2021-03-24,quarta-feira,15:05:00,SC,163,"71,0",SAO MIGUEL DO OESTE,Ingestão de álcool pelo condutor,Colisão com objeto,Sem Vítimas,Pleno dia,Crescente,Céu Claro,Simples,Reta,Não,2,0,0,0,1,1,0,2,-26.72772401,-53.51281303,SPRF-SC,DEL07-SC,UOP03-DEL07-SC,2021
"348000,0",2021-03-24,quarta-feira,23:30:00,SC,470,"98,0",APIUNA,Manobra de mudança de faixa,Colisão frontal,Com Vítimas Feridas,Plena Noite,Crescente,Nublado,Simples,Reta,Sim,3,0,1,0,1,1,1,3,-27.035289,-49.389591,SPRF-SC,DEL04-SC,UOP01-DEL04-SC,2021
"348001,0",2021-03-24,quarta-feira,17:20:00,SC,153,"58,0",IRANI,Desrespeitar a preferência no cruzamento,Colisão transversal,Com Vítimas Feridas,Pleno dia,Crescente,Céu Claro,Simples,Curva,Não,7,0,0,3,2,2,3,4,-26.96967024,-51.854074,SPRF-SC,DEL07-SC,UOP05-DEL07-SC,2021
"348006,0",2021-03-24,quarta-feira,18:30:00,SC,116,"104,4",MONTE CASTELO,Ingestão de álcool pelo condutor,Saída de leito carroçável,Com Vítimas Feridas,Anoitecer,Decrescente,Garoa/Chuvisco,Simples,Curva,Não,2,0,1,0,0,2,1,3,-26.742656,-50.31436699,SPRF-SC,DEL06-SC,UOP02-DEL06-SC,2021
"348011,0",2021-03-25,quinta-feira,01:25:00,SC,101,"312,0",LAGUNA,Pedestre andava na pista,Atropelamento de Pedestre,Com Vítimas Fatais,Plena Noite,Decrescente,Nublado,Dupla,Curva,Sim,4,1,0,0,1,2,0,3,-28.44106804,-48.82235706,SPRF-SC,DEL02-SC,UOP01-DEL02-SC,2021
"348015,0",2021-03-25,quinta-feira,04:15:00,SC,101,"47,3",JOINVILLE,Acessar a via sem observar a presença dos outros veículos,Colisão traseira,Com Vítimas Feridas,Plena Noite,Decrescente,Nublado,Dupla,Reta,Não,4,0,0,1,1,2,1,4,-26.34234997,-48.85840089,SPRF-SC,DEL03-SC,UOP01-DEL03-SC,2021
"348140,0",2021-03-25,quinta-feira,17:40:00,SC,282,"404,5",JOACABA,Chuva,Saída de leito carroçável,Com Vítimas Feridas,Pleno dia,Decrescente,Chuva,Simples,Curva,Não,2,0,1,0,0,2,1,3,-27.104719,-51.644424,SPRF-SC,DEL07-SC,UOP05-DEL07-SC,2021
"348141,0",2021-03-25,quinta-feira,17:55:00,SC,282,"404,3",JOACABA,Velocidade Incompatível,Colisão traseira,Com Vítimas Feridas,Pleno dia,Crescente,Chuva,Simples,Reta,Não,8,0,1,0,6,1,1,7,-27.104719,-51.644424,SPRF-SC,DEL07-SC,UOP05-DEL07-SC,2021
"348164,0",2021-03-25,quinta-feira,20:10:00,SC,470,"355,4",CAMPOS NOVOS,Animais na Pista,Colisão com objeto,Com Vítimas Feridas,Plena Noite,Crescente,Garoa/Chuvisco,Simples,Reta,Não,2,0,1,0,0,1,1,2,-27.588255,-51.473515,SPRF-SC,DEL07-SC,UOP06-DEL07-SC,2021
"348248,0",2021-03-26,sexta-feira,08:45:00,SC,101,"31,1",JOINVILLE,Manobra de mudança de faixa,Colisão com objeto,Com Vítimas Feridas,Pleno dia,Crescente,Céu Claro,Dupla,Reta,Não,2,0,1,0,0,1,1,2,-26.24008333,-48.91293526,SPRF-SC,DEL03-SC,UOP01-DEL03-SC,2021
"348249,0",2021-03-26,sexta-feira,08:20:00,SC,470,"267,0",CURITIBANOS,Velocidade Incompatível,Colisão frontal,Com Vítimas Feridas,Pleno dia,Crescente,Nublado,Simples,Curva,Não,3,0,1,1,1,0,2,2,-27.312983,-50.73885,SPRF-SC,DEL05-SC,UOP03-DEL05-SC,2021
"348265,0",2021-03-26,sexta-feira,11:00:00,SC,153,"110,3",CONCORDIA,Ultrapassagem Indevida,Saída de leito carroçável,Sem Vítimas,Pleno dia,Crescente,Nublado,Simples,Curva,Não,1,0,0,0,1,0,0,1,-27.313625,-51.984699,SPRF-SC,DEL07-SC,UOP04-DEL07-SC,2021
"348283,0",2021-03-26,sexta-feira,11:00:00,SC,282,"445,7",PONTE SERRADA,Reação tardia ou ineficiente do condutor,Colisão lateral sentido oposto,Com Vítimas Feridas,Pleno dia,Decrescente,Chuva,Simples,Curva;Declive,Não,3,0,1,0,0,2,1,3,-26.908545,-51.905785,SPRF-SC,DEL07-SC,UOP04-DEL07-SC,2021
"348366,0",2021-03-26,sexta-feira,20:05:00,SC,101,"306,2",LAGUNA,Reação tardia ou ineficiente do condutor,Colisão traseira,Com Vítimas Feridas,Plena Noite,Crescente,Céu Claro,Simples,Reta,Sim,2,0,1,0,1,0,1,2,-28.38437001,-48.77113299,SPRF-SC,DEL02-SC,UOP03-DEL02-SC,2021
"348428,0",2021-03-27,sábado,11:50:00,SC,101,"341,0",TUBARAO,Desrespeitar a preferência no cruzamento,Colisão transversal,Com Vítimas Feridas,Pleno dia,Decrescente,Nublado,Simples,Viaduto,Sim,2,0,1,0,1,0,1,2,-28.50999405,-49.05070686,SPRF-SC,DEL02-SC,UOP01-DEL02-SC,2021
"348434,0",2021-03-27,sábado,12:10:00,SC,116,"7,1",MAFRA,Condutor deixou de manter distância do veículo da frente,Colisão traseira,Com Vítimas Feridas,Pleno dia,Decrescente,Céu Claro,Simples,Reta,Sim,2,0,1,0,1,0,1,2,-26.15196176,-49.83102416,SPRF-SC,DEL06-SC,UOP01-DEL06-SC,2021
"348439,0",2021-03-27,sábado,12:00:00,SC,282,"535,2",CHAPECO,Desrespeitar a preferência no cruzamento,Colisão transversal,Com Vítimas Feridas,Pleno dia,Decrescente,Nublado,Simples,Interseção de Vias,Sim,2,0,0,1,1,0,1,2,-26.998245,-52.643768,SPRF-SC,DEL07-SC,UOP01-DEL07-SC,2021
"348471,0",2021-03-27,sábado,15:45:00,SC,470,"129,0",LONTRAS,Velocidade Incompatível,Saída de leito carroçável,Com Vítimas Feridas,Pleno dia,Crescente,Garoa/Chuvisco,Simples,Curva,Sim,2,0,1,1,0,0,2,1,-27.148499,-49.556137,SPRF-SC,DEL04-SC,UOP02-DEL04-SC,2021
"348519,0",2021-03-27,sábado,16:15:00,SC,101,"257,5",PAULO LOPES,Manobra de mudança de faixa,Colisão com objeto,Com Vítimas Feridas,Pleno dia,Crescente,Céu Claro,Dupla,Túnel,Não,3,0,1,0,1,1,1,2,-27.99701205,-48.68755194,SPRF-SC,DEL02-SC,UOP03-DEL02-SC,2021
"348526,0",2021-03-27,sábado,20:25:00,SC,101,"310,0",LAGUNA,Ingestão de álcool pelo condutor,Colisão traseira,Com Vítimas Feridas,Plena Noite,Crescente,Céu Claro,Múltipla,Reta,Sim,3,0,1,0,1,1,1,3,-28.41679416,-48.79529064,SPRF-SC,DEL02-SC,UOP01-DEL02-SC,2021
"348566,0",2021-03-28,domingo,00:05:00,SC,101,"281,4",IMBITUBA,Entrada inopinada do pedestre,Atropelamento de Pedestre,Com Vítimas Fatais,Plena Noite,Crescente,Céu Claro,Dupla,Reta,Não,3,1,0,0,1,1,0,3,-28.18793595,-48.69652041,SPRF-SC,DEL02-SC,UOP03-DEL02-SC,2021
"348582,0",2021-03-27,sábado,21:30:00,SC,282,"47,2",AGUAS MORNAS,Reação tardia ou ineficiente do condutor,Colisão traseira,Com Vítimas Feridas,Plena Noite,Crescente,Nublado,Simples,Reta,Não,2,0,1,0,1,0,1,2,-27.721771,-48.934837,SPRF-SC,DEL01-SC,UOP03-DEL01-SC,2021
"348793,0",2021-03-29,segunda-feira,10:20:00,SC,470,"122,7",IBIRAMA,Condutor deixou de manter distância do veículo da frente,Colisão traseira,Com Vítimas Feridas,Pleno dia,Crescente,Nublado,Simples,Curva,Não,3,0,1,0,2,0,1,2,-27.099888,-49.527679,SPRF-SC,DEL04-SC,UOP02-DEL04-SC,2021
"348816,0",2021-03-29,segunda-feira,11:00:00,SC,153,"58,7",IRANI,Desrespeitar a preferência no cruzamento,Colisão transversal,Com Vítimas Feridas,Pleno dia,Decrescente,Chuva,Simples,Rotatória;Interseção de Vias,Não,3,0,1,0,1,2,1,4,-26.96767176,-51.85375214,SPRF-SC,DEL07-SC,UOP04-DEL07-SC,2021
"348818,0",2021-03-29,segunda-feira,13:30:00,SC,101,"203,1",SAO JOSE,Reação tardia ou ineficiente do condutor,Colisão com objeto,Sem Vítimas,Pleno dia,Decrescente,Chuva,Dupla,Reta,Não,3,0,0,0,2,2,0,4,-27.5650044,-48.61460082,SPRF-SC,DEL01-SC,UOP01-DEL01-SC,2021
"348910,0",2021-03-30,terça-feira,01:10:00,SC,101,"151,3",ITAPEMA,Acessar a via sem observar a presença dos outros veículos,Colisão traseira,Com Vítimas Feridas,Plena Noite,Crescente,Nublado,Dupla,Reta,Sim,2,0,1,0,1,0,1,2,-27.126536,-48.609642,SPRF-SC,DEL04-SC,UOP03-DEL04-SC,2021
"348957,0",2021-03-30,terça-feira,08:45:00,SC,101,"335,6",TUBARAO,Manobra de mudança de faixa,Colisão lateral mesmo sentido,Com Vítimas Feridas,Pleno dia,Decrescente,Céu Claro,Múltipla,Curva,Não,3,0,1,0,2,0,1,2,-28.46927473,-49.01557908,SPRF-SC,DEL02-SC,UOP01-DEL02-SC,2021
"348983,0",2021-03-30,terça-feira,12:50:00,SC,101,"77,0",ARAQUARI,Manobra de mudança de faixa,Colisão transversal,Com Vítimas Feridas,Pleno dia,Crescente,Sol,Dupla,Reta,Não,3,0,1,0,2,0,1,2,-26.56833103,-48.72029393,SPRF-SC,DEL03-SC,UOP02-DEL03-SC,2021
"349003,0",2021-03-30,terça-feira,13:20:00,SC,101,"356,9",SANGAO,Ausência de reação do condutor,Saída de leito carroçável,Com Vítimas Feridas,Pleno dia,Crescente,Nublado,Múltipla,Reta,Não,1,0,1,0,0,0,1,1,-28.62930081,-49.08665412,SPRF-SC,DEL02-SC,UOP01-DEL02-SC,2021
"349014,0",2021-03-30,terça-feira,15:30:00,SC,101,"179,0",BIGUACU,Acessar a via sem observar a presença dos outros veículos,Colisão lateral mesmo sentido,Sem Vítimas,Pleno dia,Crescente,Céu Claro,Dupla,Reta,Sim,3,0,0,0,2,1,0,3,-27.37281717,-48.63322708,SPRF-SC,DEL01-SC,UOP01-DEL01-SC,2021
"349081,0",2021-03-30,terça-feira,18:35:00,SC,101,"141,0",BALNEARIO CAMBORIU,Problema com o freio,Incêndio,Sem Vítimas,Plena Noite,Decrescente,Céu Claro,Simples,Reta,Sim,2,0,0,0,1,2,0,3,-27.04761729,-48.59995855,SPRF-SC,DEL04-SC,UOP03-DEL04-SC,2021
"349083,0",2021-03-30,terça-feira,17:50:00,SC,280,"213,7",TRES BARRAS,Condutor deixou de manter distância do veículo da frente,Colisão traseira,Sem Vítimas,Pleno dia,Decrescente,Céu Claro,Simples,Reta,Não,3,0,0,0,2,2,0,4,-26.18089516,-50.19717996,SPRF-SC,DEL06-SC,UOP04-DEL06-SC,2021
"349098,0",2021-03-30,terça-feira,17:30:00,SC,470,"100,4",APIUNA,Demais falhas mecânicas ou elétricas,Colisão frontal,Com Vítimas Fatais,Pleno dia,Crescente,Nublado,Simples,Reta,Sim,3,1,0,0,1,2,0,4,-27.045143,-49.394142,SPRF-SC,DEL04-SC,UOP02-DEL04-SC,2021
"349119,0",2021-03-31,quarta-feira,06:05:00,SC,475,"2,0",LAGES,Velocidade Incompatível,Saída de leito carroçável,Sem Vítimas,Amanhecer,Decrescente,Céu Claro,Dupla,Em Obras;Reta,Sim,2,0,0,0,1,1,0,2,-27.79664816,-50.28867793,SPRF-SC,DEL05-SC,UOP01-DEL05-SC,2021
"349137,0",2021-03-31,quarta-feira,08:30:00,SC,101,"200,0",SAO JOSE,Acessar a via sem observar a presença dos outros veículos,Colisão lateral mesmo sentido,Com Vítimas Feridas,Pleno dia,Crescente,Céu Claro,Simples,Curva,Sim,2,0,1,0,1,0,1,2,-27.54018513,-48.62287714,SPRF-SC,DEL01-SC,UOP01-DEL01-SC,2021
"349138,0",2021-03-31,quarta-feira,07:20:00,SC,101,"391,0",CRICIUMA,Condutor deixou de manter distância do veículo da frente,Colisão traseira,Com Vítimas Feridas,Pleno dia,Crescente,Nublado,Dupla,Aclive,Não,4,0,1,1,1,2,2,4,-28.80971858,-49.38098073,SPRF-SC,DEL02-SC,UOP02-DEL02-SC,2021
"349154,0",2021-03-31,quarta-feira,10:50:00,SC,101,"192,0",BIGUACU,Demais falhas mecânicas ou elétricas,Incêndio,Sem Vítimas,Pleno dia,Crescente,Sol,Dupla,Reta,Não,2,0,0,0,2,0,0,1,-27.48443781,-48.64765238,SPRF-SC,DEL01-SC,UOP01-DEL01-SC,2021
"349179,0",2021-03-31,quarta-feira,13:30:00,SC,101,"210,0",SAO JOSE,Velocidade Incompatível,Colisão lateral mesmo sentido,Com Vítimas Feridas,Pleno dia,Decrescente,Sol,Dupla,Reta,Sim,2,0,1,0,1,0,1,2,-27.61648976,-48.64535809,SPRF-SC,DEL01-SC,UOP01-DEL01-SC,2021
"349201,0",2021-03-31,quarta-feira,17:00:00,SC,101,"212,0",PALHOCA,Reação tardia ou ineficiente do condutor,Colisão traseira,Com Vítimas Feridas,Pleno dia,Crescente,Céu Claro,Dupla,Reta,Sim,3,0,1,0,2,0,1,2,-27.62996929,-48.65903871,SPRF-SC,DEL01-SC,UOP02-DEL01-SC,2021
"349289,0",2021-04-01,quinta-feira,03:00:00,SC,470,"267,2",CURITIBANOS,Ausência de sinalização,Colisão traseira,Com Vítimas Fatais,Plena Noite,Decrescente,Nevoeiro/Neblina,Simples,Curva,Não,3,1,0,0,1,2,0,4,-27.31129007,-50.75050592,SPRF-SC,DEL05-SC,UOP03-DEL05-SC,2021
"349299,0",2021-04-01,quinta-feira,07:15:00,SC,470,"53,0",BLUMENAU,Condutor deixou de manter distância do veículo da frente,Colisão traseira,Com Vítimas Feridas,Pleno dia,Decrescente,Céu Claro,Simples,Reta,Sim,2,0,1,0,1,0,1,2,-26.867121,-49.102066,SPRF-SC,DEL04-SC,UOP01-DEL04-SC,2021
"349304,0",2021-04-01,quinta-feira,08:00:00,SC,101,"199,6",BIGUACU,Condutor deixou de manter distância do veículo da frente,Colisão traseira,Com Vítimas Feridas,Pleno dia,Crescente,Céu Claro,Múltipla,Reta,Sim,3,0,1,1,0,1,2,3,-27.53413705,-48.63003205,SPRF-SC,DEL01-SC,UOP01-DEL01-SC,2021
"349349,0",2021-04-01,quinta-feira,12:30:00,SC,101,"152,0",ITAPEMA,Avarias e/ou desgaste excessivo no pneu,Colisão traseira,Com Vítimas Feridas,Pleno dia,Crescente,Céu Claro,Dupla,Reta,Não,4,0,1,1,0,2,2,4,-27.13563503,-48.61004665,SPRF-SC,DEL04-SC,UOP03-DEL04-SC,2021
"349375,0",2021-04-01,quinta-feira,14:20:00,SC,101,"144,5",ITAPEMA,Condutor deixou de manter distância do veículo da frente,Colisão traseira,Com Vítimas Feridas,Pleno dia,Decrescente,Nublado,Dupla,Reta,Sim,4,0,1,0,3,0,1,3,-27.0732659,-48.59672716,SPRF-SC,DEL04-SC,UOP03-DEL04-SC,2021
"349377,0",2021-04-01,quinta-feira,14:00:00,SC,101,"81,4",BARRA VELHA,Demais falhas na via,Colisão com objeto,Sem Vítimas,Pleno dia,Crescente,Céu Claro,Dupla,Reta,Não,2,0,0,0,1,1,0,2,-26.60963243,-48.72290611,SPRF-SC,DEL03-SC,UOP02-DEL03-SC,2021
"349404,0",2021-04-01,quinta-feira,17:00:00,SC,101,"133,0",BALNEARIO CAMBORIU,Manobra de mudança de faixa,Colisão lateral mesmo sentido,Com Vítimas Feridas,Pleno dia,Crescente,Céu Claro,Múltipla,Reta,Não,3,0,0,1,1,1,1,3,-26.99936,-48.64609,SPRF-SC,DEL04-SC,UOP03-DEL04-SC,2021
"349425,0",2021-04-01,quinta-feira,18:40:00,SC,101,"79,0",ARAQUARI,Velocidade Incompatível,Colisão lateral mesmo sentido,Sem Vítimas,Plena Noite,Crescente,Céu Claro,Dupla,Curva,Não,3,0,0,0,2,2,0,4,-26.58559601,-48.72192112,SPRF-SC,DEL03-SC,UOP02-DEL03-SC,2021
"349539,0",2021-04-02,sexta-feira,07:30:00,SC,282,"475,9",VARGEAO,Carga excessiva e/ou mal acondicionada,Tombamento,Com Vítimas Feridas,Pleno dia,Decrescente,Sol,Simples,Rotatória,Não,3,0,2,0,0,2,2,3,-26.880404,-52.161064,SPRF-SC,DEL07-SC,UOP01-DEL07-SC,2021
"349651,0",2021-04-03,sábado,04:45:00,SC,280,"52,1",GUARAMIRIM,Transitar na contramão,Colisão lateral sentido oposto,Sem Vítimas,Plena Noite,Crescente,Chuva,Simples,Reta,Não,3,0,0,0,2,2,0,4,-26.468904,-48.96492,SPRF-SC,DEL03-SC,UOP03-DEL03-SC,2021
"349690,0",2021-04-03,sábado,09:20:00,SC,163,"87,6",GUARACIABA,Ultrapassagem Indevida,Colisão frontal,Com Vítimas Feridas,Pleno dia,Crescente,Céu Claro,Simples,Curva;Aclive,Não,4,0,0,1,1,4,1,6,-26.59023103,-53.51574204,SPRF-SC,DEL07-SC,UOP03-DEL07-SC,2021
"349711,0",2021-04-03,sábado,10:30:00,SC,282,"409,5",CATANDUVAS,Demais falhas mecânicas ou elétricas,Tombamento,Com Vítimas Feridas,Pleno dia,Crescente,Céu Claro,Simples,Reta,Sim,4,0,0,1,2,2,1,4,-27.070725,-51.662519,SPRF-SC,DEL07-SC,UOP05-DEL07-SC,2021
"350072,0",2021-04-05,segunda-feira,11:45:00,SC,101,"371,0",ICARA,Condutor Dormindo,Colisão traseira,Com Vítimas Feridas,Pleno dia,Crescente,Sol,Dupla,Curva,Não,6,0,4,0,1,1,4,3,-28.70403682,-49.2008731,SPRF-SC,DEL02-SC,UOP01-DEL02-SC,2021
"350108,0",2021-04-05,segunda-feira,17:20:00,SC,282,"246,5",SAO JOSE DO CERRITO,Velocidade Incompatível,Tombamento,Com Vítimas Fatais,Anoitecer,Crescente,Nublado,Simples,Curva,Não,3,1,1,0,0,2,1,4,-27.727213,-50.529724,SPRF-SC,DEL05-SC,UOP02-DEL05-SC,2021
"350114,0",2021-04-05,segunda-feira,14:15:00,SC,101,"260,1",GAROPABA,Velocidade Incompatível,Derramamento de carga,Sem Vítimas,Pleno dia,Crescente,Céu Claro,Simples,Curva,Não,1,0,0,0,1,0,0,1,-28.02163151,-48.70228166,SPRF-SC,DEL02-SC,UOP03-DEL02-SC,2021
"350301,0",2021-04-06,terça-feira,16:51:00,SC,163,"83,1",GUARACIABA,Condutor deixou de manter distância do veículo da frente,Colisão traseira,Com Vítimas Feridas,Pleno dia,Decrescente,Céu Claro,Simples,Reta,Não,2,0,0,1,1,0,1,2,-26.62425308,-53.51596135,SPRF-SC,DEL07-SC,UOP03-DEL07-SC,2021
"350316,0",2021-04-06,terça-feira,19:00:00,SC,101,"191,0",BIGUACU,Entrada inopinada do pedestre,Atropelamento de Pedestre,Com Vítimas Feridas,Plena Noite,Crescente,Céu Claro,Dupla,Reta,Não,3,0,0,1,1,1,1,3,-27.47730273,-48.64127329,SPRF-SC,DEL01-SC,UOP01-DEL01-SC,2021
"350355,0",2021-04-06,terça-feira,19:40:00,SC,280,"266,4",IRINEOPOLIS,Acesso irregular,Colisão transversal,Com Vítimas Fatais,Plena Noite,Crescente,Nublado,Simples,Reta,Sim,2,1,0,0,1,0,0,2,-26.26347502,-50.698061,SPRF-SC,DEL06-SC,UOP04-DEL06-SC,2021
"350408,0",2021-04-07,quarta-feira,11:30:00,SC,101,"120,5",ITAJAI,Pedestre andava na pista,Colisão com objeto,Sem Vítimas,Pleno dia,Crescente,Céu Claro,Simples,Interseção de Vias,Sim,2,0,0,0,1,1,0,2,-26.912758,-48.711998,SPRF-SC,DEL04-SC,UOP04-DEL04-SC,2021
"350450,0",2021-04-07,quarta-feira,16:20:00,SC,470,"32,0",GASPAR,Desrespeitar a preferência no cruzamento,Colisão transversal,Com Vítimas Feridas,Pleno dia,Crescente,Sol,Dupla,Retorno Regulamentado;Interseção de Vias;Em Obras;Desvio Temporário;Reta,Não,6,0,3,1,1,1,4,4,-26.901793,-48.931812,SPRF-SC,DEL04-SC,UOP01-DEL04-SC,2021
"350490,0",2021-04-07,quarta-feira,19:00:00,SC,470,"53,9",BLUMENAU,Transitar na contramão,Colisão frontal,Com Vítimas Feridas,Plena Noite,Crescente,Nublado,Simples,Curva,Não,2,0,0,1,1,0,1,2,-26.867121,-49.102066,SPRF-SC,DEL04-SC,UOP01-DEL04-SC,2021
"350494,0",2021-04-07,quarta-feira,18:20:00,SC,282,"586,9",PINHALZINHO,Velocidade Incompatível,Tombamento,Com Vítimas Feridas,Anoitecer,Decrescente,Céu Claro,Simples,Aclive;Curva,Não,3,0,2,0,0,1,2,2,-26.830345,-53.044727,SPRF-SC,DEL07-SC,UOP02-DEL07-SC,2021
"350522,0",2021-04-07,quarta-feira,23:45:00,SC,101,"136,7",BALNEARIO CAMBORIU,Ausência de reação do condutor,Colisão traseira,Com Vítimas Fatais,Plena Noite,Decrescente,Chuva,Dupla,Reta,Sim,4,1,1,0,1,1,1,3,-27.008113,-48.617245,SPRF-SC,DEL04-SC,UOP03-DEL04-SC,2021
"350572,0",2021-04-08,quinta-feira,09:10:00,SC,101,"28,0",JOINVILLE,Condutor Dormindo,Colisão lateral mesmo sentido,Sem Vítimas,Pleno dia,Crescente,Céu Claro,Dupla,Reta,Sim,3,0,0,0,2,1,0,3,-26.20697505,-48.91482635,SPRF-SC,DEL03-SC,UOP01-DEL03-SC,2021
"350593,0",2021-04-08,quinta-feira,09:40:00,SC,101,"139,8",BALNEARIO CAMBORIU,Condutor deixou de manter distância do veículo da frente,Colisão traseira,Com Vítimas Feridas,Pleno dia,Decrescente,Nublado,Dupla,Reta,Sim,3,0,1,0,1,1,1,3,-27.02982303,-48.60115006,SPRF-SC,DEL04-SC,UOP03-DEL04-SC,2021
"350600,0",2021-04-08,quinta-feira,14:00:00,SC,470,"7,0",NAVEGANTES,Conversão proibida,Colisão transversal,Com Vítimas Feridas,Pleno dia,Crescente,Céu Claro,Simples,Interseção de Vias,Não,3,0,1,0,1,1,1,3,-26.83910155,-48.71716619,SPRF-SC,DEL04-SC,UOP04-DEL04-SC,2021
"350615,0",2021-04-08,quinta-feira,14:30:00,SC,116,"6,8",MAFRA,Frear bruscamente,Colisão lateral mesmo sentido,Com Vítimas Feridas,Pleno dia,Decrescente,Céu Claro,Simples,Reta,Não,4,0,1,0,2,1,1,3,-26.14644691,-49.82305806,SPRF-SC,DEL06-SC,UOP01-DEL06-SC,2021
"350621,0",2021-04-08,quinta-feira,11:50:00,SC,282,"45,0",AGUAS MORNAS,Velocidade Incompatível,Saída de leito carroçável,Sem Vítimas,Pleno dia,Decrescente,Chuva,Simples,Curva,Não,1,0,0,0,1,0,0,1,-27.719851,-48.916126,SPRF-SC,DEL01-SC,UOP03-DEL01-SC,2021
"350641,0",2021-04-08,quinta-feira,18:50:00,SC,101,"203,0",SAO JOSE,Reação tardia ou ineficiente do condutor,Colisão lateral mesmo sentido,Com Vítimas Feridas,Plena Noite,Decrescente,Céu Claro,Dupla,Reta,Sim,4,0,1,0,2,1,1,4,-27.5650044,-48.61460082,SPRF-SC,DEL01-SC,UOP01-DEL01-SC,2021
"350674,0",2021-04-08,quinta-feira,21:40:00,SC,101,"104,0",PENHA,Condutor deixou de manter distância do veículo da frente,Colisão traseira,Com Vítimas Feridas,Plena Noite,Decrescente,Nublado,Dupla,Reta,Não,3,0,0,1,1,2,1,4,-26.7941948,-48.68031263,SPRF-SC,DEL03-SC,UOP02-DEL03-SC,2021
"350689,0",2021-04-09,sexta-feira,00:20:00,SC,101,"377,6",ICARA,Acessar a via sem observar a presença dos outros veículos,Colisão lateral sentido oposto,Com Vítimas Feridas,Plena Noite,Crescente,Céu Claro,Simples,Reta,Sim,2,0,1,0,1,0,1,2,-28.74706262,-49.26215887,SPRF-SC,DEL02-SC,UOP01-DEL02-SC,2021