id,data_inversa,dia_semana,horario,uf,br,km,municipio,causa_acidente,tipo_acidente,classificacao_acidente,fase_dia,sentido_via,condicao_metereologica,tipo_pista,tracado_via,uso_solo,pessoas,mortos,feridos_leves,feridos_graves,ilesos,ignorados,feridos,veiculos,latitude,longitude,regional,delegacia,uop,ano_arquivo
"366744,0",2021-06-27,domingo,05:15:00,SC,116,"107,7",MONTE CASTELO,Velocidade Incompatível,Saída de leito carroçável,Com Vítimas Feridas,Plena Noite,Decrescente,Nublado,Simples,Declive;Curva,Não,2,0,1,0,1,0,1,1,-26.75568818,-50.32812388,SPRF-SC,DEL06-SC,UOP02-DEL06-SC,2021
"366777,0",2021-06-27,domingo,09:55:00,SC,480,"128,6",CHAPECO,Reação tardia ou ineficiente do condutor,Saída de leito carroçável,Com Vítimas Feridas,Pleno dia,Crescente,Chuva,Dupla,Curva,Sim,1,0,0,1,0,0,1,1,-27.03781899,-52.63432603,SPRF-SC,DEL07-SC,UOP01-DEL07-SC,2021
"366783,0",2021-06-27,domingo,09:50:00,SC,101,"37,0",JOINVILLE,Demais falhas mecânicas ou elétricas,Capotamento,Sem Vítimas,Pleno dia,Crescente,Céu Claro,Dupla,Reta,Sim,4,0,0,0,3,1,0,3,-26.25050176,-48.90863867,SPRF-SC,DEL03-SC,UOP01-DEL03-SC,2021
"366835,0",2021-06-27,domingo,12:30:00,SC,101,"204,0",SAO JOSE,Ausência de reação do condutor,Colisão transversal,Sem Vítimas,Pleno dia,Decrescente,Nublado,Múltipla,Curva,Sim,2,0,0,0,2,0,0,2,-27.57413014,-48.61363083,SPRF-SC,DEL01-SC,UOP01-DEL01-SC,2021
"366893,0",2021-06-27,domingo,18:45:00,SC,116,"256,0",CAPAO ALTO,Transitar na contramão,Colisão frontal,Sem Vítimas,Plena Noite,Crescente,Chuva,Simples,Aclive;Curva,Não,3,0,0,0,2,1,0,3,-27.88080905,-50.40912196,SPRF-SC,DEL05-SC,UOP02-DEL05-SC,2021
"366912,0",2021-06-27,domingo,22:30:00,SC,470,"91,1",ASCURRA,Transitar na contramão,Colisão lateral sentido oposto,Com Vítimas Feridas,Plena Noite,Decrescente,Céu Claro,Simples,Reta,Sim,6,0,1,3,2,0,4,3,-26.97769,-49.369198,SPRF-SC,DEL04-SC,UOP01-DEL04-SC,2021
"366933,0",2021-06-28,segunda-feira,03:40:00,SC,101,"91,5",BARRA VELHA,Avarias e/ou desgaste excessivo no pneu,Colisão lateral mesmo sentido,Sem Vítimas,Plena Noite,Crescente,Chuva,Dupla,Reta,Não,2,0,0,0,1,1,0,2,-26.67120698,-48.69011814,SPRF-SC,DEL03-SC,UOP02-DEL03-SC,2021
"367006,0",2021-06-28,segunda-feira,12:30:00,SC,280,"22,1",ARAQUARI,Ultrapassagem Indevida,Colisão frontal,Com Vítimas Fatais,Pleno dia,Crescente,Garoa/Chuvisco,Simples,Reta,Sim,6,4,0,0,1,2,0,4,-26.37092616,-48.70204099,SPRF-SC,DEL03-SC,UOP03-DEL03-SC,2021
"367030,0",2021-06-28,segunda-feira,10:54:00,SC,282,"88,2",ALFREDO WAGNER,Pista Escorregadia,Colisão frontal,Com Vítimas Feridas,Pleno dia,Crescente,Chuva,Simples,Curva,Não,2,0,0,1,1,0,1,2,-27.67198,-49.208591,SPRF-SC,DEL01-SC,UOP03-DEL01-SC,2021
"367101,0",2021-06-28,segunda-feira,20:20:00,SC,101,"332,4",TUBARAO,Demais falhas mecânicas ou elétricas,Derramamento de carga,Sem Vítimas,Plena Noite,Decrescente,Nublado,Múltipla,Reta,Sim,2,0,0,0,1,1,0,2,-28.46766798,-49.00373876,SPRF-SC,DEL02-SC,UOP01-DEL02-SC,2021
"367106,0",2021-06-28,segunda-feira,19:50:00,SC,470,"31,9",GASPAR,Chuva,Saída de leito carroçável,Com Vítimas Feridas,Plena Noite,Crescente,Chuva,Dupla,Reta,Não,1,0,1,0,0,0,1,1,-26.897331,-48.923069,SPRF-SC,DEL04-SC,UOP01-DEL04-SC,2021
"367119,0",2021-06-28,segunda-feira,13:05:00,SC,153,"39,8",VARGEM BONITA,Demais falhas mecânicas ou elétricas,Incêndio,Sem Vítimas,Pleno dia,Crescente,Nublado,Simples,Reta,Não,2,0,0,0,1,1,0,2,-26.84894227,-51.74606681,SPRF-SC,DEL07-SC,UOP05-DEL07-SC,2021
"367121,0",2021-06-29,terça-feira,00:00:00,SC,101,"57,1",ARAQUARI,Velocidade Incompatível,Colisão traseira,Com Vítimas Feridas,Plena Noite,Crescente,Chuva,Múltipla,Reta,Não,6,0,2,1,2,1,3,5,-26.43646093,-48.81113029,SPRF-SC,DEL03-SC,UOP01-DEL03-SC,2021
"367167,0",2021-06-25,sexta-feira,21:30:00,SC,470,"89,4",ASCURRA,Demais falhas mecânicas ou elétricas,Colisão com objeto,Com Vítimas Feridas,Plena Noite,Crescente,Céu Claro,Simples,Reta,Não,3,0,1,0,1,1,1,3,-26.96438013,-49.3692372,SPRF-SC,DEL04-SC,UOP01-DEL04-SC,2021
"367264,0",2021-06-29,terça-feira,18:40:00,SC,470,"173,5",POUSO REDONDO,Acessar a via sem observar a presença dos outros veículos,Colisão transversal,Com Vítimas Feridas,Plena Noite,Crescente,Céu Claro,Simples,Reta,Sim,2,0,1,0,1,0,1,2,-27.25984,-49.919285,SPRF-SC,DEL04-SC,UOP02-DEL04-SC,2021
"367273,0",2021-06-29,terça-feira,17:50:00,SC,101,"138,0",BALNEARIO CAMBORIU,Condutor deixou de manter distância do veículo da frente,Colisão traseira,Com Vítimas Feridas,Anoitecer,Decrescente,Céu Claro,Dupla,Curva,Sim,2,0,0,1,1,0,1,2,-27.02397426,-48.60761649,SPRF-SC,DEL04-SC,UOP03-DEL04-SC,2021
"367338,0",2021-06-30,quarta-feira,09:30:00,SC,470,"118,8",IBIRAMA,Velocidade Incompatível,Tombamento,Com Vítimas Feridas,Pleno dia,Decrescente,Sol,Dupla,Interseção de Vias,Sim,2,0,1,0,0,1,1,2,-27.082176,-49.511818,SPRF-SC,DEL04-SC,UOP02-DEL04-SC,2021
"367339,0",2021-06-30,quarta-feira,07:45:00,SC,116,"245,3",LAGES,Acessar a via sem observar a presença dos outros veículos,Colisão transversal,Com Vítimas Feridas,Amanhecer,Crescente,Nublado,Simples,Reta;Interseção de Vias,Sim,2,0,0,1,1,0,1,2,-27.79544281,-50.36187437,SPRF-SC,DEL05-SC,UOP01-DEL05-SC,2021
"367495,0",2021-07-01,quinta-feira,03:30:00,SC,101,"87,7",BARRA VELHA,Ingestão de álcool pelo condutor,Colisão frontal,Com Vítimas Fatais,Plena Noite,Crescente,Nublado,Múltipla,Curva;Aclive,Sim,5,1,0,1,1,2,1,4,-26.6460195,-48.687329,SPRF-SC,DEL03-SC,UOP02-DEL03-SC,2021
"367501,0",2021-07-01,quinta-feira,06:20:00,SC,101,"40,9",JOINVILLE,Velocidade Incompatível,Tombamento,Com Vítimas Feridas,Pleno dia,Decrescente,Céu Claro,Dupla,Curva,Sim,3,0,1,0,1,2,1,4,-26.27176094,-48.89468382,SPRF-SC,DEL03-SC,UOP01-DEL03-SC,2021
"367544,0",2021-07-01,quinta-feira,08:50:00,SC,101,"148,0",ITAPEMA,Acessar a via sem observar a presença dos outros veículos,Colisão lateral mesmo sentido,Com Vítimas Feridas,Pleno dia,Crescente,Céu Claro,Dupla,Reta,Sim,2,0,1,0,1,0,1,2,-27.10123686,-48.61807962,SPRF-SC,DEL04-SC,UOP03-DEL04-SC,2021
"367574,0",2021-07-01,quinta-feira,10:05:00,SC,101,"288,3",IMBITUBA,Desrespeitar a preferência no cruzamento,Colisão transversal,Com Vítimas Feridas,Pleno dia,Decrescente,Sol,Dupla,Rotatória,Sim,2,0,0,1,1,0,1,2,-28.24598003,-48.70010284,SPRF-SC,DEL02-SC,UOP03-DEL02-SC,2021
"367655,0",2021-07-01,quinta-feira,18:10:00,SC,282,"502,0",XANXERE,Acessar a via sem observar a presença dos outros veículos,Queda de ocupante de veículo,Com Vítimas Feridas,Anoitecer,Crescente,Céu Claro,Dupla,Interseção de Vias,Sim,3,0,0,1,2,0,1,3,-26.88506226,-52.3937881,SPRF-SC,DEL07-SC,UOP01-DEL07-SC,2021
"367733,0",2021-07-02,sexta-feira,07:30:00,SC,470,"4,0",NAVEGANTES,Condutor deixou de manter distância do veículo da frente,Colisão traseira,Com Vítimas Feridas,Pleno dia,Crescente,Céu Claro,Dupla,Reta,Sim,2,0,0,1,1,0,1,2,-26.861937,-48.681618,SPRF-SC,DEL04-SC,UOP04-DEL04-SC,2021
"367926,0",2021-07-03,sábado,01:00:00,SC,101,"64,0",ARAQUARI,Ausência de reação do condutor,Colisão traseira,Com Vítimas Feridas,Plena Noite,Decrescente,Céu Claro,Dupla,Reta,Não,2,0,0,1,1,0,1,2,-26.46433196,-48.75063097,SPRF-SC,DEL03-SC,UOP02-DEL03-SC,2021
"367961,0",2021-07-03,sábado,03:50:00,SC,280,"110,0",SAO BENTO DO SUL,Velocidade Incompatível,Tombamento,Com Vítimas Feridas,Plena Noite,Decrescente,Nevoeiro/Neblina,Simples,Curva,Não,2,0,1,0,0,1,1,2,-26.32140672,-49.38932175,SPRF-SC,DEL06-SC,UOP03-DEL06-SC,2021
"367979,0",2021-07-03,sábado,09:05:00,SC,470,"67,2",INDAIAL,Reação tardia ou ineficiente do condutor,Colisão traseira,Com Vítimas Feridas,Pleno dia,Crescente,Céu Claro,Simples,Reta,Não,2,0,1,0,1,0,1,2,-26.87303854,-49.23310583,SPRF-SC,DEL04-SC,UOP01-DEL04-SC,2021
"368002,0",2021-07-03,sábado,10:00:00,SC,101,"211,7",PALHOCA,Frear bruscamente,Colisão traseira,Com Vítimas Feridas,Pleno dia,Decrescente,Sol,Múltipla,Reta,Sim,3,0,1,0,2,0,1,2,-27.62329313,-48.65245588,SPRF-SC,DEL01-SC,UOP02-DEL01-SC,2021
"368040,0",2021-07-03,sábado,11:29:00,SC,153,"97,1",CONCORDIA,Transitar na contramão,Colisão frontal,Com Vítimas Feridas,Pleno dia,Crescente,Nublado,Simples,Reta,Não,3,0,0,1,1,1,1,3,-27.220152,-51.948879,SPRF-SC,DEL07-SC,UOP04-DEL07-SC,2021
"368135,0",2021-07-03,sábado,13:30:00,SC,116,"156,5",SANTA CECILIA,Velocidade Incompatível,Tombamento,Com Vítimas Feridas,Pleno dia,Decrescente,Sol,Simples,Curva,Não,2,0,0,1,0,2,1,3,-27.08465913,-50.44357078,SPRF-SC,DEL06-SC,UOP02-DEL06-SC,2021
"368157,0",2021-07-03,sábado,22:30:00,SC,116,"142,0",SANTA CECILIA,Ultrapassagem Indevida,Colisão traseira,Sem Vítimas,Plena Noite,Decrescente,Céu Claro,Simples,Reta,Sim,3,0,0,0,2,1,0,3,-26.97987248,-50.39544582,SPRF-SC,DEL06-SC,UOP02-DEL06-SC,2021
"368255,0",2021-07-04,domingo,07:30:00,SC,116,"305,5",CAPAO ALTO,Condutor Dormindo,Saída de leito carroçável,Com Vítimas Feridas,Amanhecer,Crescente,Céu Claro,Simples,Curva;Declive,Não,1,0,0,1,0,0,1,1,-28.19812943,-50.7210143,SPRF-SC,DEL05-SC,UOP02-DEL05-SC,2021
"368372,0",2021-07-04,domingo,14:15:00,SC,116,"73,9",MONTE CASTELO,Velocidade Incompatível,Tombamento,Sem Vítimas,Pleno dia,Decrescente,Céu Claro,Simples,Curva,Não,2,0,0,0,1,1,0,2,-26.49609399,-50.23312331,SPRF-SC,DEL06-SC,UOP02-DEL06-SC,2021
"368404,0",2021-07-05,segunda-feira,00:15:00,SC,101,"203,8",SAO JOSE,Ingestão de álcool pelo condutor,Colisão com objeto,Com Vítimas Feridas,Plena Noite,Decrescente,Céu Claro,Múltipla,Declive;Reta,Sim,2,0,1,0,1,0,1,2,-27.57115123,-48.61367491,SPRF-SC,DEL01-SC,UOP01-DEL01-SC,2021
"368418,0",2021-07-05,segunda-feira,04:20:00,SC,282,"217,0",LAGES,Entrada inopinada do pedestre,Atropelamento de Pedestre,Com Vítimas Feridas,Plena Noite,Crescente,Céu Claro,Simples,Reta,Sim,3,0,1,0,1,1,1,2,-27.797916,-50.302944,SPRF-SC,DEL05-SC,UOP01-DEL05-SC,2021
"368452,0",2021-07-05,segunda-feira,06:10:00,SC,280,"116,2",SAO BENTO DO SUL,Velocidade Incompatível,Saída de leito carroçável,Sem Vítimas,Amanhecer,Decrescente,Nevoeiro/Neblina,Simples,Curva,Não,2,0,0,0,1,1,0,2,-26.2808956,-49.4169527,SPRF-SC,DEL06-SC,UOP03-DEL06-SC,2021
"368498,0",2021-06-04,sexta-feira,18:10:00,SC,101,"114,1",ITAJAI,Condutor deixou de manter distância do veículo da frente,Colisão lateral mesmo sentido,Com Vítimas Fatais,Plena Noite,Crescente,Céu Claro,Múltipla,Reta,Sim,6,1,0,0,4,1,0,4,-26.8650224,-48.7296881,SPRF-SC,DEL04-SC,UOP04-DEL04-SC,2021
"368550,0",2021-07-05,segunda-feira,14:45:00,SC,470,"8,1",NAVEGANTES,Acesso irregular,Colisão transversal,Sem Vítimas,Pleno dia,Crescente,Céu Claro,Simples,Em Obras,Não,2,0,0,0,2,0,0,2,-26.83688,-48.718853,SPRF-SC,DEL04-SC,UOP04-DEL04-SC,2021
"368559,0",2021-07-05,segunda-feira,11:00:00,SC,480,"127,4",CHAPECO,Ausência de reação do condutor,Colisão com objeto,Sem Vítimas,Pleno dia,Decrescente,Céu Claro,Simples,Reta,Não,2,0,0,0,1,1,0,2,-27.02885905,-52.63380035,SPRF-SC,DEL07-SC,UOP01-DEL07-SC,2021
"368561,0",2021-07-05,segunda-feira,14:35:00,SC,282,"548,0",CHAPECO,Condutor deixou de manter distância do veículo da frente,Engavetamento,Sem Vítimas,Pleno dia,Decrescente,Céu Claro,Simples,Reta,Não,5,0,0,0,5,0,0,4,-26.968346,-52.753883,SPRF-SC,DEL07-SC,UOP01-DEL07-SC,2021
"368581,0",2021-06-03,quinta-feira,18:40:00,SC,470,"220,1",SAO CRISTOVAO DO SUL,Manobra de mudança de faixa,Colisão lateral mesmo sentido,Com Vítimas Feridas,Plena Noite,Decrescente,Céu Claro,Simples,Curva,Não,3,0,1,0,1,1,1,3,-27.309702,-50.30975,SPRF-SC,DEL05-SC,UOP03-DEL05-SC,2021
"368624,0",2021-07-05,segunda-feira,21:40:00,SC,470,"109,3",APIUNA,Transitar na contramão,Colisão lateral sentido oposto,Com Vítimas Feridas,Plena Noite,Crescente,Céu Claro,Simples,Reta,Não,2,0,0,1,1,0,1,2,-27.083876,-49.449543,SPRF-SC,DEL04-SC,UOP02-DEL04-SC,2021
"368639,0",2021-07-06,terça-feira,02:41:00,SC,101,"95,3",BARRA VELHA,Acessar a via sem observar a presença dos outros veículos,Colisão lateral mesmo sentido,Com Vítimas Feridas,Plena Noite,Crescente,Chuva,Simples,Reta,Sim,3,0,0,1,1,1,1,2,-26.71375001,-48.7026608,SPRF-SC,DEL03-SC,UOP02-DEL03-SC,2021
"368717,0",2021-07-06,terça-feira,11:20:00,SC,470,"179,6",POUSO REDONDO,Ingestão de álcool pelo condutor,Saída de leito carroçável,Com Vítimas Feridas,Pleno dia,Crescente,Nublado,Simples,Reta,Sim,2,0,1,0,0,1,1,2,-27.2485825,-49.9836731,SPRF-SC,DEL04-SC,UOP02-DEL04-SC,2021
"368754,0",2021-07-06,terça-feira,15:20:00,SC,116,"220,0",CORREIA PINTO,Desrespeitar a preferência no cruzamento,Colisão transversal,Com Vítimas Feridas,Pleno dia,Decrescente,Céu Claro,Simples,Rotatória,Sim,4,0,2,0,1,1,2,3,-27.57771319,-50.36993036,SPRF-SC,DEL05-SC,UOP03-DEL05-SC,2021
"368759,0",2021-07-06,terça-feira,15:55:00,SC,280,"124,5",RIO NEGRINHO,Acessar a via sem observar a presença dos outros veículos,Colisão transversal,Com Vítimas Feridas,Pleno dia,Decrescente,Nublado,Simples,Reta,Sim,2,0,1,0,1,0,1,2,-26.24130297,-49.47514499,SPRF-SC,DEL06-SC,UOP03-DEL06-SC,2021
"368780,0",2021-07-04,domingo,21:00:00,SC,280,"249,7",CANOINHAS,Condutor Dormindo,Saída de leito carroçável,Com Vítimas Feridas,Plena Noite,Decrescente,Nublado,Simples,Reta,Não,2,0,1,0,0,1,1,2,-26.25310206,-50.53277399,SPRF-SC,DEL06-SC,UOP04-DEL06-SC,2021
"368807,0",2021-07-06,terça-feira,19:20:00,SC,470,"60,2",BLUMENAU,Acessar a via sem observar a presença dos outros veículos,Colisão transversal,Com Vítimas Feridas,Plena Noite,Decrescente,Nublado,Simples,Reta,Sim,3,0,2,0,1,0,2,2,-26.88138,-49.164543,SPRF-SC,DEL04-SC,UOP01-DEL04-SC,2021
"368829,0",2021-07-06,terça-feira,14:50:00,SC,153,"3,5",AGUA DOCE,Reação tardia ou ineficiente do condutor,Tombamento,Com Vítimas Feridas,Pleno dia,Crescente,Céu Claro,Simples,Curva,Não,2,0,1,0,0,2,1,3,-26.6283,-51.502872,SPRF-SC,DEL07-SC,UOP05-DEL07-SC,2021
"368866,0",2021-07-07,quarta-feira,00:10:00,SC,470,"141,4",RIO DO SUL,Velocidade Incompatível,Tombamento,Com Vítimas Feridas,Plena Noite,Decrescente,Céu Claro,Simples,Curva,Sim,2,0,0,1,0,1,1,2,-27.226065,-49.666161,SPRF-SC,DEL04-SC,UOP02-DEL04-SC,2021
"368882,0",2021-07-07,quarta-feira,03:40:00,SC,101,"218,8",PALHOCA,Velocidade Incompatível,Colisão traseira,Com Vítimas Fatais,Plena Noite,Crescente,Céu Claro,Dupla,Reta,Não,3,1,0,0,2,0,0,3,-27.6837503,-48.6673831,SPRF-SC,DEL01-SC,UOP02-DEL01-SC,2021
"368982,0",2021-07-07,quarta-feira,08:45:00,SC,280,"85,3",CORUPA,Velocidade Incompatível,Saída de leito carroçável,Sem Vítimas,Pleno dia,Decrescente,Nublado,Simples,Curva;Declive,Não,1,0,0,0,1,0,0,1,-26.41486124,-49.25826967,SPRF-SC,DEL06-SC,UOP03-DEL06-SC,2021
"369057,0",2021-07-07,quarta-feira,18:30:00,SC,101,"333,5",TUBARAO,Pedestre andava na pista,Atropelamento de Pedestre,Com Vítimas Fatais,Anoitecer,Crescente,Céu Claro,Múltipla,Reta;Aclive,Sim,2,1,0,0,1,0,0,2,-28.468704,-49.012786,SPRF-SC,DEL02-SC,UOP01-DEL02-SC,2021
"369079,0",2021-07-08,quinta-feira,02:40:00,SC,101,"137,0",BALNEARIO CAMBORIU,Ingestão de álcool pelo condutor,Colisão lateral mesmo sentido,Com Vítimas Feridas,Plena Noite,Crescente,Céu Claro,Dupla,Reta,Não,3,0,1,0,1,1,1,3,-27.0157238,-48.61192763,SPRF-SC,DEL04-SC,UOP03-DEL04-SC,2021
"369184,0",2021-07-08,quinta-feira,11:20:00,SC,116,"156,6",SANTA CECILIA,Velocidade Incompatível,Tombamento,Com Vítimas Fatais,Pleno dia,Decrescente,Sol,Simples,Curva;Declive,Não,2,1,0,0,0,1,0,2,-27.08005798,-50.43641901,SPRF-SC,DEL06-SC,UOP02-DEL06-SC,2021
"369222,0",2021-06-30,quarta-feira,22:54:00,SC,470,"201,0",PONTE ALTA,Transitar na contramão,Colisão frontal,Com Vítimas Feridas,Plena Noite,Crescente,Céu Claro,Simples,Reta,Não,5,0,1,1,2,1,2,2,-27.298632,-50.143291,SPRF-SC,DEL05-SC,UOP03-DEL05-SC,2021
"369231,0",2021-07-08,quinta-feira,18:40:00,SC,470,"5,7",NAVEGANTES,Condutor Dormindo,Colisão traseira,Com Vítimas Feridas,Plena Noite,Decrescente,Nublado,Dupla,Reta,Sim,8,0,5,0,2,1,5,4,-26.855688,-48.700333,SPRF-SC,DEL04-SC,UOP04-DEL04-SC,2021
"369247,0",2021-07-08,quinta-feira,18:37:00,SC,282,"601,1",CUNHA PORA,Transitar na contramão,Colisão frontal,Com Vítimas Feridas,Plena Noite,Decrescente,Céu Claro,Simples,Reta,Não,5,0,0,4,0,1,4,3,-26.80762,-53.172007,SPRF-SC,DEL07-SC,UOP02-DEL07-SC,2021
"369268,0",2021-07-08,quinta-feira,09:50:00,SC,280,"266,8",IRINEOPOLIS,Velocidade Incompatível,Colisão lateral sentido oposto,Com Vítimas Feridas,Pleno dia,Crescente,Sol,Simples,Declive;Curva,Não,16,0,5,0,10,3,5,14,-26.26347502,-50.698061,SPRF-SC,DEL06-SC,UOP04-DEL06-SC,2021
"369294,0",2021-07-08,quinta-feira,15:20:00,SC,101,"27,0",JOINVILLE,Manobra de mudança de faixa,Colisão lateral mesmo sentido,Com Vítimas Feridas,Pleno dia,Crescente,Céu Claro,Dupla,Reta,Sim,3,0,1,0,1,2,1,4,-26.20510969,-48.91430855,SPRF-SC,DEL03-SC,UOP01-DEL03-SC,2021
"369295,0",2021-07-08,quinta-feira,18:00:00,SC,101,"43,3",JOINVILLE,Manobra de mudança de faixa,Colisão lateral mesmo sentido,Com Vítimas Feridas,Amanhecer,Crescente,Céu Claro,Dupla,Reta,Sim,3,0,1,0,1,1,1,3,-26.30357106,-48.88225609,SPRF-SC,DEL03-SC,UOP01-DEL03-SC,2021
"369343,0",2021-07-09,sexta-feira,10:40:00,SC,101,"297,0",IMBITUBA,Demais falhas mecânicas ou elétricas,Colisão traseira,Com Vítimas Feridas,Pleno dia,Crescente,Céu Claro,Dupla,Aclive,Não,2,0,1,0,1,0,1,2,-28.31353989,-48.7240982,SPRF-SC,DEL02-SC,UOP03-DEL02-SC,2021
"369402,0",2021-07-09,sexta-feira,13:10:00,SC,470,"193,3",POUSO REDONDO,Problema com o freio,Tombamento,Com Vítimas Feridas,Pleno dia,Decrescente,Céu Claro,Simples,Curva;Declive,Não,1,0,1,0,0,0,1,1,-27.300575,-50.075451,SPRF-SC,DEL04-SC,UOP02-DEL04-SC,2021
"369416,0",2021-07-09,sexta-feira,16:30:00,SC,282,"31,9",AGUAS MORNAS,Ausência de reação do condutor,Colisão lateral sentido oposto,Com Vítimas Feridas,Anoitecer,Crescente,Nublado,Simples,Reta,Sim,4,0,3,0,1,0,3,2,-27.695198,-48.793308,SPRF-SC,DEL01-SC,UOP03-DEL01-SC,2021
"369499,0",2021-07-09,sexta-feira,21:25:00,SC,470,"62,0",INDAIAL,Pedestre andava na pista,Atropelamento de Pedestre,Com Vítimas Feridas,Plena Noite,Crescente,Nublado,Simples,Curva,Sim,2,0,0,1,1,0,1,2,-26.874521,-49.182938,SPRF-SC,DEL04-SC,UOP01-DEL04-SC,2021
"369513,0",2021-07-09,sexta-feira,23:40:00,SC,101,"96,7",BALNEARIO PICARRAS,Acessar a via sem observar a presença dos outros veículos,Colisão lateral mesmo sentido,Com Vítimas Feridas,Plena Noite,Decrescente,Céu Claro,Dupla,Reta,Não,2,0,1,0,1,0,1,2,-26.728658,-48.702019,SPRF-SC,DEL03-SC,UOP02-DEL03-SC,2021
"369531,0",2021-07-10,sábado,01:50:00,SC,101,"306,0",LAGUNA,Ingestão de álcool pelo condutor,Colisão traseira,Sem Vítimas,Plena Noite,Crescente,Céu Claro,Dupla,Reta,Não,4,0,0,0,4,0,0,4,-28.38437001,-48.77113299,SPRF-SC,DEL02-SC,UOP03-DEL02-SC,2021
"369611,0",2021-07-10,sábado,12:00:00,SC,470,"193,8",POUSO REDONDO,Velocidade Incompatível,Tombamento,Com Vítimas Feridas,Pleno dia,Crescente,Céu Claro,Simples,Declive;Curva,Não,4,0,2,1,0,1,3,3,-27.300501,-50.080284,SPRF-SC,DEL04-SC,UOP02-DEL04-SC,2021
"369618,0",2021-07-10,sábado,08:00:00,SC,470,"280,0",BRUNOPOLIS,Velocidade Incompatível,Colisão frontal,Com Vítimas Feridas,Pleno dia,Crescente,Céu Claro,Simples,Curva;Aclive,Não,2,0,1,0,1,0,1,2,-27.33601376,-50.8769989,SPRF-SC,DEL07-SC,UOP06-DEL07-SC,2021
"369675,0",2021-07-10,sábado,17:50:00,SC,101,"208,0",SAO JOSE,Condutor deixou de manter distância do veículo da frente,Colisão lateral mesmo sentido,Com Vítimas Feridas,Anoitecer,Decrescente,Céu Claro,Dupla,Reta,Sim,3,0,1,0,2,0,1,2,-27.60327979,-48.63201818,SPRF-SC,DEL01-SC,UOP01-DEL01-SC,2021
"369963,0",2021-07-11,domingo,17:40:00,SC,101,"148,6",ITAPEMA,Ingestão de álcool pelo condutor,Colisão lateral mesmo sentido,Com Vítimas Feridas,Anoitecer,Decrescente,Céu Claro,Dupla,Reta,Sim,4,0,1,0,3,0,1,3,-27.10123686,-48.61807962,SPRF-SC,DEL04-SC,UOP03-DEL04-SC,2021
"370007,0",2021-07-11,domingo,18:30:00,SC,282,"507,1",XANXERE,Deficiência do Sistema de Iluminação/Sinalização,Colisão frontal,Com Vítimas Feridas,Anoitecer,Decrescente,Céu Claro,Simples,Interseção de Vias,Não,3,0,0,1,1,2,1,4,-26.886171,-52.43911,SPRF-SC,DEL07-SC,UOP01-DEL07-SC,2021
"370021,0",2021-07-11,domingo,21:10:00,SC,470,"91,0",ASCURRA,Ingestão de álcool pelo condutor,Colisão frontal,Sem Vítimas,Plena Noite,Crescente,Céu Claro,Simples,Reta,Não,5,0,0,0,2,3,0,4,-26.98009761,-49.37077945,SPRF-SC,DEL04-SC,UOP01-DEL04-SC,2021
"370153,0",2021-07-12,segunda-feira,07:50:00,SC,282,"84,7",ALFREDO WAGNER,Reação tardia ou ineficiente do condutor,Colisão traseira,Com Vítimas Feridas,Pleno dia,Decrescente,Céu Claro,Múltipla,Reta;Aclive,Não,2,0,1,0,1,0,1,2,-27.666992,-49.183552,SPRF-SC,DEL01-SC,UOP03-DEL01-SC,2021
"370168,0",2021-07-12,segunda-feira,11:20:00,SC,470,"3,2",NAVEGANTES,Ausência de reação do condutor,Eventos atípicos,Sem Vítimas,Pleno dia,Crescente,Céu Claro,Dupla,Reta,Não,2,0,0,0,1,1,0,2,-26.861937,-48.681618,SPRF-SC,DEL04-SC,UOP04-DEL04-SC,2021
"370195,0",2021-07-12,segunda-feira,13:40:00,SC,101,"268,4",PAULO LOPES,Reação tardia ou ineficiente do condutor,Colisão traseira,Com Vítimas Feridas,Pleno dia,Crescente,Céu Claro,Dupla,Curva;Declive,Sim,3,0,1,0,1,1,1,3,-28.07699803,-48.71234311,SPRF-SC,DEL02-SC,UOP03-DEL02-SC,2021
"370238,0",2021-07-12,segunda-feira,18:55:00,SC,101,"209,4",SAO JOSE,Ausência de reação do condutor,Colisão lateral mesmo sentido,Com Vítimas Feridas,Plena Noite,Decrescente,Céu Claro,Múltipla,Reta;Em Obras,Sim,2,0,1,0,1,0,1,2,-27.61000542,-48.63895057,SPRF-SC,DEL01-SC,UOP01-DEL01-SC,2021
"370259,0",2021-07-12,segunda-feira,19:15:00,SC,280,"30,5",ARAQUARI,Reação tardia ou ineficiente do condutor,Colisão traseira,Com Vítimas Feridas,Plena Noite,Crescente,Céu Claro,Simples,Reta,Não,3,0,1,0,2,0,1,2,-26.41432751,-48.76232386,SPRF-SC,DEL03-SC,UOP03-DEL03-SC,2021
"370269,0",2021-07-12,segunda-feira,19:00:00,SC,116,"255,0",LAGES,Ingestão de álcool pelo condutor,Colisão traseira,Com Vítimas Feridas,Plena Noite,Decrescente,Céu Claro,Simples,Reta,Não,4,0,1,1,2,0,2,2,-27.87404015,-50.40241986,SPRF-SC,DEL05-SC,UOP02-DEL05-SC,2021
"370308,0",2021-07-13,terça-feira,05:50:00,SC,282,"26,0",SANTO AMARO DA IMPERATRIZ,Mal súbito do condutor,Colisão transversal,Com Vítimas Feridas,Amanhecer,Crescente,Céu Claro,Simples,Reta,Não,3,0,1,0,1,1,1,3,-27.680267,-48.762482,SPRF-SC,DEL01-SC,UOP03-DEL01-SC,2021
"370376,0",2021-06-21,segunda-feira,18:10:00,SC,101,"340,4",TUBARAO,Reação tardia ou ineficiente do condutor,Colisão traseira,Com Vítimas Feridas,Plena Noite,Crescente,Nublado,Simples,Reta,Sim,3,0,1,0,1,1,1,3,-28.51837923,-49.054057,SPRF-SC,DEL02-SC,UOP01-DEL02-SC,2021