id,data_inversa,dia_semana,horario,uf,br,km,municipio,causa_acidente,tipo_acidente,classificacao_acidente,fase_dia,sentido_via,condicao_metereologica,tipo_pista,tracado_via,uso_solo,pessoas,mortos,feridos_leves,feridos_graves,ilesos,ignorados,feridos,veiculos,latitude,longitude,regional,delegacia,uop,ano_arquivo
"388427,0",2021-10-08,sexta-feira,23:00:00,SC,101,"232,5",PALHOCA,Objeto estático sobre o leito carroçável,Colisão com objeto,Sem Vítimas,Plena Noite,Decrescente,Chuva,Dupla,Reta;Declive,Não,2,0,0,0,2,0,0,2,-27.79711599,-48.6376977,SPRF-SC,DEL01-SC,UOP02-DEL01-SC,2021
"388534,0",2021-10-09,sábado,08:00:00,SC,158,"134,2",PALMITOS,Reação tardia ou ineficiente do condutor,Colisão traseira,Com Vítimas Feridas,Pleno dia,Decrescente,Chuva,Dupla,Interseção de Vias,Não,4,0,1,0,2,2,1,4,-27.07066694,-53.23009014,SPRF-SC,DEL07-SC,UOP02-DEL07-SC,2021
"388814,0",2021-10-10,domingo,09:00:00,SC,101,"282,2",IMBITUBA,Ingestão de álcool pelo condutor,Colisão traseira,Com Vítimas Feridas,Pleno dia,Crescente,Nublado,Dupla,Reta;Aclive,Sim,3,0,1,0,1,1,1,3,-28.21515,-48.699881,SPRF-SC,DEL02-SC,UOP03-DEL02-SC,2021
"388905,0",2021-10-10,domingo,16:40:00,SC,101,"206,1",SAO JOSE,Problema com o freio,Incêndio,Sem Vítimas,Pleno dia,Decrescente,Garoa/Chuvisco,Múltipla,Reta,Sim,2,0,0,0,1,1,0,2,-27.59193546,-48.61824557,SPRF-SC,DEL01-SC,UOP01-DEL01-SC,2021
"388986,0",2021-10-10,domingo,15:15:00,SC,280,"216,7",TRES BARRAS,Transitar na contramão,Colisão frontal,Com Vítimas Fatais,Pleno dia,Crescente,Céu Claro,Simples,Declive,Não,5,3,1,0,0,1,1,4,-26.178998,-50.229389,SPRF-SC,DEL06-SC,UOP04-DEL06-SC,2021
"389033,0",2021-10-11,segunda-feira,03:50:00,SC,282,"565,2",NOVA ERECHIM,Ingestão de álcool pelo condutor,Colisão frontal,Com Vítimas Feridas,Plena Noite,Crescente,Céu Claro,Simples,Reta,Não,2,0,0,1,1,0,1,2,-26.900272,-52.888309,SPRF-SC,DEL07-SC,UOP02-DEL07-SC,2021
"389036,0",2021-10-11,segunda-feira,07:50:00,SC,101,"126,0",ITAJAI,Avarias e/ou desgaste excessivo no pneu,Derramamento de carga,Com Vítimas Feridas,Pleno dia,Decrescente,Nublado,Dupla,Reta,Não,1,0,1,0,0,0,1,1,-26.95564404,-48.67978366,SPRF-SC,DEL04-SC,UOP04-DEL04-SC,2021
"389147,0",2021-10-11,segunda-feira,14:00:00,SC,480,"129,9",CHAPECO,Manobra de mudança de faixa,Colisão frontal,Com Vítimas Feridas,Pleno dia,Crescente,Sol,Simples,Reta,Sim,3,0,2,0,1,0,2,2,-27.04656607,-52.63577131,SPRF-SC,DEL07-SC,UOP01-DEL07-SC,2021
"389227,0",2021-10-12,terça-feira,05:00:00,SC,101,"271,0",IMBITUBA,Demais Fenômenos da natureza,Tombamento,Com Vítimas Feridas,Plena Noite,Crescente,Chuva,Dupla,Curva,Não,7,0,0,1,5,1,1,5,-28.11506391,-48.7005043,SPRF-SC,DEL02-SC,UOP03-DEL02-SC,2021
"389284,0",2021-09-05,domingo,23:00:00,SC,101,"99,0",BALNEARIO PICARRAS,Reação tardia ou ineficiente do condutor,Colisão traseira,Com Vítimas Feridas,Plena Noite,Crescente,Céu Claro,Dupla,Reta,Não,4,0,1,0,2,1,1,3,-26.7471002,-48.69654831,SPRF-SC,DEL03-SC,UOP02-DEL03-SC,2021
"389324,0",2021-10-12,terça-feira,17:15:00,SC,282,"222,8",LAGES,Transitar na contramão,Colisão lateral sentido oposto,Com Vítimas Feridas,Pleno dia,Decrescente,Céu Claro,Simples,Curva;Aclive,Não,5,0,1,0,3,1,1,3,-27.79851112,-50.35531998,SPRF-SC,DEL05-SC,UOP01-DEL05-SC,2021
"389364,0",2021-10-12,terça-feira,08:30:00,SC,282,"137,0",BOM RETIRO,Velocidade Incompatível,Tombamento,Com Vítimas Feridas,Pleno dia,Decrescente,Nublado,Simples,Reta,Não,1,0,1,0,0,0,1,1,-27.8218,-49.567032,SPRF-SC,DEL05-SC,UOP01-DEL05-SC,2021
"389460,0",2021-10-13,quarta-feira,11:15:00,SC,101,"46,3",JOINVILLE,Acesso irregular,Colisão traseira,Com Vítimas Feridas,Pleno dia,Decrescente,Céu Claro,Simples,Reta,Não,3,0,1,0,1,1,1,3,-26.36337968,-48.85855146,SPRF-SC,DEL03-SC,UOP01-DEL03-SC,2021
"389469,0",2021-10-13,quarta-feira,11:00:00,SC,116,"226,0",CORREIA PINTO,Desrespeitar a preferência no cruzamento,Colisão transversal,Com Vítimas Feridas,Pleno dia,Crescente,Céu Claro,Simples,Reta,Não,3,0,1,0,1,1,1,3,-27.63558666,-50.33974171,SPRF-SC,DEL05-SC,UOP03-DEL05-SC,2021
"389491,0",2021-10-13,quarta-feira,15:30:00,SC,101,"57,6",ARAQUARI,Velocidade Incompatível,Tombamento,Com Vítimas Feridas,Pleno dia,Decrescente,Nublado,Dupla,Curva,Não,2,0,1,0,0,1,1,2,-26.43646093,-48.81113029,SPRF-SC,DEL03-SC,UOP01-DEL03-SC,2021
"389535,0",2021-10-13,quarta-feira,19:55:00,SC,282,"44,0",AGUAS MORNAS,Demais falhas mecânicas ou elétricas,Colisão traseira,Com Vítimas Feridas,Plena Noite,Decrescente,Chuva,Simples,Declive,Não,3,0,0,1,1,1,1,3,-27.722137,-48.90694,SPRF-SC,DEL01-SC,UOP03-DEL01-SC,2021
"389571,0",2021-10-14,quinta-feira,04:30:00,SC,470,"69,8",INDAIAL,Acessar a via sem observar a presença dos outros veículos,Colisão transversal,Com Vítimas Feridas,Amanhecer,Decrescente,Nublado,Simples,Em Obras,Sim,2,0,0,1,1,0,1,2,-26.883745,-49.246704,SPRF-SC,DEL04-SC,UOP01-DEL04-SC,2021
"389751,0",2021-10-15,sexta-feira,06:30:00,SC,282,"455,3",PONTE SERRADA,Reação tardia ou ineficiente do condutor,Colisão traseira,Sem Vítimas,Pleno dia,Crescente,Chuva,Simples,Aclive,Não,3,0,0,0,2,3,0,5,-26.888617,-51.99427,SPRF-SC,DEL07-SC,UOP04-DEL07-SC,2021
"389793,0",2021-10-15,sexta-feira,08:45:00,SC,116,"8,4",MAFRA,Acesso irregular,Colisão frontal,Com Vítimas Fatais,Pleno dia,Crescente,Chuva,Simples,Declive;Reta,Sim,6,1,1,0,3,2,1,6,-26.16031076,-49.84301805,SPRF-SC,DEL06-SC,UOP01-DEL06-SC,2021
"389816,0",2021-10-15,sexta-feira,10:53:00,SC,470,"282,0",BRUNOPOLIS,Velocidade Incompatível,Saída de leito carroçável,Com Vítimas Feridas,Pleno dia,Decrescente,Chuva,Simples,Curva,Não,1,0,1,0,0,0,1,1,-27.334911,-50.882519,SPRF-SC,DEL07-SC,UOP06-DEL07-SC,2021
"389850,0",2021-10-15,sexta-feira,12:35:00,SC,282,"424,9",VARGEM BONITA,Acumulo de água sobre o pavimento,Colisão frontal,Com Vítimas Feridas,Pleno dia,Crescente,Chuva,Simples,Curva,Não,3,0,0,1,1,1,1,3,-26.988014,-51.753124,SPRF-SC,DEL07-SC,UOP05-DEL07-SC,2021
"389880,0",2021-10-15,sexta-feira,11:30:00,SC,282,"275,2",SAO JOSE DO CERRITO,Velocidade Incompatível,Tombamento,Com Vítimas Fatais,Pleno dia,Decrescente,Chuva,Simples,Curva,Não,4,1,0,0,2,2,0,4,-27.606421,-50.720207,SPRF-SC,DEL05-SC,UOP02-DEL05-SC,2021
"389918,0",2021-10-15,sexta-feira,21:10:00,SC,470,"174,0",POUSO REDONDO,Acessar a via sem observar a presença dos outros veículos,Colisão transversal,Com Vítimas Feridas,Plena Noite,Decrescente,Chuva,Simples,Reta,Não,2,0,1,0,1,0,1,2,-27.258179,-49.929146,SPRF-SC,DEL04-SC,UOP02-DEL04-SC,2021
"389922,0",2021-10-15,sexta-feira,22:10:00,SC,470,"158,9",TROMBUDO CENTRAL,Velocidade Incompatível,Colisão frontal,Com Vítimas Feridas,Plena Noite,Decrescente,Chuva,Simples,Reta,Não,6,0,2,0,3,1,2,3,-27.287016,-49.778389,SPRF-SC,DEL04-SC,UOP02-DEL04-SC,2021
"390115,0",2021-10-16,sábado,13:35:00,SC,116,"5,4",MAFRA,Transitar na contramão,Colisão frontal,Com Vítimas Fatais,Pleno dia,Crescente,Sol,Simples,Declive;Reta,Sim,4,1,1,0,0,2,1,4,-26.14094396,-49.81508303,SPRF-SC,DEL06-SC,UOP01-DEL06-SC,2021
"390164,0",2021-10-16,sábado,23:15:00,SC,280,"119,5",SAO BENTO DO SUL,Condutor Dormindo,Colisão lateral sentido oposto,Com Vítimas Feridas,Plena Noite,Decrescente,Garoa/Chuvisco,Simples,Aclive;Reta,Não,3,0,1,0,1,1,1,3,-26.26519673,-49.434177,SPRF-SC,DEL06-SC,UOP03-DEL06-SC,2021
"390350,0",2021-10-06,quarta-feira,14:50:00,SC,282,"68,8",RANCHO QUEIMADO,Velocidade Incompatível,Colisão transversal,Com Vítimas Feridas,Pleno dia,Crescente,Chuva,Simples,Curva,Não,5,0,0,1,2,2,1,4,-27.692406,-49.075939,SPRF-SC,DEL01-SC,UOP03-DEL01-SC,2021
"390436,0",2021-09-16,quinta-feira,09:40:00,SC,280,"127,4",RIO NEGRINHO,Condutor deixou de manter distância do veículo da frente,Colisão frontal,Com Vítimas Feridas,Pleno dia,Crescente,Chuva,Simples,Reta,Sim,3,0,1,1,1,0,2,2,-26.23943953,-49.50420708,SPRF-SC,DEL06-SC,UOP03-DEL06-SC,2021
"390498,0",2021-10-18,segunda-feira,11:00:00,SC,101,"106,0",PENHA,Reação tardia ou ineficiente do condutor,Engavetamento,Com Vítimas Feridas,Pleno dia,Decrescente,Nublado,Dupla,Reta,Não,4,0,1,0,3,0,1,3,-26.81031601,-48.68293896,SPRF-SC,DEL03-SC,UOP02-DEL03-SC,2021
"390522,0",2021-10-18,segunda-feira,16:35:00,SC,101,"3,2",GARUVA,Reação tardia ou ineficiente do condutor,Saída de leito carroçável,Com Vítimas Feridas,Pleno dia,Decrescente,Chuva,Dupla,Declive,Não,3,0,1,0,1,2,1,3,-26.00380807,-48.87233005,SPRF-SC,DEL03-SC,UOP01-DEL03-SC,2021
"390552,0",2021-10-18,segunda-feira,20:20:00,SC,101,"212,6",PALHOCA,Reação tardia ou ineficiente do condutor,Colisão lateral mesmo sentido,Sem Vítimas,Plena Noite,Crescente,Nublado,Múltipla,Reta,Sim,3,0,0,0,2,1,0,3,-27.63398983,-48.66317868,SPRF-SC,DEL01-SC,UOP02-DEL01-SC,2021
"390571,0",2021-10-18,segunda-feira,22:40:00,SC,470,"269,8",BRUNOPOLIS,Ausência de reação do condutor,Tombamento,Com Vítimas Feridas,Plena Noite,Crescente,Garoa/Chuvisco,Simples,Curva,Não,2,0,1,0,0,1,1,2,-27.313988,-50.758327,SPRF-SC,DEL07-SC,UOP06-DEL07-SC,2021
"390599,0",2021-10-19,terça-feira,08:30:00,SC,101,"139,8",BALNEARIO CAMBORIU,Manobra de mudança de faixa,Colisão traseira,Com Vítimas Feridas,Pleno dia,Crescente,Nublado,Simples,Reta,Não,3,0,2,0,1,0,2,2,-27.02982303,-48.60115006,SPRF-SC,DEL04-SC,UOP03-DEL04-SC,2021
"390614,0",2021-10-19,terça-feira,10:40:00,SC,101,"192,4",BIGUACU,Velocidade Incompatível,Colisão traseira,Com Vítimas Feridas,Pleno dia,Decrescente,Sol,Múltipla,Reta,Sim,2,0,1,0,1,0,1,2,-27.48443781,-48.64765238,SPRF-SC,DEL01-SC,UOP01-DEL01-SC,2021
"390658,0",2021-10-19,terça-feira,11:15:00,SC,116,"165,0",PONTE ALTA DO NORTE,Demais falhas mecânicas ou elétricas,Tombamento,Com Vítimas Feridas,Pleno dia,Crescente,Nublado,Simples,Curva,Sim,2,0,1,0,0,2,1,3,-27.15176073,-50.46219055,SPRF-SC,DEL05-SC,UOP03-DEL05-SC,2021
"390718,0",2021-10-19,terça-feira,18:00:00,SC,282,"72,0",RANCHO QUEIMADO,Demais falhas mecânicas ou elétricas,Colisão com objeto,Sem Vítimas,Anoitecer,Decrescente,Nublado,Simples,Declive;Curva,Não,2,0,0,0,1,2,0,3,-27.683439,-49.105259,SPRF-SC,DEL01-SC,UOP03-DEL01-SC,2021
"390726,0",2021-10-19,terça-feira,20:30:00,SC,101,"212,6",PALHOCA,Ingestão de álcool pelo condutor,Colisão lateral mesmo sentido,Com Vítimas Feridas,Plena Noite,Decrescente,Céu Claro,Múltipla,Em Obras,Sim,2,0,0,1,0,1,1,2,-27.62996929,-48.65903871,SPRF-SC,DEL01-SC,UOP02-DEL01-SC,2021
"390775,0",2021-10-20,quarta-feira,03:20:00,SC,116,"115,0",SANTA CECILIA,Velocidade Incompatível,Tombamento,Com Vítimas Feridas,Plena Noite,Decrescente,Nublado,Simples,Curva;Declive,Não,2,0,1,0,0,1,1,2,-26.80262399,-50.33936901,SPRF-SC,DEL06-SC,UOP02-DEL06-SC,2021
"390814,0",2021-10-20,quarta-feira,09:30:00,SC,101,"281,9",IMBITUBA,Reação tardia ou ineficiente do condutor,Tombamento,Com Vítimas Feridas,Pleno dia,Crescente,Céu Claro,Simples,Declive,Sim,2,0,1,0,0,3,1,4,-28.18793595,-48.69652041,SPRF-SC,DEL02-SC,UOP03-DEL02-SC,2021
"390826,0",2021-10-05,terça-feira,23:15:00,SC,280,"239,7",CANOINHAS,Condutor Dormindo,Saída de leito carroçável,Com Vítimas Feridas,Plena Noite,Decrescente,Garoa/Chuvisco,Simples,Aclive,Não,2,0,1,0,0,2,1,3,-26.20971113,-50.44782084,SPRF-SC,DEL06-SC,UOP04-DEL06-SC,2021
"390856,0",2021-10-20,quarta-feira,13:55:00,SC,116,"207,4",PONTE ALTA,Sinalização mal posicionada,Colisão frontal,Com Vítimas Feridas,Pleno dia,Crescente,Céu Claro,Simples,Rotatória,Sim,3,0,2,0,1,0,2,2,-27.48199748,-50.37911479,SPRF-SC,DEL05-SC,UOP03-DEL05-SC,2021
"390879,0",2021-10-20,quarta-feira,18:50:00,SC,101,"142,0",ITAPEMA,Demais falhas mecânicas ou elétricas,Colisão lateral mesmo sentido,Sem Vítimas,Plena Noite,Crescente,Nublado,Dupla,Reta,Sim,5,0,0,0,4,1,0,5,-27.056089,-48.599449,SPRF-SC,DEL04-SC,UOP03-DEL04-SC,2021
"390891,0",2021-10-20,quarta-feira,18:15:00,SC,282,"412,5",CATANDUVAS,Velocidade Incompatível,Tombamento,Com Vítimas Feridas,Pleno dia,Crescente,Céu Claro,Múltipla,Curva,Não,3,0,1,0,1,2,1,4,-27.055775,-51.688843,SPRF-SC,DEL07-SC,UOP05-DEL07-SC,2021
"391000,0",2021-10-21,quinta-feira,10:25:00,SC,280,"33,3",ARAQUARI,Condutor deixou de manter distância do veículo da frente,Colisão frontal,Com Vítimas Feridas,Pleno dia,Crescente,Céu Claro,Simples,Reta,Sim,2,0,0,1,1,0,1,2,-26.42691429,-48.78970385,SPRF-SC,DEL03-SC,UOP03-DEL03-SC,2021
"391065,0",2021-10-21,quinta-feira,12:20:00,SC,116,"99,0",MONTE CASTELO,Acessar a via sem observar a presença dos outros veículos,Colisão transversal,Com Vítimas Feridas,Pleno dia,Crescente,Céu Claro,Simples,Reta,Não,3,0,0,1,1,1,1,3,-26.70415545,-50.29253483,SPRF-SC,DEL06-SC,UOP02-DEL06-SC,2021
"391070,0",2021-10-21,quinta-feira,06:50:00,SC,282,"356,2",CAMPOS NOVOS,Reação tardia ou ineficiente do condutor,Saída de leito carroçável,Sem Vítimas,Pleno dia,Crescente,Céu Claro,Simples,Reta,Não,2,0,0,0,1,1,0,2,-27.34733569,-51.33782387,SPRF-SC,DEL07-SC,UOP05-DEL07-SC,2021
"391119,0",2021-10-22,sexta-feira,01:50:00,SC,282,"69,1",RANCHO QUEIMADO,Demais falhas mecânicas ou elétricas,Incêndio,Sem Vítimas,Plena Noite,Crescente,Nublado,Simples,Aclive,Não,2,0,0,0,1,1,0,2,-27.690144,-49.083813,SPRF-SC,DEL01-SC,UOP03-DEL01-SC,2021
"391152,0",2021-10-22,sexta-feira,08:10:00,SC,101,"329,6",TUBARAO,Condutor deixou de manter distância do veículo da frente,Colisão traseira,Com Vítimas Feridas,Pleno dia,Crescente,Céu Claro,Múltipla,Reta,Sim,2,0,1,0,0,1,1,2,-28.44404822,-48.96611372,SPRF-SC,DEL02-SC,UOP01-DEL02-SC,2021
"391214,0",2021-10-22,sexta-feira,16:20:00,SC,280,"20,1",ARAQUARI,Transitar na contramão,Colisão frontal,Com Vítimas Fatais,Pleno dia,Crescente,Céu Claro,Simples,Reta,Sim,4,1,0,0,2,2,0,4,-26.36990477,-48.68224301,SPRF-SC,DEL03-SC,UOP03-DEL03-SC,2021
"391317,0",2021-10-22,sexta-feira,22:30:00,SC,470,"255,6",CURITIBANOS,Transitar na contramão,Colisão frontal,Com Vítimas Feridas,Plena Noite,Decrescente,Céu Claro,Simples,Reta,Não,3,0,1,0,1,1,1,3,-27.309111,-50.620499,SPRF-SC,DEL05-SC,UOP03-DEL05-SC,2021
"391328,0",2021-10-23,sábado,03:00:00,SC,101,"225,2",PALHOCA,Condutor deixou de manter distância do veículo da frente,Colisão lateral mesmo sentido,Sem Vítimas,Plena Noite,Crescente,Céu Claro,Dupla,Reta,Não,3,0,0,0,3,0,0,3,-27.734831,-48.64048,SPRF-SC,DEL01-SC,UOP02-DEL01-SC,2021
"391330,0",2021-10-23,sábado,03:15:00,SC,101,"40,7",JOINVILLE,Ingestão de álcool pelo condutor,Colisão traseira,Com Vítimas Feridas,Plena Noite,Decrescente,Nublado,Dupla,Declive;Curva,Não,4,0,1,0,2,1,1,4,-26.27176094,-48.89468382,SPRF-SC,DEL03-SC,UOP01-DEL03-SC,2021
"391359,0",2021-10-23,sábado,06:40:00,SC,101,"60,5",ARAQUARI,Reação tardia ou ineficiente do condutor,Colisão com objeto,Com Vítimas Feridas,Pleno dia,Crescente,Nublado,Múltipla,Curva,Sim,3,0,1,0,1,1,1,3,-26.45072823,-48.78570317,SPRF-SC,DEL03-SC,UOP02-DEL03-SC,2021
"391378,0",2021-10-23,sábado,07:45:00,SC,158,"108,0",CUNHA PORA,Ultrapassagem Indevida,Colisão frontal,Com Vítimas Feridas,Pleno dia,Decrescente,Chuva,Simples,Curva,Não,8,0,0,3,5,0,3,3,-26.877952,-53.169978,SPRF-SC,DEL07-SC,UOP02-DEL07-SC,2021
"391438,0",2021-10-23,sábado,14:30:00,SC,101,"100,0",BALNEARIO PICARRAS,Reação tardia ou ineficiente do condutor,Colisão traseira,Com Vítimas Feridas,Pleno dia,Crescente,Nublado,Múltipla,Reta;Aclive,Não,3,0,1,0,1,2,1,4,-26.75482787,-48.68993675,SPRF-SC,DEL03-SC,UOP02-DEL03-SC,2021
"391439,0",2021-10-23,sábado,16:05:00,SC,101,"31,4",JOINVILLE,Ausência de reação do condutor,Colisão transversal,Com Vítimas Feridas,Pleno dia,Decrescente,Nublado,Dupla,Reta,Não,3,0,1,0,1,1,1,3,-26.22195899,-48.91634925,SPRF-SC,DEL03-SC,UOP01-DEL03-SC,2021
"391497,0",2021-10-23,sábado,19:10:00,SC,116,"208,1",PONTE ALTA,Velocidade Incompatível,Colisão frontal,Com Vítimas Fatais,Plena Noite,Crescente,Chuva,Dupla,Interseção de Vias;Declive;Reta,Sim,12,1,3,4,3,1,7,6,-27.4897408,-50.3755616,SPRF-SC,DEL05-SC,UOP03-DEL05-SC,2021
"391567,0",2021-10-24,domingo,03:03:00,SC,101,"40,4",JOINVILLE,Manobra de mudança de faixa,Colisão traseira,Com Vítimas Feridas,Plena Noite,Crescente,Nublado,Dupla,Reta,Sim,3,0,1,0,1,2,1,4,-26.31105019,-48.87669861,SPRF-SC,DEL03-SC,UOP01-DEL03-SC,2021
"391584,0",2021-10-24,domingo,05:08:00,SC,101,"215,0",PALHOCA,Acessar a via sem observar a presença dos outros veículos,Colisão transversal,Sem Vítimas,Amanhecer,Decrescente,Nublado,Dupla,Curva,Sim,2,0,0,0,1,1,0,2,-27.65184843,-48.67604941,SPRF-SC,DEL01-SC,UOP02-DEL01-SC,2021
"391818,0",2021-10-25,segunda-feira,05:40:00,SC,470,"128,7",LONTRAS,Condutor Dormindo,Saída de leito carroçável,Com Vítimas Feridas,Amanhecer,Crescente,Nublado,Simples,Curva,Sim,3,0,1,1,0,1,2,2,-27.148499,-49.556137,SPRF-SC,DEL04-SC,UOP02-DEL04-SC,2021
"391832,0",2021-10-25,segunda-feira,01:30:00,SC,470,"266,7",CURITIBANOS,Velocidade Incompatível,Tombamento,Com Vítimas Feridas,Plena Noite,Crescente,Céu Claro,Simples,Curva,Não,2,0,0,1,0,1,1,2,-27.31405277,-50.73215961,SPRF-SC,DEL05-SC,UOP03-DEL05-SC,2021
"391855,0",2021-10-25,segunda-feira,09:50:00,SC,101,"46,0",JOINVILLE,Reação tardia ou ineficiente do condutor,Colisão traseira,Com Vítimas Feridas,Pleno dia,Decrescente,Sol,Dupla,Reta,Sim,3,0,0,1,2,0,1,3,-26.35638181,-48.85873318,SPRF-SC,DEL03-SC,UOP01-DEL03-SC,2021
"391872,0",2021-10-25,segunda-feira,12:20:00,SC,101,"210,0",SAO JOSE,Desrespeitar a preferência no cruzamento,Colisão transversal,Com Vítimas Feridas,Pleno dia,Decrescente,Céu Claro,Dupla,Interseção de Vias,Sim,2,0,1,0,1,0,1,2,-27.6167305,-48.6457265,SPRF-SC,DEL01-SC,UOP01-DEL01-SC,2021
"391878,0",2021-10-25,segunda-feira,08:00:00,SC,101,"367,3",ICARA,Mal súbito do condutor,Tombamento,Com Vítimas Feridas,Pleno dia,Crescente,Sol,Simples,Curva,Não,2,0,1,0,0,2,1,3,-28.69145778,-49.16484911,SPRF-SC,DEL02-SC,UOP01-DEL02-SC,2021
"391879,0",2021-10-25,segunda-feira,12:50:00,SC,101,"338,0",TUBARAO,Demais falhas mecânicas ou elétricas,Saída de leito carroçável,Com Vítimas Feridas,Pleno dia,Crescente,Céu Claro,Dupla,Reta,Sim,1,0,1,0,0,0,1,1,-28.485725,-49.03726,SPRF-SC,DEL02-SC,UOP01-DEL02-SC,2021
"391900,0",2021-10-25,segunda-feira,13:00:00,SC,282,"23,6",SANTO AMARO DA IMPERATRIZ,Desrespeitar a preferência no cruzamento,Colisão transversal,Com Vítimas Fatais,Pleno dia,Crescente,Céu Claro,Simples,Interseção de Vias,Não,5,1,0,1,1,2,1,4,-27.6844727,-48.7436227,SPRF-SC,DEL01-SC,UOP03-DEL01-SC,2021
"391950,0",2021-10-25,segunda-feira,17:25:00,SC,280,"52,3",GUARAMIRIM,Conversão proibida,Colisão frontal,Com Vítimas Feridas,Pleno dia,Crescente,Sol,Simples,Interseção de Vias,Sim,3,0,0,1,1,1,1,3,-26.47134134,-48.97157907,SPRF-SC,DEL03-SC,UOP03-DEL03-SC,2021
"391990,0",2021-10-26,terça-feira,06:20:00,SC,101,"131,4",BALNEARIO CAMBORIU,Reação tardia ou ineficiente do condutor,Colisão traseira,Com Vítimas Feridas,Pleno dia,Decrescente,Céu Claro,Múltipla,Reta,Sim,2,0,1,0,1,0,1,2,-26.99064209,-48.66310912,SPRF-SC,DEL04-SC,UOP03-DEL04-SC,2021
"392005,0",2021-10-26,terça-feira,08:20:00,SC,101,"214,0",PALHOCA,Reação tardia ou ineficiente do condutor,Colisão lateral mesmo sentido,Sem Vítimas,Pleno dia,Decrescente,Céu Claro,Múltipla,Reta,Sim,4,0,0,0,3,1,0,3,-27.64443,-48.67057,SPRF-SC,DEL01-SC,UOP02-DEL01-SC,2021
"392032,0",2021-10-26,terça-feira,09:40:00,SC,101,"336,2",TUBARAO,Reação tardia ou ineficiente do condutor,Colisão traseira,Com Vítimas Feridas,Pleno dia,Decrescente,Sol,Dupla,Ponte,Sim,3,0,1,0,2,0,1,3,-28.4816134,-49.03452851,SPRF-SC,DEL02-SC,UOP01-DEL02-SC,2021
"392121,0",2021-10-26,terça-feira,20:40:00,SC,101,"440,0",SANTA ROSA DO SUL,Ingestão de substâncias psicoativas pelo condutor,Colisão lateral mesmo sentido,Sem Vítimas,Plena Noite,Crescente,Céu Claro,Dupla,Reta,Não,3,0,0,0,2,1,0,3,-29.12420083,-49.66719602,SPRF-SC,DEL02-SC,UOP02-DEL02-SC,2021
"392122,0",2021-10-26,terça-feira,22:35:00,SC,101,"232,2",PALHOCA,Manobra de mudança de faixa,Colisão lateral mesmo sentido,Com Vítimas Feridas,Plena Noite,Decrescente,Céu Claro,Dupla,Curva,Não,3,0,0,1,1,1,1,3,-27.795666,-48.638153,SPRF-SC,DEL01-SC,UOP02-DEL01-SC,2021
"392139,0",2021-10-27,quarta-feira,02:18:00,SC,282,"109,0",ALFREDO WAGNER,Reação tardia ou ineficiente do condutor,Tombamento,Com Vítimas Feridas,Plena Noite,Decrescente,Céu Claro,Simples,Curva,Não,2,0,0,1,0,2,1,3,-27.719378,-49.3582,SPRF-SC,DEL01-SC,UOP03-DEL01-SC,2021
"392191,0",2021-10-27,quarta-feira,10:10:00,SC,101,"214,0",PALHOCA,Acessar a via sem observar a presença dos outros veículos,Colisão transversal,Com Vítimas Feridas,Pleno dia,Decrescente,Céu Claro,Dupla,Reta,Sim,2,0,1,0,1,0,1,2,-27.64443,-48.67057,SPRF-SC,DEL01-SC,UOP02-DEL01-SC,2021
"392203,0",2021-10-27,quarta-feira,08:50:00,SC,470,"106,0",APIUNA,Pedestre cruzava a pista fora da faixa,Atropelamento de Pedestre,Com Vítimas Feridas,Pleno dia,Decrescente,Céu Claro,Simples,Reta,Não,4,0,0,1,1,2,1,3,-27.073105,-49.422935,SPRF-SC,DEL04-SC,UOP02-DEL04-SC,2021
"392224,0",2021-10-18,segunda-feira,04:40:00,SC,101,"104,5",PENHA,Ingestão de álcool pelo condutor,Colisão traseira,Com Vítimas Feridas,Amanhecer,Decrescente,Garoa/Chuvisco,Dupla,Reta;Viaduto,Não,3,0,0,2,0,1,2,3,-26.79825533,-48.6795187,SPRF-SC,DEL03-SC,UOP02-DEL03-SC,2021
"392241,0",2021-10-27,quarta-feira,14:25:00,SC,101,"423,5",ARARANGUA,Desrespeitar a preferência no cruzamento,Colisão transversal,Com Vítimas Feridas,Pleno dia,Crescente,Sol,Simples,Viaduto,Não,2,0,1,0,1,0,1,2,-29.01601155,-49.58269226,SPRF-SC,DEL02-SC,UOP02-DEL02-SC,2021
"392265,0",2021-10-27,quarta-feira,16:30:00,SC,282,"56,7",RANCHO QUEIMADO,Velocidade Incompatível,Tombamento,Com Vítimas Feridas,Pleno dia,Decrescente,Sol,Simples,Curva,Não,2,0,0,1,0,2,1,3,-27.691633,-48.991375,SPRF-SC,DEL01-SC,UOP03-DEL01-SC,2021
"392303,0",2021-10-27,quarta-feira,21:25:00,SC,101,"224,1",PALHOCA,Reação tardia ou ineficiente do condutor,Tombamento,Com Vítimas Feridas,Plena Noite,Crescente,Nublado,Dupla,Reta,Não,1,0,0,1,0,0,1,1,-27.72384789,-48.64386769,SPRF-SC,DEL01-SC,UOP02-DEL01-SC,2021
"392312,0",2021-10-27,quarta-feira,17:30:00,SC,280,"235,3",CANOINHAS,Ausência de sinalização,Colisão traseira,Com Vítimas Feridas,Anoitecer,Crescente,Nublado,Simples,Aclive,Não,7,0,5,0,1,2,5,4,-26.19206283,-50.41295701,SPRF-SC,DEL06-SC,UOP04-DEL06-SC,2021