id,data_inversa,dia_semana,horario,uf,br,km,municipio,causa_acidente,tipo_acidente,classificacao_acidente,fase_dia,sentido_via,condicao_metereologica,tipo_pista,tracado_via,uso_solo,pessoas,mortos,feridos_leves,feridos_graves,ilesos,ignorados,feridos,veiculos,latitude,longitude,regional,delegacia,uop,ano_arquivo
"392348,0",2021-10-28,quinta-feira,06:10:00,SC,470,"111,2",IBIRAMA,Velocidade Incompatível,Saída de leito carroçável,Com Vítimas Feridas,Pleno dia,Crescente,Nublado,Simples,Curva,Não,2,0,1,0,0,1,1,2,-27.09964403,-49.46127718,SPRF-SC,DEL04-SC,UOP02-DEL04-SC,2021
"392400,0",2021-10-28,quinta-feira,08:45:00,SC,282,"348,0",CAMPOS NOVOS,Mal súbito do condutor,Capotamento,Sem Vítimas,Pleno dia,Crescente,Céu Claro,Simples,Reta,Não,1,0,0,0,1,0,0,1,-27.361637,-51.273197,SPRF-SC,DEL07-SC,UOP06-DEL07-SC,2021
"392525,0",2021-10-29,sexta-feira,01:30:00,SC,101,"147,0",ITAPEMA,Velocidade Incompatível,Atropelamento de Pedestre,Com Vítimas Feridas,Plena Noite,Decrescente,Nublado,Dupla,Curva,Sim,5,0,0,2,2,1,2,4,-27.09237407,-48.61730888,SPRF-SC,DEL04-SC,UOP03-DEL04-SC,2021
"392544,0",2021-10-29,sexta-feira,05:50:00,SC,153,"52,9",VARGEM BONITA,Ausência de reação do condutor,Colisão lateral mesmo sentido,Com Vítimas Feridas,Amanhecer,Decrescente,Céu Claro,Simples,Reta,Não,3,0,1,0,1,1,1,3,-26.920887,-51.808014,SPRF-SC,DEL07-SC,UOP05-DEL07-SC,2021
"392592,0",2021-10-29,sexta-feira,11:00:00,SC,470,"65,0",INDAIAL,Ultrapassagem Indevida,Colisão lateral mesmo sentido,Com Vítimas Fatais,Pleno dia,Crescente,Céu Claro,Simples,Reta;Em Obras,Sim,4,1,0,0,1,2,0,4,-26.87047758,-49.21297223,SPRF-SC,DEL04-SC,UOP01-DEL04-SC,2021
"392612,0",2021-10-29,sexta-feira,12:40:00,SC,280,"36,9",ARAQUARI,Reação tardia ou ineficiente do condutor,Engavetamento,Sem Vítimas,Pleno dia,Crescente,Garoa/Chuvisco,Simples,Declive;Curva,Não,7,0,0,0,6,1,0,7,-26.44472559,-48.81741643,SPRF-SC,DEL03-SC,UOP03-DEL03-SC,2021
"392677,0",2021-10-29,sexta-feira,17:50:00,SC,470,"36,0",GASPAR,Condutor deixou de manter distância do veículo da frente,Colisão traseira,Com Vítimas Feridas,Anoitecer,Crescente,Garoa/Chuvisco,Dupla,Reta,Não,3,0,1,1,1,0,2,3,-26.914196,-48.968948,SPRF-SC,DEL04-SC,UOP01-DEL04-SC,2021
"392678,0",2021-10-29,sexta-feira,16:50:00,SC,101,"106,1",PENHA,Reação tardia ou ineficiente do condutor,Colisão traseira,Com Vítimas Feridas,Pleno dia,Crescente,Nublado,Simples,Reta,Não,4,0,0,1,2,3,1,6,-26.81204997,-48.68331134,SPRF-SC,DEL03-SC,UOP02-DEL03-SC,2021
"392742,0",2021-10-30,sábado,01:20:00,SC,101,"116,0",ITAJAI,Ingestão de álcool pelo condutor,Colisão lateral mesmo sentido,Sem Vítimas,Plena Noite,Crescente,Garoa/Chuvisco,Múltipla,Reta,Sim,4,0,0,0,2,3,0,5,-26.87905605,-48.72603512,SPRF-SC,DEL04-SC,UOP04-DEL04-SC,2021
"392749,0",2021-10-30,sábado,03:00:00,SC,101,"225,6",PALHOCA,Velocidade Incompatível,Colisão traseira,Com Vítimas Feridas,Plena Noite,Crescente,Chuva,Dupla,Reta,Não,4,0,1,0,2,1,1,4,-27.73292191,-48.6409567,SPRF-SC,DEL01-SC,UOP02-DEL01-SC,2021
"392756,0",2021-10-30,sábado,04:25:00,SC,470,"133,0",RIO DO SUL,Transitar na contramão,Colisão frontal,Com Vítimas Feridas,Plena Noite,Crescente,Nublado,Simples,Reta,Sim,3,0,0,1,2,0,1,3,-27.17140183,-49.57897067,SPRF-SC,DEL04-SC,UOP02-DEL04-SC,2021
"392774,0",2021-10-30,sábado,05:40:00,SC,116,"246,5",LAGES,Ingestão de álcool pelo condutor,Colisão frontal,Com Vítimas Feridas,Amanhecer,Crescente,Nublado,Simples,Reta,Sim,2,0,0,1,1,0,1,2,-27.80419942,-50.36509464,SPRF-SC,DEL05-SC,UOP02-DEL05-SC,2021
"392794,0",2021-09-16,quinta-feira,16:30:00,SC,280,"104,2",SAO BENTO DO SUL,Chuva,Colisão frontal,Com Vítimas Fatais,Pleno dia,Crescente,Chuva,Simples,Reta;Aclive,Não,4,1,0,2,1,0,2,2,-26.3489253,-49.3690278,SPRF-SC,DEL06-SC,UOP03-DEL06-SC,2021
"392831,0",2021-10-30,sábado,11:20:00,SC,101,"217,6",PALHOCA,Reação tardia ou ineficiente do condutor,Colisão traseira,Sem Vítimas,Pleno dia,Decrescente,Chuva,Múltipla,Reta,Não,3,0,0,0,2,2,0,4,-27.66779034,-48.67393586,SPRF-SC,DEL01-SC,UOP02-DEL01-SC,2021
"392904,0",2021-10-30,sábado,11:30:00,SC,116,"105,6",MONTE CASTELO,Velocidade Incompatível,Tombamento,Com Vítimas Feridas,Pleno dia,Decrescente,Sol,Simples,Curva,Não,2,0,1,1,0,0,2,1,-26.75095005,-50.31749478,SPRF-SC,DEL06-SC,UOP02-DEL06-SC,2021
"392908,0",2021-10-30,sábado,19:15:00,SC,280,"35,7",ARAQUARI,Conversão proibida,Colisão transversal,Com Vítimas Feridas,Plena Noite,Crescente,Chuva,Simples,Curva,Não,5,0,0,2,2,1,2,3,-26.43952851,-48.80882263,SPRF-SC,DEL03-SC,UOP03-DEL03-SC,2021
"393011,0",2021-10-31,domingo,03:45:00,SC,101,"221,0",PALHOCA,Ingestão de álcool pelo condutor,Colisão traseira,Com Vítimas Feridas,Plena Noite,Crescente,Nublado,Dupla,Declive,Não,2,0,0,1,1,0,1,2,-27.70012652,-48.66021182,SPRF-SC,DEL01-SC,UOP02-DEL01-SC,2021
"393037,0",2021-10-31,domingo,07:00:00,SC,101,"193,6",BIGUACU,Ingestão de álcool pelo condutor,Colisão traseira,Sem Vítimas,Pleno dia,Decrescente,Céu Claro,Múltipla,Reta,Sim,3,0,0,0,1,2,0,3,-27.489574,-48.655914,SPRF-SC,DEL01-SC,UOP01-DEL01-SC,2021
"393173,0",2021-10-31,domingo,21:05:00,SC,470,"135,9",RIO DO SUL,Ingestão de álcool pelo condutor,Colisão frontal,Com Vítimas Feridas,Plena Noite,Decrescente,Garoa/Chuvisco,Simples,Reta,Não,2,0,1,0,1,0,1,2,-27.188492,-49.61232,SPRF-SC,DEL04-SC,UOP02-DEL04-SC,2021
"393210,0",2021-10-31,domingo,20:00:00,SC,153,"17,0",AGUA DOCE,Animais na Pista,Atropelamento de Animal,Com Vítimas Fatais,Plena Noite,Decrescente,Céu Claro,Simples,Reta,Não,5,1,3,0,0,1,3,4,-26.7102058,-51.6067433,SPRF-SC,DEL07-SC,UOP05-DEL07-SC,2021
"393250,0",2021-11-01,segunda-feira,08:30:00,SC,101,"249,0",PAULO LOPES,Ausência de reação do condutor,Capotamento,Com Vítimas Feridas,Pleno dia,Crescente,Chuva,Dupla,Reta,Sim,3,0,1,2,0,0,3,1,-27.93414102,-48.66237393,SPRF-SC,DEL02-SC,UOP03-DEL02-SC,2021
"393284,0",2021-11-01,segunda-feira,11:25:00,SC,116,"217,4",CORREIA PINTO,Frear bruscamente,Tombamento,Com Vítimas Feridas,Pleno dia,Crescente,Nublado,Simples,Reta,Sim,1,0,1,0,0,0,1,1,-27.56488583,-50.37484646,SPRF-SC,DEL05-SC,UOP03-DEL05-SC,2021
"393297,0",2021-11-01,segunda-feira,13:25:00,SC,282,"207,0",LAGES,Carga excessiva e/ou mal acondicionada,Derramamento de carga,Sem Vítimas,Pleno dia,Crescente,Céu Claro,Simples,Rotatória,Não,1,0,0,0,1,0,0,1,-27.773464,-50.202095,SPRF-SC,DEL05-SC,UOP01-DEL05-SC,2021
"393316,0",2021-11-01,segunda-feira,15:35:00,SC,470,"300,7",CAMPOS NOVOS,Reação tardia ou ineficiente do condutor,Colisão frontal,Com Vítimas Feridas,Pleno dia,Crescente,Céu Claro,Simples,Declive;Reta,Não,3,0,1,0,1,1,1,3,-27.372538,-51.046467,SPRF-SC,DEL07-SC,UOP06-DEL07-SC,2021
"393361,0",2021-11-01,segunda-feira,19:30:00,SC,282,"39,8",AGUAS MORNAS,Conversão proibida,Colisão transversal,Com Vítimas Feridas,Plena Noite,Decrescente,Garoa/Chuvisco,Simples,Curva,Não,2,0,1,0,1,0,1,2,-27.712439,-48.860607,SPRF-SC,DEL01-SC,UOP03-DEL01-SC,2021
"393381,0",2021-11-01,segunda-feira,19:15:00,SC,282,"608,8",MARAVILHA,Ultrapassagem Indevida,Colisão frontal,Com Vítimas Feridas,Plena Noite,Crescente,Céu Claro,Simples,Reta;Aclive,Não,4,0,0,2,2,0,2,3,-26.7619927,-53.221035,SPRF-SC,DEL07-SC,UOP02-DEL07-SC,2021
"393442,0",2021-10-25,segunda-feira,22:00:00,SC,101,"207,0",SAO JOSE,Manobra de mudança de faixa,Colisão com objeto,Com Vítimas Feridas,Pleno dia,Decrescente,Nublado,Múltipla,Reta,Sim,2,0,1,0,0,1,1,2,-27.60001226,-48.6226467,SPRF-SC,DEL01-SC,UOP01-DEL01-SC,2021
"393741,0",2021-11-03,quarta-feira,17:20:00,SC,116,"71,1",MONTE CASTELO,Mal súbito do condutor,Colisão lateral sentido oposto,Com Vítimas Feridas,Pleno dia,Crescente,Céu Claro,Simples,Reta,Não,3,0,1,0,1,1,1,3,-26.47804399,-50.23238915,SPRF-SC,DEL06-SC,UOP02-DEL06-SC,2021
"393760,0",2021-11-04,quinta-feira,07:00:00,SC,282,"16,7",PALHOCA,Conversão proibida,Colisão lateral mesmo sentido,Com Vítimas Feridas,Pleno dia,Crescente,Céu Claro,Simples,Reta,Sim,2,0,0,1,1,0,1,2,-27.658611,-48.681847,SPRF-SC,DEL01-SC,UOP02-DEL01-SC,2021
"393769,0",2021-11-04,quinta-feira,08:15:00,SC,470,"75,1",INDAIAL,Reação tardia ou ineficiente do condutor,Colisão transversal,Com Vítimas Feridas,Pleno dia,Crescente,Nublado,Simples,Reta,Não,2,0,0,1,1,0,1,2,-26.93055471,-49.28630948,SPRF-SC,DEL04-SC,UOP01-DEL04-SC,2021
"393845,0",2021-11-04,quinta-feira,14:00:00,SC,101,"39,0",JOINVILLE,Velocidade Incompatível,Tombamento,Com Vítimas Feridas,Pleno dia,Crescente,Nublado,Dupla,Reta,Sim,2,0,1,0,1,0,1,2,-26.2628107,-48.90192257,SPRF-SC,DEL03-SC,UOP01-DEL03-SC,2021
"393860,0",2021-11-04,quinta-feira,12:35:00,SC,282,"463,0",PONTE SERRADA,Acessar a via sem observar a presença dos outros veículos,Colisão transversal,Com Vítimas Fatais,Pleno dia,Crescente,Céu Claro,Simples,Curva,Sim,3,1,0,0,1,1,0,3,-26.8556829,-52.0330686,SPRF-SC,DEL07-SC,UOP04-DEL07-SC,2021
"393919,0",2021-11-05,sexta-feira,06:20:00,SC,101,"41,0",JOINVILLE,Desrespeitar a preferência no cruzamento,Colisão transversal,Com Vítimas Feridas,Pleno dia,Crescente,Garoa/Chuvisco,Simples,Reta,Sim,3,0,1,0,2,0,1,2,-26.28215489,-48.88973081,SPRF-SC,DEL03-SC,UOP01-DEL03-SC,2021
"393937,0",2021-11-05,sexta-feira,07:20:00,SC,470,"141,6",RIO DO SUL,Demais falhas mecânicas ou elétricas,Atropelamento de Pedestre,Com Vítimas Feridas,Pleno dia,Decrescente,Nublado,Simples,Reta,Não,2,0,0,1,1,0,1,2,-27.226065,-49.666161,SPRF-SC,DEL04-SC,UOP02-DEL04-SC,2021
"394000,0",2021-11-05,sexta-feira,15:15:00,SC,282,"331,5",CAMPOS NOVOS,Ausência de reação do condutor,Colisão frontal,Com Vítimas Feridas,Pleno dia,Crescente,Nublado,Simples,Aclive;Reta,Não,3,0,1,0,1,1,1,3,-27.387941,-51.116081,SPRF-SC,DEL07-SC,UOP06-DEL07-SC,2021
"394001,0",2021-11-05,sexta-feira,09:45:00,SC,470,"189,4",POUSO REDONDO,Demais falhas mecânicas ou elétricas,Tombamento,Com Vítimas Feridas,Pleno dia,Crescente,Nublado,Simples,Curva,Não,3,0,1,1,0,1,2,2,-27.275368,-50.063206,SPRF-SC,DEL04-SC,UOP02-DEL04-SC,2021
"394084,0",2021-11-06,sábado,01:10:00,SC,101,"114,0",ITAJAI,Ingestão de álcool pelo condutor,Colisão traseira,Com Vítimas Feridas,Plena Noite,Crescente,Garoa/Chuvisco,Múltipla,Ponte;Reta,Não,2,0,0,1,1,0,1,2,-26.86192886,-48.7286704,SPRF-SC,DEL04-SC,UOP04-DEL04-SC,2021
"394096,0",2021-11-06,sábado,01:30:00,SC,101,"81,0",BARRA VELHA,Manobra de mudança de faixa,Colisão lateral mesmo sentido,Sem Vítimas,Plena Noite,Crescente,Céu Claro,Dupla,Reta,Sim,3,0,0,0,2,1,0,3,-26.60256101,-48.72553524,SPRF-SC,DEL03-SC,UOP02-DEL03-SC,2021
"394124,0",2021-11-06,sábado,06:20:00,SC,101,"409,8",ARARANGUA,Condutor Dormindo,Saída de leito carroçável,Com Vítimas Feridas,Amanhecer,Decrescente,Céu Claro,Simples,Interseção de Vias,Sim,2,0,1,0,1,0,1,2,-28.91482796,-49.48625305,SPRF-SC,DEL02-SC,UOP02-DEL02-SC,2021
"394159,0",2021-11-06,sábado,12:20:00,SC,116,"202,5",PONTE ALTA,Acessar a via sem observar a presença dos outros veículos,Colisão transversal,Com Vítimas Feridas,Pleno dia,Crescente,Chuva,Simples,Curva,Não,3,0,1,0,1,2,1,4,-27.44129626,-50.39571452,SPRF-SC,DEL05-SC,UOP03-DEL05-SC,2021
"394181,0",2021-11-06,sábado,14:30:00,SC,101,"139,7",BALNEARIO CAMBORIU,Ingestão de álcool pelo condutor,Colisão lateral mesmo sentido,Com Vítimas Feridas,Pleno dia,Crescente,Nublado,Dupla,Reta,Não,2,0,1,0,1,0,1,2,-27.02982303,-48.60115006,SPRF-SC,DEL04-SC,UOP03-DEL04-SC,2021
"394207,0",2021-11-06,sábado,14:25:00,SC,101,"118,9",ITAJAI,Ausência de reação do condutor,Colisão traseira,Com Vítimas Feridas,Pleno dia,Decrescente,Nublado,Múltipla,Reta,Não,4,0,1,0,2,3,1,6,-26.895859,-48.71903,SPRF-SC,DEL04-SC,UOP04-DEL04-SC,2021
"394229,0",2021-11-06,sábado,18:50:00,SC,101,"125,1",ITAJAI,Manobra de mudança de faixa,Colisão com objeto,Com Vítimas Feridas,Plena Noite,Decrescente,Garoa/Chuvisco,Dupla,Reta,Não,4,0,1,1,2,0,2,3,-26.94802427,-48.68338515,SPRF-SC,DEL04-SC,UOP04-DEL04-SC,2021
"394246,0",2021-11-06,sábado,20:15:00,SC,101,"131,0",BALNEARIO CAMBORIU,Reação tardia ou ineficiente do condutor,Colisão traseira,Com Vítimas Feridas,Plena Noite,Decrescente,Chuva,Dupla,Reta,Não,4,0,0,2,1,1,2,3,-26.99064209,-48.66310912,SPRF-SC,DEL04-SC,UOP03-DEL04-SC,2021
"394338,0",2021-11-07,domingo,03:50:00,SC,480,"126,0",CHAPECO,Ingestão de álcool e/ou substâncias psicoativas pelo pedestre,Tombamento,Sem Vítimas,Plena Noite,Decrescente,Céu Claro,Simples,Reta,Não,1,0,0,0,1,0,0,1,-27.01987887,-52.63578773,SPRF-SC,DEL07-SC,UOP01-DEL07-SC,2021
"394454,0",2021-11-07,domingo,19:45:00,SC,101,"46,8",JOINVILLE,Manobra de mudança de faixa,Colisão lateral mesmo sentido,Com Vítimas Feridas,Plena Noite,Decrescente,Garoa/Chuvisco,Múltipla,Reta,Sim,5,0,2,0,2,1,2,3,-26.36524518,-48.85854006,SPRF-SC,DEL03-SC,UOP01-DEL03-SC,2021
"394482,0",2021-11-07,domingo,18:30:00,SC,116,"104,8",MONTE CASTELO,Velocidade Incompatível,Tombamento,Com Vítimas Feridas,Anoitecer,Decrescente,Céu Claro,Simples,Declive;Curva,Não,2,0,0,1,0,1,1,2,-26.742656,-50.31436699,SPRF-SC,DEL06-SC,UOP02-DEL06-SC,2021
"394488,0",2021-11-07,domingo,22:10:00,SC,282,"366,0",ERVAL VELHO,Desrespeitar a preferência no cruzamento,Colisão transversal,Sem Vítimas,Plena Noite,Decrescente,Céu Claro,Simples,Rotatória,Sim,1,0,0,0,1,0,0,1,-27.27485725,-51.44173265,SPRF-SC,DEL07-SC,UOP05-DEL07-SC,2021
"394517,0",2021-11-08,segunda-feira,06:30:00,SC,470,"9,9",NAVEGANTES,Reação tardia ou ineficiente do condutor,Colisão transversal,Com Vítimas Feridas,Amanhecer,Decrescente,Nublado,Simples,Interseção de Vias,Sim,3,0,1,0,1,1,1,3,-26.833143,-48.727432,SPRF-SC,DEL04-SC,UOP04-DEL04-SC,2021
"394548,0",2021-11-08,segunda-feira,09:20:00,SC,101,"389,5",CRICIUMA,Pedestre cruzava a pista fora da faixa,Atropelamento de Pedestre,Com Vítimas Fatais,Pleno dia,Crescente,Nublado,Múltipla,Reta,Sim,4,1,0,0,1,2,0,3,-28.8027957,-49.3675825,SPRF-SC,DEL02-SC,UOP02-DEL02-SC,2021
"394580,0",2021-11-08,segunda-feira,12:55:00,SC,282,"48,7",AGUAS MORNAS,Falta de acostamento,Tombamento,Sem Vítimas,Pleno dia,Crescente,Chuva,Simples,Aclive;Curva,Não,2,0,0,0,1,1,0,2,-27.714352,-48.938072,SPRF-SC,DEL01-SC,UOP03-DEL01-SC,2021
"394652,0",2021-11-08,segunda-feira,17:40:00,SC,282,"607,1",MARAVILHA,Acessar a via sem observar a presença dos outros veículos,Colisão transversal,Com Vítimas Feridas,Pleno dia,Crescente,Céu Claro,Simples,Reta,Não,4,0,0,1,3,0,1,2,-26.772648,-53.2062,SPRF-SC,DEL07-SC,UOP02-DEL07-SC,2021
"394664,0",2021-11-08,segunda-feira,09:30:00,SC,116,"155,0",SANTA CECILIA,Velocidade Incompatível,Tombamento,Com Vítimas Feridas,Pleno dia,Crescente,Céu Claro,Simples,Curva,Não,2,0,1,0,0,1,1,2,-27.07453696,-50.42919788,SPRF-SC,DEL06-SC,UOP02-DEL06-SC,2021
"394687,0",2021-11-08,segunda-feira,13:30:00,SC,280,"100,1",SAO BENTO DO SUL,Carga excessiva e/ou mal acondicionada,Derramamento de carga,Sem Vítimas,Pleno dia,Crescente,Céu Claro,Simples,Curva,Não,1,0,0,0,1,0,0,1,-26.3647522,-49.33526222,SPRF-SC,DEL06-SC,UOP03-DEL06-SC,2021
"394713,0",2021-11-08,segunda-feira,22:30:00,SC,282,"89,0",ALFREDO WAGNER,Problema com o freio,Tombamento,Com Vítimas Feridas,Plena Noite,Crescente,Nublado,Simples,Curva;Declive,Não,1,0,0,1,0,0,1,1,-27.677973,-49.215893,SPRF-SC,DEL01-SC,UOP03-DEL01-SC,2021
"394759,0",2021-11-09,terça-feira,11:42:00,SC,470,"111,3",APIUNA,Condutor usando celular,Colisão lateral sentido oposto,Com Vítimas Feridas,Pleno dia,Decrescente,Sol,Simples,Curva,Sim,3,0,2,0,0,1,2,3,-27.095388,-49.457878,SPRF-SC,DEL04-SC,UOP02-DEL04-SC,2021
"394772,0",2021-11-09,terça-feira,13:55:00,SC,101,"213,5",PALHOCA,Ausência de reação do condutor,Colisão traseira,Com Vítimas Feridas,Pleno dia,Decrescente,Nublado,Dupla,Reta,Sim,2,0,1,0,1,0,1,2,-27.63697369,-48.66514142,SPRF-SC,DEL01-SC,UOP02-DEL01-SC,2021
"394782,0",2021-11-09,terça-feira,14:30:00,SC,101,"133,0",BALNEARIO CAMBORIU,Manobra de mudança de faixa,Colisão lateral mesmo sentido,Com Vítimas Feridas,Pleno dia,Decrescente,Nublado,Dupla,Reta,Sim,3,0,1,0,2,0,1,2,-26.99936,-48.64609,SPRF-SC,DEL04-SC,UOP03-DEL04-SC,2021
"394786,0",2021-11-09,terça-feira,15:30:00,SC,470,"196,0",PONTE ALTA,Condutor deixou de manter distância do veículo da frente,Engavetamento,Com Vítimas Feridas,Pleno dia,Decrescente,Sol,Simples,Reta,Não,4,0,1,0,2,2,1,5,-27.304939,-50.098827,SPRF-SC,DEL04-SC,UOP02-DEL04-SC,2021
"394788,0",2021-10-18,segunda-feira,07:50:00,SC,470,"111,2",APIUNA,Mal súbito do condutor,Colisão lateral sentido oposto,Com Vítimas Fatais,Pleno dia,Decrescente,Nublado,Simples,Curva;Aclive,Não,4,1,0,0,2,1,0,4,-27.09971,-49.461214,SPRF-SC,DEL04-SC,UOP02-DEL04-SC,2021
"394814,0",2021-11-09,terça-feira,17:30:00,SC,470,"141,1",RIO DO SUL,Trafegar com motocicleta (ou similar) entre as faixas,Colisão transversal,Com Vítimas Feridas,Pleno dia,Decrescente,Céu Claro,Simples,Reta,Sim,2,0,1,0,1,0,1,2,-27.226065,-49.666161,SPRF-SC,DEL04-SC,UOP02-DEL04-SC,2021
"394828,0",2021-11-09,terça-feira,06:55:00,SC,116,"144,4",SANTA CECILIA,Mal súbito do condutor,Colisão frontal,Com Vítimas Feridas,Pleno dia,Decrescente,Sol,Simples,Curva,Não,3,0,1,0,1,1,1,3,-26.99253076,-50.39583206,SPRF-SC,DEL06-SC,UOP02-DEL06-SC,2021
"394855,0",2021-11-09,terça-feira,19:40:00,SC,280,"240,6",CANOINHAS,Ingestão de álcool pelo condutor,Colisão frontal,Sem Vítimas,Anoitecer,Decrescente,Nublado,Simples,Reta,Não,4,0,0,0,2,2,0,4,-26.2173631,-50.45390288,SPRF-SC,DEL06-SC,UOP04-DEL06-SC,2021
"394865,0",2021-11-10,quarta-feira,00:05:00,SC,470,"118,5",IBIRAMA,Velocidade Incompatível,Tombamento,Com Vítimas Feridas,Plena Noite,Decrescente,Céu Claro,Simples,Reta,Sim,2,0,1,0,0,1,1,2,-27.082176,-49.511818,SPRF-SC,DEL04-SC,UOP02-DEL04-SC,2021
"394910,0",2021-11-10,quarta-feira,07:20:00,SC,470,"282,2",BRUNOPOLIS,Velocidade Incompatível,Saída de leito carroçável,Com Vítimas Feridas,Pleno dia,Decrescente,Céu Claro,Simples,Curva,Não,2,0,0,1,0,1,1,2,-27.33414,-50.883663,SPRF-SC,DEL07-SC,UOP06-DEL07-SC,2021
"394943,0",2021-11-10,quarta-feira,14:45:00,SC,116,"247,0",LAGES,Acessar a via sem observar a presença dos outros veículos,Colisão transversal,Com Vítimas Feridas,Pleno dia,Crescente,Céu Claro,Simples,Reta,Sim,3,0,1,0,1,1,1,3,-27.81262488,-50.36859817,SPRF-SC,DEL05-SC,UOP02-DEL05-SC,2021
"394977,0",2021-11-10,quarta-feira,16:20:00,SC,101,"77,0",ARAQUARI,Sinalização mal posicionada,Colisão traseira,Com Vítimas Feridas,Pleno dia,Crescente,Nublado,Múltipla,Curva,Não,2,0,1,0,1,0,1,2,-26.56833103,-48.72029393,SPRF-SC,DEL03-SC,UOP02-DEL03-SC,2021
"395018,0",2021-11-10,quarta-feira,11:40:00,SC,470,"80,0",RODEIO,Ausência de reação do condutor,Colisão traseira,Com Vítimas Feridas,Pleno dia,Crescente,Céu Claro,Simples,Reta,Sim,3,0,0,1,2,0,1,2,-26.948805,-49.316097,SPRF-SC,DEL04-SC,UOP01-DEL04-SC,2021
"395039,0",2021-11-11,quinta-feira,00:00:00,SC,282,"460,0",PONTE SERRADA,Pedestre andava na pista,Atropelamento de Pedestre,Com Vítimas Feridas,Plena Noite,Crescente,Céu Claro,Simples,Reta,Sim,3,0,1,0,1,1,1,3,-26.856062,-52.03215,SPRF-SC,DEL07-SC,UOP04-DEL07-SC,2021
"395045,0",2021-11-11,quinta-feira,04:10:00,SC,101,"119,0",ITAJAI,Reação tardia ou ineficiente do condutor,Colisão traseira,Com Vítimas Feridas,Plena Noite,Decrescente,Céu Claro,Múltipla,Reta,Sim,3,0,1,0,1,1,1,3,-26.9043179,-48.71555481,SPRF-SC,DEL04-SC,UOP04-DEL04-SC,2021
"395087,0",2021-11-11,quinta-feira,09:30:00,SC,101,"266,9",IMBITUBA,Reação tardia ou ineficiente do condutor,Colisão lateral mesmo sentido,Com Vítimas Feridas,Pleno dia,Crescente,Céu Claro,Múltipla,Reta,Sim,3,0,1,0,1,2,1,4,-28.06847808,-48.71463931,SPRF-SC,DEL02-SC,UOP03-DEL02-SC,2021
"395094,0",2021-11-11,quinta-feira,09:45:00,SC,470,"62,9",INDAIAL,Conversão proibida,Colisão traseira,Com Vítimas Feridas,Pleno dia,Crescente,Nublado,Simples,Declive;Reta,Sim,3,0,0,1,2,0,1,3,-26.87208566,-49.19369817,SPRF-SC,DEL04-SC,UOP01-DEL04-SC,2021
"395131,0",2021-11-11,quinta-feira,14:45:00,SC,101,"120,6",ITAJAI,Condutor deixou de manter distância do veículo da frente,Colisão traseira,Com Vítimas Feridas,Pleno dia,Decrescente,Céu Claro,Múltipla,Reta,Sim,3,0,0,1,1,2,1,4,-26.912758,-48.711998,SPRF-SC,DEL04-SC,UOP04-DEL04-SC,2021
"395141,0",2021-11-11,quinta-feira,12:30:00,SC,116,"7,0",MAFRA,Acessar a via sem observar a presença dos outros veículos,Colisão transversal,Com Vítimas Feridas,Pleno dia,Decrescente,Céu Claro,Simples,Reta,Sim,4,0,3,0,1,0,3,2,-26.15196176,-49.83102416,SPRF-SC,DEL06-SC,UOP01-DEL06-SC,2021
"395214,0",2021-11-11,quinta-feira,14:35:00,SC,101,"116,0",ITAJAI,Demais falhas mecânicas ou elétricas,Colisão traseira,Com Vítimas Feridas,Pleno dia,Decrescente,Nublado,Múltipla,Reta,Sim,2,0,1,0,1,0,1,2,-26.87905605,-48.72603512,SPRF-SC,DEL04-SC,UOP04-DEL04-SC,2021
"395229,0",2021-11-12,sexta-feira,04:45:00,SC,282,"19,2",SANTO AMARO DA IMPERATRIZ,Velocidade Incompatível,Colisão lateral sentido oposto,Sem Vítimas,Plena Noite,Crescente,Céu Claro,Simples,Curva,Sim,3,0,0,0,2,1,0,3,-27.678635,-48.70192,SPRF-SC,DEL01-SC,UOP02-DEL01-SC,2021
"395379,0",2021-11-12,sexta-feira,17:35:00,SC,280,"128,0",RIO NEGRINHO,Ausência de reação do condutor,Colisão traseira,Com Vítimas Feridas,Pleno dia,Decrescente,Garoa/Chuvisco,Simples,Curva,Sim,3,0,1,0,2,0,1,3,-26.24317941,-49.51320018,SPRF-SC,DEL06-SC,UOP03-DEL06-SC,2021
"395507,0",2021-11-13,sábado,06:50:00,SC,101,"87,4",BARRA VELHA,Conversão proibida,Colisão com objeto,Com Vítimas Feridas,Amanhecer,Crescente,Garoa/Chuvisco,Dupla,Curva,Sim,4,0,2,0,2,0,2,3,-26.65114092,-48.68728638,SPRF-SC,DEL03-SC,UOP02-DEL03-SC,2021
"395548,0",2021-11-13,sábado,08:50:00,SC,470,"122,4",IBIRAMA,Demais falhas mecânicas ou elétricas,Colisão lateral sentido oposto,Com Vítimas Feridas,Pleno dia,Decrescente,Chuva,Simples,Curva,Sim,3,0,3,0,0,0,3,2,-27.099888,-49.527679,SPRF-SC,DEL04-SC,UOP02-DEL04-SC,2021
"395571,0",2021-11-13,sábado,12:30:00,SC,101,"213,0",PALHOCA,Ausência de reação do condutor,Colisão lateral mesmo sentido,Sem Vítimas,Pleno dia,Crescente,Nublado,Múltipla,Reta,Sim,2,0,0,0,2,0,0,2,-27.63697369,-48.66514142,SPRF-SC,DEL01-SC,UOP02-DEL01-SC,2021
"395608,0",2021-11-13,sábado,14:45:00,SC,101,"16,9",GARUVA,Reação tardia ou ineficiente do condutor,Colisão lateral mesmo sentido,Com Vítimas Feridas,Pleno dia,Decrescente,Nublado,Dupla,Reta,Não,5,0,2,0,2,3,2,6,-26.11427473,-48.87647034,SPRF-SC,DEL03-SC,UOP01-DEL03-SC,2021