id,data_inversa,dia_semana,horario,uf,br,km,municipio,causa_acidente,tipo_acidente,classificacao_acidente,fase_dia,sentido_via,condicao_metereologica,tipo_pista,tracado_via,uso_solo,pessoas,mortos,feridos_leves,feridos_graves,ilesos,ignorados,feridos,veiculos,latitude,longitude,regional,delegacia,uop,ano_arquivo
"395636,0",2021-11-13,sábado,17:20:00,SC,101,"22,0",JOINVILLE,Condutor deixou de manter distância do veículo da frente,Colisão traseira,Com Vítimas Feridas,Pleno dia,Decrescente,Garoa/Chuvisco,Dupla,Aclive,Não,3,0,1,0,1,1,1,3,-26.15679993,-48.90786269,SPRF-SC,DEL03-SC,UOP01-DEL03-SC,2021
"395667,0",2021-11-13,sábado,20:40:00,SC,101,"230,0",PALHOCA,Ausência de reação do condutor,Colisão lateral mesmo sentido,Com Vítimas Feridas,Plena Noite,Crescente,Nublado,Dupla,Reta,Não,4,0,1,0,2,1,1,3,-27.77781898,-48.63489608,SPRF-SC,DEL01-SC,UOP02-DEL01-SC,2021
"395678,0",2021-11-13,sábado,21:30:00,SC,101,"91,2",BARRA VELHA,Reação tardia ou ineficiente do condutor,Colisão traseira,Com Vítimas Feridas,Plena Noite,Decrescente,Céu Claro,Dupla,Reta,Sim,2,0,1,0,1,0,1,2,-26.67120698,-48.69011814,SPRF-SC,DEL03-SC,UOP02-DEL03-SC,2021
"395681,0",2021-11-13,sábado,22:10:00,SC,116,"177,2",SAO CRISTOVAO DO SUL,Ingestão de álcool pelo condutor,Colisão traseira,Com Vítimas Feridas,Plena Noite,Crescente,Nublado,Simples,Reta,Não,2,0,1,0,1,0,1,2,-27.24853416,-50.45683421,SPRF-SC,DEL05-SC,UOP03-DEL05-SC,2021
"395734,0",2021-11-13,sábado,20:00:00,SC,158,"112,3",CUNHA PORA,Manobra de mudança de faixa,Colisão transversal,Com Vítimas Feridas,Plena Noite,Decrescente,Céu Claro,Simples,Aclive;Curva,Não,4,0,1,0,2,4,1,7,-26.90676315,-53.18721771,SPRF-SC,DEL07-SC,UOP02-DEL07-SC,2021
"395767,0",2021-11-13,sábado,19:20:00,SC,101,"110,0",NAVEGANTES,Ingestão de álcool pelo condutor,Colisão traseira,Sem Vítimas,Plena Noite,Crescente,Nublado,Dupla,Reta,Não,2,0,0,0,2,0,0,2,-26.83477,-48.706151,SPRF-SC,DEL03-SC,UOP02-DEL03-SC,2021
"395892,0",2021-11-14,domingo,22:05:00,SC,101,"143,4",ITAPEMA,Ingestão de álcool pelo condutor,Colisão com objeto,Sem Vítimas,Plena Noite,Crescente,Nublado,Dupla,Reta,Sim,3,0,0,0,2,1,0,3,-27.06436,-48.59599405,SPRF-SC,DEL04-SC,UOP03-DEL04-SC,2021
"396002,0",2021-11-15,segunda-feira,11:55:00,SC,153,"58,6",IRANI,Desrespeitar a preferência no cruzamento,Colisão transversal,Com Vítimas Feridas,Pleno dia,Decrescente,Sol,Simples,Interseção de Vias,Não,4,0,2,0,1,1,2,3,-26.96958418,-51.85391307,SPRF-SC,DEL07-SC,UOP05-DEL07-SC,2021
"396018,0",2021-11-15,segunda-feira,14:00:00,SC,280,"124,0",RIO NEGRINHO,Condutor deixou de manter distância do veículo da frente,Colisão traseira,Com Vítimas Feridas,Pleno dia,Crescente,Sol,Simples,Reta,Sim,2,0,1,0,1,0,1,2,-26.24130297,-49.47514499,SPRF-SC,DEL06-SC,UOP03-DEL06-SC,2021
"396042,0",2021-11-15,segunda-feira,17:35:00,SC,101,"87,3",BARRA VELHA,Condutor deixou de manter distância do veículo da frente,Colisão traseira,Sem Vítimas,Pleno dia,Decrescente,Nublado,Dupla,Curva,Sim,3,0,0,0,2,1,0,3,-26.64262562,-48.68926048,SPRF-SC,DEL03-SC,UOP02-DEL03-SC,2021
"396119,0",2021-10-01,sexta-feira,19:00:00,SC,101,"204,9",SAO JOSE,Trafegar com motocicleta (ou similar) entre as faixas,Colisão traseira,Com Vítimas Feridas,Anoitecer,Crescente,Céu Claro,Múltipla,Reta,Sim,3,0,0,1,1,1,1,3,-27.58244689,-48.61506522,SPRF-SC,DEL01-SC,UOP01-DEL01-SC,2021
"396154,0",2021-11-16,terça-feira,08:45:00,SC,470,"54,0",BLUMENAU,Acessar a via sem observar a presença dos outros veículos,Colisão transversal,Sem Vítimas,Pleno dia,Crescente,Céu Claro,Dupla,Interseção de Vias,Sim,3,0,0,0,2,1,0,3,-26.871065,-49.110374,SPRF-SC,DEL04-SC,UOP01-DEL04-SC,2021
"396168,0",2021-11-16,terça-feira,05:20:00,SC,280,"233,1",CANOINHAS,Manobra de mudança de faixa,Colisão lateral sentido oposto,Com Vítimas Feridas,Amanhecer,Decrescente,Céu Claro,Simples,Declive;Curva,Não,3,0,1,1,0,1,2,3,-26.19131465,-50.39086461,SPRF-SC,DEL06-SC,UOP04-DEL06-SC,2021
"396186,0",2021-11-16,terça-feira,11:50:00,SC,101,"198,7",BIGUACU,Manobra de mudança de faixa,Colisão lateral mesmo sentido,Com Vítimas Feridas,Pleno dia,Decrescente,Céu Claro,Múltipla,Reta,Sim,4,0,2,0,1,1,2,3,-27.5325152,-48.63119602,SPRF-SC,DEL01-SC,UOP01-DEL01-SC,2021
"396236,0",2021-11-16,terça-feira,16:50:00,SC,101,"232,8",PALHOCA,Condutor deixou de manter distância do veículo da frente,Colisão traseira,Com Vítimas Feridas,Pleno dia,Crescente,Céu Claro,Dupla,Declive,Não,2,0,1,0,1,0,1,2,-27.795666,-48.638153,SPRF-SC,DEL01-SC,UOP02-DEL01-SC,2021
"396286,0",2021-11-16,terça-feira,21:45:00,SC,282,"211,0",LAGES,Demais falhas mecânicas ou elétricas,Incêndio,Sem Vítimas,Plena Noite,Decrescente,Céu Claro,Simples,Reta,Não,1,0,0,0,1,0,0,1,-27.780222,-50.241741,SPRF-SC,DEL05-SC,UOP01-DEL05-SC,2021
"396293,0",2021-11-16,terça-feira,20:00:00,SC,153,"97,2",CONCORDIA,Ingestão de substâncias psicoativas pelo condutor,Colisão lateral sentido oposto,Sem Vítimas,Plena Noite,Decrescente,Nublado,Simples,Em Obras,Não,3,0,0,0,2,2,0,4,-27.220152,-51.948879,SPRF-SC,DEL07-SC,UOP04-DEL07-SC,2021
"396307,0",2021-11-16,terça-feira,23:50:00,SC,116,"130,1",SANTA CECILIA,Velocidade Incompatível,Colisão traseira,Com Vítimas Fatais,Plena Noite,Crescente,Céu Claro,Simples,Reta,Não,3,1,0,0,1,1,0,3,-26.88971,-50.43386,SPRF-SC,DEL06-SC,UOP02-DEL06-SC,2021
"396315,0",2021-11-17,quarta-feira,07:00:00,SC,101,"121,0",ITAJAI,Condutor deixou de manter distância do veículo da frente,Colisão traseira,Com Vítimas Feridas,Pleno dia,Crescente,Céu Claro,Simples,Viaduto,Não,2,0,1,0,1,0,1,2,-26.92103178,-48.70856446,SPRF-SC,DEL04-SC,UOP04-DEL04-SC,2021
"396320,0",2021-11-17,quarta-feira,06:25:00,SC,101,"214,0",PALHOCA,Acessar a via sem observar a presença dos outros veículos,Colisão traseira,Com Vítimas Feridas,Amanhecer,Decrescente,Nublado,Dupla,Reta,Sim,2,0,1,0,1,0,1,2,-27.64443,-48.67057,SPRF-SC,DEL01-SC,UOP02-DEL01-SC,2021
"396329,0",2021-11-17,quarta-feira,08:15:00,SC,101,"217,0",PALHOCA,Reação tardia ou ineficiente do condutor,Colisão transversal,Com Vítimas Feridas,Pleno dia,Crescente,Céu Claro,Múltipla,Reta,Sim,2,0,0,1,1,0,1,2,-27.66779034,-48.67393586,SPRF-SC,DEL01-SC,UOP02-DEL01-SC,2021
"396440,0",2021-11-17,quarta-feira,18:30:00,SC,101,"106,7",PENHA,Acessar a via sem observar a presença dos outros veículos,Colisão traseira,Com Vítimas Feridas,Plena Noite,Decrescente,Nublado,Dupla,Reta,Não,3,0,0,2,1,0,2,2,-26.81487901,-48.6831665,SPRF-SC,DEL03-SC,UOP02-DEL03-SC,2021
"396471,0",2021-11-18,quinta-feira,05:40:00,SC,470,"133,6",RIO DO SUL,Pedestre cruzava a pista fora da faixa,Atropelamento de Pedestre,Com Vítimas Fatais,Pleno dia,Decrescente,Garoa/Chuvisco,Simples,Interseção de Vias,Sim,3,1,0,0,1,1,0,3,-27.17257494,-49.58314419,SPRF-SC,DEL04-SC,UOP02-DEL04-SC,2021
"396491,0",2021-11-18,quinta-feira,08:40:00,SC,282,"213,7",LAGES,Mal súbito do condutor,Colisão lateral sentido oposto,Com Vítimas Feridas,Pleno dia,Crescente,Chuva,Simples,Aclive;Reta,Não,4,0,1,0,2,1,1,4,-27.78585935,-50.26373863,SPRF-SC,DEL05-SC,UOP01-DEL05-SC,2021
"396516,0",2021-11-18,quinta-feira,12:00:00,SC,101,"337,3",TUBARAO,Restrição de visibilidade em curvas verticais,Colisão lateral mesmo sentido,Com Vítimas Feridas,Pleno dia,Crescente,Chuva,Dupla,Curva;Aclive,Não,3,0,1,0,1,1,1,3,-28.47801624,-49.03246283,SPRF-SC,DEL02-SC,UOP01-DEL02-SC,2021
"396570,0",2021-11-18,quinta-feira,17:10:00,SC,101,"206,8",SAO JOSE,Reação tardia ou ineficiente do condutor,Colisão lateral mesmo sentido,Com Vítimas Feridas,Pleno dia,Crescente,Nublado,Múltipla,Reta,Sim,5,0,2,0,2,1,2,4,-27.59763674,-48.620435,SPRF-SC,DEL01-SC,UOP01-DEL01-SC,2021
"396574,0",2021-11-18,quinta-feira,18:00:00,SC,101,"151,0",ITAPEMA,Velocidade Incompatível,Colisão traseira,Com Vítimas Feridas,Pleno dia,Decrescente,Céu Claro,Dupla,Reta,Sim,5,0,1,0,4,0,1,4,-27.126536,-48.609642,SPRF-SC,DEL04-SC,UOP03-DEL04-SC,2021
"396635,0",2021-11-19,sexta-feira,02:25:00,SC,282,"377,0",HERVAL DOESTE,Transitar na contramão,Colisão lateral sentido oposto,Sem Vítimas,Plena Noite,Crescente,Chuva,Simples,Curva,Não,2,0,0,0,1,1,0,2,-27.216974,-51.470055,SPRF-SC,DEL07-SC,UOP05-DEL07-SC,2021
"396650,0",2021-11-19,sexta-feira,07:00:00,SC,101,"400,9",MARACAJA,Ausência de reação do condutor,Colisão traseira,Com Vítimas Feridas,Amanhecer,Decrescente,Garoa/Chuvisco,Múltipla,Reta,Sim,5,0,3,0,1,1,3,4,-28.87077726,-49.45163012,SPRF-SC,DEL02-SC,UOP02-DEL02-SC,2021
"396664,0",2021-11-19,sexta-feira,09:00:00,SC,101,"163,0",TIJUCAS,Ausência de reação do condutor,Colisão com objeto,Com Vítimas Feridas,Pleno dia,Crescente,Nublado,Múltipla,Reta,Não,3,0,1,0,1,2,1,4,-27.23461699,-48.63039809,SPRF-SC,DEL04-SC,UOP03-DEL04-SC,2021
"396676,0",2021-11-19,sexta-feira,10:40:00,SC,101,"80,0",BARRA VELHA,Acesso irregular,Colisão transversal,Com Vítimas Feridas,Pleno dia,Crescente,Sol,Dupla,Reta,Não,3,0,1,0,1,1,1,3,-26.59441996,-48.72183309,SPRF-SC,DEL03-SC,UOP02-DEL03-SC,2021
"396687,0",2021-11-18,quinta-feira,07:50:00,SC,470,"115,7",APIUNA,Acessar a via sem observar a presença dos outros veículos,Colisão transversal,Com Vítimas Feridas,Pleno dia,Decrescente,Chuva,Simples,Reta,Sim,3,0,0,1,1,1,1,3,-27.080416,-49.485348,SPRF-SC,DEL04-SC,UOP02-DEL04-SC,2021
"396733,0",2021-11-19,sexta-feira,15:20:00,SC,470,"100,5",APIUNA,Ultrapassagem Indevida,Colisão lateral mesmo sentido,Com Vítimas Feridas,Pleno dia,Decrescente,Céu Claro,Simples,Reta,Sim,5,0,0,1,3,1,1,4,-27.045143,-49.394142,SPRF-SC,DEL04-SC,UOP02-DEL04-SC,2021
"396751,0",2021-05-31,segunda-feira,21:40:00,SC,280,"152,1",MAFRA,Reação tardia ou ineficiente do condutor,Colisão com objeto,Com Vítimas Fatais,Plena Noite,Crescente,Nevoeiro/Neblina,Simples,Ponte,Não,1,1,0,0,0,0,0,1,-26.21551505,-49.71605301,SPRF-SC,DEL06-SC,UOP03-DEL06-SC,2021
"396818,0",2021-11-20,sábado,00:00:00,SC,163,"79,0",SAO MIGUEL DO OESTE,Ingestão de álcool pelo condutor,Colisão frontal,Com Vítimas Feridas,Plena Noite,Decrescente,Céu Claro,Simples,Reta;Em Obras,Não,3,0,2,0,1,0,2,3,-26.65911819,-53.51816757,SPRF-SC,DEL07-SC,UOP03-DEL07-SC,2021
"396821,0",2021-11-20,sábado,01:40:00,SC,101,"202,0",SAO JOSE,Ingestão de álcool pelo condutor,Colisão traseira,Sem Vítimas,Plena Noite,Crescente,Céu Claro,Dupla,Reta,Sim,2,0,0,0,1,1,0,2,-27.55711595,-48.61897889,SPRF-SC,DEL01-SC,UOP01-DEL01-SC,2021
"396822,0",2021-11-20,sábado,01:00:00,SC,470,"302,0",CAMPOS NOVOS,Objeto estático sobre o leito carroçável,Saída de leito carroçável,Com Vítimas Feridas,Plena Noite,Crescente,Céu Claro,Simples,Curva,Não,1,0,1,0,0,0,1,1,-27.37512099,-51.06273651,SPRF-SC,DEL07-SC,UOP06-DEL07-SC,2021
"396893,0",2021-11-20,sábado,10:35:00,SC,101,"188,0",BIGUACU,Manobra de mudança de faixa,Colisão traseira,Com Vítimas Feridas,Pleno dia,Crescente,Sol,Múltipla,Reta,Sim,3,0,1,0,1,1,1,3,-27.45123421,-48.63370766,SPRF-SC,DEL01-SC,UOP01-DEL01-SC,2021
"396976,0",2021-11-20,sábado,18:15:00,SC,101,"158,9",PORTO BELO,Acessar a via sem observar a presença dos outros veículos,Colisão transversal,Com Vítimas Feridas,Pleno dia,Decrescente,Céu Claro,Dupla,Reta,Não,2,0,1,0,1,0,1,2,-27.19096301,-48.61259017,SPRF-SC,DEL04-SC,UOP03-DEL04-SC,2021
"397012,0",2021-11-20,sábado,20:30:00,SC,101,"435,1",SOMBRIO,Pedestre cruzava a pista fora da faixa,Atropelamento de Pedestre,Com Vítimas Feridas,Plena Noite,Decrescente,Céu Claro,Dupla,Reta,Sim,5,0,0,1,3,1,1,3,-29.09949414,-49.63480552,SPRF-SC,DEL02-SC,UOP02-DEL02-SC,2021
"397141,0",2021-11-19,sexta-feira,12:28:00,SC,470,"56,0",BLUMENAU,Ultrapassagem Indevida,Colisão transversal,Com Vítimas Feridas,Pleno dia,Crescente,Céu Claro,Simples,Interseção de Vias,Sim,3,0,1,0,2,0,1,3,-26.87674,-49.127743,SPRF-SC,DEL04-SC,UOP01-DEL04-SC,2021
"397188,0",2021-11-21,domingo,18:03:00,SC,101,"33,4",JOINVILLE,Velocidade Incompatível,Tombamento,Com Vítimas Feridas,Anoitecer,Decrescente,Céu Claro,Dupla,Interseção de Vias,Sim,2,0,1,0,0,1,1,2,-26.2564633,-48.90386939,SPRF-SC,DEL03-SC,UOP01-DEL03-SC,2021
"397200,0",2021-11-21,domingo,16:50:00,SC,101,"106,9",PENHA,Trafegar com motocicleta (ou similar) entre as faixas,Colisão traseira,Com Vítimas Feridas,Anoitecer,Crescente,Sol,Dupla,Curva,Não,5,0,0,2,2,1,2,4,-26.81938702,-48.68403219,SPRF-SC,DEL03-SC,UOP02-DEL03-SC,2021
"397298,0",2021-11-22,segunda-feira,08:20:00,SC,101,"179,5",GOVERNADOR CELSO RAMOS,Acessar a via sem observar a presença dos outros veículos,Colisão lateral sentido oposto,Com Vítimas Feridas,Pleno dia,Decrescente,Sol,Múltipla,Interseção de Vias;Reta,Sim,2,0,0,1,1,0,1,2,-27.3811238,-48.63090648,SPRF-SC,DEL01-SC,UOP01-DEL01-SC,2021
"397315,0",2021-11-16,terça-feira,18:00:00,SC,470,"120,5",IBIRAMA,Mal súbito do condutor,Saída de leito carroçável,Sem Vítimas,Anoitecer,Decrescente,Céu Claro,Simples,Curva,Não,1,0,0,0,1,0,0,1,-27.09235595,-49.52138901,SPRF-SC,DEL04-SC,UOP02-DEL04-SC,2021
"397492,0",2021-11-23,terça-feira,13:42:00,SC,470,"175,0",POUSO REDONDO,Reação tardia ou ineficiente do condutor,Colisão transversal,Com Vítimas Feridas,Pleno dia,Crescente,Céu Claro,Simples,Reta,Sim,4,0,1,0,2,1,1,4,-27.25617,-49.938969,SPRF-SC,DEL04-SC,UOP02-DEL04-SC,2021
"397560,0",2021-11-23,terça-feira,20:00:00,SC,116,"221,4",CORREIA PINTO,Ausência de reação do condutor,Colisão transversal,Com Vítimas Feridas,Plena Noite,Crescente,Céu Claro,Simples,Reta,Sim,2,0,1,0,1,0,1,2,-27.5953044,-50.358629,SPRF-SC,DEL05-SC,UOP03-DEL05-SC,2021
"397638,0",2021-11-24,quarta-feira,11:10:00,SC,101,"206,8",SAO JOSE,Manobra de mudança de faixa,Colisão lateral mesmo sentido,Sem Vítimas,Pleno dia,Crescente,Céu Claro,Múltipla,Reta,Não,4,0,0,0,1,3,0,4,-27.59193546,-48.61824557,SPRF-SC,DEL01-SC,UOP01-DEL01-SC,2021
"397670,0",2021-11-12,sexta-feira,12:15:00,SC,101,"97,7",BALNEARIO PICARRAS,Condutor deixou de manter distância do veículo da frente,Colisão traseira,Com Vítimas Feridas,Pleno dia,Crescente,Garoa/Chuvisco,Dupla,Reta,Não,3,0,0,1,1,1,1,3,-26.72823703,-48.70224928,SPRF-SC,DEL03-SC,UOP02-DEL03-SC,2021
"397678,0",2021-11-24,quarta-feira,10:40:00,SC,480,"128,8",CHAPECO,Condutor usando celular,Tombamento,Com Vítimas Feridas,Pleno dia,Crescente,Sol,Dupla,Curva,Sim,1,0,1,0,0,0,1,1,-27.03781899,-52.63432603,SPRF-SC,DEL07-SC,UOP01-DEL07-SC,2021
"397696,0",2021-11-24,quarta-feira,18:07:00,SC,101,"34,7",JOINVILLE,Entrada inopinada do pedestre,Atropelamento de Pedestre,Com Vítimas Feridas,Anoitecer,Crescente,Nublado,Dupla,Reta,Não,4,0,2,0,1,1,2,4,-26.23667403,-48.91486706,SPRF-SC,DEL03-SC,UOP01-DEL03-SC,2021
"397735,0",2021-11-24,quarta-feira,15:10:00,SC,116,"70,3",MONTE CASTELO,Acessar a via sem observar a presença dos outros veículos,Colisão lateral mesmo sentido,Com Vítimas Feridas,Pleno dia,Decrescente,Céu Claro,Simples,Curva,Não,2,0,0,1,1,0,1,2,-26.46909494,-50.23134921,SPRF-SC,DEL06-SC,UOP02-DEL06-SC,2021
"397759,0",2021-11-24,quarta-feira,23:25:00,SC,282,"72,4",SAO MIGUEL DO OESTE,Reação tardia ou ineficiente do condutor,Saída de leito carroçável,Sem Vítimas,Plena Noite,Crescente,Céu Claro,Dupla,Reta,Sim,1,0,0,0,1,0,0,1,-26.71582875,-53.51681828,SPRF-SC,DEL01-SC,UOP03-DEL01-SC,2021
"397790,0",2021-11-25,quinta-feira,08:00:00,SC,101,"208,0",SAO JOSE,Condutor deixou de manter distância do veículo da frente,Colisão traseira,Com Vítimas Feridas,Pleno dia,Decrescente,Céu Claro,Dupla,Reta,Não,4,0,1,0,1,2,1,4,-27.60327979,-48.63201818,SPRF-SC,DEL01-SC,UOP01-DEL01-SC,2021
"397890,0",2021-11-25,quinta-feira,17:10:00,SC,470,"236,0",SAO CRISTOVAO DO SUL,Velocidade Incompatível,Saída de leito carroçável,Com Vítimas Fatais,Pleno dia,Decrescente,Chuva,Simples,Reta,Não,3,1,0,0,1,3,0,5,-27.30311549,-50.45254653,SPRF-SC,DEL05-SC,UOP03-DEL05-SC,2021
"397925,0",2021-11-26,sexta-feira,01:10:00,SC,101,"34,0",JOINVILLE,Chuva,Atropelamento de Pedestre,Com Vítimas Feridas,Plena Noite,Crescente,Garoa/Chuvisco,Dupla,Reta,Não,2,0,0,1,1,0,1,2,-26.23667403,-48.91486706,SPRF-SC,DEL03-SC,UOP01-DEL03-SC,2021
"398006,0",2021-11-26,sexta-feira,12:00:00,SC,101,"197,0",BIGUACU,Manobra de mudança de faixa,Colisão lateral mesmo sentido,Com Vítimas Feridas,Pleno dia,Crescente,Nublado,Múltipla,Reta,Sim,4,0,1,0,2,1,1,4,-27.52658712,-48.63506019,SPRF-SC,DEL01-SC,UOP01-DEL01-SC,2021
"398015,0",2021-11-26,sexta-feira,11:55:00,SC,282,"501,0",XANXERE,Condutor deixou de manter distância do veículo da frente,Colisão traseira,Com Vítimas Feridas,Pleno dia,Decrescente,Céu Claro,Dupla,Curva,Sim,2,0,1,0,1,0,1,2,-26.882715,-52.381729,SPRF-SC,DEL07-SC,UOP01-DEL07-SC,2021
"398065,0",2021-11-26,sexta-feira,14:50:00,SC,101,"298,0",LAGUNA,Mal súbito do condutor,Colisão traseira,Com Vítimas Feridas,Pleno dia,Crescente,Céu Claro,Dupla,Reta,Sim,3,0,1,0,1,1,1,3,-28.32102597,-48.72829906,SPRF-SC,DEL02-SC,UOP03-DEL02-SC,2021
"398099,0",2021-11-26,sexta-feira,19:20:00,SC,101,"116,1",ITAJAI,Trafegar com motocicleta (ou similar) entre as faixas,Colisão traseira,Com Vítimas Fatais,Plena Noite,Decrescente,Céu Claro,Múltipla,Reta,Sim,5,1,0,0,1,3,0,4,-26.87905605,-48.72603512,SPRF-SC,DEL04-SC,UOP04-DEL04-SC,2021
"398113,0",2021-11-02,terça-feira,18:30:00,SC,101,"49,3",JOINVILLE,Manobra de mudança de faixa,Colisão lateral mesmo sentido,Com Vítimas Feridas,Plena Noite,Decrescente,Nublado,Dupla,Reta,Não,2,0,1,0,1,0,1,2,-26.38507566,-48.84885192,SPRF-SC,DEL03-SC,UOP01-DEL03-SC,2021
"398119,0",2021-11-26,sexta-feira,22:55:00,SC,101,"359,0",SANGAO,Velocidade Incompatível,Colisão traseira,Com Vítimas Feridas,Plena Noite,Crescente,Nublado,Simples,Reta,Não,5,0,2,0,2,1,2,3,-28.65057609,-49.10516385,SPRF-SC,DEL02-SC,UOP01-DEL02-SC,2021
"398149,0",2021-11-27,sábado,05:10:00,SC,101,"199,0",SAO JOSE,Velocidade Incompatível,Colisão com objeto,Sem Vítimas,Amanhecer,Decrescente,Nublado,Dupla,Curva,Sim,2,0,0,0,1,1,0,2,-27.53413705,-48.63003205,SPRF-SC,DEL01-SC,UOP01-DEL01-SC,2021
"398296,0",2021-11-27,sábado,19:30:00,SC,101,"169,0",TIJUCAS,Ausência de reação do condutor,Saída de leito carroçável,Sem Vítimas,Plena Noite,Crescente,Céu Claro,Dupla,Reta,Sim,1,0,0,0,1,0,0,1,-27.28790602,-48.63095745,SPRF-SC,DEL04-SC,UOP03-DEL04-SC,2021
"398308,0",2021-11-27,sábado,19:45:00,SC,101,"111,3",NAVEGANTES,Condutor deixou de manter distância do veículo da frente,Colisão traseira,Com Vítimas Feridas,Plena Noite,Crescente,Garoa/Chuvisco,Dupla,Reta,Não,3,0,1,0,1,1,1,3,-26.83955734,-48.71418074,SPRF-SC,DEL04-SC,UOP04-DEL04-SC,2021
"398393,0",2021-11-28,domingo,03:00:00,SC,101,"222,2",PALHOCA,Pedestre andava na pista,Atropelamento de Pedestre,Com Vítimas Fatais,Plena Noite,Crescente,Céu Claro,Dupla,Reta;Aclive,Não,4,1,0,0,3,0,0,3,-27.71120954,-48.65251923,SPRF-SC,DEL01-SC,UOP02-DEL01-SC,2021
"398448,0",2021-11-28,domingo,10:00:00,SC,101,"12,4",GARUVA,Demais falhas mecânicas ou elétricas,Incêndio,Sem Vítimas,Pleno dia,Crescente,Nublado,Dupla,Reta;Aclive,Não,2,0,0,0,1,2,0,3,-26.08104399,-48.86175612,SPRF-SC,DEL03-SC,UOP01-DEL03-SC,2021
"398476,0",2021-11-28,domingo,14:05:00,SC,116,"57,9",PAPANDUVA,Acessar a via sem observar a presença dos outros veículos,Colisão transversal,Com Vítimas Feridas,Pleno dia,Decrescente,Céu Claro,Simples,Interseção de Vias,Não,4,0,1,0,2,1,1,3,-26.37756818,-50.19634008,SPRF-SC,DEL06-SC,UOP02-DEL06-SC,2021
"398513,0",2021-11-28,domingo,18:15:00,SC,101,"225,0",PALHOCA,Manobra de mudança de faixa,Colisão traseira,Com Vítimas Feridas,Plena Noite,Decrescente,Nublado,Dupla,Reta,Sim,2,0,1,0,1,0,1,2,-27.73292191,-48.6409567,SPRF-SC,DEL01-SC,UOP02-DEL01-SC,2021
"398526,0",2021-11-28,domingo,15:45:00,SC,163,"99,4",SAO JOSE DO CEDRO,Demais falhas mecânicas ou elétricas,Tombamento,Sem Vítimas,Pleno dia,Decrescente,Nublado,Simples,Declive;Em Obras;Curva,Não,2,0,0,0,1,1,0,2,-26.4880895,-53.50466251,SPRF-SC,DEL07-SC,UOP03-DEL07-SC,2021
"398531,0",2021-11-28,domingo,15:40:00,SC,101,"104,0",BALNEARIO PICARRAS,Ingestão de álcool pelo condutor,Colisão com objeto,Com Vítimas Feridas,Pleno dia,Decrescente,Céu Claro,Dupla,Reta,Não,1,0,0,1,0,0,1,1,-26.79281742,-48.68080819,SPRF-SC,DEL03-SC,UOP02-DEL03-SC,2021
"398557,0",2021-11-28,domingo,19:50:00,SC,470,"324,6",CAMPOS NOVOS,Manobra de mudança de faixa,Colisão transversal,Com Vítimas Feridas,Plena Noite,Decrescente,Céu Claro,Simples,Reta,Não,4,0,0,1,2,1,1,3,-27.446829,-51.24725,SPRF-SC,DEL07-SC,UOP06-DEL07-SC,2021
"398683,0",2021-11-28,domingo,06:20:00,SC,470,"170,0",POUSO REDONDO,Reação tardia ou ineficiente do condutor,Capotamento,Com Vítimas Feridas,Pleno dia,Crescente,Céu Claro,Simples,Reta,Não,3,0,3,0,0,0,3,1,-27.265903,-49.892441,SPRF-SC,DEL04-SC,UOP02-DEL04-SC,2021
"398763,0",2021-11-29,segunda-feira,22:30:00,SC,470,"248,3",CURITIBANOS,Ingestão de álcool pelo condutor,Colisão frontal,Com Vítimas Feridas,Plena Noite,Crescente,Céu Claro,Simples,Reta,Sim,4,0,1,1,1,1,2,3,-27.314163,-50.550713,SPRF-SC,DEL05-SC,UOP03-DEL05-SC,2021
"398897,0",2021-11-30,terça-feira,18:00:00,SC,470,"141,7",RIO DO SUL,Acessar a via sem observar a presença dos outros veículos,Colisão transversal,Com Vítimas Feridas,Pleno dia,Decrescente,Céu Claro,Simples,Reta,Não,3,0,0,1,1,1,1,3,-27.226065,-49.666161,SPRF-SC,DEL04-SC,UOP02-DEL04-SC,2021
"398980,0",2021-12-01,quarta-feira,08:45:00,SC,101,"119,0",ITAJAI,Trafegar com motocicleta (ou similar) entre as faixas,Colisão lateral mesmo sentido,Com Vítimas Feridas,Pleno dia,Decrescente,Céu Claro,Dupla,Reta,Sim,4,0,0,1,2,1,1,4,-26.9043179,-48.71555481,SPRF-SC,DEL04-SC,UOP04-DEL04-SC,2021
"398987,0",2021-12-01,quarta-feira,09:00:00,SC,101,"210,6",SAO JOSE,Trafegar com motocicleta (ou similar) entre as faixas,Colisão lateral mesmo sentido,Com Vítimas Feridas,Pleno dia,Decrescente,Sol,Múltipla,Reta,Sim,2,0,1,0,1,0,1,2,-27.62214984,-48.6506474,SPRF-SC,DEL01-SC,UOP01-DEL01-SC,2021
"399027,0",2021-12-01,quarta-feira,13:50:00,SC,163,"87,6",GUARACIABA,Condutor deixou de manter distância do veículo da frente,Colisão traseira,Com Vítimas Feridas,Pleno dia,Decrescente,Céu Claro,Simples,Em Obras;Reta;Aclive,Não,4,0,2,0,2,0,2,2,-26.59023103,-53.51574204,SPRF-SC,DEL07-SC,UOP03-DEL07-SC,2021
"399052,0",2021-12-01,quarta-feira,09:15:00,SC,101,"307,2",LAGUNA,Reação tardia ou ineficiente do condutor,Colisão com objeto,Com Vítimas Feridas,Pleno dia,Decrescente,Céu Claro,Simples,Reta,Não,2,0,1,0,1,0,1,1,-28.39199505,-48.77826295,SPRF-SC,DEL02-SC,UOP03-DEL02-SC,2021