id,data_inversa,dia_semana,horario,uf,br,km,municipio,causa_acidente,tipo_acidente,classificacao_acidente,fase_dia,sentido_via,condicao_metereologica,tipo_pista,tracado_via,uso_solo,pessoas,mortos,feridos_leves,feridos_graves,ilesos,ignorados,feridos,veiculos,latitude,longitude,regional,delegacia,uop,ano_arquivo
"336831,0",2021-01-26,terça-feira,20:14:00,SC,282,"464,0",PONTE SERRADA,Ingestão de álcool pelo condutor,Colisão traseira,Com Vítimas Feridas,Pleno dia,Decrescente,Céu Claro,Simples,Reta,Não,2,0,0,1,1,0,1,2,-26.852072,-52.068142,SPRF-SC,DEL07-SC,UOP04-DEL07-SC,2021
"336848,0",2021-01-27,quarta-feira,07:55:00,SC,101,"36,0",JOINVILLE,Condutor deixou de manter distância do veículo da frente,Colisão traseira,Com Vítimas Feridas,Pleno dia,Crescente,Céu Claro,Simples,Reta,Não,3,0,0,1,2,0,1,3,-26.24573198,-48.9101069,SPRF-SC,DEL03-SC,UOP01-DEL03-SC,2021
"336852,0",2021-01-27,quarta-feira,08:20:00,SC,101,"327,2",CAPIVARI DE BAIXO,Desrespeitar a preferência no cruzamento,Colisão transversal,Com Vítimas Feridas,Pleno dia,Crescente,Nublado,Simples,Rotatória,Sim,2,0,1,0,1,0,1,2,-28.43917696,-48.96242738,SPRF-SC,DEL02-SC,UOP01-DEL02-SC,2021
"336854,0",2021-01-27,quarta-feira,09:00:00,SC,101,"119,0",ITAJAI,Manobra de mudança de faixa,Colisão lateral,Sem Vítimas,Pleno dia,Decrescente,Céu Claro,Múltipla,Reta,Sim,3,0,0,0,3,0,0,2,-26.9043179,-48.71555481,SPRF-SC,DEL04-SC,UOP04-DEL04-SC,2021
"336912,0",2021-01-27,quarta-feira,12:00:00,SC,282,"390,5",JOACABA,Frear bruscamente,Tombamento,Com Vítimas Feridas,Pleno dia,Crescente,Chuva,Simples,Reta,Sim,1,0,1,0,0,0,1,1,-27.17732813,-51.54568434,SPRF-SC,DEL07-SC,UOP05-DEL07-SC,2021
"336923,0",2021-01-27,quarta-feira,15:00:00,SC,116,"206,8",PONTE ALTA,Desrespeitar a preferência no cruzamento,Colisão transversal,Com Vítimas Feridas,Pleno dia,Crescente,Céu Claro,Simples,Curva;Declive;Interseção de Vias,Sim,5,0,5,0,0,0,5,2,-27.47883,-50.38058,SPRF-SC,DEL05-SC,UOP03-DEL05-SC,2021
"336931,0",2021-01-27,quarta-feira,16:40:00,SC,101,"136,9",BALNEARIO CAMBORIU,Acessar a via sem observar a presença dos outros veículos,Colisão lateral mesmo sentido,Com Vítimas Feridas,Pleno dia,Crescente,Nublado,Simples,Reta,Sim,2,0,0,1,1,0,1,2,-27.008113,-48.617245,SPRF-SC,DEL04-SC,UOP03-DEL04-SC,2021
"336934,0",2021-01-27,quarta-feira,11:20:00,SC,282,"562,6",NOVA ERECHIM,Reação tardia ou ineficiente do condutor,Saída de leito carroçável,Com Vítimas Feridas,Pleno dia,Crescente,Nublado,Dupla,Curva,Não,1,0,1,0,0,0,1,1,-26.911108,-52.865475,SPRF-SC,DEL07-SC,UOP02-DEL07-SC,2021
"336941,0",2021-01-27,quarta-feira,18:40:00,SC,101,"138,1",BALNEARIO CAMBORIU,Acessar a via sem observar a presença dos outros veículos,Colisão transversal,Com Vítimas Feridas,Anoitecer,Crescente,Garoa/Chuvisco,Dupla,Reta,Sim,2,0,1,0,1,0,1,2,-27.02397426,-48.60761649,SPRF-SC,DEL04-SC,UOP03-DEL04-SC,2021
"336950,0",2021-01-27,quarta-feira,19:25:00,SC,101,"277,8",IMBITUBA,Transitar na contramão,Colisão frontal,Com Vítimas Feridas,Plena Noite,Crescente,Nublado,Dupla,Reta,Não,3,0,1,1,1,0,2,2,-28.15478103,-48.69265474,SPRF-SC,DEL02-SC,UOP03-DEL02-SC,2021
"336951,0",2021-01-27,quarta-feira,19:50:00,SC,280,"57,2",GUARAMIRIM,Ingestão de álcool pelo condutor,Colisão frontal,Com Vítimas Feridas,Plena Noite,Decrescente,Garoa/Chuvisco,Dupla,Reta,Sim,3,0,2,0,1,0,2,3,-26.47811421,-49.01259213,SPRF-SC,DEL03-SC,UOP03-DEL03-SC,2021
"336959,0",2021-01-27,quarta-feira,19:30:00,SC,282,"501,3",XANXERE,Condutor deixou de manter distância do veículo da frente,Colisão traseira,Sem Vítimas,Plena Noite,Decrescente,Chuva,Dupla,Rotatória,Sim,2,0,0,0,2,0,0,2,-26.882715,-52.381729,SPRF-SC,DEL07-SC,UOP01-DEL07-SC,2021
"336960,0",2021-01-27,quarta-feira,20:40:00,SC,101,"208,0",SAO JOSE,Manobra de mudança de faixa,Colisão com objeto,Com Vítimas Feridas,Plena Noite,Decrescente,Nublado,Múltipla,Reta,Não,1,0,1,0,0,0,1,1,-27.60327979,-48.63201818,SPRF-SC,DEL01-SC,UOP01-DEL01-SC,2021
"336988,0",2021-01-28,quinta-feira,02:20:00,SC,101,"376,1",ICARA,Reação tardia ou ineficiente do condutor,Saída de leito carroçável,Com Vítimas Feridas,Plena Noite,Decrescente,Nublado,Dupla,Reta;Declive,Não,1,0,1,0,0,0,1,1,-28.72736111,-49.24066084,SPRF-SC,DEL02-SC,UOP01-DEL02-SC,2021
"337006,0",2021-01-28,quinta-feira,07:35:00,SC,480,"127,3",CHAPECO,Velocidade Incompatível,Colisão com objeto,Com Vítimas Feridas,Pleno dia,Decrescente,Chuva,Dupla,Reta,Sim,1,0,1,0,0,0,1,1,-27.02885905,-52.63380035,SPRF-SC,DEL07-SC,UOP01-DEL07-SC,2021
"337019,0",2021-01-28,quinta-feira,08:00:00,SC,101,"117,4",ITAJAI,Transitar no acostamento,Colisão lateral,Com Vítimas Feridas,Pleno dia,Crescente,Nublado,Múltipla,Declive;Reta;Viaduto,Sim,2,0,1,0,1,0,1,2,-26.88747187,-48.72252969,SPRF-SC,DEL04-SC,UOP04-DEL04-SC,2021
"337027,0",2021-01-28,quinta-feira,09:45:00,SC,101,"260,8",GAROPABA,Condutor Dormindo,Saída de leito carroçável,Com Vítimas Feridas,Pleno dia,Decrescente,Nublado,Simples,Aclive;Curva,Não,5,0,3,0,2,0,3,1,-28.02722206,-48.70364785,SPRF-SC,DEL02-SC,UOP03-DEL02-SC,2021
"337034,0",2021-01-28,quinta-feira,10:20:00,SC,282,"210,3",LAGES,Reação tardia ou ineficiente do condutor,Colisão traseira,Com Vítimas Feridas,Pleno dia,Decrescente,Nublado,Simples,Aclive,Não,4,0,2,0,1,1,2,2,-27.778582,-50.231815,SPRF-SC,DEL05-SC,UOP01-DEL05-SC,2021
"337035,0",2021-01-28,quinta-feira,11:20:00,SC,101,"194,6",BIGUACU,Condutor deixou de manter distância do veículo da frente,Colisão traseira,Com Vítimas Feridas,Pleno dia,Crescente,Nublado,Dupla,Reta,Sim,2,0,1,0,1,0,1,2,-27.50241989,-48.65283608,SPRF-SC,DEL01-SC,UOP01-DEL01-SC,2021
"337079,0",2021-01-28,quinta-feira,16:30:00,SC,101,"198,2",BIGUACU,Ingestão de álcool pelo condutor,Colisão frontal,Com Vítimas Feridas,Pleno dia,Crescente,Céu Claro,Simples,Reta,Não,2,0,1,0,1,0,1,2,-27.52658712,-48.63506019,SPRF-SC,DEL01-SC,UOP01-DEL01-SC,2021
"337092,0",2021-01-28,quinta-feira,16:30:00,SC,101,"177,8",BIGUACU,Pedestre andava na pista,Atropelamento de Pedestre,Com Vítimas Feridas,Pleno dia,Crescente,Sol,Dupla,Curva,Não,2,0,1,0,0,1,1,2,-27.35538202,-48.63241474,SPRF-SC,DEL01-SC,UOP01-DEL01-SC,2021
"337109,0",2021-01-28,quinta-feira,18:00:00,SC,101,"327,0",CAPIVARI DE BAIXO,Acumulo de água sobre o pavimento,Colisão com objeto,Com Vítimas Feridas,Anoitecer,Crescente,Chuva,Dupla,Aclive;Reta,Sim,1,0,1,0,0,0,1,1,-28.43023306,-48.95205197,SPRF-SC,DEL02-SC,UOP01-DEL02-SC,2021
"337132,0",2021-01-28,quinta-feira,16:05:00,SC,116,"286,6",CAPAO ALTO,Velocidade Incompatível,Saída de leito carroçável,Com Vítimas Feridas,Pleno dia,Crescente,Chuva,Simples,Reta,Não,2,0,2,0,0,0,2,1,-28.08569213,-50.59119089,SPRF-SC,DEL05-SC,UOP02-DEL05-SC,2021
"337134,0",2021-01-28,quinta-feira,20:15:00,SC,101,"377,0",ICARA,Chuva,Capotamento,Com Vítimas Feridas,Plena Noite,Decrescente,Chuva,Dupla,Reta,Não,2,0,2,0,0,0,2,1,-28.74524626,-49.25712705,SPRF-SC,DEL02-SC,UOP01-DEL02-SC,2021
"337142,0",2021-01-28,quinta-feira,19:00:00,SC,101,"263,0",GAROPABA,Chuva,Saída de leito carroçável,Com Vítimas Feridas,Plena Noite,Crescente,Chuva,Dupla,Reta,Sim,1,0,0,1,0,0,1,1,-28.046163,-48.714477,SPRF-SC,DEL02-SC,UOP03-DEL02-SC,2021
"337149,0",2021-01-28,quinta-feira,21:30:00,SC,280,"127,9",RIO NEGRINHO,Ingestão de álcool pelo condutor,Colisão com objeto,Sem Vítimas,Plena Noite,Crescente,Nublado,Simples,Curva,Não,1,0,0,0,1,0,0,1,-26.23943953,-49.50420708,SPRF-SC,DEL06-SC,UOP03-DEL06-SC,2021
"337152,0",2021-01-28,quinta-feira,22:30:00,SC,101,"205,0",SAO JOSE,Acumulo de água sobre o pavimento,Queda de ocupante de veículo,Com Vítimas Feridas,Plena Noite,Crescente,Chuva,Dupla,Reta,Sim,1,0,1,0,0,0,1,1,-27.58313237,-48.61532885,SPRF-SC,DEL01-SC,UOP01-DEL01-SC,2021
"337158,0",2021-01-28,quinta-feira,23:00:00,SC,101,"281,8",IMBITUBA,Ingestão de álcool pelo condutor,Saída de leito carroçável,Sem Vítimas,Plena Noite,Decrescente,Chuva,Dupla,Reta,Sim,1,0,0,0,1,0,0,1,-28.21108786,-48.69934559,SPRF-SC,DEL02-SC,UOP03-DEL02-SC,2021
"337159,0",2021-01-28,quinta-feira,23:20:00,SC,470,"32,0",GASPAR,Demais falhas mecânicas ou elétricas,Saída de leito carroçável,Com Vítimas Feridas,Plena Noite,Crescente,Chuva,Dupla,Reta,Não,2,0,1,1,0,0,2,1,-26.901793,-48.931812,SPRF-SC,DEL04-SC,UOP01-DEL04-SC,2021
"337162,0",2021-01-29,sexta-feira,00:20:00,SC,101,"329,0",TUBARAO,Ingestão de álcool pelo condutor,Saída de leito carroçável,Sem Vítimas,Plena Noite,Decrescente,Chuva,Dupla,Reta,Não,1,0,0,0,0,1,0,1,-28.49351117,-49.04178985,SPRF-SC,DEL02-SC,UOP01-DEL02-SC,2021
"337164,0",2021-01-29,sexta-feira,00:50:00,SC,480,"128,5",CHAPECO,Ingestão de álcool pelo condutor,Colisão frontal,Com Vítimas Feridas,Plena Noite,Decrescente,Nublado,Simples,Reta,Sim,2,0,1,0,1,0,1,2,-27.03781899,-52.63432603,SPRF-SC,DEL07-SC,UOP01-DEL07-SC,2021
"337171,0",2021-01-29,sexta-feira,04:35:00,SC,101,"105,6",PENHA,Condutor Dormindo,Saída de leito carroçável,Com Vítimas Feridas,Plena Noite,Decrescente,Céu Claro,Dupla,Reta,Não,3,0,3,0,0,0,3,1,-26.80844433,-48.68076324,SPRF-SC,DEL03-SC,UOP02-DEL03-SC,2021
"337178,0",2021-01-29,sexta-feira,03:00:00,SC,282,"207,0",LAGES,Velocidade Incompatível,Capotamento,Com Vítimas Feridas,Plena Noite,Decrescente,Chuva,Simples,Interseção de Vias,Não,5,0,1,0,3,1,1,2,-27.773464,-50.202095,SPRF-SC,DEL05-SC,UOP01-DEL05-SC,2021
"337223,0",2021-01-29,sexta-feira,09:30:00,SC,101,"405,3",ARARANGUA,Reação tardia ou ineficiente do condutor,Colisão traseira,Sem Vítimas,Pleno dia,Decrescente,Sol,Múltipla,Reta,Não,2,0,0,0,2,0,0,2,-28.88548916,-49.4630158,SPRF-SC,DEL02-SC,UOP02-DEL02-SC,2021
"337228,0",2021-01-29,sexta-feira,11:25:00,SC,282,"6,0",SAO JOSE,Manobra de mudança de faixa,Colisão transversal,Com Vítimas Feridas,Pleno dia,Crescente,Nublado,Dupla,Curva,Não,2,0,1,0,1,0,1,2,-27.591936,-48.618244,SPRF-SC,DEL01-SC,UOP01-DEL01-SC,2021
"337235,0",2021-01-29,sexta-feira,11:15:00,SC,101,"402,0",MARACAJA,Condutor deixou de manter distância do veículo da frente,Colisão traseira,Com Vítimas Feridas,Pleno dia,Crescente,Céu Claro,Dupla,Reta,Não,3,0,1,2,0,0,3,2,-28.86330994,-49.44595308,SPRF-SC,DEL02-SC,UOP02-DEL02-SC,2021
"337238,0",2021-01-29,sexta-feira,11:00:00,SC,470,"120,4",IBIRAMA,Condutor deixou de manter distância do veículo da frente,Colisão traseira,Com Vítimas Feridas,Pleno dia,Crescente,Nublado,Simples,Reta,Não,3,0,1,0,2,0,1,2,-27.089924,-49.520416,SPRF-SC,DEL04-SC,UOP02-DEL04-SC,2021
"337258,0",2021-01-29,sexta-feira,12:40:00,SC,101,"100,6",BALNEARIO PICARRAS,Acessar a via sem observar a presença dos outros veículos,Colisão transversal,Com Vítimas Feridas,Pleno dia,Decrescente,Garoa/Chuvisco,Múltipla,Interseção de Vias,Sim,3,0,2,0,1,0,2,2,-26.75482787,-48.68993675,SPRF-SC,DEL03-SC,UOP02-DEL03-SC,2021
"337259,0",2021-01-29,sexta-feira,14:30:00,SC,101,"197,0",BIGUACU,Manobra de mudança de faixa,Colisão lateral,Com Vítimas Feridas,Pleno dia,Crescente,Nublado,Dupla,Reta,Sim,3,0,1,0,2,0,1,3,-27.51844497,-48.63848496,SPRF-SC,DEL01-SC,UOP01-DEL01-SC,2021
"337267,0",2021-01-29,sexta-feira,12:00:00,SC,282,"395,0",JOACABA,Velocidade Incompatível,Capotamento,Com Vítimas Feridas,Pleno dia,Decrescente,Nublado,Simples,Reta,Não,1,0,1,0,0,0,1,1,-27.156887,-51.592079,SPRF-SC,DEL07-SC,UOP05-DEL07-SC,2021
"337285,0",2021-01-29,sexta-feira,15:55:00,SC,282,"2,0",FLORIANOPOLIS,Demais falhas na via,Queda de ocupante de veículo,Com Vítimas Feridas,Pleno dia,Decrescente,Céu Claro,Simples,Reta,Sim,1,0,1,0,0,0,1,1,-27.603289,-48.590416,SPRF-SC,DEL01-SC,UOP01-DEL01-SC,2021
"337309,0",2021-01-29,sexta-feira,19:00:00,SC,101,"122,0",ITAJAI,Trafegar com motocicleta (ou similar) entre as faixas,Colisão traseira,Com Vítimas Feridas,Plena Noite,Crescente,Chuva,Dupla,Reta,Não,2,0,1,0,1,0,1,2,-26.92955916,-48.70499836,SPRF-SC,DEL04-SC,UOP04-DEL04-SC,2021
"337312,0",2021-01-29,sexta-feira,14:15:00,SC,282,"456,6",PONTE SERRADA,Acessar a via sem observar a presença dos outros veículos,Colisão transversal,Com Vítimas Feridas,Pleno dia,Decrescente,Chuva,Simples,Reta,Sim,4,0,4,0,0,0,4,2,-26.885752,-52.004669,SPRF-SC,DEL07-SC,UOP04-DEL07-SC,2021
"337313,0",2021-01-29,sexta-feira,14:35:00,SC,101,"48,0",JOINVILLE,Condutor deixou de manter distância do veículo da frente,Colisão lateral,Com Vítimas Feridas,Pleno dia,Crescente,Nublado,Simples,Reta,Sim,2,0,1,0,1,0,1,2,-26.35345909,-48.85867862,SPRF-SC,DEL03-SC,UOP01-DEL03-SC,2021
"337316,0",2021-01-29,sexta-feira,18:10:00,SC,101,"103,0",BALNEARIO PICARRAS,Trafegar com motocicleta (ou similar) entre as faixas,Colisão lateral mesmo sentido,Com Vítimas Feridas,Anoitecer,Crescente,Nublado,Dupla,Aclive;Reta,Não,2,0,0,1,1,0,1,2,-26.7832381,-48.68314632,SPRF-SC,DEL03-SC,UOP02-DEL03-SC,2021
"337321,0",2021-01-29,sexta-feira,14:15:00,SC,163,"101,2",SAO JOSE DO CEDRO,Condutor deixou de manter distância do veículo da frente,Colisão traseira,Com Vítimas Feridas,Pleno dia,Crescente,Céu Claro,Simples,Reta,Não,4,0,2,0,2,0,2,2,-26.47803802,-53.50670007,SPRF-SC,DEL07-SC,UOP03-DEL07-SC,2021
"337344,0",2021-01-29,sexta-feira,21:00:00,SC,101,"206,0",SAO JOSE,Avarias e/ou desgaste excessivo no pneu,Queda de ocupante de veículo,Com Vítimas Feridas,Plena Noite,Crescente,Garoa/Chuvisco,Múltipla,Reta,Sim,2,0,1,0,1,0,1,1,-27.59193546,-48.61824557,SPRF-SC,DEL01-SC,UOP01-DEL01-SC,2021
"337348,0",2021-01-29,sexta-feira,22:00:00,SC,282,"214,3",PALHOCA,Desrespeitar a preferência no cruzamento,Colisão transversal,Sem Vítimas,Plena Noite,Crescente,Nublado,Múltipla,Interseção de Vias,Sim,2,0,0,0,2,0,0,2,-27.64715344,-48.67278099,SPRF-SC,DEL05-SC,UOP01-DEL05-SC,2021
"337362,0",2021-01-29,sexta-feira,23:20:00,SC,101,"150,0",ITAPEMA,Reação tardia ou ineficiente do condutor,Colisão com objeto,Com Vítimas Feridas,Plena Noite,Decrescente,Garoa/Chuvisco,Dupla,Retorno Regulamentado,Sim,1,0,1,0,0,0,1,1,-27.11744799,-48.60940987,SPRF-SC,DEL04-SC,UOP03-DEL04-SC,2021
"337364,0",2021-01-30,sábado,00:10:00,SC,101,"89,7",BARRA VELHA,Ausência de reação do condutor,Colisão traseira,Com Vítimas Feridas,Plena Noite,Crescente,Nublado,Múltipla,Reta,Sim,2,0,1,0,0,1,1,2,-26.65175997,-48.68721921,SPRF-SC,DEL03-SC,UOP02-DEL03-SC,2021
"337377,0",2021-01-30,sábado,02:10:00,SC,282,"17,0",PALHOCA,Transitar no acostamento,Atropelamento de Pedestre,Com Vítimas Fatais,Plena Noite,Crescente,Nublado,Simples,Reta,Não,3,1,0,0,1,1,0,2,-27.665707,-48.688065,SPRF-SC,DEL01-SC,UOP02-DEL01-SC,2021
"337379,0",2021-01-30,sábado,04:00:00,SC,282,"213,9",PALHOCA,Velocidade Incompatível,Colisão com objeto,Sem Vítimas,Plena Noite,Crescente,Nublado,Múltipla,Reta,Sim,1,0,0,0,1,0,0,1,-27.64473944,-48.67087126,SPRF-SC,DEL05-SC,UOP01-DEL05-SC,2021
"337381,0",2021-01-30,sábado,03:00:00,SC,101,"198,0",BIGUACU,Ingestão de álcool pelo condutor,Colisão com objeto,Com Vítimas Feridas,Plena Noite,Crescente,Garoa/Chuvisco,Múltipla,Reta,Sim,1,0,1,0,0,0,1,1,-27.52658712,-48.63506019,SPRF-SC,DEL01-SC,UOP01-DEL01-SC,2021
"337382,0",2021-01-30,sábado,03:00:00,SC,282,"5,0",SAO JOSE,Ingestão de álcool pelo condutor,Colisão com objeto,Sem Vítimas,Plena Noite,Crescente,Céu Claro,Dupla,Reta,Sim,1,0,0,0,0,1,0,1,-27.588425,-48.612919,SPRF-SC,DEL01-SC,UOP01-DEL01-SC,2021
"337400,0",2021-01-30,sábado,05:10:00,SC,101,"152,0",ITAPEMA,Velocidade Incompatível,Colisão com objeto,Sem Vítimas,Pleno dia,Crescente,Nublado,Dupla,Reta,Sim,1,0,0,0,1,0,0,1,-27.13563503,-48.61004665,SPRF-SC,DEL04-SC,UOP03-DEL04-SC,2021
"337403,0",2021-01-30,sábado,05:11:00,SC,282,"583,0",PINHALZINHO,Velocidade Incompatível,Saída de leito carroçável,Com Vítimas Feridas,Amanhecer,Crescente,Nublado,Simples,Curva,Não,1,0,1,0,0,0,1,1,-26.828905,-53.009552,SPRF-SC,DEL07-SC,UOP02-DEL07-SC,2021
"337412,0",2021-01-30,sábado,01:25:00,SC,101,"119,0",ITAJAI,Reação tardia ou ineficiente do condutor,Saída de leito carroçável,Sem Vítimas,Plena Noite,Decrescente,Chuva,Dupla,Reta,Não,1,0,0,0,0,1,0,1,-26.9043179,-48.71555481,SPRF-SC,DEL04-SC,UOP04-DEL04-SC,2021
"337413,0",2021-01-30,sábado,07:10:00,SC,101,"142,0",BALNEARIO CAMBORIU,Velocidade Incompatível,Capotamento,Sem Vítimas,Pleno dia,Crescente,Nublado,Dupla,Curva,Não,3,0,0,0,3,0,0,3,-27.056089,-48.599449,SPRF-SC,DEL04-SC,UOP03-DEL04-SC,2021
"337432,0",2021-01-30,sábado,09:15:00,SC,101,"15,7",GARUVA,Ausência de reação do condutor,Tombamento,Com Vítimas Feridas,Pleno dia,Decrescente,Nublado,Dupla,Reta,Sim,1,0,1,0,0,0,1,1,-26.10609917,-48.87224159,SPRF-SC,DEL03-SC,UOP01-DEL03-SC,2021
"337443,0",2021-01-30,sábado,10:40:00,SC,101,"193,0",BIGUACU,Pedestre andava na pista,Atropelamento de Pedestre,Com Vítimas Feridas,Pleno dia,Crescente,Nublado,Dupla,Reta,Sim,2,0,0,1,1,0,1,2,-27.489574,-48.655914,SPRF-SC,DEL01-SC,UOP01-DEL01-SC,2021
"337475,0",2021-01-30,sábado,08:05:00,SC,280,"7,0",SAO FRANCISCO DO SUL,Manobra de mudança de faixa,Colisão transversal,Com Vítimas Feridas,Pleno dia,Crescente,Céu Claro,Simples,Reta,Sim,2,0,0,1,1,0,1,2,-26.27127101,-48.64129599,SPRF-SC,DEL03-SC,UOP03-DEL03-SC,2021
"337477,0",2021-01-30,sábado,13:15:00,SC,101,"313,0",LAGUNA,Ausência de reação do condutor,Saída de leito carroçável,Com Vítimas Feridas,Pleno dia,Decrescente,Sol,Múltipla,Reta,Sim,3,0,3,0,0,0,3,1,-28.4404376,-48.81403409,SPRF-SC,DEL02-SC,UOP01-DEL02-SC,2021
"337513,0",2021-01-30,sábado,15:50:00,SC,470,"120,0",IBIRAMA,Reação tardia ou ineficiente do condutor,Colisão lateral,Com Vítimas Feridas,Pleno dia,Crescente,Céu Claro,Simples,Curva,Não,2,0,1,0,1,0,1,2,-27.09279055,-49.52379227,SPRF-SC,DEL04-SC,UOP02-DEL04-SC,2021
"337560,0",2021-01-30,sábado,17:30:00,SC,280,"24,8",ARAQUARI,Conversão proibida,Colisão traseira,Com Vítimas Feridas,Pleno dia,Decrescente,Céu Claro,Simples,Reta,Sim,3,0,1,0,2,0,1,2,-26.37724921,-48.71953282,SPRF-SC,DEL03-SC,UOP03-DEL03-SC,2021
"337561,0",2021-01-30,sábado,20:30:00,SC,470,"54,0",BLUMENAU,Desrespeitar a preferência no cruzamento,Colisão transversal,Sem Vítimas,Pleno dia,Decrescente,Céu Claro,Simples,Curva,Não,2,0,0,0,2,0,0,2,-26.871065,-49.110374,SPRF-SC,DEL04-SC,UOP01-DEL04-SC,2021
"337563,0",2021-01-30,sábado,20:00:00,SC,101,"203,0",SAO JOSE,Desrespeitar a preferência no cruzamento,Colisão transversal,Com Vítimas Feridas,Plena Noite,Decrescente,Céu Claro,Dupla,Rotatória,Sim,2,0,0,1,1,0,1,2,-27.5650044,-48.61460082,SPRF-SC,DEL01-SC,UOP01-DEL01-SC,2021
"337566,0",2021-01-30,sábado,20:40:00,SC,470,"70,5",INDAIAL,Ultrapassagem Indevida,Colisão lateral mesmo sentido,Com Vítimas Feridas,Plena Noite,Decrescente,Nublado,Simples,Reta,Não,2,0,0,1,1,0,1,2,-26.889374,-49.254478,SPRF-SC,DEL04-SC,UOP01-DEL04-SC,2021
"337576,0",2021-01-30,sábado,19:00:00,SC,101,"157,0",PORTO BELO,Ingestão de álcool pelo condutor,Saída de leito carroçável,Sem Vítimas,Plena Noite,Crescente,Céu Claro,Dupla,Reta,Sim,1,0,0,0,0,1,0,1,-27.181625,-48.6121179,SPRF-SC,DEL04-SC,UOP03-DEL04-SC,2021
"337601,0",2021-01-22,sexta-feira,15:10:00,SC,282,"190,3",LAGES,Ingestão de álcool e/ou substâncias psicoativas pelo pedestre,Atropelamento de Pedestre,Com Vítimas Fatais,Pleno dia,Decrescente,Chuva,Simples,Curva;Declive,Não,2,1,0,0,0,1,0,2,-27.73682121,-50.03989312,SPRF-SC,DEL05-SC,UOP01-DEL05-SC,2021
"337609,0",2021-01-31,domingo,00:05:00,SC,101,"183,0",BIGUACU,Ausência de reação do condutor,Colisão com objeto,Com Vítimas Feridas,Plena Noite,Crescente,Nublado,Dupla,Reta,Sim,2,0,1,0,1,0,1,1,-27.40688892,-48.6285296,SPRF-SC,DEL01-SC,UOP01-DEL01-SC,2021
"337645,0",2021-01-31,domingo,02:15:00,SC,470,"148,6",AGRONOMICA,Ingestão de álcool pelo condutor,Colisão com objeto,Com Vítimas Feridas,Plena Noite,Crescente,Nublado,Simples,Reta,Não,1,0,1,0,0,0,1,1,-27.246288,-49.694355,SPRF-SC,DEL04-SC,UOP02-DEL04-SC,2021
"337649,0",2021-01-30,sábado,13:25:00,SC,282,"2,9",FLORIANOPOLIS,Demais falhas mecânicas ou elétricas,Colisão lateral mesmo sentido,Com Vítimas Feridas,Pleno dia,Decrescente,Céu Claro,Múltipla,Reta,Sim,3,0,1,0,2,0,1,3,-27.603289,-48.590416,SPRF-SC,DEL01-SC,UOP01-DEL01-SC,2021
"337655,0",2021-01-31,domingo,02:00:00,SC,480,"126,5",CHAPECO,Chuva,Colisão com objeto,Sem Vítimas,Plena Noite,Crescente,Chuva,Dupla,Reta,Não,1,0,0,0,0,1,0,1,-27.020083,-52.636024,SPRF-SC,DEL07-SC,UOP01-DEL07-SC,2021
"337694,0",2021-01-07,quinta-feira,17:50:00,SC,470,"129,0",LONTRAS,Desrespeitar a preferência no cruzamento,Colisão transversal,Com Vítimas Feridas,Pleno dia,Decrescente,Céu Claro,Simples,Interseção de Vias,Não,2,0,0,1,0,1,1,2,-27.148499,-49.556137,SPRF-SC,DEL04-SC,UOP02-DEL04-SC,2021
"337718,0",2021-01-31,domingo,12:20:00,SC,470,"43,8",GASPAR,Objeto estático sobre o leito carroçável,Colisão com objeto,Com Vítimas Feridas,Pleno dia,Crescente,Sol,Múltipla,Desvio Temporário;Reta,Sim,1,0,0,1,0,0,1,1,-26.874519,-49.013454,SPRF-SC,DEL04-SC,UOP01-DEL04-SC,2021
"337732,0",2021-01-31,domingo,15:39:00,SC,101,"119,3",ITAJAI,Condutor deixou de manter distância do veículo da frente,Colisão traseira,Com Vítimas Feridas,Pleno dia,Decrescente,Céu Claro,Múltipla,Reta,Não,2,0,1,0,1,0,1,2,-26.9043179,-48.71555481,SPRF-SC,DEL04-SC,UOP04-DEL04-SC,2021
"337766,0",2021-01-31,domingo,05:00:00,SC,470,"59,0",BLUMENAU,Mal súbito do condutor,Saída de leito carroçável,Com Vítimas Feridas,Amanhecer,Crescente,Céu Claro,Simples,Curva,Sim,2,0,1,1,0,0,2,1,-26.882948,-49.156003,SPRF-SC,DEL04-SC,UOP01-DEL04-SC,2021
"337777,0",2021-01-31,domingo,18:44:00,SC,101,"84,0",BARRA VELHA,Pedestre cruzava a pista fora da faixa,Atropelamento de Pedestre,Com Vítimas Feridas,Anoitecer,Decrescente,Céu Claro,Dupla,Reta,Não,2,0,0,1,1,0,1,2,-26.62404682,-48.71394986,SPRF-SC,DEL03-SC,UOP02-DEL03-SC,2021
"337790,0",2021-01-31,domingo,14:10:00,SC,101,"338,4",TUBARAO,Reação tardia ou ineficiente do condutor,Colisão transversal,Com Vítimas Feridas,Pleno dia,Crescente,Céu Claro,Simples,Reta,Não,2,0,0,1,1,0,1,2,-28.51727111,-49.05292511,SPRF-SC,DEL02-SC,UOP01-DEL02-SC,2021
"337801,0",2021-01-31,domingo,19:30:00,SC,282,"463,0",PONTE SERRADA,Desrespeitar a preferência no cruzamento,Colisão transversal,Com Vítimas Feridas,Plena Noite,Crescente,Céu Claro,Simples,Rotatória,Sim,5,0,2,1,2,0,3,2,-26.85595853,-52.03217268,SPRF-SC,DEL07-SC,UOP04-DEL07-SC,2021