id,data_inversa,dia_semana,horario,uf,br,km,municipio,causa_acidente,tipo_acidente,classificacao_acidente,fase_dia,sentido_via,condicao_metereologica,tipo_pista,tracado_via,uso_solo,pessoas,mortos,feridos_leves,feridos_graves,ilesos,ignorados,feridos,veiculos,latitude,longitude,regional,delegacia,uop,ano_arquivo
"339789,0",2021-02-10,quarta-feira,09:30:00,SC,101,"327,6",CAPIVARI DE BAIXO,Desrespeitar a preferência no cruzamento,Colisão transversal,Com Vítimas Feridas,Pleno dia,Decrescente,Céu Claro,Simples,Rotatória,Sim,2,0,1,0,1,0,1,2,-28.43023306,-48.95205197,SPRF-SC,DEL02-SC,UOP01-DEL02-SC,2021
"339809,0",2021-02-10,quarta-feira,12:45:00,SC,101,"219,5",PALHOCA,Objeto estático sobre o leito carroçável,Tombamento,Com Vítimas Feridas,Pleno dia,Crescente,Céu Claro,Dupla,Reta,Sim,2,0,2,0,0,0,2,1,-27.68392194,-48.66710085,SPRF-SC,DEL01-SC,UOP02-DEL01-SC,2021
"339814,0",2021-02-10,quarta-feira,13:20:00,SC,101,"215,5",PALHOCA,Reação tardia ou ineficiente do condutor,Queda de ocupante de veículo,Com Vítimas Feridas,Pleno dia,Crescente,Sol,Dupla,Viaduto,Sim,2,0,1,0,1,0,1,2,-27.65184843,-48.67604941,SPRF-SC,DEL01-SC,UOP02-DEL01-SC,2021
"339884,0",2021-02-10,quarta-feira,17:30:00,SC,282,"67,5",SAO MIGUEL DO OESTE,Acessar a via sem observar a presença dos outros veículos,Colisão transversal,Com Vítimas Feridas,Pleno dia,Crescente,Céu Claro,Dupla,Reta;Declive,Sim,2,0,2,0,0,0,2,2,-26.75586158,-53.50054264,SPRF-SC,DEL01-SC,UOP03-DEL01-SC,2021
"339890,0",2021-02-10,quarta-feira,16:40:00,SC,470,"66,9",INDAIAL,Acumulo de areia ou detritos sobre o pavimento,Tombamento,Com Vítimas Feridas,Pleno dia,Crescente,Céu Claro,Simples,Reta,Sim,1,0,1,0,0,0,1,1,-26.870407,-49.221844,SPRF-SC,DEL04-SC,UOP01-DEL04-SC,2021
"339898,0",2021-02-10,quarta-feira,18:45:00,SC,470,"63,1",INDAIAL,Acessar a via sem observar a presença dos outros veículos,Colisão transversal,Com Vítimas Feridas,Anoitecer,Crescente,Nublado,Simples,Aclive,Sim,2,0,1,0,1,0,1,2,-26.872396,-49.19228,SPRF-SC,DEL04-SC,UOP01-DEL04-SC,2021
"339908,0",2021-02-02,terça-feira,17:30:00,SC,280,"152,4",MAFRA,Condutor Dormindo,Tombamento,Com Vítimas Feridas,Pleno dia,Crescente,Nublado,Simples,Curva,Não,2,0,1,0,1,0,1,1,-26.21335897,-49.71897125,SPRF-SC,DEL06-SC,UOP03-DEL06-SC,2021
"339919,0",2021-02-11,quinta-feira,00:35:00,SC,101,"412,0",ARARANGUA,Ausência de reação do condutor,Saída de leito carroçável,Sem Vítimas,Plena Noite,Crescente,Ignorado,Simples,Rotatória,Sim,1,0,0,0,1,0,0,1,-28.939333,-49.497513,SPRF-SC,DEL02-SC,UOP02-DEL02-SC,2021
"339920,0",2021-02-11,quinta-feira,00:30:00,SC,470,"145,8",RIO DO SUL,Ingestão de álcool pelo condutor,Colisão traseira,Com Vítimas Feridas,Plena Noite,Crescente,Céu Claro,Simples,Reta,Sim,3,0,0,1,1,1,1,3,-27.237301,-49.682217,SPRF-SC,DEL04-SC,UOP02-DEL04-SC,2021
"339923,0",2021-02-10,quarta-feira,18:07:00,SC,101,"197,0",BIGUACU,Velocidade Incompatível,Queda de ocupante de veículo,Com Vítimas Feridas,Anoitecer,Crescente,Céu Claro,Múltipla,Reta,Sim,1,0,1,0,0,0,1,1,-27.51844497,-48.63848496,SPRF-SC,DEL01-SC,UOP01-DEL01-SC,2021
"339926,0",2021-02-11,quinta-feira,04:00:00,SC,101,"435,3",SOMBRIO,Ausência de reação do condutor,Saída de leito carroçável,Sem Vítimas,Plena Noite,Crescente,Nublado,Múltipla,Reta,Sim,1,0,0,0,1,0,0,1,-29.09949414,-49.63480552,SPRF-SC,DEL02-SC,UOP02-DEL02-SC,2021
"339940,0",2021-02-11,quinta-feira,07:45:00,SC,101,"122,0",ITAJAI,Ausência de reação do condutor,Colisão lateral,Com Vítimas Feridas,Pleno dia,Crescente,Céu Claro,Dupla,Reta,Não,2,0,1,0,1,0,1,2,-26.92955916,-48.70499836,SPRF-SC,DEL04-SC,UOP04-DEL04-SC,2021
"339941,0",2021-02-11,quinta-feira,07:30:00,SC,280,"115,0",SAO BENTO DO SUL,Acessar a via sem observar a presença dos outros veículos,Colisão transversal,Com Vítimas Feridas,Pleno dia,Decrescente,Céu Claro,Simples,Interseção de Vias,Não,3,0,1,0,2,0,1,2,-26.284761,-49.408313,SPRF-SC,DEL06-SC,UOP03-DEL06-SC,2021
"339943,0",2021-02-11,quinta-feira,07:30:00,SC,101,"206,0",SAO JOSE,Acessar a via sem observar a presença dos outros veículos,Colisão transversal,Com Vítimas Feridas,Pleno dia,Crescente,Céu Claro,Dupla,Reta,Sim,2,0,1,0,1,0,1,2,-27.59193546,-48.61824557,SPRF-SC,DEL01-SC,UOP01-DEL01-SC,2021
"339990,0",2021-02-11,quinta-feira,12:00:00,SC,101,"209,2",SAO JOSE,Trafegar com motocicleta (ou similar) entre as faixas,Colisão lateral,Com Vítimas Feridas,Pleno dia,Decrescente,Céu Claro,Dupla,Reta,Sim,2,0,1,0,1,0,1,2,-27.61000542,-48.63895057,SPRF-SC,DEL01-SC,UOP01-DEL01-SC,2021
"340018,0",2021-02-11,quinta-feira,15:00:00,SC,101,"276,4",IMBITUBA,Sinalização mal posicionada,Colisão com objeto,Com Vítimas Feridas,Pleno dia,Decrescente,Céu Claro,Dupla,Reta;Em Obras,Sim,2,0,2,0,0,0,2,1,-28.14644701,-48.69204746,SPRF-SC,DEL02-SC,UOP03-DEL02-SC,2021
"340021,0",2021-02-11,quinta-feira,16:00:00,SC,101,"412,5",ARARANGUA,Acessar a via sem observar a presença dos outros veículos,Colisão transversal,Com Vítimas Feridas,Pleno dia,Decrescente,Nublado,Simples,Reta,Sim,3,0,1,0,1,1,1,3,-28.95858671,-49.51503754,SPRF-SC,DEL02-SC,UOP02-DEL02-SC,2021
"340041,0",2021-02-11,quinta-feira,17:25:00,SC,101,"211,5",PALHOCA,Demais falhas mecânicas ou elétricas,Tombamento,Com Vítimas Feridas,Pleno dia,Crescente,Nublado,Múltipla,Reta,Sim,2,0,1,1,0,0,2,1,-27.62329313,-48.65245588,SPRF-SC,DEL01-SC,UOP02-DEL01-SC,2021
"340069,0",2021-02-11,quinta-feira,19:40:00,SC,101,"215,6",PALHOCA,Manobra de mudança de faixa,Colisão lateral mesmo sentido,Com Vítimas Feridas,Plena Noite,Decrescente,Chuva,Dupla,Curva,Sim,2,0,1,0,1,0,1,2,-27.65184843,-48.67604941,SPRF-SC,DEL01-SC,UOP02-DEL01-SC,2021
"340081,0",2021-02-11,quinta-feira,20:20:00,SC,470,"72,0",INDAIAL,Ingestão de álcool pelo condutor,Colisão frontal,Com Vítimas Feridas,Plena Noite,Crescente,Chuva,Simples,Reta,Não,2,0,1,0,1,0,1,2,-26.901979,-49.268745,SPRF-SC,DEL04-SC,UOP01-DEL04-SC,2021
"340083,0",2021-02-11,quinta-feira,20:45:00,SC,101,"205,9",SAO JOSE,Manobra de mudança de faixa,Colisão lateral,Com Vítimas Feridas,Plena Noite,Crescente,Nublado,Múltipla,Reta,Sim,2,0,1,0,0,1,1,2,-27.58313237,-48.61532885,SPRF-SC,DEL01-SC,UOP01-DEL01-SC,2021
"340097,0",2021-02-11,quinta-feira,15:00:00,SC,280,"51,9",GUARAMIRIM,Objeto estático sobre o leito carroçável,Tombamento,Com Vítimas Feridas,Pleno dia,Crescente,Nublado,Dupla,Interseção de Vias,Não,1,0,1,0,0,0,1,1,-26.46699065,-48.96013141,SPRF-SC,DEL03-SC,UOP03-DEL03-SC,2021
"340120,0",2021-02-12,sexta-feira,01:30:00,SC,470,"280,0",BRUNOPOLIS,Condutor Dormindo,Saída de leito carroçável,Com Vítimas Feridas,Plena Noite,Decrescente,Céu Claro,Simples,Reta,Não,4,0,2,0,2,0,2,1,-27.332188,-50.862553,SPRF-SC,DEL07-SC,UOP06-DEL07-SC,2021
"340123,0",2021-02-12,sexta-feira,03:25:00,SC,101,"195,0",BIGUACU,Ingestão de álcool pelo condutor,Saída de leito carroçável,Com Vítimas Feridas,Plena Noite,Decrescente,Nublado,Dupla,Reta,Sim,1,0,1,0,0,0,1,1,-27.5047092,-48.65010819,SPRF-SC,DEL01-SC,UOP01-DEL01-SC,2021
"340134,0",2021-02-11,quinta-feira,11:45:00,SC,282,"103,9",ALFREDO WAGNER,Ingestão de álcool pelo condutor,Colisão frontal,Com Vítimas Feridas,Pleno dia,Decrescente,Céu Claro,Simples,Reta,Não,2,0,0,1,1,0,1,2,-27.694868,-49.324345,SPRF-SC,DEL01-SC,UOP03-DEL01-SC,2021
"340141,0",2021-02-12,sexta-feira,06:40:00,SC,470,"129,4",LONTRAS,Velocidade Incompatível,Tombamento,Com Vítimas Feridas,Amanhecer,Crescente,Céu Claro,Simples,Reta,Não,1,0,1,0,0,0,1,1,-27.148499,-49.556137,SPRF-SC,DEL04-SC,UOP02-DEL04-SC,2021
"340152,0",2021-02-12,sexta-feira,08:30:00,SC,101,"122,8",ITAJAI,Ausência de reação do condutor,Engavetamento,Com Vítimas Feridas,Pleno dia,Crescente,Nublado,Dupla,Reta,Sim,3,0,1,0,2,0,1,3,-26.92955916,-48.70499836,SPRF-SC,DEL04-SC,UOP04-DEL04-SC,2021
"340161,0",2021-01-23,sábado,20:05:00,SC,101,"198,1",BIGUACU,Ausência de reação do condutor,Colisão traseira,Com Vítimas Fatais,Plena Noite,Decrescente,Chuva,Dupla,Reta,Sim,2,1,0,0,1,0,0,2,-27.52658712,-48.63506019,SPRF-SC,DEL01-SC,UOP01-DEL01-SC,2021
"340162,0",2021-02-12,sexta-feira,09:20:00,SC,101,"335,3",TUBARAO,Desrespeitar a preferência no cruzamento,Colisão transversal,Com Vítimas Feridas,Pleno dia,Crescente,Sol,Simples,Rotatória,Sim,2,0,1,0,1,0,1,2,-28.46927473,-49.01557908,SPRF-SC,DEL02-SC,UOP01-DEL02-SC,2021
"340171,0",2021-02-12,sexta-feira,09:30:00,SC,101,"354,7",SANGAO,Manobra de mudança de faixa,Colisão lateral,Com Vítimas Feridas,Pleno dia,Decrescente,Céu Claro,Simples,Reta,Não,2,0,1,0,1,0,1,2,-28.61806302,-49.07013199,SPRF-SC,DEL02-SC,UOP01-DEL02-SC,2021
"340187,0",2021-02-12,sexta-feira,11:30:00,SC,470,"172,5",POUSO REDONDO,Acesso irregular,Colisão transversal,Com Vítimas Feridas,Pleno dia,Decrescente,Céu Claro,Simples,Reta,Não,2,0,1,0,1,0,1,2,-27.257526,-49.909592,SPRF-SC,DEL04-SC,UOP02-DEL04-SC,2021
"340189,0",2021-02-12,sexta-feira,12:00:00,SC,101,"40,8",JOINVILLE,Velocidade Incompatível,Colisão traseira,Com Vítimas Feridas,Pleno dia,Crescente,Nublado,Dupla,Declive,Sim,2,0,1,0,1,0,1,2,-26.27176094,-48.89468382,SPRF-SC,DEL03-SC,UOP01-DEL03-SC,2021
"340222,0",2021-02-12,sexta-feira,14:00:00,SC,101,"339,5",TUBARAO,Condutor deixou de manter distância do veículo da frente,Colisão com objeto,Com Vítimas Feridas,Pleno dia,Decrescente,Céu Claro,Dupla,Reta,Não,1,0,1,0,0,0,1,1,-28.49351117,-49.04178985,SPRF-SC,DEL02-SC,UOP01-DEL02-SC,2021
"340233,0",2021-02-12,sexta-feira,16:00:00,SC,282,"3,8",FLORIANOPOLIS,Ausência de reação do condutor,Colisão lateral,Com Vítimas Feridas,Pleno dia,Crescente,Chuva,Múltipla,Reta,Sim,2,0,1,0,1,0,1,2,-27.600384,-48.599705,SPRF-SC,DEL01-SC,UOP01-DEL01-SC,2021
"340237,0",2021-02-12,sexta-feira,16:00:00,SC,101,"204,0",SAO JOSE,Manobra de mudança de faixa,Colisão lateral mesmo sentido,Com Vítimas Feridas,Pleno dia,Crescente,Garoa/Chuvisco,Múltipla,Reta,Sim,2,0,1,0,1,0,1,2,-27.57413014,-48.61363083,SPRF-SC,DEL01-SC,UOP01-DEL01-SC,2021
"340240,0",2021-02-12,sexta-feira,16:40:00,SC,101,"339,3",TUBARAO,Condutor deixou de manter distância do veículo da frente,Tombamento,Com Vítimas Feridas,Pleno dia,Decrescente,Garoa/Chuvisco,Dupla,Reta,Sim,1,0,1,0,0,0,1,1,-28.5820168,-49.05059372,SPRF-SC,DEL02-SC,UOP01-DEL02-SC,2021
"340249,0",2021-02-12,sexta-feira,16:50:00,SC,101,"341,0",TUBARAO,Condutor deixou de manter distância do veículo da frente,Colisão traseira,Com Vítimas Feridas,Pleno dia,Decrescente,Garoa/Chuvisco,Dupla,Reta,Não,9,0,4,0,5,0,4,3,-28.50999405,-49.05070686,SPRF-SC,DEL02-SC,UOP01-DEL02-SC,2021
"340265,0",2021-02-12,sexta-feira,16:20:00,SC,280,"125,6",RIO NEGRINHO,Condutor deixou de manter distância do veículo da frente,Engavetamento,Com Vítimas Feridas,Pleno dia,Crescente,Céu Claro,Simples,Declive,Sim,4,0,1,0,3,0,1,3,-26.23763684,-49.48434497,SPRF-SC,DEL06-SC,UOP03-DEL06-SC,2021
"340270,0",2021-02-12,sexta-feira,16:20:00,SC,280,"125,0",RIO NEGRINHO,Conversão proibida,Colisão lateral,Com Vítimas Feridas,Pleno dia,Decrescente,Céu Claro,Simples,Reta,Não,4,0,3,0,1,0,3,2,-26.23763684,-49.48434497,SPRF-SC,DEL06-SC,UOP03-DEL06-SC,2021
"340297,0",2021-02-12,sexta-feira,20:05:00,SC,101,"204,5",SAO JOSE,Manobra de mudança de faixa,Colisão traseira,Com Vítimas Feridas,Plena Noite,Crescente,Nublado,Dupla,Reta,Sim,2,0,1,0,1,0,1,2,-27.57413014,-48.61363083,SPRF-SC,DEL01-SC,UOP01-DEL01-SC,2021
"340307,0",2021-02-12,sexta-feira,17:20:00,SC,280,"59,0",GUARAMIRIM,Objeto estático sobre o leito carroçável,Colisão com objeto,Com Vítimas Feridas,Pleno dia,Crescente,Chuva,Simples,Reta,Sim,1,0,1,0,0,0,1,1,-26.47525778,-49.03098916,SPRF-SC,DEL03-SC,UOP03-DEL03-SC,2021
"340354,0",2021-02-13,sábado,00:20:00,SC,153,"65,0",IRANI,Acessar a via sem observar a presença dos outros veículos,Colisão transversal,Com Vítimas Feridas,Plena Noite,Decrescente,Céu Claro,Simples,Reta,Sim,2,0,1,0,1,0,1,2,-27.011721,-51.876862,SPRF-SC,DEL07-SC,UOP04-DEL07-SC,2021
"340360,0",2021-02-13,sábado,02:45:00,SC,101,"115,1",ITAJAI,Ingestão de álcool e/ou substâncias psicoativas pelo pedestre,Saída de leito carroçável,Sem Vítimas,Plena Noite,Decrescente,Chuva,Múltipla,Reta,Não,1,0,0,0,1,0,0,1,-26.87064015,-48.72954134,SPRF-SC,DEL04-SC,UOP04-DEL04-SC,2021
"340374,0",2021-02-13,sábado,02:30:00,SC,282,"379,6",HERVAL DOESTE,Reação tardia ou ineficiente do condutor,Saída de leito carroçável,Com Vítimas Feridas,Plena Noite,Decrescente,Nublado,Simples,Rotatória,Não,30,0,17,0,13,0,17,1,-27.214668,-51.489677,SPRF-SC,DEL07-SC,UOP05-DEL07-SC,2021
"340395,0",2021-02-13,sábado,04:30:00,SC,101,"410,9",ARARANGUA,Ingestão de álcool pelo condutor,Colisão transversal,Sem Vítimas,Plena Noite,Crescente,Céu Claro,Simples,Reta,Sim,2,0,0,0,2,0,0,2,-28.95482317,-49.51083552,SPRF-SC,DEL02-SC,UOP02-DEL02-SC,2021
"340404,0",2021-02-13,sábado,08:45:00,SC,282,"20,0",PALHOCA,Condutor deixou de manter distância do veículo da frente,Colisão traseira,Com Vítimas Feridas,Pleno dia,Crescente,Céu Claro,Simples,Reta,Sim,3,0,1,0,2,0,1,2,-27.683958,-48.71006,SPRF-SC,DEL01-SC,UOP02-DEL01-SC,2021
"340415,0",2021-02-13,sábado,09:30:00,SC,282,"205,0",LAGES,Condutor deixou de manter distância do veículo da frente,Colisão traseira,Com Vítimas Feridas,Pleno dia,Decrescente,Céu Claro,Simples,Reta,Não,9,0,3,0,6,0,3,2,-27.770323,-50.182167,SPRF-SC,DEL05-SC,UOP01-DEL05-SC,2021
"340424,0",2021-02-13,sábado,07:15:00,SC,470,"324,5",CAMPOS NOVOS,Mal súbito do condutor,Saída de leito carroçável,Com Vítimas Feridas,Pleno dia,Crescente,Céu Claro,Simples,Reta,Não,1,0,1,0,0,0,1,1,-27.446829,-51.24725,SPRF-SC,DEL07-SC,UOP06-DEL07-SC,2021
"340426,0",2021-02-13,sábado,10:15:00,SC,101,"206,0",SAO JOSE,Acessar a via sem observar a presença dos outros veículos,Colisão lateral,Com Vítimas Feridas,Pleno dia,Crescente,Céu Claro,Múltipla,Reta,Sim,2,0,0,2,0,0,2,2,-27.59193546,-48.61824557,SPRF-SC,DEL01-SC,UOP01-DEL01-SC,2021
"340428,0",2021-02-13,sábado,08:30:00,SC,101,"193,0",BIGUACU,Avarias e/ou desgaste excessivo no pneu,Colisão com objeto,Sem Vítimas,Pleno dia,Decrescente,Céu Claro,Simples,Reta,Sim,1,0,0,0,0,1,0,1,-27.489574,-48.655914,SPRF-SC,DEL01-SC,UOP01-DEL01-SC,2021
"340471,0",2021-02-13,sábado,10:30:00,SC,282,"115,6",ALFREDO WAGNER,Velocidade Incompatível,Saída de leito carroçável,Com Vítimas Feridas,Pleno dia,Decrescente,Céu Claro,Simples,Curva,Não,2,0,0,2,0,0,2,1,-27.755424,-49.39444,SPRF-SC,DEL01-SC,UOP03-DEL01-SC,2021
"340475,0",2021-02-13,sábado,14:10:00,SC,101,"47,1",JOINVILLE,Reação tardia ou ineficiente do condutor,Saída de leito carroçável,Com Vítimas Feridas,Pleno dia,Decrescente,Sol,Dupla,Reta,Sim,3,0,3,0,0,0,3,1,-26.34234997,-48.85840089,SPRF-SC,DEL03-SC,UOP01-DEL03-SC,2021
"340484,0",2021-02-13,sábado,16:10:00,SC,282,"114,7",ALFREDO WAGNER,Velocidade Incompatível,Saída de leito carroçável,Com Vítimas Feridas,Pleno dia,Crescente,Céu Claro,Simples,Curva,Não,1,0,0,1,0,0,1,1,-27.748552,-49.388176,SPRF-SC,DEL01-SC,UOP03-DEL01-SC,2021
"340496,0",2021-02-13,sábado,16:00:00,SC,101,"210,7",SAO JOSE,Manobra de mudança de faixa,Colisão lateral mesmo sentido,Com Vítimas Feridas,Pleno dia,Decrescente,Garoa/Chuvisco,Dupla,Reta,Não,2,0,1,0,1,0,1,2,-27.6167305,-48.6457265,SPRF-SC,DEL01-SC,UOP01-DEL01-SC,2021
"340497,0",2021-02-13,sábado,16:40:00,SC,280,"22,0",ARAQUARI,Desrespeitar a preferência no cruzamento,Colisão transversal,Com Vítimas Feridas,Pleno dia,Crescente,Céu Claro,Simples,Reta,Sim,2,0,1,0,1,0,1,2,-26.37092616,-48.70204099,SPRF-SC,DEL03-SC,UOP03-DEL03-SC,2021
"340500,0",2021-02-13,sábado,13:40:00,SC,470,"301,8",CAMPOS NOVOS,Condutor Dormindo,Colisão com objeto,Com Vítimas Feridas,Pleno dia,Decrescente,Sol,Simples,Reta,Não,1,0,1,0,0,0,1,1,-27.373833,-51.056301,SPRF-SC,DEL07-SC,UOP06-DEL07-SC,2021
"340514,0",2021-02-13,sábado,14:40:00,SC,282,"645,8",SAO MIGUEL DO OESTE,Acessar a via sem observar a presença dos outros veículos,Colisão transversal,Com Vítimas Feridas,Pleno dia,Decrescente,Céu Claro,Simples,Reta,Não,2,0,0,1,1,0,1,2,-26.765184,-53.487823,SPRF-SC,DEL07-SC,UOP03-DEL07-SC,2021
"340520,0",2021-02-13,sábado,17:55:00,SC,101,"55,7",JOINVILLE,Condutor deixou de manter distância do veículo da frente,Colisão lateral mesmo sentido,Com Vítimas Feridas,Pleno dia,Crescente,Céu Claro,Dupla,Reta,Não,2,0,1,0,0,1,1,2,-26.42280898,-48.82977496,SPRF-SC,DEL03-SC,UOP01-DEL03-SC,2021
"340531,0",2021-02-13,sábado,18:55:00,SC,470,"33,0",GASPAR,Manobra de mudança de faixa,Colisão lateral,Com Vítimas Feridas,Pleno dia,Decrescente,Céu Claro,Dupla,Reta,Não,3,0,2,0,1,0,2,2,-26.906223,-48.940575,SPRF-SC,DEL04-SC,UOP01-DEL04-SC,2021
"340586,0",2021-02-13,sábado,22:30:00,SC,101,"345,4",TUBARAO,Animais na Pista,Capotamento,Com Vítimas Feridas,Plena Noite,Decrescente,Nublado,Dupla,Reta,Não,2,0,1,0,1,0,1,1,-28.560234,-49.054395,SPRF-SC,DEL02-SC,UOP01-DEL02-SC,2021
"340601,0",2021-02-14,domingo,01:30:00,SC,101,"207,1",SAO JOSE,Ingestão de álcool pelo condutor,Capotamento,Com Vítimas Feridas,Plena Noite,Decrescente,Nublado,Múltipla,Curva,Sim,2,0,1,0,0,1,1,1,-27.60001226,-48.6226467,SPRF-SC,DEL01-SC,UOP01-DEL01-SC,2021
"340603,0",2021-02-14,domingo,01:00:00,SC,101,"369,0",ICARA,Condutor usando celular,Saída de leito carroçável,Com Vítimas Feridas,Plena Noite,Decrescente,Nublado,Dupla,Reta,Não,2,0,2,0,0,0,2,1,-28.69775604,-49.182934,SPRF-SC,DEL02-SC,UOP01-DEL02-SC,2021
"340608,0",2021-02-14,domingo,03:45:00,SC,101,"192,5",BIGUACU,Acumulo de água sobre o pavimento,Colisão com objeto,Sem Vítimas,Plena Noite,Crescente,Nublado,Múltipla,Interseção de Vias;Retorno Regulamentado,Sim,2,0,0,0,2,0,0,1,-27.48443781,-48.64765238,SPRF-SC,DEL01-SC,UOP01-DEL01-SC,2021
"340616,0",2021-02-14,domingo,04:25:00,SC,280,"51,4",GUARAMIRIM,Ausência de reação do condutor,Saída de leito carroçável,Com Vítimas Feridas,Plena Noite,Crescente,Nublado,Simples,Interseção de Vias,Não,1,0,1,0,0,0,1,1,-26.46538871,-48.95544449,SPRF-SC,DEL03-SC,UOP03-DEL03-SC,2021
"340617,0",2021-02-14,domingo,04:20:00,SC,101,"36,5",JOINVILLE,Avarias e/ou desgaste excessivo no pneu,Saída de leito carroçável,Sem Vítimas,Plena Noite,Decrescente,Nublado,Dupla,Reta,Sim,1,0,0,0,1,0,0,1,-26.24573198,-48.9101069,SPRF-SC,DEL03-SC,UOP01-DEL03-SC,2021
"340623,0",2021-02-14,domingo,06:00:00,SC,101,"199,0",SAO JOSE,Ingestão de álcool pelo condutor,Colisão traseira,Sem Vítimas,Pleno dia,Crescente,Céu Claro,Dupla,Reta,Sim,2,0,0,0,2,0,0,2,-27.53413705,-48.63003205,SPRF-SC,DEL01-SC,UOP01-DEL01-SC,2021
"340638,0",2021-02-14,domingo,07:30:00,SC,101,"133,0",BALNEARIO CAMBORIU,Velocidade Incompatível,Engavetamento,Sem Vítimas,Pleno dia,Crescente,Céu Claro,Simples,Reta,Sim,4,0,0,0,4,0,0,4,-26.99936,-48.64609,SPRF-SC,DEL04-SC,UOP03-DEL04-SC,2021
"340641,0",2021-02-14,domingo,10:00:00,SC,282,"529,3",CORDILHEIRA ALTA,Acumulo de areia ou detritos sobre o pavimento,Queda de ocupante de veículo,Com Vítimas Feridas,Pleno dia,Decrescente,Céu Claro,Simples,Reta,Não,1,0,1,0,0,0,1,1,-26.982185,-52.59734,SPRF-SC,DEL07-SC,UOP01-DEL07-SC,2021
"340643,0",2021-02-14,domingo,07:00:00,SC,101,"327,3",CAPIVARI DE BAIXO,Ingestão de substâncias psicoativas pelo condutor,Colisão com objeto,Com Vítimas Fatais,Pleno dia,Crescente,Sol,Múltipla,Viaduto;Reta;Aclive,Sim,6,2,0,4,0,0,4,1,-28.43937419,-48.96254539,SPRF-SC,DEL02-SC,UOP01-DEL02-SC,2021
"340671,0",2021-02-10,quarta-feira,16:55:00,SC,101,"421,0",ARARANGUA,Frear bruscamente,Tombamento,Com Vítimas Feridas,Pleno dia,Decrescente,Céu Claro,Múltipla,Reta,Sim,1,0,1,0,0,0,1,1,-29.00048611,-49.5576719,SPRF-SC,DEL02-SC,UOP02-DEL02-SC,2021
"340685,0",2021-02-14,domingo,13:45:00,SC,101,"103,5",BALNEARIO PICARRAS,Avarias e/ou desgaste excessivo no pneu,Tombamento,Com Vítimas Feridas,Pleno dia,Crescente,Céu Claro,Dupla,Reta,Não,2,0,1,1,0,0,2,1,-26.7832381,-48.68314632,SPRF-SC,DEL03-SC,UOP02-DEL03-SC,2021
"340687,0",2021-02-14,domingo,12:30:00,SC,101,"234,0",PALHOCA,Demais falhas mecânicas ou elétricas,Incêndio,Sem Vítimas,Pleno dia,Crescente,Chuva,Dupla,Declive,Não,1,0,0,0,0,1,0,1,-27.81043812,-48.63537111,SPRF-SC,DEL01-SC,UOP02-DEL01-SC,2021
"340692,0",2021-02-14,domingo,15:00:00,SC,280,"69,0",JARAGUA DO SUL,Ingestão de álcool pelo condutor,Colisão traseira,Sem Vítimas,Pleno dia,Decrescente,Céu Claro,Simples,Reta;Aclive,Sim,2,0,0,0,2,0,0,2,-26.466791,-49.121376,SPRF-SC,DEL03-SC,UOP03-DEL03-SC,2021
"340712,0",2021-02-14,domingo,15:30:00,SC,101,"367,1",ICARA,Chuva,Saída de leito carroçável,Com Vítimas Feridas,Pleno dia,Decrescente,Chuva,Dupla,Curva,Não,7,0,5,1,1,0,6,1,-28.69145778,-49.16484911,SPRF-SC,DEL02-SC,UOP01-DEL02-SC,2021
"340716,0",2021-02-14,domingo,17:10:00,SC,101,"89,5",BARRA VELHA,Velocidade Incompatível,Colisão lateral,Com Vítimas Feridas,Pleno dia,Decrescente,Nublado,Simples,Reta,Sim,2,0,0,1,1,0,1,2,-26.66468494,-48.68880451,SPRF-SC,DEL03-SC,UOP02-DEL03-SC,2021
"340720,0",2021-02-14,domingo,17:15:00,SC,101,"257,0",PAULO LOPES,Chuva,Colisão com objeto,Com Vítimas Feridas,Pleno dia,Crescente,Chuva,Dupla,Reta;Túnel,Não,2,0,1,0,1,0,1,1,-28.00482282,-48.69190437,SPRF-SC,DEL02-SC,UOP03-DEL02-SC,2021
"340734,0",2021-02-14,domingo,17:45:00,SC,101,"148,0",ITAPEMA,Ingestão de álcool pelo condutor,Colisão lateral,Sem Vítimas,Pleno dia,Decrescente,Céu Claro,Dupla,Reta,Não,1,0,0,0,1,0,0,1,-27.10123686,-48.61807962,SPRF-SC,DEL04-SC,UOP03-DEL04-SC,2021
"340737,0",2021-02-14,domingo,13:50:00,SC,282,"512,2",XANXERE,Condutor deixou de manter distância do veículo da frente,Colisão traseira,Com Vítimas Feridas,Pleno dia,Crescente,Sol,Simples,Aclive;Reta,Não,3,0,2,0,1,0,2,2,-26.910799,-52.472099,SPRF-SC,DEL07-SC,UOP01-DEL07-SC,2021
"340762,0",2021-02-14,domingo,17:20:00,SC,101,"410,0",ARARANGUA,Ingestão de álcool pelo condutor,Colisão transversal,Com Vítimas Feridas,Pleno dia,Decrescente,Céu Claro,Simples,Reta,Sim,4,0,1,1,2,0,2,2,-28.9225061,-49.4913107,SPRF-SC,DEL02-SC,UOP02-DEL02-SC,2021
"340769,0",2021-02-14,domingo,20:40:00,SC,470,"4,0",NAVEGANTES,Manobra de mudança de faixa,Colisão traseira,Com Vítimas Feridas,Plena Noite,Decrescente,Céu Claro,Dupla,Rotatória,Não,3,0,1,0,2,0,1,2,-26.858473,-48.690788,SPRF-SC,DEL04-SC,UOP04-DEL04-SC,2021