id,data_inversa,dia_semana,horario,uf,br,km,municipio,causa_acidente,tipo_acidente,classificacao_acidente,fase_dia,sentido_via,condicao_metereologica,tipo_pista,tracado_via,uso_solo,pessoas,mortos,feridos_leves,feridos_graves,ilesos,ignorados,feridos,veiculos,latitude,longitude,regional,delegacia,uop,ano_arquivo
"341849,0",2021-02-20,sábado,11:30:00,SC,101,"280,0",IMBITUBA,Velocidade Incompatível,Colisão traseira,Com Vítimas Feridas,Pleno dia,Crescente,Céu Claro,Dupla,Reta,Sim,3,0,1,0,2,0,1,2,-28.17962805,-48.6956297,SPRF-SC,DEL02-SC,UOP03-DEL02-SC,2021
"341854,0",2021-02-20,sábado,11:40:00,SC,163,"71,0",SAO MIGUEL DO OESTE,Retorno proibido,Colisão transversal,Com Vítimas Feridas,Pleno dia,Crescente,Céu Claro,Dupla,Reta,Não,2,0,1,0,1,0,1,2,-26.72772401,-53.51281303,SPRF-SC,DEL07-SC,UOP03-DEL07-SC,2021
"341857,0",2021-02-20,sábado,13:23:00,SC,101,"79,1",ARAQUARI,Ingestão de álcool pelo condutor,Colisão traseira,Sem Vítimas,Pleno dia,Crescente,Sol,Múltipla,Reta,Sim,3,0,0,0,3,0,0,3,-26.58559601,-48.72192112,SPRF-SC,DEL03-SC,UOP02-DEL03-SC,2021
"341864,0",2021-02-20,sábado,13:50:00,SC,101,"371,0",ICARA,Manobra de mudança de faixa,Saída de leito carroçável,Com Vítimas Feridas,Pleno dia,Decrescente,Céu Claro,Dupla,Reta,Não,2,0,1,0,1,0,1,1,-28.70403682,-49.2008731,SPRF-SC,DEL02-SC,UOP01-DEL02-SC,2021
"341866,0",2021-02-20,sábado,14:10:00,SC,163,"72,0",SAO MIGUEL DO OESTE,Manobra de mudança de faixa,Colisão lateral,Com Vítimas Feridas,Pleno dia,Crescente,Céu Claro,Dupla,Reta;Interseção de Vias;Aclive,Sim,2,0,1,0,1,0,1,2,-26.71908804,-53.5157791,SPRF-SC,DEL07-SC,UOP03-DEL07-SC,2021
"341867,0",2021-02-20,sábado,14:50:00,SC,101,"123,0",ITAJAI,Ausência de reação do condutor,Queda de ocupante de veículo,Com Vítimas Feridas,Pleno dia,Crescente,Céu Claro,Dupla,Reta,Sim,1,0,1,0,0,0,1,1,-26.93668609,-48.69876905,SPRF-SC,DEL04-SC,UOP04-DEL04-SC,2021
"341880,0",2021-02-20,sábado,15:40:00,SC,101,"414,0",ARARANGUA,Ausência de reação do condutor,Saída de leito carroçável,Com Vítimas Feridas,Pleno dia,Decrescente,Céu Claro,Dupla,Curva,Não,1,0,1,0,0,0,1,1,-28.95360392,-49.50985011,SPRF-SC,DEL02-SC,UOP02-DEL02-SC,2021
"341882,0",2021-02-20,sábado,16:20:00,SC,280,"73,5",JARAGUA DO SUL,Velocidade Incompatível,Colisão com objeto,Com Vítimas Feridas,Pleno dia,Decrescente,Sol,Simples,Rotatória,Sim,1,0,0,1,0,0,1,1,-26.45917102,-49.15245,SPRF-SC,DEL03-SC,UOP03-DEL03-SC,2021
"341912,0",2021-02-20,sábado,17:30:00,SC,470,"320,8",CAMPOS NOVOS,Velocidade Incompatível,Saída de leito carroçável,Com Vítimas Feridas,Pleno dia,Crescente,Céu Claro,Simples,Reta,Não,1,0,0,1,0,0,1,1,-27.41375,-51.23394,SPRF-SC,DEL07-SC,UOP06-DEL07-SC,2021
"341933,0",2021-02-20,sábado,20:15:00,SC,101,"88,5",BARRA VELHA,Ingestão de álcool pelo condutor,Colisão transversal,Com Vítimas Feridas,Plena Noite,Decrescente,Céu Claro,Múltipla,Reta,Sim,2,0,1,0,1,0,1,2,-26.64253985,-48.68950684,SPRF-SC,DEL03-SC,UOP02-DEL03-SC,2021
"341962,0",2021-02-20,sábado,23:45:00,SC,470,"10,0",NAVEGANTES,Ultrapassagem Indevida,Colisão frontal,Com Vítimas Feridas,Plena Noite,Crescente,Céu Claro,Simples,Reta,Não,5,0,3,0,2,0,3,3,-26.833693,-48.73724,SPRF-SC,DEL04-SC,UOP04-DEL04-SC,2021
"341967,0",2021-02-20,sábado,22:50:00,SC,470,"63,7",INDAIAL,Demais falhas mecânicas ou elétricas,Incêndio,Sem Vítimas,Plena Noite,Decrescente,Céu Claro,Simples,Reta,Não,1,0,0,0,1,0,0,1,-26.872396,-49.19228,SPRF-SC,DEL04-SC,UOP01-DEL04-SC,2021
"341969,0",2021-02-20,sábado,22:55:00,SC,470,"69,0",INDAIAL,Retorno proibido,Colisão transversal,Com Vítimas Feridas,Plena Noite,Crescente,Céu Claro,Simples,Em Obras;Reta,Sim,3,0,2,0,1,0,2,2,-26.88877,-49.253673,SPRF-SC,DEL04-SC,UOP01-DEL04-SC,2021
"341979,0",2021-02-21,domingo,01:00:00,SC,470,"34,6",GASPAR,Ausência de reação do condutor,Tombamento,Com Vítimas Feridas,Plena Noite,Decrescente,Céu Claro,Simples,Em Obras;Desvio Temporário;Reta,Não,2,0,1,1,0,0,2,1,-26.910646,-48.949341,SPRF-SC,DEL04-SC,UOP01-DEL04-SC,2021
"341986,0",2021-02-21,domingo,02:00:00,SC,101,"194,0",BIGUACU,Mal súbito do condutor,Saída de leito carroçável,Com Vítimas Feridas,Plena Noite,Crescente,Nublado,Dupla,Reta,Sim,1,0,1,0,0,0,1,1,-27.49815117,-48.65661236,SPRF-SC,DEL01-SC,UOP01-DEL01-SC,2021
"341992,0",2021-02-20,sábado,22:04:00,SC,116,"150,0",SANTA CECILIA,Retorno proibido,Queda de ocupante de veículo,Com Vítimas Feridas,Plena Noite,Crescente,Céu Claro,Simples,Reta,Não,1,0,0,1,0,0,1,1,-27.03083589,-50.42583548,SPRF-SC,DEL06-SC,UOP02-DEL06-SC,2021
"342016,0",2021-02-21,domingo,04:50:00,SC,282,"633,5",DESCANSO,Ingestão de álcool pelo condutor,Saída de leito carroçável,Com Vítimas Feridas,Plena Noite,Decrescente,Céu Claro,Simples,Declive;Curva,Não,4,0,4,0,0,0,4,1,-26.824224,-53.412407,SPRF-SC,DEL07-SC,UOP03-DEL07-SC,2021
"342038,0",2021-02-05,sexta-feira,18:30:00,SC,101,"70,5",ARAQUARI,Condutor deixou de manter distância do veículo da frente,Colisão traseira,Com Vítimas Feridas,Anoitecer,Crescente,Céu Claro,Dupla,Reta,Não,2,0,1,0,1,0,1,2,-26.51082007,-48.72345612,SPRF-SC,DEL03-SC,UOP02-DEL03-SC,2021
"342044,0",2021-02-21,domingo,10:30:00,SC,101,"57,0",JOINVILLE,Condutor deixou de manter distância do veículo da frente,Colisão traseira,Com Vítimas Feridas,Pleno dia,Decrescente,Sol,Simples,Reta,Não,1,0,1,0,0,0,1,1,-26.43646093,-48.81113029,SPRF-SC,DEL03-SC,UOP01-DEL03-SC,2021
"342051,0",2021-02-21,domingo,11:42:00,SC,101,"216,4",PALHOCA,Condutor deixou de manter distância do veículo da frente,Colisão traseira,Com Vítimas Feridas,Pleno dia,Crescente,Sol,Dupla,Reta,Sim,4,0,2,0,2,0,2,3,-27.65981409,-48.67747798,SPRF-SC,DEL01-SC,UOP02-DEL01-SC,2021
"342055,0",2021-02-21,domingo,12:30:00,SC,101,"239,0",PALHOCA,Avarias e/ou desgaste excessivo no pneu,Tombamento,Com Vítimas Feridas,Pleno dia,Crescente,Céu Claro,Dupla,Reta,Não,2,0,1,0,1,0,1,1,-27.85046883,-48.63955216,SPRF-SC,DEL01-SC,UOP02-DEL01-SC,2021
"342076,0",2021-02-21,domingo,15:20:00,SC,101,"226,0",PALHOCA,Demais falhas mecânicas ou elétricas,Tombamento,Com Vítimas Feridas,Pleno dia,Decrescente,Céu Claro,Dupla,Reta,Não,2,0,2,0,0,0,2,1,-27.74200001,-48.63806504,SPRF-SC,DEL01-SC,UOP02-DEL01-SC,2021
"342079,0",2021-02-21,domingo,15:40:00,SC,470,"7,2",NAVEGANTES,Acesso irregular,Colisão transversal,Sem Vítimas,Pleno dia,Decrescente,Nublado,Simples,Reta,Não,2,0,0,0,2,0,0,2,-26.84499,-48.71505,SPRF-SC,DEL04-SC,UOP04-DEL04-SC,2021
"342084,0",2021-02-21,domingo,16:10:00,SC,101,"195,4",BIGUACU,Condutor deixou de manter distância do veículo da frente,Colisão traseira,Com Vítimas Feridas,Pleno dia,Crescente,Céu Claro,Dupla,Reta,Não,4,0,2,0,2,0,2,3,-27.5047092,-48.65010819,SPRF-SC,DEL01-SC,UOP01-DEL01-SC,2021
"342106,0",2021-02-21,domingo,15:30:00,SC,101,"101,1",BALNEARIO PICARRAS,Ingestão de álcool pelo condutor,Colisão com objeto,Com Vítimas Feridas,Pleno dia,Crescente,Céu Claro,Dupla,Reta,Não,1,0,1,0,0,0,1,1,-26.76404198,-48.68657667,SPRF-SC,DEL03-SC,UOP02-DEL03-SC,2021
"342117,0",2021-02-21,domingo,19:00:00,SC,101,"206,0",SAO JOSE,Condutor deixou de manter distância do veículo da frente,Colisão traseira,Com Vítimas Feridas,Anoitecer,Decrescente,Céu Claro,Dupla,Reta,Sim,2,0,1,0,0,1,1,2,-27.59193546,-48.61824557,SPRF-SC,DEL01-SC,UOP01-DEL01-SC,2021
"342129,0",2021-02-21,domingo,18:45:00,SC,282,"503,8",XANXERE,Acumulo de areia ou detritos sobre o pavimento,Tombamento,Com Vítimas Feridas,Pleno dia,Decrescente,Sol,Dupla,Curva,Sim,1,0,1,0,0,0,1,1,-26.88492,-52.399788,SPRF-SC,DEL07-SC,UOP01-DEL07-SC,2021
"342139,0",2021-02-21,domingo,17:00:00,SC,282,"495,2",FAXINAL DOS GUEDES,Ingestão de álcool pelo condutor,Colisão com objeto,Com Vítimas Feridas,Pleno dia,Decrescente,Sol,Simples,Curva,Não,1,0,1,0,0,0,1,1,-26.875349,-52.327076,SPRF-SC,DEL07-SC,UOP01-DEL07-SC,2021
"342169,0",2021-02-21,domingo,22:20:00,SC,101,"77,0",ARAQUARI,Ingestão de álcool pelo condutor,Queda de ocupante de veículo,Com Vítimas Feridas,Plena Noite,Decrescente,Céu Claro,Dupla,Reta,Não,1,0,1,0,0,0,1,1,-26.56833103,-48.72029393,SPRF-SC,DEL03-SC,UOP02-DEL03-SC,2021
"342170,0",2021-02-21,domingo,21:10:00,SC,101,"63,5",ARAQUARI,Ingestão de álcool pelo condutor,Colisão traseira,Sem Vítimas,Plena Noite,Decrescente,Céu Claro,Dupla,Reta,Não,6,0,0,0,6,0,0,2,-26.45898367,-48.7584088,SPRF-SC,DEL03-SC,UOP02-DEL03-SC,2021
"342192,0",2021-02-21,domingo,22:45:00,SC,101,"408,7",ARARANGUA,Ingestão de álcool pelo condutor,Saída de leito carroçável,Sem Vítimas,Plena Noite,Decrescente,Nublado,Simples,Reta,Não,1,0,0,0,1,0,0,1,-28.93274934,-49.49512482,SPRF-SC,DEL02-SC,UOP02-DEL02-SC,2021
"342200,0",2021-02-22,segunda-feira,01:45:00,SC,280,"235,0",CANOINHAS,Ingestão de álcool pelo condutor,Saída de leito carroçável,Sem Vítimas,Plena Noite,Decrescente,Céu Claro,Simples,Reta,Sim,1,0,0,0,1,0,0,1,-26.19206283,-50.41295701,SPRF-SC,DEL06-SC,UOP04-DEL06-SC,2021
"342204,0",2021-02-22,segunda-feira,06:40:00,SC,101,"215,0",PALHOCA,Ultrapassagem Indevida,Colisão traseira,Com Vítimas Feridas,Pleno dia,Decrescente,Céu Claro,Dupla,Reta,Sim,3,0,2,0,1,0,2,2,-27.65184843,-48.67604941,SPRF-SC,DEL01-SC,UOP02-DEL01-SC,2021
"342216,0",2021-02-22,segunda-feira,07:40:00,SC,470,"68,3",INDAIAL,Condutor deixou de manter distância do veículo da frente,Colisão traseira,Com Vítimas Feridas,Pleno dia,Crescente,Sol,Dupla,Reta;Em Obras,Sim,2,0,0,1,1,0,1,2,-26.88031583,-49.24295425,SPRF-SC,DEL04-SC,UOP01-DEL04-SC,2021
"342218,0",2021-02-22,segunda-feira,08:00:00,SC,101,"214,6",PALHOCA,Manobra de mudança de faixa,Colisão lateral mesmo sentido,Com Vítimas Feridas,Pleno dia,Decrescente,Sol,Dupla,Reta,Sim,2,0,1,0,1,0,1,2,-27.64443,-48.67057,SPRF-SC,DEL01-SC,UOP02-DEL01-SC,2021
"342237,0",2021-02-22,segunda-feira,09:00:00,SC,282,"5,0",SAO JOSE,Trafegar com motocicleta (ou similar) entre as faixas,Colisão lateral mesmo sentido,Com Vítimas Feridas,Pleno dia,Crescente,Céu Claro,Dupla,Reta,Sim,3,0,0,2,1,0,2,2,-27.588425,-48.612919,SPRF-SC,DEL01-SC,UOP01-DEL01-SC,2021
"342241,0",2021-02-22,segunda-feira,08:30:00,SC,470,"54,0",BLUMENAU,Condutor deixou de manter distância do veículo da frente,Colisão traseira,Com Vítimas Feridas,Pleno dia,Decrescente,Sol,Simples,Reta,Não,3,0,1,0,2,0,1,3,-26.871065,-49.110374,SPRF-SC,DEL04-SC,UOP01-DEL04-SC,2021
"342255,0",2021-02-22,segunda-feira,08:25:00,SC,282,"0,7",FLORIANOPOLIS,Reação tardia ou ineficiente do condutor,Tombamento,Com Vítimas Feridas,Pleno dia,Decrescente,Sol,Dupla,Reta,Sim,1,0,1,0,0,0,1,1,-27.59845,-48.571995,SPRF-SC,DEL01-SC,UOP01-DEL01-SC,2021
"342261,0",2021-02-22,segunda-feira,08:15:00,SC,101,"312,4",LAGUNA,Conversão proibida,Colisão transversal,Com Vítimas Feridas,Pleno dia,Decrescente,Céu Claro,Simples,Reta,Sim,2,0,1,0,1,0,1,2,-28.433701,-48.806344,SPRF-SC,DEL02-SC,UOP01-DEL02-SC,2021
"342276,0",2021-02-22,segunda-feira,12:25:00,SC,116,"133,0",SANTA CECILIA,Desrespeitar a preferência no cruzamento,Colisão traseira,Com Vítimas Feridas,Pleno dia,Crescente,Céu Claro,Simples,Rotatória;Interseção de Vias,Não,2,0,1,0,1,0,1,2,-26.91588013,-50.44574975,SPRF-SC,DEL06-SC,UOP02-DEL06-SC,2021
"342277,0",2021-02-22,segunda-feira,12:40:00,SC,282,"5,0",SAO JOSE,Reação tardia ou ineficiente do condutor,Colisão lateral mesmo sentido,Com Vítimas Feridas,Pleno dia,Decrescente,Sol,Múltipla,Reta,Sim,3,0,2,0,1,0,2,2,-27.588425,-48.612919,SPRF-SC,DEL01-SC,UOP01-DEL01-SC,2021
"342284,0",2021-02-22,segunda-feira,13:30:00,SC,101,"177,4",BIGUACU,Avarias e/ou desgaste excessivo no pneu,Queda de ocupante de veículo,Com Vítimas Feridas,Pleno dia,Crescente,Céu Claro,Dupla,Reta,Não,2,0,2,0,0,0,2,1,-27.35538202,-48.63241474,SPRF-SC,DEL01-SC,UOP01-DEL01-SC,2021
"342290,0",2021-02-22,segunda-feira,12:50:00,SC,282,"260,3",SAO JOSE DO CERRITO,Velocidade Incompatível,Saída de leito carroçável,Com Vítimas Feridas,Pleno dia,Decrescente,Sol,Simples,Curva,Não,4,0,1,0,3,0,1,1,-27.644962,-50.59391,SPRF-SC,DEL05-SC,UOP02-DEL05-SC,2021
"342295,0",2021-02-22,segunda-feira,12:10:00,SC,470,"54,0",BLUMENAU,Acesso irregular,Colisão transversal,Sem Vítimas,Pleno dia,Crescente,Céu Claro,Simples,Reta,Sim,2,0,0,0,1,1,0,2,-26.871065,-49.110374,SPRF-SC,DEL04-SC,UOP01-DEL04-SC,2021
"342311,0",2021-02-22,segunda-feira,15:10:00,SC,282,"59,1",RANCHO QUEIMADO,Acessar a via sem observar a presença dos outros veículos,Colisão frontal,Sem Vítimas,Pleno dia,Decrescente,Céu Claro,Simples,Reta,Não,2,0,0,0,2,0,0,2,-27.67734297,-49.01332498,SPRF-SC,DEL01-SC,UOP03-DEL01-SC,2021
"342316,0",2021-02-22,segunda-feira,16:25:00,SC,101,"195,9",BIGUACU,Transitar na contramão,Colisão transversal,Com Vítimas Feridas,Pleno dia,Decrescente,Sol,Múltipla,Interseção de Vias,Sim,2,0,1,0,1,0,1,2,-27.5047092,-48.65010819,SPRF-SC,DEL01-SC,UOP01-DEL01-SC,2021
"342343,0",2021-02-22,segunda-feira,17:10:00,SC,470,"72,0",INDAIAL,Ausência de reação do condutor,Colisão lateral,Com Vítimas Feridas,Pleno dia,Decrescente,Sol,Simples,Reta,Não,2,0,1,0,1,0,1,2,-26.901979,-49.268745,SPRF-SC,DEL04-SC,UOP01-DEL04-SC,2021
"342359,0",2021-02-22,segunda-feira,18:10:00,SC,116,"242,1",LAGES,Conversão proibida,Colisão traseira,Com Vítimas Feridas,Anoitecer,Crescente,Céu Claro,Simples,Interseção de Vias;Reta,Não,4,0,2,1,1,0,3,2,-27.77666295,-50.34027011,SPRF-SC,DEL05-SC,UOP01-DEL05-SC,2021
"342362,0",2021-02-22,segunda-feira,19:30:00,SC,101,"364,0",SANGAO,Manobra de mudança de faixa,Colisão lateral,Com Vítimas Feridas,Plena Noite,Decrescente,Céu Claro,Dupla,Reta,Não,2,0,1,0,1,0,1,2,-28.67821759,-49.13926425,SPRF-SC,DEL02-SC,UOP01-DEL02-SC,2021
"342369,0",2021-02-22,segunda-feira,22:20:00,SC,470,"60,4",BLUMENAU,Acesso irregular,Colisão transversal,Com Vítimas Feridas,Plena Noite,Crescente,Céu Claro,Simples,Reta,Não,2,0,1,0,1,0,1,2,-26.88138,-49.164543,SPRF-SC,DEL04-SC,UOP01-DEL04-SC,2021
"342378,0",2021-02-22,segunda-feira,23:45:00,SC,101,"212,9",PALHOCA,Ingestão de substâncias psicoativas pelo condutor,Queda de ocupante de veículo,Com Vítimas Feridas,Plena Noite,Crescente,Céu Claro,Múltipla,Reta,Sim,1,0,0,1,0,0,1,1,-27.62996929,-48.65903871,SPRF-SC,DEL01-SC,UOP02-DEL01-SC,2021
"342380,0",2021-02-22,segunda-feira,23:35:00,SC,470,"146,6",RIO DO SUL,Acessar a via sem observar a presença dos outros veículos,Colisão transversal,Com Vítimas Feridas,Plena Noite,Crescente,Céu Claro,Simples,Interseção de Vias,Sim,4,0,0,4,0,0,4,2,-27.23948264,-49.68460679,SPRF-SC,DEL04-SC,UOP02-DEL04-SC,2021
"342389,0",2021-02-23,terça-feira,04:30:00,SC,470,"54,4",BLUMENAU,Ausência de reação do condutor,Colisão transversal,Com Vítimas Feridas,Plena Noite,Crescente,Nublado,Simples,Interseção de Vias,Não,3,0,2,0,1,0,2,2,-26.871065,-49.110374,SPRF-SC,DEL04-SC,UOP01-DEL04-SC,2021
"342398,0",2021-02-23,terça-feira,07:50:00,SC,101,"55,9",JOINVILLE,Condutor deixou de manter distância do veículo da frente,Colisão traseira,Com Vítimas Feridas,Pleno dia,Decrescente,Sol,Dupla,Reta,Não,3,0,1,0,2,0,1,2,-26.42280898,-48.82977496,SPRF-SC,DEL03-SC,UOP01-DEL03-SC,2021
"342401,0",2021-02-23,terça-feira,07:50:00,SC,101,"38,9",JOINVILLE,Condutor deixou de manter distância do veículo da frente,Capotamento,Com Vítimas Feridas,Pleno dia,Decrescente,Céu Claro,Dupla,Reta,Sim,1,0,1,0,0,0,1,1,-26.25472505,-48.90561309,SPRF-SC,DEL03-SC,UOP01-DEL03-SC,2021
"342407,0",2021-02-19,sexta-feira,13:45:00,SC,470,"148,2",AGRONOMICA,Acessar a via sem observar a presença dos outros veículos,Colisão transversal,Com Vítimas Feridas,Pleno dia,Crescente,Céu Claro,Simples,Reta,Não,3,0,1,1,0,1,2,3,-27.246288,-49.694355,SPRF-SC,DEL04-SC,UOP02-DEL04-SC,2021
"342410,0",2021-02-23,terça-feira,07:30:00,SC,280,"5,5",SAO FRANCISCO DO SUL,Desrespeitar a preferência no cruzamento,Colisão transversal,Com Vítimas Feridas,Pleno dia,Decrescente,Nublado,Simples,Interseção de Vias,Sim,3,0,1,0,0,2,1,2,-26.26284242,-48.62941504,SPRF-SC,DEL03-SC,UOP03-DEL03-SC,2021
"342431,0",2021-02-23,terça-feira,09:35:00,SC,282,"509,2",XANXERE,Objeto estático sobre o leito carroçável,Queda de ocupante de veículo,Com Vítimas Feridas,Pleno dia,Crescente,Céu Claro,Simples,Reta,Não,1,0,0,1,0,0,1,1,-26.890533,-52.457096,SPRF-SC,DEL07-SC,UOP01-DEL07-SC,2021
"342436,0",2021-02-23,terça-feira,11:10:00,SC,470,"60,1",BLUMENAU,Desrespeitar a preferência no cruzamento,Colisão transversal,Com Vítimas Feridas,Pleno dia,Crescente,Céu Claro,Simples,Reta,Sim,2,0,0,1,1,0,1,2,-26.88138,-49.164543,SPRF-SC,DEL04-SC,UOP01-DEL04-SC,2021
"342444,0",2021-02-23,terça-feira,11:45:00,SC,116,"7,0",MAFRA,Desrespeitar a preferência no cruzamento,Colisão transversal,Com Vítimas Feridas,Pleno dia,Decrescente,Céu Claro,Simples,Reta,Sim,2,0,1,0,1,0,1,2,-26.15196176,-49.83102416,SPRF-SC,DEL06-SC,UOP01-DEL06-SC,2021
"342445,0",2021-02-23,terça-feira,10:20:00,SC,101,"356,0",SANGAO,Reação tardia ou ineficiente do condutor,Colisão com objeto,Com Vítimas Feridas,Pleno dia,Crescente,Chuva,Dupla,Reta,Não,2,0,1,0,1,0,1,1,-28.62930081,-49.08665412,SPRF-SC,DEL02-SC,UOP01-DEL02-SC,2021
"342464,0",2021-02-23,terça-feira,13:40:00,SC,282,"41,5",AGUAS MORNAS,Condutor deixou de manter distância do veículo da frente,Colisão traseira,Sem Vítimas,Pleno dia,Decrescente,Chuva,Simples,Reta,Não,3,0,0,0,3,0,0,2,-27.715973,-48.878979,SPRF-SC,DEL01-SC,UOP03-DEL01-SC,2021
"342473,0",2021-02-23,terça-feira,08:40:00,SC,101,"438,0",SOMBRIO,Ausência de reação do condutor,Engavetamento,Com Vítimas Feridas,Pleno dia,Decrescente,Sol,Dupla,Reta,Não,6,0,1,0,5,0,1,3,-29.12329351,-49.64670312,SPRF-SC,DEL02-SC,UOP02-DEL02-SC,2021
"342479,0",2021-01-30,sábado,21:45:00,SC,280,"50,0",GUARAMIRIM,Acessar a via sem observar a presença dos outros veículos,Colisão transversal,Com Vítimas Feridas,Plena Noite,Crescente,Céu Claro,Simples,Reta,Não,7,0,3,2,2,0,5,3,-26.4619489,-48.94618404,SPRF-SC,DEL03-SC,UOP03-DEL03-SC,2021
"342487,0",2021-02-23,terça-feira,13:30:00,SC,470,"194,4",POUSO REDONDO,Velocidade Incompatível,Capotamento,Sem Vítimas,Pleno dia,Decrescente,Céu Claro,Simples,Curva,Não,1,0,0,0,0,1,0,1,-27.300501,-50.080284,SPRF-SC,DEL04-SC,UOP02-DEL04-SC,2021
"342504,0",2021-02-23,terça-feira,17:45:00,SC,101,"206,9",SAO JOSE,Desrespeitar a preferência no cruzamento,Colisão lateral,Com Vítimas Feridas,Pleno dia,Crescente,Céu Claro,Dupla,Reta,Sim,3,0,2,0,1,0,2,2,-27.59193546,-48.61824557,SPRF-SC,DEL01-SC,UOP01-DEL01-SC,2021
"342511,0",2021-02-23,terça-feira,17:30:00,SC,101,"201,8",SAO JOSE,Trafegar com motocicleta (ou similar) entre as faixas,Colisão lateral,Com Vítimas Feridas,Anoitecer,Decrescente,Nublado,Dupla,Reta,Sim,3,0,1,0,1,1,1,3,-27.54836599,-48.61977975,SPRF-SC,DEL01-SC,UOP01-DEL01-SC,2021
"342521,0",2021-02-23,terça-feira,19:00:00,SC,282,"330,0",CAMPOS NOVOS,Condutor Dormindo,Saída de leito carroçável,Com Vítimas Feridas,Anoitecer,Crescente,Nublado,Simples,Reta,Não,1,0,1,0,0,0,1,1,-27.384575,-51.106579,SPRF-SC,DEL07-SC,UOP06-DEL07-SC,2021
"342524,0",2021-02-23,terça-feira,18:45:00,SC,101,"40,0",JOINVILLE,Ausência de sinalização,Colisão lateral,Com Vítimas Feridas,Plena Noite,Crescente,Chuva,Múltipla,Reta,Sim,3,0,1,0,2,0,1,3,-26.27176094,-48.89468382,SPRF-SC,DEL03-SC,UOP01-DEL03-SC,2021
"342525,0",2021-02-23,terça-feira,18:50:00,SC,101,"43,5",JOINVILLE,Demais falhas mecânicas ou elétricas,Queda de ocupante de veículo,Com Vítimas Feridas,Plena Noite,Crescente,Chuva,Dupla,Aclive,Sim,2,0,2,0,0,0,2,1,-26.30357106,-48.88225609,SPRF-SC,DEL03-SC,UOP01-DEL03-SC,2021
"342530,0",2021-02-23,terça-feira,17:45:00,SC,280,"97,6",CORUPA,Velocidade Incompatível,Saída de leito carroçável,Com Vítimas Feridas,Anoitecer,Crescente,Nublado,Simples,Curva,Não,2,0,1,0,1,0,1,1,-26.37833107,-49.31732124,SPRF-SC,DEL06-SC,UOP03-DEL06-SC,2021
"342561,0",2021-02-24,quarta-feira,05:30:00,SC,280,"48,0",GUARAMIRIM,Acessar a via sem observar a presença dos outros veículos,Colisão transversal,Com Vítimas Feridas,Pleno dia,Crescente,Céu Claro,Simples,Reta,Não,2,0,1,0,1,0,1,2,-26.45506795,-48.92766502,SPRF-SC,DEL03-SC,UOP03-DEL03-SC,2021
"342575,0",2021-02-24,quarta-feira,06:50:00,SC,101,"141,0",BALNEARIO CAMBORIU,Condutor Dormindo,Colisão com objeto,Com Vítimas Feridas,Pleno dia,Crescente,Nublado,Simples,Curva;Declive,Sim,1,0,1,0,0,0,1,1,-27.04761729,-48.59995855,SPRF-SC,DEL04-SC,UOP03-DEL04-SC,2021
"342589,0",2021-02-24,quarta-feira,07:05:00,SC,282,"577,4",PINHALZINHO,Acessar a via sem observar a presença dos outros veículos,Colisão transversal,Com Vítimas Feridas,Pleno dia,Decrescente,Nublado,Simples,Reta;Aclive,Sim,5,0,1,0,4,0,1,2,-26.84676,-52.980644,SPRF-SC,DEL07-SC,UOP02-DEL07-SC,2021
"342591,0",2021-02-24,quarta-feira,07:30:00,SC,470,"7,0",NAVEGANTES,Acesso irregular,Colisão transversal,Com Vítimas Feridas,Pleno dia,Decrescente,Nublado,Simples,Reta,Não,2,0,1,0,1,0,1,2,-26.84499,-48.71505,SPRF-SC,DEL04-SC,UOP04-DEL04-SC,2021
"342599,0",2021-02-24,quarta-feira,08:50:00,SC,101,"327,2",CAPIVARI DE BAIXO,Desrespeitar a preferência no cruzamento,Colisão transversal,Com Vítimas Feridas,Pleno dia,Crescente,Garoa/Chuvisco,Simples,Interseção de Vias,Não,2,0,1,0,1,0,1,2,-28.43023306,-48.95205197,SPRF-SC,DEL02-SC,UOP01-DEL02-SC,2021
"342621,0",2021-02-24,quarta-feira,11:30:00,SC,470,"7,0",NAVEGANTES,Velocidade Incompatível,Saída de leito carroçável,Com Vítimas Feridas,Pleno dia,Decrescente,Nublado,Dupla,Reta,Não,1,0,1,0,0,0,1,1,-26.84499,-48.71505,SPRF-SC,DEL04-SC,UOP04-DEL04-SC,2021
"342678,0",2021-02-24,quarta-feira,17:45:00,SC,101,"215,0",PALHOCA,Reação tardia ou ineficiente do condutor,Tombamento,Com Vítimas Feridas,Anoitecer,Crescente,Garoa/Chuvisco,Múltipla,Curva,Sim,1,0,1,0,0,0,1,1,-27.65184843,-48.67604941,SPRF-SC,DEL01-SC,UOP02-DEL01-SC,2021
"342693,0",2021-02-24,quarta-feira,16:40:00,SC,470,"96,0",APIUNA,Desrespeitar a preferência no cruzamento,Colisão transversal,Com Vítimas Feridas,Pleno dia,Decrescente,Nublado,Simples,Curva,Sim,2,0,0,1,1,0,1,2,-27.022933,-49.372043,SPRF-SC,DEL04-SC,UOP01-DEL04-SC,2021
"342705,0",2021-01-25,segunda-feira,14:00:00,SC,282,"48,9",AGUAS MORNAS,Chuva,Saída de leito carroçável,Com Vítimas Feridas,Pleno dia,Crescente,Chuva,Simples,Curva,Não,4,0,2,0,2,0,2,1,-27.714352,-48.938072,SPRF-SC,DEL01-SC,UOP03-DEL01-SC,2021