id,data_inversa,dia_semana,horario,uf,br,km,municipio,causa_acidente,tipo_acidente,classificacao_acidente,fase_dia,sentido_via,condicao_metereologica,tipo_pista,tracado_via,uso_solo,pessoas,mortos,feridos_leves,feridos_graves,ilesos,ignorados,feridos,veiculos,latitude,longitude,regional,delegacia,uop,ano_arquivo
"345896,0",2021-03-12,sexta-feira,16:30:00,SC,101,"332,7",TUBARAO,Reação tardia ou ineficiente do condutor,Colisão traseira,Com Vítimas Feridas,Pleno dia,Crescente,Céu Claro,Dupla,Curva,Sim,2,0,1,0,1,0,1,2,-28.46764528,-49.00311112,SPRF-SC,DEL02-SC,UOP01-DEL02-SC,2021
"345916,0",2021-03-12,sexta-feira,20:30:00,SC,280,"27,0",ARAQUARI,Condutor deixou de manter distância do veículo da frente,Colisão traseira,Com Vítimas Feridas,Plena Noite,Decrescente,Céu Claro,Simples,Reta,Sim,2,0,1,0,1,0,1,2,-26.39685622,-48.74021969,SPRF-SC,DEL03-SC,UOP03-DEL03-SC,2021
"345921,0",2021-03-12,sexta-feira,19:50:00,SC,116,"190,9",PONTE ALTA,Reação tardia ou ineficiente do condutor,Colisão com objeto,Com Vítimas Feridas,Plena Noite,Decrescente,Céu Claro,Simples,Curva,Não,1,0,1,0,0,0,1,1,-27.34581721,-50.43271975,SPRF-SC,DEL05-SC,UOP03-DEL05-SC,2021
"345931,0",2021-03-12,sexta-feira,21:45:00,SC,101,"132,0",BALNEARIO CAMBORIU,Pedestre cruzava a pista fora da faixa,Atropelamento de Pedestre,Com Vítimas Feridas,Plena Noite,Crescente,Nublado,Múltipla,Reta,Sim,2,0,0,1,1,0,1,2,-26.99654133,-48.65564711,SPRF-SC,DEL04-SC,UOP03-DEL04-SC,2021
"345945,0",2021-03-12,sexta-feira,22:45:00,SC,101,"137,1",BALNEARIO CAMBORIU,Ausência de reação do condutor,Saída de leito carroçável,Com Vítimas Feridas,Plena Noite,Decrescente,Céu Claro,Múltipla,Reta,Não,1,0,1,0,0,0,1,1,-27.0157238,-48.61192763,SPRF-SC,DEL04-SC,UOP03-DEL04-SC,2021
"345955,0",2021-03-12,sexta-feira,19:50:00,SC,101,"329,1",CAPIVARI DE BAIXO,Demais falhas mecânicas ou elétricas,Saída de leito carroçável,Com Vítimas Feridas,Pleno dia,Crescente,Céu Claro,Dupla,Reta,Sim,2,0,1,1,0,0,2,1,-28.45262768,-48.97537775,SPRF-SC,DEL02-SC,UOP01-DEL02-SC,2021
"345958,0",2021-03-13,sábado,02:50:00,SC,101,"216,0",PALHOCA,Acumulo de água sobre o pavimento,Tombamento,Com Vítimas Feridas,Plena Noite,Decrescente,Nublado,Múltipla,Retorno Regulamentado,Sim,2,0,2,0,0,0,2,1,-27.65981409,-48.67747798,SPRF-SC,DEL01-SC,UOP02-DEL01-SC,2021
"345967,0",2021-03-13,sábado,04:00:00,SC,470,"33,0",GASPAR,Condutor Dormindo,Saída de leito carroçável,Com Vítimas Feridas,Plena Noite,Crescente,Céu Claro,Dupla,Reta,Não,2,0,2,0,0,0,2,1,-26.90619868,-48.94088387,SPRF-SC,DEL04-SC,UOP01-DEL04-SC,2021
"345975,0",2021-03-13,sábado,06:25:00,SC,101,"143,0",ITAPEMA,Reação tardia ou ineficiente do condutor,Tombamento,Sem Vítimas,Pleno dia,Crescente,Nublado,Dupla,Reta,Sim,1,0,0,0,1,0,0,1,-27.06436,-48.59599405,SPRF-SC,DEL04-SC,UOP03-DEL04-SC,2021
"345990,0",2021-03-13,sábado,07:35:00,SC,101,"205,6",SAO JOSE,Manobra de mudança de faixa,Colisão lateral mesmo sentido,Com Vítimas Feridas,Pleno dia,Decrescente,Céu Claro,Múltipla,Reta,Sim,3,0,3,0,0,0,3,3,-27.58313237,-48.61532885,SPRF-SC,DEL01-SC,UOP01-DEL01-SC,2021
"346013,0",2021-03-13,sábado,09:20:00,SC,101,"404,0",ARARANGUA,Pedestre andava na pista,Atropelamento de Pedestre,Com Vítimas Feridas,Pleno dia,Crescente,Sol,Múltipla,Reta,Não,2,0,1,0,1,0,1,2,-28.87801417,-49.45745479,SPRF-SC,DEL02-SC,UOP02-DEL02-SC,2021
"346026,0",2021-02-19,sexta-feira,08:00:00,SC,101,"216,5",PALHOCA,Ultrapassagem Indevida,Colisão lateral,Com Vítimas Feridas,Pleno dia,Decrescente,Céu Claro,Dupla,Reta,Sim,2,0,2,0,0,0,2,2,-27.65981409,-48.67747798,SPRF-SC,DEL01-SC,UOP02-DEL01-SC,2021
"346034,0",2021-03-13,sábado,14:25:00,SC,470,"127,3",LONTRAS,Ingestão de álcool pelo condutor,Colisão lateral sentido oposto,Sem Vítimas,Pleno dia,Crescente,Céu Claro,Simples,Curva,Não,6,0,0,0,6,0,0,2,-27.136574,-49.543015,SPRF-SC,DEL04-SC,UOP02-DEL04-SC,2021
"346046,0",2021-03-13,sábado,12:30:00,SC,101,"99,0",BALNEARIO PICARRAS,Avarias e/ou desgaste excessivo no pneu,Queda de ocupante de veículo,Com Vítimas Feridas,Pleno dia,Decrescente,Céu Claro,Dupla,Reta,Não,2,0,2,0,0,0,2,1,-26.7471002,-48.69654831,SPRF-SC,DEL03-SC,UOP02-DEL03-SC,2021
"346049,0",2021-03-13,sábado,15:50:00,SC,470,"2,0",NAVEGANTES,Reação tardia ou ineficiente do condutor,Eventos atípicos,Com Vítimas Fatais,Pleno dia,Crescente,Céu Claro,Dupla,Reta,Sim,1,1,0,0,0,0,0,1,-26.868551,-48.674831,SPRF-SC,DEL04-SC,UOP04-DEL04-SC,2021
"346050,0",2021-03-13,sábado,15:45:00,SC,101,"412,2",ARARANGUA,Desrespeitar a preferência no cruzamento,Colisão transversal,Com Vítimas Feridas,Pleno dia,Crescente,Sol,Simples,Rotatória,Sim,3,0,1,1,1,0,2,2,-28.94947627,-49.50721085,SPRF-SC,DEL02-SC,UOP02-DEL02-SC,2021
"346051,0",2021-03-13,sábado,14:20:00,SC,101,"241,0",PALHOCA,Ingestão de substâncias psicoativas pelo condutor,Saída de leito carroçável,Com Vítimas Feridas,Pleno dia,Crescente,Céu Claro,Dupla,Reta,Não,1,0,1,0,0,0,1,1,-27.86671599,-48.64607012,SPRF-SC,DEL01-SC,UOP02-DEL01-SC,2021
"346062,0",2021-03-13,sábado,17:00:00,SC,101,"16,5",GARUVA,Avarias e/ou desgaste excessivo no pneu,Saída de leito carroçável,Com Vítimas Feridas,Pleno dia,Crescente,Céu Claro,Dupla,Reta,Não,2,0,2,0,0,0,2,1,-26.11427473,-48.87647034,SPRF-SC,DEL03-SC,UOP01-DEL03-SC,2021
"346098,0",2021-03-13,sábado,19:20:00,SC,280,"0,4",SAO FRANCISCO DO SUL,Transitar na contramão,Colisão lateral sentido oposto,Sem Vítimas,Plena Noite,Crescente,Nublado,Simples,Curva,Não,2,0,0,0,2,0,0,2,-26.241474,-48.63486,SPRF-SC,DEL03-SC,UOP03-DEL03-SC,2021
"346111,0",2021-03-13,sábado,18:50:00,SC,163,"69,6",SAO MIGUEL DO OESTE,Velocidade Incompatível,Saída de leito carroçável,Sem Vítimas,Anoitecer,Crescente,Céu Claro,Dupla,Curva;Aclive,Sim,2,0,0,0,1,1,0,2,-26.74132699,-53.50120591,SPRF-SC,DEL07-SC,UOP03-DEL07-SC,2021
"346118,0",2021-03-13,sábado,19:00:00,SC,280,"261,9",CANOINHAS,Conversão proibida,Colisão lateral mesmo sentido,Com Vítimas Fatais,Plena Noite,Decrescente,Céu Claro,Simples,Reta,Não,2,1,1,0,0,0,1,2,-26.26183021,-50.650612,SPRF-SC,DEL06-SC,UOP04-DEL06-SC,2021
"346141,0",2021-03-14,domingo,01:20:00,SC,101,"211,0",PALHOCA,Ingestão de álcool pelo condutor,Saída de leito carroçável,Com Vítimas Feridas,Plena Noite,Decrescente,Céu Claro,Dupla,Reta,Sim,1,0,1,0,0,0,1,1,-27.62329313,-48.65245588,SPRF-SC,DEL01-SC,UOP02-DEL01-SC,2021
"346144,0",2021-03-14,domingo,01:40:00,SC,101,"149,3",ITAPEMA,Avarias e/ou desgaste excessivo no pneu,Colisão com objeto,Com Vítimas Feridas,Plena Noite,Decrescente,Nublado,Dupla,Curva,Sim,1,0,1,0,0,0,1,1,-27.1089649,-48.61277586,SPRF-SC,DEL04-SC,UOP03-DEL04-SC,2021
"346161,0",2021-03-13,sábado,16:45:00,SC,470,"94,0",APIUNA,Mal súbito do condutor,Colisão frontal,Com Vítimas Feridas,Pleno dia,Crescente,Sol,Simples,Reta,Sim,4,0,0,3,1,0,3,3,-27.003345,-49.374668,SPRF-SC,DEL04-SC,UOP01-DEL04-SC,2021
"346163,0",2021-03-14,domingo,05:35:00,SC,470,"8,0",NAVEGANTES,Conversão proibida,Colisão frontal,Com Vítimas Feridas,Amanhecer,Crescente,Chuva,Simples,Curva,Sim,4,0,1,0,3,0,1,2,-26.83688,-48.718853,SPRF-SC,DEL04-SC,UOP04-DEL04-SC,2021
"346173,0",2021-03-14,domingo,09:00:00,SC,101,"113,0",ITAJAI,Velocidade Incompatível,Colisão traseira,Com Vítimas Feridas,Pleno dia,Crescente,Céu Claro,Dupla,Retorno Regulamentado,Não,2,0,1,0,1,0,1,2,-26.85311393,-48.72689927,SPRF-SC,DEL04-SC,UOP04-DEL04-SC,2021
"346189,0",2021-03-14,domingo,12:09:00,SC,282,"344,0",CAMPOS NOVOS,Desrespeitar a preferência no cruzamento,Colisão transversal,Com Vítimas Feridas,Pleno dia,Crescente,Céu Claro,Dupla,Rotatória,Sim,3,0,2,0,1,0,2,2,-27.38570628,-51.23549592,SPRF-SC,DEL07-SC,UOP06-DEL07-SC,2021
"346208,0",2021-03-14,domingo,16:00:00,SC,101,"137,0",BALNEARIO CAMBORIU,Condutor deixou de manter distância do veículo da frente,Colisão traseira,Com Vítimas Feridas,Pleno dia,Crescente,Nublado,Dupla,Reta,Não,2,0,2,0,0,0,2,2,-27.0157238,-48.61192763,SPRF-SC,DEL04-SC,UOP03-DEL04-SC,2021
"346211,0",2021-03-14,domingo,16:20:00,SC,470,"54,5",BLUMENAU,Desrespeitar a preferência no cruzamento,Colisão transversal,Com Vítimas Feridas,Pleno dia,Crescente,Nublado,Simples,Interseção de Vias,Sim,3,0,1,0,2,0,1,2,-26.871065,-49.110374,SPRF-SC,DEL04-SC,UOP01-DEL04-SC,2021
"346216,0",2021-03-14,domingo,15:20:00,SC,101,"387,0",ICARA,Manobra de mudança de faixa,Colisão traseira,Sem Vítimas,Pleno dia,Decrescente,Garoa/Chuvisco,Dupla,Reta,Não,1,0,0,0,1,0,0,1,-28.78085074,-49.32874013,SPRF-SC,DEL02-SC,UOP02-DEL02-SC,2021
"346221,0",2021-03-14,domingo,17:15:00,SC,101,"120,0",ITAJAI,Velocidade Incompatível,Colisão com objeto,Com Vítimas Feridas,Pleno dia,Crescente,Céu Claro,Dupla,Viaduto,Não,2,0,2,0,0,0,2,1,-26.91931485,-48.71097565,SPRF-SC,DEL04-SC,UOP04-DEL04-SC,2021
"346228,0",2021-03-14,domingo,16:57:00,SC,101,"25,0",JOINVILLE,Mal súbito do condutor,Queda de ocupante de veículo,Com Vítimas Feridas,Pleno dia,Decrescente,Nublado,Dupla,Reta,Sim,1,0,1,0,0,0,1,1,-26.1834739,-48.9105912,SPRF-SC,DEL03-SC,UOP01-DEL03-SC,2021
"346247,0",2021-03-14,domingo,18:50:00,SC,101,"223,0",PALHOCA,Velocidade Incompatível,Engavetamento,Com Vítimas Feridas,Plena Noite,Decrescente,Chuva,Dupla,Aclive;Reta,Não,4,0,1,0,3,0,1,3,-27.71763493,-48.64745021,SPRF-SC,DEL01-SC,UOP02-DEL01-SC,2021
"346261,0",2021-03-14,domingo,19:55:00,SC,101,"41,6",JOINVILLE,Demais falhas mecânicas ou elétricas,Tombamento,Com Vítimas Feridas,Plena Noite,Decrescente,Céu Claro,Dupla,Reta,Sim,1,0,1,0,0,0,1,1,-26.28215489,-48.88973081,SPRF-SC,DEL03-SC,UOP01-DEL03-SC,2021
"346298,0",2021-03-14,domingo,19:50:00,SC,101,"251,0",PAULO LOPES,Reação tardia ou ineficiente do condutor,Saída de leito carroçável,Com Vítimas Feridas,Plena Noite,Decrescente,Céu Claro,Dupla,Curva,Sim,2,0,2,0,0,0,2,1,-27.9490242,-48.67206568,SPRF-SC,DEL02-SC,UOP03-DEL02-SC,2021
"346307,0",2021-03-14,domingo,22:30:00,SC,101,"219,0",PALHOCA,Ingestão de álcool pelo condutor,Tombamento,Sem Vítimas,Plena Noite,Crescente,Nublado,Dupla,Reta,Sim,2,0,0,0,2,0,0,2,-27.68392194,-48.66710085,SPRF-SC,DEL01-SC,UOP02-DEL01-SC,2021
"346320,0",2021-03-14,domingo,21:25:00,SC,470,"194,4",POUSO REDONDO,Frear bruscamente,Tombamento,Com Vítimas Feridas,Plena Noite,Decrescente,Nublado,Simples,Curva,Não,2,0,1,0,1,0,1,2,-27.30223169,-50.08460999,SPRF-SC,DEL04-SC,UOP02-DEL04-SC,2021
"346340,0",2021-03-15,segunda-feira,06:40:00,SC,280,"24,4",ARAQUARI,Ultrapassagem Indevida,Colisão lateral mesmo sentido,Com Vítimas Feridas,Pleno dia,Crescente,Céu Claro,Simples,Reta,Sim,2,0,1,0,1,0,1,2,-26.3806032,-48.72335875,SPRF-SC,DEL03-SC,UOP03-DEL03-SC,2021
"346348,0",2021-03-15,segunda-feira,07:25:00,SC,470,"140,7",RIO DO SUL,Condutor deixou de manter distância do veículo da frente,Colisão traseira,Com Vítimas Feridas,Pleno dia,Decrescente,Sol,Simples,Reta,Não,2,0,1,0,1,0,1,2,-27.222485,-49.662827,SPRF-SC,DEL04-SC,UOP02-DEL04-SC,2021
"346378,0",2021-03-15,segunda-feira,10:21:00,SC,280,"52,0",GUARAMIRIM,Acessar a via sem observar a presença dos outros veículos,Colisão transversal,Com Vítimas Feridas,Pleno dia,Crescente,Céu Claro,Simples,Interseção de Vias,Sim,2,0,1,0,1,0,1,2,-26.468904,-48.96492,SPRF-SC,DEL03-SC,UOP03-DEL03-SC,2021
"346381,0",2021-03-15,segunda-feira,11:10:00,SC,101,"123,0",ITAJAI,Acesso irregular,Colisão transversal,Com Vítimas Feridas,Pleno dia,Crescente,Céu Claro,Múltipla,Viaduto;Interseção de Vias;Rotatória,Sim,2,0,2,0,0,0,2,2,-26.93668609,-48.69876905,SPRF-SC,DEL04-SC,UOP04-DEL04-SC,2021
"346410,0",2021-02-28,domingo,22:00:00,SC,282,"397,2",JOACABA,Condutor Dormindo,Colisão frontal,Com Vítimas Fatais,Plena Noite,Crescente,Céu Claro,Simples,Curva,Não,2,1,0,0,1,0,0,2,-27.15237643,-51.60219312,SPRF-SC,DEL07-SC,UOP05-DEL07-SC,2021
"346428,0",2021-03-15,segunda-feira,17:20:00,SC,470,"100,0",APIUNA,Condutor deixou de manter distância do veículo da frente,Colisão traseira,Com Vítimas Feridas,Anoitecer,Crescente,Nublado,Simples,Reta,Não,2,0,1,0,1,0,1,2,-27.045143,-49.394142,SPRF-SC,DEL04-SC,UOP02-DEL04-SC,2021
"346429,0",2021-03-15,segunda-feira,15:45:00,SC,153,"96,3",CONCORDIA,Desrespeitar a preferência no cruzamento,Colisão transversal,Com Vítimas Feridas,Pleno dia,Crescente,Céu Claro,Simples,Rotatória,Não,2,0,1,0,1,0,1,2,-27.212648,-51.952137,SPRF-SC,DEL07-SC,UOP04-DEL07-SC,2021
"346432,0",2021-03-15,segunda-feira,18:30:00,SC,101,"203,4",SAO JOSE,Acessar a via sem observar a presença dos outros veículos,Colisão lateral mesmo sentido,Com Vítimas Feridas,Anoitecer,Crescente,Nublado,Dupla,Reta,Sim,1,0,1,0,0,0,1,1,-27.5650044,-48.61460082,SPRF-SC,DEL01-SC,UOP01-DEL01-SC,2021
"346447,0",2021-03-15,segunda-feira,18:50:00,SC,101,"119,2",ITAJAI,Reação tardia ou ineficiente do condutor,Tombamento,Com Vítimas Feridas,Plena Noite,Crescente,Céu Claro,Dupla,Reta,Não,1,0,1,0,0,0,1,1,-26.9043179,-48.71555481,SPRF-SC,DEL04-SC,UOP04-DEL04-SC,2021
"346448,0",2021-02-19,sexta-feira,16:15:00,SC,470,"60,1",BLUMENAU,Desrespeitar a preferência no cruzamento,Colisão transversal,Com Vítimas Feridas,Pleno dia,Crescente,Céu Claro,Simples,Retorno Regulamentado,Sim,2,0,1,0,1,0,1,2,-26.88138,-49.164543,SPRF-SC,DEL04-SC,UOP01-DEL04-SC,2021
"346453,0",2021-03-15,segunda-feira,18:30:00,SC,280,"162,8",MAFRA,Acessar a via sem observar a presença dos outros veículos,Colisão traseira,Com Vítimas Feridas,Plena Noite,Crescente,Céu Claro,Simples,Reta;Aclive,Sim,2,0,0,1,1,0,1,2,-26.19739326,-49.79756122,SPRF-SC,DEL06-SC,UOP03-DEL06-SC,2021
"346474,0",2021-02-22,segunda-feira,02:50:00,SC,101,"132,1",BALNEARIO CAMBORIU,Avarias e/ou desgaste excessivo no pneu,Capotamento,Com Vítimas Fatais,Plena Noite,Decrescente,Nublado,Dupla,Reta,Sim,1,1,0,0,0,0,0,1,-26.99654133,-48.65564711,SPRF-SC,DEL04-SC,UOP03-DEL04-SC,2021
"346488,0",2021-03-16,terça-feira,06:50:00,SC,101,"191,6",BIGUACU,Avarias e/ou desgaste excessivo no pneu,Queda de ocupante de veículo,Com Vítimas Feridas,Pleno dia,Crescente,Céu Claro,Dupla,Reta,Não,2,0,2,0,0,0,2,1,-27.47730273,-48.64127329,SPRF-SC,DEL01-SC,UOP01-DEL01-SC,2021
"346506,0",2021-03-16,terça-feira,08:00:00,SC,101,"327,0",CAPIVARI DE BAIXO,Desrespeitar a preferência no cruzamento,Colisão transversal,Com Vítimas Feridas,Pleno dia,Decrescente,Sol,Simples,Reta;Rotatória,Sim,3,0,2,0,1,0,2,2,-28.43920438,-48.96200895,SPRF-SC,DEL02-SC,UOP01-DEL02-SC,2021
"346507,0",2021-03-16,terça-feira,08:30:00,SC,101,"41,0",JOINVILLE,Desrespeitar a preferência no cruzamento,Colisão transversal,Com Vítimas Feridas,Pleno dia,Crescente,Nublado,Dupla,Rotatória,Sim,6,0,4,0,2,0,4,2,-26.31095837,-48.87954712,SPRF-SC,DEL03-SC,UOP01-DEL03-SC,2021
"346511,0",2021-03-16,terça-feira,08:35:00,SC,101,"215,0",PALHOCA,Reação tardia ou ineficiente do condutor,Colisão traseira,Com Vítimas Feridas,Pleno dia,Decrescente,Nublado,Múltipla,Reta,Sim,2,0,1,0,1,0,1,2,-27.65184843,-48.67604941,SPRF-SC,DEL01-SC,UOP02-DEL01-SC,2021
"346516,0",2021-03-16,terça-feira,08:30:00,SC,470,"129,9",LONTRAS,Velocidade Incompatível,Saída de leito carroçável,Com Vítimas Feridas,Pleno dia,Decrescente,Nublado,Simples,Reta,Não,2,0,1,1,0,0,2,1,-27.148499,-49.556137,SPRF-SC,DEL04-SC,UOP02-DEL04-SC,2021
"346519,0",2021-03-16,terça-feira,09:45:00,SC,470,"33,1",GASPAR,Manobra de mudança de faixa,Colisão lateral mesmo sentido,Com Vítimas Feridas,Pleno dia,Crescente,Céu Claro,Dupla,Reta,Sim,2,0,1,0,1,0,1,2,-26.906223,-48.940575,SPRF-SC,DEL04-SC,UOP01-DEL04-SC,2021
"346535,0",2021-03-16,terça-feira,12:05:00,SC,101,"197,2",BIGUACU,Reação tardia ou ineficiente do condutor,Queda de ocupante de veículo,Com Vítimas Feridas,Pleno dia,Decrescente,Céu Claro,Dupla,Viaduto,Sim,1,0,1,0,0,0,1,1,-27.51844497,-48.63848496,SPRF-SC,DEL01-SC,UOP01-DEL01-SC,2021
"346538,0",2021-02-28,domingo,03:30:00,SC,282,"164,5",BOCAINA DO SUL,Condutor Dormindo,Saída de leito carroçável,Com Vítimas Feridas,Amanhecer,Decrescente,Céu Claro,Simples,Reta,Não,1,0,1,0,0,0,1,1,-27.733187,-49.792793,SPRF-SC,DEL05-SC,UOP01-DEL05-SC,2021
"346548,0",2021-03-16,terça-feira,13:30:00,SC,470,"0,7",GASPAR,Conversão proibida,Colisão transversal,Com Vítimas Feridas,Pleno dia,Decrescente,Nublado,Simples,Interseção de Vias;Reta,Sim,2,0,1,1,0,0,2,2,-26.9198271,-48.95923203,SPRF-SC,DEL04-SC,UOP01-DEL04-SC,2021
"346551,0",2021-03-16,terça-feira,07:48:00,SC,163,"70,5",SAO MIGUEL DO OESTE,Acessar a via sem observar a presença dos outros veículos,Colisão traseira,Com Vítimas Feridas,Pleno dia,Decrescente,Céu Claro,Dupla,Reta,Não,2,0,1,0,1,0,1,2,-26.73461723,-53.50680015,SPRF-SC,DEL07-SC,UOP03-DEL07-SC,2021
"346553,0",2021-03-16,terça-feira,14:30:00,SC,101,"213,5",PALHOCA,Condutor deixou de manter distância do veículo da frente,Colisão traseira,Sem Vítimas,Pleno dia,Decrescente,Céu Claro,Dupla,Reta,Sim,2,0,0,0,2,0,0,2,-27.63697369,-48.66514142,SPRF-SC,DEL01-SC,UOP02-DEL01-SC,2021
"346559,0",2021-03-16,terça-feira,15:50:00,SC,101,"187,9",BIGUACU,Carga excessiva e/ou mal acondicionada,Colisão com objeto,Com Vítimas Feridas,Pleno dia,Decrescente,Céu Claro,Dupla,Reta,Não,1,0,0,1,0,0,1,1,-27.44307116,-48.62848475,SPRF-SC,DEL01-SC,UOP01-DEL01-SC,2021
"346574,0",2021-03-16,terça-feira,14:25:00,SC,282,"356,7",CAMPOS NOVOS,Ultrapassagem Indevida,Saída de leito carroçável,Com Vítimas Feridas,Pleno dia,Decrescente,Céu Claro,Simples,Curva,Não,1,0,1,0,0,0,1,1,-27.342428,-51.340664,SPRF-SC,DEL07-SC,UOP05-DEL07-SC,2021
"346602,0",2021-03-16,terça-feira,13:55:00,SC,116,"177,3",SAO CRISTOVAO DO SUL,Reação tardia ou ineficiente do condutor,Queda de ocupante de veículo,Com Vítimas Feridas,Pleno dia,Crescente,Céu Claro,Simples,Reta,Não,1,0,1,0,0,0,1,1,-27.24853416,-50.45683421,SPRF-SC,DEL05-SC,UOP03-DEL05-SC,2021
"346606,0",2021-03-16,terça-feira,19:30:00,SC,101,"206,0",SAO JOSE,Manobra de mudança de faixa,Colisão lateral mesmo sentido,Com Vítimas Feridas,Plena Noite,Crescente,Nublado,Múltipla,Reta,Sim,2,0,1,0,1,0,1,2,-27.59193546,-48.61824557,SPRF-SC,DEL01-SC,UOP01-DEL01-SC,2021
"346623,0",2021-03-16,terça-feira,21:45:00,SC,470,"57,5",BLUMENAU,Reação tardia ou ineficiente do condutor,Tombamento,Com Vítimas Feridas,Plena Noite,Crescente,Céu Claro,Simples,Interseção de Vias,Sim,2,0,2,0,0,0,2,1,-26.8824436,-49.1418944,SPRF-SC,DEL04-SC,UOP01-DEL04-SC,2021
"346663,0",2021-03-17,quarta-feira,08:05:00,SC,101,"116,5",ITAJAI,Ausência de reação do condutor,Tombamento,Com Vítimas Feridas,Pleno dia,Decrescente,Nublado,Dupla,Reta,Sim,1,0,1,0,0,0,1,1,-26.87905605,-48.72603512,SPRF-SC,DEL04-SC,UOP04-DEL04-SC,2021
"346667,0",2021-03-17,quarta-feira,08:30:00,SC,101,"197,2",BIGUACU,Desrespeitar a preferência no cruzamento,Colisão transversal,Com Vítimas Feridas,Pleno dia,Crescente,Sol,Múltipla,Interseção de Vias,Sim,2,0,1,0,0,1,1,2,-27.51844497,-48.63848496,SPRF-SC,DEL01-SC,UOP01-DEL01-SC,2021
"346694,0",2021-03-05,sexta-feira,14:00:00,SC,470,"143,0",RIO DO SUL,Mal súbito do condutor,Colisão com objeto,Com Vítimas Feridas,Pleno dia,Decrescente,Céu Claro,Simples,Rotatória,Não,1,0,1,0,0,0,1,1,-27.233143,-49.672886,SPRF-SC,DEL04-SC,UOP02-DEL04-SC,2021
"346695,0",2021-03-17,quarta-feira,11:30:00,SC,101,"17,6",JOINVILLE,Avarias e/ou desgaste excessivo no pneu,Colisão com objeto,Com Vítimas Feridas,Pleno dia,Crescente,Nublado,Dupla,Reta,Não,2,0,2,0,0,0,2,1,-26.12671893,-48.88682127,SPRF-SC,DEL03-SC,UOP01-DEL03-SC,2021
"346698,0",2021-03-17,quarta-feira,09:00:00,SC,282,"402,9",CATANDUVAS,Velocidade Incompatível,Capotamento,Sem Vítimas,Pleno dia,Crescente,Chuva,Simples,Curva,Não,1,0,0,0,1,0,0,1,-27.115656,-51.631065,SPRF-SC,DEL07-SC,UOP05-DEL07-SC,2021
"346747,0",2021-01-28,quinta-feira,17:50:00,SC,470,"61,7",BLUMENAU,Ingestão de álcool pelo condutor,Colisão transversal,Com Vítimas Feridas,Pleno dia,Decrescente,Céu Claro,Simples,Curva,Não,2,0,0,1,1,0,1,2,-26.878952,-49.17421,SPRF-SC,DEL04-SC,UOP01-DEL04-SC,2021
"346767,0",2021-03-17,quarta-feira,17:25:00,SC,101,"149,2",ITAPEMA,Condutor deixou de manter distância do veículo da frente,Colisão traseira,Com Vítimas Feridas,Pleno dia,Decrescente,Nublado,Simples,Reta,Sim,3,0,2,0,1,0,2,2,-27.1089649,-48.61277586,SPRF-SC,DEL04-SC,UOP03-DEL04-SC,2021
"346768,0",2021-03-17,quarta-feira,17:40:00,SC,282,"0,4",FLORIANOPOLIS,Velocidade Incompatível,Colisão traseira,Com Vítimas Feridas,Pleno dia,Crescente,Sol,Dupla,Reta,Sim,2,0,2,0,0,0,2,2,-27.59875439,-48.57444584,SPRF-SC,DEL01-SC,UOP01-DEL01-SC,2021
"346802,0",2021-03-17,quarta-feira,20:50:00,SC,101,"417,0",ARARANGUA,Velocidade Incompatível,Saída de leito carroçável,Sem Vítimas,Plena Noite,Crescente,Céu Claro,Múltipla,Curva,Não,1,0,0,0,1,0,0,1,-28.97376391,-49.53023409,SPRF-SC,DEL02-SC,UOP02-DEL02-SC,2021
"346809,0",2021-03-17,quarta-feira,20:35:00,SC,101,"416,0",ARARANGUA,Desrespeitar a preferência no cruzamento,Colisão transversal,Com Vítimas Feridas,Plena Noite,Crescente,Chuva,Simples,Reta;Interseção de Vias,Sim,2,0,2,0,0,0,2,2,-28.96708874,-49.52338825,SPRF-SC,DEL02-SC,UOP02-DEL02-SC,2021
"346814,0",2021-03-18,quinta-feira,01:20:00,SC,101,"158,0",PORTO BELO,Ingestão de álcool pelo condutor,Colisão traseira,Sem Vítimas,Plena Noite,Decrescente,Céu Claro,Dupla,Reta,Sim,2,0,0,0,1,1,0,2,-27.19096301,-48.61259017,SPRF-SC,DEL04-SC,UOP03-DEL04-SC,2021
"346830,0",2021-03-17,quarta-feira,17:30:00,SC,280,"233,6",CANOINHAS,Condutor deixou de manter distância do veículo da frente,Colisão traseira,Com Vítimas Feridas,Plena Noite,Crescente,Chuva,Simples,Reta,Sim,2,0,1,0,1,0,1,2,-26.19146187,-50.39215,SPRF-SC,DEL06-SC,UOP04-DEL06-SC,2021
"346864,0",2021-03-18,quinta-feira,12:50:00,SC,470,"126,8",IBIRAMA,Desrespeitar a preferência no cruzamento,Colisão transversal,Com Vítimas Feridas,Pleno dia,Decrescente,Sol,Simples,Interseção de Vias,Sim,2,0,1,0,1,0,1,2,-27.129,-49.538277,SPRF-SC,DEL04-SC,UOP02-DEL04-SC,2021
"346874,0",2021-03-18,quinta-feira,12:50:00,SC,101,"150,5",ITAPEMA,Velocidade Incompatível,Tombamento,Com Vítimas Feridas,Pleno dia,Decrescente,Céu Claro,Simples,Reta,Sim,1,0,0,1,0,0,1,1,-27.11744799,-48.60940987,SPRF-SC,DEL04-SC,UOP03-DEL04-SC,2021
"346875,0",2021-03-18,quinta-feira,14:10:00,SC,470,"125,1",LONTRAS,Desrespeitar a preferência no cruzamento,Colisão transversal,Com Vítimas Feridas,Pleno dia,Crescente,Sol,Simples,Reta,Não,2,0,1,0,1,0,1,2,-27.120506,-49.534946,SPRF-SC,DEL04-SC,UOP02-DEL04-SC,2021