id,data_inversa,dia_semana,horario,uf,br,km,municipio,causa_acidente,tipo_acidente,classificacao_acidente,fase_dia,sentido_via,condicao_metereologica,tipo_pista,tracado_via,uso_solo,pessoas,mortos,feridos_leves,feridos_graves,ilesos,ignorados,feridos,veiculos,latitude,longitude,regional,delegacia,uop,ano_arquivo
"352566,0",2021-04-18,domingo,16:40:00,SC,470,"123,0",IBIRAMA,Pista Escorregadia,Capotamento,Com Vítimas Feridas,Pleno dia,Crescente,Chuva,Simples,Curva;Aclive,Não,3,0,2,0,1,0,2,1,-27.106783,-49.522049,SPRF-SC,DEL04-SC,UOP02-DEL04-SC,2021
"352569,0",2021-04-18,domingo,16:10:00,SC,280,"170,0",MAFRA,Ausência de reação do condutor,Tombamento,Com Vítimas Feridas,Pleno dia,Crescente,Chuva,Simples,Reta,Sim,2,0,1,0,1,0,1,1,-26.14357962,-49.81201773,SPRF-SC,DEL06-SC,UOP01-DEL06-SC,2021
"352584,0",2021-04-18,domingo,19:00:00,SC,282,"17,6",PALHOCA,Condutor deixou de manter distância do veículo da frente,Colisão traseira,Com Vítimas Feridas,Plena Noite,Crescente,Céu Claro,Simples,Reta,Sim,3,0,1,0,2,0,1,3,-27.665707,-48.688065,SPRF-SC,DEL01-SC,UOP02-DEL01-SC,2021
"352593,0",2021-04-18,domingo,17:30:00,SC,282,"227,3",LAGES,Condutor deixou de manter distância do veículo da frente,Colisão traseira,Sem Vítimas,Anoitecer,Decrescente,Céu Claro,Simples,Reta,Não,3,0,0,0,3,0,0,2,-27.795815,-50.399048,SPRF-SC,DEL05-SC,UOP02-DEL05-SC,2021
"352611,0",2021-04-18,domingo,19:55:00,SC,280,"66,0",JARAGUA DO SUL,Ausência de reação do condutor,Colisão traseira,Com Vítimas Feridas,Plena Noite,Crescente,Nublado,Simples,Reta,Sim,5,0,1,0,4,0,1,3,-26.47606607,-49.09568797,SPRF-SC,DEL03-SC,UOP03-DEL03-SC,2021
"352630,0",2021-04-18,domingo,20:30:00,SC,280,"27,2",ARAQUARI,Transitar na contramão,Colisão frontal,Com Vítimas Feridas,Plena Noite,Crescente,Nublado,Simples,Reta,Sim,3,0,0,1,1,1,1,3,-26.39761668,-48.74074817,SPRF-SC,DEL03-SC,UOP03-DEL03-SC,2021
"352640,0",2021-04-18,domingo,21:30:00,SC,101,"306,4",LAGUNA,Chuva,Saída de leito carroçável,Com Vítimas Feridas,Plena Noite,Crescente,Chuva,Múltipla,Curva,Sim,1,0,1,0,0,0,1,1,-28.38437001,-48.77113299,SPRF-SC,DEL02-SC,UOP03-DEL02-SC,2021
"352655,0",2021-04-18,domingo,21:30:00,SC,101,"132,0",BALNEARIO CAMBORIU,Reação tardia ou ineficiente do condutor,Colisão transversal,Sem Vítimas,Plena Noite,Decrescente,Céu Claro,Simples,Reta,Sim,2,0,0,0,2,0,0,2,-26.99654133,-48.65564711,SPRF-SC,DEL04-SC,UOP03-DEL04-SC,2021
"352662,0",2021-04-19,segunda-feira,00:35:00,SC,282,"452,0",PONTE SERRADA,Pista Escorregadia,Saída de leito carroçável,Com Vítimas Feridas,Plena Noite,Crescente,Céu Claro,Simples,Curva,Não,3,0,1,0,2,0,1,1,-26.90612,-51.970417,SPRF-SC,DEL07-SC,UOP04-DEL07-SC,2021
"352664,0",2021-04-19,segunda-feira,04:00:00,SC,101,"252,0",PAULO LOPES,Acumulo de água sobre o pavimento,Saída de leito carroçável,Com Vítimas Feridas,Plena Noite,Crescente,Chuva,Múltipla,Curva,Sim,3,0,0,1,2,0,1,1,-27.96067998,-48.67914319,SPRF-SC,DEL02-SC,UOP03-DEL02-SC,2021
"352686,0",2021-04-19,segunda-feira,08:05:00,SC,101,"208,0",SAO JOSE,Manobra de mudança de faixa,Queda de ocupante de veículo,Com Vítimas Feridas,Pleno dia,Decrescente,Garoa/Chuvisco,Dupla,Reta,Sim,2,0,1,0,0,1,1,2,-27.605128,-48.633819,SPRF-SC,DEL01-SC,UOP01-DEL01-SC,2021
"352698,0",2021-04-19,segunda-feira,07:50:00,SC,282,"590,3",SAUDADES,Acessar a via sem observar a presença dos outros veículos,Colisão transversal,Sem Vítimas,Pleno dia,Decrescente,Céu Claro,Simples,Curva,Não,2,0,0,0,2,0,0,2,-26.825788,-53.072556,SPRF-SC,DEL07-SC,UOP02-DEL07-SC,2021
"352700,0",2021-04-19,segunda-feira,08:30:00,SC,101,"194,0",BIGUACU,Ausência de reação do condutor,Colisão traseira,Com Vítimas Feridas,Pleno dia,Decrescente,Nublado,Múltipla,Reta,Sim,2,0,1,0,1,0,1,2,-27.49815117,-48.65661236,SPRF-SC,DEL01-SC,UOP01-DEL01-SC,2021
"352716,0",2021-04-19,segunda-feira,10:50:00,SC,163,"70,4",SAO MIGUEL DO OESTE,Desrespeitar a preferência no cruzamento,Colisão transversal,Com Vítimas Feridas,Pleno dia,Decrescente,Céu Claro,Dupla,Interseção de Vias;Curva,Sim,2,0,1,0,1,0,1,2,-26.73263698,-53.51000547,SPRF-SC,DEL07-SC,UOP03-DEL07-SC,2021
"352738,0",2021-04-19,segunda-feira,13:45:00,SC,101,"149,5",ITAPEMA,Velocidade Incompatível,Colisão traseira,Com Vítimas Fatais,Pleno dia,Crescente,Céu Claro,Dupla,Aclive,Sim,2,1,0,0,1,0,0,2,-27.1125946,-48.6108449,SPRF-SC,DEL04-SC,UOP03-DEL04-SC,2021
"352774,0",2021-04-18,domingo,05:10:00,SC,470,"204,7",PONTE ALTA,Velocidade Incompatível,Saída de leito carroçável,Com Vítimas Feridas,Amanhecer,Decrescente,Ignorado,Simples,Curva;Declive,Não,1,0,0,1,0,0,1,1,-27.289373,-50.166328,SPRF-SC,DEL05-SC,UOP03-DEL05-SC,2021
"352811,0",2021-04-19,segunda-feira,17:20:00,SC,163,"92,7",GUARACIABA,Acessar a via sem observar a presença dos outros veículos,Colisão traseira,Com Vítimas Feridas,Pleno dia,Crescente,Céu Claro,Simples,Reta;Em Obras;Declive,Não,3,0,1,0,2,0,1,2,-26.54327198,-53.5202837,SPRF-SC,DEL07-SC,UOP03-DEL07-SC,2021
"352819,0",2021-04-19,segunda-feira,18:40:00,SC,101,"209,0",SAO JOSE,Condutor deixou de manter distância do veículo da frente,Colisão traseira,Com Vítimas Feridas,Plena Noite,Decrescente,Chuva,Múltipla,Reta,Sim,2,0,1,0,1,0,1,2,-27.61000542,-48.63895057,SPRF-SC,DEL01-SC,UOP01-DEL01-SC,2021
"352827,0",2021-04-19,segunda-feira,19:00:00,SC,101,"202,0",SAO JOSE,Manobra de mudança de faixa,Colisão lateral mesmo sentido,Com Vítimas Feridas,Plena Noite,Crescente,Chuva,Dupla,Reta,Sim,2,0,1,0,0,1,1,2,-27.55711595,-48.61897889,SPRF-SC,DEL01-SC,UOP01-DEL01-SC,2021
"352833,0",2021-04-19,segunda-feira,19:10:00,SC,116,"10,0",MAFRA,Reação tardia ou ineficiente do condutor,Saída de leito carroçável,Com Vítimas Feridas,Plena Noite,Crescente,Céu Claro,Simples,Declive;Curva,Não,1,0,1,0,0,0,1,1,-26.17288662,-49.85509872,SPRF-SC,DEL06-SC,UOP01-DEL06-SC,2021
"352862,0",2021-04-19,segunda-feira,20:15:00,SC,480,"128,3",CHAPECO,Desrespeitar a preferência no cruzamento,Colisão transversal,Com Vítimas Feridas,Plena Noite,Crescente,Céu Claro,Simples,Interseção de Vias,Sim,2,0,0,1,1,0,1,2,-27.03994407,-52.63526386,SPRF-SC,DEL07-SC,UOP01-DEL07-SC,2021
"352864,0",2021-04-19,segunda-feira,23:25:00,SC,280,"52,3",GUARAMIRIM,Acessar a via sem observar a presença dos outros veículos,Colisão transversal,Com Vítimas Feridas,Plena Noite,Crescente,Garoa/Chuvisco,Simples,Reta,Sim,3,0,1,0,2,0,1,2,-26.4757049,-48.98824,SPRF-SC,DEL03-SC,UOP03-DEL03-SC,2021
"352876,0",2021-04-20,terça-feira,02:50:00,SC,101,"211,6",PALHOCA,Manobra de mudança de faixa,Tombamento,Sem Vítimas,Plena Noite,Decrescente,Céu Claro,Múltipla,Em Obras,Sim,1,0,0,0,0,1,0,1,-27.6239426,-48.65273952,SPRF-SC,DEL01-SC,UOP02-DEL01-SC,2021
"352891,0",2021-02-23,terça-feira,07:45:00,SC,282,"26,7",SANTO AMARO DA IMPERATRIZ,Acessar a via sem observar a presença dos outros veículos,Colisão transversal,Com Vítimas Feridas,Pleno dia,Decrescente,Céu Claro,Simples,Reta,Sim,3,0,1,1,1,0,2,2,-27.680267,-48.762482,SPRF-SC,DEL01-SC,UOP03-DEL01-SC,2021
"352894,0",2021-04-20,terça-feira,08:00:00,SC,282,"2,0",FLORIANOPOLIS,Condutor deixou de manter distância do veículo da frente,Colisão traseira,Sem Vítimas,Pleno dia,Decrescente,Céu Claro,Dupla,Reta,Sim,3,0,0,0,3,0,0,3,-27.603289,-48.590416,SPRF-SC,DEL01-SC,UOP01-DEL01-SC,2021
"352907,0",2021-04-20,terça-feira,08:45:00,SC,116,"131,3",SANTA CECILIA,Velocidade Incompatível,Capotamento,Com Vítimas Feridas,Pleno dia,Crescente,Céu Claro,Simples,Curva,Não,1,0,1,0,0,0,1,1,-26.89968986,-50.43667825,SPRF-SC,DEL06-SC,UOP02-DEL06-SC,2021
"352934,0",2021-03-27,sábado,15:10:00,SC,101,"123,0",ITAJAI,Desrespeitar a preferência no cruzamento,Colisão transversal,Com Vítimas Feridas,Pleno dia,Crescente,Céu Claro,Múltipla,Rotatória,Sim,2,0,1,0,1,0,1,2,-26.93668609,-48.69876905,SPRF-SC,DEL04-SC,UOP04-DEL04-SC,2021
"352936,0",2021-04-20,terça-feira,12:50:00,SC,470,"134,3",RIO DO SUL,Deficiência do Sistema de Iluminação/Sinalização,Colisão traseira,Com Vítimas Feridas,Pleno dia,Crescente,Sol,Simples,Ponte,Sim,2,0,0,1,1,0,1,2,-27.181854,-49.600128,SPRF-SC,DEL04-SC,UOP02-DEL04-SC,2021
"352937,0",2021-04-20,terça-feira,13:20:00,SC,101,"322,0",PESCARIA BRAVA,Ausência de reação do condutor,Saída de leito carroçável,Com Vítimas Feridas,Pleno dia,Crescente,Sol,Dupla,Reta,Não,3,0,3,0,0,0,3,1,-28.42491971,-48.90238108,SPRF-SC,DEL02-SC,UOP01-DEL02-SC,2021
"352965,0",2021-04-20,terça-feira,15:45:00,SC,282,"19,9",PALHOCA,Desrespeitar a preferência no cruzamento,Colisão transversal,Com Vítimas Feridas,Pleno dia,Crescente,Céu Claro,Simples,Reta,Não,2,0,1,0,1,0,1,2,-27.678635,-48.70192,SPRF-SC,DEL01-SC,UOP02-DEL01-SC,2021
"352986,0",2021-04-20,terça-feira,17:40:00,SC,280,"31,0",ARAQUARI,Reação tardia ou ineficiente do condutor,Colisão transversal,Sem Vítimas,Anoitecer,Decrescente,Garoa/Chuvisco,Simples,Interseção de Vias;Reta,Sim,2,0,0,0,2,0,0,2,-26.41649938,-48.77181215,SPRF-SC,DEL03-SC,UOP03-DEL03-SC,2021
"352990,0",2021-04-20,terça-feira,18:40:00,SC,282,"16,8",PALHOCA,Reação tardia ou ineficiente do condutor,Colisão lateral sentido oposto,Com Vítimas Feridas,Plena Noite,Crescente,Garoa/Chuvisco,Simples,Reta,Sim,1,0,1,0,0,0,1,1,-27.658611,-48.681847,SPRF-SC,DEL01-SC,UOP02-DEL01-SC,2021
"352991,0",2021-04-20,terça-feira,17:00:00,SC,101,"404,6",ARARANGUA,Reação tardia ou ineficiente do condutor,Colisão com objeto,Com Vítimas Feridas,Pleno dia,Crescente,Garoa/Chuvisco,Dupla,Desvio Temporário,Não,1,0,1,0,0,0,1,1,-28.87801417,-49.45745479,SPRF-SC,DEL02-SC,UOP02-DEL02-SC,2021
"352992,0",2021-04-20,terça-feira,18:05:00,SC,101,"96,0",BARRA VELHA,Demais falhas mecânicas ou elétricas,Tombamento,Com Vítimas Feridas,Plena Noite,Crescente,Nublado,Simples,Reta,Não,2,0,2,0,0,0,2,1,-26.718427,-48.70233,SPRF-SC,DEL03-SC,UOP02-DEL03-SC,2021
"352999,0",2021-04-20,terça-feira,18:20:00,SC,470,"48,7",BLUMENAU,Reação tardia ou ineficiente do condutor,Colisão lateral mesmo sentido,Com Vítimas Feridas,Plena Noite,Decrescente,Nublado,Dupla,Reta;Em Obras,Sim,2,0,2,0,0,0,2,2,-26.86071555,-49.06507015,SPRF-SC,DEL04-SC,UOP01-DEL04-SC,2021
"353003,0",2021-04-20,terça-feira,17:20:00,SC,280,"305,5",PORTO UNIAO,Acessar a via sem observar a presença dos outros veículos,Atropelamento de Pedestre,Com Vítimas Feridas,Pleno dia,Decrescente,Céu Claro,Simples,Reta,Sim,2,0,1,0,1,0,1,2,-26.26625102,-51.05981502,SPRF-SC,DEL06-SC,UOP04-DEL06-SC,2021
"353012,0",2021-04-20,terça-feira,19:30:00,SC,116,"197,3",PONTE ALTA,Reação tardia ou ineficiente do condutor,Colisão lateral mesmo sentido,Com Vítimas Feridas,Plena Noite,Decrescente,Céu Claro,Simples,Reta,Não,3,0,2,0,0,1,2,2,-27.40551088,-50.42080777,SPRF-SC,DEL05-SC,UOP03-DEL05-SC,2021
"353033,0",2021-04-20,terça-feira,20:40:00,SC,280,"129,0",RIO NEGRINHO,Velocidade Incompatível,Queda de ocupante de veículo,Com Vítimas Feridas,Plena Noite,Crescente,Céu Claro,Simples,Reta,Sim,2,0,2,0,0,0,2,2,-26.24586437,-49.52284615,SPRF-SC,DEL06-SC,UOP03-DEL06-SC,2021
"353045,0",2021-04-03,sábado,13:23:00,SC,101,"189,0",BIGUACU,Acumulo de óleo sobre o pavimento,Engavetamento,Com Vítimas Feridas,Pleno dia,Crescente,Sol,Dupla,Reta,Não,9,0,4,0,5,0,4,6,-27.459393,-48.638914,SPRF-SC,DEL01-SC,UOP01-DEL01-SC,2021
"353046,0",2021-04-20,terça-feira,22:30:00,SC,101,"14,5",GARUVA,Reação tardia ou ineficiente do condutor,Colisão traseira,Com Vítimas Feridas,Plena Noite,Crescente,Nublado,Dupla,Reta,Não,2,0,1,0,1,0,1,2,-26.1015979,-48.86961758,SPRF-SC,DEL03-SC,UOP01-DEL03-SC,2021
"353050,0",2021-04-20,terça-feira,23:40:00,SC,282,"1,0",FLORIANOPOLIS,Ingestão de álcool pelo condutor,Colisão lateral mesmo sentido,Com Vítimas Feridas,Plena Noite,Crescente,Chuva,Múltipla,Reta,Sim,2,0,1,0,1,0,1,2,-27.602955,-48.580509,SPRF-SC,DEL01-SC,UOP01-DEL01-SC,2021
"353080,0",2021-04-21,quarta-feira,08:00:00,SC,101,"179,6",GOVERNADOR CELSO RAMOS,Acumulo de água sobre o pavimento,Tombamento,Com Vítimas Feridas,Pleno dia,Crescente,Chuva,Dupla,Reta,Não,1,0,1,0,0,0,1,1,-27.37281717,-48.63322708,SPRF-SC,DEL01-SC,UOP01-DEL01-SC,2021
"353082,0",2021-03-08,segunda-feira,15:20:00,SC,280,"48,3",GUARAMIRIM,Desrespeitar a preferência no cruzamento,Colisão transversal,Com Vítimas Fatais,Pleno dia,Decrescente,Céu Claro,Simples,Declive,Sim,3,1,0,0,2,0,0,2,-26.4560548,-48.9301548,SPRF-SC,DEL03-SC,UOP03-DEL03-SC,2021
"353091,0",2021-04-21,quarta-feira,06:15:00,SC,280,"105,0",SAO BENTO DO SUL,Velocidade Incompatível,Saída de leito carroçável,Com Vítimas Fatais,Amanhecer,Crescente,Garoa/Chuvisco,Simples,Curva;Aclive,Não,3,2,1,0,0,0,1,1,-26.344034,-49.3757161,SPRF-SC,DEL06-SC,UOP03-DEL06-SC,2021
"353106,0",2021-04-21,quarta-feira,10:35:00,SC,101,"192,7",BIGUACU,Pista Escorregadia,Colisão com objeto,Com Vítimas Feridas,Pleno dia,Decrescente,Garoa/Chuvisco,Dupla,Reta,Não,1,0,1,0,0,0,1,1,-27.48443781,-48.64765238,SPRF-SC,DEL01-SC,UOP01-DEL01-SC,2021
"353113,0",2021-04-21,quarta-feira,10:55:00,SC,101,"323,0",LAGUNA,Acumulo de água sobre o pavimento,Colisão com objeto,Com Vítimas Feridas,Pleno dia,Decrescente,Chuva,Dupla,Viaduto,Sim,2,0,2,0,0,0,2,1,-28.42789556,-48.91248313,SPRF-SC,DEL02-SC,UOP01-DEL02-SC,2021
"353135,0",2021-04-21,quarta-feira,12:31:00,SC,101,"367,0",ICARA,Velocidade Incompatível,Colisão com objeto,Com Vítimas Feridas,Pleno dia,Decrescente,Chuva,Dupla,Curva,Não,1,0,0,1,0,0,1,1,-28.69698735,-49.17617798,SPRF-SC,DEL02-SC,UOP01-DEL02-SC,2021
"353136,0",2021-04-21,quarta-feira,14:30:00,SC,101,"192,3",BIGUACU,Pista Escorregadia,Colisão com objeto,Com Vítimas Feridas,Pleno dia,Crescente,Nublado,Múltipla,Curva,Não,1,0,1,0,0,0,1,1,-27.48443781,-48.64765238,SPRF-SC,DEL01-SC,UOP01-DEL01-SC,2021
"353137,0",2021-04-21,quarta-feira,15:00:00,SC,101,"192,0",BIGUACU,Demais falhas mecânicas ou elétricas,Colisão traseira,Sem Vítimas,Pleno dia,Crescente,Nublado,Múltipla,Curva,Sim,2,0,0,0,2,0,0,2,-27.489574,-48.655914,SPRF-SC,DEL01-SC,UOP01-DEL01-SC,2021
"353160,0",2021-04-21,quarta-feira,17:25:00,SC,101,"25,0",JOINVILLE,Manobra de mudança de faixa,Colisão com objeto,Com Vítimas Feridas,Anoitecer,Decrescente,Céu Claro,Dupla,Curva,Não,2,0,0,2,0,0,2,1,-26.1834739,-48.9105912,SPRF-SC,DEL03-SC,UOP01-DEL03-SC,2021
"353207,0",2021-04-21,quarta-feira,20:30:00,SC,282,"492,9",FAXINAL DOS GUEDES,Ausência de reação do condutor,Saída de leito carroçável,Com Vítimas Fatais,Plena Noite,Decrescente,Céu Claro,Simples,Rotatória,Não,1,1,0,0,0,0,0,1,-26.871534,-52.300915,SPRF-SC,DEL07-SC,UOP01-DEL07-SC,2021
"353213,0",2021-04-21,quarta-feira,20:30:00,SC,101,"131,1",BALNEARIO CAMBORIU,Acumulo de água sobre o pavimento,Tombamento,Com Vítimas Feridas,Plena Noite,Decrescente,Chuva,Simples,Reta,Sim,1,0,0,1,0,0,1,1,-26.99064209,-48.66310912,SPRF-SC,DEL04-SC,UOP03-DEL04-SC,2021
"353216,0",2021-04-21,quarta-feira,21:00:00,SC,280,"26,5",ARAQUARI,Acessar a via sem observar a presença dos outros veículos,Colisão traseira,Com Vítimas Feridas,Plena Noite,Crescente,Chuva,Simples,Reta,Sim,2,0,2,0,0,0,2,2,-26.38972308,-48.73411593,SPRF-SC,DEL03-SC,UOP03-DEL03-SC,2021
"353221,0",2021-04-21,quarta-feira,16:40:00,SC,470,"124,8",IBIRAMA,Reação tardia ou ineficiente do condutor,Capotamento,Com Vítimas Feridas,Pleno dia,Decrescente,Céu Claro,Simples,Reta,Não,2,0,2,0,0,0,2,1,-27.113192,-49.529163,SPRF-SC,DEL04-SC,UOP02-DEL04-SC,2021
"353231,0",2021-04-22,quinta-feira,00:01:00,SC,101,"41,0",JOINVILLE,Velocidade Incompatível,Colisão com objeto,Com Vítimas Feridas,Plena Noite,Crescente,Garoa/Chuvisco,Dupla,Curva,Sim,1,0,1,0,0,0,1,1,-26.28215489,-48.88973081,SPRF-SC,DEL03-SC,UOP01-DEL03-SC,2021
"353233,0",2021-04-22,quinta-feira,02:15:00,SC,101,"218,3",PALHOCA,Animais na Pista,Atropelamento de Animal,Com Vítimas Feridas,Plena Noite,Crescente,Nublado,Múltipla,Declive,Sim,1,0,1,0,0,0,1,1,-27.67952392,-48.66940677,SPRF-SC,DEL01-SC,UOP02-DEL01-SC,2021
"353240,0",2021-04-22,quinta-feira,03:00:00,SC,282,"132,0",BOM RETIRO,Condutor Dormindo,Saída de leito carroçável,Com Vítimas Feridas,Plena Noite,Crescente,Céu Claro,Simples,Reta,Não,2,0,1,0,1,0,1,1,-27.8097,-49.522575,SPRF-SC,DEL05-SC,UOP01-DEL05-SC,2021
"353259,0",2021-04-22,quinta-feira,06:30:00,SC,282,"89,0",ALFREDO WAGNER,Velocidade Incompatível,Saída de leito carroçável,Sem Vítimas,Pleno dia,Crescente,Céu Claro,Simples,Reta,Não,2,0,0,0,2,0,0,1,-27.677973,-49.215893,SPRF-SC,DEL01-SC,UOP03-DEL01-SC,2021
"353266,0",2021-04-22,quinta-feira,08:10:00,SC,101,"207,1",SAO JOSE,Ausência de reação do condutor,Colisão traseira,Com Vítimas Feridas,Pleno dia,Decrescente,Céu Claro,Dupla,Reta,Não,2,0,1,0,1,0,1,2,-27.60001226,-48.6226467,SPRF-SC,DEL01-SC,UOP01-DEL01-SC,2021
"353331,0",2021-04-22,quinta-feira,14:50:00,SC,101,"333,7",TUBARAO,Desrespeitar a preferência no cruzamento,Colisão transversal,Com Vítimas Feridas,Pleno dia,Decrescente,Céu Claro,Múltipla,Interseção de Vias;Viaduto,Sim,2,0,1,0,1,0,1,2,-28.46630107,-48.99653096,SPRF-SC,DEL02-SC,UOP01-DEL02-SC,2021
"353339,0",2021-04-22,quinta-feira,13:20:00,SC,282,"360,0",ERVAL VELHO,Velocidade Incompatível,Saída de leito carroçável,Com Vítimas Feridas,Pleno dia,Decrescente,Céu Claro,Simples,Reta,Não,1,0,1,0,0,0,1,1,-27.317354,-51.366764,SPRF-SC,DEL07-SC,UOP05-DEL07-SC,2021
"353352,0",2021-04-22,quinta-feira,17:10:00,SC,282,"389,5",JOACABA,Acumulo de óleo sobre o pavimento,Tombamento,Com Vítimas Feridas,Anoitecer,Crescente,Céu Claro,Simples,Reta,Sim,1,0,1,0,0,0,1,1,-27.179414,-51.539068,SPRF-SC,DEL07-SC,UOP05-DEL07-SC,2021
"353389,0",2021-04-22,quinta-feira,18:55:00,SC,282,"499,7",XANXERE,Estacionar ou parar em local proibido,Atropelamento de Pedestre,Com Vítimas Feridas,Plena Noite,Crescente,Céu Claro,Simples,Declive,Não,3,0,0,1,2,0,1,2,-26.881107,-52.365203,SPRF-SC,DEL07-SC,UOP01-DEL07-SC,2021
"353410,0",2021-04-23,sexta-feira,01:35:00,SC,101,"128,0",CAMBORIU,Ingestão de álcool pelo condutor,Colisão com objeto,Sem Vítimas,Plena Noite,Crescente,Nublado,Dupla,Reta,Não,1,0,0,0,0,1,0,1,-26.97284292,-48.68299451,SPRF-SC,DEL04-SC,UOP03-DEL04-SC,2021
"353437,0",2021-04-22,quinta-feira,22:50:00,SC,282,"490,0",FAXINAL DOS GUEDES,Ingestão de álcool pelo condutor,Colisão lateral mesmo sentido,Sem Vítimas,Plena Noite,Crescente,Céu Claro,Simples,Interseção de Vias,Não,3,0,0,0,3,0,0,2,-26.85691569,-52.26078272,SPRF-SC,DEL07-SC,UOP01-DEL07-SC,2021
"353453,0",2021-04-23,sexta-feira,09:45:00,SC,101,"357,0",SANGAO,Reação tardia ou ineficiente do condutor,Colisão traseira,Com Vítimas Feridas,Pleno dia,Decrescente,Sol,Dupla,Reta,Não,2,0,1,0,1,0,1,2,-28.635168,-49.09467,SPRF-SC,DEL02-SC,UOP01-DEL02-SC,2021
"353479,0",2021-04-23,sexta-feira,12:38:00,SC,101,"126,0",ITAJAI,Demais falhas mecânicas ou elétricas,Incêndio,Sem Vítimas,Pleno dia,Decrescente,Céu Claro,Dupla,Reta,Não,1,0,0,0,1,0,0,1,-26.95564404,-48.67978366,SPRF-SC,DEL04-SC,UOP04-DEL04-SC,2021
"353484,0",2021-04-23,sexta-feira,06:30:00,SC,101,"129,1",BALNEARIO CAMBORIU,Ausência de reação do condutor,Saída de leito carroçável,Sem Vítimas,Pleno dia,Crescente,Céu Claro,Dupla,Reta,Sim,1,0,0,0,0,1,0,1,-26.98064277,-48.6790679,SPRF-SC,DEL04-SC,UOP03-DEL04-SC,2021
"353487,0",2021-04-23,sexta-feira,13:40:00,SC,163,"75,0",SAO MIGUEL DO OESTE,Pedestre cruzava a pista fora da faixa,Atropelamento de Pedestre,Com Vítimas Feridas,Pleno dia,Crescente,Céu Claro,Dupla,Reta,Sim,2,0,2,0,0,0,2,2,-26.69341396,-53.5158321,SPRF-SC,DEL07-SC,UOP03-DEL07-SC,2021
"353489,0",2021-04-23,sexta-feira,15:06:00,SC,101,"201,0",SAO JOSE,Condutor deixou de manter distância do veículo da frente,Colisão traseira,Com Vítimas Feridas,Pleno dia,Decrescente,Céu Claro,Dupla,Reta,Não,3,0,1,0,2,0,1,2,-27.54836599,-48.61977975,SPRF-SC,DEL01-SC,UOP01-DEL01-SC,2021
"353491,0",2021-04-23,sexta-feira,07:30:00,SC,163,"69,4",SAO MIGUEL DO OESTE,Transitar na contramão,Colisão transversal,Com Vítimas Feridas,Pleno dia,Decrescente,Céu Claro,Dupla,Curva;Declive;Interseção de Vias,Sim,2,0,1,0,1,0,1,2,-26.74132699,-53.50120591,SPRF-SC,DEL07-SC,UOP03-DEL07-SC,2021
"353496,0",2021-04-23,sexta-feira,16:20:00,SC,101,"207,4",SAO JOSE,Condutor deixou de manter distância do veículo da frente,Colisão traseira,Com Vítimas Feridas,Pleno dia,Decrescente,Sol,Simples,Declive,Sim,2,0,1,0,0,1,1,2,-27.60001226,-48.6226467,SPRF-SC,DEL01-SC,UOP01-DEL01-SC,2021
"353498,0",2021-04-23,sexta-feira,15:20:00,SC,280,"82,0",CORUPA,Entrada inopinada do pedestre,Atropelamento de Pedestre,Com Vítimas Feridas,Pleno dia,Decrescente,Céu Claro,Simples,Rotatória,Sim,2,0,1,0,1,0,1,2,-26.44009491,-49.22605498,SPRF-SC,DEL06-SC,UOP03-DEL06-SC,2021
"353520,0",2021-04-23,sexta-feira,18:10:00,SC,101,"265,2",PAULO LOPES,Animais na Pista,Tombamento,Com Vítimas Feridas,Anoitecer,Crescente,Céu Claro,Simples,Reta,Sim,1,0,0,1,0,0,1,1,-28.06001385,-48.71690948,SPRF-SC,DEL02-SC,UOP03-DEL02-SC,2021
"353524,0",2021-04-23,sexta-feira,19:00:00,SC,101,"214,0",PALHOCA,Condutor deixou de manter distância do veículo da frente,Colisão traseira,Com Vítimas Feridas,Plena Noite,Crescente,Céu Claro,Múltipla,Reta,Sim,2,0,1,0,1,0,1,2,-27.64443,-48.67057,SPRF-SC,DEL01-SC,UOP02-DEL01-SC,2021
"353526,0",2021-04-23,sexta-feira,17:30:00,SC,470,"63,0",INDAIAL,Conversão proibida,Colisão transversal,Com Vítimas Feridas,Pleno dia,Decrescente,Nublado,Simples,Reta,Não,2,0,1,0,1,0,1,2,-26.872396,-49.19228,SPRF-SC,DEL04-SC,UOP01-DEL04-SC,2021
"353541,0",2021-04-23,sexta-feira,19:30:00,SC,101,"193,0",BIGUACU,Avarias e/ou desgaste excessivo no pneu,Colisão com objeto,Com Vítimas Feridas,Plena Noite,Crescente,Chuva,Dupla,Curva,Não,1,0,1,0,0,0,1,1,-27.489574,-48.655914,SPRF-SC,DEL01-SC,UOP01-DEL01-SC,2021
"353545,0",2021-04-23,sexta-feira,20:00:00,SC,101,"199,0",BIGUACU,Condutor deixou de manter distância do veículo da frente,Colisão traseira,Com Vítimas Feridas,Plena Noite,Decrescente,Céu Claro,Simples,Reta,Sim,2,0,1,0,1,0,1,2,-27.53413705,-48.63003205,SPRF-SC,DEL01-SC,UOP01-DEL01-SC,2021
"353567,0",2021-04-23,sexta-feira,18:00:00,SC,282,"670,5",PARAISO,Ingestão de álcool pelo condutor,Colisão frontal,Com Vítimas Feridas,Anoitecer,Crescente,Céu Claro,Simples,Curva;Declive,Não,3,0,0,1,1,1,1,3,-26.630629,-53.640423,SPRF-SC,DEL07-SC,UOP03-DEL07-SC,2021