id,data_inversa,dia_semana,horario,uf,br,km,municipio,causa_acidente,tipo_acidente,classificacao_acidente,fase_dia,sentido_via,condicao_metereologica,tipo_pista,tracado_via,uso_solo,pessoas,mortos,feridos_leves,feridos_graves,ilesos,ignorados,feridos,veiculos,latitude,longitude,regional,delegacia,uop,ano_arquivo
"354707,0",2021-04-30,sexta-feira,13:45:00,SC,470,"56,4",BLUMENAU,Conversão proibida,Colisão transversal,Com Vítimas Feridas,Pleno dia,Crescente,Sol,Simples,Reta,Sim,2,0,1,0,1,0,1,2,-26.87854984,-49.13348241,SPRF-SC,DEL04-SC,UOP01-DEL04-SC,2021
"354720,0",2021-04-30,sexta-feira,12:00:00,SC,101,"38,0",JOINVILLE,Acessar a via sem observar a presença dos outros veículos,Colisão transversal,Com Vítimas Feridas,Pleno dia,Crescente,Céu Claro,Dupla,Rotatória;Interseção de Vias,Sim,2,0,1,0,1,0,1,2,-26.29641603,-48.88448238,SPRF-SC,DEL03-SC,UOP01-DEL03-SC,2021
"354724,0",2021-04-30,sexta-feira,13:50:00,SC,101,"417,5",ARARANGUA,Reação tardia ou ineficiente do condutor,Colisão traseira,Com Vítimas Feridas,Pleno dia,Decrescente,Céu Claro,Dupla,Declive,Não,3,0,0,1,1,1,1,3,-28.97376391,-49.53023409,SPRF-SC,DEL02-SC,UOP02-DEL02-SC,2021
"354742,0",2021-04-30,sexta-feira,15:50:00,SC,101,"223,0",PALHOCA,Desrespeitar a preferência no cruzamento,Colisão transversal,Com Vítimas Feridas,Pleno dia,Crescente,Sol,Dupla,Interseção de Vias;Retorno Regulamentado;Viaduto,Sim,2,0,1,0,1,0,1,2,-27.71552634,-48.64881251,SPRF-SC,DEL01-SC,UOP02-DEL01-SC,2021
"354760,0",2021-04-30,sexta-feira,16:25:00,SC,101,"126,0",ITAJAI,Trafegar com motocicleta (ou similar) entre as faixas,Colisão traseira,Com Vítimas Feridas,Pleno dia,Decrescente,Céu Claro,Dupla,Reta,Não,1,0,0,1,0,0,1,1,-26.95564404,-48.67978366,SPRF-SC,DEL04-SC,UOP04-DEL04-SC,2021
"354802,0",2021-04-30,sexta-feira,17:50:00,SC,280,"190,0",MAFRA,Conversão proibida,Colisão traseira,Com Vítimas Feridas,Plena Noite,Decrescente,Nublado,Simples,Reta,Sim,2,0,1,0,1,0,1,2,-26.17943391,-49.97899632,SPRF-SC,DEL06-SC,UOP01-DEL06-SC,2021
"354806,0",2021-04-30,sexta-feira,19:45:00,SC,101,"134,0",BALNEARIO CAMBORIU,Reação tardia ou ineficiente do condutor,Colisão traseira,Com Vítimas Feridas,Plena Noite,Decrescente,Céu Claro,Simples,Reta;Interseção de Vias,Sim,2,0,1,0,1,0,1,2,-27.00218,-48.636433,SPRF-SC,DEL04-SC,UOP03-DEL04-SC,2021
"354812,0",2021-04-10,sábado,18:08:00,SC,280,"301,2",PORTO UNIAO,Condutor deixou de manter distância do veículo da frente,Colisão lateral mesmo sentido,Com Vítimas Feridas,Anoitecer,Crescente,Céu Claro,Simples,Reta,Não,3,0,1,0,0,2,1,3,-26.28207506,-51.03061202,SPRF-SC,DEL06-SC,UOP04-DEL06-SC,2021
"354813,0",2021-04-30,sexta-feira,20:33:00,SC,101,"203,4",SAO JOSE,Ausência de reação do condutor,Engavetamento,Com Vítimas Feridas,Plena Noite,Decrescente,Céu Claro,Dupla,Reta,Não,7,0,0,1,6,0,1,3,-27.5650044,-48.61460082,SPRF-SC,DEL01-SC,UOP01-DEL01-SC,2021
"354814,0",2021-04-30,sexta-feira,18:50:00,SC,101,"209,0",SAO JOSE,Condutor deixou de manter distância do veículo da frente,Colisão traseira,Com Vítimas Feridas,Plena Noite,Crescente,Céu Claro,Múltipla,Reta,Sim,2,0,1,0,1,0,1,2,-27.61000542,-48.63895057,SPRF-SC,DEL01-SC,UOP01-DEL01-SC,2021
"354817,0",2021-04-30,sexta-feira,21:10:00,SC,101,"210,6",SAO JOSE,Manobra de mudança de faixa,Colisão lateral mesmo sentido,Com Vítimas Feridas,Plena Noite,Decrescente,Nublado,Múltipla,Reta,Sim,2,0,1,0,1,0,1,2,-27.6167305,-48.6457265,SPRF-SC,DEL01-SC,UOP01-DEL01-SC,2021
"354822,0",2021-04-30,sexta-feira,18:45:00,SC,280,"115,8",SAO BENTO DO SUL,Desrespeitar a preferência no cruzamento,Colisão transversal,Com Vítimas Feridas,Plena Noite,Crescente,Nublado,Simples,Interseção de Vias,Não,4,0,4,0,0,0,4,2,-26.284761,-49.408313,SPRF-SC,DEL06-SC,UOP03-DEL06-SC,2021
"354824,0",2021-04-30,sexta-feira,18:10:00,SC,282,"456,7",PONTE SERRADA,Manobra de mudança de faixa,Colisão transversal,Sem Vítimas,Anoitecer,Decrescente,Céu Claro,Simples,Aclive,Não,3,0,0,0,3,0,0,2,-26.885752,-52.004669,SPRF-SC,DEL07-SC,UOP04-DEL07-SC,2021
"354827,0",2021-04-30,sexta-feira,21:00:00,SC,282,"6,0",SAO JOSE,Acessar a via sem observar a presença dos outros veículos,Colisão lateral mesmo sentido,Com Vítimas Feridas,Plena Noite,Decrescente,Céu Claro,Dupla,Curva;Aclive;Viaduto,Sim,2,0,1,0,1,0,1,2,-27.58439111,-48.6171627,SPRF-SC,DEL01-SC,UOP01-DEL01-SC,2021
"354837,0",2021-04-30,sexta-feira,21:20:00,SC,101,"100,0",BALNEARIO PICARRAS,Condutor deixou de manter distância do veículo da frente,Colisão traseira,Sem Vítimas,Plena Noite,Crescente,Céu Claro,Dupla,Reta;Declive,Não,3,0,0,0,3,0,0,2,-26.75482787,-48.68993675,SPRF-SC,DEL03-SC,UOP02-DEL03-SC,2021
"354838,0",2021-04-30,sexta-feira,21:20:00,SC,480,"128,9",CHAPECO,Ultrapassagem Indevida,Colisão transversal,Com Vítimas Feridas,Plena Noite,Decrescente,Céu Claro,Dupla,Reta,Sim,2,0,1,0,0,1,1,2,-27.0463048,-52.63537668,SPRF-SC,DEL07-SC,UOP01-DEL07-SC,2021
"354851,0",2021-04-30,sexta-feira,22:00:00,SC,282,"166,9",BOCAINA DO SUL,Velocidade Incompatível,Saída de leito carroçável,Sem Vítimas,Plena Noite,Decrescente,Nevoeiro/Neblina,Simples,Interseção de Vias,Não,1,0,0,0,0,1,0,1,-27.74887836,-49.81676644,SPRF-SC,DEL05-SC,UOP01-DEL05-SC,2021
"354859,0",2021-05-01,sábado,00:35:00,SC,470,"138,2",RIO DO SUL,Transitar na contramão,Colisão frontal,Com Vítimas Feridas,Plena Noite,Crescente,Céu Claro,Simples,Declive;Reta,Sim,3,0,2,1,0,0,3,2,-27.207214,-49.648476,SPRF-SC,DEL04-SC,UOP02-DEL04-SC,2021
"354862,0",2021-05-01,sábado,01:00:00,SC,470,"54,0",BLUMENAU,Ausência de reação do condutor,Colisão com objeto,Sem Vítimas,Plena Noite,Decrescente,Céu Claro,Simples,Reta,Sim,1,0,0,0,1,0,0,1,-26.87644143,-49.12019491,SPRF-SC,DEL04-SC,UOP01-DEL04-SC,2021
"354865,0",2021-04-30,sexta-feira,23:50:00,SC,163,"0,3",DIONISIO CERQUEIRA,Ingestão de álcool pelo condutor,Colisão frontal,Com Vítimas Feridas,Plena Noite,Decrescente,Céu Claro,Simples,Interseção de Vias;Reta,Sim,3,0,0,3,0,0,3,2,-26.2613,-53.6206,SPRF-SC,DEL07-SC,UOP03-DEL07-SC,2021
"354870,0",2021-04-30,sexta-feira,10:20:00,SC,101,"25,0",JOINVILLE,Ausência de reação do condutor,Colisão transversal,Com Vítimas Feridas,Pleno dia,Decrescente,Sol,Simples,Reta,Sim,2,0,2,0,0,0,2,2,-26.1834739,-48.9105912,SPRF-SC,DEL03-SC,UOP01-DEL03-SC,2021
"354878,0",2021-05-01,sábado,02:38:00,SC,282,"654,0",SAO MIGUEL DO OESTE,Ingestão de álcool pelo condutor,Saída de leito carroçável,Com Vítimas Feridas,Pleno dia,Decrescente,Céu Claro,Simples,Reta,Não,1,0,0,1,0,0,1,1,-26.76584364,-53.48865509,SPRF-SC,DEL07-SC,UOP03-DEL07-SC,2021
"354881,0",2021-05-01,sábado,06:00:00,SC,101,"211,0",PALHOCA,Reação tardia ou ineficiente do condutor,Colisão traseira,Com Vítimas Feridas,Amanhecer,Decrescente,Céu Claro,Dupla,Reta,Sim,2,0,1,0,1,0,1,2,-27.62329313,-48.65245588,SPRF-SC,DEL01-SC,UOP02-DEL01-SC,2021
"354895,0",2021-05-01,sábado,05:40:00,SC,101,"377,5",ICARA,Ingestão de álcool pelo condutor,Capotamento,Com Vítimas Feridas,Plena Noite,Crescente,Nevoeiro/Neblina,Dupla,Reta,Não,1,0,0,1,0,0,1,1,-28.7345708,-49.24624124,SPRF-SC,DEL02-SC,UOP01-DEL02-SC,2021
"354923,0",2021-05-01,sábado,10:15:00,SC,101,"226,0",PALHOCA,Condutor deixou de manter distância do veículo da frente,Colisão traseira,Com Vítimas Feridas,Pleno dia,Crescente,Céu Claro,Dupla,Reta;Declive,Não,3,0,1,0,1,1,1,2,-27.74234042,-48.63811612,SPRF-SC,DEL01-SC,UOP02-DEL01-SC,2021
"354926,0",2021-05-01,sábado,10:29:00,SC,101,"226,2",PALHOCA,Manobra de mudança de faixa,Capotamento,Com Vítimas Feridas,Pleno dia,Crescente,Céu Claro,Dupla,Reta,Não,4,0,1,0,3,0,1,1,-27.74200001,-48.63806504,SPRF-SC,DEL01-SC,UOP02-DEL01-SC,2021
"354937,0",2021-05-01,sábado,09:20:00,SC,282,"553,5",NOVA ITABERABA,Reação tardia ou ineficiente do condutor,Colisão lateral sentido oposto,Com Vítimas Feridas,Pleno dia,Crescente,Céu Claro,Simples,Declive,Não,6,0,1,1,4,0,2,2,-26.93815,-52.791916,SPRF-SC,DEL07-SC,UOP01-DEL07-SC,2021
"354963,0",2021-05-01,sábado,16:20:00,SC,101,"165,0",TIJUCAS,Ausência de reação do condutor,Colisão traseira,Com Vítimas Feridas,Pleno dia,Decrescente,Nublado,Dupla,Reta,Não,5,0,2,1,2,0,3,2,-27.252663,-48.63154894,SPRF-SC,DEL04-SC,UOP03-DEL04-SC,2021
"354965,0",2021-05-01,sábado,15:30:00,SC,101,"151,6",ITAPEMA,Condutor deixou de manter distância do veículo da frente,Colisão traseira,Com Vítimas Feridas,Pleno dia,Decrescente,Céu Claro,Dupla,Reta,Sim,2,0,1,0,1,0,1,2,-27.126536,-48.609642,SPRF-SC,DEL04-SC,UOP03-DEL04-SC,2021
"354971,0",2021-05-01,sábado,16:30:00,SC,101,"256,0",PAULO LOPES,Manobra de mudança de faixa,Colisão traseira,Com Vítimas Feridas,Pleno dia,Decrescente,Nublado,Dupla,Curva,Sim,2,0,1,0,1,0,1,2,-27.99084416,-48.68056684,SPRF-SC,DEL02-SC,UOP03-DEL02-SC,2021
"354983,0",2021-05-01,sábado,16:40:00,SC,116,"260,5",CAPAO ALTO,Animais na Pista,Atropelamento de Animal,Com Vítimas Feridas,Pleno dia,Crescente,Céu Claro,Simples,Reta,Sim,2,0,2,0,0,0,2,1,-27.95346816,-50.4801178,SPRF-SC,DEL05-SC,UOP02-DEL05-SC,2021
"355000,0",2021-05-01,sábado,19:05:00,SC,470,"58,2",BLUMENAU,Pedestre cruzava a pista fora da faixa,Atropelamento de Pedestre,Com Vítimas Feridas,Plena Noite,Crescente,Nublado,Simples,Reta,Não,2,0,0,1,1,0,1,2,-26.883879,-49.145622,SPRF-SC,DEL04-SC,UOP01-DEL04-SC,2021
"355020,0",2021-05-01,sábado,19:30:00,SC,282,"15,8",PALHOCA,Demais falhas mecânicas ou elétricas,Colisão traseira,Com Vítimas Feridas,Plena Noite,Crescente,Nublado,Simples,Reta,Sim,4,0,1,0,3,0,1,3,-27.65746551,-48.68078839,SPRF-SC,DEL01-SC,UOP02-DEL01-SC,2021
"355027,0",2021-05-01,sábado,19:00:00,SC,101,"148,8",ITAPEMA,Acessar a via sem observar a presença dos outros veículos,Colisão traseira,Com Vítimas Feridas,Plena Noite,Decrescente,Céu Claro,Simples,Reta,Sim,2,0,1,0,0,1,1,2,-27.10123686,-48.61807962,SPRF-SC,DEL04-SC,UOP03-DEL04-SC,2021
"355039,0",2021-05-01,sábado,20:10:00,SC,101,"25,1",JOINVILLE,Reação tardia ou ineficiente do condutor,Saída de leito carroçável,Sem Vítimas,Plena Noite,Decrescente,Céu Claro,Dupla,Reta,Sim,1,0,0,0,1,0,0,1,-26.1834739,-48.9105912,SPRF-SC,DEL03-SC,UOP01-DEL03-SC,2021
"355040,0",2021-05-01,sábado,20:20:00,SC,101,"330,0",CAPIVARI DE BAIXO,Manobra de mudança de faixa,Colisão transversal,Com Vítimas Feridas,Plena Noite,Decrescente,Céu Claro,Simples,Reta,Sim,2,0,1,0,1,0,1,2,-28.45115639,-48.97286879,SPRF-SC,DEL02-SC,UOP01-DEL02-SC,2021
"355046,0",2021-05-01,sábado,19:30:00,SC,163,"70,5",SAO MIGUEL DO OESTE,Ingestão de álcool pelo condutor,Colisão com objeto,Sem Vítimas,Plena Noite,Decrescente,Céu Claro,Dupla,Curva,Sim,1,0,0,0,1,0,0,1,-26.73461723,-53.50680015,SPRF-SC,DEL07-SC,UOP03-DEL07-SC,2021
"355047,0",2021-05-01,sábado,18:50:00,SC,163,"74,1",SAO MIGUEL DO OESTE,Reação tardia ou ineficiente do condutor,Saída de leito carroçável,Com Vítimas Feridas,Plena Noite,Decrescente,Céu Claro,Simples,Curva,Não,3,0,0,3,0,0,3,1,-26.70200479,-53.51350653,SPRF-SC,DEL07-SC,UOP03-DEL07-SC,2021
"355063,0",2021-05-01,sábado,16:20:00,SC,101,"312,9",LAGUNA,Velocidade Incompatível,Colisão traseira,Sem Vítimas,Pleno dia,Crescente,Céu Claro,Simples,Rotatória;Interseção de Vias,Sim,2,0,0,0,2,0,0,2,-28.433701,-48.806344,SPRF-SC,DEL02-SC,UOP01-DEL02-SC,2021
"355064,0",2021-05-01,sábado,18:10:00,SC,101,"295,6",IMBITUBA,Animais na Pista,Colisão lateral sentido oposto,Sem Vítimas,Plena Noite,Crescente,Céu Claro,Simples,Reta,Sim,2,0,0,0,1,1,0,2,-28.29854333,-48.71633767,SPRF-SC,DEL02-SC,UOP03-DEL02-SC,2021
"355076,0",2021-05-01,sábado,22:30:00,SC,280,"55,9",GUARAMIRIM,Ingestão de álcool pelo condutor,Colisão com objeto,Com Vítimas Feridas,Plena Noite,Crescente,Céu Claro,Dupla,Reta,Sim,3,0,2,0,1,0,2,1,-26.47948721,-49.00597042,SPRF-SC,DEL03-SC,UOP03-DEL03-SC,2021
"355080,0",2021-05-01,sábado,22:20:00,SC,101,"128,6",BALNEARIO CAMBORIU,Demais falhas mecânicas ou elétricas,Incêndio,Sem Vítimas,Plena Noite,Decrescente,Chuva,Dupla,Curva,Não,1,0,0,0,0,1,0,1,-26.97284292,-48.68299451,SPRF-SC,DEL04-SC,UOP03-DEL04-SC,2021
"355092,0",2021-05-02,domingo,00:05:00,SC,280,"69,5",JARAGUA DO SUL,Condutor deixou de manter distância do veículo da frente,Colisão traseira,Com Vítimas Feridas,Plena Noite,Decrescente,Nublado,Simples,Reta,Não,2,0,1,0,1,0,1,2,-26.46803296,-49.11833097,SPRF-SC,DEL03-SC,UOP03-DEL03-SC,2021
"355093,0",2021-05-01,sábado,19:50:00,SC,101,"86,1",BARRA VELHA,Reação tardia ou ineficiente do condutor,Colisão com objeto,Sem Vítimas,Plena Noite,Decrescente,Garoa/Chuvisco,Dupla,Reta,Sim,1,0,0,0,1,0,0,1,-26.63277317,-48.70232513,SPRF-SC,DEL03-SC,UOP02-DEL03-SC,2021
"355100,0",2021-05-02,domingo,01:00:00,SC,101,"66,0",ARAQUARI,Acessar a via sem observar a presença dos outros veículos,Colisão transversal,Sem Vítimas,Plena Noite,Decrescente,Nublado,Dupla,Curva,Não,2,0,0,0,2,0,0,2,-26.48316416,-48.73514771,SPRF-SC,DEL03-SC,UOP02-DEL03-SC,2021
"355103,0",2021-05-02,domingo,02:39:00,SC,101,"197,7",BIGUACU,Reação tardia ou ineficiente do condutor,Colisão com objeto,Com Vítimas Feridas,Plena Noite,Crescente,Garoa/Chuvisco,Múltipla,Declive,Sim,1,0,1,0,0,0,1,1,-27.51844497,-48.63848496,SPRF-SC,DEL01-SC,UOP01-DEL01-SC,2021
"355120,0",2021-05-02,domingo,01:15:00,SC,282,"263,7",SAO JOSE DO CERRITO,Reação tardia ou ineficiente do condutor,Colisão com objeto,Com Vítimas Fatais,Plena Noite,Decrescente,Céu Claro,Dupla,Interseção de Vias,Não,1,1,0,0,0,0,0,1,-27.62696542,-50.62452793,SPRF-SC,DEL05-SC,UOP02-DEL05-SC,2021
"355140,0",2021-05-02,domingo,07:30:00,SC,101,"319,0",PESCARIA BRAVA,Ingestão de álcool pelo condutor,Saída de leito carroçável,Sem Vítimas,Pleno dia,Decrescente,Céu Claro,Simples,Interseção de Vias;Viaduto,Sim,1,0,0,0,1,0,0,1,-28.42978736,-48.87148792,SPRF-SC,DEL02-SC,UOP01-DEL02-SC,2021
"355158,0",2021-05-02,domingo,12:38:00,SC,101,"182,7",BIGUACU,Condutor deixou de manter distância do veículo da frente,Colisão lateral mesmo sentido,Com Vítimas Feridas,Pleno dia,Decrescente,Sol,Múltipla,Reta;Aclive,Não,3,0,0,1,1,1,1,3,-27.39798985,-48.6303592,SPRF-SC,DEL01-SC,UOP01-DEL01-SC,2021
"355175,0",2021-05-02,domingo,10:15:00,SC,470,"341,2",CAMPOS NOVOS,Ingestão de álcool pelo condutor,Colisão com objeto,Com Vítimas Feridas,Pleno dia,Crescente,Céu Claro,Simples,Reta,Não,1,0,0,1,0,0,1,1,-27.527861,-51.380497,SPRF-SC,DEL07-SC,UOP06-DEL07-SC,2021
"355184,0",2021-05-02,domingo,15:15:00,SC,470,"54,5",BLUMENAU,Conversão proibida,Colisão transversal,Com Vítimas Feridas,Pleno dia,Crescente,Céu Claro,Simples,Retorno Regulamentado,Sim,2,0,1,0,1,0,1,2,-26.871065,-49.110374,SPRF-SC,DEL04-SC,UOP01-DEL04-SC,2021
"355191,0",2021-05-02,domingo,14:00:00,SC,101,"418,4",ARARANGUA,Carga excessiva e/ou mal acondicionada,Colisão lateral sentido oposto,Com Vítimas Feridas,Pleno dia,Crescente,Céu Claro,Múltipla,Interseção de Vias,Sim,2,0,1,0,1,0,1,2,-28.98952299,-49.54559326,SPRF-SC,DEL02-SC,UOP02-DEL02-SC,2021
"355202,0",2021-05-02,domingo,16:55:00,SC,101,"120,0",ITAJAI,Condutor deixou de manter distância do veículo da frente,Colisão traseira,Com Vítimas Feridas,Pleno dia,Decrescente,Céu Claro,Dupla,Reta,Não,2,0,1,0,1,0,1,2,-26.912758,-48.711998,SPRF-SC,DEL04-SC,UOP04-DEL04-SC,2021
"355213,0",2021-05-02,domingo,16:05:00,SC,280,"139,8",RIO NEGRINHO,Desrespeitar a preferência no cruzamento,Tombamento,Com Vítimas Feridas,Pleno dia,Crescente,Sol,Simples,Aclive;Curva,Não,3,0,2,0,1,0,2,2,-26.255676,-49.6254,SPRF-SC,DEL06-SC,UOP03-DEL06-SC,2021
"355236,0",2021-05-02,domingo,18:35:00,SC,101,"331,4",TUBARAO,Condutor deixou de manter distância do veículo da frente,Colisão traseira,Com Vítimas Feridas,Plena Noite,Crescente,Céu Claro,Dupla,Reta,Não,3,0,2,0,1,0,2,2,-28.46325862,-48.99524689,SPRF-SC,DEL02-SC,UOP01-DEL02-SC,2021
"355242,0",2021-05-02,domingo,18:50:00,SC,101,"212,7",PALHOCA,Manobra de mudança de faixa,Colisão lateral mesmo sentido,Com Vítimas Feridas,Plena Noite,Decrescente,Céu Claro,Dupla,Reta,Sim,2,0,0,1,1,0,1,2,-27.62996929,-48.65903871,SPRF-SC,DEL01-SC,UOP02-DEL01-SC,2021
"355268,0",2021-05-02,domingo,20:00:00,SC,101,"412,4",ARARANGUA,Desrespeitar a preferência no cruzamento,Colisão transversal,Com Vítimas Feridas,Plena Noite,Decrescente,Céu Claro,Simples,Rotatória,Sim,2,0,1,0,1,0,1,2,-28.95862778,-49.51427981,SPRF-SC,DEL02-SC,UOP02-DEL02-SC,2021
"355274,0",2021-05-02,domingo,21:47:00,SC,101,"163,0",TIJUCAS,Reação tardia ou ineficiente do condutor,Colisão traseira,Com Vítimas Feridas,Plena Noite,Decrescente,Nublado,Múltipla,Reta,Sim,2,0,1,0,1,0,1,2,-27.23461699,-48.63039809,SPRF-SC,DEL04-SC,UOP03-DEL04-SC,2021
"355286,0",2021-05-02,domingo,23:20:00,SC,101,"110,0",PENHA,Velocidade Incompatível,Capotamento,Com Vítimas Feridas,Plena Noite,Decrescente,Garoa/Chuvisco,Dupla,Curva,Não,2,0,2,0,0,0,2,1,-26.83477,-48.706151,SPRF-SC,DEL03-SC,UOP02-DEL03-SC,2021
"355301,0",2021-05-03,segunda-feira,01:23:00,SC,101,"208,9",SAO JOSE,Ultrapassagem Indevida,Colisão lateral mesmo sentido,Com Vítimas Feridas,Plena Noite,Decrescente,Céu Claro,Múltipla,Reta,Sim,3,0,1,0,2,0,1,2,-27.60937436,-48.63783181,SPRF-SC,DEL01-SC,UOP01-DEL01-SC,2021
"355319,0",2021-05-03,segunda-feira,07:20:00,SC,101,"329,0",CAPIVARI DE BAIXO,Acessar a via sem observar a presença dos outros veículos,Colisão lateral mesmo sentido,Com Vítimas Feridas,Pleno dia,Decrescente,Céu Claro,Dupla,Reta,Não,2,0,1,0,1,0,1,2,-28.44404822,-48.96611372,SPRF-SC,DEL02-SC,UOP01-DEL02-SC,2021
"355363,0",2021-05-03,segunda-feira,11:50:00,SC,101,"149,0",ITAPEMA,Velocidade Incompatível,Tombamento,Com Vítimas Feridas,Pleno dia,Decrescente,Céu Claro,Múltipla,Reta,Não,2,0,1,0,1,0,1,2,-27.1089649,-48.61277586,SPRF-SC,DEL04-SC,UOP03-DEL04-SC,2021
"355414,0",2021-05-03,segunda-feira,18:03:00,SC,280,"125,2",RIO NEGRINHO,Conversão proibida,Colisão transversal,Com Vítimas Feridas,Plena Noite,Decrescente,Céu Claro,Simples,Reta,Não,2,0,0,1,1,0,1,2,-26.23765103,-49.48465347,SPRF-SC,DEL06-SC,UOP03-DEL06-SC,2021
"355419,0",2021-05-03,segunda-feira,18:00:00,SC,280,"109,8",SAO BENTO DO SUL,Transitar na contramão,Colisão frontal,Com Vítimas Feridas,Pleno dia,Crescente,Céu Claro,Simples,Interseção de Vias,Não,3,0,1,0,2,0,1,2,-26.3100351,-49.38766479,SPRF-SC,DEL06-SC,UOP03-DEL06-SC,2021
"355453,0",2021-05-03,segunda-feira,08:15:00,SC,153,"100,0",CONCORDIA,Acesso irregular,Colisão transversal,Com Vítimas Feridas,Pleno dia,Crescente,Céu Claro,Simples,Reta,Sim,2,0,2,0,0,0,2,2,-27.242643,-51.95171,SPRF-SC,DEL07-SC,UOP04-DEL07-SC,2021
"355464,0",2021-05-03,segunda-feira,21:50:00,SC,101,"139,0",BALNEARIO CAMBORIU,Ingestão de álcool pelo condutor,Colisão com objeto,Sem Vítimas,Plena Noite,Crescente,Céu Claro,Múltipla,Curva,Não,1,0,0,0,1,0,0,1,-27.02982303,-48.60115006,SPRF-SC,DEL04-SC,UOP03-DEL04-SC,2021
"355472,0",2021-05-03,segunda-feira,19:00:00,SC,280,"226,0",CANOINHAS,Demais falhas mecânicas ou elétricas,Saída de leito carroçável,Com Vítimas Feridas,Plena Noite,Crescente,Céu Claro,Simples,Reta,Não,2,0,1,0,1,0,1,1,-26.18105839,-50.32269294,SPRF-SC,DEL06-SC,UOP04-DEL06-SC,2021
"355474,0",2021-05-03,segunda-feira,22:00:00,SC,101,"129,8",BALNEARIO CAMBORIU,Velocidade Incompatível,Saída de leito carroçável,Com Vítimas Feridas,Plena Noite,Crescente,Céu Claro,Múltipla,Reta,Não,1,0,0,1,0,0,1,1,-26.98064277,-48.6790679,SPRF-SC,DEL04-SC,UOP03-DEL04-SC,2021
"355478,0",2021-05-03,segunda-feira,20:50:00,SC,116,"251,3",LAGES,Velocidade Incompatível,Colisão com objeto,Com Vítimas Feridas,Plena Noite,Crescente,Nublado,Simples,Curva,Não,1,0,1,0,0,0,1,1,-27.84598249,-50.37871957,SPRF-SC,DEL05-SC,UOP02-DEL05-SC,2021
"355531,0",2021-05-04,terça-feira,08:30:00,SC,101,"212,8",PALHOCA,Reação tardia ou ineficiente do condutor,Tombamento,Com Vítimas Feridas,Pleno dia,Crescente,Céu Claro,Múltipla,Reta,Sim,2,0,2,0,0,0,2,1,-27.63448409,-48.66337717,SPRF-SC,DEL01-SC,UOP02-DEL01-SC,2021
"355573,0",2021-02-21,domingo,20:50:00,SC,470,"68,0",INDAIAL,Condutor deixou de manter distância do veículo da frente,Colisão traseira,Sem Vítimas,Plena Noite,Decrescente,Céu Claro,Simples,Em Obras;Interseção de Vias,Não,2,0,0,0,1,1,0,2,-26.877615,-49.239231,SPRF-SC,DEL04-SC,UOP01-DEL04-SC,2021
"355601,0",2021-05-04,terça-feira,17:25:00,SC,101,"146,5",ITAPEMA,Manobra de mudança de faixa,Colisão lateral mesmo sentido,Com Vítimas Feridas,Anoitecer,Decrescente,Céu Claro,Dupla,Reta,Sim,2,0,1,1,0,0,2,2,-27.08666525,-48.60955587,SPRF-SC,DEL04-SC,UOP03-DEL04-SC,2021
"355603,0",2021-05-04,terça-feira,17:35:00,SC,101,"209,1",SAO JOSE,Manobra de mudança de faixa,Colisão lateral mesmo sentido,Sem Vítimas,Anoitecer,Decrescente,Céu Claro,Dupla,Reta,Não,1,0,0,0,1,0,0,1,-27.61000542,-48.63895057,SPRF-SC,DEL01-SC,UOP01-DEL01-SC,2021
"355606,0",2021-05-04,terça-feira,14:40:00,SC,282,"210,0",LAGES,Ausência de reação do condutor,Saída de leito carroçável,Com Vítimas Feridas,Pleno dia,Crescente,Céu Claro,Simples,Reta,Não,1,0,1,0,0,0,1,1,-27.778582,-50.231815,SPRF-SC,DEL05-SC,UOP01-DEL05-SC,2021
"355656,0",2021-05-04,terça-feira,14:40:00,SC,101,"44,0",JOINVILLE,Ausência de reação do condutor,Colisão traseira,Sem Vítimas,Pleno dia,Crescente,Céu Claro,Dupla,Curva,Não,3,0,0,0,3,0,0,2,-26.31238996,-48.87458997,SPRF-SC,DEL03-SC,UOP01-DEL03-SC,2021
"355660,0",2021-05-04,terça-feira,20:40:00,SC,101,"31,7",JOINVILLE,Ingestão de álcool pelo condutor,Colisão com objeto,Com Vítimas Feridas,Plena Noite,Decrescente,Céu Claro,Dupla,Reta,Sim,1,0,1,0,0,0,1,1,-26.22195899,-48.91634925,SPRF-SC,DEL03-SC,UOP01-DEL03-SC,2021
"355665,0",2021-05-04,terça-feira,23:45:00,SC,101,"120,0",ITAJAI,Acessar a via sem observar a presença dos outros veículos,Colisão transversal,Com Vítimas Feridas,Plena Noite,Crescente,Céu Claro,Dupla,Reta,Não,2,0,1,0,1,0,1,2,-26.912758,-48.711998,SPRF-SC,DEL04-SC,UOP04-DEL04-SC,2021
"355674,0",2021-05-05,quarta-feira,03:30:00,SC,280,"48,1",GUARAMIRIM,Pedestre cruzava a pista fora da faixa,Atropelamento de Pedestre,Com Vítimas Feridas,Plena Noite,Crescente,Nublado,Simples,Reta,Não,2,0,1,0,0,1,1,2,-26.45506795,-48.92766502,SPRF-SC,DEL03-SC,UOP03-DEL03-SC,2021