id,data_inversa,dia_semana,horario,uf,br,km,municipio,causa_acidente,tipo_acidente,classificacao_acidente,fase_dia,sentido_via,condicao_metereologica,tipo_pista,tracado_via,uso_solo,pessoas,mortos,feridos_leves,feridos_graves,ilesos,ignorados,feridos,veiculos,latitude,longitude,regional,delegacia,uop,ano_arquivo
"358518,0",2021-05-18,terça-feira,14:50:00,SC,470,"8,8",NAVEGANTES,Acessar a via sem observar a presença dos outros veículos,Colisão transversal,Com Vítimas Feridas,Pleno dia,Decrescente,Céu Claro,Simples,Reta,Não,2,0,1,0,1,0,1,2,-26.83325787,-48.72620465,SPRF-SC,DEL04-SC,UOP04-DEL04-SC,2021
"358520,0",2021-05-18,terça-feira,14:15:00,SC,282,"517,0",XANXERE,Falta de elemento de contenção que evite a saída do leito carroçável,Saída de leito carroçável,Com Vítimas Feridas,Pleno dia,Decrescente,Céu Claro,Simples,Reta,Não,1,0,0,1,0,0,1,1,-26.939375,-52.500057,SPRF-SC,DEL07-SC,UOP01-DEL07-SC,2021
"358551,0",2021-05-16,domingo,19:40:00,SC,470,"63,0",INDAIAL,Avarias e/ou desgaste excessivo no pneu,Saída de leito carroçável,Com Vítimas Feridas,Plena Noite,Decrescente,Céu Claro,Simples,Reta,Sim,1,0,1,0,0,0,1,1,-26.872396,-49.19228,SPRF-SC,DEL04-SC,UOP01-DEL04-SC,2021
"358567,0",2021-05-18,terça-feira,18:20:00,SC,101,"333,8",TUBARAO,Acessar a via sem observar a presença dos outros veículos,Colisão transversal,Com Vítimas Feridas,Plena Noite,Decrescente,Céu Claro,Múltipla,Reta,Sim,1,0,1,0,0,0,1,1,-28.46630107,-48.99653096,SPRF-SC,DEL02-SC,UOP01-DEL02-SC,2021
"358585,0",2021-05-18,terça-feira,18:20:00,SC,282,"411,0",CATANDUVAS,Ultrapassagem Indevida,Colisão lateral mesmo sentido,Com Vítimas Feridas,Anoitecer,Decrescente,Céu Claro,Simples,Interseção de Vias,Sim,2,0,1,0,1,0,1,2,-27.06688371,-51.6634655,SPRF-SC,DEL07-SC,UOP05-DEL07-SC,2021
"358586,0",2021-05-18,terça-feira,21:50:00,SC,101,"199,9",SAO JOSE,Frear bruscamente,Engavetamento,Com Vítimas Feridas,Plena Noite,Crescente,Céu Claro,Múltipla,Reta,Não,3,0,1,0,2,0,1,3,-27.53413705,-48.63003205,SPRF-SC,DEL01-SC,UOP01-DEL01-SC,2021
"358600,0",2021-04-18,domingo,17:30:00,SC,282,"551,0",NOVA ITABERABA,Manobra de mudança de faixa,Colisão lateral mesmo sentido,Com Vítimas Feridas,Pleno dia,Decrescente,Céu Claro,Simples,Aclive;Reta,Não,4,0,1,0,0,3,1,3,-26.951487,-52.778172,SPRF-SC,DEL07-SC,UOP01-DEL07-SC,2021
"358612,0",2021-05-18,terça-feira,20:00:00,SC,101,"218,0",PALHOCA,Ausência de reação do condutor,Tombamento,Com Vítimas Feridas,Plena Noite,Crescente,Céu Claro,Dupla,Interseção de Vias,Não,1,0,0,1,0,0,1,1,-27.6758601,-48.67052525,SPRF-SC,DEL01-SC,UOP02-DEL01-SC,2021
"358620,0",2021-05-19,quarta-feira,06:40:00,SC,280,"35,5",ARAQUARI,Condutor deixou de manter distância do veículo da frente,Colisão traseira,Com Vítimas Feridas,Pleno dia,Crescente,Céu Claro,Simples,Reta,Não,2,0,0,1,0,1,1,2,-26.43447549,-48.80453914,SPRF-SC,DEL03-SC,UOP03-DEL03-SC,2021
"358627,0",2021-05-11,terça-feira,18:00:00,SC,101,"434,2",SOMBRIO,Desrespeitar a preferência no cruzamento,Colisão frontal,Com Vítimas Feridas,Anoitecer,Crescente,Nublado,Múltipla,Interseção de Vias,Sim,2,0,0,1,1,0,1,2,-29.09075196,-49.63226114,SPRF-SC,DEL02-SC,UOP02-DEL02-SC,2021
"358666,0",2021-04-17,sábado,18:40:00,SC,470,"114,0",APIUNA,Ingestão de álcool pelo condutor,Tombamento,Com Vítimas Feridas,Anoitecer,Decrescente,Chuva,Simples,Reta,Sim,1,0,1,0,0,0,1,1,-27.086386,-49.478001,SPRF-SC,DEL04-SC,UOP02-DEL04-SC,2021
"358675,0",2021-05-19,quarta-feira,13:35:00,SC,470,"61,0",BLUMENAU,Acessar a via sem observar a presença dos outros veículos,Atropelamento de Pedestre,Com Vítimas Feridas,Pleno dia,Crescente,Sol,Simples,Curva,Sim,2,0,0,1,1,0,1,2,-26.878952,-49.17421,SPRF-SC,DEL04-SC,UOP01-DEL04-SC,2021
"358714,0",2021-04-28,quarta-feira,18:25:00,SC,282,"624,4",FLOR DO SERTAO,Desrespeitar a preferência no cruzamento,Colisão transversal,Com Vítimas Feridas,Anoitecer,Decrescente,Céu Claro,Simples,Reta,Não,2,0,0,1,1,0,1,2,-26.798008,-53.34169,SPRF-SC,DEL07-SC,UOP02-DEL07-SC,2021
"358715,0",2021-05-19,quarta-feira,17:00:00,SC,101,"204,0",SAO JOSE,Manobra de mudança de faixa,Colisão lateral mesmo sentido,Com Vítimas Feridas,Anoitecer,Crescente,Céu Claro,Dupla,Reta,Sim,2,0,1,0,1,0,1,2,-27.57413014,-48.61363083,SPRF-SC,DEL01-SC,UOP01-DEL01-SC,2021
"358719,0",2021-05-19,quarta-feira,16:40:00,SC,101,"132,0",BALNEARIO CAMBORIU,Manobra de mudança de faixa,Eventos atípicos,Com Vítimas Feridas,Pleno dia,Crescente,Nublado,Múltipla,Reta,Sim,2,0,1,0,1,0,1,2,-26.99654133,-48.65564711,SPRF-SC,DEL04-SC,UOP03-DEL04-SC,2021
"358722,0",2021-05-19,quarta-feira,13:00:00,SC,116,"69,0",MONTE CASTELO,Acessar a via sem observar a presença dos outros veículos,Colisão transversal,Com Vítimas Feridas,Pleno dia,Crescente,Sol,Simples,Rotatória,Sim,2,0,1,0,1,0,1,2,-26.46036818,-50.22889671,SPRF-SC,DEL06-SC,UOP02-DEL06-SC,2021
"358728,0",2021-05-19,quarta-feira,09:50:00,SC,282,"41,3",AGUAS MORNAS,Desrespeitar a preferência no cruzamento,Colisão transversal,Com Vítimas Feridas,Pleno dia,Decrescente,Céu Claro,Simples,Interseção de Vias,Sim,2,0,1,0,1,0,1,2,-27.715973,-48.878979,SPRF-SC,DEL01-SC,UOP03-DEL01-SC,2021
"358733,0",2021-05-19,quarta-feira,18:25:00,SC,282,"20,0",PALHOCA,Transitar na contramão,Colisão lateral sentido oposto,Com Vítimas Feridas,Plena Noite,Decrescente,Céu Claro,Simples,Aclive,Sim,4,0,3,0,1,0,3,2,-27.683958,-48.71006,SPRF-SC,DEL01-SC,UOP02-DEL01-SC,2021
"358739,0",2021-05-19,quarta-feira,18:50:00,SC,101,"194,9",BIGUACU,Velocidade Incompatível,Colisão traseira,Com Vítimas Feridas,Plena Noite,Crescente,Céu Claro,Múltipla,Reta,Sim,2,0,0,1,1,0,1,2,-27.49815117,-48.65661236,SPRF-SC,DEL01-SC,UOP01-DEL01-SC,2021
"358756,0",2021-05-19,quarta-feira,17:30:00,SC,280,"23,1",ARAQUARI,Trafegar com motocicleta (ou similar) entre as faixas,Colisão lateral mesmo sentido,Com Vítimas Feridas,Pleno dia,Crescente,Céu Claro,Simples,Reta,Sim,2,0,1,0,1,0,1,2,-26.37146,-48.711887,SPRF-SC,DEL03-SC,UOP03-DEL03-SC,2021
"358770,0",2021-05-19,quarta-feira,21:00:00,SC,470,"32,0",GASPAR,Transitar na contramão,Colisão frontal,Com Vítimas Feridas,Plena Noite,Decrescente,Nublado,Dupla,Reta,Não,2,0,2,0,0,0,2,2,-26.901793,-48.931812,SPRF-SC,DEL04-SC,UOP01-DEL04-SC,2021
"358798,0",2021-05-20,quinta-feira,06:50:00,SC,101,"207,0",SAO JOSE,Objeto estático sobre o leito carroçável,Colisão com objeto,Com Vítimas Feridas,Amanhecer,Decrescente,Céu Claro,Múltipla,Reta,Sim,1,0,1,0,0,0,1,1,-27.60022293,-48.62270951,SPRF-SC,DEL01-SC,UOP01-DEL01-SC,2021
"358802,0",2021-05-20,quinta-feira,07:00:00,SC,280,"132,0",RIO NEGRINHO,Acessar a via sem observar a presença dos outros veículos,Colisão transversal,Com Vítimas Feridas,Amanhecer,Crescente,Nevoeiro/Neblina,Simples,Reta;Declive,Sim,2,0,1,0,1,0,1,2,-26.26132257,-49.5481391,SPRF-SC,DEL06-SC,UOP03-DEL06-SC,2021
"358803,0",2021-05-20,quinta-feira,07:25:00,SC,101,"356,0",SANGAO,Avarias e/ou desgaste excessivo no pneu,Queda de ocupante de veículo,Com Vítimas Feridas,Pleno dia,Decrescente,Céu Claro,Múltipla,Reta,Sim,2,0,1,1,0,0,2,1,-28.62930081,-49.08665412,SPRF-SC,DEL02-SC,UOP01-DEL02-SC,2021
"358809,0",2021-05-20,quinta-feira,08:20:00,SC,101,"157,7",PORTO BELO,Ausência de reação do condutor,Tombamento,Com Vítimas Feridas,Pleno dia,Decrescente,Céu Claro,Dupla,Reta,Não,1,0,1,0,0,0,1,1,-27.181625,-48.6121179,SPRF-SC,DEL04-SC,UOP03-DEL04-SC,2021
"358863,0",2021-05-20,quinta-feira,13:40:00,SC,470,"70,0",INDAIAL,Conversão proibida,Colisão traseira,Com Vítimas Feridas,Pleno dia,Crescente,Céu Claro,Simples,Reta;Em Obras,Sim,2,0,1,0,1,0,1,2,-26.89009692,-49.25539,SPRF-SC,DEL04-SC,UOP01-DEL04-SC,2021
"358881,0",2021-05-20,quinta-feira,15:20:00,SC,101,"334,0",TUBARAO,Desrespeitar a preferência no cruzamento,Colisão transversal,Com Vítimas Feridas,Pleno dia,Crescente,Céu Claro,Simples,Viaduto;Rotatória;Curva;Interseção de Vias,Sim,2,0,1,0,1,0,1,2,-28.46730446,-49.00604302,SPRF-SC,DEL02-SC,UOP01-DEL02-SC,2021
"358899,0",2021-05-20,quinta-feira,15:10:00,SC,282,"502,8",XANXERE,Velocidade Incompatível,Capotamento,Sem Vítimas,Pleno dia,Crescente,Sol,Dupla,Rotatória,Sim,1,0,0,0,1,0,0,1,-26.884584,-52.390911,SPRF-SC,DEL07-SC,UOP01-DEL07-SC,2021
"358906,0",2021-05-20,quinta-feira,16:35:00,SC,153,"111,2",CONCORDIA,Desrespeitar a preferência no cruzamento,Colisão transversal,Com Vítimas Feridas,Pleno dia,Decrescente,Céu Claro,Simples,Curva;Interseção de Vias,Não,2,0,2,0,0,0,2,2,-27.319271,-51.983299,SPRF-SC,DEL07-SC,UOP04-DEL07-SC,2021
"358915,0",2021-05-20,quinta-feira,18:20:00,SC,101,"194,3",BIGUACU,Desrespeitar a preferência no cruzamento,Colisão transversal,Com Vítimas Feridas,Anoitecer,Crescente,Céu Claro,Simples,Interseção de Vias,Sim,2,0,1,0,1,0,1,2,-27.5047092,-48.65010819,SPRF-SC,DEL01-SC,UOP01-DEL01-SC,2021
"358921,0",2021-05-20,quinta-feira,17:45:00,SC,282,"24,6",SANTO AMARO DA IMPERATRIZ,Ausência de reação do condutor,Engavetamento,Com Vítimas Feridas,Anoitecer,Decrescente,Céu Claro,Simples,Viaduto,Sim,7,0,1,0,6,0,1,5,-27.68268,-48.744614,SPRF-SC,DEL01-SC,UOP03-DEL01-SC,2021
"358964,0",2021-05-20,quinta-feira,20:30:00,SC,101,"143,0",ITAPEMA,Ausência de reação do condutor,Colisão traseira,Com Vítimas Feridas,Plena Noite,Decrescente,Céu Claro,Dupla,Reta,Não,2,0,0,1,1,0,1,2,-27.06436,-48.59599405,SPRF-SC,DEL04-SC,UOP03-DEL04-SC,2021
"358975,0",2021-05-20,quinta-feira,20:45:00,SC,101,"398,3",MARACAJA,Ingestão de álcool pelo condutor,Colisão com objeto,Sem Vítimas,Plena Noite,Decrescente,Nublado,Dupla,Reta,Sim,1,0,0,0,1,0,0,1,-28.84933484,-49.43504333,SPRF-SC,DEL02-SC,UOP02-DEL02-SC,2021
"358988,0",2021-05-21,sexta-feira,03:10:00,SC,101,"431,2",SOMBRIO,Ingestão de álcool pelo condutor,Capotamento,Sem Vítimas,Plena Noite,Decrescente,Chuva,Dupla,Reta,Sim,1,0,0,0,1,0,0,1,-29.064526,-49.62464101,SPRF-SC,DEL02-SC,UOP02-DEL02-SC,2021
"358990,0",2021-05-21,sexta-feira,03:40:00,SC,101,"130,6",BALNEARIO CAMBORIU,Condutor Dormindo,Colisão com objeto,Com Vítimas Feridas,Plena Noite,Decrescente,Céu Claro,Dupla,Reta,Sim,1,0,1,0,0,0,1,1,-26.98407618,-48.66977107,SPRF-SC,DEL04-SC,UOP03-DEL04-SC,2021
"358994,0",2021-05-21,sexta-feira,05:25:00,SC,101,"124,3",ITAJAI,Manobra de mudança de faixa,Tombamento,Com Vítimas Feridas,Plena Noite,Decrescente,Nublado,Múltipla,Reta,Sim,1,0,1,0,0,0,1,1,-26.94335064,-48.69198648,SPRF-SC,DEL04-SC,UOP04-DEL04-SC,2021
"359005,0",2021-05-21,sexta-feira,06:50:00,SC,101,"200,0",SAO JOSE,Condutor deixou de manter distância do veículo da frente,Colisão traseira,Com Vítimas Feridas,Pleno dia,Crescente,Nublado,Dupla,Reta,Sim,2,0,1,0,0,1,1,2,-27.54018513,-48.62287714,SPRF-SC,DEL01-SC,UOP01-DEL01-SC,2021
"359007,0",2021-05-21,sexta-feira,07:00:00,SC,282,"16,2",PALHOCA,Acessar a via sem observar a presença dos outros veículos,Colisão transversal,Com Vítimas Feridas,Pleno dia,Crescente,Céu Claro,Simples,Reta,Sim,2,0,1,0,0,1,1,2,-27.66101866,-48.68397117,SPRF-SC,DEL01-SC,UOP02-DEL01-SC,2021
"359028,0",2021-05-21,sexta-feira,09:00:00,SC,101,"210,0",SAO JOSE,Condutor deixou de manter distância do veículo da frente,Colisão traseira,Com Vítimas Feridas,Pleno dia,Crescente,Nublado,Simples,Reta,Sim,2,0,1,0,1,0,1,2,-27.61950356,-48.64873784,SPRF-SC,DEL01-SC,UOP01-DEL01-SC,2021
"359031,0",2021-05-21,sexta-feira,09:30:00,SC,470,"44,0",GASPAR,Ausência de reação do condutor,Saída de leito carroçável,Com Vítimas Feridas,Pleno dia,Crescente,Sol,Simples,Curva,Não,2,0,1,0,0,1,1,2,-26.870665,-49.021896,SPRF-SC,DEL04-SC,UOP01-DEL04-SC,2021
"359045,0",2021-05-21,sexta-feira,11:25:00,SC,282,"15,7",PALHOCA,Reação tardia ou ineficiente do condutor,Colisão traseira,Com Vítimas Feridas,Pleno dia,Crescente,Nublado,Simples,Reta,Não,2,0,1,0,1,0,1,2,-27.651848,-48.676048,SPRF-SC,DEL01-SC,UOP02-DEL01-SC,2021
"359051,0",2021-05-21,sexta-feira,12:45:00,SC,470,"120,7",IBIRAMA,Velocidade Incompatível,Capotamento,Com Vítimas Feridas,Pleno dia,Crescente,Sol,Simples,Curva,Não,1,0,1,0,0,0,1,1,-27.089924,-49.520416,SPRF-SC,DEL04-SC,UOP02-DEL04-SC,2021
"359053,0",2021-05-21,sexta-feira,12:10:00,SC,116,"223,2",CORREIA PINTO,Conversão proibida,Colisão transversal,Com Vítimas Feridas,Pleno dia,Decrescente,Nublado,Simples,Reta,Sim,2,0,2,0,0,0,2,2,-27.60213889,-50.35543366,SPRF-SC,DEL05-SC,UOP03-DEL05-SC,2021
"359064,0",2021-05-21,sexta-feira,14:30:00,SC,101,"194,0",BIGUACU,Frear bruscamente,Tombamento,Com Vítimas Feridas,Pleno dia,Decrescente,Nublado,Simples,Reta,Sim,1,0,1,0,0,0,1,1,-27.50067748,-48.65475655,SPRF-SC,DEL01-SC,UOP01-DEL01-SC,2021
"359066,0",2021-05-21,sexta-feira,15:10:00,SC,282,"1,0",FLORIANOPOLIS,Manobra de mudança de faixa,Colisão lateral mesmo sentido,Com Vítimas Feridas,Pleno dia,Crescente,Céu Claro,Dupla,Reta,Sim,2,0,1,0,1,0,1,2,-27.602955,-48.580509,SPRF-SC,DEL01-SC,UOP01-DEL01-SC,2021
"359081,0",2021-05-21,sexta-feira,16:20:00,SC,101,"150,0",ITAPEMA,Acessar a via sem observar a presença dos outros veículos,Colisão lateral mesmo sentido,Com Vítimas Feridas,Pleno dia,Crescente,Céu Claro,Simples,Reta,Sim,2,0,1,0,1,0,1,2,-27.11744799,-48.60940987,SPRF-SC,DEL04-SC,UOP03-DEL04-SC,2021
"359099,0",2021-05-21,sexta-feira,17:53:00,SC,282,"3,7",FLORIANOPOLIS,Condutor deixou de manter distância do veículo da frente,Colisão traseira,Com Vítimas Feridas,Anoitecer,Crescente,Céu Claro,Múltipla,Curva,Sim,2,0,1,0,1,0,1,2,-27.600384,-48.599705,SPRF-SC,DEL01-SC,UOP01-DEL01-SC,2021
"359117,0",2021-05-21,sexta-feira,18:25:00,SC,101,"121,8",ITAJAI,Condutor deixou de manter distância do veículo da frente,Engavetamento,Sem Vítimas,Plena Noite,Decrescente,Nublado,Dupla,Reta,Sim,5,0,0,0,5,0,0,5,-26.92103178,-48.70856446,SPRF-SC,DEL04-SC,UOP04-DEL04-SC,2021
"359128,0",2021-05-21,sexta-feira,15:50:00,SC,280,"31,5",ARAQUARI,Reação tardia ou ineficiente do condutor,Colisão frontal,Sem Vítimas,Pleno dia,Decrescente,Nublado,Simples,Interseção de Vias;Reta,Sim,2,0,0,0,2,0,0,2,-26.41649938,-48.77181215,SPRF-SC,DEL03-SC,UOP03-DEL03-SC,2021
"359138,0",2021-05-21,sexta-feira,21:00:00,SC,101,"122,0",ITAJAI,Demais falhas mecânicas ou elétricas,Tombamento,Com Vítimas Feridas,Plena Noite,Crescente,Céu Claro,Dupla,Reta,Sim,2,0,2,0,0,0,2,1,-26.92955916,-48.70499836,SPRF-SC,DEL04-SC,UOP04-DEL04-SC,2021
"359141,0",2021-05-21,sexta-feira,17:55:00,SC,280,"83,0",CORUPA,Acessar a via sem observar a presença dos outros veículos,Colisão transversal,Com Vítimas Feridas,Anoitecer,Decrescente,Nublado,Simples,Reta,Não,2,0,1,0,1,0,1,2,-26.43797588,-49.23478097,SPRF-SC,DEL06-SC,UOP03-DEL06-SC,2021
"359146,0",2021-05-21,sexta-feira,11:50:00,SC,282,"588,8",SAUDADES,Manobra de mudança de faixa,Saída de leito carroçável,Com Vítimas Feridas,Pleno dia,Crescente,Céu Claro,Dupla,Aclive,Não,1,0,1,0,0,0,1,1,-26.826273,-53.052547,SPRF-SC,DEL07-SC,UOP02-DEL07-SC,2021
"359169,0",2021-05-21,sexta-feira,22:05:00,SC,282,"515,0",XAXIM,Ingestão de álcool pelo condutor,Saída de leito carroçável,Sem Vítimas,Plena Noite,Decrescente,Chuva,Simples,Reta,Não,1,0,0,0,1,0,0,1,-26.922623,-52.496132,SPRF-SC,DEL07-SC,UOP01-DEL07-SC,2021
"359201,0",2021-05-22,sábado,04:20:00,SC,470,"65,0",INDAIAL,Demais falhas mecânicas ou elétricas,Incêndio,Sem Vítimas,Plena Noite,Decrescente,Chuva,Simples,Reta,Sim,1,0,0,0,1,0,0,1,-26.870411,-49.211864,SPRF-SC,DEL04-SC,UOP01-DEL04-SC,2021
"359219,0",2021-05-22,sábado,06:55:00,SC,101,"205,5",SAO JOSE,Ausência de reação do condutor,Colisão com objeto,Com Vítimas Feridas,Pleno dia,Decrescente,Nublado,Dupla,Interseção de Vias;Em Obras,Sim,2,0,1,0,0,1,1,2,-27.58824319,-48.61676574,SPRF-SC,DEL01-SC,UOP01-DEL01-SC,2021
"359255,0",2021-05-22,sábado,09:30:00,SC,101,"211,0",PALHOCA,Condutor deixou de manter distância do veículo da frente,Colisão traseira,Com Vítimas Feridas,Pleno dia,Decrescente,Céu Claro,Dupla,Reta,Sim,2,0,1,0,1,0,1,2,-27.62329313,-48.65245588,SPRF-SC,DEL01-SC,UOP02-DEL01-SC,2021
"359277,0",2021-05-22,sábado,07:50:00,SC,282,"589,9",SAUDADES,Falta de acostamento,Saída de leito carroçável,Com Vítimas Feridas,Pleno dia,Crescente,Céu Claro,Simples,Reta;Aclive,Não,1,0,1,0,0,0,1,1,-26.825867,-53.072912,SPRF-SC,DEL07-SC,UOP02-DEL07-SC,2021
"359278,0",2021-05-22,sábado,11:43:00,SC,101,"131,0",BALNEARIO CAMBORIU,Avarias e/ou desgaste excessivo no pneu,Tombamento,Com Vítimas Feridas,Pleno dia,Crescente,Nublado,Múltipla,Reta,Sim,1,0,1,0,0,0,1,1,-26.99064209,-48.66310912,SPRF-SC,DEL04-SC,UOP03-DEL04-SC,2021
"359282,0",2021-05-22,sábado,12:40:00,SC,101,"204,0",SAO JOSE,Ingestão de álcool pelo condutor,Saída de leito carroçável,Sem Vítimas,Pleno dia,Crescente,Céu Claro,Simples,Reta,Sim,1,0,0,0,1,0,0,1,-27.57413014,-48.61363083,SPRF-SC,DEL01-SC,UOP01-DEL01-SC,2021
"359299,0",2021-05-22,sábado,11:50:00,SC,280,"305,0",PORTO UNIAO,Acumulo de areia ou detritos sobre o pavimento,Tombamento,Com Vítimas Feridas,Pleno dia,Decrescente,Céu Claro,Simples,Interseção de Vias,Sim,2,0,1,1,0,0,2,1,-26.26625102,-51.05981502,SPRF-SC,DEL06-SC,UOP04-DEL06-SC,2021
"359300,0",2021-05-22,sábado,15:15:00,SC,470,"82,5",RODEIO,Reação tardia ou ineficiente do condutor,Saída de leito carroçável,Com Vítimas Feridas,Pleno dia,Crescente,Céu Claro,Simples,Reta,Não,2,0,2,0,0,0,2,1,-26.958838,-49.324978,SPRF-SC,DEL04-SC,UOP01-DEL04-SC,2021
"359311,0",2021-05-22,sábado,16:05:00,SC,101,"148,5",ITAPEMA,Acessar a via sem observar a presença dos outros veículos,Colisão transversal,Com Vítimas Feridas,Pleno dia,Crescente,Nublado,Múltipla,Reta;Interseção de Vias,Sim,2,0,0,1,1,0,1,2,-27.10123686,-48.61807962,SPRF-SC,DEL04-SC,UOP03-DEL04-SC,2021
"359349,0",2021-05-22,sábado,19:40:00,SC,280,"29,0",ARAQUARI,Acumulo de água sobre o pavimento,Queda de ocupante de veículo,Com Vítimas Feridas,Plena Noite,Crescente,Chuva,Simples,Interseção de Vias;Reta,Sim,2,0,1,0,1,0,1,1,-26.41066264,-48.75295628,SPRF-SC,DEL03-SC,UOP03-DEL03-SC,2021
"359374,0",2021-05-22,sábado,20:30:00,SC,101,"206,2",SAO JOSE,Ingestão de álcool pelo condutor,Colisão com objeto,Com Vítimas Feridas,Plena Noite,Crescente,Nublado,Múltipla,Declive,Sim,3,0,1,0,2,0,1,3,-27.59193546,-48.61824557,SPRF-SC,DEL01-SC,UOP01-DEL01-SC,2021
"359415,0",2021-05-22,sábado,22:45:00,SC,101,"135,0",BALNEARIO CAMBORIU,Manobra de mudança de faixa,Colisão lateral mesmo sentido,Sem Vítimas,Plena Noite,Decrescente,Nublado,Múltipla,Reta,Sim,2,0,0,0,2,0,0,2,-27.0050108,-48.62677494,SPRF-SC,DEL04-SC,UOP03-DEL04-SC,2021
"359416,0",2021-05-23,domingo,00:05:00,SC,101,"207,5",SAO JOSE,Velocidade Incompatível,Engavetamento,Com Vítimas Feridas,Plena Noite,Decrescente,Nublado,Múltipla,Reta;Declive,Sim,3,0,1,0,2,0,1,3,-27.60001226,-48.6226467,SPRF-SC,DEL01-SC,UOP01-DEL01-SC,2021
"359429,0",2021-05-23,domingo,01:00:00,SC,101,"280,1",IMBITUBA,Ingestão de álcool pelo condutor,Saída de leito carroçável,Com Vítimas Feridas,Plena Noite,Crescente,Céu Claro,Simples,Reta,Sim,1,0,1,0,0,0,1,1,-28.18068771,-48.69606256,SPRF-SC,DEL02-SC,UOP03-DEL02-SC,2021
"359431,0",2021-05-22,sábado,23:00:00,SC,282,"603,0",MARAVILHA,Ingestão de álcool pelo condutor,Saída de leito carroçável,Com Vítimas Feridas,Plena Noite,Decrescente,Céu Claro,Simples,Reta,Não,1,0,1,0,0,0,1,1,-26.803013,-53.188068,SPRF-SC,DEL07-SC,UOP02-DEL07-SC,2021
"359432,0",2021-05-23,domingo,02:30:00,SC,101,"215,5",PALHOCA,Velocidade Incompatível,Colisão traseira,Com Vítimas Feridas,Plena Noite,Decrescente,Céu Claro,Dupla,Viaduto,Sim,10,0,3,1,6,0,4,5,-27.65184843,-48.67604941,SPRF-SC,DEL01-SC,UOP02-DEL01-SC,2021
"359434,0",2021-05-23,domingo,00:20:00,SC,163,"120,0",DIONISIO CERQUEIRA,Velocidade Incompatível,Saída de leito carroçável,Com Vítimas Feridas,Plena Noite,Crescente,Céu Claro,Simples,Declive,Não,1,0,0,1,0,0,1,1,-26.329211,-53.544462,SPRF-SC,DEL07-SC,UOP03-DEL07-SC,2021
"359440,0",2021-05-22,sábado,23:40:00,SC,470,"90,8",ASCURRA,Condutor Dormindo,Colisão frontal,Com Vítimas Feridas,Plena Noite,Decrescente,Céu Claro,Simples,Reta,Sim,4,0,2,0,0,2,2,3,-26.969337,-49.367718,SPRF-SC,DEL04-SC,UOP01-DEL04-SC,2021
"359474,0",2021-05-22,sábado,20:30:00,SC,116,"141,9",SANTA CECILIA,Ingestão de álcool pelo condutor,Colisão frontal,Sem Vítimas,Plena Noite,Crescente,Nublado,Simples,Curva;Aclive,Não,2,0,0,0,2,0,0,2,-26.97282394,-50.40309796,SPRF-SC,DEL06-SC,UOP02-DEL06-SC,2021
"359501,0",2021-05-23,domingo,12:15:00,SC,101,"104,0",BALNEARIO PICARRAS,Acessar a via sem observar a presença dos outros veículos,Colisão lateral mesmo sentido,Com Vítimas Feridas,Pleno dia,Decrescente,Sol,Dupla,Reta,Não,2,0,2,0,0,0,2,2,-26.79281742,-48.68080819,SPRF-SC,DEL03-SC,UOP02-DEL03-SC,2021
"359508,0",2021-05-23,domingo,05:20:00,SC,282,"305,5",VARGEM,Reação tardia ou ineficiente do condutor,Saída de leito carroçável,Com Vítimas Feridas,Plena Noite,Crescente,Céu Claro,Simples,Curva,Não,4,0,4,0,0,0,4,1,-27.49662336,-50.95064163,SPRF-SC,DEL07-SC,UOP06-DEL07-SC,2021
"359511,0",2021-05-23,domingo,13:20:00,SC,101,"125,0",ITAJAI,Manobra de mudança de faixa,Colisão lateral mesmo sentido,Com Vítimas Feridas,Pleno dia,Decrescente,Céu Claro,Dupla,Reta,Sim,5,0,1,1,3,0,2,2,-26.94802427,-48.68338515,SPRF-SC,DEL04-SC,UOP04-DEL04-SC,2021
"359514,0",2021-05-23,domingo,13:40:00,SC,280,"23,8",ARAQUARI,Acessar a via sem observar a presença dos outros veículos,Colisão transversal,Com Vítimas Feridas,Pleno dia,Decrescente,Céu Claro,Simples,Reta,Não,2,0,1,0,1,0,1,2,-26.37146,-48.711887,SPRF-SC,DEL03-SC,UOP03-DEL03-SC,2021
"359519,0",2021-05-23,domingo,14:30:00,SC,282,"46,7",AGUAS MORNAS,Ultrapassagem Indevida,Colisão lateral sentido oposto,Com Vítimas Feridas,Pleno dia,Crescente,Céu Claro,Simples,Curva,Não,2,0,0,1,0,1,1,2,-27.721041,-48.925152,SPRF-SC,DEL01-SC,UOP03-DEL01-SC,2021
"359533,0",2021-05-23,domingo,16:00:00,SC,101,"112,2",ITAJAI,Demais falhas mecânicas ou elétricas,Queda de ocupante de veículo,Com Vítimas Feridas,Anoitecer,Crescente,Céu Claro,Múltipla,Reta,Não,2,0,2,0,0,0,2,1,-26.84589005,-48.72131295,SPRF-SC,DEL04-SC,UOP04-DEL04-SC,2021
"359544,0",2021-05-23,domingo,16:45:00,SC,101,"210,0",SAO JOSE,Ingestão de álcool pelo condutor,Saída de leito carroçável,Sem Vítimas,Pleno dia,Crescente,Céu Claro,Múltipla,Reta,Sim,1,0,0,0,1,0,0,1,-27.6167305,-48.6457265,SPRF-SC,DEL01-SC,UOP01-DEL01-SC,2021