id,data_inversa,dia_semana,horario,uf,br,km,municipio,causa_acidente,tipo_acidente,classificacao_acidente,fase_dia,sentido_via,condicao_metereologica,tipo_pista,tracado_via,uso_solo,pessoas,mortos,feridos_leves,feridos_graves,ilesos,ignorados,feridos,veiculos,latitude,longitude,regional,delegacia,uop,ano_arquivo
"360538,0",2021-05-28,sexta-feira,18:50:00,SC,101,"137,0",BALNEARIO CAMBORIU,Reação tardia ou ineficiente do condutor,Colisão traseira,Com Vítimas Feridas,Plena Noite,Decrescente,Céu Claro,Dupla,Reta,Não,2,0,1,0,1,0,1,2,-27.0157238,-48.61192763,SPRF-SC,DEL04-SC,UOP03-DEL04-SC,2021
"360555,0",2021-05-28,sexta-feira,19:25:00,SC,101,"417,0",ARARANGUA,Reação tardia ou ineficiente do condutor,Colisão traseira,Com Vítimas Feridas,Plena Noite,Crescente,Chuva,Simples,Reta;Interseção de Vias,Sim,4,0,0,1,3,0,1,2,-28.97376391,-49.53023409,SPRF-SC,DEL02-SC,UOP02-DEL02-SC,2021
"360562,0",2021-05-28,sexta-feira,20:50:00,SC,101,"203,0",SAO JOSE,Condutor deixou de manter distância do veículo da frente,Colisão traseira,Sem Vítimas,Plena Noite,Crescente,Nublado,Dupla,Reta,Não,2,0,0,0,2,0,0,2,-27.5650044,-48.61460082,SPRF-SC,DEL01-SC,UOP01-DEL01-SC,2021
"360594,0",2021-05-29,sábado,00:10:00,SC,101,"264,8",PAULO LOPES,Condutor Dormindo,Colisão com objeto,Com Vítimas Feridas,Plena Noite,Decrescente,Nublado,Dupla,Reta;Ponte,Não,1,0,1,0,0,0,1,1,-28.06062488,-48.71663159,SPRF-SC,DEL02-SC,UOP03-DEL02-SC,2021
"360605,0",2021-05-29,sábado,01:25:00,SC,280,"124,9",RIO NEGRINHO,Ingestão de álcool pelo condutor,Saída de leito carroçável,Sem Vítimas,Plena Noite,Decrescente,Céu Claro,Simples,Reta,Sim,1,0,0,0,1,0,0,1,-26.23878839,-49.49892282,SPRF-SC,DEL06-SC,UOP03-DEL06-SC,2021
"360606,0",2021-05-28,sexta-feira,23:15:00,SC,101,"394,0",ICARA,Ingestão de álcool pelo condutor,Saída de leito carroçável,Sem Vítimas,Plena Noite,Crescente,Chuva,Simples,Reta,Sim,1,0,0,0,0,1,0,1,-28.81326275,-49.38911611,SPRF-SC,DEL02-SC,UOP02-DEL02-SC,2021
"360608,0",2021-05-29,sábado,00:20:00,SC,101,"73,1",ARAQUARI,Velocidade Incompatível,Saída de leito carroçável,Com Vítimas Feridas,Plena Noite,Crescente,Céu Claro,Dupla,Reta,Não,1,0,1,0,0,0,1,1,-26.53567108,-48.71326731,SPRF-SC,DEL03-SC,UOP02-DEL03-SC,2021
"360617,0",2021-05-29,sábado,04:30:00,SC,101,"338,0",TUBARAO,Ingestão de álcool e/ou substâncias psicoativas pelo pedestre,Colisão com objeto,Sem Vítimas,Plena Noite,Crescente,Nublado,Múltipla,Reta,Sim,1,0,0,0,1,0,0,1,-28.485725,-49.03726,SPRF-SC,DEL02-SC,UOP01-DEL02-SC,2021
"360620,0",2021-05-29,sábado,01:30:00,SC,116,"186,9",SAO CRISTOVAO DO SUL,Velocidade Incompatível,Saída de leito carroçável,Com Vítimas Feridas,Plena Noite,Crescente,Chuva,Simples,Reta,Não,1,0,1,0,0,0,1,1,-27.31340181,-50.41996231,SPRF-SC,DEL05-SC,UOP03-DEL05-SC,2021
"360621,0",2021-05-29,sábado,05:00:00,SC,101,"157,0",PORTO BELO,Acumulo de água sobre o pavimento,Tombamento,Com Vítimas Feridas,Amanhecer,Decrescente,Chuva,Dupla,Reta,Sim,1,0,1,0,0,0,1,1,-27.181625,-48.6121179,SPRF-SC,DEL04-SC,UOP03-DEL04-SC,2021
"360622,0",2021-05-29,sábado,06:00:00,SC,470,"158,0",TROMBUDO CENTRAL,Ingestão de álcool pelo condutor,Colisão com objeto,Sem Vítimas,Plena Noite,Decrescente,Chuva,Simples,Retorno Regulamentado,Sim,1,0,0,0,1,0,0,1,-27.287016,-49.778389,SPRF-SC,DEL04-SC,UOP02-DEL04-SC,2021
"360624,0",2021-05-29,sábado,05:30:00,SC,101,"460,0",PASSO DE TORRES,Demais falhas mecânicas ou elétricas,Incêndio,Sem Vítimas,Plena Noite,Decrescente,Garoa/Chuvisco,Dupla,Curva,Não,1,0,0,0,1,0,0,1,-29.25788799,-49.7565232,SPRF-RS,DEL03-RS,UOP02-DEL03-RS,2021
"360636,0",2021-05-29,sábado,07:10:00,SC,101,"190,0",BIGUACU,Velocidade Incompatível,Colisão com objeto,Com Vítimas Feridas,Pleno dia,Decrescente,Chuva,Dupla,Curva,Não,1,0,1,0,0,0,1,1,-27.47652186,-48.6406374,SPRF-SC,DEL01-SC,UOP01-DEL01-SC,2021
"360641,0",2021-05-29,sábado,01:20:00,SC,101,"125,7",ITAJAI,Ingestão de álcool pelo condutor,Saída de leito carroçável,Com Vítimas Feridas,Plena Noite,Decrescente,Nublado,Dupla,Reta,Não,1,0,1,0,0,0,1,1,-26.94802427,-48.68338515,SPRF-SC,DEL04-SC,UOP04-DEL04-SC,2021
"360645,0",2021-05-29,sábado,07:00:00,SC,282,"18,3",PALHOCA,Ingestão de álcool pelo condutor,Colisão transversal,Com Vítimas Feridas,Pleno dia,Crescente,Chuva,Simples,Reta,Não,2,0,1,0,1,0,1,2,-27.67573725,-48.69758606,SPRF-SC,DEL01-SC,UOP02-DEL01-SC,2021
"360651,0",2021-05-29,sábado,06:50:00,SC,282,"353,9",CAMPOS NOVOS,Ingestão de álcool pelo condutor,Colisão lateral sentido oposto,Sem Vítimas,Pleno dia,Decrescente,Céu Claro,Simples,Reta,Não,2,0,0,0,2,0,0,2,-27.359234,-51.320999,SPRF-SC,DEL07-SC,UOP06-DEL07-SC,2021
"360673,0",2021-05-29,sábado,09:00:00,SC,101,"155,0",PORTO BELO,Ausência de reação do condutor,Colisão com objeto,Com Vítimas Feridas,Pleno dia,Crescente,Céu Claro,Simples,Curva,Sim,1,0,1,0,0,0,1,1,-27.16292,-48.61129,SPRF-SC,DEL04-SC,UOP03-DEL04-SC,2021
"360682,0",2021-05-29,sábado,11:15:00,SC,470,"55,5",BLUMENAU,Ausência de reação do condutor,Colisão transversal,Com Vítimas Feridas,Pleno dia,Crescente,Céu Claro,Simples,Reta,Não,2,0,1,0,1,0,1,2,-26.87634003,-49.12333125,SPRF-SC,DEL04-SC,UOP01-DEL04-SC,2021
"360708,0",2021-05-29,sábado,12:00:00,SC,282,"3,0",FLORIANOPOLIS,Condutor deixou de manter distância do veículo da frente,Colisão traseira,Com Vítimas Feridas,Pleno dia,Decrescente,Céu Claro,Múltipla,Em Obras,Não,3,0,2,0,1,0,2,2,-27.600384,-48.599705,SPRF-SC,DEL01-SC,UOP01-DEL01-SC,2021
"360712,0",2021-05-29,sábado,12:30:00,SC,101,"209,0",SAO JOSE,Condutor deixou de manter distância do veículo da frente,Colisão traseira,Com Vítimas Feridas,Pleno dia,Decrescente,Céu Claro,Múltipla,Reta,Sim,3,0,1,0,2,0,1,2,-27.61000542,-48.63895057,SPRF-SC,DEL01-SC,UOP01-DEL01-SC,2021
"360776,0",2021-05-29,sábado,16:00:00,SC,470,"136,3",RIO DO SUL,Ingestão de álcool pelo condutor,Colisão transversal,Sem Vítimas,Pleno dia,Crescente,Sol,Simples,Interseção de Vias,Sim,2,0,0,0,2,0,0,2,-27.194323,-49.624554,SPRF-SC,DEL04-SC,UOP02-DEL04-SC,2021
"360796,0",2021-05-29,sábado,16:00:00,SC,101,"353,8",JAGUARUNA,Condutor Dormindo,Saída de leito carroçável,Com Vítimas Feridas,Pleno dia,Decrescente,Céu Claro,Dupla,Reta,Não,2,0,2,0,0,0,2,1,-28.62122,-49.07455444,SPRF-SC,DEL02-SC,UOP01-DEL02-SC,2021
"360806,0",2021-05-29,sábado,17:30:00,SC,101,"378,5",ICARA,Ingestão de álcool pelo condutor,Saída de leito carroçável,Com Vítimas Feridas,Plena Noite,Crescente,Céu Claro,Dupla,Reta,Sim,1,0,1,0,0,0,1,1,-28.741853,-49.251657,SPRF-SC,DEL02-SC,UOP02-DEL02-SC,2021
"360828,0",2021-05-29,sábado,20:35:00,SC,280,"18,5",SAO FRANCISCO DO SUL,Mal súbito do condutor,Saída de leito carroçável,Com Vítimas Feridas,Plena Noite,Crescente,Nublado,Simples,Curva,Não,1,0,1,0,0,0,1,1,-26.36432495,-48.66444809,SPRF-SC,DEL03-SC,UOP03-DEL03-SC,2021
"360856,0",2021-05-29,sábado,22:30:00,SC,470,"51,0",BLUMENAU,Ausência de reação do condutor,Tombamento,Com Vítimas Feridas,Plena Noite,Crescente,Céu Claro,Dupla,Em Obras,Sim,2,0,1,1,0,0,2,1,-26.862339,-49.084038,SPRF-SC,DEL04-SC,UOP01-DEL04-SC,2021
"360864,0",2021-05-29,sábado,20:30:00,SC,282,"586,8",PINHALZINHO,Ingestão de álcool pelo condutor,Capotamento,Com Vítimas Feridas,Plena Noite,Decrescente,Céu Claro,Simples,Curva,Não,2,0,1,1,0,0,2,1,-26.832605,-53.03474,SPRF-SC,DEL07-SC,UOP02-DEL07-SC,2021
"360879,0",2021-05-29,sábado,18:30:00,SC,116,"117,0",SANTA CECILIA,Pista Escorregadia,Queda de ocupante de veículo,Com Vítimas Feridas,Plena Noite,Crescente,Garoa/Chuvisco,Simples,Curva,Não,1,0,1,0,0,0,1,1,-26.81731599,-50.35097407,SPRF-SC,DEL06-SC,UOP02-DEL06-SC,2021
"360883,0",2021-05-30,domingo,00:20:00,SC,101,"208,0",SAO JOSE,Ingestão de álcool pelo condutor,Colisão traseira,Sem Vítimas,Plena Noite,Decrescente,Nublado,Dupla,Em Obras,Sim,2,0,0,0,2,0,0,2,-27.60327979,-48.63201818,SPRF-SC,DEL01-SC,UOP01-DEL01-SC,2021
"360895,0",2021-05-30,domingo,01:35:00,SC,101,"88,7",BARRA VELHA,Ingestão de álcool pelo condutor,Saída de leito carroçável,Com Vítimas Feridas,Plena Noite,Crescente,Nublado,Dupla,Reta,Sim,4,0,2,0,0,2,2,2,-26.65429084,-48.68781209,SPRF-SC,DEL03-SC,UOP02-DEL03-SC,2021
"360896,0",2021-05-30,domingo,02:10:00,SC,101,"71,0",ARAQUARI,Velocidade Incompatível,Colisão com objeto,Sem Vítimas,Plena Noite,Decrescente,Nublado,Dupla,Reta,Não,1,0,0,0,1,0,0,1,-26.51864822,-48.71874636,SPRF-SC,DEL03-SC,UOP02-DEL03-SC,2021
"360902,0",2021-05-30,domingo,01:15:00,SC,470,"88,7",ASCURRA,Reação tardia ou ineficiente do condutor,Colisão com objeto,Com Vítimas Feridas,Plena Noite,Decrescente,Nublado,Simples,Ponte;Reta,Sim,1,0,1,0,0,0,1,1,-26.955355,-49.373169,SPRF-SC,DEL04-SC,UOP01-DEL04-SC,2021
"360919,0",2021-05-30,domingo,07:00:00,SC,101,"144,8",ITAPEMA,Velocidade Incompatível,Colisão com objeto,Sem Vítimas,Pleno dia,Decrescente,Nublado,Dupla,Reta,Sim,1,0,0,0,0,1,0,1,-27.0732659,-48.59672716,SPRF-SC,DEL04-SC,UOP03-DEL04-SC,2021
"360971,0",2021-05-30,domingo,12:30:00,SC,101,"39,0",JOINVILLE,Velocidade Incompatível,Colisão com objeto,Com Vítimas Feridas,Pleno dia,Crescente,Chuva,Simples,Interseção de Vias,Sim,3,0,1,0,2,0,1,2,-26.2628107,-48.90192257,SPRF-SC,DEL03-SC,UOP01-DEL03-SC,2021
"360983,0",2021-05-30,domingo,15:40:00,SC,280,"50,0",GUARAMIRIM,Acessar a via sem observar a presença dos outros veículos,Colisão transversal,Com Vítimas Feridas,Pleno dia,Crescente,Chuva,Simples,Em Obras,Sim,4,0,0,1,3,0,1,2,-26.4619489,-48.94618404,SPRF-SC,DEL03-SC,UOP03-DEL03-SC,2021
"360992,0",2021-05-30,domingo,16:35:00,SC,116,"251,6",LAGES,Transitar na contramão,Colisão lateral mesmo sentido,Com Vítimas Feridas,Pleno dia,Crescente,Céu Claro,Simples,Reta,Não,2,0,1,0,1,0,1,2,-27.84976152,-50.38066422,SPRF-SC,DEL05-SC,UOP02-DEL05-SC,2021
"360998,0",2021-05-30,domingo,16:20:00,SC,470,"158,0",TROMBUDO CENTRAL,Acessar a via sem observar a presença dos outros veículos,Colisão transversal,Sem Vítimas,Pleno dia,Crescente,Nublado,Simples,Retorno Regulamentado,Sim,2,0,0,0,2,0,0,2,-27.28616317,-49.78325844,SPRF-SC,DEL04-SC,UOP02-DEL04-SC,2021
"361005,0",2021-05-30,domingo,17:56:00,SC,101,"81,0",BARRA VELHA,Ingestão de álcool pelo condutor,Colisão traseira,Sem Vítimas,Plena Noite,Decrescente,Chuva,Dupla,Reta,Não,3,0,0,0,3,0,0,2,-26.61039548,-48.72201025,SPRF-SC,DEL03-SC,UOP02-DEL03-SC,2021
"361008,0",2021-05-30,domingo,18:20:00,SC,101,"342,0",TUBARAO,Ausência de reação do condutor,Tombamento,Com Vítimas Feridas,Plena Noite,Decrescente,Nublado,Dupla,Reta,Sim,2,0,2,0,0,0,2,1,-28.53538852,-49.05340791,SPRF-SC,DEL02-SC,UOP01-DEL02-SC,2021
"361011,0",2021-05-30,domingo,18:00:00,SC,101,"259,5",GAROPABA,Ingestão de álcool e/ou substâncias psicoativas pelo pedestre,Atropelamento de Pedestre,Com Vítimas Feridas,Plena Noite,Crescente,Céu Claro,Dupla,Curva;Declive,Não,3,0,1,0,2,0,1,2,-28.013062,-48.695152,SPRF-SC,DEL02-SC,UOP03-DEL02-SC,2021
"361017,0",2021-05-30,domingo,18:00:00,SC,470,"86,0",RODEIO,Ingestão de álcool pelo condutor,Colisão traseira,Sem Vítimas,Plena Noite,Crescente,Céu Claro,Simples,Reta,Não,2,0,0,0,2,0,0,2,-26.949951,-49.357296,SPRF-SC,DEL04-SC,UOP01-DEL04-SC,2021
"361041,0",2021-05-30,domingo,19:10:00,SC,153,"79,6",IRANI,Acessar a via sem observar a presença dos outros veículos,Colisão transversal,Sem Vítimas,Plena Noite,Decrescente,Céu Claro,Simples,Aclive,Não,2,0,0,0,2,0,0,2,-27.110668,-51.90889,SPRF-SC,DEL07-SC,UOP04-DEL07-SC,2021
"361061,0",2021-05-30,domingo,19:00:00,SC,280,"300,3",PORTO UNIAO,Transitar na contramão,Colisão frontal,Com Vítimas Fatais,Plena Noite,Decrescente,Nublado,Simples,Curva,Não,6,1,0,4,0,1,4,3,-26.285695,-51.018643,SPRF-SC,DEL06-SC,UOP04-DEL06-SC,2021
"361094,0",2021-05-31,segunda-feira,02:30:00,SC,101,"214,5",PALHOCA,Transitar na contramão,Colisão lateral sentido oposto,Sem Vítimas,Plena Noite,Decrescente,Céu Claro,Dupla,Reta,Sim,2,0,0,0,2,0,0,2,-27.64443,-48.67057,SPRF-SC,DEL01-SC,UOP02-DEL01-SC,2021
"361103,0",2021-05-30,domingo,18:45:00,SC,101,"34,2",JOINVILLE,Reação tardia ou ineficiente do condutor,Colisão traseira,Sem Vítimas,Plena Noite,Decrescente,Céu Claro,Dupla,Reta,Não,2,0,0,0,2,0,0,2,-26.23667403,-48.91486706,SPRF-SC,DEL03-SC,UOP01-DEL03-SC,2021
"361139,0",2021-05-31,segunda-feira,09:10:00,SC,282,"2,0",FLORIANOPOLIS,Conversão proibida,Colisão lateral mesmo sentido,Com Vítimas Feridas,Pleno dia,Crescente,Céu Claro,Dupla,Reta,Sim,2,0,0,1,1,0,1,2,-27.603289,-48.590416,SPRF-SC,DEL01-SC,UOP01-DEL01-SC,2021
"361150,0",2021-05-23,domingo,16:08:00,SC,282,"46,0",AGUAS MORNAS,Reação tardia ou ineficiente do condutor,Tombamento,Sem Vítimas,Pleno dia,Decrescente,Céu Claro,Simples,Curva,Não,1,0,0,0,1,0,0,1,-27.721041,-48.925152,SPRF-SC,DEL01-SC,UOP03-DEL01-SC,2021
"361169,0",2021-05-31,segunda-feira,11:50:00,SC,101,"210,2",SAO JOSE,Acesso irregular,Colisão transversal,Com Vítimas Feridas,Pleno dia,Crescente,Nublado,Múltipla,Reta,Sim,2,0,1,0,1,0,1,2,-27.6167305,-48.6457265,SPRF-SC,DEL01-SC,UOP01-DEL01-SC,2021
"361171,0",2021-05-31,segunda-feira,12:00:00,SC,101,"196,0",BIGUACU,Desrespeitar a preferência no cruzamento,Colisão transversal,Com Vítimas Feridas,Pleno dia,Decrescente,Céu Claro,Dupla,Reta,Sim,2,0,1,0,1,0,1,2,-27.51101091,-48.64322292,SPRF-SC,DEL01-SC,UOP01-DEL01-SC,2021
"361177,0",2021-05-31,segunda-feira,12:40:00,SC,101,"206,9",SAO JOSE,Desrespeitar a preferência no cruzamento,Colisão transversal,Sem Vítimas,Pleno dia,Crescente,Céu Claro,Dupla,Reta,Sim,2,0,0,0,2,0,0,2,-27.59193546,-48.61824557,SPRF-SC,DEL01-SC,UOP01-DEL01-SC,2021
"361224,0",2021-05-14,sexta-feira,20:50:00,SC,101,"206,7",SAO JOSE,Trafegar com motocicleta (ou similar) entre as faixas,Queda de ocupante de veículo,Com Vítimas Feridas,Plena Noite,Decrescente,Céu Claro,Dupla,Reta,Sim,2,0,0,1,0,1,1,2,-27.59193546,-48.61824557,SPRF-SC,DEL01-SC,UOP01-DEL01-SC,2021
"361237,0",2021-05-31,segunda-feira,18:00:00,SC,101,"204,0",SAO JOSE,Condutor deixou de manter distância do veículo da frente,Colisão lateral mesmo sentido,Com Vítimas Feridas,Plena Noite,Crescente,Nublado,Múltipla,Reta,Sim,2,0,1,0,1,0,1,2,-27.57413014,-48.61363083,SPRF-SC,DEL01-SC,UOP01-DEL01-SC,2021
"361243,0",2021-05-31,segunda-feira,17:51:00,SC,101,"213,3",PALHOCA,Trafegar com motocicleta (ou similar) entre as faixas,Colisão lateral mesmo sentido,Com Vítimas Feridas,Anoitecer,Decrescente,Nublado,Múltipla,Reta,Sim,2,0,1,0,1,0,1,2,-27.63697369,-48.66514142,SPRF-SC,DEL01-SC,UOP02-DEL01-SC,2021
"361251,0",2021-05-31,segunda-feira,18:30:00,SC,282,"216,0",LAGES,Desrespeitar a preferência no cruzamento,Colisão transversal,Com Vítimas Feridas,Plena Noite,Crescente,Céu Claro,Simples,Rotatória,Sim,3,0,2,0,1,0,2,2,-27.79450599,-50.28429508,SPRF-SC,DEL05-SC,UOP01-DEL05-SC,2021
"361252,0",2021-05-31,segunda-feira,17:35:00,SC,470,"1,4",GASPAR,Conversão proibida,Colisão transversal,Com Vítimas Feridas,Anoitecer,Crescente,Céu Claro,Simples,Curva,Sim,2,0,0,1,1,0,1,2,-26.93187,-48.959316,SPRF-SC,DEL04-SC,UOP01-DEL04-SC,2021
"361266,0",2021-05-31,segunda-feira,17:10:00,SC,282,"635,4",DESCANSO,Ausência de reação do condutor,Saída de leito carroçável,Com Vítimas Feridas,Pleno dia,Crescente,Céu Claro,Simples,Aclive;Curva,Não,1,0,1,0,0,0,1,1,-26.81553012,-53.43089104,SPRF-SC,DEL07-SC,UOP03-DEL07-SC,2021
"361267,0",2021-05-31,segunda-feira,17:30:00,SC,282,"366,6",ERVAL VELHO,Ultrapassagem Indevida,Colisão frontal,Com Vítimas Feridas,Pleno dia,Crescente,Céu Claro,Simples,Declive;Reta,Não,2,0,0,2,0,0,2,2,-27.291018,-51.416611,SPRF-SC,DEL07-SC,UOP05-DEL07-SC,2021
"361283,0",2021-04-29,quinta-feira,23:00:00,SC,470,"32,0",GASPAR,Demais falhas mecânicas ou elétricas,Saída de leito carroçável,Com Vítimas Feridas,Pleno dia,Decrescente,Ignorado,Dupla,Reta,Não,1,0,0,1,0,0,1,1,-26.901793,-48.931812,SPRF-SC,DEL04-SC,UOP01-DEL04-SC,2021
"361287,0",2021-05-31,segunda-feira,19:05:00,SC,101,"313,6",LAGUNA,Acessar a via sem observar a presença dos outros veículos,Colisão lateral mesmo sentido,Com Vítimas Feridas,Plena Noite,Crescente,Céu Claro,Simples,Reta,Não,2,0,1,0,1,0,1,2,-28.43286446,-48.83773685,SPRF-SC,DEL02-SC,UOP01-DEL02-SC,2021
"361295,0",2021-05-31,segunda-feira,21:45:00,SC,282,"44,0",AGUAS MORNAS,Ultrapassagem Indevida,Colisão lateral mesmo sentido,Sem Vítimas,Plena Noite,Crescente,Céu Claro,Simples,Reta,Não,2,0,0,0,2,0,0,2,-27.722137,-48.90694,SPRF-SC,DEL01-SC,UOP03-DEL01-SC,2021
"361318,0",2021-06-01,terça-feira,08:00:00,SC,101,"217,0",PALHOCA,Condutor deixou de manter distância do veículo da frente,Colisão traseira,Com Vítimas Feridas,Pleno dia,Crescente,Sol,Dupla,Reta,Sim,2,0,1,0,1,0,1,2,-27.66779034,-48.67393586,SPRF-SC,DEL01-SC,UOP02-DEL01-SC,2021
"361350,0",2021-06-01,terça-feira,10:40:00,SC,101,"123,9",ITAJAI,Desrespeitar a preferência no cruzamento,Colisão transversal,Com Vítimas Feridas,Pleno dia,Crescente,Céu Claro,Dupla,Interseção de Vias,Não,2,0,1,0,1,0,1,2,-26.94335064,-48.69198648,SPRF-SC,DEL04-SC,UOP04-DEL04-SC,2021
"361373,0",2021-06-01,terça-feira,12:05:00,SC,101,"353,2",JAGUARUNA,Avarias e/ou desgaste excessivo no pneu,Saída de leito carroçável,Com Vítimas Feridas,Pleno dia,Crescente,Sol,Dupla,Reta,Não,1,0,1,0,0,0,1,1,-28.61754875,-49.0698123,SPRF-SC,DEL02-SC,UOP01-DEL02-SC,2021
"361388,0",2021-06-01,terça-feira,14:10:00,SC,101,"207,0",SAO JOSE,Trafegar com motocicleta (ou similar) entre as faixas,Colisão traseira,Com Vítimas Feridas,Pleno dia,Decrescente,Céu Claro,Dupla,Reta,Não,2,0,2,0,0,0,2,2,-27.60001226,-48.6226467,SPRF-SC,DEL01-SC,UOP01-DEL01-SC,2021
"361389,0",2021-06-01,terça-feira,06:00:00,SC,282,"208,8",LAGES,Neblina,Saída de leito carroçável,Sem Vítimas,Plena Noite,Decrescente,Nevoeiro/Neblina,Simples,Reta,Não,1,0,0,0,0,1,0,1,-27.775284,-50.211971,SPRF-SC,DEL05-SC,UOP01-DEL05-SC,2021
"361390,0",2021-06-01,terça-feira,14:30:00,SC,101,"51,4",GUARAMIRIM,Desrespeitar a preferência no cruzamento,Colisão transversal,Com Vítimas Feridas,Pleno dia,Crescente,Céu Claro,Dupla,Interseção de Vias,Sim,2,0,1,0,1,0,1,2,-26.46687105,-48.95988649,SPRF-SC,DEL03-SC,UOP01-DEL03-SC,2021
"361396,0",2021-05-16,domingo,08:00:00,SC,282,"37,3",AGUAS MORNAS,Velocidade Incompatível,Saída de leito carroçável,Com Vítimas Feridas,Pleno dia,Crescente,Céu Claro,Simples,Curva,Não,1,0,0,1,0,0,1,1,-27.707325,-48.842983,SPRF-SC,DEL01-SC,UOP03-DEL01-SC,2021
"361429,0",2021-06-01,terça-feira,18:00:00,SC,101,"211,1",PALHOCA,Modificação proibida,Colisão transversal,Com Vítimas Feridas,Anoitecer,Decrescente,Céu Claro,Dupla,Em Obras,Não,2,0,1,0,1,0,1,2,-27.62329313,-48.65245588,SPRF-SC,DEL01-SC,UOP02-DEL01-SC,2021
"361442,0",2021-06-01,terça-feira,16:20:00,SC,282,"88,0",ALFREDO WAGNER,Condutor Dormindo,Saída de leito carroçável,Com Vítimas Feridas,Pleno dia,Crescente,Céu Claro,Simples,Curva,Não,2,0,2,0,0,0,2,1,-27.66399295,-49.20291424,SPRF-SC,DEL01-SC,UOP03-DEL01-SC,2021
"361451,0",2021-06-01,terça-feira,19:30:00,SC,470,"69,8",INDAIAL,Retorno proibido,Colisão transversal,Com Vítimas Feridas,Plena Noite,Decrescente,Céu Claro,Simples,Declive;Reta;Em Obras,Sim,2,0,1,0,0,1,1,2,-26.88809827,-49.25274524,SPRF-SC,DEL04-SC,UOP01-DEL04-SC,2021
"361461,0",2021-06-01,terça-feira,18:20:00,SC,101,"113,2",ITAJAI,Condutor deixou de manter distância do veículo da frente,Colisão traseira,Com Vítimas Feridas,Plena Noite,Decrescente,Nublado,Múltipla,Reta,Sim,2,0,1,0,1,0,1,2,-26.85311393,-48.72689927,SPRF-SC,DEL04-SC,UOP04-DEL04-SC,2021
"361473,0",2021-06-01,terça-feira,18:30:00,SC,282,"341,5",CAMPOS NOVOS,Velocidade Incompatível,Colisão traseira,Com Vítimas Fatais,Plena Noite,Crescente,Céu Claro,Simples,Reta,Sim,6,1,1,1,3,0,2,2,-27.389957,-51.213387,SPRF-SC,DEL07-SC,UOP06-DEL07-SC,2021
"361482,0",2021-06-01,terça-feira,22:30:00,SC,101,"329,5",TUBARAO,Velocidade Incompatível,Colisão com objeto,Com Vítimas Feridas,Plena Noite,Decrescente,Nublado,Múltipla,Reta,Não,1,0,1,0,0,0,1,1,-28.44404822,-48.96611372,SPRF-SC,DEL02-SC,UOP01-DEL02-SC,2021
"361496,0",2021-06-02,quarta-feira,05:55:00,SC,101,"173,1",TIJUCAS,Entrada inopinada do pedestre,Atropelamento de Pedestre,Com Vítimas Fatais,Amanhecer,Crescente,Céu Claro,Dupla,Reta,Não,2,1,0,0,1,0,0,2,-27.3233683,-48.6273495,SPRF-SC,DEL04-SC,UOP03-DEL04-SC,2021
"361498,0",2021-06-02,quarta-feira,06:50:00,SC,280,"56,0",GUARAMIRIM,Manobra de mudança de faixa,Colisão lateral mesmo sentido,Com Vítimas Feridas,Amanhecer,Crescente,Nublado,Simples,Reta,Sim,2,0,1,0,1,0,1,2,-26.47947677,-49.00298702,SPRF-SC,DEL03-SC,UOP03-DEL03-SC,2021
"361503,0",2021-06-02,quarta-feira,06:45:00,SC,101,"331,6",TUBARAO,Desrespeitar a preferência no cruzamento,Colisão transversal,Com Vítimas Feridas,Pleno dia,Crescente,Céu Claro,Dupla,Rotatória,Sim,2,0,1,0,1,0,1,2,-28.46657862,-48.99559021,SPRF-SC,DEL02-SC,UOP01-DEL02-SC,2021
"361506,0",2021-06-02,quarta-feira,07:40:00,SC,470,"57,0",BLUMENAU,Trafegar com motocicleta (ou similar) entre as faixas,Colisão transversal,Com Vítimas Feridas,Pleno dia,Decrescente,Céu Claro,Simples,Reta;Interseção de Vias,Sim,3,0,2,0,1,0,2,2,-26.88413982,-49.14705038,SPRF-SC,DEL04-SC,UOP01-DEL04-SC,2021
"361508,0",2021-06-02,quarta-feira,07:45:00,SC,101,"198,9",SAO JOSE,Trafegar com motocicleta (ou similar) entre as faixas,Colisão traseira,Com Vítimas Feridas,Pleno dia,Crescente,Sol,Dupla,Reta,Sim,2,0,1,0,1,0,1,2,-27.52658712,-48.63506019,SPRF-SC,DEL01-SC,UOP01-DEL01-SC,2021
"361509,0",2021-06-02,quarta-feira,07:50:00,SC,101,"327,0",CAPIVARI DE BAIXO,Condutor deixou de manter distância do veículo da frente,Colisão traseira,Com Vítimas Feridas,Pleno dia,Crescente,Céu Claro,Simples,Reta,Não,3,0,1,0,2,0,1,2,-28.43023306,-48.95205197,SPRF-SC,DEL02-SC,UOP01-DEL02-SC,2021
"361511,0",2021-06-02,quarta-feira,07:40:00,SC,101,"213,8",PALHOCA,Manobra de mudança de faixa,Colisão lateral mesmo sentido,Com Vítimas Feridas,Pleno dia,Decrescente,Sol,Dupla,Reta,Não,2,0,1,0,1,0,1,2,-27.63697369,-48.66514142,SPRF-SC,DEL01-SC,UOP02-DEL01-SC,2021
"361512,0",2021-06-02,quarta-feira,07:25:00,SC,280,"128,2",RIO NEGRINHO,Acessar a via sem observar a presença dos outros veículos,Colisão transversal,Com Vítimas Feridas,Amanhecer,Crescente,Nevoeiro/Neblina,Simples,Interseção de Vias;Reta;Aclive,Sim,2,0,1,0,1,0,1,2,-26.25329766,-49.53052998,SPRF-SC,DEL06-SC,UOP03-DEL06-SC,2021