id,data_inversa,dia_semana,horario,uf,br,km,municipio,causa_acidente,tipo_acidente,classificacao_acidente,fase_dia,sentido_via,condicao_metereologica,tipo_pista,tracado_via,uso_solo,pessoas,mortos,feridos_leves,feridos_graves,ilesos,ignorados,feridos,veiculos,latitude,longitude,regional,delegacia,uop,ano_arquivo
"362493,0",2021-06-06,domingo,19:00:00,SC,101,"325,0",CAPIVARI DE BAIXO,Ingestão de álcool pelo condutor,Tombamento,Com Vítimas Feridas,Plena Noite,Crescente,Chuva,Simples,Reta,Não,1,0,1,0,0,0,1,1,-28.42516271,-48.93259193,SPRF-SC,DEL02-SC,UOP01-DEL02-SC,2021
"362499,0",2021-06-06,domingo,18:30:00,SC,282,"27,4",SANTO AMARO DA IMPERATRIZ,Condutor deixou de manter distância do veículo da frente,Colisão traseira,Sem Vítimas,Plena Noite,Decrescente,Chuva,Simples,Reta,Sim,2,0,0,0,2,0,0,2,-27.673981,-48.769676,SPRF-SC,DEL01-SC,UOP03-DEL01-SC,2021
"362514,0",2021-06-06,domingo,21:25:00,SC,101,"125,4",ITAJAI,Chuva,Eventos atípicos,Com Vítimas Feridas,Plena Noite,Crescente,Chuva,Dupla,Reta,Não,2,0,0,1,1,0,1,2,-26.94802427,-48.68338515,SPRF-SC,DEL04-SC,UOP04-DEL04-SC,2021
"362515,0",2021-06-06,domingo,22:00:00,SC,101,"214,3",PALHOCA,Falta de elemento de contenção que evite a saída do leito carroçável,Capotamento,Sem Vítimas,Plena Noite,Decrescente,Chuva,Dupla,Reta,Sim,1,0,0,0,1,0,0,1,-27.64443,-48.67057,SPRF-SC,DEL01-SC,UOP02-DEL01-SC,2021
"362528,0",2021-06-06,domingo,23:40:00,SC,470,"4,0",NAVEGANTES,Transitar na contramão,Colisão lateral sentido oposto,Com Vítimas Feridas,Plena Noite,Decrescente,Chuva,Simples,Reta,Não,2,0,0,1,1,0,1,2,-26.858473,-48.690788,SPRF-SC,DEL04-SC,UOP04-DEL04-SC,2021
"362529,0",2021-06-06,domingo,23:30:00,SC,101,"444,0",SANTA ROSA DO SUL,Reação tardia ou ineficiente do condutor,Saída de leito carroçável,Com Vítimas Feridas,Plena Noite,Decrescente,Ignorado,Dupla,Reta,Não,1,0,1,0,0,0,1,1,-29.13479517,-49.70645294,SPRF-SC,DEL02-SC,UOP02-DEL02-SC,2021
"362536,0",2021-06-07,segunda-feira,00:50:00,SC,101,"138,0",BALNEARIO CAMBORIU,Ingestão de álcool pelo condutor,Saída de leito carroçável,Sem Vítimas,Plena Noite,Decrescente,Chuva,Dupla,Curva,Não,1,0,0,0,1,0,0,1,-27.02397426,-48.60761649,SPRF-SC,DEL04-SC,UOP03-DEL04-SC,2021
"362538,0",2021-06-06,domingo,21:30:00,SC,101,"306,0",LAGUNA,Ingestão de álcool pelo condutor,Saída de leito carroçável,Sem Vítimas,Plena Noite,Crescente,Chuva,Simples,Interseção de Vias,Não,1,0,0,0,1,0,0,1,-28.38437001,-48.77113299,SPRF-SC,DEL02-SC,UOP03-DEL02-SC,2021
"362542,0",2021-06-07,segunda-feira,04:50:00,SC,101,"210,5",SAO JOSE,Condutor Dormindo,Saída de leito carroçável,Sem Vítimas,Plena Noite,Crescente,Céu Claro,Múltipla,Reta,Sim,1,0,0,0,0,1,0,1,-27.6167305,-48.6457265,SPRF-SC,DEL01-SC,UOP01-DEL01-SC,2021
"362558,0",2021-06-07,segunda-feira,07:30:00,SC,101,"197,9",BIGUACU,Condutor deixou de manter distância do veículo da frente,Colisão traseira,Com Vítimas Feridas,Pleno dia,Crescente,Chuva,Dupla,Reta,Sim,4,0,1,0,3,0,1,4,-27.51844497,-48.63848496,SPRF-SC,DEL01-SC,UOP01-DEL01-SC,2021
"362563,0",2021-06-07,segunda-feira,07:15:00,SC,470,"135,8",RIO DO SUL,Trafegar com motocicleta (ou similar) entre as faixas,Colisão transversal,Com Vítimas Feridas,Pleno dia,Crescente,Chuva,Simples,Interseção de Vias,Sim,2,0,1,0,1,0,1,2,-27.188492,-49.61232,SPRF-SC,DEL04-SC,UOP02-DEL04-SC,2021
"362581,0",2021-06-07,segunda-feira,08:15:00,SC,101,"257,3",PAULO LOPES,Manobra de mudança de faixa,Saída de leito carroçável,Com Vítimas Feridas,Pleno dia,Decrescente,Chuva,Dupla,Reta,Não,1,0,1,0,0,0,1,1,-28.00482282,-48.69190437,SPRF-SC,DEL02-SC,UOP03-DEL02-SC,2021
"362583,0",2021-05-18,terça-feira,07:40:00,SC,101,"215,7",PALHOCA,Acessar a via sem observar a presença dos outros veículos,Colisão transversal,Com Vítimas Feridas,Pleno dia,Decrescente,Céu Claro,Simples,Curva,Sim,2,0,0,1,1,0,1,2,-27.65184843,-48.67604941,SPRF-SC,DEL01-SC,UOP02-DEL01-SC,2021
"362586,0",2021-06-07,segunda-feira,09:10:00,SC,101,"189,7",BIGUACU,Velocidade Incompatível,Saída de leito carroçável,Com Vítimas Feridas,Pleno dia,Crescente,Garoa/Chuvisco,Dupla,Curva,Sim,1,0,1,0,0,0,1,1,-27.459393,-48.638914,SPRF-SC,DEL01-SC,UOP01-DEL01-SC,2021
"362621,0",2021-06-07,segunda-feira,13:00:00,SC,101,"154,9",PORTO BELO,Velocidade Incompatível,Saída de leito carroçável,Com Vítimas Feridas,Pleno dia,Decrescente,Nublado,Simples,Curva,Sim,1,0,1,0,0,0,1,1,-27.153819,-48.61086393,SPRF-SC,DEL04-SC,UOP03-DEL04-SC,2021
"362638,0",2021-06-07,segunda-feira,14:40:00,SC,101,"213,0",PALHOCA,Manobra de mudança de faixa,Colisão lateral mesmo sentido,Com Vítimas Feridas,Pleno dia,Decrescente,Nublado,Dupla,Reta,Sim,3,0,1,0,2,0,1,3,-27.63697369,-48.66514142,SPRF-SC,DEL01-SC,UOP02-DEL01-SC,2021
"362648,0",2021-06-07,segunda-feira,14:00:00,SC,101,"257,3",PAULO LOPES,Velocidade Incompatível,Saída de leito carroçável,Com Vítimas Feridas,Pleno dia,Decrescente,Chuva,Dupla,Declive;Reta,Não,1,0,1,0,0,0,1,1,-27.99701205,-48.68755194,SPRF-SC,DEL02-SC,UOP03-DEL02-SC,2021
"362656,0",2021-06-07,segunda-feira,16:10:00,SC,470,"140,4",RIO DO SUL,Acessar a via sem observar a presença dos outros veículos,Colisão transversal,Com Vítimas Feridas,Pleno dia,Decrescente,Nublado,Simples,Reta,Não,3,0,1,0,2,0,1,2,-27.222485,-49.662827,SPRF-SC,DEL04-SC,UOP02-DEL04-SC,2021
"362669,0",2021-06-07,segunda-feira,15:30:00,SC,101,"132,2",BALNEARIO CAMBORIU,Trafegar com motocicleta (ou similar) entre as faixas,Colisão lateral mesmo sentido,Com Vítimas Feridas,Pleno dia,Decrescente,Garoa/Chuvisco,Múltipla,Reta,Sim,2,0,1,0,1,0,1,2,-26.99654133,-48.65564711,SPRF-SC,DEL04-SC,UOP03-DEL04-SC,2021
"362678,0",2021-06-07,segunda-feira,15:20:00,SC,470,"1,3",NAVEGANTES,Conversão proibida,Colisão transversal,Com Vítimas Feridas,Pleno dia,Crescente,Nublado,Dupla,Reta,Não,2,0,1,0,1,0,1,2,-26.875383,-48.668285,SPRF-SC,DEL04-SC,UOP04-DEL04-SC,2021
"362708,0",2021-06-07,segunda-feira,19:00:00,SC,101,"374,4",ICARA,Frear bruscamente,Tombamento,Com Vítimas Feridas,Plena Noite,Decrescente,Chuva,Dupla,Reta,Não,1,0,1,0,0,0,1,1,-28.71534412,-49.22723198,SPRF-SC,DEL02-SC,UOP01-DEL02-SC,2021
"362710,0",2021-06-07,segunda-feira,18:00:00,SC,101,"374,0",ICARA,Reação tardia ou ineficiente do condutor,Capotamento,Com Vítimas Feridas,Plena Noite,Decrescente,Chuva,Dupla,Reta,Não,1,0,1,0,0,0,1,1,-28.71534412,-49.22723198,SPRF-SC,DEL02-SC,UOP01-DEL02-SC,2021
"362716,0",2021-06-07,segunda-feira,19:10:00,SC,101,"132,0",BALNEARIO CAMBORIU,Acesso irregular,Colisão traseira,Com Vítimas Feridas,Plena Noite,Crescente,Nublado,Simples,Reta,Sim,4,0,2,1,1,0,3,3,-26.99654133,-48.65564711,SPRF-SC,DEL04-SC,UOP03-DEL04-SC,2021
"362718,0",2021-06-07,segunda-feira,20:00:00,SC,101,"214,0",PALHOCA,Manobra de mudança de faixa,Tombamento,Com Vítimas Feridas,Plena Noite,Decrescente,Chuva,Dupla,Reta,Sim,1,0,1,0,0,0,1,1,-27.64443,-48.67057,SPRF-SC,DEL01-SC,UOP02-DEL01-SC,2021
"362728,0",2021-06-07,segunda-feira,18:15:00,SC,101,"380,8",ICARA,Conversão proibida,Colisão transversal,Com Vítimas Feridas,Anoitecer,Decrescente,Chuva,Múltipla,Aclive;Reta,Sim,2,0,1,0,0,1,1,2,-28.764465,-49.2941241,SPRF-SC,DEL02-SC,UOP02-DEL02-SC,2021
"362736,0",2021-06-07,segunda-feira,21:45:00,SC,101,"210,7",SAO JOSE,Condutor deixou de manter distância do veículo da frente,Colisão traseira,Com Vítimas Feridas,Plena Noite,Crescente,Nublado,Múltipla,Interseção de Vias;Reta,Não,2,0,1,0,1,0,1,2,-27.62191309,-48.65123212,SPRF-SC,DEL01-SC,UOP01-DEL01-SC,2021
"362749,0",2021-06-07,segunda-feira,22:40:00,SC,116,"243,0",LAGES,Ingestão de álcool pelo condutor,Colisão com objeto,Sem Vítimas,Plena Noite,Crescente,Céu Claro,Dupla,Curva,Não,1,0,0,0,1,0,0,1,-27.78275727,-50.34731496,SPRF-SC,DEL05-SC,UOP01-DEL05-SC,2021
"362756,0",2021-06-08,terça-feira,00:10:00,SC,470,"117,4",IBIRAMA,Demais falhas mecânicas ou elétricas,Incêndio,Sem Vítimas,Plena Noite,Decrescente,Garoa/Chuvisco,Simples,Reta,Sim,1,0,0,0,0,1,0,1,-27.08235975,-49.50508118,SPRF-SC,DEL04-SC,UOP02-DEL04-SC,2021
"362761,0",2021-06-08,terça-feira,03:00:00,SC,101,"257,1",PAULO LOPES,Ingestão de álcool pelo condutor,Saída de leito carroçável,Com Vítimas Feridas,Plena Noite,Decrescente,Nublado,Dupla,Reta;Declive,Não,1,0,1,0,0,0,1,1,-27.99701205,-48.68755194,SPRF-SC,DEL02-SC,UOP03-DEL02-SC,2021
"362780,0",2021-06-08,terça-feira,07:10:00,SC,470,"128,0",LONTRAS,Velocidade Incompatível,Saída de leito carroçável,Com Vítimas Feridas,Pleno dia,Crescente,Nublado,Simples,Curva,Sim,1,0,1,0,0,0,1,1,-27.14714484,-49.55108643,SPRF-SC,DEL04-SC,UOP02-DEL04-SC,2021
"362788,0",2021-06-08,terça-feira,06:55:00,SC,101,"134,1",BALNEARIO CAMBORIU,Manobra de mudança de faixa,Colisão lateral mesmo sentido,Com Vítimas Feridas,Pleno dia,Decrescente,Nublado,Dupla,Reta,Sim,2,0,1,0,1,0,1,2,-27.00218,-48.636433,SPRF-SC,DEL04-SC,UOP03-DEL04-SC,2021
"362794,0",2021-06-08,terça-feira,07:55:00,SC,101,"27,0",JOINVILLE,Desrespeitar a preferência no cruzamento,Colisão transversal,Com Vítimas Feridas,Pleno dia,Decrescente,Garoa/Chuvisco,Dupla,Viaduto,Sim,2,0,1,0,1,0,1,2,-26.20130351,-48.91331794,SPRF-SC,DEL03-SC,UOP01-DEL03-SC,2021
"362797,0",2021-06-08,terça-feira,06:40:00,SC,116,"103,7",MONTE CASTELO,Velocidade Incompatível,Capotamento,Com Vítimas Feridas,Amanhecer,Decrescente,Chuva,Simples,Curva,Não,1,0,1,0,0,0,1,1,-26.7337591,-50.31370975,SPRF-SC,DEL06-SC,UOP02-DEL06-SC,2021
"362818,0",2021-06-08,terça-feira,09:20:00,SC,101,"147,0",ITAPEMA,Manobra de mudança de faixa,Colisão lateral mesmo sentido,Com Vítimas Feridas,Pleno dia,Decrescente,Nublado,Múltipla,Reta,Sim,3,0,1,0,2,0,1,2,-27.09237407,-48.61730888,SPRF-SC,DEL04-SC,UOP03-DEL04-SC,2021
"362824,0",2021-06-08,terça-feira,10:55:00,SC,101,"390,0",CRICIUMA,Ausência de reação do condutor,Colisão traseira,Com Vítimas Feridas,Pleno dia,Crescente,Nublado,Dupla,Aclive,Sim,2,0,1,0,1,0,1,2,-28.79513029,-49.35435084,SPRF-SC,DEL02-SC,UOP02-DEL02-SC,2021
"362832,0",2021-06-08,terça-feira,11:30:00,SC,101,"210,6",SAO JOSE,Ausência de reação do condutor,Colisão traseira,Com Vítimas Feridas,Plena Noite,Decrescente,Céu Claro,Múltipla,Em Obras,Sim,2,0,0,1,1,0,1,2,-27.6167305,-48.6457265,SPRF-SC,DEL01-SC,UOP01-DEL01-SC,2021
"362863,0",2021-06-08,terça-feira,14:40:00,SC,470,"170,7",POUSO REDONDO,Chuva,Tombamento,Com Vítimas Feridas,Pleno dia,Decrescente,Garoa/Chuvisco,Simples,Curva;Declive,Sim,1,0,1,0,0,0,1,1,-27.26140115,-49.8985076,SPRF-SC,DEL04-SC,UOP02-DEL04-SC,2021
"362874,0",2021-06-08,terça-feira,17:15:00,SC,101,"342,0",TUBARAO,Acessar a via sem observar a presença dos outros veículos,Colisão transversal,Com Vítimas Feridas,Anoitecer,Decrescente,Chuva,Múltipla,Viaduto,Sim,2,0,1,0,1,0,1,2,-28.51875992,-49.05388322,SPRF-SC,DEL02-SC,UOP01-DEL02-SC,2021
"362887,0",2021-06-08,terça-feira,17:30:00,SC,101,"327,2",CAPIVARI DE BAIXO,Desrespeitar a preferência no cruzamento,Colisão transversal,Com Vítimas Feridas,Anoitecer,Decrescente,Chuva,Simples,Viaduto;Rotatória,Sim,2,0,1,0,1,0,1,2,-28.43936476,-48.96203041,SPRF-SC,DEL02-SC,UOP01-DEL02-SC,2021
"362903,0",2021-06-08,terça-feira,18:00:00,SC,101,"146,6",ITAPEMA,Desrespeitar a preferência no cruzamento,Colisão transversal,Com Vítimas Feridas,Plena Noite,Decrescente,Chuva,Múltipla,Interseção de Vias,Sim,2,0,1,0,1,0,1,2,-27.08666525,-48.60955587,SPRF-SC,DEL04-SC,UOP03-DEL04-SC,2021
"362906,0",2021-06-08,terça-feira,17:35:00,SC,280,"102,0",SAO BENTO DO SUL,Pista Escorregadia,Capotamento,Com Vítimas Feridas,Anoitecer,Decrescente,Garoa/Chuvisco,Simples,Curva,Não,2,0,2,0,0,0,2,1,-26.35972728,-49.34680939,SPRF-SC,DEL06-SC,UOP03-DEL06-SC,2021
"362908,0",2021-06-08,terça-feira,18:10:00,SC,280,"72,0",JARAGUA DO SUL,Acesso irregular,Colisão transversal,Com Vítimas Feridas,Plena Noite,Crescente,Chuva,Simples,Aclive,Sim,2,0,1,0,1,0,1,2,-26.45955419,-49.14342101,SPRF-SC,DEL03-SC,UOP03-DEL03-SC,2021
"362920,0",2021-06-08,terça-feira,18:45:00,SC,280,"129,7",RIO NEGRINHO,Acessar a via sem observar a presença dos outros veículos,Colisão transversal,Com Vítimas Feridas,Plena Noite,Decrescente,Garoa/Chuvisco,Simples,Reta,Sim,2,0,0,1,1,0,1,2,-26.24586437,-49.52284615,SPRF-SC,DEL06-SC,UOP03-DEL06-SC,2021
"362953,0",2021-06-08,terça-feira,23:00:00,SC,470,"175,0",POUSO REDONDO,Reação tardia ou ineficiente do condutor,Colisão traseira,Sem Vítimas,Plena Noite,Decrescente,Garoa/Chuvisco,Simples,Declive;Reta,Sim,2,0,0,0,2,0,0,2,-27.25580271,-49.94084358,SPRF-SC,DEL04-SC,UOP02-DEL04-SC,2021
"362967,0",2021-06-09,quarta-feira,04:00:00,SC,101,"324,3",LAGUNA,Ingestão de álcool pelo condutor,Saída de leito carroçável,Sem Vítimas,Plena Noite,Crescente,Chuva,Simples,Reta,Sim,1,0,0,0,1,0,0,1,-28.42890047,-48.92285509,SPRF-SC,DEL02-SC,UOP01-DEL02-SC,2021
"362982,0",2021-06-09,quarta-feira,07:25:00,SC,101,"201,0",SAO JOSE,Manobra de mudança de faixa,Queda de ocupante de veículo,Com Vítimas Feridas,Pleno dia,Crescente,Chuva,Dupla,Reta,Não,1,0,1,0,0,0,1,1,-27.54836599,-48.61977975,SPRF-SC,DEL01-SC,UOP01-DEL01-SC,2021
"362989,0",2021-06-09,quarta-feira,07:40:00,SC,101,"222,2",PALHOCA,Velocidade Incompatível,Colisão com objeto,Sem Vítimas,Pleno dia,Decrescente,Chuva,Simples,Curva,Não,1,0,0,0,1,0,0,1,-27.70865409,-48.65586407,SPRF-SC,DEL01-SC,UOP02-DEL01-SC,2021
"363002,0",2021-06-09,quarta-feira,08:30:00,SC,116,"240,6",LAGES,Conversão proibida,Colisão transversal,Sem Vítimas,Pleno dia,Decrescente,Céu Claro,Simples,Aclive,Não,2,0,0,0,2,0,0,2,-27.75844898,-50.33475912,SPRF-SC,DEL05-SC,UOP01-DEL05-SC,2021
"363011,0",2021-06-09,quarta-feira,06:55:00,SC,480,"124,0",CHAPECO,Condutor deixou de manter distância do veículo da frente,Colisão traseira,Sem Vítimas,Pleno dia,Decrescente,Nublado,Dupla,Interseção de Vias,Sim,2,0,0,0,2,0,0,2,-27.00359519,-52.64391044,SPRF-SC,DEL07-SC,UOP01-DEL07-SC,2021
"363014,0",2021-06-09,quarta-feira,08:05:00,SC,101,"211,2",PALHOCA,Condutor deixou de manter distância do veículo da frente,Tombamento,Com Vítimas Feridas,Pleno dia,Decrescente,Chuva,Dupla,Reta,Sim,1,0,1,0,0,0,1,1,-27.62329313,-48.65245588,SPRF-SC,DEL01-SC,UOP02-DEL01-SC,2021
"363020,0",2021-05-13,quinta-feira,07:55:00,SC,280,"22,0",ARAQUARI,Condutor deixou de manter distância do veículo da frente,Colisão traseira,Com Vítimas Feridas,Pleno dia,Crescente,Céu Claro,Simples,Reta,Sim,3,0,1,0,2,0,1,3,-26.37110886,-48.70537519,SPRF-SC,DEL03-SC,UOP03-DEL03-SC,2021
"363023,0",2021-06-09,quarta-feira,11:20:00,SC,280,"57,5",GUARAMIRIM,Desrespeitar a preferência no cruzamento,Colisão transversal,Com Vítimas Feridas,Pleno dia,Crescente,Céu Claro,Simples,Rotatória,Não,3,0,1,0,2,0,1,2,-26.47811421,-49.01259213,SPRF-SC,DEL03-SC,UOP03-DEL03-SC,2021
"363045,0",2021-06-09,quarta-feira,11:00:00,SC,101,"367,0",MORRO DA FUMACA,Chuva,Saída de leito carroçável,Com Vítimas Feridas,Pleno dia,Decrescente,Chuva,Dupla,Curva;Declive,Sim,2,0,2,0,0,0,2,1,-28.6957326,-49.17347228,SPRF-SC,DEL02-SC,UOP01-DEL02-SC,2021
"363048,0",2021-06-09,quarta-feira,12:15:00,SC,101,"132,7",BALNEARIO CAMBORIU,Acesso irregular,Colisão transversal,Com Vítimas Feridas,Pleno dia,Crescente,Céu Claro,Múltipla,Reta,Não,2,0,1,0,1,0,1,2,-26.99654133,-48.65564711,SPRF-SC,DEL04-SC,UOP03-DEL04-SC,2021
"363064,0",2021-06-09,quarta-feira,15:50:00,SC,470,"55,2",BLUMENAU,Condutor deixou de manter distância do veículo da frente,Colisão traseira,Com Vítimas Feridas,Pleno dia,Crescente,Céu Claro,Simples,Reta,Sim,2,0,1,0,0,1,1,2,-26.87640868,-49.12276321,SPRF-SC,DEL04-SC,UOP01-DEL04-SC,2021
"363074,0",2021-06-09,quarta-feira,16:20:00,SC,101,"207,0",SAO JOSE,Acessar a via sem observar a presença dos outros veículos,Colisão transversal,Sem Vítimas,Pleno dia,Decrescente,Céu Claro,Simples,Interseção de Vias,Não,2,0,0,0,1,1,0,2,-27.60001226,-48.6226467,SPRF-SC,DEL01-SC,UOP01-DEL01-SC,2021
"363082,0",2021-06-09,quarta-feira,08:20:00,SC,282,"371,4",ERVAL VELHO,Velocidade Incompatível,Saída de leito carroçável,Com Vítimas Feridas,Pleno dia,Decrescente,Nublado,Simples,Curva,Não,1,0,1,0,0,0,1,1,-27.259993,-51.442684,SPRF-SC,DEL07-SC,UOP05-DEL07-SC,2021
"363099,0",2021-06-09,quarta-feira,18:30:00,SC,101,"152,9",PORTO BELO,Acessar a via sem observar a presença dos outros veículos,Colisão traseira,Com Vítimas Feridas,Plena Noite,Decrescente,Nublado,Dupla,Reta;Retorno Regulamentado,Não,2,0,0,1,0,1,1,2,-27.13563503,-48.61004665,SPRF-SC,DEL04-SC,UOP03-DEL04-SC,2021
"363106,0",2021-06-09,quarta-feira,19:00:00,SC,101,"157,5",PORTO BELO,Velocidade Incompatível,Tombamento,Com Vítimas Feridas,Plena Noite,Decrescente,Nublado,Dupla,Retorno Regulamentado,Não,1,0,0,1,0,0,1,1,-27.181625,-48.6121179,SPRF-SC,DEL04-SC,UOP03-DEL04-SC,2021
"363115,0",2021-06-09,quarta-feira,20:00:00,SC,280,"130,5",RIO NEGRINHO,Reação tardia ou ineficiente do condutor,Queda de ocupante de veículo,Com Vítimas Feridas,Plena Noite,Decrescente,Céu Claro,Simples,Reta,Não,1,0,0,1,0,0,1,1,-26.2530246,-49.52924913,SPRF-SC,DEL06-SC,UOP03-DEL06-SC,2021
"363116,0",2021-06-09,quarta-feira,18:35:00,SC,101,"116,2",ITAJAI,Manobra de mudança de faixa,Colisão traseira,Com Vítimas Feridas,Plena Noite,Decrescente,Céu Claro,Múltipla,Reta,Sim,2,0,0,1,1,0,1,2,-26.87905605,-48.72603512,SPRF-SC,DEL04-SC,UOP04-DEL04-SC,2021
"363121,0",2021-06-09,quarta-feira,19:30:00,SC,101,"366,0",SANGAO,Condutor Dormindo,Saída de leito carroçável,Com Vítimas Feridas,Plena Noite,Crescente,Nublado,Dupla,Reta,Não,2,0,2,0,0,0,2,1,-28.69261201,-49.16747689,SPRF-SC,DEL02-SC,UOP01-DEL02-SC,2021
"363129,0",2021-06-09,quarta-feira,20:34:00,SC,101,"113,1",ITAJAI,Pista esburacada,Tombamento,Com Vítimas Feridas,Plena Noite,Crescente,Céu Claro,Dupla,Reta,Não,1,0,1,0,0,0,1,1,-26.85311393,-48.72689927,SPRF-SC,DEL04-SC,UOP04-DEL04-SC,2021
"363144,0",2021-06-09,quarta-feira,22:30:00,SC,101,"306,5",LAGUNA,Reação tardia ou ineficiente do condutor,Saída de leito carroçável,Sem Vítimas,Plena Noite,Crescente,Nublado,Múltipla,Reta,Não,1,0,0,0,0,1,0,1,-28.38437001,-48.77113299,SPRF-SC,DEL02-SC,UOP03-DEL02-SC,2021
"363145,0",2021-06-09,quarta-feira,23:10:00,SC,101,"428,5",SOMBRIO,Acumulo de areia ou detritos sobre o pavimento,Tombamento,Com Vítimas Feridas,Plena Noite,Crescente,Nevoeiro/Neblina,Múltipla,Reta,Não,1,0,1,0,0,0,1,1,-29.040103,-49.61249828,SPRF-SC,DEL02-SC,UOP02-DEL02-SC,2021
"363151,0",2021-06-09,quarta-feira,23:50:00,SC,116,"237,9",CORREIA PINTO,Mal súbito do condutor,Tombamento,Com Vítimas Feridas,Plena Noite,Decrescente,Céu Claro,Simples,Reta,Não,1,0,0,1,0,0,1,1,-27.73034899,-50.3359778,SPRF-SC,DEL05-SC,UOP01-DEL05-SC,2021
"363152,0",2021-06-10,quinta-feira,00:15:00,SC,101,"335,0",TUBARAO,Manobra de mudança de faixa,Saída de leito carroçável,Com Vítimas Feridas,Plena Noite,Crescente,Céu Claro,Dupla,Reta,Sim,2,0,0,1,0,1,1,2,-28.47311347,-49.02437375,SPRF-SC,DEL02-SC,UOP01-DEL02-SC,2021
"363156,0",2021-06-10,quinta-feira,00:30:00,SC,282,"516,5",XAXIM,Ingestão de álcool pelo condutor,Saída de leito carroçável,Sem Vítimas,Plena Noite,Decrescente,Céu Claro,Simples,Curva,Não,1,0,0,0,1,0,0,1,-26.930862,-52.499157,SPRF-SC,DEL07-SC,UOP01-DEL07-SC,2021
"363165,0",2021-06-10,quinta-feira,05:40:00,SC,101,"217,0",PALHOCA,Condutor Dormindo,Saída de leito carroçável,Com Vítimas Feridas,Plena Noite,Decrescente,Céu Claro,Dupla,Reta,Sim,1,0,1,0,0,0,1,1,-27.66779034,-48.67393586,SPRF-SC,DEL01-SC,UOP02-DEL01-SC,2021
"363177,0",2021-06-10,quinta-feira,06:40:00,SC,470,"92,0",APIUNA,Reação tardia ou ineficiente do condutor,Capotamento,Com Vítimas Feridas,Pleno dia,Decrescente,Sol,Simples,Reta,Não,1,0,1,0,0,0,1,1,-26.98592,-49.373047,SPRF-SC,DEL04-SC,UOP01-DEL04-SC,2021
"363179,0",2021-06-10,quinta-feira,07:35:00,SC,470,"54,1",BLUMENAU,Conversão proibida,Colisão transversal,Com Vítimas Feridas,Pleno dia,Crescente,Nublado,Simples,Curva;Interseção de Vias,Sim,2,0,1,0,1,0,1,2,-26.87161237,-49.11187118,SPRF-SC,DEL04-SC,UOP01-DEL04-SC,2021
"363234,0",2021-06-10,quinta-feira,10:30:00,SC,116,"192,5",PONTE ALTA,Velocidade Incompatível,Colisão frontal,Com Vítimas Feridas,Pleno dia,Decrescente,Chuva,Simples,Curva,Não,3,0,0,2,1,0,2,2,-27.36303564,-50.43355252,SPRF-SC,DEL05-SC,UOP03-DEL05-SC,2021
"363294,0",2021-06-10,quinta-feira,11:30:00,SC,163,"1,2",DIONISIO CERQUEIRA,Desrespeitar a preferência no cruzamento,Colisão transversal,Com Vítimas Feridas,Pleno dia,Decrescente,Céu Claro,Múltipla,Rotatória,Sim,2,0,1,0,1,0,1,2,-26.2613,-53.6206,SPRF-SC,DEL07-SC,UOP03-DEL07-SC,2021
"363313,0",2021-06-10,quinta-feira,18:20:00,SC,280,"125,0",RIO NEGRINHO,Conversão proibida,Colisão lateral sentido oposto,Com Vítimas Feridas,Plena Noite,Decrescente,Garoa/Chuvisco,Simples,Reta,Não,2,0,1,0,1,0,1,2,-26.23763684,-49.48434497,SPRF-SC,DEL06-SC,UOP03-DEL06-SC,2021
"363316,0",2021-06-10,quinta-feira,20:05:00,SC,101,"214,9",PALHOCA,Reação tardia ou ineficiente do condutor,Saída de leito carroçável,Com Vítimas Feridas,Plena Noite,Decrescente,Chuva,Dupla,Reta,Sim,1,0,1,0,0,0,1,1,-27.64443,-48.67057,SPRF-SC,DEL01-SC,UOP02-DEL01-SC,2021
"363353,0",2021-06-10,quinta-feira,23:45:00,SC,101,"334,5",TUBARAO,Manobra de mudança de faixa,Tombamento,Com Vítimas Feridas,Plena Noite,Crescente,Céu Claro,Dupla,Reta,Sim,2,0,2,0,0,0,2,1,-28.46730446,-49.00604302,SPRF-SC,DEL02-SC,UOP01-DEL02-SC,2021
"363358,0",2021-06-11,sexta-feira,02:05:00,SC,101,"134,2",BALNEARIO CAMBORIU,Ausência de reação do condutor,Colisão com objeto,Com Vítimas Feridas,Plena Noite,Decrescente,Garoa/Chuvisco,Simples,Curva,Sim,1,0,1,0,0,0,1,1,-27.00218,-48.636433,SPRF-SC,DEL04-SC,UOP03-DEL04-SC,2021
"363362,0",2021-06-10,quinta-feira,23:30:00,SC,280,"297,8",PORTO UNIAO,Transitar na contramão,Colisão frontal,Com Vítimas Feridas,Plena Noite,Crescente,Nevoeiro/Neblina,Simples,Curva,Não,5,0,2,2,1,0,4,2,-26.28202088,-50.9918289,SPRF-SC,DEL06-SC,UOP04-DEL06-SC,2021
"363378,0",2021-06-11,sexta-feira,07:45:00,SC,470,"57,5",BLUMENAU,Reação tardia ou ineficiente do condutor,Colisão lateral mesmo sentido,Com Vítimas Feridas,Pleno dia,Crescente,Céu Claro,Simples,Rotatória,Sim,2,0,1,0,1,0,1,2,-26.880428,-49.136532,SPRF-SC,DEL04-SC,UOP01-DEL04-SC,2021