id,data_inversa,dia_semana,horario,uf,br,km,municipio,causa_acidente,tipo_acidente,classificacao_acidente,fase_dia,sentido_via,condicao_metereologica,tipo_pista,tracado_via,uso_solo,pessoas,mortos,feridos_leves,feridos_graves,ilesos,ignorados,feridos,veiculos,latitude,longitude,regional,delegacia,uop,ano_arquivo
"365138,0",2021-06-19,sábado,15:40:00,SC,101,"316,4",PESCARIA BRAVA,Acumulo de água sobre o pavimento,Saída de leito carroçável,Com Vítimas Feridas,Pleno dia,Decrescente,Chuva,Dupla,Curva,Sim,2,0,1,0,1,0,1,1,-28.42904239,-48.84257464,SPRF-SC,DEL02-SC,UOP01-DEL02-SC,2021
"365143,0",2021-06-19,sábado,15:00:00,SC,101,"61,2",ARAQUARI,Chuva,Capotamento,Sem Vítimas,Pleno dia,Crescente,Chuva,Dupla,Reta,Não,1,0,0,0,1,0,0,1,-26.45474174,-48.77699195,SPRF-SC,DEL03-SC,UOP02-DEL03-SC,2021
"365144,0",2021-06-19,sábado,13:30:00,SC,282,"30,1",SANTO AMARO DA IMPERATRIZ,Transitar na contramão,Colisão frontal,Com Vítimas Feridas,Pleno dia,Crescente,Chuva,Simples,Curva,Não,3,0,1,1,1,0,2,2,-27.687376,-48.79071,SPRF-SC,DEL01-SC,UOP03-DEL01-SC,2021
"365156,0",2021-06-19,sábado,18:00:00,SC,101,"119,6",ITAJAI,Ausência de reação do condutor,Tombamento,Com Vítimas Feridas,Plena Noite,Decrescente,Chuva,Dupla,Reta,Não,1,0,1,0,0,0,1,1,-26.9043179,-48.71555481,SPRF-SC,DEL04-SC,UOP04-DEL04-SC,2021
"365168,0",2021-06-19,sábado,17:50:00,SC,101,"323,9",CAPIVARI DE BAIXO,Reação tardia ou ineficiente do condutor,Colisão lateral mesmo sentido,Sem Vítimas,Anoitecer,Decrescente,Chuva,Dupla,Reta,Não,2,0,0,0,1,1,0,2,-28.42582596,-48.93104553,SPRF-SC,DEL02-SC,UOP01-DEL02-SC,2021
"365169,0",2021-06-19,sábado,17:50:00,SC,282,"524,8",XAXIM,Ingestão de álcool pelo condutor,Colisão lateral mesmo sentido,Sem Vítimas,Pleno dia,Decrescente,Chuva,Simples,Curva,Não,2,0,0,0,2,0,0,2,-26.965002,-52.557384,SPRF-SC,DEL07-SC,UOP01-DEL07-SC,2021
"365177,0",2021-06-19,sábado,14:25:00,SC,470,"219,0",SAO CRISTOVAO DO SUL,Acumulo de água sobre o pavimento,Saída de leito carroçável,Com Vítimas Feridas,Pleno dia,Decrescente,Chuva,Simples,Reta,Não,2,0,2,0,0,0,2,1,-27.302975,-50.303108,SPRF-SC,DEL05-SC,UOP03-DEL05-SC,2021
"365207,0",2021-06-19,sábado,20:40:00,SC,280,"104,0",SAO BENTO DO SUL,Chuva,Saída de leito carroçável,Com Vítimas Feridas,Plena Noite,Crescente,Garoa/Chuvisco,Simples,Declive,Não,4,0,1,0,3,0,1,1,-26.317575,-49.388607,SPRF-SC,DEL06-SC,UOP03-DEL06-SC,2021
"365223,0",2021-06-19,sábado,18:10:00,SC,470,"53,5",BLUMENAU,Reação tardia ou ineficiente do condutor,Colisão lateral mesmo sentido,Sem Vítimas,Plena Noite,Decrescente,Chuva,Simples,Reta,Não,2,0,0,0,2,0,0,2,-26.867121,-49.102066,SPRF-SC,DEL04-SC,UOP01-DEL04-SC,2021
"365225,0",2021-06-19,sábado,22:50:00,SC,470,"1,4",NAVEGANTES,Manobra de mudança de faixa,Colisão lateral mesmo sentido,Com Vítimas Feridas,Plena Noite,Decrescente,Chuva,Múltipla,Reta;Em Obras,Sim,3,0,2,0,1,0,2,2,-26.875383,-48.668285,SPRF-SC,DEL04-SC,UOP04-DEL04-SC,2021
"365229,0",2021-06-19,sábado,23:40:00,SC,101,"203,2",SAO JOSE,Ingestão de álcool pelo condutor,Capotamento,Sem Vítimas,Plena Noite,Crescente,Chuva,Dupla,Curva,Sim,1,0,0,0,1,0,0,1,-27.5650044,-48.61460082,SPRF-SC,DEL01-SC,UOP01-DEL01-SC,2021
"365231,0",2021-06-19,sábado,23:30:00,SC,470,"127,7",LONTRAS,Velocidade Incompatível,Saída de leito carroçável,Com Vítimas Feridas,Plena Noite,Decrescente,Chuva,Simples,Curva,Sim,1,0,1,0,0,0,1,1,-27.13102847,-49.53872681,SPRF-SC,DEL04-SC,UOP02-DEL04-SC,2021
"365242,0",2021-06-19,sábado,13:20:00,SC,280,"73,7",JARAGUA DO SUL,Reação tardia ou ineficiente do condutor,Saída de leito carroçável,Com Vítimas Feridas,Pleno dia,Decrescente,Chuva,Simples,Curva,Não,1,0,0,1,0,0,1,1,-26.45850969,-49.17209029,SPRF-SC,DEL03-SC,UOP03-DEL03-SC,2021
"365246,0",2021-06-20,domingo,00:30:00,SC,101,"85,1",BARRA VELHA,Deficiência do Sistema de Iluminação/Sinalização,Colisão lateral mesmo sentido,Com Vítimas Feridas,Plena Noite,Decrescente,Chuva,Dupla,Reta,Sim,2,0,1,0,1,0,1,2,-26.63218725,-48.70280564,SPRF-SC,DEL03-SC,UOP02-DEL03-SC,2021
"365265,0",2021-06-19,sábado,13:30:00,SC,470,"75,0",INDAIAL,Chuva,Saída de leito carroçável,Com Vítimas Feridas,Pleno dia,Crescente,Chuva,Simples,Reta,Sim,2,0,1,1,0,0,2,1,-26.924833,-49.284004,SPRF-SC,DEL04-SC,UOP01-DEL04-SC,2021
"365269,0",2021-06-20,domingo,04:30:00,SC,280,"52,3",GUARAMIRIM,Obras na pista,Colisão com objeto,Com Vítimas Feridas,Plena Noite,Decrescente,Chuva,Simples,Em Obras,Sim,3,0,0,2,1,0,2,2,-26.468904,-48.96492,SPRF-SC,DEL03-SC,UOP03-DEL03-SC,2021
"365294,0",2021-06-20,domingo,07:55:00,SC,101,"191,0",BIGUACU,Pista Escorregadia,Colisão com objeto,Com Vítimas Feridas,Pleno dia,Decrescente,Nublado,Dupla,Curva,Não,4,0,3,1,0,0,4,1,-27.47730273,-48.64127329,SPRF-SC,DEL01-SC,UOP01-DEL01-SC,2021
"365300,0",2021-06-20,domingo,08:20:00,SC,101,"186,0",BIGUACU,Reação tardia ou ineficiente do condutor,Colisão com objeto,Com Vítimas Feridas,Pleno dia,Crescente,Nublado,Múltipla,Curva,Sim,2,0,2,0,0,0,2,1,-27.4341098,-48.62567129,SPRF-SC,DEL01-SC,UOP01-DEL01-SC,2021
"365303,0",2021-06-20,domingo,08:05:00,SC,470,"55,5",BLUMENAU,Ingestão de álcool pelo condutor,Colisão transversal,Com Vítimas Feridas,Pleno dia,Decrescente,Nublado,Simples,Reta,Sim,7,0,2,3,2,0,5,4,-26.875601,-49.117992,SPRF-SC,DEL04-SC,UOP01-DEL04-SC,2021
"365335,0",2021-06-20,domingo,12:45:00,SC,101,"223,0",PALHOCA,Trafegar com motocicleta (ou similar) entre as faixas,Atropelamento de Pedestre,Com Vítimas Feridas,Pleno dia,Crescente,Céu Claro,Dupla,Reta,Não,2,0,0,1,1,0,1,2,-27.71552634,-48.64881251,SPRF-SC,DEL01-SC,UOP02-DEL01-SC,2021
"365343,0",2021-06-20,domingo,14:30:00,SC,280,"25,3",ARAQUARI,Acesso irregular,Colisão traseira,Com Vítimas Feridas,Pleno dia,Decrescente,Nublado,Simples,Reta,Sim,2,0,1,0,1,0,1,2,-26.38352781,-48.72677516,SPRF-SC,DEL03-SC,UOP03-DEL03-SC,2021
"365346,0",2021-06-20,domingo,02:00:00,SC,282,"115,6",ALFREDO WAGNER,Velocidade Incompatível,Saída de leito carroçável,Sem Vítimas,Plena Noite,Decrescente,Chuva,Simples,Curva,Não,2,0,0,0,1,1,0,2,-27.755424,-49.39444,SPRF-SC,DEL01-SC,UOP03-DEL01-SC,2021
"365379,0",2021-06-20,domingo,17:55:00,SC,101,"213,5",PALHOCA,Ingestão de álcool pelo condutor,Tombamento,Com Vítimas Feridas,Plena Noite,Crescente,Nublado,Múltipla,Reta,Sim,1,0,1,0,0,0,1,1,-27.63697369,-48.66514142,SPRF-SC,DEL01-SC,UOP02-DEL01-SC,2021
"365382,0",2021-06-20,domingo,17:50:00,SC,280,"71,8",JARAGUA DO SUL,Desrespeitar a preferência no cruzamento,Colisão transversal,Com Vítimas Feridas,Anoitecer,Crescente,Céu Claro,Simples,Aclive;Reta,Sim,2,0,1,1,0,0,2,2,-26.46151693,-49.13480597,SPRF-SC,DEL03-SC,UOP03-DEL03-SC,2021
"365434,0",2021-06-20,domingo,21:05:00,SC,101,"331,0",TUBARAO,Desrespeitar a preferência no cruzamento,Colisão transversal,Com Vítimas Feridas,Plena Noite,Crescente,Nublado,Múltipla,Interseção de Vias;Rotatória;Curva;Viaduto;Retorno Regulamentado,Sim,2,0,1,0,1,0,1,2,-28.45567521,-48.9812689,SPRF-SC,DEL02-SC,UOP01-DEL02-SC,2021
"365437,0",2021-06-20,domingo,21:45:00,SC,101,"210,0",SAO JOSE,Entrada inopinada do pedestre,Atropelamento de Pedestre,Com Vítimas Feridas,Plena Noite,Decrescente,Céu Claro,Dupla,Reta,Sim,2,0,1,0,1,0,1,2,-27.6167305,-48.6457265,SPRF-SC,DEL01-SC,UOP01-DEL01-SC,2021
"365458,0",2021-06-20,domingo,23:25:00,SC,470,"246,1",CURITIBANOS,Ingestão de álcool pelo condutor,Colisão lateral sentido oposto,Com Vítimas Feridas,Plena Noite,Crescente,Céu Claro,Simples,Aclive;Reta,Sim,2,0,1,0,1,0,1,2,-27.31466577,-50.54844829,SPRF-SC,DEL05-SC,UOP03-DEL05-SC,2021
"365459,0",2021-06-20,domingo,20:00:00,SC,282,"573,3",PINHALZINHO,Ingestão de álcool pelo condutor,Colisão frontal,Com Vítimas Feridas,Plena Noite,Decrescente,Céu Claro,Simples,Curva,Não,3,0,0,1,2,0,1,2,-26.872942,-52.956654,SPRF-SC,DEL07-SC,UOP02-DEL07-SC,2021
"365485,0",2021-06-21,segunda-feira,06:50:00,SC,470,"70,0",INDAIAL,Acessar a via sem observar a presença dos outros veículos,Colisão transversal,Com Vítimas Feridas,Amanhecer,Decrescente,Nublado,Simples,Reta,Sim,2,0,1,0,1,0,1,2,-26.889374,-49.254478,SPRF-SC,DEL04-SC,UOP01-DEL04-SC,2021
"365515,0",2021-06-20,domingo,13:35:00,SC,470,"59,0",BLUMENAU,Desrespeitar a preferência no cruzamento,Colisão transversal,Sem Vítimas,Pleno dia,Crescente,Céu Claro,Simples,Interseção de Vias,Não,2,0,0,0,2,0,0,2,-26.882812,-49.1548,SPRF-SC,DEL04-SC,UOP01-DEL04-SC,2021
"365524,0",2021-06-21,segunda-feira,09:05:00,SC,101,"375,0",ICARA,Condutor Dormindo,Saída de leito carroçável,Com Vítimas Feridas,Pleno dia,Crescente,Céu Claro,Dupla,Reta,Não,1,0,1,0,0,0,1,1,-28.72014713,-49.23508784,SPRF-SC,DEL02-SC,UOP01-DEL02-SC,2021
"365530,0",2021-06-21,segunda-feira,09:55:00,SC,101,"118,6",ITAJAI,Acessar a via sem observar a presença dos outros veículos,Colisão transversal,Com Vítimas Feridas,Pleno dia,Decrescente,Nublado,Múltipla,Interseção de Vias,Sim,2,0,1,0,1,0,1,2,-26.895859,-48.71903,SPRF-SC,DEL04-SC,UOP04-DEL04-SC,2021
"365545,0",2021-06-21,segunda-feira,11:45:00,SC,101,"134,0",BALNEARIO CAMBORIU,Reação tardia ou ineficiente do condutor,Colisão traseira,Com Vítimas Feridas,Pleno dia,Decrescente,Céu Claro,Dupla,Reta,Sim,2,0,1,0,1,0,1,2,-27.00218,-48.636433,SPRF-SC,DEL04-SC,UOP03-DEL04-SC,2021
"365566,0",2021-06-21,segunda-feira,14:00:00,SC,101,"151,1",ITAPEMA,Acessar a via sem observar a presença dos outros veículos,Colisão transversal,Com Vítimas Feridas,Pleno dia,Decrescente,Nublado,Simples,Reta,Sim,2,0,1,0,1,0,1,2,-27.126536,-48.609642,SPRF-SC,DEL04-SC,UOP03-DEL04-SC,2021
"365570,0",2021-04-29,quinta-feira,19:00:00,SC,282,"506,7",XANXERE,Transitar na contramão,Colisão frontal,Com Vítimas Feridas,Plena Noite,Crescente,Céu Claro,Simples,Reta,Sim,3,0,0,1,2,0,1,3,-26.88514928,-52.43227612,SPRF-SC,DEL07-SC,UOP01-DEL07-SC,2021
"365591,0",2021-06-21,segunda-feira,17:00:00,SC,101,"228,0",PALHOCA,Pista em desnível,Tombamento,Com Vítimas Feridas,Plena Noite,Crescente,Nublado,Dupla,Curva,Sim,1,0,1,0,0,0,1,1,-27.7597249,-48.63078869,SPRF-SC,DEL01-SC,UOP02-DEL01-SC,2021
"365595,0",2021-06-21,segunda-feira,16:20:00,SC,101,"180,0",BIGUACU,Ingestão de álcool pelo condutor,Colisão lateral mesmo sentido,Sem Vítimas,Pleno dia,Decrescente,Céu Claro,Dupla,Reta,Não,2,0,0,0,2,0,0,2,-27.45123421,-48.63370766,SPRF-SC,DEL01-SC,UOP01-DEL01-SC,2021
"365607,0",2021-06-21,segunda-feira,18:20:00,SC,101,"215,0",PALHOCA,Ausência de reação do condutor,Queda de ocupante de veículo,Com Vítimas Feridas,Plena Noite,Crescente,Nublado,Dupla,Reta,Sim,1,0,0,1,0,0,1,1,-27.65184843,-48.67604941,SPRF-SC,DEL01-SC,UOP02-DEL01-SC,2021
"365630,0",2021-06-21,segunda-feira,15:26:00,SC,282,"583,9",PINHALZINHO,Pista Escorregadia,Saída de leito carroçável,Com Vítimas Feridas,Pleno dia,Crescente,Chuva,Simples,Curva,Não,2,0,1,0,1,0,1,1,-26.828905,-53.009552,SPRF-SC,DEL07-SC,UOP02-DEL07-SC,2021
"365665,0",2021-06-21,segunda-feira,23:10:00,SC,280,"123,6",RIO NEGRINHO,Condutor deixou de manter distância do veículo da frente,Colisão traseira,Com Vítimas Feridas,Plena Noite,Decrescente,Garoa/Chuvisco,Simples,Reta,Não,2,0,1,0,0,1,1,2,-26.24420169,-49.46557991,SPRF-SC,DEL06-SC,UOP03-DEL06-SC,2021
"365666,0",2021-06-21,segunda-feira,23:13:00,SC,116,"136,6",SANTA CECILIA,Acessar a via sem observar a presença dos outros veículos,Colisão transversal,Sem Vítimas,Plena Noite,Crescente,Chuva,Simples,Reta,Não,2,0,0,0,2,0,0,2,-26.9376961,-50.43145723,SPRF-SC,DEL06-SC,UOP02-DEL06-SC,2021
"365674,0",2021-06-22,terça-feira,04:00:00,SC,101,"37,3",JOINVILLE,Mal súbito do condutor,Tombamento,Com Vítimas Feridas,Plena Noite,Crescente,Nublado,Dupla,Reta,Sim,1,0,1,0,0,0,1,1,-26.25050176,-48.90863867,SPRF-SC,DEL03-SC,UOP01-DEL03-SC,2021
"365683,0",2021-06-21,segunda-feira,19:35:00,SC,280,"188,0",MAFRA,Transitar na contramão,Colisão lateral sentido oposto,Sem Vítimas,Plena Noite,Decrescente,Chuva,Simples,Curva,Não,2,0,0,0,2,0,0,2,-26.17143885,-49.9631671,SPRF-SC,DEL06-SC,UOP01-DEL06-SC,2021
"365686,0",2021-06-22,terça-feira,06:50:00,SC,116,"217,4",CORREIA PINTO,Acessar a via sem observar a presença dos outros veículos,Colisão lateral mesmo sentido,Sem Vítimas,Amanhecer,Decrescente,Nevoeiro/Neblina,Simples,Reta,Sim,2,0,0,0,2,0,0,2,-27.55447701,-50.37698044,SPRF-SC,DEL05-SC,UOP03-DEL05-SC,2021
"365705,0",2021-06-22,terça-feira,09:00:00,SC,101,"207,0",SAO JOSE,Condutor deixou de manter distância do veículo da frente,Colisão traseira,Com Vítimas Feridas,Pleno dia,Decrescente,Céu Claro,Dupla,Reta,Sim,2,0,1,0,1,0,1,2,-27.59532624,-48.61930847,SPRF-SC,DEL01-SC,UOP01-DEL01-SC,2021
"365709,0",2021-05-15,sábado,15:30:00,SC,153,"106,9",CONCORDIA,Transitar no acostamento,Colisão lateral mesmo sentido,Com Vítimas Feridas,Pleno dia,Crescente,Céu Claro,Simples,Reta,Não,3,0,1,1,1,0,2,2,-27.290276,-51.967644,SPRF-SC,DEL07-SC,UOP04-DEL07-SC,2021
"365715,0",2021-06-22,terça-feira,08:10:00,SC,282,"217,7",LAGES,Demais falhas mecânicas ou elétricas,Colisão com objeto,Com Vítimas Feridas,Pleno dia,Crescente,Céu Claro,Simples,Aclive,Sim,1,0,1,0,0,0,1,1,-27.797916,-50.302944,SPRF-SC,DEL05-SC,UOP01-DEL05-SC,2021
"365718,0",2021-06-22,terça-feira,10:00:00,SC,101,"205,4",SAO JOSE,Condutor deixou de manter distância do veículo da frente,Colisão traseira,Sem Vítimas,Pleno dia,Crescente,Céu Claro,Múltipla,Reta,Sim,3,0,0,0,3,0,0,3,-27.58313237,-48.61532885,SPRF-SC,DEL01-SC,UOP01-DEL01-SC,2021
"365719,0",2021-06-22,terça-feira,10:20:00,SC,282,"543,0",CHAPECO,Obras na pista,Saída de leito carroçável,Com Vítimas Feridas,Pleno dia,Crescente,Céu Claro,Simples,Reta,Não,1,0,1,0,0,0,1,1,-26.9998978,-52.7151353,SPRF-SC,DEL07-SC,UOP01-DEL07-SC,2021
"365734,0",2021-06-22,terça-feira,11:45:00,SC,101,"206,0",SAO JOSE,Ausência de reação do condutor,Colisão traseira,Com Vítimas Feridas,Pleno dia,Decrescente,Céu Claro,Múltipla,Reta,Não,2,0,0,1,1,0,1,2,-27.59193546,-48.61824557,SPRF-SC,DEL01-SC,UOP01-DEL01-SC,2021
"365778,0",2021-06-22,terça-feira,17:55:00,SC,470,"65,9",INDAIAL,Entrada inopinada do pedestre,Atropelamento de Pedestre,Com Vítimas Feridas,Anoitecer,Crescente,Nublado,Simples,Reta,Não,2,0,0,1,1,0,1,2,-26.870411,-49.211864,SPRF-SC,DEL04-SC,UOP01-DEL04-SC,2021
"365786,0",2021-06-22,terça-feira,17:45:00,SC,280,"30,0",ARAQUARI,Condutor deixou de manter distância do veículo da frente,Colisão lateral mesmo sentido,Com Vítimas Feridas,Plena Noite,Decrescente,Céu Claro,Simples,Reta,Sim,2,0,1,0,1,0,1,2,-26.41474,-48.764369,SPRF-SC,DEL03-SC,UOP03-DEL03-SC,2021
"365791,0",2021-06-22,terça-feira,18:15:00,SC,101,"202,0",SAO JOSE,Manobra de mudança de faixa,Colisão lateral mesmo sentido,Com Vítimas Feridas,Plena Noite,Decrescente,Céu Claro,Dupla,Reta,Sim,2,0,1,0,1,0,1,2,-27.55711595,-48.61897889,SPRF-SC,DEL01-SC,UOP01-DEL01-SC,2021
"365813,0",2021-06-22,terça-feira,16:00:00,SC,282,"658,0",SAO MIGUEL DO OESTE,Ausência de reação do condutor,Saída de leito carroçável,Com Vítimas Feridas,Pleno dia,Crescente,Céu Claro,Simples,Declive;Reta,Não,1,0,0,1,0,0,1,1,-26.684761,-53.549438,SPRF-SC,DEL07-SC,UOP03-DEL07-SC,2021
"365814,0",2021-06-22,terça-feira,12:45:00,SC,282,"616,7",IRACEMINHA,Acessar a via sem observar a presença dos outros veículos,Colisão transversal,Sem Vítimas,Pleno dia,Decrescente,Céu Claro,Simples,Rotatória;Em Obras,Não,2,0,0,0,2,0,0,2,-26.78312336,-53.28382015,SPRF-SC,DEL07-SC,UOP02-DEL07-SC,2021
"365830,0",2021-04-02,sexta-feira,16:55:00,SC,101,"198,0",BIGUACU,Ingestão de álcool pelo condutor,Colisão com objeto,Com Vítimas Fatais,Pleno dia,Crescente,Céu Claro,Múltipla,Reta,Sim,1,1,0,0,0,0,0,1,-27.52658712,-48.63506019,SPRF-SC,DEL01-SC,UOP01-DEL01-SC,2021
"365835,0",2021-06-22,terça-feira,23:30:00,SC,101,"137,0",BALNEARIO CAMBORIU,Entrada inopinada do pedestre,Atropelamento de Pedestre,Com Vítimas Fatais,Plena Noite,Decrescente,Céu Claro,Múltipla,Reta,Sim,2,1,0,0,1,0,0,2,-27.0157238,-48.61192763,SPRF-SC,DEL04-SC,UOP03-DEL04-SC,2021
"365838,0",2021-06-22,terça-feira,23:00:00,SC,470,"250,8",CURITIBANOS,Animais na Pista,Atropelamento de Animal,Sem Vítimas,Plena Noite,Decrescente,Nublado,Simples,Reta;Declive,Não,2,0,0,0,1,1,0,2,-27.31196858,-50.60462911,SPRF-SC,DEL05-SC,UOP03-DEL05-SC,2021
"365839,0",2021-06-22,terça-feira,23:00:00,SC,470,"250,3",CURITIBANOS,Animais na Pista,Atropelamento de Animal,Sem Vítimas,Plena Noite,Crescente,Nublado,Simples,Reta,Sim,2,0,0,0,1,1,0,2,-27.314182,-50.569588,SPRF-SC,DEL05-SC,UOP03-DEL05-SC,2021
"365841,0",2021-05-25,terça-feira,22:50:00,SC,101,"208,0",SAO JOSE,Estacionar ou parar em local proibido,Colisão traseira,Com Vítimas Feridas,Plena Noite,Decrescente,Céu Claro,Múltipla,Reta,Sim,2,0,0,1,1,0,1,2,-27.60327979,-48.63201818,SPRF-SC,DEL01-SC,UOP01-DEL01-SC,2021
"365856,0",2021-06-23,quarta-feira,07:35:00,SC,101,"198,5",BIGUACU,Trafegar com motocicleta (ou similar) entre as faixas,Colisão lateral mesmo sentido,Com Vítimas Feridas,Pleno dia,Crescente,Céu Claro,Dupla,Reta,Sim,2,0,1,0,1,0,1,2,-27.52658712,-48.63506019,SPRF-SC,DEL01-SC,UOP01-DEL01-SC,2021
"365890,0",2021-06-23,quarta-feira,10:15:00,SC,101,"210,5",SAO JOSE,Avarias e/ou desgaste excessivo no pneu,Tombamento,Com Vítimas Feridas,Pleno dia,Crescente,Sol,Múltipla,Reta,Sim,2,0,2,0,0,0,2,1,-27.6204738,-48.64972472,SPRF-SC,DEL01-SC,UOP01-DEL01-SC,2021
"365893,0",2021-06-23,quarta-feira,07:30:00,SC,101,"119,7",ITAJAI,Condutor deixou de manter distância do veículo da frente,Colisão traseira,Com Vítimas Feridas,Pleno dia,Decrescente,Céu Claro,Múltipla,Reta;Interseção de Vias,Sim,3,0,1,0,1,1,1,3,-26.90078545,-48.71677888,SPRF-SC,DEL04-SC,UOP04-DEL04-SC,2021
"365895,0",2021-06-23,quarta-feira,10:10:00,SC,101,"115,9",ITAJAI,Condutor deixou de manter distância do veículo da frente,Colisão traseira,Com Vítimas Feridas,Pleno dia,Crescente,Céu Claro,Dupla,Reta,Sim,2,0,0,1,1,0,1,2,-26.87064015,-48.72954134,SPRF-SC,DEL04-SC,UOP04-DEL04-SC,2021
"365902,0",2021-06-23,quarta-feira,08:00:00,SC,101,"95,0",BARRA VELHA,Velocidade Incompatível,Saída de leito carroçável,Com Vítimas Feridas,Pleno dia,Decrescente,Céu Claro,Simples,Curva,Sim,1,0,0,1,0,0,1,1,-26.70876413,-48.70221065,SPRF-SC,DEL03-SC,UOP02-DEL03-SC,2021
"365938,0",2021-06-23,quarta-feira,14:40:00,SC,280,"57,0",GUARAMIRIM,Conversão proibida,Colisão transversal,Com Vítimas Feridas,Pleno dia,Decrescente,Garoa/Chuvisco,Simples,Reta,Não,4,0,0,1,2,1,1,3,-26.47811421,-49.01259213,SPRF-SC,DEL03-SC,UOP03-DEL03-SC,2021
"365946,0",2021-06-20,domingo,05:40:00,SC,101,"40,8",JOINVILLE,Velocidade Incompatível,Colisão transversal,Com Vítimas Feridas,Plena Noite,Crescente,Garoa/Chuvisco,Dupla,Curva,Sim,3,0,2,0,1,0,2,2,-26.31344142,-48.87356043,SPRF-SC,DEL03-SC,UOP01-DEL03-SC,2021
"365955,0",2021-06-23,quarta-feira,11:50:00,SC,470,"56,0",BLUMENAU,Desrespeitar a preferência no cruzamento,Colisão transversal,Com Vítimas Feridas,Pleno dia,Decrescente,Chuva,Simples,Reta,Sim,2,0,1,0,1,0,1,2,-26.87743534,-49.12999034,SPRF-SC,DEL04-SC,UOP01-DEL04-SC,2021
"365965,0",2021-06-23,quarta-feira,16:40:00,SC,101,"164,1",TIJUCAS,Ausência de reação do condutor,Colisão traseira,Com Vítimas Feridas,Pleno dia,Crescente,Céu Claro,Dupla,Ponte,Não,2,0,0,1,1,0,1,2,-27.243868,-48.6309,SPRF-SC,DEL04-SC,UOP03-DEL04-SC,2021
"365981,0",2021-06-23,quarta-feira,18:10:00,SC,280,"275,6",IRINEOPOLIS,Desrespeitar a preferência no cruzamento,Colisão transversal,Com Vítimas Feridas,Anoitecer,Crescente,Nublado,Simples,Interseção de Vias;Reta,Não,2,0,2,0,0,0,2,2,-26.28674797,-50.78186002,SPRF-SC,DEL06-SC,UOP04-DEL06-SC,2021
"365985,0",2021-06-23,quarta-feira,17:30:00,SC,282,"3,4",FLORIANOPOLIS,Reação tardia ou ineficiente do condutor,Colisão lateral mesmo sentido,Com Vítimas Feridas,Plena Noite,Crescente,Nublado,Múltipla,Reta,Sim,2,0,1,0,1,0,1,2,-27.600384,-48.599705,SPRF-SC,DEL01-SC,UOP01-DEL01-SC,2021
"366020,0",2021-06-23,quarta-feira,21:20:00,SC,282,"502,1",XANXERE,Desrespeitar a preferência no cruzamento,Colisão frontal,Com Vítimas Feridas,Plena Noite,Decrescente,Céu Claro,Simples,Reta,Sim,2,0,1,0,1,0,1,2,-26.883707,-52.388397,SPRF-SC,DEL07-SC,UOP01-DEL07-SC,2021
"366021,0",2021-05-13,quinta-feira,12:00:00,SC,280,"126,0",RIO NEGRINHO,Condutor deixou de manter distância do veículo da frente,Engavetamento,Com Vítimas Feridas,Pleno dia,Decrescente,Céu Claro,Simples,Reta,Sim,3,0,1,0,2,0,1,3,-26.23779604,-49.49427399,SPRF-SC,DEL06-SC,UOP03-DEL06-SC,2021
"366045,0",2021-06-24,quinta-feira,01:20:00,SC,101,"129,1",BALNEARIO CAMBORIU,Entrada inopinada do pedestre,Atropelamento de Pedestre,Com Vítimas Fatais,Plena Noite,Decrescente,Nublado,Dupla,Reta,Não,3,1,0,0,1,1,0,2,-26.98064277,-48.6790679,SPRF-SC,DEL04-SC,UOP03-DEL04-SC,2021
"366060,0",2021-05-29,sábado,19:40:00,SC,470,"56,8",BLUMENAU,Reação tardia ou ineficiente do condutor,Atropelamento de Pedestre,Com Vítimas Feridas,Plena Noite,Crescente,Nublado,Simples,Reta,Sim,3,0,0,1,1,1,1,3,-26.87674,-49.127743,SPRF-SC,DEL04-SC,UOP01-DEL04-SC,2021
"366062,0",2021-06-24,quinta-feira,04:30:00,SC,470,"5,0",NAVEGANTES,Acumulo de água sobre o pavimento,Tombamento,Sem Vítimas,Plena Noite,Crescente,Chuva,Simples,Reta,Sim,1,0,0,0,0,1,0,1,-26.855688,-48.700333,SPRF-SC,DEL04-SC,UOP04-DEL04-SC,2021
"366073,0",2021-05-07,sexta-feira,11:55:00,SC,101,"208,0",SAO JOSE,Ausência de reação do condutor,Colisão traseira,Com Vítimas Feridas,Pleno dia,Crescente,Céu Claro,Múltipla,Reta,Sim,2,0,1,0,1,0,1,2,-27.60327979,-48.63201818,SPRF-SC,DEL01-SC,UOP01-DEL01-SC,2021
"366082,0",2021-06-23,quarta-feira,22:00:00,SC,101,"197,0",BIGUACU,Demais falhas mecânicas ou elétricas,Colisão com objeto,Com Vítimas Feridas,Plena Noite,Decrescente,Chuva,Dupla,Reta,Sim,1,0,1,0,0,0,1,1,-27.51844497,-48.63848496,SPRF-SC,DEL01-SC,UOP01-DEL01-SC,2021
"366084,0",2021-06-04,sexta-feira,16:00:00,SC,282,"64,7",RANCHO QUEIMADO,Velocidade Incompatível,Saída de leito carroçável,Com Vítimas Feridas,Pleno dia,Crescente,Céu Claro,Simples,Curva,Não,2,0,0,1,0,1,1,2,-27.696323,-49.052456,SPRF-SC,DEL01-SC,UOP03-DEL01-SC,2021
"366104,0",2021-06-24,quinta-feira,09:50:00,SC,101,"203,0",SAO JOSE,Ausência de reação do condutor,Colisão traseira,Com Vítimas Feridas,Pleno dia,Crescente,Céu Claro,Múltipla,Reta,Sim,2,0,1,0,1,0,1,2,-27.5650044,-48.61460082,SPRF-SC,DEL01-SC,UOP01-DEL01-SC,2021