id,data_inversa,dia_semana,horario,uf,br,km,municipio,causa_acidente,tipo_acidente,classificacao_acidente,fase_dia,sentido_via,condicao_metereologica,tipo_pista,tracado_via,uso_solo,pessoas,mortos,feridos_leves,feridos_graves,ilesos,ignorados,feridos,veiculos,latitude,longitude,regional,delegacia,uop,ano_arquivo
"366109,0",2021-06-24,quinta-feira,10:33:00,SC,101,"89,4",BARRA VELHA,Reação tardia ou ineficiente do condutor,Saída de leito carroçável,Com Vítimas Feridas,Pleno dia,Decrescente,Nublado,Múltipla,Reta,Sim,1,0,1,0,0,0,1,1,-26.65175997,-48.68721921,SPRF-SC,DEL03-SC,UOP02-DEL03-SC,2021
"366123,0",2021-06-24,quinta-feira,11:07:00,SC,101,"211,0",SAO JOSE,Ausência de reação do condutor,Colisão traseira,Com Vítimas Feridas,Pleno dia,Decrescente,Nublado,Múltipla,Ponte,Sim,3,0,1,0,2,0,1,2,-27.62329313,-48.65245588,SPRF-SC,DEL01-SC,UOP02-DEL01-SC,2021
"366132,0",2021-06-24,quinta-feira,12:10:00,SC,101,"335,3",TUBARAO,Ausência de reação do condutor,Colisão traseira,Com Vítimas Feridas,Pleno dia,Decrescente,Nublado,Múltipla,Reta,Sim,3,0,0,1,1,1,1,3,-28.46927473,-49.01557908,SPRF-SC,DEL02-SC,UOP01-DEL02-SC,2021
"366145,0",2021-06-24,quinta-feira,13:45:00,SC,101,"211,0",PALHOCA,Ausência de reação do condutor,Queda de ocupante de veículo,Com Vítimas Feridas,Pleno dia,Decrescente,Nublado,Dupla,Reta,Sim,1,0,1,0,0,0,1,1,-27.62329313,-48.65245588,SPRF-SC,DEL01-SC,UOP02-DEL01-SC,2021
"366147,0",2021-06-24,quinta-feira,13:09:00,SC,101,"142,0",ITAPEMA,Condutor deixou de manter distância do veículo da frente,Colisão traseira,Com Vítimas Feridas,Pleno dia,Decrescente,Nublado,Dupla,Curva,Sim,2,0,1,0,1,0,1,2,-27.056089,-48.599449,SPRF-SC,DEL04-SC,UOP03-DEL04-SC,2021
"366152,0",2021-06-24,quinta-feira,14:25:00,SC,101,"213,0",PALHOCA,Ausência de reação do condutor,Colisão traseira,Com Vítimas Feridas,Pleno dia,Decrescente,Nublado,Múltipla,Reta,Sim,2,0,0,1,1,0,1,2,-27.63697369,-48.66514142,SPRF-SC,DEL01-SC,UOP02-DEL01-SC,2021
"366161,0",2021-06-24,quinta-feira,15:38:00,SC,280,"70,2",JARAGUA DO SUL,Conversão proibida,Colisão transversal,Com Vítimas Feridas,Pleno dia,Crescente,Céu Claro,Simples,Reta,Sim,3,0,1,0,2,0,1,2,-26.462549,-49.13252419,SPRF-SC,DEL03-SC,UOP03-DEL03-SC,2021
"366164,0",2021-06-24,quinta-feira,15:20:00,SC,470,"124,0",IBIRAMA,Mal súbito do condutor,Colisão frontal,Com Vítimas Feridas,Pleno dia,Decrescente,Nublado,Simples,Reta,Não,2,0,1,0,1,0,1,2,-27.113192,-49.529163,SPRF-SC,DEL04-SC,UOP02-DEL04-SC,2021
"366170,0",2021-06-24,quinta-feira,16:20:00,SC,101,"272,9",IMBITUBA,Pedestre cruzava a pista fora da faixa,Atropelamento de Pedestre,Com Vítimas Fatais,Pleno dia,Decrescente,Nublado,Múltipla,Viaduto;Reta,Não,4,1,0,0,1,2,0,2,-28.1298396,-48.6929745,SPRF-SC,DEL02-SC,UOP03-DEL02-SC,2021
"366176,0",2021-06-24,quinta-feira,16:29:00,SC,101,"123,0",ITAJAI,Acessar a via sem observar a presença dos outros veículos,Colisão transversal,Com Vítimas Feridas,Pleno dia,Decrescente,Nublado,Múltipla,Rotatória,Sim,2,0,1,0,1,0,1,2,-26.93668609,-48.69876905,SPRF-SC,DEL04-SC,UOP04-DEL04-SC,2021
"366201,0",2021-06-24,quinta-feira,18:40:00,SC,280,"50,0",GUARAMIRIM,Transitar na contramão,Colisão transversal,Com Vítimas Feridas,Plena Noite,Crescente,Nublado,Simples,Desvio Temporário,Sim,6,0,1,0,5,0,1,2,-26.4619489,-48.94618404,SPRF-SC,DEL03-SC,UOP03-DEL03-SC,2021
"366245,0",2021-06-25,sexta-feira,00:20:00,SC,101,"90,0",BARRA VELHA,Velocidade Incompatível,Saída de leito carroçável,Com Vítimas Feridas,Plena Noite,Decrescente,Nublado,Simples,Reta,Não,1,0,1,0,0,0,1,1,-26.66148503,-48.68866176,SPRF-SC,DEL03-SC,UOP02-DEL03-SC,2021
"366280,0",2021-06-24,quinta-feira,09:25:00,SC,101,"124,0",ITAJAI,Demais falhas na via,Colisão traseira,Sem Vítimas,Pleno dia,Decrescente,Céu Claro,Dupla,Declive,Não,2,0,0,0,2,0,0,2,-26.94335064,-48.69198648,SPRF-SC,DEL04-SC,UOP04-DEL04-SC,2021
"366283,0",2021-05-02,domingo,00:45:00,SC,101,"412,0",ARARANGUA,Ausência de reação do condutor,Saída de leito carroçável,Com Vítimas Feridas,Plena Noite,Crescente,Ignorado,Simples,Rotatória,Sim,2,0,0,2,0,0,2,1,-28.939333,-49.497513,SPRF-SC,DEL02-SC,UOP02-DEL02-SC,2021
"366296,0",2021-06-09,quarta-feira,09:00:00,SC,101,"207,0",SAO JOSE,Desrespeitar a preferência no cruzamento,Colisão transversal,Com Vítimas Feridas,Pleno dia,Crescente,Chuva,Múltipla,Viaduto,Sim,3,0,3,0,0,0,3,2,-27.60001226,-48.6226467,SPRF-SC,DEL01-SC,UOP01-DEL01-SC,2021
"366299,0",2021-06-25,sexta-feira,07:00:00,SC,282,"62,0",RANCHO QUEIMADO,Demais falhas mecânicas ou elétricas,Incêndio,Com Vítimas Feridas,Amanhecer,Decrescente,Céu Claro,Simples,Reta,Não,1,0,1,0,0,0,1,1,-27.688046,-49.037033,SPRF-SC,DEL01-SC,UOP03-DEL01-SC,2021
"366304,0",2021-06-25,sexta-feira,06:40:00,SC,280,"74,0",JARAGUA DO SUL,Acessar a via sem observar a presença dos outros veículos,Colisão transversal,Com Vítimas Feridas,Pleno dia,Decrescente,Nevoeiro/Neblina,Simples,Declive,Sim,4,0,4,0,0,0,4,2,-26.45877322,-49.16147801,SPRF-SC,DEL03-SC,UOP03-DEL03-SC,2021
"366334,0",2021-06-25,sexta-feira,07:15:00,SC,282,"550,6",NOVA ITABERABA,Condutor deixou de manter distância do veículo da frente,Colisão traseira,Sem Vítimas,Pleno dia,Decrescente,Sol,Simples,Reta,Não,2,0,0,0,2,0,0,2,-26.958057,-52.771416,SPRF-SC,DEL07-SC,UOP01-DEL07-SC,2021
"366336,0",2021-06-25,sexta-feira,12:50:00,SC,282,"5,0",SAO JOSE,Reação tardia ou ineficiente do condutor,Queda de ocupante de veículo,Com Vítimas Feridas,Pleno dia,Decrescente,Céu Claro,Simples,Curva,Sim,2,0,1,0,1,0,1,2,-27.58468679,-48.61785304,SPRF-SC,DEL01-SC,UOP01-DEL01-SC,2021
"366337,0",2021-06-25,sexta-feira,09:20:00,SC,101,"106,3",PENHA,Carga excessiva e/ou mal acondicionada,Colisão com objeto,Com Vítimas Feridas,Pleno dia,Decrescente,Céu Claro,Dupla,Reta,Não,3,0,1,0,2,0,1,2,-26.81031601,-48.68293896,SPRF-SC,DEL03-SC,UOP02-DEL03-SC,2021
"366366,0",2021-06-25,sexta-feira,15:10:00,SC,101,"206,1",SAO JOSE,Velocidade Incompatível,Colisão traseira,Com Vítimas Feridas,Pleno dia,Decrescente,Céu Claro,Múltipla,Reta,Sim,2,0,0,1,0,1,1,2,-27.59193546,-48.61824557,SPRF-SC,DEL01-SC,UOP01-DEL01-SC,2021
"366367,0",2021-06-05,sábado,22:50:00,SC,101,"390,0",CRICIUMA,Reação tardia ou ineficiente do condutor,Saída de leito carroçável,Com Vítimas Feridas,Plena Noite,Crescente,Vento,Dupla,Aclive,Não,1,0,1,0,0,0,1,1,-28.80853406,-49.37836289,SPRF-SC,DEL02-SC,UOP02-DEL02-SC,2021
"366369,0",2021-06-18,sexta-feira,11:55:00,SC,101,"119,0",ITAJAI,Condutor deixou de manter distância do veículo da frente,Colisão traseira,Com Vítimas Feridas,Pleno dia,Crescente,Nublado,Dupla,Reta,Não,2,0,1,0,1,0,1,2,-26.9043179,-48.71555481,SPRF-SC,DEL04-SC,UOP04-DEL04-SC,2021
"366378,0",2021-06-25,sexta-feira,15:45:00,SC,101,"139,0",BALNEARIO CAMBORIU,Desrespeitar a preferência no cruzamento,Colisão transversal,Com Vítimas Feridas,Pleno dia,Crescente,Nublado,Simples,Interseção de Vias,Sim,2,0,1,0,1,0,1,2,-27.02982303,-48.60115006,SPRF-SC,DEL04-SC,UOP03-DEL04-SC,2021
"366386,0",2021-06-25,sexta-feira,15:35:00,SC,116,"180,0",SAO CRISTOVAO DO SUL,Desrespeitar a preferência no cruzamento,Colisão transversal,Com Vítimas Feridas,Pleno dia,Crescente,Céu Claro,Simples,Reta,Sim,3,0,1,0,2,0,1,2,-27.27041426,-50.44097161,SPRF-SC,DEL05-SC,UOP03-DEL05-SC,2021
"366387,0",2021-06-25,sexta-feira,16:30:00,SC,101,"215,5",PALHOCA,Manobra de mudança de faixa,Tombamento,Com Vítimas Feridas,Pleno dia,Decrescente,Nublado,Múltipla,Em Obras;Curva;Aclive,Sim,1,0,1,0,0,0,1,1,-27.65312689,-48.67687404,SPRF-SC,DEL01-SC,UOP02-DEL01-SC,2021
"366428,0",2021-06-25,sexta-feira,20:00:00,SC,101,"410,3",ARARANGUA,Condutor deixou de manter distância do veículo da frente,Colisão traseira,Com Vítimas Feridas,Plena Noite,Crescente,Céu Claro,Simples,Reta,Não,3,0,1,0,2,0,1,2,-28.9225061,-49.4913107,SPRF-SC,DEL02-SC,UOP02-DEL02-SC,2021
"366432,0",2021-06-25,sexta-feira,18:40:00,SC,280,"54,8",GUARAMIRIM,Pedestre cruzava a pista fora da faixa,Atropelamento de Pedestre,Com Vítimas Feridas,Plena Noite,Crescente,Céu Claro,Dupla,Reta,Sim,3,0,1,0,1,1,1,2,-26.47539893,-48.983748,SPRF-SC,DEL03-SC,UOP03-DEL03-SC,2021
"366451,0",2021-06-25,sexta-feira,13:35:00,SC,480,"130,8",CHAPECO,Conversão proibida,Colisão transversal,Com Vítimas Feridas,Pleno dia,Decrescente,Sol,Simples,Reta,Sim,2,0,1,0,1,0,1,2,-27.05534298,-52.63652069,SPRF-SC,DEL07-SC,UOP01-DEL07-SC,2021
"366465,0",2021-06-25,sexta-feira,18:30:00,SC,163,"69,3",SAO MIGUEL DO OESTE,Conversão proibida,Colisão transversal,Com Vítimas Feridas,Plena Noite,Crescente,Céu Claro,Dupla,Curva,Sim,2,0,0,1,1,0,1,2,-26.74132699,-53.50120591,SPRF-SC,DEL07-SC,UOP03-DEL07-SC,2021
"366471,0",2021-06-25,sexta-feira,23:15:00,SC,470,"68,9",INDAIAL,Ausência de reação do condutor,Colisão com objeto,Sem Vítimas,Plena Noite,Decrescente,Céu Claro,Dupla,Reta,Sim,1,0,0,0,1,0,0,1,-26.88391753,-49.24700305,SPRF-SC,DEL04-SC,UOP01-DEL04-SC,2021
"366477,0",2021-06-25,sexta-feira,23:15:00,SC,280,"146,0",MAFRA,Iluminação deficiente,Queda de ocupante de veículo,Com Vítimas Feridas,Plena Noite,Decrescente,Nevoeiro/Neblina,Simples,Reta,Não,1,0,0,1,0,0,1,1,-26.25518456,-49.6620649,SPRF-SC,DEL06-SC,UOP03-DEL06-SC,2021
"366482,0",2021-06-26,sábado,02:00:00,SC,470,"67,9",INDAIAL,Ausência de reação do condutor,Saída de leito carroçável,Sem Vítimas,Plena Noite,Decrescente,Garoa/Chuvisco,Simples,Em Obras;Desvio Temporário,Sim,1,0,0,0,1,0,0,1,-26.87771776,-49.23899812,SPRF-SC,DEL04-SC,UOP01-DEL04-SC,2021
"366485,0",2021-06-26,sábado,01:15:00,SC,101,"307,0",LAGUNA,Transitar na contramão,Colisão frontal,Sem Vítimas,Plena Noite,Crescente,Céu Claro,Dupla,Reta,Sim,3,0,0,0,3,0,0,2,-28.39211769,-48.77822399,SPRF-SC,DEL02-SC,UOP03-DEL02-SC,2021
"366489,0",2021-06-26,sábado,02:15:00,SC,101,"373,8",ICARA,Ingestão de álcool pelo condutor,Colisão com objeto,Com Vítimas Feridas,Plena Noite,Decrescente,Ignorado,Dupla,Reta,Não,1,0,1,0,0,0,1,1,-28.71016196,-49.21016693,SPRF-SC,DEL02-SC,UOP01-DEL02-SC,2021
"366491,0",2021-06-26,sábado,03:45:00,SC,101,"266,0",PAULO LOPES,Ingestão de álcool pelo condutor,Colisão com objeto,Com Vítimas Feridas,Plena Noite,Decrescente,Céu Claro,Dupla,Reta,Sim,1,0,1,0,0,0,1,1,-28.07721335,-48.71223682,SPRF-SC,DEL02-SC,UOP03-DEL02-SC,2021
"366494,0",2021-06-26,sábado,04:00:00,SC,101,"83,8",BARRA VELHA,Mal súbito do condutor,Tombamento,Com Vítimas Feridas,Plena Noite,Decrescente,Chuva,Dupla,Reta,Não,1,0,0,1,0,0,1,1,-26.61865655,-48.71834126,SPRF-SC,DEL03-SC,UOP02-DEL03-SC,2021
"366525,0",2021-06-26,sábado,07:00:00,SC,470,"44,7",BLUMENAU,Condutor Dormindo,Saída de leito carroçável,Com Vítimas Feridas,Pleno dia,Crescente,Garoa/Chuvisco,Simples,Reta,Não,1,0,1,0,0,0,1,1,-26.870665,-49.021896,SPRF-SC,DEL04-SC,UOP01-DEL04-SC,2021
"366552,0",2021-06-26,sábado,10:50:00,SC,101,"255,3",PAULO LOPES,Velocidade Incompatível,Saída de leito carroçável,Com Vítimas Feridas,Pleno dia,Decrescente,Nublado,Dupla,Curva;Declive,Não,1,0,1,0,0,0,1,1,-27.98242299,-48.67898469,SPRF-SC,DEL02-SC,UOP03-DEL02-SC,2021
"366555,0",2021-06-26,sábado,11:45:00,SC,282,"528,0",CORDILHEIRA ALTA,Avarias e/ou desgaste excessivo no pneu,Tombamento,Com Vítimas Feridas,Pleno dia,Crescente,Céu Claro,Simples,Curva,Não,2,0,0,1,1,0,1,2,-26.978798,-52.588566,SPRF-SC,DEL07-SC,UOP01-DEL07-SC,2021
"366561,0",2021-06-26,sábado,12:40:00,SC,101,"135,0",BALNEARIO CAMBORIU,Reação tardia ou ineficiente do condutor,Colisão lateral mesmo sentido,Com Vítimas Feridas,Pleno dia,Crescente,Nublado,Dupla,Reta,Sim,2,0,0,1,1,0,1,2,-27.0050108,-48.62677494,SPRF-SC,DEL04-SC,UOP03-DEL04-SC,2021
"366566,0",2021-06-26,sábado,12:45:00,SC,101,"213,2",PALHOCA,Acumulo de óleo sobre o pavimento,Tombamento,Com Vítimas Feridas,Pleno dia,Crescente,Nublado,Múltipla,Reta,Não,1,0,1,0,0,0,1,1,-27.63697369,-48.66514142,SPRF-SC,DEL01-SC,UOP02-DEL01-SC,2021
"366582,0",2021-06-26,sábado,14:00:00,SC,101,"242,4",PALHOCA,Reação tardia ou ineficiente do condutor,Saída de leito carroçável,Com Vítimas Feridas,Pleno dia,Crescente,Céu Claro,Dupla,Reta,Não,2,0,2,0,0,0,2,1,-27.88248042,-48.64731073,SPRF-SC,DEL01-SC,UOP02-DEL01-SC,2021
"366583,0",2021-06-26,sábado,07:32:00,SC,480,"125,8",CHAPECO,Ingestão de álcool pelo condutor,Colisão com objeto,Com Vítimas Feridas,Pleno dia,Crescente,Céu Claro,Dupla,Reta,Sim,2,0,0,1,1,0,1,1,-27.00882521,-52.64176553,SPRF-SC,DEL07-SC,UOP01-DEL07-SC,2021
"366584,0",2021-06-26,sábado,11:15:00,SC,280,"101,2",SAO BENTO DO SUL,Manobra de mudança de faixa,Colisão com objeto,Com Vítimas Feridas,Pleno dia,Crescente,Céu Claro,Simples,Curva,Não,2,0,1,0,1,0,1,2,-26.3647522,-49.33526222,SPRF-SC,DEL06-SC,UOP03-DEL06-SC,2021
"366586,0",2021-06-26,sábado,12:55:00,SC,101,"275,2",IMBITUBA,Condutor deixou de manter distância do veículo da frente,Colisão lateral mesmo sentido,Com Vítimas Feridas,Pleno dia,Decrescente,Céu Claro,Dupla,Reta,Sim,3,0,1,0,2,0,1,3,-28.138086,-48.69218292,SPRF-SC,DEL02-SC,UOP03-DEL02-SC,2021
"366596,0",2021-06-26,sábado,15:15:00,SC,101,"117,0",ITAJAI,Acumulo de óleo sobre o pavimento,Tombamento,Com Vítimas Feridas,Pleno dia,Decrescente,Céu Claro,Dupla,Viaduto,Sim,1,0,1,0,0,0,1,1,-26.88747187,-48.72252969,SPRF-SC,DEL04-SC,UOP04-DEL04-SC,2021
"366600,0",2021-06-26,sábado,15:40:00,SC,101,"44,0",JOINVILLE,Acessar a via sem observar a presença dos outros veículos,Engavetamento,Com Vítimas Feridas,Pleno dia,Decrescente,Nublado,Dupla,Reta,Não,8,0,1,0,7,0,1,3,-26.34586588,-48.85720968,SPRF-SC,DEL03-SC,UOP01-DEL03-SC,2021
"366603,0",2021-06-26,sábado,16:30:00,SC,101,"117,0",ITAJAI,Desrespeitar a preferência no cruzamento,Colisão transversal,Com Vítimas Feridas,Pleno dia,Crescente,Nublado,Simples,Interseção de Vias,Não,2,0,1,0,1,0,1,2,-26.88747187,-48.72252969,SPRF-SC,DEL04-SC,UOP04-DEL04-SC,2021
"366604,0",2021-06-26,sábado,14:40:00,SC,101,"281,2",IMBITUBA,Condutor Dormindo,Saída de leito carroçável,Com Vítimas Fatais,Pleno dia,Crescente,Nublado,Múltipla,Reta,Sim,4,1,1,2,0,0,3,1,-28.2040408,-48.6985276,SPRF-SC,DEL02-SC,UOP03-DEL02-SC,2021
"366612,0",2021-05-28,sexta-feira,14:30:00,SC,280,"24,0",ARAQUARI,Reação tardia ou ineficiente do condutor,Colisão transversal,Com Vítimas Feridas,Pleno dia,Crescente,Céu Claro,Simples,Reta;Interseção de Vias,Sim,2,0,1,0,1,0,1,2,-26.378135,-48.72052,SPRF-SC,DEL03-SC,UOP03-DEL03-SC,2021
"366637,0",2021-06-26,sábado,09:30:00,SC,153,"110,4",CONCORDIA,Velocidade Incompatível,Saída de leito carroçável,Com Vítimas Feridas,Pleno dia,Decrescente,Nublado,Simples,Curva,Não,1,0,1,0,0,0,1,1,-27.313625,-51.984699,SPRF-SC,DEL07-SC,UOP04-DEL07-SC,2021
"366646,0",2021-06-26,sábado,19:30:00,SC,101,"206,8",SAO JOSE,Acessar a via sem observar a presença dos outros veículos,Colisão lateral mesmo sentido,Com Vítimas Feridas,Plena Noite,Decrescente,Céu Claro,Múltipla,Interseção de Vias,Sim,2,0,1,0,1,0,1,2,-27.59193546,-48.61824557,SPRF-SC,DEL01-SC,UOP01-DEL01-SC,2021
"366650,0",2021-06-26,sábado,19:10:00,SC,280,"69,2",JARAGUA DO SUL,Acessar a via sem observar a presença dos outros veículos,Colisão transversal,Com Vítimas Feridas,Plena Noite,Crescente,Nublado,Simples,Reta,Sim,2,0,1,0,1,0,1,2,-26.46592456,-49.12446499,SPRF-SC,DEL03-SC,UOP03-DEL03-SC,2021
"366660,0",2021-06-26,sábado,18:40:00,SC,163,"72,0",SAO MIGUEL DO OESTE,Manobra de mudança de faixa,Colisão lateral mesmo sentido,Com Vítimas Feridas,Plena Noite,Crescente,Céu Claro,Dupla,Reta;Aclive;Interseção de Vias,Sim,2,0,1,0,1,0,1,2,-26.71908804,-53.5157791,SPRF-SC,DEL07-SC,UOP03-DEL07-SC,2021
"366664,0",2021-06-26,sábado,21:00:00,SC,116,"246,0",LAGES,Condutor deixou de manter distância do veículo da frente,Colisão traseira,Com Vítimas Feridas,Plena Noite,Crescente,Céu Claro,Simples,Reta,Sim,2,0,1,0,1,0,1,2,-27.80419942,-50.36509464,SPRF-SC,DEL05-SC,UOP02-DEL05-SC,2021
"366668,0",2021-06-26,sábado,12:55:00,SC,116,"128,7",SANTA CECILIA,Ausência de reação do condutor,Engavetamento,Com Vítimas Feridas,Pleno dia,Crescente,Céu Claro,Simples,Reta,Não,3,0,1,0,2,0,1,3,-26.87529113,-50.42492594,SPRF-SC,DEL06-SC,UOP02-DEL06-SC,2021
"366688,0",2021-06-26,sábado,22:20:00,SC,101,"216,0",PALHOCA,Ingestão de álcool pelo condutor,Colisão com objeto,Sem Vítimas,Plena Noite,Decrescente,Céu Claro,Múltipla,Reta;Em Obras,Sim,1,0,0,0,1,0,0,1,-27.66016342,-48.67715836,SPRF-SC,DEL01-SC,UOP02-DEL01-SC,2021
"366695,0",2021-06-27,domingo,00:01:00,SC,280,"65,0",JARAGUA DO SUL,Ingestão de álcool pelo condutor,Colisão transversal,Com Vítimas Feridas,Plena Noite,Crescente,Céu Claro,Simples,Reta,Sim,2,0,1,0,1,0,1,2,-26.48033994,-49.08159256,SPRF-SC,DEL03-SC,UOP03-DEL03-SC,2021
"366702,0",2021-06-26,sábado,21:00:00,SC,280,"290,0",PORTO UNIAO,Demais falhas mecânicas ou elétricas,Incêndio,Sem Vítimas,Plena Noite,Crescente,Céu Claro,Simples,Reta,Não,1,0,0,0,1,0,0,1,-26.29600191,-50.92527803,SPRF-SC,DEL06-SC,UOP04-DEL06-SC,2021
"366704,0",2021-06-26,sábado,21:30:00,SC,163,"69,4",SAO MIGUEL DO OESTE,Desrespeitar a preferência no cruzamento,Colisão transversal,Com Vítimas Feridas,Plena Noite,Decrescente,Céu Claro,Dupla,Declive,Sim,2,0,1,0,1,0,1,2,-26.74027364,-53.5011971,SPRF-SC,DEL07-SC,UOP03-DEL07-SC,2021
"366706,0",2021-06-26,sábado,23:35:00,SC,282,"223,0",LAGES,Velocidade Incompatível,Colisão com objeto,Com Vítimas Feridas,Plena Noite,Decrescente,Garoa/Chuvisco,Simples,Curva,Não,1,0,1,0,0,0,1,1,-27.800127,-50.362751,SPRF-SC,DEL05-SC,UOP01-DEL05-SC,2021
"366709,0",2021-06-26,sábado,20:15:00,SC,158,"125,9",CAIBI,Ultrapassagem Indevida,Colisão frontal,Com Vítimas Feridas,Plena Noite,Decrescente,Céu Claro,Simples,Curva,Não,9,0,6,2,1,0,8,2,-26.95689224,-53.20372671,SPRF-SC,DEL07-SC,UOP02-DEL07-SC,2021
"366717,0",2021-06-27,domingo,03:30:00,SC,101,"338,0",TUBARAO,Conversão proibida,Colisão transversal,Com Vítimas Fatais,Plena Noite,Crescente,Nublado,Dupla,Reta,Não,3,1,0,0,2,0,0,2,-28.485725,-49.03726,SPRF-SC,DEL02-SC,UOP01-DEL02-SC,2021
"366727,0",2021-06-27,domingo,05:10:00,SC,101,"205,5",SAO JOSE,Ingestão de álcool pelo condutor,Colisão com objeto,Sem Vítimas,Plena Noite,Decrescente,Nublado,Dupla,Em Obras,Não,1,0,0,0,1,0,0,1,-27.58313237,-48.61532885,SPRF-SC,DEL01-SC,UOP01-DEL01-SC,2021
"366728,0",2021-06-27,domingo,02:00:00,SC,470,"125,1",LONTRAS,Ingestão de álcool pelo condutor,Colisão lateral sentido oposto,Com Vítimas Feridas,Plena Noite,Decrescente,Nublado,Simples,Reta,Sim,2,0,1,0,1,0,1,2,-27.120506,-49.534946,SPRF-SC,DEL04-SC,UOP02-DEL04-SC,2021
"366733,0",2021-06-27,domingo,01:30:00,SC,101,"111,0",NAVEGANTES,Velocidade Incompatível,Saída de leito carroçável,Sem Vítimas,Plena Noite,Crescente,Céu Claro,Dupla,Curva,Não,1,0,0,0,0,1,0,1,-26.83955734,-48.71418074,SPRF-SC,DEL04-SC,UOP04-DEL04-SC,2021
"366736,0",2021-06-27,domingo,05:40:00,SC,101,"290,4",IMBITUBA,Reação tardia ou ineficiente do condutor,Colisão traseira,Com Vítimas Feridas,Amanhecer,Crescente,Céu Claro,Dupla,Reta,Sim,2,0,2,0,0,0,2,2,-28.26980586,-48.70081551,SPRF-SC,DEL02-SC,UOP03-DEL02-SC,2021
"366770,0",2021-06-27,domingo,07:50:00,SC,163,"121,0",DIONISIO CERQUEIRA,Ausência de reação do condutor,Saída de leito carroçável,Sem Vítimas,Pleno dia,Crescente,Chuva,Simples,Reta,Não,1,0,0,0,0,1,0,1,-26.320844,-53.550503,SPRF-SC,DEL07-SC,UOP03-DEL07-SC,2021
"366776,0",2021-06-16,quarta-feira,04:38:00,SC,280,"57,5",GUARAMIRIM,Manobra de mudança de faixa,Queda de ocupante de veículo,Com Vítimas Feridas,Plena Noite,Decrescente,Céu Claro,Dupla,Rotatória,Sim,1,0,0,1,0,0,1,1,-26.4742051,-49.02024508,SPRF-SC,DEL03-SC,UOP03-DEL03-SC,2021
"366780,0",2021-06-27,domingo,10:30:00,SC,163,"68,9",SAO MIGUEL DO OESTE,Reação tardia ou ineficiente do condutor,Colisão com objeto,Com Vítimas Feridas,Pleno dia,Crescente,Chuva,Dupla,Reta;Declive,Sim,1,0,1,0,0,0,1,1,-26.74287018,-53.5010505,SPRF-SC,DEL07-SC,UOP03-DEL07-SC,2021
"366788,0",2021-06-27,domingo,07:30:00,SC,101,"376,0",ICARA,Chuva,Saída de leito carroçável,Com Vítimas Feridas,Pleno dia,Crescente,Nublado,Dupla,Curva,Não,5,0,2,3,0,0,5,1,-28.72736111,-49.24066084,SPRF-SC,DEL02-SC,UOP01-DEL02-SC,2021
"366803,0",2021-06-27,domingo,12:00:00,SC,116,"127,3",SANTA CECILIA,Acessar a via sem observar a presença dos outros veículos,Colisão transversal,Com Vítimas Feridas,Pleno dia,Decrescente,Nublado,Simples,Interseção de Vias,Não,3,0,3,0,0,0,3,2,-26.87270031,-50.41550285,SPRF-SC,DEL06-SC,UOP02-DEL06-SC,2021
"366808,0",2021-06-27,domingo,10:50:00,SC,282,"209,0",LAGES,Frear bruscamente,Saída de leito carroçável,Com Vítimas Feridas,Pleno dia,Crescente,Céu Claro,Simples,Aclive;Reta,Não,5,0,2,0,3,0,2,1,-27.776926,-50.221893,SPRF-SC,DEL05-SC,UOP01-DEL05-SC,2021
"366813,0",2021-06-27,domingo,15:40:00,SC,101,"69,3",ARAQUARI,Avarias e/ou desgaste excessivo no pneu,Saída de leito carroçável,Sem Vítimas,Pleno dia,Crescente,Céu Claro,Dupla,Reta,Não,1,0,0,0,1,0,0,1,-26.50298009,-48.72814515,SPRF-SC,DEL03-SC,UOP02-DEL03-SC,2021
"366822,0",2021-06-27,domingo,17:20:00,SC,101,"215,0",PALHOCA,Condutor deixou de manter distância do veículo da frente,Colisão traseira,Com Vítimas Feridas,Anoitecer,Decrescente,Nublado,Dupla,Reta,Sim,2,0,1,0,1,0,1,2,-27.65184843,-48.67604941,SPRF-SC,DEL01-SC,UOP02-DEL01-SC,2021
"366831,0",2021-06-27,domingo,14:40:00,SC,280,"7,0",SAO FRANCISCO DO SUL,Condutor deixou de manter distância do veículo da frente,Colisão traseira,Com Vítimas Feridas,Pleno dia,Decrescente,Céu Claro,Simples,Reta,Sim,2,0,1,0,1,0,1,2,-26.27127101,-48.64129599,SPRF-SC,DEL03-SC,UOP03-DEL03-SC,2021
"366837,0",2021-06-27,domingo,18:20:00,SC,101,"203,1",SAO JOSE,Trafegar com motocicleta (ou similar) entre as faixas,Colisão lateral mesmo sentido,Com Vítimas Feridas,Plena Noite,Decrescente,Vento,Múltipla,Curva;Declive;Viaduto,Sim,3,0,1,0,2,0,1,3,-27.56519969,-48.61434102,SPRF-SC,DEL01-SC,UOP01-DEL01-SC,2021
"366868,0",2021-06-27,domingo,20:15:00,SC,101,"206,4",SAO JOSE,Objeto estático sobre o leito carroçável,Colisão com objeto,Com Vítimas Feridas,Pleno dia,Decrescente,Garoa/Chuvisco,Dupla,Reta,Sim,1,0,1,0,0,0,1,1,-27.59193546,-48.61824557,SPRF-SC,DEL01-SC,UOP01-DEL01-SC,2021
"366871,0",2021-06-27,domingo,19:55:00,SC,101,"213,0",PALHOCA,Pedestre cruzava a pista fora da faixa,Atropelamento de Pedestre,Com Vítimas Feridas,Plena Noite,Crescente,Nublado,Múltipla,Reta,Sim,2,0,0,1,0,1,1,2,-27.63697369,-48.66514142,SPRF-SC,DEL01-SC,UOP02-DEL01-SC,2021