id,data_inversa,dia_semana,horario,uf,br,km,municipio,causa_acidente,tipo_acidente,classificacao_acidente,fase_dia,sentido_via,condicao_metereologica,tipo_pista,tracado_via,uso_solo,pessoas,mortos,feridos_leves,feridos_graves,ilesos,ignorados,feridos,veiculos,latitude,longitude,regional,delegacia,uop,ano_arquivo
"371104,0",2021-07-17,sábado,02:00:00,SC,101,"251,1",PAULO LOPES,Reação tardia ou ineficiente do condutor,Colisão com objeto,Com Vítimas Feridas,Plena Noite,Decrescente,Céu Claro,Dupla,Ponte,Sim,2,0,1,1,0,0,2,1,-27.9490242,-48.67206568,SPRF-SC,DEL02-SC,UOP03-DEL02-SC,2021
"371116,0",2021-07-17,sábado,02:50:00,SC,470,"42,2",GASPAR,Retorno proibido,Colisão traseira,Com Vítimas Feridas,Plena Noite,Decrescente,Nublado,Simples,Aclive;Reta;Em Obras,Não,3,0,1,0,1,1,1,2,-26.875719,-49.003746,SPRF-SC,DEL04-SC,UOP01-DEL04-SC,2021
"371118,0",2021-07-17,sábado,04:15:00,SC,101,"461,1",PASSO DE TORRES,Ingestão de álcool pelo condutor,Saída de leito carroçável,Com Vítimas Feridas,Plena Noite,Decrescente,Céu Claro,Dupla,Reta,Não,1,0,1,0,0,0,1,1,-29.26681993,-49.75517865,SPRF-RS,DEL03-RS,UOP02-DEL03-RS,2021
"371120,0",2021-07-17,sábado,04:30:00,SC,470,"59,3",BLUMENAU,Ingestão de álcool pelo condutor,Saída de leito carroçável,Sem Vítimas,Plena Noite,Crescente,Nublado,Simples,Curva,Não,1,0,0,0,1,0,0,1,-26.882812,-49.1548,SPRF-SC,DEL04-SC,UOP01-DEL04-SC,2021
"371123,0",2021-07-17,sábado,02:20:00,SC,470,"135,9",RIO DO SUL,Ingestão de álcool pelo condutor,Tombamento,Sem Vítimas,Pleno dia,Decrescente,Garoa/Chuvisco,Simples,Reta,Sim,1,0,0,0,1,0,0,1,-27.188492,-49.61232,SPRF-SC,DEL04-SC,UOP02-DEL04-SC,2021
"371148,0",2021-07-17,sábado,08:00:00,SC,163,"77,8",SAO MIGUEL DO OESTE,Acessar a via sem observar a presença dos outros veículos,Colisão transversal,Com Vítimas Feridas,Pleno dia,Decrescente,Nevoeiro/Neblina,Simples,Em Obras;Reta,Não,2,0,2,0,0,0,2,2,-26.67615498,-53.51669997,SPRF-SC,DEL07-SC,UOP03-DEL07-SC,2021
"371158,0",2021-07-17,sábado,10:00:00,SC,101,"435,4",SOMBRIO,Manobra de mudança de faixa,Colisão lateral mesmo sentido,Com Vítimas Feridas,Pleno dia,Decrescente,Sol,Simples,Reta,Sim,3,0,2,0,1,0,2,2,-29.1095437,-49.63758767,SPRF-SC,DEL02-SC,UOP02-DEL02-SC,2021
"371169,0",2021-07-17,sábado,11:10:00,SC,101,"131,8",BALNEARIO CAMBORIU,Reação tardia ou ineficiente do condutor,Tombamento,Com Vítimas Feridas,Pleno dia,Decrescente,Sol,Dupla,Reta,Não,1,0,1,0,0,0,1,1,-26.99064209,-48.66310912,SPRF-SC,DEL04-SC,UOP03-DEL04-SC,2021
"371175,0",2021-07-17,sábado,12:10:00,SC,101,"119,2",ITAJAI,Trafegar com motocicleta (ou similar) entre as faixas,Colisão traseira,Com Vítimas Feridas,Pleno dia,Decrescente,Céu Claro,Múltipla,Reta,Sim,2,0,1,0,1,0,1,2,-26.9043179,-48.71555481,SPRF-SC,DEL04-SC,UOP04-DEL04-SC,2021
"371187,0",2021-07-17,sábado,13:30:00,SC,101,"164,0",TIJUCAS,Reação tardia ou ineficiente do condutor,Colisão com objeto,Com Vítimas Feridas,Pleno dia,Decrescente,Céu Claro,Simples,Reta,Sim,1,0,1,0,0,0,1,1,-27.243868,-48.6309,SPRF-SC,DEL04-SC,UOP03-DEL04-SC,2021
"371201,0",2021-07-17,sábado,12:15:00,SC,282,"487,0",FAXINAL DOS GUEDES,Acessar a via sem observar a presença dos outros veículos,Colisão transversal,Com Vítimas Feridas,Pleno dia,Decrescente,Céu Claro,Simples,Rotatória,Não,4,0,1,0,3,0,1,2,-26.85749956,-52.26234913,SPRF-SC,DEL07-SC,UOP01-DEL07-SC,2021
"371206,0",2021-07-17,sábado,14:00:00,SC,101,"119,0",ITAJAI,Mal súbito do condutor,Engavetamento,Com Vítimas Feridas,Pleno dia,Crescente,Céu Claro,Múltipla,Reta,Sim,4,0,0,1,3,0,1,4,-26.9043179,-48.71555481,SPRF-SC,DEL04-SC,UOP04-DEL04-SC,2021
"371233,0",2021-07-17,sábado,17:20:00,SC,101,"129,0",BALNEARIO CAMBORIU,Reação tardia ou ineficiente do condutor,Tombamento,Com Vítimas Feridas,Pleno dia,Crescente,Sol,Dupla,Reta,Não,1,0,1,0,0,0,1,1,-26.98064277,-48.6790679,SPRF-SC,DEL04-SC,UOP03-DEL04-SC,2021
"371258,0",2021-07-17,sábado,18:00:00,SC,470,"49,0",BLUMENAU,Ingestão de álcool pelo condutor,Atropelamento de Pedestre,Com Vítimas Feridas,Anoitecer,Decrescente,Céu Claro,Dupla,Curva,Não,3,0,0,1,0,2,1,2,-26.860662,-49.065159,SPRF-SC,DEL04-SC,UOP01-DEL04-SC,2021
"371267,0",2021-06-22,terça-feira,18:40:00,SC,101,"158,0",PORTO BELO,Acessar a via sem observar a presença dos outros veículos,Colisão traseira,Com Vítimas Feridas,Anoitecer,Crescente,Céu Claro,Dupla,Reta,Sim,3,0,0,1,2,0,1,3,-27.19096301,-48.61259017,SPRF-SC,DEL04-SC,UOP03-DEL04-SC,2021
"371277,0",2021-07-17,sábado,19:20:00,SC,101,"211,2",PALHOCA,Ingestão de álcool pelo condutor,Colisão lateral mesmo sentido,Com Vítimas Feridas,Plena Noite,Crescente,Nublado,Múltipla,Reta,Sim,2,0,1,0,1,0,1,2,-27.62329313,-48.65245588,SPRF-SC,DEL01-SC,UOP02-DEL01-SC,2021
"371287,0",2021-07-17,sábado,20:10:00,SC,101,"271,5",IMBITUBA,Ingestão de álcool pelo condutor,Colisão lateral mesmo sentido,Com Vítimas Feridas,Plena Noite,Decrescente,Céu Claro,Dupla,Ponte,Não,2,0,1,0,1,0,1,2,-28.11011972,-48.70211279,SPRF-SC,DEL02-SC,UOP03-DEL02-SC,2021
"371309,0",2021-07-17,sábado,21:30:00,SC,280,"54,0",GUARAMIRIM,Reação tardia ou ineficiente do condutor,Colisão com objeto,Com Vítimas Feridas,Plena Noite,Decrescente,Céu Claro,Dupla,Em Obras;Reta,Sim,1,0,1,0,0,0,1,1,-26.429076,-48.93894196,SPRF-SC,DEL03-SC,UOP03-DEL03-SC,2021
"371316,0",2021-07-17,sábado,17:15:00,SC,282,"379,0",HERVAL DOESTE,Frear bruscamente,Colisão com objeto,Com Vítimas Feridas,Pleno dia,Crescente,Céu Claro,Simples,Curva,Não,3,0,2,0,0,1,2,1,-27.214668,-51.489677,SPRF-SC,DEL07-SC,UOP05-DEL07-SC,2021
"371348,0",2021-07-18,domingo,05:00:00,SC,101,"39,9",GASPAR,Ausência de reação do condutor,Colisão com objeto,Sem Vítimas,Plena Noite,Crescente,Céu Claro,Simples,Reta,Não,1,0,0,0,0,1,0,1,-26.89018257,-48.99017215,SPRF-SC,DEL03-SC,UOP01-DEL03-SC,2021
"371352,0",2021-07-18,domingo,05:30:00,SC,280,"52,0",GUARAMIRIM,Sinalização mal posicionada,Colisão com objeto,Sem Vítimas,Plena Noite,Decrescente,Céu Claro,Simples,Reta,Não,1,0,0,0,1,0,0,1,-26.468904,-48.96492,SPRF-SC,DEL03-SC,UOP03-DEL03-SC,2021
"371357,0",2021-07-18,domingo,06:59:00,SC,101,"201,8",SAO JOSE,Manobra de mudança de faixa,Saída de leito carroçável,Com Vítimas Feridas,Amanhecer,Crescente,Céu Claro,Múltipla,Reta,Sim,2,0,1,0,1,0,1,2,-27.54836599,-48.61977975,SPRF-SC,DEL01-SC,UOP01-DEL01-SC,2021
"371360,0",2021-07-18,domingo,06:35:00,SC,101,"110,3",PENHA,Condutor Dormindo,Saída de leito carroçável,Sem Vítimas,Pleno dia,Crescente,Céu Claro,Dupla,Curva,Não,1,0,0,0,1,0,0,1,-26.83477,-48.706151,SPRF-SC,DEL03-SC,UOP02-DEL03-SC,2021
"371362,0",2021-07-18,domingo,06:40:00,SC,101,"151,9",ITAPEMA,Ausência de reação do condutor,Colisão com objeto,Sem Vítimas,Pleno dia,Crescente,Céu Claro,Múltipla,Interseção de Vias,Não,1,0,0,0,1,0,0,1,-27.126536,-48.609642,SPRF-SC,DEL04-SC,UOP03-DEL04-SC,2021
"371374,0",2021-07-18,domingo,06:35:00,SC,470,"237,6",SAO CRISTOVAO DO SUL,Demais falhas na via,Colisão com objeto,Com Vítimas Feridas,Pleno dia,Crescente,Céu Claro,Simples,Reta,Não,1,0,1,0,0,0,1,1,-27.304129,-50.456207,SPRF-SC,DEL05-SC,UOP03-DEL05-SC,2021
"371382,0",2021-07-18,domingo,10:30:00,SC,101,"221,0",PALHOCA,Manobra de mudança de faixa,Colisão traseira,Com Vítimas Feridas,Pleno dia,Crescente,Céu Claro,Dupla,Reta,Sim,3,0,1,0,2,0,1,2,-27.70012652,-48.66021182,SPRF-SC,DEL01-SC,UOP02-DEL01-SC,2021
"371398,0",2021-07-18,domingo,13:00:00,SC,470,"77,8",RODEIO,Ultrapassagem Indevida,Colisão frontal,Com Vítimas Feridas,Pleno dia,Crescente,Sol,Simples,Curva,Não,2,0,0,2,0,0,2,2,-26.94904,-49.29753,SPRF-SC,DEL04-SC,UOP01-DEL04-SC,2021
"371422,0",2021-07-18,domingo,10:50:00,SC,101,"199,0",SAO JOSE,Velocidade Incompatível,Colisão com objeto,Com Vítimas Feridas,Pleno dia,Crescente,Céu Claro,Múltipla,Reta,Sim,6,0,2,0,4,0,2,1,-27.53413705,-48.63003205,SPRF-SC,DEL01-SC,UOP01-DEL01-SC,2021
"371433,0",2021-07-18,domingo,16:50:00,SC,280,"48,0",GUARAMIRIM,Condutor deixou de manter distância do veículo da frente,Colisão traseira,Com Vítimas Feridas,Pleno dia,Decrescente,Céu Claro,Simples,Reta,Sim,2,0,1,0,1,0,1,2,-26.45506795,-48.92766502,SPRF-SC,DEL03-SC,UOP03-DEL03-SC,2021
"371436,0",2021-07-18,domingo,17:15:00,SC,101,"136,0",BALNEARIO CAMBORIU,Manobra de mudança de faixa,Colisão lateral mesmo sentido,Com Vítimas Feridas,Pleno dia,Decrescente,Céu Claro,Múltipla,Curva,Sim,8,0,1,1,6,0,2,3,-27.008113,-48.617245,SPRF-SC,DEL04-SC,UOP03-DEL04-SC,2021
"371456,0",2021-07-18,domingo,15:55:00,SC,101,"80,0",ARAQUARI,Reação tardia ou ineficiente do condutor,Colisão com objeto,Sem Vítimas,Pleno dia,Decrescente,Céu Claro,Dupla,Reta,Não,1,0,0,0,1,0,0,1,-26.59441996,-48.72183309,SPRF-SC,DEL03-SC,UOP02-DEL03-SC,2021
"371525,0",2021-07-18,domingo,23:40:00,SC,470,"60,3",BLUMENAU,Ingestão de álcool pelo condutor,Colisão traseira,Com Vítimas Feridas,Plena Noite,Crescente,Céu Claro,Simples,Reta;Em Obras,Sim,2,0,2,0,0,0,2,2,-26.87986389,-49.17002591,SPRF-SC,DEL04-SC,UOP01-DEL04-SC,2021
"371526,0",2021-07-18,domingo,22:15:00,SC,101,"98,3",BALNEARIO PICARRAS,Ausência de reação do condutor,Saída de leito carroçável,Sem Vítimas,Plena Noite,Crescente,Céu Claro,Múltipla,Reta,Sim,1,0,0,0,0,1,0,1,-26.73760897,-48.69918789,SPRF-SC,DEL03-SC,UOP02-DEL03-SC,2021
"371559,0",2021-07-19,segunda-feira,07:35:00,SC,101,"200,2",SAO JOSE,Manobra de mudança de faixa,Colisão lateral mesmo sentido,Com Vítimas Feridas,Pleno dia,Crescente,Céu Claro,Múltipla,Reta,Sim,2,0,0,1,1,0,1,2,-27.54018513,-48.62287714,SPRF-SC,DEL01-SC,UOP01-DEL01-SC,2021
"371570,0",2021-07-19,segunda-feira,07:00:00,SC,101,"202,0",SAO JOSE,Ingestão de álcool pelo condutor,Tombamento,Com Vítimas Feridas,Pleno dia,Crescente,Céu Claro,Simples,Reta,Sim,1,0,1,0,0,0,1,1,-27.55711595,-48.61897889,SPRF-SC,DEL01-SC,UOP01-DEL01-SC,2021
"371580,0",2021-07-19,segunda-feira,07:40:00,SC,101,"441,7",SANTA ROSA DO SUL,Manobra de mudança de faixa,Colisão traseira,Com Vítimas Feridas,Pleno dia,Crescente,Sol,Dupla,Declive,Não,2,0,0,1,1,0,1,2,-29.12676736,-49.67703089,SPRF-SC,DEL02-SC,UOP02-DEL02-SC,2021
"371586,0",2021-07-19,segunda-feira,07:15:00,SC,282,"574,0",PINHALZINHO,Acessar a via sem observar a presença dos outros veículos,Colisão transversal,Com Vítimas Feridas,Amanhecer,Crescente,Céu Claro,Simples,Reta,Não,2,0,1,0,1,0,1,2,-26.867399,-52.965149,SPRF-SC,DEL07-SC,UOP02-DEL07-SC,2021
"371589,0",2021-06-24,quinta-feira,16:45:00,SC,101,"214,0",PALHOCA,Condutor deixou de manter distância do veículo da frente,Colisão traseira,Com Vítimas Feridas,Pleno dia,Crescente,Nublado,Dupla,Reta,Sim,2,0,1,0,1,0,1,2,-27.64443,-48.67057,SPRF-SC,DEL01-SC,UOP02-DEL01-SC,2021
"371600,0",2021-07-19,segunda-feira,08:40:00,SC,470,"158,0",TROMBUDO CENTRAL,Acessar a via sem observar a presença dos outros veículos,Colisão transversal,Com Vítimas Feridas,Pleno dia,Decrescente,Sol,Simples,Interseção de Vias,Sim,3,0,2,0,1,0,2,2,-27.28592798,-49.78318334,SPRF-SC,DEL04-SC,UOP02-DEL04-SC,2021
"371614,0",2021-07-19,segunda-feira,11:00:00,SC,280,"162,0",MAFRA,Ultrapassagem Indevida,Colisão lateral mesmo sentido,Com Vítimas Feridas,Pleno dia,Decrescente,Céu Claro,Simples,Reta,Não,3,0,2,0,1,0,2,2,-26.20386631,-49.79088509,SPRF-SC,DEL06-SC,UOP03-DEL06-SC,2021
"371628,0",2021-07-19,segunda-feira,14:15:00,SC,101,"119,0",ITAJAI,Reação tardia ou ineficiente do condutor,Engavetamento,Com Vítimas Feridas,Pleno dia,Decrescente,Céu Claro,Dupla,Reta,Não,5,0,2,0,3,0,2,4,-26.9043179,-48.71555481,SPRF-SC,DEL04-SC,UOP04-DEL04-SC,2021
"371646,0",2021-06-13,domingo,03:50:00,SC,470,"67,0",INDAIAL,Ingestão de álcool pelo condutor,Saída de leito carroçável,Com Vítimas Feridas,Plena Noite,Crescente,Céu Claro,Simples,Interseção de Vias,Não,1,0,1,0,0,0,1,1,-26.872158,-49.23127,SPRF-SC,DEL04-SC,UOP01-DEL04-SC,2021
"371655,0",2021-06-24,quinta-feira,08:25:00,SC,101,"117,0",ITAJAI,Ultrapassagem Indevida,Colisão lateral mesmo sentido,Com Vítimas Feridas,Pleno dia,Crescente,Nevoeiro/Neblina,Dupla,Declive,Não,2,0,1,0,1,0,1,2,-26.88747187,-48.72252969,SPRF-SC,DEL04-SC,UOP04-DEL04-SC,2021
"371666,0",2021-07-19,segunda-feira,17:00:00,SC,470,"68,0",INDAIAL,Reação tardia ou ineficiente do condutor,Colisão traseira,Com Vítimas Feridas,Pleno dia,Decrescente,Céu Claro,Simples,Reta,Não,3,0,1,0,2,0,1,2,-26.877615,-49.239231,SPRF-SC,DEL04-SC,UOP01-DEL04-SC,2021
"371668,0",2021-07-19,segunda-feira,13:50:00,SC,101,"11,8",GARUVA,Ausência de reação do condutor,Saída de leito carroçável,Com Vítimas Feridas,Pleno dia,Crescente,Sol,Dupla,Reta,Não,2,0,1,0,1,0,1,1,-26.07202503,-48.86100853,SPRF-SC,DEL03-SC,UOP01-DEL03-SC,2021
"371672,0",2021-07-19,segunda-feira,17:20:00,SC,101,"197,3",BIGUACU,Pedestre cruzava a pista fora da faixa,Atropelamento de Pedestre,Com Vítimas Feridas,Anoitecer,Crescente,Céu Claro,Múltipla,Declive;Curva,Sim,2,0,2,0,0,0,2,2,-27.51844497,-48.63848496,SPRF-SC,DEL01-SC,UOP01-DEL01-SC,2021
"371690,0",2021-07-19,segunda-feira,18:10:00,SC,470,"49,2",BLUMENAU,Reação tardia ou ineficiente do condutor,Colisão traseira,Com Vítimas Feridas,Anoitecer,Decrescente,Céu Claro,Dupla,Reta,Sim,2,0,1,0,1,0,1,2,-26.86106012,-49.06630397,SPRF-SC,DEL04-SC,UOP01-DEL04-SC,2021
"371692,0",2021-07-19,segunda-feira,16:30:00,SC,282,"464,1",PONTE SERRADA,Condutor deixou de manter distância do veículo da frente,Colisão traseira,Com Vítimas Feridas,Pleno dia,Decrescente,Céu Claro,Simples,Reta,Não,2,0,1,0,1,0,1,1,-26.852072,-52.068142,SPRF-SC,DEL07-SC,UOP04-DEL07-SC,2021
"371713,0",2021-07-19,segunda-feira,18:20:00,SC,480,"130,9",CHAPECO,Velocidade Incompatível,Colisão traseira,Com Vítimas Feridas,Plena Noite,Crescente,Céu Claro,Simples,Reta,Não,2,0,0,1,1,0,1,2,-27.05534298,-52.63652069,SPRF-SC,DEL07-SC,UOP01-DEL07-SC,2021
"371725,0",2021-07-19,segunda-feira,23:35:00,SC,280,"53,0",GUARAMIRIM,Acessar a via sem observar a presença dos outros veículos,Colisão transversal,Com Vítimas Feridas,Pleno dia,Decrescente,Nublado,Simples,Reta,Não,2,0,1,0,1,0,1,2,-26.47236756,-48.97426617,SPRF-SC,DEL03-SC,UOP03-DEL03-SC,2021
"371741,0",2021-07-20,terça-feira,06:50:00,SC,101,"280,5",IMBITUBA,Reação tardia ou ineficiente do condutor,Tombamento,Com Vítimas Feridas,Pleno dia,Crescente,Céu Claro,Dupla,Reta,Não,1,0,1,0,0,0,1,1,-28.17962805,-48.6956297,SPRF-SC,DEL02-SC,UOP03-DEL02-SC,2021
"371755,0",2021-06-30,quarta-feira,12:00:00,SC,101,"423,3",ARARANGUA,Demais falhas mecânicas ou elétricas,Colisão transversal,Com Vítimas Feridas,Pleno dia,Decrescente,Sol,Múltipla,Reta,Não,2,0,1,0,1,0,1,2,-29.01106757,-49.57413825,SPRF-SC,DEL02-SC,UOP02-DEL02-SC,2021
"371758,0",2021-07-20,terça-feira,08:00:00,SC,101,"204,0",SAO JOSE,Problema com o freio,Colisão transversal,Com Vítimas Feridas,Pleno dia,Decrescente,Sol,Múltipla,Interseção de Vias;Declive,Sim,2,0,1,0,1,0,1,2,-27.57389235,-48.61321449,SPRF-SC,DEL01-SC,UOP01-DEL01-SC,2021
"371763,0",2021-07-20,terça-feira,08:40:00,SC,280,"10,5",SAO FRANCISCO DO SUL,Reação tardia ou ineficiente do condutor,Queda de ocupante de veículo,Com Vítimas Feridas,Pleno dia,Crescente,Sol,Simples,Curva,Sim,1,0,0,1,0,0,1,1,-26.3005856,-48.64023507,SPRF-SC,DEL03-SC,UOP03-DEL03-SC,2021
"371803,0",2021-07-20,terça-feira,13:00:00,SC,280,"56,0",GUARAMIRIM,Acessar a via sem observar a presença dos outros veículos,Colisão transversal,Com Vítimas Feridas,Pleno dia,Decrescente,Sol,Dupla,Reta,Não,3,0,2,1,0,0,3,2,-26.47947677,-49.00298702,SPRF-SC,DEL03-SC,UOP03-DEL03-SC,2021
"371816,0",2021-07-20,terça-feira,14:30:00,SC,280,"56,3",GUARAMIRIM,Acessar a via sem observar a presença dos outros veículos,Colisão transversal,Com Vítimas Feridas,Pleno dia,Decrescente,Céu Claro,Simples,Interseção de Vias;Reta,Sim,2,0,1,0,1,0,1,2,-26.479434,-49.00997,SPRF-SC,DEL03-SC,UOP03-DEL03-SC,2021
"371823,0",2021-07-20,terça-feira,12:20:00,SC,101,"239,5",PALHOCA,Manobra de mudança de faixa,Saída de leito carroçável,Com Vítimas Feridas,Pleno dia,Crescente,Sol,Dupla,Reta,Não,1,0,1,0,0,0,1,1,-27.85046883,-48.63955216,SPRF-SC,DEL01-SC,UOP02-DEL01-SC,2021
"371827,0",2021-07-20,terça-feira,16:30:00,SC,280,"43,7",GUARAMIRIM,Reação tardia ou ineficiente do condutor,Colisão traseira,Com Vítimas Feridas,Pleno dia,Decrescente,Sol,Simples,Reta,Não,3,0,2,0,1,0,2,2,-26.45118786,-48.87789901,SPRF-SC,DEL03-SC,UOP03-DEL03-SC,2021
"371843,0",2021-07-20,terça-feira,15:40:00,SC,282,"4,6",FLORIANOPOLIS,Reação tardia ou ineficiente do condutor,Engavetamento,Sem Vítimas,Pleno dia,Crescente,Sol,Múltipla,Reta,Sim,3,0,0,0,3,0,0,3,-27.59251174,-48.60400915,SPRF-SC,DEL01-SC,UOP01-DEL01-SC,2021
"371855,0",2021-07-20,terça-feira,18:30:00,SC,101,"212,9",PALHOCA,Condutor deixou de manter distância do veículo da frente,Colisão traseira,Com Vítimas Feridas,Plena Noite,Crescente,Céu Claro,Simples,Reta,Sim,2,0,1,0,1,0,1,2,-27.62996929,-48.65903871,SPRF-SC,DEL01-SC,UOP02-DEL01-SC,2021
"371891,0",2021-07-20,terça-feira,21:10:00,SC,101,"92,9",BALNEARIO PICARRAS,Trafegar com motocicleta (ou similar) entre as faixas,Colisão traseira,Com Vítimas Fatais,Plena Noite,Crescente,Céu Claro,Simples,Reta,Sim,4,1,0,0,3,0,0,2,-26.684766,-48.6948664,SPRF-SC,DEL03-SC,UOP02-DEL03-SC,2021
"371893,0",2021-07-16,sexta-feira,13:40:00,SC,101,"418,5",ARARANGUA,Acessar a via sem observar a presença dos outros veículos,Colisão transversal,Com Vítimas Feridas,Pleno dia,Decrescente,Céu Claro,Múltipla,Interseção de Vias,Sim,2,0,2,0,0,0,2,2,-28.98044384,-49.53709515,SPRF-SC,DEL02-SC,UOP02-DEL02-SC,2021
"371915,0",2021-07-21,quarta-feira,01:10:00,SC,470,"153,6",AGRONOMICA,Ingestão de álcool pelo condutor,Saída de leito carroçável,Sem Vítimas,Plena Noite,Decrescente,Nevoeiro/Neblina,Simples,Curva,Não,1,0,0,0,1,0,0,1,-27.272911,-49.734741,SPRF-SC,DEL04-SC,UOP02-DEL04-SC,2021
"371931,0",2021-07-21,quarta-feira,07:20:00,SC,101,"221,3",PALHOCA,Ausência de reação do condutor,Colisão com objeto,Com Vítimas Feridas,Pleno dia,Decrescente,Céu Claro,Múltipla,Viaduto,Sim,2,0,1,0,1,0,1,1,-27.70012652,-48.66021182,SPRF-SC,DEL01-SC,UOP02-DEL01-SC,2021
"371939,0",2021-07-21,quarta-feira,06:25:00,SC,282,"465,0",PONTE SERRADA,Objeto estático sobre o leito carroçável,Eventos atípicos,Sem Vítimas,Amanhecer,Crescente,Céu Claro,Simples,Reta,Não,1,0,0,0,1,0,0,1,-26.853325,-52.07745,SPRF-SC,DEL07-SC,UOP04-DEL07-SC,2021
"371952,0",2021-07-21,quarta-feira,07:15:00,SC,101,"100,1",BALNEARIO PICARRAS,Problema com o freio,Colisão traseira,Com Vítimas Feridas,Pleno dia,Crescente,Céu Claro,Dupla,Reta,Sim,3,0,1,0,2,0,1,2,-26.75806065,-48.688429,SPRF-SC,DEL03-SC,UOP02-DEL03-SC,2021
"371971,0",2021-04-06,terça-feira,06:10:00,SC,101,"331,9",TUBARAO,Condutor Dormindo,Colisão com objeto,Com Vítimas Feridas,Amanhecer,Decrescente,Céu Claro,Dupla,Curva,Sim,2,0,0,1,0,1,1,2,-28.46697475,-48.99758577,SPRF-SC,DEL02-SC,UOP01-DEL02-SC,2021
"371973,0",2021-07-21,quarta-feira,12:20:00,SC,101,"214,6",PALHOCA,Manobra de mudança de faixa,Colisão traseira,Com Vítimas Feridas,Pleno dia,Crescente,Céu Claro,Dupla,Reta,Sim,2,0,1,0,1,0,1,2,-27.64443,-48.67057,SPRF-SC,DEL01-SC,UOP02-DEL01-SC,2021
"371978,0",2021-07-21,quarta-feira,12:15:00,SC,470,"126,5",LONTRAS,Desrespeitar a preferência no cruzamento,Colisão transversal,Com Vítimas Feridas,Pleno dia,Crescente,Sol,Simples,Retorno Regulamentado,Sim,2,0,0,1,1,0,1,2,-27.13598482,-49.54315782,SPRF-SC,DEL04-SC,UOP02-DEL04-SC,2021
"371983,0",2021-07-21,quarta-feira,12:20:00,SC,101,"37,5",JOINVILLE,Demais falhas mecânicas ou elétricas,Incêndio,Sem Vítimas,Pleno dia,Crescente,Céu Claro,Dupla,Reta,Sim,1,0,0,0,1,0,0,1,-26.25050176,-48.90863867,SPRF-SC,DEL03-SC,UOP01-DEL03-SC,2021
"371994,0",2021-07-01,quinta-feira,13:30:00,SC,101,"41,5",JOINVILLE,Desrespeitar a preferência no cruzamento,Colisão transversal,Com Vítimas Feridas,Pleno dia,Crescente,Céu Claro,Dupla,Rotatória,Sim,2,0,1,0,1,0,1,2,-26.28215489,-48.88973081,SPRF-SC,DEL03-SC,UOP01-DEL03-SC,2021
"372019,0",2021-07-21,quarta-feira,17:00:00,SC,101,"138,3",BALNEARIO CAMBORIU,Acessar a via sem observar a presença dos outros veículos,Colisão frontal,Com Vítimas Feridas,Pleno dia,Decrescente,Céu Claro,Simples,Reta,Sim,2,0,1,0,1,0,1,2,-27.02397426,-48.60761649,SPRF-SC,DEL04-SC,UOP03-DEL04-SC,2021
"372033,0",2021-07-21,quarta-feira,14:25:00,SC,282,"531,9",CORDILHEIRA ALTA,Objeto estático sobre o leito carroçável,Queda de ocupante de veículo,Com Vítimas Feridas,Pleno dia,Crescente,Céu Claro,Simples,Curva,Não,1,0,1,0,0,0,1,1,-26.99689008,-52.61395454,SPRF-SC,DEL07-SC,UOP01-DEL07-SC,2021
"372042,0",2021-07-21,quarta-feira,19:15:00,SC,282,"3,6",FLORIANOPOLIS,Manobra de mudança de faixa,Colisão lateral mesmo sentido,Com Vítimas Feridas,Plena Noite,Crescente,Céu Claro,Múltipla,Reta,Sim,2,0,0,1,1,0,1,2,-27.600384,-48.599705,SPRF-SC,DEL01-SC,UOP01-DEL01-SC,2021
"372046,0",2021-07-21,quarta-feira,19:25:00,SC,470,"126,6",LONTRAS,Desrespeitar a preferência no cruzamento,Colisão transversal,Com Vítimas Feridas,Plena Noite,Decrescente,Céu Claro,Simples,Interseção de Vias,Não,2,0,1,1,0,0,2,2,-27.129,-49.538277,SPRF-SC,DEL04-SC,UOP02-DEL04-SC,2021
"372047,0",2021-07-21,quarta-feira,17:35:00,SC,280,"23,0",ARAQUARI,Ultrapassagem Indevida,Colisão transversal,Com Vítimas Feridas,Anoitecer,Decrescente,Céu Claro,Simples,Reta,Não,2,0,0,1,1,0,1,2,-26.37146,-48.711887,SPRF-SC,DEL03-SC,UOP03-DEL03-SC,2021
"372075,0",2021-07-21,quarta-feira,21:00:00,SC,101,"203,6",SAO JOSE,Ausência de reação do condutor,Saída de leito carroçável,Sem Vítimas,Plena Noite,Crescente,Céu Claro,Dupla,Reta,Sim,1,0,0,0,1,0,0,1,-27.5650044,-48.61460082,SPRF-SC,DEL01-SC,UOP01-DEL01-SC,2021
"372102,0",2021-07-21,quarta-feira,21:20:00,SC,116,"284,6",CAPAO ALTO,Manobra de mudança de faixa,Colisão transversal,Com Vítimas Feridas,Plena Noite,Decrescente,Céu Claro,Simples,Reta,Não,2,0,1,0,1,0,1,2,-28.071781,-50.57883399,SPRF-SC,DEL05-SC,UOP02-DEL05-SC,2021
"372131,0",2021-07-22,quinta-feira,08:20:00,SC,101,"121,9",ITAJAI,Manobra de mudança de faixa,Colisão lateral mesmo sentido,Com Vítimas Feridas,Pleno dia,Crescente,Sol,Dupla,Reta,Sim,3,0,1,0,2,0,1,2,-26.92103178,-48.70856446,SPRF-SC,DEL04-SC,UOP04-DEL04-SC,2021