id,data_inversa,dia_semana,horario,uf,br,km,municipio,causa_acidente,tipo_acidente,classificacao_acidente,fase_dia,sentido_via,condicao_metereologica,tipo_pista,tracado_via,uso_solo,pessoas,mortos,feridos_leves,feridos_graves,ilesos,ignorados,feridos,veiculos,latitude,longitude,regional,delegacia,uop,ano_arquivo
"372139,0",2021-07-22,quinta-feira,07:50:00,SC,101,"136,2",BALNEARIO CAMBORIU,Transitar no acostamento,Colisão lateral mesmo sentido,Com Vítimas Feridas,Pleno dia,Crescente,Céu Claro,Dupla,Reta,Sim,2,0,1,0,1,0,1,2,-27.008113,-48.617245,SPRF-SC,DEL04-SC,UOP03-DEL04-SC,2021
"372154,0",2021-07-22,quinta-feira,11:15:00,SC,282,"5,0",SAO JOSE,Condutor deixou de manter distância do veículo da frente,Colisão traseira,Com Vítimas Feridas,Pleno dia,Crescente,Sol,Dupla,Reta,Sim,2,0,1,0,1,0,1,2,-27.588425,-48.612919,SPRF-SC,DEL01-SC,UOP01-DEL01-SC,2021
"372175,0",2021-07-22,quinta-feira,14:00:00,SC,101,"214,0",PALHOCA,Mal súbito do condutor,Colisão traseira,Com Vítimas Feridas,Pleno dia,Decrescente,Céu Claro,Dupla,Reta,Sim,2,0,1,0,1,0,1,2,-27.64443,-48.67057,SPRF-SC,DEL01-SC,UOP02-DEL01-SC,2021
"372181,0",2021-07-22,quinta-feira,11:15:00,SC,470,"45,0",GASPAR,Desrespeitar a preferência no cruzamento,Colisão transversal,Com Vítimas Feridas,Pleno dia,Decrescente,Céu Claro,Simples,Reta,Não,2,0,1,0,1,0,1,2,-26.867064,-49.031109,SPRF-SC,DEL04-SC,UOP01-DEL04-SC,2021
"372238,0",2021-07-22,quinta-feira,18:30:00,SC,101,"325,0",CAPIVARI DE BAIXO,Reação tardia ou ineficiente do condutor,Saída de leito carroçável,Sem Vítimas,Plena Noite,Crescente,Céu Claro,Múltipla,Reta,Sim,1,0,0,0,1,0,0,1,-28.42516271,-48.93259193,SPRF-SC,DEL02-SC,UOP01-DEL02-SC,2021
"372259,0",2021-07-22,quinta-feira,23:05:00,SC,101,"136,0",BALNEARIO CAMBORIU,Acumulo de areia ou detritos sobre o pavimento,Tombamento,Com Vítimas Feridas,Plena Noite,Crescente,Céu Claro,Simples,Rotatória,Sim,1,0,0,1,0,0,1,1,-27.008113,-48.617245,SPRF-SC,DEL04-SC,UOP03-DEL04-SC,2021
"372262,0",2021-07-22,quinta-feira,23:50:00,SC,101,"121,2",ITAJAI,Ingestão de álcool pelo condutor,Colisão com objeto,Com Vítimas Feridas,Plena Noite,Crescente,Céu Claro,Dupla,Reta,Sim,1,0,1,0,0,0,1,1,-26.92103178,-48.70856446,SPRF-SC,DEL04-SC,UOP04-DEL04-SC,2021
"372278,0",2021-07-23,sexta-feira,04:10:00,SC,280,"51,5",GUARAMIRIM,Acessar a via sem observar a presença dos outros veículos,Colisão transversal,Com Vítimas Feridas,Plena Noite,Crescente,Ignorado,Dupla,Reta,Sim,3,0,2,1,0,0,3,2,-26.46538871,-48.95544449,SPRF-SC,DEL03-SC,UOP03-DEL03-SC,2021
"372294,0",2021-07-23,sexta-feira,05:50:00,SC,101,"146,3",ITAPEMA,Ingestão de álcool pelo condutor,Colisão traseira,Com Vítimas Feridas,Amanhecer,Crescente,Nublado,Dupla,Reta;Declive,Sim,3,0,0,1,2,0,1,2,-27.08666525,-48.60955587,SPRF-SC,DEL04-SC,UOP03-DEL04-SC,2021
"372316,0",2021-07-23,sexta-feira,09:00:00,SC,101,"7,5",GARUVA,Velocidade Incompatível,Colisão com objeto,Com Vítimas Feridas,Pleno dia,Decrescente,Céu Claro,Dupla,Reta,Sim,1,0,0,1,0,0,1,1,-26.03593,-48.860302,SPRF-SC,DEL03-SC,UOP01-DEL03-SC,2021
"372335,0",2021-07-23,sexta-feira,11:55:00,SC,470,"103,1",APIUNA,Acessar a via sem observar a presença dos outros veículos,Colisão transversal,Com Vítimas Feridas,Pleno dia,Crescente,Céu Claro,Simples,Curva,Não,4,0,0,1,3,0,1,2,-27.064796,-49.401424,SPRF-SC,DEL04-SC,UOP02-DEL04-SC,2021
"372346,0",2021-07-23,sexta-feira,12:35:00,SC,101,"200,2",SAO JOSE,Acessar a via sem observar a presença dos outros veículos,Colisão transversal,Com Vítimas Feridas,Pleno dia,Decrescente,Céu Claro,Dupla,Reta,Sim,2,0,1,0,1,0,1,2,-27.54018513,-48.62287714,SPRF-SC,DEL01-SC,UOP01-DEL01-SC,2021
"372387,0",2021-07-23,sexta-feira,16:33:00,SC,101,"338,6",TUBARAO,Condutor deixou de manter distância do veículo da frente,Saída de leito carroçável,Com Vítimas Feridas,Pleno dia,Crescente,Sol,Múltipla,Reta,Sim,9,0,6,0,2,1,6,3,-28.485725,-49.03726,SPRF-SC,DEL02-SC,UOP01-DEL02-SC,2021
"372391,0",2021-07-23,sexta-feira,17:10:00,SC,470,"58,6",BLUMENAU,Conversão proibida,Colisão lateral mesmo sentido,Com Vítimas Feridas,Pleno dia,Decrescente,Sol,Simples,Reta,Sim,2,0,1,0,1,0,1,2,-26.883879,-49.145622,SPRF-SC,DEL04-SC,UOP01-DEL04-SC,2021
"372396,0",2021-07-23,sexta-feira,17:10:00,SC,101,"149,0",ITAPEMA,Transitar na contramão,Colisão frontal,Sem Vítimas,Pleno dia,Decrescente,Céu Claro,Simples,Reta,Sim,2,0,0,0,2,0,0,2,-27.1089649,-48.61277586,SPRF-SC,DEL04-SC,UOP03-DEL04-SC,2021
"372398,0",2021-07-23,sexta-feira,12:25:00,SC,282,"624,9",IRACEMINHA,Condutor deixou de manter distância do veículo da frente,Saída de leito carroçável,Com Vítimas Feridas,Pleno dia,Crescente,Céu Claro,Simples,Reta;Declive,Não,2,0,1,0,1,0,1,1,-26.80112,-53.353383,SPRF-SC,DEL07-SC,UOP02-DEL07-SC,2021
"372401,0",2021-07-23,sexta-feira,18:00:00,SC,101,"142,0",BALNEARIO CAMBORIU,Manobra de mudança de faixa,Colisão traseira,Com Vítimas Feridas,Plena Noite,Crescente,Céu Claro,Simples,Curva,Não,2,0,1,0,1,0,1,2,-27.056089,-48.599449,SPRF-SC,DEL04-SC,UOP03-DEL04-SC,2021
"372405,0",2021-07-23,sexta-feira,16:10:00,SC,101,"103,8",BALNEARIO PICARRAS,Velocidade Incompatível,Colisão traseira,Com Vítimas Feridas,Pleno dia,Crescente,Céu Claro,Dupla,Reta,Não,5,0,0,1,4,0,1,2,-26.7832381,-48.68314632,SPRF-SC,DEL03-SC,UOP02-DEL03-SC,2021
"372414,0",2021-07-23,sexta-feira,18:40:00,SC,101,"211,6",PALHOCA,Ingestão de álcool pelo condutor,Colisão traseira,Sem Vítimas,Pleno dia,Decrescente,Céu Claro,Múltipla,Reta,Sim,2,0,0,0,2,0,0,2,-27.62329313,-48.65245588,SPRF-SC,DEL01-SC,UOP02-DEL01-SC,2021
"372417,0",2021-07-23,sexta-feira,18:35:00,SC,101,"324,2",CAPIVARI DE BAIXO,Ingestão de álcool pelo condutor,Saída de leito carroçável,Com Vítimas Feridas,Plena Noite,Decrescente,Céu Claro,Dupla,Reta,Não,2,0,2,0,0,0,2,1,-28.42890047,-48.92285509,SPRF-SC,DEL02-SC,UOP01-DEL02-SC,2021
"372428,0",2021-07-23,sexta-feira,20:00:00,SC,101,"400,4",MARACAJA,Desrespeitar a preferência no cruzamento,Colisão transversal,Com Vítimas Feridas,Plena Noite,Decrescente,Ignorado,Simples,Reta,Sim,2,0,1,0,1,0,1,2,-28.86752642,-49.44980621,SPRF-SC,DEL02-SC,UOP02-DEL02-SC,2021
"372442,0",2021-07-23,sexta-feira,18:30:00,SC,280,"22,5",ARAQUARI,Manobra de mudança de faixa,Colisão frontal,Com Vítimas Feridas,Anoitecer,Decrescente,Céu Claro,Simples,Reta,Sim,2,0,1,0,1,0,1,2,-26.37092616,-48.70204099,SPRF-SC,DEL03-SC,UOP03-DEL03-SC,2021
"372450,0",2021-07-23,sexta-feira,20:30:00,SC,163,"70,0",SAO MIGUEL DO OESTE,Desrespeitar a preferência no cruzamento,Colisão transversal,Com Vítimas Feridas,Plena Noite,Crescente,Céu Claro,Dupla,Aclive;Reta;Interseção de Vias,Sim,2,0,0,1,1,0,1,2,-26.73472585,-53.50655079,SPRF-SC,DEL07-SC,UOP03-DEL07-SC,2021
"372451,0",2021-07-23,sexta-feira,21:50:00,SC,101,"154,8",PORTO BELO,Manobra de mudança de faixa,Capotamento,Com Vítimas Feridas,Plena Noite,Decrescente,Nublado,Múltipla,Reta,Não,2,0,2,0,0,0,2,1,-27.153819,-48.61086393,SPRF-SC,DEL04-SC,UOP03-DEL04-SC,2021
"372454,0",2021-07-23,sexta-feira,22:00:00,SC,101,"435,0",SOMBRIO,Condutor deixou de manter distância do veículo da frente,Colisão lateral mesmo sentido,Com Vítimas Feridas,Plena Noite,Crescente,Céu Claro,Simples,Interseção de Vias,Sim,3,0,1,0,2,0,1,2,-29.11113209,-49.63867664,SPRF-SC,DEL02-SC,UOP02-DEL02-SC,2021
"372458,0",2021-07-23,sexta-feira,20:45:00,SC,101,"121,5",ITAJAI,Reação tardia ou ineficiente do condutor,Engavetamento,Com Vítimas Feridas,Pleno dia,Decrescente,Céu Claro,Dupla,Reta,Não,3,0,2,0,1,0,2,2,-26.92103178,-48.70856446,SPRF-SC,DEL04-SC,UOP04-DEL04-SC,2021
"372468,0",2021-07-23,sexta-feira,19:20:00,SC,470,"4,2",NAVEGANTES,Reação tardia ou ineficiente do condutor,Tombamento,Com Vítimas Feridas,Plena Noite,Crescente,Nublado,Dupla,Desvio Temporário;Reta;Em Obras,Sim,2,0,2,0,0,0,2,1,-26.858473,-48.690788,SPRF-SC,DEL04-SC,UOP04-DEL04-SC,2021
"372478,0",2021-07-24,sábado,02:29:00,SC,101,"226,0",PALHOCA,Ingestão de álcool e/ou substâncias psicoativas pelo pedestre,Capotamento,Sem Vítimas,Plena Noite,Decrescente,Céu Claro,Dupla,Reta,Não,1,0,0,0,1,0,0,1,-27.74200001,-48.63806504,SPRF-SC,DEL01-SC,UOP02-DEL01-SC,2021
"372481,0",2021-07-24,sábado,02:17:00,SC,101,"160,8",TIJUCAS,Iluminação deficiente,Colisão com objeto,Sem Vítimas,Plena Noite,Decrescente,Nublado,Múltipla,Reta,Não,1,0,0,0,1,0,0,1,-27.20831288,-48.61987922,SPRF-SC,DEL04-SC,UOP03-DEL04-SC,2021
"372497,0",2021-07-24,sábado,05:10:00,SC,470,"36,6",GASPAR,Ingestão de álcool pelo condutor,Colisão com objeto,Com Vítimas Feridas,Plena Noite,Decrescente,Céu Claro,Simples,Em Obras;Curva,Não,1,0,1,0,0,0,1,1,-26.91322039,-48.9776631,SPRF-SC,DEL04-SC,UOP01-DEL04-SC,2021
"372503,0",2021-07-24,sábado,04:00:00,SC,470,"153,2",AGRONOMICA,Reação tardia ou ineficiente do condutor,Colisão lateral sentido oposto,Com Vítimas Feridas,Amanhecer,Crescente,Nublado,Simples,Curva,Não,3,0,1,0,0,2,1,3,-27.27656418,-49.74133015,SPRF-SC,DEL04-SC,UOP02-DEL04-SC,2021
"372508,0",2021-07-24,sábado,06:05:00,SC,101,"120,7",ITAJAI,Ingestão de álcool pelo condutor,Saída de leito carroçável,Sem Vítimas,Amanhecer,Decrescente,Nublado,Dupla,Reta,Não,1,0,0,0,1,0,0,1,-26.912758,-48.711998,SPRF-SC,DEL04-SC,UOP04-DEL04-SC,2021
"372513,0",2021-07-24,sábado,07:10:00,SC,470,"33,1",GASPAR,Reação tardia ou ineficiente do condutor,Saída de leito carroçável,Com Vítimas Feridas,Pleno dia,Crescente,Sol,Dupla,Reta,Sim,5,0,4,1,0,0,5,1,-26.906223,-48.940575,SPRF-SC,DEL04-SC,UOP01-DEL04-SC,2021
"372520,0",2021-06-14,segunda-feira,11:00:00,SC,101,"113,3",ITAJAI,Demais Fenômenos da natureza,Colisão com objeto,Com Vítimas Feridas,Pleno dia,Crescente,Ignorado,Dupla,Reta,Sim,1,0,1,0,0,0,1,1,-26.85586805,-48.72736042,SPRF-SC,DEL04-SC,UOP04-DEL04-SC,2021
"372527,0",2021-07-24,sábado,06:25:00,SC,282,"414,9",CATANDUVAS,Condutor deixou de manter distância do veículo da frente,Colisão traseira,Sem Vítimas,Plena Noite,Decrescente,Ignorado,Simples,Reta,Não,2,0,0,0,2,0,0,2,-27.04714,-51.704704,SPRF-SC,DEL07-SC,UOP05-DEL07-SC,2021
"372530,0",2021-07-24,sábado,05:30:00,SC,101,"126,0",ITAJAI,Ingestão de álcool pelo condutor,Colisão traseira,Com Vítimas Feridas,Amanhecer,Crescente,Céu Claro,Dupla,Reta,Não,2,0,1,0,1,0,1,2,-26.95564404,-48.67978366,SPRF-SC,DEL04-SC,UOP04-DEL04-SC,2021
"372532,0",2021-07-24,sábado,08:50:00,SC,101,"222,7",PALHOCA,Reação tardia ou ineficiente do condutor,Colisão com objeto,Com Vítimas Feridas,Pleno dia,Crescente,Céu Claro,Dupla,Reta;Declive,Não,2,0,2,0,0,0,2,1,-27.71367907,-48.65022898,SPRF-SC,DEL01-SC,UOP02-DEL01-SC,2021
"372542,0",2021-07-24,sábado,10:21:00,SC,101,"123,0",ITAJAI,Frear bruscamente,Queda de ocupante de veículo,Com Vítimas Feridas,Pleno dia,Crescente,Céu Claro,Dupla,Viaduto,Não,1,0,1,0,0,0,1,1,-26.93668609,-48.69876905,SPRF-SC,DEL04-SC,UOP04-DEL04-SC,2021
"372553,0",2021-07-24,sábado,11:15:00,SC,101,"84,0",BARRA VELHA,Ingestão de álcool pelo condutor,Colisão com objeto,Sem Vítimas,Pleno dia,Decrescente,Sol,Dupla,Reta,Não,1,0,0,0,1,0,0,1,-26.62404682,-48.71394986,SPRF-SC,DEL03-SC,UOP02-DEL03-SC,2021
"372555,0",2021-07-24,sábado,10:00:00,SC,101,"6,3",GARUVA,Ingestão de álcool e/ou substâncias psicoativas pelo pedestre,Saída de leito carroçável,Com Vítimas Feridas,Pleno dia,Crescente,Céu Claro,Dupla,Reta,Sim,4,0,1,0,3,0,1,1,-26.02692002,-48.86142017,SPRF-SC,DEL03-SC,UOP01-DEL03-SC,2021
"372556,0",2021-07-24,sábado,11:25:00,SC,101,"194,0",BIGUACU,Desrespeitar a preferência no cruzamento,Queda de ocupante de veículo,Com Vítimas Feridas,Pleno dia,Crescente,Céu Claro,Simples,Viaduto,Sim,3,0,1,0,1,1,1,3,-27.49815117,-48.65661236,SPRF-SC,DEL01-SC,UOP01-DEL01-SC,2021
"372569,0",2021-07-24,sábado,01:00:00,SC,282,"26,7",SANTO AMARO DA IMPERATRIZ,Condutor Dormindo,Saída de leito carroçável,Sem Vítimas,Plena Noite,Decrescente,Céu Claro,Simples,Reta,Sim,1,0,0,0,1,0,0,1,-27.680267,-48.762482,SPRF-SC,DEL01-SC,UOP03-DEL01-SC,2021
"372581,0",2021-07-24,sábado,13:20:00,SC,282,"69,0",RANCHO QUEIMADO,Velocidade Incompatível,Saída de leito carroçável,Sem Vítimas,Pleno dia,Decrescente,Céu Claro,Simples,Curva,Não,1,0,0,0,1,0,0,1,-27.690144,-49.083813,SPRF-SC,DEL01-SC,UOP03-DEL01-SC,2021
"372584,0",2021-07-24,sábado,13:10:00,SC,101,"206,0",SAO JOSE,Reação tardia ou ineficiente do condutor,Colisão traseira,Com Vítimas Feridas,Pleno dia,Decrescente,Sol,Múltipla,Reta,Sim,3,0,1,0,2,0,1,2,-27.59762724,-48.62033844,SPRF-SC,DEL01-SC,UOP01-DEL01-SC,2021
"372589,0",2021-07-24,sábado,14:20:00,SC,101,"210,0",SAO JOSE,Condutor deixou de manter distância do veículo da frente,Colisão traseira,Com Vítimas Feridas,Pleno dia,Decrescente,Céu Claro,Simples,Reta,Sim,3,0,2,0,1,0,2,2,-27.6167305,-48.6457265,SPRF-SC,DEL01-SC,UOP01-DEL01-SC,2021
"372597,0",2021-07-24,sábado,15:45:00,SC,470,"100,1",APIUNA,Ultrapassagem Indevida,Colisão lateral mesmo sentido,Com Vítimas Feridas,Pleno dia,Crescente,Sol,Simples,Curva,Não,3,0,2,0,1,0,2,2,-27.045143,-49.394142,SPRF-SC,DEL04-SC,UOP02-DEL04-SC,2021
"372603,0",2021-07-24,sábado,15:30:00,SC,101,"87,5",BARRA VELHA,Ingestão de álcool e/ou substâncias psicoativas pelo pedestre,Colisão frontal,Com Vítimas Feridas,Pleno dia,Decrescente,Céu Claro,Dupla,Curva,Sim,2,0,1,0,1,0,1,2,-26.645027,-48.687651,SPRF-SC,DEL03-SC,UOP02-DEL03-SC,2021
"372607,0",2021-07-24,sábado,13:55:00,SC,101,"27,3",JOINVILLE,Acessar a via sem observar a presença dos outros veículos,Colisão lateral mesmo sentido,Com Vítimas Feridas,Pleno dia,Crescente,Sol,Dupla,Interseção de Vias,Sim,4,0,2,0,2,0,2,2,-26.20130351,-48.91331794,SPRF-SC,DEL03-SC,UOP01-DEL03-SC,2021
"372609,0",2021-07-24,sábado,16:45:00,SC,101,"119,1",ITAJAI,Trafegar com motocicleta (ou similar) entre as faixas,Colisão lateral mesmo sentido,Com Vítimas Feridas,Pleno dia,Crescente,Céu Claro,Múltipla,Reta,Não,3,0,2,0,1,0,2,2,-26.9043179,-48.71555481,SPRF-SC,DEL04-SC,UOP04-DEL04-SC,2021
"372615,0",2021-07-24,sábado,17:10:00,SC,101,"156,0",PORTO BELO,Ausência de reação do condutor,Saída de leito carroçável,Sem Vítimas,Pleno dia,Decrescente,Céu Claro,Dupla,Reta,Não,1,0,0,0,1,0,0,1,-27.172272,-48.61170204,SPRF-SC,DEL04-SC,UOP03-DEL04-SC,2021
"372637,0",2021-07-24,sábado,17:00:00,SC,101,"119,1",ITAJAI,Condutor deixou de manter distância do veículo da frente,Colisão traseira,Com Vítimas Feridas,Pleno dia,Crescente,Céu Claro,Múltipla,Reta,Não,2,0,1,0,1,0,1,2,-26.9043179,-48.71555481,SPRF-SC,DEL04-SC,UOP04-DEL04-SC,2021
"372638,0",2021-07-24,sábado,18:55:00,SC,101,"112,0",ITAJAI,Ingestão de álcool pelo condutor,Colisão com objeto,Sem Vítimas,Anoitecer,Decrescente,Céu Claro,Dupla,Ponte,Não,1,0,0,0,1,0,0,1,-26.84589005,-48.72131295,SPRF-SC,DEL04-SC,UOP04-DEL04-SC,2021
"372642,0",2021-07-24,sábado,18:50:00,SC,101,"47,5",JOINVILLE,Reação tardia ou ineficiente do condutor,Tombamento,Com Vítimas Feridas,Amanhecer,Crescente,Céu Claro,Dupla,Reta,Sim,1,0,1,0,0,0,1,1,-26.34234997,-48.85840089,SPRF-SC,DEL03-SC,UOP01-DEL03-SC,2021
"372648,0",2021-07-24,sábado,20:00:00,SC,470,"40,0",GASPAR,Ingestão de álcool pelo condutor,Colisão com objeto,Sem Vítimas,Plena Noite,Crescente,Nublado,Simples,Em Obras;Reta;Interseção de Vias,Não,1,0,0,0,1,0,0,1,-26.889574,-48.99094,SPRF-SC,DEL04-SC,UOP01-DEL04-SC,2021
"372662,0",2021-07-24,sábado,19:45:00,SC,101,"331,0",TUBARAO,Reação tardia ou ineficiente do condutor,Saída de leito carroçável,Com Vítimas Feridas,Plena Noite,Crescente,Ignorado,Dupla,Curva,Não,2,0,1,0,1,0,1,1,-28.45567521,-48.9812689,SPRF-SC,DEL02-SC,UOP01-DEL02-SC,2021
"372665,0",2021-07-24,sábado,20:00:00,SC,470,"5,0",NAVEGANTES,Ingestão de álcool pelo condutor,Colisão com objeto,Sem Vítimas,Plena Noite,Crescente,Céu Claro,Simples,Reta,Sim,1,0,0,0,1,0,0,1,-26.855688,-48.700333,SPRF-SC,DEL04-SC,UOP04-DEL04-SC,2021
"372676,0",2021-07-24,sábado,21:25:00,SC,101,"89,3",BARRA VELHA,Ingestão de álcool pelo condutor,Saída de leito carroçável,Sem Vítimas,Plena Noite,Decrescente,Nublado,Dupla,Reta,Sim,1,0,0,0,1,0,0,1,-26.66199508,-48.68865967,SPRF-SC,DEL03-SC,UOP02-DEL03-SC,2021
"372679,0",2021-07-24,sábado,21:20:00,SC,101,"134,1",BALNEARIO CAMBORIU,Reação tardia ou ineficiente do condutor,Colisão com objeto,Sem Vítimas,Plena Noite,Crescente,Céu Claro,Simples,Reta,Sim,1,0,0,0,1,0,0,1,-27.00218,-48.636433,SPRF-SC,DEL04-SC,UOP03-DEL04-SC,2021
"372690,0",2021-07-24,sábado,18:30:00,SC,282,"563,4",NOVA ERECHIM,Manobra de mudança de faixa,Colisão lateral mesmo sentido,Com Vítimas Feridas,Anoitecer,Crescente,Céu Claro,Dupla,Reta;Aclive,Não,2,0,0,1,1,0,1,2,-26.902191,-52.868835,SPRF-SC,DEL07-SC,UOP02-DEL07-SC,2021
"372701,0",2021-07-24,sábado,23:15:00,SC,101,"331,2",TUBARAO,Reação tardia ou ineficiente do condutor,Saída de leito carroçável,Com Vítimas Feridas,Plena Noite,Crescente,Céu Claro,Dupla,Curva,Não,4,0,2,1,1,0,3,1,-28.45567521,-48.9812689,SPRF-SC,DEL02-SC,UOP01-DEL02-SC,2021
"372702,0",2021-07-24,sábado,18:10:00,SC,280,"251,0",CANOINHAS,Condutor Dormindo,Saída de leito carroçável,Com Vítimas Feridas,Plena Noite,Crescente,Céu Claro,Simples,Reta,Não,1,0,1,0,0,0,1,1,-26.25669092,-50.55239702,SPRF-SC,DEL06-SC,UOP04-DEL06-SC,2021
"372704,0",2021-07-24,sábado,15:50:00,SC,116,"18,9",MAFRA,Condutor Dormindo,Saída de leito carroçável,Com Vítimas Feridas,Pleno dia,Decrescente,Céu Claro,Simples,Declive,Não,2,0,2,0,0,0,2,1,-26.22553498,-49.89348004,SPRF-SC,DEL06-SC,UOP01-DEL06-SC,2021
"372706,0",2021-07-25,domingo,00:00:00,SC,101,"203,1",SAO JOSE,Ingestão de álcool pelo condutor,Colisão com objeto,Sem Vítimas,Plena Noite,Decrescente,Céu Claro,Múltipla,Curva;Aclive;Viaduto,Sim,1,0,0,0,1,0,0,1,-27.56617456,-48.61409962,SPRF-SC,DEL01-SC,UOP01-DEL01-SC,2021
"372718,0",2021-07-24,sábado,23:00:00,SC,470,"166,3",POUSO REDONDO,Ingestão de álcool pelo condutor,Colisão traseira,Sem Vítimas,Plena Noite,Crescente,Nevoeiro/Neblina,Simples,Interseção de Vias,Não,2,0,0,0,2,0,0,2,-27.275208,-49.855125,SPRF-SC,DEL04-SC,UOP02-DEL04-SC,2021
"372728,0",2021-07-25,domingo,00:40:00,SC,480,"126,3",CHAPECO,Desrespeitar a preferência no cruzamento,Colisão transversal,Sem Vítimas,Pleno dia,Crescente,Céu Claro,Simples,Declive;Interseção de Vias;Reta,Não,2,0,0,0,2,0,0,2,-27.020083,-52.636024,SPRF-SC,DEL07-SC,UOP01-DEL07-SC,2021
"372730,0",2021-07-25,domingo,02:17:00,SC,101,"216,5",PALHOCA,Desrespeitar a preferência no cruzamento,Colisão transversal,Com Vítimas Feridas,Plena Noite,Crescente,Céu Claro,Dupla,Interseção de Vias,Sim,2,0,1,0,1,0,1,2,-27.65981409,-48.67747798,SPRF-SC,DEL01-SC,UOP02-DEL01-SC,2021
"372740,0",2021-07-25,domingo,02:45:00,SC,470,"48,1",BLUMENAU,Reação tardia ou ineficiente do condutor,Colisão com objeto,Com Vítimas Fatais,Plena Noite,Crescente,Nublado,Simples,Curva;Desvio Temporário;Em Obras,Sim,1,1,0,0,0,0,0,1,-26.859823,-49.055393,SPRF-SC,DEL04-SC,UOP01-DEL04-SC,2021
"372744,0",2021-07-25,domingo,03:55:00,SC,470,"57,5",BLUMENAU,Velocidade Incompatível,Capotamento,Sem Vítimas,Plena Noite,Crescente,Nublado,Simples,Rotatória,Sim,1,0,0,0,1,0,0,1,-26.880428,-49.136532,SPRF-SC,DEL04-SC,UOP01-DEL04-SC,2021
"372754,0",2021-07-25,domingo,04:15:00,SC,470,"66,4",INDAIAL,Ausência de sinalização,Saída de leito carroçável,Com Vítimas Feridas,Plena Noite,Decrescente,Nublado,Simples,Em Obras;Rotatória,Não,1,0,0,1,0,0,1,1,-26.870407,-49.221844,SPRF-SC,DEL04-SC,UOP01-DEL04-SC,2021
"372756,0",2021-07-25,domingo,04:20:00,SC,101,"321,0",CAPIVARI DE BAIXO,Reação tardia ou ineficiente do condutor,Saída de leito carroçável,Sem Vítimas,Plena Noite,Decrescente,Ignorado,Dupla,Reta,Não,1,0,0,0,1,0,0,1,-28.42532339,-48.8919091,SPRF-SC,DEL02-SC,UOP01-DEL02-SC,2021
"372760,0",2021-07-24,sábado,23:00:00,SC,101,"290,0",IMBITUBA,Reação tardia ou ineficiente do condutor,Colisão traseira,Com Vítimas Feridas,Plena Noite,Crescente,Céu Claro,Dupla,Reta,Sim,3,0,1,0,2,0,1,2,-28.26202477,-48.70403355,SPRF-SC,DEL02-SC,UOP03-DEL02-SC,2021
"372767,0",2021-07-25,domingo,04:15:00,SC,101,"111,0",NAVEGANTES,Ingestão de álcool pelo condutor,Colisão com objeto,Sem Vítimas,Plena Noite,Decrescente,Céu Claro,Dupla,Curva,Sim,1,0,0,0,0,1,0,1,-26.83955734,-48.71418074,SPRF-SC,DEL04-SC,UOP04-DEL04-SC,2021
"372770,0",2021-07-25,domingo,05:50:00,SC,280,"142,9",RIO NEGRINHO,Condutor Dormindo,Capotamento,Sem Vítimas,Amanhecer,Decrescente,Sol,Simples,Reta,Não,1,0,0,0,1,0,0,1,-26.25076506,-49.62912012,SPRF-SC,DEL06-SC,UOP03-DEL06-SC,2021
"372771,0",2021-07-25,domingo,05:45:00,SC,470,"145,1",RIO DO SUL,Ingestão de álcool pelo condutor,Saída de leito carroçável,Com Vítimas Feridas,Plena Noite,Crescente,Garoa/Chuvisco,Simples,Curva,Não,1,0,1,0,0,0,1,1,-27.237301,-49.682217,SPRF-SC,DEL04-SC,UOP02-DEL04-SC,2021
"372779,0",2021-07-25,domingo,07:20:00,SC,101,"136,0",BALNEARIO CAMBORIU,Reação tardia ou ineficiente do condutor,Tombamento,Com Vítimas Feridas,Pleno dia,Crescente,Nublado,Dupla,Reta,Sim,1,0,1,0,0,0,1,1,-27.008113,-48.617245,SPRF-SC,DEL04-SC,UOP03-DEL04-SC,2021
"372781,0",2021-07-25,domingo,07:00:00,SC,282,"530,3",CORDILHEIRA ALTA,Ingestão de álcool pelo condutor,Saída de leito carroçável,Com Vítimas Feridas,Pleno dia,Decrescente,Céu Claro,Simples,Reta,Não,2,0,0,2,0,0,2,1,-26.986555,-52.60524,SPRF-SC,DEL07-SC,UOP01-DEL07-SC,2021
"372805,0",2021-07-25,domingo,10:30:00,SC,470,"1,3",NAVEGANTES,Ausência de reação do condutor,Colisão transversal,Com Vítimas Feridas,Pleno dia,Crescente,Nublado,Simples,Reta,Não,3,0,1,1,1,0,2,2,-26.875383,-48.668285,SPRF-SC,DEL04-SC,UOP04-DEL04-SC,2021
"372814,0",2021-07-25,domingo,06:00:00,SC,470,"177,0",POUSO REDONDO,Velocidade Incompatível,Saída de leito carroçável,Sem Vítimas,Pleno dia,Crescente,Nevoeiro/Neblina,Simples,Rotatória,Sim,1,0,0,0,0,1,0,1,-27.251858,-49.958,SPRF-SC,DEL04-SC,UOP02-DEL04-SC,2021
"372815,0",2021-07-25,domingo,11:00:00,SC,470,"192,2",POUSO REDONDO,Transitar no acostamento,Colisão traseira,Sem Vítimas,Pleno dia,Crescente,Sol,Simples,Reta,Sim,2,0,0,0,2,0,0,2,-27.293324,-50.078678,SPRF-SC,DEL04-SC,UOP02-DEL04-SC,2021
"372849,0",2021-07-25,domingo,08:00:00,SC,101,"321,0",PESCARIA BRAVA,Ingestão de álcool pelo condutor,Saída de leito carroçável,Com Vítimas Feridas,Pleno dia,Decrescente,Céu Claro,Dupla,Reta,Não,1,0,1,0,0,0,1,1,-28.42532339,-48.8919091,SPRF-SC,DEL02-SC,UOP01-DEL02-SC,2021