id,data_inversa,dia_semana,horario,uf,br,km,municipio,causa_acidente,tipo_acidente,classificacao_acidente,fase_dia,sentido_via,condicao_metereologica,tipo_pista,tracado_via,uso_solo,pessoas,mortos,feridos_leves,feridos_graves,ilesos,ignorados,feridos,veiculos,latitude,longitude,regional,delegacia,uop,ano_arquivo
"373874,0",2021-07-30,sexta-feira,18:45:00,SC,101,"203,2",SAO JOSE,Desrespeitar a preferência no cruzamento,Atropelamento de Pedestre,Com Vítimas Feridas,Anoitecer,Decrescente,Céu Claro,Dupla,Reta,Sim,2,0,0,1,1,0,1,2,-27.5650044,-48.61460082,SPRF-SC,DEL01-SC,UOP01-DEL01-SC,2021
"373889,0",2021-07-30,sexta-feira,19:20:00,SC,280,"54,9",GUARAMIRIM,Pedestre cruzava a pista fora da faixa,Atropelamento de Pedestre,Com Vítimas Feridas,Plena Noite,Decrescente,Céu Claro,Dupla,Reta,Sim,2,0,0,1,1,0,1,2,-26.47539893,-48.983748,SPRF-SC,DEL03-SC,UOP03-DEL03-SC,2021
"373894,0",2021-07-30,sexta-feira,19:35:00,SC,101,"113,3",ITAJAI,Reação tardia ou ineficiente do condutor,Queda de ocupante de veículo,Com Vítimas Feridas,Plena Noite,Decrescente,Céu Claro,Múltipla,Reta,Não,1,0,1,0,0,0,1,1,-26.85311393,-48.72689927,SPRF-SC,DEL04-SC,UOP04-DEL04-SC,2021
"373902,0",2021-07-30,sexta-feira,20:50:00,SC,101,"416,0",ARARANGUA,Desrespeitar a preferência no cruzamento,Colisão frontal,Com Vítimas Feridas,Plena Noite,Decrescente,Céu Claro,Simples,Interseção de Vias;Reta,Sim,2,0,0,1,1,0,1,2,-28.96708874,-49.52338825,SPRF-SC,DEL02-SC,UOP02-DEL02-SC,2021
"373911,0",2021-07-30,sexta-feira,18:00:00,SC,470,"63,0",BLUMENAU,Demais falhas mecânicas ou elétricas,Incêndio,Sem Vítimas,Plena Noite,Crescente,Céu Claro,Simples,Reta,Não,2,0,0,0,2,0,0,1,-26.872396,-49.19228,SPRF-SC,DEL04-SC,UOP01-DEL04-SC,2021
"373912,0",2021-07-30,sexta-feira,18:15:00,SC,470,"70,0",INDAIAL,Retorno proibido,Colisão lateral mesmo sentido,Com Vítimas Feridas,Plena Noite,Decrescente,Nublado,Simples,Reta,Não,2,0,1,0,1,0,1,2,-26.889374,-49.254478,SPRF-SC,DEL04-SC,UOP01-DEL04-SC,2021
"373923,0",2021-07-30,sexta-feira,22:45:00,SC,470,"123,3",IBIRAMA,Ingestão de álcool pelo condutor,Saída de leito carroçável,Sem Vítimas,Plena Noite,Decrescente,Céu Claro,Simples,Reta;Declive,Sim,1,0,0,0,1,0,0,1,-27.106783,-49.522049,SPRF-SC,DEL04-SC,UOP02-DEL04-SC,2021
"373924,0",2021-07-30,sexta-feira,22:49:00,SC,101,"201,7",SAO JOSE,Ausência de reação do condutor,Colisão com objeto,Sem Vítimas,Plena Noite,Crescente,Céu Claro,Múltipla,Reta,Não,1,0,0,0,0,1,0,1,-27.54836599,-48.61977975,SPRF-SC,DEL01-SC,UOP01-DEL01-SC,2021
"373928,0",2021-07-30,sexta-feira,20:45:00,SC,282,"102,9",ALFREDO WAGNER,Ultrapassagem Indevida,Colisão frontal,Com Vítimas Feridas,Plena Noite,Crescente,Céu Claro,Simples,Reta,Não,5,0,1,2,2,0,3,2,-27.694818,-49.314419,SPRF-SC,DEL01-SC,UOP03-DEL01-SC,2021
"373946,0",2021-07-31,sábado,01:50:00,SC,101,"133,8",BALNEARIO CAMBORIU,Velocidade Incompatível,Colisão com objeto,Sem Vítimas,Plena Noite,Crescente,Céu Claro,Múltipla,Interseção de Vias,Sim,1,0,0,0,0,1,0,1,-26.99936,-48.64609,SPRF-SC,DEL04-SC,UOP03-DEL04-SC,2021
"373949,0",2021-07-31,sábado,02:45:00,SC,101,"404,3",ARARANGUA,Ingestão de álcool e/ou substâncias psicoativas pelo pedestre,Colisão traseira,Sem Vítimas,Plena Noite,Crescente,Céu Claro,Dupla,Reta,Não,2,0,0,0,2,0,0,2,-28.87801417,-49.45745479,SPRF-SC,DEL02-SC,UOP02-DEL02-SC,2021
"373960,0",2021-07-31,sábado,05:30:00,SC,470,"7,5",ITAJAI,Transitar na contramão,Colisão frontal,Com Vítimas Feridas,Amanhecer,Crescente,Céu Claro,Simples,Aclive,Não,2,0,0,2,0,0,2,2,-26.84499,-48.71505,SPRF-SC,DEL04-SC,UOP04-DEL04-SC,2021
"373968,0",2021-07-31,sábado,07:20:00,SC,101,"215,6",PALHOCA,Transitar na contramão,Colisão frontal,Com Vítimas Feridas,Pleno dia,Crescente,Céu Claro,Múltipla,Reta,Sim,2,0,1,1,0,0,2,2,-27.65184843,-48.67604941,SPRF-SC,DEL01-SC,UOP02-DEL01-SC,2021
"373972,0",2021-07-31,sábado,00:45:00,SC,116,"5,0",MAFRA,Acessar a via sem observar a presença dos outros veículos,Saída de leito carroçável,Com Vítimas Feridas,Plena Noite,Crescente,Vento,Simples,Interseção de Vias,Sim,1,0,1,0,0,0,1,1,-26.14094396,-49.81508303,SPRF-SC,DEL06-SC,UOP01-DEL06-SC,2021
"373981,0",2021-07-31,sábado,03:55:00,SC,158,"124,6",SAO LOURENCO DO OESTE,Reação tardia ou ineficiente do condutor,Atropelamento de Pedestre,Com Vítimas Feridas,Plena Noite,Decrescente,Céu Claro,Simples,Reta,Não,2,0,0,1,1,0,1,2,-26.42579393,-52.94661402,SPRF-SC,DEL07-SC,UOP02-DEL07-SC,2021
"374005,0",2021-07-31,sábado,11:10:00,SC,101,"215,0",PALHOCA,Mal súbito do condutor,Colisão lateral mesmo sentido,Com Vítimas Feridas,Pleno dia,Crescente,Chuva,Simples,Reta,Não,2,0,1,0,1,0,1,2,-27.65184843,-48.67604941,SPRF-SC,DEL01-SC,UOP02-DEL01-SC,2021
"374020,0",2021-07-31,sábado,09:30:00,SC,282,"308,3",VARGEM,Velocidade Incompatível,Tombamento,Com Vítimas Feridas,Pleno dia,Crescente,Céu Claro,Simples,Curva,Não,5,0,5,0,0,0,5,1,-27.49292,-50.971973,SPRF-SC,DEL07-SC,UOP06-DEL07-SC,2021
"374022,0",2021-07-31,sábado,12:50:00,SC,101,"43,6",JOINVILLE,Acessar a via sem observar a presença dos outros veículos,Colisão com objeto,Com Vítimas Feridas,Pleno dia,Crescente,Sol,Simples,Viaduto;Interseção de Vias,Sim,4,0,1,0,2,1,1,4,-26.30357106,-48.88225609,SPRF-SC,DEL03-SC,UOP01-DEL03-SC,2021
"374026,0",2021-07-31,sábado,13:20:00,SC,116,"246,0",LAGES,Desrespeitar a preferência no cruzamento,Colisão transversal,Com Vítimas Feridas,Pleno dia,Crescente,Sol,Simples,Interseção de Vias,Sim,3,0,1,0,2,0,1,2,-27.79988904,-50.36335252,SPRF-SC,DEL05-SC,UOP02-DEL05-SC,2021
"374028,0",2021-07-10,sábado,13:00:00,SC,101,"135,0",BALNEARIO CAMBORIU,Manobra de mudança de faixa,Colisão lateral mesmo sentido,Com Vítimas Feridas,Pleno dia,Crescente,Sol,Múltipla,Reta,Sim,2,0,1,0,1,0,1,2,-27.0050108,-48.62677494,SPRF-SC,DEL04-SC,UOP03-DEL04-SC,2021
"374035,0",2021-07-11,domingo,03:15:00,SC,101,"135,0",BALNEARIO CAMBORIU,Ingestão de álcool pelo condutor,Colisão traseira,Com Vítimas Feridas,Plena Noite,Crescente,Céu Claro,Dupla,Reta,Sim,4,0,2,0,2,0,2,3,-27.0050108,-48.62677494,SPRF-SC,DEL04-SC,UOP03-DEL04-SC,2021
"374045,0",2021-07-31,sábado,15:00:00,SC,101,"289,5",IMBITUBA,Reação tardia ou ineficiente do condutor,Colisão traseira,Com Vítimas Fatais,Pleno dia,Decrescente,Céu Claro,Dupla,Curva,Não,4,1,0,1,1,1,1,3,-28.2778716,-48.70016098,SPRF-SC,DEL02-SC,UOP03-DEL02-SC,2021
"374047,0",2021-07-31,sábado,15:18:00,SC,101,"112,0",ITAJAI,Ingestão de álcool pelo condutor,Colisão traseira,Com Vítimas Feridas,Pleno dia,Decrescente,Céu Claro,Dupla,Reta,Não,3,0,1,0,2,0,1,3,-26.84589005,-48.72131295,SPRF-SC,DEL04-SC,UOP04-DEL04-SC,2021
"374064,0",2021-07-31,sábado,16:20:00,SC,282,"259,8",SAO JOSE DO CERRITO,Ingestão de álcool pelo condutor,Colisão transversal,Com Vítimas Feridas,Pleno dia,Crescente,Céu Claro,Simples,Interseção de Vias,Não,3,0,0,1,2,0,1,2,-27.64990779,-50.59417118,SPRF-SC,DEL05-SC,UOP02-DEL05-SC,2021
"374067,0",2021-07-31,sábado,17:15:00,SC,101,"399,7",MARACAJA,Ingestão de álcool pelo condutor,Colisão frontal,Com Vítimas Feridas,Anoitecer,Decrescente,Nublado,Simples,Curva,Sim,2,0,0,1,1,0,1,2,-28.84171475,-49.42814418,SPRF-SC,DEL02-SC,UOP02-DEL02-SC,2021
"374071,0",2021-07-31,sábado,17:40:00,SC,470,"8,5",NAVEGANTES,Transitar na contramão,Colisão frontal,Com Vítimas Feridas,Anoitecer,Crescente,Céu Claro,Simples,Reta,Não,4,0,3,0,1,0,3,2,-26.83688,-48.718853,SPRF-SC,DEL04-SC,UOP04-DEL04-SC,2021
"374085,0",2021-07-31,sábado,19:30:00,SC,101,"205,3",SAO JOSE,Chuva,Saída de leito carroçável,Com Vítimas Feridas,Plena Noite,Crescente,Garoa/Chuvisco,Múltipla,Curva,Sim,1,0,1,0,0,0,1,1,-27.58313237,-48.61532885,SPRF-SC,DEL01-SC,UOP01-DEL01-SC,2021
"374089,0",2021-07-31,sábado,19:30:00,SC,280,"20,6",ARAQUARI,Acessar a via sem observar a presença dos outros veículos,Colisão transversal,Sem Vítimas,Plena Noite,Crescente,Nublado,Simples,Reta,Sim,2,0,0,0,2,0,0,2,-26.36990477,-48.68224301,SPRF-SC,DEL03-SC,UOP03-DEL03-SC,2021
"374102,0",2021-07-31,sábado,19:20:00,SC,470,"32,7",GASPAR,Reação tardia ou ineficiente do condutor,Saída de leito carroçável,Sem Vítimas,Plena Noite,Crescente,Céu Claro,Dupla,Reta,Sim,1,0,0,0,1,0,0,1,-26.901793,-48.931812,SPRF-SC,DEL04-SC,UOP01-DEL04-SC,2021
"374110,0",2021-07-31,sábado,19:30:00,SC,101,"449,9",SANTA ROSA DO SUL,Reação tardia ou ineficiente do condutor,Colisão traseira,Com Vítimas Feridas,Plena Noite,Crescente,Ignorado,Dupla,Reta,Não,3,0,1,0,2,0,1,2,-29.17532785,-49.75247473,SPRF-SC,DEL02-SC,UOP02-DEL02-SC,2021
"374120,0",2021-07-31,sábado,20:45:00,SC,116,"191,7",SAO CRISTOVAO DO SUL,Velocidade Incompatível,Capotamento,Sem Vítimas,Plena Noite,Crescente,Nublado,Simples,Curva,Não,1,0,0,0,1,0,0,1,-27.3544891,-50.43527167,SPRF-SC,DEL05-SC,UOP03-DEL05-SC,2021
"374121,0",2021-07-08,quinta-feira,08:50:00,SC,282,"4,2",FLORIANOPOLIS,Condutor deixou de manter distância do veículo da frente,Colisão traseira,Com Vítimas Feridas,Pleno dia,Decrescente,Céu Claro,Múltipla,Reta,Sim,2,0,0,1,1,0,1,2,-27.592646,-48.604034,SPRF-SC,DEL01-SC,UOP01-DEL01-SC,2021
"374143,0",2021-07-31,sábado,22:30:00,SC,101,"182,0",BIGUACU,Ingestão de álcool pelo condutor,Colisão traseira,Com Vítimas Feridas,Plena Noite,Crescente,Chuva,Múltipla,Aclive,Sim,3,0,1,0,2,0,1,2,-27.39798985,-48.6303592,SPRF-SC,DEL01-SC,UOP01-DEL01-SC,2021
"374145,0",2021-07-31,sábado,20:45:00,SC,282,"586,8",PINHALZINHO,Velocidade Incompatível,Capotamento,Com Vítimas Feridas,Plena Noite,Decrescente,Céu Claro,Simples,Aclive;Curva,Não,5,0,2,2,1,0,4,1,-26.83356816,-53.03203583,SPRF-SC,DEL07-SC,UOP02-DEL07-SC,2021
"374165,0",2021-08-01,domingo,01:00:00,SC,282,"610,1",MARAVILHA,Condutor Dormindo,Saída de leito carroçável,Sem Vítimas,Plena Noite,Decrescente,Céu Claro,Simples,Curva;Aclive,Não,2,0,0,0,2,0,0,1,-26.756321,-53.230247,SPRF-SC,DEL07-SC,UOP02-DEL07-SC,2021
"374167,0",2021-08-01,domingo,01:00:00,SC,101,"135,0",BALNEARIO CAMBORIU,Ingestão de álcool pelo condutor,Saída de leito carroçável,Sem Vítimas,Plena Noite,Decrescente,Nublado,Múltipla,Curva,Sim,1,0,0,0,1,0,0,1,-27.0050108,-48.62677494,SPRF-SC,DEL04-SC,UOP03-DEL04-SC,2021
"374177,0",2021-08-01,domingo,02:17:00,SC,101,"133,4",BALNEARIO CAMBORIU,Manobra de mudança de faixa,Colisão com objeto,Sem Vítimas,Plena Noite,Decrescente,Nublado,Simples,Reta,Sim,1,0,0,0,1,0,0,1,-26.99936,-48.64609,SPRF-SC,DEL04-SC,UOP03-DEL04-SC,2021
"374179,0",2021-08-01,domingo,00:35:00,SC,470,"133,0",RIO DO SUL,Frear bruscamente,Colisão traseira,Com Vítimas Feridas,Plena Noite,Crescente,Céu Claro,Simples,Reta,Não,7,0,1,0,6,0,1,3,-27.174187,-49.588497,SPRF-SC,DEL04-SC,UOP02-DEL04-SC,2021
"374181,0",2021-08-01,domingo,03:05:00,SC,282,"602,9",MARAVILHA,Condutor Dormindo,Saída de leito carroçável,Com Vítimas Feridas,Plena Noite,Decrescente,Céu Claro,Simples,Curva,Não,1,0,1,0,0,0,1,1,-26.806049,-53.178757,SPRF-SC,DEL07-SC,UOP02-DEL07-SC,2021
"374184,0",2021-08-01,domingo,02:35:00,SC,101,"151,0",ITAPEMA,Ingestão de álcool pelo condutor,Colisão frontal,Com Vítimas Feridas,Plena Noite,Crescente,Nublado,Simples,Reta,Sim,2,0,0,1,1,0,1,2,-27.126536,-48.609642,SPRF-SC,DEL04-SC,UOP03-DEL04-SC,2021
"374219,0",2021-07-04,domingo,19:00:00,SC,282,"372,8",ERVAL VELHO,Reação tardia ou ineficiente do condutor,Capotamento,Sem Vítimas,Plena Noite,Crescente,Céu Claro,Simples,Curva,Não,2,0,0,0,2,0,0,1,-27.251827,-51.446991,SPRF-SC,DEL07-SC,UOP05-DEL07-SC,2021
"374252,0",2021-08-01,domingo,11:48:00,SC,282,"662,4",PARAISO,Acessar a via sem observar a presença dos outros veículos,Colisão transversal,Com Vítimas Feridas,Pleno dia,Crescente,Céu Claro,Simples,Reta,Não,2,0,0,1,1,0,1,2,-26.671671,-53.58363,SPRF-SC,DEL07-SC,UOP03-DEL07-SC,2021
"374263,0",2021-08-01,domingo,11:10:00,SC,101,"374,4",ICARA,Avarias e/ou desgaste excessivo no pneu,Capotamento,Com Vítimas Feridas,Pleno dia,Decrescente,Céu Claro,Dupla,Reta,Não,1,0,1,0,0,0,1,1,-28.727773,-49.240589,SPRF-SC,DEL02-SC,UOP01-DEL02-SC,2021
"374269,0",2021-08-01,domingo,14:30:00,SC,470,"57,5",BLUMENAU,Ausência de reação do condutor,Colisão traseira,Com Vítimas Feridas,Pleno dia,Decrescente,Nublado,Simples,Ponte,Não,3,0,0,1,2,0,1,3,-26.880428,-49.136532,SPRF-SC,DEL04-SC,UOP01-DEL04-SC,2021
"374279,0",2021-08-01,domingo,15:25:00,SC,101,"409,9",ARARANGUA,Ingestão de álcool pelo condutor,Colisão traseira,Sem Vítimas,Pleno dia,Crescente,Sol,Simples,Rotatória,Sim,2,0,0,0,2,0,0,2,-28.91482796,-49.48625305,SPRF-SC,DEL02-SC,UOP02-DEL02-SC,2021
"374286,0",2021-08-01,domingo,16:50:00,SC,101,"209,0",SAO JOSE,Condutor deixou de manter distância do veículo da frente,Colisão lateral mesmo sentido,Com Vítimas Feridas,Pleno dia,Decrescente,Céu Claro,Dupla,Em Obras,Sim,3,0,2,0,0,1,2,2,-27.61000542,-48.63895057,SPRF-SC,DEL01-SC,UOP01-DEL01-SC,2021
"374319,0",2021-08-01,domingo,19:20:00,SC,101,"197,3",BIGUACU,Ingestão de álcool pelo condutor,Colisão com objeto,Sem Vítimas,Plena Noite,Decrescente,Céu Claro,Simples,Viaduto,Sim,1,0,0,0,1,0,0,1,-27.51844497,-48.63848496,SPRF-SC,DEL01-SC,UOP01-DEL01-SC,2021
"374347,0",2021-08-01,domingo,20:45:00,SC,470,"18,7",ILHOTA,Sinalização mal posicionada,Saída de leito carroçável,Com Vítimas Feridas,Plena Noite,Crescente,Nublado,Simples,Desvio Temporário,Não,1,0,1,0,0,0,1,1,-26.855534,-48.808922,SPRF-SC,DEL04-SC,UOP04-DEL04-SC,2021
"374368,0",2021-08-01,domingo,19:00:00,SC,282,"474,8",VARGEAO,Ingestão de álcool pelo condutor,Colisão traseira,Com Vítimas Feridas,Plena Noite,Decrescente,Céu Claro,Simples,Reta,Não,2,0,1,0,1,0,1,2,-26.874346,-52.155285,SPRF-SC,DEL07-SC,UOP01-DEL07-SC,2021
"374376,0",2021-08-01,domingo,21:28:00,SC,470,"70,3",INDAIAL,Velocidade Incompatível,Colisão com objeto,Com Vítimas Feridas,Plena Noite,Decrescente,Nublado,Dupla,Em Obras;Viaduto;Declive;Desvio Temporário;Reta,Sim,1,0,0,1,0,0,1,1,-26.889374,-49.254478,SPRF-SC,DEL04-SC,UOP01-DEL04-SC,2021
"374387,0",2021-08-01,domingo,16:45:00,SC,280,"163,0",MAFRA,Acessar a via sem observar a presença dos outros veículos,Colisão transversal,Com Vítimas Feridas,Pleno dia,Decrescente,Sol,Simples,Reta,Não,7,0,1,1,5,0,2,3,-26.19739326,-49.79756122,SPRF-SC,DEL06-SC,UOP01-DEL06-SC,2021
"374390,0",2021-08-01,domingo,22:50:00,SC,116,"209,9",PONTE ALTA,Velocidade Incompatível,Saída de leito carroçável,Sem Vítimas,Plena Noite,Decrescente,Céu Claro,Simples,Curva,Não,1,0,0,0,0,1,0,1,-27.49607258,-50.37005465,SPRF-SC,DEL05-SC,UOP03-DEL05-SC,2021
"374405,0",2021-08-01,domingo,22:30:00,SC,470,"190,0",POUSO REDONDO,Velocidade Incompatível,Saída de leito carroçável,Com Vítimas Feridas,Plena Noite,Decrescente,Nublado,Simples,Curva,Não,1,0,1,0,0,0,1,1,-27.281504,-50.069775,SPRF-SC,DEL04-SC,UOP02-DEL04-SC,2021
"374436,0",2021-08-02,segunda-feira,06:50:00,SC,280,"106,8",SAO BENTO DO SUL,Acessar a via sem observar a presença dos outros veículos,Colisão lateral mesmo sentido,Com Vítimas Feridas,Amanhecer,Crescente,Céu Claro,Simples,Reta,Não,2,0,1,0,1,0,1,2,-26.34887721,-49.36904009,SPRF-SC,DEL06-SC,UOP03-DEL06-SC,2021
"374482,0",2021-08-02,segunda-feira,12:30:00,SC,116,"170,5",PONTE ALTA DO NORTE,Acessar a via sem observar a presença dos outros veículos,Colisão transversal,Com Vítimas Feridas,Pleno dia,Crescente,Céu Claro,Simples,Curva,Não,2,0,0,1,1,0,1,2,-27.194962,-50.463425,SPRF-SC,DEL05-SC,UOP03-DEL05-SC,2021
"374484,0",2021-08-02,segunda-feira,13:15:00,SC,101,"209,0",SAO JOSE,Desrespeitar a preferência no cruzamento,Colisão transversal,Com Vítimas Feridas,Pleno dia,Decrescente,Céu Claro,Simples,Interseção de Vias,Sim,2,0,1,0,1,0,1,2,-27.61000542,-48.63895057,SPRF-SC,DEL01-SC,UOP01-DEL01-SC,2021
"374520,0",2021-08-02,segunda-feira,14:00:00,SC,101,"46,6",JOINVILLE,Reação tardia ou ineficiente do condutor,Colisão traseira,Com Vítimas Feridas,Pleno dia,Decrescente,Céu Claro,Simples,Reta,Não,2,0,1,0,1,0,1,2,-26.36504857,-48.85832012,SPRF-SC,DEL03-SC,UOP01-DEL03-SC,2021
"374523,0",2021-08-02,segunda-feira,16:50:00,SC,101,"211,7",PALHOCA,Trafegar com motocicleta (ou similar) entre as faixas,Colisão lateral mesmo sentido,Com Vítimas Feridas,Anoitecer,Crescente,Garoa/Chuvisco,Dupla,Reta,Sim,2,0,1,0,1,0,1,2,-27.62329313,-48.65245588,SPRF-SC,DEL01-SC,UOP02-DEL01-SC,2021
"374527,0",2021-08-02,segunda-feira,12:10:00,SC,101,"204,0",SAO JOSE,Acumulo de areia ou detritos sobre o pavimento,Tombamento,Com Vítimas Feridas,Pleno dia,Decrescente,Céu Claro,Simples,Interseção de Vias,Sim,1,0,1,0,0,0,1,1,-27.57413014,-48.61363083,SPRF-SC,DEL01-SC,UOP01-DEL01-SC,2021
"374532,0",2021-08-02,segunda-feira,17:40:00,SC,101,"104,0",PENHA,Ausência de reação do condutor,Colisão traseira,Com Vítimas Feridas,Plena Noite,Decrescente,Nublado,Dupla,Aclive,Não,2,0,1,0,1,0,1,2,-26.79281742,-48.68080819,SPRF-SC,DEL03-SC,UOP02-DEL03-SC,2021
"374533,0",2021-08-02,segunda-feira,17:05:00,SC,101,"211,4",SAO JOSE,Ausência de reação do condutor,Tombamento,Com Vítimas Feridas,Anoitecer,Crescente,Chuva,Múltipla,Reta,Sim,1,0,1,0,0,0,1,1,-27.62329313,-48.65245588,SPRF-SC,DEL01-SC,UOP02-DEL01-SC,2021
"374545,0",2021-08-02,segunda-feira,18:15:00,SC,470,"1,5",NAVEGANTES,Ausência de reação do condutor,Colisão lateral mesmo sentido,Com Vítimas Feridas,Plena Noite,Decrescente,Céu Claro,Simples,Reta,Não,2,0,1,0,1,0,1,2,-26.875383,-48.668285,SPRF-SC,DEL04-SC,UOP04-DEL04-SC,2021
"374556,0",2021-08-02,segunda-feira,18:35:00,SC,101,"51,1",JOINVILLE,Ingestão de substâncias psicoativas pelo condutor,Colisão com objeto,Com Vítimas Feridas,Plena Noite,Crescente,Céu Claro,Dupla,Curva,Não,1,0,1,0,0,0,1,1,-26.38506771,-48.84917582,SPRF-SC,DEL03-SC,UOP01-DEL03-SC,2021
"374571,0",2021-08-02,segunda-feira,22:15:00,SC,101,"215,5",PALHOCA,Transitar na contramão,Colisão frontal,Com Vítimas Feridas,Plena Noite,Decrescente,Nublado,Múltipla,Viaduto,Sim,2,0,2,0,0,0,2,2,-27.65184843,-48.67604941,SPRF-SC,DEL01-SC,UOP02-DEL01-SC,2021
"374576,0",2021-08-02,segunda-feira,20:30:00,SC,470,"18,6",ILHOTA,Condutor deixou de manter distância do veículo da frente,Colisão traseira,Com Vítimas Feridas,Plena Noite,Decrescente,Céu Claro,Simples,Ponte,Não,2,0,1,1,0,0,2,2,-26.86039428,-48.81282713,SPRF-SC,DEL04-SC,UOP04-DEL04-SC,2021
"374586,0",2021-08-02,segunda-feira,21:45:00,SC,101,"277,0",IMBITUBA,Ausência de reação do condutor,Colisão com objeto,Com Vítimas Feridas,Plena Noite,Crescente,Céu Claro,Dupla,Reta,Não,3,0,3,0,0,0,3,1,-28.15478103,-48.69265474,SPRF-SC,DEL02-SC,UOP03-DEL02-SC,2021
"374587,0",2021-08-02,segunda-feira,21:15:00,SC,101,"331,6",TUBARAO,Desrespeitar a preferência no cruzamento,Colisão transversal,Com Vítimas Feridas,Plena Noite,Crescente,Nublado,Simples,Rotatória,Sim,2,0,1,0,1,0,1,2,-28.465771,-48.995973,SPRF-SC,DEL02-SC,UOP01-DEL02-SC,2021
"374601,0",2021-08-03,terça-feira,07:10:00,SC,101,"209,0",SAO JOSE,Condutor deixou de manter distância do veículo da frente,Colisão traseira,Com Vítimas Feridas,Amanhecer,Decrescente,Céu Claro,Múltipla,Reta,Sim,3,0,3,0,0,0,3,2,-27.61000542,-48.63895057,SPRF-SC,DEL01-SC,UOP01-DEL01-SC,2021
"374654,0",2021-08-03,terça-feira,13:00:00,SC,101,"38,3",JOINVILLE,Desrespeitar a preferência no cruzamento,Colisão lateral mesmo sentido,Com Vítimas Feridas,Pleno dia,Decrescente,Céu Claro,Simples,Reta,Sim,2,0,1,0,1,0,1,2,-26.25472505,-48.90561309,SPRF-SC,DEL03-SC,UOP01-DEL03-SC,2021
"374660,0",2021-08-03,terça-feira,14:35:00,SC,282,"19,0",PALHOCA,Ausência de reação do condutor,Colisão traseira,Com Vítimas Feridas,Pleno dia,Crescente,Céu Claro,Dupla,Reta,Não,3,0,1,1,1,0,2,2,-27.678635,-48.70192,SPRF-SC,DEL01-SC,UOP02-DEL01-SC,2021
"374696,0",2021-08-03,terça-feira,17:50:00,SC,101,"210,0",SAO JOSE,Trafegar com motocicleta (ou similar) entre as faixas,Colisão lateral mesmo sentido,Com Vítimas Feridas,Anoitecer,Decrescente,Céu Claro,Múltipla,Reta,Sim,2,0,1,0,1,0,1,2,-27.6167305,-48.6457265,SPRF-SC,DEL01-SC,UOP01-DEL01-SC,2021
"374704,0",2021-08-03,terça-feira,18:50:00,SC,282,"5,5",SAO JOSE,Manobra de mudança de faixa,Colisão lateral mesmo sentido,Com Vítimas Feridas,Plena Noite,Crescente,Céu Claro,Múltipla,Reta,Sim,2,0,1,0,1,0,1,2,-27.588425,-48.612919,SPRF-SC,DEL01-SC,UOP01-DEL01-SC,2021
"374725,0",2021-07-10,sábado,22:00:00,SC,101,"131,7",BALNEARIO CAMBORIU,Ingestão de álcool pelo condutor,Colisão com objeto,Com Vítimas Feridas,Plena Noite,Crescente,Céu Claro,Dupla,Reta,Sim,1,0,1,0,0,0,1,1,-26.99064209,-48.66310912,SPRF-SC,DEL04-SC,UOP03-DEL04-SC,2021
"374765,0",2021-08-03,terça-feira,23:30:00,SC,282,"575,4",PINHALZINHO,Ingestão de álcool pelo condutor,Saída de leito carroçável,Com Vítimas Feridas,Plena Noite,Crescente,Céu Claro,Simples,Reta,Não,2,0,0,2,0,0,2,1,-26.863194,-52.974529,SPRF-SC,DEL07-SC,UOP02-DEL07-SC,2021
"374768,0",2021-08-04,quarta-feira,03:00:00,SC,101,"194,0",BIGUACU,Ingestão de álcool pelo condutor,Saída de leito carroçável,Sem Vítimas,Plena Noite,Decrescente,Céu Claro,Múltipla,Reta,Sim,1,0,0,0,1,0,0,1,-27.49815117,-48.65661236,SPRF-SC,DEL01-SC,UOP01-DEL01-SC,2021
"374793,0",2021-08-04,quarta-feira,07:50:00,SC,101,"63,7",ARAQUARI,Condutor Dormindo,Colisão com objeto,Sem Vítimas,Pleno dia,Decrescente,Nublado,Dupla,Curva,Não,1,0,0,0,1,0,0,1,-26.45898367,-48.7584088,SPRF-SC,DEL03-SC,UOP02-DEL03-SC,2021
"374805,0",2021-08-04,quarta-feira,11:05:00,SC,101,"125,0",ITAJAI,Condutor deixou de manter distância do veículo da frente,Colisão com objeto,Com Vítimas Feridas,Pleno dia,Crescente,Céu Claro,Dupla,Reta,Sim,2,0,1,0,1,0,1,2,-26.94802427,-48.68338515,SPRF-SC,DEL04-SC,UOP04-DEL04-SC,2021
"374809,0",2021-08-04,quarta-feira,11:45:00,SC,101,"208,6",SAO JOSE,Ausência de reação do condutor,Colisão traseira,Com Vítimas Feridas,Pleno dia,Crescente,Nublado,Múltipla,Reta,Sim,2,0,1,0,1,0,1,2,-27.60327979,-48.63201818,SPRF-SC,DEL01-SC,UOP01-DEL01-SC,2021
"374811,0",2021-08-04,quarta-feira,11:45:00,SC,470,"123,3",IBIRAMA,Conversão proibida,Colisão transversal,Com Vítimas Feridas,Pleno dia,Crescente,Sol,Simples,Aclive;Curva,Sim,2,0,1,0,1,0,1,2,-27.106783,-49.522049,SPRF-SC,DEL04-SC,UOP02-DEL04-SC,2021