id,data_inversa,dia_semana,horario,uf,br,km,municipio,causa_acidente,tipo_acidente,classificacao_acidente,fase_dia,sentido_via,condicao_metereologica,tipo_pista,tracado_via,uso_solo,pessoas,mortos,feridos_leves,feridos_graves,ilesos,ignorados,feridos,veiculos,latitude,longitude,regional,delegacia,uop,ano_arquivo
"379061,0",2021-08-24,terça-feira,13:00:00,SC,470,"141,0",RIO DO SUL,Conversão proibida,Colisão lateral mesmo sentido,Sem Vítimas,Pleno dia,Decrescente,Céu Claro,Simples,Reta,Não,3,0,0,0,3,0,0,2,-27.226065,-49.666161,SPRF-SC,DEL04-SC,UOP02-DEL04-SC,2021
"379069,0",2021-08-24,terça-feira,13:40:00,SC,101,"200,6",SAO JOSE,Acessar a via sem observar a presença dos outros veículos,Colisão lateral mesmo sentido,Com Vítimas Feridas,Pleno dia,Decrescente,Céu Claro,Múltipla,Declive,Sim,3,0,2,0,1,0,2,2,-27.54018513,-48.62287714,SPRF-SC,DEL01-SC,UOP01-DEL01-SC,2021
"379078,0",2021-08-24,terça-feira,14:22:00,SC,101,"120,4",ITAJAI,Condutor deixou de manter distância do veículo da frente,Queda de ocupante de veículo,Com Vítimas Feridas,Pleno dia,Decrescente,Céu Claro,Múltipla,Reta,Sim,2,0,1,0,0,1,1,2,-26.912758,-48.711998,SPRF-SC,DEL04-SC,UOP04-DEL04-SC,2021
"379122,0",2021-08-24,terça-feira,18:00:00,SC,101,"304,0",LAGUNA,Ultrapassagem Indevida,Colisão lateral sentido oposto,Com Vítimas Feridas,Anoitecer,Crescente,Nublado,Múltipla,Reta,Não,2,0,1,0,1,0,1,2,-28.388333,-48.775167,SPRF-SC,DEL02-SC,UOP03-DEL02-SC,2021
"379124,0",2021-08-24,terça-feira,18:00:00,SC,480,"124,0",CHAPECO,Acumulo de areia ou detritos sobre o pavimento,Colisão com objeto,Sem Vítimas,Pleno dia,Decrescente,Céu Claro,Simples,Reta,Não,1,0,0,0,1,0,0,1,-27.00897292,-52.64184952,SPRF-SC,DEL07-SC,UOP01-DEL07-SC,2021
"379130,0",2021-08-24,terça-feira,18:05:00,SC,116,"52,2",PAPANDUVA,Acessar a via sem observar a presença dos outros veículos,Colisão lateral mesmo sentido,Com Vítimas Feridas,Anoitecer,Decrescente,Céu Claro,Simples,Reta,Não,2,0,1,0,1,0,1,2,-26.39008273,-50.14576709,SPRF-SC,DEL06-SC,UOP01-DEL06-SC,2021
"379133,0",2021-08-24,terça-feira,19:15:00,SC,101,"314,0",LAGUNA,Manobra de mudança de faixa,Colisão traseira,Com Vítimas Feridas,Plena Noite,Decrescente,Nublado,Dupla,Curva;Ponte,Não,2,0,2,0,0,0,2,2,-28.4363175,-48.84015083,SPRF-SC,DEL02-SC,UOP01-DEL02-SC,2021
"379156,0",2021-08-24,terça-feira,21:50:00,SC,280,"57,0",GUARAMIRIM,Desrespeitar a preferência no cruzamento,Colisão lateral mesmo sentido,Com Vítimas Feridas,Plena Noite,Decrescente,Céu Claro,Dupla,Reta,Sim,4,0,1,0,3,0,1,2,-26.47811421,-49.01259213,SPRF-SC,DEL03-SC,UOP03-DEL03-SC,2021
"379167,0",2021-08-24,terça-feira,22:25:00,SC,470,"20,0",ILHOTA,Desvio temporário,Saída de leito carroçável,Sem Vítimas,Plena Noite,Decrescente,Nublado,Simples,Desvio Temporário;Em Obras,Não,1,0,0,0,1,0,0,1,-26.870115,-48.820484,SPRF-SC,DEL04-SC,UOP04-DEL04-SC,2021
"379176,0",2021-08-25,quarta-feira,05:50:00,SC,101,"118,7",ITAJAI,Desrespeitar a preferência no cruzamento,Colisão transversal,Com Vítimas Feridas,Amanhecer,Decrescente,Céu Claro,Múltipla,Interseção de Vias,Sim,2,0,1,0,0,1,1,2,-26.895859,-48.71903,SPRF-SC,DEL04-SC,UOP04-DEL04-SC,2021
"379178,0",2021-08-25,quarta-feira,04:40:00,SC,282,"4,7",SAO JOSE,Ausência de reação do condutor,Colisão traseira,Com Vítimas Feridas,Plena Noite,Crescente,Nublado,Múltipla,Reta,Sim,2,0,1,0,1,0,1,2,-27.588425,-48.612919,SPRF-SC,DEL01-SC,UOP01-DEL01-SC,2021
"379185,0",2021-08-24,terça-feira,22:30:00,SC,101,"103,0",BALNEARIO PICARRAS,Afundamento ou ondulação no pavimento,Tombamento,Com Vítimas Feridas,Plena Noite,Crescente,Céu Claro,Dupla,Reta,Não,1,0,1,0,0,0,1,1,-26.7832381,-48.68314632,SPRF-SC,DEL03-SC,UOP02-DEL03-SC,2021
"379186,0",2021-08-25,quarta-feira,06:45:00,SC,470,"7,5",NAVEGANTES,Velocidade Incompatível,Tombamento,Com Vítimas Feridas,Pleno dia,Crescente,Nublado,Dupla,Em Obras;Desvio Temporário,Sim,1,0,1,0,0,0,1,1,-26.84499,-48.71505,SPRF-SC,DEL04-SC,UOP04-DEL04-SC,2021
"379189,0",2021-08-25,quarta-feira,07:25:00,SC,101,"119,0",ITAJAI,Reação tardia ou ineficiente do condutor,Tombamento,Com Vítimas Feridas,Amanhecer,Decrescente,Céu Claro,Múltipla,Reta,Sim,1,0,1,0,0,0,1,1,-26.9043179,-48.71555481,SPRF-SC,DEL04-SC,UOP04-DEL04-SC,2021
"379197,0",2021-08-25,quarta-feira,07:45:00,SC,101,"121,9",ITAJAI,Condutor deixou de manter distância do veículo da frente,Colisão traseira,Com Vítimas Feridas,Pleno dia,Decrescente,Nublado,Múltipla,Reta,Sim,3,0,1,0,2,0,1,2,-26.92103178,-48.70856446,SPRF-SC,DEL04-SC,UOP04-DEL04-SC,2021
"379200,0",2021-08-25,quarta-feira,08:05:00,SC,101,"214,7",PALHOCA,Acessar a via sem observar a presença dos outros veículos,Colisão transversal,Com Vítimas Feridas,Pleno dia,Crescente,Nublado,Múltipla,Reta,Sim,2,0,1,0,1,0,1,2,-27.64952937,-48.67451906,SPRF-SC,DEL01-SC,UOP02-DEL01-SC,2021
"379208,0",2021-08-25,quarta-feira,08:50:00,SC,101,"202,9",SAO JOSE,Manobra de mudança de faixa,Colisão traseira,Com Vítimas Feridas,Pleno dia,Crescente,Nublado,Múltipla,Aclive;Reta,Sim,2,0,1,0,1,0,1,2,-27.55711595,-48.61897889,SPRF-SC,DEL01-SC,UOP01-DEL01-SC,2021
"379226,0",2021-08-25,quarta-feira,08:15:00,SC,101,"288,0",IMBITUBA,Reação tardia ou ineficiente do condutor,Colisão traseira,Com Vítimas Feridas,Pleno dia,Decrescente,Céu Claro,Simples,Reta,Sim,2,0,2,0,0,0,2,2,-28.24598003,-48.70010284,SPRF-SC,DEL02-SC,UOP03-DEL02-SC,2021
"379248,0",2021-08-25,quarta-feira,12:20:00,SC,101,"209,3",SAO JOSE,Trafegar com motocicleta (ou similar) entre as faixas,Colisão lateral mesmo sentido,Com Vítimas Feridas,Pleno dia,Decrescente,Céu Claro,Múltipla,Reta,Sim,3,0,2,0,1,0,2,2,-27.61000542,-48.63895057,SPRF-SC,DEL01-SC,UOP01-DEL01-SC,2021
"379268,0",2021-08-25,quarta-feira,13:45:00,SC,470,"124,9",LONTRAS,Desrespeitar a preferência no cruzamento,Colisão transversal,Com Vítimas Feridas,Pleno dia,Decrescente,Sol,Simples,Interseção de Vias,Não,2,0,1,0,1,0,1,2,-27.113192,-49.529163,SPRF-SC,DEL04-SC,UOP02-DEL04-SC,2021
"379278,0",2021-08-25,quarta-feira,16:10:00,SC,470,"143,3",RIO DO SUL,Acessar a via sem observar a presença dos outros veículos,Colisão transversal,Com Vítimas Feridas,Pleno dia,Crescente,Céu Claro,Simples,Reta,Sim,3,0,1,1,1,0,2,2,-27.233143,-49.672886,SPRF-SC,DEL04-SC,UOP02-DEL04-SC,2021
"379279,0",2021-07-30,sexta-feira,17:20:00,SC,101,"212,0",PALHOCA,Trafegar com motocicleta (ou similar) entre as faixas,Colisão lateral mesmo sentido,Com Vítimas Feridas,Anoitecer,Decrescente,Céu Claro,Múltipla,Reta,Sim,2,0,1,0,1,0,1,2,-27.63020203,-48.65912318,SPRF-SC,DEL01-SC,UOP02-DEL01-SC,2021
"379286,0",2021-08-25,quarta-feira,10:55:00,SC,101,"258,0",PAULO LOPES,Ingestão de álcool pelo condutor,Tombamento,Com Vítimas Feridas,Pleno dia,Crescente,Nublado,Dupla,Reta,Não,1,0,1,0,0,0,1,1,-28.00482282,-48.69190437,SPRF-SC,DEL02-SC,UOP03-DEL02-SC,2021
"379287,0",2021-08-25,quarta-feira,17:20:00,SC,280,"23,5",ARAQUARI,Reação tardia ou ineficiente do condutor,Colisão transversal,Com Vítimas Feridas,Anoitecer,Crescente,Nublado,Simples,Reta,Sim,2,0,1,0,1,0,1,2,-26.37146,-48.711887,SPRF-SC,DEL03-SC,UOP03-DEL03-SC,2021
"379302,0",2021-08-25,quarta-feira,18:00:00,SC,101,"204,2",SAO JOSE,Acessar a via sem observar a presença dos outros veículos,Colisão lateral mesmo sentido,Com Vítimas Feridas,Plena Noite,Decrescente,Céu Claro,Dupla,Reta,Sim,2,0,1,0,1,0,1,2,-27.57413014,-48.61363083,SPRF-SC,DEL01-SC,UOP01-DEL01-SC,2021
"379317,0",2021-08-25,quarta-feira,19:30:00,SC,280,"32,8",ARAQUARI,Ausência de reação do condutor,Colisão transversal,Com Vítimas Feridas,Plena Noite,Crescente,Nublado,Simples,Interseção de Vias,Sim,4,0,4,0,0,0,4,2,-26.42549234,-48.7868607,SPRF-SC,DEL03-SC,UOP03-DEL03-SC,2021
"379346,0",2021-08-25,quarta-feira,23:35:00,SC,470,"66,4",INDAIAL,Ausência de sinalização,Saída de leito carroçável,Com Vítimas Feridas,Plena Noite,Decrescente,Nublado,Simples,Rotatória;Em Obras,Sim,1,0,0,1,0,0,1,1,-26.870407,-49.221844,SPRF-SC,DEL04-SC,UOP01-DEL04-SC,2021
"379354,0",2021-08-25,quarta-feira,22:45:00,SC,280,"124,7",RIO NEGRINHO,Ingestão de álcool pelo condutor,Colisão com objeto,Com Vítimas Feridas,Plena Noite,Decrescente,Céu Claro,Simples,Reta,Sim,2,0,2,0,0,0,2,1,-26.24130297,-49.47514499,SPRF-SC,DEL06-SC,UOP03-DEL06-SC,2021
"379376,0",2021-08-26,quinta-feira,04:50:00,SC,101,"136,0",BALNEARIO CAMBORIU,Ingestão de álcool pelo condutor,Saída de leito carroçável,Sem Vítimas,Plena Noite,Crescente,Nublado,Dupla,Reta,Sim,1,0,0,0,0,1,0,1,-27.008113,-48.617245,SPRF-SC,DEL04-SC,UOP03-DEL04-SC,2021
"379385,0",2021-08-26,quinta-feira,07:30:00,SC,101,"44,1",JOINVILLE,Condutor deixou de manter distância do veículo da frente,Colisão traseira,Com Vítimas Feridas,Pleno dia,Decrescente,Nublado,Múltipla,Interseção de Vias,Não,1,0,1,0,0,0,1,1,-26.31238996,-48.87458997,SPRF-SC,DEL03-SC,UOP01-DEL03-SC,2021
"379390,0",2021-08-26,quinta-feira,07:30:00,SC,101,"216,0",PALHOCA,Entrada inopinada do pedestre,Atropelamento de Pedestre,Com Vítimas Feridas,Pleno dia,Decrescente,Nublado,Simples,Reta,Sim,2,0,1,1,0,0,2,2,-27.65981409,-48.67747798,SPRF-SC,DEL01-SC,UOP02-DEL01-SC,2021
"379392,0",2021-08-26,quinta-feira,07:30:00,SC,101,"216,0",PALHOCA,Manobra de mudança de faixa,Colisão lateral mesmo sentido,Com Vítimas Feridas,Pleno dia,Decrescente,Nublado,Dupla,Reta,Sim,3,0,1,1,1,0,2,2,-27.65981409,-48.67747798,SPRF-SC,DEL01-SC,UOP02-DEL01-SC,2021
"379441,0",2021-08-26,quinta-feira,13:35:00,SC,280,"55,8",GUARAMIRIM,Ingestão de álcool ou de substâncias psicoativas pelo pedestre,Atropelamento de Pedestre,Com Vítimas Feridas,Pleno dia,Decrescente,Nublado,Dupla,Reta,Sim,4,0,0,1,3,0,1,2,-26.47970612,-49.00428057,SPRF-SC,DEL03-SC,UOP03-DEL03-SC,2021
"379458,0",2021-08-26,quinta-feira,09:30:00,SC,282,"111,0",ALFREDO WAGNER,Chuva,Saída de leito carroçável,Com Vítimas Feridas,Pleno dia,Crescente,Chuva,Simples,Curva,Não,3,0,3,0,0,0,3,1,-27.733616,-49.367538,SPRF-SC,DEL01-SC,UOP03-DEL01-SC,2021
"379463,0",2021-08-26,quinta-feira,15:15:00,SC,101,"209,0",SAO JOSE,Condutor deixou de manter distância do veículo da frente,Colisão traseira,Com Vítimas Feridas,Pleno dia,Decrescente,Nublado,Dupla,Reta,Sim,2,0,1,0,1,0,1,2,-27.61000542,-48.63895057,SPRF-SC,DEL01-SC,UOP01-DEL01-SC,2021
"379519,0",2021-08-04,quarta-feira,03:30:00,SC,470,"271,8",BRUNOPOLIS,Velocidade Incompatível,Saída de leito carroçável,Com Vítimas Feridas,Plena Noite,Decrescente,Céu Claro,Simples,Curva,Não,2,0,1,1,0,0,2,1,-27.321873,-50.775558,SPRF-SC,DEL07-SC,UOP06-DEL07-SC,2021
"379528,0",2021-08-26,quinta-feira,18:00:00,SC,116,"64,0",PAPANDUVA,Velocidade Incompatível,Colisão traseira,Com Vítimas Feridas,Plena Noite,Decrescente,Nublado,Simples,Declive;Reta,Não,1,0,1,0,0,0,1,1,-26.41544499,-50.22732716,SPRF-SC,DEL06-SC,UOP02-DEL06-SC,2021
"379569,0",2021-08-27,sexta-feira,08:30:00,SC,101,"199,6",SAO JOSE,Trafegar com motocicleta (ou similar) entre as faixas,Colisão lateral mesmo sentido,Com Vítimas Feridas,Pleno dia,Crescente,Nublado,Múltipla,Reta,Sim,2,0,1,0,1,0,1,2,-27.53413705,-48.63003205,SPRF-SC,DEL01-SC,UOP01-DEL01-SC,2021
"379611,0",2021-08-27,sexta-feira,13:30:00,SC,101,"204,0",SAO JOSE,Ausência de reação do condutor,Colisão traseira,Com Vítimas Feridas,Pleno dia,Crescente,Céu Claro,Múltipla,Reta,Sim,2,0,2,0,0,0,2,2,-27.57413014,-48.61363083,SPRF-SC,DEL01-SC,UOP01-DEL01-SC,2021
"379612,0",2021-08-27,sexta-feira,13:35:00,SC,101,"209,8",SAO JOSE,Ausência de reação do condutor,Colisão traseira,Com Vítimas Feridas,Pleno dia,Decrescente,Nublado,Múltipla,Reta;Em Obras,Sim,2,0,0,1,1,0,1,2,-27.61000542,-48.63895057,SPRF-SC,DEL01-SC,UOP01-DEL01-SC,2021
"379623,0",2021-08-27,sexta-feira,14:15:00,SC,101,"206,2",SAO JOSE,Condutor deixou de manter distância do veículo da frente,Colisão traseira,Com Vítimas Feridas,Pleno dia,Crescente,Céu Claro,Múltipla,Reta,Não,2,0,1,0,1,0,1,2,-27.59193546,-48.61824557,SPRF-SC,DEL01-SC,UOP01-DEL01-SC,2021
"379639,0",2021-08-27,sexta-feira,15:05:00,SC,101,"368,1",ICARA,Reação tardia ou ineficiente do condutor,Saída de leito carroçável,Com Vítimas Feridas,Pleno dia,Crescente,Nublado,Dupla,Reta;Declive,Não,2,0,1,0,1,0,1,1,-28.70241311,-49.19822037,SPRF-SC,DEL02-SC,UOP01-DEL02-SC,2021
"379651,0",2021-08-27,sexta-feira,17:40:00,SC,101,"211,6",PALHOCA,Manobra de mudança de faixa,Colisão lateral mesmo sentido,Com Vítimas Feridas,Pleno dia,Decrescente,Céu Claro,Dupla,Reta,Sim,2,0,0,1,1,0,1,2,-27.62329313,-48.65245588,SPRF-SC,DEL01-SC,UOP02-DEL01-SC,2021
"379656,0",2021-08-02,segunda-feira,09:45:00,SC,101,"41,2",JOINVILLE,Acessar a via sem observar a presença dos outros veículos,Colisão transversal,Com Vítimas Feridas,Pleno dia,Decrescente,Céu Claro,Simples,Reta;Interseção de Vias;Viaduto;Rotatória,Sim,2,0,1,0,1,0,1,2,-26.28215489,-48.88973081,SPRF-SC,DEL03-SC,UOP01-DEL03-SC,2021
"379662,0",2021-08-27,sexta-feira,18:35:00,SC,101,"214,1",PALHOCA,Reação tardia ou ineficiente do condutor,Colisão traseira,Com Vítimas Feridas,Plena Noite,Crescente,Nublado,Múltipla,Reta,Sim,2,0,1,0,1,0,1,2,-27.64443,-48.67057,SPRF-SC,DEL01-SC,UOP02-DEL01-SC,2021
"379678,0",2021-08-27,sexta-feira,20:30:00,SC,101,"213,4",PALHOCA,Sinalização mal posicionada,Colisão com objeto,Com Vítimas Feridas,Plena Noite,Decrescente,Nublado,Múltipla,Reta,Sim,1,0,1,0,0,0,1,1,-27.63697369,-48.66514142,SPRF-SC,DEL01-SC,UOP02-DEL01-SC,2021
"379685,0",2021-08-27,sexta-feira,20:55:00,SC,101,"204,0",SAO JOSE,Condutor deixou de manter distância do veículo da frente,Colisão traseira,Sem Vítimas,Plena Noite,Decrescente,Nublado,Múltipla,Reta;Desvio Temporário,Sim,2,0,0,0,2,0,0,2,-27.57413014,-48.61363083,SPRF-SC,DEL01-SC,UOP01-DEL01-SC,2021
"379704,0",2021-08-27,sexta-feira,23:59:00,SC,101,"209,2",SAO JOSE,Ingestão de álcool pelo condutor,Saída de leito carroçável,Sem Vítimas,Plena Noite,Decrescente,Nublado,Múltipla,Interseção de Vias,Sim,1,0,0,0,1,0,0,1,-27.61000542,-48.63895057,SPRF-SC,DEL01-SC,UOP01-DEL01-SC,2021
"379708,0",2021-08-27,sexta-feira,17:55:00,SC,163,"76,5",SAO MIGUEL DO OESTE,Afundamento ou ondulação no pavimento,Tombamento,Com Vítimas Feridas,Pleno dia,Crescente,Céu Claro,Simples,Declive;Reta,Não,1,0,0,1,0,0,1,1,-26.68478399,-53.51451486,SPRF-SC,DEL07-SC,UOP03-DEL07-SC,2021
"379711,0",2021-08-27,sexta-feira,22:55:00,SC,163,"70,0",SAO MIGUEL DO OESTE,Ingestão de álcool pelo condutor,Saída de leito carroçável,Sem Vítimas,Plena Noite,Crescente,Céu Claro,Dupla,Curva,Sim,1,0,0,0,1,0,0,1,-26.73461723,-53.50680015,SPRF-SC,DEL07-SC,UOP03-DEL07-SC,2021
"379720,0",2021-08-28,sábado,01:40:00,SC,163,"70,8",SAO MIGUEL DO OESTE,Ausência de reação do condutor,Colisão com objeto,Sem Vítimas,Plena Noite,Decrescente,Céu Claro,Dupla,Reta,Sim,1,0,0,0,1,0,0,1,-26.73461723,-53.50680015,SPRF-SC,DEL07-SC,UOP03-DEL07-SC,2021
"379723,0",2021-08-28,sábado,02:35:00,SC,280,"50,0",GUARAMIRIM,Desvio temporário,Capotamento,Com Vítimas Feridas,Plena Noite,Decrescente,Chuva,Simples,Desvio Temporário;Em Obras,Não,1,0,1,0,0,0,1,1,-26.4619489,-48.94618404,SPRF-SC,DEL03-SC,UOP03-DEL03-SC,2021
"379736,0",2021-08-28,sábado,01:33:00,SC,282,"172,0",BOCAINA DO SUL,Ingestão de álcool pelo condutor,Saída de leito carroçável,Com Vítimas Feridas,Plena Noite,Crescente,Céu Claro,Simples,Reta,Não,1,0,1,0,0,0,1,1,-27.742331,-49.862782,SPRF-SC,DEL05-SC,UOP01-DEL05-SC,2021
"379744,0",2021-08-28,sábado,04:30:00,SC,280,"128,0",RIO NEGRINHO,Ingestão de álcool pelo condutor,Queda de ocupante de veículo,Com Vítimas Feridas,Plena Noite,Crescente,Céu Claro,Simples,Reta,Sim,2,0,1,0,1,0,1,1,-26.24317941,-49.51320018,SPRF-SC,DEL06-SC,UOP03-DEL06-SC,2021
"379746,0",2021-08-28,sábado,05:30:00,SC,101,"207,0",SAO JOSE,Ingestão de álcool pelo condutor,Colisão com objeto,Sem Vítimas,Amanhecer,Crescente,Nublado,Múltipla,Viaduto;Reta;Túnel,Sim,1,0,0,0,1,0,0,1,-27.59962393,-48.62169027,SPRF-SC,DEL01-SC,UOP01-DEL01-SC,2021
"379762,0",2021-08-28,sábado,06:30:00,SC,101,"100,4",BALNEARIO PICARRAS,Chuva,Colisão lateral sentido oposto,Com Vítimas Feridas,Amanhecer,Decrescente,Chuva,Simples,Interseção de Vias,Não,2,0,1,0,0,1,1,2,-26.75482787,-48.68993675,SPRF-SC,DEL03-SC,UOP02-DEL03-SC,2021
"379775,0",2021-08-28,sábado,08:05:00,SC,280,"52,9",GUARAMIRIM,Conversão proibida,Colisão transversal,Com Vítimas Feridas,Pleno dia,Decrescente,Chuva,Simples,Reta,Não,3,0,1,0,2,0,1,2,-26.468904,-48.96492,SPRF-SC,DEL03-SC,UOP03-DEL03-SC,2021
"379789,0",2021-08-28,sábado,08:30:00,SC,282,"408,2",CATANDUVAS,Acessar a via sem observar a presença dos outros veículos,Colisão transversal,Com Vítimas Feridas,Pleno dia,Decrescente,Céu Claro,Simples,Curva,Não,4,0,2,0,2,0,2,2,-27.074812,-51.663269,SPRF-SC,DEL07-SC,UOP05-DEL07-SC,2021
"379810,0",2021-08-28,sábado,12:00:00,SC,470,"27,6",GASPAR,Ausência de reação do condutor,Colisão traseira,Com Vítimas Feridas,Pleno dia,Decrescente,Nublado,Dupla,Reta,Sim,3,0,1,0,2,0,1,2,-26.89319808,-48.89005882,SPRF-SC,DEL04-SC,UOP04-DEL04-SC,2021
"379821,0",2021-08-28,sábado,13:25:00,SC,470,"128,6",LONTRAS,Pista Escorregadia,Tombamento,Com Vítimas Feridas,Pleno dia,Decrescente,Garoa/Chuvisco,Simples,Curva,Não,1,0,1,0,0,0,1,1,-27.143742,-49.548897,SPRF-SC,DEL04-SC,UOP02-DEL04-SC,2021
"379833,0",2021-08-28,sábado,14:00:00,SC,116,"125,2",SANTA CECILIA,Condutor deixou de manter distância do veículo da frente,Colisão traseira,Com Vítimas Feridas,Pleno dia,Decrescente,Chuva,Simples,Reta,Não,3,0,1,0,2,0,1,2,-26.859087,-50.40431503,SPRF-SC,DEL06-SC,UOP02-DEL06-SC,2021
"379834,0",2021-08-28,sábado,14:00:00,SC,282,"3,7",SAO JOSE,Ausência de reação do condutor,Colisão lateral mesmo sentido,Com Vítimas Feridas,Pleno dia,Crescente,Céu Claro,Múltipla,Curva,Sim,2,0,1,0,1,0,1,2,-27.600384,-48.599705,SPRF-SC,DEL01-SC,UOP01-DEL01-SC,2021
"379838,0",2021-08-28,sábado,14:00:00,SC,470,"39,8",GASPAR,Ultrapassagem Indevida,Tombamento,Com Vítimas Feridas,Pleno dia,Decrescente,Nublado,Simples,Curva;Em Obras;Desvio Temporário,Não,1,0,1,0,0,0,1,1,-26.89602109,-48.98769471,SPRF-SC,DEL04-SC,UOP01-DEL04-SC,2021
"379846,0",2021-08-28,sábado,13:30:00,SC,101,"365,9",SANGAO,Reação tardia ou ineficiente do condutor,Saída de leito carroçável,Com Vítimas Feridas,Pleno dia,Crescente,Céu Claro,Dupla,Reta,Não,3,0,3,0,0,0,3,1,-28.68290284,-49.14759308,SPRF-SC,DEL02-SC,UOP01-DEL02-SC,2021
"379849,0",2021-08-28,sábado,13:50:00,SC,101,"6,0",GARUVA,Ausência de reação do condutor,Tombamento,Com Vítimas Feridas,Pleno dia,Crescente,Chuva,Simples,Declive;Curva,Sim,1,0,1,0,0,0,1,1,-26.02692002,-48.86142017,SPRF-SC,DEL03-SC,UOP01-DEL03-SC,2021
"379851,0",2021-08-28,sábado,15:15:00,SC,101,"162,4",TIJUCAS,Condutor Dormindo,Saída de leito carroçável,Com Vítimas Feridas,Pleno dia,Decrescente,Chuva,Múltipla,Reta,Sim,2,0,1,0,1,0,1,1,-27.22554009,-48.6279367,SPRF-SC,DEL04-SC,UOP03-DEL04-SC,2021
"379889,0",2021-08-28,sábado,16:20:00,SC,101,"6,0",GARUVA,Pista Escorregadia,Colisão com objeto,Com Vítimas Feridas,Pleno dia,Crescente,Garoa/Chuvisco,Simples,Curva,Sim,4,0,4,0,0,0,4,1,-26.02879505,-48.86157095,SPRF-SC,DEL03-SC,UOP01-DEL03-SC,2021
"379892,0",2021-08-28,sábado,17:40:00,SC,470,"65,6",INDAIAL,Conversão proibida,Colisão transversal,Com Vítimas Feridas,Pleno dia,Decrescente,Nublado,Simples,Curva,Sim,3,0,2,0,1,0,2,2,-26.87097413,-49.21760457,SPRF-SC,DEL04-SC,UOP01-DEL04-SC,2021
"379894,0",2021-08-28,sábado,15:10:00,SC,163,"68,4",SAO MIGUEL DO OESTE,Condutor deixou de manter distância do veículo da frente,Colisão traseira,Com Vítimas Feridas,Pleno dia,Crescente,Céu Claro,Dupla,Interseção de Vias;Reta,Sim,3,0,2,0,1,0,2,2,-26.74607985,-53.50087523,SPRF-SC,DEL07-SC,UOP03-DEL07-SC,2021
"379924,0",2021-08-28,sábado,20:25:00,SC,101,"201,0",SAO JOSE,Velocidade Incompatível,Colisão traseira,Com Vítimas Feridas,Plena Noite,Crescente,Nublado,Múltipla,Reta,Sim,2,0,1,1,0,0,2,2,-27.54836599,-48.61977975,SPRF-SC,DEL01-SC,UOP01-DEL01-SC,2021
"379958,0",2021-08-28,sábado,23:10:00,SC,282,"23,4",SANTO AMARO DA IMPERATRIZ,Reação tardia ou ineficiente do condutor,Colisão frontal,Com Vítimas Feridas,Plena Noite,Crescente,Garoa/Chuvisco,Simples,Reta,Sim,3,0,0,2,1,0,2,2,-27.687958,-48.736794,SPRF-SC,DEL01-SC,UOP02-DEL01-SC,2021
"379982,0",2021-08-29,domingo,01:15:00,SC,101,"280,0",IMBITUBA,Condutor Dormindo,Saída de leito carroçável,Sem Vítimas,Plena Noite,Crescente,Garoa/Chuvisco,Dupla,Reta,Não,1,0,0,0,0,1,0,1,-28.19406863,-48.69730711,SPRF-SC,DEL02-SC,UOP03-DEL02-SC,2021
"380011,0",2021-08-29,domingo,04:00:00,SC,101,"311,8",LAGUNA,Ingestão de álcool pelo condutor,Saída de leito carroçável,Com Vítimas Feridas,Plena Noite,Decrescente,Céu Claro,Dupla,Curva;Declive,Sim,1,0,1,0,0,0,1,1,-28.44116665,-48.82190108,SPRF-SC,DEL02-SC,UOP01-DEL02-SC,2021
"380012,0",2021-08-29,domingo,05:00:00,SC,282,"594,4",SAUDADES,Condutor Dormindo,Saída de leito carroçável,Sem Vítimas,Plena Noite,Crescente,Céu Claro,Simples,Reta;Aclive,Não,1,0,0,0,0,1,0,1,-26.827911,-53.108719,SPRF-SC,DEL07-SC,UOP02-DEL07-SC,2021
"380016,0",2021-08-29,domingo,07:20:00,SC,282,"5,0",SAO JOSE,Ingestão de álcool pelo condutor,Colisão traseira,Com Vítimas Feridas,Pleno dia,Crescente,Nublado,Múltipla,Reta,Sim,2,0,1,0,1,0,1,2,-27.588425,-48.612919,SPRF-SC,DEL01-SC,UOP01-DEL01-SC,2021
"380029,0",2021-08-29,domingo,06:30:00,SC,282,"554,7",NOVA ITABERABA,Transitar na contramão,Colisão frontal,Com Vítimas Feridas,Pleno dia,Crescente,Céu Claro,Simples,Reta;Interseção de Vias,Não,2,0,0,1,0,1,1,2,-26.936268,-52.800812,SPRF-SC,DEL07-SC,UOP01-DEL07-SC,2021
"380059,0",2021-08-29,domingo,08:00:00,SC,282,"83,0",ALFREDO WAGNER,Velocidade Incompatível,Saída de leito carroçável,Sem Vítimas,Pleno dia,Decrescente,Garoa/Chuvisco,Simples,Curva,Não,1,0,0,0,1,0,0,1,-27.666153,-49.175022,SPRF-SC,DEL01-SC,UOP03-DEL01-SC,2021
"380061,0",2021-08-29,domingo,09:47:00,SC,280,"90,7",CORUPA,Velocidade Incompatível,Colisão transversal,Com Vítimas Feridas,Pleno dia,Crescente,Nublado,Simples,Curva;Aclive,Não,3,0,2,0,1,0,2,2,-26.407423,-49.283504,SPRF-SC,DEL06-SC,UOP03-DEL06-SC,2021