id,data_inversa,dia_semana,horario,uf,br,km,municipio,causa_acidente,tipo_acidente,classificacao_acidente,fase_dia,sentido_via,condicao_metereologica,tipo_pista,tracado_via,uso_solo,pessoas,mortos,feridos_leves,feridos_graves,ilesos,ignorados,feridos,veiculos,latitude,longitude,regional,delegacia,uop,ano_arquivo
"380079,0",2021-08-09,segunda-feira,18:30:00,SC,470,"248,3",CURITIBANOS,Transitar na contramão,Colisão frontal,Com Vítimas Feridas,Plena Noite,Crescente,Céu Claro,Simples,Declive;Reta,Sim,3,0,0,1,1,1,1,3,-27.31459386,-50.57141657,SPRF-SC,DEL05-SC,UOP03-DEL05-SC,2021
"380084,0",2021-08-29,domingo,13:55:00,SC,101,"46,1",JOINVILLE,Reação tardia ou ineficiente do condutor,Colisão traseira,Com Vítimas Feridas,Pleno dia,Crescente,Céu Claro,Dupla,Reta,Sim,3,0,1,0,1,1,1,3,-26.35912164,-48.85897994,SPRF-SC,DEL03-SC,UOP01-DEL03-SC,2021
"380095,0",2021-08-29,domingo,15:30:00,SC,101,"116,0",ITAJAI,Manobra de mudança de faixa,Colisão lateral mesmo sentido,Com Vítimas Feridas,Pleno dia,Decrescente,Nublado,Múltipla,Reta,Sim,2,0,1,0,1,0,1,2,-26.87905605,-48.72603512,SPRF-SC,DEL04-SC,UOP04-DEL04-SC,2021
"380106,0",2021-08-29,domingo,15:15:00,SC,282,"565,2",NOVA ERECHIM,Ultrapassagem Indevida,Colisão traseira,Com Vítimas Feridas,Pleno dia,Decrescente,Céu Claro,Simples,Declive,Não,4,0,0,1,2,1,1,3,-26.89855,-52.87726,SPRF-SC,DEL07-SC,UOP02-DEL07-SC,2021
"380127,0",2021-08-29,domingo,18:45:00,SC,101,"209,2",SAO JOSE,Trafegar com motocicleta (ou similar) entre as faixas,Colisão lateral mesmo sentido,Com Vítimas Feridas,Plena Noite,Decrescente,Nublado,Dupla,Em Obras,Sim,2,0,1,0,0,1,1,2,-27.61000542,-48.63895057,SPRF-SC,DEL01-SC,UOP01-DEL01-SC,2021
"380137,0",2021-08-29,domingo,18:26:00,SC,282,"217,0",LAGES,Velocidade Incompatível,Colisão com objeto,Com Vítimas Feridas,Plena Noite,Decrescente,Nublado,Simples,Viaduto,Sim,1,0,0,1,0,0,1,1,-27.79767164,-50.29392421,SPRF-SC,DEL05-SC,UOP01-DEL05-SC,2021
"380169,0",2021-08-29,domingo,22:00:00,SC,101,"208,1",SAO JOSE,Ingestão de álcool ou de substâncias psicoativas pelo pedestre,Atropelamento de Pedestre,Com Vítimas Feridas,Plena Noite,Decrescente,Céu Claro,Múltipla,Curva;Em Obras;Declive,Sim,2,0,2,0,0,0,2,2,-27.60327979,-48.63201818,SPRF-SC,DEL01-SC,UOP01-DEL01-SC,2021
"380190,0",2021-08-29,domingo,23:50:00,SC,101,"141,3",BALNEARIO CAMBORIU,Velocidade Incompatível,Colisão com objeto,Sem Vítimas,Plena Noite,Crescente,Nublado,Simples,Reta,Não,1,0,0,0,0,1,0,1,-27.04761729,-48.59995855,SPRF-SC,DEL04-SC,UOP03-DEL04-SC,2021
"380193,0",2021-08-29,domingo,20:00:00,SC,101,"412,0",ARARANGUA,Condutor deixou de manter distância do veículo da frente,Colisão traseira,Com Vítimas Feridas,Plena Noite,Crescente,Céu Claro,Dupla,Reta,Sim,2,0,0,1,1,0,1,2,-28.939333,-49.497513,SPRF-SC,DEL02-SC,UOP02-DEL02-SC,2021
"380200,0",2021-08-30,segunda-feira,00:55:00,SC,282,"575,1",PINHALZINHO,Ingestão de álcool pelo condutor,Colisão traseira,Com Vítimas Feridas,Plena Noite,Decrescente,Céu Claro,Simples,Reta;Aclive,Não,3,0,1,1,1,0,2,2,-26.869858,-52.96138,SPRF-SC,DEL07-SC,UOP02-DEL07-SC,2021
"380208,0",2021-08-30,segunda-feira,05:30:00,SC,101,"196,0",BIGUACU,Ingestão de álcool pelo condutor,Saída de leito carroçável,Com Vítimas Feridas,Plena Noite,Decrescente,Garoa/Chuvisco,Múltipla,Reta,Sim,2,0,1,1,0,0,2,1,-27.51101091,-48.64322292,SPRF-SC,DEL01-SC,UOP01-DEL01-SC,2021
"380216,0",2021-08-30,segunda-feira,05:40:00,SC,470,"126,0",LONTRAS,Demais falhas mecânicas ou elétricas,Incêndio,Sem Vítimas,Plena Noite,Decrescente,Nublado,Simples,Reta,Não,1,0,0,0,0,1,0,1,-27.129,-49.538277,SPRF-SC,DEL04-SC,UOP02-DEL04-SC,2021
"380239,0",2021-08-30,segunda-feira,07:10:00,SC,470,"133,2",RIO DO SUL,Desrespeitar a preferência no cruzamento,Colisão transversal,Com Vítimas Feridas,Pleno dia,Decrescente,Nublado,Simples,Reta,Sim,4,0,1,0,3,0,1,3,-27.17253676,-49.58314419,SPRF-SC,DEL04-SC,UOP02-DEL04-SC,2021
"380244,0",2021-08-30,segunda-feira,08:10:00,SC,101,"435,5",SOMBRIO,Ultrapassagem Indevida,Colisão lateral mesmo sentido,Com Vítimas Feridas,Pleno dia,Decrescente,Nublado,Múltipla,Rotatória,Sim,2,0,1,0,1,0,1,2,-29.1113758,-49.63829041,SPRF-SC,DEL02-SC,UOP02-DEL02-SC,2021
"380249,0",2021-08-30,segunda-feira,09:00:00,SC,282,"16,3",PALHOCA,Manobra de mudança de faixa,Colisão frontal,Com Vítimas Feridas,Pleno dia,Crescente,Garoa/Chuvisco,Simples,Interseção de Vias,Sim,3,0,3,0,0,0,3,2,-27.658611,-48.681847,SPRF-SC,DEL01-SC,UOP02-DEL01-SC,2021
"380261,0",2021-08-30,segunda-feira,09:45:00,SC,470,"88,0",ASCURRA,Acessar a via sem observar a presença dos outros veículos,Colisão lateral mesmo sentido,Com Vítimas Feridas,Pleno dia,Crescente,Garoa/Chuvisco,Simples,Reta,Não,2,0,1,0,1,0,1,2,-26.955355,-49.373169,SPRF-SC,DEL04-SC,UOP01-DEL04-SC,2021
"380267,0",2021-08-26,quinta-feira,18:00:00,SC,282,"3,7",FLORIANOPOLIS,Condutor deixou de manter distância do veículo da frente,Colisão traseira,Sem Vítimas,Plena Noite,Crescente,Céu Claro,Múltipla,Reta,Sim,4,0,0,0,1,3,0,3,-27.600384,-48.599705,SPRF-SC,DEL01-SC,UOP01-DEL01-SC,2021
"380270,0",2021-08-30,segunda-feira,09:45:00,SC,153,"100,2",CONCORDIA,Manobra de mudança de faixa,Colisão transversal,Com Vítimas Feridas,Pleno dia,Decrescente,Céu Claro,Simples,Reta,Sim,2,0,0,1,1,0,1,2,-27.242643,-51.95171,SPRF-SC,DEL07-SC,UOP04-DEL07-SC,2021
"380287,0",2021-08-30,segunda-feira,12:15:00,SC,101,"190,8",BIGUACU,Velocidade Incompatível,Saída de leito carroçável,Com Vítimas Feridas,Pleno dia,Crescente,Chuva,Dupla,Curva,Sim,1,0,0,1,0,0,1,1,-27.468056,-48.641712,SPRF-SC,DEL01-SC,UOP01-DEL01-SC,2021
"380291,0",2021-08-30,segunda-feira,12:55:00,SC,282,"4,5",SAO JOSE,Frear bruscamente,Tombamento,Com Vítimas Feridas,Pleno dia,Crescente,Chuva,Múltipla,Reta,Sim,1,0,1,0,0,0,1,1,-27.592646,-48.604034,SPRF-SC,DEL01-SC,UOP01-DEL01-SC,2021
"380295,0",2021-08-30,segunda-feira,07:15:00,SC,101,"113,6",ITAJAI,Condutor deixou de manter distância do veículo da frente,Colisão traseira,Com Vítimas Feridas,Pleno dia,Crescente,Chuva,Múltipla,Reta,Sim,2,0,1,0,1,0,1,2,-26.85311393,-48.72689927,SPRF-SC,DEL04-SC,UOP04-DEL04-SC,2021
"380386,0",2021-08-30,segunda-feira,14:20:00,SC,280,"23,5",ARAQUARI,Reação tardia ou ineficiente do condutor,Colisão transversal,Com Vítimas Feridas,Pleno dia,Crescente,Céu Claro,Simples,Reta,Sim,2,0,1,0,1,0,1,2,-26.37146,-48.711887,SPRF-SC,DEL03-SC,UOP03-DEL03-SC,2021
"380390,0",2021-08-30,segunda-feira,21:00:00,SC,470,"156,5",TROMBUDO CENTRAL,Condutor deixou de manter distância do veículo da frente,Colisão traseira,Com Vítimas Feridas,Plena Noite,Decrescente,Garoa/Chuvisco,Simples,Curva,Não,3,0,2,0,1,0,2,2,-27.281332,-49.760201,SPRF-SC,DEL04-SC,UOP02-DEL04-SC,2021
"380401,0",2021-08-30,segunda-feira,13:30:00,SC,101,"307,0",LAGUNA,Ausência de reação do condutor,Colisão com objeto,Com Vítimas Feridas,Pleno dia,Crescente,Céu Claro,Simples,Interseção de Vias,Não,2,0,1,1,0,0,2,1,-28.39199505,-48.77826295,SPRF-SC,DEL02-SC,UOP03-DEL02-SC,2021
"380419,0",2021-08-31,terça-feira,01:25:00,SC,282,"645,1",SAO MIGUEL DO OESTE,Ausência de reação do condutor,Saída de leito carroçável,Com Vítimas Feridas,Plena Noite,Crescente,Céu Claro,Simples,Reta;Aclive,Não,2,0,1,1,0,0,2,1,-26.765184,-53.487823,SPRF-SC,DEL07-SC,UOP03-DEL07-SC,2021
"380435,0",2021-08-31,terça-feira,07:40:00,SC,101,"204,7",SAO JOSE,Condutor deixou de manter distância do veículo da frente,Colisão traseira,Sem Vítimas,Pleno dia,Crescente,Céu Claro,Dupla,Reta,Não,2,0,0,0,2,0,0,2,-27.57413014,-48.61363083,SPRF-SC,DEL01-SC,UOP01-DEL01-SC,2021
"380463,0",2021-08-15,domingo,12:50:00,SC,101,"215,3",PALHOCA,Velocidade Incompatível,Capotamento,Com Vítimas Feridas,Pleno dia,Crescente,Céu Claro,Dupla,Reta,Sim,1,0,0,1,0,0,1,1,-27.65184843,-48.67604941,SPRF-SC,DEL01-SC,UOP02-DEL01-SC,2021
"380472,0",2021-08-31,terça-feira,11:30:00,SC,101,"192,2",BIGUACU,Trafegar com motocicleta (ou similar) entre as faixas,Colisão com objeto,Com Vítimas Feridas,Pleno dia,Crescente,Nublado,Múltipla,Curva,Sim,1,0,0,1,0,0,1,1,-27.48443781,-48.64765238,SPRF-SC,DEL01-SC,UOP01-DEL01-SC,2021
"380483,0",2021-08-31,terça-feira,11:20:00,SC,101,"270,4",IMBITUBA,Reação tardia ou ineficiente do condutor,Saída de leito carroçável,Com Vítimas Feridas,Pleno dia,Crescente,Céu Claro,Dupla,Reta,Não,3,0,3,0,0,0,3,1,-28.1015411,-48.70410641,SPRF-SC,DEL02-SC,UOP03-DEL02-SC,2021
"380489,0",2021-08-31,terça-feira,05:19:00,SC,282,"30,0",SANTO AMARO DA IMPERATRIZ,Demais falhas mecânicas ou elétricas,Incêndio,Sem Vítimas,Amanhecer,Crescente,Nublado,Simples,Reta,Não,2,0,0,0,0,2,0,1,-27.687376,-48.79071,SPRF-SC,DEL01-SC,UOP03-DEL01-SC,2021
"380515,0",2021-08-31,terça-feira,09:00:00,SC,101,"14,0",GARUVA,Demais falhas mecânicas ou elétricas,Capotamento,Com Vítimas Feridas,Pleno dia,Crescente,Céu Claro,Dupla,Reta,Não,1,0,1,0,0,0,1,1,-26.09803515,-48.86773972,SPRF-SC,DEL03-SC,UOP01-DEL03-SC,2021
"380538,0",2021-08-31,terça-feira,17:40:00,SC,280,"166,1",MAFRA,Reação tardia ou ineficiente do condutor,Tombamento,Com Vítimas Feridas,Pleno dia,Crescente,Céu Claro,Simples,Reta,Sim,1,0,0,1,0,0,1,1,-26.17713619,-49.81611416,SPRF-SC,DEL06-SC,UOP01-DEL06-SC,2021
"380547,0",2021-08-31,terça-feira,17:15:00,SC,280,"123,0",RIO NEGRINHO,Reação tardia ou ineficiente do condutor,Queda de ocupante de veículo,Com Vítimas Feridas,Pleno dia,Crescente,Céu Claro,Simples,Aclive;Reta,Sim,2,0,1,0,1,0,1,2,-26.24420169,-49.46557991,SPRF-SC,DEL06-SC,UOP03-DEL06-SC,2021
"380548,0",2021-08-29,domingo,16:40:00,SC,101,"324,0",CAPIVARI DE BAIXO,Ingestão de álcool pelo condutor,Tombamento,Com Vítimas Feridas,Pleno dia,Crescente,Céu Claro,Simples,Viaduto,Sim,1,0,0,1,0,0,1,1,-28.425698,-48.943285,SPRF-SC,DEL02-SC,UOP01-DEL02-SC,2021
"380549,0",2021-08-31,terça-feira,18:57:00,SC,101,"439,2",SOMBRIO,Transitar na contramão,Colisão frontal,Com Vítimas Feridas,Plena Noite,Crescente,Céu Claro,Simples,Reta,Não,2,0,0,1,1,0,1,2,-29.12393556,-49.66721535,SPRF-SC,DEL02-SC,UOP02-DEL02-SC,2021
"380553,0",2021-08-31,terça-feira,08:00:00,SC,280,"169,0",MAFRA,Acessar a via sem observar a presença dos outros veículos,Colisão transversal,Com Vítimas Feridas,Pleno dia,Decrescente,Céu Claro,Simples,Reta,Sim,2,0,1,0,1,0,1,2,-26.15225092,-49.81293951,SPRF-SC,DEL06-SC,UOP01-DEL06-SC,2021
"380560,0",2021-08-31,terça-feira,19:10:00,SC,101,"213,0",PALHOCA,Condutor deixou de manter distância do veículo da frente,Colisão transversal,Sem Vítimas,Plena Noite,Crescente,Céu Claro,Dupla,Reta,Sim,2,0,0,0,2,0,0,2,-27.63697369,-48.66514142,SPRF-SC,DEL01-SC,UOP02-DEL01-SC,2021
"380571,0",2021-08-31,terça-feira,17:55:00,SC,282,"569,9",NOVA ERECHIM,Acessar a via sem observar a presença dos outros veículos,Colisão transversal,Com Vítimas Feridas,Anoitecer,Crescente,Céu Claro,Simples,Reta,Sim,2,0,0,1,1,0,1,2,-26.894342,-52.923874,SPRF-SC,DEL07-SC,UOP02-DEL07-SC,2021
"380580,0",2021-08-31,terça-feira,17:10:00,SC,280,"23,5",ARAQUARI,Pedestre andava na pista,Atropelamento de Pedestre,Com Vítimas Feridas,Pleno dia,Decrescente,Nublado,Simples,Reta,Sim,3,0,0,1,2,0,1,2,-26.37486723,-48.7166512,SPRF-SC,DEL03-SC,UOP03-DEL03-SC,2021
"380582,0",2021-08-31,terça-feira,20:30:00,SC,282,"231,9",LAGES,Animais na Pista,Atropelamento de Animal,Com Vítimas Feridas,Plena Noite,Crescente,Nublado,Simples,Declive,Não,1,0,1,0,0,0,1,1,-27.78531831,-50.44382215,SPRF-SC,DEL05-SC,UOP02-DEL05-SC,2021
"380629,0",2021-09-01,quarta-feira,07:15:00,SC,101,"35,0",JOINVILLE,Manobra de mudança de faixa,Saída de leito carroçável,Com Vítimas Feridas,Pleno dia,Crescente,Nublado,Dupla,Reta,Não,4,0,4,0,0,0,4,1,-26.2411301,-48.91227415,SPRF-SC,DEL03-SC,UOP01-DEL03-SC,2021
"380638,0",2021-09-01,quarta-feira,07:00:00,SC,101,"357,0",SANGAO,Condutor deixou de manter distância do veículo da frente,Colisão traseira,Com Vítimas Feridas,Pleno dia,Crescente,Céu Claro,Simples,Reta,Sim,3,0,1,0,2,0,1,3,-28.64794441,-49.10403728,SPRF-SC,DEL02-SC,UOP01-DEL02-SC,2021
"380643,0",2021-07-23,sexta-feira,15:50:00,SC,101,"40,3",JOINVILLE,Ausência de reação do condutor,Colisão traseira,Com Vítimas Feridas,Pleno dia,Crescente,Sol,Dupla,Reta;Aclive,Sim,2,0,1,0,1,0,1,2,-26.27176094,-48.89468382,SPRF-SC,DEL03-SC,UOP01-DEL03-SC,2021
"380656,0",2021-09-01,quarta-feira,09:30:00,SC,101,"215,3",PALHOCA,Velocidade Incompatível,Colisão lateral mesmo sentido,Com Vítimas Feridas,Pleno dia,Decrescente,Nublado,Múltipla,Em Obras,Sim,3,0,1,1,1,0,2,2,-27.65184843,-48.67604941,SPRF-SC,DEL01-SC,UOP02-DEL01-SC,2021
"380667,0",2021-07-31,sábado,18:40:00,SC,282,"21,8",SANTO AMARO DA IMPERATRIZ,Ultrapassagem Indevida,Colisão frontal,Com Vítimas Feridas,Plena Noite,Crescente,Céu Claro,Simples,Reta,Sim,2,0,0,1,1,0,1,2,-27.68907,-48.717541,SPRF-SC,DEL01-SC,UOP02-DEL01-SC,2021
"380690,0",2021-09-01,quarta-feira,12:10:00,SC,470,"80,4",RODEIO,Reação tardia ou ineficiente do condutor,Tombamento,Com Vítimas Feridas,Pleno dia,Crescente,Nublado,Simples,Reta,Sim,1,0,1,0,0,0,1,1,-26.94858761,-49.32055541,SPRF-SC,DEL04-SC,UOP01-DEL04-SC,2021
"380702,0",2021-08-13,sexta-feira,06:10:00,SC,280,"31,0",ARAQUARI,Condutor deixou de manter distância do veículo da frente,Colisão com objeto,Com Vítimas Feridas,Amanhecer,Crescente,Garoa/Chuvisco,Simples,Rotatória,Não,1,0,1,0,0,0,1,1,-26.41649938,-48.77181215,SPRF-SC,DEL03-SC,UOP03-DEL03-SC,2021
"380708,0",2021-09-01,quarta-feira,13:20:00,SC,101,"221,1",PALHOCA,Demais falhas mecânicas ou elétricas,Queda de ocupante de veículo,Com Vítimas Feridas,Pleno dia,Decrescente,Céu Claro,Dupla,Retorno Regulamentado,Não,1,0,1,0,0,0,1,1,-27.70012652,-48.66021182,SPRF-SC,DEL01-SC,UOP02-DEL01-SC,2021
"380734,0",2021-09-01,quarta-feira,17:00:00,SC,101,"38,5",JOINVILLE,Acessar a via sem observar a presença dos outros veículos,Colisão transversal,Com Vítimas Feridas,Pleno dia,Decrescente,Nublado,Dupla,Viaduto;Rotatória;Interseção de Vias,Sim,2,0,1,0,1,0,1,2,-26.25472505,-48.90561309,SPRF-SC,DEL03-SC,UOP01-DEL03-SC,2021
"380741,0",2021-09-01,quarta-feira,18:00:00,SC,280,"124,0",RIO NEGRINHO,Desrespeitar a preferência no cruzamento,Colisão transversal,Com Vítimas Feridas,Anoitecer,Crescente,Céu Claro,Dupla,Reta,Sim,2,0,0,1,1,0,1,2,-26.24130297,-49.47514499,SPRF-SC,DEL06-SC,UOP03-DEL06-SC,2021
"380750,0",2021-08-28,sábado,22:55:00,SC,470,"70,1",INDAIAL,Pedestre cruzava a pista fora da faixa,Atropelamento de Pedestre,Com Vítimas Feridas,Plena Noite,Crescente,Nublado,Simples,Reta,Sim,2,0,1,0,0,1,1,2,-26.89130645,-49.2570967,SPRF-SC,DEL04-SC,UOP01-DEL04-SC,2021
"380753,0",2021-09-01,quarta-feira,19:35:00,SC,470,"33,5",GASPAR,Desrespeitar a preferência no cruzamento,Colisão transversal,Com Vítimas Feridas,Plena Noite,Decrescente,Nublado,Dupla,Retorno Regulamentado;Em Obras,Não,3,0,3,0,0,0,3,2,-26.90777372,-48.94358492,SPRF-SC,DEL04-SC,UOP01-DEL04-SC,2021
"380761,0",2021-09-01,quarta-feira,20:30:00,SC,470,"3,7",NAVEGANTES,Acessar a via sem observar a presença dos outros veículos,Colisão transversal,Com Vítimas Feridas,Plena Noite,Decrescente,Nublado,Dupla,Reta,Sim,3,0,2,0,1,0,2,2,-26.861937,-48.681618,SPRF-SC,DEL04-SC,UOP04-DEL04-SC,2021
"380766,0",2021-09-01,quarta-feira,21:00:00,SC,280,"57,3",GUARAMIRIM,Ingestão de álcool pelo condutor,Colisão frontal,Com Vítimas Feridas,Plena Noite,Crescente,Nublado,Simples,Reta,Sim,2,0,1,0,0,1,1,2,-26.47811421,-49.01259213,SPRF-SC,DEL03-SC,UOP03-DEL03-SC,2021
"380797,0",2021-09-02,quinta-feira,06:50:00,SC,101,"207,7",SAO JOSE,Condutor deixou de manter distância do veículo da frente,Colisão traseira,Com Vítimas Feridas,Pleno dia,Decrescente,Céu Claro,Múltipla,Reta,Sim,2,0,0,1,1,0,1,2,-27.60001226,-48.6226467,SPRF-SC,DEL01-SC,UOP01-DEL01-SC,2021
"380806,0",2021-09-02,quinta-feira,07:40:00,SC,101,"119,5",ITAJAI,Manobra de mudança de faixa,Colisão lateral mesmo sentido,Com Vítimas Feridas,Pleno dia,Decrescente,Nublado,Múltipla,Reta,Não,3,0,1,0,2,0,1,2,-26.89869757,-48.7176919,SPRF-SC,DEL04-SC,UOP04-DEL04-SC,2021
"380862,0",2021-09-02,quinta-feira,13:35:00,SC,280,"24,7",ARAQUARI,Ultrapassagem Indevida,Colisão frontal,Com Vítimas Feridas,Pleno dia,Crescente,Céu Claro,Simples,Interseção de Vias,Não,5,0,1,0,4,0,1,2,-26.37724921,-48.71953282,SPRF-SC,DEL03-SC,UOP03-DEL03-SC,2021
"380863,0",2021-09-02,quinta-feira,11:50:00,SC,116,"217,0",PONTE ALTA,Velocidade Incompatível,Saída de leito carroçável,Com Vítimas Feridas,Pleno dia,Crescente,Céu Claro,Simples,Curva,Sim,1,0,1,0,0,0,1,1,-27.55447701,-50.37698044,SPRF-SC,DEL05-SC,UOP03-DEL05-SC,2021
"380874,0",2021-09-02,quinta-feira,14:25:00,SC,101,"134,2",BALNEARIO CAMBORIU,Reação tardia ou ineficiente do condutor,Colisão transversal,Com Vítimas Feridas,Pleno dia,Crescente,Céu Claro,Simples,Reta,Sim,2,0,0,1,1,0,1,2,-27.00218,-48.636433,SPRF-SC,DEL04-SC,UOP03-DEL04-SC,2021
"380910,0",2021-09-02,quinta-feira,19:50:00,SC,470,"67,1",INDAIAL,Ingestão de álcool pelo condutor,Tombamento,Com Vítimas Feridas,Plena Noite,Decrescente,Céu Claro,Simples,Em Obras,Não,1,0,1,0,0,0,1,1,-26.87240028,-49.23175693,SPRF-SC,DEL04-SC,UOP01-DEL04-SC,2021
"380939,0",2021-09-02,quinta-feira,19:25:00,SC,101,"435,0",SOMBRIO,Reação tardia ou ineficiente do condutor,Colisão frontal,Com Vítimas Feridas,Anoitecer,Decrescente,Céu Claro,Simples,Reta,Sim,2,0,1,0,1,0,1,2,-29.09949414,-49.63480552,SPRF-SC,DEL02-SC,UOP02-DEL02-SC,2021
"380957,0",2021-09-03,sexta-feira,01:08:00,SC,116,"230,2",CORREIA PINTO,Manobra de mudança de faixa,Colisão transversal,Com Vítimas Feridas,Plena Noite,Decrescente,Nublado,Simples,Reta,Não,2,0,0,1,1,0,1,2,-27.66481801,-50.33623837,SPRF-SC,DEL05-SC,UOP03-DEL05-SC,2021
"380958,0",2021-09-02,quinta-feira,17:45:00,SC,282,"385,1",JOACABA,Ingestão de álcool pelo condutor,Colisão lateral mesmo sentido,Com Vítimas Feridas,Plena Noite,Crescente,Céu Claro,Simples,Curva,Sim,3,0,1,0,2,0,1,2,-27.200093,-51.51565,SPRF-SC,DEL07-SC,UOP05-DEL07-SC,2021
"380963,0",2021-09-03,sexta-feira,03:15:00,SC,280,"25,8",ARAQUARI,Reação tardia ou ineficiente do condutor,Saída de leito carroçável,Com Vítimas Feridas,Plena Noite,Decrescente,Nevoeiro/Neblina,Simples,Reta,Não,1,0,1,0,0,0,1,1,-26.38352781,-48.72677516,SPRF-SC,DEL03-SC,UOP03-DEL03-SC,2021
"380964,0",2021-09-02,quinta-feira,19:40:00,SC,101,"364,0",SANGAO,Animais na Pista,Tombamento,Com Vítimas Feridas,Plena Noite,Crescente,Céu Claro,Múltipla,Declive,Sim,1,0,1,0,0,0,1,1,-28.67821759,-49.13926425,SPRF-SC,DEL02-SC,UOP01-DEL02-SC,2021
"380972,0",2021-09-02,quinta-feira,21:50:00,SC,101,"344,7",TUBARAO,Demais falhas mecânicas ou elétricas,Incêndio,Sem Vítimas,Plena Noite,Decrescente,Céu Claro,Múltipla,Reta,Não,1,0,0,0,1,0,0,1,-28.53647889,-49.0531826,SPRF-SC,DEL02-SC,UOP01-DEL02-SC,2021
"380977,0",2021-09-03,sexta-feira,06:50:00,SC,101,"207,4",SAO JOSE,Manobra de mudança de faixa,Colisão lateral mesmo sentido,Com Vítimas Feridas,Pleno dia,Crescente,Céu Claro,Múltipla,Aclive,Não,2,0,0,1,1,0,1,2,-27.60001226,-48.6226467,SPRF-SC,DEL01-SC,UOP01-DEL01-SC,2021
"380982,0",2021-09-02,quinta-feira,22:30:00,SC,470,"66,8",INDAIAL,Acessar a via sem observar a presença dos outros veículos,Colisão transversal,Com Vítimas Feridas,Plena Noite,Crescente,Nublado,Simples,Reta,Sim,2,0,2,0,0,0,2,2,-26.870407,-49.221844,SPRF-SC,DEL04-SC,UOP01-DEL04-SC,2021
"380990,0",2021-09-03,sexta-feira,07:40:00,SC,153,"97,5",CONCORDIA,Acessar a via sem observar a presença dos outros veículos,Colisão transversal,Com Vítimas Feridas,Pleno dia,Crescente,Céu Claro,Simples,Curva,Não,2,0,1,0,1,0,1,2,-27.220152,-51.948879,SPRF-SC,DEL07-SC,UOP04-DEL07-SC,2021
"381021,0",2021-09-03,sexta-feira,11:10:00,SC,101,"118,2",ITAJAI,Manobra de mudança de faixa,Tombamento,Com Vítimas Feridas,Pleno dia,Crescente,Céu Claro,Dupla,Reta,Sim,3,0,2,0,1,0,2,2,-26.895859,-48.71903,SPRF-SC,DEL04-SC,UOP04-DEL04-SC,2021
"381027,0",2021-09-03,sexta-feira,12:00:00,SC,101,"197,0",BIGUACU,Área urbana sem a presença de local apropriado para a travessia de pedestres,Atropelamento de Pedestre,Com Vítimas Feridas,Pleno dia,Decrescente,Céu Claro,Dupla,Reta,Sim,4,0,0,1,1,2,1,2,-27.51844497,-48.63848496,SPRF-SC,DEL01-SC,UOP01-DEL01-SC,2021
"381031,0",2021-09-03,sexta-feira,12:45:00,SC,101,"134,0",BALNEARIO CAMBORIU,Reação tardia ou ineficiente do condutor,Colisão com objeto,Com Vítimas Feridas,Pleno dia,Decrescente,Nublado,Múltipla,Reta,Sim,1,0,1,0,0,0,1,1,-27.00218,-48.636433,SPRF-SC,DEL04-SC,UOP03-DEL04-SC,2021
"381057,0",2021-09-03,sexta-feira,13:10:00,SC,101,"54,0",JOINVILLE,Velocidade Incompatível,Queda de ocupante de veículo,Com Vítimas Feridas,Pleno dia,Decrescente,Sol,Dupla,Reta,Não,1,0,1,0,0,0,1,1,-26.41319508,-48.83617332,SPRF-SC,DEL03-SC,UOP01-DEL03-SC,2021
"381065,0",2021-09-03,sexta-feira,15:05:00,SC,101,"131,5",BALNEARIO CAMBORIU,Reação tardia ou ineficiente do condutor,Colisão traseira,Com Vítimas Feridas,Pleno dia,Crescente,Céu Claro,Dupla,Reta,Sim,2,0,1,0,1,0,1,2,-26.99064209,-48.66310912,SPRF-SC,DEL04-SC,UOP03-DEL04-SC,2021
"381074,0",2021-09-03,sexta-feira,15:37:00,SC,282,"3,5",FLORIANOPOLIS,Condutor deixou de manter distância do veículo da frente,Colisão traseira,Com Vítimas Feridas,Pleno dia,Crescente,Nublado,Múltipla,Reta,Sim,2,0,1,0,1,0,1,2,-27.600384,-48.599705,SPRF-SC,DEL01-SC,UOP01-DEL01-SC,2021
"381076,0",2021-09-03,sexta-feira,15:30:00,SC,280,"55,0",GUARAMIRIM,Área urbana sem a presença de local apropriado para a travessia de pedestres,Atropelamento de Pedestre,Com Vítimas Feridas,Pleno dia,Crescente,Céu Claro,Simples,Reta,Sim,2,0,0,1,1,0,1,2,-26.47584353,-48.9937858,SPRF-SC,DEL03-SC,UOP03-DEL03-SC,2021
"381078,0",2021-09-03,sexta-feira,15:20:00,SC,282,"3,8",FLORIANOPOLIS,Trafegar com motocicleta (ou similar) entre as faixas,Colisão lateral mesmo sentido,Com Vítimas Feridas,Pleno dia,Crescente,Céu Claro,Múltipla,Curva,Sim,2,0,0,1,1,0,1,2,-27.593919,-48.6019814,SPRF-SC,DEL01-SC,UOP01-DEL01-SC,2021
"381092,0",2021-09-03,sexta-feira,16:00:00,SC,101,"94,4",BARRA VELHA,Manobra de mudança de faixa,Colisão traseira,Com Vítimas Feridas,Pleno dia,Crescente,Céu Claro,Dupla,Reta,Não,4,0,2,0,2,0,2,2,-26.69940401,-48.69902784,SPRF-SC,DEL03-SC,UOP02-DEL03-SC,2021
"381094,0",2021-09-03,sexta-feira,15:50:00,SC,470,"55,5",BLUMENAU,Conversão proibida,Colisão transversal,Com Vítimas Feridas,Pleno dia,Crescente,Sol,Simples,Reta,Sim,3,0,2,0,0,1,2,2,-26.87641614,-49.12289858,SPRF-SC,DEL04-SC,UOP01-DEL04-SC,2021