id,data_inversa,dia_semana,horario,uf,br,km,municipio,causa_acidente,tipo_acidente,classificacao_acidente,fase_dia,sentido_via,condicao_metereologica,tipo_pista,tracado_via,uso_solo,pessoas,mortos,feridos_leves,feridos_graves,ilesos,ignorados,feridos,veiculos,latitude,longitude,regional,delegacia,uop,ano_arquivo
"381905,0",2021-09-06,segunda-feira,18:30:00,SC,101,"120,0",ITAJAI,Trafegar com motocicleta (ou similar) entre as faixas,Colisão lateral mesmo sentido,Com Vítimas Feridas,Plena Noite,Decrescente,Céu Claro,Dupla,Reta,Sim,2,0,1,0,1,0,1,2,-26.912758,-48.711998,SPRF-SC,DEL04-SC,UOP04-DEL04-SC,2021
"381920,0",2021-09-06,segunda-feira,18:50:00,SC,116,"267,7",CAPAO ALTO,Desrespeitar a preferência no cruzamento,Colisão transversal,Sem Vítimas,Anoitecer,Decrescente,Nublado,Simples,Interseção de Vias,Não,2,0,0,0,2,0,0,2,-27.95633968,-50.48430204,SPRF-SC,DEL05-SC,UOP02-DEL05-SC,2021
"381949,0",2021-09-06,segunda-feira,19:15:00,SC,101,"339,9",TUBARAO,Desrespeitar a preferência no cruzamento,Colisão lateral mesmo sentido,Com Vítimas Feridas,Plena Noite,Crescente,Céu Claro,Simples,Reta,Não,2,0,1,0,1,0,1,2,-28.49351117,-49.04178985,SPRF-SC,DEL02-SC,UOP01-DEL02-SC,2021
"381971,0",2021-09-07,terça-feira,02:15:00,SC,101,"197,0",BIGUACU,Ingestão de álcool pelo condutor,Saída de leito carroçável,Sem Vítimas,Plena Noite,Decrescente,Chuva,Múltipla,Aclive;Curva,Sim,1,0,0,0,1,0,0,1,-27.51836254,-48.63828242,SPRF-SC,DEL01-SC,UOP01-DEL01-SC,2021
"381978,0",2021-09-07,terça-feira,03:30:00,SC,101,"228,9",PALHOCA,Velocidade Incompatível,Colisão com objeto,Com Vítimas Feridas,Plena Noite,Crescente,Chuva,Múltipla,Curva,Não,2,0,2,0,0,0,2,1,-27.75967792,-48.63065958,SPRF-SC,DEL01-SC,UOP02-DEL01-SC,2021
"381985,0",2021-09-07,terça-feira,04:30:00,SC,101,"189,0",BIGUACU,Ausência de reação do condutor,Colisão com objeto,Com Vítimas Feridas,Plena Noite,Crescente,Chuva,Dupla,Reta,Não,1,0,1,0,0,0,1,1,-27.459393,-48.638914,SPRF-SC,DEL01-SC,UOP01-DEL01-SC,2021
"381988,0",2021-09-07,terça-feira,06:15:00,SC,101,"336,4",TUBARAO,Velocidade Incompatível,Colisão com objeto,Com Vítimas Feridas,Pleno dia,Crescente,Chuva,Dupla,Curva,Não,4,0,4,0,0,0,4,1,-28.48468588,-49.03575897,SPRF-SC,DEL02-SC,UOP01-DEL02-SC,2021
"381992,0",2021-09-07,terça-feira,07:00:00,SC,101,"128,5",BALNEARIO CAMBORIU,Velocidade Incompatível,Capotamento,Com Vítimas Feridas,Pleno dia,Decrescente,Nublado,Dupla,Curva,Sim,1,0,1,0,0,0,1,1,-26.97284292,-48.68299451,SPRF-SC,DEL04-SC,UOP03-DEL04-SC,2021
"381993,0",2021-09-07,terça-feira,05:25:00,SC,101,"355,9",SANGAO,Chuva,Saída de leito carroçável,Com Vítimas Feridas,Pleno dia,Crescente,Chuva,Dupla,Reta,Não,1,0,1,0,0,0,1,1,-28.62380715,-49.07828489,SPRF-SC,DEL02-SC,UOP01-DEL02-SC,2021
"381996,0",2021-09-07,terça-feira,06:15:00,SC,116,"176,3",SAO CRISTOVAO DO SUL,Velocidade Incompatível,Saída de leito carroçável,Com Vítimas Feridas,Amanhecer,Decrescente,Nublado,Simples,Curva,Não,2,0,1,0,1,0,1,1,-27.24164321,-50.46329137,SPRF-SC,DEL05-SC,UOP03-DEL05-SC,2021
"382015,0",2021-09-07,terça-feira,03:00:00,SC,116,"264,4",CAPAO ALTO,Ingestão de álcool pelo condutor,Saída de leito carroçável,Sem Vítimas,Plena Noite,Decrescente,Garoa/Chuvisco,Simples,Declive;Curva,Não,1,0,0,0,0,1,0,1,-27.93311409,-50.46466016,SPRF-SC,DEL05-SC,UOP02-DEL05-SC,2021
"382047,0",2021-09-07,terça-feira,11:20:00,SC,280,"97,5",SAO BENTO DO SUL,Curva acentuada,Saída de leito carroçável,Com Vítimas Feridas,Pleno dia,Decrescente,Garoa/Chuvisco,Simples,Curva,Não,3,0,1,0,2,0,1,1,-26.37833107,-49.31732124,SPRF-SC,DEL06-SC,UOP03-DEL06-SC,2021
"382055,0",2021-09-07,terça-feira,14:10:00,SC,282,"83,1",ALFREDO WAGNER,Velocidade Incompatível,Saída de leito carroçável,Com Vítimas Feridas,Pleno dia,Crescente,Chuva,Simples,Curva,Não,2,0,1,1,0,0,2,1,-27.666153,-49.175022,SPRF-SC,DEL01-SC,UOP03-DEL01-SC,2021
"382068,0",2021-09-07,terça-feira,12:10:00,SC,116,"159,9",SANTA CECILIA,Acumulo de água sobre o pavimento,Saída de leito carroçável,Sem Vítimas,Pleno dia,Crescente,Chuva,Simples,Curva,Não,1,0,0,0,1,0,0,1,-27.09960799,-50.45374278,SPRF-SC,DEL06-SC,UOP02-DEL06-SC,2021
"382080,0",2021-09-07,terça-feira,15:58:00,SC,101,"60,9",ARAQUARI,Velocidade Incompatível,Saída de leito carroçável,Com Vítimas Feridas,Pleno dia,Crescente,Chuva,Simples,Curva,Não,1,0,0,1,0,0,1,1,-26.45072823,-48.78570317,SPRF-SC,DEL03-SC,UOP02-DEL03-SC,2021
"382092,0",2021-09-07,terça-feira,17:10:00,SC,282,"51,5",AGUAS MORNAS,Problema na suspensão,Tombamento,Com Vítimas Feridas,Pleno dia,Decrescente,Chuva,Simples,Reta,Não,2,0,1,1,0,0,2,1,-27.703712,-48.959267,SPRF-SC,DEL01-SC,UOP03-DEL01-SC,2021
"382093,0",2021-09-07,terça-feira,15:45:00,SC,153,"20,0",AGUA DOCE,Afundamento ou ondulação no pavimento,Saída de leito carroçável,Com Vítimas Fatais,Pleno dia,Crescente,Céu Claro,Simples,Reta,Não,1,1,0,0,0,0,0,1,-26.7251343,-51.6321373,SPRF-SC,DEL07-SC,UOP05-DEL07-SC,2021
"382101,0",2021-09-07,terça-feira,17:40:00,SC,282,"58,0",RANCHO QUEIMADO,Reação tardia ou ineficiente do condutor,Colisão traseira,Com Vítimas Feridas,Anoitecer,Decrescente,Chuva,Simples,Curva,Não,4,0,1,0,3,0,1,2,-27.683594,-49.005539,SPRF-SC,DEL01-SC,UOP03-DEL01-SC,2021
"382126,0",2021-09-07,terça-feira,18:40:00,SC,280,"55,4",GUARAMIRIM,Acessar a via sem observar a presença dos outros veículos,Colisão transversal,Com Vítimas Feridas,Plena Noite,Crescente,Chuva,Dupla,Rotatória,Sim,2,0,0,1,1,0,1,2,-26.4790663,-49.00095463,SPRF-SC,DEL03-SC,UOP03-DEL03-SC,2021
"382132,0",2021-09-07,terça-feira,18:00:00,SC,282,"656,9",SAO MIGUEL DO OESTE,Condutor deixou de manter distância do veículo da frente,Colisão traseira,Com Vítimas Feridas,Pleno dia,Decrescente,Sol,Simples,Curva,Não,2,0,1,0,1,0,1,2,-26.696913,-53.5364,SPRF-SC,DEL07-SC,UOP03-DEL07-SC,2021
"382148,0",2021-08-06,sexta-feira,20:45:00,SC,101,"333,2",TUBARAO,Condutor deixou de manter distância do veículo da frente,Colisão traseira,Com Vítimas Feridas,Plena Noite,Decrescente,Céu Claro,Simples,Reta,Sim,2,0,0,2,0,0,2,2,-28.46730446,-49.00604302,SPRF-SC,DEL02-SC,UOP01-DEL02-SC,2021
"382160,0",2021-09-07,terça-feira,21:00:00,SC,282,"656,2",SAO MIGUEL DO OESTE,Ingestão de álcool pelo condutor,Saída de leito carroçável,Sem Vítimas,Plena Noite,Crescente,Céu Claro,Simples,Reta,Não,1,0,0,0,1,0,0,1,-26.696913,-53.5364,SPRF-SC,DEL07-SC,UOP03-DEL07-SC,2021
"382165,0",2021-09-07,terça-feira,08:40:00,SC,101,"155,0",PORTO BELO,Ingestão de álcool pelo condutor,Colisão com objeto,Sem Vítimas,Pleno dia,Crescente,Nublado,Simples,Curva,Sim,1,0,0,0,1,0,0,1,-27.16292,-48.61129,SPRF-SC,DEL04-SC,UOP03-DEL04-SC,2021
"382166,0",2021-09-07,terça-feira,22:20:00,SC,101,"134,0",BALNEARIO CAMBORIU,Acessar a via sem observar a presença dos outros veículos,Colisão lateral mesmo sentido,Com Vítimas Feridas,Plena Noite,Crescente,Garoa/Chuvisco,Simples,Reta,Sim,2,0,0,1,1,0,1,2,-27.00218,-48.636433,SPRF-SC,DEL04-SC,UOP03-DEL04-SC,2021
"382171,0",2021-09-07,terça-feira,23:00:00,SC,282,"573,6",PINHALZINHO,Ingestão de álcool pelo condutor,Colisão frontal,Com Vítimas Feridas,Plena Noite,Decrescente,Céu Claro,Simples,Curva,Não,1,0,1,0,0,0,1,1,-26.872942,-52.956654,SPRF-SC,DEL07-SC,UOP02-DEL07-SC,2021
"382174,0",2021-09-07,terça-feira,23:45:00,SC,101,"216,0",PALHOCA,Ultrapassagem Indevida,Saída de leito carroçável,Com Vítimas Feridas,Plena Noite,Crescente,Chuva,Múltipla,Reta,Sim,2,0,1,0,1,0,1,1,-27.65981409,-48.67747798,SPRF-SC,DEL01-SC,UOP02-DEL01-SC,2021
"382188,0",2021-09-08,quarta-feira,05:40:00,SC,101,"250,0",PAULO LOPES,Ingestão de álcool e/ou substâncias psicoativas pelo pedestre,Atropelamento de Pedestre,Com Vítimas Feridas,Plena Noite,Decrescente,Garoa/Chuvisco,Dupla,Reta,Sim,2,0,1,0,1,0,1,2,-27.94186028,-48.66644267,SPRF-SC,DEL02-SC,UOP03-DEL02-SC,2021
"382190,0",2021-09-08,quarta-feira,06:23:00,SC,101,"205,5",SAO JOSE,Chuva,Colisão com objeto,Com Vítimas Feridas,Amanhecer,Crescente,Chuva,Múltipla,Curva,Sim,1,0,1,0,0,0,1,1,-27.5869828,-48.61672819,SPRF-SC,DEL01-SC,UOP01-DEL01-SC,2021
"382196,0",2021-09-07,terça-feira,22:00:00,SC,101,"138,7",BALNEARIO CAMBORIU,Reação tardia ou ineficiente do condutor,Saída de leito carroçável,Com Vítimas Feridas,Plena Noite,Decrescente,Garoa/Chuvisco,Múltipla,Curva,Sim,4,0,2,0,2,0,2,2,-27.02397426,-48.60761649,SPRF-SC,DEL04-SC,UOP03-DEL04-SC,2021
"382197,0",2021-09-08,quarta-feira,02:00:00,SC,280,"155,5",MAFRA,Ingestão de álcool pelo condutor,Capotamento,Com Vítimas Feridas,Plena Noite,Crescente,Céu Claro,Simples,Curva,Não,1,0,1,0,0,0,1,1,-26.21132066,-49.72749885,SPRF-SC,DEL06-SC,UOP03-DEL06-SC,2021
"382208,0",2021-09-08,quarta-feira,07:40:00,SC,101,"132,0",BALNEARIO CAMBORIU,Reação tardia ou ineficiente do condutor,Tombamento,Com Vítimas Feridas,Pleno dia,Decrescente,Nublado,Múltipla,Reta,Sim,1,0,1,0,0,0,1,1,-26.99654133,-48.65564711,SPRF-SC,DEL04-SC,UOP03-DEL04-SC,2021
"382209,0",2021-09-08,quarta-feira,08:15:00,SC,101,"203,0",SAO JOSE,Ultrapassagem Indevida,Colisão traseira,Com Vítimas Feridas,Pleno dia,Crescente,Nublado,Múltipla,Reta,Sim,2,0,1,0,1,0,1,2,-27.5650044,-48.61460082,SPRF-SC,DEL01-SC,UOP01-DEL01-SC,2021
"382223,0",2021-09-08,quarta-feira,08:50:00,SC,101,"191,0",BIGUACU,Pista Escorregadia,Colisão com objeto,Com Vítimas Feridas,Pleno dia,Decrescente,Garoa/Chuvisco,Dupla,Curva,Não,1,0,1,0,0,0,1,1,-27.47730273,-48.64127329,SPRF-SC,DEL01-SC,UOP01-DEL01-SC,2021
"382235,0",2021-09-08,quarta-feira,07:15:00,SC,282,"162,7",BOM RETIRO,Condutor Dormindo,Colisão lateral sentido oposto,Com Vítimas Feridas,Pleno dia,Decrescente,Nublado,Simples,Reta,Não,2,0,1,0,1,0,1,2,-27.729252,-49.77306,SPRF-SC,DEL05-SC,UOP01-DEL05-SC,2021
"382247,0",2021-09-08,quarta-feira,08:40:00,SC,282,"54,9",AGUAS MORNAS,Velocidade Incompatível,Colisão frontal,Com Vítimas Fatais,Pleno dia,Crescente,Chuva,Simples,Reta,Não,3,2,0,0,1,0,0,2,-27.6892428,-48.9831077,SPRF-SC,DEL01-SC,UOP03-DEL01-SC,2021
"382248,0",2021-09-08,quarta-feira,11:00:00,SC,282,"54,4",AGUAS MORNAS,Chuva,Saída de leito carroçável,Com Vítimas Feridas,Pleno dia,Decrescente,Chuva,Simples,Curva,Não,2,0,1,0,1,0,1,1,-27.685799,-48.974514,SPRF-SC,DEL01-SC,UOP03-DEL01-SC,2021
"382264,0",2021-09-08,quarta-feira,12:50:00,SC,101,"155,0",PORTO BELO,Frear bruscamente,Colisão com objeto,Com Vítimas Feridas,Pleno dia,Crescente,Chuva,Simples,Viaduto,Não,1,0,1,0,0,0,1,1,-27.16292,-48.61129,SPRF-SC,DEL04-SC,UOP03-DEL04-SC,2021
"382265,0",2021-09-08,quarta-feira,13:00:00,SC,101,"127,1",ITAJAI,Reação tardia ou ineficiente do condutor,Queda de ocupante de veículo,Com Vítimas Feridas,Pleno dia,Crescente,Chuva,Dupla,Reta,Não,1,0,1,0,0,0,1,1,-26.9639319,-48.68328024,SPRF-SC,DEL04-SC,UOP04-DEL04-SC,2021
"382272,0",2021-09-08,quarta-feira,14:00:00,SC,101,"13,7",GARUVA,Condutor deixou de manter distância do veículo da frente,Colisão traseira,Com Vítimas Feridas,Pleno dia,Decrescente,Garoa/Chuvisco,Dupla,Reta,Não,2,0,1,0,1,0,1,2,-26.08986803,-48.86345096,SPRF-SC,DEL03-SC,UOP01-DEL03-SC,2021
"382284,0",2021-09-08,quarta-feira,10:30:00,SC,153,"58,7",IRANI,Acessar a via sem observar a presença dos outros veículos,Colisão transversal,Com Vítimas Feridas,Pleno dia,Decrescente,Chuva,Simples,Interseção de Vias;Rotatória;Curva,Não,2,0,0,1,1,0,1,2,-26.96972387,-51.85439641,SPRF-SC,DEL07-SC,UOP04-DEL07-SC,2021
"382296,0",2021-09-08,quarta-feira,11:35:00,SC,282,"446,0",PONTE SERRADA,Velocidade Incompatível,Tombamento,Com Vítimas Feridas,Pleno dia,Decrescente,Nublado,Simples,Curva,Não,2,0,1,0,1,0,1,1,-26.910217,-51.914951,SPRF-SC,DEL07-SC,UOP04-DEL07-SC,2021
"382298,0",2021-09-08,quarta-feira,14:30:00,SC,101,"57,1",ARAQUARI,Obstrução na via,Eventos atípicos,Com Vítimas Feridas,Pleno dia,Decrescente,Garoa/Chuvisco,Dupla,Reta,Não,5,0,2,0,2,1,2,2,-26.43646093,-48.81113029,SPRF-SC,DEL03-SC,UOP01-DEL03-SC,2021
"382324,0",2021-09-08,quarta-feira,19:10:00,SC,101,"216,0",PALHOCA,Acessar a via sem observar a presença dos outros veículos,Atropelamento de Pedestre,Com Vítimas Feridas,Plena Noite,Crescente,Chuva,Múltipla,Reta,Sim,2,0,0,1,1,0,1,2,-27.66069747,-48.67718313,SPRF-SC,DEL01-SC,UOP02-DEL01-SC,2021
"382332,0",2021-09-08,quarta-feira,15:20:00,SC,101,"91,0",BARRA VELHA,Ausência de reação do condutor,Colisão com objeto,Com Vítimas Feridas,Pleno dia,Crescente,Céu Claro,Simples,Reta,Não,1,0,1,0,0,0,1,1,-26.67120698,-48.69011814,SPRF-SC,DEL03-SC,UOP02-DEL03-SC,2021
"382359,0",2021-09-08,quarta-feira,14:40:00,SC,470,"327,4",CAMPOS NOVOS,Velocidade Incompatível,Colisão com objeto,Com Vítimas Feridas,Pleno dia,Decrescente,Chuva,Simples,Reta,Não,4,0,3,0,1,0,3,1,-27.465645,-51.268574,SPRF-SC,DEL07-SC,UOP06-DEL07-SC,2021
"382362,0",2021-09-09,quinta-feira,02:37:00,SC,101,"190,0",BIGUACU,Velocidade Incompatível,Colisão com objeto,Sem Vítimas,Plena Noite,Crescente,Nublado,Dupla,Curva,Sim,1,0,0,0,0,1,0,1,-27.468056,-48.641712,SPRF-SC,DEL01-SC,UOP01-DEL01-SC,2021
"382363,0",2021-09-08,quarta-feira,20:23:00,SC,101,"280,0",IMBITUBA,Ausência de reação do condutor,Saída de leito carroçável,Sem Vítimas,Plena Noite,Crescente,Nublado,Dupla,Reta,Não,1,0,0,0,0,1,0,1,-28.17962805,-48.6956297,SPRF-SC,DEL02-SC,UOP03-DEL02-SC,2021
"382393,0",2021-09-09,quinta-feira,07:30:00,SC,282,"174,7",BOCAINA DO SUL,Condutor Dormindo,Saída de leito carroçável,Com Vítimas Feridas,Pleno dia,Crescente,Céu Claro,Simples,Declive;Reta,Não,2,0,2,0,0,0,2,1,-27.742559,-49.882248,SPRF-SC,DEL05-SC,UOP01-DEL05-SC,2021
"382418,0",2021-09-09,quinta-feira,11:00:00,SC,101,"204,0",SAO JOSE,Velocidade Incompatível,Colisão traseira,Com Vítimas Feridas,Pleno dia,Decrescente,Céu Claro,Múltipla,Interseção de Vias,Sim,2,0,0,1,1,0,1,2,-27.57413014,-48.61363083,SPRF-SC,DEL01-SC,UOP01-DEL01-SC,2021
"382428,0",2021-09-09,quinta-feira,11:50:00,SC,101,"411,0",ARARANGUA,Pedestre cruzava a pista fora da faixa,Atropelamento de Pedestre,Com Vítimas Fatais,Pleno dia,Crescente,Céu Claro,Dupla,Reta,Não,3,1,0,0,1,1,0,2,-28.93575402,-49.51847076,SPRF-SC,DEL02-SC,UOP02-DEL02-SC,2021
"382433,0",2021-09-09,quinta-feira,13:30:00,SC,101,"253,0",PAULO LOPES,Desrespeitar a preferência no cruzamento,Colisão transversal,Com Vítimas Feridas,Pleno dia,Decrescente,Céu Claro,Múltipla,Interseção de Vias;Reta,Sim,2,0,1,0,1,0,1,2,-27.96671631,-48.67932558,SPRF-SC,DEL02-SC,UOP03-DEL02-SC,2021
"382443,0",2021-09-09,quinta-feira,11:15:00,SC,470,"96,5",ASCURRA,Acessar a via sem observar a presença dos outros veículos,Colisão transversal,Com Vítimas Feridas,Pleno dia,Decrescente,Céu Claro,Simples,Reta,Não,2,0,1,1,0,0,2,2,-27.020767,-49.371342,SPRF-SC,DEL04-SC,UOP01-DEL04-SC,2021
"382456,0",2021-09-09,quinta-feira,15:42:00,SC,470,"137,9",RIO DO SUL,Ultrapassagem Indevida,Colisão lateral sentido oposto,Com Vítimas Fatais,Pleno dia,Decrescente,Céu Claro,Simples,Reta,Sim,2,1,0,0,1,0,0,2,-27.19213996,-49.62211132,SPRF-SC,DEL04-SC,UOP02-DEL04-SC,2021
"382493,0",2021-09-09,quinta-feira,18:45:00,SC,470,"38,6",GASPAR,Transitar na contramão,Colisão frontal,Com Vítimas Fatais,Plena Noite,Crescente,Nublado,Simples,Desvio Temporário,Sim,2,1,0,0,1,0,0,2,-26.89973356,-48.98465849,SPRF-SC,DEL04-SC,UOP01-DEL04-SC,2021
"382506,0",2021-09-09,quinta-feira,19:00:00,SC,280,"26,0",ARAQUARI,Reação tardia ou ineficiente do condutor,Saída de leito carroçável,Com Vítimas Feridas,Plena Noite,Crescente,Céu Claro,Simples,Reta,Sim,2,0,0,1,1,0,1,2,-26.390096,-48.734599,SPRF-SC,DEL03-SC,UOP03-DEL03-SC,2021
"382513,0",2021-09-09,quinta-feira,19:35:00,SC,282,"2,1",FLORIANOPOLIS,Ausência de reação do condutor,Colisão lateral mesmo sentido,Com Vítimas Feridas,Plena Noite,Crescente,Céu Claro,Simples,Interseção de Vias,Não,2,0,1,0,1,0,1,2,-27.603289,-48.590416,SPRF-SC,DEL01-SC,UOP01-DEL01-SC,2021
"382517,0",2021-09-09,quinta-feira,02:00:00,SC,280,"165,5",MAFRA,Ingestão de álcool pelo condutor,Colisão com objeto,Sem Vítimas,Plena Noite,Decrescente,Garoa/Chuvisco,Simples,Interseção de Vias,Sim,1,0,0,0,0,1,0,1,-26.16472113,-49.81844902,SPRF-SC,DEL06-SC,UOP01-DEL06-SC,2021
"382528,0",2021-09-09,quinta-feira,20:00:00,SC,282,"645,8",SAO MIGUEL DO OESTE,Ingestão de álcool pelo condutor,Saída de leito carroçável,Com Vítimas Feridas,Plena Noite,Decrescente,Céu Claro,Simples,Reta;Declive,Não,1,0,0,1,0,0,1,1,-26.76420078,-53.49654078,SPRF-SC,DEL07-SC,UOP03-DEL07-SC,2021
"382560,0",2021-09-10,sexta-feira,01:00:00,SC,101,"57,8",ARAQUARI,Objeto estático sobre o leito carroçável,Colisão com objeto,Com Vítimas Feridas,Plena Noite,Crescente,Nublado,Dupla,Reta;Aclive,Não,1,0,0,1,0,0,1,1,-26.43646093,-48.81113029,SPRF-SC,DEL03-SC,UOP01-DEL03-SC,2021
"382566,0",2021-09-10,sexta-feira,06:10:00,SC,101,"213,8",PALHOCA,Trafegar com motocicleta (ou similar) entre as faixas,Colisão lateral mesmo sentido,Com Vítimas Feridas,Pleno dia,Decrescente,Céu Claro,Múltipla,Em Obras,Sim,2,0,0,1,1,0,1,2,-27.63697369,-48.66514142,SPRF-SC,DEL01-SC,UOP02-DEL01-SC,2021
"382568,0",2021-09-10,sexta-feira,06:45:00,SC,101,"209,2",SAO JOSE,Ausência de reação do condutor,Colisão traseira,Com Vítimas Feridas,Pleno dia,Decrescente,Nublado,Múltipla,Reta,Sim,2,0,0,1,1,0,1,2,-27.61000542,-48.63895057,SPRF-SC,DEL01-SC,UOP01-DEL01-SC,2021
"382593,0",2021-09-10,sexta-feira,07:25:00,SC,282,"586,9",PINHALZINHO,Transitar na contramão,Colisão frontal,Com Vítimas Feridas,Pleno dia,Crescente,Sol,Simples,Declive;Curva,Não,3,0,0,1,2,0,1,2,-26.83295545,-53.03203583,SPRF-SC,DEL07-SC,UOP02-DEL07-SC,2021
"382602,0",2021-09-10,sexta-feira,09:30:00,SC,101,"205,8",SAO JOSE,Reação tardia ou ineficiente do condutor,Colisão traseira,Com Vítimas Feridas,Pleno dia,Decrescente,Céu Claro,Múltipla,Reta,Sim,2,0,1,0,1,0,1,2,-27.58313237,-48.61532885,SPRF-SC,DEL01-SC,UOP01-DEL01-SC,2021
"382630,0",2021-09-10,sexta-feira,11:20:00,SC,280,"72,5",JARAGUA DO SUL,Ultrapassagem Indevida,Colisão lateral mesmo sentido,Com Vítimas Feridas,Pleno dia,Decrescente,Sol,Simples,Reta,Não,2,0,1,0,1,0,1,2,-26.45955419,-49.14342101,SPRF-SC,DEL03-SC,UOP03-DEL03-SC,2021
"382635,0",2021-08-05,quinta-feira,19:20:00,SC,101,"203,0",SAO JOSE,Acessar a via sem observar a presença dos outros veículos,Colisão lateral mesmo sentido,Com Vítimas Feridas,Plena Noite,Decrescente,Nublado,Múltipla,Interseção de Vias,Sim,2,0,1,0,1,0,1,2,-27.5650044,-48.61460082,SPRF-SC,DEL01-SC,UOP01-DEL01-SC,2021
"382640,0",2021-09-10,sexta-feira,13:00:00,SC,282,"27,0",SANTO AMARO DA IMPERATRIZ,Condutor usando celular,Colisão frontal,Com Vítimas Feridas,Pleno dia,Decrescente,Céu Claro,Simples,Reta,Sim,4,0,1,0,3,0,1,2,-27.673981,-48.769676,SPRF-SC,DEL01-SC,UOP03-DEL01-SC,2021
"382641,0",2021-07-24,sábado,18:15:00,SC,101,"210,8",SAO JOSE,Condutor deixou de manter distância do veículo da frente,Colisão traseira,Com Vítimas Feridas,Plena Noite,Crescente,Céu Claro,Múltipla,Reta,Sim,2,0,0,1,0,1,1,2,-27.62219351,-48.65140915,SPRF-SC,DEL01-SC,UOP01-DEL01-SC,2021
"382648,0",2021-09-07,terça-feira,15:45:00,SC,153,"117,0",CONCORDIA,Condutor deixou de manter distância do veículo da frente,Colisão lateral mesmo sentido,Com Vítimas Feridas,Pleno dia,Decrescente,Céu Claro,Simples,Aclive,Não,3,0,2,1,0,0,3,2,-27.359379,-51.99279,SPRF-SC,DEL07-SC,UOP04-DEL07-SC,2021
"382651,0",2021-09-10,sexta-feira,13:50:00,SC,101,"409,0",ARARANGUA,Acessar a via sem observar a presença dos outros veículos,Colisão traseira,Com Vítimas Feridas,Pleno dia,Decrescente,Céu Claro,Simples,Rotatória,Sim,2,0,1,0,1,0,1,2,-28.91482796,-49.48625305,SPRF-SC,DEL02-SC,UOP02-DEL02-SC,2021
"382656,0",2021-09-10,sexta-feira,13:30:00,SC,101,"134,0",BALNEARIO CAMBORIU,Ausência de reação do condutor,Tombamento,Com Vítimas Feridas,Pleno dia,Decrescente,Céu Claro,Dupla,Reta,Sim,1,0,1,0,0,0,1,1,-27.00218,-48.636433,SPRF-SC,DEL04-SC,UOP03-DEL04-SC,2021
"382663,0",2021-09-10,sexta-feira,16:15:00,SC,101,"123,3",ITAJAI,Desrespeitar a preferência no cruzamento,Colisão transversal,Com Vítimas Feridas,Pleno dia,Decrescente,Céu Claro,Múltipla,Interseção de Vias,Sim,2,0,1,0,1,0,1,2,-26.93668609,-48.69876905,SPRF-SC,DEL04-SC,UOP04-DEL04-SC,2021
"382664,0",2021-04-23,sexta-feira,21:34:00,SC,282,"590,5",SAUDADES,Neblina,Saída de leito carroçável,Com Vítimas Feridas,Plena Noite,Decrescente,Nevoeiro/Neblina,Simples,Reta,Não,1,0,0,1,0,0,1,1,-26.82626329,-53.08428526,SPRF-SC,DEL07-SC,UOP02-DEL07-SC,2021
"382667,0",2021-09-10,sexta-feira,16:55:00,SC,470,"65,9",INDAIAL,Trafegar com motocicleta (ou similar) entre as faixas,Colisão lateral mesmo sentido,Com Vítimas Feridas,Pleno dia,Crescente,Sol,Simples,Reta,Sim,2,0,1,0,1,0,1,2,-26.870411,-49.211864,SPRF-SC,DEL04-SC,UOP01-DEL04-SC,2021
"382673,0",2021-09-10,sexta-feira,16:20:00,SC,280,"124,0",RIO NEGRINHO,Acessar a via sem observar a presença dos outros veículos,Colisão transversal,Com Vítimas Feridas,Pleno dia,Crescente,Céu Claro,Simples,Reta,Sim,2,0,0,1,1,0,1,2,-26.23884373,-49.5003397,SPRF-SC,DEL06-SC,UOP03-DEL06-SC,2021
"382688,0",2021-09-10,sexta-feira,17:15:00,SC,280,"33,0",ARAQUARI,Reação tardia ou ineficiente do condutor,Saída de leito carroçável,Com Vítimas Feridas,Anoitecer,Crescente,Céu Claro,Simples,Reta,Não,1,0,1,0,0,0,1,1,-26.42576441,-48.78741376,SPRF-SC,DEL03-SC,UOP03-DEL03-SC,2021
"382692,0",2021-09-10,sexta-feira,18:15:00,SC,101,"131,5",CAMBORIU,Ausência de reação do condutor,Colisão transversal,Com Vítimas Feridas,Anoitecer,Crescente,Céu Claro,Simples,Reta,Não,2,0,0,1,1,0,1,2,-26.99064209,-48.66310912,SPRF-SC,DEL04-SC,UOP03-DEL04-SC,2021
"382702,0",2021-09-10,sexta-feira,14:40:00,SC,280,"28,5",ARAQUARI,Acesso irregular,Colisão lateral mesmo sentido,Com Vítimas Feridas,Pleno dia,Decrescente,Sol,Simples,Reta,Sim,2,0,1,0,1,0,1,2,-26.40826423,-48.74995351,SPRF-SC,DEL03-SC,UOP03-DEL03-SC,2021
"382710,0",2021-09-10,sexta-feira,19:50:00,SC,470,"135,8",LONTRAS,Desrespeitar a preferência no cruzamento,Colisão transversal,Com Vítimas Feridas,Plena Noite,Crescente,Céu Claro,Simples,Interseção de Vias,Não,2,0,1,0,1,0,1,2,-27.188492,-49.61232,SPRF-SC,DEL04-SC,UOP02-DEL04-SC,2021
"382712,0",2021-09-10,sexta-feira,19:15:00,SC,280,"33,2",ARAQUARI,Acessar a via sem observar a presença dos outros veículos,Colisão transversal,Com Vítimas Feridas,Plena Noite,Crescente,Céu Claro,Simples,Reta,Não,3,0,2,0,1,0,2,2,-26.42636665,-48.78847003,SPRF-SC,DEL03-SC,UOP03-DEL03-SC,2021