id,data_inversa,dia_semana,horario,uf,br,km,municipio,causa_acidente,tipo_acidente,classificacao_acidente,fase_dia,sentido_via,condicao_metereologica,tipo_pista,tracado_via,uso_solo,pessoas,mortos,feridos_leves,feridos_graves,ilesos,ignorados,feridos,veiculos,latitude,longitude,regional,delegacia,uop,ano_arquivo
"383711,0",2021-09-11,sábado,23:35:00,SC,470,"56,5",BLUMENAU,Ingestão de álcool e/ou substâncias psicoativas pelo pedestre,Atropelamento de Pedestre,Com Vítimas Feridas,Plena Noite,Decrescente,Céu Claro,Simples,Reta,Sim,2,0,1,1,0,0,2,2,-26.883879,-49.145622,SPRF-SC,DEL04-SC,UOP01-DEL04-SC,2021
"383732,0",2021-09-15,quarta-feira,21:00:00,SC,101,"151,0",ITAPEMA,Desrespeitar a preferência no cruzamento,Colisão transversal,Com Vítimas Feridas,Plena Noite,Crescente,Nublado,Múltipla,Rotatória,Sim,2,0,1,0,1,0,1,2,-27.126536,-48.609642,SPRF-SC,DEL04-SC,UOP03-DEL04-SC,2021
"383735,0",2021-09-15,quarta-feira,21:35:00,SC,470,"4,4",NAVEGANTES,Desvio temporário,Colisão lateral mesmo sentido,Com Vítimas Feridas,Plena Noite,Decrescente,Nublado,Simples,Em Obras,Sim,2,0,1,0,1,0,1,2,-26.858473,-48.690788,SPRF-SC,DEL04-SC,UOP04-DEL04-SC,2021
"383741,0",2021-09-15,quarta-feira,20:45:00,SC,116,"233,3",CORREIA PINTO,Transitar no acostamento,Colisão frontal,Com Vítimas Feridas,Plena Noite,Crescente,Céu Claro,Simples,Curva;Aclive,Não,7,0,0,1,0,6,1,3,-27.70070022,-50.33493755,SPRF-SC,DEL05-SC,UOP01-DEL05-SC,2021
"383747,0",2021-09-15,quarta-feira,18:00:00,SC,282,"457,1",PONTE SERRADA,Transitar na contramão,Colisão frontal,Com Vítimas Fatais,Pleno dia,Decrescente,Ignorado,Simples,Curva;Aclive,Não,5,4,0,1,0,0,1,2,-26.88854,-51.99058,SPRF-SC,DEL07-SC,UOP04-DEL07-SC,2021
"383773,0",2021-09-16,quinta-feira,06:10:00,SC,101,"411,6",ARARANGUA,Condutor Dormindo,Capotamento,Com Vítimas Feridas,Pleno dia,Crescente,Céu Claro,Dupla,Reta,Não,1,0,1,0,0,0,1,1,-28.92854265,-49.51160431,SPRF-SC,DEL02-SC,UOP02-DEL02-SC,2021
"383774,0",2021-09-16,quinta-feira,07:00:00,SC,101,"212,8",PALHOCA,Condutor deixou de manter distância do veículo da frente,Colisão traseira,Com Vítimas Feridas,Pleno dia,Decrescente,Céu Claro,Dupla,Reta,Sim,2,0,1,0,1,0,1,2,-27.62996929,-48.65903871,SPRF-SC,DEL01-SC,UOP02-DEL01-SC,2021
"383795,0",2021-09-16,quinta-feira,07:45:00,SC,470,"48,0",BLUMENAU,Ultrapassagem Indevida,Tombamento,Com Vítimas Feridas,Pleno dia,Decrescente,Chuva,Dupla,Em Obras;Reta,Sim,2,0,1,0,1,0,1,2,-26.859823,-49.055393,SPRF-SC,DEL04-SC,UOP01-DEL04-SC,2021
"383802,0",2021-09-16,quinta-feira,08:20:00,SC,101,"36,4",JOINVILLE,Condutor deixou de manter distância do veículo da frente,Colisão traseira,Com Vítimas Feridas,Pleno dia,Crescente,Chuva,Dupla,Reta,Não,2,0,1,0,1,0,1,2,-26.24573198,-48.9101069,SPRF-SC,DEL03-SC,UOP01-DEL03-SC,2021
"383805,0",2021-09-08,quarta-feira,20:25:00,SC,116,"33,0",ITAIOPOLIS,Chuva,Saída de leito carroçável,Com Vítimas Feridas,Plena Noite,Decrescente,Céu Claro,Simples,Reta,Não,1,0,1,0,0,0,1,1,-26.32647869,-49.98810017,SPRF-SC,DEL06-SC,UOP01-DEL06-SC,2021
"383850,0",2021-08-27,sexta-feira,20:40:00,SC,280,"122,2",RIO NEGRINHO,Reação tardia ou ineficiente do condutor,Saída de leito carroçável,Com Vítimas Feridas,Plena Noite,Crescente,Céu Claro,Simples,Reta,Não,1,0,1,0,0,0,1,1,-26.24855895,-49.45712883,SPRF-SC,DEL06-SC,UOP03-DEL06-SC,2021
"383863,0",2021-09-06,segunda-feira,19:55:00,SC,282,"500,9",XANXERE,Velocidade Incompatível,Colisão traseira,Sem Vítimas,Plena Noite,Crescente,Céu Claro,Dupla,Reta;Declive,Sim,3,0,0,0,1,2,0,3,-26.881572,-52.376745,SPRF-SC,DEL07-SC,UOP01-DEL07-SC,2021
"383870,0",2021-09-16,quinta-feira,14:17:00,SC,101,"214,4",PALHOCA,Condutor deixou de manter distância do veículo da frente,Colisão traseira,Com Vítimas Feridas,Pleno dia,Decrescente,Nublado,Múltipla,Reta,Sim,2,0,1,0,1,0,1,2,-27.64443,-48.67057,SPRF-SC,DEL01-SC,UOP02-DEL01-SC,2021
"383874,0",2021-09-16,quinta-feira,11:07:00,SC,282,"379,4",HERVAL DOESTE,Demais falhas mecânicas ou elétricas,Colisão traseira,Com Vítimas Feridas,Pleno dia,Decrescente,Chuva,Simples,Rotatória,Sim,2,0,1,0,1,0,1,2,-27.214626,-51.485871,SPRF-SC,DEL07-SC,UOP05-DEL07-SC,2021
"383900,0",2021-09-16,quinta-feira,16:00:00,SC,101,"61,0",ARAQUARI,Velocidade Incompatível,Saída de leito carroçável,Com Vítimas Feridas,Pleno dia,Crescente,Chuva,Dupla,Curva,Não,2,0,1,0,1,0,1,1,-26.45474174,-48.77699195,SPRF-SC,DEL03-SC,UOP02-DEL03-SC,2021
"383906,0",2021-09-16,quinta-feira,16:50:00,SC,101,"258,8",PAULO LOPES,Manobra de mudança de faixa,Colisão com objeto,Com Vítimas Feridas,Pleno dia,Decrescente,Nublado,Dupla,Curva,Não,2,0,1,0,1,0,1,1,-28.00482282,-48.69190437,SPRF-SC,DEL02-SC,UOP03-DEL02-SC,2021
"383907,0",2021-09-16,quinta-feira,17:00:00,SC,101,"205,0",SAO JOSE,Trafegar com motocicleta (ou similar) entre as faixas,Colisão lateral mesmo sentido,Sem Vítimas,Pleno dia,Decrescente,Céu Claro,Múltipla,Reta,Sim,2,0,0,0,2,0,0,2,-27.58313237,-48.61532885,SPRF-SC,DEL01-SC,UOP01-DEL01-SC,2021
"383909,0",2021-09-16,quinta-feira,16:30:00,SC,101,"195,5",BIGUACU,Manobra de mudança de faixa,Colisão lateral mesmo sentido,Com Vítimas Feridas,Pleno dia,Decrescente,Nublado,Múltipla,Reta,Sim,2,0,1,0,1,0,1,2,-27.50778871,-48.64628345,SPRF-SC,DEL01-SC,UOP01-DEL01-SC,2021
"383915,0",2021-09-16,quinta-feira,18:15:00,SC,101,"218,0",PALHOCA,Desrespeitar a preferência no cruzamento,Colisão frontal,Com Vítimas Feridas,Pleno dia,Decrescente,Céu Claro,Simples,Reta,Não,2,0,1,0,1,0,1,2,-27.6758601,-48.67052525,SPRF-SC,DEL01-SC,UOP02-DEL01-SC,2021
"383921,0",2021-09-16,quinta-feira,04:15:00,SC,470,"63,0",INDAIAL,Ausência de reação do condutor,Saída de leito carroçável,Sem Vítimas,Plena Noite,Crescente,Chuva,Simples,Reta,Não,1,0,0,0,1,0,0,1,-26.8721314,-49.1928707,SPRF-SC,DEL04-SC,UOP01-DEL04-SC,2021
"383966,0",2021-09-17,sexta-feira,03:40:00,SC,101,"126,0",ITAJAI,Transitar no acostamento,Colisão lateral mesmo sentido,Com Vítimas Feridas,Plena Noite,Crescente,Chuva,Dupla,Reta,Não,2,0,1,0,0,1,1,2,-26.95564404,-48.67978366,SPRF-SC,DEL04-SC,UOP04-DEL04-SC,2021
"383976,0",2021-09-17,sexta-feira,06:40:00,SC,101,"83,4",BARRA VELHA,Acesso irregular,Colisão transversal,Com Vítimas Feridas,Pleno dia,Crescente,Chuva,Simples,Reta,Não,2,0,0,1,1,0,1,2,-26.61865655,-48.71834126,SPRF-SC,DEL03-SC,UOP02-DEL03-SC,2021
"384026,0",2021-08-29,domingo,07:00:00,SC,470,"106,0",APIUNA,Ingestão de álcool pelo condutor,Saída de leito carroçável,Sem Vítimas,Pleno dia,Crescente,Chuva,Simples,Reta,Não,1,0,0,0,1,0,0,1,-27.073105,-49.422935,SPRF-SC,DEL04-SC,UOP02-DEL04-SC,2021
"384040,0",2021-09-17,sexta-feira,13:30:00,SC,101,"33,3",JOINVILLE,Acumulo de água sobre o pavimento,Tombamento,Com Vítimas Feridas,Pleno dia,Decrescente,Chuva,Simples,Rotatória;Viaduto;Curva,Sim,2,0,2,0,0,0,2,1,-26.23200799,-48.91678053,SPRF-SC,DEL03-SC,UOP01-DEL03-SC,2021
"384044,0",2021-08-16,segunda-feira,07:40:00,SC,101,"197,0",BIGUACU,Reação tardia ou ineficiente do condutor,Engavetamento,Com Vítimas Feridas,Pleno dia,Crescente,Garoa/Chuvisco,Múltipla,Reta,Sim,3,0,1,0,2,0,1,3,-27.51844497,-48.63848496,SPRF-SC,DEL01-SC,UOP01-DEL01-SC,2021
"384046,0",2021-09-17,sexta-feira,07:30:00,SC,470,"138,2",RIO DO SUL,Desrespeitar a preferência no cruzamento,Colisão transversal,Com Vítimas Feridas,Amanhecer,Decrescente,Chuva,Simples,Interseção de Vias,Sim,3,0,2,0,1,0,2,3,-27.207214,-49.648476,SPRF-SC,DEL04-SC,UOP02-DEL04-SC,2021
"384054,0",2021-09-17,sexta-feira,13:50:00,SC,101,"39,3",JOINVILLE,Chuva,Colisão traseira,Com Vítimas Feridas,Pleno dia,Decrescente,Chuva,Simples,Reta,Sim,2,0,1,0,1,0,1,2,-26.2628107,-48.90192257,SPRF-SC,DEL03-SC,UOP01-DEL03-SC,2021
"384059,0",2021-09-17,sexta-feira,12:40:00,SC,470,"77,3",RODEIO,Velocidade Incompatível,Saída de leito carroçável,Com Vítimas Feridas,Pleno dia,Decrescente,Garoa/Chuvisco,Simples,Curva,Não,1,0,1,0,0,0,1,1,-26.94446928,-49.29422292,SPRF-SC,DEL04-SC,UOP01-DEL04-SC,2021
"384066,0",2021-09-17,sexta-feira,15:00:00,SC,280,"25,0",ARAQUARI,Reação tardia ou ineficiente do condutor,Colisão transversal,Com Vítimas Feridas,Pleno dia,Crescente,Céu Claro,Simples,Interseção de Vias;Reta,Sim,2,0,1,0,1,0,1,2,-26.382324,-48.725552,SPRF-SC,DEL03-SC,UOP03-DEL03-SC,2021
"384101,0",2021-09-17,sexta-feira,17:45:00,SC,101,"215,7",PALHOCA,Ingestão de álcool pelo condutor,Engavetamento,Sem Vítimas,Pleno dia,Crescente,Chuva,Múltipla,Reta,Sim,3,0,0,0,3,0,0,3,-27.65184843,-48.67604941,SPRF-SC,DEL01-SC,UOP02-DEL01-SC,2021
"384107,0",2021-09-17,sexta-feira,18:15:00,SC,101,"211,3",PALHOCA,Acesso irregular,Atropelamento de Pedestre,Com Vítimas Feridas,Plena Noite,Crescente,Chuva,Dupla,Reta,Sim,2,0,0,1,1,0,1,2,-27.62329313,-48.65245588,SPRF-SC,DEL01-SC,UOP02-DEL01-SC,2021
"384131,0",2021-07-27,terça-feira,08:50:00,SC,101,"90,1",BARRA VELHA,Velocidade Incompatível,Colisão traseira,Com Vítimas Feridas,Pleno dia,Crescente,Nublado,Dupla,Reta,Sim,2,0,1,0,1,0,1,2,-26.66148503,-48.68866176,SPRF-SC,DEL03-SC,UOP02-DEL03-SC,2021
"384132,0",2021-09-17,sexta-feira,16:30:00,SC,470,"206,8",PONTE ALTA,Velocidade Incompatível,Capotamento,Com Vítimas Feridas,Pleno dia,Crescente,Chuva,Simples,Reta,Não,3,0,2,0,1,0,2,1,-27.294376,-50.184925,SPRF-SC,DEL05-SC,UOP03-DEL05-SC,2021
"384138,0",2021-09-17,sexta-feira,19:30:00,SC,280,"51,8",GUARAMIRIM,Ingestão de álcool pelo condutor,Saída de leito carroçável,Sem Vítimas,Plena Noite,Crescente,Chuva,Dupla,Em Obras,Sim,1,0,0,0,1,0,0,1,-26.46538871,-48.95544449,SPRF-SC,DEL03-SC,UOP03-DEL03-SC,2021
"384149,0",2021-09-17,sexta-feira,19:05:00,SC,280,"81,7",CORUPA,Ingestão de álcool pelo condutor,Engavetamento,Com Vítimas Feridas,Plena Noite,Crescente,Nublado,Simples,Reta,Sim,4,0,1,0,3,0,1,3,-26.43610849,-49.24316883,SPRF-SC,DEL06-SC,UOP03-DEL06-SC,2021
"384151,0",2021-09-17,sexta-feira,19:22:00,SC,282,"502,4",XANXERE,Neblina,Capotamento,Com Vítimas Feridas,Plena Noite,Crescente,Nevoeiro/Neblina,Dupla,Curva,Sim,2,0,1,0,1,0,1,1,-26.884584,-52.390911,SPRF-SC,DEL07-SC,UOP01-DEL07-SC,2021
"384190,0",2021-09-18,sábado,03:30:00,SC,470,"126,0",LONTRAS,Velocidade Incompatível,Saída de leito carroçável,Sem Vítimas,Plena Noite,Decrescente,Chuva,Simples,Curva,Não,1,0,0,0,1,0,0,1,-27.129,-49.538277,SPRF-SC,DEL04-SC,UOP02-DEL04-SC,2021
"384191,0",2021-09-10,sexta-feira,00:30:00,SC,101,"204,5",SAO JOSE,Velocidade Incompatível,Colisão traseira,Com Vítimas Feridas,Plena Noite,Decrescente,Céu Claro,Múltipla,Reta,Sim,2,0,0,1,1,0,1,2,-27.57413014,-48.61363083,SPRF-SC,DEL01-SC,UOP01-DEL01-SC,2021
"384194,0",2021-09-18,sábado,01:30:00,SC,480,"129,0",CHAPECO,Ingestão de substâncias psicoativas pelo condutor,Saída de leito carroçável,Com Vítimas Feridas,Plena Noite,Crescente,Céu Claro,Simples,Curva,Não,2,0,0,1,0,1,1,1,-27.04656607,-52.63577131,SPRF-SC,DEL07-SC,UOP01-DEL07-SC,2021
"384230,0",2021-09-18,sábado,08:05:00,SC,101,"148,0",ITAPEMA,Estacionar ou parar em local proibido,Colisão traseira,Com Vítimas Feridas,Pleno dia,Crescente,Nublado,Simples,Reta,Sim,2,0,1,0,1,0,1,2,-27.10123686,-48.61807962,SPRF-SC,DEL04-SC,UOP03-DEL04-SC,2021
"384251,0",2021-09-18,sábado,09:00:00,SC,101,"152,5",PORTO BELO,Reação tardia ou ineficiente do condutor,Saída de leito carroçável,Com Vítimas Feridas,Pleno dia,Crescente,Nublado,Dupla,Reta,Não,1,0,1,0,0,0,1,1,-27.13563503,-48.61004665,SPRF-SC,DEL04-SC,UOP03-DEL04-SC,2021
"384258,0",2021-09-18,sábado,08:15:00,SC,101,"142,0",ITAPEMA,Ausência de reação do condutor,Queda de ocupante de veículo,Com Vítimas Feridas,Pleno dia,Crescente,Nublado,Dupla,Curva,Sim,2,0,1,1,0,0,2,1,-27.04761729,-48.59995855,SPRF-SC,DEL04-SC,UOP03-DEL04-SC,2021
"384259,0",2021-09-07,terça-feira,02:20:00,SC,101,"197,0",BIGUACU,Manobra de mudança de faixa,Saída de leito carroçável,Sem Vítimas,Plena Noite,Decrescente,Garoa/Chuvisco,Dupla,Curva,Sim,1,0,0,0,1,0,0,1,-27.51844497,-48.63848496,SPRF-SC,DEL01-SC,UOP01-DEL01-SC,2021
"384264,0",2021-09-10,sexta-feira,11:55:00,SC,101,"185,0",BIGUACU,Manobra de mudança de faixa,Colisão traseira,Com Vítimas Feridas,Pleno dia,Crescente,Céu Claro,Dupla,Reta,Sim,2,0,1,0,0,1,1,2,-27.42536698,-48.62465876,SPRF-SC,DEL01-SC,UOP01-DEL01-SC,2021
"384283,0",2021-09-18,sábado,11:25:00,SC,470,"139,8",RIO DO SUL,Pedestre cruzava a pista fora da faixa,Atropelamento de Pedestre,Com Vítimas Fatais,Pleno dia,Decrescente,Nublado,Simples,Reta,Sim,2,1,0,0,1,0,0,2,-27.20283724,-49.6347177,SPRF-SC,DEL04-SC,UOP02-DEL04-SC,2021
"384316,0",2021-09-18,sábado,15:30:00,SC,280,"37,8",ARAQUARI,Acessar a via sem observar a presença dos outros veículos,Colisão traseira,Com Vítimas Feridas,Pleno dia,Decrescente,Nublado,Simples,Reta,Não,3,0,2,0,1,0,2,2,-26.44572892,-48.81862707,SPRF-SC,DEL03-SC,UOP03-DEL03-SC,2021
"384321,0",2021-09-18,sábado,16:10:00,SC,101,"136,9",BALNEARIO CAMBORIU,Ingestão de substâncias psicoativas pelo condutor,Colisão lateral mesmo sentido,Com Vítimas Feridas,Pleno dia,Crescente,Nublado,Dupla,Reta,Sim,3,0,1,0,2,0,1,2,-27.008113,-48.617245,SPRF-SC,DEL04-SC,UOP03-DEL04-SC,2021
"384324,0",2021-09-18,sábado,16:35:00,SC,101,"117,0",ITAJAI,Reação tardia ou ineficiente do condutor,Colisão traseira,Com Vítimas Feridas,Pleno dia,Decrescente,Céu Claro,Múltipla,Reta,Sim,3,0,1,0,2,0,1,2,-26.88747187,-48.72252969,SPRF-SC,DEL04-SC,UOP04-DEL04-SC,2021
"384333,0",2021-09-18,sábado,17:30:00,SC,101,"214,3",PALHOCA,Reação tardia ou ineficiente do condutor,Colisão traseira,Sem Vítimas,Pleno dia,Decrescente,Nublado,Múltipla,Interseção de Vias,Sim,2,0,0,0,2,0,0,2,-27.64728649,-48.67224455,SPRF-SC,DEL01-SC,UOP02-DEL01-SC,2021
"384353,0",2021-09-18,sábado,17:45:00,SC,470,"32,0",GASPAR,Reação tardia ou ineficiente do condutor,Colisão com objeto,Com Vítimas Feridas,Pleno dia,Decrescente,Nublado,Simples,Reta;Em Obras,Não,1,0,1,0,0,0,1,1,-26.901793,-48.931812,SPRF-SC,DEL04-SC,UOP01-DEL04-SC,2021
"384356,0",2021-09-18,sábado,19:25:00,SC,101,"197,0",BIGUACU,Acessar a via sem observar a presença dos outros veículos,Colisão lateral mesmo sentido,Com Vítimas Feridas,Plena Noite,Crescente,Céu Claro,Simples,Reta,Não,2,0,1,0,1,0,1,2,-27.51844497,-48.63848496,SPRF-SC,DEL01-SC,UOP01-DEL01-SC,2021
"384373,0",2021-09-17,sexta-feira,23:00:00,SC,282,"115,7",ALFREDO WAGNER,Acumulo de água sobre o pavimento,Saída de leito carroçável,Com Vítimas Feridas,Plena Noite,Decrescente,Garoa/Chuvisco,Simples,Curva,Não,1,0,1,0,0,0,1,1,-27.755424,-49.39444,SPRF-SC,DEL01-SC,UOP03-DEL01-SC,2021
"384380,0",2021-09-18,sábado,18:15:00,SC,282,"543,0",CHAPECO,Ultrapassagem Indevida,Colisão frontal,Com Vítimas Fatais,Anoitecer,Decrescente,Céu Claro,Simples,Reta;Aclive,Não,5,1,2,0,0,2,2,3,-26.99996,-52.715361,SPRF-SC,DEL07-SC,UOP01-DEL07-SC,2021
"384388,0",2021-09-18,sábado,20:15:00,SC,282,"222,0",LAGES,Reação tardia ou ineficiente do condutor,Saída de leito carroçável,Com Vítimas Feridas,Plena Noite,Crescente,Céu Claro,Dupla,Aclive,Sim,1,0,1,0,0,0,1,1,-27.797739,-50.353409,SPRF-SC,DEL05-SC,UOP01-DEL05-SC,2021
"384390,0",2021-09-18,sábado,18:35:00,SC,282,"609,2",MARAVILHA,Ultrapassagem Indevida,Colisão frontal,Com Vítimas Fatais,Plena Noite,Decrescente,Céu Claro,Simples,Reta;Em Obras,Não,3,1,0,0,2,0,0,2,-26.759299,-53.2252409,SPRF-SC,DEL07-SC,UOP02-DEL07-SC,2021
"384393,0",2021-09-18,sábado,20:50:00,SC,101,"35,3",JOINVILLE,Velocidade Incompatível,Colisão com objeto,Com Vítimas Fatais,Plena Noite,Crescente,Nublado,Dupla,Reta;Declive,Sim,1,1,0,0,0,0,0,1,-26.27104913,-48.89495373,SPRF-SC,DEL03-SC,UOP01-DEL03-SC,2021
"384394,0",2021-09-18,sábado,18:35:00,SC,280,"81,5",CORUPA,Acessar a via sem observar a presença dos outros veículos,Colisão transversal,Com Vítimas Feridas,Anoitecer,Crescente,Nublado,Simples,Reta;Interseção de Vias,Sim,3,0,2,0,1,0,2,2,-26.44057489,-49.217056,SPRF-SC,DEL06-SC,UOP03-DEL06-SC,2021
"384415,0",2021-09-18,sábado,23:20:00,SC,101,"292,2",IMBITUBA,Velocidade Incompatível,Capotamento,Com Vítimas Feridas,Plena Noite,Decrescente,Céu Claro,Dupla,Reta,Sim,1,0,0,1,0,0,1,1,-28.29220304,-48.71018095,SPRF-SC,DEL02-SC,UOP03-DEL02-SC,2021
"384425,0",2021-09-19,domingo,01:45:00,SC,101,"167,0",TIJUCAS,Velocidade Incompatível,Colisão com objeto,Sem Vítimas,Plena Noite,Crescente,Nublado,Dupla,Reta,Não,1,0,0,0,0,1,0,1,-27.27029501,-48.63176618,SPRF-SC,DEL04-SC,UOP03-DEL04-SC,2021
"384435,0",2021-09-19,domingo,01:10:00,SC,282,"564,0",NOVA ERECHIM,Velocidade Incompatível,Saída de leito carroçável,Com Vítimas Feridas,Plena Noite,Decrescente,Nevoeiro/Neblina,Simples,Em Obras;Retorno Regulamentado,Não,1,0,1,0,0,0,1,1,-26.898739,-52.877975,SPRF-SC,DEL07-SC,UOP02-DEL07-SC,2021
"384488,0",2021-09-19,domingo,10:05:00,SC,101,"66,7",ARAQUARI,Condutor deixou de manter distância do veículo da frente,Colisão lateral mesmo sentido,Com Vítimas Feridas,Pleno dia,Decrescente,Nublado,Dupla,Reta,Não,3,0,1,0,2,0,1,2,-26.478474,-48.73863,SPRF-SC,DEL03-SC,UOP02-DEL03-SC,2021
"384489,0",2021-09-19,domingo,10:20:00,SC,101,"135,0",BALNEARIO CAMBORIU,Reação tardia ou ineficiente do condutor,Colisão transversal,Com Vítimas Feridas,Pleno dia,Crescente,Nublado,Múltipla,Curva,Sim,2,0,2,0,0,0,2,2,-27.0050108,-48.62677494,SPRF-SC,DEL04-SC,UOP03-DEL04-SC,2021
"384509,0",2021-09-19,domingo,11:15:00,SC,101,"393,1",CRICIUMA,Ingestão de substâncias psicoativas pelo condutor,Colisão com objeto,Com Vítimas Feridas,Pleno dia,Decrescente,Nublado,Dupla,Reta,Não,1,0,0,1,0,0,1,1,-28.81971035,-49.39727783,SPRF-SC,DEL02-SC,UOP02-DEL02-SC,2021
"384513,0",2021-09-19,domingo,02:00:00,SC,470,"161,9",TROMBUDO CENTRAL,Velocidade Incompatível,Saída de leito carroçável,Com Vítimas Feridas,Plena Noite,Decrescente,Nublado,Simples,Curva,Não,1,0,0,1,0,0,1,1,-27.28682427,-49.79647636,SPRF-SC,DEL04-SC,UOP02-DEL04-SC,2021
"384551,0",2021-09-19,domingo,16:48:00,SC,282,"578,0",PINHALZINHO,Reação tardia ou ineficiente do condutor,Colisão traseira,Com Vítimas Feridas,Pleno dia,Crescente,Céu Claro,Simples,Reta,Não,5,0,1,0,4,0,1,3,-26.838364,-52.985279,SPRF-SC,DEL07-SC,UOP02-DEL07-SC,2021
"384553,0",2021-09-19,domingo,18:30:00,SC,101,"216,3",PALHOCA,Ausência de reação do condutor,Colisão lateral mesmo sentido,Com Vítimas Feridas,Plena Noite,Decrescente,Nublado,Múltipla,Viaduto,Sim,3,0,1,0,2,0,1,3,-27.65981409,-48.67747798,SPRF-SC,DEL01-SC,UOP02-DEL01-SC,2021
"384597,0",2021-09-19,domingo,20:40:00,SC,282,"511,2",XANXERE,Demais falhas mecânicas ou elétricas,Incêndio,Sem Vítimas,Plena Noite,Crescente,Céu Claro,Simples,Reta,Não,1,0,0,0,1,0,0,1,-26.905405,-52.464199,SPRF-SC,DEL07-SC,UOP01-DEL07-SC,2021
"384611,0",2021-09-19,domingo,22:10:00,SC,101,"213,5",PALHOCA,Condutor deixou de manter distância do veículo da frente,Colisão traseira,Sem Vítimas,Plena Noite,Decrescente,Nublado,Dupla,Reta,Sim,2,0,0,0,1,1,0,2,-27.63697369,-48.66514142,SPRF-SC,DEL01-SC,UOP02-DEL01-SC,2021
"384615,0",2021-09-19,domingo,21:06:00,SC,101,"39,0",JOINVILLE,Demais falhas mecânicas ou elétricas,Tombamento,Com Vítimas Feridas,Plena Noite,Crescente,Céu Claro,Dupla,Reta,Sim,1,0,1,0,0,0,1,1,-26.2628107,-48.90192257,SPRF-SC,DEL03-SC,UOP01-DEL03-SC,2021
"384627,0",2021-09-19,domingo,21:50:00,SC,470,"169,0",POUSO REDONDO,Velocidade Incompatível,Capotamento,Com Vítimas Feridas,Plena Noite,Crescente,Garoa/Chuvisco,Simples,Curva,Não,2,0,1,0,0,1,1,1,-27.265471,-49.882442,SPRF-SC,DEL04-SC,UOP02-DEL04-SC,2021
"384653,0",2021-09-19,domingo,19:00:00,SC,101,"327,0",CAPIVARI DE BAIXO,Condutor deixou de manter distância do veículo da frente,Colisão traseira,Sem Vítimas,Plena Noite,Decrescente,Chuva,Dupla,Reta,Não,2,0,0,0,2,0,0,2,-28.43023306,-48.95205197,SPRF-SC,DEL02-SC,UOP01-DEL02-SC,2021
"384679,0",2021-09-20,segunda-feira,00:45:00,SC,101,"434,5",SOMBRIO,Ausência de reação do condutor,Colisão traseira,Com Vítimas Feridas,Plena Noite,Crescente,Chuva,Múltipla,Reta,Sim,3,0,3,0,0,0,3,2,-29.09075196,-49.63226114,SPRF-SC,DEL02-SC,UOP02-DEL02-SC,2021
"384695,0",2021-09-20,segunda-feira,08:55:00,SC,101,"201,0",BIGUACU,Ultrapassagem Indevida,Colisão traseira,Com Vítimas Feridas,Pleno dia,Crescente,Nublado,Múltipla,Reta,Sim,3,0,1,0,1,1,1,3,-27.54836599,-48.61977975,SPRF-SC,DEL01-SC,UOP01-DEL01-SC,2021
"384700,0",2021-09-20,segunda-feira,08:40:00,SC,101,"203,0",SAO JOSE,Trafegar com motocicleta (ou similar) entre as faixas,Colisão traseira,Com Vítimas Feridas,Pleno dia,Crescente,Nublado,Dupla,Reta,Sim,3,0,0,2,1,0,2,2,-27.5650044,-48.61460082,SPRF-SC,DEL01-SC,UOP01-DEL01-SC,2021
"384701,0",2021-09-20,segunda-feira,09:10:00,SC,101,"212,0",PALHOCA,Velocidade Incompatível,Colisão traseira,Com Vítimas Feridas,Pleno dia,Decrescente,Garoa/Chuvisco,Dupla,Reta,Sim,4,0,2,0,2,0,2,3,-27.62996929,-48.65903871,SPRF-SC,DEL01-SC,UOP02-DEL01-SC,2021
"384715,0",2021-09-20,segunda-feira,10:30:00,SC,101,"193,0",BIGUACU,Ausência de reação do condutor,Colisão traseira,Com Vítimas Feridas,Pleno dia,Crescente,Nublado,Múltipla,Reta,Sim,3,0,1,0,2,0,1,3,-27.489574,-48.655914,SPRF-SC,DEL01-SC,UOP01-DEL01-SC,2021
"384724,0",2021-09-20,segunda-feira,11:10:00,SC,101,"213,4",PALHOCA,Condutor deixou de manter distância do veículo da frente,Engavetamento,Sem Vítimas,Pleno dia,Decrescente,Nublado,Dupla,Reta,Não,6,0,0,0,6,0,0,6,-27.63697369,-48.66514142,SPRF-SC,DEL01-SC,UOP02-DEL01-SC,2021
"384735,0",2021-08-29,domingo,13:00:00,SC,101,"111,3",NAVEGANTES,Velocidade Incompatível,Tombamento,Com Vítimas Feridas,Pleno dia,Decrescente,Nublado,Dupla,Curva,Não,2,0,2,0,0,0,2,1,-26.83955734,-48.71418074,SPRF-SC,DEL04-SC,UOP04-DEL04-SC,2021
"384753,0",2021-09-20,segunda-feira,14:40:00,SC,282,"576,0",PINHALZINHO,Condutor deixou de manter distância do veículo da frente,Colisão traseira,Com Vítimas Feridas,Pleno dia,Crescente,Céu Claro,Simples,Reta,Sim,3,0,2,0,1,0,2,2,-26.856054,-52.98011,SPRF-SC,DEL07-SC,UOP02-DEL07-SC,2021
"384754,0",2021-09-20,segunda-feira,13:00:00,SC,101,"327,3",CAPIVARI DE BAIXO,Reação tardia ou ineficiente do condutor,Colisão traseira,Com Vítimas Feridas,Pleno dia,Crescente,Nublado,Múltipla,Viaduto,Sim,3,0,1,0,2,0,1,2,-28.43939745,-48.96239124,SPRF-SC,DEL02-SC,UOP01-DEL02-SC,2021