id,data_inversa,dia_semana,horario,uf,br,km,municipio,causa_acidente,tipo_acidente,classificacao_acidente,fase_dia,sentido_via,condicao_metereologica,tipo_pista,tracado_via,uso_solo,pessoas,mortos,feridos_leves,feridos_graves,ilesos,ignorados,feridos,veiculos,latitude,longitude,regional,delegacia,uop,ano_arquivo
"384797,0",2021-09-20,segunda-feira,18:30:00,SC,101,"147,5",ITAPEMA,Reação tardia ou ineficiente do condutor,Tombamento,Com Vítimas Feridas,Anoitecer,Decrescente,Nublado,Múltipla,Reta,Sim,1,0,0,1,0,0,1,1,-27.09237407,-48.61730888,SPRF-SC,DEL04-SC,UOP03-DEL04-SC,2021
"384800,0",2021-09-20,segunda-feira,18:30:00,SC,282,"20,3",PALHOCA,Ingestão de álcool pelo condutor,Colisão lateral mesmo sentido,Sem Vítimas,Plena Noite,Crescente,Nublado,Simples,Declive,Sim,4,0,0,0,2,2,0,3,-27.68907,-48.717541,SPRF-SC,DEL01-SC,UOP02-DEL01-SC,2021
"384817,0",2021-09-20,segunda-feira,16:00:00,SC,470,"162,9",TROMBUDO CENTRAL,Desrespeitar a preferência no cruzamento,Colisão transversal,Com Vítimas Feridas,Pleno dia,Crescente,Céu Claro,Simples,Aclive;Reta,Não,3,0,2,0,1,0,2,2,-27.278976,-49.825996,SPRF-SC,DEL04-SC,UOP02-DEL04-SC,2021
"384822,0",2021-09-20,segunda-feira,18:45:00,SC,470,"54,0",BLUMENAU,Transitar no acostamento,Colisão transversal,Sem Vítimas,Plena Noite,Crescente,Nublado,Simples,Interseção de Vias,Não,3,0,0,0,3,0,0,3,-26.871065,-49.110374,SPRF-SC,DEL04-SC,UOP01-DEL04-SC,2021
"384838,0",2021-09-20,segunda-feira,22:15:00,SC,282,"644,0",SAO MIGUEL DO OESTE,Acessar a via sem observar a presença dos outros veículos,Colisão transversal,Com Vítimas Fatais,Plena Noite,Crescente,Céu Claro,Simples,Reta,Não,2,1,0,0,1,0,0,2,-26.769157,-53.479385,SPRF-SC,DEL07-SC,UOP03-DEL07-SC,2021
"384862,0",2021-09-21,terça-feira,07:30:00,SC,101,"217,2",PALHOCA,Conversão proibida,Colisão transversal,Com Vítimas Feridas,Pleno dia,Decrescente,Nublado,Múltipla,Interseção de Vias,Sim,3,0,1,0,2,0,1,2,-27.66992012,-48.67294997,SPRF-SC,DEL01-SC,UOP02-DEL01-SC,2021
"384886,0",2021-09-21,terça-feira,10:00:00,SC,280,"125,0",RIO NEGRINHO,Acessar a via sem observar a presença dos outros veículos,Atropelamento de Pedestre,Com Vítimas Feridas,Pleno dia,Decrescente,Céu Claro,Simples,Reta,Sim,2,0,1,1,0,0,2,2,-26.23915067,-49.50171769,SPRF-SC,DEL06-SC,UOP03-DEL06-SC,2021
"384889,0",2021-09-21,terça-feira,11:20:00,SC,101,"215,3",PALHOCA,Obras na pista,Colisão com objeto,Com Vítimas Feridas,Pleno dia,Decrescente,Nublado,Múltipla,Em Obras,Sim,1,0,1,0,0,0,1,1,-27.65184843,-48.67604941,SPRF-SC,DEL01-SC,UOP02-DEL01-SC,2021
"384905,0",2021-09-21,terça-feira,12:40:00,SC,101,"206,5",SAO JOSE,Condutor deixou de manter distância do veículo da frente,Colisão lateral mesmo sentido,Com Vítimas Feridas,Pleno dia,Decrescente,Céu Claro,Múltipla,Reta,Sim,3,0,1,1,1,0,2,2,-27.59193546,-48.61824557,SPRF-SC,DEL01-SC,UOP01-DEL01-SC,2021
"384941,0",2021-09-04,sábado,05:30:00,SC,282,"528,0",CORDILHEIRA ALTA,Velocidade Incompatível,Colisão frontal,Sem Vítimas,Amanhecer,Decrescente,Céu Claro,Simples,Curva,Não,3,0,0,0,3,0,0,2,-26.978798,-52.588566,SPRF-SC,DEL07-SC,UOP01-DEL07-SC,2021
"384946,0",2021-09-21,terça-feira,18:30:00,SC,101,"206,8",SAO JOSE,Manobra de mudança de faixa,Colisão lateral mesmo sentido,Sem Vítimas,Plena Noite,Decrescente,Céu Claro,Múltipla,Reta,Não,2,0,0,0,2,0,0,2,-27.59193546,-48.61824557,SPRF-SC,DEL01-SC,UOP01-DEL01-SC,2021
"384953,0",2021-09-21,terça-feira,18:55:00,SC,282,"15,5",PALHOCA,Desrespeitar a preferência no cruzamento,Colisão transversal,Com Vítimas Feridas,Plena Noite,Crescente,Nublado,Simples,Rotatória,Sim,2,0,1,0,0,1,1,2,-27.65566855,-48.67913783,SPRF-SC,DEL01-SC,UOP02-DEL01-SC,2021
"384992,0",2021-09-21,terça-feira,18:35:00,SC,470,"22,9",ILHOTA,Avarias e/ou desgaste excessivo no pneu,Saída de leito carroçável,Com Vítimas Feridas,Plena Noite,Decrescente,Céu Claro,Dupla,Reta,Não,1,0,1,0,0,0,1,1,-26.880066,-48.836224,SPRF-SC,DEL04-SC,UOP04-DEL04-SC,2021
"384993,0",2021-09-21,terça-feira,18:00:00,SC,280,"303,6",PORTO UNIAO,Acessar a via sem observar a presença dos outros veículos,Colisão transversal,Com Vítimas Feridas,Anoitecer,Decrescente,Nublado,Simples,Reta,Sim,2,0,1,0,1,0,1,2,-26.27999553,-51.05063229,SPRF-SC,DEL06-SC,UOP04-DEL06-SC,2021
"384995,0",2021-09-22,quarta-feira,01:50:00,SC,280,"125,0",RIO NEGRINHO,Ingestão de álcool pelo condutor,Saída de leito carroçável,Com Vítimas Feridas,Plena Noite,Crescente,Garoa/Chuvisco,Simples,Curva,Sim,1,0,1,0,0,0,1,1,-26.24038806,-49.50867265,SPRF-SC,DEL06-SC,UOP03-DEL06-SC,2021
"385020,0",2021-09-22,quarta-feira,07:10:00,SC,101,"135,0",BALNEARIO CAMBORIU,Acessar a via sem observar a presença dos outros veículos,Colisão transversal,Com Vítimas Feridas,Pleno dia,Crescente,Céu Claro,Múltipla,Interseção de Vias,Não,2,0,1,1,0,0,2,2,-27.0050108,-48.62677494,SPRF-SC,DEL04-SC,UOP03-DEL04-SC,2021
"385079,0",2021-09-22,quarta-feira,10:40:00,SC,282,"553,6",NOVA ITABERABA,Acessar a via sem observar a presença dos outros veículos,Colisão transversal,Com Vítimas Feridas,Pleno dia,Crescente,Sol,Simples,Reta;Aclive,Não,3,0,1,1,1,0,2,2,-26.938919,-52.791182,SPRF-SC,DEL07-SC,UOP01-DEL07-SC,2021
"385110,0",2021-09-22,quarta-feira,19:00:00,SC,101,"135,0",BALNEARIO CAMBORIU,Ausência de reação do condutor,Colisão traseira,Sem Vítimas,Plena Noite,Crescente,Céu Claro,Dupla,Reta,Sim,4,0,0,0,4,0,0,4,-27.0050108,-48.62677494,SPRF-SC,DEL04-SC,UOP03-DEL04-SC,2021
"385113,0",2021-09-22,quarta-feira,17:50:00,SC,163,"72,2",SAO MIGUEL DO OESTE,Manobra de mudança de faixa,Colisão transversal,Com Vítimas Feridas,Pleno dia,Crescente,Céu Claro,Dupla,Reta;Aclive,Sim,2,0,0,1,1,0,1,2,-26.71728544,-53.51646423,SPRF-SC,DEL07-SC,UOP03-DEL07-SC,2021
"385117,0",2021-09-22,quarta-feira,19:40:00,SC,470,"138,2",RIO DO SUL,Desrespeitar a preferência no cruzamento,Colisão transversal,Com Vítimas Feridas,Plena Noite,Crescente,Céu Claro,Simples,Interseção de Vias,Sim,2,0,0,1,1,0,1,2,-27.207214,-49.648476,SPRF-SC,DEL04-SC,UOP02-DEL04-SC,2021
"385131,0",2021-09-02,quinta-feira,19:03:00,SC,282,"343,0",CAMPOS NOVOS,Acessar a via sem observar a presença dos outros veículos,Colisão transversal,Com Vítimas Feridas,Plena Noite,Crescente,Céu Claro,Simples,Reta,Sim,2,0,1,0,0,1,1,2,-27.387402,-51.232861,SPRF-SC,DEL07-SC,UOP06-DEL07-SC,2021
"385133,0",2021-09-22,quarta-feira,20:25:00,SC,282,"0,3",FLORIANOPOLIS,Manobra de mudança de faixa,Colisão lateral mesmo sentido,Sem Vítimas,Plena Noite,Crescente,Céu Claro,Múltipla,Reta,Sim,3,0,0,0,3,0,0,3,-27.59845,-48.571995,SPRF-SC,DEL01-SC,UOP01-DEL01-SC,2021
"385157,0",2021-09-22,quarta-feira,15:55:00,SC,101,"409,9",ARARANGUA,Ingestão de álcool pelo condutor,Colisão lateral mesmo sentido,Sem Vítimas,Pleno dia,Decrescente,Céu Claro,Simples,Rotatória,Sim,2,0,0,0,2,0,0,2,-28.91482796,-49.48625305,SPRF-SC,DEL02-SC,UOP02-DEL02-SC,2021
"385166,0",2021-09-22,quarta-feira,23:35:00,SC,282,"20,1",PALHOCA,Transitar na contramão,Colisão frontal,Com Vítimas Feridas,Plena Noite,Decrescente,Céu Claro,Simples,Reta,Sim,3,0,0,1,1,1,1,3,-27.68445915,-48.71073961,SPRF-SC,DEL01-SC,UOP02-DEL01-SC,2021
"385167,0",2021-09-23,quinta-feira,01:08:00,SC,101,"345,3",TUBARAO,Ingestão de álcool pelo condutor,Saída de leito carroçável,Com Vítimas Feridas,Plena Noite,Crescente,Céu Claro,Dupla,Reta;Ponte,Não,1,0,1,0,0,0,1,1,-28.55806388,-49.0544486,SPRF-SC,DEL02-SC,UOP01-DEL02-SC,2021
"385180,0",2021-09-23,quinta-feira,06:45:00,SC,280,"54,2",GUARAMIRIM,Acessar a via sem observar a presença dos outros veículos,Colisão transversal,Com Vítimas Feridas,Amanhecer,Decrescente,Nublado,Dupla,Reta,Não,2,0,1,0,1,0,1,2,-26.47539893,-48.983748,SPRF-SC,DEL03-SC,UOP03-DEL03-SC,2021
"385183,0",2021-09-23,quinta-feira,06:50:00,SC,470,"128,8",LONTRAS,Reação tardia ou ineficiente do condutor,Colisão frontal,Com Vítimas Feridas,Pleno dia,Decrescente,Nublado,Simples,Curva,Não,2,0,0,1,1,0,1,2,-27.14841845,-49.55617558,SPRF-SC,DEL04-SC,UOP02-DEL04-SC,2021
"385203,0",2021-09-23,quinta-feira,09:00:00,SC,282,"4,0",FLORIANOPOLIS,Reação tardia ou ineficiente do condutor,Queda de ocupante de veículo,Com Vítimas Feridas,Pleno dia,Crescente,Céu Claro,Simples,Reta,Não,1,0,1,0,0,0,1,1,-27.592646,-48.604034,SPRF-SC,DEL01-SC,UOP01-DEL01-SC,2021
"385241,0",2021-09-23,quinta-feira,14:20:00,SC,470,"63,0",INDAIAL,Acessar a via sem observar a presença dos outros veículos,Colisão lateral mesmo sentido,Com Vítimas Feridas,Pleno dia,Crescente,Céu Claro,Simples,Reta,Não,2,0,1,0,1,0,1,2,-26.872396,-49.19228,SPRF-SC,DEL04-SC,UOP01-DEL04-SC,2021
"385259,0",2021-09-23,quinta-feira,16:25:00,SC,101,"195,7",BIGUACU,Ingestão de álcool pelo condutor,Colisão transversal,Com Vítimas Feridas,Pleno dia,Decrescente,Céu Claro,Múltipla,Viaduto,Sim,2,0,1,0,1,0,1,2,-27.50671924,-48.64747743,SPRF-SC,DEL01-SC,UOP01-DEL01-SC,2021
"385265,0",2021-09-20,segunda-feira,04:44:00,SC,470,"52,0",BLUMENAU,Velocidade Incompatível,Tombamento,Com Vítimas Feridas,Plena Noite,Decrescente,Chuva,Simples,Reta,Não,1,0,1,0,0,0,1,1,-26.862286,-49.093903,SPRF-SC,DEL04-SC,UOP01-DEL04-SC,2021
"385269,0",2021-09-23,quinta-feira,08:00:00,SC,101,"275,0",IMBITUBA,Avarias e/ou desgaste excessivo no pneu,Capotamento,Com Vítimas Feridas,Pleno dia,Crescente,Nublado,Simples,Reta,Não,2,0,1,0,1,0,1,1,-28.138086,-48.69218292,SPRF-SC,DEL02-SC,UOP03-DEL02-SC,2021
"385275,0",2021-09-23,quinta-feira,17:20:00,SC,280,"58,3",GUARAMIRIM,Reação tardia ou ineficiente do condutor,Colisão lateral mesmo sentido,Com Vítimas Feridas,Pleno dia,Decrescente,Nublado,Simples,Rotatória;Interseção de Vias,Sim,3,0,0,1,2,0,1,2,-26.47435696,-49.02005196,SPRF-SC,DEL03-SC,UOP03-DEL03-SC,2021
"385281,0",2021-09-23,quinta-feira,18:50:00,SC,470,"63,0",INDAIAL,Acessar a via sem observar a presença dos outros veículos,Colisão transversal,Com Vítimas Feridas,Plena Noite,Crescente,Céu Claro,Simples,Reta,Sim,2,0,1,0,1,0,1,2,-26.872396,-49.19228,SPRF-SC,DEL04-SC,UOP01-DEL04-SC,2021
"385290,0",2021-09-23,quinta-feira,19:20:00,SC,282,"16,7",PALHOCA,Condutor deixou de manter distância do veículo da frente,Colisão traseira,Com Vítimas Feridas,Plena Noite,Crescente,Nublado,Simples,Interseção de Vias,Sim,2,0,1,0,1,0,1,2,-27.658611,-48.681847,SPRF-SC,DEL01-SC,UOP02-DEL01-SC,2021
"385295,0",2021-09-23,quinta-feira,17:20:00,SC,470,"8,7",NAVEGANTES,Desrespeitar a preferência no cruzamento,Colisão transversal,Com Vítimas Feridas,Pleno dia,Crescente,Céu Claro,Simples,Reta,Não,3,0,0,1,1,1,1,3,-26.83688,-48.718853,SPRF-SC,DEL04-SC,UOP04-DEL04-SC,2021
"385296,0",2021-09-23,quinta-feira,17:30:00,SC,470,"9,8",NAVEGANTES,Acessar a via sem observar a presença dos outros veículos,Colisão transversal,Com Vítimas Feridas,Anoitecer,Crescente,Céu Claro,Simples,Reta,Não,3,0,1,1,1,0,2,2,-26.833143,-48.727432,SPRF-SC,DEL04-SC,UOP04-DEL04-SC,2021
"385299,0",2021-09-23,quinta-feira,19:00:00,SC,101,"216,2",PALHOCA,Trafegar com motocicleta (ou similar) entre as faixas,Colisão traseira,Com Vítimas Feridas,Plena Noite,Decrescente,Céu Claro,Dupla,Reta,Sim,3,0,2,1,0,0,3,2,-27.65981409,-48.67747798,SPRF-SC,DEL01-SC,UOP02-DEL01-SC,2021
"385316,0",2021-09-23,quinta-feira,18:00:00,SC,280,"232,0",CANOINHAS,Desrespeitar a preferência no cruzamento,Colisão frontal,Com Vítimas Feridas,Plena Noite,Decrescente,Nublado,Simples,Reta;Interseção de Vias,Sim,2,0,1,0,1,0,1,2,-26.19014736,-50.38186997,SPRF-SC,DEL06-SC,UOP04-DEL06-SC,2021
"385322,0",2021-09-23,quinta-feira,21:50:00,SC,470,"93,0",ASCURRA,Acessar a via sem observar a presença dos outros veículos,Colisão transversal,Com Vítimas Feridas,Plena Noite,Crescente,Céu Claro,Simples,Reta,Sim,2,0,0,1,1,0,1,2,-26.994484,-49.375908,SPRF-SC,DEL04-SC,UOP01-DEL04-SC,2021
"385324,0",2021-09-23,quinta-feira,22:15:00,SC,470,"139,0",RIO DO SUL,Velocidade Incompatível,Colisão transversal,Com Vítimas Feridas,Plena Noite,Crescente,Chuva,Simples,Retorno Regulamentado,Sim,2,0,0,1,1,0,1,2,-27.19941155,-49.63082314,SPRF-SC,DEL04-SC,UOP02-DEL04-SC,2021
"385336,0",2021-09-24,sexta-feira,01:50:00,SC,280,"25,5",ARAQUARI,Animais na Pista,Atropelamento de Animal,Com Vítimas Feridas,Plena Noite,Crescente,Nublado,Simples,Reta,Não,2,0,2,0,0,0,2,1,-26.38878462,-48.73302341,SPRF-SC,DEL03-SC,UOP03-DEL03-SC,2021
"385339,0",2021-09-24,sexta-feira,02:45:00,SC,101,"209,2",SAO JOSE,Ingestão de álcool pelo condutor,Colisão traseira,Com Vítimas Feridas,Plena Noite,Crescente,Céu Claro,Múltipla,Reta,Sim,5,0,3,0,1,1,3,3,-27.60995753,-48.63909821,SPRF-SC,DEL01-SC,UOP01-DEL01-SC,2021
"385380,0",2021-09-04,sábado,09:30:00,SC,116,"124,9",SANTA CECILIA,Ultrapassagem Indevida,Colisão frontal,Com Vítimas Fatais,Pleno dia,Crescente,Sol,Simples,Curva,Não,13,2,3,4,2,2,7,5,-26.8564804,-50.4042488,SPRF-SC,DEL06-SC,UOP02-DEL06-SC,2021
"385394,0",2021-08-21,sábado,01:00:00,SC,470,"6,0",NAVEGANTES,Reação tardia ou ineficiente do condutor,Colisão com objeto,Com Vítimas Feridas,Plena Noite,Crescente,Céu Claro,Simples,Reta,Não,1,0,0,1,0,0,1,1,-26.852238,-48.709545,SPRF-SC,DEL04-SC,UOP04-DEL04-SC,2021
"385407,0",2021-09-24,sexta-feira,11:42:00,SC,470,"176,4",POUSO REDONDO,Retorno proibido,Colisão traseira,Com Vítimas Feridas,Pleno dia,Crescente,Céu Claro,Simples,Declive;Reta,Não,2,0,1,0,1,0,1,2,-27.254238,-49.948658,SPRF-SC,DEL04-SC,UOP02-DEL04-SC,2021
"385415,0",2021-09-24,sexta-feira,14:15:00,SC,101,"212,0",PALHOCA,Entrada inopinada do pedestre,Queda de ocupante de veículo,Com Vítimas Feridas,Pleno dia,Decrescente,Céu Claro,Dupla,Reta,Sim,2,0,2,0,0,0,2,1,-27.62996929,-48.65903871,SPRF-SC,DEL01-SC,UOP02-DEL01-SC,2021
"385422,0",2021-09-24,sexta-feira,13:30:00,SC,101,"176,0",BIGUACU,Avarias e/ou desgaste excessivo no pneu,Colisão com objeto,Sem Vítimas,Pleno dia,Crescente,Nublado,Dupla,Reta,Não,2,0,0,0,2,0,0,1,-27.34661396,-48.63300917,SPRF-SC,DEL01-SC,UOP01-DEL01-SC,2021
"385423,0",2021-09-24,sexta-feira,14:50:00,SC,101,"47,0",JOINVILLE,Demais falhas mecânicas ou elétricas,Tombamento,Com Vítimas Feridas,Pleno dia,Crescente,Nublado,Simples,Reta,Sim,1,0,1,0,0,0,1,1,-26.34234997,-48.85840089,SPRF-SC,DEL03-SC,UOP01-DEL03-SC,2021
"385441,0",2021-09-24,sexta-feira,16:28:00,SC,101,"122,0",ITAJAI,Manobra de mudança de faixa,Queda de ocupante de veículo,Com Vítimas Feridas,Pleno dia,Decrescente,Céu Claro,Dupla,Reta,Não,1,0,1,0,0,0,1,1,-26.92955916,-48.70499836,SPRF-SC,DEL04-SC,UOP04-DEL04-SC,2021
"385511,0",2021-09-24,sexta-feira,20:30:00,SC,282,"4,0",SAO JOSE,Manobra de mudança de faixa,Colisão transversal,Com Vítimas Feridas,Plena Noite,Decrescente,Nublado,Simples,Reta,Sim,2,0,0,2,0,0,2,2,-27.592646,-48.604034,SPRF-SC,DEL01-SC,UOP01-DEL01-SC,2021
"385515,0",2021-09-24,sexta-feira,18:45:00,SC,101,"134,4",BALNEARIO CAMBORIU,Manobra de mudança de faixa,Colisão lateral mesmo sentido,Com Vítimas Feridas,Plena Noite,Decrescente,Nublado,Simples,Reta,Sim,3,0,0,2,1,0,2,2,-27.00218,-48.636433,SPRF-SC,DEL04-SC,UOP03-DEL04-SC,2021
"385517,0",2021-09-24,sexta-feira,19:40:00,SC,101,"134,4",BALNEARIO CAMBORIU,Manobra de mudança de faixa,Colisão lateral mesmo sentido,Com Vítimas Feridas,Plena Noite,Crescente,Céu Claro,Dupla,Reta,Sim,2,0,1,0,1,0,1,2,-27.00218,-48.636433,SPRF-SC,DEL04-SC,UOP03-DEL04-SC,2021
"385521,0",2021-09-24,sexta-feira,21:10:00,SC,101,"222,9",PALHOCA,Reação tardia ou ineficiente do condutor,Saída de leito carroçável,Com Vítimas Feridas,Plena Noite,Decrescente,Céu Claro,Múltipla,Reta,Não,1,0,1,0,0,0,1,1,-27.70865409,-48.65586407,SPRF-SC,DEL01-SC,UOP02-DEL01-SC,2021
"385525,0",2021-09-24,sexta-feira,18:10:00,SC,280,"128,0",RIO NEGRINHO,Acessar a via sem observar a presença dos outros veículos,Colisão transversal,Com Vítimas Feridas,Anoitecer,Decrescente,Nublado,Simples,Curva,Não,4,0,3,0,1,0,3,2,-26.24317941,-49.51320018,SPRF-SC,DEL06-SC,UOP03-DEL06-SC,2021
"385530,0",2021-09-24,sexta-feira,19:30:00,SC,116,"31,8",ITAIOPOLIS,Animais na Pista,Atropelamento de Animal,Sem Vítimas,Plena Noite,Decrescente,Céu Claro,Simples,Reta,Não,1,0,0,0,1,0,0,1,-26.31708989,-49.97099106,SPRF-SC,DEL06-SC,UOP01-DEL06-SC,2021
"385531,0",2021-09-24,sexta-feira,19:20:00,SC,280,"258,0",CANOINHAS,Animais na Pista,Atropelamento de Animal,Com Vítimas Feridas,Plena Noite,Decrescente,Nublado,Simples,Reta,Não,1,0,1,0,0,0,1,1,-26.26304631,-50.61827002,SPRF-SC,DEL06-SC,UOP04-DEL06-SC,2021
"385533,0",2021-09-24,sexta-feira,11:40:00,SC,153,"8,9",AGUA DOCE,Velocidade Incompatível,Saída de leito carroçável,Sem Vítimas,Pleno dia,Crescente,Céu Claro,Simples,Curva,Não,1,0,0,0,1,0,0,1,-26.66602198,-51.54793739,SPRF-SC,DEL07-SC,UOP05-DEL07-SC,2021
"385535,0",2021-09-24,sexta-feira,19:15:00,SC,470,"69,8",INDAIAL,Ingestão de álcool pelo condutor,Colisão traseira,Sem Vítimas,Plena Noite,Crescente,Nublado,Simples,Em Obras,Não,2,0,0,0,2,0,0,2,-26.883745,-49.246704,SPRF-SC,DEL04-SC,UOP01-DEL04-SC,2021
"385549,0",2021-09-25,sábado,01:00:00,SC,101,"216,0",PALHOCA,Ingestão de álcool pelo condutor,Saída de leito carroçável,Sem Vítimas,Plena Noite,Crescente,Céu Claro,Dupla,Reta,Sim,1,0,0,0,1,0,0,1,-27.65981409,-48.67747798,SPRF-SC,DEL01-SC,UOP02-DEL01-SC,2021
"385566,0",2021-09-25,sábado,04:20:00,SC,101,"366,0",SANGAO,Deficiência do Sistema de Iluminação/Sinalização,Colisão traseira,Com Vítimas Feridas,Plena Noite,Decrescente,Céu Claro,Dupla,Reta,Não,4,0,2,0,2,0,2,3,-28.68718511,-49.15621795,SPRF-SC,DEL02-SC,UOP01-DEL02-SC,2021
"385575,0",2021-09-25,sábado,03:30:00,SC,101,"276,9",IMBITUBA,Velocidade Incompatível,Tombamento,Com Vítimas Feridas,Plena Noite,Decrescente,Céu Claro,Dupla,Reta,Sim,1,0,0,1,0,0,1,1,-28.14644701,-48.69204746,SPRF-SC,DEL02-SC,UOP03-DEL02-SC,2021
"385613,0",2021-09-25,sábado,09:20:00,SC,101,"153,0",PORTO BELO,Avarias e/ou desgaste excessivo no pneu,Tombamento,Com Vítimas Feridas,Pleno dia,Crescente,Céu Claro,Dupla,Reta,Não,2,0,2,0,0,0,2,1,-27.144717,-48.61063935,SPRF-SC,DEL04-SC,UOP03-DEL04-SC,2021
"385614,0",2021-09-25,sábado,04:30:00,SC,470,"174,5",POUSO REDONDO,Ingestão de álcool pelo condutor,Colisão com objeto,Com Vítimas Feridas,Plena Noite,Crescente,Nublado,Simples,Reta,Sim,1,0,1,0,0,0,1,1,-27.258179,-49.929146,SPRF-SC,DEL04-SC,UOP02-DEL04-SC,2021
"385617,0",2021-09-25,sábado,09:35:00,SC,470,"58,5",BLUMENAU,Trafegar com motocicleta (ou similar) entre as faixas,Colisão transversal,Com Vítimas Feridas,Pleno dia,Decrescente,Nublado,Simples,Curva;Aclive,Sim,2,0,1,0,1,0,1,2,-26.8840142,-49.15113483,SPRF-SC,DEL04-SC,UOP01-DEL04-SC,2021
"385622,0",2021-09-25,sábado,09:50:00,SC,282,"331,0",CAMPOS NOVOS,Condutor deixou de manter distância do veículo da frente,Colisão traseira,Com Vítimas Feridas,Pleno dia,Decrescente,Sol,Simples,Reta,Não,2,0,1,0,1,0,1,2,-27.387941,-51.116081,SPRF-SC,DEL07-SC,UOP06-DEL07-SC,2021
"385630,0",2021-09-25,sábado,10:30:00,SC,101,"59,0",ARAQUARI,Avarias e/ou desgaste excessivo no pneu,Tombamento,Com Vítimas Feridas,Pleno dia,Decrescente,Céu Claro,Dupla,Reta,Não,2,0,0,1,1,0,1,1,-26.44651734,-48.79426826,SPRF-SC,DEL03-SC,UOP02-DEL03-SC,2021
"385637,0",2021-09-25,sábado,11:08:00,SC,101,"210,3",SAO JOSE,Mal súbito do condutor,Colisão com objeto,Sem Vítimas,Pleno dia,Crescente,Céu Claro,Dupla,Reta,Sim,1,0,0,0,1,0,0,1,-27.6167305,-48.6457265,SPRF-SC,DEL01-SC,UOP01-DEL01-SC,2021
"385645,0",2021-09-25,sábado,07:40:00,SC,282,"604,4",MARAVILHA,Acessar a via sem observar a presença dos outros veículos,Colisão transversal,Com Vítimas Feridas,Pleno dia,Decrescente,Céu Claro,Simples,Aclive;Em Obras;Reta,Não,5,0,3,1,0,1,4,3,-26.79025428,-53.19479764,SPRF-SC,DEL07-SC,UOP02-DEL07-SC,2021
"385646,0",2021-09-25,sábado,08:25:00,SC,282,"624,4",IRACEMINHA,Ingestão de álcool pelo condutor,Colisão traseira,Sem Vítimas,Pleno dia,Decrescente,Nublado,Simples,Interseção de Vias,Não,3,0,0,0,3,0,0,2,-26.798008,-53.34169,SPRF-SC,DEL07-SC,UOP02-DEL07-SC,2021
"385647,0",2021-09-25,sábado,12:20:00,SC,101,"202,7",SAO JOSE,Condutor deixou de manter distância do veículo da frente,Colisão traseira,Sem Vítimas,Pleno dia,Decrescente,Céu Claro,Múltipla,Reta,Sim,2,0,0,0,2,0,0,2,-27.55711595,-48.61897889,SPRF-SC,DEL01-SC,UOP01-DEL01-SC,2021
"385686,0",2021-09-25,sábado,16:09:00,SC,101,"276,2",IMBITUBA,Ingestão de álcool pelo condutor,Atropelamento de Pedestre,Com Vítimas Feridas,Pleno dia,Decrescente,Nublado,Múltipla,Interseção de Vias;Reta;Viaduto,Sim,3,0,2,0,0,1,2,2,-28.146765,-48.69176215,SPRF-SC,DEL02-SC,UOP03-DEL02-SC,2021
"385700,0",2021-09-25,sábado,17:30:00,SC,101,"71,0",ARAQUARI,Velocidade Incompatível,Colisão traseira,Com Vítimas Feridas,Pleno dia,Decrescente,Céu Claro,Dupla,Reta,Não,2,0,1,0,1,0,1,2,-26.51864822,-48.71874636,SPRF-SC,DEL03-SC,UOP02-DEL03-SC,2021
"385724,0",2021-09-25,sábado,15:00:00,SC,282,"676,4",PARAISO,Velocidade Incompatível,Saída de leito carroçável,Com Vítimas Feridas,Pleno dia,Decrescente,Céu Claro,Simples,Curva,Não,1,0,1,0,0,0,1,1,-26.614067,-53.68462,SPRF-SC,DEL07-SC,UOP03-DEL07-SC,2021
"385736,0",2021-09-25,sábado,13:10:00,SC,282,"539,4",CHAPECO,Ingestão de álcool pelo condutor,Colisão frontal,Sem Vítimas,Pleno dia,Crescente,Sol,Simples,Curva,Não,2,0,0,0,2,0,0,2,-26.993254,-52.681767,SPRF-SC,DEL07-SC,UOP01-DEL07-SC,2021
"385749,0",2021-09-25,sábado,19:05:00,SC,101,"384,0",ICARA,Condutor Dormindo,Saída de leito carroçável,Com Vítimas Feridas,Plena Noite,Decrescente,Céu Claro,Dupla,Aclive,Não,1,0,0,1,0,0,1,1,-28.77884066,-49.32489038,SPRF-SC,DEL02-SC,UOP02-DEL02-SC,2021
"385751,0",2021-09-25,sábado,19:15:00,SC,101,"344,9",TUBARAO,Ausência de reação do condutor,Saída de leito carroçável,Com Vítimas Feridas,Plena Noite,Crescente,Céu Claro,Dupla,Reta,Não,1,0,1,0,0,0,1,1,-28.53647889,-49.0531826,SPRF-SC,DEL02-SC,UOP01-DEL02-SC,2021
"385753,0",2021-09-25,sábado,17:40:00,SC,470,"170,4",POUSO REDONDO,Ingestão de álcool pelo condutor,Tombamento,Com Vítimas Feridas,Anoitecer,Crescente,Nevoeiro/Neblina,Simples,Reta,Não,1,0,1,0,0,0,1,1,-27.265903,-49.892441,SPRF-SC,DEL04-SC,UOP02-DEL04-SC,2021
"385754,0",2021-09-25,sábado,17:50:00,SC,470,"109,1",APIUNA,Ingestão de álcool pelo condutor,Colisão com objeto,Com Vítimas Feridas,Pleno dia,Decrescente,Céu Claro,Simples,Curva,Sim,2,0,0,1,1,0,1,2,-27.083876,-49.449543,SPRF-SC,DEL04-SC,UOP02-DEL04-SC,2021