id,data_inversa,dia_semana,horario,uf,br,km,municipio,causa_acidente,tipo_acidente,classificacao_acidente,fase_dia,sentido_via,condicao_metereologica,tipo_pista,tracado_via,uso_solo,pessoas,mortos,feridos_leves,feridos_graves,ilesos,ignorados,feridos,veiculos,latitude,longitude,regional,delegacia,uop,ano_arquivo
"389916,0",2021-10-15,sexta-feira,21:30:00,SC,101,"188,9",BIGUACU,Demais falhas mecânicas ou elétricas,Queda de ocupante de veículo,Com Vítimas Feridas,Plena Noite,Decrescente,Nublado,Múltipla,Reta,Sim,2,0,2,0,0,0,2,1,-27.45123421,-48.63370766,SPRF-SC,DEL01-SC,UOP01-DEL01-SC,2021
"389925,0",2021-10-15,sexta-feira,21:30:00,SC,280,"235,0",CANOINHAS,Acessar a via sem observar a presença dos outros veículos,Colisão transversal,Com Vítimas Feridas,Plena Noite,Crescente,Garoa/Chuvisco,Simples,Interseção de Vias,Sim,2,0,1,0,1,0,1,2,-26.19272022,-50.41668892,SPRF-SC,DEL06-SC,UOP04-DEL06-SC,2021
"389952,0",2021-10-15,sexta-feira,20:40:00,SC,116,"258,0",CAPAO ALTO,Ultrapassagem Indevida,Colisão lateral sentido oposto,Com Vítimas Feridas,Plena Noite,Crescente,Chuva,Simples,Curva;Declive,Não,3,0,1,0,2,0,1,2,-27.89324692,-50.42299606,SPRF-SC,DEL05-SC,UOP02-DEL05-SC,2021
"389971,0",2021-10-16,sábado,01:00:00,SC,101,"201,0",SAO JOSE,Ingestão de álcool pelo condutor,Saída de leito carroçável,Sem Vítimas,Plena Noite,Crescente,Nublado,Múltipla,Reta,Sim,1,0,0,0,0,1,0,1,-27.54836599,-48.61977975,SPRF-SC,DEL01-SC,UOP01-DEL01-SC,2021
"389982,0",2021-10-16,sábado,03:30:00,SC,101,"213,7",PALHOCA,Ingestão de álcool pelo condutor,Colisão transversal,Com Vítimas Feridas,Pleno dia,Decrescente,Céu Claro,Simples,Interseção de Vias,Sim,3,0,3,0,0,0,3,2,-27.63697369,-48.66514142,SPRF-SC,DEL01-SC,UOP02-DEL01-SC,2021
"389995,0",2021-10-16,sábado,05:20:00,SC,101,"339,8",TUBARAO,Acessar a via sem observar a presença dos outros veículos,Colisão traseira,Com Vítimas Feridas,Amanhecer,Crescente,Garoa/Chuvisco,Dupla,Reta,Não,5,0,2,0,3,0,2,2,-28.49351117,-49.04178985,SPRF-SC,DEL02-SC,UOP01-DEL02-SC,2021
"389998,0",2021-10-16,sábado,05:50:00,SC,101,"217,0",PALHOCA,Ingestão de álcool pelo condutor,Colisão lateral mesmo sentido,Sem Vítimas,Amanhecer,Decrescente,Céu Claro,Múltipla,Reta,Sim,2,0,0,0,2,0,0,2,-27.66779034,-48.67393586,SPRF-SC,DEL01-SC,UOP02-DEL01-SC,2021
"390018,0",2021-10-16,sábado,08:20:00,SC,101,"215,5",PALHOCA,Condutor deixou de manter distância do veículo da frente,Colisão traseira,Com Vítimas Feridas,Pleno dia,Decrescente,Céu Claro,Múltipla,Curva;Declive;Desvio Temporário;Em Obras,Sim,3,0,1,1,1,0,2,2,-27.65478476,-48.67803812,SPRF-SC,DEL01-SC,UOP02-DEL01-SC,2021
"390020,0",2021-10-15,sexta-feira,13:00:00,SC,282,"386,0",JOACABA,Acumulo de água sobre o pavimento,Saída de leito carroçável,Com Vítimas Feridas,Pleno dia,Decrescente,Chuva,Simples,Curva,Não,2,0,1,0,1,0,1,1,-27.185896,-51.518845,SPRF-SC,DEL07-SC,UOP05-DEL07-SC,2021
"390027,0",2021-10-16,sábado,08:55:00,SC,470,"75,1",INDAIAL,Ausência de reação do condutor,Colisão traseira,Com Vítimas Fatais,Pleno dia,Decrescente,Nublado,Simples,Reta,Não,4,1,0,2,1,0,2,3,-26.9276028,-49.285155,SPRF-SC,DEL04-SC,UOP01-DEL04-SC,2021
"390037,0",2021-10-16,sábado,07:00:00,SC,470,"114,6",APIUNA,Ingestão de álcool pelo condutor,Saída de leito carroçável,Sem Vítimas,Amanhecer,Crescente,Nublado,Simples,Reta,Não,1,0,0,0,1,0,0,1,-27.086386,-49.478001,SPRF-SC,DEL04-SC,UOP02-DEL04-SC,2021
"390044,0",2021-10-16,sábado,11:10:00,SC,101,"203,7",SAO JOSE,Animais na Pista,Atropelamento de Animal,Com Vítimas Feridas,Pleno dia,Crescente,Nublado,Múltipla,Reta,Sim,2,0,1,1,0,0,2,1,-27.5650044,-48.61460082,SPRF-SC,DEL01-SC,UOP01-DEL01-SC,2021
"390052,0",2021-10-16,sábado,11:25:00,SC,101,"128,2",BALNEARIO CAMBORIU,Reação tardia ou ineficiente do condutor,Colisão lateral mesmo sentido,Com Vítimas Feridas,Pleno dia,Crescente,Nublado,Dupla,Reta,Não,2,0,1,0,1,0,1,2,-26.97284292,-48.68299451,SPRF-SC,DEL04-SC,UOP03-DEL04-SC,2021
"390054,0",2021-10-16,sábado,11:55:00,SC,101,"135,4",BALNEARIO CAMBORIU,Reação tardia ou ineficiente do condutor,Colisão traseira,Com Vítimas Feridas,Pleno dia,Crescente,Nublado,Múltipla,Reta,Não,2,0,1,0,1,0,1,2,-27.00585675,-48.62390041,SPRF-SC,DEL04-SC,UOP03-DEL04-SC,2021
"390065,0",2021-10-16,sábado,09:30:00,SC,101,"335,7",CAPIVARI DE BAIXO,Reação tardia ou ineficiente do condutor,Tombamento,Com Vítimas Feridas,Pleno dia,Crescente,Garoa/Chuvisco,Dupla,Reta,Sim,1,0,0,1,0,0,1,1,-28.47311347,-49.02437375,SPRF-SC,DEL02-SC,UOP01-DEL02-SC,2021
"390073,0",2021-10-16,sábado,14:00:00,SC,101,"132,0",BALNEARIO CAMBORIU,Ausência de reação do condutor,Colisão traseira,Com Vítimas Feridas,Pleno dia,Decrescente,Nublado,Dupla,Reta,Sim,2,0,2,0,0,0,2,2,-26.99654133,-48.65564711,SPRF-SC,DEL04-SC,UOP03-DEL04-SC,2021
"390145,0",2021-10-16,sábado,21:00:00,SC,116,"245,6",LAGES,Acessar a via sem observar a presença dos outros veículos,Queda de ocupante de veículo,Com Vítimas Feridas,Plena Noite,Crescente,Nublado,Simples,Interseção de Vias,Sim,2,0,1,0,0,1,1,2,-27.79982602,-50.36381906,SPRF-SC,DEL05-SC,UOP02-DEL05-SC,2021
"390157,0",2021-10-16,sábado,22:20:00,SC,101,"41,4",JOINVILLE,Desrespeitar a preferência no cruzamento,Colisão transversal,Com Vítimas Feridas,Plena Noite,Decrescente,Nublado,Dupla,Interseção de Vias,Sim,3,0,1,0,2,0,1,3,-26.31875778,-48.87144685,SPRF-SC,DEL03-SC,UOP01-DEL03-SC,2021
"390175,0",2021-10-17,domingo,00:15:00,SC,280,"51,9",GUARAMIRIM,Deficiência do Sistema de Iluminação/Sinalização,Colisão com objeto,Com Vítimas Feridas,Plena Noite,Decrescente,Nublado,Dupla,Reta,Não,1,0,1,0,0,0,1,1,-26.46538871,-48.95544449,SPRF-SC,DEL03-SC,UOP03-DEL03-SC,2021
"390177,0",2021-10-17,domingo,00:40:00,SC,470,"138,6",RIO DO SUL,Ingestão de álcool pelo condutor,Colisão com objeto,Com Vítimas Feridas,Plena Noite,Decrescente,Chuva,Simples,Reta,Não,1,0,0,1,0,0,1,1,-27.207214,-49.648476,SPRF-SC,DEL04-SC,UOP02-DEL04-SC,2021
"390181,0",2021-10-16,sábado,23:15:00,SC,101,"328,0",CAPIVARI DE BAIXO,Reação tardia ou ineficiente do condutor,Colisão com objeto,Com Vítimas Feridas,Plena Noite,Decrescente,Nublado,Dupla,Reta,Não,2,0,1,1,0,0,2,2,-28.43648094,-48.95989307,SPRF-SC,DEL02-SC,UOP01-DEL02-SC,2021
"390193,0",2021-10-17,domingo,03:27:00,SC,101,"50,9",JOINVILLE,Ingestão de álcool e/ou substâncias psicoativas pelo pedestre,Colisão com objeto,Sem Vítimas,Plena Noite,Decrescente,Chuva,Dupla,Reta,Sim,1,0,0,0,1,0,0,1,-26.39184174,-48.83953929,SPRF-SC,DEL03-SC,UOP01-DEL03-SC,2021
"390196,0",2021-10-17,domingo,04:15:00,SC,101,"216,1",PALHOCA,Ingestão de álcool pelo condutor,Saída de leito carroçável,Sem Vítimas,Plena Noite,Decrescente,Nublado,Dupla,Reta,Sim,1,0,0,0,1,0,0,1,-27.65981409,-48.67747798,SPRF-SC,DEL01-SC,UOP02-DEL01-SC,2021
"390198,0",2021-10-17,domingo,05:30:00,SC,101,"122,0",ITAJAI,Reação tardia ou ineficiente do condutor,Colisão lateral mesmo sentido,Com Vítimas Feridas,Amanhecer,Decrescente,Céu Claro,Múltipla,Reta,Não,3,0,2,0,0,1,2,3,-26.92955916,-48.70499836,SPRF-SC,DEL04-SC,UOP04-DEL04-SC,2021
"390205,0",2021-10-17,domingo,05:30:00,SC,101,"134,0",BALNEARIO CAMBORIU,Transitar na contramão,Colisão frontal,Com Vítimas Feridas,Pleno dia,Decrescente,Nublado,Simples,Curva,Sim,2,0,1,0,0,1,1,2,-27.00218,-48.636433,SPRF-SC,DEL04-SC,UOP03-DEL04-SC,2021
"390239,0",2021-10-17,domingo,07:30:00,SC,101,"450,5",SAO JOAO DO SUL,Condutor Dormindo,Saída de leito carroçável,Sem Vítimas,Amanhecer,Decrescente,Nublado,Múltipla,Viaduto;Curva,Sim,1,0,0,0,1,0,0,1,-29.18401368,-49.75510597,SPRF-SC,DEL02-SC,UOP02-DEL02-SC,2021
"390250,0",2021-10-17,domingo,09:10:00,SC,470,"266,7",CURITIBANOS,Reação tardia ou ineficiente do condutor,Saída de leito carroçável,Com Vítimas Feridas,Pleno dia,Crescente,Nublado,Simples,Curva,Não,1,0,1,0,0,0,1,1,-27.311543,-50.729591,SPRF-SC,DEL05-SC,UOP03-DEL05-SC,2021
"390260,0",2021-10-17,domingo,08:30:00,SC,280,"10,6",SAO FRANCISCO DO SUL,Acessar a via sem observar a presença dos outros veículos,Colisão transversal,Com Vítimas Feridas,Pleno dia,Decrescente,Chuva,Simples,Reta,Sim,4,0,0,1,3,0,1,2,-26.29625399,-48.64238799,SPRF-SC,DEL03-SC,UOP03-DEL03-SC,2021
"390276,0",2021-10-17,domingo,14:15:00,SC,101,"215,5",PALHOCA,Chuva,Tombamento,Com Vítimas Feridas,Pleno dia,Crescente,Chuva,Simples,Curva,Não,1,0,1,0,0,0,1,1,-27.65184843,-48.67604941,SPRF-SC,DEL01-SC,UOP02-DEL01-SC,2021
"390279,0",2021-10-17,domingo,11:00:00,SC,280,"5,0",SAO FRANCISCO DO SUL,Desrespeitar a preferência no cruzamento,Colisão transversal,Com Vítimas Feridas,Pleno dia,Decrescente,Céu Claro,Simples,Rotatória,Não,3,0,0,2,1,0,2,2,-26.26011706,-48.62571995,SPRF-SC,DEL03-SC,UOP03-DEL03-SC,2021
"390284,0",2021-10-17,domingo,15:10:00,SC,282,"17,3",PALHOCA,Ausência de reação do condutor,Colisão traseira,Sem Vítimas,Pleno dia,Decrescente,Garoa/Chuvisco,Simples,Reta,Sim,3,0,0,0,3,0,0,2,-27.665707,-48.688065,SPRF-SC,DEL01-SC,UOP02-DEL01-SC,2021
"390308,0",2021-10-17,domingo,15:40:00,SC,280,"89,0",CORUPA,Chuva,Saída de leito carroçável,Sem Vítimas,Pleno dia,Decrescente,Chuva,Simples,Curva,Não,1,0,0,0,1,0,0,1,-26.39475643,-49.29569721,SPRF-SC,DEL06-SC,UOP03-DEL06-SC,2021
"390313,0",2021-10-17,domingo,18:10:00,SC,101,"190,8",BIGUACU,Ingestão de álcool pelo condutor,Colisão com objeto,Sem Vítimas,Anoitecer,Decrescente,Chuva,Dupla,Curva,Sim,1,0,0,0,0,1,0,1,-27.47467702,-48.64061594,SPRF-SC,DEL01-SC,UOP01-DEL01-SC,2021
"390314,0",2021-10-17,domingo,18:45:00,SC,101,"332,0",TUBARAO,Manobra de mudança de faixa,Colisão com objeto,Com Vítimas Feridas,Anoitecer,Decrescente,Céu Claro,Dupla,Reta,Sim,1,0,1,0,0,0,1,1,-28.46016431,-48.98968873,SPRF-SC,DEL02-SC,UOP01-DEL02-SC,2021
"390384,0",2021-10-18,segunda-feira,01:55:00,SC,101,"205,0",SAO JOSE,Reação tardia ou ineficiente do condutor,Colisão com objeto,Sem Vítimas,Plena Noite,Crescente,Chuva,Múltipla,Curva,Sim,1,0,0,0,0,1,0,1,-27.58313237,-48.61532885,SPRF-SC,DEL01-SC,UOP01-DEL01-SC,2021
"390395,0",2021-10-18,segunda-feira,02:30:00,SC,280,"150,0",MAFRA,Velocidade Incompatível,Saída de leito carroçável,Com Vítimas Feridas,Plena Noite,Crescente,Nublado,Simples,Curva,Não,2,0,2,0,0,0,2,1,-26.22543045,-49.70800638,SPRF-SC,DEL06-SC,UOP03-DEL06-SC,2021
"390401,0",2021-10-18,segunda-feira,01:00:00,SC,101,"131,0",CAMBORIU,Chuva,Saída de leito carroçável,Sem Vítimas,Plena Noite,Decrescente,Chuva,Dupla,Reta,Não,1,0,0,0,0,1,0,1,-26.99064209,-48.66310912,SPRF-SC,DEL04-SC,UOP03-DEL04-SC,2021
"390416,0",2021-10-18,segunda-feira,07:19:00,SC,282,"23,4",SANTO AMARO DA IMPERATRIZ,Ultrapassagem Indevida,Colisão transversal,Com Vítimas Feridas,Pleno dia,Decrescente,Nublado,Simples,Reta,Sim,2,0,0,1,1,0,1,2,-27.687958,-48.736794,SPRF-SC,DEL01-SC,UOP02-DEL01-SC,2021
"390460,0",2021-10-18,segunda-feira,11:30:00,SC,101,"118,7",ITAJAI,Trafegar com motocicleta (ou similar) entre as faixas,Colisão lateral mesmo sentido,Com Vítimas Feridas,Pleno dia,Decrescente,Garoa/Chuvisco,Dupla,Reta,Sim,2,0,1,0,1,0,1,2,-26.895859,-48.71903,SPRF-SC,DEL04-SC,UOP04-DEL04-SC,2021
"390461,0",2021-10-18,segunda-feira,12:25:00,SC,163,"76,0",SAO MIGUEL DO OESTE,Acumulo de areia ou detritos sobre o pavimento,Tombamento,Com Vítimas Feridas,Pleno dia,Decrescente,Céu Claro,Simples,Em Obras;Reta,Não,2,0,2,0,0,0,2,1,-26.67615498,-53.51669997,SPRF-SC,DEL07-SC,UOP03-DEL07-SC,2021
"390479,0",2021-10-18,segunda-feira,14:00:00,SC,470,"97,0",APIUNA,Conversão proibida,Colisão transversal,Com Vítimas Feridas,Pleno dia,Crescente,Nublado,Simples,Curva,Sim,3,0,2,0,1,0,2,2,-27.026621,-49.378124,SPRF-SC,DEL04-SC,UOP01-DEL04-SC,2021
"390480,0",2021-10-18,segunda-feira,14:30:00,SC,101,"336,6",TUBARAO,Velocidade Incompatível,Colisão frontal,Com Vítimas Feridas,Pleno dia,Crescente,Nublado,Dupla,Aclive,Não,3,0,1,0,2,0,1,2,-28.47311347,-49.02437375,SPRF-SC,DEL02-SC,UOP01-DEL02-SC,2021
"390506,0",2021-10-18,segunda-feira,16:15:00,SC,101,"145,2",ITAPEMA,Reação tardia ou ineficiente do condutor,Colisão com objeto,Com Vítimas Feridas,Pleno dia,Decrescente,Nublado,Dupla,Interseção de Vias,Não,1,0,1,0,0,0,1,1,-27.08139206,-48.60130993,SPRF-SC,DEL04-SC,UOP03-DEL04-SC,2021
"390508,0",2021-10-18,segunda-feira,16:35:00,SC,101,"206,3",SAO JOSE,Manobra de mudança de faixa,Colisão lateral mesmo sentido,Com Vítimas Feridas,Pleno dia,Decrescente,Céu Claro,Dupla,Reta,Sim,2,0,1,0,1,0,1,2,-27.59193546,-48.61824557,SPRF-SC,DEL01-SC,UOP01-DEL01-SC,2021
"390521,0",2021-10-18,segunda-feira,18:00:00,SC,282,"2,0",FLORIANOPOLIS,Ausência de reação do condutor,Colisão com objeto,Com Vítimas Feridas,Plena Noite,Decrescente,Nublado,Múltipla,Reta,Sim,2,0,1,0,1,0,1,2,-27.603289,-48.590416,SPRF-SC,DEL01-SC,UOP01-DEL01-SC,2021
"390545,0",2021-10-18,segunda-feira,19:45:00,SC,101,"148,0",ITAPEMA,Reação tardia ou ineficiente do condutor,Saída de leito carroçável,Com Vítimas Feridas,Plena Noite,Decrescente,Chuva,Dupla,Reta,Sim,1,0,1,0,0,0,1,1,-27.10123686,-48.61807962,SPRF-SC,DEL04-SC,UOP03-DEL04-SC,2021
"390575,0",2021-10-18,segunda-feira,23:35:00,SC,163,"73,0",SAO MIGUEL DO OESTE,Ingestão de álcool pelo condutor,Colisão com objeto,Com Vítimas Feridas,Plena Noite,Crescente,Céu Claro,Simples,Reta,Sim,1,0,1,0,0,0,1,1,-26.71084646,-53.51502434,SPRF-SC,DEL07-SC,UOP03-DEL07-SC,2021
"390579,0",2021-10-18,segunda-feira,16:45:00,SC,470,"155,0",AGRONOMICA,Acessar a via sem observar a presença dos outros veículos,Colisão transversal,Com Vítimas Feridas,Pleno dia,Crescente,Nublado,Simples,Reta,Não,3,0,3,0,0,0,3,2,-27.277105,-49.751972,SPRF-SC,DEL04-SC,UOP02-DEL04-SC,2021
"390592,0",2021-10-19,terça-feira,06:50:00,SC,101,"240,1",PALHOCA,Manobra de mudança de faixa,Saída de leito carroçável,Com Vítimas Feridas,Amanhecer,Decrescente,Céu Claro,Dupla,Reta,Não,1,0,1,0,0,0,1,1,-27.85825092,-48.64383119,SPRF-SC,DEL01-SC,UOP02-DEL01-SC,2021
"390617,0",2021-10-19,terça-feira,11:15:00,SC,101,"192,5",BIGUACU,Ausência de reação do condutor,Queda de ocupante de veículo,Com Vítimas Feridas,Pleno dia,Decrescente,Céu Claro,Múltipla,Reta,Sim,1,0,1,0,0,0,1,1,-27.48443781,-48.64765238,SPRF-SC,DEL01-SC,UOP01-DEL01-SC,2021
"390620,0",2021-09-01,quarta-feira,07:55:00,SC,101,"147,0",ITAPEMA,Transitar na contramão,Colisão transversal,Com Vítimas Feridas,Pleno dia,Crescente,Ignorado,Múltipla,Reta,Não,2,0,1,0,1,0,1,2,-27.0659569,-48.5955532,SPRF-SC,DEL04-SC,UOP03-DEL04-SC,2021
"390635,0",2021-10-19,terça-feira,07:55:00,SC,116,"5,5",MAFRA,Acessar a via sem observar a presença dos outros veículos,Colisão transversal,Com Vítimas Feridas,Pleno dia,Decrescente,Nublado,Simples,Retorno Regulamentado;Reta,Não,2,0,0,1,1,0,1,2,-26.14094396,-49.81508303,SPRF-SC,DEL06-SC,UOP01-DEL06-SC,2021
"390671,0",2021-10-19,terça-feira,14:20:00,SC,101,"369,0",ICARA,Avarias e/ou desgaste excessivo no pneu,Tombamento,Com Vítimas Feridas,Pleno dia,Crescente,Céu Claro,Dupla,Reta,Não,2,0,2,0,0,0,2,1,-28.72314674,-49.23750401,SPRF-SC,DEL02-SC,UOP01-DEL02-SC,2021
"390675,0",2021-10-19,terça-feira,16:45:00,SC,470,"47,7",BLUMENAU,Retorno proibido,Colisão transversal,Com Vítimas Feridas,Pleno dia,Decrescente,Nublado,Simples,Reta,Sim,3,0,2,0,1,0,2,2,-26.86125154,-49.05244231,SPRF-SC,DEL04-SC,UOP01-DEL04-SC,2021
"390679,0",2021-10-19,terça-feira,16:10:00,SC,101,"118,0",ITAJAI,Acessar a via sem observar a presença dos outros veículos,Colisão transversal,Com Vítimas Feridas,Pleno dia,Decrescente,Nublado,Simples,Interseção de Vias,Sim,3,0,2,0,1,0,2,2,-26.895859,-48.71903,SPRF-SC,DEL04-SC,UOP04-DEL04-SC,2021
"390690,0",2021-10-19,terça-feira,17:00:00,SC,101,"217,0",PALHOCA,Ingestão de álcool pelo condutor,Colisão traseira,Sem Vítimas,Pleno dia,Decrescente,Nublado,Múltipla,Reta,Sim,2,0,0,0,2,0,0,2,-27.66779034,-48.67393586,SPRF-SC,DEL01-SC,UOP02-DEL01-SC,2021
"390701,0",2021-10-19,terça-feira,15:30:00,SC,282,"559,5",NOVA ITABERABA,Manobra de mudança de faixa,Colisão lateral mesmo sentido,Com Vítimas Feridas,Pleno dia,Decrescente,Céu Claro,Simples,Curva,Não,3,0,2,0,1,0,2,2,-26.927097,-52.846737,SPRF-SC,DEL07-SC,UOP01-DEL07-SC,2021
"390705,0",2021-10-19,terça-feira,17:55:00,SC,101,"307,0",LAGUNA,Demais falhas mecânicas ou elétricas,Tombamento,Com Vítimas Feridas,Pleno dia,Decrescente,Céu Claro,Múltipla,Reta,Não,2,0,1,0,1,0,1,1,-28.39199505,-48.77826295,SPRF-SC,DEL02-SC,UOP03-DEL02-SC,2021
"390708,0",2021-10-19,terça-feira,18:15:00,SC,101,"339,0",TUBARAO,Desrespeitar a preferência no cruzamento,Colisão transversal,Com Vítimas Feridas,Plena Noite,Crescente,Céu Claro,Múltipla,Interseção de Vias,Sim,3,0,2,0,1,0,2,2,-28.49351117,-49.04178985,SPRF-SC,DEL02-SC,UOP01-DEL02-SC,2021
"390711,0",2021-10-19,terça-feira,19:00:00,SC,101,"212,1",PALHOCA,Condutor deixou de manter distância do veículo da frente,Colisão lateral mesmo sentido,Com Vítimas Feridas,Plena Noite,Decrescente,Céu Claro,Dupla,Reta,Sim,2,0,1,0,1,0,1,2,-27.62996929,-48.65903871,SPRF-SC,DEL01-SC,UOP02-DEL01-SC,2021
"390722,0",2021-10-19,terça-feira,19:00:00,SC,163,"75,0",SAO MIGUEL DO OESTE,Animais na Pista,Atropelamento de Animal,Com Vítimas Feridas,Plena Noite,Decrescente,Céu Claro,Simples,Em Obras;Curva,Não,1,0,1,0,0,0,1,1,-26.69389959,-53.51603508,SPRF-SC,DEL07-SC,UOP03-DEL07-SC,2021
"390731,0",2021-10-19,terça-feira,20:25:00,SC,101,"256,0",PAULO LOPES,Avarias e/ou desgaste excessivo no pneu,Colisão com objeto,Com Vítimas Feridas,Plena Noite,Crescente,Céu Claro,Dupla,Curva,Sim,1,0,0,1,0,0,1,1,-27.99084416,-48.68056684,SPRF-SC,DEL02-SC,UOP03-DEL02-SC,2021
"390732,0",2021-10-19,terça-feira,18:20:00,SC,101,"102,0",BALNEARIO PICARRAS,Transitar na contramão,Colisão frontal,Com Vítimas Feridas,Anoitecer,Decrescente,Nublado,Múltipla,Reta,Sim,2,0,1,0,0,1,1,2,-26.77383397,-48.68594062,SPRF-SC,DEL03-SC,UOP02-DEL03-SC,2021
"390733,0",2021-10-19,terça-feira,18:50:00,SC,101,"100,9",BALNEARIO PICARRAS,Acessar a via sem observar a presença dos outros veículos,Colisão lateral sentido oposto,Sem Vítimas,Anoitecer,Decrescente,Nublado,Simples,Reta,Não,2,0,0,0,2,0,0,2,-26.75482787,-48.68993675,SPRF-SC,DEL03-SC,UOP02-DEL03-SC,2021
"390755,0",2021-10-20,quarta-feira,23:55:00,SC,101,"240,9",PALHOCA,Velocidade Incompatível,Saída de leito carroçável,Com Vítimas Feridas,Plena Noite,Crescente,Chuva,Dupla,Reta,Não,1,0,1,0,0,0,1,1,-27.85825092,-48.64383119,SPRF-SC,DEL01-SC,UOP02-DEL01-SC,2021
"390783,0",2021-10-20,quarta-feira,07:00:00,SC,101,"203,0",SAO JOSE,Trafegar com motocicleta (ou similar) entre as faixas,Colisão lateral mesmo sentido,Com Vítimas Feridas,Pleno dia,Crescente,Nublado,Dupla,Reta,Não,2,0,1,0,0,1,1,2,-27.5650044,-48.61460082,SPRF-SC,DEL01-SC,UOP01-DEL01-SC,2021
"390793,0",2021-10-20,quarta-feira,07:05:00,SC,282,"216,7",LAGES,Retorno proibido,Colisão transversal,Com Vítimas Feridas,Pleno dia,Decrescente,Céu Claro,Simples,Curva,Não,3,0,0,1,2,0,1,2,-27.797529,-50.291862,SPRF-SC,DEL05-SC,UOP01-DEL05-SC,2021
"390803,0",2021-08-29,domingo,21:30:00,SC,101,"207,0",SAO JOSE,Ausência de reação do condutor,Colisão traseira,Com Vítimas Feridas,Plena Noite,Decrescente,Ignorado,Múltipla,Reta,Sim,3,0,1,0,1,1,1,2,-27.59593997,-48.61950696,SPRF-SC,DEL01-SC,UOP01-DEL01-SC,2021
"390859,0",2021-08-13,sexta-feira,18:00:00,SC,101,"111,2",ITAJAI,Manobra de mudança de faixa,Queda de ocupante de veículo,Com Vítimas Feridas,Anoitecer,Crescente,Chuva,Dupla,Reta,Sim,2,0,0,1,1,0,1,2,-26.84509415,-48.72039557,SPRF-SC,DEL04-SC,UOP04-DEL04-SC,2021
"390867,0",2021-10-20,quarta-feira,17:20:00,SC,470,"43,0",GASPAR,Ausência de reação do condutor,Colisão transversal,Com Vítimas Feridas,Pleno dia,Decrescente,Nublado,Simples,Reta,Não,2,0,1,0,1,0,1,2,-26.874519,-49.013454,SPRF-SC,DEL04-SC,UOP01-DEL04-SC,2021
"390870,0",2021-10-20,quarta-feira,15:50:00,SC,163,"68,1",SAO MIGUEL DO OESTE,Condutor deixou de manter distância do veículo da frente,Colisão traseira,Com Vítimas Feridas,Pleno dia,Crescente,Céu Claro,Dupla,Reta;Declive,Sim,2,0,1,0,1,0,1,2,-26.74390675,-53.50099325,SPRF-SC,DEL07-SC,UOP03-DEL07-SC,2021
"390883,0",2021-10-20,quarta-feira,18:20:00,SC,101,"99,0",BALNEARIO PICARRAS,Objeto estático sobre o leito carroçável,Colisão traseira,Com Vítimas Feridas,Anoitecer,Decrescente,Nublado,Dupla,Reta,Não,2,0,1,0,1,0,1,2,-26.7471002,-48.69654831,SPRF-SC,DEL03-SC,UOP02-DEL03-SC,2021
"390907,0",2021-10-20,quarta-feira,17:55:00,SC,280,"33,2",ARAQUARI,Desrespeitar a preferência no cruzamento,Colisão transversal,Com Vítimas Feridas,Anoitecer,Decrescente,Chuva,Simples,Reta,Não,2,0,0,1,1,0,1,2,-26.42576441,-48.78741376,SPRF-SC,DEL03-SC,UOP03-DEL03-SC,2021
"390919,0",2021-10-20,quarta-feira,22:35:00,SC,282,"372,8",ERVAL VELHO,Objeto estático sobre o leito carroçável,Colisão com objeto,Com Vítimas Feridas,Plena Noite,Crescente,Céu Claro,Simples,Reta,Não,1,0,1,0,0,0,1,1,-27.251827,-51.446991,SPRF-SC,DEL07-SC,UOP05-DEL07-SC,2021
"390928,0",2021-10-21,quinta-feira,00:15:00,SC,101,"319,8",PESCARIA BRAVA,Ausência de reação do condutor,Colisão traseira,Com Vítimas Feridas,Plena Noite,Crescente,Céu Claro,Múltipla,Aclive,Sim,1,0,1,0,0,0,1,1,-28.42978736,-48.87148792,SPRF-SC,DEL02-SC,UOP01-DEL02-SC,2021
"390930,0",2021-10-21,quinta-feira,00:30:00,SC,101,"280,5",IMBITUBA,Ausência de reação do condutor,Saída de leito carroçável,Com Vítimas Feridas,Plena Noite,Crescente,Céu Claro,Dupla,Reta,Não,1,0,0,1,0,0,1,1,-28.20018641,-48.69802594,SPRF-SC,DEL02-SC,UOP03-DEL02-SC,2021
"390946,0",2021-10-21,quinta-feira,06:00:00,SC,101,"174,0",GOVERNADOR CELSO RAMOS,Acumulo de água sobre o pavimento,Colisão com objeto,Sem Vítimas,Amanhecer,Decrescente,Chuva,Dupla,Curva,Não,1,0,0,0,1,0,0,1,-27.33081601,-48.62697562,SPRF-SC,DEL01-SC,UOP01-DEL01-SC,2021
"390949,0",2021-10-21,quinta-feira,00:02:00,SC,282,"463,0",PONTE SERRADA,Desrespeitar a preferência no cruzamento,Colisão transversal,Com Vítimas Feridas,Plena Noite,Crescente,Céu Claro,Simples,Rotatória,Sim,2,0,0,1,1,0,1,2,-26.855036,-52.059551,SPRF-SC,DEL07-SC,UOP04-DEL07-SC,2021
"390965,0",2021-10-21,quinta-feira,08:30:00,SC,282,"1,2",FLORIANOPOLIS,Condutor deixou de manter distância do veículo da frente,Colisão lateral mesmo sentido,Com Vítimas Feridas,Pleno dia,Crescente,Céu Claro,Dupla,Reta,Sim,3,0,1,0,2,0,1,2,-27.602955,-48.580509,SPRF-SC,DEL01-SC,UOP01-DEL01-SC,2021