id,data_inversa,dia_semana,horario,uf,br,km,municipio,causa_acidente,tipo_acidente,classificacao_acidente,fase_dia,sentido_via,condicao_metereologica,tipo_pista,tracado_via,uso_solo,pessoas,mortos,feridos_leves,feridos_graves,ilesos,ignorados,feridos,veiculos,latitude,longitude,regional,delegacia,uop,ano_arquivo
"391856,0",2021-10-25,segunda-feira,08:00:00,SC,101,"41,9",JOINVILLE,Velocidade Incompatível,Engavetamento,Com Vítimas Feridas,Pleno dia,Decrescente,Sol,Dupla,Reta,Sim,4,0,1,1,2,0,2,4,-26.32324433,-48.86786878,SPRF-SC,DEL03-SC,UOP01-DEL03-SC,2021
"391859,0",2021-10-25,segunda-feira,10:20:00,SC,101,"77,4",ARAQUARI,Ausência de reação do condutor,Colisão com objeto,Com Vítimas Feridas,Pleno dia,Crescente,Céu Claro,Simples,Curva,Não,1,0,1,0,0,0,1,1,-26.57182768,-48.72222483,SPRF-SC,DEL03-SC,UOP02-DEL03-SC,2021
"391896,0",2021-10-25,segunda-feira,15:00:00,SC,101,"212,5",PALHOCA,Mal súbito do condutor,Colisão com objeto,Com Vítimas Feridas,Pleno dia,Crescente,Céu Claro,Múltipla,Reta,Sim,1,0,1,0,0,0,1,1,-27.62996929,-48.65903871,SPRF-SC,DEL01-SC,UOP02-DEL01-SC,2021
"391920,0",2021-10-25,segunda-feira,17:50:00,SC,282,"37,0",AGUAS MORNAS,Ausência de reação do condutor,Colisão transversal,Com Vítimas Feridas,Anoitecer,Crescente,Céu Claro,Simples,Reta,Não,2,0,1,0,1,0,1,2,-27.707325,-48.842983,SPRF-SC,DEL01-SC,UOP03-DEL01-SC,2021
"391927,0",2021-10-25,segunda-feira,18:20:00,SC,470,"135,0",RIO DO SUL,Velocidade Incompatível,Colisão traseira,Com Vítimas Feridas,Anoitecer,Crescente,Sol,Simples,Reta,Sim,2,0,1,0,1,0,1,2,-27.1831882,-49.60241318,SPRF-SC,DEL04-SC,UOP02-DEL04-SC,2021
"391928,0",2021-10-25,segunda-feira,18:30:00,SC,101,"117,0",ITAJAI,Manobra de mudança de faixa,Colisão traseira,Com Vítimas Feridas,Plena Noite,Decrescente,Céu Claro,Múltipla,Reta,Sim,2,0,1,0,1,0,1,2,-26.88747187,-48.72252969,SPRF-SC,DEL04-SC,UOP04-DEL04-SC,2021
"391929,0",2021-10-25,segunda-feira,17:00:00,SC,101,"149,7",ITAPEMA,Acessar a via sem observar a presença dos outros veículos,Colisão transversal,Com Vítimas Feridas,Pleno dia,Crescente,Céu Claro,Dupla,Reta,Sim,2,0,2,0,0,0,2,2,-27.11532996,-48.60993147,SPRF-SC,DEL04-SC,UOP03-DEL04-SC,2021
"391932,0",2021-10-25,segunda-feira,16:00:00,SC,101,"142,0",BALNEARIO CAMBORIU,Manobra de mudança de faixa,Tombamento,Com Vítimas Feridas,Pleno dia,Decrescente,Céu Claro,Simples,Reta,Não,2,0,1,0,0,1,1,2,-27.056089,-48.599449,SPRF-SC,DEL04-SC,UOP03-DEL04-SC,2021
"391942,0",2021-10-25,segunda-feira,17:35:00,SC,282,"389,0",JOACABA,Condutor deixou de manter distância do veículo da frente,Colisão lateral mesmo sentido,Com Vítimas Feridas,Pleno dia,Crescente,Sol,Simples,Reta,Não,4,0,2,0,2,0,2,3,-27.178604,-51.541367,SPRF-SC,DEL07-SC,UOP05-DEL07-SC,2021
"391954,0",2021-10-25,segunda-feira,16:45:00,SC,280,"74,5",JARAGUA DO SUL,Entrada inopinada do pedestre,Atropelamento de Pedestre,Com Vítimas Feridas,Pleno dia,Decrescente,Céu Claro,Simples,Reta,Sim,2,0,0,1,1,0,1,2,-26.45877322,-49.16147801,SPRF-SC,DEL03-SC,UOP03-DEL03-SC,2021
"391958,0",2021-10-25,segunda-feira,22:40:00,SC,101,"213,4",PALHOCA,Demais falhas mecânicas ou elétricas,Queda de ocupante de veículo,Com Vítimas Fatais,Plena Noite,Decrescente,Nublado,Múltipla,Reta,Sim,2,1,0,0,0,1,0,2,-27.63697369,-48.66514142,SPRF-SC,DEL01-SC,UOP02-DEL01-SC,2021
"391982,0",2021-10-26,terça-feira,04:25:00,SC,101,"148,6",ITAPEMA,Velocidade Incompatível,Colisão com objeto,Sem Vítimas,Plena Noite,Decrescente,Céu Claro,Dupla,Reta,Sim,1,0,0,0,0,1,0,1,-27.10123686,-48.61807962,SPRF-SC,DEL04-SC,UOP03-DEL04-SC,2021
"391985,0",2021-10-26,terça-feira,04:30:00,SC,470,"7,2",NAVEGANTES,Acesso irregular,Colisão transversal,Com Vítimas Feridas,Plena Noite,Crescente,Céu Claro,Simples,Interseção de Vias,Sim,2,0,1,0,1,0,1,2,-26.8397686,-48.71680038,SPRF-SC,DEL04-SC,UOP04-DEL04-SC,2021
"391986,0",2021-10-26,terça-feira,03:50:00,SC,101,"462,4",PASSO DE TORRES,Condutor Dormindo,Saída de leito carroçável,Com Vítimas Feridas,Plena Noite,Decrescente,Céu Claro,Dupla,Reta,Não,2,0,2,0,0,0,2,1,-29.27577495,-49.75499332,SPRF-RS,DEL03-RS,UOP02-DEL03-RS,2021
"392002,0",2021-10-26,terça-feira,07:00:00,SC,163,"71,6",SAO MIGUEL DO OESTE,Reação tardia ou ineficiente do condutor,Tombamento,Com Vítimas Feridas,Pleno dia,Decrescente,Céu Claro,Dupla,Interseção de Vias;Reta,Sim,1,0,1,0,0,0,1,1,-26.72772401,-53.51281303,SPRF-SC,DEL07-SC,UOP03-DEL07-SC,2021
"392030,0",2021-10-26,terça-feira,08:00:00,SC,101,"339,8",TUBARAO,Ultrapassagem Indevida,Colisão transversal,Com Vítimas Feridas,Pleno dia,Crescente,Céu Claro,Múltipla,Reta,Sim,2,0,1,0,1,0,1,2,-28.501444,-49.04690399,SPRF-SC,DEL02-SC,UOP01-DEL02-SC,2021
"392044,0",2021-10-26,terça-feira,09:55:00,SC,470,"70,0",INDAIAL,Trafegar com motocicleta (ou similar) entre as faixas,Colisão lateral mesmo sentido,Sem Vítimas,Pleno dia,Crescente,Céu Claro,Simples,Reta,Sim,2,0,0,0,1,1,0,2,-26.889374,-49.254478,SPRF-SC,DEL04-SC,UOP01-DEL04-SC,2021
"392090,0",2021-10-26,terça-feira,17:45:00,SC,101,"165,0",TIJUCAS,Velocidade Incompatível,Colisão traseira,Com Vítimas Feridas,Pleno dia,Crescente,Céu Claro,Dupla,Reta,Sim,2,0,0,1,1,0,1,2,-27.252663,-48.63154894,SPRF-SC,DEL04-SC,UOP03-DEL04-SC,2021
"392093,0",2021-10-26,terça-feira,17:37:00,SC,101,"412,0",ARARANGUA,Condutor deixou de manter distância do veículo da frente,Colisão traseira,Com Vítimas Feridas,Pleno dia,Decrescente,Céu Claro,Simples,Reta,Sim,3,0,1,1,1,0,2,2,-28.95597698,-49.51190472,SPRF-SC,DEL02-SC,UOP02-DEL02-SC,2021
"392095,0",2021-10-26,terça-feira,17:55:00,SC,101,"191,0",BIGUACU,Velocidade Incompatível,Saída de leito carroçável,Com Vítimas Feridas,Anoitecer,Crescente,Céu Claro,Dupla,Curva,Sim,1,0,0,1,0,0,1,1,-27.47730273,-48.64127329,SPRF-SC,DEL01-SC,UOP01-DEL01-SC,2021
"392105,0",2021-10-26,terça-feira,19:15:00,SC,101,"115,0",ITAJAI,Condutor deixou de manter distância do veículo da frente,Colisão traseira,Com Vítimas Feridas,Plena Noite,Decrescente,Céu Claro,Múltipla,Reta,Sim,2,0,1,0,1,0,1,2,-26.87064015,-48.72954134,SPRF-SC,DEL04-SC,UOP04-DEL04-SC,2021
"392115,0",2021-10-26,terça-feira,19:10:00,SC,280,"99,5",CORUPA,Reação tardia ou ineficiente do condutor,Colisão lateral sentido oposto,Sem Vítimas,Plena Noite,Crescente,Nublado,Simples,Declive;Curva,Não,2,0,0,0,2,0,0,2,-26.37531616,-49.32563746,SPRF-SC,DEL06-SC,UOP03-DEL06-SC,2021
"392123,0",2021-10-26,terça-feira,19:05:00,SC,470,"20,0",ILHOTA,Ausência de reação do condutor,Saída de leito carroçável,Com Vítimas Feridas,Plena Noite,Crescente,Céu Claro,Simples,Curva,Não,4,0,3,0,1,0,3,1,-26.870115,-48.820484,SPRF-SC,DEL04-SC,UOP04-DEL04-SC,2021
"392132,0",2021-10-27,quarta-feira,00:00:00,SC,282,"508,2",XANXERE,Ingestão de álcool pelo condutor,Tombamento,Com Vítimas Feridas,Plena Noite,Decrescente,Nublado,Simples,Reta,Não,1,0,1,0,0,0,1,1,-26.887014,-52.448372,SPRF-SC,DEL07-SC,UOP01-DEL07-SC,2021
"392134,0",2021-10-26,terça-feira,23:10:00,SC,101,"318,2",PESCARIA BRAVA,Ausência de reação do condutor,Saída de leito carroçável,Sem Vítimas,Plena Noite,Crescente,Nublado,Dupla,Reta,Não,1,0,0,0,1,0,0,1,-28.42914714,-48.87748718,SPRF-SC,DEL02-SC,UOP01-DEL02-SC,2021
"392175,0",2021-10-27,quarta-feira,09:10:00,SC,101,"117,0",ITAJAI,Condutor deixou de manter distância do veículo da frente,Colisão traseira,Com Vítimas Feridas,Pleno dia,Crescente,Céu Claro,Múltipla,Viaduto,Sim,1,0,1,0,0,0,1,1,-26.88747187,-48.72252969,SPRF-SC,DEL04-SC,UOP04-DEL04-SC,2021
"392227,0",2021-09-21,terça-feira,19:50:00,SC,116,"21,6",ITAIOPOLIS,Ingestão de álcool e/ou substâncias psicoativas pelo pedestre,Atropelamento de Pedestre,Com Vítimas Fatais,Plena Noite,Crescente,Nublado,Simples,Aclive;Reta,Não,2,1,0,0,1,0,0,2,-26.25543902,-49.91079748,SPRF-SC,DEL06-SC,UOP01-DEL06-SC,2021
"392272,0",2021-10-27,quarta-feira,17:45:00,SC,101,"410,0",ARARANGUA,Acessar a via sem observar a presença dos outros veículos,Colisão transversal,Com Vítimas Feridas,Pleno dia,Decrescente,Céu Claro,Simples,Reta,Sim,2,0,1,0,1,0,1,2,-28.94348127,-49.50115442,SPRF-SC,DEL02-SC,UOP02-DEL02-SC,2021
"392294,0",2021-10-27,quarta-feira,19:35:00,SC,101,"201,1",SAO JOSE,Mal súbito do condutor,Saída de leito carroçável,Com Vítimas Feridas,Plena Noite,Decrescente,Céu Claro,Dupla,Reta,Sim,1,0,1,0,0,0,1,1,-27.54836599,-48.61977975,SPRF-SC,DEL01-SC,UOP01-DEL01-SC,2021
"392295,0",2021-10-27,quarta-feira,19:20:00,SC,282,"19,1",PALHOCA,Acessar a via sem observar a presença dos outros veículos,Colisão transversal,Com Vítimas Feridas,Plena Noite,Decrescente,Céu Claro,Simples,Túnel,Sim,2,0,1,0,1,0,1,2,-27.678635,-48.70192,SPRF-SC,DEL01-SC,UOP02-DEL01-SC,2021
"392300,0",2021-10-27,quarta-feira,18:58:00,SC,101,"116,0",ITAJAI,Condutor deixou de manter distância do veículo da frente,Engavetamento,Com Vítimas Feridas,Plena Noite,Crescente,Céu Claro,Dupla,Reta,Não,4,0,1,0,3,0,1,4,-26.87905605,-48.72603512,SPRF-SC,DEL04-SC,UOP04-DEL04-SC,2021
"392319,0",2021-10-27,quarta-feira,23:55:00,SC,101,"112,8",ITAJAI,Velocidade Incompatível,Engavetamento,Sem Vítimas,Plena Noite,Decrescente,Nublado,Múltipla,Reta,Sim,3,0,0,0,3,0,0,3,-26.84589005,-48.72131295,SPRF-SC,DEL04-SC,UOP04-DEL04-SC,2021
"392320,0",2021-10-27,quarta-feira,22:15:00,SC,101,"113,0",ITAJAI,Reação tardia ou ineficiente do condutor,Tombamento,Com Vítimas Feridas,Plena Noite,Crescente,Céu Claro,Dupla,Reta,Não,1,0,1,0,0,0,1,1,-26.85311393,-48.72689927,SPRF-SC,DEL04-SC,UOP04-DEL04-SC,2021
"392327,0",2021-10-27,quarta-feira,23:30:00,SC,282,"542,9",CHAPECO,Animais na Pista,Colisão com objeto,Com Vítimas Feridas,Pleno dia,Crescente,Céu Claro,Simples,Reta;Declive,Não,2,0,2,0,0,0,2,1,-27.001301,-52.707569,SPRF-SC,DEL07-SC,UOP01-DEL07-SC,2021
"392328,0",2021-10-27,quarta-feira,23:56:00,SC,101,"106,8",PENHA,Velocidade Incompatível,Colisão com objeto,Sem Vítimas,Plena Noite,Crescente,Nublado,Dupla,Declive,Não,1,0,0,0,0,1,0,1,-26.81031601,-48.68293896,SPRF-SC,DEL03-SC,UOP02-DEL03-SC,2021
"392351,0",2021-10-28,quinta-feira,07:30:00,SC,101,"197,0",BIGUACU,Condutor deixou de manter distância do veículo da frente,Tombamento,Com Vítimas Feridas,Pleno dia,Crescente,Céu Claro,Dupla,Reta,Sim,1,0,1,0,0,0,1,1,-27.51844497,-48.63848496,SPRF-SC,DEL01-SC,UOP01-DEL01-SC,2021
"392355,0",2021-10-28,quinta-feira,07:20:00,SC,282,"0,4",FLORIANOPOLIS,Trafegar com motocicleta (ou similar) entre as faixas,Queda de ocupante de veículo,Com Vítimas Feridas,Pleno dia,Decrescente,Céu Claro,Múltipla,Reta,Não,3,0,2,0,1,0,2,2,-27.59845,-48.571995,SPRF-SC,DEL01-SC,UOP01-DEL01-SC,2021
"392371,0",2021-10-28,quinta-feira,07:25:00,SC,470,"140,5",RIO DO SUL,Conversão proibida,Colisão transversal,Com Vítimas Feridas,Pleno dia,Crescente,Céu Claro,Simples,Reta,Não,6,0,2,0,4,0,2,6,-27.222485,-49.662827,SPRF-SC,DEL04-SC,UOP02-DEL04-SC,2021
"392393,0",2021-10-28,quinta-feira,09:10:00,SC,101,"128,0",ITAJAI,Condutor deixou de manter distância do veículo da frente,Colisão traseira,Sem Vítimas,Pleno dia,Decrescente,Céu Claro,Múltipla,Reta,Sim,4,0,0,0,4,0,0,2,-26.97284292,-48.68299451,SPRF-SC,DEL04-SC,UOP03-DEL04-SC,2021
"392397,0",2021-10-28,quinta-feira,10:30:00,SC,101,"199,5",SAO JOSE,Condutor deixou de manter distância do veículo da frente,Colisão traseira,Com Vítimas Feridas,Pleno dia,Crescente,Céu Claro,Dupla,Reta,Sim,2,0,1,0,1,0,1,2,-27.53413705,-48.63003205,SPRF-SC,DEL01-SC,UOP01-DEL01-SC,2021
"392427,0",2021-10-28,quinta-feira,10:00:00,SC,101,"120,6",ITAJAI,Condutor deixou de manter distância do veículo da frente,Colisão traseira,Com Vítimas Feridas,Pleno dia,Decrescente,Céu Claro,Dupla,Reta,Não,2,0,1,0,0,1,1,2,-26.912758,-48.711998,SPRF-SC,DEL04-SC,UOP04-DEL04-SC,2021
"392432,0",2021-10-28,quinta-feira,14:00:00,SC,101,"200,0",SAO JOSE,Condutor deixou de manter distância do veículo da frente,Colisão traseira,Sem Vítimas,Pleno dia,Crescente,Nublado,Dupla,Reta,Sim,3,0,0,0,3,0,0,3,-27.54018513,-48.62287714,SPRF-SC,DEL01-SC,UOP01-DEL01-SC,2021
"392435,0",2021-10-28,quinta-feira,14:30:00,SC,470,"91,7",ASCURRA,Mal súbito do condutor,Saída de leito carroçável,Com Vítimas Feridas,Pleno dia,Crescente,Céu Claro,Simples,Reta,Não,2,0,2,0,0,0,2,1,-26.97769,-49.369198,SPRF-SC,DEL04-SC,UOP01-DEL04-SC,2021
"392441,0",2021-08-24,terça-feira,19:00:00,SC,282,"377,1",HERVAL DOESTE,Velocidade Incompatível,Tombamento,Com Vítimas Feridas,Plena Noite,Crescente,Céu Claro,Simples,Reta,Não,1,0,0,1,0,0,1,1,-27.216974,-51.470055,SPRF-SC,DEL07-SC,UOP05-DEL07-SC,2021
"392443,0",2021-10-28,quinta-feira,12:55:00,SC,480,"129,6",CHAPECO,Objeto estático sobre o leito carroçável,Colisão com objeto,Com Vítimas Feridas,Pleno dia,Decrescente,Céu Claro,Dupla,Reta,Sim,2,0,1,0,0,1,1,2,-27.04656607,-52.63577131,SPRF-SC,DEL07-SC,UOP01-DEL07-SC,2021
"392451,0",2021-10-28,quinta-feira,16:10:00,SC,470,"65,5",INDAIAL,Velocidade Incompatível,Colisão traseira,Com Vítimas Feridas,Pleno dia,Decrescente,Chuva,Simples,Reta,Sim,2,0,1,0,1,0,1,2,-26.870411,-49.211864,SPRF-SC,DEL04-SC,UOP01-DEL04-SC,2021
"392454,0",2021-10-28,quinta-feira,16:00:00,SC,280,"55,5",GUARAMIRIM,Desrespeitar a preferência no cruzamento,Colisão transversal,Com Vítimas Feridas,Pleno dia,Crescente,Nublado,Dupla,Rotatória,Sim,2,0,1,0,1,0,1,2,-26.47880341,-49.00092244,SPRF-SC,DEL03-SC,UOP03-DEL03-SC,2021
"392470,0",2021-10-28,quinta-feira,14:10:00,SC,282,"548,9",CHAPECO,Ingestão de álcool pelo condutor,Saída de leito carroçável,Sem Vítimas,Pleno dia,Crescente,Sol,Simples,Reta,Não,1,0,0,0,1,0,0,1,-26.96613,-52.75703,SPRF-SC,DEL07-SC,UOP01-DEL07-SC,2021
"392477,0",2021-10-28,quinta-feira,19:20:00,SC,101,"197,0",BIGUACU,Condutor deixou de manter distância do veículo da frente,Colisão traseira,Com Vítimas Feridas,Plena Noite,Crescente,Céu Claro,Dupla,Curva,Sim,3,0,2,0,1,0,2,2,-27.51844497,-48.63848496,SPRF-SC,DEL01-SC,UOP01-DEL01-SC,2021
"392479,0",2021-10-15,sexta-feira,22:10:00,SC,280,"33,0",ARAQUARI,Ingestão de álcool pelo condutor,Colisão frontal,Com Vítimas Feridas,Plena Noite,Decrescente,Chuva,Simples,Reta,Não,3,0,1,0,2,0,1,2,-26.428123,-48.792125,SPRF-SC,DEL03-SC,UOP03-DEL03-SC,2021
"392482,0",2021-10-28,quinta-feira,16:15:00,SC,280,"198,6",MAFRA,Condutor deixou de manter distância do veículo da frente,Colisão traseira,Com Vítimas Feridas,Pleno dia,Crescente,Nublado,Simples,Declive;Reta,Não,6,0,1,0,5,0,1,2,-26.17672999,-50.053464,SPRF-SC,DEL06-SC,UOP01-DEL06-SC,2021
"392492,0",2021-10-08,sexta-feira,23:30:00,SC,280,"231,1",CANOINHAS,Velocidade Incompatível,Colisão traseira,Com Vítimas Feridas,Plena Noite,Crescente,Chuva,Simples,Reta,Sim,2,0,1,0,1,0,1,2,-26.1893047,-50.37170989,SPRF-SC,DEL06-SC,UOP04-DEL06-SC,2021
"392499,0",2021-10-28,quinta-feira,19:30:00,SC,101,"289,0",IMBITUBA,Manobra de mudança de faixa,Colisão transversal,Com Vítimas Feridas,Plena Noite,Crescente,Céu Claro,Simples,Reta,Sim,2,0,0,1,1,0,1,2,-28.25395282,-48.70289554,SPRF-SC,DEL02-SC,UOP03-DEL02-SC,2021
"392500,0",2021-10-28,quinta-feira,21:15:00,SC,101,"134,0",BALNEARIO CAMBORIU,Condutor deixou de manter distância do veículo da frente,Colisão traseira,Sem Vítimas,Plena Noite,Crescente,Nublado,Dupla,Reta,Sim,3,0,0,0,3,0,0,3,-27.00218,-48.636433,SPRF-SC,DEL04-SC,UOP03-DEL04-SC,2021
"392534,0",2021-10-28,quinta-feira,08:25:00,SC,101,"189,0",BIGUACU,Demais falhas mecânicas ou elétricas,Queda de ocupante de veículo,Com Vítimas Feridas,Pleno dia,Crescente,Céu Claro,Dupla,Curva,Sim,1,0,1,0,0,0,1,1,-27.459393,-48.638914,SPRF-SC,DEL01-SC,UOP01-DEL01-SC,2021
"392536,0",2021-10-25,segunda-feira,04:00:00,SC,101,"214,0",PALHOCA,Reação tardia ou ineficiente do condutor,Saída de leito carroçável,Com Vítimas Feridas,Amanhecer,Decrescente,Nublado,Simples,Reta,Sim,1,0,1,0,0,0,1,1,-27.64443,-48.67057,SPRF-SC,DEL01-SC,UOP02-DEL01-SC,2021
"392551,0",2021-10-29,sexta-feira,07:10:00,SC,470,"1,0",ILHOTA,Transitar no acostamento,Colisão traseira,Com Vítimas Feridas,Pleno dia,Decrescente,Céu Claro,Simples,Em Obras;Reta,Não,2,0,1,0,1,0,1,2,-26.900204,-48.82765,SPRF-SC,DEL04-SC,UOP04-DEL04-SC,2021
"392553,0",2021-10-09,sábado,18:00:00,SC,470,"71,1",INDAIAL,Transitar na contramão,Colisão transversal,Com Vítimas Feridas,Anoitecer,Decrescente,Chuva,Simples,Reta,Sim,3,0,2,1,0,0,3,2,-26.895243,-49.262104,SPRF-SC,DEL04-SC,UOP01-DEL04-SC,2021
"392568,0",2021-10-09,sábado,12:30:00,SC,280,"239,6",CANOINHAS,Ingestão de álcool pelo condutor,Saída de leito carroçável,Com Vítimas Feridas,Pleno dia,Crescente,Nublado,Simples,Declive;Reta,Não,1,0,1,0,0,0,1,1,-26.20971113,-50.44782084,SPRF-SC,DEL06-SC,UOP04-DEL06-SC,2021
"392577,0",2021-10-29,sexta-feira,10:45:00,SC,470,"66,0",INDAIAL,Conversão proibida,Colisão lateral mesmo sentido,Com Vítimas Feridas,Pleno dia,Crescente,Céu Claro,Simples,Reta,Sim,2,0,1,0,1,0,1,2,-26.870407,-49.221844,SPRF-SC,DEL04-SC,UOP01-DEL04-SC,2021
"392579,0",2021-09-03,sexta-feira,11:35:00,SC,282,"457,9",PONTE SERRADA,Acumulo de areia ou detritos sobre o pavimento,Saída de leito carroçável,Com Vítimas Feridas,Pleno dia,Decrescente,Céu Claro,Simples,Curva,Não,1,0,1,0,0,0,1,1,-26.91962097,-51.94061279,SPRF-SC,DEL07-SC,UOP04-DEL07-SC,2021
"392586,0",2021-10-29,sexta-feira,11:15:00,SC,101,"218,0",PALHOCA,Condutor deixou de manter distância do veículo da frente,Colisão traseira,Com Vítimas Feridas,Pleno dia,Decrescente,Chuva,Dupla,Reta,Não,2,0,0,1,0,1,1,2,-27.6758601,-48.67052525,SPRF-SC,DEL01-SC,UOP02-DEL01-SC,2021
"392590,0",2021-10-29,sexta-feira,10:45:00,SC,101,"87,0",BARRA VELHA,Desrespeitar a preferência no cruzamento,Colisão transversal,Com Vítimas Feridas,Pleno dia,Crescente,Nublado,Simples,Interseção de Vias,Sim,3,0,2,0,1,0,2,2,-26.63713377,-48.69651057,SPRF-SC,DEL03-SC,UOP02-DEL03-SC,2021
"392598,0",2021-10-29,sexta-feira,11:25:00,SC,480,"130,0",CHAPECO,Desrespeitar a preferência no cruzamento,Colisão transversal,Com Vítimas Feridas,Pleno dia,Decrescente,Sol,Simples,Reta,Sim,2,0,1,0,1,0,1,2,-27.05534298,-52.63652069,SPRF-SC,DEL07-SC,UOP01-DEL07-SC,2021
"392600,0",2021-09-25,sábado,14:10:00,SC,101,"278,6",IMBITUBA,Acessar a via sem observar a presença dos outros veículos,Colisão transversal,Com Vítimas Feridas,Pleno dia,Crescente,Nublado,Múltipla,Viaduto;Interseção de Vias;Reta,Sim,2,0,0,1,1,0,1,2,-28.16300604,-48.6939345,SPRF-SC,DEL02-SC,UOP03-DEL02-SC,2021
"392601,0",2021-10-29,sexta-feira,09:20:00,SC,101,"116,8",ITAJAI,Velocidade Incompatível,Colisão traseira,Com Vítimas Feridas,Pleno dia,Crescente,Sol,Dupla,Reta,Não,4,0,2,0,2,0,2,3,-26.87905605,-48.72603512,SPRF-SC,DEL04-SC,UOP04-DEL04-SC,2021
"392605,0",2021-10-29,sexta-feira,10:00:00,SC,116,"175,4",SAO CRISTOVAO DO SUL,Reação tardia ou ineficiente do condutor,Engavetamento,Com Vítimas Feridas,Pleno dia,Crescente,Céu Claro,Simples,Reta;Em Obras,Não,4,0,1,0,3,0,1,3,-27.23313103,-50.46402807,SPRF-SC,DEL05-SC,UOP03-DEL05-SC,2021
"392642,0",2021-10-29,sexta-feira,12:20:00,SC,101,"416,0",ARARANGUA,Condutor deixou de manter distância do veículo da frente,Colisão traseira,Com Vítimas Feridas,Pleno dia,Decrescente,Céu Claro,Dupla,Reta,Sim,2,0,0,1,1,0,1,2,-28.96708874,-49.52338825,SPRF-SC,DEL02-SC,UOP02-DEL02-SC,2021
"392647,0",2021-10-29,sexta-feira,15:30:00,SC,101,"131,5",BALNEARIO CAMBORIU,Pedestre cruzava a pista fora da faixa,Atropelamento de Pedestre,Com Vítimas Feridas,Pleno dia,Crescente,Garoa/Chuvisco,Simples,Reta,Sim,2,0,0,1,1,0,1,2,-26.99064209,-48.66310912,SPRF-SC,DEL04-SC,UOP03-DEL04-SC,2021
"392650,0",2021-10-29,sexta-feira,16:16:00,SC,101,"104,0",BALNEARIO PICARRAS,Reação tardia ou ineficiente do condutor,Colisão traseira,Com Vítimas Feridas,Pleno dia,Decrescente,Garoa/Chuvisco,Dupla,Reta;Aclive,Não,3,0,1,0,2,0,1,2,-26.79281742,-48.68080819,SPRF-SC,DEL03-SC,UOP02-DEL03-SC,2021
"392664,0",2021-10-29,sexta-feira,14:50:00,SC,280,"31,5",ARAQUARI,Trafegar com motocicleta (ou similar) entre as faixas,Colisão transversal,Com Vítimas Feridas,Pleno dia,Decrescente,Céu Claro,Simples,Interseção de Vias,Sim,2,0,0,1,1,0,1,2,-26.41649938,-48.77181215,SPRF-SC,DEL03-SC,UOP03-DEL03-SC,2021
"392681,0",2021-10-29,sexta-feira,19:00:00,SC,282,"40,0",AGUAS MORNAS,Velocidade Incompatível,Engavetamento,Com Vítimas Feridas,Plena Noite,Crescente,Garoa/Chuvisco,Simples,Reta,Não,4,0,1,0,3,0,1,3,-27.716148,-48.869583,SPRF-SC,DEL01-SC,UOP03-DEL01-SC,2021
"392682,0",2021-10-29,sexta-feira,18:45:00,SC,282,"217,1",LAGES,Ausência de reação do condutor,Colisão traseira,Com Vítimas Feridas,Plena Noite,Decrescente,Céu Claro,Simples,Reta,Sim,5,0,1,0,4,0,1,2,-27.797916,-50.302944,SPRF-SC,DEL05-SC,UOP01-DEL05-SC,2021
"392698,0",2021-10-29,sexta-feira,16:30:00,SC,282,"424,4",VARGEM BONITA,Transitar na contramão,Colisão transversal,Sem Vítimas,Pleno dia,Crescente,Nublado,Simples,Reta;Aclive,Não,2,0,0,0,1,1,0,2,-26.988014,-51.753124,SPRF-SC,DEL07-SC,UOP05-DEL07-SC,2021
"392711,0",2021-10-29,sexta-feira,08:15:00,SC,282,"222,9",LAGES,Ausência de reação do condutor,Colisão traseira,Com Vítimas Feridas,Pleno dia,Crescente,Céu Claro,Simples,Curva;Aclive,Não,2,0,1,0,1,0,1,2,-27.79871043,-50.35928965,SPRF-SC,DEL05-SC,UOP01-DEL05-SC,2021
"392712,0",2021-10-29,sexta-feira,22:00:00,SC,101,"38,6",JOINVILLE,Ingestão de álcool pelo condutor,Colisão traseira,Com Vítimas Feridas,Plena Noite,Crescente,Chuva,Dupla,Reta,Sim,3,0,1,0,2,0,1,2,-26.25472505,-48.90561309,SPRF-SC,DEL03-SC,UOP01-DEL03-SC,2021
"392724,0",2021-10-29,sexta-feira,21:55:00,SC,101,"345,0",TUBARAO,Ausência de reação do condutor,Saída de leito carroçável,Com Vítimas Feridas,Plena Noite,Decrescente,Chuva,Dupla,Reta,Não,2,0,1,0,1,0,1,1,-28.55225885,-49.05395508,SPRF-SC,DEL02-SC,UOP01-DEL02-SC,2021
"392755,0",2021-10-30,sábado,05:25:00,SC,470,"141,4",RIO DO SUL,Velocidade Incompatível,Saída de leito carroçável,Sem Vítimas,Amanhecer,Crescente,Garoa/Chuvisco,Simples,Curva,Não,1,0,0,0,1,0,0,1,-27.226065,-49.666161,SPRF-SC,DEL04-SC,UOP02-DEL04-SC,2021
"392758,0",2021-10-30,sábado,04:00:00,SC,280,"118,0",SAO BENTO DO SUL,Demais falhas mecânicas ou elétricas,Incêndio,Sem Vítimas,Plena Noite,Decrescente,Nublado,Simples,Reta,Não,1,0,0,0,1,0,0,1,-26.25719546,-49.44807887,SPRF-SC,DEL06-SC,UOP03-DEL06-SC,2021