id,data_inversa,dia_semana,horario,uf,br,km,municipio,causa_acidente,tipo_acidente,classificacao_acidente,fase_dia,sentido_via,condicao_metereologica,tipo_pista,tracado_via,uso_solo,pessoas,mortos,feridos_leves,feridos_graves,ilesos,ignorados,feridos,veiculos,latitude,longitude,regional,delegacia,uop,ano_arquivo
"392767,0",2021-10-30,sábado,02:40:00,SC,101,"60,9",ARAQUARI,Pista Escorregadia,Saída de leito carroçável,Sem Vítimas,Plena Noite,Crescente,Chuva,Múltipla,Declive,Não,2,0,0,0,2,0,0,2,-26.45072823,-48.78570317,SPRF-SC,DEL03-SC,UOP02-DEL03-SC,2021
"392772,0",2021-10-30,sábado,05:10:00,SC,282,"503,6",XANXERE,Ingestão de álcool ou de substâncias psicoativas pelo pedestre,Atropelamento de Pedestre,Com Vítimas Fatais,Amanhecer,Crescente,Céu Claro,Dupla,Declive;Reta,Sim,3,1,0,0,0,2,0,2,-26.882766,-52.403233,SPRF-SC,DEL07-SC,UOP01-DEL07-SC,2021
"392775,0",2021-10-30,sábado,06:00:00,SC,101,"119,8",ITAJAI,Ausência de reação do condutor,Colisão com objeto,Com Vítimas Feridas,Amanhecer,Decrescente,Nublado,Dupla,Reta,Não,1,0,1,0,0,0,1,1,-26.9043179,-48.71555481,SPRF-SC,DEL04-SC,UOP04-DEL04-SC,2021
"392789,0",2021-10-30,sábado,05:45:00,SC,470,"85,0",ASCURRA,Ingestão de álcool pelo condutor,Colisão transversal,Sem Vítimas,Amanhecer,Decrescente,Chuva,Simples,Curva,Não,3,0,0,0,3,0,0,3,-26.956114,-49.350414,SPRF-SC,DEL04-SC,UOP01-DEL04-SC,2021
"392803,0",2021-10-13,quarta-feira,18:15:00,SC,282,"16,8",PALHOCA,Retorno proibido,Colisão transversal,Com Vítimas Feridas,Plena Noite,Crescente,Nublado,Simples,Reta,Sim,2,0,0,1,1,0,1,2,-27.658611,-48.681847,SPRF-SC,DEL01-SC,UOP02-DEL01-SC,2021
"392808,0",2021-10-30,sábado,10:00:00,SC,101,"110,0",NAVEGANTES,Trafegar com motocicleta (ou similar) entre as faixas,Colisão lateral mesmo sentido,Com Vítimas Feridas,Pleno dia,Crescente,Garoa/Chuvisco,Dupla,Reta,Não,4,0,1,0,3,0,1,2,-26.83477,-48.706151,SPRF-SC,DEL03-SC,UOP02-DEL03-SC,2021
"392813,0",2021-10-30,sábado,09:30:00,SC,101,"49,0",JOINVILLE,Chuva,Colisão com objeto,Sem Vítimas,Pleno dia,Decrescente,Chuva,Dupla,Reta,Não,1,0,0,0,1,0,0,1,-26.36479799,-48.85878798,SPRF-SC,DEL03-SC,UOP01-DEL03-SC,2021
"392840,0",2021-10-30,sábado,08:50:00,SC,280,"268,0",IRINEOPOLIS,Acessar a via sem observar a presença dos outros veículos,Colisão transversal,Com Vítimas Feridas,Pleno dia,Crescente,Nublado,Simples,Reta,Não,3,0,2,0,1,0,2,2,-26.26348261,-50.71794494,SPRF-SC,DEL06-SC,UOP04-DEL06-SC,2021
"392885,0",2021-10-30,sábado,17:10:00,SC,282,"175,3",BOCAINA DO SUL,Ingestão de álcool pelo condutor,Colisão lateral sentido oposto,Sem Vítimas,Pleno dia,Decrescente,Nublado,Simples,Curva,Não,3,0,0,0,3,0,0,2,-27.741552,-49.891914,SPRF-SC,DEL05-SC,UOP01-DEL05-SC,2021
"392928,0",2021-10-30,sábado,20:00:00,SC,280,"25,0",ARAQUARI,Velocidade Incompatível,Colisão traseira,Sem Vítimas,Plena Noite,Crescente,Chuva,Simples,Reta,Sim,3,0,0,0,3,0,0,2,-26.38352781,-48.72677516,SPRF-SC,DEL03-SC,UOP03-DEL03-SC,2021
"392945,0",2021-10-30,sábado,21:20:00,SC,280,"56,0",GUARAMIRIM,Acumulo de água sobre o pavimento,Queda de ocupante de veículo,Com Vítimas Feridas,Plena Noite,Crescente,Chuva,Dupla,Reta,Sim,1,0,1,0,0,0,1,1,-26.47947677,-49.00298702,SPRF-SC,DEL03-SC,UOP03-DEL03-SC,2021
"392955,0",2021-10-30,sábado,14:45:00,SC,282,"339,5",CAMPOS NOVOS,Desrespeitar a preferência no cruzamento,Colisão transversal,Com Vítimas Feridas,Pleno dia,Decrescente,Céu Claro,Simples,Interseção de Vias,Não,4,0,1,0,3,0,1,2,-27.39365017,-51.19219065,SPRF-SC,DEL07-SC,UOP06-DEL07-SC,2021
"392959,0",2021-10-30,sábado,22:10:00,SC,101,"51,1",JOINVILLE,Velocidade Incompatível,Colisão com objeto,Com Vítimas Feridas,Plena Noite,Decrescente,Chuva,Dupla,Curva,Sim,4,0,3,0,1,0,3,1,-26.38506771,-48.84917582,SPRF-SC,DEL03-SC,UOP01-DEL03-SC,2021
"392965,0",2021-10-30,sábado,22:35:00,SC,101,"364,5",SANGAO,Condutor Dormindo,Saída de leito carroçável,Com Vítimas Feridas,Plena Noite,Decrescente,Nublado,Dupla,Reta,Não,1,0,1,0,0,0,1,1,-28.67821759,-49.13926425,SPRF-SC,DEL02-SC,UOP01-DEL02-SC,2021
"392973,0",2021-10-30,sábado,22:10:00,SC,116,"225,5",CORREIA PINTO,Ingestão de álcool pelo condutor,Saída de leito carroçável,Com Vítimas Feridas,Plena Noite,Crescente,Garoa/Chuvisco,Simples,Reta,Não,1,0,1,0,0,0,1,1,-27.61850811,-50.34537224,SPRF-SC,DEL05-SC,UOP03-DEL05-SC,2021
"392977,0",2021-10-31,domingo,00:30:00,SC,282,"2,0",FLORIANOPOLIS,Demais falhas mecânicas ou elétricas,Incêndio,Sem Vítimas,Plena Noite,Crescente,Garoa/Chuvisco,Múltipla,Reta,Sim,1,0,0,0,1,0,0,1,-27.603289,-48.590416,SPRF-SC,DEL01-SC,UOP01-DEL01-SC,2021
"392978,0",2021-10-31,domingo,00:40:00,SC,280,"69,1",JARAGUA DO SUL,Condutor deixou de manter distância do veículo da frente,Colisão traseira,Com Vítimas Feridas,Plena Noite,Decrescente,Chuva,Simples,Reta,Não,2,0,0,1,1,0,1,2,-26.46803296,-49.11833097,SPRF-SC,DEL03-SC,UOP03-DEL03-SC,2021
"393001,0",2021-10-31,domingo,01:50:00,SC,282,"16,2",PALHOCA,Ausência de reação do condutor,Colisão traseira,Com Vítimas Fatais,Plena Noite,Decrescente,Garoa/Chuvisco,Simples,Reta,Sim,10,1,5,2,2,0,7,3,-27.6603595,-48.6833912,SPRF-SC,DEL01-SC,UOP02-DEL01-SC,2021
"393007,0",2021-10-31,domingo,03:25:00,SC,101,"351,0",JAGUARUNA,Condutor Dormindo,Saída de leito carroçável,Com Vítimas Feridas,Plena Noite,Crescente,Garoa/Chuvisco,Dupla,Reta,Não,2,0,2,0,0,0,2,1,-28.5977641,-49.04943589,SPRF-SC,DEL02-SC,UOP01-DEL02-SC,2021
"393008,0",2021-10-31,domingo,02:10:00,SC,282,"16,0",PALHOCA,Ingestão de álcool pelo condutor,Colisão traseira,Sem Vítimas,Plena Noite,Crescente,Nublado,Simples,Reta,Sim,2,0,0,0,2,0,0,2,-27.658611,-48.681847,SPRF-SC,DEL01-SC,UOP02-DEL01-SC,2021
"393024,0",2021-10-31,domingo,03:55:00,SC,101,"216,8",PALHOCA,Ausência de reação do condutor,Saída de leito carroçável,Com Vítimas Feridas,Plena Noite,Decrescente,Garoa/Chuvisco,Múltipla,Reta,Sim,1,0,1,0,0,0,1,1,-27.65981409,-48.67747798,SPRF-SC,DEL01-SC,UOP02-DEL01-SC,2021
"393039,0",2021-10-31,domingo,06:40:00,SC,101,"90,0",BARRA VELHA,Manobra de mudança de faixa,Colisão com objeto,Com Vítimas Feridas,Amanhecer,Crescente,Chuva,Dupla,Reta,Sim,2,0,1,0,1,0,1,1,-26.66148503,-48.68866176,SPRF-SC,DEL03-SC,UOP02-DEL03-SC,2021
"393042,0",2021-10-31,domingo,06:30:00,SC,101,"347,7",JAGUARUNA,Manobra de mudança de faixa,Capotamento,Com Vítimas Feridas,Pleno dia,Crescente,Céu Claro,Múltipla,Interseção de Vias,Sim,5,0,3,2,0,0,5,1,-28.5814367,-49.05123532,SPRF-SC,DEL02-SC,UOP01-DEL02-SC,2021
"393043,0",2021-10-31,domingo,06:45:00,SC,101,"207,4",PALHOCA,Ingestão de álcool pelo condutor,Colisão com objeto,Sem Vítimas,Pleno dia,Crescente,Garoa/Chuvisco,Múltipla,Curva,Sim,2,0,0,0,1,1,0,2,-27.60001226,-48.6226467,SPRF-SC,DEL01-SC,UOP01-DEL01-SC,2021
"393052,0",2021-10-31,domingo,08:15:00,SC,101,"189,6",BIGUACU,Condutor Dormindo,Colisão com objeto,Com Vítimas Feridas,Pleno dia,Decrescente,Chuva,Dupla,Curva,Sim,1,0,1,0,0,0,1,1,-27.459393,-48.638914,SPRF-SC,DEL01-SC,UOP01-DEL01-SC,2021
"393084,0",2021-10-31,domingo,08:00:00,SC,282,"399,9",JOACABA,Condutor Dormindo,Saída de leito carroçável,Sem Vítimas,Pleno dia,Crescente,Nublado,Simples,Curva,Não,1,0,0,0,0,1,0,1,-27.139378,-51.621956,SPRF-SC,DEL07-SC,UOP05-DEL07-SC,2021
"393085,0",2021-10-31,domingo,12:40:00,SC,101,"197,9",BIGUACU,Mal súbito do condutor,Colisão com objeto,Com Vítimas Feridas,Pleno dia,Decrescente,Nublado,Dupla,Reta,Sim,1,0,1,0,0,0,1,1,-27.51844497,-48.63848496,SPRF-SC,DEL01-SC,UOP01-DEL01-SC,2021
"393092,0",2021-10-04,segunda-feira,06:28:00,SC,101,"213,5",PALHOCA,Ausência de reação do condutor,Colisão lateral mesmo sentido,Com Vítimas Feridas,Amanhecer,Decrescente,Céu Claro,Dupla,Reta,Sim,2,0,1,0,1,0,1,2,-27.63697369,-48.66514142,SPRF-SC,DEL01-SC,UOP02-DEL01-SC,2021
"393099,0",2021-10-31,domingo,14:25:00,SC,282,"219,8",LAGES,Ingestão de álcool ou de substâncias psicoativas pelo pedestre,Colisão traseira,Sem Vítimas,Pleno dia,Crescente,Nublado,Simples,Reta,Sim,2,0,0,0,2,0,0,2,-27.795521,-50.323608,SPRF-SC,DEL05-SC,UOP01-DEL05-SC,2021
"393105,0",2021-10-31,domingo,07:40:00,SC,116,"286,3",CAPAO ALTO,Manobra de mudança de faixa,Saída de leito carroçável,Com Vítimas Feridas,Pleno dia,Crescente,Nublado,Simples,Reta,Não,1,0,0,1,0,0,1,1,-28.08569213,-50.59119089,SPRF-SC,DEL05-SC,UOP02-DEL05-SC,2021
"393110,0",2021-10-31,domingo,08:55:00,SC,101,"143,0",ITAPEMA,Manobra de mudança de faixa,Colisão lateral mesmo sentido,Com Vítimas Feridas,Pleno dia,Crescente,Nublado,Dupla,Reta,Sim,2,0,1,0,1,0,1,2,-27.06436,-48.59599405,SPRF-SC,DEL04-SC,UOP03-DEL04-SC,2021
"393120,0",2021-10-31,domingo,14:00:00,SC,101,"155,0",PORTO BELO,Acessar a via sem observar a presença dos outros veículos,Tombamento,Com Vítimas Feridas,Pleno dia,Crescente,Céu Claro,Dupla,Reta,Não,1,0,1,0,0,0,1,1,-27.16292,-48.61129,SPRF-SC,DEL04-SC,UOP03-DEL04-SC,2021
"393140,0",2021-10-11,segunda-feira,18:00:00,SC,116,"104,0",MONTE CASTELO,Pista em desnível,Saída de leito carroçável,Com Vítimas Feridas,Plena Noite,Decrescente,Chuva,Simples,Aclive;Reta,Não,3,0,1,0,1,1,1,3,-26.742656,-50.31436699,SPRF-SC,DEL06-SC,UOP02-DEL06-SC,2021
"393143,0",2021-10-31,domingo,18:50:00,SC,101,"199,0",SAO JOSE,Velocidade Incompatível,Colisão com objeto,Sem Vítimas,Plena Noite,Decrescente,Céu Claro,Múltipla,Reta,Sim,1,0,0,0,1,0,0,1,-27.53413705,-48.63003205,SPRF-SC,DEL01-SC,UOP01-DEL01-SC,2021
"393159,0",2021-10-31,domingo,19:15:00,SC,101,"128,8",ITAJAI,Reação tardia ou ineficiente do condutor,Colisão traseira,Com Vítimas Feridas,Plena Noite,Crescente,Nublado,Dupla,Reta,Não,2,0,1,0,1,0,1,2,-26.97284292,-48.68299451,SPRF-SC,DEL04-SC,UOP03-DEL04-SC,2021
"393166,0",2021-10-19,terça-feira,17:49:00,SC,470,"50,0",BLUMENAU,Avarias e/ou desgaste excessivo no pneu,Tombamento,Com Vítimas Feridas,Pleno dia,Crescente,Nublado,Dupla,Reta,Não,2,0,1,0,1,0,1,1,-26.859768,-49.074493,SPRF-SC,DEL04-SC,UOP01-DEL04-SC,2021
"393171,0",2021-10-31,domingo,16:40:00,SC,282,"31,0",AGUAS MORNAS,Chuva,Colisão frontal,Com Vítimas Feridas,Pleno dia,Decrescente,Chuva,Simples,Aclive;Curva,Não,4,0,1,3,0,0,4,2,-27.695198,-48.793308,SPRF-SC,DEL01-SC,UOP03-DEL01-SC,2021
"393196,0",2021-10-31,domingo,22:15:00,SC,470,"339,0",CAMPOS NOVOS,Velocidade Incompatível,Saída de leito carroçável,Com Vítimas Feridas,Plena Noite,Crescente,Céu Claro,Simples,Reta,Não,1,0,1,0,0,0,1,1,-27.52684,-51.36031,SPRF-SC,DEL07-SC,UOP06-DEL07-SC,2021
"393211,0",2021-10-31,domingo,17:45:00,SC,282,"433,5",VARGEM BONITA,Ultrapassagem Indevida,Saída de leito carroçável,Com Vítimas Feridas,Pleno dia,Crescente,Céu Claro,Simples,Reta,Não,5,0,5,0,0,0,5,1,-26.97752,-51.823841,SPRF-SC,DEL07-SC,UOP05-DEL07-SC,2021
"393257,0",2021-11-01,segunda-feira,07:50:00,SC,101,"333,5",TUBARAO,Condutor deixou de manter distância do veículo da frente,Colisão traseira,Com Vítimas Feridas,Pleno dia,Decrescente,Nublado,Múltipla,Reta,Sim,2,0,1,0,1,0,1,2,-28.46822488,-49.01184976,SPRF-SC,DEL02-SC,UOP01-DEL02-SC,2021
"393263,0",2021-11-01,segunda-feira,09:35:00,SC,101,"210,3",SAO JOSE,Manobra de mudança de faixa,Colisão lateral mesmo sentido,Com Vítimas Feridas,Pleno dia,Decrescente,Chuva,Múltipla,Reta;Aclive,Sim,2,0,0,1,1,0,1,2,-27.61887587,-48.64742875,SPRF-SC,DEL01-SC,UOP01-DEL01-SC,2021
"393269,0",2021-11-01,segunda-feira,06:30:00,SC,280,"243,0",CANOINHAS,Acostamento em desnível,Tombamento,Sem Vítimas,Amanhecer,Crescente,Céu Claro,Simples,Reta,Não,1,0,0,0,1,0,0,1,-26.23350047,-50.47668595,SPRF-SC,DEL06-SC,UOP04-DEL06-SC,2021
"393277,0",2021-11-01,segunda-feira,10:32:00,SC,101,"48,8",JOINVILLE,Velocidade Incompatível,Colisão transversal,Com Vítimas Feridas,Pleno dia,Decrescente,Nublado,Dupla,Curva;Declive,Não,2,0,2,0,0,0,2,2,-26.38149454,-48.85157168,SPRF-SC,DEL03-SC,UOP01-DEL03-SC,2021
"393333,0",2021-11-01,segunda-feira,14:45:00,SC,116,"251,0",LAGES,Conversão proibida,Colisão traseira,Com Vítimas Feridas,Pleno dia,Crescente,Nublado,Simples,Reta,Não,2,0,0,1,1,0,1,2,-27.84512201,-50.37880391,SPRF-SC,DEL05-SC,UOP02-DEL05-SC,2021
"393348,0",2021-11-01,segunda-feira,17:20:00,SC,101,"119,8",ITAJAI,Trafegar com motocicleta (ou similar) entre as faixas,Colisão lateral mesmo sentido,Com Vítimas Feridas,Anoitecer,Decrescente,Nublado,Múltipla,Reta,Sim,3,0,0,1,2,0,1,3,-26.9043179,-48.71555481,SPRF-SC,DEL04-SC,UOP04-DEL04-SC,2021
"393351,0",2021-11-01,segunda-feira,18:50:00,SC,101,"201,4",SAO JOSE,Condutor deixou de manter distância do veículo da frente,Queda de ocupante de veículo,Com Vítimas Feridas,Plena Noite,Decrescente,Nublado,Múltipla,Reta,Não,2,0,1,0,1,0,1,2,-27.54836599,-48.61977975,SPRF-SC,DEL01-SC,UOP01-DEL01-SC,2021
"393353,0",2021-11-01,segunda-feira,18:50:00,SC,101,"133,0",BALNEARIO CAMBORIU,Condutor deixou de manter distância do veículo da frente,Colisão traseira,Com Vítimas Feridas,Plena Noite,Decrescente,Garoa/Chuvisco,Simples,Reta,Sim,2,0,1,0,1,0,1,2,-26.99936,-48.64609,SPRF-SC,DEL04-SC,UOP03-DEL04-SC,2021
"393354,0",2021-11-01,segunda-feira,18:30:00,SC,101,"201,2",SAO JOSE,Pista Escorregadia,Tombamento,Com Vítimas Feridas,Plena Noite,Decrescente,Chuva,Dupla,Reta,Sim,1,0,1,0,0,0,1,1,-27.54836599,-48.61977975,SPRF-SC,DEL01-SC,UOP01-DEL01-SC,2021
"393364,0",2021-11-01,segunda-feira,19:15:00,SC,101,"68,3",ARAQUARI,Demais falhas mecânicas ou elétricas,Tombamento,Com Vítimas Feridas,Plena Noite,Decrescente,Chuva,Dupla,Reta,Não,2,0,0,1,1,0,1,2,-26.49513001,-48.73280803,SPRF-SC,DEL03-SC,UOP02-DEL03-SC,2021
"393385,0",2021-11-01,segunda-feira,18:05:00,SC,163,"72,6",SAO MIGUEL DO OESTE,Condutor deixou de manter distância do veículo da frente,Colisão traseira,Com Vítimas Feridas,Anoitecer,Crescente,Céu Claro,Simples,Reta,Sim,2,0,1,0,1,0,1,2,-26.73461723,-53.50680015,SPRF-SC,DEL07-SC,UOP03-DEL07-SC,2021
"393386,0",2021-11-01,segunda-feira,20:40:00,SC,470,"15,8",ILHOTA,Velocidade Incompatível,Saída de leito carroçável,Com Vítimas Feridas,Plena Noite,Crescente,Chuva,Simples,Reta;Em Obras;Desvio Temporário,Não,1,0,1,0,0,0,1,1,-26.839785,-48.785534,SPRF-SC,DEL04-SC,UOP04-DEL04-SC,2021
"393401,0",2021-11-02,terça-feira,00:10:00,SC,101,"150,8",ITAPEMA,Reação tardia ou ineficiente do condutor,Queda de ocupante de veículo,Com Vítimas Feridas,Plena Noite,Decrescente,Nublado,Dupla,Reta,Sim,2,0,0,1,0,1,1,1,-27.11744799,-48.60940987,SPRF-SC,DEL04-SC,UOP03-DEL04-SC,2021
"393421,0",2021-11-02,terça-feira,06:25:00,SC,101,"48,3",JOINVILLE,Curva acentuada,Saída de leito carroçável,Com Vítimas Feridas,Amanhecer,Crescente,Nublado,Dupla,Curva,Sim,1,0,1,0,0,0,1,1,-26.35345909,-48.85867862,SPRF-SC,DEL03-SC,UOP01-DEL03-SC,2021
"393471,0",2021-11-02,terça-feira,11:15:00,SC,282,"198,0",LAGES,Falta de acostamento,Colisão lateral mesmo sentido,Com Vítimas Feridas,Pleno dia,Decrescente,Sol,Simples,Curva,Não,3,0,1,0,2,0,1,2,-27.754335,-50.113693,SPRF-SC,DEL05-SC,UOP01-DEL05-SC,2021
"393480,0",2021-11-02,terça-feira,14:50:00,SC,101,"225,0",PALHOCA,Demais falhas mecânicas ou elétricas,Tombamento,Com Vítimas Feridas,Pleno dia,Crescente,Sol,Dupla,Reta,Não,2,0,2,0,0,0,2,1,-27.73292191,-48.6409567,SPRF-SC,DEL01-SC,UOP02-DEL01-SC,2021
"393484,0",2021-11-02,terça-feira,15:15:00,SC,101,"334,0",TUBARAO,Conversão proibida,Colisão lateral mesmo sentido,Com Vítimas Feridas,Pleno dia,Decrescente,Sol,Dupla,Interseção de Vias,Sim,4,0,2,0,2,0,2,2,-28.47079022,-49.01879132,SPRF-SC,DEL02-SC,UOP01-DEL02-SC,2021
"393486,0",2021-11-02,terça-feira,15:10:00,SC,282,"16,3",PALHOCA,Acessar a via sem observar a presença dos outros veículos,Colisão transversal,Com Vítimas Feridas,Pleno dia,Decrescente,Nublado,Simples,Interseção de Vias,Sim,2,0,1,0,1,0,1,2,-27.658611,-48.681847,SPRF-SC,DEL01-SC,UOP02-DEL01-SC,2021
"393489,0",2021-11-02,terça-feira,15:00:00,SC,101,"233,6",PALHOCA,Frear bruscamente,Colisão traseira,Com Vítimas Feridas,Pleno dia,Crescente,Céu Claro,Dupla,Declive,Sim,3,0,1,1,1,0,2,2,-27.80376397,-48.63826211,SPRF-SC,DEL01-SC,UOP02-DEL01-SC,2021
"393499,0",2021-11-02,terça-feira,17:06:00,SC,101,"207,7",SAO JOSE,Condutor deixou de manter distância do veículo da frente,Colisão traseira,Com Vítimas Feridas,Pleno dia,Crescente,Céu Claro,Dupla,Reta,Sim,2,0,1,0,1,0,1,2,-27.60001226,-48.6226467,SPRF-SC,DEL01-SC,UOP01-DEL01-SC,2021
"393501,0",2021-11-02,terça-feira,15:45:00,SC,470,"257,5",CURITIBANOS,Transitar na contramão,Colisão frontal,Com Vítimas Feridas,Pleno dia,Crescente,Céu Claro,Simples,Curva,Não,11,0,3,3,3,2,6,5,-27.308815,-50.641468,SPRF-SC,DEL05-SC,UOP03-DEL05-SC,2021
"393512,0",2021-11-02,terça-feira,18:05:00,SC,101,"334,0",TUBARAO,Reação tardia ou ineficiente do condutor,Colisão lateral mesmo sentido,Com Vítimas Feridas,Pleno dia,Crescente,Céu Claro,Dupla,Reta,Sim,3,0,1,0,2,0,1,2,-28.46730446,-49.00604302,SPRF-SC,DEL02-SC,UOP01-DEL02-SC,2021
"393514,0",2021-11-02,terça-feira,17:00:00,SC,101,"25,0",JOINVILLE,Velocidade Incompatível,Saída de leito carroçável,Com Vítimas Feridas,Pleno dia,Crescente,Céu Claro,Dupla,Viaduto,Sim,1,0,0,1,0,0,1,1,-26.1834739,-48.9105912,SPRF-SC,DEL03-SC,UOP01-DEL03-SC,2021
"393531,0",2021-11-02,terça-feira,17:15:00,SC,101,"216,0",PALHOCA,Velocidade Incompatível,Colisão lateral mesmo sentido,Com Vítimas Feridas,Pleno dia,Decrescente,Céu Claro,Dupla,Reta,Sim,3,0,1,1,1,0,2,2,-27.65981409,-48.67747798,SPRF-SC,DEL01-SC,UOP02-DEL01-SC,2021
"393539,0",2021-11-02,terça-feira,21:15:00,SC,282,"5,0",SAO JOSE,Acessar a via sem observar a presença dos outros veículos,Colisão lateral mesmo sentido,Com Vítimas Feridas,Plena Noite,Decrescente,Nublado,Múltipla,Reta,Sim,2,0,1,0,1,0,1,2,-27.588425,-48.612919,SPRF-SC,DEL01-SC,UOP01-DEL01-SC,2021
"393551,0",2021-11-02,terça-feira,22:13:00,SC,101,"141,8",BALNEARIO CAMBORIU,Declive acentuado,Colisão com objeto,Com Vítimas Feridas,Plena Noite,Crescente,Nublado,Dupla,Curva,Não,1,0,0,1,0,0,1,1,-27.04761729,-48.59995855,SPRF-SC,DEL04-SC,UOP03-DEL04-SC,2021
"393571,0",2021-11-03,quarta-feira,03:10:00,SC,101,"342,9",TUBARAO,Ausência de reação do condutor,Saída de leito carroçável,Com Vítimas Feridas,Plena Noite,Crescente,Céu Claro,Simples,Curva,Sim,1,0,1,0,0,0,1,1,-28.51875992,-49.05388322,SPRF-SC,DEL02-SC,UOP01-DEL02-SC,2021
"393597,0",2021-11-03,quarta-feira,07:30:00,SC,101,"339,0",TUBARAO,Condutor Dormindo,Colisão com objeto,Com Vítimas Feridas,Pleno dia,Decrescente,Céu Claro,Múltipla,Ponte,Sim,2,0,0,1,0,1,1,2,-28.49351117,-49.04178985,SPRF-SC,DEL02-SC,UOP01-DEL02-SC,2021
"393616,0",2021-11-03,quarta-feira,09:00:00,SC,101,"215,7",PALHOCA,Condutor deixou de manter distância do veículo da frente,Engavetamento,Com Vítimas Feridas,Pleno dia,Decrescente,Céu Claro,Dupla,Reta,Sim,4,0,1,0,3,0,1,3,-27.65184843,-48.67604941,SPRF-SC,DEL01-SC,UOP02-DEL01-SC,2021
"393620,0",2021-11-03,quarta-feira,07:20:00,SC,282,"501,3",XANXERE,Mal súbito do condutor,Colisão transversal,Com Vítimas Feridas,Pleno dia,Decrescente,Sol,Dupla,Rotatória,Não,2,0,1,0,1,0,1,2,-26.882715,-52.381729,SPRF-SC,DEL07-SC,UOP01-DEL07-SC,2021
"393623,0",2021-11-03,quarta-feira,09:45:00,SC,280,"30,0",ARAQUARI,Acessar a via sem observar a presença dos outros veículos,Colisão transversal,Com Vítimas Feridas,Pleno dia,Crescente,Céu Claro,Simples,Interseção de Vias,Sim,2,0,1,0,1,0,1,2,-26.4141523,-48.76209493,SPRF-SC,DEL03-SC,UOP03-DEL03-SC,2021
"393626,0",2021-11-03,quarta-feira,10:00:00,SC,101,"201,0",SAO JOSE,Trafegar com motocicleta (ou similar) entre as faixas,Colisão traseira,Com Vítimas Feridas,Pleno dia,Crescente,Céu Claro,Múltipla,Reta,Sim,2,0,0,1,0,1,1,2,-27.54836599,-48.61977975,SPRF-SC,DEL01-SC,UOP01-DEL01-SC,2021
"393642,0",2021-11-03,quarta-feira,08:20:00,SC,101,"73,5",ARAQUARI,Reação tardia ou ineficiente do condutor,Colisão lateral mesmo sentido,Sem Vítimas,Pleno dia,Decrescente,Nublado,Múltipla,Curva,Sim,2,0,0,0,2,0,0,2,-26.53567108,-48.71326731,SPRF-SC,DEL03-SC,UOP02-DEL03-SC,2021
"393650,0",2021-11-03,quarta-feira,12:20:00,SC,282,"6,0",SAO JOSE,Trafegar com motocicleta (ou similar) entre as faixas,Colisão lateral mesmo sentido,Com Vítimas Feridas,Pleno dia,Decrescente,Sol,Múltipla,Curva,Não,3,0,1,0,2,0,1,3,-27.591936,-48.618244,SPRF-SC,DEL01-SC,UOP01-DEL01-SC,2021
"393678,0",2021-11-03,quarta-feira,16:00:00,SC,101,"117,0",ITAJAI,Acessar a via sem observar a presença dos outros veículos,Colisão transversal,Com Vítimas Feridas,Pleno dia,Decrescente,Céu Claro,Múltipla,Interseção de Vias;Viaduto;Rotatória,Sim,4,0,2,0,2,0,2,2,-26.88747187,-48.72252969,SPRF-SC,DEL04-SC,UOP04-DEL04-SC,2021
"393682,0",2021-11-03,quarta-feira,16:15:00,SC,101,"200,0",SAO JOSE,Demais falhas mecânicas ou elétricas,Tombamento,Com Vítimas Feridas,Pleno dia,Decrescente,Céu Claro,Dupla,Reta,Sim,1,0,1,0,0,0,1,1,-27.54018513,-48.62287714,SPRF-SC,DEL01-SC,UOP01-DEL01-SC,2021
"393683,0",2021-11-03,quarta-feira,13:20:00,SC,470,"138,9",RIO DO SUL,Manobra de mudança de faixa,Colisão lateral mesmo sentido,Com Vítimas Feridas,Pleno dia,Decrescente,Céu Claro,Simples,Em Obras;Reta,Sim,2,0,1,0,1,0,1,2,-27.19775115,-49.62844133,SPRF-SC,DEL04-SC,UOP02-DEL04-SC,2021
"393688,0",2021-11-03,quarta-feira,16:20:00,SC,101,"97,0",BARRA VELHA,Demais falhas mecânicas ou elétricas,Queda de ocupante de veículo,Com Vítimas Feridas,Pleno dia,Decrescente,Céu Claro,Dupla,Reta,Não,2,0,2,0,0,0,2,1,-26.72823703,-48.70224928,SPRF-SC,DEL03-SC,UOP02-DEL03-SC,2021
"393731,0",2021-11-03,quarta-feira,17:15:00,SC,0,"0,0",MAFRA,Ultrapassagem Indevida,Colisão lateral mesmo sentido,Com Vítimas Feridas,Pleno dia,Não Informado,Céu Claro,Simples,Rotatória,Sim,2,0,1,0,1,0,1,2,-26.14561473,-49.82130289,SPRF-SC,DEL06-SC,UOP01-DEL06-SC,2021
"393733,0",2021-11-03,quarta-feira,19:00:00,SC,116,"6,9",MAFRA,Velocidade Incompatível,Capotamento,Com Vítimas Feridas,Plena Noite,Crescente,Céu Claro,Simples,Reta,Sim,2,0,1,1,0,0,2,1,-26.14644691,-49.82305806,SPRF-SC,DEL06-SC,UOP01-DEL06-SC,2021
"393776,0",2021-11-04,quinta-feira,08:55:00,SC,101,"118,6",ITAJAI,Manobra de mudança de faixa,Colisão traseira,Com Vítimas Feridas,Pleno dia,Crescente,Céu Claro,Dupla,Reta,Sim,2,0,1,0,1,0,1,2,-26.895859,-48.71903,SPRF-SC,DEL04-SC,UOP04-DEL04-SC,2021
"393781,0",2021-11-04,quinta-feira,07:50:00,SC,101,"207,5",SAO JOSE,Condutor deixou de manter distância do veículo da frente,Colisão traseira,Com Vítimas Feridas,Pleno dia,Decrescente,Céu Claro,Dupla,Reta,Sim,2,0,1,0,1,0,1,2,-27.60001226,-48.6226467,SPRF-SC,DEL01-SC,UOP01-DEL01-SC,2021