id,data_inversa,dia_semana,horario,uf,br,km,municipio,causa_acidente,tipo_acidente,classificacao_acidente,fase_dia,sentido_via,condicao_metereologica,tipo_pista,tracado_via,uso_solo,pessoas,mortos,feridos_leves,feridos_graves,ilesos,ignorados,feridos,veiculos,latitude,longitude,regional,delegacia,uop,ano_arquivo
"394837,0",2021-11-09,terça-feira,19:30:00,SC,101,"214,0",PALHOCA,Condutor deixou de manter distância do veículo da frente,Colisão traseira,Com Vítimas Feridas,Plena Noite,Crescente,Céu Claro,Dupla,Reta,Sim,3,0,1,0,2,0,1,3,-27.64443,-48.67057,SPRF-SC,DEL01-SC,UOP02-DEL01-SC,2021
"394842,0",2021-11-09,terça-feira,20:20:00,SC,101,"194,7",BIGUACU,Pedestre andava na pista,Atropelamento de Pedestre,Com Vítimas Fatais,Plena Noite,Decrescente,Nublado,Dupla,Reta,Sim,4,1,2,0,0,1,2,3,-27.5027335,-48.6521091,SPRF-SC,DEL01-SC,UOP01-DEL01-SC,2021
"394845,0",2021-11-09,terça-feira,19:05:00,SC,101,"33,5",JOINVILLE,Reação tardia ou ineficiente do condutor,Engavetamento,Com Vítimas Feridas,Plena Noite,Crescente,Chuva,Dupla,Reta,Sim,6,0,1,0,5,0,1,6,-26.23200799,-48.91678053,SPRF-SC,DEL03-SC,UOP01-DEL03-SC,2021
"394849,0",2021-11-09,terça-feira,18:49:00,SC,101,"44,9",JOINVILLE,Desrespeitar a preferência no cruzamento,Colisão transversal,Com Vítimas Feridas,Plena Noite,Decrescente,Nublado,Simples,Declive;Interseção de Vias,Sim,2,0,1,0,1,0,1,2,-26.34865224,-48.85703802,SPRF-SC,DEL03-SC,UOP01-DEL03-SC,2021
"394864,0",2021-11-09,terça-feira,23:55:00,SC,101,"43,2",JOINVILLE,Ingestão de álcool pelo condutor,Colisão frontal,Com Vítimas Feridas,Plena Noite,Crescente,Nublado,Simples,Declive;Reta;Viaduto,Sim,2,0,2,0,0,0,2,2,-26.33348001,-48.86117935,SPRF-SC,DEL03-SC,UOP01-DEL03-SC,2021
"394891,0",2021-11-10,quarta-feira,08:28:00,SC,101,"204,5",SAO JOSE,Ausência de reação do condutor,Colisão traseira,Com Vítimas Feridas,Pleno dia,Crescente,Nublado,Múltipla,Reta,Sim,2,0,1,0,1,0,1,2,-27.57413014,-48.61363083,SPRF-SC,DEL01-SC,UOP01-DEL01-SC,2021
"394912,0",2021-11-10,quarta-feira,11:35:00,SC,116,"207,0",PONTE ALTA,Acesso irregular,Colisão transversal,Com Vítimas Feridas,Pleno dia,Crescente,Céu Claro,Dupla,Rotatória,Sim,2,0,1,0,1,0,1,2,-27.48199748,-50.37911479,SPRF-SC,DEL05-SC,UOP03-DEL05-SC,2021
"394924,0",2021-11-10,quarta-feira,12:40:00,SC,470,"67,0",INDAIAL,Acessar a via sem observar a presença dos outros veículos,Colisão lateral mesmo sentido,Com Vítimas Feridas,Pleno dia,Crescente,Céu Claro,Simples,Reta,Sim,2,0,1,0,1,0,1,2,-26.872158,-49.23127,SPRF-SC,DEL04-SC,UOP01-DEL04-SC,2021
"394934,0",2021-11-10,quarta-feira,14:00:00,SC,101,"212,8",PALHOCA,Velocidade Incompatível,Colisão traseira,Com Vítimas Feridas,Pleno dia,Decrescente,Nublado,Dupla,Reta,Sim,4,0,2,0,2,0,2,3,-27.62996929,-48.65903871,SPRF-SC,DEL01-SC,UOP02-DEL01-SC,2021
"394941,0",2021-11-10,quarta-feira,14:44:00,SC,101,"212,8",PALHOCA,Obras na pista,Colisão traseira,Com Vítimas Feridas,Pleno dia,Decrescente,Céu Claro,Múltipla,Em Obras,Sim,2,0,0,1,1,0,1,2,-27.62996929,-48.65903871,SPRF-SC,DEL01-SC,UOP02-DEL01-SC,2021
"394955,0",2021-11-10,quarta-feira,15:45:00,SC,101,"152,9",PORTO BELO,Ultrapassagem Indevida,Colisão lateral mesmo sentido,Com Vítimas Feridas,Pleno dia,Decrescente,Nublado,Dupla,Reta,Sim,2,0,1,0,1,0,1,2,-27.13563503,-48.61004665,SPRF-SC,DEL04-SC,UOP03-DEL04-SC,2021
"395000,0",2021-11-10,quarta-feira,17:15:00,SC,280,"6,0",SAO FRANCISCO DO SUL,Acesso irregular,Colisão lateral mesmo sentido,Com Vítimas Feridas,Pleno dia,Decrescente,Nublado,Simples,Reta,Sim,2,0,1,0,1,0,1,2,-26.27196319,-48.64172686,SPRF-SC,DEL03-SC,UOP03-DEL03-SC,2021
"395036,0",2021-11-11,quinta-feira,01:00:00,SC,101,"243,0",PALHOCA,Velocidade Incompatível,Colisão traseira,Com Vítimas Feridas,Plena Noite,Crescente,Chuva,Múltipla,Reta,Não,3,0,1,0,1,1,1,3,-27.88419902,-48.64750077,SPRF-SC,DEL01-SC,UOP02-DEL01-SC,2021
"395049,0",2021-11-11,quinta-feira,03:50:00,SC,282,"598,9",MARAVILHA,Ingestão de álcool pelo condutor,Saída de leito carroçável,Com Vítimas Feridas,Plena Noite,Crescente,Céu Claro,Simples,Declive,Não,1,0,1,0,0,0,1,1,-26.825783,-53.147213,SPRF-SC,DEL07-SC,UOP02-DEL07-SC,2021
"395066,0",2021-11-11,quinta-feira,07:58:00,SC,101,"207,0",SAO JOSE,Reação tardia ou ineficiente do condutor,Tombamento,Com Vítimas Feridas,Pleno dia,Crescente,Nublado,Múltipla,Reta,Sim,1,0,1,0,0,0,1,1,-27.60001226,-48.6226467,SPRF-SC,DEL01-SC,UOP01-DEL01-SC,2021
"395068,0",2021-11-11,quinta-feira,07:50:00,SC,280,"28,0",ARAQUARI,Reação tardia ou ineficiente do condutor,Atropelamento de Pedestre,Com Vítimas Feridas,Pleno dia,Decrescente,Chuva,Simples,Reta,Sim,2,0,2,0,0,0,2,2,-26.40450077,-48.74561031,SPRF-SC,DEL03-SC,UOP03-DEL03-SC,2021
"395088,0",2021-10-27,quarta-feira,21:05:00,SC,101,"333,0",TUBARAO,Ultrapassagem Indevida,Colisão transversal,Com Vítimas Feridas,Plena Noite,Crescente,Céu Claro,Múltipla,Reta,Sim,2,0,1,0,1,0,1,2,-28.46630107,-48.99653096,SPRF-SC,DEL02-SC,UOP01-DEL02-SC,2021
"395093,0",2021-11-11,quinta-feira,07:00:00,SC,470,"66,0",INDAIAL,Ultrapassagem Indevida,Colisão lateral mesmo sentido,Com Vítimas Feridas,Pleno dia,Decrescente,Nublado,Simples,Rotatória,Não,2,0,1,0,1,0,1,2,-26.870407,-49.221844,SPRF-SC,DEL04-SC,UOP01-DEL04-SC,2021
"395099,0",2021-11-11,quinta-feira,11:40:00,SC,101,"210,0",SAO JOSE,Ausência de reação do condutor,Colisão traseira,Com Vítimas Feridas,Pleno dia,Crescente,Céu Claro,Múltipla,Reta,Sim,2,0,1,0,1,0,1,2,-27.6167305,-48.6457265,SPRF-SC,DEL01-SC,UOP01-DEL01-SC,2021
"395123,0",2021-11-11,quinta-feira,13:30:00,SC,101,"134,0",BALNEARIO CAMBORIU,Desrespeitar a preferência no cruzamento,Colisão transversal,Com Vítimas Feridas,Pleno dia,Crescente,Nublado,Dupla,Interseção de Vias,Não,3,0,2,0,1,0,2,2,-27.00218,-48.636433,SPRF-SC,DEL04-SC,UOP03-DEL04-SC,2021
"395150,0",2021-11-11,quinta-feira,15:30:00,SC,101,"120,1",ITAJAI,Trafegar com motocicleta (ou similar) entre as faixas,Colisão traseira,Com Vítimas Feridas,Pleno dia,Crescente,Céu Claro,Dupla,Reta,Sim,4,0,1,0,3,0,1,2,-26.912758,-48.711998,SPRF-SC,DEL04-SC,UOP04-DEL04-SC,2021
"395154,0",2021-10-05,terça-feira,19:11:00,SC,280,"23,0",ARAQUARI,Reação tardia ou ineficiente do condutor,Tombamento,Com Vítimas Feridas,Pleno dia,Decrescente,Garoa/Chuvisco,Simples,Rotatória,Não,2,0,0,1,0,1,1,2,-26.37157987,-48.71239185,SPRF-SC,DEL03-SC,UOP03-DEL03-SC,2021
"395161,0",2021-11-11,quinta-feira,16:45:00,SC,101,"227,0",PALHOCA,Desrespeitar a preferência no cruzamento,Colisão transversal,Com Vítimas Feridas,Pleno dia,Crescente,Céu Claro,Simples,Viaduto,Não,2,0,1,0,1,0,1,2,-27.7509149,-48.63460277,SPRF-SC,DEL01-SC,UOP02-DEL01-SC,2021
"395167,0",2021-09-20,segunda-feira,18:35:00,SC,101,"128,9",BALNEARIO CAMBORIU,Ausência de reação do condutor,Colisão traseira,Com Vítimas Feridas,Plena Noite,Decrescente,Garoa/Chuvisco,Dupla,Reta,Não,2,0,1,0,1,0,1,2,-26.97284292,-48.68299451,SPRF-SC,DEL04-SC,UOP03-DEL04-SC,2021
"395176,0",2021-11-11,quinta-feira,18:10:00,SC,282,"3,0",FLORIANOPOLIS,Trafegar com motocicleta (ou similar) entre as faixas,Colisão traseira,Com Vítimas Feridas,Anoitecer,Decrescente,Nublado,Dupla,Reta,Não,2,0,0,1,1,0,1,2,-27.600384,-48.599705,SPRF-SC,DEL01-SC,UOP01-DEL01-SC,2021
"395188,0",2021-11-11,quinta-feira,17:45:00,SC,101,"153,0",PORTO BELO,Manobra de mudança de faixa,Colisão lateral mesmo sentido,Com Vítimas Feridas,Pleno dia,Decrescente,Céu Claro,Dupla,Reta,Não,2,0,1,0,1,0,1,2,-27.144717,-48.61063935,SPRF-SC,DEL04-SC,UOP03-DEL04-SC,2021
"395192,0",2021-11-11,quinta-feira,17:35:00,SC,101,"114,5",ITAJAI,Manobra de mudança de faixa,Colisão lateral mesmo sentido,Com Vítimas Feridas,Pleno dia,Crescente,Nublado,Dupla,Reta,Sim,3,0,1,0,1,1,1,3,-26.86192886,-48.7286704,SPRF-SC,DEL04-SC,UOP04-DEL04-SC,2021
"395194,0",2021-11-11,quinta-feira,18:10:00,SC,282,"23,5",PALHOCA,Desrespeitar a preferência no cruzamento,Colisão transversal,Sem Vítimas,Plena Noite,Crescente,Céu Claro,Dupla,Interseção de Vias,Sim,2,0,0,0,2,0,0,2,-27.687958,-48.736794,SPRF-SC,DEL01-SC,UOP03-DEL01-SC,2021
"395215,0",2021-07-06,terça-feira,17:00:00,SC,470,"249,1",CURITIBANOS,Velocidade Incompatível,Capotamento,Sem Vítimas,Pleno dia,Decrescente,Nublado,Simples,Interseção de Vias,Sim,1,0,0,0,0,1,0,1,-27.31243221,-50.57811499,SPRF-SC,DEL05-SC,UOP03-DEL05-SC,2021
"395242,0",2021-10-14,quinta-feira,07:40:00,SC,101,"331,0",TUBARAO,Trafegar com motocicleta (ou similar) entre as faixas,Colisão lateral mesmo sentido,Com Vítimas Feridas,Pleno dia,Crescente,Céu Claro,Dupla,Reta,Sim,4,0,0,1,3,0,1,4,-28.45567521,-48.9812689,SPRF-SC,DEL02-SC,UOP01-DEL02-SC,2021
"395252,0",2021-11-12,sexta-feira,07:40:00,SC,101,"215,7",PALHOCA,Manobra de mudança de faixa,Colisão lateral mesmo sentido,Com Vítimas Feridas,Pleno dia,Crescente,Nublado,Dupla,Reta,Sim,3,0,2,0,1,0,2,2,-27.65184843,-48.67604941,SPRF-SC,DEL01-SC,UOP02-DEL01-SC,2021
"395254,0",2021-11-12,sexta-feira,06:10:00,SC,470,"301,5",CAMPOS NOVOS,Condutor Dormindo,Colisão com objeto,Sem Vítimas,Pleno dia,Crescente,Céu Claro,Simples,Reta,Não,1,0,0,0,1,0,0,1,-27.37514004,-51.06292963,SPRF-SC,DEL07-SC,UOP06-DEL07-SC,2021
"395261,0",2021-11-12,sexta-feira,07:30:00,SC,101,"337,8",TUBARAO,Desrespeitar a preferência no cruzamento,Colisão transversal,Com Vítimas Feridas,Pleno dia,Decrescente,Nublado,Simples,Interseção de Vias;Reta,Não,2,0,1,0,1,0,1,2,-28.4852894,-49.03747559,SPRF-SC,DEL02-SC,UOP01-DEL02-SC,2021
"395262,0",2021-11-12,sexta-feira,08:35:00,SC,101,"113,0",ITAJAI,Pista Escorregadia,Queda de ocupante de veículo,Com Vítimas Feridas,Pleno dia,Decrescente,Nublado,Dupla,Reta,Sim,1,0,1,0,0,0,1,1,-26.85311393,-48.72689927,SPRF-SC,DEL04-SC,UOP04-DEL04-SC,2021
"395271,0",2021-10-29,sexta-feira,15:18:00,SC,101,"217,5",PALHOCA,Velocidade Incompatível,Colisão traseira,Com Vítimas Feridas,Pleno dia,Decrescente,Garoa/Chuvisco,Dupla,Reta,Sim,2,0,0,1,1,0,1,2,-27.66779034,-48.67393586,SPRF-SC,DEL01-SC,UOP02-DEL01-SC,2021
"395273,0",2021-11-12,sexta-feira,08:15:00,SC,101,"61,2",ARAQUARI,Velocidade Incompatível,Saída de leito carroçável,Com Vítimas Feridas,Pleno dia,Crescente,Chuva,Dupla,Reta,Não,1,0,1,0,0,0,1,1,-26.45474174,-48.77699195,SPRF-SC,DEL03-SC,UOP02-DEL03-SC,2021
"395287,0",2021-11-12,sexta-feira,10:15:00,SC,470,"122,6",IBIRAMA,Velocidade Incompatível,Saída de leito carroçável,Com Vítimas Feridas,Pleno dia,Crescente,Garoa/Chuvisco,Simples,Curva,Não,1,0,1,0,0,0,1,1,-27.099888,-49.527679,SPRF-SC,DEL04-SC,UOP02-DEL04-SC,2021
"395315,0",2021-11-12,sexta-feira,13:40:00,SC,470,"50,6",BLUMENAU,Ausência de reação do condutor,Colisão lateral mesmo sentido,Com Vítimas Feridas,Pleno dia,Decrescente,Nublado,Dupla,Reta,Sim,2,0,1,0,1,0,1,2,-26.859768,-49.074493,SPRF-SC,DEL04-SC,UOP01-DEL04-SC,2021
"395349,0",2021-11-12,sexta-feira,16:40:00,SC,101,"206,5",SAO JOSE,Frear bruscamente,Colisão traseira,Sem Vítimas,Pleno dia,Crescente,Céu Claro,Múltipla,Reta,Sim,2,0,0,0,1,1,0,2,-27.5932433,-48.61888509,SPRF-SC,DEL01-SC,UOP01-DEL01-SC,2021
"395350,0",2021-10-23,sábado,14:45:00,SC,280,"33,1",ARAQUARI,Acessar a via sem observar a presença dos outros veículos,Colisão transversal,Com Vítimas Feridas,Pleno dia,Decrescente,Céu Claro,Simples,Reta,Sim,2,0,0,1,1,0,1,2,-26.426402,-48.788338,SPRF-SC,DEL03-SC,UOP03-DEL03-SC,2021
"395357,0",2021-11-12,sexta-feira,17:25:00,SC,101,"204,7",SAO JOSE,Reação tardia ou ineficiente do condutor,Atropelamento de Pedestre,Com Vítimas Feridas,Pleno dia,Decrescente,Céu Claro,Múltipla,Reta,Sim,2,0,1,1,0,0,2,2,-27.57413014,-48.61363083,SPRF-SC,DEL01-SC,UOP01-DEL01-SC,2021
"395382,0",2021-11-12,sexta-feira,17:00:00,SC,280,"96,0",CORUPA,Chuva,Saída de leito carroçável,Sem Vítimas,Pleno dia,Decrescente,Nevoeiro/Neblina,Simples,Curva,Não,1,0,0,0,1,0,0,1,-26.3833143,-49.31223107,SPRF-SC,DEL06-SC,UOP03-DEL06-SC,2021
"395399,0",2021-11-12,sexta-feira,19:10:00,SC,280,"56,0",GUARAMIRIM,Acesso irregular,Colisão transversal,Com Vítimas Feridas,Plena Noite,Crescente,Garoa/Chuvisco,Dupla,Reta,Não,3,0,2,0,1,0,2,2,-26.47947677,-49.00298702,SPRF-SC,DEL03-SC,UOP03-DEL03-SC,2021
"395405,0",2021-11-12,sexta-feira,20:00:00,SC,101,"199,9",BIGUACU,Trafegar com motocicleta (ou similar) entre as faixas,Colisão lateral mesmo sentido,Com Vítimas Feridas,Plena Noite,Decrescente,Nublado,Múltipla,Reta,Sim,3,0,2,0,1,0,2,2,-27.53413705,-48.63003205,SPRF-SC,DEL01-SC,UOP01-DEL01-SC,2021
"395414,0",2021-11-12,sexta-feira,19:00:00,SC,101,"324,7",CAPIVARI DE BAIXO,Ausência de reação do condutor,Colisão transversal,Com Vítimas Feridas,Plena Noite,Decrescente,Nublado,Dupla,Interseção de Vias;Viaduto,Sim,2,0,1,0,1,0,1,2,-28.42580709,-48.94327641,SPRF-SC,DEL02-SC,UOP01-DEL02-SC,2021
"395443,0",2021-11-12,sexta-feira,21:30:00,SC,101,"68,5",ARAQUARI,Velocidade Incompatível,Colisão traseira,Com Vítimas Feridas,Plena Noite,Crescente,Garoa/Chuvisco,Dupla,Reta,Não,2,0,0,1,1,0,1,2,-26.49513001,-48.73280803,SPRF-SC,DEL03-SC,UOP02-DEL03-SC,2021
"395448,0",2021-11-12,sexta-feira,19:30:00,SC,282,"280,3",SAO JOSE DO CERRITO,Acessar a via sem observar a presença dos outros veículos,Colisão lateral mesmo sentido,Sem Vítimas,Plena Noite,Crescente,Nublado,Simples,Reta,Não,2,0,0,0,2,0,0,2,-27.583397,-50.754917,SPRF-SC,DEL05-SC,UOP02-DEL05-SC,2021
"395462,0",2021-11-13,sábado,00:05:00,SC,101,"314,2",LAGUNA,Ultrapassagem Indevida,Colisão lateral mesmo sentido,Sem Vítimas,Plena Noite,Decrescente,Nublado,Dupla,Reta,Não,2,0,0,0,1,1,0,2,-28.43427966,-48.84487152,SPRF-SC,DEL02-SC,UOP01-DEL02-SC,2021
"395464,0",2021-11-12,sexta-feira,23:21:00,SC,101,"53,0",JOINVILLE,Chuva,Saída de leito carroçável,Com Vítimas Feridas,Plena Noite,Crescente,Chuva,Dupla,Reta,Não,2,0,1,0,1,0,1,1,-26.40231201,-48.83969703,SPRF-SC,DEL03-SC,UOP01-DEL03-SC,2021
"395473,0",2021-11-13,sábado,00:21:00,SC,116,"142,6",SANTA CECILIA,Ausência de reação do condutor,Colisão frontal,Com Vítimas Feridas,Plena Noite,Crescente,Nevoeiro/Neblina,Simples,Reta,Não,3,0,2,0,1,0,2,2,-26.97880161,-50.3961135,SPRF-SC,DEL06-SC,UOP02-DEL06-SC,2021
"395487,0",2021-11-13,sábado,06:15:00,SC,101,"268,3",IMBITUBA,Ausência de reação do condutor,Colisão com objeto,Com Vítimas Feridas,Amanhecer,Decrescente,Céu Claro,Múltipla,Curva;Declive,Não,5,0,3,2,0,0,5,1,-28.09430555,-48.70886391,SPRF-SC,DEL02-SC,UOP03-DEL02-SC,2021
"395495,0",2021-11-13,sábado,06:50:00,SC,101,"148,0",ITAPEMA,Reação tardia ou ineficiente do condutor,Saída de leito carroçável,Sem Vítimas,Pleno dia,Crescente,Céu Claro,Dupla,Reta,Não,1,0,0,0,0,1,0,1,-27.10123686,-48.61807962,SPRF-SC,DEL04-SC,UOP03-DEL04-SC,2021
"395498,0",2021-11-13,sábado,05:25:00,SC,282,"461,7",PONTE SERRADA,Condutor Dormindo,Capotamento,Com Vítimas Feridas,Amanhecer,Crescente,Céu Claro,Simples,Reta,Sim,1,0,1,0,0,0,1,1,-26.856403,-52.041328,SPRF-SC,DEL07-SC,UOP04-DEL07-SC,2021
"395510,0",2021-09-18,sábado,04:45:00,SC,101,"139,0",BALNEARIO CAMBORIU,Ingestão de álcool pelo condutor,Colisão transversal,Com Vítimas Feridas,Plena Noite,Crescente,Nublado,Simples,Curva,Não,2,0,1,1,0,0,2,2,-27.02982303,-48.60115006,SPRF-SC,DEL04-SC,UOP03-DEL04-SC,2021
"395511,0",2021-11-13,sábado,07:25:00,SC,101,"215,0",PALHOCA,Trafegar com motocicleta (ou similar) entre as faixas,Colisão lateral mesmo sentido,Com Vítimas Feridas,Pleno dia,Decrescente,Nublado,Dupla,Reta,Sim,2,0,0,1,1,0,1,2,-27.65184843,-48.67604941,SPRF-SC,DEL01-SC,UOP02-DEL01-SC,2021
"395525,0",2021-11-13,sábado,08:10:00,SC,101,"117,3",ITAJAI,Manobra de mudança de faixa,Colisão traseira,Com Vítimas Feridas,Pleno dia,Crescente,Céu Claro,Dupla,Reta,Não,2,0,1,0,1,0,1,2,-26.88747187,-48.72252969,SPRF-SC,DEL04-SC,UOP04-DEL04-SC,2021
"395544,0",2021-11-13,sábado,09:00:00,SC,101,"397,5",MARACAJA,Mal súbito do condutor,Colisão com objeto,Com Vítimas Fatais,Pleno dia,Crescente,Céu Claro,Múltipla,Reta,Não,2,1,1,0,0,0,1,1,-28.8452501,-49.4324886,SPRF-SC,DEL02-SC,UOP02-DEL02-SC,2021
"395552,0",2021-11-13,sábado,11:15:00,SC,282,"17,0",PALHOCA,Condutor deixou de manter distância do veículo da frente,Colisão traseira,Com Vítimas Feridas,Pleno dia,Decrescente,Garoa/Chuvisco,Simples,Reta,Sim,3,0,2,0,1,0,2,2,-27.665707,-48.688065,SPRF-SC,DEL01-SC,UOP02-DEL01-SC,2021
"395553,0",2021-11-13,sábado,10:48:00,SC,101,"312,0",LAGUNA,Condutor deixou de manter distância do veículo da frente,Colisão traseira,Com Vítimas Feridas,Pleno dia,Decrescente,Céu Claro,Múltipla,Reta,Sim,2,0,1,0,1,0,1,2,-28.433701,-48.806344,SPRF-SC,DEL02-SC,UOP01-DEL02-SC,2021
"395558,0",2021-11-13,sábado,09:40:00,SC,101,"45,0",JOINVILLE,Condutor deixou de manter distância do veículo da frente,Engavetamento,Com Vítimas Feridas,Pleno dia,Crescente,Nublado,Dupla,Declive,Não,6,0,2,0,4,0,2,4,-26.35458165,-48.85834694,SPRF-SC,DEL03-SC,UOP01-DEL03-SC,2021
"395578,0",2021-11-13,sábado,09:27:00,SC,470,"122,6",IBIRAMA,Velocidade Incompatível,Colisão lateral mesmo sentido,Sem Vítimas,Pleno dia,Crescente,Garoa/Chuvisco,Simples,Curva,Não,2,0,0,0,2,0,0,2,-27.099888,-49.527679,SPRF-SC,DEL04-SC,UOP02-DEL04-SC,2021
"395579,0",2021-11-13,sábado,12:20:00,SC,101,"53,9",JOINVILLE,Condutor deixou de manter distância do veículo da frente,Colisão traseira,Com Vítimas Feridas,Pleno dia,Crescente,Nublado,Dupla,Reta,Não,6,0,0,2,4,0,2,3,-26.40231201,-48.83969703,SPRF-SC,DEL03-SC,UOP01-DEL03-SC,2021
"395631,0",2021-11-13,sábado,15:30:00,SC,101,"97,0",BALNEARIO PICARRAS,Reação tardia ou ineficiente do condutor,Colisão traseira,Com Vítimas Feridas,Pleno dia,Decrescente,Céu Claro,Dupla,Reta,Sim,2,0,1,0,1,0,1,2,-26.7319503,-48.700788,SPRF-SC,DEL03-SC,UOP02-DEL03-SC,2021
"395650,0",2021-11-13,sábado,16:15:00,SC,282,"109,7",ALFREDO WAGNER,Reação tardia ou ineficiente do condutor,Saída de leito carroçável,Com Vítimas Feridas,Pleno dia,Decrescente,Nublado,Simples,Curva;Declive,Não,2,0,0,2,0,0,2,1,-27.719378,-49.3582,SPRF-SC,DEL01-SC,UOP03-DEL01-SC,2021
"395668,0",2021-11-13,sábado,18:40:00,SC,470,"19,9",ILHOTA,Ultrapassagem Indevida,Colisão com objeto,Com Vítimas Feridas,Plena Noite,Decrescente,Céu Claro,Simples,Desvio Temporário;Reta,Não,2,0,1,1,0,0,2,1,-26.862995,-48.814396,SPRF-SC,DEL04-SC,UOP04-DEL04-SC,2021
"395673,0",2021-11-13,sábado,20:20:00,SC,101,"116,8",ITAJAI,Velocidade Incompatível,Eventos atípicos,Com Vítimas Feridas,Plena Noite,Crescente,Nublado,Múltipla,Reta,Sim,2,0,1,0,0,1,1,2,-26.87905605,-48.72603512,SPRF-SC,DEL04-SC,UOP04-DEL04-SC,2021
"395677,0",2021-11-13,sábado,21:15:00,SC,101,"98,4",BALNEARIO PICARRAS,Demais falhas mecânicas ou elétricas,Incêndio,Sem Vítimas,Plena Noite,Crescente,Nublado,Dupla,Reta,Sim,1,0,0,0,1,0,0,1,-26.73760897,-48.69918789,SPRF-SC,DEL03-SC,UOP02-DEL03-SC,2021
"395710,0",2021-11-14,domingo,02:15:00,SC,470,"68,0",INDAIAL,Ausência de reação do condutor,Colisão com objeto,Com Vítimas Feridas,Plena Noite,Decrescente,Nublado,Simples,Reta,Não,1,0,0,1,0,0,1,1,-26.877615,-49.239231,SPRF-SC,DEL04-SC,UOP01-DEL04-SC,2021
"395722,0",2021-11-14,domingo,04:30:00,SC,101,"122,9",ITAJAI,Animais na Pista,Atropelamento de Animal,Com Vítimas Feridas,Plena Noite,Decrescente,Céu Claro,Dupla,Reta,Sim,2,0,2,0,0,0,2,1,-26.92955916,-48.70499836,SPRF-SC,DEL04-SC,UOP04-DEL04-SC,2021
"395723,0",2021-11-14,domingo,04:15:00,SC,101,"38,5",JOINVILLE,Ingestão de álcool pelo condutor,Colisão transversal,Com Vítimas Feridas,Plena Noite,Crescente,Nublado,Dupla,Interseção de Vias,Sim,4,0,2,0,2,0,2,2,-26.29450673,-48.8845253,SPRF-SC,DEL03-SC,UOP01-DEL03-SC,2021
"395725,0",2021-11-14,domingo,03:10:00,SC,470,"188,0",POUSO REDONDO,Reação tardia ou ineficiente do condutor,Saída de leito carroçável,Com Vítimas Feridas,Plena Noite,Decrescente,Céu Claro,Simples,Reta,Não,1,0,1,0,0,0,1,1,-27.266893,-50.060116,SPRF-SC,DEL04-SC,UOP02-DEL04-SC,2021
"395732,0",2021-11-13,sábado,21:05:00,SC,158,"107,5",CUNHA PORA,Pedestre andava na pista,Atropelamento de Pedestre,Com Vítimas Feridas,Plena Noite,Decrescente,Céu Claro,Simples,Reta,Não,2,0,1,1,0,0,2,2,-26.8761434,-53.16696167,SPRF-SC,DEL07-SC,UOP02-DEL07-SC,2021
"395736,0",2021-11-14,domingo,04:30:00,SC,101,"129,0",CAMBORIU,Reação tardia ou ineficiente do condutor,Colisão com objeto,Com Vítimas Feridas,Amanhecer,Crescente,Céu Claro,Dupla,Reta,Não,1,0,1,0,0,0,1,1,-26.98064277,-48.6790679,SPRF-SC,DEL04-SC,UOP03-DEL04-SC,2021
"395739,0",2021-11-13,sábado,23:35:00,SC,116,"132,0",SANTA CECILIA,Condutor Dormindo,Colisão frontal,Com Vítimas Feridas,Plena Noite,Crescente,Nublado,Simples,Reta,Não,3,0,3,0,0,0,3,1,-26.90777447,-50.44120314,SPRF-SC,DEL06-SC,UOP02-DEL06-SC,2021
"395796,0",2021-11-14,domingo,11:20:00,SC,101,"71,3",ARAQUARI,Condutor deixou de manter distância do veículo da frente,Colisão lateral mesmo sentido,Com Vítimas Feridas,Pleno dia,Crescente,Céu Claro,Dupla,Viaduto,Não,3,0,1,0,2,0,1,3,-26.52311444,-48.71634007,SPRF-SC,DEL03-SC,UOP02-DEL03-SC,2021
"395798,0",2021-11-14,domingo,08:00:00,SC,470,"129,0",LONTRAS,Velocidade Incompatível,Tombamento,Com Vítimas Feridas,Pleno dia,Crescente,Céu Claro,Simples,Reta,Não,1,0,0,1,0,0,1,1,-27.148499,-49.556137,SPRF-SC,DEL04-SC,UOP02-DEL04-SC,2021
"395818,0",2021-11-14,domingo,05:30:00,SC,282,"146,4",BOM RETIRO,Reação tardia ou ineficiente do condutor,Saída de leito carroçável,Com Vítimas Feridas,Amanhecer,Crescente,Céu Claro,Simples,Reta,Não,2,0,2,0,0,0,2,1,-27.79345249,-49.63605881,SPRF-SC,DEL05-SC,UOP01-DEL05-SC,2021
"395821,0",2021-11-14,domingo,16:10:00,SC,101,"206,2",SAO JOSE,Manobra de mudança de faixa,Colisão transversal,Com Vítimas Feridas,Pleno dia,Decrescente,Céu Claro,Múltipla,Reta,Sim,2,0,1,0,1,0,1,2,-27.59193546,-48.61824557,SPRF-SC,DEL01-SC,UOP01-DEL01-SC,2021
"395852,0",2021-11-14,domingo,08:30:00,SC,470,"225,5",SAO CRISTOVAO DO SUL,Velocidade Incompatível,Saída de leito carroçável,Com Vítimas Feridas,Pleno dia,Crescente,Céu Claro,Simples,Curva,Não,1,0,1,0,0,0,1,1,-27.328018,-50.351475,SPRF-SC,DEL05-SC,UOP03-DEL05-SC,2021
"395857,0",2021-11-14,domingo,19:15:00,SC,280,"56,0",GUARAMIRIM,Acessar a via sem observar a presença dos outros veículos,Colisão transversal,Sem Vítimas,Plena Noite,Crescente,Céu Claro,Simples,Reta,Não,2,0,0,0,2,0,0,2,-26.47947677,-49.00298702,SPRF-SC,DEL03-SC,UOP03-DEL03-SC,2021