id,data_inversa,dia_semana,horario,uf,br,km,municipio,causa_acidente,tipo_acidente,classificacao_acidente,fase_dia,sentido_via,condicao_metereologica,tipo_pista,tracado_via,uso_solo,pessoas,mortos,feridos_leves,feridos_graves,ilesos,ignorados,feridos,veiculos,latitude,longitude,regional,delegacia,uop,ano_arquivo
"399416,0",2021-12-03,sexta-feira,15:45:00,SC,470,"60,7",BLUMENAU,Conversão proibida,Colisão transversal,Com Vítimas Feridas,Pleno dia,Decrescente,Céu Claro,Simples,Reta,Não,3,0,1,0,2,0,1,2,-26.88138,-49.164543,SPRF-SC,DEL04-SC,UOP01-DEL04-SC,2021
"399424,0",2021-12-03,sexta-feira,16:15:00,SC,101,"110,0",NAVEGANTES,Condutor deixou de manter distância do veículo da frente,Colisão lateral mesmo sentido,Sem Vítimas,Pleno dia,Decrescente,Céu Claro,Múltipla,Reta,Sim,2,0,0,0,2,0,0,2,-26.83477,-48.706151,SPRF-SC,DEL03-SC,UOP02-DEL03-SC,2021
"399427,0",2021-12-03,sexta-feira,16:40:00,SC,101,"198,8",SAO JOSE,Velocidade Incompatível,Tombamento,Com Vítimas Feridas,Pleno dia,Crescente,Nublado,Múltipla,Reta,Sim,1,0,0,1,0,0,1,1,-27.53351414,-48.63067031,SPRF-SC,DEL01-SC,UOP01-DEL01-SC,2021
"399432,0",2021-12-03,sexta-feira,15:25:00,SC,101,"149,8",ITAPEMA,Pedestre andava na pista,Atropelamento de Pedestre,Com Vítimas Feridas,Pleno dia,Decrescente,Céu Claro,Dupla,Reta,Sim,2,0,0,1,1,0,1,2,-27.1089649,-48.61277586,SPRF-SC,DEL04-SC,UOP03-DEL04-SC,2021
"399439,0",2021-12-03,sexta-feira,17:45:00,SC,101,"149,0",ITAPEMA,Condutor deixou de manter distância do veículo da frente,Engavetamento,Sem Vítimas,Pleno dia,Decrescente,Céu Claro,Dupla,Reta,Sim,3,0,0,0,3,0,0,3,-27.1089649,-48.61277586,SPRF-SC,DEL04-SC,UOP03-DEL04-SC,2021
"399486,0",2021-12-03,sexta-feira,17:25:00,SC,282,"522,5",XAXIM,Ingestão de álcool pelo condutor,Colisão transversal,Sem Vítimas,Pleno dia,Crescente,Céu Claro,Simples,Rotatória,Sim,2,0,0,0,2,0,0,2,-26.95296412,-52.53827333,SPRF-SC,DEL07-SC,UOP01-DEL07-SC,2021
"399494,0",2021-12-03,sexta-feira,20:00:00,SC,470,"144,9",RIO DO SUL,Desrespeitar a preferência no cruzamento,Colisão transversal,Com Vítimas Feridas,Plena Noite,Decrescente,Nublado,Simples,Reta,Sim,3,0,0,1,2,0,1,3,-27.235138,-49.677608,SPRF-SC,DEL04-SC,UOP02-DEL04-SC,2021
"399499,0",2021-12-03,sexta-feira,22:35:00,SC,101,"216,2",PALHOCA,Ingestão de álcool pelo condutor,Colisão traseira,Com Vítimas Feridas,Plena Noite,Decrescente,Chuva,Múltipla,Reta,Sim,3,0,1,0,1,1,1,2,-27.65981409,-48.67747798,SPRF-SC,DEL01-SC,UOP02-DEL01-SC,2021
"399508,0",2021-12-03,sexta-feira,23:40:00,SC,101,"185,0",BIGUACU,Ingestão de álcool pelo condutor,Colisão com objeto,Sem Vítimas,Plena Noite,Decrescente,Chuva,Dupla,Retorno Regulamentado,Não,1,0,0,0,1,0,0,1,-27.42536698,-48.62465876,SPRF-SC,DEL01-SC,UOP01-DEL01-SC,2021
"399509,0",2021-12-03,sexta-feira,23:35:00,SC,101,"147,6",ITAPEMA,Velocidade Incompatível,Capotamento,Com Vítimas Feridas,Plena Noite,Crescente,Garoa/Chuvisco,Simples,Reta,Sim,1,0,1,0,0,0,1,1,-27.09237407,-48.61730888,SPRF-SC,DEL04-SC,UOP03-DEL04-SC,2021
"399511,0",2021-12-03,sexta-feira,23:00:00,SC,101,"335,0",TUBARAO,Desrespeitar a preferência no cruzamento,Colisão transversal,Com Vítimas Feridas,Plena Noite,Decrescente,Garoa/Chuvisco,Múltipla,Rotatória,Sim,3,0,1,1,1,0,2,2,-28.46927473,-49.01557908,SPRF-SC,DEL02-SC,UOP01-DEL02-SC,2021
"399514,0",2021-12-03,sexta-feira,21:44:00,SC,470,"92,2",APIUNA,Ingestão de álcool pelo condutor,Colisão traseira,Com Vítimas Fatais,Plena Noite,Crescente,Nublado,Simples,Reta,Não,3,1,0,0,1,1,0,3,-26.991677,-49.375137,SPRF-SC,DEL04-SC,UOP01-DEL04-SC,2021
"399517,0",2021-12-04,sábado,00:44:00,SC,101,"207,0",SAO JOSE,Reação tardia ou ineficiente do condutor,Queda de ocupante de veículo,Com Vítimas Feridas,Plena Noite,Crescente,Garoa/Chuvisco,Múltipla,Reta,Sim,2,0,1,0,1,0,1,2,-27.60001226,-48.6226467,SPRF-SC,DEL01-SC,UOP01-DEL01-SC,2021
"399519,0",2021-12-04,sábado,00:32:00,SC,101,"306,4",LAGUNA,Ausência de reação do condutor,Colisão com objeto,Com Vítimas Feridas,Plena Noite,Decrescente,Garoa/Chuvisco,Simples,Reta,Não,1,0,1,0,0,0,1,1,-28.38437001,-48.77113299,SPRF-SC,DEL02-SC,UOP03-DEL02-SC,2021
"399531,0",2021-12-04,sábado,02:30:00,SC,282,"17,0",PALHOCA,Ingestão de álcool pelo condutor,Colisão frontal,Com Vítimas Feridas,Plena Noite,Crescente,Garoa/Chuvisco,Simples,Reta,Sim,3,0,1,0,2,0,1,2,-27.665707,-48.688065,SPRF-SC,DEL01-SC,UOP02-DEL01-SC,2021
"399558,0",2021-12-04,sábado,05:20:00,SC,470,"25,6",ILHOTA,Ausência de reação do condutor,Saída de leito carroçável,Com Vítimas Feridas,Amanhecer,Crescente,Chuva,Dupla,Reta,Não,1,0,1,0,0,0,1,1,-26.883764,-48.865986,SPRF-SC,DEL04-SC,UOP04-DEL04-SC,2021
"399563,0",2021-12-04,sábado,05:15:00,SC,280,"58,8",GUARAMIRIM,Reação tardia ou ineficiente do condutor,Colisão com objeto,Com Vítimas Feridas,Pleno dia,Decrescente,Nublado,Simples,Curva,Sim,2,0,1,1,0,0,2,1,-26.47483715,-49.02983665,SPRF-SC,DEL03-SC,UOP03-DEL03-SC,2021
"399564,0",2021-12-04,sábado,05:20:00,SC,101,"87,4",BARRA VELHA,Desrespeitar a preferência no cruzamento,Colisão transversal,Com Vítimas Feridas,Amanhecer,Crescente,Nublado,Simples,Viaduto,Sim,2,0,1,0,1,0,1,2,-26.63713377,-48.69651057,SPRF-SC,DEL03-SC,UOP02-DEL03-SC,2021
"399594,0",2021-12-04,sábado,09:10:00,SC,282,"1,3",FLORIANOPOLIS,Mal súbito do condutor,Colisão com objeto,Com Vítimas Feridas,Pleno dia,Crescente,Céu Claro,Múltipla,Reta,Sim,1,0,1,0,0,0,1,1,-27.602955,-48.580509,SPRF-SC,DEL01-SC,UOP01-DEL01-SC,2021
"399599,0",2021-12-04,sábado,08:00:00,SC,282,"72,0",RANCHO QUEIMADO,Chuva,Saída de leito carroçável,Com Vítimas Feridas,Pleno dia,Decrescente,Chuva,Simples,Curva,Não,1,0,1,0,0,0,1,1,-27.683439,-49.105259,SPRF-SC,DEL01-SC,UOP03-DEL01-SC,2021
"399601,0",2021-12-04,sábado,10:30:00,SC,101,"206,3",SAO JOSE,Reação tardia ou ineficiente do condutor,Colisão traseira,Com Vítimas Feridas,Pleno dia,Crescente,Nublado,Dupla,Reta,Sim,6,0,1,1,4,0,2,5,-27.59193546,-48.61824557,SPRF-SC,DEL01-SC,UOP01-DEL01-SC,2021
"399602,0",2021-12-04,sábado,09:00:00,SC,470,"146,3",AGRONOMICA,Acessar a via sem observar a presença dos outros veículos,Colisão transversal,Com Vítimas Feridas,Plena Noite,Decrescente,Céu Claro,Simples,Interseção de Vias,Não,2,0,1,0,1,0,1,2,-27.240673,-49.685822,SPRF-SC,DEL04-SC,UOP02-DEL04-SC,2021
"399628,0",2021-12-04,sábado,13:00:00,SC,101,"204,3",SAO JOSE,Ausência de reação do condutor,Colisão traseira,Com Vítimas Feridas,Pleno dia,Crescente,Céu Claro,Múltipla,Reta,Sim,2,0,1,0,1,0,1,2,-27.57413014,-48.61363083,SPRF-SC,DEL01-SC,UOP01-DEL01-SC,2021
"399630,0",2021-12-04,sábado,11:00:00,SC,101,"418,0",ARARANGUA,Ausência de reação do condutor,Saída de leito carroçável,Com Vítimas Feridas,Pleno dia,Decrescente,Céu Claro,Dupla,Reta,Sim,2,0,2,0,0,0,2,1,-28.98593522,-49.54262674,SPRF-SC,DEL02-SC,UOP02-DEL02-SC,2021
"399674,0",2021-12-04,sábado,10:50:00,SC,280,"1,1",SAO FRANCISCO DO SUL,Pista Escorregadia,Saída de leito carroçável,Com Vítimas Feridas,Pleno dia,Crescente,Garoa/Chuvisco,Simples,Curva,Não,1,0,1,0,0,0,1,1,-26.23513098,-48.62815601,SPRF-SC,DEL03-SC,UOP03-DEL03-SC,2021
"399702,0",2021-12-04,sábado,19:20:00,SC,101,"388,3",CRICIUMA,Avarias e/ou desgaste excessivo no pneu,Tombamento,Com Vítimas Feridas,Plena Noite,Crescente,Nublado,Dupla,Reta,Não,2,0,2,0,0,0,2,1,-28.78529329,-49.33739925,SPRF-SC,DEL02-SC,UOP02-DEL02-SC,2021
"399714,0",2021-12-04,sábado,19:15:00,SC,280,"56,3",GUARAMIRIM,Reação tardia ou ineficiente do condutor,Tombamento,Com Vítimas Feridas,Plena Noite,Crescente,Céu Claro,Simples,Curva,Sim,1,0,0,1,0,0,1,1,-26.47937001,-49.00963426,SPRF-SC,DEL03-SC,UOP03-DEL03-SC,2021
"399715,0",2021-12-04,sábado,20:50:00,SC,101,"133,0",BALNEARIO CAMBORIU,Manobra de mudança de faixa,Tombamento,Com Vítimas Feridas,Plena Noite,Crescente,Nublado,Múltipla,Reta,Sim,1,0,1,0,0,0,1,1,-26.99936,-48.64609,SPRF-SC,DEL04-SC,UOP03-DEL04-SC,2021
"399744,0",2021-12-04,sábado,21:45:00,SC,101,"61,1",ARAQUARI,Ingestão de álcool pelo condutor,Colisão traseira,Com Vítimas Feridas,Plena Noite,Decrescente,Nublado,Dupla,Aclive,Não,2,0,1,0,1,0,1,2,-26.45474174,-48.77699195,SPRF-SC,DEL03-SC,UOP02-DEL03-SC,2021
"399758,0",2021-12-04,sábado,23:30:00,SC,101,"204,0",SAO JOSE,Ingestão de álcool pelo condutor,Colisão traseira,Sem Vítimas,Plena Noite,Decrescente,Céu Claro,Dupla,Reta,Sim,2,0,0,0,2,0,0,2,-27.57413014,-48.61363083,SPRF-SC,DEL01-SC,UOP01-DEL01-SC,2021
"399763,0",2021-12-04,sábado,23:50:00,SC,101,"416,0",ARARANGUA,Manobra de mudança de faixa,Colisão transversal,Com Vítimas Feridas,Plena Noite,Decrescente,Nublado,Simples,Reta,Sim,3,0,1,2,0,0,3,2,-28.97276073,-49.52877045,SPRF-SC,DEL02-SC,UOP02-DEL02-SC,2021
"399776,0",2021-12-05,domingo,01:15:00,SC,101,"309,0",LAGUNA,Ausência de reação do condutor,Atropelamento de Pedestre,Com Vítimas Fatais,Plena Noite,Decrescente,Céu Claro,Múltipla,Reta,Sim,2,1,0,0,0,1,0,2,-28.42306138,-48.79932761,SPRF-SC,DEL02-SC,UOP01-DEL02-SC,2021
"399777,0",2021-12-05,domingo,02:00:00,SC,101,"198,6",BIGUACU,Ingestão de álcool pelo condutor,Colisão com objeto,Sem Vítimas,Plena Noite,Decrescente,Céu Claro,Múltipla,Curva,Sim,1,0,0,0,1,0,0,1,-27.53143731,-48.63163054,SPRF-SC,DEL01-SC,UOP01-DEL01-SC,2021
"399789,0",2021-12-05,domingo,03:30:00,SC,101,"325,6",CAPIVARI DE BAIXO,Ausência de reação do condutor,Saída de leito carroçável,Com Vítimas Feridas,Plena Noite,Crescente,Céu Claro,Múltipla,Reta,Sim,2,0,1,0,1,0,1,1,-28.42524483,-48.94302707,SPRF-SC,DEL02-SC,UOP01-DEL02-SC,2021
"399799,0",2021-12-05,domingo,04:30:00,SC,101,"368,0",ICARA,Condutor Dormindo,Saída de leito carroçável,Com Vítimas Feridas,Amanhecer,Crescente,Céu Claro,Múltipla,Declive;Reta,Sim,4,0,3,0,1,0,3,1,-28.69764612,-49.18262601,SPRF-SC,DEL02-SC,UOP01-DEL02-SC,2021
"399813,0",2021-12-05,domingo,02:30:00,SC,282,"400,3",JOACABA,Condutor Dormindo,Colisão com objeto,Com Vítimas Feridas,Plena Noite,Decrescente,Céu Claro,Simples,Reta,Não,1,0,1,0,0,0,1,1,-27.132223,-51.627563,SPRF-SC,DEL07-SC,UOP05-DEL07-SC,2021
"399829,0",2021-12-05,domingo,07:00:00,SC,101,"215,0",PALHOCA,Condutor Dormindo,Queda de ocupante de veículo,Com Vítimas Feridas,Pleno dia,Crescente,Nublado,Múltipla,Reta,Sim,1,0,1,0,0,0,1,1,-27.65184843,-48.67604941,SPRF-SC,DEL01-SC,UOP02-DEL01-SC,2021
"399846,0",2021-12-05,domingo,07:15:00,SC,116,"0,8",MAFRA,Velocidade Incompatível,Colisão com objeto,Sem Vítimas,Pleno dia,Decrescente,Céu Claro,Simples,Curva,Sim,1,0,0,0,1,0,0,1,-26.108942,-49.784187,SPRF-SC,DEL06-SC,UOP01-DEL06-SC,2021
"399851,0",2021-12-05,domingo,09:45:00,SC,280,"52,0",GUARAMIRIM,Acesso irregular,Colisão transversal,Com Vítimas Feridas,Pleno dia,Decrescente,Nublado,Simples,Reta;Em Obras,Sim,3,0,1,1,1,0,2,2,-26.468904,-48.96492,SPRF-SC,DEL03-SC,UOP03-DEL03-SC,2021
"399860,0",2021-12-05,domingo,09:00:00,SC,470,"289,0",BRUNOPOLIS,Demais falhas mecânicas ou elétricas,Tombamento,Com Vítimas Feridas,Pleno dia,Crescente,Céu Claro,Simples,Reta,Não,3,0,2,0,1,0,2,2,-27.333546,-50.95219,SPRF-SC,DEL07-SC,UOP06-DEL07-SC,2021
"399866,0",2021-12-05,domingo,11:35:00,SC,101,"277,7",IMBITUBA,Reação tardia ou ineficiente do condutor,Saída de leito carroçável,Com Vítimas Feridas,Pleno dia,Crescente,Sol,Dupla,Reta,Não,2,0,1,0,1,0,1,1,-28.17458536,-48.69509214,SPRF-SC,DEL02-SC,UOP03-DEL02-SC,2021
"399905,0",2021-12-05,domingo,15:00:00,SC,282,"380,0",HERVAL DOESTE,Ausência de reação do condutor,Saída de leito carroçável,Com Vítimas Feridas,Pleno dia,Crescente,Céu Claro,Simples,Reta,Não,4,0,3,0,1,0,3,1,-27.213797,-51.499413,SPRF-SC,DEL07-SC,UOP05-DEL07-SC,2021
"399911,0",2021-12-05,domingo,17:00:00,SC,101,"227,3",PALHOCA,Chuva,Tombamento,Com Vítimas Feridas,Pleno dia,Decrescente,Chuva,Múltipla,Viaduto,Sim,1,0,0,1,0,0,1,1,-27.7509149,-48.63460277,SPRF-SC,DEL01-SC,UOP02-DEL01-SC,2021
"399914,0",2021-12-05,domingo,17:00:00,SC,280,"190,7",MAFRA,Ausência de reação do condutor,Tombamento,Com Vítimas Feridas,Pleno dia,Crescente,Céu Claro,Simples,Curva,Não,1,0,1,0,0,0,1,1,-26.17943391,-49.97899632,SPRF-SC,DEL06-SC,UOP01-DEL06-SC,2021
"399932,0",2021-12-05,domingo,18:30:00,SC,280,"26,0",ARAQUARI,Acessar a via sem observar a presença dos outros veículos,Colisão frontal,Com Vítimas Feridas,Plena Noite,Decrescente,Nublado,Simples,Reta,Sim,4,0,2,0,2,0,2,3,-26.38972308,-48.73411593,SPRF-SC,DEL03-SC,UOP03-DEL03-SC,2021
"399943,0",2021-12-05,domingo,16:50:00,SC,101,"73,0",ARAQUARI,Ausência de reação do condutor,Colisão lateral mesmo sentido,Com Vítimas Feridas,Pleno dia,Decrescente,Nublado,Dupla,Reta,Não,2,0,1,0,1,0,1,2,-26.53567108,-48.71326731,SPRF-SC,DEL03-SC,UOP02-DEL03-SC,2021
"399950,0",2021-12-05,domingo,16:20:00,SC,282,"136,4",BOM RETIRO,Velocidade Incompatível,Saída de leito carroçável,Sem Vítimas,Pleno dia,Decrescente,Nublado,Simples,Rotatória,Não,1,0,0,0,1,0,0,1,-27.82275704,-49.57005501,SPRF-SC,DEL05-SC,UOP01-DEL05-SC,2021
"399963,0",2021-12-05,domingo,16:25:00,SC,470,"212,8",SAO CRISTOVAO DO SUL,Pista Escorregadia,Saída de leito carroçável,Com Vítimas Feridas,Pleno dia,Decrescente,Chuva,Simples,Reta,Não,1,0,1,0,0,0,1,1,-27.309645,-50.237347,SPRF-SC,DEL05-SC,UOP03-DEL05-SC,2021
"399975,0",2021-12-05,domingo,20:10:00,SC,282,"451,9",PONTE SERRADA,Velocidade Incompatível,Capotamento,Sem Vítimas,Plena Noite,Crescente,Nublado,Simples,Curva,Não,1,0,0,0,1,0,0,1,-26.912806,-51.962536,SPRF-SC,DEL07-SC,UOP04-DEL07-SC,2021
"399983,0",2021-12-05,domingo,22:25:00,SC,101,"147,0",ITAPEMA,Manobra de mudança de faixa,Colisão lateral mesmo sentido,Com Vítimas Feridas,Plena Noite,Crescente,Nublado,Múltipla,Reta,Sim,2,0,1,0,1,0,1,2,-27.09237407,-48.61730888,SPRF-SC,DEL04-SC,UOP03-DEL04-SC,2021
"399993,0",2021-12-05,domingo,22:50:00,SC,101,"211,0",PALHOCA,Ingestão de álcool pelo condutor,Saída de leito carroçável,Sem Vítimas,Plena Noite,Decrescente,Chuva,Dupla,Reta,Sim,1,0,0,0,1,0,0,1,-27.62329313,-48.65245588,SPRF-SC,DEL01-SC,UOP02-DEL01-SC,2021
"399998,0",2021-12-05,domingo,19:30:00,SC,282,"465,7",PASSOS MAIA,Ausência de reação do condutor,Saída de leito carroçável,Com Vítimas Feridas,Plena Noite,Decrescente,Céu Claro,Simples,Declive;Curva,Não,3,0,3,0,0,0,3,1,-26.853325,-52.07745,SPRF-SC,DEL07-SC,UOP04-DEL07-SC,2021
"400060,0",2021-10-16,sábado,03:20:00,SC,101,"209,0",SAO JOSE,Ingestão de álcool pelo condutor,Colisão traseira,Com Vítimas Feridas,Plena Noite,Crescente,Nublado,Múltipla,Reta,Sim,5,0,1,0,4,0,1,5,-27.61000542,-48.63895057,SPRF-SC,DEL01-SC,UOP01-DEL01-SC,2021
"400072,0",2021-12-06,segunda-feira,08:22:00,SC,101,"10,1",GARUVA,Manobra de mudança de faixa,Colisão lateral mesmo sentido,Com Vítimas Feridas,Pleno dia,Crescente,Chuva,Dupla,Reta,Sim,2,0,1,0,1,0,1,2,-26.063011,-48.86020605,SPRF-SC,DEL03-SC,UOP01-DEL03-SC,2021
"400082,0",2021-12-06,segunda-feira,06:55:00,SC,282,"616,1",IRACEMINHA,Demais falhas mecânicas ou elétricas,Queda de ocupante de veículo,Com Vítimas Feridas,Pleno dia,Decrescente,Céu Claro,Simples,Curva,Não,2,0,2,0,0,0,2,1,-26.781301,-53.27676,SPRF-SC,DEL07-SC,UOP02-DEL07-SC,2021
"400085,0",2021-12-06,segunda-feira,08:20:00,SC,280,"31,0",ARAQUARI,Desrespeitar a preferência no cruzamento,Colisão lateral mesmo sentido,Com Vítimas Feridas,Pleno dia,Crescente,Chuva,Simples,Rotatória,Não,2,0,1,0,1,0,1,2,-26.41649938,-48.77181215,SPRF-SC,DEL03-SC,UOP03-DEL03-SC,2021
"400117,0",2021-12-06,segunda-feira,08:40:00,SC,101,"323,8",CAPIVARI DE BAIXO,Acumulo de água sobre o pavimento,Colisão com objeto,Sem Vítimas,Pleno dia,Crescente,Chuva,Dupla,Curva;Declive,Não,1,0,0,0,1,0,0,1,-28.42461823,-48.93859863,SPRF-SC,DEL02-SC,UOP01-DEL02-SC,2021
"400148,0",2021-12-06,segunda-feira,13:15:00,SC,101,"126,0",ITAJAI,Reação tardia ou ineficiente do condutor,Colisão traseira,Com Vítimas Feridas,Pleno dia,Decrescente,Céu Claro,Dupla,Reta;Declive,Não,3,0,2,0,1,0,2,2,-26.95564404,-48.67978366,SPRF-SC,DEL04-SC,UOP04-DEL04-SC,2021
"400164,0",2021-12-06,segunda-feira,15:20:00,SC,101,"210,6",SAO JOSE,Demais falhas mecânicas ou elétricas,Engavetamento,Com Vítimas Feridas,Pleno dia,Crescente,Céu Claro,Dupla,Reta,Sim,4,0,2,1,1,0,3,3,-27.6167305,-48.6457265,SPRF-SC,DEL01-SC,UOP01-DEL01-SC,2021
"400169,0",2021-12-06,segunda-feira,16:00:00,SC,101,"143,0",ITAPEMA,Velocidade Incompatível,Tombamento,Com Vítimas Feridas,Pleno dia,Decrescente,Chuva,Dupla,Reta,Não,2,0,2,0,0,0,2,1,-27.06436,-48.59599405,SPRF-SC,DEL04-SC,UOP03-DEL04-SC,2021
"400170,0",2021-12-06,segunda-feira,16:18:00,SC,101,"210,6",SAO JOSE,Reação tardia ou ineficiente do condutor,Colisão com objeto,Com Vítimas Feridas,Pleno dia,Decrescente,Nublado,Dupla,Reta,Sim,1,0,1,0,0,0,1,1,-27.6167305,-48.6457265,SPRF-SC,DEL01-SC,UOP01-DEL01-SC,2021
"400173,0",2021-12-06,segunda-feira,14:00:00,SC,282,"617,5",IRACEMINHA,Condutor Dormindo,Saída de leito carroçável,Com Vítimas Feridas,Pleno dia,Crescente,Sol,Simples,Curva;Aclive,Não,2,0,2,0,0,0,2,1,-26.78304674,-53.28766108,SPRF-SC,DEL07-SC,UOP02-DEL07-SC,2021
"400178,0",2021-12-06,segunda-feira,13:00:00,SC,282,"267,0",SAO JOSE DO CERRITO,Reação tardia ou ineficiente do condutor,Saída de leito carroçável,Com Vítimas Feridas,Pleno dia,Decrescente,Sol,Simples,Curva,Não,3,0,2,0,1,0,2,1,-27.624544,-50.651848,SPRF-SC,DEL05-SC,UOP02-DEL05-SC,2021
"400190,0",2021-12-06,segunda-feira,17:15:00,SC,470,"64,0",INDAIAL,Área urbana sem a presença de local apropriado para a travessia de pedestres,Atropelamento de Pedestre,Com Vítimas Feridas,Pleno dia,Crescente,Chuva,Simples,Reta,Sim,4,0,1,0,3,0,1,2,-26.869867,-49.201859,SPRF-SC,DEL04-SC,UOP01-DEL04-SC,2021
"400199,0",2021-12-06,segunda-feira,17:25:00,SC,470,"135,8",RIO DO SUL,Acessar a via sem observar a presença dos outros veículos,Colisão transversal,Com Vítimas Feridas,Pleno dia,Decrescente,Céu Claro,Simples,Reta,Não,2,0,1,0,1,0,1,2,-27.188492,-49.61232,SPRF-SC,DEL04-SC,UOP02-DEL04-SC,2021
"400202,0",2021-12-06,segunda-feira,19:00:00,SC,101,"203,0",SAO JOSE,Trafegar com motocicleta (ou similar) entre as faixas,Colisão lateral mesmo sentido,Com Vítimas Feridas,Plena Noite,Crescente,Nublado,Múltipla,Reta,Sim,2,0,1,0,1,0,1,2,-27.5650044,-48.61460082,SPRF-SC,DEL01-SC,UOP01-DEL01-SC,2021
"400207,0",2021-12-06,segunda-feira,17:40:00,SC,101,"145,0",ITAPEMA,Reação tardia ou ineficiente do condutor,Tombamento,Com Vítimas Feridas,Pleno dia,Decrescente,Chuva,Dupla,Reta,Sim,1,0,1,0,0,0,1,1,-27.08139206,-48.60130993,SPRF-SC,DEL04-SC,UOP03-DEL04-SC,2021
"400214,0",2021-12-06,segunda-feira,17:00:00,SC,282,"463,0",PONTE SERRADA,Acessar a via sem observar a presença dos outros veículos,Colisão transversal,Com Vítimas Feridas,Pleno dia,Crescente,Céu Claro,Simples,Rotatória,Sim,6,0,1,0,5,0,1,2,-26.85591067,-52.03200102,SPRF-SC,DEL07-SC,UOP04-DEL07-SC,2021
"400234,0",2021-12-07,terça-feira,01:20:00,SC,282,"50,0",AGUAS MORNAS,Velocidade Incompatível,Saída de leito carroçável,Com Vítimas Feridas,Plena Noite,Decrescente,Chuva,Simples,Curva,Não,1,0,1,0,0,0,1,1,-27.708536,-48.952251,SPRF-SC,DEL01-SC,UOP03-DEL01-SC,2021
"400254,0",2021-12-07,terça-feira,03:00:00,SC,282,"83,0",ALFREDO WAGNER,Curva acentuada,Saída de leito carroçável,Com Vítimas Feridas,Plena Noite,Crescente,Chuva,Simples,Curva;Declive,Não,1,0,0,1,0,0,1,1,-27.666153,-49.175022,SPRF-SC,DEL01-SC,UOP03-DEL01-SC,2021
"400259,0",2021-12-07,terça-feira,06:15:00,SC,280,"30,0",ARAQUARI,Acessar a via sem observar a presença dos outros veículos,Colisão frontal,Com Vítimas Feridas,Pleno dia,Crescente,Chuva,Simples,Reta,Sim,2,0,1,0,1,0,1,2,-26.416388,-48.771286,SPRF-SC,DEL03-SC,UOP03-DEL03-SC,2021
"400265,0",2021-12-07,terça-feira,07:40:00,SC,470,"126,1",LONTRAS,Avarias e/ou desgaste excessivo no pneu,Colisão frontal,Com Vítimas Feridas,Pleno dia,Crescente,Céu Claro,Simples,Declive;Curva,Não,3,0,2,0,1,0,2,2,-27.143742,-49.548897,SPRF-SC,DEL04-SC,UOP02-DEL04-SC,2021
"400266,0",2021-12-07,terça-feira,06:30:00,SC,280,"115,6",SAO BENTO DO SUL,Velocidade Incompatível,Saída de leito carroçável,Com Vítimas Feridas,Pleno dia,Decrescente,Céu Claro,Simples,Reta,Não,1,0,1,0,0,0,1,1,-26.284761,-49.408313,SPRF-SC,DEL06-SC,UOP03-DEL06-SC,2021
"400289,0",2021-12-07,terça-feira,06:50:00,SC,282,"551,5",NOVA ITABERABA,Mal súbito do condutor,Colisão com objeto,Com Vítimas Feridas,Pleno dia,Crescente,Sol,Simples,Curva,Não,1,0,1,0,0,0,1,1,-26.951487,-52.778172,SPRF-SC,DEL07-SC,UOP01-DEL07-SC,2021
"400312,0",2021-12-07,terça-feira,10:30:00,SC,153,"58,7",IRANI,Acessar a via sem observar a presença dos outros veículos,Colisão transversal,Com Vítimas Feridas,Pleno dia,Decrescente,Céu Claro,Simples,Interseção de Vias,Não,3,0,2,0,1,0,2,2,-26.964373,-51.841362,SPRF-SC,DEL07-SC,UOP04-DEL07-SC,2021
"400315,0",2021-12-07,terça-feira,12:30:00,SC,163,"75,8",GUARACIABA,Reação tardia ou ineficiente do condutor,Saída de leito carroçável,Com Vítimas Feridas,Pleno dia,Crescente,Céu Claro,Simples,Reta,Não,2,0,1,0,0,1,1,2,-26.69161825,-53.51476908,SPRF-SC,DEL07-SC,UOP03-DEL07-SC,2021
"400357,0",2021-12-07,terça-feira,17:10:00,SC,101,"144,0",ITAPEMA,Ausência de reação do condutor,Colisão traseira,Com Vítimas Feridas,Pleno dia,Decrescente,Céu Claro,Dupla,Reta,Sim,2,0,1,0,1,0,1,2,-27.0732659,-48.59672716,SPRF-SC,DEL04-SC,UOP03-DEL04-SC,2021
"400358,0",2021-12-07,terça-feira,08:15:00,SC,153,"20,4",AGUA DOCE,Velocidade Incompatível,Capotamento,Com Vítimas Feridas,Pleno dia,Decrescente,Céu Claro,Simples,Reta,Não,1,0,1,0,0,0,1,1,-26.721537,-51.624969,SPRF-SC,DEL07-SC,UOP05-DEL07-SC,2021
"400362,0",2021-12-07,terça-feira,17:10:00,SC,470,"58,3",BLUMENAU,Ausência de reação do condutor,Colisão transversal,Com Vítimas Feridas,Pleno dia,Decrescente,Céu Claro,Simples,Retorno Regulamentado,Não,2,0,0,1,1,0,1,2,-26.883879,-49.145622,SPRF-SC,DEL04-SC,UOP01-DEL04-SC,2021
"400366,0",2021-12-07,terça-feira,18:10:00,SC,101,"108,7",PENHA,Demais falhas mecânicas ou elétricas,Queda de ocupante de veículo,Com Vítimas Feridas,Pleno dia,Crescente,Sol,Dupla,Reta,Não,2,0,2,0,0,0,2,1,-26.82606902,-48.69052298,SPRF-SC,DEL03-SC,UOP02-DEL03-SC,2021
"400369,0",2021-12-07,terça-feira,18:10:00,SC,101,"202,0",SAO JOSE,Reação tardia ou ineficiente do condutor,Colisão traseira,Com Vítimas Feridas,Anoitecer,Crescente,Nublado,Múltipla,Reta,Sim,2,0,1,1,0,0,2,2,-27.55711595,-48.61897889,SPRF-SC,DEL01-SC,UOP01-DEL01-SC,2021