id,data_inversa,dia_semana,horario,uf,br,km,municipio,causa_acidente,tipo_acidente,classificacao_acidente,fase_dia,sentido_via,condicao_metereologica,tipo_pista,tracado_via,uso_solo,pessoas,mortos,feridos_leves,feridos_graves,ilesos,ignorados,feridos,veiculos,latitude,longitude,regional,delegacia,uop,ano_arquivo
"403012,0",2021-12-20,segunda-feira,10:00:00,SC,101,"207,0",SAO JOSE,Ausência de reação do condutor,Colisão traseira,Com Vítimas Feridas,Pleno dia,Crescente,Céu Claro,Múltipla,Aclive,Sim,4,0,1,0,3,0,1,3,-27.60001226,-48.6226467,SPRF-SC,DEL01-SC,UOP01-DEL01-SC,2021
"403039,0",2021-12-20,segunda-feira,13:30:00,SC,101,"215,9",PALHOCA,Demais falhas mecânicas ou elétricas,Tombamento,Com Vítimas Feridas,Pleno dia,Crescente,Sol,Múltipla,Reta,Sim,2,0,1,1,0,0,2,1,-27.65988309,-48.67745876,SPRF-SC,DEL01-SC,UOP02-DEL01-SC,2021
"403051,0",2021-12-20,segunda-feira,15:00:00,SC,101,"201,6",SAO JOSE,Manobra de mudança de faixa,Colisão lateral mesmo sentido,Com Vítimas Feridas,Pleno dia,Crescente,Céu Claro,Múltipla,Reta,Sim,2,0,1,0,1,0,1,2,-27.54836599,-48.61977975,SPRF-SC,DEL01-SC,UOP01-DEL01-SC,2021
"403053,0",2021-12-20,segunda-feira,14:30:00,SC,101,"216,0",PALHOCA,Ausência de reação do condutor,Saída de leito carroçável,Sem Vítimas,Pleno dia,Decrescente,Sol,Dupla,Reta,Sim,1,0,0,0,0,1,0,1,-27.65981409,-48.67747798,SPRF-SC,DEL01-SC,UOP02-DEL01-SC,2021
"403068,0",2021-12-20,segunda-feira,16:15:00,SC,282,"618,7",IRACEMINHA,Velocidade Incompatível,Saída de leito carroçável,Com Vítimas Feridas,Pleno dia,Crescente,Chuva,Simples,Curva;Declive,Não,1,0,0,1,0,0,1,1,-26.79442464,-53.29845428,SPRF-SC,DEL07-SC,UOP02-DEL07-SC,2021
"403070,0",2021-12-20,segunda-feira,15:50:00,SC,101,"108,2",PENHA,Reação tardia ou ineficiente do condutor,Colisão lateral mesmo sentido,Com Vítimas Feridas,Pleno dia,Decrescente,Céu Claro,Dupla,Reta,Não,2,0,1,0,0,1,1,2,-26.82606902,-48.69052298,SPRF-SC,DEL03-SC,UOP02-DEL03-SC,2021
"403071,0",2021-12-20,segunda-feira,16:45:00,SC,470,"63,3",INDAIAL,Conversão proibida,Colisão transversal,Com Vítimas Feridas,Pleno dia,Crescente,Sol,Simples,Aclive,Sim,3,0,2,0,1,0,2,2,-26.872396,-49.19228,SPRF-SC,DEL04-SC,UOP01-DEL04-SC,2021
"403083,0",2021-12-20,segunda-feira,18:30:00,SC,282,"1,8",FLORIANOPOLIS,Condutor deixou de manter distância do veículo da frente,Colisão traseira,Com Vítimas Feridas,Anoitecer,Crescente,Nublado,Dupla,Reta,Sim,2,0,1,0,1,0,1,2,-27.602955,-48.580509,SPRF-SC,DEL01-SC,UOP01-DEL01-SC,2021
"403090,0",2021-12-20,segunda-feira,13:40:00,SC,282,"362,2",ERVAL VELHO,Velocidade Incompatível,Colisão com objeto,Com Vítimas Feridas,Pleno dia,Decrescente,Céu Claro,Simples,Reta,Não,2,0,2,0,0,0,2,1,-27.304995,-51.38102,SPRF-SC,DEL07-SC,UOP05-DEL07-SC,2021
"403093,0",2021-12-20,segunda-feira,18:00:00,SC,101,"120,1",ITAJAI,Manobra de mudança de faixa,Colisão lateral mesmo sentido,Com Vítimas Feridas,Anoitecer,Decrescente,Céu Claro,Dupla,Reta,Não,3,0,1,0,2,0,1,2,-26.912758,-48.711998,SPRF-SC,DEL04-SC,UOP04-DEL04-SC,2021
"403094,0",2021-12-20,segunda-feira,16:35:00,SC,470,"21,9",ILHOTA,Conversão proibida,Colisão lateral mesmo sentido,Com Vítimas Feridas,Pleno dia,Decrescente,Céu Claro,Simples,Em Obras;Reta,Não,2,0,1,0,1,0,1,2,-26.876698,-48.827362,SPRF-SC,DEL04-SC,UOP04-DEL04-SC,2021
"403139,0",2021-12-21,terça-feira,04:00:00,SC,101,"134,0",BALNEARIO CAMBORIU,Ingestão de álcool pelo condutor,Colisão traseira,Com Vítimas Feridas,Plena Noite,Crescente,Nublado,Dupla,Reta,Não,2,0,1,0,1,0,1,2,-27.00218,-48.636433,SPRF-SC,DEL04-SC,UOP03-DEL04-SC,2021
"403161,0",2021-12-21,terça-feira,07:20:00,SC,480,"123,5",CHAPECO,Condutor deixou de manter distância do veículo da frente,Colisão traseira,Sem Vítimas,Pleno dia,Decrescente,Sol,Dupla,Interseção de Vias,Não,2,0,0,0,2,0,0,2,-26.99739704,-52.64201951,SPRF-SC,DEL07-SC,UOP01-DEL07-SC,2021
"403164,0",2021-12-21,terça-feira,08:00:00,SC,101,"199,0",BIGUACU,Condutor deixou de manter distância do veículo da frente,Colisão traseira,Sem Vítimas,Pleno dia,Crescente,Céu Claro,Dupla,Reta,Sim,2,0,0,0,2,0,0,1,-27.53413705,-48.63003205,SPRF-SC,DEL01-SC,UOP01-DEL01-SC,2021
"403170,0",2021-12-21,terça-feira,09:25:00,SC,101,"117,2",ITAJAI,Pedestre cruzava a pista fora da faixa,Atropelamento de Pedestre,Com Vítimas Feridas,Pleno dia,Decrescente,Sol,Múltipla,Reta,Sim,2,0,0,1,1,0,1,2,-26.88747187,-48.72252969,SPRF-SC,DEL04-SC,UOP04-DEL04-SC,2021
"403177,0",2021-12-21,terça-feira,10:20:00,SC,280,"28,0",ARAQUARI,Demais falhas na via,Tombamento,Com Vítimas Feridas,Pleno dia,Crescente,Céu Claro,Simples,Reta,Sim,1,0,1,0,0,0,1,1,-26.40450077,-48.74561031,SPRF-SC,DEL03-SC,UOP03-DEL03-SC,2021
"403201,0",2021-12-21,terça-feira,13:45:00,SC,101,"150,0",ITAPEMA,Trafegar com motocicleta (ou similar) entre as faixas,Colisão transversal,Com Vítimas Feridas,Pleno dia,Crescente,Nublado,Múltipla,Reta,Sim,3,0,1,0,1,1,1,2,-27.11744799,-48.60940987,SPRF-SC,DEL04-SC,UOP03-DEL04-SC,2021
"403206,0",2021-12-21,terça-feira,12:00:00,SC,101,"436,0",SOMBRIO,Ingestão de álcool pelo condutor,Colisão transversal,Sem Vítimas,Pleno dia,Crescente,Céu Claro,Simples,Interseção de Vias,Sim,2,0,0,0,2,0,0,2,-29.10817487,-49.63739835,SPRF-SC,DEL02-SC,UOP02-DEL02-SC,2021
"403219,0",2021-12-21,terça-feira,17:15:00,SC,101,"101,2",BALNEARIO PICARRAS,Ausência de reação do condutor,Colisão lateral mesmo sentido,Com Vítimas Feridas,Pleno dia,Crescente,Nublado,Múltipla,Reta;Aclive,Sim,2,0,1,0,1,0,1,2,-26.76404198,-48.68657667,SPRF-SC,DEL03-SC,UOP02-DEL03-SC,2021
"403237,0",2021-12-21,terça-feira,19:00:00,SC,470,"70,5",INDAIAL,Acessar a via sem observar a presença dos outros veículos,Colisão transversal,Com Vítimas Feridas,Anoitecer,Crescente,Chuva,Simples,Em Obras;Reta,Sim,2,0,1,0,1,0,1,2,-26.889374,-49.254478,SPRF-SC,DEL04-SC,UOP01-DEL04-SC,2021
"403245,0",2021-12-21,terça-feira,15:45:00,SC,101,"339,0",TUBARAO,Desrespeitar a preferência no cruzamento,Colisão transversal,Com Vítimas Feridas,Pleno dia,Decrescente,Sol,Simples,Interseção de Vias,Sim,2,0,2,0,0,0,2,2,-28.50701388,-49.04914856,SPRF-SC,DEL02-SC,UOP01-DEL02-SC,2021
"403250,0",2021-12-21,terça-feira,19:50:00,SC,101,"457,0",SAO JOAO DO SUL,Ausência de reação do condutor,Queda de ocupante de veículo,Com Vítimas Feridas,Plena Noite,Decrescente,Nublado,Dupla,Reta,Não,1,0,1,0,0,0,1,1,-29.2321129,-49.7583037,SPRF-SC,DEL02-SC,UOP02-DEL02-SC,2021
"403258,0",2021-12-21,terça-feira,15:50:00,SC,282,"84,0",ALFREDO WAGNER,Reação tardia ou ineficiente do condutor,Saída de leito carroçável,Com Vítimas Feridas,Pleno dia,Crescente,Chuva,Simples,Curva;Declive,Não,5,0,4,1,0,0,5,1,-27.666992,-49.183552,SPRF-SC,DEL01-SC,UOP03-DEL01-SC,2021
"403281,0",2021-12-22,quarta-feira,01:50:00,SC,101,"132,8",BALNEARIO CAMBORIU,Desrespeitar a preferência no cruzamento,Colisão transversal,Com Vítimas Feridas,Plena Noite,Crescente,Céu Claro,Múltipla,Interseção de Vias,Sim,2,0,0,1,1,0,1,2,-26.99654133,-48.65564711,SPRF-SC,DEL04-SC,UOP03-DEL04-SC,2021
"403305,0",2021-12-22,quarta-feira,07:55:00,SC,101,"123,0",ITAJAI,Acumulo de areia ou detritos sobre o pavimento,Derramamento de carga,Com Vítimas Feridas,Pleno dia,Crescente,Céu Claro,Dupla,Reta,Sim,3,0,2,0,1,0,2,2,-26.93668609,-48.69876905,SPRF-SC,DEL04-SC,UOP04-DEL04-SC,2021
"403311,0",2021-12-22,quarta-feira,07:15:00,SC,282,"533,0",CORDILHEIRA ALTA,Obstrução na via,Colisão traseira,Com Vítimas Feridas,Pleno dia,Decrescente,Céu Claro,Simples,Reta,Sim,3,0,0,1,2,0,1,2,-26.995323,-52.625305,SPRF-SC,DEL07-SC,UOP01-DEL07-SC,2021
"403318,0",2021-12-22,quarta-feira,09:40:00,SC,470,"56,0",BLUMENAU,Desrespeitar a preferência no cruzamento,Colisão transversal,Com Vítimas Feridas,Pleno dia,Crescente,Céu Claro,Simples,Reta,Sim,2,0,1,0,1,0,1,2,-26.87737883,-49.12991575,SPRF-SC,DEL04-SC,UOP01-DEL04-SC,2021
"403321,0",2021-12-22,quarta-feira,09:45:00,SC,470,"147,0",RIO DO SUL,Conversão proibida,Colisão transversal,Com Vítimas Feridas,Pleno dia,Crescente,Sol,Simples,Reta,Sim,2,0,1,0,1,0,1,2,-27.24243687,-49.6884281,SPRF-SC,DEL04-SC,UOP02-DEL04-SC,2021
"403329,0",2021-12-22,quarta-feira,09:15:00,SC,101,"347,7",JAGUARUNA,Manobra de mudança de faixa,Atropelamento de Pedestre,Com Vítimas Feridas,Pleno dia,Decrescente,Céu Claro,Dupla,Declive;Curva;Em Obras,Sim,3,0,1,0,1,1,1,2,-28.57999948,-49.05183077,SPRF-SC,DEL02-SC,UOP01-DEL02-SC,2021
"403358,0",2021-12-22,quarta-feira,14:20:00,SC,163,"70,4",SAO MIGUEL DO OESTE,Condutor deixou de manter distância do veículo da frente,Colisão traseira,Com Vítimas Feridas,Pleno dia,Crescente,Céu Claro,Dupla,Interseção de Vias;Curva,Sim,2,0,1,0,1,0,1,2,-26.73220578,-53.51017714,SPRF-SC,DEL07-SC,UOP03-DEL07-SC,2021
"403364,0",2021-12-22,quarta-feira,14:00:00,SC,282,"396,2",JOACABA,Ausência de reação do condutor,Colisão frontal,Com Vítimas Feridas,Pleno dia,Crescente,Céu Claro,Simples,Reta;Aclive,Não,3,0,2,0,1,0,2,2,-27.155375,-51.601593,SPRF-SC,DEL07-SC,UOP05-DEL07-SC,2021
"403371,0",2021-12-22,quarta-feira,16:20:00,SC,101,"126,0",ITAJAI,Reação tardia ou ineficiente do condutor,Colisão traseira,Com Vítimas Feridas,Pleno dia,Crescente,Chuva,Dupla,Reta,Não,3,0,2,0,1,0,2,2,-26.95564404,-48.67978366,SPRF-SC,DEL04-SC,UOP04-DEL04-SC,2021
"403396,0",2021-12-22,quarta-feira,18:10:00,SC,282,"17,7",PALHOCA,Condutor deixou de manter distância do veículo da frente,Colisão traseira,Com Vítimas Feridas,Anoitecer,Decrescente,Céu Claro,Simples,Reta,Não,2,0,1,0,1,0,1,2,-27.665707,-48.688065,SPRF-SC,DEL01-SC,UOP02-DEL01-SC,2021
"403405,0",2021-12-22,quarta-feira,18:05:00,SC,101,"6,3",GARUVA,Condutor deixou de manter distância do veículo da frente,Colisão traseira,Com Vítimas Feridas,Pleno dia,Crescente,Chuva,Dupla,Declive;Reta;Viaduto,Sim,4,0,0,1,1,2,1,4,-26.02692002,-48.86142017,SPRF-SC,DEL03-SC,UOP01-DEL03-SC,2021
"403411,0",2021-12-22,quarta-feira,15:00:00,SC,282,"457,0",PONTE SERRADA,Acumulo de água sobre o pavimento,Saída de leito carroçável,Com Vítimas Feridas,Pleno dia,Crescente,Chuva,Simples,Reta,Não,1,0,1,0,0,0,1,1,-26.880604,-52.013371,SPRF-SC,DEL07-SC,UOP04-DEL07-SC,2021
"403419,0",2021-12-22,quarta-feira,18:30:00,SC,470,"48,0",BLUMENAU,Acumulo de água sobre o pavimento,Tombamento,Com Vítimas Feridas,Anoitecer,Decrescente,Garoa/Chuvisco,Simples,Reta,Não,1,0,0,1,0,0,1,1,-26.859823,-49.055393,SPRF-SC,DEL04-SC,UOP01-DEL04-SC,2021
"403433,0",2021-12-22,quarta-feira,20:15:00,SC,470,"140,4",RIO DO SUL,Transitar no acostamento,Colisão frontal,Com Vítimas Feridas,Plena Noite,Crescente,Céu Claro,Simples,Reta,Não,2,0,0,1,1,0,1,2,-27.222485,-49.662827,SPRF-SC,DEL04-SC,UOP02-DEL04-SC,2021
"403451,0",2021-12-22,quarta-feira,17:20:00,SC,116,"69,0",MONTE CASTELO,Mal súbito do condutor,Saída de leito carroçável,Sem Vítimas,Pleno dia,Crescente,Garoa/Chuvisco,Simples,Rotatória,Sim,1,0,0,0,1,0,0,1,-26.46114145,-50.22928834,SPRF-SC,DEL06-SC,UOP02-DEL06-SC,2021
"403475,0",2021-12-23,quinta-feira,01:20:00,SC,101,"203,0",SAO JOSE,Condutor Dormindo,Colisão com objeto,Com Vítimas Feridas,Plena Noite,Decrescente,Nublado,Múltipla,Curva,Sim,1,0,1,0,0,0,1,1,-27.5650044,-48.61460082,SPRF-SC,DEL01-SC,UOP01-DEL01-SC,2021
"403496,0",2021-12-23,quinta-feira,02:10:00,SC,101,"80,5",ARAQUARI,Ingestão de álcool pelo condutor,Saída de leito carroçável,Sem Vítimas,Plena Noite,Decrescente,Céu Claro,Dupla,Curva,Não,1,0,0,0,1,0,0,1,-26.59441996,-48.72183309,SPRF-SC,DEL03-SC,UOP02-DEL03-SC,2021
"403513,0",2021-12-23,quinta-feira,08:00:00,SC,470,"136,9",RIO DO SUL,Condutor deixou de manter distância do veículo da frente,Colisão traseira,Com Vítimas Feridas,Pleno dia,Crescente,Céu Claro,Simples,Reta,Não,2,0,1,0,1,0,1,2,-27.194323,-49.624554,SPRF-SC,DEL04-SC,UOP02-DEL04-SC,2021
"403517,0",2021-12-23,quinta-feira,07:20:00,SC,280,"35,7",ARAQUARI,Conversão proibida,Colisão transversal,Com Vítimas Feridas,Pleno dia,Crescente,Céu Claro,Simples,Interseção de Vias,Não,4,0,1,0,3,0,1,2,-26.43447549,-48.80453914,SPRF-SC,DEL03-SC,UOP03-DEL03-SC,2021
"403520,0",2021-12-23,quinta-feira,09:00:00,SC,101,"116,0",ITAJAI,Velocidade Incompatível,Colisão traseira,Com Vítimas Feridas,Pleno dia,Decrescente,Céu Claro,Múltipla,Reta,Não,4,0,1,0,3,0,1,3,-26.87905605,-48.72603512,SPRF-SC,DEL04-SC,UOP04-DEL04-SC,2021
"403524,0",2021-12-23,quinta-feira,09:00:00,SC,282,"217,9",LAGES,Trafegar com motocicleta (ou similar) entre as faixas,Tombamento,Com Vítimas Feridas,Pleno dia,Decrescente,Sol,Dupla,Reta,Sim,1,0,1,0,0,0,1,1,-27.797916,-50.302944,SPRF-SC,DEL05-SC,UOP01-DEL05-SC,2021
"403560,0",2021-12-23,quinta-feira,12:00:00,SC,101,"210,0",SAO JOSE,Condutor deixou de manter distância do veículo da frente,Colisão lateral mesmo sentido,Com Vítimas Feridas,Pleno dia,Crescente,Céu Claro,Múltipla,Reta,Sim,4,0,2,0,2,0,2,3,-27.6167305,-48.6457265,SPRF-SC,DEL01-SC,UOP01-DEL01-SC,2021
"403564,0",2021-12-23,quinta-feira,13:00:00,SC,101,"206,0",SAO JOSE,Manobra de mudança de faixa,Colisão lateral mesmo sentido,Com Vítimas Feridas,Pleno dia,Crescente,Céu Claro,Múltipla,Reta,Sim,3,0,1,0,2,0,1,2,-27.59193546,-48.61824557,SPRF-SC,DEL01-SC,UOP01-DEL01-SC,2021
"403577,0",2021-12-23,quinta-feira,11:05:00,SC,282,"459,7",PONTE SERRADA,Acessar a via sem observar a presença dos outros veículos,Colisão transversal,Com Vítimas Feridas,Pleno dia,Crescente,Sol,Simples,Reta,Sim,3,0,3,0,0,0,3,2,-26.88196179,-52.01202393,SPRF-SC,DEL07-SC,UOP04-DEL07-SC,2021
"403585,0",2021-12-23,quinta-feira,15:15:00,SC,101,"198,6",SAO JOSE,Ingestão de álcool pelo condutor,Colisão lateral mesmo sentido,Com Vítimas Feridas,Pleno dia,Decrescente,Sol,Dupla,Reta,Sim,3,0,1,0,2,0,1,2,-27.52658712,-48.63506019,SPRF-SC,DEL01-SC,UOP01-DEL01-SC,2021
"403608,0",2021-12-23,quinta-feira,16:20:00,SC,101,"116,5",ITAJAI,Condutor deixou de manter distância do veículo da frente,Engavetamento,Com Vítimas Feridas,Pleno dia,Decrescente,Céu Claro,Dupla,Reta,Sim,3,0,1,0,2,0,1,3,-26.87905605,-48.72603512,SPRF-SC,DEL04-SC,UOP04-DEL04-SC,2021
"403620,0",2021-12-23,quinta-feira,17:20:00,SC,282,"167,2",BOCAINA DO SUL,Demais falhas mecânicas ou elétricas,Incêndio,Sem Vítimas,Pleno dia,Crescente,Céu Claro,Simples,Curva,Não,4,0,0,0,4,0,0,1,-27.748844,-49.817348,SPRF-SC,DEL05-SC,UOP01-DEL05-SC,2021
"403623,0",2021-12-21,terça-feira,18:20:00,SC,101,"120,0",ITAJAI,Trafegar com motocicleta (ou similar) entre as faixas,Colisão traseira,Com Vítimas Feridas,Pleno dia,Crescente,Céu Claro,Simples,Reta,Não,3,0,1,0,2,0,1,2,-26.912758,-48.711998,SPRF-SC,DEL04-SC,UOP04-DEL04-SC,2021
"403628,0",2021-12-21,terça-feira,17:30:00,SC,101,"121,0",ITAJAI,Trafegar com motocicleta (ou similar) entre as faixas,Tombamento,Com Vítimas Feridas,Plena Noite,Crescente,Chuva,Dupla,Reta,Não,1,0,0,1,0,0,1,1,-26.92103178,-48.70856446,SPRF-SC,DEL04-SC,UOP04-DEL04-SC,2021
"403640,0",2021-12-22,quarta-feira,06:29:00,SC,101,"124,0",ITAJAI,Ultrapassagem Indevida,Colisão transversal,Com Vítimas Feridas,Pleno dia,Crescente,Céu Claro,Dupla,Rotatória,Não,2,0,0,1,1,0,1,2,-26.94335064,-48.69198648,SPRF-SC,DEL04-SC,UOP04-DEL04-SC,2021
"403660,0",2021-12-23,quinta-feira,18:15:00,SC,101,"368,0",ICARA,Reação tardia ou ineficiente do condutor,Saída de leito carroçável,Com Vítimas Feridas,Pleno dia,Crescente,Céu Claro,Múltipla,Interseção de Vias,Não,1,0,0,1,0,0,1,1,-28.6957326,-49.17347228,SPRF-SC,DEL02-SC,UOP01-DEL02-SC,2021
"403670,0",2021-12-23,quinta-feira,16:10:00,SC,470,"92,4",APIUNA,Ausência de reação do condutor,Tombamento,Com Vítimas Feridas,Pleno dia,Crescente,Céu Claro,Simples,Reta,Sim,1,0,1,0,0,0,1,1,-26.994484,-49.375908,SPRF-SC,DEL04-SC,UOP01-DEL04-SC,2021
"403673,0",2021-12-23,quinta-feira,20:05:00,SC,153,"35,8",VARGEM BONITA,Ultrapassagem Indevida,Colisão frontal,Com Vítimas Feridas,Plena Noite,Crescente,Céu Claro,Simples,Reta,Não,3,0,1,0,2,0,1,2,-26.813108,-51.724167,SPRF-SC,DEL07-SC,UOP05-DEL07-SC,2021
"403679,0",2021-12-23,quinta-feira,18:00:00,SC,280,"293,8",PORTO UNIAO,Condutor deixou de manter distância do veículo da frente,Colisão lateral mesmo sentido,Com Vítimas Feridas,Pleno dia,Crescente,Céu Claro,Simples,Reta,Não,2,0,1,0,1,0,1,2,-26.29680504,-50.95533402,SPRF-SC,DEL06-SC,UOP04-DEL06-SC,2021
"403680,0",2021-12-23,quinta-feira,19:45:00,SC,280,"123,0",RIO NEGRINHO,Acessar a via sem observar a presença dos outros veículos,Atropelamento de Pedestre,Com Vítimas Feridas,Plena Noite,Crescente,Céu Claro,Simples,Reta,Sim,2,0,1,0,0,1,1,2,-26.23705438,-49.49001789,SPRF-SC,DEL06-SC,UOP03-DEL06-SC,2021
"403691,0",2021-12-23,quinta-feira,23:20:00,SC,101,"213,2",PALHOCA,Velocidade Incompatível,Colisão lateral mesmo sentido,Com Vítimas Feridas,Plena Noite,Crescente,Nublado,Múltipla,Reta,Sim,3,0,2,0,0,1,2,2,-27.63697369,-48.66514142,SPRF-SC,DEL01-SC,UOP02-DEL01-SC,2021
"403710,0",2021-12-24,sexta-feira,03:30:00,SC,101,"210,5",SAO JOSE,Ingestão de álcool pelo condutor,Colisão lateral mesmo sentido,Sem Vítimas,Plena Noite,Crescente,Céu Claro,Dupla,Reta,Sim,2,0,0,0,2,0,0,2,-27.6167305,-48.6457265,SPRF-SC,DEL01-SC,UOP01-DEL01-SC,2021
"403734,0",2021-12-24,sexta-feira,02:30:00,SC,116,"11,0",MAFRA,Ausência de reação do condutor,Saída de leito carroçável,Sem Vítimas,Pleno dia,Decrescente,Céu Claro,Simples,Curva,Não,1,0,0,0,1,0,0,1,-26.17627262,-49.8580203,SPRF-SC,DEL06-SC,UOP01-DEL06-SC,2021
"403754,0",2021-12-24,sexta-feira,08:00:00,SC,116,"5,5",MAFRA,Acessar a via sem observar a presença dos outros veículos,Colisão transversal,Sem Vítimas,Plena Noite,Crescente,Céu Claro,Simples,Interseção de Vias,Sim,2,0,0,0,1,1,0,2,-26.14094396,-49.81508303,SPRF-SC,DEL06-SC,UOP01-DEL06-SC,2021
"403758,0",2021-12-24,sexta-feira,09:00:00,SC,101,"140,0",BALNEARIO CAMBORIU,Reação tardia ou ineficiente do condutor,Colisão com objeto,Com Vítimas Feridas,Pleno dia,Crescente,Céu Claro,Simples,Curva,Não,1,0,0,1,0,0,1,1,-27.03881189,-48.60025148,SPRF-SC,DEL04-SC,UOP03-DEL04-SC,2021
"403763,0",2021-12-24,sexta-feira,09:40:00,SC,470,"9,9",NAVEGANTES,Desrespeitar a preferência no cruzamento,Colisão transversal,Com Vítimas Feridas,Pleno dia,Decrescente,Céu Claro,Simples,Reta;Em Obras;Interseção de Vias,Sim,2,0,0,1,1,0,1,2,-26.83365231,-48.73636699,SPRF-SC,DEL04-SC,UOP04-DEL04-SC,2021
"403770,0",2021-12-24,sexta-feira,10:35:00,SC,280,"162,4",MAFRA,Ultrapassagem Indevida,Colisão lateral mesmo sentido,Com Vítimas Feridas,Pleno dia,Decrescente,Céu Claro,Simples,Reta,Não,6,0,2,0,3,1,2,4,-26.20386631,-49.79088509,SPRF-SC,DEL06-SC,UOP03-DEL06-SC,2021
"403791,0",2021-12-24,sexta-feira,12:40:00,SC,101,"117,3",ITAJAI,Desrespeitar a preferência no cruzamento,Colisão transversal,Com Vítimas Feridas,Pleno dia,Crescente,Sol,Dupla,Interseção de Vias,Não,2,0,1,0,1,0,1,2,-26.88747187,-48.72252969,SPRF-SC,DEL04-SC,UOP04-DEL04-SC,2021
"403795,0",2021-12-24,sexta-feira,09:00:00,SC,153,"58,8",IRANI,Desrespeitar a preferência no cruzamento,Colisão transversal,Com Vítimas Feridas,Pleno dia,Crescente,Céu Claro,Dupla,Rotatória,Não,5,0,0,1,4,0,1,2,-26.964373,-51.841362,SPRF-SC,DEL07-SC,UOP04-DEL07-SC,2021
"403798,0",2021-12-24,sexta-feira,11:15:00,SC,282,"474,4",VARGEAO,Ingestão de álcool pelo condutor,Saída de leito carroçável,Com Vítimas Feridas,Pleno dia,Crescente,Céu Claro,Simples,Reta,Sim,1,0,1,0,0,0,1,1,-26.874346,-52.155285,SPRF-SC,DEL07-SC,UOP01-DEL07-SC,2021
"403817,0",2021-12-24,sexta-feira,14:00:00,SC,280,"52,5",GUARAMIRIM,Retorno proibido,Colisão lateral mesmo sentido,Com Vítimas Feridas,Pleno dia,Decrescente,Sol,Dupla,Reta;Em Obras,Não,4,0,0,2,2,0,2,2,-26.47282995,-48.97535563,SPRF-SC,DEL03-SC,UOP03-DEL03-SC,2021
"403823,0",2021-12-24,sexta-feira,08:50:00,SC,282,"644,1",SAO MIGUEL DO OESTE,Ingestão de álcool e/ou substâncias psicoativas pelo pedestre,Atropelamento de Pedestre,Com Vítimas Feridas,Pleno dia,Crescente,Céu Claro,Simples,Reta,Não,2,0,1,0,0,1,1,2,-26.769157,-53.479385,SPRF-SC,DEL07-SC,UOP03-DEL07-SC,2021
"403834,0",2021-12-24,sexta-feira,15:05:00,SC,101,"374,6",ICARA,Reação tardia ou ineficiente do condutor,Saída de leito carroçável,Com Vítimas Feridas,Pleno dia,Decrescente,Céu Claro,Dupla,Reta,Não,1,0,0,1,0,0,1,1,-28.71534412,-49.22723198,SPRF-SC,DEL02-SC,UOP01-DEL02-SC,2021
"403839,0",2021-12-24,sexta-feira,16:00:00,SC,101,"415,8",ARARANGUA,Manobra de mudança de faixa,Colisão frontal,Com Vítimas Feridas,Pleno dia,Crescente,Céu Claro,Múltipla,Interseção de Vias,Sim,3,0,3,0,0,0,3,2,-28.97082717,-49.52791214,SPRF-SC,DEL02-SC,UOP02-DEL02-SC,2021
"403854,0",2021-12-24,sexta-feira,18:37:00,SC,470,"53,1",BLUMENAU,Acessar a via sem observar a presença dos outros veículos,Colisão transversal,Com Vítimas Feridas,Anoitecer,Decrescente,Céu Claro,Simples,Curva,Sim,3,0,1,1,1,0,2,2,-26.8688969,-49.10477422,SPRF-SC,DEL04-SC,UOP01-DEL04-SC,2021
"403861,0",2021-12-24,sexta-feira,16:30:00,SC,101,"4,0",GARUVA,Demais falhas mecânicas ou elétricas,Incêndio,Sem Vítimas,Pleno dia,Decrescente,Nublado,Dupla,Reta,Sim,1,0,0,0,1,0,0,1,-26.00908719,-48.86448735,SPRF-SC,DEL03-SC,UOP01-DEL03-SC,2021
"403862,0",2021-12-24,sexta-feira,16:30:00,SC,470,"168,6",POUSO REDONDO,Reação tardia ou ineficiente do condutor,Tombamento,Sem Vítimas,Pleno dia,Crescente,Céu Claro,Simples,Reta,Não,2,0,0,0,2,0,0,1,-27.266994,-49.872524,SPRF-SC,DEL04-SC,UOP02-DEL04-SC,2021
"403877,0",2021-12-24,sexta-feira,21:20:00,SC,470,"55,5",BLUMENAU,Conversão proibida,Colisão transversal,Com Vítimas Feridas,Plena Noite,Decrescente,Céu Claro,Simples,Reta,Sim,2,0,0,1,1,0,1,2,-26.875601,-49.117992,SPRF-SC,DEL04-SC,UOP01-DEL04-SC,2021
"403882,0",2021-12-24,sexta-feira,10:45:00,SC,280,"69,2",JARAGUA DO SUL,Reação tardia ou ineficiente do condutor,Colisão traseira,Sem Vítimas,Pleno dia,Crescente,Céu Claro,Simples,Reta,Não,2,0,0,0,2,0,0,2,-26.46803296,-49.11833097,SPRF-SC,DEL03-SC,UOP03-DEL03-SC,2021
"403890,0",2021-12-24,sexta-feira,20:50:00,SC,470,"103,9",APIUNA,Transitar na contramão,Colisão frontal,Com Vítimas Feridas,Plena Noite,Crescente,Céu Claro,Simples,Reta,Não,4,0,2,0,1,1,2,3,-27.064796,-49.401424,SPRF-SC,DEL04-SC,UOP02-DEL04-SC,2021
"403897,0",2021-12-24,sexta-feira,22:45:00,SC,101,"455,6",SAO JOAO DO SUL,Reação tardia ou ineficiente do condutor,Saída de leito carroçável,Com Vítimas Feridas,Plena Noite,Crescente,Nublado,Múltipla,Rotatória;Interseção de Vias,Sim,2,0,2,0,0,0,2,1,-29.22733458,-49.75970188,SPRF-SC,DEL02-SC,UOP02-DEL02-SC,2021