id,data_inversa,dia_semana,horario,uf,br,km,municipio,causa_acidente,tipo_acidente,classificacao_acidente,fase_dia,sentido_via,condicao_metereologica,tipo_pista,tracado_via,uso_solo,pessoas,mortos,feridos_leves,feridos_graves,ilesos,ignorados,feridos,veiculos,latitude,longitude,regional,delegacia,uop,ano_arquivo
"411057,0",2021-12-18,sábado,21:30:00,SC,282,"0,0",FLORIANOPOLIS,Acessar a via sem observar a presença dos outros veículos,Colisão traseira,Sem Vítimas,Plena Noite,Decrescente,Céu Claro,Múltipla,Desvio Temporário,Sim,2,0,0,0,2,0,0,2,-27.59845,-48.571995,SPRF-SC,DEL01-SC,UOP01-DEL01-SC,2021
"411058,0",2021-12-04,sábado,14:45:00,SC,101,"60,0",ARAQUARI,Avarias e/ou desgaste excessivo no pneu,Colisão com objeto,Com Vítimas Feridas,Pleno dia,Decrescente,Sol,Múltipla,Curva,Não,2,0,2,0,0,0,2,1,-26.45072823,-48.78570317,SPRF-SC,DEL03-SC,UOP02-DEL03-SC,2021
"412364,0",2021-11-27,sábado,02:45:00,SC,116,"203,0",MONTE CASTELO,Condutor deixou de manter distância do veículo da frente,Colisão traseira,Com Vítimas Feridas,Plena Noite,Decrescente,Ignorado,Simples,Reta,Não,2,0,1,0,0,1,1,2,-26.7337591,-50.31370975,SPRF-SC,DEL05-SC,UOP03-DEL05-SC,2021
"412514,0",2021-12-07,terça-feira,16:30:00,SC,101,"328,0",CAPIVARI DE BAIXO,Acessar a via sem observar a presença dos outros veículos,Colisão transversal,Com Vítimas Feridas,Pleno dia,Decrescente,Céu Claro,Simples,Interseção de Vias,Sim,2,0,1,0,1,0,1,2,-28.43648094,-48.95989307,SPRF-SC,DEL02-SC,UOP01-DEL02-SC,2021
"412807,0",2021-12-27,segunda-feira,07:30:00,SC,470,"101,3",APIUNA,Condutor Dormindo,Saída de leito carroçável,Com Vítimas Fatais,Pleno dia,Decrescente,Sol,Simples,Reta,Não,4,2,0,2,0,0,2,1,-27.058,-49.39,SPRF-SC,DEL04-SC,UOP02-DEL04-SC,2021
"413647,0",2021-10-27,quarta-feira,06:40:00,SC,470,"54,0",BLUMENAU,Ultrapassagem Indevida,Colisão traseira,Com Vítimas Feridas,Pleno dia,Crescente,Nublado,Simples,Reta,Sim,3,0,0,1,2,0,1,3,-26.871065,-49.110374,SPRF-SC,DEL04-SC,UOP01-DEL04-SC,2021
"414004,0",2021-11-29,segunda-feira,11:05:00,SC,101,"211,0",SAO JOSE,Reação tardia ou ineficiente do condutor,Colisão traseira,Com Vítimas Feridas,Pleno dia,Crescente,Céu Claro,Múltipla,Reta,Sim,2,0,0,1,1,0,1,2,-27.62329313,-48.65245588,SPRF-SC,DEL01-SC,UOP02-DEL01-SC,2021
"414013,0",2021-12-10,sexta-feira,22:10:00,SC,470,"52,0",BLUMENAU,Desrespeitar a preferência no cruzamento,Colisão transversal,Com Vítimas Feridas,Plena Noite,Crescente,Céu Claro,Simples,Retorno Regulamentado,Sim,2,0,1,0,1,0,1,2,-26.862286,-49.093903,SPRF-SC,DEL04-SC,UOP01-DEL04-SC,2021
"414232,0",2021-12-25,sábado,16:20:00,SC,282,"124,7",BOM RETIRO,Retorno proibido,Colisão transversal,Com Vítimas Feridas,Pleno dia,Crescente,Céu Claro,Simples,Reta,Não,2,0,0,1,1,0,1,2,-27.805086,-49.450378,SPRF-SC,DEL05-SC,UOP01-DEL05-SC,2021
"414938,0",2021-07-03,sábado,10:40:00,SC,470,"117,0",IBIRAMA,Conversão proibida,Colisão transversal,Com Vítimas Feridas,Pleno dia,Crescente,Sol,Simples,Reta,Não,2,0,1,0,1,0,1,2,-27.081692,-49.502277,SPRF-SC,DEL04-SC,UOP02-DEL04-SC,2021
"416492,0",2021-09-03,sexta-feira,18:30:00,SC,101,"415,1",ARARANGUA,Reação tardia ou ineficiente do condutor,Colisão traseira,Com Vítimas Feridas,Plena Noite,Decrescente,Céu Claro,Múltipla,Interseção de Vias,Sim,2,0,0,1,1,0,1,2,-28.96399372,-49.52087402,SPRF-SC,DEL02-SC,UOP02-DEL02-SC,2021
"416627,0",2021-08-23,segunda-feira,08:10:00,SC,101,"134,0",BALNEARIO CAMBORIU,Reação tardia ou ineficiente do condutor,Colisão traseira,Com Vítimas Feridas,Pleno dia,Decrescente,Céu Claro,Múltipla,Reta,Sim,2,0,1,0,1,0,1,2,-27.00237544,-48.63541245,SPRF-SC,DEL04-SC,UOP03-DEL04-SC,2021
"416689,0",2021-12-09,quinta-feira,17:30:00,SC,101,"123,2",ITAJAI,Desrespeitar a preferência no cruzamento,Colisão transversal,Com Vítimas Feridas,Anoitecer,Decrescente,Ignorado,Múltipla,Interseção de Vias,Não,2,0,1,0,1,0,1,2,-26.93719536,-48.69864564,SPRF-SC,DEL04-SC,UOP04-DEL04-SC,2021
"416799,0",2021-11-28,domingo,19:40:00,SC,101,"86,5",BARRA VELHA,Condutor deixou de manter distância do veículo da frente,Colisão traseira,Com Vítimas Feridas,Anoitecer,Crescente,Céu Claro,Simples,Rotatória,Não,5,0,3,0,2,0,3,3,-26.63277317,-48.70232513,SPRF-SC,DEL03-SC,UOP02-DEL03-SC,2021
"417081,0",2021-12-20,segunda-feira,03:30:00,SC,101,"144,0",ITAPEMA,Objeto estático sobre o leito carroçável,Colisão com objeto,Com Vítimas Feridas,Plena Noite,Decrescente,Ignorado,Dupla,Reta,Sim,1,0,0,1,0,0,1,1,-27.0732659,-48.59672716,SPRF-SC,DEL04-SC,UOP03-DEL04-SC,2021
"418764,0",2021-12-24,sexta-feira,06:30:00,SC,282,"364,1",ERVAL VELHO,Reação tardia ou ineficiente do condutor,Colisão traseira,Com Vítimas Feridas,Pleno dia,Decrescente,Céu Claro,Simples,Reta,Não,3,0,1,0,2,0,1,2,-27.297649,-51.398533,SPRF-SC,DEL07-SC,UOP05-DEL07-SC,2021
"421927,0",2021-10-09,sábado,05:00:00,SC,470,"44,0",GASPAR,Ausência de reação do condutor,Colisão com objeto,Com Vítimas Feridas,Plena Noite,Decrescente,Chuva,Simples,Reta;Desvio Temporário;Em Obras,Não,1,0,0,1,0,0,1,1,-26.87183593,-49.01604122,SPRF-SC,DEL04-SC,UOP01-DEL04-SC,2021
"423713,0",2021-12-26,domingo,13:15:00,SC,101,"165,8",TIJUCAS,Demais falhas mecânicas ou elétricas,Colisão transversal,Com Vítimas Feridas,Pleno dia,Crescente,Céu Claro,Dupla,Reta,Não,3,0,2,0,1,0,2,2,-27.252663,-48.63154894,SPRF-SC,DEL04-SC,UOP03-DEL04-SC,2021
"458469,0",2021-12-24,sexta-feira,16:30:00,SC,282,"503,0",XANXERE,Avarias e/ou desgaste excessivo no pneu,Queda de ocupante de veículo,Com Vítimas Feridas,Pleno dia,Crescente,Céu Claro,Dupla,Reta,Sim,2,0,2,0,0,0,2,1,-26.88268817,-52.40328848,SPRF-SC,DEL07-SC,UOP01-DEL07-SC,2021
"490892,0",2021-10-09,sábado,03:40:00,SC,101,"294,0",IMBITUBA,Chuva,Capotamento,Com Vítimas Feridas,Plena Noite,Decrescente,Chuva,Dupla,Reta,Não,2,0,1,0,1,0,1,1,-28.29220304,-48.71018095,SPRF-SC,DEL02-SC,UOP03-DEL02-SC,2021
"516027,0",2021-01-30,sábado,15:15:00,SC,470,"64,0",INDAIAL,Desrespeitar a preferência no cruzamento,Colisão transversal,Com Vítimas Feridas,Pleno dia,Crescente,Nublado,Simples,Reta,Não,3,0,2,1,0,0,3,2,-26.869867,-49.201859,SPRF-SC,DEL04-SC,UOP01-DEL04-SC,2021
"576384,0",2021-05-16,domingo,21:15:00,SC,282,"19,0",PALHOCA,Ingestão de álcool pelo condutor,Colisão traseira,Com Vítimas Feridas,Plena Noite,Decrescente,Céu Claro,Simples,Reta,Sim,3,0,0,1,2,0,1,2,-27.678635,-48.70192,SPRF-SC,DEL01-SC,UOP02-DEL01-SC,2021
"576593,0",2021-08-28,sábado,10:00:00,SC,101,"180,0",BIGUACU,Ingestão de álcool pelo condutor,Colisão com objeto,Com Vítimas Feridas,Pleno dia,Crescente,Chuva,Simples,Reta,Não,1,0,1,0,0,0,1,1,-27.3811238,-48.63090648,SPRF-SC,DEL01-SC,UOP01-DEL01-SC,2021
"576663,0",2021-05-16,domingo,02:55:00,SC,101,"205,7",SAO JOSE,Ingestão de álcool pelo condutor,Colisão traseira,Sem Vítimas,Pleno dia,Decrescente,Céu Claro,Múltipla,Reta,Sim,2,0,0,0,2,0,0,2,-27.58313237,-48.61532885,SPRF-SC,DEL01-SC,UOP01-DEL01-SC,2021
"586287,0",2021-07-17,sábado,13:40:00,SC,282,"20,0",PALHOCA,Ingestão de álcool pelo condutor,Colisão lateral mesmo sentido,Com Vítimas Feridas,Pleno dia,Crescente,Sol,Simples,Interseção de Vias,Sim,2,0,1,0,1,0,1,2,-27.683958,-48.71006,SPRF-SC,DEL01-SC,UOP02-DEL01-SC,2021
"587035,0",2021-11-07,domingo,18:10:00,SC,101,"339,2",TUBARAO,Ingestão de álcool pelo condutor,Colisão com objeto,Sem Vítimas,Pleno dia,Decrescente,Nublado,Múltipla,Viaduto,Sim,1,0,0,0,1,0,0,1,-28.49351117,-49.04178985,SPRF-SC,DEL02-SC,UOP01-DEL02-SC,2021
"587168,0",2021-01-01,sexta-feira,17:30:00,SC,101,"332,5",TUBARAO,Ingestão de álcool pelo condutor,Colisão com objeto,Com Vítimas Feridas,Pleno dia,Decrescente,Céu Claro,Simples,Reta,Sim,4,0,4,0,0,0,4,1,-28.46016431,-48.98968873,SPRF-SC,DEL02-SC,UOP01-DEL02-SC,2021
"591829,0",2021-11-21,domingo,07:20:00,SC,101,"443,0",SANTA ROSA DO SUL,Ingestão de substâncias psicoativas pelo condutor,Colisão com objeto,Sem Vítimas,Pleno dia,Crescente,Sol,Múltipla,Reta,Sim,1,0,0,0,1,0,0,1,-29.13502248,-49.70726609,SPRF-SC,DEL02-SC,UOP02-DEL02-SC,2021
"405234,0",2022-01-01,sábado,08:05:00,SC,163,"80,1",GUARACIABA,Ausência de reação do condutor,Colisão frontal,Com Vítimas Fatais,Pleno dia,Crescente,Céu Claro,Simples,Declive;Curva,Não,4,1,1,1,0,1,2,3,-26.65043908,-53.5185463,SPRF-SC,DEL07-SC,UOP03-DEL07-SC,2022
"405247,0",2022-01-01,sábado,12:20:00,SC,101,"139,7",BALNEARIO CAMBORIU,Condutor deixou de manter distância do veículo da frente,Colisão traseira,Com Vítimas Feridas,Pleno dia,Crescente,Céu Claro,Simples,Aclive,Não,5,0,1,0,3,1,1,4,-27.02982303,-48.60115006,SPRF-SC,DEL04-SC,UOP03-DEL04-SC,2022
"405408,0",2022-01-02,domingo,08:20:00,SC,470,"204,1",PONTE ALTA,Velocidade Incompatível,Colisão lateral sentido oposto,Com Vítimas Feridas,Pleno dia,Crescente,Céu Claro,Simples,Curva,Não,4,0,3,0,1,0,3,2,-27.289373,-50.166328,SPRF-SC,DEL05-SC,UOP03-DEL05-SC,2022
"405416,0",2022-01-02,domingo,10:30:00,SC,470,"289,7",CAMPOS NOVOS,Acessar a via sem observar a presença dos outros veículos,Colisão transversal,Com Vítimas Feridas,Pleno dia,Decrescente,Céu Claro,Simples,Interseção de Vias,Não,6,0,1,0,4,1,1,3,-27.3354991,-50.96000791,SPRF-SC,DEL07-SC,UOP06-DEL07-SC,2022
"405424,0",2022-01-02,domingo,13:50:00,SC,101,"101,8",BALNEARIO PICARRAS,Ingestão de álcool pelo condutor,Colisão traseira,Com Vítimas Feridas,Pleno dia,Crescente,Sol,Múltipla,Aclive,Não,4,0,1,1,2,0,2,2,-26.77383397,-48.68594062,SPRF-SC,DEL03-SC,UOP02-DEL03-SC,2022
"405442,0",2022-01-02,domingo,12:00:00,SC,116,"54,0",PAPANDUVA,Velocidade Incompatível,Tombamento,Com Vítimas Feridas,Pleno dia,Crescente,Sol,Simples,Rotatória,Sim,4,0,2,0,1,1,2,2,-26.39448417,-50.16480003,SPRF-SC,DEL06-SC,UOP02-DEL06-SC,2022
"405558,0",2022-01-02,domingo,23:00:00,SC,101,"118,0",ITAJAI,Ingestão de álcool pelo condutor,Colisão traseira,Com Vítimas Feridas,Plena Noite,Decrescente,Nublado,Dupla,Reta,Sim,2,0,1,0,1,0,1,2,-26.895859,-48.71903,SPRF-SC,DEL04-SC,UOP04-DEL04-SC,2022
"405580,0",2022-01-03,segunda-feira,03:15:00,SC,101,"158,9",PORTO BELO,Manobra de mudança de faixa,Colisão traseira,Com Vítimas Feridas,Plena Noite,Crescente,Nublado,Dupla,Reta,Não,3,0,1,0,1,2,1,4,-27.19096301,-48.61259017,SPRF-SC,DEL04-SC,UOP03-DEL04-SC,2022
"405589,0",2022-01-03,segunda-feira,03:30:00,SC,101,"329,0",CAPIVARI DE BAIXO,Ingestão de álcool pelo condutor,Colisão lateral mesmo sentido,Com Vítimas Feridas,Plena Noite,Decrescente,Céu Claro,Dupla,Reta,Não,3,0,1,0,1,1,1,3,-28.45039264,-48.97180974,SPRF-SC,DEL02-SC,UOP01-DEL02-SC,2022
"405599,0",2022-01-03,segunda-feira,07:20:00,SC,101,"120,0",ITAJAI,Condutor deixou de manter distância do veículo da frente,Colisão traseira,Com Vítimas Feridas,Pleno dia,Decrescente,Céu Claro,Dupla,Reta,Sim,3,0,1,0,1,1,1,3,-26.912758,-48.711998,SPRF-SC,DEL04-SC,UOP04-DEL04-SC,2022
"405607,0",2022-01-03,segunda-feira,06:35:00,SC,101,"122,0",ITAJAI,Ausência de reação do condutor,Colisão lateral mesmo sentido,Sem Vítimas,Pleno dia,Crescente,Céu Claro,Dupla,Reta,Sim,2,0,0,0,1,1,0,2,-26.92955916,-48.70499836,SPRF-SC,DEL04-SC,UOP04-DEL04-SC,2022
"405734,0",2022-01-03,segunda-feira,16:50:00,SC,101,"238,1",PALHOCA,Desrespeitar a preferência no cruzamento,Colisão transversal,Com Vítimas Feridas,Pleno dia,Crescente,Céu Claro,Dupla,Viaduto,Sim,2,0,1,0,1,0,1,2,-27.84293889,-48.63471922,SPRF-SC,DEL01-SC,UOP02-DEL01-SC,2022
"405742,0",2022-01-03,segunda-feira,15:55:00,SC,101,"123,0",ITAJAI,Condutor deixou de manter distância do veículo da frente,Colisão traseira,Com Vítimas Feridas,Pleno dia,Decrescente,Céu Claro,Dupla,Interseção de Vias,Sim,2,0,1,0,1,0,1,2,-26.93668609,-48.69876905,SPRF-SC,DEL04-SC,UOP04-DEL04-SC,2022
"405908,0",2022-01-04,terça-feira,14:20:00,SC,470,"140,4",RIO DO SUL,Manobra de mudança de faixa,Colisão transversal,Com Vítimas Feridas,Pleno dia,Crescente,Céu Claro,Simples,Declive;Reta,Sim,4,0,1,1,1,1,2,3,-27.222485,-49.662827,SPRF-SC,DEL04-SC,UOP02-DEL04-SC,2022
"405961,0",2022-01-04,terça-feira,19:10:00,SC,470,"141,0",RIO DO SUL,Ausência de reação do condutor,Colisão frontal,Com Vítimas Feridas,Plena Noite,Decrescente,Chuva,Simples,Reta,Não,3,0,0,1,1,1,1,3,-27.226065,-49.666161,SPRF-SC,DEL04-SC,UOP02-DEL04-SC,2022
"405980,0",2022-01-04,terça-feira,21:20:00,SC,470,"70,0",INDAIAL,Conversão proibida,Colisão transversal,Com Vítimas Feridas,Plena Noite,Crescente,Chuva,Simples,Em Obras;Reta,Sim,3,0,0,1,1,1,1,3,-26.889374,-49.254478,SPRF-SC,DEL04-SC,UOP01-DEL04-SC,2022
"405987,0",2022-01-04,terça-feira,19:30:00,SC,282,"105,8",ALFREDO WAGNER,Pista Escorregadia,Saída de leito carroçável,Com Vítimas Feridas,Plena Noite,Decrescente,Chuva,Simples,Declive;Curva,Não,2,0,1,0,0,3,1,4,-27.694309,-49.34338,SPRF-SC,DEL01-SC,UOP03-DEL01-SC,2022
"405993,0",2022-01-04,terça-feira,22:10:00,SC,101,"151,0",ITAPEMA,Reação tardia ou ineficiente do condutor,Colisão traseira,Com Vítimas Feridas,Plena Noite,Decrescente,Nublado,Dupla,Reta,Sim,6,0,1,3,1,3,4,6,-27.126536,-48.609642,SPRF-SC,DEL04-SC,UOP03-DEL04-SC,2022
"405998,0",2022-01-05,quarta-feira,00:35:00,SC,101,"38,9",JOINVILLE,Reação tardia ou ineficiente do condutor,Colisão traseira,Com Vítimas Feridas,Plena Noite,Crescente,Nublado,Dupla,Reta;Declive,Sim,5,0,2,0,2,1,2,4,-26.30141757,-48.88349533,SPRF-SC,DEL03-SC,UOP01-DEL03-SC,2022
"406023,0",2022-01-05,quarta-feira,07:00:00,SC,282,"388,9",JOACABA,Manobra de mudança de faixa,Colisão lateral sentido oposto,Com Vítimas Feridas,Pleno dia,Decrescente,Céu Claro,Simples,Curva,Sim,3,0,1,1,1,0,2,3,-27.179003,-51.531616,SPRF-SC,DEL07-SC,UOP05-DEL07-SC,2022
"406149,0",2022-01-05,quarta-feira,15:50:00,SC,470,"128,3",LONTRAS,Velocidade Incompatível,Saída de leito carroçável,Sem Vítimas,Pleno dia,Crescente,Chuva,Simples,Curva,Não,1,0,0,0,1,0,0,1,-27.143742,-49.548897,SPRF-SC,DEL04-SC,UOP02-DEL04-SC,2022
"406970,0",2022-01-06,quinta-feira,06:30:00,SC,282,"82,9",ALFREDO WAGNER,Acumulo de água sobre o pavimento,Colisão frontal,Com Vítimas Feridas,Amanhecer,Decrescente,Chuva,Simples,Curva,Não,5,0,2,2,1,0,4,2,-27.662027,-49.178356,SPRF-SC,DEL01-SC,UOP03-DEL01-SC,2022
"407054,0",2022-01-06,quinta-feira,06:50:00,SC,282,"510,0",XANXERE,Ultrapassagem Indevida,Colisão lateral mesmo sentido,Sem Vítimas,Pleno dia,Decrescente,Sol,Múltipla,Aclive,Não,2,0,0,0,2,0,0,2,-26.897114,-52.463585,SPRF-SC,DEL07-SC,UOP01-DEL07-SC,2022
"407056,0",2022-01-06,quinta-feira,13:30:00,SC,101,"266,7",PAULO LOPES,Desrespeitar a preferência no cruzamento,Colisão transversal,Com Vítimas Feridas,Pleno dia,Crescente,Nublado,Simples,Interseção de Vias,Não,3,0,1,0,2,0,1,2,-28.06847808,-48.71463931,SPRF-SC,DEL02-SC,UOP03-DEL02-SC,2022
"407167,0",2022-01-06,quinta-feira,12:09:00,SC,101,"117,0",ITAJAI,Condutor deixou de manter distância do veículo da frente,Colisão transversal,Com Vítimas Feridas,Pleno dia,Crescente,Sol,Múltipla,Reta,Sim,3,0,1,0,1,1,1,3,-26.88747187,-48.72252969,SPRF-SC,DEL04-SC,UOP04-DEL04-SC,2022
"407191,0",2022-01-06,quinta-feira,20:25:00,SC,158,"135,0",PALMITOS,Reação tardia ou ineficiente do condutor,Engavetamento,Com Vítimas Feridas,Plena Noite,Decrescente,Céu Claro,Simples,Reta;Ponte;Declive,Não,6,0,1,0,4,3,1,7,-27.07876798,-53.22663546,SPRF-SC,DEL07-SC,UOP02-DEL07-SC,2022
"407273,0",2022-01-07,sexta-feira,11:15:00,SC,282,"322,9",CAMPOS NOVOS,Acessar a via sem observar a presença dos outros veículos,Colisão transversal,Com Vítimas Feridas,Pleno dia,Crescente,Sol,Simples,Reta,Não,5,0,4,0,1,0,4,2,-27.39855,-51.040504,SPRF-SC,DEL07-SC,UOP06-DEL07-SC,2022
"407306,0",2022-01-07,sexta-feira,16:15:00,SC,282,"4,7",SAO JOSE,Condutor deixou de manter distância do veículo da frente,Colisão traseira,Com Vítimas Feridas,Pleno dia,Crescente,Nublado,Múltipla,Reta,Sim,2,0,1,0,1,0,1,2,-27.592646,-48.604034,SPRF-SC,DEL01-SC,UOP01-DEL01-SC,2022
"407311,0",2022-01-07,sexta-feira,13:30:00,SC,101,"63,2",ARAQUARI,Velocidade Incompatível,Colisão traseira,Com Vítimas Feridas,Pleno dia,Crescente,Sol,Dupla,Curva,Não,4,0,2,0,1,1,2,3,-26.45898367,-48.7584088,SPRF-SC,DEL03-SC,UOP02-DEL03-SC,2022
"407338,0",2022-01-07,sexta-feira,18:00:00,SC,470,"141,3",RIO DO SUL,Ausência de reação do condutor,Colisão com objeto,Sem Vítimas,Pleno dia,Crescente,Céu Claro,Simples,Reta;Túnel,Sim,2,0,0,0,1,1,0,2,-27.226065,-49.666161,SPRF-SC,DEL04-SC,UOP02-DEL04-SC,2022
"407343,0",2022-01-07,sexta-feira,19:00:00,SC,101,"128,0",ITAJAI,Reação tardia ou ineficiente do condutor,Colisão traseira,Com Vítimas Feridas,Plena Noite,Crescente,Nublado,Dupla,Reta,Não,2,0,1,0,1,0,1,2,-26.97284292,-48.68299451,SPRF-SC,DEL04-SC,UOP03-DEL04-SC,2022
"407347,0",2022-01-07,sexta-feira,14:30:00,SC,280,"125,0",RIO NEGRINHO,Reação tardia ou ineficiente do condutor,Colisão transversal,Com Vítimas Feridas,Pleno dia,Crescente,Céu Claro,Simples,Reta,Sim,2,0,1,0,1,0,1,2,-26.23836031,-49.49757636,SPRF-SC,DEL06-SC,UOP03-DEL06-SC,2022
"407578,0",2022-01-08,sábado,15:45:00,SC,101,"234,0",PALHOCA,Manobra de mudança de faixa,Tombamento,Com Vítimas Feridas,Pleno dia,Crescente,Céu Claro,Dupla,Curva,Não,2,0,1,0,0,1,1,2,-27.81043812,-48.63537111,SPRF-SC,DEL01-SC,UOP02-DEL01-SC,2022
"407622,0",2022-01-09,domingo,04:50:00,SC,470,"120,5",IBIRAMA,Condutor Dormindo,Tombamento,Com Vítimas Feridas,Amanhecer,Decrescente,Nevoeiro/Neblina,Simples,Declive;Reta,Não,2,0,0,1,0,2,1,3,-27.089924,-49.520416,SPRF-SC,DEL04-SC,UOP02-DEL04-SC,2022
"407646,0",2022-01-08,sábado,16:30:00,SC,116,"105,8",MONTE CASTELO,Problema com o freio,Tombamento,Com Vítimas Fatais,Pleno dia,Decrescente,Céu Claro,Simples,Declive;Curva,Não,2,2,0,0,0,0,0,1,-26.757324,-50.317226,SPRF-SC,DEL06-SC,UOP02-DEL06-SC,2022
"407781,0",2022-01-09,domingo,20:10:00,SC,470,"242,5",CURITIBANOS,Ingestão de álcool e/ou substâncias psicoativas pelo pedestre,Colisão frontal,Com Vítimas Feridas,Plena Noite,Crescente,Garoa/Chuvisco,Simples,Rotatória;Declive,Não,3,0,1,0,1,1,1,3,-27.31465154,-50.5160024,SPRF-SC,DEL05-SC,UOP03-DEL05-SC,2022
"407794,0",2022-01-09,domingo,19:50:00,SC,282,"343,4",CAMPOS NOVOS,Transitar no acostamento,Atropelamento de Pedestre,Com Vítimas Feridas,Plena Noite,Decrescente,Céu Claro,Simples,Reta,Sim,2,0,0,1,0,1,1,2,-27.387402,-51.232861,SPRF-SC,DEL07-SC,UOP06-DEL07-SC,2022
"407888,0",2022-01-10,segunda-feira,08:05:00,SC,470,"3,2",NAVEGANTES,Reação tardia ou ineficiente do condutor,Colisão com objeto,Sem Vítimas,Pleno dia,Decrescente,Chuva,Múltipla,Reta,Sim,3,0,0,0,2,1,0,3,-26.861937,-48.681618,SPRF-SC,DEL04-SC,UOP04-DEL04-SC,2022
"408055,0",2022-01-11,terça-feira,09:20:00,SC,101,"132,0",BALNEARIO CAMBORIU,Manobra de mudança de faixa,Colisão lateral mesmo sentido,Com Vítimas Feridas,Pleno dia,Decrescente,Nublado,Dupla,Reta,Sim,3,0,1,0,0,2,1,3,-26.99654133,-48.65564711,SPRF-SC,DEL04-SC,UOP03-DEL04-SC,2022
"408068,0",2022-01-11,terça-feira,11:10:00,SC,101,"207,0",SAO JOSE,Trafegar com motocicleta (ou similar) entre as faixas,Colisão lateral mesmo sentido,Com Vítimas Feridas,Pleno dia,Crescente,Céu Claro,Múltipla,Curva,Sim,3,0,1,0,2,0,1,3,-27.60001226,-48.6226467,SPRF-SC,DEL01-SC,UOP01-DEL01-SC,2022
"408079,0",2022-01-11,terça-feira,11:00:00,SC,470,"111,2",IBIRAMA,Velocidade Incompatível,Tombamento,Com Vítimas Feridas,Pleno dia,Decrescente,Céu Claro,Simples,Curva,Não,2,0,1,0,0,1,1,2,-27.095388,-49.457878,SPRF-SC,DEL04-SC,UOP02-DEL04-SC,2022
"408122,0",2022-01-11,terça-feira,17:05:00,SC,470,"199,4",PONTE ALTA,Reação tardia ou ineficiente do condutor,Colisão transversal,Com Vítimas Feridas,Pleno dia,Decrescente,Céu Claro,Simples,Rotatória,Não,2,0,0,1,1,0,1,2,-27.309647,-50.128212,SPRF-SC,DEL05-SC,UOP03-DEL05-SC,2022
"408170,0",2022-01-12,quarta-feira,06:20:00,SC,101,"217,0",PALHOCA,Ausência de reação do condutor,Colisão lateral mesmo sentido,Com Vítimas Feridas,Pleno dia,Crescente,Sol,Múltipla,Reta,Sim,3,0,1,0,1,1,1,3,-27.66779034,-48.67393586,SPRF-SC,DEL01-SC,UOP02-DEL01-SC,2022
"408171,0",2022-01-11,terça-feira,23:00:00,SC,470,"211,4",SAO CRISTOVAO DO SUL,Velocidade Incompatível,Tombamento,Com Vítimas Feridas,Plena Noite,Crescente,Céu Claro,Simples,Curva,Não,2,0,1,0,0,2,1,3,-27.30964295,-50.23497462,SPRF-SC,DEL05-SC,UOP03-DEL05-SC,2022
"408188,0",2022-01-12,quarta-feira,08:05:00,SC,101,"131,7",BALNEARIO CAMBORIU,Velocidade Incompatível,Engavetamento,Com Vítimas Feridas,Pleno dia,Decrescente,Céu Claro,Dupla,Reta,Sim,8,0,1,0,6,1,1,7,-26.99064209,-48.66310912,SPRF-SC,DEL04-SC,UOP03-DEL04-SC,2022
"408202,0",2022-01-12,quarta-feira,09:25:00,SC,470,"174,4",POUSO REDONDO,Desrespeitar a preferência no cruzamento,Colisão transversal,Com Vítimas Feridas,Pleno dia,Crescente,Céu Claro,Simples,Reta,Sim,4,0,1,0,3,0,1,3,-27.258179,-49.929146,SPRF-SC,DEL04-SC,UOP02-DEL04-SC,2022
"408210,0",2022-01-12,quarta-feira,11:00:00,SC,470,"122,1",IBIRAMA,Ultrapassagem Indevida,Colisão lateral mesmo sentido,Com Vítimas Feridas,Pleno dia,Crescente,Sol,Simples,Reta,Não,2,0,1,0,1,0,1,2,-27.106783,-49.522049,SPRF-SC,DEL04-SC,UOP02-DEL04-SC,2022
"408280,0",2022-01-12,quarta-feira,19:15:00,SC,101,"206,0",SAO JOSE,Ausência de reação do condutor,Colisão lateral mesmo sentido,Com Vítimas Feridas,Plena Noite,Crescente,Céu Claro,Múltipla,Reta,Sim,3,0,1,0,1,1,1,3,-27.59193546,-48.61824557,SPRF-SC,DEL01-SC,UOP01-DEL01-SC,2022
"408352,0",2022-01-13,quinta-feira,07:17:00,SC,101,"6,0",GARUVA,Ingestão de álcool pelo condutor,Colisão com objeto,Sem Vítimas,Pleno dia,Crescente,Céu Claro,Dupla,Reta,Não,2,0,0,0,1,1,0,2,-26.02692002,-48.86142017,SPRF-SC,DEL03-SC,UOP01-DEL03-SC,2022
"408366,0",2022-01-13,quinta-feira,09:20:00,SC,101,"115,8",ITAJAI,Acessar a via sem observar a presença dos outros veículos,Colisão transversal,Sem Vítimas,Pleno dia,Decrescente,Sol,Múltipla,Reta,Não,3,0,0,0,2,1,0,3,-26.87064015,-48.72954134,SPRF-SC,DEL04-SC,UOP04-DEL04-SC,2022
"408416,0",2022-01-13,quinta-feira,15:50:00,SC,282,"179,0",BOCAINA DO SUL,Ultrapassagem Indevida,Colisão lateral mesmo sentido,Com Vítimas Fatais,Pleno dia,Decrescente,Sol,Simples,Curva,Não,5,1,1,1,1,1,2,3,-27.73996651,-49.93217468,SPRF-SC,DEL05-SC,UOP01-DEL05-SC,2022
"408546,0",2022-01-14,sexta-feira,08:33:00,SC,470,"39,0",GASPAR,Ultrapassagem Indevida,Colisão com objeto,Com Vítimas Feridas,Pleno dia,Decrescente,Nublado,Dupla,Reta;Em Obras,Não,2,0,0,1,1,0,1,2,-26.894512,-48.987876,SPRF-SC,DEL04-SC,UOP01-DEL04-SC,2022