id,data_inversa,dia_semana,horario,uf,br,km,municipio,causa_acidente,tipo_acidente,classificacao_acidente,fase_dia,sentido_via,condicao_metereologica,tipo_pista,tracado_via,uso_solo,pessoas,mortos,feridos_leves,feridos_graves,ilesos,ignorados,feridos,veiculos,latitude,longitude,regional,delegacia,uop,ano_arquivo
"416298,0",2022-02-21,segunda-feira,13:25:00,SC,101,"116,9",ITAJAI,Velocidade Incompatível,Colisão traseira,Com Vítimas Feridas,Pleno dia,Decrescente,Céu Claro,Dupla,Reta,Não,3,0,1,0,1,2,1,4,-26.87905605,-48.72603512,SPRF-SC,DEL04-SC,UOP04-DEL04-SC,2022
"416307,0",2022-02-21,segunda-feira,12:30:00,SC,470,"48,0",BLUMENAU,Ausência de reação do condutor,Colisão lateral sentido oposto,Com Vítimas Feridas,Pleno dia,Decrescente,Sol,Simples,Reta,Não,2,0,1,0,1,0,1,2,-26.859823,-49.055393,SPRF-SC,DEL04-SC,UOP01-DEL04-SC,2022
"416337,0",2022-02-21,segunda-feira,17:10:00,SC,470,"64,9",INDAIAL,Ultrapassagem Indevida,Colisão lateral mesmo sentido,Com Vítimas Feridas,Pleno dia,Crescente,Nublado,Simples,Reta,Sim,2,0,1,0,1,0,1,2,-26.870411,-49.211864,SPRF-SC,DEL04-SC,UOP01-DEL04-SC,2022
"416376,0",2022-02-21,segunda-feira,15:00:00,SC,282,"438,0",IRANI,Manobra de mudança de faixa,Colisão lateral sentido oposto,Sem Vítimas,Pleno dia,Decrescente,Chuva,Simples,Reta,Não,3,0,0,0,2,1,0,3,-26.962492,-51.854947,SPRF-SC,DEL07-SC,UOP04-DEL07-SC,2022
"416483,0",2022-02-10,quinta-feira,12:53:00,SC,153,"95,8",CONCORDIA,Desrespeitar a preferência no cruzamento,Colisão transversal,Com Vítimas Feridas,Pleno dia,Crescente,Céu Claro,Simples,Reta,Sim,2,0,0,1,1,0,1,2,-27.204384,-51.949116,SPRF-SC,DEL07-SC,UOP04-DEL07-SC,2022
"416486,0",2022-02-22,terça-feira,13:05:00,SC,163,"85,5",GUARACIABA,Pista em desnível,Tombamento,Com Vítimas Feridas,Pleno dia,Crescente,Nublado,Simples,Reta,Sim,3,0,1,0,1,1,1,3,-26.60730301,-53.51704391,SPRF-SC,DEL07-SC,UOP03-DEL07-SC,2022
"416505,0",2022-02-22,terça-feira,16:10:00,SC,101,"197,8",BIGUACU,Velocidade Incompatível,Tombamento,Com Vítimas Feridas,Pleno dia,Decrescente,Céu Claro,Dupla,Curva,Sim,4,0,0,1,2,1,1,3,-27.52658712,-48.63506019,SPRF-SC,DEL01-SC,UOP01-DEL01-SC,2022
"416521,0",2022-02-22,terça-feira,11:50:00,SC,101,"291,0",IMBITUBA,Mal súbito do condutor,Colisão traseira,Com Vítimas Feridas,Pleno dia,Crescente,Céu Claro,Dupla,Reta,Não,3,0,1,0,1,1,1,3,-28.26980586,-48.70081551,SPRF-SC,DEL02-SC,UOP03-DEL02-SC,2022
"416596,0",2022-02-23,quarta-feira,07:20:00,SC,101,"113,3",ITAJAI,Acessar a via sem observar a presença dos outros veículos,Colisão transversal,Com Vítimas Feridas,Pleno dia,Decrescente,Céu Claro,Múltipla,Reta,Não,3,0,1,0,1,1,1,3,-26.85311393,-48.72689927,SPRF-SC,DEL04-SC,UOP04-DEL04-SC,2022
"416650,0",2022-02-23,quarta-feira,11:00:00,SC,153,"88,4",CONCORDIA,Demais falhas mecânicas ou elétricas,Tombamento,Com Vítimas Feridas,Pleno dia,Decrescente,Céu Claro,Simples,Curva,Não,2,0,1,0,0,1,1,2,-27.176329,-51.908144,SPRF-SC,DEL07-SC,UOP04-DEL07-SC,2022
"416676,0",2022-02-23,quarta-feira,15:13:00,SC,101,"384,0",ICARA,Manobra de mudança de faixa,Colisão lateral mesmo sentido,Com Vítimas Feridas,Pleno dia,Decrescente,Céu Claro,Dupla,Viaduto,Não,2,0,1,0,0,1,1,2,-28.77637687,-49.31553483,SPRF-SC,DEL02-SC,UOP02-DEL02-SC,2022
"416677,0",2022-02-23,quarta-feira,16:50:00,SC,101,"214,0",PALHOCA,Transitar na calçada,Colisão lateral sentido oposto,Com Vítimas Feridas,Pleno dia,Crescente,Sol,Simples,Reta,Não,2,0,1,0,1,0,1,2,-27.64443,-48.67057,SPRF-SC,DEL01-SC,UOP02-DEL01-SC,2022
"416699,0",2022-02-23,quarta-feira,18:30:00,SC,101,"430,0",SOMBRIO,Demais falhas mecânicas ou elétricas,Incêndio,Sem Vítimas,Anoitecer,Decrescente,Nublado,Dupla,Reta,Não,1,0,0,0,1,0,0,1,-29.05578387,-49.62209542,SPRF-SC,DEL02-SC,UOP02-DEL02-SC,2022
"416740,0",2022-02-23,quarta-feira,21:20:00,SC,282,"372,7",HERVAL DOESTE,Ausência de reação do condutor,Colisão traseira,Com Vítimas Fatais,Plena Noite,Crescente,Céu Claro,Simples,Reta,Não,3,1,0,0,1,2,0,4,-27.251827,-51.446991,SPRF-SC,DEL07-SC,UOP05-DEL07-SC,2022
"416756,0",2022-02-24,quinta-feira,04:30:00,SC,101,"234,0",PALHOCA,Condutor Dormindo,Colisão traseira,Com Vítimas Feridas,Plena Noite,Decrescente,Céu Claro,Dupla,Reta,Não,3,0,1,0,1,1,1,3,-27.81043812,-48.63537111,SPRF-SC,DEL01-SC,UOP02-DEL01-SC,2022
"416764,0",2022-02-24,quinta-feira,04:30:00,SC,470,"303,5",CAMPOS NOVOS,Condutor Dormindo,Saída de leito carroçável,Com Vítimas Fatais,Plena Noite,Crescente,Céu Claro,Simples,Ponte,Não,1,1,0,0,0,0,0,1,-27.3751061,-51.0,SPRF-SC,DEL07-SC,UOP06-DEL07-SC,2022
"416813,0",2022-02-23,quarta-feira,22:45:00,SC,470,"111,2",IBIRAMA,Velocidade Incompatível,Colisão frontal,Com Vítimas Feridas,Plena Noite,Decrescente,Nublado,Simples,Curva,Não,2,0,2,0,0,0,2,2,-27.095388,-49.457878,SPRF-SC,DEL04-SC,UOP02-DEL04-SC,2022
"416824,0",2022-02-24,quinta-feira,12:30:00,SC,470,"3,9",NAVEGANTES,Desrespeitar a preferência no cruzamento,Colisão traseira,Com Vítimas Feridas,Pleno dia,Decrescente,Nublado,Simples,Interseção de Vias,Não,4,0,1,0,2,1,1,4,-26.85848984,-48.68917298,SPRF-SC,DEL04-SC,UOP04-DEL04-SC,2022
"416843,0",2022-02-24,quinta-feira,14:00:00,SC,116,"188,9",SAO CRISTOVAO DO SUL,Desrespeitar a preferência no cruzamento,Saída de leito carroçável,Com Vítimas Feridas,Pleno dia,Decrescente,Sol,Simples,Interseção de Vias,Não,4,0,1,0,2,2,1,4,-27.3350988,-50.42690277,SPRF-SC,DEL05-SC,UOP03-DEL05-SC,2022
"416850,0",2022-02-24,quinta-feira,10:30:00,SC,163,"109,4",GUARUJA DO SUL,Demais falhas mecânicas ou elétricas,Incêndio,Sem Vítimas,Pleno dia,Crescente,Sol,Simples,Reta;Em Obras;Declive,Não,1,0,0,0,1,0,0,1,-26.41107971,-53.52235436,SPRF-SC,DEL07-SC,UOP03-DEL07-SC,2022
"416861,0",2022-02-24,quinta-feira,17:50:00,SC,101,"327,7",CAPIVARI DE BAIXO,Acessar a via sem observar a presença dos outros veículos,Colisão lateral mesmo sentido,Com Vítimas Feridas,Pleno dia,Decrescente,Céu Claro,Múltipla,Reta,Não,3,0,2,0,1,0,2,2,-28.44333364,-48.96540111,SPRF-SC,DEL02-SC,UOP01-DEL02-SC,2022
"416898,0",2022-02-24,quinta-feira,20:50:00,SC,470,"59,0",BLUMENAU,Pedestre andava na pista,Atropelamento de Pedestre,Sem Vítimas,Plena Noite,Decrescente,Nublado,Simples,Curva,Não,3,0,0,0,1,2,0,3,-26.882812,-49.1548,SPRF-SC,DEL04-SC,UOP01-DEL04-SC,2022
"416992,0",2022-02-25,sexta-feira,00:40:00,SC,101,"414,9",ARARANGUA,Área urbana sem a presença de local apropriado para a travessia de pedestres,Atropelamento de Pedestre,Com Vítimas Feridas,Plena Noite,Decrescente,Ignorado,Dupla,Curva,Sim,2,0,0,1,1,0,1,2,-28.96279219,-49.52259064,SPRF-SC,DEL02-SC,UOP02-DEL02-SC,2022
"417080,0",2022-02-25,sexta-feira,09:15:00,SC,282,"106,0",ALFREDO WAGNER,Acessar a via sem observar a presença dos outros veículos,Colisão lateral mesmo sentido,Sem Vítimas,Pleno dia,Crescente,Nublado,Simples,Curva,Não,2,0,0,0,2,0,0,2,-27.697609,-49.344734,SPRF-SC,DEL01-SC,UOP03-DEL01-SC,2022
"417112,0",2022-02-25,sexta-feira,08:20:00,SC,282,"533,8",CORDILHEIRA ALTA,Condutor deixou de manter distância do veículo da frente,Colisão traseira,Com Vítimas Feridas,Pleno dia,Crescente,Nublado,Simples,Reta,Sim,4,0,1,0,2,1,1,3,-26.996775,-52.632465,SPRF-SC,DEL07-SC,UOP01-DEL07-SC,2022
"417114,0",2022-02-25,sexta-feira,14:20:00,SC,101,"205,0",SAO JOSE,Condutor deixou de manter distância do veículo da frente,Colisão traseira,Com Vítimas Feridas,Pleno dia,Crescente,Céu Claro,Múltipla,Reta,Sim,4,0,3,0,1,0,3,3,-27.58313237,-48.61532885,SPRF-SC,DEL01-SC,UOP01-DEL01-SC,2022
"417138,0",2022-02-25,sexta-feira,09:00:00,SC,282,"143,0",BOM RETIRO,Ausência de reação do condutor,Colisão traseira,Com Vítimas Feridas,Pleno dia,Crescente,Ignorado,Simples,Reta,Não,2,0,1,0,0,1,1,2,-27.811066,-49.615063,SPRF-SC,DEL05-SC,UOP01-DEL05-SC,2022
"417192,0",2022-02-25,sexta-feira,12:30:00,SC,280,"89,3",CORUPA,Velocidade Incompatível,Tombamento,Sem Vítimas,Pleno dia,Decrescente,Sol,Simples,Declive;Curva,Não,1,0,0,0,1,0,0,1,-26.41222834,-49.27628914,SPRF-SC,DEL06-SC,UOP03-DEL06-SC,2022
"417271,0",2022-02-26,sábado,02:58:00,SC,470,"3,1",NAVEGANTES,Transitar na contramão,Colisão frontal,Com Vítimas Feridas,Plena Noite,Crescente,Céu Claro,Múltipla,Reta,Sim,4,0,1,0,2,1,1,3,-26.861937,-48.681618,SPRF-SC,DEL04-SC,UOP04-DEL04-SC,2022
"417321,0",2022-02-26,sábado,07:35:00,SC,101,"234,0",PALHOCA,Ingestão de álcool pelo condutor,Colisão lateral mesmo sentido,Com Vítimas Feridas,Pleno dia,Crescente,Céu Claro,Dupla,Declive,Não,3,0,1,0,1,1,1,3,-27.81043812,-48.63537111,SPRF-SC,DEL01-SC,UOP02-DEL01-SC,2022
"417362,0",2022-02-26,sábado,09:30:00,SC,470,"35,0",GASPAR,Ultrapassagem Indevida,Colisão lateral sentido oposto,Com Vítimas Feridas,Pleno dia,Decrescente,Céu Claro,Simples,Reta;Em Obras,Sim,3,0,1,0,2,0,1,3,-26.912857,-48.958965,SPRF-SC,DEL04-SC,UOP01-DEL04-SC,2022
"417478,0",2022-02-26,sábado,14:50:00,SC,282,"262,0",SAO JOSE DO CERRITO,Reação tardia ou ineficiente do condutor,Tombamento,Com Vítimas Feridas,Pleno dia,Crescente,Céu Claro,Simples,Curva;Aclive,Não,1,0,1,0,0,0,1,1,-27.653334,-50.59449,SPRF-SC,DEL05-SC,UOP02-DEL05-SC,2022
"417486,0",2022-02-26,sábado,20:00:00,SC,163,"73,3",SAO MIGUEL DO OESTE,Reação tardia ou ineficiente do condutor,Colisão lateral mesmo sentido,Com Vítimas Feridas,Plena Noite,Decrescente,Céu Claro,Simples,Reta;Aclive,Sim,3,0,1,0,1,1,1,3,-26.71084646,-53.51502434,SPRF-SC,DEL07-SC,UOP03-DEL07-SC,2022
"417609,0",2022-02-27,domingo,08:20:00,SC,101,"328,5",CAPIVARI DE BAIXO,Manobra de mudança de faixa,Colisão traseira,Com Vítimas Feridas,Pleno dia,Crescente,Céu Claro,Dupla,Declive,Sim,3,0,1,0,2,0,1,2,-28.43648094,-48.95989307,SPRF-SC,DEL02-SC,UOP01-DEL02-SC,2022
"417787,0",2022-02-24,quinta-feira,11:30:00,SC,280,"124,0",RIO NEGRINHO,Acessar a via sem observar a presença dos outros veículos,Colisão transversal,Com Vítimas Feridas,Pleno dia,Crescente,Céu Claro,Simples,Reta,Sim,3,0,1,0,2,0,1,2,-26.238444,-49.498132,SPRF-SC,DEL06-SC,UOP03-DEL06-SC,2022
"417879,0",2022-02-28,segunda-feira,19:00:00,SC,101,"235,8",PALHOCA,Acessar a via sem observar a presença dos outros veículos,Colisão lateral mesmo sentido,Com Vítimas Feridas,Plena Noite,Crescente,Céu Claro,Dupla,Reta,Não,2,0,1,0,1,0,1,2,-27.8177775,-48.6315025,SPRF-SC,DEL01-SC,UOP02-DEL01-SC,2022
"417926,0",2022-03-01,terça-feira,00:15:00,SC,116,"31,0",ITAIOPOLIS,Reação tardia ou ineficiente do condutor,Colisão traseira,Com Vítimas Feridas,Plena Noite,Crescente,Céu Claro,Simples,Reta,Não,3,0,2,0,1,0,2,2,-26.31708989,-49.97099106,SPRF-SC,DEL06-SC,UOP01-DEL06-SC,2022
"418005,0",2022-03-01,terça-feira,15:20:00,SC,101,"327,2",CAPIVARI DE BAIXO,Condutor deixou de manter distância do veículo da frente,Colisão lateral mesmo sentido,Com Vítimas Feridas,Pleno dia,Crescente,Céu Claro,Múltipla,Reta;Viaduto,Sim,4,0,0,1,2,1,1,4,-28.43023306,-48.95205197,SPRF-SC,DEL02-SC,UOP01-DEL02-SC,2022
"418010,0",2022-03-01,terça-feira,15:15:00,SC,470,"111,3",APIUNA,Velocidade Incompatível,Tombamento,Com Vítimas Feridas,Pleno dia,Decrescente,Céu Claro,Simples,Curva,Não,2,0,1,0,0,1,1,2,-27.095388,-49.457878,SPRF-SC,DEL04-SC,UOP02-DEL04-SC,2022
"418118,0",2022-03-02,quarta-feira,06:20:00,SC,116,"105,6",MONTE CASTELO,Velocidade Incompatível,Tombamento,Com Vítimas Feridas,Amanhecer,Decrescente,Nublado,Simples,Curva;Declive,Não,2,0,1,0,0,1,1,2,-26.74622356,-50.31463623,SPRF-SC,DEL06-SC,UOP02-DEL06-SC,2022
"418175,0",2022-03-02,quarta-feira,15:05:00,SC,101,"125,6",ITAJAI,Manobra de mudança de faixa,Tombamento,Com Vítimas Feridas,Pleno dia,Decrescente,Nublado,Dupla,Curva,Sim,4,0,0,1,2,1,1,4,-26.9528111,-48.67945433,SPRF-SC,DEL04-SC,UOP04-DEL04-SC,2022
"418209,0",2022-03-02,quarta-feira,08:15:00,SC,280,"281,7",IRINEOPOLIS,Condutor deixou de manter distância do veículo da frente,Colisão traseira,Com Vítimas Feridas,Pleno dia,Crescente,Céu Claro,Simples,Reta,Não,13,0,8,0,4,1,8,3,-26.29742523,-50.83861502,SPRF-SC,DEL06-SC,UOP04-DEL06-SC,2022
"418224,0",2022-03-02,quarta-feira,07:00:00,SC,470,"282,0",BRUNOPOLIS,Carga excessiva e/ou mal acondicionada,Tombamento,Com Vítimas Feridas,Pleno dia,Crescente,Céu Claro,Simples,Declive;Curva,Não,2,0,1,0,0,1,1,2,-27.334911,-50.882519,SPRF-SC,DEL07-SC,UOP06-DEL07-SC,2022
"418239,0",2022-03-02,quarta-feira,19:45:00,SC,101,"409,8",ARARANGUA,Manobra de mudança de faixa,Colisão frontal,Com Vítimas Feridas,Plena Noite,Crescente,Nublado,Simples,Rotatória,Sim,4,0,1,1,2,0,2,3,-28.9392621,-49.49762866,SPRF-SC,DEL02-SC,UOP02-DEL02-SC,2022
"418334,0",2022-03-03,quinta-feira,10:20:00,SC,470,"68,0",INDAIAL,Conversão proibida,Colisão transversal,Com Vítimas Feridas,Pleno dia,Decrescente,Nublado,Simples,Reta;Interseção de Vias,Sim,2,0,1,0,1,0,1,2,-26.877615,-49.239231,SPRF-SC,DEL04-SC,UOP01-DEL04-SC,2022
"418433,0",2022-03-03,quinta-feira,19:30:00,SC,280,"33,0",ARAQUARI,Reação tardia ou ineficiente do condutor,Colisão frontal,Com Vítimas Feridas,Plena Noite,Crescente,Garoa/Chuvisco,Simples,Curva;Interseção de Vias,Não,4,0,0,1,3,0,1,3,-26.42576441,-48.78741376,SPRF-SC,DEL03-SC,UOP03-DEL03-SC,2022
"418442,0",2022-03-03,quinta-feira,20:30:00,SC,101,"195,0",BIGUACU,Avarias e/ou desgaste excessivo no pneu,Colisão lateral mesmo sentido,Com Vítimas Feridas,Plena Noite,Crescente,Nublado,Múltipla,Reta,Não,4,0,1,0,2,1,1,3,-27.5047092,-48.65010819,SPRF-SC,DEL01-SC,UOP01-DEL01-SC,2022
"418458,0",2022-03-03,quinta-feira,20:00:00,SC,101,"16,0",GARUVA,Acessar a via sem observar a presença dos outros veículos,Colisão transversal,Com Vítimas Fatais,Plena Noite,Decrescente,Chuva,Dupla,Reta;Aclive,Não,4,1,0,0,1,4,0,6,-26.11427473,-48.87647034,SPRF-SC,DEL03-SC,UOP01-DEL03-SC,2022
"418489,0",2022-03-04,sexta-feira,00:40:00,SC,101,"113,6",ITAJAI,Avarias e/ou desgaste excessivo no pneu,Tombamento,Com Vítimas Fatais,Plena Noite,Decrescente,Nublado,Múltipla,Reta,Sim,5,1,1,0,1,2,1,4,-26.8592218,-48.7276015,SPRF-SC,DEL04-SC,UOP04-DEL04-SC,2022
"418495,0",2022-03-04,sexta-feira,04:54:00,SC,101,"79,0",ARAQUARI,Reação tardia ou ineficiente do condutor,Colisão lateral mesmo sentido,Com Vítimas Feridas,Plena Noite,Crescente,Nublado,Múltipla,Reta,Sim,3,0,1,0,2,0,1,2,-26.58559601,-48.72192112,SPRF-SC,DEL03-SC,UOP02-DEL03-SC,2022
"418526,0",2022-03-04,sexta-feira,09:00:00,SC,101,"149,0",ITAPEMA,Reação tardia ou ineficiente do condutor,Colisão traseira,Sem Vítimas,Pleno dia,Crescente,Céu Claro,Múltipla,Interseção de Vias,Não,2,0,0,0,2,0,0,2,-27.1089649,-48.61277586,SPRF-SC,DEL04-SC,UOP03-DEL04-SC,2022
"418539,0",2022-03-04,sexta-feira,08:30:00,SC,101,"366,5",SANGAO,Manobra de mudança de faixa,Colisão lateral mesmo sentido,Com Vítimas Feridas,Pleno dia,Decrescente,Céu Claro,Dupla,Reta,Não,5,0,1,0,3,1,1,3,-28.68718511,-49.15621795,SPRF-SC,DEL02-SC,UOP01-DEL02-SC,2022
"418565,0",2022-03-04,sexta-feira,11:25:00,SC,282,"390,3",JOACABA,Acessar a via sem observar a presença dos outros veículos,Colisão lateral mesmo sentido,Com Vítimas Feridas,Pleno dia,Decrescente,Sol,Simples,Reta,Sim,2,0,0,1,1,0,1,2,-27.175066,-51.550556,SPRF-SC,DEL07-SC,UOP05-DEL07-SC,2022
"418680,0",2022-03-05,sábado,02:00:00,SC,101,"239,0",PALHOCA,Condutor Dormindo,Saída de leito carroçável,Com Vítimas Feridas,Plena Noite,Crescente,Nublado,Múltipla,Curva,Não,1,0,0,1,0,0,1,1,-27.85046883,-48.63955216,SPRF-SC,DEL01-SC,UOP02-DEL01-SC,2022
"418871,0",2022-03-05,sábado,22:29:00,SC,282,"485,0",FAXINAL DOS GUEDES,Ingestão de álcool e/ou substâncias psicoativas pelo pedestre,Atropelamento de Pedestre,Com Vítimas Feridas,Plena Noite,Crescente,Céu Claro,Simples,Reta,Não,2,0,1,0,1,0,1,2,-26.857132,-52.245258,SPRF-SC,DEL07-SC,UOP01-DEL07-SC,2022
"418925,0",2022-03-06,domingo,04:20:00,SC,153,"41,5",VARGEM BONITA,Reação tardia ou ineficiente do condutor,Colisão frontal,Com Vítimas Feridas,Plena Noite,Decrescente,Céu Claro,Simples,Reta,Não,2,0,1,0,1,0,1,2,-26.851917,-51.744564,SPRF-SC,DEL07-SC,UOP05-DEL07-SC,2022
"418957,0",2022-03-06,domingo,11:15:00,SC,101,"42,0",JOINVILLE,Condutor deixou de manter distância do veículo da frente,Colisão traseira,Com Vítimas Feridas,Pleno dia,Decrescente,Sol,Dupla,Reta,Sim,3,0,1,0,1,1,1,3,-26.29251598,-48.88474385,SPRF-SC,DEL03-SC,UOP01-DEL03-SC,2022
"418996,0",2022-03-06,domingo,12:00:00,SC,470,"96,0",ASCURRA,Trafegar com motocicleta (ou similar) entre as faixas,Colisão traseira,Com Vítimas Feridas,Pleno dia,Decrescente,Nublado,Simples,Reta,Não,2,0,1,0,1,0,1,2,-27.020767,-49.371342,SPRF-SC,DEL04-SC,UOP01-DEL04-SC,2022
"419054,0",2022-03-06,domingo,19:00:00,SC,116,"186,4",SAO CRISTOVAO DO SUL,Ingestão de álcool pelo condutor,Colisão lateral sentido oposto,Com Vítimas Feridas,Plena Noite,Crescente,Chuva,Simples,Reta,Não,7,0,3,2,2,0,5,4,-27.31340181,-50.41996231,SPRF-SC,DEL05-SC,UOP03-DEL05-SC,2022
"419078,0",2022-03-06,domingo,20:00:00,SC,116,"113,4",SANTA CECILIA,Carga excessiva e/ou mal acondicionada,Colisão com objeto,Com Vítimas Feridas,Plena Noite,Crescente,Céu Claro,Simples,Reta,Não,3,0,1,0,2,0,1,2,-26.78591907,-50.34487121,SPRF-SC,DEL06-SC,UOP02-DEL06-SC,2022
"419210,0",2022-03-07,segunda-feira,15:30:00,SC,101,"331,1",TUBARAO,Condutor deixou de manter distância do veículo da frente,Colisão lateral mesmo sentido,Com Vítimas Feridas,Pleno dia,Crescente,Céu Claro,Múltipla,Reta,Não,4,0,2,0,1,1,2,3,-28.45567521,-48.9812689,SPRF-SC,DEL02-SC,UOP01-DEL02-SC,2022
"419256,0",2022-03-07,segunda-feira,19:36:00,SC,163,"74,6",SAO MIGUEL DO OESTE,Animais na Pista,Atropelamento de Animal,Com Vítimas Feridas,Plena Noite,Crescente,Céu Claro,Simples,Curva,Não,3,0,1,0,1,1,1,3,-26.70200479,-53.51350653,SPRF-SC,DEL07-SC,UOP03-DEL07-SC,2022
"419275,0",2022-03-08,terça-feira,02:50:00,SC,101,"189,0",BIGUACU,Velocidade Incompatível,Colisão com objeto,Com Vítimas Feridas,Plena Noite,Decrescente,Chuva,Dupla,Curva,Sim,4,0,0,1,2,1,1,4,-27.459393,-48.638914,SPRF-SC,DEL01-SC,UOP01-DEL01-SC,2022
"419307,0",2022-03-08,terça-feira,08:16:00,SC,101,"326,9",CAPIVARI DE BAIXO,Reação tardia ou ineficiente do condutor,Colisão traseira,Com Vítimas Feridas,Pleno dia,Decrescente,Céu Claro,Múltipla,Reta;Aclive,Não,4,0,1,0,2,1,1,3,-28.43687132,-48.96024054,SPRF-SC,DEL02-SC,UOP01-DEL02-SC,2022
"419326,0",2022-03-08,terça-feira,08:10:00,SC,470,"301,9",CAMPOS NOVOS,Reação tardia ou ineficiente do condutor,Colisão com objeto,Sem Vítimas,Pleno dia,Crescente,Sol,Simples,Reta,Não,1,0,0,0,1,0,0,1,-27.37573074,-51.06307983,SPRF-SC,DEL07-SC,UOP06-DEL07-SC,2022
"419337,0",2022-03-08,terça-feira,13:00:00,SC,101,"196,7",SAO JOSE,Reação tardia ou ineficiente do condutor,Colisão transversal,Sem Vítimas,Pleno dia,Decrescente,Nublado,Dupla,Reta,Sim,3,0,0,0,2,1,0,3,-27.51101091,-48.64322292,SPRF-SC,DEL01-SC,UOP01-DEL01-SC,2022
"419347,0",2022-03-08,terça-feira,12:00:00,SC,280,"2,4",SAO FRANCISCO DO SUL,Acessar a via sem observar a presença dos outros veículos,Colisão transversal,Com Vítimas Feridas,Pleno dia,Crescente,Céu Claro,Simples,Reta,Não,2,0,0,1,1,0,1,2,-26.23700996,-48.61979093,SPRF-SC,DEL03-SC,UOP03-DEL03-SC,2022
"419439,0",2022-03-08,terça-feira,23:20:00,SC,101,"215,0",PALHOCA,Ausência de sinalização,Colisão traseira,Com Vítimas Fatais,Plena Noite,Decrescente,Nublado,Múltipla,Curva,Sim,2,1,0,0,1,0,0,2,-27.653755,-48.677448,SPRF-SC,DEL01-SC,UOP02-DEL01-SC,2022
"419452,0",2022-03-09,quarta-feira,03:45:00,SC,101,"308,9",LAGUNA,Condutor Dormindo,Saída de leito carroçável,Sem Vítimas,Plena Noite,Decrescente,Chuva,Múltipla,Reta,Não,1,0,0,0,1,0,0,1,-28.425414,-48.800567,SPRF-SC,DEL02-SC,UOP01-DEL02-SC,2022
"419498,0",2022-03-09,quarta-feira,11:00:00,SC,101,"208,0",SAO JOSE,Ausência de reação do condutor,Colisão transversal,Com Vítimas Feridas,Pleno dia,Decrescente,Nublado,Múltipla,Reta,Sim,2,0,1,0,1,0,1,2,-27.60327979,-48.63201818,SPRF-SC,DEL01-SC,UOP01-DEL01-SC,2022
"419506,0",2022-03-09,quarta-feira,11:35:00,SC,101,"75,5",ARAQUARI,Condutor deixou de manter distância do veículo da frente,Colisão traseira,Com Vítimas Feridas,Pleno dia,Crescente,Sol,Dupla,Curva,Não,3,0,1,0,1,1,1,3,-26.5519717,-48.71688324,SPRF-SC,DEL03-SC,UOP02-DEL03-SC,2022
"419512,0",2022-03-09,quarta-feira,12:00:00,SC,101,"284,3",IMBITUBA,Acessar a via sem observar a presença dos outros veículos,Colisão com objeto,Sem Vítimas,Pleno dia,Decrescente,Garoa/Chuvisco,Simples,Viaduto,Sim,3,0,0,0,2,2,0,4,-28.21285498,-48.69962617,SPRF-SC,DEL02-SC,UOP03-DEL02-SC,2022
"419540,0",2022-03-09,quarta-feira,14:30:00,SC,280,"51,5",GUARAMIRIM,Sinalização mal posicionada,Colisão transversal,Com Vítimas Feridas,Pleno dia,Crescente,Céu Claro,Simples,Interseção de Vias;Retorno Regulamentado,Não,2,0,1,0,1,0,1,2,-26.46705503,-48.96055168,SPRF-SC,DEL03-SC,UOP03-DEL03-SC,2022
"419594,0",2022-03-09,quarta-feira,13:58:00,SC,480,"128,9",CHAPECO,Manobra de mudança de faixa,Colisão lateral mesmo sentido,Com Vítimas Feridas,Pleno dia,Crescente,Céu Claro,Dupla,Reta,Sim,3,0,1,0,1,2,1,4,-27.046569,-52.635729,SPRF-SC,DEL07-SC,UOP01-DEL07-SC,2022
"419607,0",2022-03-09,quarta-feira,21:00:00,SC,116,"167,5",PONTE ALTA DO NORTE,Ingestão de álcool pelo condutor,Colisão frontal,Sem Vítimas,Plena Noite,Crescente,Nublado,Simples,Reta,Sim,3,0,0,0,2,2,0,4,-27.16859697,-50.46434991,SPRF-SC,DEL05-SC,UOP03-DEL05-SC,2022
"419623,0",2022-03-09,quarta-feira,11:52:00,SC,153,"83,2",CONCORDIA,Condutor deixou de manter distância do veículo da frente,Engavetamento,Com Vítimas Feridas,Pleno dia,Decrescente,Céu Claro,Simples,Ponte;Reta,Não,4,0,1,0,2,1,1,4,-27.13541105,-51.91655874,SPRF-SC,DEL07-SC,UOP04-DEL07-SC,2022
"419653,0",2022-03-10,quinta-feira,00:20:00,SC,470,"86,9",RODEIO,Condutor Dormindo,Tombamento,Com Vítimas Feridas,Plena Noite,Crescente,Céu Claro,Simples,Curva,Não,2,0,1,0,0,1,1,2,-26.94795948,-49.36536139,SPRF-SC,DEL04-SC,UOP01-DEL04-SC,2022
"419684,0",2022-03-10,quinta-feira,10:45:00,SC,470,"3,9",NAVEGANTES,Desrespeitar a preferência no cruzamento,Colisão transversal,Com Vítimas Feridas,Pleno dia,Decrescente,Céu Claro,Simples,Rotatória,Sim,2,0,1,0,0,1,1,2,-26.861937,-48.681618,SPRF-SC,DEL04-SC,UOP04-DEL04-SC,2022
"419699,0",2022-03-10,quinta-feira,12:33:00,SC,282,"335,7",CAMPOS NOVOS,Desrespeitar a preferência no cruzamento,Colisão traseira,Sem Vítimas,Pleno dia,Decrescente,Nublado,Simples,Interseção de Vias,Sim,4,0,0,0,3,2,0,5,-27.39379305,-51.19174004,SPRF-SC,DEL07-SC,UOP06-DEL07-SC,2022