id,data_inversa,dia_semana,horario,uf,br,km,municipio,causa_acidente,tipo_acidente,classificacao_acidente,fase_dia,sentido_via,condicao_metereologica,tipo_pista,tracado_via,uso_solo,pessoas,mortos,feridos_leves,feridos_graves,ilesos,ignorados,feridos,veiculos,latitude,longitude,regional,delegacia,uop,ano_arquivo
"419738,0",2022-03-10,quinta-feira,16:30:00,SC,101,"56,8",ARAQUARI,Reação tardia ou ineficiente do condutor,Colisão traseira,Com Vítimas Feridas,Pleno dia,Decrescente,Céu Claro,Dupla,Reta,Não,3,0,1,0,2,0,1,2,-26.43207484,-48.82263984,SPRF-SC,DEL03-SC,UOP01-DEL03-SC,2022
"419771,0",2022-03-10,quinta-feira,14:48:00,SC,116,"106,2",MONTE CASTELO,Velocidade Incompatível,Colisão lateral sentido oposto,Com Vítimas Fatais,Pleno dia,Decrescente,Sol,Simples,Aclive,Não,4,1,1,0,1,1,1,4,-26.7545869,-50.3206125,SPRF-SC,DEL06-SC,UOP02-DEL06-SC,2022
"419772,0",2022-03-10,quinta-feira,16:30:00,SC,470,"221,4",SAO CRISTOVAO DO SUL,Velocidade Incompatível,Tombamento,Com Vítimas Feridas,Pleno dia,Decrescente,Nublado,Simples,Curva,Não,2,0,1,0,0,1,1,2,-27.30785282,-50.23099422,SPRF-SC,DEL05-SC,UOP03-DEL05-SC,2022
"419809,0",2022-03-10,quinta-feira,23:25:00,SC,470,"204,0",PONTE ALTA,Condutor Dormindo,Colisão lateral sentido oposto,Com Vítimas Feridas,Plena Noite,Decrescente,Garoa/Chuvisco,Simples,Reta,Não,5,0,2,0,2,3,2,7,-27.289373,-50.166328,SPRF-SC,DEL05-SC,UOP03-DEL05-SC,2022
"419931,0",2022-03-11,sexta-feira,10:40:00,SC,116,"15,0",MAFRA,Mal súbito do condutor,Colisão transversal,Com Vítimas Feridas,Pleno dia,Crescente,Céu Claro,Simples,Reta,Não,4,0,1,0,2,1,1,3,-26.20122513,-49.88054366,SPRF-SC,DEL06-SC,UOP01-DEL06-SC,2022
"419932,0",2022-03-11,sexta-feira,14:15:00,SC,282,"526,0",XAXIM,Transitar na contramão,Colisão frontal,Com Vítimas Feridas,Pleno dia,Crescente,Nublado,Simples,Curva,Não,3,0,1,0,2,0,1,3,-26.969427,-52.57497,SPRF-SC,DEL07-SC,UOP01-DEL07-SC,2022
"419938,0",2022-03-11,sexta-feira,16:00:00,SC,282,"3,0",FLORIANOPOLIS,Condutor deixou de manter distância do veículo da frente,Colisão traseira,Com Vítimas Feridas,Pleno dia,Crescente,Chuva,Dupla,Reta,Sim,2,0,1,0,1,0,1,2,-27.600384,-48.599705,SPRF-SC,DEL01-SC,UOP01-DEL01-SC,2022
"419967,0",2022-03-11,sexta-feira,19:20:00,SC,280,"24,2",ARAQUARI,Reação tardia ou ineficiente do condutor,Colisão transversal,Com Vítimas Feridas,Plena Noite,Crescente,Chuva,Simples,Reta,Sim,2,0,1,0,1,0,1,2,-26.37724921,-48.71953282,SPRF-SC,DEL03-SC,UOP03-DEL03-SC,2022
"419979,0",2022-03-11,sexta-feira,18:15:00,SC,163,"104,5",SAO JOSE DO CEDRO,Ultrapassagem Indevida,Saída de leito carroçável,Com Vítimas Feridas,Anoitecer,Crescente,Chuva,Múltipla,Curva;Declive,Sim,1,0,1,0,0,0,1,1,-26.45385604,-53.51042064,SPRF-SC,DEL07-SC,UOP03-DEL07-SC,2022
"419985,0",2022-03-11,sexta-feira,19:30:00,SC,282,"394,2",JOACABA,Chuva,Colisão lateral sentido oposto,Com Vítimas Feridas,Plena Noite,Crescente,Garoa/Chuvisco,Simples,Curva,Não,4,0,1,1,1,1,2,3,-27.16017,-51.58284,SPRF-SC,DEL07-SC,UOP05-DEL07-SC,2022
"420011,0",2022-03-11,sexta-feira,22:25:00,SC,101,"352,0",JAGUARUNA,Pedestre andava na pista,Atropelamento de Pedestre,Com Vítimas Fatais,Plena Noite,Decrescente,Chuva,Dupla,Declive;Reta,Sim,2,1,0,0,1,0,0,2,-28.6132902,-49.0632878,SPRF-SC,DEL02-SC,UOP01-DEL02-SC,2022
"420022,0",2022-03-11,sexta-feira,20:35:00,SC,470,"108,0",IBIRAMA,Velocidade Incompatível,Colisão frontal,Com Vítimas Feridas,Plena Noite,Crescente,Chuva,Simples,Curva,Não,2,0,0,1,1,0,1,2,-27.080708,-49.440491,SPRF-SC,DEL04-SC,UOP02-DEL04-SC,2022
"420056,0",2022-03-12,sábado,06:35:00,SC,116,"235,0",CORREIA PINTO,Reação tardia ou ineficiente do condutor,Tombamento,Com Vítimas Feridas,Amanhecer,Crescente,Nublado,Simples,Curva,Não,2,0,0,1,0,1,1,2,-27.711685,-50.33625903,SPRF-SC,DEL05-SC,UOP01-DEL05-SC,2022
"420141,0",2022-03-12,sábado,09:40:00,SC,282,"620,2",IRACEMINHA,Ausência de reação do condutor,Colisão lateral mesmo sentido,Com Vítimas Feridas,Pleno dia,Crescente,Nublado,Simples,Curva;Aclive,Não,5,0,0,1,3,1,1,5,-26.799355,-53.308002,SPRF-SC,DEL07-SC,UOP02-DEL07-SC,2022
"420203,0",2022-03-12,sábado,19:10:00,SC,101,"393,4",CRICIUMA,Retorno proibido,Colisão transversal,Com Vítimas Feridas,Plena Noite,Decrescente,Chuva,Dupla,Reta,Não,6,0,3,2,1,0,5,3,-28.8094198,-49.37995008,SPRF-SC,DEL02-SC,UOP02-DEL02-SC,2022
"420349,0",2022-03-13,domingo,14:25:00,SC,282,"56,4",RANCHO QUEIMADO,Objeto estático sobre o leito carroçável,Colisão lateral mesmo sentido,Sem Vítimas,Pleno dia,Decrescente,Chuva,Simples,Curva,Não,2,0,0,0,2,0,0,2,-27.691633,-48.991375,SPRF-SC,DEL01-SC,UOP03-DEL01-SC,2022
"420428,0",2022-03-13,domingo,16:00:00,SC,282,"105,0",ALFREDO WAGNER,Ausência de reação do condutor,Saída de leito carroçável,Com Vítimas Feridas,Pleno dia,Crescente,Chuva,Simples,Aclive;Curva,Não,1,0,1,0,0,0,1,1,-27.694309,-49.34338,SPRF-SC,DEL01-SC,UOP03-DEL01-SC,2022
"420524,0",2022-03-14,segunda-feira,08:00:00,SC,470,"138,7",RIO DO SUL,Desrespeitar a preferência no cruzamento,Colisão transversal,Com Vítimas Feridas,Pleno dia,Crescente,Nublado,Simples,Interseção de Vias,Sim,2,0,0,1,1,0,1,2,-27.207214,-49.648476,SPRF-SC,DEL04-SC,UOP02-DEL04-SC,2022
"420534,0",2022-03-13,domingo,20:00:00,SC,470,"121,4",IBIRAMA,Reação tardia ou ineficiente do condutor,Saída de leito carroçável,Sem Vítimas,Plena Noite,Crescente,Chuva,Simples,Curva,Não,1,0,0,0,1,0,0,1,-27.09775725,-49.53052998,SPRF-SC,DEL04-SC,UOP02-DEL04-SC,2022
"420569,0",2022-03-14,segunda-feira,08:15:00,SC,282,"512,1",XANXERE,Condutor usando celular,Colisão transversal,Com Vítimas Fatais,Pleno dia,Crescente,Garoa/Chuvisco,Simples,Declive;Reta,Não,4,1,0,0,1,2,0,4,-26.9096716,-52.47053146,SPRF-SC,DEL07-SC,UOP01-DEL07-SC,2022
"420584,0",2022-03-11,sexta-feira,19:45:00,SC,153,"59,5",IRANI,Desrespeitar a preferência no cruzamento,Colisão transversal,Com Vítimas Feridas,Plena Noite,Crescente,Chuva,Simples,Interseção de Vias,Não,3,0,1,0,1,2,1,4,-26.96948856,-51.85471773,SPRF-SC,DEL07-SC,UOP04-DEL07-SC,2022
"420661,0",2022-03-14,segunda-feira,19:30:00,SC,470,"145,0",RIO DO SUL,Velocidade Incompatível,Colisão transversal,Com Vítimas Fatais,Plena Noite,Crescente,Nublado,Simples,Reta,Sim,4,1,0,0,2,2,0,4,-27.2325,-49.67173,SPRF-SC,DEL04-SC,UOP02-DEL04-SC,2022
"420772,0",2022-03-15,terça-feira,10:15:00,SC,470,"68,0",INDAIAL,Acessar a via sem observar a presença dos outros veículos,Colisão transversal,Com Vítimas Feridas,Pleno dia,Crescente,Sol,Simples,Reta,Sim,3,0,1,0,1,2,1,4,-26.877615,-49.239231,SPRF-SC,DEL04-SC,UOP01-DEL04-SC,2022
"420817,0",2022-03-15,terça-feira,17:30:00,SC,282,"510,8",XANXERE,Chuva,Colisão traseira,Com Vítimas Feridas,Anoitecer,Crescente,Chuva,Simples,Curva,Não,3,0,1,0,2,0,1,2,-26.897114,-52.463585,SPRF-SC,DEL07-SC,UOP01-DEL07-SC,2022
"420839,0",2022-03-15,terça-feira,17:55:00,SC,470,"111,2",IBIRAMA,Velocidade Incompatível,Colisão lateral sentido oposto,Com Vítimas Feridas,Amanhecer,Crescente,Chuva,Simples,Curva,Não,3,0,1,1,0,1,2,3,-27.095388,-49.457878,SPRF-SC,DEL04-SC,UOP02-DEL04-SC,2022
"420840,0",2022-03-15,terça-feira,16:35:00,SC,282,"644,2",SAO MIGUEL DO OESTE,Reação tardia ou ineficiente do condutor,Saída de leito carroçável,Com Vítimas Feridas,Pleno dia,Crescente,Céu Claro,Simples,Declive,Não,1,0,1,0,0,0,1,1,-26.7664184,-53.48291516,SPRF-SC,DEL07-SC,UOP03-DEL07-SC,2022
"420888,0",2022-03-16,quarta-feira,03:00:00,SC,153,"0,4",AGUA DOCE,Acumulo de água sobre o pavimento,Saída de leito carroçável,Com Vítimas Feridas,Plena Noite,Decrescente,Chuva,Simples,Curva,Não,2,0,2,0,0,0,2,1,-26.61054,-51.485115,SPRF-SC,DEL07-SC,UOP05-DEL07-SC,2022
"420928,0",2022-03-16,quarta-feira,07:15:00,SC,470,"178,0",POUSO REDONDO,Ausência de reação do condutor,Colisão lateral sentido oposto,Sem Vítimas,Pleno dia,Crescente,Nublado,Simples,Reta,Não,3,0,0,0,2,1,0,3,-27.248392,-49.967083,SPRF-SC,DEL04-SC,UOP02-DEL04-SC,2022
"420961,0",2022-02-28,segunda-feira,10:20:00,SC,101,"42,4",JOINVILLE,Acessar a via sem observar a presença dos outros veículos,Colisão lateral mesmo sentido,Com Vítimas Fatais,Pleno dia,Decrescente,Sol,Dupla,Reta,Sim,3,1,0,0,1,1,0,3,-26.32717208,-48.86467695,SPRF-SC,DEL03-SC,UOP01-DEL03-SC,2022
"421090,0",2022-03-17,quinta-feira,12:05:00,SC,101,"177,0",BIGUACU,Velocidade Incompatível,Colisão traseira,Com Vítimas Feridas,Pleno dia,Decrescente,Céu Claro,Dupla,Reta,Não,2,0,0,1,1,0,1,2,-27.35538202,-48.63241474,SPRF-SC,DEL01-SC,UOP01-DEL01-SC,2022
"421160,0",2022-03-17,quinta-feira,20:20:00,SC,116,"6,0",MAFRA,Manobra de mudança de faixa,Colisão frontal,Com Vítimas Feridas,Plena Noite,Crescente,Nublado,Simples,Reta,Sim,5,0,3,0,1,1,3,3,-26.14644691,-49.82305806,SPRF-SC,DEL06-SC,UOP01-DEL06-SC,2022
"421188,0",2022-01-20,quinta-feira,15:00:00,SC,470,"141,9",RIO DO SUL,Reação tardia ou ineficiente do condutor,Colisão traseira,Com Vítimas Feridas,Pleno dia,Crescente,Céu Claro,Simples,Reta,Sim,6,0,1,0,5,0,1,5,-27.226065,-49.666161,SPRF-SC,DEL04-SC,UOP02-DEL04-SC,2022
"421191,0",2022-03-17,quinta-feira,23:55:00,SC,470,"56,0",BLUMENAU,Ingestão de álcool pelo condutor,Colisão frontal,Com Vítimas Feridas,Plena Noite,Crescente,Nublado,Simples,Reta,Sim,3,0,1,0,1,1,1,3,-26.87674,-49.127743,SPRF-SC,DEL04-SC,UOP01-DEL04-SC,2022
"421192,0",2022-03-17,quinta-feira,23:45:00,SC,282,"44,0",AGUAS MORNAS,Demais falhas mecânicas ou elétricas,Saída de leito carroçável,Com Vítimas Feridas,Plena Noite,Decrescente,Nublado,Simples,Curva;Declive,Não,2,0,1,1,0,0,2,1,-27.722137,-48.90694,SPRF-SC,DEL01-SC,UOP03-DEL01-SC,2022
"421212,0",2022-03-18,sexta-feira,05:15:00,SC,470,"138,7",RIO DO SUL,Desrespeitar a preferência no cruzamento,Colisão transversal,Com Vítimas Feridas,Amanhecer,Decrescente,Nublado,Simples,Interseção de Vias,Não,2,0,1,0,1,0,1,2,-27.207214,-49.648476,SPRF-SC,DEL04-SC,UOP02-DEL04-SC,2022
"421325,0",2022-03-18,sexta-feira,15:00:00,SC,101,"381,5",ICARA,Chuva,Colisão com objeto,Com Vítimas Feridas,Pleno dia,Decrescente,Chuva,Múltipla,Reta,Não,5,0,2,0,2,1,2,3,-28.74463394,-49.25548553,SPRF-SC,DEL02-SC,UOP02-DEL02-SC,2022
"421355,0",2022-03-11,sexta-feira,10:10:00,SC,282,"5,0",SAO JOSE,Reação tardia ou ineficiente do condutor,Colisão traseira,Com Vítimas Feridas,Pleno dia,Crescente,Céu Claro,Múltipla,Reta,Sim,3,0,2,0,1,0,2,3,-27.588425,-48.612919,SPRF-SC,DEL01-SC,UOP01-DEL01-SC,2022
"421361,0",2022-03-18,sexta-feira,09:40:00,SC,282,"67,5",RANCHO QUEIMADO,Demais falhas mecânicas ou elétricas,Tombamento,Com Vítimas Feridas,Pleno dia,Crescente,Céu Claro,Simples,Curva,Não,3,0,2,1,0,0,3,1,-27.695963,-49.0695,SPRF-SC,DEL01-SC,UOP03-DEL01-SC,2022
"421368,0",2022-03-18,sexta-feira,18:50:00,SC,470,"170,2",POUSO REDONDO,Entrada inopinada do pedestre,Atropelamento de Pedestre,Com Vítimas Fatais,Plena Noite,Crescente,Chuva,Simples,Aclive;Curva,Sim,5,1,0,0,2,2,0,4,-27.263881,-49.8958825,SPRF-SC,DEL04-SC,UOP02-DEL04-SC,2022
"421391,0",2022-03-18,sexta-feira,23:05:00,SC,282,"174,0",BOCAINA DO SUL,Reação tardia ou ineficiente do condutor,Colisão lateral sentido oposto,Com Vítimas Feridas,Plena Noite,Crescente,Garoa/Chuvisco,Simples,Curva,Não,6,0,4,0,1,1,4,2,-27.742559,-49.882248,SPRF-SC,DEL05-SC,UOP01-DEL05-SC,2022
"421448,0",2022-03-19,sábado,04:51:00,SC,101,"330,0",TUBARAO,Ingestão de álcool pelo condutor,Saída de leito carroçável,Com Vítimas Feridas,Plena Noite,Decrescente,Garoa/Chuvisco,Dupla,Reta,Não,2,0,1,0,0,1,1,2,-28.45115639,-48.97286879,SPRF-SC,DEL02-SC,UOP01-DEL02-SC,2022
"421502,0",2022-03-19,sábado,07:45:00,SC,470,"190,0",POUSO REDONDO,Velocidade Incompatível,Tombamento,Com Vítimas Feridas,Pleno dia,Decrescente,Nublado,Simples,Curva,Não,3,0,2,0,0,1,2,2,-27.281504,-50.069775,SPRF-SC,DEL04-SC,UOP02-DEL04-SC,2022
"421526,0",2022-03-19,sábado,11:15:00,SC,101,"331,0",TUBARAO,Acessar a via sem observar a presença dos outros veículos,Colisão transversal,Com Vítimas Feridas,Pleno dia,Crescente,Céu Claro,Simples,Interseção de Vias,Sim,3,0,1,0,2,0,1,2,-28.45567521,-48.9812689,SPRF-SC,DEL02-SC,UOP01-DEL02-SC,2022
"421682,0",2022-03-20,domingo,04:10:00,SC,101,"287,4",IMBITUBA,Transitar na contramão,Colisão frontal,Com Vítimas Fatais,Plena Noite,Crescente,Nublado,Dupla,Curva,Não,3,1,0,0,1,2,0,4,-28.2604069,-48.7045591,SPRF-SC,DEL02-SC,UOP03-DEL02-SC,2022
"421738,0",2022-03-20,domingo,11:35:00,SC,280,"232,8",CANOINHAS,Acessar a via sem observar a presença dos outros veículos,Colisão transversal,Com Vítimas Feridas,Pleno dia,Decrescente,Céu Claro,Simples,Interseção de Vias,Não,5,0,4,0,1,0,4,2,-26.19014736,-50.38186997,SPRF-SC,DEL06-SC,UOP04-DEL06-SC,2022
"421797,0",2022-03-20,domingo,16:45:00,SC,280,"123,0",RIO NEGRINHO,Condutor Dormindo,Saída de leito carroçável,Com Vítimas Feridas,Pleno dia,Crescente,Céu Claro,Simples,Reta,Sim,2,0,0,1,0,2,1,3,-26.24420169,-49.46557991,SPRF-SC,DEL06-SC,UOP03-DEL06-SC,2022
"421914,0",2022-03-21,segunda-feira,09:30:00,SC,101,"131,7",BALNEARIO CAMBORIU,Velocidade Incompatível,Colisão traseira,Com Vítimas Feridas,Pleno dia,Crescente,Chuva,Dupla,Reta,Sim,2,0,1,0,1,0,1,2,-26.99064209,-48.66310912,SPRF-SC,DEL04-SC,UOP03-DEL04-SC,2022
"421979,0",2022-03-21,segunda-feira,17:50:00,SC,470,"97,0",APIUNA,Ultrapassagem Indevida,Colisão lateral mesmo sentido,Com Vítimas Feridas,Anoitecer,Decrescente,Chuva,Simples,Reta;Interseção de Vias,Sim,2,0,1,0,1,0,1,2,-27.026621,-49.378124,SPRF-SC,DEL04-SC,UOP01-DEL04-SC,2022
"421990,0",2022-03-21,segunda-feira,17:45:00,SC,470,"317,3",CAMPOS NOVOS,Pedestre cruzava a pista fora da faixa,Atropelamento de Pedestre,Com Vítimas Feridas,Pleno dia,Crescente,Céu Claro,Simples,Reta,Sim,2,0,0,1,1,0,1,2,-27.404869,-51.206257,SPRF-SC,DEL07-SC,UOP06-DEL07-SC,2022
"421994,0",2022-03-21,segunda-feira,16:30:00,SC,282,"610,3",MARAVILHA,Transitar na contramão,Colisão frontal,Com Vítimas Feridas,Pleno dia,Crescente,Sol,Simples,Aclive;Curva,Não,2,0,0,1,1,0,1,2,-26.75499937,-53.2337594,SPRF-SC,DEL07-SC,UOP02-DEL07-SC,2022
"422037,0",2022-03-22,terça-feira,07:00:00,SC,470,"120,5",IBIRAMA,Ultrapassagem Indevida,Colisão frontal,Com Vítimas Feridas,Pleno dia,Crescente,Chuva,Simples,Declive;Reta,Não,4,0,1,0,2,1,1,4,-27.095861,-49.526859,SPRF-SC,DEL04-SC,UOP02-DEL04-SC,2022
"422162,0",2022-03-22,terça-feira,18:55:00,SC,470,"64,3",INDAIAL,Reação tardia ou ineficiente do condutor,Colisão traseira,Com Vítimas Feridas,Plena Noite,Crescente,Nublado,Simples,Reta,Sim,2,0,0,1,1,0,1,2,-26.869867,-49.201859,SPRF-SC,DEL04-SC,UOP01-DEL04-SC,2022
"422211,0",2022-03-23,quarta-feira,06:00:00,SC,101,"76,0",ARAQUARI,Demais falhas mecânicas ou elétricas,Incêndio,Sem Vítimas,Amanhecer,Crescente,Céu Claro,Simples,Reta,Não,1,0,0,0,1,0,0,1,-26.55954801,-48.72063404,SPRF-SC,DEL03-SC,UOP02-DEL03-SC,2022
"422308,0",2022-03-23,quarta-feira,15:55:00,SC,282,"507,0",XANXERE,Demais falhas mecânicas ou elétricas,Saída de leito carroçável,Sem Vítimas,Pleno dia,Crescente,Chuva,Simples,Aclive,Sim,2,0,0,0,1,1,0,2,-26.886171,-52.43911,SPRF-SC,DEL07-SC,UOP01-DEL07-SC,2022
"422350,0",2022-03-23,quarta-feira,18:30:00,SC,470,"33,0",GASPAR,Condutor deixou de manter distância do veículo da frente,Colisão traseira,Com Vítimas Feridas,Anoitecer,Decrescente,Chuva,Dupla,Reta;Em Obras,Sim,3,0,1,0,2,0,1,3,-26.906223,-48.940575,SPRF-SC,DEL04-SC,UOP01-DEL04-SC,2022
"422353,0",2022-03-23,quarta-feira,22:22:00,SC,280,"212,1",TRES BARRAS,Acessar a via sem observar a presença dos outros veículos,Colisão traseira,Com Vítimas Fatais,Plena Noite,Decrescente,Nublado,Simples,Reta,Não,4,3,0,0,1,0,0,2,-26.17859527,-50.18749694,SPRF-SC,DEL06-SC,UOP04-DEL06-SC,2022
"422356,0",2022-03-23,quarta-feira,20:10:00,SC,282,"459,4",PONTE SERRADA,Transitar na contramão,Colisão frontal,Com Vítimas Feridas,Plena Noite,Crescente,Chuva,Simples,Reta,Sim,3,0,1,1,1,0,2,2,-26.863695,-52.024818,SPRF-SC,DEL07-SC,UOP04-DEL07-SC,2022
"422370,0",2022-03-24,quinta-feira,03:00:00,SC,101,"183,0",BIGUACU,Animais na Pista,Atropelamento de Animal,Sem Vítimas,Plena Noite,Crescente,Céu Claro,Dupla,Reta,Sim,1,0,0,0,1,0,0,1,-27.40688892,-48.6285296,SPRF-SC,DEL01-SC,UOP01-DEL01-SC,2022
"422402,0",2022-03-24,quinta-feira,05:40:00,SC,282,"552,0",NOVA ITABERABA,Ausência de sinalização,Colisão traseira,Com Vítimas Feridas,Plena Noite,Decrescente,Chuva,Simples,Reta,Não,3,0,1,1,1,0,2,2,-26.943676,-52.783813,SPRF-SC,DEL07-SC,UOP01-DEL07-SC,2022
"422428,0",2022-03-24,quinta-feira,11:10:00,SC,101,"204,4",SAO JOSE,Reação tardia ou ineficiente do condutor,Saída de leito carroçável,Com Vítimas Feridas,Pleno dia,Crescente,Nublado,Múltipla,Reta,Sim,4,0,0,1,3,0,1,3,-27.57413014,-48.61363083,SPRF-SC,DEL01-SC,UOP01-DEL01-SC,2022
"422446,0",2022-03-24,quinta-feira,12:30:00,SC,101,"104,6",PENHA,Condutor deixou de manter distância do veículo da frente,Colisão traseira,Com Vítimas Feridas,Pleno dia,Decrescente,Nublado,Múltipla,Viaduto;Reta;Aclive,Não,3,0,1,0,1,2,1,4,-26.79281742,-48.68080819,SPRF-SC,DEL03-SC,UOP02-DEL03-SC,2022
"422463,0",2022-03-24,quinta-feira,07:35:00,SC,282,"553,0",NOVA ITABERABA,Condutor deixou de manter distância do veículo da frente,Colisão transversal,Com Vítimas Feridas,Pleno dia,Decrescente,Chuva,Simples,Curva,Não,3,0,1,0,1,1,1,3,-26.93815,-52.791916,SPRF-SC,DEL07-SC,UOP01-DEL07-SC,2022
"422465,0",2022-03-24,quinta-feira,13:50:00,SC,101,"53,4",JOINVILLE,Ausência de reação do condutor,Saída de leito carroçável,Com Vítimas Feridas,Pleno dia,Crescente,Chuva,Dupla,Aclive;Reta,Sim,2,0,1,0,0,1,1,2,-26.40231201,-48.83969703,SPRF-SC,DEL03-SC,UOP01-DEL03-SC,2022
"422475,0",2022-03-24,quinta-feira,12:20:00,SC,470,"184,9",POUSO REDONDO,Demais falhas mecânicas ou elétricas,Saída de leito carroçável,Com Vítimas Feridas,Pleno dia,Decrescente,Chuva,Simples,Curva,Não,2,0,1,1,0,0,2,1,-27.253036,-50.026642,SPRF-SC,DEL04-SC,UOP02-DEL04-SC,2022
"422531,0",2022-03-24,quinta-feira,19:27:00,SC,116,"32,5",ITAIOPOLIS,Pedestre andava na pista,Atropelamento de Pedestre,Com Vítimas Fatais,Plena Noite,Crescente,Chuva,Simples,Reta,Não,5,1,0,0,3,1,0,3,-26.3236828,-49.9831135,SPRF-SC,DEL06-SC,UOP01-DEL06-SC,2022
"422546,0",2022-03-25,sexta-feira,02:10:00,SC,101,"202,0",SAO JOSE,Ingestão de álcool pelo condutor,Colisão lateral mesmo sentido,Sem Vítimas,Plena Noite,Crescente,Céu Claro,Dupla,Reta,Sim,2,0,0,0,2,0,0,2,-27.55711595,-48.61897889,SPRF-SC,DEL01-SC,UOP01-DEL01-SC,2022
"422645,0",2022-03-25,sexta-feira,11:10:00,SC,116,"77,0",MONTE CASTELO,Reação tardia ou ineficiente do condutor,Colisão traseira,Com Vítimas Feridas,Pleno dia,Decrescente,Nublado,Simples,Aclive;Em Obras,Não,4,0,2,0,1,1,2,3,-26.52947196,-50.22592053,SPRF-SC,DEL06-SC,UOP02-DEL06-SC,2022
"422665,0",2022-03-25,sexta-feira,16:30:00,SC,470,"57,0",BLUMENAU,Trafegar com motocicleta (ou similar) entre as faixas,Colisão lateral mesmo sentido,Com Vítimas Feridas,Pleno dia,Crescente,Nublado,Simples,Rotatória,Sim,2,0,1,0,1,0,1,2,-26.88253596,-49.14198518,SPRF-SC,DEL04-SC,UOP01-DEL04-SC,2022
"422686,0",2022-03-25,sexta-feira,18:30:00,SC,101,"134,0",BALNEARIO CAMBORIU,Manobra de mudança de faixa,Colisão lateral mesmo sentido,Com Vítimas Feridas,Plena Noite,Crescente,Nublado,Dupla,Reta,Sim,2,0,0,1,1,0,1,2,-27.00218,-48.636433,SPRF-SC,DEL04-SC,UOP03-DEL04-SC,2022
"422709,0",2022-03-25,sexta-feira,19:30:00,SC,282,"571,8",PINHALZINHO,Iluminação deficiente,Colisão transversal,Com Vítimas Feridas,Plena Noite,Decrescente,Céu Claro,Simples,Reta,Não,3,0,2,0,1,0,2,2,-26.883053,-52.939816,SPRF-SC,DEL07-SC,UOP02-DEL07-SC,2022
"422713,0",2022-03-25,sexta-feira,21:30:00,SC,101,"127,1",ITAJAI,Pedestre andava na pista,Atropelamento de Pedestre,Com Vítimas Feridas,Plena Noite,Decrescente,Céu Claro,Dupla,Reta,Sim,2,0,0,1,0,1,1,2,-26.9639319,-48.68328024,SPRF-SC,DEL04-SC,UOP04-DEL04-SC,2022
"422724,0",2022-03-25,sexta-feira,21:45:00,SC,470,"144,9",RIO DO SUL,Condutor deixou de manter distância do veículo da frente,Colisão transversal,Sem Vítimas,Plena Noite,Crescente,Chuva,Simples,Reta,Não,3,0,0,0,2,1,0,3,-27.235138,-49.677608,SPRF-SC,DEL04-SC,UOP02-DEL04-SC,2022
"422765,0",2022-03-26,sábado,00:00:00,SC,470,"144,8",RIO DO SUL,Ingestão de álcool pelo condutor,Colisão frontal,Com Vítimas Feridas,Plena Noite,Crescente,Nublado,Simples,Reta,Sim,3,0,0,1,1,1,1,3,-27.235138,-49.677608,SPRF-SC,DEL04-SC,UOP02-DEL04-SC,2022
"422821,0",2022-03-26,sábado,10:40:00,SC,470,"66,0",INDAIAL,Pedestre andava na pista,Atropelamento de Pedestre,Com Vítimas Feridas,Pleno dia,Crescente,Céu Claro,Simples,Reta,Sim,3,0,0,1,1,2,1,4,-26.870407,-49.221844,SPRF-SC,DEL04-SC,UOP01-DEL04-SC,2022
"422910,0",2022-03-26,sábado,21:30:00,SC,101,"138,3",BALNEARIO CAMBORIU,Velocidade Incompatível,Colisão lateral mesmo sentido,Com Vítimas Feridas,Plena Noite,Decrescente,Céu Claro,Múltipla,Curva,Sim,5,0,0,2,1,3,2,5,-27.02397426,-48.60761649,SPRF-SC,DEL04-SC,UOP03-DEL04-SC,2022
"423101,0",2022-03-27,domingo,20:20:00,SC,101,"46,0",JOINVILLE,Manobra de mudança de faixa,Colisão lateral mesmo sentido,Sem Vítimas,Plena Noite,Crescente,Nublado,Dupla,Curva,Não,3,0,0,0,1,2,0,3,-26.33150083,-48.86187762,SPRF-SC,DEL03-SC,UOP01-DEL03-SC,2022
"423272,0",2022-03-28,segunda-feira,14:45:00,SC,470,"144,9",RIO DO SUL,Transitar na contramão,Colisão lateral sentido oposto,Com Vítimas Feridas,Pleno dia,Decrescente,Sol,Simples,Curva,Sim,5,0,1,0,3,2,1,6,-27.23219176,-49.67146933,SPRF-SC,DEL04-SC,UOP02-DEL04-SC,2022
"423305,0",2022-03-28,segunda-feira,18:35:00,SC,470,"11,0",NAVEGANTES,Transitar no acostamento,Colisão transversal,Com Vítimas Feridas,Anoitecer,Decrescente,Céu Claro,Simples,Interseção de Vias;Reta;Em Obras,Não,3,0,2,0,1,0,2,2,-26.834309,-48.747269,SPRF-SC,DEL04-SC,UOP04-DEL04-SC,2022
"423336,0",2022-03-28,segunda-feira,21:00:00,SC,116,"124,0",SANTA CECILIA,Curva acentuada,Saída de leito carroçável,Com Vítimas Feridas,Plena Noite,Crescente,Nublado,Simples,Curva,Não,1,0,1,0,0,0,1,1,-26.85025694,-50.40504834,SPRF-SC,DEL06-SC,UOP02-DEL06-SC,2022
"423347,0",2022-03-29,terça-feira,01:31:00,SC,101,"192,0",BIGUACU,Condutor Dormindo,Tombamento,Com Vítimas Feridas,Plena Noite,Decrescente,Nublado,Múltipla,Curva,Sim,2,0,0,1,0,1,1,2,-27.48443781,-48.64765238,SPRF-SC,DEL01-SC,UOP01-DEL01-SC,2022