id,data_inversa,dia_semana,horario,uf,br,km,municipio,causa_acidente,tipo_acidente,classificacao_acidente,fase_dia,sentido_via,condicao_metereologica,tipo_pista,tracado_via,uso_solo,pessoas,mortos,feridos_leves,feridos_graves,ilesos,ignorados,feridos,veiculos,latitude,longitude,regional,delegacia,uop,ano_arquivo
"423354,0",2022-03-29,terça-feira,06:05:00,SC,470,"61,6",BLUMENAU,Condutor Dormindo,Colisão frontal,Com Vítimas Feridas,Amanhecer,Crescente,Nublado,Simples,Curva,Sim,3,0,1,1,0,1,2,3,-26.87583716,-49.18076992,SPRF-SC,DEL04-SC,UOP01-DEL04-SC,2022
"423360,0",2022-03-27,domingo,08:00:00,SC,282,"537,0",CHAPECO,Carga excessiva e/ou mal acondicionada,Derramamento de carga,Sem Vítimas,Amanhecer,Decrescente,Céu Claro,Simples,Reta,Não,2,0,0,0,1,2,0,3,-26.99623718,-52.6763553,SPRF-SC,DEL07-SC,UOP01-DEL07-SC,2022
"423365,0",2022-03-29,terça-feira,07:15:00,SC,101,"121,6",ITAJAI,Condutor deixou de manter distância do veículo da frente,Colisão traseira,Com Vítimas Feridas,Pleno dia,Crescente,Nublado,Dupla,Reta,Sim,3,0,1,0,1,1,1,3,-26.92103178,-48.70856446,SPRF-SC,DEL04-SC,UOP04-DEL04-SC,2022
"423374,0",2022-03-29,terça-feira,09:04:00,SC,282,"516,6",XAXIM,Velocidade Incompatível,Colisão traseira,Com Vítimas Feridas,Pleno dia,Crescente,Céu Claro,Simples,Reta,Não,7,0,3,0,3,1,3,5,-26.930862,-52.499157,SPRF-SC,DEL07-SC,UOP01-DEL07-SC,2022
"423407,0",2022-03-29,terça-feira,13:20:00,SC,480,"126,8",CHAPECO,Desrespeitar a preferência no cruzamento,Colisão transversal,Com Vítimas Feridas,Pleno dia,Decrescente,Sol,Simples,Interseção de Vias,Sim,2,0,0,1,1,0,1,2,-27.020083,-52.636024,SPRF-SC,DEL07-SC,UOP01-DEL07-SC,2022
"423408,0",2022-03-29,terça-feira,12:00:00,SC,101,"35,5",JOINVILLE,Manobra de mudança de faixa,Colisão com objeto,Com Vítimas Feridas,Pleno dia,Crescente,Céu Claro,Dupla,Reta,Não,2,0,1,0,0,1,1,2,-26.2411301,-48.91227415,SPRF-SC,DEL03-SC,UOP01-DEL03-SC,2022
"423488,0",2022-03-29,terça-feira,10:10:00,SC,282,"137,2",BOM RETIRO,Velocidade Incompatível,Saída de leito carroçável,Sem Vítimas,Pleno dia,Decrescente,Céu Claro,Simples,Rotatória,Não,2,0,0,0,1,1,0,2,-27.823,-49.5705,SPRF-SC,DEL05-SC,UOP01-DEL05-SC,2022
"423493,0",2022-03-30,quarta-feira,01:55:00,SC,282,"80,5",RANCHO QUEIMADO,Demais falhas mecânicas ou elétricas,Incêndio,Sem Vítimas,Plena Noite,Crescente,Nevoeiro/Neblina,Simples,Curva,Não,1,0,0,0,1,0,0,1,-27.661347,-49.164067,SPRF-SC,DEL01-SC,UOP03-DEL01-SC,2022
"423518,0",2022-03-30,quarta-feira,05:50:00,SC,470,"126,9",LONTRAS,Ultrapassagem Indevida,Saída de leito carroçável,Com Vítimas Feridas,Amanhecer,Decrescente,Nublado,Simples,Reta,Não,3,0,1,0,1,1,1,3,-27.129,-49.538277,SPRF-SC,DEL04-SC,UOP02-DEL04-SC,2022
"423593,0",2022-03-30,quarta-feira,12:00:00,SC,280,"66,5",JARAGUA DO SUL,Transitar no acostamento,Colisão traseira,Com Vítimas Feridas,Pleno dia,Decrescente,Nublado,Simples,Reta,Sim,3,0,0,1,0,2,1,3,-26.47465182,-49.10828054,SPRF-SC,DEL03-SC,UOP03-DEL03-SC,2022
"423609,0",2022-03-30,quarta-feira,18:40:00,SC,101,"210,0",SAO JOSE,Ausência de reação do condutor,Colisão lateral mesmo sentido,Com Vítimas Feridas,Plena Noite,Crescente,Nublado,Múltipla,Reta,Sim,2,0,1,0,1,0,1,2,-27.6167305,-48.6457265,SPRF-SC,DEL01-SC,UOP01-DEL01-SC,2022
"423619,0",2022-02-18,sexta-feira,17:00:00,SC,470,"7,0",NAVEGANTES,Acessar a via sem observar a presença dos outros veículos,Colisão transversal,Sem Vítimas,Pleno dia,Crescente,Céu Claro,Simples,Interseção de Vias,Não,2,0,0,0,2,0,0,2,-26.9315655,-48.6935223,SPRF-SC,DEL04-SC,UOP04-DEL04-SC,2022
"423626,0",2022-03-30,quarta-feira,17:25:00,SC,153,"53,5",IRANI,Frear bruscamente,Colisão traseira,Com Vítimas Feridas,Pleno dia,Crescente,Nublado,Simples,Reta,Não,3,0,1,0,1,2,1,4,-26.93777154,-51.81944668,SPRF-SC,DEL07-SC,UOP05-DEL07-SC,2022
"423633,0",2022-03-30,quarta-feira,19:00:00,SC,470,"200,2",PONTE ALTA,Velocidade Incompatível,Colisão transversal,Sem Vítimas,Plena Noite,Decrescente,Nublado,Simples,Reta,Não,6,0,0,0,5,1,0,3,-27.305405,-50.136627,SPRF-SC,DEL05-SC,UOP03-DEL05-SC,2022
"423644,0",2022-03-30,quarta-feira,19:00:00,SC,280,"13,4",SAO FRANCISCO DO SUL,Ultrapassagem Indevida,Colisão frontal,Com Vítimas Fatais,Plena Noite,Crescente,Nublado,Simples,Reta,Não,4,1,0,0,2,4,0,7,-26.32171113,-48.64798666,SPRF-SC,DEL03-SC,UOP03-DEL03-SC,2022
"423646,0",2022-03-30,quarta-feira,17:00:00,SC,280,"21,7",ARAQUARI,Condutor deixou de manter distância do veículo da frente,Colisão traseira,Com Vítimas Feridas,Pleno dia,Crescente,Céu Claro,Simples,Reta,Sim,3,0,0,1,1,3,1,5,-26.37043169,-48.69219602,SPRF-SC,DEL03-SC,UOP03-DEL03-SC,2022
"423662,0",2022-03-31,quinta-feira,01:10:00,SC,101,"451,0",SAO JOAO DO SUL,Ingestão de álcool pelo condutor,Colisão frontal,Com Vítimas Feridas,Plena Noite,Crescente,Nublado,Dupla,Interseção de Vias;Curva,Não,2,0,1,0,1,0,1,2,-29.17982211,-49.75464372,SPRF-SC,DEL02-SC,UOP02-DEL02-SC,2022
"423710,0",2022-03-31,quinta-feira,07:05:00,SC,116,"176,0",SAO CRISTOVAO DO SUL,Demais falhas mecânicas ou elétricas,Tombamento,Sem Vítimas,Pleno dia,Crescente,Nublado,Simples,Curva,Não,2,0,0,0,1,2,0,3,-27.24164321,-50.46329137,SPRF-SC,DEL05-SC,UOP03-DEL05-SC,2022
"423767,0",2022-03-31,quinta-feira,16:20:00,SC,101,"215,0",PALHOCA,Manobra de mudança de faixa,Colisão lateral mesmo sentido,Com Vítimas Feridas,Pleno dia,Crescente,Céu Claro,Dupla,Declive,Sim,2,0,1,0,1,0,1,2,-27.65184843,-48.67604941,SPRF-SC,DEL01-SC,UOP02-DEL01-SC,2022
"423770,0",2022-03-31,quinta-feira,14:55:00,SC,282,"377,5",HERVAL DOESTE,Condutor deixou de manter distância do veículo da frente,Colisão traseira,Com Vítimas Feridas,Pleno dia,Decrescente,Nublado,Simples,Reta,Não,3,0,1,0,1,1,1,3,-27.217245,-51.46933,SPRF-SC,DEL07-SC,UOP05-DEL07-SC,2022
"423828,0",2022-03-31,quinta-feira,23:55:00,SC,470,"20,0",ILHOTA,Condutor Dormindo,Tombamento,Com Vítimas Feridas,Plena Noite,Decrescente,Garoa/Chuvisco,Dupla,Reta,Não,2,0,1,0,0,1,1,2,-26.870115,-48.820484,SPRF-SC,DEL04-SC,UOP04-DEL04-SC,2022
"423843,0",2022-04-01,sexta-feira,04:45:00,SC,101,"124,0",ITAJAI,Condutor deixou de manter distância do veículo da frente,Colisão lateral mesmo sentido,Com Vítimas Feridas,Plena Noite,Decrescente,Garoa/Chuvisco,Múltipla,Curva,Não,3,0,1,0,1,2,1,4,-26.94335064,-48.69198648,SPRF-SC,DEL04-SC,UOP04-DEL04-SC,2022
"423852,0",2022-04-01,sexta-feira,06:15:00,SC,101,"194,0",BIGUACU,Manobra de mudança de faixa,Colisão lateral mesmo sentido,Sem Vítimas,Amanhecer,Crescente,Céu Claro,Dupla,Reta,Sim,2,0,0,0,2,0,0,2,-27.49815117,-48.65661236,SPRF-SC,DEL01-SC,UOP01-DEL01-SC,2022
"423920,0",2022-04-01,sexta-feira,12:22:00,SC,280,"26,9",ARAQUARI,Demais falhas mecânicas ou elétricas,Colisão com objeto,Com Vítimas Feridas,Pleno dia,Decrescente,Céu Claro,Simples,Reta,Sim,3,0,0,2,1,0,2,2,-26.38972308,-48.73411593,SPRF-SC,DEL03-SC,UOP03-DEL03-SC,2022
"423926,0",2022-04-01,sexta-feira,15:00:00,SC,470,"62,9",INDAIAL,Conversão proibida,Colisão lateral mesmo sentido,Com Vítimas Feridas,Pleno dia,Decrescente,Nublado,Simples,Reta,Não,2,0,1,0,1,0,1,2,-26.874521,-49.182938,SPRF-SC,DEL04-SC,UOP01-DEL04-SC,2022
"424005,0",2022-04-01,sexta-feira,20:50:00,SC,282,"257,0",SAO JOSE DO CERRITO,Velocidade Incompatível,Tombamento,Com Vítimas Feridas,Plena Noite,Decrescente,Chuva,Simples,Curva,Não,1,0,1,0,0,0,1,1,-27.65554323,-50.59642576,SPRF-SC,DEL05-SC,UOP02-DEL05-SC,2022
"424050,0",2022-04-02,sábado,04:08:00,SC,470,"59,0",BLUMENAU,Ultrapassagem Indevida,Colisão frontal,Com Vítimas Feridas,Plena Noite,Decrescente,Chuva,Simples,Reta,Sim,3,0,1,2,0,0,3,2,-26.882812,-49.1548,SPRF-SC,DEL04-SC,UOP01-DEL04-SC,2022
"424063,0",2022-04-02,sábado,04:15:00,SC,282,"403,0",JOACABA,Condutor Dormindo,Colisão lateral sentido oposto,Com Vítimas Feridas,Plena Noite,Decrescente,Céu Claro,Simples,Curva,Não,6,0,2,1,2,1,3,3,-27.108929,-51.635838,SPRF-SC,DEL07-SC,UOP05-DEL07-SC,2022
"424108,0",2022-04-02,sábado,10:40:00,SC,282,"596,0",CUNHA PORA,Acessar a via sem observar a presença dos outros veículos,Colisão traseira,Com Vítimas Feridas,Pleno dia,Decrescente,Sol,Dupla,Curva,Não,5,0,2,0,2,2,2,4,-26.829437,-53.127995,SPRF-SC,DEL07-SC,UOP02-DEL07-SC,2022
"424210,0",2022-04-02,sábado,18:20:00,SC,470,"174,4",POUSO REDONDO,Manobra de mudança de faixa,Colisão lateral mesmo sentido,Sem Vítimas,Plena Noite,Decrescente,Chuva,Simples,Reta,Sim,3,0,0,0,2,1,0,3,-27.258179,-49.929146,SPRF-SC,DEL04-SC,UOP02-DEL04-SC,2022
"424255,0",2022-04-02,sábado,22:10:00,SC,116,"8,8",MAFRA,Condutor deixou de manter distância do veículo da frente,Colisão lateral mesmo sentido,Com Vítimas Feridas,Plena Noite,Crescente,Nublado,Simples,Reta,Não,5,0,2,0,2,2,2,4,-26.15748603,-49.83898198,SPRF-SC,DEL06-SC,UOP01-DEL06-SC,2022
"424283,0",2022-04-03,domingo,03:00:00,SC,101,"136,9",BALNEARIO CAMBORIU,Ingestão de álcool pelo condutor,Colisão traseira,Com Vítimas Feridas,Plena Noite,Decrescente,Nublado,Dupla,Reta,Sim,5,0,3,0,1,1,3,3,-27.008113,-48.617245,SPRF-SC,DEL04-SC,UOP03-DEL04-SC,2022
"424287,0",2022-04-03,domingo,02:55:00,SC,101,"136,6",BALNEARIO CAMBORIU,Ausência de reação do condutor,Colisão traseira,Com Vítimas Feridas,Plena Noite,Decrescente,Nublado,Dupla,Reta,Sim,4,0,0,3,1,0,3,2,-27.008113,-48.617245,SPRF-SC,DEL04-SC,UOP03-DEL04-SC,2022
"424487,0",2022-04-03,domingo,16:10:00,SC,282,"510,8",XANXERE,Condutor deixou de manter distância do veículo da frente,Colisão traseira,Sem Vítimas,Pleno dia,Decrescente,Céu Claro,Simples,Reta,Não,3,0,0,0,2,1,0,3,-26.897114,-52.463585,SPRF-SC,DEL07-SC,UOP01-DEL07-SC,2022
"424603,0",2022-04-04,segunda-feira,12:50:00,SC,280,"188,0",MAFRA,Velocidade Incompatível,Colisão frontal,Com Vítimas Feridas,Pleno dia,Crescente,Chuva,Simples,Curva,Não,3,0,2,0,0,1,2,3,-26.17143885,-49.9631671,SPRF-SC,DEL06-SC,UOP01-DEL06-SC,2022
"424646,0",2022-04-04,segunda-feira,21:20:00,SC,470,"129,3",LONTRAS,Pedestre andava na pista,Atropelamento de Pedestre,Com Vítimas Fatais,Plena Noite,Decrescente,Nublado,Simples,Reta,Não,3,1,0,0,0,2,0,2,-27.151358,-49.556393,SPRF-SC,DEL04-SC,UOP02-DEL04-SC,2022
"424659,0",2022-04-04,segunda-feira,23:30:00,SC,101,"276,4",IMBITUBA,Ausência de reação do condutor,Colisão traseira,Com Vítimas Feridas,Plena Noite,Decrescente,Garoa/Chuvisco,Múltipla,Reta;Aclive,Sim,3,0,1,0,1,3,1,5,-28.14856388,-48.69185871,SPRF-SC,DEL02-SC,UOP03-DEL02-SC,2022
"424722,0",2022-04-05,terça-feira,11:30:00,SC,101,"144,0",ITAPEMA,Condutor deixou de manter distância do veículo da frente,Colisão traseira,Com Vítimas Feridas,Pleno dia,Crescente,Céu Claro,Dupla,Reta,Sim,4,0,1,0,3,0,1,4,-27.0732659,-48.59672716,SPRF-SC,DEL04-SC,UOP03-DEL04-SC,2022
"424788,0",2022-04-05,terça-feira,18:25:00,SC,101,"435,0",SOMBRIO,Ausência de reação do condutor,Colisão lateral mesmo sentido,Com Vítimas Feridas,Plena Noite,Crescente,Céu Claro,Dupla,Reta,Sim,2,0,0,1,1,0,1,2,-29.09949414,-49.63480552,SPRF-SC,DEL02-SC,UOP02-DEL02-SC,2022
"424791,0",2022-04-05,terça-feira,19:10:00,SC,101,"464,0",PASSO DE TORRES,Acessar a via sem observar a presença dos outros veículos,Colisão lateral mesmo sentido,Com Vítimas Feridas,Plena Noite,Decrescente,Céu Claro,Dupla,Curva,Sim,3,0,1,0,1,1,1,3,-29.29019213,-49.75878382,SPRF-RS,DEL03-RS,UOP02-DEL03-RS,2022
"424814,0",2022-04-05,terça-feira,19:25:00,SC,101,"133,0",BALNEARIO CAMBORIU,Acessar a via sem observar a presença dos outros veículos,Colisão lateral mesmo sentido,Sem Vítimas,Pleno dia,Crescente,Céu Claro,Dupla,Reta,Não,3,0,0,0,2,1,0,3,-26.99936,-48.64609,SPRF-SC,DEL04-SC,UOP03-DEL04-SC,2022
"424836,0",2022-04-05,terça-feira,21:30:00,SC,116,"49,0",PAPANDUVA,Acessar a via sem observar a presença dos outros veículos,Colisão transversal,Com Vítimas Feridas,Plena Noite,Decrescente,Céu Claro,Simples,Reta,Não,6,0,1,0,4,1,1,3,-26.37076692,-50.1256021,SPRF-SC,DEL06-SC,UOP01-DEL06-SC,2022
"424885,0",2022-04-06,quarta-feira,10:30:00,SC,282,"35,3",AGUAS MORNAS,Demais falhas mecânicas ou elétricas,Colisão lateral sentido oposto,Com Vítimas Feridas,Pleno dia,Crescente,Nublado,Simples,Curva,Não,4,0,1,0,2,1,1,3,-27.702084,-48.826664,SPRF-SC,DEL01-SC,UOP03-DEL01-SC,2022
"425021,0",2022-04-06,quarta-feira,23:45:00,SC,101,"319,2",PESCARIA BRAVA,Condutor Dormindo,Colisão traseira,Com Vítimas Feridas,Plena Noite,Crescente,Céu Claro,Múltipla,Reta,Não,4,0,2,0,1,2,2,4,-28.42978736,-48.87148792,SPRF-SC,DEL02-SC,UOP01-DEL02-SC,2022
"426072,0",2022-04-07,quinta-feira,17:00:00,SC,280,"127,0",RIO NEGRINHO,Demais falhas mecânicas ou elétricas,Colisão com objeto,Sem Vítimas,Anoitecer,Decrescente,Nublado,Simples,Reta,Sim,2,0,0,0,1,1,0,2,-26.23943953,-49.50420708,SPRF-SC,DEL06-SC,UOP03-DEL06-SC,2022
"426176,0",2022-04-07,quinta-feira,15:00:00,SC,282,"536,8",CHAPECO,Condutor deixou de manter distância do veículo da frente,Colisão traseira,Com Vítimas Feridas,Pleno dia,Crescente,Chuva,Simples,Declive,Não,3,0,1,0,2,0,1,2,-27.000677,-52.653439,SPRF-SC,DEL07-SC,UOP01-DEL07-SC,2022
"426629,0",2022-04-03,domingo,07:00:00,SC,158,"143,9",PALMITOS,Ingestão de álcool pelo condutor,Colisão frontal,Com Vítimas Fatais,Pleno dia,Decrescente,Garoa/Chuvisco,Simples,Ponte;Curva,Não,4,1,0,0,2,1,0,3,-27.1441163,-53.2129147,SPRF-SC,DEL07-SC,UOP02-DEL07-SC,2022
"426975,0",2022-04-08,sexta-feira,07:50:00,SC,280,"93,0",CORUPA,Reação tardia ou ineficiente do condutor,Colisão frontal,Com Vítimas Feridas,Pleno dia,Crescente,Garoa/Chuvisco,Simples,Curva,Não,4,0,1,0,2,1,1,4,-26.39962904,-49.29783103,SPRF-SC,DEL06-SC,UOP03-DEL06-SC,2022
"429938,0",2022-04-08,sexta-feira,19:20:00,SC,101,"131,0",BALNEARIO CAMBORIU,Velocidade Incompatível,Engavetamento,Com Vítimas Feridas,Plena Noite,Crescente,Chuva,Dupla,Declive,Não,6,0,3,0,2,1,3,5,-26.99064209,-48.66310912,SPRF-SC,DEL04-SC,UOP03-DEL04-SC,2022
"442667,0",2022-04-10,domingo,19:00:00,SC,282,"587,0",PINHALZINHO,Ingestão de álcool pelo condutor,Colisão com objeto,Sem Vítimas,Plena Noite,Crescente,Nublado,Simples,Curva,Não,1,0,0,0,1,0,0,1,-26.830677,-53.04443,SPRF-SC,DEL07-SC,UOP02-DEL07-SC,2022
"442757,0",2022-04-11,segunda-feira,03:25:00,SC,280,"2,5",SAO FRANCISCO DO SUL,Reação tardia ou ineficiente do condutor,Colisão frontal,Com Vítimas Fatais,Plena Noite,Crescente,Garoa/Chuvisco,Simples,Reta,Sim,7,1,4,0,0,2,4,3,-26.241363,-48.6173748,SPRF-SC,DEL03-SC,UOP03-DEL03-SC,2022
"442769,0",2022-04-10,domingo,10:30:00,SC,470,"53,3",BLUMENAU,Transitar na contramão,Colisão frontal,Com Vítimas Feridas,Pleno dia,Crescente,Nublado,Simples,Reta,Sim,4,0,1,1,1,2,2,4,-26.867121,-49.102066,SPRF-SC,DEL04-SC,UOP01-DEL04-SC,2022
"442770,0",2022-04-11,segunda-feira,06:15:00,SC,280,"50,0",GUARAMIRIM,Reação tardia ou ineficiente do condutor,Colisão transversal,Com Vítimas Feridas,Amanhecer,Crescente,Nublado,Simples,Reta,Sim,4,0,2,0,2,0,2,4,-26.46379956,-48.95111007,SPRF-SC,DEL03-SC,UOP03-DEL03-SC,2022
"442774,0",2022-04-11,segunda-feira,04:45:00,SC,470,"111,3",APIUNA,Velocidade Incompatível,Colisão lateral sentido oposto,Sem Vítimas,Plena Noite,Crescente,Garoa/Chuvisco,Simples,Curva,Não,2,0,0,0,2,0,0,2,-27.095388,-49.457878,SPRF-SC,DEL04-SC,UOP02-DEL04-SC,2022
"442814,0",2022-04-11,segunda-feira,07:55:00,SC,101,"194,9",BIGUACU,Demais falhas mecânicas ou elétricas,Eventos atípicos,Com Vítimas Feridas,Pleno dia,Crescente,Garoa/Chuvisco,Múltipla,Reta,Sim,7,0,2,0,4,1,2,6,-27.49815117,-48.65661236,SPRF-SC,DEL01-SC,UOP01-DEL01-SC,2022
"442832,0",2022-04-07,quinta-feira,10:45:00,SC,101,"136,0",BALNEARIO CAMBORIU,Condutor deixou de manter distância do veículo da frente,Colisão com objeto,Sem Vítimas,Pleno dia,Crescente,Céu Claro,Simples,Reta,Sim,4,0,0,0,3,1,0,4,-27.01407432,-48.6130482,SPRF-SC,DEL04-SC,UOP03-DEL04-SC,2022
"442850,0",2022-04-09,sábado,10:20:00,SC,101,"84,8",BARRA VELHA,Reação tardia ou ineficiente do condutor,Engavetamento,Com Vítimas Feridas,Pleno dia,Crescente,Céu Claro,Dupla,Reta,Sim,12,0,2,2,7,1,4,5,-26.62404682,-48.71394986,SPRF-SC,DEL03-SC,UOP02-DEL03-SC,2022
"442883,0",2022-04-10,domingo,00:31:00,SC,282,"126,7",BOM RETIRO,Transitar na contramão,Colisão lateral sentido oposto,Com Vítimas Fatais,Plena Noite,Decrescente,Nevoeiro/Neblina,Simples,Reta,Não,6,1,4,0,1,0,4,3,-27.79994,-49.47589,SPRF-SC,DEL05-SC,UOP01-DEL05-SC,2022
"442888,0",2022-04-09,sábado,06:10:00,SC,470,"62,7",BLUMENAU,Condutor Dormindo,Colisão frontal,Com Vítimas Feridas,Pleno dia,Decrescente,Nublado,Simples,Curva,Não,4,0,2,2,0,0,4,2,-26.874521,-49.182938,SPRF-SC,DEL04-SC,UOP01-DEL04-SC,2022
"442961,0",2022-04-11,segunda-feira,16:50:00,SC,101,"144,0",ITAPEMA,Ausência de reação do condutor,Colisão com objeto,Com Vítimas Feridas,Pleno dia,Decrescente,Garoa/Chuvisco,Dupla,Reta,Sim,1,0,1,0,0,0,1,1,-27.0732659,-48.59672716,SPRF-SC,DEL04-SC,UOP03-DEL04-SC,2022
"442962,0",2022-04-11,segunda-feira,17:10:00,SC,101,"132,0",BALNEARIO CAMBORIU,Reação tardia ou ineficiente do condutor,Colisão lateral mesmo sentido,Sem Vítimas,Pleno dia,Crescente,Nublado,Simples,Interseção de Vias,Sim,3,0,0,0,2,1,0,3,-26.99654133,-48.65564711,SPRF-SC,DEL04-SC,UOP03-DEL04-SC,2022
"442977,0",2022-04-11,segunda-feira,17:15:00,SC,101,"120,0",ITAJAI,Manobra de mudança de faixa,Colisão traseira,Com Vítimas Feridas,Anoitecer,Crescente,Céu Claro,Dupla,Reta,Não,2,0,1,0,1,0,1,2,-26.912758,-48.711998,SPRF-SC,DEL04-SC,UOP04-DEL04-SC,2022
"443000,0",2022-04-11,segunda-feira,19:00:00,SC,470,"45,0",BLUMENAU,Ingestão de álcool ou de substâncias psicoativas pelo pedestre,Colisão transversal,Sem Vítimas,Plena Noite,Crescente,Nublado,Simples,Reta,Não,2,0,0,0,2,0,0,2,-26.86201,-49.03472,SPRF-SC,DEL04-SC,UOP01-DEL04-SC,2022
"443002,0",2022-04-11,segunda-feira,19:20:00,SC,101,"48,7",JOINVILLE,Manobra de mudança de faixa,Colisão lateral mesmo sentido,Com Vítimas Feridas,Plena Noite,Decrescente,Garoa/Chuvisco,Dupla,Reta,Não,6,0,2,0,2,3,2,5,-26.35345909,-48.85867862,SPRF-SC,DEL03-SC,UOP01-DEL03-SC,2022
"443040,0",2022-04-11,segunda-feira,21:15:00,SC,282,"341,5",CAMPOS NOVOS,Ingestão de álcool pelo condutor,Colisão frontal,Com Vítimas Feridas,Plena Noite,Crescente,Nublado,Simples,Aclive;Reta,Sim,3,0,1,0,1,1,1,3,-27.389957,-51.213387,SPRF-SC,DEL07-SC,UOP06-DEL07-SC,2022
"443049,0",2022-04-11,segunda-feira,23:20:00,SC,282,"22,0",SANTO AMARO DA IMPERATRIZ,Ausência de reação do condutor,Colisão lateral sentido oposto,Com Vítimas Feridas,Plena Noite,Decrescente,Nublado,Simples,Reta,Sim,2,0,1,0,0,1,1,2,-27.688507,-48.72739,SPRF-SC,DEL01-SC,UOP02-DEL01-SC,2022
"443050,0",2022-04-12,terça-feira,00:10:00,SC,282,"524,9",XAXIM,Ingestão de álcool pelo condutor,Colisão lateral sentido oposto,Com Vítimas Feridas,Plena Noite,Crescente,Chuva,Simples,Reta,Não,5,0,3,0,1,1,3,3,-26.965002,-52.557384,SPRF-SC,DEL07-SC,UOP01-DEL07-SC,2022
"443063,0",2022-04-12,terça-feira,05:45:00,SC,101,"135,0",BALNEARIO CAMBORIU,Ausência de reação do condutor,Colisão traseira,Com Vítimas Feridas,Pleno dia,Crescente,Céu Claro,Dupla,Reta,Sim,4,0,1,0,3,0,1,4,-27.0050108,-48.62677494,SPRF-SC,DEL04-SC,UOP03-DEL04-SC,2022
"443097,0",2022-04-12,terça-feira,12:02:00,SC,470,"114,1",IBIRAMA,Transitar na contramão,Colisão lateral sentido oposto,Com Vítimas Feridas,Pleno dia,Crescente,Nublado,Simples,Curva,Não,2,0,1,0,0,1,1,2,-27.086386,-49.478001,SPRF-SC,DEL04-SC,UOP02-DEL04-SC,2022
"443129,0",2022-04-12,terça-feira,07:50:00,SC,470,"288,0",BRUNOPOLIS,Ausência de reação do condutor,Saída de leito carroçável,Com Vítimas Feridas,Amanhecer,Crescente,Chuva,Simples,Reta,Não,2,0,1,0,0,1,1,2,-27.331753,-50.942055,SPRF-SC,DEL07-SC,UOP06-DEL07-SC,2022
"443195,0",2022-04-12,terça-feira,14:05:00,SC,101,"15,0",JOINVILLE,Ausência de reação do condutor,Colisão traseira,Com Vítimas Feridas,Pleno dia,Decrescente,Nublado,Dupla,Reta,Não,2,0,1,0,0,1,1,2,-26.10609917,-48.87224159,SPRF-SC,DEL03-SC,UOP01-DEL03-SC,2022
"443222,0",2022-04-12,terça-feira,15:15:00,SC,101,"71,2",ARAQUARI,Ausência de reação do condutor,Atropelamento de Pedestre,Com Vítimas Feridas,Pleno dia,Decrescente,Nublado,Dupla,Reta,Não,2,0,0,1,0,1,1,2,-26.51864822,-48.71874636,SPRF-SC,DEL03-SC,UOP02-DEL03-SC,2022
"443315,0",2022-04-13,quarta-feira,07:20:00,SC,101,"210,1",SAO JOSE,Reação tardia ou ineficiente do condutor,Colisão lateral mesmo sentido,Com Vítimas Feridas,Pleno dia,Decrescente,Céu Claro,Múltipla,Reta,Sim,2,0,0,1,1,0,1,2,-27.6167305,-48.6457265,SPRF-SC,DEL01-SC,UOP01-DEL01-SC,2022
"443420,0",2022-04-09,sábado,10:10:00,SC,282,"531,9",CORDILHEIRA ALTA,Velocidade Incompatível,Colisão frontal,Com Vítimas Feridas,Pleno dia,Crescente,Nublado,Simples,Curva,Não,2,0,0,1,1,0,1,2,-26.990747,-52.609776,SPRF-SC,DEL07-SC,UOP01-DEL07-SC,2022
"443422,0",2022-04-09,sábado,06:30:00,SC,282,"528,0",CORDILHEIRA ALTA,Velocidade Incompatível,Tombamento,Sem Vítimas,Pleno dia,Decrescente,Nublado,Simples,Curva,Não,2,0,0,0,1,1,0,2,-26.978798,-52.588566,SPRF-SC,DEL07-SC,UOP01-DEL07-SC,2022
"443468,0",2022-04-13,quarta-feira,11:50:00,SC,470,"141,1",RIO DO SUL,Acesso irregular,Colisão transversal,Com Vítimas Fatais,Pleno dia,Crescente,Céu Claro,Simples,Aclive;Reta,Sim,4,1,0,0,3,0,0,2,-27.207191,-49.648592,SPRF-SC,DEL04-SC,UOP02-DEL04-SC,2022
"443562,0",2022-04-13,quarta-feira,18:40:00,SC,282,"461,5",PONTE SERRADA,Acessar a via sem observar a presença dos outros veículos,Colisão transversal,Com Vítimas Feridas,Plena Noite,Crescente,Céu Claro,Simples,Reta,Sim,4,0,3,0,1,0,3,2,-26.86650603,-52.02288151,SPRF-SC,DEL07-SC,UOP04-DEL07-SC,2022
"443574,0",2022-04-13,quarta-feira,21:15:00,SC,101,"401,0",MARACAJA,Ausência de sinalização,Colisão traseira,Com Vítimas Feridas,Pleno dia,Decrescente,Chuva,Simples,Reta,Não,3,0,1,0,1,3,1,5,-28.85594274,-49.44019434,SPRF-SC,DEL02-SC,UOP02-DEL02-SC,2022
"443577,0",2022-04-13,quarta-feira,19:10:00,SC,280,"267,9",IRINEOPOLIS,Desrespeitar a preferência no cruzamento,Saída de leito carroçável,Sem Vítimas,Plena Noite,Decrescente,Garoa/Chuvisco,Simples,Reta,Não,3,0,0,0,2,1,0,3,-26.264107,-50.707958,SPRF-SC,DEL06-SC,UOP04-DEL06-SC,2022
"443629,0",2022-04-14,quinta-feira,04:50:00,SC,280,"32,0",ARAQUARI,Ausência de reação do condutor,Saída de leito carroçável,Com Vítimas Feridas,Amanhecer,Decrescente,Nublado,Simples,Curva,Não,2,0,1,0,0,1,1,2,-26.420618,-48.779335,SPRF-SC,DEL03-SC,UOP03-DEL03-SC,2022