id,data_inversa,dia_semana,horario,uf,br,km,municipio,causa_acidente,tipo_acidente,classificacao_acidente,fase_dia,sentido_via,condicao_metereologica,tipo_pista,tracado_via,uso_solo,pessoas,mortos,feridos_leves,feridos_graves,ilesos,ignorados,feridos,veiculos,latitude,longitude,regional,delegacia,uop,ano_arquivo
"450601,0",2022-05-18,quarta-feira,18:40:00,SC,280,"48,1",GUARAMIRIM,Acessar a via sem observar a presença dos outros veículos,Colisão transversal,Com Vítimas Feridas,Plena Noite,Crescente,Nublado,Simples,Reta,Não,2,0,1,0,1,0,1,2,-26.45506795,-48.92766502,SPRF-SC,DEL03-SC,UOP03-DEL03-SC,2022
"450627,0",2022-03-27,domingo,07:15:00,SC,116,"37,0",ITAIOPOLIS,Ingestão de álcool pelo condutor,Colisão transversal,Com Vítimas Feridas,Amanhecer,Crescente,Céu Claro,Simples,Reta,Não,4,0,1,0,2,1,1,3,-26.34065776,-50.02444605,SPRF-SC,DEL06-SC,UOP01-DEL06-SC,2022
"450638,0",2022-05-18,quarta-feira,19:20:00,SC,163,"3,2",DIONISIO CERQUEIRA,Ingestão de álcool pelo condutor,Colisão com objeto,Sem Vítimas,Plena Noite,Crescente,Garoa/Chuvisco,Simples,Declive;Reta,Não,3,0,0,0,2,2,0,4,-26.2613,-53.6206,SPRF-SC,DEL07-SC,UOP03-DEL07-SC,2022
"450640,0",2022-05-18,quarta-feira,19:30:00,SC,101,"386,0",ICARA,Velocidade Incompatível,Tombamento,Sem Vítimas,Plena Noite,Crescente,Chuva,Simples,Interseção de Vias;Viaduto,Não,2,0,0,0,1,3,0,4,-28.7857145,-49.33891296,SPRF-SC,DEL02-SC,UOP02-DEL02-SC,2022
"450703,0",2022-05-19,quinta-feira,10:24:00,SC,470,"137,5",RIO DO SUL,Velocidade Incompatível,Colisão frontal,Com Vítimas Feridas,Pleno dia,Decrescente,Céu Claro,Simples,Reta,Sim,3,0,2,0,1,0,2,2,-27.203201,-49.635063,SPRF-SC,DEL04-SC,UOP02-DEL04-SC,2022
"450720,0",2022-05-19,quinta-feira,08:20:00,SC,101,"24,0",JOINVILLE,Velocidade Incompatível,Colisão lateral mesmo sentido,Sem Vítimas,Pleno dia,Crescente,Céu Claro,Dupla,Reta,Não,4,0,0,0,3,3,0,6,-26.17483309,-48.90767978,SPRF-SC,DEL03-SC,UOP01-DEL03-SC,2022
"450798,0",2022-05-19,quinta-feira,21:30:00,SC,470,"87,0",ASCURRA,Transitar na contramão,Colisão lateral sentido oposto,Com Vítimas Feridas,Plena Noite,Crescente,Céu Claro,Simples,Reta,Não,4,0,1,1,1,1,2,3,-26.948483,-49.366833,SPRF-SC,DEL04-SC,UOP01-DEL04-SC,2022
"450820,0",2022-05-19,quinta-feira,23:30:00,SC,280,"277,2",IRINEOPOLIS,Acessar a via sem observar a presença dos outros veículos,Colisão lateral sentido oposto,Sem Vítimas,Plena Noite,Crescente,Céu Claro,Simples,Reta,Não,3,0,0,0,1,3,0,4,-26.29406241,-50.80003385,SPRF-SC,DEL06-SC,UOP04-DEL06-SC,2022
"450867,0",2022-05-20,sexta-feira,08:48:00,SC,101,"204,7",SAO JOSE,Ausência de reação do condutor,Colisão traseira,Com Vítimas Feridas,Pleno dia,Crescente,Céu Claro,Múltipla,Aclive;Reta,Sim,2,0,0,1,0,1,1,2,-27.57998822,-48.61426592,SPRF-SC,DEL01-SC,UOP01-DEL01-SC,2022
"450924,0",2022-05-20,sexta-feira,14:18:00,SC,101,"199,0",BIGUACU,Condutor deixou de manter distância do veículo da frente,Queda de ocupante de veículo,Com Vítimas Feridas,Pleno dia,Crescente,Céu Claro,Múltipla,Reta,Não,2,0,1,0,1,0,1,2,-27.53413705,-48.63003205,SPRF-SC,DEL01-SC,UOP01-DEL01-SC,2022
"450967,0",2022-05-20,sexta-feira,17:17:00,SC,101,"205,7",SAO JOSE,Acessar a via sem observar a presença dos outros veículos,Colisão transversal,Com Vítimas Feridas,Anoitecer,Crescente,Céu Claro,Múltipla,Reta,Sim,2,0,0,1,1,0,1,2,-27.58911712,-48.61747384,SPRF-SC,DEL01-SC,UOP01-DEL01-SC,2022
"450994,0",2022-05-20,sexta-feira,20:10:00,SC,101,"119,0",ITAJAI,Deficiência do Sistema de Iluminação/Sinalização,Colisão transversal,Com Vítimas Feridas,Plena Noite,Decrescente,Céu Claro,Dupla,Reta,Sim,4,0,1,0,1,3,1,5,-26.910658,-48.712578,SPRF-SC,DEL04-SC,UOP04-DEL04-SC,2022
"451015,0",2022-05-20,sexta-feira,22:10:00,SC,470,"50,6",BLUMENAU,Ingestão de álcool pelo condutor,Colisão lateral mesmo sentido,Com Vítimas Feridas,Plena Noite,Decrescente,Nublado,Dupla,Reta,Sim,5,0,0,1,3,1,1,3,-26.859768,-49.074493,SPRF-SC,DEL04-SC,UOP01-DEL04-SC,2022
"451044,0",2022-05-21,sábado,02:00:00,SC,470,"64,7",INDAIAL,Ausência de reação do condutor,Colisão traseira,Com Vítimas Feridas,Plena Noite,Decrescente,Nublado,Simples,Reta,Não,2,0,0,1,1,0,1,2,-26.869867,-49.201859,SPRF-SC,DEL04-SC,UOP01-DEL04-SC,2022
"451073,0",2022-05-21,sábado,00:10:00,SC,280,"160,0",MAFRA,Transitar na contramão,Colisão frontal,Com Vítimas Fatais,Plena Noite,Decrescente,Céu Claro,Simples,Aclive;Reta,Não,3,1,0,0,1,1,0,3,-26.20482,-49.787542,SPRF-SC,DEL06-SC,UOP03-DEL06-SC,2022
"451228,0",2022-05-21,sábado,22:20:00,SC,101,"131,0",BALNEARIO CAMBORIU,Ausência de reação do condutor,Colisão traseira,Com Vítimas Feridas,Plena Noite,Decrescente,Céu Claro,Dupla,Reta,Não,3,0,1,0,1,2,1,4,-26.99064209,-48.66310912,SPRF-SC,DEL04-SC,UOP03-DEL04-SC,2022
"451250,0",2022-05-22,domingo,01:22:00,SC,101,"125,3",ITAJAI,Acessar a via sem observar a presença dos outros veículos,Colisão lateral mesmo sentido,Sem Vítimas,Plena Noite,Decrescente,Céu Claro,Dupla,Curva,Sim,4,0,0,0,3,1,0,3,-26.94802427,-48.68338515,SPRF-SC,DEL04-SC,UOP04-DEL04-SC,2022
"451349,0",2022-05-22,domingo,14:45:00,SC,101,"425,9",ARARANGUA,Condutor deixou de manter distância do veículo da frente,Colisão traseira,Com Vítimas Feridas,Pleno dia,Decrescente,Céu Claro,Múltipla,Reta,Não,2,0,1,0,1,0,1,2,-29.02095789,-49.59124506,SPRF-SC,DEL02-SC,UOP02-DEL02-SC,2022
"451395,0",2022-05-22,domingo,19:10:00,SC,101,"234,0",PALHOCA,Manobra de mudança de faixa,Colisão lateral mesmo sentido,Com Vítimas Feridas,Plena Noite,Decrescente,Nublado,Dupla,Reta,Não,2,0,1,0,1,0,1,2,-27.81043812,-48.63537111,SPRF-SC,DEL01-SC,UOP02-DEL01-SC,2022
"451432,0",2022-05-22,domingo,17:30:00,SC,282,"452,2",PONTE SERRADA,Condutor deixou de manter distância do veículo da frente,Engavetamento,Com Vítimas Feridas,Anoitecer,Decrescente,Céu Claro,Simples,Reta;Declive,Não,4,0,1,0,3,0,1,3,-26.90612,-51.970417,SPRF-SC,DEL07-SC,UOP04-DEL07-SC,2022
"451481,0",2022-05-23,segunda-feira,07:30:00,SC,101,"123,0",ITAJAI,Condutor deixou de manter distância do veículo da frente,Colisão lateral mesmo sentido,Com Vítimas Feridas,Pleno dia,Decrescente,Céu Claro,Dupla,Reta,Sim,3,0,1,1,0,1,2,3,-26.93668609,-48.69876905,SPRF-SC,DEL04-SC,UOP04-DEL04-SC,2022
"451483,0",2022-05-23,segunda-feira,08:00:00,SC,101,"203,0",SAO JOSE,Ausência de reação do condutor,Colisão lateral mesmo sentido,Com Vítimas Feridas,Pleno dia,Crescente,Céu Claro,Múltipla,Reta,Sim,4,0,1,0,3,0,1,4,-27.5650044,-48.61460082,SPRF-SC,DEL01-SC,UOP01-DEL01-SC,2022
"451545,0",2022-05-23,segunda-feira,13:30:00,SC,101,"201,0",SAO JOSE,Trafegar com motocicleta (ou similar) entre as faixas,Colisão traseira,Com Vítimas Feridas,Pleno dia,Crescente,Céu Claro,Dupla,Reta,Sim,3,0,0,1,1,1,1,3,-27.54836599,-48.61977975,SPRF-SC,DEL01-SC,UOP01-DEL01-SC,2022
"451551,0",2022-05-23,segunda-feira,14:15:00,SC,101,"189,0",BIGUACU,Velocidade Incompatível,Saída de leito carroçável,Com Vítimas Feridas,Pleno dia,Crescente,Sol,Dupla,Curva,Não,2,0,1,0,0,1,1,2,-27.459393,-48.638914,SPRF-SC,DEL01-SC,UOP01-DEL01-SC,2022
"451560,0",2022-05-23,segunda-feira,14:00:00,SC,282,"53,0",RANCHO QUEIMADO,Condutor Dormindo,Colisão frontal,Com Vítimas Feridas,Pleno dia,Crescente,Sol,Simples,Curva,Não,2,0,1,0,1,0,1,2,-27.691511,-48.970215,SPRF-SC,DEL01-SC,UOP03-DEL01-SC,2022
"451561,0",2022-05-23,segunda-feira,14:30:00,SC,101,"213,0",PALHOCA,Acessar a via sem observar a presença dos outros veículos,Saída de leito carroçável,Com Vítimas Feridas,Pleno dia,Crescente,Sol,Múltipla,Reta,Sim,2,0,1,0,1,0,1,2,-27.63697369,-48.66514142,SPRF-SC,DEL01-SC,UOP02-DEL01-SC,2022
"451587,0",2022-05-23,segunda-feira,14:15:00,SC,280,"232,9",CANOINHAS,Demais falhas mecânicas ou elétricas,Incêndio,Com Vítimas Feridas,Pleno dia,Decrescente,Nublado,Dupla,Reta,Não,2,0,1,0,0,1,1,2,-26.19014736,-50.38186997,SPRF-SC,DEL06-SC,UOP04-DEL06-SC,2022
"451616,0",2022-05-23,segunda-feira,19:25:00,SC,101,"213,8",PALHOCA,Entrada inopinada do pedestre,Atropelamento de Pedestre,Com Vítimas Fatais,Plena Noite,Decrescente,Céu Claro,Dupla,Reta,Sim,2,1,0,0,1,0,0,2,-27.6452,-48.669773,SPRF-SC,DEL01-SC,UOP02-DEL01-SC,2022
"451643,0",2022-05-23,segunda-feira,22:30:00,SC,116,"211,0",PONTE ALTA,Reação tardia ou ineficiente do condutor,Saída de leito carroçável,Com Vítimas Feridas,Plena Noite,Crescente,Nublado,Simples,Curva,Não,2,0,1,0,0,1,1,2,-27.51040007,-50.36397936,SPRF-SC,DEL05-SC,UOP03-DEL05-SC,2022
"451706,0",2022-05-24,terça-feira,10:30:00,SC,101,"158,0",PORTO BELO,Acessar a via sem observar a presença dos outros veículos,Colisão transversal,Sem Vítimas,Pleno dia,Decrescente,Céu Claro,Dupla,Reta,Sim,4,0,0,0,3,1,0,4,-27.19096301,-48.61259017,SPRF-SC,DEL04-SC,UOP03-DEL04-SC,2022
"451786,0",2022-05-24,terça-feira,13:55:00,SC,282,"437,3",IRANI,Desrespeitar a preferência no cruzamento,Colisão transversal,Com Vítimas Feridas,Pleno dia,Crescente,Céu Claro,Simples,Rotatória,Não,2,0,1,0,1,0,1,2,-26.963764,-51.854839,SPRF-SC,DEL07-SC,UOP04-DEL07-SC,2022
"451864,0",2022-04-19,terça-feira,14:10:00,SC,470,"184,6",POUSO REDONDO,Velocidade Incompatível,Tombamento,Sem Vítimas,Pleno dia,Decrescente,Sol,Simples,Curva,Não,2,0,0,0,1,2,0,3,-27.25447697,-50.03379822,SPRF-SC,DEL04-SC,UOP02-DEL04-SC,2022
"451912,0",2022-05-25,quarta-feira,11:00:00,SC,101,"397,1",MARACAJA,Condutor deixou de manter distância do veículo da frente,Colisão traseira,Sem Vítimas,Pleno dia,Crescente,Céu Claro,Dupla,Reta,Não,5,0,0,0,4,8,0,12,-28.83036461,-49.41244828,SPRF-SC,DEL02-SC,UOP02-DEL02-SC,2022
"451919,0",2022-05-25,quarta-feira,13:30:00,SC,101,"176,0",BIGUACU,Problema na suspensão,Tombamento,Sem Vítimas,Pleno dia,Crescente,Céu Claro,Dupla,Curva;Desvio Temporário,Não,2,0,0,0,1,1,0,2,-27.34661396,-48.63300917,SPRF-SC,DEL01-SC,UOP01-DEL01-SC,2022
"451944,0",2022-05-25,quarta-feira,15:50:00,SC,153,"58,7",IRANI,Desrespeitar a preferência no cruzamento,Colisão transversal,Com Vítimas Feridas,Pleno dia,Crescente,Céu Claro,Simples,Interseção de Vias,Não,4,0,1,0,3,0,1,2,-26.96996667,-51.8547821,SPRF-SC,DEL07-SC,UOP04-DEL07-SC,2022
"451982,0",2022-05-25,quarta-feira,16:30:00,SC,153,"58,7",IRANI,Desrespeitar a preferência no cruzamento,Colisão transversal,Com Vítimas Feridas,Pleno dia,Crescente,Sol,Simples,Interseção de Vias,Não,3,0,1,0,1,2,1,4,-26.9692017,-51.85443878,SPRF-SC,DEL07-SC,UOP04-DEL07-SC,2022
"452006,0",2022-05-25,quarta-feira,20:40:00,SC,101,"187,0",BIGUACU,Ingestão de álcool pelo condutor,Colisão traseira,Sem Vítimas,Plena Noite,Crescente,Céu Claro,Dupla,Reta,Não,3,0,0,0,2,1,0,3,-27.44307116,-48.62848475,SPRF-SC,DEL01-SC,UOP01-DEL01-SC,2022
"452009,0",2022-05-25,quarta-feira,21:00:00,SC,280,"75,8",JARAGUA DO SUL,Carga excessiva e/ou mal acondicionada,Derramamento de carga,Com Vítimas Feridas,Plena Noite,Decrescente,Céu Claro,Simples,Curva,Não,4,0,1,0,2,1,1,4,-26.458391,-49.170483,SPRF-SC,DEL03-SC,UOP03-DEL03-SC,2022
"452051,0",2022-05-26,quinta-feira,00:30:00,SC,470,"165,0",POUSO REDONDO,Demais falhas mecânicas ou elétricas,Tombamento,Sem Vítimas,Plena Noite,Decrescente,Nublado,Simples,Aclive,Não,1,0,0,0,1,0,0,1,-27.27663,-49.845661,SPRF-SC,DEL04-SC,UOP02-DEL04-SC,2022
"452111,0",2022-05-26,quinta-feira,12:00:00,SC,163,"72,0",SAO MIGUEL DO OESTE,Ingestão de álcool pelo condutor,Colisão lateral sentido oposto,Sem Vítimas,Pleno dia,Decrescente,Nublado,Simples,Reta,Sim,2,0,0,0,2,0,0,2,-26.71908804,-53.5157791,SPRF-SC,DEL07-SC,UOP03-DEL07-SC,2022
"452168,0",2022-05-26,quinta-feira,18:40:00,SC,101,"156,4",PORTO BELO,Transitar no acostamento,Colisão traseira,Com Vítimas Fatais,Plena Noite,Crescente,Céu Claro,Dupla,Reta,Não,2,1,0,0,1,0,0,2,-27.172272,-48.61188,SPRF-SC,DEL04-SC,UOP03-DEL04-SC,2022
"452178,0",2022-05-26,quinta-feira,20:10:00,SC,470,"25,7",ILHOTA,Velocidade Incompatível,Colisão traseira,Com Vítimas Fatais,Plena Noite,Crescente,Céu Claro,Dupla,Reta,Não,3,1,0,1,1,0,1,2,-26.891539,-48.8862956,SPRF-SC,DEL04-SC,UOP04-DEL04-SC,2022
"452189,0",2022-05-26,quinta-feira,21:15:00,SC,101,"192,2",BIGUACU,Velocidade Incompatível,Tombamento,Com Vítimas Feridas,Plena Noite,Decrescente,Nublado,Dupla,Curva,Sim,2,0,1,0,0,1,1,2,-27.48443781,-48.64765238,SPRF-SC,DEL01-SC,UOP01-DEL01-SC,2022
"452209,0",2022-05-27,sexta-feira,01:20:00,SC,282,"134,4",BOM RETIRO,Transitar na contramão,Colisão lateral sentido oposto,Com Vítimas Fatais,Plena Noite,Decrescente,Céu Claro,Simples,Reta,Não,2,1,0,0,0,1,0,2,-27.827347,-49.57935,SPRF-SC,DEL05-SC,UOP01-DEL05-SC,2022
"452211,0",2022-05-26,quinta-feira,19:00:00,SC,101,"253,0",PAULO LOPES,Pedestre andava na pista,Atropelamento de Pedestre,Com Vítimas Fatais,Plena Noite,Decrescente,Nublado,Múltipla,Reta;Aclive,Sim,4,1,0,0,1,2,0,3,-27.96714939,-48.67953127,SPRF-SC,DEL02-SC,UOP03-DEL02-SC,2022
"452222,0",2022-05-27,sexta-feira,05:35:00,SC,470,"47,0",BLUMENAU,Transitar na contramão,Colisão frontal,Sem Vítimas,Plena Noite,Crescente,Nublado,Simples,Reta,Não,3,0,0,0,3,0,0,3,-26.864044,-49.046516,SPRF-SC,DEL04-SC,UOP01-DEL04-SC,2022
"452224,0",2022-05-27,sexta-feira,06:10:00,SC,101,"353,0",JAGUARUNA,Condutor Dormindo,Colisão traseira,Com Vítimas Feridas,Amanhecer,Crescente,Céu Claro,Dupla,Reta,Não,3,0,0,1,1,2,1,4,-28.61232036,-49.06197674,SPRF-SC,DEL02-SC,UOP01-DEL02-SC,2022
"452276,0",2022-05-27,sexta-feira,07:50:00,SC,282,"610,3",MARAVILHA,Ultrapassagem Indevida,Colisão frontal,Com Vítimas Fatais,Pleno dia,Decrescente,Chuva,Simples,Reta,Não,6,1,2,1,1,2,3,5,-26.75499362,-53.23502684,SPRF-SC,DEL07-SC,UOP02-DEL07-SC,2022
"452300,0",2022-05-27,sexta-feira,13:15:00,SC,470,"75,0",INDAIAL,Mal súbito do condutor,Saída de leito carroçável,Com Vítimas Feridas,Pleno dia,Decrescente,Céu Claro,Simples,Reta,Não,1,0,1,0,0,0,1,1,-26.924833,-49.284004,SPRF-SC,DEL04-SC,UOP01-DEL04-SC,2022
"452374,0",2022-05-27,sexta-feira,17:45:00,SC,101,"389,0",CRICIUMA,Manobra de mudança de faixa,Colisão transversal,Com Vítimas Feridas,Anoitecer,Decrescente,Chuva,Dupla,Reta;Declive,Não,6,0,1,1,4,0,2,3,-28.80305227,-49.36788082,SPRF-SC,DEL02-SC,UOP02-DEL02-SC,2022
"452390,0",2022-05-27,sexta-feira,19:20:00,SC,282,"259,0",SAO JOSE DO CERRITO,Reação tardia ou ineficiente do condutor,Colisão frontal,Com Vítimas Feridas,Plena Noite,Crescente,Chuva,Simples,Declive;Curva,Não,2,0,1,0,1,0,1,2,-27.65705243,-50.595489,SPRF-SC,DEL05-SC,UOP02-DEL05-SC,2022
"452395,0",2022-05-27,sexta-feira,16:10:00,SC,282,"448,0",PONTE SERRADA,Problema na suspensão,Tombamento,Com Vítimas Feridas,Anoitecer,Crescente,Chuva,Simples,Reta,Não,1,0,1,0,0,0,1,1,-26.919491,-51.933693,SPRF-SC,DEL07-SC,UOP04-DEL07-SC,2022
"452398,0",2022-05-27,sexta-feira,21:30:00,SC,101,"88,0",BARRA VELHA,Demais falhas mecânicas ou elétricas,Incêndio,Sem Vítimas,Plena Noite,Crescente,Céu Claro,Múltipla,Reta,Sim,2,0,0,0,1,1,0,2,-26.64253985,-48.68950684,SPRF-SC,DEL03-SC,UOP02-DEL03-SC,2022
"452400,0",2022-05-27,sexta-feira,22:30:00,SC,101,"215,0",PALHOCA,Manobra de mudança de faixa,Colisão lateral mesmo sentido,Com Vítimas Feridas,Plena Noite,Crescente,Garoa/Chuvisco,Múltipla,Curva,Sim,2,0,1,0,1,0,1,2,-27.65184843,-48.67604941,SPRF-SC,DEL01-SC,UOP02-DEL01-SC,2022
"452403,0",2022-05-27,sexta-feira,23:00:00,SC,101,"147,0",ITAPEMA,Ausência de reação do condutor,Colisão traseira,Com Vítimas Feridas,Plena Noite,Decrescente,Céu Claro,Dupla,Curva,Sim,3,0,1,0,1,1,1,3,-27.09237407,-48.61730888,SPRF-SC,DEL04-SC,UOP03-DEL04-SC,2022
"452421,0",2022-05-28,sábado,02:10:00,SC,101,"24,5",JOINVILLE,Condutor Dormindo,Colisão traseira,Com Vítimas Feridas,Plena Noite,Crescente,Céu Claro,Dupla,Reta,Sim,3,0,1,0,1,1,1,3,-26.17483309,-48.90767978,SPRF-SC,DEL03-SC,UOP01-DEL03-SC,2022
"452670,0",2022-05-29,domingo,03:45:00,SC,282,"617,5",IRACEMINHA,Ausência de reação do condutor,Saída de leito carroçável,Com Vítimas Feridas,Plena Noite,Crescente,Garoa/Chuvisco,Simples,Curva,Não,2,0,0,1,0,2,1,3,-26.78270194,-53.28635216,SPRF-SC,DEL07-SC,UOP02-DEL07-SC,2022
"452687,0",2022-05-29,domingo,06:10:00,SC,470,"116,4",IBIRAMA,Velocidade Incompatível,Tombamento,Com Vítimas Feridas,Amanhecer,Decrescente,Nublado,Simples,Curva,Não,2,0,1,0,0,1,1,2,-27.07756,-49.49448,SPRF-SC,DEL04-SC,UOP02-DEL04-SC,2022
"452691,0",2022-05-28,sábado,18:25:00,SC,282,"600,9",CUNHA PORA,Pista esburacada,Colisão com objeto,Com Vítimas Feridas,Plena Noite,Decrescente,Chuva,Simples,Reta,Não,3,0,0,1,1,1,1,3,-26.809002,-53.169399,SPRF-SC,DEL07-SC,UOP02-DEL07-SC,2022
"452693,0",2022-05-28,sábado,01:58:00,SC,282,"586,8",PINHALZINHO,Condutor Dormindo,Saída de leito carroçável,Com Vítimas Feridas,Plena Noite,Decrescente,Chuva,Simples,Curva,Não,1,0,1,0,0,0,1,1,-26.832605,-53.03474,SPRF-SC,DEL07-SC,UOP02-DEL07-SC,2022
"452733,0",2022-05-29,domingo,10:30:00,SC,470,"97,0",APIUNA,Velocidade Incompatível,Saída de leito carroçável,Com Vítimas Feridas,Pleno dia,Crescente,Chuva,Simples,Curva,Sim,4,0,3,0,1,0,3,1,-27.026621,-49.378124,SPRF-SC,DEL04-SC,UOP01-DEL04-SC,2022
"452754,0",2022-05-29,domingo,17:45:00,SC,101,"210,8",SAO JOSE,Chuva,Colisão com objeto,Sem Vítimas,Plena Noite,Crescente,Chuva,Dupla,Reta,Sim,2,0,0,0,2,0,0,2,-27.6167305,-48.6457265,SPRF-SC,DEL01-SC,UOP01-DEL01-SC,2022
"452792,0",2022-05-29,domingo,18:00:00,SC,101,"327,2",CAPIVARI DE BAIXO,Desrespeitar a preferência no cruzamento,Colisão transversal,Sem Vítimas,Anoitecer,Crescente,Chuva,Simples,Interseção de Vias,Sim,6,0,0,0,3,3,0,4,-28.43023306,-48.95205197,SPRF-SC,DEL02-SC,UOP01-DEL02-SC,2022
"452810,0",2022-05-29,domingo,17:30:00,SC,116,"284,5",CAPAO ALTO,Acessar a via sem observar a presença dos outros veículos,Colisão transversal,Com Vítimas Feridas,Plena Noite,Crescente,Chuva,Simples,Reta,Não,3,0,1,0,1,1,1,3,-28.071781,-50.57883399,SPRF-SC,DEL05-SC,UOP02-DEL05-SC,2022
"452835,0",2022-05-29,domingo,19:40:00,SC,470,"245,7",CURITIBANOS,Ingestão de álcool pelo condutor,Colisão lateral sentido oposto,Sem Vítimas,Plena Noite,Crescente,Chuva,Simples,Reta,Não,3,0,0,0,2,1,0,3,-27.316158,-50.524006,SPRF-SC,DEL05-SC,UOP03-DEL05-SC,2022
"452851,0",2022-05-29,domingo,23:20:00,SC,470,"176,0",POUSO REDONDO,Transitar na contramão,Colisão frontal,Com Vítimas Feridas,Plena Noite,Crescente,Chuva,Simples,Retorno Regulamentado,Sim,5,0,3,0,1,1,3,3,-27.254238,-49.948658,SPRF-SC,DEL04-SC,UOP02-DEL04-SC,2022
"452872,0",2022-05-30,segunda-feira,05:30:00,SC,101,"367,2",ICARA,Ausência de reação do condutor,Colisão traseira,Com Vítimas Feridas,Plena Noite,Crescente,Nublado,Múltipla,Aclive,Não,4,0,0,1,3,0,1,2,-28.69744,-49.17897,SPRF-SC,DEL02-SC,UOP01-DEL02-SC,2022
"452938,0",2022-05-30,segunda-feira,13:20:00,SC,282,"48,0",AGUAS MORNAS,Acumulo de óleo sobre o pavimento,Colisão frontal,Com Vítimas Feridas,Pleno dia,Decrescente,Garoa/Chuvisco,Simples,Curva,Não,6,0,0,4,1,1,4,3,-27.714352,-48.938072,SPRF-SC,DEL01-SC,UOP03-DEL01-SC,2022
"452954,0",2022-05-30,segunda-feira,10:50:00,SC,116,"143,1",SANTA CECILIA,Manobra de mudança de faixa,Colisão frontal,Com Vítimas Fatais,Pleno dia,Decrescente,Garoa/Chuvisco,Simples,Aclive;Curva;Interseção de Vias,Não,4,1,0,2,1,0,2,2,-26.9852768,-50.3933149,SPRF-SC,DEL06-SC,UOP02-DEL06-SC,2022
"453040,0",2022-05-30,segunda-feira,21:25:00,SC,470,"125,1",LONTRAS,Ingestão de álcool pelo condutor,Colisão frontal,Com Vítimas Feridas,Plena Noite,Crescente,Nublado,Simples,Aclive;Reta,Sim,3,0,2,0,1,0,2,2,-27.120506,-49.534946,SPRF-SC,DEL04-SC,UOP02-DEL04-SC,2022
"453063,0",2022-05-31,terça-feira,06:45:00,SC,101,"127,0",ITAJAI,Condutor deixou de manter distância do veículo da frente,Colisão traseira,Com Vítimas Feridas,Pleno dia,Crescente,Nublado,Dupla,Reta,Não,2,0,1,0,1,0,1,2,-26.9639319,-48.68328024,SPRF-SC,DEL04-SC,UOP04-DEL04-SC,2022
"453090,0",2022-05-31,terça-feira,09:30:00,SC,280,"7,0",SAO FRANCISCO DO SUL,Acessar a via sem observar a presença dos outros veículos,Colisão transversal,Com Vítimas Feridas,Pleno dia,Decrescente,Nublado,Simples,Rotatória,Não,3,0,1,0,2,0,1,2,-26.27017365,-48.64059448,SPRF-SC,DEL03-SC,UOP03-DEL03-SC,2022
"453121,0",2022-05-31,terça-feira,13:15:00,SC,101,"201,9",SAO JOSE,Condutor Dormindo,Colisão traseira,Com Vítimas Feridas,Pleno dia,Crescente,Nublado,Múltipla,Reta,Sim,2,0,1,0,1,0,1,2,-27.55667755,-48.61912608,SPRF-SC,DEL01-SC,UOP01-DEL01-SC,2022
"453142,0",2022-05-31,terça-feira,15:40:00,SC,282,"531,0",CORDILHEIRA ALTA,Ingestão de álcool pelo condutor,Saída de leito carroçável,Sem Vítimas,Pleno dia,Decrescente,Céu Claro,Dupla,Curva,Sim,2,0,0,0,1,1,0,2,-26.98676,-52.605201,SPRF-SC,DEL07-SC,UOP01-DEL07-SC,2022
"453176,0",2022-05-31,terça-feira,18:45:00,SC,282,"51,0",RANCHO QUEIMADO,Acumulo de óleo sobre o pavimento,Colisão frontal,Com Vítimas Feridas,Plena Noite,Decrescente,Nevoeiro/Neblina,Simples,Curva,Não,3,0,0,2,1,0,2,2,-27.703712,-48.959267,SPRF-SC,DEL01-SC,UOP03-DEL01-SC,2022
"453202,0",2022-05-31,terça-feira,22:15:00,SC,101,"115,2",ITAJAI,Reação tardia ou ineficiente do condutor,Tombamento,Com Vítimas Feridas,Plena Noite,Decrescente,Chuva,Múltipla,Reta,Não,2,0,1,0,0,1,1,2,-26.87064015,-48.72954134,SPRF-SC,DEL04-SC,UOP04-DEL04-SC,2022
"453209,0",2022-05-31,terça-feira,22:00:00,SC,282,"116,0",ALFREDO WAGNER,Velocidade Incompatível,Colisão frontal,Com Vítimas Feridas,Plena Noite,Crescente,Chuva,Simples,Curva,Não,4,0,1,0,1,2,1,4,-27.755424,-49.39444,SPRF-SC,DEL01-SC,UOP03-DEL01-SC,2022
"453285,0",2022-06-01,quarta-feira,13:45:00,SC,101,"207,3",SAO JOSE,Manobra de mudança de faixa,Colisão lateral mesmo sentido,Com Vítimas Feridas,Pleno dia,Crescente,Chuva,Dupla,Reta,Sim,3,0,1,0,1,1,1,3,-27.60001226,-48.6226467,SPRF-SC,DEL01-SC,UOP01-DEL01-SC,2022
"453344,0",2022-06-01,quarta-feira,18:20:00,SC,470,"140,4",RIO DO SUL,Reação tardia ou ineficiente do condutor,Engavetamento,Sem Vítimas,Plena Noite,Decrescente,Garoa/Chuvisco,Simples,Reta,Sim,3,0,0,0,3,0,0,3,-27.205287,-49.641124,SPRF-SC,DEL04-SC,UOP02-DEL04-SC,2022
"453347,0",2022-06-01,quarta-feira,19:20:00,SC,101,"112,0",ITAJAI,Reação tardia ou ineficiente do condutor,Colisão traseira,Com Vítimas Feridas,Plena Noite,Decrescente,Chuva,Dupla,Reta;Ponte,Não,3,0,1,0,1,2,1,4,-26.84589005,-48.72131295,SPRF-SC,DEL04-SC,UOP04-DEL04-SC,2022