id,data_inversa,dia_semana,horario,uf,br,km,municipio,causa_acidente,tipo_acidente,classificacao_acidente,fase_dia,sentido_via,condicao_metereologica,tipo_pista,tracado_via,uso_solo,pessoas,mortos,feridos_leves,feridos_graves,ilesos,ignorados,feridos,veiculos,latitude,longitude,regional,delegacia,uop,ano_arquivo
"457344,0",2022-05-20,sexta-feira,15:00:00,SC,101,"216,1",PALHOCA,Ausência de reação do condutor,Colisão lateral mesmo sentido,Com Vítimas Feridas,Pleno dia,Crescente,Céu Claro,Dupla,Reta,Sim,3,0,2,0,1,0,2,2,-27.65981409,-48.67747798,SPRF-SC,DEL01-SC,UOP02-DEL01-SC,2022
"457359,0",2022-06-22,quarta-feira,16:45:00,SC,282,"463,0",PONTE SERRADA,Acessar a via sem observar a presença dos outros veículos,Colisão transversal,Com Vítimas Feridas,Pleno dia,Crescente,Nublado,Simples,Rotatória,Sim,2,0,1,0,1,0,1,2,-26.855036,-52.059551,SPRF-SC,DEL07-SC,UOP04-DEL07-SC,2022
"457399,0",2022-06-22,quarta-feira,13:30:00,SC,116,"161,5",PONTE ALTA DO NORTE,Velocidade Incompatível,Tombamento,Com Vítimas Feridas,Pleno dia,Crescente,Nublado,Simples,Curva,Não,2,0,1,0,0,1,1,2,-27.11697198,-50.45795411,SPRF-SC,DEL05-SC,UOP03-DEL05-SC,2022
"457400,0",2022-06-22,quarta-feira,17:30:00,SC,116,"190,0",SAO CRISTOVAO DO SUL,Reação tardia ou ineficiente do condutor,Saída de leito carroçável,Com Vítimas Feridas,Anoitecer,Decrescente,Nublado,Simples,Reta,Não,2,0,1,0,1,0,1,2,-27.34581721,-50.43271975,SPRF-SC,DEL05-SC,UOP03-DEL05-SC,2022
"457404,0",2022-06-22,quarta-feira,16:30:00,SC,153,"59,0",IRANI,Desrespeitar a preferência no cruzamento,Colisão transversal,Com Vítimas Feridas,Pleno dia,Decrescente,Nublado,Simples,Interseção de Vias,Não,4,0,2,0,1,2,2,4,-26.967562,-51.850391,SPRF-SC,DEL07-SC,UOP04-DEL07-SC,2022
"457459,0",2022-06-23,quinta-feira,07:40:00,SC,101,"330,6",TUBARAO,Manobra de mudança de faixa,Colisão lateral mesmo sentido,Com Vítimas Feridas,Pleno dia,Decrescente,Garoa/Chuvisco,Dupla,Reta,Não,3,0,1,0,1,1,1,3,-28.456018,-48.981745,SPRF-SC,DEL02-SC,UOP01-DEL02-SC,2022
"457476,0",2022-06-23,quinta-feira,09:30:00,SC,101,"206,0",SAO JOSE,Obstrução na via,Colisão traseira,Com Vítimas Feridas,Pleno dia,Decrescente,Nublado,Múltipla,Reta,Sim,3,0,0,1,2,0,1,3,-27.59193546,-48.61824557,SPRF-SC,DEL01-SC,UOP01-DEL01-SC,2022
"457479,0",2022-06-23,quinta-feira,06:40:00,SC,470,"207,9",PONTE ALTA,Manobra de mudança de faixa,Colisão frontal,Com Vítimas Feridas,Amanhecer,Decrescente,Nublado,Simples,Em Obras,Não,4,0,2,1,0,1,3,3,-27.291355,-50.194443,SPRF-SC,DEL05-SC,UOP03-DEL05-SC,2022
"457546,0",2022-06-23,quinta-feira,17:10:00,SC,101,"115,7",ITAJAI,Condutor deixou de manter distância do veículo da frente,Engavetamento,Com Vítimas Feridas,Anoitecer,Decrescente,Céu Claro,Dupla,Reta,Sim,7,0,1,0,6,0,1,7,-26.87064015,-48.72954134,SPRF-SC,DEL04-SC,UOP04-DEL04-SC,2022
"457708,0",2022-06-24,sexta-feira,11:00:00,SC,101,"137,0",BALNEARIO CAMBORIU,Ultrapassagem Indevida,Colisão transversal,Com Vítimas Feridas,Pleno dia,Crescente,Céu Claro,Múltipla,Interseção de Vias,Sim,2,0,0,1,1,0,1,2,-27.0157238,-48.61192763,SPRF-SC,DEL04-SC,UOP03-DEL04-SC,2022
"457716,0",2022-06-24,sexta-feira,11:48:00,SC,101,"216,5",PALHOCA,Ausência de reação do condutor,Colisão lateral mesmo sentido,Com Vítimas Feridas,Pleno dia,Decrescente,Céu Claro,Múltipla,Túnel,Sim,2,0,1,0,1,0,1,2,-27.65981409,-48.67747798,SPRF-SC,DEL01-SC,UOP02-DEL01-SC,2022
"457742,0",2022-06-24,sexta-feira,12:55:00,SC,282,"527,2",XAXIM,Velocidade Incompatível,Saída de leito carroçável,Com Vítimas Feridas,Pleno dia,Crescente,Céu Claro,Simples,Curva,Não,2,0,1,0,0,1,1,2,-26.97378573,-52.58377433,SPRF-SC,DEL07-SC,UOP01-DEL07-SC,2022
"457743,0",2022-06-24,sexta-feira,09:55:00,SC,116,"105,7",MONTE CASTELO,Velocidade Incompatível,Saída de leito carroçável,Sem Vítimas,Pleno dia,Decrescente,Céu Claro,Dupla,Reta,Não,1,0,0,0,1,0,0,1,-26.75095005,-50.31749478,SPRF-SC,DEL06-SC,UOP02-DEL06-SC,2022
"457812,0",2022-06-24,sexta-feira,18:15:00,SC,470,"201,0",PONTE ALTA,Reação tardia ou ineficiente do condutor,Colisão transversal,Sem Vítimas,Anoitecer,Decrescente,Céu Claro,Simples,Curva,Não,5,0,0,0,4,1,0,3,-27.298632,-50.143291,SPRF-SC,DEL05-SC,UOP03-DEL05-SC,2022
"457822,0",2022-06-24,sexta-feira,17:50:00,SC,101,"340,4",TUBARAO,Reação tardia ou ineficiente do condutor,Saída de leito carroçável,Sem Vítimas,Plena Noite,Decrescente,Chuva,Dupla,Reta,Sim,2,0,0,0,1,1,0,2,-28.501444,-49.04690399,SPRF-SC,DEL02-SC,UOP01-DEL02-SC,2022
"457825,0",2022-06-24,sexta-feira,18:20:00,SC,282,"645,5",SAO MIGUEL DO OESTE,Transitar na contramão,Colisão transversal,Com Vítimas Feridas,Anoitecer,Decrescente,Céu Claro,Simples,Reta;Declive,Não,4,0,1,2,1,0,3,2,-26.765184,-53.487823,SPRF-SC,DEL07-SC,UOP03-DEL07-SC,2022
"458265,0",2022-06-27,segunda-feira,06:30:00,SC,101,"441,0",SANTA ROSA DO SUL,Condutor deixou de manter distância do veículo da frente,Colisão traseira,Com Vítimas Feridas,Amanhecer,Decrescente,Céu Claro,Múltipla,Declive;Viaduto;Reta,Sim,2,0,1,0,1,0,1,2,-29.12943524,-49.68627714,SPRF-SC,DEL02-SC,UOP02-DEL02-SC,2022
"458424,0",2022-06-27,segunda-feira,23:00:00,SC,470,"227,5",SAO CRISTOVAO DO SUL,Transitar na contramão,Colisão lateral sentido oposto,Com Vítimas Fatais,Plena Noite,Decrescente,Nublado,Simples,Reta,Não,6,2,1,2,1,0,3,3,-27.321979,-50.376504,SPRF-SC,DEL05-SC,UOP03-DEL05-SC,2022
"458436,0",2022-06-28,terça-feira,07:25:00,SC,101,"135,0",BALNEARIO CAMBORIU,Reação tardia ou ineficiente do condutor,Colisão lateral sentido oposto,Com Vítimas Feridas,Pleno dia,Decrescente,Nublado,Múltipla,Ponte,Sim,2,0,0,1,1,0,1,2,-27.0050108,-48.62677494,SPRF-SC,DEL04-SC,UOP03-DEL04-SC,2022
"458470,0",2022-06-14,terça-feira,14:40:00,SC,116,"1,5",MAFRA,Desrespeitar a preferência no cruzamento,Colisão transversal,Com Vítimas Feridas,Pleno dia,Crescente,Céu Claro,Simples,Rotatória;Interseção de Vias,Sim,6,0,0,1,4,1,1,2,-26.1170929,-49.78694917,SPRF-SC,DEL06-SC,UOP01-DEL06-SC,2022
"458528,0",2022-06-28,terça-feira,10:55:00,SC,282,"382,0",HERVAL DOESTE,Ultrapassagem Indevida,Colisão frontal,Com Vítimas Feridas,Pleno dia,Decrescente,Céu Claro,Simples,Reta,Não,3,0,1,0,1,1,1,3,-27.19607,-51.503044,SPRF-SC,DEL07-SC,UOP05-DEL07-SC,2022
"458572,0",2022-06-28,terça-feira,19:05:00,SC,282,"230,5",LAGES,Acessar a via sem observar a presença dos outros veículos,Colisão transversal,Com Vítimas Feridas,Plena Noite,Crescente,Céu Claro,Simples,Curva;Declive,Não,2,0,0,1,1,0,1,2,-27.787432,-50.425808,SPRF-SC,DEL05-SC,UOP02-DEL05-SC,2022
"458598,0",2022-06-29,quarta-feira,03:30:00,SC,101,"298,8",LAGUNA,Velocidade Incompatível,Colisão com objeto,Com Vítimas Feridas,Plena Noite,Decrescente,Chuva,Múltipla,Curva,Sim,3,0,1,0,1,1,1,3,-28.35073208,-48.73925686,SPRF-SC,DEL02-SC,UOP03-DEL02-SC,2022
"458605,0",2022-06-29,quarta-feira,06:30:00,SC,470,"54,0",BLUMENAU,Condutor deixou de manter distância do veículo da frente,Colisão traseira,Com Vítimas Feridas,Pleno dia,Decrescente,Céu Claro,Simples,Reta,Sim,2,0,0,1,1,0,1,2,-26.871065,-49.110374,SPRF-SC,DEL04-SC,UOP01-DEL04-SC,2022
"458655,0",2022-06-29,quarta-feira,12:00:00,SC,101,"45,0",JOINVILLE,Deficiência do Sistema de Iluminação/Sinalização,Engavetamento,Com Vítimas Feridas,Pleno dia,Decrescente,Céu Claro,Dupla,Declive,Sim,5,0,1,0,3,1,1,5,-26.32214492,-48.8689509,SPRF-SC,DEL03-SC,UOP01-DEL03-SC,2022
"458663,0",2022-06-29,quarta-feira,12:30:00,SC,280,"109,5",SAO BENTO DO SUL,Desrespeitar a preferência no cruzamento,Colisão frontal,Com Vítimas Feridas,Pleno dia,Crescente,Céu Claro,Simples,Curva,Não,3,0,1,0,2,0,1,2,-26.327628,-49.382239,SPRF-SC,DEL06-SC,UOP03-DEL06-SC,2022
"458673,0",2022-06-29,quarta-feira,10:50:00,SC,470,"278,9",BRUNOPOLIS,Ausência de reação do condutor,Colisão com objeto,Com Vítimas Feridas,Pleno dia,Decrescente,Céu Claro,Simples,Curva,Não,2,0,1,0,0,1,1,2,-27.332949,-50.84285,SPRF-SC,DEL07-SC,UOP06-DEL07-SC,2022
"458686,0",2022-06-29,quarta-feira,14:35:00,SC,480,"126,8",CHAPECO,Desrespeitar a preferência no cruzamento,Colisão transversal,Com Vítimas Feridas,Pleno dia,Decrescente,Sol,Simples,Reta;Túnel,Não,4,0,2,0,1,1,2,3,-27.027581,-52.634239,SPRF-SC,DEL07-SC,UOP01-DEL07-SC,2022
"458692,0",2022-06-29,quarta-feira,15:30:00,SC,280,"276,5",IRINEOPOLIS,Reação tardia ou ineficiente do condutor,Colisão traseira,Com Vítimas Feridas,Pleno dia,Decrescente,Céu Claro,Simples,Aclive;Reta,Não,2,0,0,1,1,0,1,2,-26.29126407,-50.79052397,SPRF-SC,DEL06-SC,UOP04-DEL06-SC,2022
"458739,0",2022-06-30,quinta-feira,00:10:00,SC,282,"104,0",ALFREDO WAGNER,Condutor Dormindo,Colisão frontal,Com Vítimas Feridas,Plena Noite,Decrescente,Nublado,Simples,Ponte,Sim,3,0,2,0,0,2,2,4,-27.696043,-49.334038,SPRF-SC,DEL01-SC,UOP03-DEL01-SC,2022
"458791,0",2022-06-30,quinta-feira,08:10:00,SC,280,"55,4",GUARAMIRIM,Carga excessiva e/ou mal acondicionada,Derramamento de carga,Sem Vítimas,Pleno dia,Crescente,Céu Claro,Dupla,Rotatória,Sim,1,0,0,0,1,0,0,1,-26.47584353,-48.9937858,SPRF-SC,DEL03-SC,UOP03-DEL03-SC,2022
"458891,0",2022-06-30,quinta-feira,22:20:00,SC,101,"286,3",IMBITUBA,Manobra de mudança de faixa,Colisão lateral mesmo sentido,Com Vítimas Feridas,Plena Noite,Decrescente,Céu Claro,Dupla,Aclive;Reta,Não,4,0,0,1,1,2,1,4,-28.22947996,-48.70163526,SPRF-SC,DEL02-SC,UOP03-DEL02-SC,2022
"458987,0",2022-07-01,sexta-feira,11:50:00,SC,101,"331,3",TUBARAO,Reação tardia ou ineficiente do condutor,Colisão traseira,Com Vítimas Feridas,Pleno dia,Crescente,Céu Claro,Múltipla,Reta,Sim,3,0,2,0,1,0,2,2,-28.46250112,-48.9917285,SPRF-SC,DEL02-SC,UOP01-DEL02-SC,2022
"459049,0",2022-07-01,sexta-feira,18:00:00,SC,101,"32,3",JOINVILLE,Trafegar com motocicleta (ou similar) entre as faixas,Tombamento,Com Vítimas Fatais,Plena Noite,Crescente,Céu Claro,Dupla,Rotatória;Túnel;Em Obras;Ponte;Declive;Viaduto;Retorno Regulamentado;Curva,Não,3,1,0,0,1,2,0,4,-26.247787,-48.90989,SPRF-SC,DEL03-SC,UOP01-DEL03-SC,2022
"459075,0",2022-07-01,sexta-feira,19:40:00,SC,101,"154,0",PORTO BELO,Reação tardia ou ineficiente do condutor,Engavetamento,Sem Vítimas,Plena Noite,Crescente,Céu Claro,Dupla,Reta,Não,4,0,0,0,3,2,0,5,-27.153819,-48.61086393,SPRF-SC,DEL04-SC,UOP03-DEL04-SC,2022
"459081,0",2022-07-01,sexta-feira,07:40:00,SC,280,"4,0",SAO FRANCISCO DO SUL,Acessar a via sem observar a presença dos outros veículos,Colisão lateral mesmo sentido,Com Vítimas Feridas,Pleno dia,Crescente,Nublado,Simples,Reta,Sim,2,0,1,0,1,0,1,2,-26.25329566,-48.61916042,SPRF-SC,DEL03-SC,UOP03-DEL03-SC,2022
"459185,0",2022-07-02,sábado,05:50:00,SC,470,"239,0",SAO CRISTOVAO DO SUL,Transitar na contramão,Colisão frontal,Com Vítimas Feridas,Plena Noite,Crescente,Céu Claro,Simples,Curva,Não,2,0,1,1,0,0,2,2,-27.30665521,-50.47634125,SPRF-SC,DEL05-SC,UOP03-DEL05-SC,2022
"459229,0",2022-05-13,sexta-feira,04:30:00,SC,101,"188,3",BIGUACU,Reação tardia ou ineficiente do condutor,Colisão traseira,Com Vítimas Fatais,Plena Noite,Crescente,Céu Claro,Múltipla,Reta,Sim,4,1,0,1,1,1,1,3,-27.4537914,-48.6354027,SPRF-SC,DEL01-SC,UOP01-DEL01-SC,2022
"459265,0",2022-07-02,sábado,18:15:00,SC,101,"197,2",BIGUACU,Manobra de mudança de faixa,Colisão lateral mesmo sentido,Sem Vítimas,Plena Noite,Crescente,Céu Claro,Múltipla,Reta,Sim,2,0,0,0,2,0,0,2,-27.51844497,-48.63848496,SPRF-SC,DEL01-SC,UOP01-DEL01-SC,2022
"459300,0",2022-07-02,sábado,18:45:00,SC,470,"89,9",ASCURRA,Condutor deixou de manter distância do veículo da frente,Colisão traseira,Com Vítimas Feridas,Plena Noite,Decrescente,Nevoeiro/Neblina,Simples,Reta,Sim,3,0,1,0,2,0,1,3,-26.961573,-49.371918,SPRF-SC,DEL04-SC,UOP01-DEL04-SC,2022
"459384,0",2022-07-03,domingo,04:00:00,SC,153,"65,5",IRANI,Ingestão de álcool pelo condutor,Colisão transversal,Com Vítimas Feridas,Plena Noite,Crescente,Céu Claro,Simples,Curva,Sim,3,0,1,0,1,1,1,3,-27.011721,-51.876862,SPRF-SC,DEL07-SC,UOP04-DEL07-SC,2022
"459581,0",2022-07-04,segunda-feira,01:50:00,SC,470,"267,5",CURITIBANOS,Transitar na contramão,Colisão lateral sentido oposto,Sem Vítimas,Plena Noite,Decrescente,Nublado,Simples,Curva,Não,4,0,0,0,3,1,0,4,-27.311771,-50.748844,SPRF-SC,DEL05-SC,UOP03-DEL05-SC,2022
"459671,0",2022-07-04,segunda-feira,12:50:00,SC,470,"140,0",RIO DO SUL,Conversão proibida,Colisão transversal,Com Vítimas Feridas,Pleno dia,Crescente,Sol,Simples,Reta,Sim,5,0,2,0,2,1,2,3,-27.2049842,-49.640522,SPRF-SC,DEL04-SC,UOP02-DEL04-SC,2022
"459730,0",2022-07-04,segunda-feira,17:26:00,SC,280,"159,0",MAFRA,Acumulo de areia ou detritos sobre o pavimento,Colisão com objeto,Com Vítimas Feridas,Pleno dia,Decrescente,Céu Claro,Simples,Reta,Não,2,0,0,1,0,1,1,2,-26.20208315,-49.76143098,SPRF-SC,DEL06-SC,UOP03-DEL06-SC,2022
"459743,0",2022-07-04,segunda-feira,18:35:00,SC,101,"202,3",SAO JOSE,Reação tardia ou ineficiente do condutor,Queda de ocupante de veículo,Com Vítimas Feridas,Plena Noite,Decrescente,Céu Claro,Dupla,Reta,Sim,2,0,1,0,1,0,1,2,-27.55711595,-48.61897889,SPRF-SC,DEL01-SC,UOP01-DEL01-SC,2022
"459763,0",2022-07-05,terça-feira,00:20:00,SC,470,"171,3",POUSO REDONDO,Velocidade Incompatível,Tombamento,Com Vítimas Feridas,Plena Noite,Decrescente,Nevoeiro/Neblina,Simples,Curva,Não,2,0,1,0,0,1,1,2,-27.260828,-49.900455,SPRF-SC,DEL04-SC,UOP02-DEL04-SC,2022
"459966,0",2022-07-06,quarta-feira,08:00:00,SC,101,"167,0",TIJUCAS,Demais falhas mecânicas ou elétricas,Incêndio,Sem Vítimas,Pleno dia,Crescente,Céu Claro,Dupla,Reta,Não,1,0,0,0,1,0,0,1,-27.27029501,-48.63176618,SPRF-SC,DEL04-SC,UOP03-DEL04-SC,2022
"460065,0",2022-07-06,quarta-feira,17:20:00,SC,101,"47,0",JOINVILLE,Manobra de mudança de faixa,Colisão lateral mesmo sentido,Com Vítimas Feridas,Anoitecer,Decrescente,Céu Claro,Dupla,Reta,Não,2,0,1,0,0,1,1,2,-26.36926328,-48.85720968,SPRF-SC,DEL03-SC,UOP01-DEL03-SC,2022
"460074,0",2022-07-06,quarta-feira,18:00:00,SC,101,"289,9",IMBITUBA,Ausência de reação do condutor,Colisão lateral mesmo sentido,Com Vítimas Feridas,Anoitecer,Crescente,Céu Claro,Múltipla,Reta;Aclive,Não,4,0,2,0,1,1,2,4,-28.281752,-48.702223,SPRF-SC,DEL02-SC,UOP03-DEL02-SC,2022
"460099,0",2022-07-06,quarta-feira,17:30:00,SC,101,"205,5",SAO JOSE,Problema com o freio,Capotamento,Sem Vítimas,Anoitecer,Crescente,Céu Claro,Múltipla,Reta,Sim,2,0,0,0,2,0,0,2,-27.58313237,-48.61532885,SPRF-SC,DEL01-SC,UOP01-DEL01-SC,2022
"460143,0",2022-07-06,quarta-feira,23:20:00,SC,470,"125,0",RIO DO SUL,Condutor Dormindo,Saída de leito carroçável,Com Vítimas Feridas,Plena Noite,Crescente,Nevoeiro/Neblina,Simples,Reta,Sim,1,0,1,0,0,0,1,1,-27.120506,-49.534946,SPRF-SC,DEL04-SC,UOP02-DEL04-SC,2022
"460192,0",2022-07-07,quinta-feira,10:50:00,SC,470,"18,0",ILHOTA,Condutor deixou de manter distância do veículo da frente,Colisão traseira,Com Vítimas Feridas,Pleno dia,Crescente,Céu Claro,Simples,Reta,Não,4,0,2,0,2,0,2,2,-26.855534,-48.808922,SPRF-SC,DEL04-SC,UOP04-DEL04-SC,2022
"460202,0",2022-07-07,quinta-feira,10:20:00,SC,470,"18,0",ILHOTA,Manobra de mudança de faixa,Colisão frontal,Com Vítimas Fatais,Pleno dia,Crescente,Céu Claro,Simples,Reta,Não,2,1,1,0,0,0,1,2,-26.855534,-48.808922,SPRF-SC,DEL04-SC,UOP04-DEL04-SC,2022
"460213,0",2022-07-07,quinta-feira,14:18:00,SC,101,"196,8",BIGUACU,Ausência de reação do condutor,Colisão lateral mesmo sentido,Com Vítimas Feridas,Pleno dia,Crescente,Céu Claro,Dupla,Reta,Sim,3,0,1,0,1,1,1,3,-27.51101091,-48.64322292,SPRF-SC,DEL01-SC,UOP01-DEL01-SC,2022
"460276,0",2022-07-07,quinta-feira,20:07:00,SC,280,"245,5",CANOINHAS,Carga excessiva e/ou mal acondicionada,Colisão lateral sentido oposto,Sem Vítimas,Plena Noite,Crescente,Nublado,Simples,Reta,Não,3,0,0,0,3,0,0,3,-26.22501599,-50.45997601,SPRF-SC,DEL06-SC,UOP04-DEL06-SC,2022
"460321,0",2022-07-08,sexta-feira,04:00:00,SC,470,"55,4",BLUMENAU,Ausência de reação do condutor,Colisão traseira,Sem Vítimas,Plena Noite,Crescente,Céu Claro,Simples,Reta,Não,3,0,0,0,2,1,0,3,-26.875601,-49.117992,SPRF-SC,DEL04-SC,UOP01-DEL04-SC,2022
"460357,0",2022-06-02,quinta-feira,14:55:00,SC,280,"162,1",MAFRA,Transitar na contramão,Colisão frontal,Com Vítimas Fatais,Pleno dia,Crescente,Chuva,Simples,Reta,Não,2,1,0,0,1,0,0,2,-26.1928161,-49.8031002,SPRF-SC,DEL06-SC,UOP03-DEL06-SC,2022
"460403,0",2022-07-08,sexta-feira,07:10:00,SC,163,"72,0",SAO MIGUEL DO OESTE,Desrespeitar a preferência no cruzamento,Colisão transversal,Com Vítimas Feridas,Pleno dia,Decrescente,Céu Claro,Dupla,Reta;Interseção de Vias,Sim,3,0,1,0,1,1,1,3,-26.71908804,-53.5157791,SPRF-SC,DEL07-SC,UOP03-DEL07-SC,2022
"460511,0",2022-07-08,sexta-feira,19:40:00,SC,282,"624,4",IRACEMINHA,Acessar a via sem observar a presença dos outros veículos,Colisão transversal,Com Vítimas Feridas,Plena Noite,Crescente,Nublado,Simples,Interseção de Vias,Não,4,0,0,3,0,1,3,3,-26.79847275,-53.34561288,SPRF-SC,DEL07-SC,UOP02-DEL07-SC,2022
"460570,0",2022-07-09,sábado,02:20:00,SC,470,"35,0",GASPAR,Acessar a via sem observar a presença dos outros veículos,Colisão transversal,Com Vítimas Feridas,Plena Noite,Crescente,Céu Claro,Simples,Reta,Não,3,0,0,1,1,1,1,3,-26.912857,-48.958965,SPRF-SC,DEL04-SC,UOP01-DEL04-SC,2022
"460740,0",2022-07-09,sábado,18:00:00,SC,153,"58,7",IRANI,Desrespeitar a preferência no cruzamento,Colisão transversal,Com Vítimas Feridas,Plena Noite,Decrescente,Céu Claro,Simples,Rotatória,Não,3,0,1,0,1,1,1,3,-26.964373,-51.841362,SPRF-SC,DEL07-SC,UOP04-DEL07-SC,2022
"460759,0",2022-07-09,sábado,16:06:00,SC,163,"123,7",DIONISIO CERQUEIRA,Ingestão de álcool pelo condutor,Colisão lateral sentido oposto,Com Vítimas Feridas,Pleno dia,Crescente,Céu Claro,Simples,Reta,Não,2,0,1,0,1,0,1,2,-26.30476469,-53.5506378,SPRF-SC,DEL07-SC,UOP03-DEL07-SC,2022
"460776,0",2022-07-05,terça-feira,20:00:00,SC,280,"130,0",RIO NEGRINHO,Manobra de mudança de faixa,Colisão com objeto,Sem Vítimas,Plena Noite,Crescente,Céu Claro,Simples,Reta,Sim,1,0,0,0,1,0,0,1,-26.2530246,-49.52924913,SPRF-SC,DEL06-SC,UOP03-DEL06-SC,2022
"460885,0",2022-07-10,domingo,12:00:00,SC,282,"160,0",BOM RETIRO,Demais falhas mecânicas ou elétricas,Saída de leito carroçável,Com Vítimas Feridas,Pleno dia,Crescente,Céu Claro,Simples,Reta,Não,1,0,1,0,0,0,1,1,-27.734652,-49.753586,SPRF-SC,DEL05-SC,UOP01-DEL05-SC,2022
"461048,0",2022-07-11,segunda-feira,08:15:00,SC,470,"59,2",BLUMENAU,Demais falhas mecânicas ou elétricas,Colisão frontal,Com Vítimas Feridas,Pleno dia,Crescente,Céu Claro,Simples,Reta,Não,2,0,0,1,1,0,1,2,-26.882812,-49.1548,SPRF-SC,DEL04-SC,UOP01-DEL04-SC,2022
"461072,0",2022-07-11,segunda-feira,10:50:00,SC,101,"203,0",SAO JOSE,Ausência de reação do condutor,Colisão lateral mesmo sentido,Com Vítimas Feridas,Pleno dia,Crescente,Nublado,Múltipla,Reta,Sim,2,0,1,0,0,1,1,2,-27.5650044,-48.61460082,SPRF-SC,DEL01-SC,UOP01-DEL01-SC,2022
"461091,0",2022-05-20,sexta-feira,18:35:00,SC,101,"209,0",SAO JOSE,Velocidade Incompatível,Colisão traseira,Com Vítimas Feridas,Plena Noite,Decrescente,Céu Claro,Múltipla,Reta,Sim,3,0,0,1,1,1,1,3,-27.61080472,-48.63940358,SPRF-SC,DEL01-SC,UOP01-DEL01-SC,2022
"461125,0",2022-07-11,segunda-feira,12:00:00,SC,158,"104,0",CUNHA PORA,Ingestão de substâncias psicoativas pelo condutor,Colisão frontal,Com Vítimas Feridas,Pleno dia,Crescente,Céu Claro,Simples,Reta,Não,3,0,0,1,1,1,1,3,-26.86046001,-53.16404912,SPRF-SC,DEL07-SC,UOP02-DEL07-SC,2022
"461140,0",2022-07-10,domingo,23:30:00,SC,470,"211,6",SAO CRISTOVAO DO SUL,Velocidade Incompatível,Saída de leito carroçável,Com Vítimas Feridas,Plena Noite,Decrescente,Céu Claro,Simples,Declive;Curva,Não,2,0,1,0,0,1,1,2,-27.30955328,-50.2345562,SPRF-SC,DEL05-SC,UOP03-DEL05-SC,2022
"461141,0",2022-07-11,segunda-feira,16:40:00,SC,280,"29,7",ARAQUARI,Reação tardia ou ineficiente do condutor,Colisão frontal,Sem Vítimas,Pleno dia,Decrescente,Céu Claro,Simples,Reta,Não,2,0,0,0,1,1,0,2,-26.41066264,-48.75295628,SPRF-SC,DEL03-SC,UOP03-DEL03-SC,2022
"461142,0",2022-07-11,segunda-feira,16:25:00,SC,101,"122,9",ITAJAI,Trafegar com motocicleta (ou similar) entre as faixas,Colisão lateral mesmo sentido,Com Vítimas Feridas,Pleno dia,Decrescente,Nublado,Simples,Reta,Não,3,0,1,0,1,1,1,3,-26.93677202,-48.69817615,SPRF-SC,DEL04-SC,UOP04-DEL04-SC,2022
"461163,0",2022-07-11,segunda-feira,16:30:00,SC,101,"132,0",BALNEARIO CAMBORIU,Pedestre cruzava a pista fora da faixa,Atropelamento de Pedestre,Com Vítimas Feridas,Pleno dia,Crescente,Céu Claro,Dupla,Reta,Sim,2,0,1,0,1,0,1,2,-26.99654133,-48.65564711,SPRF-SC,DEL04-SC,UOP03-DEL04-SC,2022
"461174,0",2022-07-11,segunda-feira,19:45:00,SC,280,"16,1",SAO FRANCISCO DO SUL,Reação tardia ou ineficiente do condutor,Colisão frontal,Com Vítimas Feridas,Plena Noite,Decrescente,Céu Claro,Simples,Reta,Não,3,0,0,1,1,3,1,5,-26.34729908,-48.65797872,SPRF-SC,DEL03-SC,UOP03-DEL03-SC,2022
"461176,0",2022-07-11,segunda-feira,20:10:00,SC,101,"118,8",ITAJAI,Acessar a via sem observar a presença dos outros veículos,Colisão lateral mesmo sentido,Com Vítimas Feridas,Plena Noite,Decrescente,Nublado,Dupla,Reta,Não,3,0,1,0,1,1,1,3,-26.9009432,-48.71670669,SPRF-SC,DEL04-SC,UOP04-DEL04-SC,2022
"461185,0",2022-07-11,segunda-feira,18:50:00,SC,101,"349,9",JAGUARUNA,Manobra de mudança de faixa,Colisão traseira,Com Vítimas Feridas,Plena Noite,Crescente,Céu Claro,Dupla,Declive,Não,3,0,0,1,1,1,1,3,-28.5983887,-49.05052185,SPRF-SC,DEL02-SC,UOP01-DEL02-SC,2022
"461211,0",2022-07-12,terça-feira,03:40:00,SC,470,"220,3",SAO CRISTOVAO DO SUL,Pista Escorregadia,Colisão frontal,Com Vítimas Feridas,Plena Noite,Crescente,Chuva,Simples,Curva,Não,3,0,3,0,0,0,3,2,-27.31184118,-50.31206131,SPRF-SC,DEL05-SC,UOP03-DEL05-SC,2022
"461222,0",2022-07-12,terça-feira,07:00:00,SC,101,"205,8",SAO JOSE,Trafegar com motocicleta (ou similar) entre as faixas,Tombamento,Com Vítimas Feridas,Pleno dia,Crescente,Céu Claro,Múltipla,Reta,Sim,3,0,0,1,1,1,1,3,-27.59193546,-48.61824557,SPRF-SC,DEL01-SC,UOP01-DEL01-SC,2022
"461226,0",2022-06-18,sábado,19:40:00,SC,282,"50,8",AGUAS MORNAS,Velocidade Incompatível,Colisão frontal,Com Vítimas Fatais,Plena Noite,Decrescente,Céu Claro,Simples,Curva;Declive,Não,8,1,1,3,2,2,4,5,-27.7037593,-48.9592645,SPRF-SC,DEL01-SC,UOP03-DEL01-SC,2022
"461336,0",2022-07-12,terça-feira,19:50:00,SC,101,"209,9",SAO JOSE,Trafegar com motocicleta (ou similar) entre as faixas,Colisão lateral mesmo sentido,Com Vítimas Feridas,Plena Noite,Decrescente,Céu Claro,Múltipla,Reta;Aclive,Sim,3,0,1,1,0,1,2,2,-27.61000542,-48.63895057,SPRF-SC,DEL01-SC,UOP01-DEL01-SC,2022