id,data_inversa,dia_semana,horario,uf,br,km,municipio,causa_acidente,tipo_acidente,classificacao_acidente,fase_dia,sentido_via,condicao_metereologica,tipo_pista,tracado_via,uso_solo,pessoas,mortos,feridos_leves,feridos_graves,ilesos,ignorados,feridos,veiculos,latitude,longitude,regional,delegacia,uop,ano_arquivo
"482615,0",2022-10-24,segunda-feira,02:20:00,SC,101,"206,8",SAO JOSE,Condutor deixou de manter distância do veículo da frente,Colisão traseira,Com Vítimas Feridas,Plena Noite,Decrescente,Chuva,Dupla,Curva,Sim,3,0,0,2,1,0,2,3,-27.59193546,-48.61824557,SPRF-SC,DEL01-SC,UOP01-DEL01-SC,2022
"482710,0",2022-10-24,segunda-feira,11:00:00,SC,282,"215,0",LAGES,Condutor deixou de manter distância do veículo da frente,Colisão traseira,Com Vítimas Feridas,Pleno dia,Decrescente,Sol,Simples,Reta,Sim,4,0,1,0,3,0,1,3,-27.793665,-50.281799,SPRF-SC,DEL05-SC,UOP01-DEL05-SC,2022
"482724,0",2022-10-24,segunda-feira,09:30:00,SC,282,"560,0",NOVA ITABERABA,Ausência de reação do condutor,Colisão lateral mesmo sentido,Com Vítimas Feridas,Pleno dia,Crescente,Céu Claro,Simples,Reta,Não,2,0,0,1,1,0,1,2,-26.927247,-52.846077,SPRF-SC,DEL07-SC,UOP01-DEL07-SC,2022
"482768,0",2022-10-24,segunda-feira,17:45:00,SC,101,"113,0",ITAJAI,Acessar a via sem observar a presença dos outros veículos,Colisão lateral mesmo sentido,Sem Vítimas,Pleno dia,Decrescente,Nublado,Dupla,Reta,Sim,2,0,0,0,1,1,0,2,-26.85638925,-48.72728348,SPRF-SC,DEL04-SC,UOP04-DEL04-SC,2022
"482806,0",2022-10-24,segunda-feira,20:40:00,SC,470,"134,0",RIO DO SUL,Transitar na contramão,Colisão lateral sentido oposto,Com Vítimas Feridas,Plena Noite,Decrescente,Céu Claro,Simples,Retorno Regulamentado,Sim,2,0,1,0,1,0,1,2,-27.17871592,-49.59536433,SPRF-SC,DEL04-SC,UOP02-DEL04-SC,2022
"482889,0",2022-10-25,terça-feira,13:00:00,SC,101,"104,0",BALNEARIO PICARRAS,Condutor deixou de manter distância do veículo da frente,Colisão traseira,Com Vítimas Feridas,Pleno dia,Crescente,Sol,Dupla,Reta,Não,3,0,1,0,1,2,1,4,-26.79281742,-48.68080819,SPRF-SC,DEL03-SC,UOP02-DEL03-SC,2022
"482901,0",2022-10-25,terça-feira,14:15:00,SC,101,"137,6",BALNEARIO CAMBORIU,Reação tardia ou ineficiente do condutor,Engavetamento,Com Vítimas Feridas,Pleno dia,Decrescente,Céu Claro,Dupla,Aclive,Sim,5,0,2,1,1,3,3,6,-27.0157238,-48.61192763,SPRF-SC,DEL04-SC,UOP03-DEL04-SC,2022
"482903,0",2022-10-25,terça-feira,14:20:00,SC,116,"246,8",LAGES,Reação tardia ou ineficiente do condutor,Colisão transversal,Sem Vítimas,Pleno dia,Decrescente,Céu Claro,Simples,Reta,Não,2,0,0,0,2,0,0,2,-27.80419942,-50.36509464,SPRF-SC,DEL05-SC,UOP02-DEL05-SC,2022
"482923,0",2022-10-25,terça-feira,16:20:00,SC,101,"143,0",ITAPEMA,Trafegar com motocicleta (ou similar) entre as faixas,Colisão lateral mesmo sentido,Com Vítimas Feridas,Pleno dia,Decrescente,Céu Claro,Dupla,Curva,Sim,3,0,1,0,1,2,1,4,-27.06436,-48.59599405,SPRF-SC,DEL04-SC,UOP03-DEL04-SC,2022
"482993,0",2022-10-26,quarta-feira,05:15:00,SC,101,"57,8",ARAQUARI,Reação tardia ou ineficiente do condutor,Colisão com objeto,Com Vítimas Fatais,Amanhecer,Decrescente,Nublado,Dupla,Curva,Não,3,1,0,0,1,1,0,3,-26.43815475,-48.80371571,SPRF-SC,DEL03-SC,UOP01-DEL03-SC,2022
"483043,0",2022-10-26,quarta-feira,07:15:00,SC,282,"544,4",CHAPECO,Ultrapassagem Indevida,Colisão frontal,Com Vítimas Fatais,Pleno dia,Crescente,Sol,Simples,Curva,Não,14,1,0,1,10,2,1,6,-26.991974,-52.725281,SPRF-SC,DEL07-SC,UOP01-DEL07-SC,2022
"483047,0",2022-10-26,quarta-feira,08:15:00,SC,116,"59,9",PAPANDUVA,Manobra de mudança de faixa,Colisão lateral mesmo sentido,Com Vítimas Feridas,Pleno dia,Crescente,Céu Claro,Simples,Reta,Não,3,0,1,0,1,1,1,3,-26.35046931,-50.1543045,SPRF-SC,DEL06-SC,UOP02-DEL06-SC,2022
"483073,0",2022-10-26,quarta-feira,15:00:00,SC,101,"198,0",BIGUACU,Ausência de reação do condutor,Engavetamento,Com Vítimas Feridas,Pleno dia,Crescente,Céu Claro,Dupla,Reta,Sim,3,0,1,0,2,0,1,3,-27.52658712,-48.63506019,SPRF-SC,DEL01-SC,UOP01-DEL01-SC,2022
"483163,0",2022-10-27,quinta-feira,03:50:00,SC,470,"282,2",BRUNOPOLIS,Curva acentuada,Tombamento,Com Vítimas Feridas,Plena Noite,Crescente,Céu Claro,Simples,Curva,Não,2,0,1,0,0,1,1,2,-27.334911,-50.882519,SPRF-SC,DEL07-SC,UOP06-DEL07-SC,2022
"483318,0",2022-10-27,quinta-feira,22:30:00,SC,470,"272,4",BRUNOPOLIS,Manobra de mudança de faixa,Colisão lateral sentido oposto,Com Vítimas Feridas,Plena Noite,Decrescente,Céu Claro,Simples,Reta,Não,5,0,2,0,2,2,2,5,-27.325785,-50.78363,SPRF-SC,DEL07-SC,UOP06-DEL07-SC,2022
"483362,0",2022-10-28,sexta-feira,07:50:00,SC,101,"208,7",SAO JOSE,Ausência de reação do condutor,Tombamento,Com Vítimas Fatais,Pleno dia,Decrescente,Sol,Múltipla,Reta,Sim,2,1,0,0,1,0,0,2,-27.6082989,-48.6370609,SPRF-SC,DEL01-SC,UOP01-DEL01-SC,2022
"483391,0",2022-10-28,sexta-feira,12:50:00,SC,280,"31,0",ARAQUARI,Velocidade Incompatível,Tombamento,Com Vítimas Feridas,Pleno dia,Crescente,Sol,Simples,Rotatória,Não,3,0,1,0,1,2,1,4,-26.41649938,-48.77181215,SPRF-SC,DEL03-SC,UOP03-DEL03-SC,2022
"483466,0",2022-10-28,sexta-feira,16:30:00,SC,101,"41,0",JOINVILLE,Desrespeitar a preferência no cruzamento,Colisão transversal,Com Vítimas Feridas,Pleno dia,Decrescente,Céu Claro,Simples,Rotatória,Sim,4,0,1,1,1,1,2,3,-26.31878663,-48.87142539,SPRF-SC,DEL03-SC,UOP01-DEL03-SC,2022
"483479,0",2022-10-28,sexta-feira,15:10:00,SC,153,"38,7",PONTE SERRADA,Afundamento ou ondulação no pavimento,Colisão lateral sentido oposto,Com Vítimas Fatais,Pleno dia,Crescente,Céu Claro,Simples,Aclive;Reta,Não,4,1,0,0,2,6,0,9,-26.8402364,-51.7469502,SPRF-SC,DEL07-SC,UOP07-DEL07-SC,2022
"483595,0",2022-10-29,sábado,06:05:00,SC,470,"244,5",CURITIBANOS,Ingestão de álcool pelo condutor,Colisão lateral sentido oposto,Com Vítimas Feridas,Amanhecer,Crescente,Nublado,Simples,Curva,Não,8,0,4,0,3,1,4,7,-27.315066,-50.532113,SPRF-SC,DEL05-SC,UOP03-DEL05-SC,2022
"483606,0",2022-10-29,sábado,12:00:00,SC,101,"207,0",SAO JOSE,Trafegar com motocicleta (ou similar) entre as faixas,Colisão lateral mesmo sentido,Com Vítimas Feridas,Pleno dia,Crescente,Céu Claro,Dupla,Aclive,Sim,3,0,1,0,2,0,1,3,-27.60001226,-48.6226467,SPRF-SC,DEL01-SC,UOP01-DEL01-SC,2022
"483756,0",2022-10-29,sábado,20:15:00,SC,116,"138,5",SANTA CECILIA,Acessar a via sem observar a presença dos outros veículos,Colisão transversal,Sem Vítimas,Plena Noite,Decrescente,Chuva,Simples,Reta,Não,2,0,0,0,1,1,0,2,-26.95365013,-50.42351412,SPRF-SC,DEL06-SC,UOP02-DEL06-SC,2022
"483909,0",2022-10-30,domingo,14:35:00,SC,280,"161,0",MAFRA,Entrada inopinada do pedestre,Atropelamento de Pedestre,Com Vítimas Feridas,Pleno dia,Decrescente,Céu Claro,Simples,Reta,Não,5,0,1,0,1,4,1,4,-26.20444373,-49.78114403,SPRF-SC,DEL06-SC,UOP03-DEL06-SC,2022
"484193,0",2022-10-31,segunda-feira,21:20:00,SC,101,"152,5",PORTO BELO,Ingestão de álcool pelo condutor,Colisão traseira,Com Vítimas Feridas,Plena Noite,Decrescente,Céu Claro,Dupla,Reta,Sim,3,0,1,0,2,0,1,2,-27.13563503,-48.61004665,SPRF-SC,DEL04-SC,UOP03-DEL04-SC,2022
"484195,0",2022-10-15,sábado,04:50:00,SC,101,"207,0",SAO JOSE,Objeto estático sobre o leito carroçável,Engavetamento,Com Vítimas Feridas,Plena Noite,Decrescente,Garoa/Chuvisco,Múltipla,Aclive,Não,5,0,0,1,3,1,1,4,-27.60001226,-48.6226467,SPRF-SC,DEL01-SC,UOP01-DEL01-SC,2022
"484295,0",2022-11-01,terça-feira,16:15:00,SC,280,"33,4",ARAQUARI,Objeto estático sobre o leito carroçável,Derramamento de carga,Com Vítimas Feridas,Pleno dia,Crescente,Nublado,Simples,Túnel,Não,2,0,1,0,1,0,1,2,-26.42576441,-48.78741376,SPRF-SC,DEL03-SC,UOP03-DEL03-SC,2022
"484399,0",2022-11-02,quarta-feira,11:45:00,SC,101,"445,0",SANTA ROSA DO SUL,Obstrução na via,Atropelamento de Pedestre,Com Vítimas Feridas,Pleno dia,Decrescente,Céu Claro,Múltipla,Reta,Não,3,0,0,1,1,1,1,3,-29.13876138,-49.71567783,SPRF-SC,DEL02-SC,UOP02-DEL02-SC,2022
"484484,0",2022-11-03,quinta-feira,01:00:00,SC,153,"66,5",IRANI,Conversão proibida,Colisão frontal,Com Vítimas Fatais,Plena Noite,Crescente,Nublado,Simples,Reta,Não,2,1,0,0,1,0,0,2,-27.028358,-51.88303,SPRF-SC,DEL07-SC,UOP04-DEL07-SC,2022
"484502,0",2022-11-03,quinta-feira,06:45:00,SC,101,"441,0",SANTA ROSA DO SUL,Ausência de reação do condutor,Colisão traseira,Com Vítimas Fatais,Pleno dia,Crescente,Céu Claro,Múltipla,Aclive;Reta,Não,4,1,0,1,1,1,1,3,-29.129092,-49.685166,SPRF-SC,DEL02-SC,UOP02-DEL02-SC,2022
"484655,0",2022-11-03,quinta-feira,23:30:00,SC,116,"107,6",MONTE CASTELO,Curva acentuada,Tombamento,Com Vítimas Feridas,Plena Noite,Decrescente,Nublado,Simples,Curva,Não,1,0,1,0,0,0,1,1,-26.75568818,-50.32812388,SPRF-SC,DEL06-SC,UOP02-DEL06-SC,2022
"484678,0",2022-11-04,sexta-feira,07:40:00,SC,101,"192,9",BIGUACU,Acessar a via sem observar a presença dos outros veículos,Colisão traseira,Com Vítimas Feridas,Pleno dia,Crescente,Céu Claro,Simples,Reta,Sim,3,0,1,0,2,0,1,3,-27.48443781,-48.64765238,SPRF-SC,DEL01-SC,UOP01-DEL01-SC,2022
"484697,0",2022-11-04,sexta-feira,07:56:00,SC,282,"2,0",FLORIANOPOLIS,Condutor deixou de manter distância do veículo da frente,Colisão traseira,Com Vítimas Feridas,Pleno dia,Decrescente,Céu Claro,Dupla,Reta,Não,2,0,1,0,1,0,1,2,-27.603289,-48.590416,SPRF-SC,DEL01-SC,UOP01-DEL01-SC,2022
"484718,0",2022-11-04,sexta-feira,10:00:00,SC,101,"379,0",ICARA,Manobra de mudança de faixa,Colisão transversal,Com Vítimas Feridas,Pleno dia,Decrescente,Céu Claro,Simples,Declive;Reta,Sim,3,0,1,0,1,1,1,3,-28.75600607,-49.27867055,SPRF-SC,DEL02-SC,UOP02-DEL02-SC,2022
"484721,0",2022-11-04,sexta-feira,10:30:00,SC,282,"16,0",PALHOCA,Retorno proibido,Colisão transversal,Com Vítimas Feridas,Pleno dia,Crescente,Sol,Simples,Reta,Sim,2,0,0,1,1,0,1,2,-27.65743611,-48.68096709,SPRF-SC,DEL01-SC,UOP02-DEL01-SC,2022
"484745,0",2022-04-13,quarta-feira,19:30:00,SC,101,"194,0",BIGUACU,Manobra de mudança de faixa,Colisão lateral mesmo sentido,Com Vítimas Feridas,Plena Noite,Decrescente,Céu Claro,Dupla,Reta,Sim,5,0,1,1,2,1,2,3,-27.49815117,-48.65661236,SPRF-SC,DEL01-SC,UOP01-DEL01-SC,2022
"484769,0",2022-11-04,sexta-feira,15:00:00,SC,470,"141,9",RIO DO SUL,Desrespeitar a preferência no cruzamento,Colisão transversal,Com Vítimas Feridas,Pleno dia,Decrescente,Sol,Simples,Reta,Sim,3,0,1,0,1,1,1,3,-27.226065,-49.666161,SPRF-SC,DEL04-SC,UOP02-DEL04-SC,2022
"484901,0",2022-11-05,sábado,04:00:00,SC,470,"54,6",BLUMENAU,Ingestão de álcool pelo condutor,Colisão transversal,Sem Vítimas,Amanhecer,Decrescente,Céu Claro,Simples,Rotatória,Sim,3,0,0,0,1,2,0,3,-26.871065,-49.110374,SPRF-SC,DEL04-SC,UOP01-DEL04-SC,2022
"484912,0",2022-11-03,quinta-feira,13:15:00,SC,158,"109,5",CUNHA PORA,Condutor deixou de manter distância do veículo da frente,Colisão traseira,Com Vítimas Feridas,Pleno dia,Crescente,Céu Claro,Simples,Curva,Não,3,0,1,0,1,1,1,3,-26.88165557,-53.1746006,SPRF-SC,DEL07-SC,UOP02-DEL07-SC,2022
"484960,0",2022-10-31,segunda-feira,01:50:00,SC,470,"173,0",POUSO REDONDO,Condutor deixou de manter distância do veículo da frente,Colisão traseira,Com Vítimas Feridas,Plena Noite,Decrescente,Céu Claro,Simples,Reta,Não,2,0,0,1,1,0,1,2,-27.25984,-49.919285,SPRF-SC,DEL04-SC,UOP02-DEL04-SC,2022
"484961,0",2022-11-05,sábado,09:14:00,SC,280,"67,2",JARAGUA DO SUL,Transitar no acostamento,Colisão traseira,Com Vítimas Feridas,Pleno dia,Decrescente,Céu Claro,Simples,Reta,Sim,2,0,0,1,1,0,1,2,-26.4775146,-49.10363575,SPRF-SC,DEL03-SC,UOP03-DEL03-SC,2022
"485071,0",2022-11-05,sábado,21:22:00,SC,280,"38,3",ARAQUARI,Ingestão de álcool pelo condutor,Colisão com objeto,Sem Vítimas,Pleno dia,Decrescente,Nublado,Simples,Ponte,Não,2,0,0,0,2,0,0,2,-26.44812855,-48.82794004,SPRF-SC,DEL03-SC,UOP03-DEL03-SC,2022
"485199,0",2022-11-06,domingo,15:15:00,SC,116,"8,5",MAFRA,Demais falhas mecânicas ou elétricas,Incêndio,Sem Vítimas,Pleno dia,Crescente,Céu Claro,Simples,Reta,Sim,2,0,0,0,1,1,0,2,-26.15748603,-49.83898198,SPRF-SC,DEL06-SC,UOP01-DEL06-SC,2022
"485230,0",2022-11-06,domingo,19:25:00,SC,101,"216,5",PALHOCA,Ultrapassagem Indevida,Tombamento,Com Vítimas Feridas,Plena Noite,Crescente,Nublado,Simples,Rotatória,Sim,1,0,1,0,0,0,1,1,-27.65981409,-48.67747798,SPRF-SC,DEL01-SC,UOP02-DEL01-SC,2022
"485334,0",2022-11-07,segunda-feira,08:50:00,SC,282,"130,0",CHAPECO,Condutor usando celular,Colisão lateral mesmo sentido,Com Vítimas Feridas,Pleno dia,Crescente,Céu Claro,Dupla,Reta,Sim,3,0,1,0,1,1,1,3,-27.06298481,-52.63269061,SPRF-SC,DEL05-SC,UOP01-DEL05-SC,2022
"485383,0",2022-09-16,sexta-feira,08:20:00,SC,101,"38,7",JOINVILLE,Condutor deixou de manter distância do veículo da frente,Engavetamento,Com Vítimas Feridas,Pleno dia,Crescente,Chuva,Dupla,Viaduto;Reta,Sim,8,0,2,0,5,1,2,6,-26.25472505,-48.90561309,SPRF-SC,DEL03-SC,UOP01-DEL03-SC,2022
"485387,0",2022-11-07,segunda-feira,09:10:00,SC,101,"372,0",ICARA,Condutor Dormindo,Colisão traseira,Com Vítimas Feridas,Pleno dia,Crescente,Céu Claro,Dupla,Reta,Não,3,0,1,0,2,0,1,2,-28.70864509,-49.20924696,SPRF-SC,DEL02-SC,UOP01-DEL02-SC,2022
"485463,0",2022-11-08,terça-feira,02:45:00,SC,282,"356,0",CAMPOS NOVOS,Ausência de reação do condutor,Saída de leito carroçável,Com Vítimas Feridas,Plena Noite,Decrescente,Céu Claro,Simples,Curva,Não,1,0,1,0,0,0,1,1,-27.342428,-51.340664,SPRF-SC,DEL07-SC,UOP05-DEL07-SC,2022
"485504,0",2022-11-08,terça-feira,09:30:00,SC,282,"267,1",SAO JOSE DO CERRITO,Velocidade Incompatível,Tombamento,Com Vítimas Feridas,Pleno dia,Decrescente,Nublado,Simples,Curva,Não,2,0,1,0,0,1,1,2,-27.624544,-50.651848,SPRF-SC,DEL05-SC,UOP02-DEL05-SC,2022
"485514,0",2022-11-08,terça-feira,11:00:00,SC,470,"60,1",BLUMENAU,Condutor deixou de manter distância do veículo da frente,Colisão traseira,Com Vítimas Feridas,Pleno dia,Decrescente,Sol,Simples,Reta;Rotatória,Sim,2,0,1,0,1,0,1,2,-26.88081345,-49.16690826,SPRF-SC,DEL04-SC,UOP01-DEL04-SC,2022
"485521,0",2022-11-08,terça-feira,08:40:00,SC,480,"127,5",CHAPECO,Manobra de mudança de faixa,Colisão lateral mesmo sentido,Sem Vítimas,Pleno dia,Crescente,Sol,Dupla,Reta,Não,2,0,0,0,2,0,0,2,-27.03388969,-52.63368487,SPRF-SC,DEL07-SC,UOP01-DEL07-SC,2022
"485531,0",2022-11-08,terça-feira,12:50:00,SC,470,"254,0",CURITIBANOS,Demais falhas mecânicas ou elétricas,Incêndio,Sem Vítimas,Pleno dia,Decrescente,Céu Claro,Simples,Curva,Não,2,0,0,0,1,1,0,2,-27.30934,-50.610031,SPRF-SC,DEL05-SC,UOP03-DEL05-SC,2022
"485546,0",2022-11-08,terça-feira,15:30:00,SC,101,"117,3",ITAJAI,Transitar na contramão,Colisão transversal,Com Vítimas Feridas,Pleno dia,Crescente,Nublado,Dupla,Interseção de Vias,Não,3,0,2,0,1,0,2,3,-26.89017988,-48.72198343,SPRF-SC,DEL04-SC,UOP04-DEL04-SC,2022
"485547,0",2022-11-08,terça-feira,15:40:00,SC,101,"61,0",ARAQUARI,Reação tardia ou ineficiente do condutor,Colisão lateral mesmo sentido,Com Vítimas Feridas,Pleno dia,Decrescente,Nublado,Dupla,Reta,Não,3,0,1,0,2,0,1,3,-26.45475405,-48.77534866,SPRF-SC,DEL03-SC,UOP02-DEL03-SC,2022
"485570,0",2022-11-08,terça-feira,18:00:00,SC,101,"165,0",TIJUCAS,Velocidade Incompatível,Saída de leito carroçável,Com Vítimas Feridas,Anoitecer,Crescente,Chuva,Dupla,Reta,Sim,3,0,1,2,0,0,3,1,-27.252663,-48.63154894,SPRF-SC,DEL04-SC,UOP03-DEL04-SC,2022
"485575,0",2022-11-08,terça-feira,17:50:00,SC,101,"210,3",SAO JOSE,Pedestre cruzava a pista fora da faixa,Atropelamento de Pedestre,Com Vítimas Fatais,Pleno dia,Crescente,Céu Claro,Múltipla,Reta,Sim,5,1,0,0,3,1,0,4,-27.619778,-48.648756,SPRF-SC,DEL01-SC,UOP01-DEL01-SC,2022
"485605,0",2022-11-08,terça-feira,20:40:00,SC,101,"344,0",TUBARAO,Acesso irregular,Colisão frontal,Com Vítimas Feridas,Plena Noite,Decrescente,Ignorado,Múltipla,Reta,Não,2,0,1,0,1,0,1,2,-28.53647889,-49.0531826,SPRF-SC,DEL02-SC,UOP01-DEL02-SC,2022
"485615,0",2022-11-08,terça-feira,21:15:00,SC,101,"123,0",ITAJAI,Manobra de mudança de faixa,Tombamento,Com Vítimas Feridas,Plena Noite,Decrescente,Céu Claro,Múltipla,Reta,Sim,2,0,1,0,0,1,1,2,-26.93668609,-48.69876905,SPRF-SC,DEL04-SC,UOP04-DEL04-SC,2022
"485741,0",2022-11-09,quarta-feira,13:40:00,SC,101,"249,0",PAULO LOPES,Avarias e/ou desgaste excessivo no pneu,Saída de leito carroçável,Com Vítimas Feridas,Pleno dia,Crescente,Nublado,Dupla,Reta,Não,4,0,2,0,2,0,2,2,-27.93414102,-48.66237393,SPRF-SC,DEL02-SC,UOP03-DEL02-SC,2022
"485792,0",2022-11-09,quarta-feira,20:40:00,SC,101,"202,0",SAO JOSE,Condutor deixou de manter distância do veículo da frente,Colisão lateral mesmo sentido,Com Vítimas Feridas,Plena Noite,Crescente,Céu Claro,Dupla,Reta,Sim,3,0,1,0,1,1,1,3,-27.55711595,-48.61897889,SPRF-SC,DEL01-SC,UOP01-DEL01-SC,2022
"485794,0",2022-11-09,quarta-feira,20:40:00,SC,116,"190,1",SAO CRISTOVAO DO SUL,Ultrapassagem Indevida,Colisão lateral mesmo sentido,Sem Vítimas,Plena Noite,Crescente,Céu Claro,Simples,Curva,Não,3,0,0,0,2,2,0,4,-27.34581721,-50.43271975,SPRF-SC,DEL05-SC,UOP03-DEL05-SC,2022
"485796,0",2022-11-09,quarta-feira,18:30:00,SC,101,"39,0",JOINVILLE,Condutor Dormindo,Saída de leito carroçável,Sem Vítimas,Plena Noite,Decrescente,Nublado,Simples,Curva,Sim,2,0,0,0,1,1,0,2,-26.30234091,-48.88265848,SPRF-SC,DEL03-SC,UOP01-DEL03-SC,2022
"485812,0",2022-11-09,quarta-feira,22:16:00,SC,101,"75,2",ARAQUARI,Acessar a via sem observar a presença dos outros veículos,Colisão transversal,Com Vítimas Fatais,Plena Noite,Crescente,Nublado,Múltipla,Interseção de Vias,Sim,4,1,0,0,1,2,0,4,-26.556042,-48.7205813,SPRF-SC,DEL03-SC,UOP02-DEL03-SC,2022
"485821,0",2022-11-10,quinta-feira,00:45:00,SC,470,"53,3",BLUMENAU,Transitar na contramão,Colisão frontal,Com Vítimas Feridas,Plena Noite,Decrescente,Céu Claro,Simples,Declive,Sim,4,0,1,1,1,1,2,4,-26.867121,-49.102066,SPRF-SC,DEL04-SC,UOP01-DEL04-SC,2022
"485859,0",2022-11-10,quinta-feira,09:20:00,SC,101,"212,0",PALHOCA,Condutor deixou de manter distância do veículo da frente,Colisão traseira,Com Vítimas Feridas,Pleno dia,Decrescente,Céu Claro,Múltipla,Reta,Sim,2,0,1,0,0,1,1,2,-27.62996929,-48.65903871,SPRF-SC,DEL01-SC,UOP02-DEL01-SC,2022
"485887,0",2022-10-25,terça-feira,14:00:00,SC,282,"220,1",LAGES,Acessar a via sem observar a presença dos outros veículos,Eventos atípicos,Sem Vítimas,Pleno dia,Crescente,Céu Claro,Simples,Reta;Interseção de Vias,Sim,4,0,0,0,3,1,0,2,-27.794014,-50.33363,SPRF-SC,DEL05-SC,UOP01-DEL05-SC,2022
"485896,0",2022-11-10,quinta-feira,14:15:00,SC,282,"619,8",MARAVILHA,Faixas de trânsito com largura insuficiente,Colisão lateral sentido oposto,Com Vítimas Feridas,Pleno dia,Decrescente,Céu Claro,Simples,Curva,Não,5,0,1,0,3,1,1,3,-26.798042,-53.306549,SPRF-SC,DEL07-SC,UOP02-DEL07-SC,2022
"485904,0",2022-11-10,quinta-feira,14:50:00,SC,101,"97,0",BALNEARIO PICARRAS,Ausência de reação do condutor,Colisão traseira,Com Vítimas Feridas,Pleno dia,Crescente,Céu Claro,Dupla,Aclive,Não,5,0,1,0,3,1,1,5,-26.72823703,-48.70224928,SPRF-SC,DEL03-SC,UOP02-DEL03-SC,2022
"485919,0",2022-11-10,quinta-feira,14:55:00,SC,116,"308,7",CAPAO ALTO,Reação tardia ou ineficiente do condutor,Tombamento,Com Vítimas Feridas,Pleno dia,Decrescente,Céu Claro,Simples,Curva,Não,4,0,1,0,0,3,1,3,-28.196981,-50.75833797,SPRF-SC,DEL05-SC,UOP02-DEL05-SC,2022
"485926,0",2022-11-10,quinta-feira,16:00:00,SC,101,"135,0",BALNEARIO CAMBORIU,Velocidade Incompatível,Colisão traseira,Com Vítimas Feridas,Pleno dia,Crescente,Céu Claro,Dupla,Ponte,Não,5,0,0,1,2,2,1,5,-27.0050108,-48.62677494,SPRF-SC,DEL04-SC,UOP03-DEL04-SC,2022
"485978,0",2022-11-10,quinta-feira,17:30:00,SC,282,"349,7",CAMPOS NOVOS,Velocidade Incompatível,Tombamento,Com Vítimas Feridas,Anoitecer,Crescente,Céu Claro,Simples,Curva,Não,2,0,1,0,0,1,1,2,-27.358049,-51.282482,SPRF-SC,DEL07-SC,UOP06-DEL07-SC,2022
"486007,0",2022-11-11,sexta-feira,04:00:00,SC,101,"340,2",TUBARAO,Ingestão de álcool pelo condutor,Colisão traseira,Sem Vítimas,Plena Noite,Crescente,Céu Claro,Múltipla,Reta,Sim,3,0,0,0,1,2,0,3,-28.51197292,-49.0515089,SPRF-SC,DEL02-SC,UOP01-DEL02-SC,2022
"486117,0",2022-11-11,sexta-feira,14:40:00,SC,101,"88,5",BARRA VELHA,Ultrapassagem Indevida,Colisão transversal,Com Vítimas Feridas,Pleno dia,Crescente,Garoa/Chuvisco,Dupla,Reta,Sim,2,0,0,1,1,0,1,2,-26.64253985,-48.68950684,SPRF-SC,DEL03-SC,UOP02-DEL03-SC,2022
"486135,0",2022-11-11,sexta-feira,17:11:00,SC,470,"143,0",RIO DO SUL,Acessar a via sem observar a presença dos outros veículos,Colisão transversal,Com Vítimas Feridas,Pleno dia,Decrescente,Nublado,Simples,Rotatória,Sim,3,0,1,0,1,1,1,3,-27.221564,-49.660691,SPRF-SC,DEL04-SC,UOP02-DEL04-SC,2022
"486180,0",2022-11-11,sexta-feira,20:00:00,SC,470,"121,8",IBIRAMA,Ultrapassagem Indevida,Colisão frontal,Sem Vítimas,Plena Noite,Crescente,Nublado,Simples,Reta,Não,5,0,0,0,4,1,0,5,-27.099888,-49.527679,SPRF-SC,DEL04-SC,UOP02-DEL04-SC,2022
"486305,0",2022-11-12,sábado,14:00:00,SC,101,"215,0",PALHOCA,Reação tardia ou ineficiente do condutor,Colisão lateral mesmo sentido,Sem Vítimas,Pleno dia,Decrescente,Céu Claro,Múltipla,Curva,Sim,3,0,0,0,2,1,0,3,-27.65184843,-48.67604941,SPRF-SC,DEL01-SC,UOP02-DEL01-SC,2022
"486337,0",2022-11-12,sábado,16:30:00,SC,101,"88,0",BARRA VELHA,Carga excessiva e/ou mal acondicionada,Colisão lateral mesmo sentido,Com Vítimas Feridas,Pleno dia,Decrescente,Sol,Múltipla,Reta,Sim,3,0,1,0,1,1,1,3,-26.64253985,-48.68950684,SPRF-SC,DEL03-SC,UOP02-DEL03-SC,2022
"486342,0",2022-11-12,sábado,16:30:00,SC,101,"207,0",SAO JOSE,Ausência de reação do condutor,Colisão lateral mesmo sentido,Sem Vítimas,Pleno dia,Decrescente,Sol,Dupla,Reta,Sim,4,0,0,0,3,1,0,4,-27.60327979,-48.63201818,SPRF-SC,DEL01-SC,UOP01-DEL01-SC,2022
"486392,0",2022-11-12,sábado,16:15:00,SC,470,"258,0",CURITIBANOS,Reação tardia ou ineficiente do condutor,Tombamento,Com Vítimas Feridas,Anoitecer,Decrescente,Céu Claro,Simples,Curva,Não,2,0,1,0,0,1,1,2,-27.300754,-50.677346,SPRF-SC,DEL05-SC,UOP03-DEL05-SC,2022
"486428,0",2022-11-12,sábado,19:00:00,SC,282,"580,0",PINHALZINHO,Ingestão de álcool pelo condutor,Tombamento,Com Vítimas Feridas,Plena Noite,Decrescente,Chuva,Simples,Rotatória,Sim,2,0,1,0,0,1,1,2,-26.832148,-52.994308,SPRF-SC,DEL07-SC,UOP02-DEL07-SC,2022
"486454,0",2022-11-13,domingo,00:27:00,SC,101,"12,5",GARUVA,Condutor deixou de manter distância do veículo da frente,Colisão traseira,Com Vítimas Feridas,Plena Noite,Crescente,Céu Claro,Dupla,Reta;Aclive,Não,4,0,1,1,1,1,2,3,-26.08104399,-48.86175612,SPRF-SC,DEL03-SC,UOP01-DEL03-SC,2022