id,data_inversa,dia_semana,horario,uf,br,km,municipio,causa_acidente,tipo_acidente,classificacao_acidente,fase_dia,sentido_via,condicao_metereologica,tipo_pista,tracado_via,uso_solo,pessoas,mortos,feridos_leves,feridos_graves,ilesos,ignorados,feridos,veiculos,latitude,longitude,regional,delegacia,uop,ano_arquivo
"486514,0",2022-11-13,domingo,07:30:00,SC,101,"216,0",PALHOCA,Manobra de mudança de faixa,Colisão lateral mesmo sentido,Com Vítimas Feridas,Pleno dia,Crescente,Céu Claro,Múltipla,Reta,Sim,4,0,2,0,1,3,2,5,-27.65981409,-48.67747798,SPRF-SC,DEL01-SC,UOP02-DEL01-SC,2022
"486668,0",2022-11-13,domingo,19:35:00,SC,280,"159,8",MAFRA,Ultrapassagem Indevida,Capotamento,Com Vítimas Feridas,Plena Noite,Crescente,Céu Claro,Simples,Reta;Aclive,Não,5,0,2,0,1,2,2,4,-26.20208315,-49.76143098,SPRF-SC,DEL06-SC,UOP03-DEL06-SC,2022
"486713,0",2022-11-14,segunda-feira,01:25:00,SC,116,"277,0",CAPAO ALTO,Ingestão de álcool pelo condutor,Colisão lateral mesmo sentido,Sem Vítimas,Plena Noite,Crescente,Nublado,Simples,Reta,Não,4,0,0,0,4,0,0,2,-28.02261627,-50.55760353,SPRF-SC,DEL05-SC,UOP02-DEL05-SC,2022
"486758,0",2022-11-14,segunda-feira,09:00:00,SC,101,"32,0",JOINVILLE,Acesso irregular,Colisão traseira,Com Vítimas Feridas,Pleno dia,Decrescente,Garoa/Chuvisco,Dupla,Reta,Sim,4,0,0,1,1,2,1,4,-26.226987,-48.91657,SPRF-SC,DEL03-SC,UOP01-DEL03-SC,2022
"486775,0",2022-11-14,segunda-feira,10:10:00,SC,280,"32,2",ARAQUARI,Reação tardia ou ineficiente do condutor,Colisão traseira,Com Vítimas Feridas,Pleno dia,Decrescente,Céu Claro,Simples,Aclive;Reta,Não,4,0,2,0,2,0,2,3,-26.420618,-48.779335,SPRF-SC,DEL03-SC,UOP03-DEL03-SC,2022
"486812,0",2022-11-14,segunda-feira,14:20:00,SC,282,"526,9",XAXIM,Condutor Dormindo,Colisão frontal,Com Vítimas Fatais,Pleno dia,Crescente,Sol,Simples,Curva,Não,4,1,0,1,0,2,1,4,-26.9716247,-52.5825442,SPRF-SC,DEL07-SC,UOP01-DEL07-SC,2022
"486843,0",2022-11-14,segunda-feira,17:20:00,SC,101,"214,0",PALHOCA,Trafegar com motocicleta (ou similar) entre as faixas,Colisão lateral mesmo sentido,Com Vítimas Feridas,Anoitecer,Crescente,Céu Claro,Dupla,Reta,Sim,3,0,0,1,2,0,1,3,-27.64443,-48.67057,SPRF-SC,DEL01-SC,UOP02-DEL01-SC,2022
"486920,0",2022-11-15,terça-feira,02:30:00,SC,101,"112,0",ITAJAI,Ingestão de álcool pelo condutor,Colisão lateral mesmo sentido,Sem Vítimas,Plena Noite,Crescente,Céu Claro,Dupla,Reta,Não,3,0,0,0,2,1,0,3,-26.84589005,-48.72131295,SPRF-SC,DEL04-SC,UOP04-DEL04-SC,2022
"486927,0",2022-11-15,terça-feira,02:30:00,SC,470,"200,1",PONTE ALTA,Objeto estático sobre o leito carroçável,Colisão com objeto,Com Vítimas Feridas,Plena Noite,Crescente,Céu Claro,Simples,Reta,Não,3,0,1,0,1,2,1,4,-27.305405,-50.136627,SPRF-SC,DEL05-SC,UOP03-DEL05-SC,2022
"486934,0",2022-11-15,terça-feira,06:33:00,SC,101,"204,0",SAO JOSE,Manobra de mudança de faixa,Colisão lateral mesmo sentido,Com Vítimas Feridas,Pleno dia,Crescente,Céu Claro,Dupla,Curva,Sim,3,0,1,0,1,1,1,3,-27.578213,-48.613662,SPRF-SC,DEL01-SC,UOP01-DEL01-SC,2022
"486949,0",2022-11-15,terça-feira,06:45:00,SC,101,"43,0",JOINVILLE,Manobra de mudança de faixa,Engavetamento,Com Vítimas Feridas,Pleno dia,Decrescente,Céu Claro,Dupla,Reta,Sim,8,0,1,0,4,3,1,6,-26.3343454,-48.86100769,SPRF-SC,DEL03-SC,UOP01-DEL03-SC,2022
"486974,0",2022-11-15,terça-feira,10:50:00,SC,101,"63,0",ARAQUARI,Reação tardia ou ineficiente do condutor,Engavetamento,Com Vítimas Feridas,Pleno dia,Decrescente,Céu Claro,Dupla,Reta,Não,4,0,1,0,3,0,1,4,-26.454818,-48.771179,SPRF-SC,DEL03-SC,UOP02-DEL03-SC,2022
"486990,0",2022-11-15,terça-feira,09:30:00,SC,116,"63,0",PAPANDUVA,Condutor deixou de manter distância do veículo da frente,Colisão lateral mesmo sentido,Com Vítimas Feridas,Pleno dia,Crescente,Céu Claro,Simples,Reta,Não,3,0,1,0,2,0,1,2,-26.40644298,-50.22649816,SPRF-SC,DEL06-SC,UOP02-DEL06-SC,2022
"487065,0",2022-11-15,terça-feira,08:50:00,SC,282,"587,0",PINHALZINHO,Velocidade Incompatível,Tombamento,Com Vítimas Feridas,Pleno dia,Decrescente,Céu Claro,Simples,Curva,Não,2,0,0,1,0,2,1,3,-26.830677,-53.04443,SPRF-SC,DEL07-SC,UOP02-DEL07-SC,2022
"487179,0",2022-11-16,quarta-feira,08:45:00,SC,470,"22,0",ILHOTA,Velocidade Incompatível,Tombamento,Com Vítimas Feridas,Pleno dia,Decrescente,Céu Claro,Simples,Viaduto;Retorno Regulamentado;Curva,Não,2,0,1,0,0,1,1,2,-26.880066,-48.836224,SPRF-SC,DEL04-SC,UOP04-DEL04-SC,2022
"487187,0",2022-11-16,quarta-feira,07:50:00,SC,470,"168,8",POUSO REDONDO,Desrespeitar a preferência no cruzamento,Colisão transversal,Com Vítimas Feridas,Pleno dia,Crescente,Céu Claro,Simples,Interseção de Vias,Sim,3,0,1,0,1,1,1,3,-27.266994,-49.872524,SPRF-SC,DEL04-SC,UOP02-DEL04-SC,2022
"487205,0",2022-11-16,quarta-feira,12:00:00,SC,282,"49,8",AGUAS MORNAS,Condutor Dormindo,Saída de leito carroçável,Com Vítimas Feridas,Pleno dia,Decrescente,Céu Claro,Simples,Curva,Não,1,0,1,0,0,0,1,1,-27.712931,-48.943741,SPRF-SC,DEL01-SC,UOP03-DEL01-SC,2022
"487320,0",2022-11-12,sábado,01:20:00,SC,101,"307,9",LAGUNA,Estacionar ou parar em local proibido,Colisão com objeto,Com Vítimas Feridas,Plena Noite,Decrescente,Céu Claro,Simples,Reta,Não,4,0,1,0,2,2,1,4,-28.39199505,-48.77826295,SPRF-SC,DEL02-SC,UOP01-DEL02-SC,2022
"487324,0",2022-11-16,quarta-feira,19:30:00,SC,280,"268,7",IRINEOPOLIS,Demais falhas mecânicas ou elétricas,Colisão com objeto,Com Vítimas Feridas,Plena Noite,Crescente,Céu Claro,Simples,Reta,Não,2,0,1,0,0,1,1,2,-26.26348261,-50.71794494,SPRF-SC,DEL06-SC,UOP04-DEL06-SC,2022
"487325,0",2022-11-16,quarta-feira,23:30:00,SC,101,"196,0",BIGUACU,Reação tardia ou ineficiente do condutor,Colisão traseira,Com Vítimas Feridas,Plena Noite,Crescente,Nublado,Dupla,Reta,Sim,2,0,1,0,1,0,1,2,-27.51101091,-48.64322292,SPRF-SC,DEL01-SC,UOP01-DEL01-SC,2022
"487372,0",2022-11-17,quinta-feira,08:15:00,SC,282,"617,8",IRACEMINHA,Transitar na contramão,Colisão lateral sentido oposto,Com Vítimas Feridas,Pleno dia,Decrescente,Céu Claro,Simples,Curva,Não,3,0,0,1,2,0,1,3,-26.78530217,-53.29149767,SPRF-SC,DEL07-SC,UOP02-DEL07-SC,2022
"487396,0",2022-11-17,quinta-feira,12:20:00,SC,101,"145,0",ITAPEMA,Manobra de mudança de faixa,Tombamento,Com Vítimas Feridas,Pleno dia,Crescente,Sol,Dupla,Reta,Não,2,0,1,0,1,0,1,2,-27.08139206,-48.60130993,SPRF-SC,DEL04-SC,UOP03-DEL04-SC,2022
"487402,0",2022-11-17,quinta-feira,13:05:00,SC,101,"192,0",BIGUACU,Reação tardia ou ineficiente do condutor,Colisão traseira,Com Vítimas Feridas,Pleno dia,Crescente,Céu Claro,Simples,Reta,Sim,2,0,1,0,1,0,1,2,-27.48443781,-48.64765238,SPRF-SC,DEL01-SC,UOP01-DEL01-SC,2022
"487421,0",2022-11-17,quinta-feira,14:20:00,SC,282,"46,1",AGUAS MORNAS,Velocidade Incompatível,Colisão traseira,Sem Vítimas,Pleno dia,Decrescente,Céu Claro,Simples,Curva,Não,3,0,0,0,2,1,0,3,-27.721041,-48.925152,SPRF-SC,DEL01-SC,UOP03-DEL01-SC,2022
"487425,0",2022-11-17,quinta-feira,15:20:00,SC,101,"216,1",PALHOCA,Ultrapassagem Indevida,Colisão lateral mesmo sentido,Com Vítimas Feridas,Pleno dia,Crescente,Céu Claro,Múltipla,Viaduto,Não,2,0,0,1,1,0,1,2,-27.65981409,-48.67747798,SPRF-SC,DEL01-SC,UOP02-DEL01-SC,2022
"487428,0",2022-11-17,quinta-feira,13:10:00,SC,101,"258,0",PAULO LOPES,Demais falhas mecânicas ou elétricas,Eventos atípicos,Sem Vítimas,Pleno dia,Decrescente,Céu Claro,Múltipla,Aclive,Não,2,0,0,0,1,1,0,2,-28.00482282,-48.69190437,SPRF-SC,DEL02-SC,UOP03-DEL02-SC,2022
"487430,0",2022-11-17,quinta-feira,15:10:00,SC,163,"73,2",SAO MIGUEL DO OESTE,Ultrapassagem Indevida,Colisão lateral mesmo sentido,Sem Vítimas,Pleno dia,Crescente,Céu Claro,Simples,Declive,Não,2,0,0,0,1,1,0,2,-26.71084646,-53.51502434,SPRF-SC,DEL07-SC,UOP03-DEL07-SC,2022
"487445,0",2022-11-17,quinta-feira,16:34:00,SC,470,"167,2",POUSO REDONDO,Reação tardia ou ineficiente do condutor,Colisão traseira,Com Vítimas Feridas,Pleno dia,Decrescente,Céu Claro,Simples,Reta;Declive,Não,4,0,1,0,2,4,1,7,-27.269835,-49.863087,SPRF-SC,DEL04-SC,UOP02-DEL04-SC,2022
"487448,0",2022-11-17,quinta-feira,16:30:00,SC,470,"73,0",INDAIAL,Transitar na contramão,Colisão frontal,Com Vítimas Fatais,Pleno dia,Crescente,Céu Claro,Dupla,Reta,Não,3,1,0,0,1,1,0,3,-26.909461,-49.275692,SPRF-SC,DEL04-SC,UOP01-DEL04-SC,2022
"487504,0",2022-04-08,sexta-feira,19:35:00,SC,280,"128,0",RIO NEGRINHO,Velocidade Incompatível,Colisão transversal,Com Vítimas Feridas,Plena Noite,Decrescente,Chuva,Simples,Ponte,Sim,7,0,2,1,1,3,3,4,-26.24338645,-49.51358914,SPRF-SC,DEL06-SC,UOP03-DEL06-SC,2022
"487514,0",2022-11-17,quinta-feira,22:20:00,SC,101,"388,5",CRICIUMA,Reação tardia ou ineficiente do condutor,Tombamento,Com Vítimas Feridas,Plena Noite,Decrescente,Ignorado,Múltipla,Reta,Sim,2,0,1,0,0,1,1,2,-28.79737362,-49.35805321,SPRF-SC,DEL02-SC,UOP02-DEL02-SC,2022
"487556,0",2022-11-18,sexta-feira,05:50:00,SC,282,"161,3",BOM RETIRO,Reação tardia ou ineficiente do condutor,Colisão traseira,Com Vítimas Feridas,Amanhecer,Decrescente,Sol,Simples,Reta;Declive,Não,7,0,1,0,6,0,1,3,-27.731232,-49.763027,SPRF-SC,DEL05-SC,UOP01-DEL05-SC,2022
"487566,0",2022-11-18,sexta-feira,08:30:00,SC,101,"201,0",SAO JOSE,Reação tardia ou ineficiente do condutor,Colisão lateral mesmo sentido,Com Vítimas Feridas,Pleno dia,Crescente,Céu Claro,Dupla,Reta,Sim,3,0,0,1,2,0,1,3,-27.54836599,-48.61977975,SPRF-SC,DEL01-SC,UOP01-DEL01-SC,2022
"487576,0",2022-11-18,sexta-feira,07:00:00,SC,101,"357,0",SANGAO,Desrespeitar a preferência no cruzamento,Colisão transversal,Com Vítimas Feridas,Pleno dia,Decrescente,Céu Claro,Simples,Interseção de Vias,Sim,2,0,1,0,1,0,1,2,-28.64374504,-49.09996033,SPRF-SC,DEL02-SC,UOP01-DEL02-SC,2022
"487601,0",2022-11-18,sexta-feira,10:15:00,SC,101,"419,3",ARARANGUA,Reação tardia ou ineficiente do condutor,Colisão lateral mesmo sentido,Com Vítimas Feridas,Pleno dia,Decrescente,Céu Claro,Múltipla,Reta,Sim,2,0,1,0,0,1,1,2,-28.98712406,-49.54395294,SPRF-SC,DEL02-SC,UOP02-DEL02-SC,2022
"487611,0",2022-11-18,sexta-feira,12:30:00,SC,101,"118,0",ITAJAI,Acessar a via sem observar a presença dos outros veículos,Colisão transversal,Sem Vítimas,Pleno dia,Crescente,Céu Claro,Simples,Interseção de Vias,Sim,3,0,0,0,2,1,0,3,-26.895859,-48.71903,SPRF-SC,DEL04-SC,UOP04-DEL04-SC,2022
"487626,0",2022-11-18,sexta-feira,14:20:00,SC,101,"193,0",BIGUACU,Condutor deixou de manter distância do veículo da frente,Colisão lateral mesmo sentido,Com Vítimas Feridas,Pleno dia,Decrescente,Céu Claro,Múltipla,Desvio Temporário;Em Obras;Curva,Sim,4,0,1,0,0,3,1,4,-27.489574,-48.655914,SPRF-SC,DEL01-SC,UOP01-DEL01-SC,2022
"487634,0",2022-11-18,sexta-feira,15:00:00,SC,101,"215,0",PALHOCA,Acesso irregular,Colisão transversal,Com Vítimas Feridas,Pleno dia,Crescente,Céu Claro,Dupla,Reta,Não,2,0,0,1,1,0,1,2,-27.6512709,-48.6743474,SPRF-SC,DEL01-SC,UOP02-DEL01-SC,2022
"487700,0",2022-11-18,sexta-feira,17:50:00,SC,480,"124,5",CHAPECO,Demais falhas mecânicas ou elétricas,Colisão com objeto,Com Vítimas Feridas,Pleno dia,Crescente,Céu Claro,Dupla,Declive,Não,2,0,2,0,0,0,2,1,-27.00359519,-52.64391044,SPRF-SC,DEL07-SC,UOP01-DEL07-SC,2022
"487835,0",2022-11-19,sábado,12:40:00,SC,282,"331,0",CAMPOS NOVOS,Reação tardia ou ineficiente do condutor,Colisão com objeto,Sem Vítimas,Pleno dia,Crescente,Nublado,Simples,Reta,Não,3,0,0,0,2,1,0,2,-27.387941,-51.116081,SPRF-SC,DEL07-SC,UOP06-DEL07-SC,2022
"487855,0",2022-11-19,sábado,13:00:00,SC,101,"104,0",BALNEARIO PICARRAS,Manobra de mudança de faixa,Colisão lateral mesmo sentido,Com Vítimas Feridas,Pleno dia,Decrescente,Céu Claro,Dupla,Reta,Não,6,0,3,0,2,2,3,4,-26.79281742,-48.68080819,SPRF-SC,DEL03-SC,UOP02-DEL03-SC,2022
"487877,0",2022-11-19,sábado,16:08:00,SC,153,"9,1",AGUA DOCE,Ultrapassagem Indevida,Saída de leito carroçável,Com Vítimas Feridas,Pleno dia,Crescente,Céu Claro,Simples,Reta,Não,6,0,1,2,2,1,3,3,-26.669853,-51.549504,SPRF-SC,DEL07-SC,UOP07-DEL07-SC,2022
"487903,0",2022-11-19,sábado,19:20:00,SC,282,"486,7",FAXINAL DOS GUEDES,Manobra de mudança de faixa,Colisão lateral mesmo sentido,Com Vítimas Feridas,Anoitecer,Decrescente,Céu Claro,Simples,Reta;Aclive,Sim,2,0,1,0,1,0,1,2,-26.855415,-52.25423,SPRF-SC,DEL07-SC,UOP01-DEL07-SC,2022
"487906,0",2022-11-19,sábado,20:15:00,SC,163,"109,1",GUARUJA DO SUL,Ingestão de álcool pelo condutor,Colisão transversal,Com Vítimas Feridas,Plena Noite,Crescente,Céu Claro,Simples,Reta,Não,3,0,1,0,1,2,1,4,-26.41337297,-53.52364405,SPRF-SC,DEL07-SC,UOP03-DEL07-SC,2022
"487916,0",2022-11-19,sábado,18:30:00,SC,116,"105,9",MONTE CASTELO,Demais falhas mecânicas ou elétricas,Tombamento,Com Vítimas Feridas,Pleno dia,Decrescente,Céu Claro,Simples,Curva,Não,3,0,1,0,1,1,1,2,-26.75726027,-50.31686783,SPRF-SC,DEL06-SC,UOP02-DEL06-SC,2022
"487928,0",2022-11-19,sábado,21:30:00,SC,158,"145,9",PALMITOS,Transitar na contramão,Colisão frontal,Com Vítimas Feridas,Plena Noite,Crescente,Céu Claro,Simples,Curva,Não,3,0,0,1,1,1,1,3,-27.16705,-53.22246,SPRF-SC,DEL07-SC,UOP02-DEL07-SC,2022
"487963,0",2022-11-20,domingo,04:50:00,SC,101,"317,3",PESCARIA BRAVA,Ingestão de álcool pelo condutor,Colisão traseira,Com Vítimas Feridas,Plena Noite,Crescente,Céu Claro,Dupla,Curva,Não,5,0,3,1,1,0,4,2,-28.42982645,-48.87259483,SPRF-SC,DEL02-SC,UOP01-DEL02-SC,2022
"488079,0",2022-11-20,domingo,16:20:00,SC,470,"10,0",NAVEGANTES,Transitar na contramão,Colisão frontal,Com Vítimas Fatais,Pleno dia,Decrescente,Céu Claro,Simples,Reta,Sim,2,1,0,0,1,0,0,2,-26.833932,-48.7420371,SPRF-SC,DEL04-SC,UOP04-DEL04-SC,2022
"488120,0",2022-11-24,quinta-feira,20:40:00,SC,101,"115,0",ITAJAI,Ingestão de álcool pelo condutor,Colisão traseira,Sem Vítimas,Plena Noite,Decrescente,Céu Claro,Dupla,Reta,Não,3,0,0,0,2,2,0,4,-26.87064015,-48.72954134,SPRF-SC,DEL04-SC,UOP04-DEL04-SC,2022
"488136,0",2022-11-24,quinta-feira,11:50:00,SC,470,"276,1",BRUNOPOLIS,Conversão proibida,Colisão transversal,Com Vítimas Fatais,Pleno dia,Decrescente,Céu Claro,Simples,Interseção de Vias,Não,4,1,1,0,1,2,1,5,-27.328242,-50.832061,SPRF-SC,DEL07-SC,UOP06-DEL07-SC,2022
"488148,0",2022-11-20,domingo,21:00:00,SC,101,"276,0",IMBITUBA,Mal súbito do condutor,Saída de leito carroçável,Com Vítimas Feridas,Plena Noite,Decrescente,Céu Claro,Múltipla,Aclive,Não,2,0,1,0,0,1,1,2,-28.14644701,-48.69204746,SPRF-SC,DEL02-SC,UOP03-DEL02-SC,2022
"488162,0",2022-11-22,terça-feira,18:50:00,SC,282,"1,1",FLORIANOPOLIS,Trafegar com motocicleta (ou similar) entre as faixas,Colisão lateral mesmo sentido,Com Vítimas Feridas,Anoitecer,Crescente,Nublado,Múltipla,Reta,Sim,3,0,1,0,2,0,1,3,-27.602955,-48.580509,SPRF-SC,DEL01-SC,UOP01-DEL01-SC,2022
"488188,0",2022-11-25,sexta-feira,07:00:00,SC,101,"111,0",ITAJAI,Ingestão de álcool pelo condutor,Saída de leito carroçável,Sem Vítimas,Pleno dia,Decrescente,Céu Claro,Múltipla,Curva,Sim,1,0,0,0,1,0,0,1,-26.84555364,-48.72050285,SPRF-SC,DEL04-SC,UOP04-DEL04-SC,2022
"488204,0",2022-11-24,quinta-feira,09:50:00,SC,153,"106,3",CONCORDIA,Transitar na contramão,Colisão lateral sentido oposto,Com Vítimas Feridas,Pleno dia,Crescente,Céu Claro,Simples,Curva,Não,3,0,0,1,1,1,1,3,-27.290276,-51.967644,SPRF-SC,DEL07-SC,UOP04-DEL07-SC,2022
"488297,0",2022-11-22,terça-feira,06:30:00,SC,101,"51,0",JOINVILLE,Manobra de mudança de faixa,Colisão lateral mesmo sentido,Com Vítimas Feridas,Pleno dia,Decrescente,Céu Claro,Dupla,Reta,Sim,3,0,1,0,1,1,1,3,-26.38506771,-48.84917582,SPRF-SC,DEL03-SC,UOP01-DEL03-SC,2022
"488301,0",2022-11-22,terça-feira,14:00:00,SC,280,"22,0",ARAQUARI,Acesso irregular,Colisão frontal,Com Vítimas Feridas,Pleno dia,Crescente,Céu Claro,Simples,Reta,Não,2,0,1,0,1,0,1,2,-26.37092616,-48.70204099,SPRF-SC,DEL03-SC,UOP03-DEL03-SC,2022
"488310,0",2022-11-21,segunda-feira,20:45:00,SC,280,"35,7",ARAQUARI,Acessar a via sem observar a presença dos outros veículos,Colisão com objeto,Com Vítimas Feridas,Plena Noite,Decrescente,Nublado,Simples,Reta;Declive,Não,4,0,2,1,1,0,3,2,-26.43447549,-48.80453914,SPRF-SC,DEL03-SC,UOP03-DEL03-SC,2022
"488318,0",2022-11-22,terça-feira,17:00:00,SC,101,"41,0",JOINVILLE,Velocidade Incompatível,Derramamento de carga,Sem Vítimas,Pleno dia,Crescente,Céu Claro,Dupla,Curva,Sim,3,0,0,0,2,1,0,3,-26.28215489,-48.88973081,SPRF-SC,DEL03-SC,UOP01-DEL03-SC,2022
"488320,0",2022-11-21,segunda-feira,20:56:00,SC,101,"17,0",GARUVA,Velocidade Incompatível,Colisão traseira,Com Vítimas Feridas,Plena Noite,Decrescente,Céu Claro,Dupla,Reta;Declive,Não,7,0,2,0,5,0,2,3,-26.12141519,-48.88262078,SPRF-SC,DEL03-SC,UOP01-DEL03-SC,2022
"488372,0",2022-11-21,segunda-feira,16:25:00,SC,280,"7,9",SAO FRANCISCO DO SUL,Ausência de reação do condutor,Colisão frontal,Com Vítimas Feridas,Pleno dia,Crescente,Céu Claro,Simples,Curva,Sim,3,0,1,1,1,0,2,2,-26.278816,-48.646638,SPRF-SC,DEL03-SC,UOP03-DEL03-SC,2022
"488621,0",2022-11-26,sábado,02:30:00,SC,101,"282,0",IMBITUBA,Desrespeitar a preferência no cruzamento,Colisão transversal,Com Vítimas Feridas,Plena Noite,Decrescente,Garoa/Chuvisco,Dupla,Viaduto,Sim,4,0,0,1,1,2,1,4,-28.19626005,-48.69739859,SPRF-SC,DEL02-SC,UOP03-DEL02-SC,2022
"488625,0",2022-11-26,sábado,04:30:00,SC,282,"323,0",CAMPOS NOVOS,Condutor Dormindo,Tombamento,Com Vítimas Feridas,Amanhecer,Crescente,Céu Claro,Simples,Rotatória,Não,1,0,1,0,0,0,1,1,-27.394375,-51.0495,SPRF-SC,DEL07-SC,UOP06-DEL07-SC,2022
"488628,0",2022-11-26,sábado,04:51:00,SC,101,"213,0",PALHOCA,Ausência de reação do condutor,Colisão traseira,Com Vítimas Feridas,Amanhecer,Crescente,Nublado,Múltipla,Reta,Sim,3,0,0,1,1,1,1,3,-27.63697369,-48.66514142,SPRF-SC,DEL01-SC,UOP02-DEL01-SC,2022
"488634,0",2022-11-26,sábado,05:45:00,SC,470,"60,8",BLUMENAU,Ingestão de álcool pelo condutor,Colisão lateral sentido oposto,Sem Vítimas,Pleno dia,Crescente,Garoa/Chuvisco,Simples,Reta,Sim,4,0,0,0,3,1,0,4,-26.87936843,-49.17327046,SPRF-SC,DEL04-SC,UOP01-DEL04-SC,2022
"488697,0",2022-11-26,sábado,08:35:00,SC,101,"127,4",ITAJAI,Condutor deixou de manter distância do veículo da frente,Tombamento,Com Vítimas Fatais,Pleno dia,Crescente,Chuva,Dupla,Interseção de Vias;Reta,Não,2,1,0,0,1,0,0,2,-26.9680142,-48.683697,SPRF-SC,DEL04-SC,UOP04-DEL04-SC,2022
"488734,0",2022-11-26,sábado,10:30:00,SC,101,"212,0",PALHOCA,Manobra de mudança de faixa,Colisão traseira,Com Vítimas Feridas,Pleno dia,Decrescente,Chuva,Dupla,Reta,Sim,2,0,0,1,1,0,1,2,-27.62996929,-48.65903871,SPRF-SC,DEL01-SC,UOP02-DEL01-SC,2022
"488771,0",2022-11-22,terça-feira,06:50:00,SC,282,"223,0",LAGES,Velocidade Incompatível,Colisão frontal,Com Vítimas Feridas,Amanhecer,Decrescente,Garoa/Chuvisco,Simples,Curva,Não,2,0,1,0,1,0,1,2,-27.79846367,-50.35883904,SPRF-SC,DEL05-SC,UOP01-DEL05-SC,2022
"488790,0",2022-11-21,segunda-feira,17:22:00,SC,101,"289,6",IMBITUBA,Manobra de mudança de faixa,Colisão lateral mesmo sentido,Com Vítimas Feridas,Pleno dia,Decrescente,Céu Claro,Dupla,Reta,Sim,4,0,2,0,1,1,2,3,-28.25395282,-48.70289554,SPRF-SC,DEL02-SC,UOP03-DEL02-SC,2022
"488802,0",2022-11-23,quarta-feira,01:30:00,SC,101,"164,0",TIJUCAS,Reação tardia ou ineficiente do condutor,Colisão traseira,Com Vítimas Feridas,Plena Noite,Crescente,Garoa/Chuvisco,Dupla,Ponte,Não,4,0,1,0,2,3,1,5,-27.243868,-48.6309,SPRF-SC,DEL04-SC,UOP03-DEL04-SC,2022
"488828,0",2022-11-26,sábado,12:00:00,SC,280,"237,4",CANOINHAS,Reação tardia ou ineficiente do condutor,Saída de leito carroçável,Com Vítimas Feridas,Pleno dia,Decrescente,Nublado,Simples,Reta;Declive,Não,1,0,1,0,0,0,1,1,-26.19844599,-50.43216601,SPRF-SC,DEL06-SC,UOP04-DEL06-SC,2022
"488832,0",2022-11-26,sábado,09:50:00,SC,470,"194,4",POUSO REDONDO,Velocidade Incompatível,Colisão frontal,Com Vítimas Fatais,Pleno dia,Crescente,Nublado,Simples,Curva,Não,3,1,0,0,1,2,0,4,-27.30249863,-50.08512497,SPRF-SC,DEL04-SC,UOP02-DEL04-SC,2022
"488838,0",2022-11-26,sábado,12:20:00,SC,470,"128,7",LONTRAS,Manobra de mudança de faixa,Colisão lateral mesmo sentido,Com Vítimas Feridas,Pleno dia,Decrescente,Nublado,Simples,Aclive;Curva,Não,3,0,1,0,1,2,1,4,-27.14828091,-49.55601096,SPRF-SC,DEL04-SC,UOP02-DEL04-SC,2022
"488887,0",2022-11-22,terça-feira,16:00:00,SC,280,"140,5",MAFRA,Condutor deixou de manter distância do veículo da frente,Engavetamento,Sem Vítimas,Pleno dia,Crescente,Céu Claro,Simples,Declive,Não,3,0,0,0,3,0,0,3,-26.25385392,-49.612674,SPRF-SC,DEL06-SC,UOP03-DEL06-SC,2022
"488905,0",2022-11-26,sábado,18:35:00,SC,116,"193,3",PONTE ALTA,Velocidade Incompatível,Colisão lateral sentido oposto,Sem Vítimas,Pleno dia,Decrescente,Garoa/Chuvisco,Simples,Reta,Não,3,0,0,0,3,0,0,2,-27.37129308,-50.42970441,SPRF-SC,DEL05-SC,UOP03-DEL05-SC,2022
"488945,0",2022-11-26,sábado,21:30:00,SC,282,"642,0",SAO MIGUEL DO OESTE,Ingestão de álcool pelo condutor,Colisão frontal,Com Vítimas Feridas,Plena Noite,Crescente,Céu Claro,Simples,Reta,Não,3,0,1,0,1,1,1,3,-26.76975192,-53.46419334,SPRF-SC,DEL07-SC,UOP03-DEL07-SC,2022
"489031,0",2022-11-23,quarta-feira,14:30:00,SC,101,"200,9",SAO JOSE,Manobra de mudança de faixa,Colisão lateral mesmo sentido,Com Vítimas Feridas,Pleno dia,Crescente,Céu Claro,Múltipla,Reta,Sim,7,0,3,0,3,1,3,3,-27.54018513,-48.62287714,SPRF-SC,DEL01-SC,UOP01-DEL01-SC,2022
"489133,0",2022-11-23,quarta-feira,14:10:00,SC,101,"3,9",GARUVA,Condutor Dormindo,Saída de leito carroçável,Com Vítimas Feridas,Pleno dia,Decrescente,Chuva,Dupla,Curva,Não,2,0,0,1,0,2,1,3,-26.00380807,-48.87233005,SPRF-SC,DEL03-SC,UOP01-DEL03-SC,2022
"489183,0",2022-11-27,domingo,17:20:00,SC,282,"55,0",AGUAS MORNAS,Pista Escorregadia,Colisão lateral sentido oposto,Com Vítimas Feridas,Pleno dia,Crescente,Chuva,Simples,Curva,Não,2,0,1,0,1,0,1,2,-27.689514,-48.982376,SPRF-SC,DEL01-SC,UOP03-DEL01-SC,2022
"489252,0",2022-11-27,domingo,21:15:00,SC,470,"139,9",RIO DO SUL,Acessar a via sem observar a presença dos outros veículos,Colisão traseira,Sem Vítimas,Plena Noite,Crescente,Chuva,Dupla,Reta,Sim,2,0,0,0,2,0,0,2,-27.201712,-49.633815,SPRF-SC,DEL04-SC,UOP02-DEL04-SC,2022
"489266,0",2022-11-27,domingo,21:15:00,SC,116,"74,1",MONTE CASTELO,Entrada inopinada do pedestre,Atropelamento de Pedestre,Com Vítimas Fatais,Plena Noite,Decrescente,Chuva,Simples,Curva,Não,3,1,0,0,1,1,0,3,-26.50510886,-50.23328349,SPRF-SC,DEL06-SC,UOP02-DEL06-SC,2022