id,data_inversa,dia_semana,horario,uf,br,km,municipio,causa_acidente,tipo_acidente,classificacao_acidente,fase_dia,sentido_via,condicao_metereologica,tipo_pista,tracado_via,uso_solo,pessoas,mortos,feridos_leves,feridos_graves,ilesos,ignorados,feridos,veiculos,latitude,longitude,regional,delegacia,uop,ano_arquivo
"489295,0",2022-11-22,terça-feira,19:00:00,SC,101,"379,7",ICARA,Reação tardia ou ineficiente do condutor,Colisão transversal,Com Vítimas Feridas,Plena Noite,Crescente,Garoa/Chuvisco,Múltipla,Reta,Sim,3,0,1,0,1,1,1,3,-28.74651646,-49.2599038,SPRF-SC,DEL02-SC,UOP02-DEL02-SC,2022
"489405,0",2022-11-28,segunda-feira,12:20:00,SC,280,"246,1",CANOINHAS,Entrada inopinada do pedestre,Atropelamento de Pedestre,Com Vítimas Feridas,Pleno dia,Crescente,Nublado,Simples,Reta,Não,4,0,1,0,0,3,1,2,-26.24768921,-50.5033452,SPRF-SC,DEL06-SC,UOP04-DEL06-SC,2022
"489457,0",2022-11-28,segunda-feira,17:05:00,SC,101,"199,9",SAO JOSE,Reação tardia ou ineficiente do condutor,Colisão traseira,Com Vítimas Feridas,Pleno dia,Decrescente,Garoa/Chuvisco,Múltipla,Declive,Sim,2,0,0,1,0,1,1,2,-27.53413705,-48.63003205,SPRF-SC,DEL01-SC,UOP01-DEL01-SC,2022
"489552,0",2022-11-20,domingo,20:50:00,SC,163,"69,0",SAO MIGUEL DO OESTE,Manobra de mudança de faixa,Colisão lateral mesmo sentido,Sem Vítimas,Plena Noite,Decrescente,Céu Claro,Dupla,Reta,Sim,3,0,0,0,2,1,0,3,-26.74132699,-53.50120591,SPRF-SC,DEL07-SC,UOP03-DEL07-SC,2022
"489566,0",2022-11-29,terça-feira,05:55:00,SC,101,"298,0",LAGUNA,Condutor deixou de manter distância do veículo da frente,Colisão traseira,Com Vítimas Feridas,Pleno dia,Crescente,Céu Claro,Múltipla,Reta,Sim,3,0,1,0,2,0,1,2,-28.32102597,-48.72829906,SPRF-SC,DEL02-SC,UOP03-DEL02-SC,2022
"489569,0",2022-11-29,terça-feira,05:45:00,SC,116,"305,2",CAPAO ALTO,Velocidade Incompatível,Saída de leito carroçável,Com Vítimas Feridas,Amanhecer,Crescente,Céu Claro,Simples,Declive;Curva,Não,2,0,1,0,0,1,1,2,-28.19914632,-50.72618365,SPRF-SC,DEL05-SC,UOP02-DEL05-SC,2022
"489578,0",2022-11-29,terça-feira,06:15:00,SC,470,"109,6",APIUNA,Velocidade Incompatível,Tombamento,Com Vítimas Feridas,Pleno dia,Decrescente,Céu Claro,Simples,Reta,Não,2,0,1,0,0,1,1,2,-27.083876,-49.449543,SPRF-SC,DEL04-SC,UOP02-DEL04-SC,2022
"489587,0",2022-11-23,quarta-feira,16:00:00,SC,470,"111,0",IBIRAMA,Pista Escorregadia,Colisão frontal,Com Vítimas Feridas,Pleno dia,Crescente,Nevoeiro/Neblina,Simples,Curva,Não,3,0,1,0,1,2,1,4,-27.095388,-49.457878,SPRF-SC,DEL04-SC,UOP02-DEL04-SC,2022
"489592,0",2022-11-29,terça-feira,08:30:00,SC,101,"102,8",BALNEARIO PICARRAS,Velocidade Incompatível,Engavetamento,Com Vítimas Feridas,Pleno dia,Crescente,Chuva,Dupla,Reta,Sim,5,0,1,0,3,1,1,5,-26.77383397,-48.68594062,SPRF-SC,DEL03-SC,UOP02-DEL03-SC,2022
"489595,0",2022-11-29,terça-feira,09:05:00,SC,101,"106,0",PENHA,Acessar a via sem observar a presença dos outros veículos,Colisão lateral mesmo sentido,Com Vítimas Feridas,Pleno dia,Crescente,Chuva,Dupla,Interseção de Vias,Não,4,0,1,0,2,1,1,4,-26.81031601,-48.68293896,SPRF-SC,DEL03-SC,UOP02-DEL03-SC,2022
"489624,0",2022-11-29,terça-feira,11:10:00,SC,101,"212,0",PALHOCA,Reação tardia ou ineficiente do condutor,Colisão traseira,Com Vítimas Feridas,Pleno dia,Crescente,Garoa/Chuvisco,Múltipla,Reta,Não,3,0,1,0,2,0,1,2,-27.62996929,-48.65903871,SPRF-SC,DEL01-SC,UOP02-DEL01-SC,2022
"489637,0",2022-11-29,terça-feira,10:10:00,SC,282,"338,6",CAMPOS NOVOS,Manobra de mudança de faixa,Colisão lateral sentido oposto,Com Vítimas Feridas,Pleno dia,Crescente,Céu Claro,Simples,Curva,Não,4,0,2,0,1,1,2,3,-27.394457,-51.185211,SPRF-SC,DEL07-SC,UOP06-DEL07-SC,2022
"489678,0",2022-11-29,terça-feira,15:30:00,SC,470,"146,0",RIO DO SUL,Condutor deixou de manter distância do veículo da frente,Colisão traseira,Com Vítimas Feridas,Pleno dia,Crescente,Garoa/Chuvisco,Simples,Reta,Não,4,0,1,0,1,2,1,4,-27.240673,-49.685822,SPRF-SC,DEL04-SC,UOP02-DEL04-SC,2022
"489788,0",2022-11-30,quarta-feira,06:00:00,SC,470,"83,8",RODEIO,Deficiência do Sistema de Iluminação/Sinalização,Colisão frontal,Com Vítimas Feridas,Pleno dia,Decrescente,Garoa/Chuvisco,Simples,Reta,Não,2,0,0,1,1,0,1,2,-26.96159344,-49.34163809,SPRF-SC,DEL04-SC,UOP01-DEL04-SC,2022
"489823,0",2022-11-30,quarta-feira,08:40:00,SC,282,"50,0",AGUAS MORNAS,Ausência de reação do condutor,Colisão transversal,Com Vítimas Feridas,Pleno dia,Crescente,Chuva,Simples,Curva,Não,4,0,2,0,2,0,2,4,-27.708536,-48.952251,SPRF-SC,DEL01-SC,UOP03-DEL01-SC,2022
"489827,0",2022-11-18,sexta-feira,18:10:00,SC,470,"319,6",CAMPOS NOVOS,Acessar a via sem observar a presença dos outros veículos,Colisão transversal,Com Vítimas Feridas,Anoitecer,Decrescente,Céu Claro,Simples,Interseção de Vias,Sim,2,0,0,1,1,0,1,2,-27.41181432,-51.23066425,SPRF-SC,DEL07-SC,UOP06-DEL07-SC,2022
"489848,0",2022-11-28,segunda-feira,14:25:00,SC,163,"72,3",SAO MIGUEL DO OESTE,Manobra de mudança de faixa,Colisão transversal,Com Vítimas Feridas,Pleno dia,Crescente,Céu Claro,Dupla,Reta;Interseção de Vias,Sim,2,0,1,0,1,0,1,2,-26.71908804,-53.5157791,SPRF-SC,DEL07-SC,UOP03-DEL07-SC,2022
"489866,0",2022-11-30,quarta-feira,13:20:00,SC,101,"399,2",MARACAJA,Acumulo de água sobre o pavimento,Colisão com objeto,Com Vítimas Feridas,Pleno dia,Decrescente,Chuva,Múltipla,Reta,Não,2,0,1,0,1,0,1,1,-28.84171475,-49.42814418,SPRF-SC,DEL02-SC,UOP02-DEL02-SC,2022
"489908,0",2022-11-30,quarta-feira,09:00:00,SC,116,"87,0",MONTE CASTELO,Condutor Dormindo,Colisão traseira,Com Vítimas Feridas,Pleno dia,Decrescente,Chuva,Simples,Reta,Não,3,0,0,1,1,1,1,3,-26.61710581,-50.23483816,SPRF-SC,DEL06-SC,UOP02-DEL06-SC,2022
"489934,0",2022-11-30,quarta-feira,18:35:00,SC,282,"406,8",CATANDUVAS,Condutor Dormindo,Saída de leito carroçável,Sem Vítimas,Plena Noite,Crescente,Chuva,Simples,Reta,Não,1,0,0,0,1,0,0,1,-27.092703,-51.659904,SPRF-SC,DEL07-SC,UOP05-DEL07-SC,2022
"489954,0",2022-11-30,quarta-feira,21:30:00,SC,470,"101,0",APIUNA,Transitar na contramão,Colisão frontal,Com Vítimas Feridas,Plena Noite,Crescente,Chuva,Simples,Reta,Não,2,0,1,0,1,0,1,2,-27.053085,-49.390018,SPRF-SC,DEL04-SC,UOP02-DEL04-SC,2022
"489955,0",2022-11-30,quarta-feira,20:00:00,SC,470,"119,5",IBIRAMA,Demais falhas mecânicas ou elétricas,Colisão frontal,Com Vítimas Feridas,Plena Noite,Crescente,Chuva,Simples,Reta,Não,8,0,3,2,1,2,5,6,-27.08858778,-49.51954365,SPRF-SC,DEL04-SC,UOP02-DEL04-SC,2022
"489990,0",2022-12-01,quinta-feira,07:30:00,SC,101,"216,2",PALHOCA,Ultrapassagem Indevida,Colisão lateral mesmo sentido,Com Vítimas Feridas,Pleno dia,Crescente,Chuva,Múltipla,Interseção de Vias,Sim,2,0,1,0,1,0,1,2,-27.65981409,-48.67747798,SPRF-SC,DEL01-SC,UOP02-DEL01-SC,2022
"490023,0",2022-12-01,quinta-feira,11:30:00,SC,470,"59,5",BLUMENAU,Condutor deixou de manter distância do veículo da frente,Colisão traseira,Com Vítimas Feridas,Pleno dia,Crescente,Céu Claro,Simples,Reta,Não,3,0,0,1,1,1,1,3,-26.882812,-49.1548,SPRF-SC,DEL04-SC,UOP01-DEL04-SC,2022
"490223,0",2022-12-02,sexta-feira,11:30:00,SC,470,"56,0",BLUMENAU,Ausência de reação do condutor,Colisão traseira,Com Vítimas Feridas,Pleno dia,Crescente,Nublado,Simples,Reta,Não,4,0,0,1,2,2,1,5,-26.87674,-49.127743,SPRF-SC,DEL04-SC,UOP01-DEL04-SC,2022
"490230,0",2022-12-02,sexta-feira,12:25:00,SC,101,"285,5",IMBITUBA,Manobra de mudança de faixa,Colisão traseira,Com Vítimas Feridas,Pleno dia,Crescente,Céu Claro,Dupla,Reta,Não,4,0,1,0,2,1,1,3,-28.22947996,-48.70163526,SPRF-SC,DEL02-SC,UOP03-DEL02-SC,2022
"490301,0",2022-12-02,sexta-feira,16:30:00,SC,470,"68,1",INDAIAL,Pedestre andava na pista,Atropelamento de Pedestre,Com Vítimas Feridas,Pleno dia,Crescente,Nublado,Simples,Reta,Não,3,0,1,0,1,1,1,3,-26.877615,-49.239231,SPRF-SC,DEL04-SC,UOP01-DEL04-SC,2022
"490328,0",2022-12-02,sexta-feira,17:00:00,SC,101,"276,0",IMBITUBA,Desrespeitar a preferência no cruzamento,Colisão transversal,Com Vítimas Feridas,Pleno dia,Decrescente,Céu Claro,Simples,Interseção de Vias,Sim,4,0,1,1,1,3,2,5,-28.14644701,-48.69204746,SPRF-SC,DEL02-SC,UOP03-DEL02-SC,2022
"490362,0",2022-12-02,sexta-feira,22:00:00,SC,470,"54,4",BLUMENAU,Ultrapassagem Indevida,Colisão lateral mesmo sentido,Com Vítimas Feridas,Plena Noite,Crescente,Nublado,Simples,Reta,Sim,5,0,1,1,2,1,2,4,-26.871065,-49.110374,SPRF-SC,DEL04-SC,UOP01-DEL04-SC,2022
"490369,0",2022-11-28,segunda-feira,12:23:00,SC,282,"54,0",AGUAS MORNAS,Pista Escorregadia,Colisão frontal,Com Vítimas Feridas,Pleno dia,Decrescente,Garoa/Chuvisco,Simples,Curva,Não,2,0,1,0,1,0,1,2,-27.685799,-48.974514,SPRF-SC,DEL01-SC,UOP03-DEL01-SC,2022
"490456,0",2022-12-02,sexta-feira,22:10:00,SC,282,"500,1",XANXERE,Acessar a via sem observar a presença dos outros veículos,Colisão transversal,Sem Vítimas,Plena Noite,Crescente,Céu Claro,Dupla,Interseção de Vias,Não,5,0,0,0,4,1,0,3,-26.88073689,-52.35877991,SPRF-SC,DEL07-SC,UOP01-DEL07-SC,2022
"490605,0",2022-12-03,sábado,11:45:00,SC,116,"68,4",MONTE CASTELO,Transitar na contramão,Colisão frontal,Com Vítimas Fatais,Pleno dia,Decrescente,Nublado,Simples,Reta,Sim,5,3,0,0,1,1,0,3,-26.4550454,-50.2275973,SPRF-SC,DEL06-SC,UOP02-DEL06-SC,2022
"490662,0",2022-12-03,sábado,23:10:00,SC,470,"168,6",POUSO REDONDO,Ingestão de álcool pelo condutor,Colisão frontal,Com Vítimas Feridas,Plena Noite,Crescente,Chuva,Simples,Reta,Sim,3,0,0,1,1,1,1,3,-27.266994,-49.872524,SPRF-SC,DEL04-SC,UOP02-DEL04-SC,2022
"490738,0",2022-11-30,quarta-feira,07:20:00,SC,282,"467,1",PONTE SERRADA,Mal súbito do condutor,Saída de leito carroçável,Com Vítimas Feridas,Pleno dia,Crescente,Céu Claro,Simples,Reta,Não,1,0,1,0,0,0,1,1,-26.85426433,-52.09612727,SPRF-SC,DEL07-SC,UOP04-DEL07-SC,2022
"490936,0",2022-12-05,segunda-feira,08:00:00,SC,158,"136,5",PALMITOS,Faixas de trânsito com largura insuficiente,Saída de leito carroçável,Sem Vítimas,Pleno dia,Crescente,Céu Claro,Simples,Curva,Não,4,0,0,0,1,3,0,4,-27.08534008,-53.21966171,SPRF-SC,DEL07-SC,UOP02-DEL07-SC,2022
"490974,0",2022-12-05,segunda-feira,07:55:00,SC,470,"8,0",NAVEGANTES,Ultrapassagem Indevida,Colisão frontal,Com Vítimas Feridas,Pleno dia,Crescente,Nublado,Simples,Viaduto,Não,5,0,0,1,3,2,1,6,-26.83688,-48.718853,SPRF-SC,DEL04-SC,UOP04-DEL04-SC,2022
"491021,0",2022-12-05,segunda-feira,21:15:00,SC,116,"172,0",PONTE ALTA DO NORTE,Manobra de mudança de faixa,Colisão lateral mesmo sentido,Com Vítimas Feridas,Plena Noite,Decrescente,Céu Claro,Simples,Aclive,Não,5,0,1,0,3,1,1,3,-27.21243998,-50.4652468,SPRF-SC,DEL05-SC,UOP03-DEL05-SC,2022
"491108,0",2022-11-08,terça-feira,13:50:00,SC,101,"119,0",ITAJAI,Condutor deixou de manter distância do veículo da frente,Colisão lateral mesmo sentido,Com Vítimas Feridas,Pleno dia,Decrescente,Céu Claro,Múltipla,Reta,Sim,2,0,1,0,1,0,1,2,-26.9043179,-48.71555481,SPRF-SC,DEL04-SC,UOP04-DEL04-SC,2022
"491115,0",2022-11-05,sábado,01:30:00,SC,101,"376,0",ICARA,Estacionar ou parar em local proibido,Colisão traseira,Com Vítimas Feridas,Plena Noite,Decrescente,Céu Claro,Dupla,Reta,Sim,4,0,2,1,1,0,3,2,-28.740265,-49.250273,SPRF-SC,DEL02-SC,UOP01-DEL02-SC,2022
"491133,0",2022-12-06,terça-feira,09:10:00,SC,470,"65,5",INDAIAL,Ausência de reação do condutor,Colisão traseira,Com Vítimas Feridas,Pleno dia,Decrescente,Nublado,Simples,Reta,Sim,2,0,1,0,0,1,1,2,-26.870411,-49.211864,SPRF-SC,DEL04-SC,UOP01-DEL04-SC,2022
"491138,0",2022-12-06,terça-feira,12:35:00,SC,282,"339,6",CAMPOS NOVOS,Desrespeitar a preferência no cruzamento,Colisão transversal,Com Vítimas Feridas,Pleno dia,Decrescente,Céu Claro,Simples,Interseção de Vias,Não,4,0,2,1,1,0,3,2,-27.388266,-51.203793,SPRF-SC,DEL07-SC,UOP06-DEL07-SC,2022
"491139,0",2022-12-06,terça-feira,09:00:00,SC,153,"56,0",IRANI,Demais falhas mecânicas ou elétricas,Tombamento,Sem Vítimas,Pleno dia,Crescente,Céu Claro,Simples,Curva,Não,2,0,0,0,1,1,0,2,-26.950708,-51.829006,SPRF-SC,DEL07-SC,UOP07-DEL07-SC,2022
"491194,0",2022-12-06,terça-feira,13:17:00,SC,116,"2,0",MAFRA,Ausência de reação do condutor,Colisão lateral mesmo sentido,Sem Vítimas,Pleno dia,Decrescente,Céu Claro,Simples,Reta,Sim,4,0,0,0,3,1,0,2,-26.12391791,-49.79303212,SPRF-SC,DEL06-SC,UOP01-DEL06-SC,2022
"491205,0",2022-12-06,terça-feira,17:00:00,SC,470,"119,8",IBIRAMA,Problema com o freio,Saída de leito carroçável,Com Vítimas Feridas,Pleno dia,Decrescente,Chuva,Simples,Curva,Não,2,0,0,1,0,1,1,2,-27.081554,-49.520206,SPRF-SC,DEL04-SC,UOP02-DEL04-SC,2022
"491252,0",2022-12-07,quarta-feira,03:40:00,SC,282,"244,8",SAO JOSE DO CERRITO,Condutor Dormindo,Tombamento,Com Vítimas Feridas,Plena Noite,Crescente,Céu Claro,Simples,Curva,Não,1,0,1,0,0,0,1,1,-27.73609,-50.51841,SPRF-SC,DEL05-SC,UOP02-DEL05-SC,2022
"491324,0",2022-12-07,quarta-feira,06:30:00,SC,116,"37,2",ITAIOPOLIS,Ausência de reação do condutor,Colisão traseira,Com Vítimas Feridas,Pleno dia,Decrescente,Céu Claro,Simples,Aclive,Não,4,0,0,1,2,1,1,3,-26.34065776,-50.02444605,SPRF-SC,DEL06-SC,UOP01-DEL06-SC,2022
"491325,0",2022-12-07,quarta-feira,11:25:00,SC,116,"3,0",MAFRA,Condutor deixou de manter distância do veículo da frente,Colisão traseira,Sem Vítimas,Pleno dia,Decrescente,Nublado,Simples,Reta,Sim,4,0,0,0,3,1,0,4,-26.13073161,-49.79922442,SPRF-SC,DEL06-SC,UOP01-DEL06-SC,2022
"491331,0",2022-12-07,quarta-feira,05:00:00,SC,282,"626,5",FLOR DO SERTAO,Demais falhas mecânicas ou elétricas,Incêndio,Sem Vítimas,Amanhecer,Decrescente,Céu Claro,Simples,Reta,Não,1,0,0,0,1,0,0,1,-26.803452,-53.360672,SPRF-SC,DEL07-SC,UOP02-DEL07-SC,2022
"491363,0",2022-12-07,quarta-feira,15:55:00,SC,101,"141,9",BALNEARIO CAMBORIU,Velocidade Incompatível,Colisão traseira,Com Vítimas Feridas,Pleno dia,Crescente,Céu Claro,Simples,Reta,Não,3,0,1,1,1,0,2,2,-27.04761729,-48.59995855,SPRF-SC,DEL04-SC,UOP03-DEL04-SC,2022
"491401,0",2022-12-07,quarta-feira,11:00:00,SC,282,"408,0",CATANDUVAS,Curva acentuada,Saída de leito carroçável,Com Vítimas Feridas,Pleno dia,Crescente,Céu Claro,Dupla,Curva,Não,3,0,1,0,1,2,1,3,-27.074812,-51.663269,SPRF-SC,DEL07-SC,UOP05-DEL07-SC,2022
"491426,0",2022-12-07,quarta-feira,17:20:00,SC,470,"124,8",LONTRAS,Desrespeitar a preferência no cruzamento,Colisão transversal,Com Vítimas Feridas,Pleno dia,Crescente,Céu Claro,Simples,Reta,Sim,4,0,1,0,2,1,1,3,-27.113192,-49.529163,SPRF-SC,DEL04-SC,UOP02-DEL04-SC,2022
"491599,0",2022-12-08,quinta-feira,19:15:00,SC,101,"225,4",PALHOCA,Trafegar com motocicleta (ou similar) entre as faixas,Colisão lateral mesmo sentido,Com Vítimas Feridas,Plena Noite,Crescente,Céu Claro,Dupla,Reta;Declive,Não,4,0,2,0,1,1,2,3,-27.73292191,-48.6409567,SPRF-SC,DEL01-SC,UOP02-DEL01-SC,2022
"491634,0",2022-12-08,quinta-feira,22:45:00,SC,101,"388,5",CRICIUMA,Reação tardia ou ineficiente do condutor,Colisão traseira,Com Vítimas Feridas,Plena Noite,Crescente,Céu Claro,Múltipla,Reta,Não,3,0,1,0,1,1,1,3,-28.78529329,-49.33739925,SPRF-SC,DEL02-SC,UOP02-DEL02-SC,2022
"491680,0",2022-12-09,sexta-feira,08:00:00,SC,101,"331,2",CAPIVARI DE BAIXO,Condutor deixou de manter distância do veículo da frente,Colisão traseira,Com Vítimas Feridas,Pleno dia,Crescente,Céu Claro,Dupla,Reta,Não,3,0,1,0,1,1,1,3,-28.45567521,-48.9812689,SPRF-SC,DEL02-SC,UOP01-DEL02-SC,2022
"491763,0",2022-12-09,sexta-feira,17:00:00,SC,101,"46,0",JOINVILLE,Ingestão de álcool e/ou substâncias psicoativas pelo pedestre,Atropelamento de Pedestre,Com Vítimas Feridas,Pleno dia,Crescente,Nublado,Dupla,Reta,Sim,2,0,0,1,1,0,1,2,-26.35894494,-48.85897631,SPRF-SC,DEL03-SC,UOP01-DEL03-SC,2022
"491804,0",2022-12-09,sexta-feira,17:30:00,SC,101,"359,3",SANGAO,Reação tardia ou ineficiente do condutor,Atropelamento de Pedestre,Com Vítimas Feridas,Pleno dia,Crescente,Céu Claro,Simples,Curva,Não,3,0,0,1,1,1,1,3,-28.64378271,-49.09991741,SPRF-SC,DEL02-SC,UOP01-DEL02-SC,2022
"491840,0",2022-12-09,sexta-feira,23:45:00,SC,101,"116,0",ITAJAI,Condutor Dormindo,Tombamento,Sem Vítimas,Plena Noite,Crescente,Nublado,Múltipla,Reta,Sim,2,0,0,0,1,2,0,3,-26.87905605,-48.72603512,SPRF-SC,DEL04-SC,UOP04-DEL04-SC,2022
"492002,0",2022-12-10,sábado,18:20:00,SC,116,"5,6",MAFRA,Acessar a via sem observar a presença dos outros veículos,Colisão transversal,Com Vítimas Feridas,Anoitecer,Decrescente,Céu Claro,Simples,Reta;Interseção de Vias,Sim,3,0,1,0,1,1,1,3,-26.14094396,-49.81508303,SPRF-SC,DEL06-SC,UOP01-DEL06-SC,2022
"492013,0",2022-12-10,sábado,19:55:00,SC,101,"14,0",GARUVA,Avarias e/ou desgaste excessivo no pneu,Colisão com objeto,Sem Vítimas,Plena Noite,Decrescente,Céu Claro,Dupla,Reta,Não,4,0,0,0,3,1,0,3,-26.09803515,-48.86773972,SPRF-SC,DEL03-SC,UOP01-DEL03-SC,2022
"492096,0",2022-12-11,domingo,04:40:00,SC,101,"192,5",BIGUACU,Ausência de reação do condutor,Colisão frontal,Com Vítimas Feridas,Plena Noite,Decrescente,Nublado,Múltipla,Reta,Sim,7,0,3,1,2,1,4,3,-27.48443781,-48.64765238,SPRF-SC,DEL01-SC,UOP01-DEL01-SC,2022
"492247,0",2022-12-11,domingo,17:30:00,SC,470,"289,7",CAMPOS NOVOS,Desrespeitar a preferência no cruzamento,Colisão lateral mesmo sentido,Com Vítimas Feridas,Anoitecer,Decrescente,Céu Claro,Simples,Reta;Interseção de Vias,Não,6,0,4,0,1,1,4,3,-27.333546,-50.95219,SPRF-SC,DEL07-SC,UOP06-DEL07-SC,2022
"492376,0",2022-12-12,segunda-feira,09:50:00,SC,282,"21,6",SANTO AMARO DA IMPERATRIZ,Condutor deixou de manter distância do veículo da frente,Colisão traseira,Sem Vítimas,Pleno dia,Decrescente,Céu Claro,Simples,Curva,Sim,3,0,0,0,2,1,0,3,-27.68907,-48.717541,SPRF-SC,DEL01-SC,UOP02-DEL01-SC,2022
"492385,0",2022-12-12,segunda-feira,11:50:00,SC,282,"501,9",XANXERE,Manobra de mudança de faixa,Colisão frontal,Com Vítimas Feridas,Pleno dia,Crescente,Nublado,Simples,Reta,Sim,3,0,0,2,1,0,2,2,-26.882715,-52.381729,SPRF-SC,DEL07-SC,UOP01-DEL07-SC,2022
"492390,0",2022-12-02,sexta-feira,18:25:00,SC,153,"92,0",CONCORDIA,Chuva,Colisão lateral sentido oposto,Com Vítimas Feridas,Anoitecer,Crescente,Chuva,Simples,Curva,Não,3,0,1,0,1,1,1,3,-27.185669,-51.931538,SPRF-SC,DEL07-SC,UOP04-DEL07-SC,2022
"492427,0",2022-12-12,segunda-feira,15:40:00,SC,282,"421,0",VARGEM BONITA,Velocidade Incompatível,Saída de leito carroçável,Com Vítimas Feridas,Pleno dia,Crescente,Céu Claro,Simples,Curva,Não,1,0,1,0,0,0,1,1,-27.006414,-51.737789,SPRF-SC,DEL07-SC,UOP05-DEL07-SC,2022
"492520,0",2022-09-08,quinta-feira,06:40:00,SC,101,"105,0",PENHA,Ausência de reação do condutor,Colisão traseira,Com Vítimas Feridas,Pleno dia,Decrescente,Céu Claro,Dupla,Reta,Não,5,0,2,0,3,0,2,4,-26.80215497,-48.67891041,SPRF-SC,DEL03-SC,UOP02-DEL03-SC,2022
"492580,0",2022-12-13,terça-feira,14:00:00,SC,101,"192,3",BIGUACU,Manobra de mudança de faixa,Colisão lateral mesmo sentido,Com Vítimas Feridas,Pleno dia,Decrescente,Sol,Múltipla,Reta;Em Obras;Desvio Temporário,Sim,4,0,0,1,2,1,1,3,-27.48443781,-48.64765238,SPRF-SC,DEL01-SC,UOP01-DEL01-SC,2022
"492591,0",2022-12-13,terça-feira,14:10:00,SC,101,"234,0",PALHOCA,Ultrapassagem Indevida,Colisão lateral mesmo sentido,Com Vítimas Feridas,Pleno dia,Decrescente,Sol,Dupla,Reta;Em Obras;Declive,Não,4,0,2,0,1,1,2,3,-27.81043812,-48.63537111,SPRF-SC,DEL01-SC,UOP02-DEL01-SC,2022
"492605,0",2022-12-13,terça-feira,14:30:00,SC,282,"412,0",CATANDUVAS,Manobra de mudança de faixa,Engavetamento,Com Vítimas Feridas,Pleno dia,Decrescente,Céu Claro,Múltipla,Reta,Não,5,0,2,0,2,1,2,4,-27.055775,-51.688843,SPRF-SC,DEL07-SC,UOP05-DEL07-SC,2022
"492618,0",2022-12-13,terça-feira,17:30:00,SC,101,"122,0",ITAJAI,Velocidade Incompatível,Colisão lateral mesmo sentido,Com Vítimas Feridas,Pleno dia,Decrescente,Nublado,Dupla,Reta,Sim,2,0,0,1,1,0,1,2,-26.92955916,-48.70499836,SPRF-SC,DEL04-SC,UOP04-DEL04-SC,2022
"492627,0",2022-12-13,terça-feira,17:10:00,SC,280,"116,8",SAO BENTO DO SUL,Acessar a via sem observar a presença dos outros veículos,Colisão lateral mesmo sentido,Com Vítimas Feridas,Anoitecer,Decrescente,Céu Claro,Simples,Curva,Não,2,0,1,0,1,0,1,2,-26.2808956,-49.4169527,SPRF-SC,DEL06-SC,UOP03-DEL06-SC,2022
"492738,0",2022-11-23,quarta-feira,18:00:00,SC,153,"38,5",PONTE SERRADA,Demais falhas mecânicas ou elétricas,Colisão traseira,Com Vítimas Feridas,Anoitecer,Crescente,Céu Claro,Simples,Reta,Não,3,0,0,1,1,1,1,3,-26.83793363,-51.74526215,SPRF-SC,DEL07-SC,UOP07-DEL07-SC,2022
"492748,0",2022-12-14,quarta-feira,13:20:00,SC,101,"145,0",ITAPEMA,Manobra de mudança de faixa,Colisão lateral mesmo sentido,Com Vítimas Feridas,Pleno dia,Crescente,Céu Claro,Dupla,Reta,Sim,3,0,1,0,1,2,1,4,-27.08139206,-48.60130993,SPRF-SC,DEL04-SC,UOP03-DEL04-SC,2022
"492749,0",2022-12-14,quarta-feira,12:20:00,SC,101,"202,0",SAO JOSE,Reação tardia ou ineficiente do condutor,Colisão traseira,Com Vítimas Feridas,Pleno dia,Crescente,Céu Claro,Dupla,Reta,Sim,4,0,2,0,1,1,2,3,-27.55711595,-48.61897889,SPRF-SC,DEL01-SC,UOP01-DEL01-SC,2022
"492750,0",2022-12-14,quarta-feira,11:00:00,SC,101,"116,0",ITAJAI,Condutor deixou de manter distância do veículo da frente,Colisão traseira,Com Vítimas Feridas,Pleno dia,Crescente,Nublado,Dupla,Reta,Sim,3,0,1,0,1,3,1,5,-26.87905605,-48.72603512,SPRF-SC,DEL04-SC,UOP04-DEL04-SC,2022
"492814,0",2022-11-08,terça-feira,07:40:00,SC,470,"280,2",BRUNOPOLIS,Velocidade Incompatível,Tombamento,Com Vítimas Fatais,Pleno dia,Crescente,Céu Claro,Simples,Reta,Não,7,1,2,0,3,1,2,3,-27.33318,-50.86818,SPRF-SC,DEL07-SC,UOP06-DEL07-SC,2022
"492843,0",2022-12-14,quarta-feira,22:35:00,SC,280,"55,4",GUARAMIRIM,Desrespeitar a preferência no cruzamento,Colisão transversal,Com Vítimas Feridas,Plena Noite,Decrescente,Nublado,Dupla,Interseção de Vias;Em Obras;Rotatória,Sim,3,0,0,1,1,1,1,3,-26.47584353,-48.9937858,SPRF-SC,DEL03-SC,UOP03-DEL03-SC,2022
"492846,0",2022-12-14,quarta-feira,07:30:00,SC,282,"137,5",BOM RETIRO,Velocidade Incompatível,Tombamento,Com Vítimas Feridas,Pleno dia,Decrescente,Céu Claro,Simples,Rotatória;Reta,Não,1,0,1,0,0,0,1,1,-27.82256727,-49.5692718,SPRF-SC,DEL05-SC,UOP01-DEL05-SC,2022
"492854,0",2022-12-14,quarta-feira,23:00:00,SC,470,"115,7",IBIRAMA,Carga excessiva e/ou mal acondicionada,Tombamento,Com Vítimas Feridas,Plena Noite,Decrescente,Céu Claro,Simples,Reta,Não,2,0,1,0,0,1,1,2,-27.07813418,-49.49101646,SPRF-SC,DEL04-SC,UOP02-DEL04-SC,2022
"492869,0",2022-12-15,quinta-feira,06:20:00,SC,470,"130,4",LONTRAS,Ultrapassagem Indevida,Colisão lateral mesmo sentido,Sem Vítimas,Pleno dia,Crescente,Céu Claro,Simples,Interseção de Vias,Sim,2,0,0,0,2,0,0,2,-27.170237,-49.574718,SPRF-SC,DEL04-SC,UOP02-DEL04-SC,2022