id,data_inversa,dia_semana,horario,uf,br,km,municipio,causa_acidente,tipo_acidente,classificacao_acidente,fase_dia,sentido_via,condicao_metereologica,tipo_pista,tracado_via,uso_solo,pessoas,mortos,feridos_leves,feridos_graves,ilesos,ignorados,feridos,veiculos,latitude,longitude,regional,delegacia,uop,ano_arquivo
"405899,0",2022-01-04,terça-feira,13:05:00,SC,153,"68,8",IRANI,Condutor deixou de manter distância do veículo da frente,Colisão traseira,Com Vítimas Feridas,Pleno dia,Crescente,Chuva,Simples,Curva,Não,3,0,3,0,0,0,3,2,-27.033516,-51.879311,SPRF-SC,DEL07-SC,UOP04-DEL07-SC,2022
"405913,0",2022-01-04,terça-feira,14:15:00,SC,101,"40,1",JOINVILLE,Reação tardia ou ineficiente do condutor,Colisão traseira,Com Vítimas Feridas,Pleno dia,Decrescente,Chuva,Dupla,Curva,Sim,4,0,2,0,2,0,2,3,-26.27176094,-48.89468382,SPRF-SC,DEL03-SC,UOP01-DEL03-SC,2022
"405915,0",2022-01-04,terça-feira,14:00:00,SC,101,"157,3",PORTO BELO,Reação tardia ou ineficiente do condutor,Colisão traseira,Com Vítimas Feridas,Pleno dia,Crescente,Chuva,Dupla,Reta,Sim,3,0,1,0,2,0,1,2,-27.181625,-48.6121179,SPRF-SC,DEL04-SC,UOP03-DEL04-SC,2022
"405930,0",2022-01-04,terça-feira,16:05:00,SC,470,"125,6",LONTRAS,Acessar a via sem observar a presença dos outros veículos,Colisão transversal,Sem Vítimas,Pleno dia,Crescente,Nublado,Simples,Reta,Sim,2,0,0,0,2,0,0,2,-27.120506,-49.534946,SPRF-SC,DEL04-SC,UOP02-DEL04-SC,2022
"405936,0",2022-01-04,terça-feira,16:50:00,SC,163,"66,9",SAO MIGUEL DO OESTE,Acessar a via sem observar a presença dos outros veículos,Colisão transversal,Com Vítimas Feridas,Pleno dia,Crescente,Garoa/Chuvisco,Dupla,Reta,Sim,2,0,1,0,1,0,1,2,-26.76001928,-53.50036025,SPRF-SC,DEL07-SC,UOP03-DEL07-SC,2022
"405946,0",2022-01-04,terça-feira,18:00:00,SC,101,"215,0",PALHOCA,Condutor deixou de manter distância do veículo da frente,Tombamento,Com Vítimas Feridas,Pleno dia,Crescente,Chuva,Dupla,Curva,Sim,1,0,1,0,0,0,1,1,-27.65184843,-48.67604941,SPRF-SC,DEL01-SC,UOP02-DEL01-SC,2022
"405949,0",2022-01-04,terça-feira,14:10:00,SC,282,"426,1",VARGEM BONITA,Velocidade Incompatível,Colisão frontal,Com Vítimas Fatais,Pleno dia,Decrescente,Nublado,Simples,Curva,Não,6,1,4,0,1,0,4,3,-26.97876667,-51.75747833,SPRF-SC,DEL07-SC,UOP05-DEL07-SC,2022
"405955,0",2022-01-04,terça-feira,16:45:00,SC,101,"99,8",BALNEARIO PICARRAS,Pedestre andava na pista,Atropelamento de Pedestre,Com Vítimas Feridas,Pleno dia,Decrescente,Chuva,Múltipla,Reta;Declive,Sim,2,0,0,1,1,0,1,2,-26.75482787,-48.68993675,SPRF-SC,DEL03-SC,UOP02-DEL03-SC,2022
"405973,0",2022-01-04,terça-feira,19:15:00,SC,470,"98,4",APIUNA,Ausência de reação do condutor,Colisão transversal,Com Vítimas Feridas,Plena Noite,Decrescente,Chuva,Simples,Reta,Não,2,0,0,1,1,0,1,2,-27.032537,-49.385468,SPRF-SC,DEL04-SC,UOP01-DEL04-SC,2022
"405985,0",2022-01-04,terça-feira,22:15:00,SC,101,"138,0",BALNEARIO CAMBORIU,Pista Escorregadia,Atropelamento de Pedestre,Com Vítimas Feridas,Plena Noite,Crescente,Nublado,Dupla,Curva,Sim,4,0,2,1,1,0,3,2,-27.02397426,-48.60761649,SPRF-SC,DEL04-SC,UOP03-DEL04-SC,2022
"405990,0",2022-01-04,terça-feira,13:30:00,SC,101,"181,0",BIGUACU,Ausência de reação do condutor,Colisão traseira,Sem Vítimas,Pleno dia,Crescente,Chuva,Dupla,Reta,Sim,2,0,0,0,2,0,0,2,-27.38958699,-48.63197593,SPRF-SC,DEL01-SC,UOP01-DEL01-SC,2022
"406001,0",2022-01-05,quarta-feira,01:30:00,SC,101,"34,9",JOINVILLE,Ingestão de álcool pelo condutor,Colisão com objeto,Com Vítimas Feridas,Plena Noite,Crescente,Nublado,Dupla,Curva,Sim,1,0,1,0,0,0,1,1,-26.26994275,-48.8954258,SPRF-SC,DEL03-SC,UOP01-DEL03-SC,2022
"406008,0",2022-01-05,quarta-feira,06:35:00,SC,101,"85,0",BARRA VELHA,Condutor deixou de manter distância do veículo da frente,Colisão traseira,Com Vítimas Feridas,Pleno dia,Decrescente,Sol,Dupla,Reta,Sim,3,0,1,0,1,1,1,2,-26.62840879,-48.70813584,SPRF-SC,DEL03-SC,UOP02-DEL03-SC,2022
"406031,0",2022-01-05,quarta-feira,08:02:00,SC,282,"179,0",BOCAINA DO SUL,Frear bruscamente,Engavetamento,Sem Vítimas,Pleno dia,Decrescente,Céu Claro,Simples,Aclive,Não,3,0,0,0,3,0,0,3,-27.740141,-49.930519,SPRF-SC,DEL05-SC,UOP01-DEL05-SC,2022
"406040,0",2022-01-05,quarta-feira,09:10:00,SC,470,"96,0",ASCURRA,Manobra de mudança de faixa,Colisão frontal,Com Vítimas Feridas,Pleno dia,Decrescente,Sol,Simples,Reta,Não,5,0,3,1,1,0,4,2,-27.020767,-49.371342,SPRF-SC,DEL04-SC,UOP01-DEL04-SC,2022
"406048,0",2022-01-05,quarta-feira,10:40:00,SC,101,"197,2",BIGUACU,Acessar a via sem observar a presença dos outros veículos,Colisão transversal,Com Vítimas Feridas,Pleno dia,Crescente,Sol,Múltipla,Interseção de Vias,Sim,2,0,1,0,1,0,1,2,-27.51844497,-48.63848496,SPRF-SC,DEL01-SC,UOP01-DEL01-SC,2022
"406084,0",2022-01-05,quarta-feira,13:40:00,SC,101,"118,0",ITAJAI,Condutor deixou de manter distância do veículo da frente,Colisão traseira,Com Vítimas Feridas,Pleno dia,Crescente,Céu Claro,Múltipla,Reta,Não,3,0,0,1,2,0,1,3,-26.895859,-48.71903,SPRF-SC,DEL04-SC,UOP04-DEL04-SC,2022
"406085,0",2022-01-05,quarta-feira,13:55:00,SC,101,"119,7",ITAJAI,Velocidade Incompatível,Saída de leito carroçável,Com Vítimas Feridas,Pleno dia,Crescente,Céu Claro,Dupla,Reta,Sim,1,0,0,1,0,0,1,1,-26.9043179,-48.71555481,SPRF-SC,DEL04-SC,UOP04-DEL04-SC,2022
"406121,0",2022-01-05,quarta-feira,12:10:00,SC,470,"142,0",RIO DO SUL,Transitar no acostamento,Colisão lateral mesmo sentido,Sem Vítimas,Pleno dia,Decrescente,Céu Claro,Simples,Curva,Sim,2,0,0,0,2,0,0,2,-27.229801,-49.6693,SPRF-SC,DEL04-SC,UOP02-DEL04-SC,2022
"406128,0",2022-01-05,quarta-feira,16:10:00,SC,470,"122,6",IBIRAMA,Velocidade Incompatível,Colisão frontal,Com Vítimas Feridas,Pleno dia,Decrescente,Chuva,Simples,Curva,Não,12,0,11,0,1,0,11,4,-27.099888,-49.527679,SPRF-SC,DEL04-SC,UOP02-DEL04-SC,2022
"406130,0",2022-01-05,quarta-feira,18:00:00,SC,101,"146,2",ITAPEMA,Condutor deixou de manter distância do veículo da frente,Colisão traseira,Com Vítimas Feridas,Pleno dia,Decrescente,Chuva,Múltipla,Reta,Sim,4,0,1,0,3,0,1,3,-27.08666525,-48.60955587,SPRF-SC,DEL04-SC,UOP03-DEL04-SC,2022
"406137,0",2022-01-05,quarta-feira,18:40:00,SC,101,"115,0",ITAJAI,Trafegar com motocicleta (ou similar) entre as faixas,Colisão lateral mesmo sentido,Com Vítimas Feridas,Pleno dia,Decrescente,Chuva,Múltipla,Reta,Sim,3,0,1,0,2,0,1,2,-26.87064015,-48.72954134,SPRF-SC,DEL04-SC,UOP04-DEL04-SC,2022
"406143,0",2022-01-05,quarta-feira,19:35:00,SC,101,"195,3",BIGUACU,Ausência de reação do condutor,Tombamento,Com Vítimas Feridas,Plena Noite,Crescente,Chuva,Múltipla,Reta,Sim,1,0,1,0,0,0,1,1,-27.5047092,-48.65010819,SPRF-SC,DEL01-SC,UOP01-DEL01-SC,2022
"406165,0",2022-01-05,quarta-feira,19:36:00,SC,116,"21,4",ITAIOPOLIS,Ultrapassagem Indevida,Colisão frontal,Com Vítimas Feridas,Plena Noite,Decrescente,Chuva,Simples,Reta,Não,4,0,2,2,0,0,4,2,-26.24948781,-49.90733133,SPRF-SC,DEL06-SC,UOP01-DEL06-SC,2022
"406170,0",2022-01-05,quarta-feira,15:00:00,SC,101,"38,0",JOINVILLE,Reação tardia ou ineficiente do condutor,Colisão transversal,Com Vítimas Feridas,Pleno dia,Decrescente,Céu Claro,Simples,Interseção de Vias,Sim,5,0,1,0,4,0,1,2,-26.25472505,-48.90561309,SPRF-SC,DEL03-SC,UOP01-DEL03-SC,2022
"406172,0",2022-01-05,quarta-feira,19:00:00,SC,282,"570,7",NOVA ERECHIM,Ultrapassagem Indevida,Colisão frontal,Com Vítimas Fatais,Anoitecer,Crescente,Nublado,Simples,Reta,Não,2,1,0,1,0,0,1,2,-26.893311,-52.926671,SPRF-SC,DEL07-SC,UOP02-DEL07-SC,2022
"406177,0",2022-01-05,quarta-feira,18:10:00,SC,282,"531,5",CORDILHEIRA ALTA,Acessar a via sem observar a presença dos outros veículos,Colisão transversal,Com Vítimas Feridas,Pleno dia,Crescente,Chuva,Simples,Reta,Sim,2,0,1,0,1,0,1,2,-26.990747,-52.609776,SPRF-SC,DEL07-SC,UOP01-DEL07-SC,2022
"406183,0",2022-01-05,quarta-feira,17:50:00,SC,470,"138,0",RIO DO SUL,Ultrapassagem Indevida,Colisão lateral mesmo sentido,Com Vítimas Feridas,Pleno dia,Crescente,Chuva,Simples,Reta,Não,2,0,1,0,1,0,1,2,-27.207214,-49.648476,SPRF-SC,DEL04-SC,UOP02-DEL04-SC,2022
"407010,0",2022-01-06,quinta-feira,08:30:00,SC,280,"220,0",TRES BARRAS,Condutor Dormindo,Saída de leito carroçável,Com Vítimas Feridas,Pleno dia,Crescente,Nublado,Simples,Curva,Não,2,0,1,0,1,0,1,1,-26.17118856,-50.26466388,SPRF-SC,DEL06-SC,UOP04-DEL06-SC,2022
"407014,0",2022-01-06,quinta-feira,05:30:00,SC,101,"138,0",BALNEARIO CAMBORIU,Ingestão de álcool pelo condutor,Colisão traseira,Com Vítimas Feridas,Amanhecer,Decrescente,Nublado,Múltipla,Reta,Sim,2,0,1,1,0,0,2,2,-27.02397426,-48.60761649,SPRF-SC,DEL04-SC,UOP03-DEL04-SC,2022
"407037,0",2022-01-06,quinta-feira,09:50:00,SC,101,"233,0",PALHOCA,Condutor Dormindo,Colisão traseira,Com Vítimas Feridas,Pleno dia,Crescente,Garoa/Chuvisco,Dupla,Reta,Não,4,0,3,0,1,0,3,2,-27.80376397,-48.63826211,SPRF-SC,DEL01-SC,UOP02-DEL01-SC,2022
"407044,0",2022-01-06,quinta-feira,14:27:00,SC,470,"52,8",BLUMENAU,Acesso irregular,Colisão transversal,Com Vítimas Feridas,Pleno dia,Crescente,Céu Claro,Simples,Reta,Não,2,0,0,1,1,0,1,2,-26.862286,-49.093903,SPRF-SC,DEL04-SC,UOP01-DEL04-SC,2022
"407058,0",2022-01-06,quinta-feira,14:50:00,SC,101,"203,0",SAO JOSE,Acessar a via sem observar a presença dos outros veículos,Colisão lateral mesmo sentido,Com Vítimas Feridas,Pleno dia,Decrescente,Céu Claro,Dupla,Reta,Sim,2,0,1,0,0,1,1,2,-27.5650044,-48.61460082,SPRF-SC,DEL01-SC,UOP01-DEL01-SC,2022
"407098,0",2022-01-06,quinta-feira,16:45:00,SC,101,"213,9",PALHOCA,Reação tardia ou ineficiente do condutor,Colisão traseira,Com Vítimas Feridas,Pleno dia,Decrescente,Nublado,Múltipla,Reta,Sim,2,0,1,0,1,0,1,2,-27.6437225,-48.67023826,SPRF-SC,DEL01-SC,UOP02-DEL01-SC,2022
"407099,0",2022-01-06,quinta-feira,16:40:00,SC,101,"213,8",PALHOCA,Entrada inopinada do pedestre,Atropelamento de Pedestre,Com Vítimas Feridas,Pleno dia,Crescente,Céu Claro,Dupla,Reta,Sim,2,0,1,0,1,0,1,2,-27.63697369,-48.66514142,SPRF-SC,DEL01-SC,UOP02-DEL01-SC,2022
"407112,0",2022-01-06,quinta-feira,17:55:00,SC,101,"143,5",ITAPEMA,Reação tardia ou ineficiente do condutor,Tombamento,Com Vítimas Feridas,Pleno dia,Decrescente,Céu Claro,Dupla,Reta,Sim,2,0,1,0,1,0,1,1,-27.06436,-48.59599405,SPRF-SC,DEL04-SC,UOP03-DEL04-SC,2022
"407130,0",2022-01-05,quarta-feira,15:30:00,SC,101,"11,0",GARUVA,Velocidade Incompatível,Engavetamento,Com Vítimas Feridas,Pleno dia,Crescente,Chuva,Dupla,Reta,Não,5,0,1,0,4,0,1,4,-26.07202503,-48.86100853,SPRF-SC,DEL03-SC,UOP01-DEL03-SC,2022
"407156,0",2022-01-06,quinta-feira,20:30:00,SC,101,"319,4",PESCARIA BRAVA,Reação tardia ou ineficiente do condutor,Saída de leito carroçável,Com Vítimas Feridas,Plena Noite,Crescente,Nublado,Múltipla,Reta,Sim,1,0,1,0,0,0,1,1,-28.425823,-48.888937,SPRF-SC,DEL02-SC,UOP01-DEL02-SC,2022
"407166,0",2022-01-06,quinta-feira,12:25:00,SC,101,"125,3",ITAJAI,Condutor deixou de manter distância do veículo da frente,Engavetamento,Com Vítimas Feridas,Pleno dia,Crescente,Chuva,Dupla,Reta,Não,3,0,1,0,2,0,1,3,-26.94802427,-48.68338515,SPRF-SC,DEL04-SC,UOP04-DEL04-SC,2022
"407187,0",2022-01-07,sexta-feira,02:10:00,SC,101,"217,0",PALHOCA,Ingestão de álcool pelo condutor,Queda de ocupante de veículo,Com Vítimas Feridas,Plena Noite,Crescente,Céu Claro,Simples,Reta,Não,1,0,1,0,0,0,1,1,-27.66779034,-48.67393586,SPRF-SC,DEL01-SC,UOP02-DEL01-SC,2022
"407214,0",2022-01-07,sexta-feira,08:00:00,SC,101,"151,0",ITAPEMA,Acessar a via sem observar a presença dos outros veículos,Colisão transversal,Com Vítimas Feridas,Pleno dia,Crescente,Nublado,Múltipla,Rotatória;Interseção de Vias,Não,2,0,1,0,1,0,1,2,-27.126536,-48.609642,SPRF-SC,DEL04-SC,UOP03-DEL04-SC,2022
"407271,0",2022-01-07,sexta-feira,07:15:00,SC,101,"356,9",SANGAO,Velocidade Incompatível,Capotamento,Com Vítimas Feridas,Pleno dia,Crescente,Céu Claro,Dupla,Interseção de Vias,Não,1,0,1,0,0,0,1,1,-28.62930081,-49.08665412,SPRF-SC,DEL02-SC,UOP01-DEL02-SC,2022
"407272,0",2022-01-07,sexta-feira,14:00:00,SC,101,"324,1",CAPIVARI DE BAIXO,Mal súbito do condutor,Colisão traseira,Com Vítimas Feridas,Pleno dia,Decrescente,Céu Claro,Múltipla,Curva;Declive,Não,5,0,1,0,4,0,1,2,-28.42441066,-48.93930674,SPRF-SC,DEL02-SC,UOP01-DEL02-SC,2022
"407313,0",2022-01-07,sexta-feira,16:50:00,SC,101,"147,0",ITAPEMA,Acessar a via sem observar a presença dos outros veículos,Colisão lateral mesmo sentido,Com Vítimas Feridas,Pleno dia,Decrescente,Céu Claro,Dupla,Reta,Sim,2,0,1,0,1,0,1,2,-27.09237407,-48.61730888,SPRF-SC,DEL04-SC,UOP03-DEL04-SC,2022
"407330,0",2022-01-07,sexta-feira,18:35:00,SC,280,"33,0",ARAQUARI,Ultrapassagem Indevida,Colisão transversal,Com Vítimas Feridas,Pleno dia,Decrescente,Céu Claro,Simples,Retorno Regulamentado,Não,3,0,2,0,1,0,2,2,-26.42576441,-48.78741376,SPRF-SC,DEL03-SC,UOP03-DEL03-SC,2022
"407352,0",2022-01-07,sexta-feira,17:20:00,SC,280,"127,0",RIO NEGRINHO,Reação tardia ou ineficiente do condutor,Colisão transversal,Com Vítimas Feridas,Pleno dia,Decrescente,Céu Claro,Simples,Reta;Interseção de Vias,Sim,2,0,1,0,1,0,1,2,-26.24263586,-49.51199055,SPRF-SC,DEL06-SC,UOP03-DEL06-SC,2022
"407377,0",2022-01-07,sexta-feira,20:45:00,SC,0,"0,0",LAGES,Acessar a via sem observar a presença dos outros veículos,Colisão lateral mesmo sentido,Com Vítimas Feridas,Plena Noite,Não Informado,Céu Claro,Simples,Interseção de Vias,Sim,2,0,1,0,1,0,1,2,-27.797529,-50.291862,SPRF-SC,DEL05-SC,UOP01-DEL05-SC,2022
"407379,0",2022-01-07,sexta-feira,23:42:00,SC,101,"198,1",BIGUACU,Ingestão de álcool pelo condutor,Colisão com objeto,Com Vítimas Feridas,Plena Noite,Crescente,Nublado,Múltipla,Reta,Sim,3,0,3,0,0,0,3,1,-27.52658712,-48.63506019,SPRF-SC,DEL01-SC,UOP01-DEL01-SC,2022
"407386,0",2022-01-08,sábado,01:00:00,SC,101,"135,0",BALNEARIO CAMBORIU,Ingestão de álcool e/ou substâncias psicoativas pelo pedestre,Colisão traseira,Com Vítimas Feridas,Plena Noite,Crescente,Céu Claro,Múltipla,Reta,Sim,2,0,0,1,1,0,1,2,-27.0050108,-48.62677494,SPRF-SC,DEL04-SC,UOP03-DEL04-SC,2022
"407390,0",2022-01-08,sábado,00:30:00,SC,101,"132,5",BALNEARIO CAMBORIU,Reação tardia ou ineficiente do condutor,Colisão com objeto,Com Vítimas Feridas,Plena Noite,Decrescente,Céu Claro,Múltipla,Reta,Sim,1,0,1,0,0,0,1,1,-26.99654133,-48.65564711,SPRF-SC,DEL04-SC,UOP03-DEL04-SC,2022
"407411,0",2022-01-08,sábado,04:25:00,SC,282,"531,9",CORDILHEIRA ALTA,Ingestão de álcool e/ou substâncias psicoativas pelo pedestre,Colisão frontal,Com Vítimas Feridas,Plena Noite,Crescente,Céu Claro,Simples,Curva,Não,6,0,0,1,4,1,1,3,-26.990747,-52.609776,SPRF-SC,DEL07-SC,UOP01-DEL07-SC,2022
"407413,0",2022-01-08,sábado,06:40:00,SC,282,"16,0",PALHOCA,Ingestão de álcool pelo condutor,Colisão lateral mesmo sentido,Com Vítimas Feridas,Amanhecer,Crescente,Céu Claro,Simples,Reta,Sim,2,0,1,0,1,0,1,2,-27.658611,-48.681847,SPRF-SC,DEL01-SC,UOP02-DEL01-SC,2022
"407423,0",2022-01-08,sábado,05:20:00,SC,470,"0,1",NAVEGANTES,Ingestão de álcool pelo condutor,Colisão traseira,Com Vítimas Feridas,Pleno dia,Decrescente,Céu Claro,Simples,Rotatória,Sim,2,0,1,0,1,0,1,2,-26.88232,-48.66183,SPRF-SC,DEL04-SC,UOP04-DEL04-SC,2022
"407424,0",2022-01-08,sábado,05:45:00,SC,280,"233,6",CANOINHAS,Ingestão de álcool pelo condutor,Colisão lateral sentido oposto,Sem Vítimas,Amanhecer,Decrescente,Céu Claro,Simples,Reta,Não,3,0,0,0,2,1,0,3,-26.19146187,-50.39215,SPRF-SC,DEL06-SC,UOP04-DEL06-SC,2022
"407444,0",2022-01-08,sábado,09:05:00,SC,101,"216,4",PALHOCA,Acessar a via sem observar a presença dos outros veículos,Colisão lateral mesmo sentido,Com Vítimas Feridas,Pleno dia,Crescente,Nublado,Múltipla,Reta,Sim,2,0,1,0,1,0,1,2,-27.66232052,-48.67652535,SPRF-SC,DEL01-SC,UOP02-DEL01-SC,2022
"407469,0",2022-01-08,sábado,12:00:00,SC,101,"191,0",BIGUACU,Ausência de reação do condutor,Colisão traseira,Com Vítimas Feridas,Pleno dia,Decrescente,Céu Claro,Dupla,Reta,Não,4,0,2,0,2,0,2,2,-27.47730273,-48.64127329,SPRF-SC,DEL01-SC,UOP01-DEL01-SC,2022
"407480,0",2022-01-08,sábado,11:00:00,SC,116,"160,2",PONTE ALTA DO NORTE,Condutor Dormindo,Saída de leito carroçável,Com Vítimas Feridas,Pleno dia,Decrescente,Céu Claro,Simples,Reta,Não,1,0,1,0,0,0,1,1,-27.10810008,-50.45597767,SPRF-SC,DEL06-SC,UOP02-DEL06-SC,2022
"407486,0",2022-01-08,sábado,09:00:00,SC,163,"89,9",GUARACIABA,Condutor deixou de manter distância do veículo da frente,Colisão traseira,Com Vítimas Fatais,Pleno dia,Decrescente,Céu Claro,Simples,Em Obras;Reta;Interseção de Vias;Aclive,Não,5,1,0,3,1,0,3,3,-26.56512451,-53.50941539,SPRF-SC,DEL07-SC,UOP03-DEL07-SC,2022
"407495,0",2022-01-08,sábado,11:55:00,SC,101,"323,0",CAPIVARI DE BAIXO,Reação tardia ou ineficiente do condutor,Colisão com objeto,Sem Vítimas,Pleno dia,Crescente,Nublado,Simples,Reta,Sim,1,0,0,0,1,0,0,1,-28.42789556,-48.91248313,SPRF-SC,DEL02-SC,UOP01-DEL02-SC,2022
"407505,0",2022-01-08,sábado,15:45:00,SC,101,"202,0",SAO JOSE,Transitar no acostamento,Colisão traseira,Com Vítimas Feridas,Pleno dia,Crescente,Céu Claro,Simples,Reta,Sim,3,0,1,0,1,1,1,3,-27.55711595,-48.61897889,SPRF-SC,DEL01-SC,UOP01-DEL01-SC,2022
"407513,0",2022-01-08,sábado,16:29:00,SC,101,"146,0",ITAPEMA,Ingestão de álcool pelo condutor,Colisão traseira,Sem Vítimas,Pleno dia,Decrescente,Céu Claro,Dupla,Reta,Sim,2,0,0,0,2,0,0,2,-27.08666525,-48.60955587,SPRF-SC,DEL04-SC,UOP03-DEL04-SC,2022
"407549,0",2022-01-08,sábado,18:00:00,SC,470,"126,3",LONTRAS,Velocidade Incompatível,Colisão transversal,Com Vítimas Feridas,Pleno dia,Crescente,Sol,Simples,Reta,Sim,3,0,2,0,1,0,2,2,-27.129,-49.538277,SPRF-SC,DEL04-SC,UOP02-DEL04-SC,2022
"407596,0",2022-01-08,sábado,23:27:00,SC,101,"201,5",SAO JOSE,Avarias e/ou desgaste excessivo no pneu,Tombamento,Com Vítimas Feridas,Plena Noite,Crescente,Nublado,Múltipla,Reta,Sim,2,0,2,0,0,0,2,1,-27.55305353,-48.61952305,SPRF-SC,DEL01-SC,UOP01-DEL01-SC,2022
"407611,0",2022-01-09,domingo,01:00:00,SC,280,"122,0",RIO NEGRINHO,Ingestão de álcool pelo condutor,Colisão traseira,Com Vítimas Feridas,Plena Noite,Crescente,Nublado,Simples,Reta,Não,2,0,0,1,1,0,1,2,-26.24855895,-49.45712883,SPRF-SC,DEL06-SC,UOP03-DEL06-SC,2022
"407626,0",2022-01-09,domingo,03:00:00,SC,101,"424,8",ARARANGUA,Reação tardia ou ineficiente do condutor,Saída de leito carroçável,Sem Vítimas,Plena Noite,Crescente,Ignorado,Simples,Reta,Sim,1,0,0,0,1,0,0,1,-29.01601155,-49.58269226,SPRF-SC,DEL02-SC,UOP02-DEL02-SC,2022
"407628,0",2022-01-09,domingo,05:50:00,SC,470,"7,2",NAVEGANTES,Ingestão de álcool pelo condutor,Colisão traseira,Com Vítimas Feridas,Amanhecer,Crescente,Garoa/Chuvisco,Simples,Em Obras;Viaduto;Desvio Temporário;Curva,Não,2,0,0,1,1,0,1,2,-26.84499,-48.71505,SPRF-SC,DEL04-SC,UOP04-DEL04-SC,2022
"407629,0",2022-01-09,domingo,03:30:00,SC,282,"646,0",SAO MIGUEL DO OESTE,Ingestão de álcool pelo condutor,Capotamento,Com Vítimas Feridas,Plena Noite,Crescente,Céu Claro,Simples,Interseção de Vias;Rotatória,Sim,1,0,1,0,0,0,1,1,-26.76143708,-53.50005984,SPRF-SC,DEL07-SC,UOP03-DEL07-SC,2022
"407630,0",2022-01-09,domingo,04:00:00,SC,282,"350,0",CAMPOS NOVOS,Ausência de reação do condutor,Saída de leito carroçável,Com Vítimas Feridas,Plena Noite,Crescente,Céu Claro,Simples,Curva,Não,1,0,1,0,0,0,1,1,-27.358767,-51.29229,SPRF-SC,DEL07-SC,UOP06-DEL07-SC,2022
"407635,0",2022-01-09,domingo,06:15:00,SC,101,"48,0",JOINVILLE,Velocidade Incompatível,Colisão com objeto,Com Vítimas Feridas,Pleno dia,Crescente,Nublado,Dupla,Curva;Declive,Não,1,0,1,0,0,0,1,1,-26.37872159,-48.85173798,SPRF-SC,DEL03-SC,UOP01-DEL03-SC,2022
"407642,0",2022-01-08,sábado,22:50:00,SC,116,"131,0",SANTA CECILIA,Ingestão de álcool pelo condutor,Saída de leito carroçável,Com Vítimas Feridas,Plena Noite,Crescente,Nublado,Simples,Reta,Não,1,0,1,0,0,0,1,1,-26.89968986,-50.43667825,SPRF-SC,DEL06-SC,UOP02-DEL06-SC,2022
"407659,0",2022-01-09,domingo,07:30:00,SC,101,"371,5",ICARA,Ingestão de álcool pelo condutor,Saída de leito carroçável,Sem Vítimas,Pleno dia,Crescente,Céu Claro,Dupla,Curva,Não,1,0,0,0,1,0,0,1,-28.70403682,-49.2008731,SPRF-SC,DEL02-SC,UOP01-DEL02-SC,2022
"407682,0",2022-01-09,domingo,12:00:00,SC,101,"289,0",IMBITUBA,Acesso irregular,Colisão transversal,Sem Vítimas,Pleno dia,Decrescente,Nublado,Múltipla,Retorno Regulamentado;Viaduto;Curva;Rotatória;Interseção de Vias,Sim,3,0,0,0,3,0,0,2,-28.25395282,-48.70289554,SPRF-SC,DEL02-SC,UOP03-DEL02-SC,2022
"407688,0",2022-01-09,domingo,09:30:00,SC,101,"135,3",BALNEARIO CAMBORIU,Transitar no acostamento,Colisão com objeto,Com Vítimas Feridas,Pleno dia,Decrescente,Nublado,Múltipla,Reta,Sim,1,0,1,0,0,0,1,1,-27.0050108,-48.62677494,SPRF-SC,DEL04-SC,UOP03-DEL04-SC,2022
"407689,0",2022-01-09,domingo,11:46:00,SC,101,"117,3",ITAJAI,Desrespeitar a preferência no cruzamento,Colisão transversal,Com Vítimas Feridas,Pleno dia,Decrescente,Nublado,Dupla,Rotatória,Não,4,0,2,0,0,2,2,3,-26.88747187,-48.72252969,SPRF-SC,DEL04-SC,UOP04-DEL04-SC,2022
"407696,0",2022-01-09,domingo,11:00:00,SC,101,"335,3",TUBARAO,Transitar na contramão,Colisão frontal,Com Vítimas Feridas,Pleno dia,Decrescente,Nublado,Múltipla,Interseção de Vias,Sim,2,0,1,0,1,0,1,2,-28.46927473,-49.01557908,SPRF-SC,DEL02-SC,UOP01-DEL02-SC,2022
"407700,0",2022-01-09,domingo,13:00:00,SC,101,"125,6",ITAJAI,Condutor deixou de manter distância do veículo da frente,Colisão traseira,Com Vítimas Feridas,Pleno dia,Decrescente,Céu Claro,Dupla,Declive,Não,2,0,1,0,1,0,1,2,-26.94802427,-48.68338515,SPRF-SC,DEL04-SC,UOP04-DEL04-SC,2022
"407701,0",2022-01-09,domingo,15:10:00,SC,101,"190,9",BIGUACU,Velocidade Incompatível,Colisão com objeto,Com Vítimas Feridas,Pleno dia,Crescente,Garoa/Chuvisco,Dupla,Curva,Sim,2,0,1,0,1,0,1,1,-27.468056,-48.641712,SPRF-SC,DEL01-SC,UOP01-DEL01-SC,2022
"407714,0",2022-01-09,domingo,13:00:00,SC,282,"568,0",NOVA ERECHIM,Condutor deixou de manter distância do veículo da frente,Colisão traseira,Com Vítimas Feridas,Pleno dia,Decrescente,Nublado,Simples,Reta,Sim,2,0,2,0,0,0,2,2,-26.899681,-52.915756,SPRF-SC,DEL07-SC,UOP02-DEL07-SC,2022