id,data_inversa,dia_semana,horario,uf,br,km,municipio,causa_acidente,tipo_acidente,classificacao_acidente,fase_dia,sentido_via,condicao_metereologica,tipo_pista,tracado_via,uso_solo,pessoas,mortos,feridos_leves,feridos_graves,ilesos,ignorados,feridos,veiculos,latitude,longitude,regional,delegacia,uop,ano_arquivo
"410890,0",2022-01-24,segunda-feira,14:19:00,SC,101,"145,0",ITAPEMA,Velocidade Incompatível,Engavetamento,Com Vítimas Feridas,Pleno dia,Decrescente,Céu Claro,Dupla,Reta,Sim,6,0,1,0,5,0,1,6,-27.08139206,-48.60130993,SPRF-SC,DEL04-SC,UOP03-DEL04-SC,2022
"410897,0",2022-01-24,segunda-feira,15:10:00,SC,101,"147,0",ITAPEMA,Manobra de mudança de faixa,Colisão lateral mesmo sentido,Com Vítimas Feridas,Pleno dia,Decrescente,Céu Claro,Dupla,Reta,Sim,3,0,2,0,1,0,2,2,-27.09237407,-48.61730888,SPRF-SC,DEL04-SC,UOP03-DEL04-SC,2022
"410901,0",2022-01-24,segunda-feira,15:22:00,SC,101,"216,0",PALHOCA,Manobra de mudança de faixa,Colisão traseira,Com Vítimas Feridas,Pleno dia,Crescente,Céu Claro,Simples,Reta,Sim,2,0,1,0,1,0,1,2,-27.65981409,-48.67747798,SPRF-SC,DEL01-SC,UOP02-DEL01-SC,2022
"410918,0",2022-01-24,segunda-feira,17:00:00,SC,101,"119,6",ITAJAI,Velocidade Incompatível,Colisão traseira,Com Vítimas Feridas,Pleno dia,Decrescente,Céu Claro,Múltipla,Reta,Sim,2,0,0,1,1,0,1,2,-26.9043179,-48.71555481,SPRF-SC,DEL04-SC,UOP04-DEL04-SC,2022
"410923,0",2022-01-24,segunda-feira,16:40:00,SC,470,"166,7",POUSO REDONDO,Desrespeitar a preferência no cruzamento,Colisão transversal,Com Vítimas Feridas,Pleno dia,Crescente,Sol,Simples,Reta,Sim,2,0,1,0,1,0,1,2,-27.26714237,-49.8713851,SPRF-SC,DEL04-SC,UOP02-DEL04-SC,2022
"410930,0",2022-01-24,segunda-feira,13:30:00,SC,282,"588,1",SAUDADES,Velocidade Incompatível,Saída de leito carroçável,Com Vítimas Fatais,Pleno dia,Decrescente,Chuva,Simples,Reta;Declive,Não,1,1,0,0,0,0,0,1,-26.826351,-53.055081,SPRF-SC,DEL07-SC,UOP02-DEL07-SC,2022
"410933,0",2022-01-24,segunda-feira,19:15:00,SC,101,"148,0",ITAPEMA,Reação tardia ou ineficiente do condutor,Colisão frontal,Com Vítimas Feridas,Plena Noite,Decrescente,Nublado,Dupla,Reta,Sim,2,0,0,1,1,0,1,2,-27.11744799,-48.60940987,SPRF-SC,DEL04-SC,UOP03-DEL04-SC,2022
"410946,0",2022-01-24,segunda-feira,20:15:00,SC,101,"463,5",PASSO DE TORRES,Falta de elemento de contenção que evite a saída do leito carroçável,Saída de leito carroçável,Com Vítimas Feridas,Plena Noite,Decrescente,Céu Claro,Dupla,Reta,Não,2,0,1,0,1,0,1,1,-29.28473398,-49.75620716,SPRF-RS,DEL03-RS,UOP02-DEL03-RS,2022
"410969,0",2022-01-24,segunda-feira,23:40:00,SC,470,"45,0",GASPAR,Demais falhas mecânicas ou elétricas,Incêndio,Sem Vítimas,Plena Noite,Decrescente,Céu Claro,Dupla,Reta,Não,1,0,0,0,1,0,0,1,-26.867064,-49.031109,SPRF-SC,DEL04-SC,UOP01-DEL04-SC,2022
"410994,0",2022-01-25,terça-feira,06:50:00,SC,470,"53,0",BLUMENAU,Desrespeitar a preferência no cruzamento,Colisão transversal,Com Vítimas Feridas,Pleno dia,Decrescente,Céu Claro,Simples,Retorno Regulamentado,Sim,2,0,1,0,1,0,1,2,-26.867121,-49.102066,SPRF-SC,DEL04-SC,UOP01-DEL04-SC,2022
"411038,0",2022-01-25,terça-feira,07:00:00,SC,470,"53,0",BLUMENAU,Desrespeitar a preferência no cruzamento,Colisão transversal,Com Vítimas Feridas,Pleno dia,Decrescente,Céu Claro,Simples,Rotatória,Sim,2,0,1,0,1,0,1,2,-26.867121,-49.102066,SPRF-SC,DEL04-SC,UOP01-DEL04-SC,2022
"411042,0",2022-01-25,terça-feira,10:50:00,SC,101,"365,5",SANGAO,Condutor Dormindo,Saída de leito carroçável,Com Vítimas Feridas,Pleno dia,Decrescente,Céu Claro,Dupla,Reta,Não,1,0,1,0,0,0,1,1,-28.68290284,-49.14759308,SPRF-SC,DEL02-SC,UOP01-DEL02-SC,2022
"411070,0",2022-01-25,terça-feira,15:45:00,SC,101,"203,6",SAO JOSE,Manobra de mudança de faixa,Colisão transversal,Com Vítimas Feridas,Pleno dia,Decrescente,Sol,Múltipla,Reta,Sim,2,0,0,1,1,0,1,2,-27.56980007,-48.61361682,SPRF-SC,DEL01-SC,UOP01-DEL01-SC,2022
"411100,0",2022-01-25,terça-feira,20:45:00,SC,101,"111,0",ITAJAI,Acumulo de areia ou detritos sobre o pavimento,Tombamento,Com Vítimas Feridas,Plena Noite,Crescente,Céu Claro,Dupla,Reta,Não,1,0,1,0,0,0,1,1,-26.83955734,-48.71418074,SPRF-SC,DEL04-SC,UOP04-DEL04-SC,2022
"411106,0",2022-01-25,terça-feira,20:20:00,SC,101,"68,0",ARAQUARI,Reação tardia ou ineficiente do condutor,Colisão com objeto,Com Vítimas Feridas,Plena Noite,Crescente,Céu Claro,Múltipla,Reta,Não,1,0,1,0,0,0,1,1,-26.49513001,-48.73280803,SPRF-SC,DEL03-SC,UOP02-DEL03-SC,2022
"411123,0",2022-01-25,terça-feira,18:30:00,SC,282,"481,0",VARGEAO,Ultrapassagem Indevida,Saída de leito carroçável,Com Vítimas Feridas,Anoitecer,Decrescente,Céu Claro,Simples,Reta,Não,2,0,1,0,0,1,1,2,-26.87218,-52.19586,SPRF-SC,DEL07-SC,UOP01-DEL07-SC,2022
"411148,0",2022-01-26,quarta-feira,07:10:00,SC,280,"52,0",GUARAMIRIM,Acessar a via sem observar a presença dos outros veículos,Colisão transversal,Com Vítimas Feridas,Pleno dia,Crescente,Nublado,Dupla,Retorno Regulamentado;Reta;Interseção de Vias,Não,2,0,1,0,1,0,1,2,-26.468904,-48.96492,SPRF-SC,DEL03-SC,UOP03-DEL03-SC,2022
"411174,0",2022-01-26,quarta-feira,10:15:00,SC,282,"16,0",PALHOCA,Conversão proibida,Colisão lateral mesmo sentido,Com Vítimas Feridas,Pleno dia,Decrescente,Sol,Simples,Reta,Sim,3,0,2,0,1,0,2,2,-27.658611,-48.681847,SPRF-SC,DEL01-SC,UOP02-DEL01-SC,2022
"411240,0",2022-01-26,quarta-feira,12:00:00,SC,101,"253,0",PAULO LOPES,Desrespeitar a preferência no cruzamento,Colisão transversal,Com Vítimas Feridas,Pleno dia,Decrescente,Sol,Múltipla,Interseção de Vias,Sim,2,0,1,0,1,0,1,2,-27.96492999,-48.67962057,SPRF-SC,DEL02-SC,UOP03-DEL02-SC,2022
"411253,0",2022-01-26,quarta-feira,18:50:00,SC,101,"122,0",ITAJAI,Manobra de mudança de faixa,Colisão lateral mesmo sentido,Com Vítimas Feridas,Anoitecer,Decrescente,Nublado,Dupla,Reta,Não,3,0,2,0,1,0,2,2,-26.92955916,-48.70499836,SPRF-SC,DEL04-SC,UOP04-DEL04-SC,2022
"411257,0",2022-01-26,quarta-feira,18:39:00,SC,101,"194,7",BIGUACU,Reação tardia ou ineficiente do condutor,Colisão traseira,Com Vítimas Feridas,Anoitecer,Decrescente,Nublado,Múltipla,Reta,Sim,1,0,1,0,0,0,1,1,-27.49815117,-48.65661236,SPRF-SC,DEL01-SC,UOP01-DEL01-SC,2022
"411304,0",2022-01-27,quinta-feira,01:00:00,SC,470,"55,5",BLUMENAU,Ingestão de álcool pelo condutor,Saída de leito carroçável,Com Vítimas Feridas,Plena Noite,Decrescente,Nublado,Simples,Reta,Sim,2,0,2,0,0,0,2,1,-26.875601,-49.117992,SPRF-SC,DEL04-SC,UOP01-DEL04-SC,2022
"411313,0",2022-01-27,quinta-feira,02:30:00,SC,101,"346,3",TREZE DE MAIO,Condutor Dormindo,Saída de leito carroçável,Com Vítimas Feridas,Plena Noite,Decrescente,Céu Claro,Dupla,Reta,Não,4,0,2,0,2,0,2,1,-28.56545164,-49.05404091,SPRF-SC,DEL02-SC,UOP01-DEL02-SC,2022
"411321,0",2022-01-27,quinta-feira,05:00:00,SC,470,"67,0",INDAIAL,Transitar na contramão,Colisão frontal,Com Vítimas Feridas,Amanhecer,Decrescente,Nublado,Simples,Desvio Temporário;Reta;Em Obras,Sim,2,0,1,0,1,0,1,2,-26.87530124,-49.23602343,SPRF-SC,DEL04-SC,UOP01-DEL04-SC,2022
"411336,0",2022-01-27,quinta-feira,07:20:00,SC,470,"9,5",NAVEGANTES,Condutor deixou de manter distância do veículo da frente,Colisão lateral mesmo sentido,Sem Vítimas,Pleno dia,Crescente,Céu Claro,Simples,Em Obras;Reta,Não,2,0,0,0,2,0,0,2,-26.833143,-48.727432,SPRF-SC,DEL04-SC,UOP04-DEL04-SC,2022
"411370,0",2022-01-27,quinta-feira,12:30:00,SC,101,"338,4",TUBARAO,Condutor deixou de manter distância do veículo da frente,Colisão lateral mesmo sentido,Com Vítimas Feridas,Pleno dia,Crescente,Chuva,Dupla,Reta,Sim,2,0,1,0,0,1,1,2,-28.47801624,-49.03246283,SPRF-SC,DEL02-SC,UOP01-DEL02-SC,2022
"411438,0",2022-01-17,segunda-feira,17:00:00,SC,116,"173,1",SAO CRISTOVAO DO SUL,Velocidade Incompatível,Colisão com objeto,Com Vítimas Feridas,Pleno dia,Crescente,Chuva,Simples,Curva,Não,4,0,2,0,2,0,2,2,-27.21838033,-50.46621323,SPRF-SC,DEL05-SC,UOP03-DEL05-SC,2022
"411450,0",2022-01-27,quinta-feira,18:45:00,SC,101,"304,9",LAGUNA,Ingestão de álcool e/ou substâncias psicoativas pelo pedestre,Tombamento,Com Vítimas Feridas,Anoitecer,Crescente,Chuva,Múltipla,Reta,Não,1,0,0,1,0,0,1,1,-28.394334,-48.78072,SPRF-SC,DEL02-SC,UOP03-DEL02-SC,2022
"411453,0",2022-01-27,quinta-feira,13:30:00,SC,101,"392,9",ICARA,Demais falhas mecânicas ou elétricas,Capotamento,Com Vítimas Feridas,Pleno dia,Decrescente,Chuva,Dupla,Reta,Não,2,0,2,0,0,0,2,1,-28.80489882,-49.3712151,SPRF-SC,DEL02-SC,UOP02-DEL02-SC,2022
"411458,0",2022-01-27,quinta-feira,17:50:00,SC,470,"158,1",TROMBUDO CENTRAL,Reação tardia ou ineficiente do condutor,Colisão transversal,Com Vítimas Feridas,Pleno dia,Crescente,Nublado,Simples,Interseção de Vias,Sim,2,0,1,0,1,0,1,2,-27.28590891,-49.78324771,SPRF-SC,DEL04-SC,UOP02-DEL04-SC,2022
"411459,0",2022-01-20,quinta-feira,12:10:00,SC,470,"136,8",RIO DO SUL,Desrespeitar a preferência no cruzamento,Colisão transversal,Com Vítimas Feridas,Pleno dia,Decrescente,Sol,Simples,Reta,Não,2,0,0,1,1,0,1,2,-27.194323,-49.624554,SPRF-SC,DEL04-SC,UOP02-DEL04-SC,2022
"411514,0",2022-01-28,sexta-feira,04:50:00,SC,101,"322,0",PESCARIA BRAVA,Ingestão de álcool pelo condutor,Capotamento,Com Vítimas Feridas,Plena Noite,Decrescente,Chuva,Múltipla,Reta,Sim,1,0,1,0,0,0,1,1,-28.42491971,-48.90238108,SPRF-SC,DEL02-SC,UOP01-DEL02-SC,2022
"411515,0",2022-01-28,sexta-feira,04:40:00,SC,116,"247,8",LAGES,Velocidade Incompatível,Colisão transversal,Sem Vítimas,Plena Noite,Crescente,Chuva,Simples,Reta,Sim,2,0,0,0,2,0,0,2,-27.81786084,-50.37287235,SPRF-SC,DEL05-SC,UOP02-DEL05-SC,2022
"411517,0",2022-01-28,sexta-feira,05:30:00,SC,101,"208,0",SAO JOSE,Ingestão de álcool pelo condutor,Colisão lateral mesmo sentido,Sem Vítimas,Amanhecer,Crescente,Garoa/Chuvisco,Múltipla,Reta,Sim,2,0,0,0,2,0,0,2,-27.60327979,-48.63201818,SPRF-SC,DEL01-SC,UOP01-DEL01-SC,2022
"411527,0",2022-01-28,sexta-feira,01:30:00,SC,101,"159,8",PORTO BELO,Ausência de reação do condutor,Saída de leito carroçável,Com Vítimas Feridas,Plena Noite,Crescente,Nublado,Dupla,Reta,Não,1,0,1,0,0,0,1,1,-27.1998778,-48.61534236,SPRF-SC,DEL04-SC,UOP03-DEL04-SC,2022
"411534,0",2022-01-28,sexta-feira,08:05:00,SC,101,"212,1",PALHOCA,Condutor deixou de manter distância do veículo da frente,Colisão traseira,Com Vítimas Feridas,Pleno dia,Decrescente,Chuva,Dupla,Reta,Sim,2,0,0,1,1,0,1,2,-27.62996929,-48.65903871,SPRF-SC,DEL01-SC,UOP02-DEL01-SC,2022
"411537,0",2022-01-28,sexta-feira,07:50:00,SC,101,"168,0",TIJUCAS,Ausência de reação do condutor,Colisão com objeto,Com Vítimas Feridas,Pleno dia,Decrescente,Chuva,Dupla,Reta,Sim,1,0,1,0,0,0,1,1,-27.279105,-48.631554,SPRF-SC,DEL04-SC,UOP03-DEL04-SC,2022
"411552,0",2022-01-28,sexta-feira,10:10:00,SC,282,"5,3",SAO JOSE,Condutor deixou de manter distância do veículo da frente,Colisão traseira,Com Vítimas Feridas,Pleno dia,Crescente,Chuva,Múltipla,Reta,Sim,3,0,1,0,2,0,1,3,-27.588425,-48.612919,SPRF-SC,DEL01-SC,UOP01-DEL01-SC,2022
"411573,0",2022-01-28,sexta-feira,11:40:00,SC,101,"61,0",ARAQUARI,Reação tardia ou ineficiente do condutor,Colisão com objeto,Com Vítimas Feridas,Pleno dia,Crescente,Chuva,Dupla,Curva,Sim,2,0,2,0,0,0,2,1,-26.45474174,-48.77699195,SPRF-SC,DEL03-SC,UOP02-DEL03-SC,2022
"411575,0",2022-01-28,sexta-feira,11:20:00,SC,282,"81,0",ALFREDO WAGNER,Velocidade Incompatível,Capotamento,Com Vítimas Feridas,Pleno dia,Crescente,Chuva,Simples,Curva,Não,2,0,2,0,0,0,2,1,-27.662018,-49.168583,SPRF-SC,DEL01-SC,UOP03-DEL01-SC,2022
"411578,0",2022-01-05,quarta-feira,13:55:00,SC,470,"122,0",IBIRAMA,Ultrapassagem Indevida,Colisão lateral mesmo sentido,Com Vítimas Feridas,Pleno dia,Crescente,Céu Claro,Simples,Reta,Não,3,0,1,0,2,0,1,2,-27.099888,-49.527679,SPRF-SC,DEL04-SC,UOP02-DEL04-SC,2022
"411579,0",2022-01-28,sexta-feira,12:45:00,SC,280,"48,0",GUARAMIRIM,Manobra de mudança de faixa,Tombamento,Com Vítimas Feridas,Pleno dia,Decrescente,Chuva,Simples,Reta,Sim,1,0,1,0,0,0,1,1,-26.45506795,-48.92766502,SPRF-SC,DEL03-SC,UOP03-DEL03-SC,2022
"411595,0",2022-01-28,sexta-feira,13:15:00,SC,280,"129,0",RIO NEGRINHO,Ingestão de álcool pelo condutor,Colisão traseira,Sem Vítimas,Pleno dia,Decrescente,Chuva,Simples,Reta,Sim,2,0,0,0,2,0,0,2,-26.24586437,-49.52284615,SPRF-SC,DEL06-SC,UOP03-DEL06-SC,2022
"411600,0",2022-01-28,sexta-feira,11:06:00,SC,282,"262,0",SAO JOSE DO CERRITO,Chuva,Capotamento,Com Vítimas Feridas,Pleno dia,Crescente,Chuva,Simples,Reta,Não,3,0,1,0,2,0,1,1,-27.631268,-50.605614,SPRF-SC,DEL05-SC,UOP02-DEL05-SC,2022
"411613,0",2022-01-28,sexta-feira,09:30:00,SC,101,"306,8",LAGUNA,Velocidade Incompatível,Colisão com objeto,Com Vítimas Feridas,Pleno dia,Crescente,Chuva,Múltipla,Curva,Sim,1,0,1,0,0,0,1,1,-28.38437001,-48.77113299,SPRF-SC,DEL02-SC,UOP03-DEL02-SC,2022
"411616,0",2022-01-28,sexta-feira,15:30:00,SC,280,"74,1",JARAGUA DO SUL,Acesso irregular,Colisão traseira,Com Vítimas Feridas,Pleno dia,Crescente,Chuva,Simples,Retorno Regulamentado,Sim,2,0,1,0,1,0,1,2,-26.45877322,-49.16147801,SPRF-SC,DEL03-SC,UOP03-DEL03-SC,2022
"411624,0",2022-01-28,sexta-feira,14:30:00,SC,280,"99,1",SAO BENTO DO SUL,Velocidade Incompatível,Colisão frontal,Com Vítimas Fatais,Pleno dia,Decrescente,Chuva,Simples,Declive;Curva,Não,2,1,0,0,1,0,0,2,-26.3645918,-49.3354995,SPRF-SC,DEL06-SC,UOP03-DEL06-SC,2022
"411638,0",2022-01-28,sexta-feira,16:30:00,SC,101,"39,0",JOINVILLE,Chuva,Colisão com objeto,Sem Vítimas,Pleno dia,Crescente,Chuva,Dupla,Reta,Sim,1,0,0,0,1,0,0,1,-26.2628107,-48.90192257,SPRF-SC,DEL03-SC,UOP01-DEL03-SC,2022
"411642,0",2022-01-28,sexta-feira,17:50:00,SC,470,"55,7",BLUMENAU,Acessar a via sem observar a presença dos outros veículos,Colisão transversal,Com Vítimas Feridas,Pleno dia,Decrescente,Chuva,Simples,Reta,Sim,2,0,1,0,1,0,1,2,-26.875601,-49.117992,SPRF-SC,DEL04-SC,UOP01-DEL04-SC,2022
"411654,0",2022-01-28,sexta-feira,18:35:00,SC,282,"3,6",FLORIANOPOLIS,Manobra de mudança de faixa,Colisão lateral mesmo sentido,Com Vítimas Feridas,Plena Noite,Crescente,Chuva,Dupla,Reta,Sim,2,0,1,0,1,0,1,2,-27.600384,-48.599705,SPRF-SC,DEL01-SC,UOP01-DEL01-SC,2022
"411658,0",2022-01-28,sexta-feira,16:50:00,SC,480,"129,5",CHAPECO,Desrespeitar a preferência no cruzamento,Colisão transversal,Com Vítimas Feridas,Pleno dia,Decrescente,Chuva,Simples,Interseção de Vias,Sim,2,0,1,0,1,0,1,2,-27.050596,-52.635414,SPRF-SC,DEL07-SC,UOP01-DEL07-SC,2022
"411666,0",2022-01-28,sexta-feira,17:45:00,SC,470,"121,7",IBIRAMA,Ultrapassagem Indevida,Colisão frontal,Com Vítimas Feridas,Pleno dia,Crescente,Chuva,Simples,Reta,Não,5,0,2,3,0,0,5,2,-27.095861,-49.526859,SPRF-SC,DEL04-SC,UOP02-DEL04-SC,2022
"411672,0",2022-01-28,sexta-feira,19:00:00,SC,280,"46,2",GUARAMIRIM,Velocidade Incompatível,Saída de leito carroçável,Com Vítimas Feridas,Plena Noite,Crescente,Chuva,Simples,Reta,Não,1,0,1,0,0,0,1,1,-26.45295055,-48.90788103,SPRF-SC,DEL03-SC,UOP03-DEL03-SC,2022
"411682,0",2022-01-28,sexta-feira,13:20:00,SC,282,"96,0",ALFREDO WAGNER,Velocidade Incompatível,Colisão lateral sentido oposto,Sem Vítimas,Pleno dia,Crescente,Céu Claro,Simples,Curva,Não,2,0,0,0,2,0,0,2,-27.712412,-49.263622,SPRF-SC,DEL01-SC,UOP03-DEL01-SC,2022
"411687,0",2022-01-28,sexta-feira,18:00:00,SC,282,"458,0",PONTE SERRADA,Ingestão de álcool pelo condutor,Saída de leito carroçável,Com Vítimas Feridas,Anoitecer,Decrescente,Céu Claro,Simples,Curva,Não,1,0,1,0,0,0,1,1,-26.89451625,-51.97940826,SPRF-SC,DEL07-SC,UOP04-DEL07-SC,2022
"411688,0",2022-01-28,sexta-feira,18:20:00,SC,282,"54,0",RANCHO QUEIMADO,Acumulo de óleo sobre o pavimento,Colisão frontal,Com Vítimas Feridas,Anoitecer,Crescente,Chuva,Simples,Curva,Não,5,0,2,0,3,0,2,3,-27.685799,-48.974514,SPRF-SC,DEL01-SC,UOP03-DEL01-SC,2022
"411692,0",2022-01-28,sexta-feira,21:49:00,SC,101,"294,0",IMBITUBA,Desrespeitar a preferência no cruzamento,Colisão transversal,Com Vítimas Feridas,Plena Noite,Decrescente,Garoa/Chuvisco,Dupla,Interseção de Vias,Não,2,0,0,1,1,0,1,2,-28.29220304,-48.71018095,SPRF-SC,DEL02-SC,UOP03-DEL02-SC,2022
"411696,0",2022-01-28,sexta-feira,22:30:00,SC,282,"340,0",CAMPOS NOVOS,Condutor deixou de manter distância do veículo da frente,Colisão traseira,Sem Vítimas,Plena Noite,Decrescente,Nublado,Simples,Reta,Não,2,0,0,0,2,0,0,2,-27.388266,-51.203793,SPRF-SC,DEL07-SC,UOP06-DEL07-SC,2022
"411718,0",2022-01-29,sábado,02:35:00,SC,280,"57,0",GUARAMIRIM,Velocidade Incompatível,Saída de leito carroçável,Com Vítimas Feridas,Plena Noite,Decrescente,Chuva,Simples,Rotatória,Sim,1,0,1,0,0,0,1,1,-26.47811421,-49.01259213,SPRF-SC,DEL03-SC,UOP03-DEL03-SC,2022
"411728,0",2022-01-29,sábado,04:10:00,SC,282,"3,1",FLORIANOPOLIS,Velocidade Incompatível,Colisão com objeto,Com Vítimas Feridas,Plena Noite,Crescente,Nublado,Dupla,Curva,Sim,1,0,1,0,0,0,1,1,-27.600384,-48.599705,SPRF-SC,DEL01-SC,UOP01-DEL01-SC,2022
"411736,0",2022-01-29,sábado,05:35:00,SC,101,"380,9",ICARA,Reação tardia ou ineficiente do condutor,Saída de leito carroçável,Com Vítimas Feridas,Amanhecer,Crescente,Ignorado,Dupla,Reta,Não,3,0,1,1,1,0,2,1,-28.763,-49.291,SPRF-SC,DEL02-SC,UOP02-DEL02-SC,2022
"411738,0",2022-01-29,sábado,06:00:00,SC,101,"327,0",CAPIVARI DE BAIXO,Condutor deixou de manter distância do veículo da frente,Queda de ocupante de veículo,Com Vítimas Feridas,Pleno dia,Decrescente,Garoa/Chuvisco,Múltipla,Reta,Sim,1,0,1,0,0,0,1,1,-28.43023306,-48.95205197,SPRF-SC,DEL02-SC,UOP01-DEL02-SC,2022
"411757,0",2022-01-29,sábado,07:20:00,SC,470,"193,9",POUSO REDONDO,Ingestão de álcool pelo condutor,Colisão com objeto,Com Vítimas Feridas,Pleno dia,Crescente,Garoa/Chuvisco,Simples,Curva,Não,1,0,1,0,0,0,1,1,-27.300575,-50.075451,SPRF-SC,DEL04-SC,UOP02-DEL04-SC,2022
"411760,0",2022-01-07,sexta-feira,12:20:00,SC,101,"145,5",ITAPEMA,Condutor deixou de manter distância do veículo da frente,Colisão traseira,Com Vítimas Feridas,Pleno dia,Decrescente,Céu Claro,Dupla,Aclive,Não,4,0,2,0,2,0,2,3,-27.08139206,-48.60130993,SPRF-SC,DEL04-SC,UOP03-DEL04-SC,2022
"411762,0",2022-01-29,sábado,09:20:00,SC,101,"414,0",ARARANGUA,Desrespeitar a preferência no cruzamento,Colisão frontal,Com Vítimas Feridas,Pleno dia,Decrescente,Nublado,Simples,Interseção de Vias,Sim,2,0,1,0,1,0,1,2,-28.95360392,-49.50985011,SPRF-SC,DEL02-SC,UOP02-DEL02-SC,2022
"411766,0",2022-01-29,sábado,09:00:00,SC,101,"21,0",JOINVILLE,Acumulo de água sobre o pavimento,Colisão com objeto,Sem Vítimas,Pleno dia,Crescente,Chuva,Dupla,Curva,Sim,2,0,0,0,2,0,0,1,-26.14793022,-48.90894562,SPRF-SC,DEL03-SC,UOP01-DEL03-SC,2022
"411768,0",2022-01-29,sábado,01:20:00,SC,470,"324,0",CAMPOS NOVOS,Condutor Dormindo,Eventos atípicos,Sem Vítimas,Plena Noite,Crescente,Garoa/Chuvisco,Simples,Reta,Não,1,0,0,0,1,0,0,1,-27.446829,-51.24725,SPRF-SC,DEL07-SC,UOP06-DEL07-SC,2022
"411773,0",2022-01-29,sábado,10:10:00,SC,101,"121,8",ITAJAI,Condutor deixou de manter distância do veículo da frente,Colisão traseira,Sem Vítimas,Pleno dia,Decrescente,Céu Claro,Múltipla,Reta,Sim,3,0,0,0,3,0,0,3,-26.92103178,-48.70856446,SPRF-SC,DEL04-SC,UOP04-DEL04-SC,2022
"411777,0",2022-01-29,sábado,10:40:00,SC,101,"174,9",GOVERNADOR CELSO RAMOS,Velocidade Incompatível,Saída de leito carroçável,Sem Vítimas,Pleno dia,Decrescente,Garoa/Chuvisco,Dupla,Reta,Não,1,0,0,0,1,0,0,1,-27.33081601,-48.62697562,SPRF-SC,DEL01-SC,UOP01-DEL01-SC,2022
"411796,0",2022-01-29,sábado,13:45:00,SC,101,"143,0",ITAPEMA,Reação tardia ou ineficiente do condutor,Colisão traseira,Com Vítimas Feridas,Pleno dia,Decrescente,Nublado,Dupla,Reta,Não,5,0,5,0,0,0,5,2,-27.06436,-48.59599405,SPRF-SC,DEL04-SC,UOP03-DEL04-SC,2022
"411800,0",2022-01-29,sábado,09:00:00,SC,116,"304,5",CAPAO ALTO,Faixas de trânsito com largura insuficiente,Saída de leito carroçável,Com Vítimas Feridas,Pleno dia,Crescente,Nublado,Simples,Curva,Não,2,0,2,0,0,0,2,1,-28.19325207,-50.71574086,SPRF-SC,DEL05-SC,UOP02-DEL05-SC,2022
"411801,0",2022-01-29,sábado,10:25:00,SC,282,"152,7",BOM RETIRO,Manobra de mudança de faixa,Colisão lateral mesmo sentido,Com Vítimas Feridas,Pleno dia,Decrescente,Céu Claro,Simples,Declive;Reta,Não,5,0,1,0,4,0,1,2,-27.757978,-49.677979,SPRF-SC,DEL05-SC,UOP01-DEL05-SC,2022
"411833,0",2022-01-29,sábado,18:29:00,SC,101,"192,2",BIGUACU,Transitar na contramão,Colisão frontal,Com Vítimas Feridas,Pleno dia,Decrescente,Nublado,Simples,Reta,Sim,2,0,0,1,1,0,1,2,-27.48443781,-48.64765238,SPRF-SC,DEL01-SC,UOP01-DEL01-SC,2022
"411837,0",2022-01-29,sábado,18:00:00,SC,101,"230,0",PALHOCA,Manobra de mudança de faixa,Saída de leito carroçável,Com Vítimas Feridas,Anoitecer,Decrescente,Chuva,Dupla,Reta,Não,3,0,2,0,0,1,2,2,-27.77781898,-48.63489608,SPRF-SC,DEL01-SC,UOP02-DEL01-SC,2022
"411850,0",2022-01-29,sábado,05:30:00,SC,282,"594,0",SAUDADES,Condutor Dormindo,Colisão com objeto,Sem Vítimas,Amanhecer,Crescente,Céu Claro,Simples,Curva,Não,1,0,0,0,1,0,0,1,-26.827911,-53.108719,SPRF-SC,DEL07-SC,UOP02-DEL07-SC,2022
"411875,0",2022-01-29,sábado,09:35:00,SC,470,"124,3",IBIRAMA,Avarias e/ou desgaste excessivo no pneu,Capotamento,Com Vítimas Feridas,Pleno dia,Crescente,Nublado,Múltipla,Reta,Não,2,0,2,0,0,0,2,1,-27.113192,-49.529163,SPRF-SC,DEL04-SC,UOP02-DEL04-SC,2022
"411876,0",2022-01-29,sábado,18:10:00,SC,470,"204,3",PONTE ALTA,Velocidade Incompatível,Colisão com objeto,Sem Vítimas,Anoitecer,Crescente,Garoa/Chuvisco,Simples,Aclive;Curva,Não,3,0,0,0,3,0,0,2,-27.28985634,-50.16780138,SPRF-SC,DEL05-SC,UOP03-DEL05-SC,2022
"411888,0",2022-01-29,sábado,23:40:00,SC,163,"68,5",SAO MIGUEL DO OESTE,Velocidade Incompatível,Colisão com objeto,Com Vítimas Feridas,Plena Noite,Crescente,Céu Claro,Dupla,Reta,Sim,1,0,1,0,0,0,1,1,-26.75038301,-53.50086841,SPRF-SC,DEL07-SC,UOP03-DEL07-SC,2022
"411900,0",2022-01-30,domingo,03:30:00,SC,101,"202,3",SAO JOSE,Ingestão de álcool pelo condutor,Colisão traseira,Com Vítimas Feridas,Plena Noite,Crescente,Céu Claro,Dupla,Reta,Sim,2,0,0,1,1,0,1,2,-27.55711595,-48.61897889,SPRF-SC,DEL01-SC,UOP01-DEL01-SC,2022
"411901,0",2022-01-29,sábado,22:00:00,SC,101,"245,5",PAULO LOPES,Velocidade Incompatível,Saída de leito carroçável,Com Vítimas Feridas,Plena Noite,Decrescente,Chuva,Dupla,Reta,Não,1,0,1,0,0,0,1,1,-27.901682,-48.64892,SPRF-SC,DEL02-SC,UOP03-DEL02-SC,2022
"411907,0",2022-01-30,domingo,06:00:00,SC,101,"141,0",BALNEARIO CAMBORIU,Ausência de reação do condutor,Tombamento,Com Vítimas Feridas,Amanhecer,Crescente,Céu Claro,Simples,Declive,Não,1,0,0,1,0,0,1,1,-27.04761729,-48.59995855,SPRF-SC,DEL04-SC,UOP03-DEL04-SC,2022