id,data_inversa,dia_semana,horario,uf,br,km,municipio,causa_acidente,tipo_acidente,classificacao_acidente,fase_dia,sentido_via,condicao_metereologica,tipo_pista,tracado_via,uso_solo,pessoas,mortos,feridos_leves,feridos_graves,ilesos,ignorados,feridos,veiculos,latitude,longitude,regional,delegacia,uop,ano_arquivo
"411931,0",2022-01-30,domingo,08:00:00,SC,101,"397,5",MARACAJA,Condutor Dormindo,Capotamento,Com Vítimas Feridas,Pleno dia,Crescente,Céu Claro,Dupla,Curva,Não,1,0,0,1,0,0,1,1,-28.83036461,-49.41244828,SPRF-SC,DEL02-SC,UOP02-DEL02-SC,2022
"411985,0",2022-01-30,domingo,16:20:00,SC,280,"24,0",ARAQUARI,Condutor deixou de manter distância do veículo da frente,Colisão traseira,Com Vítimas Feridas,Pleno dia,Crescente,Nublado,Simples,Reta,Sim,3,0,0,1,2,0,1,2,-26.37724921,-48.71953282,SPRF-SC,DEL03-SC,UOP03-DEL03-SC,2022
"411988,0",2022-01-30,domingo,17:00:00,SC,101,"214,4",PALHOCA,Ultrapassagem Indevida,Colisão traseira,Com Vítimas Feridas,Pleno dia,Decrescente,Céu Claro,Múltipla,Reta,Não,2,0,1,0,1,0,1,2,-27.64443,-48.67057,SPRF-SC,DEL01-SC,UOP02-DEL01-SC,2022
"412015,0",2022-01-30,domingo,16:00:00,SC,280,"96,0",SAO BENTO DO SUL,Transitar na contramão,Colisão traseira,Com Vítimas Feridas,Pleno dia,Crescente,Garoa/Chuvisco,Simples,Curva,Não,4,0,2,0,2,0,2,2,-26.3833143,-49.31223107,SPRF-SC,DEL06-SC,UOP03-DEL06-SC,2022
"412031,0",2022-01-17,segunda-feira,08:20:00,SC,101,"122,0",ITAJAI,Manobra de mudança de faixa,Colisão lateral mesmo sentido,Com Vítimas Feridas,Pleno dia,Decrescente,Céu Claro,Múltipla,Reta,Sim,3,0,1,0,2,0,1,2,-26.92955916,-48.70499836,SPRF-SC,DEL04-SC,UOP04-DEL04-SC,2022
"412074,0",2022-01-30,domingo,22:20:00,SC,280,"17,9",SAO FRANCISCO DO SUL,Acessar a via sem observar a presença dos outros veículos,Colisão transversal,Com Vítimas Feridas,Plena Noite,Crescente,Nublado,Simples,Reta,Sim,2,0,0,1,0,1,1,2,-26.35609813,-48.66029868,SPRF-SC,DEL03-SC,UOP03-DEL03-SC,2022
"412101,0",2022-01-31,segunda-feira,04:00:00,SC,282,"52,0",AGUAS MORNAS,Condutor Dormindo,Colisão com objeto,Com Vítimas Feridas,Plena Noite,Decrescente,Céu Claro,Simples,Reta,Não,3,0,1,2,0,0,3,1,-27.696936,-48.964138,SPRF-SC,DEL01-SC,UOP03-DEL01-SC,2022
"412136,0",2022-01-31,segunda-feira,09:40:00,SC,101,"354,7",JAGUARUNA,Condutor Dormindo,Saída de leito carroçável,Com Vítimas Feridas,Pleno dia,Decrescente,Céu Claro,Múltipla,Reta;Aclive,Não,4,0,3,1,0,0,4,1,-28.627899,-49.084626,SPRF-SC,DEL02-SC,UOP01-DEL02-SC,2022
"412178,0",2022-01-30,domingo,21:15:00,SC,101,"417,0",ARARANGUA,Velocidade Incompatível,Colisão com objeto,Com Vítimas Feridas,Plena Noite,Decrescente,Céu Claro,Dupla,Reta,Não,4,0,2,0,0,2,2,3,-28.97376391,-49.53023409,SPRF-SC,DEL02-SC,UOP02-DEL02-SC,2022
"412186,0",2022-01-31,segunda-feira,15:30:00,SC,101,"114,8",ITAJAI,Condutor deixou de manter distância do veículo da frente,Colisão traseira,Com Vítimas Feridas,Pleno dia,Crescente,Céu Claro,Dupla,Viaduto,Sim,2,0,1,0,1,0,1,2,-26.86192886,-48.7286704,SPRF-SC,DEL04-SC,UOP04-DEL04-SC,2022
"412217,0",2022-01-31,segunda-feira,17:50:00,SC,470,"33,5",GASPAR,Pedestre cruzava a pista fora da faixa,Atropelamento de Pedestre,Com Vítimas Feridas,Pleno dia,Crescente,Nublado,Dupla,Reta,Sim,2,0,0,1,1,0,1,2,-26.90939643,-48.94724199,SPRF-SC,DEL04-SC,UOP01-DEL04-SC,2022
"412218,0",2022-01-31,segunda-feira,19:10:00,SC,101,"46,5",JOINVILLE,Ausência de reação do condutor,Tombamento,Com Vítimas Feridas,Plena Noite,Crescente,Céu Claro,Dupla,Reta,Sim,1,0,1,0,0,0,1,1,-26.33150083,-48.86187762,SPRF-SC,DEL03-SC,UOP01-DEL03-SC,2022
"412220,0",2022-01-31,segunda-feira,19:45:00,SC,101,"208,0",SAO JOSE,Reação tardia ou ineficiente do condutor,Colisão traseira,Com Vítimas Feridas,Plena Noite,Decrescente,Nublado,Múltipla,Declive,Sim,2,0,1,0,1,0,1,2,-27.60327979,-48.63201818,SPRF-SC,DEL01-SC,UOP01-DEL01-SC,2022
"412241,0",2022-01-31,segunda-feira,22:10:00,SC,101,"204,2",SAO JOSE,Ausência de reação do condutor,Queda de ocupante de veículo,Com Vítimas Feridas,Plena Noite,Decrescente,Céu Claro,Múltipla,Reta,Sim,1,0,0,1,0,0,1,1,-27.57413014,-48.61363083,SPRF-SC,DEL01-SC,UOP01-DEL01-SC,2022
"412248,0",2022-01-31,segunda-feira,18:10:00,SC,101,"117,0",ITAJAI,Condutor deixou de manter distância do veículo da frente,Colisão traseira,Com Vítimas Feridas,Anoitecer,Crescente,Céu Claro,Dupla,Reta,Sim,2,0,1,0,1,0,1,2,-26.88747187,-48.72252969,SPRF-SC,DEL04-SC,UOP04-DEL04-SC,2022
"412251,0",2022-01-31,segunda-feira,22:00:00,SC,282,"5,6",SAO JOSE,Mal súbito do condutor,Tombamento,Com Vítimas Feridas,Plena Noite,Crescente,Garoa/Chuvisco,Dupla,Curva,Não,1,0,1,0,0,0,1,1,-27.588425,-48.612919,SPRF-SC,DEL01-SC,UOP01-DEL01-SC,2022
"412284,0",2022-02-01,terça-feira,08:30:00,SC,101,"132,3",BALNEARIO CAMBORIU,Reação tardia ou ineficiente do condutor,Colisão traseira,Com Vítimas Feridas,Pleno dia,Decrescente,Céu Claro,Dupla,Reta,Sim,3,0,1,0,2,0,1,3,-26.99654133,-48.65564711,SPRF-SC,DEL04-SC,UOP03-DEL04-SC,2022
"412346,0",2022-02-01,terça-feira,13:25:00,SC,101,"434,1",SOMBRIO,Condutor deixou de manter distância do veículo da frente,Colisão transversal,Com Vítimas Feridas,Pleno dia,Crescente,Céu Claro,Simples,Reta,Sim,2,0,0,1,1,0,1,2,-29.08858346,-49.63182276,SPRF-SC,DEL02-SC,UOP02-DEL02-SC,2022
"412351,0",2022-02-01,terça-feira,17:20:00,SC,282,"3,0",FLORIANOPOLIS,Manobra de mudança de faixa,Colisão lateral mesmo sentido,Com Vítimas Feridas,Pleno dia,Crescente,Céu Claro,Múltipla,Reta,Sim,2,0,1,0,1,0,1,2,-27.600384,-48.599705,SPRF-SC,DEL01-SC,UOP01-DEL01-SC,2022
"412386,0",2022-02-01,terça-feira,20:03:00,SC,101,"308,7",LAGUNA,Ingestão de álcool pelo condutor,Colisão traseira,Com Vítimas Feridas,Anoitecer,Decrescente,Céu Claro,Múltipla,Reta,Não,4,0,2,0,2,0,2,2,-28.42137904,-48.79785961,SPRF-SC,DEL02-SC,UOP01-DEL02-SC,2022
"412401,0",2022-02-01,terça-feira,23:50:00,SC,101,"138,0",BALNEARIO CAMBORIU,Ingestão de álcool pelo condutor,Colisão frontal,Com Vítimas Feridas,Plena Noite,Decrescente,Nublado,Dupla,Reta,Sim,2,0,1,0,1,0,1,2,-27.02397426,-48.60761649,SPRF-SC,DEL04-SC,UOP03-DEL04-SC,2022
"412411,0",2022-02-01,terça-feira,23:30:00,SC,101,"361,0",SANGAO,Ingestão de álcool pelo condutor,Saída de leito carroçável,Com Vítimas Feridas,Plena Noite,Decrescente,Céu Claro,Múltipla,Interseção de Vias;Declive;Curva,Sim,3,0,0,1,2,0,1,1,-28.66584041,-49.1146566,SPRF-SC,DEL02-SC,UOP01-DEL02-SC,2022
"412418,0",2022-02-02,quarta-feira,05:10:00,SC,116,"193,1",PONTE ALTA,Ingestão de álcool pelo condutor,Saída de leito carroçável,Sem Vítimas,Amanhecer,Crescente,Céu Claro,Simples,Curva,Não,1,0,0,0,1,0,0,1,-27.37129308,-50.42970441,SPRF-SC,DEL05-SC,UOP03-DEL05-SC,2022
"412420,0",2022-02-02,quarta-feira,05:50:00,SC,470,"48,0",BLUMENAU,Ausência de reação do condutor,Tombamento,Com Vítimas Feridas,Pleno dia,Decrescente,Céu Claro,Simples,Em Obras,Sim,1,0,1,0,0,0,1,1,-26.859823,-49.055393,SPRF-SC,DEL04-SC,UOP01-DEL04-SC,2022
"412424,0",2022-02-02,quarta-feira,06:10:00,SC,101,"205,0",SAO JOSE,Reação tardia ou ineficiente do condutor,Queda de ocupante de veículo,Com Vítimas Feridas,Amanhecer,Decrescente,Nublado,Múltipla,Reta,Sim,1,0,1,0,0,0,1,1,-27.58313237,-48.61532885,SPRF-SC,DEL01-SC,UOP01-DEL01-SC,2022
"412445,0",2022-02-02,quarta-feira,09:00:00,SC,101,"133,6",BALNEARIO CAMBORIU,Ausência de reação do condutor,Colisão traseira,Com Vítimas Feridas,Pleno dia,Decrescente,Céu Claro,Dupla,Reta,Sim,3,0,1,0,2,0,1,3,-26.99936,-48.64609,SPRF-SC,DEL04-SC,UOP03-DEL04-SC,2022
"412453,0",2022-02-02,quarta-feira,10:30:00,SC,282,"16,1",PALHOCA,Conversão proibida,Colisão lateral mesmo sentido,Com Vítimas Feridas,Pleno dia,Crescente,Sol,Simples,Interseção de Vias,Sim,2,0,1,0,1,0,1,2,-27.66084761,-48.68379951,SPRF-SC,DEL01-SC,UOP02-DEL01-SC,2022
"412455,0",2022-01-29,sábado,21:50:00,SC,470,"55,2",BLUMENAU,Acesso irregular,Colisão lateral mesmo sentido,Sem Vítimas,Plena Noite,Crescente,Céu Claro,Simples,Reta,Sim,2,0,0,0,2,0,0,2,-26.875601,-49.117992,SPRF-SC,DEL04-SC,UOP01-DEL04-SC,2022
"412458,0",2022-02-02,quarta-feira,11:20:00,SC,101,"208,5",SAO JOSE,Acessar a via sem observar a presença dos outros veículos,Colisão lateral mesmo sentido,Com Vítimas Feridas,Pleno dia,Decrescente,Céu Claro,Múltipla,Interseção de Vias,Sim,2,0,1,0,1,0,1,2,-27.60327979,-48.63201818,SPRF-SC,DEL01-SC,UOP01-DEL01-SC,2022
"412468,0",2022-02-02,quarta-feira,11:40:00,SC,101,"401,3",MARACAJA,Desrespeitar a preferência no cruzamento,Colisão transversal,Com Vítimas Feridas,Pleno dia,Decrescente,Céu Claro,Múltipla,Reta,Sim,2,0,1,0,1,0,1,2,-28.85594274,-49.44019434,SPRF-SC,DEL02-SC,UOP02-DEL02-SC,2022
"412470,0",2022-02-02,quarta-feira,11:10:00,SC,101,"56,0",GUARAMIRIM,Acessar a via sem observar a presença dos outros veículos,Colisão transversal,Com Vítimas Feridas,Pleno dia,Crescente,Céu Claro,Simples,Reta,Não,2,0,1,0,1,0,1,2,-26.43207484,-48.82263984,SPRF-SC,DEL03-SC,UOP01-DEL03-SC,2022
"412502,0",2022-02-02,quarta-feira,16:55:00,SC,101,"188,5",BIGUACU,Reação tardia ou ineficiente do condutor,Colisão transversal,Com Vítimas Feridas,Pleno dia,Crescente,Sol,Simples,Reta,Não,2,0,1,0,1,0,1,2,-27.45123421,-48.63370766,SPRF-SC,DEL01-SC,UOP01-DEL01-SC,2022
"412508,0",2022-02-02,quarta-feira,16:50:00,SC,101,"205,5",SAO JOSE,Condutor deixou de manter distância do veículo da frente,Colisão traseira,Com Vítimas Feridas,Pleno dia,Crescente,Nublado,Múltipla,Reta,Sim,2,0,1,0,1,0,1,2,-27.58714877,-48.61664772,SPRF-SC,DEL01-SC,UOP01-DEL01-SC,2022
"412523,0",2022-02-02,quarta-feira,17:42:00,SC,470,"100,7",APIUNA,Mal súbito do condutor,Colisão frontal,Com Vítimas Feridas,Anoitecer,Crescente,Céu Claro,Simples,Reta,Sim,3,0,2,1,0,0,3,2,-27.045143,-49.394142,SPRF-SC,DEL04-SC,UOP02-DEL04-SC,2022
"412532,0",2022-02-02,quarta-feira,16:23:00,SC,101,"38,8",JOINVILLE,Condutor deixou de manter distância do veículo da frente,Colisão traseira,Com Vítimas Feridas,Pleno dia,Crescente,Sol,Simples,Reta,Sim,2,0,1,0,1,0,1,2,-26.25472505,-48.90561309,SPRF-SC,DEL03-SC,UOP01-DEL03-SC,2022
"412562,0",2022-02-02,quarta-feira,22:00:00,SC,470,"75,1",INDAIAL,Ausência de reação do condutor,Saída de leito carroçável,Com Vítimas Feridas,Plena Noite,Decrescente,Nublado,Simples,Reta,Sim,1,0,1,0,0,0,1,1,-26.924833,-49.284004,SPRF-SC,DEL04-SC,UOP01-DEL04-SC,2022
"412584,0",2022-02-03,quinta-feira,05:15:00,SC,153,"88,5",CONCORDIA,Objeto estático sobre o leito carroçável,Colisão com objeto,Com Vítimas Feridas,Amanhecer,Decrescente,Céu Claro,Simples,Reta,Não,1,0,1,0,0,0,1,1,-27.165859,-51.912315,SPRF-SC,DEL07-SC,UOP04-DEL07-SC,2022
"412598,0",2022-02-03,quinta-feira,07:40:00,SC,101,"132,0",BALNEARIO CAMBORIU,Transitar na contramão,Colisão frontal,Com Vítimas Feridas,Pleno dia,Decrescente,Céu Claro,Múltipla,Interseção de Vias;Reta,Sim,2,0,1,0,1,0,1,2,-26.99654133,-48.65564711,SPRF-SC,DEL04-SC,UOP03-DEL04-SC,2022
"412600,0",2022-01-14,sexta-feira,21:20:00,SC,480,"128,9",CHAPECO,Iluminação deficiente,Colisão frontal,Com Vítimas Feridas,Plena Noite,Crescente,Céu Claro,Simples,Reta,Sim,2,0,0,1,1,0,1,2,-27.04702922,-52.63539076,SPRF-SC,DEL07-SC,UOP01-DEL07-SC,2022
"412607,0",2022-02-03,quinta-feira,09:00:00,SC,101,"146,0",ITAPEMA,Trafegar com motocicleta (ou similar) entre as faixas,Colisão lateral mesmo sentido,Com Vítimas Feridas,Pleno dia,Decrescente,Nublado,Dupla,Aclive,Sim,2,0,1,0,1,0,1,2,-27.08666525,-48.60955587,SPRF-SC,DEL04-SC,UOP03-DEL04-SC,2022
"412608,0",2022-02-03,quinta-feira,09:10:00,SC,101,"117,3",ITAJAI,Desrespeitar a preferência no cruzamento,Colisão transversal,Com Vítimas Feridas,Pleno dia,Crescente,Céu Claro,Simples,Interseção de Vias,Sim,2,0,1,0,1,0,1,2,-26.88747187,-48.72252969,SPRF-SC,DEL04-SC,UOP04-DEL04-SC,2022
"412690,0",2022-02-03,quinta-feira,18:00:00,SC,280,"10,0",SAO FRANCISCO DO SUL,Transitar na contramão,Colisão lateral sentido oposto,Com Vítimas Feridas,Anoitecer,Decrescente,Nublado,Simples,Curva,Sim,2,0,1,0,1,0,1,2,-26.29625399,-48.64238799,SPRF-SC,DEL03-SC,UOP03-DEL03-SC,2022
"412692,0",2022-02-03,quinta-feira,19:40:00,SC,101,"44,4",JOINVILLE,Manobra de mudança de faixa,Colisão lateral mesmo sentido,Com Vítimas Feridas,Anoitecer,Decrescente,Céu Claro,Dupla,Reta,Sim,2,0,1,0,1,0,1,1,-26.31238996,-48.87458997,SPRF-SC,DEL03-SC,UOP01-DEL03-SC,2022
"412752,0",2022-02-04,sexta-feira,04:20:00,SC,116,"168,0",PONTE ALTA DO NORTE,Avarias e/ou desgaste excessivo no pneu,Colisão com objeto,Sem Vítimas,Plena Noite,Decrescente,Chuva,Simples,Reta;Declive,Não,2,0,0,0,2,0,0,1,-27.17744197,-50.46251117,SPRF-SC,DEL05-SC,UOP03-DEL05-SC,2022
"412767,0",2022-02-03,quinta-feira,20:30:00,SC,101,"47,9",JOINVILLE,Velocidade Incompatível,Colisão com objeto,Com Vítimas Feridas,Pleno dia,Crescente,Nublado,Dupla,Curva,Não,1,0,1,0,0,0,1,1,-26.34234997,-48.85840089,SPRF-SC,DEL03-SC,UOP01-DEL03-SC,2022
"412770,0",2022-02-04,sexta-feira,07:40:00,SC,101,"108,5",PENHA,Trafegar com motocicleta (ou similar) entre as faixas,Colisão lateral mesmo sentido,Com Vítimas Feridas,Pleno dia,Crescente,Nublado,Dupla,Curva,Não,2,0,1,0,1,0,1,2,-26.82606902,-48.69052298,SPRF-SC,DEL03-SC,UOP02-DEL03-SC,2022
"412771,0",2022-02-04,sexta-feira,08:15:00,SC,101,"201,4",SAO JOSE,Acessar a via sem observar a presença dos outros veículos,Colisão transversal,Com Vítimas Feridas,Pleno dia,Decrescente,Garoa/Chuvisco,Dupla,Reta,Sim,3,0,1,0,2,0,1,3,-27.54836599,-48.61977975,SPRF-SC,DEL01-SC,UOP01-DEL01-SC,2022
"412782,0",2022-01-17,segunda-feira,16:20:00,SC,470,"167,0",POUSO REDONDO,Condutor Dormindo,Saída de leito carroçável,Com Vítimas Feridas,Pleno dia,Crescente,Céu Claro,Simples,Reta,Não,2,0,1,0,1,0,1,1,-27.269835,-49.863087,SPRF-SC,DEL04-SC,UOP02-DEL04-SC,2022
"412804,0",2022-02-04,sexta-feira,12:05:00,SC,101,"205,0",SAO JOSE,Reação tardia ou ineficiente do condutor,Colisão traseira,Com Vítimas Feridas,Pleno dia,Decrescente,Garoa/Chuvisco,Dupla,Reta,Sim,2,0,0,1,1,0,1,2,-27.58891461,-48.61689985,SPRF-SC,DEL01-SC,UOP01-DEL01-SC,2022
"412806,0",2022-02-04,sexta-feira,12:05:00,SC,101,"416,0",ARARANGUA,Manobra de mudança de faixa,Colisão lateral mesmo sentido,Com Vítimas Feridas,Pleno dia,Crescente,Céu Claro,Múltipla,Reta,Sim,3,0,1,1,1,0,2,3,-28.96708874,-49.52338825,SPRF-SC,DEL02-SC,UOP02-DEL02-SC,2022
"412812,0",2022-02-04,sexta-feira,12:20:00,SC,101,"146,6",ITAPEMA,Condutor deixou de manter distância do veículo da frente,Colisão traseira,Sem Vítimas,Pleno dia,Crescente,Chuva,Dupla,Reta,Sim,2,0,0,0,2,0,0,2,-27.08666525,-48.60955587,SPRF-SC,DEL04-SC,UOP03-DEL04-SC,2022
"412813,0",2022-02-04,sexta-feira,11:30:00,SC,282,"352,0",CAMPOS NOVOS,Ingestão de álcool pelo condutor,Saída de leito carroçável,Com Vítimas Feridas,Pleno dia,Crescente,Chuva,Simples,Reta,Não,1,0,1,0,0,0,1,1,-27.362946,-51.311783,SPRF-SC,DEL07-SC,UOP06-DEL07-SC,2022
"412847,0",2022-02-04,sexta-feira,11:30:00,SC,282,"524,0",XAXIM,Velocidade Incompatível,Capotamento,Com Vítimas Feridas,Pleno dia,Crescente,Chuva,Simples,Curva,Não,2,0,2,0,0,0,2,1,-26.965002,-52.557384,SPRF-SC,DEL07-SC,UOP01-DEL07-SC,2022
"412856,0",2022-02-04,sexta-feira,17:40:00,SC,470,"67,9",INDAIAL,Reação tardia ou ineficiente do condutor,Colisão transversal,Com Vítimas Feridas,Pleno dia,Crescente,Nublado,Simples,Interseção de Vias;Em Obras,Sim,2,0,1,0,1,0,1,2,-26.87822963,-49.24035788,SPRF-SC,DEL04-SC,UOP01-DEL04-SC,2022
"412858,0",2022-02-04,sexta-feira,17:00:00,SC,282,"22,5",SANTO AMARO DA IMPERATRIZ,Velocidade Incompatível,Atropelamento de Pedestre,Com Vítimas Feridas,Pleno dia,Crescente,Chuva,Simples,Reta,Sim,2,0,0,1,1,0,1,2,-27.688507,-48.72739,SPRF-SC,DEL01-SC,UOP02-DEL01-SC,2022
"412874,0",2022-02-04,sexta-feira,17:20:00,SC,470,"204,3",PONTE ALTA,Acumulo de água sobre o pavimento,Saída de leito carroçável,Com Vítimas Feridas,Pleno dia,Crescente,Chuva,Simples,Curva;Aclive,Não,2,0,2,0,0,0,2,1,-27.289373,-50.166328,SPRF-SC,DEL05-SC,UOP03-DEL05-SC,2022
"412884,0",2022-02-04,sexta-feira,19:00:00,SC,280,"128,0",RIO NEGRINHO,Desrespeitar a preferência no cruzamento,Colisão transversal,Com Vítimas Feridas,Anoitecer,Crescente,Nublado,Simples,Aclive,Sim,3,0,0,2,1,0,2,2,-26.25628,-49.540665,SPRF-SC,DEL06-SC,UOP03-DEL06-SC,2022
"412894,0",2022-02-04,sexta-feira,21:15:00,SC,280,"53,0",GUARAMIRIM,Reação tardia ou ineficiente do condutor,Colisão traseira,Com Vítimas Feridas,Plena Noite,Crescente,Céu Claro,Simples,Curva,Sim,2,0,0,1,1,0,1,2,-26.47236756,-48.97426617,SPRF-SC,DEL03-SC,UOP03-DEL03-SC,2022
"412902,0",2022-02-04,sexta-feira,13:00:00,SC,282,"620,0",IRACEMINHA,Chuva,Saída de leito carroçável,Com Vítimas Feridas,Pleno dia,Decrescente,Chuva,Simples,Curva,Não,2,0,2,0,0,0,2,1,-26.799355,-53.308002,SPRF-SC,DEL07-SC,UOP02-DEL07-SC,2022
"412911,0",2022-02-04,sexta-feira,22:15:00,SC,101,"195,7",BIGUACU,Ingestão de álcool pelo condutor,Colisão transversal,Com Vítimas Feridas,Plena Noite,Decrescente,Nublado,Múltipla,Interseção de Vias,Sim,2,0,1,0,1,0,1,2,-27.5047092,-48.65010819,SPRF-SC,DEL01-SC,UOP01-DEL01-SC,2022
"412916,0",2022-02-04,sexta-feira,22:10:00,SC,280,"4,0",SAO FRANCISCO DO SUL,Conversão proibida,Colisão transversal,Com Vítimas Feridas,Plena Noite,Decrescente,Nublado,Simples,Reta,Não,2,0,0,1,1,0,1,2,-26.25329566,-48.61916042,SPRF-SC,DEL03-SC,UOP03-DEL03-SC,2022
"412924,0",2022-02-04,sexta-feira,23:25:00,SC,470,"67,9",INDAIAL,Ingestão de álcool e/ou substâncias psicoativas pelo pedestre,Saída de leito carroçável,Sem Vítimas,Plena Noite,Decrescente,Nublado,Simples,Reta;Em Obras;Desvio Temporário,Sim,1,0,0,0,1,0,0,1,-26.87715827,-49.23837151,SPRF-SC,DEL04-SC,UOP01-DEL04-SC,2022
"412926,0",2022-02-04,sexta-feira,21:10:00,SC,163,"73,2",SAO MIGUEL DO OESTE,Ingestão de álcool pelo condutor,Saída de leito carroçável,Com Vítimas Feridas,Plena Noite,Crescente,Nublado,Simples,Aclive;Reta,Sim,2,0,1,1,0,0,2,1,-26.71084646,-53.51502434,SPRF-SC,DEL07-SC,UOP03-DEL07-SC,2022
"412942,0",2022-02-04,sexta-feira,23:35:00,SC,280,"75,3",JARAGUA DO SUL,Acessar a via sem observar a presença dos outros veículos,Colisão frontal,Com Vítimas Feridas,Plena Noite,Decrescente,Céu Claro,Simples,Reta,Não,2,0,0,2,0,0,2,2,-26.458391,-49.170483,SPRF-SC,DEL03-SC,UOP03-DEL03-SC,2022
"412955,0",2022-02-05,sábado,01:40:00,SC,101,"66,9",ARAQUARI,Ausência de reação do condutor,Saída de leito carroçável,Com Vítimas Feridas,Plena Noite,Decrescente,Nublado,Dupla,Curva,Não,2,0,1,0,1,0,1,1,-26.48722476,-48.73444159,SPRF-SC,DEL03-SC,UOP02-DEL03-SC,2022
"412965,0",2022-02-05,sábado,05:40:00,SC,101,"186,0",BIGUACU,Ingestão de álcool pelo condutor,Colisão com objeto,Com Vítimas Feridas,Pleno dia,Crescente,Céu Claro,Dupla,Curva,Sim,1,0,1,0,0,0,1,1,-27.4341098,-48.62567129,SPRF-SC,DEL01-SC,UOP01-DEL01-SC,2022
"412974,0",2022-02-05,sábado,06:30:00,SC,101,"74,4",ARAQUARI,Ausência de reação do condutor,Colisão com objeto,Com Vítimas Feridas,Pleno dia,Crescente,Nublado,Dupla,Declive;Curva,Não,4,0,1,0,3,0,1,4,-26.55065859,-48.7150526,SPRF-SC,DEL03-SC,UOP02-DEL03-SC,2022
"413014,0",2022-02-05,sábado,10:30:00,SC,280,"31,0",ARAQUARI,Reação tardia ou ineficiente do condutor,Colisão traseira,Com Vítimas Feridas,Pleno dia,Decrescente,Céu Claro,Simples,Reta,Não,3,0,2,0,1,0,2,2,-26.41649938,-48.77181215,SPRF-SC,DEL03-SC,UOP03-DEL03-SC,2022
"413020,0",2022-02-05,sábado,11:00:00,SC,101,"207,0",SAO JOSE,Condutor deixou de manter distância do veículo da frente,Engavetamento,Com Vítimas Feridas,Pleno dia,Crescente,Céu Claro,Múltipla,Reta,Sim,4,0,1,0,3,0,1,4,-27.60001226,-48.6226467,SPRF-SC,DEL01-SC,UOP01-DEL01-SC,2022
"413039,0",2022-02-05,sábado,11:50:00,SC,163,"68,7",SAO MIGUEL DO OESTE,Reação tardia ou ineficiente do condutor,Colisão transversal,Com Vítimas Feridas,Pleno dia,Crescente,Chuva,Dupla,Reta,Sim,3,0,1,0,2,0,1,2,-26.73461723,-53.50680015,SPRF-SC,DEL07-SC,UOP03-DEL07-SC,2022
"413051,0",2022-02-05,sábado,14:10:00,SC,470,"53,3",BLUMENAU,Conversão proibida,Colisão traseira,Com Vítimas Feridas,Pleno dia,Decrescente,Sol,Simples,Curva,Não,2,0,1,0,1,0,1,2,-26.867121,-49.102066,SPRF-SC,DEL04-SC,UOP01-DEL04-SC,2022
"413068,0",2022-02-05,sábado,12:30:00,SC,470,"172,7",POUSO REDONDO,Ingestão de álcool pelo condutor,Saída de leito carroçável,Com Vítimas Feridas,Pleno dia,Decrescente,Céu Claro,Simples,Reta,Não,1,0,1,0,0,0,1,1,-27.257526,-49.909592,SPRF-SC,DEL04-SC,UOP02-DEL04-SC,2022
"413077,0",2022-02-05,sábado,16:50:00,SC,101,"207,7",SAO JOSE,Acessar a via sem observar a presença dos outros veículos,Tombamento,Com Vítimas Feridas,Pleno dia,Crescente,Nublado,Múltipla,Declive,Sim,2,0,1,0,0,1,1,2,-27.60001226,-48.6226467,SPRF-SC,DEL01-SC,UOP01-DEL01-SC,2022
"413092,0",2022-02-05,sábado,18:50:00,SC,101,"138,6",BALNEARIO CAMBORIU,Ausência de reação do condutor,Colisão com objeto,Com Vítimas Feridas,Amanhecer,Decrescente,Nublado,Dupla,Curva,Sim,1,0,1,0,0,0,1,1,-27.02397426,-48.60761649,SPRF-SC,DEL04-SC,UOP03-DEL04-SC,2022
"413093,0",2022-02-05,sábado,19:00:00,SC,101,"197,4",BIGUACU,Ingestão de álcool pelo condutor,Colisão traseira,Com Vítimas Feridas,Anoitecer,Crescente,Nublado,Múltipla,Reta;Interseção de Vias;Declive,Sim,2,0,0,1,1,0,1,2,-27.51844497,-48.63848496,SPRF-SC,DEL01-SC,UOP01-DEL01-SC,2022
"413148,0",2022-02-05,sábado,22:40:00,SC,470,"22,0",ILHOTA,Retorno proibido,Colisão transversal,Com Vítimas Feridas,Plena Noite,Crescente,Chuva,Simples,Reta,Não,3,0,0,2,1,0,2,2,-26.880066,-48.836224,SPRF-SC,DEL04-SC,UOP04-DEL04-SC,2022
"413155,0",2022-02-05,sábado,21:00:00,SC,470,"151,0",AGRONOMICA,Ingestão de álcool pelo condutor,Colisão frontal,Com Vítimas Feridas,Plena Noite,Decrescente,Céu Claro,Simples,Reta,Não,3,0,2,1,0,0,3,2,-27.260792,-49.719761,SPRF-SC,DEL04-SC,UOP02-DEL04-SC,2022
"413160,0",2022-02-06,domingo,00:50:00,SC,470,"134,0",RIO DO SUL,Acesso irregular,Saída de leito carroçável,Com Vítimas Feridas,Plena Noite,Decrescente,Nublado,Dupla,Em Obras;Reta,Sim,2,0,0,1,0,1,1,1,-27.181854,-49.600128,SPRF-SC,DEL04-SC,UOP02-DEL04-SC,2022
"413162,0",2022-02-06,domingo,00:30:00,SC,116,"191,6",SAO CRISTOVAO DO SUL,Velocidade Incompatível,Capotamento,Sem Vítimas,Plena Noite,Decrescente,Céu Claro,Simples,Reta,Não,1,0,0,0,0,1,0,1,-27.3544891,-50.43527167,SPRF-SC,DEL05-SC,UOP03-DEL05-SC,2022