id,data_inversa,dia_semana,horario,uf,br,km,municipio,causa_acidente,tipo_acidente,classificacao_acidente,fase_dia,sentido_via,condicao_metereologica,tipo_pista,tracado_via,uso_solo,pessoas,mortos,feridos_leves,feridos_graves,ilesos,ignorados,feridos,veiculos,latitude,longitude,regional,delegacia,uop,ano_arquivo
"413163,0",2022-02-05,sábado,23:20:00,SC,116,"26,4",ITAIOPOLIS,Avarias e/ou desgaste excessivo no pneu,Saída de leito carroçável,Com Vítimas Feridas,Plena Noite,Crescente,Chuva,Simples,Reta,Não,4,0,1,0,3,0,1,1,-26.28638033,-49.93477774,SPRF-SC,DEL06-SC,UOP01-DEL06-SC,2022
"413168,0",2022-02-06,domingo,02:30:00,SC,101,"324,0",CAPIVARI DE BAIXO,Ingestão de álcool pelo condutor,Saída de leito carroçável,Sem Vítimas,Plena Noite,Crescente,Céu Claro,Simples,Interseção de Vias;Curva,Sim,1,0,0,0,1,0,0,1,-28.42890047,-48.92285509,SPRF-SC,DEL02-SC,UOP01-DEL02-SC,2022
"413173,0",2022-02-06,domingo,02:45:00,SC,101,"114,0",ITAJAI,Ingestão de álcool pelo condutor,Colisão com objeto,Com Vítimas Feridas,Plena Noite,Decrescente,Céu Claro,Dupla,Reta,Não,1,0,1,0,0,0,1,1,-26.86192886,-48.7286704,SPRF-SC,DEL04-SC,UOP04-DEL04-SC,2022
"413178,0",2022-02-06,domingo,04:08:00,SC,101,"324,0",CAPIVARI DE BAIXO,Acumulo de água sobre o pavimento,Tombamento,Com Vítimas Feridas,Plena Noite,Decrescente,Garoa/Chuvisco,Múltipla,Reta,Sim,2,0,0,1,1,0,1,2,-28.42890047,-48.92285509,SPRF-SC,DEL02-SC,UOP01-DEL02-SC,2022
"413221,0",2022-02-06,domingo,06:00:00,SC,282,"479,0",VARGEAO,Ausência de reação do condutor,Saída de leito carroçável,Com Vítimas Feridas,Amanhecer,Decrescente,Nublado,Simples,Curva,Não,3,0,3,0,0,0,3,1,-26.874542,-52.194351,SPRF-SC,DEL07-SC,UOP01-DEL07-SC,2022
"413239,0",2022-02-06,domingo,09:20:00,SC,280,"97,0",CORUPA,Velocidade Incompatível,Saída de leito carroçável,Com Vítimas Feridas,Pleno dia,Crescente,Céu Claro,Simples,Curva,Não,1,0,1,0,0,0,1,1,-26.37833107,-49.31732124,SPRF-SC,DEL06-SC,UOP03-DEL06-SC,2022
"413241,0",2022-02-06,domingo,10:15:00,SC,101,"356,0",SANGAO,Demais falhas mecânicas ou elétricas,Tombamento,Com Vítimas Feridas,Pleno dia,Decrescente,Sol,Dupla,Curva,Não,2,0,2,0,0,0,2,1,-28.62930081,-49.08665412,SPRF-SC,DEL02-SC,UOP01-DEL02-SC,2022
"413252,0",2022-02-06,domingo,13:40:00,SC,470,"2,1",NAVEGANTES,Manobra de mudança de faixa,Colisão lateral mesmo sentido,Com Vítimas Feridas,Pleno dia,Decrescente,Céu Claro,Simples,Reta,Sim,2,0,1,0,0,1,1,2,-26.868551,-48.674831,SPRF-SC,DEL04-SC,UOP04-DEL04-SC,2022
"413263,0",2022-02-06,domingo,15:10:00,SC,101,"113,0",NAVEGANTES,Reação tardia ou ineficiente do condutor,Colisão traseira,Com Vítimas Feridas,Pleno dia,Decrescente,Sol,Dupla,Reta;Ponte,Não,3,0,1,0,2,0,1,2,-26.85311393,-48.72689927,SPRF-SC,DEL04-SC,UOP04-DEL04-SC,2022
"413272,0",2022-02-06,domingo,16:10:00,SC,101,"106,1",PENHA,Condutor deixou de manter distância do veículo da frente,Colisão traseira,Com Vítimas Feridas,Pleno dia,Crescente,Céu Claro,Dupla,Reta,Não,4,0,2,0,2,0,2,3,-26.81031601,-48.68293896,SPRF-SC,DEL03-SC,UOP02-DEL03-SC,2022
"413291,0",2022-02-06,domingo,13:25:00,SC,280,"8,6",SAO FRANCISCO DO SUL,Ingestão de álcool pelo condutor,Colisão frontal,Com Vítimas Feridas,Pleno dia,Crescente,Céu Claro,Simples,Reta,Sim,6,0,2,1,3,0,3,2,-26.27887292,-48.64668626,SPRF-SC,DEL03-SC,UOP03-DEL03-SC,2022
"413293,0",2022-02-06,domingo,15:10:00,SC,280,"128,0",RIO NEGRINHO,Ultrapassagem Indevida,Colisão lateral mesmo sentido,Com Vítimas Feridas,Pleno dia,Crescente,Céu Claro,Simples,Curva;Ponte,Sim,5,0,0,1,4,0,1,2,-26.25211128,-49.527542,SPRF-SC,DEL06-SC,UOP03-DEL06-SC,2022
"413346,0",2022-02-06,domingo,18:25:00,SC,101,"125,9",ITAJAI,Trafegar com motocicleta (ou similar) entre as faixas,Colisão lateral mesmo sentido,Com Vítimas Feridas,Anoitecer,Crescente,Céu Claro,Múltipla,Reta,Sim,2,0,1,0,1,0,1,2,-26.94802427,-48.68338515,SPRF-SC,DEL04-SC,UOP04-DEL04-SC,2022
"413347,0",2022-02-06,domingo,21:40:00,SC,470,"57,0",BLUMENAU,Ingestão de álcool pelo condutor,Colisão traseira,Sem Vítimas,Plena Noite,Decrescente,Céu Claro,Simples,Reta,Sim,2,0,0,0,2,0,0,2,-26.880428,-49.136532,SPRF-SC,DEL04-SC,UOP01-DEL04-SC,2022
"413358,0",2022-02-06,domingo,22:00:00,SC,101,"123,0",ITAJAI,Obstrução na via,Colisão traseira,Com Vítimas Feridas,Plena Noite,Decrescente,Céu Claro,Dupla,Interseção de Vias,Sim,3,0,2,0,0,1,2,2,-26.93668609,-48.69876905,SPRF-SC,DEL04-SC,UOP04-DEL04-SC,2022
"413360,0",2022-02-06,domingo,17:20:00,SC,470,"31,0",GASPAR,Manobra de mudança de faixa,Colisão traseira,Com Vítimas Feridas,Pleno dia,Crescente,Céu Claro,Dupla,Reta,Sim,3,0,1,0,2,0,1,2,-26.897331,-48.923069,SPRF-SC,DEL04-SC,UOP01-DEL04-SC,2022
"413384,0",2022-02-06,domingo,18:30:00,SC,282,"625,0",IRACEMINHA,Acessar a via sem observar a presença dos outros veículos,Colisão transversal,Com Vítimas Feridas,Pleno dia,Decrescente,Céu Claro,Simples,Curva,Não,4,0,0,2,2,0,2,2,-26.800232,-53.351334,SPRF-SC,DEL07-SC,UOP02-DEL07-SC,2022
"413390,0",2022-02-06,domingo,20:20:00,SC,116,"60,0",PAPANDUVA,Desrespeitar a preferência no cruzamento,Colisão transversal,Com Vítimas Feridas,Plena Noite,Crescente,Céu Claro,Simples,Reta;Interseção de Vias,Não,3,0,0,2,0,1,2,2,-26.38202798,-50.21507263,SPRF-SC,DEL06-SC,UOP02-DEL06-SC,2022
"413401,0",2022-02-07,segunda-feira,05:40:00,SC,101,"44,3",JOINVILLE,Velocidade Incompatível,Tombamento,Com Vítimas Feridas,Pleno dia,Crescente,Nublado,Múltipla,Reta,Sim,1,0,1,0,0,0,1,1,-26.31238996,-48.87458997,SPRF-SC,DEL03-SC,UOP01-DEL03-SC,2022
"413404,0",2022-02-06,domingo,20:00:00,SC,280,"13,0",SAO FRANCISCO DO SUL,Condutor deixou de manter distância do veículo da frente,Colisão traseira,Com Vítimas Feridas,Plena Noite,Crescente,Céu Claro,Simples,Reta,Não,2,0,0,1,1,0,1,2,-26.32171113,-48.64798666,SPRF-SC,DEL03-SC,UOP03-DEL03-SC,2022
"413417,0",2022-02-07,segunda-feira,07:00:00,SC,101,"45,5",JOINVILLE,Velocidade Incompatível,Tombamento,Com Vítimas Feridas,Pleno dia,Crescente,Céu Claro,Dupla,Reta,Sim,1,0,1,0,0,0,1,1,-26.32214492,-48.8689509,SPRF-SC,DEL03-SC,UOP01-DEL03-SC,2022
"413427,0",2022-02-07,segunda-feira,08:00:00,SC,101,"197,8",BIGUACU,Condutor deixou de manter distância do veículo da frente,Colisão traseira,Com Vítimas Feridas,Pleno dia,Crescente,Céu Claro,Múltipla,Reta,Sim,2,0,1,1,0,0,2,2,-27.51844497,-48.63848496,SPRF-SC,DEL01-SC,UOP01-DEL01-SC,2022
"413429,0",2022-02-07,segunda-feira,08:00:00,SC,282,"17,0",PALHOCA,Acessar a via sem observar a presença dos outros veículos,Colisão transversal,Sem Vítimas,Pleno dia,Decrescente,Céu Claro,Simples,Reta,Sim,4,0,0,0,4,0,0,2,-27.665707,-48.688065,SPRF-SC,DEL01-SC,UOP02-DEL01-SC,2022
"413458,0",2022-02-07,segunda-feira,09:15:00,SC,101,"324,4",CAPIVARI DE BAIXO,Condutor deixou de manter distância do veículo da frente,Colisão traseira,Com Vítimas Feridas,Pleno dia,Crescente,Sol,Dupla,Curva,Sim,2,0,1,0,1,0,1,2,-28.42890047,-48.92285509,SPRF-SC,DEL02-SC,UOP01-DEL02-SC,2022
"413487,0",2022-02-07,segunda-feira,11:40:00,SC,116,"0,0",MAFRA,Ingestão de álcool pelo condutor,Queda de ocupante de veículo,Com Vítimas Feridas,Pleno dia,Crescente,Céu Claro,Simples,Ponte,Sim,1,0,1,0,0,0,1,1,-26.10919413,-49.78444934,SPRF-SC,DEL06-SC,UOP01-DEL06-SC,2022
"413488,0",2022-02-07,segunda-feira,12:20:00,SC,101,"357,0",SANGAO,Acessar a via sem observar a presença dos outros veículos,Colisão transversal,Com Vítimas Feridas,Pleno dia,Decrescente,Céu Claro,Múltipla,Interseção de Vias,Sim,4,0,3,0,1,0,3,2,-28.635168,-49.09467,SPRF-SC,DEL02-SC,UOP01-DEL02-SC,2022
"413491,0",2022-02-07,segunda-feira,11:00:00,SC,101,"153,0",PORTO BELO,Avarias e/ou desgaste excessivo no pneu,Tombamento,Com Vítimas Feridas,Pleno dia,Crescente,Céu Claro,Dupla,Reta,Sim,2,0,2,0,0,0,2,1,-27.144717,-48.61063935,SPRF-SC,DEL04-SC,UOP03-DEL04-SC,2022
"413504,0",2022-02-07,segunda-feira,11:15:00,SC,101,"34,8",JOINVILLE,Avarias e/ou desgaste excessivo no pneu,Saída de leito carroçável,Com Vítimas Feridas,Pleno dia,Crescente,Céu Claro,Dupla,Curva,Não,2,0,2,0,0,0,2,1,-26.26201498,-48.90323639,SPRF-SC,DEL03-SC,UOP01-DEL03-SC,2022
"413527,0",2022-02-07,segunda-feira,12:05:00,SC,101,"361,0",SANGAO,Velocidade Incompatível,Colisão traseira,Com Vítimas Feridas,Pleno dia,Crescente,Sol,Múltipla,Reta,Sim,4,0,4,0,0,0,4,2,-28.673505,-49.123075,SPRF-SC,DEL02-SC,UOP01-DEL02-SC,2022
"413539,0",2022-02-07,segunda-feira,17:20:00,SC,470,"56,0",BLUMENAU,Acessar a via sem observar a presença dos outros veículos,Colisão transversal,Com Vítimas Feridas,Pleno dia,Crescente,Céu Claro,Simples,Reta,Não,2,0,1,0,1,0,1,2,-26.87740663,-49.12991524,SPRF-SC,DEL04-SC,UOP01-DEL04-SC,2022
"413562,0",2022-02-07,segunda-feira,19:00:00,SC,280,"71,0",JARAGUA DO SUL,Manobra de mudança de faixa,Colisão traseira,Com Vítimas Feridas,Plena Noite,Crescente,Céu Claro,Simples,Reta,Sim,2,0,1,0,1,0,1,2,-26.46151693,-49.13480597,SPRF-SC,DEL03-SC,UOP03-DEL03-SC,2022
"413593,0",2022-02-07,segunda-feira,18:20:00,SC,470,"105,0",APIUNA,Demais falhas mecânicas ou elétricas,Saída de leito carroçável,Com Vítimas Feridas,Anoitecer,Crescente,Céu Claro,Simples,Reta,Não,4,0,4,0,0,0,4,1,-27.066006,-49.417019,SPRF-SC,DEL04-SC,UOP02-DEL04-SC,2022
"413602,0",2022-02-07,segunda-feira,18:00:00,SC,280,"166,1",MAFRA,Acessar a via sem observar a presença dos outros veículos,Colisão transversal,Com Vítimas Feridas,Pleno dia,Crescente,Céu Claro,Simples,Reta,Não,2,0,1,0,0,1,1,2,-26.17713619,-49.81611416,SPRF-SC,DEL06-SC,UOP01-DEL06-SC,2022
"413614,0",2022-02-08,terça-feira,05:30:00,SC,101,"234,0",PALHOCA,Transitar na contramão,Colisão frontal,Com Vítimas Feridas,Amanhecer,Crescente,Céu Claro,Dupla,Reta,Não,7,0,4,1,0,2,5,3,-27.81043812,-48.63537111,SPRF-SC,DEL01-SC,UOP02-DEL01-SC,2022
"413621,0",2022-02-08,terça-feira,07:05:00,SC,101,"151,0",ITAPEMA,Reação tardia ou ineficiente do condutor,Colisão traseira,Com Vítimas Feridas,Pleno dia,Decrescente,Céu Claro,Múltipla,Reta,Sim,3,0,2,0,1,0,2,2,-27.126536,-48.609642,SPRF-SC,DEL04-SC,UOP03-DEL04-SC,2022
"413637,0",2022-02-08,terça-feira,07:40:00,SC,101,"210,6",SAO JOSE,Condutor deixou de manter distância do veículo da frente,Colisão traseira,Com Vítimas Feridas,Pleno dia,Decrescente,Céu Claro,Dupla,Reta,Sim,3,0,0,1,2,0,1,2,-27.6167305,-48.6457265,SPRF-SC,DEL01-SC,UOP01-DEL01-SC,2022
"413658,0",2022-02-08,terça-feira,09:55:00,SC,470,"7,0",NAVEGANTES,Pista Escorregadia,Tombamento,Com Vítimas Feridas,Pleno dia,Crescente,Céu Claro,Dupla,Viaduto,Não,1,0,1,0,0,0,1,1,-26.84499,-48.71505,SPRF-SC,DEL04-SC,UOP04-DEL04-SC,2022
"413703,0",2022-02-08,terça-feira,12:58:00,SC,101,"127,8",ITAJAI,Demais falhas mecânicas ou elétricas,Tombamento,Com Vítimas Feridas,Pleno dia,Decrescente,Céu Claro,Dupla,Reta,Não,2,0,2,0,0,0,2,1,-26.9639319,-48.68328024,SPRF-SC,DEL04-SC,UOP04-DEL04-SC,2022
"413712,0",2022-02-08,terça-feira,15:15:00,SC,101,"43,3",JOINVILLE,Reação tardia ou ineficiente do condutor,Tombamento,Com Vítimas Feridas,Pleno dia,Crescente,Céu Claro,Simples,Reta,Sim,1,0,0,1,0,0,1,1,-26.33613385,-48.86002064,SPRF-SC,DEL03-SC,UOP01-DEL03-SC,2022
"413715,0",2022-02-08,terça-feira,16:10:00,SC,470,"9,9",NAVEGANTES,Desrespeitar a preferência no cruzamento,Colisão transversal,Com Vítimas Feridas,Pleno dia,Decrescente,Céu Claro,Simples,Em Obras;Interseção de Vias,Não,3,0,2,0,1,0,2,2,-26.833143,-48.727432,SPRF-SC,DEL04-SC,UOP04-DEL04-SC,2022
"413735,0",2022-02-08,terça-feira,18:25:00,SC,101,"207,4",SAO JOSE,Trafegar com motocicleta (ou similar) entre as faixas,Colisão lateral mesmo sentido,Com Vítimas Feridas,Pleno dia,Crescente,Nublado,Múltipla,Aclive,Sim,1,0,0,1,0,0,1,1,-27.60001226,-48.6226467,SPRF-SC,DEL01-SC,UOP01-DEL01-SC,2022
"413768,0",2022-02-08,terça-feira,23:00:00,SC,282,"15,8",PALHOCA,Ingestão de álcool e/ou substâncias psicoativas pelo pedestre,Colisão com objeto,Com Vítimas Feridas,Plena Noite,Crescente,Céu Claro,Simples,Reta,Sim,2,0,0,2,0,0,2,1,-27.651848,-48.676048,SPRF-SC,DEL01-SC,UOP02-DEL01-SC,2022
"413775,0",2022-02-08,terça-feira,23:15:00,SC,101,"86,4",BARRA VELHA,Ingestão de álcool pelo condutor,Saída de leito carroçável,Com Vítimas Feridas,Plena Noite,Decrescente,Céu Claro,Dupla,Declive;Reta,Sim,2,0,1,0,1,0,1,2,-26.63277317,-48.70232513,SPRF-SC,DEL03-SC,UOP02-DEL03-SC,2022
"413800,0",2022-02-08,terça-feira,23:20:00,SC,101,"155,2",PORTO BELO,Ausência de reação do condutor,Saída de leito carroçável,Sem Vítimas,Plena Noite,Crescente,Nublado,Dupla,Viaduto,Não,1,0,0,0,0,1,0,1,-27.16292,-48.61129,SPRF-SC,DEL04-SC,UOP03-DEL04-SC,2022
"413824,0",2022-02-09,quarta-feira,06:55:00,SC,280,"20,0",ARAQUARI,Acessar a via sem observar a presença dos outros veículos,Colisão transversal,Com Vítimas Feridas,Pleno dia,Crescente,Céu Claro,Simples,Interseção de Vias,Não,2,0,1,0,1,0,1,2,-26.36990477,-48.68224301,SPRF-SC,DEL03-SC,UOP03-DEL03-SC,2022
"413833,0",2022-02-09,quarta-feira,09:25:00,SC,101,"234,4",PALHOCA,Avarias e/ou desgaste excessivo no pneu,Engavetamento,Com Vítimas Feridas,Pleno dia,Decrescente,Céu Claro,Dupla,Aclive,Não,5,0,1,0,4,0,1,3,-27.81043812,-48.63537111,SPRF-SC,DEL01-SC,UOP02-DEL01-SC,2022
"413835,0",2022-02-09,quarta-feira,09:30:00,SC,470,"15,0",ILHOTA,Velocidade Incompatível,Saída de leito carroçável,Com Vítimas Feridas,Pleno dia,Decrescente,Céu Claro,Dupla,Reta,Não,1,0,1,0,0,0,1,1,-26.839785,-48.785534,SPRF-SC,DEL04-SC,UOP04-DEL04-SC,2022
"413839,0",2022-02-09,quarta-feira,09:40:00,SC,101,"95,0",BARRA VELHA,Desrespeitar a preferência no cruzamento,Colisão transversal,Com Vítimas Feridas,Pleno dia,Decrescente,Céu Claro,Simples,Interseção de Vias,Não,2,0,1,0,1,0,1,2,-26.71515791,-48.70226383,SPRF-SC,DEL03-SC,UOP02-DEL03-SC,2022
"413840,0",2022-02-09,quarta-feira,10:20:00,SC,101,"314,0",LAGUNA,Condutor deixou de manter distância do veículo da frente,Colisão traseira,Com Vítimas Feridas,Pleno dia,Crescente,Céu Claro,Dupla,Curva,Sim,3,0,1,0,2,0,1,2,-28.44043981,-48.82497095,SPRF-SC,DEL02-SC,UOP01-DEL02-SC,2022
"413893,0",2022-02-09,quarta-feira,17:20:00,SC,101,"217,8",PALHOCA,Ausência de reação do condutor,Colisão lateral mesmo sentido,Com Vítimas Feridas,Pleno dia,Decrescente,Céu Claro,Múltipla,Reta,Não,2,0,0,1,1,0,1,2,-27.66779034,-48.67393586,SPRF-SC,DEL01-SC,UOP02-DEL01-SC,2022
"413907,0",2022-02-09,quarta-feira,18:30:00,SC,101,"203,9",SAO JOSE,Condutor deixou de manter distância do veículo da frente,Queda de ocupante de veículo,Com Vítimas Feridas,Anoitecer,Decrescente,Céu Claro,Múltipla,Reta,Sim,2,0,1,0,1,0,1,2,-27.5650044,-48.61460082,SPRF-SC,DEL01-SC,UOP01-DEL01-SC,2022
"413912,0",2022-02-09,quarta-feira,17:30:00,SC,470,"9,0",NAVEGANTES,Acessar a via sem observar a presença dos outros veículos,Colisão transversal,Com Vítimas Feridas,Pleno dia,Decrescente,Céu Claro,Simples,Reta,Não,2,0,1,0,1,0,1,2,-26.833143,-48.727432,SPRF-SC,DEL04-SC,UOP04-DEL04-SC,2022
"413917,0",2022-02-09,quarta-feira,19:15:00,SC,101,"148,0",ITAPEMA,Demais falhas mecânicas ou elétricas,Tombamento,Com Vítimas Feridas,Plena Noite,Crescente,Céu Claro,Dupla,Reta,Sim,2,0,2,0,0,0,2,1,-27.10123686,-48.61807962,SPRF-SC,DEL04-SC,UOP03-DEL04-SC,2022
"413947,0",2022-01-20,quinta-feira,17:10:00,SC,470,"110,8",APIUNA,Conversão proibida,Colisão frontal,Com Vítimas Feridas,Pleno dia,Decrescente,Sol,Simples,Curva,Não,2,0,0,1,1,0,1,2,-27.086622,-49.458096,SPRF-SC,DEL04-SC,UOP02-DEL04-SC,2022
"413948,0",2022-02-09,quarta-feira,21:15:00,SC,101,"6,0",GARUVA,Ingestão de álcool pelo condutor,Colisão traseira,Com Vítimas Feridas,Plena Noite,Decrescente,Céu Claro,Dupla,Reta;Viaduto,Sim,4,0,3,0,1,0,3,2,-26.02692,-48.86142,SPRF-SC,DEL03-SC,UOP01-DEL03-SC,2022
"413959,0",2022-02-10,quinta-feira,01:05:00,SC,101,"83,2",BARRA VELHA,Ingestão de álcool ou de substâncias psicoativas pelo pedestre,Colisão com objeto,Sem Vítimas,Plena Noite,Crescente,Céu Claro,Múltipla,Reta,Não,1,0,0,0,1,0,0,1,-26.6204234,-48.71790648,SPRF-SC,DEL03-SC,UOP02-DEL03-SC,2022
"413973,0",2022-02-10,quinta-feira,06:30:00,SC,101,"202,2",SAO JOSE,Ausência de reação do condutor,Queda de ocupante de veículo,Com Vítimas Feridas,Pleno dia,Crescente,Céu Claro,Dupla,Reta,Sim,1,0,1,0,0,0,1,1,-27.55711595,-48.61897889,SPRF-SC,DEL01-SC,UOP01-DEL01-SC,2022
"413980,0",2022-02-10,quinta-feira,07:40:00,SC,101,"197,0",BIGUACU,Condutor deixou de manter distância do veículo da frente,Colisão traseira,Com Vítimas Feridas,Pleno dia,Crescente,Céu Claro,Dupla,Reta,Sim,2,0,1,0,1,0,1,2,-27.51844497,-48.63848496,SPRF-SC,DEL01-SC,UOP01-DEL01-SC,2022
"413993,0",2022-02-10,quinta-feira,08:40:00,SC,470,"3,8",NAVEGANTES,Desrespeitar a preferência no cruzamento,Colisão transversal,Com Vítimas Feridas,Pleno dia,Decrescente,Céu Claro,Dupla,Rotatória,Sim,2,0,1,0,1,0,1,2,-26.861937,-48.681618,SPRF-SC,DEL04-SC,UOP04-DEL04-SC,2022
"414022,0",2022-02-10,quinta-feira,11:20:00,SC,163,"70,2",SAO MIGUEL DO OESTE,Acessar a via sem observar a presença dos outros veículos,Colisão transversal,Com Vítimas Feridas,Pleno dia,Decrescente,Céu Claro,Dupla,Reta,Sim,2,0,1,0,1,0,1,2,-26.73461723,-53.50680015,SPRF-SC,DEL07-SC,UOP03-DEL07-SC,2022
"414041,0",2022-02-10,quinta-feira,08:40:00,SC,280,"28,3",ARAQUARI,Acessar a via sem observar a presença dos outros veículos,Colisão transversal,Com Vítimas Feridas,Pleno dia,Crescente,Nublado,Simples,Reta,Sim,2,0,1,0,1,0,1,2,-26.40771365,-48.74925077,SPRF-SC,DEL03-SC,UOP03-DEL03-SC,2022
"414042,0",2022-02-10,quinta-feira,13:40:00,SC,280,"58,2",GUARAMIRIM,Condutor deixou de manter distância do veículo da frente,Colisão traseira,Com Vítimas Feridas,Pleno dia,Decrescente,Céu Claro,Simples,Reta,Sim,6,0,1,2,3,0,3,4,-26.47415593,-49.021211,SPRF-SC,DEL03-SC,UOP03-DEL03-SC,2022
"414048,0",2022-02-10,quinta-feira,14:00:00,SC,282,"200,7",LAGES,Ausência de reação do condutor,Colisão traseira,Com Vítimas Feridas,Pleno dia,Crescente,Céu Claro,Simples,Reta,Não,4,0,1,0,3,0,1,2,-27.758692,-50.133335,SPRF-SC,DEL05-SC,UOP01-DEL05-SC,2022
"414050,0",2022-02-10,quinta-feira,12:05:00,SC,470,"90,0",ASCURRA,Acessar a via sem observar a presença dos outros veículos,Colisão transversal,Com Vítimas Feridas,Pleno dia,Crescente,Sol,Simples,Reta,Sim,2,0,0,1,1,0,1,2,-26.969337,-49.367718,SPRF-SC,DEL04-SC,UOP01-DEL04-SC,2022
"414090,0",2022-02-10,quinta-feira,18:30:00,SC,101,"215,8",PALHOCA,Frear bruscamente,Colisão traseira,Com Vítimas Feridas,Anoitecer,Decrescente,Nublado,Múltipla,Interseção de Vias,Sim,2,0,1,0,1,0,1,2,-27.6582011,-48.67798448,SPRF-SC,DEL01-SC,UOP02-DEL01-SC,2022
"414099,0",2022-02-10,quinta-feira,19:15:00,SC,101,"212,6",PALHOCA,Reação tardia ou ineficiente do condutor,Colisão transversal,Sem Vítimas,Plena Noite,Decrescente,Céu Claro,Dupla,Reta,Sim,2,0,0,0,2,0,0,2,-27.62996929,-48.65903871,SPRF-SC,DEL01-SC,UOP02-DEL01-SC,2022
"414100,0",2022-02-10,quinta-feira,19:40:00,SC,101,"158,0",PORTO BELO,Manobra de mudança de faixa,Colisão lateral mesmo sentido,Com Vítimas Feridas,Plena Noite,Decrescente,Nublado,Dupla,Reta,Sim,3,0,2,0,1,0,2,2,-27.19096301,-48.61259017,SPRF-SC,DEL04-SC,UOP03-DEL04-SC,2022
"414101,0",2022-02-10,quinta-feira,19:00:00,SC,280,"58,0",GUARAMIRIM,Conversão proibida,Colisão transversal,Com Vítimas Feridas,Plena Noite,Decrescente,Céu Claro,Simples,Reta,Não,2,0,0,1,0,1,1,2,-26.47415593,-49.021211,SPRF-SC,DEL03-SC,UOP03-DEL03-SC,2022
"414169,0",2022-02-11,sexta-feira,06:30:00,SC,101,"106,3",PENHA,Avarias e/ou desgaste excessivo no pneu,Tombamento,Com Vítimas Feridas,Amanhecer,Decrescente,Céu Claro,Simples,Reta,Não,2,0,2,0,0,0,2,1,-26.81301782,-48.68320942,SPRF-SC,DEL03-SC,UOP02-DEL03-SC,2022
"414182,0",2022-02-11,sexta-feira,07:20:00,SC,101,"203,0",SAO JOSE,Acessar a via sem observar a presença dos outros veículos,Colisão lateral mesmo sentido,Com Vítimas Feridas,Pleno dia,Crescente,Nublado,Dupla,Reta,Sim,2,0,1,0,1,0,1,2,-27.55711595,-48.61897889,SPRF-SC,DEL01-SC,UOP01-DEL01-SC,2022
"414186,0",2022-02-11,sexta-feira,08:25:00,SC,101,"131,0",BALNEARIO CAMBORIU,Condutor deixou de manter distância do veículo da frente,Colisão traseira,Com Vítimas Feridas,Pleno dia,Decrescente,Céu Claro,Dupla,Reta,Sim,2,0,1,0,1,0,1,2,-26.99064209,-48.66310912,SPRF-SC,DEL04-SC,UOP03-DEL04-SC,2022
"414193,0",2022-02-11,sexta-feira,08:10:00,SC,101,"208,0",SAO JOSE,Reação tardia ou ineficiente do condutor,Colisão traseira,Com Vítimas Feridas,Pleno dia,Crescente,Céu Claro,Dupla,Reta,Sim,2,0,0,1,1,0,1,2,-27.60327979,-48.63201818,SPRF-SC,DEL01-SC,UOP01-DEL01-SC,2022
"414194,0",2022-01-14,sexta-feira,13:20:00,SC,280,"40,0",ARAQUARI,Ultrapassagem Indevida,Colisão lateral mesmo sentido,Sem Vítimas,Pleno dia,Crescente,Nublado,Simples,Reta,Não,3,0,0,0,2,1,0,3,-26.44938176,-48.84792002,SPRF-SC,DEL03-SC,UOP03-DEL03-SC,2022
"414205,0",2022-01-27,quinta-feira,09:30:00,SC,101,"62,0",ARAQUARI,Condutor deixou de manter distância do veículo da frente,Colisão traseira,Sem Vítimas,Pleno dia,Crescente,Céu Claro,Dupla,Reta,Não,2,0,0,0,1,1,0,2,-26.4527351,-48.78266573,SPRF-SC,DEL03-SC,UOP02-DEL03-SC,2022
"414222,0",2022-02-11,sexta-feira,11:50:00,SC,282,"177,8",BOCAINA DO SUL,Ausência de reação do condutor,Engavetamento,Com Vítimas Feridas,Pleno dia,Decrescente,Céu Claro,Simples,Reta,Não,12,0,2,0,10,0,2,4,-27.739725,-49.911453,SPRF-SC,DEL05-SC,UOP01-DEL05-SC,2022
"414266,0",2022-02-11,sexta-feira,16:10:00,SC,101,"148,6",ITAPEMA,Ausência de reação do condutor,Colisão traseira,Com Vítimas Feridas,Pleno dia,Decrescente,Céu Claro,Múltipla,Reta,Sim,4,0,2,0,2,0,2,3,-27.10123686,-48.61807962,SPRF-SC,DEL04-SC,UOP03-DEL04-SC,2022
"414269,0",2022-02-11,sexta-feira,12:50:00,SC,163,"68,0",SAO MIGUEL DO OESTE,Acessar a via sem observar a presença dos outros veículos,Colisão frontal,Com Vítimas Feridas,Pleno dia,Crescente,Céu Claro,Dupla,Reta;Interseção de Vias,Sim,2,0,1,0,1,0,1,2,-26.74572535,-53.50088596,SPRF-SC,DEL07-SC,UOP03-DEL07-SC,2022
"414281,0",2022-02-10,quinta-feira,13:20:00,SC,282,"459,5",PONTE SERRADA,Manobra de mudança de faixa,Capotamento,Com Vítimas Feridas,Pleno dia,Crescente,Céu Claro,Simples,Reta,Sim,1,0,1,0,0,0,1,1,-26.863695,-52.024818,SPRF-SC,DEL07-SC,UOP04-DEL07-SC,2022