id,data_inversa,dia_semana,horario,uf,br,km,municipio,causa_acidente,tipo_acidente,classificacao_acidente,fase_dia,sentido_via,condicao_metereologica,tipo_pista,tracado_via,uso_solo,pessoas,mortos,feridos_leves,feridos_graves,ilesos,ignorados,feridos,veiculos,latitude,longitude,regional,delegacia,uop,ano_arquivo
"414282,0",2022-02-11,sexta-feira,17:27:00,SC,101,"148,0",ITAPEMA,Ausência de reação do condutor,Tombamento,Com Vítimas Feridas,Anoitecer,Decrescente,Nublado,Múltipla,Reta,Sim,2,0,1,0,1,0,1,1,-27.10123686,-48.61807962,SPRF-SC,DEL04-SC,UOP03-DEL04-SC,2022
"414293,0",2022-02-11,sexta-feira,18:40:00,SC,101,"412,5",ARARANGUA,Desrespeitar a preferência no cruzamento,Colisão transversal,Com Vítimas Feridas,Pleno dia,Crescente,Nublado,Simples,Interseção de Vias,Sim,3,0,2,0,1,0,2,2,-28.95843373,-49.51413095,SPRF-SC,DEL02-SC,UOP02-DEL02-SC,2022
"414306,0",2022-02-11,sexta-feira,19:30:00,SC,101,"122,8",ITAJAI,Condutor deixou de manter distância do veículo da frente,Colisão traseira,Com Vítimas Feridas,Plena Noite,Crescente,Céu Claro,Dupla,Reta,Não,3,0,1,0,1,1,1,3,-26.92955916,-48.70499836,SPRF-SC,DEL04-SC,UOP04-DEL04-SC,2022
"414307,0",2022-02-11,sexta-feira,19:45:00,SC,101,"393,1",CRICIUMA,Velocidade Incompatível,Capotamento,Com Vítimas Feridas,Plena Noite,Decrescente,Céu Claro,Dupla,Reta,Não,1,0,1,0,0,0,1,1,-28.8094198,-49.37995008,SPRF-SC,DEL02-SC,UOP02-DEL02-SC,2022
"414319,0",2022-02-11,sexta-feira,21:20:00,SC,101,"194,0",BIGUACU,Ingestão de álcool pelo condutor,Colisão traseira,Sem Vítimas,Plena Noite,Decrescente,Céu Claro,Simples,Reta,Sim,2,0,0,0,2,0,0,2,-27.49815117,-48.65661236,SPRF-SC,DEL01-SC,UOP01-DEL01-SC,2022
"414329,0",2022-02-11,sexta-feira,21:07:00,SC,470,"134,9",RIO DO SUL,Reação tardia ou ineficiente do condutor,Queda de ocupante de veículo,Com Vítimas Feridas,Plena Noite,Crescente,Céu Claro,Simples,Desvio Temporário,Não,1,0,1,0,0,0,1,1,-27.181854,-49.600128,SPRF-SC,DEL04-SC,UOP02-DEL04-SC,2022
"414333,0",2022-02-11,sexta-feira,21:30:00,SC,101,"203,0",SAO JOSE,Condutor deixou de manter distância do veículo da frente,Colisão traseira,Com Vítimas Feridas,Plena Noite,Decrescente,Garoa/Chuvisco,Dupla,Reta,Sim,3,0,1,0,2,0,1,2,-27.5650044,-48.61460082,SPRF-SC,DEL01-SC,UOP01-DEL01-SC,2022
"414339,0",2022-02-11,sexta-feira,22:05:00,SC,101,"123,1",ITAJAI,Desrespeitar a preferência no cruzamento,Colisão transversal,Sem Vítimas,Plena Noite,Decrescente,Céu Claro,Múltipla,Interseção de Vias;Rotatória,Sim,2,0,0,0,2,0,0,2,-26.93758503,-48.69810104,SPRF-SC,DEL04-SC,UOP04-DEL04-SC,2022
"414340,0",2022-02-11,sexta-feira,21:10:00,SC,470,"301,1",CAMPOS NOVOS,Ingestão de álcool pelo condutor,Capotamento,Com Vítimas Feridas,Plena Noite,Crescente,Céu Claro,Simples,Curva,Não,3,0,2,0,1,0,2,1,-27.373833,-51.056301,SPRF-SC,DEL07-SC,UOP06-DEL07-SC,2022
"414341,0",2022-02-11,sexta-feira,20:15:00,SC,470,"318,5",CAMPOS NOVOS,Reação tardia ou ineficiente do condutor,Colisão transversal,Com Vítimas Feridas,Plena Noite,Crescente,Céu Claro,Simples,Reta,Sim,2,0,0,1,1,0,1,2,-27.408455,-51.214985,SPRF-SC,DEL07-SC,UOP06-DEL07-SC,2022
"414380,0",2022-02-11,sexta-feira,20:40:00,SC,101,"27,0",JOINVILLE,Pista Escorregadia,Queda de ocupante de veículo,Com Vítimas Feridas,Plena Noite,Decrescente,Céu Claro,Simples,Rotatória,Sim,1,0,1,0,0,0,1,1,-26.20130351,-48.91331794,SPRF-SC,DEL03-SC,UOP01-DEL03-SC,2022
"414383,0",2022-02-12,sábado,03:20:00,SC,101,"129,0",BALNEARIO CAMBORIU,Ausência de reação do condutor,Tombamento,Com Vítimas Feridas,Plena Noite,Crescente,Nublado,Simples,Curva,Sim,1,0,1,0,0,0,1,1,-26.98064277,-48.6790679,SPRF-SC,DEL04-SC,UOP03-DEL04-SC,2022
"414385,0",2022-02-12,sábado,03:00:00,SC,101,"382,9",ICARA,Ingestão de álcool pelo condutor,Saída de leito carroçável,Sem Vítimas,Plena Noite,Decrescente,Céu Claro,Dupla,Reta,Não,1,0,0,0,1,0,0,1,-28.75966988,-49.28552404,SPRF-SC,DEL02-SC,UOP02-DEL02-SC,2022
"414418,0",2022-02-12,sábado,06:40:00,SC,280,"77,0",JARAGUA DO SUL,Manobra de mudança de faixa,Colisão lateral sentido oposto,Sem Vítimas,Pleno dia,Decrescente,Céu Claro,Simples,Reta,Sim,2,0,0,0,2,0,0,2,-26.45514314,-49.18726132,SPRF-SC,DEL03-SC,UOP03-DEL03-SC,2022
"414422,0",2022-02-12,sábado,06:45:00,SC,101,"292,0",IMBITUBA,Ausência de reação do condutor,Tombamento,Com Vítimas Feridas,Amanhecer,Decrescente,Céu Claro,Simples,Interseção de Vias,Não,1,0,1,0,0,0,1,1,-28.29931464,-48.71746844,SPRF-SC,DEL02-SC,UOP03-DEL02-SC,2022
"414432,0",2022-02-12,sábado,08:00:00,SC,101,"146,9",ITAPEMA,Ausência de reação do condutor,Colisão lateral mesmo sentido,Com Vítimas Feridas,Pleno dia,Crescente,Céu Claro,Simples,Reta,Sim,2,0,0,1,1,0,1,2,-27.08666525,-48.60955587,SPRF-SC,DEL04-SC,UOP03-DEL04-SC,2022
"414433,0",2022-02-12,sábado,08:40:00,SC,282,"16,3",PALHOCA,Condutor deixou de manter distância do veículo da frente,Colisão lateral mesmo sentido,Com Vítimas Feridas,Pleno dia,Decrescente,Céu Claro,Simples,Reta,Sim,2,0,1,0,1,0,1,2,-27.658611,-48.681847,SPRF-SC,DEL01-SC,UOP02-DEL01-SC,2022
"414447,0",2022-02-12,sábado,08:20:00,SC,116,"210,0",PONTE ALTA,Velocidade Incompatível,Tombamento,Com Vítimas Feridas,Pleno dia,Crescente,Céu Claro,Simples,Curva,Não,1,0,1,0,0,0,1,1,-27.50285695,-50.36575969,SPRF-SC,DEL05-SC,UOP03-DEL05-SC,2022
"414457,0",2022-02-12,sábado,11:15:00,SC,470,"129,5",LONTRAS,Retorno proibido,Colisão transversal,Com Vítimas Fatais,Pleno dia,Decrescente,Sol,Simples,Reta,Não,5,1,0,4,0,0,4,2,-27.148499,-49.556137,SPRF-SC,DEL04-SC,UOP02-DEL04-SC,2022
"414460,0",2022-02-12,sábado,10:55:00,SC,101,"207,0",SAO JOSE,Condutor deixou de manter distância do veículo da frente,Engavetamento,Com Vítimas Feridas,Pleno dia,Crescente,Céu Claro,Múltipla,Reta,Sim,4,0,0,1,3,0,1,4,-27.60001226,-48.6226467,SPRF-SC,DEL01-SC,UOP01-DEL01-SC,2022
"414464,0",2022-02-12,sábado,11:00:00,SC,101,"135,0",BALNEARIO CAMBORIU,Reação tardia ou ineficiente do condutor,Colisão traseira,Com Vítimas Feridas,Pleno dia,Crescente,Céu Claro,Dupla,Reta,Não,3,0,2,0,1,0,2,2,-27.0050108,-48.62677494,SPRF-SC,DEL04-SC,UOP03-DEL04-SC,2022
"414468,0",2022-02-12,sábado,11:25:00,SC,101,"249,7",PAULO LOPES,Ausência de reação do condutor,Colisão com objeto,Com Vítimas Feridas,Pleno dia,Crescente,Céu Claro,Dupla,Reta,Não,1,0,1,0,0,0,1,1,-27.93414102,-48.66237393,SPRF-SC,DEL02-SC,UOP03-DEL02-SC,2022
"414479,0",2022-02-12,sábado,12:40:00,SC,470,"114,0",IBIRAMA,Conversão proibida,Colisão traseira,Com Vítimas Feridas,Pleno dia,Decrescente,Céu Claro,Simples,Reta,Não,6,0,1,0,5,0,1,2,-27.086386,-49.478001,SPRF-SC,DEL04-SC,UOP02-DEL04-SC,2022
"414511,0",2022-02-12,sábado,15:00:00,SC,101,"123,5",ITAJAI,Condutor deixou de manter distância do veículo da frente,Colisão traseira,Com Vítimas Feridas,Pleno dia,Crescente,Céu Claro,Dupla,Reta,Sim,3,0,1,0,2,0,1,3,-26.93668609,-48.69876905,SPRF-SC,DEL04-SC,UOP04-DEL04-SC,2022
"414516,0",2022-02-12,sábado,15:50:00,SC,101,"374,3",ICARA,Reação tardia ou ineficiente do condutor,Saída de leito carroçável,Com Vítimas Feridas,Pleno dia,Decrescente,Céu Claro,Dupla,Reta,Não,4,0,4,0,0,0,4,1,-28.71534412,-49.22723198,SPRF-SC,DEL02-SC,UOP01-DEL02-SC,2022
"414524,0",2022-02-12,sábado,14:15:00,SC,282,"618,6",IRACEMINHA,Avarias e/ou desgaste excessivo no pneu,Saída de leito carroçável,Com Vítimas Feridas,Pleno dia,Crescente,Ignorado,Simples,Declive;Curva,Não,1,0,1,0,0,0,1,1,-26.79407987,-53.29798222,SPRF-SC,DEL07-SC,UOP02-DEL07-SC,2022
"414526,0",2022-02-12,sábado,14:10:00,SC,470,"33,8",GASPAR,Pedestre cruzava a pista fora da faixa,Atropelamento de Pedestre,Com Vítimas Feridas,Pleno dia,Crescente,Nublado,Dupla,Reta,Não,2,0,1,0,0,1,1,2,-26.91041783,-48.9494133,SPRF-SC,DEL04-SC,UOP01-DEL04-SC,2022
"414531,0",2022-02-12,sábado,16:30:00,SC,101,"62,0",ARAQUARI,Velocidade Incompatível,Colisão com objeto,Sem Vítimas,Pleno dia,Decrescente,Céu Claro,Múltipla,Declive;Curva,Não,1,0,0,0,1,0,0,1,-26.45504246,-48.76711901,SPRF-SC,DEL03-SC,UOP02-DEL03-SC,2022
"414552,0",2022-02-12,sábado,13:30:00,SC,282,"424,9",VARGEM BONITA,Transitar na contramão,Colisão lateral sentido oposto,Com Vítimas Feridas,Pleno dia,Decrescente,Céu Claro,Simples,Desvio Temporário;Curva;Declive,Não,2,0,0,1,1,0,1,2,-26.988014,-51.753124,SPRF-SC,DEL07-SC,UOP05-DEL07-SC,2022
"414562,0",2022-02-12,sábado,19:40:00,SC,101,"137,0",BALNEARIO CAMBORIU,Mal súbito do condutor,Tombamento,Com Vítimas Feridas,Plena Noite,Crescente,Céu Claro,Dupla,Reta,Sim,1,0,1,0,0,0,1,1,-27.0157238,-48.61192763,SPRF-SC,DEL04-SC,UOP03-DEL04-SC,2022
"414569,0",2022-02-12,sábado,13:15:00,SC,101,"131,2",CAMBORIU,Condutor deixou de manter distância do veículo da frente,Colisão traseira,Com Vítimas Feridas,Pleno dia,Crescente,Sol,Dupla,Reta,Sim,2,0,0,1,1,0,1,2,-26.99064209,-48.66310912,SPRF-SC,DEL04-SC,UOP03-DEL04-SC,2022
"414584,0",2022-02-12,sábado,20:35:00,SC,116,"1,2",MAFRA,Ausência de reação do condutor,Colisão traseira,Sem Vítimas,Anoitecer,Decrescente,Céu Claro,Simples,Rotatória,Sim,2,0,0,0,2,0,0,1,-26.1170929,-49.78694917,SPRF-SC,DEL06-SC,UOP01-DEL06-SC,2022
"414590,0",2022-02-12,sábado,21:40:00,SC,470,"135,0",RIO DO SUL,Ingestão de álcool pelo condutor,Colisão com objeto,Com Vítimas Feridas,Plena Noite,Decrescente,Céu Claro,Simples,Reta,Não,1,0,1,0,0,0,1,1,-27.188492,-49.61232,SPRF-SC,DEL04-SC,UOP02-DEL04-SC,2022
"414612,0",2022-02-13,domingo,00:00:00,SC,101,"190,8",BIGUACU,Animais na Pista,Colisão com objeto,Com Vítimas Feridas,Plena Noite,Decrescente,Nublado,Múltipla,Curva,Não,2,0,1,0,1,0,1,1,-27.468056,-48.641712,SPRF-SC,DEL01-SC,UOP01-DEL01-SC,2022
"414627,0",2022-02-13,domingo,01:00:00,SC,282,"380,6",HERVAL DOESTE,Condutor Dormindo,Saída de leito carroçável,Com Vítimas Feridas,Plena Noite,Crescente,Nublado,Simples,Curva,Sim,3,0,3,0,0,0,3,1,-27.213797,-51.499413,SPRF-SC,DEL07-SC,UOP05-DEL07-SC,2022
"414637,0",2022-02-13,domingo,02:25:00,SC,101,"92,3",BARRA VELHA,Ingestão de álcool pelo condutor,Saída de leito carroçável,Com Vítimas Feridas,Plena Noite,Decrescente,Céu Claro,Dupla,Reta,Sim,5,0,3,0,2,0,3,4,-26.6806041,-48.6931497,SPRF-SC,DEL03-SC,UOP02-DEL03-SC,2022
"414641,0",2022-02-13,domingo,01:30:00,SC,116,"247,4",LAGES,Ingestão de álcool pelo condutor,Colisão com objeto,Com Vítimas Feridas,Plena Noite,Decrescente,Céu Claro,Simples,Reta,Sim,4,0,3,0,1,0,3,1,-27.81262488,-50.36859817,SPRF-SC,DEL05-SC,UOP02-DEL05-SC,2022
"414643,0",2022-02-13,domingo,01:00:00,SC,101,"294,0",IMBITUBA,Reação tardia ou ineficiente do condutor,Colisão com objeto,Sem Vítimas,Plena Noite,Decrescente,Céu Claro,Múltipla,Curva,Não,1,0,0,0,1,0,0,1,-28.3118306,-48.72315472,SPRF-SC,DEL02-SC,UOP03-DEL02-SC,2022
"414644,0",2022-02-13,domingo,03:00:00,SC,101,"334,0",TUBARAO,Demais falhas mecânicas ou elétricas,Tombamento,Com Vítimas Feridas,Plena Noite,Crescente,Céu Claro,Múltipla,Reta,Não,2,0,2,0,0,0,2,1,-28.47027297,-49.01809042,SPRF-SC,DEL02-SC,UOP01-DEL02-SC,2022
"414651,0",2022-02-13,domingo,04:00:00,SC,470,"175,0",POUSO REDONDO,Pedestre andava na pista,Atropelamento de Pedestre,Com Vítimas Feridas,Plena Noite,Decrescente,Céu Claro,Simples,Reta,Não,2,0,1,0,0,1,1,2,-27.25617,-49.938969,SPRF-SC,DEL04-SC,UOP02-DEL04-SC,2022
"414656,0",2022-02-13,domingo,04:40:00,SC,101,"156,5",PORTO BELO,Ingestão de álcool pelo condutor,Colisão traseira,Com Vítimas Feridas,Plena Noite,Crescente,Nublado,Dupla,Reta,Não,3,0,1,0,1,1,1,2,-27.172272,-48.61170204,SPRF-SC,DEL04-SC,UOP03-DEL04-SC,2022
"414660,0",2022-01-27,quinta-feira,14:30:00,SC,101,"306,0",LAGUNA,Ausência de reação do condutor,Saída de leito carroçável,Com Vítimas Feridas,Pleno dia,Decrescente,Chuva,Múltipla,Reta,Não,5,0,3,0,2,0,3,3,-28.40169434,-48.78709858,SPRF-SC,DEL02-SC,UOP03-DEL02-SC,2022
"414666,0",2022-02-13,domingo,06:00:00,SC,101,"145,0",ITAPEMA,Reação tardia ou ineficiente do condutor,Colisão com objeto,Com Vítimas Feridas,Pleno dia,Decrescente,Céu Claro,Dupla,Reta,Não,2,0,1,0,0,1,1,2,-27.08139206,-48.60130993,SPRF-SC,DEL04-SC,UOP03-DEL04-SC,2022
"414672,0",2022-02-13,domingo,05:30:00,SC,470,"9,5",NAVEGANTES,Ingestão de álcool pelo condutor,Colisão lateral sentido oposto,Sem Vítimas,Amanhecer,Decrescente,Céu Claro,Simples,Reta;Em Obras,Não,3,0,0,0,3,0,0,2,-26.833143,-48.727432,SPRF-SC,DEL04-SC,UOP04-DEL04-SC,2022
"414706,0",2022-02-13,domingo,09:00:00,SC,470,"87,3",ASCURRA,Acessar a via sem observar a presença dos outros veículos,Colisão transversal,Com Vítimas Feridas,Pleno dia,Decrescente,Céu Claro,Simples,Rotatória,Sim,3,0,3,0,0,0,3,2,-26.948483,-49.366833,SPRF-SC,DEL04-SC,UOP01-DEL04-SC,2022
"414722,0",2022-02-13,domingo,11:40:00,SC,101,"120,8",ITAJAI,Ausência de reação do condutor,Tombamento,Com Vítimas Feridas,Pleno dia,Crescente,Céu Claro,Dupla,Declive;Curva;Viaduto,Sim,2,0,2,0,0,0,2,1,-26.912758,-48.711998,SPRF-SC,DEL04-SC,UOP04-DEL04-SC,2022
"414727,0",2022-02-13,domingo,12:40:00,SC,470,"173,7",POUSO REDONDO,Ingestão de álcool pelo condutor,Tombamento,Com Vítimas Feridas,Pleno dia,Crescente,Céu Claro,Simples,Reta,Sim,1,0,1,0,0,0,1,1,-27.258,-49.928,SPRF-SC,DEL04-SC,UOP02-DEL04-SC,2022
"414740,0",2022-02-13,domingo,13:00:00,SC,101,"28,3",JOINVILLE,Ultrapassagem Indevida,Colisão lateral mesmo sentido,Com Vítimas Feridas,Pleno dia,Decrescente,Sol,Dupla,Reta,Não,4,0,3,0,0,1,3,2,-26.21382099,-48.9158535,SPRF-SC,DEL03-SC,UOP01-DEL03-SC,2022
"414751,0",2022-02-13,domingo,14:10:00,SC,282,"529,7",CORDILHEIRA ALTA,Velocidade Incompatível,Saída de leito carroçável,Com Vítimas Feridas,Pleno dia,Crescente,Sol,Simples,Curva,Não,3,0,3,0,0,0,3,1,-26.983683,-52.60226,SPRF-SC,DEL07-SC,UOP01-DEL07-SC,2022
"414755,0",2022-02-13,domingo,15:50:00,SC,101,"192,0",BIGUACU,Condutor deixou de manter distância do veículo da frente,Colisão lateral mesmo sentido,Sem Vítimas,Pleno dia,Decrescente,Céu Claro,Simples,Reta,Sim,2,0,0,0,2,0,0,2,-27.48443781,-48.64765238,SPRF-SC,DEL01-SC,UOP01-DEL01-SC,2022
"414780,0",2022-02-13,domingo,17:45:00,SC,101,"150,3",ITAPEMA,Manobra de mudança de faixa,Colisão traseira,Com Vítimas Feridas,Pleno dia,Decrescente,Céu Claro,Dupla,Reta,Sim,2,0,1,0,1,0,1,2,-27.11744799,-48.60940987,SPRF-SC,DEL04-SC,UOP03-DEL04-SC,2022
"414785,0",2022-02-13,domingo,17:18:00,SC,101,"125,9",ITAJAI,Manobra de mudança de faixa,Colisão lateral mesmo sentido,Com Vítimas Feridas,Pleno dia,Decrescente,Céu Claro,Dupla,Reta,Sim,2,0,1,0,1,0,1,2,-26.94802427,-48.68338515,SPRF-SC,DEL04-SC,UOP04-DEL04-SC,2022
"414803,0",2022-02-13,domingo,19:00:00,SC,101,"328,0",CAPIVARI DE BAIXO,Acessar a via sem observar a presença dos outros veículos,Colisão com objeto,Com Vítimas Feridas,Plena Noite,Crescente,Chuva,Dupla,Reta,Não,3,0,2,0,1,0,2,1,-28.43648094,-48.95989307,SPRF-SC,DEL02-SC,UOP01-DEL02-SC,2022
"414826,0",2022-02-13,domingo,20:00:00,SC,101,"149,0",ITAPEMA,Reação tardia ou ineficiente do condutor,Colisão transversal,Com Vítimas Feridas,Plena Noite,Decrescente,Céu Claro,Simples,Reta,Sim,2,0,0,1,1,0,1,2,-27.1089649,-48.61277586,SPRF-SC,DEL04-SC,UOP03-DEL04-SC,2022
"414830,0",2022-02-13,domingo,21:00:00,SC,101,"368,4",ICARA,Condutor deixou de manter distância do veículo da frente,Colisão traseira,Sem Vítimas,Plena Noite,Crescente,Garoa/Chuvisco,Múltipla,Aclive,Sim,2,0,0,0,2,0,0,2,-28.69775604,-49.182934,SPRF-SC,DEL02-SC,UOP01-DEL02-SC,2022
"414831,0",2022-02-13,domingo,21:10:00,SC,101,"132,0",BALNEARIO CAMBORIU,Acesso irregular,Colisão transversal,Com Vítimas Feridas,Plena Noite,Crescente,Céu Claro,Simples,Reta,Sim,2,0,0,1,1,0,1,2,-26.99654133,-48.65564711,SPRF-SC,DEL04-SC,UOP03-DEL04-SC,2022
"414843,0",2022-02-13,domingo,22:20:00,SC,470,"6,4",NAVEGANTES,Condutor deixou de manter distância do veículo da frente,Colisão traseira,Com Vítimas Feridas,Plena Noite,Crescente,Nublado,Dupla,Reta,Não,2,0,1,0,1,0,1,2,-26.852238,-48.709545,SPRF-SC,DEL04-SC,UOP04-DEL04-SC,2022
"414852,0",2022-02-13,domingo,23:10:00,SC,470,"18,5",ILHOTA,Condutor Dormindo,Saída de leito carroçável,Com Vítimas Feridas,Plena Noite,Crescente,Céu Claro,Simples,Em Obras;Desvio Temporário,Não,1,0,1,0,0,0,1,1,-26.855534,-48.808922,SPRF-SC,DEL04-SC,UOP04-DEL04-SC,2022
"414875,0",2022-02-14,segunda-feira,03:30:00,SC,101,"146,9",ITAPEMA,Velocidade Incompatível,Colisão com objeto,Com Vítimas Feridas,Plena Noite,Decrescente,Garoa/Chuvisco,Dupla,Declive,Sim,1,0,1,0,0,0,1,1,-27.08666525,-48.60955587,SPRF-SC,DEL04-SC,UOP03-DEL04-SC,2022
"414903,0",2022-02-14,segunda-feira,07:20:00,SC,470,"53,0",BLUMENAU,Reação tardia ou ineficiente do condutor,Colisão traseira,Sem Vítimas,Pleno dia,Decrescente,Céu Claro,Simples,Rotatória,Sim,2,0,0,0,2,0,0,2,-26.867121,-49.102066,SPRF-SC,DEL04-SC,UOP01-DEL04-SC,2022
"414906,0",2022-02-14,segunda-feira,07:00:00,SC,101,"137,4",BALNEARIO CAMBORIU,Manobra de mudança de faixa,Colisão lateral mesmo sentido,Com Vítimas Feridas,Pleno dia,Decrescente,Céu Claro,Múltipla,Interseção de Vias;Reta,Sim,2,0,1,0,1,0,1,2,-27.0157238,-48.61192763,SPRF-SC,DEL04-SC,UOP03-DEL04-SC,2022
"414915,0",2022-02-14,segunda-feira,08:50:00,SC,101,"135,0",BALNEARIO CAMBORIU,Reação tardia ou ineficiente do condutor,Colisão traseira,Com Vítimas Feridas,Pleno dia,Decrescente,Nublado,Múltipla,Reta,Não,5,0,3,0,2,0,3,4,-27.0050108,-48.62677494,SPRF-SC,DEL04-SC,UOP03-DEL04-SC,2022
"414918,0",2022-02-14,segunda-feira,09:10:00,SC,101,"134,0",BALNEARIO CAMBORIU,Transitar na contramão,Colisão lateral sentido oposto,Sem Vítimas,Pleno dia,Decrescente,Céu Claro,Simples,Reta,Sim,2,0,0,0,2,0,0,2,-27.00260381,-48.63390153,SPRF-SC,DEL04-SC,UOP03-DEL04-SC,2022
"414930,0",2022-02-14,segunda-feira,08:40:00,SC,116,"247,8",LAGES,Acessar a via sem observar a presença dos outros veículos,Colisão transversal,Com Vítimas Feridas,Pleno dia,Crescente,Chuva,Simples,Interseção de Vias,Sim,2,0,1,0,1,0,1,2,-27.81262488,-50.36859817,SPRF-SC,DEL05-SC,UOP02-DEL05-SC,2022
"414963,0",2022-02-14,segunda-feira,17:10:00,SC,470,"68,0",INDAIAL,Acessar a via sem observar a presença dos outros veículos,Colisão transversal,Com Vítimas Feridas,Pleno dia,Crescente,Céu Claro,Simples,Reta,Sim,2,0,0,1,1,0,1,2,-26.877615,-49.239231,SPRF-SC,DEL04-SC,UOP01-DEL04-SC,2022
"414965,0",2022-02-14,segunda-feira,18:10:00,SC,282,"5,0",SAO JOSE,Trafegar com motocicleta (ou similar) entre as faixas,Colisão lateral mesmo sentido,Com Vítimas Feridas,Pleno dia,Decrescente,Sol,Dupla,Reta;Declive,Sim,2,0,0,1,1,0,1,2,-27.588425,-48.612919,SPRF-SC,DEL01-SC,UOP01-DEL01-SC,2022
"415006,0",2022-02-14,segunda-feira,18:00:00,SC,280,"58,6",GUARAMIRIM,Conversão proibida,Colisão transversal,Com Vítimas Feridas,Pleno dia,Crescente,Nublado,Simples,Interseção de Vias;Curva,Sim,2,0,0,1,1,0,1,2,-26.47540376,-49.03122067,SPRF-SC,DEL03-SC,UOP03-DEL03-SC,2022
"415008,0",2022-02-14,segunda-feira,18:45:00,SC,282,"22,1",ARAQUARI,Reação tardia ou ineficiente do condutor,Engavetamento,Com Vítimas Feridas,Plena Noite,Crescente,Chuva,Simples,Reta,Não,7,0,2,0,5,0,2,3,-26.370987,-48.702923,SPRF-SC,DEL01-SC,UOP02-DEL01-SC,2022
"415027,0",2022-02-14,segunda-feira,22:45:00,SC,282,"52,0",AGUAS MORNAS,Transitar na contramão,Colisão frontal,Com Vítimas Feridas,Plena Noite,Crescente,Céu Claro,Simples,Curva,Não,3,0,0,1,2,0,1,3,-27.696936,-48.964138,SPRF-SC,DEL01-SC,UOP03-DEL01-SC,2022
"415038,0",2022-02-15,terça-feira,02:20:00,SC,101,"208,2",SAO JOSE,Ingestão de álcool pelo condutor,Saída de leito carroçável,Sem Vítimas,Plena Noite,Decrescente,Céu Claro,Simples,Reta,Sim,1,0,0,0,1,0,0,1,-27.60327979,-48.63201818,SPRF-SC,DEL01-SC,UOP01-DEL01-SC,2022
"415045,0",2022-02-14,segunda-feira,23:00:00,SC,158,"105,1",CUNHA PORA,Reação tardia ou ineficiente do condutor,Saída de leito carroçável,Com Vítimas Feridas,Plena Noite,Decrescente,Céu Claro,Simples,Curva;Aclive,Não,1,0,0,1,0,0,1,1,-26.86897509,-53.16247716,SPRF-SC,DEL07-SC,UOP02-DEL07-SC,2022
"415048,0",2022-02-14,segunda-feira,14:10:00,SC,101,"1,3",GARUVA,Reação tardia ou ineficiente do condutor,Colisão traseira,Sem Vítimas,Pleno dia,Crescente,Céu Claro,Múltipla,Reta,Não,2,0,0,0,2,0,0,2,-25.99190564,-48.88170898,SPRF-SC,DEL03-SC,UOP01-DEL03-SC,2022
"415054,0",2022-02-15,terça-feira,07:30:00,SC,101,"217,8",PALHOCA,Reação tardia ou ineficiente do condutor,Colisão transversal,Com Vítimas Feridas,Pleno dia,Decrescente,Céu Claro,Dupla,Interseção de Vias,Não,2,0,1,0,1,0,1,2,-27.66779034,-48.67393586,SPRF-SC,DEL01-SC,UOP02-DEL01-SC,2022
"415067,0",2022-02-15,terça-feira,08:50:00,SC,101,"142,7",ITAPEMA,Problema na suspensão,Saída de leito carroçável,Com Vítimas Feridas,Pleno dia,Decrescente,Céu Claro,Múltipla,Reta,Sim,1,0,1,0,0,0,1,1,-27.056089,-48.599449,SPRF-SC,DEL04-SC,UOP03-DEL04-SC,2022
"415123,0",2022-02-15,terça-feira,13:05:00,SC,285,"34,8",TIMBE DO SUL,Desrespeitar a preferência no cruzamento,Colisão transversal,Com Vítimas Feridas,Pleno dia,Decrescente,Céu Claro,Simples,Rotatória,Não,3,0,0,2,1,0,2,2,-28.82953873,-49.84103724,SPRF-SC,DEL02-SC,UOP02-DEL02-SC,2022
"415147,0",2022-02-15,terça-feira,17:50:00,SC,280,"50,0",GUARAMIRIM,Acesso irregular,Colisão transversal,Com Vítimas Feridas,Pleno dia,Crescente,Céu Claro,Simples,Reta,Sim,2,0,1,0,1,0,1,2,-26.4619489,-48.94618404,SPRF-SC,DEL03-SC,UOP03-DEL03-SC,2022
"415154,0",2022-02-15,terça-feira,17:30:00,SC,282,"538,2",CHAPECO,Demais falhas mecânicas ou elétricas,Tombamento,Com Vítimas Feridas,Pleno dia,Decrescente,Céu Claro,Simples,Reta,Não,2,0,2,0,0,0,2,1,-26.998323,-52.673199,SPRF-SC,DEL07-SC,UOP01-DEL07-SC,2022
"415162,0",2022-02-15,terça-feira,18:00:00,SC,101,"207,0",SAO JOSE,Ingestão de álcool pelo condutor,Colisão traseira,Com Vítimas Feridas,Anoitecer,Crescente,Céu Claro,Dupla,Aclive,Sim,2,0,1,0,1,0,1,2,-27.60001226,-48.6226467,SPRF-SC,DEL01-SC,UOP01-DEL01-SC,2022
"415167,0",2022-02-15,terça-feira,11:33:00,SC,470,"176,9",POUSO REDONDO,Desrespeitar a preferência no cruzamento,Colisão transversal,Com Vítimas Feridas,Pleno dia,Crescente,Céu Claro,Simples,Rotatória,Não,2,0,1,0,1,0,1,2,-27.254238,-49.948658,SPRF-SC,DEL04-SC,UOP02-DEL04-SC,2022
"415185,0",2022-02-15,terça-feira,17:45:00,SC,470,"43,0",BLUMENAU,Condutor deixou de manter distância do veículo da frente,Colisão traseira,Com Vítimas Feridas,Pleno dia,Decrescente,Céu Claro,Simples,Reta,Não,2,0,1,0,1,0,1,2,-26.874519,-49.013454,SPRF-SC,DEL04-SC,UOP01-DEL04-SC,2022