id,data_inversa,dia_semana,horario,uf,br,km,municipio,causa_acidente,tipo_acidente,classificacao_acidente,fase_dia,sentido_via,condicao_metereologica,tipo_pista,tracado_via,uso_solo,pessoas,mortos,feridos_leves,feridos_graves,ilesos,ignorados,feridos,veiculos,latitude,longitude,regional,delegacia,uop,ano_arquivo
"415209,0",2022-02-15,terça-feira,23:15:00,SC,101,"287,0",IMBITUBA,Objeto estático sobre o leito carroçável,Tombamento,Com Vítimas Feridas,Plena Noite,Crescente,Céu Claro,Dupla,Reta,Não,1,0,1,0,0,0,1,1,-28.23766496,-48.70059767,SPRF-SC,DEL02-SC,UOP03-DEL02-SC,2022
"415232,0",2022-02-16,quarta-feira,06:50:00,SC,101,"411,3",ARARANGUA,Desrespeitar a preferência no cruzamento,Colisão transversal,Com Vítimas Feridas,Pleno dia,Decrescente,Céu Claro,Simples,Rotatória,Sim,3,0,1,0,2,0,1,2,-28.93112097,-49.4940421,SPRF-SC,DEL02-SC,UOP02-DEL02-SC,2022
"415251,0",2022-02-16,quarta-feira,10:05:00,SC,101,"207,7",SAO JOSE,Acessar a via sem observar a presença dos outros veículos,Colisão lateral mesmo sentido,Com Vítimas Feridas,Pleno dia,Crescente,Céu Claro,Múltipla,Curva,Sim,2,0,0,1,1,0,1,2,-27.60001226,-48.6226467,SPRF-SC,DEL01-SC,UOP01-DEL01-SC,2022
"415259,0",2022-02-16,quarta-feira,08:50:00,SC,116,"7,0",MAFRA,Acessar a via sem observar a presença dos outros veículos,Colisão transversal,Com Vítimas Feridas,Pleno dia,Crescente,Céu Claro,Simples,Interseção de Vias,Sim,3,0,1,0,2,0,1,2,-26.15196176,-49.83102416,SPRF-SC,DEL06-SC,UOP01-DEL06-SC,2022
"415310,0",2022-02-09,quarta-feira,09:00:00,SC,282,"5,0",FLORIANOPOLIS,Ausência de reação do condutor,Colisão lateral mesmo sentido,Com Vítimas Feridas,Pleno dia,Decrescente,Céu Claro,Dupla,Reta,Sim,2,0,1,0,1,0,1,2,-27.588425,-48.612919,SPRF-SC,DEL01-SC,UOP01-DEL01-SC,2022
"415341,0",2022-02-16,quarta-feira,17:15:00,SC,101,"201,6",SAO JOSE,Trafegar com motocicleta (ou similar) entre as faixas,Colisão lateral mesmo sentido,Com Vítimas Feridas,Pleno dia,Decrescente,Sol,Dupla,Reta,Sim,2,0,0,1,1,0,1,2,-27.54836599,-48.61977975,SPRF-SC,DEL01-SC,UOP01-DEL01-SC,2022
"415359,0",2022-02-16,quarta-feira,17:25:00,SC,470,"55,3",BLUMENAU,Conversão proibida,Colisão transversal,Com Vítimas Feridas,Pleno dia,Decrescente,Céu Claro,Simples,Reta,Sim,2,0,1,0,1,0,1,2,-26.8764305,-49.12145019,SPRF-SC,DEL04-SC,UOP01-DEL04-SC,2022
"415360,0",2022-02-16,quarta-feira,17:30:00,SC,101,"333,7",TUBARAO,Desrespeitar a preferência no cruzamento,Colisão transversal,Com Vítimas Feridas,Pleno dia,Decrescente,Céu Claro,Múltipla,Interseção de Vias;Reta,Sim,3,0,1,0,2,0,1,2,-28.469692,-49.015006,SPRF-SC,DEL02-SC,UOP01-DEL02-SC,2022
"415363,0",2022-02-16,quarta-feira,18:00:00,SC,282,"17,5",PALHOCA,Desrespeitar a preferência no cruzamento,Colisão transversal,Com Vítimas Feridas,Pleno dia,Crescente,Céu Claro,Simples,Interseção de Vias,Sim,2,0,1,0,1,0,1,2,-27.665707,-48.688065,SPRF-SC,DEL01-SC,UOP02-DEL01-SC,2022
"415368,0",2022-02-16,quarta-feira,18:00:00,SC,101,"263,3",GAROPABA,Acessar a via sem observar a presença dos outros veículos,Colisão transversal,Com Vítimas Feridas,Pleno dia,Crescente,Céu Claro,Múltipla,Reta,Sim,2,0,1,1,0,0,2,2,-28.04823528,-48.71559978,SPRF-SC,DEL02-SC,UOP03-DEL02-SC,2022
"415382,0",2022-02-16,quarta-feira,21:00:00,SC,470,"52,8",BLUMENAU,Reação tardia ou ineficiente do condutor,Colisão transversal,Com Vítimas Feridas,Plena Noite,Decrescente,Nublado,Simples,Interseção de Vias,Sim,2,0,1,0,1,0,1,2,-26.86619019,-49.10045385,SPRF-SC,DEL04-SC,UOP01-DEL04-SC,2022
"415394,0",2022-02-16,quarta-feira,22:40:00,SC,101,"200,8",SAO JOSE,Ausência de reação do condutor,Colisão traseira,Com Vítimas Feridas,Plena Noite,Crescente,Nublado,Múltipla,Reta,Sim,3,0,1,1,1,0,2,2,-27.54018513,-48.62287714,SPRF-SC,DEL01-SC,UOP01-DEL01-SC,2022
"415396,0",2022-02-16,quarta-feira,22:50:00,SC,101,"212,6",PALHOCA,Manobra de mudança de faixa,Colisão lateral mesmo sentido,Com Vítimas Feridas,Plena Noite,Decrescente,Céu Claro,Simples,Reta,Sim,2,0,1,1,0,0,2,2,-27.62996929,-48.65903871,SPRF-SC,DEL01-SC,UOP02-DEL01-SC,2022
"415423,0",2022-02-17,quinta-feira,07:35:00,SC,101,"197,3",BIGUACU,Trafegar com motocicleta (ou similar) entre as faixas,Colisão lateral mesmo sentido,Com Vítimas Feridas,Pleno dia,Crescente,Céu Claro,Múltipla,Reta,Sim,2,0,1,0,1,0,1,2,-27.51844497,-48.63848496,SPRF-SC,DEL01-SC,UOP01-DEL01-SC,2022
"415437,0",2022-02-17,quinta-feira,09:20:00,SC,101,"197,0",BIGUACU,Condutor deixou de manter distância do veículo da frente,Colisão lateral mesmo sentido,Com Vítimas Feridas,Pleno dia,Crescente,Céu Claro,Múltipla,Reta,Sim,3,0,3,0,0,0,3,2,-27.51844497,-48.63848496,SPRF-SC,DEL01-SC,UOP01-DEL01-SC,2022
"415442,0",2022-02-06,domingo,16:05:00,SC,116,"241,0",LAGES,Transitar na contramão,Colisão frontal,Com Vítimas Feridas,Pleno dia,Crescente,Sol,Simples,Curva,Não,2,0,0,1,1,0,1,2,-27.7677660209,-50.3366849062,SPRF-SC,DEL05-SC,UOP01-DEL05-SC,2022
"415452,0",2022-02-17,quinta-feira,10:20:00,SC,101,"149,6",ITAPEMA,Manobra de mudança de faixa,Colisão lateral mesmo sentido,Com Vítimas Feridas,Pleno dia,Decrescente,Nublado,Dupla,Reta,Sim,2,0,1,0,1,0,1,2,-27.1089649,-48.61277586,SPRF-SC,DEL04-SC,UOP03-DEL04-SC,2022
"415453,0",2022-02-17,quinta-feira,07:15:00,SC,470,"142,2",RIO DO SUL,Ingestão de álcool pelo condutor,Colisão com objeto,Sem Vítimas,Pleno dia,Decrescente,Sol,Simples,Curva,Sim,1,0,0,0,1,0,0,1,-27.229801,-49.6693,SPRF-SC,DEL04-SC,UOP02-DEL04-SC,2022
"415488,0",2022-02-17,quinta-feira,13:50:00,SC,101,"416,0",ARARANGUA,Desrespeitar a preferência no cruzamento,Colisão transversal,Com Vítimas Feridas,Pleno dia,Crescente,Céu Claro,Múltipla,Interseção de Vias,Sim,2,0,1,0,1,0,1,2,-28.97304891,-49.52978432,SPRF-SC,DEL02-SC,UOP02-DEL02-SC,2022
"415510,0",2022-02-17,quinta-feira,16:30:00,SC,282,"83,0",ALFREDO WAGNER,Acumulo de água sobre o pavimento,Colisão frontal,Com Vítimas Feridas,Pleno dia,Decrescente,Garoa/Chuvisco,Simples,Curva,Não,3,0,0,1,2,0,1,2,-27.666153,-49.175022,SPRF-SC,DEL01-SC,UOP03-DEL01-SC,2022
"415525,0",2022-02-17,quinta-feira,18:00:00,SC,101,"39,0",JOINVILLE,Chuva,Tombamento,Com Vítimas Feridas,Anoitecer,Crescente,Chuva,Dupla,Reta,Sim,1,0,1,0,0,0,1,1,-26.2628107,-48.90192257,SPRF-SC,DEL03-SC,UOP01-DEL03-SC,2022
"415528,0",2022-02-17,quinta-feira,19:20:00,SC,101,"206,9",SAO JOSE,Desrespeitar a preferência no cruzamento,Queda de ocupante de veículo,Com Vítimas Feridas,Plena Noite,Decrescente,Céu Claro,Dupla,Viaduto,Não,2,0,1,0,1,0,1,2,-27.61000542,-48.63895057,SPRF-SC,DEL01-SC,UOP01-DEL01-SC,2022
"415534,0",2022-02-17,quinta-feira,19:30:00,SC,101,"121,8",ITAJAI,Trafegar com motocicleta (ou similar) entre as faixas,Colisão lateral mesmo sentido,Com Vítimas Feridas,Plena Noite,Crescente,Garoa/Chuvisco,Dupla,Reta,Sim,2,0,1,0,1,0,1,2,-26.92103178,-48.70856446,SPRF-SC,DEL04-SC,UOP04-DEL04-SC,2022
"415544,0",2022-02-17,quinta-feira,18:30:00,SC,101,"117,9",ITAJAI,Manobra de mudança de faixa,Colisão lateral mesmo sentido,Com Vítimas Feridas,Anoitecer,Decrescente,Nublado,Dupla,Reta,Não,2,0,1,0,1,0,1,2,-26.88747187,-48.72252969,SPRF-SC,DEL04-SC,UOP04-DEL04-SC,2022
"415549,0",2022-02-17,quinta-feira,12:40:00,SC,101,"134,0",BALNEARIO CAMBORIU,Ausência de reação do condutor,Colisão transversal,Com Vítimas Feridas,Pleno dia,Crescente,Céu Claro,Simples,Reta,Sim,2,0,1,0,1,0,1,2,-27.00218,-48.636433,SPRF-SC,DEL04-SC,UOP03-DEL04-SC,2022
"415553,0",2022-02-17,quinta-feira,22:30:00,SC,101,"431,0",SOMBRIO,Reação tardia ou ineficiente do condutor,Tombamento,Com Vítimas Feridas,Plena Noite,Decrescente,Céu Claro,Dupla,Reta,Não,1,0,1,0,0,0,1,1,-29.064526,-49.62464101,SPRF-SC,DEL02-SC,UOP02-DEL02-SC,2022
"415562,0",2022-02-17,quinta-feira,23:40:00,SC,101,"98,0",BALNEARIO PICARRAS,Animais na Pista,Atropelamento de Animal,Com Vítimas Fatais,Plena Noite,Decrescente,Céu Claro,Dupla,Reta,Não,1,1,0,0,0,0,0,1,-26.73997662,-48.69840145,SPRF-SC,DEL03-SC,UOP02-DEL03-SC,2022
"415566,0",2022-02-18,sexta-feira,02:10:00,SC,101,"193,1",BIGUACU,Ingestão de álcool pelo condutor,Saída de leito carroçável,Com Vítimas Feridas,Plena Noite,Decrescente,Nublado,Múltipla,Reta,Sim,1,0,1,0,0,0,1,1,-27.489574,-48.655914,SPRF-SC,DEL01-SC,UOP01-DEL01-SC,2022
"415576,0",2022-02-18,sexta-feira,01:20:00,SC,101,"409,0",ARARANGUA,Ausência de reação do condutor,Tombamento,Com Vítimas Feridas,Plena Noite,Crescente,Céu Claro,Dupla,Reta,Sim,1,0,0,1,0,0,1,1,-28.90746181,-49.48048824,SPRF-SC,DEL02-SC,UOP02-DEL02-SC,2022
"415591,0",2022-02-18,sexta-feira,07:20:00,SC,470,"138,7",RIO DO SUL,Desrespeitar a preferência no cruzamento,Colisão transversal,Com Vítimas Feridas,Pleno dia,Crescente,Céu Claro,Simples,Reta,Sim,2,0,2,0,0,0,2,2,-27.207214,-49.648476,SPRF-SC,DEL04-SC,UOP02-DEL04-SC,2022
"415632,0",2022-02-18,sexta-feira,11:30:00,SC,101,"195,2",BIGUACU,Desrespeitar a preferência no cruzamento,Atropelamento de Pedestre,Com Vítimas Feridas,Pleno dia,Decrescente,Sol,Múltipla,Interseção de Vias;Viaduto,Sim,2,0,1,0,1,0,1,2,-27.5064958,-48.64985347,SPRF-SC,DEL01-SC,UOP01-DEL01-SC,2022
"415633,0",2022-02-18,sexta-feira,11:50:00,SC,101,"214,9",PALHOCA,Manobra de mudança de faixa,Colisão lateral mesmo sentido,Com Vítimas Feridas,Pleno dia,Crescente,Nublado,Dupla,Reta,Sim,2,0,1,0,1,0,1,2,-27.64443,-48.67057,SPRF-SC,DEL01-SC,UOP02-DEL01-SC,2022
"415643,0",2022-02-18,sexta-feira,12:20:00,SC,282,"22,7",SANTO AMARO DA IMPERATRIZ,Reação tardia ou ineficiente do condutor,Engavetamento,Com Vítimas Feridas,Pleno dia,Decrescente,Nublado,Simples,Reta,Sim,5,0,0,1,3,1,1,5,-27.68856667,-48.73587459,SPRF-SC,DEL01-SC,UOP02-DEL01-SC,2022
"415647,0",2022-02-13,domingo,14:10:00,SC,116,"107,8",MONTE CASTELO,Velocidade Incompatível,Saída de leito carroçável,Sem Vítimas,Pleno dia,Crescente,Céu Claro,Simples,Reta;Declive,Não,1,0,0,0,1,0,0,1,-26.7556881758,-50.3281238839,SPRF-SC,DEL06-SC,UOP02-DEL06-SC,2022
"415655,0",2022-02-16,quarta-feira,22:25:00,SC,280,"24,0",ARAQUARI,Deficiência do Sistema de Iluminação/Sinalização,Colisão traseira,Com Vítimas Feridas,Plena Noite,Crescente,Céu Claro,Simples,Interseção de Vias,Sim,2,0,0,1,1,0,1,2,-26.37724921,-48.71953282,SPRF-SC,DEL03-SC,UOP03-DEL03-SC,2022
"415679,0",2022-02-18,sexta-feira,10:15:00,SC,480,"129,4",CHAPECO,Acessar a via sem observar a presença dos outros veículos,Colisão transversal,Sem Vítimas,Pleno dia,Decrescente,Sol,Simples,Viaduto,Não,2,0,0,0,2,0,0,2,-27.04656607,-52.63577131,SPRF-SC,DEL07-SC,UOP01-DEL07-SC,2022
"415682,0",2022-02-18,sexta-feira,15:10:00,SC,101,"405,0",ARARANGUA,Ausência de reação do condutor,Colisão traseira,Com Vítimas Feridas,Pleno dia,Crescente,Sol,Dupla,Reta,Não,2,0,1,0,0,1,1,2,-28.88548916,-49.4630158,SPRF-SC,DEL02-SC,UOP02-DEL02-SC,2022
"415694,0",2022-02-18,sexta-feira,18:00:00,SC,101,"148,0",ITAPEMA,Demais falhas mecânicas ou elétricas,Tombamento,Com Vítimas Feridas,Pleno dia,Crescente,Nublado,Múltipla,Reta,Sim,2,0,1,0,1,0,1,1,-27.10123686,-48.61807962,SPRF-SC,DEL04-SC,UOP03-DEL04-SC,2022
"415708,0",2022-02-18,sexta-feira,20:00:00,SC,101,"201,7",SAO JOSE,Manobra de mudança de faixa,Colisão lateral mesmo sentido,Com Vítimas Feridas,Plena Noite,Decrescente,Nublado,Múltipla,Reta,Sim,2,0,1,0,1,0,1,2,-27.54836599,-48.61977975,SPRF-SC,DEL01-SC,UOP01-DEL01-SC,2022
"415747,0",2022-02-18,sexta-feira,19:45:00,SC,116,"310,1",CAPAO ALTO,Curva acentuada,Colisão transversal,Com Vítimas Feridas,Plena Noite,Decrescente,Céu Claro,Simples,Ponte,Não,3,0,0,3,0,0,3,2,-28.2067337,-50.7582856,SPRF-SC,DEL05-SC,UOP02-DEL05-SC,2022
"415752,0",2022-02-18,sexta-feira,18:00:00,SC,280,"270,8",IRINEOPOLIS,Transitar na contramão,Colisão frontal,Com Vítimas Feridas,Anoitecer,Decrescente,Nublado,Simples,Reta,Não,2,0,1,0,1,0,1,2,-26.26796011,-50.73644694,SPRF-SC,DEL06-SC,UOP04-DEL06-SC,2022
"415756,0",2022-02-18,sexta-feira,23:10:00,SC,470,"3,8",NAVEGANTES,Acessar a via sem observar a presença dos outros veículos,Colisão transversal,Com Vítimas Feridas,Plena Noite,Decrescente,Céu Claro,Dupla,Rotatória,Não,2,0,1,0,0,1,1,2,-26.861937,-48.681618,SPRF-SC,DEL04-SC,UOP04-DEL04-SC,2022
"415760,0",2022-02-19,sábado,00:00:00,SC,282,"513,7",XAXIM,Condutor deixou de manter distância do veículo da frente,Colisão traseira,Com Vítimas Feridas,Plena Noite,Decrescente,Céu Claro,Simples,Reta,Não,2,0,1,0,1,0,1,2,-26.91486,-52.480682,SPRF-SC,DEL07-SC,UOP01-DEL07-SC,2022
"415762,0",2022-02-19,sábado,00:30:00,SC,101,"146,0",ITAPEMA,Ingestão de álcool pelo condutor,Colisão com objeto,Sem Vítimas,Plena Noite,Decrescente,Nublado,Dupla,Reta,Sim,2,0,0,0,2,0,0,2,-27.08666525,-48.60955587,SPRF-SC,DEL04-SC,UOP03-DEL04-SC,2022
"415774,0",2022-02-19,sábado,04:20:00,SC,101,"204,2",SAO JOSE,Ausência de reação do condutor,Colisão com objeto,Com Vítimas Feridas,Plena Noite,Decrescente,Céu Claro,Múltipla,Reta,Sim,1,0,0,1,0,0,1,1,-27.57413014,-48.61363083,SPRF-SC,DEL01-SC,UOP01-DEL01-SC,2022
"415777,0",2022-02-19,sábado,04:45:00,SC,101,"103,4",BALNEARIO PICARRAS,Reação tardia ou ineficiente do condutor,Capotamento,Com Vítimas Feridas,Plena Noite,Decrescente,Céu Claro,Dupla,Reta,Não,4,0,0,1,2,1,1,3,-26.7832381,-48.68314632,SPRF-SC,DEL03-SC,UOP02-DEL03-SC,2022
"415787,0",2022-02-19,sábado,02:15:00,SC,163,"71,0",SAO MIGUEL DO OESTE,Acessar a via sem observar a presença dos outros veículos,Colisão transversal,Sem Vítimas,Plena Noite,Decrescente,Céu Claro,Dupla,Interseção de Vias;Reta,Sim,3,0,0,0,2,1,0,2,-26.72546935,-53.51330996,SPRF-SC,DEL07-SC,UOP03-DEL07-SC,2022
"415806,0",2022-02-19,sábado,07:15:00,SC,470,"135,0",RIO DO SUL,Transitar na contramão,Colisão frontal,Com Vítimas Feridas,Pleno dia,Crescente,Nublado,Simples,Reta,Sim,4,0,3,1,0,0,4,2,-27.18315002,-49.60241318,SPRF-SC,DEL04-SC,UOP02-DEL04-SC,2022
"415844,0",2022-02-19,sábado,12:15:00,SC,101,"410,4",ARARANGUA,Condutor deixou de manter distância do veículo da frente,Colisão lateral mesmo sentido,Com Vítimas Feridas,Pleno dia,Crescente,Céu Claro,Simples,Reta,Sim,3,0,2,0,1,0,2,2,-28.94295271,-49.50094521,SPRF-SC,DEL02-SC,UOP02-DEL02-SC,2022
"415856,0",2022-02-19,sábado,13:20:00,SC,282,"326,0",CAMPOS NOVOS,Reação tardia ou ineficiente do condutor,Colisão traseira,Sem Vítimas,Pleno dia,Crescente,Céu Claro,Simples,Aclive,Não,10,0,0,0,10,0,0,3,-27.38060861,-51.0987854,SPRF-SC,DEL07-SC,UOP06-DEL07-SC,2022
"415887,0",2022-02-19,sábado,14:40:00,SC,470,"48,6",BLUMENAU,Manobra de mudança de faixa,Tombamento,Com Vítimas Feridas,Pleno dia,Decrescente,Sol,Simples,Em Obras;Reta,Sim,2,0,2,0,0,0,2,1,-26.859823,-49.055393,SPRF-SC,DEL04-SC,UOP01-DEL04-SC,2022
"415897,0",2022-02-19,sábado,16:00:00,SC,470,"4,0",NAVEGANTES,Desrespeitar a preferência no cruzamento,Colisão transversal,Com Vítimas Feridas,Pleno dia,Crescente,Céu Claro,Simples,Rotatória,Não,1,0,0,1,0,0,1,1,-26.858473,-48.690788,SPRF-SC,DEL04-SC,UOP04-DEL04-SC,2022
"415903,0",2022-02-19,sábado,16:50:00,SC,282,"558,0",NOVA ITABERABA,Afundamento ou ondulação no pavimento,Capotamento,Com Vítimas Feridas,Pleno dia,Crescente,Sol,Simples,Curva,Não,1,0,0,1,0,0,1,1,-26.93273,-52.838913,SPRF-SC,DEL07-SC,UOP01-DEL07-SC,2022
"415923,0",2022-02-19,sábado,20:40:00,SC,101,"137,0",BALNEARIO CAMBORIU,Velocidade Incompatível,Colisão com objeto,Sem Vítimas,Plena Noite,Decrescente,Céu Claro,Dupla,Reta,Não,1,0,0,0,0,1,0,1,-27.0157238,-48.61192763,SPRF-SC,DEL04-SC,UOP03-DEL04-SC,2022
"415936,0",2022-02-19,sábado,19:30:00,SC,280,"94,0",CORUPA,Velocidade Incompatível,Tombamento,Com Vítimas Feridas,Plena Noite,Decrescente,Céu Claro,Simples,Reta,Não,3,0,3,0,0,0,3,1,-26.39198268,-49.30187441,SPRF-SC,DEL06-SC,UOP03-DEL06-SC,2022
"415948,0",2022-02-19,sábado,21:15:00,SC,101,"40,0",JOINVILLE,Velocidade Incompatível,Saída de leito carroçável,Com Vítimas Feridas,Plena Noite,Crescente,Céu Claro,Dupla,Curva,Não,1,0,1,0,0,0,1,1,-26.30480311,-48.88126373,SPRF-SC,DEL03-SC,UOP01-DEL03-SC,2022
"415953,0",2022-02-19,sábado,17:40:00,SC,101,"331,9",TUBARAO,Ingestão de álcool pelo condutor,Colisão traseira,Sem Vítimas,Pleno dia,Crescente,Céu Claro,Dupla,Reta,Não,4,0,0,0,3,1,0,4,-28.45567521,-48.9812689,SPRF-SC,DEL02-SC,UOP01-DEL02-SC,2022
"415956,0",2022-02-19,sábado,19:45:00,SC,101,"298,0",LAGUNA,Ingestão de álcool pelo condutor,Colisão traseira,Sem Vítimas,Plena Noite,Crescente,Céu Claro,Dupla,Reta,Não,2,0,0,0,2,0,0,2,-28.32102597,-48.72829906,SPRF-SC,DEL02-SC,UOP03-DEL02-SC,2022
"415972,0",2022-02-20,domingo,00:45:00,SC,470,"60,4",BLUMENAU,Reação tardia ou ineficiente do condutor,Colisão frontal,Com Vítimas Feridas,Plena Noite,Decrescente,Nublado,Simples,Em Obras;Reta,Não,3,0,2,1,0,0,3,2,-26.87964453,-49.17138311,SPRF-SC,DEL04-SC,UOP01-DEL04-SC,2022
"415976,0",2022-02-20,domingo,00:45:00,SC,116,"189,5",PONTE ALTA,Animais na Pista,Atropelamento de Animal,Com Vítimas Feridas,Plena Noite,Decrescente,Céu Claro,Simples,Curva,Não,1,0,1,0,0,0,1,1,-27.3383609,-50.42769835,SPRF-SC,DEL05-SC,UOP03-DEL05-SC,2022
"415977,0",2022-02-19,sábado,17:45:00,SC,101,"321,5",PESCARIA BRAVA,Ausência de reação do condutor,Colisão lateral mesmo sentido,Com Vítimas Feridas,Pleno dia,Crescente,Céu Claro,Múltipla,Reta,Sim,1,0,1,0,0,0,1,1,-28.42532339,-48.8919091,SPRF-SC,DEL02-SC,UOP01-DEL02-SC,2022
"416007,0",2022-02-20,domingo,04:15:00,SC,101,"317,0",LAGUNA,Ingestão de álcool pelo condutor,Colisão traseira,Com Vítimas Feridas,Plena Noite,Decrescente,Céu Claro,Múltipla,Curva,Sim,4,0,3,0,1,0,3,2,-28.42708421,-48.85211624,SPRF-SC,DEL02-SC,UOP01-DEL02-SC,2022
"416013,0",2022-02-20,domingo,05:00:00,SC,101,"319,3",PESCARIA BRAVA,Velocidade Incompatível,Saída de leito carroçável,Sem Vítimas,Amanhecer,Crescente,Céu Claro,Múltipla,Reta,Não,1,0,0,0,0,1,0,1,-28.42978736,-48.87148792,SPRF-SC,DEL02-SC,UOP01-DEL02-SC,2022
"416039,0",2022-02-20,domingo,10:15:00,SC,101,"153,0",ITAPEMA,Ingestão de álcool pelo condutor,Colisão traseira,Sem Vítimas,Pleno dia,Crescente,Céu Claro,Dupla,Interseção de Vias,Sim,2,0,0,0,2,0,0,2,-27.144717,-48.61063935,SPRF-SC,DEL04-SC,UOP03-DEL04-SC,2022
"416042,0",2022-02-20,domingo,10:50:00,SC,101,"201,9",SAO JOSE,Demais falhas mecânicas ou elétricas,Queda de ocupante de veículo,Com Vítimas Feridas,Pleno dia,Crescente,Céu Claro,Múltipla,Reta,Sim,2,0,1,1,0,0,2,1,-27.54836599,-48.61977975,SPRF-SC,DEL01-SC,UOP01-DEL01-SC,2022
"416048,0",2022-02-20,domingo,10:20:00,SC,101,"134,0",BALNEARIO CAMBORIU,Trafegar com motocicleta (ou similar) entre as faixas,Colisão lateral mesmo sentido,Com Vítimas Feridas,Pleno dia,Crescente,Céu Claro,Dupla,Reta,Sim,2,0,1,0,1,0,1,2,-27.00218,-48.636433,SPRF-SC,DEL04-SC,UOP03-DEL04-SC,2022
"416057,0",2022-02-20,domingo,12:30:00,SC,101,"184,0",BIGUACU,Ingestão de álcool pelo condutor,Colisão transversal,Com Vítimas Feridas,Pleno dia,Crescente,Sol,Dupla,Reta,Sim,2,0,0,1,1,0,1,2,-27.41613807,-48.6266443,SPRF-SC,DEL01-SC,UOP01-DEL01-SC,2022
"416059,0",2022-02-20,domingo,11:40:00,SC,101,"206,4",SAO JOSE,Condutor deixou de manter distância do veículo da frente,Colisão traseira,Com Vítimas Feridas,Pleno dia,Crescente,Sol,Múltipla,Reta,Sim,5,0,1,0,3,1,1,5,-27.59193546,-48.61824557,SPRF-SC,DEL01-SC,UOP01-DEL01-SC,2022
"416065,0",2022-02-20,domingo,12:45:00,SC,101,"331,7",TUBARAO,Desrespeitar a preferência no cruzamento,Colisão transversal,Com Vítimas Feridas,Pleno dia,Crescente,Céu Claro,Múltipla,Interseção de Vias;Rotatória,Não,3,0,1,0,2,0,1,2,-28.46571091,-48.99595499,SPRF-SC,DEL02-SC,UOP01-DEL02-SC,2022
"416066,0",2022-02-20,domingo,13:00:00,SC,282,"58,1",RANCHO QUEIMADO,Acessar a via sem observar a presença dos outros veículos,Colisão frontal,Com Vítimas Feridas,Pleno dia,Decrescente,Sol,Simples,Interseção de Vias,Não,3,0,1,0,2,0,1,2,-27.683594,-49.005539,SPRF-SC,DEL01-SC,UOP03-DEL01-SC,2022
"416067,0",2022-02-20,domingo,13:15:00,SC,470,"86,9",ASCURRA,Reação tardia ou ineficiente do condutor,Saída de leito carroçável,Com Vítimas Feridas,Pleno dia,Decrescente,Céu Claro,Simples,Curva,Sim,2,0,2,0,0,0,2,1,-26.94820142,-49.36650753,SPRF-SC,DEL04-SC,UOP01-DEL04-SC,2022
"416078,0",2022-02-20,domingo,14:40:00,SC,470,"109,0",APIUNA,Condutor Dormindo,Colisão frontal,Com Vítimas Feridas,Pleno dia,Decrescente,Céu Claro,Simples,Reta,Não,4,0,0,4,0,0,4,2,-27.083876,-49.449543,SPRF-SC,DEL04-SC,UOP02-DEL04-SC,2022
"416108,0",2022-02-20,domingo,18:00:00,SC,101,"194,3",BIGUACU,Condutor deixou de manter distância do veículo da frente,Colisão traseira,Sem Vítimas,Pleno dia,Crescente,Céu Claro,Múltipla,Reta,Sim,3,0,0,0,3,0,0,2,-27.49815117,-48.65661236,SPRF-SC,DEL01-SC,UOP01-DEL01-SC,2022
"416111,0",2022-02-20,domingo,15:10:00,SC,282,"564,5",NOVA ERECHIM,Reação tardia ou ineficiente do condutor,Saída de leito carroçável,Sem Vítimas,Pleno dia,Crescente,Céu Claro,Simples,Curva,Não,1,0,0,0,1,0,0,1,-26.898739,-52.877975,SPRF-SC,DEL07-SC,UOP02-DEL07-SC,2022
"416117,0",2022-02-20,domingo,16:50:00,SC,101,"291,0",IMBITUBA,Reação tardia ou ineficiente do condutor,Colisão traseira,Com Vítimas Feridas,Pleno dia,Crescente,Céu Claro,Múltipla,Reta,Não,2,0,0,1,1,0,1,2,-28.28972596,-48.70789832,SPRF-SC,DEL02-SC,UOP03-DEL02-SC,2022
"416125,0",2022-02-20,domingo,17:20:00,SC,116,"252,3",LAGES,Ingestão de álcool pelo condutor,Colisão frontal,Com Vítimas Feridas,Pleno dia,Crescente,Céu Claro,Simples,Reta,Não,5,0,3,0,2,0,3,3,-27.85340789,-50.38268819,SPRF-SC,DEL05-SC,UOP02-DEL05-SC,2022
"416131,0",2022-02-20,domingo,18:50:00,SC,282,"3,0",FLORIANOPOLIS,Condutor deixou de manter distância do veículo da frente,Colisão traseira,Com Vítimas Feridas,Plena Noite,Decrescente,Céu Claro,Dupla,Reta,Sim,3,0,2,0,1,0,2,2,-27.600384,-48.599705,SPRF-SC,DEL01-SC,UOP01-DEL01-SC,2022
"416133,0",2022-02-20,domingo,19:10:00,SC,101,"91,2",BARRA VELHA,Reação tardia ou ineficiente do condutor,Engavetamento,Com Vítimas Feridas,Plena Noite,Decrescente,Céu Claro,Dupla,Declive;Reta,Sim,5,0,1,0,4,0,1,4,-26.67120698,-48.69011814,SPRF-SC,DEL03-SC,UOP02-DEL03-SC,2022
"416134,0",2022-02-20,domingo,19:10:00,SC,101,"44,6",JOINVILLE,Pedestre andava na pista,Atropelamento de Pedestre,Com Vítimas Fatais,Anoitecer,Crescente,Céu Claro,Dupla,Declive;Reta,Sim,3,1,0,0,1,1,0,2,-26.31238996,-48.87458997,SPRF-SC,DEL03-SC,UOP01-DEL03-SC,2022