id,data_inversa,dia_semana,horario,uf,br,km,municipio,causa_acidente,tipo_acidente,classificacao_acidente,fase_dia,sentido_via,condicao_metereologica,tipo_pista,tracado_via,uso_solo,pessoas,mortos,feridos_leves,feridos_graves,ilesos,ignorados,feridos,veiculos,latitude,longitude,regional,delegacia,uop,ano_arquivo
"417810,0",2022-02-28,segunda-feira,09:20:00,SC,470,"83,1",RODEIO,Reação tardia ou ineficiente do condutor,Colisão lateral mesmo sentido,Com Vítimas Feridas,Pleno dia,Crescente,Nublado,Simples,Reta,Não,2,0,0,1,1,0,1,2,-26.9629288,-49.33593035,SPRF-SC,DEL04-SC,UOP01-DEL04-SC,2022
"417831,0",2022-02-28,segunda-feira,13:55:00,SC,101,"112,0",NAVEGANTES,Área urbana sem a presença de local apropriado para a travessia de pedestres,Atropelamento de Pedestre,Com Vítimas Feridas,Pleno dia,Decrescente,Céu Claro,Dupla,Reta,Não,3,0,1,0,0,2,1,2,-26.84589005,-48.72131295,SPRF-SC,DEL04-SC,UOP04-DEL04-SC,2022
"417845,0",2022-02-28,segunda-feira,15:35:00,SC,101,"37,0",JOINVILLE,Condutor Dormindo,Saída de leito carroçável,Com Vítimas Feridas,Pleno dia,Crescente,Sol,Dupla,Reta,Sim,2,0,2,0,0,0,2,1,-26.25050176,-48.90863867,SPRF-SC,DEL03-SC,UOP01-DEL03-SC,2022
"417853,0",2022-02-28,segunda-feira,14:20:00,SC,101,"83,0",BARRA VELHA,Demais falhas mecânicas ou elétricas,Queda de ocupante de veículo,Com Vítimas Feridas,Pleno dia,Crescente,Céu Claro,Dupla,Reta,Não,2,0,2,0,0,0,2,1,-26.61865655,-48.71834126,SPRF-SC,DEL03-SC,UOP02-DEL03-SC,2022
"417854,0",2022-02-28,segunda-feira,14:30:00,SC,101,"100,6",BALNEARIO PICARRAS,Avarias e/ou desgaste excessivo no pneu,Tombamento,Com Vítimas Feridas,Pleno dia,Decrescente,Céu Claro,Dupla,Reta,Sim,2,0,2,0,0,0,2,1,-26.75482787,-48.68993675,SPRF-SC,DEL03-SC,UOP02-DEL03-SC,2022
"417866,0",2022-02-28,segunda-feira,17:45:00,SC,101,"205,5",SAO JOSE,Manobra de mudança de faixa,Colisão lateral mesmo sentido,Com Vítimas Feridas,Pleno dia,Crescente,Céu Claro,Múltipla,Reta,Sim,2,0,0,1,1,0,1,2,-27.58313237,-48.61532885,SPRF-SC,DEL01-SC,UOP01-DEL01-SC,2022
"417874,0",2022-02-28,segunda-feira,18:20:00,SC,101,"153,0",PORTO BELO,Condutor deixou de manter distância do veículo da frente,Colisão traseira,Com Vítimas Feridas,Anoitecer,Decrescente,Sol,Dupla,Reta,Sim,2,0,1,0,1,0,1,2,-27.144717,-48.61063935,SPRF-SC,DEL04-SC,UOP03-DEL04-SC,2022
"417878,0",2022-02-28,segunda-feira,18:10:00,SC,101,"34,0",JOINVILLE,Avarias e/ou desgaste excessivo no pneu,Tombamento,Com Vítimas Feridas,Anoitecer,Crescente,Céu Claro,Dupla,Aclive;Curva,Sim,1,0,1,0,0,0,1,1,-26.23667403,-48.91486706,SPRF-SC,DEL03-SC,UOP01-DEL03-SC,2022
"417883,0",2022-02-28,segunda-feira,19:55:00,SC,101,"453,5",SAO JOAO DO SUL,Desrespeitar a preferência no cruzamento,Colisão transversal,Com Vítimas Feridas,Plena Noite,Decrescente,Chuva,Simples,Reta,Sim,2,0,0,1,1,0,1,2,-29.19759996,-49.75264078,SPRF-SC,DEL02-SC,UOP02-DEL02-SC,2022
"417887,0",2022-02-08,terça-feira,22:40:00,SC,101,"207,0",SAO JOSE,Condutor deixou de manter distância do veículo da frente,Colisão traseira,Com Vítimas Feridas,Plena Noite,Decrescente,Céu Claro,Múltipla,Declive;Curva;Em Obras,Sim,2,0,0,1,1,0,1,2,-27.60001226,-48.6226467,SPRF-SC,DEL01-SC,UOP01-DEL01-SC,2022
"417889,0",2022-02-28,segunda-feira,21:00:00,SC,101,"209,5",SAO JOSE,Pedestre cruzava a pista fora da faixa,Atropelamento de Pedestre,Com Vítimas Fatais,Plena Noite,Decrescente,Céu Claro,Múltipla,Reta,Sim,2,1,0,0,1,0,0,2,-27.61411029,-48.64288509,SPRF-SC,DEL01-SC,UOP01-DEL01-SC,2022
"417890,0",2022-02-28,segunda-feira,19:50:00,SC,101,"335,5",TUBARAO,Reação tardia ou ineficiente do condutor,Colisão lateral mesmo sentido,Sem Vítimas,Plena Noite,Crescente,Chuva,Múltipla,Declive;Reta,Não,6,0,0,0,6,0,0,2,-28.47781115,-49.03220773,SPRF-SC,DEL02-SC,UOP01-DEL02-SC,2022
"417923,0",2022-03-01,terça-feira,00:15:00,SC,101,"99,0",BALNEARIO PICARRAS,Demais falhas mecânicas ou elétricas,Tombamento,Com Vítimas Feridas,Plena Noite,Decrescente,Céu Claro,Dupla,Reta,Não,1,0,1,0,0,0,1,1,-26.7471002,-48.69654831,SPRF-SC,DEL03-SC,UOP02-DEL03-SC,2022
"417934,0",2022-03-01,terça-feira,02:45:00,SC,101,"339,8",TUBARAO,Entrada inopinada do pedestre,Atropelamento de Pedestre,Com Vítimas Fatais,Plena Noite,Crescente,Nublado,Múltipla,Reta,Não,2,1,0,0,0,1,0,2,-28.51105704,-49.05117187,SPRF-SC,DEL02-SC,UOP01-DEL02-SC,2022
"417950,0",2022-03-01,terça-feira,07:10:00,SC,101,"189,0",BIGUACU,Ingestão de álcool pelo condutor,Colisão com objeto,Com Vítimas Feridas,Pleno dia,Crescente,Céu Claro,Dupla,Curva,Não,3,0,1,0,2,0,1,1,-27.459393,-48.638914,SPRF-SC,DEL01-SC,UOP01-DEL01-SC,2022
"417952,0",2022-03-01,terça-feira,07:20:00,SC,101,"101,0",BALNEARIO PICARRAS,Ingestão de álcool pelo condutor,Saída de leito carroçável,Sem Vítimas,Amanhecer,Crescente,Céu Claro,Simples,Reta,Sim,1,0,0,0,1,0,0,1,-26.76404198,-48.68657667,SPRF-SC,DEL03-SC,UOP02-DEL03-SC,2022
"417955,0",2022-03-01,terça-feira,08:35:00,SC,101,"332,0",TUBARAO,Desrespeitar a preferência no cruzamento,Colisão transversal,Com Vítimas Feridas,Pleno dia,Crescente,Céu Claro,Dupla,Viaduto;Rotatória,Sim,2,0,1,0,1,0,1,2,-28.46016431,-48.98968873,SPRF-SC,DEL02-SC,UOP01-DEL02-SC,2022
"417957,0",2022-03-01,terça-feira,07:45:00,SC,470,"129,3",LONTRAS,Ultrapassagem Indevida,Colisão lateral sentido oposto,Com Vítimas Feridas,Pleno dia,Decrescente,Céu Claro,Simples,Reta,Sim,3,0,2,1,0,0,3,2,-27.148499,-49.556137,SPRF-SC,DEL04-SC,UOP02-DEL04-SC,2022
"417969,0",2022-03-01,terça-feira,09:50:00,SC,101,"447,3",SANTA ROSA DO SUL,Avarias e/ou desgaste excessivo no pneu,Tombamento,Com Vítimas Feridas,Pleno dia,Crescente,Céu Claro,Dupla,Reta,Não,2,0,2,0,0,0,2,1,-29.15289482,-49.72792624,SPRF-SC,DEL02-SC,UOP02-DEL02-SC,2022
"417988,0",2022-03-01,terça-feira,13:20:00,SC,101,"437,6",SOMBRIO,Condutor deixou de manter distância do veículo da frente,Colisão traseira,Com Vítimas Feridas,Pleno dia,Crescente,Nublado,Dupla,Reta,Não,4,0,2,0,2,0,2,2,-29.116756,-49.640408,SPRF-SC,DEL02-SC,UOP02-DEL02-SC,2022
"417991,0",2022-03-01,terça-feira,13:45:00,SC,101,"336,0",TUBARAO,Condutor deixou de manter distância do veículo da frente,Engavetamento,Com Vítimas Feridas,Pleno dia,Crescente,Nublado,Dupla,Viaduto,Sim,6,0,1,0,5,0,1,5,-28.47311347,-49.02437375,SPRF-SC,DEL02-SC,UOP01-DEL02-SC,2022
"418011,0",2022-03-01,terça-feira,14:21:00,SC,101,"148,5",ITAPEMA,Trafegar com motocicleta (ou similar) entre as faixas,Colisão lateral mesmo sentido,Com Vítimas Feridas,Pleno dia,Decrescente,Céu Claro,Dupla,Reta,Sim,1,0,0,1,0,0,1,1,-27.10123686,-48.61807962,SPRF-SC,DEL04-SC,UOP03-DEL04-SC,2022
"418014,0",2022-03-01,terça-feira,16:00:00,SC,101,"434,2",SOMBRIO,Acesso irregular,Colisão transversal,Com Vítimas Feridas,Pleno dia,Crescente,Céu Claro,Dupla,Reta,Sim,3,0,1,0,2,0,1,2,-29.09075196,-49.63226114,SPRF-SC,DEL02-SC,UOP02-DEL02-SC,2022
"418022,0",2022-03-01,terça-feira,16:30:00,SC,116,"107,0",MONTE CASTELO,Velocidade Incompatível,Queda de ocupante de veículo,Com Vítimas Feridas,Pleno dia,Crescente,Nublado,Simples,Curva;Aclive,Não,1,0,1,0,0,0,1,1,-26.75726027,-50.33042908,SPRF-SC,DEL06-SC,UOP02-DEL06-SC,2022
"418034,0",2022-03-01,terça-feira,18:35:00,SC,101,"195,0",BIGUACU,Acessar a via sem observar a presença dos outros veículos,Colisão transversal,Com Vítimas Feridas,Plena Noite,Crescente,Garoa/Chuvisco,Múltipla,Interseção de Vias,Sim,2,0,1,0,1,0,1,2,-27.5047092,-48.65010819,SPRF-SC,DEL01-SC,UOP01-DEL01-SC,2022
"418045,0",2022-03-01,terça-feira,18:15:00,SC,101,"4,1",GARUVA,Reação tardia ou ineficiente do condutor,Colisão traseira,Com Vítimas Feridas,Amanhecer,Decrescente,Chuva,Dupla,Reta,Não,2,0,1,0,1,0,1,2,-26.00897657,-48.86430144,SPRF-SC,DEL03-SC,UOP01-DEL03-SC,2022
"418054,0",2022-03-01,terça-feira,20:10:00,SC,101,"423,0",ARARANGUA,Demais falhas mecânicas ou elétricas,Incêndio,Com Vítimas Feridas,Plena Noite,Decrescente,Chuva,Múltipla,Viaduto;Reta,Sim,5,0,3,0,2,0,3,3,-29.01106757,-49.57413825,SPRF-SC,DEL02-SC,UOP02-DEL02-SC,2022
"418060,0",2022-03-01,terça-feira,21:20:00,SC,470,"128,7",LONTRAS,Velocidade Incompatível,Colisão frontal,Com Vítimas Feridas,Plena Noite,Crescente,Chuva,Simples,Curva,Não,2,0,0,1,1,0,1,2,-27.143742,-49.548897,SPRF-SC,DEL04-SC,UOP02-DEL04-SC,2022
"418065,0",2022-03-01,terça-feira,21:45:00,SC,282,"252,0",SAO JOSE DO CERRITO,Ultrapassagem Indevida,Colisão frontal,Com Vítimas Feridas,Plena Noite,Crescente,Nublado,Simples,Reta,Não,2,0,1,1,0,0,2,2,-27.691267,-50.561481,SPRF-SC,DEL05-SC,UOP02-DEL05-SC,2022
"418122,0",2022-03-02,quarta-feira,07:00:00,SC,282,"618,5",IRACEMINHA,Acumulo de água sobre o pavimento,Colisão frontal,Com Vítimas Fatais,Pleno dia,Decrescente,Chuva,Simples,Curva,Não,3,1,1,0,0,1,1,3,-26.79329172,-53.29651421,SPRF-SC,DEL07-SC,UOP02-DEL07-SC,2022
"418148,0",2022-03-02,quarta-feira,11:35:00,SC,101,"331,8",TUBARAO,Desrespeitar a preferência no cruzamento,Colisão transversal,Com Vítimas Feridas,Pleno dia,Decrescente,Nublado,Múltipla,Interseção de Vias,Sim,2,0,1,0,1,0,1,2,-28.45567521,-48.9812689,SPRF-SC,DEL02-SC,UOP01-DEL02-SC,2022
"418160,0",2022-02-26,sábado,10:45:00,SC,470,"231,5",SAO CRISTOVAO DO SUL,Conversão proibida,Colisão transversal,Sem Vítimas,Pleno dia,Crescente,Céu Claro,Simples,Curva,Não,2,0,0,0,2,0,0,2,-27.30423,-50.401447,SPRF-SC,DEL05-SC,UOP03-DEL05-SC,2022
"418187,0",2022-03-02,quarta-feira,16:50:00,SC,101,"53,5",JOINVILLE,Condutor deixou de manter distância do veículo da frente,Engavetamento,Com Vítimas Feridas,Pleno dia,Decrescente,Nublado,Dupla,Reta,Não,5,0,2,0,3,0,2,4,-26.40231201,-48.83969703,SPRF-SC,DEL03-SC,UOP01-DEL03-SC,2022
"418200,0",2022-03-02,quarta-feira,16:50:00,SC,470,"124,8",LONTRAS,Acesso irregular,Colisão transversal,Com Vítimas Feridas,Pleno dia,Crescente,Chuva,Simples,Reta,Sim,2,0,2,0,0,0,2,2,-27.12132698,-49.53550816,SPRF-SC,DEL04-SC,UOP02-DEL04-SC,2022
"418238,0",2022-03-02,quarta-feira,21:00:00,SC,101,"399,1",MARACAJA,Desrespeitar a preferência no cruzamento,Colisão lateral sentido oposto,Com Vítimas Feridas,Pleno dia,Crescente,Nublado,Múltipla,Interseção de Vias,Sim,3,0,2,0,1,0,2,2,-28.84171475,-49.42814418,SPRF-SC,DEL02-SC,UOP02-DEL02-SC,2022
"418250,0",2022-03-02,quarta-feira,18:45:00,SC,470,"173,7",POUSO REDONDO,Velocidade Incompatível,Tombamento,Com Vítimas Feridas,Anoitecer,Crescente,Céu Claro,Simples,Interseção de Vias,Não,3,0,1,0,1,1,1,3,-27.25984,-49.919285,SPRF-SC,DEL04-SC,UOP02-DEL04-SC,2022
"418277,0",2022-03-03,quinta-feira,06:50:00,SC,101,"205,0",SAO JOSE,Manobra de mudança de faixa,Colisão traseira,Com Vítimas Feridas,Pleno dia,Crescente,Céu Claro,Múltipla,Reta,Sim,2,0,0,1,1,0,1,2,-27.58313237,-48.61532885,SPRF-SC,DEL01-SC,UOP01-DEL01-SC,2022
"418282,0",2022-03-02,quarta-feira,20:45:00,SC,470,"59,0",BLUMENAU,Transitar no acostamento,Colisão frontal,Com Vítimas Feridas,Plena Noite,Decrescente,Chuva,Simples,Reta,Sim,2,0,0,1,1,0,1,2,-26.882812,-49.1548,SPRF-SC,DEL04-SC,UOP01-DEL04-SC,2022
"418305,0",2022-03-03,quinta-feira,07:40:00,SC,101,"113,1",ITAJAI,Acessar a via sem observar a presença dos outros veículos,Colisão traseira,Com Vítimas Feridas,Pleno dia,Decrescente,Sol,Dupla,Retorno Regulamentado,Não,2,0,1,0,1,0,1,2,-26.85311393,-48.72689927,SPRF-SC,DEL04-SC,UOP04-DEL04-SC,2022
"418307,0",2022-03-03,quinta-feira,07:50:00,SC,101,"228,0",PALHOCA,Condutor usando celular,Saída de leito carroçável,Com Vítimas Feridas,Pleno dia,Decrescente,Céu Claro,Dupla,Reta,Sim,1,0,1,0,0,0,1,1,-27.7597249,-48.63078869,SPRF-SC,DEL01-SC,UOP02-DEL01-SC,2022
"418331,0",2022-03-03,quinta-feira,10:45:00,SC,101,"200,6",SAO JOSE,Trafegar com motocicleta (ou similar) entre as faixas,Colisão lateral mesmo sentido,Com Vítimas Feridas,Pleno dia,Crescente,Nublado,Dupla,Reta,Sim,2,0,1,0,1,0,1,2,-27.54018513,-48.62287714,SPRF-SC,DEL01-SC,UOP01-DEL01-SC,2022
"418345,0",2022-03-03,quinta-feira,10:20:00,SC,101,"32,0",JOINVILLE,Demais falhas mecânicas ou elétricas,Incêndio,Sem Vítimas,Pleno dia,Crescente,Nublado,Dupla,Curva,Não,1,0,0,0,1,0,0,1,-26.25247016,-48.90804291,SPRF-SC,DEL03-SC,UOP01-DEL03-SC,2022
"418370,0",2022-03-03,quinta-feira,12:15:00,SC,470,"114,0",IBIRAMA,Acessar a via sem observar a presença dos outros veículos,Colisão lateral mesmo sentido,Com Vítimas Feridas,Pleno dia,Decrescente,Céu Claro,Simples,Reta,Não,3,0,2,0,1,0,2,2,-27.086386,-49.478001,SPRF-SC,DEL04-SC,UOP02-DEL04-SC,2022
"418379,0",2022-03-03,quinta-feira,14:00:00,SC,282,"173,0",BOCAINA DO SUL,Ausência de reação do condutor,Colisão com objeto,Com Vítimas Feridas,Pleno dia,Crescente,Nublado,Simples,Reta,Não,2,0,2,0,0,0,2,1,-27.740261,-49.872467,SPRF-SC,DEL05-SC,UOP01-DEL05-SC,2022
"418404,0",2022-03-03,quinta-feira,17:40:00,SC,101,"189,0",BIGUACU,Reação tardia ou ineficiente do condutor,Saída de leito carroçável,Com Vítimas Feridas,Pleno dia,Crescente,Chuva,Dupla,Curva,Não,2,0,2,0,0,0,2,1,-27.459393,-48.638914,SPRF-SC,DEL01-SC,UOP01-DEL01-SC,2022
"418415,0",2022-03-03,quinta-feira,16:15:00,SC,470,"140,6",RIO DO SUL,Acesso irregular,Colisão transversal,Com Vítimas Feridas,Pleno dia,Decrescente,Céu Claro,Simples,Curva,Sim,2,0,1,0,1,0,1,2,-27.222485,-49.662827,SPRF-SC,DEL04-SC,UOP02-DEL04-SC,2022
"418428,0",2022-03-03,quinta-feira,19:00:00,SC,101,"218,0",PALHOCA,Avarias e/ou desgaste excessivo no pneu,Queda de ocupante de veículo,Com Vítimas Fatais,Plena Noite,Crescente,Garoa/Chuvisco,Dupla,Reta,Não,2,1,1,0,0,0,1,1,-27.6758601,-48.67052525,SPRF-SC,DEL01-SC,UOP02-DEL01-SC,2022
"418439,0",2022-03-03,quinta-feira,17:00:00,SC,282,"393,1",JOACABA,Mal súbito do condutor,Saída de leito carroçável,Com Vítimas Feridas,Pleno dia,Decrescente,Céu Claro,Simples,Reta,Não,1,0,0,1,0,0,1,1,-27.156614,-51.597892,SPRF-SC,DEL07-SC,UOP05-DEL07-SC,2022
"418456,0",2022-03-03,quinta-feira,18:50:00,SC,101,"44,3",JOINVILLE,Reação tardia ou ineficiente do condutor,Colisão traseira,Com Vítimas Feridas,Plena Noite,Crescente,Chuva,Simples,Reta,Não,5,0,2,0,3,0,2,2,-26.31238996,-48.87458997,SPRF-SC,DEL03-SC,UOP01-DEL03-SC,2022
"418457,0",2022-03-03,quinta-feira,21:20:00,SC,101,"330,0",TUBARAO,Demais falhas mecânicas ou elétricas,Tombamento,Com Vítimas Feridas,Plena Noite,Decrescente,Nublado,Múltipla,Reta,Sim,2,0,2,0,0,0,2,1,-28.45115639,-48.97286879,SPRF-SC,DEL02-SC,UOP01-DEL02-SC,2022
"418460,0",2022-03-03,quinta-feira,22:10:00,SC,101,"201,0",SAO JOSE,Acessar a via sem observar a presença dos outros veículos,Colisão transversal,Com Vítimas Feridas,Plena Noite,Crescente,Nublado,Dupla,Interseção de Vias,Sim,3,0,2,0,1,0,2,2,-27.54836599,-48.61977975,SPRF-SC,DEL01-SC,UOP01-DEL01-SC,2022
"418464,0",2022-02-15,terça-feira,16:50:00,SC,282,"599,0",CUNHA PORA,Transitar na contramão,Colisão frontal,Com Vítimas Fatais,Pleno dia,Crescente,Céu Claro,Simples,Curva,Não,6,1,1,2,2,0,3,5,-26.820206,-53.155052,SPRF-SC,DEL07-SC,UOP02-DEL07-SC,2022
"418466,0",2022-03-03,quinta-feira,21:50:00,SC,282,"537,0",CHAPECO,Ingestão de álcool pelo condutor,Colisão lateral sentido oposto,Sem Vítimas,Plena Noite,Crescente,Céu Claro,Simples,Curva,Não,2,0,0,0,2,0,0,2,-26.999933,-52.663895,SPRF-SC,DEL07-SC,UOP01-DEL07-SC,2022
"418524,0",2022-03-04,sexta-feira,08:20:00,SC,101,"205,1",SAO JOSE,Condutor deixou de manter distância do veículo da frente,Engavetamento,Sem Vítimas,Pleno dia,Crescente,Céu Claro,Múltipla,Reta,Sim,3,0,0,0,3,0,0,3,-27.58313237,-48.61532885,SPRF-SC,DEL01-SC,UOP01-DEL01-SC,2022
"418567,0",2022-03-04,sexta-feira,11:50:00,SC,101,"333,7",TUBARAO,Desrespeitar a preferência no cruzamento,Colisão transversal,Com Vítimas Feridas,Pleno dia,Decrescente,Céu Claro,Dupla,Reta;Interseção de Vias,Sim,2,0,1,0,1,0,1,2,-28.46630107,-48.99653096,SPRF-SC,DEL02-SC,UOP01-DEL02-SC,2022
"418595,0",2022-03-04,sexta-feira,14:00:00,SC,116,"7,0",MAFRA,Acessar a via sem observar a presença dos outros veículos,Colisão transversal,Com Vítimas Feridas,Pleno dia,Decrescente,Nublado,Simples,Interseção de Vias,Sim,2,0,1,0,1,0,1,2,-26.15196176,-49.83102416,SPRF-SC,DEL06-SC,UOP01-DEL06-SC,2022
"418623,0",2022-03-04,sexta-feira,18:40:00,SC,101,"204,2",SAO JOSE,Reação tardia ou ineficiente do condutor,Colisão lateral mesmo sentido,Com Vítimas Feridas,Anoitecer,Crescente,Nublado,Múltipla,Reta,Sim,2,0,0,1,1,0,1,2,-27.57413014,-48.61363083,SPRF-SC,DEL01-SC,UOP01-DEL01-SC,2022
"418643,0",2022-03-04,sexta-feira,20:00:00,SC,101,"278,3",IMBITUBA,Condutor usando celular,Capotamento,Com Vítimas Feridas,Plena Noite,Decrescente,Céu Claro,Dupla,Declive;Reta,Não,1,0,1,0,0,0,1,1,-28.16300604,-48.6939345,SPRF-SC,DEL02-SC,UOP03-DEL02-SC,2022
"418645,0",2022-03-04,sexta-feira,20:00:00,SC,101,"209,5",SAO JOSE,Reação tardia ou ineficiente do condutor,Colisão traseira,Com Vítimas Feridas,Plena Noite,Decrescente,Céu Claro,Múltipla,Reta,Não,2,0,1,0,1,0,1,2,-27.61000542,-48.63895057,SPRF-SC,DEL01-SC,UOP01-DEL01-SC,2022
"418647,0",2022-03-04,sexta-feira,20:50:00,SC,116,"10,6",MAFRA,Reação tardia ou ineficiente do condutor,Tombamento,Com Vítimas Feridas,Plena Noite,Crescente,Nublado,Simples,Curva,Não,1,0,1,0,0,0,1,1,-26.16829411,-49.85476074,SPRF-SC,DEL06-SC,UOP01-DEL06-SC,2022
"418670,0",2022-03-04,sexta-feira,23:00:00,SC,101,"143,0",ITAPEMA,Ingestão de álcool pelo condutor,Colisão traseira,Sem Vítimas,Plena Noite,Decrescente,Nublado,Dupla,Reta,Não,4,0,0,0,4,0,0,2,-27.06436,-48.59599405,SPRF-SC,DEL04-SC,UOP03-DEL04-SC,2022
"418690,0",2022-03-05,sábado,05:00:00,SC,101,"237,8",PALHOCA,Ingestão de álcool pelo condutor,Saída de leito carroçável,Com Vítimas Feridas,Plena Noite,Crescente,Céu Claro,Dupla,Reta,Não,2,0,0,2,0,0,2,1,-27.83490593,-48.63077716,SPRF-SC,DEL01-SC,UOP02-DEL01-SC,2022
"418691,0",2022-03-05,sábado,05:20:00,SC,101,"209,0",SAO JOSE,Ingestão de substâncias psicoativas pelo condutor,Colisão transversal,Com Vítimas Feridas,Amanhecer,Decrescente,Céu Claro,Dupla,Rotatória,Sim,2,0,1,0,1,0,1,2,-27.60631451,-48.63470972,SPRF-SC,DEL01-SC,UOP01-DEL01-SC,2022
"418696,0",2022-03-05,sábado,03:00:00,SC,470,"150,0",RIO DO SUL,Condutor Dormindo,Colisão com objeto,Com Vítimas Feridas,Plena Noite,Crescente,Chuva,Simples,Curva,Não,1,0,1,0,0,0,1,1,-27.256508,-49.710876,SPRF-SC,DEL04-SC,UOP02-DEL04-SC,2022
"418700,0",2022-03-05,sábado,02:20:00,SC,101,"412,5",ARARANGUA,Ingestão de álcool pelo condutor,Saída de leito carroçável,Com Vítimas Feridas,Plena Noite,Decrescente,Céu Claro,Simples,Rotatória,Sim,1,0,1,0,0,0,1,1,-28.9493755,-49.50664759,SPRF-SC,DEL02-SC,UOP02-DEL02-SC,2022
"418702,0",2022-03-05,sábado,01:50:00,SC,101,"308,9",LAGUNA,Reação tardia ou ineficiente do condutor,Saída de leito carroçável,Com Vítimas Feridas,Plena Noite,Decrescente,Céu Claro,Dupla,Reta,Não,2,0,1,0,1,0,1,1,-28.42181116,-48.79823864,SPRF-SC,DEL02-SC,UOP01-DEL02-SC,2022
"418712,0",2022-03-05,sábado,07:45:00,SC,101,"238,5",PALHOCA,Reação tardia ou ineficiente do condutor,Colisão traseira,Com Vítimas Feridas,Pleno dia,Crescente,Céu Claro,Dupla,Reta,Sim,3,0,1,0,2,0,1,2,-27.84293889,-48.63471922,SPRF-SC,DEL01-SC,UOP02-DEL01-SC,2022
"418737,0",2022-03-05,sábado,10:20:00,SC,470,"125,4",LONTRAS,Ausência de reação do condutor,Colisão traseira,Com Vítimas Feridas,Pleno dia,Decrescente,Céu Claro,Simples,Reta,Sim,3,0,1,0,2,0,1,3,-27.120506,-49.534946,SPRF-SC,DEL04-SC,UOP02-DEL04-SC,2022
"418742,0",2022-03-05,sábado,11:00:00,SC,280,"46,8",GUARAMIRIM,Avarias e/ou desgaste excessivo no pneu,Tombamento,Com Vítimas Feridas,Pleno dia,Crescente,Sol,Simples,Reta,Não,1,0,1,0,0,0,1,1,-26.45295055,-48.90788103,SPRF-SC,DEL03-SC,UOP03-DEL03-SC,2022
"418754,0",2022-03-05,sábado,12:40:00,SC,101,"217,0",PALHOCA,Avarias e/ou desgaste excessivo no pneu,Queda de ocupante de veículo,Com Vítimas Feridas,Pleno dia,Crescente,Céu Claro,Dupla,Reta,Sim,2,0,2,0,0,0,2,1,-27.66779034,-48.67393586,SPRF-SC,DEL01-SC,UOP02-DEL01-SC,2022
"418761,0",2022-03-05,sábado,13:30:00,SC,101,"132,0",BALNEARIO CAMBORIU,Manobra de mudança de faixa,Colisão lateral mesmo sentido,Com Vítimas Feridas,Pleno dia,Crescente,Céu Claro,Dupla,Reta,Sim,2,0,1,0,1,0,1,2,-26.99654133,-48.65564711,SPRF-SC,DEL04-SC,UOP03-DEL04-SC,2022
"418767,0",2022-03-05,sábado,14:17:00,SC,101,"133,0",BALNEARIO CAMBORIU,Ingestão de álcool pelo condutor,Colisão traseira,Sem Vítimas,Pleno dia,Crescente,Céu Claro,Dupla,Reta,Sim,2,0,0,0,2,0,0,2,-26.99936,-48.64609,SPRF-SC,DEL04-SC,UOP03-DEL04-SC,2022
"418768,0",2022-03-05,sábado,14:15:00,SC,101,"206,7",SAO JOSE,Ingestão de álcool pelo condutor,Colisão traseira,Sem Vítimas,Pleno dia,Crescente,Sol,Múltipla,Reta,Sim,4,0,0,0,4,0,0,3,-27.59193546,-48.61824557,SPRF-SC,DEL01-SC,UOP01-DEL01-SC,2022
"418769,0",2022-03-05,sábado,03:20:00,SC,282,"25,0",SANTO AMARO DA IMPERATRIZ,Reação tardia ou ineficiente do condutor,Colisão frontal,Com Vítimas Feridas,Plena Noite,Decrescente,Céu Claro,Simples,Declive;Reta,Não,6,0,1,0,5,0,1,3,-27.678228,-48.752895,SPRF-SC,DEL01-SC,UOP03-DEL01-SC,2022
"418775,0",2022-03-05,sábado,14:45:00,SC,470,"62,1",INDAIAL,Conversão proibida,Colisão transversal,Com Vítimas Feridas,Pleno dia,Decrescente,Sol,Simples,Reta,Não,3,0,0,3,0,0,3,2,-26.874521,-49.182938,SPRF-SC,DEL04-SC,UOP01-DEL04-SC,2022
"418811,0",2022-03-05,sábado,17:00:00,SC,163,"79,8",GUARACIABA,Ausência de reação do condutor,Colisão traseira,Sem Vítimas,Pleno dia,Crescente,Nublado,Simples,Aclive;Reta,Não,2,0,0,0,2,0,0,2,-26.64945325,-53.51886749,SPRF-SC,DEL07-SC,UOP03-DEL07-SC,2022
"418815,0",2022-03-05,sábado,14:45:00,SC,101,"38,3",JOINVILLE,Desrespeitar a preferência no cruzamento,Colisão transversal,Com Vítimas Feridas,Pleno dia,Crescente,Céu Claro,Dupla,Rotatória;Viaduto;Interseção de Vias,Sim,2,0,0,1,0,1,1,2,-26.29633908,-48.88425708,SPRF-SC,DEL03-SC,UOP01-DEL03-SC,2022
"418829,0",2022-03-05,sábado,18:50:00,SC,101,"415,0",ARARANGUA,Desrespeitar a preferência no cruzamento,Colisão frontal,Com Vítimas Feridas,Anoitecer,Decrescente,Garoa/Chuvisco,Simples,Reta;Interseção de Vias,Sim,5,0,3,2,0,0,5,2,-28.96040535,-49.51653267,SPRF-SC,DEL02-SC,UOP02-DEL02-SC,2022
"418837,0",2022-03-05,sábado,18:30:00,SC,101,"332,0",TUBARAO,Condutor deixou de manter distância do veículo da frente,Colisão lateral mesmo sentido,Com Vítimas Feridas,Anoitecer,Crescente,Nublado,Múltipla,Aclive;Interseção de Vias,Sim,2,0,1,0,0,1,1,2,-28.46016431,-48.98968873,SPRF-SC,DEL02-SC,UOP01-DEL02-SC,2022