id,data_inversa,dia_semana,horario,uf,br,km,municipio,causa_acidente,tipo_acidente,classificacao_acidente,fase_dia,sentido_via,condicao_metereologica,tipo_pista,tracado_via,uso_solo,pessoas,mortos,feridos_leves,feridos_graves,ilesos,ignorados,feridos,veiculos,latitude,longitude,regional,delegacia,uop,ano_arquivo
"420645,0",2022-03-14,segunda-feira,18:30:00,SC,101,"210,0",SAO JOSE,Manobra de mudança de faixa,Colisão lateral mesmo sentido,Com Vítimas Feridas,Pleno dia,Decrescente,Céu Claro,Dupla,Reta,Sim,2,0,0,1,1,0,1,2,-27.6167305,-48.6457265,SPRF-SC,DEL01-SC,UOP01-DEL01-SC,2022
"420647,0",2022-02-26,sábado,02:30:00,SC,470,"4,0",NAVEGANTES,Acessar a via sem observar a presença dos outros veículos,Colisão traseira,Com Vítimas Fatais,Plena Noite,Decrescente,Céu Claro,Dupla,Rotatória;Interseção de Vias,Sim,2,1,0,0,1,0,0,2,-26.858962,-48.689391,SPRF-SC,DEL04-SC,UOP04-DEL04-SC,2022
"420688,0",2022-03-15,terça-feira,00:20:00,SC,101,"206,5",SAO JOSE,Desrespeitar a preferência no cruzamento,Colisão transversal,Com Vítimas Feridas,Plena Noite,Crescente,Céu Claro,Múltipla,Viaduto,Sim,2,0,0,1,1,0,1,2,-27.59193546,-48.61824557,SPRF-SC,DEL01-SC,UOP01-DEL01-SC,2022
"420689,0",2022-02-01,terça-feira,08:34:00,SC,101,"335,4",TUBARAO,Velocidade Incompatível,Saída de leito carroçável,Com Vítimas Feridas,Pleno dia,Decrescente,Céu Claro,Múltipla,Curva,Sim,2,0,1,1,0,0,2,2,-28.46927473,-49.01557908,SPRF-SC,DEL02-SC,UOP01-DEL02-SC,2022
"420691,0",2022-03-15,terça-feira,01:15:00,SC,101,"424,1",ARARANGUA,Entrada inopinada do pedestre,Atropelamento de Pedestre,Com Vítimas Fatais,Plena Noite,Decrescente,Chuva,Múltipla,Viaduto;Reta,Sim,4,1,0,0,1,2,0,2,-29.0203471,-49.5900224,SPRF-SC,DEL02-SC,UOP02-DEL02-SC,2022
"420701,0",2022-03-15,terça-feira,05:40:00,SC,101,"308,9",LAGUNA,Condutor Dormindo,Saída de leito carroçável,Com Vítimas Feridas,Amanhecer,Decrescente,Céu Claro,Múltipla,Reta,Não,6,0,2,0,4,0,2,1,-28.42444279,-48.79983556,SPRF-SC,DEL02-SC,UOP01-DEL02-SC,2022
"420707,0",2022-03-15,terça-feira,08:00:00,SC,101,"207,0",SAO JOSE,Manobra de mudança de faixa,Colisão transversal,Com Vítimas Feridas,Pleno dia,Crescente,Céu Claro,Múltipla,Reta,Sim,3,0,1,0,2,0,1,2,-27.60001226,-48.6226467,SPRF-SC,DEL01-SC,UOP01-DEL01-SC,2022
"420748,0",2022-03-15,terça-feira,11:45:00,SC,101,"206,9",SAO JOSE,Condutor deixou de manter distância do veículo da frente,Engavetamento,Com Vítimas Feridas,Pleno dia,Crescente,Céu Claro,Múltipla,Declive;Reta,Sim,7,0,2,0,5,0,2,5,-27.59193546,-48.61824557,SPRF-SC,DEL01-SC,UOP01-DEL01-SC,2022
"420767,0",2022-03-05,sábado,19:30:00,SC,116,"6,9",MAFRA,Desrespeitar a preferência no cruzamento,Colisão frontal,Com Vítimas Feridas,Plena Noite,Decrescente,Céu Claro,Simples,Reta,Sim,2,0,0,1,1,0,1,2,-26.14644691,-49.82305806,SPRF-SC,DEL06-SC,UOP01-DEL06-SC,2022
"420776,0",2022-03-15,terça-feira,14:00:00,SC,101,"130,5",BALNEARIO CAMBORIU,Reação tardia ou ineficiente do condutor,Tombamento,Com Vítimas Feridas,Pleno dia,Decrescente,Nublado,Dupla,Reta,Sim,1,0,1,0,0,0,1,1,-26.98407618,-48.66977107,SPRF-SC,DEL04-SC,UOP03-DEL04-SC,2022
"420797,0",2022-03-09,quarta-feira,08:45:00,SC,282,"502,6",XANXERE,Desrespeitar a preferência no cruzamento,Colisão transversal,Com Vítimas Feridas,Pleno dia,Crescente,Nublado,Simples,Interseção de Vias;Reta;Declive,Sim,3,0,1,0,2,0,1,2,-26.885381,-52.393464,SPRF-SC,DEL07-SC,UOP01-DEL07-SC,2022
"420814,0",2022-03-15,terça-feira,18:00:00,SC,101,"211,0",PALHOCA,Manobra de mudança de faixa,Colisão lateral mesmo sentido,Com Vítimas Feridas,Anoitecer,Crescente,Céu Claro,Múltipla,Reta,Não,3,0,2,0,1,0,2,2,-27.62329313,-48.65245588,SPRF-SC,DEL01-SC,UOP02-DEL01-SC,2022
"420830,0",2022-03-15,terça-feira,17:00:00,SC,280,"87,0",CORUPA,Pista Escorregadia,Saída de leito carroçável,Com Vítimas Feridas,Pleno dia,Crescente,Chuva,Simples,Curva;Aclive,Não,2,0,2,0,0,0,2,1,-26.41501369,-49.25741675,SPRF-SC,DEL06-SC,UOP03-DEL06-SC,2022
"420837,0",2022-03-03,quinta-feira,00:30:00,SC,282,"351,4",CAMPOS NOVOS,Transitar na contramão,Colisão frontal,Com Vítimas Fatais,Plena Noite,Crescente,Céu Claro,Simples,Reta,Não,5,1,1,2,1,0,3,2,-27.3603137,-51.2979075,SPRF-SC,DEL07-SC,UOP06-DEL07-SC,2022
"420844,0",2022-03-15,terça-feira,21:20:00,SC,101,"192,4",BIGUACU,Iluminação deficiente,Atropelamento de Pedestre,Com Vítimas Fatais,Plena Noite,Decrescente,Nublado,Dupla,Reta,Sim,2,1,1,0,0,0,1,2,-27.48443781,-48.64765238,SPRF-SC,DEL01-SC,UOP01-DEL01-SC,2022
"420847,0",2022-03-15,terça-feira,20:40:00,SC,101,"341,0",TUBARAO,Ingestão de álcool pelo condutor,Tombamento,Com Vítimas Feridas,Plena Noite,Crescente,Nublado,Múltipla,Reta,Sim,1,0,1,0,0,0,1,1,-28.50999405,-49.05070686,SPRF-SC,DEL02-SC,UOP01-DEL02-SC,2022
"420881,0",2022-03-16,quarta-feira,03:00:00,SC,470,"67,5",INDAIAL,Ausência de reação do condutor,Colisão lateral mesmo sentido,Com Vítimas Feridas,Plena Noite,Decrescente,Chuva,Simples,Desvio Temporário;Reta,Sim,2,0,0,1,0,1,1,2,-26.872158,-49.23127,SPRF-SC,DEL04-SC,UOP01-DEL04-SC,2022
"420891,0",2022-03-16,quarta-feira,07:30:00,SC,101,"213,3",PALHOCA,Reação tardia ou ineficiente do condutor,Queda de ocupante de veículo,Com Vítimas Feridas,Pleno dia,Crescente,Garoa/Chuvisco,Múltipla,Reta,Sim,1,0,1,0,0,0,1,1,-27.63697369,-48.66514142,SPRF-SC,DEL01-SC,UOP02-DEL01-SC,2022
"420935,0",2022-03-16,quarta-feira,11:30:00,SC,101,"442,3",SANTA ROSA DO SUL,Ausência de reação do condutor,Engavetamento,Com Vítimas Feridas,Pleno dia,Crescente,Chuva,Múltipla,Reta,Não,4,0,1,0,3,0,1,3,-29.12959329,-49.68678391,SPRF-SC,DEL02-SC,UOP02-DEL02-SC,2022
"420937,0",2022-03-16,quarta-feira,12:30:00,SC,101,"135,2",BALNEARIO CAMBORIU,Ausência de reação do condutor,Tombamento,Com Vítimas Feridas,Pleno dia,Crescente,Chuva,Múltipla,Reta,Não,2,0,2,0,0,0,2,2,-27.0050108,-48.62677494,SPRF-SC,DEL04-SC,UOP03-DEL04-SC,2022
"420941,0",2022-03-16,quarta-feira,12:35:00,SC,101,"227,3",PALHOCA,Velocidade Incompatível,Colisão traseira,Com Vítimas Feridas,Pleno dia,Crescente,Chuva,Dupla,Reta,Sim,2,0,1,0,1,0,1,2,-27.7509149,-48.63460277,SPRF-SC,DEL01-SC,UOP02-DEL01-SC,2022
"420946,0",2022-03-16,quarta-feira,12:10:00,SC,101,"56,7",ARAQUARI,Acumulo de água sobre o pavimento,Saída de leito carroçável,Com Vítimas Feridas,Pleno dia,Crescente,Chuva,Dupla,Reta,Sim,2,0,2,0,0,0,2,1,-26.43207484,-48.82263984,SPRF-SC,DEL03-SC,UOP01-DEL03-SC,2022
"420963,0",2022-03-16,quarta-feira,14:20:00,SC,101,"10,0",GARUVA,Demais falhas mecânicas ou elétricas,Incêndio,Sem Vítimas,Pleno dia,Crescente,Chuva,Dupla,Reta,Não,1,0,0,0,1,0,0,1,-26.063011,-48.86020605,SPRF-SC,DEL03-SC,UOP01-DEL03-SC,2022
"420976,0",2022-01-19,quarta-feira,07:45:00,SC,101,"208,5",SAO JOSE,Reação tardia ou ineficiente do condutor,Engavetamento,Com Vítimas Feridas,Pleno dia,Decrescente,Sol,Múltipla,Reta,Sim,5,0,1,0,4,0,1,5,-27.60327979,-48.63201818,SPRF-SC,DEL01-SC,UOP01-DEL01-SC,2022
"420996,0",2022-03-16,quarta-feira,18:50:00,SC,101,"155,0",PORTO BELO,Transitar na contramão,Colisão frontal,Com Vítimas Feridas,Plena Noite,Crescente,Céu Claro,Simples,Rotatória,Não,4,0,3,1,0,0,4,2,-27.16292,-48.61129,SPRF-SC,DEL04-SC,UOP03-DEL04-SC,2022
"421015,0",2022-03-16,quarta-feira,21:50:00,SC,101,"168,0",TIJUCAS,Obstrução na via,Tombamento,Com Vítimas Feridas,Plena Noite,Crescente,Nublado,Dupla,Reta,Não,1,0,0,1,0,0,1,1,-27.279105,-48.631554,SPRF-SC,DEL04-SC,UOP03-DEL04-SC,2022
"421056,0",2022-02-26,sábado,12:00:00,SC,282,"99,0",ALFREDO WAGNER,Ultrapassagem Indevida,Queda de ocupante de veículo,Com Vítimas Feridas,Pleno dia,Crescente,Nublado,Simples,Reta,Não,2,0,1,0,1,0,1,2,-27.69452367,-49.3108356,SPRF-SC,DEL01-SC,UOP03-DEL01-SC,2022
"421060,0",2022-03-17,quinta-feira,07:40:00,SC,101,"210,8",SAO JOSE,Condutor deixou de manter distância do veículo da frente,Colisão traseira,Com Vítimas Feridas,Pleno dia,Decrescente,Céu Claro,Múltipla,Reta,Sim,3,0,1,1,0,1,2,2,-27.6167305,-48.6457265,SPRF-SC,DEL01-SC,UOP01-DEL01-SC,2022
"421068,0",2022-03-17,quinta-feira,07:05:00,SC,480,"130,8",CHAPECO,Pedestre cruzava a pista fora da faixa,Atropelamento de Pedestre,Com Vítimas Feridas,Pleno dia,Crescente,Sol,Simples,Reta,Sim,4,0,0,1,1,2,1,2,-27.06195,-52.633484,SPRF-SC,DEL07-SC,UOP01-DEL07-SC,2022
"421072,0",2022-03-09,quarta-feira,18:10:00,SC,280,"24,0",ARAQUARI,Acesso irregular,Colisão transversal,Com Vítimas Feridas,Pleno dia,Decrescente,Nublado,Simples,Reta,Não,2,0,1,0,1,0,1,2,-26.37724921,-48.71953282,SPRF-SC,DEL03-SC,UOP03-DEL03-SC,2022
"421074,0",2022-02-13,domingo,21:00:00,SC,116,"247,5",LAGES,Acessar a via sem observar a presença dos outros veículos,Colisão transversal,Com Vítimas Feridas,Plena Noite,Crescente,Céu Claro,Simples,Reta,Sim,4,0,3,1,0,0,4,2,-27.81262488,-50.36859817,SPRF-SC,DEL05-SC,UOP02-DEL05-SC,2022
"421088,0",2022-03-17,quinta-feira,10:40:00,SC,470,"97,7",APIUNA,Desrespeitar a preferência no cruzamento,Colisão transversal,Com Vítimas Feridas,Pleno dia,Decrescente,Sol,Simples,Interseção de Vias,Sim,2,0,1,0,1,0,1,2,-27.026621,-49.378124,SPRF-SC,DEL04-SC,UOP01-DEL04-SC,2022
"421094,0",2022-03-17,quinta-feira,07:00:00,SC,470,"337,0",CAMPOS NOVOS,Ausência de reação do condutor,Saída de leito carroçável,Com Vítimas Feridas,Amanhecer,Crescente,Céu Claro,Simples,Reta,Não,1,0,1,0,0,0,1,1,-27.513157,-51.348293,SPRF-SC,DEL07-SC,UOP06-DEL07-SC,2022
"421124,0",2022-03-17,quinta-feira,15:50:00,SC,101,"101,5",BALNEARIO PICARRAS,Condutor deixou de manter distância do veículo da frente,Colisão traseira,Com Vítimas Feridas,Pleno dia,Crescente,Sol,Múltipla,Reta,Sim,2,0,1,0,1,0,1,2,-26.76404198,-48.68657667,SPRF-SC,DEL03-SC,UOP02-DEL03-SC,2022
"421129,0",2022-03-17,quinta-feira,16:55:00,SC,470,"63,9",INDAIAL,Área urbana sem a presença de local apropriado para a travessia de pedestres,Atropelamento de Pedestre,Com Vítimas Feridas,Pleno dia,Crescente,Céu Claro,Simples,Em Obras;Reta,Sim,2,0,0,2,0,0,2,2,-26.872396,-49.19228,SPRF-SC,DEL04-SC,UOP01-DEL04-SC,2022
"421138,0",2022-03-17,quinta-feira,18:00:00,SC,101,"145,0",ITAPEMA,Condutor deixou de manter distância do veículo da frente,Colisão lateral mesmo sentido,Com Vítimas Feridas,Pleno dia,Decrescente,Céu Claro,Dupla,Aclive,Sim,3,0,1,0,2,0,1,3,-27.08139206,-48.60130993,SPRF-SC,DEL04-SC,UOP03-DEL04-SC,2022
"421161,0",2022-03-17,quinta-feira,20:10:00,SC,101,"115,0",ITAJAI,Reação tardia ou ineficiente do condutor,Tombamento,Com Vítimas Feridas,Plena Noite,Decrescente,Céu Claro,Dupla,Reta,Não,1,0,1,0,0,0,1,1,-26.87064015,-48.72954134,SPRF-SC,DEL04-SC,UOP04-DEL04-SC,2022
"421166,0",2022-03-17,quinta-feira,17:45:00,SC,282,"602,7",MARAVILHA,Condutor deixou de manter distância do veículo da frente,Colisão traseira,Com Vítimas Feridas,Pleno dia,Decrescente,Sol,Simples,Reta,Sim,2,0,1,0,1,0,1,2,-26.806049,-53.178757,SPRF-SC,DEL07-SC,UOP02-DEL07-SC,2022
"421169,0",2022-03-17,quinta-feira,19:40:00,SC,101,"203,0",SAO JOSE,Acessar a via sem observar a presença dos outros veículos,Colisão transversal,Com Vítimas Feridas,Plena Noite,Decrescente,Céu Claro,Múltipla,Interseção de Vias,Sim,2,0,1,0,1,0,1,2,-27.5650044,-48.61460082,SPRF-SC,DEL01-SC,UOP01-DEL01-SC,2022
"421214,0",2022-03-18,sexta-feira,03:15:00,SC,470,"53,6",BLUMENAU,Ingestão de álcool pelo condutor,Colisão com objeto,Com Vítimas Feridas,Plena Noite,Crescente,Nublado,Simples,Em Obras;Ponte;Curva,Sim,1,0,1,0,0,0,1,1,-26.867121,-49.102066,SPRF-SC,DEL04-SC,UOP01-DEL04-SC,2022
"421220,0",2022-03-18,sexta-feira,03:45:00,SC,101,"325,0",CAPIVARI DE BAIXO,Acessar a via sem observar a presença dos outros veículos,Colisão com objeto,Com Vítimas Feridas,Plena Noite,Decrescente,Céu Claro,Múltipla,Viaduto,Sim,1,0,1,0,0,0,1,1,-28.42516271,-48.93259193,SPRF-SC,DEL02-SC,UOP01-DEL02-SC,2022
"421221,0",2022-03-17,quinta-feira,22:10:00,SC,280,"57,0",GUARAMIRIM,Acessar a via sem observar a presença dos outros veículos,Atropelamento de Pedestre,Com Vítimas Feridas,Plena Noite,Crescente,Nublado,Dupla,Reta,Não,2,0,1,0,1,0,1,2,-26.47811421,-49.01259213,SPRF-SC,DEL03-SC,UOP03-DEL03-SC,2022
"421233,0",2022-03-18,sexta-feira,07:10:00,SC,101,"216,2",PALHOCA,Reação tardia ou ineficiente do condutor,Saída de leito carroçável,Com Vítimas Feridas,Pleno dia,Decrescente,Sol,Múltipla,Reta,Sim,4,0,1,0,3,0,1,3,-27.65965696,-48.67716372,SPRF-SC,DEL01-SC,UOP02-DEL01-SC,2022
"421251,0",2022-03-18,sexta-feira,06:40:00,SC,101,"205,7",SAO JOSE,Acessar a via sem observar a presença dos outros veículos,Colisão transversal,Com Vítimas Feridas,Pleno dia,Decrescente,Céu Claro,Múltipla,Reta,Sim,2,0,1,0,1,0,1,2,-27.58821691,-48.61655573,SPRF-SC,DEL01-SC,UOP01-DEL01-SC,2022
"421261,0",2022-02-26,sábado,14:15:00,SC,101,"54,0",JOINVILLE,Reação tardia ou ineficiente do condutor,Engavetamento,Com Vítimas Feridas,Pleno dia,Crescente,Sol,Dupla,Reta,Sim,5,0,1,0,4,0,1,4,-26.41319508,-48.83617332,SPRF-SC,DEL03-SC,UOP01-DEL03-SC,2022
"421276,0",2022-03-18,sexta-feira,11:05:00,SC,470,"7,8",NAVEGANTES,Condutor deixou de manter distância do veículo da frente,Colisão lateral mesmo sentido,Com Vítimas Feridas,Pleno dia,Crescente,Sol,Simples,Interseção de Vias,Não,2,0,1,0,1,0,1,2,-26.84499,-48.71505,SPRF-SC,DEL04-SC,UOP04-DEL04-SC,2022
"421301,0",2022-03-18,sexta-feira,13:45:00,SC,163,"93,1",GUARACIABA,Manobra de mudança de faixa,Colisão lateral mesmo sentido,Com Vítimas Feridas,Pleno dia,Decrescente,Nublado,Simples,Reta,Não,3,0,2,0,1,0,2,2,-26.54289607,-53.52035746,SPRF-SC,DEL07-SC,UOP03-DEL07-SC,2022
"421316,0",2022-03-18,sexta-feira,16:10:00,SC,101,"191,2",BIGUACU,Demais Fenômenos da natureza,Queda de ocupante de veículo,Com Vítimas Feridas,Pleno dia,Decrescente,Céu Claro,Dupla,Curva,Não,1,0,1,0,0,0,1,1,-27.47730273,-48.64127329,SPRF-SC,DEL01-SC,UOP01-DEL01-SC,2022
"421324,0",2022-01-10,segunda-feira,18:40:00,SC,282,"2,8",FLORIANOPOLIS,Frear bruscamente,Tombamento,Com Vítimas Feridas,Anoitecer,Decrescente,Chuva,Dupla,Reta,Sim,2,0,0,1,0,1,1,2,-27.60198997,-48.59706491,SPRF-SC,DEL01-SC,UOP01-DEL01-SC,2022
"421326,0",2022-03-18,sexta-feira,16:00:00,SC,116,"220,5",CORREIA PINTO,Desrespeitar a preferência no cruzamento,Colisão transversal,Com Vítimas Feridas,Pleno dia,Decrescente,Nublado,Simples,Interseção de Vias,Sim,2,0,0,1,1,0,1,2,-27.59088294,-50.36227763,SPRF-SC,DEL05-SC,UOP03-DEL05-SC,2022
"421333,0",2022-03-18,sexta-feira,17:10:00,SC,470,"69,7",INDAIAL,Retorno proibido,Colisão transversal,Com Vítimas Feridas,Pleno dia,Crescente,Céu Claro,Simples,Viaduto,Sim,2,0,1,0,1,0,1,2,-26.889374,-49.254478,SPRF-SC,DEL04-SC,UOP01-DEL04-SC,2022
"421342,0",2022-03-18,sexta-feira,14:15:00,SC,280,"4,6",SAO FRANCISCO DO SUL,Desrespeitar a preferência no cruzamento,Colisão transversal,Com Vítimas Feridas,Pleno dia,Crescente,Céu Claro,Simples,Interseção de Vias;Rotatória,Sim,2,0,0,1,0,1,1,2,-26.25329566,-48.61916042,SPRF-SC,DEL03-SC,UOP03-DEL03-SC,2022
"421360,0",2022-03-18,sexta-feira,18:00:00,SC,101,"288,0",IMBITUBA,Avarias e/ou desgaste excessivo no pneu,Colisão com objeto,Com Vítimas Feridas,Plena Noite,Decrescente,Chuva,Dupla,Curva,Não,4,0,2,0,2,0,2,1,-28.24598003,-48.70010284,SPRF-SC,DEL02-SC,UOP03-DEL02-SC,2022
"421375,0",2022-03-18,sexta-feira,18:45:00,SC,101,"426,8",SOMBRIO,Reação tardia ou ineficiente do condutor,Colisão lateral mesmo sentido,Com Vítimas Feridas,Plena Noite,Decrescente,Nublado,Múltipla,Reta,Sim,2,0,1,0,1,0,1,2,-29.02593927,-49.59976914,SPRF-SC,DEL02-SC,UOP02-DEL02-SC,2022
"421378,0",2022-03-18,sexta-feira,20:10:00,SC,101,"148,7",ITAPEMA,Reação tardia ou ineficiente do condutor,Colisão transversal,Com Vítimas Feridas,Plena Noite,Crescente,Chuva,Simples,Curva,Sim,2,0,1,0,1,0,1,2,-27.10123686,-48.61807962,SPRF-SC,DEL04-SC,UOP03-DEL04-SC,2022
"421387,0",2022-03-18,sexta-feira,22:30:00,SC,101,"194,2",BIGUACU,Ausência de reação do condutor,Atropelamento de Pedestre,Com Vítimas Feridas,Plena Noite,Crescente,Chuva,Múltipla,Reta,Sim,2,0,1,0,1,0,1,2,-27.49815117,-48.65661236,SPRF-SC,DEL01-SC,UOP01-DEL01-SC,2022
"421388,0",2022-03-18,sexta-feira,22:15:00,SC,116,"1,7",MAFRA,Transitar na contramão,Colisão frontal,Com Vítimas Feridas,Plena Noite,Crescente,Chuva,Dupla,Interseção de Vias,Não,2,0,2,0,0,0,2,2,-26.1170929,-49.78694917,SPRF-SC,DEL06-SC,UOP01-DEL06-SC,2022
"421402,0",2022-03-18,sexta-feira,23:30:00,SC,101,"118,5",ITAJAI,Ausência de reação do condutor,Capotamento,Sem Vítimas,Plena Noite,Decrescente,Chuva,Dupla,Reta,Não,1,0,0,0,1,0,0,1,-26.895859,-48.71903,SPRF-SC,DEL04-SC,UOP04-DEL04-SC,2022
"421421,0",2022-03-19,sábado,03:00:00,SC,101,"207,0",SAO JOSE,Ingestão de álcool pelo condutor,Colisão com objeto,Sem Vítimas,Plena Noite,Decrescente,Garoa/Chuvisco,Dupla,Reta,Não,1,0,0,0,1,0,0,1,-27.60001226,-48.6226467,SPRF-SC,DEL01-SC,UOP01-DEL01-SC,2022
"421442,0",2022-03-19,sábado,05:15:00,SC,470,"70,0",INDAIAL,Acessar a via sem observar a presença dos outros veículos,Colisão lateral mesmo sentido,Com Vítimas Feridas,Amanhecer,Crescente,Nublado,Simples,Reta,Não,3,0,1,1,1,0,2,2,-26.889374,-49.254478,SPRF-SC,DEL04-SC,UOP01-DEL04-SC,2022
"421443,0",2022-03-19,sábado,05:20:00,SC,101,"218,5",PALHOCA,Velocidade Incompatível,Colisão traseira,Com Vítimas Feridas,Amanhecer,Crescente,Nublado,Múltipla,Reta,Sim,2,0,0,1,0,1,1,2,-27.6758601,-48.67052525,SPRF-SC,DEL01-SC,UOP02-DEL01-SC,2022
"421445,0",2022-03-19,sábado,05:00:00,SC,116,"210,1",PONTE ALTA,Velocidade Incompatível,Saída de leito carroçável,Com Vítimas Feridas,Amanhecer,Crescente,Chuva,Simples,Reta,Não,1,0,1,0,0,0,1,1,-27.50285695,-50.36575969,SPRF-SC,DEL05-SC,UOP03-DEL05-SC,2022
"421451,0",2022-03-19,sábado,03:30:00,SC,280,"55,5",GUARAMIRIM,Reação tardia ou ineficiente do condutor,Saída de leito carroçável,Sem Vítimas,Plena Noite,Decrescente,Chuva,Simples,Reta;Viaduto;Interseção de Vias,Sim,1,0,0,0,0,1,0,1,-26.47908191,-49.00067568,SPRF-SC,DEL03-SC,UOP03-DEL03-SC,2022
"421457,0",2022-03-19,sábado,05:50:00,SC,101,"155,3",PORTO BELO,Condutor deixou de manter distância do veículo da frente,Colisão traseira,Com Vítimas Feridas,Pleno dia,Decrescente,Nublado,Simples,Reta,Sim,2,0,0,1,1,0,1,2,-27.16292,-48.61129,SPRF-SC,DEL04-SC,UOP03-DEL04-SC,2022
"421511,0",2022-03-19,sábado,11:50:00,SC,470,"55,8",BLUMENAU,Acessar a via sem observar a presença dos outros veículos,Colisão transversal,Com Vítimas Feridas,Pleno dia,Decrescente,Sol,Simples,Reta,Sim,2,0,1,0,1,0,1,2,-26.875601,-49.117992,SPRF-SC,DEL04-SC,UOP01-DEL04-SC,2022
"421517,0",2022-03-19,sábado,12:10:00,SC,101,"40,0",JOINVILLE,Ausência de reação do condutor,Saída de leito carroçável,Com Vítimas Feridas,Pleno dia,Crescente,Céu Claro,Simples,Reta,Não,1,0,1,0,0,0,1,1,-26.30502432,-48.88169289,SPRF-SC,DEL03-SC,UOP01-DEL03-SC,2022
"421521,0",2022-03-19,sábado,11:10:00,SC,101,"270,0",IMBITUBA,Ausência de reação do condutor,Saída de leito carroçável,Com Vítimas Feridas,Pleno dia,Decrescente,Nublado,Dupla,Viaduto;Interseção de Vias,Não,1,0,1,0,0,0,1,1,-28.1015411,-48.70410641,SPRF-SC,DEL02-SC,UOP03-DEL02-SC,2022
"421524,0",2022-03-19,sábado,14:30:00,SC,101,"115,0",ITAJAI,Trafegar com motocicleta (ou similar) entre as faixas,Tombamento,Com Vítimas Feridas,Pleno dia,Decrescente,Céu Claro,Dupla,Reta,Não,1,0,0,1,0,0,1,1,-26.87064015,-48.72954134,SPRF-SC,DEL04-SC,UOP04-DEL04-SC,2022
"421534,0",2022-03-19,sábado,15:40:00,SC,101,"44,0",JOINVILLE,Reação tardia ou ineficiente do condutor,Queda de ocupante de veículo,Com Vítimas Feridas,Pleno dia,Crescente,Nublado,Simples,Reta,Sim,1,0,1,0,0,0,1,1,-26.31238996,-48.87458997,SPRF-SC,DEL03-SC,UOP01-DEL03-SC,2022
"421538,0",2022-03-19,sábado,16:00:00,SC,101,"154,6",PORTO BELO,Manobra de mudança de faixa,Colisão traseira,Com Vítimas Feridas,Pleno dia,Decrescente,Nublado,Múltipla,Reta,Não,2,0,1,0,1,0,1,2,-27.153819,-48.61086393,SPRF-SC,DEL04-SC,UOP03-DEL04-SC,2022
"421553,0",2022-03-19,sábado,13:28:00,SC,101,"197,7",BIGUACU,Velocidade Incompatível,Colisão com objeto,Com Vítimas Fatais,Pleno dia,Crescente,Nublado,Múltipla,Curva,Sim,1,1,0,0,0,0,0,1,-27.524575,-48.636414,SPRF-SC,DEL01-SC,UOP01-DEL01-SC,2022
"421561,0",2022-03-19,sábado,09:05:00,SC,101,"320,0",PESCARIA BRAVA,Desrespeitar a preferência no cruzamento,Colisão transversal,Com Vítimas Feridas,Pleno dia,Decrescente,Nublado,Múltipla,Interseção de Vias,Sim,2,0,1,0,1,0,1,2,-28.42423208,-48.89603426,SPRF-SC,DEL02-SC,UOP01-DEL02-SC,2022
"421569,0",2022-03-19,sábado,18:45:00,SC,280,"26,0",ARAQUARI,Ultrapassagem Indevida,Colisão frontal,Com Vítimas Feridas,Anoitecer,Decrescente,Nublado,Simples,Em Obras,Sim,3,0,2,0,0,1,2,3,-26.38972308,-48.73411593,SPRF-SC,DEL03-SC,UOP03-DEL03-SC,2022
"421592,0",2022-03-19,sábado,20:30:00,SC,280,"48,2",GUARAMIRIM,Acessar a via sem observar a presença dos outros veículos,Colisão transversal,Com Vítimas Feridas,Plena Noite,Crescente,Chuva,Simples,Reta,Sim,2,0,1,0,1,0,1,2,-26.45506795,-48.92766502,SPRF-SC,DEL03-SC,UOP03-DEL03-SC,2022
"421612,0",2022-03-19,sábado,19:25:00,SC,470,"314,0",CAMPOS NOVOS,Condutor Dormindo,Saída de leito carroçável,Com Vítimas Feridas,Plena Noite,Decrescente,Céu Claro,Simples,Reta,Não,2,0,1,0,1,0,1,2,-27.39465989,-51.19271636,SPRF-SC,DEL07-SC,UOP06-DEL07-SC,2022
"421613,0",2022-03-19,sábado,09:40:00,SC,101,"195,0",BIGUACU,Deficiência do Sistema de Iluminação/Sinalização,Tombamento,Com Vítimas Feridas,Pleno dia,Decrescente,Chuva,Dupla,Reta,Sim,2,0,1,0,1,0,1,1,-27.50206689,-48.65235329,SPRF-SC,DEL01-SC,UOP01-DEL01-SC,2022
"421614,0",2022-03-19,sábado,21:13:00,SC,116,"5,4",MAFRA,Ingestão de álcool pelo condutor,Colisão traseira,Com Vítimas Feridas,Plena Noite,Crescente,Nublado,Simples,Reta,Sim,4,0,1,0,3,0,1,2,-26.14094396,-49.81508303,SPRF-SC,DEL06-SC,UOP01-DEL06-SC,2022
"421638,0",2022-03-19,sábado,20:55:00,SC,101,"457,4",SAO JOAO DO SUL,Ingestão de álcool pelo condutor,Colisão com objeto,Sem Vítimas,Plena Noite,Crescente,Nublado,Dupla,Reta,Não,1,0,0,0,1,0,0,1,-29.2321129,-49.7583037,SPRF-SC,DEL02-SC,UOP02-DEL02-SC,2022
"421651,0",2022-03-20,domingo,00:05:00,SC,153,"69,7",IRANI,Velocidade Incompatível,Saída de leito carroçável,Com Vítimas Feridas,Plena Noite,Decrescente,Céu Claro,Simples,Curva,Não,1,0,1,0,0,0,1,1,-27.052947,-51.888056,SPRF-SC,DEL07-SC,UOP04-DEL07-SC,2022