id,data_inversa,dia_semana,horario,uf,br,km,municipio,causa_acidente,tipo_acidente,classificacao_acidente,fase_dia,sentido_via,condicao_metereologica,tipo_pista,tracado_via,uso_solo,pessoas,mortos,feridos_leves,feridos_graves,ilesos,ignorados,feridos,veiculos,latitude,longitude,regional,delegacia,uop,ano_arquivo
"424927,0",2022-04-06,quarta-feira,14:15:00,SC,163,"69,3",SAO MIGUEL DO OESTE,Manobra de mudança de faixa,Colisão transversal,Com Vítimas Feridas,Pleno dia,Crescente,Céu Claro,Dupla,Reta;Aclive,Sim,3,0,2,0,1,0,2,2,-26.7405515,-53.50115418,SPRF-SC,DEL07-SC,UOP03-DEL07-SC,2022
"424934,0",2022-04-06,quarta-feira,13:45:00,SC,163,"70,8",SAO MIGUEL DO OESTE,Transitar na contramão,Colisão frontal,Com Vítimas Feridas,Pleno dia,Crescente,Céu Claro,Simples,Reta,Sim,2,0,1,0,1,0,1,2,-26.72994438,-53.51123929,SPRF-SC,DEL07-SC,UOP03-DEL07-SC,2022
"424947,0",2022-04-06,quarta-feira,17:20:00,SC,101,"209,5",SAO JOSE,Condutor deixou de manter distância do veículo da frente,Colisão traseira,Com Vítimas Feridas,Pleno dia,Decrescente,Nublado,Múltipla,Reta,Sim,2,0,0,1,1,0,1,2,-27.61000542,-48.63895057,SPRF-SC,DEL01-SC,UOP01-DEL01-SC,2022
"424959,0",2022-04-06,quarta-feira,18:25:00,SC,101,"135,0",BALNEARIO CAMBORIU,Demais falhas mecânicas ou elétricas,Queda de ocupante de veículo,Com Vítimas Feridas,Plena Noite,Decrescente,Céu Claro,Dupla,Reta,Sim,2,0,1,0,1,0,1,1,-27.0050108,-48.62677494,SPRF-SC,DEL04-SC,UOP03-DEL04-SC,2022
"424960,0",2022-04-06,quarta-feira,16:00:00,SC,282,"430,0",VARGEM BONITA,Animais na Pista,Saída de leito carroçável,Com Vítimas Feridas,Pleno dia,Crescente,Sol,Dupla,Aclive,Não,4,0,1,0,3,0,1,1,-26.980852,-51.795891,SPRF-SC,DEL07-SC,UOP05-DEL07-SC,2022
"424971,0",2022-04-06,quarta-feira,17:45:00,SC,101,"56,0",ARAQUARI,Manobra de mudança de faixa,Tombamento,Com Vítimas Feridas,Pleno dia,Crescente,Céu Claro,Dupla,Reta,Não,2,0,1,0,0,1,1,2,-26.43207484,-48.82263984,SPRF-SC,DEL03-SC,UOP01-DEL03-SC,2022
"424996,0",2022-04-06,quarta-feira,20:25:00,SC,470,"124,9",LONTRAS,Ingestão de álcool pelo condutor,Colisão lateral sentido oposto,Sem Vítimas,Plena Noite,Crescente,Nublado,Simples,Reta,Não,5,0,0,0,5,0,0,2,-27.113192,-49.529163,SPRF-SC,DEL04-SC,UOP02-DEL04-SC,2022
"425016,0",2022-04-06,quarta-feira,22:50:00,SC,101,"218,0",PALHOCA,Ingestão de álcool pelo condutor,Colisão traseira,Com Vítimas Feridas,Plena Noite,Crescente,Nublado,Múltipla,Reta,Sim,4,0,1,0,3,0,1,2,-27.6758601,-48.67052525,SPRF-SC,DEL01-SC,UOP02-DEL01-SC,2022
"425023,0",2022-04-06,quarta-feira,23:10:00,SC,116,"9,2",MAFRA,Transitar na contramão,Tombamento,Com Vítimas Fatais,Plena Noite,Decrescente,Nublado,Simples,Reta;Declive,Não,2,1,0,0,1,0,0,2,-26.16468,-49.85049,SPRF-SC,DEL06-SC,UOP01-DEL06-SC,2022
"425031,0",2022-04-07,quinta-feira,02:50:00,SC,101,"38,0",JOINVILLE,Estacionar ou parar em local proibido,Colisão traseira,Com Vítimas Feridas,Plena Noite,Crescente,Nublado,Dupla,Reta,Sim,2,0,1,0,1,0,1,2,-26.25472505,-48.90561309,SPRF-SC,DEL03-SC,UOP01-DEL03-SC,2022
"425035,0",2022-04-07,quinta-feira,04:20:00,SC,101,"333,7",TUBARAO,Chuva,Colisão transversal,Com Vítimas Feridas,Plena Noite,Crescente,Céu Claro,Múltipla,Rotatória,Sim,2,0,0,1,0,1,1,2,-28.46630107,-48.99653096,SPRF-SC,DEL02-SC,UOP01-DEL02-SC,2022
"425041,0",2022-04-07,quinta-feira,04:30:00,SC,282,"633,8",DESCANSO,Ausência de reação do condutor,Saída de leito carroçável,Com Vítimas Feridas,Plena Noite,Decrescente,Nublado,Simples,Curva;Declive,Não,1,0,1,0,0,0,1,1,-26.82631116,-53.4207201,SPRF-SC,DEL07-SC,UOP03-DEL07-SC,2022
"425042,0",2022-04-06,quarta-feira,23:15:00,SC,101,"45,5",JOINVILLE,Entrada inopinada do pedestre,Atropelamento de Pedestre,Com Vítimas Feridas,Plena Noite,Decrescente,Garoa/Chuvisco,Dupla,Reta;Aclive,Sim,2,0,1,0,0,1,1,2,-26.35237288,-48.85817528,SPRF-SC,DEL03-SC,UOP01-DEL03-SC,2022
"425047,0",2022-04-07,quinta-feira,06:30:00,SC,101,"89,0",BARRA VELHA,Ausência de reação do condutor,Colisão com objeto,Sem Vítimas,Pleno dia,Decrescente,Nublado,Múltipla,Reta,Sim,1,0,0,0,1,0,0,1,-26.65175997,-48.68721921,SPRF-SC,DEL03-SC,UOP02-DEL03-SC,2022
"425052,0",2022-04-07,quinta-feira,07:45:00,SC,101,"211,1",PALHOCA,Trafegar com motocicleta (ou similar) entre as faixas,Colisão traseira,Com Vítimas Feridas,Pleno dia,Decrescente,Nublado,Múltipla,Reta,Sim,4,0,2,0,2,0,2,4,-27.62329313,-48.65245588,SPRF-SC,DEL01-SC,UOP02-DEL01-SC,2022
"425053,0",2022-04-07,quinta-feira,07:15:00,SC,470,"55,9",BLUMENAU,Acessar a via sem observar a presença dos outros veículos,Colisão transversal,Com Vítimas Feridas,Pleno dia,Crescente,Nublado,Simples,Reta,Não,2,0,1,0,1,0,1,2,-26.875601,-49.117992,SPRF-SC,DEL04-SC,UOP01-DEL04-SC,2022
"425079,0",2022-04-07,quinta-feira,08:55:00,SC,101,"212,0",PALHOCA,Acessar a via sem observar a presença dos outros veículos,Colisão lateral mesmo sentido,Com Vítimas Feridas,Pleno dia,Crescente,Sol,Dupla,Reta,Sim,1,0,1,0,0,0,1,1,-27.62996929,-48.65903871,SPRF-SC,DEL01-SC,UOP02-DEL01-SC,2022
"425102,0",2022-04-07,quinta-feira,11:50:00,SC,282,"5,0",SAO JOSE,Conversão proibida,Colisão lateral mesmo sentido,Com Vítimas Feridas,Pleno dia,Decrescente,Céu Claro,Dupla,Curva,Sim,2,0,1,0,1,0,1,2,-27.588425,-48.612919,SPRF-SC,DEL01-SC,UOP01-DEL01-SC,2022
"425108,0",2022-04-07,quinta-feira,08:00:00,SC,282,"461,5",PONTE SERRADA,Acessar a via sem observar a presença dos outros veículos,Colisão transversal,Com Vítimas Feridas,Pleno dia,Decrescente,Nublado,Simples,Rotatória,Sim,2,0,1,0,1,0,1,2,-26.856403,-52.041328,SPRF-SC,DEL07-SC,UOP04-DEL07-SC,2022
"425109,0",2022-04-07,quinta-feira,12:15:00,SC,158,"105,0",CUNHA PORA,Ausência de reação do condutor,Colisão com objeto,Sem Vítimas,Pleno dia,Decrescente,Garoa/Chuvisco,Simples,Reta,Não,1,0,0,0,0,1,0,1,-26.86897509,-53.16247716,SPRF-SC,DEL07-SC,UOP02-DEL07-SC,2022
"426056,0",2022-04-07,quinta-feira,18:20:00,SC,101,"42,0",JOINVILLE,Demais falhas mecânicas ou elétricas,Incêndio,Sem Vítimas,Plena Noite,Crescente,Nublado,Simples,Reta,Sim,1,0,0,0,1,0,0,1,-26.32406322,-48.86771858,SPRF-SC,DEL03-SC,UOP01-DEL03-SC,2022
"426076,0",2022-04-07,quinta-feira,19:15:00,SC,101,"206,0",SAO JOSE,Trafegar com motocicleta (ou similar) entre as faixas,Tombamento,Com Vítimas Feridas,Plena Noite,Crescente,Céu Claro,Dupla,Reta,Sim,1,0,1,0,0,0,1,1,-27.59193546,-48.61824557,SPRF-SC,DEL01-SC,UOP01-DEL01-SC,2022
"426089,0",2022-04-07,quinta-feira,15:05:00,SC,282,"551,5",NOVA ITABERABA,Acumulo de água sobre o pavimento,Saída de leito carroçável,Com Vítimas Feridas,Pleno dia,Decrescente,Chuva,Simples,Aclive;Curva,Não,1,0,0,1,0,0,1,1,-26.95198296,-52.77778756,SPRF-SC,DEL07-SC,UOP01-DEL07-SC,2022
"426102,0",2022-04-07,quinta-feira,18:45:00,SC,101,"396,8",MARACAJA,Manobra de mudança de faixa,Colisão transversal,Com Vítimas Feridas,Plena Noite,Crescente,Nublado,Múltipla,Interseção de Vias,Não,2,0,2,0,0,0,2,2,-28.84223025,-49.42929268,SPRF-SC,DEL02-SC,UOP02-DEL02-SC,2022
"426108,0",2022-04-07,quinta-feira,20:10:00,SC,470,"138,0",RIO DO SUL,Acesso irregular,Colisão transversal,Com Vítimas Feridas,Plena Noite,Crescente,Nublado,Simples,Retorno Regulamentado,Sim,2,0,1,0,1,0,1,2,-27.19377853,-49.62436974,SPRF-SC,DEL04-SC,UOP02-DEL04-SC,2022
"426115,0",2022-04-07,quinta-feira,20:20:00,SC,101,"339,7",TUBARAO,Ausência de reação do condutor,Colisão traseira,Com Vítimas Feridas,Plena Noite,Crescente,Céu Claro,Simples,Reta,Sim,2,0,0,1,1,0,1,2,-28.49351117,-49.04178985,SPRF-SC,DEL02-SC,UOP01-DEL02-SC,2022
"426118,0",2022-04-07,quinta-feira,19:35:00,SC,101,"281,0",IMBITUBA,Ingestão de álcool pelo condutor,Queda de ocupante de veículo,Com Vítimas Feridas,Plena Noite,Decrescente,Nublado,Dupla,Reta,Sim,1,0,0,1,0,0,1,1,-28.18793595,-48.69652041,SPRF-SC,DEL02-SC,UOP03-DEL02-SC,2022
"426158,0",2022-04-08,sexta-feira,02:00:00,SC,101,"208,0",SAO JOSE,Condutor deixou de manter distância do veículo da frente,Tombamento,Com Vítimas Feridas,Plena Noite,Crescente,Céu Claro,Dupla,Reta,Não,1,0,0,1,0,0,1,1,-27.60327979,-48.63201818,SPRF-SC,DEL01-SC,UOP01-DEL01-SC,2022
"426166,0",2022-04-08,sexta-feira,03:30:00,SC,282,"5,0",SAO JOSE,Ingestão de álcool pelo condutor,Colisão com objeto,Sem Vítimas,Plena Noite,Decrescente,Céu Claro,Múltipla,Reta,Não,1,0,0,0,0,1,0,1,-27.588425,-48.612919,SPRF-SC,DEL01-SC,UOP01-DEL01-SC,2022
"426177,0",2022-04-07,quinta-feira,12:00:00,SC,282,"518,6",XAXIM,Avarias e/ou desgaste excessivo no pneu,Colisão lateral sentido oposto,Com Vítimas Feridas,Pleno dia,Crescente,Chuva,Simples,Reta,Não,3,0,0,1,2,0,1,3,-26.94557805,-52.51336634,SPRF-SC,DEL07-SC,UOP01-DEL07-SC,2022
"426178,0",2022-04-08,sexta-feira,05:45:00,SC,101,"41,0",JOINVILLE,Condutor deixou de manter distância do veículo da frente,Colisão traseira,Com Vítimas Feridas,Pleno dia,Crescente,Céu Claro,Dupla,Reta,Sim,2,0,0,1,1,0,1,2,-26.28215489,-48.88973081,SPRF-SC,DEL03-SC,UOP01-DEL03-SC,2022
"426179,0",2022-04-08,sexta-feira,04:30:00,SC,282,"377,0",HERVAL DOESTE,Objeto estático sobre o leito carroçável,Colisão com objeto,Com Vítimas Feridas,Plena Noite,Decrescente,Garoa/Chuvisco,Simples,Curva;Aclive,Não,1,0,1,0,0,0,1,1,-27.216974,-51.470055,SPRF-SC,DEL07-SC,UOP05-DEL07-SC,2022
"426190,0",2022-04-08,sexta-feira,06:45:00,SC,280,"22,0",ARAQUARI,Retorno proibido,Colisão transversal,Com Vítimas Feridas,Pleno dia,Crescente,Nublado,Simples,Rotatória,Sim,2,0,1,0,0,1,1,2,-26.37092616,-48.70204099,SPRF-SC,DEL03-SC,UOP03-DEL03-SC,2022
"426195,0",2022-04-08,sexta-feira,06:50:00,SC,470,"49,0",BLUMENAU,Objeto estático sobre o leito carroçável,Colisão com objeto,Com Vítimas Feridas,Pleno dia,Decrescente,Nublado,Dupla,Reta,Sim,2,0,2,0,0,0,2,2,-26.860662,-49.065159,SPRF-SC,DEL04-SC,UOP01-DEL04-SC,2022
"426972,0",2022-04-08,sexta-feira,10:30:00,SC,470,"225,0",SAO CRISTOVAO DO SUL,Chuva,Saída de leito carroçável,Com Vítimas Feridas,Pleno dia,Crescente,Chuva,Simples,Curva,Não,3,0,1,0,2,0,1,1,-27.328018,-50.351475,SPRF-SC,DEL05-SC,UOP03-DEL05-SC,2022
"426982,0",2022-04-08,sexta-feira,12:10:00,SC,280,"232,4",CANOINHAS,Acessar a via sem observar a presença dos outros veículos,Colisão lateral mesmo sentido,Com Vítimas Feridas,Pleno dia,Crescente,Garoa/Chuvisco,Simples,Ponte;Reta,Sim,2,0,0,2,0,0,2,2,-26.19014736,-50.38186997,SPRF-SC,DEL06-SC,UOP04-DEL06-SC,2022
"426985,0",2022-04-08,sexta-feira,07:08:00,SC,101,"390,0",CRICIUMA,Reação tardia ou ineficiente do condutor,Tombamento,Com Vítimas Feridas,Pleno dia,Decrescente,Nublado,Simples,Curva;Rotatória,Não,1,0,1,0,0,0,1,1,-28.80704782,-49.37402844,SPRF-SC,DEL02-SC,UOP02-DEL02-SC,2022
"426986,0",2022-04-08,sexta-feira,08:00:00,SC,470,"123,3",IBIRAMA,Acessar a via sem observar a presença dos outros veículos,Colisão transversal,Com Vítimas Feridas,Pleno dia,Decrescente,Nublado,Simples,Interseção de Vias,Sim,3,0,1,0,2,0,1,2,-27.106783,-49.522049,SPRF-SC,DEL04-SC,UOP02-DEL04-SC,2022
"426990,0",2022-04-08,sexta-feira,07:00:00,SC,282,"104,0",ALFREDO WAGNER,Condutor deixou de manter distância do veículo da frente,Colisão traseira,Com Vítimas Feridas,Pleno dia,Crescente,Chuva,Simples,Reta,Sim,2,0,0,1,1,0,1,2,-27.696043,-49.334038,SPRF-SC,DEL01-SC,UOP03-DEL01-SC,2022
"426991,0",2022-04-02,sábado,21:10:00,SC,0,"0,0",ITAJAI,Ausência de reação do condutor,Colisão com objeto,Sem Vítimas,Plena Noite,Não Informado,Garoa/Chuvisco,Simples,Reta,Sim,1,0,0,0,1,0,0,1,-26.935289,-48.692837,SPRF-SC,DEL04-SC,UOP04-DEL04-SC,2022
"428121,0",2022-04-08,sexta-feira,16:30:00,SC,101,"203,0",SAO JOSE,Acessar a via sem observar a presença dos outros veículos,Colisão transversal,Com Vítimas Feridas,Pleno dia,Crescente,Chuva,Dupla,Interseção de Vias,Sim,2,0,1,0,1,0,1,2,-27.5650044,-48.61460082,SPRF-SC,DEL01-SC,UOP01-DEL01-SC,2022
"428224,0",2022-04-08,sexta-feira,07:45:00,SC,470,"130,2",LONTRAS,Acessar a via sem observar a presença dos outros veículos,Colisão transversal,Com Vítimas Feridas,Pleno dia,Decrescente,Nublado,Simples,Reta,Não,3,0,1,0,2,0,1,3,-27.15756,-49.556488,SPRF-SC,DEL04-SC,UOP02-DEL04-SC,2022
"428225,0",2022-04-08,sexta-feira,17:00:00,SC,101,"204,0",SAO JOSE,Condutor deixou de manter distância do veículo da frente,Engavetamento,Com Vítimas Feridas,Pleno dia,Crescente,Nublado,Múltipla,Reta,Sim,3,0,1,0,2,0,1,3,-27.57413014,-48.61363083,SPRF-SC,DEL01-SC,UOP01-DEL01-SC,2022
"429185,0",2022-04-08,sexta-feira,14:00:00,SC,470,"135,0",RIO DO SUL,Acessar a via sem observar a presença dos outros veículos,Colisão transversal,Com Vítimas Feridas,Pleno dia,Decrescente,Chuva,Simples,Reta,Sim,2,0,0,1,1,0,1,2,-27.188492,-49.61232,SPRF-SC,DEL04-SC,UOP02-DEL04-SC,2022
"429444,0",2022-04-08,sexta-feira,18:15:00,SC,153,"69,7",IRANI,Velocidade Incompatível,Saída de leito carroçável,Sem Vítimas,Anoitecer,Crescente,Chuva,Simples,Curva,Não,1,0,0,0,0,1,0,1,-27.041891,-51.882576,SPRF-SC,DEL07-SC,UOP04-DEL07-SC,2022
"429468,0",2022-04-08,sexta-feira,07:50:00,SC,280,"58,0",GUARAMIRIM,Manobra de mudança de faixa,Colisão lateral mesmo sentido,Com Vítimas Feridas,Pleno dia,Crescente,Nublado,Dupla,Rotatória,Sim,3,0,1,0,2,0,1,2,-26.47415593,-49.021211,SPRF-SC,DEL03-SC,UOP03-DEL03-SC,2022
"429962,0",2022-04-08,sexta-feira,06:20:00,SC,280,"224,6",TRES BARRAS,Reação tardia ou ineficiente do condutor,Saída de leito carroçável,Sem Vítimas,Amanhecer,Decrescente,Nublado,Simples,Reta,Não,1,0,0,0,1,0,0,1,-26.17513189,-50.30394805,SPRF-SC,DEL06-SC,UOP04-DEL06-SC,2022
"429967,0",2022-04-08,sexta-feira,17:00:00,SC,470,"58,6",BLUMENAU,Desrespeitar a preferência no cruzamento,Colisão transversal,Com Vítimas Feridas,Pleno dia,Decrescente,Chuva,Simples,Interseção de Vias,Sim,3,0,2,0,1,0,2,2,-26.883879,-49.145622,SPRF-SC,DEL04-SC,UOP01-DEL04-SC,2022
"431378,0",2022-04-08,sexta-feira,21:15:00,SC,101,"391,0",CRICIUMA,Entrada inopinada do pedestre,Atropelamento de Pedestre,Com Vítimas Feridas,Plena Noite,Crescente,Nublado,Dupla,Declive;Reta,Não,3,0,1,0,2,0,1,2,-28.80004819,-49.36282789,SPRF-SC,DEL02-SC,UOP02-DEL02-SC,2022
"432053,0",2022-04-09,sábado,00:56:00,SC,101,"404,0",ARARANGUA,Ausência de reação do condutor,Colisão traseira,Sem Vítimas,Plena Noite,Crescente,Céu Claro,Dupla,Reta,Não,4,0,0,0,4,0,0,2,-28.8976633,-49.47310925,SPRF-SC,DEL02-SC,UOP02-DEL02-SC,2022
"432058,0",2022-04-08,sexta-feira,09:50:00,SC,101,"47,0",JOINVILLE,Pedestre cruzava a pista fora da faixa,Colisão transversal,Com Vítimas Feridas,Pleno dia,Crescente,Céu Claro,Dupla,Reta,Sim,3,0,1,0,2,0,1,2,-26.34234997,-48.85840089,SPRF-SC,DEL03-SC,UOP01-DEL03-SC,2022
"432061,0",2022-04-09,sábado,01:30:00,SC,282,"2,6",SAO JOSE,Ausência de reação do condutor,Colisão traseira,Com Vítimas Feridas,Plena Noite,Decrescente,Céu Claro,Múltipla,Reta,Sim,2,0,1,0,1,0,1,2,-27.603289,-48.590416,SPRF-SC,DEL01-SC,UOP01-DEL01-SC,2022
"432063,0",2022-04-08,sexta-feira,23:45:00,SC,101,"212,0",PALHOCA,Ingestão de álcool pelo condutor,Colisão com objeto,Sem Vítimas,Plena Noite,Crescente,Nublado,Dupla,Reta,Sim,1,0,0,0,0,1,0,1,-27.62996929,-48.65903871,SPRF-SC,DEL01-SC,UOP02-DEL01-SC,2022
"432651,0",2022-04-08,sexta-feira,21:45:00,SC,470,"143,0",RIO DO SUL,Chuva,Tombamento,Com Vítimas Feridas,Plena Noite,Decrescente,Chuva,Simples,Reta,Sim,1,0,1,0,0,0,1,1,-27.233143,-49.672886,SPRF-SC,DEL04-SC,UOP02-DEL04-SC,2022
"435029,0",2022-04-09,sábado,12:25:00,SC,101,"163,0",TIJUCAS,Condutor deixou de manter distância do veículo da frente,Colisão traseira,Com Vítimas Feridas,Pleno dia,Crescente,Sol,Múltipla,Reta,Sim,2,0,1,0,1,0,1,2,-27.23461699,-48.63039809,SPRF-SC,DEL04-SC,UOP03-DEL04-SC,2022
"436557,0",2022-04-09,sábado,10:50:00,SC,101,"205,8",SAO JOSE,Condutor deixou de manter distância do veículo da frente,Colisão traseira,Com Vítimas Feridas,Pleno dia,Decrescente,Céu Claro,Múltipla,Reta,Sim,3,0,1,1,1,0,2,2,-27.5885818,-48.61689985,SPRF-SC,DEL01-SC,UOP01-DEL01-SC,2022
"437794,0",2022-04-09,sábado,11:15:00,SC,470,"5,0",NAVEGANTES,Velocidade Incompatível,Colisão frontal,Com Vítimas Feridas,Pleno dia,Crescente,Céu Claro,Dupla,Rotatória,Sim,5,0,1,0,4,0,1,2,-26.855688,-48.700333,SPRF-SC,DEL04-SC,UOP04-DEL04-SC,2022
"442566,0",2022-04-09,sábado,01:40:00,SC,116,"225,0",CORREIA PINTO,Ingestão de álcool pelo condutor,Colisão com objeto,Com Vítimas Feridas,Plena Noite,Decrescente,Ignorado,Simples,Rotatória,Não,2,0,1,0,1,0,1,1,-27.62660421,-50.34186602,SPRF-SC,DEL05-SC,UOP03-DEL05-SC,2022
"442579,0",2022-04-10,domingo,11:30:00,SC,101,"365,0",SANGAO,Mal súbito do condutor,Saída de leito carroçável,Com Vítimas Feridas,Pleno dia,Crescente,Chuva,Dupla,Reta;Declive,Sim,2,0,1,1,0,0,2,1,-28.68290284,-49.14759308,SPRF-SC,DEL02-SC,UOP01-DEL02-SC,2022
"442583,0",2022-04-09,sábado,21:20:00,SC,101,"271,9",IMBITUBA,Ingestão de álcool pelo condutor,Colisão com objeto,Sem Vítimas,Plena Noite,Crescente,Chuva,Dupla,Reta,Não,2,0,0,0,2,0,0,2,-28.11011972,-48.70211279,SPRF-SC,DEL02-SC,UOP03-DEL02-SC,2022
"442584,0",2022-04-10,domingo,18:10:00,SC,282,"34,4",AGUAS MORNAS,Transitar na contramão,Colisão lateral sentido oposto,Sem Vítimas,Plena Noite,Crescente,Garoa/Chuvisco,Simples,Reta,Não,2,0,0,0,2,0,0,2,-27.70116,-48.800175,SPRF-SC,DEL01-SC,UOP03-DEL01-SC,2022
"442600,0",2022-04-10,domingo,16:40:00,SC,101,"219,0",PALHOCA,Velocidade Incompatível,Colisão traseira,Com Vítimas Feridas,Pleno dia,Decrescente,Nublado,Simples,Reta,Não,5,0,1,1,3,0,2,3,-27.68392194,-48.66710085,SPRF-SC,DEL01-SC,UOP02-DEL01-SC,2022
"442603,0",2022-04-10,domingo,11:10:00,SC,101,"125,0",ITAJAI,Ausência de reação do condutor,Colisão com objeto,Com Vítimas Feridas,Pleno dia,Crescente,Céu Claro,Dupla,Reta,Não,3,0,1,0,2,0,1,2,-26.94802427,-48.68338515,SPRF-SC,DEL04-SC,UOP04-DEL04-SC,2022
"442627,0",2022-04-10,domingo,19:15:00,SC,101,"95,0",BARRA VELHA,Acessar a via sem observar a presença dos outros veículos,Colisão lateral mesmo sentido,Com Vítimas Feridas,Plena Noite,Decrescente,Nublado,Dupla,Reta,Não,3,0,1,1,1,0,2,2,-26.71371078,-48.70276809,SPRF-SC,DEL03-SC,UOP02-DEL03-SC,2022
"442634,0",2022-04-10,domingo,19:15:00,SC,282,"19,0",PALHOCA,Ingestão de álcool e/ou substâncias psicoativas pelo pedestre,Colisão traseira,Sem Vítimas,Plena Noite,Decrescente,Céu Claro,Simples,Reta,Não,2,0,0,0,2,0,0,2,-27.678635,-48.70192,SPRF-SC,DEL01-SC,UOP02-DEL01-SC,2022
"442734,0",2022-04-10,domingo,23:40:00,SC,101,"43,9",JOINVILLE,Pista em desnível,Capotamento,Com Vítimas Feridas,Plena Noite,Crescente,Céu Claro,Dupla,Curva,Não,1,0,1,0,0,0,1,1,-26.30357106,-48.88225609,SPRF-SC,DEL03-SC,UOP01-DEL03-SC,2022
"442736,0",2022-04-11,segunda-feira,00:15:00,SC,280,"24,8",ARAQUARI,Reação tardia ou ineficiente do condutor,Colisão lateral mesmo sentido,Com Vítimas Feridas,Plena Noite,Crescente,Garoa/Chuvisco,Simples,Reta,Não,6,0,6,0,0,0,6,2,-26.37724921,-48.71953282,SPRF-SC,DEL03-SC,UOP03-DEL03-SC,2022
"442771,0",2022-04-10,domingo,09:40:00,SC,470,"87,9",ASCURRA,Acessar a via sem observar a presença dos outros veículos,Colisão lateral mesmo sentido,Com Vítimas Feridas,Pleno dia,Crescente,Céu Claro,Simples,Rotatória,Não,2,0,1,0,1,0,1,2,-26.948483,-49.366833,SPRF-SC,DEL04-SC,UOP01-DEL04-SC,2022
"442773,0",2022-04-10,domingo,15:30:00,SC,470,"62,1",BLUMENAU,Condutor deixou de manter distância do veículo da frente,Colisão traseira,Com Vítimas Feridas,Pleno dia,Decrescente,Céu Claro,Simples,Reta,Não,3,0,2,0,0,1,2,2,-26.874521,-49.182938,SPRF-SC,DEL04-SC,UOP01-DEL04-SC,2022
"442776,0",2022-04-11,segunda-feira,06:00:00,SC,101,"196,0",BIGUACU,Ausência de reação do condutor,Colisão traseira,Sem Vítimas,Amanhecer,Crescente,Nublado,Múltipla,Reta,Sim,2,0,0,0,1,1,0,2,-27.51101091,-48.64322292,SPRF-SC,DEL01-SC,UOP01-DEL01-SC,2022
"442788,0",2022-04-11,segunda-feira,07:20:00,SC,101,"118,0",ITAJAI,Reação tardia ou ineficiente do condutor,Queda de ocupante de veículo,Com Vítimas Feridas,Amanhecer,Decrescente,Nublado,Simples,Reta,Não,2,0,1,0,1,0,1,2,-26.895859,-48.71903,SPRF-SC,DEL04-SC,UOP04-DEL04-SC,2022
"442791,0",2022-04-11,segunda-feira,07:30:00,SC,282,"23,6",SANTO AMARO DA IMPERATRIZ,Acessar a via sem observar a presença dos outros veículos,Colisão transversal,Com Vítimas Feridas,Pleno dia,Decrescente,Chuva,Dupla,Interseção de Vias,Sim,2,0,1,0,1,0,1,2,-27.687958,-48.736794,SPRF-SC,DEL01-SC,UOP03-DEL01-SC,2022
"442792,0",2022-04-10,domingo,22:30:00,SC,280,"96,0",CORUPA,Pista Escorregadia,Saída de leito carroçável,Sem Vítimas,Plena Noite,Decrescente,Garoa/Chuvisco,Simples,Curva,Não,2,0,0,0,2,0,0,1,-26.38379647,-49.32174683,SPRF-SC,DEL06-SC,UOP03-DEL06-SC,2022
"442794,0",2022-04-09,sábado,04:15:00,SC,163,"72,8",SAO MIGUEL DO OESTE,Ultrapassagem Indevida,Colisão frontal,Com Vítimas Feridas,Plena Noite,Crescente,Nevoeiro/Neblina,Simples,Curva,Sim,4,0,0,1,3,0,1,2,-26.71908804,-53.5157791,SPRF-SC,DEL07-SC,UOP03-DEL07-SC,2022
"442825,0",2022-04-11,segunda-feira,07:45:00,SC,101,"201,1",SAO JOSE,Condutor deixou de manter distância do veículo da frente,Colisão traseira,Com Vítimas Feridas,Pleno dia,Crescente,Chuva,Dupla,Reta,Não,2,0,1,0,1,0,1,2,-27.54836599,-48.61977975,SPRF-SC,DEL01-SC,UOP01-DEL01-SC,2022
"442838,0",2022-04-09,sábado,17:20:00,SC,282,"236,0",SAO JOSE DO CERRITO,Velocidade Incompatível,Tombamento,Com Vítimas Feridas,Anoitecer,Crescente,Ignorado,Simples,Reta,Não,1,0,1,0,0,0,1,1,-27.787489,-50.482494,SPRF-SC,DEL05-SC,UOP02-DEL05-SC,2022
"442849,0",2022-04-11,segunda-feira,05:55:00,SC,116,"245,0",LAGES,Ingestão de álcool pelo condutor,Colisão lateral sentido oposto,Com Vítimas Feridas,Amanhecer,Crescente,Garoa/Chuvisco,Simples,Reta,Sim,2,0,0,1,1,0,1,2,-27.79544281,-50.36187437,SPRF-SC,DEL05-SC,UOP01-DEL05-SC,2022
"442853,0",2022-04-09,sábado,23:40:00,SC,101,"229,0",TUBARAO,Ingestão de álcool pelo condutor,Saída de leito carroçável,Com Vítimas Feridas,Plena Noite,Crescente,Chuva,Dupla,Reta,Não,1,0,0,1,0,0,1,1,-28.453944,-48.977964,SPRF-SC,DEL01-SC,UOP02-DEL01-SC,2022
"442867,0",2022-04-08,sexta-feira,18:30:00,SC,470,"236,0",SAO CRISTOVAO DO SUL,Chuva,Colisão lateral sentido oposto,Com Vítimas Feridas,Anoitecer,Crescente,Chuva,Simples,Curva,Não,4,0,1,0,3,0,1,2,-27.30307,-50.447491,SPRF-SC,DEL05-SC,UOP03-DEL05-SC,2022