id,data_inversa,dia_semana,horario,uf,br,km,municipio,causa_acidente,tipo_acidente,classificacao_acidente,fase_dia,sentido_via,condicao_metereologica,tipo_pista,tracado_via,uso_solo,pessoas,mortos,feridos_leves,feridos_graves,ilesos,ignorados,feridos,veiculos,latitude,longitude,regional,delegacia,uop,ano_arquivo
"442874,0",2022-04-08,sexta-feira,14:00:00,SC,280,"97,5",SAO BENTO DO SUL,Pista Escorregadia,Tombamento,Com Vítimas Fatais,Pleno dia,Crescente,Garoa/Chuvisco,Simples,Declive;Curva,Não,2,1,0,0,1,0,0,2,-26.371675,-49.325781,SPRF-SC,DEL06-SC,UOP03-DEL06-SC,2022
"442881,0",2022-04-11,segunda-feira,10:05:00,SC,280,"263,0",CANOINHAS,Manobra de mudança de faixa,Saída de leito carroçável,Com Vítimas Feridas,Pleno dia,Decrescente,Chuva,Simples,Reta,Não,2,0,2,0,0,0,2,1,-26.262463,-50.668205,SPRF-SC,DEL06-SC,UOP04-DEL06-SC,2022
"442882,0",2022-04-08,sexta-feira,16:10:00,SC,280,"125,0",RIO NEGRINHO,Ausência de reação do condutor,Colisão traseira,Com Vítimas Feridas,Anoitecer,Crescente,Garoa/Chuvisco,Simples,Reta,Sim,2,0,1,0,1,0,1,2,-26.23763684,-49.48434497,SPRF-SC,DEL06-SC,UOP03-DEL06-SC,2022
"442902,0",2022-04-10,domingo,00:45:00,SC,280,"229,9",CANOINHAS,Ausência de reação do condutor,Colisão com objeto,Com Vítimas Feridas,Plena Noite,Crescente,Céu Claro,Simples,Reta,Sim,1,0,0,1,0,0,1,1,-26.18601731,-50.35213894,SPRF-SC,DEL06-SC,UOP04-DEL06-SC,2022
"442908,0",2022-04-11,segunda-feira,07:00:00,SC,282,"615,0",MARAVILHA,Objeto estático sobre o leito carroçável,Colisão com objeto,Com Vítimas Feridas,Pleno dia,Crescente,Chuva,Simples,Curva,Não,1,0,1,0,0,0,1,1,-26.774349,-53.271767,SPRF-SC,DEL07-SC,UOP02-DEL07-SC,2022
"442928,0",2022-04-11,segunda-feira,11:35:00,SC,280,"85,0",CORUPA,Manobra de mudança de faixa,Colisão lateral mesmo sentido,Com Vítimas Feridas,Pleno dia,Decrescente,Céu Claro,Simples,Aclive,Não,2,0,1,0,1,0,1,2,-26.43158487,-49.25150957,SPRF-SC,DEL06-SC,UOP03-DEL06-SC,2022
"442934,0",2022-04-11,segunda-feira,15:15:00,SC,101,"211,0",PALHOCA,Ausência de reação do condutor,Atropelamento de Pedestre,Com Vítimas Feridas,Pleno dia,Crescente,Chuva,Dupla,Viaduto,Sim,2,0,1,0,1,0,1,2,-27.62329313,-48.65245588,SPRF-SC,DEL01-SC,UOP02-DEL01-SC,2022
"442963,0",2022-04-11,segunda-feira,16:00:00,SC,101,"138,0",BALNEARIO CAMBORIU,Chuva,Colisão com objeto,Com Vítimas Feridas,Pleno dia,Decrescente,Chuva,Dupla,Curva,Sim,1,0,1,0,0,0,1,1,-27.02397426,-48.60761649,SPRF-SC,DEL04-SC,UOP03-DEL04-SC,2022
"442989,0",2022-04-11,segunda-feira,11:45:00,SC,280,"30,9",ARAQUARI,Reação tardia ou ineficiente do condutor,Colisão transversal,Com Vítimas Feridas,Pleno dia,Decrescente,Nublado,Simples,Reta,Não,2,0,0,1,1,0,1,2,-26.41648946,-48.77129316,SPRF-SC,DEL03-SC,UOP03-DEL03-SC,2022
"442994,0",2022-04-11,segunda-feira,15:45:00,SC,280,"23,0",ARAQUARI,Reação tardia ou ineficiente do condutor,Queda de ocupante de veículo,Com Vítimas Feridas,Pleno dia,Crescente,Céu Claro,Simples,Interseção de Vias,Sim,1,0,1,0,0,0,1,1,-26.37146,-48.711887,SPRF-SC,DEL03-SC,UOP03-DEL03-SC,2022
"443005,0",2022-04-07,quinta-feira,11:45:00,SC,280,"29,7",ARAQUARI,Acessar a via sem observar a presença dos outros veículos,Colisão lateral mesmo sentido,Com Vítimas Feridas,Pleno dia,Crescente,Garoa/Chuvisco,Simples,Reta;Interseção de Vias,Sim,3,0,0,1,2,0,1,2,-26.41066264,-48.75295628,SPRF-SC,DEL03-SC,UOP03-DEL03-SC,2022
"443016,0",2022-04-11,segunda-feira,19:00:00,SC,163,"73,0",SAO MIGUEL DO OESTE,Ingestão de álcool pelo condutor,Colisão frontal,Sem Vítimas,Plena Noite,Crescente,Chuva,Simples,Reta,Sim,4,0,0,0,4,0,0,2,-26.71084646,-53.51502434,SPRF-SC,DEL07-SC,UOP03-DEL07-SC,2022
"443017,0",2022-04-08,sexta-feira,21:45:00,SC,280,"40,0",ARAQUARI,Transitar na contramão,Colisão frontal,Com Vítimas Feridas,Plena Noite,Decrescente,Garoa/Chuvisco,Simples,Reta,Sim,2,0,1,0,1,0,1,2,-26.44938176,-48.84792002,SPRF-SC,DEL03-SC,UOP03-DEL03-SC,2022
"443039,0",2022-04-11,segunda-feira,22:00:00,SC,101,"339,5",TUBARAO,Transitar na contramão,Colisão frontal,Sem Vítimas,Plena Noite,Decrescente,Nublado,Simples,Reta,Sim,2,0,0,0,2,0,0,2,-28.50740829,-49.04938638,SPRF-SC,DEL02-SC,UOP01-DEL02-SC,2022
"443064,0",2022-04-09,sábado,12:10:00,SC,282,"207,0",LAGES,Afundamento ou ondulação no pavimento,Saída de leito carroçável,Com Vítimas Feridas,Pleno dia,Decrescente,Céu Claro,Simples,Rotatória,Sim,1,0,1,0,0,0,1,1,-27.773464,-50.202095,SPRF-SC,DEL05-SC,UOP01-DEL05-SC,2022
"443065,0",2022-04-10,domingo,05:50:00,SC,282,"225,0",LAGES,Transitar na contramão,Colisão frontal,Com Vítimas Fatais,Amanhecer,Decrescente,Céu Claro,Simples,Reta,Não,4,3,0,1,0,0,1,2,-27.794176,-50.379559,SPRF-SC,DEL05-SC,UOP02-DEL05-SC,2022
"443070,0",2022-04-09,sábado,19:00:00,SC,163,"0,0",DIONISIO CERQUEIRA,Acessar a via sem observar a presença dos outros veículos,Colisão transversal,Com Vítimas Feridas,Plena Noite,Crescente,Céu Claro,Simples,Declive,Sim,2,0,1,0,0,1,1,2,-26.2613,-53.6206,SPRF-SC,DEL07-SC,UOP03-DEL07-SC,2022
"443093,0",2022-04-09,sábado,06:30:00,SC,470,"23,0",ILHOTA,Ausência de reação do condutor,Capotamento,Com Vítimas Feridas,Pleno dia,Crescente,Nublado,Dupla,Reta,Não,1,0,0,1,0,0,1,1,-26.880913,-48.846237,SPRF-SC,DEL04-SC,UOP04-DEL04-SC,2022
"443104,0",2022-04-12,terça-feira,08:05:00,SC,116,"236,0",CORREIA PINTO,Avarias e/ou desgaste excessivo no pneu,Saída de leito carroçável,Com Vítimas Feridas,Pleno dia,Crescente,Nublado,Simples,Curva,Não,2,0,2,0,0,0,2,1,-27.72262586,-50.33635139,SPRF-SC,DEL05-SC,UOP01-DEL05-SC,2022
"443111,0",2022-04-08,sexta-feira,22:00:00,SC,280,"75,0",JARAGUA DO SUL,Ingestão de álcool e/ou substâncias psicoativas pelo pedestre,Colisão frontal,Sem Vítimas,Plena Noite,Crescente,Nublado,Simples,Rotatória,Sim,2,0,0,0,2,0,0,2,-26.45844636,-49.16794896,SPRF-SC,DEL03-SC,UOP03-DEL03-SC,2022
"443123,0",2022-04-12,terça-feira,09:45:00,SC,101,"207,5",SAO JOSE,Chuva,Queda de ocupante de veículo,Com Vítimas Feridas,Pleno dia,Decrescente,Chuva,Múltipla,Reta;Declive,Sim,1,0,1,0,0,0,1,1,-27.60001226,-48.6226467,SPRF-SC,DEL01-SC,UOP01-DEL01-SC,2022
"443136,0",2022-04-09,sábado,14:30:00,SC,101,"203,2",SAO JOSE,Desrespeitar a preferência no cruzamento,Colisão transversal,Com Vítimas Feridas,Pleno dia,Crescente,Céu Claro,Múltipla,Interseção de Vias,Sim,3,0,1,0,2,0,1,2,-27.56593203,-48.61471653,SPRF-SC,DEL01-SC,UOP01-DEL01-SC,2022
"443143,0",2022-04-09,sábado,15:00:00,SC,101,"214,0",PALHOCA,Manobra de mudança de faixa,Tombamento,Com Vítimas Feridas,Pleno dia,Crescente,Sol,Múltipla,Reta,Não,2,0,0,1,0,1,1,2,-27.64443,-48.67057,SPRF-SC,DEL01-SC,UOP02-DEL01-SC,2022
"443158,0",2022-04-12,terça-feira,09:15:00,SC,116,"1,9",MAFRA,Velocidade Incompatível,Colisão traseira,Com Vítimas Feridas,Pleno dia,Decrescente,Nublado,Simples,Reta,Sim,3,0,1,0,2,0,1,2,-26.1170929,-49.78694917,SPRF-SC,DEL06-SC,UOP01-DEL06-SC,2022
"443161,0",2022-04-09,sábado,07:00:00,SC,116,"264,0",CAPAO ALTO,Velocidade Incompatível,Saída de leito carroçável,Com Vítimas Feridas,Amanhecer,Decrescente,Céu Claro,Simples,Reta,Não,1,0,1,0,0,0,1,1,-27.93262143,-50.46174687,SPRF-SC,DEL05-SC,UOP02-DEL05-SC,2022
"443172,0",2022-04-09,sábado,05:30:00,SC,282,"213,5",LAGES,Ingestão de álcool pelo condutor,Saída de leito carroçável,Sem Vítimas,Plena Noite,Crescente,Garoa/Chuvisco,Simples,Reta,Sim,1,0,0,0,0,1,0,1,-27.78631495,-50.26459694,SPRF-SC,DEL05-SC,UOP01-DEL05-SC,2022
"443192,0",2022-04-12,terça-feira,14:30:00,SC,282,"207,0",LAGES,Ausência de reação do condutor,Colisão com objeto,Com Vítimas Feridas,Pleno dia,Crescente,Nublado,Simples,Reta,Sim,2,0,2,0,0,0,2,1,-27.773464,-50.202095,SPRF-SC,DEL05-SC,UOP01-DEL05-SC,2022
"443194,0",2022-04-10,domingo,02:50:00,SC,101,"325,5",CAPIVARI DE BAIXO,Chuva,Colisão traseira,Com Vítimas Feridas,Plena Noite,Crescente,Chuva,Múltipla,Reta,Sim,3,0,0,2,1,0,2,2,-28.42516271,-48.93259193,SPRF-SC,DEL02-SC,UOP01-DEL02-SC,2022
"443210,0",2022-04-08,sexta-feira,18:30:00,SC,280,"181,0",MAFRA,Velocidade Incompatível,Saída de leito carroçável,Sem Vítimas,Plena Noite,Crescente,Chuva,Simples,Declive;Reta,Não,1,0,0,0,1,0,0,1,-26.17201114,-49.89655396,SPRF-SC,DEL06-SC,UOP01-DEL06-SC,2022
"443212,0",2022-04-09,sábado,23:45:00,SC,101,"107,0",PENHA,Ingestão de álcool pelo condutor,Saída de leito carroçável,Sem Vítimas,Plena Noite,Crescente,Céu Claro,Dupla,Reta,Não,1,0,0,0,1,0,0,1,-26.81930608,-48.68390282,SPRF-SC,DEL03-SC,UOP02-DEL03-SC,2022
"443236,0",2022-04-12,terça-feira,15:30:00,SC,101,"96,7",BALNEARIO PICARRAS,Reação tardia ou ineficiente do condutor,Colisão com objeto,Com Vítimas Feridas,Pleno dia,Crescente,Garoa/Chuvisco,Dupla,Reta,Não,2,0,2,0,0,0,2,1,-26.718427,-48.70233,SPRF-SC,DEL03-SC,UOP02-DEL03-SC,2022
"443250,0",2022-04-12,terça-feira,18:20:00,SC,101,"199,0",BIGUACU,Ausência de reação do condutor,Colisão lateral mesmo sentido,Com Vítimas Feridas,Plena Noite,Crescente,Céu Claro,Dupla,Reta,Sim,2,0,1,0,1,0,1,2,-27.53413705,-48.63003205,SPRF-SC,DEL01-SC,UOP01-DEL01-SC,2022
"443253,0",2022-04-12,terça-feira,18:25:00,SC,282,"215,0",LAGES,Acessar a via sem observar a presença dos outros veículos,Atropelamento de Pedestre,Com Vítimas Feridas,Anoitecer,Decrescente,Nublado,Simples,Reta,Sim,2,0,1,1,0,0,2,2,-27.793665,-50.281799,SPRF-SC,DEL05-SC,UOP01-DEL05-SC,2022
"443266,0",2022-04-12,terça-feira,18:30:00,SC,101,"214,0",SAO JOSE,Condutor deixou de manter distância do veículo da frente,Colisão traseira,Com Vítimas Feridas,Plena Noite,Crescente,Céu Claro,Múltipla,Reta,Sim,5,0,0,1,4,0,1,4,-27.53413705,-48.63003205,SPRF-SC,DEL01-SC,UOP02-DEL01-SC,2022
"443267,0",2022-04-12,terça-feira,17:15:00,SC,163,"105,6",SAO JOSE DO CEDRO,Ausência de reação do condutor,Colisão transversal,Com Vítimas Feridas,Pleno dia,Decrescente,Garoa/Chuvisco,Simples,Declive;Reta,Não,2,0,0,1,1,0,1,2,-26.44612099,-53.51490283,SPRF-SC,DEL07-SC,UOP03-DEL07-SC,2022
"443272,0",2022-04-12,terça-feira,20:30:00,SC,282,"28,3",SANTO AMARO DA IMPERATRIZ,Acessar a via sem observar a presença dos outros veículos,Colisão transversal,Com Vítimas Feridas,Plena Noite,Decrescente,Nublado,Simples,Rotatória,Sim,2,0,1,0,1,0,1,2,-27.67478,-48.778904,SPRF-SC,DEL01-SC,UOP03-DEL01-SC,2022
"443276,0",2022-04-12,terça-feira,20:20:00,SC,116,"5,0",MAFRA,Reação tardia ou ineficiente do condutor,Colisão traseira,Sem Vítimas,Plena Noite,Decrescente,Nublado,Simples,Retorno Regulamentado;Interseção de Vias;Rotatória,Sim,4,0,0,0,4,0,0,2,-26.14587191,-49.82174462,SPRF-SC,DEL06-SC,UOP01-DEL06-SC,2022
"443289,0",2022-04-12,terça-feira,21:20:00,SC,470,"52,5",BLUMENAU,Desrespeitar a preferência no cruzamento,Colisão transversal,Com Vítimas Feridas,Plena Noite,Crescente,Nublado,Simples,Interseção de Vias,Não,3,0,1,0,2,0,1,2,-26.862286,-49.093903,SPRF-SC,DEL04-SC,UOP01-DEL04-SC,2022
"443291,0",2022-04-12,terça-feira,22:00:00,SC,101,"147,0",ITAPEMA,Ausência de reação do condutor,Colisão traseira,Com Vítimas Feridas,Plena Noite,Decrescente,Nublado,Múltipla,Declive,Sim,2,0,2,0,0,0,2,2,-27.09237407,-48.61730888,SPRF-SC,DEL04-SC,UOP03-DEL04-SC,2022
"443303,0",2022-04-13,quarta-feira,03:50:00,SC,101,"89,0",BARRA VELHA,Ausência de reação do condutor,Saída de leito carroçável,Com Vítimas Feridas,Plena Noite,Crescente,Nublado,Simples,Reta,Não,1,0,1,0,0,0,1,1,-26.65175997,-48.68721921,SPRF-SC,DEL03-SC,UOP02-DEL03-SC,2022
"443312,0",2022-04-10,domingo,02:40:00,SC,282,"679,5",PARAISO,Neblina,Saída de leito carroçável,Com Vítimas Feridas,Plena Noite,Decrescente,Nevoeiro/Neblina,Simples,Curva,Não,2,0,2,0,0,0,2,1,-26.61327,-53.701958,SPRF-SC,DEL07-SC,UOP03-DEL07-SC,2022
"443314,0",2022-04-13,quarta-feira,01:05:00,SC,101,"199,0",SAO JOSE,Ingestão de substâncias psicoativas pelo condutor,Capotamento,Com Vítimas Feridas,Plena Noite,Crescente,Céu Claro,Dupla,Reta,Sim,1,0,1,0,0,0,1,1,-27.53413705,-48.63003205,SPRF-SC,DEL01-SC,UOP01-DEL01-SC,2022
"443321,0",2022-04-09,sábado,21:15:00,SC,282,"4,5",SAO JOSE,Ingestão de álcool pelo condutor,Colisão com objeto,Com Vítimas Feridas,Plena Noite,Crescente,Nublado,Dupla,Reta,Sim,1,0,1,0,0,0,1,1,-27.592646,-48.604034,SPRF-SC,DEL01-SC,UOP01-DEL01-SC,2022
"443323,0",2022-04-09,sábado,22:00:00,SC,101,"294,0",IMBITUBA,Acessar a via sem observar a presença dos outros veículos,Colisão lateral mesmo sentido,Com Vítimas Feridas,Plena Noite,Decrescente,Garoa/Chuvisco,Múltipla,Reta,Não,13,0,5,0,8,0,5,2,-28.31558178,-48.7250689,SPRF-SC,DEL02-SC,UOP03-DEL02-SC,2022
"443325,0",2022-04-13,quarta-feira,07:30:00,SC,470,"134,7",RIO DO SUL,Acessar a via sem observar a presença dos outros veículos,Colisão traseira,Com Vítimas Feridas,Pleno dia,Decrescente,Nublado,Simples,Reta,Sim,2,0,1,0,1,0,1,2,-27.181854,-49.600128,SPRF-SC,DEL04-SC,UOP02-DEL04-SC,2022
"443329,0",2022-04-10,domingo,03:40:00,SC,282,"379,0",HERVAL DOESTE,Reação tardia ou ineficiente do condutor,Colisão com objeto,Sem Vítimas,Plena Noite,Crescente,Nevoeiro/Neblina,Simples,Retorno Regulamentado,Sim,1,0,0,0,0,1,0,1,-27.214485,-51.484738,SPRF-SC,DEL07-SC,UOP05-DEL07-SC,2022
"443340,0",2022-04-09,sábado,17:00:00,SC,101,"216,0",PALHOCA,Ausência de reação do condutor,Colisão traseira,Com Vítimas Feridas,Pleno dia,Crescente,Sol,Dupla,Reta,Sim,2,0,1,0,1,0,1,2,-27.65981409,-48.67747798,SPRF-SC,DEL01-SC,UOP02-DEL01-SC,2022
"443349,0",2022-04-09,sábado,20:16:00,SC,470,"158,0",TROMBUDO CENTRAL,Velocidade Incompatível,Colisão traseira,Com Vítimas Feridas,Plena Noite,Decrescente,Nublado,Simples,Curva,Sim,6,0,5,0,1,0,5,2,-27.287016,-49.778389,SPRF-SC,DEL04-SC,UOP02-DEL04-SC,2022
"443350,0",2022-04-10,domingo,01:50:00,SC,101,"27,4",JOINVILLE,Ingestão de álcool pelo condutor,Colisão com objeto,Sem Vítimas,Plena Noite,Crescente,Nublado,Dupla,Viaduto;Reta;Declive,Sim,1,0,0,0,1,0,0,1,-26.20130351,-48.91331794,SPRF-SC,DEL03-SC,UOP01-DEL03-SC,2022
"443353,0",2022-04-02,sábado,00:15:00,SC,470,"5,0",NAVEGANTES,Obras na pista,Saída de leito carroçável,Com Vítimas Feridas,Plena Noite,Crescente,Nublado,Dupla,Em Obras;Reta,Sim,3,0,1,0,1,1,1,1,-26.855688,-48.700333,SPRF-SC,DEL04-SC,UOP04-DEL04-SC,2022
"443358,0",2022-04-09,sábado,08:50:00,SC,470,"65,7",INDAIAL,Acessar a via sem observar a presença dos outros veículos,Colisão transversal,Com Vítimas Feridas,Pleno dia,Decrescente,Céu Claro,Simples,Reta;Retorno Regulamentado,Sim,2,0,1,0,1,0,1,2,-26.870411,-49.211864,SPRF-SC,DEL04-SC,UOP01-DEL04-SC,2022
"443359,0",2022-04-09,sábado,11:15:00,SC,470,"70,0",INDAIAL,Retorno proibido,Colisão transversal,Com Vítimas Feridas,Pleno dia,Crescente,Céu Claro,Simples,Reta;Em Obras,Sim,3,0,1,2,0,0,3,2,-26.8877579,-49.25247258,SPRF-SC,DEL04-SC,UOP01-DEL04-SC,2022
"443360,0",2022-04-09,sábado,23:00:00,SC,470,"31,9",GASPAR,Velocidade Incompatível,Saída de leito carroçável,Sem Vítimas,Plena Noite,Crescente,Nublado,Dupla,Retorno Regulamentado;Reta,Sim,1,0,0,0,0,1,0,1,-26.90129048,-48.93211842,SPRF-SC,DEL04-SC,UOP01-DEL04-SC,2022
"443368,0",2022-04-10,domingo,05:20:00,SC,101,"42,0",JOINVILLE,Ingestão de álcool pelo condutor,Colisão com objeto,Com Vítimas Feridas,Amanhecer,Crescente,Céu Claro,Simples,Curva,Sim,4,0,0,3,1,0,3,1,-26.3264605,-48.86577129,SPRF-SC,DEL03-SC,UOP01-DEL03-SC,2022
"443390,0",2022-04-09,sábado,10:50:00,SC,101,"83,0",BARRA VELHA,Reação tardia ou ineficiente do condutor,Colisão traseira,Com Vítimas Feridas,Pleno dia,Crescente,Nublado,Dupla,Curva,Não,2,0,1,0,1,0,1,2,-26.61865655,-48.71834126,SPRF-SC,DEL03-SC,UOP02-DEL03-SC,2022
"443392,0",2022-04-13,quarta-feira,10:25:00,SC,101,"215,0",PALHOCA,Reação tardia ou ineficiente do condutor,Colisão traseira,Com Vítimas Feridas,Pleno dia,Crescente,Sol,Múltipla,Reta,Sim,2,0,1,0,1,0,1,2,-27.64443,-48.67057,SPRF-SC,DEL01-SC,UOP02-DEL01-SC,2022
"443393,0",2022-04-09,sábado,19:20:00,SC,101,"96,0",BARRA VELHA,Reação tardia ou ineficiente do condutor,Colisão traseira,Com Vítimas Feridas,Plena Noite,Decrescente,Nublado,Dupla,Reta,Não,3,0,2,0,0,1,2,2,-26.718427,-48.70233,SPRF-SC,DEL03-SC,UOP02-DEL03-SC,2022
"443406,0",2022-04-13,quarta-feira,09:40:00,SC,101,"39,5",JOINVILLE,Ausência de reação do condutor,Colisão lateral mesmo sentido,Com Vítimas Feridas,Pleno dia,Crescente,Nublado,Dupla,Interseção de Vias,Sim,2,0,1,0,1,0,1,2,-26.2628107,-48.90192257,SPRF-SC,DEL03-SC,UOP01-DEL03-SC,2022
"443423,0",2022-04-13,quarta-feira,12:25:00,SC,101,"202,8",SAO JOSE,Transitar na contramão,Colisão transversal,Com Vítimas Feridas,Pleno dia,Crescente,Nublado,Simples,Interseção de Vias,Sim,2,0,1,0,1,0,1,2,-27.55711595,-48.61897889,SPRF-SC,DEL01-SC,UOP01-DEL01-SC,2022
"443427,0",2022-04-13,quarta-feira,12:40:00,SC,101,"133,5",BALNEARIO CAMBORIU,Demais falhas mecânicas ou elétricas,Incêndio,Sem Vítimas,Pleno dia,Decrescente,Nublado,Múltipla,Reta,Não,1,0,0,0,1,0,0,1,-26.99936,-48.64609,SPRF-SC,DEL04-SC,UOP03-DEL04-SC,2022
"443438,0",2022-04-09,sábado,22:30:00,SC,101,"132,0",BALNEARIO CAMBORIU,Reação tardia ou ineficiente do condutor,Saída de leito carroçável,Sem Vítimas,Plena Noite,Crescente,Nublado,Múltipla,Reta,Não,1,0,0,0,0,1,0,1,-26.99654133,-48.65564711,SPRF-SC,DEL04-SC,UOP03-DEL04-SC,2022
"443441,0",2022-02-12,sábado,08:00:00,SC,280,"31,0",ARAQUARI,Velocidade Incompatível,Colisão traseira,Com Vítimas Feridas,Pleno dia,Crescente,Sol,Simples,Reta,Sim,7,0,0,2,5,0,2,5,-26.41649938,-48.77181215,SPRF-SC,DEL03-SC,UOP03-DEL03-SC,2022
"443443,0",2022-04-10,domingo,02:00:00,SC,101,"139,0",BALNEARIO CAMBORIU,Reação tardia ou ineficiente do condutor,Saída de leito carroçável,Sem Vítimas,Plena Noite,Crescente,Nublado,Dupla,Reta,Não,1,0,0,0,0,1,0,1,-27.02982303,-48.60115006,SPRF-SC,DEL04-SC,UOP03-DEL04-SC,2022
"443444,0",2022-04-13,quarta-feira,09:50:00,SC,116,"290,5",CAPAO ALTO,Ultrapassagem Indevida,Colisão frontal,Com Vítimas Fatais,Pleno dia,Decrescente,Céu Claro,Simples,Declive;Reta,Não,5,1,2,2,0,0,4,2,-28.11347414,-50.62465668,SPRF-SC,DEL05-SC,UOP02-DEL05-SC,2022
"443448,0",2022-03-27,domingo,17:10:00,SC,282,"461,5",PONTE SERRADA,Acesso irregular,Colisão transversal,Com Vítimas Fatais,Pleno dia,Crescente,Céu Claro,Simples,Aclive,Sim,5,1,4,0,0,0,4,2,-26.86626676,-52.02292442,SPRF-SC,DEL07-SC,UOP04-DEL07-SC,2022
"443479,0",2022-04-13,quarta-feira,16:30:00,SC,101,"193,3",BIGUACU,Manobra de mudança de faixa,Saída de leito carroçável,Com Vítimas Feridas,Pleno dia,Crescente,Céu Claro,Simples,Reta,Não,4,0,2,0,2,0,2,2,-27.489574,-48.655914,SPRF-SC,DEL01-SC,UOP01-DEL01-SC,2022
"443501,0",2022-03-05,sábado,00:40:00,SC,101,"381,5",ICARA,Ingestão de álcool pelo condutor,Capotamento,Com Vítimas Feridas,Plena Noite,Crescente,Ignorado,Simples,Declive,Sim,1,0,1,0,0,0,1,1,-28.75478409,-49.27732095,SPRF-SC,DEL02-SC,UOP02-DEL02-SC,2022
"443504,0",2022-04-09,sábado,19:50:00,SC,280,"28,9",ARAQUARI,Desrespeitar a preferência no cruzamento,Colisão frontal,Com Vítimas Feridas,Plena Noite,Crescente,Céu Claro,Simples,Interseção de Vias,Sim,4,0,1,1,2,0,2,2,-26.40978248,-48.75148773,SPRF-SC,DEL03-SC,UOP03-DEL03-SC,2022
"443505,0",2022-04-13,quarta-feira,17:35:00,SC,470,"70,9",INDAIAL,Reação tardia ou ineficiente do condutor,Colisão transversal,Com Vítimas Feridas,Pleno dia,Crescente,Nublado,Simples,Reta;Em Obras,Sim,2,0,0,1,1,0,1,2,-26.89540611,-49.26244855,SPRF-SC,DEL04-SC,UOP01-DEL04-SC,2022
"443519,0",2022-04-13,quarta-feira,14:30:00,SC,280,"268,2",IRINEOPOLIS,Desrespeitar a preferência no cruzamento,Colisão transversal,Com Vítimas Feridas,Pleno dia,Crescente,Céu Claro,Simples,Interseção de Vias,Sim,4,0,2,1,1,0,3,2,-26.2638614,-50.71221861,SPRF-SC,DEL06-SC,UOP04-DEL06-SC,2022
"443520,0",2022-04-13,quarta-feira,17:45:00,SC,101,"105,6",PENHA,Acessar a via sem observar a presença dos outros veículos,Colisão transversal,Com Vítimas Feridas,Anoitecer,Decrescente,Nublado,Dupla,Interseção de Vias,Não,2,0,1,1,0,0,2,2,-26.80215497,-48.67891041,SPRF-SC,DEL03-SC,UOP02-DEL03-SC,2022
"443528,0",2022-04-13,quarta-feira,18:30:00,SC,282,"23,0",SANTO AMARO DA IMPERATRIZ,Acessar a via sem observar a presença dos outros veículos,Colisão transversal,Com Vítimas Feridas,Plena Noite,Crescente,Céu Claro,Simples,Interseção de Vias,Sim,3,0,1,0,2,0,1,2,-27.687958,-48.736794,SPRF-SC,DEL01-SC,UOP02-DEL01-SC,2022
"443531,0",2022-04-13,quarta-feira,19:15:00,SC,101,"194,0",BIGUACU,Trafegar com motocicleta (ou similar) entre as faixas,Colisão traseira,Com Vítimas Feridas,Plena Noite,Decrescente,Nublado,Simples,Reta,Sim,2,0,1,0,1,0,1,2,-27.49815117,-48.65661236,SPRF-SC,DEL01-SC,UOP01-DEL01-SC,2022
"443606,0",2022-04-14,quinta-feira,04:30:00,SC,101,"161,0",TIJUCAS,Ausência de reação do condutor,Queda de ocupante de veículo,Com Vítimas Feridas,Plena Noite,Decrescente,Céu Claro,Dupla,Reta,Sim,2,0,2,0,0,0,2,1,-27.21673911,-48.6244238,SPRF-SC,DEL04-SC,UOP03-DEL04-SC,2022
"443619,0",2022-04-14,quinta-feira,02:40:00,SC,101,"116,0",ITAJAI,Velocidade Incompatível,Queda de ocupante de veículo,Sem Vítimas,Plena Noite,Crescente,Nublado,Múltipla,Reta,Sim,2,0,0,0,0,2,0,2,-26.87905605,-48.72603512,SPRF-SC,DEL04-SC,UOP04-DEL04-SC,2022
"443622,0",2022-04-14,quinta-feira,06:30:00,SC,101,"119,0",ITAJAI,Pista Escorregadia,Colisão com objeto,Com Vítimas Feridas,Pleno dia,Decrescente,Chuva,Múltipla,Reta,Sim,2,0,1,0,1,0,1,2,-26.9043179,-48.71555481,SPRF-SC,DEL04-SC,UOP04-DEL04-SC,2022
"443632,0",2022-04-03,domingo,00:56:00,SC,470,"6,0",NAVEGANTES,Reação tardia ou ineficiente do condutor,Colisão lateral mesmo sentido,Com Vítimas Fatais,Plena Noite,Crescente,Garoa/Chuvisco,Dupla,Reta,Não,2,1,0,0,1,0,0,2,-26.83133271,-48.70119095,SPRF-SC,DEL04-SC,UOP04-DEL04-SC,2022
"443645,0",2022-04-14,quinta-feira,08:35:00,SC,101,"142,6",ITAPEMA,Desrespeitar a preferência no cruzamento,Colisão transversal,Com Vítimas Feridas,Pleno dia,Crescente,Nublado,Dupla,Interseção de Vias,Sim,2,0,0,1,1,0,1,2,-27.06190325,-48.59645789,SPRF-SC,DEL04-SC,UOP03-DEL04-SC,2022
"443675,0",2022-04-14,quinta-feira,12:20:00,SC,101,"230,8",PALHOCA,Demais falhas mecânicas ou elétricas,Tombamento,Com Vítimas Feridas,Pleno dia,Decrescente,Nublado,Dupla,Curva,Sim,1,0,1,0,0,0,1,1,-27.77781898,-48.63489608,SPRF-SC,DEL01-SC,UOP02-DEL01-SC,2022
"443679,0",2022-04-14,quinta-feira,08:48:00,SC,116,"199,0",PONTE ALTA,Desrespeitar a preferência no cruzamento,Colisão transversal,Com Vítimas Feridas,Pleno dia,Decrescente,Céu Claro,Simples,Interseção de Vias,Não,2,0,1,0,1,0,1,2,-27.42102791,-50.41128862,SPRF-SC,DEL05-SC,UOP03-DEL05-SC,2022