id,data_inversa,dia_semana,horario,uf,br,km,municipio,causa_acidente,tipo_acidente,classificacao_acidente,fase_dia,sentido_via,condicao_metereologica,tipo_pista,tracado_via,uso_solo,pessoas,mortos,feridos_leves,feridos_graves,ilesos,ignorados,feridos,veiculos,latitude,longitude,regional,delegacia,uop,ano_arquivo
"444714,0",2022-01-24,segunda-feira,13:20:00,SC,101,"119,0",ITAJAI,Trafegar com motocicleta (ou similar) entre as faixas,Queda de ocupante de veículo,Com Vítimas Feridas,Pleno dia,Decrescente,Céu Claro,Dupla,Reta,Não,1,0,1,0,0,0,1,1,-26.9043179,-48.71555481,SPRF-SC,DEL04-SC,UOP04-DEL04-SC,2022
"444719,0",2022-04-19,terça-feira,07:50:00,SC,470,"67,6",INDAIAL,Conversão proibida,Colisão transversal,Com Vítimas Feridas,Pleno dia,Crescente,Céu Claro,Simples,Reta,Sim,2,0,1,0,1,0,1,2,-26.87495,-49.23632,SPRF-SC,DEL04-SC,UOP01-DEL04-SC,2022
"444731,0",2022-04-19,terça-feira,09:40:00,SC,101,"195,0",BIGUACU,Avarias e/ou desgaste excessivo no pneu,Tombamento,Com Vítimas Feridas,Pleno dia,Decrescente,Sol,Múltipla,Reta,Sim,1,0,1,0,0,0,1,1,-27.5047092,-48.65010819,SPRF-SC,DEL01-SC,UOP01-DEL01-SC,2022
"444745,0",2022-04-19,terça-feira,12:40:00,SC,282,"1,0",FLORIANOPOLIS,Condutor deixou de manter distância do veículo da frente,Colisão traseira,Com Vítimas Feridas,Pleno dia,Decrescente,Sol,Dupla,Reta,Sim,2,0,1,0,1,0,1,2,-27.602955,-48.580509,SPRF-SC,DEL01-SC,UOP01-DEL01-SC,2022
"444776,0",2022-04-19,terça-feira,15:20:00,SC,280,"52,9",GUARAMIRIM,Acessar a via sem observar a presença dos outros veículos,Colisão frontal,Com Vítimas Feridas,Pleno dia,Crescente,Céu Claro,Dupla,Reta;Em Obras,Sim,2,0,2,0,0,0,2,2,-26.468904,-48.96492,SPRF-SC,DEL03-SC,UOP03-DEL03-SC,2022
"444796,0",2022-04-19,terça-feira,17:20:00,SC,101,"197,4",BIGUACU,Reação tardia ou ineficiente do condutor,Colisão transversal,Com Vítimas Feridas,Pleno dia,Crescente,Sol,Múltipla,Interseção de Vias;Viaduto,Sim,2,0,2,0,0,0,2,2,-27.51844497,-48.63848496,SPRF-SC,DEL01-SC,UOP01-DEL01-SC,2022
"444819,0",2022-04-19,terça-feira,18:20:00,SC,101,"41,0",JOINVILLE,Desrespeitar a preferência no cruzamento,Colisão transversal,Com Vítimas Feridas,Pleno dia,Decrescente,Céu Claro,Simples,Interseção de Vias;Rotatória,Não,2,0,2,0,0,0,2,2,-26.31874816,-48.87169361,SPRF-SC,DEL03-SC,UOP01-DEL03-SC,2022
"444827,0",2022-04-19,terça-feira,16:00:00,SC,101,"159,0",PORTO BELO,Ausência de reação do condutor,Colisão com objeto,Com Vítimas Feridas,Pleno dia,Decrescente,Céu Claro,Simples,Reta,Sim,1,0,1,0,0,0,1,1,-27.1998778,-48.61534236,SPRF-SC,DEL04-SC,UOP03-DEL04-SC,2022
"444841,0",2022-04-19,terça-feira,20:45:00,SC,101,"209,0",SAO JOSE,Acessar a via sem observar a presença dos outros veículos,Colisão traseira,Com Vítimas Feridas,Plena Noite,Decrescente,Céu Claro,Múltipla,Reta,Sim,2,0,1,0,1,0,1,2,-27.61000542,-48.63895057,SPRF-SC,DEL01-SC,UOP01-DEL01-SC,2022
"444849,0",2022-04-19,terça-feira,19:24:00,SC,101,"433,5",SOMBRIO,Manobra de mudança de faixa,Colisão traseira,Com Vítimas Feridas,Plena Noite,Decrescente,Céu Claro,Dupla,Reta,Não,2,0,2,0,0,0,2,2,-29.08200809,-49.6297237,SPRF-SC,DEL02-SC,UOP02-DEL02-SC,2022
"444869,0",2022-04-19,terça-feira,00:30:00,SC,280,"81,0",CORUPA,Ausência de reação do condutor,Saída de leito carroçável,Com Vítimas Feridas,Plena Noite,Decrescente,Céu Claro,Simples,Reta,Não,1,0,1,0,0,0,1,1,-26.44057489,-49.217056,SPRF-SC,DEL06-SC,UOP03-DEL06-SC,2022
"444883,0",2022-04-20,quarta-feira,07:05:00,SC,101,"204,0",SAO JOSE,Trafegar com motocicleta (ou similar) entre as faixas,Queda de ocupante de veículo,Com Vítimas Feridas,Pleno dia,Crescente,Céu Claro,Múltipla,Reta,Sim,1,0,1,0,0,0,1,1,-27.57413014,-48.61363083,SPRF-SC,DEL01-SC,UOP01-DEL01-SC,2022
"444936,0",2022-03-28,segunda-feira,08:40:00,SC,101,"206,4",SAO JOSE,Acesso irregular,Colisão lateral mesmo sentido,Com Vítimas Feridas,Pleno dia,Crescente,Céu Claro,Dupla,Curva,Não,2,0,1,0,1,0,1,2,-27.59193546,-48.61824557,SPRF-SC,DEL01-SC,UOP01-DEL01-SC,2022
"444967,0",2022-04-20,quarta-feira,12:34:00,SC,101,"321,0",PESCARIA BRAVA,Ingestão de álcool pelo condutor,Colisão com objeto,Com Vítimas Feridas,Pleno dia,Decrescente,Sol,Dupla,Reta,Sim,3,0,1,0,2,0,1,2,-28.42532339,-48.8919091,SPRF-SC,DEL02-SC,UOP01-DEL02-SC,2022
"444974,0",2022-04-20,quarta-feira,15:16:00,SC,101,"205,7",SAO JOSE,Condutor deixou de manter distância do veículo da frente,Colisão traseira,Com Vítimas Feridas,Pleno dia,Decrescente,Céu Claro,Múltipla,Reta,Sim,2,0,1,0,1,0,1,2,-27.58313237,-48.61532885,SPRF-SC,DEL01-SC,UOP01-DEL01-SC,2022
"444975,0",2022-04-20,quarta-feira,15:00:00,SC,282,"16,0",PALHOCA,Pedestre cruzava a pista fora da faixa,Colisão frontal,Com Vítimas Feridas,Pleno dia,Decrescente,Céu Claro,Dupla,Reta,Sim,2,0,0,1,1,0,1,2,-27.658611,-48.681847,SPRF-SC,DEL01-SC,UOP02-DEL01-SC,2022
"444980,0",2022-04-20,quarta-feira,15:50:00,SC,101,"422,0",ARARANGUA,Manobra de mudança de faixa,Colisão lateral mesmo sentido,Com Vítimas Feridas,Pleno dia,Crescente,Céu Claro,Dupla,Reta;Declive,Não,2,0,1,0,1,0,1,2,-29.00612225,-49.56558585,SPRF-SC,DEL02-SC,UOP02-DEL02-SC,2022
"445017,0",2022-04-20,quarta-feira,19:10:00,SC,101,"119,0",ITAJAI,Condutor deixou de manter distância do veículo da frente,Colisão lateral mesmo sentido,Com Vítimas Feridas,Plena Noite,Crescente,Céu Claro,Múltipla,Reta,Sim,3,0,1,0,1,1,1,3,-26.9043179,-48.71555481,SPRF-SC,DEL04-SC,UOP04-DEL04-SC,2022
"445029,0",2022-04-20,quarta-feira,18:20:00,SC,282,"23,0",SANTO AMARO DA IMPERATRIZ,Conversão proibida,Colisão transversal,Com Vítimas Feridas,Plena Noite,Decrescente,Céu Claro,Simples,Reta,Não,2,0,1,0,1,0,1,2,-27.687958,-48.736794,SPRF-SC,DEL01-SC,UOP02-DEL01-SC,2022
"445030,0",2022-04-20,quarta-feira,19:35:00,SC,282,"216,0",LAGES,Acessar a via sem observar a presença dos outros veículos,Colisão transversal,Com Vítimas Feridas,Plena Noite,Decrescente,Céu Claro,Dupla,Interseção de Vias,Sim,2,0,1,0,1,0,1,2,-27.79507545,-50.28382301,SPRF-SC,DEL05-SC,UOP01-DEL05-SC,2022
"445031,0",2022-04-20,quarta-feira,19:00:00,SC,101,"158,1",PORTO BELO,Manobra de mudança de faixa,Colisão traseira,Com Vítimas Feridas,Plena Noite,Crescente,Céu Claro,Dupla,Reta,Sim,3,0,1,0,2,0,1,2,-27.19096301,-48.61259017,SPRF-SC,DEL04-SC,UOP03-DEL04-SC,2022
"445038,0",2022-04-20,quarta-feira,14:45:00,SC,470,"136,2",RIO DO SUL,Acessar a via sem observar a presença dos outros veículos,Colisão transversal,Com Vítimas Feridas,Pleno dia,Decrescente,Nublado,Simples,Reta,Sim,2,0,1,0,1,0,1,2,-27.194323,-49.624554,SPRF-SC,DEL04-SC,UOP02-DEL04-SC,2022
"445056,0",2022-04-20,quarta-feira,17:30:00,SC,101,"270,0",IMBITUBA,Avarias e/ou desgaste excessivo no pneu,Saída de leito carroçável,Com Vítimas Feridas,Anoitecer,Decrescente,Céu Claro,Dupla,Reta,Não,1,0,1,0,0,0,1,1,-28.1015411,-48.70410641,SPRF-SC,DEL02-SC,UOP03-DEL02-SC,2022
"445058,0",2022-04-20,quarta-feira,22:48:00,SC,280,"24,1",ARAQUARI,Desrespeitar a preferência no cruzamento,Colisão transversal,Com Vítimas Feridas,Plena Noite,Decrescente,Céu Claro,Simples,Reta;Interseção de Vias,Não,4,0,2,1,1,0,3,2,-26.37724921,-48.71953282,SPRF-SC,DEL03-SC,UOP03-DEL03-SC,2022
"445075,0",2022-04-20,quarta-feira,21:00:00,SC,101,"216,0",PALHOCA,Ausência de reação do condutor,Colisão com objeto,Com Vítimas Feridas,Plena Noite,Decrescente,Nublado,Dupla,Interseção de Vias,Sim,1,0,1,0,0,0,1,1,-27.65981409,-48.67747798,SPRF-SC,DEL01-SC,UOP02-DEL01-SC,2022
"445084,0",2022-04-21,quinta-feira,04:15:00,SC,282,"5,0",SAO JOSE,Ausência de reação do condutor,Queda de ocupante de veículo,Com Vítimas Feridas,Plena Noite,Crescente,Céu Claro,Múltipla,Reta,Sim,1,0,1,0,0,0,1,1,-27.588425,-48.612919,SPRF-SC,DEL01-SC,UOP01-DEL01-SC,2022
"445085,0",2022-04-21,quinta-feira,04:30:00,SC,101,"151,0",ITAPEMA,Ingestão de álcool pelo condutor,Colisão com objeto,Com Vítimas Feridas,Plena Noite,Crescente,Céu Claro,Dupla,Interseção de Vias,Sim,1,0,1,0,0,0,1,1,-27.126536,-48.609642,SPRF-SC,DEL04-SC,UOP03-DEL04-SC,2022
"445093,0",2022-04-21,quinta-feira,05:15:00,SC,101,"207,3",SAO JOSE,Ingestão de álcool pelo condutor,Capotamento,Sem Vítimas,Plena Noite,Crescente,Céu Claro,Múltipla,Curva,Não,1,0,0,0,1,0,0,1,-27.60001226,-48.6226467,SPRF-SC,DEL01-SC,UOP01-DEL01-SC,2022
"445107,0",2022-04-21,quinta-feira,08:00:00,SC,101,"156,0",PORTO BELO,Manobra de mudança de faixa,Colisão lateral mesmo sentido,Com Vítimas Feridas,Pleno dia,Decrescente,Céu Claro,Dupla,Reta,Não,3,0,1,0,2,0,1,3,-27.172272,-48.61170204,SPRF-SC,DEL04-SC,UOP03-DEL04-SC,2022
"445111,0",2022-04-09,sábado,18:45:00,SC,153,"106,0",CONCORDIA,Ingestão de álcool pelo condutor,Colisão lateral sentido oposto,Sem Vítimas,Plena Noite,Crescente,Céu Claro,Simples,Reta,Não,2,0,0,0,2,0,0,2,-27.290276,-51.967644,SPRF-SC,DEL07-SC,UOP04-DEL07-SC,2022
"445115,0",2022-04-21,quinta-feira,09:00:00,SC,101,"204,3",SAO JOSE,Avarias e/ou desgaste excessivo no pneu,Queda de ocupante de veículo,Com Vítimas Feridas,Pleno dia,Crescente,Céu Claro,Múltipla,Reta,Sim,1,0,0,1,0,0,1,1,-27.57413014,-48.61363083,SPRF-SC,DEL01-SC,UOP01-DEL01-SC,2022
"445118,0",2022-04-21,quinta-feira,07:50:00,SC,101,"45,0",JOINVILLE,Desrespeitar a preferência no cruzamento,Colisão transversal,Com Vítimas Feridas,Pleno dia,Decrescente,Sol,Dupla,Viaduto;Interseção de Vias;Reta,Sim,2,0,1,0,1,0,1,2,-26.3187695,-48.87229579,SPRF-SC,DEL03-SC,UOP01-DEL03-SC,2022
"445120,0",2022-04-21,quinta-feira,09:25:00,SC,470,"7,0",NAVEGANTES,Acessar a via sem observar a presença dos outros veículos,Colisão lateral mesmo sentido,Com Vítimas Feridas,Pleno dia,Crescente,Céu Claro,Dupla,Em Obras;Interseção de Vias,Sim,2,0,1,0,1,0,1,2,-26.84499,-48.71505,SPRF-SC,DEL04-SC,UOP04-DEL04-SC,2022
"445130,0",2022-04-21,quinta-feira,11:10:00,SC,101,"147,0",ITAPEMA,Reação tardia ou ineficiente do condutor,Colisão traseira,Com Vítimas Feridas,Pleno dia,Decrescente,Sol,Múltipla,Reta,Sim,2,0,2,0,0,0,2,2,-27.09237407,-48.61730888,SPRF-SC,DEL04-SC,UOP03-DEL04-SC,2022
"445141,0",2022-04-21,quinta-feira,09:00:00,SC,282,"128,2",BOM RETIRO,Acessar a via sem observar a presença dos outros veículos,Colisão lateral mesmo sentido,Com Vítimas Feridas,Pleno dia,Crescente,Céu Claro,Simples,Curva,Não,2,0,1,0,1,0,1,2,-27.803921,-49.487785,SPRF-SC,DEL05-SC,UOP01-DEL05-SC,2022
"445149,0",2022-04-21,quinta-feira,12:30:00,SC,101,"204,0",SAO JOSE,Condutor usando celular,Colisão traseira,Sem Vítimas,Pleno dia,Crescente,Sol,Múltipla,Declive;Reta,Sim,2,0,0,0,2,0,0,2,-27.57413014,-48.61363083,SPRF-SC,DEL01-SC,UOP01-DEL01-SC,2022
"445167,0",2022-04-21,quinta-feira,14:03:00,SC,101,"98,6",BALNEARIO PICARRAS,Frear bruscamente,Colisão traseira,Com Vítimas Fatais,Pleno dia,Crescente,Céu Claro,Dupla,Reta,Não,10,1,1,0,7,1,1,3,-26.73760897,-48.69918789,SPRF-SC,DEL03-SC,UOP02-DEL03-SC,2022
"445168,0",2022-04-21,quinta-feira,14:10:00,SC,101,"117,0",ITAJAI,Reação tardia ou ineficiente do condutor,Colisão traseira,Com Vítimas Feridas,Pleno dia,Crescente,Céu Claro,Simples,Viaduto,Sim,5,0,2,1,2,0,3,4,-26.88747187,-48.72252969,SPRF-SC,DEL04-SC,UOP04-DEL04-SC,2022
"445170,0",2022-04-21,quinta-feira,14:30:00,SC,101,"208,0",SAO JOSE,Ausência de reação do condutor,Colisão transversal,Com Vítimas Feridas,Pleno dia,Decrescente,Céu Claro,Dupla,Reta,Sim,2,0,1,0,1,0,1,2,-27.60327979,-48.63201818,SPRF-SC,DEL01-SC,UOP01-DEL01-SC,2022
"445175,0",2022-04-21,quinta-feira,15:00:00,SC,470,"54,4",BLUMENAU,Desrespeitar a preferência no cruzamento,Colisão transversal,Com Vítimas Feridas,Pleno dia,Crescente,Céu Claro,Simples,Rotatória,Não,3,0,1,0,2,0,1,2,-26.87322168,-49.11414569,SPRF-SC,DEL04-SC,UOP01-DEL04-SC,2022
"445188,0",2022-04-21,quinta-feira,16:07:00,SC,101,"292,0",IMBITUBA,Velocidade Incompatível,Saída de leito carroçável,Com Vítimas Feridas,Pleno dia,Crescente,Céu Claro,Múltipla,Reta,Sim,1,0,1,0,0,0,1,1,-28.29694634,-48.71514916,SPRF-SC,DEL02-SC,UOP03-DEL02-SC,2022
"445198,0",2022-04-21,quinta-feira,17:45:00,SC,101,"56,1",ARAQUARI,Velocidade Incompatível,Colisão lateral mesmo sentido,Com Vítimas Feridas,Anoitecer,Decrescente,Céu Claro,Dupla,Reta,Não,3,0,2,0,1,0,2,2,-26.43646093,-48.81113029,SPRF-SC,DEL03-SC,UOP01-DEL03-SC,2022
"445205,0",2022-04-21,quinta-feira,14:45:00,SC,282,"452,7",PONTE SERRADA,Manobra de mudança de faixa,Capotamento,Com Vítimas Feridas,Pleno dia,Crescente,Garoa/Chuvisco,Simples,Reta,Não,2,0,2,0,0,0,2,1,-26.90612,-51.970417,SPRF-SC,DEL07-SC,UOP04-DEL07-SC,2022
"445209,0",2022-04-21,quinta-feira,19:20:00,SC,282,"4,4",SAO JOSE,Manobra de mudança de faixa,Colisão lateral mesmo sentido,Com Vítimas Feridas,Plena Noite,Decrescente,Céu Claro,Simples,Reta,Sim,2,0,1,0,0,1,1,2,-27.592646,-48.604034,SPRF-SC,DEL01-SC,UOP01-DEL01-SC,2022
"445262,0",2022-04-22,sexta-feira,04:15:00,SC,101,"201,1",SAO JOSE,Ingestão de álcool pelo condutor,Atropelamento de Pedestre,Com Vítimas Feridas,Plena Noite,Decrescente,Céu Claro,Simples,Reta,Sim,2,0,1,1,0,0,2,2,-27.54506034,-48.61987174,SPRF-SC,DEL01-SC,UOP01-DEL01-SC,2022
"445263,0",2022-04-22,sexta-feira,03:50:00,SC,280,"57,5",GUARAMIRIM,Ingestão de álcool pelo condutor,Capotamento,Com Vítimas Feridas,Plena Noite,Crescente,Céu Claro,Simples,Em Obras,Não,2,0,0,1,1,0,1,1,-26.47811421,-49.01259213,SPRF-SC,DEL03-SC,UOP03-DEL03-SC,2022
"445268,0",2022-04-22,sexta-feira,05:10:00,SC,116,"11,3",MAFRA,Reação tardia ou ineficiente do condutor,Tombamento,Com Vítimas Feridas,Plena Noite,Decrescente,Nublado,Simples,Reta,Não,1,0,1,0,0,0,1,1,-26.17627262,-49.8580203,SPRF-SC,DEL06-SC,UOP01-DEL06-SC,2022
"445278,0",2022-04-22,sexta-feira,07:10:00,SC,470,"53,3",BLUMENAU,Ausência de reação do condutor,Colisão transversal,Com Vítimas Fatais,Pleno dia,Decrescente,Nublado,Simples,Curva;Em Obras;Interseção de Vias,Sim,4,1,3,0,0,0,3,3,-26.86865943,-49.1047883,SPRF-SC,DEL04-SC,UOP01-DEL04-SC,2022
"445282,0",2022-04-22,sexta-feira,07:10:00,SC,101,"142,0",ITAPEMA,Condutor Dormindo,Colisão com objeto,Com Vítimas Feridas,Amanhecer,Crescente,Céu Claro,Dupla,Declive,Não,2,0,1,0,1,0,1,1,-27.056089,-48.599449,SPRF-SC,DEL04-SC,UOP03-DEL04-SC,2022
"445292,0",2022-04-15,sexta-feira,08:20:00,SC,280,"148,0",MAFRA,Ultrapassagem Indevida,Queda de ocupante de veículo,Com Vítimas Feridas,Pleno dia,Decrescente,Sol,Simples,Reta,Não,3,0,2,0,0,1,2,2,-26.23725467,-49.68333006,SPRF-SC,DEL06-SC,UOP03-DEL06-SC,2022
"445300,0",2022-04-22,sexta-feira,09:00:00,SC,163,"66,8",SAO MIGUEL DO OESTE,Desrespeitar a preferência no cruzamento,Colisão transversal,Com Vítimas Feridas,Pleno dia,Decrescente,Nublado,Simples,Rotatória;Interseção de Vias,Sim,3,0,2,0,1,0,2,2,-26.76094852,-53.50060701,SPRF-SC,DEL07-SC,UOP03-DEL07-SC,2022
"445319,0",2022-03-14,segunda-feira,09:13:00,SC,101,"208,1",SAO JOSE,Manobra de mudança de faixa,Colisão lateral mesmo sentido,Com Vítimas Feridas,Pleno dia,Decrescente,Nublado,Múltipla,Reta,Sim,3,0,1,0,2,0,1,2,-27.60443485,-48.63285899,SPRF-SC,DEL01-SC,UOP01-DEL01-SC,2022
"445326,0",2022-04-22,sexta-feira,13:00:00,SC,101,"140,0",BALNEARIO CAMBORIU,Reação tardia ou ineficiente do condutor,Colisão lateral mesmo sentido,Com Vítimas Feridas,Pleno dia,Decrescente,Céu Claro,Dupla,Aclive,Não,2,0,1,0,1,0,1,2,-27.03881189,-48.60025148,SPRF-SC,DEL04-SC,UOP03-DEL04-SC,2022
"445335,0",2022-04-22,sexta-feira,12:10:00,SC,470,"88,0",ASCURRA,Conversão proibida,Colisão lateral mesmo sentido,Com Vítimas Feridas,Pleno dia,Decrescente,Nublado,Simples,Reta,Não,2,0,0,1,1,0,1,2,-26.955355,-49.373169,SPRF-SC,DEL04-SC,UOP01-DEL04-SC,2022
"445337,0",2022-04-22,sexta-feira,14:30:00,SC,101,"153,0",PORTO BELO,Velocidade Incompatível,Colisão com objeto,Com Vítimas Feridas,Pleno dia,Crescente,Nublado,Múltipla,Retorno Regulamentado,Sim,1,0,0,1,0,0,1,1,-27.144717,-48.61063935,SPRF-SC,DEL04-SC,UOP03-DEL04-SC,2022
"445398,0",2022-04-22,sexta-feira,19:31:00,SC,101,"206,0",SAO JOSE,Manobra de mudança de faixa,Queda de ocupante de veículo,Com Vítimas Feridas,Plena Noite,Decrescente,Ignorado,Dupla,Reta,Sim,1,0,1,0,0,0,1,1,-27.59193546,-48.61824557,SPRF-SC,DEL01-SC,UOP01-DEL01-SC,2022
"445452,0",2022-04-23,sábado,03:45:00,SC,101,"36,3",AGUAS MORNAS,Reação tardia ou ineficiente do condutor,Saída de leito carroçável,Com Vítimas Feridas,Plena Noite,Crescente,Garoa/Chuvisco,Simples,Aclive;Curva,Não,1,0,1,0,0,0,1,1,-27.70264098,-48.82682593,SPRF-SC,DEL03-SC,UOP01-DEL03-SC,2022
"445463,0",2022-04-23,sábado,04:30:00,SC,116,"167,4",PONTE ALTA DO NORTE,Ingestão de álcool pelo condutor,Saída de leito carroçável,Sem Vítimas,Plena Noite,Decrescente,Nublado,Simples,Reta,Sim,1,0,0,0,1,0,0,1,-27.16859697,-50.46434991,SPRF-SC,DEL05-SC,UOP03-DEL05-SC,2022
"445464,0",2022-04-23,sábado,04:15:00,SC,101,"275,8",IMBITUBA,Reação tardia ou ineficiente do condutor,Colisão com objeto,Sem Vítimas,Plena Noite,Decrescente,Nublado,Dupla,Curva;Aclive,Não,2,0,0,0,0,2,0,1,-28.15384903,-48.69237553,SPRF-SC,DEL02-SC,UOP03-DEL02-SC,2022
"445477,0",2022-04-23,sábado,05:08:00,SC,101,"125,0",ITAJAI,Velocidade Incompatível,Colisão com objeto,Sem Vítimas,Amanhecer,Crescente,Chuva,Dupla,Reta,Sim,1,0,0,0,0,1,0,1,-26.94802427,-48.68338515,SPRF-SC,DEL04-SC,UOP04-DEL04-SC,2022
"445485,0",2022-04-23,sábado,06:00:00,SC,101,"211,4",PALHOCA,Ausência de sinalização,Colisão traseira,Com Vítimas Feridas,Amanhecer,Crescente,Chuva,Múltipla,Reta,Sim,2,0,1,0,1,0,1,2,-27.62329313,-48.65245588,SPRF-SC,DEL01-SC,UOP02-DEL01-SC,2022
"445495,0",2022-04-23,sábado,08:40:00,SC,101,"3,0",GARUVA,Velocidade Incompatível,Colisão com objeto,Com Vítimas Feridas,Pleno dia,Decrescente,Nublado,Dupla,Curva,Não,2,0,1,0,1,0,1,1,-26.00380807,-48.87233005,SPRF-SC,DEL03-SC,UOP01-DEL03-SC,2022
"445508,0",2022-04-23,sábado,07:20:00,SC,101,"205,4",SAO JOSE,Velocidade Incompatível,Tombamento,Com Vítimas Feridas,Pleno dia,Crescente,Garoa/Chuvisco,Múltipla,Declive;Curva,Sim,1,0,1,0,0,0,1,1,-27.58689589,-48.6167872,SPRF-SC,DEL01-SC,UOP01-DEL01-SC,2022
"445525,0",2022-04-23,sábado,12:20:00,SC,101,"339,5",TUBARAO,Desrespeitar a preferência no cruzamento,Colisão transversal,Com Vítimas Feridas,Pleno dia,Decrescente,Céu Claro,Simples,Interseção de Vias,Sim,3,0,1,1,0,1,2,3,-28.507233,-49.049442,SPRF-SC,DEL02-SC,UOP01-DEL02-SC,2022
"445529,0",2022-04-23,sábado,13:00:00,SC,101,"41,0",JOINVILLE,Desrespeitar a preferência no cruzamento,Colisão transversal,Com Vítimas Feridas,Pleno dia,Crescente,Sol,Simples,Interseção de Vias,Sim,3,0,2,0,1,0,2,2,-26.31870969,-48.87135029,SPRF-SC,DEL03-SC,UOP01-DEL03-SC,2022
"445536,0",2022-04-23,sábado,13:30:00,SC,282,"6,0",SAO JOSE,Velocidade Incompatível,Tombamento,Com Vítimas Feridas,Pleno dia,Crescente,Sol,Múltipla,Interseção de Vias;Declive;Curva,Sim,1,0,1,0,0,0,1,1,-27.58480387,-48.61663699,SPRF-SC,DEL01-SC,UOP01-DEL01-SC,2022
"445542,0",2022-04-23,sábado,14:30:00,SC,470,"45,0",BLUMENAU,Mal súbito do condutor,Colisão lateral mesmo sentido,Com Vítimas Feridas,Pleno dia,Crescente,Céu Claro,Dupla,Em Obras,Não,7,0,2,0,5,0,2,4,-26.867064,-49.031109,SPRF-SC,DEL04-SC,UOP01-DEL04-SC,2022
"445548,0",2022-04-23,sábado,14:30:00,SC,282,"403,0",JOACABA,Frear bruscamente,Capotamento,Com Vítimas Feridas,Pleno dia,Decrescente,Sol,Simples,Reta,Não,7,0,7,0,0,0,7,1,-27.108929,-51.635838,SPRF-SC,DEL07-SC,UOP05-DEL07-SC,2022
"445560,0",2022-04-23,sábado,15:30:00,SC,101,"20,0",JOINVILLE,Avarias e/ou desgaste excessivo no pneu,Queda de ocupante de veículo,Com Vítimas Feridas,Pleno dia,Crescente,Céu Claro,Dupla,Reta,Não,2,0,2,0,0,0,2,1,-26.14241147,-48.90462041,SPRF-SC,DEL03-SC,UOP01-DEL03-SC,2022
"445563,0",2022-04-23,sábado,15:15:00,SC,282,"419,9",VARGEM BONITA,Velocidade Incompatível,Tombamento,Com Vítimas Feridas,Pleno dia,Crescente,Céu Claro,Simples,Curva,Não,2,0,0,2,0,0,2,1,-27.019398,-51.729195,SPRF-SC,DEL07-SC,UOP05-DEL07-SC,2022
"445585,0",2022-04-23,sábado,17:50:00,SC,101,"210,0",SAO JOSE,Reação tardia ou ineficiente do condutor,Queda de ocupante de veículo,Com Vítimas Feridas,Anoitecer,Crescente,Céu Claro,Múltipla,Reta,Sim,1,0,1,0,0,0,1,1,-27.6167305,-48.6457265,SPRF-SC,DEL01-SC,UOP01-DEL01-SC,2022
"445589,0",2022-04-23,sábado,17:45:00,SC,101,"88,0",BARRA VELHA,Reação tardia ou ineficiente do condutor,Atropelamento de Pedestre,Com Vítimas Feridas,Anoitecer,Decrescente,Céu Claro,Simples,Reta,Não,2,0,1,0,1,0,1,2,-26.64253985,-48.68950684,SPRF-SC,DEL03-SC,UOP02-DEL03-SC,2022
"445599,0",2022-04-23,sábado,19:00:00,SC,101,"178,2",GOVERNADOR CELSO RAMOS,Transitar na contramão,Colisão lateral sentido oposto,Com Vítimas Feridas,Plena Noite,Decrescente,Nublado,Dupla,Reta,Não,2,0,1,0,1,0,1,2,-27.36408098,-48.63391212,SPRF-SC,DEL01-SC,UOP01-DEL01-SC,2022
"445602,0",2022-04-23,sábado,19:00:00,SC,282,"19,0",PALHOCA,Conversão proibida,Colisão transversal,Com Vítimas Feridas,Plena Noite,Decrescente,Céu Claro,Simples,Reta,Não,2,0,1,0,1,0,1,2,-27.678635,-48.70192,SPRF-SC,DEL01-SC,UOP02-DEL01-SC,2022
"445621,0",2022-04-23,sábado,19:10:00,SC,470,"20,5",ILHOTA,Entrada inopinada do pedestre,Atropelamento de Pedestre,Com Vítimas Feridas,Plena Noite,Decrescente,Céu Claro,Dupla,Em Obras,Não,2,0,0,1,1,0,1,2,-26.870115,-48.820484,SPRF-SC,DEL04-SC,UOP04-DEL04-SC,2022
"445639,0",2022-04-23,sábado,20:10:00,SC,282,"531,0",CORDILHEIRA ALTA,Velocidade Incompatível,Capotamento,Sem Vítimas,Plena Noite,Crescente,Céu Claro,Simples,Curva,Não,1,0,0,0,0,1,0,1,-26.990747,-52.609776,SPRF-SC,DEL07-SC,UOP01-DEL07-SC,2022
"445643,0",2022-04-23,sábado,23:25:00,SC,101,"181,1",GOVERNADOR CELSO RAMOS,Transitar na contramão,Tombamento,Com Vítimas Feridas,Plena Noite,Decrescente,Céu Claro,Dupla,Reta,Não,5,0,1,1,2,1,2,4,-27.38958699,-48.63197593,SPRF-SC,DEL01-SC,UOP01-DEL01-SC,2022
"445653,0",2022-04-23,sábado,21:15:00,SC,163,"0,7",DIONISIO CERQUEIRA,Transitar na contramão,Colisão frontal,Com Vítimas Feridas,Plena Noite,Decrescente,Nublado,Simples,Reta,Sim,3,0,0,1,2,0,1,3,-26.26136073,-53.62058759,SPRF-SC,DEL07-SC,UOP03-DEL07-SC,2022
"445656,0",2022-04-23,sábado,18:30:00,SC,163,"122,4",DIONISIO CERQUEIRA,Manobra de mudança de faixa,Colisão frontal,Com Vítimas Feridas,Plena Noite,Crescente,Céu Claro,Simples,Reta,Não,3,0,2,0,1,0,2,2,-26.31159312,-53.5474062,SPRF-SC,DEL07-SC,UOP03-DEL07-SC,2022
"445663,0",2022-04-23,sábado,23:15:00,SC,280,"22,3",ARAQUARI,Conversão proibida,Colisão frontal,Com Vítimas Feridas,Plena Noite,Decrescente,Céu Claro,Simples,Reta,Não,5,0,1,0,4,0,1,2,-26.37092616,-48.70204099,SPRF-SC,DEL03-SC,UOP03-DEL03-SC,2022