id,data_inversa,dia_semana,horario,uf,br,km,municipio,causa_acidente,tipo_acidente,classificacao_acidente,fase_dia,sentido_via,condicao_metereologica,tipo_pista,tracado_via,uso_solo,pessoas,mortos,feridos_leves,feridos_graves,ilesos,ignorados,feridos,veiculos,latitude,longitude,regional,delegacia,uop,ano_arquivo
"447836,0",2022-05-05,quinta-feira,06:40:00,SC,282,"72,0",RANCHO QUEIMADO,Acumulo de óleo sobre o pavimento,Colisão frontal,Com Vítimas Feridas,Pleno dia,Decrescente,Chuva,Simples,Curva;Declive,Não,2,0,2,0,0,0,2,2,-27.689093,-49.097748,SPRF-SC,DEL01-SC,UOP03-DEL01-SC,2022
"447841,0",2022-05-05,quinta-feira,07:10:00,SC,116,"52,9",PAPANDUVA,Reação tardia ou ineficiente do condutor,Colisão com objeto,Com Vítimas Feridas,Pleno dia,Decrescente,Céu Claro,Simples,Aclive,Sim,2,0,1,0,1,0,1,1,-26.39008273,-50.14576709,SPRF-SC,DEL06-SC,UOP01-DEL06-SC,2022
"447884,0",2022-05-05,quinta-feira,08:25:00,SC,480,"128,0",CHAPECO,Carga excessiva e/ou mal acondicionada,Derramamento de carga,Com Vítimas Feridas,Pleno dia,Decrescente,Céu Claro,Dupla,Reta,Sim,4,0,1,0,3,0,1,4,-27.03274962,-52.63359368,SPRF-SC,DEL07-SC,UOP01-DEL07-SC,2022
"447891,0",2022-05-05,quinta-feira,13:20:00,SC,101,"194,5",BIGUACU,Reação tardia ou ineficiente do condutor,Colisão traseira,Com Vítimas Feridas,Pleno dia,Decrescente,Céu Claro,Múltipla,Reta,Sim,2,0,1,0,1,0,1,2,-27.501584,-48.653044,SPRF-SC,DEL01-SC,UOP01-DEL01-SC,2022
"447924,0",2022-05-05,quinta-feira,17:00:00,SC,470,"7,0",NAVEGANTES,Ultrapassagem Indevida,Colisão lateral mesmo sentido,Com Vítimas Feridas,Anoitecer,Crescente,Céu Claro,Dupla,Reta;Em Obras,Sim,2,0,1,0,1,0,1,2,-26.84499,-48.71505,SPRF-SC,DEL04-SC,UOP04-DEL04-SC,2022
"447935,0",2022-05-05,quinta-feira,18:50:00,SC,101,"196,7",BIGUACU,Trafegar com motocicleta (ou similar) entre as faixas,Colisão traseira,Com Vítimas Feridas,Plena Noite,Decrescente,Nublado,Dupla,Reta,Sim,2,0,1,0,1,0,1,2,-27.51101091,-48.64322292,SPRF-SC,DEL01-SC,UOP01-DEL01-SC,2022
"447993,0",2022-05-06,sexta-feira,01:30:00,SC,101,"147,1",ITAPEMA,Velocidade Incompatível,Capotamento,Com Vítimas Feridas,Plena Noite,Decrescente,Céu Claro,Dupla,Reta,Sim,1,0,1,0,0,0,1,1,-27.09237407,-48.61730888,SPRF-SC,DEL04-SC,UOP03-DEL04-SC,2022
"447994,0",2022-05-06,sexta-feira,02:30:00,SC,101,"144,8",ITAPEMA,Reação tardia ou ineficiente do condutor,Colisão traseira,Com Vítimas Feridas,Plena Noite,Crescente,Céu Claro,Dupla,Reta,Não,1,0,1,0,0,0,1,1,-27.08139206,-48.60130993,SPRF-SC,DEL04-SC,UOP03-DEL04-SC,2022
"447998,0",2022-05-06,sexta-feira,03:55:00,SC,280,"50,6",GUARAMIRIM,Ingestão de álcool ou de substâncias psicoativas pelo pedestre,Atropelamento de Pedestre,Com Vítimas Feridas,Plena Noite,Crescente,Céu Claro,Simples,Em Obras;Reta,Não,2,0,1,0,1,0,1,2,-26.4619489,-48.94618404,SPRF-SC,DEL03-SC,UOP03-DEL03-SC,2022
"448007,0",2022-05-06,sexta-feira,06:40:00,SC,101,"199,7",SAO JOSE,Trafegar com motocicleta (ou similar) entre as faixas,Colisão lateral mesmo sentido,Com Vítimas Feridas,Amanhecer,Crescente,Céu Claro,Dupla,Reta,Sim,2,0,1,0,1,0,1,2,-27.53413705,-48.63003205,SPRF-SC,DEL01-SC,UOP01-DEL01-SC,2022
"448009,0",2022-05-05,quinta-feira,22:30:00,SC,280,"11,0",SAO FRANCISCO DO SUL,Ausência de reação do condutor,Queda de ocupante de veículo,Com Vítimas Feridas,Plena Noite,Crescente,Céu Claro,Simples,Reta,Não,1,0,1,0,0,0,1,1,-26.304752,-48.641014,SPRF-SC,DEL03-SC,UOP03-DEL03-SC,2022
"448016,0",2022-05-05,quinta-feira,19:35:00,SC,280,"4,0",SAO FRANCISCO DO SUL,Ausência de reação do condutor,Colisão traseira,Com Vítimas Feridas,Plena Noite,Crescente,Céu Claro,Simples,Reta,Sim,2,0,0,1,1,0,1,2,-26.25329566,-48.61916042,SPRF-SC,DEL03-SC,UOP03-DEL03-SC,2022
"448053,0",2022-05-06,sexta-feira,11:45:00,SC,101,"65,0",ARAQUARI,Ausência de reação do condutor,Tombamento,Com Vítimas Feridas,Pleno dia,Crescente,Sol,Simples,Reta,Não,1,0,1,0,0,0,1,1,-26.47135714,-48.74457217,SPRF-SC,DEL03-SC,UOP02-DEL03-SC,2022
"448059,0",2022-05-02,segunda-feira,20:06:00,SC,101,"159,1",PORTO BELO,Pedestre andava na pista,Atropelamento de Pedestre,Com Vítimas Fatais,Plena Noite,Crescente,Chuva,Dupla,Reta,Não,2,1,0,0,1,0,0,2,-27.1998778,-48.61534236,SPRF-SC,DEL04-SC,UOP03-DEL04-SC,2022
"448068,0",2022-05-06,sexta-feira,13:30:00,SC,282,"4,5",FLORIANOPOLIS,Ingestão de álcool e/ou substâncias psicoativas pelo pedestre,Atropelamento de Pedestre,Com Vítimas Feridas,Pleno dia,Crescente,Céu Claro,Múltipla,Declive,Sim,2,0,0,1,1,0,1,2,-27.592646,-48.604034,SPRF-SC,DEL01-SC,UOP01-DEL01-SC,2022
"448071,0",2022-05-06,sexta-feira,13:20:00,SC,101,"73,7",ARAQUARI,Reação tardia ou ineficiente do condutor,Colisão frontal,Com Vítimas Feridas,Pleno dia,Crescente,Sol,Dupla,Reta,Não,4,0,0,1,3,0,1,3,-26.53567108,-48.71326731,SPRF-SC,DEL03-SC,UOP02-DEL03-SC,2022
"448078,0",2022-05-06,sexta-feira,15:00:00,SC,101,"206,8",SAO JOSE,Frear bruscamente,Tombamento,Com Vítimas Feridas,Pleno dia,Decrescente,Céu Claro,Dupla,Reta,Sim,1,0,1,0,0,0,1,1,-27.60001226,-48.6226467,SPRF-SC,DEL01-SC,UOP01-DEL01-SC,2022
"448082,0",2022-05-06,sexta-feira,14:45:00,SC,282,"347,2",CAMPOS NOVOS,Ultrapassagem Indevida,Colisão frontal,Com Vítimas Fatais,Pleno dia,Decrescente,Céu Claro,Simples,Reta,Não,3,1,0,1,0,1,1,3,-27.367279,-51.258452,SPRF-SC,DEL07-SC,UOP06-DEL07-SC,2022
"448103,0",2022-05-06,sexta-feira,16:28:00,SC,101,"212,7",PALHOCA,Condutor deixou de manter distância do veículo da frente,Colisão traseira,Com Vítimas Feridas,Pleno dia,Decrescente,Céu Claro,Múltipla,Reta,Sim,2,0,0,1,1,0,1,2,-27.62996929,-48.65903871,SPRF-SC,DEL01-SC,UOP02-DEL01-SC,2022
"448150,0",2022-05-06,sexta-feira,18:30:00,SC,470,"127,0",LONTRAS,Acessar a via sem observar a presença dos outros veículos,Colisão transversal,Com Vítimas Feridas,Anoitecer,Decrescente,Nublado,Simples,Reta,Sim,2,0,1,0,1,0,1,2,-27.136574,-49.543015,SPRF-SC,DEL04-SC,UOP02-DEL04-SC,2022
"448155,0",2022-05-06,sexta-feira,19:30:00,SC,101,"124,0",ITAJAI,Reação tardia ou ineficiente do condutor,Colisão traseira,Com Vítimas Feridas,Plena Noite,Crescente,Céu Claro,Dupla,Reta,Sim,4,0,0,1,3,0,1,2,-26.94335064,-48.69198648,SPRF-SC,DEL04-SC,UOP04-DEL04-SC,2022
"448181,0",2022-05-06,sexta-feira,23:20:00,SC,101,"192,5",BIGUACU,Pedestre cruzava a pista fora da faixa,Atropelamento de Pedestre,Com Vítimas Fatais,Plena Noite,Crescente,Nublado,Múltipla,Reta,Sim,3,1,2,0,0,0,2,2,-27.4876105,-48.65167737,SPRF-SC,DEL01-SC,UOP01-DEL01-SC,2022
"448196,0",2022-05-07,sábado,01:50:00,SC,101,"208,0",SAO JOSE,Ausência de reação do condutor,Saída de leito carroçável,Com Vítimas Feridas,Plena Noite,Crescente,Céu Claro,Múltipla,Reta,Sim,1,0,1,0,0,0,1,1,-27.60327979,-48.63201818,SPRF-SC,DEL01-SC,UOP01-DEL01-SC,2022
"448207,0",2022-05-07,sábado,03:00:00,SC,0,"0,0",XANXERE,Ingestão de álcool pelo condutor,Colisão com objeto,Com Vítimas Feridas,Plena Noite,Não Informado,Céu Claro,Simples,Curva,Não,3,0,3,0,0,0,3,1,-26.88374843,-52.40783399,SPRF-SC,DEL07-SC,UOP01-DEL07-SC,2022
"448242,0",2022-05-07,sábado,06:50:00,SC,101,"212,0",PALHOCA,Demais falhas mecânicas ou elétricas,Tombamento,Com Vítimas Feridas,Pleno dia,Decrescente,Céu Claro,Simples,Curva,Sim,1,0,1,0,0,0,1,1,-27.62996929,-48.65903871,SPRF-SC,DEL01-SC,UOP02-DEL01-SC,2022
"448259,0",2022-05-07,sábado,09:30:00,SC,280,"163,7",MAFRA,Condutor deixou de manter distância do veículo da frente,Colisão traseira,Com Vítimas Feridas,Pleno dia,Crescente,Céu Claro,Simples,Reta,Sim,5,0,2,0,3,0,2,3,-26.1973932633,-49.7975612151,SPRF-SC,DEL06-SC,UOP01-DEL06-SC,2022
"448266,0",2022-05-07,sábado,08:10:00,SC,470,"68,3",INDAIAL,Pista esburacada,Tombamento,Com Vítimas Feridas,Pleno dia,Decrescente,Céu Claro,Simples,Reta,Sim,1,0,1,0,0,0,1,1,-26.877615,-49.239231,SPRF-SC,DEL04-SC,UOP01-DEL04-SC,2022
"448283,0",2022-05-07,sábado,11:40:00,SC,470,"56,0",BLUMENAU,Ausência de reação do condutor,Colisão traseira,Com Vítimas Feridas,Pleno dia,Crescente,Céu Claro,Simples,Reta,Não,2,0,0,1,1,0,1,2,-26.87674,-49.127743,SPRF-SC,DEL04-SC,UOP01-DEL04-SC,2022
"448297,0",2022-05-07,sábado,10:55:00,SC,282,"675,0",PARAISO,Ultrapassagem Indevida,Colisão transversal,Com Vítimas Feridas,Pleno dia,Decrescente,Céu Claro,Simples,Curva,Não,2,0,1,0,1,0,1,2,-26.6134,-53.677826,SPRF-SC,DEL07-SC,UOP03-DEL07-SC,2022
"448309,0",2022-05-07,sábado,14:50:00,SC,101,"214,0",PALHOCA,Demais falhas mecânicas ou elétricas,Queda de ocupante de veículo,Com Vítimas Feridas,Pleno dia,Crescente,Céu Claro,Dupla,Reta,Sim,2,0,1,0,1,0,1,1,-27.64443,-48.67057,SPRF-SC,DEL01-SC,UOP02-DEL01-SC,2022
"448311,0",2022-05-07,sábado,15:00:00,SC,101,"200,0",SAO JOSE,Demais falhas mecânicas ou elétricas,Incêndio,Sem Vítimas,Pleno dia,Crescente,Sol,Múltipla,Reta;Declive,Sim,1,0,0,0,1,0,0,1,-27.54018513,-48.62287714,SPRF-SC,DEL01-SC,UOP01-DEL01-SC,2022
"448324,0",2022-05-07,sábado,15:30:00,SC,101,"144,0",ITAPEMA,Reação tardia ou ineficiente do condutor,Colisão traseira,Com Vítimas Feridas,Pleno dia,Decrescente,Céu Claro,Dupla,Reta,Não,2,0,1,0,1,0,1,2,-27.0732659,-48.59672716,SPRF-SC,DEL04-SC,UOP03-DEL04-SC,2022
"448339,0",2022-05-07,sábado,16:00:00,SC,101,"2,0",GARUVA,Frear bruscamente,Saída de leito carroçável,Com Vítimas Feridas,Pleno dia,Decrescente,Garoa/Chuvisco,Dupla,Curva,Não,2,0,1,0,1,0,1,1,-25.99699834,-48.87891655,SPRF-SC,DEL03-SC,UOP01-DEL03-SC,2022
"448345,0",2022-04-08,sexta-feira,16:30:00,SC,101,"203,0",SAO JOSE,Acessar a via sem observar a presença dos outros veículos,Colisão lateral mesmo sentido,Sem Vítimas,Pleno dia,Crescente,Céu Claro,Dupla,Reta,Sim,1,0,0,0,1,0,0,1,-27.5650044,-48.61460082,SPRF-SC,DEL01-SC,UOP01-DEL01-SC,2022
"448383,0",2022-05-07,sábado,21:00:00,SC,101,"463,6",PASSO DE TORRES,Transitar na contramão,Colisão lateral sentido oposto,Com Vítimas Feridas,Plena Noite,Crescente,Céu Claro,Simples,Interseção de Vias,Não,2,0,1,0,1,0,1,2,-29.28473398,-49.75620716,SPRF-RS,DEL03-RS,UOP02-DEL03-RS,2022
"448388,0",2022-05-07,sábado,20:15:00,SC,101,"458,0",SAO JOAO DO SUL,Ausência de sinalização,Colisão frontal,Com Vítimas Feridas,Plena Noite,Decrescente,Céu Claro,Simples,Curva,Não,5,0,4,1,0,0,5,2,-29.24343878,-49.75399017,SPRF-SC,DEL02-SC,UOP02-DEL02-SC,2022
"448414,0",2022-04-10,domingo,18:15:00,SC,101,"358,7",SANGAO,Ultrapassagem Indevida,Colisão frontal,Com Vítimas Feridas,Plena Noite,Crescente,Garoa/Chuvisco,Múltipla,Reta,Não,7,0,0,6,1,0,6,3,-28.6957326,-49.17347228,SPRF-SC,DEL02-SC,UOP01-DEL02-SC,2022
"448415,0",2022-05-08,domingo,00:35:00,SC,470,"57,2",BLUMENAU,Ausência de reação do condutor,Colisão transversal,Com Vítimas Feridas,Plena Noite,Crescente,Nublado,Simples,Em Obras;Interseção de Vias,Sim,4,0,2,0,2,0,2,2,-26.88259337,-49.14163113,SPRF-SC,DEL04-SC,UOP01-DEL04-SC,2022
"448428,0",2022-05-08,domingo,01:20:00,SC,101,"444,2",SANTA ROSA DO SUL,Ultrapassagem Indevida,Colisão com objeto,Com Vítimas Feridas,Plena Noite,Crescente,Ignorado,Múltipla,Reta,Sim,2,0,0,1,0,1,1,2,-29.13479517,-49.70645294,SPRF-SC,DEL02-SC,UOP02-DEL02-SC,2022
"448438,0",2022-05-08,domingo,02:10:00,SC,282,"219,2",LAGES,Ingestão de álcool pelo condutor,Colisão traseira,Sem Vítimas,Plena Noite,Decrescente,Céu Claro,Simples,Reta,Sim,4,0,0,0,4,0,0,2,-27.795521,-50.323608,SPRF-SC,DEL05-SC,UOP01-DEL05-SC,2022
"448440,0",2022-05-08,domingo,03:20:00,SC,116,"211,0",PONTE ALTA,Velocidade Incompatível,Saída de leito carroçável,Sem Vítimas,Plena Noite,Decrescente,Nublado,Simples,Curva,Não,1,0,0,0,1,0,0,1,-27.50693918,-50.36622047,SPRF-SC,DEL05-SC,UOP03-DEL05-SC,2022
"448441,0",2022-05-08,domingo,03:45:00,SC,101,"215,0",PALHOCA,Ingestão de álcool pelo condutor,Colisão com objeto,Com Vítimas Feridas,Plena Noite,Crescente,Nublado,Simples,Rotatória,Sim,1,0,0,1,0,0,1,1,-27.65184843,-48.67604941,SPRF-SC,DEL01-SC,UOP02-DEL01-SC,2022
"448443,0",2022-05-08,domingo,03:40:00,SC,101,"351,5",JAGUARUNA,Ingestão de álcool e/ou substâncias psicoativas pelo pedestre,Saída de leito carroçável,Sem Vítimas,Plena Noite,Decrescente,Céu Claro,Dupla,Curva,Sim,1,0,0,0,1,0,0,1,-28.5977641,-49.04943589,SPRF-SC,DEL02-SC,UOP01-DEL02-SC,2022
"448444,0",2022-05-08,domingo,04:00:00,SC,101,"163,5",TIJUCAS,Ausência de reação do condutor,Saída de leito carroçável,Sem Vítimas,Plena Noite,Decrescente,Céu Claro,Simples,Curva,Sim,1,0,0,0,1,0,0,1,-27.23461699,-48.63039809,SPRF-SC,DEL04-SC,UOP03-DEL04-SC,2022
"448452,0",2022-05-08,domingo,04:50:00,SC,101,"203,0",SAO JOSE,Ingestão de álcool pelo condutor,Saída de leito carroçável,Com Vítimas Feridas,Plena Noite,Crescente,Nublado,Múltipla,Curva;Aclive,Sim,4,0,3,0,1,0,3,1,-27.5650044,-48.61460082,SPRF-SC,DEL01-SC,UOP01-DEL01-SC,2022
"448456,0",2022-05-08,domingo,04:30:00,SC,470,"70,3",INDAIAL,Ausência de reação do condutor,Saída de leito carroçável,Com Vítimas Feridas,Plena Noite,Decrescente,Nublado,Simples,Reta,Sim,1,0,0,1,0,0,1,1,-26.89243031,-49.25827503,SPRF-SC,DEL04-SC,UOP01-DEL04-SC,2022
"448470,0",2022-05-08,domingo,06:20:00,SC,282,"646,0",SAO MIGUEL DO OESTE,Ingestão de álcool pelo condutor,Colisão traseira,Sem Vítimas,Amanhecer,Crescente,Nevoeiro/Neblina,Simples,Rotatória,Sim,2,0,0,0,2,0,0,2,-26.7620665,-53.49933565,SPRF-SC,DEL07-SC,UOP03-DEL07-SC,2022
"448483,0",2022-05-08,domingo,07:25:00,SC,282,"541,3",CHAPECO,Acessar a via sem observar a presença dos outros veículos,Colisão transversal,Com Vítimas Feridas,Pleno dia,Crescente,Sol,Simples,Reta,Não,4,0,2,1,1,0,3,2,-26.997713,-52.699165,SPRF-SC,DEL07-SC,UOP01-DEL07-SC,2022
"448498,0",2022-05-08,domingo,10:35:00,SC,101,"201,0",SAO JOSE,Reação tardia ou ineficiente do condutor,Colisão transversal,Com Vítimas Feridas,Pleno dia,Crescente,Céu Claro,Dupla,Reta,Sim,3,0,1,0,2,0,1,3,-27.54836599,-48.61977975,SPRF-SC,DEL01-SC,UOP01-DEL01-SC,2022
"448499,0",2022-05-08,domingo,10:20:00,SC,101,"47,4",JOINVILLE,Transitar na contramão,Colisão lateral sentido oposto,Com Vítimas Feridas,Pleno dia,Crescente,Céu Claro,Simples,Reta,Não,2,0,1,0,1,0,1,2,-26.34234997,-48.85840089,SPRF-SC,DEL03-SC,UOP01-DEL03-SC,2022
"448511,0",2022-05-08,domingo,11:45:00,SC,470,"42,3",GASPAR,Condutor deixou de manter distância do veículo da frente,Colisão traseira,Com Vítimas Feridas,Pleno dia,Decrescente,Céu Claro,Simples,Em Obras;Curva;Declive,Sim,7,0,1,0,5,1,1,6,-26.860388,-49.037617,SPRF-SC,DEL04-SC,UOP01-DEL04-SC,2022
"448522,0",2022-05-08,domingo,15:15:00,SC,470,"66,0",INDAIAL,Ultrapassagem Indevida,Colisão lateral mesmo sentido,Com Vítimas Feridas,Pleno dia,Crescente,Céu Claro,Simples,Reta,Não,3,0,0,2,1,0,2,2,-26.870407,-49.221844,SPRF-SC,DEL04-SC,UOP01-DEL04-SC,2022
"448535,0",2022-05-08,domingo,16:00:00,SC,101,"205,7",SAO JOSE,Reação tardia ou ineficiente do condutor,Colisão traseira,Com Vítimas Feridas,Pleno dia,Decrescente,Céu Claro,Múltipla,Reta,Sim,2,0,1,0,1,0,1,2,-27.58313237,-48.61532885,SPRF-SC,DEL01-SC,UOP01-DEL01-SC,2022
"448554,0",2022-05-08,domingo,09:30:00,SC,470,"56,0",BLUMENAU,Ultrapassagem Indevida,Colisão lateral mesmo sentido,Com Vítimas Feridas,Pleno dia,Decrescente,Céu Claro,Simples,Reta,Não,3,0,2,0,1,0,2,2,-26.87674,-49.127743,SPRF-SC,DEL04-SC,UOP01-DEL04-SC,2022
"448556,0",2022-05-08,domingo,17:00:00,SC,282,"356,0",CAMPOS NOVOS,Condutor deixou de manter distância do veículo da frente,Engavetamento,Sem Vítimas,Pleno dia,Decrescente,Céu Claro,Simples,Reta,Não,4,0,0,0,4,0,0,3,-27.342428,-51.340664,SPRF-SC,DEL07-SC,UOP05-DEL07-SC,2022
"448576,0",2022-05-08,domingo,18:30:00,SC,101,"410,0",ARARANGUA,Desrespeitar a preferência no cruzamento,Colisão transversal,Com Vítimas Feridas,Plena Noite,Decrescente,Céu Claro,Simples,Reta,Sim,4,0,1,1,2,0,2,2,-28.94346939,-49.50070549,SPRF-SC,DEL02-SC,UOP02-DEL02-SC,2022
"448583,0",2022-05-08,domingo,17:30:00,SC,101,"312,4",LAGUNA,Ausência de reação do condutor,Colisão transversal,Com Vítimas Feridas,Anoitecer,Decrescente,Céu Claro,Simples,Reta;Interseção de Vias,Sim,2,0,1,0,1,0,1,2,-28.43880814,-48.82907867,SPRF-SC,DEL02-SC,UOP01-DEL02-SC,2022
"448598,0",2022-05-08,domingo,18:20:00,SC,280,"67,5",JARAGUA DO SUL,Transitar no acostamento,Colisão transversal,Com Vítimas Feridas,Plena Noite,Crescente,Céu Claro,Simples,Reta,Sim,2,0,1,0,1,0,1,2,-26.4775146,-49.10363575,SPRF-SC,DEL03-SC,UOP03-DEL03-SC,2022
"448601,0",2022-05-08,domingo,20:00:00,SC,101,"424,0",ARARANGUA,Entrada inopinada do pedestre,Atropelamento de Pedestre,Com Vítimas Feridas,Plena Noite,Crescente,Céu Claro,Dupla,Reta,Não,3,0,0,1,2,0,1,2,-29.01601155,-49.58269226,SPRF-SC,DEL02-SC,UOP02-DEL02-SC,2022
"448611,0",2022-05-08,domingo,19:53:00,SC,101,"333,9",TUBARAO,Ausência de reação do condutor,Colisão com objeto,Sem Vítimas,Plena Noite,Decrescente,Nublado,Dupla,Reta,Sim,1,0,0,0,1,0,0,1,-28.46630107,-48.99653096,SPRF-SC,DEL02-SC,UOP01-DEL02-SC,2022
"448622,0",2022-05-08,domingo,19:50:00,SC,101,"450,0",SANTA ROSA DO SUL,Ausência de reação do condutor,Colisão traseira,Com Vítimas Feridas,Pleno dia,Decrescente,Céu Claro,Dupla,Reta,Não,6,0,1,0,5,0,1,3,-29.17229091,-49.74904711,SPRF-SC,DEL02-SC,UOP02-DEL02-SC,2022
"448627,0",2022-05-08,domingo,15:15:00,SC,101,"458,0",SAO JOAO DO SUL,Ausência de reação do condutor,Engavetamento,Sem Vítimas,Pleno dia,Crescente,Céu Claro,Simples,Reta,Não,9,0,0,0,9,0,0,3,-29.24075694,-49.75535784,SPRF-SC,DEL02-SC,UOP02-DEL02-SC,2022
"448636,0",2022-05-05,quinta-feira,06:30:00,SC,101,"397,0",MARACAJA,Animais na Pista,Tombamento,Com Vítimas Feridas,Amanhecer,Decrescente,Chuva,Simples,Reta,Não,1,0,1,0,0,0,1,1,-28.83036461,-49.41244828,SPRF-SC,DEL02-SC,UOP02-DEL02-SC,2022
"448642,0",2022-05-08,domingo,21:20:00,SC,280,"117,8",SAO BENTO DO SUL,Reação tardia ou ineficiente do condutor,Saída de leito carroçável,Com Vítimas Feridas,Plena Noite,Crescente,Céu Claro,Simples,Curva,Não,1,0,1,0,0,0,1,1,-26.2747362,-49.42277912,SPRF-SC,DEL06-SC,UOP03-DEL06-SC,2022
"448648,0",2022-05-09,segunda-feira,00:50:00,SC,282,"526,0",XAXIM,Ingestão de álcool e/ou substâncias psicoativas pelo pedestre,Saída de leito carroçável,Com Vítimas Feridas,Plena Noite,Crescente,Céu Claro,Simples,Curva,Não,1,0,1,0,0,0,1,1,-26.968869,-52.574087,SPRF-SC,DEL07-SC,UOP01-DEL07-SC,2022
"448649,0",2022-05-08,domingo,23:25:00,SC,101,"348,6",JAGUARUNA,Ausência de reação do condutor,Colisão com objeto,Com Vítimas Feridas,Plena Noite,Decrescente,Céu Claro,Dupla,Reta,Sim,1,0,1,0,0,0,1,1,-28.57317505,-49.05292143,SPRF-SC,DEL02-SC,UOP01-DEL02-SC,2022
"448650,0",2022-05-09,segunda-feira,00:30:00,SC,101,"374,7",ICARA,Ausência de reação do condutor,Queda de ocupante de veículo,Com Vítimas Feridas,Plena Noite,Crescente,Céu Claro,Dupla,Reta,Sim,1,0,1,0,0,0,1,1,-28.71534412,-49.22723198,SPRF-SC,DEL02-SC,UOP01-DEL02-SC,2022
"448652,0",2022-05-09,segunda-feira,00:30:00,SC,470,"248,0",CURITIBANOS,Velocidade Incompatível,Capotamento,Sem Vítimas,Plena Noite,Crescente,Céu Claro,Simples,Reta,Sim,1,0,0,0,0,1,0,1,-27.314163,-50.550713,SPRF-SC,DEL05-SC,UOP03-DEL05-SC,2022
"448656,0",2022-05-09,segunda-feira,01:00:00,SC,282,"674,0",PINHALZINHO,Ingestão de álcool pelo condutor,Colisão com objeto,Com Vítimas Feridas,Plena Noite,Decrescente,Nublado,Simples,Rotatória,Não,4,0,1,0,3,0,1,1,-26.82592819,-53.09208512,SPRF-SC,DEL07-SC,UOP03-DEL07-SC,2022
"448670,0",2022-05-09,segunda-feira,03:00:00,SC,280,"267,1",IRINEOPOLIS,Ingestão de álcool pelo condutor,Colisão lateral sentido oposto,Com Vítimas Feridas,Plena Noite,Decrescente,Nublado,Simples,Reta,Não,3,0,1,1,1,0,2,3,-26.264107,-50.707958,SPRF-SC,DEL06-SC,UOP04-DEL06-SC,2022
"448677,0",2022-05-09,segunda-feira,05:05:00,SC,101,"378,7",ICARA,Ausência de reação do condutor,Saída de leito carroçável,Sem Vítimas,Plena Noite,Crescente,Nublado,Dupla,Reta,Não,1,0,0,0,1,0,0,1,-28.741853,-49.251657,SPRF-SC,DEL02-SC,UOP02-DEL02-SC,2022
"448718,0",2022-05-08,domingo,06:50:00,SC,470,"17,0",ILHOTA,Reação tardia ou ineficiente do condutor,Colisão com objeto,Com Vítimas Feridas,Pleno dia,Crescente,Sol,Simples,Desvio Temporário,Não,1,0,1,0,0,0,1,1,-26.849277,-48.801674,SPRF-SC,DEL04-SC,UOP04-DEL04-SC,2022
"448743,0",2022-05-09,segunda-feira,12:40:00,SC,101,"38,0",JOINVILLE,Acessar a via sem observar a presença dos outros veículos,Colisão transversal,Com Vítimas Feridas,Pleno dia,Decrescente,Céu Claro,Dupla,Rotatória,Sim,2,0,1,0,1,0,1,2,-26.25472505,-48.90561309,SPRF-SC,DEL03-SC,UOP01-DEL03-SC,2022
"448747,0",2022-05-09,segunda-feira,12:25:00,SC,280,"23,9",ARAQUARI,Retorno proibido,Colisão transversal,Com Vítimas Feridas,Pleno dia,Decrescente,Céu Claro,Simples,Interseção de Vias;Reta,Sim,2,0,0,1,1,0,1,2,-26.37146,-48.711887,SPRF-SC,DEL03-SC,UOP03-DEL03-SC,2022
"448760,0",2022-03-25,sexta-feira,20:50:00,SC,101,"199,0",SAO JOSE,Acessar a via sem observar a presença dos outros veículos,Colisão lateral mesmo sentido,Com Vítimas Feridas,Plena Noite,Decrescente,Céu Claro,Dupla,Reta,Sim,4,0,1,0,2,1,1,2,-27.53413705,-48.63003205,SPRF-SC,DEL01-SC,UOP01-DEL01-SC,2022
"448767,0",2022-05-09,segunda-feira,13:00:00,SC,280,"235,0",CANOINHAS,Acessar a via sem observar a presença dos outros veículos,Colisão transversal,Com Vítimas Feridas,Pleno dia,Crescente,Céu Claro,Simples,Reta,Sim,2,0,2,0,0,0,2,2,-26.19206283,-50.41295701,SPRF-SC,DEL06-SC,UOP04-DEL06-SC,2022
"448774,0",2022-05-09,segunda-feira,15:30:00,SC,280,"57,5",GUARAMIRIM,Acessar a via sem observar a presença dos outros veículos,Colisão transversal,Com Vítimas Feridas,Pleno dia,Crescente,Céu Claro,Dupla,Curva;Rotatória,Sim,3,0,2,0,1,0,2,2,-26.47811421,-49.01259213,SPRF-SC,DEL03-SC,UOP03-DEL03-SC,2022
"448778,0",2022-05-09,segunda-feira,16:10:00,SC,101,"217,9",PALHOCA,Ausência de reação do condutor,Colisão traseira,Com Vítimas Feridas,Pleno dia,Crescente,Nublado,Dupla,Reta,Sim,2,0,1,0,1,0,1,2,-27.66779034,-48.67393586,SPRF-SC,DEL01-SC,UOP02-DEL01-SC,2022
"448806,0",2022-05-09,segunda-feira,18:10:00,SC,101,"134,0",BALNEARIO CAMBORIU,Reação tardia ou ineficiente do condutor,Colisão lateral mesmo sentido,Com Vítimas Feridas,Plena Noite,Crescente,Céu Claro,Simples,Reta,Sim,3,0,1,1,1,0,2,3,-27.00218,-48.636433,SPRF-SC,DEL04-SC,UOP03-DEL04-SC,2022