id,data_inversa,dia_semana,horario,uf,br,km,municipio,causa_acidente,tipo_acidente,classificacao_acidente,fase_dia,sentido_via,condicao_metereologica,tipo_pista,tracado_via,uso_solo,pessoas,mortos,feridos_leves,feridos_graves,ilesos,ignorados,feridos,veiculos,latitude,longitude,regional,delegacia,uop,ano_arquivo
"449807,0",2022-05-14,sábado,07:00:00,SC,280,"227,0",TRES BARRAS,Condutor Dormindo,Saída de leito carroçável,Com Vítimas Feridas,Pleno dia,Decrescente,Nublado,Dupla,Reta,Não,1,0,1,0,0,0,1,1,-26.18271156,-50.33250707,SPRF-SC,DEL06-SC,UOP04-DEL06-SC,2022
"449809,0",2022-03-31,quinta-feira,07:40:00,SC,480,"130,2",CHAPECO,Ausência de reação do condutor,Engavetamento,Com Vítimas Feridas,Pleno dia,Decrescente,Céu Claro,Simples,Reta,Não,4,0,1,0,3,0,1,4,-27.05534298,-52.63652069,SPRF-SC,DEL07-SC,UOP01-DEL07-SC,2022
"449814,0",2022-05-14,sábado,13:00:00,SC,116,"56,0",PAPANDUVA,Reação tardia ou ineficiente do condutor,Capotamento,Com Vítimas Feridas,Pleno dia,Crescente,Céu Claro,Simples,Reta,Sim,1,0,1,0,0,0,1,1,-26.38887295,-50.18345597,SPRF-SC,DEL06-SC,UOP02-DEL06-SC,2022
"449817,0",2022-05-14,sábado,13:30:00,SC,101,"134,0",BALNEARIO CAMBORIU,Desrespeitar a preferência no cruzamento,Colisão transversal,Com Vítimas Feridas,Pleno dia,Crescente,Sol,Múltipla,Interseção de Vias,Sim,2,0,1,0,1,0,1,2,-27.00218,-48.636433,SPRF-SC,DEL04-SC,UOP03-DEL04-SC,2022
"449820,0",2022-05-14,sábado,12:35:00,SC,101,"136,0",BALNEARIO CAMBORIU,Manobra de mudança de faixa,Colisão traseira,Com Vítimas Feridas,Pleno dia,Crescente,Nublado,Múltipla,Reta,Sim,3,0,1,0,2,0,1,2,-27.008113,-48.617245,SPRF-SC,DEL04-SC,UOP03-DEL04-SC,2022
"449827,0",2022-05-14,sábado,14:10:00,SC,101,"204,1",SAO JOSE,Demais falhas mecânicas ou elétricas,Colisão com objeto,Sem Vítimas,Pleno dia,Decrescente,Nublado,Múltipla,Reta,Sim,1,0,0,0,1,0,0,1,-27.57413014,-48.61363083,SPRF-SC,DEL01-SC,UOP01-DEL01-SC,2022
"449840,0",2022-05-14,sábado,05:30:00,SC,116,"144,4",SANTA CECILIA,Condutor Dormindo,Saída de leito carroçável,Com Vítimas Feridas,Amanhecer,Crescente,Céu Claro,Simples,Reta,Não,1,0,1,0,0,0,1,1,-26.99398389,-50.39844506,SPRF-SC,DEL06-SC,UOP02-DEL06-SC,2022
"449841,0",2022-05-14,sábado,14:20:00,SC,101,"61,0",ARAQUARI,Objeto estático sobre o leito carroçável,Colisão com objeto,Com Vítimas Feridas,Pleno dia,Crescente,Nublado,Dupla,Reta,Não,1,0,1,0,0,0,1,1,-26.45474174,-48.77699195,SPRF-SC,DEL03-SC,UOP02-DEL03-SC,2022
"449843,0",2022-05-14,sábado,16:00:00,SC,280,"116,0",SAO BENTO DO SUL,Desrespeitar a preferência no cruzamento,Colisão transversal,Com Vítimas Feridas,Pleno dia,Decrescente,Céu Claro,Simples,Interseção de Vias,Não,2,0,0,1,1,0,1,2,-26.2808956,-49.4169527,SPRF-SC,DEL06-SC,UOP03-DEL06-SC,2022
"449863,0",2022-05-14,sábado,18:40:00,SC,101,"133,0",BALNEARIO CAMBORIU,Desrespeitar a preferência no cruzamento,Colisão transversal,Com Vítimas Feridas,Plena Noite,Crescente,Nublado,Dupla,Interseção de Vias,Sim,2,0,1,0,1,0,1,2,-26.99936,-48.64609,SPRF-SC,DEL04-SC,UOP03-DEL04-SC,2022
"449865,0",2022-05-14,sábado,15:30:00,SC,470,"158,5",TROMBUDO CENTRAL,Acessar a via sem observar a presença dos outros veículos,Colisão transversal,Com Vítimas Feridas,Pleno dia,Decrescente,Céu Claro,Simples,Interseção de Vias,Sim,3,0,2,0,1,0,2,2,-27.287016,-49.778389,SPRF-SC,DEL04-SC,UOP02-DEL04-SC,2022
"449874,0",2022-05-14,sábado,18:40:00,SC,101,"97,3",BALNEARIO PICARRAS,Ingestão de álcool e/ou substâncias psicoativas pelo pedestre,Colisão traseira,Com Vítimas Feridas,Plena Noite,Crescente,Céu Claro,Dupla,Reta,Não,2,0,1,0,1,0,1,2,-26.72823703,-48.70224928,SPRF-SC,DEL03-SC,UOP02-DEL03-SC,2022
"449892,0",2022-05-14,sábado,18:55:00,SC,282,"524,0",XAXIM,Velocidade Incompatível,Capotamento,Sem Vítimas,Plena Noite,Crescente,Chuva,Simples,Curva,Não,1,0,0,0,1,0,0,1,-26.965002,-52.557384,SPRF-SC,DEL07-SC,UOP01-DEL07-SC,2022
"449906,0",2022-05-14,sábado,21:50:00,SC,280,"53,0",GUARAMIRIM,Acesso irregular,Colisão lateral sentido oposto,Com Vítimas Feridas,Plena Noite,Decrescente,Céu Claro,Dupla,Interseção de Vias,Sim,2,0,1,0,1,0,1,2,-26.47236756,-48.97426617,SPRF-SC,DEL03-SC,UOP03-DEL03-SC,2022
"449923,0",2022-05-14,sábado,21:10:00,SC,470,"24,0",ILHOTA,Transitar na contramão,Colisão frontal,Com Vítimas Fatais,Plena Noite,Decrescente,Nublado,Dupla,Reta,Não,2,1,1,0,0,0,1,2,-26.881754,-48.856251,SPRF-SC,DEL04-SC,UOP04-DEL04-SC,2022
"449929,0",2022-05-14,sábado,23:05:00,SC,116,"180,0",SAO CRISTOVAO DO SUL,Condutor deixou de manter distância do veículo da frente,Colisão lateral mesmo sentido,Com Vítimas Feridas,Plena Noite,Crescente,Nublado,Simples,Reta,Sim,2,0,1,0,1,0,1,2,-27.26766688,-50.44152617,SPRF-SC,DEL05-SC,UOP03-DEL05-SC,2022
"449933,0",2022-05-15,domingo,00:45:00,SC,470,"140,0",RIO DO SUL,Ingestão de álcool e/ou substâncias psicoativas pelo pedestre,Tombamento,Com Vítimas Feridas,Plena Noite,Crescente,Céu Claro,Simples,Reta,Sim,1,0,1,0,0,0,1,1,-27.222485,-49.662827,SPRF-SC,DEL04-SC,UOP02-DEL04-SC,2022
"449945,0",2022-05-15,domingo,02:15:00,SC,101,"218,0",PALHOCA,Ingestão de álcool pelo condutor,Colisão com objeto,Com Vítimas Feridas,Plena Noite,Crescente,Céu Claro,Múltipla,Reta,Sim,2,0,0,1,1,0,1,2,-27.6758601,-48.67052525,SPRF-SC,DEL01-SC,UOP02-DEL01-SC,2022
"449948,0",2022-05-15,domingo,03:00:00,SC,101,"80,0",BARRA VELHA,Ausência de reação do condutor,Saída de leito carroçável,Sem Vítimas,Plena Noite,Crescente,Céu Claro,Simples,Reta,Não,1,0,0,0,1,0,0,1,-26.59441996,-48.72183309,SPRF-SC,DEL03-SC,UOP02-DEL03-SC,2022
"449959,0",2022-05-15,domingo,05:50:00,SC,101,"203,0",SAO JOSE,Ingestão de álcool pelo condutor,Colisão lateral mesmo sentido,Sem Vítimas,Amanhecer,Decrescente,Nublado,Dupla,Curva,Sim,2,0,0,0,2,0,0,2,-27.5650044,-48.61460082,SPRF-SC,DEL01-SC,UOP01-DEL01-SC,2022
"449960,0",2022-05-15,domingo,05:45:00,SC,101,"142,0",ITAPEMA,Velocidade Incompatível,Colisão com objeto,Com Vítimas Feridas,Amanhecer,Decrescente,Chuva,Múltipla,Reta,Sim,1,0,1,0,0,0,1,1,-27.056089,-48.599449,SPRF-SC,DEL04-SC,UOP03-DEL04-SC,2022
"449967,0",2022-05-14,sábado,20:50:00,SC,0,"0,0",RIO NEGRINHO,Reação tardia ou ineficiente do condutor,Colisão traseira,Sem Vítimas,Plena Noite,Não Informado,Céu Claro,Simples,Reta,Sim,5,0,0,0,4,1,0,3,-26.23943953,-49.50420708,SPRF-SC,DEL06-SC,UOP03-DEL06-SC,2022
"449969,0",2022-05-15,domingo,06:50:00,SC,101,"203,0",SAO JOSE,Ausência de reação do condutor,Saída de leito carroçável,Sem Vítimas,Amanhecer,Decrescente,Nublado,Dupla,Rotatória,Sim,1,0,0,0,0,1,0,1,-27.56647934,-48.61369729,SPRF-SC,DEL01-SC,UOP01-DEL01-SC,2022
"449993,0",2022-05-15,domingo,09:40:00,SC,101,"127,0",ITAJAI,Velocidade Incompatível,Tombamento,Com Vítimas Feridas,Pleno dia,Crescente,Céu Claro,Dupla,Reta,Não,1,0,1,0,0,0,1,1,-26.9639319,-48.68328024,SPRF-SC,DEL04-SC,UOP04-DEL04-SC,2022
"449995,0",2022-05-15,domingo,09:00:00,SC,116,"23,0",ITAIOPOLIS,Condutor deixou de manter distância do veículo da frente,Colisão traseira,Com Vítimas Feridas,Pleno dia,Decrescente,Céu Claro,Simples,Reta,Não,2,0,1,0,1,0,1,2,-26.26545939,-49.91656109,SPRF-SC,DEL06-SC,UOP01-DEL06-SC,2022
"450004,0",2022-05-15,domingo,10:00:00,SC,101,"41,3",JOINVILLE,Acessar a via sem observar a presença dos outros veículos,Colisão transversal,Com Vítimas Feridas,Pleno dia,Crescente,Sol,Simples,Viaduto;Rotatória,Sim,3,0,1,0,2,0,1,2,-26.28215489,-48.88973081,SPRF-SC,DEL03-SC,UOP01-DEL03-SC,2022
"450046,0",2022-05-15,domingo,15:30:00,SC,101,"144,0",ITAPEMA,Reação tardia ou ineficiente do condutor,Colisão traseira,Com Vítimas Feridas,Pleno dia,Decrescente,Céu Claro,Dupla,Reta,Não,2,0,1,0,1,0,1,2,-27.06436,-48.59599405,SPRF-SC,DEL04-SC,UOP03-DEL04-SC,2022
"450075,0",2022-05-15,domingo,18:10:00,SC,101,"195,8",BIGUACU,Objeto estático sobre o leito carroçável,Capotamento,Com Vítimas Feridas,Anoitecer,Decrescente,Céu Claro,Simples,Reta,Sim,1,0,1,0,0,0,1,1,-27.5047092,-48.65010819,SPRF-SC,DEL01-SC,UOP01-DEL01-SC,2022
"450085,0",2022-05-15,domingo,19:10:00,SC,101,"198,0",BIGUACU,Ausência de reação do condutor,Colisão traseira,Com Vítimas Feridas,Plena Noite,Crescente,Nublado,Dupla,Reta,Sim,1,0,0,1,0,0,1,1,-27.52658712,-48.63506019,SPRF-SC,DEL01-SC,UOP01-DEL01-SC,2022
"450111,0",2022-05-15,domingo,20:00:00,SC,116,"219,0",CORREIA PINTO,Ingestão de álcool pelo condutor,Colisão com objeto,Com Vítimas Feridas,Plena Noite,Decrescente,Céu Claro,Simples,Reta,Sim,1,0,1,0,0,0,1,1,-27.57012897,-50.37318791,SPRF-SC,DEL05-SC,UOP03-DEL05-SC,2022
"450115,0",2022-05-15,domingo,21:30:00,SC,101,"114,0",ITAJAI,Animais na Pista,Atropelamento de Animal,Sem Vítimas,Plena Noite,Crescente,Nublado,Simples,Reta,Não,1,0,0,0,1,0,0,1,-26.86192886,-48.7286704,SPRF-SC,DEL04-SC,UOP04-DEL04-SC,2022
"450119,0",2022-05-15,domingo,21:00:00,SC,101,"300,8",LAGUNA,Ingestão de álcool pelo condutor,Colisão traseira,Com Vítimas Feridas,Plena Noite,Decrescente,Nublado,Dupla,Reta,Não,3,0,3,0,0,0,3,2,-28.36639518,-48.75415921,SPRF-SC,DEL02-SC,UOP03-DEL02-SC,2022
"450140,0",2022-05-15,domingo,23:25:00,SC,101,"211,7",PALHOCA,Ingestão de álcool pelo condutor,Saída de leito carroçável,Sem Vítimas,Plena Noite,Decrescente,Nublado,Múltipla,Reta,Sim,1,0,0,0,0,1,0,1,-27.62845779,-48.65702033,SPRF-SC,DEL01-SC,UOP02-DEL01-SC,2022
"450152,0",2022-05-15,domingo,23:30:00,SC,470,"161,0",POUSO REDONDO,Condutor Dormindo,Saída de leito carroçável,Com Vítimas Feridas,Plena Noite,Decrescente,Céu Claro,Simples,Reta;Aclive,Não,1,0,1,0,0,0,1,1,-27.285444,-49.807579,SPRF-SC,DEL04-SC,UOP02-DEL04-SC,2022
"450172,0",2022-05-16,segunda-feira,03:00:00,SC,158,"125,1",CAIBI,Animais na Pista,Atropelamento de Animal,Com Vítimas Feridas,Plena Noite,Decrescente,Garoa/Chuvisco,Simples,Curva,Não,3,0,3,0,0,0,3,1,-27.002884,-53.225941,SPRF-SC,DEL07-SC,UOP02-DEL07-SC,2022
"450174,0",2022-05-16,segunda-feira,04:10:00,SC,101,"133,0",BALNEARIO CAMBORIU,Ingestão de álcool pelo condutor,Colisão com objeto,Sem Vítimas,Amanhecer,Crescente,Nevoeiro/Neblina,Múltipla,Interseção de Vias,Sim,1,0,0,0,1,0,0,1,-27.00200158,-48.63821452,SPRF-SC,DEL04-SC,UOP03-DEL04-SC,2022
"450180,0",2022-05-16,segunda-feira,00:11:00,SC,282,"444,0",PONTE SERRADA,Demais falhas mecânicas ou elétricas,Incêndio,Sem Vítimas,Plena Noite,Crescente,Chuva,Simples,Reta,Não,1,0,0,0,1,0,0,1,-26.915865,-51.901859,SPRF-SC,DEL07-SC,UOP04-DEL07-SC,2022
"450184,0",2022-05-16,segunda-feira,07:15:00,SC,101,"204,9",SAO JOSE,Velocidade Incompatível,Queda de ocupante de veículo,Com Vítimas Feridas,Pleno dia,Crescente,Céu Claro,Múltipla,Reta,Não,2,0,1,0,1,0,1,2,-27.57413014,-48.61363083,SPRF-SC,DEL01-SC,UOP01-DEL01-SC,2022
"450187,0",2022-05-16,segunda-feira,06:25:00,SC,280,"104,9",SAO BENTO DO SUL,Transitar na contramão,Colisão frontal,Com Vítimas Fatais,Pleno dia,Crescente,Céu Claro,Simples,Curva;Declive,Não,2,1,1,0,0,0,1,2,-26.344806,-49.375106,SPRF-SC,DEL06-SC,UOP03-DEL06-SC,2022
"450189,0",2022-05-16,segunda-feira,07:24:00,SC,101,"203,2",SAO JOSE,Trafegar com motocicleta (ou similar) entre as faixas,Colisão lateral mesmo sentido,Com Vítimas Feridas,Pleno dia,Crescente,Nublado,Dupla,Reta,Sim,3,0,2,0,1,0,2,2,-27.5650044,-48.61460082,SPRF-SC,DEL01-SC,UOP01-DEL01-SC,2022
"450204,0",2022-05-16,segunda-feira,06:10:00,SC,280,"33,8",ARAQUARI,Acessar a via sem observar a presença dos outros veículos,Colisão transversal,Com Vítimas Feridas,Amanhecer,Crescente,Céu Claro,Simples,Reta,Não,3,0,0,3,0,0,3,2,-26.42576441,-48.78741376,SPRF-SC,DEL03-SC,UOP03-DEL03-SC,2022
"450209,0",2022-05-16,segunda-feira,08:00:00,SC,280,"24,7",ARAQUARI,Reação tardia ou ineficiente do condutor,Saída de leito carroçável,Com Vítimas Feridas,Pleno dia,Decrescente,Céu Claro,Simples,Reta,Não,1,0,1,0,0,0,1,1,-26.37724921,-48.71953282,SPRF-SC,DEL03-SC,UOP03-DEL03-SC,2022
"450210,0",2022-05-16,segunda-feira,07:10:00,SC,282,"539,9",CHAPECO,Velocidade Incompatível,Saída de leito carroçável,Sem Vítimas,Amanhecer,Crescente,Céu Claro,Simples,Curva,Não,1,0,0,0,1,0,0,1,-26.993254,-52.681767,SPRF-SC,DEL07-SC,UOP01-DEL07-SC,2022
"450214,0",2022-05-16,segunda-feira,09:15:00,SC,101,"93,0",BARRA VELHA,Ausência de reação do condutor,Queda de ocupante de veículo,Com Vítimas Feridas,Pleno dia,Crescente,Sol,Dupla,Declive;Reta,Não,2,0,1,0,1,0,1,1,-26.6899011,-48.69663873,SPRF-SC,DEL03-SC,UOP02-DEL03-SC,2022
"450227,0",2022-05-16,segunda-feira,08:20:00,SC,280,"235,0",CANOINHAS,Acessar a via sem observar a presença dos outros veículos,Colisão transversal,Com Vítimas Feridas,Pleno dia,Decrescente,Céu Claro,Simples,Rotatória,Sim,2,0,1,0,1,0,1,2,-26.19206283,-50.41295701,SPRF-SC,DEL06-SC,UOP04-DEL06-SC,2022
"450235,0",2022-05-16,segunda-feira,07:50:00,SC,101,"272,0",IMBITUBA,Velocidade Incompatível,Tombamento,Com Vítimas Feridas,Pleno dia,Crescente,Céu Claro,Simples,Rotatória;Viaduto,Sim,2,0,0,1,1,0,1,2,-28.11780197,-48.69928995,SPRF-SC,DEL02-SC,UOP03-DEL02-SC,2022
"450237,0",2022-04-02,sábado,14:00:00,SC,470,"46,0",GASPAR,Reação tardia ou ineficiente do condutor,Colisão lateral sentido oposto,Com Vítimas Fatais,Pleno dia,Decrescente,Nublado,Simples,Curva,Sim,8,3,3,2,0,0,5,3,-26.860388,-49.037617,SPRF-SC,DEL04-SC,UOP01-DEL04-SC,2022
"450247,0",2022-05-16,segunda-feira,12:45:00,SC,470,"10,0",NAVEGANTES,Acessar a via sem observar a presença dos outros veículos,Colisão transversal,Com Vítimas Feridas,Pleno dia,Decrescente,Céu Claro,Simples,Em Obras,Sim,2,0,1,0,1,0,1,2,-26.833693,-48.73724,SPRF-SC,DEL04-SC,UOP04-DEL04-SC,2022
"450258,0",2022-05-16,segunda-feira,12:15:00,SC,101,"434,0",SOMBRIO,Condutor Dormindo,Capotamento,Com Vítimas Feridas,Pleno dia,Decrescente,Céu Claro,Dupla,Reta;Aclive,Sim,1,0,1,0,0,0,1,1,-29.09075196,-49.63226114,SPRF-SC,DEL02-SC,UOP02-DEL02-SC,2022
"450271,0",2022-05-16,segunda-feira,15:30:00,SC,101,"195,8",BIGUACU,Reação tardia ou ineficiente do condutor,Colisão traseira,Com Vítimas Feridas,Pleno dia,Crescente,Céu Claro,Simples,Aclive,Sim,2,0,1,0,1,0,1,2,-27.5047092,-48.65010819,SPRF-SC,DEL01-SC,UOP01-DEL01-SC,2022
"450280,0",2022-05-16,segunda-feira,14:30:00,SC,480,"126,3",CHAPECO,Velocidade Incompatível,Colisão com objeto,Sem Vítimas,Pleno dia,Crescente,Sol,Simples,Interseção de Vias,Sim,1,0,0,0,1,0,0,1,-27.020083,-52.636024,SPRF-SC,DEL07-SC,UOP01-DEL07-SC,2022
"450283,0",2022-05-16,segunda-feira,16:15:00,SC,101,"175,0",BIGUACU,Demais falhas mecânicas ou elétricas,Queda de ocupante de veículo,Com Vítimas Feridas,Pleno dia,Crescente,Céu Claro,Dupla,Curva,Não,2,0,2,0,0,0,2,1,-27.33963303,-48.62734885,SPRF-SC,DEL01-SC,UOP01-DEL01-SC,2022
"450287,0",2022-05-16,segunda-feira,14:45:00,SC,101,"247,0",PAULO LOPES,Ausência de reação do condutor,Colisão lateral mesmo sentido,Com Vítimas Feridas,Pleno dia,Decrescente,Céu Claro,Dupla,Retorno Regulamentado,Não,2,0,1,0,1,0,1,2,-27.91824491,-48.65414317,SPRF-SC,DEL02-SC,UOP03-DEL02-SC,2022
"450303,0",2022-05-16,segunda-feira,17:40:00,SC,470,"33,0",GASPAR,Manobra de mudança de faixa,Colisão lateral mesmo sentido,Com Vítimas Feridas,Anoitecer,Crescente,Nublado,Dupla,Reta,Sim,2,0,0,1,1,0,1,2,-26.906223,-48.940575,SPRF-SC,DEL04-SC,UOP01-DEL04-SC,2022
"450309,0",2022-05-16,segunda-feira,18:25:00,SC,280,"2,8",SAO FRANCISCO DO SUL,Acessar a via sem observar a presença dos outros veículos,Colisão transversal,Com Vítimas Feridas,Plena Noite,Crescente,Céu Claro,Simples,Curva,Sim,2,0,0,2,0,0,2,2,-26.23700996,-48.61979093,SPRF-SC,DEL03-SC,UOP03-DEL03-SC,2022
"450312,0",2022-05-16,segunda-feira,19:00:00,SC,101,"332,0",TUBARAO,Condutor deixou de manter distância do veículo da frente,Colisão traseira,Com Vítimas Feridas,Plena Noite,Decrescente,Céu Claro,Simples,Interseção de Vias,Sim,2,0,1,0,1,0,1,2,-28.46016431,-48.98968873,SPRF-SC,DEL02-SC,UOP01-DEL02-SC,2022
"450363,0",2022-05-17,terça-feira,06:30:00,SC,101,"203,0",SAO JOSE,Reação tardia ou ineficiente do condutor,Saída de leito carroçável,Sem Vítimas,Pleno dia,Decrescente,Céu Claro,Simples,Reta,Não,3,0,0,0,1,2,0,3,-27.5650044,-48.61460082,SPRF-SC,DEL01-SC,UOP01-DEL01-SC,2022
"450370,0",2022-05-17,terça-feira,07:00:00,SC,101,"112,0",ITAJAI,Manobra de mudança de faixa,Colisão transversal,Com Vítimas Feridas,Pleno dia,Crescente,Céu Claro,Dupla,Reta,Não,2,0,2,0,0,0,2,2,-26.84672926,-48.72125387,SPRF-SC,DEL04-SC,UOP04-DEL04-SC,2022
"450378,0",2022-01-18,terça-feira,20:00:00,SC,163,"79,4",SAO MIGUEL DO OESTE,Demais falhas na via,Tombamento,Com Vítimas Feridas,Anoitecer,Crescente,Ignorado,Simples,Declive;Reta,Não,1,0,1,0,0,0,1,1,-26.65911819,-53.51816757,SPRF-SC,DEL07-SC,UOP03-DEL07-SC,2022
"450379,0",2022-05-01,domingo,12:10:00,SC,101,"138,0",BALNEARIO CAMBORIU,Manobra de mudança de faixa,Colisão lateral mesmo sentido,Com Vítimas Feridas,Pleno dia,Decrescente,Céu Claro,Dupla,Curva,Sim,2,0,1,0,1,0,1,2,-27.02397426,-48.60761649,SPRF-SC,DEL04-SC,UOP03-DEL04-SC,2022
"450390,0",2022-05-17,terça-feira,09:20:00,SC,101,"119,2",ITAJAI,Reação tardia ou ineficiente do condutor,Colisão lateral mesmo sentido,Com Vítimas Feridas,Pleno dia,Decrescente,Sol,Dupla,Reta,Não,3,0,0,1,2,0,1,2,-26.9043179,-48.71555481,SPRF-SC,DEL04-SC,UOP04-DEL04-SC,2022
"450393,0",2022-05-17,terça-feira,09:45:00,SC,101,"214,6",PALHOCA,Desrespeitar a preferência no cruzamento,Colisão transversal,Com Vítimas Feridas,Pleno dia,Decrescente,Sol,Múltipla,Viaduto;Interseção de Vias,Sim,2,0,1,0,1,0,1,2,-27.64443,-48.67057,SPRF-SC,DEL01-SC,UOP02-DEL01-SC,2022
"450439,0",2022-05-17,terça-feira,15:40:00,SC,101,"411,2",ARARANGUA,Manobra de mudança de faixa,Colisão frontal,Com Vítimas Feridas,Pleno dia,Crescente,Nublado,Simples,Rotatória,Sim,2,0,0,1,1,0,1,2,-28.94975102,-49.50680517,SPRF-SC,DEL02-SC,UOP02-DEL02-SC,2022
"450472,0",2022-05-17,terça-feira,17:45:00,SC,101,"136,0",BALNEARIO CAMBORIU,Condutor deixou de manter distância do veículo da frente,Colisão lateral mesmo sentido,Com Vítimas Feridas,Anoitecer,Crescente,Céu Claro,Dupla,Curva,Sim,2,0,1,0,1,0,1,2,-27.008113,-48.617245,SPRF-SC,DEL04-SC,UOP03-DEL04-SC,2022
"450483,0",2022-05-17,terça-feira,19:00:00,SC,101,"117,9",ITAJAI,Condutor deixou de manter distância do veículo da frente,Colisão traseira,Com Vítimas Feridas,Anoitecer,Decrescente,Céu Claro,Múltipla,Reta;Interseção de Vias,Sim,2,0,1,0,1,0,1,2,-26.88747187,-48.72252969,SPRF-SC,DEL04-SC,UOP04-DEL04-SC,2022
"450485,0",2022-05-17,terça-feira,18:30:00,SC,101,"130,0",BALNEARIO CAMBORIU,Reação tardia ou ineficiente do condutor,Colisão traseira,Com Vítimas Feridas,Plena Noite,Crescente,Céu Claro,Dupla,Curva,Sim,2,0,1,0,1,0,1,2,-26.98487107,-48.66866849,SPRF-SC,DEL04-SC,UOP03-DEL04-SC,2022
"450487,0",2022-05-17,terça-feira,19:30:00,SC,282,"218,0",LAGES,Acessar a via sem observar a presença dos outros veículos,Colisão lateral mesmo sentido,Sem Vítimas,Plena Noite,Crescente,Chuva,Dupla,Reta,Não,2,0,0,0,2,0,0,2,-27.797235,-50.31361,SPRF-SC,DEL05-SC,UOP01-DEL05-SC,2022
"450493,0",2022-05-17,terça-feira,17:00:00,SC,101,"336,0",TUBARAO,Avarias e/ou desgaste excessivo no pneu,Tombamento,Com Vítimas Feridas,Pleno dia,Decrescente,Céu Claro,Simples,Curva,Não,1,0,0,1,0,0,1,1,-28.47311347,-49.02437375,SPRF-SC,DEL02-SC,UOP01-DEL02-SC,2022
"450517,0",2022-05-18,quarta-feira,06:40:00,SC,101,"213,7",PALHOCA,Desrespeitar a preferência no cruzamento,Colisão transversal,Com Vítimas Feridas,Amanhecer,Decrescente,Nublado,Múltipla,Interseção de Vias,Sim,2,0,0,1,1,0,1,2,-27.63959763,-48.66661191,SPRF-SC,DEL01-SC,UOP02-DEL01-SC,2022
"450522,0",2022-05-18,quarta-feira,07:20:00,SC,470,"140,4",RIO DO SUL,Transitar no acostamento,Colisão transversal,Com Vítimas Feridas,Pleno dia,Decrescente,Nublado,Simples,Reta,Sim,2,0,1,0,1,0,1,2,-27.20533725,-49.64296818,SPRF-SC,DEL04-SC,UOP02-DEL04-SC,2022
"450575,0",2022-05-18,quarta-feira,15:00:00,SC,116,"178,9",SAO CRISTOVAO DO SUL,Ausência de reação do condutor,Colisão com objeto,Com Vítimas Feridas,Pleno dia,Decrescente,Garoa/Chuvisco,Simples,Reta,Sim,1,0,1,0,0,0,1,1,-27.25998965,-50.44758797,SPRF-SC,DEL05-SC,UOP03-DEL05-SC,2022
"450596,0",2022-05-18,quarta-feira,17:10:00,SC,282,"192,2",LAGES,Ultrapassagem Indevida,Colisão lateral sentido oposto,Com Vítimas Feridas,Pleno dia,Decrescente,Garoa/Chuvisco,Simples,Aclive;Reta,Não,4,0,1,0,3,0,1,2,-27.743328,-50.0575792,SPRF-SC,DEL05-SC,UOP01-DEL05-SC,2022
"450662,0",2022-05-19,quinta-feira,05:00:00,SC,280,"48,0",GUARAMIRIM,Acessar a via sem observar a presença dos outros veículos,Colisão transversal,Com Vítimas Feridas,Plena Noite,Decrescente,Céu Claro,Simples,Interseção de Vias,Sim,2,0,1,0,1,0,1,2,-26.45506795,-48.92766502,SPRF-SC,DEL03-SC,UOP03-DEL03-SC,2022
"450668,0",2022-05-19,quinta-feira,06:40:00,SC,101,"199,0",SAO JOSE,Manobra de mudança de faixa,Colisão lateral mesmo sentido,Com Vítimas Feridas,Pleno dia,Crescente,Céu Claro,Dupla,Reta,Sim,3,0,1,0,2,0,1,3,-27.53413705,-48.63003205,SPRF-SC,DEL01-SC,UOP01-DEL01-SC,2022
"450669,0",2022-05-18,quarta-feira,23:00:00,SC,470,"39,9",GASPAR,Objeto estático sobre o leito carroçável,Colisão com objeto,Com Vítimas Feridas,Plena Noite,Decrescente,Nublado,Simples,Em Obras;Interseção de Vias;Reta,Não,1,0,0,1,0,0,1,1,-26.88875,-48.991652,SPRF-SC,DEL04-SC,UOP01-DEL04-SC,2022
"450671,0",2022-05-19,quinta-feira,07:50:00,SC,101,"209,2",SAO JOSE,Reação tardia ou ineficiente do condutor,Queda de ocupante de veículo,Com Vítimas Feridas,Pleno dia,Decrescente,Céu Claro,Múltipla,Reta,Sim,1,0,1,0,0,0,1,1,-27.61000542,-48.63895057,SPRF-SC,DEL01-SC,UOP01-DEL01-SC,2022
"450692,0",2022-05-19,quinta-feira,08:00:00,SC,101,"105,9",PENHA,Demais falhas mecânicas ou elétricas,Tombamento,Com Vítimas Feridas,Pleno dia,Crescente,Céu Claro,Dupla,Reta,Não,1,0,0,1,0,0,1,1,-26.80215497,-48.67891041,SPRF-SC,DEL03-SC,UOP02-DEL03-SC,2022
"450702,0",2022-05-19,quinta-feira,11:15:00,SC,101,"249,8",PAULO LOPES,Condutor deixou de manter distância do veículo da frente,Colisão traseira,Com Vítimas Feridas,Pleno dia,Crescente,Céu Claro,Dupla,Reta,Não,3,0,2,0,1,0,2,2,-27.94097663,-48.6655283,SPRF-SC,DEL02-SC,UOP03-DEL02-SC,2022
"450706,0",2022-05-19,quinta-feira,12:10:00,SC,101,"200,7",SAO JOSE,Reação tardia ou ineficiente do condutor,Colisão traseira,Com Vítimas Feridas,Pleno dia,Decrescente,Céu Claro,Múltipla,Reta,Sim,2,0,1,0,1,0,1,2,-27.54018513,-48.62287714,SPRF-SC,DEL01-SC,UOP01-DEL01-SC,2022