id,data_inversa,dia_semana,horario,uf,br,km,municipio,causa_acidente,tipo_acidente,classificacao_acidente,fase_dia,sentido_via,condicao_metereologica,tipo_pista,tracado_via,uso_solo,pessoas,mortos,feridos_leves,feridos_graves,ilesos,ignorados,feridos,veiculos,latitude,longitude,regional,delegacia,uop,ano_arquivo
"453700,0",2022-06-03,sexta-feira,16:00:00,SC,116,"10,4",MAFRA,Reação tardia ou ineficiente do condutor,Colisão com objeto,Com Vítimas Feridas,Pleno dia,Crescente,Nublado,Simples,Curva,Não,1,0,1,0,0,0,1,1,-26.16829411,-49.85476074,SPRF-SC,DEL06-SC,UOP01-DEL06-SC,2022
"453706,0",2022-06-03,sexta-feira,17:50:00,SC,101,"42,3",JOINVILLE,Ausência de reação do condutor,Colisão traseira,Com Vítimas Feridas,Plena Noite,Crescente,Nublado,Dupla,Viaduto;Aclive;Reta,Sim,3,0,1,0,2,0,1,3,-26.31892126,-48.87152195,SPRF-SC,DEL03-SC,UOP01-DEL03-SC,2022
"453714,0",2022-06-03,sexta-feira,18:30:00,SC,101,"326,7",CAPIVARI DE BAIXO,Desrespeitar a preferência no cruzamento,Colisão frontal,Com Vítimas Feridas,Plena Noite,Crescente,Nublado,Múltipla,Aclive;Reta;Interseção de Vias,Sim,4,0,0,1,1,2,1,3,-28.42524483,-48.94302707,SPRF-SC,DEL02-SC,UOP01-DEL02-SC,2022
"453718,0",2022-06-03,sexta-feira,19:24:00,SC,101,"213,0",PALHOCA,Acesso irregular,Colisão lateral mesmo sentido,Com Vítimas Feridas,Anoitecer,Crescente,Céu Claro,Simples,Reta,Não,3,0,1,0,1,1,1,2,-27.63697369,-48.66514142,SPRF-SC,DEL01-SC,UOP02-DEL01-SC,2022
"453721,0",2022-06-03,sexta-feira,18:50:00,SC,101,"202,9",SAO JOSE,Ausência de reação do condutor,Colisão traseira,Com Vítimas Feridas,Plena Noite,Decrescente,Nublado,Dupla,Reta,Sim,2,0,1,0,1,0,1,2,-27.55711595,-48.61897889,SPRF-SC,DEL01-SC,UOP01-DEL01-SC,2022
"453734,0",2022-06-03,sexta-feira,19:00:00,SC,280,"30,0",ARAQUARI,Ingestão de álcool pelo condutor,Colisão traseira,Sem Vítimas,Plena Noite,Decrescente,Nublado,Simples,Reta,Sim,2,0,0,0,2,0,0,2,-26.4141523,-48.76209493,SPRF-SC,DEL03-SC,UOP03-DEL03-SC,2022
"453743,0",2022-06-03,sexta-feira,17:50:00,SC,282,"535,0",CHAPECO,Manobra de mudança de faixa,Colisão lateral mesmo sentido,Com Vítimas Feridas,Plena Noite,Decrescente,Nublado,Dupla,Reta,Não,3,0,0,1,2,0,1,3,-26.998245,-52.643768,SPRF-SC,DEL07-SC,UOP01-DEL07-SC,2022
"453752,0",2022-06-03,sexta-feira,19:55:00,SC,163,"77,2",SAO MIGUEL DO OESTE,Neblina,Colisão lateral sentido oposto,Com Vítimas Feridas,Plena Noite,Crescente,Nevoeiro/Neblina,Simples,Aclive;Reta,Não,4,0,1,0,3,0,1,2,-26.67615498,-53.51669997,SPRF-SC,DEL07-SC,UOP03-DEL07-SC,2022
"453769,0",2022-06-03,sexta-feira,21:00:00,SC,0,"0,0",CORREIA PINTO,Velocidade Incompatível,Colisão com objeto,Com Vítimas Feridas,Plena Noite,Não Informado,Nublado,Simples,Reta,Sim,1,0,1,0,0,0,1,1,-27.59121856,-50.36153197,SPRF-SC,DEL05-SC,UOP03-DEL05-SC,2022
"453785,0",2022-06-04,sábado,00:10:00,SC,101,"401,2",MARACAJA,Condutor Dormindo,Saída de leito carroçável,Sem Vítimas,Plena Noite,Crescente,Garoa/Chuvisco,Dupla,Reta,Não,1,0,0,0,0,1,0,1,-28.87444139,-49.45478439,SPRF-SC,DEL02-SC,UOP02-DEL02-SC,2022
"453787,0",2022-06-04,sábado,01:30:00,SC,282,"132,3",BOM RETIRO,Ingestão de álcool pelo condutor,Saída de leito carroçável,Com Vítimas Feridas,Plena Noite,Decrescente,Céu Claro,Simples,Declive;Reta,Não,2,0,0,2,0,0,2,1,-27.8097,-49.522575,SPRF-SC,DEL05-SC,UOP01-DEL05-SC,2022
"453791,0",2022-06-04,sábado,03:10:00,SC,282,"348,2",CAMPOS NOVOS,Ingestão de álcool pelo condutor,Colisão com objeto,Sem Vítimas,Plena Noite,Decrescente,Céu Claro,Simples,Reta,Não,1,0,0,0,1,0,0,1,-27.361637,-51.273197,SPRF-SC,DEL07-SC,UOP06-DEL07-SC,2022
"453792,0",2022-06-04,sábado,04:15:00,SC,280,"68,0",JARAGUA DO SUL,Ausência de reação do condutor,Colisão com objeto,Com Vítimas Feridas,Plena Noite,Decrescente,Nublado,Simples,Rotatória,Sim,1,0,1,0,0,0,1,1,-26.47277719,-49.11098612,SPRF-SC,DEL03-SC,UOP03-DEL03-SC,2022
"453802,0",2022-06-04,sábado,04:30:00,SC,101,"130,5",BALNEARIO CAMBORIU,Ausência de reação do condutor,Saída de leito carroçável,Sem Vítimas,Plena Noite,Decrescente,Céu Claro,Dupla,Curva,Não,1,0,0,0,0,1,0,1,-26.98407618,-48.66977107,SPRF-SC,DEL04-SC,UOP03-DEL04-SC,2022
"453803,0",2022-06-04,sábado,00:25:00,SC,163,"84,5",GUARACIABA,Ausência de reação do condutor,Colisão frontal,Com Vítimas Feridas,Plena Noite,Decrescente,Nevoeiro/Neblina,Simples,Reta,Não,4,0,2,0,2,0,2,2,-26.61594101,-53.51942819,SPRF-SC,DEL07-SC,UOP03-DEL07-SC,2022
"453844,0",2022-05-24,terça-feira,06:50:00,SC,282,"22,6",SANTO AMARO DA IMPERATRIZ,Trafegar com motocicleta (ou similar) entre as faixas,Colisão transversal,Com Vítimas Feridas,Pleno dia,Decrescente,Céu Claro,Simples,Interseção de Vias,Sim,2,0,1,0,1,0,1,2,-27.68884833,-48.7351799,SPRF-SC,DEL01-SC,UOP02-DEL01-SC,2022
"453860,0",2022-06-04,sábado,12:55:00,SC,101,"132,0",BALNEARIO CAMBORIU,Trafegar com motocicleta (ou similar) entre as faixas,Colisão lateral mesmo sentido,Sem Vítimas,Pleno dia,Decrescente,Céu Claro,Simples,Reta,Sim,2,0,0,0,2,0,0,2,-26.99654133,-48.65564711,SPRF-SC,DEL04-SC,UOP03-DEL04-SC,2022
"453865,0",2022-06-04,sábado,13:00:00,SC,101,"416,7",ARARANGUA,Desrespeitar a preferência no cruzamento,Colisão transversal,Com Vítimas Feridas,Pleno dia,Decrescente,Nublado,Simples,Interseção de Vias,Sim,2,0,0,1,1,0,1,2,-28.96708874,-49.52338825,SPRF-SC,DEL02-SC,UOP02-DEL02-SC,2022
"453870,0",2022-06-04,sábado,14:00:00,SC,101,"133,0",BALNEARIO CAMBORIU,Reação tardia ou ineficiente do condutor,Colisão traseira,Sem Vítimas,Pleno dia,Crescente,Nublado,Múltipla,Reta,Não,3,0,0,0,3,0,0,3,-26.99936,-48.64609,SPRF-SC,DEL04-SC,UOP03-DEL04-SC,2022
"453877,0",2022-06-04,sábado,09:00:00,SC,282,"412,0",CATANDUVAS,Pista Escorregadia,Saída de leito carroçável,Com Vítimas Feridas,Pleno dia,Crescente,Nublado,Simples,Curva,Não,2,0,1,0,1,0,1,2,-27.055775,-51.688843,SPRF-SC,DEL07-SC,UOP05-DEL07-SC,2022
"453878,0",2022-06-04,sábado,12:15:00,SC,101,"368,7",ICARA,Ausência de reação do condutor,Colisão com objeto,Com Vítimas Feridas,Pleno dia,Decrescente,Céu Claro,Dupla,Curva,Não,1,0,1,0,0,0,1,1,-28.6957326,-49.17347228,SPRF-SC,DEL02-SC,UOP01-DEL02-SC,2022
"453888,0",2022-06-04,sábado,13:53:00,SC,101,"102,3",BALNEARIO PICARRAS,Frear bruscamente,Colisão com objeto,Com Vítimas Feridas,Pleno dia,Crescente,Céu Claro,Dupla,Reta,Não,2,0,2,0,0,0,2,1,-26.77795122,-48.68531227,SPRF-SC,DEL03-SC,UOP02-DEL03-SC,2022
"453912,0",2022-06-04,sábado,17:40:00,SC,280,"50,5",GUARAMIRIM,Pedestre andava na pista,Atropelamento de Pedestre,Com Vítimas Feridas,Anoitecer,Decrescente,Nublado,Simples,Reta,Não,2,0,1,0,1,0,1,2,-26.4619489,-48.94618404,SPRF-SC,DEL03-SC,UOP03-DEL03-SC,2022
"453924,0",2022-05-02,segunda-feira,18:30:00,SC,282,"104,7",ALFREDO WAGNER,Pedestre andava na pista,Atropelamento de Pedestre,Com Vítimas Fatais,Plena Noite,Decrescente,Chuva,Simples,Curva;Declive,Não,3,1,0,0,0,2,0,2,-27.6962088,-49.3404392,SPRF-SC,DEL01-SC,UOP03-DEL01-SC,2022
"453926,0",2022-06-04,sábado,08:30:00,SC,153,"106,0",CONCORDIA,Pista esburacada,Capotamento,Com Vítimas Feridas,Pleno dia,Crescente,Céu Claro,Simples,Curva,Não,1,0,1,0,0,0,1,1,-27.290276,-51.967644,SPRF-SC,DEL07-SC,UOP04-DEL07-SC,2022
"453928,0",2022-06-04,sábado,18:30:00,SC,280,"24,3",ARAQUARI,Acessar a via sem observar a presença dos outros veículos,Colisão transversal,Com Vítimas Feridas,Plena Noite,Crescente,Nublado,Simples,Reta,Não,2,0,1,0,1,0,1,2,-26.37724921,-48.71953282,SPRF-SC,DEL03-SC,UOP03-DEL03-SC,2022
"453931,0",2022-06-04,sábado,18:30:00,SC,101,"155,0",PORTO BELO,Ingestão de álcool pelo condutor,Colisão frontal,Com Vítimas Feridas,Plena Noite,Crescente,Céu Claro,Simples,Viaduto,Não,2,0,1,0,1,0,1,2,-27.16292,-48.61129,SPRF-SC,DEL04-SC,UOP03-DEL04-SC,2022
"453969,0",2022-06-04,sábado,21:30:00,SC,101,"157,0",PORTO BELO,Velocidade Incompatível,Colisão com objeto,Sem Vítimas,Plena Noite,Decrescente,Nublado,Dupla,Reta,Não,1,0,0,0,0,1,0,1,-27.181625,-48.6121179,SPRF-SC,DEL04-SC,UOP03-DEL04-SC,2022
"453973,0",2022-06-04,sábado,22:40:00,SC,101,"13,5",GARUVA,Ingestão de álcool pelo condutor,Colisão traseira,Com Vítimas Feridas,Plena Noite,Crescente,Garoa/Chuvisco,Dupla,Declive;Reta,Não,3,0,1,0,2,0,1,2,-26.08986803,-48.86345096,SPRF-SC,DEL03-SC,UOP01-DEL03-SC,2022
"453975,0",2022-06-04,sábado,20:00:00,SC,470,"149,9",AGRONOMICA,Reação tardia ou ineficiente do condutor,Colisão traseira,Com Vítimas Feridas,Plena Noite,Decrescente,Nublado,Simples,Rotatória,Não,3,0,1,0,2,0,1,2,-27.257252,-49.712349,SPRF-SC,DEL04-SC,UOP02-DEL04-SC,2022
"453981,0",2022-06-04,sábado,22:20:00,SC,101,"137,0",BALNEARIO CAMBORIU,Ingestão de álcool e/ou substâncias psicoativas pelo pedestre,Saída de leito carroçável,Sem Vítimas,Plena Noite,Decrescente,Garoa/Chuvisco,Dupla,Reta,Sim,1,0,0,0,0,1,0,1,-27.0157238,-48.61192763,SPRF-SC,DEL04-SC,UOP03-DEL04-SC,2022
"453994,0",2022-06-05,domingo,01:44:00,SC,470,"103,9",APIUNA,Velocidade Incompatível,Capotamento,Com Vítimas Feridas,Plena Noite,Crescente,Garoa/Chuvisco,Simples,Curva,Não,1,0,1,0,0,0,1,1,-27.06135,-49.410408,SPRF-SC,DEL04-SC,UOP02-DEL04-SC,2022
"454001,0",2022-06-05,domingo,02:30:00,SC,101,"167,2",TIJUCAS,Condutor Dormindo,Saída de leito carroçável,Com Vítimas Fatais,Plena Noite,Crescente,Chuva,Dupla,Reta,Não,2,1,0,1,0,0,1,1,-27.27244,-48.631708,SPRF-SC,DEL04-SC,UOP03-DEL04-SC,2022
"454004,0",2022-06-05,domingo,03:00:00,SC,101,"85,0",BARRA VELHA,Reação tardia ou ineficiente do condutor,Saída de leito carroçável,Sem Vítimas,Plena Noite,Decrescente,Garoa/Chuvisco,Dupla,Reta,Não,1,0,0,0,1,0,0,1,-26.62840879,-48.70813584,SPRF-SC,DEL03-SC,UOP02-DEL03-SC,2022
"454006,0",2022-06-05,domingo,02:50:00,SC,101,"84,0",BARRA VELHA,Reação tardia ou ineficiente do condutor,Saída de leito carroçável,Com Vítimas Feridas,Plena Noite,Decrescente,Garoa/Chuvisco,Dupla,Reta,Não,2,0,0,1,1,0,1,1,-26.62404682,-48.71394986,SPRF-SC,DEL03-SC,UOP02-DEL03-SC,2022
"454011,0",2022-06-05,domingo,04:15:00,SC,101,"198,6",SAO JOSE,Reação tardia ou ineficiente do condutor,Colisão traseira,Com Vítimas Feridas,Plena Noite,Decrescente,Céu Claro,Múltipla,Reta,Sim,2,0,0,1,1,0,1,2,-27.52658712,-48.63506019,SPRF-SC,DEL01-SC,UOP01-DEL01-SC,2022
"454013,0",2022-06-05,domingo,04:07:00,SC,101,"334,8",TUBARAO,Ingestão de álcool pelo condutor,Colisão lateral sentido oposto,Sem Vítimas,Plena Noite,Crescente,Céu Claro,Dupla,Reta,Sim,3,0,0,0,1,2,0,3,-28.46749069,-49.00416439,SPRF-SC,DEL02-SC,UOP01-DEL02-SC,2022
"454021,0",2022-06-05,domingo,06:10:00,SC,101,"303,8",LAGUNA,Pedestre andava na pista,Atropelamento de Pedestre,Com Vítimas Fatais,Amanhecer,Crescente,Nublado,Múltipla,Reta,Não,2,1,0,0,1,0,0,2,-28.3871755,-48.7737657,SPRF-SC,DEL02-SC,UOP03-DEL02-SC,2022
"454026,0",2022-06-05,domingo,05:55:00,SC,101,"142,1",ITAPEMA,Velocidade Incompatível,Colisão traseira,Com Vítimas Feridas,Plena Noite,Decrescente,Nublado,Simples,Aclive;Curva,Não,2,0,2,0,0,0,2,2,-27.056089,-48.599449,SPRF-SC,DEL04-SC,UOP03-DEL04-SC,2022
"454027,0",2022-06-05,domingo,06:40:00,SC,282,"3,8",FLORIANOPOLIS,Reação tardia ou ineficiente do condutor,Saída de leito carroçável,Com Vítimas Feridas,Pleno dia,Crescente,Céu Claro,Múltipla,Curva,Sim,1,0,1,0,0,0,1,1,-27.600384,-48.599705,SPRF-SC,DEL01-SC,UOP01-DEL01-SC,2022
"454041,0",2022-06-05,domingo,07:30:00,SC,101,"63,5",ARAQUARI,Entrada inopinada do pedestre,Atropelamento de Pedestre,Com Vítimas Fatais,Pleno dia,Crescente,Garoa/Chuvisco,Dupla,Aclive;Reta;Ponte,Não,3,1,0,0,2,0,0,2,-26.462695,-48.75393,SPRF-SC,DEL03-SC,UOP02-DEL03-SC,2022
"454042,0",2022-06-05,domingo,07:39:00,SC,101,"353,6",SANGAO,Condutor Dormindo,Saída de leito carroçável,Com Vítimas Feridas,Pleno dia,Crescente,Nublado,Dupla,Reta,Não,3,0,2,1,0,0,3,1,-28.61232036,-49.06197674,SPRF-SC,DEL02-SC,UOP01-DEL02-SC,2022
"454071,0",2022-06-05,domingo,11:20:00,SC,282,"28,0",SANTO AMARO DA IMPERATRIZ,Desrespeitar a preferência no cruzamento,Colisão transversal,Com Vítimas Feridas,Pleno dia,Decrescente,Chuva,Simples,Rotatória,Sim,3,0,1,0,2,0,1,2,-27.67478,-48.778904,SPRF-SC,DEL01-SC,UOP03-DEL01-SC,2022
"454086,0",2022-06-05,domingo,12:33:00,SC,101,"6,0",GARUVA,Pedestre andava na pista,Atropelamento de Pedestre,Com Vítimas Feridas,Pleno dia,Crescente,Nublado,Simples,Curva,Sim,2,0,1,0,1,0,1,2,-26.02692002,-48.86142017,SPRF-SC,DEL03-SC,UOP01-DEL03-SC,2022
"454094,0",2022-06-05,domingo,14:10:00,SC,280,"128,9",RIO NEGRINHO,Acessar a via sem observar a presença dos outros veículos,Atropelamento de Pedestre,Com Vítimas Feridas,Pleno dia,Crescente,Céu Claro,Simples,Reta,Não,2,0,0,1,1,0,1,2,-26.24317941,-49.51320018,SPRF-SC,DEL06-SC,UOP03-DEL06-SC,2022
"454115,0",2022-06-05,domingo,16:20:00,SC,282,"26,3",SANTO AMARO DA IMPERATRIZ,Acessar a via sem observar a presença dos outros veículos,Colisão transversal,Com Vítimas Feridas,Anoitecer,Crescente,Garoa/Chuvisco,Simples,Reta,Não,4,0,1,0,3,0,1,2,-27.680267,-48.762482,SPRF-SC,DEL01-SC,UOP03-DEL01-SC,2022
"454130,0",2022-06-05,domingo,18:12:00,SC,282,"6,0",SAO JOSE,Velocidade Incompatível,Queda de ocupante de veículo,Com Vítimas Feridas,Anoitecer,Crescente,Chuva,Dupla,Declive;Curva,Sim,1,0,1,0,0,0,1,1,-27.58499405,-48.61631513,SPRF-SC,DEL01-SC,UOP01-DEL01-SC,2022
"454167,0",2022-06-05,domingo,20:35:00,SC,101,"323,2",PESCARIA BRAVA,Acumulo de água sobre o pavimento,Colisão com objeto,Com Vítimas Feridas,Plena Noite,Decrescente,Chuva,Dupla,Viaduto,Não,2,0,2,0,0,0,2,1,-28.42789556,-48.91248313,SPRF-SC,DEL02-SC,UOP01-DEL02-SC,2022
"454181,0",2022-06-05,domingo,19:00:00,SC,116,"117,2",SANTA CECILIA,Velocidade Incompatível,Saída de leito carroçável,Sem Vítimas,Plena Noite,Crescente,Chuva,Simples,Curva,Não,1,0,0,0,0,1,0,1,-26.81731599,-50.35097407,SPRF-SC,DEL06-SC,UOP02-DEL06-SC,2022
"454184,0",2022-06-05,domingo,18:40:00,SC,116,"71,7",MONTE CASTELO,Condutor deixou de manter distância do veículo da frente,Colisão traseira,Com Vítimas Feridas,Plena Noite,Decrescente,Céu Claro,Simples,Aclive,Não,5,0,1,0,3,1,1,2,-26.47804399,-50.23238915,SPRF-SC,DEL06-SC,UOP02-DEL06-SC,2022
"454205,0",2022-06-06,segunda-feira,01:00:00,SC,101,"193,0",BIGUACU,Ingestão de álcool pelo condutor,Saída de leito carroçável,Sem Vítimas,Plena Noite,Crescente,Chuva,Simples,Reta,Sim,1,0,0,0,1,0,0,1,-27.489574,-48.655914,SPRF-SC,DEL01-SC,UOP01-DEL01-SC,2022
"454213,0",2022-06-06,segunda-feira,06:35:00,SC,101,"208,5",SAO JOSE,Condutor deixou de manter distância do veículo da frente,Queda de ocupante de veículo,Com Vítimas Feridas,Pleno dia,Decrescente,Garoa/Chuvisco,Múltipla,Reta,Não,2,0,1,0,1,0,1,2,-27.60327979,-48.63201818,SPRF-SC,DEL01-SC,UOP01-DEL01-SC,2022
"454216,0",2022-06-06,segunda-feira,06:40:00,SC,101,"206,0",SAO JOSE,Reação tardia ou ineficiente do condutor,Colisão traseira,Com Vítimas Feridas,Pleno dia,Decrescente,Céu Claro,Múltipla,Reta,Sim,2,0,0,1,1,0,1,2,-27.59193546,-48.61824557,SPRF-SC,DEL01-SC,UOP01-DEL01-SC,2022
"454217,0",2022-06-06,segunda-feira,00:05:00,SC,101,"131,6",BALNEARIO CAMBORIU,Ausência de reação do condutor,Colisão com objeto,Sem Vítimas,Plena Noite,Decrescente,Céu Claro,Dupla,Curva,Sim,1,0,0,0,1,0,0,1,-26.99064209,-48.66310912,SPRF-SC,DEL04-SC,UOP03-DEL04-SC,2022
"454236,0",2022-06-06,segunda-feira,07:30:00,SC,101,"339,2",TUBARAO,Reação tardia ou ineficiente do condutor,Saída de leito carroçável,Sem Vítimas,Amanhecer,Crescente,Nublado,Simples,Reta,Sim,1,0,0,0,0,1,0,1,-28.50618,-49.04965,SPRF-SC,DEL02-SC,UOP01-DEL02-SC,2022
"454253,0",2022-06-06,segunda-feira,09:25:00,SC,101,"267,0",PAULO LOPES,Ausência de reação do condutor,Saída de leito carroçável,Com Vítimas Feridas,Pleno dia,Decrescente,Céu Claro,Dupla,Reta,Não,1,0,1,0,0,0,1,1,-28.07699803,-48.71234311,SPRF-SC,DEL02-SC,UOP03-DEL02-SC,2022
"454254,0",2022-05-02,segunda-feira,17:55:00,SC,101,"218,0",PALHOCA,Condutor deixou de manter distância do veículo da frente,Colisão traseira,Com Vítimas Feridas,Anoitecer,Crescente,Chuva,Dupla,Reta,Sim,2,0,1,0,0,1,1,2,-27.6758601,-48.67052525,SPRF-SC,DEL01-SC,UOP02-DEL01-SC,2022
"454259,0",2022-06-06,segunda-feira,09:45:00,SC,101,"331,6",TUBARAO,Desrespeitar a preferência no cruzamento,Colisão transversal,Sem Vítimas,Pleno dia,Crescente,Chuva,Simples,Interseção de Vias,Sim,2,0,0,0,2,0,0,2,-28.465975,-48.99593353,SPRF-SC,DEL02-SC,UOP01-DEL02-SC,2022
"454277,0",2022-06-06,segunda-feira,11:20:00,SC,282,"149,0",BOM RETIRO,Condutor Dormindo,Saída de leito carroçável,Com Vítimas Feridas,Pleno dia,Crescente,Chuva,Simples,Curva,Não,1,0,1,0,0,0,1,1,-27.775295,-49.655903,SPRF-SC,DEL05-SC,UOP01-DEL05-SC,2022
"454289,0",2022-06-06,segunda-feira,13:00:00,SC,101,"141,0",BALNEARIO CAMBORIU,Ingestão de álcool pelo condutor,Colisão lateral mesmo sentido,Com Vítimas Feridas,Pleno dia,Decrescente,Nublado,Dupla,Curva,Não,2,0,1,0,1,0,1,2,-27.04761729,-48.59995855,SPRF-SC,DEL04-SC,UOP03-DEL04-SC,2022
"454328,0",2022-06-06,segunda-feira,17:40:00,SC,280,"120,0",SAO BENTO DO SUL,Acessar a via sem observar a presença dos outros veículos,Colisão transversal,Com Vítimas Feridas,Anoitecer,Decrescente,Chuva,Simples,Interseção de Vias,Não,2,0,0,1,1,0,1,2,-26.26094075,-49.44273982,SPRF-SC,DEL06-SC,UOP03-DEL06-SC,2022
"454342,0",2022-06-06,segunda-feira,13:30:00,SC,101,"40,0",JOINVILLE,Reação tardia ou ineficiente do condutor,Saída de leito carroçável,Com Vítimas Feridas,Pleno dia,Crescente,Nublado,Múltipla,Reta,Sim,1,0,1,0,0,0,1,1,-26.30757302,-48.88057709,SPRF-SC,DEL03-SC,UOP01-DEL03-SC,2022
"454344,0",2022-06-06,segunda-feira,18:50:00,SC,280,"30,8",ARAQUARI,Ausência de reação do condutor,Colisão transversal,Com Vítimas Feridas,Plena Noite,Decrescente,Chuva,Simples,Reta,Sim,2,0,1,0,1,0,1,2,-26.4141523,-48.76209493,SPRF-SC,DEL03-SC,UOP03-DEL03-SC,2022
"454349,0",2022-06-06,segunda-feira,17:20:00,SC,163,"70,0",SAO MIGUEL DO OESTE,Acumulo de água sobre o pavimento,Tombamento,Com Vítimas Feridas,Plena Noite,Decrescente,Chuva,Dupla,Reta,Sim,2,0,1,0,1,0,1,2,-26.73461723,-53.50680015,SPRF-SC,DEL07-SC,UOP03-DEL07-SC,2022
"454358,0",2022-06-06,segunda-feira,20:10:00,SC,101,"217,8",PALHOCA,Demais falhas mecânicas ou elétricas,Saída de leito carroçável,Sem Vítimas,Plena Noite,Decrescente,Garoa/Chuvisco,Múltipla,Reta,Sim,1,0,0,0,1,0,0,1,-27.66779034,-48.67393586,SPRF-SC,DEL01-SC,UOP02-DEL01-SC,2022
"454359,0",2022-06-06,segunda-feira,18:10:00,SC,163,"72,7",SAO MIGUEL DO OESTE,Desrespeitar a preferência no cruzamento,Colisão transversal,Com Vítimas Feridas,Plena Noite,Decrescente,Garoa/Chuvisco,Simples,Reta,Sim,2,0,2,0,0,0,2,2,-26.71908804,-53.5157791,SPRF-SC,DEL07-SC,UOP03-DEL07-SC,2022
"454362,0",2022-06-06,segunda-feira,18:10:00,SC,282,"576,0",PINHALZINHO,Acessar a via sem observar a presença dos outros veículos,Colisão transversal,Com Vítimas Feridas,Plena Noite,Decrescente,Chuva,Simples,Reta;Interseção de Vias,Sim,3,0,1,0,2,0,1,3,-26.856054,-52.98011,SPRF-SC,DEL07-SC,UOP02-DEL07-SC,2022
"454371,0",2022-06-06,segunda-feira,21:30:00,SC,282,"6,0",SAO JOSE,Frear bruscamente,Queda de ocupante de veículo,Com Vítimas Feridas,Plena Noite,Crescente,Chuva,Simples,Curva,Não,1,0,1,0,0,0,1,1,-27.591936,-48.618244,SPRF-SC,DEL01-SC,UOP01-DEL01-SC,2022
"454386,0",2022-06-06,segunda-feira,23:40:00,SC,101,"207,0",SAO JOSE,Objeto estático sobre o leito carroçável,Colisão traseira,Com Vítimas Feridas,Plena Noite,Crescente,Nublado,Dupla,Reta,Sim,2,0,1,0,1,0,1,2,-27.60001226,-48.6226467,SPRF-SC,DEL01-SC,UOP01-DEL01-SC,2022
"454390,0",2022-06-06,segunda-feira,23:45:00,SC,282,"17,0",PALHOCA,Ausência de sinalização,Capotamento,Sem Vítimas,Plena Noite,Decrescente,Chuva,Simples,Interseção de Vias,Sim,1,0,0,0,1,0,0,1,-27.665707,-48.688065,SPRF-SC,DEL01-SC,UOP02-DEL01-SC,2022
"454394,0",2022-06-07,terça-feira,02:00:00,SC,158,"127,3",CAIBI,Condutor Dormindo,Saída de leito carroçável,Com Vítimas Feridas,Plena Noite,Crescente,Garoa/Chuvisco,Simples,Reta,Não,1,0,1,0,0,0,1,1,-27.05706889,-53.2276362,SPRF-SC,DEL07-SC,UOP02-DEL07-SC,2022
"454414,0",2022-06-07,terça-feira,08:01:00,SC,116,"5,5",MAFRA,Acessar a via sem observar a presença dos outros veículos,Colisão transversal,Com Vítimas Feridas,Pleno dia,Decrescente,Chuva,Simples,Rotatória;Interseção de Vias,Não,2,0,1,0,1,0,1,2,-26.14094396,-49.81508303,SPRF-SC,DEL06-SC,UOP01-DEL06-SC,2022
"454421,0",2022-06-07,terça-feira,07:30:00,SC,101,"114,0",ITAJAI,Reação tardia ou ineficiente do condutor,Tombamento,Com Vítimas Feridas,Pleno dia,Crescente,Chuva,Múltipla,Reta,Sim,1,0,1,0,0,0,1,1,-26.86192886,-48.7286704,SPRF-SC,DEL04-SC,UOP04-DEL04-SC,2022
"454454,0",2022-06-07,terça-feira,11:41:00,SC,101,"333,7",TUBARAO,Acessar a via sem observar a presença dos outros veículos,Colisão transversal,Com Vítimas Feridas,Pleno dia,Crescente,Chuva,Simples,Rotatória;Viaduto,Sim,2,0,1,0,1,0,1,2,-28.46630107,-48.99653096,SPRF-SC,DEL02-SC,UOP01-DEL02-SC,2022
"454468,0",2022-06-07,terça-feira,12:55:00,SC,101,"215,0",PALHOCA,Ausência de reação do condutor,Queda de ocupante de veículo,Com Vítimas Feridas,Pleno dia,Crescente,Garoa/Chuvisco,Múltipla,Reta;Aclive;Interseção de Vias,Sim,1,0,1,0,0,0,1,1,-27.65184843,-48.67604941,SPRF-SC,DEL01-SC,UOP02-DEL01-SC,2022
"454507,0",2022-06-07,terça-feira,16:45:00,SC,101,"327,0",CAPIVARI DE BAIXO,Demais falhas mecânicas ou elétricas,Colisão com objeto,Com Vítimas Feridas,Pleno dia,Crescente,Chuva,Dupla,Reta;Viaduto;Aclive,Sim,1,0,1,0,0,0,1,1,-28.43023306,-48.95205197,SPRF-SC,DEL02-SC,UOP01-DEL02-SC,2022
"454531,0",2022-06-07,terça-feira,19:15:00,SC,282,"4,1",FLORIANOPOLIS,Acessar a via sem observar a presença dos outros veículos,Colisão lateral mesmo sentido,Com Vítimas Feridas,Pleno dia,Crescente,Garoa/Chuvisco,Dupla,Reta,Sim,2,0,1,0,1,0,1,2,-27.592646,-48.604034,SPRF-SC,DEL01-SC,UOP01-DEL01-SC,2022
"454539,0",2022-06-07,terça-feira,19:15:00,SC,101,"333,7",TUBARAO,Desrespeitar a preferência no cruzamento,Colisão transversal,Sem Vítimas,Plena Noite,Decrescente,Garoa/Chuvisco,Dupla,Interseção de Vias,Sim,3,0,0,0,3,0,0,2,-28.469651,-49.015033,SPRF-SC,DEL02-SC,UOP01-DEL02-SC,2022
"454550,0",2022-05-14,sábado,19:15:00,SC,116,"244,2",LAGES,Transitar na contramão,Colisão lateral sentido oposto,Com Vítimas Fatais,Plena Noite,Decrescente,Céu Claro,Simples,Curva;Declive,Não,2,1,1,0,0,0,1,2,-27.78925388,-50.35413817,SPRF-SC,DEL05-SC,UOP01-DEL05-SC,2022