id,data_inversa,dia_semana,horario,uf,br,km,municipio,causa_acidente,tipo_acidente,classificacao_acidente,fase_dia,sentido_via,condicao_metereologica,tipo_pista,tracado_via,uso_solo,pessoas,mortos,feridos_leves,feridos_graves,ilesos,ignorados,feridos,veiculos,latitude,longitude,regional,delegacia,uop,ano_arquivo
"454561,0",2022-06-07,terça-feira,22:30:00,SC,101,"194,2",BIGUACU,Velocidade Incompatível,Colisão com objeto,Sem Vítimas,Plena Noite,Decrescente,Nublado,Dupla,Reta,Sim,1,0,0,0,0,1,0,1,-27.49815117,-48.65661236,SPRF-SC,DEL01-SC,UOP01-DEL01-SC,2022
"454585,0",2022-06-08,quarta-feira,06:27:00,SC,282,"17,4",PALHOCA,Acessar a via sem observar a presença dos outros veículos,Colisão transversal,Com Vítimas Feridas,Amanhecer,Decrescente,Nublado,Simples,Interseção de Vias,Sim,2,0,0,1,1,0,1,2,-27.66922863,-48.69107366,SPRF-SC,DEL01-SC,UOP02-DEL01-SC,2022
"454628,0",2022-06-08,quarta-feira,12:15:00,SC,101,"214,6",PALHOCA,Manobra de mudança de faixa,Colisão lateral mesmo sentido,Sem Vítimas,Pleno dia,Decrescente,Nublado,Dupla,Viaduto,Sim,2,0,0,0,2,0,0,2,-27.64443,-48.67057,SPRF-SC,DEL01-SC,UOP02-DEL01-SC,2022
"454653,0",2022-06-08,quarta-feira,14:00:00,SC,282,"223,0",LAGES,Acessar a via sem observar a presença dos outros veículos,Colisão transversal,Com Vítimas Feridas,Pleno dia,Decrescente,Céu Claro,Simples,Reta,Sim,2,0,1,0,1,0,1,2,-27.800127,-50.362751,SPRF-SC,DEL05-SC,UOP01-DEL05-SC,2022
"454662,0",2022-06-08,quarta-feira,17:25:00,SC,101,"198,5",BIGUACU,Reação tardia ou ineficiente do condutor,Colisão traseira,Com Vítimas Feridas,Anoitecer,Decrescente,Nublado,Múltipla,Reta,Sim,2,0,1,0,1,0,1,2,-27.52658712,-48.63506019,SPRF-SC,DEL01-SC,UOP01-DEL01-SC,2022
"454669,0",2022-06-08,quarta-feira,06:50:00,SC,101,"404,0",ARARANGUA,Demais falhas mecânicas ou elétricas,Incêndio,Sem Vítimas,Pleno dia,Crescente,Nublado,Dupla,Reta,Não,1,0,0,0,1,0,0,1,-28.87801417,-49.45745479,SPRF-SC,DEL02-SC,UOP02-DEL02-SC,2022
"454674,0",2022-06-08,quarta-feira,13:42:00,SC,470,"162,0",TROMBUDO CENTRAL,Conversão proibida,Colisão transversal,Com Vítimas Feridas,Pleno dia,Decrescente,Céu Claro,Simples,Reta,Sim,2,0,0,1,1,0,1,2,-27.282606,-49.817101,SPRF-SC,DEL04-SC,UOP02-DEL04-SC,2022
"454677,0",2022-06-08,quarta-feira,18:10:00,SC,101,"202,0",SAO JOSE,Condutor deixou de manter distância do veículo da frente,Colisão traseira,Com Vítimas Feridas,Anoitecer,Crescente,Céu Claro,Dupla,Reta,Sim,2,0,1,0,1,0,1,2,-27.55711595,-48.61897889,SPRF-SC,DEL01-SC,UOP01-DEL01-SC,2022
"454678,0",2022-06-08,quarta-feira,17:10:00,SC,116,"11,1",MAFRA,Acessar a via sem observar a presença dos outros veículos,Colisão lateral mesmo sentido,Com Vítimas Feridas,Pleno dia,Decrescente,Céu Claro,Simples,Curva,Não,2,0,1,0,1,0,1,2,-26.17627262,-49.8580203,SPRF-SC,DEL06-SC,UOP01-DEL06-SC,2022
"454683,0",2022-06-08,quarta-feira,18:55:00,SC,101,"132,0",BALNEARIO CAMBORIU,Trafegar com motocicleta (ou similar) entre as faixas,Colisão lateral mesmo sentido,Com Vítimas Feridas,Plena Noite,Decrescente,Céu Claro,Dupla,Reta,Sim,2,0,1,0,1,0,1,2,-26.99654133,-48.65564711,SPRF-SC,DEL04-SC,UOP03-DEL04-SC,2022
"454684,0",2022-06-08,quarta-feira,18:05:00,SC,280,"20,6",SAO FRANCISCO DO SUL,Desrespeitar a preferência no cruzamento,Colisão transversal,Sem Vítimas,Anoitecer,Decrescente,Nublado,Simples,Reta,Não,2,0,0,0,2,0,0,2,-26.36990477,-48.68224301,SPRF-SC,DEL03-SC,UOP03-DEL03-SC,2022
"454686,0",2022-06-08,quarta-feira,18:05:00,SC,101,"331,6",TUBARAO,Desrespeitar a preferência no cruzamento,Colisão transversal,Com Vítimas Feridas,Anoitecer,Decrescente,Nublado,Dupla,Rotatória,Sim,2,0,1,0,1,0,1,2,-28.46567318,-48.99559021,SPRF-SC,DEL02-SC,UOP01-DEL02-SC,2022
"454713,0",2022-06-08,quarta-feira,21:00:00,SC,282,"315,0",VARGEM,Objeto estático sobre o leito carroçável,Tombamento,Com Vítimas Feridas,Plena Noite,Decrescente,Nublado,Simples,Reta,Não,2,0,2,0,0,0,2,1,-27.445721,-51.002831,SPRF-SC,DEL07-SC,UOP06-DEL07-SC,2022
"454749,0",2022-06-09,quinta-feira,05:50:00,SC,470,"66,7",INDAIAL,Ausência de reação do condutor,Colisão transversal,Com Vítimas Feridas,Plena Noite,Crescente,Nublado,Simples,Interseção de Vias;Reta;Em Obras,Sim,2,0,1,0,0,1,1,2,-26.8714244,-49.22989931,SPRF-SC,DEL04-SC,UOP01-DEL04-SC,2022
"454755,0",2022-06-09,quinta-feira,07:10:00,SC,101,"134,0",BALNEARIO CAMBORIU,Desrespeitar a preferência no cruzamento,Colisão transversal,Com Vítimas Feridas,Pleno dia,Crescente,Céu Claro,Simples,Interseção de Vias,Sim,2,0,0,1,1,0,1,2,-27.00200158,-48.63809651,SPRF-SC,DEL04-SC,UOP03-DEL04-SC,2022
"454825,0",2022-06-09,quinta-feira,13:20:00,SC,280,"25,7",ARAQUARI,Ausência de reação do condutor,Colisão lateral mesmo sentido,Sem Vítimas,Pleno dia,Decrescente,Chuva,Simples,Reta,Sim,2,0,0,0,2,0,0,2,-26.38352781,-48.72677516,SPRF-SC,DEL03-SC,UOP03-DEL03-SC,2022
"454842,0",2022-06-09,quinta-feira,14:55:00,SC,101,"373,0",ICARA,Ausência de reação do condutor,Saída de leito carroçável,Com Vítimas Feridas,Pleno dia,Crescente,Céu Claro,Dupla,Reta,Não,1,0,0,1,0,0,1,1,-28.7132671,-49.21763596,SPRF-SC,DEL02-SC,UOP01-DEL02-SC,2022
"454853,0",2022-06-09,quinta-feira,14:25:00,SC,282,"191,0",LAGES,Reação tardia ou ineficiente do condutor,Colisão traseira,Sem Vítimas,Pleno dia,Decrescente,Garoa/Chuvisco,Simples,Em Obras;Declive,Não,9,0,0,0,9,0,0,2,-27.739349,-50.046421,SPRF-SC,DEL05-SC,UOP01-DEL05-SC,2022
"454864,0",2022-06-09,quinta-feira,17:10:00,SC,470,"87,1",ASCURRA,Ausência de reação do condutor,Colisão traseira,Com Vítimas Feridas,Anoitecer,Crescente,Chuva,Simples,Reta,Não,2,0,0,1,1,0,1,2,-26.948483,-49.366833,SPRF-SC,DEL04-SC,UOP01-DEL04-SC,2022
"454869,0",2022-06-09,quinta-feira,17:38:00,SC,101,"203,0",SAO JOSE,Desrespeitar a preferência no cruzamento,Colisão transversal,Com Vítimas Feridas,Plena Noite,Decrescente,Céu Claro,Dupla,Rotatória,Sim,2,0,0,1,1,0,1,2,-27.5650044,-48.61460082,SPRF-SC,DEL01-SC,UOP01-DEL01-SC,2022
"454880,0",2022-06-09,quinta-feira,18:00:00,SC,282,"16,9",PALHOCA,Ultrapassagem Indevida,Queda de ocupante de veículo,Com Vítimas Feridas,Plena Noite,Decrescente,Céu Claro,Simples,Reta,Não,2,0,0,1,1,0,1,2,-27.665707,-48.688065,SPRF-SC,DEL01-SC,UOP02-DEL01-SC,2022
"454882,0",2022-06-09,quinta-feira,18:10:00,SC,280,"50,3",GUARAMIRIM,Mal súbito do condutor,Saída de leito carroçável,Com Vítimas Feridas,Plena Noite,Decrescente,Chuva,Simples,Reta,Sim,1,0,1,0,0,0,1,1,-26.46127592,-48.94387722,SPRF-SC,DEL03-SC,UOP03-DEL03-SC,2022
"454884,0",2022-06-09,quinta-feira,18:50:00,SC,101,"123,0",ITAJAI,Ausência de reação do condutor,Colisão traseira,Com Vítimas Feridas,Anoitecer,Decrescente,Céu Claro,Dupla,Ponte,Sim,2,0,0,1,1,0,1,2,-26.93668609,-48.69876905,SPRF-SC,DEL04-SC,UOP04-DEL04-SC,2022
"454886,0",2022-06-09,quinta-feira,19:00:00,SC,101,"123,0",ITAJAI,Manobra de mudança de faixa,Colisão lateral mesmo sentido,Com Vítimas Feridas,Plena Noite,Crescente,Nublado,Dupla,Viaduto,Não,3,0,1,0,2,0,1,2,-26.93668609,-48.69876905,SPRF-SC,DEL04-SC,UOP04-DEL04-SC,2022
"454893,0",2022-06-09,quinta-feira,19:25:00,SC,280,"6,2",SAO FRANCISCO DO SUL,Chuva,Colisão lateral mesmo sentido,Com Vítimas Feridas,Plena Noite,Decrescente,Chuva,Simples,Reta,Sim,2,0,0,1,1,0,1,2,-26.26569095,-48.63361804,SPRF-SC,DEL03-SC,UOP03-DEL03-SC,2022
"454930,0",2022-06-10,sexta-feira,01:40:00,SC,282,"505,2",XANXERE,Ingestão de álcool pelo condutor,Saída de leito carroçável,Com Vítimas Feridas,Plena Noite,Crescente,Nublado,Simples,Aclive;Reta,Sim,1,0,1,0,0,0,1,1,-26.885664,-52.418874,SPRF-SC,DEL07-SC,UOP01-DEL07-SC,2022
"454933,0",2022-06-10,sexta-feira,02:40:00,SC,470,"65,8",INDAIAL,Ausência de reação do condutor,Saída de leito carroçável,Com Vítimas Feridas,Plena Noite,Crescente,Nublado,Simples,Reta,Não,1,0,1,0,0,0,1,1,-26.870411,-49.211864,SPRF-SC,DEL04-SC,UOP01-DEL04-SC,2022
"454934,0",2022-06-10,sexta-feira,03:40:00,SC,101,"338,0",TUBARAO,Demais falhas mecânicas ou elétricas,Colisão com objeto,Com Vítimas Feridas,Plena Noite,Decrescente,Céu Claro,Múltipla,Interseção de Vias,Sim,1,0,1,0,0,0,1,1,-28.485725,-49.03726,SPRF-SC,DEL02-SC,UOP01-DEL02-SC,2022
"454944,0",2022-06-10,sexta-feira,06:00:00,SC,101,"131,0",BALNEARIO CAMBORIU,Avarias e/ou desgaste excessivo no pneu,Tombamento,Com Vítimas Feridas,Amanhecer,Decrescente,Chuva,Dupla,Reta,Não,1,0,1,0,0,0,1,1,-26.99064209,-48.66310912,SPRF-SC,DEL04-SC,UOP03-DEL04-SC,2022
"454964,0",2022-06-10,sexta-feira,06:44:00,SC,470,"247,1",CURITIBANOS,Desrespeitar a preferência no cruzamento,Colisão transversal,Com Vítimas Feridas,Amanhecer,Decrescente,Nublado,Simples,Reta,Sim,2,0,1,0,1,0,1,2,-27.315269,-50.541786,SPRF-SC,DEL05-SC,UOP03-DEL05-SC,2022
"454965,0",2022-06-10,sexta-feira,08:20:00,SC,101,"201,9",SAO JOSE,Trafegar com motocicleta (ou similar) entre as faixas,Colisão lateral mesmo sentido,Com Vítimas Feridas,Pleno dia,Crescente,Nublado,Dupla,Reta,Sim,3,0,1,0,2,0,1,3,-27.54836599,-48.61977975,SPRF-SC,DEL01-SC,UOP01-DEL01-SC,2022
"454976,0",2022-06-10,sexta-feira,08:10:00,SC,101,"208,0",SAO JOSE,Acumulo de areia ou detritos sobre o pavimento,Queda de ocupante de veículo,Com Vítimas Feridas,Pleno dia,Decrescente,Nublado,Simples,Reta,Sim,1,0,1,0,0,0,1,1,-27.60327979,-48.63201818,SPRF-SC,DEL01-SC,UOP01-DEL01-SC,2022
"454999,0",2022-06-10,sexta-feira,12:30:00,SC,470,"54,5",BLUMENAU,Desrespeitar a preferência no cruzamento,Colisão transversal,Com Vítimas Feridas,Pleno dia,Crescente,Nublado,Simples,Interseção de Vias,Sim,3,0,1,1,1,0,2,2,-26.871065,-49.110374,SPRF-SC,DEL04-SC,UOP01-DEL04-SC,2022
"455018,0",2022-06-10,sexta-feira,10:00:00,SC,101,"53,0",JOINVILLE,Demais falhas mecânicas ou elétricas,Tombamento,Com Vítimas Feridas,Pleno dia,Crescente,Céu Claro,Dupla,Reta,Não,1,0,1,0,0,0,1,1,-26.40231201,-48.83969703,SPRF-SC,DEL03-SC,UOP01-DEL03-SC,2022
"455043,0",2022-06-10,sexta-feira,17:05:00,SC,280,"30,0",ARAQUARI,Condutor deixou de manter distância do veículo da frente,Colisão traseira,Com Vítimas Feridas,Anoitecer,Crescente,Céu Claro,Simples,Reta,Não,2,0,0,1,1,0,1,2,-26.4141523,-48.76209493,SPRF-SC,DEL03-SC,UOP03-DEL03-SC,2022
"455055,0",2022-06-10,sexta-feira,18:00:00,SC,101,"138,0",BALNEARIO CAMBORIU,Ausência de reação do condutor,Colisão traseira,Com Vítimas Feridas,Plena Noite,Decrescente,Céu Claro,Dupla,Reta,Sim,4,0,1,0,3,0,1,3,-27.02397426,-48.60761649,SPRF-SC,DEL04-SC,UOP03-DEL04-SC,2022
"455057,0",2022-06-10,sexta-feira,18:00:00,SC,280,"251,0",CANOINHAS,Velocidade Incompatível,Queda de ocupante de veículo,Com Vítimas Feridas,Plena Noite,Crescente,Ignorado,Simples,Reta,Não,1,0,1,0,0,0,1,1,-26.25669092,-50.55239702,SPRF-SC,DEL06-SC,UOP04-DEL06-SC,2022
"455061,0",2022-06-10,sexta-feira,08:05:00,SC,280,"81,2",CORUPA,Demais falhas mecânicas ou elétricas,Atropelamento de Pedestre,Com Vítimas Feridas,Pleno dia,Decrescente,Céu Claro,Simples,Aclive,Não,2,0,0,1,1,0,1,2,-26.44057489,-49.217056,SPRF-SC,DEL06-SC,UOP03-DEL06-SC,2022
"455062,0",2022-06-10,sexta-feira,18:15:00,SC,282,"463,0",PONTE SERRADA,Acessar a via sem observar a presença dos outros veículos,Colisão transversal,Com Vítimas Feridas,Plena Noite,Crescente,Céu Claro,Simples,Rotatória,Sim,3,0,1,0,2,0,1,2,-26.855036,-52.059551,SPRF-SC,DEL07-SC,UOP04-DEL07-SC,2022
"455077,0",2022-06-10,sexta-feira,19:20:00,SC,280,"24,4",ARAQUARI,Acessar a via sem observar a presença dos outros veículos,Colisão transversal,Sem Vítimas,Plena Noite,Decrescente,Nublado,Simples,Reta,Sim,3,0,0,0,3,0,0,3,-26.37724921,-48.71953282,SPRF-SC,DEL03-SC,UOP03-DEL03-SC,2022
"455085,0",2022-06-10,sexta-feira,21:00:00,SC,101,"36,0",JOINVILLE,Ingestão de álcool pelo condutor,Colisão com objeto,Sem Vítimas,Plena Noite,Crescente,Céu Claro,Dupla,Reta,Não,1,0,0,0,1,0,0,1,-26.27354867,-48.89428854,SPRF-SC,DEL03-SC,UOP01-DEL03-SC,2022
"455091,0",2022-06-10,sexta-feira,19:50:00,SC,282,"415,6",CATANDUVAS,Ingestão de álcool pelo condutor,Colisão traseira,Sem Vítimas,Plena Noite,Crescente,Nublado,Simples,Reta,Não,3,0,0,0,3,0,0,2,-27.039997,-51.708958,SPRF-SC,DEL07-SC,UOP05-DEL07-SC,2022
"455107,0",2022-06-10,sexta-feira,18:55:00,SC,280,"24,4",ARAQUARI,Condutor deixou de manter distância do veículo da frente,Colisão traseira,Sem Vítimas,Plena Noite,Crescente,Céu Claro,Simples,Reta,Sim,3,0,0,0,3,0,0,2,-26.37724921,-48.71953282,SPRF-SC,DEL03-SC,UOP03-DEL03-SC,2022
"455108,0",2022-06-10,sexta-feira,21:10:00,SC,280,"22,1",ARAQUARI,Conversão proibida,Colisão lateral sentido oposto,Com Vítimas Feridas,Plena Noite,Crescente,Nublado,Simples,Reta,Não,5,0,4,1,0,0,5,2,-26.37118576,-48.70695233,SPRF-SC,DEL03-SC,UOP03-DEL03-SC,2022
"455115,0",2022-06-11,sábado,00:00:00,SC,101,"342,0",TUBARAO,Ausência de reação do condutor,Tombamento,Com Vítimas Feridas,Plena Noite,Decrescente,Céu Claro,Simples,Reta,Sim,1,0,0,1,0,0,1,1,-28.51875992,-49.05388322,SPRF-SC,DEL02-SC,UOP01-DEL02-SC,2022
"455127,0",2022-06-11,sábado,02:30:00,SC,480,"124,0",CHAPECO,Ingestão de álcool pelo condutor,Colisão com objeto,Sem Vítimas,Plena Noite,Decrescente,Céu Claro,Dupla,Reta,Não,1,0,0,0,1,0,0,1,-27.00359519,-52.64391044,SPRF-SC,DEL07-SC,UOP01-DEL07-SC,2022
"455128,0",2022-06-11,sábado,02:43:00,SC,101,"321,0",PESCARIA BRAVA,Ingestão de álcool pelo condutor,Saída de leito carroçável,Sem Vítimas,Plena Noite,Decrescente,Nublado,Simples,Reta,Não,1,0,0,0,1,0,0,1,-28.42636,-48.9066,SPRF-SC,DEL02-SC,UOP01-DEL02-SC,2022
"455130,0",2022-06-11,sábado,01:50:00,SC,280,"66,0",JARAGUA DO SUL,Desrespeitar a preferência no cruzamento,Colisão transversal,Sem Vítimas,Plena Noite,Decrescente,Céu Claro,Simples,Rotatória,Sim,2,0,0,0,1,1,0,2,-26.47802633,-49.03894425,SPRF-SC,DEL03-SC,UOP03-DEL03-SC,2022
"455132,0",2022-06-11,sábado,02:30:00,SC,0,"0,0",LAGES,Iluminação deficiente,Colisão com objeto,Sem Vítimas,Plena Noite,Não Informado,Nublado,Simples,Reta,Sim,2,0,0,0,2,0,0,1,-27.816131,-50.372479,SPRF-SC,DEL05-SC,UOP02-DEL05-SC,2022
"455141,0",2022-06-11,sábado,03:30:00,SC,101,"207,0",SAO JOSE,Condutor Dormindo,Colisão com objeto,Com Vítimas Feridas,Plena Noite,Crescente,Nublado,Dupla,Curva,Sim,1,0,1,0,0,0,1,1,-27.60001226,-48.6226467,SPRF-SC,DEL01-SC,UOP01-DEL01-SC,2022
"455156,0",2022-06-10,sexta-feira,22:00:00,SC,101,"116,5",ITAJAI,Velocidade Incompatível,Colisão com objeto,Sem Vítimas,Plena Noite,Decrescente,Céu Claro,Dupla,Reta,Não,1,0,0,0,0,1,0,1,-26.87905605,-48.72603512,SPRF-SC,DEL04-SC,UOP04-DEL04-SC,2022
"455169,0",2022-06-11,sábado,08:10:00,SC,101,"200,9",SAO JOSE,Ingestão de álcool pelo condutor,Colisão traseira,Sem Vítimas,Pleno dia,Decrescente,Céu Claro,Múltipla,Reta,Sim,3,0,0,0,2,1,0,3,-27.54018513,-48.62287714,SPRF-SC,DEL01-SC,UOP01-DEL01-SC,2022
"455185,0",2022-05-23,segunda-feira,00:20:00,SC,282,"16,6",PALHOCA,Ingestão de álcool pelo condutor,Saída de leito carroçável,Com Vítimas Feridas,Plena Noite,Decrescente,Nublado,Simples,Reta,Sim,1,0,0,1,0,0,1,1,-27.658611,-48.681847,SPRF-SC,DEL01-SC,UOP02-DEL01-SC,2022
"455188,0",2022-06-11,sábado,11:30:00,SC,101,"146,0",ITAPEMA,Reação tardia ou ineficiente do condutor,Colisão traseira,Com Vítimas Feridas,Pleno dia,Decrescente,Sol,Múltipla,Reta,Sim,3,0,1,0,2,0,1,2,-27.08666525,-48.60955587,SPRF-SC,DEL04-SC,UOP03-DEL04-SC,2022
"455208,0",2022-06-11,sábado,13:20:00,SC,282,"17,8",PALHOCA,Conversão proibida,Colisão transversal,Com Vítimas Feridas,Pleno dia,Crescente,Céu Claro,Simples,Interseção de Vias,Não,2,0,0,1,1,0,1,2,-27.665707,-48.688065,SPRF-SC,DEL01-SC,UOP02-DEL01-SC,2022
"455209,0",2022-06-11,sábado,13:00:00,SC,101,"362,7",SANGAO,Ausência de reação do condutor,Colisão lateral mesmo sentido,Com Vítimas Feridas,Pleno dia,Decrescente,Céu Claro,Dupla,Aclive,Não,4,0,0,1,3,0,1,2,-28.67136197,-49.12225505,SPRF-SC,DEL02-SC,UOP01-DEL02-SC,2022
"455224,0",2022-06-11,sábado,16:10:00,SC,280,"49,0",GUARAMIRIM,Acessar a via sem observar a presença dos outros veículos,Colisão transversal,Com Vítimas Feridas,Pleno dia,Crescente,Céu Claro,Simples,Em Obras,Sim,3,0,2,0,1,0,2,2,-26.45850039,-48.93692786,SPRF-SC,DEL03-SC,UOP03-DEL03-SC,2022
"455231,0",2022-06-11,sábado,15:50:00,SC,101,"166,0",TIJUCAS,Demais falhas mecânicas ou elétricas,Tombamento,Com Vítimas Feridas,Pleno dia,Crescente,Nublado,Dupla,Reta,Não,2,0,2,0,0,0,2,1,-27.26147697,-48.63180349,SPRF-SC,DEL04-SC,UOP03-DEL04-SC,2022
"455253,0",2022-06-11,sábado,19:00:00,SC,280,"129,0",RIO NEGRINHO,Acesso irregular,Colisão transversal,Sem Vítimas,Plena Noite,Crescente,Céu Claro,Simples,Aclive,Não,7,0,0,0,7,0,0,2,-26.24586437,-49.52284615,SPRF-SC,DEL06-SC,UOP03-DEL06-SC,2022
"455256,0",2022-06-11,sábado,19:00:00,SC,280,"32,0",ARAQUARI,Acesso irregular,Colisão transversal,Com Vítimas Feridas,Plena Noite,Crescente,Céu Claro,Simples,Reta,Sim,2,0,1,0,1,0,1,2,-26.420618,-48.779335,SPRF-SC,DEL03-SC,UOP03-DEL03-SC,2022
"455271,0",2022-06-11,sábado,21:15:00,SC,101,"217,0",PALHOCA,Ausência de reação do condutor,Colisão transversal,Com Vítimas Feridas,Plena Noite,Decrescente,Céu Claro,Múltipla,Reta,Sim,2,0,0,1,1,0,1,2,-27.66779034,-48.67393586,SPRF-SC,DEL01-SC,UOP02-DEL01-SC,2022
"455276,0",2022-06-11,sábado,16:50:00,SC,282,"164,4",BOM RETIRO,Reação tardia ou ineficiente do condutor,Saída de leito carroçável,Com Vítimas Feridas,Pleno dia,Crescente,Céu Claro,Simples,Curva;Declive,Não,2,0,2,0,0,0,2,1,-27.733187,-49.792793,SPRF-SC,DEL05-SC,UOP01-DEL05-SC,2022
"455311,0",2022-06-12,domingo,01:30:00,SC,101,"65,7",ARAQUARI,Velocidade Incompatível,Saída de leito carroçável,Com Vítimas Feridas,Plena Noite,Crescente,Céu Claro,Dupla,Curva,Não,1,0,0,1,0,0,1,1,-26.47135714,-48.74457217,SPRF-SC,DEL03-SC,UOP02-DEL03-SC,2022
"455314,0",2022-06-12,domingo,02:10:00,SC,101,"201,0",SAO JOSE,Ausência de reação do condutor,Colisão com objeto,Com Vítimas Feridas,Plena Noite,Crescente,Nublado,Dupla,Reta,Sim,3,0,0,1,2,0,1,3,-27.54658756,-48.62019628,SPRF-SC,DEL01-SC,UOP01-DEL01-SC,2022
"455315,0",2022-06-12,domingo,01:30:00,SC,101,"57,8",ARAQUARI,Velocidade Incompatível,Saída de leito carroçável,Sem Vítimas,Plena Noite,Crescente,Nublado,Dupla,Reta,Não,1,0,0,0,0,1,0,1,-26.43646093,-48.81113029,SPRF-SC,DEL03-SC,UOP01-DEL03-SC,2022
"455329,0",2022-06-12,domingo,04:40:00,SC,101,"1,0",GARUVA,Ingestão de álcool pelo condutor,Saída de leito carroçável,Com Vítimas Fatais,Plena Noite,Crescente,Céu Claro,Dupla,Reta;Declive,Não,1,1,0,0,0,0,0,1,-25.98895627,-48.88356133,SPRF-SC,DEL03-SC,UOP01-DEL03-SC,2022
"455334,0",2022-06-12,domingo,03:00:00,SC,101,"211,8",PALHOCA,Ingestão de álcool pelo condutor,Saída de leito carroçável,Com Vítimas Feridas,Plena Noite,Decrescente,Céu Claro,Múltipla,Reta,Sim,2,0,1,0,1,0,1,2,-27.62329313,-48.65245588,SPRF-SC,DEL01-SC,UOP02-DEL01-SC,2022
"455338,0",2022-06-12,domingo,04:50:00,SC,101,"367,1",ICARA,Condutor Dormindo,Saída de leito carroçável,Sem Vítimas,Plena Noite,Decrescente,Céu Claro,Dupla,Aclive;Curva,Não,1,0,0,0,0,1,0,1,-28.69145778,-49.16484911,SPRF-SC,DEL02-SC,UOP01-DEL02-SC,2022
"455349,0",2022-06-12,domingo,05:00:00,SC,282,"562,4",NOVA ERECHIM,Reação tardia ou ineficiente do condutor,Saída de leito carroçável,Com Vítimas Feridas,Plena Noite,Crescente,Nevoeiro/Neblina,Dupla,Curva,Não,1,0,1,0,0,0,1,1,-26.911108,-52.865475,SPRF-SC,DEL07-SC,UOP02-DEL07-SC,2022
"455355,0",2022-06-12,domingo,05:10:00,SC,282,"237,4",SAO JOSE DO CERRITO,Ingestão de álcool pelo condutor,Colisão frontal,Com Vítimas Feridas,Amanhecer,Crescente,Nevoeiro/Neblina,Simples,Curva,Não,4,0,0,1,2,1,1,2,-27.785622,-50.491371,SPRF-SC,DEL05-SC,UOP02-DEL05-SC,2022
"455357,0",2022-06-12,domingo,06:00:00,SC,470,"58,9",BLUMENAU,Reação tardia ou ineficiente do condutor,Colisão frontal,Sem Vítimas,Amanhecer,Crescente,Céu Claro,Simples,Curva,Não,5,0,0,0,5,0,0,3,-26.883879,-49.145622,SPRF-SC,DEL04-SC,UOP01-DEL04-SC,2022
"455385,0",2022-06-12,domingo,11:10:00,SC,470,"67,0",INDAIAL,Velocidade Incompatível,Tombamento,Com Vítimas Feridas,Pleno dia,Crescente,Céu Claro,Simples,Reta,Sim,2,0,1,1,0,0,2,1,-26.872158,-49.23127,SPRF-SC,DEL04-SC,UOP01-DEL04-SC,2022
"455395,0",2022-06-12,domingo,10:30:00,SC,282,"406,0",CATANDUVAS,Reação tardia ou ineficiente do condutor,Colisão transversal,Sem Vítimas,Pleno dia,Crescente,Céu Claro,Simples,Rotatória,Não,2,0,0,0,2,0,0,2,-27.092703,-51.659904,SPRF-SC,DEL07-SC,UOP05-DEL07-SC,2022
"455418,0",2022-06-12,domingo,14:29:00,SC,480,"129,0",CHAPECO,Velocidade Incompatível,Colisão frontal,Sem Vítimas,Pleno dia,Decrescente,Céu Claro,Simples,Declive,Sim,2,0,0,0,2,0,0,2,-27.04656607,-52.63577131,SPRF-SC,DEL07-SC,UOP01-DEL07-SC,2022
"455429,0",2022-06-12,domingo,16:40:00,SC,282,"26,0",SANTO AMARO DA IMPERATRIZ,Conversão proibida,Colisão transversal,Com Vítimas Feridas,Anoitecer,Crescente,Céu Claro,Simples,Reta,Sim,2,0,1,0,1,0,1,2,-27.680267,-48.762482,SPRF-SC,DEL01-SC,UOP03-DEL01-SC,2022
"455469,0",2022-06-12,domingo,19:40:00,SC,101,"206,0",SAO JOSE,Avarias e/ou desgaste excessivo no pneu,Tombamento,Com Vítimas Feridas,Plena Noite,Decrescente,Céu Claro,Múltipla,Reta,Não,1,0,1,0,0,0,1,1,-27.59193546,-48.61824557,SPRF-SC,DEL01-SC,UOP01-DEL01-SC,2022
"455471,0",2022-06-12,domingo,20:05:00,SC,101,"462,0",PASSO DE TORRES,Ultrapassagem Indevida,Saída de leito carroçável,Com Vítimas Feridas,Plena Noite,Crescente,Céu Claro,Dupla,Reta,Não,2,0,0,2,0,0,2,1,-29.27577495,-49.75499332,SPRF-RS,DEL03-RS,UOP02-DEL03-RS,2022
"455474,0",2022-06-12,domingo,18:45:00,SC,282,"374,0",ERVAL VELHO,Reação tardia ou ineficiente do condutor,Saída de leito carroçável,Sem Vítimas,Plena Noite,Decrescente,Céu Claro,Simples,Curva,Sim,1,0,0,0,1,0,0,1,-27.24283079,-51.44805193,SPRF-SC,DEL07-SC,UOP05-DEL07-SC,2022
"455483,0",2022-06-12,domingo,19:28:00,SC,101,"345,0",TUBARAO,Velocidade Incompatível,Saída de leito carroçável,Com Vítimas Feridas,Plena Noite,Decrescente,Céu Claro,Dupla,Reta,Não,4,0,1,2,0,1,3,2,-28.5555572,-49.05419111,SPRF-SC,DEL02-SC,UOP01-DEL02-SC,2022
"455491,0",2022-06-12,domingo,21:50:00,SC,101,"137,0",BALNEARIO CAMBORIU,Condutor deixou de manter distância do veículo da frente,Colisão traseira,Com Vítimas Feridas,Plena Noite,Decrescente,Céu Claro,Dupla,Reta,Sim,2,0,1,1,0,0,2,1,-27.0157238,-48.61192763,SPRF-SC,DEL04-SC,UOP03-DEL04-SC,2022