id,data_inversa,dia_semana,horario,uf,br,km,municipio,causa_acidente,tipo_acidente,classificacao_acidente,fase_dia,sentido_via,condicao_metereologica,tipo_pista,tracado_via,uso_solo,pessoas,mortos,feridos_leves,feridos_graves,ilesos,ignorados,feridos,veiculos,latitude,longitude,regional,delegacia,uop,ano_arquivo
"461445,0",2022-07-13,quarta-feira,10:30:00,SC,101,"143,0",ITAPEMA,Demais falhas mecânicas ou elétricas,Tombamento,Com Vítimas Feridas,Pleno dia,Crescente,Nublado,Dupla,Reta,Sim,2,0,2,0,0,0,2,1,-27.06436,-48.59599405,SPRF-SC,DEL04-SC,UOP03-DEL04-SC,2022
"461449,0",2022-07-13,quarta-feira,07:15:00,SC,101,"357,9",SANGAO,Ingestão de álcool pelo condutor,Saída de leito carroçável,Com Vítimas Feridas,Pleno dia,Decrescente,Céu Claro,Dupla,Reta,Sim,2,0,1,0,1,0,1,1,-28.635168,-49.09467,SPRF-SC,DEL02-SC,UOP01-DEL02-SC,2022
"461467,0",2022-07-13,quarta-feira,13:40:00,SC,282,"16,0",PALHOCA,Acessar a via sem observar a presença dos outros veículos,Colisão transversal,Com Vítimas Feridas,Pleno dia,Crescente,Nublado,Simples,Reta,Sim,2,0,1,0,1,0,1,2,-27.658611,-48.681847,SPRF-SC,DEL01-SC,UOP02-DEL01-SC,2022
"461516,0",2022-07-13,quarta-feira,18:30:00,SC,163,"70,4",SAO MIGUEL DO OESTE,Acessar a via sem observar a presença dos outros veículos,Colisão transversal,Com Vítimas Feridas,Anoitecer,Decrescente,Céu Claro,Dupla,Interseção de Vias;Curva,Sim,3,0,1,0,2,0,1,2,-26.73261781,-53.50999475,SPRF-SC,DEL07-SC,UOP03-DEL07-SC,2022
"461569,0",2022-07-14,quinta-feira,06:40:00,SC,101,"204,2",SAO JOSE,Trafegar com motocicleta (ou similar) entre as faixas,Queda de ocupante de veículo,Com Vítimas Feridas,Amanhecer,Crescente,Nublado,Múltipla,Reta,Não,1,0,1,0,0,0,1,1,-27.57413014,-48.61363083,SPRF-SC,DEL01-SC,UOP01-DEL01-SC,2022
"461574,0",2022-07-14,quinta-feira,06:45:00,SC,480,"127,8",CHAPECO,Ausência de reação do condutor,Colisão transversal,Com Vítimas Feridas,Amanhecer,Crescente,Garoa/Chuvisco,Simples,Interseção de Vias,Sim,2,0,1,0,1,0,1,2,-27.02885905,-52.63380035,SPRF-SC,DEL07-SC,UOP01-DEL07-SC,2022
"461578,0",2022-07-14,quinta-feira,06:51:00,SC,101,"208,8",SAO JOSE,Mal súbito do condutor,Colisão traseira,Com Vítimas Feridas,Pleno dia,Decrescente,Nublado,Múltipla,Reta,Não,2,0,0,1,1,0,1,2,-27.60327979,-48.63201818,SPRF-SC,DEL01-SC,UOP01-DEL01-SC,2022
"461583,0",2022-07-14,quinta-feira,06:53:00,SC,101,"119,0",ITAJAI,Acesso irregular,Colisão lateral mesmo sentido,Com Vítimas Fatais,Pleno dia,Crescente,Chuva,Dupla,Interseção de Vias;Reta,Sim,2,1,0,0,0,1,0,2,-26.9043179,-48.71555481,SPRF-SC,DEL04-SC,UOP04-DEL04-SC,2022
"461611,0",2022-07-14,quinta-feira,09:55:00,SC,101,"5,5",SAO JOSE,Pista Escorregadia,Tombamento,Com Vítimas Feridas,Pleno dia,Decrescente,Chuva,Dupla,Aclive;Curva,Sim,1,0,1,0,0,0,1,1,-27.58443865,-48.61718416,SPRF-SC,DEL03-SC,UOP01-DEL03-SC,2022
"461625,0",2022-07-14,quinta-feira,08:10:00,SC,282,"21,4",SANTO AMARO DA IMPERATRIZ,Frear bruscamente,Queda de ocupante de veículo,Com Vítimas Feridas,Pleno dia,Decrescente,Chuva,Simples,Reta,Não,2,0,1,0,0,1,1,2,-27.68907,-48.717541,SPRF-SC,DEL01-SC,UOP02-DEL01-SC,2022
"461637,0",2022-07-14,quinta-feira,09:50:00,SC,280,"114,0",SAO BENTO DO SUL,Desrespeitar a preferência no cruzamento,Colisão transversal,Com Vítimas Feridas,Pleno dia,Decrescente,Céu Claro,Simples,Reta,Não,2,0,1,0,1,0,1,2,-26.29151133,-49.40301807,SPRF-SC,DEL06-SC,UOP03-DEL06-SC,2022
"461644,0",2022-07-14,quinta-feira,13:40:00,SC,282,"64,6",RANCHO QUEIMADO,Chuva,Tombamento,Com Vítimas Feridas,Pleno dia,Crescente,Chuva,Simples,Curva,Não,1,0,1,0,0,0,1,1,-27.696323,-49.052456,SPRF-SC,DEL01-SC,UOP03-DEL01-SC,2022
"461648,0",2022-07-14,quinta-feira,12:40:00,SC,116,"167,3",PONTE ALTA DO NORTE,Reação tardia ou ineficiente do condutor,Atropelamento de Pedestre,Com Vítimas Fatais,Pleno dia,Decrescente,Garoa/Chuvisco,Múltipla,Reta,Sim,2,1,0,0,1,0,0,2,-27.16747793,-50.46511889,SPRF-SC,DEL05-SC,UOP03-DEL05-SC,2022
"461688,0",2022-07-14,quinta-feira,15:30:00,SC,282,"308,0",VARGEM,Curva acentuada,Saída de leito carroçável,Com Vítimas Feridas,Pleno dia,Crescente,Nublado,Simples,Curva,Não,2,0,1,1,0,0,2,1,-27.49292,-50.971973,SPRF-SC,DEL07-SC,UOP06-DEL07-SC,2022
"461716,0",2022-07-14,quinta-feira,19:50:00,SC,470,"119,2",IBIRAMA,Ausência de reação do condutor,Colisão com objeto,Sem Vítimas,Plena Noite,Decrescente,Garoa/Chuvisco,Simples,Curva;Declive,Sim,3,0,0,0,3,0,0,2,-27.083315,-49.52063799,SPRF-SC,DEL04-SC,UOP02-DEL04-SC,2022
"461743,0",2022-07-15,sexta-feira,06:00:00,SC,101,"224,0",PALHOCA,Chuva,Tombamento,Com Vítimas Feridas,Amanhecer,Decrescente,Nublado,Múltipla,Reta,Não,1,0,1,0,0,0,1,1,-27.72384789,-48.64386769,SPRF-SC,DEL01-SC,UOP02-DEL01-SC,2022
"461747,0",2022-07-15,sexta-feira,06:50:00,SC,101,"198,2",BIGUACU,Condutor deixou de manter distância do veículo da frente,Colisão traseira,Sem Vítimas,Amanhecer,Crescente,Nublado,Múltipla,Reta,Sim,3,0,0,0,3,0,0,2,-27.52658712,-48.63506019,SPRF-SC,DEL01-SC,UOP01-DEL01-SC,2022
"461754,0",2022-07-15,sexta-feira,07:20:00,SC,101,"198,2",BIGUACU,Pista Escorregadia,Tombamento,Com Vítimas Feridas,Pleno dia,Crescente,Nublado,Múltipla,Reta,Sim,1,0,1,0,0,0,1,1,-27.52658712,-48.63506019,SPRF-SC,DEL01-SC,UOP01-DEL01-SC,2022
"461764,0",2022-07-15,sexta-feira,08:20:00,SC,101,"203,5",SAO JOSE,Acessar a via sem observar a presença dos outros veículos,Tombamento,Com Vítimas Feridas,Pleno dia,Decrescente,Nublado,Simples,Reta,Sim,2,0,1,0,1,0,1,2,-27.5650044,-48.61460082,SPRF-SC,DEL01-SC,UOP01-DEL01-SC,2022
"461793,0",2022-07-15,sexta-feira,12:15:00,SC,101,"86,0",BARRA VELHA,Ausência de reação do condutor,Colisão transversal,Com Vítimas Feridas,Pleno dia,Decrescente,Sol,Dupla,Retorno Regulamentado,Sim,2,0,1,0,1,0,1,2,-26.63277317,-48.70232513,SPRF-SC,DEL03-SC,UOP02-DEL03-SC,2022
"461816,0",2022-07-15,sexta-feira,14:30:00,SC,470,"56,0",BLUMENAU,Ausência de reação do condutor,Colisão transversal,Com Vítimas Feridas,Pleno dia,Decrescente,Céu Claro,Simples,Reta,Não,3,0,2,1,0,0,3,2,-26.87674,-49.127743,SPRF-SC,DEL04-SC,UOP01-DEL04-SC,2022
"461833,0",2022-07-15,sexta-feira,16:45:00,SC,101,"148,7",ITAPEMA,Acessar a via sem observar a presença dos outros veículos,Colisão transversal,Com Vítimas Feridas,Pleno dia,Decrescente,Nublado,Dupla,Interseção de Vias,Sim,2,0,1,0,1,0,1,2,-27.10123686,-48.61807962,SPRF-SC,DEL04-SC,UOP03-DEL04-SC,2022
"461836,0",2022-07-15,sexta-feira,16:15:00,SC,470,"162,1",TROMBUDO CENTRAL,Manobra de mudança de faixa,Tombamento,Com Vítimas Feridas,Pleno dia,Crescente,Nublado,Simples,Reta,Não,1,0,1,0,0,0,1,1,-27.280844,-49.819707,SPRF-SC,DEL04-SC,UOP02-DEL04-SC,2022
"461855,0",2022-07-15,sexta-feira,18:15:00,SC,280,"164,9",MAFRA,Condutor deixou de manter distância do veículo da frente,Colisão transversal,Com Vítimas Feridas,Plena Noite,Crescente,Céu Claro,Simples,Reta,Sim,2,0,1,0,1,0,1,2,-26.19131398,-49.80487298,SPRF-SC,DEL06-SC,UOP01-DEL06-SC,2022
"461864,0",2022-07-10,domingo,09:30:00,SC,470,"136,8",RIO DO SUL,Reação tardia ou ineficiente do condutor,Atropelamento de Pedestre,Com Vítimas Feridas,Pleno dia,Decrescente,Céu Claro,Múltipla,Reta;Em Obras,Sim,2,0,1,0,1,0,1,2,-27.2017865,-49.6330683,SPRF-SC,DEL04-SC,UOP02-DEL04-SC,2022
"461871,0",2022-07-15,sexta-feira,19:15:00,SC,101,"127,0",ITAJAI,Demais falhas mecânicas ou elétricas,Tombamento,Sem Vítimas,Plena Noite,Decrescente,Céu Claro,Dupla,Curva,Não,1,0,0,0,1,0,0,1,-26.9639319,-48.68328024,SPRF-SC,DEL04-SC,UOP04-DEL04-SC,2022
"461887,0",2022-07-15,sexta-feira,20:25:00,SC,101,"151,4",ITAPEMA,Reação tardia ou ineficiente do condutor,Colisão traseira,Sem Vítimas,Plena Noite,Decrescente,Céu Claro,Dupla,Reta,Sim,2,0,0,0,2,0,0,2,-27.126536,-48.609642,SPRF-SC,DEL04-SC,UOP03-DEL04-SC,2022
"461890,0",2022-07-15,sexta-feira,21:50:00,SC,282,"1,0",FLORIANOPOLIS,Pedestre andava na pista,Atropelamento de Pedestre,Sem Vítimas,Plena Noite,Decrescente,Céu Claro,Múltipla,Declive,Sim,1,0,0,0,1,0,0,1,-27.602955,-48.580509,SPRF-SC,DEL01-SC,UOP01-DEL01-SC,2022
"461892,0",2022-07-15,sexta-feira,17:45:00,SC,101,"433,8",SOMBRIO,Acessar a via sem observar a presença dos outros veículos,Colisão frontal,Com Vítimas Feridas,Anoitecer,Crescente,Nublado,Simples,Interseção de Vias,Sim,2,0,1,0,1,0,1,2,-29.08200809,-49.6297237,SPRF-SC,DEL02-SC,UOP02-DEL02-SC,2022
"461893,0",2022-07-15,sexta-feira,21:52:00,SC,101,"193,9",BIGUACU,Ausência de reação do condutor,Colisão traseira,Sem Vítimas,Plena Noite,Crescente,Nublado,Múltipla,Reta,Sim,3,0,0,0,3,0,0,2,-27.489574,-48.655914,SPRF-SC,DEL01-SC,UOP01-DEL01-SC,2022
"461898,0",2022-07-15,sexta-feira,21:55:00,SC,470,"3,8",NAVEGANTES,Ingestão de álcool pelo condutor,Saída de leito carroçável,Com Vítimas Feridas,Plena Noite,Decrescente,Nublado,Dupla,Em Obras,Sim,1,0,1,0,0,0,1,1,-26.855688,-48.700333,SPRF-SC,DEL04-SC,UOP04-DEL04-SC,2022
"461932,0",2022-07-16,sábado,01:50:00,SC,101,"183,0",BIGUACU,Ausência de reação do condutor,Saída de leito carroçável,Sem Vítimas,Plena Noite,Crescente,Céu Claro,Dupla,Reta,Não,1,0,0,0,1,0,0,1,-27.40688892,-48.6285296,SPRF-SC,DEL01-SC,UOP01-DEL01-SC,2022
"461952,0",2022-07-16,sábado,06:50:00,SC,101,"201,0",SAO JOSE,Condutor Dormindo,Saída de leito carroçável,Sem Vítimas,Amanhecer,Decrescente,Nublado,Múltipla,Reta,Sim,1,0,0,0,1,0,0,1,-27.54836599,-48.61977975,SPRF-SC,DEL01-SC,UOP01-DEL01-SC,2022
"461954,0",2022-07-16,sábado,07:10:00,SC,282,"16,4",PALHOCA,Acessar a via sem observar a presença dos outros veículos,Colisão transversal,Com Vítimas Feridas,Pleno dia,Crescente,Nublado,Simples,Interseção de Vias,Sim,2,0,0,1,1,0,1,2,-27.658611,-48.681847,SPRF-SC,DEL01-SC,UOP02-DEL01-SC,2022
"461966,0",2022-07-16,sábado,07:50:00,SC,101,"23,0",JOINVILLE,Ingestão de álcool pelo condutor,Saída de leito carroçável,Sem Vítimas,Pleno dia,Crescente,Céu Claro,Simples,Reta,Não,1,0,0,0,1,0,0,1,-26.16582501,-48.90742427,SPRF-SC,DEL03-SC,UOP01-DEL03-SC,2022
"461980,0",2022-07-16,sábado,08:30:00,SC,470,"141,9",RIO DO SUL,Acessar a via sem observar a presença dos outros veículos,Colisão lateral mesmo sentido,Com Vítimas Feridas,Pleno dia,Crescente,Nublado,Simples,Interseção de Vias,Sim,2,0,1,0,1,0,1,2,-27.226065,-49.666161,SPRF-SC,DEL04-SC,UOP02-DEL04-SC,2022
"461985,0",2022-07-16,sábado,09:17:00,SC,101,"3,0",GARUVA,Manobra de mudança de faixa,Colisão lateral mesmo sentido,Com Vítimas Feridas,Pleno dia,Decrescente,Nublado,Dupla,Reta,Não,2,0,1,0,0,1,1,2,-26.00380807,-48.87233005,SPRF-SC,DEL03-SC,UOP01-DEL03-SC,2022
"461992,0",2022-07-16,sábado,08:10:00,SC,470,"243,7",CURITIBANOS,Ingestão de álcool pelo condutor,Colisão lateral sentido oposto,Com Vítimas Feridas,Pleno dia,Decrescente,Chuva,Simples,Curva,Não,3,0,2,0,1,0,2,2,-27.315144,-50.506874,SPRF-SC,DEL05-SC,UOP03-DEL05-SC,2022
"461996,0",2022-07-16,sábado,08:50:00,SC,470,"234,7",SAO CRISTOVAO DO SUL,Velocidade Incompatível,Capotamento,Com Vítimas Feridas,Pleno dia,Crescente,Chuva,Simples,Curva,Não,2,0,2,0,0,0,2,1,-27.30125926,-50.44458389,SPRF-SC,DEL05-SC,UOP03-DEL05-SC,2022
"462022,0",2022-07-16,sábado,09:40:00,SC,470,"63,1",INDAIAL,Trafegar com motocicleta (ou similar) entre as faixas,Colisão lateral mesmo sentido,Sem Vítimas,Pleno dia,Crescente,Nublado,Simples,Reta,Sim,2,0,0,0,1,1,0,2,-26.87185313,-49.19511622,SPRF-SC,DEL04-SC,UOP01-DEL04-SC,2022
"462030,0",2022-07-16,sábado,13:45:00,SC,282,"47,8",AGUAS MORNAS,Transitar na contramão,Colisão frontal,Com Vítimas Feridas,Pleno dia,Decrescente,Chuva,Simples,Curva,Não,6,0,5,1,0,0,6,2,-27.721771,-48.934837,SPRF-SC,DEL01-SC,UOP03-DEL01-SC,2022
"462040,0",2022-07-16,sábado,16:50:00,SC,280,"54,0",GUARAMIRIM,Reação tardia ou ineficiente do condutor,Colisão traseira,Sem Vítimas,Pleno dia,Crescente,Céu Claro,Dupla,Reta,Sim,2,0,0,0,2,0,0,2,-26.47539893,-48.983748,SPRF-SC,DEL03-SC,UOP03-DEL03-SC,2022
"462042,0",2022-07-16,sábado,16:00:00,SC,101,"230,4",PALHOCA,Demais falhas mecânicas ou elétricas,Incêndio,Sem Vítimas,Pleno dia,Crescente,Nublado,Múltipla,Aclive,Não,1,0,0,0,1,0,0,1,-27.77781898,-48.63489608,SPRF-SC,DEL01-SC,UOP02-DEL01-SC,2022
"462055,0",2022-07-16,sábado,18:20:00,SC,101,"119,0",ITAJAI,Reação tardia ou ineficiente do condutor,Tombamento,Com Vítimas Feridas,Anoitecer,Crescente,Céu Claro,Múltipla,Interseção de Vias,Sim,2,0,2,0,0,0,2,1,-26.9043179,-48.71555481,SPRF-SC,DEL04-SC,UOP04-DEL04-SC,2022
"462078,0",2022-07-16,sábado,19:30:00,SC,101,"320,0",PESCARIA BRAVA,Pedestre andava na pista,Atropelamento de Pedestre,Com Vítimas Feridas,Plena Noite,Crescente,Nublado,Simples,Reta,Sim,2,0,0,1,1,0,1,2,-28.42800492,-48.88171497,SPRF-SC,DEL02-SC,UOP01-DEL02-SC,2022
"462085,0",2022-07-16,sábado,16:25:00,SC,280,"77,8",CORUPA,Ausência de reação do condutor,Colisão traseira,Com Vítimas Feridas,Pleno dia,Decrescente,Céu Claro,Simples,Reta,Não,5,0,2,0,2,1,2,3,-26.45514314,-49.18726132,SPRF-SC,DEL06-SC,UOP03-DEL06-SC,2022
"462105,0",2022-07-16,sábado,22:15:00,SC,101,"155,0",PORTO BELO,Ausência de reação do condutor,Colisão com objeto,Com Vítimas Feridas,Plena Noite,Decrescente,Céu Claro,Dupla,Reta,Sim,1,0,0,1,0,0,1,1,-27.16292,-48.61129,SPRF-SC,DEL04-SC,UOP03-DEL04-SC,2022
"462111,0",2022-07-16,sábado,19:10:00,SC,470,"145,7",RIO DO SUL,Condutor Dormindo,Colisão frontal,Com Vítimas Feridas,Plena Noite,Crescente,Nublado,Simples,Reta,Não,3,0,1,1,1,0,2,3,-27.237301,-49.682217,SPRF-SC,DEL04-SC,UOP02-DEL04-SC,2022
"462116,0",2022-07-17,domingo,00:50:00,SC,101,"432,0",SOMBRIO,Transitar no acostamento,Colisão com objeto,Sem Vítimas,Plena Noite,Decrescente,Nublado,Dupla,Reta,Não,1,0,0,0,0,1,0,1,-29.07326609,-49.62717768,SPRF-SC,DEL02-SC,UOP02-DEL02-SC,2022
"462120,0",2022-07-17,domingo,01:30:00,SC,101,"16,0",GARUVA,Ingestão de álcool pelo condutor,Colisão com objeto,Sem Vítimas,Plena Noite,Decrescente,Céu Claro,Dupla,Reta,Não,1,0,0,0,1,0,0,1,-26.11427473,-48.87647034,SPRF-SC,DEL03-SC,UOP01-DEL03-SC,2022
"462123,0",2022-07-17,domingo,01:00:00,SC,101,"277,0",IMBITUBA,Ausência de reação do condutor,Colisão com objeto,Com Vítimas Feridas,Plena Noite,Decrescente,Céu Claro,Simples,Retorno Regulamentado,Sim,2,0,1,0,1,0,1,1,-28.15478103,-48.69265474,SPRF-SC,DEL02-SC,UOP03-DEL02-SC,2022
"462125,0",2022-07-17,domingo,01:45:00,SC,101,"89,0",BARRA VELHA,Ingestão de álcool pelo condutor,Capotamento,Com Vítimas Feridas,Plena Noite,Decrescente,Nublado,Simples,Reta,Sim,5,0,4,0,0,1,4,2,-26.65175997,-48.68721921,SPRF-SC,DEL03-SC,UOP02-DEL03-SC,2022
"462127,0",2022-07-17,domingo,01:50:00,SC,282,"504,9",XANXERE,Desrespeitar a preferência no cruzamento,Colisão transversal,Com Vítimas Feridas,Plena Noite,Decrescente,Céu Claro,Simples,Reta;Interseção de Vias,Sim,2,0,1,0,1,0,1,2,-26.884279,-52.408466,SPRF-SC,DEL07-SC,UOP01-DEL07-SC,2022
"462129,0",2022-07-17,domingo,02:50:00,SC,101,"389,0",CRICIUMA,Ausência de reação do condutor,Colisão com objeto,Sem Vítimas,Plena Noite,Crescente,Céu Claro,Dupla,Curva;Viaduto;Declive,Não,1,0,0,0,1,0,0,1,-28.80227635,-49.36465894,SPRF-SC,DEL02-SC,UOP02-DEL02-SC,2022
"462137,0",2022-07-17,domingo,05:05:00,SC,280,"75,3",JARAGUA DO SUL,Ingestão de álcool pelo condutor,Colisão frontal,Com Vítimas Feridas,Amanhecer,Crescente,Nublado,Simples,Reta,Sim,7,0,4,1,1,1,5,4,-26.47887185,-49.05937512,SPRF-SC,DEL03-SC,UOP03-DEL03-SC,2022
"462145,0",2022-07-17,domingo,06:30:00,SC,101,"199,0",BIGUACU,Ingestão de álcool pelo condutor,Colisão com objeto,Com Vítimas Feridas,Pleno dia,Crescente,Céu Claro,Dupla,Reta,Sim,2,0,1,0,1,0,1,2,-27.53413705,-48.63003205,SPRF-SC,DEL01-SC,UOP01-DEL01-SC,2022
"462148,0",2022-07-17,domingo,06:00:00,SC,101,"203,0",SAO JOSE,Condutor Dormindo,Tombamento,Com Vítimas Feridas,Amanhecer,Crescente,Céu Claro,Dupla,Reta;Declive,Sim,1,0,1,0,0,0,1,1,-27.56348647,-48.6154449,SPRF-SC,DEL01-SC,UOP01-DEL01-SC,2022
"462151,0",2022-07-16,sábado,18:00:00,SC,470,"179,3",POUSO REDONDO,Acessar a via sem observar a presença dos outros veículos,Colisão transversal,Com Vítimas Fatais,Plena Noite,Decrescente,Céu Claro,Simples,Reta,Não,6,1,3,1,0,1,4,2,-27.24834121,-49.98201549,SPRF-SC,DEL04-SC,UOP02-DEL04-SC,2022
"462153,0",2022-07-17,domingo,07:00:00,SC,101,"117,8",ITAJAI,Condutor deixou de manter distância do veículo da frente,Colisão traseira,Com Vítimas Feridas,Amanhecer,Crescente,Céu Claro,Múltipla,Reta,Sim,2,0,1,0,1,0,1,2,-26.89932427,-48.7125206,SPRF-SC,DEL04-SC,UOP04-DEL04-SC,2022
"462156,0",2022-07-17,domingo,06:00:00,SC,282,"492,0",XANXERE,Ausência de reação do condutor,Saída de leito carroçável,Sem Vítimas,Plena Noite,Decrescente,Nublado,Simples,Reta,Não,1,0,0,0,1,0,0,1,-26.871534,-52.300915,SPRF-SC,DEL07-SC,UOP01-DEL07-SC,2022
"462200,0",2022-07-17,domingo,11:15:00,SC,101,"419,0",ARARANGUA,Ultrapassagem Indevida,Colisão lateral mesmo sentido,Com Vítimas Feridas,Pleno dia,Decrescente,Céu Claro,Simples,Reta,Sim,3,0,0,1,1,1,1,3,-28.98621956,-49.54334021,SPRF-SC,DEL02-SC,UOP02-DEL02-SC,2022
"462206,0",2022-07-17,domingo,09:16:00,SC,280,"91,0",CORUPA,Reação tardia ou ineficiente do condutor,Saída de leito carroçável,Com Vítimas Feridas,Amanhecer,Decrescente,Nublado,Simples,Declive,Não,3,0,1,0,2,0,1,1,-26.40198057,-49.29053774,SPRF-SC,DEL06-SC,UOP03-DEL06-SC,2022
"462228,0",2022-07-17,domingo,15:30:00,SC,101,"203,1",SAO JOSE,Ingestão de álcool pelo condutor,Colisão lateral mesmo sentido,Sem Vítimas,Pleno dia,Crescente,Nublado,Dupla,Curva,Sim,2,0,0,0,2,0,0,2,-27.5650044,-48.61460082,SPRF-SC,DEL01-SC,UOP01-DEL01-SC,2022
"462231,0",2022-07-17,domingo,15:15:00,SC,101,"253,9",PAULO LOPES,Condutor Dormindo,Saída de leito carroçável,Com Vítimas Feridas,Pleno dia,Crescente,Nublado,Múltipla,Reta,Sim,2,0,1,0,1,0,1,1,-27.97671014,-48.6794669,SPRF-SC,DEL02-SC,UOP03-DEL02-SC,2022
"462280,0",2022-07-17,domingo,20:02:00,SC,470,"63,5",INDAIAL,Condutor deixou de manter distância do veículo da frente,Colisão traseira,Com Vítimas Feridas,Plena Noite,Decrescente,Nublado,Simples,Reta,Não,4,0,1,0,1,2,1,3,-26.872396,-49.19228,SPRF-SC,DEL04-SC,UOP01-DEL04-SC,2022
"462288,0",2022-07-17,domingo,19:00:00,SC,101,"119,0",ITAJAI,Manobra de mudança de faixa,Colisão lateral mesmo sentido,Com Vítimas Feridas,Plena Noite,Crescente,Céu Claro,Dupla,Reta,Sim,4,0,1,0,3,0,1,3,-26.9043179,-48.71555481,SPRF-SC,DEL04-SC,UOP04-DEL04-SC,2022
"462300,0",2022-07-17,domingo,20:20:00,SC,101,"345,1",TUBARAO,Reação tardia ou ineficiente do condutor,Saída de leito carroçável,Com Vítimas Feridas,Plena Noite,Decrescente,Céu Claro,Múltipla,Reta,Não,3,0,3,0,0,0,3,1,-28.54565997,-49.05345334,SPRF-SC,DEL02-SC,UOP01-DEL02-SC,2022
"462307,0",2022-07-17,domingo,20:35:00,SC,280,"229,7",CANOINHAS,Ingestão de álcool pelo condutor,Saída de leito carroçável,Sem Vítimas,Plena Noite,Decrescente,Nublado,Simples,Reta,Não,2,0,0,0,2,0,0,1,-26.18601731,-50.35213894,SPRF-SC,DEL06-SC,UOP04-DEL06-SC,2022
"462334,0",2022-07-17,domingo,23:38:00,SC,470,"66,4",INDAIAL,Ingestão de álcool pelo condutor,Queda de ocupante de veículo,Com Vítimas Feridas,Plena Noite,Crescente,Céu Claro,Simples,Rotatória;Reta,Sim,1,0,1,0,0,0,1,1,-26.87019072,-49.22752619,SPRF-SC,DEL04-SC,UOP01-DEL04-SC,2022
"462335,0",2022-07-17,domingo,23:25:00,SC,101,"13,3",GARUVA,Velocidade Incompatível,Saída de leito carroçável,Com Vítimas Feridas,Plena Noite,Decrescente,Garoa/Chuvisco,Dupla,Retorno Regulamentado;Aclive;Reta,Não,1,0,1,0,0,0,1,1,-26.11427473,-48.87647034,SPRF-SC,DEL03-SC,UOP01-DEL03-SC,2022
"462338,0",2022-07-17,domingo,11:20:00,SC,101,"202,3",SAO JOSE,Ausência de reação do condutor,Colisão traseira,Com Vítimas Feridas,Pleno dia,Decrescente,Céu Claro,Múltipla,Reta,Sim,2,0,0,1,1,0,1,2,-27.55711595,-48.61897889,SPRF-SC,DEL01-SC,UOP01-DEL01-SC,2022
"462346,0",2022-07-18,segunda-feira,00:45:00,SC,101,"219,2",PALHOCA,Ingestão de álcool pelo condutor,Colisão com objeto,Com Vítimas Feridas,Plena Noite,Crescente,Céu Claro,Simples,Curva,Sim,1,0,0,1,0,0,1,1,-27.68392194,-48.66710085,SPRF-SC,DEL01-SC,UOP02-DEL01-SC,2022
"462365,0",2022-07-17,domingo,23:30:00,SC,101,"106,0",PENHA,Condutor Dormindo,Colisão com objeto,Com Vítimas Feridas,Plena Noite,Crescente,Céu Claro,Dupla,Reta,Sim,1,0,1,0,0,0,1,1,-26.81031601,-48.68293896,SPRF-SC,DEL03-SC,UOP02-DEL03-SC,2022
"462370,0",2022-07-18,segunda-feira,07:00:00,SC,116,"7,0",MAFRA,Acumulo de óleo sobre o pavimento,Tombamento,Com Vítimas Feridas,Pleno dia,Decrescente,Céu Claro,Simples,Reta,Sim,1,0,1,0,0,0,1,1,-26.15196176,-49.83102416,SPRF-SC,DEL06-SC,UOP01-DEL06-SC,2022
"462374,0",2022-07-18,segunda-feira,07:25:00,SC,101,"212,0",PALHOCA,Ausência de reação do condutor,Colisão com objeto,Com Vítimas Feridas,Pleno dia,Decrescente,Nublado,Múltipla,Reta,Sim,1,0,1,0,0,0,1,1,-27.62996929,-48.65903871,SPRF-SC,DEL01-SC,UOP02-DEL01-SC,2022
"462380,0",2022-06-16,quinta-feira,18:10:00,SC,470,"142,0",RIO DO SUL,Acessar a via sem observar a presença dos outros veículos,Colisão transversal,Com Vítimas Feridas,Anoitecer,Crescente,Nublado,Simples,Reta,Sim,2,0,0,1,1,0,1,2,-27.229801,-49.6693,SPRF-SC,DEL04-SC,UOP02-DEL04-SC,2022
"462385,0",2022-07-18,segunda-feira,08:30:00,SC,101,"41,3",JOINVILLE,Desrespeitar a preferência no cruzamento,Colisão transversal,Com Vítimas Feridas,Pleno dia,Decrescente,Nublado,Dupla,Rotatória;Viaduto,Sim,3,0,1,0,2,0,1,2,-26.28215489,-48.88973081,SPRF-SC,DEL03-SC,UOP01-DEL03-SC,2022
"462416,0",2022-07-18,segunda-feira,09:05:00,SC,163,"70,6",SAO MIGUEL DO OESTE,Manobra de mudança de faixa,Colisão transversal,Com Vítimas Feridas,Pleno dia,Decrescente,Céu Claro,Dupla,Reta,Sim,2,0,1,0,1,0,1,2,-26.73461723,-53.50680015,SPRF-SC,DEL07-SC,UOP03-DEL07-SC,2022
"462432,0",2022-07-18,segunda-feira,14:30:00,SC,101,"12,0",NAVEGANTES,Reação tardia ou ineficiente do condutor,Saída de leito carroçável,Com Vítimas Feridas,Pleno dia,Decrescente,Nublado,Simples,Curva,Sim,1,0,0,1,0,0,1,1,-26.84499,-48.71505,SPRF-SC,DEL03-SC,UOP01-DEL03-SC,2022
"462439,0",2022-07-18,segunda-feira,14:50:00,SC,470,"68,0",INDAIAL,Conversão proibida,Colisão transversal,Com Vítimas Feridas,Pleno dia,Crescente,Nublado,Simples,Desvio Temporário,Sim,2,0,0,1,1,0,1,2,-26.877615,-49.239231,SPRF-SC,DEL04-SC,UOP01-DEL04-SC,2022