id,data_inversa,dia_semana,horario,uf,br,km,municipio,causa_acidente,tipo_acidente,classificacao_acidente,fase_dia,sentido_via,condicao_metereologica,tipo_pista,tracado_via,uso_solo,pessoas,mortos,feridos_leves,feridos_graves,ilesos,ignorados,feridos,veiculos,latitude,longitude,regional,delegacia,uop,ano_arquivo
"465632,0",2022-08-03,quarta-feira,09:10:00,SC,101,"13,6",GARUVA,Acessar a via sem observar a presença dos outros veículos,Colisão transversal,Com Vítimas Feridas,Pleno dia,Decrescente,Nublado,Dupla,Reta,Não,4,0,4,0,0,0,4,2,-26.08986803,-48.86345096,SPRF-SC,DEL03-SC,UOP01-DEL03-SC,2022
"465633,0",2022-08-03,quarta-feira,07:30:00,SC,163,"71,4",SAO MIGUEL DO OESTE,Condutor deixou de manter distância do veículo da frente,Colisão lateral mesmo sentido,Com Vítimas Feridas,Pleno dia,Crescente,Céu Claro,Dupla,Reta;Declive,Sim,2,0,1,0,1,0,1,2,-26.72772401,-53.51281303,SPRF-SC,DEL07-SC,UOP03-DEL07-SC,2022
"465689,0",2022-08-03,quarta-feira,14:45:00,SC,280,"26,6",ARAQUARI,Acessar a via sem observar a presença dos outros veículos,Colisão frontal,Com Vítimas Feridas,Pleno dia,Crescente,Céu Claro,Simples,Reta,Sim,2,0,1,0,1,0,1,2,-26.38972308,-48.73411593,SPRF-SC,DEL03-SC,UOP03-DEL03-SC,2022
"465722,0",2022-08-03,quarta-feira,15:15:00,SC,116,"29,3",ITAIOPOLIS,Reação tardia ou ineficiente do condutor,Colisão traseira,Com Vítimas Feridas,Pleno dia,Decrescente,Céu Claro,Simples,Aclive,Não,4,0,3,0,1,0,3,3,-26.30563681,-49.95562916,SPRF-SC,DEL06-SC,UOP01-DEL06-SC,2022
"465723,0",2022-08-03,quarta-feira,18:05:00,SC,101,"198,1",BIGUACU,Manobra de mudança de faixa,Colisão lateral mesmo sentido,Com Vítimas Feridas,Anoitecer,Crescente,Nublado,Múltipla,Reta,Sim,2,0,1,0,1,0,1,2,-27.52658712,-48.63506019,SPRF-SC,DEL01-SC,UOP01-DEL01-SC,2022
"465734,0",2022-06-12,domingo,18:37:00,SC,280,"81,9",CORUPA,Manobra de mudança de faixa,Colisão frontal,Sem Vítimas,Plena Noite,Decrescente,Céu Claro,Simples,Reta,Não,2,0,0,0,2,0,0,2,-26.425429,-49.252722,SPRF-SC,DEL06-SC,UOP03-DEL06-SC,2022
"465743,0",2022-08-03,quarta-feira,18:30:00,SC,470,"52,0",BLUMENAU,Condutor deixou de manter distância do veículo da frente,Colisão traseira,Com Vítimas Feridas,Plena Noite,Decrescente,Nublado,Simples,Interseção de Vias;Em Obras;Reta,Não,2,0,1,0,1,0,1,2,-26.862286,-49.093903,SPRF-SC,DEL04-SC,UOP01-DEL04-SC,2022
"465747,0",2022-08-03,quarta-feira,17:10:00,SC,101,"55,4",ARAQUARI,Manobra de mudança de faixa,Colisão lateral mesmo sentido,Com Vítimas Feridas,Pleno dia,Crescente,Nublado,Dupla,Reta,Não,3,0,1,0,0,2,1,3,-26.42280898,-48.82977496,SPRF-SC,DEL03-SC,UOP01-DEL03-SC,2022
"465764,0",2022-08-03,quarta-feira,19:30:00,SC,101,"281,0",IMBITUBA,Demais falhas mecânicas ou elétricas,Tombamento,Com Vítimas Feridas,Plena Noite,Decrescente,Céu Claro,Múltipla,Reta,Não,2,0,2,0,0,0,2,1,-28.203747,-48.698228,SPRF-SC,DEL02-SC,UOP03-DEL02-SC,2022
"465776,0",2022-08-03,quarta-feira,17:40:00,SC,101,"441,1",SANTA ROSA DO SUL,Desrespeitar a preferência no cruzamento,Colisão transversal,Sem Vítimas,Plena Noite,Decrescente,Nublado,Simples,Interseção de Vias,Sim,2,0,0,0,2,0,0,2,-29.12676736,-49.67703089,SPRF-SC,DEL02-SC,UOP02-DEL02-SC,2022
"465777,0",2022-08-03,quarta-feira,23:00:00,SC,480,"126,8",CHAPECO,Velocidade Incompatível,Queda de ocupante de veículo,Com Vítimas Feridas,Plena Noite,Decrescente,Céu Claro,Dupla,Curva,Não,1,0,1,0,0,0,1,1,-27.020083,-52.636024,SPRF-SC,DEL07-SC,UOP01-DEL07-SC,2022
"465798,0",2022-08-04,quinta-feira,04:15:00,SC,280,"239,2",CANOINHAS,Ingestão de álcool pelo condutor,Colisão frontal,Com Vítimas Feridas,Plena Noite,Decrescente,Nevoeiro/Neblina,Simples,Curva,Não,2,0,1,0,1,0,1,2,-26.20971113,-50.44782084,SPRF-SC,DEL06-SC,UOP04-DEL06-SC,2022
"465811,0",2022-08-04,quinta-feira,07:20:00,SC,282,"2,0",FLORIANOPOLIS,Mal súbito do condutor,Colisão com objeto,Com Vítimas Feridas,Pleno dia,Crescente,Céu Claro,Múltipla,Reta,Não,1,0,1,0,0,0,1,1,-27.603289,-48.590416,SPRF-SC,DEL01-SC,UOP01-DEL01-SC,2022
"465812,0",2022-04-09,sábado,09:00:00,SC,101,"210,0",SAO JOSE,Velocidade Incompatível,Colisão traseira,Com Vítimas Feridas,Pleno dia,Decrescente,Sol,Múltipla,Reta,Sim,2,0,1,0,1,0,1,2,-27.6167305,-48.6457265,SPRF-SC,DEL01-SC,UOP01-DEL01-SC,2022
"465837,0",2022-07-31,domingo,19:55:00,SC,101,"435,5",SOMBRIO,Ausência de reação do condutor,Colisão transversal,Com Vítimas Feridas,Plena Noite,Decrescente,Céu Claro,Múltipla,Rotatória;Viaduto,Sim,2,0,1,0,1,0,1,2,-29.09949414,-49.63480552,SPRF-SC,DEL02-SC,UOP02-DEL02-SC,2022
"465838,0",2022-08-04,quinta-feira,09:02:00,SC,282,"2,0",FLORIANOPOLIS,Trafegar com motocicleta (ou similar) entre as faixas,Colisão lateral mesmo sentido,Com Vítimas Feridas,Pleno dia,Decrescente,Céu Claro,Dupla,Reta,Sim,4,0,2,0,2,0,2,2,-27.603289,-48.590416,SPRF-SC,DEL01-SC,UOP01-DEL01-SC,2022
"465864,0",2022-08-04,quinta-feira,12:15:00,SC,101,"119,0",ITAJAI,Condutor deixou de manter distância do veículo da frente,Colisão traseira,Com Vítimas Feridas,Pleno dia,Decrescente,Céu Claro,Dupla,Reta,Não,2,0,2,0,0,0,2,2,-26.9043179,-48.71555481,SPRF-SC,DEL04-SC,UOP04-DEL04-SC,2022
"465866,0",2022-06-01,quarta-feira,13:40:00,SC,470,"48,4",BLUMENAU,Ausência de reação do condutor,Tombamento,Com Vítimas Feridas,Pleno dia,Decrescente,Chuva,Simples,Reta,Sim,1,0,1,0,0,0,1,1,-26.859823,-49.055393,SPRF-SC,DEL04-SC,UOP01-DEL04-SC,2022
"465869,0",2022-04-01,sexta-feira,09:25:00,SC,101,"254,0",PAULO LOPES,Mal súbito do condutor,Saída de leito carroçável,Sem Vítimas,Pleno dia,Crescente,Céu Claro,Dupla,Reta,Sim,1,0,0,0,1,0,0,1,-27.97368802,-48.67940247,SPRF-SC,DEL02-SC,UOP03-DEL02-SC,2022
"465875,0",2022-02-04,sexta-feira,22:45:00,SC,280,"50,6",GUARAMIRIM,Reação tardia ou ineficiente do condutor,Queda de ocupante de veículo,Com Vítimas Feridas,Plena Noite,Decrescente,Nublado,Dupla,Em Obras,Sim,2,0,0,1,0,1,1,2,-26.46483925,-48.95444512,SPRF-SC,DEL03-SC,UOP03-DEL03-SC,2022
"465876,0",2022-08-04,quinta-feira,14:00:00,SC,101,"136,0",BALNEARIO CAMBORIU,Condutor deixou de manter distância do veículo da frente,Colisão traseira,Com Vítimas Feridas,Pleno dia,Decrescente,Céu Claro,Dupla,Reta;Ponte,Não,2,0,1,0,1,0,1,2,-27.008113,-48.617245,SPRF-SC,DEL04-SC,UOP03-DEL04-SC,2022
"465908,0",2022-08-04,quinta-feira,18:05:00,SC,101,"221,0",PALHOCA,Manobra de mudança de faixa,Colisão lateral mesmo sentido,Com Vítimas Feridas,Plena Noite,Crescente,Nublado,Múltipla,Reta,Sim,1,0,1,0,0,0,1,1,-27.70012652,-48.66021182,SPRF-SC,DEL01-SC,UOP02-DEL01-SC,2022
"465916,0",2022-08-04,quinta-feira,18:20:00,SC,470,"10,9",NAVEGANTES,Desrespeitar a preferência no cruzamento,Colisão transversal,Sem Vítimas,Plena Noite,Crescente,Céu Claro,Simples,Interseção de Vias,Sim,2,0,0,0,2,0,0,2,-26.833693,-48.73724,SPRF-SC,DEL04-SC,UOP04-DEL04-SC,2022
"465920,0",2022-08-04,quinta-feira,16:20:00,SC,158,"105,0",CUNHA PORA,Curva acentuada,Saída de leito carroçável,Com Vítimas Feridas,Pleno dia,Decrescente,Nublado,Simples,Curva,Não,1,0,1,0,0,0,1,1,-26.86897509,-53.16247716,SPRF-SC,DEL07-SC,UOP02-DEL07-SC,2022
"465928,0",2022-08-04,quinta-feira,17:10:00,SC,116,"180,0",SAO CRISTOVAO DO SUL,Ausência de reação do condutor,Colisão transversal,Com Vítimas Feridas,Anoitecer,Decrescente,Chuva,Simples,Reta,Sim,1,0,0,1,0,0,1,1,-27.27041426,-50.44097161,SPRF-SC,DEL05-SC,UOP03-DEL05-SC,2022
"465940,0",2022-08-04,quinta-feira,17:30:00,SC,470,"70,3",INDAIAL,Ausência de reação do condutor,Colisão transversal,Com Vítimas Feridas,Anoitecer,Crescente,Nublado,Simples,Reta,Não,2,0,0,1,1,0,1,2,-26.889374,-49.254478,SPRF-SC,DEL04-SC,UOP01-DEL04-SC,2022
"465941,0",2022-08-04,quinta-feira,18:25:00,SC,470,"64,7",INDAIAL,Ausência de reação do condutor,Colisão transversal,Com Vítimas Feridas,Plena Noite,Crescente,Nublado,Simples,Declive,Não,2,0,0,1,1,0,1,2,-26.869867,-49.201859,SPRF-SC,DEL04-SC,UOP01-DEL04-SC,2022
"465964,0",2022-08-04,quinta-feira,18:15:00,SC,101,"341,0",TUBARAO,Ausência de reação do condutor,Colisão lateral mesmo sentido,Com Vítimas Feridas,Anoitecer,Crescente,Céu Claro,Simples,Reta,Sim,2,0,1,0,0,1,1,2,-28.50999405,-49.05070686,SPRF-SC,DEL02-SC,UOP01-DEL02-SC,2022
"465977,0",2022-08-04,quinta-feira,22:40:00,SC,101,"133,0",BALNEARIO CAMBORIU,Ausência de reação do condutor,Saída de leito carroçável,Sem Vítimas,Plena Noite,Decrescente,Céu Claro,Dupla,Reta,Sim,1,0,0,0,0,1,0,1,-26.99936,-48.64609,SPRF-SC,DEL04-SC,UOP03-DEL04-SC,2022
"465978,0",2022-08-05,sexta-feira,00:45:00,SC,101,"165,0",TIJUCAS,Ausência de reação do condutor,Saída de leito carroçável,Sem Vítimas,Plena Noite,Decrescente,Céu Claro,Simples,Reta,Não,1,0,0,0,0,1,0,1,-27.252663,-48.63154894,SPRF-SC,DEL04-SC,UOP03-DEL04-SC,2022
"465987,0",2022-08-05,sexta-feira,03:00:00,SC,101,"210,3",SAO JOSE,Velocidade Incompatível,Saída de leito carroçável,Com Vítimas Feridas,Plena Noite,Crescente,Nublado,Múltipla,Reta,Sim,2,0,0,1,0,1,1,2,-27.6167305,-48.6457265,SPRF-SC,DEL01-SC,UOP01-DEL01-SC,2022
"466054,0",2022-08-05,sexta-feira,11:32:00,SC,101,"213,0",PALHOCA,Trafegar com motocicleta (ou similar) entre as faixas,Colisão traseira,Com Vítimas Feridas,Pleno dia,Decrescente,Céu Claro,Múltipla,Reta,Sim,2,0,1,0,1,0,1,2,-27.63697369,-48.66514142,SPRF-SC,DEL01-SC,UOP02-DEL01-SC,2022
"466068,0",2022-08-05,sexta-feira,08:00:00,SC,101,"413,2",ARARANGUA,Velocidade Incompatível,Saída de leito carroçável,Com Vítimas Feridas,Pleno dia,Crescente,Céu Claro,Simples,Reta,Sim,1,0,1,0,0,0,1,1,-28.94605997,-49.50428402,SPRF-SC,DEL02-SC,UOP02-DEL02-SC,2022
"466077,0",2022-08-05,sexta-feira,12:00:00,SC,101,"47,5",JOINVILLE,Avarias e/ou desgaste excessivo no pneu,Queda de ocupante de veículo,Com Vítimas Feridas,Pleno dia,Crescente,Céu Claro,Dupla,Reta,Não,2,0,2,0,0,0,2,1,-26.37164145,-48.85685563,SPRF-SC,DEL03-SC,UOP01-DEL03-SC,2022
"466079,0",2022-08-05,sexta-feira,11:40:00,SC,470,"155,4",AGRONOMICA,Velocidade Incompatível,Capotamento,Com Vítimas Feridas,Pleno dia,Crescente,Sol,Simples,Curva,Sim,1,0,1,0,0,0,1,1,-27.27937548,-49.75759506,SPRF-SC,DEL04-SC,UOP02-DEL04-SC,2022
"466080,0",2022-08-05,sexta-feira,15:10:00,SC,101,"207,5",SAO JOSE,Demais falhas mecânicas ou elétricas,Colisão transversal,Com Vítimas Feridas,Pleno dia,Crescente,Céu Claro,Dupla,Interseção de Vias,Sim,2,0,1,0,1,0,1,2,-27.51844497,-48.63848496,SPRF-SC,DEL01-SC,UOP01-DEL01-SC,2022
"466084,0",2022-08-05,sexta-feira,13:25:00,SC,280,"56,8",GUARAMIRIM,Reação tardia ou ineficiente do condutor,Tombamento,Com Vítimas Feridas,Pleno dia,Decrescente,Céu Claro,Simples,Viaduto;Em Obras,Sim,2,0,1,0,0,1,1,2,-26.47947677,-49.00298702,SPRF-SC,DEL03-SC,UOP03-DEL03-SC,2022
"466100,0",2022-08-05,sexta-feira,14:00:00,SC,101,"141,0",BALNEARIO CAMBORIU,Avarias e/ou desgaste excessivo no pneu,Tombamento,Com Vítimas Feridas,Pleno dia,Crescente,Céu Claro,Simples,Curva,Não,2,0,2,0,0,0,2,1,-27.05046555,-48.60069796,SPRF-SC,DEL04-SC,UOP03-DEL04-SC,2022
"466101,0",2022-07-24,domingo,03:00:00,SC,101,"119,0",ITAJAI,Ingestão de álcool e/ou substâncias psicoativas pelo pedestre,Colisão com objeto,Com Vítimas Feridas,Plena Noite,Decrescente,Céu Claro,Múltipla,Reta,Sim,2,0,1,0,1,0,1,1,-26.9043179,-48.71555481,SPRF-SC,DEL04-SC,UOP04-DEL04-SC,2022
"466103,0",2022-08-05,sexta-feira,14:15:00,SC,101,"127,9",ITAJAI,Reação tardia ou ineficiente do condutor,Colisão com objeto,Com Vítimas Feridas,Pleno dia,Crescente,Céu Claro,Dupla,Reta,Sim,1,0,0,1,0,0,1,1,-26.9639319,-48.68328024,SPRF-SC,DEL04-SC,UOP04-DEL04-SC,2022
"466127,0",2022-08-05,sexta-feira,17:20:00,SC,101,"241,0",PALHOCA,Ausência de reação do condutor,Queda de ocupante de veículo,Com Vítimas Feridas,Plena Noite,Decrescente,Céu Claro,Dupla,Reta,Não,2,0,2,0,0,0,2,1,-27.86671599,-48.64607012,SPRF-SC,DEL01-SC,UOP02-DEL01-SC,2022
"466136,0",2022-08-05,sexta-feira,13:40:00,SC,101,"134,0",BALNEARIO CAMBORIU,Ausência de reação do condutor,Tombamento,Com Vítimas Feridas,Pleno dia,Crescente,Sol,Dupla,Reta,Sim,1,0,1,0,0,0,1,1,-27.00218,-48.636433,SPRF-SC,DEL04-SC,UOP03-DEL04-SC,2022
"466163,0",2022-08-05,sexta-feira,14:00:00,SC,280,"238,0",CANOINHAS,Demais falhas mecânicas ou elétricas,Capotamento,Com Vítimas Feridas,Pleno dia,Decrescente,Céu Claro,Simples,Curva,Não,4,0,0,1,3,0,1,1,-26.20536399,-50.438846,SPRF-SC,DEL06-SC,UOP04-DEL06-SC,2022
"466167,0",2022-08-05,sexta-feira,21:20:00,SC,282,"507,0",XANXERE,Acessar a via sem observar a presença dos outros veículos,Colisão transversal,Com Vítimas Feridas,Plena Noite,Crescente,Céu Claro,Simples,Interseção de Vias,Não,2,0,1,0,1,0,1,2,-26.886171,-52.43911,SPRF-SC,DEL07-SC,UOP01-DEL07-SC,2022
"466174,0",2022-08-05,sexta-feira,16:40:00,SC,470,"138,1",RIO DO SUL,Acessar a via sem observar a presença dos outros veículos,Colisão transversal,Com Vítimas Feridas,Pleno dia,Crescente,Céu Claro,Simples,Interseção de Vias,Sim,4,0,2,0,2,0,2,2,-27.207214,-49.648476,SPRF-SC,DEL04-SC,UOP02-DEL04-SC,2022
"466178,0",2022-08-05,sexta-feira,22:40:00,SC,101,"120,4",ITAJAI,Manobra de mudança de faixa,Colisão transversal,Com Vítimas Feridas,Plena Noite,Decrescente,Céu Claro,Múltipla,Interseção de Vias,Sim,2,0,1,0,1,0,1,2,-26.9175929,-48.70964527,SPRF-SC,DEL04-SC,UOP04-DEL04-SC,2022
"466192,0",2022-08-06,sábado,00:10:00,SC,116,"188,8",SAO CRISTOVAO DO SUL,Avarias e/ou desgaste excessivo no pneu,Tombamento,Com Vítimas Feridas,Plena Noite,Crescente,Céu Claro,Simples,Reta,Não,2,0,1,1,0,0,2,1,-27.32965789,-50.42513021,SPRF-SC,DEL05-SC,UOP03-DEL05-SC,2022
"466235,0",2022-08-06,sábado,07:30:00,SC,101,"216,5",PALHOCA,Acessar a via sem observar a presença dos outros veículos,Colisão transversal,Sem Vítimas,Pleno dia,Crescente,Chuva,Dupla,Interseção de Vias,Sim,2,0,0,0,2,0,0,2,-27.65981409,-48.67747798,SPRF-SC,DEL01-SC,UOP02-DEL01-SC,2022
"466238,0",2022-08-06,sábado,08:00:00,SC,282,"348,0",CAMPOS NOVOS,Velocidade Incompatível,Saída de leito carroçável,Com Vítimas Feridas,Pleno dia,Crescente,Céu Claro,Simples,Reta,Não,1,0,1,0,0,0,1,1,-27.365206,-51.263924,SPRF-SC,DEL07-SC,UOP06-DEL07-SC,2022
"466271,0",2022-08-06,sábado,10:49:00,SC,101,"118,0",ITAJAI,Reação tardia ou ineficiente do condutor,Colisão traseira,Com Vítimas Feridas,Pleno dia,Decrescente,Nublado,Múltipla,Reta,Sim,2,0,0,1,1,0,1,2,-26.895859,-48.71903,SPRF-SC,DEL04-SC,UOP04-DEL04-SC,2022
"466291,0",2022-08-06,sábado,13:50:00,SC,101,"41,5",JOINVILLE,Desrespeitar a preferência no cruzamento,Colisão transversal,Com Vítimas Feridas,Pleno dia,Crescente,Chuva,Dupla,Rotatória;Interseção de Vias;Viaduto,Sim,4,0,2,0,2,0,2,2,-26.28215489,-48.88973081,SPRF-SC,DEL03-SC,UOP01-DEL03-SC,2022
"466294,0",2022-08-06,sábado,14:00:00,SC,101,"424,6",ARARANGUA,Acessar a via sem observar a presença dos outros veículos,Saída de leito carroçável,Com Vítimas Feridas,Pleno dia,Decrescente,Sol,Dupla,Reta,Não,4,0,3,0,1,0,3,1,-29.02352719,-49.59507465,SPRF-SC,DEL02-SC,UOP02-DEL02-SC,2022
"466317,0",2022-08-06,sábado,16:20:00,SC,101,"199,6",SAO JOSE,Ingestão de álcool pelo condutor,Tombamento,Com Vítimas Feridas,Pleno dia,Crescente,Nublado,Múltipla,Reta,Sim,1,0,0,1,0,0,1,1,-27.53413705,-48.63003205,SPRF-SC,DEL01-SC,UOP01-DEL01-SC,2022
"466348,0",2022-08-06,sábado,18:45:00,SC,101,"378,3",ICARA,Transitar na contramão,Saída de leito carroçável,Com Vítimas Feridas,Plena Noite,Crescente,Nublado,Simples,Interseção de Vias,Não,2,0,1,0,1,0,1,2,-28.7506823,-49.27010894,SPRF-SC,DEL02-SC,UOP02-DEL02-SC,2022
"466349,0",2022-08-06,sábado,19:00:00,SC,101,"216,5",PALHOCA,Acessar a via sem observar a presença dos outros veículos,Colisão lateral sentido oposto,Com Vítimas Feridas,Plena Noite,Crescente,Chuva,Simples,Interseção de Vias;Reta;Viaduto,Sim,2,0,1,0,1,0,1,2,-27.65981409,-48.67747798,SPRF-SC,DEL01-SC,UOP02-DEL01-SC,2022
"466350,0",2022-08-06,sábado,17:50:00,SC,282,"491,0",FAXINAL DOS GUEDES,Ausência de reação do condutor,Saída de leito carroçável,Com Vítimas Feridas,Anoitecer,Decrescente,Chuva,Simples,Reta,Não,1,0,1,0,0,0,1,1,-26.87402841,-52.28180051,SPRF-SC,DEL07-SC,UOP01-DEL07-SC,2022
"466378,0",2022-08-06,sábado,19:10:00,SC,282,"393,8",JOACABA,Ingestão de álcool pelo condutor,Colisão frontal,Com Vítimas Feridas,Plena Noite,Decrescente,Chuva,Simples,Aclive;Curva,Não,6,0,3,0,2,1,3,4,-27.160221,-51.573895,SPRF-SC,DEL07-SC,UOP05-DEL07-SC,2022
"466387,0",2022-08-06,sábado,21:35:00,SC,101,"210,5",SAO JOSE,Reação tardia ou ineficiente do condutor,Tombamento,Com Vítimas Feridas,Plena Noite,Crescente,Chuva,Múltipla,Reta,Sim,1,0,1,0,0,0,1,1,-27.6167305,-48.6457265,SPRF-SC,DEL01-SC,UOP01-DEL01-SC,2022
"466390,0",2022-08-06,sábado,21:30:00,SC,101,"135,4",BALNEARIO CAMBORIU,Acumulo de água sobre o pavimento,Saída de leito carroçável,Sem Vítimas,Plena Noite,Crescente,Chuva,Dupla,Reta,Sim,1,0,0,0,1,0,0,1,-27.0050108,-48.62677494,SPRF-SC,DEL04-SC,UOP03-DEL04-SC,2022
"466391,0",2022-08-06,sábado,21:00:00,SC,101,"155,0",PORTO BELO,Reação tardia ou ineficiente do condutor,Saída de leito carroçável,Com Vítimas Feridas,Plena Noite,Decrescente,Chuva,Múltipla,Reta,Não,1,0,1,0,0,0,1,1,-27.16292,-48.61129,SPRF-SC,DEL04-SC,UOP03-DEL04-SC,2022
"466401,0",2022-08-06,sábado,23:00:00,SC,101,"207,4",SAO JOSE,Velocidade Incompatível,Saída de leito carroçável,Com Vítimas Feridas,Pleno dia,Decrescente,Chuva,Dupla,Curva;Declive,Sim,1,0,1,0,0,0,1,1,-27.60190582,-48.6258316,SPRF-SC,DEL01-SC,UOP01-DEL01-SC,2022
"466413,0",2022-08-06,sábado,22:10:00,SC,470,"5,0",NAVEGANTES,Velocidade Incompatível,Colisão com objeto,Com Vítimas Feridas,Plena Noite,Crescente,Chuva,Dupla,Reta,Sim,1,0,1,0,0,0,1,1,-26.855688,-48.700333,SPRF-SC,DEL04-SC,UOP04-DEL04-SC,2022
"466414,0",2022-08-06,sábado,22:30:00,SC,470,"18,8",ILHOTA,Ausência de reação do condutor,Saída de leito carroçável,Sem Vítimas,Plena Noite,Crescente,Garoa/Chuvisco,Simples,Em Obras,Não,1,0,0,0,1,0,0,1,-26.855534,-48.808922,SPRF-SC,DEL04-SC,UOP04-DEL04-SC,2022
"466416,0",2022-08-06,sábado,23:20:00,SC,101,"110,5",NAVEGANTES,Acumulo de água sobre o pavimento,Saída de leito carroçável,Com Vítimas Feridas,Plena Noite,Decrescente,Chuva,Dupla,Curva,Não,2,0,2,0,0,0,2,1,-26.83477,-48.706151,SPRF-SC,DEL04-SC,UOP04-DEL04-SC,2022
"466427,0",2022-08-06,sábado,18:40:00,SC,280,"29,0",ARAQUARI,Reação tardia ou ineficiente do condutor,Saída de leito carroçável,Sem Vítimas,Plena Noite,Crescente,Chuva,Simples,Reta,Não,1,0,0,0,1,0,0,1,-26.41066264,-48.75295628,SPRF-SC,DEL03-SC,UOP03-DEL03-SC,2022
"466431,0",2022-08-07,domingo,01:30:00,SC,101,"309,9",LAGUNA,Ingestão de álcool pelo condutor,Colisão com objeto,Sem Vítimas,Plena Noite,Decrescente,Chuva,Múltipla,Reta,Sim,1,0,0,0,1,0,0,1,-28.40755485,-48.79169438,SPRF-SC,DEL02-SC,UOP01-DEL02-SC,2022
"466434,0",2022-08-07,domingo,01:10:00,SC,101,"382,1",ICARA,Velocidade Incompatível,Saída de leito carroçável,Com Vítimas Feridas,Plena Noite,Decrescente,Chuva,Dupla,Reta,Não,1,0,1,0,0,0,1,1,-28.76864365,-49.30269818,SPRF-SC,DEL02-SC,UOP02-DEL02-SC,2022
"466435,0",2022-08-07,domingo,02:35:00,SC,101,"425,0",ARARANGUA,Condutor Dormindo,Saída de leito carroçável,Sem Vítimas,Plena Noite,Crescente,Chuva,Dupla,Reta,Não,1,0,0,0,1,0,0,1,-29.02095789,-49.59124506,SPRF-SC,DEL02-SC,UOP02-DEL02-SC,2022
"466436,0",2022-08-07,domingo,01:45:00,SC,282,"0,4",FLORIANOPOLIS,Ingestão de álcool pelo condutor,Saída de leito carroçável,Com Vítimas Fatais,Plena Noite,Decrescente,Chuva,Dupla,Reta,Sim,6,4,0,2,0,0,2,2,-27.599979,-48.575818,SPRF-SC,DEL01-SC,UOP01-DEL01-SC,2022
"466438,0",2022-08-07,domingo,02:00:00,SC,101,"210,4",SAO JOSE,Ingestão de álcool pelo condutor,Colisão com objeto,Com Vítimas Feridas,Plena Noite,Decrescente,Chuva,Múltipla,Reta,Não,1,0,1,0,0,0,1,1,-27.6167305,-48.6457265,SPRF-SC,DEL01-SC,UOP01-DEL01-SC,2022
"466456,0",2022-08-07,domingo,04:00:00,SC,101,"131,0",BALNEARIO CAMBORIU,Condutor Dormindo,Saída de leito carroçável,Sem Vítimas,Plena Noite,Decrescente,Chuva,Dupla,Reta,Não,1,0,0,0,0,1,0,1,-26.99064209,-48.66310912,SPRF-SC,DEL04-SC,UOP03-DEL04-SC,2022
"466457,0",2022-08-07,domingo,06:25:00,SC,280,"54,0",GUARAMIRIM,Condutor deixou de manter distância do veículo da frente,Colisão traseira,Sem Vítimas,Amanhecer,Crescente,Chuva,Dupla,Reta,Sim,2,0,0,0,2,0,0,2,-26.47539893,-48.983748,SPRF-SC,DEL03-SC,UOP03-DEL03-SC,2022
"466480,0",2022-08-07,domingo,08:00:00,SC,282,"37,5",AGUAS MORNAS,Velocidade Incompatível,Saída de leito carroçável,Com Vítimas Feridas,Pleno dia,Crescente,Chuva,Simples,Curva,Não,2,0,0,1,1,0,1,1,-27.707325,-48.842983,SPRF-SC,DEL01-SC,UOP03-DEL01-SC,2022
"466492,0",2022-08-07,domingo,08:00:00,SC,282,"130,0",BOM RETIRO,Reação tardia ou ineficiente do condutor,Capotamento,Com Vítimas Feridas,Pleno dia,Decrescente,Chuva,Simples,Curva,Não,3,0,2,1,0,0,3,1,-27.803255,-49.505241,SPRF-SC,DEL05-SC,UOP01-DEL05-SC,2022
"466496,0",2022-08-07,domingo,10:45:00,SC,101,"189,5",BIGUACU,Avarias e/ou desgaste excessivo no pneu,Colisão com objeto,Com Vítimas Feridas,Pleno dia,Decrescente,Garoa/Chuvisco,Dupla,Curva,Sim,3,0,1,0,1,1,1,2,-27.459393,-48.638914,SPRF-SC,DEL01-SC,UOP01-DEL01-SC,2022
"466497,0",2022-08-07,domingo,09:15:00,SC,101,"434,0",SOMBRIO,Ausência de reação do condutor,Colisão com objeto,Com Vítimas Feridas,Pleno dia,Decrescente,Garoa/Chuvisco,Simples,Reta,Sim,1,0,1,0,0,0,1,1,-29.10418606,-49.63584423,SPRF-SC,DEL02-SC,UOP02-DEL02-SC,2022
"466499,0",2022-08-07,domingo,11:00:00,SC,101,"133,8",BALNEARIO CAMBORIU,Desrespeitar a preferência no cruzamento,Colisão transversal,Com Vítimas Feridas,Pleno dia,Crescente,Chuva,Múltipla,Interseção de Vias,Sim,2,0,1,0,1,0,1,2,-26.99936,-48.64609,SPRF-SC,DEL04-SC,UOP03-DEL04-SC,2022
"466511,0",2022-08-07,domingo,12:00:00,SC,101,"74,5",ARAQUARI,Acumulo de água sobre o pavimento,Colisão com objeto,Sem Vítimas,Pleno dia,Crescente,Chuva,Dupla,Reta,Não,1,0,0,0,1,0,0,1,-26.54446209,-48.71214452,SPRF-SC,DEL03-SC,UOP02-DEL03-SC,2022
"466515,0",2022-08-07,domingo,13:20:00,SC,101,"85,0",BARRA VELHA,Reação tardia ou ineficiente do condutor,Colisão transversal,Sem Vítimas,Pleno dia,Decrescente,Garoa/Chuvisco,Simples,Viaduto,Sim,2,0,0,0,2,0,0,2,-26.62840879,-48.70813584,SPRF-SC,DEL03-SC,UOP02-DEL03-SC,2022