id,data_inversa,dia_semana,horario,uf,br,km,municipio,causa_acidente,tipo_acidente,classificacao_acidente,fase_dia,sentido_via,condicao_metereologica,tipo_pista,tracado_via,uso_solo,pessoas,mortos,feridos_leves,feridos_graves,ilesos,ignorados,feridos,veiculos,latitude,longitude,regional,delegacia,uop,ano_arquivo
"471053,0",2022-08-29,segunda-feira,10:05:00,SC,101,"435,0",SOMBRIO,Reação tardia ou ineficiente do condutor,Colisão transversal,Com Vítimas Feridas,Pleno dia,Crescente,Céu Claro,Simples,Reta,Sim,2,0,1,0,1,0,1,2,-29.09949414,-49.63480552,SPRF-SC,DEL02-SC,UOP02-DEL02-SC,2022
"471066,0",2022-08-29,segunda-feira,13:30:00,SC,101,"117,9",ITAJAI,Ausência de reação do condutor,Tombamento,Com Vítimas Feridas,Pleno dia,Crescente,Céu Claro,Múltipla,Reta,Sim,1,0,1,0,0,0,1,1,-26.88747187,-48.72252969,SPRF-SC,DEL04-SC,UOP04-DEL04-SC,2022
"471076,0",2022-08-29,segunda-feira,14:20:00,SC,282,"58,3",RANCHO QUEIMADO,Acessar a via sem observar a presença dos outros veículos,Colisão transversal,Com Vítimas Feridas,Pleno dia,Decrescente,Céu Claro,Simples,Interseção de Vias;Declive,Não,3,0,1,1,1,0,2,2,-27.68115418,-49.00580406,SPRF-SC,DEL01-SC,UOP03-DEL01-SC,2022
"471089,0",2022-08-29,segunda-feira,16:00:00,SC,470,"56,3",BLUMENAU,Conversão proibida,Colisão transversal,Com Vítimas Feridas,Pleno dia,Crescente,Céu Claro,Simples,Reta,Sim,2,0,1,0,1,0,1,2,-26.87674,-49.127743,SPRF-SC,DEL04-SC,UOP01-DEL04-SC,2022
"471091,0",2022-07-30,sábado,19:00:00,SC,101,"129,0",CAMBORIU,Ausência de reação do condutor,Colisão lateral mesmo sentido,Com Vítimas Feridas,Plena Noite,Decrescente,Céu Claro,Dupla,Reta,Sim,2,0,1,0,1,0,1,2,-26.98261366,-48.67355883,SPRF-SC,DEL04-SC,UOP03-DEL04-SC,2022
"471120,0",2022-08-29,segunda-feira,18:50:00,SC,101,"213,0",SAO JOSE,Condutor deixou de manter distância do veículo da frente,Colisão lateral mesmo sentido,Com Vítimas Feridas,Plena Noite,Decrescente,Céu Claro,Múltipla,Reta,Sim,2,0,0,1,1,0,1,2,-27.63697369,-48.66514142,SPRF-SC,DEL01-SC,UOP02-DEL01-SC,2022
"471145,0",2022-08-29,segunda-feira,19:15:00,SC,101,"331,0",TUBARAO,Ausência de reação do condutor,Colisão traseira,Com Vítimas Feridas,Plena Noite,Crescente,Céu Claro,Dupla,Reta,Não,3,0,1,0,2,0,1,3,-28.45567521,-48.9812689,SPRF-SC,DEL02-SC,UOP01-DEL02-SC,2022
"471154,0",2022-08-29,segunda-feira,19:50:00,SC,101,"148,3",ITAPEMA,Acessar a via sem observar a presença dos outros veículos,Colisão transversal,Com Vítimas Feridas,Plena Noite,Crescente,Céu Claro,Simples,Interseção de Vias,Sim,2,0,0,1,1,0,1,2,-27.10123686,-48.61807962,SPRF-SC,DEL04-SC,UOP03-DEL04-SC,2022
"471157,0",2022-08-29,segunda-feira,19:50:00,SC,101,"93,0",BARRA VELHA,Objeto estático sobre o leito carroçável,Colisão traseira,Sem Vítimas,Plena Noite,Decrescente,Céu Claro,Múltipla,Reta,Não,2,0,0,0,2,0,0,2,-26.6899011,-48.69663873,SPRF-SC,DEL03-SC,UOP02-DEL03-SC,2022
"471161,0",2022-08-29,segunda-feira,22:10:00,SC,101,"234,0",PALHOCA,Ingestão de álcool pelo condutor,Queda de ocupante de veículo,Com Vítimas Feridas,Plena Noite,Decrescente,Céu Claro,Dupla,Reta,Não,1,0,0,1,0,0,1,1,-27.81043812,-48.63537111,SPRF-SC,DEL01-SC,UOP02-DEL01-SC,2022
"471173,0",2022-08-30,terça-feira,00:15:00,SC,101,"204,8",SAO JOSE,Entrada inopinada do pedestre,Atropelamento de Pedestre,Com Vítimas Feridas,Plena Noite,Crescente,Céu Claro,Dupla,Reta,Sim,2,0,0,1,1,0,1,2,-27.57413014,-48.61363083,SPRF-SC,DEL01-SC,UOP01-DEL01-SC,2022
"471202,0",2022-08-30,terça-feira,07:50:00,SC,101,"209,8",SAO JOSE,Reação tardia ou ineficiente do condutor,Colisão traseira,Com Vítimas Feridas,Pleno dia,Crescente,Nublado,Dupla,Reta,Sim,2,0,1,1,0,0,2,2,-27.61000542,-48.63895057,SPRF-SC,DEL01-SC,UOP01-DEL01-SC,2022
"471210,0",2022-08-30,terça-feira,09:00:00,SC,101,"147,0",ITAPEMA,Desrespeitar a preferência no cruzamento,Tombamento,Com Vítimas Feridas,Pleno dia,Decrescente,Céu Claro,Múltipla,Reta,Não,2,0,0,1,0,1,1,2,-27.09237407,-48.61730888,SPRF-SC,DEL04-SC,UOP03-DEL04-SC,2022
"471233,0",2022-08-30,terça-feira,10:00:00,SC,101,"367,0",ICARA,Reação tardia ou ineficiente do condutor,Colisão com objeto,Com Vítimas Feridas,Pleno dia,Decrescente,Nublado,Dupla,Curva,Sim,1,0,1,0,0,0,1,1,-28.69702499,-49.17628527,SPRF-SC,DEL02-SC,UOP01-DEL02-SC,2022
"471267,0",2022-08-30,terça-feira,10:30:00,SC,280,"91,0",CORUPA,Pista Escorregadia,Saída de leito carroçável,Sem Vítimas,Pleno dia,Decrescente,Garoa/Chuvisco,Simples,Curva;Declive,Não,1,0,0,0,0,1,0,1,-26.39978855,-49.29788589,SPRF-SC,DEL06-SC,UOP03-DEL06-SC,2022
"471273,0",2022-06-24,sexta-feira,07:20:00,SC,280,"28,0",ARAQUARI,Reação tardia ou ineficiente do condutor,Atropelamento de Pedestre,Com Vítimas Feridas,Pleno dia,Crescente,Nublado,Simples,Reta,Sim,2,0,0,1,1,0,1,2,-26.40598567,-48.7470531,SPRF-SC,DEL03-SC,UOP03-DEL03-SC,2022
"471276,0",2022-08-30,terça-feira,11:15:00,SC,101,"351,4",JAGUARUNA,Reação tardia ou ineficiente do condutor,Saída de leito carroçável,Sem Vítimas,Pleno dia,Decrescente,Sol,Dupla,Curva,Sim,3,0,0,0,3,0,0,1,-28.5977641,-49.04943589,SPRF-SC,DEL02-SC,UOP01-DEL02-SC,2022
"471293,0",2022-08-30,terça-feira,16:25:00,SC,101,"118,0",ITAJAI,Demais falhas mecânicas ou elétricas,Tombamento,Com Vítimas Feridas,Pleno dia,Crescente,Céu Claro,Dupla,Interseção de Vias,Sim,1,0,1,0,0,0,1,1,-26.895859,-48.71903,SPRF-SC,DEL04-SC,UOP04-DEL04-SC,2022
"471299,0",2022-08-30,terça-feira,17:40:00,SC,101,"204,0",SAO JOSE,Manobra de mudança de faixa,Colisão lateral mesmo sentido,Com Vítimas Feridas,Anoitecer,Crescente,Nublado,Múltipla,Reta,Sim,2,0,1,0,1,0,1,2,-27.57413014,-48.61363083,SPRF-SC,DEL01-SC,UOP01-DEL01-SC,2022
"471309,0",2022-08-30,terça-feira,18:50:00,SC,470,"2,0",NAVEGANTES,Acesso irregular,Colisão transversal,Com Vítimas Feridas,Plena Noite,Decrescente,Céu Claro,Simples,Em Obras;Reta,Sim,2,0,0,1,1,0,1,2,-26.868551,-48.674831,SPRF-SC,DEL04-SC,UOP04-DEL04-SC,2022
"471337,0",2022-08-30,terça-feira,21:50:00,SC,101,"111,0",NAVEGANTES,Acessar a via sem observar a presença dos outros veículos,Colisão lateral mesmo sentido,Com Vítimas Feridas,Plena Noite,Crescente,Céu Claro,Dupla,Reta,Sim,2,0,1,0,1,0,1,2,-26.84218405,-48.71689796,SPRF-SC,DEL04-SC,UOP04-DEL04-SC,2022
"471344,0",2022-08-30,terça-feira,22:00:00,SC,0,"0,0",CORREIA PINTO,Transitar na contramão,Colisão transversal,Com Vítimas Feridas,Plena Noite,Não Informado,Nublado,Simples,Interseção de Vias,Sim,3,0,1,0,0,2,1,3,-27.58073948,-50.36785126,SPRF-SC,DEL05-SC,UOP03-DEL05-SC,2022
"471351,0",2022-08-31,quarta-feira,03:45:00,SC,101,"216,0",PALHOCA,Mal súbito do condutor,Colisão com objeto,Com Vítimas Feridas,Plena Noite,Crescente,Garoa/Chuvisco,Múltipla,Reta,Sim,1,0,1,0,0,0,1,1,-27.65981409,-48.67747798,SPRF-SC,DEL01-SC,UOP02-DEL01-SC,2022
"471376,0",2022-08-31,quarta-feira,08:45:00,SC,101,"120,0",ITAJAI,Reação tardia ou ineficiente do condutor,Colisão com objeto,Com Vítimas Feridas,Pleno dia,Decrescente,Céu Claro,Dupla,Reta,Não,1,0,1,0,0,0,1,1,-26.912758,-48.711998,SPRF-SC,DEL04-SC,UOP04-DEL04-SC,2022
"471399,0",2022-08-31,quarta-feira,11:20:00,SC,101,"207,9",SAO JOSE,Reação tardia ou ineficiente do condutor,Colisão traseira,Com Vítimas Feridas,Pleno dia,Decrescente,Sol,Múltipla,Curva;Declive,Sim,2,0,1,0,1,0,1,2,-27.60001226,-48.6226467,SPRF-SC,DEL01-SC,UOP01-DEL01-SC,2022
"471425,0",2022-08-31,quarta-feira,14:15:00,SC,101,"183,8",BIGUACU,Manobra de mudança de faixa,Colisão traseira,Com Vítimas Feridas,Pleno dia,Decrescente,Sol,Múltipla,Reta,Sim,1,0,1,0,0,0,1,1,-27.40688892,-48.6285296,SPRF-SC,DEL01-SC,UOP01-DEL01-SC,2022
"471440,0",2022-08-31,quarta-feira,15:00:00,SC,116,"206,0",PONTE ALTA,Acessar a via sem observar a presença dos outros veículos,Atropelamento de Pedestre,Com Vítimas Feridas,Pleno dia,Decrescente,Céu Claro,Simples,Rotatória,Sim,2,0,1,0,1,0,1,2,-27.47248589,-50.38177729,SPRF-SC,DEL05-SC,UOP03-DEL05-SC,2022
"471442,0",2022-08-31,quarta-feira,12:45:00,SC,163,"1,5",DIONISIO CERQUEIRA,Acessar a via sem observar a presença dos outros veículos,Colisão transversal,Com Vítimas Feridas,Pleno dia,Decrescente,Sol,Simples,Reta,Sim,2,0,2,0,0,0,2,2,-26.26776844,-53.62769008,SPRF-SC,DEL07-SC,UOP03-DEL07-SC,2022
"471450,0",2022-08-26,sexta-feira,22:30:00,SC,280,"163,0",MAFRA,Transitar na contramão,Colisão frontal,Sem Vítimas,Pleno dia,Decrescente,Nublado,Simples,Reta,Sim,4,0,0,0,4,0,0,2,-26.19739326,-49.79756122,SPRF-SC,DEL06-SC,UOP01-DEL06-SC,2022
"471454,0",2022-08-31,quarta-feira,07:59:00,SC,480,"129,0",CHAPECO,Condutor deixou de manter distância do veículo da frente,Colisão traseira,Com Vítimas Feridas,Pleno dia,Crescente,Céu Claro,Simples,Declive,Sim,2,0,1,0,1,0,1,2,-27.04676,-52.63544,SPRF-SC,DEL07-SC,UOP01-DEL07-SC,2022
"471467,0",2022-07-02,sábado,20:00:00,SC,280,"15,0",SAO FRANCISCO DO SUL,Acessar a via sem observar a presença dos outros veículos,Atropelamento de Pedestre,Com Vítimas Feridas,Plena Noite,Decrescente,Céu Claro,Simples,Reta,Não,3,0,2,0,1,0,2,2,-26.33868901,-48.65489598,SPRF-SC,DEL03-SC,UOP03-DEL03-SC,2022
"471478,0",2022-08-31,quarta-feira,18:10:00,SC,470,"135,0",RIO DO SUL,Acessar a via sem observar a presença dos outros veículos,Colisão transversal,Com Vítimas Feridas,Anoitecer,Decrescente,Nublado,Simples,Interseção de Vias;Reta,Sim,2,0,1,0,1,0,1,2,-27.188492,-49.61232,SPRF-SC,DEL04-SC,UOP02-DEL04-SC,2022
"471486,0",2022-08-31,quarta-feira,18:20:00,SC,101,"379,5",ICARA,Conversão proibida,Colisão frontal,Com Vítimas Feridas,Anoitecer,Crescente,Nublado,Simples,Reta,Sim,2,0,0,1,1,0,1,2,-28.74651646,-49.2599038,SPRF-SC,DEL02-SC,UOP02-DEL02-SC,2022
"471488,0",2022-08-07,domingo,18:50:00,SC,282,"491,0",FAXINAL DOS GUEDES,Ingestão de álcool pelo condutor,Colisão frontal,Com Vítimas Feridas,Plena Noite,Crescente,Nevoeiro/Neblina,Simples,Reta,Não,6,0,2,4,0,0,6,2,-26.872433,-52.291599,SPRF-SC,DEL07-SC,UOP01-DEL07-SC,2022
"471498,0",2022-08-31,quarta-feira,17:30:00,SC,101,"46,4",JOINVILLE,Mal súbito do condutor,Tombamento,Com Vítimas Feridas,Anoitecer,Crescente,Nublado,Dupla,Reta,Sim,1,0,1,0,0,0,1,1,-26.33150083,-48.86187762,SPRF-SC,DEL03-SC,UOP01-DEL03-SC,2022
"471501,0",2022-08-14,domingo,21:10:00,SC,282,"341,5",CAMPOS NOVOS,Pedestre cruzava a pista fora da faixa,Atropelamento de Pedestre,Com Vítimas Fatais,Plena Noite,Crescente,Céu Claro,Simples,Reta,Sim,2,1,0,0,1,0,0,2,-27.389957,-51.213387,SPRF-SC,DEL07-SC,UOP06-DEL07-SC,2022
"471548,0",2022-09-01,quinta-feira,04:40:00,SC,280,"56,4",GUARAMIRIM,Retorno proibido,Colisão transversal,Com Vítimas Feridas,Pleno dia,Crescente,Céu Claro,Dupla,Reta,Sim,2,0,1,0,1,0,1,2,-26.47947677,-49.00298702,SPRF-SC,DEL03-SC,UOP03-DEL03-SC,2022
"471569,0",2022-07-31,domingo,09:50:00,SC,282,"30,0",AGUAS MORNAS,Manobra de mudança de faixa,Colisão lateral mesmo sentido,Com Vítimas Feridas,Pleno dia,Crescente,Céu Claro,Simples,Reta,Não,4,0,1,0,3,0,1,2,-27.687376,-48.79071,SPRF-SC,DEL01-SC,UOP03-DEL01-SC,2022
"471582,0",2022-09-01,quinta-feira,08:48:00,SC,282,"2,3",FLORIANOPOLIS,Manobra de mudança de faixa,Colisão lateral mesmo sentido,Com Vítimas Feridas,Pleno dia,Decrescente,Céu Claro,Dupla,Reta,Sim,3,0,2,0,1,0,2,2,-27.603289,-48.590416,SPRF-SC,DEL01-SC,UOP01-DEL01-SC,2022
"471587,0",2022-09-01,quinta-feira,08:00:00,SC,470,"24,0",ILHOTA,Reação tardia ou ineficiente do condutor,Queda de ocupante de veículo,Com Vítimas Feridas,Pleno dia,Crescente,Céu Claro,Dupla,Curva,Não,1,0,1,0,0,0,1,1,-26.881754,-48.856251,SPRF-SC,DEL04-SC,UOP04-DEL04-SC,2022
"471599,0",2022-09-01,quinta-feira,10:15:00,SC,101,"209,0",SAO JOSE,Reação tardia ou ineficiente do condutor,Engavetamento,Com Vítimas Feridas,Pleno dia,Crescente,Céu Claro,Simples,Reta,Sim,6,0,1,0,5,0,1,4,-27.61000542,-48.63895057,SPRF-SC,DEL01-SC,UOP01-DEL01-SC,2022
"471601,0",2022-09-01,quinta-feira,10:20:00,SC,282,"79,0",RANCHO QUEIMADO,Demais falhas mecânicas ou elétricas,Incêndio,Sem Vítimas,Pleno dia,Decrescente,Céu Claro,Simples,Reta,Não,1,0,0,0,1,0,0,1,-27.675831,-49.148048,SPRF-SC,DEL01-SC,UOP03-DEL01-SC,2022
"471620,0",2022-09-01,quinta-feira,13:40:00,SC,101,"198,0",BIGUACU,Velocidade Incompatível,Queda de ocupante de veículo,Com Vítimas Feridas,Pleno dia,Crescente,Céu Claro,Múltipla,Reta,Não,2,0,1,0,1,0,1,2,-27.52658712,-48.63506019,SPRF-SC,DEL01-SC,UOP01-DEL01-SC,2022
"471627,0",2022-09-01,quinta-feira,13:00:00,SC,163,"70,4",SAO MIGUEL DO OESTE,Acessar a via sem observar a presença dos outros veículos,Colisão transversal,Com Vítimas Feridas,Pleno dia,Decrescente,Céu Claro,Dupla,Interseção de Vias;Curva,Sim,2,0,2,0,0,0,2,2,-26.73461723,-53.50680015,SPRF-SC,DEL07-SC,UOP03-DEL07-SC,2022
"471658,0",2022-09-01,quinta-feira,18:00:00,SC,470,"61,0",BLUMENAU,Acessar a via sem observar a presença dos outros veículos,Colisão frontal,Com Vítimas Feridas,Anoitecer,Crescente,Céu Claro,Simples,Reta,Sim,2,0,1,0,1,0,1,2,-26.878952,-49.17421,SPRF-SC,DEL04-SC,UOP01-DEL04-SC,2022
"471686,0",2022-09-01,quinta-feira,21:00:00,SC,101,"151,0",ITAPEMA,Acessar a via sem observar a presença dos outros veículos,Colisão transversal,Com Vítimas Feridas,Plena Noite,Crescente,Céu Claro,Dupla,Rotatória,Sim,3,0,2,0,1,0,2,2,-27.126536,-48.609642,SPRF-SC,DEL04-SC,UOP03-DEL04-SC,2022
"471697,0",2022-09-01,quinta-feira,10:25:00,SC,101,"175,4",BIGUACU,Ingestão de álcool pelo condutor,Tombamento,Com Vítimas Feridas,Plena Noite,Decrescente,Céu Claro,Dupla,Curva,Não,1,0,0,1,0,0,1,1,-27.33963303,-48.62734885,SPRF-SC,DEL01-SC,UOP01-DEL01-SC,2022
"471704,0",2022-09-02,sexta-feira,00:10:00,SC,101,"223,0",PALHOCA,Ingestão de álcool pelo condutor,Queda de ocupante de veículo,Com Vítimas Feridas,Plena Noite,Crescente,Céu Claro,Múltipla,Reta,Não,2,0,1,0,1,0,1,2,-27.71552634,-48.64881251,SPRF-SC,DEL01-SC,UOP02-DEL01-SC,2022
"471715,0",2022-09-02,sexta-feira,02:50:00,SC,282,"622,2",IRACEMINHA,Reação tardia ou ineficiente do condutor,Colisão com objeto,Com Vítimas Feridas,Plena Noite,Decrescente,Chuva,Simples,Curva,Não,4,0,1,0,3,0,1,2,-26.797441,-53.323349,SPRF-SC,DEL07-SC,UOP02-DEL07-SC,2022
"471718,0",2022-09-02,sexta-feira,06:00:00,SC,101,"201,8",SAO JOSE,Condutor deixou de manter distância do veículo da frente,Capotamento,Com Vítimas Feridas,Amanhecer,Crescente,Céu Claro,Múltipla,Reta,Não,1,0,1,0,0,0,1,1,-27.54836599,-48.61977975,SPRF-SC,DEL01-SC,UOP01-DEL01-SC,2022
"471729,0",2022-09-02,sexta-feira,07:40:00,SC,101,"199,0",BIGUACU,Condutor deixou de manter distância do veículo da frente,Colisão traseira,Com Vítimas Feridas,Pleno dia,Crescente,Nublado,Múltipla,Reta,Sim,2,0,0,1,1,0,1,2,-27.53413705,-48.63003205,SPRF-SC,DEL01-SC,UOP01-DEL01-SC,2022
"471741,0",2022-09-02,sexta-feira,08:40:00,SC,101,"207,0",SAO JOSE,Manobra de mudança de faixa,Colisão lateral mesmo sentido,Com Vítimas Feridas,Pleno dia,Crescente,Nublado,Simples,Aclive,Sim,2,0,1,0,1,0,1,2,-27.60001226,-48.6226467,SPRF-SC,DEL01-SC,UOP01-DEL01-SC,2022
"471768,0",2022-09-02,sexta-feira,08:10:00,SC,282,"276,7",SAO JOSE DO CERRITO,Chuva,Saída de leito carroçável,Com Vítimas Fatais,Pleno dia,Crescente,Chuva,Simples,Curva;Declive,Não,4,1,1,1,0,1,2,2,-27.5957441,-50.7323438,SPRF-SC,DEL05-SC,UOP02-DEL05-SC,2022
"471778,0",2022-09-02,sexta-feira,09:35:00,SC,282,"37,1",AGUAS MORNAS,Ausência de reação do condutor,Colisão traseira,Com Vítimas Feridas,Pleno dia,Decrescente,Céu Claro,Simples,Reta,Sim,2,0,0,1,1,0,1,2,-27.707325,-48.842983,SPRF-SC,DEL01-SC,UOP03-DEL01-SC,2022
"471830,0",2022-09-02,sexta-feira,15:00:00,SC,282,"308,0",VARGEM,Avarias e/ou desgaste excessivo no pneu,Saída de leito carroçável,Sem Vítimas,Pleno dia,Crescente,Chuva,Simples,Curva,Não,1,0,0,0,1,0,0,1,-27.49292,-50.971973,SPRF-SC,DEL07-SC,UOP06-DEL07-SC,2022
"471845,0",2022-09-02,sexta-feira,14:30:00,SC,101,"329,0",TUBARAO,Ausência de reação do condutor,Saída de leito carroçável,Com Vítimas Feridas,Pleno dia,Decrescente,Nublado,Dupla,Curva,Não,1,0,0,1,0,0,1,1,-28.44404822,-48.96611372,SPRF-SC,DEL02-SC,UOP01-DEL02-SC,2022
"471850,0",2022-09-02,sexta-feira,17:15:00,SC,101,"331,0",TUBARAO,Desrespeitar a preferência no cruzamento,Colisão transversal,Com Vítimas Feridas,Anoitecer,Decrescente,Chuva,Simples,Interseção de Vias,Sim,3,0,1,0,2,0,1,2,-28.45567521,-48.9812689,SPRF-SC,DEL02-SC,UOP01-DEL02-SC,2022
"471866,0",2022-09-02,sexta-feira,18:30:00,SC,101,"198,7",SAO JOSE,Manobra de mudança de faixa,Colisão lateral mesmo sentido,Com Vítimas Feridas,Plena Noite,Crescente,Céu Claro,Múltipla,Reta,Sim,2,0,0,1,0,1,1,2,-27.52658712,-48.63506019,SPRF-SC,DEL01-SC,UOP01-DEL01-SC,2022
"471867,0",2022-09-02,sexta-feira,18:30:00,SC,101,"222,0",PALHOCA,Manobra de mudança de faixa,Colisão lateral mesmo sentido,Com Vítimas Feridas,Plena Noite,Crescente,Chuva,Dupla,Reta,Não,4,0,1,0,3,0,1,3,-27.70865409,-48.65586407,SPRF-SC,DEL01-SC,UOP02-DEL01-SC,2022
"471869,0",2022-09-02,sexta-feira,17:50:00,SC,480,"130,0",CHAPECO,Velocidade Incompatível,Colisão traseira,Sem Vítimas,Pleno dia,Crescente,Garoa/Chuvisco,Dupla,Reta,Sim,2,0,0,0,2,0,0,2,-27.05534298,-52.63652069,SPRF-SC,DEL07-SC,UOP01-DEL07-SC,2022
"471887,0",2022-09-02,sexta-feira,20:00:00,SC,101,"205,7",SAO JOSE,Condutor deixou de manter distância do veículo da frente,Colisão traseira,Com Vítimas Feridas,Plena Noite,Crescente,Garoa/Chuvisco,Dupla,Reta,Sim,3,0,2,0,1,0,2,2,-27.58313237,-48.61532885,SPRF-SC,DEL01-SC,UOP01-DEL01-SC,2022
"471890,0",2022-09-02,sexta-feira,19:12:00,SC,101,"100,7",BALNEARIO PICARRAS,Ausência de reação do condutor,Colisão transversal,Com Vítimas Feridas,Plena Noite,Decrescente,Garoa/Chuvisco,Múltipla,Interseção de Vias,Sim,2,0,0,1,1,0,1,2,-26.76258664,-48.68621349,SPRF-SC,DEL03-SC,UOP02-DEL03-SC,2022
"471894,0",2022-09-02,sexta-feira,20:00:00,SC,101,"311,0",LAGUNA,Desrespeitar a preferência no cruzamento,Atropelamento de Pedestre,Com Vítimas Feridas,Plena Noite,Decrescente,Chuva,Simples,Reta,Sim,2,0,0,2,0,0,2,2,-28.42531311,-48.80068884,SPRF-SC,DEL02-SC,UOP01-DEL02-SC,2022
"471906,0",2022-09-02,sexta-feira,20:09:00,SC,101,"106,8",PENHA,Transitar na contramão,Colisão frontal,Com Vítimas Fatais,Plena Noite,Decrescente,Chuva,Dupla,Reta,Não,2,1,0,0,1,0,0,2,-26.817284,-48.683224,SPRF-SC,DEL03-SC,UOP02-DEL03-SC,2022
"471919,0",2022-09-02,sexta-feira,21:00:00,SC,0,"0,0",MONTE CASTELO,Ausência de reação do condutor,Saída de leito carroçável,Com Vítimas Feridas,Plena Noite,Não Informado,Chuva,Simples,Reta,Sim,1,0,1,0,0,0,1,1,-26.46230798,-50.22970861,SPRF-SC,DEL06-SC,UOP02-DEL06-SC,2022
"471946,0",2022-09-03,sábado,00:30:00,SC,101,"56,0",ARAQUARI,Condutor usando celular,Colisão transversal,Com Vítimas Feridas,Plena Noite,Crescente,Garoa/Chuvisco,Dupla,Reta,Não,6,0,1,0,5,0,1,2,-26.43207484,-48.82263984,SPRF-SC,DEL03-SC,UOP01-DEL03-SC,2022
"471955,0",2022-09-03,sábado,01:00:00,SC,282,"143,0",BOM RETIRO,Chuva,Saída de leito carroçável,Com Vítimas Feridas,Plena Noite,Crescente,Chuva,Simples,Reta,Não,1,0,1,0,0,0,1,1,-27.811066,-49.615063,SPRF-SC,DEL05-SC,UOP01-DEL05-SC,2022
"471980,0",2022-09-03,sábado,07:50:00,SC,101,"130,0",ITAJAI,Reação tardia ou ineficiente do condutor,Colisão com objeto,Sem Vítimas,Pleno dia,Decrescente,Garoa/Chuvisco,Dupla,Reta,Sim,1,0,0,0,0,1,0,1,-26.98407618,-48.66977107,SPRF-SC,DEL04-SC,UOP03-DEL04-SC,2022
"471982,0",2022-04-16,sábado,17:14:00,SC,101,"128,0",ITAJAI,Mal súbito do condutor,Colisão lateral mesmo sentido,Com Vítimas Feridas,Pleno dia,Crescente,Céu Claro,Dupla,Reta,Não,1,0,0,1,0,0,1,1,-26.97284292,-48.68299451,SPRF-SC,DEL04-SC,UOP03-DEL04-SC,2022
"471992,0",2022-09-03,sábado,08:15:00,SC,285,"42,8",TIMBE DO SUL,Problema com o freio,Saída de leito carroçável,Com Vítimas Feridas,Pleno dia,Decrescente,Céu Claro,Simples,Curva;Declive,Não,5,0,3,1,1,0,4,1,-28.8575608,-49.78436581,SPRF-SC,DEL02-SC,UOP02-DEL02-SC,2022
"471996,0",2022-09-03,sábado,08:45:00,SC,282,"354,0",ERVAL VELHO,Demais falhas mecânicas ou elétricas,Incêndio,Sem Vítimas,Pleno dia,Decrescente,Céu Claro,Simples,Curva,Não,1,0,0,0,1,0,0,1,-27.35796,-51.330452,SPRF-SC,DEL07-SC,UOP06-DEL07-SC,2022
"471999,0",2022-09-03,sábado,06:10:00,SC,153,"13,1",AGUA DOCE,Reação tardia ou ineficiente do condutor,Saída de leito carroçável,Com Vítimas Feridas,Amanhecer,Crescente,Nublado,Simples,Interseção de Vias,Não,2,0,2,0,0,0,2,1,-26.69823208,-51.57497406,SPRF-SC,DEL07-SC,UOP05-DEL07-SC,2022
"472010,0",2022-09-03,sábado,07:30:00,SC,280,"101,0",SAO BENTO DO SUL,Chuva,Saída de leito carroçável,Sem Vítimas,Amanhecer,Decrescente,Chuva,Simples,Declive,Não,1,0,0,0,0,1,0,1,-26.3647522,-49.33526222,SPRF-SC,DEL06-SC,UOP03-DEL06-SC,2022
"472018,0",2022-09-03,sábado,11:40:00,SC,101,"203,2",SAO JOSE,Manobra de mudança de faixa,Colisão lateral mesmo sentido,Com Vítimas Feridas,Pleno dia,Crescente,Céu Claro,Múltipla,Reta,Sim,2,0,1,1,0,0,2,1,-27.5650044,-48.61460082,SPRF-SC,DEL01-SC,UOP01-DEL01-SC,2022
"472024,0",2022-09-03,sábado,12:20:00,SC,101,"204,0",SAO JOSE,Obras na pista,Colisão traseira,Com Vítimas Feridas,Pleno dia,Crescente,Nublado,Dupla,Reta,Sim,4,0,0,1,3,0,1,4,-27.57413014,-48.61363083,SPRF-SC,DEL01-SC,UOP01-DEL01-SC,2022
"472036,0",2022-09-03,sábado,11:00:00,SC,282,"269,3",SAO JOSE DO CERRITO,Manobra de mudança de faixa,Saída de leito carroçável,Com Vítimas Feridas,Pleno dia,Decrescente,Céu Claro,Simples,Reta,Não,2,0,2,0,0,0,2,1,-27.616257,-50.667435,SPRF-SC,DEL05-SC,UOP02-DEL05-SC,2022
"472040,0",2022-09-03,sábado,11:35:00,SC,282,"375,9",HERVAL DOESTE,Modificação proibida,Colisão lateral mesmo sentido,Sem Vítimas,Pleno dia,Crescente,Céu Claro,Simples,Reta,Não,3,0,0,0,3,0,0,2,-27.228022,-51.456421,SPRF-SC,DEL07-SC,UOP05-DEL07-SC,2022
"472045,0",2022-09-03,sábado,14:30:00,SC,101,"69,0",ARAQUARI,Condutor deixou de manter distância do veículo da frente,Colisão lateral mesmo sentido,Com Vítimas Feridas,Pleno dia,Crescente,Céu Claro,Dupla,Reta,Não,4,0,2,0,2,0,2,2,-26.50298009,-48.72814515,SPRF-SC,DEL03-SC,UOP02-DEL03-SC,2022
"472046,0",2022-09-03,sábado,10:40:00,SC,280,"192,3",MAFRA,Transitar na contramão,Colisão frontal,Com Vítimas Fatais,Pleno dia,Decrescente,Nublado,Simples,Aclive;Reta,Não,12,1,3,6,2,0,9,3,-26.1796298,-49.9943763,SPRF-SC,DEL06-SC,UOP01-DEL06-SC,2022