id,data_inversa,dia_semana,horario,uf,br,km,municipio,causa_acidente,tipo_acidente,classificacao_acidente,fase_dia,sentido_via,condicao_metereologica,tipo_pista,tracado_via,uso_solo,pessoas,mortos,feridos_leves,feridos_graves,ilesos,ignorados,feridos,veiculos,latitude,longitude,regional,delegacia,uop,ano_arquivo
"474348,0",2022-09-14,quarta-feira,13:30:00,SC,280,"4,1",SAO FRANCISCO DO SUL,Conversão proibida,Colisão transversal,Com Vítimas Feridas,Pleno dia,Crescente,Nublado,Simples,Reta,Sim,2,0,1,0,0,1,1,2,-26.25329566,-48.61916042,SPRF-SC,DEL03-SC,UOP03-DEL03-SC,2022
"474354,0",2022-09-14,quarta-feira,13:15:00,SC,101,"163,0",TIJUCAS,Reação tardia ou ineficiente do condutor,Tombamento,Com Vítimas Feridas,Pleno dia,Crescente,Nublado,Simples,Reta,Sim,3,0,0,2,1,0,2,2,-27.23461699,-48.63039809,SPRF-SC,DEL04-SC,UOP03-DEL04-SC,2022
"474358,0",2022-09-14,quarta-feira,13:50:00,SC,101,"409,9",ARARANGUA,Condutor deixou de manter distância do veículo da frente,Colisão traseira,Sem Vítimas,Pleno dia,Crescente,Céu Claro,Simples,Interseção de Vias;Rotatória,Sim,4,0,0,0,4,0,0,2,-28.93983836,-49.49766755,SPRF-SC,DEL02-SC,UOP02-DEL02-SC,2022
"474373,0",2022-09-14,quarta-feira,15:25:00,SC,280,"29,9",ARAQUARI,Ausência de reação do condutor,Tombamento,Com Vítimas Feridas,Pleno dia,Crescente,Céu Claro,Simples,Reta,Não,1,0,0,1,0,0,1,1,-26.41066264,-48.75295628,SPRF-SC,DEL03-SC,UOP03-DEL03-SC,2022
"474384,0",2022-09-09,sexta-feira,21:40:00,SC,280,"67,4",JARAGUA DO SUL,Desrespeitar a preferência no cruzamento,Colisão transversal,Com Vítimas Feridas,Plena Noite,Decrescente,Céu Claro,Simples,Reta,Sim,2,0,0,1,1,0,1,2,-26.47606607,-49.09568797,SPRF-SC,DEL03-SC,UOP03-DEL03-SC,2022
"474405,0",2022-09-14,quarta-feira,17:20:00,SC,101,"341,4",TUBARAO,Velocidade Incompatível,Colisão transversal,Com Vítimas Feridas,Pleno dia,Decrescente,Nublado,Múltipla,Viaduto,Sim,3,0,1,1,1,0,2,2,-28.52515853,-49.05632079,SPRF-SC,DEL02-SC,UOP01-DEL02-SC,2022
"474458,0",2022-09-15,quinta-feira,00:30:00,SC,280,"7,7",SAO FRANCISCO DO SUL,Ausência de reação do condutor,Atropelamento de Animal,Sem Vítimas,Plena Noite,Decrescente,Garoa/Chuvisco,Simples,Curva;Declive,Sim,4,0,0,0,2,2,0,4,-26.27127101,-48.64129599,SPRF-SC,DEL03-SC,UOP03-DEL03-SC,2022
"474459,0",2022-09-15,quinta-feira,02:30:00,SC,101,"416,1",ARARANGUA,Ausência de reação do condutor,Capotamento,Com Vítimas Feridas,Plena Noite,Decrescente,Chuva,Múltipla,Reta,Sim,1,0,1,0,0,0,1,1,-28.97355679,-49.52995062,SPRF-SC,DEL02-SC,UOP02-DEL02-SC,2022
"474463,0",2022-09-15,quinta-feira,04:30:00,SC,101,"93,0",BARRA VELHA,Acessar a via sem observar a presença dos outros veículos,Queda de ocupante de veículo,Com Vítimas Feridas,Plena Noite,Decrescente,Céu Claro,Múltipla,Reta,Não,1,0,1,0,0,0,1,1,-26.6899011,-48.69663873,SPRF-SC,DEL03-SC,UOP02-DEL03-SC,2022
"474517,0",2022-07-29,sexta-feira,10:45:00,SC,282,"94,0",ALFREDO WAGNER,Condutor deixou de manter distância do veículo da frente,Colisão traseira,Com Vítimas Feridas,Pleno dia,Crescente,Céu Claro,Simples,Reta,Não,2,0,0,1,1,0,1,2,-27.710436,-49.245926,SPRF-SC,DEL01-SC,UOP03-DEL01-SC,2022
"474565,0",2022-06-14,terça-feira,09:30:00,SC,101,"226,0",PALHOCA,Velocidade Incompatível,Colisão lateral mesmo sentido,Com Vítimas Feridas,Pleno dia,Decrescente,Céu Claro,Dupla,Reta,Não,3,0,2,0,0,1,2,2,-27.74200001,-48.63806504,SPRF-SC,DEL01-SC,UOP02-DEL01-SC,2022
"474588,0",2022-09-15,quinta-feira,19:15:00,SC,101,"434,2",SOMBRIO,Desrespeitar a preferência no cruzamento,Colisão frontal,Com Vítimas Feridas,Plena Noite,Crescente,Nublado,Simples,Reta,Sim,3,0,0,2,1,0,2,2,-29.09075196,-49.63226114,SPRF-SC,DEL02-SC,UOP02-DEL02-SC,2022
"474613,0",2022-09-15,quinta-feira,20:55:00,SC,163,"76,6",SAO MIGUEL DO OESTE,Ausência de sinalização,Tombamento,Com Vítimas Feridas,Plena Noite,Decrescente,Nublado,Simples,Aclive,Sim,1,0,1,0,0,0,1,1,-26.67796762,-53.51571321,SPRF-SC,DEL07-SC,UOP03-DEL07-SC,2022
"474636,0",2022-09-16,sexta-feira,00:45:00,SC,470,"182,0",POUSO REDONDO,Condutor Dormindo,Saída de leito carroçável,Com Vítimas Feridas,Plena Noite,Crescente,Céu Claro,Simples,Reta,Não,1,0,1,0,0,0,1,1,-27.252682,-50.006802,SPRF-SC,DEL04-SC,UOP02-DEL04-SC,2022
"474639,0",2022-09-16,sexta-feira,03:10:00,SC,101,"460,0",PASSO DE TORRES,Condutor Dormindo,Saída de leito carroçável,Com Vítimas Feridas,Plena Noite,Crescente,Garoa/Chuvisco,Dupla,Reta,Não,1,0,1,0,0,0,1,1,-29.25788799,-49.7565232,SPRF-RS,DEL03-RS,UOP02-DEL03-RS,2022
"474653,0",2022-09-16,sexta-feira,05:45:00,SC,470,"7,0",NAVEGANTES,Reação tardia ou ineficiente do condutor,Capotamento,Com Vítimas Feridas,Amanhecer,Crescente,Garoa/Chuvisco,Simples,Em Obras,Sim,1,0,0,1,0,0,1,1,-26.84499,-48.71505,SPRF-SC,DEL04-SC,UOP04-DEL04-SC,2022
"474690,0",2022-09-16,sexta-feira,09:50:00,SC,101,"123,0",ITAJAI,Avarias e/ou desgaste excessivo no pneu,Colisão traseira,Com Vítimas Feridas,Pleno dia,Crescente,Nublado,Dupla,Viaduto,Sim,2,0,1,0,1,0,1,2,-26.93668609,-48.69876905,SPRF-SC,DEL04-SC,UOP04-DEL04-SC,2022
"474709,0",2022-09-16,sexta-feira,11:35:00,SC,101,"204,3",SAO JOSE,Condutor deixou de manter distância do veículo da frente,Tombamento,Com Vítimas Feridas,Pleno dia,Decrescente,Garoa/Chuvisco,Dupla,Declive,Sim,1,0,1,0,0,0,1,1,-27.57413014,-48.61363083,SPRF-SC,DEL01-SC,UOP01-DEL01-SC,2022
"474715,0",2022-03-12,sábado,03:25:00,SC,470,"125,0",LONTRAS,Ingestão de álcool pelo condutor,Capotamento,Com Vítimas Feridas,Plena Noite,Decrescente,Chuva,Simples,Curva,Não,4,0,0,2,2,0,2,3,-27.129,-49.538277,SPRF-SC,DEL04-SC,UOP02-DEL04-SC,2022
"474748,0",2022-09-16,sexta-feira,15:40:00,SC,101,"127,0",ITAJAI,Trafegar com motocicleta (ou similar) entre as faixas,Colisão traseira,Com Vítimas Feridas,Pleno dia,Decrescente,Nublado,Dupla,Reta,Não,2,0,0,1,1,0,1,2,-26.9639319,-48.68328024,SPRF-SC,DEL04-SC,UOP04-DEL04-SC,2022
"474763,0",2022-09-16,sexta-feira,16:40:00,SC,101,"146,0",ITAPEMA,Condutor deixou de manter distância do veículo da frente,Colisão traseira,Com Vítimas Feridas,Pleno dia,Decrescente,Nublado,Dupla,Reta,Não,4,0,2,0,2,0,2,3,-27.08666525,-48.60955587,SPRF-SC,DEL04-SC,UOP03-DEL04-SC,2022
"474787,0",2022-09-16,sexta-feira,18:50:00,SC,101,"211,2",SAO JOSE,Reação tardia ou ineficiente do condutor,Colisão traseira,Com Vítimas Feridas,Plena Noite,Decrescente,Nublado,Múltipla,Reta,Sim,2,0,0,1,1,0,1,2,-27.62329313,-48.65245588,SPRF-SC,DEL01-SC,UOP02-DEL01-SC,2022
"474797,0",2022-09-16,sexta-feira,19:30:00,SC,101,"212,1",PALHOCA,Condutor deixou de manter distância do veículo da frente,Colisão lateral mesmo sentido,Com Vítimas Feridas,Plena Noite,Decrescente,Garoa/Chuvisco,Múltipla,Reta,Sim,2,0,1,0,0,1,1,2,-27.62996929,-48.65903871,SPRF-SC,DEL01-SC,UOP02-DEL01-SC,2022
"474802,0",2022-09-16,sexta-feira,19:00:00,SC,282,"19,3",PALHOCA,Reação tardia ou ineficiente do condutor,Colisão traseira,Com Vítimas Feridas,Plena Noite,Crescente,Garoa/Chuvisco,Simples,Aclive;Reta,Não,3,0,1,1,1,0,2,2,-27.678635,-48.70192,SPRF-SC,DEL01-SC,UOP02-DEL01-SC,2022
"474803,0",2022-09-16,sexta-feira,18:00:00,SC,280,"109,6",SAO BENTO DO SUL,Acessar a via sem observar a presença dos outros veículos,Colisão transversal,Com Vítimas Feridas,Anoitecer,Crescente,Garoa/Chuvisco,Simples,Curva,Não,2,0,0,1,1,0,1,2,-26.327628,-49.382239,SPRF-SC,DEL06-SC,UOP03-DEL06-SC,2022
"474809,0",2022-09-16,sexta-feira,19:45:00,SC,101,"206,1",SAO JOSE,Reação tardia ou ineficiente do condutor,Colisão traseira,Com Vítimas Feridas,Plena Noite,Decrescente,Nublado,Múltipla,Interseção de Vias,Sim,4,0,2,0,2,0,2,2,-27.59193546,-48.61824557,SPRF-SC,DEL01-SC,UOP01-DEL01-SC,2022
"474819,0",2022-05-23,segunda-feira,09:30:00,SC,101,"25,0",JOINVILLE,Acesso irregular,Colisão transversal,Com Vítimas Feridas,Pleno dia,Decrescente,Céu Claro,Dupla,Reta,Não,2,0,0,1,1,0,1,2,-26.1834739,-48.9105912,SPRF-SC,DEL03-SC,UOP01-DEL03-SC,2022
"474842,0",2022-09-16,sexta-feira,17:30:00,SC,282,"584,5",PINHALZINHO,Condutor Dormindo,Colisão com objeto,Sem Vítimas,Plena Noite,Decrescente,Céu Claro,Simples,Reta,Não,1,0,0,0,1,0,0,1,-26.8308378621,-53.0242226197,SPRF-SC,DEL07-SC,UOP02-DEL07-SC,2022
"474843,0",2022-09-16,sexta-feira,21:30:00,SC,163,"71,4",SAO MIGUEL DO OESTE,Reação tardia ou ineficiente do condutor,Colisão traseira,Sem Vítimas,Plena Noite,Decrescente,Céu Claro,Dupla,Aclive;Reta,Sim,2,0,0,0,2,0,0,2,-26.72481772,-53.51354599,SPRF-SC,DEL07-SC,UOP03-DEL07-SC,2022
"474845,0",2022-09-16,sexta-feira,23:20:00,SC,101,"193,0",BIGUACU,Ingestão de álcool pelo condutor,Saída de leito carroçável,Com Vítimas Feridas,Plena Noite,Crescente,Chuva,Múltipla,Reta,Sim,1,0,1,0,0,0,1,1,-27.489574,-48.655914,SPRF-SC,DEL01-SC,UOP01-DEL01-SC,2022
"474880,0",2022-09-17,sábado,03:40:00,SC,101,"199,0",BIGUACU,Demais falhas mecânicas ou elétricas,Incêndio,Sem Vítimas,Plena Noite,Crescente,Nublado,Múltipla,Reta,Sim,1,0,0,0,0,1,0,1,-27.53413705,-48.63003205,SPRF-SC,DEL01-SC,UOP01-DEL01-SC,2022
"474916,0",2022-09-17,sábado,07:15:00,SC,101,"148,0",ITAPEMA,Acessar a via sem observar a presença dos outros veículos,Colisão transversal,Com Vítimas Feridas,Pleno dia,Crescente,Céu Claro,Dupla,Reta,Sim,2,0,0,1,1,0,1,2,-27.10123686,-48.61807962,SPRF-SC,DEL04-SC,UOP03-DEL04-SC,2022
"474920,0",2022-09-17,sábado,06:30:00,SC,101,"207,0",SAO JOSE,Desrespeitar a preferência no cruzamento,Colisão transversal,Com Vítimas Feridas,Pleno dia,Crescente,Nublado,Múltipla,Interseção de Vias,Sim,2,0,1,0,1,0,1,2,-27.60001226,-48.6226467,SPRF-SC,DEL01-SC,UOP01-DEL01-SC,2022
"474928,0",2022-09-17,sábado,07:20:00,SC,101,"146,8",ITAPEMA,Desrespeitar a preferência no cruzamento,Colisão transversal,Com Vítimas Feridas,Pleno dia,Crescente,Céu Claro,Dupla,Reta,Sim,2,0,1,0,0,1,1,2,-27.08666525,-48.60955587,SPRF-SC,DEL04-SC,UOP03-DEL04-SC,2022
"474942,0",2022-09-17,sábado,08:30:00,SC,101,"232,8",PALHOCA,Avarias e/ou desgaste excessivo no pneu,Queda de ocupante de veículo,Com Vítimas Feridas,Pleno dia,Crescente,Céu Claro,Dupla,Curva,Não,1,0,1,0,0,0,1,1,-27.795666,-48.638153,SPRF-SC,DEL01-SC,UOP02-DEL01-SC,2022
"474945,0",2022-09-17,sábado,11:00:00,SC,101,"146,0",ITAPEMA,Acessar a via sem observar a presença dos outros veículos,Colisão transversal,Com Vítimas Feridas,Pleno dia,Crescente,Céu Claro,Dupla,Interseção de Vias,Sim,3,0,2,0,1,0,2,2,-27.08666525,-48.60955587,SPRF-SC,DEL04-SC,UOP03-DEL04-SC,2022
"474961,0",2022-09-17,sábado,12:20:00,SC,101,"133,8",BALNEARIO CAMBORIU,Desrespeitar a preferência no cruzamento,Colisão transversal,Com Vítimas Feridas,Pleno dia,Crescente,Céu Claro,Dupla,Reta,Sim,2,0,1,0,1,0,1,2,-27.00218,-48.636433,SPRF-SC,DEL04-SC,UOP03-DEL04-SC,2022
"474983,0",2022-09-17,sábado,07:50:00,SC,282,"115,6",ALFREDO WAGNER,Velocidade Incompatível,Capotamento,Com Vítimas Feridas,Pleno dia,Decrescente,Nublado,Simples,Reta,Não,5,0,4,0,1,0,4,1,-27.755424,-49.39444,SPRF-SC,DEL01-SC,UOP03-DEL01-SC,2022
"474994,0",2022-09-17,sábado,14:40:00,SC,280,"38,4",ARAQUARI,Reação tardia ou ineficiente do condutor,Colisão transversal,Com Vítimas Feridas,Pleno dia,Decrescente,Nublado,Simples,Reta,Não,4,0,2,2,0,0,4,2,-26.44812855,-48.82794004,SPRF-SC,DEL03-SC,UOP03-DEL03-SC,2022
"474997,0",2022-09-17,sábado,16:20:00,SC,101,"149,0",ITAPEMA,Trafegar com motocicleta (ou similar) entre as faixas,Colisão lateral mesmo sentido,Com Vítimas Feridas,Pleno dia,Decrescente,Céu Claro,Múltipla,Reta,Não,3,0,1,0,2,0,1,2,-27.1089649,-48.61277586,SPRF-SC,DEL04-SC,UOP03-DEL04-SC,2022
"474998,0",2022-09-17,sábado,16:45:00,SC,101,"149,0",ITAPEMA,Velocidade Incompatível,Engavetamento,Sem Vítimas,Pleno dia,Decrescente,Céu Claro,Dupla,Reta,Sim,10,0,0,0,9,1,0,5,-27.10392711,-48.61647606,SPRF-SC,DEL04-SC,UOP03-DEL04-SC,2022
"475007,0",2022-09-17,sábado,17:00:00,SC,101,"204,0",SAO JOSE,Condutor deixou de manter distância do veículo da frente,Colisão traseira,Sem Vítimas,Pleno dia,Crescente,Nublado,Múltipla,Reta,Sim,4,0,0,0,3,1,0,3,-27.57413014,-48.61363083,SPRF-SC,DEL01-SC,UOP01-DEL01-SC,2022
"475024,0",2022-09-17,sábado,17:30:00,SC,101,"208,3",SAO JOSE,Condutor deixou de manter distância do veículo da frente,Colisão traseira,Com Vítimas Feridas,Anoitecer,Decrescente,Céu Claro,Múltipla,Reta,Sim,3,0,1,0,2,0,1,2,-27.60327979,-48.63201818,SPRF-SC,DEL01-SC,UOP01-DEL01-SC,2022
"475026,0",2022-09-17,sábado,18:00:00,SC,101,"207,0",SAO JOSE,Condutor deixou de manter distância do veículo da frente,Colisão traseira,Com Vítimas Feridas,Anoitecer,Crescente,Nublado,Dupla,Reta,Sim,2,0,1,0,1,0,1,2,-27.60001226,-48.6226467,SPRF-SC,DEL01-SC,UOP01-DEL01-SC,2022
"475032,0",2022-09-17,sábado,19:10:00,SC,280,"59,8",GUARAMIRIM,Reação tardia ou ineficiente do condutor,Colisão transversal,Com Vítimas Feridas,Plena Noite,Crescente,Nublado,Simples,Curva,Sim,2,0,1,0,1,0,1,2,-26.47537495,-49.03131723,SPRF-SC,DEL03-SC,UOP03-DEL03-SC,2022
"475036,0",2022-09-17,sábado,18:45:00,SC,470,"33,3",GASPAR,Ausência de reação do condutor,Colisão transversal,Com Vítimas Feridas,Plena Noite,Crescente,Nublado,Dupla,Reta,Não,2,0,1,0,1,0,1,2,-26.906223,-48.940575,SPRF-SC,DEL04-SC,UOP01-DEL04-SC,2022
"475038,0",2022-09-17,sábado,19:00:00,SC,101,"357,0",SANGAO,Acessar a via sem observar a presença dos outros veículos,Colisão frontal,Com Vítimas Feridas,Plena Noite,Decrescente,Ignorado,Dupla,Retorno Regulamentado,Não,2,0,1,0,1,0,1,2,-28.644,-49.101,SPRF-SC,DEL02-SC,UOP01-DEL02-SC,2022
"475055,0",2022-09-17,sábado,20:20:00,SC,101,"213,0",PALHOCA,Ultrapassagem Indevida,Colisão lateral mesmo sentido,Sem Vítimas,Plena Noite,Crescente,Céu Claro,Dupla,Reta,Sim,2,0,0,0,2,0,0,2,-27.63697369,-48.66514142,SPRF-SC,DEL01-SC,UOP02-DEL01-SC,2022
"475084,0",2022-09-17,sábado,20:15:00,SC,282,"676,3",PARAISO,Transitar na contramão,Colisão frontal,Com Vítimas Fatais,Plena Noite,Decrescente,Céu Claro,Simples,Curva;Aclive,Não,3,2,0,1,0,0,1,2,-26.614067,-53.68462,SPRF-SC,DEL07-SC,UOP03-DEL07-SC,2022
"475097,0",2022-09-18,domingo,01:30:00,SC,101,"199,0",BIGUACU,Animais na Pista,Atropelamento de Animal,Com Vítimas Feridas,Plena Noite,Decrescente,Nublado,Dupla,Reta,Sim,1,0,1,0,0,0,1,1,-27.53413705,-48.63003205,SPRF-SC,DEL01-SC,UOP01-DEL01-SC,2022
"475098,0",2022-09-18,domingo,01:10:00,SC,282,"47,9",AGUAS MORNAS,Ingestão de álcool pelo condutor,Saída de leito carroçável,Com Vítimas Feridas,Plena Noite,Decrescente,Céu Claro,Simples,Curva,Não,1,0,1,0,0,0,1,1,-27.721771,-48.934837,SPRF-SC,DEL01-SC,UOP03-DEL01-SC,2022
"475110,0",2022-09-18,domingo,02:45:00,SC,101,"214,5",PALHOCA,Velocidade Incompatível,Colisão traseira,Com Vítimas Feridas,Plena Noite,Decrescente,Céu Claro,Múltipla,Reta,Não,3,0,1,0,2,0,1,2,-27.64443,-48.67057,SPRF-SC,DEL01-SC,UOP02-DEL01-SC,2022
"475115,0",2022-09-17,sábado,08:30:00,SC,101,"292,7",IMBITUBA,Reação tardia ou ineficiente do condutor,Tombamento,Com Vítimas Feridas,Pleno dia,Decrescente,Céu Claro,Simples,Reta,Não,1,0,0,1,0,0,1,1,-28.278057,-48.700386,SPRF-SC,DEL02-SC,UOP03-DEL02-SC,2022
"475120,0",2022-09-17,sábado,22:45:00,SC,470,"58,1",BLUMENAU,Acessar a via sem observar a presença dos outros veículos,Colisão transversal,Com Vítimas Feridas,Plena Noite,Decrescente,Nublado,Simples,Retorno Regulamentado,Sim,2,0,0,1,1,0,1,2,-26.883879,-49.145622,SPRF-SC,DEL04-SC,UOP01-DEL04-SC,2022
"475126,0",2022-09-18,domingo,01:00:00,SC,470,"43,3",BLUMENAU,Ausência de reação do condutor,Saída de leito carroçável,Com Vítimas Feridas,Plena Noite,Crescente,Nublado,Simples,Reta,Não,1,0,1,0,0,0,1,1,-26.874519,-49.013454,SPRF-SC,DEL04-SC,UOP01-DEL04-SC,2022
"475163,0",2022-09-18,domingo,08:10:00,SC,101,"214,0",PALHOCA,Condutor deixou de manter distância do veículo da frente,Colisão traseira,Com Vítimas Feridas,Pleno dia,Decrescente,Nublado,Dupla,Interseção de Vias,Sim,2,0,1,0,0,1,1,2,-27.64443,-48.67057,SPRF-SC,DEL01-SC,UOP02-DEL01-SC,2022
"475168,0",2022-09-17,sábado,16:00:00,SC,470,"15,6",ILHOTA,Velocidade Incompatível,Saída de leito carroçável,Com Vítimas Feridas,Pleno dia,Crescente,Céu Claro,Dupla,Reta,Não,1,0,1,0,0,0,1,1,-26.839785,-48.785534,SPRF-SC,DEL04-SC,UOP04-DEL04-SC,2022
"475174,0",2022-09-18,domingo,08:35:00,SC,101,"53,5",JOINVILLE,Reação tardia ou ineficiente do condutor,Saída de leito carroçável,Com Vítimas Feridas,Pleno dia,Crescente,Chuva,Dupla,Curva,Não,1,0,1,0,0,0,1,1,-26.40231201,-48.83969703,SPRF-SC,DEL03-SC,UOP01-DEL03-SC,2022
"475182,0",2022-09-18,domingo,08:30:00,SC,282,"405,0",CATANDUVAS,Manobra de mudança de faixa,Colisão lateral sentido oposto,Com Vítimas Feridas,Pleno dia,Crescente,Céu Claro,Simples,Reta,Não,4,0,1,1,1,1,2,3,-27.09829211,-51.651299,SPRF-SC,DEL07-SC,UOP05-DEL07-SC,2022
"475188,0",2022-09-18,domingo,10:45:00,SC,101,"364,0",SANGAO,Ausência de reação do condutor,Queda de ocupante de veículo,Com Vítimas Feridas,Pleno dia,Decrescente,Céu Claro,Dupla,Reta,Não,1,0,0,1,0,0,1,1,-28.67821759,-49.13926425,SPRF-SC,DEL02-SC,UOP01-DEL02-SC,2022
"475220,0",2022-09-18,domingo,14:10:00,SC,282,"512,1",XANXERE,Ultrapassagem Indevida,Colisão transversal,Com Vítimas Feridas,Pleno dia,Crescente,Céu Claro,Simples,Curva,Não,5,0,0,2,2,1,2,3,-26.910799,-52.472099,SPRF-SC,DEL07-SC,UOP01-DEL07-SC,2022
"475235,0",2022-09-18,domingo,16:30:00,SC,101,"119,9",ITAJAI,Pedestre cruzava a pista fora da faixa,Queda de ocupante de veículo,Com Vítimas Feridas,Pleno dia,Crescente,Céu Claro,Múltipla,Reta,Sim,2,0,1,0,0,1,1,2,-26.9043179,-48.71555481,SPRF-SC,DEL04-SC,UOP04-DEL04-SC,2022
"475237,0",2022-09-18,domingo,16:35:00,SC,101,"204,0",SAO JOSE,Ingestão de álcool pelo condutor,Colisão com objeto,Sem Vítimas,Pleno dia,Decrescente,Céu Claro,Múltipla,Reta,Sim,3,0,0,0,1,2,0,3,-27.57413014,-48.61363083,SPRF-SC,DEL01-SC,UOP01-DEL01-SC,2022
"475265,0",2022-09-18,domingo,18:40:00,SC,101,"119,5",ITAJAI,Manobra de mudança de faixa,Colisão lateral mesmo sentido,Com Vítimas Feridas,Plena Noite,Decrescente,Céu Claro,Múltipla,Reta,Sim,2,0,1,0,1,0,1,2,-26.9043179,-48.71555481,SPRF-SC,DEL04-SC,UOP04-DEL04-SC,2022
"475274,0",2022-09-18,domingo,19:00:00,SC,101,"117,0",ITAJAI,Acessar a via sem observar a presença dos outros veículos,Colisão transversal,Sem Vítimas,Plena Noite,Decrescente,Céu Claro,Múltipla,Rotatória,Sim,2,0,0,0,1,1,0,2,-26.89049744,-48.72056723,SPRF-SC,DEL04-SC,UOP04-DEL04-SC,2022
"475277,0",2022-09-18,domingo,15:00:00,SC,101,"147,0",ITAPEMA,Acessar a via sem observar a presença dos outros veículos,Colisão transversal,Com Vítimas Feridas,Pleno dia,Decrescente,Sol,Simples,Interseção de Vias,Sim,3,0,2,0,1,0,2,2,-27.09237407,-48.61730888,SPRF-SC,DEL04-SC,UOP03-DEL04-SC,2022
"475280,0",2022-09-18,domingo,18:50:00,SC,101,"206,2",SAO JOSE,Condutor deixou de manter distância do veículo da frente,Colisão traseira,Com Vítimas Feridas,Plena Noite,Crescente,Céu Claro,Dupla,Reta,Sim,3,0,1,0,2,0,1,3,-27.59193546,-48.61824557,SPRF-SC,DEL01-SC,UOP01-DEL01-SC,2022
"475294,0",2022-09-18,domingo,20:20:00,SC,101,"210,0",PALHOCA,Ingestão de álcool pelo condutor,Colisão lateral mesmo sentido,Sem Vítimas,Plena Noite,Decrescente,Céu Claro,Dupla,Viaduto,Sim,2,0,0,0,2,0,0,2,-27.6167305,-48.6457265,SPRF-SC,DEL01-SC,UOP01-DEL01-SC,2022
"475304,0",2022-09-18,domingo,19:35:00,SC,470,"282,0",BRUNOPOLIS,Ingestão de álcool pelo condutor,Saída de leito carroçável,Com Vítimas Feridas,Plena Noite,Decrescente,Céu Claro,Simples,Curva,Não,3,0,2,1,0,0,3,1,-27.334223,-50.887123,SPRF-SC,DEL07-SC,UOP06-DEL07-SC,2022
"475339,0",2022-09-18,domingo,22:40:00,SC,158,"126,0",CUNHA PORA,Ingestão de álcool pelo condutor,Colisão frontal,Com Vítimas Feridas,Plena Noite,Decrescente,Céu Claro,Simples,Reta,Não,4,0,1,3,0,0,4,2,-26.864369,-53.164295,SPRF-SC,DEL07-SC,UOP02-DEL07-SC,2022
"475342,0",2022-09-18,domingo,23:40:00,SC,101,"328,0",CAPIVARI DE BAIXO,Avarias e/ou desgaste excessivo no pneu,Tombamento,Com Vítimas Feridas,Plena Noite,Crescente,Céu Claro,Dupla,Reta,Não,2,0,1,1,0,0,2,1,-28.43648094,-48.95989307,SPRF-SC,DEL02-SC,UOP01-DEL02-SC,2022
"475348,0",2022-09-19,segunda-feira,00:30:00,SC,280,"228,2",TRES BARRAS,Ausência de reação do condutor,Capotamento,Sem Vítimas,Plena Noite,Crescente,Céu Claro,Simples,Reta,Não,1,0,0,0,1,0,0,1,-26.18436373,-50.34232305,SPRF-SC,DEL06-SC,UOP04-DEL06-SC,2022
"475359,0",2022-09-19,segunda-feira,01:15:00,SC,101,"338,0",TUBARAO,Ingestão de álcool e/ou substâncias psicoativas pelo pedestre,Saída de leito carroçável,Com Vítimas Feridas,Plena Noite,Crescente,Céu Claro,Dupla,Reta,Sim,2,0,1,0,1,0,1,1,-28.485725,-49.03726,SPRF-SC,DEL02-SC,UOP01-DEL02-SC,2022
"475361,0",2022-09-19,segunda-feira,02:20:00,SC,470,"47,0",BLUMENAU,Condutor Dormindo,Saída de leito carroçável,Com Vítimas Feridas,Plena Noite,Crescente,Garoa/Chuvisco,Simples,Desvio Temporário;Em Obras;Reta,Não,2,0,0,1,1,0,1,1,-26.864044,-49.046516,SPRF-SC,DEL04-SC,UOP01-DEL04-SC,2022
"475377,0",2022-09-19,segunda-feira,06:30:00,SC,101,"150,0",ITAPEMA,Manobra de mudança de faixa,Colisão lateral mesmo sentido,Com Vítimas Feridas,Pleno dia,Crescente,Céu Claro,Simples,Reta,Sim,3,0,0,2,1,0,2,2,-27.11744799,-48.60940987,SPRF-SC,DEL04-SC,UOP03-DEL04-SC,2022
"475414,0",2022-09-19,segunda-feira,09:10:00,SC,163,"68,0",SAO MIGUEL DO OESTE,Acumulo de água sobre o pavimento,Colisão traseira,Sem Vítimas,Pleno dia,Crescente,Chuva,Dupla,Reta,Sim,2,0,0,0,2,0,0,2,-26.74357919,-53.50097179,SPRF-SC,DEL07-SC,UOP03-DEL07-SC,2022
"475419,0",2022-09-19,segunda-feira,11:00:00,SC,101,"203,6",SAO JOSE,Manobra de mudança de faixa,Colisão lateral mesmo sentido,Com Vítimas Feridas,Pleno dia,Decrescente,Céu Claro,Múltipla,Reta,Sim,3,0,2,1,0,0,3,2,-27.5650044,-48.61460082,SPRF-SC,DEL01-SC,UOP01-DEL01-SC,2022
"475439,0",2022-09-19,segunda-feira,12:45:00,SC,101,"206,9",SAO JOSE,Acessar a via sem observar a presença dos outros veículos,Colisão transversal,Com Vítimas Feridas,Pleno dia,Decrescente,Céu Claro,Simples,Interseção de Vias,Sim,3,0,1,0,2,0,1,2,-27.599549,-48.621768,SPRF-SC,DEL01-SC,UOP01-DEL01-SC,2022
"475458,0",2022-09-19,segunda-feira,15:00:00,SC,470,"54,0",BLUMENAU,Reação tardia ou ineficiente do condutor,Tombamento,Com Vítimas Feridas,Pleno dia,Decrescente,Chuva,Simples,Interseção de Vias,Não,1,0,0,1,0,0,1,1,-26.871065,-49.110374,SPRF-SC,DEL04-SC,UOP01-DEL04-SC,2022
"475459,0",2022-09-19,segunda-feira,11:45:00,SC,282,"397,0",JOACABA,Chuva,Saída de leito carroçável,Sem Vítimas,Pleno dia,Crescente,Chuva,Simples,Curva,Não,1,0,0,0,1,0,0,1,-27.1551134,-51.60161912,SPRF-SC,DEL07-SC,UOP05-DEL07-SC,2022