id,data_inversa,dia_semana,horario,uf,br,km,municipio,causa_acidente,tipo_acidente,classificacao_acidente,fase_dia,sentido_via,condicao_metereologica,tipo_pista,tracado_via,uso_solo,pessoas,mortos,feridos_leves,feridos_graves,ilesos,ignorados,feridos,veiculos,latitude,longitude,regional,delegacia,uop,ano_arquivo
"476455,0",2022-09-24,sábado,14:30:00,SC,470,"71,6",INDAIAL,Demais falhas mecânicas ou elétricas,Queda de ocupante de veículo,Com Vítimas Feridas,Pleno dia,Crescente,Céu Claro,Simples,Reta,Sim,2,0,1,1,0,0,2,1,-26.89958455,-49.26655954,SPRF-SC,DEL04-SC,UOP01-DEL04-SC,2022
"476471,0",2022-09-24,sábado,15:10:00,SC,101,"115,0",ITAJAI,Ausência de reação do condutor,Colisão traseira,Com Vítimas Feridas,Pleno dia,Crescente,Céu Claro,Múltipla,Reta,Sim,2,0,1,0,1,0,1,2,-26.87064015,-48.72954134,SPRF-SC,DEL04-SC,UOP04-DEL04-SC,2022
"476488,0",2022-09-24,sábado,17:00:00,SC,470,"50,6",BLUMENAU,Entrada inopinada do pedestre,Atropelamento de Pedestre,Com Vítimas Feridas,Pleno dia,Crescente,Céu Claro,Dupla,Reta,Sim,2,0,1,0,1,0,1,2,-26.859768,-49.074493,SPRF-SC,DEL04-SC,UOP01-DEL04-SC,2022
"476490,0",2022-09-24,sábado,16:30:00,SC,470,"237,0",SAO CRISTOVAO DO SUL,Velocidade Incompatível,Saída de leito carroçável,Com Vítimas Feridas,Pleno dia,Crescente,Céu Claro,Simples,Curva,Não,2,0,1,0,1,0,1,1,-27.304129,-50.456207,SPRF-SC,DEL05-SC,UOP03-DEL05-SC,2022
"476492,0",2022-09-24,sábado,15:15:00,SC,101,"383,0",ICARA,Transitar no acostamento,Colisão traseira,Com Vítimas Feridas,Pleno dia,Crescente,Céu Claro,Dupla,Reta;Declive,Não,5,0,3,0,2,0,3,2,-28.77314849,-49.31248248,SPRF-SC,DEL02-SC,UOP02-DEL02-SC,2022
"476494,0",2022-09-24,sábado,16:30:00,SC,101,"99,5",BALNEARIO PICARRAS,Avarias e/ou desgaste excessivo no pneu,Tombamento,Com Vítimas Feridas,Pleno dia,Crescente,Céu Claro,Dupla,Reta,Não,2,0,0,2,0,0,2,1,-26.7471002,-48.69654831,SPRF-SC,DEL03-SC,UOP02-DEL03-SC,2022
"476500,0",2022-09-24,sábado,16:20:00,SC,101,"125,0",ITAJAI,Ingestão de álcool e/ou substâncias psicoativas pelo pedestre,Tombamento,Com Vítimas Feridas,Pleno dia,Crescente,Céu Claro,Dupla,Reta,Não,2,0,1,0,0,1,1,2,-26.94802427,-48.68338515,SPRF-SC,DEL04-SC,UOP04-DEL04-SC,2022
"476591,0",2022-09-24,sábado,16:30:00,SC,282,"114,0",ALFREDO WAGNER,Velocidade Incompatível,Saída de leito carroçável,Sem Vítimas,Pleno dia,Crescente,Sol,Simples,Curva,Não,1,0,0,0,0,1,0,1,-27.748552,-49.388176,SPRF-SC,DEL01-SC,UOP03-DEL01-SC,2022
"476593,0",2022-09-24,sábado,19:10:00,SC,101,"199,8",SAO JOSE,Ingestão de álcool pelo condutor,Colisão traseira,Com Vítimas Feridas,Plena Noite,Decrescente,Céu Claro,Múltipla,Interseção de Vias;Reta,Sim,2,0,1,0,1,0,1,2,-27.53413705,-48.63003205,SPRF-SC,DEL01-SC,UOP01-DEL01-SC,2022
"476600,0",2022-09-24,sábado,19:40:00,SC,280,"66,8",JARAGUA DO SUL,Acessar a via sem observar a presença dos outros veículos,Colisão transversal,Com Vítimas Feridas,Plena Noite,Crescente,Céu Claro,Simples,Reta,Sim,3,0,0,2,1,0,2,2,-26.47606607,-49.09568797,SPRF-SC,DEL03-SC,UOP03-DEL03-SC,2022
"476604,0",2022-09-24,sábado,20:10:00,SC,282,"27,3",ARAQUARI,Entrada inopinada do pedestre,Atropelamento de Pedestre,Com Vítimas Feridas,Plena Noite,Decrescente,Céu Claro,Simples,Reta,Sim,2,0,1,1,0,0,2,2,-26.399723,-48.741985,SPRF-SC,DEL01-SC,UOP03-DEL01-SC,2022
"476613,0",2022-09-24,sábado,19:30:00,SC,101,"1,3",GARUVA,Ingestão de álcool pelo condutor,Colisão traseira,Sem Vítimas,Plena Noite,Decrescente,Nublado,Múltipla,Reta,Sim,2,0,0,0,2,0,0,2,-25.98895627,-48.88356133,SPRF-SC,DEL03-SC,UOP01-DEL03-SC,2022
"476625,0",2022-09-24,sábado,21:25:00,SC,101,"202,0",SAO JOSE,Ingestão de álcool pelo condutor,Saída de leito carroçável,Com Vítimas Feridas,Plena Noite,Crescente,Nublado,Múltipla,Reta,Sim,2,0,1,0,0,1,1,1,-27.55711595,-48.61897889,SPRF-SC,DEL01-SC,UOP01-DEL01-SC,2022
"476658,0",2022-09-25,domingo,00:55:00,SC,101,"344,8",TUBARAO,Mal súbito do condutor,Saída de leito carroçável,Com Vítimas Feridas,Plena Noite,Decrescente,Céu Claro,Dupla,Reta,Não,1,0,1,0,0,0,1,1,-28.55590588,-49.05424476,SPRF-SC,DEL02-SC,UOP01-DEL02-SC,2022
"476663,0",2022-09-24,sábado,22:00:00,SC,280,"73,0",JARAGUA DO SUL,Acessar a via sem observar a presença dos outros veículos,Colisão transversal,Sem Vítimas,Plena Noite,Crescente,Céu Claro,Simples,Rotatória,Sim,3,0,0,0,1,2,0,3,-26.45876903,-49.16020274,SPRF-SC,DEL03-SC,UOP03-DEL03-SC,2022
"476673,0",2022-09-25,domingo,02:50:00,SC,101,"219,0",PALHOCA,Ingestão de álcool e/ou substâncias psicoativas pelo pedestre,Colisão com objeto,Com Vítimas Feridas,Plena Noite,Crescente,Nublado,Dupla,Reta,Sim,1,0,1,0,0,0,1,1,-27.68392194,-48.66710085,SPRF-SC,DEL01-SC,UOP02-DEL01-SC,2022
"476684,0",2022-09-25,domingo,04:00:00,SC,101,"216,1",PALHOCA,Condutor usando celular,Saída de leito carroçável,Sem Vítimas,Plena Noite,Decrescente,Nublado,Múltipla,Reta,Sim,2,0,0,0,2,0,0,1,-27.66172661,-48.67634296,SPRF-SC,DEL01-SC,UOP02-DEL01-SC,2022
"476685,0",2022-09-25,domingo,03:25:00,SC,101,"389,0",CRICIUMA,Ingestão de álcool pelo condutor,Colisão com objeto,Sem Vítimas,Plena Noite,Crescente,Nublado,Simples,Curva,Não,1,0,0,0,1,0,0,1,-28.79023471,-49.34585818,SPRF-SC,DEL02-SC,UOP02-DEL02-SC,2022
"476687,0",2022-09-25,domingo,04:30:00,SC,101,"177,8",BIGUACU,Ingestão de álcool pelo condutor,Colisão com objeto,Sem Vítimas,Plena Noite,Crescente,Céu Claro,Dupla,Reta,Não,1,0,0,0,1,0,0,1,-27.35538202,-48.63241474,SPRF-SC,DEL01-SC,UOP01-DEL01-SC,2022
"476708,0",2022-09-25,domingo,06:30:00,SC,101,"142,0",ITAPEMA,Reação tardia ou ineficiente do condutor,Colisão com objeto,Com Vítimas Feridas,Amanhecer,Crescente,Céu Claro,Dupla,Curva,Sim,2,0,1,0,1,0,1,1,-27.056089,-48.599449,SPRF-SC,DEL04-SC,UOP03-DEL04-SC,2022
"476712,0",2022-09-25,domingo,04:00:00,SC,470,"2,0",NAVEGANTES,Ausência de sinalização,Atropelamento de Pedestre,Com Vítimas Feridas,Plena Noite,Decrescente,Nublado,Dupla,Reta,Sim,1,0,1,0,0,0,1,1,-26.868551,-48.674831,SPRF-SC,DEL04-SC,UOP04-DEL04-SC,2022
"476714,0",2022-09-24,sábado,21:00:00,SC,282,"24,0",SANTO AMARO DA IMPERATRIZ,Acessar a via sem observar a presença dos outros veículos,Colisão frontal,Com Vítimas Feridas,Plena Noite,Crescente,Nublado,Simples,Interseção de Vias,Não,2,0,1,0,1,0,1,2,-27.68268,-48.744614,SPRF-SC,DEL01-SC,UOP03-DEL01-SC,2022
"476737,0",2022-09-25,domingo,10:20:00,SC,101,"100,5",BALNEARIO PICARRAS,Reação tardia ou ineficiente do condutor,Tombamento,Com Vítimas Feridas,Pleno dia,Decrescente,Chuva,Dupla,Curva,Sim,2,0,1,0,1,0,1,1,-26.75482787,-48.68993675,SPRF-SC,DEL03-SC,UOP02-DEL03-SC,2022
"476756,0",2022-09-25,domingo,04:40:00,SC,282,"513,4",XANXERE,Ausência de reação do condutor,Colisão frontal,Com Vítimas Feridas,Plena Noite,Decrescente,Garoa/Chuvisco,Simples,Reta,Não,4,0,3,1,0,0,4,2,-26.91486,-52.480682,SPRF-SC,DEL07-SC,UOP01-DEL07-SC,2022
"476773,0",2022-09-25,domingo,15:15:00,SC,470,"171,8",POUSO REDONDO,Manobra de mudança de faixa,Colisão frontal,Com Vítimas Feridas,Pleno dia,Crescente,Chuva,Simples,Curva,Sim,4,0,4,0,0,0,4,2,-27.257526,-49.909592,SPRF-SC,DEL04-SC,UOP02-DEL04-SC,2022
"476787,0",2022-09-25,domingo,15:37:00,SC,470,"156,7",TROMBUDO CENTRAL,Chuva,Saída de leito carroçável,Sem Vítimas,Pleno dia,Crescente,Chuva,Simples,Curva,Não,1,0,0,0,1,0,0,1,-27.284967,-49.765123,SPRF-SC,DEL04-SC,UOP02-DEL04-SC,2022
"476788,0",2022-09-25,domingo,16:11:00,SC,101,"41,0",JOINVILLE,Frear bruscamente,Colisão com objeto,Com Vítimas Feridas,Pleno dia,Crescente,Chuva,Dupla,Reta,Sim,3,0,1,0,2,0,1,2,-26.28215489,-48.88973081,SPRF-SC,DEL03-SC,UOP01-DEL03-SC,2022
"476789,0",2022-09-25,domingo,15:47:00,SC,101,"41,1",JOINVILLE,Avarias e/ou desgaste excessivo no pneu,Colisão com objeto,Com Vítimas Feridas,Pleno dia,Crescente,Chuva,Dupla,Viaduto,Sim,3,0,2,0,1,0,2,1,-26.28215489,-48.88973081,SPRF-SC,DEL03-SC,UOP01-DEL03-SC,2022
"476795,0",2022-09-25,domingo,15:14:00,SC,282,"208,0",LAGES,Ingestão de substâncias psicoativas pelo condutor,Colisão com objeto,Sem Vítimas,Pleno dia,Crescente,Chuva,Simples,Reta;Aclive,Não,1,0,0,0,1,0,0,1,-27.775284,-50.211971,SPRF-SC,DEL05-SC,UOP01-DEL05-SC,2022
"476807,0",2022-09-25,domingo,16:40:00,SC,282,"37,3",AGUAS MORNAS,Velocidade Incompatível,Colisão lateral sentido oposto,Com Vítimas Feridas,Pleno dia,Decrescente,Chuva,Simples,Curva,Não,4,0,3,0,1,0,3,2,-27.707325,-48.842983,SPRF-SC,DEL01-SC,UOP03-DEL01-SC,2022
"476810,0",2022-09-25,domingo,16:00:00,SC,470,"122,8",IBIRAMA,Pista Escorregadia,Colisão frontal,Com Vítimas Feridas,Pleno dia,Decrescente,Chuva,Simples,Curva,Sim,3,0,3,0,0,0,3,2,-27.095861,-49.526859,SPRF-SC,DEL04-SC,UOP02-DEL04-SC,2022
"476813,0",2022-09-25,domingo,12:05:00,SC,116,"48,0",PAPANDUVA,Transitar na contramão,Colisão frontal,Com Vítimas Feridas,Pleno dia,Crescente,Garoa/Chuvisco,Simples,Reta,Não,5,0,2,0,2,1,2,3,-26.36355729,-50.11956966,SPRF-SC,DEL06-SC,UOP01-DEL06-SC,2022
"476818,0",2022-09-25,domingo,17:50:00,SC,101,"333,0",TUBARAO,Acessar a via sem observar a presença dos outros veículos,Colisão transversal,Com Vítimas Feridas,Anoitecer,Crescente,Garoa/Chuvisco,Simples,Interseção de Vias;Retorno Regulamentado;Viaduto,Sim,2,0,1,0,0,1,1,2,-28.46630107,-48.99653096,SPRF-SC,DEL02-SC,UOP01-DEL02-SC,2022
"476830,0",2022-09-25,domingo,19:30:00,SC,101,"105,2",PENHA,Reação tardia ou ineficiente do condutor,Queda de ocupante de veículo,Com Vítimas Feridas,Plena Noite,Crescente,Chuva,Dupla,Curva,Não,2,0,1,0,1,0,1,1,-26.80215497,-48.67891041,SPRF-SC,DEL03-SC,UOP02-DEL03-SC,2022
"476838,0",2022-09-25,domingo,16:30:00,SC,282,"48,0",AGUAS MORNAS,Ingestão de álcool pelo condutor,Colisão frontal,Com Vítimas Feridas,Pleno dia,Decrescente,Chuva,Simples,Curva,Não,6,0,4,1,1,0,5,2,-27.714352,-48.938072,SPRF-SC,DEL01-SC,UOP03-DEL01-SC,2022
"476856,0",2022-09-25,domingo,14:20:00,SC,101,"411,0",ARARANGUA,Ingestão de álcool pelo condutor,Colisão frontal,Com Vítimas Feridas,Pleno dia,Decrescente,Nublado,Simples,Reta,Sim,4,0,3,0,0,1,3,3,-28.93112097,-49.4940421,SPRF-SC,DEL02-SC,UOP02-DEL02-SC,2022
"476857,0",2022-09-25,domingo,19:20:00,SC,163,"77,0",SAO MIGUEL DO OESTE,Ingestão de álcool pelo condutor,Saída de leito carroçável,Com Vítimas Feridas,Plena Noite,Decrescente,Garoa/Chuvisco,Simples,Declive,Não,2,0,1,1,0,0,2,1,-26.67615498,-53.51669997,SPRF-SC,DEL07-SC,UOP03-DEL07-SC,2022
"476875,0",2022-09-25,domingo,22:40:00,SC,101,"139,0",BALNEARIO CAMBORIU,Velocidade Incompatível,Colisão com objeto,Com Vítimas Feridas,Plena Noite,Decrescente,Chuva,Múltipla,Curva,Sim,4,0,2,0,2,0,2,2,-27.02982303,-48.60115006,SPRF-SC,DEL04-SC,UOP03-DEL04-SC,2022
"476877,0",2022-09-25,domingo,22:40:00,SC,101,"207,0",SAO JOSE,Acessar a via sem observar a presença dos outros veículos,Colisão transversal,Com Vítimas Feridas,Plena Noite,Crescente,Chuva,Simples,Reta,Sim,3,0,1,1,1,0,2,2,-27.58550628,-48.62124355,SPRF-SC,DEL01-SC,UOP01-DEL01-SC,2022
"476894,0",2022-09-26,segunda-feira,00:50:00,SC,470,"172,9",POUSO REDONDO,Condutor Dormindo,Colisão lateral sentido oposto,Com Vítimas Feridas,Plena Noite,Crescente,Garoa/Chuvisco,Simples,Reta,Sim,2,0,1,0,1,0,1,2,-27.259867,-49.919886,SPRF-SC,DEL04-SC,UOP02-DEL04-SC,2022
"476900,0",2022-09-25,domingo,23:40:00,SC,282,"307,8",VARGEM,Pista Escorregadia,Saída de leito carroçável,Com Vítimas Feridas,Plena Noite,Crescente,Nublado,Simples,Declive;Curva,Não,1,0,1,0,0,0,1,1,-27.495266,-50.962605,SPRF-SC,DEL07-SC,UOP06-DEL07-SC,2022
"476917,0",2022-09-26,segunda-feira,05:20:00,SC,282,"5,3",SAO JOSE,Demais falhas mecânicas ou elétricas,Eventos atípicos,Com Vítimas Feridas,Plena Noite,Crescente,Nublado,Dupla,Curva,Sim,1,0,1,0,0,0,1,1,-27.58703466,-48.61495256,SPRF-SC,DEL01-SC,UOP01-DEL01-SC,2022
"476920,0",2022-09-26,segunda-feira,06:00:00,SC,280,"53,2",GUARAMIRIM,Acessar a via sem observar a presença dos outros veículos,Atropelamento de Pedestre,Com Vítimas Feridas,Amanhecer,Decrescente,Chuva,Dupla,Reta;Em Obras,Sim,2,0,1,0,1,0,1,2,-26.44904351,-48.82753372,SPRF-SC,DEL03-SC,UOP03-DEL03-SC,2022
"476946,0",2022-09-26,segunda-feira,07:30:00,SC,101,"208,0",SAO JOSE,Condutor deixou de manter distância do veículo da frente,Colisão lateral mesmo sentido,Com Vítimas Feridas,Pleno dia,Decrescente,Céu Claro,Múltipla,Reta,Sim,4,0,2,0,2,0,2,3,-27.60327979,-48.63201818,SPRF-SC,DEL01-SC,UOP01-DEL01-SC,2022
"476949,0",2022-09-26,segunda-feira,08:10:00,SC,101,"48,0",JOINVILLE,Condutor deixou de manter distância do veículo da frente,Colisão traseira,Com Vítimas Feridas,Pleno dia,Decrescente,Nublado,Dupla,Reta,Não,2,0,1,0,1,0,1,2,-26.35345909,-48.85867862,SPRF-SC,DEL03-SC,UOP01-DEL03-SC,2022
"476961,0",2022-09-26,segunda-feira,07:00:00,SC,101,"199,2",SAO JOSE,Demais falhas mecânicas ou elétricas,Tombamento,Com Vítimas Feridas,Pleno dia,Decrescente,Nublado,Dupla,Curva,Não,1,0,1,0,0,0,1,1,-27.53413705,-48.63003205,SPRF-SC,DEL01-SC,UOP01-DEL01-SC,2022
"477009,0",2022-09-26,segunda-feira,08:40:00,SC,282,"3,8",SAO JOSE,Demais falhas mecânicas ou elétricas,Incêndio,Sem Vítimas,Pleno dia,Crescente,Nublado,Múltipla,Reta,Sim,1,0,0,0,1,0,0,1,-27.600384,-48.599705,SPRF-SC,DEL01-SC,UOP01-DEL01-SC,2022
"477045,0",2022-09-26,segunda-feira,17:00:00,SC,101,"288,0",IMBITUBA,Desrespeitar a preferência no cruzamento,Colisão transversal,Com Vítimas Feridas,Pleno dia,Decrescente,Nublado,Múltipla,Rotatória,Sim,3,0,1,0,2,0,1,2,-28.24598003,-48.70010284,SPRF-SC,DEL02-SC,UOP03-DEL02-SC,2022
"477050,0",2022-09-26,segunda-feira,17:00:00,SC,101,"206,1",SAO JOSE,Objeto estático sobre o leito carroçável,Tombamento,Com Vítimas Feridas,Pleno dia,Decrescente,Céu Claro,Múltipla,Reta,Sim,1,0,1,0,0,0,1,1,-27.59193546,-48.61824557,SPRF-SC,DEL01-SC,UOP01-DEL01-SC,2022
"477179,0",2022-03-02,quarta-feira,19:45:00,SC,282,"3,8",FLORIANOPOLIS,Condutor deixou de manter distância do veículo da frente,Colisão traseira,Com Vítimas Feridas,Plena Noite,Crescente,Céu Claro,Dupla,Reta,Não,4,0,1,0,3,0,1,3,-27.600384,-48.599705,SPRF-SC,DEL01-SC,UOP01-DEL01-SC,2022
"477182,0",2022-09-20,terça-feira,09:45:00,SC,282,"0,4",FLORIANOPOLIS,Trafegar com motocicleta (ou similar) entre as faixas,Colisão lateral mesmo sentido,Com Vítimas Feridas,Pleno dia,Decrescente,Céu Claro,Múltipla,Reta,Sim,2,0,0,1,1,0,1,2,-27.59845,-48.571995,SPRF-SC,DEL01-SC,UOP01-DEL01-SC,2022
"477184,0",2022-09-27,terça-feira,08:35:00,SC,101,"158,2",PORTO BELO,Reação tardia ou ineficiente do condutor,Colisão traseira,Com Vítimas Feridas,Pleno dia,Decrescente,Nublado,Dupla,Reta,Sim,2,0,0,1,0,1,1,2,-27.19096301,-48.61259017,SPRF-SC,DEL04-SC,UOP03-DEL04-SC,2022
"477185,0",2022-09-27,terça-feira,11:00:00,SC,101,"201,2",SAO JOSE,Reação tardia ou ineficiente do condutor,Colisão traseira,Com Vítimas Feridas,Pleno dia,Decrescente,Céu Claro,Múltipla,Aclive,Sim,3,0,1,1,1,0,2,2,-27.54836599,-48.61977975,SPRF-SC,DEL01-SC,UOP01-DEL01-SC,2022
"477222,0",2022-09-27,terça-feira,14:20:00,SC,282,"1,5",FLORIANOPOLIS,Manobra de mudança de faixa,Colisão com objeto,Com Vítimas Feridas,Pleno dia,Crescente,Céu Claro,Múltipla,Reta,Sim,8,0,2,1,5,0,3,7,-27.602955,-48.580509,SPRF-SC,DEL01-SC,UOP01-DEL01-SC,2022
"477263,0",2022-09-27,terça-feira,17:35:00,SC,282,"3,5",FLORIANOPOLIS,Trafegar com motocicleta (ou similar) entre as faixas,Colisão traseira,Com Vítimas Feridas,Anoitecer,Crescente,Nublado,Dupla,Reta,Sim,3,0,0,1,2,0,1,3,-27.600384,-48.599705,SPRF-SC,DEL01-SC,UOP01-DEL01-SC,2022
"477282,0",2022-09-27,terça-feira,19:00:00,SC,280,"123,0",RIO NEGRINHO,Transitar no acostamento,Atropelamento de Pedestre,Com Vítimas Feridas,Plena Noite,Decrescente,Céu Claro,Simples,Reta,Não,3,0,1,0,1,1,1,2,-26.24420169,-49.46557991,SPRF-SC,DEL06-SC,UOP03-DEL06-SC,2022
"477319,0",2022-09-28,quarta-feira,00:01:00,SC,282,"547,2",CHAPECO,Ingestão de álcool pelo condutor,Saída de leito carroçável,Com Vítimas Feridas,Plena Noite,Crescente,Nublado,Simples,Em Obras,Não,1,0,1,0,0,0,1,1,-26.973904,-52.745403,SPRF-SC,DEL07-SC,UOP01-DEL07-SC,2022
"477320,0",2022-09-27,terça-feira,23:10:00,SC,101,"278,3",IMBITUBA,Velocidade Incompatível,Saída de leito carroçável,Com Vítimas Feridas,Plena Noite,Crescente,Nublado,Simples,Reta,Sim,1,0,0,1,0,0,1,1,-28.16300604,-48.6939345,SPRF-SC,DEL02-SC,UOP03-DEL02-SC,2022
"477370,0",2022-09-28,quarta-feira,10:54:00,SC,101,"217,4",PALHOCA,Acessar a via sem observar a presença dos outros veículos,Colisão traseira,Com Vítimas Feridas,Pleno dia,Crescente,Nublado,Múltipla,Reta,Sim,3,0,0,2,1,0,2,2,-27.66779034,-48.67393586,SPRF-SC,DEL01-SC,UOP02-DEL01-SC,2022
"477383,0",2022-09-28,quarta-feira,09:48:00,SC,282,"425,7",VARGEM BONITA,Transitar na contramão,Colisão frontal,Com Vítimas Fatais,Pleno dia,Decrescente,Garoa/Chuvisco,Simples,Curva,Não,2,1,0,0,1,0,0,2,-26.9818664,-51.7546046,SPRF-SC,DEL07-SC,UOP05-DEL07-SC,2022
"477419,0",2022-09-28,quarta-feira,17:10:00,SC,101,"125,0",ITAJAI,Ausência de reação do condutor,Colisão traseira,Com Vítimas Feridas,Pleno dia,Decrescente,Céu Claro,Dupla,Reta,Não,2,0,1,0,1,0,1,2,-26.94802427,-48.68338515,SPRF-SC,DEL04-SC,UOP04-DEL04-SC,2022
"477420,0",2022-09-28,quarta-feira,17:30:00,SC,101,"207,0",SAO JOSE,Manobra de mudança de faixa,Colisão lateral mesmo sentido,Com Vítimas Feridas,Pleno dia,Crescente,Céu Claro,Múltipla,Reta,Sim,2,0,1,0,1,0,1,2,-27.60001226,-48.6226467,SPRF-SC,DEL01-SC,UOP01-DEL01-SC,2022
"477430,0",2022-09-28,quarta-feira,17:30:00,SC,280,"23,5",ARAQUARI,Frear bruscamente,Queda de ocupante de veículo,Com Vítimas Feridas,Pleno dia,Decrescente,Nublado,Simples,Reta,Sim,2,0,0,1,1,0,1,2,-26.37146,-48.711887,SPRF-SC,DEL03-SC,UOP03-DEL03-SC,2022
"477436,0",2022-09-28,quarta-feira,18:30:00,SC,101,"192,0",BIGUACU,Reação tardia ou ineficiente do condutor,Colisão traseira,Com Vítimas Feridas,Plena Noite,Decrescente,Nublado,Múltipla,Desvio Temporário;Em Obras;Reta,Sim,2,0,1,0,1,0,1,2,-27.48443781,-48.64765238,SPRF-SC,DEL01-SC,UOP01-DEL01-SC,2022
"477448,0",2022-09-28,quarta-feira,18:25:00,SC,163,"67,7",SAO MIGUEL DO OESTE,Desrespeitar a preferência no cruzamento,Colisão transversal,Com Vítimas Feridas,Plena Noite,Crescente,Céu Claro,Dupla,Reta;Interseção de Vias,Sim,2,0,1,0,0,1,1,2,-26.75257555,-53.5006786,SPRF-SC,DEL07-SC,UOP03-DEL07-SC,2022
"477478,0",2022-09-28,quarta-feira,22:00:00,SC,101,"135,0",BALNEARIO CAMBORIU,Ingestão de álcool e/ou substâncias psicoativas pelo pedestre,Colisão traseira,Sem Vítimas,Plena Noite,Crescente,Nublado,Dupla,Reta,Sim,3,0,0,0,2,1,0,3,-27.0050108,-48.62677494,SPRF-SC,DEL04-SC,UOP03-DEL04-SC,2022
"477503,0",2022-09-29,quinta-feira,04:20:00,SC,101,"114,9",ITAJAI,Acessar a via sem observar a presença dos outros veículos,Colisão transversal,Com Vítimas Feridas,Plena Noite,Decrescente,Nublado,Dupla,Interseção de Vias,Sim,2,0,0,1,1,0,1,2,-26.86192886,-48.7286704,SPRF-SC,DEL04-SC,UOP04-DEL04-SC,2022
"477513,0",2022-09-29,quinta-feira,06:28:00,SC,280,"113,0",SAO BENTO DO SUL,Acessar a via sem observar a presença dos outros veículos,Colisão transversal,Com Vítimas Feridas,Amanhecer,Decrescente,Garoa/Chuvisco,Simples,Interseção de Vias,Não,2,0,1,0,1,0,1,2,-26.29873518,-49.39799743,SPRF-SC,DEL06-SC,UOP03-DEL06-SC,2022
"477517,0",2022-09-29,quinta-feira,06:00:00,SC,280,"186,0",MAFRA,Animais na Pista,Queda de ocupante de veículo,Com Vítimas Feridas,Pleno dia,Decrescente,Céu Claro,Simples,Reta,Não,1,0,1,0,0,0,1,1,-26.16977284,-49.94508991,SPRF-SC,DEL06-SC,UOP01-DEL06-SC,2022
"477522,0",2022-09-29,quinta-feira,07:25:00,SC,101,"213,0",PALHOCA,Reação tardia ou ineficiente do condutor,Colisão traseira,Sem Vítimas,Pleno dia,Decrescente,Céu Claro,Múltipla,Reta,Sim,2,0,0,0,2,0,0,2,-27.63697369,-48.66514142,SPRF-SC,DEL01-SC,UOP02-DEL01-SC,2022
"477555,0",2022-09-29,quinta-feira,11:20:00,SC,282,"3,0",SAO JOSE,Velocidade Incompatível,Capotamento,Sem Vítimas,Pleno dia,Crescente,Nublado,Simples,Reta,Sim,1,0,0,0,1,0,0,1,-27.600384,-48.599705,SPRF-SC,DEL01-SC,UOP01-DEL01-SC,2022
"477564,0",2022-09-29,quinta-feira,14:00:00,SC,101,"339,0",TUBARAO,Avarias e/ou desgaste excessivo no pneu,Saída de leito carroçável,Sem Vítimas,Pleno dia,Decrescente,Nublado,Simples,Reta,Sim,1,0,0,0,1,0,0,1,-28.49351117,-49.04178985,SPRF-SC,DEL02-SC,UOP01-DEL02-SC,2022
"477565,0",2022-09-29,quinta-feira,14:30:00,SC,101,"123,4",ITAJAI,Trafegar com motocicleta (ou similar) entre as faixas,Colisão traseira,Com Vítimas Feridas,Pleno dia,Crescente,Nublado,Dupla,Reta,Não,3,0,1,0,2,0,1,2,-26.94335064,-48.69198648,SPRF-SC,DEL04-SC,UOP04-DEL04-SC,2022
"477570,0",2022-09-29,quinta-feira,15:10:00,SC,101,"207,0",SAO JOSE,Ausência de reação do condutor,Colisão traseira,Com Vítimas Feridas,Pleno dia,Crescente,Céu Claro,Múltipla,Reta,Sim,3,0,1,1,1,0,2,3,-27.60001226,-48.6226467,SPRF-SC,DEL01-SC,UOP01-DEL01-SC,2022
"477572,0",2022-09-29,quinta-feira,14:50:00,SC,282,"206,8",LAGES,Objeto estático sobre o leito carroçável,Colisão com objeto,Sem Vítimas,Pleno dia,Crescente,Garoa/Chuvisco,Simples,Declive;Rotatória;Reta,Não,1,0,0,0,1,0,0,1,-27.77350987,-50.20121098,SPRF-SC,DEL05-SC,UOP01-DEL05-SC,2022
"477585,0",2022-09-29,quinta-feira,15:30:00,SC,101,"350,0",JAGUARUNA,Ingestão de álcool pelo condutor,Saída de leito carroçável,Sem Vítimas,Pleno dia,Decrescente,Nublado,Dupla,Reta,Não,1,0,0,0,1,0,0,1,-28.5717459,-49.0530324,SPRF-SC,DEL02-SC,UOP01-DEL02-SC,2022
"477588,0",2022-09-29,quinta-feira,16:45:00,SC,101,"199,0",SAO JOSE,Manobra de mudança de faixa,Queda de ocupante de veículo,Com Vítimas Feridas,Pleno dia,Crescente,Céu Claro,Múltipla,Reta,Não,2,0,1,0,1,0,1,2,-27.53413705,-48.63003205,SPRF-SC,DEL01-SC,UOP01-DEL01-SC,2022
"477590,0",2022-09-29,quinta-feira,14:20:00,SC,101,"282,1",IMBITUBA,Ingestão de álcool pelo condutor,Colisão traseira,Com Vítimas Feridas,Pleno dia,Crescente,Céu Claro,Simples,Reta,Não,2,0,1,0,1,0,1,2,-28.19626005,-48.69739859,SPRF-SC,DEL02-SC,UOP03-DEL02-SC,2022
"477630,0",2022-09-29,quinta-feira,19:30:00,SC,101,"26,0",JOINVILLE,Reação tardia ou ineficiente do condutor,Colisão traseira,Com Vítimas Feridas,Plena Noite,Crescente,Nublado,Dupla,Reta,Sim,2,0,1,0,1,0,1,2,-26.19234802,-48.91210384,SPRF-SC,DEL03-SC,UOP01-DEL03-SC,2022