id,data_inversa,dia_semana,horario,uf,br,km,municipio,causa_acidente,tipo_acidente,classificacao_acidente,fase_dia,sentido_via,condicao_metereologica,tipo_pista,tracado_via,uso_solo,pessoas,mortos,feridos_leves,feridos_graves,ilesos,ignorados,feridos,veiculos,latitude,longitude,regional,delegacia,uop,ano_arquivo
"479742,0",2022-10-09,domingo,17:00:00,SC,101,"233,4",PALHOCA,Demais falhas mecânicas ou elétricas,Incêndio,Sem Vítimas,Pleno dia,Decrescente,Céu Claro,Dupla,Reta,Não,1,0,0,0,1,0,0,1,-27.80376397,-48.63826211,SPRF-SC,DEL01-SC,UOP02-DEL01-SC,2022
"479758,0",2022-10-09,domingo,20:20:00,SC,282,"51,0",AGUAS MORNAS,Ingestão de álcool pelo condutor,Colisão lateral sentido oposto,Com Vítimas Feridas,Plena Noite,Decrescente,Chuva,Simples,Curva,Não,3,0,1,0,2,0,1,2,-27.703712,-48.959267,SPRF-SC,DEL01-SC,UOP03-DEL01-SC,2022
"479765,0",2022-10-09,domingo,23:35:00,SC,101,"206,0",SAO JOSE,Ingestão de álcool pelo condutor,Colisão traseira,Com Vítimas Feridas,Plena Noite,Crescente,Chuva,Múltipla,Reta,Sim,2,0,1,0,1,0,1,2,-27.59193546,-48.61824557,SPRF-SC,DEL01-SC,UOP01-DEL01-SC,2022
"479776,0",2022-10-09,domingo,22:30:00,SC,470,"50,4",BLUMENAU,Transitar na contramão,Colisão frontal,Com Vítimas Fatais,Plena Noite,Crescente,Nublado,Múltipla,Declive;Curva,Sim,7,1,0,4,2,0,4,2,-26.86026092,-49.07896399,SPRF-SC,DEL04-SC,UOP01-DEL04-SC,2022
"479781,0",2022-10-10,segunda-feira,01:30:00,SC,101,"215,3",PALHOCA,Velocidade Incompatível,Colisão com objeto,Com Vítimas Feridas,Plena Noite,Crescente,Chuva,Múltipla,Reta,Sim,2,0,0,1,1,0,1,1,-27.65184843,-48.67604941,SPRF-SC,DEL01-SC,UOP02-DEL01-SC,2022
"479786,0",2022-10-10,segunda-feira,02:20:00,SC,282,"121,0",CAIBI,Reação tardia ou ineficiente do condutor,Saída de leito carroçável,Com Vítimas Feridas,Plena Noite,Decrescente,Chuva,Simples,Reta,Não,2,0,0,2,0,0,2,1,-26.973396,-53.214881,SPRF-SC,DEL05-SC,UOP01-DEL05-SC,2022
"479800,0",2022-10-10,segunda-feira,05:50:00,SC,101,"251,9",PAULO LOPES,Condutor Dormindo,Saída de leito carroçável,Com Vítimas Feridas,Pleno dia,Crescente,Chuva,Dupla,Reta,Sim,2,0,1,0,1,0,1,1,-27.9490242,-48.67206568,SPRF-SC,DEL02-SC,UOP03-DEL02-SC,2022
"479811,0",2022-10-10,segunda-feira,06:00:00,SC,282,"23,6",SANTO AMARO DA IMPERATRIZ,Desrespeitar a preferência no cruzamento,Colisão frontal,Com Vítimas Feridas,Pleno dia,Crescente,Chuva,Simples,Interseção de Vias,Sim,3,0,2,0,1,0,2,2,-27.687958,-48.736794,SPRF-SC,DEL01-SC,UOP03-DEL01-SC,2022
"479818,0",2022-10-10,segunda-feira,08:00:00,SC,282,"3,0",FLORIANOPOLIS,Manobra de mudança de faixa,Colisão lateral mesmo sentido,Com Vítimas Feridas,Pleno dia,Crescente,Chuva,Múltipla,Curva,Sim,2,0,1,0,1,0,1,2,-27.600384,-48.599705,SPRF-SC,DEL01-SC,UOP01-DEL01-SC,2022
"479834,0",2022-10-10,segunda-feira,09:15:00,SC,101,"119,0",ITAJAI,Ultrapassagem Indevida,Colisão lateral mesmo sentido,Com Vítimas Feridas,Pleno dia,Crescente,Nublado,Múltipla,Reta,Sim,2,0,1,0,1,0,1,2,-26.9043179,-48.71555481,SPRF-SC,DEL04-SC,UOP04-DEL04-SC,2022
"479835,0",2022-10-10,segunda-feira,08:00:00,SC,282,"83,0",ALFREDO WAGNER,Velocidade Incompatível,Colisão frontal,Com Vítimas Feridas,Pleno dia,Decrescente,Chuva,Simples,Curva,Não,4,0,1,3,0,0,4,2,-27.666153,-49.175022,SPRF-SC,DEL01-SC,UOP03-DEL01-SC,2022
"479876,0",2022-10-10,segunda-feira,14:00:00,SC,101,"286,3",IMBITUBA,Condutor Dormindo,Saída de leito carroçável,Com Vítimas Feridas,Pleno dia,Decrescente,Chuva,Dupla,Reta,Não,1,0,1,0,0,0,1,1,-28.2494011,-48.700814,SPRF-SC,DEL02-SC,UOP03-DEL02-SC,2022
"479880,0",2022-10-10,segunda-feira,14:00:00,SC,470,"25,0",ILHOTA,Reação tardia ou ineficiente do condutor,Saída de leito carroçável,Com Vítimas Feridas,Pleno dia,Crescente,Nublado,Dupla,Curva,Não,1,0,0,1,0,0,1,1,-26.883764,-48.865986,SPRF-SC,DEL04-SC,UOP04-DEL04-SC,2022
"479889,0",2022-10-10,segunda-feira,14:50:00,SC,101,"135,0",BALNEARIO CAMBORIU,Manobra de mudança de faixa,Saída de leito carroçável,Com Vítimas Feridas,Pleno dia,Decrescente,Chuva,Múltipla,Reta,Sim,2,0,0,2,0,0,2,1,-27.0050108,-48.62677494,SPRF-SC,DEL04-SC,UOP03-DEL04-SC,2022
"479891,0",2022-10-10,segunda-feira,09:00:00,SC,470,"154,0",AGRONOMICA,Velocidade Incompatível,Saída de leito carroçável,Com Vítimas Feridas,Pleno dia,Crescente,Chuva,Simples,Curva,Não,1,0,1,0,0,0,1,1,-27.275414,-49.742989,SPRF-SC,DEL04-SC,UOP02-DEL04-SC,2022
"479901,0",2022-10-10,segunda-feira,16:50:00,SC,101,"131,0",CAMBORIU,Acessar a via sem observar a presença dos outros veículos,Colisão transversal,Com Vítimas Feridas,Anoitecer,Crescente,Garoa/Chuvisco,Simples,Reta,Sim,3,0,1,0,2,0,1,2,-26.99064209,-48.66310912,SPRF-SC,DEL04-SC,UOP03-DEL04-SC,2022
"479903,0",2022-10-10,segunda-feira,16:05:00,SC,470,"103,0",APIUNA,Ausência de reação do condutor,Colisão com objeto,Com Vítimas Feridas,Pleno dia,Crescente,Garoa/Chuvisco,Simples,Reta,Sim,4,0,1,0,2,1,1,3,-27.064796,-49.401424,SPRF-SC,DEL04-SC,UOP02-DEL04-SC,2022
"479929,0",2022-10-10,segunda-feira,18:30:00,SC,101,"233,0",PALHOCA,Acumulo de água sobre o pavimento,Colisão com objeto,Sem Vítimas,Pleno dia,Crescente,Chuva,Dupla,Declive;Curva,Sim,1,0,0,0,1,0,0,1,-27.7688932,-48.63205379,SPRF-SC,DEL01-SC,UOP02-DEL01-SC,2022
"479935,0",2022-10-10,segunda-feira,12:20:00,SC,280,"303,0",PORTO UNIAO,Transitar na contramão,Colisão frontal,Com Vítimas Feridas,Pleno dia,Decrescente,Garoa/Chuvisco,Simples,Curva,Sim,3,0,2,0,1,0,2,2,-26.27999553,-51.05063229,SPRF-SC,DEL06-SC,UOP04-DEL06-SC,2022
"479936,0",2022-09-28,quarta-feira,12:55:00,SC,470,"52,2",BLUMENAU,Acessar a via sem observar a presença dos outros veículos,Colisão lateral mesmo sentido,Com Vítimas Feridas,Pleno dia,Decrescente,Garoa/Chuvisco,Simples,Rotatória,Sim,2,0,1,0,1,0,1,2,-26.86608207,-49.10037875,SPRF-SC,DEL04-SC,UOP01-DEL04-SC,2022
"479941,0",2022-10-10,segunda-feira,18:00:00,SC,470,"330,0",CAMPOS NOVOS,Ingestão de álcool pelo condutor,Colisão traseira,Sem Vítimas,Plena Noite,Crescente,Chuva,Simples,Reta,Não,2,0,0,0,2,0,0,2,-27.471581,-51.298134,SPRF-SC,DEL07-SC,UOP06-DEL07-SC,2022
"479944,0",2022-09-06,terça-feira,15:30:00,SC,101,"330,0",CAPIVARI DE BAIXO,Ausência de reação do condutor,Colisão com objeto,Com Vítimas Feridas,Pleno dia,Crescente,Céu Claro,Dupla,Reta,Não,3,0,3,0,0,0,3,1,-28.45115639,-48.97286879,SPRF-SC,DEL02-SC,UOP01-DEL02-SC,2022
"479970,0",2022-10-10,segunda-feira,22:10:00,SC,101,"193,0",BIGUACU,Manobra de mudança de faixa,Colisão lateral mesmo sentido,Com Vítimas Feridas,Plena Noite,Decrescente,Chuva,Múltipla,Em Obras;Reta,Não,2,0,1,0,1,0,1,2,-27.489574,-48.655914,SPRF-SC,DEL01-SC,UOP01-DEL01-SC,2022
"479993,0",2022-10-11,terça-feira,07:50:00,SC,470,"55,4",BLUMENAU,Conversão proibida,Colisão lateral mesmo sentido,Com Vítimas Feridas,Pleno dia,Decrescente,Chuva,Simples,Reta,Não,2,0,0,1,1,0,1,2,-26.875601,-49.117992,SPRF-SC,DEL04-SC,UOP01-DEL04-SC,2022
"480004,0",2022-10-11,terça-feira,08:40:00,SC,101,"208,0",SAO JOSE,Acumulo de água sobre o pavimento,Colisão com objeto,Com Vítimas Feridas,Pleno dia,Crescente,Chuva,Múltipla,Curva,Sim,1,0,1,0,0,0,1,1,-27.60327979,-48.63201818,SPRF-SC,DEL01-SC,UOP01-DEL01-SC,2022
"480008,0",2022-10-11,terça-feira,08:05:00,SC,282,"343,1",CAMPOS NOVOS,Acessar a via sem observar a presença dos outros veículos,Colisão transversal,Sem Vítimas,Pleno dia,Decrescente,Chuva,Simples,Reta,Sim,2,0,0,0,2,0,0,2,-27.387402,-51.232861,SPRF-SC,DEL07-SC,UOP06-DEL07-SC,2022
"480019,0",2022-10-11,terça-feira,11:30:00,SC,282,"53,5",AGUAS MORNAS,Velocidade Incompatível,Colisão com objeto,Com Vítimas Feridas,Pleno dia,Decrescente,Chuva,Simples,Curva,Não,2,0,2,0,0,0,2,1,-27.684693,-48.972326,SPRF-SC,DEL01-SC,UOP03-DEL01-SC,2022
"480065,0",2022-10-11,terça-feira,17:30:00,SC,282,"49,0",AGUAS MORNAS,Chuva,Saída de leito carroçável,Com Vítimas Feridas,Pleno dia,Crescente,Garoa/Chuvisco,Simples,Curva,Não,1,0,1,0,0,0,1,1,-27.712931,-48.943741,SPRF-SC,DEL01-SC,UOP03-DEL01-SC,2022
"480074,0",2022-10-11,terça-feira,17:45:00,SC,282,"4,0",FLORIANOPOLIS,Pista Escorregadia,Eventos atípicos,Com Vítimas Feridas,Anoitecer,Crescente,Chuva,Múltipla,Reta,Sim,1,0,1,0,0,0,1,1,-27.592646,-48.604034,SPRF-SC,DEL01-SC,UOP01-DEL01-SC,2022
"480078,0",2022-10-11,terça-feira,17:40:00,SC,280,"3,8",SAO FRANCISCO DO SUL,Acesso irregular,Colisão transversal,Com Vítimas Feridas,Anoitecer,Decrescente,Chuva,Simples,Interseção de Vias,Sim,2,0,1,0,1,0,1,2,-26.24531966,-48.61556107,SPRF-SC,DEL03-SC,UOP03-DEL03-SC,2022
"480091,0",2022-10-11,terça-feira,18:10:00,SC,101,"212,4",PALHOCA,Reação tardia ou ineficiente do condutor,Engavetamento,Sem Vítimas,Plena Noite,Crescente,Chuva,Múltipla,Reta,Sim,5,0,0,0,5,0,0,5,-27.63244051,-48.66151571,SPRF-SC,DEL01-SC,UOP02-DEL01-SC,2022
"480112,0",2022-10-11,terça-feira,20:25:00,SC,280,"56,5",GUARAMIRIM,Manobra de mudança de faixa,Colisão lateral mesmo sentido,Sem Vítimas,Plena Noite,Crescente,Chuva,Simples,Reta,Sim,2,0,0,0,2,0,0,2,-26.47947677,-49.00298702,SPRF-SC,DEL03-SC,UOP03-DEL03-SC,2022
"480124,0",2022-10-11,terça-feira,21:25:00,SC,470,"11,0",NAVEGANTES,Acessar a via sem observar a presença dos outros veículos,Colisão transversal,Com Vítimas Feridas,Plena Noite,Decrescente,Chuva,Simples,Reta;Em Obras,Sim,3,0,0,2,1,0,2,2,-26.834309,-48.747269,SPRF-SC,DEL04-SC,UOP04-DEL04-SC,2022
"480130,0",2022-10-11,terça-feira,14:00:00,SC,153,"117,8",CONCORDIA,Pista esburacada,Colisão traseira,Com Vítimas Feridas,Pleno dia,Decrescente,Chuva,Simples,Reta,Não,3,0,1,0,2,0,1,2,-27.37451123,-51.98833466,SPRF-SC,DEL07-SC,UOP04-DEL07-SC,2022
"480140,0",2022-10-11,terça-feira,23:30:00,SC,101,"189,0",BIGUACU,Acumulo de água sobre o pavimento,Colisão com objeto,Com Vítimas Feridas,Plena Noite,Crescente,Chuva,Dupla,Curva,Não,4,0,2,0,2,0,2,1,-27.459393,-48.638914,SPRF-SC,DEL01-SC,UOP01-DEL01-SC,2022
"480143,0",2022-10-11,terça-feira,20:20:00,SC,470,"180,9",POUSO REDONDO,Ingestão de álcool pelo condutor,Colisão com objeto,Sem Vítimas,Plena Noite,Crescente,Garoa/Chuvisco,Simples,Ponte,Não,1,0,0,0,1,0,0,1,-27.249525,-49.987041,SPRF-SC,DEL04-SC,UOP02-DEL04-SC,2022
"480145,0",2022-10-11,terça-feira,19:00:00,SC,101,"413,0",ARARANGUA,Ausência de reação do condutor,Colisão traseira,Sem Vítimas,Plena Noite,Crescente,Chuva,Simples,Reta,Não,2,0,0,0,2,0,0,2,-28.94605997,-49.50428402,SPRF-SC,DEL02-SC,UOP02-DEL02-SC,2022
"480152,0",2022-10-12,quarta-feira,00:30:00,SC,101,"330,0",TUBARAO,Manobra de mudança de faixa,Colisão lateral mesmo sentido,Sem Vítimas,Plena Noite,Decrescente,Chuva,Dupla,Reta,Sim,3,0,0,0,3,0,0,2,-28.45115639,-48.97286879,SPRF-SC,DEL02-SC,UOP01-DEL02-SC,2022
"480175,0",2022-10-12,quarta-feira,05:30:00,SC,101,"145,0",ITAPEMA,Chuva,Queda de ocupante de veículo,Com Vítimas Feridas,Amanhecer,Crescente,Chuva,Dupla,Curva;Aclive,Não,1,0,0,1,0,0,1,1,-27.08139206,-48.60130993,SPRF-SC,DEL04-SC,UOP03-DEL04-SC,2022
"480178,0",2022-10-12,quarta-feira,06:10:00,SC,101,"138,0",BALNEARIO CAMBORIU,Ingestão de álcool pelo condutor,Saída de leito carroçável,Sem Vítimas,Amanhecer,Crescente,Chuva,Simples,Aclive,Não,1,0,0,0,0,1,0,1,-27.02397426,-48.60761649,SPRF-SC,DEL04-SC,UOP03-DEL04-SC,2022
"480190,0",2022-10-12,quarta-feira,07:00:00,SC,101,"338,0",TUBARAO,Avarias e/ou desgaste excessivo no pneu,Colisão com objeto,Com Vítimas Feridas,Pleno dia,Decrescente,Nublado,Dupla,Reta,Sim,1,0,1,0,0,0,1,1,-28.485725,-49.03726,SPRF-SC,DEL02-SC,UOP01-DEL02-SC,2022
"480200,0",2022-10-12,quarta-feira,08:00:00,SC,470,"122,2",IBIRAMA,Condutor Dormindo,Saída de leito carroçável,Com Vítimas Feridas,Pleno dia,Crescente,Nublado,Simples,Reta;Aclive,Não,1,0,1,0,0,0,1,1,-27.10169225,-49.52619553,SPRF-SC,DEL04-SC,UOP02-DEL04-SC,2022
"480244,0",2022-10-12,quarta-feira,14:50:00,SC,101,"209,8",SAO JOSE,Reação tardia ou ineficiente do condutor,Colisão traseira,Com Vítimas Feridas,Pleno dia,Decrescente,Nublado,Múltipla,Reta;Aclive,Sim,2,0,0,1,1,0,1,2,-27.61000542,-48.63895057,SPRF-SC,DEL01-SC,UOP01-DEL01-SC,2022
"480245,0",2022-10-12,quarta-feira,12:50:00,SC,101,"379,6",ICARA,Mal súbito do condutor,Atropelamento de Pedestre,Com Vítimas Feridas,Pleno dia,Decrescente,Nublado,Múltipla,Curva,Sim,3,0,2,0,1,0,2,2,-28.74651646,-49.2599038,SPRF-SC,DEL02-SC,UOP02-DEL02-SC,2022
"480287,0",2022-10-12,quarta-feira,18:45:00,SC,470,"176,0",POUSO REDONDO,Ingestão de álcool pelo condutor,Colisão traseira,Sem Vítimas,Anoitecer,Decrescente,Céu Claro,Simples,Declive;Reta,Não,2,0,0,0,2,0,0,2,-27.254238,-49.948658,SPRF-SC,DEL04-SC,UOP02-DEL04-SC,2022
"480290,0",2022-10-12,quarta-feira,19:40:00,SC,470,"62,0",INDAIAL,Velocidade Incompatível,Colisão com objeto,Com Vítimas Feridas,Plena Noite,Crescente,Céu Claro,Simples,Curva;Aclive;Em Obras,Não,1,0,1,0,0,0,1,1,-26.874521,-49.182938,SPRF-SC,DEL04-SC,UOP01-DEL04-SC,2022
"480313,0",2022-10-12,quarta-feira,22:15:00,SC,158,"108,0",CUNHA PORA,Pista esburacada,Colisão frontal,Sem Vítimas,Plena Noite,Crescente,Nevoeiro/Neblina,Simples,Reta,Não,2,0,0,0,2,0,0,2,-26.879588,-53.172851,SPRF-SC,DEL07-SC,UOP02-DEL07-SC,2022
"480317,0",2022-10-12,quarta-feira,23:30:00,SC,101,"141,0",BALNEARIO CAMBORIU,Ingestão de álcool e/ou substâncias psicoativas pelo pedestre,Colisão traseira,Sem Vítimas,Plena Noite,Decrescente,Nublado,Dupla,Curva,Não,2,0,0,0,2,0,0,2,-27.04936849,-48.59778643,SPRF-SC,DEL04-SC,UOP03-DEL04-SC,2022
"480319,0",2022-10-12,quarta-feira,23:30:00,SC,101,"85,0",BARRA VELHA,Condutor Dormindo,Saída de leito carroçável,Sem Vítimas,Plena Noite,Crescente,Nevoeiro/Neblina,Múltipla,Reta,Não,1,0,0,0,1,0,0,1,-26.62840879,-48.70813584,SPRF-SC,DEL03-SC,UOP02-DEL03-SC,2022
"480323,0",2022-10-12,quarta-feira,23:10:00,SC,470,"80,2",RODEIO,Transitar na contramão,Colisão frontal,Com Vítimas Feridas,Plena Noite,Crescente,Garoa/Chuvisco,Simples,Ponte,Não,3,0,0,3,0,0,3,2,-26.948805,-49.316097,SPRF-SC,DEL04-SC,UOP01-DEL04-SC,2022
"480336,0",2022-10-13,quinta-feira,00:40:00,SC,101,"127,5",ITAJAI,Condutor deixou de manter distância do veículo da frente,Colisão traseira,Com Vítimas Feridas,Plena Noite,Crescente,Céu Claro,Dupla,Reta,Não,2,0,1,0,0,1,1,2,-26.9639319,-48.68328024,SPRF-SC,DEL04-SC,UOP04-DEL04-SC,2022
"480361,0",2022-10-13,quinta-feira,08:05:00,SC,101,"117,0",ITAJAI,Ausência de reação do condutor,Colisão traseira,Com Vítimas Feridas,Pleno dia,Decrescente,Garoa/Chuvisco,Dupla,Reta,Sim,2,0,1,0,1,0,1,2,-26.88747187,-48.72252969,SPRF-SC,DEL04-SC,UOP04-DEL04-SC,2022
"480376,0",2022-10-13,quinta-feira,10:45:00,SC,101,"190,0",BIGUACU,Demais falhas mecânicas ou elétricas,Colisão com objeto,Com Vítimas Feridas,Pleno dia,Crescente,Nublado,Dupla,Curva,Não,5,0,5,0,0,0,5,1,-27.468056,-48.641712,SPRF-SC,DEL01-SC,UOP01-DEL01-SC,2022
"480379,0",2022-10-13,quinta-feira,08:15:00,SC,282,"537,9",CHAPECO,Velocidade Incompatível,Saída de leito carroçável,Com Vítimas Feridas,Pleno dia,Crescente,Céu Claro,Simples,Aclive;Curva,Não,2,0,2,0,0,0,2,1,-27.000534,-52.670695,SPRF-SC,DEL07-SC,UOP01-DEL07-SC,2022
"480413,0",2022-10-13,quinta-feira,15:00:00,SC,101,"137,1",BALNEARIO CAMBORIU,Ausência de reação do condutor,Tombamento,Com Vítimas Feridas,Pleno dia,Crescente,Nublado,Dupla,Reta,Sim,1,0,0,1,0,0,1,1,-27.0157238,-48.61192763,SPRF-SC,DEL04-SC,UOP03-DEL04-SC,2022
"480450,0",2022-10-13,quinta-feira,19:20:00,SC,101,"124,0",ITAJAI,Reação tardia ou ineficiente do condutor,Colisão traseira,Com Vítimas Feridas,Plena Noite,Crescente,Nublado,Dupla,Reta,Não,3,0,0,1,2,0,1,2,-26.94335064,-48.69198648,SPRF-SC,DEL04-SC,UOP04-DEL04-SC,2022
"480487,0",2022-10-13,quinta-feira,23:50:00,SC,282,"5,1",SAO JOSE,Ausência de reação do condutor,Colisão lateral mesmo sentido,Com Vítimas Feridas,Pleno dia,Crescente,Chuva,Múltipla,Reta,Sim,2,0,1,0,1,0,1,2,-27.58878431,-48.61106873,SPRF-SC,DEL01-SC,UOP01-DEL01-SC,2022
"480492,0",2022-10-14,sexta-feira,02:00:00,SC,470,"2,0",NAVEGANTES,Acumulo de areia ou detritos sobre o pavimento,Queda de ocupante de veículo,Com Vítimas Feridas,Plena Noite,Decrescente,Chuva,Simples,Reta,Sim,1,0,1,0,0,0,1,1,-26.868551,-48.674831,SPRF-SC,DEL04-SC,UOP04-DEL04-SC,2022
"480493,0",2022-10-14,sexta-feira,01:45:00,SC,282,"19,0",PALHOCA,Ingestão de álcool pelo condutor,Colisão transversal,Com Vítimas Feridas,Plena Noite,Crescente,Garoa/Chuvisco,Simples,Reta,Sim,2,0,1,0,1,0,1,2,-27.678635,-48.70192,SPRF-SC,DEL01-SC,UOP02-DEL01-SC,2022
"480504,0",2022-10-14,sexta-feira,05:50:00,SC,282,"49,4",AGUAS MORNAS,Velocidade Incompatível,Colisão frontal,Com Vítimas Feridas,Amanhecer,Crescente,Chuva,Simples,Declive;Curva,Não,5,0,0,4,0,1,4,3,-27.70758723,-48.95293504,SPRF-SC,DEL01-SC,UOP03-DEL01-SC,2022
"480505,0",2022-10-14,sexta-feira,06:40:00,SC,101,"210,1",SAO JOSE,Trafegar com motocicleta (ou similar) entre as faixas,Colisão lateral mesmo sentido,Com Vítimas Feridas,Pleno dia,Decrescente,Chuva,Dupla,Reta,Sim,2,0,0,1,1,0,1,2,-27.6167305,-48.6457265,SPRF-SC,DEL01-SC,UOP01-DEL01-SC,2022
"480525,0",2022-10-14,sexta-feira,07:40:00,SC,101,"211,0",SAO JOSE,Manobra de mudança de faixa,Colisão lateral mesmo sentido,Com Vítimas Feridas,Pleno dia,Decrescente,Chuva,Simples,Reta,Sim,1,0,1,0,0,0,1,1,-27.62329313,-48.65245588,SPRF-SC,DEL01-SC,UOP02-DEL01-SC,2022
"480527,0",2022-10-14,sexta-feira,06:40:00,SC,282,"619,3",IRACEMINHA,Acumulo de água sobre o pavimento,Colisão frontal,Com Vítimas Fatais,Amanhecer,Crescente,Nublado,Simples,Reta,Não,2,1,1,0,0,0,1,2,-26.7963448,-53.3034294,SPRF-SC,DEL07-SC,UOP02-DEL07-SC,2022
"480537,0",2022-10-14,sexta-feira,07:47:00,SC,116,"91,0",MONTE CASTELO,Ausência de reação do condutor,Saída de leito carroçável,Com Vítimas Feridas,Pleno dia,Decrescente,Chuva,Simples,Reta,Não,1,0,1,0,0,0,1,1,-26.64314346,-50.26148558,SPRF-SC,DEL06-SC,UOP02-DEL06-SC,2022
"480547,0",2022-10-14,sexta-feira,10:05:00,SC,280,"55,3",GUARAMIRIM,Chuva,Atropelamento de Pedestre,Com Vítimas Feridas,Pleno dia,Crescente,Chuva,Dupla,Reta,Sim,2,0,0,1,1,0,1,2,-26.47584353,-48.9937858,SPRF-SC,DEL03-SC,UOP03-DEL03-SC,2022
"480590,0",2022-10-14,sexta-feira,11:30:00,SC,280,"5,0",SAO FRANCISCO DO SUL,Trafegar com motocicleta (ou similar) entre as faixas,Colisão transversal,Com Vítimas Feridas,Pleno dia,Crescente,Chuva,Simples,Reta,Não,2,0,1,0,1,0,1,2,-26.26011706,-48.62571995,SPRF-SC,DEL03-SC,UOP03-DEL03-SC,2022
"480592,0",2022-10-14,sexta-feira,14:20:00,SC,101,"118,0",ITAJAI,Reação tardia ou ineficiente do condutor,Queda de ocupante de veículo,Com Vítimas Feridas,Pleno dia,Crescente,Garoa/Chuvisco,Dupla,Reta,Sim,1,0,1,0,0,0,1,1,-26.895859,-48.71903,SPRF-SC,DEL04-SC,UOP04-DEL04-SC,2022
"480614,0",2022-10-14,sexta-feira,16:45:00,SC,101,"139,0",BALNEARIO CAMBORIU,Manobra de mudança de faixa,Colisão lateral mesmo sentido,Com Vítimas Feridas,Anoitecer,Decrescente,Garoa/Chuvisco,Dupla,Reta,Sim,2,0,0,1,1,0,1,2,-27.02982303,-48.60115006,SPRF-SC,DEL04-SC,UOP03-DEL04-SC,2022
"480635,0",2022-10-14,sexta-feira,18:20:00,SC,101,"207,0",SAO JOSE,Reação tardia ou ineficiente do condutor,Colisão lateral mesmo sentido,Com Vítimas Feridas,Anoitecer,Decrescente,Céu Claro,Simples,Reta,Sim,2,0,1,0,1,0,1,2,-27.59930384,-48.62158491,SPRF-SC,DEL01-SC,UOP01-DEL01-SC,2022
"480638,0",2022-10-14,sexta-feira,18:40:00,SC,101,"215,1",PALHOCA,Trafegar com motocicleta (ou similar) entre as faixas,Colisão lateral mesmo sentido,Com Vítimas Feridas,Plena Noite,Crescente,Nublado,Múltipla,Reta,Sim,2,0,1,0,1,0,1,2,-27.65184843,-48.67604941,SPRF-SC,DEL01-SC,UOP02-DEL01-SC,2022
"480647,0",2022-10-14,sexta-feira,18:45:00,SC,101,"358,0",SANGAO,Reação tardia ou ineficiente do condutor,Tombamento,Com Vítimas Feridas,Plena Noite,Crescente,Garoa/Chuvisco,Simples,Reta,Não,1,0,1,0,0,0,1,1,-28.65656859,-49.10915494,SPRF-SC,DEL02-SC,UOP01-DEL02-SC,2022
"480670,0",2022-10-14,sexta-feira,21:20:00,SC,280,"22,4",ARAQUARI,Demais falhas na via,Colisão frontal,Com Vítimas Feridas,Plena Noite,Crescente,Chuva,Simples,Ponte,Não,2,0,0,1,1,0,1,2,-26.37092616,-48.70204099,SPRF-SC,DEL03-SC,UOP03-DEL03-SC,2022
"480676,0",2022-10-14,sexta-feira,19:58:00,SC,470,"56,0",BLUMENAU,Acessar a via sem observar a presença dos outros veículos,Colisão transversal,Com Vítimas Feridas,Plena Noite,Decrescente,Chuva,Simples,Reta,Sim,2,0,1,0,0,1,1,2,-26.87674,-49.127743,SPRF-SC,DEL04-SC,UOP01-DEL04-SC,2022
"480686,0",2022-10-14,sexta-feira,23:05:00,SC,470,"58,0",BLUMENAU,Ingestão de álcool pelo condutor,Colisão frontal,Com Vítimas Feridas,Plena Noite,Decrescente,Garoa/Chuvisco,Simples,Reta,Não,4,0,2,0,2,0,2,3,-26.883879,-49.145622,SPRF-SC,DEL04-SC,UOP01-DEL04-SC,2022
"480720,0",2022-10-15,sábado,04:40:00,SC,101,"355,5",SANGAO,Ingestão de álcool pelo condutor,Saída de leito carroçável,Sem Vítimas,Plena Noite,Crescente,Chuva,Dupla,Reta,Não,2,0,0,0,2,0,0,1,-28.62380715,-49.07828489,SPRF-SC,DEL02-SC,UOP01-DEL02-SC,2022
"480723,0",2022-10-15,sábado,04:20:00,SC,101,"312,4",LAGUNA,Ingestão de álcool pelo condutor,Capotamento,Com Vítimas Feridas,Plena Noite,Crescente,Chuva,Simples,Ponte;Em Obras;Retorno Regulamentado;Declive,Sim,2,0,1,0,0,1,1,2,-28.43939306,-48.82811308,SPRF-SC,DEL02-SC,UOP01-DEL02-SC,2022
"480730,0",2022-10-14,sexta-feira,17:40:00,SC,282,"418,8",VARGEM BONITA,Velocidade Incompatível,Capotamento,Com Vítimas Feridas,Anoitecer,Decrescente,Nublado,Simples,Reta,Não,1,0,1,0,0,0,1,1,-27.024965,-51.730766,SPRF-SC,DEL07-SC,UOP05-DEL07-SC,2022
"480732,0",2022-10-15,sábado,07:20:00,SC,101,"193,0",BIGUACU,Frear bruscamente,Colisão traseira,Com Vítimas Feridas,Pleno dia,Decrescente,Garoa/Chuvisco,Simples,Em Obras,Não,3,0,2,0,1,0,2,2,-27.489574,-48.655914,SPRF-SC,DEL01-SC,UOP01-DEL01-SC,2022
"480736,0",2022-10-15,sábado,06:30:00,SC,101,"216,0",PALHOCA,Ausência de reação do condutor,Colisão com objeto,Com Vítimas Feridas,Pleno dia,Crescente,Chuva,Dupla,Viaduto;Retorno Regulamentado,Sim,1,0,1,0,0,0,1,1,-27.65981409,-48.67747798,SPRF-SC,DEL01-SC,UOP02-DEL01-SC,2022
"480741,0",2022-10-15,sábado,00:40:00,SC,163,"73,6",SAO MIGUEL DO OESTE,Ingestão de álcool pelo condutor,Colisão com objeto,Com Vítimas Feridas,Plena Noite,Decrescente,Céu Claro,Dupla,Aclive;Reta,Sim,1,0,1,0,0,0,1,1,-26.70576563,-53.51369619,SPRF-SC,DEL07-SC,UOP03-DEL07-SC,2022