id,data_inversa,dia_semana,horario,uf,br,km,municipio,causa_acidente,tipo_acidente,classificacao_acidente,fase_dia,sentido_via,condicao_metereologica,tipo_pista,tracado_via,uso_solo,pessoas,mortos,feridos_leves,feridos_graves,ilesos,ignorados,feridos,veiculos,latitude,longitude,regional,delegacia,uop,ano_arquivo
"481757,0",2022-10-20,quinta-feira,13:30:00,SC,280,"58,6",GUARAMIRIM,Reação tardia ou ineficiente do condutor,Atropelamento de Pedestre,Com Vítimas Feridas,Pleno dia,Crescente,Nublado,Simples,Curva,Sim,2,0,2,0,0,0,2,2,-26.47415593,-49.021211,SPRF-SC,DEL03-SC,UOP03-DEL03-SC,2022
"481758,0",2022-10-20,quinta-feira,12:50:00,SC,101,"98,0",BALNEARIO PICARRAS,Avarias e/ou desgaste excessivo no pneu,Queda de ocupante de veículo,Com Vítimas Feridas,Pleno dia,Crescente,Nublado,Múltipla,Reta,Não,2,0,1,0,1,0,1,1,-26.73760897,-48.69918789,SPRF-SC,DEL03-SC,UOP02-DEL03-SC,2022
"481761,0",2022-10-20,quinta-feira,08:59:00,SC,101,"57,6",ARAQUARI,Velocidade Incompatível,Colisão com objeto,Com Vítimas Feridas,Pleno dia,Decrescente,Nublado,Dupla,Reta,Não,1,0,1,0,0,0,1,1,-26.43794055,-48.804515,SPRF-SC,DEL03-SC,UOP01-DEL03-SC,2022
"481776,0",2022-10-20,quinta-feira,15:45:00,SC,101,"434,5",SOMBRIO,Animais na Pista,Atropelamento de Animal,Com Vítimas Feridas,Pleno dia,Crescente,Nublado,Múltipla,Reta,Sim,1,0,1,0,0,0,1,1,-29.09952699,-49.63451385,SPRF-SC,DEL02-SC,UOP02-DEL02-SC,2022
"481781,0",2022-10-20,quinta-feira,15:20:00,SC,101,"58,0",ARAQUARI,Avarias e/ou desgaste excessivo no pneu,Tombamento,Com Vítimas Feridas,Pleno dia,Decrescente,Nublado,Dupla,Reta,Não,2,0,1,0,1,0,1,1,-26.44025049,-48.80129043,SPRF-SC,DEL03-SC,UOP02-DEL03-SC,2022
"481798,0",2022-10-20,quinta-feira,18:10:00,SC,101,"206,0",SAO JOSE,Ausência de reação do condutor,Colisão lateral mesmo sentido,Com Vítimas Feridas,Anoitecer,Crescente,Garoa/Chuvisco,Múltipla,Reta,Sim,2,0,1,0,1,0,1,2,-27.59193546,-48.61824557,SPRF-SC,DEL01-SC,UOP01-DEL01-SC,2022
"481803,0",2022-10-20,quinta-feira,19:00:00,SC,101,"25,0",JOINVILLE,Reação tardia ou ineficiente do condutor,Colisão transversal,Sem Vítimas,Plena Noite,Crescente,Céu Claro,Dupla,Reta,Sim,6,0,0,0,6,0,0,3,-26.1834739,-48.9105912,SPRF-SC,DEL03-SC,UOP01-DEL03-SC,2022
"481809,0",2022-10-20,quinta-feira,17:40:00,SC,470,"4,0",NAVEGANTES,Ingestão de álcool pelo condutor,Colisão traseira,Sem Vítimas,Anoitecer,Crescente,Nevoeiro/Neblina,Dupla,Em Obras;Desvio Temporário;Reta,Não,2,0,0,0,2,0,0,2,-26.858473,-48.690788,SPRF-SC,DEL04-SC,UOP04-DEL04-SC,2022
"481835,0",2022-10-20,quinta-feira,17:00:00,SC,101,"158,0",PORTO BELO,Acessar a via sem observar a presença dos outros veículos,Colisão traseira,Com Vítimas Feridas,Pleno dia,Decrescente,Nublado,Dupla,Reta,Sim,2,0,0,1,1,0,1,2,-27.19096301,-48.61259017,SPRF-SC,DEL04-SC,UOP03-DEL04-SC,2022
"481836,0",2022-10-20,quinta-feira,19:45:00,SC,101,"118,0",ITAJAI,Condutor deixou de manter distância do veículo da frente,Colisão traseira,Com Vítimas Feridas,Plena Noite,Crescente,Garoa/Chuvisco,Dupla,Reta,Sim,2,0,1,0,1,0,1,2,-26.895859,-48.71903,SPRF-SC,DEL04-SC,UOP04-DEL04-SC,2022
"481842,0",2022-10-20,quinta-feira,21:38:00,SC,101,"202,3",SAO JOSE,Ingestão de álcool pelo condutor,Saída de leito carroçável,Sem Vítimas,Plena Noite,Crescente,Céu Claro,Simples,Reta,Sim,1,0,0,0,1,0,0,1,-27.55711595,-48.61897889,SPRF-SC,DEL01-SC,UOP01-DEL01-SC,2022
"481874,0",2022-10-20,quinta-feira,19:30:00,SC,101,"118,0",ITAJAI,Condutor deixou de manter distância do veículo da frente,Colisão traseira,Com Vítimas Feridas,Plena Noite,Decrescente,Céu Claro,Dupla,Reta,Sim,2,0,1,0,1,0,1,2,-26.895859,-48.71903,SPRF-SC,DEL04-SC,UOP04-DEL04-SC,2022
"481875,0",2022-10-20,quinta-feira,23:40:00,SC,101,"138,0",BALNEARIO CAMBORIU,Ausência de reação do condutor,Tombamento,Com Vítimas Feridas,Plena Noite,Crescente,Garoa/Chuvisco,Dupla,Reta,Sim,1,0,1,0,0,0,1,1,-27.02397426,-48.60761649,SPRF-SC,DEL04-SC,UOP03-DEL04-SC,2022
"481877,0",2022-10-20,quinta-feira,23:10:00,SC,101,"42,6",JOINVILLE,Pedestre andava na pista,Colisão transversal,Com Vítimas Fatais,Plena Noite,Crescente,Nublado,Múltipla,Reta,Sim,4,1,0,0,1,2,0,4,-26.32946067,-48.8629818,SPRF-SC,DEL03-SC,UOP01-DEL03-SC,2022
"481902,0",2022-10-21,sexta-feira,07:50:00,SC,282,"1,0",FLORIANOPOLIS,Reação tardia ou ineficiente do condutor,Colisão lateral mesmo sentido,Com Vítimas Feridas,Pleno dia,Decrescente,Nublado,Múltipla,Reta,Sim,2,0,1,0,1,0,1,2,-27.602955,-48.580509,SPRF-SC,DEL01-SC,UOP01-DEL01-SC,2022
"481911,0",2022-10-21,sexta-feira,06:20:00,SC,282,"578,0",PINHALZINHO,Desrespeitar a preferência no cruzamento,Colisão transversal,Com Vítimas Feridas,Pleno dia,Decrescente,Chuva,Simples,Rotatória,Sim,2,0,1,0,1,0,1,2,-26.852706,-52.980415,SPRF-SC,DEL07-SC,UOP02-DEL07-SC,2022
"481927,0",2022-10-21,sexta-feira,08:00:00,SC,101,"148,0",ITAPEMA,Acessar a via sem observar a presença dos outros veículos,Saída de leito carroçável,Com Vítimas Feridas,Pleno dia,Crescente,Céu Claro,Simples,Reta,Sim,2,0,1,0,0,1,1,2,-27.1008079,-48.61852527,SPRF-SC,DEL04-SC,UOP03-DEL04-SC,2022
"481948,0",2022-10-21,sexta-feira,08:20:00,SC,163,"95,1",GUARACIABA,Ausência de reação do condutor,Tombamento,Com Vítimas Feridas,Pleno dia,Decrescente,Nublado,Simples,Em Obras,Não,1,0,1,0,0,0,1,1,-26.52522398,-53.51935936,SPRF-SC,DEL07-SC,UOP03-DEL07-SC,2022
"481977,0",2022-10-06,quinta-feira,05:15:00,SC,280,"54,0",GUARAMIRIM,Iluminação deficiente,Colisão transversal,Com Vítimas Feridas,Amanhecer,Crescente,Chuva,Dupla,Reta,Sim,2,0,0,1,1,0,1,2,-26.47547099,-48.98797274,SPRF-SC,DEL03-SC,UOP03-DEL03-SC,2022
"481988,0",2022-10-21,sexta-feira,10:45:00,SC,282,"386,0",JOACABA,Ingestão de álcool pelo condutor,Saída de leito carroçável,Com Vítimas Feridas,Pleno dia,Decrescente,Garoa/Chuvisco,Simples,Declive,Não,1,0,0,1,0,0,1,1,-27.19342,-51.516783,SPRF-SC,DEL07-SC,UOP05-DEL07-SC,2022
"481990,0",2022-10-21,sexta-feira,13:50:00,SC,101,"132,3",BALNEARIO CAMBORIU,Condutor deixou de manter distância do veículo da frente,Colisão traseira,Com Vítimas Feridas,Pleno dia,Crescente,Céu Claro,Dupla,Reta,Não,2,0,0,1,1,0,1,2,-26.99654133,-48.65564711,SPRF-SC,DEL04-SC,UOP03-DEL04-SC,2022
"481999,0",2022-10-21,sexta-feira,15:20:00,SC,101,"201,3",SAO JOSE,Ausência de reação do condutor,Atropelamento de Pedestre,Com Vítimas Feridas,Pleno dia,Crescente,Céu Claro,Simples,Reta,Sim,2,0,0,1,1,0,1,2,-27.54836599,-48.61977975,SPRF-SC,DEL01-SC,UOP01-DEL01-SC,2022
"482050,0",2022-10-21,sexta-feira,17:00:00,SC,282,"662,0",PARAISO,Reação tardia ou ineficiente do condutor,Saída de leito carroçável,Com Vítimas Feridas,Anoitecer,Decrescente,Céu Claro,Simples,Curva,Não,1,0,0,1,0,0,1,1,-26.6697036,-53.59869003,SPRF-SC,DEL07-SC,UOP03-DEL07-SC,2022
"482051,0",2022-10-21,sexta-feira,17:30:00,SC,101,"206,0",SAO JOSE,Chuva,Colisão traseira,Com Vítimas Feridas,Pleno dia,Decrescente,Chuva,Dupla,Reta,Sim,3,0,1,0,2,0,1,3,-27.59193546,-48.61824557,SPRF-SC,DEL01-SC,UOP01-DEL01-SC,2022
"482062,0",2022-10-21,sexta-feira,18:50:00,SC,470,"48,6",BLUMENAU,Demais falhas na via,Tombamento,Com Vítimas Feridas,Plena Noite,Decrescente,Nublado,Dupla,Reta,Sim,1,0,1,0,0,0,1,1,-26.859823,-49.055393,SPRF-SC,DEL04-SC,UOP01-DEL04-SC,2022
"482093,0",2022-10-21,sexta-feira,19:30:00,SC,101,"406,8",ARARANGUA,Demais falhas mecânicas ou elétricas,Colisão com objeto,Com Vítimas Feridas,Plena Noite,Crescente,Chuva,Dupla,Reta,Não,1,0,1,0,0,0,1,1,-28.89284011,-49.46880088,SPRF-SC,DEL02-SC,UOP02-DEL02-SC,2022
"482095,0",2022-10-21,sexta-feira,17:10:00,SC,101,"19,9",JOINVILLE,Ausência de reação do condutor,Atropelamento de Pedestre,Com Vítimas Feridas,Pleno dia,Crescente,Céu Claro,Simples,Viaduto,Não,2,0,1,0,0,1,1,2,-26.13376586,-48.89661416,SPRF-SC,DEL03-SC,UOP01-DEL03-SC,2022
"482099,0",2022-10-21,sexta-feira,13:45:00,SC,280,"27,8",ARAQUARI,Condutor deixou de manter distância do veículo da frente,Colisão traseira,Com Vítimas Feridas,Pleno dia,Crescente,Nublado,Simples,Reta,Não,2,0,1,0,1,0,1,2,-26.39685622,-48.74021969,SPRF-SC,DEL03-SC,UOP03-DEL03-SC,2022
"482111,0",2022-10-21,sexta-feira,23:00:00,SC,116,"210,7",PONTE ALTA,Velocidade Incompatível,Saída de leito carroçável,Sem Vítimas,Plena Noite,Decrescente,Nublado,Simples,Aclive;Reta,Não,1,0,0,0,0,1,0,1,-27.50816995,-50.36539572,SPRF-SC,DEL05-SC,UOP03-DEL05-SC,2022
"482114,0",2022-10-21,sexta-feira,23:10:00,SC,101,"151,0",ITAPEMA,Ausência de reação do condutor,Tombamento,Sem Vítimas,Plena Noite,Crescente,Garoa/Chuvisco,Simples,Reta,Sim,1,0,0,0,1,0,0,1,-27.126536,-48.609642,SPRF-SC,DEL04-SC,UOP03-DEL04-SC,2022
"482137,0",2022-10-22,sábado,03:50:00,SC,116,"248,0",LAGES,Ingestão de álcool pelo condutor,Capotamento,Com Vítimas Feridas,Plena Noite,Decrescente,Céu Claro,Simples,Reta,Sim,1,0,1,0,0,0,1,1,-27.81994481,-50.37454423,SPRF-SC,DEL05-SC,UOP02-DEL05-SC,2022
"482152,0",2022-10-22,sábado,06:00:00,SC,470,"68,0",INDAIAL,Desrespeitar a preferência no cruzamento,Colisão transversal,Com Vítimas Feridas,Amanhecer,Decrescente,Nublado,Simples,Interseção de Vias,Sim,2,0,1,0,1,0,1,2,-26.877615,-49.239231,SPRF-SC,DEL04-SC,UOP01-DEL04-SC,2022
"482187,0",2022-10-22,sábado,10:30:00,SC,101,"119,0",ITAJAI,Condutor deixou de manter distância do veículo da frente,Colisão traseira,Com Vítimas Feridas,Pleno dia,Crescente,Céu Claro,Dupla,Reta,Sim,2,0,1,0,1,0,1,2,-26.9043179,-48.71555481,SPRF-SC,DEL04-SC,UOP04-DEL04-SC,2022
"482190,0",2022-10-22,sábado,09:25:00,SC,101,"282,5",IMBITUBA,Reação tardia ou ineficiente do condutor,Colisão traseira,Com Vítimas Feridas,Pleno dia,Crescente,Nublado,Múltipla,Interseção de Vias,Sim,2,0,1,0,1,0,1,2,-28.215207,-48.700566,SPRF-SC,DEL02-SC,UOP03-DEL02-SC,2022
"482207,0",2022-10-22,sábado,09:00:00,SC,116,"53,0",PAPANDUVA,Conversão proibida,Colisão transversal,Com Vítimas Fatais,Pleno dia,Decrescente,Céu Claro,Simples,Aclive;Reta,Não,2,1,1,0,0,0,1,2,-26.3932492,-50.15515026,SPRF-SC,DEL06-SC,UOP01-DEL06-SC,2022
"482211,0",2022-10-22,sábado,10:15:00,SC,282,"354,3",CAMPOS NOVOS,Reação tardia ou ineficiente do condutor,Saída de leito carroçável,Com Vítimas Feridas,Pleno dia,Decrescente,Céu Claro,Simples,Curva,Não,1,0,1,0,0,0,1,1,-27.35796,-51.330452,SPRF-SC,DEL07-SC,UOP06-DEL07-SC,2022
"482214,0",2022-10-22,sábado,13:30:00,SC,282,"69,0",RANCHO QUEIMADO,Velocidade Incompatível,Tombamento,Com Vítimas Feridas,Pleno dia,Decrescente,Sol,Simples,Curva,Não,2,0,1,1,0,0,2,1,-27.690144,-49.083813,SPRF-SC,DEL01-SC,UOP03-DEL01-SC,2022
"482215,0",2022-10-22,sábado,11:30:00,SC,101,"59,9",ARAQUARI,Reação tardia ou ineficiente do condutor,Tombamento,Com Vítimas Feridas,Pleno dia,Crescente,Céu Claro,Dupla,Reta,Não,1,0,1,0,0,0,1,1,-26.44651734,-48.79426826,SPRF-SC,DEL03-SC,UOP02-DEL03-SC,2022
"482217,0",2022-10-22,sábado,10:50:00,SC,470,"125,0",LONTRAS,Pedestre cruzava a pista fora da faixa,Atropelamento de Pedestre,Com Vítimas Fatais,Pleno dia,Crescente,Sol,Simples,Reta,Sim,2,1,0,0,1,0,0,2,-27.1229469,-49.536318,SPRF-SC,DEL04-SC,UOP02-DEL04-SC,2022
"482218,0",2022-10-22,sábado,11:00:00,SC,280,"36,2",ARAQUARI,Manobra de mudança de faixa,Capotamento,Com Vítimas Feridas,Pleno dia,Decrescente,Céu Claro,Simples,Reta,Não,3,0,2,0,0,1,2,2,-26.44201783,-48.80964363,SPRF-SC,DEL03-SC,UOP03-DEL03-SC,2022
"482243,0",2022-10-22,sábado,15:30:00,SC,101,"213,3",PALHOCA,Ingestão de álcool pelo condutor,Colisão com objeto,Sem Vítimas,Pleno dia,Crescente,Céu Claro,Múltipla,Interseção de Vias,Sim,2,0,0,0,1,1,0,2,-27.63697369,-48.66514142,SPRF-SC,DEL01-SC,UOP02-DEL01-SC,2022
"482256,0",2022-10-22,sábado,16:40:00,SC,101,"27,0",JOINVILLE,Desrespeitar a preferência no cruzamento,Colisão transversal,Com Vítimas Feridas,Pleno dia,Crescente,Céu Claro,Simples,Rotatória,Sim,2,0,1,0,1,0,1,2,-26.20130351,-48.91331794,SPRF-SC,DEL03-SC,UOP01-DEL03-SC,2022
"482257,0",2022-10-22,sábado,15:50:00,SC,101,"166,0",TIJUCAS,Ausência de reação do condutor,Saída de leito carroçável,Com Vítimas Feridas,Pleno dia,Decrescente,Céu Claro,Dupla,Reta,Não,1,0,0,1,0,0,1,1,-27.26147697,-48.63180349,SPRF-SC,DEL04-SC,UOP03-DEL04-SC,2022
"482261,0",2022-10-22,sábado,16:00:00,SC,101,"69,0",ARAQUARI,Ausência de reação do condutor,Saída de leito carroçável,Com Vítimas Feridas,Pleno dia,Decrescente,Céu Claro,Dupla,Reta,Não,1,0,1,0,0,0,1,1,-26.50298009,-48.72814515,SPRF-SC,DEL03-SC,UOP02-DEL03-SC,2022
"482270,0",2022-10-22,sábado,18:10:00,SC,101,"424,8",ARARANGUA,Acessar a via sem observar a presença dos outros veículos,Colisão transversal,Com Vítimas Feridas,Pleno dia,Crescente,Nublado,Simples,Reta,Sim,2,0,1,1,0,0,2,2,-29.01601155,-49.58269226,SPRF-SC,DEL02-SC,UOP02-DEL02-SC,2022
"482290,0",2022-10-22,sábado,18:00:00,SC,101,"437,0",SOMBRIO,Ausência de reação do condutor,Saída de leito carroçável,Com Vítimas Feridas,Pleno dia,Crescente,Nublado,Simples,Curva,Sim,1,0,1,0,0,0,1,1,-29.116756,-49.640408,SPRF-SC,DEL02-SC,UOP02-DEL02-SC,2022
"482306,0",2022-10-22,sábado,21:08:00,SC,470,"57,2",BLUMENAU,Transitar na contramão,Colisão frontal,Com Vítimas Fatais,Plena Noite,Decrescente,Nublado,Simples,Em Obras;Reta,Sim,5,1,0,1,0,3,1,3,-26.88174169,-49.13851976,SPRF-SC,DEL04-SC,UOP01-DEL04-SC,2022
"482316,0",2022-10-22,sábado,22:00:00,SC,470,"130,0",LONTRAS,Ingestão de álcool pelo condutor,Colisão transversal,Com Vítimas Feridas,Plena Noite,Decrescente,Nublado,Simples,Reta,Não,4,0,3,0,1,0,3,2,-27.160365,-49.556487,SPRF-SC,DEL04-SC,UOP02-DEL04-SC,2022
"482322,0",2022-10-22,sábado,19:35:00,SC,101,"357,0",JAGUARUNA,Ausência de reação do condutor,Colisão traseira,Com Vítimas Feridas,Plena Noite,Crescente,Nublado,Simples,Reta,Não,3,0,0,2,1,0,2,2,-28.663033,-49.083505,SPRF-SC,DEL02-SC,UOP01-DEL02-SC,2022
"482323,0",2022-10-22,sábado,19:09:00,SC,282,"431,8",VARGEM BONITA,Transitar na contramão,Colisão frontal,Com Vítimas Fatais,Plena Noite,Decrescente,Céu Claro,Simples,Reta,Não,11,1,0,0,10,0,0,2,-26.979601,-51.805241,SPRF-SC,DEL07-SC,UOP05-DEL07-SC,2022
"482336,0",2022-10-23,domingo,00:30:00,SC,282,"0,3",FLORIANOPOLIS,Ingestão de álcool pelo condutor,Tombamento,Sem Vítimas,Plena Noite,Crescente,Céu Claro,Dupla,Curva,Sim,1,0,0,0,1,0,0,1,-27.59845,-48.571995,SPRF-SC,DEL01-SC,UOP01-DEL01-SC,2022
"482348,0",2022-10-23,domingo,00:50:00,SC,280,"236,0",CANOINHAS,Ingestão de álcool pelo condutor,Colisão lateral sentido oposto,Sem Vítimas,Plena Noite,Decrescente,Nublado,Simples,Reta,Sim,2,0,0,0,2,0,0,2,-26.19473731,-50.42288587,SPRF-SC,DEL06-SC,UOP04-DEL06-SC,2022
"482358,0",2022-10-23,domingo,02:30:00,SC,470,"70,0",INDAIAL,Pedestre cruzava a pista fora da faixa,Atropelamento de Pedestre,Com Vítimas Feridas,Plena Noite,Crescente,Nublado,Dupla,Reta;Aclive,Não,2,0,0,1,0,1,1,2,-26.88575124,-49.24947739,SPRF-SC,DEL04-SC,UOP01-DEL04-SC,2022
"482360,0",2022-10-23,domingo,01:00:00,SC,470,"323,6",CAMPOS NOVOS,Ingestão de álcool e/ou substâncias psicoativas pelo pedestre,Colisão lateral sentido oposto,Com Vítimas Fatais,Plena Noite,Crescente,Céu Claro,Simples,Curva;Declive,Não,6,1,4,0,1,0,4,3,-27.438557,-51.244228,SPRF-SC,DEL07-SC,UOP06-DEL07-SC,2022
"482366,0",2022-10-23,domingo,03:30:00,SC,101,"334,0",TUBARAO,Ingestão de álcool pelo condutor,Colisão com objeto,Com Vítimas Feridas,Plena Noite,Decrescente,Nublado,Dupla,Interseção de Vias,Sim,1,0,1,0,0,0,1,1,-28.46730446,-49.00604302,SPRF-SC,DEL02-SC,UOP01-DEL02-SC,2022
"482367,0",2022-10-23,domingo,01:10:00,SC,101,"327,0",CAPIVARI DE BAIXO,Ingestão de álcool pelo condutor,Saída de leito carroçável,Com Vítimas Feridas,Plena Noite,Crescente,Nublado,Simples,Reta,Não,5,0,5,0,0,0,5,1,-28.43023306,-48.95205197,SPRF-SC,DEL02-SC,UOP01-DEL02-SC,2022
"482369,0",2022-10-23,domingo,04:20:00,SC,101,"124,0",ITAJAI,Ingestão de álcool pelo condutor,Capotamento,Com Vítimas Feridas,Plena Noite,Decrescente,Céu Claro,Dupla,Reta,Sim,1,0,0,1,0,0,1,1,-26.94335064,-48.69198648,SPRF-SC,DEL04-SC,UOP04-DEL04-SC,2022
"482378,0",2022-10-23,domingo,05:50:00,SC,101,"197,4",BIGUACU,Reação tardia ou ineficiente do condutor,Capotamento,Com Vítimas Feridas,Amanhecer,Crescente,Céu Claro,Dupla,Curva,Sim,2,0,2,0,0,0,2,1,-27.51844497,-48.63848496,SPRF-SC,DEL01-SC,UOP01-DEL01-SC,2022
"482401,0",2022-10-23,domingo,07:55:00,SC,101,"211,8",PALHOCA,Ingestão de álcool pelo condutor,Colisão com objeto,Com Vítimas Feridas,Pleno dia,Crescente,Céu Claro,Múltipla,Reta,Sim,4,0,0,2,0,2,2,3,-27.62329313,-48.65245588,SPRF-SC,DEL01-SC,UOP02-DEL01-SC,2022
"482403,0",2022-10-23,domingo,06:00:00,SC,280,"220,0",TRES BARRAS,Reação tardia ou ineficiente do condutor,Saída de leito carroçável,Com Vítimas Feridas,Pleno dia,Crescente,Céu Claro,Simples,Rotatória,Não,5,0,2,2,1,0,4,1,-26.17238592,-50.27240753,SPRF-SC,DEL06-SC,UOP04-DEL06-SC,2022
"482434,0",2022-10-23,domingo,11:20:00,SC,101,"207,0",SAO JOSE,Acessar a via sem observar a presença dos outros veículos,Colisão transversal,Com Vítimas Feridas,Pleno dia,Crescente,Céu Claro,Simples,Interseção de Vias,Sim,3,0,0,2,1,0,2,2,-27.59912951,-48.6220336,SPRF-SC,DEL01-SC,UOP01-DEL01-SC,2022
"482461,0",2022-10-23,domingo,11:20:00,SC,101,"147,0",ITAPEMA,Reação tardia ou ineficiente do condutor,Tombamento,Com Vítimas Feridas,Pleno dia,Decrescente,Céu Claro,Dupla,Reta,Sim,2,0,0,2,0,0,2,1,-27.09237407,-48.61730888,SPRF-SC,DEL04-SC,UOP03-DEL04-SC,2022
"482482,0",2022-10-23,domingo,15:30:00,SC,101,"319,0",PESCARIA BRAVA,Ausência de reação do condutor,Saída de leito carroçável,Com Vítimas Feridas,Pleno dia,Crescente,Céu Claro,Dupla,Reta,Sim,1,0,0,1,0,0,1,1,-28.42978736,-48.87148792,SPRF-SC,DEL02-SC,UOP01-DEL02-SC,2022
"482484,0",2022-10-23,domingo,15:00:00,SC,280,"124,0",RIO NEGRINHO,Acesso irregular,Colisão transversal,Com Vítimas Feridas,Pleno dia,Crescente,Céu Claro,Simples,Reta,Não,3,0,2,0,1,0,2,2,-26.24130297,-49.47514499,SPRF-SC,DEL06-SC,UOP03-DEL06-SC,2022
"482500,0",2022-10-23,domingo,17:20:00,SC,101,"203,7",SAO JOSE,Reação tardia ou ineficiente do condutor,Eventos atípicos,Com Vítimas Feridas,Pleno dia,Crescente,Nublado,Múltipla,Aclive;Reta,Sim,2,0,2,0,0,0,2,1,-27.57174303,-48.61376166,SPRF-SC,DEL01-SC,UOP01-DEL01-SC,2022
"482502,0",2022-10-23,domingo,13:15:00,SC,101,"146,0",ITAPEMA,Reação tardia ou ineficiente do condutor,Colisão traseira,Com Vítimas Feridas,Pleno dia,Decrescente,Céu Claro,Dupla,Reta,Sim,3,0,0,1,2,0,1,3,-27.08666525,-48.60955587,SPRF-SC,DEL04-SC,UOP03-DEL04-SC,2022
"482530,0",2022-10-23,domingo,17:30:00,SC,101,"127,1",ITAJAI,Trafegar com motocicleta (ou similar) entre as faixas,Colisão lateral mesmo sentido,Com Vítimas Feridas,Pleno dia,Decrescente,Céu Claro,Dupla,Curva,Sim,3,0,1,0,2,0,1,3,-26.9639319,-48.68328024,SPRF-SC,DEL04-SC,UOP04-DEL04-SC,2022
"482554,0",2022-10-23,domingo,18:50:00,SC,282,"516,2",XAXIM,Ingestão de álcool pelo condutor,Saída de leito carroçável,Com Vítimas Feridas,Plena Noite,Decrescente,Céu Claro,Simples,Curva,Não,2,0,2,0,0,0,2,1,-26.930862,-52.499157,SPRF-SC,DEL07-SC,UOP01-DEL07-SC,2022
"482558,0",2022-10-23,domingo,18:30:00,SC,470,"76,7",INDAIAL,Animais na Pista,Atropelamento de Animal,Com Vítimas Feridas,Anoitecer,Crescente,Céu Claro,Simples,Reta,Não,1,0,1,0,0,0,1,1,-26.933308,-49.287426,SPRF-SC,DEL04-SC,UOP01-DEL04-SC,2022
"482574,0",2022-10-23,domingo,19:10:00,SC,280,"238,5",CANOINHAS,Animais na Pista,Atropelamento de Animal,Sem Vítimas,Anoitecer,Crescente,Céu Claro,Simples,Reta,Não,4,0,0,0,4,0,0,2,-26.20536399,-50.438846,SPRF-SC,DEL06-SC,UOP04-DEL06-SC,2022
"482598,0",2022-10-23,domingo,19:20:00,SC,282,"120,5",BOM RETIRO,Ultrapassagem Indevida,Colisão frontal,Com Vítimas Feridas,Plena Noite,Crescente,Céu Claro,Simples,Curva,Não,2,0,1,0,1,0,1,2,-27.792959,-49.415504,SPRF-SC,DEL05-SC,UOP01-DEL05-SC,2022
"482608,0",2022-10-24,segunda-feira,00:30:00,SC,101,"443,7",SANTA ROSA DO SUL,Transitar na contramão,Colisão lateral sentido oposto,Com Vítimas Feridas,Plena Noite,Decrescente,Nublado,Múltipla,Reta,Sim,2,0,1,0,1,0,1,2,-29.13223626,-49.69660393,SPRF-SC,DEL02-SC,UOP02-DEL02-SC,2022
"482635,0",2022-10-24,segunda-feira,05:50:00,SC,101,"1,0",GARUVA,Velocidade Incompatível,Saída de leito carroçável,Sem Vítimas,Amanhecer,Decrescente,Chuva,Dupla,Reta,Não,2,0,0,0,0,2,0,2,-25.98895627,-48.88356133,SPRF-SC,DEL03-SC,UOP01-DEL03-SC,2022
"482637,0",2022-10-24,segunda-feira,06:30:00,SC,163,"70,8",SAO MIGUEL DO OESTE,Acessar a via sem observar a presença dos outros veículos,Colisão transversal,Com Vítimas Feridas,Pleno dia,Decrescente,Sol,Dupla,Reta,Sim,2,0,1,0,1,0,1,2,-26.73461723,-53.50680015,SPRF-SC,DEL07-SC,UOP03-DEL07-SC,2022
"482651,0",2022-10-24,segunda-feira,07:50:00,SC,101,"197,0",BIGUACU,Ausência de reação do condutor,Queda de ocupante de veículo,Com Vítimas Feridas,Pleno dia,Crescente,Céu Claro,Dupla,Curva,Não,1,0,1,0,0,0,1,1,-27.51844497,-48.63848496,SPRF-SC,DEL01-SC,UOP01-DEL01-SC,2022
"482674,0",2022-10-24,segunda-feira,10:30:00,SC,470,"139,0",RIO DO SUL,Pedestre cruzava a pista fora da faixa,Atropelamento de Pedestre,Com Vítimas Feridas,Pleno dia,Decrescente,Céu Claro,Simples,Reta,Sim,2,0,1,0,1,0,1,2,-27.217564,-49.65461,SPRF-SC,DEL04-SC,UOP02-DEL04-SC,2022
"482692,0",2022-10-24,segunda-feira,11:30:00,SC,101,"139,0",BALNEARIO CAMBORIU,Ausência de reação do condutor,Colisão traseira,Com Vítimas Feridas,Pleno dia,Crescente,Céu Claro,Simples,Reta,Não,3,0,0,1,2,0,1,2,-27.02982303,-48.60115006,SPRF-SC,DEL04-SC,UOP03-DEL04-SC,2022
"482695,0",2022-10-24,segunda-feira,12:10:00,SC,101,"214,0",PALHOCA,Acessar a via sem observar a presença dos outros veículos,Colisão lateral mesmo sentido,Com Vítimas Feridas,Pleno dia,Crescente,Céu Claro,Múltipla,Reta,Sim,2,0,1,0,1,0,1,2,-27.64443,-48.67057,SPRF-SC,DEL01-SC,UOP02-DEL01-SC,2022
"482696,0",2022-09-20,terça-feira,18:20:00,SC,101,"314,7",LAGUNA,Ultrapassagem Indevida,Colisão frontal,Com Vítimas Fatais,Anoitecer,Decrescente,Céu Claro,Simples,Curva,Não,2,1,1,0,0,0,1,2,-28.428563,-48.844189,SPRF-SC,DEL02-SC,UOP01-DEL02-SC,2022
"482697,0",2022-10-24,segunda-feira,12:03:00,SC,101,"193,0",BIGUACU,Condutor deixou de manter distância do veículo da frente,Colisão traseira,Com Vítimas Feridas,Pleno dia,Crescente,Céu Claro,Simples,Reta,Sim,2,0,1,0,1,0,1,2,-27.489574,-48.655914,SPRF-SC,DEL01-SC,UOP01-DEL01-SC,2022