id,data_inversa,dia_semana,horario,uf,br,km,municipio,causa_acidente,tipo_acidente,classificacao_acidente,fase_dia,sentido_via,condicao_metereologica,tipo_pista,tracado_via,uso_solo,pessoas,mortos,feridos_leves,feridos_graves,ilesos,ignorados,feridos,veiculos,latitude,longitude,regional,delegacia,uop,ano_arquivo
"485758,0",2022-11-09,quarta-feira,17:21:00,SC,101,"199,0",BIGUACU,Manobra de mudança de faixa,Colisão lateral mesmo sentido,Com Vítimas Feridas,Pleno dia,Crescente,Céu Claro,Dupla,Reta,Sim,2,0,1,0,1,0,1,2,-27.53413705,-48.63003205,SPRF-SC,DEL01-SC,UOP01-DEL01-SC,2022
"485776,0",2022-11-09,quarta-feira,17:40:00,SC,101,"390,4",CRICIUMA,Velocidade Incompatível,Colisão com objeto,Com Vítimas Feridas,Pleno dia,Decrescente,Céu Claro,Múltipla,Curva,Não,1,0,1,0,0,0,1,1,-28.79513029,-49.35435084,SPRF-SC,DEL02-SC,UOP02-DEL02-SC,2022
"485780,0",2022-11-04,sexta-feira,19:15:00,SC,470,"96,9",APIUNA,Reação tardia ou ineficiente do condutor,Colisão traseira,Com Vítimas Feridas,Plena Noite,Crescente,Céu Claro,Simples,Curva,Sim,5,0,2,0,0,3,2,3,-27.020767,-49.371342,SPRF-SC,DEL04-SC,UOP01-DEL04-SC,2022
"485781,0",2022-10-21,sexta-feira,08:30:00,SC,282,"432,0",VARGEM BONITA,Ultrapassagem Indevida,Colisão lateral mesmo sentido,Com Vítimas Feridas,Pleno dia,Crescente,Garoa/Chuvisco,Simples,Reta,Não,2,0,0,1,1,0,1,2,-26.981241,-51.814842,SPRF-SC,DEL07-SC,UOP05-DEL07-SC,2022
"485787,0",2022-11-09,quarta-feira,20:30:00,SC,101,"198,0",BIGUACU,Demais falhas mecânicas ou elétricas,Queda de ocupante de veículo,Com Vítimas Feridas,Plena Noite,Crescente,Nublado,Múltipla,Reta,Não,1,0,1,0,0,0,1,1,-27.52658712,-48.63506019,SPRF-SC,DEL01-SC,UOP01-DEL01-SC,2022
"485791,0",2022-11-09,quarta-feira,19:20:00,SC,282,"578,0",PINHALZINHO,Ingestão de álcool pelo condutor,Colisão frontal,Com Vítimas Feridas,Anoitecer,Decrescente,Céu Claro,Simples,Reta,Sim,3,0,1,0,2,0,1,2,-26.86343376,-52.97401428,SPRF-SC,DEL07-SC,UOP02-DEL07-SC,2022
"485858,0",2022-10-08,sábado,09:30:00,SC,282,"26,0",SANTO AMARO DA IMPERATRIZ,Transitar na contramão,Colisão frontal,Com Vítimas Feridas,Pleno dia,Crescente,Céu Claro,Simples,Curva,Sim,2,0,0,1,1,0,1,2,-27.680267,-48.762482,SPRF-SC,DEL01-SC,UOP03-DEL01-SC,2022
"485865,0",2022-11-10,quinta-feira,09:45:00,SC,101,"30,0",JOINVILLE,Velocidade Incompatível,Colisão traseira,Com Vítimas Feridas,Pleno dia,Decrescente,Céu Claro,Dupla,Aclive;Reta,Não,2,0,0,1,1,0,1,2,-26.216931,-48.91612807,SPRF-SC,DEL03-SC,UOP01-DEL03-SC,2022
"485866,0",2022-11-10,quinta-feira,10:30:00,SC,101,"203,0",SAO JOSE,Manobra de mudança de faixa,Colisão lateral mesmo sentido,Com Vítimas Feridas,Pleno dia,Crescente,Céu Claro,Dupla,Declive;Reta,Não,2,0,1,0,1,0,1,2,-27.5641107,-48.6146548,SPRF-SC,DEL01-SC,UOP01-DEL01-SC,2022
"485885,0",2022-11-10,quinta-feira,12:10:00,SC,101,"134,0",BALNEARIO CAMBORIU,Acessar a via sem observar a presença dos outros veículos,Colisão transversal,Com Vítimas Feridas,Pleno dia,Crescente,Céu Claro,Simples,Reta,Sim,2,0,0,1,1,0,1,2,-27.00218,-48.636433,SPRF-SC,DEL04-SC,UOP03-DEL04-SC,2022
"485906,0",2022-11-10,quinta-feira,15:25:00,SC,101,"207,0",SAO JOSE,Desrespeitar a preferência no cruzamento,Colisão transversal,Com Vítimas Feridas,Pleno dia,Decrescente,Sol,Múltipla,Interseção de Vias,Sim,3,0,2,0,1,0,2,2,-27.60001226,-48.6226467,SPRF-SC,DEL01-SC,UOP01-DEL01-SC,2022
"485911,0",2022-08-15,segunda-feira,06:30:00,SC,282,"16,7",PALHOCA,Mal súbito do condutor,Colisão frontal,Com Vítimas Fatais,Amanhecer,Crescente,Nublado,Simples,Reta,Sim,7,1,1,5,0,0,6,3,-27.664429,-48.68697,SPRF-SC,DEL01-SC,UOP02-DEL01-SC,2022
"485925,0",2022-11-10,quinta-feira,13:30:00,SC,101,"158,0",PORTO BELO,Acessar a via sem observar a presença dos outros veículos,Colisão transversal,Com Vítimas Feridas,Pleno dia,Crescente,Céu Claro,Dupla,Reta,Não,3,0,1,1,1,0,2,2,-27.19096301,-48.61259017,SPRF-SC,DEL04-SC,UOP03-DEL04-SC,2022
"485929,0",2022-11-10,quinta-feira,12:58:00,SC,282,"504,9",XANXERE,Transitar na contramão,Colisão frontal,Com Vítimas Feridas,Pleno dia,Decrescente,Céu Claro,Simples,Reta,Não,3,0,0,1,2,0,1,2,-26.8853589,-52.41448402,SPRF-SC,DEL07-SC,UOP01-DEL07-SC,2022
"485931,0",2022-11-10,quinta-feira,17:50:00,SC,101,"203,0",SAO JOSE,Reação tardia ou ineficiente do condutor,Colisão traseira,Com Vítimas Feridas,Pleno dia,Crescente,Céu Claro,Múltipla,Reta,Sim,2,0,1,0,1,0,1,2,-27.5650044,-48.61460082,SPRF-SC,DEL01-SC,UOP01-DEL01-SC,2022
"485944,0",2022-11-10,quinta-feira,18:50:00,SC,282,"5,0",SAO JOSE,Manobra de mudança de faixa,Colisão lateral mesmo sentido,Com Vítimas Feridas,Anoitecer,Crescente,Céu Claro,Dupla,Reta,Sim,2,0,0,1,1,0,1,2,-27.58796784,-48.61347198,SPRF-SC,DEL01-SC,UOP01-DEL01-SC,2022
"485948,0",2022-11-10,quinta-feira,14:25:00,SC,101,"118,0",ITAJAI,Condutor deixou de manter distância do veículo da frente,Colisão traseira,Com Vítimas Feridas,Pleno dia,Crescente,Céu Claro,Dupla,Reta,Não,2,0,1,0,1,0,1,2,-26.895859,-48.71903,SPRF-SC,DEL04-SC,UOP04-DEL04-SC,2022
"485959,0",2022-11-10,quinta-feira,17:30:00,SC,470,"69,3",INDAIAL,Acessar a via sem observar a presença dos outros veículos,Colisão transversal,Com Vítimas Feridas,Pleno dia,Crescente,Céu Claro,Dupla,Reta;Aclive,Sim,2,0,1,0,1,0,1,2,-26.883745,-49.246704,SPRF-SC,DEL04-SC,UOP01-DEL04-SC,2022
"485960,0",2022-11-10,quinta-feira,17:55:00,SC,470,"70,0",INDAIAL,Acessar a via sem observar a presença dos outros veículos,Colisão transversal,Com Vítimas Feridas,Anoitecer,Crescente,Céu Claro,Simples,Reta,Sim,2,0,1,0,1,0,1,2,-26.889374,-49.254478,SPRF-SC,DEL04-SC,UOP01-DEL04-SC,2022
"485982,0",2022-11-10,quinta-feira,22:24:00,SC,280,"69,1",JARAGUA DO SUL,Retorno proibido,Colisão transversal,Com Vítimas Feridas,Plena Noite,Crescente,Céu Claro,Simples,Reta,Sim,2,0,0,1,1,0,1,2,-26.46803296,-49.11833097,SPRF-SC,DEL03-SC,UOP03-DEL03-SC,2022
"485989,0",2022-11-10,quinta-feira,20:25:00,SC,101,"323,4",PESCARIA BRAVA,Objeto estático sobre o leito carroçável,Tombamento,Com Vítimas Feridas,Plena Noite,Decrescente,Céu Claro,Dupla,Viaduto;Aclive;Curva,Sim,1,0,0,1,0,0,1,1,-28.42789556,-48.91248313,SPRF-SC,DEL02-SC,UOP01-DEL02-SC,2022
"485990,0",2022-11-10,quinta-feira,19:50:00,SC,101,"198,0",BIGUACU,Avarias e/ou desgaste excessivo no pneu,Tombamento,Com Vítimas Feridas,Anoitecer,Decrescente,Céu Claro,Dupla,Reta,Sim,2,0,0,1,1,0,1,1,-27.52658712,-48.63506019,SPRF-SC,DEL01-SC,UOP01-DEL01-SC,2022
"486001,0",2022-11-11,sexta-feira,04:00:00,SC,282,"74,2",ALFREDO WAGNER,Demais falhas mecânicas ou elétricas,Incêndio,Sem Vítimas,Plena Noite,Crescente,Céu Claro,Simples,Curva,Não,1,0,0,0,1,0,0,1,-27.688168,-49.120075,SPRF-SC,DEL01-SC,UOP03-DEL01-SC,2022
"486036,0",2022-11-11,sexta-feira,07:30:00,SC,101,"311,0",LAGUNA,Acessar a via sem observar a presença dos outros veículos,Colisão transversal,Com Vítimas Feridas,Pleno dia,Crescente,Nublado,Simples,Reta,Não,2,0,1,0,1,0,1,2,-28.42531311,-48.80068884,SPRF-SC,DEL02-SC,UOP01-DEL02-SC,2022
"486044,0",2022-11-11,sexta-feira,08:40:00,SC,470,"89,5",ASCURRA,Acessar a via sem observar a presença dos outros veículos,Colisão transversal,Com Vítimas Feridas,Pleno dia,Crescente,Céu Claro,Simples,Retorno Regulamentado,Não,2,0,1,0,1,0,1,2,-26.961573,-49.371918,SPRF-SC,DEL04-SC,UOP01-DEL04-SC,2022
"486063,0",2022-11-11,sexta-feira,10:30:00,SC,470,"174,0",POUSO REDONDO,Acessar a via sem observar a presença dos outros veículos,Colisão transversal,Com Vítimas Feridas,Pleno dia,Decrescente,Garoa/Chuvisco,Simples,Interseção de Vias,Sim,2,0,1,0,1,0,1,2,-27.25659433,-49.936831,SPRF-SC,DEL04-SC,UOP02-DEL04-SC,2022
"486093,0",2022-11-11,sexta-feira,15:00:00,SC,101,"209,7",SAO JOSE,Desrespeitar a preferência no cruzamento,Colisão transversal,Com Vítimas Feridas,Pleno dia,Decrescente,Nublado,Múltipla,Viaduto,Sim,2,0,1,0,1,0,1,2,-27.61000542,-48.63895057,SPRF-SC,DEL01-SC,UOP01-DEL01-SC,2022
"486098,0",2022-11-11,sexta-feira,14:30:00,SC,163,"71,2",SAO MIGUEL DO OESTE,Acessar a via sem observar a presença dos outros veículos,Colisão transversal,Com Vítimas Feridas,Pleno dia,Decrescente,Nublado,Dupla,Reta;Interseção de Vias,Sim,2,0,0,1,1,0,1,2,-26.72651386,-53.51302028,SPRF-SC,DEL07-SC,UOP03-DEL07-SC,2022
"486119,0",2022-11-10,quinta-feira,20:50:00,SC,101,"136,9",BALNEARIO CAMBORIU,Ausência de reação do condutor,Colisão traseira,Com Vítimas Feridas,Plena Noite,Decrescente,Céu Claro,Dupla,Reta,Sim,3,0,0,1,2,0,1,2,-27.008113,-48.617245,SPRF-SC,DEL04-SC,UOP03-DEL04-SC,2022
"486122,0",2022-11-11,sexta-feira,17:05:00,SC,101,"25,0",JOINVILLE,Condutor deixou de manter distância do veículo da frente,Colisão traseira,Com Vítimas Feridas,Pleno dia,Crescente,Chuva,Simples,Reta,Sim,2,0,1,0,1,0,1,2,-26.1834739,-48.9105912,SPRF-SC,DEL03-SC,UOP01-DEL03-SC,2022
"486123,0",2022-11-11,sexta-feira,16:45:00,SC,280,"37,5",ARAQUARI,Acumulo de água sobre o pavimento,Colisão frontal,Com Vítimas Feridas,Pleno dia,Crescente,Chuva,Simples,Curva,Não,3,0,0,1,2,0,1,2,-26.44572892,-48.81862707,SPRF-SC,DEL03-SC,UOP03-DEL03-SC,2022
"486140,0",2022-11-11,sexta-feira,17:55:00,SC,282,"41,0",AGUAS MORNAS,Condutor Dormindo,Colisão frontal,Com Vítimas Feridas,Anoitecer,Decrescente,Garoa/Chuvisco,Simples,Reta,Não,2,0,0,1,1,0,1,2,-27.715973,-48.878979,SPRF-SC,DEL01-SC,UOP03-DEL01-SC,2022
"486143,0",2022-11-11,sexta-feira,18:50:00,SC,101,"194,9",BIGUACU,Trafegar com motocicleta (ou similar) entre as faixas,Tombamento,Com Vítimas Feridas,Plena Noite,Decrescente,Garoa/Chuvisco,Múltipla,Reta,Sim,2,0,1,0,1,0,1,2,-27.49815117,-48.65661236,SPRF-SC,DEL01-SC,UOP01-DEL01-SC,2022
"486158,0",2022-11-11,sexta-feira,18:20:00,SC,282,"373,3",ERVAL VELHO,Transitar na contramão,Colisão lateral sentido oposto,Com Vítimas Feridas,Anoitecer,Decrescente,Nublado,Simples,Curva,Não,4,0,4,0,0,0,4,2,-27.243425,-51.44788,SPRF-SC,DEL07-SC,UOP05-DEL07-SC,2022
"486163,0",2022-11-11,sexta-feira,18:40:00,SC,158,"103,9",CUNHA PORA,Ultrapassagem Indevida,Colisão frontal,Com Vítimas Feridas,Pleno dia,Crescente,Céu Claro,Simples,Aclive;Curva,Não,2,0,0,1,1,0,1,2,-26.85293519,-53.16889316,SPRF-SC,DEL07-SC,UOP02-DEL07-SC,2022
"486170,0",2022-11-11,sexta-feira,20:15:00,SC,101,"208,0",SAO JOSE,Acessar a via sem observar a presença dos outros veículos,Colisão lateral mesmo sentido,Com Vítimas Feridas,Plena Noite,Decrescente,Nublado,Múltipla,Declive;Reta,Sim,3,0,2,0,1,0,2,2,-27.60327979,-48.63201818,SPRF-SC,DEL01-SC,UOP01-DEL01-SC,2022
"486178,0",2022-11-11,sexta-feira,17:55:00,SC,280,"34,0",ARAQUARI,Ausência de reação do condutor,Saída de leito carroçável,Sem Vítimas,Pleno dia,Decrescente,Chuva,Simples,Reta,Não,1,0,0,0,0,1,0,1,-26.42993971,-48.79615614,SPRF-SC,DEL03-SC,UOP03-DEL03-SC,2022
"486179,0",2022-11-11,sexta-feira,21:00:00,SC,101,"119,0",ITAJAI,Manobra de mudança de faixa,Colisão lateral mesmo sentido,Com Vítimas Feridas,Plena Noite,Decrescente,Céu Claro,Dupla,Reta,Sim,3,0,0,1,2,0,1,3,-26.9043179,-48.71555481,SPRF-SC,DEL04-SC,UOP04-DEL04-SC,2022
"486182,0",2022-11-11,sexta-feira,20:00:00,SC,280,"71,0",JARAGUA DO SUL,Reação tardia ou ineficiente do condutor,Saída de leito carroçável,Com Vítimas Feridas,Plena Noite,Decrescente,Garoa/Chuvisco,Simples,Reta,Não,4,0,4,0,0,0,4,1,-26.46151693,-49.13480597,SPRF-SC,DEL03-SC,UOP03-DEL03-SC,2022
"486198,0",2022-11-11,sexta-feira,18:45:00,SC,280,"97,0",SAO BENTO DO SUL,Ausência de reação do condutor,Saída de leito carroçável,Com Vítimas Feridas,Plena Noite,Crescente,Nevoeiro/Neblina,Simples,Curva;Aclive,Não,2,0,1,0,1,0,1,1,-26.37833107,-49.31732124,SPRF-SC,DEL06-SC,UOP03-DEL06-SC,2022
"486199,0",2022-11-11,sexta-feira,22:30:00,SC,101,"205,0",SAO JOSE,Ingestão de álcool pelo condutor,Colisão com objeto,Sem Vítimas,Plena Noite,Decrescente,Céu Claro,Dupla,Reta,Sim,1,0,0,0,1,0,0,1,-27.58313237,-48.61532885,SPRF-SC,DEL01-SC,UOP01-DEL01-SC,2022
"486211,0",2022-11-11,sexta-feira,23:40:00,SC,163,"70,1",SAO MIGUEL DO OESTE,Demais falhas na via,Tombamento,Com Vítimas Feridas,Plena Noite,Crescente,Céu Claro,Simples,Aclive,Sim,1,0,1,0,0,0,1,1,-26.73461723,-53.50680015,SPRF-SC,DEL07-SC,UOP03-DEL07-SC,2022
"486223,0",2022-11-12,sábado,02:35:00,SC,470,"39,9",GASPAR,Condutor deixou de manter distância do veículo da frente,Colisão traseira,Com Vítimas Feridas,Plena Noite,Decrescente,Nublado,Simples,Reta;Interseção de Vias;Aclive,Não,3,0,2,0,1,0,2,2,-26.889574,-48.99094,SPRF-SC,DEL04-SC,UOP01-DEL04-SC,2022
"486226,0",2022-11-12,sábado,04:35:00,SC,470,"52,4",BLUMENAU,Acessar a via sem observar a presença dos outros veículos,Colisão transversal,Com Vítimas Feridas,Amanhecer,Crescente,Nublado,Simples,Reta,Sim,3,0,1,0,0,2,1,3,-26.871065,-49.110374,SPRF-SC,DEL04-SC,UOP01-DEL04-SC,2022
"486245,0",2022-11-12,sábado,06:00:00,SC,101,"213,8",PALHOCA,Velocidade Incompatível,Saída de leito carroçável,Com Vítimas Feridas,Amanhecer,Decrescente,Céu Claro,Múltipla,Reta,Sim,1,0,0,1,0,0,1,1,-27.64366548,-48.66979837,SPRF-SC,DEL01-SC,UOP02-DEL01-SC,2022
"486246,0",2022-11-12,sábado,06:40:00,SC,470,"28,9",GASPAR,Ingestão de álcool pelo condutor,Saída de leito carroçável,Sem Vítimas,Pleno dia,Crescente,Nublado,Dupla,Reta,Não,1,0,0,0,1,0,0,1,-26.89360724,-48.89388084,SPRF-SC,DEL04-SC,UOP01-DEL04-SC,2022
"486248,0",2022-11-12,sábado,05:32:00,SC,101,"213,0",PALHOCA,Manobra de mudança de faixa,Colisão traseira,Sem Vítimas,Amanhecer,Decrescente,Céu Claro,Dupla,Reta,Sim,3,0,0,0,1,2,0,3,-27.63697369,-48.66514142,SPRF-SC,DEL01-SC,UOP02-DEL01-SC,2022
"486254,0",2022-11-12,sábado,06:30:00,SC,282,"83,2",ALFREDO WAGNER,Velocidade Incompatível,Colisão lateral sentido oposto,Com Vítimas Feridas,Pleno dia,Crescente,Nublado,Simples,Curva,Não,3,0,1,0,2,0,1,2,-27.666153,-49.175022,SPRF-SC,DEL01-SC,UOP03-DEL01-SC,2022
"486276,0",2022-11-12,sábado,09:40:00,SC,101,"142,5",BALNEARIO CAMBORIU,Ausência de reação do condutor,Colisão traseira,Sem Vítimas,Pleno dia,Crescente,Céu Claro,Dupla,Curva;Declive,Não,3,0,0,0,3,0,0,3,-27.056089,-48.599449,SPRF-SC,DEL04-SC,UOP03-DEL04-SC,2022
"486277,0",2022-11-12,sábado,10:20:00,SC,116,"251,2",LAGES,Transitar na contramão,Colisão frontal,Com Vítimas Feridas,Pleno dia,Decrescente,Céu Claro,Simples,Retorno Regulamentado,Sim,6,0,6,0,0,0,6,2,-27.8465837,-50.37896975,SPRF-SC,DEL05-SC,UOP02-DEL05-SC,2022
"486286,0",2022-11-11,sexta-feira,20:00:00,SC,101,"100,0",BALNEARIO PICARRAS,Transitar na contramão,Colisão frontal,Com Vítimas Feridas,Plena Noite,Crescente,Céu Claro,Simples,Declive,Sim,2,0,1,0,1,0,1,2,-26.75482787,-48.68993675,SPRF-SC,DEL03-SC,UOP02-DEL03-SC,2022
"486296,0",2022-11-12,sábado,12:45:00,SC,470,"0,8",ITAJAI,Ingestão de álcool pelo condutor,Saída de leito carroçável,Sem Vítimas,Pleno dia,Decrescente,Céu Claro,Dupla,Reta,Não,1,0,0,0,1,0,0,1,-26.87743354,-48.66657972,SPRF-SC,DEL04-SC,UOP04-DEL04-SC,2022
"486303,0",2022-11-12,sábado,14:00:00,SC,101,"143,0",ITAPEMA,Condutor deixou de manter distância do veículo da frente,Colisão traseira,Com Vítimas Feridas,Pleno dia,Decrescente,Céu Claro,Dupla,Reta,Sim,3,0,1,0,2,0,1,2,-27.06436,-48.59599405,SPRF-SC,DEL04-SC,UOP03-DEL04-SC,2022
"486313,0",2022-11-12,sábado,14:20:00,SC,282,"172,0",BOCAINA DO SUL,Demais falhas mecânicas ou elétricas,Tombamento,Com Vítimas Feridas,Pleno dia,Crescente,Céu Claro,Simples,Reta,Não,1,0,1,0,0,0,1,1,-27.742331,-49.862782,SPRF-SC,DEL05-SC,UOP01-DEL05-SC,2022
"486314,0",2022-11-12,sábado,14:25:00,SC,282,"222,5",LAGES,Ingestão de álcool pelo condutor,Saída de leito carroçável,Com Vítimas Feridas,Pleno dia,Crescente,Céu Claro,Simples,Curva;Aclive,Não,1,0,1,0,0,0,1,1,-27.797739,-50.353409,SPRF-SC,DEL05-SC,UOP01-DEL05-SC,2022
"486323,0",2022-11-12,sábado,15:35:00,SC,101,"142,0",BALNEARIO CAMBORIU,Manobra de mudança de faixa,Colisão traseira,Com Vítimas Feridas,Pleno dia,Crescente,Céu Claro,Simples,Reta,Não,2,0,0,1,1,0,1,2,-27.056089,-48.599449,SPRF-SC,DEL04-SC,UOP03-DEL04-SC,2022
"486347,0",2022-10-07,sexta-feira,15:45:00,SC,282,"273,0",SAO JOSE DO CERRITO,Velocidade Incompatível,Saída de leito carroçável,Com Vítimas Feridas,Pleno dia,Crescente,Ignorado,Simples,Curva,Não,1,0,1,0,0,0,1,1,-27.6142159,-50.71694613,SPRF-SC,DEL05-SC,UOP02-DEL05-SC,2022
"486363,0",2022-11-12,sábado,18:00:00,SC,470,"64,3",INDAIAL,Ingestão de álcool pelo condutor,Colisão traseira,Com Vítimas Feridas,Pleno dia,Crescente,Céu Claro,Simples,Reta,Não,5,0,0,3,2,0,3,3,-26.869867,-49.201859,SPRF-SC,DEL04-SC,UOP01-DEL04-SC,2022
"486379,0",2022-11-12,sábado,16:00:00,SC,101,"282,0",IMBITUBA,Desrespeitar a preferência no cruzamento,Colisão transversal,Com Vítimas Feridas,Pleno dia,Decrescente,Céu Claro,Simples,Rotatória;Viaduto,Sim,2,0,0,1,1,0,1,2,-28.19626005,-48.69739859,SPRF-SC,DEL02-SC,UOP03-DEL02-SC,2022
"486389,0",2022-11-12,sábado,20:00:00,SC,101,"274,0",IMBITUBA,Avarias e/ou desgaste excessivo no pneu,Queda de ocupante de veículo,Com Vítimas Feridas,Plena Noite,Decrescente,Céu Claro,Dupla,Reta,Sim,1,0,1,0,0,0,1,1,-28.129852,-48.69322,SPRF-SC,DEL02-SC,UOP03-DEL02-SC,2022
"486395,0",2022-11-12,sábado,15:00:00,SC,101,"139,0",BALNEARIO CAMBORIU,Ausência de reação do condutor,Tombamento,Com Vítimas Feridas,Pleno dia,Crescente,Céu Claro,Dupla,Curva;Declive,Não,1,0,0,1,0,0,1,1,-27.02982303,-48.60115006,SPRF-SC,DEL04-SC,UOP03-DEL04-SC,2022
"486397,0",2022-09-21,quarta-feira,06:50:00,SC,101,"350,8",JAGUARUNA,Reação tardia ou ineficiente do condutor,Saída de leito carroçável,Com Vítimas Feridas,Pleno dia,Decrescente,Céu Claro,Dupla,Reta,Não,3,0,1,0,2,0,1,1,-28.635,-49.093,SPRF-SC,DEL02-SC,UOP01-DEL02-SC,2022
"486412,0",2022-11-12,sábado,20:00:00,SC,282,"555,8",NOVA ITABERABA,Acumulo de água sobre o pavimento,Colisão transversal,Com Vítimas Feridas,Plena Noite,Crescente,Chuva,Simples,Reta,Não,3,0,0,2,1,0,2,2,-26.935896,-52.810684,SPRF-SC,DEL07-SC,UOP01-DEL07-SC,2022
"486423,0",2022-11-12,sábado,21:00:00,SC,101,"109,0",PENHA,Ausência de reação do condutor,Colisão traseira,Sem Vítimas,Plena Noite,Crescente,Nublado,Dupla,Reta,Não,2,0,0,0,2,0,0,2,-26.8333519,-48.69632106,SPRF-SC,DEL03-SC,UOP02-DEL03-SC,2022
"486429,0",2022-11-12,sábado,23:00:00,SC,101,"138,0",BALNEARIO CAMBORIU,Ingestão de álcool pelo condutor,Colisão lateral mesmo sentido,Com Vítimas Feridas,Plena Noite,Decrescente,Céu Claro,Dupla,Reta,Sim,2,0,1,0,1,0,1,2,-27.02397426,-48.60761649,SPRF-SC,DEL04-SC,UOP03-DEL04-SC,2022
"486432,0",2022-11-12,sábado,22:30:00,SC,280,"58,7",GUARAMIRIM,Manobra de mudança de faixa,Colisão lateral mesmo sentido,Com Vítimas Feridas,Plena Noite,Decrescente,Nublado,Dupla,Curva,Sim,3,0,1,0,1,1,1,3,-26.47484675,-49.02972937,SPRF-SC,DEL03-SC,UOP03-DEL03-SC,2022
"486457,0",2022-11-13,domingo,00:30:00,SC,282,"38,8",AGUAS MORNAS,Pista Escorregadia,Capotamento,Com Vítimas Feridas,Plena Noite,Crescente,Nublado,Simples,Curva,Não,4,0,3,0,1,0,3,1,-27.709209,-48.852467,SPRF-SC,DEL01-SC,UOP03-DEL01-SC,2022
"486462,0",2022-11-13,domingo,01:00:00,SC,101,"218,4",PALHOCA,Ingestão de álcool pelo condutor,Colisão lateral mesmo sentido,Com Vítimas Feridas,Plena Noite,Crescente,Nublado,Múltipla,Declive;Reta,Não,2,0,1,0,1,0,1,2,-27.67938571,-48.66947651,SPRF-SC,DEL01-SC,UOP02-DEL01-SC,2022
"486478,0",2022-11-13,domingo,03:30:00,SC,101,"204,0",SAO JOSE,Desrespeitar a preferência no cruzamento,Colisão traseira,Sem Vítimas,Plena Noite,Crescente,Céu Claro,Dupla,Rotatória,Sim,2,0,0,0,2,0,0,2,-27.57413014,-48.61363083,SPRF-SC,DEL01-SC,UOP01-DEL01-SC,2022
"486490,0",2022-11-13,domingo,03:00:00,SC,470,"156,5",TROMBUDO CENTRAL,Transitar na contramão,Colisão frontal,Com Vítimas Fatais,Plena Noite,Crescente,Céu Claro,Simples,Curva;Declive,Não,2,1,0,0,1,0,0,2,-27.2853742,-49.7663057,SPRF-SC,DEL04-SC,UOP02-DEL04-SC,2022
"486491,0",2022-11-13,domingo,04:45:00,SC,101,"371,7",ICARA,Ausência de reação do condutor,Saída de leito carroçável,Com Vítimas Feridas,Pleno dia,Crescente,Céu Claro,Dupla,Curva,Não,2,0,2,0,0,0,2,1,-28.71238266,-49.21591759,SPRF-SC,DEL02-SC,UOP01-DEL02-SC,2022
"486515,0",2022-11-13,domingo,02:15:00,SC,101,"74,9",ARAQUARI,Ausência de reação do condutor,Colisão com objeto,Com Vítimas Feridas,Plena Noite,Crescente,Céu Claro,Múltipla,Reta,Não,5,0,4,0,1,0,4,1,-26.54446209,-48.71214452,SPRF-SC,DEL03-SC,UOP02-DEL03-SC,2022
"486524,0",2022-11-13,domingo,08:00:00,SC,101,"193,0",BIGUACU,Manobra de mudança de faixa,Colisão lateral mesmo sentido,Sem Vítimas,Pleno dia,Decrescente,Céu Claro,Dupla,Desvio Temporário,Sim,2,0,0,0,2,0,0,2,-27.489574,-48.655914,SPRF-SC,DEL01-SC,UOP01-DEL01-SC,2022
"486535,0",2022-11-13,domingo,09:15:00,SC,470,"30,9",GASPAR,Ausência de reação do condutor,Capotamento,Com Vítimas Feridas,Pleno dia,Decrescente,Nublado,Dupla,Reta,Não,2,0,1,0,1,0,1,1,-26.893518,-48.914028,SPRF-SC,DEL04-SC,UOP01-DEL04-SC,2022
"486576,0",2022-11-13,domingo,14:05:00,SC,101,"224,0",PALHOCA,Reação tardia ou ineficiente do condutor,Saída de leito carroçável,Com Vítimas Feridas,Pleno dia,Decrescente,Céu Claro,Múltipla,Reta,Não,1,0,0,1,0,0,1,1,-27.72384789,-48.64386769,SPRF-SC,DEL01-SC,UOP02-DEL01-SC,2022
"486584,0",2022-11-13,domingo,14:30:00,SC,101,"114,0",ITAJAI,Avarias e/ou desgaste excessivo no pneu,Colisão com objeto,Sem Vítimas,Pleno dia,Decrescente,Céu Claro,Múltipla,Reta,Sim,1,0,0,0,0,1,0,1,-26.86192886,-48.7286704,SPRF-SC,DEL04-SC,UOP04-DEL04-SC,2022
"486586,0",2022-11-13,domingo,14:40:00,SC,470,"139,0",RIO DO SUL,Retorno proibido,Colisão transversal,Com Vítimas Feridas,Pleno dia,Crescente,Nublado,Múltipla,Reta,Sim,2,0,1,0,1,0,1,2,-27.217564,-49.65461,SPRF-SC,DEL04-SC,UOP02-DEL04-SC,2022
"486656,0",2022-11-13,domingo,19:50:00,SC,101,"119,5",ITAJAI,Trafegar com motocicleta (ou similar) entre as faixas,Colisão lateral mesmo sentido,Com Vítimas Feridas,Plena Noite,Decrescente,Chuva,Múltipla,Ponte,Sim,2,0,1,0,1,0,1,2,-26.90941068,-48.71327942,SPRF-SC,DEL04-SC,UOP04-DEL04-SC,2022
"486663,0",2022-11-13,domingo,19:00:00,SC,101,"164,0",TIJUCAS,Ausência de reação do condutor,Tombamento,Com Vítimas Feridas,Plena Noite,Crescente,Chuva,Dupla,Reta,Sim,1,0,0,1,0,0,1,1,-27.243868,-48.6309,SPRF-SC,DEL04-SC,UOP03-DEL04-SC,2022