id,data_inversa,dia_semana,horario,uf,br,km,municipio,causa_acidente,tipo_acidente,classificacao_acidente,fase_dia,sentido_via,condicao_metereologica,tipo_pista,tracado_via,uso_solo,pessoas,mortos,feridos_leves,feridos_graves,ilesos,ignorados,feridos,veiculos,latitude,longitude,regional,delegacia,uop,ano_arquivo
"486669,0",2022-11-13,domingo,18:00:00,SC,280,"94,8",CORUPA,Chuva,Colisão frontal,Com Vítimas Feridas,Plena Noite,Crescente,Chuva,Simples,Reta,Não,7,0,1,0,6,0,1,2,-26.39198268,-49.30187441,SPRF-SC,DEL06-SC,UOP03-DEL06-SC,2022
"486670,0",2022-11-13,domingo,19:30:00,SC,116,"217,5",CORREIA PINTO,Iluminação deficiente,Colisão frontal,Com Vítimas Feridas,Plena Noite,Decrescente,Garoa/Chuvisco,Simples,Reta,Sim,3,0,2,0,1,0,2,2,-27.55447701,-50.37698044,SPRF-SC,DEL05-SC,UOP03-DEL05-SC,2022
"486677,0",2022-11-13,domingo,20:40:00,SC,101,"138,5",BALNEARIO CAMBORIU,Velocidade Incompatível,Saída de leito carroçável,Com Vítimas Feridas,Plena Noite,Decrescente,Chuva,Dupla,Reta,Sim,2,0,1,0,1,0,1,1,-27.02397426,-48.60761649,SPRF-SC,DEL04-SC,UOP03-DEL04-SC,2022
"486685,0",2022-11-13,domingo,19:30:00,SC,470,"119,0",IBIRAMA,Velocidade Incompatível,Colisão lateral sentido oposto,Com Vítimas Feridas,Plena Noite,Decrescente,Garoa/Chuvisco,Simples,Curva,Sim,2,0,2,0,0,0,2,1,-27.08312395,-49.51040268,SPRF-SC,DEL04-SC,UOP02-DEL04-SC,2022
"486700,0",2022-11-13,domingo,23:45:00,SC,101,"131,8",BALNEARIO CAMBORIU,Desrespeitar a preferência no cruzamento,Colisão frontal,Com Vítimas Feridas,Plena Noite,Crescente,Garoa/Chuvisco,Simples,Reta,Sim,2,0,0,1,1,0,1,2,-26.99064209,-48.66310912,SPRF-SC,DEL04-SC,UOP03-DEL04-SC,2022
"486718,0",2022-11-13,domingo,17:00:00,SC,101,"292,0",IMBITUBA,Ausência de reação do condutor,Capotamento,Com Vítimas Feridas,Pleno dia,Crescente,Céu Claro,Dupla,Reta,Sim,2,0,0,2,0,0,2,1,-28.278057,-48.700386,SPRF-SC,DEL02-SC,UOP03-DEL02-SC,2022
"486729,0",2022-11-14,segunda-feira,06:40:00,SC,282,"55,0",RANCHO QUEIMADO,Chuva,Colisão frontal,Com Vítimas Feridas,Pleno dia,Decrescente,Chuva,Simples,Curva,Não,2,0,0,1,1,0,1,2,-27.68906554,-48.98404598,SPRF-SC,DEL01-SC,UOP03-DEL01-SC,2022
"486743,0",2022-11-14,segunda-feira,06:30:00,SC,280,"151,3",MAFRA,Chuva,Saída de leito carroçável,Com Vítimas Feridas,Pleno dia,Crescente,Céu Claro,Simples,Curva,Não,2,0,2,0,0,0,2,1,-26.23248274,-49.69867393,SPRF-SC,DEL06-SC,UOP03-DEL06-SC,2022
"486771,0",2022-11-14,segunda-feira,08:05:00,SC,282,"332,0",CAMPOS NOVOS,Demais falhas na via,Saída de leito carroçável,Com Vítimas Feridas,Pleno dia,Decrescente,Céu Claro,Simples,Reta,Não,1,0,1,0,0,0,1,1,-27.384575,-51.106579,SPRF-SC,DEL07-SC,UOP06-DEL07-SC,2022
"486772,0",2022-11-14,segunda-feira,08:20:00,SC,101,"24,0",JOINVILLE,Velocidade Incompatível,Colisão traseira,Com Vítimas Feridas,Pleno dia,Crescente,Garoa/Chuvisco,Dupla,Interseção de Vias;Reta,Não,2,0,1,0,1,0,1,2,-26.17720023,-48.90872955,SPRF-SC,DEL03-SC,UOP01-DEL03-SC,2022
"486802,0",2022-11-14,segunda-feira,12:40:00,SC,470,"69,0",INDAIAL,Acessar a via sem observar a presença dos outros veículos,Colisão transversal,Com Vítimas Feridas,Pleno dia,Crescente,Sol,Simples,Reta;Em Obras,Sim,2,0,1,0,1,0,1,2,-26.883745,-49.246704,SPRF-SC,DEL04-SC,UOP01-DEL04-SC,2022
"486807,0",2022-11-14,segunda-feira,14:10:00,SC,101,"132,2",BALNEARIO CAMBORIU,Reação tardia ou ineficiente do condutor,Atropelamento de Pedestre,Com Vítimas Feridas,Pleno dia,Crescente,Céu Claro,Dupla,Reta,Não,2,0,1,0,0,1,1,2,-26.99654133,-48.65564711,SPRF-SC,DEL04-SC,UOP03-DEL04-SC,2022
"486809,0",2022-11-14,segunda-feira,14:10:00,SC,101,"150,0",ITAPEMA,Reação tardia ou ineficiente do condutor,Colisão traseira,Com Vítimas Feridas,Pleno dia,Decrescente,Céu Claro,Dupla,Reta,Sim,2,0,1,0,1,0,1,2,-27.11744799,-48.60940987,SPRF-SC,DEL04-SC,UOP03-DEL04-SC,2022
"486819,0",2022-11-14,segunda-feira,16:00:00,SC,101,"149,3",ITAPEMA,Condutor deixou de manter distância do veículo da frente,Colisão traseira,Com Vítimas Feridas,Pleno dia,Decrescente,Céu Claro,Dupla,Reta,Não,2,0,0,2,0,0,2,2,-27.1089649,-48.61277586,SPRF-SC,DEL04-SC,UOP03-DEL04-SC,2022
"486821,0",2022-11-14,segunda-feira,16:40:00,SC,101,"200,0",SAO JOSE,Demais falhas mecânicas ou elétricas,Tombamento,Com Vítimas Feridas,Pleno dia,Decrescente,Nublado,Múltipla,Reta,Sim,2,0,2,0,0,0,2,1,-27.54018513,-48.62287714,SPRF-SC,DEL01-SC,UOP01-DEL01-SC,2022
"486840,0",2022-11-14,segunda-feira,18:20:00,SC,470,"60,2",BLUMENAU,Ultrapassagem Indevida,Colisão lateral mesmo sentido,Com Vítimas Feridas,Pleno dia,Crescente,Sol,Simples,Reta,Sim,2,0,2,0,0,0,2,2,-26.88138,-49.164543,SPRF-SC,DEL04-SC,UOP01-DEL04-SC,2022
"486864,0",2022-11-14,segunda-feira,19:30:00,SC,101,"105,0",PENHA,Ingestão de álcool e/ou substâncias psicoativas pelo pedestre,Saída de leito carroçável,Com Vítimas Feridas,Plena Noite,Crescente,Céu Claro,Dupla,Curva,Não,2,0,1,0,1,0,1,1,-26.80215497,-48.67891041,SPRF-SC,DEL03-SC,UOP02-DEL03-SC,2022
"486868,0",2022-11-14,segunda-feira,18:00:00,SC,101,"137,0",BALNEARIO CAMBORIU,Trafegar com motocicleta (ou similar) entre as faixas,Colisão lateral mesmo sentido,Com Vítimas Feridas,Anoitecer,Crescente,Céu Claro,Simples,Reta,Não,2,0,0,1,1,0,1,2,-27.0157238,-48.61192763,SPRF-SC,DEL04-SC,UOP03-DEL04-SC,2022
"486877,0",2022-11-14,segunda-feira,20:00:00,SC,101,"144,0",ITAPEMA,Condutor deixou de manter distância do veículo da frente,Colisão traseira,Sem Vítimas,Plena Noite,Decrescente,Céu Claro,Dupla,Reta,Não,3,0,0,0,2,1,0,3,-27.0732659,-48.59672716,SPRF-SC,DEL04-SC,UOP03-DEL04-SC,2022
"486892,0",2022-11-14,segunda-feira,15:05:00,SC,470,"71,6",INDAIAL,Condutor deixou de manter distância do veículo da frente,Colisão traseira,Com Vítimas Feridas,Pleno dia,Decrescente,Céu Claro,Simples,Reta,Sim,4,0,3,0,1,0,3,3,-26.895243,-49.262104,SPRF-SC,DEL04-SC,UOP01-DEL04-SC,2022
"486899,0",2022-11-14,segunda-feira,23:15:00,SC,470,"5,0",NAVEGANTES,Ausência de sinalização,Eventos atípicos,Com Vítimas Feridas,Plena Noite,Crescente,Céu Claro,Dupla,Em Obras;Viaduto;Aclive;Reta,Não,2,0,2,0,0,0,2,1,-26.855688,-48.700333,SPRF-SC,DEL04-SC,UOP04-DEL04-SC,2022
"486935,0",2022-11-15,terça-feira,06:35:00,SC,470,"34,6",GASPAR,Retorno proibido,Colisão lateral mesmo sentido,Com Vítimas Feridas,Pleno dia,Crescente,Céu Claro,Simples,Curva;Desvio Temporário;Em Obras,Não,2,0,1,0,1,0,1,2,-26.91224371,-48.95490739,SPRF-SC,DEL04-SC,UOP01-DEL04-SC,2022
"486938,0",2022-11-15,terça-feira,06:00:00,SC,101,"380,4",ICARA,Avarias e/ou desgaste excessivo no pneu,Colisão lateral mesmo sentido,Sem Vítimas,Pleno dia,Crescente,Céu Claro,Múltipla,Reta,Sim,2,0,0,0,2,0,0,2,-28.75047313,-49.26872594,SPRF-SC,DEL02-SC,UOP02-DEL02-SC,2022
"486941,0",2022-10-22,sábado,20:24:00,SC,101,"117,0",ITAJAI,Desrespeitar a preferência no cruzamento,Colisão transversal,Com Vítimas Feridas,Plena Noite,Crescente,Ignorado,Simples,Rotatória,Sim,3,0,0,2,0,1,2,2,-26.89022234,-48.72106075,SPRF-SC,DEL04-SC,UOP04-DEL04-SC,2022
"486944,0",2022-11-15,terça-feira,06:50:00,SC,101,"139,1",BALNEARIO CAMBORIU,Ausência de reação do condutor,Colisão com objeto,Sem Vítimas,Pleno dia,Decrescente,Céu Claro,Simples,Viaduto,Sim,1,0,0,0,1,0,0,1,-27.02982303,-48.60115006,SPRF-SC,DEL04-SC,UOP03-DEL04-SC,2022
"486946,0",2022-11-15,terça-feira,06:40:00,SC,280,"118,4",SAO BENTO DO SUL,Manobra de mudança de faixa,Colisão lateral mesmo sentido,Com Vítimas Feridas,Pleno dia,Decrescente,Céu Claro,Simples,Aclive;Reta,Não,2,0,1,0,1,0,1,2,-26.2597828,-49.4444418,SPRF-SC,DEL06-SC,UOP03-DEL06-SC,2022
"486948,0",2022-11-15,terça-feira,07:45:00,SC,101,"25,0",JOINVILLE,Condutor Dormindo,Colisão com objeto,Com Vítimas Feridas,Pleno dia,Crescente,Céu Claro,Dupla,Reta,Não,1,0,1,0,0,0,1,1,-26.1834739,-48.9105912,SPRF-SC,DEL03-SC,UOP01-DEL03-SC,2022
"486965,0",2022-11-15,terça-feira,09:20:00,SC,101,"425,0",ARARANGUA,Ausência de reação do condutor,Tombamento,Com Vítimas Feridas,Pleno dia,Crescente,Céu Claro,Dupla,Reta;Aclive,Sim,1,0,1,0,0,0,1,1,-29.02548791,-49.59917307,SPRF-SC,DEL02-SC,UOP02-DEL02-SC,2022
"486983,0",2022-11-15,terça-feira,12:00:00,SC,101,"52,3",JOINVILLE,Reação tardia ou ineficiente do condutor,Colisão traseira,Com Vítimas Feridas,Pleno dia,Decrescente,Sol,Dupla,Reta,Não,3,0,1,1,1,0,2,2,-26.39111608,-48.83984239,SPRF-SC,DEL03-SC,UOP01-DEL03-SC,2022
"487003,0",2022-11-15,terça-feira,13:50:00,SC,101,"79,5",ARAQUARI,Manobra de mudança de faixa,Colisão traseira,Com Vítimas Feridas,Pleno dia,Decrescente,Céu Claro,Dupla,Retorno Regulamentado;Reta;Aclive,Não,3,0,1,1,1,0,2,2,-26.59574176,-48.72268081,SPRF-SC,DEL03-SC,UOP02-DEL03-SC,2022
"487007,0",2022-11-15,terça-feira,07:50:00,SC,101,"105,0",BALNEARIO PICARRAS,Ausência de reação do condutor,Engavetamento,Com Vítimas Feridas,Pleno dia,Decrescente,Céu Claro,Dupla,Reta;Aclive,Não,4,0,1,0,3,0,1,3,-26.80144428,-48.67878914,SPRF-SC,DEL03-SC,UOP02-DEL03-SC,2022
"487008,0",2022-11-15,terça-feira,13:40:00,SC,101,"382,0",ICARA,Manobra de mudança de faixa,Saída de leito carroçável,Com Vítimas Feridas,Pleno dia,Crescente,Céu Claro,Dupla,Reta,Sim,3,0,2,0,1,0,2,1,-28.75966988,-49.28552404,SPRF-SC,DEL02-SC,UOP02-DEL02-SC,2022
"487018,0",2022-11-15,terça-feira,14:30:00,SC,101,"119,0",ITAJAI,Acessar a via sem observar a presença dos outros veículos,Queda de ocupante de veículo,Com Vítimas Feridas,Pleno dia,Decrescente,Céu Claro,Dupla,Reta,Sim,2,0,1,0,0,1,1,2,-26.9043179,-48.71555481,SPRF-SC,DEL04-SC,UOP04-DEL04-SC,2022
"487020,0",2022-11-15,terça-feira,14:50:00,SC,101,"231,3",PALHOCA,Condutor deixou de manter distância do veículo da frente,Engavetamento,Com Vítimas Feridas,Pleno dia,Crescente,Céu Claro,Dupla,Reta,Não,4,0,1,0,3,0,1,3,-27.78669984,-48.6356424,SPRF-SC,DEL01-SC,UOP02-DEL01-SC,2022
"487021,0",2022-11-15,terça-feira,14:50:00,SC,101,"288,5",IMBITUBA,Ingestão de álcool pelo condutor,Saída de leito carroçável,Sem Vítimas,Pleno dia,Crescente,Céu Claro,Dupla,Reta;Rotatória,Sim,1,0,0,0,1,0,0,1,-28.26880734,-48.70119631,SPRF-SC,DEL02-SC,UOP03-DEL02-SC,2022
"487035,0",2022-11-15,terça-feira,15:40:00,SC,101,"421,0",ARARANGUA,Ausência de reação do condutor,Colisão com objeto,Com Vítimas Feridas,Pleno dia,Crescente,Céu Claro,Dupla,Reta,Não,4,0,1,0,3,0,1,2,-29.00519409,-49.56396103,SPRF-SC,DEL02-SC,UOP02-DEL02-SC,2022
"487038,0",2022-11-15,terça-feira,16:15:00,SC,101,"335,0",TUBARAO,Ingestão de álcool pelo condutor,Colisão traseira,Com Vítimas Feridas,Pleno dia,Crescente,Céu Claro,Dupla,Reta,Sim,3,0,0,2,1,0,2,2,-28.47459524,-49.02716517,SPRF-SC,DEL02-SC,UOP01-DEL02-SC,2022
"487050,0",2022-11-15,terça-feira,15:50:00,SC,153,"78,3",IRANI,Transitar na contramão,Colisão lateral sentido oposto,Com Vítimas Feridas,Pleno dia,Decrescente,Céu Claro,Simples,Reta,Não,2,0,1,0,1,0,1,2,-27.10668,-51.900246,SPRF-SC,DEL07-SC,UOP04-DEL07-SC,2022
"487052,0",2022-11-15,terça-feira,14:40:00,SC,101,"149,0",ITAPEMA,Ingestão de álcool pelo condutor,Colisão transversal,Sem Vítimas,Pleno dia,Decrescente,Céu Claro,Múltipla,Interseção de Vias,Sim,2,0,0,0,2,0,0,2,-27.11742803,-48.60903561,SPRF-SC,DEL04-SC,UOP03-DEL04-SC,2022
"487078,0",2022-11-15,terça-feira,16:15:00,SC,282,"217,0",LAGES,Condutor deixou de manter distância do veículo da frente,Engavetamento,Com Vítimas Feridas,Pleno dia,Decrescente,Céu Claro,Simples,Viaduto,Sim,4,0,1,0,3,0,1,4,-27.797916,-50.302944,SPRF-SC,DEL05-SC,UOP01-DEL05-SC,2022
"487079,0",2022-11-15,terça-feira,19:10:00,SC,101,"222,6",PALHOCA,Manobra de mudança de faixa,Colisão lateral mesmo sentido,Com Vítimas Feridas,Plena Noite,Crescente,Céu Claro,Múltipla,Reta,Não,2,0,0,1,0,1,1,2,-27.70865409,-48.65586407,SPRF-SC,DEL01-SC,UOP02-DEL01-SC,2022
"487080,0",2022-11-15,terça-feira,17:22:00,SC,101,"135,0",BALNEARIO CAMBORIU,Reação tardia ou ineficiente do condutor,Colisão transversal,Com Vítimas Feridas,Pleno dia,Decrescente,Céu Claro,Múltipla,Interseção de Vias,Sim,2,0,1,0,1,0,1,2,-27.0050108,-48.62677494,SPRF-SC,DEL04-SC,UOP03-DEL04-SC,2022
"487086,0",2022-11-15,terça-feira,20:00:00,SC,101,"206,0",SAO JOSE,Ausência de reação do condutor,Tombamento,Com Vítimas Feridas,Plena Noite,Decrescente,Céu Claro,Múltipla,Reta,Sim,1,0,1,0,0,0,1,1,-27.59193546,-48.61824557,SPRF-SC,DEL01-SC,UOP01-DEL01-SC,2022
"487089,0",2022-11-15,terça-feira,20:20:00,SC,101,"273,0",IMBITUBA,Demais falhas mecânicas ou elétricas,Tombamento,Com Vítimas Feridas,Plena Noite,Crescente,Céu Claro,Múltipla,Curva,Não,2,0,1,1,0,0,2,1,-28.13146846,-48.69247377,SPRF-SC,DEL02-SC,UOP03-DEL02-SC,2022
"487108,0",2022-11-15,terça-feira,21:40:00,SC,101,"330,0",TUBARAO,Avarias e/ou desgaste excessivo no pneu,Tombamento,Com Vítimas Feridas,Pleno dia,Crescente,Céu Claro,Dupla,Reta,Não,1,0,1,0,0,0,1,1,-28.45115639,-48.97286879,SPRF-SC,DEL02-SC,UOP01-DEL02-SC,2022
"487110,0",2022-11-15,terça-feira,21:30:00,SC,470,"56,0",BLUMENAU,Acessar a via sem observar a presença dos outros veículos,Colisão transversal,Com Vítimas Feridas,Pleno dia,Crescente,Céu Claro,Simples,Reta,Sim,3,0,1,1,1,0,2,2,-26.87674,-49.127743,SPRF-SC,DEL04-SC,UOP01-DEL04-SC,2022
"487111,0",2022-11-15,terça-feira,20:40:00,SC,280,"66,0",JARAGUA DO SUL,Acessar a via sem observar a presença dos outros veículos,Colisão transversal,Com Vítimas Feridas,Plena Noite,Decrescente,Céu Claro,Simples,Reta,Não,3,0,1,1,0,1,2,2,-26.47606607,-49.09568797,SPRF-SC,DEL03-SC,UOP03-DEL03-SC,2022
"487116,0",2022-11-15,terça-feira,18:40:00,SC,101,"247,0",PAULO LOPES,Reação tardia ou ineficiente do condutor,Saída de leito carroçável,Sem Vítimas,Anoitecer,Crescente,Céu Claro,Múltipla,Curva,Não,1,0,0,0,0,1,0,1,-27.91824491,-48.65414317,SPRF-SC,DEL02-SC,UOP03-DEL02-SC,2022
"487117,0",2022-11-15,terça-feira,20:30:00,SC,101,"343,6",TUBARAO,Avarias e/ou desgaste excessivo no pneu,Tombamento,Com Vítimas Feridas,Plena Noite,Decrescente,Céu Claro,Dupla,Reta,Não,2,0,2,0,0,0,2,1,-28.52765702,-49.05615309,SPRF-SC,DEL02-SC,UOP01-DEL02-SC,2022
"487128,0",2022-11-15,terça-feira,22:01:00,SC,280,"28,0",ARAQUARI,Condutor deixou de manter distância do veículo da frente,Colisão traseira,Com Vítimas Feridas,Plena Noite,Crescente,Céu Claro,Simples,Reta,Sim,3,0,2,0,0,1,2,2,-26.40450077,-48.74561031,SPRF-SC,DEL03-SC,UOP03-DEL03-SC,2022
"487131,0",2022-11-15,terça-feira,23:45:00,SC,470,"27,0",ILHOTA,Ingestão de álcool pelo condutor,Saída de leito carroçável,Com Vítimas Feridas,Plena Noite,Crescente,Céu Claro,Dupla,Reta,Não,2,0,0,2,0,0,2,1,-26.891006,-48.884411,SPRF-SC,DEL04-SC,UOP01-DEL04-SC,2022
"487134,0",2022-11-15,terça-feira,22:25:00,SC,101,"27,2",JOINVILLE,Desrespeitar a preferência no cruzamento,Colisão transversal,Com Vítimas Feridas,Plena Noite,Decrescente,Céu Claro,Dupla,Viaduto;Rotatória;Interseção de Vias,Sim,3,0,1,0,2,0,1,3,-26.20130351,-48.91331794,SPRF-SC,DEL03-SC,UOP01-DEL03-SC,2022
"487135,0",2022-11-15,terça-feira,23:15:00,SC,101,"137,8",BALNEARIO CAMBORIU,Reação tardia ou ineficiente do condutor,Colisão com objeto,Com Vítimas Feridas,Plena Noite,Decrescente,Céu Claro,Múltipla,Curva,Sim,1,0,0,1,0,0,1,1,-27.0157238,-48.61192763,SPRF-SC,DEL04-SC,UOP03-DEL04-SC,2022
"487137,0",2022-11-16,quarta-feira,00:15:00,SC,101,"134,5",BALNEARIO CAMBORIU,Ingestão de álcool pelo condutor,Colisão com objeto,Sem Vítimas,Plena Noite,Decrescente,Céu Claro,Múltipla,Reta,Sim,1,0,0,0,1,0,0,1,-27.00218,-48.636433,SPRF-SC,DEL04-SC,UOP03-DEL04-SC,2022
"487162,0",2022-11-16,quarta-feira,07:15:00,SC,282,"3,0",FLORIANOPOLIS,Manobra de mudança de faixa,Colisão lateral mesmo sentido,Com Vítimas Feridas,Pleno dia,Decrescente,Céu Claro,Múltipla,Reta,Sim,2,0,1,0,1,0,1,2,-27.600384,-48.599705,SPRF-SC,DEL01-SC,UOP01-DEL01-SC,2022
"487166,0",2022-11-16,quarta-feira,06:00:00,SC,470,"200,9",PONTE ALTA,Reação tardia ou ineficiente do condutor,Saída de leito carroçável,Sem Vítimas,Amanhecer,Decrescente,Céu Claro,Simples,Reta,Não,1,0,0,0,0,1,0,1,-27.298837,-50.142981,SPRF-SC,DEL05-SC,UOP03-DEL05-SC,2022
"487167,0",2022-11-16,quarta-feira,07:50:00,SC,101,"131,0",BALNEARIO CAMBORIU,Trafegar com motocicleta (ou similar) entre as faixas,Colisão traseira,Com Vítimas Feridas,Pleno dia,Decrescente,Céu Claro,Dupla,Reta,Sim,2,0,0,1,1,0,1,2,-26.99064209,-48.66310912,SPRF-SC,DEL04-SC,UOP03-DEL04-SC,2022
"487169,0",2022-11-16,quarta-feira,07:30:00,SC,101,"211,0",PALHOCA,Condutor deixou de manter distância do veículo da frente,Colisão traseira,Com Vítimas Feridas,Pleno dia,Decrescente,Sol,Dupla,Reta,Sim,3,0,2,0,1,0,2,2,-27.62329313,-48.65245588,SPRF-SC,DEL01-SC,UOP02-DEL01-SC,2022
"487195,0",2022-11-16,quarta-feira,07:30:00,SC,116,"107,8",MONTE CASTELO,Velocidade Incompatível,Saída de leito carroçável,Com Vítimas Feridas,Pleno dia,Decrescente,Sol,Simples,Curva,Não,1,0,1,0,0,0,1,1,-26.75568818,-50.32812388,SPRF-SC,DEL06-SC,UOP02-DEL06-SC,2022
"487197,0",2022-11-16,quarta-feira,10:40:00,SC,282,"527,6",XAXIM,Ausência de reação do condutor,Colisão traseira,Com Vítimas Feridas,Pleno dia,Decrescente,Céu Claro,Simples,Reta,Não,2,0,1,0,1,0,1,2,-26.973196,-52.583321,SPRF-SC,DEL07-SC,UOP01-DEL07-SC,2022
"487201,0",2022-11-16,quarta-feira,08:20:00,SC,470,"140,1",RIO DO SUL,Trafegar com motocicleta (ou similar) entre as faixas,Colisão transversal,Com Vítimas Feridas,Pleno dia,Crescente,Sol,Simples,Reta,Não,2,0,1,0,1,0,1,2,-27.222485,-49.662827,SPRF-SC,DEL04-SC,UOP02-DEL04-SC,2022
"487204,0",2022-11-16,quarta-feira,11:45:00,SC,101,"149,0",ITAPEMA,Condutor deixou de manter distância do veículo da frente,Colisão traseira,Com Vítimas Feridas,Pleno dia,Crescente,Céu Claro,Dupla,Reta,Sim,2,0,1,0,1,0,1,2,-27.1089649,-48.61277586,SPRF-SC,DEL04-SC,UOP03-DEL04-SC,2022
"487217,0",2022-11-12,sábado,12:35:00,SC,101,"343,0",TUBARAO,Ausência de reação do condutor,Capotamento,Com Vítimas Feridas,Pleno dia,Decrescente,Céu Claro,Dupla,Curva,Sim,2,0,0,1,1,0,1,1,-28.52765702,-49.05615309,SPRF-SC,DEL02-SC,UOP01-DEL02-SC,2022
"487225,0",2022-11-16,quarta-feira,14:12:00,SC,101,"38,3",JOINVILLE,Desrespeitar a preferência no cruzamento,Colisão transversal,Com Vítimas Feridas,Pleno dia,Decrescente,Céu Claro,Simples,Rotatória,Sim,2,0,1,0,1,0,1,2,-26.25472505,-48.90561309,SPRF-SC,DEL03-SC,UOP01-DEL03-SC,2022
"487229,0",2022-11-16,quarta-feira,14:35:00,SC,280,"55,8",GUARAMIRIM,Acessar a via sem observar a presença dos outros veículos,Colisão lateral mesmo sentido,Com Vítimas Feridas,Pleno dia,Crescente,Sol,Dupla,Reta,Não,3,0,1,0,2,0,1,2,-26.47947677,-49.00298702,SPRF-SC,DEL03-SC,UOP03-DEL03-SC,2022
"487231,0",2022-11-16,quarta-feira,11:15:00,SC,101,"256,2",PAULO LOPES,Manobra de mudança de faixa,Tombamento,Com Vítimas Feridas,Pleno dia,Crescente,Sol,Dupla,Reta,Não,1,0,1,0,0,0,1,1,-27.99053195,-48.68216063,SPRF-SC,DEL02-SC,UOP03-DEL02-SC,2022
"487259,0",2022-11-16,quarta-feira,16:35:00,SC,101,"26,0",JOINVILLE,Acessar a via sem observar a presença dos outros veículos,Colisão lateral mesmo sentido,Com Vítimas Feridas,Pleno dia,Crescente,Céu Claro,Múltipla,Reta,Sim,2,0,1,0,0,1,1,2,-26.2008,-48.9132,SPRF-SC,DEL03-SC,UOP01-DEL03-SC,2022
"487268,0",2022-11-16,quarta-feira,18:10:00,SC,470,"11,1",NAVEGANTES,Trafegar com motocicleta (ou similar) entre as faixas,Colisão lateral mesmo sentido,Com Vítimas Feridas,Pleno dia,Crescente,Céu Claro,Dupla,Em Obras;Reta,Não,2,0,1,0,1,0,1,2,-26.8347822,-48.75309706,SPRF-SC,DEL04-SC,UOP04-DEL04-SC,2022
"487281,0",2022-11-16,quarta-feira,18:30:00,SC,101,"197,5",BIGUACU,Falta de elemento de contenção que evite a saída do leito carroçável,Tombamento,Com Vítimas Feridas,Anoitecer,Decrescente,Céu Claro,Dupla,Reta,Sim,1,0,0,1,0,0,1,1,-27.51844497,-48.63848496,SPRF-SC,DEL01-SC,UOP01-DEL01-SC,2022
"487288,0",2022-11-16,quarta-feira,17:15:00,SC,280,"73,0",JARAGUA DO SUL,Acessar a via sem observar a presença dos outros veículos,Colisão transversal,Com Vítimas Feridas,Amanhecer,Crescente,Céu Claro,Simples,Reta,Não,2,0,0,1,1,0,1,2,-26.45917102,-49.15245,SPRF-SC,DEL03-SC,UOP03-DEL03-SC,2022
"487304,0",2022-11-16,quarta-feira,09:00:00,SC,101,"151,5",ITAPEMA,Acessar a via sem observar a presença dos outros veículos,Colisão lateral mesmo sentido,Com Vítimas Feridas,Pleno dia,Crescente,Sol,Simples,Reta,Sim,2,0,1,0,1,0,1,2,-27.126536,-48.609642,SPRF-SC,DEL04-SC,UOP03-DEL04-SC,2022
"487318,0",2022-11-16,quarta-feira,21:45:00,SC,101,"400,5",MARACAJA,Desrespeitar a preferência no cruzamento,Colisão transversal,Com Vítimas Feridas,Plena Noite,Crescente,Céu Claro,Simples,Reta,Sim,4,0,1,1,2,0,2,2,-28.84846615,-49.4346268,SPRF-SC,DEL02-SC,UOP02-DEL02-SC,2022
"487319,0",2022-11-16,quarta-feira,20:40:00,SC,282,"382,4",HERVAL DOESTE,Mal súbito do condutor,Saída de leito carroçável,Com Vítimas Feridas,Plena Noite,Crescente,Nublado,Simples,Reta,Não,1,0,1,0,0,0,1,1,-27.19607,-51.503044,SPRF-SC,DEL07-SC,UOP05-DEL07-SC,2022
"487323,0",2022-11-16,quarta-feira,22:50:00,SC,101,"327,0",CAPIVARI DE BAIXO,Desrespeitar a preferência no cruzamento,Colisão transversal,Com Vítimas Feridas,Plena Noite,Decrescente,Céu Claro,Simples,Interseção de Vias;Curva;Retorno Regulamentado,Sim,3,0,0,1,2,0,1,2,-28.439293,-48.962153,SPRF-SC,DEL02-SC,UOP01-DEL02-SC,2022
"487341,0",2022-11-16,quarta-feira,23:12:00,SC,163,"71,1",SAO MIGUEL DO OESTE,Velocidade Incompatível,Colisão com objeto,Com Vítimas Feridas,Plena Noite,Decrescente,Céu Claro,Dupla,Curva,Sim,1,0,1,0,0,0,1,1,-26.72772401,-53.51281303,SPRF-SC,DEL07-SC,UOP03-DEL07-SC,2022
"487353,0",2022-11-17,quinta-feira,07:30:00,SC,101,"213,0",PALHOCA,Condutor deixou de manter distância do veículo da frente,Colisão traseira,Com Vítimas Feridas,Pleno dia,Decrescente,Céu Claro,Múltipla,Reta,Sim,2,0,0,1,1,0,1,2,-27.63697369,-48.66514142,SPRF-SC,DEL01-SC,UOP02-DEL01-SC,2022
"487381,0",2022-11-17,quinta-feira,09:20:00,SC,101,"169,7",TIJUCAS,Ausência de reação do condutor,Tombamento,Com Vítimas Feridas,Pleno dia,Crescente,Céu Claro,Dupla,Reta,Sim,1,0,1,0,0,0,1,1,-27.28790602,-48.63095745,SPRF-SC,DEL04-SC,UOP03-DEL04-SC,2022
"487395,0",2022-11-17,quinta-feira,11:00:00,SC,101,"134,0",BALNEARIO CAMBORIU,Manobra de mudança de faixa,Colisão lateral mesmo sentido,Com Vítimas Feridas,Pleno dia,Crescente,Sol,Múltipla,Interseção de Vias,Não,2,0,1,0,1,0,1,2,-27.00218,-48.636433,SPRF-SC,DEL04-SC,UOP03-DEL04-SC,2022