id,data_inversa,dia_semana,horario,uf,br,km,municipio,causa_acidente,tipo_acidente,classificacao_acidente,fase_dia,sentido_via,condicao_metereologica,tipo_pista,tracado_via,uso_solo,pessoas,mortos,feridos_leves,feridos_graves,ilesos,ignorados,feridos,veiculos,latitude,longitude,regional,delegacia,uop,ano_arquivo
"488642,0",2022-11-25,sexta-feira,20:50:00,SC,280,"128,0",RIO NEGRINHO,Acessar a via sem observar a presença dos outros veículos,Atropelamento de Pedestre,Com Vítimas Feridas,Plena Noite,Crescente,Nublado,Simples,Reta,Não,2,0,1,0,1,0,1,2,-26.24317941,-49.51320018,SPRF-SC,DEL06-SC,UOP03-DEL06-SC,2022
"488649,0",2022-11-22,terça-feira,07:10:00,SC,116,"5,8",MAFRA,Reação tardia ou ineficiente do condutor,Colisão traseira,Com Vítimas Feridas,Pleno dia,Decrescente,Nublado,Simples,Reta,Sim,2,0,1,0,1,0,1,2,-26.14548953,-49.82194662,SPRF-SC,DEL06-SC,UOP01-DEL06-SC,2022
"488650,0",2022-11-22,terça-feira,16:00:00,SC,101,"201,0",SAO JOSE,Acessar a via sem observar a presença dos outros veículos,Atropelamento de Pedestre,Com Vítimas Feridas,Pleno dia,Crescente,Céu Claro,Dupla,Interseção de Vias,Sim,2,0,1,0,1,0,1,2,-27.54836599,-48.61977975,SPRF-SC,DEL01-SC,UOP01-DEL01-SC,2022
"488651,0",2022-11-22,terça-feira,16:45:00,SC,101,"100,7",BALNEARIO PICARRAS,Ultrapassagem Indevida,Colisão lateral sentido oposto,Com Vítimas Feridas,Pleno dia,Crescente,Nublado,Simples,Reta,Sim,2,0,1,0,1,0,1,2,-26.75482787,-48.68993675,SPRF-SC,DEL03-SC,UOP02-DEL03-SC,2022
"488655,0",2022-11-26,sábado,07:40:00,SC,101,"204,7",SAO JOSE,Trafegar com motocicleta (ou similar) entre as faixas,Tombamento,Com Vítimas Feridas,Pleno dia,Crescente,Garoa/Chuvisco,Múltipla,Reta,Sim,1,0,1,0,0,0,1,1,-27.58313237,-48.61532885,SPRF-SC,DEL01-SC,UOP01-DEL01-SC,2022
"488658,0",2022-11-26,sábado,05:20:00,SC,101,"367,0",SANGAO,Condutor Dormindo,Saída de leito carroçável,Com Vítimas Feridas,Amanhecer,Crescente,Garoa/Chuvisco,Dupla,Reta,Não,2,0,1,1,0,0,2,1,-28.69145778,-49.16484911,SPRF-SC,DEL02-SC,UOP01-DEL02-SC,2022
"488667,0",2022-11-22,terça-feira,18:00:00,SC,280,"22,0",ARAQUARI,Trafegar com motocicleta (ou similar) entre as faixas,Colisão transversal,Com Vítimas Feridas,Anoitecer,Crescente,Céu Claro,Simples,Rotatória;Interseção de Vias,Sim,2,0,0,1,1,0,1,2,-26.3765928,-48.71884086,SPRF-SC,DEL03-SC,UOP03-DEL03-SC,2022
"488669,0",2022-11-22,terça-feira,06:40:00,SC,101,"204,0",SAO JOSE,Demais falhas mecânicas ou elétricas,Queda de ocupante de veículo,Com Vítimas Feridas,Pleno dia,Crescente,Nublado,Dupla,Reta,Sim,2,0,0,1,1,0,1,1,-27.57413014,-48.61363083,SPRF-SC,DEL01-SC,UOP01-DEL01-SC,2022
"488722,0",2022-11-22,terça-feira,08:50:00,SC,280,"5,4",SAO FRANCISCO DO SUL,Acessar a via sem observar a presença dos outros veículos,Colisão transversal,Com Vítimas Feridas,Pleno dia,Crescente,Nublado,Simples,Reta,Sim,2,0,2,0,0,0,2,2,-26.26011706,-48.62571995,SPRF-SC,DEL03-SC,UOP03-DEL03-SC,2022
"488727,0",2022-11-26,sábado,10:29:00,SC,470,"52,0",BLUMENAU,Acessar a via sem observar a presença dos outros veículos,Colisão lateral mesmo sentido,Com Vítimas Feridas,Pleno dia,Crescente,Chuva,Simples,Interseção de Vias,Sim,3,0,2,0,1,0,2,2,-26.862286,-49.093903,SPRF-SC,DEL04-SC,UOP01-DEL04-SC,2022
"488733,0",2022-11-26,sábado,09:35:00,SC,282,"72,0",RANCHO QUEIMADO,Velocidade Incompatível,Saída de leito carroçável,Com Vítimas Feridas,Pleno dia,Decrescente,Garoa/Chuvisco,Simples,Curva,Não,1,0,1,0,0,0,1,1,-27.6914098,-49.09099102,SPRF-SC,DEL01-SC,UOP03-DEL01-SC,2022
"488736,0",2022-11-26,sábado,07:30:00,SC,282,"69,7",RANCHO QUEIMADO,Velocidade Incompatível,Saída de leito carroçável,Com Vítimas Feridas,Pleno dia,Decrescente,Chuva,Simples,Curva;Declive,Não,4,0,4,0,0,0,4,1,-27.690144,-49.083813,SPRF-SC,DEL01-SC,UOP03-DEL01-SC,2022
"488743,0",2022-11-26,sábado,08:30:00,SC,280,"102,0",SAO BENTO DO SUL,Reação tardia ou ineficiente do condutor,Colisão transversal,Com Vítimas Feridas,Pleno dia,Crescente,Chuva,Simples,Reta,Não,5,0,2,0,3,0,2,2,-26.36381888,-49.34016753,SPRF-SC,DEL06-SC,UOP03-DEL06-SC,2022
"488762,0",2022-11-26,sábado,11:30:00,SC,101,"202,0",SAO JOSE,Acumulo de água sobre o pavimento,Queda de ocupante de veículo,Com Vítimas Feridas,Pleno dia,Decrescente,Chuva,Simples,Reta,Sim,1,0,0,1,0,0,1,1,-27.55711595,-48.61897889,SPRF-SC,DEL01-SC,UOP01-DEL01-SC,2022
"488775,0",2022-11-26,sábado,12:30:00,SC,470,"12,0",ILHOTA,Acumulo de água sobre o pavimento,Capotamento,Com Vítimas Feridas,Pleno dia,Decrescente,Chuva,Dupla,Reta,Não,1,0,1,0,0,0,1,1,-26.835169,-48.757267,SPRF-SC,DEL04-SC,UOP04-DEL04-SC,2022
"488788,0",2022-11-26,sábado,12:50:00,SC,101,"191,6",BIGUACU,Condutor deixou de manter distância do veículo da frente,Colisão traseira,Com Vítimas Feridas,Pleno dia,Decrescente,Garoa/Chuvisco,Dupla,Reta,Sim,5,0,3,0,2,0,3,3,-27.47730273,-48.64127329,SPRF-SC,DEL01-SC,UOP01-DEL01-SC,2022
"488793,0",2022-11-22,terça-feira,20:40:00,SC,282,"324,0",CAMPOS NOVOS,Reação tardia ou ineficiente do condutor,Saída de leito carroçável,Com Vítimas Feridas,Plena Noite,Crescente,Céu Claro,Simples,Interseção de Vias,Não,5,0,4,1,0,0,5,1,-27.37466367,-51.06685638,SPRF-SC,DEL07-SC,UOP06-DEL07-SC,2022
"488798,0",2022-11-26,sábado,13:10:00,SC,101,"381,0",ICARA,Reação tardia ou ineficiente do condutor,Saída de leito carroçável,Sem Vítimas,Pleno dia,Crescente,Céu Claro,Múltipla,Reta,Não,1,0,0,0,0,1,0,1,-28.75478409,-49.27732095,SPRF-SC,DEL02-SC,UOP02-DEL02-SC,2022
"488809,0",2022-11-26,sábado,14:40:00,SC,101,"38,5",JOINVILLE,Chuva,Tombamento,Com Vítimas Feridas,Pleno dia,Crescente,Chuva,Dupla,Reta,Sim,1,0,1,0,0,0,1,1,-26.25472505,-48.90561309,SPRF-SC,DEL03-SC,UOP01-DEL03-SC,2022
"488813,0",2022-11-26,sábado,13:30:00,SC,101,"138,0",BALNEARIO CAMBORIU,Acumulo de água sobre o pavimento,Saída de leito carroçável,Com Vítimas Feridas,Pleno dia,Crescente,Chuva,Dupla,Curva,Não,3,0,2,0,1,0,2,1,-27.02397426,-48.60761649,SPRF-SC,DEL04-SC,UOP03-DEL04-SC,2022
"488817,0",2022-09-23,sexta-feira,07:15:00,SC,282,"40,9",AGUAS MORNAS,Desrespeitar a preferência no cruzamento,Colisão transversal,Com Vítimas Feridas,Pleno dia,Crescente,Céu Claro,Simples,Reta,Sim,2,0,1,0,1,0,1,2,-27.716325,-48.87951,SPRF-SC,DEL01-SC,UOP03-DEL01-SC,2022
"488829,0",2022-11-26,sábado,15:10:00,SC,101,"68,5",ARAQUARI,Chuva,Saída de leito carroçável,Com Vítimas Feridas,Pleno dia,Decrescente,Chuva,Dupla,Reta,Não,2,0,1,0,1,0,1,1,-26.49513001,-48.73280803,SPRF-SC,DEL03-SC,UOP02-DEL03-SC,2022
"488835,0",2022-11-26,sábado,10:00:00,SC,470,"143,0",RIO DO SUL,Acessar a via sem observar a presença dos outros veículos,Colisão lateral mesmo sentido,Com Vítimas Feridas,Pleno dia,Decrescente,Nublado,Simples,Rotatória,Não,2,0,1,0,1,0,1,2,-27.233143,-49.672886,SPRF-SC,DEL04-SC,UOP02-DEL04-SC,2022
"488844,0",2022-10-07,sexta-feira,16:10:00,SC,101,"155,0",PORTO BELO,Condutor deixou de manter distância do veículo da frente,Colisão traseira,Sem Vítimas,Pleno dia,Decrescente,Céu Claro,Dupla,Reta,Sim,2,0,0,0,1,1,0,2,-27.16292,-48.61129,SPRF-SC,DEL04-SC,UOP03-DEL04-SC,2022
"488851,0",2022-11-26,sábado,16:25:00,SC,101,"197,0",BIGUACU,Condutor deixou de manter distância do veículo da frente,Tombamento,Com Vítimas Feridas,Pleno dia,Decrescente,Garoa/Chuvisco,Dupla,Curva,Sim,1,0,1,0,0,0,1,1,-27.51844497,-48.63848496,SPRF-SC,DEL01-SC,UOP01-DEL01-SC,2022
"488854,0",2022-11-20,domingo,21:10:00,SC,282,"379,4",HERVAL DOESTE,Velocidade Incompatível,Saída de leito carroçável,Com Vítimas Feridas,Plena Noite,Crescente,Céu Claro,Simples,Rotatória,Não,1,0,1,0,0,0,1,1,-27.21473567,-51.48690104,SPRF-SC,DEL07-SC,UOP05-DEL07-SC,2022
"488859,0",2022-11-26,sábado,16:15:00,SC,282,"46,7",AGUAS MORNAS,Velocidade Incompatível,Saída de leito carroçável,Com Vítimas Feridas,Pleno dia,Decrescente,Chuva,Simples,Reta;Declive,Não,2,0,1,1,0,0,2,1,-27.721041,-48.925152,SPRF-SC,DEL01-SC,UOP03-DEL01-SC,2022
"488868,0",2022-11-26,sábado,13:45:00,SC,470,"63,9",INDAIAL,Reação tardia ou ineficiente do condutor,Capotamento,Com Vítimas Feridas,Pleno dia,Decrescente,Chuva,Simples,Curva,Não,3,0,3,0,0,0,3,1,-26.872396,-49.19228,SPRF-SC,DEL04-SC,UOP01-DEL04-SC,2022
"488871,0",2022-11-23,quarta-feira,23:50:00,SC,282,"214,1",LAGES,Ultrapassagem Indevida,Colisão frontal,Com Vítimas Feridas,Plena Noite,Decrescente,Céu Claro,Simples,Reta;Aclive,Não,4,0,1,3,0,0,4,2,-27.78937,-50.271915,SPRF-SC,DEL05-SC,UOP01-DEL05-SC,2022
"488888,0",2022-11-20,domingo,19:45:00,SC,101,"118,0",ITAJAI,Ausência de reação do condutor,Colisão traseira,Sem Vítimas,Plena Noite,Crescente,Nublado,Múltipla,Reta,Não,2,0,0,0,2,0,0,2,-26.895859,-48.71903,SPRF-SC,DEL04-SC,UOP04-DEL04-SC,2022
"488894,0",2022-11-22,terça-feira,13:25:00,SC,163,"70,8",SAO MIGUEL DO OESTE,Acessar a via sem observar a presença dos outros veículos,Colisão transversal,Com Vítimas Feridas,Pleno dia,Decrescente,Céu Claro,Simples,Reta;Interseção de Vias,Sim,2,0,1,0,1,0,1,2,-26.72967607,-53.51156116,SPRF-SC,DEL07-SC,UOP03-DEL07-SC,2022
"488929,0",2022-11-26,sábado,21:10:00,SC,101,"117,0",ITAJAI,Desrespeitar a preferência no cruzamento,Colisão transversal,Com Vítimas Feridas,Plena Noite,Crescente,Chuva,Dupla,Interseção de Vias,Sim,2,0,0,1,1,0,1,2,-26.88747187,-48.72252969,SPRF-SC,DEL04-SC,UOP04-DEL04-SC,2022
"488935,0",2022-11-26,sábado,08:30:00,SC,280,"151,9",MAFRA,Reação tardia ou ineficiente do condutor,Saída de leito carroçável,Com Vítimas Feridas,Pleno dia,Decrescente,Chuva,Simples,Reta,Não,1,0,1,0,0,0,1,1,-26.23248274,-49.69867393,SPRF-SC,DEL06-SC,UOP03-DEL06-SC,2022
"488941,0",2022-11-26,sábado,19:40:00,SC,470,"173,8",POUSO REDONDO,Reação tardia ou ineficiente do condutor,Colisão frontal,Com Vítimas Feridas,Plena Noite,Crescente,Chuva,Simples,Em Obras;Interseção de Vias,Sim,2,0,0,1,1,0,1,2,-27.25692815,-49.93484616,SPRF-SC,DEL04-SC,UOP02-DEL04-SC,2022
"488959,0",2022-11-26,sábado,23:30:00,SC,282,"608,5",MARAVILHA,Ingestão de álcool pelo condutor,Colisão com objeto,Sem Vítimas,Plena Noite,Decrescente,Céu Claro,Simples,Reta,Não,1,0,0,0,0,1,0,1,-26.76339132,-53.21914673,SPRF-SC,DEL07-SC,UOP02-DEL07-SC,2022
"488970,0",2022-11-26,sábado,23:56:00,SC,282,"377,0",HERVAL DOESTE,Velocidade Incompatível,Capotamento,Com Vítimas Feridas,Plena Noite,Crescente,Céu Claro,Simples,Curva,Não,3,0,1,1,1,0,2,2,-27.216974,-51.470055,SPRF-SC,DEL07-SC,UOP05-DEL07-SC,2022
"488979,0",2022-11-27,domingo,02:30:00,SC,101,"205,2",SAO JOSE,Ingestão de álcool pelo condutor,Saída de leito carroçável,Sem Vítimas,Plena Noite,Decrescente,Chuva,Múltipla,Reta,Sim,1,0,0,0,0,1,0,1,-27.58313237,-48.61532885,SPRF-SC,DEL01-SC,UOP01-DEL01-SC,2022
"488992,0",2022-11-27,domingo,03:40:00,SC,163,"97,0",SAO JOSE DO CEDRO,Ingestão de álcool pelo condutor,Colisão com objeto,Com Vítimas Feridas,Plena Noite,Crescente,Céu Claro,Simples,Reta;Em Obras,Não,1,0,0,1,0,0,1,1,-26.508697,-53.51299091,SPRF-SC,DEL07-SC,UOP03-DEL07-SC,2022
"489014,0",2022-11-27,domingo,05:35:00,SC,470,"49,0",BLUMENAU,Reação tardia ou ineficiente do condutor,Saída de leito carroçável,Sem Vítimas,Pleno dia,Crescente,Nublado,Dupla,Viaduto;Reta,Sim,1,0,0,0,1,0,0,1,-26.86108599,-49.06701392,SPRF-SC,DEL04-SC,UOP01-DEL04-SC,2022
"489018,0",2022-11-27,domingo,05:05:00,SC,470,"65,0",INDAIAL,Ingestão de álcool pelo condutor,Saída de leito carroçável,Com Vítimas Feridas,Amanhecer,Crescente,Garoa/Chuvisco,Dupla,Reta,Não,1,0,0,1,0,0,1,1,-26.870411,-49.211864,SPRF-SC,DEL04-SC,UOP01-DEL04-SC,2022
"489019,0",2022-11-27,domingo,05:00:00,SC,101,"128,0",BALNEARIO CAMBORIU,Velocidade Incompatível,Saída de leito carroçável,Sem Vítimas,Amanhecer,Decrescente,Garoa/Chuvisco,Dupla,Curva,Não,1,0,0,0,1,0,0,1,-26.97284292,-48.68299451,SPRF-SC,DEL04-SC,UOP04-DEL04-SC,2022
"489024,0",2022-11-23,quarta-feira,10:15:00,SC,282,"4,5",SAO JOSE,Manobra de mudança de faixa,Colisão lateral mesmo sentido,Com Vítimas Feridas,Pleno dia,Crescente,Nublado,Dupla,Reta,Sim,2,0,0,1,1,0,1,2,-27.592646,-48.604034,SPRF-SC,DEL01-SC,UOP01-DEL01-SC,2022
"489028,0",2022-11-27,domingo,04:30:00,SC,101,"129,0",BALNEARIO CAMBORIU,Reação tardia ou ineficiente do condutor,Colisão com objeto,Sem Vítimas,Plena Noite,Decrescente,Garoa/Chuvisco,Dupla,Reta,Sim,1,0,0,0,1,0,0,1,-26.98064277,-48.6790679,SPRF-SC,DEL04-SC,UOP03-DEL04-SC,2022
"489029,0",2022-11-27,domingo,07:15:00,SC,282,"5,5",SAO JOSE,Pista Escorregadia,Colisão transversal,Com Vítimas Feridas,Pleno dia,Crescente,Chuva,Múltipla,Curva,Sim,2,0,1,0,1,0,1,2,-27.588425,-48.612919,SPRF-SC,DEL01-SC,UOP01-DEL01-SC,2022
"489032,0",2022-11-27,domingo,05:40:00,SC,101,"154,9",PORTO BELO,Reação tardia ou ineficiente do condutor,Saída de leito carroçável,Sem Vítimas,Amanhecer,Crescente,Garoa/Chuvisco,Simples,Viaduto,Sim,1,0,0,0,1,0,0,1,-27.16235593,-48.60955596,SPRF-SC,DEL04-SC,UOP03-DEL04-SC,2022
"489038,0",2022-11-27,domingo,05:00:00,SC,101,"211,0",PALHOCA,Acumulo de água sobre o pavimento,Capotamento,Sem Vítimas,Amanhecer,Crescente,Chuva,Dupla,Reta,Sim,2,0,0,0,1,1,0,2,-27.62329313,-48.65245588,SPRF-SC,DEL01-SC,UOP02-DEL01-SC,2022
"489042,0",2022-11-23,quarta-feira,12:40:00,SC,470,"40,0",GASPAR,Frear bruscamente,Colisão traseira,Com Vítimas Feridas,Pleno dia,Decrescente,Céu Claro,Simples,Reta,Não,2,0,1,0,1,0,1,2,-26.889574,-48.99094,SPRF-SC,DEL04-SC,UOP01-DEL04-SC,2022
"489054,0",2022-11-23,quarta-feira,14:00:00,SC,470,"65,0",BLUMENAU,Condutor deixou de manter distância do veículo da frente,Colisão traseira,Com Vítimas Feridas,Pleno dia,Crescente,Céu Claro,Simples,Reta,Sim,3,0,1,0,2,0,1,2,-26.870411,-49.211864,SPRF-SC,DEL04-SC,UOP01-DEL04-SC,2022
"489058,0",2022-11-24,quinta-feira,07:15:00,SC,280,"189,1",MAFRA,Velocidade Incompatível,Tombamento,Com Vítimas Feridas,Amanhecer,Decrescente,Céu Claro,Simples,Reta,Não,1,0,1,0,0,0,1,1,-26.17500493,-49.96856689,SPRF-SC,DEL06-SC,UOP01-DEL06-SC,2022
"489068,0",2022-11-27,domingo,08:50:00,SC,101,"93,4",BARRA VELHA,Reação tardia ou ineficiente do condutor,Colisão lateral mesmo sentido,Com Vítimas Feridas,Pleno dia,Decrescente,Chuva,Dupla,Reta,Não,4,0,1,0,2,1,1,3,-26.6899011,-48.69663873,SPRF-SC,DEL03-SC,UOP02-DEL03-SC,2022
"489079,0",2022-11-23,quarta-feira,19:00:00,SC,101,"102,4",BALNEARIO PICARRAS,Animais na Pista,Atropelamento de Animal,Com Vítimas Feridas,Anoitecer,Decrescente,Céu Claro,Dupla,Reta,Não,1,0,1,0,0,0,1,1,-26.77383397,-48.68594062,SPRF-SC,DEL03-SC,UOP02-DEL03-SC,2022
"489102,0",2022-11-27,domingo,11:20:00,SC,101,"135,0",BALNEARIO CAMBORIU,Condutor deixou de manter distância do veículo da frente,Colisão traseira,Com Vítimas Feridas,Pleno dia,Decrescente,Chuva,Dupla,Reta,Sim,5,0,3,0,2,0,3,2,-27.0050108,-48.62677494,SPRF-SC,DEL04-SC,UOP03-DEL04-SC,2022
"489103,0",2022-11-27,domingo,10:20:00,SC,116,"10,9",MAFRA,Ausência de reação do condutor,Colisão lateral sentido oposto,Com Vítimas Feridas,Pleno dia,Crescente,Chuva,Simples,Reta,Não,6,0,1,0,5,0,1,2,-26.16829411,-49.85476074,SPRF-SC,DEL06-SC,UOP01-DEL06-SC,2022
"489106,0",2022-11-23,quarta-feira,18:00:00,SC,470,"119,0",IBIRAMA,Acessar a via sem observar a presença dos outros veículos,Colisão transversal,Com Vítimas Feridas,Anoitecer,Crescente,Nublado,Simples,Curva,Não,3,0,2,0,1,0,2,2,-27.092915,-49.52435,SPRF-SC,DEL04-SC,UOP02-DEL04-SC,2022
"489108,0",2022-11-24,quinta-feira,07:15:00,SC,470,"134,6",RIO DO SUL,Acessar a via sem observar a presença dos outros veículos,Colisão transversal,Com Vítimas Feridas,Pleno dia,Decrescente,Nublado,Simples,Rotatória,Não,2,0,1,0,1,0,1,2,-27.181854,-49.600128,SPRF-SC,DEL04-SC,UOP02-DEL04-SC,2022
"489109,0",2022-11-13,domingo,10:40:00,SC,101,"62,0",ARAQUARI,Condutor deixou de manter distância do veículo da frente,Colisão traseira,Com Vítimas Feridas,Pleno dia,Crescente,Céu Claro,Dupla,Viaduto,Não,4,0,1,0,2,1,1,4,-26.45504246,-48.76711901,SPRF-SC,DEL03-SC,UOP02-DEL03-SC,2022
"489114,0",2022-11-27,domingo,01:35:00,SC,116,"101,4",MONTE CASTELO,Condutor Dormindo,Saída de leito carroçável,Com Vítimas Feridas,Plena Noite,Crescente,Chuva,Dupla,Reta,Não,1,0,1,0,0,0,1,1,-26.7175472,-50.30574291,SPRF-SC,DEL06-SC,UOP02-DEL06-SC,2022
"489123,0",2022-11-27,domingo,13:15:00,SC,101,"198,0",BIGUACU,Acumulo de água sobre o pavimento,Saída de leito carroçável,Com Vítimas Feridas,Pleno dia,Decrescente,Chuva,Múltipla,Reta,Sim,2,0,2,0,0,0,2,1,-27.52658712,-48.63506019,SPRF-SC,DEL01-SC,UOP01-DEL01-SC,2022
"489125,0",2022-11-27,domingo,13:00:00,SC,282,"50,0",AGUAS MORNAS,Condutor deixou de manter distância do veículo da frente,Colisão traseira,Sem Vítimas,Pleno dia,Decrescente,Chuva,Simples,Curva,Não,2,0,0,0,2,0,0,2,-27.708536,-48.952251,SPRF-SC,DEL01-SC,UOP03-DEL01-SC,2022
"489130,0",2022-11-27,domingo,13:40:00,SC,101,"139,0",BALNEARIO CAMBORIU,Chuva,Colisão com objeto,Com Vítimas Feridas,Pleno dia,Decrescente,Chuva,Múltipla,Curva,Sim,1,0,1,0,0,0,1,1,-27.02982303,-48.60115006,SPRF-SC,DEL04-SC,UOP03-DEL04-SC,2022
"489132,0",2022-11-27,domingo,03:00:00,SC,116,"149,2",SANTA CECILIA,Ausência de reação do condutor,Saída de leito carroçável,Sem Vítimas,Plena Noite,Crescente,Chuva,Simples,Curva,Não,1,0,0,0,1,0,0,1,-27.02405304,-50.42005513,SPRF-SC,DEL06-SC,UOP02-DEL06-SC,2022
"489134,0",2022-11-27,domingo,13:00:00,SC,282,"30,0",SANTO AMARO DA IMPERATRIZ,Velocidade Incompatível,Colisão traseira,Com Vítimas Feridas,Pleno dia,Decrescente,Garoa/Chuvisco,Simples,Curva,Não,4,0,1,0,3,0,1,3,-27.687376,-48.79071,SPRF-SC,DEL01-SC,UOP03-DEL01-SC,2022
"489139,0",2022-11-23,quarta-feira,23:15:00,SC,101,"420,0",ARARANGUA,Avarias e/ou desgaste excessivo no pneu,Capotamento,Com Vítimas Feridas,Plena Noite,Decrescente,Nublado,Dupla,Reta,Sim,1,0,1,0,0,0,1,1,-28.99380392,-49.55081408,SPRF-SC,DEL02-SC,UOP02-DEL02-SC,2022
"489141,0",2022-11-27,domingo,13:40:00,SC,101,"139,0",BALNEARIO CAMBORIU,Avarias e/ou desgaste excessivo no pneu,Colisão com objeto,Sem Vítimas,Pleno dia,Crescente,Chuva,Múltipla,Curva,Não,1,0,0,0,1,0,0,1,-27.02982303,-48.60115006,SPRF-SC,DEL04-SC,UOP03-DEL04-SC,2022
"489145,0",2022-11-27,domingo,15:30:00,SC,282,"58,0",RANCHO QUEIMADO,Pista Escorregadia,Colisão frontal,Com Vítimas Feridas,Pleno dia,Crescente,Chuva,Simples,Curva,Não,3,0,2,0,1,0,2,2,-27.683594,-49.005539,SPRF-SC,DEL01-SC,UOP03-DEL01-SC,2022
"489156,0",2022-11-27,domingo,16:00:00,SC,282,"48,5",AGUAS MORNAS,Velocidade Incompatível,Colisão frontal,Com Vítimas Feridas,Pleno dia,Crescente,Chuva,Simples,Curva,Não,5,0,1,2,2,0,3,2,-27.714352,-48.938072,SPRF-SC,DEL01-SC,UOP03-DEL01-SC,2022
"489165,0",2022-11-23,quarta-feira,17:15:00,SC,101,"157,7",TIJUCAS,Reação tardia ou ineficiente do condutor,Engavetamento,Com Vítimas Feridas,Pleno dia,Crescente,Céu Claro,Dupla,Reta,Sim,4,0,1,0,3,0,1,4,-27.181625,-48.6121179,SPRF-SC,DEL04-SC,UOP03-DEL04-SC,2022
"489168,0",2022-11-27,domingo,17:00:00,SC,101,"58,0",ARAQUARI,Acumulo de água sobre o pavimento,Saída de leito carroçável,Com Vítimas Feridas,Pleno dia,Crescente,Chuva,Dupla,Curva,Não,1,0,1,0,0,0,1,1,-26.43810672,-48.80384445,SPRF-SC,DEL03-SC,UOP02-DEL03-SC,2022
"489174,0",2022-11-27,domingo,17:50:00,SC,101,"189,5",BIGUACU,Pista Escorregadia,Saída de leito carroçável,Com Vítimas Feridas,Pleno dia,Decrescente,Chuva,Dupla,Curva,Não,1,0,1,0,0,0,1,1,-27.459393,-48.638914,SPRF-SC,DEL01-SC,UOP01-DEL01-SC,2022
"489186,0",2022-11-27,domingo,18:15:00,SC,101,"419,0",ARARANGUA,Acessar a via sem observar a presença dos outros veículos,Colisão com objeto,Sem Vítimas,Pleno dia,Decrescente,Nublado,Dupla,Reta;Interseção de Vias,Sim,1,0,0,0,1,0,0,1,-28.98802144,-49.54479933,SPRF-SC,DEL02-SC,UOP02-DEL02-SC,2022
"489203,0",2022-11-27,domingo,19:30:00,SC,101,"413,0",ARARANGUA,Ultrapassagem Indevida,Tombamento,Com Vítimas Feridas,Plena Noite,Crescente,Nublado,Simples,Rotatória,Não,2,0,2,0,0,0,2,1,-28.94605997,-49.50428402,SPRF-SC,DEL02-SC,UOP02-DEL02-SC,2022
"489205,0",2022-11-27,domingo,17:35:00,SC,101,"227,0",PALHOCA,Pista Escorregadia,Tombamento,Com Vítimas Feridas,Anoitecer,Decrescente,Céu Claro,Múltipla,Viaduto;Retorno Regulamentado;Reta;Declive,Sim,2,0,2,0,0,0,2,1,-27.7509149,-48.63460277,SPRF-SC,DEL01-SC,UOP02-DEL01-SC,2022
"489226,0",2022-11-27,domingo,20:20:00,SC,101,"27,3",JOINVILLE,Desrespeitar a preferência no cruzamento,Colisão transversal,Com Vítimas Feridas,Plena Noite,Crescente,Chuva,Dupla,Interseção de Vias,Sim,2,0,1,0,1,0,1,2,-26.20130351,-48.91331794,SPRF-SC,DEL03-SC,UOP01-DEL03-SC,2022
"489240,0",2022-11-27,domingo,21:30:00,SC,282,"572,0",PINHALZINHO,Condutor deixou de manter distância do veículo da frente,Colisão traseira,Sem Vítimas,Plena Noite,Crescente,Nublado,Simples,Reta,Não,4,0,0,0,4,0,0,2,-26.879332,-52.949421,SPRF-SC,DEL07-SC,UOP02-DEL07-SC,2022
"489270,0",2022-11-28,segunda-feira,00:30:00,SC,101,"358,0",SANGAO,Ingestão de álcool pelo condutor,Capotamento,Sem Vítimas,Plena Noite,Crescente,Nublado,Dupla,Reta,Não,1,0,0,0,0,1,0,1,-28.642765,-49.100403,SPRF-SC,DEL02-SC,UOP01-DEL02-SC,2022
"489276,0",2022-11-27,domingo,21:00:00,SC,101,"239,0",PALHOCA,Ultrapassagem Indevida,Colisão transversal,Sem Vítimas,Plena Noite,Decrescente,Chuva,Dupla,Reta,Não,3,0,0,0,2,1,0,2,-27.85046883,-48.63955216,SPRF-SC,DEL01-SC,UOP02-DEL01-SC,2022
"489284,0",2022-11-28,segunda-feira,06:30:00,SC,101,"188,0",BIGUACU,Pedestre cruzava a pista fora da faixa,Tombamento,Com Vítimas Feridas,Pleno dia,Crescente,Nublado,Dupla,Reta,Sim,2,0,1,0,0,1,1,2,-27.45123421,-48.63370766,SPRF-SC,DEL01-SC,UOP01-DEL01-SC,2022
"489293,0",2022-11-24,quinta-feira,09:40:00,SC,101,"198,5",BIGUACU,Trafegar com motocicleta (ou similar) entre as faixas,Queda de ocupante de veículo,Com Vítimas Feridas,Pleno dia,Crescente,Céu Claro,Múltipla,Reta,Não,1,0,1,0,0,0,1,1,-27.52658712,-48.63506019,SPRF-SC,DEL01-SC,UOP01-DEL01-SC,2022
"489301,0",2022-11-28,segunda-feira,07:20:00,SC,101,"122,0",ITAJAI,Ausência de reação do condutor,Colisão transversal,Com Vítimas Feridas,Pleno dia,Decrescente,Garoa/Chuvisco,Dupla,Interseção de Vias,Sim,2,0,1,0,1,0,1,2,-26.92955916,-48.70499836,SPRF-SC,DEL04-SC,UOP04-DEL04-SC,2022
"489305,0",2022-11-28,segunda-feira,08:00:00,SC,101,"72,0",ARAQUARI,Velocidade Incompatível,Colisão com objeto,Com Vítimas Feridas,Pleno dia,Crescente,Chuva,Dupla,Declive;Curva,Não,1,0,0,1,0,0,1,1,-26.52189918,-48.71695161,SPRF-SC,DEL03-SC,UOP02-DEL03-SC,2022