id,data_inversa,dia_semana,horario,uf,br,km,municipio,causa_acidente,tipo_acidente,classificacao_acidente,fase_dia,sentido_via,condicao_metereologica,tipo_pista,tracado_via,uso_solo,pessoas,mortos,feridos_leves,feridos_graves,ilesos,ignorados,feridos,veiculos,latitude,longitude,regional,delegacia,uop,ano_arquivo
"489322,0",2022-11-28,segunda-feira,07:45:00,SC,101,"213,0",PALHOCA,Trafegar com motocicleta (ou similar) entre as faixas,Colisão lateral mesmo sentido,Com Vítimas Feridas,Pleno dia,Crescente,Chuva,Múltipla,Reta,Sim,2,0,1,0,1,0,1,2,-27.63697369,-48.66514142,SPRF-SC,DEL01-SC,UOP02-DEL01-SC,2022
"489323,0",2022-11-28,segunda-feira,07:40:00,SC,282,"48,7",AGUAS MORNAS,Pista Escorregadia,Colisão frontal,Com Vítimas Feridas,Pleno dia,Crescente,Chuva,Simples,Curva,Não,4,0,3,0,1,0,3,2,-27.714352,-48.938072,SPRF-SC,DEL01-SC,UOP03-DEL01-SC,2022
"489325,0",2022-11-28,segunda-feira,08:00:00,SC,101,"41,0",JOINVILLE,Desrespeitar a preferência no cruzamento,Colisão transversal,Com Vítimas Feridas,Pleno dia,Crescente,Chuva,Simples,Interseção de Vias,Sim,2,0,1,0,1,0,1,2,-26.2821548911,-48.8897308109,SPRF-SC,DEL03-SC,UOP01-DEL03-SC,2022
"489331,0",2022-11-28,segunda-feira,08:50:00,SC,101,"196,0",BIGUACU,Trafegar com motocicleta (ou similar) entre as faixas,Queda de ocupante de veículo,Com Vítimas Feridas,Pleno dia,Crescente,Chuva,Múltipla,Reta,Não,2,0,1,0,1,0,1,2,-27.51101091,-48.64322292,SPRF-SC,DEL01-SC,UOP01-DEL01-SC,2022
"489337,0",2022-11-21,segunda-feira,04:45:00,SC,101,"463,5",PASSO DE TORRES,Animais na Pista,Atropelamento de Animal,Sem Vítimas,Plena Noite,Crescente,Céu Claro,Dupla,Reta,Não,1,0,0,0,1,0,0,1,-29.28473398,-49.75620716,SPRF-RS,DEL03-RS,UOP02-DEL03-RS,2022
"489351,0",2022-11-28,segunda-feira,08:00:00,SC,470,"173,3",POUSO REDONDO,Desrespeitar a preferência no cruzamento,Colisão transversal,Com Vítimas Feridas,Pleno dia,Crescente,Nublado,Simples,Interseção de Vias,Não,3,0,2,0,1,0,2,2,-27.258179,-49.929146,SPRF-SC,DEL04-SC,UOP02-DEL04-SC,2022
"489354,0",2022-11-28,segunda-feira,10:10:00,SC,101,"191,0",BIGUACU,Velocidade Incompatível,Saída de leito carroçável,Com Vítimas Feridas,Pleno dia,Decrescente,Chuva,Dupla,Curva,Sim,3,0,2,0,1,0,2,1,-27.47730273,-48.64127329,SPRF-SC,DEL01-SC,UOP01-DEL01-SC,2022
"489360,0",2022-11-28,segunda-feira,10:25:00,SC,101,"194,5",BIGUACU,Manobra de mudança de faixa,Colisão lateral mesmo sentido,Com Vítimas Feridas,Pleno dia,Crescente,Chuva,Dupla,Reta,Não,2,0,1,0,1,0,1,2,-27.49815117,-48.65661236,SPRF-SC,DEL01-SC,UOP01-DEL01-SC,2022
"489363,0",2022-11-20,domingo,21:00:00,SC,470,"42,4",GASPAR,Ausência de reação do condutor,Saída de leito carroçável,Sem Vítimas,Plena Noite,Crescente,Nublado,Simples,Reta,Não,1,0,0,0,0,1,0,1,-26.875719,-49.003746,SPRF-SC,DEL04-SC,UOP01-DEL04-SC,2022
"489369,0",2022-11-20,domingo,17:00:00,SC,280,"276,0",IRINEOPOLIS,Problema na suspensão,Saída de leito carroçável,Sem Vítimas,Pleno dia,Crescente,Céu Claro,Simples,Reta,Não,1,0,0,0,1,0,0,1,-26.29126407,-50.79052397,SPRF-SC,DEL06-SC,UOP04-DEL06-SC,2022
"489386,0",2022-11-28,segunda-feira,12:30:00,SC,101,"203,1",SAO JOSE,Trafegar com motocicleta (ou similar) entre as faixas,Colisão traseira,Com Vítimas Feridas,Pleno dia,Decrescente,Chuva,Múltipla,Reta,Sim,4,0,3,0,1,0,3,3,-27.5650044,-48.61460082,SPRF-SC,DEL01-SC,UOP01-DEL01-SC,2022
"489396,0",2022-11-20,domingo,15:10:00,SC,280,"190,8",MAFRA,Acessar a via sem observar a presença dos outros veículos,Colisão transversal,Com Vítimas Feridas,Pleno dia,Crescente,Céu Claro,Simples,Reta,Não,5,0,1,0,4,0,1,2,-26.17943391,-49.97899632,SPRF-SC,DEL06-SC,UOP01-DEL06-SC,2022
"489416,0",2022-11-28,segunda-feira,14:20:00,SC,101,"142,2",BALNEARIO CAMBORIU,Velocidade Incompatível,Colisão com objeto,Com Vítimas Feridas,Pleno dia,Crescente,Garoa/Chuvisco,Dupla,Reta,Sim,1,0,1,0,0,0,1,1,-27.056089,-48.599449,SPRF-SC,DEL04-SC,UOP03-DEL04-SC,2022
"489430,0",2022-11-28,segunda-feira,15:15:00,SC,101,"226,5",PALHOCA,Chuva,Saída de leito carroçável,Com Vítimas Feridas,Pleno dia,Crescente,Chuva,Dupla,Reta,Sim,2,0,2,0,0,0,2,1,-27.74200001,-48.63806504,SPRF-SC,DEL01-SC,UOP02-DEL01-SC,2022
"489434,0",2022-11-28,segunda-feira,09:50:00,SC,282,"18,0",PALHOCA,Acessar a via sem observar a presença dos outros veículos,Colisão transversal,Com Vítimas Feridas,Pleno dia,Decrescente,Chuva,Simples,Interseção de Vias,Sim,2,0,1,0,1,0,1,2,-27.672798,-48.694286,SPRF-SC,DEL01-SC,UOP02-DEL01-SC,2022
"489444,0",2022-11-28,segunda-feira,13:40:00,SC,116,"304,3",CAPAO ALTO,Condutor Dormindo,Saída de leito carroçável,Com Vítimas Feridas,Pleno dia,Decrescente,Céu Claro,Simples,Aclive;Curva,Não,1,0,1,0,0,0,1,1,-28.19483455,-50.71672082,SPRF-SC,DEL05-SC,UOP02-DEL05-SC,2022
"489467,0",2022-11-28,segunda-feira,13:50:00,SC,282,"106,4",ALFREDO WAGNER,Pista Escorregadia,Saída de leito carroçável,Sem Vítimas,Pleno dia,Decrescente,Chuva,Simples,Curva,Não,1,0,0,0,1,0,0,1,-27.697609,-49.344734,SPRF-SC,DEL01-SC,UOP03-DEL01-SC,2022
"489495,0",2022-11-24,quinta-feira,12:30:00,SC,101,"202,4",SAO JOSE,Trafegar com motocicleta (ou similar) entre as faixas,Colisão traseira,Com Vítimas Feridas,Pleno dia,Crescente,Nublado,Múltipla,Reta,Sim,3,0,1,0,2,0,1,3,-27.55711595,-48.61897889,SPRF-SC,DEL01-SC,UOP01-DEL01-SC,2022
"489499,0",2022-11-28,segunda-feira,20:50:00,SC,101,"210,7",SAO JOSE,Acumulo de água sobre o pavimento,Tombamento,Com Vítimas Feridas,Plena Noite,Crescente,Chuva,Múltipla,Reta,Sim,2,0,1,0,0,1,1,2,-27.6167305,-48.6457265,SPRF-SC,DEL01-SC,UOP01-DEL01-SC,2022
"489509,0",2022-11-28,segunda-feira,20:40:00,SC,101,"235,3",PALHOCA,Demais Fenômenos da natureza,Incêndio,Sem Vítimas,Plena Noite,Crescente,Chuva,Simples,Curva,Não,1,0,0,0,1,0,0,1,-27.8177775,-48.6315025,SPRF-SC,DEL01-SC,UOP02-DEL01-SC,2022
"489522,0",2022-11-28,segunda-feira,20:35:00,SC,282,"346,1",CAMPOS NOVOS,Entrada inopinada do pedestre,Atropelamento de Pedestre,Com Vítimas Feridas,Plena Noite,Decrescente,Céu Claro,Simples,Reta,Sim,2,0,1,0,1,0,1,2,-27.368792,-51.254639,SPRF-SC,DEL07-SC,UOP06-DEL07-SC,2022
"489527,0",2022-11-28,segunda-feira,19:20:00,SC,101,"292,0",IMBITUBA,Acessar a via sem observar a presença dos outros veículos,Colisão lateral mesmo sentido,Com Vítimas Feridas,Anoitecer,Crescente,Garoa/Chuvisco,Dupla,Interseção de Vias,Sim,2,0,1,0,1,0,1,2,-28.278057,-48.700386,SPRF-SC,DEL02-SC,UOP03-DEL02-SC,2022
"489531,0",2022-11-28,segunda-feira,17:30:00,SC,282,"118,0",BOM RETIRO,Ausência de reação do condutor,Saída de leito carroçável,Com Vítimas Feridas,Pleno dia,Decrescente,Chuva,Simples,Curva,Não,3,0,3,0,0,0,3,1,-27.776798,-49.411194,SPRF-SC,DEL05-SC,UOP01-DEL05-SC,2022
"489541,0",2022-11-24,quinta-feira,15:20:00,SC,101,"207,0",SAO JOSE,Acessar a via sem observar a presença dos outros veículos,Colisão transversal,Com Vítimas Feridas,Pleno dia,Crescente,Nublado,Múltipla,Interseção de Vias,Sim,3,0,1,1,1,0,2,2,-27.59912951,-48.62205505,SPRF-SC,DEL01-SC,UOP01-DEL01-SC,2022
"489549,0",2022-11-29,terça-feira,04:50:00,SC,280,"58,6",GUARAMIRIM,Ausência de reação do condutor,Atropelamento de Pedestre,Com Vítimas Feridas,Amanhecer,Decrescente,Chuva,Dupla,Curva,Não,2,0,2,0,0,0,2,2,-26.47415593,-49.021211,SPRF-SC,DEL03-SC,UOP03-DEL03-SC,2022
"489570,0",2022-11-29,terça-feira,06:30:00,SC,101,"40,0",JOINVILLE,Velocidade Incompatível,Colisão com objeto,Com Vítimas Feridas,Pleno dia,Decrescente,Chuva,Múltipla,Curva,Não,1,0,1,0,0,0,1,1,-26.3158,-48.8734,SPRF-SC,DEL03-SC,UOP01-DEL03-SC,2022
"489573,0",2022-11-29,terça-feira,07:15:00,SC,101,"141,0",BALNEARIO CAMBORIU,Pista Escorregadia,Tombamento,Com Vítimas Feridas,Pleno dia,Crescente,Garoa/Chuvisco,Dupla,Declive,Sim,2,0,0,1,1,0,1,2,-27.04761729,-48.59995855,SPRF-SC,DEL04-SC,UOP03-DEL04-SC,2022
"489579,0",2022-11-29,terça-feira,07:10:00,SC,101,"141,0",BALNEARIO CAMBORIU,Estacionar ou parar em local proibido,Colisão lateral mesmo sentido,Com Vítimas Feridas,Pleno dia,Crescente,Garoa/Chuvisco,Múltipla,Declive,Sim,3,0,1,0,2,0,1,3,-27.04761729,-48.59995855,SPRF-SC,DEL04-SC,UOP03-DEL04-SC,2022
"489583,0",2022-11-29,terça-feira,07:55:00,SC,101,"149,0",ITAPEMA,Manobra de mudança de faixa,Colisão lateral mesmo sentido,Com Vítimas Feridas,Pleno dia,Crescente,Garoa/Chuvisco,Simples,Reta,Sim,2,0,0,1,1,0,1,2,-27.1089649,-48.61277586,SPRF-SC,DEL04-SC,UOP03-DEL04-SC,2022
"489604,0",2022-11-29,terça-feira,07:50:00,SC,163,"120,0",DIONISIO CERQUEIRA,Ausência de reação do condutor,Saída de leito carroçável,Com Vítimas Feridas,Pleno dia,Crescente,Céu Claro,Simples,Curva,Não,2,0,1,0,1,0,1,1,-26.32831897,-53.54511397,SPRF-SC,DEL07-SC,UOP03-DEL07-SC,2022
"489608,0",2022-11-13,domingo,18:40:00,SC,282,"501,3",XANXERE,Desrespeitar a preferência no cruzamento,Colisão transversal,Sem Vítimas,Anoitecer,Decrescente,Céu Claro,Dupla,Rotatória,Não,3,0,0,0,3,0,0,2,-26.881372,-52.37252,SPRF-SC,DEL07-SC,UOP01-DEL07-SC,2022
"489636,0",2022-11-29,terça-feira,09:30:00,SC,280,"3,8",SAO FRANCISCO DO SUL,Desrespeitar a preferência no cruzamento,Colisão transversal,Com Vítimas Feridas,Pleno dia,Decrescente,Garoa/Chuvisco,Simples,Interseção de Vias,Sim,2,0,1,0,1,0,1,2,-26.25192169,-48.6177206,SPRF-SC,DEL03-SC,UOP03-DEL03-SC,2022
"489665,0",2022-11-29,terça-feira,15:05:00,SC,101,"101,0",BALNEARIO PICARRAS,Ausência de reação do condutor,Saída de leito carroçável,Sem Vítimas,Pleno dia,Decrescente,Garoa/Chuvisco,Múltipla,Reta,Sim,1,0,0,0,0,1,0,1,-26.76404198,-48.68657667,SPRF-SC,DEL03-SC,UOP02-DEL03-SC,2022
"489684,0",2022-11-29,terça-feira,10:10:00,SC,282,"1,7",FLORIANOPOLIS,Condutor deixou de manter distância do veículo da frente,Colisão traseira,Com Vítimas Feridas,Pleno dia,Decrescente,Chuva,Múltipla,Reta,Sim,2,0,0,1,1,0,1,2,-27.602955,-48.580509,SPRF-SC,DEL01-SC,UOP01-DEL01-SC,2022
"489698,0",2022-11-24,quinta-feira,09:50:00,SC,116,"302,1",CAPAO ALTO,Ultrapassagem Indevida,Colisão lateral sentido oposto,Com Vítimas Feridas,Pleno dia,Crescente,Céu Claro,Simples,Reta,Não,2,0,1,0,1,0,1,2,-28.17863551,-50.70117474,SPRF-SC,DEL05-SC,UOP02-DEL05-SC,2022
"489700,0",2022-11-29,terça-feira,17:30:00,SC,101,"218,0",PALHOCA,Condutor deixou de manter distância do veículo da frente,Colisão traseira,Com Vítimas Feridas,Pleno dia,Crescente,Chuva,Simples,Reta,Não,2,0,1,0,1,0,1,2,-27.6758601,-48.67052525,SPRF-SC,DEL01-SC,UOP02-DEL01-SC,2022
"489710,0",2022-11-29,terça-feira,17:55:00,SC,101,"206,0",SAO JOSE,Acumulo de água sobre o pavimento,Tombamento,Com Vítimas Feridas,Anoitecer,Crescente,Chuva,Múltipla,Interseção de Vias,Sim,1,0,1,0,0,0,1,1,-27.59193546,-48.61824557,SPRF-SC,DEL01-SC,UOP01-DEL01-SC,2022
"489715,0",2022-11-29,terça-feira,18:50:00,SC,101,"191,0",BIGUACU,Velocidade Incompatível,Saída de leito carroçável,Sem Vítimas,Anoitecer,Crescente,Chuva,Dupla,Curva,Não,1,0,0,0,1,0,0,1,-27.47730273,-48.64127329,SPRF-SC,DEL01-SC,UOP01-DEL01-SC,2022
"489741,0",2022-11-29,terça-feira,07:00:00,SC,101,"108,0",PENHA,Ausência de reação do condutor,Capotamento,Sem Vítimas,Pleno dia,Crescente,Chuva,Dupla,Reta,Não,1,0,0,0,1,0,0,1,-26.82606902,-48.69052298,SPRF-SC,DEL03-SC,UOP02-DEL03-SC,2022
"489774,0",2022-11-30,quarta-feira,01:30:00,SC,101,"271,7",IMBITUBA,Objeto estático sobre o leito carroçável,Colisão traseira,Com Vítimas Feridas,Plena Noite,Crescente,Garoa/Chuvisco,Dupla,Ponte;Em Obras,Não,6,0,1,0,5,0,1,2,-28.12382408,-48.69625015,SPRF-SC,DEL02-SC,UOP03-DEL02-SC,2022
"489785,0",2022-11-30,quarta-feira,06:20:00,SC,101,"138,0",ITAPEMA,Ausência de reação do condutor,Saída de leito carroçável,Com Vítimas Feridas,Amanhecer,Decrescente,Chuva,Dupla,Curva,Não,1,0,1,0,0,0,1,1,-27.02397426,-48.60761649,SPRF-SC,DEL04-SC,UOP03-DEL04-SC,2022
"489791,0",2022-11-04,sexta-feira,16:30:00,SC,101,"119,5",ITAJAI,Manobra de mudança de faixa,Colisão lateral mesmo sentido,Com Vítimas Feridas,Pleno dia,Crescente,Nublado,Dupla,Ponte,Sim,2,0,1,0,1,0,1,2,-26.90840926,-48.71385325,SPRF-SC,DEL04-SC,UOP04-DEL04-SC,2022
"489803,0",2022-11-30,quarta-feira,07:08:00,SC,470,"60,0",BLUMENAU,Condutor Dormindo,Colisão traseira,Com Vítimas Feridas,Pleno dia,Decrescente,Chuva,Dupla,Reta,Sim,2,0,1,0,1,0,1,2,-26.88138,-49.164543,SPRF-SC,DEL04-SC,UOP01-DEL04-SC,2022
"489809,0",2022-11-06,domingo,14:50:00,SC,282,"656,9",SAO MIGUEL DO OESTE,Velocidade Incompatível,Colisão frontal,Com Vítimas Fatais,Pleno dia,Decrescente,Céu Claro,Simples,Curva,Não,7,1,3,1,1,1,4,3,-26.686925,-53.5492608,SPRF-SC,DEL07-SC,UOP03-DEL07-SC,2022
"489811,0",2022-11-21,segunda-feira,02:30:00,SC,470,"60,2",BLUMENAU,Ingestão de álcool pelo condutor,Saída de leito carroçável,Sem Vítimas,Plena Noite,Decrescente,Nublado,Simples,Reta,Não,2,0,0,0,2,0,0,1,-26.88138,-49.164543,SPRF-SC,DEL04-SC,UOP01-DEL04-SC,2022
"489835,0",2022-11-30,quarta-feira,12:00:00,SC,101,"157,0",PORTO BELO,Reação tardia ou ineficiente do condutor,Colisão lateral mesmo sentido,Sem Vítimas,Pleno dia,Decrescente,Chuva,Múltipla,Reta,Não,2,0,0,0,2,0,0,2,-27.181625,-48.6121179,SPRF-SC,DEL04-SC,UOP03-DEL04-SC,2022
"489841,0",2022-11-30,quarta-feira,12:30:00,SC,280,"56,6",GUARAMIRIM,Velocidade Incompatível,Colisão lateral mesmo sentido,Com Vítimas Feridas,Pleno dia,Crescente,Chuva,Simples,Reta,Sim,3,0,1,0,1,1,1,3,-26.47947677,-49.00298702,SPRF-SC,DEL03-SC,UOP03-DEL03-SC,2022
"489852,0",2022-11-23,quarta-feira,01:50:00,SC,282,"239,3",SAO JOSE DO CERRITO,Pista Escorregadia,Saída de leito carroçável,Sem Vítimas,Plena Noite,Decrescente,Chuva,Simples,Curva,Não,1,0,0,0,0,1,0,1,-27.771513,-50.496738,SPRF-SC,DEL05-SC,UOP02-DEL05-SC,2022
"489856,0",2022-11-30,quarta-feira,13:30:00,SC,282,"5,5",SAO JOSE,Ausência de reação do condutor,Colisão traseira,Sem Vítimas,Pleno dia,Crescente,Chuva,Múltipla,Reta,Sim,2,0,0,0,2,0,0,2,-27.588425,-48.612919,SPRF-SC,DEL01-SC,UOP01-DEL01-SC,2022
"489864,0",2022-11-19,sábado,21:40:00,SC,470,"170,0",POUSO REDONDO,Ingestão de álcool pelo condutor,Capotamento,Com Vítimas Feridas,Plena Noite,Decrescente,Céu Claro,Simples,Curva,Não,3,0,1,2,0,0,3,1,-27.265903,-49.892441,SPRF-SC,DEL04-SC,UOP02-DEL04-SC,2022
"489868,0",2022-11-30,quarta-feira,14:55:00,SC,101,"120,0",ITAJAI,Reação tardia ou ineficiente do condutor,Colisão lateral mesmo sentido,Com Vítimas Feridas,Pleno dia,Decrescente,Nublado,Dupla,Reta,Sim,2,0,1,0,1,0,1,2,-26.912758,-48.711998,SPRF-SC,DEL04-SC,UOP04-DEL04-SC,2022
"489878,0",2022-11-30,quarta-feira,15:50:00,SC,101,"298,8",LAGUNA,Chuva,Colisão com objeto,Com Vítimas Feridas,Pleno dia,Crescente,Chuva,Múltipla,Reta,Não,2,0,1,0,1,0,1,1,-28.350596,-48.739319,SPRF-SC,DEL02-SC,UOP03-DEL02-SC,2022
"489887,0",2022-11-30,quarta-feira,11:40:00,SC,101,"400,2",MARACAJA,Desrespeitar a preferência no cruzamento,Colisão transversal,Com Vítimas Feridas,Pleno dia,Decrescente,Chuva,Simples,Reta,Sim,2,0,0,1,1,0,1,2,-28.84846615,-49.4346268,SPRF-SC,DEL02-SC,UOP02-DEL02-SC,2022
"489890,0",2022-11-30,quarta-feira,13:10:00,SC,282,"230,7",LAGES,Reação tardia ou ineficiente do condutor,Colisão frontal,Com Vítimas Fatais,Pleno dia,Decrescente,Chuva,Simples,Curva,Não,2,1,0,1,0,0,1,2,-27.7893084,-50.4232253,SPRF-SC,DEL05-SC,UOP02-DEL05-SC,2022
"489894,0",2022-11-30,quarta-feira,18:00:00,SC,101,"43,0",JOINVILLE,Transitar na contramão,Colisão frontal,Com Vítimas Feridas,Pleno dia,Crescente,Chuva,Simples,Reta,Sim,2,0,1,0,1,0,1,2,-26.30357106,-48.88225609,SPRF-SC,DEL03-SC,UOP01-DEL03-SC,2022
"489900,0",2022-11-30,quarta-feira,11:35:00,SC,280,"37,0",ARAQUARI,Pedestre andava na pista,Atropelamento de Pedestre,Com Vítimas Feridas,Pleno dia,Decrescente,Chuva,Simples,Curva,Sim,3,0,1,0,1,1,1,2,-26.44572892,-48.81862707,SPRF-SC,DEL03-SC,UOP03-DEL03-SC,2022
"489906,0",2022-11-30,quarta-feira,17:40:00,SC,282,"374,9",ERVAL VELHO,Chuva,Saída de leito carroçável,Com Vítimas Feridas,Pleno dia,Decrescente,Chuva,Simples,Curva;Declive,Não,2,0,1,0,1,0,1,1,-27.236115,-51.452618,SPRF-SC,DEL07-SC,UOP05-DEL07-SC,2022
"489920,0",2022-11-30,quarta-feira,19:50:00,SC,470,"139,0",RIO DO SUL,Ausência de reação do condutor,Colisão lateral mesmo sentido,Com Vítimas Feridas,Plena Noite,Crescente,Garoa/Chuvisco,Dupla,Interseção de Vias,Sim,2,0,2,0,0,0,2,2,-27.217564,-49.65461,SPRF-SC,DEL04-SC,UOP02-DEL04-SC,2022
"489921,0",2022-11-30,quarta-feira,18:30:00,SC,101,"335,7",TUBARAO,Velocidade Incompatível,Colisão com objeto,Com Vítimas Feridas,Anoitecer,Crescente,Chuva,Dupla,Curva,Sim,1,0,1,0,0,0,1,1,-28.47874198,-49.03338253,SPRF-SC,DEL02-SC,UOP01-DEL02-SC,2022
"489926,0",2022-11-30,quarta-feira,18:10:00,SC,470,"94,0",APIUNA,Pedestre cruzava a pista fora da faixa,Atropelamento de Pedestre,Com Vítimas Feridas,Pleno dia,Crescente,Chuva,Simples,Reta,Não,2,0,0,2,0,0,2,2,-27.003345,-49.374668,SPRF-SC,DEL04-SC,UOP01-DEL04-SC,2022
"489943,0",2022-11-30,quarta-feira,15:15:00,SC,280,"138,0",RIO NEGRINHO,Ausência de reação do condutor,Saída de leito carroçável,Sem Vítimas,Pleno dia,Crescente,Sol,Simples,Reta,Não,1,0,0,0,1,0,0,1,-26.25389776,-49.61235391,SPRF-SC,DEL06-SC,UOP03-DEL06-SC,2022
"489956,0",2022-11-30,quarta-feira,23:05:00,SC,101,"51,8",JOINVILLE,Entrada inopinada do pedestre,Atropelamento de Pedestre,Com Vítimas Fatais,Plena Noite,Decrescente,Chuva,Dupla,Curva,Não,2,1,0,0,1,0,0,2,-26.38506771,-48.84917582,SPRF-SC,DEL03-SC,UOP01-DEL03-SC,2022
"489958,0",2022-11-30,quarta-feira,23:10:00,SC,101,"41,1",JOINVILLE,Chuva,Queda de ocupante de veículo,Com Vítimas Feridas,Plena Noite,Crescente,Chuva,Simples,Curva,Sim,1,0,1,0,0,0,1,1,-26.28215489,-48.88973081,SPRF-SC,DEL03-SC,UOP01-DEL03-SC,2022
"489965,0",2022-12-01,quinta-feira,01:30:00,SC,282,"267,2",SAO JOSE DO CERRITO,Reação tardia ou ineficiente do condutor,Saída de leito carroçável,Com Vítimas Feridas,Plena Noite,Crescente,Nublado,Simples,Aclive;Curva,Não,1,0,1,0,0,0,1,1,-27.624544,-50.651848,SPRF-SC,DEL05-SC,UOP02-DEL05-SC,2022
"489966,0",2022-11-30,quarta-feira,21:30:00,SC,101,"129,0",BALNEARIO CAMBORIU,Velocidade Incompatível,Saída de leito carroçável,Com Vítimas Feridas,Plena Noite,Decrescente,Chuva,Dupla,Reta,Não,1,0,1,0,0,0,1,1,-26.98064277,-48.6790679,SPRF-SC,DEL04-SC,UOP03-DEL04-SC,2022
"489988,0",2022-12-01,quinta-feira,08:07:00,SC,101,"134,2",BALNEARIO CAMBORIU,Reação tardia ou ineficiente do condutor,Colisão transversal,Com Vítimas Feridas,Pleno dia,Crescente,Garoa/Chuvisco,Múltipla,Declive;Reta,Sim,3,0,1,0,1,1,1,3,-27.00218,-48.636433,SPRF-SC,DEL04-SC,UOP03-DEL04-SC,2022
"490015,0",2022-04-24,domingo,08:00:00,SC,280,"97,0",CORUPA,Velocidade Incompatível,Saída de leito carroçável,Com Vítimas Feridas,Pleno dia,Decrescente,Céu Claro,Simples,Curva,Não,1,0,1,0,0,0,1,1,-26.37833107,-49.31732124,SPRF-SC,DEL06-SC,UOP03-DEL06-SC,2022
"490032,0",2022-12-01,quinta-feira,12:45:00,SC,280,"43,8",GUARAMIRIM,Velocidade Incompatível,Queda de ocupante de veículo,Com Vítimas Feridas,Pleno dia,Decrescente,Céu Claro,Simples,Reta,Não,2,0,1,0,1,0,1,1,-26.45118786,-48.87789901,SPRF-SC,DEL03-SC,UOP03-DEL03-SC,2022
"490033,0",2022-12-01,quinta-feira,10:00:00,SC,282,"208,0",LAGES,Frear bruscamente,Colisão com objeto,Com Vítimas Feridas,Pleno dia,Crescente,Nublado,Simples,Reta;Aclive,Não,1,0,1,0,0,0,1,1,-27.775284,-50.211971,SPRF-SC,DEL05-SC,UOP01-DEL05-SC,2022
"490037,0",2022-12-01,quinta-feira,12:00:00,SC,116,"94,7",MONTE CASTELO,Demais falhas mecânicas ou elétricas,Tombamento,Com Vítimas Feridas,Pleno dia,Crescente,Céu Claro,Simples,Reta,Não,2,0,2,0,0,0,2,1,-26.66468581,-50.28024525,SPRF-SC,DEL06-SC,UOP02-DEL06-SC,2022
"490057,0",2022-12-01,quinta-feira,15:10:00,SC,101,"138,2",BALNEARIO CAMBORIU,Ingestão de álcool pelo condutor,Colisão com objeto,Com Vítimas Feridas,Pleno dia,Crescente,Nublado,Múltipla,Curva,Não,1,0,1,0,0,0,1,1,-27.02870035,-48.60437393,SPRF-SC,DEL04-SC,UOP03-DEL04-SC,2022
"490076,0",2022-11-05,sábado,21:55:00,SC,470,"52,0",BLUMENAU,Ultrapassagem Indevida,Colisão lateral mesmo sentido,Sem Vítimas,Plena Noite,Crescente,Céu Claro,Simples,Curva,Não,2,0,0,0,2,0,0,2,-26.862286,-49.093903,SPRF-SC,DEL04-SC,UOP01-DEL04-SC,2022
"490082,0",2022-12-01,quinta-feira,16:45:00,SC,101,"196,0",BIGUACU,Ingestão de álcool pelo condutor,Capotamento,Com Vítimas Feridas,Pleno dia,Decrescente,Nublado,Dupla,Reta,Sim,3,0,3,0,0,0,3,1,-27.51101091,-48.64322292,SPRF-SC,DEL01-SC,UOP01-DEL01-SC,2022
"490084,0",2022-12-01,quinta-feira,18:30:00,SC,280,"128,8",RIO NEGRINHO,Acessar a via sem observar a presença dos outros veículos,Colisão transversal,Com Vítimas Feridas,Anoitecer,Decrescente,Nublado,Simples,Reta;Declive,Não,2,0,0,1,1,0,1,2,-26.24317941,-49.51320018,SPRF-SC,DEL06-SC,UOP03-DEL06-SC,2022
"490134,0",2022-12-01,quinta-feira,23:30:00,SC,280,"58,5",GUARAMIRIM,Ausência de reação do condutor,Colisão com objeto,Sem Vítimas,Plena Noite,Decrescente,Garoa/Chuvisco,Dupla,Reta,Não,1,0,0,0,0,1,0,1,-26.47415593,-49.021211,SPRF-SC,DEL03-SC,UOP03-DEL03-SC,2022
"490135,0",2022-12-01,quinta-feira,23:45:00,SC,280,"53,2",GUARAMIRIM,Acesso irregular,Colisão transversal,Com Vítimas Feridas,Plena Noite,Crescente,Nublado,Dupla,Reta,Sim,2,0,2,0,0,0,2,2,-26.47236756,-48.97426617,SPRF-SC,DEL03-SC,UOP03-DEL03-SC,2022
"490144,0",2022-12-02,sexta-feira,00:15:00,SC,470,"150,0",AGRONOMICA,Ingestão de álcool pelo condutor,Saída de leito carroçável,Sem Vítimas,Plena Noite,Crescente,Nublado,Simples,Rotatória,Não,1,0,0,0,0,1,0,1,-27.257143,-49.7129,SPRF-SC,DEL04-SC,UOP02-DEL04-SC,2022
"490148,0",2022-12-02,sexta-feira,01:00:00,SC,101,"203,3",SAO JOSE,Ingestão de álcool pelo condutor,Colisão com objeto,Com Vítimas Feridas,Plena Noite,Crescente,Nublado,Múltipla,Reta,Sim,1,0,1,0,0,0,1,1,-27.5650044,-48.61460082,SPRF-SC,DEL01-SC,UOP01-DEL01-SC,2022
"490205,0",2022-12-02,sexta-feira,09:15:00,SC,282,"3,0",FLORIANOPOLIS,Trafegar com motocicleta (ou similar) entre as faixas,Colisão lateral mesmo sentido,Com Vítimas Feridas,Pleno dia,Decrescente,Sol,Múltipla,Reta,Sim,2,0,1,0,1,0,1,2,-27.600384,-48.599705,SPRF-SC,DEL01-SC,UOP01-DEL01-SC,2022
"490229,0",2022-12-02,sexta-feira,07:45:00,SC,101,"115,3",ITAJAI,Velocidade Incompatível,Colisão traseira,Com Vítimas Feridas,Pleno dia,Crescente,Nublado,Dupla,Reta,Não,3,0,1,0,1,1,1,3,-26.87297285,-48.72887671,SPRF-SC,DEL04-SC,UOP04-DEL04-SC,2022