id,data_inversa,dia_semana,horario,uf,br,km,municipio,causa_acidente,tipo_acidente,classificacao_acidente,fase_dia,sentido_via,condicao_metereologica,tipo_pista,tracado_via,uso_solo,pessoas,mortos,feridos_leves,feridos_graves,ilesos,ignorados,feridos,veiculos,latitude,longitude,regional,delegacia,uop,ano_arquivo
"493271,0",2022-12-16,sexta-feira,23:30:00,SC,101,"203,4",SAO JOSE,Ingestão de álcool pelo condutor,Colisão lateral mesmo sentido,Sem Vítimas,Plena Noite,Decrescente,Céu Claro,Dupla,Reta,Sim,3,0,0,0,3,0,0,3,-27.5650044,-48.61460082,SPRF-SC,DEL01-SC,UOP01-DEL01-SC,2022
"493278,0",2022-12-17,sábado,00:45:00,SC,101,"335,9",TUBARAO,Ingestão de álcool pelo condutor,Colisão com objeto,Com Vítimas Feridas,Plena Noite,Crescente,Garoa/Chuvisco,Dupla,Ponte;Curva,Sim,1,0,1,0,0,0,1,1,-28.46927473,-49.01557908,SPRF-SC,DEL02-SC,UOP01-DEL02-SC,2022
"493285,0",2022-12-17,sábado,00:20:00,SC,163,"113,1",GUARUJA DO SUL,Ausência de reação do condutor,Colisão frontal,Sem Vítimas,Plena Noite,Decrescente,Céu Claro,Simples,Reta,Não,3,0,0,0,2,1,0,2,-26.38298412,-53.5226101,SPRF-SC,DEL07-SC,UOP03-DEL07-SC,2022
"493286,0",2022-12-17,sábado,03:12:00,SC,101,"134,0",BALNEARIO CAMBORIU,Entrada inopinada do pedestre,Atropelamento de Pedestre,Com Vítimas Feridas,Plena Noite,Crescente,Céu Claro,Simples,Reta,Sim,2,0,1,1,0,0,2,2,-27.00108493,-48.64104509,SPRF-SC,DEL04-SC,UOP03-DEL04-SC,2022
"493291,0",2022-12-17,sábado,03:37:00,SC,101,"165,0",TIJUCAS,Ingestão de álcool pelo condutor,Colisão com objeto,Com Vítimas Feridas,Plena Noite,Crescente,Céu Claro,Dupla,Reta,Não,1,0,0,1,0,0,1,1,-27.252663,-48.63154894,SPRF-SC,DEL04-SC,UOP03-DEL04-SC,2022
"493292,0",2022-12-17,sábado,02:45:00,SC,101,"312,4",LAGUNA,Ingestão de álcool pelo condutor,Colisão com objeto,Com Vítimas Feridas,Plena Noite,Crescente,Garoa/Chuvisco,Dupla,Reta;Ponte,Sim,2,0,2,0,0,0,2,1,-28.433701,-48.806344,SPRF-SC,DEL02-SC,UOP01-DEL02-SC,2022
"493293,0",2022-12-17,sábado,02:45:00,SC,101,"313,8",LAGUNA,Condutor deixou de manter distância do veículo da frente,Colisão traseira,Sem Vítimas,Plena Noite,Decrescente,Chuva,Dupla,Declive,Sim,6,0,0,0,6,0,0,2,-28.4404376,-48.81403409,SPRF-SC,DEL02-SC,UOP01-DEL02-SC,2022
"493297,0",2022-12-17,sábado,04:10:00,SC,101,"134,0",BALNEARIO CAMBORIU,Ausência de reação do condutor,Tombamento,Com Vítimas Feridas,Plena Noite,Crescente,Céu Claro,Simples,Reta,Sim,1,0,0,1,0,0,1,1,-27.00218,-48.636433,SPRF-SC,DEL04-SC,UOP03-DEL04-SC,2022
"493307,0",2022-12-17,sábado,03:00:00,SC,470,"69,8",INDAIAL,Ausência de reação do condutor,Colisão com objeto,Sem Vítimas,Plena Noite,Decrescente,Nublado,Simples,Reta;Aclive;Em Obras,Sim,2,0,0,0,2,0,0,2,-26.883745,-49.246704,SPRF-SC,DEL04-SC,UOP01-DEL04-SC,2022
"493316,0",2022-12-17,sábado,07:14:00,SC,101,"133,0",BALNEARIO CAMBORIU,Ingestão de álcool pelo condutor,Colisão transversal,Com Vítimas Feridas,Amanhecer,Crescente,Nublado,Simples,Reta,Não,2,0,1,0,1,0,1,2,-26.99947118,-48.64665627,SPRF-SC,DEL04-SC,UOP03-DEL04-SC,2022
"493344,0",2022-12-17,sábado,05:11:00,SC,101,"450,0",SAO JOAO DO SUL,Condutor Dormindo,Saída de leito carroçável,Sem Vítimas,Amanhecer,Decrescente,Céu Claro,Múltipla,Reta,Sim,1,0,0,0,0,1,0,1,-29.17229091,-49.74904711,SPRF-SC,DEL02-SC,UOP02-DEL02-SC,2022
"493346,0",2022-12-17,sábado,07:30:00,SC,116,"18,9",MAFRA,Ausência de reação do condutor,Saída de leito carroçável,Com Vítimas Feridas,Pleno dia,Crescente,Céu Claro,Simples,Reta,Não,1,0,1,0,0,0,1,1,-26.22737276,-49.8947525,SPRF-SC,DEL06-SC,UOP01-DEL06-SC,2022
"493349,0",2022-10-23,domingo,22:00:00,SC,282,"16,5",PALHOCA,Ingestão de álcool pelo condutor,Atropelamento de Pedestre,Com Vítimas Feridas,Plena Noite,Crescente,Céu Claro,Simples,Reta,Não,3,0,1,1,1,0,2,2,-27.658611,-48.681847,SPRF-SC,DEL01-SC,UOP02-DEL01-SC,2022
"493355,0",2022-12-17,sábado,09:35:00,SC,470,"14,0",ILHOTA,Mal súbito do condutor,Capotamento,Com Vítimas Feridas,Pleno dia,Crescente,Céu Claro,Dupla,Reta,Não,1,0,0,1,0,0,1,1,-26.837988,-48.775795,SPRF-SC,DEL04-SC,UOP04-DEL04-SC,2022
"493374,0",2022-12-17,sábado,11:30:00,SC,282,"641,4",SAO MIGUEL DO OESTE,Manobra de mudança de faixa,Colisão lateral mesmo sentido,Com Vítimas Feridas,Pleno dia,Crescente,Céu Claro,Simples,Curva,Não,2,0,1,0,1,0,1,2,-26.779949,-53.460857,SPRF-SC,DEL07-SC,UOP03-DEL07-SC,2022
"493378,0",2022-12-17,sábado,12:30:00,SC,101,"201,5",SAO JOSE,Manobra de mudança de faixa,Colisão traseira,Com Vítimas Feridas,Pleno dia,Decrescente,Nublado,Múltipla,Reta,Sim,4,0,1,0,3,0,1,3,-27.54836599,-48.61977975,SPRF-SC,DEL01-SC,UOP01-DEL01-SC,2022
"493385,0",2022-12-17,sábado,10:00:00,SC,280,"116,0",SAO BENTO DO SUL,Curva acentuada,Colisão com objeto,Com Vítimas Feridas,Pleno dia,Crescente,Nublado,Simples,Curva,Não,3,0,2,0,1,0,2,1,-26.2808956,-49.4169527,SPRF-SC,DEL06-SC,UOP03-DEL06-SC,2022
"493405,0",2022-12-17,sábado,14:45:00,SC,101,"39,3",JOINVILLE,Ausência de reação do condutor,Tombamento,Com Vítimas Feridas,Pleno dia,Decrescente,Nublado,Simples,Reta,Não,1,0,1,0,0,0,1,1,-26.2628107,-48.90192257,SPRF-SC,DEL03-SC,UOP01-DEL03-SC,2022
"493418,0",2022-12-17,sábado,15:50:00,SC,101,"210,0",PALHOCA,Reação tardia ou ineficiente do condutor,Queda de ocupante de veículo,Com Vítimas Feridas,Pleno dia,Decrescente,Céu Claro,Dupla,Reta,Sim,1,0,1,0,0,0,1,1,-27.6167305,-48.6457265,SPRF-SC,DEL01-SC,UOP01-DEL01-SC,2022
"493426,0",2022-12-17,sábado,16:30:00,SC,101,"102,9",BALNEARIO PICARRAS,Ingestão de álcool pelo condutor,Tombamento,Com Vítimas Feridas,Pleno dia,Crescente,Céu Claro,Dupla,Reta,Não,1,0,1,0,0,0,1,1,-26.7832381,-48.68314632,SPRF-SC,DEL03-SC,UOP02-DEL03-SC,2022
"493433,0",2022-12-17,sábado,13:50:00,SC,282,"438,5",IRANI,Ausência de reação do condutor,Atropelamento de Pedestre,Com Vítimas Feridas,Pleno dia,Crescente,Céu Claro,Simples,Reta,Não,2,0,1,0,1,0,1,2,-26.95389,-51.855713,SPRF-SC,DEL07-SC,UOP04-DEL07-SC,2022
"493448,0",2022-12-17,sábado,16:20:00,SC,101,"268,1",IMBITUBA,Ingestão de álcool pelo condutor,Saída de leito carroçável,Com Vítimas Feridas,Pleno dia,Crescente,Nublado,Dupla,Reta,Não,1,0,0,1,0,0,1,1,-28.090868,-48.710258,SPRF-SC,DEL02-SC,UOP03-DEL02-SC,2022
"493463,0",2022-12-17,sábado,18:30:00,SC,470,"7,0",NAVEGANTES,Ultrapassagem Indevida,Colisão lateral mesmo sentido,Com Vítimas Feridas,Anoitecer,Crescente,Nublado,Simples,Declive,Sim,4,0,1,1,2,0,2,4,-26.83688,-48.718853,SPRF-SC,DEL04-SC,UOP04-DEL04-SC,2022
"493464,0",2022-12-17,sábado,18:30:00,SC,470,"128,0",LONTRAS,Pedestre cruzava a pista fora da faixa,Atropelamento de Pedestre,Com Vítimas Feridas,Anoitecer,Decrescente,Céu Claro,Simples,Declive,Não,2,0,1,0,1,0,1,2,-27.143742,-49.548897,SPRF-SC,DEL04-SC,UOP02-DEL04-SC,2022
"493476,0",2022-12-17,sábado,19:30:00,SC,101,"136,0",BALNEARIO CAMBORIU,Ausência de reação do condutor,Tombamento,Com Vítimas Feridas,Plena Noite,Crescente,Céu Claro,Dupla,Em Obras;Interseção de Vias,Não,1,0,1,0,0,0,1,1,-27.008113,-48.617245,SPRF-SC,DEL04-SC,UOP03-DEL04-SC,2022
"493479,0",2022-12-17,sábado,19:25:00,SC,101,"206,9",SAO JOSE,Reação tardia ou ineficiente do condutor,Colisão traseira,Com Vítimas Feridas,Plena Noite,Crescente,Nublado,Múltipla,Reta,Sim,2,0,1,0,1,0,1,2,-27.59193546,-48.61824557,SPRF-SC,DEL01-SC,UOP01-DEL01-SC,2022
"493495,0",2022-12-17,sábado,21:15:00,SC,470,"87,3",ASCURRA,Transitar na contramão,Colisão frontal,Sem Vítimas,Plena Noite,Crescente,Céu Claro,Simples,Reta,Não,2,0,0,0,2,0,0,2,-26.955355,-49.373169,SPRF-SC,DEL04-SC,UOP01-DEL04-SC,2022
"493519,0",2022-12-17,sábado,22:00:00,SC,280,"23,8",ARAQUARI,Ingestão de álcool pelo condutor,Colisão transversal,Com Vítimas Feridas,Plena Noite,Crescente,Céu Claro,Simples,Reta,Sim,2,0,2,0,0,0,2,2,-26.37146,-48.711887,SPRF-SC,DEL03-SC,UOP03-DEL03-SC,2022
"493527,0",2022-12-17,sábado,23:45:00,SC,101,"202,5",SAO JOSE,Ingestão de álcool pelo condutor,Colisão traseira,Sem Vítimas,Plena Noite,Crescente,Nublado,Múltipla,Reta,Sim,2,0,0,0,2,0,0,2,-27.55711595,-48.61897889,SPRF-SC,DEL01-SC,UOP01-DEL01-SC,2022
"493528,0",2022-12-17,sábado,23:24:00,SC,470,"55,1",BLUMENAU,Ingestão de álcool pelo condutor,Capotamento,Com Vítimas Feridas,Plena Noite,Decrescente,Nublado,Simples,Reta,Sim,1,0,1,0,0,0,1,1,-26.875601,-49.117992,SPRF-SC,DEL04-SC,UOP01-DEL04-SC,2022
"493539,0",2022-12-18,domingo,02:10:00,SC,101,"214,3",PALHOCA,Ingestão de álcool pelo condutor,Colisão transversal,Com Vítimas Feridas,Plena Noite,Crescente,Céu Claro,Múltipla,Viaduto,Sim,3,0,0,1,1,1,1,2,-27.64443,-48.67057,SPRF-SC,DEL01-SC,UOP02-DEL01-SC,2022
"493550,0",2022-12-18,domingo,03:50:00,SC,101,"89,0",BARRA VELHA,Ausência de reação do condutor,Atropelamento de Pedestre,Com Vítimas Feridas,Plena Noite,Crescente,Garoa/Chuvisco,Dupla,Reta,Sim,3,0,1,0,2,0,1,2,-26.65175997,-48.68721921,SPRF-SC,DEL03-SC,UOP02-DEL03-SC,2022
"493565,0",2022-12-18,domingo,04:50:00,SC,101,"370,5",ICARA,Reação tardia ou ineficiente do condutor,Saída de leito carroçável,Com Vítimas Feridas,Amanhecer,Decrescente,Garoa/Chuvisco,Dupla,Reta,Não,2,0,2,0,0,0,2,1,-28.69956788,-49.19239904,SPRF-SC,DEL02-SC,UOP01-DEL02-SC,2022
"493571,0",2022-12-18,domingo,05:45:00,SC,480,"129,0",CHAPECO,Avarias e/ou desgaste excessivo no pneu,Colisão com objeto,Com Vítimas Feridas,Amanhecer,Decrescente,Nublado,Dupla,Reta,Não,1,0,1,0,0,0,1,1,-27.04586775,-52.63591607,SPRF-SC,DEL07-SC,UOP01-DEL07-SC,2022
"493576,0",2022-12-18,domingo,00:10:00,SC,280,"47,0",GUARAMIRIM,Manobra de mudança de faixa,Colisão com objeto,Com Vítimas Feridas,Plena Noite,Crescente,Céu Claro,Simples,Aclive,Não,1,0,1,0,0,0,1,1,-26.45353692,-48.917876,SPRF-SC,DEL03-SC,UOP03-DEL03-SC,2022
"493591,0",2022-12-18,domingo,06:30:00,SC,282,"222,8",LAGES,Velocidade Incompatível,Saída de leito carroçável,Sem Vítimas,Pleno dia,Decrescente,Ignorado,Simples,Aclive;Curva,Sim,1,0,0,0,0,1,0,1,-27.797739,-50.353409,SPRF-SC,DEL05-SC,UOP01-DEL05-SC,2022
"493605,0",2022-12-18,domingo,03:00:00,SC,470,"118,2",IBIRAMA,Animais na Pista,Saída de leito carroçável,Sem Vítimas,Plena Noite,Crescente,Nublado,Simples,Curva,Sim,1,0,0,0,1,0,0,1,-27.082176,-49.511818,SPRF-SC,DEL04-SC,UOP02-DEL04-SC,2022
"493622,0",2022-12-18,domingo,09:50:00,SC,282,"526,1",XAXIM,Velocidade Incompatível,Colisão lateral sentido oposto,Com Vítimas Feridas,Pleno dia,Crescente,Chuva,Simples,Curva,Não,6,0,1,0,5,0,1,3,-26.969427,-52.57497,SPRF-SC,DEL07-SC,UOP01-DEL07-SC,2022
"493625,0",2022-12-18,domingo,11:50:00,SC,470,"157,7",TROMBUDO CENTRAL,Velocidade Incompatível,Saída de leito carroçável,Com Vítimas Feridas,Pleno dia,Decrescente,Garoa/Chuvisco,Simples,Curva,Sim,1,0,1,0,0,0,1,1,-27.28728194,-49.77802277,SPRF-SC,DEL04-SC,UOP02-DEL04-SC,2022
"493627,0",2022-12-18,domingo,11:35:00,SC,101,"369,0",ICARA,Avarias e/ou desgaste excessivo no pneu,Colisão com objeto,Com Vítimas Feridas,Pleno dia,Crescente,Chuva,Dupla,Reta,Não,3,0,1,0,2,0,1,1,-28.69775604,-49.182934,SPRF-SC,DEL02-SC,UOP01-DEL02-SC,2022
"493647,0",2022-12-18,domingo,15:10:00,SC,282,"51,8",AGUAS MORNAS,Pista Escorregadia,Saída de leito carroçável,Com Vítimas Feridas,Pleno dia,Decrescente,Chuva,Simples,Curva,Não,2,0,2,0,0,0,2,1,-27.703712,-48.959267,SPRF-SC,DEL01-SC,UOP03-DEL01-SC,2022
"493654,0",2022-12-18,domingo,15:20:00,SC,470,"122,6",IBIRAMA,Velocidade Incompatível,Saída de leito carroçável,Com Vítimas Feridas,Pleno dia,Crescente,Chuva,Simples,Curva,Não,2,0,2,0,0,0,2,1,-27.10620014,-49.52190399,SPRF-SC,DEL04-SC,UOP02-DEL04-SC,2022
"493656,0",2022-12-18,domingo,14:40:00,SC,470,"71,3",INDAIAL,Acesso irregular,Colisão lateral mesmo sentido,Com Vítimas Feridas,Pleno dia,Crescente,Garoa/Chuvisco,Simples,Reta;Declive,Sim,2,0,0,1,1,0,1,2,-26.895243,-49.262104,SPRF-SC,DEL04-SC,UOP01-DEL04-SC,2022
"493662,0",2022-12-18,domingo,16:20:00,SC,282,"180,0",BOCAINA DO SUL,Velocidade Incompatível,Saída de leito carroçável,Com Vítimas Feridas,Pleno dia,Crescente,Garoa/Chuvisco,Simples,Rotatória,Não,2,0,1,0,1,0,1,1,-27.73840919,-49.94826794,SPRF-SC,DEL05-SC,UOP01-DEL05-SC,2022
"493665,0",2022-12-18,domingo,15:10:00,SC,101,"206,8",SAO JOSE,Reação tardia ou ineficiente do condutor,Colisão traseira,Sem Vítimas,Pleno dia,Decrescente,Garoa/Chuvisco,Múltipla,Reta,Não,2,0,0,0,1,1,0,2,-27.59193546,-48.61824557,SPRF-SC,DEL01-SC,UOP01-DEL01-SC,2022
"493667,0",2022-12-18,domingo,15:50:00,SC,101,"189,9",BIGUACU,Acumulo de água sobre o pavimento,Colisão com objeto,Com Vítimas Feridas,Pleno dia,Crescente,Chuva,Dupla,Reta,Não,3,0,3,0,0,0,3,1,-27.459393,-48.638914,SPRF-SC,DEL01-SC,UOP01-DEL01-SC,2022
"493694,0",2022-12-18,domingo,14:15:00,SC,116,"149,4",SANTA CECILIA,Acumulo de água sobre o pavimento,Saída de leito carroçável,Com Vítimas Feridas,Pleno dia,Crescente,Chuva,Simples,Reta,Não,1,0,0,1,0,0,1,1,-27.02405304,-50.42005513,SPRF-SC,DEL06-SC,UOP02-DEL06-SC,2022
"493727,0",2022-12-18,domingo,16:20:00,SC,470,"155,3",TROMBUDO CENTRAL,Velocidade Incompatível,Colisão lateral sentido oposto,Sem Vítimas,Pleno dia,Decrescente,Garoa/Chuvisco,Simples,Curva,Não,2,0,0,0,2,0,0,2,-27.27644975,-49.74128723,SPRF-SC,DEL04-SC,UOP02-DEL04-SC,2022
"493732,0",2022-12-18,domingo,19:40:00,SC,470,"141,6",RIO DO SUL,Velocidade Incompatível,Colisão frontal,Com Vítimas Feridas,Plena Noite,Crescente,Chuva,Simples,Curva,Não,3,0,2,0,1,0,2,2,-27.226065,-49.666161,SPRF-SC,DEL04-SC,UOP02-DEL04-SC,2022
"493734,0",2022-12-18,domingo,22:00:00,SC,101,"298,0",LAGUNA,Transitar na contramão,Colisão traseira,Sem Vítimas,Plena Noite,Crescente,Chuva,Dupla,Reta,Não,3,0,0,0,3,0,0,2,-28.32102597,-48.72829906,SPRF-SC,DEL02-SC,UOP03-DEL02-SC,2022
"493743,0",2022-12-18,domingo,22:31:00,SC,101,"28,3",JOINVILLE,Ingestão de álcool pelo condutor,Saída de leito carroçável,Com Vítimas Feridas,Plena Noite,Crescente,Chuva,Dupla,Reta,Não,1,0,1,0,0,0,1,1,-26.20697505,-48.91482635,SPRF-SC,DEL03-SC,UOP01-DEL03-SC,2022
"493757,0",2022-12-19,segunda-feira,00:40:00,SC,101,"209,6",SAO JOSE,Demais falhas mecânicas ou elétricas,Colisão lateral mesmo sentido,Com Vítimas Feridas,Plena Noite,Decrescente,Chuva,Múltipla,Reta,Sim,3,0,3,0,0,0,3,2,-27.61000542,-48.63895057,SPRF-SC,DEL01-SC,UOP01-DEL01-SC,2022
"493761,0",2022-12-18,domingo,23:30:00,SC,280,"148,8",MAFRA,Ausência de reação do condutor,Saída de leito carroçável,Com Vítimas Feridas,Plena Noite,Crescente,Nublado,Simples,Reta,Não,1,0,1,0,0,0,1,1,-26.24634098,-49.67612686,SPRF-SC,DEL06-SC,UOP03-DEL06-SC,2022
"493782,0",2022-12-18,domingo,23:10:00,SC,101,"129,0",BALNEARIO CAMBORIU,Chuva,Capotamento,Sem Vítimas,Plena Noite,Decrescente,Chuva,Dupla,Reta,Não,3,0,0,0,3,0,0,1,-26.98064277,-48.6790679,SPRF-SC,DEL04-SC,UOP03-DEL04-SC,2022
"493809,0",2022-12-19,segunda-feira,09:00:00,SC,101,"333,7",TUBARAO,Desrespeitar a preferência no cruzamento,Colisão transversal,Com Vítimas Feridas,Pleno dia,Decrescente,Chuva,Simples,Interseção de Vias,Sim,2,0,1,0,1,0,1,2,-28.46976648,-49.01494503,SPRF-SC,DEL02-SC,UOP01-DEL02-SC,2022
"493900,0",2022-12-19,segunda-feira,17:26:00,SC,101,"14,0",GARUVA,Ausência de reação do condutor,Colisão transversal,Com Vítimas Feridas,Pleno dia,Decrescente,Chuva,Dupla,Reta,Não,2,0,1,0,1,0,1,2,-26.09803515,-48.86773972,SPRF-SC,DEL03-SC,UOP01-DEL03-SC,2022
"493923,0",2022-12-19,segunda-feira,19:40:00,SC,101,"206,0",SAO JOSE,Manobra de mudança de faixa,Queda de ocupante de veículo,Com Vítimas Feridas,Plena Noite,Crescente,Chuva,Dupla,Reta,Sim,2,0,1,0,1,0,1,2,-27.596322,-48.619876,SPRF-SC,DEL01-SC,UOP01-DEL01-SC,2022
"493971,0",2022-12-20,terça-feira,11:10:00,SC,280,"55,1",GUARAMIRIM,Velocidade Incompatível,Colisão traseira,Com Vítimas Feridas,Pleno dia,Crescente,Chuva,Múltipla,Viaduto,Sim,3,0,3,0,0,0,3,2,-26.47584353,-48.9937858,SPRF-SC,DEL03-SC,UOP03-DEL03-SC,2022
"493972,0",2022-12-20,terça-feira,02:00:00,SC,101,"353,0",JAGUARUNA,Ausência de reação do condutor,Saída de leito carroçável,Com Vítimas Feridas,Plena Noite,Crescente,Chuva,Dupla,Reta,Não,1,0,0,1,0,0,1,1,-28.62156,-49.07517,SPRF-SC,DEL02-SC,UOP01-DEL02-SC,2022
"493990,0",2022-12-15,quinta-feira,07:00:00,SC,101,"106,0",PENHA,Ausência de reação do condutor,Queda de ocupante de veículo,Com Vítimas Feridas,Pleno dia,Crescente,Céu Claro,Dupla,Reta,Não,1,0,1,0,0,0,1,1,-26.81031601,-48.68293896,SPRF-SC,DEL03-SC,UOP02-DEL03-SC,2022
"494025,0",2022-12-20,terça-feira,13:20:00,SC,280,"117,5",SAO BENTO DO SUL,Pista Escorregadia,Saída de leito carroçável,Com Vítimas Feridas,Pleno dia,Decrescente,Garoa/Chuvisco,Simples,Curva,Não,1,0,0,1,0,0,1,1,-26.26364099,-49.43738222,SPRF-SC,DEL06-SC,UOP03-DEL06-SC,2022
"494090,0",2022-12-20,terça-feira,17:50:00,SC,0,"0,0",OTACILIO COSTA,Manobra de mudança de faixa,Colisão lateral mesmo sentido,Sem Vítimas,Anoitecer,Não Informado,Garoa/Chuvisco,Simples,Rotatória;Interseção de Vias,Sim,5,0,0,0,5,0,0,2,-27.48188072,-50.1180625,SPRF-SC,DEL05-SC,UOP03-DEL05-SC,2022
"494094,0",2022-12-20,terça-feira,20:40:00,SC,101,"305,6",LAGUNA,Iluminação deficiente,Colisão traseira,Com Vítimas Fatais,Plena Noite,Decrescente,Nublado,Múltipla,Reta,Não,2,1,0,0,1,0,0,2,-28.399582,-48.785639,SPRF-SC,DEL02-SC,UOP03-DEL02-SC,2022
"494112,0",2022-12-20,terça-feira,22:50:00,SC,101,"454,0",SAO JOAO DO SUL,Demais falhas mecânicas ou elétricas,Colisão com objeto,Sem Vítimas,Plena Noite,Crescente,Nublado,Múltipla,Reta,Não,2,0,0,0,2,0,0,2,-29.20622105,-49.7542639,SPRF-SC,DEL02-SC,UOP02-DEL02-SC,2022
"494115,0",2022-12-20,terça-feira,18:45:00,SC,116,"53,8",PAPANDUVA,Reação tardia ou ineficiente do condutor,Saída de leito carroçável,Sem Vítimas,Anoitecer,Decrescente,Nublado,Simples,Rotatória,Sim,2,0,0,0,1,1,0,2,-26.3932492,-50.15515026,SPRF-SC,DEL06-SC,UOP02-DEL06-SC,2022
"494122,0",2022-12-20,terça-feira,23:50:00,SC,101,"88,0",BARRA VELHA,Transitar na contramão,Colisão com objeto,Com Vítimas Feridas,Plena Noite,Crescente,Garoa/Chuvisco,Dupla,Reta,Sim,1,0,1,0,0,0,1,1,-26.65291201,-48.68758142,SPRF-SC,DEL03-SC,UOP02-DEL03-SC,2022
"494130,0",2022-12-20,terça-feira,17:00:00,SC,101,"117,0",ITAJAI,Condutor deixou de manter distância do veículo da frente,Colisão traseira,Sem Vítimas,Pleno dia,Decrescente,Chuva,Dupla,Reta,Não,2,0,0,0,1,1,0,2,-26.88747187,-48.72252969,SPRF-SC,DEL04-SC,UOP04-DEL04-SC,2022
"494147,0",2022-12-20,terça-feira,11:45:00,SC,116,"5,6",MAFRA,Acessar a via sem observar a presença dos outros veículos,Colisão transversal,Com Vítimas Feridas,Pleno dia,Decrescente,Nublado,Simples,Reta,Sim,4,0,1,0,3,0,1,2,-26.14094396,-49.81508303,SPRF-SC,DEL06-SC,UOP01-DEL06-SC,2022
"494156,0",2022-12-21,quarta-feira,03:20:00,SC,282,"629,5",IRACEMINHA,Afundamento ou ondulação no pavimento,Saída de leito carroçável,Com Vítimas Fatais,Plena Noite,Crescente,Céu Claro,Simples,Curva,Não,3,1,2,0,0,0,2,1,-26.8205313,-53.3816037,SPRF-SC,DEL07-SC,UOP03-DEL07-SC,2022
"494166,0",2022-12-21,quarta-feira,08:00:00,SC,101,"155,0",PORTO BELO,Reação tardia ou ineficiente do condutor,Colisão frontal,Com Vítimas Feridas,Pleno dia,Crescente,Nublado,Simples,Viaduto,Não,4,0,3,0,1,0,3,2,-27.16292,-48.61129,SPRF-SC,DEL04-SC,UOP03-DEL04-SC,2022
"494210,0",2022-12-21,quarta-feira,09:30:00,SC,101,"28,0",JOINVILLE,Condutor deixou de manter distância do veículo da frente,Colisão traseira,Sem Vítimas,Pleno dia,Crescente,Nublado,Dupla,Reta,Não,2,0,0,0,2,0,0,2,-26.20697505,-48.91482635,SPRF-SC,DEL03-SC,UOP01-DEL03-SC,2022
"494213,0",2022-12-21,quarta-feira,09:30:00,SC,101,"29,0",JOINVILLE,Condutor deixou de manter distância do veículo da frente,Colisão traseira,Sem Vítimas,Pleno dia,Crescente,Chuva,Dupla,Reta;Aclive,Não,2,0,0,0,2,0,0,2,-26.211903,-48.91589904,SPRF-SC,DEL03-SC,UOP01-DEL03-SC,2022
"494226,0",2022-12-21,quarta-feira,13:08:00,SC,163,"70,8",SAO MIGUEL DO OESTE,Desrespeitar a preferência no cruzamento,Colisão transversal,Com Vítimas Feridas,Pleno dia,Decrescente,Céu Claro,Simples,Reta;Interseção de Vias,Sim,3,0,1,0,2,0,1,3,-26.72981981,-53.51152897,SPRF-SC,DEL07-SC,UOP03-DEL07-SC,2022
"494246,0",2022-07-17,domingo,18:35:00,SC,101,"148,0",ITAPEMA,Reação tardia ou ineficiente do condutor,Colisão traseira,Com Vítimas Feridas,Plena Noite,Decrescente,Céu Claro,Dupla,Reta,Sim,4,0,1,0,2,1,1,4,-27.10123686,-48.61807962,SPRF-SC,DEL04-SC,UOP03-DEL04-SC,2022
"494250,0",2022-12-21,quarta-feira,16:00:00,SC,101,"149,5",ITAPEMA,Acessar a via sem observar a presença dos outros veículos,Colisão transversal,Com Vítimas Feridas,Pleno dia,Decrescente,Chuva,Simples,Reta,Não,2,0,1,0,1,0,1,2,-27.1089649,-48.61277586,SPRF-SC,DEL04-SC,UOP03-DEL04-SC,2022
"494254,0",2022-12-21,quarta-feira,16:20:00,SC,101,"228,0",PALHOCA,Manobra de mudança de faixa,Colisão lateral mesmo sentido,Com Vítimas Feridas,Pleno dia,Crescente,Garoa/Chuvisco,Dupla,Curva,Não,4,0,2,0,2,0,2,2,-27.7597249,-48.63078869,SPRF-SC,DEL01-SC,UOP02-DEL01-SC,2022
"494296,0",2022-12-21,quarta-feira,18:30:00,SC,470,"58,0",BLUMENAU,Pedestre andava na pista,Atropelamento de Pedestre,Com Vítimas Feridas,Anoitecer,Decrescente,Garoa/Chuvisco,Simples,Interseção de Vias;Reta,Sim,2,0,0,1,1,0,1,2,-26.883879,-49.145622,SPRF-SC,DEL04-SC,UOP01-DEL04-SC,2022
"494308,0",2022-12-21,quarta-feira,19:40:00,SC,116,"12,3",MAFRA,Desrespeitar a preferência no cruzamento,Colisão transversal,Com Vítimas Feridas,Plena Noite,Decrescente,Nublado,Simples,Reta;Interseção de Vias,Não,4,0,1,0,3,0,1,2,-26.17877859,-49.86720998,SPRF-SC,DEL06-SC,UOP01-DEL06-SC,2022
"494331,0",2022-12-21,quarta-feira,22:30:00,SC,101,"134,0",BALNEARIO CAMBORIU,Entrada inopinada do pedestre,Atropelamento de Pedestre,Com Vítimas Feridas,Plena Noite,Decrescente,Nublado,Múltipla,Reta,Sim,2,0,1,0,1,0,1,2,-27.00218,-48.636433,SPRF-SC,DEL04-SC,UOP03-DEL04-SC,2022
"494367,0",2022-12-22,quinta-feira,06:00:00,SC,101,"139,6",BALNEARIO CAMBORIU,Ausência de reação do condutor,Saída de leito carroçável,Sem Vítimas,Pleno dia,Crescente,Céu Claro,Dupla,Aclive,Não,1,0,0,0,0,1,0,1,-27.02982303,-48.60115006,SPRF-SC,DEL04-SC,UOP03-DEL04-SC,2022
"494374,0",2022-12-22,quinta-feira,07:00:00,SC,101,"198,7",BIGUACU,Demais falhas mecânicas ou elétricas,Saída de leito carroçável,Com Vítimas Feridas,Pleno dia,Decrescente,Céu Claro,Dupla,Reta,Sim,1,0,1,0,0,0,1,1,-27.52622878,-48.63484761,SPRF-SC,DEL01-SC,UOP01-DEL01-SC,2022