id,data_inversa,dia_semana,horario,uf,br,km,municipio,causa_acidente,tipo_acidente,classificacao_acidente,fase_dia,sentido_via,condicao_metereologica,tipo_pista,tracado_via,uso_solo,pessoas,mortos,feridos_leves,feridos_graves,ilesos,ignorados,feridos,veiculos,latitude,longitude,regional,delegacia,uop,ano_arquivo
"504177,0",2023-02-10,sexta-feira,06:47:00,SC,280,"24,0",ARAQUARI,Conversão proibida,Colisão transversal,Com Vítimas Feridas,Pleno dia,Crescente,Céu Claro,Simples,Reta,Sim,2,0,1,0,1,0,1,2,-26.37724921,-48.71953282,SPRF-SC,DEL03-SC,UOP03-DEL03-SC,2023
"504180,0",2023-02-10,sexta-feira,05:50:00,SC,282,"4,5",FLORIANOPOLIS,Reação tardia ou ineficiente do condutor,Colisão com objeto,Sem Vítimas,Pleno dia,Decrescente,Céu Claro,Dupla,Reta,Sim,1,0,0,0,1,0,0,1,-27.592646,-48.604034,SPRF-SC,DEL01-SC,UOP01-DEL01-SC,2023
"504210,0",2023-02-10,sexta-feira,10:00:00,SC,101,"390,0",CRICIUMA,Reação tardia ou ineficiente do condutor,Engavetamento,Com Vítimas Feridas,Pleno dia,Crescente,Céu Claro,Múltipla,Aclive;Reta;Viaduto,Sim,6,0,1,0,5,0,1,4,-28.79513029,-49.35435084,SPRF-SC,DEL02-SC,UOP02-DEL02-SC,2023
"504232,0",2023-01-29,domingo,23:00:00,SC,153,"1,0",AGUA DOCE,Reação tardia ou ineficiente do condutor,Saída de leito carroçável,Com Vítimas Feridas,Plena Noite,Decrescente,Ignorado,Simples,Curva,Não,2,0,2,0,0,0,2,1,-26.612688,-51.494854,SPRF-SC,DEL07-SC,UOP07-DEL07-SC,2023
"504246,0",2023-02-10,sexta-feira,13:35:00,SC,101,"209,0",SAO JOSE,Ausência de reação do condutor,Colisão traseira,Com Vítimas Feridas,Pleno dia,Decrescente,Céu Claro,Dupla,Reta;Interseção de Vias,Não,4,0,2,0,2,0,2,3,-27.61009,-48.63878,SPRF-SC,DEL01-SC,UOP01-DEL01-SC,2023
"504281,0",2023-02-10,sexta-feira,15:20:00,SC,158,"101,0",MARAVILHA,Problema com o freio,Colisão traseira,Sem Vítimas,Pleno dia,Decrescente,Céu Claro,Simples,Reta,Não,7,0,0,0,6,1,0,4,-26.80870676,-53.18171382,SPRF-SC,DEL07-SC,UOP02-DEL07-SC,2023
"504334,0",2023-02-10,sexta-feira,08:05:00,SC,282,"131,9",BOM RETIRO,Ausência de reação do condutor,Saída de leito carroçável,Com Vítimas Feridas,Pleno dia,Crescente,Nublado,Simples,Reta,Não,2,0,1,0,0,1,1,2,-27.810326,-49.520357,SPRF-SC,DEL05-SC,UOP01-DEL05-SC,2023
"504373,0",2023-02-11,sábado,02:20:00,SC,282,"96,9",ALFREDO WAGNER,Transitar na contramão,Colisão frontal,Com Vítimas Feridas,Pleno dia,Decrescente,Nublado,Simples,Curva,Não,4,0,1,1,1,1,2,3,-27.712412,-49.263622,SPRF-SC,DEL01-SC,UOP03-DEL01-SC,2023
"504392,0",2023-02-11,sábado,06:30:00,SC,470,"67,9",INDAIAL,Ingestão de álcool pelo condutor,Colisão transversal,Com Vítimas Feridas,Pleno dia,Crescente,Sol,Simples,Em Obras;Declive;Interseção de Vias;Reta,Sim,5,0,1,0,3,1,1,3,-26.8784469,-49.24027389,SPRF-SC,DEL04-SC,UOP01-DEL04-SC,2023
"504589,0",2023-02-11,sábado,20:20:00,SC,282,"462,2",PONTE SERRADA,Transitar na contramão,Colisão lateral sentido oposto,Com Vítimas Feridas,Plena Noite,Decrescente,Céu Claro,Simples,Reta,Sim,3,0,1,0,1,1,1,3,-26.857594,-52.050583,SPRF-SC,DEL07-SC,UOP04-DEL07-SC,2023
"504791,0",2023-02-12,domingo,21:00:00,SC,470,"344,7",CAMPOS NOVOS,Condutor Dormindo,Colisão frontal,Com Vítimas Feridas,Plena Noite,Crescente,Céu Claro,Simples,Reta,Não,4,0,0,1,2,2,1,4,-27.538567,-51.408329,SPRF-SC,DEL07-SC,UOP06-DEL07-SC,2023
"504827,0",2023-02-12,domingo,17:20:00,SC,282,"632,2",DESCANSO,Demais falhas mecânicas ou elétricas,Eventos atípicos,Com Vítimas Feridas,Pleno dia,Crescente,Céu Claro,Simples,Reta,Não,4,0,0,1,2,2,1,4,-26.8253,-53.404217,SPRF-SC,DEL07-SC,UOP03-DEL07-SC,2023
"504917,0",2023-02-13,segunda-feira,10:40:00,SC,116,"107,7",MONTE CASTELO,Frear bruscamente,Tombamento,Com Vítimas Feridas,Pleno dia,Decrescente,Céu Claro,Simples,Curva;Declive,Não,2,0,1,0,0,1,1,2,-26.75432875,-50.33254266,SPRF-SC,DEL06-SC,UOP02-DEL06-SC,2023
"504979,0",2023-02-13,segunda-feira,17:20:00,SC,470,"9,8",NAVEGANTES,Desrespeitar a preferência no cruzamento,Colisão transversal,Com Vítimas Fatais,Pleno dia,Crescente,Céu Claro,Simples,Em Obras;Interseção de Vias;Reta,Sim,2,1,0,0,1,0,0,2,-26.833614,-48.736247,SPRF-SC,DEL04-SC,UOP04-DEL04-SC,2023
"504991,0",2023-02-13,segunda-feira,21:15:00,SC,470,"109,6",APIUNA,Ultrapassagem Indevida,Tombamento,Com Vítimas Feridas,Plena Noite,Crescente,Céu Claro,Simples,Curva,Sim,2,0,0,1,1,0,1,2,-27.083876,-49.449543,SPRF-SC,DEL04-SC,UOP02-DEL04-SC,2023
"505059,0",2023-02-14,terça-feira,09:20:00,SC,101,"75,3",ARAQUARI,Manobra de mudança de faixa,Colisão lateral mesmo sentido,Com Vítimas Feridas,Pleno dia,Crescente,Sol,Dupla,Declive,Não,5,0,1,0,3,1,1,5,-26.5519717,-48.71688324,SPRF-SC,DEL03-SC,UOP02-DEL03-SC,2023
"505143,0",2023-02-14,terça-feira,18:15:00,SC,101,"232,2",PALHOCA,Ultrapassagem Indevida,Colisão lateral mesmo sentido,Sem Vítimas,Pleno dia,Crescente,Nublado,Dupla,Reta,Não,2,0,0,0,2,0,0,2,-27.795666,-48.638153,SPRF-SC,DEL01-SC,UOP02-DEL01-SC,2023
"505148,0",2023-02-14,terça-feira,17:00:00,SC,282,"526,8",XAXIM,Chuva,Colisão frontal,Com Vítimas Feridas,Pleno dia,Crescente,Chuva,Simples,Aclive;Curva,Não,3,0,1,1,1,0,2,2,-26.969427,-52.57497,SPRF-SC,DEL07-SC,UOP01-DEL07-SC,2023
"505179,0",2023-02-14,terça-feira,23:30:00,SC,470,"79,3",RODEIO,Ingestão de álcool pelo condutor,Colisão traseira,Com Vítimas Feridas,Plena Noite,Crescente,Nublado,Simples,Reta,Não,3,0,1,0,1,1,1,3,-26.95022274,-49.3110511,SPRF-SC,DEL04-SC,UOP01-DEL04-SC,2023
"505203,0",2023-02-15,quarta-feira,08:00:00,SC,282,"17,1",PALHOCA,Trafegar com motocicleta (ou similar) entre as faixas,Colisão transversal,Com Vítimas Feridas,Pleno dia,Crescente,Céu Claro,Simples,Reta;Interseção de Vias,Sim,2,0,1,0,1,0,1,2,-27.665707,-48.688065,SPRF-SC,DEL01-SC,UOP02-DEL01-SC,2023
"505226,0",2023-02-15,quarta-feira,09:50:00,SC,101,"58,8",ARAQUARI,Manobra de mudança de faixa,Colisão lateral mesmo sentido,Sem Vítimas,Pleno dia,Crescente,Céu Claro,Dupla,Reta,Não,4,0,0,0,4,0,0,2,-26.44025049,-48.80129043,SPRF-SC,DEL03-SC,UOP02-DEL03-SC,2023
"505257,0",2023-02-15,quarta-feira,14:00:00,SC,101,"134,0",BALNEARIO CAMBORIU,Manobra de mudança de faixa,Colisão transversal,Com Vítimas Feridas,Pleno dia,Decrescente,Nublado,Dupla,Reta,Sim,2,0,1,0,1,0,1,2,-27.00218,-48.636433,SPRF-SC,DEL04-SC,UOP03-DEL04-SC,2023
"505259,0",2023-02-15,quarta-feira,12:25:00,SC,470,"106,3",APIUNA,Reação tardia ou ineficiente do condutor,Colisão lateral sentido oposto,Com Vítimas Feridas,Pleno dia,Decrescente,Sol,Simples,Reta;Declive,Não,4,0,1,1,1,1,2,3,-27.073105,-49.422935,SPRF-SC,DEL04-SC,UOP02-DEL04-SC,2023
"505260,0",2023-02-15,quarta-feira,12:20:00,SC,101,"348,1",JAGUARUNA,Condutor usando celular,Saída de leito carroçável,Com Vítimas Feridas,Pleno dia,Crescente,Céu Claro,Múltipla,Aclive;Reta,Sim,3,0,1,0,0,3,1,4,-28.58347597,-49.04978156,SPRF-SC,DEL02-SC,UOP01-DEL02-SC,2023
"505316,0",2023-02-15,quarta-feira,20:00:00,SC,282,"73,0",RANCHO QUEIMADO,Ultrapassagem Indevida,Colisão lateral mesmo sentido,Com Vítimas Feridas,Plena Noite,Crescente,Garoa/Chuvisco,Simples,Reta,Não,4,0,1,0,3,0,1,2,-27.681437,-49.113388,SPRF-SC,DEL01-SC,UOP03-DEL01-SC,2023
"505347,0",2023-02-15,quarta-feira,23:15:00,SC,101,"172,0",TIJUCAS,Ausência de reação do condutor,Saída de leito carroçável,Com Vítimas Feridas,Plena Noite,Decrescente,Nublado,Dupla,Reta,Não,2,0,1,0,0,1,1,2,-27.31398818,-48.63155831,SPRF-SC,DEL04-SC,UOP03-DEL04-SC,2023
"505360,0",2023-02-16,quinta-feira,03:40:00,SC,101,"120,0",ITAJAI,Acessar a via sem observar a presença dos outros veículos,Colisão lateral mesmo sentido,Com Vítimas Feridas,Plena Noite,Crescente,Chuva,Múltipla,Reta;Ponte,Sim,2,0,0,1,1,0,1,2,-26.90871531,-48.71366761,SPRF-SC,DEL04-SC,UOP04-DEL04-SC,2023
"505459,0",2023-02-16,quinta-feira,15:30:00,SC,101,"89,0",BARRA VELHA,Condutor deixou de manter distância do veículo da frente,Colisão traseira,Com Vítimas Feridas,Pleno dia,Crescente,Sol,Múltipla,Reta,Sim,2,0,1,0,1,0,1,2,-26.65175997,-48.68721921,SPRF-SC,DEL03-SC,UOP02-DEL03-SC,2023
"505540,0",2023-02-16,quinta-feira,23:50:00,SC,101,"357,0",SANGAO,Ausência de reação do condutor,Saída de leito carroçável,Com Vítimas Feridas,Plena Noite,Crescente,Céu Claro,Simples,Interseção de Vias;Viaduto,Sim,2,0,1,0,0,2,1,3,-28.64208,-49.101824,SPRF-SC,DEL02-SC,UOP01-DEL02-SC,2023
"505618,0",2023-02-17,sexta-feira,06:45:00,SC,116,"82,0",MONTE CASTELO,Condutor Dormindo,Colisão frontal,Com Vítimas Feridas,Amanhecer,Decrescente,Chuva,Simples,Reta;Declive,Não,4,0,2,0,0,2,2,3,-26.57442903,-50.22178476,SPRF-SC,DEL06-SC,UOP02-DEL06-SC,2023
"505648,0",2023-02-17,sexta-feira,12:50:00,SC,101,"204,9",SAO JOSE,Condutor deixou de manter distância do veículo da frente,Queda de ocupante de veículo,Com Vítimas Fatais,Pleno dia,Crescente,Sol,Múltipla,Reta,Sim,3,1,0,0,1,2,0,4,-27.57413014,-48.61363083,SPRF-SC,DEL01-SC,UOP01-DEL01-SC,2023
"505708,0",2023-02-17,sexta-feira,15:20:00,SC,282,"193,0",LAGES,Ultrapassagem Indevida,Colisão lateral mesmo sentido,Com Vítimas Feridas,Pleno dia,Crescente,Céu Claro,Simples,Reta,Não,5,0,2,0,1,2,2,4,-27.742256,-50.065472,SPRF-SC,DEL05-SC,UOP01-DEL05-SC,2023
"505734,0",2023-02-17,sexta-feira,19:55:00,SC,470,"56,2",BLUMENAU,Acessar a via sem observar a presença dos outros veículos,Colisão transversal,Com Vítimas Feridas,Plena Noite,Crescente,Céu Claro,Simples,Reta,Não,3,0,1,0,1,1,1,3,-26.87674,-49.127743,SPRF-SC,DEL04-SC,UOP01-DEL04-SC,2023
"505794,0",2023-02-18,sábado,04:30:00,SC,101,"87,2",BARRA VELHA,Acessar a via sem observar a presença dos outros veículos,Colisão lateral mesmo sentido,Com Vítimas Feridas,Plena Noite,Decrescente,Chuva,Dupla,Reta,Sim,2,0,1,0,1,0,1,2,-26.64377068,-48.68837368,SPRF-SC,DEL03-SC,UOP02-DEL03-SC,2023
"505895,0",2023-02-18,sábado,12:00:00,SC,282,"327,0",CAMPOS NOVOS,Frear bruscamente,Colisão lateral sentido oposto,Com Vítimas Feridas,Pleno dia,Crescente,Céu Claro,Simples,Reta,Não,6,0,6,0,0,0,6,2,-27.375906,-51.078716,SPRF-SC,DEL07-SC,UOP06-DEL07-SC,2023
"505936,0",2023-02-18,sábado,12:30:00,SC,280,"100,3",SAO BENTO DO SUL,Chuva,Colisão frontal,Com Vítimas Feridas,Pleno dia,Decrescente,Chuva,Simples,Curva,Não,4,0,1,1,2,0,2,2,-26.36261123,-49.34230328,SPRF-SC,DEL06-SC,UOP03-DEL06-SC,2023
"506135,0",2023-02-19,domingo,14:40:00,SC,101,"207,2",SAO JOSE,Reação tardia ou ineficiente do condutor,Colisão lateral mesmo sentido,Com Vítimas Feridas,Pleno dia,Crescente,Céu Claro,Múltipla,Aclive;Reta,Sim,4,0,1,0,2,2,1,5,-27.60001226,-48.6226467,SPRF-SC,DEL01-SC,UOP01-DEL01-SC,2023
"506167,0",2023-02-19,domingo,16:30:00,SC,282,"195,6",LAGES,Acessar a via sem observar a presença dos outros veículos,Colisão transversal,Com Vítimas Feridas,Pleno dia,Crescente,Nublado,Simples,Reta;Aclive,Não,3,0,1,1,1,0,2,2,-27.75069619,-50.09525299,SPRF-SC,DEL05-SC,UOP01-DEL05-SC,2023
"506185,0",2023-02-19,domingo,16:15:00,SC,158,"141,0",PALMITOS,Ausência de reação do condutor,Saída de leito carroçável,Sem Vítimas,Pleno dia,Crescente,Céu Claro,Dupla,Reta;Aclive,Não,3,0,0,0,2,3,0,4,-27.13466406,-53.21260241,SPRF-SC,DEL07-SC,UOP02-DEL07-SC,2023
"506238,0",2023-02-19,domingo,23:05:00,SC,280,"74,4",JARAGUA DO SUL,Transitar na contramão,Colisão frontal,Com Vítimas Fatais,Plena Noite,Decrescente,Chuva,Simples,Reta,Não,3,1,0,0,1,2,0,4,-26.4588704,-49.1781849,SPRF-SC,DEL03-SC,UOP03-DEL03-SC,2023
"506284,0",2023-02-20,segunda-feira,06:30:00,SC,280,"165,5",MAFRA,Ausência de reação do condutor,Tombamento,Com Vítimas Feridas,Amanhecer,Decrescente,Céu Claro,Simples,Curva,Sim,2,0,1,0,0,1,1,2,-26.16662775,-49.81847048,SPRF-SC,DEL06-SC,UOP01-DEL06-SC,2023
"506295,0",2023-02-20,segunda-feira,06:30:00,SC,116,"174,6",SAO CRISTOVAO DO SUL,Velocidade Incompatível,Colisão traseira,Sem Vítimas,Amanhecer,Crescente,Nublado,Simples,Aclive;Curva,Não,5,0,0,0,4,1,0,3,-27.22552273,-50.46649712,SPRF-SC,DEL05-SC,UOP03-DEL05-SC,2023
"506304,0",2023-02-20,segunda-feira,08:00:00,SC,153,"100,0",CONCORDIA,Conversão proibida,Colisão transversal,Com Vítimas Feridas,Pleno dia,Decrescente,Chuva,Simples,Reta,Sim,2,0,1,0,1,0,1,2,-27.185669,-51.931538,SPRF-SC,DEL07-SC,UOP04-DEL07-SC,2023
"506337,0",2023-02-20,segunda-feira,08:30:00,SC,101,"92,0",BARRA VELHA,Mal súbito do condutor,Colisão traseira,Com Vítimas Feridas,Pleno dia,Decrescente,Nublado,Múltipla,Reta,Não,3,0,1,0,1,1,1,3,-26.6806041,-48.6931497,SPRF-SC,DEL03-SC,UOP02-DEL03-SC,2023
"506402,0",2023-02-20,segunda-feira,21:30:00,SC,153,"84,0",CONCORDIA,Ultrapassagem Indevida,Colisão lateral sentido oposto,Sem Vítimas,Plena Noite,Crescente,Garoa/Chuvisco,Simples,Ponte,Não,5,0,0,0,3,2,0,3,-27.13419,-51.916466,SPRF-SC,DEL07-SC,UOP04-DEL07-SC,2023
"506414,0",2023-02-20,segunda-feira,21:20:00,SC,470,"204,2",PONTE ALTA,Reação tardia ou ineficiente do condutor,Saída de leito carroçável,Com Vítimas Feridas,Plena Noite,Decrescente,Chuva,Simples,Curva;Declive,Não,2,0,1,0,0,1,1,2,-27.289373,-50.166328,SPRF-SC,DEL05-SC,UOP03-DEL05-SC,2023
"506423,0",2023-02-21,terça-feira,01:30:00,SC,282,"128,3",BOM RETIRO,Condutor Dormindo,Colisão lateral sentido oposto,Com Vítimas Feridas,Plena Noite,Decrescente,Garoa/Chuvisco,Simples,Curva,Sim,4,0,1,0,2,1,1,3,-27.803921,-49.487785,SPRF-SC,DEL05-SC,UOP01-DEL05-SC,2023
"506457,0",2023-02-21,terça-feira,09:25:00,SC,153,"58,7",IRANI,Desrespeitar a preferência no cruzamento,Colisão transversal,Com Vítimas Feridas,Pleno dia,Crescente,Céu Claro,Simples,Interseção de Vias,Não,4,0,1,1,1,1,2,3,-26.96981367,-51.85546875,SPRF-SC,DEL07-SC,UOP04-DEL07-SC,2023
"506471,0",2023-02-21,terça-feira,12:50:00,SC,101,"11,0",GARUVA,Ausência de reação do condutor,Colisão traseira,Com Vítimas Feridas,Pleno dia,Decrescente,Chuva,Múltipla,Reta,Não,4,0,2,0,1,1,2,3,-26.07867344,-48.86146903,SPRF-SC,DEL03-SC,UOP01-DEL03-SC,2023
"506483,0",2023-02-21,terça-feira,14:35:00,SC,470,"137,0",RIO DO SUL,Desrespeitar a preferência no cruzamento,Colisão transversal,Com Vítimas Feridas,Pleno dia,Decrescente,Céu Claro,Simples,Reta,Sim,5,0,1,0,4,0,1,2,-27.203201,-49.635063,SPRF-SC,DEL04-SC,UOP02-DEL04-SC,2023
"506498,0",2023-02-21,terça-feira,15:50:00,SC,101,"313,5",LAGUNA,Condutor deixou de manter distância do veículo da frente,Colisão traseira,Com Vítimas Feridas,Pleno dia,Crescente,Nublado,Dupla,Reta,Não,3,0,1,0,1,1,1,2,-28.43699677,-48.83800507,SPRF-SC,DEL02-SC,UOP01-DEL02-SC,2023
"506506,0",2023-02-21,terça-feira,17:40:00,SC,470,"64,6",INDAIAL,Acessar a via sem observar a presença dos outros veículos,Colisão transversal,Com Vítimas Feridas,Pleno dia,Decrescente,Garoa/Chuvisco,Simples,Reta,Sim,5,0,3,0,2,0,3,2,-26.87042041,-49.21199083,SPRF-SC,DEL04-SC,UOP01-DEL04-SC,2023
"506538,0",2023-02-21,terça-feira,19:10:00,SC,282,"417,0",VARGEM BONITA,Carga excessiva e/ou mal acondicionada,Saída de leito carroçável,Com Vítimas Feridas,Anoitecer,Crescente,Céu Claro,Simples,Curva;Declive,Não,2,0,1,0,0,1,1,2,-27.018042,-51.730051,SPRF-SC,DEL07-SC,UOP05-DEL07-SC,2023
"506548,0",2023-02-21,terça-feira,19:15:00,SC,280,"56,5",GUARAMIRIM,Transitar na contramão,Colisão frontal,Com Vítimas Fatais,Plena Noite,Decrescente,Nublado,Simples,Em Obras;Curva,Sim,3,1,0,0,1,1,0,3,-26.478793,-49.011459,SPRF-SC,DEL03-SC,UOP03-DEL03-SC,2023
"506563,0",2023-02-21,terça-feira,22:00:00,SC,101,"404,5",ARARANGUA,Retorno proibido,Colisão lateral mesmo sentido,Sem Vítimas,Plena Noite,Crescente,Nublado,Dupla,Reta,Não,3,0,0,0,1,2,0,3,-28.89649153,-49.47152138,SPRF-SC,DEL02-SC,UOP02-DEL02-SC,2023
"506655,0",2023-02-22,quarta-feira,12:20:00,SC,470,"119,5",IBIRAMA,Manobra de mudança de faixa,Colisão lateral mesmo sentido,Com Vítimas Feridas,Pleno dia,Crescente,Nublado,Simples,Aclive,Não,4,0,0,1,2,1,1,4,-27.08881703,-49.51980114,SPRF-SC,DEL04-SC,UOP02-DEL04-SC,2023
"506719,0",2023-02-22,quarta-feira,16:15:00,SC,116,"309,0",CAPAO ALTO,Curva acentuada,Tombamento,Com Vítimas Feridas,Pleno dia,Decrescente,Céu Claro,Simples,Curva;Aclive,Não,2,0,1,0,0,1,1,2,-28.198002,-50.759674,SPRF-SC,DEL05-SC,UOP02-DEL05-SC,2023
"506734,0",2023-02-22,quarta-feira,21:35:00,SC,116,"66,5",PAPANDUVA,Transitar na contramão,Colisão lateral sentido oposto,Com Vítimas Feridas,Plena Noite,Crescente,Céu Claro,Simples,Reta,Não,3,0,1,0,1,1,1,3,-26.43345701,-50.22890485,SPRF-SC,DEL06-SC,UOP02-DEL06-SC,2023
"506818,0",2023-02-23,quinta-feira,11:30:00,SC,116,"164,0",PONTE ALTA DO NORTE,Carga excessiva e/ou mal acondicionada,Tombamento,Com Vítimas Feridas,Pleno dia,Crescente,Nublado,Simples,Declive;Curva,Não,2,0,1,0,0,1,1,2,-27.14906,-50.46053,SPRF-SC,DEL05-SC,UOP03-DEL05-SC,2023
"506836,0",2023-02-23,quinta-feira,11:00:00,SC,282,"221,0",LAGES,Ultrapassagem Indevida,Colisão frontal,Com Vítimas Feridas,Pleno dia,Decrescente,Nublado,Simples,Reta;Declive,Não,3,0,2,0,1,0,2,2,-27.796358,-50.343426,SPRF-SC,DEL05-SC,UOP01-DEL05-SC,2023
"506894,0",2023-02-23,quinta-feira,23:45:00,SC,116,"305,3",CAPAO ALTO,Velocidade Incompatível,Tombamento,Com Vítimas Fatais,Plena Noite,Crescente,Nublado,Simples,Declive;Curva,Não,1,1,0,0,0,0,0,1,-28.199313,-50.727571,SPRF-SC,DEL05-SC,UOP02-DEL05-SC,2023
"506905,0",2023-02-24,sexta-feira,05:30:00,SC,101,"215,0",PALHOCA,Ingestão de álcool e/ou substâncias psicoativas pelo pedestre,Colisão traseira,Sem Vítimas,Amanhecer,Crescente,Céu Claro,Dupla,Reta,Não,2,0,0,0,1,1,0,2,-27.65184843,-48.67604941,SPRF-SC,DEL01-SC,UOP02-DEL01-SC,2023
"506920,0",2023-02-24,sexta-feira,08:15:00,SC,101,"217,0",PALHOCA,Manobra de mudança de faixa,Colisão com objeto,Com Vítimas Feridas,Pleno dia,Decrescente,Céu Claro,Múltipla,Reta,Não,2,0,0,1,1,0,1,2,-27.65981409,-48.67747798,SPRF-SC,DEL01-SC,UOP02-DEL01-SC,2023
"506924,0",2023-02-23,quinta-feira,20:00:00,SC,282,"580,2",PINHALZINHO,Condutor deixou de manter distância do veículo da frente,Colisão traseira,Com Vítimas Feridas,Plena Noite,Crescente,Chuva,Simples,Reta,Não,3,0,1,0,1,1,1,3,-26.83669007,-52.98823859,SPRF-SC,DEL07-SC,UOP02-DEL07-SC,2023
"507082,0",2023-02-24,sexta-feira,23:10:00,SC,116,"61,7",PAPANDUVA,Pedestre andava na pista,Atropelamento de Pedestre,Com Vítimas Fatais,Plena Noite,Decrescente,Garoa/Chuvisco,Simples,Reta,Não,3,1,0,0,2,0,0,2,-26.3939866,-50.225428,SPRF-SC,DEL06-SC,UOP02-DEL06-SC,2023
"507118,0",2023-02-25,sábado,11:40:00,SC,101,"407,6",ARARANGUA,Entrada inopinada do pedestre,Atropelamento de Pedestre,Com Vítimas Feridas,Pleno dia,Decrescente,Céu Claro,Dupla,Viaduto;Curva,Não,3,0,0,1,1,1,1,3,-28.92215716,-49.4936657,SPRF-SC,DEL02-SC,UOP02-DEL02-SC,2023
"507164,0",2023-02-25,sábado,16:57:00,SC,101,"75,0",ARAQUARI,Ausência de reação do condutor,Colisão lateral mesmo sentido,Sem Vítimas,Pleno dia,Crescente,Sol,Múltipla,Curva,Sim,5,0,0,0,4,1,0,3,-26.5519717,-48.71688324,SPRF-SC,DEL03-SC,UOP02-DEL03-SC,2023
"507197,0",2023-02-25,sábado,21:20:00,SC,101,"364,0",SANGAO,Condutor deixou de manter distância do veículo da frente,Colisão traseira,Sem Vítimas,Plena Noite,Decrescente,Céu Claro,Dupla,Reta,Não,2,0,0,0,2,0,0,2,-28.67821759,-49.13926425,SPRF-SC,DEL02-SC,UOP01-DEL02-SC,2023
"507203,0",2023-02-25,sábado,22:30:00,SC,470,"68,0",INDAIAL,Ingestão de álcool pelo condutor,Colisão transversal,Sem Vítimas,Plena Noite,Decrescente,Céu Claro,Simples,Reta;Em Obras,Sim,3,0,0,0,2,1,0,3,-26.87818064,-49.23991544,SPRF-SC,DEL04-SC,UOP01-DEL04-SC,2023
"507252,0",2023-02-26,domingo,06:00:00,SC,163,"106,0",SAO JOSE DO CEDRO,Acessar a via sem observar a presença dos outros veículos,Colisão lateral sentido oposto,Sem Vítimas,Pleno dia,Crescente,Céu Claro,Simples,Reta,Sim,3,0,0,0,1,2,0,2,-26.43752707,-53.51693708,SPRF-SC,DEL07-SC,UOP03-DEL07-SC,2023
"507395,0",2023-02-26,domingo,21:10:00,SC,116,"258,4",LAGES,Transitar na contramão,Colisão lateral sentido oposto,Com Vítimas Feridas,Plena Noite,Crescente,Céu Claro,Simples,Reta,Não,3,0,1,0,1,1,1,3,-27.89324692,-50.42299606,SPRF-SC,DEL05-SC,UOP02-DEL05-SC,2023
"507451,0",2023-02-27,segunda-feira,08:00:00,SC,101,"138,0",BALNEARIO CAMBORIU,Reação tardia ou ineficiente do condutor,Colisão traseira,Com Vítimas Feridas,Pleno dia,Decrescente,Nublado,Múltipla,Reta,Sim,4,0,1,0,3,0,1,3,-27.02397426,-48.60761649,SPRF-SC,DEL04-SC,UOP03-DEL04-SC,2023
"507463,0",2023-02-27,segunda-feira,10:15:00,SC,101,"219,0",PALHOCA,Acessar a via sem observar a presença dos outros veículos,Colisão transversal,Sem Vítimas,Pleno dia,Crescente,Sol,Múltipla,Reta,Sim,3,0,0,0,2,1,0,3,-27.68392194,-48.66710085,SPRF-SC,DEL01-SC,UOP02-DEL01-SC,2023
"507483,0",2023-02-27,segunda-feira,12:00:00,SC,101,"278,0",IMBITUBA,Reação tardia ou ineficiente do condutor,Colisão traseira,Com Vítimas Feridas,Pleno dia,Decrescente,Céu Claro,Múltipla,Reta,Não,2,0,1,0,1,0,1,2,-28.17590898,-48.69503796,SPRF-SC,DEL02-SC,UOP03-DEL02-SC,2023
"507548,0",2023-02-27,segunda-feira,19:15:00,SC,470,"11,0",NAVEGANTES,Retorno proibido,Colisão traseira,Com Vítimas Feridas,Plena Noite,Crescente,Céu Claro,Dupla,Reta,Não,5,0,0,2,2,1,2,4,-26.834309,-48.747269,SPRF-SC,DEL04-SC,UOP04-DEL04-SC,2023
"507671,0",2023-02-28,terça-feira,12:15:00,SC,282,"578,0",VARGEAO,Condutor deixou de manter distância do veículo da frente,Engavetamento,Com Vítimas Feridas,Pleno dia,Decrescente,Céu Claro,Simples,Curva;Declive,Não,4,0,1,0,3,0,1,3,-26.882711,-52.169197,SPRF-SC,DEL07-SC,UOP02-DEL07-SC,2023
"507723,0",2023-02-28,terça-feira,17:58:00,SC,116,"258,0",CAPAO ALTO,Acessar a via sem observar a presença dos outros veículos,Colisão lateral mesmo sentido,Com Vítimas Feridas,Anoitecer,Decrescente,Céu Claro,Simples,Declive;Curva,Não,4,0,1,0,2,1,1,3,-27.89324692,-50.42299606,SPRF-SC,DEL05-SC,UOP02-DEL05-SC,2023
"507741,0",2023-02-28,terça-feira,17:00:00,SC,101,"273,3",IMBITUBA,Ausência de reação do condutor,Colisão lateral mesmo sentido,Com Vítimas Feridas,Pleno dia,Crescente,Nublado,Dupla,Reta,Não,10,0,2,1,6,2,3,4,-28.129852,-48.69322,SPRF-SC,DEL02-SC,UOP03-DEL02-SC,2023
"507767,0",2023-02-28,terça-feira,22:30:00,SC,101,"98,0",BALNEARIO PICARRAS,Entrada inopinada do pedestre,Atropelamento de Pedestre,Com Vítimas Fatais,Plena Noite,Crescente,Nublado,Dupla,Reta,Não,2,1,0,0,0,1,0,2,-26.741166,-48.698352,SPRF-SC,DEL03-SC,UOP02-DEL03-SC,2023
"507779,0",2023-02-28,terça-feira,22:30:00,SC,116,"139,3",SANTA CECILIA,Acessar a via sem observar a presença dos outros veículos,Atropelamento de Pedestre,Com Vítimas Feridas,Pleno dia,Decrescente,Nublado,Simples,Reta,Sim,2,0,1,0,1,0,1,2,-26.96007677,-50.41626976,SPRF-SC,DEL06-SC,UOP02-DEL06-SC,2023