id,data_inversa,dia_semana,horario,uf,br,km,municipio,causa_acidente,tipo_acidente,classificacao_acidente,fase_dia,sentido_via,condicao_metereologica,tipo_pista,tracado_via,uso_solo,pessoas,mortos,feridos_leves,feridos_graves,ilesos,ignorados,feridos,veiculos,latitude,longitude,regional,delegacia,uop,ano_arquivo
"507803,0",2023-03-01,quarta-feira,08:35:00,SC,282,"572,8",NOVA ERECHIM,Acessar a via sem observar a presença dos outros veículos,Colisão transversal,Com Vítimas Feridas,Pleno dia,Crescente,Céu Claro,Simples,Reta,Não,2,0,1,0,1,0,1,2,-26.881834,-52.942444,SPRF-SC,DEL07-SC,UOP02-DEL07-SC,2023
"507818,0",2023-03-01,quarta-feira,08:52:00,SC,470,"58,5",BLUMENAU,Ingestão de substâncias psicoativas pelo condutor,Colisão lateral sentido oposto,Com Vítimas Feridas,Pleno dia,Decrescente,Nublado,Simples,Curva,Sim,3,0,1,0,1,2,1,4,-26.883879,-49.145622,SPRF-SC,DEL04-SC,UOP01-DEL04-SC,2023
"507833,0",2023-03-01,quarta-feira,11:00:00,SC,101,"327,0",TUBARAO,Condutor deixou de manter distância do veículo da frente,Colisão traseira,Com Vítimas Feridas,Pleno dia,Crescente,Céu Claro,Dupla,Reta,Sim,8,0,2,2,3,1,4,5,-28.46104798,-48.99082661,SPRF-SC,DEL02-SC,UOP01-DEL02-SC,2023
"507837,0",2023-03-01,quarta-feira,13:32:00,SC,280,"47,8",GUARAMIRIM,Transitar na contramão,Colisão frontal,Com Vítimas Fatais,Pleno dia,Crescente,Nublado,Simples,Reta,Não,3,1,0,0,1,1,0,3,-26.453808,-48.92184,SPRF-SC,DEL03-SC,UOP03-DEL03-SC,2023
"507843,0",2023-03-01,quarta-feira,12:40:00,SC,101,"150,0",ITAPEMA,Ausência de reação do condutor,Colisão traseira,Com Vítimas Feridas,Pleno dia,Crescente,Céu Claro,Dupla,Reta,Sim,2,0,0,1,1,0,1,2,-27.11744799,-48.60940987,SPRF-SC,DEL04-SC,UOP03-DEL04-SC,2023
"507886,0",2023-03-01,quarta-feira,17:50:00,SC,101,"189,8",BIGUACU,Ultrapassagem Indevida,Colisão lateral mesmo sentido,Sem Vítimas,Pleno dia,Crescente,Céu Claro,Dupla,Reta,Não,2,0,0,0,2,0,0,2,-27.459393,-48.638914,SPRF-SC,DEL01-SC,UOP01-DEL01-SC,2023
"507934,0",2023-03-02,quinta-feira,03:40:00,SC,101,"248,0",PAULO LOPES,Ausência de reação do condutor,Saída de leito carroçável,Com Vítimas Feridas,Plena Noite,Decrescente,Nevoeiro/Neblina,Dupla,Reta,Não,1,0,1,0,0,0,1,1,-27.92619305,-48.65828191,SPRF-SC,DEL02-SC,UOP03-DEL02-SC,2023
"507981,0",2023-02-19,domingo,23:00:00,SC,101,"199,2",SAO JOSE,Ingestão de álcool pelo condutor,Colisão lateral mesmo sentido,Sem Vítimas,Plena Noite,Crescente,Nublado,Múltipla,Reta,Não,2,0,0,0,1,1,0,2,-27.53413705,-48.63003205,SPRF-SC,DEL01-SC,UOP01-DEL01-SC,2023
"508031,0",2023-03-02,quinta-feira,16:40:00,SC,101,"194,3",BIGUACU,Reação tardia ou ineficiente do condutor,Colisão traseira,Com Vítimas Feridas,Pleno dia,Crescente,Céu Claro,Múltipla,Reta,Sim,2,0,1,0,1,0,1,2,-27.49815117,-48.65661236,SPRF-SC,DEL01-SC,UOP01-DEL01-SC,2023
"508036,0",2023-03-02,quinta-feira,14:22:00,SC,101,"117,0",ITAJAI,Condutor deixou de manter distância do veículo da frente,Colisão traseira,Com Vítimas Feridas,Pleno dia,Decrescente,Céu Claro,Múltipla,Reta,Não,8,0,2,0,5,1,2,7,-26.88747187,-48.72252969,SPRF-SC,DEL04-SC,UOP04-DEL04-SC,2023
"508064,0",2023-03-02,quinta-feira,13:20:00,SC,101,"112,6",ITAJAI,Ausência de reação do condutor,Colisão traseira,Com Vítimas Fatais,Pleno dia,Decrescente,Sol,Múltipla,Curva,Sim,2,1,0,0,1,0,0,2,-26.8501384,-48.7255145,SPRF-SC,DEL04-SC,UOP04-DEL04-SC,2023
"508084,0",2023-03-02,quinta-feira,20:10:00,SC,280,"193,3",MAFRA,Ultrapassagem Indevida,Colisão lateral sentido oposto,Com Vítimas Feridas,Plena Noite,Crescente,Céu Claro,Simples,Reta,Não,2,0,1,0,1,0,1,2,-26.17717048,-50.00641103,SPRF-SC,DEL06-SC,UOP01-DEL06-SC,2023
"508092,0",2023-03-02,quinta-feira,21:45:00,SC,101,"131,0",BALNEARIO CAMBORIU,Ausência de reação do condutor,Colisão lateral mesmo sentido,Com Vítimas Feridas,Plena Noite,Crescente,Chuva,Dupla,Reta,Não,3,0,1,0,1,1,1,3,-26.99064209,-48.66310912,SPRF-SC,DEL04-SC,UOP03-DEL04-SC,2023
"508185,0",2023-03-03,sexta-feira,01:30:00,SC,158,"111,3",CUNHA PORA,Ingestão de álcool pelo condutor,Colisão frontal,Com Vítimas Fatais,Plena Noite,Crescente,Garoa/Chuvisco,Simples,Curva,Não,6,2,0,2,1,1,2,3,-26.898947,-53.190721,SPRF-SC,DEL07-SC,UOP02-DEL07-SC,2023
"508201,0",2023-03-03,sexta-feira,11:45:00,SC,101,"136,6",BALNEARIO CAMBORIU,Manobra de mudança de faixa,Colisão lateral mesmo sentido,Com Vítimas Feridas,Pleno dia,Crescente,Céu Claro,Múltipla,Reta,Sim,5,0,2,0,2,1,2,3,-27.0134817,-48.61320913,SPRF-SC,DEL04-SC,UOP03-DEL04-SC,2023
"508213,0",2023-03-03,sexta-feira,10:20:00,SC,470,"60,0",BLUMENAU,Manobra de mudança de faixa,Colisão transversal,Com Vítimas Feridas,Pleno dia,Crescente,Céu Claro,Simples,Interseção de Vias,Sim,2,0,0,1,1,0,1,2,-26.88138,-49.164543,SPRF-SC,DEL04-SC,UOP01-DEL04-SC,2023
"508300,0",2023-03-03,sexta-feira,16:30:00,SC,470,"190,1",POUSO REDONDO,Ultrapassagem Indevida,Colisão frontal,Com Vítimas Feridas,Pleno dia,Crescente,Chuva,Simples,Aclive;Curva,Não,7,0,3,0,3,2,3,6,-27.281504,-50.069775,SPRF-SC,DEL04-SC,UOP02-DEL04-SC,2023
"508329,0",2023-03-03,sexta-feira,23:45:00,SC,101,"30,0",JOINVILLE,Ausência de reação do condutor,Colisão traseira,Com Vítimas Feridas,Plena Noite,Decrescente,Nublado,Dupla,Reta;Aclive,Não,3,0,1,0,1,1,1,3,-26.22769999,-48.91652942,SPRF-SC,DEL03-SC,UOP01-DEL03-SC,2023
"508377,0",2023-03-04,sábado,06:00:00,SC,280,"81,0",CORUPA,Condutor deixou de manter distância do veículo da frente,Colisão transversal,Com Vítimas Feridas,Amanhecer,Decrescente,Nublado,Simples,Reta,Não,3,0,2,0,1,0,2,2,-26.44057489,-49.217056,SPRF-SC,DEL06-SC,UOP03-DEL06-SC,2023
"508410,0",2023-02-28,terça-feira,14:50:00,SC,101,"456,0",SAO JOAO DO SUL,Curva acentuada,Tombamento,Com Vítimas Feridas,Pleno dia,Decrescente,Céu Claro,Simples,Rotatória,Sim,1,0,1,0,0,0,1,1,-29.22330598,-49.76018824,SPRF-SC,DEL02-SC,UOP02-DEL02-SC,2023
"508427,0",2023-03-04,sábado,09:58:00,SC,480,"126,0",CHAPECO,Manobra de mudança de faixa,Colisão lateral mesmo sentido,Com Vítimas Feridas,Pleno dia,Crescente,Chuva,Dupla,Reta;Declive,Não,2,0,1,0,1,0,1,2,-27.020083,-52.636024,SPRF-SC,DEL07-SC,UOP01-DEL07-SC,2023
"508444,0",2023-03-04,sábado,14:25:00,SC,470,"57,9",BLUMENAU,Acessar a via sem observar a presença dos outros veículos,Colisão traseira,Com Vítimas Feridas,Pleno dia,Decrescente,Nublado,Simples,Em Obras;Reta,Sim,4,0,0,1,2,1,1,4,-26.880428,-49.136532,SPRF-SC,DEL04-SC,UOP01-DEL04-SC,2023
"508656,0",2023-03-05,domingo,13:00:00,SC,101,"211,5",PALHOCA,Condutor deixou de manter distância do veículo da frente,Engavetamento,Com Vítimas Feridas,Pleno dia,Crescente,Chuva,Múltipla,Reta,Sim,5,0,0,2,2,1,2,4,-27.62329313,-48.65245588,SPRF-SC,DEL01-SC,UOP02-DEL01-SC,2023
"508691,0",2023-03-05,domingo,16:00:00,SC,280,"122,0",SAO BENTO DO SUL,Acessar a via sem observar a presença dos outros veículos,Colisão transversal,Sem Vítimas,Pleno dia,Crescente,Céu Claro,Simples,Rotatória,Não,3,0,0,0,2,1,0,3,-26.24855895,-49.45712883,SPRF-SC,DEL06-SC,UOP03-DEL06-SC,2023
"508932,0",2023-03-06,segunda-feira,21:25:00,SC,101,"158,2",PORTO BELO,Pedestre andava na pista,Atropelamento de Pedestre,Com Vítimas Fatais,Plena Noite,Decrescente,Nublado,Dupla,Reta,Não,3,1,0,0,1,1,0,3,-27.19096301,-48.61259017,SPRF-SC,DEL04-SC,UOP03-DEL04-SC,2023
"508950,0",2023-03-06,segunda-feira,19:30:00,SC,116,"162,5",PONTE ALTA DO NORTE,Ausência de reação do condutor,Colisão transversal,Com Vítimas Feridas,Plena Noite,Crescente,Chuva,Simples,Curva,Não,3,0,0,1,1,1,1,3,-27.12566109,-50.45721887,SPRF-SC,DEL05-SC,UOP03-DEL05-SC,2023
"508990,0",2023-03-07,terça-feira,07:40:00,SC,101,"194,1",BIGUACU,Velocidade Incompatível,Tombamento,Sem Vítimas,Pleno dia,Decrescente,Garoa/Chuvisco,Dupla,Retorno Regulamentado,Sim,1,0,0,0,1,0,0,1,-27.49815117,-48.65661236,SPRF-SC,DEL01-SC,UOP01-DEL01-SC,2023
"509005,0",2023-03-07,terça-feira,07:30:00,SC,470,"232,0",SAO CRISTOVAO DO SUL,Transitar na contramão,Colisão frontal,Com Vítimas Fatais,Amanhecer,Crescente,Nublado,Simples,Reta,Não,5,1,3,1,0,0,4,2,-27.303425,-50.4138186,SPRF-SC,DEL05-SC,UOP03-DEL05-SC,2023
"509011,0",2023-03-07,terça-feira,10:50:00,SC,101,"139,0",BALNEARIO CAMBORIU,Ausência de reação do condutor,Colisão traseira,Com Vítimas Feridas,Pleno dia,Crescente,Céu Claro,Dupla,Reta;Aclive,Sim,2,0,0,1,1,0,1,2,-27.02982303,-48.60115006,SPRF-SC,DEL04-SC,UOP03-DEL04-SC,2023
"509017,0",2023-02-07,terça-feira,21:15:00,SC,101,"190,8",BIGUACU,Manobra de mudança de faixa,Colisão lateral mesmo sentido,Com Vítimas Feridas,Plena Noite,Crescente,Nublado,Dupla,Aclive;Curva,Não,4,0,3,0,0,1,3,2,-27.47610022,-48.64075005,SPRF-SC,DEL01-SC,UOP01-DEL01-SC,2023
"509072,0",2023-03-07,terça-feira,15:00:00,SC,101,"132,7",BALNEARIO CAMBORIU,Pedestre cruzava a pista fora da faixa,Atropelamento de Pedestre,Com Vítimas Fatais,Pleno dia,Decrescente,Céu Claro,Múltipla,Reta,Sim,4,1,0,0,1,2,0,3,-26.9983865,-48.6488931,SPRF-SC,DEL04-SC,UOP03-DEL04-SC,2023
"509111,0",2023-03-07,terça-feira,16:15:00,SC,101,"138,0",BALNEARIO CAMBORIU,Condutor deixou de manter distância do veículo da frente,Colisão traseira,Com Vítimas Feridas,Pleno dia,Decrescente,Sol,Múltipla,Reta,Sim,3,0,1,0,2,0,1,2,-27.02397426,-48.60761649,SPRF-SC,DEL04-SC,UOP03-DEL04-SC,2023
"509113,0",2023-03-07,terça-feira,19:40:00,SC,101,"443,0",SANTA ROSA DO SUL,Acessar a via sem observar a presença dos outros veículos,Colisão transversal,Com Vítimas Feridas,Plena Noite,Crescente,Nublado,Simples,Viaduto,Sim,3,0,2,0,1,0,2,2,-29.13223626,-49.69660393,SPRF-SC,DEL02-SC,UOP02-DEL02-SC,2023
"509114,0",2023-03-07,terça-feira,18:00:00,SC,101,"78,1",BARRA VELHA,Acessar a via sem observar a presença dos outros veículos,Colisão transversal,Com Vítimas Feridas,Plena Noite,Crescente,Céu Claro,Dupla,Reta,Não,2,0,0,1,1,0,1,2,-26.57672096,-48.72270551,SPRF-SC,DEL03-SC,UOP02-DEL03-SC,2023
"509128,0",2023-03-07,terça-feira,19:50:00,SC,480,"130,5",CHAPECO,Condutor deixou de manter distância do veículo da frente,Colisão traseira,Com Vítimas Feridas,Plena Noite,Crescente,Céu Claro,Dupla,Reta,Sim,2,0,1,0,0,1,1,2,-27.06095067,-52.63491869,SPRF-SC,DEL07-SC,UOP01-DEL07-SC,2023
"509138,0",2023-03-07,terça-feira,21:35:00,SC,280,"31,0",ARAQUARI,Reação tardia ou ineficiente do condutor,Colisão com objeto,Sem Vítimas,Plena Noite,Crescente,Céu Claro,Simples,Reta,Sim,4,0,0,0,4,0,0,2,-26.41649938,-48.77181215,SPRF-SC,DEL03-SC,UOP03-DEL03-SC,2023
"509170,0",2023-03-08,quarta-feira,07:23:00,SC,101,"198,0",BIGUACU,Condutor deixou de manter distância do veículo da frente,Engavetamento,Com Vítimas Feridas,Pleno dia,Crescente,Chuva,Simples,Reta,Não,4,0,1,0,3,0,1,3,-27.52658712,-48.63506019,SPRF-SC,DEL01-SC,UOP01-DEL01-SC,2023
"509210,0",2023-03-08,quarta-feira,09:00:00,SC,470,"107,9",APIUNA,Transitar na contramão,Colisão frontal,Com Vítimas Feridas,Pleno dia,Crescente,Sol,Simples,Reta,Não,2,0,2,0,0,0,2,2,-27.07983788,-49.43899155,SPRF-SC,DEL04-SC,UOP02-DEL04-SC,2023
"509232,0",2023-03-08,quarta-feira,12:00:00,SC,282,"370,0",ERVAL VELHO,Ultrapassagem Indevida,Colisão lateral mesmo sentido,Com Vítimas Feridas,Pleno dia,Crescente,Céu Claro,Simples,Declive;Reta,Não,3,0,1,0,2,0,1,3,-27.268663,-51.443768,SPRF-SC,DEL07-SC,UOP05-DEL07-SC,2023
"509257,0",2023-03-08,quarta-feira,15:20:00,SC,158,"101,0",CUNHA PORA,Condutor deixou de manter distância do veículo da frente,Colisão traseira,Sem Vítimas,Pleno dia,Decrescente,Nublado,Simples,Reta,Não,2,0,0,0,2,0,0,2,-26.81472581,-53.18241119,SPRF-SC,DEL07-SC,UOP02-DEL07-SC,2023
"509309,0",2023-03-08,quarta-feira,21:05:00,SC,101,"37,0",JOINVILLE,Reação tardia ou ineficiente do condutor,Colisão traseira,Com Vítimas Feridas,Plena Noite,Crescente,Nublado,Dupla,Reta,Sim,3,0,1,0,1,1,1,3,-26.25050176,-48.90863867,SPRF-SC,DEL03-SC,UOP01-DEL03-SC,2023
"509350,0",2023-03-08,quarta-feira,23:00:00,SC,282,"245,5",SAO JOSE DO CERRITO,Restrição de visibilidade em curvas horizontais,Colisão frontal,Com Vítimas Fatais,Plena Noite,Crescente,Chuva,Simples,Curva;Declive,Não,3,1,1,0,0,1,1,3,-27.729763,-50.52121,SPRF-SC,DEL05-SC,UOP02-DEL05-SC,2023
"509458,0",2023-03-09,quinta-feira,15:30:00,SC,101,"117,0",ITAJAI,Acessar a via sem observar a presença dos outros veículos,Colisão lateral mesmo sentido,Com Vítimas Feridas,Pleno dia,Decrescente,Céu Claro,Múltipla,Reta,Sim,4,0,0,1,1,2,1,4,-26.88747187,-48.72252969,SPRF-SC,DEL04-SC,UOP04-DEL04-SC,2023
"509484,0",2023-03-09,quinta-feira,11:45:00,SC,153,"58,3",IRANI,Condutor Dormindo,Colisão frontal,Com Vítimas Fatais,Pleno dia,Decrescente,Céu Claro,Simples,Curva,Não,9,2,1,3,2,2,4,5,-26.96607486,-51.84411764,SPRF-SC,DEL07-SC,UOP07-DEL07-SC,2023
"509586,0",2023-03-10,sexta-feira,08:00:00,SC,470,"261,0",CURITIBANOS,Avarias e/ou desgaste excessivo no pneu,Colisão lateral sentido oposto,Com Vítimas Feridas,Pleno dia,Decrescente,Céu Claro,Simples,Curva,Não,4,0,2,0,2,0,2,2,-27.299816,-50.68129,SPRF-SC,DEL05-SC,UOP03-DEL05-SC,2023
"509633,0",2023-03-10,sexta-feira,08:15:00,SC,470,"260,0",CURITIBANOS,Reação tardia ou ineficiente do condutor,Saída de leito carroçável,Com Vítimas Feridas,Pleno dia,Crescente,Nublado,Simples,Reta;Aclive,Não,2,0,1,0,0,1,1,2,-27.301584,-50.671352,SPRF-SC,DEL05-SC,UOP03-DEL05-SC,2023
"509660,0",2023-03-10,sexta-feira,16:30:00,SC,101,"148,0",ITAPEMA,Condutor deixou de manter distância do veículo da frente,Colisão traseira,Com Vítimas Feridas,Pleno dia,Crescente,Nublado,Múltipla,Reta,Sim,6,0,1,0,4,2,1,7,-27.10123686,-48.61807962,SPRF-SC,DEL04-SC,UOP03-DEL04-SC,2023
"509668,0",2023-03-10,sexta-feira,11:00:00,SC,101,"117,2",ITAJAI,Acessar a via sem observar a presença dos outros veículos,Colisão transversal,Com Vítimas Fatais,Pleno dia,Crescente,Céu Claro,Múltipla,Reta;Interseção de Vias,Sim,3,1,0,0,1,1,0,3,-26.88995202,-48.7218976,SPRF-SC,DEL04-SC,UOP04-DEL04-SC,2023
"509690,0",2023-03-10,sexta-feira,03:00:00,SC,153,"1,0",AGUA DOCE,Reação tardia ou ineficiente do condutor,Saída de leito carroçável,Sem Vítimas,Plena Noite,Crescente,Céu Claro,Simples,Curva,Não,2,0,0,0,1,1,0,2,-26.612688,-51.494854,SPRF-SC,DEL07-SC,UOP07-DEL07-SC,2023
"509697,0",2023-03-10,sexta-feira,16:50:00,SC,282,"509,0",XANXERE,Velocidade Incompatível,Colisão com objeto,Sem Vítimas,Pleno dia,Decrescente,Céu Claro,Simples,Reta,Não,2,0,0,0,2,0,0,2,-26.890533,-52.457096,SPRF-SC,DEL07-SC,UOP01-DEL07-SC,2023
"509752,0",2023-03-11,sábado,01:40:00,SC,101,"96,1",BARRA VELHA,Reação tardia ou ineficiente do condutor,Colisão traseira,Com Vítimas Feridas,Plena Noite,Crescente,Nublado,Dupla,Reta,Não,3,0,1,0,1,1,1,3,-26.718427,-48.70233,SPRF-SC,DEL03-SC,UOP02-DEL03-SC,2023
"509753,0",2023-03-11,sábado,03:00:00,SC,470,"59,3",BLUMENAU,Velocidade Incompatível,Saída de leito carroçável,Sem Vítimas,Plena Noite,Decrescente,Nublado,Simples,Curva;Declive,Não,2,0,0,0,1,2,0,3,-26.88237186,-49.15999982,SPRF-SC,DEL04-SC,UOP01-DEL04-SC,2023
"509806,0",2023-03-11,sábado,05:40:00,SC,470,"81,8",RODEIO,Velocidade Incompatível,Tombamento,Com Vítimas Feridas,Pleno dia,Decrescente,Nublado,Simples,Curva;Declive,Não,2,0,1,0,0,1,1,2,-26.950367,-49.325638,SPRF-SC,DEL04-SC,UOP01-DEL04-SC,2023
"509895,0",2023-03-11,sábado,18:20:00,SC,470,"129,4",LONTRAS,Ingestão de álcool pelo condutor,Colisão frontal,Com Vítimas Feridas,Anoitecer,Decrescente,Céu Claro,Simples,Reta,Não,4,0,1,0,3,0,1,4,-27.148499,-49.556137,SPRF-SC,DEL04-SC,UOP02-DEL04-SC,2023
"509901,0",2023-03-11,sábado,17:00:00,SC,101,"351,7",JAGUARUNA,Condutor deixou de manter distância do veículo da frente,Colisão traseira,Sem Vítimas,Pleno dia,Decrescente,Céu Claro,Dupla,Declive;Curva,Sim,3,0,0,0,2,1,0,3,-28.5977641,-49.04943589,SPRF-SC,DEL02-SC,UOP01-DEL02-SC,2023
"509931,0",2023-03-11,sábado,21:30:00,SC,470,"128,0",LONTRAS,Ingestão de álcool pelo condutor,Colisão lateral sentido oposto,Sem Vítimas,Plena Noite,Decrescente,Nublado,Simples,Curva,Não,3,0,0,0,2,1,0,3,-27.143742,-49.548897,SPRF-SC,DEL04-SC,UOP02-DEL04-SC,2023
"510211,0",2023-03-13,segunda-feira,02:30:00,SC,116,"252,4",LAGES,Transitar na contramão,Colisão frontal,Com Vítimas Fatais,Plena Noite,Decrescente,Nublado,Simples,Reta,Não,4,1,1,0,2,0,1,2,-27.8549998,-50.3840094,SPRF-SC,DEL05-SC,UOP02-DEL05-SC,2023
"510338,0",2023-03-13,segunda-feira,16:30:00,SC,101,"111,0",NAVEGANTES,Condutor deixou de manter distância do veículo da frente,Colisão traseira,Com Vítimas Feridas,Pleno dia,Decrescente,Céu Claro,Dupla,Reta,Sim,2,0,1,0,1,0,1,2,-26.83955734,-48.71418074,SPRF-SC,DEL04-SC,UOP04-DEL04-SC,2023
"510353,0",2023-03-13,segunda-feira,15:30:00,SC,280,"152,0",MAFRA,Demais falhas mecânicas ou elétricas,Tombamento,Com Vítimas Feridas,Pleno dia,Crescente,Nublado,Simples,Reta,Não,3,0,1,0,2,0,1,1,-26.22730215,-49.7063452,SPRF-SC,DEL06-SC,UOP03-DEL06-SC,2023
"510382,0",2023-03-13,segunda-feira,21:40:00,SC,101,"77,4",ARAQUARI,Ausência de reação do condutor,Incêndio,Sem Vítimas,Plena Noite,Crescente,Nublado,Múltipla,Reta,Sim,1,0,0,0,1,0,0,1,-26.56833103,-48.72029393,SPRF-SC,DEL03-SC,UOP02-DEL03-SC,2023
"510397,0",2023-03-13,segunda-feira,23:20:00,SC,116,"285,3",CAPAO ALTO,Condutor Dormindo,Colisão traseira,Com Vítimas Feridas,Plena Noite,Decrescente,Céu Claro,Simples,Reta,Não,3,0,1,0,1,2,1,4,-28.07933778,-50.5840442,SPRF-SC,DEL05-SC,UOP02-DEL05-SC,2023
"510433,0",2023-02-15,quarta-feira,23:20:00,SC,470,"137,8",RIO DO SUL,Velocidade Incompatível,Colisão lateral sentido oposto,Com Vítimas Feridas,Plena Noite,Crescente,Nublado,Simples,Reta,Sim,3,0,1,0,1,2,1,4,-27.237301,-49.682217,SPRF-SC,DEL04-SC,UOP02-DEL04-SC,2023
"510465,0",2023-03-14,terça-feira,09:45:00,SC,470,"158,5",TROMBUDO CENTRAL,Desrespeitar a preferência no cruzamento,Colisão transversal,Com Vítimas Feridas,Pleno dia,Crescente,Nublado,Simples,Declive;Reta;Interseção de Vias;Em Obras,Sim,4,0,0,1,2,1,1,3,-27.287016,-49.778389,SPRF-SC,DEL04-SC,UOP02-DEL04-SC,2023
"510505,0",2023-03-14,terça-feira,15:30:00,SC,101,"15,0",GARUVA,Condutor deixou de manter distância do veículo da frente,Colisão traseira,Com Vítimas Feridas,Pleno dia,Decrescente,Chuva,Dupla,Reta;Aclive,Não,4,0,0,1,2,3,1,6,-26.10609917,-48.87224159,SPRF-SC,DEL03-SC,UOP01-DEL03-SC,2023
"510592,0",2023-03-14,terça-feira,23:30:00,SC,101,"44,9",JOINVILLE,Velocidade Incompatível,Colisão com objeto,Com Vítimas Feridas,Plena Noite,Decrescente,Chuva,Dupla,Reta,Não,5,0,0,1,2,3,1,6,-26.31238996,-48.87458997,SPRF-SC,DEL03-SC,UOP01-DEL03-SC,2023
"510654,0",2023-03-15,quarta-feira,10:30:00,SC,101,"154,3",PORTO BELO,Manobra de mudança de faixa,Colisão lateral mesmo sentido,Com Vítimas Feridas,Pleno dia,Decrescente,Sol,Múltipla,Reta,Não,2,0,1,0,1,0,1,2,-27.153819,-48.61086393,SPRF-SC,DEL04-SC,UOP03-DEL04-SC,2023
"510670,0",2023-03-15,quarta-feira,11:00:00,SC,470,"59,0",BLUMENAU,Velocidade Incompatível,Saída de leito carroçável,Com Vítimas Feridas,Pleno dia,Crescente,Garoa/Chuvisco,Simples,Curva,Não,3,0,1,0,1,1,1,3,-26.882812,-49.1548,SPRF-SC,DEL04-SC,UOP01-DEL04-SC,2023
"510692,0",2023-03-15,quarta-feira,14:45:00,SC,101,"206,0",SAO JOSE,Manobra de mudança de faixa,Colisão lateral mesmo sentido,Com Vítimas Feridas,Pleno dia,Crescente,Céu Claro,Múltipla,Reta,Não,3,0,2,0,1,0,2,2,-27.59193546,-48.61824557,SPRF-SC,DEL01-SC,UOP01-DEL01-SC,2023
"510693,0",2023-03-15,quarta-feira,12:00:00,SC,101,"76,7",ARAQUARI,Problema com o freio,Colisão com objeto,Com Vítimas Feridas,Pleno dia,Decrescente,Céu Claro,Dupla,Reta,Não,4,0,2,0,1,2,2,4,-26.55954801,-48.72063404,SPRF-SC,DEL03-SC,UOP02-DEL03-SC,2023
"510712,0",2023-03-03,sexta-feira,10:45:00,SC,101,"206,5",SAO JOSE,Trafegar com motocicleta (ou similar) entre as faixas,Colisão lateral mesmo sentido,Com Vítimas Fatais,Pleno dia,Crescente,Sol,Múltipla,Reta,Sim,5,1,0,0,1,3,0,4,-27.59193546,-48.61824557,SPRF-SC,DEL01-SC,UOP01-DEL01-SC,2023
"510726,0",2023-03-15,quarta-feira,18:05:00,SC,116,"137,5",SANTA CECILIA,Transitar na contramão,Colisão lateral sentido oposto,Sem Vítimas,Anoitecer,Decrescente,Céu Claro,Simples,Curva;Declive,Não,2,0,0,0,2,0,0,2,-26.946361,-50.42928293,SPRF-SC,DEL06-SC,UOP02-DEL06-SC,2023
"510781,0",2023-03-15,quarta-feira,19:15:00,SC,153,"13,8",AGUA DOCE,Ultrapassagem Indevida,Colisão frontal,Com Vítimas Fatais,Plena Noite,Crescente,Nublado,Simples,Reta,Não,4,1,0,0,2,2,0,5,-26.7006419,-51.577636,SPRF-SC,DEL07-SC,UOP07-DEL07-SC,2023
"510805,0",2023-03-16,quinta-feira,06:30:00,SC,101,"158,2",PORTO BELO,Acessar a via sem observar a presença dos outros veículos,Colisão transversal,Com Vítimas Feridas,Amanhecer,Decrescente,Céu Claro,Dupla,Reta,Sim,3,0,1,1,1,0,2,2,-27.19096301,-48.61259017,SPRF-SC,DEL04-SC,UOP03-DEL04-SC,2023
"510817,0",2023-03-16,quinta-feira,08:10:00,SC,101,"212,0",PALHOCA,Manobra de mudança de faixa,Colisão lateral mesmo sentido,Sem Vítimas,Pleno dia,Decrescente,Céu Claro,Múltipla,Reta,Não,2,0,0,0,2,0,0,2,-27.62996929,-48.65903871,SPRF-SC,DEL01-SC,UOP02-DEL01-SC,2023
"510819,0",2023-03-16,quinta-feira,05:30:00,SC,101,"41,5",JOINVILLE,Ausência de reação do condutor,Colisão com objeto,Sem Vítimas,Amanhecer,Crescente,Nublado,Múltipla,Reta,Sim,3,0,0,0,2,2,0,4,-26.31942133,-48.87122154,SPRF-SC,DEL03-SC,UOP01-DEL03-SC,2023
"510875,0",2023-03-16,quinta-feira,11:20:00,SC,101,"116,0",ITAJAI,Ausência de reação do condutor,Colisão traseira,Com Vítimas Feridas,Pleno dia,Decrescente,Céu Claro,Dupla,Reta,Não,3,0,0,1,1,1,1,3,-26.87905605,-48.72603512,SPRF-SC,DEL04-SC,UOP04-DEL04-SC,2023
"510886,0",2023-03-16,quinta-feira,12:20:00,SC,101,"61,9",ARAQUARI,Reação tardia ou ineficiente do condutor,Colisão traseira,Com Vítimas Feridas,Pleno dia,Decrescente,Nublado,Múltipla,Curva;Declive;Viaduto,Sim,4,0,1,0,2,2,1,5,-26.45474174,-48.77699195,SPRF-SC,DEL03-SC,UOP02-DEL03-SC,2023
"510994,0",2023-03-16,quinta-feira,20:00:00,SC,101,"56,0",ARAQUARI,Demais falhas mecânicas ou elétricas,Incêndio,Sem Vítimas,Plena Noite,Decrescente,Nublado,Dupla,Reta,Sim,1,0,0,0,1,0,0,1,-26.43207484,-48.82263984,SPRF-SC,DEL03-SC,UOP01-DEL03-SC,2023
"511032,0",2023-03-17,sexta-feira,08:00:00,SC,101,"112,0",ITAJAI,Condutor deixou de manter distância do veículo da frente,Colisão traseira,Com Vítimas Feridas,Pleno dia,Decrescente,Garoa/Chuvisco,Dupla,Reta,Sim,2,0,1,0,0,1,1,2,-26.84589005,-48.72131295,SPRF-SC,DEL04-SC,UOP04-DEL04-SC,2023