id,data_inversa,dia_semana,horario,uf,br,km,municipio,causa_acidente,tipo_acidente,classificacao_acidente,fase_dia,sentido_via,condicao_metereologica,tipo_pista,tracado_via,uso_solo,pessoas,mortos,feridos_leves,feridos_graves,ilesos,ignorados,feridos,veiculos,latitude,longitude,regional,delegacia,uop,ano_arquivo
"511098,0",2023-03-17,sexta-feira,11:45:00,SC,101,"124,5",ITAJAI,Condutor deixou de manter distância do veículo da frente,Colisão com objeto,Sem Vítimas,Pleno dia,Decrescente,Céu Claro,Dupla,Reta,Não,2,0,0,0,1,1,0,2,-26.94335064,-48.69198648,SPRF-SC,DEL04-SC,UOP04-DEL04-SC,2023
"511106,0",2023-03-17,sexta-feira,15:15:00,SC,101,"355,0",SANGAO,Reação tardia ou ineficiente do condutor,Colisão traseira,Sem Vítimas,Pleno dia,Crescente,Céu Claro,Dupla,Curva,Não,2,0,0,0,2,0,0,2,-28.63176,-49.09076,SPRF-SC,DEL02-SC,UOP01-DEL02-SC,2023
"511145,0",2023-03-17,sexta-feira,14:56:00,SC,282,"398,0",JOACABA,Ultrapassagem Indevida,Colisão lateral sentido oposto,Com Vítimas Feridas,Pleno dia,Crescente,Céu Claro,Simples,Curva,Não,4,0,1,0,2,2,1,5,-27.148859,-51.611007,SPRF-SC,DEL07-SC,UOP05-DEL07-SC,2023
"511204,0",2023-03-18,sábado,01:10:00,SC,101,"11,0",GARUVA,Ingestão de álcool pelo condutor,Colisão traseira,Com Vítimas Feridas,Plena Noite,Crescente,Céu Claro,Múltipla,Reta,Não,3,0,2,0,1,0,2,3,-26.079,-48.8616,SPRF-SC,DEL03-SC,UOP01-DEL03-SC,2023
"511214,0",2023-03-17,sexta-feira,10:15:00,SC,280,"285,3",IRINEOPOLIS,Curva acentuada,Tombamento,Com Vítimas Feridas,Pleno dia,Decrescente,Sol,Simples,Curva,Não,2,0,0,1,0,1,1,2,-26.292605,-50.874249,SPRF-SC,DEL06-SC,UOP04-DEL06-SC,2023
"511275,0",2023-03-18,sábado,09:50:00,SC,116,"202,0",PONTE ALTA,Ausência de reação do condutor,Saída de leito carroçável,Com Vítimas Feridas,Pleno dia,Crescente,Sol,Simples,Reta,Sim,1,0,1,0,0,0,1,1,-27.44129626,-50.39571452,SPRF-SC,DEL05-SC,UOP03-DEL05-SC,2023
"511326,0",2023-03-18,sábado,14:30:00,SC,470,"67,7",INDAIAL,Manobra de mudança de faixa,Tombamento,Com Vítimas Feridas,Pleno dia,Decrescente,Céu Claro,Simples,Em Obras;Desvio Temporário,Sim,2,0,1,0,0,1,1,2,-26.87729994,-49.23866364,SPRF-SC,DEL04-SC,UOP01-DEL04-SC,2023
"511426,0",2023-03-18,sábado,18:10:00,SC,116,"154,6",SANTA CECILIA,Velocidade Incompatível,Colisão com objeto,Com Vítimas Feridas,Pleno dia,Decrescente,Céu Claro,Simples,Curva,Não,2,0,1,0,0,1,1,2,-27.0659161,-50.4277677,SPRF-SC,DEL06-SC,UOP02-DEL06-SC,2023
"511427,0",2023-03-18,sábado,22:20:00,SC,116,"141,0",SANTA CECILIA,Acessar a via sem observar a presença dos outros veículos,Colisão frontal,Sem Vítimas,Plena Noite,Crescente,Céu Claro,Simples,Reta,Não,3,0,0,0,2,2,0,4,-26.97282394,-50.40309796,SPRF-SC,DEL06-SC,UOP02-DEL06-SC,2023
"511582,0",2023-03-19,domingo,17:00:00,SC,163,"107,0",SAO JOSE DO CEDRO,Sinalização mal posicionada,Colisão lateral sentido oposto,Sem Vítimas,Pleno dia,Crescente,Céu Claro,Simples,Desvio Temporário;Reta;Em Obras,Não,3,0,0,0,2,2,0,4,-26.42911689,-53.52001976,SPRF-SC,DEL07-SC,UOP03-DEL07-SC,2023
"511640,0",2023-03-19,domingo,16:40:00,SC,470,"119,0",IBIRAMA,Velocidade Incompatível,Tombamento,Com Vítimas Feridas,Pleno dia,Crescente,Céu Claro,Simples,Curva;Declive,Sim,2,0,0,1,0,1,1,2,-27.081554,-49.520206,SPRF-SC,DEL04-SC,UOP02-DEL04-SC,2023
"511671,0",2023-03-20,segunda-feira,04:15:00,SC,282,"18,4",PALHOCA,Acessar a via sem observar a presença dos outros veículos,Colisão transversal,Sem Vítimas,Plena Noite,Decrescente,Céu Claro,Dupla,Reta,Sim,2,0,0,0,2,0,0,2,-27.672798,-48.694286,SPRF-SC,DEL01-SC,UOP02-DEL01-SC,2023
"511689,0",2023-03-20,segunda-feira,07:50:00,SC,282,"23,0",SANTO AMARO DA IMPERATRIZ,Conversão proibida,Colisão frontal,Sem Vítimas,Pleno dia,Crescente,Sol,Simples,Reta,Sim,2,0,0,0,2,0,0,2,-27.687958,-48.736794,SPRF-SC,DEL01-SC,UOP02-DEL01-SC,2023
"511802,0",2023-03-20,segunda-feira,15:10:00,SC,282,"409,0",CATANDUVAS,Acessar a via sem observar a presença dos outros veículos,Colisão transversal,Com Vítimas Feridas,Pleno dia,Crescente,Céu Claro,Simples,Rotatória,Sim,3,0,1,0,2,0,1,2,-27.067039,-51.66314,SPRF-SC,DEL07-SC,UOP05-DEL07-SC,2023
"511823,0",2023-03-20,segunda-feira,18:30:00,SC,280,"74,0",JARAGUA DO SUL,Desrespeitar a preferência no cruzamento,Colisão transversal,Com Vítimas Feridas,Plena Noite,Crescente,Céu Claro,Simples,Rotatória,Sim,2,0,1,0,1,0,1,2,-26.45877322,-49.16147801,SPRF-SC,DEL03-SC,UOP03-DEL03-SC,2023
"511825,0",2023-03-20,segunda-feira,17:15:00,SC,470,"145,6",RIO DO SUL,Velocidade Incompatível,Saída de leito carroçável,Com Vítimas Feridas,Pleno dia,Decrescente,Chuva,Simples,Reta,Sim,2,0,1,0,0,1,1,2,-27.23837611,-49.68326569,SPRF-SC,DEL04-SC,UOP02-DEL04-SC,2023
"511852,0",2023-03-20,segunda-feira,18:35:00,SC,280,"243,1",CANOINHAS,Reação tardia ou ineficiente do condutor,Colisão com objeto,Sem Vítimas,Anoitecer,Crescente,Céu Claro,Simples,Reta,Não,2,0,0,0,1,2,0,3,-26.23350047,-50.47668595,SPRF-SC,DEL06-SC,UOP04-DEL06-SC,2023
"511870,0",2023-03-20,segunda-feira,19:20:00,SC,470,"213,5",SAO CRISTOVAO DO SUL,Reação tardia ou ineficiente do condutor,Colisão lateral sentido oposto,Com Vítimas Feridas,Anoitecer,Decrescente,Nublado,Simples,Reta,Não,6,0,4,0,1,1,4,4,-27.306669,-50.24688,SPRF-SC,DEL05-SC,UOP03-DEL05-SC,2023
"511891,0",2023-03-21,terça-feira,06:00:00,SC,116,"246,0",LAGES,Transitar na contramão,Colisão transversal,Com Vítimas Feridas,Amanhecer,Decrescente,Nublado,Simples,Reta,Sim,2,0,1,0,0,1,1,2,-27.80419942,-50.36509464,SPRF-SC,DEL05-SC,UOP02-DEL05-SC,2023
"511925,0",2023-03-21,terça-feira,09:20:00,SC,470,"58,3",BLUMENAU,Ausência de reação do condutor,Colisão traseira,Sem Vítimas,Pleno dia,Crescente,Céu Claro,Simples,Reta,Sim,4,0,0,0,4,0,0,4,-26.88409576,-49.14986014,SPRF-SC,DEL04-SC,UOP01-DEL04-SC,2023
"511978,0",2023-02-24,sexta-feira,04:40:00,SC,280,"259,1",CANOINHAS,Transitar na contramão,Colisão lateral sentido oposto,Com Vítimas Feridas,Plena Noite,Crescente,Nublado,Simples,Reta,Não,4,0,2,1,1,0,3,2,-26.26285061,-50.62826397,SPRF-SC,DEL06-SC,UOP04-DEL06-SC,2023
"512040,0",2023-03-21,terça-feira,18:35:00,SC,116,"12,0",MAFRA,Desrespeitar a preferência no cruzamento,Colisão transversal,Com Vítimas Feridas,Plena Noite,Crescente,Céu Claro,Simples,Reta;Interseção de Vias,Não,6,0,3,0,3,0,3,2,-26.17877859,-49.86720998,SPRF-SC,DEL06-SC,UOP01-DEL06-SC,2023
"512048,0",2023-03-04,sábado,00:55:00,SC,101,"73,5",ARAQUARI,Velocidade Incompatível,Colisão traseira,Com Vítimas Feridas,Plena Noite,Crescente,Chuva,Dupla,Curva,Não,9,0,2,3,1,3,5,6,-26.53567108,-48.71326731,SPRF-SC,DEL03-SC,UOP02-DEL03-SC,2023
"512077,0",2023-03-22,quarta-feira,03:48:00,SC,101,"121,8",ITAJAI,Avarias e/ou desgaste excessivo no pneu,Colisão com objeto,Com Vítimas Feridas,Plena Noite,Crescente,Céu Claro,Dupla,Reta,Sim,3,0,1,0,1,1,1,3,-26.92103178,-48.70856446,SPRF-SC,DEL04-SC,UOP04-DEL04-SC,2023
"512094,0",2023-03-22,quarta-feira,06:45:00,SC,280,"81,8",CORUPA,Acessar a via sem observar a presença dos outros veículos,Colisão transversal,Com Vítimas Feridas,Amanhecer,Crescente,Céu Claro,Simples,Reta,Sim,2,0,1,0,1,0,1,2,-26.44057489,-49.217056,SPRF-SC,DEL06-SC,UOP03-DEL06-SC,2023
"512138,0",2023-03-22,quarta-feira,12:20:00,SC,101,"204,0",SAO JOSE,Reação tardia ou ineficiente do condutor,Colisão lateral mesmo sentido,Sem Vítimas,Pleno dia,Crescente,Céu Claro,Múltipla,Reta,Sim,3,0,0,0,2,1,0,3,-27.57413014,-48.61363083,SPRF-SC,DEL01-SC,UOP01-DEL01-SC,2023
"512149,0",2023-01-21,sábado,20:15:00,SC,282,"278,0",SAO JOSE DO CERRITO,Ingestão de álcool pelo condutor,Colisão lateral sentido oposto,Com Vítimas Feridas,Plena Noite,Crescente,Céu Claro,Simples,Curva,Sim,8,0,3,2,2,1,5,4,-27.587807,-50.735706,SPRF-SC,DEL05-SC,UOP02-DEL05-SC,2023
"512175,0",2023-03-22,quarta-feira,15:22:00,SC,101,"208,3",SAO JOSE,Manobra de mudança de faixa,Colisão lateral mesmo sentido,Com Vítimas Feridas,Pleno dia,Crescente,Chuva,Múltipla,Reta,Sim,2,0,1,0,1,0,1,2,-27.60327979,-48.63201818,SPRF-SC,DEL01-SC,UOP01-DEL01-SC,2023
"512200,0",2023-03-22,quarta-feira,15:50:00,SC,470,"125,1",LONTRAS,Reação tardia ou ineficiente do condutor,Colisão transversal,Com Vítimas Feridas,Pleno dia,Crescente,Céu Claro,Simples,Reta,Sim,4,0,1,1,1,1,2,4,-27.12323679,-49.53657031,SPRF-SC,DEL04-SC,UOP02-DEL04-SC,2023
"512253,0",2023-03-22,quarta-feira,17:55:00,SC,101,"117,4",ITAJAI,Acessar a via sem observar a presença dos outros veículos,Colisão transversal,Com Vítimas Feridas,Anoitecer,Decrescente,Céu Claro,Múltipla,Curva,Sim,3,0,0,1,1,1,1,3,-26.88747187,-48.72252969,SPRF-SC,DEL04-SC,UOP04-DEL04-SC,2023
"512270,0",2023-03-23,quinta-feira,02:10:00,SC,101,"128,0",ITAJAI,Acumulo de água sobre o pavimento,Colisão com objeto,Com Vítimas Feridas,Plena Noite,Decrescente,Chuva,Dupla,Reta,Não,3,0,1,0,1,2,1,4,-26.97284292,-48.68299451,SPRF-SC,DEL04-SC,UOP04-DEL04-SC,2023
"512374,0",2023-03-23,quinta-feira,16:10:00,SC,470,"142,0",RIO DO SUL,Acumulo de óleo sobre o pavimento,Tombamento,Com Vítimas Feridas,Pleno dia,Decrescente,Nublado,Simples,Curva;Viaduto,Sim,2,0,0,1,1,0,1,2,-27.229801,-49.6693,SPRF-SC,DEL04-SC,UOP02-DEL04-SC,2023
"512379,0",2023-03-23,quinta-feira,15:50:00,SC,101,"335,1",TUBARAO,Ausência de reação do condutor,Colisão traseira,Com Vítimas Feridas,Pleno dia,Crescente,Céu Claro,Dupla,Reta;Aclive,Sim,3,0,1,0,1,1,1,3,-28.4738219,-49.02545929,SPRF-SC,DEL02-SC,UOP01-DEL02-SC,2023
"512410,0",2023-03-23,quinta-feira,17:30:00,SC,101,"79,0",ARAQUARI,Manobra de mudança de faixa,Colisão transversal,Com Vítimas Feridas,Pleno dia,Decrescente,Céu Claro,Múltipla,Interseção de Vias;Reta,Não,4,0,2,0,2,0,2,2,-26.58559601,-48.72192112,SPRF-SC,DEL03-SC,UOP02-DEL03-SC,2023
"512414,0",2023-03-23,quinta-feira,19:50:00,SC,282,"40,6",AGUAS MORNAS,Velocidade Incompatível,Colisão frontal,Com Vítimas Feridas,Plena Noite,Decrescente,Chuva,Simples,Curva,Não,2,0,1,0,1,0,1,2,-27.716148,-48.869583,SPRF-SC,DEL01-SC,UOP03-DEL01-SC,2023
"512421,0",2023-03-23,quinta-feira,21:15:00,SC,101,"150,0",ITAPEMA,Reação tardia ou ineficiente do condutor,Colisão traseira,Com Vítimas Feridas,Plena Noite,Crescente,Garoa/Chuvisco,Múltipla,Reta,Sim,2,0,1,0,0,1,1,2,-27.11744799,-48.60940987,SPRF-SC,DEL04-SC,UOP03-DEL04-SC,2023
"512452,0",2023-03-24,sexta-feira,05:25:00,SC,470,"60,0",BLUMENAU,Reação tardia ou ineficiente do condutor,Colisão frontal,Com Vítimas Feridas,Amanhecer,Decrescente,Céu Claro,Simples,Reta,Sim,2,0,1,1,0,0,2,2,-26.88138,-49.164543,SPRF-SC,DEL04-SC,UOP01-DEL04-SC,2023
"512486,0",2023-02-28,terça-feira,16:05:00,SC,282,"216,5",LAGES,Acessar a via sem observar a presença dos outros veículos,Colisão transversal,Com Vítimas Fatais,Pleno dia,Crescente,Céu Claro,Múltipla,Aclive;Reta;Interseção de Vias,Sim,3,1,0,0,1,1,0,3,-27.7963533,-50.2885983,SPRF-SC,DEL05-SC,UOP01-DEL05-SC,2023
"512517,0",2023-03-24,sexta-feira,12:30:00,SC,101,"79,0",ARAQUARI,Reação tardia ou ineficiente do condutor,Colisão traseira,Com Vítimas Feridas,Pleno dia,Decrescente,Céu Claro,Múltipla,Reta,Sim,3,0,1,0,1,1,1,3,-26.58559601,-48.72192112,SPRF-SC,DEL03-SC,UOP02-DEL03-SC,2023
"512522,0",2023-03-24,sexta-feira,12:07:00,SC,470,"56,0",BLUMENAU,Acessar a via sem observar a presença dos outros veículos,Colisão transversal,Com Vítimas Feridas,Pleno dia,Crescente,Céu Claro,Simples,Retorno Regulamentado;Reta,Sim,3,0,1,0,2,0,1,2,-26.87674,-49.127743,SPRF-SC,DEL04-SC,UOP01-DEL04-SC,2023
"512596,0",2023-03-24,sexta-feira,17:00:00,SC,470,"177,5",POUSO REDONDO,Condutor deixou de manter distância do veículo da frente,Colisão traseira,Sem Vítimas,Pleno dia,Decrescente,Chuva,Simples,Reta;Aclive,Sim,2,0,0,0,1,1,0,2,-27.24867788,-49.96685028,SPRF-SC,DEL04-SC,UOP02-DEL04-SC,2023
"512616,0",2023-03-24,sexta-feira,16:15:00,SC,116,"86,0",MONTE CASTELO,Transitar na contramão,Colisão frontal,Com Vítimas Feridas,Pleno dia,Crescente,Céu Claro,Simples,Reta;Aclive,Não,2,0,0,1,0,1,1,2,-26.60977491,-50.22937022,SPRF-SC,DEL06-SC,UOP02-DEL06-SC,2023
"512671,0",2023-03-25,sábado,01:20:00,SC,101,"369,0",ICARA,Condutor Dormindo,Saída de leito carroçável,Com Vítimas Feridas,Plena Noite,Decrescente,Céu Claro,Dupla,Reta,Não,2,0,2,0,0,0,2,1,-28.69775604,-49.182934,SPRF-SC,DEL02-SC,UOP01-DEL02-SC,2023
"512700,0",2023-03-25,sábado,08:00:00,SC,101,"109,7",PENHA,Reação tardia ou ineficiente do condutor,Colisão traseira,Com Vítimas Feridas,Pleno dia,Crescente,Nublado,Dupla,Reta,Não,3,0,1,0,1,3,1,5,-26.83474286,-48.70246232,SPRF-SC,DEL03-SC,UOP02-DEL03-SC,2023
"512813,0",2023-03-25,sábado,21:20:00,SC,282,"577,0",PINHALZINHO,Transitar na contramão,Colisão lateral sentido oposto,Sem Vítimas,Plena Noite,Decrescente,Chuva,Simples,Reta,Sim,3,0,0,0,1,2,0,3,-26.84676,-52.980644,SPRF-SC,DEL07-SC,UOP02-DEL07-SC,2023
"512840,0",2023-03-25,sábado,14:50:00,SC,101,"25,0",JOINVILLE,Ingestão de substâncias psicoativas pelo condutor,Colisão traseira,Com Vítimas Feridas,Pleno dia,Crescente,Céu Claro,Dupla,Reta,Sim,5,0,2,0,2,2,2,5,-26.1834739,-48.9105912,SPRF-SC,DEL03-SC,UOP01-DEL03-SC,2023
"512947,0",2023-03-26,domingo,13:00:00,SC,282,"71,0",RANCHO QUEIMADO,Demais falhas mecânicas ou elétricas,Incêndio,Sem Vítimas,Pleno dia,Crescente,Céu Claro,Simples,Reta,Não,2,0,0,0,1,1,0,2,-27.689093,-49.097748,SPRF-SC,DEL01-SC,UOP03-DEL01-SC,2023
"512967,0",2023-03-26,domingo,11:40:00,SC,101,"31,9",JOINVILLE,Ausência de reação do condutor,Colisão traseira,Com Vítimas Feridas,Pleno dia,Decrescente,Céu Claro,Múltipla,Reta,Não,7,0,1,1,4,2,2,5,-26.24379061,-48.91070366,SPRF-SC,DEL03-SC,UOP01-DEL03-SC,2023
"512997,0",2023-03-26,domingo,18:00:00,SC,101,"105,0",PENHA,Ausência de reação do condutor,Colisão traseira,Sem Vítimas,Anoitecer,Crescente,Céu Claro,Dupla,Curva,Não,4,0,0,0,3,1,0,4,-26.80215497,-48.67891041,SPRF-SC,DEL03-SC,UOP02-DEL03-SC,2023
"513002,0",2023-03-26,domingo,07:15:00,SC,282,"301,0",VARGEM,Velocidade Incompatível,Saída de leito carroçável,Com Vítimas Feridas,Pleno dia,Decrescente,Céu Claro,Simples,Declive;Curva,Não,1,0,1,0,0,0,1,1,-27.510321,-50.922432,SPRF-SC,DEL07-SC,UOP06-DEL07-SC,2023
"513041,0",2023-03-26,domingo,20:20:00,SC,116,"188,0",SAO CRISTOVAO DO SUL,Acessar a via sem observar a presença dos outros veículos,Colisão lateral mesmo sentido,Com Vítimas Feridas,Plena Noite,Crescente,Céu Claro,Simples,Reta,Não,2,0,1,0,0,1,1,2,-27.32965789,-50.42513021,SPRF-SC,DEL05-SC,UOP03-DEL05-SC,2023
"513141,0",2023-03-27,segunda-feira,07:10:00,SC,101,"362,1",SANGAO,Reação tardia ou ineficiente do condutor,Colisão traseira,Com Vítimas Feridas,Pleno dia,Decrescente,Céu Claro,Dupla,Reta;Aclive,Não,3,0,1,0,1,1,1,3,-28.67727,-49.134613,SPRF-SC,DEL02-SC,UOP01-DEL02-SC,2023
"513172,0",2023-03-27,segunda-feira,06:45:00,SC,116,"125,6",SANTA CECILIA,Ausência de reação do condutor,Tombamento,Com Vítimas Feridas,Pleno dia,Decrescente,Céu Claro,Simples,Declive;Curva,Não,2,0,1,0,1,0,1,1,-26.859087,-50.40431503,SPRF-SC,DEL06-SC,UOP02-DEL06-SC,2023
"513175,0",2023-03-27,segunda-feira,11:20:00,SC,163,"69,0",SAO MIGUEL DO OESTE,Ausência de reação do condutor,Colisão traseira,Com Vítimas Feridas,Pleno dia,Decrescente,Céu Claro,Dupla,Reta,Sim,2,0,1,0,1,0,1,2,-26.73392097,-53.50798845,SPRF-SC,DEL07-SC,UOP03-DEL07-SC,2023
"513255,0",2023-03-27,segunda-feira,07:40:00,SC,282,"599,0",MARAVILHA,Condutor deixou de manter distância do veículo da frente,Colisão traseira,Com Vítimas Feridas,Pleno dia,Crescente,Céu Claro,Simples,Curva,Não,4,0,1,0,2,1,1,4,-26.820206,-53.155052,SPRF-SC,DEL07-SC,UOP02-DEL07-SC,2023
"513321,0",2023-03-28,terça-feira,07:17:00,SC,116,"222,0",CORREIA PINTO,Acessar a via sem observar a presença dos outros veículos,Colisão lateral mesmo sentido,Sem Vítimas,Pleno dia,Decrescente,Céu Claro,Simples,Reta,Não,4,0,0,0,3,2,0,4,-27.59523116,-50.35862446,SPRF-SC,DEL05-SC,UOP03-DEL05-SC,2023
"513327,0",2023-03-28,terça-feira,05:00:00,SC,282,"444,1",PONTE SERRADA,Acessar a via sem observar a presença dos outros veículos,Colisão lateral sentido oposto,Com Vítimas Feridas,Plena Noite,Decrescente,Céu Claro,Simples,Reta,Não,3,0,1,0,1,1,1,3,-26.915865,-51.901859,SPRF-SC,DEL07-SC,UOP04-DEL07-SC,2023
"513394,0",2023-03-28,terça-feira,13:15:00,SC,282,"424,9",VARGEM BONITA,Reação tardia ou ineficiente do condutor,Colisão frontal,Com Vítimas Fatais,Pleno dia,Decrescente,Sol,Simples,Declive;Curva,Não,4,1,0,0,2,1,0,3,-26.9887269,-51.7533025,SPRF-SC,DEL07-SC,UOP05-DEL07-SC,2023
"513407,0",2023-03-28,terça-feira,13:25:00,SC,282,"518,6",XAXIM,Reação tardia ou ineficiente do condutor,Colisão lateral mesmo sentido,Sem Vítimas,Pleno dia,Decrescente,Céu Claro,Simples,Reta,Não,3,0,0,0,2,2,0,4,-26.94510268,-52.51107574,SPRF-SC,DEL07-SC,UOP01-DEL07-SC,2023
"513466,0",2023-03-29,quarta-feira,00:15:00,SC,470,"69,8",INDAIAL,Ultrapassagem Indevida,Colisão lateral mesmo sentido,Sem Vítimas,Plena Noite,Crescente,Nublado,Simples,Reta;Em Obras,Sim,2,0,0,0,1,1,0,2,-26.883745,-49.246704,SPRF-SC,DEL04-SC,UOP01-DEL04-SC,2023
"513505,0",2023-03-25,sábado,15:30:00,SC,101,"46,0",JOINVILLE,Ingestão de substâncias psicoativas pelo condutor,Colisão traseira,Com Vítimas Feridas,Pleno dia,Crescente,Céu Claro,Dupla,Curva,Sim,4,0,2,0,1,4,2,6,-26.33150083,-48.86187762,SPRF-SC,DEL03-SC,UOP01-DEL03-SC,2023
"513510,0",2023-03-29,quarta-feira,10:00:00,SC,101,"211,5",PALHOCA,Condutor deixou de manter distância do veículo da frente,Engavetamento,Com Vítimas Feridas,Pleno dia,Crescente,Céu Claro,Múltipla,Aclive;Reta,Não,6,0,2,0,3,8,2,12,-27.62329313,-48.65245588,SPRF-SC,DEL01-SC,UOP02-DEL01-SC,2023
"513532,0",2023-01-08,domingo,15:00:00,SC,282,"224,0",LAGES,Acessar a via sem observar a presença dos outros veículos,Colisão transversal,Com Vítimas Feridas,Pleno dia,Decrescente,Céu Claro,Simples,Rotatória,Sim,3,0,1,1,1,0,2,2,-27.79969745,-50.36334515,SPRF-SC,DEL05-SC,UOP02-DEL05-SC,2023
"513586,0",2023-03-29,quarta-feira,16:20:00,SC,163,"67,5",SAO MIGUEL DO OESTE,Ausência de reação do condutor,Colisão transversal,Com Vítimas Feridas,Pleno dia,Decrescente,Nublado,Dupla,Reta,Sim,3,0,1,0,1,1,1,3,-26.759436,-53.50055292,SPRF-SC,DEL07-SC,UOP03-DEL07-SC,2023
"513590,0",2023-03-29,quarta-feira,15:55:00,SC,280,"48,9",GUARAMIRIM,Transitar na contramão,Colisão frontal,Com Vítimas Feridas,Pleno dia,Decrescente,Céu Claro,Simples,Aclive;Reta,Não,2,0,0,1,1,0,1,2,-26.45506795,-48.92766502,SPRF-SC,DEL03-SC,UOP03-DEL03-SC,2023
"513615,0",2023-03-29,quarta-feira,11:30:00,SC,282,"30,0",SANTO AMARO DA IMPERATRIZ,Problema com o freio,Saída de leito carroçável,Sem Vítimas,Pleno dia,Decrescente,Céu Claro,Simples,Curva;Declive,Não,2,0,0,0,1,1,0,2,-27.687376,-48.79071,SPRF-SC,DEL01-SC,UOP03-DEL01-SC,2023
"513630,0",2023-03-29,quarta-feira,13:40:00,SC,470,"356,0",CAMPOS NOVOS,Velocidade Incompatível,Tombamento,Com Vítimas Feridas,Pleno dia,Decrescente,Nublado,Simples,Curva;Declive;Ponte,Não,1,0,1,0,0,0,1,1,-27.596577,-51.473782,SPRF-SC,DEL07-SC,UOP06-DEL07-SC,2023
"513634,0",2023-03-29,quarta-feira,18:45:00,SC,280,"271,8",IRINEOPOLIS,Objeto estático sobre o leito carroçável,Tombamento,Com Vítimas Feridas,Anoitecer,Decrescente,Chuva,Simples,Reta,Não,6,0,0,4,1,2,4,4,-26.2720695,-50.74536523,SPRF-SC,DEL06-SC,UOP04-DEL06-SC,2023
"513686,0",2023-03-30,quinta-feira,07:50:00,SC,470,"10,0",NAVEGANTES,Acessar a via sem observar a presença dos outros veículos,Colisão transversal,Com Vítimas Feridas,Pleno dia,Decrescente,Céu Claro,Dupla,Interseção de Vias;Viaduto,Não,4,0,2,2,0,0,4,2,-26.83136622,-48.73833418,SPRF-SC,DEL04-SC,UOP04-DEL04-SC,2023
"513704,0",2023-03-30,quinta-feira,11:20:00,SC,282,"19,8",PALHOCA,Ultrapassagem Indevida,Colisão com objeto,Com Vítimas Feridas,Pleno dia,Crescente,Sol,Simples,Reta,Sim,2,0,0,1,1,0,1,2,-27.678635,-48.70192,SPRF-SC,DEL01-SC,UOP02-DEL01-SC,2023
"513714,0",2023-03-30,quinta-feira,11:00:00,SC,101,"79,2",ARAQUARI,Reação tardia ou ineficiente do condutor,Colisão traseira,Com Vítimas Feridas,Pleno dia,Crescente,Céu Claro,Dupla,Reta,Não,3,0,2,0,0,1,2,3,-26.5878,-48.7216,SPRF-SC,DEL03-SC,UOP02-DEL03-SC,2023
"513729,0",2023-03-30,quinta-feira,14:10:00,SC,101,"33,5",JOINVILLE,Acessar a via sem observar a presença dos outros veículos,Colisão lateral mesmo sentido,Com Vítimas Feridas,Pleno dia,Crescente,Céu Claro,Dupla,Interseção de Vias,Sim,3,0,1,0,1,1,1,3,-26.25708872,-48.904953,SPRF-SC,DEL03-SC,UOP01-DEL03-SC,2023
"513730,0",2023-03-30,quinta-feira,13:50:00,SC,101,"299,4",LAGUNA,Acessar a via sem observar a presença dos outros veículos,Colisão lateral mesmo sentido,Com Vítimas Feridas,Pleno dia,Decrescente,Céu Claro,Múltipla,Reta,Não,3,0,1,0,1,2,1,4,-28.3286551,-48.73211466,SPRF-SC,DEL02-SC,UOP03-DEL02-SC,2023
"513731,0",2023-03-01,quarta-feira,09:12:00,SC,163,"68,9",SAO MIGUEL DO OESTE,Velocidade Incompatível,Colisão transversal,Com Vítimas Feridas,Pleno dia,Crescente,Céu Claro,Dupla,Reta;Declive,Sim,2,0,1,0,1,0,1,2,-26.75038301,-53.50086841,SPRF-SC,DEL07-SC,UOP03-DEL07-SC,2023
"513810,0",2023-03-30,quinta-feira,22:20:00,SC,470,"138,8",RIO DO SUL,Acessar a via sem observar a presença dos outros veículos,Colisão lateral mesmo sentido,Sem Vítimas,Plena Noite,Decrescente,Garoa/Chuvisco,Simples,Reta;Interseção de Vias,Sim,3,0,0,0,1,2,0,3,-27.207214,-49.648476,SPRF-SC,DEL04-SC,UOP02-DEL04-SC,2023
"513831,0",2023-03-31,sexta-feira,06:45:00,SC,101,"112,0",ITAJAI,Velocidade Incompatível,Tombamento,Sem Vítimas,Amanhecer,Crescente,Céu Claro,Dupla,Reta;Interseção de Vias,Não,2,0,0,0,1,2,0,3,-26.84589005,-48.72131295,SPRF-SC,DEL04-SC,UOP04-DEL04-SC,2023
"513894,0",2023-03-31,sexta-feira,10:45:00,SC,470,"281,8",BRUNOPOLIS,Velocidade Incompatível,Tombamento,Com Vítimas Feridas,Pleno dia,Crescente,Céu Claro,Simples,Aclive;Curva,Não,3,0,1,0,1,1,1,2,-27.334003,-50.872852,SPRF-SC,DEL07-SC,UOP06-DEL07-SC,2023
"513925,0",2023-03-31,sexta-feira,14:45:00,SC,101,"121,0",ITAJAI,Velocidade Incompatível,Colisão traseira,Com Vítimas Feridas,Pleno dia,Decrescente,Céu Claro,Múltipla,Reta,Sim,2,0,0,1,1,0,1,2,-26.92103178,-48.70856446,SPRF-SC,DEL04-SC,UOP04-DEL04-SC,2023