id,data_inversa,dia_semana,horario,uf,br,km,municipio,causa_acidente,tipo_acidente,classificacao_acidente,fase_dia,sentido_via,condicao_metereologica,tipo_pista,tracado_via,uso_solo,pessoas,mortos,feridos_leves,feridos_graves,ilesos,ignorados,feridos,veiculos,latitude,longitude,regional,delegacia,uop,ano_arquivo
"514039,0",2023-03-31,sexta-feira,23:40:00,SC,101,"90,2",BARRA VELHA,Reação tardia ou ineficiente do condutor,Queda de ocupante de veículo,Com Vítimas Feridas,Plena Noite,Crescente,Céu Claro,Simples,Reta,Não,2,0,1,0,1,0,1,2,-26.66148503,-48.68866176,SPRF-SC,DEL03-SC,UOP02-DEL03-SC,2023
"514055,0",2023-04-01,sábado,01:05:00,SC,280,"139,0",MAFRA,Reação tardia ou ineficiente do condutor,Colisão com objeto,Sem Vítimas,Plena Noite,Crescente,Céu Claro,Simples,Reta;Declive,Não,1,0,0,0,0,1,0,1,-26.254826,-49.603124,SPRF-SC,DEL06-SC,UOP03-DEL06-SC,2023
"514132,0",2023-04-01,sábado,12:00:00,SC,101,"141,7",ITAPEMA,Velocidade Incompatível,Colisão lateral mesmo sentido,Sem Vítimas,Pleno dia,Crescente,Sol,Dupla,Curva,Não,2,0,0,0,2,0,0,2,-27.04761729,-48.59995855,SPRF-SC,DEL04-SC,UOP03-DEL04-SC,2023
"514158,0",2023-04-01,sábado,16:30:00,SC,470,"58,0",BLUMENAU,Ausência de reação do condutor,Colisão traseira,Com Vítimas Feridas,Pleno dia,Crescente,Sol,Simples,Reta;Ponte,Não,4,0,1,1,1,1,2,3,-26.883879,-49.145622,SPRF-SC,DEL04-SC,UOP01-DEL04-SC,2023
"514205,0",2023-04-01,sábado,15:00:00,SC,101,"148,0",ITAPEMA,Ausência de reação do condutor,Colisão traseira,Com Vítimas Feridas,Pleno dia,Decrescente,Céu Claro,Dupla,Reta,Não,4,0,1,0,3,0,1,2,-27.10123686,-48.61807962,SPRF-SC,DEL04-SC,UOP03-DEL04-SC,2023
"514291,0",2023-04-01,sábado,17:10:00,SC,163,"71,0",SAO MIGUEL DO OESTE,Acessar a via sem observar a presença dos outros veículos,Colisão transversal,Sem Vítimas,Pleno dia,Crescente,Céu Claro,Dupla,Reta,Sim,2,0,0,0,2,0,0,2,-26.73461723,-53.50680015,SPRF-SC,DEL07-SC,UOP03-DEL07-SC,2023
"514324,0",2023-04-02,domingo,05:37:00,SC,282,"523,9",XAXIM,Transitar na contramão,Colisão frontal,Com Vítimas Fatais,Amanhecer,Decrescente,Céu Claro,Simples,Curva,Não,5,1,0,0,3,1,0,3,-26.9661258,-52.5555924,SPRF-SC,DEL07-SC,UOP01-DEL07-SC,2023
"514371,0",2023-04-02,domingo,16:00:00,SC,101,"74,0",ARAQUARI,Acessar a via sem observar a presença dos outros veículos,Colisão lateral mesmo sentido,Com Vítimas Feridas,Pleno dia,Decrescente,Sol,Múltipla,Interseção de Vias,Não,4,0,1,0,3,0,1,3,-26.54446209,-48.71214452,SPRF-SC,DEL03-SC,UOP02-DEL03-SC,2023
"514398,0",2023-04-02,domingo,18:00:00,SC,101,"63,3",ARAQUARI,Manobra de mudança de faixa,Colisão lateral mesmo sentido,Com Vítimas Feridas,Anoitecer,Decrescente,Céu Claro,Dupla,Curva,Não,3,0,1,0,2,0,1,2,-26.45898367,-48.7584088,SPRF-SC,DEL03-SC,UOP02-DEL03-SC,2023
"514437,0",2023-01-07,sábado,11:30:00,SC,101,"141,0",BALNEARIO CAMBORIU,Manobra de mudança de faixa,Colisão lateral mesmo sentido,Com Vítimas Feridas,Pleno dia,Decrescente,Céu Claro,Dupla,Reta,Sim,5,0,2,2,1,0,4,2,-27.04761729,-48.59995855,SPRF-SC,DEL04-SC,UOP03-DEL04-SC,2023
"514448,0",2023-04-02,domingo,19:35:00,SC,116,"5,6",MAFRA,Desrespeitar a preferência no cruzamento,Colisão transversal,Com Vítimas Fatais,Plena Noite,Decrescente,Céu Claro,Múltipla,Interseção de Vias,Sim,4,1,0,0,1,3,0,5,-26.14533543,-49.82141018,SPRF-SC,DEL06-SC,UOP01-DEL06-SC,2023
"514510,0",2023-04-03,segunda-feira,04:34:00,SC,470,"152,0",TROMBUDO CENTRAL,Condutor Dormindo,Colisão lateral sentido oposto,Sem Vítimas,Plena Noite,Crescente,Céu Claro,Simples,Reta,Não,3,0,0,0,2,2,0,4,-27.266434,-49.727642,SPRF-SC,DEL04-SC,UOP02-DEL04-SC,2023
"514546,0",2023-03-06,segunda-feira,22:47:00,SC,282,"508,9",XANXERE,Velocidade Incompatível,Colisão frontal,Com Vítimas Fatais,Plena Noite,Crescente,Nublado,Simples,Declive;Curva,Não,3,1,0,1,0,1,1,3,-26.88833204,-52.45449722,SPRF-SC,DEL07-SC,UOP01-DEL07-SC,2023
"514623,0",2023-04-03,segunda-feira,18:00:00,SC,101,"151,0",ITAPEMA,Velocidade Incompatível,Tombamento,Com Vítimas Feridas,Anoitecer,Crescente,Céu Claro,Múltipla,Reta,Não,1,0,1,0,0,0,1,1,-27.126536,-48.609642,SPRF-SC,DEL04-SC,UOP03-DEL04-SC,2023
"514673,0",2023-04-03,segunda-feira,19:22:00,SC,153,"10,0",AGUA DOCE,Ultrapassagem Indevida,Colisão frontal,Com Vítimas Feridas,Plena Noite,Decrescente,Céu Claro,Simples,Reta,Não,5,0,2,1,1,1,3,3,-26.670422,-51.549721,SPRF-SC,DEL07-SC,UOP07-DEL07-SC,2023
"514681,0",2023-04-03,segunda-feira,22:30:00,SC,282,"346,7",CAMPOS NOVOS,Velocidade Incompatível,Colisão traseira,Com Vítimas Feridas,Plena Noite,Crescente,Céu Claro,Simples,Reta,Não,3,0,0,1,1,1,1,3,-27.368792,-51.254639,SPRF-SC,DEL07-SC,UOP06-DEL07-SC,2023
"514766,0",2023-04-04,terça-feira,14:00:00,SC,470,"91,0",ASCURRA,Ausência de reação do condutor,Colisão traseira,Com Vítimas Feridas,Pleno dia,Crescente,Céu Claro,Simples,Reta,Não,2,0,1,0,1,0,1,2,-26.97769,-49.369198,SPRF-SC,DEL04-SC,UOP01-DEL04-SC,2023
"514783,0",2023-04-04,terça-feira,10:50:00,SC,282,"369,5",ERVAL VELHO,Transitar na contramão,Colisão frontal,Com Vítimas Feridas,Pleno dia,Decrescente,Céu Claro,Simples,Curva,Não,3,0,1,0,1,1,1,3,-27.277081,-51.44075,SPRF-SC,DEL07-SC,UOP05-DEL07-SC,2023
"514792,0",2023-04-04,terça-feira,15:40:00,SC,101,"283,0",IMBITUBA,Reação tardia ou ineficiente do condutor,Colisão traseira,Com Vítimas Feridas,Pleno dia,Crescente,Céu Claro,Dupla,Reta,Não,3,0,1,0,1,1,1,3,-28.220864,-48.700543,SPRF-SC,DEL02-SC,UOP03-DEL02-SC,2023
"514810,0",2023-04-04,terça-feira,17:00:00,SC,282,"73,0",RANCHO QUEIMADO,Velocidade Incompatível,Colisão traseira,Sem Vítimas,Pleno dia,Decrescente,Nublado,Simples,Reta,Não,2,0,0,0,2,0,0,2,-27.681437,-49.113388,SPRF-SC,DEL01-SC,UOP03-DEL01-SC,2023
"514861,0",2023-04-04,terça-feira,22:35:00,SC,101,"249,3",PAULO LOPES,Reação tardia ou ineficiente do condutor,Colisão traseira,Com Vítimas Feridas,Plena Noite,Decrescente,Céu Claro,Dupla,Curva,Não,2,0,1,0,1,0,1,2,-27.93799097,-48.66317868,SPRF-SC,DEL02-SC,UOP03-DEL02-SC,2023
"514921,0",2023-04-05,quarta-feira,07:10:00,SC,470,"81,9",RODEIO,Velocidade Incompatível,Tombamento,Com Vítimas Feridas,Amanhecer,Decrescente,Céu Claro,Simples,Curva,Não,2,0,1,0,0,1,1,2,-26.950367,-49.325638,SPRF-SC,DEL04-SC,UOP01-DEL04-SC,2023
"514926,0",2023-04-05,quarta-feira,10:10:00,SC,282,"536,0",CHAPECO,Desrespeitar a preferência no cruzamento,Colisão transversal,Com Vítimas Feridas,Pleno dia,Crescente,Sol,Simples,Rotatória;Viaduto,Não,6,0,2,0,3,1,2,3,-27.000408,-52.64717102,SPRF-SC,DEL07-SC,UOP01-DEL07-SC,2023
"514964,0",2023-03-01,quarta-feira,04:20:00,SC,280,"141,0",MAFRA,Condutor Dormindo,Saída de leito carroçável,Com Vítimas Feridas,Amanhecer,Decrescente,Céu Claro,Simples,Declive;Curva,Não,2,0,1,0,0,1,1,2,-26.25591654,-49.62226321,SPRF-SC,DEL06-SC,UOP03-DEL06-SC,2023
"514969,0",2023-04-05,quarta-feira,13:45:00,SC,101,"362,0",SANGAO,Reação tardia ou ineficiente do condutor,Colisão traseira,Com Vítimas Feridas,Pleno dia,Decrescente,Nublado,Dupla,Reta;Aclive,Não,3,0,1,0,0,3,1,4,-28.67136197,-49.12225505,SPRF-SC,DEL02-SC,UOP01-DEL02-SC,2023
"515016,0",2023-04-05,quarta-feira,18:39:00,SC,101,"25,6",JOINVILLE,Acessar a via sem observar a presença dos outros veículos,Colisão lateral mesmo sentido,Sem Vítimas,Plena Noite,Crescente,Nublado,Dupla,Reta;Declive;Interseção de Vias,Sim,2,0,0,0,2,0,0,2,-26.1834739,-48.9105912,SPRF-SC,DEL03-SC,UOP01-DEL03-SC,2023
"515037,0",2023-04-05,quarta-feira,19:00:00,SC,282,"342,0",CAMPOS NOVOS,Reação tardia ou ineficiente do condutor,Colisão traseira,Sem Vítimas,Plena Noite,Decrescente,Céu Claro,Simples,Rotatória,Não,2,0,0,0,2,0,0,2,-27.5306,-51.390224,SPRF-SC,DEL07-SC,UOP06-DEL07-SC,2023
"515048,0",2023-04-05,quarta-feira,20:45:00,SC,101,"291,0",IMBITUBA,Ausência de reação do condutor,Colisão traseira,Com Vítimas Feridas,Plena Noite,Crescente,Céu Claro,Dupla,Reta,Não,2,0,0,1,1,0,1,2,-28.26980586,-48.70081551,SPRF-SC,DEL02-SC,UOP03-DEL02-SC,2023
"515049,0",2023-04-05,quarta-feira,18:35:00,SC,480,"128,9",CHAPECO,Reação tardia ou ineficiente do condutor,Colisão traseira,Com Vítimas Feridas,Plena Noite,Crescente,Chuva,Dupla,Reta,Sim,4,0,1,0,3,0,1,4,-27.04602306,-52.63598621,SPRF-SC,DEL07-SC,UOP01-DEL07-SC,2023
"515063,0",2023-04-05,quarta-feira,23:10:00,SC,101,"276,0",IMBITUBA,Ausência de reação do condutor,Colisão transversal,Com Vítimas Feridas,Plena Noite,Decrescente,Céu Claro,Dupla,Reta;Aclive,Sim,3,0,0,1,1,2,1,4,-28.14644701,-48.69204746,SPRF-SC,DEL02-SC,UOP03-DEL02-SC,2023
"515078,0",2023-04-06,quinta-feira,05:35:00,SC,282,"616,0",IRACEMINHA,Reação tardia ou ineficiente do condutor,Saída de leito carroçável,Com Vítimas Feridas,Amanhecer,Crescente,Chuva,Simples,Rotatória,Não,2,0,1,0,0,1,1,2,-26.781301,-53.27676,SPRF-SC,DEL07-SC,UOP02-DEL07-SC,2023
"515137,0",2023-04-06,quinta-feira,10:00:00,SC,470,"10,4",NAVEGANTES,Reação tardia ou ineficiente do condutor,Colisão traseira,Com Vítimas Feridas,Pleno dia,Decrescente,Garoa/Chuvisco,Dupla,Reta,Não,3,0,1,0,1,1,1,3,-26.833693,-48.73724,SPRF-SC,DEL04-SC,UOP04-DEL04-SC,2023
"515150,0",2023-04-06,quinta-feira,11:30:00,SC,101,"131,0",CAMBORIU,Conversão proibida,Colisão lateral mesmo sentido,Com Vítimas Feridas,Pleno dia,Crescente,Nublado,Múltipla,Reta,Sim,2,0,1,0,1,0,1,2,-26.99064209,-48.66310912,SPRF-SC,DEL04-SC,UOP03-DEL04-SC,2023
"515153,0",2023-04-06,quinta-feira,11:15:00,SC,470,"176,0",POUSO REDONDO,Mal súbito do condutor,Colisão frontal,Com Vítimas Feridas,Pleno dia,Decrescente,Chuva,Simples,Reta,Sim,5,0,3,0,1,1,3,3,-27.254238,-49.948658,SPRF-SC,DEL04-SC,UOP02-DEL04-SC,2023
"515173,0",2023-04-06,quinta-feira,13:50:00,SC,282,"581,0",PINHALZINHO,Acessar a via sem observar a presença dos outros veículos,Colisão transversal,Sem Vítimas,Pleno dia,Crescente,Chuva,Simples,Reta,Sim,2,0,0,0,2,0,0,2,-26.828749,-52.997929,SPRF-SC,DEL07-SC,UOP02-DEL07-SC,2023
"515182,0",2023-04-06,quinta-feira,15:20:00,SC,280,"123,0",RIO NEGRINHO,Frear bruscamente,Colisão traseira,Com Vítimas Feridas,Pleno dia,Crescente,Garoa/Chuvisco,Simples,Declive,Não,2,0,0,1,1,0,1,2,-26.24420169,-49.46557991,SPRF-SC,DEL06-SC,UOP03-DEL06-SC,2023
"515189,0",2023-04-06,quinta-feira,15:06:00,SC,153,"99,5",CONCORDIA,Acessar a via sem observar a presença dos outros veículos,Colisão transversal,Com Vítimas Feridas,Pleno dia,Crescente,Chuva,Simples,Reta,Não,3,0,2,0,1,0,2,2,-27.235508,-51.951069,SPRF-SC,DEL07-SC,UOP04-DEL07-SC,2023
"515200,0",2023-04-06,quinta-feira,16:18:00,SC,101,"157,3",PORTO BELO,Ausência de reação do condutor,Colisão traseira,Com Vítimas Feridas,Pleno dia,Decrescente,Céu Claro,Dupla,Reta,Sim,3,0,1,0,2,0,1,2,-27.181625,-48.6121179,SPRF-SC,DEL04-SC,UOP03-DEL04-SC,2023
"515203,0",2023-04-06,quinta-feira,16:00:00,SC,101,"28,0",JOINVILLE,Reação tardia ou ineficiente do condutor,Colisão traseira,Com Vítimas Feridas,Pleno dia,Crescente,Chuva,Dupla,Declive,Não,8,0,1,0,7,0,1,4,-26.20697505,-48.91482635,SPRF-SC,DEL03-SC,UOP01-DEL03-SC,2023
"515239,0",2023-04-06,quinta-feira,18:35:00,SC,101,"111,0",ITAJAI,Manobra de mudança de faixa,Colisão lateral mesmo sentido,Com Vítimas Feridas,Plena Noite,Crescente,Céu Claro,Dupla,Reta,Sim,4,0,1,0,2,1,1,3,-26.83955734,-48.71418074,SPRF-SC,DEL04-SC,UOP04-DEL04-SC,2023
"515289,0",2023-04-06,quinta-feira,23:20:00,SC,280,"1,5",SAO FRANCISCO DO SUL,Velocidade Incompatível,Colisão frontal,Com Vítimas Feridas,Plena Noite,Crescente,Garoa/Chuvisco,Simples,Curva;Interseção de Vias,Não,4,0,2,0,1,1,2,3,-26.23410956,-48.62310648,SPRF-SC,DEL03-SC,UOP03-DEL03-SC,2023
"515291,0",2023-04-07,sexta-feira,00:05:00,SC,101,"189,0",BIGUACU,Ausência de reação do condutor,Saída de leito carroçável,Com Vítimas Feridas,Plena Noite,Crescente,Chuva,Múltipla,Reta,Não,2,0,1,0,1,0,1,2,-27.459393,-48.638914,SPRF-SC,DEL01-SC,UOP01-DEL01-SC,2023
"515298,0",2023-04-07,sexta-feira,00:05:00,SC,101,"272,9",IMBITUBA,Ingestão de álcool pelo condutor,Colisão com objeto,Com Vítimas Feridas,Plena Noite,Crescente,Garoa/Chuvisco,Múltipla,Reta,Sim,5,0,0,2,2,1,2,4,-28.11780197,-48.69928995,SPRF-SC,DEL02-SC,UOP03-DEL02-SC,2023
"515299,0",2023-04-07,sexta-feira,00:15:00,SC,470,"147,0",RIO DO SUL,Acessar a via sem observar a presença dos outros veículos,Colisão transversal,Com Vítimas Feridas,Plena Noite,Decrescente,Chuva,Simples,Reta,Não,4,0,2,0,1,1,2,3,-27.243439,-49.690025,SPRF-SC,DEL04-SC,UOP02-DEL04-SC,2023
"515314,0",2023-04-07,sexta-feira,03:00:00,SC,470,"60,0",BLUMENAU,Avarias e/ou desgaste excessivo no pneu,Colisão frontal,Com Vítimas Feridas,Plena Noite,Crescente,Garoa/Chuvisco,Simples,Curva,Não,2,0,1,0,1,0,1,2,-26.88138,-49.164543,SPRF-SC,DEL04-SC,UOP01-DEL04-SC,2023
"515812,0",2023-04-09,domingo,08:55:00,SC,101,"4,3",GARUVA,Condutor usando celular,Colisão traseira,Sem Vítimas,Pleno dia,Decrescente,Céu Claro,Dupla,Reta,Não,4,0,0,0,3,2,0,5,-26.00908719,-48.86448735,SPRF-SC,DEL03-SC,UOP01-DEL03-SC,2023
"515855,0",2023-01-06,sexta-feira,19:00:00,SC,101,"384,0",ICARA,Estacionar ou parar em local proibido,Colisão lateral mesmo sentido,Com Vítimas Feridas,Pleno dia,Crescente,Céu Claro,Dupla,Reta;Interseção de Vias,Não,4,0,0,1,2,1,1,4,-28.76851141,-49.3025538,SPRF-SC,DEL02-SC,UOP02-DEL02-SC,2023
"515996,0",2023-04-10,segunda-feira,09:15:00,SC,101,"210,0",SAO JOSE,Entrada inopinada do pedestre,Colisão transversal,Com Vítimas Feridas,Pleno dia,Decrescente,Céu Claro,Dupla,Reta,Sim,4,0,1,0,3,0,1,3,-27.6167305,-48.6457265,SPRF-SC,DEL01-SC,UOP01-DEL01-SC,2023
"516064,0",2023-04-10,segunda-feira,15:00:00,SC,101,"376,0",ICARA,Reação tardia ou ineficiente do condutor,Colisão lateral mesmo sentido,Com Vítimas Feridas,Pleno dia,Decrescente,Céu Claro,Dupla,Reta,Sim,4,0,1,0,2,2,1,4,-28.72736111,-49.24066084,SPRF-SC,DEL02-SC,UOP01-DEL02-SC,2023
"516107,0",2023-04-10,segunda-feira,16:20:00,SC,282,"304,8",VARGEM,Demais falhas mecânicas ou elétricas,Tombamento,Com Vítimas Feridas,Pleno dia,Decrescente,Céu Claro,Simples,Curva;Declive,Não,1,0,1,0,0,0,1,1,-27.496103,-50.940418,SPRF-SC,DEL07-SC,UOP06-DEL07-SC,2023
"516208,0",2023-04-07,sexta-feira,07:01:00,SC,470,"180,0",POUSO REDONDO,Acumulo de água sobre o pavimento,Colisão lateral sentido oposto,Com Vítimas Feridas,Pleno dia,Crescente,Garoa/Chuvisco,Simples,Reta,Não,5,0,2,1,2,0,3,3,-27.249525,-49.987041,SPRF-SC,DEL04-SC,UOP02-DEL04-SC,2023
"516214,0",2023-04-11,terça-feira,07:30:00,SC,470,"34,9",GASPAR,Manobra de mudança de faixa,Colisão transversal,Com Vítimas Feridas,Pleno dia,Decrescente,Céu Claro,Simples,Reta,Sim,5,0,2,0,2,1,2,4,-26.91276988,-48.95817968,SPRF-SC,DEL04-SC,UOP01-DEL04-SC,2023
"516233,0",2023-04-03,segunda-feira,04:10:00,SC,116,"127,2",SANTA CECILIA,Transitar na contramão,Colisão lateral sentido oposto,Sem Vítimas,Plena Noite,Crescente,Nublado,Simples,Aclive;Reta,Não,3,0,0,0,3,0,0,2,-26.87270031,-50.41550285,SPRF-SC,DEL06-SC,UOP02-DEL06-SC,2023
"516318,0",2023-04-12,quarta-feira,00:40:00,SC,470,"55,0",BLUMENAU,Ingestão de álcool pelo condutor,Colisão frontal,Sem Vítimas,Plena Noite,Crescente,Céu Claro,Simples,Reta,Sim,4,0,0,0,3,1,0,4,-26.875601,-49.117992,SPRF-SC,DEL04-SC,UOP01-DEL04-SC,2023
"516366,0",2023-04-12,quarta-feira,11:00:00,SC,101,"327,7",CAPIVARI DE BAIXO,Manobra de mudança de faixa,Colisão lateral mesmo sentido,Sem Vítimas,Pleno dia,Crescente,Céu Claro,Dupla,Reta;Aclive,Não,4,0,0,0,2,2,0,3,-28.43023306,-48.95205197,SPRF-SC,DEL02-SC,UOP01-DEL02-SC,2023
"516368,0",2023-04-12,quarta-feira,09:50:00,SC,153,"97,7",CONCORDIA,Entrada inopinada do pedestre,Atropelamento de Pedestre,Com Vítimas Fatais,Pleno dia,Decrescente,Céu Claro,Simples,Curva,Não,2,1,0,0,1,0,0,2,-27.23137,-51.95256,SPRF-SC,DEL07-SC,UOP04-DEL07-SC,2023
"516398,0",2023-04-12,quarta-feira,10:35:00,SC,282,"454,6",PONTE SERRADA,Estacionar ou parar em local proibido,Colisão transversal,Com Vítimas Feridas,Pleno dia,Decrescente,Céu Claro,Simples,Reta,Não,3,0,0,1,1,2,1,4,-26.891756,-51.98447,SPRF-SC,DEL07-SC,UOP04-DEL07-SC,2023
"516440,0",2023-04-12,quarta-feira,10:40:00,SC,163,"106,0",SAO JOSE DO CEDRO,Condutor deixou de manter distância do veículo da frente,Colisão lateral mesmo sentido,Sem Vítimas,Pleno dia,Decrescente,Céu Claro,Simples,Reta;Em Obras,Não,3,0,0,0,1,3,0,4,-26.43752707,-53.51693708,SPRF-SC,DEL07-SC,UOP03-DEL07-SC,2023
"516476,0",2023-04-12,quarta-feira,22:10:00,SC,470,"84,0",RODEIO,Ausência de reação do condutor,Colisão traseira,Com Vítimas Feridas,Plena Noite,Decrescente,Céu Claro,Simples,Reta;Ponte,Sim,3,0,1,0,2,0,1,2,-26.96137,-49.342415,SPRF-SC,DEL04-SC,UOP01-DEL04-SC,2023
"516520,0",2023-04-13,quinta-feira,04:13:00,SC,282,"457,0",PONTE SERRADA,Reação tardia ou ineficiente do condutor,Tombamento,Com Vítimas Feridas,Plena Noite,Crescente,Céu Claro,Simples,Curva,Não,2,0,1,0,0,1,1,2,-26.8886985,-51.98850632,SPRF-SC,DEL07-SC,UOP04-DEL07-SC,2023
"516531,0",2023-04-12,quarta-feira,14:00:00,SC,101,"89,5",BARRA VELHA,Acessar a via sem observar a presença dos outros veículos,Colisão transversal,Com Vítimas Feridas,Pleno dia,Crescente,Céu Claro,Dupla,Reta,Sim,2,0,1,0,1,0,1,2,-26.66118594,-48.68874902,SPRF-SC,DEL03-SC,UOP02-DEL03-SC,2023
"516618,0",2023-04-13,quinta-feira,17:50:00,SC,101,"112,2",ITAJAI,Trafegar com motocicleta (ou similar) entre as faixas,Colisão lateral mesmo sentido,Com Vítimas Fatais,Anoitecer,Crescente,Céu Claro,Múltipla,Reta,Sim,3,1,0,0,1,2,0,4,-26.84589005,-48.72131295,SPRF-SC,DEL04-SC,UOP04-DEL04-SC,2023
"516661,0",2023-04-13,quinta-feira,19:40:00,SC,116,"22,9",ITAIOPOLIS,Demais falhas mecânicas ou elétricas,Colisão com objeto,Com Vítimas Feridas,Plena Noite,Decrescente,Céu Claro,Simples,Reta,Não,7,0,1,0,5,1,1,4,-26.2574752,-49.91194265,SPRF-SC,DEL06-SC,UOP01-DEL06-SC,2023
"516679,0",2023-04-14,sexta-feira,04:45:00,SC,101,"87,9",BARRA VELHA,Problema com o freio,Incêndio,Sem Vítimas,Plena Noite,Decrescente,Chuva,Múltipla,Declive;Viaduto;Curva,Sim,2,0,0,0,1,1,0,2,-26.63713377,-48.69651057,SPRF-SC,DEL03-SC,UOP02-DEL03-SC,2023
"516680,0",2023-04-14,sexta-feira,05:00:00,SC,470,"57,0",BLUMENAU,Ausência de reação do condutor,Colisão traseira,Com Vítimas Feridas,Plena Noite,Crescente,Chuva,Simples,Declive;Reta,Não,2,0,1,0,0,1,1,2,-26.880428,-49.136532,SPRF-SC,DEL04-SC,UOP01-DEL04-SC,2023
"516685,0",2023-04-14,sexta-feira,05:35:00,SC,470,"43,8",BLUMENAU,Velocidade Incompatível,Colisão lateral mesmo sentido,Com Vítimas Feridas,Amanhecer,Crescente,Garoa/Chuvisco,Dupla,Reta;Em Obras,Não,3,0,1,0,1,1,1,3,-26.874519,-49.013454,SPRF-SC,DEL04-SC,UOP01-DEL04-SC,2023
"516686,0",2023-04-14,sexta-feira,01:00:00,SC,280,"22,0",ARAQUARI,Ultrapassagem Indevida,Colisão transversal,Com Vítimas Feridas,Plena Noite,Decrescente,Garoa/Chuvisco,Simples,Reta,Não,3,0,0,1,1,1,1,3,-26.37092616,-48.70204099,SPRF-SC,DEL03-SC,UOP03-DEL03-SC,2023
"516694,0",2023-04-14,sexta-feira,06:30:00,SC,101,"374,5",ICARA,Ausência de reação do condutor,Saída de leito carroçável,Com Vítimas Feridas,Pleno dia,Crescente,Chuva,Dupla,Reta,Não,2,0,1,0,0,1,1,2,-28.71534412,-49.22723198,SPRF-SC,DEL02-SC,UOP01-DEL02-SC,2023
"516710,0",2023-04-14,sexta-feira,01:00:00,SC,280,"220,0",TRES BARRAS,Velocidade Incompatível,Tombamento,Sem Vítimas,Plena Noite,Decrescente,Chuva,Simples,Rotatória,Não,1,0,0,0,1,0,0,1,-26.17118856,-50.26466388,SPRF-SC,DEL06-SC,UOP04-DEL06-SC,2023
"516742,0",2023-04-14,sexta-feira,06:45:00,SC,163,"88,0",GUARACIABA,Ausência de reação do condutor,Colisão frontal,Com Vítimas Fatais,Amanhecer,Decrescente,Nevoeiro/Neblina,Simples,Reta;Em Obras;Aclive,Não,6,1,0,1,3,1,1,3,-26.58133127,-53.51676464,SPRF-SC,DEL07-SC,UOP03-DEL07-SC,2023
"516747,0",2023-04-14,sexta-feira,11:00:00,SC,101,"85,0",BARRA VELHA,Condutor deixou de manter distância do veículo da frente,Engavetamento,Sem Vítimas,Pleno dia,Decrescente,Chuva,Múltipla,Reta,Não,5,0,0,0,5,0,0,5,-26.62840879,-48.70813584,SPRF-SC,DEL03-SC,UOP02-DEL03-SC,2023
"516782,0",2023-04-14,sexta-feira,08:20:00,SC,470,"132,6",RIO DO SUL,Mal súbito do condutor,Colisão frontal,Com Vítimas Feridas,Pleno dia,Decrescente,Chuva,Simples,Reta,Não,3,0,0,2,0,1,2,3,-27.170237,-49.574718,SPRF-SC,DEL04-SC,UOP02-DEL04-SC,2023
"516872,0",2023-04-14,sexta-feira,20:00:00,SC,101,"318,0",PESCARIA BRAVA,Reação tardia ou ineficiente do condutor,Colisão traseira,Com Vítimas Feridas,Plena Noite,Decrescente,Chuva,Dupla,Reta,Sim,7,0,1,0,5,1,1,6,-28.4266481,-48.86160099,SPRF-SC,DEL02-SC,UOP01-DEL02-SC,2023
"517061,0",2023-04-15,sábado,19:00:00,SC,116,"138,0",SANTA CECILIA,Ausência de reação do condutor,Saída de leito carroçável,Sem Vítimas,Plena Noite,Decrescente,Garoa/Chuvisco,Simples,Reta,Sim,1,0,0,0,1,0,0,1,-26.95365013,-50.42351412,SPRF-SC,DEL06-SC,UOP02-DEL06-SC,2023
"517103,0",2023-04-16,domingo,03:10:00,SC,101,"421,0",ARARANGUA,Ausência de reação do condutor,Saída de leito carroçável,Sem Vítimas,Plena Noite,Crescente,Céu Claro,Simples,Reta,Não,2,0,0,0,1,1,0,2,-29.00475967,-49.56366599,SPRF-SC,DEL02-SC,UOP02-DEL02-SC,2023
"517108,0",2023-04-16,domingo,03:30:00,SC,101,"138,6",BALNEARIO CAMBORIU,Problema na suspensão,Tombamento,Sem Vítimas,Amanhecer,Crescente,Céu Claro,Simples,Aclive;Curva,Não,2,0,0,0,1,1,0,2,-27.028689,-48.60460997,SPRF-SC,DEL04-SC,UOP03-DEL04-SC,2023
"517175,0",2023-04-16,domingo,12:15:00,SC,101,"276,9",IMBITUBA,Manobra de mudança de faixa,Colisão lateral mesmo sentido,Com Vítimas Feridas,Pleno dia,Decrescente,Céu Claro,Múltipla,Reta,Não,5,0,2,0,3,0,2,2,-28.16648225,-48.69407773,SPRF-SC,DEL02-SC,UOP03-DEL02-SC,2023
"517185,0",2023-04-16,domingo,10:20:00,SC,101,"310,0",LAGUNA,Ausência de reação do condutor,Colisão traseira,Com Vítimas Fatais,Pleno dia,Crescente,Céu Claro,Dupla,Reta,Não,4,1,0,0,2,1,0,4,-28.434328,-48.806946,SPRF-SC,DEL02-SC,UOP01-DEL02-SC,2023
"517236,0",2023-04-16,domingo,17:30:00,SC,470,"116,0",IBIRAMA,Retorno proibido,Colisão transversal,Com Vítimas Feridas,Pleno dia,Decrescente,Nublado,Simples,Curva;Declive;Interseção de Vias,Sim,3,0,0,1,1,1,1,3,-27.07917874,-49.49904084,SPRF-SC,DEL04-SC,UOP02-DEL04-SC,2023
"517252,0",2023-03-29,quarta-feira,20:15:00,SC,116,"124,8",SANTA CECILIA,Manobra de mudança de faixa,Colisão frontal,Com Vítimas Feridas,Plena Noite,Crescente,Chuva,Simples,Curva,Não,4,0,1,2,0,2,3,4,-26.85025694,-50.40504834,SPRF-SC,DEL06-SC,UOP02-DEL06-SC,2023