id,data_inversa,dia_semana,horario,uf,br,km,municipio,causa_acidente,tipo_acidente,classificacao_acidente,fase_dia,sentido_via,condicao_metereologica,tipo_pista,tracado_via,uso_solo,pessoas,mortos,feridos_leves,feridos_graves,ilesos,ignorados,feridos,veiculos,latitude,longitude,regional,delegacia,uop,ano_arquivo
"524188,0",2023-05-20,sábado,07:00:00,SC,282,"531,3",CORDILHEIRA ALTA,Acesso irregular,Colisão transversal,Com Vítimas Feridas,Amanhecer,Crescente,Nevoeiro/Neblina,Simples,Reta,Sim,3,0,0,1,1,2,1,4,-26.990747,-52.609776,SPRF-SC,DEL07-SC,UOP01-DEL07-SC,2023
"524217,0",2023-05-20,sábado,08:35:00,SC,282,"421,0",VARGEM BONITA,Ultrapassagem Indevida,Colisão frontal,Sem Vítimas,Pleno dia,Decrescente,Céu Claro,Simples,Reta;Aclive,Não,2,0,0,0,1,1,0,2,-27.013739,-51.736528,SPRF-SC,DEL07-SC,UOP05-DEL07-SC,2023
"524220,0",2023-05-20,sábado,08:55:00,SC,163,"70,3",SAO MIGUEL DO OESTE,Manobra de mudança de faixa,Colisão lateral mesmo sentido,Com Vítimas Feridas,Pleno dia,Crescente,Nublado,Dupla,Reta,Sim,4,0,1,0,2,1,1,4,-26.73303942,-53.50911498,SPRF-SC,DEL07-SC,UOP03-DEL07-SC,2023
"524292,0",2023-05-18,quinta-feira,18:10:00,SC,282,"513,1",XAXIM,Condutor Dormindo,Colisão lateral sentido oposto,Com Vítimas Feridas,Plena Noite,Crescente,Céu Claro,Simples,Reta,Não,2,0,1,0,1,0,1,2,-26.91474206,-52.47976899,SPRF-SC,DEL07-SC,UOP01-DEL07-SC,2023
"524611,0",2023-05-22,segunda-feira,06:30:00,SC,101,"107,4",PENHA,Manobra de mudança de faixa,Saída de leito carroçável,Sem Vítimas,Pleno dia,Crescente,Céu Claro,Dupla,Reta,Não,4,0,0,0,4,0,0,2,-26.81930608,-48.68390282,SPRF-SC,DEL03-SC,UOP02-DEL03-SC,2023
"524625,0",2023-05-22,segunda-feira,06:50:00,SC,470,"273,7",BRUNOPOLIS,Velocidade Incompatível,Engavetamento,Com Vítimas Feridas,Pleno dia,Decrescente,Céu Claro,Simples,Reta,Não,8,0,2,0,5,1,2,4,-27.32579,-50.793224,SPRF-SC,DEL07-SC,UOP06-DEL07-SC,2023
"524653,0",2023-05-22,segunda-feira,11:04:00,SC,101,"275,5",IMBITUBA,Ausência de reação do condutor,Colisão traseira,Com Vítimas Fatais,Pleno dia,Decrescente,Nublado,Dupla,Reta,Sim,2,1,0,0,1,0,0,2,-28.15371275,-48.69235039,SPRF-SC,DEL02-SC,UOP03-DEL02-SC,2023
"524723,0",2023-03-31,sexta-feira,13:45:00,SC,282,"272,3",SAO JOSE DO CERRITO,Condutor deixou de manter distância do veículo da frente,Colisão traseira,Com Vítimas Feridas,Pleno dia,Crescente,Céu Claro,Simples,Reta;Em Obras,Não,4,0,2,1,1,0,3,4,-27.613758,-50.6968,SPRF-SC,DEL05-SC,UOP02-DEL05-SC,2023
"524742,0",2023-05-22,segunda-feira,20:25:00,SC,101,"147,0",ITAPEMA,Manobra de mudança de faixa,Colisão lateral mesmo sentido,Com Vítimas Feridas,Plena Noite,Decrescente,Nublado,Múltipla,Reta,Sim,5,0,1,0,1,3,1,4,-27.09237407,-48.61730888,SPRF-SC,DEL04-SC,UOP03-DEL04-SC,2023
"524761,0",2023-05-22,segunda-feira,14:20:00,SC,470,"201,0",PONTE ALTA,Ausência de reação do condutor,Saída de leito carroçável,Sem Vítimas,Pleno dia,Decrescente,Nublado,Simples,Reta,Não,2,0,0,0,1,1,0,2,-27.298632,-50.143291,SPRF-SC,DEL05-SC,UOP03-DEL05-SC,2023
"524779,0",2023-05-23,terça-feira,01:50:00,SC,101,"142,0",ITAPEMA,Ingestão de álcool pelo condutor,Colisão lateral mesmo sentido,Sem Vítimas,Plena Noite,Decrescente,Céu Claro,Dupla,Curva,Sim,4,0,0,0,2,2,0,4,-27.056089,-48.599449,SPRF-SC,DEL04-SC,UOP03-DEL04-SC,2023
"524804,0",2023-05-23,terça-feira,08:15:00,SC,101,"232,0",PALHOCA,Ausência de reação do condutor,Colisão lateral mesmo sentido,Com Vítimas Feridas,Pleno dia,Crescente,Céu Claro,Dupla,Curva;Desvio Temporário;Em Obras;Aclive,Não,2,0,1,0,1,0,1,2,-27.795666,-48.638153,SPRF-SC,DEL01-SC,UOP02-DEL01-SC,2023
"524821,0",2023-05-23,terça-feira,09:15:00,SC,101,"187,0",BIGUACU,Velocidade Incompatível,Colisão lateral mesmo sentido,Sem Vítimas,Pleno dia,Decrescente,Céu Claro,Múltipla,Reta,Sim,4,0,0,0,4,0,0,4,-27.44307116,-48.62848475,SPRF-SC,DEL01-SC,UOP01-DEL01-SC,2023
"524861,0",2023-03-08,quarta-feira,17:40:00,SC,470,"163,0",TROMBUDO CENTRAL,Transitar na contramão,Colisão frontal,Com Vítimas Fatais,Pleno dia,Decrescente,Céu Claro,Simples,Aclive,Não,3,1,0,0,2,0,0,2,-27.278976,-49.825996,SPRF-SC,DEL04-SC,UOP02-DEL04-SC,2023
"525042,0",2023-05-24,quarta-feira,15:50:00,SC,470,"144,8",RIO DO SUL,Condutor deixou de manter distância do veículo da frente,Colisão traseira,Com Vítimas Feridas,Pleno dia,Crescente,Sol,Simples,Reta,Sim,4,0,3,0,1,0,3,3,-27.235138,-49.677608,SPRF-SC,DEL04-SC,UOP02-DEL04-SC,2023
"525106,0",2023-05-24,quarta-feira,17:20:00,SC,282,"412,8",CATANDUVAS,Ultrapassagem Indevida,Colisão frontal,Com Vítimas Feridas,Anoitecer,Crescente,Céu Claro,Simples,Reta,Não,3,0,1,0,1,1,1,3,-27.055775,-51.688843,SPRF-SC,DEL07-SC,UOP05-DEL07-SC,2023
"525107,0",2023-05-24,quarta-feira,20:00:00,SC,282,"101,8",ALFREDO WAGNER,Reação tardia ou ineficiente do condutor,Capotamento,Com Vítimas Feridas,Plena Noite,Decrescente,Céu Claro,Simples,Reta,Não,3,0,0,1,1,2,1,4,-27.694626,-49.305317,SPRF-SC,DEL01-SC,UOP03-DEL01-SC,2023
"525138,0",2023-05-25,quinta-feira,05:50:00,SC,470,"52,7",BLUMENAU,Acessar a via sem observar a presença dos outros veículos,Colisão transversal,Com Vítimas Feridas,Plena Noite,Crescente,Nublado,Simples,Interseção de Vias,Sim,2,0,1,0,1,0,1,2,-26.862286,-49.093903,SPRF-SC,DEL04-SC,UOP01-DEL04-SC,2023
"525141,0",2023-05-25,quinta-feira,05:50:00,SC,101,"355,0",SANGAO,Condutor Dormindo,Saída de leito carroçável,Com Vítimas Feridas,Amanhecer,Decrescente,Céu Claro,Dupla,Reta,Não,2,0,1,0,0,1,1,2,-28.62380715,-49.07828489,SPRF-SC,DEL02-SC,UOP01-DEL02-SC,2023
"525165,0",2023-05-25,quinta-feira,04:00:00,SC,101,"2,0",GARUVA,Carga excessiva e/ou mal acondicionada,Derramamento de carga,Sem Vítimas,Plena Noite,Decrescente,Céu Claro,Múltipla,Curva,Não,2,0,0,0,1,3,0,4,-25.99699834,-48.87891655,SPRF-SC,DEL03-SC,UOP01-DEL03-SC,2023
"525193,0",2023-05-25,quinta-feira,11:30:00,SC,101,"77,1",ARAQUARI,Mal súbito do condutor,Colisão traseira,Com Vítimas Fatais,Pleno dia,Crescente,Céu Claro,Dupla,Reta,Não,3,1,0,1,1,0,1,2,-26.571728,-48.722208,SPRF-SC,DEL03-SC,UOP02-DEL03-SC,2023
"525217,0",2023-05-25,quinta-feira,12:40:00,SC,280,"2,0",SAO FRANCISCO DO SUL,Acessar a via sem observar a presença dos outros veículos,Colisão transversal,Com Vítimas Feridas,Pleno dia,Decrescente,Céu Claro,Simples,Reta,Sim,3,0,0,1,1,1,1,3,-26.23700996,-48.61979093,SPRF-SC,DEL03-SC,UOP03-DEL03-SC,2023
"525259,0",2023-05-25,quinta-feira,15:00:00,SC,101,"7,0",GARUVA,Reação tardia ou ineficiente do condutor,Colisão traseira,Com Vítimas Feridas,Pleno dia,Decrescente,Céu Claro,Dupla,Reta,Sim,4,0,2,0,1,1,2,3,-26.03593,-48.860302,SPRF-SC,DEL03-SC,UOP01-DEL03-SC,2023
"525283,0",2023-05-25,quinta-feira,20:17:00,SC,101,"206,3",SAO JOSE,Manobra de mudança de faixa,Colisão lateral mesmo sentido,Com Vítimas Feridas,Plena Noite,Decrescente,Nublado,Múltipla,Reta,Sim,4,0,1,1,1,2,2,4,-27.59193546,-48.61824557,SPRF-SC,DEL01-SC,UOP01-DEL01-SC,2023
"525354,0",2023-05-26,sexta-feira,07:40:00,SC,101,"201,0",SAO JOSE,Ausência de reação do condutor,Colisão traseira,Com Vítimas Feridas,Pleno dia,Crescente,Nublado,Múltipla,Reta,Sim,4,0,1,0,2,3,1,5,-27.54836599,-48.61977975,SPRF-SC,DEL01-SC,UOP01-DEL01-SC,2023
"525372,0",2023-05-26,sexta-feira,08:50:00,SC,101,"118,5",ITAJAI,Ausência de reação do condutor,Colisão traseira,Com Vítimas Feridas,Pleno dia,Crescente,Sol,Simples,Reta,Não,3,0,0,2,1,0,2,2,-26.895859,-48.71903,SPRF-SC,DEL04-SC,UOP04-DEL04-SC,2023
"525396,0",2023-05-26,sexta-feira,08:50:00,SC,101,"198,0",BIGUACU,Condutor deixou de manter distância do veículo da frente,Colisão traseira,Com Vítimas Feridas,Pleno dia,Crescente,Sol,Múltipla,Reta,Sim,4,0,1,0,2,4,1,7,-27.52677824,-48.63497257,SPRF-SC,DEL01-SC,UOP01-DEL01-SC,2023
"525414,0",2023-05-26,sexta-feira,13:00:00,SC,282,"572,3",NOVA ERECHIM,Ultrapassagem Indevida,Colisão lateral sentido oposto,Com Vítimas Feridas,Pleno dia,Crescente,Céu Claro,Simples,Curva,Não,5,0,1,0,3,1,1,4,-26.8837776,-52.9383151,SPRF-SC,DEL07-SC,UOP02-DEL07-SC,2023
"525440,0",2023-05-18,quinta-feira,19:30:00,SC,101,"196,6",BIGUACU,Reação tardia ou ineficiente do condutor,Colisão traseira,Com Vítimas Feridas,Plena Noite,Decrescente,Céu Claro,Dupla,Curva,Sim,2,0,1,0,1,0,1,2,-27.51101091,-48.64322292,SPRF-SC,DEL01-SC,UOP01-DEL01-SC,2023
"525534,0",2023-05-26,sexta-feira,22:50:00,SC,101,"117,9",ITAJAI,Velocidade Incompatível,Colisão traseira,Com Vítimas Feridas,Plena Noite,Crescente,Nublado,Dupla,Reta,Sim,2,0,0,1,1,0,1,2,-26.895859,-48.71903,SPRF-SC,DEL04-SC,UOP04-DEL04-SC,2023
"525682,0",2023-05-27,sábado,17:20:00,SC,101,"186,0",BIGUACU,Ausência de reação do condutor,Colisão lateral mesmo sentido,Com Vítimas Feridas,Anoitecer,Crescente,Chuva,Dupla,Curva,Não,4,0,1,0,2,1,1,3,-27.4341098,-48.62567129,SPRF-SC,DEL01-SC,UOP01-DEL01-SC,2023
"525734,0",2023-05-27,sábado,16:30:00,SC,282,"526,0",CORDILHEIRA ALTA,Chuva,Colisão frontal,Com Vítimas Fatais,Pleno dia,Decrescente,Garoa/Chuvisco,Simples,Reta,Não,3,1,0,1,1,0,1,2,-26.969427,-52.57497,SPRF-SC,DEL07-SC,UOP01-DEL07-SC,2023
"525870,0",2023-05-28,domingo,13:45:00,SC,101,"233,7",PALHOCA,Velocidade Incompatível,Colisão com objeto,Com Vítimas Feridas,Pleno dia,Crescente,Garoa/Chuvisco,Dupla,Curva,Não,2,0,1,0,0,1,1,2,-27.80376397,-48.63826211,SPRF-SC,DEL01-SC,UOP02-DEL01-SC,2023
"525884,0",2023-05-28,domingo,13:00:00,SC,470,"64,3",BLUMENAU,Transitar na contramão,Colisão frontal,Com Vítimas Fatais,Pleno dia,Decrescente,Chuva,Simples,Reta;Aclive,Sim,4,1,0,0,1,2,0,4,-26.8698966,-49.2068154,SPRF-SC,DEL04-SC,UOP01-DEL04-SC,2023
"525953,0",2023-05-28,domingo,18:10:00,SC,116,"48,0",PAPANDUVA,Ingestão de álcool pelo condutor,Colisão traseira,Com Vítimas Feridas,Plena Noite,Decrescente,Chuva,Simples,Reta,Não,3,0,1,0,1,1,1,3,-26.36355729,-50.11956966,SPRF-SC,DEL06-SC,UOP01-DEL06-SC,2023
"525966,0",2023-05-28,domingo,21:00:00,SC,101,"242,5",PALHOCA,Ausência de reação do condutor,Colisão traseira,Com Vítimas Feridas,Plena Noite,Decrescente,Nublado,Dupla,Reta,Não,4,0,0,1,2,1,1,4,-27.87545797,-48.64678433,SPRF-SC,DEL01-SC,UOP02-DEL01-SC,2023
"526118,0",2023-05-29,segunda-feira,13:20:00,SC,101,"41,0",JOINVILLE,Acesso irregular,Colisão transversal,Com Vítimas Feridas,Pleno dia,Crescente,Chuva,Simples,Interseção de Vias,Sim,3,0,0,1,1,1,1,3,-26.31854621,-48.87217641,SPRF-SC,DEL03-SC,UOP01-DEL03-SC,2023
"526138,0",2023-05-29,segunda-feira,16:00:00,SC,470,"60,8",BLUMENAU,Acessar a via sem observar a presença dos outros veículos,Colisão transversal,Sem Vítimas,Pleno dia,Decrescente,Céu Claro,Simples,Curva,Sim,3,0,0,0,2,1,0,3,-26.88138,-49.164543,SPRF-SC,DEL04-SC,UOP01-DEL04-SC,2023
"526166,0",2023-05-29,segunda-feira,19:30:00,SC,280,"22,0",ARAQUARI,Acessar a via sem observar a presença dos outros veículos,Colisão frontal,Com Vítimas Feridas,Plena Noite,Crescente,Nublado,Simples,Reta,Não,4,0,1,0,2,2,1,5,-26.37092616,-48.70204099,SPRF-SC,DEL03-SC,UOP03-DEL03-SC,2023
"526240,0",2023-01-04,quarta-feira,13:15:00,SC,101,"262,0",PAULO LOPES,Condutor deixou de manter distância do veículo da frente,Colisão traseira,Com Vítimas Feridas,Pleno dia,Decrescente,Céu Claro,Dupla,Reta,Não,3,0,0,1,1,1,1,3,-28.0353863,-48.70884453,SPRF-SC,DEL02-SC,UOP03-DEL02-SC,2023
"526243,0",2023-05-30,terça-feira,07:30:00,SC,101,"356,5",SANGAO,Reação tardia ou ineficiente do condutor,Saída de leito carroçável,Com Vítimas Feridas,Pleno dia,Decrescente,Céu Claro,Dupla,Reta,Sim,2,0,1,0,0,1,1,2,-28.6390182,-49.09800768,SPRF-SC,DEL02-SC,UOP01-DEL02-SC,2023
"526265,0",2023-05-30,terça-feira,09:15:00,SC,116,"245,5",LAGES,Desrespeitar a preferência no cruzamento,Colisão transversal,Com Vítimas Feridas,Pleno dia,Decrescente,Garoa/Chuvisco,Simples,Interseção de Vias;Rotatória,Sim,4,0,1,0,2,1,1,3,-27.79544281,-50.36187437,SPRF-SC,DEL05-SC,UOP02-DEL05-SC,2023
"526267,0",2023-05-30,terça-feira,12:50:00,SC,101,"217,0",PALHOCA,Obstrução na via,Colisão com objeto,Com Vítimas Feridas,Pleno dia,Crescente,Céu Claro,Dupla,Reta,Não,2,0,1,0,1,0,1,2,-27.66779034,-48.67393586,SPRF-SC,DEL01-SC,UOP02-DEL01-SC,2023
"526268,0",2023-05-30,terça-feira,12:20:00,SC,101,"136,0",BALNEARIO CAMBORIU,Manobra de mudança de faixa,Colisão lateral mesmo sentido,Com Vítimas Feridas,Pleno dia,Crescente,Céu Claro,Dupla,Reta,Sim,3,0,1,0,1,1,1,3,-27.008113,-48.617245,SPRF-SC,DEL04-SC,UOP03-DEL04-SC,2023
"526284,0",2023-05-30,terça-feira,14:30:00,SC,470,"70,0",INDAIAL,Conversão proibida,Colisão transversal,Com Vítimas Feridas,Pleno dia,Crescente,Céu Claro,Simples,Reta,Sim,2,0,1,1,0,0,2,2,-26.889374,-49.254478,SPRF-SC,DEL04-SC,UOP01-DEL04-SC,2023
"526406,0",2023-05-31,quarta-feira,06:30:00,SC,116,"12,0",MAFRA,Acessar a via sem observar a presença dos outros veículos,Colisão transversal,Com Vítimas Feridas,Pleno dia,Crescente,Nublado,Simples,Interseção de Vias,Não,5,0,1,1,2,1,2,3,-26.17877859,-49.86720998,SPRF-SC,DEL06-SC,UOP01-DEL06-SC,2023
"526407,0",2023-05-31,quarta-feira,03:00:00,SC,101,"88,6",BARRA VELHA,Velocidade Incompatível,Colisão traseira,Sem Vítimas,Plena Noite,Decrescente,Nublado,Dupla,Reta,Sim,2,0,0,0,1,1,0,2,-26.64253985,-48.68950684,SPRF-SC,DEL03-SC,UOP02-DEL03-SC,2023
"526424,0",2023-05-11,quinta-feira,08:00:00,SC,101,"111,0",NAVEGANTES,Condutor deixou de manter distância do veículo da frente,Colisão traseira,Com Vítimas Feridas,Pleno dia,Decrescente,Céu Claro,Dupla,Reta,Sim,2,0,0,1,0,1,1,2,-26.83955734,-48.71418074,SPRF-SC,DEL04-SC,UOP04-DEL04-SC,2023
"526445,0",2023-05-31,quarta-feira,10:30:00,SC,101,"183,0",BIGUACU,Acumulo de areia ou detritos sobre o pavimento,Colisão com objeto,Com Vítimas Feridas,Pleno dia,Crescente,Céu Claro,Dupla,Reta,Não,3,0,0,1,1,1,1,3,-27.40688892,-48.6285296,SPRF-SC,DEL01-SC,UOP01-DEL01-SC,2023
"526500,0",2023-05-31,quarta-feira,14:40:00,SC,470,"103,0",APIUNA,Demais falhas mecânicas ou elétricas,Colisão traseira,Com Vítimas Feridas,Pleno dia,Crescente,Nublado,Simples,Reta,Sim,4,0,2,0,1,1,2,3,-27.064796,-49.401424,SPRF-SC,DEL04-SC,UOP02-DEL04-SC,2023
"526543,0",2023-05-31,quarta-feira,16:00:00,SC,282,"420,8",VARGEM BONITA,Demais falhas mecânicas ou elétricas,Saída de leito carroçável,Com Vítimas Feridas,Pleno dia,Decrescente,Céu Claro,Dupla,Reta,Não,2,0,1,0,0,1,1,2,-27.014404,-51.736601,SPRF-SC,DEL07-SC,UOP05-DEL07-SC,2023
"526604,0",2023-06-01,quinta-feira,07:55:00,SC,470,"64,3",INDAIAL,Conversão proibida,Colisão lateral mesmo sentido,Com Vítimas Feridas,Pleno dia,Decrescente,Céu Claro,Simples,Aclive;Reta,Sim,2,0,1,0,1,0,1,2,-26.869867,-49.201859,SPRF-SC,DEL04-SC,UOP01-DEL04-SC,2023
"526634,0",2023-06-01,quinta-feira,09:00:00,SC,101,"206,4",SAO JOSE,Ausência de reação do condutor,Saída de leito carroçável,Sem Vítimas,Pleno dia,Decrescente,Céu Claro,Dupla,Reta,Sim,4,0,0,0,3,1,0,4,-27.59193546,-48.61824557,SPRF-SC,DEL01-SC,UOP01-DEL01-SC,2023
"526639,0",2023-06-01,quinta-feira,06:50:00,SC,282,"560,7",NOVA ITABERABA,Transitar na contramão,Colisão frontal,Com Vítimas Feridas,Amanhecer,Crescente,Nevoeiro/Neblina,Simples,Reta,Não,3,0,1,1,1,0,2,3,-26.919464,-52.861614,SPRF-SC,DEL07-SC,UOP02-DEL07-SC,2023
"526764,0",2023-06-01,quinta-feira,19:30:00,SC,470,"195,2",PONTE ALTA,Ultrapassagem Indevida,Colisão lateral sentido oposto,Com Vítimas Feridas,Plena Noite,Crescente,Céu Claro,Simples,Reta;Aclive,Não,4,0,1,0,2,2,1,5,-27.303724,-50.088837,SPRF-SC,DEL05-SC,UOP03-DEL05-SC,2023
"526784,0",2023-06-02,sexta-feira,01:00:00,SC,101,"127,0",ITAJAI,Neblina,Colisão traseira,Com Vítimas Feridas,Plena Noite,Crescente,Nevoeiro/Neblina,Dupla,Curva,Não,4,0,1,0,2,1,1,3,-26.9639319,-48.68328024,SPRF-SC,DEL04-SC,UOP04-DEL04-SC,2023
"526812,0",2023-06-02,sexta-feira,06:30:00,SC,282,"523,5",XAXIM,Condutor usando celular,Saída de leito carroçável,Com Vítimas Feridas,Amanhecer,Crescente,Nublado,Simples,Reta,Sim,1,0,1,0,0,0,1,1,-26.963129,-52.548851,SPRF-SC,DEL07-SC,UOP01-DEL07-SC,2023
"526817,0",2023-06-02,sexta-feira,06:45:00,SC,280,"51,5",GUARAMIRIM,Ausência de reação do condutor,Colisão traseira,Com Vítimas Feridas,Amanhecer,Decrescente,Sol,Dupla,Retorno Regulamentado;Reta,Não,2,0,0,1,1,0,1,2,-26.46538871,-48.95544449,SPRF-SC,DEL03-SC,UOP03-DEL03-SC,2023
"526863,0",2023-06-02,sexta-feira,11:00:00,SC,470,"10,3",NAVEGANTES,Desrespeitar a preferência no cruzamento,Colisão frontal,Com Vítimas Feridas,Pleno dia,Crescente,Céu Claro,Simples,Interseção de Vias,Não,2,0,1,0,1,0,1,2,-26.833693,-48.73724,SPRF-SC,DEL04-SC,UOP04-DEL04-SC,2023
"526886,0",2023-06-02,sexta-feira,08:40:00,SC,282,"261,8",SAO JOSE DO CERRITO,Ultrapassagem Indevida,Colisão frontal,Com Vítimas Feridas,Pleno dia,Crescente,Céu Claro,Simples,Curva,Não,4,0,2,0,1,1,2,4,-27.6316801,-50.60405731,SPRF-SC,DEL05-SC,UOP02-DEL05-SC,2023
"526956,0",2023-06-02,sexta-feira,18:15:00,SC,470,"9,0",NAVEGANTES,Acessar a via sem observar a presença dos outros veículos,Colisão traseira,Com Vítimas Feridas,Plena Noite,Crescente,Céu Claro,Dupla,Reta,Não,4,0,0,1,1,2,1,4,-26.833143,-48.727432,SPRF-SC,DEL04-SC,UOP04-DEL04-SC,2023
"526959,0",2023-06-02,sexta-feira,18:00:00,SC,282,"381,3",HERVAL DOESTE,Reação tardia ou ineficiente do condutor,Colisão traseira,Com Vítimas Feridas,Anoitecer,Decrescente,Céu Claro,Simples,Reta,Não,3,0,2,0,1,0,2,2,-27.204979,-51.501442,SPRF-SC,DEL07-SC,UOP05-DEL07-SC,2023
"527022,0",2023-06-03,sábado,03:30:00,SC,282,"20,0",PALHOCA,Acessar a via sem observar a presença dos outros veículos,Colisão transversal,Com Vítimas Feridas,Plena Noite,Decrescente,Céu Claro,Simples,Reta,Sim,4,0,1,1,2,0,2,3,-27.683958,-48.71006,SPRF-SC,DEL01-SC,UOP02-DEL01-SC,2023
"527046,0",2023-06-03,sábado,04:50:00,SC,163,"79,0",SAO MIGUEL DO OESTE,Reação tardia ou ineficiente do condutor,Tombamento,Com Vítimas Feridas,Amanhecer,Decrescente,Céu Claro,Simples,Rotatória,Não,1,0,1,0,0,0,1,1,-26.65677907,-53.51732254,SPRF-SC,DEL07-SC,UOP03-DEL07-SC,2023
"527221,0",2023-06-03,sábado,18:30:00,SC,280,"110,9",SAO BENTO DO SUL,Transitar na contramão,Colisão lateral sentido oposto,Com Vítimas Feridas,Plena Noite,Decrescente,Céu Claro,Simples,Curva,Não,5,0,2,0,2,1,2,3,-26.31295828,-49.38837778,SPRF-SC,DEL06-SC,UOP03-DEL06-SC,2023
"527313,0",2023-06-04,domingo,09:00:00,SC,282,"40,8",AGUAS MORNAS,Desrespeitar a preferência no cruzamento,Colisão transversal,Com Vítimas Feridas,Pleno dia,Crescente,Céu Claro,Simples,Reta,Sim,3,0,1,0,2,0,1,2,-27.716148,-48.869583,SPRF-SC,DEL01-SC,UOP03-DEL01-SC,2023
"527335,0",2023-06-04,domingo,10:55:00,SC,101,"123,1",ITAJAI,Manobra de mudança de faixa,Colisão lateral mesmo sentido,Com Vítimas Feridas,Pleno dia,Crescente,Céu Claro,Múltipla,Viaduto,Sim,3,0,0,1,1,2,1,4,-26.93668609,-48.69876905,SPRF-SC,DEL04-SC,UOP04-DEL04-SC,2023
"527413,0",2023-06-04,domingo,19:00:00,SC,116,"250,8",LAGES,Retorno proibido,Colisão transversal,Com Vítimas Feridas,Plena Noite,Decrescente,Céu Claro,Simples,Reta,Não,4,0,1,0,2,1,1,3,-27.83626507,-50.38045026,SPRF-SC,DEL05-SC,UOP02-DEL05-SC,2023
"527501,0",2023-06-05,segunda-feira,07:50:00,SC,101,"201,5",SAO JOSE,Condutor deixou de manter distância do veículo da frente,Colisão traseira,Com Vítimas Feridas,Pleno dia,Crescente,Céu Claro,Múltipla,Reta,Sim,3,0,2,0,1,0,2,2,-27.54836599,-48.61977975,SPRF-SC,DEL01-SC,UOP01-DEL01-SC,2023
"527516,0",2023-06-05,segunda-feira,08:00:00,SC,116,"248,7",LAGES,Ultrapassagem Indevida,Colisão frontal,Com Vítimas Feridas,Pleno dia,Decrescente,Nevoeiro/Neblina,Simples,Reta,Não,3,0,0,1,1,1,1,3,-27.81994481,-50.37454423,SPRF-SC,DEL05-SC,UOP02-DEL05-SC,2023
"527539,0",2023-06-05,segunda-feira,10:00:00,SC,101,"40,9",JOINVILLE,Velocidade Incompatível,Tombamento,Com Vítimas Feridas,Pleno dia,Decrescente,Sol,Dupla,Curva;Declive,Sim,2,0,0,1,0,1,1,2,-26.27176094,-48.89468382,SPRF-SC,DEL03-SC,UOP01-DEL03-SC,2023
"527576,0",2023-06-03,sábado,03:10:00,SC,101,"100,0",BALNEARIO PICARRAS,Ingestão de álcool pelo condutor,Colisão lateral mesmo sentido,Sem Vítimas,Plena Noite,Crescente,Nublado,Dupla,Reta,Não,2,0,0,0,2,0,0,2,-26.75482787,-48.68993675,SPRF-SC,DEL03-SC,UOP02-DEL03-SC,2023
"527611,0",2023-06-05,segunda-feira,18:50:00,SC,282,"514,3",XAXIM,Ausência de reação do condutor,Saída de leito carroçável,Sem Vítimas,Plena Noite,Crescente,Céu Claro,Simples,Curva,Não,2,0,0,0,1,1,0,2,-26.91618662,-52.49212861,SPRF-SC,DEL07-SC,UOP01-DEL07-SC,2023
"527613,0",2023-06-05,segunda-feira,15:45:00,SC,101,"277,0",IMBITUBA,Ausência de reação do condutor,Queda de ocupante de veículo,Com Vítimas Feridas,Pleno dia,Decrescente,Sol,Dupla,Reta,Sim,2,0,1,0,0,1,1,2,-28.15478103,-48.69265474,SPRF-SC,DEL02-SC,UOP03-DEL02-SC,2023
"527654,0",2023-06-05,segunda-feira,22:50:00,SC,101,"354,0",SANGAO,Ingestão de álcool pelo condutor,Colisão transversal,Sem Vítimas,Plena Noite,Crescente,Céu Claro,Dupla,Reta,Sim,3,0,0,0,1,2,0,3,-28.61806302,-49.07013199,SPRF-SC,DEL02-SC,UOP01-DEL02-SC,2023
"527732,0",2023-06-06,terça-feira,13:20:00,SC,101,"202,0",SAO JOSE,Ausência de reação do condutor,Colisão traseira,Com Vítimas Feridas,Pleno dia,Crescente,Céu Claro,Múltipla,Reta,Não,2,0,0,1,1,0,1,2,-27.55711595,-48.61897889,SPRF-SC,DEL01-SC,UOP01-DEL01-SC,2023
"527781,0",2023-06-06,terça-feira,11:00:00,SC,282,"324,0",CAMPOS NOVOS,Reação tardia ou ineficiente do condutor,Tombamento,Sem Vítimas,Pleno dia,Decrescente,Céu Claro,Simples,Curva,Não,2,0,0,0,1,1,0,2,-27.387329,-51.055897,SPRF-SC,DEL07-SC,UOP06-DEL07-SC,2023
"527790,0",2023-06-06,terça-feira,18:00:00,SC,101,"15,9",JOINVILLE,Velocidade Incompatível,Colisão traseira,Sem Vítimas,Plena Noite,Decrescente,Nublado,Dupla,Reta,Não,6,0,0,0,5,1,0,3,-26.10609917,-48.87224159,SPRF-SC,DEL03-SC,UOP01-DEL03-SC,2023
"527812,0",2023-06-06,terça-feira,19:20:00,SC,101,"453,4",SAO JOAO DO SUL,Acessar a via sem observar a presença dos outros veículos,Colisão lateral mesmo sentido,Sem Vítimas,Plena Noite,Decrescente,Céu Claro,Múltipla,Reta,Não,7,0,0,0,6,1,0,3,-29.19759996,-49.75264078,SPRF-SC,DEL02-SC,UOP02-DEL02-SC,2023
"527839,0",2023-06-07,quarta-feira,03:20:00,SC,280,"4,0",SAO FRANCISCO DO SUL,Ingestão de álcool pelo condutor,Colisão lateral sentido oposto,Sem Vítimas,Plena Noite,Decrescente,Céu Claro,Simples,Reta,Sim,3,0,0,0,2,2,0,4,-26.27887292,-48.64668626,SPRF-SC,DEL03-SC,UOP03-DEL03-SC,2023