id,data_inversa,dia_semana,horario,uf,br,km,municipio,causa_acidente,tipo_acidente,classificacao_acidente,fase_dia,sentido_via,condicao_metereologica,tipo_pista,tracado_via,uso_solo,pessoas,mortos,feridos_leves,feridos_graves,ilesos,ignorados,feridos,veiculos,latitude,longitude,regional,delegacia,uop,ano_arquivo
"527880,0",2023-06-07,quarta-feira,07:20:00,SC,101,"351,3",JAGUARUNA,Manobra de mudança de faixa,Colisão traseira,Sem Vítimas,Pleno dia,Decrescente,Céu Claro,Dupla,Reta,Não,2,0,0,0,1,1,0,2,-28.60882541,-49.0589118,SPRF-SC,DEL02-SC,UOP01-DEL02-SC,2023
"527924,0",2023-06-07,quarta-feira,09:30:00,SC,101,"448,0",SANTA ROSA DO SUL,Condutor Dormindo,Colisão com objeto,Sem Vítimas,Pleno dia,Crescente,Céu Claro,Múltipla,Curva,Não,2,0,0,0,1,1,0,2,-29.15898991,-49.73540906,SPRF-SC,DEL02-SC,UOP02-DEL02-SC,2023
"527972,0",2023-06-07,quarta-feira,16:30:00,SC,116,"208,0",PONTE ALTA,Ausência de reação do condutor,Colisão traseira,Com Vítimas Feridas,Anoitecer,Decrescente,Sol,Simples,Reta,Sim,3,0,1,0,1,1,1,3,-27.4897408,-50.3755616,SPRF-SC,DEL05-SC,UOP03-DEL05-SC,2023
"528046,0",2023-06-07,quarta-feira,21:40:00,SC,470,"101,0",APIUNA,Ultrapassagem Indevida,Colisão frontal,Com Vítimas Fatais,Plena Noite,Decrescente,Céu Claro,Simples,Curva,Não,5,3,0,0,1,1,0,3,-27.05648873,-49.38927412,SPRF-SC,DEL04-SC,UOP02-DEL04-SC,2023
"528103,0",2023-06-08,quinta-feira,04:45:00,SC,280,"266,1",IRINEOPOLIS,Transitar na contramão,Colisão frontal,Com Vítimas Fatais,Plena Noite,Decrescente,Nevoeiro/Neblina,Simples,Curva,Não,4,1,0,0,2,1,0,3,-26.2640547,-50.69117546,SPRF-SC,DEL06-SC,UOP04-DEL06-SC,2023
"528147,0",2023-06-08,quinta-feira,08:10:00,SC,101,"354,5",SANGAO,Condutor Dormindo,Colisão traseira,Com Vítimas Feridas,Pleno dia,Decrescente,Céu Claro,Dupla,Aclive;Reta,Não,3,0,1,0,1,1,1,3,-28.61806302,-49.07013199,SPRF-SC,DEL02-SC,UOP01-DEL02-SC,2023
"528155,0",2023-05-27,sábado,17:50:00,SC,116,"61,8",PAPANDUVA,Transitar na contramão,Colisão frontal,Com Vítimas Fatais,Plena Noite,Decrescente,Chuva,Simples,Reta,Não,3,1,0,0,1,1,0,3,-26.3952863,-50.2255215,SPRF-SC,DEL06-SC,UOP02-DEL06-SC,2023
"528179,0",2023-06-08,quinta-feira,14:20:00,SC,163,"110,6",GUARUJA DO SUL,Acessar a via sem observar a presença dos outros veículos,Colisão transversal,Com Vítimas Feridas,Pleno dia,Decrescente,Céu Claro,Simples,Reta;Aclive,Não,6,0,3,0,3,0,3,3,-26.40508001,-53.52431608,SPRF-SC,DEL07-SC,UOP03-DEL07-SC,2023
"528297,0",2023-06-09,sexta-feira,07:05:00,SC,101,"138,6",BALNEARIO CAMBORIU,Velocidade Incompatível,Tombamento,Com Vítimas Feridas,Pleno dia,Crescente,Céu Claro,Dupla,Viaduto;Curva,Sim,2,0,1,0,0,1,1,2,-27.02397426,-48.60761649,SPRF-SC,DEL04-SC,UOP03-DEL04-SC,2023
"528368,0",2023-06-09,sexta-feira,13:45:00,SC,101,"396,0",MARACAJA,Ingestão de álcool pelo condutor,Colisão traseira,Com Vítimas Feridas,Pleno dia,Decrescente,Céu Claro,Dupla,Reta,Não,4,0,2,0,2,0,2,2,-28.83644095,-49.42113876,SPRF-SC,DEL02-SC,UOP02-DEL02-SC,2023
"528419,0",2023-06-09,sexta-feira,17:50:00,SC,470,"128,5",LONTRAS,Manobra de mudança de faixa,Colisão lateral mesmo sentido,Com Vítimas Feridas,Anoitecer,Decrescente,Céu Claro,Simples,Curva,Não,4,0,0,1,1,2,1,4,-27.143742,-49.548897,SPRF-SC,DEL04-SC,UOP02-DEL04-SC,2023
"528421,0",2023-06-09,sexta-feira,18:00:00,SC,101,"10,0",GARUVA,Ingestão de álcool pelo condutor,Colisão traseira,Com Vítimas Feridas,Plena Noite,Crescente,Céu Claro,Múltipla,Reta,Não,3,0,1,0,1,1,1,3,-26.063011,-48.86020605,SPRF-SC,DEL03-SC,UOP01-DEL03-SC,2023
"528634,0",2023-06-10,sábado,20:14:00,SC,101,"228,7",PALHOCA,Reação tardia ou ineficiente do condutor,Colisão traseira,Com Vítimas Feridas,Plena Noite,Crescente,Nublado,Dupla,Reta,Não,3,0,1,0,1,1,1,3,-27.7597249,-48.63078869,SPRF-SC,DEL01-SC,UOP02-DEL01-SC,2023
"528647,0",2023-06-10,sábado,19:44:00,SC,101,"39,0",JOINVILLE,Avarias e/ou desgaste excessivo no pneu,Queda de ocupante de veículo,Com Vítimas Feridas,Plena Noite,Decrescente,Nublado,Dupla,Reta,Sim,11,0,2,0,9,0,2,6,-26.2628107,-48.90192257,SPRF-SC,DEL03-SC,UOP01-DEL03-SC,2023
"528674,0",2023-06-10,sábado,22:30:00,SC,282,"571,0",NOVA ERECHIM,Acesso irregular,Colisão frontal,Com Vítimas Feridas,Plena Noite,Decrescente,Céu Claro,Simples,Reta,Não,3,0,2,0,1,0,2,2,-26.883053,-52.939816,SPRF-SC,DEL07-SC,UOP02-DEL07-SC,2023
"528810,0",2023-06-11,domingo,14:50:00,SC,470,"130,0",LONTRAS,Reação tardia ou ineficiente do condutor,Colisão traseira,Sem Vítimas,Pleno dia,Decrescente,Chuva,Simples,Reta,Não,4,0,0,0,4,0,0,4,-27.148499,-49.556137,SPRF-SC,DEL04-SC,UOP02-DEL04-SC,2023
"528894,0",2023-06-11,domingo,20:30:00,SC,101,"134,0",BALNEARIO CAMBORIU,Acessar a via sem observar a presença dos outros veículos,Colisão transversal,Sem Vítimas,Plena Noite,Decrescente,Chuva,Múltipla,Reta,Sim,6,0,0,0,5,1,0,4,-27.00233899,-48.63562703,SPRF-SC,DEL04-SC,UOP03-DEL04-SC,2023
"528901,0",2023-06-11,domingo,19:15:00,SC,282,"333,0",CAMPOS NOVOS,Reação tardia ou ineficiente do condutor,Colisão frontal,Sem Vítimas,Plena Noite,Decrescente,Chuva,Simples,Reta,Não,2,0,0,0,1,1,0,2,-27.392469,-51.135845,SPRF-SC,DEL07-SC,UOP06-DEL07-SC,2023
"528959,0",2023-06-12,segunda-feira,04:40:00,SC,101,"39,0",JOINVILLE,Ausência de reação do condutor,Colisão com objeto,Com Vítimas Feridas,Plena Noite,Crescente,Chuva,Dupla,Curva,Não,1,0,1,0,0,0,1,1,-26.2628107,-48.90192257,SPRF-SC,DEL03-SC,UOP01-DEL03-SC,2023
"528975,0",2023-06-12,segunda-feira,07:00:00,SC,470,"62,7",BLUMENAU,Chuva,Colisão frontal,Com Vítimas Feridas,Amanhecer,Crescente,Chuva,Simples,Curva,Não,4,0,1,1,1,1,2,4,-26.874521,-49.182938,SPRF-SC,DEL04-SC,UOP01-DEL04-SC,2023
"528983,0",2023-06-12,segunda-feira,07:30:00,SC,101,"186,0",BIGUACU,Velocidade Incompatível,Colisão com objeto,Sem Vítimas,Pleno dia,Crescente,Chuva,Dupla,Curva,Não,2,0,0,0,2,0,0,2,-27.4341098,-48.62567129,SPRF-SC,DEL01-SC,UOP01-DEL01-SC,2023
"529000,0",2023-06-12,segunda-feira,05:45:00,SC,282,"421,3",VARGEM BONITA,Manobra de mudança de faixa,Colisão frontal,Com Vítimas Feridas,Amanhecer,Crescente,Chuva,Simples,Curva,Não,2,0,1,0,1,0,1,2,-27.00980453,-51.73554182,SPRF-SC,DEL07-SC,UOP05-DEL07-SC,2023
"529051,0",2023-06-12,segunda-feira,08:10:00,SC,282,"536,6",CHAPECO,Acessar a via sem observar a presença dos outros veículos,Colisão transversal,Com Vítimas Feridas,Pleno dia,Decrescente,Nevoeiro/Neblina,Simples,Reta,Não,3,0,1,0,1,2,1,4,-27.00046536,-52.65923023,SPRF-SC,DEL07-SC,UOP01-DEL07-SC,2023
"529086,0",2023-06-12,segunda-feira,16:40:00,SC,282,"64,0",RANCHO QUEIMADO,Ausência de reação do condutor,Colisão frontal,Com Vítimas Feridas,Anoitecer,Crescente,Chuva,Simples,Curva,Não,3,0,1,0,1,1,1,3,-27.696323,-49.052456,SPRF-SC,DEL01-SC,UOP03-DEL01-SC,2023
"529151,0",2023-06-12,segunda-feira,20:10:00,SC,282,"645,8",SAO MIGUEL DO OESTE,Ingestão de álcool pelo condutor,Eventos atípicos,Sem Vítimas,Plena Noite,Decrescente,Céu Claro,Simples,Desvio Temporário,Não,2,0,0,0,1,1,0,2,-26.763933,-53.496826,SPRF-SC,DEL07-SC,UOP03-DEL07-SC,2023
"529152,0",2023-06-12,segunda-feira,22:15:00,SC,101,"60,8",ARAQUARI,Deficiência do Sistema de Iluminação/Sinalização,Saída de leito carroçável,Com Vítimas Feridas,Plena Noite,Decrescente,Céu Claro,Dupla,Curva,Não,2,0,1,0,1,0,1,1,-26.45072823,-48.78570317,SPRF-SC,DEL03-SC,UOP02-DEL03-SC,2023
"529181,0",2023-06-12,segunda-feira,18:15:00,SC,153,"105,0",CONCORDIA,Transitar na contramão,Colisão frontal,Com Vítimas Feridas,Plena Noite,Decrescente,Nublado,Simples,Curva,Sim,2,0,0,1,1,0,1,2,-27.2819,-51.969429,SPRF-SC,DEL07-SC,UOP04-DEL07-SC,2023
"529215,0",2023-06-13,terça-feira,09:50:00,SC,101,"117,8",ITAJAI,Condutor deixou de manter distância do veículo da frente,Colisão traseira,Com Vítimas Feridas,Pleno dia,Crescente,Chuva,Múltipla,Reta,Sim,2,0,1,0,0,1,1,2,-26.88747187,-48.72252969,SPRF-SC,DEL04-SC,UOP04-DEL04-SC,2023
"529262,0",2023-06-13,terça-feira,14:20:00,SC,470,"75,7",INDAIAL,Reação tardia ou ineficiente do condutor,Engavetamento,Com Vítimas Feridas,Pleno dia,Crescente,Chuva,Simples,Reta,Não,11,0,0,1,9,2,1,9,-26.933308,-49.287426,SPRF-SC,DEL04-SC,UOP01-DEL04-SC,2023
"529314,0",2023-06-13,terça-feira,13:50:00,SC,282,"529,1",CORDILHEIRA ALTA,Reação tardia ou ineficiente do condutor,Colisão transversal,Sem Vítimas,Pleno dia,Decrescente,Nevoeiro/Neblina,Simples,Reta;Declive;Retorno Regulamentado,Não,3,0,0,0,2,1,0,3,-26.98246353,-52.59783983,SPRF-SC,DEL07-SC,UOP01-DEL07-SC,2023
"529341,0",2023-06-13,terça-feira,23:45:00,SC,101,"117,5",ITAJAI,Condutor deixou de manter distância do veículo da frente,Colisão traseira,Com Vítimas Feridas,Plena Noite,Decrescente,Chuva,Múltipla,Reta,Sim,4,0,1,2,1,0,3,2,-26.89296838,-48.71992057,SPRF-SC,DEL04-SC,UOP04-DEL04-SC,2023
"529351,0",2023-06-09,sexta-feira,22:00:00,SC,101,"22,3",JOINVILLE,Manobra de mudança de faixa,Colisão lateral mesmo sentido,Com Vítimas Feridas,Plena Noite,Decrescente,Céu Claro,Múltipla,Reta,Não,3,0,1,0,1,2,1,4,-26.15679993,-48.90786269,SPRF-SC,DEL03-SC,UOP01-DEL03-SC,2023
"529424,0",2023-06-14,quarta-feira,12:10:00,SC,101,"114,7",ITAJAI,Condutor deixou de manter distância do veículo da frente,Colisão traseira,Com Vítimas Fatais,Pleno dia,Decrescente,Chuva,Múltipla,Reta,Sim,4,1,0,0,2,1,0,4,-26.8678903,-48.730068,SPRF-SC,DEL04-SC,UOP04-DEL04-SC,2023
"529439,0",2023-06-14,quarta-feira,10:40:00,SC,163,"101,0",SAO JOSE DO CEDRO,Condutor deixou de manter distância do veículo da frente,Colisão lateral sentido oposto,Com Vítimas Feridas,Pleno dia,Decrescente,Nevoeiro/Neblina,Simples,Reta,Não,5,0,2,1,1,2,3,4,-26.47803802,-53.50670007,SPRF-SC,DEL07-SC,UOP03-DEL07-SC,2023
"529470,0",2023-06-14,quarta-feira,16:20:00,SC,282,"72,0",RANCHO QUEIMADO,Velocidade Incompatível,Colisão lateral mesmo sentido,Sem Vítimas,Pleno dia,Crescente,Chuva,Simples,Curva,Não,2,0,0,0,2,0,0,2,-27.683439,-49.105259,SPRF-SC,DEL01-SC,UOP03-DEL01-SC,2023
"529489,0",2023-06-14,quarta-feira,18:40:00,SC,101,"202,5",SAO JOSE,Ausência de reação do condutor,Colisão traseira,Com Vítimas Feridas,Plena Noite,Decrescente,Chuva,Múltipla,Reta,Sim,2,0,1,0,1,0,1,2,-27.55711595,-48.61897889,SPRF-SC,DEL01-SC,UOP01-DEL01-SC,2023
"529499,0",2023-06-14,quarta-feira,18:00:00,SC,101,"134,3",BALNEARIO CAMBORIU,Ausência de reação do condutor,Colisão traseira,Com Vítimas Feridas,Anoitecer,Decrescente,Chuva,Múltipla,Reta,Não,3,0,0,1,2,0,1,3,-27.00218,-48.636433,SPRF-SC,DEL04-SC,UOP03-DEL04-SC,2023
"529503,0",2023-06-14,quarta-feira,14:25:00,SC,470,"259,2",CURITIBANOS,Velocidade Incompatível,Tombamento,Com Vítimas Feridas,Pleno dia,Decrescente,Chuva,Simples,Curva;Declive,Não,3,0,1,0,1,1,1,2,-27.303122,-50.661118,SPRF-SC,DEL05-SC,UOP03-DEL05-SC,2023
"529542,0",2023-06-14,quarta-feira,23:20:00,SC,101,"79,3",ARAQUARI,Ingestão de álcool pelo condutor,Colisão transversal,Sem Vítimas,Plena Noite,Decrescente,Chuva,Múltipla,Reta,Sim,3,0,0,0,2,1,0,3,-26.58559601,-48.72192112,SPRF-SC,DEL03-SC,UOP02-DEL03-SC,2023
"529553,0",2023-06-15,quinta-feira,06:45:00,SC,101,"211,6",PALHOCA,Condutor deixou de manter distância do veículo da frente,Colisão traseira,Com Vítimas Feridas,Amanhecer,Decrescente,Chuva,Múltipla,Reta,Sim,3,0,2,0,1,0,2,2,-27.62329313,-48.65245588,SPRF-SC,DEL01-SC,UOP02-DEL01-SC,2023
"529572,0",2023-04-20,quinta-feira,09:40:00,SC,282,"2,8",FLORIANOPOLIS,Ausência de reação do condutor,Colisão traseira,Com Vítimas Feridas,Pleno dia,Crescente,Céu Claro,Dupla,Curva,Sim,3,0,1,1,1,0,2,2,-27.603289,-48.590416,SPRF-SC,DEL01-SC,UOP01-DEL01-SC,2023
"529620,0",2023-06-15,quinta-feira,12:20:00,SC,101,"31,8",JOINVILLE,Velocidade Incompatível,Colisão com objeto,Com Vítimas Feridas,Pleno dia,Decrescente,Garoa/Chuvisco,Dupla,Reta,Sim,2,0,1,0,0,1,1,2,-26.23200799,-48.91678053,SPRF-SC,DEL03-SC,UOP01-DEL03-SC,2023
"529624,0",2023-06-15,quinta-feira,07:15:00,SC,116,"31,4",ITAIOPOLIS,Ausência de reação do condutor,Colisão frontal,Com Vítimas Fatais,Pleno dia,Decrescente,Chuva,Simples,Reta,Não,5,2,0,1,1,3,1,5,-26.318493,-49.973518,SPRF-SC,DEL06-SC,UOP01-DEL06-SC,2023
"529630,0",2023-06-15,quinta-feira,14:00:00,SC,101,"118,0",ITAJAI,Manobra de mudança de faixa,Colisão lateral mesmo sentido,Com Vítimas Feridas,Pleno dia,Crescente,Chuva,Dupla,Reta,Não,3,0,1,0,1,1,1,3,-26.895859,-48.71903,SPRF-SC,DEL04-SC,UOP04-DEL04-SC,2023
"529648,0",2023-06-15,quinta-feira,16:20:00,SC,282,"17,8",PALHOCA,Reação tardia ou ineficiente do condutor,Colisão traseira,Com Vítimas Feridas,Pleno dia,Decrescente,Chuva,Simples,Reta,Sim,2,0,1,0,1,0,1,2,-27.665707,-48.688065,SPRF-SC,DEL01-SC,UOP02-DEL01-SC,2023
"529694,0",2023-06-15,quinta-feira,17:30:00,SC,470,"65,2",INDAIAL,Condutor deixou de manter distância do veículo da frente,Colisão lateral mesmo sentido,Com Vítimas Feridas,Anoitecer,Crescente,Garoa/Chuvisco,Simples,Reta;Em Obras,Não,3,0,0,1,1,1,1,3,-26.87062,-49.21379,SPRF-SC,DEL04-SC,UOP01-DEL04-SC,2023
"529740,0",2023-06-16,sexta-feira,06:05:00,SC,282,"16,2",PALHOCA,Reação tardia ou ineficiente do condutor,Colisão traseira,Com Vítimas Feridas,Pleno dia,Decrescente,Céu Claro,Simples,Reta,Sim,4,0,1,0,2,1,1,3,-27.658611,-48.681847,SPRF-SC,DEL01-SC,UOP02-DEL01-SC,2023
"529819,0",2023-06-16,sexta-feira,10:10:00,SC,282,"563,0",NOVA ERECHIM,Desrespeitar a preferência no cruzamento,Colisão lateral sentido oposto,Com Vítimas Feridas,Pleno dia,Crescente,Chuva,Múltipla,Aclive;Reta,Não,2,0,1,0,1,0,1,2,-26.902191,-52.868835,SPRF-SC,DEL07-SC,UOP02-DEL07-SC,2023
"529834,0",2023-06-16,sexta-feira,14:20:00,SC,101,"100,0",BALNEARIO PICARRAS,Manobra de mudança de faixa,Colisão lateral mesmo sentido,Com Vítimas Feridas,Pleno dia,Crescente,Sol,Dupla,Reta,Não,2,0,1,0,1,0,1,2,-26.75482787,-48.68993675,SPRF-SC,DEL03-SC,UOP02-DEL03-SC,2023
"529876,0",2023-06-16,sexta-feira,16:40:00,SC,280,"122,0",RIO NEGRINHO,Ausência de reação do condutor,Colisão traseira,Com Vítimas Feridas,Pleno dia,Crescente,Céu Claro,Simples,Reta,Não,2,0,1,0,1,0,1,2,-26.24855895,-49.45712883,SPRF-SC,DEL06-SC,UOP03-DEL06-SC,2023
"529944,0",2023-06-16,sexta-feira,20:50:00,SC,280,"28,8",ARAQUARI,Ingestão de álcool pelo condutor,Colisão lateral mesmo sentido,Com Vítimas Fatais,Plena Noite,Decrescente,Céu Claro,Simples,Reta,Sim,4,1,0,0,1,3,0,5,-26.4091844,-48.7510421,SPRF-SC,DEL03-SC,UOP03-DEL03-SC,2023
"529969,0",2023-06-17,sábado,04:35:00,SC,101,"253,3",PAULO LOPES,Reação tardia ou ineficiente do condutor,Saída de leito carroçável,Sem Vítimas,Plena Noite,Crescente,Céu Claro,Dupla,Reta,Sim,1,0,0,0,1,0,0,1,-27.97209569,-48.67967075,SPRF-SC,DEL02-SC,UOP03-DEL02-SC,2023
"530025,0",2023-06-17,sábado,08:07:00,SC,282,"583,2",PINHALZINHO,Transitar na contramão,Colisão lateral sentido oposto,Com Vítimas Feridas,Pleno dia,Crescente,Nublado,Simples,Curva;Declive,Não,4,0,0,1,3,0,1,3,-26.828905,-53.009552,SPRF-SC,DEL07-SC,UOP02-DEL07-SC,2023
"530045,0",2023-06-17,sábado,09:45:00,SC,470,"259,3",CURITIBANOS,Velocidade Incompatível,Tombamento,Com Vítimas Feridas,Pleno dia,Crescente,Nublado,Simples,Curva;Aclive,Não,3,0,2,0,0,1,2,2,-27.303122,-50.661118,SPRF-SC,DEL05-SC,UOP03-DEL05-SC,2023
"530120,0",2023-06-17,sábado,19:45:00,SC,101,"289,0",IMBITUBA,Ingestão de álcool pelo condutor,Colisão lateral mesmo sentido,Sem Vítimas,Plena Noite,Crescente,Nublado,Dupla,Interseção de Vias,Sim,5,0,0,0,3,2,0,4,-28.25395282,-48.70289554,SPRF-SC,DEL02-SC,UOP03-DEL02-SC,2023
"530217,0",2023-06-18,domingo,06:05:00,SC,280,"48,7",GUARAMIRIM,Acessar a via sem observar a presença dos outros veículos,Colisão frontal,Com Vítimas Feridas,Amanhecer,Decrescente,Céu Claro,Simples,Reta;Em Obras,Não,5,0,0,1,1,3,1,4,-26.45620445,-48.93014431,SPRF-SC,DEL03-SC,UOP03-DEL03-SC,2023
"530272,0",2023-06-18,domingo,13:15:00,SC,282,"16,2",PALHOCA,Acessar a via sem observar a presença dos outros veículos,Colisão transversal,Com Vítimas Feridas,Pleno dia,Crescente,Céu Claro,Simples,Reta;Interseção de Vias,Sim,4,0,1,0,3,0,1,4,-27.658611,-48.681847,SPRF-SC,DEL01-SC,UOP02-DEL01-SC,2023
"530421,0",2023-06-19,segunda-feira,04:30:00,SC,101,"327,1",CAPIVARI DE BAIXO,Pedestre andava na pista,Atropelamento de Pedestre,Com Vítimas Fatais,Plena Noite,Decrescente,Céu Claro,Múltipla,Reta;Declive,Não,2,1,0,0,1,0,0,2,-28.4385883,-48.9617231,SPRF-SC,DEL02-SC,UOP01-DEL02-SC,2023
"530460,0",2023-06-19,segunda-feira,09:50:00,SC,470,"46,9",BLUMENAU,Ausência de reação do condutor,Colisão frontal,Com Vítimas Feridas,Pleno dia,Crescente,Céu Claro,Simples,Curva;Em Obras,Sim,4,0,1,2,0,1,3,4,-26.860388,-49.037617,SPRF-SC,DEL04-SC,UOP01-DEL04-SC,2023
"530476,0",2023-06-19,segunda-feira,12:00:00,SC,101,"121,5",ITAJAI,Ausência de reação do condutor,Colisão traseira,Com Vítimas Feridas,Pleno dia,Crescente,Sol,Dupla,Reta,Não,2,0,0,1,1,0,1,2,-26.92103178,-48.70856446,SPRF-SC,DEL04-SC,UOP04-DEL04-SC,2023
"530884,0",2023-03-31,sexta-feira,15:00:00,SC,101,"328,8",CAPIVARI DE BAIXO,Condutor deixou de manter distância do veículo da frente,Colisão traseira,Sem Vítimas,Pleno dia,Decrescente,Céu Claro,Simples,Ponte;Reta,Não,4,0,0,0,3,2,0,5,-28.43648094,-48.95989307,SPRF-SC,DEL02-SC,UOP01-DEL02-SC,2023
"530887,0",2023-06-21,quarta-feira,15:00:00,SC,116,"8,7",MAFRA,Condutor deixou de manter distância do veículo da frente,Colisão traseira,Com Vítimas Feridas,Pleno dia,Crescente,Céu Claro,Simples,Aclive,Não,3,0,1,0,1,1,1,3,-26.16204411,-49.84570026,SPRF-SC,DEL06-SC,UOP01-DEL06-SC,2023
"530928,0",2023-06-21,quarta-feira,17:15:00,SC,470,"225,4",SAO CRISTOVAO DO SUL,Velocidade Incompatível,Colisão frontal,Com Vítimas Fatais,Pleno dia,Decrescente,Garoa/Chuvisco,Simples,Curva,Não,3,1,0,0,1,2,0,4,-27.326683,-50.358158,SPRF-SC,DEL05-SC,UOP03-DEL05-SC,2023
"530990,0",2023-06-22,quinta-feira,05:00:00,SC,470,"105,0",APIUNA,Reação tardia ou ineficiente do condutor,Colisão traseira,Com Vítimas Feridas,Plena Noite,Crescente,Garoa/Chuvisco,Simples,Curva,Não,3,0,2,0,0,1,2,2,-27.066006,-49.417019,SPRF-SC,DEL04-SC,UOP02-DEL04-SC,2023
"531008,0",2023-06-22,quinta-feira,06:30:00,SC,280,"137,9",RIO NEGRINHO,Condutor Dormindo,Colisão frontal,Com Vítimas Feridas,Amanhecer,Crescente,Nublado,Simples,Declive;Em Obras;Curva,Não,2,0,1,0,1,0,1,2,-26.25353641,-49.60539579,SPRF-SC,DEL06-SC,UOP03-DEL06-SC,2023
"531018,0",2023-06-22,quinta-feira,08:06:00,SC,470,"123,8",LONTRAS,Ultrapassagem Indevida,Colisão lateral mesmo sentido,Com Vítimas Feridas,Pleno dia,Decrescente,Nublado,Simples,Curva;Aclive,Não,2,0,1,0,1,0,1,2,-27.106783,-49.522049,SPRF-SC,DEL04-SC,UOP02-DEL04-SC,2023
"531023,0",2023-06-22,quinta-feira,06:10:00,SC,282,"443,0",PONTE SERRADA,Condutor deixou de manter distância do veículo da frente,Colisão traseira,Com Vítimas Feridas,Pleno dia,Crescente,Garoa/Chuvisco,Simples,Reta,Não,3,0,1,0,2,0,1,2,-26.917578,-51.890999,SPRF-SC,DEL07-SC,UOP04-DEL07-SC,2023
"531046,0",2023-06-22,quinta-feira,11:04:00,SC,282,"502,8",XANXERE,Reação tardia ou ineficiente do condutor,Colisão traseira,Com Vítimas Feridas,Pleno dia,Crescente,Nublado,Simples,Rotatória,Sim,3,0,0,1,1,2,1,4,-26.884584,-52.390911,SPRF-SC,DEL07-SC,UOP01-DEL07-SC,2023
"531125,0",2023-06-22,quinta-feira,12:50:00,SC,470,"199,3",PONTE ALTA,Desrespeitar a preferência no cruzamento,Colisão transversal,Com Vítimas Feridas,Pleno dia,Crescente,Nublado,Simples,Rotatória,Não,3,0,1,0,1,1,1,3,-27.30814239,-50.13371587,SPRF-SC,DEL05-SC,UOP03-DEL05-SC,2023
"531211,0",2023-06-22,quinta-feira,22:50:00,SC,470,"171,6",POUSO REDONDO,Transitar na contramão,Colisão frontal,Com Vítimas Feridas,Plena Noite,Crescente,Chuva,Simples,Curva,Não,3,0,0,1,1,1,1,3,-27.2600278,-49.90470886,SPRF-SC,DEL04-SC,UOP02-DEL04-SC,2023
"531337,0",2023-06-23,sexta-feira,14:15:00,SC,116,"67,8",MONTE CASTELO,Ausência de reação do condutor,Colisão lateral mesmo sentido,Com Vítimas Feridas,Pleno dia,Decrescente,Chuva,Simples,Reta,Não,3,0,2,0,1,0,2,2,-26.44247501,-50.2284382,SPRF-SC,DEL06-SC,UOP02-DEL06-SC,2023
"531341,0",2023-06-23,sexta-feira,14:00:00,SC,101,"351,8",JAGUARUNA,Manobra de mudança de faixa,Colisão lateral mesmo sentido,Sem Vítimas,Pleno dia,Decrescente,Nublado,Dupla,Reta,Não,6,0,0,0,5,1,0,3,-28.5977641,-49.04943589,SPRF-SC,DEL02-SC,UOP01-DEL02-SC,2023
"531361,0",2023-06-23,sexta-feira,19:00:00,SC,116,"213,0",PONTE ALTA,Reação tardia ou ineficiente do condutor,Colisão com objeto,Com Vítimas Feridas,Plena Noite,Decrescente,Garoa/Chuvisco,Simples,Reta,Não,3,0,0,1,0,3,1,4,-27.52555618,-50.36559279,SPRF-SC,DEL05-SC,UOP03-DEL05-SC,2023
"531367,0",2023-06-23,sexta-feira,19:35:00,SC,280,"29,9",ARAQUARI,Velocidade Incompatível,Colisão traseira,Com Vítimas Feridas,Plena Noite,Decrescente,Garoa/Chuvisco,Simples,Reta,Não,3,0,1,0,1,2,1,4,-26.41066264,-48.75295628,SPRF-SC,DEL03-SC,UOP03-DEL03-SC,2023
"531441,0",2023-06-24,sábado,04:30:00,SC,280,"10,0",SAO FRANCISCO DO SUL,Ingestão de álcool pelo condutor,Colisão traseira,Com Vítimas Feridas,Plena Noite,Decrescente,Céu Claro,Simples,Reta,Sim,3,0,1,0,1,1,1,3,-26.29625399,-48.64238799,SPRF-SC,DEL03-SC,UOP03-DEL03-SC,2023
"531614,0",2023-06-24,sábado,20:40:00,SC,101,"4,0",GARUVA,Acessar a via sem observar a presença dos outros veículos,Colisão lateral mesmo sentido,Sem Vítimas,Plena Noite,Decrescente,Céu Claro,Dupla,Reta,Sim,3,0,0,0,2,1,0,3,-26.00908719,-48.86448735,SPRF-SC,DEL03-SC,UOP01-DEL03-SC,2023
"531809,0",2023-06-25,domingo,18:35:00,SC,280,"33,1",ARAQUARI,Ausência de reação do condutor,Colisão frontal,Com Vítimas Feridas,Anoitecer,Decrescente,Céu Claro,Simples,Reta,Sim,2,0,1,0,1,0,1,2,-26.42576441,-48.78741376,SPRF-SC,DEL03-SC,UOP03-DEL03-SC,2023
"531857,0",2023-06-25,domingo,22:21:00,SC,153,"42,5",VARGEM BONITA,Estacionar ou parar em local proibido,Colisão traseira,Com Vítimas Feridas,Plena Noite,Decrescente,Nublado,Dupla,Aclive,Não,3,0,0,1,1,3,1,5,-26.860281,-51.744846,SPRF-SC,DEL07-SC,UOP07-DEL07-SC,2023
"531892,0",2023-06-26,segunda-feira,07:50:00,SC,101,"206,8",SAO JOSE,Condutor deixou de manter distância do veículo da frente,Colisão traseira,Com Vítimas Feridas,Pleno dia,Crescente,Céu Claro,Dupla,Reta,Sim,4,0,0,1,3,0,1,4,-27.59193546,-48.61824557,SPRF-SC,DEL01-SC,UOP01-DEL01-SC,2023
"531905,0",2023-06-26,segunda-feira,09:00:00,SC,101,"127,9",BALNEARIO CAMBORIU,Condutor deixou de manter distância do veículo da frente,Colisão traseira,Com Vítimas Feridas,Pleno dia,Crescente,Céu Claro,Dupla,Reta,Não,4,0,0,1,2,2,1,5,-26.9639319,-48.68328024,SPRF-SC,DEL04-SC,UOP04-DEL04-SC,2023