id,data_inversa,dia_semana,horario,uf,br,km,municipio,causa_acidente,tipo_acidente,classificacao_acidente,fase_dia,sentido_via,condicao_metereologica,tipo_pista,tracado_via,uso_solo,pessoas,mortos,feridos_leves,feridos_graves,ilesos,ignorados,feridos,veiculos,latitude,longitude,regional,delegacia,uop,ano_arquivo
"531967,0",2023-03-10,sexta-feira,13:43:00,SC,153,"39,0",AGUA DOCE,Condutor deixou de manter distância do veículo da frente,Colisão lateral sentido oposto,Com Vítimas Feridas,Pleno dia,Crescente,Céu Claro,Dupla,Reta;Declive,Não,4,0,1,0,2,2,1,5,-26.836941,-51.74242,SPRF-SC,DEL07-SC,UOP07-DEL07-SC,2023
"531970,0",2023-06-26,segunda-feira,14:20:00,SC,101,"126,0",ITAJAI,Pedestre andava na pista,Atropelamento de Pedestre,Com Vítimas Feridas,Pleno dia,Decrescente,Céu Claro,Dupla,Ponte;Curva,Não,3,0,0,1,1,1,1,3,-26.95564404,-48.67978366,SPRF-SC,DEL04-SC,UOP04-DEL04-SC,2023
"532026,0",2023-06-26,segunda-feira,19:34:00,SC,116,"72,5",MONTE CASTELO,Manobra de mudança de faixa,Colisão lateral sentido oposto,Com Vítimas Feridas,Plena Noite,Decrescente,Nublado,Simples,Interseção de Vias;Aclive,Não,2,0,0,1,1,0,1,2,-26.48707,-50.23276105,SPRF-SC,DEL06-SC,UOP02-DEL06-SC,2023
"532045,0",2023-06-26,segunda-feira,20:45:00,SC,116,"247,9",LAGES,Pedestre andava na pista,Atropelamento de Pedestre,Com Vítimas Fatais,Plena Noite,Decrescente,Nevoeiro/Neblina,Simples,Reta,Não,2,1,0,0,0,1,0,2,-27.81865791,-50.37334442,SPRF-SC,DEL05-SC,UOP02-DEL05-SC,2023
"532046,0",2023-06-26,segunda-feira,16:50:00,SC,280,"139,0",RIO NEGRINHO,Avarias e/ou desgaste excessivo no pneu,Tombamento,Com Vítimas Feridas,Pleno dia,Crescente,Céu Claro,Simples,Reta,Não,4,0,1,0,2,1,1,4,-26.255,-49.618,SPRF-SC,DEL06-SC,UOP03-DEL06-SC,2023
"532102,0",2023-06-27,terça-feira,08:45:00,SC,101,"286,8",IMBITUBA,Manobra de mudança de faixa,Colisão lateral mesmo sentido,Sem Vítimas,Pleno dia,Decrescente,Céu Claro,Múltipla,Reta,Não,3,0,0,0,1,2,0,3,-28.25421948,-48.7028861,SPRF-SC,DEL02-SC,UOP03-DEL02-SC,2023
"532105,0",2023-04-16,domingo,19:10:00,SC,101,"6,0",GARUVA,Reação tardia ou ineficiente do condutor,Colisão traseira,Com Vítimas Feridas,Plena Noite,Decrescente,Chuva,Dupla,Reta;Viaduto,Sim,3,0,0,1,1,3,1,5,-26.02692002,-48.86142017,SPRF-SC,DEL03-SC,UOP01-DEL03-SC,2023
"532137,0",2023-06-27,terça-feira,08:10:00,SC,282,"366,2",ERVAL VELHO,Transitar na contramão,Colisão frontal,Com Vítimas Fatais,Pleno dia,Crescente,Céu Claro,Simples,Reta;Declive,Não,4,1,0,0,2,1,0,3,-27.294157,-51.4105,SPRF-SC,DEL07-SC,UOP05-DEL07-SC,2023
"532184,0",2023-06-27,terça-feira,14:20:00,SC,163,"112,5",GUARUJA DO SUL,Acessar a via sem observar a presença dos outros veículos,Colisão transversal,Com Vítimas Feridas,Pleno dia,Crescente,Céu Claro,Simples,Reta;Desvio Temporário;Em Obras,Sim,6,0,1,1,1,3,2,4,-26.38608393,-53.51888895,SPRF-SC,DEL07-SC,UOP03-DEL07-SC,2023
"532194,0",2023-06-27,terça-feira,11:25:00,SC,470,"241,0",CURITIBANOS,Transitar na contramão,Colisão frontal,Com Vítimas Feridas,Pleno dia,Decrescente,Nublado,Simples,Reta,Não,3,0,1,0,1,1,1,3,-27.308832,-50.490402,SPRF-SC,DEL05-SC,UOP03-DEL05-SC,2023
"532231,0",2023-06-27,terça-feira,20:15:00,SC,282,"26,0",SANTO AMARO DA IMPERATRIZ,Transitar na contramão,Colisão lateral sentido oposto,Com Vítimas Feridas,Plena Noite,Crescente,Céu Claro,Simples,Curva,Não,4,0,0,2,1,1,2,3,-27.680267,-48.762482,SPRF-SC,DEL01-SC,UOP03-DEL01-SC,2023
"532292,0",2023-06-28,quarta-feira,06:55:00,SC,470,"165,2",POUSO REDONDO,Condutor Dormindo,Colisão frontal,Com Vítimas Feridas,Amanhecer,Crescente,Garoa/Chuvisco,Simples,Curva,Não,5,0,0,3,1,2,3,4,-27.27663,-49.845661,SPRF-SC,DEL04-SC,UOP02-DEL04-SC,2023
"532297,0",2023-06-09,sexta-feira,19:10:00,SC,101,"121,8",ITAJAI,Condutor deixou de manter distância do veículo da frente,Engavetamento,Com Vítimas Feridas,Plena Noite,Decrescente,Céu Claro,Dupla,Reta,Não,7,0,1,0,5,2,1,8,-26.92103178,-48.70856446,SPRF-SC,DEL04-SC,UOP04-DEL04-SC,2023
"532301,0",2023-01-15,domingo,14:05:00,SC,470,"268,5",CURITIBANOS,Reação tardia ou ineficiente do condutor,Colisão frontal,Com Vítimas Feridas,Pleno dia,Crescente,Chuva,Simples,Curva;Declive,Não,4,0,3,0,0,2,3,5,-27.312988,-50.738847,SPRF-SC,DEL05-SC,UOP03-DEL05-SC,2023
"532312,0",2023-06-28,quarta-feira,09:20:00,SC,470,"57,2",BLUMENAU,Transitar na contramão,Colisão frontal,Com Vítimas Feridas,Pleno dia,Decrescente,Céu Claro,Simples,Reta,Sim,2,0,1,0,1,0,1,2,-26.880428,-49.136532,SPRF-SC,DEL04-SC,UOP01-DEL04-SC,2023
"532314,0",2023-06-28,quarta-feira,07:43:00,SC,101,"414,0",ARARANGUA,Reação tardia ou ineficiente do condutor,Colisão traseira,Com Vítimas Feridas,Pleno dia,Crescente,Céu Claro,Simples,Reta,Sim,2,0,0,1,1,0,1,2,-28.956045,-49.512113,SPRF-SC,DEL02-SC,UOP02-DEL02-SC,2023
"532360,0",2023-04-20,quinta-feira,10:00:00,SC,470,"181,0",POUSO REDONDO,Acessar a via sem observar a presença dos outros veículos,Colisão transversal,Com Vítimas Feridas,Pleno dia,Crescente,Céu Claro,Simples,Reta,Não,4,0,0,2,1,1,2,3,-27.251818,-49.996815,SPRF-SC,DEL04-SC,UOP02-DEL04-SC,2023
"532369,0",2023-06-28,quarta-feira,16:40:00,SC,101,"210,9",SAO JOSE,Acessar a via sem observar a presença dos outros veículos,Colisão lateral mesmo sentido,Com Vítimas Feridas,Pleno dia,Decrescente,Céu Claro,Dupla,Reta,Sim,2,0,1,0,1,0,1,2,-27.61334306,-48.64241838,SPRF-SC,DEL01-SC,UOP01-DEL01-SC,2023
"532440,0",2023-06-29,quinta-feira,00:20:00,SC,101,"61,0",ARAQUARI,Pedestre cruzava a pista fora da faixa,Atropelamento de Pedestre,Com Vítimas Fatais,Plena Noite,Crescente,Céu Claro,Dupla,Curva,Não,6,1,0,0,4,1,0,3,-26.4547378,-48.7764377,SPRF-SC,DEL03-SC,UOP02-DEL03-SC,2023
"532451,0",2023-06-29,quinta-feira,02:50:00,SC,116,"165,1",PONTE ALTA DO NORTE,Transitar na contramão,Colisão lateral sentido oposto,Com Vítimas Feridas,Plena Noite,Decrescente,Céu Claro,Simples,Curva,Não,5,0,3,0,1,1,3,3,-27.15176073,-50.46219055,SPRF-SC,DEL05-SC,UOP03-DEL05-SC,2023
"532453,0",2023-06-29,quinta-feira,04:40:00,SC,470,"70,8",INDAIAL,Ausência de reação do condutor,Colisão com objeto,Com Vítimas Feridas,Plena Noite,Crescente,Nublado,Simples,Reta,Não,3,0,0,1,2,0,1,2,-26.889374,-49.254478,SPRF-SC,DEL04-SC,UOP01-DEL04-SC,2023
"532638,0",2023-06-29,quinta-feira,19:34:00,SC,101,"111,1",NAVEGANTES,Acessar a via sem observar a presença dos outros veículos,Colisão lateral mesmo sentido,Com Vítimas Fatais,Plena Noite,Crescente,Nublado,Múltipla,Reta,Sim,3,1,1,0,0,1,1,2,-26.840602,-48.715223,SPRF-SC,DEL04-SC,UOP04-DEL04-SC,2023
"532684,0",2023-06-30,sexta-feira,05:55:00,SC,282,"49,0",AGUAS MORNAS,Manobra de mudança de faixa,Colisão lateral mesmo sentido,Sem Vítimas,Amanhecer,Crescente,Céu Claro,Dupla,Curva;Aclive,Não,3,0,0,0,2,1,0,3,-27.712931,-48.943741,SPRF-SC,DEL01-SC,UOP03-DEL01-SC,2023
"532756,0",2023-06-30,sexta-feira,15:00:00,SC,280,"24,0",ARAQUARI,Ausência de reação do condutor,Colisão traseira,Com Vítimas Feridas,Pleno dia,Crescente,Nublado,Simples,Reta,Sim,2,0,1,0,1,0,1,2,-26.37724921,-48.71953282,SPRF-SC,DEL03-SC,UOP03-DEL03-SC,2023
"532897,0",2023-07-01,sábado,05:40:00,SC,116,"13,0",MAFRA,Manobra de mudança de faixa,Colisão lateral mesmo sentido,Com Vítimas Feridas,Plena Noite,Crescente,Céu Claro,Simples,Reta;Aclive,Não,3,0,1,0,1,1,1,3,-26.18419881,-49.87404087,SPRF-SC,DEL06-SC,UOP01-DEL06-SC,2023
"532938,0",2023-07-01,sábado,07:30:00,SC,101,"199,8",SAO JOSE,Acessar a via sem observar a presença dos outros veículos,Colisão lateral mesmo sentido,Com Vítimas Feridas,Pleno dia,Decrescente,Nublado,Múltipla,Reta,Não,3,0,0,1,1,1,1,3,-27.53413705,-48.63003205,SPRF-SC,DEL01-SC,UOP01-DEL01-SC,2023
"532981,0",2023-07-01,sábado,12:10:00,SC,101,"327,0",CAPIVARI DE BAIXO,Desrespeitar a preferência no cruzamento,Colisão lateral mesmo sentido,Com Vítimas Feridas,Pleno dia,Crescente,Céu Claro,Dupla,Interseção de Vias;Reta;Em Obras,Sim,5,0,1,0,3,1,1,4,-28.4433856794,-48.9656318736,SPRF-SC,DEL02-SC,UOP01-DEL02-SC,2023
"533042,0",2023-07-01,sábado,13:15:00,SC,116,"107,7",MONTE CASTELO,Velocidade Incompatível,Tombamento,Com Vítimas Feridas,Pleno dia,Decrescente,Céu Claro,Simples,Curva,Não,2,0,1,0,0,2,1,3,-26.75568818,-50.32812388,SPRF-SC,DEL06-SC,UOP02-DEL06-SC,2023
"533155,0",2023-07-02,domingo,04:30:00,SC,116,"45,3",ITAIOPOLIS,Transitar na contramão,Colisão frontal,Sem Vítimas,Plena Noite,Decrescente,Garoa/Chuvisco,Simples,Reta,Não,4,0,0,0,3,1,0,3,-26.34267556,-50.1007322,SPRF-SC,DEL06-SC,UOP01-DEL06-SC,2023
"533196,0",2023-07-02,domingo,08:45:00,SC,163,"85,8",GUARACIABA,Reação tardia ou ineficiente do condutor,Saída de leito carroçável,Com Vítimas Feridas,Pleno dia,Decrescente,Céu Claro,Simples,Curva;Interseção de Vias;Rotatória;Em Obras;Declive,Sim,2,0,1,0,0,1,1,2,-26.59957913,-53.5155201,SPRF-SC,DEL07-SC,UOP03-DEL07-SC,2023
"533197,0",2023-07-02,domingo,08:40:00,SC,282,"256,3",SAO JOSE DO CERRITO,Transitar na contramão,Colisão transversal,Com Vítimas Feridas,Pleno dia,Decrescente,Nevoeiro/Neblina,Simples,Aclive;Reta,Não,2,0,0,1,1,0,1,2,-27.67211,-50.581013,SPRF-SC,DEL05-SC,UOP02-DEL05-SC,2023
"533263,0",2023-07-02,domingo,13:45:00,SC,280,"28,0",ARAQUARI,Ingestão de álcool pelo condutor,Saída de leito carroçável,Com Vítimas Feridas,Pleno dia,Crescente,Nublado,Simples,Reta,Não,2,0,1,0,0,1,1,2,-26.40450077,-48.74561031,SPRF-SC,DEL03-SC,UOP03-DEL03-SC,2023
"533298,0",2023-07-02,domingo,19:40:00,SC,280,"165,5",MAFRA,Transitar na contramão,Colisão lateral sentido oposto,Sem Vítimas,Plena Noite,Crescente,Céu Claro,Simples,Reta,Sim,3,0,0,0,3,0,0,3,-26.18505272,-49.8119696,SPRF-SC,DEL06-SC,UOP01-DEL06-SC,2023
"533331,0",2023-07-02,domingo,21:35:00,SC,282,"23,0",SANTO AMARO DA IMPERATRIZ,Ingestão de álcool pelo condutor,Colisão lateral mesmo sentido,Com Vítimas Feridas,Plena Noite,Crescente,Nublado,Simples,Reta,Sim,3,0,1,0,2,0,1,3,-27.687958,-48.736794,SPRF-SC,DEL01-SC,UOP02-DEL01-SC,2023
"533356,0",2023-07-03,segunda-feira,01:30:00,SC,101,"144,0",ITAPEMA,Ingestão de álcool e/ou substâncias psicoativas pelo pedestre,Colisão traseira,Sem Vítimas,Plena Noite,Crescente,Nublado,Dupla,Reta,Sim,2,0,0,0,2,0,0,2,-27.0732659,-48.59672716,SPRF-SC,DEL04-SC,UOP03-DEL04-SC,2023
"533381,0",2023-07-03,segunda-feira,05:45:00,SC,101,"138,0",BALNEARIO CAMBORIU,Manobra de mudança de faixa,Colisão lateral mesmo sentido,Com Vítimas Feridas,Plena Noite,Crescente,Nublado,Múltipla,Reta,Sim,2,0,1,0,0,1,1,2,-27.02397426,-48.60761649,SPRF-SC,DEL04-SC,UOP03-DEL04-SC,2023
"533401,0",2023-07-03,segunda-feira,06:40:00,SC,280,"55,0",GUARAMIRIM,Desrespeitar a preferência no cruzamento,Colisão transversal,Com Vítimas Feridas,Amanhecer,Crescente,Chuva,Dupla,Rotatória,Sim,3,0,1,0,2,0,1,2,-26.47584353,-48.9937858,SPRF-SC,DEL03-SC,UOP03-DEL03-SC,2023
"533426,0",2023-07-03,segunda-feira,09:47:00,SC,280,"5,8",SAO FRANCISCO DO SUL,Reação tardia ou ineficiente do condutor,Atropelamento de Pedestre,Com Vítimas Feridas,Pleno dia,Crescente,Céu Claro,Simples,Reta,Não,4,0,0,1,2,2,1,4,-26.26006182,-48.62550974,SPRF-SC,DEL03-SC,UOP03-DEL03-SC,2023
"533540,0",2023-07-03,segunda-feira,19:49:00,SC,116,"107,8",MONTE CASTELO,Ausência de reação do condutor,Colisão frontal,Com Vítimas Feridas,Plena Noite,Decrescente,Nublado,Simples,Curva,Não,6,0,0,3,1,2,3,4,-26.75568818,-50.32812388,SPRF-SC,DEL06-SC,UOP02-DEL06-SC,2023
"533548,0",2023-07-03,segunda-feira,16:00:00,SC,282,"535,0",CHAPECO,Velocidade Incompatível,Tombamento,Sem Vítimas,Pleno dia,Crescente,Céu Claro,Simples,Rotatória,Sim,2,0,0,0,1,1,0,2,-26.998245,-52.643768,SPRF-SC,DEL07-SC,UOP01-DEL07-SC,2023
"533581,0",2023-07-04,terça-feira,08:25:00,SC,101,"117,0",ITAJAI,Condutor deixou de manter distância do veículo da frente,Colisão traseira,Com Vítimas Feridas,Pleno dia,Crescente,Céu Claro,Múltipla,Reta,Não,3,0,1,0,2,0,1,3,-26.88747187,-48.72252969,SPRF-SC,DEL04-SC,UOP04-DEL04-SC,2023
"533624,0",2023-07-04,terça-feira,11:20:00,SC,101,"151,1",ITAPEMA,Condutor deixou de manter distância do veículo da frente,Colisão traseira,Com Vítimas Feridas,Pleno dia,Crescente,Céu Claro,Dupla,Reta,Sim,2,0,1,0,1,0,1,2,-27.126536,-48.609642,SPRF-SC,DEL04-SC,UOP03-DEL04-SC,2023
"533687,0",2023-07-04,terça-feira,17:00:00,SC,158,"101,0",CUNHA PORA,Ausência de reação do condutor,Colisão lateral mesmo sentido,Com Vítimas Feridas,Pleno dia,Crescente,Céu Claro,Simples,Reta,Não,2,0,1,0,1,0,1,2,-26.82020702,-53.18127085,SPRF-SC,DEL07-SC,UOP02-DEL07-SC,2023
"533738,0",2023-07-04,terça-feira,18:20:00,SC,116,"290,6",CAPAO ALTO,Velocidade Incompatível,Saída de leito carroçável,Com Vítimas Feridas,Plena Noite,Decrescente,Nublado,Simples,Aclive;Reta,Não,3,0,2,0,0,1,2,2,-28.114358,-50.625197,SPRF-SC,DEL05-SC,UOP02-DEL05-SC,2023
"533837,0",2023-07-05,quarta-feira,12:40:00,SC,101,"113,0",ITAJAI,Velocidade Incompatível,Engavetamento,Com Vítimas Feridas,Pleno dia,Crescente,Céu Claro,Dupla,Reta,Não,8,0,1,0,6,1,1,7,-26.85311393,-48.72689927,SPRF-SC,DEL04-SC,UOP04-DEL04-SC,2023
"533917,0",2023-07-05,quarta-feira,21:15:00,SC,470,"47,4",BLUMENAU,Retorno proibido,Colisão transversal,Com Vítimas Feridas,Plena Noite,Decrescente,Céu Claro,Múltipla,Em Obras;Declive;Interseção de Vias;Reta,Sim,4,0,2,0,1,2,2,4,-26.86261065,-49.04987812,SPRF-SC,DEL04-SC,UOP01-DEL04-SC,2023
"533927,0",2023-07-05,quarta-feira,22:30:00,SC,101,"270,9",IMBITUBA,Pedestre andava na pista,Atropelamento de Pedestre,Com Vítimas Fatais,Plena Noite,Crescente,Céu Claro,Múltipla,Reta,Não,5,1,0,0,2,2,0,5,-28.11392836,-48.70107293,SPRF-SC,DEL02-SC,UOP03-DEL02-SC,2023
"533949,0",2023-07-06,quinta-feira,03:55:00,SC,101,"232,0",PALHOCA,Ausência de reação do condutor,Colisão com objeto,Sem Vítimas,Plena Noite,Crescente,Céu Claro,Dupla,Curva;Declive;Em Obras,Não,1,0,0,0,1,0,0,1,-27.795666,-48.638153,SPRF-SC,DEL01-SC,UOP02-DEL01-SC,2023
"533974,0",2023-07-06,quinta-feira,07:40:00,SC,101,"154,0",PORTO BELO,Ausência de sinalização,Colisão traseira,Com Vítimas Feridas,Pleno dia,Decrescente,Céu Claro,Múltipla,Reta,Sim,3,0,0,1,2,0,1,2,-27.153819,-48.61086393,SPRF-SC,DEL04-SC,UOP03-DEL04-SC,2023
"534016,0",2023-07-06,quinta-feira,10:50:00,SC,470,"122,3",IBIRAMA,Entrada inopinada do pedestre,Atropelamento de Pedestre,Com Vítimas Feridas,Pleno dia,Decrescente,Céu Claro,Simples,Reta;Declive,Não,3,0,0,1,1,1,1,2,-27.099888,-49.527679,SPRF-SC,DEL04-SC,UOP02-DEL04-SC,2023
"534063,0",2023-07-06,quinta-feira,15:55:00,SC,480,"129,5",CHAPECO,Acessar a via sem observar a presença dos outros veículos,Queda de ocupante de veículo,Com Vítimas Feridas,Pleno dia,Crescente,Sol,Simples,Interseção de Vias,Sim,3,0,1,1,1,0,2,2,-27.04656607,-52.63577131,SPRF-SC,DEL07-SC,UOP01-DEL07-SC,2023
"534083,0",2023-07-06,quinta-feira,18:25:00,SC,101,"96,0",BARRA VELHA,Condutor deixou de manter distância do veículo da frente,Engavetamento,Com Vítimas Feridas,Plena Noite,Crescente,Céu Claro,Dupla,Reta,Não,5,0,1,0,4,0,1,3,-26.718427,-48.70233,SPRF-SC,DEL03-SC,UOP02-DEL03-SC,2023
"534088,0",2023-07-06,quinta-feira,17:40:00,SC,282,"641,5",SAO MIGUEL DO OESTE,Ingestão de álcool pelo condutor,Colisão lateral sentido oposto,Sem Vítimas,Anoitecer,Crescente,Céu Claro,Simples,Curva,Não,3,0,0,0,3,0,0,2,-26.779949,-53.460857,SPRF-SC,DEL07-SC,UOP03-DEL07-SC,2023
"534204,0",2023-07-07,sexta-feira,11:00:00,SC,101,"192,3",BIGUACU,Manobra de mudança de faixa,Colisão lateral mesmo sentido,Com Vítimas Feridas,Pleno dia,Decrescente,Céu Claro,Múltipla,Reta;Ponte,Sim,4,0,1,0,2,1,1,3,-27.48798169,-48.65196705,SPRF-SC,DEL01-SC,UOP01-DEL01-SC,2023
"534235,0",2023-06-07,quarta-feira,09:15:00,SC,282,"402,0",JOACABA,Carga excessiva e/ou mal acondicionada,Derramamento de carga,Com Vítimas Feridas,Pleno dia,Crescente,Céu Claro,Simples,Reta,Não,4,0,2,0,1,1,2,3,-27.117358,-51.631628,SPRF-SC,DEL07-SC,UOP05-DEL07-SC,2023
"534325,0",2023-07-07,sexta-feira,19:20:00,SC,282,"531,2",CORDILHEIRA ALTA,Manobra de mudança de faixa,Colisão lateral mesmo sentido,Sem Vítimas,Plena Noite,Crescente,Céu Claro,Simples,Curva,Não,3,0,0,0,3,0,0,2,-26.990747,-52.609776,SPRF-SC,DEL07-SC,UOP01-DEL07-SC,2023
"534348,0",2023-07-07,sexta-feira,15:55:00,SC,116,"69,1",MONTE CASTELO,Reação tardia ou ineficiente do condutor,Colisão transversal,Com Vítimas Feridas,Pleno dia,Decrescente,Céu Claro,Simples,Rotatória,Sim,5,0,3,0,2,0,3,2,-26.46068041,-50.22865534,SPRF-SC,DEL06-SC,UOP02-DEL06-SC,2023
"534384,0",2023-07-08,sábado,00:40:00,SC,470,"212,2",SAO CRISTOVAO DO SUL,Velocidade Incompatível,Saída de leito carroçável,Sem Vítimas,Plena Noite,Decrescente,Chuva,Simples,Reta,Não,1,0,0,0,0,1,0,1,-27.309645,-50.237347,SPRF-SC,DEL05-SC,UOP03-DEL05-SC,2023
"534419,0",2023-07-08,sábado,05:15:00,SC,153,"59,0",IRANI,Desrespeitar a preferência no cruzamento,Colisão transversal,Com Vítimas Feridas,Plena Noite,Crescente,Chuva,Simples,Interseção de Vias,Não,3,0,3,0,0,0,3,2,-26.96948856,-51.85481429,SPRF-SC,DEL07-SC,UOP04-DEL07-SC,2023
"534424,0",2023-07-08,sábado,06:45:00,SC,101,"98,0",BALNEARIO PICARRAS,Reação tardia ou ineficiente do condutor,Colisão lateral mesmo sentido,Com Vítimas Feridas,Amanhecer,Decrescente,Nublado,Múltipla,Reta,Não,3,0,2,0,1,0,2,2,-26.73760897,-48.69918789,SPRF-SC,DEL03-SC,UOP02-DEL03-SC,2023
"534456,0",2023-07-08,sábado,09:55:00,SC,282,"26,8",SANTO AMARO DA IMPERATRIZ,Acessar a via sem observar a presença dos outros veículos,Colisão transversal,Com Vítimas Feridas,Pleno dia,Crescente,Nublado,Simples,Reta;Retorno Regulamentado,Não,3,0,1,1,1,0,2,2,-27.67563274,-48.76794577,SPRF-SC,DEL01-SC,UOP03-DEL01-SC,2023
"534480,0",2023-07-08,sábado,10:34:00,SC,282,"385,0",JOACABA,Velocidade Incompatível,Saída de leito carroçável,Com Vítimas Feridas,Pleno dia,Decrescente,Chuva,Simples,Curva;Declive,Não,1,0,1,0,0,0,1,1,-27.194431,-51.515869,SPRF-SC,DEL07-SC,UOP05-DEL07-SC,2023
"534498,0",2023-07-08,sábado,13:50:00,SC,282,"28,6",SANTO AMARO DA IMPERATRIZ,Ingestão de álcool pelo condutor,Colisão frontal,Sem Vítimas,Pleno dia,Decrescente,Céu Claro,Simples,Curva,Sim,3,0,0,0,2,1,0,3,-27.67866363,-48.78650665,SPRF-SC,DEL01-SC,UOP03-DEL01-SC,2023
"534520,0",2023-07-08,sábado,16:10:00,SC,101,"221,0",PALHOCA,Ausência de reação do condutor,Colisão traseira,Com Vítimas Feridas,Pleno dia,Crescente,Céu Claro,Dupla,Viaduto;Reta,Não,3,0,1,0,1,1,1,3,-27.7041806,-48.65877986,SPRF-SC,DEL01-SC,UOP02-DEL01-SC,2023
"534766,0",2023-07-09,domingo,15:30:00,SC,101,"407,0",ARARANGUA,Desrespeitar a preferência no cruzamento,Colisão transversal,Com Vítimas Feridas,Pleno dia,Crescente,Nublado,Dupla,Reta,Não,3,0,1,0,1,2,1,4,-28.91952773,-49.49134827,SPRF-SC,DEL02-SC,UOP02-DEL02-SC,2023
"534852,0",2023-07-09,domingo,19:25:00,SC,158,"123,3",CAIBI,Transitar na contramão,Colisão lateral sentido oposto,Com Vítimas Feridas,Plena Noite,Crescente,Chuva,Simples,Curva,Não,3,0,1,0,1,2,1,4,-26.98931852,-53.22644234,SPRF-SC,DEL07-SC,UOP02-DEL07-SC,2023
"534909,0",2023-07-10,segunda-feira,06:50:00,SC,101,"225,8",PALHOCA,Acessar a via sem observar a presença dos outros veículos,Colisão lateral mesmo sentido,Sem Vítimas,Amanhecer,Crescente,Garoa/Chuvisco,Dupla,Reta,Não,3,0,0,0,2,2,0,4,-27.73292191,-48.6409567,SPRF-SC,DEL01-SC,UOP02-DEL01-SC,2023
"534919,0",2023-07-10,segunda-feira,08:20:00,SC,101,"233,7",PALHOCA,Reação tardia ou ineficiente do condutor,Colisão lateral mesmo sentido,Sem Vítimas,Pleno dia,Crescente,Nublado,Dupla,Curva;Declive,Não,3,0,0,0,2,1,0,3,-27.80922,-48.637338,SPRF-SC,DEL01-SC,UOP02-DEL01-SC,2023
"534954,0",2023-07-10,segunda-feira,12:20:00,SC,101,"198,0",SAO JOSE,Reação tardia ou ineficiente do condutor,Colisão lateral mesmo sentido,Com Vítimas Feridas,Pleno dia,Decrescente,Nublado,Dupla,Reta,Sim,2,0,2,0,0,0,2,2,-27.52658712,-48.63506019,SPRF-SC,DEL01-SC,UOP01-DEL01-SC,2023
"535021,0",2023-07-10,segunda-feira,18:30:00,SC,282,"582,1",PINHALZINHO,Transitar na contramão,Colisão frontal,Com Vítimas Feridas,Anoitecer,Crescente,Chuva,Simples,Reta,Sim,3,0,1,0,1,1,1,3,-26.826683,-53.002621,SPRF-SC,DEL07-SC,UOP02-DEL07-SC,2023
"535024,0",2023-07-10,segunda-feira,19:40:00,SC,116,"247,4",LAGES,Acessar a via sem observar a presença dos outros veículos,Colisão transversal,Com Vítimas Feridas,Plena Noite,Crescente,Chuva,Simples,Interseção de Vias;Reta,Sim,3,0,0,1,1,1,1,3,-27.81262488,-50.36859817,SPRF-SC,DEL05-SC,UOP02-DEL05-SC,2023
"535068,0",2023-07-10,segunda-feira,23:30:00,SC,101,"88,5",BARRA VELHA,Ingestão de álcool pelo condutor,Colisão lateral mesmo sentido,Sem Vítimas,Plena Noite,Crescente,Garoa/Chuvisco,Dupla,Reta,Sim,4,0,0,0,3,1,0,3,-26.655804,-48.687754,SPRF-SC,DEL03-SC,UOP02-DEL03-SC,2023
"535133,0",2023-07-11,terça-feira,10:00:00,SC,282,"67,7",RANCHO QUEIMADO,Reação tardia ou ineficiente do condutor,Colisão frontal,Com Vítimas Feridas,Pleno dia,Decrescente,Chuva,Simples,Curva;Declive,Não,6,0,2,1,2,2,3,4,-27.695963,-49.0695,SPRF-SC,DEL01-SC,UOP03-DEL01-SC,2023
"535143,0",2023-05-12,sexta-feira,10:53:00,SC,282,"124,0",BOM RETIRO,Avarias e/ou desgaste excessivo no pneu,Incêndio,Sem Vítimas,Pleno dia,Crescente,Céu Claro,Simples,Reta,Não,3,0,0,0,3,0,0,1,-27.805086,-49.450378,SPRF-SC,DEL05-SC,UOP01-DEL05-SC,2023
"535168,0",2023-07-11,terça-feira,15:00:00,SC,101,"25,2",JOINVILLE,Desrespeitar a preferência no cruzamento,Colisão frontal,Com Vítimas Feridas,Pleno dia,Decrescente,Garoa/Chuvisco,Simples,Interseção de Vias,Sim,4,0,2,0,1,1,2,3,-26.1834739,-48.9105912,SPRF-SC,DEL03-SC,UOP01-DEL03-SC,2023
"535204,0",2023-07-11,terça-feira,15:45:00,SC,282,"361,5",ERVAL VELHO,Transitar na contramão,Colisão lateral sentido oposto,Com Vítimas Fatais,Pleno dia,Crescente,Chuva,Simples,Curva;Aclive,Não,5,1,0,0,4,0,0,3,-27.3122199,-51.3706767,SPRF-SC,DEL07-SC,UOP05-DEL07-SC,2023
"535208,0",2023-06-21,quarta-feira,16:30:00,SC,101,"101,0",BALNEARIO PICARRAS,Manobra de mudança de faixa,Colisão lateral mesmo sentido,Com Vítimas Feridas,Anoitecer,Crescente,Céu Claro,Múltipla,Reta,Sim,3,0,1,0,1,1,1,3,-26.76404198,-48.68657667,SPRF-SC,DEL03-SC,UOP02-DEL03-SC,2023