id,data_inversa,dia_semana,horario,uf,br,km,municipio,causa_acidente,tipo_acidente,classificacao_acidente,fase_dia,sentido_via,condicao_metereologica,tipo_pista,tracado_via,uso_solo,pessoas,mortos,feridos_leves,feridos_graves,ilesos,ignorados,feridos,veiculos,latitude,longitude,regional,delegacia,uop,ano_arquivo
"535239,0",2023-07-11,terça-feira,22:15:00,SC,280,"22,4",ARAQUARI,Condutor deixou de manter distância do veículo da frente,Colisão traseira,Com Vítimas Feridas,Plena Noite,Decrescente,Chuva,Simples,Reta,Não,3,0,0,1,1,1,1,3,-26.37092616,-48.70204099,SPRF-SC,DEL03-SC,UOP03-DEL03-SC,2023
"535358,0",2023-07-12,quarta-feira,11:36:00,SC,101,"36,8",JOINVILLE,Velocidade Incompatível,Colisão traseira,Com Vítimas Feridas,Pleno dia,Decrescente,Céu Claro,Dupla,Reta,Sim,7,0,1,0,4,2,1,5,-26.24573198,-48.9101069,SPRF-SC,DEL03-SC,UOP01-DEL03-SC,2023
"535375,0",2023-07-12,quarta-feira,09:01:00,SC,158,"138,9",PALMITOS,Pista esburacada,Eventos atípicos,Sem Vítimas,Pleno dia,Crescente,Chuva,Simples,Rotatória,Sim,1,0,0,0,1,0,0,1,-27.102938,-53.212023,SPRF-SC,DEL07-SC,UOP02-DEL07-SC,2023
"535389,0",2023-07-12,quarta-feira,13:45:00,SC,280,"113,8",SAO BENTO DO SUL,Desrespeitar a preferência no cruzamento,Colisão transversal,Com Vítimas Feridas,Pleno dia,Decrescente,Céu Claro,Simples,Interseção de Vias;Reta,Não,2,0,1,0,1,0,1,2,-26.28190073,-49.41513062,SPRF-SC,DEL06-SC,UOP03-DEL06-SC,2023
"535392,0",2023-07-12,quarta-feira,16:05:00,SC,101,"213,0",PALHOCA,Avarias e/ou desgaste excessivo no pneu,Tombamento,Com Vítimas Feridas,Pleno dia,Crescente,Nublado,Múltipla,Reta,Sim,4,0,1,0,1,2,1,3,-27.64358944,-48.67000759,SPRF-SC,DEL01-SC,UOP02-DEL01-SC,2023
"535436,0",2023-07-12,quarta-feira,20:10:00,SC,101,"132,6",BALNEARIO CAMBORIU,Condutor deixou de manter distância do veículo da frente,Engavetamento,Com Vítimas Feridas,Plena Noite,Crescente,Chuva,Múltipla,Reta,Sim,4,0,1,0,2,3,1,6,-26.99654133,-48.65564711,SPRF-SC,DEL04-SC,UOP03-DEL04-SC,2023
"535441,0",2023-07-12,quarta-feira,12:00:00,SC,282,"16,0",PALHOCA,Ultrapassagem Indevida,Colisão transversal,Com Vítimas Feridas,Pleno dia,Decrescente,Garoa/Chuvisco,Dupla,Reta,Sim,2,0,0,1,1,0,1,2,-27.658611,-48.681847,SPRF-SC,DEL01-SC,UOP02-DEL01-SC,2023
"535512,0",2023-07-13,quinta-feira,08:50:00,SC,282,"383,8",JOACABA,Frear bruscamente,Engavetamento,Com Vítimas Feridas,Pleno dia,Decrescente,Céu Claro,Simples,Reta;Ponte,Não,4,0,1,0,1,3,1,5,-27.20160629,-51.50888443,SPRF-SC,DEL07-SC,UOP05-DEL07-SC,2023
"535526,0",2023-07-13,quinta-feira,09:20:00,SC,116,"41,8",ITAIOPOLIS,Manobra de mudança de faixa,Colisão lateral mesmo sentido,Com Vítimas Feridas,Pleno dia,Decrescente,Céu Claro,Simples,Reta,Não,2,0,1,0,1,0,1,2,-26.33771152,-50.07228395,SPRF-SC,DEL06-SC,UOP01-DEL06-SC,2023
"535544,0",2023-07-13,quinta-feira,10:30:00,SC,101,"8,0",GARUVA,Demais Fenômenos da natureza,Tombamento,Com Vítimas Feridas,Pleno dia,Decrescente,Vento,Dupla,Reta,Não,2,0,1,0,1,0,1,1,-26.044942,-48.859703,SPRF-SC,DEL03-SC,UOP01-DEL03-SC,2023
"535566,0",2023-07-13,quinta-feira,15:40:00,SC,101,"195,9",BIGUACU,Reação tardia ou ineficiente do condutor,Colisão traseira,Com Vítimas Feridas,Pleno dia,Crescente,Céu Claro,Múltipla,Reta,Sim,3,0,1,0,2,0,1,3,-27.5047092,-48.65010819,SPRF-SC,DEL01-SC,UOP01-DEL01-SC,2023
"535611,0",2023-07-13,quinta-feira,18:30:00,SC,101,"208,0",SAO JOSE,Trafegar com motocicleta (ou similar) entre as faixas,Colisão traseira,Com Vítimas Feridas,Anoitecer,Crescente,Nublado,Múltipla,Aclive;Reta,Sim,2,0,1,0,1,0,1,2,-27.60327979,-48.63201818,SPRF-SC,DEL01-SC,UOP01-DEL01-SC,2023
"535683,0",2023-07-13,quinta-feira,18:30:00,SC,282,"273,7",SAO JOSE DO CERRITO,Chuva,Colisão frontal,Com Vítimas Feridas,Plena Noite,Crescente,Céu Claro,Simples,Curva,Não,3,0,0,1,1,1,1,3,-27.613783,-50.706783,SPRF-SC,DEL05-SC,UOP02-DEL05-SC,2023
"535712,0",2023-05-19,sexta-feira,05:00:00,SC,470,"84,8",RODEIO,Acessar a via sem observar a presença dos outros veículos,Colisão transversal,Com Vítimas Feridas,Amanhecer,Decrescente,Céu Claro,Simples,Reta,Não,3,0,1,0,2,0,1,2,-26.96137,-49.342415,SPRF-SC,DEL04-SC,UOP01-DEL04-SC,2023
"535715,0",2023-01-25,quarta-feira,17:10:00,SC,470,"188,0",POUSO REDONDO,Demais falhas mecânicas ou elétricas,Incêndio,Sem Vítimas,Pleno dia,Decrescente,Ignorado,Simples,Reta,Não,2,0,0,0,1,1,0,2,-27.26683719,-50.05989075,SPRF-SC,DEL04-SC,UOP02-DEL04-SC,2023
"535729,0",2023-07-14,sexta-feira,09:50:00,SC,470,"148,0",AGRONOMICA,Transitar na contramão,Colisão frontal,Com Vítimas Feridas,Pleno dia,Decrescente,Sol,Simples,Reta,Não,3,0,1,1,0,1,2,3,-27.24745698,-49.69617248,SPRF-SC,DEL04-SC,UOP02-DEL04-SC,2023
"535757,0",2023-07-14,sexta-feira,06:10:00,SC,101,"405,8",ARARANGUA,Ausência de reação do condutor,Colisão lateral mesmo sentido,Com Vítimas Feridas,Pleno dia,Decrescente,Sol,Dupla,Reta,Não,3,0,1,0,1,2,1,4,-28.88548916,-49.4630158,SPRF-SC,DEL02-SC,UOP02-DEL02-SC,2023
"535785,0",2023-07-14,sexta-feira,16:10:00,SC,282,"17,4",PALHOCA,Acessar a via sem observar a presença dos outros veículos,Colisão transversal,Com Vítimas Feridas,Pleno dia,Decrescente,Céu Claro,Simples,Retorno Regulamentado,Sim,2,0,1,0,1,0,1,2,-27.665707,-48.688065,SPRF-SC,DEL01-SC,UOP02-DEL01-SC,2023
"535849,0",2023-05-31,quarta-feira,17:15:00,SC,282,"539,9",CHAPECO,Acessar a via sem observar a presença dos outros veículos,Colisão transversal,Com Vítimas Fatais,Pleno dia,Crescente,Sol,Simples,Curva;Interseção de Vias,Não,4,1,0,0,1,3,0,5,-26.9925577,-52.6887614,SPRF-SC,DEL07-SC,UOP01-DEL07-SC,2023
"535906,0",2023-07-14,sexta-feira,22:15:00,SC,101,"24,9",JOINVILLE,Ausência de reação do condutor,Colisão traseira,Com Vítimas Feridas,Plena Noite,Crescente,Céu Claro,Dupla,Reta,Sim,11,0,2,3,5,3,5,8,-26.17483309,-48.90767978,SPRF-SC,DEL03-SC,UOP01-DEL03-SC,2023
"535944,0",2023-07-15,sábado,05:50:00,SC,282,"571,0",NOVA ERECHIM,Manobra de mudança de faixa,Colisão traseira,Com Vítimas Feridas,Plena Noite,Decrescente,Nevoeiro/Neblina,Simples,Reta,Sim,2,0,1,0,1,0,1,2,-26.883053,-52.939816,SPRF-SC,DEL07-SC,UOP02-DEL07-SC,2023
"535968,0",2023-07-15,sábado,09:55:00,SC,158,"101,1",CUNHA PORA,Desrespeitar a preferência no cruzamento,Colisão transversal,Com Vítimas Feridas,Pleno dia,Decrescente,Céu Claro,Simples,Declive;Reta,Não,3,0,1,0,1,1,1,3,-26.82899985,-53.18089264,SPRF-SC,DEL07-SC,UOP02-DEL07-SC,2023
"536067,0",2023-07-15,sábado,19:10:00,SC,101,"134,0",BALNEARIO CAMBORIU,Trafegar com motocicleta (ou similar) entre as faixas,Colisão lateral mesmo sentido,Com Vítimas Feridas,Pleno dia,Crescente,Nublado,Múltipla,Reta,Sim,3,0,0,1,1,3,1,5,-27.00218,-48.636433,SPRF-SC,DEL04-SC,UOP03-DEL04-SC,2023
"536134,0",2023-07-16,domingo,04:00:00,SC,282,"645,1",SAO MIGUEL DO OESTE,Ausência de reação do condutor,Colisão frontal,Com Vítimas Feridas,Plena Noite,Decrescente,Céu Claro,Simples,Reta,Não,2,0,1,0,1,0,1,2,-26.765184,-53.487823,SPRF-SC,DEL07-SC,UOP03-DEL07-SC,2023
"536150,0",2023-07-16,domingo,05:30:00,SC,101,"106,0",PENHA,Velocidade Incompatível,Saída de leito carroçável,Sem Vítimas,Plena Noite,Decrescente,Nevoeiro/Neblina,Dupla,Curva,Não,3,0,0,0,2,1,0,2,-26.81693585,-48.68293047,SPRF-SC,DEL03-SC,UOP02-DEL03-SC,2023
"536244,0",2023-07-16,domingo,16:30:00,SC,101,"12,0",GARUVA,Velocidade Incompatível,Colisão traseira,Com Vítimas Feridas,Pleno dia,Crescente,Nublado,Dupla,Aclive;Reta,Não,6,0,3,0,2,1,3,6,-26.08104399,-48.86175612,SPRF-SC,DEL03-SC,UOP01-DEL03-SC,2023
"536246,0",2023-07-16,domingo,17:00:00,SC,280,"98,6",SAO BENTO DO SUL,Velocidade Incompatível,Tombamento,Com Vítimas Fatais,Pleno dia,Crescente,Céu Claro,Simples,Curva;Aclive,Não,2,1,0,0,0,1,0,2,-26.37111848,-49.32696104,SPRF-SC,DEL06-SC,UOP03-DEL06-SC,2023
"536306,0",2023-07-16,domingo,20:30:00,SC,101,"11,5",GARUVA,Problema na suspensão,Colisão lateral mesmo sentido,Com Vítimas Feridas,Plena Noite,Crescente,Nublado,Dupla,Reta,Não,3,0,1,0,1,2,1,4,-26.07202503,-48.86100853,SPRF-SC,DEL03-SC,UOP01-DEL03-SC,2023
"536325,0",2023-07-16,domingo,22:30:00,SC,280,"22,3",ARAQUARI,Ingestão de álcool pelo condutor,Saída de leito carroçável,Com Vítimas Feridas,Plena Noite,Decrescente,Nublado,Simples,Reta,Não,3,0,1,0,1,1,1,2,-26.37092616,-48.70204099,SPRF-SC,DEL03-SC,UOP03-DEL03-SC,2023
"536360,0",2023-07-17,segunda-feira,05:00:00,SC,101,"174,1",BIGUACU,Estacionar ou parar em local proibido,Colisão traseira,Com Vítimas Feridas,Plena Noite,Crescente,Céu Claro,Dupla,Reta,Não,2,0,0,1,1,0,1,2,-27.33081601,-48.62697562,SPRF-SC,DEL01-SC,UOP01-DEL01-SC,2023
"536388,0",2023-07-14,sexta-feira,17:15:00,SC,282,"611,5",MARAVILHA,Reação tardia ou ineficiente do condutor,Colisão frontal,Com Vítimas Feridas,Pleno dia,Decrescente,Céu Claro,Simples,Declive;Reta,Não,3,0,1,0,2,0,1,3,-26.75906,-53.248955,SPRF-SC,DEL07-SC,UOP02-DEL07-SC,2023
"536547,0",2023-07-17,segunda-feira,14:15:00,SC,280,"303,5",PORTO UNIAO,Curva acentuada,Tombamento,Com Vítimas Feridas,Pleno dia,Crescente,Nublado,Simples,Interseção de Vias,Sim,2,0,2,0,0,0,2,1,-26.27999553,-51.05063229,SPRF-SC,DEL06-SC,UOP04-DEL06-SC,2023
"536552,0",2023-07-17,segunda-feira,17:40:00,SC,280,"291,3",PORTO UNIAO,Frear bruscamente,Tombamento,Sem Vítimas,Anoitecer,Crescente,Nublado,Simples,Reta;Rotatória,Não,2,0,0,0,1,2,0,3,-26.29569109,-50.93533704,SPRF-SC,DEL06-SC,UOP04-DEL06-SC,2023
"536649,0",2023-07-18,terça-feira,11:50:00,SC,0,"0,0",LAGES,Ausência de reação do condutor,Colisão com objeto,Sem Vítimas,Pleno dia,Não Informado,Nublado,Simples,Reta,Sim,4,0,0,0,4,0,0,2,-27.81262488,-50.36859817,SPRF-SC,DEL05-SC,UOP02-DEL05-SC,2023
"536682,0",2023-07-18,terça-feira,16:00:00,SC,280,"33,0",ARAQUARI,Ausência de reação do condutor,Tombamento,Sem Vítimas,Pleno dia,Decrescente,Garoa/Chuvisco,Simples,Reta,Sim,2,0,0,0,1,3,0,4,-26.42576441,-48.78741376,SPRF-SC,DEL03-SC,UOP03-DEL03-SC,2023
"536808,0",2023-07-19,quarta-feira,13:10:00,SC,101,"3,0",GARUVA,Demais falhas mecânicas ou elétricas,Colisão com objeto,Sem Vítimas,Pleno dia,Crescente,Nublado,Múltipla,Curva;Declive,Não,2,0,0,0,1,2,0,3,-26.004,-48.8717,SPRF-SC,DEL03-SC,UOP01-DEL03-SC,2023
"536827,0",2023-07-19,quarta-feira,11:15:00,SC,470,"126,6",LONTRAS,Acessar a via sem observar a presença dos outros veículos,Colisão transversal,Sem Vítimas,Pleno dia,Decrescente,Nublado,Simples,Retorno Regulamentado,Não,2,0,0,0,2,0,0,2,-27.129,-49.538277,SPRF-SC,DEL04-SC,UOP02-DEL04-SC,2023
"536885,0",2023-07-19,quarta-feira,19:40:00,SC,101,"115,4",ITAJAI,Demais falhas mecânicas ou elétricas,Incêndio,Sem Vítimas,Plena Noite,Crescente,Céu Claro,Múltipla,Reta,Sim,2,0,0,0,1,1,0,2,-26.87064015,-48.72954134,SPRF-SC,DEL04-SC,UOP04-DEL04-SC,2023
"536912,0",2023-07-20,quinta-feira,01:00:00,SC,101,"402,0",MARACAJA,Ingestão de álcool pelo condutor,Saída de leito carroçável,Sem Vítimas,Plena Noite,Crescente,Chuva,Dupla,Reta,Não,2,0,0,0,1,1,0,2,-28.85594274,-49.44019434,SPRF-SC,DEL02-SC,UOP02-DEL02-SC,2023
"536926,0",2023-07-20,quinta-feira,04:15:00,SC,116,"113,1",SANTA CECILIA,Condutor Dormindo,Colisão lateral sentido oposto,Com Vítimas Feridas,Plena Noite,Decrescente,Garoa/Chuvisco,Simples,Reta,Não,4,0,1,0,2,1,1,4,-26.78591907,-50.34487121,SPRF-SC,DEL06-SC,UOP02-DEL06-SC,2023
"536947,0",2023-07-20,quinta-feira,09:10:00,SC,101,"207,0",SAO JOSE,Ausência de reação do condutor,Colisão traseira,Com Vítimas Feridas,Pleno dia,Crescente,Garoa/Chuvisco,Múltipla,Reta,Não,2,0,1,0,1,0,1,2,-27.60001226,-48.6226467,SPRF-SC,DEL01-SC,UOP01-DEL01-SC,2023
"536989,0",2023-07-20,quinta-feira,10:27:00,SC,470,"48,5",BLUMENAU,Ultrapassagem Indevida,Colisão lateral mesmo sentido,Com Vítimas Fatais,Pleno dia,Decrescente,Garoa/Chuvisco,Dupla,Em Obras;Reta,Sim,4,1,0,0,1,3,0,5,-26.85955742,-49.06154037,SPRF-SC,DEL04-SC,UOP01-DEL04-SC,2023
"537004,0",2023-07-20,quinta-feira,10:40:00,SC,282,"54,0",RANCHO QUEIMADO,Ultrapassagem Indevida,Colisão frontal,Com Vítimas Feridas,Pleno dia,Crescente,Garoa/Chuvisco,Simples,Reta,Não,4,0,0,1,2,1,1,4,-27.685799,-48.974514,SPRF-SC,DEL01-SC,UOP03-DEL01-SC,2023
"537063,0",2023-07-20,quinta-feira,20:20:00,SC,282,"210,7",LAGES,Deficiência do Sistema de Iluminação/Sinalização,Colisão traseira,Com Vítimas Feridas,Plena Noite,Decrescente,Garoa/Chuvisco,Dupla,Aclive;Reta,Não,3,0,0,1,2,0,1,2,-27.778582,-50.231815,SPRF-SC,DEL05-SC,UOP01-DEL05-SC,2023
"537076,0",2023-07-20,quinta-feira,23:07:00,SC,101,"399,0",MARACAJA,Transitar na contramão,Colisão frontal,Com Vítimas Feridas,Plena Noite,Crescente,Céu Claro,Múltipla,Reta,Não,8,0,1,0,6,2,1,5,-28.84171475,-49.42814418,SPRF-SC,DEL02-SC,UOP02-DEL02-SC,2023
"537077,0",2023-07-21,sexta-feira,01:35:00,SC,470,"58,1",BLUMENAU,Ingestão de álcool pelo condutor,Colisão frontal,Com Vítimas Feridas,Plena Noite,Decrescente,Garoa/Chuvisco,Simples,Reta,Sim,3,0,1,0,1,1,1,3,-26.88425844,-49.14753199,SPRF-SC,DEL04-SC,UOP01-DEL04-SC,2023
"537182,0",2023-07-21,sexta-feira,13:15:00,SC,116,"35,0",ITAIOPOLIS,Reação tardia ou ineficiente do condutor,Colisão lateral sentido oposto,Com Vítimas Feridas,Pleno dia,Decrescente,Nublado,Simples,Reta,Não,4,0,3,0,1,0,3,2,-26.33588885,-50.00519808,SPRF-SC,DEL06-SC,UOP01-DEL06-SC,2023
"537199,0",2023-07-21,sexta-feira,16:50:00,SC,101,"192,4",BIGUACU,Manobra de mudança de faixa,Colisão lateral mesmo sentido,Com Vítimas Feridas,Pleno dia,Decrescente,Céu Claro,Múltipla,Reta,Sim,4,0,1,0,2,2,1,4,-27.48443781,-48.64765238,SPRF-SC,DEL01-SC,UOP01-DEL01-SC,2023
"537200,0",2023-07-21,sexta-feira,16:00:00,SC,101,"138,0",BALNEARIO CAMBORIU,Reação tardia ou ineficiente do condutor,Colisão traseira,Com Vítimas Feridas,Pleno dia,Decrescente,Nublado,Dupla,Reta,Sim,4,0,1,0,1,3,1,5,-27.02397426,-48.60761649,SPRF-SC,DEL04-SC,UOP03-DEL04-SC,2023
"537343,0",2023-07-22,sábado,06:40:00,SC,116,"276,9",SAO CRISTOVAO DO SUL,Ausência de reação do condutor,Colisão traseira,Com Vítimas Feridas,Amanhecer,Decrescente,Nublado,Simples,Reta,Não,6,0,2,0,4,0,2,4,-27.24608345,-50.45900345,SPRF-SC,DEL05-SC,UOP02-DEL05-SC,2023
"537401,0",2023-07-22,sábado,12:30:00,SC,101,"106,0",PENHA,Manobra de mudança de faixa,Colisão lateral mesmo sentido,Sem Vítimas,Pleno dia,Crescente,Sol,Dupla,Curva,Não,5,0,0,0,4,2,0,6,-26.81031601,-48.68293896,SPRF-SC,DEL03-SC,UOP02-DEL03-SC,2023
"537502,0",2023-05-22,segunda-feira,06:27:00,SC,101,"114,0",ITAJAI,Ausência de reação do condutor,Engavetamento,Com Vítimas Feridas,Amanhecer,Crescente,Nublado,Dupla,Reta,Não,5,0,1,0,3,1,1,5,-26.86192886,-48.7286704,SPRF-SC,DEL04-SC,UOP04-DEL04-SC,2023
"537583,0",2023-07-23,domingo,04:10:00,SC,470,"319,9",CAMPOS NOVOS,Ingestão de álcool pelo condutor,Colisão frontal,Com Vítimas Feridas,Amanhecer,Crescente,Céu Claro,Simples,Declive;Curva,Não,3,0,0,1,1,2,1,4,-27.409864,-51.224949,SPRF-SC,DEL07-SC,UOP06-DEL07-SC,2023
"537587,0",2023-07-22,sábado,23:45:00,SC,470,"193,9",POUSO REDONDO,Ausência de sinalização,Colisão lateral sentido oposto,Com Vítimas Feridas,Plena Noite,Crescente,Nevoeiro/Neblina,Simples,Curva,Não,2,0,1,0,1,0,1,2,-27.30047749,-50.08036137,SPRF-SC,DEL04-SC,UOP02-DEL04-SC,2023
"537607,0",2023-07-23,domingo,09:10:00,SC,116,"193,1",PONTE ALTA,Velocidade Incompatível,Tombamento,Com Vítimas Feridas,Pleno dia,Decrescente,Nublado,Simples,Curva,Não,2,0,1,0,0,1,1,2,-27.37129308,-50.42970441,SPRF-SC,DEL05-SC,UOP03-DEL05-SC,2023
"537618,0",2023-07-03,segunda-feira,19:38:00,SC,282,"528,0",XAXIM,Reação tardia ou ineficiente do condutor,Colisão transversal,Com Vítimas Feridas,Plena Noite,Decrescente,Céu Claro,Simples,Curva,Não,3,0,2,0,1,0,2,2,-26.978798,-52.588566,SPRF-SC,DEL07-SC,UOP01-DEL07-SC,2023
"537650,0",2023-07-23,domingo,10:45:00,SC,282,"443,0",PONTE SERRADA,Ultrapassagem Indevida,Colisão lateral mesmo sentido,Com Vítimas Feridas,Pleno dia,Crescente,Sol,Simples,Aclive,Não,4,0,2,0,1,1,2,3,-26.91962097,-51.88493013,SPRF-SC,DEL07-SC,UOP04-DEL07-SC,2023
"537851,0",2023-07-24,segunda-feira,07:50:00,SC,101,"216,0",PALHOCA,Reação tardia ou ineficiente do condutor,Colisão lateral mesmo sentido,Com Vítimas Feridas,Pleno dia,Decrescente,Sol,Múltipla,Reta,Sim,3,0,1,0,1,1,1,3,-27.65981409,-48.67747798,SPRF-SC,DEL01-SC,UOP02-DEL01-SC,2023
"537877,0",2023-07-24,segunda-feira,09:55:00,SC,282,"16,7",PALHOCA,Ausência de reação do condutor,Colisão traseira,Com Vítimas Feridas,Pleno dia,Decrescente,Céu Claro,Dupla,Reta,Sim,3,0,0,1,2,0,1,2,-27.658611,-48.681847,SPRF-SC,DEL01-SC,UOP02-DEL01-SC,2023
"537921,0",2023-07-24,segunda-feira,10:45:00,SC,470,"23,0",ILHOTA,Ausência de reação do condutor,Colisão traseira,Sem Vítimas,Pleno dia,Decrescente,Céu Claro,Dupla,Curva,Não,2,0,0,0,1,1,0,2,-26.880913,-48.846237,SPRF-SC,DEL04-SC,UOP04-DEL04-SC,2023
"537956,0",2023-07-24,segunda-feira,08:50:00,SC,116,"202,4",PONTE ALTA,Reação tardia ou ineficiente do condutor,Tombamento,Com Vítimas Fatais,Pleno dia,Decrescente,Nublado,Simples,Curva;Aclive,Não,6,1,3,1,0,1,4,3,-27.4423967,-50.3955247,SPRF-SC,DEL05-SC,UOP03-DEL05-SC,2023
"537981,0",2023-07-24,segunda-feira,15:00:00,SC,282,"575,0",PINHALZINHO,Mal súbito do condutor,Colisão frontal,Com Vítimas Feridas,Pleno dia,Decrescente,Céu Claro,Simples,Declive,Não,3,0,1,0,2,0,1,3,-26.87224429,-52.95773649,SPRF-SC,DEL07-SC,UOP02-DEL07-SC,2023
"537988,0",2023-07-24,segunda-feira,15:15:00,SC,470,"1,5",NAVEGANTES,Mal súbito do condutor,Saída de leito carroçável,Com Vítimas Fatais,Pleno dia,Decrescente,Nublado,Múltipla,Em Obras;Reta,Sim,1,1,0,0,0,0,0,1,-26.871821,-48.671951,SPRF-SC,DEL04-SC,UOP04-DEL04-SC,2023
"537996,0",2023-07-24,segunda-feira,16:10:00,SC,470,"60,0",BLUMENAU,Ultrapassagem Indevida,Colisão traseira,Com Vítimas Feridas,Pleno dia,Decrescente,Sol,Simples,Reta,Sim,2,0,0,1,1,0,1,2,-26.88138,-49.164543,SPRF-SC,DEL04-SC,UOP01-DEL04-SC,2023
"538069,0",2023-07-25,terça-feira,11:00:00,SC,101,"191,5",BIGUACU,Reação tardia ou ineficiente do condutor,Colisão lateral mesmo sentido,Sem Vítimas,Pleno dia,Decrescente,Céu Claro,Dupla,Reta,Sim,3,0,0,0,2,1,0,3,-27.47730273,-48.64127329,SPRF-SC,DEL01-SC,UOP01-DEL01-SC,2023
"538076,0",2023-07-25,terça-feira,09:40:00,SC,101,"232,2",PALHOCA,Entrada inopinada do pedestre,Atropelamento de Pedestre,Com Vítimas Feridas,Pleno dia,Decrescente,Céu Claro,Dupla,Curva;Declive,Não,3,0,0,1,1,1,1,3,-27.795666,-48.638153,SPRF-SC,DEL01-SC,UOP02-DEL01-SC,2023
"538179,0",2023-07-25,terça-feira,21:15:00,SC,101,"134,8",BALNEARIO CAMBORIU,Condutor deixou de manter distância do veículo da frente,Colisão traseira,Sem Vítimas,Plena Noite,Crescente,Céu Claro,Dupla,Reta,Sim,4,0,0,0,4,0,0,2,-27.00218,-48.636433,SPRF-SC,DEL04-SC,UOP03-DEL04-SC,2023
"538187,0",2023-07-25,terça-feira,22:20:00,SC,101,"207,8",SAO JOSE,Velocidade Incompatível,Colisão traseira,Com Vítimas Feridas,Plena Noite,Decrescente,Nublado,Múltipla,Reta,Sim,3,0,0,1,1,1,1,3,-27.60001226,-48.6226467,SPRF-SC,DEL01-SC,UOP01-DEL01-SC,2023
"538195,0",2023-07-25,terça-feira,22:50:00,SC,282,"524,0",XAXIM,Animais na Pista,Atropelamento de Animal,Com Vítimas Feridas,Plena Noite,Decrescente,Céu Claro,Simples,Aclive;Reta,Não,4,0,1,0,2,1,1,3,-26.965002,-52.557384,SPRF-SC,DEL07-SC,UOP01-DEL07-SC,2023
"538205,0",2023-07-26,quarta-feira,01:00:00,SC,101,"133,0",BALNEARIO CAMBORIU,Demais falhas mecânicas ou elétricas,Incêndio,Sem Vítimas,Plena Noite,Decrescente,Nublado,Múltipla,Reta,Sim,1,0,0,0,1,0,0,1,-26.99936,-48.64609,SPRF-SC,DEL04-SC,UOP03-DEL04-SC,2023
"538228,0",2023-07-26,quarta-feira,06:14:00,SC,470,"95,0",ASCURRA,Acessar a via sem observar a presença dos outros veículos,Colisão frontal,Com Vítimas Feridas,Amanhecer,Decrescente,Céu Claro,Simples,Curva,Não,2,0,1,0,1,0,1,2,-27.011988,-49.372101,SPRF-SC,DEL04-SC,UOP01-DEL04-SC,2023
"538259,0",2023-07-26,quarta-feira,09:35:00,SC,101,"209,2",SAO JOSE,Desrespeitar a preferência no cruzamento,Colisão transversal,Com Vítimas Feridas,Pleno dia,Decrescente,Céu Claro,Simples,Interseção de Vias,Sim,2,0,1,0,1,0,1,2,-27.61000542,-48.63895057,SPRF-SC,DEL01-SC,UOP01-DEL01-SC,2023
"538260,0",2023-07-26,quarta-feira,09:20:00,SC,470,"19,0",ILHOTA,Redutor de velocidade em desacordo,Tombamento,Com Vítimas Feridas,Pleno dia,Crescente,Céu Claro,Dupla,Em Obras;Desvio Temporário,Não,5,0,3,0,1,1,3,2,-26.862995,-48.814396,SPRF-SC,DEL04-SC,UOP04-DEL04-SC,2023
"538262,0",2023-07-26,quarta-feira,10:25:00,SC,470,"137,0",RIO DO SUL,Desrespeitar a preferência no cruzamento,Colisão transversal,Com Vítimas Feridas,Pleno dia,Crescente,Céu Claro,Simples,Interseção de Vias,Não,3,0,2,0,1,0,2,2,-27.203201,-49.635063,SPRF-SC,DEL04-SC,UOP02-DEL04-SC,2023
"538293,0",2023-07-26,quarta-feira,14:10:00,SC,101,"137,0",BALNEARIO CAMBORIU,Condutor deixou de manter distância do veículo da frente,Colisão traseira,Sem Vítimas,Pleno dia,Decrescente,Céu Claro,Múltipla,Aclive;Reta,Sim,3,0,0,0,2,1,0,3,-27.0157238,-48.61192763,SPRF-SC,DEL04-SC,UOP03-DEL04-SC,2023
"538307,0",2023-07-26,quarta-feira,15:25:00,SC,116,"207,0",PONTE ALTA,Ausência de reação do condutor,Colisão traseira,Com Vítimas Feridas,Pleno dia,Crescente,Chuva,Simples,Interseção de Vias;Reta,Sim,2,0,1,0,0,1,1,2,-27.48199748,-50.37911479,SPRF-SC,DEL05-SC,UOP03-DEL05-SC,2023
"538312,0",2023-07-26,quarta-feira,12:28:00,SC,158,"126,0",CAIBI,Mal súbito do condutor,Colisão frontal,Com Vítimas Fatais,Pleno dia,Decrescente,Céu Claro,Simples,Curva,Não,3,1,0,0,1,1,0,3,-27.0109242,-53.224917,SPRF-SC,DEL07-SC,UOP02-DEL07-SC,2023
"538346,0",2023-07-26,quarta-feira,18:05:00,SC,163,"69,0",SAO MIGUEL DO OESTE,Reação tardia ou ineficiente do condutor,Colisão transversal,Com Vítimas Feridas,Anoitecer,Decrescente,Nublado,Dupla,Reta,Sim,3,0,0,1,1,1,1,3,-26.74164378,-53.50113273,SPRF-SC,DEL07-SC,UOP03-DEL07-SC,2023
"538432,0",2023-07-27,quinta-feira,06:25:00,SC,116,"173,0",SAO CRISTOVAO DO SUL,Carga excessiva e/ou mal acondicionada,Derramamento de carga,Sem Vítimas,Amanhecer,Decrescente,Nublado,Simples,Reta,Não,8,0,0,0,8,0,0,4,-27.22247044,-50.46194851,SPRF-SC,DEL05-SC,UOP03-DEL05-SC,2023
"538473,0",2023-07-12,quarta-feira,09:10:00,SC,101,"414,5",ARARANGUA,Reação tardia ou ineficiente do condutor,Saída de leito carroçável,Com Vítimas Feridas,Pleno dia,Decrescente,Chuva,Dupla,Curva,Não,2,0,1,0,1,0,1,1,-28.961744,-49.52235,SPRF-SC,DEL02-SC,UOP02-DEL02-SC,2023