id,data_inversa,dia_semana,horario,uf,br,km,municipio,causa_acidente,tipo_acidente,classificacao_acidente,fase_dia,sentido_via,condicao_metereologica,tipo_pista,tracado_via,uso_solo,pessoas,mortos,feridos_leves,feridos_graves,ilesos,ignorados,feridos,veiculos,latitude,longitude,regional,delegacia,uop,ano_arquivo
"538483,0",2023-07-27,quinta-feira,14:15:00,SC,101,"214,0",PALHOCA,Ausência de reação do condutor,Colisão lateral mesmo sentido,Com Vítimas Feridas,Pleno dia,Decrescente,Nublado,Dupla,Reta,Sim,8,0,3,0,4,1,3,5,-27.64443,-48.67057,SPRF-SC,DEL01-SC,UOP02-DEL01-SC,2023
"538521,0",2023-07-27,quinta-feira,16:50:00,SC,470,"62,0",INDAIAL,Acessar a via sem observar a presença dos outros veículos,Colisão transversal,Com Vítimas Feridas,Pleno dia,Crescente,Céu Claro,Simples,Reta,Não,2,0,1,0,1,0,1,2,-26.874521,-49.182938,SPRF-SC,DEL04-SC,UOP01-DEL04-SC,2023
"538549,0",2023-07-27,quinta-feira,17:35:00,SC,470,"225,4",SAO CRISTOVAO DO SUL,Velocidade Incompatível,Colisão frontal,Com Vítimas Feridas,Anoitecer,Decrescente,Nublado,Simples,Curva,Não,3,0,1,0,1,1,1,3,-27.32673043,-50.35802364,SPRF-SC,DEL05-SC,UOP03-DEL05-SC,2023
"538588,0",2023-07-28,sexta-feira,00:05:00,SC,101,"207,0",SAO JOSE,Trafegar com motocicleta (ou similar) entre as faixas,Colisão traseira,Com Vítimas Feridas,Plena Noite,Crescente,Céu Claro,Dupla,Reta,Sim,3,0,0,1,1,1,1,3,-27.60001226,-48.6226467,SPRF-SC,DEL01-SC,UOP01-DEL01-SC,2023
"538590,0",2023-07-27,quinta-feira,22:10:00,SC,282,"459,5",PONTE SERRADA,Acessar a via sem observar a presença dos outros veículos,Atropelamento de Pedestre,Com Vítimas Feridas,Plena Noite,Crescente,Nublado,Simples,Reta,Sim,5,0,0,2,1,2,2,3,-26.863695,-52.024818,SPRF-SC,DEL07-SC,UOP04-DEL07-SC,2023
"538656,0",2023-07-28,sexta-feira,11:00:00,SC,101,"203,0",SAO JOSE,Condutor deixou de manter distância do veículo da frente,Engavetamento,Com Vítimas Feridas,Pleno dia,Crescente,Nublado,Múltipla,Reta,Sim,5,0,1,0,3,1,1,5,-27.5650044,-48.61460082,SPRF-SC,DEL01-SC,UOP01-DEL01-SC,2023
"538675,0",2023-07-28,sexta-feira,09:10:00,SC,470,"218,0",SAO CRISTOVAO DO SUL,Ausência de reação do condutor,Colisão traseira,Com Vítimas Feridas,Pleno dia,Crescente,Nublado,Dupla,Reta;Aclive,Não,6,0,1,0,4,1,1,3,-27.297842,-50.294914,SPRF-SC,DEL05-SC,UOP03-DEL05-SC,2023
"538686,0",2023-06-17,sábado,05:40:00,SC,470,"104,5",APIUNA,Ingestão de substâncias psicoativas pelo condutor,Colisão frontal,Com Vítimas Fatais,Amanhecer,Decrescente,Céu Claro,Simples,Curva,Não,2,1,0,0,1,0,0,2,-27.0651103,-49.4161369,SPRF-SC,DEL04-SC,UOP02-DEL04-SC,2023
"538802,0",2023-07-28,sexta-feira,21:00:00,SC,282,"439,0",IRANI,Condutor Dormindo,Saída de leito carroçável,Com Vítimas Feridas,Plena Noite,Crescente,Nublado,Simples,Curva,Não,2,0,1,0,0,1,1,2,-26.945671,-51.861717,SPRF-SC,DEL07-SC,UOP04-DEL07-SC,2023
"538856,0",2023-07-29,sábado,05:00:00,SC,280,"125,7",RIO NEGRINHO,Pista Escorregadia,Colisão com objeto,Sem Vítimas,Plena Noite,Crescente,Garoa/Chuvisco,Simples,Reta;Declive,Sim,4,0,0,0,3,1,0,3,-26.24128863,-49.50991988,SPRF-SC,DEL06-SC,UOP03-DEL06-SC,2023
"538886,0",2023-07-29,sábado,08:15:00,SC,101,"329,1",TUBARAO,Reação tardia ou ineficiente do condutor,Colisão lateral mesmo sentido,Com Vítimas Feridas,Pleno dia,Crescente,Céu Claro,Dupla,Curva,Não,3,0,1,0,1,2,1,4,-28.45232641,-48.97488356,SPRF-SC,DEL02-SC,UOP01-DEL02-SC,2023
"538888,0",2023-07-13,quinta-feira,22:00:00,SC,116,"107,8",MONTE CASTELO,Reação tardia ou ineficiente do condutor,Tombamento,Com Vítimas Feridas,Plena Noite,Decrescente,Garoa/Chuvisco,Simples,Curva,Não,2,0,1,0,0,1,1,2,-26.75568818,-50.32812388,SPRF-SC,DEL06-SC,UOP02-DEL06-SC,2023
"538942,0",2023-07-29,sábado,13:50:00,SC,280,"56,0",GUARAMIRIM,Desrespeitar a preferência no cruzamento,Colisão transversal,Com Vítimas Feridas,Pleno dia,Decrescente,Nublado,Simples,Rotatória,Sim,6,0,2,0,3,1,2,3,-26.47947677,-49.00298702,SPRF-SC,DEL03-SC,UOP03-DEL03-SC,2023
"539058,0",2023-07-29,sábado,22:15:00,SC,101,"47,9",JOINVILLE,Velocidade Incompatível,Colisão traseira,Com Vítimas Feridas,Plena Noite,Crescente,Nublado,Dupla,Aclive;Reta,Sim,4,0,1,0,2,1,1,3,-26.34234997,-48.85840089,SPRF-SC,DEL03-SC,UOP01-DEL03-SC,2023
"539156,0",2023-07-30,domingo,07:45:00,SC,116,"40,0",ITAIOPOLIS,Ausência de reação do condutor,Colisão lateral sentido oposto,Com Vítimas Feridas,Pleno dia,Decrescente,Nublado,Simples,Aclive;Reta,Não,5,0,1,1,3,0,2,3,-26.34149288,-50.05296894,SPRF-SC,DEL06-SC,UOP01-DEL06-SC,2023
"539317,0",2023-07-31,segunda-feira,00:23:00,SC,470,"272,2",BRUNOPOLIS,Velocidade Incompatível,Colisão traseira,Com Vítimas Feridas,Plena Noite,Decrescente,Nevoeiro/Neblina,Simples,Reta,Não,3,0,1,0,1,1,1,3,-27.325785,-50.78363,SPRF-SC,DEL07-SC,UOP06-DEL07-SC,2023
"539320,0",2023-07-31,segunda-feira,06:30:00,SC,101,"210,9",SAO JOSE,Reação tardia ou ineficiente do condutor,Colisão lateral mesmo sentido,Sem Vítimas,Amanhecer,Crescente,Céu Claro,Dupla,Reta,Sim,1,0,0,0,1,0,0,1,-27.6167305,-48.6457265,SPRF-SC,DEL01-SC,UOP01-DEL01-SC,2023
"539461,0",2023-07-31,segunda-feira,19:10:00,SC,101,"165,8",TIJUCAS,Reação tardia ou ineficiente do condutor,Colisão lateral mesmo sentido,Com Vítimas Feridas,Plena Noite,Crescente,Céu Claro,Dupla,Reta,Não,2,0,1,0,1,0,1,2,-27.252663,-48.63154894,SPRF-SC,DEL04-SC,UOP03-DEL04-SC,2023
"539525,0",2023-08-01,terça-feira,04:05:00,SC,280,"110,0",SAO BENTO DO SUL,Velocidade Incompatível,Tombamento,Com Vítimas Feridas,Plena Noite,Decrescente,Nevoeiro/Neblina,Simples,Curva,Não,2,0,1,0,0,2,1,3,-26.32140672,-49.38932175,SPRF-SC,DEL06-SC,UOP03-DEL06-SC,2023
"539590,0",2023-08-01,terça-feira,09:05:00,SC,101,"45,2",JOINVILLE,Reação tardia ou ineficiente do condutor,Colisão traseira,Com Vítimas Feridas,Pleno dia,Decrescente,Sol,Dupla,Declive,Sim,5,0,2,0,2,3,2,6,-26.32214492,-48.8689509,SPRF-SC,DEL03-SC,UOP01-DEL03-SC,2023
"539607,0",2023-08-01,terça-feira,13:07:00,SC,282,"607,2",MARAVILHA,Acessar a via sem observar a presença dos outros veículos,Colisão transversal,Com Vítimas Feridas,Pleno dia,Crescente,Céu Claro,Simples,Reta,Sim,3,0,0,1,2,0,1,2,-26.772648,-53.2062,SPRF-SC,DEL07-SC,UOP02-DEL07-SC,2023
"539629,0",2023-08-01,terça-feira,14:00:00,SC,282,"234,7",LAGES,Restrição de visibilidade em curvas horizontais,Colisão transversal,Com Vítimas Feridas,Pleno dia,Crescente,Céu Claro,Simples,Curva;Declive;Interseção de Vias,Não,3,0,1,0,2,0,1,2,-27.78300051,-50.4706838,SPRF-SC,DEL05-SC,UOP02-DEL05-SC,2023
"539663,0",2023-08-01,terça-feira,15:50:00,SC,163,"1,2",DIONISIO CERQUEIRA,Reação tardia ou ineficiente do condutor,Colisão transversal,Com Vítimas Feridas,Pleno dia,Decrescente,Céu Claro,Simples,Interseção de Vias;Aclive;Reta,Sim,3,0,1,0,1,1,1,3,-26.2613,-53.6206,SPRF-SC,DEL07-SC,UOP03-DEL07-SC,2023
"539734,0",2023-08-02,quarta-feira,07:40:00,SC,101,"167,0",TIJUCAS,Manobra de mudança de faixa,Colisão lateral mesmo sentido,Com Vítimas Feridas,Pleno dia,Decrescente,Sol,Dupla,Reta,Não,3,0,1,0,1,1,1,3,-27.27029501,-48.63176618,SPRF-SC,DEL04-SC,UOP03-DEL04-SC,2023
"539754,0",2023-08-02,quarta-feira,07:45:00,SC,280,"230,9",PORTO UNIAO,Ultrapassagem Indevida,Colisão frontal,Com Vítimas Feridas,Amanhecer,Decrescente,Nevoeiro/Neblina,Simples,Reta,Não,2,0,1,0,1,0,1,2,-26.28402667,-51.02540016,SPRF-SC,DEL06-SC,UOP04-DEL06-SC,2023
"539756,0",2023-08-02,quarta-feira,10:30:00,SC,101,"111,0",ITAJAI,Condutor deixou de manter distância do veículo da frente,Colisão traseira,Com Vítimas Feridas,Pleno dia,Crescente,Céu Claro,Dupla,Ponte,Sim,3,0,0,2,1,0,2,2,-26.83955734,-48.71418074,SPRF-SC,DEL04-SC,UOP04-DEL04-SC,2023
"539787,0",2023-08-02,quarta-feira,14:10:00,SC,101,"271,8",IMBITUBA,Demais falhas mecânicas ou elétricas,Incêndio,Sem Vítimas,Pleno dia,Crescente,Céu Claro,Múltipla,Reta,Não,1,0,0,0,1,0,0,1,-28.12119568,-48.69760752,SPRF-SC,DEL02-SC,UOP03-DEL02-SC,2023
"539793,0",2023-08-02,quarta-feira,13:30:00,SC,158,"109,0",CUNHA PORA,Demais falhas mecânicas ou elétricas,Atropelamento de Pedestre,Com Vítimas Feridas,Pleno dia,Decrescente,Sol,Simples,Curva,Sim,3,0,0,1,1,3,1,5,-26.88547373,-53.17471862,SPRF-SC,DEL07-SC,UOP02-DEL07-SC,2023
"539817,0",2023-08-02,quarta-feira,16:55:00,SC,101,"246,9",PAULO LOPES,Manobra de mudança de faixa,Colisão lateral mesmo sentido,Com Vítimas Feridas,Pleno dia,Crescente,Céu Claro,Dupla,Retorno Regulamentado,Não,5,0,1,0,4,0,1,2,-27.91761705,-48.65368903,SPRF-SC,DEL02-SC,UOP03-DEL02-SC,2023
"539894,0",2023-08-03,quinta-feira,04:00:00,SC,116,"125,4",SANTA CECILIA,Condutor deixou de manter distância do veículo da frente,Colisão traseira,Com Vítimas Feridas,Plena Noite,Crescente,Céu Claro,Simples,Reta,Não,4,0,1,0,2,2,1,5,-26.859087,-50.40431503,SPRF-SC,DEL06-SC,UOP02-DEL06-SC,2023
"539951,0",2023-07-12,quarta-feira,19:30:00,SC,282,"401,6",JOACABA,Objeto estático sobre o leito carroçável,Colisão traseira,Com Vítimas Feridas,Plena Noite,Decrescente,Chuva,Simples,Reta;Declive,Não,4,0,2,0,1,1,2,3,-27.127701,-51.6286,SPRF-SC,DEL07-SC,UOP05-DEL07-SC,2023
"539955,0",2023-08-03,quinta-feira,12:15:00,SC,470,"0,8",NAVEGANTES,Transitar na contramão,Colisão frontal,Com Vítimas Feridas,Pleno dia,Crescente,Céu Claro,Dupla,Reta,Sim,2,0,0,1,1,0,1,2,-26.88232,-48.66183,SPRF-SC,DEL04-SC,UOP04-DEL04-SC,2023
"539980,0",2023-08-03,quinta-feira,15:40:00,SC,101,"117,9",ITAJAI,Ausência de reação do condutor,Colisão traseira,Com Vítimas Feridas,Pleno dia,Decrescente,Sol,Dupla,Reta,Não,3,0,1,0,1,1,1,3,-26.88747187,-48.72252969,SPRF-SC,DEL04-SC,UOP04-DEL04-SC,2023
"540018,0",2023-08-03,quinta-feira,18:20:00,SC,280,"8,9",SAO FRANCISCO DO SUL,Ausência de reação do condutor,Colisão traseira,Com Vítimas Feridas,Plena Noite,Crescente,Céu Claro,Simples,Reta,Não,3,0,1,0,1,1,1,3,-26.27887292,-48.64668626,SPRF-SC,DEL03-SC,UOP03-DEL03-SC,2023
"540024,0",2023-08-03,quinta-feira,16:45:00,SC,282,"59,4",IRANI,Desrespeitar a preferência no cruzamento,Colisão transversal,Com Vítimas Feridas,Anoitecer,Decrescente,Céu Claro,Simples,Interseção de Vias;Rotatória,Não,4,0,0,2,1,1,2,3,-26.96962916,-51.85410267,SPRF-SC,DEL01-SC,UOP03-DEL01-SC,2023
"540028,0",2023-08-03,quinta-feira,19:05:00,SC,101,"206,0",SAO JOSE,Manobra de mudança de faixa,Colisão traseira,Com Vítimas Feridas,Pleno dia,Crescente,Céu Claro,Múltipla,Reta,Sim,5,0,1,0,1,3,1,5,-27.59193546,-48.61824557,SPRF-SC,DEL01-SC,UOP01-DEL01-SC,2023
"540061,0",2023-08-03,quinta-feira,23:00:00,SC,101,"129,0",BALNEARIO CAMBORIU,Transitar na contramão,Colisão frontal,Com Vítimas Feridas,Plena Noite,Crescente,Nublado,Dupla,Reta,Sim,2,0,0,1,1,0,1,2,-26.98064277,-48.6790679,SPRF-SC,DEL04-SC,UOP03-DEL04-SC,2023
"540078,0",2023-08-04,sexta-feira,03:45:00,SC,101,"37,0",JOINVILLE,Manobra de mudança de faixa,Colisão lateral mesmo sentido,Sem Vítimas,Plena Noite,Crescente,Céu Claro,Dupla,Reta,Não,2,0,0,0,2,0,0,2,-26.25050176,-48.90863867,SPRF-SC,DEL03-SC,UOP01-DEL03-SC,2023
"540095,0",2023-08-04,sexta-feira,06:00:00,SC,470,"45,9",GASPAR,Transitar na contramão,Colisão frontal,Com Vítimas Fatais,Amanhecer,Crescente,Céu Claro,Simples,Curva;Em Obras,Não,13,3,0,8,1,1,8,3,-26.8603718,-49.0376061,SPRF-SC,DEL04-SC,UOP01-DEL04-SC,2023
"540098,0",2023-08-03,quinta-feira,19:30:00,SC,280,"291,7",PORTO UNIAO,Pedestre andava na pista,Atropelamento de Pedestre,Com Vítimas Feridas,Plena Noite,Decrescente,Céu Claro,Simples,Reta,Não,2,0,0,1,1,0,1,2,-26.29569109,-50.93533704,SPRF-SC,DEL06-SC,UOP04-DEL06-SC,2023
"540130,0",2023-08-04,sexta-feira,08:30:00,SC,101,"88,0",BARRA VELHA,Condutor deixou de manter distância do veículo da frente,Colisão traseira,Com Vítimas Feridas,Pleno dia,Decrescente,Sol,Múltipla,Viaduto,Não,2,0,1,0,1,0,1,2,-26.64253985,-48.68950684,SPRF-SC,DEL03-SC,UOP02-DEL03-SC,2023
"540135,0",2023-05-28,domingo,13:00:00,SC,101,"53,8",JOINVILLE,Ausência de reação do condutor,Engavetamento,Com Vítimas Feridas,Pleno dia,Crescente,Garoa/Chuvisco,Dupla,Aclive;Reta,Sim,8,0,2,1,4,1,3,5,-26.40231201,-48.83969703,SPRF-SC,DEL03-SC,UOP01-DEL03-SC,2023
"540187,0",2023-08-04,sexta-feira,13:40:00,SC,282,"211,0",LAGES,Reação tardia ou ineficiente do condutor,Colisão lateral sentido oposto,Com Vítimas Feridas,Pleno dia,Crescente,Céu Claro,Simples,Curva,Não,7,0,1,0,5,1,1,4,-27.780222,-50.241741,SPRF-SC,DEL05-SC,UOP01-DEL05-SC,2023
"540200,0",2023-08-04,sexta-feira,14:25:00,SC,116,"49,1",PAPANDUVA,Ausência de reação do condutor,Engavetamento,Com Vítimas Feridas,Pleno dia,Crescente,Céu Claro,Simples,Reta,Não,5,0,1,0,3,2,1,6,-26.37076692,-50.1256021,SPRF-SC,DEL06-SC,UOP01-DEL06-SC,2023
"540291,0",2023-08-05,sábado,02:00:00,SC,470,"160,5",TROMBUDO CENTRAL,Velocidade Incompatível,Tombamento,Com Vítimas Feridas,Plena Noite,Decrescente,Nevoeiro/Neblina,Simples,Curva,Não,2,0,1,0,0,1,1,2,-27.28579449,-49.80525255,SPRF-SC,DEL04-SC,UOP02-DEL04-SC,2023
"540319,0",2023-08-05,sábado,05:30:00,SC,280,"30,0",ARAQUARI,Ausência de reação do condutor,Colisão frontal,Com Vítimas Feridas,Amanhecer,Crescente,Céu Claro,Simples,Reta,Sim,3,0,0,1,1,2,1,4,-26.4141523,-48.76209493,SPRF-SC,DEL03-SC,UOP03-DEL03-SC,2023
"540347,0",2023-08-05,sábado,07:10:00,SC,280,"141,2",MAFRA,Velocidade Incompatível,Tombamento,Com Vítimas Feridas,Amanhecer,Decrescente,Nevoeiro/Neblina,Simples,Declive;Curva,Não,2,0,1,0,0,2,1,3,-26.24830187,-49.63041544,SPRF-SC,DEL06-SC,UOP03-DEL06-SC,2023
"540349,0",2023-08-05,sábado,09:45:00,SC,101,"355,0",SANGAO,Manobra de mudança de faixa,Colisão lateral mesmo sentido,Sem Vítimas,Pleno dia,Crescente,Céu Claro,Múltipla,Reta,Não,2,0,0,0,2,0,0,2,-28.62380715,-49.07828489,SPRF-SC,DEL02-SC,UOP01-DEL02-SC,2023
"540399,0",2023-08-05,sábado,14:01:00,SC,280,"130,0",RIO NEGRINHO,Condutor Dormindo,Colisão traseira,Com Vítimas Feridas,Pleno dia,Decrescente,Céu Claro,Simples,Reta,Não,4,0,2,0,2,0,2,2,-26.2530246,-49.52924913,SPRF-SC,DEL06-SC,UOP03-DEL06-SC,2023
"540485,0",2023-08-05,sábado,18:15:00,SC,282,"305,0",VARGEM,Velocidade Incompatível,Colisão traseira,Com Vítimas Feridas,Anoitecer,Crescente,Céu Claro,Simples,Reta,Não,2,0,0,1,1,0,1,2,-27.500679,-50.949047,SPRF-SC,DEL07-SC,UOP06-DEL07-SC,2023
"540518,0",2023-08-06,domingo,03:30:00,SC,101,"374,5",ICARA,Condutor Dormindo,Tombamento,Com Vítimas Feridas,Plena Noite,Crescente,Nevoeiro/Neblina,Dupla,Reta,Não,1,0,1,0,0,0,1,1,-28.72361717,-49.23769712,SPRF-SC,DEL02-SC,UOP01-DEL02-SC,2023
"540535,0",2023-08-05,sábado,19:50:00,SC,101,"29,0",JOINVILLE,Ingestão de álcool pelo condutor,Colisão lateral sentido oposto,Com Vítimas Feridas,Plena Noite,Decrescente,Céu Claro,Dupla,Declive;Reta,Não,2,0,1,0,0,1,1,2,-26.211903,-48.91589904,SPRF-SC,DEL03-SC,UOP01-DEL03-SC,2023
"540555,0",2023-08-06,domingo,06:40:00,SC,101,"173,5",GOVERNADOR CELSO RAMOS,Ingestão de álcool pelo condutor,Colisão traseira,Com Vítimas Feridas,Pleno dia,Decrescente,Céu Claro,Dupla,Curva;Declive,Não,3,0,2,0,1,0,2,2,-27.32203197,-48.62757785,SPRF-SC,DEL01-SC,UOP01-DEL01-SC,2023
"540611,0",2023-08-06,domingo,10:30:00,SC,280,"189,7",MAFRA,Transitar na contramão,Colisão frontal,Com Vítimas Fatais,Pleno dia,Crescente,Céu Claro,Simples,Aclive;Em Obras;Reta,Não,3,1,0,0,1,1,0,3,-26.175454,-49.974566,SPRF-SC,DEL06-SC,UOP01-DEL06-SC,2023
"540622,0",2023-08-06,domingo,16:45:00,SC,282,"45,9",AGUAS MORNAS,Velocidade Incompatível,Colisão lateral mesmo sentido,Com Vítimas Feridas,Pleno dia,Decrescente,Céu Claro,Simples,Declive;Curva,Não,3,0,1,0,1,1,1,3,-27.719851,-48.916126,SPRF-SC,DEL01-SC,UOP03-DEL01-SC,2023
"540813,0",2023-08-07,segunda-feira,11:05:00,SC,101,"163,0",TIJUCAS,Demais falhas mecânicas ou elétricas,Tombamento,Sem Vítimas,Pleno dia,Decrescente,Nublado,Múltipla,Ponte;Reta;Aclive,Sim,1,0,0,0,1,0,0,1,-27.24514868,-48.63087416,SPRF-SC,DEL04-SC,UOP03-DEL04-SC,2023
"540831,0",2023-08-07,segunda-feira,12:30:00,SC,101,"215,0",PALHOCA,Condutor deixou de manter distância do veículo da frente,Colisão traseira,Com Vítimas Feridas,Pleno dia,Crescente,Céu Claro,Dupla,Reta,Não,4,0,1,0,2,1,1,3,-27.65184843,-48.67604941,SPRF-SC,DEL01-SC,UOP02-DEL01-SC,2023
"540857,0",2023-08-07,segunda-feira,15:20:00,SC,101,"2,0",GARUVA,Manobra de mudança de faixa,Colisão traseira,Com Vítimas Feridas,Pleno dia,Crescente,Nublado,Dupla,Reta,Não,3,0,1,0,1,1,1,3,-25.99699834,-48.87891655,SPRF-SC,DEL03-SC,UOP01-DEL03-SC,2023
"540876,0",2023-08-07,segunda-feira,17:35:00,SC,101,"33,0",JOINVILLE,Reação tardia ou ineficiente do condutor,Colisão traseira,Com Vítimas Feridas,Anoitecer,Crescente,Chuva,Dupla,Reta,Não,3,0,1,0,1,2,1,4,-26.25370179,-48.90666962,SPRF-SC,DEL03-SC,UOP01-DEL03-SC,2023
"540886,0",2023-08-07,segunda-feira,18:40:00,SC,101,"208,0",SAO JOSE,Acessar a via sem observar a presença dos outros veículos,Colisão lateral mesmo sentido,Sem Vítimas,Pleno dia,Decrescente,Nublado,Múltipla,Reta,Não,2,0,0,0,2,0,0,2,-27.60327979,-48.63201818,SPRF-SC,DEL01-SC,UOP01-DEL01-SC,2023
"540949,0",2023-08-08,terça-feira,06:20:00,SC,101,"242,0",PALHOCA,Ausência de reação do condutor,Colisão lateral mesmo sentido,Com Vítimas Feridas,Pleno dia,Crescente,Nublado,Múltipla,Reta,Não,2,0,1,0,0,1,1,2,-27.88419902,-48.64750077,SPRF-SC,DEL01-SC,UOP02-DEL01-SC,2023
"540991,0",2023-08-08,terça-feira,10:15:00,SC,101,"91,9",BARRA VELHA,Condutor deixou de manter distância do veículo da frente,Colisão traseira,Com Vítimas Feridas,Pleno dia,Decrescente,Nublado,Dupla,Reta,Não,5,0,2,0,3,0,2,4,-26.67123757,-48.68999004,SPRF-SC,DEL03-SC,UOP02-DEL03-SC,2023
"541015,0",2023-08-08,terça-feira,12:00:00,SC,282,"58,1",RANCHO QUEIMADO,Reação tardia ou ineficiente do condutor,Colisão transversal,Com Vítimas Feridas,Pleno dia,Decrescente,Nublado,Simples,Curva,Sim,6,0,5,0,1,0,5,2,-27.683594,-49.005539,SPRF-SC,DEL01-SC,UOP03-DEL01-SC,2023
"541061,0",2023-08-08,terça-feira,13:40:00,SC,282,"418,7",VARGEM BONITA,Transitar na contramão,Colisão frontal,Com Vítimas Fatais,Pleno dia,Decrescente,Céu Claro,Simples,Curva;Aclive,Não,3,1,0,0,1,2,0,4,-27.02642,-51.729151,SPRF-SC,DEL07-SC,UOP05-DEL07-SC,2023
"541063,0",2023-08-08,terça-feira,16:40:00,SC,282,"506,0",XANXERE,Reação tardia ou ineficiente do condutor,Colisão traseira,Com Vítimas Feridas,Pleno dia,Decrescente,Céu Claro,Dupla,Aclive,Não,3,0,1,0,1,2,1,4,-26.87149,-52.318768,SPRF-SC,DEL07-SC,UOP01-DEL07-SC,2023
"541099,0",2023-07-16,domingo,17:10:00,SC,101,"176,0",GOVERNADOR CELSO RAMOS,Trafegar com motocicleta (ou similar) entre as faixas,Colisão traseira,Com Vítimas Feridas,Anoitecer,Decrescente,Céu Claro,Dupla,Reta,Não,6,0,2,0,2,2,2,4,-27.34661396,-48.63300917,SPRF-SC,DEL01-SC,UOP01-DEL01-SC,2023
"541236,0",2023-08-09,quarta-feira,14:10:00,SC,101,"207,2",SAO JOSE,Reação tardia ou ineficiente do condutor,Colisão lateral mesmo sentido,Com Vítimas Feridas,Pleno dia,Decrescente,Chuva,Múltipla,Declive;Reta,Sim,3,0,1,0,2,0,1,2,-27.60001226,-48.6226467,SPRF-SC,DEL01-SC,UOP01-DEL01-SC,2023
"541237,0",2023-08-09,quarta-feira,11:30:00,SC,101,"117,8",ITAJAI,Condutor deixou de manter distância do veículo da frente,Colisão traseira,Com Vítimas Feridas,Pleno dia,Decrescente,Chuva,Simples,Reta,Sim,2,0,1,0,1,0,1,2,-26.88747187,-48.72252969,SPRF-SC,DEL04-SC,UOP04-DEL04-SC,2023
"541301,0",2023-08-09,quarta-feira,14:30:00,SC,101,"235,0",PALHOCA,Reação tardia ou ineficiente do condutor,Colisão com objeto,Com Vítimas Feridas,Pleno dia,Decrescente,Garoa/Chuvisco,Dupla,Curva;Aclive,Não,2,0,1,0,0,2,1,3,-27.8177775,-48.6315025,SPRF-SC,DEL01-SC,UOP02-DEL01-SC,2023
"541309,0",2023-08-09,quarta-feira,20:55:00,SC,101,"195,6",BIGUACU,Entrada inopinada do pedestre,Atropelamento de Pedestre,Com Vítimas Fatais,Plena Noite,Decrescente,Garoa/Chuvisco,Múltipla,Reta,Sim,3,1,0,0,1,3,0,5,-27.5085175,-48.6457301,SPRF-SC,DEL01-SC,UOP01-DEL01-SC,2023
"541320,0",2023-08-09,quarta-feira,22:30:00,SC,116,"138,2",SANTA CECILIA,Acessar a via sem observar a presença dos outros veículos,Colisão transversal,Com Vítimas Feridas,Plena Noite,Crescente,Garoa/Chuvisco,Simples,Reta,Sim,2,0,1,0,1,0,1,2,-26.95365013,-50.42351412,SPRF-SC,DEL06-SC,UOP02-DEL06-SC,2023
"541339,0",2023-08-10,quinta-feira,06:50:00,SC,101,"192,1",BIGUACU,Condutor Dormindo,Colisão com objeto,Com Vítimas Feridas,Pleno dia,Crescente,Chuva,Dupla,Aclive;Reta,Não,3,0,0,1,1,1,1,3,-27.48443781,-48.64765238,SPRF-SC,DEL01-SC,UOP01-DEL01-SC,2023
"541340,0",2023-08-10,quinta-feira,07:00:00,SC,101,"79,0",ARAQUARI,Condutor deixou de manter distância do veículo da frente,Colisão traseira,Com Vítimas Feridas,Pleno dia,Decrescente,Chuva,Dupla,Reta,Não,3,0,2,0,1,0,2,3,-26.58559601,-48.72192112,SPRF-SC,DEL03-SC,UOP02-DEL03-SC,2023
"541360,0",2023-08-10,quinta-feira,07:20:00,SC,282,"45,7",AGUAS MORNAS,Acumulo de óleo sobre o pavimento,Colisão frontal,Com Vítimas Fatais,Pleno dia,Crescente,Chuva,Simples,Aclive;Curva,Não,6,1,1,2,1,1,3,3,-27.72107498,-48.92446339,SPRF-SC,DEL01-SC,UOP03-DEL01-SC,2023
"541376,0",2023-08-10,quinta-feira,09:50:00,SC,470,"81,5",RODEIO,Transitar na contramão,Colisão frontal,Com Vítimas Fatais,Pleno dia,Decrescente,Chuva,Simples,Reta,Não,3,1,1,0,0,1,1,3,-26.9550723,-49.3262026,SPRF-SC,DEL04-SC,UOP01-DEL04-SC,2023
"541409,0",2023-08-10,quinta-feira,11:00:00,SC,280,"282,3",IRINEOPOLIS,Manobra de mudança de faixa,Colisão lateral sentido oposto,Com Vítimas Feridas,Pleno dia,Crescente,Chuva,Simples,Reta,Não,2,0,1,0,1,0,1,2,-26.29627169,-50.84854296,SPRF-SC,DEL06-SC,UOP04-DEL06-SC,2023
"541447,0",2023-07-19,quarta-feira,13:50:00,SC,280,"30,8",ARAQUARI,Acessar a via sem observar a presença dos outros veículos,Colisão transversal,Com Vítimas Feridas,Pleno dia,Crescente,Céu Claro,Simples,Reta,Não,7,0,3,0,3,4,3,10,-26.4141523,-48.76209493,SPRF-SC,DEL03-SC,UOP03-DEL03-SC,2023
"541489,0",2023-08-10,quinta-feira,19:15:00,SC,280,"37,0",ARAQUARI,Transitar na contramão,Colisão frontal,Com Vítimas Fatais,Plena Noite,Decrescente,Garoa/Chuvisco,Simples,Reta;Em Obras,Não,4,1,0,0,1,2,0,4,-26.446832,-48.819923,SPRF-SC,DEL03-SC,UOP03-DEL03-SC,2023
"541512,0",2023-08-10,quinta-feira,23:40:00,SC,282,"77,0",RANCHO QUEIMADO,Animais na Pista,Saída de leito carroçável,Com Vítimas Feridas,Plena Noite,Crescente,Nevoeiro/Neblina,Simples,Reta,Não,2,0,1,0,0,1,1,2,-27.683596,-49.143806,SPRF-SC,DEL01-SC,UOP03-DEL01-SC,2023