id,data_inversa,dia_semana,horario,uf,br,km,municipio,causa_acidente,tipo_acidente,classificacao_acidente,fase_dia,sentido_via,condicao_metereologica,tipo_pista,tracado_via,uso_solo,pessoas,mortos,feridos_leves,feridos_graves,ilesos,ignorados,feridos,veiculos,latitude,longitude,regional,delegacia,uop,ano_arquivo
"541517,0",2023-08-10,quinta-feira,23:40:00,SC,280,"231,0",CANOINHAS,Reação tardia ou ineficiente do condutor,Colisão lateral sentido oposto,Com Vítimas Feridas,Plena Noite,Crescente,Céu Claro,Simples,Reta,Sim,2,0,1,0,1,0,1,2,-26.1893047,-50.37170989,SPRF-SC,DEL06-SC,UOP04-DEL06-SC,2023
"541577,0",2023-08-11,sexta-feira,10:30:00,SC,101,"50,7",JOINVILLE,Manobra de mudança de faixa,Colisão traseira,Com Vítimas Feridas,Pleno dia,Crescente,Garoa/Chuvisco,Múltipla,Reta;Retorno Regulamentado,Não,3,0,2,0,0,1,2,3,-26.386453,-48.844806,SPRF-SC,DEL03-SC,UOP01-DEL03-SC,2023
"541591,0",2023-08-11,sexta-feira,08:25:00,SC,480,"127,9",CHAPECO,Reação tardia ou ineficiente do condutor,Tombamento,Com Vítimas Feridas,Pleno dia,Decrescente,Chuva,Simples,Aclive,Sim,4,0,1,0,2,1,1,3,-27.03762058,-52.6340282,SPRF-SC,DEL07-SC,UOP01-DEL07-SC,2023
"541596,0",2023-08-11,sexta-feira,12:20:00,SC,282,"218,5",LAGES,Acesso irregular,Colisão traseira,Com Vítimas Feridas,Pleno dia,Decrescente,Nublado,Simples,Declive;Reta,Sim,3,0,1,0,1,1,1,3,-27.797235,-50.31361,SPRF-SC,DEL05-SC,UOP01-DEL05-SC,2023
"541705,0",2023-08-11,sexta-feira,19:30:00,SC,116,"309,0",CAPAO ALTO,Reação tardia ou ineficiente do condutor,Tombamento,Com Vítimas Feridas,Plena Noite,Crescente,Céu Claro,Simples,Curva,Não,2,0,1,0,0,1,1,2,-28.198002,-50.759674,SPRF-SC,DEL05-SC,UOP02-DEL05-SC,2023
"541711,0",2023-08-03,quinta-feira,17:40:00,SC,101,"210,0",SAO JOSE,Manobra de mudança de faixa,Colisão lateral mesmo sentido,Com Vítimas Feridas,Pleno dia,Decrescente,Céu Claro,Múltipla,Reta,Sim,2,0,1,0,0,1,1,2,-27.6167305,-48.6457265,SPRF-SC,DEL01-SC,UOP01-DEL01-SC,2023
"541727,0",2023-08-11,sexta-feira,21:45:00,SC,470,"119,0",IBIRAMA,Acessar a via sem observar a presença dos outros veículos,Colisão lateral sentido oposto,Sem Vítimas,Plena Noite,Crescente,Nublado,Simples,Aclive;Reta,Sim,4,0,0,0,3,1,0,3,-27.081554,-49.520206,SPRF-SC,DEL04-SC,UOP02-DEL04-SC,2023
"541779,0",2023-08-12,sábado,04:30:00,SC,470,"90,0",ASCURRA,Transitar na contramão,Colisão lateral sentido oposto,Com Vítimas Feridas,Plena Noite,Decrescente,Nublado,Simples,Reta,Não,5,0,2,1,1,1,3,4,-26.969337,-49.367718,SPRF-SC,DEL04-SC,UOP01-DEL04-SC,2023
"541801,0",2023-08-12,sábado,02:20:00,SC,116,"211,0",PONTE ALTA,Ingestão de álcool pelo condutor,Colisão lateral sentido oposto,Com Vítimas Feridas,Plena Noite,Crescente,Chuva,Simples,Em Obras;Reta,Não,3,0,0,1,1,1,1,3,-27.51040007,-50.36397936,SPRF-SC,DEL05-SC,UOP03-DEL05-SC,2023
"541919,0",2023-08-12,sábado,18:18:00,SC,280,"48,7",GUARAMIRIM,Retorno proibido,Colisão traseira,Com Vítimas Feridas,Plena Noite,Crescente,Nublado,Simples,Desvio Temporário;Aclive;Reta;Em Obras,Não,3,0,1,0,2,0,1,2,-26.45506795,-48.92766502,SPRF-SC,DEL03-SC,UOP03-DEL03-SC,2023
"541967,0",2023-08-12,sábado,19:45:00,SC,116,"271,7",CAPAO ALTO,Transitar na contramão,Colisão frontal,Com Vítimas Feridas,Anoitecer,Crescente,Nublado,Simples,Declive;Reta,Não,5,0,0,2,2,1,2,3,-27.97707988,-50.50914813,SPRF-SC,DEL05-SC,UOP02-DEL05-SC,2023
"541976,0",2023-08-12,sábado,18:15:00,SC,116,"26,9",ITAIOPOLIS,Reação tardia ou ineficiente do condutor,Queda de ocupante de veículo,Com Vítimas Fatais,Plena Noite,Decrescente,Nublado,Simples,Reta,Não,3,1,0,0,0,2,0,3,-26.2919664,-49.9419505,SPRF-SC,DEL06-SC,UOP01-DEL06-SC,2023
"542126,0",2023-08-13,domingo,15:45:00,SC,282,"501,3",XANXERE,Ausência de reação do condutor,Colisão lateral mesmo sentido,Sem Vítimas,Pleno dia,Crescente,Céu Claro,Dupla,Rotatória,Sim,2,0,0,0,2,0,0,2,-26.882715,-52.381729,SPRF-SC,DEL07-SC,UOP01-DEL07-SC,2023
"542207,0",2023-08-13,domingo,19:20:00,SC,282,"610,7",MARAVILHA,Ingestão de álcool pelo condutor,Saída de leito carroçável,Sem Vítimas,Plena Noite,Decrescente,Nublado,Simples,Curva;Declive,Não,5,0,0,0,4,2,0,5,-26.756321,-53.230247,SPRF-SC,DEL07-SC,UOP02-DEL07-SC,2023
"542246,0",2023-08-14,segunda-feira,03:55:00,SC,470,"18,8",ILHOTA,Desvio temporário,Tombamento,Com Vítimas Feridas,Plena Noite,Crescente,Nublado,Simples,Desvio Temporário;Em Obras,Não,1,0,1,0,0,0,1,1,-26.88288046,-48.84384155,SPRF-SC,DEL04-SC,UOP04-DEL04-SC,2023
"542280,0",2023-08-14,segunda-feira,07:30:00,SC,470,"88,8",ASCURRA,Acessar a via sem observar a presença dos outros veículos,Colisão lateral mesmo sentido,Com Vítimas Feridas,Pleno dia,Decrescente,Céu Claro,Simples,Interseção de Vias;Reta;Rotatória,Sim,2,0,0,1,1,0,1,2,-26.961573,-49.371918,SPRF-SC,DEL04-SC,UOP01-DEL04-SC,2023
"542292,0",2023-08-14,segunda-feira,07:45:00,SC,153,"68,0",IRANI,Acessar a via sem observar a presença dos outros veículos,Colisão lateral mesmo sentido,Com Vítimas Feridas,Pleno dia,Decrescente,Céu Claro,Simples,Aclive;Curva,Sim,2,0,1,0,1,0,1,2,-27.033516,-51.879311,SPRF-SC,DEL07-SC,UOP04-DEL07-SC,2023
"542337,0",2023-08-14,segunda-feira,13:50:00,SC,101,"117,0",ITAJAI,Acesso irregular,Colisão transversal,Sem Vítimas,Pleno dia,Decrescente,Céu Claro,Dupla,Reta,Sim,3,0,0,0,2,3,0,5,-26.88747187,-48.72252969,SPRF-SC,DEL04-SC,UOP04-DEL04-SC,2023
"542349,0",2023-08-14,segunda-feira,15:40:00,SC,470,"65,0",INDAIAL,Acessar a via sem observar a presença dos outros veículos,Colisão transversal,Com Vítimas Feridas,Pleno dia,Crescente,Céu Claro,Simples,Em Obras;Reta,Não,2,0,1,0,1,0,1,2,-26.870411,-49.211864,SPRF-SC,DEL04-SC,UOP01-DEL04-SC,2023
"542352,0",2023-08-14,segunda-feira,14:07:00,SC,101,"78,2",ARAQUARI,Ausência de reação do condutor,Colisão traseira,Com Vítimas Feridas,Pleno dia,Crescente,Sol,Múltipla,Reta,Não,3,0,1,0,1,2,1,4,-26.57672096,-48.72270551,SPRF-SC,DEL03-SC,UOP02-DEL03-SC,2023
"542370,0",2023-08-14,segunda-feira,10:00:00,SC,116,"217,0",CORREIA PINTO,Carga excessiva e/ou mal acondicionada,Derramamento de carga,Com Vítimas Feridas,Pleno dia,Decrescente,Céu Claro,Simples,Ponte,Não,4,0,1,0,2,2,1,4,-27.56260035,-50.37607491,SPRF-SC,DEL05-SC,UOP03-DEL05-SC,2023
"542383,0",2023-08-14,segunda-feira,18:30:00,SC,280,"55,8",GUARAMIRIM,Pedestre cruzava a pista fora da faixa,Atropelamento de Pedestre,Com Vítimas Feridas,Plena Noite,Crescente,Céu Claro,Dupla,Reta,Sim,2,0,0,1,1,0,1,2,-26.47584353,-48.9937858,SPRF-SC,DEL03-SC,UOP03-DEL03-SC,2023
"542420,0",2023-08-14,segunda-feira,21:20:00,SC,101,"34,5",JOINVILLE,Animais na Pista,Atropelamento de Animal,Com Vítimas Feridas,Plena Noite,Crescente,Nublado,Dupla,Reta,Não,3,0,0,1,2,0,1,2,-26.26557822,-48.89930534,SPRF-SC,DEL03-SC,UOP01-DEL03-SC,2023
"542423,0",2023-08-14,segunda-feira,20:30:00,SC,101,"174,5",GOVERNADOR CELSO RAMOS,Demais falhas mecânicas ou elétricas,Incêndio,Sem Vítimas,Plena Noite,Crescente,Céu Claro,Dupla,Reta,Não,2,0,0,0,1,1,0,2,-27.33081601,-48.62697562,SPRF-SC,DEL01-SC,UOP01-DEL01-SC,2023
"542457,0",2023-08-15,terça-feira,07:38:00,SC,101,"194,0",BIGUACU,Condutor deixou de manter distância do veículo da frente,Colisão traseira,Com Vítimas Feridas,Pleno dia,Decrescente,Céu Claro,Múltipla,Reta,Sim,9,0,1,0,8,0,1,3,-27.49815117,-48.65661236,SPRF-SC,DEL01-SC,UOP01-DEL01-SC,2023
"542475,0",2023-08-15,terça-feira,08:00:00,SC,282,"553,3",NOVA ITABERABA,Conversão proibida,Colisão traseira,Com Vítimas Feridas,Pleno dia,Decrescente,Céu Claro,Simples,Aclive;Reta,Não,2,0,0,1,1,0,1,2,-26.93815,-52.791916,SPRF-SC,DEL07-SC,UOP01-DEL07-SC,2023
"542500,0",2023-08-15,terça-feira,08:20:00,SC,153,"48,3",VARGEM BONITA,Ultrapassagem Indevida,Colisão frontal,Com Vítimas Fatais,Pleno dia,Crescente,Céu Claro,Simples,Declive;Reta,Não,4,1,0,0,2,2,0,5,-26.908689,-51.78401,SPRF-SC,DEL07-SC,UOP07-DEL07-SC,2023
"542538,0",2023-08-15,terça-feira,14:00:00,SC,101,"96,8",BALNEARIO PICARRAS,Ausência de reação do condutor,Engavetamento,Com Vítimas Feridas,Pleno dia,Crescente,Céu Claro,Dupla,Reta,Não,5,0,1,0,4,0,1,3,-26.718427,-48.70233,SPRF-SC,DEL03-SC,UOP02-DEL03-SC,2023
"542552,0",2023-08-15,terça-feira,17:00:00,SC,101,"193,0",BIGUACU,Trafegar com motocicleta (ou similar) entre as faixas,Colisão lateral mesmo sentido,Com Vítimas Feridas,Pleno dia,Decrescente,Céu Claro,Dupla,Reta,Sim,7,0,0,1,6,0,1,3,-27.489574,-48.655914,SPRF-SC,DEL01-SC,UOP01-DEL01-SC,2023
"542556,0",2023-08-15,terça-feira,16:20:00,SC,470,"171,0",POUSO REDONDO,Transitar na contramão,Colisão frontal,Com Vítimas Feridas,Pleno dia,Crescente,Nublado,Simples,Curva;Aclive,Não,2,0,0,2,0,0,2,2,-27.260828,-49.900455,SPRF-SC,DEL04-SC,UOP02-DEL04-SC,2023
"542629,0",2023-08-16,quarta-feira,05:10:00,SC,470,"54,4",BLUMENAU,Ausência de reação do condutor,Saída de leito carroçável,Com Vítimas Feridas,Amanhecer,Crescente,Nublado,Simples,Interseção de Vias,Sim,2,0,1,0,0,1,1,2,-26.871065,-49.110374,SPRF-SC,DEL04-SC,UOP01-DEL04-SC,2023
"542755,0",2023-08-16,quarta-feira,18:45:00,SC,101,"120,8",ITAJAI,Manobra de mudança de faixa,Colisão lateral mesmo sentido,Sem Vítimas,Plena Noite,Crescente,Nevoeiro/Neblina,Dupla,Reta,Não,3,0,0,0,2,1,0,3,-26.912758,-48.711998,SPRF-SC,DEL04-SC,UOP04-DEL04-SC,2023
"542770,0",2023-08-16,quarta-feira,07:30:00,SC,280,"303,1",PORTO UNIAO,Velocidade Incompatível,Tombamento,Com Vítimas Feridas,Pleno dia,Crescente,Sol,Simples,Curva;Ponte,Sim,1,0,0,1,0,0,1,1,-26.2819873,-51.04756594,SPRF-SC,DEL06-SC,UOP04-DEL06-SC,2023
"542787,0",2023-08-16,quarta-feira,20:35:00,SC,101,"125,0",ITAJAI,Ausência de reação do condutor,Colisão traseira,Com Vítimas Fatais,Plena Noite,Decrescente,Nevoeiro/Neblina,Dupla,Reta,Não,4,1,0,0,1,2,0,4,-26.94802427,-48.68338515,SPRF-SC,DEL04-SC,UOP04-DEL04-SC,2023
"542799,0",2023-08-17,quinta-feira,01:43:00,SC,282,"16,3",SAO JOSE,Conversão proibida,Colisão transversal,Sem Vítimas,Plena Noite,Crescente,Céu Claro,Simples,Interseção de Vias,Sim,2,0,0,0,1,1,0,2,-27.658611,-48.681847,SPRF-SC,DEL01-SC,UOP02-DEL01-SC,2023
"542806,0",2023-08-17,quinta-feira,04:19:00,SC,101,"382,7",ICARA,Condutor Dormindo,Saída de leito carroçável,Com Vítimas Feridas,Plena Noite,Crescente,Céu Claro,Múltipla,Reta,Sim,1,0,1,0,0,0,1,1,-28.75966988,-49.28552404,SPRF-SC,DEL02-SC,UOP02-DEL02-SC,2023
"542811,0",2023-08-17,quinta-feira,07:10:00,SC,101,"199,8",SAO JOSE,Ausência de reação do condutor,Engavetamento,Com Vítimas Feridas,Pleno dia,Crescente,Céu Claro,Múltipla,Reta;Declive,Sim,4,0,1,0,3,0,1,4,-27.53413705,-48.63003205,SPRF-SC,DEL01-SC,UOP01-DEL01-SC,2023
"542896,0",2023-08-17,quinta-feira,14:00:00,SC,282,"31,0",SANTO AMARO DA IMPERATRIZ,Velocidade Incompatível,Colisão traseira,Com Vítimas Feridas,Pleno dia,Decrescente,Céu Claro,Simples,Aclive,Não,2,0,1,0,1,0,1,2,-27.695198,-48.793308,SPRF-SC,DEL01-SC,UOP03-DEL01-SC,2023
"542902,0",2023-06-24,sábado,07:00:00,SC,101,"9,0",GARUVA,Acostamento em desnível,Tombamento,Com Vítimas Feridas,Pleno dia,Crescente,Céu Claro,Dupla,Reta,Sim,2,0,1,0,0,1,1,2,-26.053987,-48.859608,SPRF-SC,DEL03-SC,UOP01-DEL03-SC,2023
"542905,0",2023-08-17,quinta-feira,17:10:00,SC,470,"60,0",BLUMENAU,Condutor deixou de manter distância do veículo da frente,Colisão traseira,Com Vítimas Feridas,Pleno dia,Decrescente,Céu Claro,Simples,Reta,Sim,3,0,2,0,1,0,2,3,-26.88138,-49.164543,SPRF-SC,DEL04-SC,UOP01-DEL04-SC,2023
"542992,0",2023-08-18,sexta-feira,07:15:00,SC,101,"96,3",BARRA VELHA,Ausência de reação do condutor,Colisão lateral mesmo sentido,Com Vítimas Feridas,Amanhecer,Crescente,Nublado,Múltipla,Reta,Sim,3,0,1,0,1,3,1,5,-26.718427,-48.70233,SPRF-SC,DEL03-SC,UOP02-DEL03-SC,2023
"543001,0",2023-08-18,sexta-feira,07:10:00,SC,163,"72,0",SAO MIGUEL DO OESTE,Reação tardia ou ineficiente do condutor,Colisão lateral mesmo sentido,Com Vítimas Feridas,Pleno dia,Decrescente,Céu Claro,Dupla,Reta,Sim,2,0,0,1,1,0,1,2,-26.71908804,-53.5157791,SPRF-SC,DEL07-SC,UOP03-DEL07-SC,2023
"543067,0",2023-08-05,sábado,18:30:00,SC,280,"18,8",ARAQUARI,Ingestão de álcool e/ou substâncias psicoativas pelo pedestre,Tombamento,Sem Vítimas,Anoitecer,Decrescente,Céu Claro,Simples,Curva,Não,2,0,0,0,1,2,0,3,-26.36432495,-48.66444809,SPRF-SC,DEL03-SC,UOP03-DEL03-SC,2023
"543094,0",2023-08-17,quinta-feira,02:15:00,SC,282,"508,1",XANXERE,Ingestão de álcool pelo condutor,Colisão traseira,Com Vítimas Feridas,Plena Noite,Crescente,Céu Claro,Simples,Curva;Aclive,Não,4,0,1,0,2,2,1,4,-26.88570055,-52.44630039,SPRF-SC,DEL07-SC,UOP01-DEL07-SC,2023
"543128,0",2023-08-18,sexta-feira,17:35:00,SC,282,"222,8",LAGES,Acessar a via sem observar a presença dos outros veículos,Colisão transversal,Com Vítimas Feridas,Anoitecer,Decrescente,Chuva,Simples,Curva;Aclive;Interseção de Vias,Sim,4,0,0,2,2,0,2,2,-27.7998493,-50.36115646,SPRF-SC,DEL05-SC,UOP01-DEL05-SC,2023
"543141,0",2023-08-18,sexta-feira,19:20:00,SC,101,"221,0",PALHOCA,Entrada inopinada do pedestre,Colisão com objeto,Com Vítimas Feridas,Plena Noite,Crescente,Chuva,Dupla,Curva,Não,4,0,0,1,3,0,1,4,-27.70012652,-48.66021182,SPRF-SC,DEL01-SC,UOP02-DEL01-SC,2023
"543175,0",2023-08-18,sexta-feira,18:00:00,SC,116,"71,3",MONTE CASTELO,Demais falhas mecânicas ou elétricas,Colisão lateral mesmo sentido,Sem Vítimas,Anoitecer,Crescente,Chuva,Simples,Reta,Não,3,0,0,0,2,1,0,3,-26.47804399,-50.23238915,SPRF-SC,DEL06-SC,UOP02-DEL06-SC,2023
"543198,0",2023-08-18,sexta-feira,23:50:00,SC,470,"60,0",BLUMENAU,Manobra de mudança de faixa,Colisão lateral mesmo sentido,Com Vítimas Feridas,Plena Noite,Crescente,Garoa/Chuvisco,Simples,Reta,Não,3,0,1,0,1,1,1,3,-26.88138,-49.164543,SPRF-SC,DEL04-SC,UOP01-DEL04-SC,2023
"543309,0",2023-08-19,sábado,14:20:00,SC,101,"139,0",BALNEARIO CAMBORIU,Condutor deixou de manter distância do veículo da frente,Colisão traseira,Com Vítimas Feridas,Pleno dia,Crescente,Nublado,Dupla,Aclive,Não,3,0,1,0,2,0,1,3,-27.02982303,-48.60115006,SPRF-SC,DEL04-SC,UOP03-DEL04-SC,2023
"543311,0",2023-08-19,sábado,13:00:00,SC,101,"335,7",TUBARAO,Reação tardia ou ineficiente do condutor,Colisão lateral mesmo sentido,Com Vítimas Feridas,Pleno dia,Crescente,Céu Claro,Múltipla,Reta,Sim,6,0,1,1,4,0,2,6,-28.46927473,-49.01557908,SPRF-SC,DEL02-SC,UOP01-DEL02-SC,2023
"543312,0",2023-08-19,sábado,14:00:00,SC,101,"333,0",TUBARAO,Ausência de reação do condutor,Colisão traseira,Com Vítimas Feridas,Pleno dia,Crescente,Céu Claro,Múltipla,Aclive;Em Obras;Reta,Sim,3,0,0,1,1,1,1,3,-28.46630107,-48.99653096,SPRF-SC,DEL02-SC,UOP01-DEL02-SC,2023
"543340,0",2023-08-19,sábado,17:10:00,SC,101,"197,6",BIGUACU,Ingestão de álcool pelo condutor,Colisão traseira,Sem Vítimas,Pleno dia,Crescente,Céu Claro,Múltipla,Reta,Sim,6,0,0,0,5,1,0,3,-27.51844497,-48.63848496,SPRF-SC,DEL01-SC,UOP01-DEL01-SC,2023
"543484,0",2023-08-20,domingo,10:15:00,SC,101,"317,0",PESCARIA BRAVA,Ausência de reação do condutor,Colisão lateral mesmo sentido,Com Vítimas Feridas,Pleno dia,Crescente,Céu Claro,Dupla,Aclive;Curva,Sim,2,0,1,0,1,0,1,2,-28.42708421,-48.85211624,SPRF-SC,DEL02-SC,UOP01-DEL02-SC,2023
"543486,0",2023-08-12,sábado,08:15:00,SC,101,"280,0",IMBITUBA,Reação tardia ou ineficiente do condutor,Colisão traseira,Com Vítimas Feridas,Pleno dia,Crescente,Chuva,Múltipla,Reta,Sim,5,0,3,0,1,1,3,3,-28.17962805,-48.6956297,SPRF-SC,DEL02-SC,UOP03-DEL02-SC,2023
"543517,0",2023-07-19,quarta-feira,22:58:00,SC,101,"213,0",PALHOCA,Desrespeitar a preferência no cruzamento,Colisão transversal,Com Vítimas Feridas,Plena Noite,Decrescente,Céu Claro,Múltipla,Interseção de Vias;Retorno Regulamentado;Viaduto,Sim,5,0,4,0,1,0,4,2,-27.63697369,-48.66514142,SPRF-SC,DEL01-SC,UOP02-DEL01-SC,2023
"543658,0",2023-08-08,terça-feira,09:10:00,SC,282,"609,7",MARAVILHA,Condutor deixou de manter distância do veículo da frente,Colisão transversal,Com Vítimas Feridas,Pleno dia,Decrescente,Céu Claro,Simples,Reta,Não,3,0,0,1,1,3,1,5,-26.761354,-53.221897,SPRF-SC,DEL07-SC,UOP02-DEL07-SC,2023
"543704,0",2023-08-21,segunda-feira,13:10:00,SC,101,"139,4",BALNEARIO CAMBORIU,Condutor deixou de manter distância do veículo da frente,Colisão traseira,Com Vítimas Feridas,Pleno dia,Crescente,Céu Claro,Simples,Aclive;Reta,Não,2,0,1,0,1,0,1,2,-27.02982303,-48.60115006,SPRF-SC,DEL04-SC,UOP03-DEL04-SC,2023
"543731,0",2023-08-21,segunda-feira,16:40:00,SC,101,"190,0",BIGUACU,Acessar a via sem observar a presença dos outros veículos,Colisão lateral mesmo sentido,Sem Vítimas,Pleno dia,Decrescente,Céu Claro,Múltipla,Reta,Não,2,0,0,0,1,1,0,2,-27.468056,-48.641712,SPRF-SC,DEL01-SC,UOP01-DEL01-SC,2023
"543758,0",2023-08-21,segunda-feira,16:35:00,SC,101,"138,7",BALNEARIO CAMBORIU,Velocidade Incompatível,Colisão traseira,Com Vítimas Feridas,Pleno dia,Crescente,Céu Claro,Dupla,Curva,Não,3,0,0,1,1,1,1,3,-27.02397426,-48.60761649,SPRF-SC,DEL04-SC,UOP03-DEL04-SC,2023
"543798,0",2023-08-21,segunda-feira,20:00:00,SC,470,"41,8",GASPAR,Ausência de reação do condutor,Derramamento de carga,Sem Vítimas,Plena Noite,Decrescente,Céu Claro,Dupla,Reta,Não,3,0,0,0,1,2,0,3,-26.882343,-48.996975,SPRF-SC,DEL04-SC,UOP01-DEL04-SC,2023
"543823,0",2023-08-22,terça-feira,08:15:00,SC,101,"33,4",JOINVILLE,Acessar a via sem observar a presença dos outros veículos,Colisão lateral mesmo sentido,Sem Vítimas,Pleno dia,Decrescente,Céu Claro,Dupla,Reta,Não,3,0,0,0,2,1,0,3,-26.23200799,-48.91678053,SPRF-SC,DEL03-SC,UOP01-DEL03-SC,2023
"543966,0",2023-08-22,terça-feira,21:15:00,SC,116,"257,0",CAPAO ALTO,Velocidade Incompatível,Colisão traseira,Com Vítimas Feridas,Plena Noite,Decrescente,Céu Claro,Simples,Aclive;Reta,Não,3,0,1,0,1,2,1,4,-27.88918313,-50.41838408,SPRF-SC,DEL05-SC,UOP02-DEL05-SC,2023
"543986,0",2023-08-22,terça-feira,23:00:00,SC,101,"144,8",ITAPEMA,Manobra de mudança de faixa,Capotamento,Com Vítimas Feridas,Plena Noite,Decrescente,Nublado,Múltipla,Aclive;Reta,Sim,7,0,4,0,2,3,4,5,-27.07107774,-48.59557629,SPRF-SC,DEL04-SC,UOP03-DEL04-SC,2023
"544020,0",2023-08-23,quarta-feira,09:50:00,SC,101,"2,3",GARUVA,Manobra de mudança de faixa,Colisão lateral mesmo sentido,Com Vítimas Feridas,Pleno dia,Crescente,Sol,Dupla,Reta,Sim,2,0,1,0,0,1,1,2,-25.99699834,-48.87891655,SPRF-SC,DEL03-SC,UOP01-DEL03-SC,2023
"544035,0",2023-08-23,quarta-feira,11:55:00,SC,280,"22,4",ARAQUARI,Acessar a via sem observar a presença dos outros veículos,Colisão transversal,Com Vítimas Feridas,Pleno dia,Crescente,Céu Claro,Simples,Reta,Sim,3,0,1,0,1,2,1,4,-26.37092616,-48.70204099,SPRF-SC,DEL03-SC,UOP03-DEL03-SC,2023
"544039,0",2023-08-05,sábado,18:10:00,SC,282,"312,3",VARGEM,Velocidade Incompatível,Colisão frontal,Com Vítimas Fatais,Plena Noite,Crescente,Céu Claro,Simples,Curva,Não,6,2,0,2,1,1,2,3,-27.4597928,-50.9898705,SPRF-SC,DEL07-SC,UOP06-DEL07-SC,2023
"544062,0",2023-08-23,quarta-feira,14:40:00,SC,101,"163,0",TIJUCAS,Condutor deixou de manter distância do veículo da frente,Colisão lateral mesmo sentido,Sem Vítimas,Pleno dia,Decrescente,Céu Claro,Dupla,Reta,Sim,3,0,0,0,2,1,0,3,-27.23830651,-48.6304611,SPRF-SC,DEL04-SC,UOP03-DEL04-SC,2023
"544159,0",2023-08-24,quinta-feira,04:40:00,SC,101,"10,0",GARUVA,Reação tardia ou ineficiente do condutor,Colisão traseira,Com Vítimas Feridas,Plena Noite,Decrescente,Céu Claro,Dupla,Reta,Não,4,0,1,1,1,3,2,5,-26.063011,-48.86020605,SPRF-SC,DEL03-SC,UOP01-DEL03-SC,2023
"544176,0",2023-08-24,quinta-feira,06:30:00,SC,101,"178,0",BIGUACU,Carga excessiva e/ou mal acondicionada,Colisão com objeto,Com Vítimas Feridas,Pleno dia,Decrescente,Nublado,Dupla,Reta,Sim,4,0,1,0,2,1,1,4,-27.36408098,-48.63391212,SPRF-SC,DEL01-SC,UOP01-DEL01-SC,2023
"544202,0",2023-08-12,sábado,09:40:00,SC,282,"206,6",LAGES,Acessar a via sem observar a presença dos outros veículos,Colisão frontal,Com Vítimas Fatais,Pleno dia,Crescente,Chuva,Simples,Reta,Não,3,1,0,0,1,1,0,3,-27.77292131,-50.19782066,SPRF-SC,DEL05-SC,UOP01-DEL05-SC,2023
"544234,0",2023-08-24,quinta-feira,11:40:00,SC,101,"118,4",ITAJAI,Trafegar com motocicleta (ou similar) entre as faixas,Colisão lateral mesmo sentido,Com Vítimas Feridas,Pleno dia,Decrescente,Céu Claro,Múltipla,Reta,Sim,3,0,0,1,1,1,1,3,-26.9043179,-48.71555481,SPRF-SC,DEL04-SC,UOP04-DEL04-SC,2023
"544236,0",2023-08-24,quinta-feira,09:30:00,SC,101,"344,0",TUBARAO,Ausência de reação do condutor,Colisão com objeto,Com Vítimas Feridas,Pleno dia,Crescente,Chuva,Múltipla,Reta,Não,4,0,1,0,2,1,1,2,-28.554061,-49.054474,SPRF-SC,DEL02-SC,UOP01-DEL02-SC,2023
"544251,0",2023-08-24,quinta-feira,12:00:00,SC,101,"71,4",ARAQUARI,Manobra de mudança de faixa,Colisão com objeto,Com Vítimas Feridas,Pleno dia,Crescente,Nublado,Dupla,Reta,Não,3,0,1,0,1,1,1,3,-26.52503436,-48.71608257,SPRF-SC,DEL03-SC,UOP02-DEL03-SC,2023
"544254,0",2023-08-24,quinta-feira,10:35:00,SC,282,"546,1",CHAPECO,Conversão proibida,Colisão transversal,Com Vítimas Feridas,Pleno dia,Crescente,Céu Claro,Simples,Curva;Declive,Não,3,0,1,0,2,0,1,3,-26.979046,-52.736637,SPRF-SC,DEL07-SC,UOP01-DEL07-SC,2023
"544267,0",2023-08-24,quinta-feira,15:00:00,SC,470,"129,0",LONTRAS,Transitar na contramão,Colisão frontal,Com Vítimas Feridas,Pleno dia,Crescente,Garoa/Chuvisco,Simples,Curva;Em Obras,Não,3,0,1,0,2,0,1,2,-27.148499,-49.556137,SPRF-SC,DEL04-SC,UOP02-DEL04-SC,2023
"544298,0",2023-08-17,quinta-feira,06:15:00,SC,153,"99,8",CONCORDIA,Pedestre andava na pista,Atropelamento de Pedestre,Com Vítimas Feridas,Amanhecer,Crescente,Céu Claro,Simples,Curva,Sim,2,0,1,0,1,0,1,2,-27.23776561,-51.95425987,SPRF-SC,DEL07-SC,UOP04-DEL07-SC,2023
"544299,0",2023-08-24,quinta-feira,15:00:00,SC,101,"57,0",ARAQUARI,Ausência de reação do condutor,Colisão traseira,Com Vítimas Feridas,Pleno dia,Crescente,Chuva,Múltipla,Reta,Não,3,0,1,0,1,1,1,3,-26.43646093,-48.81113029,SPRF-SC,DEL03-SC,UOP01-DEL03-SC,2023
"544330,0",2023-08-24,quinta-feira,20:21:00,SC,101,"185,4",BIGUACU,Pedestre cruzava a pista fora da faixa,Atropelamento de Pedestre,Com Vítimas Feridas,Plena Noite,Crescente,Nublado,Dupla,Reta,Não,3,0,0,1,1,2,1,4,-27.42536698,-48.62465876,SPRF-SC,DEL01-SC,UOP01-DEL01-SC,2023
"544338,0",2023-08-24,quinta-feira,21:00:00,SC,470,"141,8",RIO DO SUL,Condutor deixou de manter distância do veículo da frente,Colisão traseira,Com Vítimas Feridas,Plena Noite,Crescente,Garoa/Chuvisco,Simples,Reta,Sim,4,0,2,0,1,2,2,5,-27.20936209,-49.6518302,SPRF-SC,DEL04-SC,UOP02-DEL04-SC,2023