id,data_inversa,dia_semana,horario,uf,br,km,municipio,causa_acidente,tipo_acidente,classificacao_acidente,fase_dia,sentido_via,condicao_metereologica,tipo_pista,tracado_via,uso_solo,pessoas,mortos,feridos_leves,feridos_graves,ilesos,ignorados,feridos,veiculos,latitude,longitude,regional,delegacia,uop,ano_arquivo
"544360,0",2023-08-24,quinta-feira,22:00:00,SC,470,"143,0",RIO DO SUL,Ausência de reação do condutor,Colisão traseira,Com Vítimas Feridas,Plena Noite,Decrescente,Garoa/Chuvisco,Simples,Reta,Sim,2,0,0,1,1,0,1,2,-27.21899094,-49.65670109,SPRF-SC,DEL04-SC,UOP02-DEL04-SC,2023
"544377,0",2023-08-25,sexta-feira,03:00:00,SC,116,"71,8",MONTE CASTELO,Ingestão de álcool pelo condutor,Colisão frontal,Com Vítimas Feridas,Plena Noite,Crescente,Nublado,Simples,Aclive;Reta,Não,3,0,1,0,1,1,1,3,-26.47804399,-50.23238915,SPRF-SC,DEL06-SC,UOP02-DEL06-SC,2023
"544378,0",2023-07-03,segunda-feira,11:15:00,SC,101,"55,0",JOINVILLE,Velocidade Incompatível,Colisão traseira,Sem Vítimas,Pleno dia,Crescente,Céu Claro,Dupla,Reta,Não,3,0,0,0,2,1,0,3,-26.42280898,-48.82977496,SPRF-SC,DEL03-SC,UOP01-DEL03-SC,2023
"544437,0",2023-08-25,sexta-feira,12:25:00,SC,101,"48,9",JOINVILLE,Condutor deixou de manter distância do veículo da frente,Colisão traseira,Com Vítimas Feridas,Pleno dia,Crescente,Nublado,Dupla,Curva,Não,4,0,1,0,2,1,1,3,-26.35345909,-48.85867862,SPRF-SC,DEL03-SC,UOP01-DEL03-SC,2023
"544455,0",2023-08-25,sexta-feira,13:50:00,SC,282,"16,4",PALHOCA,Ausência de reação do condutor,Colisão traseira,Com Vítimas Feridas,Pleno dia,Crescente,Nublado,Simples,Reta,Sim,3,0,1,0,2,0,1,2,-27.658611,-48.681847,SPRF-SC,DEL01-SC,UOP02-DEL01-SC,2023
"544457,0",2023-08-25,sexta-feira,13:30:00,SC,282,"381,0",HERVAL DOESTE,Condutor Dormindo,Colisão com objeto,Com Vítimas Feridas,Pleno dia,Decrescente,Chuva,Simples,Reta,Não,4,0,1,0,2,1,1,3,-27.204979,-51.501442,SPRF-SC,DEL07-SC,UOP05-DEL07-SC,2023
"544459,0",2023-08-25,sexta-feira,14:40:00,SC,116,"6,9",MAFRA,Ingestão de álcool pelo condutor,Tombamento,Com Vítimas Feridas,Pleno dia,Crescente,Nublado,Simples,Reta;Interseção de Vias,Sim,2,0,1,0,1,0,1,2,-26.15196176,-49.83102416,SPRF-SC,DEL06-SC,UOP01-DEL06-SC,2023
"544467,0",2023-08-25,sexta-feira,12:15:00,SC,101,"132,5",BALNEARIO CAMBORIU,Pista Escorregadia,Colisão lateral mesmo sentido,Com Vítimas Feridas,Pleno dia,Decrescente,Chuva,Múltipla,Reta,Sim,2,0,1,0,1,0,1,2,-26.99654133,-48.65564711,SPRF-SC,DEL04-SC,UOP03-DEL04-SC,2023
"544520,0",2023-08-25,sexta-feira,19:30:00,SC,282,"396,0",JOACABA,Transitar na contramão,Colisão frontal,Com Vítimas Feridas,Plena Noite,Decrescente,Céu Claro,Simples,Curva;Declive,Não,2,0,0,1,1,0,1,2,-27.155375,-51.601593,SPRF-SC,DEL07-SC,UOP05-DEL07-SC,2023
"544525,0",2023-08-25,sexta-feira,18:00:00,SC,470,"166,0",POUSO REDONDO,Reação tardia ou ineficiente do condutor,Colisão transversal,Com Vítimas Feridas,Plena Noite,Decrescente,Nublado,Simples,Curva;Declive,Não,4,0,1,0,2,1,1,3,-27.275208,-49.855125,SPRF-SC,DEL04-SC,UOP02-DEL04-SC,2023
"544526,0",2023-08-25,sexta-feira,17:40:00,SC,280,"40,0",ARAQUARI,Reação tardia ou ineficiente do condutor,Colisão transversal,Com Vítimas Feridas,Pleno dia,Decrescente,Garoa/Chuvisco,Simples,Reta,Sim,9,0,6,1,2,0,7,3,-26.44938176,-48.84792002,SPRF-SC,DEL03-SC,UOP03-DEL03-SC,2023
"544572,0",2023-08-25,sexta-feira,23:45:00,SC,282,"38,6",AGUAS MORNAS,Ingestão de álcool pelo condutor,Colisão frontal,Com Vítimas Fatais,Plena Noite,Crescente,Nublado,Simples,Curva,Não,3,1,1,0,0,1,1,3,-27.7132937,-48.8587696,SPRF-SC,DEL01-SC,UOP03-DEL01-SC,2023
"544615,0",2023-07-29,sábado,07:00:00,SC,101,"124,0",ITAJAI,Ausência de reação do condutor,Colisão traseira,Com Vítimas Feridas,Pleno dia,Decrescente,Céu Claro,Múltipla,Reta,Não,3,0,1,0,1,2,1,4,-26.94335064,-48.69198648,SPRF-SC,DEL04-SC,UOP04-DEL04-SC,2023
"544645,0",2023-08-26,sábado,05:55:00,SC,116,"253,5",LAGES,Pedestre andava na pista,Atropelamento de Pedestre,Com Vítimas Fatais,Plena Noite,Decrescente,Nublado,Simples,Reta,Não,6,1,0,0,3,2,0,3,-27.862848,-50.391483,SPRF-SC,DEL05-SC,UOP02-DEL05-SC,2023
"544825,0",2023-08-27,domingo,03:40:00,SC,101,"415,2",ARARANGUA,Pedestre andava na pista,Atropelamento de Pedestre,Com Vítimas Fatais,Plena Noite,Decrescente,Céu Claro,Múltipla,Aclive;Reta,Sim,2,1,0,0,0,1,0,2,-28.967426,-49.523559,SPRF-SC,DEL02-SC,UOP02-DEL02-SC,2023
"544993,0",2023-08-27,domingo,20:30:00,SC,101,"104,3",BALNEARIO PICARRAS,Reação tardia ou ineficiente do condutor,Colisão traseira,Sem Vítimas,Plena Noite,Crescente,Nublado,Dupla,Reta,Não,4,0,0,0,4,0,0,2,-26.79281742,-48.68080819,SPRF-SC,DEL03-SC,UOP02-DEL03-SC,2023
"545060,0",2023-08-28,segunda-feira,07:05:00,SC,101,"205,0",SAO JOSE,Ausência de reação do condutor,Colisão lateral mesmo sentido,Com Vítimas Feridas,Pleno dia,Decrescente,Céu Claro,Múltipla,Reta,Não,2,0,1,0,1,0,1,2,-27.58313237,-48.61532885,SPRF-SC,DEL01-SC,UOP01-DEL01-SC,2023
"545145,0",2023-08-28,segunda-feira,09:20:00,SC,280,"264,0",IRINEOPOLIS,Ultrapassagem Indevida,Colisão lateral mesmo sentido,Com Vítimas Feridas,Pleno dia,Decrescente,Nublado,Simples,Reta;Declive,Não,3,0,1,0,1,2,1,4,-26.2624955,-50.67821301,SPRF-SC,DEL06-SC,UOP04-DEL06-SC,2023
"545194,0",2023-08-28,segunda-feira,16:40:00,SC,282,"612,8",MARAVILHA,Ultrapassagem Indevida,Colisão lateral mesmo sentido,Com Vítimas Feridas,Pleno dia,Decrescente,Sol,Simples,Reta,Não,3,0,0,1,2,0,1,3,-26.75906,-53.248955,SPRF-SC,DEL07-SC,UOP02-DEL07-SC,2023
"545208,0",2023-08-28,segunda-feira,19:10:00,SC,282,"398,3",JOACABA,Ultrapassagem Indevida,Colisão frontal,Com Vítimas Feridas,Plena Noite,Crescente,Céu Claro,Dupla,Curva,Não,4,0,1,0,2,1,1,4,-27.143419,-51.613823,SPRF-SC,DEL07-SC,UOP05-DEL07-SC,2023
"545219,0",2023-08-28,segunda-feira,17:15:00,SC,116,"34,5",ITAIOPOLIS,Ausência de reação do condutor,Colisão traseira,Com Vítimas Feridas,Pleno dia,Decrescente,Céu Claro,Simples,Reta,Não,5,0,0,2,2,1,2,4,-26.33118709,-49.99664695,SPRF-SC,DEL06-SC,UOP01-DEL06-SC,2023
"545282,0",2023-08-29,terça-feira,12:00:00,SC,101,"131,0",BALNEARIO CAMBORIU,Transitar na contramão,Colisão lateral sentido oposto,Com Vítimas Feridas,Pleno dia,Crescente,Nublado,Múltipla,Reta,Sim,2,0,1,0,1,0,1,2,-26.99064209,-48.66310912,SPRF-SC,DEL04-SC,UOP03-DEL04-SC,2023
"545306,0",2023-08-29,terça-feira,14:00:00,SC,101,"208,0",SAO JOSE,Ausência de reação do condutor,Colisão lateral mesmo sentido,Com Vítimas Feridas,Pleno dia,Crescente,Nublado,Múltipla,Reta,Sim,3,0,1,0,1,1,1,2,-27.60327979,-48.63201818,SPRF-SC,DEL01-SC,UOP01-DEL01-SC,2023
"545386,0",2023-08-29,terça-feira,22:20:00,SC,282,"528,0",CORDILHEIRA ALTA,Ausência de sinalização,Colisão traseira,Sem Vítimas,Plena Noite,Crescente,Céu Claro,Simples,Curva,Não,3,0,0,0,3,0,0,2,-26.978798,-52.588566,SPRF-SC,DEL07-SC,UOP01-DEL07-SC,2023
"545410,0",2023-08-30,quarta-feira,04:40:00,SC,470,"259,5",CURITIBANOS,Transitar na contramão,Colisão lateral sentido oposto,Com Vítimas Fatais,Plena Noite,Decrescente,Nevoeiro/Neblina,Simples,Curva;Declive,Não,3,1,0,0,1,2,0,4,-27.30017241,-50.67881584,SPRF-SC,DEL05-SC,UOP03-DEL05-SC,2023
"545435,0",2023-08-30,quarta-feira,09:50:00,SC,470,"45,3",GASPAR,Ultrapassagem Indevida,Colisão lateral sentido oposto,Com Vítimas Feridas,Pleno dia,Crescente,Céu Claro,Simples,Curva;Declive;Em Obras,Não,2,0,0,1,1,0,1,2,-26.86155782,-49.03573751,SPRF-SC,DEL04-SC,UOP01-DEL04-SC,2023
"545462,0",2023-08-30,quarta-feira,11:45:00,SC,470,"75,7",INDAIAL,Reação tardia ou ineficiente do condutor,Colisão frontal,Sem Vítimas,Pleno dia,Crescente,Céu Claro,Simples,Em Obras;Reta,Não,3,0,0,0,2,1,0,3,-26.924833,-49.284004,SPRF-SC,DEL04-SC,UOP01-DEL04-SC,2023
"545469,0",2023-08-30,quarta-feira,14:00:00,SC,470,"56,0",BLUMENAU,Ultrapassagem Indevida,Colisão lateral mesmo sentido,Com Vítimas Feridas,Pleno dia,Crescente,Céu Claro,Simples,Reta,Sim,2,0,1,0,1,0,1,2,-26.87674,-49.127743,SPRF-SC,DEL04-SC,UOP01-DEL04-SC,2023
"545505,0",2023-08-30,quarta-feira,15:05:00,SC,282,"494,2",XANXERE,Reação tardia ou ineficiente do condutor,Tombamento,Com Vítimas Feridas,Pleno dia,Crescente,Céu Claro,Simples,Curva;Aclive,Não,2,0,1,0,1,0,1,1,-26.87149,-52.318768,SPRF-SC,DEL07-SC,UOP01-DEL07-SC,2023
"545572,0",2023-08-31,quinta-feira,03:30:00,SC,280,"221,0",TRES BARRAS,Velocidade Incompatível,Tombamento,Sem Vítimas,Plena Noite,Decrescente,Nublado,Simples,Reta;Rotatória,Não,2,0,0,0,1,1,0,2,-26.173056,-50.27445,SPRF-SC,DEL06-SC,UOP04-DEL06-SC,2023
"545594,0",2023-08-31,quinta-feira,07:30:00,SC,101,"216,3",PALHOCA,Reação tardia ou ineficiente do condutor,Colisão lateral mesmo sentido,Com Vítimas Feridas,Pleno dia,Decrescente,Céu Claro,Dupla,Reta;Declive,Sim,3,0,1,0,2,0,1,3,-27.65981409,-48.67747798,SPRF-SC,DEL01-SC,UOP02-DEL01-SC,2023
"545679,0",2023-08-31,quinta-feira,16:10:00,SC,470,"62,6",INDAIAL,Condutor deixou de manter distância do veículo da frente,Colisão traseira,Sem Vítimas,Pleno dia,Decrescente,Céu Claro,Simples,Reta;Declive,Sim,4,0,0,0,4,0,0,4,-26.872396,-49.19228,SPRF-SC,DEL04-SC,UOP01-DEL04-SC,2023
"545692,0",2023-08-31,quinta-feira,15:34:00,SC,101,"457,5",SAO JOAO DO SUL,Condutor deixou de manter distância do veículo da frente,Colisão traseira,Sem Vítimas,Pleno dia,Decrescente,Céu Claro,Múltipla,Reta,Não,3,0,0,0,2,2,0,4,-29.2321129,-49.7583037,SPRF-SC,DEL02-SC,UOP02-DEL02-SC,2023
"545843,0",2023-09-01,sexta-feira,12:20:00,SC,470,"146,0",RIO DO SUL,Velocidade Incompatível,Colisão lateral sentido oposto,Com Vítimas Feridas,Pleno dia,Decrescente,Sol,Simples,Curva,Não,3,0,0,1,1,1,1,3,-27.240673,-49.685822,SPRF-SC,DEL04-SC,UOP02-DEL04-SC,2023
"545863,0",2023-09-01,sexta-feira,15:00:00,SC,101,"195,0",BIGUACU,Ausência de reação do condutor,Colisão lateral mesmo sentido,Com Vítimas Feridas,Pleno dia,Decrescente,Nublado,Dupla,Reta,Sim,3,0,1,0,2,0,1,2,-27.5047092,-48.65010819,SPRF-SC,DEL01-SC,UOP01-DEL01-SC,2023
"545914,0",2023-09-01,sexta-feira,16:40:00,SC,282,"593,1",SAUDADES,Demais falhas mecânicas ou elétricas,Saída de leito carroçável,Com Vítimas Feridas,Pleno dia,Crescente,Chuva,Simples,Curva,Não,2,0,2,0,0,0,2,1,-26.826199,-53.10162,SPRF-SC,DEL07-SC,UOP02-DEL07-SC,2023
"545947,0",2023-09-01,sexta-feira,15:00:00,SC,101,"114,0",ITAJAI,Acessar a via sem observar a presença dos outros veículos,Colisão transversal,Com Vítimas Feridas,Pleno dia,Crescente,Céu Claro,Múltipla,Interseção de Vias;Retorno Regulamentado,Sim,2,0,1,0,1,0,1,2,-26.86192886,-48.7286704,SPRF-SC,DEL04-SC,UOP04-DEL04-SC,2023
"546018,0",2023-09-02,sábado,05:20:00,SC,153,"82,7",IRANI,Ingestão de álcool pelo condutor,Colisão lateral sentido oposto,Sem Vítimas,Plena Noite,Crescente,Chuva,Simples,Curva,Não,2,0,0,0,2,0,0,2,-27.122955,-51.926865,SPRF-SC,DEL07-SC,UOP04-DEL07-SC,2023
"546083,0",2023-09-02,sábado,12:50:00,SC,282,"3,8",FLORIANOPOLIS,Reação tardia ou ineficiente do condutor,Saída de leito carroçável,Com Vítimas Feridas,Pleno dia,Crescente,Nublado,Dupla,Curva,Sim,1,0,1,0,0,0,1,1,-27.600384,-48.599705,SPRF-SC,DEL01-SC,UOP01-DEL01-SC,2023
"546132,0",2023-09-02,sábado,15:25:00,SC,101,"444,4",SANTA ROSA DO SUL,Manobra de mudança de faixa,Colisão lateral mesmo sentido,Com Vítimas Feridas,Pleno dia,Decrescente,Céu Claro,Múltipla,Aclive;Reta,Não,4,0,2,0,1,1,2,3,-29.13479517,-49.70645294,SPRF-SC,DEL02-SC,UOP02-DEL02-SC,2023
"546169,0",2023-09-02,sábado,18:40:00,SC,101,"65,8",ARAQUARI,Velocidade Incompatível,Tombamento,Com Vítimas Feridas,Plena Noite,Crescente,Nublado,Dupla,Curva,Não,2,0,1,0,0,1,1,2,-26.47135714,-48.74457217,SPRF-SC,DEL03-SC,UOP02-DEL03-SC,2023
"546251,0",2023-09-03,domingo,03:00:00,SC,153,"11,9",AGUA DOCE,Condutor Dormindo,Colisão lateral sentido oposto,Com Vítimas Feridas,Plena Noite,Crescente,Ignorado,Simples,Reta,Não,4,0,1,0,2,1,1,3,-26.690132,-51.567135,SPRF-SC,DEL07-SC,UOP07-DEL07-SC,2023
"546259,0",2023-09-02,sábado,22:12:00,SC,163,"70,5",SAO MIGUEL DO OESTE,Ausência de reação do condutor,Colisão com objeto,Com Vítimas Feridas,Plena Noite,Crescente,Nublado,Dupla,Curva,Sim,1,0,1,0,0,0,1,1,-26.73461723,-53.50680015,SPRF-SC,DEL07-SC,UOP03-DEL07-SC,2023
"546296,0",2023-09-03,domingo,08:11:00,SC,101,"216,0",PALHOCA,Desrespeitar a preferência no cruzamento,Colisão transversal,Sem Vítimas,Pleno dia,Crescente,Céu Claro,Dupla,Retorno Regulamentado;Rotatória;Reta,Sim,2,0,0,0,2,0,0,2,-27.65981409,-48.67747798,SPRF-SC,DEL01-SC,UOP02-DEL01-SC,2023
"546426,0",2023-09-03,domingo,21:45:00,SC,101,"267,5",IMBITUBA,Condutor Dormindo,Saída de leito carroçável,Com Vítimas Feridas,Plena Noite,Decrescente,Chuva,Dupla,Reta,Não,2,0,0,1,0,1,1,2,-28.08754237,-48.710289,SPRF-SC,DEL02-SC,UOP03-DEL02-SC,2023
"546467,0",2023-09-04,segunda-feira,03:20:00,SC,101,"123,0",ITAJAI,Acessar a via sem observar a presença dos outros veículos,Atropelamento de Pedestre,Com Vítimas Fatais,Plena Noite,Crescente,Nevoeiro/Neblina,Múltipla,Reta,Sim,2,1,0,0,0,1,0,2,-26.93668609,-48.69876905,SPRF-SC,DEL04-SC,UOP04-DEL04-SC,2023
"546496,0",2023-09-04,segunda-feira,06:45:00,SC,480,"124,1",CHAPECO,Velocidade Incompatível,Saída de leito carroçável,Sem Vítimas,Pleno dia,Crescente,Chuva,Dupla,Declive;Reta,Sim,2,0,0,0,1,1,0,2,-27.00645896,-52.64298325,SPRF-SC,DEL07-SC,UOP01-DEL07-SC,2023
"546497,0",2023-09-03,domingo,23:00:00,SC,282,"394,0",JOACABA,Demais falhas mecânicas ou elétricas,Incêndio,Sem Vítimas,Plena Noite,Decrescente,Céu Claro,Simples,Reta,Não,2,0,0,0,1,1,0,2,-27.16017,-51.58284,SPRF-SC,DEL07-SC,UOP05-DEL07-SC,2023
"546527,0",2023-09-04,segunda-feira,09:40:00,SC,282,"104,0",ALFREDO WAGNER,Acessar a via sem observar a presença dos outros veículos,Colisão transversal,Com Vítimas Feridas,Pleno dia,Crescente,Céu Claro,Simples,Reta,Sim,2,0,0,1,1,0,1,2,-27.696043,-49.334038,SPRF-SC,DEL01-SC,UOP03-DEL01-SC,2023
"546625,0",2023-09-04,segunda-feira,18:40:00,SC,101,"16,0",GARUVA,Demais falhas mecânicas ou elétricas,Saída de leito carroçável,Com Vítimas Feridas,Plena Noite,Crescente,Chuva,Dupla,Declive;Reta,Não,2,0,1,0,0,1,1,2,-26.11427473,-48.87647034,SPRF-SC,DEL03-SC,UOP01-DEL03-SC,2023
"546635,0",2023-09-04,segunda-feira,19:15:00,SC,282,"207,8",LAGES,Ausência de reação do condutor,Saída de leito carroçável,Com Vítimas Feridas,Plena Noite,Decrescente,Chuva,Simples,Declive;Reta,Não,1,0,1,0,0,0,1,1,-27.77537994,-50.21198273,SPRF-SC,DEL05-SC,UOP01-DEL05-SC,2023
"546705,0",2023-09-05,terça-feira,10:16:00,SC,101,"183,5",BIGUACU,Condutor deixou de manter distância do veículo da frente,Colisão traseira,Com Vítimas Feridas,Pleno dia,Crescente,Céu Claro,Dupla,Reta,Não,3,0,2,0,1,0,2,2,-27.40688892,-48.6285296,SPRF-SC,DEL01-SC,UOP01-DEL01-SC,2023
"546719,0",2023-09-05,terça-feira,06:25:00,SC,116,"51,9",PAPANDUVA,Transitar na contramão,Colisão frontal,Com Vítimas Fatais,Amanhecer,Decrescente,Céu Claro,Simples,Reta,Não,2,2,0,0,0,0,0,2,-26.3894686,-50.1440045,SPRF-SC,DEL06-SC,UOP01-DEL06-SC,2023
"546812,0",2023-09-05,terça-feira,19:29:00,SC,101,"208,0",SAO JOSE,Reação tardia ou ineficiente do condutor,Colisão transversal,Com Vítimas Feridas,Pleno dia,Decrescente,Nublado,Múltipla,Reta,Sim,4,0,0,1,2,1,1,3,-27.60327979,-48.63201818,SPRF-SC,DEL01-SC,UOP01-DEL01-SC,2023
"546818,0",2023-09-05,terça-feira,20:30:00,SC,282,"596,0",SAUDADES,Acesso irregular,Colisão transversal,Com Vítimas Feridas,Plena Noite,Decrescente,Céu Claro,Simples,Reta,Não,2,0,1,0,1,0,1,2,-26.829437,-53.127995,SPRF-SC,DEL07-SC,UOP02-DEL07-SC,2023
"546819,0",2023-09-05,terça-feira,19:40:00,SC,116,"170,7",PONTE ALTA DO NORTE,Ausência de reação do condutor,Saída de leito carroçável,Com Vítimas Feridas,Plena Noite,Decrescente,Céu Claro,Simples,Reta,Não,2,0,1,0,0,1,1,2,-27.194962,-50.463425,SPRF-SC,DEL05-SC,UOP03-DEL05-SC,2023
"546868,0",2023-09-06,quarta-feira,08:00:00,SC,101,"213,4",PALHOCA,Manobra de mudança de faixa,Colisão lateral mesmo sentido,Com Vítimas Feridas,Pleno dia,Decrescente,Céu Claro,Múltipla,Reta,Sim,3,0,2,0,0,1,2,3,-27.63697369,-48.66514142,SPRF-SC,DEL01-SC,UOP02-DEL01-SC,2023
"546871,0",2023-09-06,quarta-feira,08:15:00,SC,101,"209,5",SAO JOSE,Ausência de reação do condutor,Colisão traseira,Com Vítimas Feridas,Pleno dia,Crescente,Céu Claro,Múltipla,Reta,Sim,3,0,1,0,1,1,1,3,-27.61000542,-48.63895057,SPRF-SC,DEL01-SC,UOP01-DEL01-SC,2023
"546872,0",2023-09-06,quarta-feira,07:40:00,SC,101,"119,3",ITAJAI,Reação tardia ou ineficiente do condutor,Colisão traseira,Com Vítimas Feridas,Pleno dia,Decrescente,Céu Claro,Dupla,Reta,Não,5,0,0,1,3,1,1,5,-26.9043179,-48.71555481,SPRF-SC,DEL04-SC,UOP04-DEL04-SC,2023
"546914,0",2023-09-06,quarta-feira,11:25:00,SC,101,"202,0",SAO JOSE,Reação tardia ou ineficiente do condutor,Colisão lateral mesmo sentido,Com Vítimas Feridas,Pleno dia,Decrescente,Nublado,Múltipla,Reta,Não,3,0,1,0,1,1,1,3,-27.55711595,-48.61897889,SPRF-SC,DEL01-SC,UOP01-DEL01-SC,2023
"546966,0",2023-09-06,quarta-feira,17:10:00,SC,101,"125,1",ITAJAI,Condutor deixou de manter distância do veículo da frente,Colisão traseira,Com Vítimas Feridas,Pleno dia,Crescente,Nublado,Múltipla,Reta,Sim,3,0,1,0,2,0,1,2,-26.94802427,-48.68338515,SPRF-SC,DEL04-SC,UOP04-DEL04-SC,2023
"547016,0",2023-09-06,quarta-feira,16:40:00,SC,282,"467,3",PONTE SERRADA,Acessar a via sem observar a presença dos outros veículos,Colisão transversal,Com Vítimas Feridas,Pleno dia,Crescente,Céu Claro,Simples,Reta,Não,5,0,2,0,2,2,2,4,-26.854425,-52.096107,SPRF-SC,DEL07-SC,UOP04-DEL07-SC,2023
"547043,0",2023-09-06,quarta-feira,21:00:00,SC,101,"279,9",IMBITUBA,Reação tardia ou ineficiente do condutor,Colisão lateral sentido oposto,Com Vítimas Feridas,Plena Noite,Decrescente,Nublado,Simples,Interseção de Vias,Não,2,0,1,0,1,0,1,2,-28.19393344,-48.69754851,SPRF-SC,DEL02-SC,UOP03-DEL02-SC,2023
"547112,0",2023-09-07,quinta-feira,07:00:00,SC,101,"132,2",BALNEARIO CAMBORIU,Manobra de mudança de faixa,Tombamento,Com Vítimas Feridas,Pleno dia,Crescente,Nublado,Múltipla,Reta,Sim,2,0,1,0,1,0,1,2,-26.99654133,-48.65564711,SPRF-SC,DEL04-SC,UOP03-DEL04-SC,2023
"547114,0",2023-09-07,quinta-feira,06:00:00,SC,101,"106,0",PENHA,Ingestão de álcool pelo condutor,Colisão lateral mesmo sentido,Com Vítimas Feridas,Amanhecer,Crescente,Céu Claro,Dupla,Reta,Não,3,0,0,1,1,1,1,3,-26.81031601,-48.68293896,SPRF-SC,DEL03-SC,UOP02-DEL03-SC,2023
"547118,0",2023-09-07,quinta-feira,04:50:00,SC,470,"104,9",APIUNA,Ingestão de álcool pelo condutor,Colisão lateral sentido oposto,Sem Vítimas,Plena Noite,Crescente,Chuva,Simples,Curva,Não,3,0,0,0,2,3,0,5,-27.06135,-49.410408,SPRF-SC,DEL04-SC,UOP02-DEL04-SC,2023
"547162,0",2023-09-06,quarta-feira,23:30:00,SC,470,"149,0",AGRONOMICA,Ingestão de álcool pelo condutor,Colisão lateral mesmo sentido,Sem Vítimas,Plena Noite,Decrescente,Chuva,Simples,Reta,Não,3,0,0,0,2,1,0,3,-27.252104,-49.702129,SPRF-SC,DEL04-SC,UOP02-DEL04-SC,2023
"547167,0",2023-09-07,quinta-feira,11:15:00,SC,101,"12,5",GARUVA,Ausência de reação do condutor,Colisão traseira,Com Vítimas Feridas,Pleno dia,Decrescente,Nublado,Dupla,Aclive;Reta,Não,2,0,1,0,1,0,1,2,-26.08104399,-48.86175612,SPRF-SC,DEL03-SC,UOP01-DEL03-SC,2023
"547378,0",2023-09-08,sexta-feira,09:50:00,SC,282,"394,5",JOACABA,Acumulo de óleo sobre o pavimento,Tombamento,Com Vítimas Feridas,Pleno dia,Decrescente,Chuva,Simples,Reta,Não,1,0,1,0,0,0,1,1,-27.16017,-51.58284,SPRF-SC,DEL07-SC,UOP05-DEL07-SC,2023
"547509,0",2023-09-09,sábado,00:10:00,SC,101,"365,8",SANGAO,Condutor Dormindo,Saída de leito carroçável,Com Vítimas Feridas,Plena Noite,Crescente,Céu Claro,Dupla,Reta,Não,2,0,0,1,0,1,1,2,-28.68290284,-49.14759308,SPRF-SC,DEL02-SC,UOP01-DEL02-SC,2023
"547512,0",2023-09-09,sábado,03:00:00,SC,101,"369,8",ICARA,Condutor Dormindo,Colisão com objeto,Com Vítimas Feridas,Plena Noite,Crescente,Céu Claro,Dupla,Reta,Não,6,0,4,0,0,2,4,3,-28.70536283,-49.20334339,SPRF-SC,DEL02-SC,UOP01-DEL02-SC,2023
"547567,0",2023-09-09,sábado,10:50:00,SC,282,"606,9",MARAVILHA,Ingestão de álcool pelo condutor,Colisão frontal,Com Vítimas Feridas,Pleno dia,Crescente,Nublado,Simples,Reta,Não,5,0,0,1,1,4,1,5,-26.778643,-53.198692,SPRF-SC,DEL07-SC,UOP02-DEL07-SC,2023
"547604,0",2023-09-09,sábado,15:00:00,SC,101,"214,6",PALHOCA,Acesso irregular,Colisão frontal,Com Vítimas Feridas,Pleno dia,Crescente,Nublado,Múltipla,Reta,Sim,4,0,1,0,2,1,1,4,-27.64443,-48.67057,SPRF-SC,DEL01-SC,UOP02-DEL01-SC,2023
"547641,0",2023-09-09,sábado,18:10:00,SC,101,"445,2",SANTA ROSA DO SUL,Suicídio (presumido),Atropelamento de Pedestre,Com Vítimas Feridas,Plena Noite,Crescente,Chuva,Múltipla,Reta,Sim,4,0,1,0,1,3,1,4,-29.14503998,-49.72223282,SPRF-SC,DEL02-SC,UOP02-DEL02-SC,2023
"547787,0",2023-09-10,domingo,06:30:00,SC,282,"620,0",IRACEMINHA,Reação tardia ou ineficiente do condutor,Saída de leito carroçável,Com Vítimas Feridas,Pleno dia,Decrescente,Céu Claro,Simples,Reta,Não,3,0,1,0,0,2,1,3,-26.799355,-53.308002,SPRF-SC,DEL07-SC,UOP02-DEL07-SC,2023
"547966,0",2023-09-11,segunda-feira,05:40:00,SC,470,"157,9",TROMBUDO CENTRAL,Acostamento em desnível,Colisão frontal,Com Vítimas Feridas,Pleno dia,Crescente,Céu Claro,Simples,Curva;Declive,Não,3,0,0,2,0,1,2,3,-27.285425,-49.76881,SPRF-SC,DEL04-SC,UOP02-DEL04-SC,2023
"548178,0",2023-09-12,terça-feira,06:40:00,SC,116,"37,3",ITAIOPOLIS,Reação tardia ou ineficiente do condutor,Colisão lateral mesmo sentido,Com Vítimas Feridas,Pleno dia,Decrescente,Céu Claro,Simples,Reta,Não,5,0,2,0,2,1,2,3,-26.34065776,-50.02444605,SPRF-SC,DEL06-SC,UOP01-DEL06-SC,2023
"548194,0",2023-09-12,terça-feira,09:30:00,SC,101,"210,6",SAO JOSE,Manobra de mudança de faixa,Colisão com objeto,Com Vítimas Feridas,Pleno dia,Crescente,Céu Claro,Múltipla,Reta,Sim,2,0,1,0,1,0,1,2,-27.6167305,-48.6457265,SPRF-SC,DEL01-SC,UOP01-DEL01-SC,2023
"548214,0",2023-08-08,terça-feira,07:25:00,SC,101,"29,8",JOINVILLE,Demais falhas mecânicas ou elétricas,Colisão traseira,Com Vítimas Feridas,Pleno dia,Crescente,Céu Claro,Dupla,Aclive;Reta,Não,3,0,1,0,1,1,1,3,-26.22433145,-48.91662598,SPRF-SC,DEL03-SC,UOP01-DEL03-SC,2023
"548216,0",2023-09-12,terça-feira,10:45:00,SC,101,"85,4",BARRA VELHA,Acessar a via sem observar a presença dos outros veículos,Colisão lateral mesmo sentido,Com Vítimas Feridas,Pleno dia,Crescente,Sol,Dupla,Reta,Sim,2,0,1,0,1,0,1,2,-26.62840879,-48.70813584,SPRF-SC,DEL03-SC,UOP02-DEL03-SC,2023