id,data_inversa,dia_semana,horario,uf,br,km,municipio,causa_acidente,tipo_acidente,classificacao_acidente,fase_dia,sentido_via,condicao_metereologica,tipo_pista,tracado_via,uso_solo,pessoas,mortos,feridos_leves,feridos_graves,ilesos,ignorados,feridos,veiculos,latitude,longitude,regional,delegacia,uop,ano_arquivo
"554674,0",2023-10-12,quinta-feira,21:30:00,SC,101,"456,0",SAO JOAO DO SUL,Mal súbito do condutor,Colisão traseira,Com Vítimas Feridas,Plena Noite,Crescente,Nublado,Dupla,Reta;Declive,Sim,3,0,1,0,1,2,1,4,-29.23073829,-49.75584626,SPRF-SC,DEL02-SC,UOP02-DEL02-SC,2023
"554757,0",2023-10-13,sexta-feira,15:50:00,SC,101,"204,9",SAO JOSE,Reação tardia ou ineficiente do condutor,Colisão traseira,Com Vítimas Feridas,Pleno dia,Crescente,Nublado,Múltipla,Reta,Não,2,0,1,0,1,0,1,2,-27.57413014,-48.61363083,SPRF-SC,DEL01-SC,UOP01-DEL01-SC,2023
"554767,0",2023-10-13,sexta-feira,16:20:00,SC,101,"151,0",ITAPEMA,Reação tardia ou ineficiente do condutor,Colisão lateral mesmo sentido,Com Vítimas Feridas,Pleno dia,Crescente,Nublado,Dupla,Reta,Sim,3,0,0,1,1,2,1,4,-27.126536,-48.609642,SPRF-SC,DEL04-SC,UOP03-DEL04-SC,2023
"554771,0",2023-10-13,sexta-feira,17:50:00,SC,101,"197,4",BIGUACU,Manobra de mudança de faixa,Colisão lateral mesmo sentido,Com Vítimas Feridas,Anoitecer,Crescente,Nublado,Múltipla,Reta,Não,3,0,1,0,1,1,1,3,-27.51844497,-48.63848496,SPRF-SC,DEL01-SC,UOP01-DEL01-SC,2023
"554781,0",2023-10-13,sexta-feira,05:02:00,SC,116,"226,4",CORREIA PINTO,Transtornos Mentais (exceto suicidio),Colisão traseira,Sem Vítimas,Plena Noite,Decrescente,Garoa/Chuvisco,Simples,Reta,Não,4,0,0,0,4,0,0,2,-27.6304262,-50.34036621,SPRF-SC,DEL05-SC,UOP03-DEL05-SC,2023
"554797,0",2023-10-13,sexta-feira,18:40:00,SC,101,"306,2",LAGUNA,Velocidade Incompatível,Colisão transversal,Com Vítimas Feridas,Plena Noite,Decrescente,Nublado,Múltipla,Reta;Interseção de Vias,Não,2,0,0,1,1,0,1,2,-28.4035339,-48.7894031,SPRF-SC,DEL02-SC,UOP03-DEL02-SC,2023
"555034,0",2023-10-14,sábado,16:20:00,SC,116,"106,1",MONTE CASTELO,Velocidade Incompatível,Colisão com objeto,Com Vítimas Feridas,Pleno dia,Decrescente,Chuva,Simples,Curva;Declive,Não,3,0,1,0,1,1,1,2,-26.75604307,-50.31916109,SPRF-SC,DEL06-SC,UOP02-DEL06-SC,2023
"555127,0",2023-10-15,domingo,11:20:00,SC,101,"136,0",BALNEARIO CAMBORIU,Condutor deixou de manter distância do veículo da frente,Colisão traseira,Com Vítimas Feridas,Pleno dia,Decrescente,Nublado,Múltipla,Reta;Declive,Sim,5,0,2,0,2,1,2,3,-27.008113,-48.617245,SPRF-SC,DEL04-SC,UOP03-DEL04-SC,2023
"555233,0",2023-10-15,domingo,19:50:00,SC,282,"43,8",AGUAS MORNAS,Ausência de reação do condutor,Colisão lateral sentido oposto,Com Vítimas Feridas,Plena Noite,Decrescente,Chuva,Simples,Reta;Aclive,Não,4,0,1,1,1,1,2,3,-27.719458,-48.897526,SPRF-SC,DEL01-SC,UOP03-DEL01-SC,2023
"555325,0",2023-09-22,sexta-feira,15:00:00,SC,470,"126,6",LONTRAS,Acessar a via sem observar a presença dos outros veículos,Colisão transversal,Com Vítimas Feridas,Pleno dia,Decrescente,Garoa/Chuvisco,Simples,Reta;Interseção de Vias,Não,5,0,2,0,2,1,2,4,-27.129,-49.538277,SPRF-SC,DEL04-SC,UOP02-DEL04-SC,2023
"555429,0",2023-10-16,segunda-feira,10:42:00,SC,158,"119,3",CAIBI,Ultrapassagem Indevida,Colisão frontal,Com Vítimas Fatais,Pleno dia,Crescente,Nublado,Simples,Reta,Não,3,1,1,0,0,3,1,5,-26.962647,-53.208492,SPRF-SC,DEL07-SC,UOP02-DEL07-SC,2023
"555484,0",2023-10-17,terça-feira,07:40:00,SC,101,"142,5",BALNEARIO CAMBORIU,Manobra de mudança de faixa,Colisão com objeto,Com Vítimas Feridas,Pleno dia,Decrescente,Nublado,Dupla,Reta,Não,2,0,1,0,1,0,1,2,-27.056089,-48.599449,SPRF-SC,DEL04-SC,UOP03-DEL04-SC,2023
"555494,0",2023-10-17,terça-feira,09:00:00,SC,470,"138,0",RIO DO SUL,Ultrapassagem Indevida,Colisão transversal,Com Vítimas Feridas,Pleno dia,Decrescente,Nublado,Simples,Reta,Sim,2,0,0,1,1,0,1,2,-27.207214,-49.648476,SPRF-SC,DEL04-SC,UOP02-DEL04-SC,2023
"555504,0",2023-10-17,terça-feira,07:15:00,SC,116,"106,8",MONTE CASTELO,Transitar na contramão,Colisão lateral sentido oposto,Com Vítimas Feridas,Pleno dia,Decrescente,Chuva,Simples,Curva,Não,2,0,0,1,1,0,1,2,-26.75604307,-50.31916109,SPRF-SC,DEL06-SC,UOP02-DEL06-SC,2023
"555518,0",2023-10-17,terça-feira,10:50:00,SC,280,"139,6",RIO NEGRINHO,Acumulo de óleo sobre o pavimento,Saída de leito carroçável,Com Vítimas Feridas,Pleno dia,Crescente,Garoa/Chuvisco,Simples,Declive,Não,3,0,1,0,0,2,1,3,-26.254826,-49.603124,SPRF-SC,DEL06-SC,UOP03-DEL06-SC,2023
"555562,0",2023-10-17,terça-feira,09:30:00,SC,116,"72,0",MONTE CASTELO,Reação tardia ou ineficiente do condutor,Engavetamento,Com Vítimas Feridas,Pleno dia,Decrescente,Chuva,Simples,Reta,Não,5,0,1,0,3,2,1,5,-26.484868,-50.232702,SPRF-SC,DEL06-SC,UOP02-DEL06-SC,2023
"555636,0",2023-10-17,terça-feira,22:50:00,SC,116,"271,2",CAPAO ALTO,Ausência de reação do condutor,Colisão frontal,Com Vítimas Feridas,Plena Noite,Crescente,Céu Claro,Simples,Reta;Declive,Não,3,0,0,1,2,0,1,2,-27.97707988,-50.50914813,SPRF-SC,DEL05-SC,UOP02-DEL05-SC,2023
"555789,0",2023-10-18,quarta-feira,17:40:00,SC,280,"5,2",SAO FRANCISCO DO SUL,Condutor deixou de manter distância do veículo da frente,Colisão com objeto,Com Vítimas Feridas,Plena Noite,Crescente,Nublado,Simples,Rotatória,Sim,4,0,1,1,1,1,2,3,-26.2579643,-48.62334251,SPRF-SC,DEL03-SC,UOP03-DEL03-SC,2023
"555797,0",2023-10-18,quarta-feira,19:30:00,SC,282,"245,7",SAO JOSE DO CERRITO,Reação tardia ou ineficiente do condutor,Colisão frontal,Com Vítimas Feridas,Plena Noite,Crescente,Chuva,Simples,Curva;Declive,Não,5,0,2,0,3,0,2,2,-27.72805817,-50.52251816,SPRF-SC,DEL05-SC,UOP02-DEL05-SC,2023
"555851,0",2023-09-21,quinta-feira,08:30:00,SC,282,"533,0",XAXIM,Transitar na contramão,Colisão frontal,Com Vítimas Feridas,Pleno dia,Decrescente,Céu Claro,Simples,Curva;Declive,Não,3,0,0,1,1,1,1,3,-26.995323,-52.625305,SPRF-SC,DEL07-SC,UOP01-DEL07-SC,2023
"555862,0",2023-10-19,quinta-feira,09:05:00,SC,282,"40,0",AGUAS MORNAS,Mal súbito do condutor,Saída de leito carroçável,Com Vítimas Feridas,Pleno dia,Decrescente,Nublado,Simples,Curva,Sim,2,0,1,0,1,0,1,2,-27.716148,-48.869583,SPRF-SC,DEL01-SC,UOP03-DEL01-SC,2023
"555886,0",2023-10-19,quinta-feira,11:40:00,SC,280,"127,0",RIO NEGRINHO,Acessar a via sem observar a presença dos outros veículos,Colisão traseira,Com Vítimas Feridas,Pleno dia,Decrescente,Nublado,Simples,Reta;Interseção de Vias,Sim,4,0,1,0,2,1,1,3,-26.23943953,-49.50420708,SPRF-SC,DEL06-SC,UOP03-DEL06-SC,2023
"556011,0",2023-10-20,sexta-feira,00:45:00,SC,101,"168,0",TIJUCAS,Demais falhas mecânicas ou elétricas,Incêndio,Sem Vítimas,Pleno dia,Crescente,Nublado,Dupla,Reta,Não,2,0,0,0,1,1,0,2,-27.279105,-48.631554,SPRF-SC,DEL04-SC,UOP03-DEL04-SC,2023
"556033,0",2023-10-20,sexta-feira,06:00:00,SC,101,"105,1",PENHA,Reação tardia ou ineficiente do condutor,Colisão lateral mesmo sentido,Com Vítimas Feridas,Amanhecer,Decrescente,Nublado,Dupla,Reta,Não,4,0,1,0,2,1,1,3,-26.80239233,-48.6788106,SPRF-SC,DEL03-SC,UOP02-DEL03-SC,2023
"556046,0",2023-10-08,domingo,06:00:00,SC,101,"103,1",BALNEARIO PICARRAS,Velocidade Incompatível,Colisão traseira,Sem Vítimas,Amanhecer,Decrescente,Chuva,Dupla,Reta,Não,2,0,0,0,1,1,0,2,-26.7832381,-48.68314632,SPRF-SC,DEL03-SC,UOP02-DEL03-SC,2023
"556069,0",2023-10-20,sexta-feira,09:20:00,SC,470,"50,6",BLUMENAU,Pedestre cruzava a pista fora da faixa,Atropelamento de Pedestre,Com Vítimas Fatais,Pleno dia,Decrescente,Céu Claro,Múltipla,Curva;Declive;Viaduto,Não,2,1,0,0,1,0,0,2,-26.86151954,-49.08122778,SPRF-SC,DEL04-SC,UOP01-DEL04-SC,2023
"556073,0",2023-10-20,sexta-feira,09:25:00,SC,280,"129,0",RIO NEGRINHO,Animais na Pista,Colisão traseira,Com Vítimas Feridas,Pleno dia,Decrescente,Sol,Simples,Reta,Não,2,0,1,0,1,0,1,2,-26.2530246,-49.52924913,SPRF-SC,DEL06-SC,UOP03-DEL06-SC,2023
"556125,0",2023-10-20,sexta-feira,13:50:00,SC,101,"138,2",BALNEARIO CAMBORIU,Pedestre andava na pista,Atropelamento de Pedestre,Com Vítimas Fatais,Pleno dia,Crescente,Céu Claro,Múltipla,Reta,Sim,3,1,0,0,1,2,0,4,-27.025749,-48.606612,SPRF-SC,DEL04-SC,UOP03-DEL04-SC,2023
"556132,0",2023-10-20,sexta-feira,10:35:00,SC,101,"43,7",JOINVILLE,Acessar a via sem observar a presença dos outros veículos,Colisão transversal,Com Vítimas Feridas,Pleno dia,Crescente,Nublado,Múltipla,Viaduto,Sim,2,0,1,0,1,0,1,2,-26.31238996,-48.87458997,SPRF-SC,DEL03-SC,UOP01-DEL03-SC,2023
"556202,0",2023-10-20,sexta-feira,19:25:00,SC,101,"203,5",SAO JOSE,Trafegar com motocicleta (ou similar) entre as faixas,Colisão lateral mesmo sentido,Com Vítimas Fatais,Plena Noite,Decrescente,Nublado,Múltipla,Reta,Sim,8,1,0,0,6,2,0,5,-27.5650044,-48.61460082,SPRF-SC,DEL01-SC,UOP01-DEL01-SC,2023
"556281,0",2023-10-21,sábado,08:30:00,SC,101,"126,0",ITAJAI,Trafegar com motocicleta (ou similar) entre as faixas,Colisão traseira,Com Vítimas Feridas,Pleno dia,Crescente,Sol,Dupla,Reta,Não,2,0,0,1,1,0,1,2,-26.95564404,-48.67978366,SPRF-SC,DEL04-SC,UOP04-DEL04-SC,2023
"556286,0",2023-10-21,sábado,11:00:00,SC,101,"114,0",ITAJAI,Ausência de reação do condutor,Colisão traseira,Com Vítimas Feridas,Pleno dia,Decrescente,Nublado,Múltipla,Reta,Não,3,0,2,0,1,0,2,2,-26.86192886,-48.7286704,SPRF-SC,DEL04-SC,UOP04-DEL04-SC,2023
"556288,0",2023-10-21,sábado,11:20:00,SC,101,"115,1",ITAJAI,Reação tardia ou ineficiente do condutor,Colisão traseira,Sem Vítimas,Pleno dia,Decrescente,Céu Claro,Múltipla,Reta,Não,2,0,0,0,2,0,0,2,-26.87064015,-48.72954134,SPRF-SC,DEL04-SC,UOP04-DEL04-SC,2023
"556318,0",2023-10-21,sábado,12:05:00,SC,101,"19,0",JOINVILLE,Suicídio (presumido),Atropelamento de Pedestre,Com Vítimas Feridas,Pleno dia,Decrescente,Nublado,Dupla,Reta,Não,4,0,0,1,1,2,1,3,-26.13376586,-48.89661416,SPRF-SC,DEL03-SC,UOP01-DEL03-SC,2023
"556349,0",2023-10-21,sábado,16:04:00,SC,101,"215,7",PALHOCA,Manobra de mudança de faixa,Colisão lateral mesmo sentido,Com Vítimas Feridas,Pleno dia,Decrescente,Nublado,Múltipla,Curva,Não,2,0,1,0,1,0,1,2,-27.65184843,-48.67604941,SPRF-SC,DEL01-SC,UOP02-DEL01-SC,2023
"556364,0",2023-10-21,sábado,15:15:00,SC,470,"238,3",SAO CRISTOVAO DO SUL,Velocidade Incompatível,Colisão transversal,Com Vítimas Feridas,Pleno dia,Crescente,Céu Claro,Simples,Reta,Não,2,0,1,1,0,0,2,2,-27.304041,-50.464909,SPRF-SC,DEL05-SC,UOP03-DEL05-SC,2023
"556612,0",2023-10-22,domingo,20:30:00,SC,101,"203,0",SAO JOSE,Ingestão de álcool pelo condutor,Colisão lateral mesmo sentido,Com Vítimas Feridas,Plena Noite,Crescente,Céu Claro,Múltipla,Reta,Sim,3,0,1,0,1,1,1,3,-27.5650044,-48.61460082,SPRF-SC,DEL01-SC,UOP01-DEL01-SC,2023
"556685,0",2023-10-23,segunda-feira,06:50:00,SC,470,"88,0",ASCURRA,Acessar a via sem observar a presença dos outros veículos,Colisão transversal,Com Vítimas Feridas,Pleno dia,Decrescente,Céu Claro,Simples,Reta,Não,2,0,0,1,1,0,1,2,-26.955355,-49.373169,SPRF-SC,DEL04-SC,UOP01-DEL04-SC,2023
"556727,0",2023-10-07,sábado,04:52:00,SC,282,"548,0",CHAPECO,Condutor Dormindo,Colisão lateral sentido oposto,Com Vítimas Feridas,Amanhecer,Decrescente,Chuva,Simples,Reta,Não,3,0,1,0,2,0,1,2,-26.968346,-52.753883,SPRF-SC,DEL07-SC,UOP01-DEL07-SC,2023
"556843,0",2023-10-23,segunda-feira,20:00:00,SC,101,"357,7",SANGAO,Estacionar ou parar em local proibido,Colisão traseira,Com Vítimas Feridas,Plena Noite,Crescente,Céu Claro,Simples,Reta,Não,5,0,1,0,3,2,1,4,-28.64856583,-49.10435915,SPRF-SC,DEL02-SC,UOP01-DEL02-SC,2023
"556850,0",2023-10-23,segunda-feira,22:10:00,SC,470,"201,5",PONTE ALTA,Animais na Pista,Atropelamento de Animal,Com Vítimas Fatais,Plena Noite,Decrescente,Céu Claro,Simples,Reta,Não,3,1,0,0,1,1,0,3,-27.292937,-50.148372,SPRF-SC,DEL05-SC,UOP03-DEL05-SC,2023
"556856,0",2023-10-23,segunda-feira,23:20:00,SC,101,"326,0",CAPIVARI DE BAIXO,Reação tardia ou ineficiente do condutor,Colisão traseira,Com Vítimas Feridas,Plena Noite,Crescente,Céu Claro,Dupla,Curva,Sim,3,0,1,0,1,1,1,3,-28.43023306,-48.95205197,SPRF-SC,DEL02-SC,UOP01-DEL02-SC,2023
"556861,0",2023-10-24,terça-feira,00:30:00,SC,282,"32,0",SANTO AMARO DA IMPERATRIZ,Suicídio (presumido),Colisão frontal,Com Vítimas Fatais,Plena Noite,Crescente,Céu Claro,Simples,Reta,Não,3,1,0,0,1,1,0,3,-27.70166055,-48.80115688,SPRF-SC,DEL01-SC,UOP03-DEL01-SC,2023
"556893,0",2023-10-24,terça-feira,08:35:00,SC,101,"56,9",JOINVILLE,Acessar a via sem observar a presença dos outros veículos,Colisão lateral mesmo sentido,Sem Vítimas,Pleno dia,Crescente,Nublado,Simples,Reta,Sim,2,0,0,0,2,0,0,2,-26.43207484,-48.82263984,SPRF-SC,DEL03-SC,UOP01-DEL03-SC,2023
"556911,0",2023-10-24,terça-feira,08:40:00,SC,282,"182,2",BOCAINA DO SUL,Transitar na contramão,Colisão frontal,Com Vítimas Fatais,Pleno dia,Crescente,Nublado,Simples,Reta;Aclive,Não,5,1,1,0,3,0,1,4,-27.735399,-49.958389,SPRF-SC,DEL05-SC,UOP01-DEL05-SC,2023
"556925,0",2023-10-24,terça-feira,10:45:00,SC,280,"41,5",ARAQUARI,Ultrapassagem Indevida,Colisão frontal,Com Vítimas Fatais,Pleno dia,Decrescente,Nublado,Simples,Reta;Em Obras,Não,3,1,0,1,1,0,1,3,-26.4504798,-48.8652691,SPRF-SC,DEL03-SC,UOP03-DEL03-SC,2023
"556960,0",2023-10-24,terça-feira,16:00:00,SC,101,"13,0",GARUVA,Manobra de mudança de faixa,Colisão lateral mesmo sentido,Com Vítimas Feridas,Pleno dia,Crescente,Nublado,Dupla,Reta,Não,3,0,1,0,1,1,1,3,-26.08986803,-48.86345096,SPRF-SC,DEL03-SC,UOP01-DEL03-SC,2023
"556992,0",2023-10-24,terça-feira,16:00:00,SC,470,"22,0",ILHOTA,Manobra de mudança de faixa,Colisão lateral mesmo sentido,Sem Vítimas,Pleno dia,Crescente,Céu Claro,Dupla,Reta,Não,2,0,0,0,1,1,0,2,-26.880066,-48.836224,SPRF-SC,DEL04-SC,UOP04-DEL04-SC,2023
"557035,0",2023-10-24,terça-feira,21:30:00,SC,116,"153,1",SANTA CECILIA,Animais na Pista,Atropelamento de Animal,Sem Vítimas,Plena Noite,Decrescente,Céu Claro,Simples,Reta;Aclive,Não,2,0,0,0,1,1,0,2,-27.05726102,-50.42710925,SPRF-SC,DEL06-SC,UOP02-DEL06-SC,2023
"557062,0",2023-10-25,quarta-feira,07:15:00,SC,101,"195,5",BIGUACU,Ausência de reação do condutor,Colisão lateral mesmo sentido,Com Vítimas Feridas,Pleno dia,Decrescente,Céu Claro,Múltipla,Reta,Sim,2,0,0,1,1,0,1,2,-27.5047092,-48.65010819,SPRF-SC,DEL01-SC,UOP01-DEL01-SC,2023
"557095,0",2023-04-16,domingo,11:20:00,SC,282,"644,9",SAO MIGUEL DO OESTE,Transitar na contramão,Colisão lateral sentido oposto,Com Vítimas Feridas,Pleno dia,Decrescente,Chuva,Simples,Curva;Declive,Não,4,0,2,1,1,0,3,3,-26.76509077,-53.48669171,SPRF-SC,DEL07-SC,UOP03-DEL07-SC,2023
"557145,0",2023-10-25,quarta-feira,11:20:00,SC,280,"103,2",SAO BENTO DO SUL,Condutor deixou de manter distância do veículo da frente,Colisão traseira,Com Vítimas Feridas,Pleno dia,Decrescente,Nevoeiro/Neblina,Simples,Curva,Não,4,0,2,0,1,1,2,3,-26.35967199,-49.347507,SPRF-SC,DEL06-SC,UOP03-DEL06-SC,2023
"557194,0",2023-10-25,quarta-feira,20:15:00,SC,470,"65,0",INDAIAL,Acessar a via sem observar a presença dos outros veículos,Colisão transversal,Com Vítimas Feridas,Plena Noite,Crescente,Céu Claro,Simples,Reta,Sim,3,0,1,0,1,1,1,3,-26.870411,-49.211864,SPRF-SC,DEL04-SC,UOP01-DEL04-SC,2023
"557200,0",2023-10-25,quarta-feira,22:10:00,SC,282,"488,4",FAXINAL DOS GUEDES,Suicídio (presumido),Colisão frontal,Com Vítimas Fatais,Plena Noite,Decrescente,Céu Claro,Simples,Reta;Aclive,Sim,3,1,0,0,1,1,0,3,-26.85786044,-52.26416767,SPRF-SC,DEL07-SC,UOP01-DEL07-SC,2023
"557203,0",2023-10-25,quarta-feira,20:24:00,SC,470,"145,0",RIO DO SUL,Reação tardia ou ineficiente do condutor,Colisão traseira,Com Vítimas Fatais,Plena Noite,Decrescente,Céu Claro,Simples,Curva,Não,3,1,0,0,1,1,0,3,-27.2322787,-49.6716684,SPRF-SC,DEL04-SC,UOP02-DEL04-SC,2023
"557272,0",2023-10-14,sábado,08:00:00,SC,163,"98,5",SAO JOSE DO CEDRO,Animais na Pista,Colisão lateral sentido oposto,Com Vítimas Feridas,Pleno dia,Decrescente,Céu Claro,Dupla,Declive,Não,4,0,1,0,1,3,1,5,-26.50126284,-53.50779318,SPRF-SC,DEL07-SC,UOP03-DEL07-SC,2023
"557329,0",2023-10-26,quinta-feira,13:30:00,SC,280,"84,7",CORUPA,Demais falhas mecânicas ou elétricas,Colisão com objeto,Sem Vítimas,Pleno dia,Crescente,Céu Claro,Simples,Aclive,Não,1,0,0,0,1,0,0,1,-26.43589072,-49.24351466,SPRF-SC,DEL06-SC,UOP03-DEL06-SC,2023
"557426,0",2023-10-27,sexta-feira,01:40:00,SC,101,"327,4",CAPIVARI DE BAIXO,Condutor Dormindo,Colisão com objeto,Com Vítimas Feridas,Plena Noite,Crescente,Céu Claro,Dupla,Viaduto;Reta;Aclive,Não,1,0,1,0,0,0,1,1,-28.438399,-48.961751,SPRF-SC,DEL02-SC,UOP01-DEL02-SC,2023
"557501,0",2023-10-27,sexta-feira,12:45:00,SC,280,"154,2",MAFRA,Pista Escorregadia,Saída de leito carroçável,Com Vítimas Feridas,Pleno dia,Decrescente,Chuva,Simples,Curva;Declive,Não,2,0,2,0,0,0,2,1,-26.21362587,-49.7181449,SPRF-SC,DEL06-SC,UOP03-DEL06-SC,2023
"557529,0",2023-10-27,sexta-feira,15:00:00,SC,282,"212,1",LAGES,Desrespeitar a preferência no cruzamento,Colisão transversal,Com Vítimas Feridas,Pleno dia,Decrescente,Nublado,Simples,Interseção de Vias;Declive;Retorno Regulamentado,Sim,3,0,1,0,2,0,1,2,-27.78280296,-50.25320292,SPRF-SC,DEL05-SC,UOP01-DEL05-SC,2023
"557536,0",2023-10-27,sexta-feira,14:00:00,SC,282,"645,6",SAO MIGUEL DO OESTE,Acessar a via sem observar a presença dos outros veículos,Colisão lateral mesmo sentido,Com Vítimas Feridas,Pleno dia,Decrescente,Nublado,Simples,Reta;Interseção de Vias;Declive,Sim,3,0,0,1,2,0,1,2,-26.76488571,-53.49552155,SPRF-SC,DEL07-SC,UOP03-DEL07-SC,2023
"557615,0",2023-10-27,sexta-feira,23:00:00,SC,101,"38,8",JOINVILLE,Acessar a via sem observar a presença dos outros veículos,Colisão traseira,Com Vítimas Feridas,Pleno dia,Crescente,Garoa/Chuvisco,Dupla,Reta;Interseção de Vias,Sim,4,0,2,0,1,1,2,3,-26.30012873,-48.88368845,SPRF-SC,DEL03-SC,UOP01-DEL03-SC,2023
"557651,0",2023-10-28,sábado,05:15:00,SC,163,"75,4",SAO MIGUEL DO OESTE,Condutor Dormindo,Saída de leito carroçável,Com Vítimas Feridas,Plena Noite,Crescente,Chuva,Simples,Curva;Aclive,Não,1,0,1,0,0,0,1,1,-26.69042964,-53.51429701,SPRF-SC,DEL07-SC,UOP03-DEL07-SC,2023
"557653,0",2023-10-14,sábado,10:56:00,SC,282,"505,3",XANXERE,Velocidade Incompatível,Colisão lateral mesmo sentido,Com Vítimas Feridas,Pleno dia,Decrescente,Céu Claro,Dupla,Reta,Não,4,0,2,0,1,2,2,4,-26.885883,-52.418762,SPRF-SC,DEL07-SC,UOP01-DEL07-SC,2023
"557703,0",2023-10-28,sábado,06:30:00,SC,470,"264,9",CURITIBANOS,Transitar na contramão,Colisão frontal,Com Vítimas Fatais,Pleno dia,Crescente,Chuva,Simples,Reta;Declive,Não,3,1,0,0,1,1,0,3,-27.31155,-50.729581,SPRF-SC,DEL05-SC,UOP03-DEL05-SC,2023
"557705,0",2023-10-28,sábado,08:00:00,SC,101,"235,0",PALHOCA,Ausência de reação do condutor,Colisão com objeto,Com Vítimas Feridas,Pleno dia,Decrescente,Chuva,Dupla,Reta;Aclive,Não,2,0,1,0,0,1,1,2,-27.8177775,-48.6315025,SPRF-SC,DEL01-SC,UOP02-DEL01-SC,2023
"557754,0",2023-10-28,sábado,15:50:00,SC,101,"438,1",SOMBRIO,Suicídio (presumido),Atropelamento de Pedestre,Com Vítimas Fatais,Pleno dia,Crescente,Nublado,Múltipla,Reta,Não,3,1,0,0,1,2,0,4,-29.12374811,-49.65613246,SPRF-SC,DEL02-SC,UOP02-DEL02-SC,2023
"558014,0",2023-10-29,domingo,20:50:00,SC,101,"99,0",BALNEARIO PICARRAS,Ausência de reação do condutor,Tombamento,Com Vítimas Fatais,Plena Noite,Decrescente,Nublado,Dupla,Reta,Não,2,1,0,0,0,1,0,2,-26.7494895,-48.6942051,SPRF-SC,DEL03-SC,UOP02-DEL03-SC,2023
"558084,0",2023-10-30,segunda-feira,07:00:00,SC,280,"53,4",GUARAMIRIM,Suicídio (presumido),Colisão frontal,Com Vítimas Fatais,Pleno dia,Crescente,Sol,Dupla,Reta,Não,3,1,0,0,1,1,0,3,-26.4748172,-48.9810103,SPRF-SC,DEL03-SC,UOP03-DEL03-SC,2023
"558117,0",2023-10-30,segunda-feira,11:30:00,SC,470,"115,8",IBIRAMA,Velocidade Incompatível,Colisão traseira,Com Vítimas Feridas,Pleno dia,Decrescente,Chuva,Simples,Ponte;Curva,Não,6,0,1,0,4,2,1,7,-27.080416,-49.485348,SPRF-SC,DEL04-SC,UOP02-DEL04-SC,2023
"558144,0",2023-10-30,segunda-feira,14:05:00,SC,163,"85,0",GUARACIABA,Demais falhas mecânicas ou elétricas,Colisão traseira,Com Vítimas Feridas,Pleno dia,Crescente,Chuva,Simples,Reta,Não,5,0,1,0,3,4,1,8,-26.60730301,-53.51704391,SPRF-SC,DEL07-SC,UOP03-DEL07-SC,2023
"558149,0",2023-10-30,segunda-feira,14:40:00,SC,101,"43,9",JOINVILLE,Desrespeitar a preferência no cruzamento,Colisão transversal,Com Vítimas Feridas,Pleno dia,Crescente,Nublado,Simples,Declive;Interseção de Vias;Viaduto,Sim,3,0,1,0,1,1,1,3,-26.30357106,-48.88225609,SPRF-SC,DEL03-SC,UOP01-DEL03-SC,2023
"558241,0",2023-10-31,terça-feira,04:35:00,SC,101,"294,8",IMBITUBA,Reação tardia ou ineficiente do condutor,Colisão traseira,Com Vítimas Feridas,Plena Noite,Crescente,Chuva,Dupla,Viaduto,Sim,2,0,1,0,1,0,1,2,-28.29220304,-48.71018095,SPRF-SC,DEL02-SC,UOP03-DEL02-SC,2023
"558297,0",2023-10-31,terça-feira,11:45:00,SC,101,"145,0",ITAPEMA,Manobra de mudança de faixa,Colisão lateral mesmo sentido,Com Vítimas Feridas,Pleno dia,Decrescente,Garoa/Chuvisco,Múltipla,Reta;Aclive,Sim,2,0,1,0,1,0,1,2,-27.08139206,-48.60130993,SPRF-SC,DEL04-SC,UOP03-DEL04-SC,2023
"558354,0",2023-10-31,terça-feira,16:10:00,SC,470,"66,0",INDAIAL,Acessar a via sem observar a presença dos outros veículos,Colisão transversal,Com Vítimas Feridas,Pleno dia,Crescente,Nublado,Simples,Reta;Interseção de Vias,Sim,3,0,0,1,2,0,1,2,-26.870407,-49.221844,SPRF-SC,DEL04-SC,UOP01-DEL04-SC,2023
"558372,0",2023-10-31,terça-feira,19:09:00,SC,101,"116,0",ITAJAI,Reação tardia ou ineficiente do condutor,Engavetamento,Com Vítimas Feridas,Plena Noite,Decrescente,Céu Claro,Dupla,Reta,Não,10,0,1,1,7,2,2,7,-26.87905605,-48.72603512,SPRF-SC,DEL04-SC,UOP04-DEL04-SC,2023
"558387,0",2023-10-31,terça-feira,21:00:00,SC,101,"139,0",ITAPEMA,Ausência de reação do condutor,Colisão traseira,Com Vítimas Feridas,Plena Noite,Decrescente,Nublado,Dupla,Reta;Túnel,Sim,3,0,0,1,0,2,1,3,-27.03881189,-48.60025148,SPRF-SC,DEL04-SC,UOP03-DEL04-SC,2023
"558449,0",2023-11-01,quarta-feira,09:40:00,SC,101,"44,2",JOINVILLE,Reação tardia ou ineficiente do condutor,Colisão com objeto,Com Vítimas Feridas,Pleno dia,Crescente,Garoa/Chuvisco,Simples,Declive,Não,1,0,1,0,0,0,1,1,-26.31238996,-48.87458997,SPRF-SC,DEL03-SC,UOP01-DEL03-SC,2023