id,data_inversa,dia_semana,horario,uf,br,km,municipio,causa_acidente,tipo_acidente,classificacao_acidente,fase_dia,sentido_via,condicao_metereologica,tipo_pista,tracado_via,uso_solo,pessoas,mortos,feridos_leves,feridos_graves,ilesos,ignorados,feridos,veiculos,latitude,longitude,regional,delegacia,uop,ano_arquivo
"558466,0",2023-11-01,quarta-feira,10:45:00,SC,470,"47,0",BLUMENAU,Ausência de reação do condutor,Colisão traseira,Com Vítimas Feridas,Pleno dia,Decrescente,Nublado,Simples,Reta,Sim,4,0,1,0,2,2,1,4,-26.864044,-49.046516,SPRF-SC,DEL04-SC,UOP01-DEL04-SC,2023
"558513,0",2023-11-01,quarta-feira,13:50:00,SC,470,"122,4",IBIRAMA,Ultrapassagem Indevida,Colisão frontal,Com Vítimas Fatais,Pleno dia,Crescente,Sol,Simples,Curva;Aclive,Sim,4,1,0,1,1,2,1,4,-27.1045512,-49.523828,SPRF-SC,DEL04-SC,UOP02-DEL04-SC,2023
"558539,0",2023-11-01,quarta-feira,18:15:00,SC,101,"204,0",SAO JOSE,Reação tardia ou ineficiente do condutor,Colisão lateral mesmo sentido,Com Vítimas Feridas,Anoitecer,Decrescente,Nublado,Dupla,Declive,Sim,2,0,1,0,0,1,1,2,-27.56985134,-48.61377055,SPRF-SC,DEL01-SC,UOP01-DEL01-SC,2023
"558579,0",2023-11-01,quarta-feira,20:45:00,SC,101,"27,5",JOINVILLE,Suicídio (presumido),Colisão frontal,Sem Vítimas,Plena Noite,Crescente,Chuva,Dupla,Reta,Não,3,0,0,0,2,1,0,3,-26.20130351,-48.91331794,SPRF-SC,DEL03-SC,UOP01-DEL03-SC,2023
"558642,0",2023-11-02,quinta-feira,03:45:00,SC,101,"207,0",SAO JOSE,Reação tardia ou ineficiente do condutor,Colisão frontal,Sem Vítimas,Plena Noite,Crescente,Nublado,Múltipla,Reta,Sim,3,0,0,0,3,0,0,2,-27.60001226,-48.6226467,SPRF-SC,DEL01-SC,UOP01-DEL01-SC,2023
"558653,0",2023-11-01,quarta-feira,23:36:00,SC,282,"561,3",NOVA ERECHIM,Chuva,Colisão com objeto,Com Vítimas Fatais,Plena Noite,Decrescente,Chuva,Simples,Reta;Ponte,Não,1,1,0,0,0,0,0,1,-26.92470056,-52.85713434,SPRF-SC,DEL07-SC,UOP02-DEL07-SC,2023
"558656,0",2023-11-02,quinta-feira,02:20:00,SC,470,"53,0",BLUMENAU,Ingestão de álcool pelo condutor,Colisão frontal,Com Vítimas Feridas,Plena Noite,Decrescente,Garoa/Chuvisco,Simples,Curva;Declive,Sim,4,0,1,1,1,2,2,4,-26.86852545,-49.10459518,SPRF-SC,DEL04-SC,UOP01-DEL04-SC,2023
"558673,0",2023-11-02,quinta-feira,08:20:00,SC,101,"235,0",PALHOCA,Acumulo de água sobre o pavimento,Colisão com objeto,Com Vítimas Feridas,Pleno dia,Decrescente,Chuva,Dupla,Curva;Aclive,Não,3,0,1,0,1,1,1,2,-27.8177775,-48.6315025,SPRF-SC,DEL01-SC,UOP02-DEL01-SC,2023
"558691,0",2023-11-02,quinta-feira,09:30:00,SC,101,"88,2",BARRA VELHA,Condutor deixou de manter distância do veículo da frente,Engavetamento,Com Vítimas Feridas,Pleno dia,Crescente,Chuva,Dupla,Declive,Não,8,0,2,0,6,0,2,3,-26.64253985,-48.68950684,SPRF-SC,DEL03-SC,UOP02-DEL03-SC,2023
"558702,0",2023-11-02,quinta-feira,12:00:00,SC,101,"277,0",IMBITUBA,Acessar a via sem observar a presença dos outros veículos,Colisão lateral mesmo sentido,Com Vítimas Feridas,Pleno dia,Decrescente,Garoa/Chuvisco,Múltipla,Reta,Sim,3,0,1,0,1,1,1,3,-28.17011138,-48.69411528,SPRF-SC,DEL02-SC,UOP03-DEL02-SC,2023
"558706,0",2023-11-02,quinta-feira,12:20:00,SC,101,"4,0",GARUVA,Manobra de mudança de faixa,Colisão traseira,Com Vítimas Feridas,Pleno dia,Decrescente,Chuva,Dupla,Reta,Não,6,0,3,1,1,2,4,5,-26.00908719,-48.86448735,SPRF-SC,DEL03-SC,UOP01-DEL03-SC,2023
"558710,0",2023-11-02,quinta-feira,13:20:00,SC,101,"239,0",PALHOCA,Reação tardia ou ineficiente do condutor,Colisão traseira,Com Vítimas Feridas,Pleno dia,Decrescente,Chuva,Dupla,Reta,Não,3,0,1,0,2,0,1,2,-27.85046883,-48.63955216,SPRF-SC,DEL01-SC,UOP02-DEL01-SC,2023
"558801,0",2023-11-03,sexta-feira,06:50:00,SC,101,"217,0",PALHOCA,Acumulo de água sobre o pavimento,Colisão lateral mesmo sentido,Com Vítimas Feridas,Pleno dia,Decrescente,Garoa/Chuvisco,Dupla,Reta,Sim,2,0,1,0,1,0,1,2,-27.66779034,-48.67393586,SPRF-SC,DEL01-SC,UOP02-DEL01-SC,2023
"558819,0",2023-11-03,sexta-feira,08:05:00,SC,470,"3,4",NAVEGANTES,Ausência de reação do condutor,Colisão traseira,Com Vítimas Feridas,Pleno dia,Decrescente,Chuva,Dupla,Reta,Não,2,0,1,0,1,0,1,2,-26.861937,-48.681618,SPRF-SC,DEL04-SC,UOP04-DEL04-SC,2023
"558822,0",2023-11-03,sexta-feira,06:00:00,SC,116,"194,3",PONTE ALTA,Demais falhas mecânicas ou elétricas,Incêndio,Sem Vítimas,Amanhecer,Decrescente,Chuva,Simples,Curva,Não,1,0,0,0,1,0,0,1,-27.380015,-50.43000816,SPRF-SC,DEL05-SC,UOP03-DEL05-SC,2023
"558874,0",2023-11-03,sexta-feira,13:30:00,SC,101,"184,0",BIGUACU,Reação tardia ou ineficiente do condutor,Colisão com objeto,Com Vítimas Feridas,Pleno dia,Crescente,Chuva,Dupla,Reta,Não,4,0,1,0,2,1,1,3,-27.41613807,-48.6266443,SPRF-SC,DEL01-SC,UOP01-DEL01-SC,2023
"558898,0",2023-11-03,sexta-feira,15:20:00,SC,282,"70,1",RANCHO QUEIMADO,Pista Escorregadia,Colisão frontal,Com Vítimas Fatais,Pleno dia,Crescente,Chuva,Simples,Curva;Aclive,Não,6,1,0,1,3,1,1,5,-27.6915189,-49.0909447,SPRF-SC,DEL01-SC,UOP03-DEL01-SC,2023
"558955,0",2023-11-03,sexta-feira,20:40:00,SC,282,"485,1",FAXINAL DOS GUEDES,Transitar na contramão,Colisão frontal,Com Vítimas Feridas,Plena Noite,Crescente,Céu Claro,Simples,Reta,Não,3,0,0,1,1,1,1,3,-26.857132,-52.245258,SPRF-SC,DEL07-SC,UOP01-DEL07-SC,2023
"558972,0",2023-11-03,sexta-feira,07:15:00,SC,153,"47,0",VARGEM BONITA,Chuva,Saída de leito carroçável,Sem Vítimas,Pleno dia,Crescente,Chuva,Simples,Aclive;Curva,Não,1,0,0,0,1,0,0,1,-26.896812,-51.76989,SPRF-SC,DEL07-SC,UOP07-DEL07-SC,2023
"558998,0",2023-11-03,sexta-feira,11:25:00,SC,163,"103,0",SAO JOSE DO CEDRO,Ausência de reação do condutor,Saída de leito carroçável,Sem Vítimas,Pleno dia,Decrescente,Céu Claro,Simples,Declive,Sim,1,0,0,0,1,0,0,1,-26.46209088,-53.5077059,SPRF-SC,DEL07-SC,UOP03-DEL07-SC,2023
"559095,0",2023-11-04,sábado,14:15:00,SC,158,"113,9",CUNHA PORA,Acesso irregular,Colisão traseira,Com Vítimas Feridas,Pleno dia,Decrescente,Céu Claro,Simples,Reta,Não,3,0,1,0,1,1,1,3,-26.91879827,-53.1952107,SPRF-SC,DEL07-SC,UOP02-DEL07-SC,2023
"559113,0",2023-11-04,sábado,16:40:00,SC,101,"36,0",JOINVILLE,Manobra de mudança de faixa,Colisão lateral mesmo sentido,Sem Vítimas,Pleno dia,Decrescente,Céu Claro,Múltipla,Declive,Não,2,0,0,0,2,0,0,2,-26.24573198,-48.9101069,SPRF-SC,DEL03-SC,UOP01-DEL03-SC,2023
"559139,0",2023-11-04,sábado,16:45:00,SC,282,"488,1",FAXINAL DOS GUEDES,Velocidade Incompatível,Colisão traseira,Com Vítimas Feridas,Pleno dia,Decrescente,Céu Claro,Simples,Rotatória,Sim,6,0,1,0,4,2,1,5,-26.863047,-52.270107,SPRF-SC,DEL07-SC,UOP01-DEL07-SC,2023
"559194,0",2023-11-05,domingo,01:30:00,SC,282,"628,6",IRACEMINHA,Neblina,Colisão traseira,Com Vítimas Feridas,Plena Noite,Decrescente,Nevoeiro/Neblina,Simples,Aclive,Não,2,0,1,0,0,1,1,2,-26.818754,-53.365486,SPRF-SC,DEL07-SC,UOP02-DEL07-SC,2023
"559200,0",2023-11-04,sábado,18:20:00,SC,470,"281,3",BRUNOPOLIS,Demais falhas mecânicas ou elétricas,Tombamento,Sem Vítimas,Anoitecer,Decrescente,Céu Claro,Simples,Curva;Declive,Não,2,0,0,0,1,1,0,2,-27.33639499,-50.87665558,SPRF-SC,DEL07-SC,UOP06-DEL07-SC,2023
"559219,0",2023-11-01,quarta-feira,22:25:00,SC,470,"68,0",INDAIAL,Acessar a via sem observar a presença dos outros veículos,Colisão transversal,Com Vítimas Feridas,Plena Noite,Crescente,Nublado,Dupla,Reta,Sim,4,0,1,0,2,2,1,5,-26.877615,-49.239231,SPRF-SC,DEL04-SC,UOP01-DEL04-SC,2023
"559408,0",2023-11-05,domingo,22:15:00,SC,282,"586,8",PINHALZINHO,Velocidade Incompatível,Tombamento,Com Vítimas Feridas,Plena Noite,Decrescente,Céu Claro,Simples,Curva;Aclive,Não,2,0,1,0,0,1,1,2,-26.83062904,-53.04472804,SPRF-SC,DEL07-SC,UOP02-DEL07-SC,2023
"559571,0",2023-11-06,segunda-feira,17:30:00,SC,101,"162,8",TIJUCAS,Pedestre andava na pista,Atropelamento de Pedestre,Com Vítimas Fatais,Pleno dia,Decrescente,Céu Claro,Dupla,Reta;Viaduto,Não,2,1,0,0,1,0,0,2,-27.2304227,-48.6292475,SPRF-SC,DEL04-SC,UOP03-DEL04-SC,2023
"559626,0",2023-11-06,segunda-feira,18:20:00,SC,282,"356,0",CAMPOS NOVOS,Problema com o freio,Incêndio,Sem Vítimas,Anoitecer,Crescente,Céu Claro,Simples,Curva;Aclive,Não,2,0,0,0,1,1,0,2,-27.342428,-51.340664,SPRF-SC,DEL07-SC,UOP05-DEL07-SC,2023
"559656,0",2023-09-28,quinta-feira,10:00:00,SC,158,"140,0",PALMITOS,Velocidade Incompatível,Colisão lateral sentido oposto,Com Vítimas Feridas,Pleno dia,Decrescente,Céu Claro,Simples,Reta;Declive,Não,4,0,2,0,1,3,2,5,-27.12575601,-53.21242903,SPRF-SC,DEL07-SC,UOP02-DEL07-SC,2023
"559672,0",2023-11-07,terça-feira,08:00:00,SC,101,"114,3",ITAJAI,Trafegar com motocicleta (ou similar) entre as faixas,Colisão lateral mesmo sentido,Com Vítimas Feridas,Pleno dia,Decrescente,Nublado,Dupla,Reta,Não,3,0,0,1,2,0,1,3,-26.86192886,-48.7286704,SPRF-SC,DEL04-SC,UOP04-DEL04-SC,2023
"559716,0",2023-11-07,terça-feira,14:20:00,SC,101,"140,0",BALNEARIO CAMBORIU,Reação tardia ou ineficiente do condutor,Colisão traseira,Sem Vítimas,Pleno dia,Crescente,Céu Claro,Simples,Reta,Não,3,0,0,0,2,2,0,4,-27.03881189,-48.60025148,SPRF-SC,DEL04-SC,UOP03-DEL04-SC,2023
"559728,0",2023-11-07,terça-feira,15:00:00,SC,280,"48,3",GUARAMIRIM,Retorno proibido,Colisão transversal,Com Vítimas Feridas,Pleno dia,Crescente,Céu Claro,Simples,Aclive;Em Obras,Não,3,0,1,0,2,0,1,2,-26.45506795,-48.92766502,SPRF-SC,DEL03-SC,UOP03-DEL03-SC,2023
"559741,0",2023-08-07,segunda-feira,21:30:00,SC,101,"220,2",PALHOCA,Entrada inopinada do pedestre,Colisão com objeto,Com Vítimas Fatais,Plena Noite,Decrescente,Céu Claro,Dupla,Reta,Não,6,1,1,1,2,1,2,3,-27.695643,-48.662063,SPRF-SC,DEL01-SC,UOP02-DEL01-SC,2023
"559768,0",2023-11-07,terça-feira,18:00:00,SC,116,"253,9",LAGES,Ausência de reação do condutor,Colisão traseira,Com Vítimas Feridas,Pleno dia,Decrescente,Céu Claro,Simples,Reta,Não,2,0,1,0,0,1,1,2,-27.86645244,-50.3949523,SPRF-SC,DEL05-SC,UOP02-DEL05-SC,2023
"559769,0",2023-11-07,terça-feira,18:30:00,SC,101,"119,8",ITAJAI,Ausência de reação do condutor,Colisão lateral mesmo sentido,Com Vítimas Feridas,Pleno dia,Decrescente,Nublado,Dupla,Reta,Sim,2,0,0,1,0,1,1,2,-26.9043179,-48.71555481,SPRF-SC,DEL04-SC,UOP04-DEL04-SC,2023
"559791,0",2023-11-07,terça-feira,18:30:00,SC,101,"282,8",IMBITUBA,Manobra de mudança de faixa,Colisão lateral mesmo sentido,Com Vítimas Fatais,Anoitecer,Crescente,Céu Claro,Dupla,Reta,Não,3,1,0,0,1,1,0,3,-28.21930724,-48.70036483,SPRF-SC,DEL02-SC,UOP03-DEL02-SC,2023
"559814,0",2023-11-07,terça-feira,21:00:00,SC,282,"642,5",SAO MIGUEL DO OESTE,Ausência de reação do condutor,Colisão frontal,Com Vítimas Feridas,Plena Noite,Decrescente,Céu Claro,Simples,Curva,Não,5,0,3,1,1,0,4,2,-26.772327,-53.461613,SPRF-SC,DEL07-SC,UOP03-DEL07-SC,2023
"559815,0",2023-11-07,terça-feira,20:00:00,SC,470,"193,1",POUSO REDONDO,Ultrapassagem Indevida,Colisão lateral mesmo sentido,Com Vítimas Feridas,Plena Noite,Decrescente,Céu Claro,Simples,Reta;Declive,Não,3,0,0,1,1,2,1,4,-27.30284184,-50.07831216,SPRF-SC,DEL04-SC,UOP02-DEL04-SC,2023
"559863,0",2023-11-08,quarta-feira,08:40:00,SC,101,"377,3",ICARA,Ultrapassagem Indevida,Colisão lateral mesmo sentido,Com Vítimas Feridas,Pleno dia,Decrescente,Céu Claro,Simples,Reta,Sim,4,0,1,1,1,1,2,3,-28.7345708,-49.24624124,SPRF-SC,DEL02-SC,UOP01-DEL02-SC,2023
"559903,0",2023-11-08,quarta-feira,13:00:00,SC,470,"70,3",INDAIAL,Acessar a via sem observar a presença dos outros veículos,Colisão transversal,Com Vítimas Feridas,Pleno dia,Crescente,Céu Claro,Simples,Reta;Em Obras,Sim,2,0,1,0,1,0,1,2,-26.89132676,-49.25725097,SPRF-SC,DEL04-SC,UOP01-DEL04-SC,2023
"559943,0",2023-11-08,quarta-feira,12:20:00,SC,101,"360,9",SANGAO,Velocidade Incompatível,Capotamento,Com Vítimas Fatais,Pleno dia,Decrescente,Céu Claro,Múltipla,Curva;Aclive,Não,1,1,0,0,0,0,0,1,-28.67206398,-49.1221261,SPRF-SC,DEL02-SC,UOP01-DEL02-SC,2023
"559946,0",2023-11-08,quarta-feira,13:59:00,SC,480,"131,0",CHAPECO,Condutor deixou de manter distância do veículo da frente,Colisão lateral mesmo sentido,Sem Vítimas,Pleno dia,Crescente,Céu Claro,Múltipla,Curva;Desvio Temporário;Em Obras,Sim,3,0,0,0,3,0,0,2,-27.06314223,-52.63234636,SPRF-SC,DEL07-SC,UOP01-DEL07-SC,2023
"559948,0",2023-11-08,quarta-feira,16:00:00,SC,101,"279,2",IMBITUBA,Demais falhas mecânicas ou elétricas,Tombamento,Sem Vítimas,Pleno dia,Crescente,Céu Claro,Dupla,Reta,Sim,4,0,0,0,3,1,0,3,-28.17131302,-48.69463482,SPRF-SC,DEL02-SC,UOP03-DEL02-SC,2023
"559963,0",2023-11-08,quarta-feira,16:45:00,SC,101,"122,6",ITAJAI,Transitar na contramão,Colisão lateral sentido oposto,Com Vítimas Feridas,Pleno dia,Crescente,Céu Claro,Dupla,Interseção de Vias,Não,2,0,1,0,1,0,1,2,-26.92955916,-48.70499836,SPRF-SC,DEL04-SC,UOP04-DEL04-SC,2023
"560023,0",2023-11-09,quinta-feira,00:30:00,SC,116,"117,7",SANTA CECILIA,Velocidade Incompatível,Tombamento,Com Vítimas Feridas,Plena Noite,Decrescente,Céu Claro,Simples,Curva;Aclive,Não,1,0,0,1,0,0,1,1,-26.81731599,-50.35097407,SPRF-SC,DEL06-SC,UOP02-DEL06-SC,2023
"560025,0",2023-11-09,quinta-feira,02:35:00,SC,101,"271,0",PAULO LOPES,Acessar a via sem observar a presença dos outros veículos,Colisão lateral mesmo sentido,Com Vítimas Feridas,Plena Noite,Decrescente,Céu Claro,Dupla,Reta;Ponte,Sim,5,0,2,0,2,1,2,4,-28.116142,-48.699804,SPRF-SC,DEL02-SC,UOP03-DEL02-SC,2023
"560054,0",2023-11-09,quinta-feira,05:30:00,SC,470,"194,0",POUSO REDONDO,Ingestão de álcool pelo condutor,Colisão lateral sentido oposto,Com Vítimas Feridas,Amanhecer,Crescente,Nublado,Simples,Curva,Não,4,0,2,0,1,2,2,4,-27.300501,-50.080284,SPRF-SC,DEL04-SC,UOP02-DEL04-SC,2023
"560075,0",2023-11-09,quinta-feira,10:00:00,SC,282,"500,0",XANXERE,Condutor usando celular,Saída de leito carroçável,Com Vítimas Feridas,Pleno dia,Crescente,Chuva,Dupla,Declive,Não,1,0,1,0,0,0,1,1,-26.880969,-52.368515,SPRF-SC,DEL07-SC,UOP01-DEL07-SC,2023
"560137,0",2023-11-09,quinta-feira,17:25:00,SC,101,"156,0",PORTO BELO,Acessar a via sem observar a presença dos outros veículos,Colisão transversal,Com Vítimas Feridas,Pleno dia,Decrescente,Céu Claro,Múltipla,Reta,Não,2,0,0,1,1,0,1,2,-27.172272,-48.61170204,SPRF-SC,DEL04-SC,UOP03-DEL04-SC,2023
"560145,0",2023-11-09,quinta-feira,17:30:00,SC,101,"335,7",TUBARAO,Condutor deixou de manter distância do veículo da frente,Colisão traseira,Com Vítimas Feridas,Pleno dia,Decrescente,Chuva,Múltipla,Curva,Sim,3,0,0,1,1,1,1,3,-28.47849958,-49.03198242,SPRF-SC,DEL02-SC,UOP01-DEL02-SC,2023
"560153,0",2023-11-09,quinta-feira,15:40:00,SC,116,"210,2",PONTE ALTA,Reação tardia ou ineficiente do condutor,Saída de leito carroçável,Com Vítimas Feridas,Pleno dia,Decrescente,Nublado,Simples,Reta;Aclive,Não,3,0,2,0,0,2,2,3,-27.50285695,-50.36575969,SPRF-SC,DEL05-SC,UOP03-DEL05-SC,2023
"560156,0",2023-08-09,quarta-feira,08:20:00,SC,470,"148,0",RIO DO SUL,Acessar a via sem observar a presença dos outros veículos,Colisão transversal,Com Vítimas Feridas,Pleno dia,Crescente,Chuva,Simples,Reta,Sim,2,0,1,0,1,0,1,2,-27.246288,-49.694355,SPRF-SC,DEL04-SC,UOP02-DEL04-SC,2023
"560178,0",2023-11-09,quinta-feira,18:13:00,SC,101,"106,6",PENHA,Suicídio (presumido),Atropelamento de Pedestre,Com Vítimas Fatais,Pleno dia,Crescente,Nublado,Dupla,Reta,Não,4,1,0,0,1,2,0,3,-26.815207,-48.683376,SPRF-SC,DEL03-SC,UOP02-DEL03-SC,2023
"560218,0",2023-11-10,sexta-feira,04:25:00,SC,101,"421,4",ARARANGUA,Ingestão de álcool pelo condutor,Colisão lateral sentido oposto,Com Vítimas Feridas,Plena Noite,Crescente,Céu Claro,Dupla,Viaduto;Reta;Aclive,Sim,2,0,1,0,0,1,1,2,-29.00048611,-49.5576719,SPRF-SC,DEL02-SC,UOP02-DEL02-SC,2023
"560255,0",2023-10-01,domingo,10:45:00,SC,101,"6,2",GARUVA,Demais falhas mecânicas ou elétricas,Incêndio,Sem Vítimas,Pleno dia,Crescente,Nublado,Dupla,Reta,Não,2,0,0,0,1,1,0,2,-26.02692002,-48.86142017,SPRF-SC,DEL03-SC,UOP01-DEL03-SC,2023
"560310,0",2023-11-10,sexta-feira,13:58:00,SC,101,"202,0",SAO JOSE,Manobra de mudança de faixa,Colisão transversal,Com Vítimas Feridas,Pleno dia,Decrescente,Céu Claro,Múltipla,Reta,Sim,3,0,1,0,1,1,1,2,-27.55711595,-48.61897889,SPRF-SC,DEL01-SC,UOP01-DEL01-SC,2023
"560320,0",2023-11-10,sexta-feira,14:00:00,SC,101,"373,0",ICARA,Demais falhas mecânicas ou elétricas,Incêndio,Sem Vítimas,Pleno dia,Crescente,Céu Claro,Dupla,Reta;Aclive,Não,2,0,0,0,1,2,0,3,-28.7132671,-49.21763596,SPRF-SC,DEL02-SC,UOP01-DEL02-SC,2023
"560326,0",2023-11-02,quinta-feira,16:35:00,SC,280,"57,1",GUARAMIRIM,Problema com o freio,Colisão frontal,Com Vítimas Feridas,Pleno dia,Crescente,Céu Claro,Simples,Reta,Não,9,0,4,3,2,0,7,4,-26.47811421,-49.01259213,SPRF-SC,DEL03-SC,UOP03-DEL03-SC,2023
"560378,0",2023-11-10,sexta-feira,17:50:00,SC,101,"25,8",JOINVILLE,Condutor deixou de manter distância do veículo da frente,Colisão traseira,Com Vítimas Feridas,Anoitecer,Crescente,Chuva,Dupla,Ponte,Não,3,0,2,0,0,1,2,3,-26.1834739,-48.9105912,SPRF-SC,DEL03-SC,UOP01-DEL03-SC,2023
"560404,0",2023-11-10,sexta-feira,19:18:00,SC,470,"173,0",POUSO REDONDO,Conversão proibida,Colisão transversal,Com Vítimas Feridas,Plena Noite,Crescente,Céu Claro,Simples,Reta,Sim,2,0,1,0,1,0,1,2,-27.25984,-49.919285,SPRF-SC,DEL04-SC,UOP02-DEL04-SC,2023
"560483,0",2023-11-11,sábado,04:20:00,SC,116,"188,1",SAO CRISTOVAO DO SUL,Transitar na contramão,Colisão frontal,Com Vítimas Fatais,Amanhecer,Crescente,Nublado,Simples,Reta;Declive,Não,4,1,0,1,1,1,1,3,-27.32965789,-50.42513021,SPRF-SC,DEL05-SC,UOP03-DEL05-SC,2023
"560490,0",2023-11-11,sábado,06:40:00,SC,163,"93,2",GUARACIABA,Reação tardia ou ineficiente do condutor,Colisão traseira,Com Vítimas Feridas,Pleno dia,Crescente,Céu Claro,Simples,Reta;Aclive,Não,6,0,2,0,3,1,2,4,-26.54289607,-53.52035746,SPRF-SC,DEL07-SC,UOP03-DEL07-SC,2023
"560532,0",2023-11-11,sábado,08:20:00,SC,282,"210,6",LAGES,Demais falhas mecânicas ou elétricas,Incêndio,Sem Vítimas,Pleno dia,Crescente,Céu Claro,Simples,Reta;Declive,Não,1,0,0,0,1,0,0,1,-27.778582,-50.231815,SPRF-SC,DEL05-SC,UOP01-DEL05-SC,2023
"560539,0",2023-11-11,sábado,10:20:00,SC,101,"184,6",BIGUACU,Manobra de mudança de faixa,Colisão lateral mesmo sentido,Com Vítimas Feridas,Pleno dia,Decrescente,Nublado,Dupla,Reta,Sim,4,0,2,0,1,1,2,3,-27.41613807,-48.6266443,SPRF-SC,DEL01-SC,UOP01-DEL01-SC,2023
"560869,0",2023-11-12,domingo,14:20:00,SC,470,"122,9",IBIRAMA,Condutor Dormindo,Colisão lateral sentido oposto,Com Vítimas Feridas,Pleno dia,Crescente,Céu Claro,Simples,Curva,Não,4,0,3,0,0,2,3,4,-27.10785,-49.524,SPRF-SC,DEL04-SC,UOP02-DEL04-SC,2023
"560976,0",2023-11-13,segunda-feira,03:00:00,SC,282,"212,0",LAGES,Ausência de reação do condutor,Saída de leito carroçável,Com Vítimas Feridas,Plena Noite,Decrescente,Nublado,Simples,Reta;Aclive;Interseção de Vias,Não,1,0,1,0,0,0,1,1,-27.78456846,-50.25929689,SPRF-SC,DEL05-SC,UOP01-DEL05-SC,2023
"560984,0",2023-11-13,segunda-feira,06:00:00,SC,101,"132,9",BALNEARIO CAMBORIU,Demais falhas mecânicas ou elétricas,Incêndio,Sem Vítimas,Pleno dia,Crescente,Nublado,Múltipla,Aclive,Sim,1,0,0,0,1,0,0,1,-26.99936,-48.64609,SPRF-SC,DEL04-SC,UOP03-DEL04-SC,2023
"561019,0",2023-11-13,segunda-feira,08:30:00,SC,470,"57,4",BLUMENAU,Manobra de mudança de faixa,Tombamento,Com Vítimas Feridas,Pleno dia,Crescente,Nublado,Simples,Reta;Em Obras,Não,4,0,2,0,2,0,2,2,-26.88216269,-49.13993382,SPRF-SC,DEL04-SC,UOP01-DEL04-SC,2023
"561035,0",2023-11-13,segunda-feira,09:28:00,SC,282,"606,5",MARAVILHA,Acessar a via sem observar a presença dos outros veículos,Colisão transversal,Com Vítimas Feridas,Pleno dia,Crescente,Garoa/Chuvisco,Simples,Interseção de Vias,Sim,2,0,1,0,1,0,1,2,-26.786951,-53.195248,SPRF-SC,DEL07-SC,UOP02-DEL07-SC,2023
"561077,0",2023-02-18,sábado,07:35:00,SC,101,"217,8",PALHOCA,Acessar a via sem observar a presença dos outros veículos,Colisão transversal,Com Vítimas Feridas,Pleno dia,Decrescente,Céu Claro,Dupla,Reta;Interseção de Vias,Sim,4,0,1,0,1,3,1,5,-27.67078411,-48.67246449,SPRF-SC,DEL01-SC,UOP02-DEL01-SC,2023
"561137,0",2023-11-13,segunda-feira,18:24:00,SC,282,"451,3",PONTE SERRADA,Ausência de reação do condutor,Saída de leito carroçável,Com Vítimas Feridas,Anoitecer,Crescente,Céu Claro,Simples,Curva;Declive,Não,2,0,1,0,0,1,1,2,-26.920741,-51.949646,SPRF-SC,DEL07-SC,UOP04-DEL07-SC,2023
"561159,0",2023-11-13,segunda-feira,19:50:00,SC,470,"59,9",BLUMENAU,Ausência de reação do condutor,Engavetamento,Com Vítimas Fatais,Plena Noite,Decrescente,Nublado,Simples,Reta;Em Obras,Sim,8,1,3,0,3,1,3,6,-26.8813592,-49.1644756,SPRF-SC,DEL04-SC,UOP01-DEL04-SC,2023
"561198,0",2023-11-14,terça-feira,07:20:00,SC,470,"52,7",BLUMENAU,Condutor deixou de manter distância do veículo da frente,Colisão traseira,Com Vítimas Feridas,Pleno dia,Crescente,Chuva,Simples,Interseção de Vias;Rotatória,Não,3,0,1,0,2,0,1,3,-26.86548597,-49.09995185,SPRF-SC,DEL04-SC,UOP01-DEL04-SC,2023
"561218,0",2023-11-14,terça-feira,06:40:00,SC,470,"157,7",TROMBUDO CENTRAL,Demais falhas mecânicas ou elétricas,Colisão lateral sentido oposto,Com Vítimas Feridas,Pleno dia,Crescente,Chuva,Simples,Curva;Declive,Não,7,0,0,2,4,2,2,7,-27.285425,-49.76881,SPRF-SC,DEL04-SC,UOP02-DEL04-SC,2023
"561346,0",2023-11-14,terça-feira,16:45:00,SC,470,"62,3",INDAIAL,Acessar a via sem observar a presença dos outros veículos,Colisão transversal,Com Vítimas Feridas,Pleno dia,Crescente,Garoa/Chuvisco,Simples,Interseção de Vias;Reta,Sim,4,0,2,0,2,0,2,3,-26.87443993,-49.18572664,SPRF-SC,DEL04-SC,UOP01-DEL04-SC,2023
"561393,0",2023-11-14,terça-feira,22:15:00,SC,282,"341,5",CAMPOS NOVOS,Pedestre cruzava a pista fora da faixa,Atropelamento de Pedestre,Com Vítimas Feridas,Plena Noite,Crescente,Chuva,Simples,Aclive;Reta,Sim,4,0,0,1,1,2,1,3,-27.389957,-51.213387,SPRF-SC,DEL07-SC,UOP06-DEL07-SC,2023
"561402,0",2023-11-15,quarta-feira,01:10:00,SC,101,"8,3",GARUVA,Demais falhas mecânicas ou elétricas,Incêndio,Com Vítimas Feridas,Plena Noite,Crescente,Nublado,Dupla,Reta,Não,2,0,1,0,0,2,1,3,-26.044942,-48.859703,SPRF-SC,DEL03-SC,UOP01-DEL03-SC,2023
"561586,0",2023-11-16,quinta-feira,06:00:00,SC,470,"79,5",RODEIO,Condutor Dormindo,Saída de leito carroçável,Com Vítimas Feridas,Amanhecer,Crescente,Céu Claro,Simples,Reta,Não,2,0,0,1,1,0,1,1,-26.951565,-49.306534,SPRF-SC,DEL04-SC,UOP01-DEL04-SC,2023
"561616,0",2023-10-11,quarta-feira,13:55:00,SC,101,"18,4",JOINVILLE,Condutor deixou de manter distância do veículo da frente,Engavetamento,Com Vítimas Feridas,Pleno dia,Crescente,Céu Claro,Dupla,Reta;Declive,Não,5,0,2,0,2,1,2,4,-26.128553,-48.888776,SPRF-SC,DEL03-SC,UOP01-DEL03-SC,2023