id,data_inversa,dia_semana,horario,uf,br,km,municipio,causa_acidente,tipo_acidente,classificacao_acidente,fase_dia,sentido_via,condicao_metereologica,tipo_pista,tracado_via,uso_solo,pessoas,mortos,feridos_leves,feridos_graves,ilesos,ignorados,feridos,veiculos,latitude,longitude,regional,delegacia,uop,ano_arquivo
"561619,0",2023-10-16,segunda-feira,05:20:00,SC,101,"49,5",JOINVILLE,Manobra de mudança de faixa,Colisão lateral mesmo sentido,Com Vítimas Feridas,Amanhecer,Crescente,Nublado,Dupla,Reta,Sim,2,0,1,0,1,0,1,2,-26.36479799,-48.85878798,SPRF-SC,DEL03-SC,UOP01-DEL03-SC,2023
"561679,0",2023-11-16,quinta-feira,16:00:00,SC,101,"142,0",BALNEARIO CAMBORIU,Transitar no Acostamento,Colisão traseira,Sem Vítimas,Pleno dia,Decrescente,Garoa/Chuvisco,Dupla,Curva,Não,2,0,0,0,2,0,0,2,-27.04761729,-48.59995855,SPRF-SC,DEL04-SC,UOP03-DEL04-SC,2023
"561795,0",2023-11-17,sexta-feira,09:15:00,SC,280,"28,0",ARAQUARI,Reação tardia ou ineficiente do condutor,Colisão traseira,Com Vítimas Feridas,Pleno dia,Crescente,Garoa/Chuvisco,Simples,Em Obras;Reta,Sim,4,0,1,0,2,1,1,4,-26.40450077,-48.74561031,SPRF-SC,DEL03-SC,UOP03-DEL03-SC,2023
"561822,0",2023-11-17,sexta-feira,10:40:00,SC,101,"135,7",BALNEARIO CAMBORIU,Reação tardia ou ineficiente do condutor,Colisão traseira,Com Vítimas Feridas,Pleno dia,Decrescente,Nublado,Múltipla,Reta;Ponte,Sim,3,0,2,0,1,0,2,2,-27.0050108,-48.62677494,SPRF-SC,DEL04-SC,UOP03-DEL04-SC,2023
"561824,0",2023-11-17,sexta-feira,08:25:00,SC,163,"117,3",DIONISIO CERQUEIRA,Ausência de reação do condutor,Saída de leito carroçável,Com Vítimas Feridas,Pleno dia,Crescente,Chuva,Simples,Curva;Declive,Não,2,0,1,0,0,1,1,2,-26.35440989,-53.54347981,SPRF-SC,DEL07-SC,UOP03-DEL07-SC,2023
"561825,0",2023-11-17,sexta-feira,11:32:00,SC,101,"104,0",BALNEARIO PICARRAS,Conversão proibida,Colisão lateral mesmo sentido,Com Vítimas Feridas,Pleno dia,Decrescente,Nublado,Dupla,Interseção de Vias,Não,2,0,0,1,1,0,1,2,-26.79281742,-48.68080819,SPRF-SC,DEL03-SC,UOP02-DEL03-SC,2023
"561831,0",2023-11-17,sexta-feira,11:05:00,SC,116,"217,5",CORREIA PINTO,Acessar a via sem observar a presença dos outros veículos,Colisão transversal,Com Vítimas Feridas,Pleno dia,Decrescente,Chuva,Simples,Reta,Não,3,0,0,1,1,1,1,3,-27.56476218,-50.374825,SPRF-SC,DEL05-SC,UOP03-DEL05-SC,2023
"561855,0",2023-11-17,sexta-feira,13:10:00,SC,282,"73,5",RANCHO QUEIMADO,Ultrapassagem Indevida,Colisão frontal,Com Vítimas Feridas,Pleno dia,Crescente,Nevoeiro/Neblina,Simples,Reta,Não,6,0,1,3,0,2,4,4,-27.681437,-49.113388,SPRF-SC,DEL01-SC,UOP03-DEL01-SC,2023
"561908,0",2023-11-11,sábado,16:00:00,SC,101,"339,8",TUBARAO,Pista Escorregadia,Colisão lateral mesmo sentido,Com Vítimas Feridas,Pleno dia,Crescente,Chuva,Dupla,Reta;Declive,Sim,3,0,1,0,1,1,1,3,-28.497241,-49.044613,SPRF-SC,DEL02-SC,UOP01-DEL02-SC,2023
"561914,0",2023-11-17,sexta-feira,20:20:00,SC,101,"183,0",BIGUACU,Ausência de reação do condutor,Colisão com objeto,Com Vítimas Feridas,Plena Noite,Crescente,Garoa/Chuvisco,Dupla,Reta,Não,3,0,1,0,0,2,1,3,-27.40688892,-48.6285296,SPRF-SC,DEL01-SC,UOP01-DEL01-SC,2023
"562100,0",2023-11-18,sábado,16:40:00,SC,116,"210,8",PONTE ALTA,Ausência de reação do condutor,Colisão traseira,Com Vítimas Feridas,Pleno dia,Crescente,Nublado,Simples,Curva,Não,2,0,1,0,0,1,1,2,-27.50285695,-50.36575969,SPRF-SC,DEL05-SC,UOP03-DEL05-SC,2023
"562241,0",2023-11-19,domingo,09:55:00,SC,282,"123,5",CHAPECO,Ausência de reação do condutor,Colisão com objeto,Com Vítimas Feridas,Pleno dia,Crescente,Céu Claro,Múltipla,Curva;Declive;Viaduto,Não,2,0,1,0,0,1,1,2,-26.99971972,-52.64629126,SPRF-SC,DEL05-SC,UOP01-DEL05-SC,2023
"562289,0",2023-11-19,domingo,12:45:00,SC,470,"193,9",POUSO REDONDO,Reação tardia ou ineficiente do condutor,Tombamento,Com Vítimas Feridas,Pleno dia,Decrescente,Céu Claro,Simples,Declive;Curva,Não,2,0,1,0,0,1,1,2,-27.300575,-50.075451,SPRF-SC,DEL04-SC,UOP02-DEL04-SC,2023
"562355,0",2023-11-19,domingo,20:10:00,SC,101,"381,9",ICARA,Acessar a via sem observar a presença dos outros veículos,Colisão transversal,Sem Vítimas,Plena Noite,Decrescente,Céu Claro,Múltipla,Reta;Interseção de Vias,Não,3,0,0,0,2,1,0,3,-28.76841148,-49.30158734,SPRF-SC,DEL02-SC,UOP02-DEL02-SC,2023
"562373,0",2023-11-19,domingo,21:45:00,SC,282,"17,0",PALHOCA,Ingestão de álcool pelo condutor,Colisão com objeto,Sem Vítimas,Plena Noite,Decrescente,Céu Claro,Simples,Reta,Não,2,0,0,0,2,0,0,2,-27.665707,-48.688065,SPRF-SC,DEL01-SC,UOP02-DEL01-SC,2023
"562450,0",2023-11-20,segunda-feira,06:00:00,SC,101,"227,6",PALHOCA,Pedestre andava na pista,Atropelamento de Pedestre,Com Vítimas Fatais,Amanhecer,Decrescente,Céu Claro,Múltipla,Reta;Viaduto;Aclive,Não,5,1,0,0,1,4,0,4,-27.756367,-48.6320514,SPRF-SC,DEL01-SC,UOP02-DEL01-SC,2023
"562503,0",2023-11-20,segunda-feira,11:15:00,SC,470,"139,9",RIO DO SUL,Acesso irregular,Colisão transversal,Com Vítimas Feridas,Pleno dia,Decrescente,Céu Claro,Simples,Rotatória,Sim,2,0,1,0,1,0,1,2,-27.202336,-49.633675,SPRF-SC,DEL04-SC,UOP02-DEL04-SC,2023
"562515,0",2023-11-20,segunda-feira,14:30:00,SC,101,"215,6",PALHOCA,Reação tardia ou ineficiente do condutor,Colisão lateral mesmo sentido,Sem Vítimas,Pleno dia,Decrescente,Céu Claro,Dupla,Reta,Não,2,0,0,0,2,0,0,2,-27.65184843,-48.67604941,SPRF-SC,DEL01-SC,UOP02-DEL01-SC,2023
"562564,0",2023-09-01,sexta-feira,19:30:00,SC,116,"43,7",ITAIOPOLIS,Ultrapassagem Indevida,Colisão lateral sentido oposto,Com Vítimas Feridas,Plena Noite,Crescente,Céu Claro,Simples,Curva,Não,3,0,1,0,1,1,1,3,-26.33676966,-50.08224597,SPRF-SC,DEL06-SC,UOP01-DEL06-SC,2023
"562642,0",2023-11-21,terça-feira,01:00:00,SC,116,"101,0",MONTE CASTELO,Ausência de reação do condutor,Saída de leito carroçável,Com Vítimas Feridas,Plena Noite,Decrescente,Nublado,Simples,Reta;Declive,Não,1,0,1,0,0,0,1,1,-26.7436798,-50.32819748,SPRF-SC,DEL06-SC,UOP02-DEL06-SC,2023
"562723,0",2023-11-05,domingo,06:50:00,SC,282,"618,0",IRACEMINHA,Desrespeitar a preferência no cruzamento,Colisão frontal,Sem Vítimas,Pleno dia,Decrescente,Céu Claro,Simples,Reta,Não,2,0,0,0,1,1,0,2,-26.788088,-53.293259,SPRF-SC,DEL07-SC,UOP02-DEL07-SC,2023
"562729,0",2023-11-21,terça-feira,15:50:00,SC,280,"29,4",ARAQUARI,Transitar na contramão,Colisão lateral mesmo sentido,Sem Vítimas,Pleno dia,Decrescente,Céu Claro,Simples,Reta,Não,2,0,0,0,2,0,0,2,-26.41066264,-48.75295628,SPRF-SC,DEL03-SC,UOP03-DEL03-SC,2023
"562747,0",2023-11-21,terça-feira,15:25:00,SC,153,"97,5",CONCORDIA,Acessar a via sem observar a presença dos outros veículos,Colisão transversal,Com Vítimas Feridas,Pleno dia,Decrescente,Céu Claro,Simples,Curva;Rotatória,Sim,2,0,1,0,1,0,1,2,-27.22954254,-51.95277929,SPRF-SC,DEL07-SC,UOP04-DEL07-SC,2023
"562773,0",2023-11-21,terça-feira,18:05:00,SC,280,"128,0",RIO NEGRINHO,Acessar a via sem observar a presença dos outros veículos,Colisão lateral mesmo sentido,Sem Vítimas,Pleno dia,Crescente,Céu Claro,Simples,Aclive;Reta,Sim,3,0,0,0,2,1,0,3,-26.24296304,-49.51259136,SPRF-SC,DEL06-SC,UOP03-DEL06-SC,2023
"562813,0",2023-11-22,quarta-feira,00:05:00,SC,101,"17,7",JOINVILLE,Ausência de reação do condutor,Colisão lateral mesmo sentido,Com Vítimas Feridas,Plena Noite,Crescente,Nublado,Dupla,Reta,Não,2,0,1,0,1,0,1,2,-26.12141519,-48.88262078,SPRF-SC,DEL03-SC,UOP01-DEL03-SC,2023
"562869,0",2023-11-22,quarta-feira,10:35:00,SC,116,"3,5",MAFRA,Condutor deixou de manter distância do veículo da frente,Colisão traseira,Com Vítimas Feridas,Pleno dia,Crescente,Céu Claro,Simples,Reta;Aclive,Sim,3,0,1,0,1,1,1,3,-26.13073161,-49.79922442,SPRF-SC,DEL06-SC,UOP01-DEL06-SC,2023
"562901,0",2023-11-22,quarta-feira,15:40:00,SC,101,"157,0",PORTO BELO,Velocidade Incompatível,Colisão transversal,Com Vítimas Feridas,Pleno dia,Crescente,Chuva,Dupla,Reta,Sim,4,0,1,0,2,2,1,4,-27.181625,-48.6121179,SPRF-SC,DEL04-SC,UOP03-DEL04-SC,2023
"562902,0",2023-11-22,quarta-feira,13:50:00,SC,282,"319,2",VARGEM,Avarias e/ou desgaste excessivo no pneu,Tombamento,Sem Vítimas,Pleno dia,Crescente,Chuva,Simples,Reta,Não,4,0,0,0,3,1,0,3,-27.423697,-51.03046,SPRF-SC,DEL07-SC,UOP06-DEL07-SC,2023
"562913,0",2023-11-22,quarta-feira,14:50:00,SC,280,"154,1",MAFRA,Reação tardia ou ineficiente do condutor,Saída de leito carroçável,Com Vítimas Feridas,Pleno dia,Crescente,Nublado,Simples,Reta,Não,2,0,1,0,0,1,1,2,-26.21362587,-49.7181449,SPRF-SC,DEL06-SC,UOP03-DEL06-SC,2023
"562980,0",2023-11-22,quarta-feira,21:30:00,SC,153,"52,2",VARGEM BONITA,Reação tardia ou ineficiente do condutor,Saída de leito carroçável,Com Vítimas Feridas,Plena Noite,Decrescente,Céu Claro,Simples,Reta,Não,2,0,1,0,0,1,1,2,-26.920887,-51.808014,SPRF-SC,DEL07-SC,UOP07-DEL07-SC,2023
"563006,0",2023-11-23,quinta-feira,03:15:00,SC,282,"381,5",HERVAL DOESTE,Ausência de reação do condutor,Colisão traseira,Com Vítimas Feridas,Plena Noite,Crescente,Nevoeiro/Neblina,Simples,Reta;Declive,Não,14,0,11,1,1,1,12,3,-27.204979,-51.501442,SPRF-SC,DEL07-SC,UOP05-DEL07-SC,2023
"563073,0",2023-11-22,quarta-feira,02:00:00,SC,116,"116,0",SANTA CECILIA,Ausência de reação do condutor,Colisão lateral mesmo sentido,Sem Vítimas,Plena Noite,Crescente,Nublado,Múltipla,Reta,Não,3,0,0,0,1,2,0,3,-26.80986906,-50.34540393,SPRF-SC,DEL06-SC,UOP02-DEL06-SC,2023
"563113,0",2023-11-23,quinta-feira,16:45:00,SC,101,"27,0",JOINVILLE,Reação tardia ou ineficiente do condutor,Colisão com objeto,Com Vítimas Feridas,Pleno dia,Decrescente,Chuva,Dupla,Reta,Sim,1,0,1,0,0,0,1,1,-26.20130351,-48.91331794,SPRF-SC,DEL03-SC,UOP01-DEL03-SC,2023
"563148,0",2023-11-23,quinta-feira,10:20:00,SC,153,"15,0",AGUA DOCE,Ausência de reação do condutor,Colisão traseira,Com Vítimas Feridas,Pleno dia,Crescente,Céu Claro,Simples,Interseção de Vias,Não,3,0,1,0,0,2,1,3,-26.698789,-51.574735,SPRF-SC,DEL07-SC,UOP07-DEL07-SC,2023
"563252,0",2023-11-06,segunda-feira,18:00:00,SC,470,"3,0",NAVEGANTES,Reação tardia ou ineficiente do condutor,Tombamento,Com Vítimas Feridas,Pleno dia,Decrescente,Céu Claro,Dupla,Em Obras,Sim,3,0,1,0,2,0,1,2,-26.861937,-48.681618,SPRF-SC,DEL04-SC,UOP04-DEL04-SC,2023
"563278,0",2023-11-24,sexta-feira,11:00:00,SC,282,"520,0",XAXIM,Manobra de mudança de faixa,Colisão lateral mesmo sentido,Com Vítimas Feridas,Pleno dia,Decrescente,Céu Claro,Simples,Curva,Não,6,0,2,0,4,0,2,2,-26.950415,-52.526096,SPRF-SC,DEL07-SC,UOP01-DEL07-SC,2023
"563301,0",2023-11-24,sexta-feira,16:20:00,SC,280,"52,2",GUARAMIRIM,Ausência de reação do condutor,Colisão lateral mesmo sentido,Sem Vítimas,Pleno dia,Crescente,Céu Claro,Dupla,Interseção de Vias,Sim,2,0,0,0,2,0,0,2,-26.468904,-48.96492,SPRF-SC,DEL03-SC,UOP03-DEL03-SC,2023
"563371,0",2023-11-24,sexta-feira,22:00:00,SC,101,"141,0",BALNEARIO CAMBORIU,Ultrapassagem Indevida,Colisão lateral mesmo sentido,Com Vítimas Feridas,Plena Noite,Crescente,Nublado,Dupla,Reta,Sim,4,0,2,0,1,1,2,3,-27.04761729,-48.59995855,SPRF-SC,DEL04-SC,UOP03-DEL04-SC,2023
"563387,0",2023-11-24,sexta-feira,23:50:00,SC,101,"106,1",PENHA,Reação tardia ou ineficiente do condutor,Colisão traseira,Com Vítimas Feridas,Plena Noite,Decrescente,Nublado,Dupla,Reta;Aclive,Não,3,0,1,0,1,2,1,4,-26.81242774,-48.68325233,SPRF-SC,DEL03-SC,UOP02-DEL03-SC,2023
"563396,0",2023-11-25,sábado,01:10:00,SC,470,"172,0",POUSO REDONDO,Ingestão de álcool pelo condutor,Colisão transversal,Com Vítimas Feridas,Plena Noite,Crescente,Céu Claro,Múltipla,Reta,Não,3,0,0,1,1,1,1,3,-27.257526,-49.909592,SPRF-SC,DEL04-SC,UOP02-DEL04-SC,2023
"563421,0",2023-11-24,sexta-feira,21:00:00,SC,101,"247,0",PAULO LOPES,Manobra de mudança de faixa,Colisão transversal,Com Vítimas Feridas,Plena Noite,Decrescente,Céu Claro,Dupla,Reta,Não,3,0,2,0,1,0,2,2,-27.91824491,-48.65414317,SPRF-SC,DEL02-SC,UOP03-DEL02-SC,2023
"563459,0",2023-11-25,sábado,04:00:00,SC,280,"24,1",ARAQUARI,Ingestão de álcool pelo condutor,Colisão frontal,Com Vítimas Feridas,Plena Noite,Decrescente,Nublado,Simples,Reta;Em Obras,Sim,3,0,2,0,0,1,2,3,-26.37724921,-48.71953282,SPRF-SC,DEL03-SC,UOP03-DEL03-SC,2023
"563476,0",2023-11-25,sábado,09:10:00,SC,470,"177,0",POUSO REDONDO,Desrespeitar a preferência no cruzamento,Colisão transversal,Com Vítimas Feridas,Pleno dia,Decrescente,Sol,Simples,Aclive;Interseção de Vias,Sim,2,0,0,1,1,0,1,2,-27.251858,-49.958,SPRF-SC,DEL04-SC,UOP02-DEL04-SC,2023
"563490,0",2023-11-25,sábado,10:50:00,SC,101,"36,0",JOINVILLE,Reação tardia ou ineficiente do condutor,Colisão traseira,Com Vítimas Feridas,Pleno dia,Crescente,Nublado,Dupla,Curva,Não,3,0,1,0,2,0,1,3,-26.24573198,-48.9101069,SPRF-SC,DEL03-SC,UOP01-DEL03-SC,2023
"563797,0",2023-11-26,domingo,18:20:00,SC,153,"85,2",CONCORDIA,Conversão proibida,Colisão transversal,Sem Vítimas,Pleno dia,Crescente,Céu Claro,Simples,Aclive;Reta,Não,3,0,0,0,2,2,0,4,-27.142017,-51.913219,SPRF-SC,DEL07-SC,UOP04-DEL07-SC,2023
"563800,0",2023-11-26,domingo,19:30:00,SC,101,"51,7",JOINVILLE,Condutor deixou de manter distância do veículo da frente,Colisão traseira,Sem Vítimas,Plena Noite,Decrescente,Nublado,Dupla,Reta,Não,3,0,0,0,2,1,0,3,-26.38506771,-48.84917582,SPRF-SC,DEL03-SC,UOP01-DEL03-SC,2023
"563801,0",2023-11-26,domingo,20:30:00,SC,470,"45,0",GASPAR,Acessar a via sem observar a presença dos outros veículos,Colisão transversal,Com Vítimas Feridas,Plena Noite,Crescente,Nublado,Simples,Reta;Em Obras,Não,3,0,1,0,2,0,1,2,-26.867064,-49.031109,SPRF-SC,DEL04-SC,UOP01-DEL04-SC,2023
"563824,0",2023-11-26,domingo,20:10:00,SC,280,"235,5",CANOINHAS,Reação tardia ou ineficiente do condutor,Colisão traseira,Sem Vítimas,Plena Noite,Decrescente,Nublado,Simples,Rotatória,Sim,3,0,0,0,2,2,0,4,-26.19206283,-50.41295701,SPRF-SC,DEL06-SC,UOP04-DEL06-SC,2023
"563847,0",2023-11-26,domingo,19:30:00,SC,116,"50,6",PAPANDUVA,Transitar na contramão,Colisão frontal,Com Vítimas Fatais,Plena Noite,Crescente,Céu Claro,Simples,Reta;Interseção de Vias,Não,4,1,0,1,2,0,1,2,-26.38164352,-50.13464928,SPRF-SC,DEL06-SC,UOP01-DEL06-SC,2023
"563856,0",2023-11-26,domingo,21:00:00,SC,101,"161,0",TIJUCAS,Ausência de reação do condutor,Colisão traseira,Com Vítimas Feridas,Plena Noite,Decrescente,Ignorado,Dupla,Reta,Sim,3,0,1,0,1,1,1,3,-27.21673911,-48.6244238,SPRF-SC,DEL04-SC,UOP03-DEL04-SC,2023
"563872,0",2023-11-27,segunda-feira,06:45:00,SC,101,"202,9",SAO JOSE,Condutor deixou de manter distância do veículo da frente,Colisão lateral mesmo sentido,Com Vítimas Feridas,Pleno dia,Crescente,Nublado,Dupla,Reta;Aclive,Sim,3,0,1,0,2,0,1,3,-27.55711595,-48.61897889,SPRF-SC,DEL01-SC,UOP01-DEL01-SC,2023
"563913,0",2023-11-27,segunda-feira,10:10:00,SC,101,"198,0",BIGUACU,Reação tardia ou ineficiente do condutor,Colisão traseira,Sem Vítimas,Pleno dia,Crescente,Garoa/Chuvisco,Dupla,Reta,Sim,3,0,0,0,3,0,0,2,-27.52658712,-48.63506019,SPRF-SC,DEL01-SC,UOP01-DEL01-SC,2023
"563948,0",2023-11-27,segunda-feira,12:50:00,SC,282,"400,9",JOACABA,Ausência de reação do condutor,Saída de leito carroçável,Sem Vítimas,Pleno dia,Crescente,Chuva,Simples,Curva,Não,1,0,0,0,1,0,0,1,-27.132223,-51.627563,SPRF-SC,DEL07-SC,UOP05-DEL07-SC,2023
"563978,0",2023-11-27,segunda-feira,16:30:00,SC,470,"134,6",RIO DO SUL,Ausência de reação do condutor,Colisão traseira,Com Vítimas Feridas,Pleno dia,Crescente,Chuva,Simples,Reta,Sim,5,0,4,0,1,0,4,2,-27.181854,-49.600128,SPRF-SC,DEL04-SC,UOP02-DEL04-SC,2023
"563999,0",2023-11-27,segunda-feira,16:45:00,SC,282,"440,0",VARGEM BONITA,Ausência de reação do condutor,Saída de leito carroçável,Sem Vítimas,Pleno dia,Decrescente,Chuva,Dupla,Reta;Aclive,Não,2,0,0,0,1,1,0,2,-26.937757,-51.868366,SPRF-SC,DEL07-SC,UOP04-DEL07-SC,2023
"564013,0",2023-11-27,segunda-feira,14:40:00,SC,280,"154,2",MAFRA,Chuva,Colisão lateral sentido oposto,Com Vítimas Fatais,Pleno dia,Crescente,Chuva,Simples,Curva;Declive,Não,5,1,1,0,1,2,1,4,-26.21362587,-49.7181449,SPRF-SC,DEL06-SC,UOP03-DEL06-SC,2023
"564036,0",2023-11-19,domingo,23:45:00,SC,101,"188,7",BIGUACU,Ultrapassagem Indevida,Tombamento,Com Vítimas Feridas,Plena Noite,Decrescente,Nublado,Dupla,Reta,Não,2,0,1,0,0,1,1,2,-27.45123421,-48.63370766,SPRF-SC,DEL01-SC,UOP01-DEL01-SC,2023
"564078,0",2023-10-23,segunda-feira,08:56:00,SC,101,"216,5",PALHOCA,Acessar a via sem observar a presença dos outros veículos,Colisão transversal,Com Vítimas Feridas,Pleno dia,Crescente,Céu Claro,Dupla,Reta;Viaduto;Interseção de Vias,Sim,2,0,1,0,1,0,1,2,-27.65981409,-48.67747798,SPRF-SC,DEL01-SC,UOP02-DEL01-SC,2023
"564105,0",2023-11-28,terça-feira,10:50:00,SC,470,"38,9",GASPAR,Reação tardia ou ineficiente do condutor,Colisão com objeto,Com Vítimas Feridas,Pleno dia,Decrescente,Chuva,Dupla,Reta,Não,2,0,1,0,0,1,1,2,-26.89753026,-48.98668528,SPRF-SC,DEL04-SC,UOP01-DEL04-SC,2023
"564127,0",2023-11-28,terça-feira,10:20:00,SC,470,"157,8",TROMBUDO CENTRAL,Velocidade Incompatível,Colisão frontal,Com Vítimas Feridas,Pleno dia,Decrescente,Chuva,Simples,Curva,Não,9,0,3,0,5,1,3,6,-27.28712938,-49.77836609,SPRF-SC,DEL04-SC,UOP02-DEL04-SC,2023
"564129,0",2023-11-28,terça-feira,13:30:00,SC,101,"235,0",PALHOCA,Condutor deixou de manter distância do veículo da frente,Engavetamento,Com Vítimas Feridas,Pleno dia,Decrescente,Chuva,Dupla,Aclive,Não,7,0,2,0,4,1,2,4,-27.8177775,-48.6315025,SPRF-SC,DEL01-SC,UOP02-DEL01-SC,2023
"564177,0",2023-11-28,terça-feira,15:55:00,SC,480,"126,7",CHAPECO,Chuva,Colisão traseira,Sem Vítimas,Pleno dia,Decrescente,Chuva,Dupla,Reta;Declive,Sim,3,0,0,0,2,1,0,3,-27.02011782,-52.63608813,SPRF-SC,DEL07-SC,UOP01-DEL07-SC,2023
"564198,0",2023-11-28,terça-feira,15:30:00,SC,280,"241,0",CANOINHAS,Reação tardia ou ineficiente do condutor,Colisão traseira,Com Vítimas Feridas,Pleno dia,Crescente,Garoa/Chuvisco,Simples,Reta,Não,4,0,1,0,2,1,1,3,-26.22501599,-50.45997601,SPRF-SC,DEL06-SC,UOP04-DEL06-SC,2023
"564213,0",2023-11-28,terça-feira,21:15:00,SC,101,"337,0",TUBARAO,Ausência de reação do condutor,Colisão lateral mesmo sentido,Com Vítimas Feridas,Plena Noite,Crescente,Chuva,Dupla,Reta,Não,2,0,1,0,0,1,1,2,-28.47801624,-49.03246283,SPRF-SC,DEL02-SC,UOP01-DEL02-SC,2023
"564220,0",2023-11-28,terça-feira,20:15:00,SC,101,"55,0",JOINVILLE,Manobra de mudança de faixa,Colisão frontal,Sem Vítimas,Plena Noite,Decrescente,Garoa/Chuvisco,Dupla,Reta,Sim,3,0,0,0,2,1,0,3,-26.42280898,-48.82977496,SPRF-SC,DEL03-SC,UOP01-DEL03-SC,2023
"564221,0",2023-11-28,terça-feira,13:00:00,SC,153,"39,0",PONTE SERRADA,Transitar na contramão,Colisão frontal,Com Vítimas Fatais,Pleno dia,Decrescente,Chuva,Simples,Reta;Ponte,Não,4,1,1,0,1,6,1,9,-26.84151395,-51.74739718,SPRF-SC,DEL07-SC,UOP07-DEL07-SC,2023
"564238,0",2023-11-28,terça-feira,22:50:00,SC,101,"258,0",PAULO LOPES,Ausência de reação do condutor,Colisão traseira,Com Vítimas Feridas,Plena Noite,Crescente,Céu Claro,Dupla,Reta;Declive,Não,3,0,0,1,1,2,1,4,-28.00395027,-48.69432449,SPRF-SC,DEL02-SC,UOP03-DEL02-SC,2023
"564241,0",2023-11-29,quarta-feira,01:30:00,SC,282,"476,0",VARGEAO,Velocidade Incompatível,Saída de leito carroçável,Com Vítimas Feridas,Plena Noite,Crescente,Nevoeiro/Neblina,Simples,Rotatória,Sim,2,0,0,1,0,1,1,2,-26.882666,-52.169231,SPRF-SC,DEL07-SC,UOP01-DEL07-SC,2023
"564267,0",2023-11-29,quarta-feira,05:35:00,SC,153,"58,7",IRANI,Desrespeitar a preferência no cruzamento,Colisão transversal,Com Vítimas Feridas,Pleno dia,Crescente,Céu Claro,Simples,Interseção de Vias,Não,3,0,0,1,1,1,1,3,-26.964373,-51.841362,SPRF-SC,DEL07-SC,UOP04-DEL07-SC,2023
"564270,0",2023-11-29,quarta-feira,08:00:00,SC,101,"332,0",TUBARAO,Pista Escorregadia,Colisão lateral mesmo sentido,Com Vítimas Feridas,Pleno dia,Decrescente,Garoa/Chuvisco,Múltipla,Reta,Sim,4,0,2,0,1,1,2,3,-28.467709,-49.003025,SPRF-SC,DEL02-SC,UOP01-DEL02-SC,2023
"564299,0",2023-11-29,quarta-feira,11:10:00,SC,101,"86,3",BARRA VELHA,Desrespeitar a preferência no cruzamento,Colisão transversal,Com Vítimas Feridas,Plena Noite,Decrescente,Céu Claro,Dupla,Viaduto;Interseção de Vias,Sim,2,0,0,1,1,0,1,2,-26.63277317,-48.70232513,SPRF-SC,DEL03-SC,UOP02-DEL03-SC,2023
"564322,0",2023-11-29,quarta-feira,14:25:00,SC,101,"203,0",SAO JOSE,Reação tardia ou ineficiente do condutor,Colisão lateral mesmo sentido,Com Vítimas Feridas,Pleno dia,Crescente,Céu Claro,Dupla,Reta,Sim,3,0,0,1,2,0,1,3,-27.5650044,-48.61460082,SPRF-SC,DEL01-SC,UOP01-DEL01-SC,2023
"564413,0",2023-11-29,quarta-feira,22:25:00,SC,116,"105,5",MONTE CASTELO,Problema com o freio,Tombamento,Com Vítimas Feridas,Plena Noite,Decrescente,Céu Claro,Simples,Declive;Curva,Não,2,0,2,0,0,0,2,1,-26.75095005,-50.31749478,SPRF-SC,DEL06-SC,UOP02-DEL06-SC,2023
"564420,0",2023-11-29,quarta-feira,19:25:00,SC,282,"262,5",SAO JOSE DO CERRITO,Ausência de reação do condutor,Colisão frontal,Com Vítimas Fatais,Plena Noite,Decrescente,Céu Claro,Simples,Reta;Em Obras,Não,4,1,1,1,0,1,2,3,-27.63183218,-50.61341286,SPRF-SC,DEL05-SC,UOP02-DEL05-SC,2023
"564535,0",2023-11-30,quinta-feira,16:30:00,SC,101,"400,3",MARACAJA,Acessar a via sem observar a presença dos outros veículos,Colisão transversal,Sem Vítimas,Pleno dia,Decrescente,Nublado,Simples,Viaduto;Interseção de Vias,Sim,3,0,0,0,2,1,0,3,-28.84846615,-49.4346268,SPRF-SC,DEL02-SC,UOP02-DEL02-SC,2023
"564542,0",2023-11-24,sexta-feira,10:00:00,SC,282,"538,0",CHAPECO,Conversão proibida,Queda de ocupante de veículo,Com Vítimas Feridas,Pleno dia,Crescente,Céu Claro,Simples,Curva,Não,2,0,1,0,1,0,1,2,-26.998323,-52.673199,SPRF-SC,DEL07-SC,UOP01-DEL07-SC,2023
"564548,0",2023-11-30,quinta-feira,17:35:00,SC,470,"86,0",RODEIO,Acessar a via sem observar a presença dos outros veículos,Colisão lateral mesmo sentido,Com Vítimas Feridas,Pleno dia,Crescente,Céu Claro,Simples,Reta;Interseção de Vias,Não,2,0,1,0,1,0,1,2,-26.949951,-49.357296,SPRF-SC,DEL04-SC,UOP01-DEL04-SC,2023
"564549,0",2023-11-30,quinta-feira,12:00:00,SC,101,"153,0",PORTO BELO,Velocidade Incompatível,Colisão com objeto,Com Vítimas Feridas,Pleno dia,Crescente,Sol,Dupla,Reta,Sim,2,0,2,0,0,0,2,1,-27.144717,-48.61063935,SPRF-SC,DEL04-SC,UOP03-DEL04-SC,2023
"564587,0",2023-11-30,quinta-feira,21:02:00,SC,101,"92,9",BARRA VELHA,Reação tardia ou ineficiente do condutor,Colisão traseira,Com Vítimas Fatais,Plena Noite,Decrescente,Nublado,Dupla,Reta,Não,8,1,2,0,4,4,2,10,-26.694883,-48.698282,SPRF-SC,DEL03-SC,UOP02-DEL03-SC,2023