id,data_inversa,dia_semana,horario,uf,br,km,municipio,causa_acidente,tipo_acidente,classificacao_acidente,fase_dia,sentido_via,condicao_metereologica,tipo_pista,tracado_via,uso_solo,pessoas,mortos,feridos_leves,feridos_graves,ilesos,ignorados,feridos,veiculos,latitude,longitude,regional,delegacia,uop,ano_arquivo
"564607,0",2023-11-30,quinta-feira,23:30:00,SC,101,"155,0",PORTO BELO,Ausência de reação do condutor,Colisão traseira,Com Vítimas Feridas,Plena Noite,Crescente,Ignorado,Dupla,Reta,Sim,2,0,0,1,1,0,1,2,-27.16292,-48.61129,SPRF-SC,DEL04-SC,UOP03-DEL04-SC,2023
"564622,0",2023-12-01,sexta-feira,03:30:00,SC,101,"446,0",SANTA ROSA DO SUL,Condutor Dormindo,Saída de leito carroçável,Com Vítimas Feridas,Plena Noite,Crescente,Céu Claro,Múltipla,Reta,Não,2,0,1,0,0,2,1,3,-29.151572,-49.727114,SPRF-SC,DEL02-SC,UOP02-DEL02-SC,2023
"564632,0",2023-11-30,quinta-feira,17:20:00,SC,163,"76,6",SAO MIGUEL DO OESTE,Pista esburacada,Colisão transversal,Com Vítimas Feridas,Pleno dia,Decrescente,Céu Claro,Simples,Declive;Curva,Sim,6,0,4,1,0,1,5,4,-26.68478399,-53.51451486,SPRF-SC,DEL07-SC,UOP03-DEL07-SC,2023
"564639,0",2023-12-01,sexta-feira,05:30:00,SC,282,"6,0",SAO JOSE,Ausência de reação do condutor,Colisão com objeto,Sem Vítimas,Amanhecer,Decrescente,Céu Claro,Dupla,Curva,Sim,2,0,0,0,2,0,0,2,-27.591936,-48.618244,SPRF-SC,DEL01-SC,UOP01-DEL01-SC,2023
"564733,0",2023-12-01,sexta-feira,15:00:00,SC,101,"55,0",JOINVILLE,Manobra de mudança de faixa,Colisão lateral mesmo sentido,Com Vítimas Feridas,Pleno dia,Crescente,Nublado,Dupla,Curva,Não,3,0,1,0,1,2,1,4,-26.42280898,-48.82977496,SPRF-SC,DEL03-SC,UOP01-DEL03-SC,2023
"564783,0",2023-12-01,sexta-feira,16:45:00,SC,282,"530,5",CORDILHEIRA ALTA,Transitar na contramão,Colisão lateral sentido oposto,Com Vítimas Fatais,Pleno dia,Decrescente,Sol,Simples,Curva;Aclive,Não,4,1,0,0,2,1,0,4,-26.98657561,-52.60963928,SPRF-SC,DEL07-SC,UOP01-DEL07-SC,2023
"564811,0",2023-12-01,sexta-feira,19:40:00,SC,470,"73,3",INDAIAL,Ingestão de álcool pelo condutor,Colisão lateral sentido oposto,Sem Vítimas,Plena Noite,Crescente,Céu Claro,Simples,Reta,Sim,3,0,0,0,3,0,0,3,-26.908962,-49.275089,SPRF-SC,DEL04-SC,UOP01-DEL04-SC,2023
"564848,0",2023-12-02,sábado,00:35:00,SC,101,"145,0",ITAPEMA,Reação tardia ou ineficiente do condutor,Colisão traseira,Sem Vítimas,Plena Noite,Decrescente,Nublado,Dupla,Reta;Aclive,Sim,3,0,0,0,2,1,0,3,-27.08139206,-48.60130993,SPRF-SC,DEL04-SC,UOP03-DEL04-SC,2023
"564950,0",2023-12-02,sábado,13:10:00,SC,101,"104,7",PENHA,Reação tardia ou ineficiente do condutor,Colisão traseira,Com Vítimas Feridas,Pleno dia,Crescente,Sol,Múltipla,Declive;Reta,Sim,5,0,1,0,3,1,1,5,-26.80002413,-48.67907697,SPRF-SC,DEL03-SC,UOP02-DEL03-SC,2023
"564960,0",2023-12-02,sábado,14:10:00,SC,470,"38,6",BLUMENAU,Ingestão de álcool pelo condutor,Colisão lateral mesmo sentido,Sem Vítimas,Pleno dia,Crescente,Céu Claro,Dupla,Reta,Não,2,0,0,0,2,0,0,2,-26.904108,-48.980164,SPRF-SC,DEL04-SC,UOP01-DEL04-SC,2023
"564963,0",2023-12-02,sábado,13:45:00,SC,101,"79,5",ARAQUARI,Acessar a via sem observar a presença dos outros veículos,Colisão traseira,Com Vítimas Feridas,Pleno dia,Decrescente,Céu Claro,Dupla,Retorno Regulamentado,Não,3,0,2,0,0,1,2,2,-26.596279,-48.72273445,SPRF-SC,DEL03-SC,UOP02-DEL03-SC,2023
"565015,0",2023-12-02,sábado,16:20:00,SC,101,"103,2",BALNEARIO PICARRAS,Objeto estático sobre o leito carroçável,Colisão traseira,Com Vítimas Fatais,Pleno dia,Crescente,Céu Claro,Múltipla,Reta,Não,3,1,1,0,0,1,1,3,-26.7855022,-48.6825187,SPRF-SC,DEL03-SC,UOP02-DEL03-SC,2023
"565033,0",2023-12-02,sábado,19:00:00,SC,101,"265,5",PAULO LOPES,Ausência de reação do condutor,Colisão traseira,Com Vítimas Feridas,Plena Noite,Decrescente,Céu Claro,Simples,Reta,Sim,27,0,23,1,2,1,24,3,-28.06847808,-48.71463931,SPRF-SC,DEL02-SC,UOP03-DEL02-SC,2023
"565190,0",2023-12-03,domingo,13:30:00,SC,101,"42,0",JOINVILLE,Reação tardia ou ineficiente do condutor,Colisão traseira,Com Vítimas Feridas,Pleno dia,Decrescente,Nublado,Dupla,Aclive;Curva,Não,2,0,1,0,1,0,1,2,-26.29251598,-48.88474385,SPRF-SC,DEL03-SC,UOP01-DEL03-SC,2023
"565350,0",2023-12-04,segunda-feira,03:00:00,SC,282,"443,8",PONTE SERRADA,Condutor Dormindo,Saída de leito carroçável,Com Vítimas Feridas,Plena Noite,Crescente,Chuva,Simples,Reta,Não,2,0,1,0,0,1,1,2,-26.917578,-51.890999,SPRF-SC,DEL07-SC,UOP04-DEL07-SC,2023
"565358,0",2023-12-04,segunda-feira,07:20:00,SC,470,"134,0",RIO DO SUL,Acessar a via sem observar a presença dos outros veículos,Colisão transversal,Com Vítimas Feridas,Pleno dia,Decrescente,Céu Claro,Simples,Reta,Sim,3,0,1,0,1,1,1,3,-27.181854,-49.600128,SPRF-SC,DEL04-SC,UOP02-DEL04-SC,2023
"565378,0",2023-12-01,sexta-feira,01:00:00,SC,101,"87,9",BARRA VELHA,Acessar a via sem observar a presença dos outros veículos,Colisão lateral mesmo sentido,Com Vítimas Feridas,Plena Noite,Crescente,Céu Claro,Dupla,Reta,Não,3,0,1,0,2,0,1,3,-26.63713377,-48.69651057,SPRF-SC,DEL03-SC,UOP02-DEL03-SC,2023
"565392,0",2023-12-01,sexta-feira,06:17:00,SC,282,"263,0",SAO JOSE DO CERRITO,Ausência de reação do condutor,Saída de leito carroçável,Com Vítimas Feridas,Amanhecer,Crescente,Céu Claro,Simples,Curva,Não,3,0,1,0,1,1,1,3,-27.623573,-50.632675,SPRF-SC,DEL05-SC,UOP02-DEL05-SC,2023
"565404,0",2023-12-04,segunda-feira,09:30:00,SC,116,"12,0",MAFRA,Demais falhas mecânicas ou elétricas,Incêndio,Sem Vítimas,Pleno dia,Decrescente,Céu Claro,Simples,Reta,Não,2,0,0,0,2,0,0,1,-26.17877859,-49.86720998,SPRF-SC,DEL06-SC,UOP01-DEL06-SC,2023
"565423,0",2023-12-04,segunda-feira,09:20:00,SC,116,"59,8",PAPANDUVA,Velocidade Incompatível,Tombamento,Com Vítimas Feridas,Pleno dia,Crescente,Sol,Simples,Interseção de Vias,Não,3,0,0,1,1,2,1,4,-26.38172041,-50.21522284,SPRF-SC,DEL06-SC,UOP02-DEL06-SC,2023
"565475,0",2023-12-04,segunda-feira,11:45:00,SC,470,"191,0",SALETE,Velocidade Incompatível,Saída de leito carroçável,Com Vítimas Feridas,Pleno dia,Decrescente,Nublado,Simples,Curva,Não,1,0,0,1,0,0,1,1,-27.0,-50.0,SPRF-SC,DEL04-SC,UOP02-DEL04-SC,2023
"565492,0",2023-12-04,segunda-feira,16:00:00,SC,101,"397,5",MARACAJA,Reação tardia ou ineficiente do condutor,Colisão traseira,Com Vítimas Feridas,Pleno dia,Decrescente,Chuva,Múltipla,Reta,Não,2,0,1,0,0,1,1,2,-28.83036461,-49.41244828,SPRF-SC,DEL02-SC,UOP02-DEL02-SC,2023
"565526,0",2023-12-04,segunda-feira,17:00:00,SC,470,"223,4",SAO CRISTOVAO DO SUL,Velocidade Incompatível,Saída de leito carroçável,Com Vítimas Fatais,Pleno dia,Crescente,Chuva,Simples,Reta;Aclive,Não,3,2,0,0,1,0,0,2,-27.319908,-50.336388,SPRF-SC,DEL05-SC,UOP03-DEL05-SC,2023
"565562,0",2023-12-05,terça-feira,04:40:00,SC,101,"255,5",PAULO LOPES,Demais falhas mecânicas ou elétricas,Tombamento,Com Vítimas Feridas,Amanhecer,Decrescente,Chuva,Simples,Curva;Declive,Não,2,0,1,0,0,1,1,2,-27.98242299,-48.67898469,SPRF-SC,DEL02-SC,UOP03-DEL02-SC,2023
"565604,0",2023-12-05,terça-feira,08:50:00,SC,101,"119,2",ITAJAI,Trafegar com motocicleta (ou similar) entre as faixas,Colisão lateral mesmo sentido,Com Vítimas Fatais,Pleno dia,Crescente,Nublado,Múltipla,Reta,Sim,4,1,0,0,2,1,0,4,-26.9066693,-48.7145374,SPRF-SC,DEL04-SC,UOP04-DEL04-SC,2023
"565648,0",2023-12-05,terça-feira,13:20:00,SC,282,"216,9",LAGES,Desrespeitar a preferência no cruzamento,Colisão transversal,Com Vítimas Feridas,Pleno dia,Decrescente,Nublado,Simples,Rotatória;Viaduto,Sim,5,0,1,0,3,1,1,3,-27.797529,-50.291862,SPRF-SC,DEL05-SC,UOP01-DEL05-SC,2023
"565655,0",2023-12-05,terça-feira,13:00:00,SC,282,"425,0",VARGEM BONITA,Manobra de mudança de faixa,Saída de leito carroçável,Com Vítimas Feridas,Pleno dia,Crescente,Céu Claro,Simples,Curva;Aclive,Não,1,0,1,0,0,0,1,1,-26.983568,-51.754314,SPRF-SC,DEL07-SC,UOP05-DEL07-SC,2023
"565657,0",2023-12-05,terça-feira,14:20:00,SC,470,"41,2",GASPAR,Ausência de reação do condutor,Colisão traseira,Com Vítimas Feridas,Pleno dia,Decrescente,Nublado,Dupla,Em Obras;Reta,Não,6,0,0,1,4,1,1,6,-26.882343,-48.996975,SPRF-SC,DEL04-SC,UOP01-DEL04-SC,2023
"565670,0",2023-12-05,terça-feira,16:15:00,SC,101,"149,0",ITAPEMA,Reação tardia ou ineficiente do condutor,Colisão traseira,Com Vítimas Feridas,Pleno dia,Decrescente,Nublado,Múltipla,Reta,Sim,2,0,1,0,1,0,1,2,-27.1089649,-48.61277586,SPRF-SC,DEL04-SC,UOP03-DEL04-SC,2023
"565727,0",2023-12-05,terça-feira,19:10:00,SC,101,"121,4",ITAJAI,Condutor deixou de manter distância do veículo da frente,Colisão traseira,Com Vítimas Fatais,Plena Noite,Decrescente,Chuva,Múltipla,Reta,Sim,4,1,0,1,1,1,1,3,-26.9244208,-48.7070296,SPRF-SC,DEL04-SC,UOP04-DEL04-SC,2023
"565745,0",2023-12-05,terça-feira,21:10:00,SC,116,"218,6",CORREIA PINTO,Acessar a via sem observar a presença dos outros veículos,Colisão transversal,Com Vítimas Feridas,Plena Noite,Crescente,Nublado,Simples,Reta,Não,3,0,1,0,2,0,1,2,-27.56588448,-50.37463188,SPRF-SC,DEL05-SC,UOP03-DEL05-SC,2023
"565761,0",2023-12-06,quarta-feira,00:50:00,SC,101,"210,5",SAO JOSE,Reação tardia ou ineficiente do condutor,Colisão lateral mesmo sentido,Com Vítimas Feridas,Plena Noite,Crescente,Garoa/Chuvisco,Múltipla,Reta,Não,3,0,1,0,1,1,1,3,-27.6167305,-48.6457265,SPRF-SC,DEL01-SC,UOP01-DEL01-SC,2023
"565774,0",2023-12-06,quarta-feira,04:20:00,SC,101,"43,7",JOINVILLE,Manobra de mudança de faixa,Colisão lateral mesmo sentido,Com Vítimas Feridas,Amanhecer,Decrescente,Chuva,Dupla,Curva;Aclive,Sim,2,0,1,0,1,0,1,2,-26.30357106,-48.88225609,SPRF-SC,DEL03-SC,UOP01-DEL03-SC,2023
"565796,0",2023-12-02,sábado,10:00:00,SC,280,"4,4",SAO FRANCISCO DO SUL,Ingestão de álcool pelo condutor,Colisão traseira,Sem Vítimas,Pleno dia,Crescente,Céu Claro,Simples,Reta,Sim,5,0,0,0,1,6,0,7,-26.25329566,-48.61916042,SPRF-SC,DEL03-SC,UOP03-DEL03-SC,2023
"565912,0",2023-12-06,quarta-feira,16:50:00,SC,101,"199,6",SAO JOSE,Reação tardia ou ineficiente do condutor,Colisão traseira,Com Vítimas Feridas,Pleno dia,Crescente,Céu Claro,Dupla,Reta,Sim,3,0,1,0,2,0,1,2,-27.53413705,-48.63003205,SPRF-SC,DEL01-SC,UOP01-DEL01-SC,2023
"565918,0",2023-12-06,quarta-feira,16:40:00,SC,101,"100,6",BALNEARIO PICARRAS,Frear bruscamente,Colisão traseira,Com Vítimas Feridas,Pleno dia,Decrescente,Nublado,Múltipla,Reta;Declive,Sim,4,0,1,0,2,1,1,3,-26.76209523,-48.68656218,SPRF-SC,DEL03-SC,UOP02-DEL03-SC,2023
"565984,0",2023-12-07,quinta-feira,01:40:00,SC,101,"111,3",ITAJAI,Ingestão de álcool pelo condutor,Colisão com objeto,Sem Vítimas,Plena Noite,Crescente,Nublado,Dupla,Reta;Interseção de Vias,Não,2,0,0,0,2,0,0,2,-26.83955734,-48.71418074,SPRF-SC,DEL04-SC,UOP04-DEL04-SC,2023
"565993,0",2023-12-07,quinta-feira,04:50:00,SC,101,"43,7",JOINVILLE,Curva acentuada,Colisão com objeto,Com Vítimas Feridas,Amanhecer,Crescente,Nublado,Múltipla,Curva;Declive,Sim,3,0,1,0,1,1,1,3,-26.33065302,-48.86238098,SPRF-SC,DEL03-SC,UOP01-DEL03-SC,2023
"566027,0",2023-12-07,quinta-feira,07:00:00,SC,101,"397,5",MARACAJA,Conversão proibida,Colisão transversal,Com Vítimas Feridas,Pleno dia,Crescente,Céu Claro,Simples,Aclive;Reta,Não,3,0,0,1,2,0,1,2,-28.84495561,-49.43240404,SPRF-SC,DEL02-SC,UOP02-DEL02-SC,2023
"566110,0",2023-12-07,quinta-feira,16:00:00,SC,280,"67,0",JARAGUA DO SUL,Objeto estático sobre o leito carroçável,Queda de ocupante de veículo,Com Vítimas Feridas,Pleno dia,Decrescente,Nublado,Simples,Interseção de Vias;Rotatória,Sim,3,0,1,0,1,1,1,3,-26.47833284,-49.1024816,SPRF-SC,DEL03-SC,UOP03-DEL03-SC,2023
"566125,0",2023-12-07,quinta-feira,17:10:00,SC,101,"197,0",BIGUACU,Manobra de mudança de faixa,Colisão lateral mesmo sentido,Sem Vítimas,Pleno dia,Crescente,Chuva,Dupla,Reta,Sim,3,0,0,0,2,1,0,3,-27.51844497,-48.63848496,SPRF-SC,DEL01-SC,UOP01-DEL01-SC,2023
"566194,0",2023-12-07,quinta-feira,21:13:00,SC,282,"40,6",AGUAS MORNAS,Mal súbito do condutor,Colisão frontal,Com Vítimas Feridas,Plena Noite,Decrescente,Nublado,Simples,Reta,Sim,2,0,1,0,1,0,1,2,-27.716148,-48.869583,SPRF-SC,DEL01-SC,UOP03-DEL01-SC,2023
"566240,0",2023-12-08,sexta-feira,06:20:00,SC,282,"21,0",PALHOCA,Mal súbito do condutor,Colisão com objeto,Sem Vítimas,Amanhecer,Decrescente,Nublado,Simples,Reta,Sim,2,0,0,0,1,1,0,2,-27.68907,-48.717541,SPRF-SC,DEL01-SC,UOP02-DEL01-SC,2023
"566242,0",2023-12-08,sexta-feira,06:00:00,SC,101,"5,5",SAO JOSE,Demais falhas mecânicas ou elétricas,Colisão traseira,Com Vítimas Feridas,Pleno dia,Decrescente,Nublado,Simples,Curva;Aclive,Sim,3,0,1,0,2,0,1,2,-27.58528498,-48.61788154,SPRF-SC,DEL03-SC,UOP01-DEL03-SC,2023
"566270,0",2023-12-08,sexta-feira,08:30:00,SC,101,"191,0",BIGUACU,Manobra de mudança de faixa,Colisão lateral mesmo sentido,Com Vítimas Feridas,Pleno dia,Decrescente,Nublado,Dupla,Curva,Não,2,0,1,0,1,0,1,2,-27.47730273,-48.64127329,SPRF-SC,DEL01-SC,UOP01-DEL01-SC,2023
"566326,0",2023-12-08,sexta-feira,07:00:00,SC,282,"286,4",SAO JOSE DO CERRITO,Reação tardia ou ineficiente do condutor,Tombamento,Com Vítimas Fatais,Amanhecer,Decrescente,Nublado,Simples,Curva;Declive,Não,2,2,0,0,0,0,0,2,-27.5691846,-50.8166314,SPRF-SC,DEL05-SC,UOP02-DEL05-SC,2023
"566424,0",2023-12-08,sexta-feira,19:50:00,SC,101,"34,5",JOINVILLE,Manobra de mudança de faixa,Colisão lateral mesmo sentido,Com Vítimas Feridas,Plena Noite,Crescente,Céu Claro,Dupla,Reta;Aclive,Não,5,0,1,0,2,2,1,4,-26.23667403,-48.91486706,SPRF-SC,DEL03-SC,UOP01-DEL03-SC,2023
"566435,0",2023-12-08,sexta-feira,16:25:00,SC,282,"535,2",CHAPECO,Acessar a via sem observar a presença dos outros veículos,Colisão transversal,Com Vítimas Feridas,Pleno dia,Crescente,Céu Claro,Simples,Rotatória;Interseção de Vias,Não,3,0,1,0,1,1,1,3,-26.998245,-52.643768,SPRF-SC,DEL07-SC,UOP01-DEL07-SC,2023
"566492,0",2023-12-09,sábado,04:00:00,SC,470,"3,0",NAVEGANTES,Ingestão de álcool pelo condutor,Colisão lateral mesmo sentido,Sem Vítimas,Amanhecer,Decrescente,Nublado,Dupla,Em Obras;Reta;Desvio Temporário,Sim,2,0,0,0,2,0,0,2,-26.861937,-48.681618,SPRF-SC,DEL04-SC,UOP04-DEL04-SC,2023
"566571,0",2023-12-09,sábado,07:15:00,SC,280,"141,0",RIO NEGRINHO,Transitar na contramão,Colisão lateral sentido oposto,Com Vítimas Feridas,Pleno dia,Crescente,Céu Claro,Simples,Reta,Não,9,0,5,0,2,2,5,4,-26.25591654,-49.62226321,SPRF-SC,DEL06-SC,UOP03-DEL06-SC,2023
"566708,0",2023-12-09,sábado,22:30:00,SC,101,"150,3",ITAPEMA,Reação tardia ou ineficiente do condutor,Colisão lateral mesmo sentido,Com Vítimas Feridas,Plena Noite,Decrescente,Céu Claro,Dupla,Reta,Sim,2,0,1,0,1,0,1,2,-27.11744799,-48.60940987,SPRF-SC,DEL04-SC,UOP03-DEL04-SC,2023
"566776,0",2023-12-10,domingo,05:00:00,SC,116,"142,3",SANTA CECILIA,Transitar na contramão,Colisão frontal,Com Vítimas Feridas,Amanhecer,Decrescente,Nevoeiro/Neblina,Simples,Reta,Sim,3,0,2,0,1,0,2,2,-26.97880161,-50.3961135,SPRF-SC,DEL06-SC,UOP02-DEL06-SC,2023
"566778,0",2023-12-10,domingo,08:50:00,SC,470,"121,0",IBIRAMA,Reação tardia ou ineficiente do condutor,Saída de leito carroçável,Com Vítimas Feridas,Pleno dia,Decrescente,Chuva,Múltipla,Curva,Não,1,0,1,0,0,0,1,1,-27.095861,-49.526859,SPRF-SC,DEL04-SC,UOP02-DEL04-SC,2023
"566794,0",2023-12-10,domingo,10:00:00,SC,282,"502,3",XANXERE,Reação tardia ou ineficiente do condutor,Colisão traseira,Sem Vítimas,Pleno dia,Decrescente,Chuva,Dupla,Reta,Sim,4,0,0,0,3,1,0,3,-26.884584,-52.390911,SPRF-SC,DEL07-SC,UOP01-DEL07-SC,2023
"566912,0",2023-12-10,domingo,20:15:00,SC,101,"186,0",BIGUACU,Manobra de mudança de faixa,Colisão lateral mesmo sentido,Sem Vítimas,Plena Noite,Crescente,Chuva,Dupla,Curva,Não,3,0,0,0,2,1,0,3,-27.4341098,-48.62567129,SPRF-SC,DEL01-SC,UOP01-DEL01-SC,2023
"566954,0",2023-12-10,domingo,23:00:00,SC,101,"406,5",ARARANGUA,Manobra de mudança de faixa,Colisão lateral mesmo sentido,Sem Vítimas,Plena Noite,Decrescente,Nublado,Dupla,Reta,Não,2,0,0,0,2,0,0,2,-28.90009415,-49.47472781,SPRF-SC,DEL02-SC,UOP02-DEL02-SC,2023
"567012,0",2023-12-11,segunda-feira,07:05:00,SC,470,"241,0",CURITIBANOS,Ausência de reação do condutor,Colisão traseira,Com Vítimas Feridas,Pleno dia,Decrescente,Nublado,Simples,Reta,Não,2,0,1,0,1,0,1,2,-27.308832,-50.490402,SPRF-SC,DEL05-SC,UOP03-DEL05-SC,2023
"567032,0",2023-12-11,segunda-feira,07:00:00,SC,282,"456,0",PONTE SERRADA,Ausência de sinalização,Colisão lateral sentido oposto,Com Vítimas Feridas,Pleno dia,Crescente,Céu Claro,Simples,Reta,Não,7,0,2,0,4,1,2,3,-26.885752,-52.004669,SPRF-SC,DEL07-SC,UOP04-DEL07-SC,2023
"567060,0",2023-12-11,segunda-feira,10:20:00,SC,282,"607,0",MARAVILHA,Demais falhas na via,Colisão lateral sentido oposto,Com Vítimas Feridas,Pleno dia,Decrescente,Sol,Simples,Reta,Sim,4,0,1,0,2,1,1,4,-26.772648,-53.2062,SPRF-SC,DEL07-SC,UOP02-DEL07-SC,2023
"567072,0",2023-12-11,segunda-feira,11:30:00,SC,101,"96,6",BALNEARIO PICARRAS,Ausência de reação do condutor,Colisão traseira,Com Vítimas Feridas,Pleno dia,Crescente,Chuva,Dupla,Reta,Não,4,0,2,0,1,1,2,3,-26.718427,-48.70233,SPRF-SC,DEL03-SC,UOP02-DEL03-SC,2023
"567122,0",2023-12-11,segunda-feira,07:30:00,SC,101,"121,1",ITAJAI,Velocidade Incompatível,Engavetamento,Com Vítimas Feridas,Pleno dia,Decrescente,Céu Claro,Dupla,Reta,Sim,8,0,1,1,5,1,2,7,-26.92103178,-48.70856446,SPRF-SC,DEL04-SC,UOP04-DEL04-SC,2023
"567185,0",2023-12-11,segunda-feira,21:40:00,SC,101,"131,0",BALNEARIO CAMBORIU,Reação tardia ou ineficiente do condutor,Colisão lateral sentido oposto,Com Vítimas Feridas,Plena Noite,Crescente,Nublado,Múltipla,Reta,Sim,2,0,1,0,1,0,1,2,-26.99064209,-48.66310912,SPRF-SC,DEL04-SC,UOP03-DEL04-SC,2023
"567194,0",2023-12-11,segunda-feira,22:20:00,SC,101,"204,5",SAO JOSE,Manobra de mudança de faixa,Colisão lateral mesmo sentido,Com Vítimas Feridas,Plena Noite,Decrescente,Nublado,Múltipla,Reta,Sim,3,0,1,0,1,1,1,3,-27.57413014,-48.61363083,SPRF-SC,DEL01-SC,UOP01-DEL01-SC,2023
"567287,0",2023-12-12,terça-feira,12:30:00,SC,101,"117,5",ITAJAI,Trafegar com motocicleta (ou similar) entre as faixas,Colisão lateral mesmo sentido,Com Vítimas Feridas,Pleno dia,Decrescente,Céu Claro,Múltipla,Reta,Sim,3,0,1,0,2,0,1,3,-26.88747187,-48.72252969,SPRF-SC,DEL04-SC,UOP04-DEL04-SC,2023
"567309,0",2023-12-12,terça-feira,04:00:00,SC,280,"115,0",SAO BENTO DO SUL,Transitar na contramão,Colisão lateral sentido oposto,Sem Vítimas,Plena Noite,Decrescente,Céu Claro,Simples,Curva,Não,2,0,0,0,1,1,0,2,-26.284761,-49.408313,SPRF-SC,DEL06-SC,UOP03-DEL06-SC,2023
"567322,0",2023-12-12,terça-feira,13:10:00,SC,101,"170,0",TIJUCAS,Problema com o freio,Colisão traseira,Com Vítimas Feridas,Pleno dia,Crescente,Sol,Dupla,Reta,Sim,3,0,1,0,1,2,1,4,-27.29669601,-48.63147594,SPRF-SC,DEL04-SC,UOP03-DEL04-SC,2023
"567348,0",2023-12-12,terça-feira,16:05:00,SC,101,"56,6",JOINVILLE,Manobra de mudança de faixa,Colisão lateral mesmo sentido,Sem Vítimas,Pleno dia,Decrescente,Céu Claro,Dupla,Reta,Não,2,0,0,0,2,0,0,2,-26.43207484,-48.82263984,SPRF-SC,DEL03-SC,UOP01-DEL03-SC,2023
"567356,0",2023-12-12,terça-feira,16:30:00,SC,280,"26,4",ARAQUARI,Acessar a via sem observar a presença dos outros veículos,Colisão transversal,Com Vítimas Feridas,Pleno dia,Crescente,Céu Claro,Simples,Reta,Sim,2,0,0,1,1,0,1,2,-26.38972308,-48.73411593,SPRF-SC,DEL03-SC,UOP03-DEL03-SC,2023
"567402,0",2023-12-13,quarta-feira,01:40:00,SC,101,"119,7",ITAJAI,Acesso irregular,Colisão transversal,Com Vítimas Fatais,Plena Noite,Decrescente,Céu Claro,Múltipla,Interseção de Vias;Reta,Sim,3,1,0,0,1,1,0,3,-26.9106366,-48.712586,SPRF-SC,DEL04-SC,UOP04-DEL04-SC,2023
"567405,0",2023-12-13,quarta-feira,03:00:00,SC,101,"183,8",BIGUACU,Condutor Dormindo,Saída de leito carroçável,Com Vítimas Feridas,Plena Noite,Crescente,Nublado,Dupla,Reta,Não,1,0,0,1,0,0,1,1,-27.40688892,-48.6285296,SPRF-SC,DEL01-SC,UOP01-DEL01-SC,2023
"567416,0",2023-12-13,quarta-feira,06:05:00,SC,101,"218,2",PALHOCA,Reação tardia ou ineficiente do condutor,Colisão traseira,Com Vítimas Fatais,Pleno dia,Crescente,Céu Claro,Múltipla,Reta;Em Obras,Não,2,1,0,0,1,0,0,2,-27.6779885,-48.6698608,SPRF-SC,DEL01-SC,UOP02-DEL01-SC,2023
"567435,0",2023-12-02,sábado,06:10:00,SC,101,"340,9",TUBARAO,Ausência de reação do condutor,Colisão lateral mesmo sentido,Com Vítimas Feridas,Amanhecer,Crescente,Sol,Dupla,Reta,Não,3,0,1,0,1,1,1,3,-28.501444,-49.04690399,SPRF-SC,DEL02-SC,UOP01-DEL02-SC,2023
"567490,0",2023-12-13,quarta-feira,08:24:00,SC,480,"129,7",CHAPECO,Reação tardia ou ineficiente do condutor,Colisão traseira,Sem Vítimas,Pleno dia,Crescente,Céu Claro,Múltipla,Curva;Em Obras;Aclive,Sim,3,0,0,0,3,0,0,3,-27.04656607,-52.63577131,SPRF-SC,DEL07-SC,UOP01-DEL07-SC,2023
"567506,0",2023-12-13,quarta-feira,14:30:00,SC,101,"144,0",ITAPEMA,Manobra de mudança de faixa,Colisão traseira,Com Vítimas Feridas,Pleno dia,Crescente,Sol,Dupla,Reta,Sim,4,0,1,0,3,0,1,2,-27.0732659,-48.59672716,SPRF-SC,DEL04-SC,UOP03-DEL04-SC,2023
"567593,0",2023-12-14,quinta-feira,00:40:00,SC,116,"131,0",SANTA CECILIA,Velocidade Incompatível,Colisão traseira,Com Vítimas Feridas,Plena Noite,Decrescente,Céu Claro,Simples,Aclive;Curva,Não,3,0,1,0,1,1,1,3,-26.89968986,-50.43667825,SPRF-SC,DEL06-SC,UOP02-DEL06-SC,2023
"567597,0",2023-12-14,quinta-feira,01:30:00,SC,280,"125,8",RIO NEGRINHO,Ingestão de álcool pelo condutor,Colisão frontal,Sem Vítimas,Plena Noite,Crescente,Céu Claro,Simples,Declive,Não,3,0,0,0,2,1,0,3,-26.23763684,-49.48434497,SPRF-SC,DEL06-SC,UOP03-DEL06-SC,2023
"567607,0",2023-12-14,quinta-feira,04:40:00,SC,470,"52,5",BLUMENAU,Condutor Dormindo,Colisão frontal,Com Vítimas Feridas,Amanhecer,Decrescente,Céu Claro,Simples,Reta,Não,2,0,1,0,1,0,1,2,-26.862286,-49.093903,SPRF-SC,DEL04-SC,UOP01-DEL04-SC,2023
"567609,0",2023-12-14,quinta-feira,04:15:00,SC,101,"88,9",BARRA VELHA,Condutor Dormindo,Saída de leito carroçável,Com Vítimas Feridas,Plena Noite,Decrescente,Nublado,Múltipla,Reta,Sim,3,0,0,1,1,1,1,2,-26.64253985,-48.68950684,SPRF-SC,DEL03-SC,UOP02-DEL03-SC,2023
"567611,0",2023-12-14,quinta-feira,04:15:00,SC,282,"646,2",SAO MIGUEL DO OESTE,Desrespeitar a preferência no cruzamento,Colisão transversal,Com Vítimas Feridas,Plena Noite,Crescente,Céu Claro,Simples,Interseção de Vias;Rotatória,Sim,4,0,1,1,1,1,2,3,-26.76829633,-53.50019222,SPRF-SC,DEL07-SC,UOP03-DEL07-SC,2023