id,data_inversa,dia_semana,horario,uf,br,km,municipio,causa_acidente,tipo_acidente,classificacao_acidente,fase_dia,sentido_via,condicao_metereologica,tipo_pista,tracado_via,uso_solo,pessoas,mortos,feridos_leves,feridos_graves,ilesos,ignorados,feridos,veiculos,latitude,longitude,regional,delegacia,uop,ano_arquivo
"567668,0",2023-12-14,quinta-feira,09:20:00,SC,282,"255,1",SAO JOSE DO CERRITO,Ausência de sinalização,Colisão transversal,Com Vítimas Feridas,Pleno dia,Crescente,Sol,Simples,Interseção de Vias;Em Obras,Sim,2,0,1,0,1,0,1,2,-27.673826,-50.572021,SPRF-SC,DEL05-SC,UOP02-DEL05-SC,2023
"567751,0",2023-12-14,quinta-feira,13:45:00,SC,116,"264,9",CAPAO ALTO,Acessar a via sem observar a presença dos outros veículos,Tombamento,Com Vítimas Feridas,Pleno dia,Decrescente,Sol,Simples,Reta,Não,2,0,1,0,0,1,1,2,-27.93262143,-50.46174687,SPRF-SC,DEL05-SC,UOP02-DEL05-SC,2023
"567859,0",2023-12-15,sexta-feira,07:00:00,SC,282,"4,2",SAO JOSE,Trafegar com motocicleta (ou similar) entre as faixas,Colisão lateral mesmo sentido,Com Vítimas Feridas,Pleno dia,Decrescente,Céu Claro,Múltipla,Reta,Não,3,0,1,0,2,0,1,3,-27.592646,-48.604034,SPRF-SC,DEL01-SC,UOP01-DEL01-SC,2023
"567866,0",2023-12-15,sexta-feira,07:45:00,SC,101,"119,7",ITAJAI,Conversão proibida,Colisão lateral mesmo sentido,Com Vítimas Feridas,Pleno dia,Decrescente,Céu Claro,Simples,Reta,Sim,2,0,1,0,1,0,1,2,-26.912758,-48.711998,SPRF-SC,DEL04-SC,UOP04-DEL04-SC,2023
"567881,0",2023-12-15,sexta-feira,09:30:00,SC,470,"277,6",BRUNOPOLIS,Velocidade Incompatível,Tombamento,Com Vítimas Feridas,Pleno dia,Crescente,Nublado,Simples,Curva,Não,2,0,1,0,0,2,1,3,-27.333916,-50.845214,SPRF-SC,DEL07-SC,UOP06-DEL07-SC,2023
"567903,0",2023-12-15,sexta-feira,10:00:00,SC,280,"39,5",ARAQUARI,Ausência de reação do condutor,Colisão traseira,Com Vítimas Feridas,Pleno dia,Decrescente,Céu Claro,Simples,Reta,Não,2,0,1,0,1,0,1,2,-26.44875367,-48.83792802,SPRF-SC,DEL03-SC,UOP03-DEL03-SC,2023
"567931,0",2023-12-15,sexta-feira,08:00:00,SC,470,"245,1",CURITIBANOS,Demais falhas mecânicas ou elétricas,Colisão lateral sentido oposto,Com Vítimas Feridas,Pleno dia,Decrescente,Céu Claro,Simples,Reta,Não,6,0,2,1,2,2,3,5,-27.316158,-50.524006,SPRF-SC,DEL05-SC,UOP03-DEL05-SC,2023
"567935,0",2023-12-15,sexta-feira,10:50:00,SC,116,"300,9",CAPAO ALTO,Condutor deixou de manter distância do veículo da frente,Colisão traseira,Com Vítimas Feridas,Pleno dia,Crescente,Sol,Simples,Reta,Não,3,0,0,1,1,1,1,3,-28.19325207,-50.71574086,SPRF-SC,DEL05-SC,UOP02-DEL05-SC,2023
"567945,0",2023-12-15,sexta-feira,10:30:00,SC,101,"198,0",BIGUACU,Ausência de reação do condutor,Colisão traseira,Sem Vítimas,Pleno dia,Decrescente,Céu Claro,Múltipla,Reta,Sim,3,0,0,0,3,0,0,3,-27.52658712,-48.63506019,SPRF-SC,DEL01-SC,UOP01-DEL01-SC,2023
"567962,0",2023-12-15,sexta-feira,15:30:00,SC,101,"116,2",ITAJAI,Manobra de mudança de faixa,Colisão lateral mesmo sentido,Com Vítimas Feridas,Pleno dia,Decrescente,Sol,Múltipla,Reta,Não,4,0,1,0,2,1,1,3,-26.87905605,-48.72603512,SPRF-SC,DEL04-SC,UOP04-DEL04-SC,2023
"567971,0",2023-11-30,quinta-feira,07:00:00,SC,101,"101,8",BALNEARIO PICARRAS,Ausência de reação do condutor,Colisão traseira,Com Vítimas Feridas,Pleno dia,Crescente,Nublado,Múltipla,Reta;Viaduto,Sim,5,0,0,1,3,2,1,6,-26.76404198,-48.68657667,SPRF-SC,DEL03-SC,UOP02-DEL03-SC,2023
"567980,0",2023-12-15,sexta-feira,16:50:00,SC,101,"197,5",BIGUACU,Condutor Dormindo,Tombamento,Com Vítimas Feridas,Pleno dia,Decrescente,Nublado,Múltipla,Reta;Aclive,Sim,3,0,3,0,0,0,3,1,-27.51844497,-48.63848496,SPRF-SC,DEL01-SC,UOP01-DEL01-SC,2023
"567981,0",2023-12-15,sexta-feira,16:15:00,SC,101,"131,0",BALNEARIO CAMBORIU,Desrespeitar a preferência no cruzamento,Colisão transversal,Com Vítimas Feridas,Pleno dia,Crescente,Céu Claro,Simples,Interseção de Vias,Sim,2,0,1,0,1,0,1,2,-26.99064209,-48.66310912,SPRF-SC,DEL04-SC,UOP03-DEL04-SC,2023
"568015,0",2023-12-15,sexta-feira,18:17:00,SC,101,"91,0",BARRA VELHA,Ausência de reação do condutor,Colisão traseira,Com Vítimas Feridas,Pleno dia,Crescente,Nublado,Múltipla,Reta,Sim,3,0,0,1,1,1,1,3,-26.67120698,-48.69011814,SPRF-SC,DEL03-SC,UOP02-DEL03-SC,2023
"568026,0",2023-12-15,sexta-feira,18:30:00,SC,280,"14,6",SAO FRANCISCO DO SUL,Conversão proibida,Colisão transversal,Sem Vítimas,Plena Noite,Decrescente,Céu Claro,Simples,Reta,Sim,3,0,0,0,2,1,0,3,-26.3301861,-48.65148076,SPRF-SC,DEL03-SC,UOP03-DEL03-SC,2023
"568147,0",2023-12-16,sábado,03:50:00,SC,282,"457,5",PONTE SERRADA,Ingestão de álcool pelo condutor,Colisão lateral sentido oposto,Com Vítimas Feridas,Plena Noite,Decrescente,Céu Claro,Simples,Reta,Não,6,0,2,1,2,1,3,4,-26.880604,-52.013371,SPRF-SC,DEL07-SC,UOP04-DEL07-SC,2023
"568170,0",2023-12-16,sábado,07:50:00,SC,101,"266,0",PAULO LOPES,Ingestão de álcool pelo condutor,Colisão lateral mesmo sentido,Sem Vítimas,Pleno dia,Crescente,Céu Claro,Dupla,Reta,Não,3,0,0,0,2,1,0,3,-28.06847808,-48.71463931,SPRF-SC,DEL02-SC,UOP03-DEL02-SC,2023
"568235,0",2023-12-16,sábado,13:55:00,SC,470,"299,7",CAMPOS NOVOS,Chuva,Colisão com objeto,Com Vítimas Feridas,Pleno dia,Decrescente,Chuva,Simples,Curva,Não,2,0,2,0,0,0,2,1,-27.366648,-51.040581,SPRF-SC,DEL07-SC,UOP06-DEL07-SC,2023
"568294,0",2023-12-16,sábado,17:20:00,SC,101,"127,0",ITAJAI,Manobra de mudança de faixa,Colisão transversal,Com Vítimas Feridas,Pleno dia,Crescente,Céu Claro,Dupla,Reta,Sim,5,0,1,0,3,2,1,4,-26.9639319,-48.68328024,SPRF-SC,DEL04-SC,UOP04-DEL04-SC,2023
"568343,0",2023-12-16,sábado,15:00:00,SC,282,"139,3",BOM RETIRO,Ultrapassagem Indevida,Colisão frontal,Com Vítimas Feridas,Pleno dia,Decrescente,Céu Claro,Simples,Aclive;Curva,Não,2,0,1,1,0,0,2,2,-27.82741967,-49.57929254,SPRF-SC,DEL05-SC,UOP01-DEL05-SC,2023
"568345,0",2023-12-16,sábado,16:50:00,SC,282,"495,1",FAXINAL DOS GUEDES,Reação tardia ou ineficiente do condutor,Colisão lateral sentido oposto,Com Vítimas Feridas,Pleno dia,Crescente,Chuva,Simples,Curva,Não,5,0,3,0,1,1,3,3,-26.87197081,-52.3195982,SPRF-SC,DEL07-SC,UOP01-DEL07-SC,2023
"568477,0",2023-12-16,sábado,01:00:00,SC,280,"152,0",MAFRA,Reação tardia ou ineficiente do condutor,Tombamento,Com Vítimas Feridas,Plena Noite,Crescente,Céu Claro,Simples,Curva,Não,2,0,1,0,0,1,1,2,-26.22730215,-49.7063452,SPRF-SC,DEL06-SC,UOP03-DEL06-SC,2023
"568615,0",2023-12-17,domingo,21:00:00,SC,470,"125,8",LONTRAS,Ausência de reação do condutor,Colisão transversal,Com Vítimas Feridas,Plena Noite,Decrescente,Céu Claro,Simples,Aclive,Sim,3,0,0,1,1,2,1,4,-27.120506,-49.534946,SPRF-SC,DEL04-SC,UOP02-DEL04-SC,2023
"568770,0",2023-12-18,segunda-feira,17:00:00,SC,101,"112,2",NAVEGANTES,Velocidade Incompatível,Tombamento,Com Vítimas Feridas,Pleno dia,Decrescente,Céu Claro,Simples,Interseção de Vias;Curva;Viaduto,Não,2,0,1,0,0,1,1,2,-26.84589005,-48.72131295,SPRF-SC,DEL04-SC,UOP04-DEL04-SC,2023
"568834,0",2023-12-18,segunda-feira,17:10:00,SC,101,"362,0",SANGAO,Reação tardia ou ineficiente do condutor,Colisão traseira,Com Vítimas Fatais,Pleno dia,Crescente,Céu Claro,Múltipla,Aclive;Reta,Não,5,1,1,1,1,2,2,4,-28.67643165,-49.13167477,SPRF-SC,DEL02-SC,UOP01-DEL02-SC,2023
"568847,0",2023-12-18,segunda-feira,21:20:00,SC,280,"60,0",GUARAMIRIM,Manobra de mudança de faixa,Colisão com objeto,Com Vítimas Feridas,Plena Noite,Decrescente,Céu Claro,Dupla,Reta,Sim,2,0,1,0,0,1,1,2,-26.47802633,-49.03894425,SPRF-SC,DEL03-SC,UOP03-DEL03-SC,2023
"569077,0",2023-12-19,terça-feira,09:40:00,SC,280,"239,9",CANOINHAS,Ausência de reação do condutor,Colisão transversal,Com Vítimas Feridas,Pleno dia,Decrescente,Céu Claro,Simples,Declive,Não,4,0,2,0,1,1,2,3,-26.20971113,-50.44782084,SPRF-SC,DEL06-SC,UOP04-DEL06-SC,2023
"569092,0",2023-12-20,quarta-feira,05:50:00,SC,101,"45,8",JOINVILLE,Velocidade Incompatível,Colisão traseira,Com Vítimas Feridas,Amanhecer,Decrescente,Céu Claro,Múltipla,Reta,Não,3,0,1,0,1,1,1,3,-26.32214492,-48.8689509,SPRF-SC,DEL03-SC,UOP01-DEL03-SC,2023
"569093,0",2023-12-20,quarta-feira,00:05:00,SC,116,"143,9",SANTA CECILIA,Reação tardia ou ineficiente do condutor,Colisão lateral mesmo sentido,Com Vítimas Feridas,Plena Noite,Crescente,Garoa/Chuvisco,Simples,Curva,Não,6,0,0,1,4,1,1,3,-26.98647529,-50.39438169,SPRF-SC,DEL06-SC,UOP02-DEL06-SC,2023
"569094,0",2023-12-20,quarta-feira,05:00:00,SC,280,"237,1",CANOINHAS,Transitar na contramão,Colisão lateral sentido oposto,Sem Vítimas,Amanhecer,Crescente,Nublado,Simples,Curva;Declive,Não,2,0,0,0,2,0,0,2,-26.19844599,-50.43216601,SPRF-SC,DEL06-SC,UOP04-DEL06-SC,2023
"569103,0",2023-12-20,quarta-feira,05:15:00,SC,470,"2,0",NAVEGANTES,Ausência de reação do condutor,Saída de leito carroçável,Com Vítimas Feridas,Pleno dia,Decrescente,Céu Claro,Dupla,Reta,Sim,2,0,1,0,0,1,1,2,-26.868551,-48.674831,SPRF-SC,DEL04-SC,UOP04-DEL04-SC,2023
"569105,0",2023-12-19,terça-feira,23:30:00,SC,470,"79,0",INDAIAL,Ingestão de álcool pelo condutor,Colisão lateral sentido oposto,Sem Vítimas,Plena Noite,Crescente,Céu Claro,Simples,Reta,Não,2,0,0,0,2,0,0,2,-26.951565,-49.306534,SPRF-SC,DEL04-SC,UOP01-DEL04-SC,2023
"569147,0",2023-11-20,segunda-feira,08:30:00,SC,101,"114,0",ITAJAI,Trafegar com motocicleta (ou similar) entre as faixas,Colisão lateral mesmo sentido,Com Vítimas Feridas,Pleno dia,Crescente,Nublado,Dupla,Reta,Não,5,0,0,1,2,2,1,5,-26.86192886,-48.7286704,SPRF-SC,DEL04-SC,UOP04-DEL04-SC,2023
"569213,0",2023-12-20,quarta-feira,15:05:00,SC,116,"246,8",LAGES,Frear bruscamente,Colisão traseira,Sem Vítimas,Pleno dia,Crescente,Céu Claro,Simples,Em Obras;Rotatória,Sim,4,0,0,0,3,1,0,4,-27.81102858,-50.36777616,SPRF-SC,DEL05-SC,UOP02-DEL05-SC,2023
"569259,0",2023-12-20,quarta-feira,18:00:00,SC,101,"198,3",BIGUACU,Ausência de reação do condutor,Colisão lateral mesmo sentido,Com Vítimas Feridas,Pleno dia,Crescente,Céu Claro,Dupla,Reta,Sim,4,0,1,0,2,1,1,4,-27.52658712,-48.63506019,SPRF-SC,DEL01-SC,UOP01-DEL01-SC,2023
"569261,0",2023-12-20,quarta-feira,18:00:00,SC,101,"215,5",PALHOCA,Ultrapassagem Indevida,Colisão traseira,Com Vítimas Feridas,Pleno dia,Crescente,Céu Claro,Múltipla,Interseção de Vias;Rotatória;Curva,Sim,4,0,1,0,2,1,1,3,-27.65184843,-48.67604941,SPRF-SC,DEL01-SC,UOP02-DEL01-SC,2023
"569388,0",2023-12-21,quinta-feira,08:30:00,SC,101,"208,3",SAO JOSE,Objeto estático sobre o leito carroçável,Colisão traseira,Com Vítimas Feridas,Pleno dia,Decrescente,Céu Claro,Múltipla,Reta,Sim,3,0,0,1,1,1,1,3,-27.60337,-48.63192558,SPRF-SC,DEL01-SC,UOP01-DEL01-SC,2023
"569402,0",2023-12-21,quinta-feira,07:20:00,SC,470,"185,3",POUSO REDONDO,Reação tardia ou ineficiente do condutor,Saída de leito carroçável,Com Vítimas Feridas,Pleno dia,Decrescente,Nublado,Simples,Reta;Declive,Não,2,0,2,0,0,0,2,1,-27.25447697,-50.04109383,SPRF-SC,DEL04-SC,UOP02-DEL04-SC,2023
"569469,0",2023-12-21,quinta-feira,09:10:00,SC,282,"137,2",BOM RETIRO,Velocidade Incompatível,Tombamento,Com Vítimas Feridas,Pleno dia,Crescente,Sol,Simples,Rotatória,Não,1,0,1,0,0,0,1,1,-27.82268113,-49.57018375,SPRF-SC,DEL05-SC,UOP01-DEL05-SC,2023
"569498,0",2023-12-21,quinta-feira,16:30:00,SC,101,"216,3",PALHOCA,Demais falhas mecânicas ou elétricas,Engavetamento,Com Vítimas Feridas,Pleno dia,Crescente,Céu Claro,Dupla,Reta,Sim,6,0,2,0,3,1,2,5,-27.65981409,-48.67747798,SPRF-SC,DEL01-SC,UOP02-DEL01-SC,2023
"569542,0",2023-12-21,quinta-feira,18:25:00,SC,101,"129,0",CAMBORIU,Velocidade Incompatível,Colisão frontal,Com Vítimas Feridas,Pleno dia,Crescente,Céu Claro,Simples,Reta,Sim,2,0,0,1,1,0,1,2,-26.98064277,-48.6790679,SPRF-SC,DEL04-SC,UOP03-DEL04-SC,2023
"569584,0",2023-12-22,sexta-feira,00:35:00,SC,101,"114,2",ITAJAI,Ausência de reação do condutor,Colisão traseira,Com Vítimas Feridas,Plena Noite,Crescente,Nublado,Dupla,Reta,Sim,4,0,1,1,1,1,2,4,-26.86192886,-48.7286704,SPRF-SC,DEL04-SC,UOP04-DEL04-SC,2023
"569599,0",2023-12-22,sexta-feira,03:35:00,SC,101,"352,0",JAGUARUNA,Acessar a via sem observar a presença dos outros veículos,Colisão traseira,Com Vítimas Feridas,Plena Noite,Decrescente,Céu Claro,Dupla,Reta;Declive,Não,4,0,2,0,1,2,2,4,-28.61281617,-49.06258643,SPRF-SC,DEL02-SC,UOP01-DEL02-SC,2023
"569696,0",2023-12-22,sexta-feira,12:10:00,SC,470,"64,4",INDAIAL,Ausência de reação do condutor,Colisão traseira,Com Vítimas Feridas,Pleno dia,Decrescente,Sol,Simples,Reta,Sim,3,0,1,0,1,1,1,3,-26.8699706,-49.20703411,SPRF-SC,DEL04-SC,UOP01-DEL04-SC,2023
"569791,0",2023-12-22,sexta-feira,19:00:00,SC,101,"156,0",ITAPEMA,Ingestão de álcool pelo condutor,Colisão lateral mesmo sentido,Sem Vítimas,Pleno dia,Decrescente,Céu Claro,Dupla,Reta,Não,3,0,0,0,2,2,0,4,-27.172272,-48.61170204,SPRF-SC,DEL04-SC,UOP03-DEL04-SC,2023
"569817,0",2023-12-22,sexta-feira,16:15:00,SC,470,"245,0",CURITIBANOS,Ausência de reação do condutor,Colisão traseira,Com Vítimas Feridas,Pleno dia,Crescente,Céu Claro,Simples,Reta,Não,4,0,1,0,2,2,1,5,-27.316158,-50.524006,SPRF-SC,DEL05-SC,UOP03-DEL05-SC,2023
"569914,0",2023-12-23,sábado,05:50:00,SC,101,"204,0",SAO JOSE,Ultrapassagem Indevida,Colisão traseira,Sem Vítimas,Amanhecer,Crescente,Céu Claro,Dupla,Reta,Sim,4,0,0,0,2,2,0,4,-27.57413014,-48.61363083,SPRF-SC,DEL01-SC,UOP01-DEL01-SC,2023
"569960,0",2023-12-23,sábado,09:35:00,SC,116,"5,6",MAFRA,Acessar a via sem observar a presença dos outros veículos,Colisão transversal,Com Vítimas Feridas,Pleno dia,Crescente,Chuva,Simples,Interseção de Vias,Sim,4,0,2,0,1,1,2,3,-26.14094396,-49.81508303,SPRF-SC,DEL06-SC,UOP01-DEL06-SC,2023
"570005,0",2023-12-23,sábado,11:45:00,SC,470,"70,3",INDAIAL,Conversão proibida,Colisão frontal,Com Vítimas Feridas,Pleno dia,Crescente,Céu Claro,Simples,Em Obras;Reta;Interseção de Vias,Sim,5,0,2,1,1,1,3,4,-26.89138449,-49.25713962,SPRF-SC,DEL04-SC,UOP01-DEL04-SC,2023
"570019,0",2023-12-23,sábado,12:50:00,SC,101,"99,7",BALNEARIO PICARRAS,Transitar no Acostamento,Colisão lateral mesmo sentido,Sem Vítimas,Pleno dia,Crescente,Céu Claro,Dupla,Reta,Não,3,0,0,0,2,2,0,4,-26.7471002,-48.69654831,SPRF-SC,DEL03-SC,UOP02-DEL03-SC,2023
"570046,0",2023-12-23,sábado,12:20:00,SC,280,"153,0",MAFRA,Reação tardia ou ineficiente do condutor,Colisão frontal,Com Vítimas Feridas,Pleno dia,Crescente,Chuva,Simples,Reta,Não,5,0,2,1,1,2,3,4,-26.22099817,-49.71288041,SPRF-SC,DEL06-SC,UOP03-DEL06-SC,2023
"570137,0",2023-12-23,sábado,20:10:00,SC,101,"219,0",PALHOCA,Ausência de reação do condutor,Colisão com objeto,Com Vítimas Feridas,Plena Noite,Crescente,Céu Claro,Dupla,Reta,Sim,4,0,0,1,1,5,1,7,-27.68392194,-48.66710085,SPRF-SC,DEL01-SC,UOP02-DEL01-SC,2023
"570213,0",2023-12-23,sábado,22:30:00,SC,101,"278,6",IMBITUBA,Ausência de reação do condutor,Colisão traseira,Com Vítimas Fatais,Plena Noite,Crescente,Céu Claro,Múltipla,Reta;Viaduto,Não,3,1,0,0,1,1,0,3,-28.18132798,-48.69586408,SPRF-SC,DEL02-SC,UOP03-DEL02-SC,2023
"570415,0",2023-12-24,domingo,22:30:00,SC,282,"444,3",PONTE SERRADA,Acessar a via sem observar a presença dos outros veículos,Colisão transversal,Com Vítimas Feridas,Plena Noite,Decrescente,Céu Claro,Simples,Reta,Não,4,0,1,2,0,2,3,4,-26.915865,-51.901859,SPRF-SC,DEL07-SC,UOP04-DEL07-SC,2023
"570501,0",2023-12-22,sexta-feira,05:00:00,SC,101,"378,0",ICARA,Condutor Dormindo,Colisão traseira,Sem Vítimas,Amanhecer,Crescente,Céu Claro,Múltipla,Reta,Não,3,0,0,0,3,0,0,3,-28.741853,-49.251657,SPRF-SC,DEL02-SC,UOP02-DEL02-SC,2023
"570650,0",2023-12-26,terça-feira,08:30:00,SC,101,"210,4",PALHOCA,Condutor deixou de manter distância do veículo da frente,Colisão transversal,Com Vítimas Feridas,Pleno dia,Decrescente,Céu Claro,Dupla,Interseção de Vias,Não,3,0,0,1,1,1,1,3,-27.6167305,-48.6457265,SPRF-SC,DEL01-SC,UOP01-DEL01-SC,2023
"570699,0",2023-12-26,terça-feira,13:50:00,SC,116,"211,1",PONTE ALTA,Demais falhas mecânicas ou elétricas,Tombamento,Sem Vítimas,Pleno dia,Crescente,Céu Claro,Simples,Curva;Declive,Não,4,0,0,0,3,2,0,5,-27.51040007,-50.36397936,SPRF-SC,DEL05-SC,UOP03-DEL05-SC,2023
"570702,0",2023-12-26,terça-feira,12:40:00,SC,280,"183,3",MAFRA,Velocidade Incompatível,Engavetamento,Com Vítimas Feridas,Pleno dia,Decrescente,Céu Claro,Simples,Reta,Não,13,0,4,0,8,2,4,7,-26.17524536,-49.91598805,SPRF-SC,DEL06-SC,UOP01-DEL06-SC,2023
"570737,0",2023-12-26,terça-feira,14:55:00,SC,280,"139,0",RIO NEGRINHO,Transitar na contramão,Colisão lateral sentido oposto,Com Vítimas Feridas,Pleno dia,Decrescente,Céu Claro,Simples,Declive,Sim,5,0,1,0,3,2,1,4,-26.254826,-49.603124,SPRF-SC,DEL06-SC,UOP03-DEL06-SC,2023
"570763,0",2023-12-26,terça-feira,12:05:00,SC,282,"633,7",DESCANSO,Demais falhas mecânicas ou elétricas,Tombamento,Com Vítimas Feridas,Pleno dia,Decrescente,Céu Claro,Simples,Curva;Declive,Não,2,0,1,0,0,3,1,4,-26.824224,-53.412407,SPRF-SC,DEL07-SC,UOP03-DEL07-SC,2023
"570814,0",2023-12-27,quarta-feira,00:35:00,SC,101,"207,3",SAO JOSE,Ausência de reação do condutor,Colisão traseira,Com Vítimas Feridas,Plena Noite,Crescente,Céu Claro,Múltipla,Aclive;Reta,Sim,8,0,5,0,2,2,5,5,-27.60001226,-48.6226467,SPRF-SC,DEL01-SC,UOP01-DEL01-SC,2023
"570823,0",2023-12-27,quarta-feira,04:40:00,SC,101,"58,0",ARAQUARI,Reação tardia ou ineficiente do condutor,Colisão traseira,Com Vítimas Fatais,Amanhecer,Decrescente,Céu Claro,Múltipla,Reta,Não,3,1,0,0,2,0,0,3,-26.4403415,-48.8009844,SPRF-SC,DEL03-SC,UOP02-DEL03-SC,2023
"571102,0",2023-12-28,quinta-feira,15:15:00,SC,470,"56,0",BLUMENAU,Condutor deixou de manter distância do veículo da frente,Colisão traseira,Com Vítimas Feridas,Pleno dia,Crescente,Céu Claro,Simples,Reta,Não,4,0,1,0,2,1,1,4,-26.87674,-49.127743,SPRF-SC,DEL04-SC,UOP01-DEL04-SC,2023
"571178,0",2023-12-28,quinta-feira,20:00:00,SC,163,"89,9",GUARACIABA,Transitar na contramão,Colisão lateral sentido oposto,Com Vítimas Feridas,Plena Noite,Decrescente,Céu Claro,Simples,Curva;Declive,Não,5,0,1,0,2,2,1,3,-26.57474691,-53.51220012,SPRF-SC,DEL07-SC,UOP03-DEL07-SC,2023
"571214,0",2023-12-29,sexta-feira,04:45:00,SC,101,"1,3",GARUVA,Velocidade Incompatível,Colisão traseira,Sem Vítimas,Amanhecer,Crescente,Céu Claro,Dupla,Declive;Reta,Sim,2,0,0,0,2,0,0,2,-25.99699834,-48.87891655,SPRF-SC,DEL03-SC,UOP01-DEL03-SC,2023
"571249,0",2023-11-23,quinta-feira,17:00:00,SC,280,"156,0",MAFRA,Chuva,Saída de leito carroçável,Com Vítimas Feridas,Anoitecer,Crescente,Chuva,Simples,Declive,Não,3,0,2,0,1,0,2,1,-26.20741005,-49.73642503,SPRF-SC,DEL06-SC,UOP03-DEL06-SC,2023
"571563,0",2023-12-30,sábado,17:40:00,SC,101,"102,0",PENHA,Frear bruscamente,Tombamento,Com Vítimas Feridas,Pleno dia,Crescente,Céu Claro,Dupla,Declive;Reta,Sim,4,0,2,0,1,1,2,3,-26.77383397,-48.68594062,SPRF-SC,DEL03-SC,UOP02-DEL03-SC,2023
"571698,0",2023-06-14,quarta-feira,18:30:00,SC,101,"257,5",PAULO LOPES,Acessar a via sem observar a presença dos outros veículos,Colisão transversal,Com Vítimas Feridas,Plena Noite,Decrescente,Chuva,Dupla,Declive,Não,4,0,1,0,2,1,1,3,-27.99701205,-48.68755194,SPRF-SC,DEL02-SC,UOP03-DEL02-SC,2023
"571706,0",2023-12-31,domingo,14:35:00,SC,101,"152,7",PORTO BELO,Acessar a via sem observar a presença dos outros veículos,Colisão lateral mesmo sentido,Com Vítimas Feridas,Pleno dia,Decrescente,Nublado,Múltipla,Reta;Retorno Regulamentado,Não,3,0,2,0,1,0,2,2,-27.13563503,-48.61004665,SPRF-SC,DEL04-SC,UOP03-DEL04-SC,2023
"572703,0",2023-12-16,sábado,16:26:00,SC,470,"117,1",IBIRAMA,Transitar na contramão,Colisão frontal,Com Vítimas Fatais,Pleno dia,Crescente,Nublado,Simples,Curva,Não,4,1,0,0,1,2,0,4,-27.08227199,-49.50707674,SPRF-SC,DEL04-SC,UOP02-DEL04-SC,2023
"573540,0",2023-12-16,sábado,09:45:00,SC,101,"141,0",ITAPEMA,Manobra de mudança de faixa,Colisão lateral mesmo sentido,Com Vítimas Feridas,Pleno dia,Crescente,Céu Claro,Dupla,Curva;Declive,Sim,5,0,1,0,3,1,1,3,-27.04761729,-48.59995855,SPRF-SC,DEL04-SC,UOP03-DEL04-SC,2023
"574189,0",2023-12-18,segunda-feira,09:00:00,SC,280,"197,2",MAFRA,Reação tardia ou ineficiente do condutor,Colisão traseira,Com Vítimas Feridas,Pleno dia,Crescente,Céu Claro,Simples,Reta,Não,6,0,0,1,5,0,1,4,-26.17527886,-50.04358202,SPRF-SC,DEL06-SC,UOP01-DEL06-SC,2023
"577816,0",2023-05-17,quarta-feira,20:00:00,SC,153,"1,2",AGUA DOCE,Reação tardia ou ineficiente do condutor,Tombamento,Com Vítimas Feridas,Plena Noite,Crescente,Céu Claro,Simples,Curva,Não,1,0,1,0,0,0,1,1,-26.612688,-51.494854,SPRF-SC,DEL07-SC,UOP07-DEL07-SC,2023
"582533,0",2023-12-04,segunda-feira,22:25:00,SC,101,"235,1",PALHOCA,Reação tardia ou ineficiente do condutor,Colisão com objeto,Com Vítimas Feridas,Plena Noite,Decrescente,Chuva,Dupla,Curva;Aclive,Não,2,0,1,0,0,1,1,2,-27.8177775,-48.6315025,SPRF-SC,DEL01-SC,UOP02-DEL01-SC,2023
"582543,0",2023-07-05,quarta-feira,18:50:00,SC,282,"309,4",VARGEM,Deficiência do Sistema de Iluminação/Sinalização,Colisão traseira,Com Vítimas Feridas,Plena Noite,Decrescente,Céu Claro,Simples,Reta;Ponte,Não,7,0,1,0,2,4,1,4,-27.48248988,-50.98212004,SPRF-SC,DEL07-SC,UOP06-DEL07-SC,2023
"584926,0",2023-12-15,sexta-feira,09:05:00,SC,116,"188,1",SAO CRISTOVAO DO SUL,Problema com o freio,Colisão traseira,Sem Vítimas,Pleno dia,Decrescente,Céu Claro,Simples,Desvio Temporário;Curva;Aclive;Em Obras,Não,4,0,0,0,3,2,0,4,-27.32965789,-50.42513021,SPRF-SC,DEL05-SC,UOP03-DEL05-SC,2023
"585677,0",2023-10-29,domingo,07:30:00,SC,101,"1,3",GARUVA,Reação tardia ou ineficiente do condutor,Colisão traseira,Com Vítimas Feridas,Pleno dia,Decrescente,Céu Claro,Dupla,Reta,Não,2,0,0,1,1,0,1,2,-25.98895627,-48.88356133,SPRF-SC,DEL03-SC,UOP01-DEL03-SC,2023
"586538,0",2023-12-30,sábado,19:45:00,SC,470,"179,0",POUSO REDONDO,Velocidade Incompatível,Colisão traseira,Com Vítimas Fatais,Plena Noite,Crescente,Céu Claro,Simples,Curva,Não,4,1,0,0,2,1,0,3,-27.2478642,-49.979979,SPRF-SC,DEL04-SC,UOP02-DEL04-SC,2023
"586578,0",2023-11-20,segunda-feira,20:50:00,SC,101,"163,0",TIJUCAS,Manobra de mudança de faixa,Colisão lateral mesmo sentido,Com Vítimas Feridas,Plena Noite,Decrescente,Nublado,Dupla,Reta,Não,2,0,0,1,0,1,1,2,-27.23461699,-48.63039809,SPRF-SC,DEL04-SC,UOP03-DEL04-SC,2023
"587053,0",2023-12-19,terça-feira,04:40:00,SC,101,"158,0",PORTO BELO,Reação tardia ou ineficiente do condutor,Colisão traseira,Com Vítimas Feridas,Amanhecer,Crescente,Sol,Dupla,Reta;Retorno Regulamentado,Sim,3,0,1,0,1,1,1,3,-27.19096301,-48.61259017,SPRF-SC,DEL04-SC,UOP03-DEL04-SC,2023