id,data_inversa,dia_semana,horario,uf,br,km,municipio,causa_acidente,tipo_acidente,classificacao_acidente,fase_dia,sentido_via,condicao_metereologica,tipo_pista,tracado_via,uso_solo,pessoas,mortos,feridos_leves,feridos_graves,ilesos,ignorados,feridos,veiculos,latitude,longitude,regional,delegacia,uop,ano_arquivo
"589495,0",2023-09-10,domingo,21:00:00,SC,101,"73,3",ARAQUARI,Reação tardia ou ineficiente do condutor,Engavetamento,Com Vítimas Feridas,Plena Noite,Decrescente,Nublado,Dupla,Reta,Não,9,0,2,0,5,2,2,8,-26.53567108,-48.71326731,SPRF-SC,DEL03-SC,UOP02-DEL03-SC,2023
"598657,0",2023-10-14,sábado,00:00:00,SC,282,"26,7",SANTO AMARO DA IMPERATRIZ,Conversão proibida,Colisão transversal,Sem Vítimas,Plena Noite,Decrescente,Nublado,Simples,Interseção de Vias,Sim,2,0,0,0,2,0,0,2,-27.680267,-48.762482,SPRF-SC,DEL01-SC,UOP03-DEL01-SC,2023
"607433,0",2023-11-14,terça-feira,11:32:00,SC,282,"20,4",PALHOCA,Acumulo de óleo sobre o pavimento,Tombamento,Com Vítimas Fatais,Pleno dia,Crescente,Chuva,Simples,Interseção de Vias,Sim,3,1,0,0,2,0,0,3,-27.68689795,-48.71353263,SPRF-SC,DEL01-SC,UOP02-DEL01-SC,2023
"615885,0",2023-11-24,sexta-feira,07:22:00,SC,101,"352,0",JAGUARUNA,Reação tardia ou ineficiente do condutor,Colisão traseira,Com Vítimas Feridas,Pleno dia,Decrescente,Céu Claro,Dupla,Aclive;Reta,Sim,3,0,0,1,2,0,1,2,-28.60489869,-49.05593332,SPRF-SC,DEL02-SC,UOP01-DEL02-SC,2023
"619871,0",2023-12-13,quarta-feira,06:50:00,SC,101,"215,8",PALHOCA,Condutor deixou de manter distância do veículo da frente,Colisão lateral mesmo sentido,Com Vítimas Feridas,Pleno dia,Crescente,Céu Claro,Dupla,Reta;Interseção de Vias,Sim,2,0,0,1,1,0,1,2,-27.65237092,-48.67664337,,,,2023
"504909,0",2023-02-13,segunda-feira,13:40:00,SC,101,"11,0",GARUVA,Carga excessiva e/ou mal acondicionada,Colisão com objeto,Com Vítimas Feridas,Pleno dia,Decrescente,Céu Claro,Dupla,Reta,Sim,4,0,1,1,0,2,2,3,-26.0815,-48.8617,SPRF-SC,DEL03-SC,UOP01-DEL03-SC,2023
"512066,0",2023-02-07,terça-feira,20:15:00,SC,101,"103,5",BALNEARIO PICARRAS,Manobra de mudança de faixa,Colisão lateral mesmo sentido,Sem Vítimas,Plena Noite,Crescente,Céu Claro,Dupla,Reta,Não,4,0,0,0,2,2,0,3,-26.7832381,-48.68314632,SPRF-SC,DEL03-SC,UOP02-DEL03-SC,2023
"513209,0",2023-03-27,segunda-feira,13:50:00,SC,282,"580,0",PINHALZINHO,Demais falhas mecânicas ou elétricas,Incêndio,Sem Vítimas,Pleno dia,Crescente,Céu Claro,Dupla,Rotatória,Sim,1,0,0,0,1,0,0,1,-26.82629768,-53.00374986,SPRF-SC,DEL07-SC,UOP02-DEL07-SC,2023
"521978,0",2023-05-09,terça-feira,11:00:00,SC,101,"115,0",ITAJAI,Acesso irregular,Saída de leito carroçável,Com Vítimas Feridas,Pleno dia,Crescente,Nublado,Dupla,Reta,Sim,2,0,0,1,1,0,1,2,-26.87064015,-48.72954134,SPRF-SC,DEL04-SC,UOP04-DEL04-SC,2023
"537841,0",2023-07-24,segunda-feira,06:20:00,SC,470,"4,1",NAVEGANTES,Acessar a via sem observar a presença dos outros veículos,Colisão transversal,Com Vítimas Feridas,Amanhecer,Crescente,Céu Claro,Simples,Em Obras;Interseção de Vias;Reta,Sim,2,0,1,0,0,1,1,2,-26.858473,-48.690788,SPRF-SC,DEL04-SC,UOP04-DEL04-SC,2023
"524380,0",2023-05-21,domingo,02:00:00,SC,101,"377,0",ICARA,Transitar na contramão,Colisão frontal,Com Vítimas Feridas,Plena Noite,Decrescente,Céu Claro,Simples,Reta,Não,4,0,1,0,2,1,1,3,-28.74448343,-49.25703049,SPRF-SC,DEL02-SC,UOP01-DEL02-SC,2023
"496951,0",2023-01-03,terça-feira,06:30:00,SC,282,"19,0",PALHOCA,Frear bruscamente,Colisão lateral sentido oposto,Sem Vítimas,Pleno dia,Decrescente,Nublado,Simples,Viaduto;Reta,Não,3,0,0,0,2,1,0,3,-27.678635,-48.70192,SPRF-SC,DEL01-SC,UOP02-DEL01-SC,2023
"497487,0",2023-01-05,quinta-feira,21:00:00,SC,470,"60,0",BLUMENAU,Ingestão de álcool e/ou substâncias psicoativas pelo pedestre,Atropelamento de Pedestre,Com Vítimas Feridas,Plena Noite,Crescente,Ignorado,Dupla,Em Obras;Reta;Desvio Temporário,Sim,3,0,0,1,1,1,1,3,-26.88138,-49.164543,SPRF-SC,DEL04-SC,UOP01-DEL04-SC,2023
"497503,0",2023-01-06,sexta-feira,01:10:00,SC,101,"81,0",BARRA VELHA,Demais falhas mecânicas ou elétricas,Saída de leito carroçável,Sem Vítimas,Plena Noite,Crescente,Nublado,Dupla,Reta,Não,2,0,0,0,1,1,0,2,-26.60256101,-48.72553524,SPRF-SC,DEL03-SC,UOP02-DEL03-SC,2023
"501002,0",2023-01-21,sábado,16:00:00,SC,101,"284,8",IMBITUBA,Carga excessiva e/ou mal acondicionada,Atropelamento de Pedestre,Com Vítimas Feridas,Pleno dia,Crescente,Sol,Dupla,Curva,Não,3,0,1,0,1,1,1,3,-28.23624684,-48.70092273,SPRF-SC,DEL02-SC,UOP03-DEL02-SC,2023
"501363,0",2023-01-26,quinta-feira,16:25:00,SC,101,"106,5",PENHA,Condutor deixou de manter distância do veículo da frente,Colisão traseira,Com Vítimas Feridas,Pleno dia,Decrescente,Céu Claro,Dupla,Reta,Não,3,0,0,1,1,1,1,3,-26.81031601,-48.68293896,SPRF-SC,DEL03-SC,UOP02-DEL03-SC,2023
"502111,0",2023-01-30,segunda-feira,08:00:00,SC,101,"327,0",CAPIVARI DE BAIXO,Obstrução na via,Colisão traseira,Com Vítimas Feridas,Pleno dia,Crescente,Céu Claro,Dupla,Viaduto,Sim,9,0,1,0,7,1,1,5,-28.44012,-48.963143,SPRF-SC,DEL02-SC,UOP01-DEL02-SC,2023
"503316,0",2023-02-05,domingo,12:35:00,SC,470,"93,5",APIUNA,Transitar na contramão,Colisão frontal,Com Vítimas Fatais,Pleno dia,Crescente,Céu Claro,Simples,Reta,Não,6,1,0,0,4,1,0,3,-27.001184,-49.3750804,SPRF-SC,DEL04-SC,UOP01-DEL04-SC,2023
"509438,0",2023-02-24,sexta-feira,17:50:00,SC,282,"589,4",SAUDADES,Deficiência do Sistema de Iluminação/Sinalização,Colisão traseira,Com Vítimas Fatais,Anoitecer,Crescente,Chuva,Simples,Aclive;Reta,Não,3,1,0,0,1,1,0,3,-26.825861,-53.072893,SPRF-SC,DEL07-SC,UOP02-DEL07-SC,2023
"511403,0",2023-03-18,sábado,21:25:00,SC,280,"55,0",GUARAMIRIM,Ingestão de álcool pelo condutor,Colisão traseira,Com Vítimas Feridas,Plena Noite,Decrescente,Céu Claro,Dupla,Curva,Não,6,0,2,0,3,1,2,3,-26.47584353,-48.9937858,SPRF-SC,DEL03-SC,UOP03-DEL03-SC,2023
"512206,0",2023-03-22,quarta-feira,18:30:00,SC,470,"176,0",POUSO REDONDO,Velocidade Incompatível,Colisão transversal,Com Vítimas Feridas,Anoitecer,Decrescente,Céu Claro,Simples,Reta,Sim,3,0,1,0,1,1,1,3,-27.254238,-49.948658,SPRF-SC,DEL04-SC,UOP02-DEL04-SC,2023
"512919,0",2023-03-26,domingo,09:10:00,SC,101,"120,0",ITAJAI,Carga excessiva e/ou mal acondicionada,Saída de leito carroçável,Com Vítimas Feridas,Pleno dia,Crescente,Céu Claro,Dupla,Reta,Sim,4,0,2,0,1,1,2,2,-26.912758,-48.711998,SPRF-SC,DEL04-SC,UOP04-DEL04-SC,2023
"513495,0",2023-03-25,sábado,19:40:00,SC,101,"147,0",ITAPEMA,Reação tardia ou ineficiente do condutor,Colisão traseira,Sem Vítimas,Plena Noite,Decrescente,Nublado,Múltipla,Reta,Sim,3,0,0,0,2,1,0,3,-27.09237407,-48.61730888,SPRF-SC,DEL04-SC,UOP03-DEL04-SC,2023
"516338,0",2023-04-12,quarta-feira,08:00:00,SC,101,"148,0",ITAPEMA,Acessar a via sem observar a presença dos outros veículos,Colisão transversal,Com Vítimas Feridas,Pleno dia,Decrescente,Sol,Múltipla,Reta,Não,3,0,1,0,1,1,1,3,-27.10123686,-48.61807962,SPRF-SC,DEL04-SC,UOP03-DEL04-SC,2023
"516504,0",2023-04-12,quarta-feira,18:54:00,SC,470,"66,0",INDAIAL,Acessar a via sem observar a presença dos outros veículos,Colisão transversal,Com Vítimas Feridas,Plena Noite,Crescente,Garoa/Chuvisco,Simples,Reta;Em Obras,Não,4,0,1,2,0,1,3,3,-26.870407,-49.221844,SPRF-SC,DEL04-SC,UOP01-DEL04-SC,2023
"520517,0",2023-05-02,terça-feira,00:05:00,SC,470,"75,3",INDAIAL,Transitar na contramão,Colisão lateral sentido oposto,Com Vítimas Feridas,Plena Noite,Decrescente,Céu Claro,Simples,Reta,Não,3,0,0,1,1,1,1,3,-26.92872629,-49.28561839,SPRF-SC,DEL04-SC,UOP01-DEL04-SC,2023
"524201,0",2023-05-20,sábado,08:50:00,SC,101,"208,6",SAO JOSE,Ausência de reação do condutor,Colisão traseira,Com Vítimas Feridas,Pleno dia,Decrescente,Céu Claro,Múltipla,Reta,Sim,4,0,1,0,2,1,1,3,-27.60327979,-48.63201818,SPRF-SC,DEL01-SC,UOP01-DEL01-SC,2023
"527368,0",2023-06-04,domingo,13:00:00,SC,101,"289,8",IMBITUBA,Ausência de reação do condutor,Colisão transversal,Com Vítimas Feridas,Pleno dia,Crescente,Céu Claro,Simples,Reta,Sim,5,0,2,0,2,1,2,3,-28.26202477,-48.70403355,SPRF-SC,DEL02-SC,UOP03-DEL02-SC,2023
"527955,0",2023-06-07,quarta-feira,15:49:00,SC,101,"208,8",SAO JOSE,Ausência de reação do condutor,Colisão lateral mesmo sentido,Sem Vítimas,Pleno dia,Crescente,Céu Claro,Múltipla,Reta,Não,4,0,0,0,3,1,0,4,-27.60327979,-48.63201818,SPRF-SC,DEL01-SC,UOP01-DEL01-SC,2023
"529989,0",2023-06-17,sábado,05:40:00,SC,101,"374,0",ICARA,Condutor deixou de manter distância do veículo da frente,Colisão traseira,Com Vítimas Feridas,Amanhecer,Decrescente,Céu Claro,Dupla,Reta,Não,3,0,1,0,1,1,1,3,-28.71534412,-49.22723198,SPRF-SC,DEL02-SC,UOP01-DEL02-SC,2023
"530042,0",2023-06-17,sábado,11:20:00,SC,282,"62,5",RANCHO QUEIMADO,Reação tardia ou ineficiente do condutor,Colisão traseira,Com Vítimas Fatais,Pleno dia,Decrescente,Céu Claro,Simples,Reta,Não,4,1,0,0,2,1,0,3,-27.6928382,-49.0408014,SPRF-SC,DEL01-SC,UOP03-DEL01-SC,2023
"531911,0",2023-06-26,segunda-feira,06:30:00,SC,280,"260,0",IRINEOPOLIS,Deficiência do Sistema de Iluminação/Sinalização,Colisão traseira,Com Vítimas Feridas,Plena Noite,Crescente,Nevoeiro/Neblina,Simples,Reta;Ponte,Não,4,0,1,0,2,1,1,3,-26.26206627,-50.63822202,SPRF-SC,DEL06-SC,UOP04-DEL06-SC,2023
"532599,0",2023-06-29,quinta-feira,15:58:00,SC,101,"30,0",JOINVILLE,Condutor deixou de manter distância do veículo da frente,Colisão traseira,Com Vítimas Feridas,Pleno dia,Crescente,Nublado,Dupla,Declive,Não,9,0,2,0,6,1,2,4,-26.22783473,-48.91662598,SPRF-SC,DEL03-SC,UOP01-DEL03-SC,2023
"533292,0",2023-07-02,domingo,18:10:00,SC,101,"206,2",SAO JOSE,Velocidade Incompatível,Engavetamento,Com Vítimas Feridas,Plena Noite,Decrescente,Nublado,Dupla,Reta,Sim,8,0,2,0,5,1,2,6,-27.59193546,-48.61824557,SPRF-SC,DEL01-SC,UOP01-DEL01-SC,2023
"534172,0",2023-05-08,segunda-feira,18:45:00,SC,101,"433,6",SOMBRIO,Reação tardia ou ineficiente do condutor,Colisão traseira,Com Vítimas Feridas,Plena Noite,Crescente,Nublado,Múltipla,Reta,Sim,4,0,1,0,2,1,1,4,-29.08200809,-49.6297237,SPRF-SC,DEL02-SC,UOP02-DEL02-SC,2023
"535673,0",2023-07-14,sexta-feira,01:00:00,SC,101,"374,0",ICARA,Condutor Dormindo,Colisão traseira,Sem Vítimas,Plena Noite,Decrescente,Garoa/Chuvisco,Dupla,Reta,Não,3,0,0,0,2,1,0,3,-28.72511695,-49.23865199,SPRF-SC,DEL02-SC,UOP01-DEL02-SC,2023
"536013,0",2023-07-15,sábado,14:30:00,SC,470,"228,1",SAO CRISTOVAO DO SUL,Velocidade Incompatível,Saída de leito carroçável,Com Vítimas Feridas,Pleno dia,Crescente,Sol,Simples,Curva,Não,3,0,1,0,1,1,1,2,-27.321127,-50.378922,SPRF-SC,DEL05-SC,UOP03-DEL05-SC,2023
"538274,0",2023-07-26,quarta-feira,10:13:00,SC,470,"57,7",BLUMENAU,Conversão proibida,Colisão transversal,Com Vítimas Feridas,Pleno dia,Decrescente,Céu Claro,Simples,Em Obras;Reta,Não,3,0,1,0,1,1,1,3,-26.880428,-49.136532,SPRF-SC,DEL04-SC,UOP01-DEL04-SC,2023
"540868,0",2023-08-07,segunda-feira,15:30:00,SC,101,"34,9",JOINVILLE,Ausência de reação do condutor,Colisão com objeto,Com Vítimas Feridas,Pleno dia,Crescente,Céu Claro,Dupla,Curva,Sim,3,0,1,0,1,1,1,3,-26.23667403,-48.91486706,SPRF-SC,DEL03-SC,UOP01-DEL03-SC,2023
"541526,0",2023-08-11,sexta-feira,05:00:00,SC,470,"35,2",GASPAR,Reação tardia ou ineficiente do condutor,Colisão lateral sentido oposto,Com Vítimas Feridas,Plena Noite,Crescente,Nublado,Simples,Em Obras;Reta,Não,3,0,0,1,1,1,1,3,-26.912857,-48.958965,SPRF-SC,DEL04-SC,UOP01-DEL04-SC,2023
"543663,0",2023-08-21,segunda-feira,09:00:00,SC,101,"41,1",JOINVILLE,Reação tardia ou ineficiente do condutor,Colisão com objeto,Com Vítimas Feridas,Pleno dia,Crescente,Céu Claro,Dupla,Declive;Curva,Sim,4,0,1,0,2,1,1,2,-26.31695944,-48.87336731,SPRF-SC,DEL03-SC,UOP01-DEL03-SC,2023
"543923,0",2023-08-22,terça-feira,19:15:00,SC,280,"36,1",ARAQUARI,Acessar a via sem observar a presença dos outros veículos,Colisão transversal,Com Vítimas Feridas,Plena Noite,Decrescente,Nublado,Simples,Reta,Não,3,0,1,0,1,1,1,3,-26.44201783,-48.80964363,SPRF-SC,DEL03-SC,UOP03-DEL03-SC,2023
"545331,0",2023-08-29,terça-feira,17:25:00,SC,101,"107,0",PENHA,Ausência de reação do condutor,Colisão lateral sentido oposto,Com Vítimas Feridas,Pleno dia,Decrescente,Garoa/Chuvisco,Múltipla,Retorno Regulamentado,Sim,3,0,1,0,1,1,1,3,-26.81930608,-48.68390282,SPRF-SC,DEL03-SC,UOP02-DEL03-SC,2023
"545874,0",2023-09-01,sexta-feira,11:59:00,SC,101,"86,5",BARRA VELHA,Ausência de reação do condutor,Colisão lateral mesmo sentido,Com Vítimas Feridas,Pleno dia,Crescente,Céu Claro,Múltipla,Interseção de Vias,Sim,4,0,1,0,2,1,1,3,-26.63782499,-48.69603038,SPRF-SC,DEL03-SC,UOP02-DEL03-SC,2023
"551779,0",2023-09-29,sexta-feira,17:50:00,SC,101,"267,2",PAULO LOPES,Condutor Dormindo,Colisão com objeto,Com Vítimas Feridas,Pleno dia,Decrescente,Céu Claro,Dupla,Reta,Não,3,0,2,0,0,1,2,2,-28.07699803,-48.71234311,SPRF-SC,DEL02-SC,UOP03-DEL02-SC,2023
"554950,0",2023-10-14,sábado,15:00:00,SC,101,"339,0",TUBARAO,Desrespeitar a preferência no cruzamento,Colisão transversal,Sem Vítimas,Pleno dia,Crescente,Céu Claro,Múltipla,Viaduto;Interseção de Vias,Sim,3,0,0,0,2,1,0,3,-28.49351117,-49.04178985,SPRF-SC,DEL02-SC,UOP01-DEL02-SC,2023
"558888,0",2023-11-03,sexta-feira,14:45:00,SC,101,"104,0",PENHA,Ausência de reação do condutor,Colisão lateral mesmo sentido,Com Vítimas Feridas,Pleno dia,Crescente,Nublado,Dupla,Reta;Declive,Não,8,0,2,0,5,1,2,6,-26.79682,-48.679898,SPRF-SC,DEL03-SC,UOP02-DEL03-SC,2023
"560113,0",2023-11-09,quinta-feira,14:20:00,SC,280,"55,0",GUARAMIRIM,Carga excessiva e/ou mal acondicionada,Colisão com objeto,Com Vítimas Feridas,Pleno dia,Crescente,Céu Claro,Dupla,Viaduto;Reta;Aclive,Sim,3,0,2,0,0,1,2,2,-26.47584353,-48.9937858,SPRF-SC,DEL03-SC,UOP03-DEL03-SC,2023
"562053,0",2023-11-18,sábado,14:00:00,SC,101,"177,0",BIGUACU,Acessar a via sem observar a presença dos outros veículos,Colisão lateral mesmo sentido,Com Vítimas Feridas,Pleno dia,Crescente,Nublado,Simples,Reta,Não,3,0,1,0,1,1,1,3,-27.35538202,-48.63241474,SPRF-SC,DEL01-SC,UOP01-DEL01-SC,2023
"562525,0",2023-11-20,segunda-feira,15:30:00,SC,101,"127,0",ITAJAI,Reação tardia ou ineficiente do condutor,Saída de leito carroçável,Com Vítimas Feridas,Pleno dia,Crescente,Nublado,Dupla,Reta;Declive,Não,3,0,2,0,0,1,2,2,-26.9639319,-48.68328024,SPRF-SC,DEL04-SC,UOP04-DEL04-SC,2023
"563123,0",2023-11-23,quinta-feira,18:00:00,SC,282,"15,8",PALHOCA,Retorno proibido,Colisão traseira,Com Vítimas Feridas,Anoitecer,Crescente,Nublado,Simples,Reta,Sim,3,0,1,0,1,1,1,3,-27.651848,-48.676048,SPRF-SC,DEL01-SC,UOP02-DEL01-SC,2023
"563341,0",2023-11-24,sexta-feira,19:40:00,SC,101,"194,0",BIGUACU,Condutor deixou de manter distância do veículo da frente,Colisão lateral mesmo sentido,Com Vítimas Feridas,Plena Noite,Decrescente,Céu Claro,Dupla,Viaduto,Sim,3,0,1,0,1,1,1,3,-27.49815117,-48.65661236,SPRF-SC,DEL01-SC,UOP01-DEL01-SC,2023
"565851,0",2023-12-06,quarta-feira,12:10:00,SC,101,"205,2",SAO JOSE,Manobra de mudança de faixa,Colisão lateral mesmo sentido,Com Vítimas Feridas,Pleno dia,Decrescente,Céu Claro,Dupla,Reta,Sim,3,0,1,0,1,1,1,3,-27.591936,-48.618244,SPRF-SC,DEL01-SC,UOP01-DEL01-SC,2023
"565894,0",2023-12-06,quarta-feira,16:30:00,SC,101,"146,0",ITAPEMA,Condutor deixou de manter distância do veículo da frente,Engavetamento,Sem Vítimas,Pleno dia,Decrescente,Céu Claro,Dupla,Reta,Sim,6,0,0,0,5,1,0,6,-27.08666525,-48.60955587,SPRF-SC,DEL04-SC,UOP03-DEL04-SC,2023
"566451,0",2023-12-08,sexta-feira,20:20:00,SC,101,"339,9",TUBARAO,Ausência de reação do condutor,Colisão traseira,Com Vítimas Feridas,Plena Noite,Decrescente,Céu Claro,Simples,Reta,Não,7,0,5,0,1,1,5,4,-28.5190811,-49.05395508,SPRF-SC,DEL02-SC,UOP01-DEL02-SC,2023
"566706,0",2023-12-09,sábado,22:40:00,SC,101,"150,8",ITAPEMA,Manobra de mudança de faixa,Colisão lateral mesmo sentido,Com Vítimas Feridas,Plena Noite,Decrescente,Chuva,Dupla,Reta,Sim,3,0,1,0,1,1,1,3,-27.11744799,-48.60940987,SPRF-SC,DEL04-SC,UOP03-DEL04-SC,2023
"566819,0",2023-12-10,domingo,12:40:00,SC,101,"267,0",PAULO LOPES,Manobra de mudança de faixa,Saída de leito carroçável,Com Vítimas Feridas,Pleno dia,Decrescente,Céu Claro,Dupla,Reta,Não,3,0,1,0,1,1,1,2,-28.07699803,-48.71234311,SPRF-SC,DEL02-SC,UOP03-DEL02-SC,2023
"567466,0",2023-12-13,quarta-feira,07:50:00,SC,101,"131,4",BALNEARIO CAMBORIU,Reação tardia ou ineficiente do condutor,Colisão traseira,Com Vítimas Feridas,Pleno dia,Decrescente,Sol,Múltipla,Reta,Sim,3,0,1,0,1,1,1,3,-26.99064209,-48.66310912,SPRF-SC,DEL04-SC,UOP03-DEL04-SC,2023
"568204,0",2023-12-16,sábado,10:53:00,SC,280,"127,9",RIO NEGRINHO,Entrada inopinada do pedestre,Atropelamento de Pedestre,Com Vítimas Feridas,Pleno dia,Crescente,Céu Claro,Simples,Curva,Não,3,0,1,0,1,1,1,3,-26.23943953,-49.50420708,SPRF-SC,DEL06-SC,UOP03-DEL06-SC,2023
"568692,0",2023-12-09,sábado,06:50:00,SC,280,"103,0",SAO BENTO DO SUL,Demais falhas mecânicas ou elétricas,Colisão frontal,Com Vítimas Feridas,Pleno dia,Crescente,Céu Claro,Simples,Aclive;Curva,Não,4,0,1,0,2,1,1,3,-26.35967199,-49.347507,SPRF-SC,DEL06-SC,UOP03-DEL06-SC,2023
"568773,0",2023-12-18,segunda-feira,16:45:00,SC,101,"43,9",JOINVILLE,Ausência de sinalização,Colisão transversal,Com Vítimas Feridas,Pleno dia,Crescente,Céu Claro,Múltipla,Interseção de Vias,Sim,4,0,1,0,2,1,1,3,-26.33810496,-48.85950565,SPRF-SC,DEL03-SC,UOP01-DEL03-SC,2023
"569473,0",2023-12-21,quinta-feira,08:50:00,SC,470,"208,8",SAO CRISTOVAO DO SUL,Ultrapassagem Indevida,Colisão frontal,Com Vítimas Feridas,Pleno dia,Decrescente,Céu Claro,Simples,Curva;Declive,Não,9,0,5,1,2,1,6,4,-27.291792,-50.2043,SPRF-SC,DEL05-SC,UOP03-DEL05-SC,2023
"570762,0",2023-12-26,terça-feira,15:10:00,SC,101,"337,0",TUBARAO,Reação tardia ou ineficiente do condutor,Colisão traseira,Sem Vítimas,Pleno dia,Decrescente,Céu Claro,Dupla,Aclive;Reta,Não,3,0,0,0,2,1,0,3,-28.47801624,-49.03246283,SPRF-SC,DEL02-SC,UOP01-DEL02-SC,2023
"571135,0",2023-12-28,quinta-feira,17:00:00,SC,101,"191,0",BIGUACU,Condutor deixou de manter distância do veículo da frente,Colisão traseira,Sem Vítimas,Pleno dia,Crescente,Sol,Dupla,Curva,Não,3,0,0,0,2,1,0,3,-27.468056,-48.641712,SPRF-SC,DEL01-SC,UOP01-DEL01-SC,2023
"573134,0",2023-11-28,terça-feira,17:00:00,SC,282,"4,0",FLORIANOPOLIS,Falta de acostamento,Colisão lateral mesmo sentido,Sem Vítimas,Pleno dia,Crescente,Chuva,Dupla,Reta,Sim,3,0,0,0,2,1,0,3,-27.592646,-48.604034,SPRF-SC,DEL01-SC,UOP01-DEL01-SC,2023
"496524,0",2023-01-01,domingo,02:20:00,SC,101,"408,0",ARARANGUA,Ingestão de álcool pelo condutor,Saída de leito carroçável,Com Vítimas Feridas,Plena Noite,Crescente,Céu Claro,Simples,Curva,Não,1,0,1,0,0,0,1,1,-28.90746181,-49.48048824,SPRF-SC,DEL02-SC,UOP02-DEL02-SC,2023
"496528,0",2023-01-01,domingo,03:16:00,SC,101,"202,0",SAO JOSE,Ingestão de álcool pelo condutor,Colisão traseira,Sem Vítimas,Plena Noite,Decrescente,Céu Claro,Múltipla,Curva,Sim,4,0,0,0,4,0,0,2,-27.55711595,-48.61897889,SPRF-SC,DEL01-SC,UOP01-DEL01-SC,2023
"496533,0",2023-01-01,domingo,03:30:00,SC,101,"252,2",PAULO LOPES,Condutor Dormindo,Saída de leito carroçável,Com Vítimas Feridas,Plena Noite,Decrescente,Céu Claro,Dupla,Curva,Sim,2,0,1,1,0,0,2,1,-27.95672412,-48.6767588,SPRF-SC,DEL02-SC,UOP03-DEL02-SC,2023
"496537,0",2023-01-01,domingo,03:30:00,SC,101,"159,0",PORTO BELO,Ausência de reação do condutor,Colisão com objeto,Com Vítimas Feridas,Plena Noite,Crescente,Nublado,Dupla,Reta,Não,1,0,1,0,0,0,1,1,-27.1998778,-48.61534236,SPRF-SC,DEL04-SC,UOP03-DEL04-SC,2023
"496567,0",2023-01-01,domingo,06:30:00,SC,282,"256,0",SAO JOSE DO CERRITO,Condutor Dormindo,Saída de leito carroçável,Com Vítimas Feridas,Amanhecer,Decrescente,Sol,Simples,Curva;Declive,Sim,5,0,1,0,4,0,1,1,-27.67211,-50.581013,SPRF-SC,DEL05-SC,UOP02-DEL05-SC,2023
"496576,0",2023-01-01,domingo,08:15:00,SC,116,"7,0",MAFRA,Acessar a via sem observar a presença dos outros veículos,Colisão transversal,Com Vítimas Feridas,Pleno dia,Decrescente,Céu Claro,Simples,Reta;Interseção de Vias,Sim,5,0,3,0,2,0,3,2,-26.15196176,-49.83102416,SPRF-SC,DEL06-SC,UOP01-DEL06-SC,2023
"496596,0",2023-01-01,domingo,10:20:00,SC,101,"153,8",PORTO BELO,Demais falhas mecânicas ou elétricas,Tombamento,Com Vítimas Feridas,Pleno dia,Crescente,Céu Claro,Dupla,Reta,Não,1,0,1,0,0,0,1,1,-27.144717,-48.61063935,SPRF-SC,DEL04-SC,UOP03-DEL04-SC,2023
"496597,0",2023-01-01,domingo,08:45:00,SC,280,"91,1",CORUPA,Ausência de reação do condutor,Colisão frontal,Com Vítimas Feridas,Pleno dia,Crescente,Céu Claro,Simples,Curva,Não,2,0,1,0,1,0,1,2,-26.40198057,-49.29053774,SPRF-SC,DEL06-SC,UOP03-DEL06-SC,2023
"496600,0",2023-01-01,domingo,12:20:00,SC,282,"223,4",LAGES,Acessar a via sem observar a presença dos outros veículos,Colisão transversal,Com Vítimas Feridas,Pleno dia,Decrescente,Céu Claro,Simples,Rotatória,Não,5,0,4,1,0,0,5,2,-27.800127,-50.362751,SPRF-SC,DEL05-SC,UOP01-DEL05-SC,2023
"496603,0",2023-01-01,domingo,11:40:00,SC,101,"199,1",SAO JOSE,Velocidade Incompatível,Tombamento,Com Vítimas Feridas,Pleno dia,Decrescente,Céu Claro,Múltipla,Declive,Sim,2,0,2,0,0,0,2,1,-27.539083,-48.623562,SPRF-SC,DEL01-SC,UOP01-DEL01-SC,2023
"496618,0",2023-01-01,domingo,15:15:00,SC,101,"31,0",JOINVILLE,Avarias e/ou desgaste excessivo no pneu,Tombamento,Com Vítimas Feridas,Pleno dia,Decrescente,Céu Claro,Dupla,Declive;Reta,Não,2,0,2,0,0,0,2,1,-26.22195899,-48.91634925,SPRF-SC,DEL03-SC,UOP01-DEL03-SC,2023
"496619,0",2023-01-01,domingo,15:10:00,SC,101,"158,1",PORTO BELO,Acessar a via sem observar a presença dos outros veículos,Colisão lateral mesmo sentido,Com Vítimas Feridas,Pleno dia,Decrescente,Sol,Dupla,Reta,Não,4,0,1,1,2,0,2,2,-27.19096301,-48.61259017,SPRF-SC,DEL04-SC,UOP03-DEL04-SC,2023
"496624,0",2023-01-01,domingo,15:35:00,SC,101,"206,9",SAO JOSE,Semáforo com defeito,Colisão lateral mesmo sentido,Com Vítimas Feridas,Pleno dia,Crescente,Céu Claro,Simples,Interseção de Vias,Sim,2,0,1,0,1,0,1,2,-27.59193546,-48.61824557,SPRF-SC,DEL01-SC,UOP01-DEL01-SC,2023
"496627,0",2023-01-01,domingo,15:20:00,SC,101,"416,0",ARARANGUA,Reação tardia ou ineficiente do condutor,Colisão traseira,Com Vítimas Feridas,Pleno dia,Crescente,Céu Claro,Múltipla,Reta,Sim,2,0,1,0,1,0,1,2,-28.96708874,-49.52338825,SPRF-SC,DEL02-SC,UOP02-DEL02-SC,2023