id,data_inversa,dia_semana,horario,uf,br,km,municipio,causa_acidente,tipo_acidente,classificacao_acidente,fase_dia,sentido_via,condicao_metereologica,tipo_pista,tracado_via,uso_solo,pessoas,mortos,feridos_leves,feridos_graves,ilesos,ignorados,feridos,veiculos,latitude,longitude,regional,delegacia,uop,ano_arquivo
"496641,0",2023-01-01,domingo,17:25:00,SC,101,"136,0",BALNEARIO CAMBORIU,Acessar a via sem observar a presença dos outros veículos,Colisão lateral mesmo sentido,Com Vítimas Feridas,Pleno dia,Decrescente,Céu Claro,Simples,Curva,Não,3,0,0,1,2,0,1,2,-27.008113,-48.617245,SPRF-SC,DEL04-SC,UOP03-DEL04-SC,2023
"496650,0",2023-01-01,domingo,16:15:00,SC,101,"309,8",LAGUNA,Avarias e/ou desgaste excessivo no pneu,Colisão com objeto,Com Vítimas Feridas,Pleno dia,Crescente,Céu Claro,Simples,Declive;Curva,Sim,2,0,0,2,0,0,2,1,-28.43809446,-48.81047755,SPRF-SC,DEL02-SC,UOP01-DEL02-SC,2023
"496651,0",2023-01-01,domingo,17:47:00,SC,101,"188,2",BIGUACU,Condutor deixou de manter distância do veículo da frente,Colisão traseira,Sem Vítimas,Pleno dia,Crescente,Céu Claro,Dupla,Reta,Sim,3,0,0,0,2,1,0,3,-27.45123421,-48.63370766,SPRF-SC,DEL01-SC,UOP01-DEL01-SC,2023
"496654,0",2023-01-01,domingo,17:50:00,SC,280,"232,0",CANOINHAS,Reação tardia ou ineficiente do condutor,Saída de leito carroçável,Com Vítimas Feridas,Pleno dia,Crescente,Sol,Simples,Reta,Sim,1,0,1,0,0,0,1,1,-26.19014736,-50.38186997,SPRF-SC,DEL06-SC,UOP04-DEL06-SC,2023
"496666,0",2023-01-01,domingo,18:30:00,SC,101,"137,0",BALNEARIO CAMBORIU,Condutor deixou de manter distância do veículo da frente,Colisão traseira,Com Vítimas Feridas,Pleno dia,Decrescente,Sol,Dupla,Reta;Aclive,Sim,2,0,0,1,1,0,1,2,-27.0157238,-48.61192763,SPRF-SC,DEL04-SC,UOP03-DEL04-SC,2023
"496694,0",2023-01-01,domingo,20:40:00,SC,101,"413,0",ARARANGUA,Acesso irregular,Colisão traseira,Com Vítimas Feridas,Plena Noite,Crescente,Céu Claro,Simples,Reta,Sim,2,0,0,1,1,0,1,2,-28.94605997,-49.50428402,SPRF-SC,DEL02-SC,UOP02-DEL02-SC,2023
"496695,0",2023-01-01,domingo,20:15:00,SC,101,"135,0",BALNEARIO CAMBORIU,Reação tardia ou ineficiente do condutor,Engavetamento,Sem Vítimas,Plena Noite,Decrescente,Céu Claro,Múltipla,Reta,Sim,4,0,0,0,4,0,0,4,-27.0050108,-48.62677494,SPRF-SC,DEL04-SC,UOP03-DEL04-SC,2023
"496701,0",2023-01-01,domingo,21:50:00,SC,101,"100,7",BALNEARIO PICARRAS,Ultrapassagem Indevida,Colisão frontal,Com Vítimas Feridas,Plena Noite,Crescente,Céu Claro,Simples,Reta,Sim,2,0,0,1,1,0,1,2,-26.75482787,-48.68993675,SPRF-SC,DEL03-SC,UOP02-DEL03-SC,2023
"496736,0",2023-01-02,segunda-feira,01:23:00,SC,282,"3,4",FLORIANOPOLIS,Ingestão de álcool pelo condutor,Colisão com objeto,Com Vítimas Feridas,Plena Noite,Crescente,Garoa/Chuvisco,Múltipla,Reta;Declive,Sim,1,0,1,0,0,0,1,1,-27.600384,-48.599705,SPRF-SC,DEL01-SC,UOP01-DEL01-SC,2023
"496750,0",2023-01-02,segunda-feira,06:50:00,SC,101,"190,7",BIGUACU,Condutor deixou de manter distância do veículo da frente,Colisão traseira,Sem Vítimas,Pleno dia,Crescente,Céu Claro,Dupla,Reta,Não,4,0,0,0,4,0,0,4,-27.468056,-48.641712,SPRF-SC,DEL01-SC,UOP01-DEL01-SC,2023
"496752,0",2023-01-01,domingo,19:00:00,SC,470,"87,5",ASCURRA,Condutor Dormindo,Colisão com objeto,Sem Vítimas,Pleno dia,Crescente,Céu Claro,Simples,Reta,Sim,1,0,0,0,1,0,0,1,-26.948483,-49.366833,SPRF-SC,DEL04-SC,UOP01-DEL04-SC,2023
"496755,0",2023-01-02,segunda-feira,06:35:00,SC,116,"164,9",PONTE ALTA DO NORTE,Reação tardia ou ineficiente do condutor,Saída de leito carroçável,Com Vítimas Feridas,Pleno dia,Crescente,Nublado,Simples,Declive;Curva,Não,2,0,0,1,1,0,1,1,-27.14325097,-50.46036547,SPRF-SC,DEL05-SC,UOP03-DEL05-SC,2023
"496759,0",2023-01-02,segunda-feira,07:50:00,SC,282,"4,5",FLORIANOPOLIS,Trafegar com motocicleta (ou similar) entre as faixas,Colisão lateral mesmo sentido,Com Vítimas Feridas,Pleno dia,Decrescente,Sol,Dupla,Reta,Sim,2,0,1,0,1,0,1,2,-27.592646,-48.604034,SPRF-SC,DEL01-SC,UOP01-DEL01-SC,2023
"496766,0",2023-01-02,segunda-feira,08:00:00,SC,470,"67,0",INDAIAL,Conversão proibida,Colisão frontal,Com Vítimas Feridas,Pleno dia,Crescente,Nublado,Simples,Reta,Sim,3,0,1,0,2,0,1,2,-26.872158,-49.23127,SPRF-SC,DEL04-SC,UOP01-DEL04-SC,2023
"496767,0",2023-01-02,segunda-feira,08:10:00,SC,101,"287,7",IMBITUBA,Estacionar ou parar em local proibido,Colisão traseira,Com Vítimas Feridas,Pleno dia,Crescente,Céu Claro,Dupla,Curva,Não,3,0,2,0,1,0,2,2,-28.260708,-48.704559,SPRF-SC,DEL02-SC,UOP03-DEL02-SC,2023
"496770,0",2023-01-02,segunda-feira,09:00:00,SC,282,"17,3",PALHOCA,Conversão proibida,Colisão transversal,Com Vítimas Feridas,Pleno dia,Decrescente,Céu Claro,Simples,Interseção de Vias,Sim,2,0,1,0,1,0,1,2,-27.665707,-48.688065,SPRF-SC,DEL01-SC,UOP02-DEL01-SC,2023
"496785,0",2023-01-02,segunda-feira,09:00:00,SC,282,"388,7",JOACABA,Pedestre cruzava a pista fora da faixa,Atropelamento de Pedestre,Com Vítimas Feridas,Pleno dia,Crescente,Nublado,Simples,Curva;Aclive,Não,2,0,1,1,0,0,2,2,-27.179003,-51.531616,SPRF-SC,DEL07-SC,UOP05-DEL07-SC,2023
"496788,0",2023-01-02,segunda-feira,10:10:00,SC,101,"187,3",BIGUACU,Reação tardia ou ineficiente do condutor,Colisão lateral mesmo sentido,Com Vítimas Feridas,Pleno dia,Crescente,Céu Claro,Dupla,Reta,Não,2,0,0,1,1,0,1,2,-27.44307116,-48.62848475,SPRF-SC,DEL01-SC,UOP01-DEL01-SC,2023
"496798,0",2023-01-02,segunda-feira,11:20:00,SC,101,"207,8",SAO JOSE,Trafegar com motocicleta (ou similar) entre as faixas,Colisão lateral mesmo sentido,Com Vítimas Feridas,Pleno dia,Crescente,Sol,Múltipla,Reta,Sim,2,0,1,0,1,0,1,2,-27.60001226,-48.6226467,SPRF-SC,DEL01-SC,UOP01-DEL01-SC,2023
"496800,0",2023-01-02,segunda-feira,10:15:00,SC,101,"319,2",PESCARIA BRAVA,Reação tardia ou ineficiente do condutor,Engavetamento,Com Vítimas Feridas,Pleno dia,Crescente,Céu Claro,Dupla,Reta,Sim,9,0,7,0,2,0,7,3,-28.42532339,-48.8919091,SPRF-SC,DEL02-SC,UOP01-DEL02-SC,2023
"496803,0",2023-01-02,segunda-feira,12:10:00,SC,101,"208,3",SAO JOSE,Reação tardia ou ineficiente do condutor,Colisão traseira,Com Vítimas Feridas,Pleno dia,Decrescente,Céu Claro,Múltipla,Reta,Não,3,0,1,0,2,0,1,2,-27.60327979,-48.63201818,SPRF-SC,DEL01-SC,UOP01-DEL01-SC,2023
"496837,0",2023-01-02,segunda-feira,15:30:00,SC,101,"32,0",JOINVILLE,Ingestão de álcool pelo condutor,Queda de ocupante de veículo,Com Vítimas Feridas,Pleno dia,Decrescente,Nublado,Dupla,Reta,Não,2,0,2,0,0,0,2,1,-26.25144014,-48.90801389,SPRF-SC,DEL03-SC,UOP01-DEL03-SC,2023
"496838,0",2023-01-02,segunda-feira,01:10:00,SC,282,"603,8",MARAVILHA,Animais na Pista,Atropelamento de Animal,Sem Vítimas,Plena Noite,Crescente,Nublado,Simples,Reta;Aclive,Não,1,0,0,0,0,1,0,1,-26.803013,-53.188068,SPRF-SC,DEL07-SC,UOP02-DEL07-SC,2023
"496842,0",2023-01-02,segunda-feira,12:50:00,SC,470,"219,0",SAO CRISTOVAO DO SUL,Ausência de reação do condutor,Colisão frontal,Com Vítimas Feridas,Pleno dia,Crescente,Chuva,Simples,Curva;Aclive,Não,9,0,5,2,2,0,7,3,-27.30101138,-50.29987335,SPRF-SC,DEL05-SC,UOP03-DEL05-SC,2023
"496843,0",2023-01-02,segunda-feira,15:40:00,SC,280,"45,0",GUARAMIRIM,Condutor deixou de manter distância do veículo da frente,Colisão traseira,Com Vítimas Feridas,Pleno dia,Crescente,Céu Claro,Simples,Reta,Não,2,0,1,0,1,0,1,2,-26.45236168,-48.89788602,SPRF-SC,DEL03-SC,UOP03-DEL03-SC,2023
"496844,0",2023-01-02,segunda-feira,16:00:00,SC,101,"212,0",PALHOCA,Reação tardia ou ineficiente do condutor,Atropelamento de Pedestre,Com Vítimas Feridas,Pleno dia,Decrescente,Céu Claro,Simples,Retorno Regulamentado;Reta,Sim,2,0,1,0,1,0,1,2,-27.62996929,-48.65903871,SPRF-SC,DEL01-SC,UOP02-DEL01-SC,2023
"496871,0",2023-01-02,segunda-feira,11:30:00,SC,101,"154,9",PORTO BELO,Condutor deixou de manter distância do veículo da frente,Engavetamento,Com Vítimas Feridas,Pleno dia,Decrescente,Céu Claro,Simples,Declive;Viaduto,Sim,4,0,1,0,3,0,1,3,-27.153819,-48.61086393,SPRF-SC,DEL04-SC,UOP03-DEL04-SC,2023
"496899,0",2023-01-02,segunda-feira,16:50:00,SC,282,"227,5",LAGES,Condutor Dormindo,Colisão frontal,Com Vítimas Feridas,Pleno dia,Decrescente,Céu Claro,Simples,Reta,Não,5,0,2,2,1,0,4,2,-27.795815,-50.399048,SPRF-SC,DEL05-SC,UOP02-DEL05-SC,2023
"496900,0",2023-01-02,segunda-feira,17:20:00,SC,101,"130,0",BALNEARIO CAMBORIU,Manobra de mudança de faixa,Colisão lateral mesmo sentido,Com Vítimas Feridas,Pleno dia,Decrescente,Nublado,Múltipla,Reta,Sim,2,0,0,1,0,1,1,2,-26.98407618,-48.66977107,SPRF-SC,DEL04-SC,UOP03-DEL04-SC,2023
"496933,0",2023-01-02,segunda-feira,23:30:00,SC,101,"289,5",IMBITUBA,Objeto estático sobre o leito carroçável,Colisão com objeto,Com Vítimas Feridas,Plena Noite,Crescente,Céu Claro,Dupla,Curva,Não,1,0,1,0,0,0,1,1,-28.27564174,-48.69998932,SPRF-SC,DEL02-SC,UOP03-DEL02-SC,2023
"496947,0",2023-01-03,terça-feira,03:00:00,SC,470,"66,7",INDAIAL,Velocidade Incompatível,Saída de leito carroçável,Sem Vítimas,Plena Noite,Decrescente,Céu Claro,Simples,Retorno Regulamentado;Reta,Sim,1,0,0,0,0,1,0,1,-26.870407,-49.221844,SPRF-SC,DEL04-SC,UOP01-DEL04-SC,2023
"496955,0",2023-01-03,terça-feira,07:30:00,SC,101,"146,0",ITAPEMA,Trafegar com motocicleta (ou similar) entre as faixas,Colisão lateral mesmo sentido,Com Vítimas Feridas,Pleno dia,Crescente,Sol,Múltipla,Reta,Sim,2,0,1,0,1,0,1,2,-27.08666525,-48.60955587,SPRF-SC,DEL04-SC,UOP03-DEL04-SC,2023
"496958,0",2023-01-03,terça-feira,07:00:00,SC,101,"149,7",ITAPEMA,Condutor deixou de manter distância do veículo da frente,Colisão traseira,Com Vítimas Feridas,Pleno dia,Decrescente,Céu Claro,Dupla,Reta,Sim,2,0,1,0,1,0,1,2,-27.1089649,-48.61277586,SPRF-SC,DEL04-SC,UOP03-DEL04-SC,2023
"497010,0",2023-01-03,terça-feira,10:15:00,SC,101,"275,8",IMBITUBA,Reação tardia ou ineficiente do condutor,Colisão com objeto,Com Vítimas Feridas,Pleno dia,Crescente,Chuva,Dupla,Reta,Sim,1,0,0,1,0,0,1,1,-28.138086,-48.69218292,SPRF-SC,DEL02-SC,UOP03-DEL02-SC,2023
"497015,0",2023-01-03,terça-feira,12:15:00,SC,282,"222,8",LAGES,Desrespeitar a preferência no cruzamento,Colisão frontal,Com Vítimas Feridas,Pleno dia,Decrescente,Céu Claro,Simples,Interseção de Vias;Declive,Sim,4,0,1,0,3,0,1,2,-27.797739,-50.353409,SPRF-SC,DEL05-SC,UOP01-DEL05-SC,2023
"497020,0",2023-01-03,terça-feira,10:10:00,SC,116,"89,1",MONTE CASTELO,Reação tardia ou ineficiente do condutor,Saída de leito carroçável,Com Vítimas Feridas,Pleno dia,Crescente,Sol,Simples,Reta,Não,3,0,3,0,0,0,3,1,-26.6312647,-50.24698844,SPRF-SC,DEL06-SC,UOP02-DEL06-SC,2023
"497027,0",2023-01-03,terça-feira,13:50:00,SC,280,"129,0",RIO NEGRINHO,Ausência de reação do condutor,Colisão traseira,Com Vítimas Feridas,Pleno dia,Crescente,Céu Claro,Simples,Reta,Não,2,0,1,0,1,0,1,2,-26.24586437,-49.52284615,SPRF-SC,DEL06-SC,UOP03-DEL06-SC,2023
"497056,0",2023-01-03,terça-feira,13:50:00,SC,470,"122,7",IBIRAMA,Ultrapassagem Indevida,Colisão lateral mesmo sentido,Com Vítimas Feridas,Pleno dia,Crescente,Sol,Simples,Curva,Sim,3,0,1,0,0,2,1,3,-27.099888,-49.527679,SPRF-SC,DEL04-SC,UOP02-DEL04-SC,2023
"497060,0",2023-01-03,terça-feira,15:45:00,SC,101,"248,0",PAULO LOPES,Ausência de reação do condutor,Colisão traseira,Com Vítimas Feridas,Pleno dia,Decrescente,Céu Claro,Dupla,Reta,Não,2,0,0,1,1,0,1,2,-27.92619305,-48.65828191,SPRF-SC,DEL02-SC,UOP03-DEL02-SC,2023
"497064,0",2023-01-03,terça-feira,14:50:00,SC,101,"142,0",BALNEARIO CAMBORIU,Ausência de reação do condutor,Tombamento,Com Vítimas Feridas,Pleno dia,Crescente,Nublado,Simples,Reta,Sim,1,0,0,1,0,0,1,1,-27.056089,-48.599449,SPRF-SC,DEL04-SC,UOP03-DEL04-SC,2023
"497065,0",2023-01-03,terça-feira,17:18:00,SC,282,"50,6",AGUAS MORNAS,Velocidade Incompatível,Colisão lateral sentido oposto,Com Vítimas Feridas,Pleno dia,Crescente,Chuva,Simples,Declive;Curva,Não,2,0,2,0,0,0,2,2,-27.708536,-48.952251,SPRF-SC,DEL01-SC,UOP03-DEL01-SC,2023
"497067,0",2023-01-03,terça-feira,14:50:00,SC,163,"109,2",GUARUJA DO SUL,Velocidade Incompatível,Saída de leito carroçável,Com Vítimas Feridas,Pleno dia,Decrescente,Chuva,Simples,Curva;Declive,Não,3,0,1,0,2,0,1,1,-26.41032059,-53.52221489,SPRF-SC,DEL07-SC,UOP03-DEL07-SC,2023
"497079,0",2023-01-03,terça-feira,18:30:00,SC,101,"145,0",ITAPEMA,Trafegar com motocicleta (ou similar) entre as faixas,Colisão lateral mesmo sentido,Com Vítimas Feridas,Plena Noite,Decrescente,Chuva,Dupla,Declive,Sim,3,0,2,0,1,0,2,2,-27.08139206,-48.60130993,SPRF-SC,DEL04-SC,UOP03-DEL04-SC,2023
"497087,0",2023-01-03,terça-feira,15:00:00,SC,282,"382,0",HERVAL DOESTE,Condutor Dormindo,Saída de leito carroçável,Com Vítimas Feridas,Pleno dia,Decrescente,Nublado,Simples,Reta;Aclive,Não,4,0,3,0,1,0,3,1,-27.19607,-51.503044,SPRF-SC,DEL07-SC,UOP05-DEL07-SC,2023
"497107,0",2023-01-03,terça-feira,20:55:00,SC,101,"436,0",SOMBRIO,Ausência de reação do condutor,Colisão transversal,Com Vítimas Feridas,Plena Noite,Crescente,Céu Claro,Simples,Declive;Reta,Sim,2,0,2,0,0,0,2,2,-29.10817487,-49.63739835,SPRF-SC,DEL02-SC,UOP02-DEL02-SC,2023
"497128,0",2023-01-03,terça-feira,19:15:00,SC,101,"271,5",IMBITUBA,Condutor deixou de manter distância do veículo da frente,Colisão traseira,Com Vítimas Feridas,Plena Noite,Crescente,Céu Claro,Dupla,Reta,Sim,1,0,1,0,0,0,1,1,-28.11011972,-48.70211279,SPRF-SC,DEL02-SC,UOP03-DEL02-SC,2023
"497147,0",2023-01-04,quarta-feira,07:45:00,SC,280,"128,5",RIO NEGRINHO,Conversão proibida,Colisão transversal,Com Vítimas Feridas,Amanhecer,Crescente,Garoa/Chuvisco,Simples,Reta;Aclive,Sim,2,0,0,1,1,0,1,2,-26.24317941,-49.51320018,SPRF-SC,DEL06-SC,UOP03-DEL06-SC,2023
"497150,0",2023-01-04,quarta-feira,06:15:00,SC,101,"116,0",ITAJAI,Ingestão de álcool pelo condutor,Colisão com objeto,Sem Vítimas,Pleno dia,Crescente,Céu Claro,Dupla,Reta,Não,1,0,0,0,1,0,0,1,-26.87905605,-48.72603512,SPRF-SC,DEL04-SC,UOP04-DEL04-SC,2023
"497160,0",2023-01-04,quarta-feira,09:05:00,SC,101,"202,6",SAO JOSE,Ausência de reação do condutor,Colisão lateral mesmo sentido,Com Vítimas Feridas,Pleno dia,Crescente,Nublado,Múltipla,Reta,Sim,2,0,1,0,1,0,1,2,-27.55711595,-48.61897889,SPRF-SC,DEL01-SC,UOP01-DEL01-SC,2023
"497166,0",2023-01-04,quarta-feira,07:10:00,SC,101,"109,0",PENHA,Reação tardia ou ineficiente do condutor,Saída de leito carroçável,Com Vítimas Feridas,Pleno dia,Crescente,Chuva,Dupla,Reta,Não,1,0,1,0,0,0,1,1,-26.8333519,-48.69632106,SPRF-SC,DEL03-SC,UOP02-DEL03-SC,2023
"497179,0",2023-01-04,quarta-feira,09:45:00,SC,101,"41,0",JOINVILLE,Avarias e/ou desgaste excessivo no pneu,Tombamento,Com Vítimas Feridas,Pleno dia,Decrescente,Chuva,Dupla,Reta;Aclive,Sim,1,0,1,0,0,0,1,1,-26.28215489,-48.88973081,SPRF-SC,DEL03-SC,UOP01-DEL03-SC,2023
"497181,0",2023-01-04,quarta-feira,10:20:00,SC,101,"35,0",JOINVILLE,Acumulo de água sobre o pavimento,Saída de leito carroçável,Com Vítimas Feridas,Pleno dia,Crescente,Chuva,Múltipla,Curva,Não,1,0,1,0,0,0,1,1,-26.26231716,-48.90232444,SPRF-SC,DEL03-SC,UOP01-DEL03-SC,2023
"497193,0",2023-01-04,quarta-feira,08:00:00,SC,282,"455,6",PONTE SERRADA,Velocidade Incompatível,Colisão com objeto,Com Vítimas Feridas,Pleno dia,Crescente,Sol,Simples,Reta,Não,5,0,5,0,0,0,5,1,-26.888617,-51.99427,SPRF-SC,DEL07-SC,UOP04-DEL07-SC,2023
"497220,0",2023-01-04,quarta-feira,13:30:00,SC,101,"153,0",PORTO BELO,Ausência de reação do condutor,Tombamento,Com Vítimas Feridas,Pleno dia,Decrescente,Garoa/Chuvisco,Dupla,Reta,Não,3,0,2,0,0,1,2,2,-27.144717,-48.61063935,SPRF-SC,DEL04-SC,UOP03-DEL04-SC,2023
"497221,0",2023-01-04,quarta-feira,14:20:00,SC,101,"150,0",ITAPEMA,Ausência de reação do condutor,Colisão traseira,Com Vítimas Feridas,Pleno dia,Decrescente,Garoa/Chuvisco,Dupla,Reta,Não,2,0,1,0,1,0,1,2,-27.11744799,-48.60940987,SPRF-SC,DEL04-SC,UOP03-DEL04-SC,2023
"497224,0",2023-01-04,quarta-feira,13:30:00,SC,470,"12,7",NAVEGANTES,Avarias e/ou desgaste excessivo no pneu,Saída de leito carroçável,Com Vítimas Feridas,Pleno dia,Decrescente,Garoa/Chuvisco,Dupla,Reta,Não,4,0,1,0,3,0,1,1,-26.83817296,-48.76428723,SPRF-SC,DEL04-SC,UOP04-DEL04-SC,2023
"497280,0",2023-01-04,quarta-feira,14:50:00,SC,280,"88,2",CORUPA,Acumulo de óleo sobre o pavimento,Saída de leito carroçável,Com Vítimas Feridas,Pleno dia,Crescente,Garoa/Chuvisco,Simples,Reta,Não,1,0,1,0,0,0,1,1,-26.41501369,-49.25741675,SPRF-SC,DEL06-SC,UOP03-DEL06-SC,2023
"497320,0",2023-01-04,quarta-feira,20:40:00,SC,282,"603,2",MARAVILHA,Ingestão de álcool pelo condutor,Capotamento,Sem Vítimas,Plena Noite,Decrescente,Céu Claro,Simples,Reta,Não,2,0,0,0,2,0,0,1,-26.800215,-53.190606,SPRF-SC,DEL07-SC,UOP02-DEL07-SC,2023
"497345,0",2023-01-05,quinta-feira,03:00:00,SC,282,"109,2",ALFREDO WAGNER,Transitar na contramão,Colisão frontal,Com Vítimas Feridas,Plena Noite,Decrescente,Céu Claro,Simples,Curva,Não,5,0,1,3,1,0,4,2,-27.719378,-49.3582,SPRF-SC,DEL01-SC,UOP03-DEL01-SC,2023
"497355,0",2023-01-05,quinta-feira,01:20:00,SC,470,"91,9",ASCURRA,Velocidade Incompatível,Saída de leito carroçável,Sem Vítimas,Plena Noite,Crescente,Céu Claro,Simples,Reta,Não,1,0,0,0,1,0,0,1,-26.97769,-49.369198,SPRF-SC,DEL04-SC,UOP01-DEL04-SC,2023
"497359,0",2023-01-05,quinta-feira,07:15:00,SC,101,"127,5",ITAJAI,Condutor deixou de manter distância do veículo da frente,Colisão traseira,Com Vítimas Feridas,Pleno dia,Decrescente,Céu Claro,Dupla,Reta,Não,2,0,1,0,1,0,1,2,-26.9639319,-48.68328024,SPRF-SC,DEL04-SC,UOP04-DEL04-SC,2023
"497387,0",2023-01-05,quinta-feira,07:20:00,SC,280,"6,0",SAO FRANCISCO DO SUL,Acesso irregular,Colisão lateral mesmo sentido,Com Vítimas Feridas,Pleno dia,Crescente,Céu Claro,Simples,Reta,Sim,2,0,0,1,0,1,1,2,-26.26569095,-48.63361804,SPRF-SC,DEL03-SC,UOP03-DEL03-SC,2023
"497392,0",2023-01-05,quinta-feira,11:00:00,SC,101,"65,0",ARAQUARI,Condutor deixou de manter distância do veículo da frente,Colisão traseira,Com Vítimas Feridas,Pleno dia,Crescente,Sol,Múltipla,Reta,Não,3,0,1,0,1,1,1,2,-26.47135714,-48.74457217,SPRF-SC,DEL03-SC,UOP02-DEL03-SC,2023
"497394,0",2023-01-05,quinta-feira,12:30:00,SC,101,"184,9",BIGUACU,Ausência de reação do condutor,Tombamento,Com Vítimas Feridas,Pleno dia,Decrescente,Céu Claro,Dupla,Reta,Sim,1,0,1,0,0,0,1,1,-27.41613807,-48.6266443,SPRF-SC,DEL01-SC,UOP01-DEL01-SC,2023
"497409,0",2023-01-05,quinta-feira,11:00:00,SC,470,"2,2",NAVEGANTES,Ausência de reação do condutor,Colisão traseira,Com Vítimas Feridas,Pleno dia,Crescente,Céu Claro,Dupla,Reta,Não,2,0,0,1,0,1,1,2,-26.868551,-48.674831,SPRF-SC,DEL04-SC,UOP04-DEL04-SC,2023
"497442,0",2023-01-05,quinta-feira,16:50:00,SC,101,"212,0",PALHOCA,Condutor deixou de manter distância do veículo da frente,Colisão traseira,Com Vítimas Feridas,Pleno dia,Decrescente,Céu Claro,Múltipla,Reta,Sim,3,0,0,2,1,0,2,2,-27.62996929,-48.65903871,SPRF-SC,DEL01-SC,UOP02-DEL01-SC,2023
"497494,0",2023-01-05,quinta-feira,23:30:00,SC,101,"131,0",BALNEARIO CAMBORIU,Acessar a via sem observar a presença dos outros veículos,Colisão transversal,Com Vítimas Feridas,Plena Noite,Crescente,Céu Claro,Dupla,Reta,Não,3,0,0,1,2,0,1,2,-26.99064209,-48.66310912,SPRF-SC,DEL04-SC,UOP03-DEL04-SC,2023
"497500,0",2023-01-05,quinta-feira,21:36:00,SC,280,"20,0",ARAQUARI,Ultrapassagem Indevida,Colisão lateral sentido oposto,Com Vítimas Feridas,Plena Noite,Decrescente,Nublado,Simples,Reta,Sim,3,0,0,1,2,0,1,2,-26.36990477,-48.68224301,SPRF-SC,DEL03-SC,UOP03-DEL03-SC,2023
"497501,0",2023-01-05,quinta-feira,21:40:00,SC,101,"334,0",TUBARAO,Acessar a via sem observar a presença dos outros veículos,Colisão traseira,Com Vítimas Feridas,Plena Noite,Decrescente,Céu Claro,Simples,Reta,Sim,2,0,1,0,1,0,1,2,-28.46730446,-49.00604302,SPRF-SC,DEL02-SC,UOP01-DEL02-SC,2023
"497529,0",2023-01-06,sexta-feira,07:00:00,SC,285,"34,0",TIMBE DO SUL,Acessar a via sem observar a presença dos outros veículos,Colisão transversal,Com Vítimas Feridas,Pleno dia,Decrescente,Céu Claro,Simples,Curva;Interseção de Vias,Não,3,0,2,0,1,0,2,2,-28.83305745,-49.83462811,SPRF-SC,DEL02-SC,UOP02-DEL02-SC,2023
"497534,0",2023-01-06,sexta-feira,08:00:00,SC,470,"250,0",CURITIBANOS,Reação tardia ou ineficiente do condutor,Capotamento,Com Vítimas Feridas,Pleno dia,Decrescente,Céu Claro,Simples,Rotatória,Sim,4,0,1,0,3,0,1,1,-27.314182,-50.569588,SPRF-SC,DEL05-SC,UOP03-DEL05-SC,2023
"497565,0",2023-01-06,sexta-feira,12:10:00,SC,282,"388,0",JOACABA,Conversão proibida,Colisão transversal,Com Vítimas Feridas,Pleno dia,Crescente,Sol,Dupla,Curva;Interseção de Vias,Sim,4,0,1,0,3,0,1,2,-27.176217,-51.526541,SPRF-SC,DEL07-SC,UOP05-DEL07-SC,2023
"497591,0",2023-01-06,sexta-feira,14:25:00,SC,282,"502,6",XANXERE,Desrespeitar a preferência no cruzamento,Colisão transversal,Com Vítimas Feridas,Pleno dia,Crescente,Sol,Simples,Interseção de Vias,Sim,2,0,2,0,0,0,2,2,-26.885496,-52.393533,SPRF-SC,DEL07-SC,UOP01-DEL07-SC,2023
"497600,0",2023-01-06,sexta-feira,15:20:00,SC,101,"142,1",ITAPEMA,Demais falhas mecânicas ou elétricas,Tombamento,Com Vítimas Feridas,Pleno dia,Decrescente,Sol,Dupla,Curva,Sim,1,0,1,0,0,0,1,1,-27.056089,-48.599449,SPRF-SC,DEL04-SC,UOP03-DEL04-SC,2023
"497606,0",2023-01-06,sexta-feira,16:45:00,SC,101,"206,0",SAO JOSE,Trafegar com motocicleta (ou similar) entre as faixas,Colisão traseira,Com Vítimas Feridas,Pleno dia,Crescente,Nublado,Múltipla,Aclive;Reta,Sim,2,0,1,0,1,0,1,2,-27.59193546,-48.61824557,SPRF-SC,DEL01-SC,UOP01-DEL01-SC,2023
"497635,0",2023-01-06,sexta-feira,18:30:00,SC,101,"318,1",PESCARIA BRAVA,Condutor deixou de manter distância do veículo da frente,Engavetamento,Com Vítimas Feridas,Pleno dia,Decrescente,Céu Claro,Múltipla,Reta,Sim,3,0,1,0,2,0,1,3,-28.4266481,-48.86160099,SPRF-SC,DEL02-SC,UOP01-DEL02-SC,2023
"497643,0",2023-01-06,sexta-feira,18:05:00,SC,101,"334,6",TUBARAO,Condutor deixou de manter distância do veículo da frente,Colisão traseira,Com Vítimas Feridas,Pleno dia,Crescente,Céu Claro,Dupla,Reta,Sim,2,0,1,0,1,0,1,2,-28.47261472,-49.02339935,SPRF-SC,DEL02-SC,UOP01-DEL02-SC,2023
"497647,0",2023-01-06,sexta-feira,20:15:00,SC,101,"207,0",SAO JOSE,Ausência de reação do condutor,Colisão traseira,Com Vítimas Feridas,Plena Noite,Crescente,Nublado,Simples,Reta,Não,2,0,0,1,1,0,1,2,-27.60001226,-48.6226467,SPRF-SC,DEL01-SC,UOP01-DEL01-SC,2023
"497648,0",2023-01-06,sexta-feira,16:45:00,SC,470,"120,0",IBIRAMA,Acessar a via sem observar a presença dos outros veículos,Colisão lateral sentido oposto,Com Vítimas Feridas,Pleno dia,Crescente,Céu Claro,Simples,Reta,Não,2,0,1,0,1,0,1,2,-27.089924,-49.520416,SPRF-SC,DEL04-SC,UOP02-DEL04-SC,2023