id,data_inversa,dia_semana,horario,uf,br,km,municipio,causa_acidente,tipo_acidente,classificacao_acidente,fase_dia,sentido_via,condicao_metereologica,tipo_pista,tracado_via,uso_solo,pessoas,mortos,feridos_leves,feridos_graves,ilesos,ignorados,feridos,veiculos,latitude,longitude,regional,delegacia,uop,ano_arquivo
"497650,0",2023-01-06,sexta-feira,20:40:00,SC,101,"150,6",ITAPEMA,Reação tardia ou ineficiente do condutor,Tombamento,Com Vítimas Fatais,Plena Noite,Decrescente,Nublado,Múltipla,Reta,Sim,2,1,0,0,1,0,0,2,-27.12318,-48.609335,SPRF-SC,DEL04-SC,UOP03-DEL04-SC,2023
"497656,0",2023-01-06,sexta-feira,17:30:00,SC,470,"118,0",IBIRAMA,Conversão proibida,Colisão lateral mesmo sentido,Sem Vítimas,Pleno dia,Decrescente,Céu Claro,Simples,Reta,Não,2,0,0,0,2,0,0,2,-27.09321081,-49.52422142,SPRF-SC,DEL04-SC,UOP02-DEL04-SC,2023
"497702,0",2023-01-07,sábado,03:20:00,SC,470,"175,0",POUSO REDONDO,Velocidade Incompatível,Colisão frontal,Com Vítimas Feridas,Plena Noite,Crescente,Nublado,Simples,Aclive;Curva,Sim,3,0,1,1,1,0,2,2,-27.25617,-49.938969,SPRF-SC,DEL04-SC,UOP02-DEL04-SC,2023
"497707,0",2023-01-07,sábado,05:20:00,SC,101,"332,8",TUBARAO,Ausência de reação do condutor,Tombamento,Com Vítimas Feridas,Amanhecer,Crescente,Céu Claro,Simples,Declive,Sim,2,0,0,2,0,0,2,1,-28.46016431,-48.98968873,SPRF-SC,DEL02-SC,UOP01-DEL02-SC,2023
"497719,0",2023-01-07,sábado,07:00:00,SC,282,"21,0",PALHOCA,Ingestão de álcool e/ou substâncias psicoativas pelo pedestre,Colisão com objeto,Sem Vítimas,Pleno dia,Crescente,Nublado,Simples,Reta,Não,1,0,0,0,0,1,0,1,-27.68907,-48.717541,SPRF-SC,DEL01-SC,UOP02-DEL01-SC,2023
"497720,0",2023-01-07,sábado,05:15:00,SC,470,"337,0",CAMPOS NOVOS,Velocidade Incompatível,Saída de leito carroçável,Com Vítimas Feridas,Amanhecer,Crescente,Nublado,Simples,Reta,Não,1,0,0,1,0,0,1,1,-27.513157,-51.348293,SPRF-SC,DEL07-SC,UOP06-DEL07-SC,2023
"497729,0",2023-01-07,sábado,08:50:00,SC,101,"224,9",PALHOCA,Reação tardia ou ineficiente do condutor,Colisão traseira,Com Vítimas Feridas,Pleno dia,Crescente,Garoa/Chuvisco,Dupla,Declive,Não,3,0,1,0,1,1,1,2,-27.72384789,-48.64386769,SPRF-SC,DEL01-SC,UOP02-DEL01-SC,2023
"497732,0",2023-01-07,sábado,08:50:00,SC,101,"225,3",PALHOCA,Condutor deixou de manter distância do veículo da frente,Colisão traseira,Com Vítimas Feridas,Pleno dia,Crescente,Céu Claro,Simples,Reta,Não,3,0,1,0,2,0,1,2,-27.73292191,-48.6409567,SPRF-SC,DEL01-SC,UOP02-DEL01-SC,2023
"497753,0",2023-01-07,sábado,11:08:00,SC,101,"216,9",PALHOCA,Reação tardia ou ineficiente do condutor,Engavetamento,Com Vítimas Feridas,Pleno dia,Crescente,Nublado,Múltipla,Reta,Sim,7,0,2,0,5,0,2,5,-27.65981409,-48.67747798,SPRF-SC,DEL01-SC,UOP02-DEL01-SC,2023
"497770,0",2023-01-07,sábado,12:55:00,SC,282,"54,9",AGUAS MORNAS,Pista Escorregadia,Saída de leito carroçável,Com Vítimas Feridas,Pleno dia,Decrescente,Garoa/Chuvisco,Simples,Curva,Não,2,0,1,0,1,0,1,1,-27.685799,-48.974514,SPRF-SC,DEL01-SC,UOP03-DEL01-SC,2023
"497784,0",2023-01-07,sábado,15:00:00,SC,101,"117,0",ITAJAI,Desrespeitar a preferência no cruzamento,Colisão transversal,Com Vítimas Feridas,Pleno dia,Crescente,Céu Claro,Dupla,Interseção de Vias,Não,3,0,1,0,2,0,1,2,-26.88747187,-48.72252969,SPRF-SC,DEL04-SC,UOP04-DEL04-SC,2023
"497787,0",2023-01-07,sábado,13:40:00,SC,280,"162,0",MAFRA,Condutor Dormindo,Saída de leito carroçável,Com Vítimas Feridas,Pleno dia,Decrescente,Céu Claro,Simples,Reta,Não,1,0,1,0,0,0,1,1,-26.20386631,-49.79088509,SPRF-SC,DEL06-SC,UOP03-DEL06-SC,2023
"497797,0",2023-01-07,sábado,13:50:00,SC,282,"259,0",SAO JOSE DO CERRITO,Velocidade Incompatível,Tombamento,Com Vítimas Feridas,Pleno dia,Decrescente,Céu Claro,Simples,Curva;Declive,Não,2,0,2,0,0,0,2,1,-27.65589662,-50.5967617,SPRF-SC,DEL05-SC,UOP02-DEL05-SC,2023
"497801,0",2023-01-07,sábado,16:50:00,SC,470,"49,1",BLUMENAU,Ausência de reação do condutor,Saída de leito carroçável,Com Vítimas Fatais,Pleno dia,Crescente,Nublado,Dupla,Reta;Viaduto,Não,1,1,0,0,0,0,0,1,-26.86111755,-49.06701207,SPRF-SC,DEL04-SC,UOP01-DEL04-SC,2023
"497808,0",2023-01-07,sábado,15:00:00,SC,101,"86,0",BARRA VELHA,Condutor deixou de manter distância do veículo da frente,Colisão traseira,Com Vítimas Feridas,Pleno dia,Crescente,Sol,Dupla,Reta,Sim,3,0,1,0,2,0,1,2,-26.63277317,-48.70232513,SPRF-SC,DEL03-SC,UOP02-DEL03-SC,2023
"497810,0",2023-01-07,sábado,17:15:00,SC,101,"120,3",ITAJAI,Velocidade Incompatível,Queda de ocupante de veículo,Com Vítimas Feridas,Pleno dia,Decrescente,Céu Claro,Múltipla,Reta,Sim,1,0,1,0,0,0,1,1,-26.912758,-48.711998,SPRF-SC,DEL04-SC,UOP04-DEL04-SC,2023
"497816,0",2023-01-07,sábado,18:20:00,SC,101,"120,0",ITAJAI,Ingestão de álcool pelo condutor,Colisão traseira,Sem Vítimas,Pleno dia,Decrescente,Céu Claro,Dupla,Reta,Sim,2,0,0,0,2,0,0,2,-26.912758,-48.711998,SPRF-SC,DEL04-SC,UOP04-DEL04-SC,2023
"497817,0",2023-01-07,sábado,15:25:00,SC,101,"271,9",IMBITUBA,Falta de acostamento,Saída de leito carroçável,Com Vítimas Fatais,Pleno dia,Decrescente,Sol,Múltipla,Reta,Não,3,1,0,2,0,0,2,1,-28.11011972,-48.70211279,SPRF-SC,DEL02-SC,UOP03-DEL02-SC,2023
"497823,0",2023-01-07,sábado,13:10:00,SC,153,"59,8",IRANI,Desrespeitar a preferência no cruzamento,Colisão transversal,Com Vítimas Feridas,Pleno dia,Decrescente,Céu Claro,Simples,Interseção de Vias,Não,4,0,1,0,3,0,1,2,-26.967562,-51.850391,SPRF-SC,DEL07-SC,UOP04-DEL07-SC,2023
"497855,0",2023-01-07,sábado,20:20:00,SC,282,"83,0",ALFREDO WAGNER,Curva acentuada,Saída de leito carroçável,Com Vítimas Feridas,Plena Noite,Decrescente,Céu Claro,Simples,Aclive;Curva,Não,1,0,0,1,0,0,1,1,-27.666153,-49.175022,SPRF-SC,DEL01-SC,UOP03-DEL01-SC,2023
"497873,0",2023-01-07,sábado,23:50:00,SC,101,"148,0",ITAPEMA,Ausência de reação do condutor,Colisão traseira,Com Vítimas Feridas,Plena Noite,Decrescente,Céu Claro,Dupla,Reta;Declive,Sim,2,0,0,1,1,0,1,2,-27.10123686,-48.61807962,SPRF-SC,DEL04-SC,UOP03-DEL04-SC,2023
"497879,0",2023-01-08,domingo,00:05:00,SC,101,"232,7",PALHOCA,Ultrapassagem Indevida,Colisão lateral mesmo sentido,Com Vítimas Feridas,Plena Noite,Decrescente,Céu Claro,Dupla,Reta,Não,3,0,1,0,2,0,1,2,-27.795666,-48.638153,SPRF-SC,DEL01-SC,UOP02-DEL01-SC,2023
"497887,0",2023-01-08,domingo,00:25:00,SC,480,"129,0",CHAPECO,Velocidade Incompatível,Saída de leito carroçável,Com Vítimas Feridas,Plena Noite,Decrescente,Céu Claro,Dupla,Curva,Não,1,0,1,0,0,0,1,1,-27.04656607,-52.63577131,SPRF-SC,DEL07-SC,UOP01-DEL07-SC,2023
"497921,0",2023-01-08,domingo,05:20:00,SC,101,"273,1",IMBITUBA,Frear bruscamente,Colisão traseira,Sem Vítimas,Amanhecer,Crescente,Céu Claro,Dupla,Reta,Não,2,0,0,0,2,0,0,2,-28.12382408,-48.69625015,SPRF-SC,DEL02-SC,UOP03-DEL02-SC,2023
"497922,0",2023-01-08,domingo,06:30:00,SC,470,"54,6",BLUMENAU,Ausência de reação do condutor,Colisão com objeto,Sem Vítimas,Pleno dia,Crescente,Céu Claro,Simples,Interseção de Vias,Não,1,0,0,0,0,1,0,1,-26.871065,-49.110374,SPRF-SC,DEL04-SC,UOP01-DEL04-SC,2023
"497923,0",2023-01-08,domingo,05:30:00,SC,163,"69,5",SAO MIGUEL DO OESTE,Ausência de reação do condutor,Colisão com objeto,Sem Vítimas,Amanhecer,Decrescente,Céu Claro,Dupla,Reta;Declive,Sim,1,0,0,0,0,1,0,1,-26.74132699,-53.50120591,SPRF-SC,DEL07-SC,UOP03-DEL07-SC,2023
"497924,0",2023-01-08,domingo,06:00:00,SC,101,"62,0",ARAQUARI,Reação tardia ou ineficiente do condutor,Colisão com objeto,Sem Vítimas,Pleno dia,Decrescente,Sol,Dupla,Declive;Curva;Viaduto,Sim,1,0,0,0,0,1,0,1,-26.45504246,-48.76711901,SPRF-SC,DEL03-SC,UOP02-DEL03-SC,2023
"497925,0",2023-01-08,domingo,06:00:00,SC,280,"237,0",CANOINHAS,Reação tardia ou ineficiente do condutor,Saída de leito carroçável,Sem Vítimas,Pleno dia,Decrescente,Nublado,Simples,Reta;Declive,Não,3,0,0,0,3,0,0,1,-26.19844599,-50.43216601,SPRF-SC,DEL06-SC,UOP04-DEL06-SC,2023
"497940,0",2023-01-08,domingo,07:10:00,SC,282,"192,5",LAGES,Velocidade Incompatível,Saída de leito carroçável,Com Vítimas Feridas,Pleno dia,Crescente,Céu Claro,Simples,Reta,Não,4,0,4,0,0,0,4,1,-27.743231,-50.055424,SPRF-SC,DEL05-SC,UOP01-DEL05-SC,2023
"497959,0",2023-01-08,domingo,10:20:00,SC,101,"89,0",BARRA VELHA,Avarias e/ou desgaste excessivo no pneu,Queda de ocupante de veículo,Com Vítimas Feridas,Pleno dia,Decrescente,Sol,Múltipla,Reta,Sim,2,0,2,0,0,0,2,1,-26.65175997,-48.68721921,SPRF-SC,DEL03-SC,UOP02-DEL03-SC,2023
"497960,0",2023-01-08,domingo,10:50:00,SC,101,"211,7",PALHOCA,Condutor deixou de manter distância do veículo da frente,Colisão traseira,Com Vítimas Feridas,Pleno dia,Crescente,Céu Claro,Dupla,Reta,Sim,4,0,2,0,2,0,2,3,-27.62329313,-48.65245588,SPRF-SC,DEL01-SC,UOP02-DEL01-SC,2023
"497967,0",2023-01-08,domingo,11:55:00,SC,101,"212,8",PALHOCA,Condutor deixou de manter distância do veículo da frente,Colisão traseira,Com Vítimas Feridas,Pleno dia,Decrescente,Céu Claro,Múltipla,Reta,Sim,4,0,0,2,1,1,2,4,-27.62996929,-48.65903871,SPRF-SC,DEL01-SC,UOP02-DEL01-SC,2023
"497974,0",2023-01-08,domingo,10:45:00,SC,280,"258,7",CANOINHAS,Ultrapassagem Indevida,Colisão frontal,Com Vítimas Feridas,Pleno dia,Crescente,Céu Claro,Simples,Reta,Não,6,0,4,1,0,1,5,3,-26.26304631,-50.61827002,SPRF-SC,DEL06-SC,UOP04-DEL06-SC,2023
"497994,0",2023-01-08,domingo,14:45:00,SC,280,"241,5",CANOINHAS,Frear bruscamente,Saída de leito carroçável,Com Vítimas Feridas,Pleno dia,Crescente,Céu Claro,Simples,Reta;Declive,Não,2,0,2,0,0,0,2,1,-26.22501599,-50.45997601,SPRF-SC,DEL06-SC,UOP04-DEL06-SC,2023
"498001,0",2023-01-08,domingo,14:45:00,SC,153,"83,4",CONCORDIA,Transitar na contramão,Colisão transversal,Com Vítimas Feridas,Pleno dia,Crescente,Sol,Simples,Curva,Não,2,0,1,1,0,0,2,2,-27.13492411,-51.91726685,SPRF-SC,DEL07-SC,UOP04-DEL07-SC,2023
"498013,0",2023-01-08,domingo,10:55:00,SC,470,"135,3",RIO DO SUL,Velocidade Incompatível,Tombamento,Com Vítimas Feridas,Pleno dia,Crescente,Nublado,Simples,Reta,Sim,1,0,1,0,0,0,1,1,-27.188492,-49.61232,SPRF-SC,DEL04-SC,UOP02-DEL04-SC,2023
"498027,0",2023-01-08,domingo,17:50:00,SC,101,"145,0",ITAPEMA,Ausência de reação do condutor,Colisão traseira,Com Vítimas Feridas,Pleno dia,Decrescente,Céu Claro,Dupla,Reta;Aclive,Não,3,0,1,1,1,0,2,2,-27.08139206,-48.60130993,SPRF-SC,DEL04-SC,UOP03-DEL04-SC,2023
"498028,0",2023-01-08,domingo,17:58:00,SC,280,"125,9",RIO NEGRINHO,Acessar a via sem observar a presença dos outros veículos,Colisão transversal,Sem Vítimas,Pleno dia,Decrescente,Céu Claro,Simples,Aclive,Sim,2,0,0,0,2,0,0,2,-26.23763684,-49.48434497,SPRF-SC,DEL06-SC,UOP03-DEL06-SC,2023
"498036,0",2023-01-08,domingo,04:23:00,SC,282,"418,0",VARGEM BONITA,Reação tardia ou ineficiente do condutor,Capotamento,Sem Vítimas,Amanhecer,Decrescente,Céu Claro,Simples,Reta;Declive,Sim,1,0,0,0,1,0,0,1,-27.006169,-51.737903,SPRF-SC,DEL07-SC,UOP05-DEL07-SC,2023
"498057,0",2023-01-08,domingo,19:30:00,SC,280,"128,0",RIO NEGRINHO,Acessar a via sem observar a presença dos outros veículos,Colisão transversal,Com Vítimas Feridas,Anoitecer,Decrescente,Céu Claro,Simples,Reta,Não,5,0,1,0,4,0,1,2,-26.24317941,-49.51320018,SPRF-SC,DEL06-SC,UOP03-DEL06-SC,2023
"498059,0",2023-01-08,domingo,19:30:00,SC,101,"146,0",ITAPEMA,Reação tardia ou ineficiente do condutor,Tombamento,Com Vítimas Feridas,Plena Noite,Decrescente,Nublado,Múltipla,Reta,Sim,2,0,2,0,0,0,2,1,-27.08666525,-48.60955587,SPRF-SC,DEL04-SC,UOP03-DEL04-SC,2023
"498063,0",2023-01-08,domingo,19:45:00,SC,101,"264,8",PAULO LOPES,Ingestão de álcool pelo condutor,Saída de leito carroçável,Com Vítimas Feridas,Plena Noite,Crescente,Garoa/Chuvisco,Dupla,Reta;Declive,Sim,2,0,0,1,1,0,1,1,-28.05149404,-48.71632789,SPRF-SC,DEL02-SC,UOP03-DEL02-SC,2023
"498081,0",2023-01-05,quinta-feira,17:20:00,SC,101,"265,2",PAULO LOPES,Ultrapassagem Indevida,Colisão lateral mesmo sentido,Com Vítimas Feridas,Anoitecer,Decrescente,Céu Claro,Simples,Declive;Reta,Sim,4,0,1,2,0,1,3,3,-28.06001385,-48.71690948,SPRF-SC,DEL02-SC,UOP03-DEL02-SC,2023
"498087,0",2023-01-08,domingo,00:10:00,SC,282,"363,0",ERVAL VELHO,Reação tardia ou ineficiente do condutor,Capotamento,Sem Vítimas,Plena Noite,Decrescente,Céu Claro,Dupla,Curva,Não,1,0,0,0,1,0,0,1,-27.302458,-51.390484,SPRF-SC,DEL07-SC,UOP05-DEL07-SC,2023
"498110,0",2023-01-08,domingo,19:45:00,SC,101,"314,0",LAGUNA,Reação tardia ou ineficiente do condutor,Saída de leito carroçável,Com Vítimas Feridas,Plena Noite,Crescente,Céu Claro,Simples,Reta,Não,1,0,0,1,0,0,1,1,-28.4289462,-48.84649694,SPRF-SC,DEL02-SC,UOP01-DEL02-SC,2023
"498112,0",2023-01-09,segunda-feira,01:30:00,SC,101,"118,9",ITAJAI,Demais falhas mecânicas ou elétricas,Incêndio,Sem Vítimas,Plena Noite,Decrescente,Céu Claro,Dupla,Reta,Não,1,0,0,0,1,0,0,1,-26.895859,-48.71903,SPRF-SC,DEL04-SC,UOP04-DEL04-SC,2023
"498120,0",2023-01-09,segunda-feira,02:00:00,SC,101,"120,0",ITAJAI,Transitar na contramão,Colisão frontal,Com Vítimas Feridas,Plena Noite,Crescente,Céu Claro,Múltipla,Curva;Declive,Sim,2,0,0,1,1,0,1,2,-26.91964967,-48.71023536,SPRF-SC,DEL04-SC,UOP04-DEL04-SC,2023
"498156,0",2023-01-09,segunda-feira,09:03:00,SC,101,"205,0",SAO JOSE,Manobra de mudança de faixa,Colisão lateral mesmo sentido,Com Vítimas Feridas,Pleno dia,Crescente,Céu Claro,Múltipla,Reta,Sim,2,0,1,0,1,0,1,2,-27.58313237,-48.61532885,SPRF-SC,DEL01-SC,UOP01-DEL01-SC,2023
"498215,0",2023-01-09,segunda-feira,14:10:00,SC,101,"334,0",TUBARAO,Ausência de reação do condutor,Colisão traseira,Com Vítimas Feridas,Pleno dia,Crescente,Céu Claro,Dupla,Reta,Sim,2,0,0,1,1,0,1,2,-28.46730446,-49.00604302,SPRF-SC,DEL02-SC,UOP01-DEL02-SC,2023
"498218,0",2023-01-09,segunda-feira,08:25:00,SC,101,"368,8",ICARA,Transitar na contramão,Saída de leito carroçável,Com Vítimas Fatais,Pleno dia,Crescente,Céu Claro,Múltipla,Reta,Não,4,1,0,3,0,0,3,2,-28.7004213,-49.1947511,SPRF-SC,DEL02-SC,UOP01-DEL02-SC,2023
"498223,0",2023-01-09,segunda-feira,11:00:00,SC,101,"327,1",CAPIVARI DE BAIXO,Condutor deixou de manter distância do veículo da frente,Colisão traseira,Com Vítimas Feridas,Pleno dia,Decrescente,Sol,Simples,Interseção de Vias,Sim,3,0,2,0,1,0,2,2,-28.43760057,-48.96129012,SPRF-SC,DEL02-SC,UOP01-DEL02-SC,2023
"498259,0",2023-01-09,segunda-feira,12:30:00,SC,282,"563,0",NOVA ERECHIM,Ingestão de álcool pelo condutor,Saída de leito carroçável,Com Vítimas Feridas,Pleno dia,Decrescente,Céu Claro,Simples,Reta,Não,1,0,1,0,0,0,1,1,-26.902191,-52.868835,SPRF-SC,DEL07-SC,UOP02-DEL07-SC,2023
"498260,0",2023-01-09,segunda-feira,17:15:00,SC,470,"37,9",GASPAR,Retorno proibido,Colisão lateral mesmo sentido,Com Vítimas Feridas,Plena Noite,Crescente,Céu Claro,Simples,Em Obras;Desvio Temporário,Sim,2,0,1,0,1,0,1,2,-26.912727,-48.978043,SPRF-SC,DEL04-SC,UOP01-DEL04-SC,2023
"498269,0",2023-01-09,segunda-feira,18:20:00,SC,101,"135,2",BALNEARIO CAMBORIU,Entrada inopinada do pedestre,Atropelamento de Pedestre,Com Vítimas Fatais,Anoitecer,Decrescente,Céu Claro,Múltipla,Viaduto,Sim,2,1,0,0,1,0,0,2,-27.005419,-48.624871,SPRF-SC,DEL04-SC,UOP03-DEL04-SC,2023
"498275,0",2023-01-09,segunda-feira,19:05:00,SC,101,"462,0",PASSO DE TORRES,Demais falhas mecânicas ou elétricas,Incêndio,Sem Vítimas,Anoitecer,Crescente,Céu Claro,Dupla,Reta,Não,4,0,0,0,4,0,0,1,-29.27577495,-49.75499332,SPRF-RS,DEL03-RS,UOP02-DEL03-RS,2023
"498276,0",2023-01-09,segunda-feira,18:30:00,SC,280,"210,0",TRES BARRAS,Acessar a via sem observar a presença dos outros veículos,Colisão transversal,Com Vítimas Feridas,Pleno dia,Decrescente,Céu Claro,Simples,Reta,Não,4,0,0,1,2,1,1,3,-26.17399809,-50.16814498,SPRF-SC,DEL06-SC,UOP04-DEL06-SC,2023
"498286,0",2023-01-09,segunda-feira,20:20:00,SC,280,"54,5",GUARAMIRIM,Reação tardia ou ineficiente do condutor,Colisão traseira,Com Vítimas Feridas,Plena Noite,Crescente,Nublado,Dupla,Reta;Interseção de Vias,Sim,3,0,1,0,2,0,1,2,-26.47539893,-48.983748,SPRF-SC,DEL03-SC,UOP03-DEL03-SC,2023
"498297,0",2023-01-09,segunda-feira,19:45:00,SC,470,"59,9",BLUMENAU,Conversão proibida,Colisão transversal,Com Vítimas Feridas,Plena Noite,Decrescente,Nublado,Simples,Reta,Sim,2,0,1,0,1,0,1,2,-26.88114554,-49.16550463,SPRF-SC,DEL04-SC,UOP01-DEL04-SC,2023
"498304,0",2023-01-09,segunda-feira,19:00:00,SC,101,"276,0",IMBITUBA,Ultrapassagem Indevida,Colisão lateral mesmo sentido,Com Vítimas Feridas,Anoitecer,Crescente,Céu Claro,Simples,Reta,Sim,2,0,1,0,1,0,1,2,-28.14644701,-48.69204746,SPRF-SC,DEL02-SC,UOP03-DEL02-SC,2023
"498328,0",2023-01-10,terça-feira,04:30:00,SC,282,"2,5",FLORIANOPOLIS,Condutor Dormindo,Queda de ocupante de veículo,Com Vítimas Feridas,Plena Noite,Crescente,Céu Claro,Múltipla,Reta,Sim,1,0,1,0,0,0,1,1,-27.603289,-48.590416,SPRF-SC,DEL01-SC,UOP01-DEL01-SC,2023
"498333,0",2023-01-10,terça-feira,06:00:00,SC,101,"135,0",BALNEARIO CAMBORIU,Acessar a via sem observar a presença dos outros veículos,Colisão transversal,Com Vítimas Feridas,Amanhecer,Crescente,Céu Claro,Simples,Reta,Não,2,0,0,1,1,0,1,2,-27.0050108,-48.62677494,SPRF-SC,DEL04-SC,UOP03-DEL04-SC,2023
"498337,0",2023-01-10,terça-feira,06:30:00,SC,101,"357,2",SANGAO,Ausência de reação do condutor,Saída de leito carroçável,Sem Vítimas,Amanhecer,Decrescente,Céu Claro,Simples,Interseção de Vias,Sim,1,0,0,0,0,1,0,1,-28.635168,-49.09467,SPRF-SC,DEL02-SC,UOP01-DEL02-SC,2023
"498358,0",2023-01-10,terça-feira,07:40:00,SC,116,"72,2",MONTE CASTELO,Ausência de reação do condutor,Colisão traseira,Com Vítimas Feridas,Pleno dia,Decrescente,Céu Claro,Simples,Reta,Não,3,0,1,0,2,0,1,2,-26.48707,-50.23276105,SPRF-SC,DEL06-SC,UOP02-DEL06-SC,2023
"498375,0",2023-01-10,terça-feira,11:40:00,SC,163,"68,4",SAO MIGUEL DO OESTE,Reação tardia ou ineficiente do condutor,Colisão traseira,Com Vítimas Feridas,Pleno dia,Crescente,Nublado,Dupla,Reta,Sim,2,0,1,0,1,0,1,2,-26.74674093,-53.50080013,SPRF-SC,DEL07-SC,UOP03-DEL07-SC,2023
"498377,0",2023-01-10,terça-feira,11:15:00,SC,101,"135,4",BALNEARIO CAMBORIU,Ingestão de álcool pelo condutor,Colisão com objeto,Sem Vítimas,Pleno dia,Decrescente,Sol,Simples,Curva,Não,1,0,0,0,1,0,0,1,-27.0050108,-48.62677494,SPRF-SC,DEL04-SC,UOP03-DEL04-SC,2023
"498386,0",2023-01-10,terça-feira,12:55:00,SC,101,"296,2",IMBITUBA,Carga excessiva e/ou mal acondicionada,Colisão com objeto,Com Vítimas Feridas,Pleno dia,Decrescente,Céu Claro,Dupla,Reta,Não,3,0,1,0,2,0,1,2,-28.33093038,-48.73242259,SPRF-SC,DEL02-SC,UOP03-DEL02-SC,2023
"498399,0",2023-01-10,terça-feira,16:15:00,SC,101,"137,1",BALNEARIO CAMBORIU,Reação tardia ou ineficiente do condutor,Colisão lateral mesmo sentido,Sem Vítimas,Pleno dia,Decrescente,Céu Claro,Múltipla,Viaduto;Interseção de Vias,Sim,3,0,0,0,2,1,0,3,-27.01707667,-48.61101508,SPRF-SC,DEL04-SC,UOP03-DEL04-SC,2023
"498403,0",2023-01-10,terça-feira,13:50:00,SC,470,"33,0",GASPAR,Manobra de mudança de faixa,Colisão lateral mesmo sentido,Com Vítimas Feridas,Pleno dia,Decrescente,Céu Claro,Dupla,Reta,Não,2,0,0,1,1,0,1,2,-26.906223,-48.940575,SPRF-SC,DEL04-SC,UOP01-DEL04-SC,2023
"498418,0",2023-01-10,terça-feira,17:55:00,SC,101,"212,3",PALHOCA,Reação tardia ou ineficiente do condutor,Colisão traseira,Com Vítimas Feridas,Pleno dia,Crescente,Céu Claro,Múltipla,Reta,Sim,2,0,0,1,1,0,1,2,-27.62996929,-48.65903871,SPRF-SC,DEL01-SC,UOP02-DEL01-SC,2023
"498421,0",2023-01-10,terça-feira,18:20:00,SC,101,"205,5",SAO JOSE,Manobra de mudança de faixa,Colisão traseira,Com Vítimas Feridas,Anoitecer,Crescente,Céu Claro,Múltipla,Reta,Sim,2,0,0,1,1,0,1,2,-27.58937228,-48.61737013,SPRF-SC,DEL01-SC,UOP01-DEL01-SC,2023
"498432,0",2023-01-10,terça-feira,17:06:00,SC,282,"410,0",CATANDUVAS,Acessar a via sem observar a presença dos outros veículos,Colisão transversal,Com Vítimas Feridas,Pleno dia,Decrescente,Céu Claro,Simples,Interseção de Vias,Sim,2,0,1,0,1,0,1,2,-27.061399,-51.671875,SPRF-SC,DEL07-SC,UOP05-DEL07-SC,2023
"498487,0",2023-01-11,quarta-feira,07:30:00,SC,470,"246,0",CURITIBANOS,Reação tardia ou ineficiente do condutor,Colisão lateral mesmo sentido,Com Vítimas Feridas,Pleno dia,Decrescente,Céu Claro,Simples,Reta,Sim,2,0,1,0,1,0,1,2,-27.315086,-50.532715,SPRF-SC,DEL05-SC,UOP03-DEL05-SC,2023
"498509,0",2023-01-11,quarta-feira,10:20:00,SC,101,"206,0",SAO JOSE,Ausência de reação do condutor,Colisão traseira,Com Vítimas Feridas,Pleno dia,Crescente,Céu Claro,Múltipla,Reta,Não,3,0,1,0,2,0,1,2,-27.59193546,-48.61824557,SPRF-SC,DEL01-SC,UOP01-DEL01-SC,2023
"498546,0",2023-01-11,quarta-feira,15:00:00,SC,101,"233,9",PALHOCA,Ausência de reação do condutor,Colisão traseira,Com Vítimas Feridas,Pleno dia,Decrescente,Nublado,Dupla,Reta;Aclive,Não,3,0,0,1,2,0,1,2,-27.80376397,-48.63826211,SPRF-SC,DEL01-SC,UOP02-DEL01-SC,2023
"498569,0",2023-01-11,quarta-feira,17:10:00,SC,116,"245,3",LAGES,Condutor deixou de manter distância do veículo da frente,Colisão traseira,Sem Vítimas,Pleno dia,Decrescente,Céu Claro,Simples,Reta,Não,2,0,0,0,2,0,0,2,-27.79544281,-50.36187437,SPRF-SC,DEL05-SC,UOP01-DEL05-SC,2023
"498573,0",2023-01-11,quarta-feira,18:10:00,SC,101,"54,5",JOINVILLE,Reação tardia ou ineficiente do condutor,Colisão traseira,Com Vítimas Feridas,Pleno dia,Crescente,Nublado,Dupla,Reta,Não,2,0,1,0,1,0,1,2,-26.41319508,-48.83617332,SPRF-SC,DEL03-SC,UOP01-DEL03-SC,2023
"498576,0",2023-01-11,quarta-feira,11:20:00,SC,282,"438,0",IRANI,Demais falhas mecânicas ou elétricas,Incêndio,Sem Vítimas,Pleno dia,Decrescente,Céu Claro,Simples,Reta,Não,1,0,0,0,0,1,0,1,-26.95389,-51.855713,SPRF-SC,DEL07-SC,UOP04-DEL07-SC,2023
"498612,0",2023-01-11,quarta-feira,21:05:00,SC,282,"277,0",SAO JOSE DO CERRITO,Reação tardia ou ineficiente do condutor,Saída de leito carroçável,Com Vítimas Fatais,Plena Noite,Decrescente,Nublado,Simples,Curva,Não,3,1,1,0,0,1,1,2,-27.59433737,-50.73589325,SPRF-SC,DEL05-SC,UOP02-DEL05-SC,2023
"498623,0",2023-01-11,quarta-feira,23:20:00,SC,470,"33,4",GASPAR,Ausência de reação do condutor,Colisão traseira,Com Vítimas Feridas,Plena Noite,Crescente,Nublado,Dupla,Reta,Não,3,0,1,0,2,0,1,2,-26.906223,-48.940575,SPRF-SC,DEL04-SC,UOP01-DEL04-SC,2023
"498637,0",2023-01-12,quinta-feira,00:00:00,SC,101,"421,0",SAO JOAO DO SUL,Manobra de mudança de faixa,Saída de leito carroçável,Sem Vítimas,Plena Noite,Crescente,Ignorado,Dupla,Interseção de Vias,Não,1,0,0,0,1,0,0,1,-29.239,-49.756,SPRF-SC,DEL02-SC,UOP02-DEL02-SC,2023