id,data_inversa,dia_semana,horario,uf,br,km,municipio,causa_acidente,tipo_acidente,classificacao_acidente,fase_dia,sentido_via,condicao_metereologica,tipo_pista,tracado_via,uso_solo,pessoas,mortos,feridos_leves,feridos_graves,ilesos,ignorados,feridos,veiculos,latitude,longitude,regional,delegacia,uop,ano_arquivo
"498650,0",2023-01-11,quarta-feira,20:00:00,SC,101,"103,0",PENHA,Ausência de reação do condutor,Queda de ocupante de veículo,Com Vítimas Feridas,Plena Noite,Decrescente,Céu Claro,Dupla,Curva,Não,2,0,2,0,0,0,2,1,-26.7832381,-48.68314632,SPRF-SC,DEL03-SC,UOP02-DEL03-SC,2023
"498657,0",2023-01-12,quinta-feira,06:40:00,SC,101,"182,0",BIGUACU,Ingestão de álcool pelo condutor,Capotamento,Com Vítimas Feridas,Pleno dia,Crescente,Céu Claro,Dupla,Reta,Não,2,0,2,0,0,0,2,1,-27.39798985,-48.6303592,SPRF-SC,DEL01-SC,UOP01-DEL01-SC,2023
"498661,0",2023-01-12,quinta-feira,07:15:00,SC,470,"58,6",BLUMENAU,Acessar a via sem observar a presença dos outros veículos,Colisão lateral mesmo sentido,Com Vítimas Feridas,Pleno dia,Crescente,Céu Claro,Simples,Aclive;Curva;Em Obras,Sim,2,0,1,0,1,0,1,2,-26.883879,-49.145622,SPRF-SC,DEL04-SC,UOP01-DEL04-SC,2023
"498676,0",2023-01-03,terça-feira,12:20:00,SC,101,"153,0",ITAPEMA,Trafegar com motocicleta (ou similar) entre as faixas,Colisão traseira,Com Vítimas Feridas,Pleno dia,Decrescente,Céu Claro,Dupla,Reta,Sim,2,0,0,1,0,1,1,2,-27.144717,-48.61063935,SPRF-SC,DEL04-SC,UOP03-DEL04-SC,2023
"498678,0",2023-01-12,quinta-feira,09:20:00,SC,101,"191,6",BIGUACU,Demais falhas mecânicas ou elétricas,Queda de ocupante de veículo,Com Vítimas Feridas,Pleno dia,Crescente,Céu Claro,Dupla,Reta,Sim,2,0,2,0,0,0,2,1,-27.47730273,-48.64127329,SPRF-SC,DEL01-SC,UOP01-DEL01-SC,2023
"498706,0",2023-01-12,quinta-feira,10:45:00,SC,101,"151,0",ITAPEMA,Condutor deixou de manter distância do veículo da frente,Colisão traseira,Com Vítimas Feridas,Pleno dia,Crescente,Céu Claro,Dupla,Reta,Sim,2,0,0,1,0,1,1,2,-27.126536,-48.609642,SPRF-SC,DEL04-SC,UOP03-DEL04-SC,2023
"498714,0",2023-01-12,quinta-feira,11:45:00,SC,470,"149,7",AGRONOMICA,Acesso irregular,Colisão lateral mesmo sentido,Com Vítimas Feridas,Pleno dia,Decrescente,Céu Claro,Simples,Reta;Rotatória,Não,2,0,1,0,1,0,1,2,-27.252104,-49.702129,SPRF-SC,DEL04-SC,UOP02-DEL04-SC,2023
"498764,0",2023-01-12,quinta-feira,17:30:00,SC,282,"624,4",IRACEMINHA,Reação tardia ou ineficiente do condutor,Colisão traseira,Com Vítimas Feridas,Pleno dia,Decrescente,Garoa/Chuvisco,Simples,Reta;Interseção de Vias,Não,2,0,1,0,1,0,1,2,-26.79894484,-53.3454895,SPRF-SC,DEL07-SC,UOP02-DEL07-SC,2023
"498788,0",2023-01-12,quinta-feira,17:55:00,SC,470,"4,0",NAVEGANTES,Desrespeitar a preferência no cruzamento,Colisão transversal,Com Vítimas Feridas,Anoitecer,Decrescente,Céu Claro,Dupla,Rotatória,Sim,2,0,1,0,1,0,1,2,-26.858473,-48.690788,SPRF-SC,DEL04-SC,UOP04-DEL04-SC,2023
"498810,0",2023-01-12,quinta-feira,10:15:00,SC,163,"80,7",GUARACIABA,Condutor deixou de manter distância do veículo da frente,Colisão traseira,Sem Vítimas,Pleno dia,Decrescente,Céu Claro,Simples,Curva;Declive,Não,2,0,0,0,2,0,0,2,-26.65043908,-53.5185463,SPRF-SC,DEL07-SC,UOP03-DEL07-SC,2023
"498831,0",2023-01-13,sexta-feira,07:00:00,SC,282,"1,9",SAO JOSE,Ausência de reação do condutor,Tombamento,Com Vítimas Feridas,Pleno dia,Crescente,Céu Claro,Múltipla,Reta,Sim,2,0,1,0,1,0,1,1,-27.602955,-48.580509,SPRF-SC,DEL01-SC,UOP01-DEL01-SC,2023
"498856,0",2023-01-09,segunda-feira,07:20:00,SC,101,"130,0",BALNEARIO CAMBORIU,Condutor deixou de manter distância do veículo da frente,Colisão traseira,Com Vítimas Feridas,Pleno dia,Decrescente,Sol,Dupla,Reta,Sim,2,0,1,0,1,0,1,2,-26.98407618,-48.66977107,SPRF-SC,DEL04-SC,UOP03-DEL04-SC,2023
"498861,0",2023-01-13,sexta-feira,08:27:00,SC,101,"209,7",SAO JOSE,Reação tardia ou ineficiente do condutor,Tombamento,Com Vítimas Feridas,Pleno dia,Crescente,Céu Claro,Dupla,Viaduto,Sim,1,0,1,0,0,0,1,1,-27.61000542,-48.63895057,SPRF-SC,DEL01-SC,UOP01-DEL01-SC,2023
"498871,0",2023-01-13,sexta-feira,09:15:00,SC,101,"33,0",JOINVILLE,Velocidade Incompatível,Queda de ocupante de veículo,Com Vítimas Feridas,Pleno dia,Crescente,Céu Claro,Simples,Aclive;Curva,Não,1,0,1,0,0,0,1,1,-26.25708872,-48.90632629,SPRF-SC,DEL03-SC,UOP01-DEL03-SC,2023
"498876,0",2023-01-13,sexta-feira,11:35:00,SC,101,"80,1",BARRA VELHA,Reação tardia ou ineficiente do condutor,Colisão traseira,Com Vítimas Feridas,Pleno dia,Crescente,Sol,Dupla,Reta,Não,5,0,0,1,4,0,1,5,-26.59849223,-48.72415602,SPRF-SC,DEL03-SC,UOP02-DEL03-SC,2023
"498894,0",2023-01-13,sexta-feira,12:43:00,SC,101,"225,2",PALHOCA,Demais falhas mecânicas ou elétricas,Tombamento,Com Vítimas Feridas,Pleno dia,Decrescente,Céu Claro,Dupla,Reta,Sim,1,0,0,1,0,0,1,1,-27.73292191,-48.6409567,SPRF-SC,DEL01-SC,UOP02-DEL01-SC,2023
"498901,0",2023-01-13,sexta-feira,12:55:00,SC,282,"215,6",LAGES,Acessar a via sem observar a presença dos outros veículos,Colisão traseira,Com Vítimas Feridas,Pleno dia,Crescente,Céu Claro,Simples,Rotatória,Sim,3,0,1,0,2,0,1,2,-27.793665,-50.281799,SPRF-SC,DEL05-SC,UOP01-DEL05-SC,2023
"498926,0",2023-01-13,sexta-feira,16:10:00,SC,101,"130,0",BALNEARIO CAMBORIU,Conversão proibida,Colisão transversal,Com Vítimas Feridas,Pleno dia,Crescente,Céu Claro,Múltipla,Reta,Não,2,0,1,0,1,0,1,2,-26.98407618,-48.66977107,SPRF-SC,DEL04-SC,UOP03-DEL04-SC,2023
"498933,0",2023-01-13,sexta-feira,14:00:00,SC,470,"48,4",BLUMENAU,Demais falhas na via,Tombamento,Com Vítimas Feridas,Pleno dia,Decrescente,Céu Claro,Simples,Em Obras;Reta,Não,2,0,1,0,1,0,1,2,-26.859823,-49.055393,SPRF-SC,DEL04-SC,UOP01-DEL04-SC,2023
"498973,0",2023-01-13,sexta-feira,18:45:00,SC,116,"4,2",MAFRA,Retorno proibido,Colisão transversal,Com Vítimas Feridas,Anoitecer,Crescente,Nublado,Simples,Reta,Sim,3,0,0,1,2,0,1,2,-26.13554917,-49.8072652,SPRF-SC,DEL06-SC,UOP01-DEL06-SC,2023
"498977,0",2023-01-13,sexta-feira,18:25:00,SC,116,"3,9",MAFRA,Reação tardia ou ineficiente do condutor,Colisão traseira,Com Vítimas Feridas,Anoitecer,Decrescente,Céu Claro,Simples,Reta;Aclive,Sim,3,0,2,0,1,0,2,2,-26.13073161,-49.79922442,SPRF-SC,DEL06-SC,UOP01-DEL06-SC,2023
"498992,0",2023-01-13,sexta-feira,19:35:00,SC,101,"109,9",PENHA,Acessar a via sem observar a presença dos outros veículos,Atropelamento de Pedestre,Com Vítimas Feridas,Plena Noite,Decrescente,Nublado,Dupla,Reta,Não,2,0,0,1,1,0,1,2,-26.835053,-48.707548,SPRF-SC,DEL03-SC,UOP02-DEL03-SC,2023
"498997,0",2023-01-13,sexta-feira,19:00:00,SC,101,"214,0",PALHOCA,Ausência de reação do condutor,Tombamento,Com Vítimas Feridas,Anoitecer,Crescente,Nublado,Múltipla,Reta,Sim,1,0,1,0,0,0,1,1,-27.64443,-48.67057,SPRF-SC,DEL01-SC,UOP02-DEL01-SC,2023
"499020,0",2023-01-13,sexta-feira,22:30:00,SC,470,"126,0",LONTRAS,Conversão proibida,Colisão traseira,Com Vítimas Feridas,Plena Noite,Crescente,Nublado,Simples,Curva,Sim,2,0,1,0,1,0,1,2,-27.129,-49.538277,SPRF-SC,DEL04-SC,UOP02-DEL04-SC,2023
"499032,0",2023-01-14,sábado,01:40:00,SC,282,"224,4",LAGES,Ingestão de álcool pelo condutor,Saída de leito carroçável,Sem Vítimas,Plena Noite,Crescente,Nublado,Simples,Aclive,Não,1,0,0,0,1,0,0,1,-27.79320008,-50.37736773,SPRF-SC,DEL05-SC,UOP02-DEL05-SC,2023
"499043,0",2023-01-14,sábado,04:30:00,SC,101,"372,3",ICARA,Ausência de reação do condutor,Saída de leito carroçável,Com Vítimas Feridas,Amanhecer,Crescente,Céu Claro,Dupla,Reta,Não,3,0,1,0,2,0,1,1,-28.70864509,-49.20924696,SPRF-SC,DEL02-SC,UOP01-DEL02-SC,2023
"499044,0",2023-01-14,sábado,04:30:00,SC,280,"100,0",SAO BENTO DO SUL,Ingestão de álcool pelo condutor,Colisão com objeto,Sem Vítimas,Amanhecer,Crescente,Céu Claro,Simples,Curva,Não,1,0,0,0,1,0,0,1,-26.37158361,-49.33137101,SPRF-SC,DEL06-SC,UOP03-DEL06-SC,2023
"499051,0",2023-01-13,sexta-feira,17:30:00,SC,280,"296,0",PORTO UNIAO,Transitar na contramão,Colisão frontal,Com Vítimas Feridas,Pleno dia,Crescente,Chuva,Simples,Reta,Não,5,0,3,2,0,0,5,2,-26.28733189,-50.98370597,SPRF-SC,DEL06-SC,UOP04-DEL06-SC,2023
"499054,0",2023-01-13,sexta-feira,14:30:00,SC,280,"276,6",IRINEOPOLIS,Acessar a via sem observar a presença dos outros veículos,Colisão transversal,Com Vítimas Feridas,Pleno dia,Crescente,Céu Claro,Simples,Reta,Não,2,0,1,0,0,1,1,2,-26.29126407,-50.79052397,SPRF-SC,DEL06-SC,UOP04-DEL06-SC,2023
"499057,0",2023-01-14,sábado,08:00:00,SC,282,"1,0",FLORIANOPOLIS,Condutor deixou de manter distância do veículo da frente,Colisão traseira,Sem Vítimas,Pleno dia,Crescente,Sol,Dupla,Reta,Sim,4,0,0,0,4,0,0,4,-27.602955,-48.580509,SPRF-SC,DEL01-SC,UOP01-DEL01-SC,2023
"499058,0",2023-01-14,sábado,08:10:00,SC,101,"213,0",PALHOCA,Reação tardia ou ineficiente do condutor,Colisão traseira,Com Vítimas Feridas,Pleno dia,Crescente,Céu Claro,Múltipla,Reta,Não,2,0,1,0,1,0,1,2,-27.63697369,-48.66514142,SPRF-SC,DEL01-SC,UOP02-DEL01-SC,2023
"499117,0",2023-01-14,sábado,13:50:00,SC,101,"145,0",ITAPEMA,Reação tardia ou ineficiente do condutor,Tombamento,Com Vítimas Feridas,Pleno dia,Decrescente,Sol,Dupla,Reta;Aclive,Sim,1,0,0,1,0,0,1,1,-27.08139206,-48.60130993,SPRF-SC,DEL04-SC,UOP03-DEL04-SC,2023
"499127,0",2023-01-14,sábado,11:00:00,SC,280,"17,1",SAO FRANCISCO DO SUL,Demais falhas na via,Queda de ocupante de veículo,Com Vítimas Feridas,Pleno dia,Crescente,Sol,Simples,Reta,Não,1,0,1,0,0,0,1,1,-26.35609813,-48.66029868,SPRF-SC,DEL03-SC,UOP03-DEL03-SC,2023
"499136,0",2023-01-14,sábado,16:20:00,SC,101,"188,0",BIGUACU,Reação tardia ou ineficiente do condutor,Tombamento,Com Vítimas Feridas,Pleno dia,Crescente,Nublado,Dupla,Reta,Não,2,0,0,1,0,1,1,2,-27.45123421,-48.63370766,SPRF-SC,DEL01-SC,UOP01-DEL01-SC,2023
"499141,0",2023-01-14,sábado,14:00:00,SC,280,"195,4",MAFRA,Ausência de reação do condutor,Saída de leito carroçável,Com Vítimas Feridas,Pleno dia,Decrescente,Nublado,Simples,Declive;Curva,Não,1,0,1,0,0,0,1,1,-26.18019178,-50.02301037,SPRF-SC,DEL06-SC,UOP01-DEL06-SC,2023
"499146,0",2023-01-14,sábado,14:52:00,SC,101,"306,0",LAGUNA,Desrespeitar a preferência no cruzamento,Colisão transversal,Com Vítimas Feridas,Pleno dia,Crescente,Nublado,Simples,Interseção de Vias,Não,4,0,2,0,2,0,2,2,-28.38437001,-48.77113299,SPRF-SC,DEL02-SC,UOP03-DEL02-SC,2023
"499147,0",2023-01-14,sábado,17:10:00,SC,101,"194,0",BIGUACU,Reação tardia ou ineficiente do condutor,Tombamento,Com Vítimas Feridas,Pleno dia,Crescente,Nublado,Dupla,Reta,Sim,3,0,2,0,1,0,2,2,-27.49815117,-48.65661236,SPRF-SC,DEL01-SC,UOP01-DEL01-SC,2023
"499152,0",2023-01-14,sábado,17:45:00,SC,101,"199,0",SAO JOSE,Acessar a via sem observar a presença dos outros veículos,Colisão transversal,Com Vítimas Feridas,Pleno dia,Crescente,Garoa/Chuvisco,Múltipla,Reta,Não,3,0,2,0,1,0,2,2,-27.53413705,-48.63003205,SPRF-SC,DEL01-SC,UOP01-DEL01-SC,2023
"499153,0",2023-01-14,sábado,17:30:00,SC,101,"148,0",ITAPEMA,Trafegar com motocicleta (ou similar) entre as faixas,Colisão lateral mesmo sentido,Com Vítimas Feridas,Pleno dia,Decrescente,Chuva,Múltipla,Reta,Sim,4,0,1,0,1,2,1,3,-27.10123686,-48.61807962,SPRF-SC,DEL04-SC,UOP03-DEL04-SC,2023
"499158,0",2023-01-14,sábado,18:15:00,SC,101,"138,0",BALNEARIO CAMBORIU,Reação tardia ou ineficiente do condutor,Colisão traseira,Com Vítimas Feridas,Pleno dia,Crescente,Nublado,Múltipla,Reta,Sim,2,0,0,1,1,0,1,2,-27.02397426,-48.60761649,SPRF-SC,DEL04-SC,UOP03-DEL04-SC,2023
"499159,0",2023-01-14,sábado,18:30:00,SC,101,"111,7",ITAJAI,Condutor deixou de manter distância do veículo da frente,Colisão traseira,Com Vítimas Feridas,Plena Noite,Crescente,Garoa/Chuvisco,Dupla,Ponte;Aclive,Sim,3,0,0,1,2,0,1,3,-26.84474954,-48.71981621,SPRF-SC,DEL04-SC,UOP04-DEL04-SC,2023
"499173,0",2023-01-14,sábado,19:35:00,SC,470,"120,0",IBIRAMA,Ingestão de álcool pelo condutor,Saída de leito carroçável,Com Vítimas Feridas,Plena Noite,Decrescente,Nublado,Simples,Curva,Não,1,0,1,0,0,0,1,1,-27.095452,-49.526063,SPRF-SC,DEL04-SC,UOP02-DEL04-SC,2023
"499177,0",2023-01-14,sábado,19:30:00,SC,101,"351,9",JAGUARUNA,Ingestão de álcool pelo condutor,Saída de leito carroçável,Com Vítimas Feridas,Plena Noite,Decrescente,Chuva,Dupla,Declive,Não,2,0,1,1,0,0,2,1,-28.5977641,-49.04943589,SPRF-SC,DEL02-SC,UOP01-DEL02-SC,2023
"499180,0",2023-01-14,sábado,19:47:00,SC,470,"10,0",NAVEGANTES,Acessar a via sem observar a presença dos outros veículos,Atropelamento de Pedestre,Com Vítimas Feridas,Plena Noite,Decrescente,Chuva,Simples,Reta,Sim,4,0,0,1,2,1,1,4,-26.833693,-48.73724,SPRF-SC,DEL04-SC,UOP04-DEL04-SC,2023
"499198,0",2023-01-14,sábado,17:20:00,SC,280,"303,3",PORTO UNIAO,Reação tardia ou ineficiente do condutor,Tombamento,Com Vítimas Feridas,Pleno dia,Crescente,Chuva,Simples,Reta;Interseção de Vias,Sim,1,0,1,0,0,0,1,1,-26.27999553,-51.05063229,SPRF-SC,DEL06-SC,UOP04-DEL06-SC,2023
"499216,0",2023-01-14,sábado,21:55:00,SC,282,"21,3",PALHOCA,Ingestão de álcool pelo condutor,Colisão transversal,Com Vítimas Feridas,Plena Noite,Decrescente,Céu Claro,Simples,Curva,Sim,2,0,0,1,1,0,1,2,-27.68845882,-48.72168303,SPRF-SC,DEL01-SC,UOP02-DEL01-SC,2023
"499217,0",2023-01-14,sábado,18:36:00,SC,101,"106,1",PENHA,Manobra de mudança de faixa,Colisão lateral mesmo sentido,Com Vítimas Feridas,Anoitecer,Crescente,Nublado,Dupla,Reta,Sim,4,0,1,1,2,0,2,2,-26.8184118,-48.6834102,SPRF-SC,DEL03-SC,UOP02-DEL03-SC,2023
"499235,0",2023-01-15,domingo,00:30:00,SC,101,"214,1",PALHOCA,Reação tardia ou ineficiente do condutor,Colisão traseira,Com Vítimas Feridas,Plena Noite,Crescente,Garoa/Chuvisco,Múltipla,Reta,Sim,2,0,1,0,1,0,1,2,-27.64443,-48.67057,SPRF-SC,DEL01-SC,UOP02-DEL01-SC,2023
"499236,0",2023-01-14,sábado,22:46:00,SC,470,"294,6",CAMPOS NOVOS,Velocidade Incompatível,Saída de leito carroçável,Com Vítimas Feridas,Plena Noite,Crescente,Chuva,Simples,Aclive;Curva,Não,4,0,4,0,0,0,4,1,-27.344725,-51.000042,SPRF-SC,DEL07-SC,UOP06-DEL07-SC,2023
"499243,0",2023-01-15,domingo,01:15:00,SC,101,"232,3",PALHOCA,Reação tardia ou ineficiente do condutor,Colisão traseira,Com Vítimas Feridas,Plena Noite,Decrescente,Chuva,Dupla,Declive;Curva;Em Obras,Não,3,0,1,0,1,1,1,2,-27.79259829,-48.63821268,SPRF-SC,DEL01-SC,UOP02-DEL01-SC,2023
"499250,0",2023-01-15,domingo,03:00:00,SC,101,"113,1",ITAJAI,Ingestão de álcool pelo condutor,Capotamento,Com Vítimas Feridas,Plena Noite,Decrescente,Chuva,Dupla,Retorno Regulamentado,Sim,4,0,1,0,3,0,1,1,-26.85415904,-48.72690797,SPRF-SC,DEL04-SC,UOP04-DEL04-SC,2023
"499261,0",2023-01-15,domingo,05:00:00,SC,101,"36,7",JOINVILLE,Retorno proibido,Colisão frontal,Com Vítimas Feridas,Plena Noite,Decrescente,Nublado,Dupla,Reta,Sim,3,0,3,0,0,0,3,2,-26.28166023,-48.88968587,SPRF-SC,DEL03-SC,UOP01-DEL03-SC,2023
"499262,0",2023-01-14,sábado,20:55:00,SC,101,"450,7",SAO JOAO DO SUL,Reação tardia ou ineficiente do condutor,Colisão traseira,Com Vítimas Feridas,Plena Noite,Decrescente,Chuva,Dupla,Curva,Não,4,0,2,0,2,0,2,2,-29.17229091,-49.74904711,SPRF-SC,DEL02-SC,UOP02-DEL02-SC,2023
"499263,0",2023-01-15,domingo,04:30:00,SC,101,"108,3",PENHA,Ausência de reação do condutor,Queda de ocupante de veículo,Sem Vítimas,Plena Noite,Crescente,Garoa/Chuvisco,Múltipla,Reta,Sim,1,0,0,0,0,1,0,1,-26.82606902,-48.69052298,SPRF-SC,DEL03-SC,UOP02-DEL03-SC,2023
"499267,0",2023-01-15,domingo,05:00:00,SC,153,"68,0",IRANI,Ausência de reação do condutor,Saída de leito carroçável,Com Vítimas Feridas,Amanhecer,Decrescente,Nublado,Simples,Curva,Não,2,0,1,0,1,0,1,1,-27.033516,-51.879311,SPRF-SC,DEL07-SC,UOP04-DEL07-SC,2023
"499269,0",2023-01-15,domingo,05:50:00,SC,470,"54,0",BLUMENAU,Transitar na contramão,Colisão frontal,Com Vítimas Feridas,Amanhecer,Crescente,Chuva,Simples,Curva,Sim,2,0,2,0,0,0,2,2,-26.867121,-49.102066,SPRF-SC,DEL04-SC,UOP01-DEL04-SC,2023
"499278,0",2023-01-15,domingo,06:06:00,SC,470,"122,7",IBIRAMA,Chuva,Saída de leito carroçável,Com Vítimas Feridas,Amanhecer,Crescente,Chuva,Simples,Curva;Aclive,Não,1,0,1,0,0,0,1,1,-27.10619059,-49.52186108,SPRF-SC,DEL04-SC,UOP02-DEL04-SC,2023
"499292,0",2023-01-15,domingo,07:50:00,SC,470,"211,7",SAO CRISTOVAO DO SUL,Ausência de reação do condutor,Colisão lateral sentido oposto,Com Vítimas Feridas,Pleno dia,Crescente,Garoa/Chuvisco,Simples,Curva,Não,5,0,2,0,3,0,2,2,-27.306231,-50.228275,SPRF-SC,DEL05-SC,UOP03-DEL05-SC,2023
"499296,0",2023-01-15,domingo,10:00:00,SC,282,"17,9",PALHOCA,Condutor deixou de manter distância do veículo da frente,Colisão traseira,Com Vítimas Feridas,Pleno dia,Crescente,Nublado,Simples,Reta,Sim,3,0,1,0,2,0,1,2,-27.665707,-48.688065,SPRF-SC,DEL01-SC,UOP02-DEL01-SC,2023
"499310,0",2023-01-15,domingo,10:20:00,SC,101,"90,7",BARRA VELHA,Reação tardia ou ineficiente do condutor,Colisão lateral mesmo sentido,Com Vítimas Feridas,Pleno dia,Decrescente,Nublado,Simples,Reta,Sim,2,0,1,0,1,0,1,2,-26.67427509,-48.69021893,SPRF-SC,DEL03-SC,UOP02-DEL03-SC,2023
"499312,0",2023-01-15,domingo,11:30:00,SC,101,"194,1",BIGUACU,Mal súbito do condutor,Colisão traseira,Com Vítimas Feridas,Pleno dia,Decrescente,Nublado,Simples,Viaduto,Sim,2,0,1,1,0,0,2,2,-27.49806992,-48.65634441,SPRF-SC,DEL01-SC,UOP01-DEL01-SC,2023
"499313,0",2023-01-15,domingo,11:25:00,SC,101,"194,3",BIGUACU,Mal súbito do condutor,Colisão lateral mesmo sentido,Com Vítimas Feridas,Pleno dia,Decrescente,Nublado,Múltipla,Reta,Não,3,0,2,1,0,0,3,2,-27.49815117,-48.65661236,SPRF-SC,DEL01-SC,UOP01-DEL01-SC,2023
"499316,0",2023-01-15,domingo,09:30:00,SC,101,"130,0",BALNEARIO CAMBORIU,Condutor deixou de manter distância do veículo da frente,Colisão traseira,Com Vítimas Feridas,Pleno dia,Decrescente,Céu Claro,Dupla,Reta,Sim,2,0,0,1,1,0,1,2,-26.98407618,-48.66977107,SPRF-SC,DEL04-SC,UOP03-DEL04-SC,2023
"499332,0",2023-01-15,domingo,14:50:00,SC,101,"213,0",PALHOCA,Condutor deixou de manter distância do veículo da frente,Colisão lateral mesmo sentido,Com Vítimas Feridas,Pleno dia,Decrescente,Chuva,Múltipla,Reta,Sim,2,0,2,0,0,0,2,1,-27.63697369,-48.66514142,SPRF-SC,DEL01-SC,UOP02-DEL01-SC,2023
"499357,0",2023-01-15,domingo,16:40:00,SC,101,"365,0",SANGAO,Problema na suspensão,Queda de ocupante de veículo,Com Vítimas Feridas,Pleno dia,Decrescente,Nublado,Dupla,Reta,Não,2,0,1,0,1,0,1,1,-28.68290284,-49.14759308,SPRF-SC,DEL02-SC,UOP01-DEL02-SC,2023
"499403,0",2023-01-15,domingo,17:30:00,SC,470,"178,9",POUSO REDONDO,Velocidade Incompatível,Saída de leito carroçável,Com Vítimas Feridas,Pleno dia,Decrescente,Chuva,Simples,Reta,Não,3,0,3,0,0,0,3,1,-27.248392,-49.967083,SPRF-SC,DEL04-SC,UOP02-DEL04-SC,2023
"499408,0",2023-01-15,domingo,18:45:00,SC,153,"13,0",AGUA DOCE,Manobra de mudança de faixa,Colisão frontal,Com Vítimas Feridas,Anoitecer,Decrescente,Chuva,Simples,Curva,Não,5,0,4,1,0,0,5,2,-26.690351,-51.567181,SPRF-SC,DEL07-SC,UOP07-DEL07-SC,2023
"499414,0",2023-01-15,domingo,21:55:00,SC,101,"113,2",ITAJAI,Manobra de mudança de faixa,Colisão traseira,Com Vítimas Feridas,Plena Noite,Decrescente,Ignorado,Múltipla,Retorno Regulamentado,Sim,5,0,3,0,2,0,3,2,-26.85311393,-48.72689927,SPRF-SC,DEL04-SC,UOP04-DEL04-SC,2023
"499420,0",2023-01-15,domingo,20:50:00,SC,280,"4,5",SAO FRANCISCO DO SUL,Chuva,Colisão traseira,Com Vítimas Feridas,Plena Noite,Crescente,Chuva,Simples,Reta,Sim,2,0,1,0,1,0,1,2,-26.25329566,-48.61916042,SPRF-SC,DEL03-SC,UOP03-DEL03-SC,2023
"499433,0",2023-01-15,domingo,21:50:00,SC,101,"40,1",JOINVILLE,Velocidade Incompatível,Saída de leito carroçável,Com Vítimas Feridas,Plena Noite,Decrescente,Chuva,Simples,Curva;Declive,Sim,1,0,1,0,0,0,1,1,-26.31062778,-48.87718678,SPRF-SC,DEL03-SC,UOP01-DEL03-SC,2023
"499435,0",2023-01-15,domingo,20:00:00,SC,101,"78,0",ARAQUARI,Ingestão de álcool pelo condutor,Colisão traseira,Sem Vítimas,Plena Noite,Decrescente,Céu Claro,Dupla,Reta,Não,2,0,0,0,2,0,0,2,-26.57672096,-48.72270551,SPRF-SC,DEL03-SC,UOP02-DEL03-SC,2023
"499452,0",2023-01-16,segunda-feira,00:10:00,SC,282,"408,0",CATANDUVAS,Ingestão de álcool pelo condutor,Colisão frontal,Com Vítimas Feridas,Plena Noite,Crescente,Garoa/Chuvisco,Simples,Reta;Declive,Não,4,0,2,0,2,0,2,2,-27.079458,-51.663645,SPRF-SC,DEL07-SC,UOP05-DEL07-SC,2023
"499453,0",2023-01-15,domingo,23:30:00,SC,101,"244,0",PALHOCA,Acumulo de água sobre o pavimento,Eventos atípicos,Com Vítimas Feridas,Plena Noite,Decrescente,Chuva,Dupla,Reta,Não,2,0,1,0,1,0,1,1,-27.89294003,-48.64821868,SPRF-SC,DEL01-SC,UOP02-DEL01-SC,2023
"499462,0",2023-01-16,segunda-feira,03:30:00,SC,282,"140,0",BOM RETIRO,Ingestão de álcool pelo condutor,Colisão traseira,Com Vítimas Feridas,Plena Noite,Decrescente,Nevoeiro/Neblina,Simples,Curva,Não,4,0,1,0,3,0,1,2,-27.818821,-49.590221,SPRF-SC,DEL05-SC,UOP01-DEL05-SC,2023
"499484,0",2023-01-16,segunda-feira,01:30:00,SC,101,"105,0",PENHA,Ausência de reação do condutor,Queda de ocupante de veículo,Com Vítimas Feridas,Plena Noite,Crescente,Céu Claro,Dupla,Retorno Regulamentado,Sim,1,0,1,0,0,0,1,1,-26.80215497,-48.67891041,SPRF-SC,DEL03-SC,UOP02-DEL03-SC,2023
"499493,0",2023-01-16,segunda-feira,08:20:00,SC,101,"230,4",PALHOCA,Demais falhas mecânicas ou elétricas,Tombamento,Com Vítimas Feridas,Pleno dia,Crescente,Céu Claro,Múltipla,Reta,Não,2,0,2,0,0,0,2,1,-27.77781898,-48.63489608,SPRF-SC,DEL01-SC,UOP02-DEL01-SC,2023
"499494,0",2023-01-16,segunda-feira,07:50:00,SC,101,"129,9",BALNEARIO CAMBORIU,Trafegar com motocicleta (ou similar) entre as faixas,Colisão traseira,Com Vítimas Feridas,Pleno dia,Decrescente,Céu Claro,Dupla,Reta,Sim,2,0,0,1,1,0,1,2,-26.98064277,-48.6790679,SPRF-SC,DEL04-SC,UOP03-DEL04-SC,2023
"499523,0",2023-01-16,segunda-feira,11:30:00,SC,470,"96,1",APIUNA,Acessar a via sem observar a presença dos outros veículos,Colisão transversal,Com Vítimas Feridas,Pleno dia,Decrescente,Céu Claro,Simples,Curva,Sim,2,0,0,2,0,0,2,2,-27.020767,-49.371342,SPRF-SC,DEL04-SC,UOP01-DEL04-SC,2023
"499529,0",2023-01-14,sábado,23:30:00,SC,282,"542,2",CHAPECO,Velocidade Incompatível,Colisão lateral sentido oposto,Sem Vítimas,Plena Noite,Crescente,Garoa/Chuvisco,Simples,Curva,Não,2,0,0,0,2,0,0,2,-27.001301,-52.707569,SPRF-SC,DEL07-SC,UOP01-DEL07-SC,2023
"499530,0",2023-01-16,segunda-feira,13:00:00,SC,101,"209,6",SAO JOSE,Condutor deixou de manter distância do veículo da frente,Engavetamento,Sem Vítimas,Pleno dia,Decrescente,Céu Claro,Múltipla,Reta,Sim,4,0,0,0,4,0,0,4,-27.61000542,-48.63895057,SPRF-SC,DEL01-SC,UOP01-DEL01-SC,2023