id,data_inversa,dia_semana,horario,uf,br,km,municipio,causa_acidente,tipo_acidente,classificacao_acidente,fase_dia,sentido_via,condicao_metereologica,tipo_pista,tracado_via,uso_solo,pessoas,mortos,feridos_leves,feridos_graves,ilesos,ignorados,feridos,veiculos,latitude,longitude,regional,delegacia,uop,ano_arquivo
"503505,0",2023-02-06,segunda-feira,11:00:00,SC,116,"245,1",LAGES,Acessar a via sem observar a presença dos outros veículos,Colisão transversal,Com Vítimas Feridas,Pleno dia,Crescente,Céu Claro,Simples,Reta,Sim,3,0,1,0,1,1,1,3,-27.79544281,-50.36187437,SPRF-SC,DEL05-SC,UOP01-DEL05-SC,2023
"503512,0",2023-02-06,segunda-feira,07:35:00,SC,101,"446,6",SANTA ROSA DO SUL,Conversão proibida,Colisão lateral mesmo sentido,Com Vítimas Feridas,Pleno dia,Crescente,Céu Claro,Múltipla,Reta,Não,2,0,0,1,1,0,1,2,-29.155864,-49.7312492,SPRF-SC,DEL02-SC,UOP02-DEL02-SC,2023
"503567,0",2023-02-06,segunda-feira,18:20:00,SC,470,"56,6",BLUMENAU,Ultrapassagem Indevida,Colisão transversal,Com Vítimas Feridas,Pleno dia,Crescente,Céu Claro,Simples,Interseção de Vias;Curva,Sim,2,0,1,0,1,0,1,2,-26.87896987,-49.13477632,SPRF-SC,DEL04-SC,UOP01-DEL04-SC,2023
"503568,0",2023-02-06,segunda-feira,17:30:00,SC,282,"208,0",LAGES,Acumulo de areia ou detritos sobre o pavimento,Colisão com objeto,Com Vítimas Feridas,Pleno dia,Crescente,Céu Claro,Simples,Aclive;Reta,Não,1,0,1,0,0,0,1,1,-27.775284,-50.211971,SPRF-SC,DEL05-SC,UOP01-DEL05-SC,2023
"503591,0",2023-02-06,segunda-feira,20:20:00,SC,101,"137,0",BALNEARIO CAMBORIU,Velocidade Incompatível,Colisão transversal,Com Vítimas Feridas,Plena Noite,Decrescente,Céu Claro,Múltipla,Reta,Não,2,0,1,1,0,0,2,2,-27.0157238,-48.61192763,SPRF-SC,DEL04-SC,UOP03-DEL04-SC,2023
"503621,0",2023-02-06,segunda-feira,23:30:00,SC,101,"116,0",ITAJAI,Reação tardia ou ineficiente do condutor,Saída de leito carroçável,Sem Vítimas,Plena Noite,Crescente,Ignorado,Dupla,Reta,Não,1,0,0,0,0,1,0,1,-26.87905605,-48.72603512,SPRF-SC,DEL04-SC,UOP04-DEL04-SC,2023
"503623,0",2023-02-06,segunda-feira,17:00:00,SC,116,"104,0",MONTE CASTELO,Ingestão de álcool pelo condutor,Saída de leito carroçável,Com Vítimas Feridas,Pleno dia,Crescente,Céu Claro,Simples,Reta,Não,1,0,0,1,0,0,1,1,-26.742656,-50.31436699,SPRF-SC,DEL06-SC,UOP02-DEL06-SC,2023
"503627,0",2023-02-07,terça-feira,00:30:00,SC,101,"57,0",ARAQUARI,Avarias e/ou desgaste excessivo no pneu,Tombamento,Com Vítimas Feridas,Plena Noite,Decrescente,Nublado,Dupla,Reta,Não,3,0,2,0,1,0,2,2,-26.43646093,-48.81113029,SPRF-SC,DEL03-SC,UOP01-DEL03-SC,2023
"503637,0",2023-02-07,terça-feira,07:30:00,SC,280,"126,8",RIO NEGRINHO,Reação tardia ou ineficiente do condutor,Colisão traseira,Sem Vítimas,Pleno dia,Decrescente,Céu Claro,Simples,Reta,Sim,2,0,0,0,2,0,0,2,-26.244861,-49.518489,SPRF-SC,DEL06-SC,UOP03-DEL06-SC,2023
"503653,0",2023-02-07,terça-feira,10:40:00,SC,101,"202,0",SAO JOSE,Velocidade Incompatível,Colisão traseira,Sem Vítimas,Pleno dia,Decrescente,Céu Claro,Múltipla,Reta,Sim,2,0,0,0,2,0,0,2,-27.55711595,-48.61897889,SPRF-SC,DEL01-SC,UOP01-DEL01-SC,2023
"503680,0",2023-01-22,domingo,06:30:00,SC,282,"246,0",SAO JOSE DO CERRITO,Acumulo de areia ou detritos sobre o pavimento,Saída de leito carroçável,Com Vítimas Feridas,Amanhecer,Decrescente,Céu Claro,Simples,Curva;Declive,Não,4,0,3,0,1,0,3,1,-27.727213,-50.529724,SPRF-SC,DEL05-SC,UOP02-DEL05-SC,2023
"503689,0",2023-01-16,segunda-feira,18:45:00,SC,282,"220,0",LAGES,Manobra de mudança de faixa,Colisão lateral sentido oposto,Com Vítimas Feridas,Anoitecer,Crescente,Nublado,Simples,Reta,Sim,2,0,1,0,1,0,1,2,-27.794014,-50.33363,SPRF-SC,DEL05-SC,UOP01-DEL05-SC,2023
"503733,0",2023-02-07,terça-feira,18:25:00,SC,101,"203,0",SAO JOSE,Reação tardia ou ineficiente do condutor,Colisão traseira,Com Vítimas Feridas,Pleno dia,Crescente,Nublado,Múltipla,Reta,Sim,2,0,1,0,1,0,1,2,-27.5650044,-48.61460082,SPRF-SC,DEL01-SC,UOP01-DEL01-SC,2023
"503739,0",2023-02-07,terça-feira,17:50:00,SC,116,"246,3",LAGES,Acessar a via sem observar a presença dos outros veículos,Colisão transversal,Com Vítimas Feridas,Pleno dia,Crescente,Céu Claro,Simples,Reta,Sim,2,0,1,0,1,0,1,2,-27.80570198,-50.36567867,SPRF-SC,DEL05-SC,UOP02-DEL05-SC,2023
"503741,0",2023-02-07,terça-feira,18:30:00,SC,470,"51,4",BLUMENAU,Ausência de reação do condutor,Colisão traseira,Com Vítimas Feridas,Plena Noite,Crescente,Céu Claro,Múltipla,Reta,Sim,2,0,0,1,1,0,1,2,-26.86266239,-49.08956409,SPRF-SC,DEL04-SC,UOP01-DEL04-SC,2023
"503787,0",2023-02-08,quarta-feira,00:40:00,SC,101,"359,6",JAGUARUNA,Ausência de reação do condutor,Capotamento,Com Vítimas Feridas,Plena Noite,Decrescente,Céu Claro,Dupla,Reta,Não,5,0,1,0,4,0,1,1,-28.65057609,-49.10516385,SPRF-SC,DEL02-SC,UOP01-DEL02-SC,2023
"503815,0",2023-02-08,quarta-feira,08:00:00,SC,282,"19,0",PALHOCA,Manobra de mudança de faixa,Colisão lateral mesmo sentido,Com Vítimas Feridas,Pleno dia,Decrescente,Céu Claro,Simples,Reta,Não,2,0,0,1,1,0,1,2,-27.678635,-48.70192,SPRF-SC,DEL01-SC,UOP02-DEL01-SC,2023
"503827,0",2023-02-08,quarta-feira,07:55:00,SC,101,"212,0",PALHOCA,Trafegar com motocicleta (ou similar) entre as faixas,Colisão transversal,Com Vítimas Feridas,Pleno dia,Decrescente,Sol,Múltipla,Reta,Não,2,0,1,0,1,0,1,2,-27.62996929,-48.65903871,SPRF-SC,DEL01-SC,UOP02-DEL01-SC,2023
"503830,0",2023-02-08,quarta-feira,09:00:00,SC,101,"211,0",SAO JOSE,Condutor deixou de manter distância do veículo da frente,Colisão traseira,Com Vítimas Feridas,Pleno dia,Decrescente,Céu Claro,Múltipla,Reta,Não,2,0,1,0,1,0,1,2,-27.62329313,-48.65245588,SPRF-SC,DEL01-SC,UOP02-DEL01-SC,2023
"503839,0",2023-02-08,quarta-feira,10:05:00,SC,101,"213,3",PALHOCA,Reação tardia ou ineficiente do condutor,Saída de leito carroçável,Com Vítimas Feridas,Pleno dia,Decrescente,Sol,Simples,Reta,Sim,1,0,1,0,0,0,1,1,-27.63697369,-48.66514142,SPRF-SC,DEL01-SC,UOP02-DEL01-SC,2023
"503840,0",2023-02-08,quarta-feira,08:00:00,SC,470,"167,4",POUSO REDONDO,Desrespeitar a preferência no cruzamento,Colisão transversal,Com Vítimas Feridas,Pleno dia,Decrescente,Céu Claro,Simples,Reta;Interseção de Vias,Não,2,0,2,0,0,0,2,2,-27.269835,-49.863087,SPRF-SC,DEL04-SC,UOP02-DEL04-SC,2023
"503858,0",2023-02-08,quarta-feira,12:00:00,SC,101,"204,0",SAO JOSE,Frear bruscamente,Colisão traseira,Com Vítimas Feridas,Pleno dia,Decrescente,Céu Claro,Simples,Interseção de Vias;Reta,Sim,2,0,1,0,1,0,1,2,-27.57413014,-48.61363083,SPRF-SC,DEL01-SC,UOP01-DEL01-SC,2023
"503900,0",2023-02-08,quarta-feira,16:25:00,SC,101,"188,0",BIGUACU,Demais falhas mecânicas ou elétricas,Colisão com objeto,Com Vítimas Feridas,Pleno dia,Crescente,Nublado,Dupla,Reta,Não,1,0,0,1,0,0,1,1,-27.45123421,-48.63370766,SPRF-SC,DEL01-SC,UOP01-DEL01-SC,2023
"503916,0",2023-02-08,quarta-feira,15:00:00,SC,470,"54,5",BLUMENAU,Trafegar com motocicleta (ou similar) entre as faixas,Colisão lateral mesmo sentido,Com Vítimas Feridas,Pleno dia,Crescente,Céu Claro,Simples,Rotatória,Sim,2,0,1,0,1,0,1,2,-26.871065,-49.110374,SPRF-SC,DEL04-SC,UOP01-DEL04-SC,2023
"503917,0",2023-02-08,quarta-feira,09:40:00,SC,101,"425,0",SOMBRIO,Problema na suspensão,Saída de leito carroçável,Com Vítimas Feridas,Pleno dia,Decrescente,Céu Claro,Dupla,Reta,Não,2,0,2,0,0,0,2,1,-29.02095789,-49.59124506,SPRF-SC,DEL02-SC,UOP02-DEL02-SC,2023
"503921,0",2023-02-08,quarta-feira,16:55:00,SC,470,"54,0",BLUMENAU,Trafegar com motocicleta (ou similar) entre as faixas,Colisão transversal,Com Vítimas Feridas,Pleno dia,Crescente,Céu Claro,Simples,Reta,Não,2,0,1,0,1,0,1,2,-26.871065,-49.110374,SPRF-SC,DEL04-SC,UOP01-DEL04-SC,2023
"503939,0",2023-02-08,quarta-feira,12:45:00,SC,470,"86,2",RODEIO,Acessar a via sem observar a presença dos outros veículos,Colisão transversal,Sem Vítimas,Pleno dia,Decrescente,Céu Claro,Simples,Interseção de Vias,Sim,2,0,0,0,2,0,0,2,-26.949951,-49.357296,SPRF-SC,DEL04-SC,UOP01-DEL04-SC,2023
"503941,0",2023-02-08,quarta-feira,17:00:00,SC,470,"55,5",BLUMENAU,Ultrapassagem Indevida,Colisão transversal,Com Vítimas Feridas,Pleno dia,Crescente,Céu Claro,Simples,Reta,Não,2,0,1,0,1,0,1,2,-26.875601,-49.117992,SPRF-SC,DEL04-SC,UOP01-DEL04-SC,2023
"503944,0",2023-02-08,quarta-feira,19:50:00,SC,280,"4,6",SAO FRANCISCO DO SUL,Reação tardia ou ineficiente do condutor,Colisão transversal,Com Vítimas Feridas,Plena Noite,Decrescente,Nublado,Simples,Rotatória,Não,2,0,1,0,1,0,1,2,-26.25329566,-48.61916042,SPRF-SC,DEL03-SC,UOP03-DEL03-SC,2023
"503971,0",2023-02-09,quinta-feira,03:30:00,SC,101,"83,0",BARRA VELHA,Ingestão de álcool pelo condutor,Saída de leito carroçável,Com Vítimas Feridas,Plena Noite,Decrescente,Céu Claro,Dupla,Reta,Sim,2,0,1,0,1,0,1,1,-26.61865655,-48.71834126,SPRF-SC,DEL03-SC,UOP02-DEL03-SC,2023
"503973,0",2023-02-09,quinta-feira,04:00:00,SC,101,"41,3",JOINVILLE,Entrada inopinada do pedestre,Atropelamento de Pedestre,Com Vítimas Feridas,Plena Noite,Decrescente,Céu Claro,Dupla,Reta,Sim,3,0,1,0,1,1,1,2,-26.28215489,-48.88973081,SPRF-SC,DEL03-SC,UOP01-DEL03-SC,2023
"503975,0",2023-02-09,quinta-feira,04:00:00,SC,101,"267,0",IMBITUBA,Condutor Dormindo,Capotamento,Com Vítimas Feridas,Plena Noite,Crescente,Céu Claro,Dupla,Reta,Não,2,0,1,0,1,0,1,1,-28.07699803,-48.71234311,SPRF-SC,DEL02-SC,UOP03-DEL02-SC,2023
"503986,0",2023-02-09,quinta-feira,01:30:00,SC,163,"110,5",GUARUJA DO SUL,Velocidade Incompatível,Saída de leito carroçável,Sem Vítimas,Plena Noite,Decrescente,Céu Claro,Simples,Reta;Aclive,Sim,1,0,0,0,0,1,0,1,-26.40508001,-53.52431608,SPRF-SC,DEL07-SC,UOP03-DEL07-SC,2023
"503999,0",2023-02-09,quinta-feira,07:55:00,SC,101,"189,0",BIGUACU,Ausência de reação do condutor,Colisão traseira,Com Vítimas Feridas,Pleno dia,Crescente,Céu Claro,Dupla,Reta,Não,2,0,2,0,0,0,2,2,-27.459393,-48.638914,SPRF-SC,DEL01-SC,UOP01-DEL01-SC,2023
"504004,0",2023-02-09,quinta-feira,07:45:00,SC,101,"131,0",BALNEARIO CAMBORIU,Reação tardia ou ineficiente do condutor,Tombamento,Com Vítimas Feridas,Pleno dia,Crescente,Céu Claro,Dupla,Reta,Sim,2,0,2,0,0,0,2,1,-26.99064209,-48.66310912,SPRF-SC,DEL04-SC,UOP03-DEL04-SC,2023
"504036,0",2023-02-09,quinta-feira,07:45:00,SC,470,"146,0",RIO DO SUL,Pista esburacada,Colisão frontal,Com Vítimas Feridas,Pleno dia,Crescente,Céu Claro,Simples,Reta,Sim,3,0,3,0,0,0,3,2,-27.240673,-49.685822,SPRF-SC,DEL04-SC,UOP02-DEL04-SC,2023
"504043,0",2023-02-09,quinta-feira,12:30:00,SC,101,"118,0",ITAJAI,Ausência de reação do condutor,Colisão traseira,Com Vítimas Feridas,Pleno dia,Crescente,Céu Claro,Dupla,Reta,Sim,2,0,2,0,0,0,2,2,-26.895859,-48.71903,SPRF-SC,DEL04-SC,UOP04-DEL04-SC,2023
"504085,0",2023-02-09,quinta-feira,15:45:00,SC,470,"140,0",RIO DO SUL,Conversão proibida,Atropelamento de Pedestre,Com Vítimas Feridas,Pleno dia,Crescente,Chuva,Simples,Reta,Não,2,0,1,0,1,0,1,2,-27.222485,-49.662827,SPRF-SC,DEL04-SC,UOP02-DEL04-SC,2023
"504086,0",2023-02-09,quinta-feira,17:30:00,SC,101,"202,0",SAO JOSE,Condutor deixou de manter distância do veículo da frente,Colisão traseira,Com Vítimas Feridas,Pleno dia,Crescente,Céu Claro,Dupla,Reta,Sim,2,0,1,0,1,0,1,2,-27.55711595,-48.61897889,SPRF-SC,DEL01-SC,UOP01-DEL01-SC,2023
"504089,0",2023-02-09,quinta-feira,18:00:00,SC,101,"123,7",ITAJAI,Condutor deixou de manter distância do veículo da frente,Colisão traseira,Com Vítimas Feridas,Pleno dia,Crescente,Céu Claro,Múltipla,Reta,Sim,2,0,0,1,1,0,1,2,-26.941535,-48.693825,SPRF-SC,DEL04-SC,UOP04-DEL04-SC,2023
"504114,0",2023-02-09,quinta-feira,19:50:00,SC,101,"210,8",SAO JOSE,Acessar a via sem observar a presença dos outros veículos,Colisão lateral mesmo sentido,Com Vítimas Feridas,Plena Noite,Crescente,Nublado,Múltipla,Reta,Sim,2,0,1,0,0,1,1,2,-27.6167305,-48.6457265,SPRF-SC,DEL01-SC,UOP01-DEL01-SC,2023
"504120,0",2023-02-09,quinta-feira,20:30:00,SC,101,"207,8",SAO JOSE,Demais falhas mecânicas ou elétricas,Colisão lateral mesmo sentido,Com Vítimas Feridas,Plena Noite,Crescente,Céu Claro,Dupla,Reta;Declive,Sim,2,0,1,0,1,0,1,2,-27.60001226,-48.6226467,SPRF-SC,DEL01-SC,UOP01-DEL01-SC,2023
"504134,0",2023-02-09,quinta-feira,19:11:00,SC,282,"207,0",LAGES,Acessar a via sem observar a presença dos outros veículos,Atropelamento de Pedestre,Com Vítimas Feridas,Plena Noite,Decrescente,Nublado,Simples,Reta,Não,2,0,1,0,0,1,1,2,-27.773464,-50.202095,SPRF-SC,DEL05-SC,UOP01-DEL05-SC,2023
"504149,0",2023-02-09,quinta-feira,23:20:00,SC,280,"225,0",TRES BARRAS,Animais na Pista,Atropelamento de Animal,Sem Vítimas,Plena Noite,Crescente,Céu Claro,Simples,Reta,Não,1,0,0,0,1,0,0,1,-26.17875971,-50.31308811,SPRF-SC,DEL06-SC,UOP04-DEL06-SC,2023
"504162,0",2023-02-10,sexta-feira,04:30:00,SC,101,"114,0",ITAJAI,Ingestão de álcool pelo condutor,Saída de leito carroçável,Sem Vítimas,Plena Noite,Decrescente,Céu Claro,Múltipla,Reta,Sim,2,0,0,0,2,0,0,1,-26.86192886,-48.7286704,SPRF-SC,DEL04-SC,UOP04-DEL04-SC,2023
"504185,0",2023-01-29,domingo,07:46:00,SC,101,"133,6",BALNEARIO CAMBORIU,Acessar a via sem observar a presença dos outros veículos,Colisão transversal,Com Vítimas Fatais,Pleno dia,Crescente,Céu Claro,Múltipla,Reta,Sim,2,1,0,0,1,0,0,2,-27.00137,-48.639936,SPRF-SC,DEL04-SC,UOP03-DEL04-SC,2023
"504196,0",2023-02-10,sexta-feira,08:40:00,SC,280,"48,3",GUARAMIRIM,Acessar a via sem observar a presença dos outros veículos,Colisão transversal,Com Vítimas Feridas,Pleno dia,Crescente,Céu Claro,Simples,Reta,Sim,2,0,0,1,1,0,1,2,-26.45506795,-48.92766502,SPRF-SC,DEL03-SC,UOP03-DEL03-SC,2023
"504198,0",2023-01-29,domingo,22:00:00,SC,101,"334,9",TUBARAO,Condutor deixou de manter distância do veículo da frente,Colisão traseira,Sem Vítimas,Plena Noite,Crescente,Céu Claro,Múltipla,Reta,Não,2,0,0,0,2,0,0,2,-28.46730446,-49.00604302,SPRF-SC,DEL02-SC,UOP01-DEL02-SC,2023
"504201,0",2023-01-21,sábado,17:20:00,SC,282,"537,7",CHAPECO,Ausência de reação do condutor,Saída de leito carroçável,Com Vítimas Feridas,Pleno dia,Decrescente,Céu Claro,Simples,Declive;Curva,Não,1,0,0,1,0,0,1,1,-27.00052272,-52.67051697,SPRF-SC,DEL07-SC,UOP01-DEL07-SC,2023
"504202,0",2023-02-10,sexta-feira,08:40:00,SC,282,"202,8",LAGES,Ausência de reação do condutor,Saída de leito carroçável,Com Vítimas Feridas,Pleno dia,Crescente,Nublado,Simples,Reta,Não,4,0,2,0,2,0,2,1,-27.76224129,-50.15035629,SPRF-SC,DEL05-SC,UOP01-DEL05-SC,2023
"504217,0",2023-02-10,sexta-feira,10:10:00,SC,280,"67,4",JARAGUA DO SUL,Área urbana sem a presença de local apropriado para a travessia de pedestres,Colisão transversal,Com Vítimas Feridas,Pleno dia,Crescente,Nublado,Simples,Reta,Sim,3,0,1,0,1,1,1,3,-26.4775146,-49.10363575,SPRF-SC,DEL03-SC,UOP03-DEL03-SC,2023
"504223,0",2023-01-17,terça-feira,23:37:00,SC,101,"185,0",BIGUACU,Ausência de reação do condutor,Tombamento,Com Vítimas Feridas,Plena Noite,Crescente,Céu Claro,Dupla,Interseção de Vias,Sim,1,0,1,0,0,0,1,1,-27.42061434,-48.62561703,SPRF-SC,DEL01-SC,UOP01-DEL01-SC,2023
"504230,0",2023-02-10,sexta-feira,12:10:00,SC,101,"114,0",ITAJAI,Reação tardia ou ineficiente do condutor,Colisão traseira,Com Vítimas Feridas,Pleno dia,Crescente,Nublado,Dupla,Reta,Sim,3,0,0,2,1,0,2,2,-26.86192886,-48.7286704,SPRF-SC,DEL04-SC,UOP04-DEL04-SC,2023
"504239,0",2023-02-07,terça-feira,23:30:00,SC,470,"66,5",INDAIAL,Ingestão de álcool pelo condutor,Saída de leito carroçável,Sem Vítimas,Plena Noite,Decrescente,Garoa/Chuvisco,Simples,Rotatória,Sim,1,0,0,0,1,0,0,1,-26.870407,-49.221844,SPRF-SC,DEL04-SC,UOP01-DEL04-SC,2023
"504255,0",2023-02-10,sexta-feira,13:45:00,SC,470,"59,5",BLUMENAU,Ultrapassagem Indevida,Colisão traseira,Com Vítimas Feridas,Pleno dia,Decrescente,Nublado,Simples,Reta;Declive,Não,2,0,1,0,1,0,1,2,-26.88221874,-49.16021439,SPRF-SC,DEL04-SC,UOP01-DEL04-SC,2023
"504258,0",2023-02-10,sexta-feira,13:40:00,SC,470,"65,5",INDAIAL,Acessar a via sem observar a presença dos outros veículos,Colisão transversal,Com Vítimas Feridas,Pleno dia,Decrescente,Céu Claro,Simples,Reta,Não,2,0,1,0,1,0,1,2,-26.870411,-49.211864,SPRF-SC,DEL04-SC,UOP01-DEL04-SC,2023
"504294,0",2023-02-10,sexta-feira,17:50:00,SC,101,"219,9",PALHOCA,Ausência de reação do condutor,Colisão traseira,Com Vítimas Feridas,Pleno dia,Crescente,Nublado,Dupla,Reta,Não,2,0,1,0,1,0,1,2,-27.68392194,-48.66710085,SPRF-SC,DEL01-SC,UOP02-DEL01-SC,2023
"504329,0",2023-02-10,sexta-feira,19:10:00,SC,280,"75,0",JARAGUA DO SUL,Desrespeitar a preferência no cruzamento,Colisão traseira,Com Vítimas Feridas,Plena Noite,Crescente,Chuva,Simples,Rotatória,Sim,2,0,1,0,1,0,1,2,-26.458391,-49.170483,SPRF-SC,DEL03-SC,UOP03-DEL03-SC,2023
"504331,0",2023-02-10,sexta-feira,17:50:00,SC,101,"113,0",ITAJAI,Ingestão de álcool pelo condutor,Colisão traseira,Com Vítimas Feridas,Pleno dia,Decrescente,Chuva,Dupla,Reta,Sim,2,0,0,1,1,0,1,2,-26.85311393,-48.72689927,SPRF-SC,DEL04-SC,UOP04-DEL04-SC,2023
"504357,0",2023-02-11,sábado,00:00:00,SC,470,"68,3",INDAIAL,Demais falhas na via,Eventos atípicos,Com Vítimas Feridas,Plena Noite,Decrescente,Nublado,Simples,Em Obras;Reta,Sim,1,0,1,0,0,0,1,1,-26.877615,-49.239231,SPRF-SC,DEL04-SC,UOP01-DEL04-SC,2023
"504363,0",2023-02-11,sábado,00:30:00,SC,101,"215,0",PALHOCA,Animais na Pista,Atropelamento de Animal,Com Vítimas Feridas,Plena Noite,Crescente,Nublado,Múltipla,Reta;Viaduto,Sim,2,0,1,0,1,0,1,1,-27.65184843,-48.67604941,SPRF-SC,DEL01-SC,UOP02-DEL01-SC,2023
"504375,0",2023-02-11,sábado,02:50:00,SC,101,"193,0",BIGUACU,Ingestão de álcool pelo condutor,Saída de leito carroçável,Sem Vítimas,Plena Noite,Decrescente,Nublado,Múltipla,Reta,Não,1,0,0,0,1,0,0,1,-27.489574,-48.655914,SPRF-SC,DEL01-SC,UOP01-DEL01-SC,2023
"504387,0",2023-02-11,sábado,04:50:00,SC,101,"423,0",ARARANGUA,Ingestão de álcool pelo condutor,Saída de leito carroçável,Sem Vítimas,Plena Noite,Crescente,Céu Claro,Simples,Reta,Sim,1,0,0,0,1,0,0,1,-29.01106757,-49.57413825,SPRF-SC,DEL02-SC,UOP02-DEL02-SC,2023
"504391,0",2023-02-11,sábado,05:00:00,SC,101,"308,0",LAGUNA,Reação tardia ou ineficiente do condutor,Colisão traseira,Com Vítimas Feridas,Amanhecer,Decrescente,Sol,Múltipla,Reta,Não,2,0,0,1,0,1,1,2,-28.399616,-48.7854,SPRF-SC,DEL02-SC,UOP01-DEL02-SC,2023
"504396,0",2023-02-11,sábado,06:58:00,SC,470,"56,3",BLUMENAU,Ingestão de álcool pelo condutor,Saída de leito carroçável,Com Vítimas Feridas,Amanhecer,Crescente,Céu Claro,Simples,Reta,Não,2,0,2,0,0,0,2,1,-26.87674,-49.127743,SPRF-SC,DEL04-SC,UOP01-DEL04-SC,2023
"504402,0",2023-02-11,sábado,06:15:00,SC,116,"235,0",CORREIA PINTO,Ingestão de álcool pelo condutor,Saída de leito carroçável,Sem Vítimas,Pleno dia,Crescente,Nublado,Simples,Curva,Não,3,0,0,0,3,0,0,1,-27.711685,-50.33625903,SPRF-SC,DEL05-SC,UOP01-DEL05-SC,2023
"504414,0",2023-02-11,sábado,08:30:00,SC,101,"40,0",JOINVILLE,Velocidade Incompatível,Colisão traseira,Com Vítimas Feridas,Pleno dia,Crescente,Céu Claro,Múltipla,Reta,Sim,2,0,2,0,0,0,2,2,-26.30630348,-48.88070583,SPRF-SC,DEL03-SC,UOP01-DEL03-SC,2023
"504424,0",2023-02-11,sábado,09:20:00,SC,101,"228,0",PALHOCA,Manobra de mudança de faixa,Colisão lateral mesmo sentido,Com Vítimas Feridas,Pleno dia,Crescente,Sol,Dupla,Reta,Sim,3,0,0,2,1,0,2,2,-27.7597249,-48.63078869,SPRF-SC,DEL01-SC,UOP02-DEL01-SC,2023
"504431,0",2023-02-11,sábado,09:50:00,SC,101,"134,0",BALNEARIO CAMBORIU,Condutor deixou de manter distância do veículo da frente,Colisão traseira,Com Vítimas Feridas,Pleno dia,Crescente,Céu Claro,Dupla,Reta,Sim,2,0,1,0,1,0,1,2,-27.00218,-48.636433,SPRF-SC,DEL04-SC,UOP03-DEL04-SC,2023
"504453,0",2023-02-11,sábado,13:00:00,SC,101,"125,0",ITAJAI,Ausência de reação do condutor,Colisão lateral mesmo sentido,Com Vítimas Feridas,Pleno dia,Decrescente,Céu Claro,Dupla,Reta,Não,3,0,2,0,1,0,2,2,-26.94802427,-48.68338515,SPRF-SC,DEL04-SC,UOP04-DEL04-SC,2023
"504454,0",2023-02-11,sábado,13:00:00,SC,101,"199,0",BIGUACU,Condutor deixou de manter distância do veículo da frente,Colisão traseira,Com Vítimas Feridas,Pleno dia,Decrescente,Céu Claro,Dupla,Reta,Sim,2,0,2,0,0,0,2,1,-27.53413705,-48.63003205,SPRF-SC,DEL01-SC,UOP01-DEL01-SC,2023
"504458,0",2023-02-11,sábado,13:25:00,SC,101,"221,5",PALHOCA,Ausência de reação do condutor,Queda de ocupante de veículo,Com Vítimas Feridas,Pleno dia,Crescente,Céu Claro,Múltipla,Reta,Não,2,0,2,0,0,0,2,1,-27.70012652,-48.66021182,SPRF-SC,DEL01-SC,UOP02-DEL01-SC,2023
"504465,0",2023-02-07,terça-feira,21:33:00,SC,282,"535,0",CHAPECO,Ausência de reação do condutor,Tombamento,Com Vítimas Feridas,Plena Noite,Decrescente,Céu Claro,Dupla,Reta;Rotatória,Sim,2,0,1,0,0,1,1,2,-26.998245,-52.643768,SPRF-SC,DEL07-SC,UOP01-DEL07-SC,2023
"504472,0",2023-02-11,sábado,12:50:00,SC,116,"211,7",CORREIA PINTO,Ingestão de álcool pelo condutor,Colisão lateral mesmo sentido,Com Vítimas Feridas,Pleno dia,Crescente,Céu Claro,Simples,Reta,Não,3,0,2,0,1,0,2,2,-27.51040007,-50.36397936,SPRF-SC,DEL05-SC,UOP03-DEL05-SC,2023
"504473,0",2023-02-11,sábado,14:35:00,SC,101,"144,0",ITAPEMA,Manobra de mudança de faixa,Tombamento,Com Vítimas Feridas,Pleno dia,Crescente,Sol,Dupla,Reta,Não,2,0,1,0,1,0,1,2,-27.0732659,-48.59672716,SPRF-SC,DEL04-SC,UOP03-DEL04-SC,2023
"504474,0",2023-02-11,sábado,15:10:00,SC,101,"193,9",BIGUACU,Desrespeitar a preferência no cruzamento,Colisão transversal,Com Vítimas Feridas,Pleno dia,Crescente,Céu Claro,Múltipla,Reta,Sim,2,0,1,0,1,0,1,2,-27.489574,-48.655914,SPRF-SC,DEL01-SC,UOP01-DEL01-SC,2023
"504479,0",2023-02-11,sábado,14:45:00,SC,282,"6,0",SAO JOSE,Velocidade Incompatível,Colisão com objeto,Com Vítimas Feridas,Pleno dia,Crescente,Sol,Dupla,Declive;Curva,Sim,1,0,1,0,0,0,1,1,-27.58528498,-48.61776352,SPRF-SC,DEL01-SC,UOP01-DEL01-SC,2023
"504486,0",2023-02-11,sábado,16:00:00,SC,282,"4,7",FLORIANOPOLIS,Manobra de mudança de faixa,Colisão lateral mesmo sentido,Com Vítimas Feridas,Pleno dia,Decrescente,Céu Claro,Dupla,Reta,Não,2,0,0,1,1,0,1,2,-27.59004899,-48.60919118,SPRF-SC,DEL01-SC,UOP01-DEL01-SC,2023
"504507,0",2023-02-11,sábado,16:50:00,SC,101,"111,5",NAVEGANTES,Ingestão de álcool pelo condutor,Queda de ocupante de veículo,Com Vítimas Feridas,Pleno dia,Crescente,Céu Claro,Dupla,Ponte,Não,1,0,1,0,0,0,1,1,-26.8440986,-48.71917248,SPRF-SC,DEL04-SC,UOP04-DEL04-SC,2023