id,data_inversa,dia_semana,horario,uf,br,km,municipio,causa_acidente,tipo_acidente,classificacao_acidente,fase_dia,sentido_via,condicao_metereologica,tipo_pista,tracado_via,uso_solo,pessoas,mortos,feridos_leves,feridos_graves,ilesos,ignorados,feridos,veiculos,latitude,longitude,regional,delegacia,uop,ano_arquivo
"504520,0",2023-02-11,sábado,17:30:00,SC,116,"9,1",MAFRA,Reação tardia ou ineficiente do condutor,Colisão traseira,Com Vítimas Feridas,Pleno dia,Decrescente,Sol,Simples,Reta,Não,3,0,1,0,2,0,1,3,-26.16297778,-49.84696715,SPRF-SC,DEL06-SC,UOP01-DEL06-SC,2023
"504542,0",2023-02-11,sábado,18:20:00,SC,470,"174,0",POUSO REDONDO,Desrespeitar a preferência no cruzamento,Colisão transversal,Com Vítimas Feridas,Anoitecer,Decrescente,Nublado,Simples,Interseção de Vias,Sim,2,0,1,0,1,0,1,2,-27.258179,-49.929146,SPRF-SC,DEL04-SC,UOP02-DEL04-SC,2023
"504544,0",2023-02-11,sábado,21:15:00,SC,101,"214,8",PALHOCA,Ingestão de álcool pelo condutor,Colisão com objeto,Sem Vítimas,Plena Noite,Crescente,Céu Claro,Dupla,Reta,Não,1,0,0,0,1,0,0,1,-27.64443,-48.67057,SPRF-SC,DEL01-SC,UOP02-DEL01-SC,2023
"504549,0",2023-02-11,sábado,21:10:00,SC,101,"416,9",ARARANGUA,Desrespeitar a preferência no cruzamento,Colisão transversal,Com Vítimas Feridas,Plena Noite,Decrescente,Céu Claro,Simples,Reta;Interseção de Vias,Sim,3,0,0,1,2,0,1,2,-28.96708874,-49.52338825,SPRF-SC,DEL02-SC,UOP02-DEL02-SC,2023
"504554,0",2023-02-11,sábado,22:00:00,SC,282,"16,0",PALHOCA,Ingestão de álcool pelo condutor,Queda de ocupante de veículo,Com Vítimas Feridas,Plena Noite,Crescente,Céu Claro,Simples,Reta,Não,3,0,2,0,1,0,2,2,-27.658611,-48.681847,SPRF-SC,DEL01-SC,UOP02-DEL01-SC,2023
"504562,0",2023-02-11,sábado,22:30:00,SC,101,"188,1",BIGUACU,Condutor deixou de manter distância do veículo da frente,Colisão traseira,Sem Vítimas,Plena Noite,Decrescente,Céu Claro,Simples,Reta,Sim,2,0,0,0,2,0,0,2,-27.45123421,-48.63370766,SPRF-SC,DEL01-SC,UOP01-DEL01-SC,2023
"504574,0",2023-02-11,sábado,23:00:00,SC,282,"19,0",PALHOCA,Reação tardia ou ineficiente do condutor,Tombamento,Com Vítimas Feridas,Plena Noite,Crescente,Céu Claro,Simples,Interseção de Vias,Sim,2,0,1,1,0,0,2,1,-27.67934771,-48.7031436,SPRF-SC,DEL01-SC,UOP02-DEL01-SC,2023
"504604,0",2023-02-12,domingo,00:50:00,SC,282,"581,7",PINHALZINHO,Reação tardia ou ineficiente do condutor,Saída de leito carroçável,Com Vítimas Feridas,Plena Noite,Decrescente,Nublado,Simples,Rotatória,Não,4,0,1,2,0,1,3,1,-26.82652179,-53.00485969,SPRF-SC,DEL07-SC,UOP02-DEL07-SC,2023
"504610,0",2023-02-12,domingo,02:40:00,SC,101,"194,0",BIGUACU,Ingestão de álcool pelo condutor,Saída de leito carroçável,Com Vítimas Feridas,Pleno dia,Crescente,Nevoeiro/Neblina,Múltipla,Reta,Sim,1,0,1,0,0,0,1,1,-27.49815117,-48.65661236,SPRF-SC,DEL01-SC,UOP01-DEL01-SC,2023
"504612,0",2023-02-12,domingo,03:40:00,SC,101,"305,0",LAGUNA,Ingestão de álcool pelo condutor,Saída de leito carroçável,Sem Vítimas,Plena Noite,Crescente,Céu Claro,Múltipla,Reta,Não,1,0,0,0,0,1,0,1,-28.37674574,-48.76400229,SPRF-SC,DEL02-SC,UOP03-DEL02-SC,2023
"504628,0",2023-02-12,domingo,06:50:00,SC,101,"232,0",PALHOCA,Ausência de reação do condutor,Colisão traseira,Com Vítimas Feridas,Pleno dia,Decrescente,Céu Claro,Dupla,Reta,Não,1,0,0,1,0,0,1,1,-27.795666,-48.638153,SPRF-SC,DEL01-SC,UOP02-DEL01-SC,2023
"504631,0",2023-02-12,domingo,04:20:00,SC,470,"110,0",APIUNA,Condutor Dormindo,Saída de leito carroçável,Com Vítimas Feridas,Plena Noite,Crescente,Céu Claro,Simples,Reta,Não,2,0,2,0,0,0,2,1,-27.086622,-49.458096,SPRF-SC,DEL04-SC,UOP02-DEL04-SC,2023
"504647,0",2023-02-12,domingo,07:45:00,SC,101,"149,0",ITAPEMA,Ausência de reação do condutor,Colisão traseira,Com Vítimas Feridas,Pleno dia,Crescente,Céu Claro,Dupla,Reta,Sim,2,0,1,0,1,0,1,2,-27.1089649,-48.61277586,SPRF-SC,DEL04-SC,UOP03-DEL04-SC,2023
"504653,0",2023-02-12,domingo,07:10:00,SC,280,"31,9",ARAQUARI,Velocidade Incompatível,Capotamento,Sem Vítimas,Pleno dia,Decrescente,Céu Claro,Simples,Curva,Não,1,0,0,0,0,1,0,1,-26.41649938,-48.77181215,SPRF-SC,DEL03-SC,UOP03-DEL03-SC,2023
"504661,0",2023-02-12,domingo,08:15:00,SC,470,"323,9",CAMPOS NOVOS,Desrespeitar a preferência no cruzamento,Colisão transversal,Com Vítimas Feridas,Pleno dia,Crescente,Céu Claro,Simples,Interseção de Vias,Não,3,0,0,2,1,0,2,2,-27.438557,-51.244228,SPRF-SC,DEL07-SC,UOP06-DEL07-SC,2023
"504687,0",2023-02-12,domingo,10:00:00,SC,470,"161,0",TROMBUDO CENTRAL,Velocidade Incompatível,Saída de leito carroçável,Sem Vítimas,Pleno dia,Crescente,Sol,Simples,Reta,Sim,1,0,0,0,0,1,0,1,-27.285444,-49.807579,SPRF-SC,DEL04-SC,UOP02-DEL04-SC,2023
"504696,0",2023-02-12,domingo,13:15:00,SC,282,"130,0",BOM RETIRO,Condutor deixou de manter distância do veículo da frente,Colisão traseira,Com Vítimas Feridas,Pleno dia,Crescente,Céu Claro,Simples,Reta,Não,5,0,1,0,4,0,1,2,-27.803255,-49.505241,SPRF-SC,DEL05-SC,UOP01-DEL05-SC,2023
"504703,0",2023-02-12,domingo,15:00:00,SC,101,"132,0",BALNEARIO CAMBORIU,Reação tardia ou ineficiente do condutor,Colisão lateral mesmo sentido,Com Vítimas Feridas,Pleno dia,Decrescente,Céu Claro,Dupla,Reta,Não,2,0,1,0,1,0,1,2,-26.99654133,-48.65564711,SPRF-SC,DEL04-SC,UOP03-DEL04-SC,2023
"504714,0",2023-02-12,domingo,16:00:00,SC,470,"68,1",INDAIAL,Ausência de reação do condutor,Colisão transversal,Com Vítimas Feridas,Pleno dia,Decrescente,Sol,Simples,Interseção de Vias,Não,2,0,0,1,1,0,1,2,-26.877615,-49.239231,SPRF-SC,DEL04-SC,UOP01-DEL04-SC,2023
"504737,0",2023-02-12,domingo,18:26:00,SC,101,"316,0",PESCARIA BRAVA,Manobra de mudança de faixa,Colisão traseira,Com Vítimas Feridas,Anoitecer,Crescente,Céu Claro,Dupla,Aclive;Curva,Sim,3,0,1,0,2,0,1,3,-28.426708,-48.863875,SPRF-SC,DEL02-SC,UOP01-DEL02-SC,2023
"504741,0",2023-02-12,domingo,18:40:00,SC,282,"15,6",PALHOCA,Acessar a via sem observar a presença dos outros veículos,Colisão lateral mesmo sentido,Com Vítimas Feridas,Anoitecer,Decrescente,Céu Claro,Simples,Reta,Sim,4,0,2,0,2,0,2,2,-27.65915435,-48.68194342,SPRF-SC,DEL01-SC,UOP02-DEL01-SC,2023
"504743,0",2023-02-12,domingo,17:50:00,SC,101,"104,9",PENHA,Manobra de mudança de faixa,Colisão traseira,Sem Vítimas,Pleno dia,Crescente,Céu Claro,Dupla,Reta,Não,2,0,0,0,2,0,0,2,-26.80044834,-48.67901444,SPRF-SC,DEL03-SC,UOP02-DEL03-SC,2023
"504766,0",2023-02-12,domingo,18:20:00,SC,101,"153,0",ITAPEMA,Ausência de reação do condutor,Colisão lateral mesmo sentido,Com Vítimas Feridas,Plena Noite,Crescente,Nublado,Dupla,Reta,Não,2,0,1,0,1,0,1,2,-27.144717,-48.61063935,SPRF-SC,DEL04-SC,UOP03-DEL04-SC,2023
"504767,0",2023-02-12,domingo,16:25:00,SC,116,"137,2",SANTA CECILIA,Reação tardia ou ineficiente do condutor,Colisão com objeto,Com Vítimas Feridas,Pleno dia,Decrescente,Céu Claro,Simples,Curva,Não,3,0,1,0,2,0,1,1,-26.946361,-50.42928293,SPRF-SC,DEL06-SC,UOP02-DEL06-SC,2023
"504771,0",2023-02-12,domingo,22:15:00,SC,280,"58,5",GUARAMIRIM,Reação tardia ou ineficiente do condutor,Colisão transversal,Com Vítimas Feridas,Plena Noite,Decrescente,Nublado,Dupla,Reta,Sim,2,0,1,0,1,0,1,2,-26.47469789,-49.02808249,SPRF-SC,DEL03-SC,UOP03-DEL03-SC,2023
"504774,0",2023-02-12,domingo,20:00:00,SC,101,"112,0",ITAJAI,Ausência de reação do condutor,Engavetamento,Com Vítimas Feridas,Plena Noite,Crescente,Nublado,Dupla,Reta;Declive,Não,5,0,0,1,4,0,1,4,-26.84589005,-48.72131295,SPRF-SC,DEL04-SC,UOP04-DEL04-SC,2023
"504777,0",2023-02-12,domingo,21:05:00,SC,280,"124,0",RIO NEGRINHO,Ingestão de álcool pelo condutor,Colisão lateral sentido oposto,Com Vítimas Feridas,Plena Noite,Decrescente,Céu Claro,Simples,Curva;Declive,Não,4,0,4,0,0,0,4,2,-26.24130297,-49.47514499,SPRF-SC,DEL06-SC,UOP03-DEL06-SC,2023
"504782,0",2023-02-12,domingo,23:00:00,SC,280,"25,0",ARAQUARI,Condutor deixou de manter distância do veículo da frente,Colisão traseira,Com Vítimas Feridas,Plena Noite,Decrescente,Nublado,Simples,Reta,Sim,2,0,1,0,1,0,1,2,-26.38972308,-48.73411593,SPRF-SC,DEL03-SC,UOP03-DEL03-SC,2023
"504821,0",2023-02-12,domingo,19:30:00,SC,101,"15,0",GARUVA,Acessar a via sem observar a presença dos outros veículos,Colisão traseira,Com Vítimas Feridas,Plena Noite,Decrescente,Céu Claro,Múltipla,Retorno Regulamentado,Não,6,0,6,0,0,0,6,2,-26.1054368,-48.87150049,SPRF-SC,DEL03-SC,UOP01-DEL03-SC,2023
"504829,0",2023-02-12,domingo,17:55:00,SC,282,"373,0",ERVAL VELHO,Ultrapassagem Indevida,Colisão traseira,Com Vítimas Feridas,Pleno dia,Crescente,Céu Claro,Dupla,Aclive,Não,1,0,0,1,0,0,1,1,-27.243425,-51.44788,SPRF-SC,DEL07-SC,UOP05-DEL07-SC,2023
"504831,0",2023-02-13,segunda-feira,06:40:00,SC,101,"197,0",BIGUACU,Trafegar com motocicleta (ou similar) entre as faixas,Colisão traseira,Com Vítimas Feridas,Pleno dia,Crescente,Céu Claro,Múltipla,Reta,Não,2,0,1,0,1,0,1,2,-27.51844497,-48.63848496,SPRF-SC,DEL01-SC,UOP01-DEL01-SC,2023
"504846,0",2023-02-13,segunda-feira,07:30:00,SC,280,"25,6",ARAQUARI,Conversão proibida,Colisão transversal,Com Vítimas Feridas,Pleno dia,Crescente,Sol,Simples,Reta,Sim,2,0,0,1,1,0,1,2,-26.38352781,-48.72677516,SPRF-SC,DEL03-SC,UOP03-DEL03-SC,2023
"504866,0",2023-02-13,segunda-feira,09:00:00,SC,101,"210,0",SAO JOSE,Manobra de mudança de faixa,Colisão lateral mesmo sentido,Com Vítimas Feridas,Pleno dia,Decrescente,Céu Claro,Múltipla,Reta,Sim,3,0,1,1,1,0,2,2,-27.6167305,-48.6457265,SPRF-SC,DEL01-SC,UOP01-DEL01-SC,2023
"504870,0",2023-02-13,segunda-feira,06:15:00,SC,282,"578,0",PINHALZINHO,Acesso irregular,Colisão transversal,Com Vítimas Feridas,Amanhecer,Crescente,Céu Claro,Simples,Curva;Rotatória,Não,2,0,1,0,1,0,1,2,-26.83711706,-52.98689425,SPRF-SC,DEL07-SC,UOP02-DEL07-SC,2023
"504899,0",2023-02-13,segunda-feira,10:30:00,SC,101,"47,1",JOINVILLE,Avarias e/ou desgaste excessivo no pneu,Queda de ocupante de veículo,Com Vítimas Feridas,Pleno dia,Crescente,Céu Claro,Dupla,Reta,Sim,2,0,2,0,0,0,2,1,-26.34234997,-48.85840089,SPRF-SC,DEL03-SC,UOP01-DEL03-SC,2023
"504905,0",2023-02-13,segunda-feira,13:20:00,SC,101,"203,0",SAO JOSE,Condutor deixou de manter distância do veículo da frente,Colisão traseira,Com Vítimas Feridas,Pleno dia,Crescente,Céu Claro,Dupla,Reta,Sim,2,0,1,0,1,0,1,2,-27.5650044,-48.61460082,SPRF-SC,DEL01-SC,UOP01-DEL01-SC,2023
"504921,0",2023-02-13,segunda-feira,14:07:00,SC,101,"224,3",PALHOCA,Velocidade Incompatível,Colisão lateral mesmo sentido,Com Vítimas Feridas,Pleno dia,Crescente,Céu Claro,Dupla,Reta,Não,3,0,1,0,0,2,1,3,-27.72384789,-48.64386769,SPRF-SC,DEL01-SC,UOP02-DEL01-SC,2023
"504932,0",2023-02-13,segunda-feira,12:45:00,SC,101,"386,4",ICARA,Conversão proibida,Colisão transversal,Com Vítimas Feridas,Pleno dia,Crescente,Céu Claro,Múltipla,Declive,Sim,2,0,1,0,1,0,1,2,-28.78691809,-49.33856964,SPRF-SC,DEL02-SC,UOP02-DEL02-SC,2023
"504934,0",2023-02-13,segunda-feira,15:30:00,SC,470,"68,0",INDAIAL,Condutor deixou de manter distância do veículo da frente,Colisão traseira,Com Vítimas Feridas,Pleno dia,Decrescente,Céu Claro,Simples,Interseção de Vias;Reta,Sim,2,0,1,0,1,0,1,2,-26.877615,-49.239231,SPRF-SC,DEL04-SC,UOP01-DEL04-SC,2023
"504935,0",2023-02-13,segunda-feira,13:30:00,SC,101,"224,0",PALHOCA,Ausência de reação do condutor,Atropelamento de Pedestre,Com Vítimas Feridas,Pleno dia,Crescente,Céu Claro,Dupla,Reta,Não,3,0,0,2,0,1,2,2,-27.72384789,-48.64386769,SPRF-SC,DEL01-SC,UOP02-DEL01-SC,2023
"504938,0",2023-02-13,segunda-feira,15:50:00,SC,101,"206,8",SAO JOSE,Trafegar com motocicleta (ou similar) entre as faixas,Colisão lateral mesmo sentido,Com Vítimas Feridas,Pleno dia,Crescente,Céu Claro,Múltipla,Reta,Sim,3,0,2,0,1,0,2,3,-27.58313237,-48.61532885,SPRF-SC,DEL01-SC,UOP01-DEL01-SC,2023
"504941,0",2023-02-13,segunda-feira,15:00:00,SC,101,"207,8",SAO JOSE,Condutor deixou de manter distância do veículo da frente,Colisão traseira,Com Vítimas Feridas,Pleno dia,Decrescente,Sol,Múltipla,Declive,Sim,2,0,1,0,1,0,1,2,-27.60001226,-48.6226467,SPRF-SC,DEL01-SC,UOP01-DEL01-SC,2023
"504942,0",2023-02-13,segunda-feira,15:09:00,SC,101,"356,0",SANGAO,Reação tardia ou ineficiente do condutor,Saída de leito carroçável,Com Vítimas Feridas,Pleno dia,Decrescente,Céu Claro,Dupla,Reta,Não,5,0,2,0,3,0,2,1,-28.65057609,-49.10516385,SPRF-SC,DEL02-SC,UOP01-DEL02-SC,2023
"504946,0",2023-02-13,segunda-feira,17:30:00,SC,101,"195,0",BIGUACU,Reação tardia ou ineficiente do condutor,Tombamento,Com Vítimas Feridas,Pleno dia,Decrescente,Céu Claro,Múltipla,Reta,Sim,2,0,2,0,0,0,2,1,-27.5047092,-48.65010819,SPRF-SC,DEL01-SC,UOP01-DEL01-SC,2023
"504956,0",2023-02-13,segunda-feira,17:55:00,SC,470,"56,0",BLUMENAU,Acessar a via sem observar a presença dos outros veículos,Colisão transversal,Com Vítimas Feridas,Pleno dia,Crescente,Céu Claro,Simples,Reta,Sim,3,0,3,0,0,0,3,2,-26.87732893,-49.12996633,SPRF-SC,DEL04-SC,UOP01-DEL04-SC,2023
"504993,0",2023-02-13,segunda-feira,22:00:00,SC,470,"54,5",BLUMENAU,Ausência de reação do condutor,Colisão traseira,Sem Vítimas,Plena Noite,Crescente,Céu Claro,Simples,Reta;Interseção de Vias,Sim,2,0,0,0,2,0,0,2,-26.871065,-49.110374,SPRF-SC,DEL04-SC,UOP01-DEL04-SC,2023
"505015,0",2023-02-14,terça-feira,02:30:00,SC,282,"1,0",FLORIANOPOLIS,Demais falhas mecânicas ou elétricas,Queda de ocupante de veículo,Com Vítimas Feridas,Plena Noite,Decrescente,Céu Claro,Múltipla,Reta;Declive,Sim,1,0,1,0,0,0,1,1,-27.602955,-48.580509,SPRF-SC,DEL01-SC,UOP01-DEL01-SC,2023
"505023,0",2023-02-14,terça-feira,06:00:00,SC,101,"127,5",ITAJAI,Demais falhas mecânicas ou elétricas,Tombamento,Com Vítimas Feridas,Amanhecer,Decrescente,Céu Claro,Múltipla,Reta,Não,2,0,1,0,1,0,1,1,-26.9639319,-48.68328024,SPRF-SC,DEL04-SC,UOP04-DEL04-SC,2023
"505026,0",2023-02-14,terça-feira,07:15:00,SC,101,"310,0",LAGUNA,Acessar a via sem observar a presença dos outros veículos,Tombamento,Com Vítimas Feridas,Pleno dia,Crescente,Céu Claro,Múltipla,Reta,Não,1,0,1,0,0,0,1,1,-28.41679416,-48.79529064,SPRF-SC,DEL02-SC,UOP01-DEL02-SC,2023
"505027,0",2023-02-13,segunda-feira,23:00:00,SC,158,"108,0",CUNHA PORA,Velocidade Incompatível,Saída de leito carroçável,Com Vítimas Feridas,Plena Noite,Crescente,Céu Claro,Simples,Reta,Não,1,0,1,0,0,0,1,1,-26.88614955,-53.17524433,SPRF-SC,DEL07-SC,UOP02-DEL07-SC,2023
"505033,0",2023-02-14,terça-feira,07:50:00,SC,101,"415,0",ARARANGUA,Reação tardia ou ineficiente do condutor,Colisão traseira,Com Vítimas Feridas,Pleno dia,Crescente,Céu Claro,Múltipla,Reta,Sim,2,0,1,0,1,0,1,2,-28.96889079,-49.52489197,SPRF-SC,DEL02-SC,UOP02-DEL02-SC,2023
"505041,0",2023-02-11,sábado,22:10:00,SC,470,"125,0",LONTRAS,Ingestão de álcool pelo condutor,Colisão transversal,Com Vítimas Feridas,Plena Noite,Crescente,Ignorado,Dupla,Reta;Interseção de Vias,Não,3,0,0,2,1,0,2,2,-27.120506,-49.534946,SPRF-SC,DEL04-SC,UOP02-DEL04-SC,2023
"505043,0",2023-02-14,terça-feira,07:45:00,SC,282,"3,2",FLORIANOPOLIS,Manobra de mudança de faixa,Colisão lateral mesmo sentido,Com Vítimas Feridas,Pleno dia,Decrescente,Céu Claro,Dupla,Reta,Sim,3,0,2,0,1,0,2,2,-27.600384,-48.599705,SPRF-SC,DEL01-SC,UOP01-DEL01-SC,2023
"505045,0",2023-02-14,terça-feira,08:20:00,SC,101,"209,6",SAO JOSE,Trafegar com motocicleta (ou similar) entre as faixas,Colisão traseira,Com Vítimas Feridas,Pleno dia,Decrescente,Céu Claro,Múltipla,Reta,Não,1,0,0,1,0,0,1,1,-27.61000542,-48.63895057,SPRF-SC,DEL01-SC,UOP01-DEL01-SC,2023
"505050,0",2023-02-14,terça-feira,06:55:00,SC,282,"530,9",CORDILHEIRA ALTA,Condutor deixou de manter distância do veículo da frente,Colisão traseira,Com Vítimas Feridas,Pleno dia,Crescente,Céu Claro,Simples,Reta,Não,2,0,1,0,1,0,1,2,-26.986555,-52.60524,SPRF-SC,DEL07-SC,UOP01-DEL07-SC,2023
"505054,0",2023-01-21,sábado,19:30:00,SC,282,"398,6",JOACABA,Reação tardia ou ineficiente do condutor,Colisão traseira,Com Vítimas Feridas,Plena Noite,Crescente,Céu Claro,Simples,Reta;Aclive,Não,2,0,0,1,1,0,1,2,-27.143419,-51.613823,SPRF-SC,DEL07-SC,UOP05-DEL07-SC,2023
"505064,0",2023-02-04,sábado,08:40:00,SC,116,"183,3",SAO CRISTOVAO DO SUL,Reação tardia ou ineficiente do condutor,Saída de leito carroçável,Com Vítimas Feridas,Pleno dia,Decrescente,Céu Claro,Simples,Reta,Não,5,0,3,0,2,0,3,1,-27.29297802,-50.43354392,SPRF-SC,DEL05-SC,UOP03-DEL05-SC,2023
"505065,0",2023-02-14,terça-feira,06:35:00,SC,470,"53,8",BLUMENAU,Conversão proibida,Colisão transversal,Com Vítimas Feridas,Pleno dia,Crescente,Céu Claro,Simples,Curva,Sim,3,0,1,0,2,0,1,2,-26.867121,-49.102066,SPRF-SC,DEL04-SC,UOP01-DEL04-SC,2023
"505071,0",2023-02-14,terça-feira,10:00:00,SC,101,"310,9",LAGUNA,Desrespeitar a preferência no cruzamento,Colisão transversal,Com Vítimas Feridas,Pleno dia,Crescente,Sol,Simples,Interseção de Vias,Sim,3,0,1,0,2,0,1,2,-28.4394874,-48.81247044,SPRF-SC,DEL02-SC,UOP01-DEL02-SC,2023
"505085,0",2023-02-14,terça-feira,10:40:00,SC,470,"7,7",NAVEGANTES,Acesso irregular,Colisão traseira,Com Vítimas Feridas,Pleno dia,Crescente,Céu Claro,Simples,Reta;Interseção de Vias,Não,2,0,1,0,1,0,1,2,-26.84499,-48.71505,SPRF-SC,DEL04-SC,UOP04-DEL04-SC,2023
"505089,0",2023-02-14,terça-feira,12:15:00,SC,101,"97,0",BALNEARIO PICARRAS,Acessar a via sem observar a presença dos outros veículos,Colisão transversal,Com Vítimas Feridas,Pleno dia,Crescente,Sol,Múltipla,Reta,Não,2,0,1,0,1,0,1,2,-26.72823703,-48.70224928,SPRF-SC,DEL03-SC,UOP02-DEL03-SC,2023
"505096,0",2023-02-12,domingo,02:00:00,SC,470,"126,0",LONTRAS,Iluminação deficiente,Saída de leito carroçável,Sem Vítimas,Plena Noite,Decrescente,Ignorado,Dupla,Reta;Declive,Não,1,0,0,0,0,1,0,1,-27.129,-49.538277,SPRF-SC,DEL04-SC,UOP02-DEL04-SC,2023
"505101,0",2023-02-14,terça-feira,12:55:00,SC,282,"246,8",SAO JOSE DO CERRITO,Reação tardia ou ineficiente do condutor,Saída de leito carroçável,Com Vítimas Feridas,Pleno dia,Decrescente,Chuva,Simples,Curva;Declive,Não,1,0,1,0,0,0,1,1,-27.727213,-50.529724,SPRF-SC,DEL05-SC,UOP02-DEL05-SC,2023
"505107,0",2023-02-14,terça-feira,14:00:00,SC,101,"88,7",BARRA VELHA,Transitar na contramão,Colisão frontal,Com Vítimas Feridas,Pleno dia,Decrescente,Nublado,Simples,Reta,Sim,2,0,1,0,1,0,1,2,-26.64253985,-48.68950684,SPRF-SC,DEL03-SC,UOP02-DEL03-SC,2023
"505108,0",2023-02-14,terça-feira,14:10:00,SC,101,"207,0",SAO JOSE,Condutor deixou de manter distância do veículo da frente,Colisão lateral mesmo sentido,Sem Vítimas,Pleno dia,Crescente,Céu Claro,Múltipla,Reta,Sim,3,0,0,0,3,0,0,2,-27.60001226,-48.6226467,SPRF-SC,DEL01-SC,UOP01-DEL01-SC,2023
"505120,0",2023-02-14,terça-feira,15:30:00,SC,101,"117,0",ITAJAI,Condutor deixou de manter distância do veículo da frente,Colisão lateral mesmo sentido,Com Vítimas Feridas,Pleno dia,Crescente,Céu Claro,Dupla,Reta,Não,3,0,3,0,0,0,3,2,-26.895859,-48.71903,SPRF-SC,DEL04-SC,UOP04-DEL04-SC,2023
"505126,0",2023-02-14,terça-feira,14:20:00,SC,470,"155,4",TROMBUDO CENTRAL,Velocidade Incompatível,Colisão lateral sentido oposto,Com Vítimas Feridas,Pleno dia,Crescente,Chuva,Simples,Curva,Não,3,0,1,0,2,0,1,3,-27.277105,-49.751972,SPRF-SC,DEL04-SC,UOP02-DEL04-SC,2023
"505130,0",2023-02-14,terça-feira,10:30:00,SC,280,"56,0",GUARAMIRIM,Acessar a via sem observar a presença dos outros veículos,Colisão transversal,Com Vítimas Feridas,Pleno dia,Crescente,Céu Claro,Simples,Interseção de Vias,Sim,2,0,1,0,1,0,1,2,-26.47947677,-49.00298702,SPRF-SC,DEL03-SC,UOP03-DEL03-SC,2023
"505138,0",2023-02-14,terça-feira,16:20:00,SC,282,"355,2",CAMPOS NOVOS,Reação tardia ou ineficiente do condutor,Colisão lateral mesmo sentido,Sem Vítimas,Pleno dia,Decrescente,Céu Claro,Simples,Reta,Não,2,0,0,0,2,0,0,2,-27.350309,-51.335823,SPRF-SC,DEL07-SC,UOP06-DEL07-SC,2023
"505139,0",2023-02-14,terça-feira,17:50:00,SC,101,"206,8",SAO JOSE,Pista Escorregadia,Tombamento,Com Vítimas Feridas,Anoitecer,Crescente,Chuva,Múltipla,Reta,Não,1,0,1,0,0,0,1,1,-27.59193546,-48.61824557,SPRF-SC,DEL01-SC,UOP01-DEL01-SC,2023
"505151,0",2023-02-14,terça-feira,19:50:00,SC,101,"284,2",IMBITUBA,Acumulo de areia ou detritos sobre o pavimento,Tombamento,Com Vítimas Feridas,Plena Noite,Decrescente,Céu Claro,Simples,Viaduto;Reta,Não,1,0,0,1,0,0,1,1,-28.2329697,-48.70157182,SPRF-SC,DEL02-SC,UOP03-DEL02-SC,2023
"505155,0",2023-02-14,terça-feira,18:05:00,SC,0,"0,0",LAGES,Acessar a via sem observar a presença dos outros veículos,Colisão transversal,Com Vítimas Feridas,Anoitecer,Não Informado,Nublado,Simples,Interseção de Vias;Reta,Sim,2,0,0,1,1,0,1,2,-27.81589142,-50.37175119,SPRF-SC,DEL05-SC,UOP02-DEL05-SC,2023
"505166,0",2023-02-14,terça-feira,20:45:00,SC,470,"67,3",INDAIAL,Conversão proibida,Colisão frontal,Com Vítimas Feridas,Plena Noite,Decrescente,Chuva,Simples,Reta,Sim,2,0,1,0,1,0,1,2,-26.872158,-49.23127,SPRF-SC,DEL04-SC,UOP01-DEL04-SC,2023
"505216,0",2023-02-15,quarta-feira,07:30:00,SC,282,"567,9",NOVA ERECHIM,Acessar a via sem observar a presença dos outros veículos,Colisão transversal,Com Vítimas Feridas,Pleno dia,Crescente,Nublado,Simples,Rotatória,Sim,2,0,1,0,1,0,1,2,-26.904472,-52.907639,SPRF-SC,DEL07-SC,UOP02-DEL07-SC,2023
"505222,0",2023-02-15,quarta-feira,09:15:00,SC,282,"2,1",FLORIANOPOLIS,Trafegar com motocicleta (ou similar) entre as faixas,Colisão lateral mesmo sentido,Com Vítimas Feridas,Pleno dia,Decrescente,Sol,Múltipla,Reta,Sim,2,0,1,0,1,0,1,2,-27.603289,-48.590416,SPRF-SC,DEL01-SC,UOP01-DEL01-SC,2023
"505244,0",2023-02-15,quarta-feira,12:00:00,SC,101,"200,0",SAO JOSE,Ausência de reação do condutor,Engavetamento,Com Vítimas Feridas,Pleno dia,Decrescente,Sol,Dupla,Curva,Não,4,0,2,0,2,0,2,3,-27.54018513,-48.62287714,SPRF-SC,DEL01-SC,UOP01-DEL01-SC,2023
"505263,0",2023-01-28,sábado,12:10:00,SC,280,"151,1",MAFRA,Condutor deixou de manter distância do veículo da frente,Engavetamento,Com Vítimas Feridas,Pleno dia,Decrescente,Céu Claro,Simples,Reta,Não,4,0,1,0,1,2,1,3,-26.23248274,-49.69867393,SPRF-SC,DEL06-SC,UOP03-DEL06-SC,2023
"505267,0",2023-02-15,quarta-feira,14:15:00,SC,101,"130,0",BALNEARIO CAMBORIU,Demais falhas mecânicas ou elétricas,Tombamento,Com Vítimas Feridas,Pleno dia,Crescente,Nublado,Dupla,Reta,Sim,2,0,2,0,0,0,2,1,-26.98407618,-48.66977107,SPRF-SC,DEL04-SC,UOP03-DEL04-SC,2023