id,data_inversa,dia_semana,horario,uf,br,km,municipio,causa_acidente,tipo_acidente,classificacao_acidente,fase_dia,sentido_via,condicao_metereologica,tipo_pista,tracado_via,uso_solo,pessoas,mortos,feridos_leves,feridos_graves,ilesos,ignorados,feridos,veiculos,latitude,longitude,regional,delegacia,uop,ano_arquivo
"505276,0",2023-02-15,quarta-feira,15:30:00,SC,101,"136,5",BALNEARIO CAMBORIU,Reação tardia ou ineficiente do condutor,Tombamento,Com Vítimas Feridas,Pleno dia,Crescente,Nublado,Múltipla,Reta,Sim,1,0,1,0,0,0,1,1,-27.008113,-48.617245,SPRF-SC,DEL04-SC,UOP03-DEL04-SC,2023
"505293,0",2023-02-15,quarta-feira,15:12:00,SC,101,"213,0",PALHOCA,Velocidade Incompatível,Colisão lateral mesmo sentido,Sem Vítimas,Pleno dia,Crescente,Céu Claro,Múltipla,Reta,Sim,3,0,0,0,2,1,0,2,-27.63697369,-48.66514142,SPRF-SC,DEL01-SC,UOP02-DEL01-SC,2023
"505295,0",2023-02-15,quarta-feira,18:10:00,SC,101,"215,9",PALHOCA,Ausência de reação do condutor,Tombamento,Com Vítimas Feridas,Pleno dia,Crescente,Chuva,Múltipla,Reta,Não,1,0,1,0,0,0,1,1,-27.65184843,-48.67604941,SPRF-SC,DEL01-SC,UOP02-DEL01-SC,2023
"505308,0",2023-02-15,quarta-feira,19:00:00,SC,480,"124,0",CHAPECO,Velocidade Incompatível,Colisão com objeto,Com Vítimas Feridas,Anoitecer,Crescente,Nublado,Simples,Aclive;Viaduto;Curva,Sim,1,0,0,1,0,0,1,1,-27.00359519,-52.64391044,SPRF-SC,DEL07-SC,UOP01-DEL07-SC,2023
"505329,0",2023-02-15,quarta-feira,21:20:00,SC,101,"145,9",ITAPEMA,Ausência de reação do condutor,Colisão traseira,Com Vítimas Feridas,Plena Noite,Crescente,Nublado,Simples,Interseção de Vias,Sim,3,0,1,0,2,0,1,2,-27.08139206,-48.60130993,SPRF-SC,DEL04-SC,UOP03-DEL04-SC,2023
"505330,0",2023-02-15,quarta-feira,21:50:00,SC,101,"47,3",JOINVILLE,Reação tardia ou ineficiente do condutor,Saída de leito carroçável,Sem Vítimas,Plena Noite,Decrescente,Chuva,Dupla,Reta,Sim,1,0,0,0,1,0,0,1,-26.34234997,-48.85840089,SPRF-SC,DEL03-SC,UOP01-DEL03-SC,2023
"505337,0",2023-02-15,quarta-feira,23:00:00,SC,101,"201,1",SAO JOSE,Reação tardia ou ineficiente do condutor,Saída de leito carroçável,Sem Vítimas,Plena Noite,Decrescente,Garoa/Chuvisco,Múltipla,Reta,Não,1,0,0,0,1,0,0,1,-27.54836599,-48.61977975,SPRF-SC,DEL01-SC,UOP01-DEL01-SC,2023
"505353,0",2023-02-15,quarta-feira,22:50:00,SC,101,"43,0",JOINVILLE,Transitar na contramão,Colisão frontal,Com Vítimas Feridas,Plena Noite,Crescente,Chuva,Simples,Reta;Aclive,Sim,2,0,2,0,0,0,2,2,-26.30357106,-48.88225609,SPRF-SC,DEL03-SC,UOP01-DEL03-SC,2023
"505365,0",2023-02-16,quinta-feira,03:10:00,SC,101,"150,0",ITAPEMA,Ausência de reação do condutor,Colisão traseira,Sem Vítimas,Plena Noite,Decrescente,Nublado,Múltipla,Reta,Sim,2,0,0,0,2,0,0,2,-27.11744799,-48.60940987,SPRF-SC,DEL04-SC,UOP03-DEL04-SC,2023
"505371,0",2023-02-16,quinta-feira,04:40:00,SC,116,"1,6",MAFRA,Reação tardia ou ineficiente do condutor,Atropelamento de Pedestre,Com Vítimas Feridas,Plena Noite,Crescente,Chuva,Simples,Reta,Sim,2,0,1,1,0,0,2,2,-26.12190073,-49.79128361,SPRF-SC,DEL06-SC,UOP01-DEL06-SC,2023
"505375,0",2023-02-16,quinta-feira,06:45:00,SC,101,"202,0",SAO JOSE,Condutor deixou de manter distância do veículo da frente,Colisão traseira,Com Vítimas Feridas,Pleno dia,Decrescente,Chuva,Simples,Reta,Não,3,0,0,2,1,0,2,2,-27.55711595,-48.61897889,SPRF-SC,DEL01-SC,UOP01-DEL01-SC,2023
"505382,0",2023-02-16,quinta-feira,07:40:00,SC,101,"204,3",SAO JOSE,Condutor deixou de manter distância do veículo da frente,Colisão traseira,Com Vítimas Feridas,Pleno dia,Crescente,Chuva,Múltipla,Reta,Não,3,0,1,0,2,0,1,3,-27.58313237,-48.61532885,SPRF-SC,DEL01-SC,UOP01-DEL01-SC,2023
"505384,0",2023-02-16,quinta-feira,07:00:00,SC,101,"117,0",ITAJAI,Trafegar com motocicleta (ou similar) entre as faixas,Colisão traseira,Com Vítimas Feridas,Pleno dia,Crescente,Chuva,Múltipla,Reta,Sim,2,0,1,0,1,0,1,2,-26.88747187,-48.72252969,SPRF-SC,DEL04-SC,UOP04-DEL04-SC,2023
"505411,0",2023-02-16,quinta-feira,08:50:00,SC,101,"134,0",BALNEARIO CAMBORIU,Acessar a via sem observar a presença dos outros veículos,Colisão transversal,Com Vítimas Feridas,Pleno dia,Crescente,Chuva,Simples,Interseção de Vias,Sim,2,0,0,1,1,0,1,2,-27.00218,-48.636433,SPRF-SC,DEL04-SC,UOP03-DEL04-SC,2023
"505441,0",2023-02-16,quinta-feira,13:15:00,SC,101,"298,5",LAGUNA,Ausência de reação do condutor,Engavetamento,Com Vítimas Feridas,Pleno dia,Crescente,Céu Claro,Múltipla,Reta,Não,4,0,1,0,3,0,1,3,-28.31353989,-48.7240982,SPRF-SC,DEL02-SC,UOP03-DEL02-SC,2023
"505476,0",2023-02-16,quinta-feira,17:30:00,SC,470,"63,1",BLUMENAU,Conversão proibida,Colisão transversal,Com Vítimas Feridas,Pleno dia,Decrescente,Céu Claro,Simples,Reta,Não,2,0,0,1,1,0,1,2,-26.872396,-49.19228,SPRF-SC,DEL04-SC,UOP01-DEL04-SC,2023
"505479,0",2023-02-16,quinta-feira,14:24:00,SC,280,"239,0",CANOINHAS,Acumulo de água sobre o pavimento,Colisão frontal,Com Vítimas Feridas,Pleno dia,Decrescente,Chuva,Simples,Curva,Não,3,0,2,0,1,0,2,2,-26.20971113,-50.44782084,SPRF-SC,DEL06-SC,UOP04-DEL06-SC,2023
"505487,0",2023-02-16,quinta-feira,17:40:00,SC,282,"2,0",FLORIANOPOLIS,Manobra de mudança de faixa,Colisão traseira,Com Vítimas Feridas,Pleno dia,Crescente,Nublado,Múltipla,Reta,Sim,2,0,0,1,1,0,1,2,-27.603289,-48.590416,SPRF-SC,DEL01-SC,UOP01-DEL01-SC,2023
"505493,0",2023-02-16,quinta-feira,17:50:00,SC,163,"79,0",GUARACIABA,Ausência de reação do condutor,Tombamento,Com Vítimas Feridas,Pleno dia,Crescente,Céu Claro,Simples,Rotatória,Não,1,0,1,0,0,0,1,1,-26.65911819,-53.51816757,SPRF-SC,DEL07-SC,UOP03-DEL07-SC,2023
"505514,0",2023-02-16,quinta-feira,20:35:00,SC,116,"4,0",MAFRA,Ultrapassagem Indevida,Colisão lateral sentido oposto,Com Vítimas Feridas,Plena Noite,Decrescente,Garoa/Chuvisco,Simples,Declive;Interseção de Vias;Reta,Sim,4,0,0,1,3,0,1,2,-26.13554917,-49.8072652,SPRF-SC,DEL06-SC,UOP01-DEL06-SC,2023
"505515,0",2023-02-16,quinta-feira,17:30:00,SC,282,"460,0",PONTE SERRADA,Frear bruscamente,Engavetamento,Com Vítimas Feridas,Anoitecer,Decrescente,Chuva,Simples,Reta,Não,4,0,2,0,2,0,2,3,-26.856062,-52.03215,SPRF-SC,DEL07-SC,UOP04-DEL07-SC,2023
"505516,0",2023-02-16,quinta-feira,20:50:00,SC,470,"140,1",RIO DO SUL,Desrespeitar a preferência no cruzamento,Colisão transversal,Com Vítimas Feridas,Plena Noite,Crescente,Nublado,Simples,Retorno Regulamentado,Sim,3,0,1,0,2,0,1,2,-27.222485,-49.662827,SPRF-SC,DEL04-SC,UOP02-DEL04-SC,2023
"505519,0",2023-02-16,quinta-feira,21:40:00,SC,470,"52,8",BLUMENAU,Ausência de reação do condutor,Colisão traseira,Com Vítimas Feridas,Plena Noite,Decrescente,Céu Claro,Simples,Retorno Regulamentado;Interseção de Vias,Não,2,0,1,0,1,0,1,2,-26.862286,-49.093903,SPRF-SC,DEL04-SC,UOP01-DEL04-SC,2023
"505537,0",2023-02-16,quinta-feira,23:40:00,SC,470,"56,0",BLUMENAU,Reação tardia ou ineficiente do condutor,Colisão traseira,Com Vítimas Feridas,Plena Noite,Crescente,Céu Claro,Simples,Reta,Sim,5,0,0,1,4,0,1,3,-26.87752819,-49.13004583,SPRF-SC,DEL04-SC,UOP01-DEL04-SC,2023
"505587,0",2023-02-17,sexta-feira,08:20:00,SC,282,"4,3",FLORIANOPOLIS,Condutor deixou de manter distância do veículo da frente,Colisão lateral mesmo sentido,Com Vítimas Feridas,Pleno dia,Decrescente,Nublado,Simples,Interseção de Vias,Sim,2,0,2,0,0,0,2,2,-27.592646,-48.604034,SPRF-SC,DEL01-SC,UOP01-DEL01-SC,2023
"505598,0",2023-02-17,sexta-feira,09:05:00,SC,101,"344,0",TUBARAO,Ausência de reação do condutor,Colisão traseira,Sem Vítimas,Pleno dia,Decrescente,Céu Claro,Múltipla,Reta,Sim,5,0,0,0,5,0,0,2,-28.53647889,-49.0531826,SPRF-SC,DEL02-SC,UOP01-DEL02-SC,2023
"505617,0",2023-02-17,sexta-feira,06:45:00,SC,116,"140,7",SANTA CECILIA,Velocidade Incompatível,Colisão lateral sentido oposto,Sem Vítimas,Pleno dia,Crescente,Nublado,Simples,Reta,Sim,2,0,0,0,1,1,0,2,-26.96943119,-50.40694714,SPRF-SC,DEL06-SC,UOP02-DEL06-SC,2023
"505619,0",2023-02-17,sexta-feira,10:45:00,SC,101,"328,0",CAPIVARI DE BAIXO,Ausência de reação do condutor,Colisão traseira,Com Vítimas Feridas,Pleno dia,Decrescente,Garoa/Chuvisco,Dupla,Reta,Não,7,0,1,0,6,0,1,2,-28.43648094,-48.95989307,SPRF-SC,DEL02-SC,UOP01-DEL02-SC,2023
"505622,0",2023-02-17,sexta-feira,10:10:00,SC,101,"95,3",BARRA VELHA,Trafegar com motocicleta (ou similar) entre as faixas,Colisão lateral mesmo sentido,Com Vítimas Feridas,Pleno dia,Crescente,Nublado,Múltipla,Aclive,Não,2,0,1,0,1,0,1,2,-26.70876413,-48.70221065,SPRF-SC,DEL03-SC,UOP02-DEL03-SC,2023
"505624,0",2023-02-17,sexta-feira,10:00:00,SC,101,"93,0",BARRA VELHA,Trafegar com motocicleta (ou similar) entre as faixas,Atropelamento de Pedestre,Com Vítimas Feridas,Pleno dia,Crescente,Nublado,Dupla,Reta,Não,3,0,2,0,1,0,2,3,-26.6899011,-48.69663873,SPRF-SC,DEL03-SC,UOP02-DEL03-SC,2023
"505639,0",2023-02-17,sexta-feira,11:20:00,SC,101,"142,0",BALNEARIO CAMBORIU,Ausência de reação do condutor,Colisão lateral mesmo sentido,Com Vítimas Feridas,Pleno dia,Crescente,Sol,Múltipla,Declive,Não,2,0,1,1,0,0,2,1,-27.056089,-48.599449,SPRF-SC,DEL04-SC,UOP03-DEL04-SC,2023
"505643,0",2023-02-17,sexta-feira,13:05:00,SC,101,"199,8",SAO JOSE,Demais falhas mecânicas ou elétricas,Queda de ocupante de veículo,Com Vítimas Feridas,Pleno dia,Crescente,Nublado,Múltipla,Declive,Sim,2,0,0,1,1,0,1,1,-27.53413705,-48.63003205,SPRF-SC,DEL01-SC,UOP01-DEL01-SC,2023
"505681,0",2023-02-17,sexta-feira,16:30:00,SC,101,"332,9",TUBARAO,Condutor deixou de manter distância do veículo da frente,Colisão traseira,Sem Vítimas,Pleno dia,Decrescente,Chuva,Dupla,Reta,Sim,2,0,0,0,2,0,0,2,-28.46016431,-48.98968873,SPRF-SC,DEL02-SC,UOP01-DEL02-SC,2023
"505704,0",2023-02-17,sexta-feira,17:20:00,SC,282,"20,2",PALHOCA,Trafegar com motocicleta (ou similar) entre as faixas,Colisão lateral mesmo sentido,Com Vítimas Feridas,Pleno dia,Crescente,Nublado,Simples,Reta;Interseção de Vias,Sim,2,0,1,0,1,0,1,2,-27.683958,-48.71006,SPRF-SC,DEL01-SC,UOP02-DEL01-SC,2023
"505725,0",2023-02-17,sexta-feira,19:40:00,SC,280,"2,7",SAO FRANCISCO DO SUL,Acessar a via sem observar a presença dos outros veículos,Colisão transversal,Com Vítimas Feridas,Plena Noite,Crescente,Chuva,Simples,Reta,Não,2,0,1,0,1,0,1,2,-26.23700996,-48.61979093,SPRF-SC,DEL03-SC,UOP03-DEL03-SC,2023
"505735,0",2023-02-17,sexta-feira,20:25:00,SC,280,"15,0",SAO FRANCISCO DO SUL,Reação tardia ou ineficiente do condutor,Colisão traseira,Com Vítimas Feridas,Plena Noite,Crescente,Nublado,Simples,Reta,Sim,2,0,1,0,1,0,1,2,-26.33868901,-48.65489598,SPRF-SC,DEL03-SC,UOP03-DEL03-SC,2023
"505775,0",2023-02-18,sábado,01:43:00,SC,280,"57,0",GUARAMIRIM,Ingestão de álcool pelo condutor,Saída de leito carroçável,Com Vítimas Feridas,Plena Noite,Decrescente,Garoa/Chuvisco,Simples,Reta;Em Obras,Sim,1,0,1,0,0,0,1,1,-26.476452,-49.015651,SPRF-SC,DEL03-SC,UOP03-DEL03-SC,2023
"505776,0",2023-02-18,sábado,01:30:00,SC,101,"153,0",PORTO BELO,Reação tardia ou ineficiente do condutor,Colisão lateral mesmo sentido,Com Vítimas Feridas,Plena Noite,Crescente,Nublado,Dupla,Reta,Não,2,0,1,0,1,0,1,2,-27.144717,-48.61063935,SPRF-SC,DEL04-SC,UOP03-DEL04-SC,2023
"505781,0",2023-02-18,sábado,01:30:00,SC,101,"128,8",BALNEARIO CAMBORIU,Ausência de reação do condutor,Colisão lateral mesmo sentido,Com Vítimas Feridas,Plena Noite,Crescente,Ignorado,Dupla,Reta,Sim,1,0,1,0,0,0,1,1,-26.97284292,-48.68299451,SPRF-SC,DEL04-SC,UOP03-DEL04-SC,2023
"505791,0",2023-02-18,sábado,03:50:00,SC,101,"110,0",PENHA,Demais falhas mecânicas ou elétricas,Tombamento,Com Vítimas Feridas,Plena Noite,Decrescente,Garoa/Chuvisco,Dupla,Reta,Não,2,0,1,0,1,0,1,1,-26.83477,-48.706151,SPRF-SC,DEL03-SC,UOP02-DEL03-SC,2023
"505795,0",2023-02-18,sábado,04:00:00,SC,101,"404,5",ARARANGUA,Condutor deixou de manter distância do veículo da frente,Colisão traseira,Sem Vítimas,Plena Noite,Decrescente,Céu Claro,Dupla,Reta,Não,2,0,0,0,2,0,0,2,-28.89456007,-49.47036266,SPRF-SC,DEL02-SC,UOP02-DEL02-SC,2023
"505798,0",2023-02-18,sábado,05:00:00,SC,282,"496,4",XANXERE,Velocidade Incompatível,Saída de leito carroçável,Com Vítimas Feridas,Pleno dia,Decrescente,Céu Claro,Simples,Reta,Não,2,0,2,0,0,0,2,1,-26.878679,-52.335735,SPRF-SC,DEL07-SC,UOP01-DEL07-SC,2023
"505866,0",2023-02-18,sábado,11:05:00,SC,101,"215,4",PALHOCA,Ausência de reação do condutor,Colisão traseira,Com Vítimas Feridas,Pleno dia,Crescente,Sol,Múltipla,Curva;Aclive,Sim,7,0,2,0,5,0,2,3,-27.65184843,-48.67604941,SPRF-SC,DEL01-SC,UOP02-DEL01-SC,2023
"505886,0",2023-02-18,sábado,06:50:00,SC,282,"520,2",XAXIM,Ausência de reação do condutor,Saída de leito carroçável,Sem Vítimas,Pleno dia,Decrescente,Céu Claro,Simples,Curva;Declive,Não,1,0,0,0,1,0,0,1,-26.95099403,-52.52565622,SPRF-SC,DEL07-SC,UOP01-DEL07-SC,2023
"505893,0",2023-02-18,sábado,12:50:00,SC,101,"118,0",ITAJAI,Condutor deixou de manter distância do veículo da frente,Colisão traseira,Com Vítimas Feridas,Pleno dia,Crescente,Nublado,Dupla,Reta,Não,3,0,2,0,1,0,2,2,-26.895859,-48.71903,SPRF-SC,DEL04-SC,UOP04-DEL04-SC,2023
"505905,0",2023-02-18,sábado,14:20:00,SC,101,"205,2",SAO JOSE,Reação tardia ou ineficiente do condutor,Colisão traseira,Com Vítimas Feridas,Pleno dia,Decrescente,Nublado,Múltipla,Reta,Sim,2,0,1,0,1,0,1,2,-27.58313237,-48.61532885,SPRF-SC,DEL01-SC,UOP01-DEL01-SC,2023
"505927,0",2023-02-18,sábado,13:00:00,SC,116,"86,0",MONTE CASTELO,Demais falhas mecânicas ou elétricas,Colisão com objeto,Sem Vítimas,Pleno dia,Crescente,Céu Claro,Simples,Aclive,Não,1,0,0,0,1,0,0,1,-26.60977491,-50.22937022,SPRF-SC,DEL06-SC,UOP02-DEL06-SC,2023
"505935,0",2023-02-18,sábado,16:20:00,SC,153,"97,0",CONCORDIA,Acessar a via sem observar a presença dos outros veículos,Colisão transversal,Com Vítimas Feridas,Pleno dia,Crescente,Céu Claro,Simples,Curva,Sim,5,0,0,3,1,1,3,3,-27.21721634,-51.95093393,SPRF-SC,DEL07-SC,UOP04-DEL07-SC,2023
"505941,0",2023-02-18,sábado,13:55:00,SC,153,"100,0",CONCORDIA,Reação tardia ou ineficiente do condutor,Colisão traseira,Com Vítimas Feridas,Pleno dia,Crescente,Céu Claro,Simples,Reta,Sim,3,0,2,0,1,0,2,2,-27.242643,-51.95171,SPRF-SC,DEL07-SC,UOP04-DEL07-SC,2023
"505983,0",2023-02-18,sábado,20:55:00,SC,282,"18,6",PALHOCA,Ausência de reação do condutor,Saída de leito carroçável,Sem Vítimas,Plena Noite,Decrescente,Nublado,Simples,Reta,Sim,1,0,0,0,0,1,0,1,-27.672798,-48.694286,SPRF-SC,DEL01-SC,UOP02-DEL01-SC,2023
"505985,0",2023-02-18,sábado,16:00:00,SC,116,"65,1",PAPANDUVA,Manobra de mudança de faixa,Colisão lateral mesmo sentido,Com Vítimas Feridas,Pleno dia,Decrescente,Céu Claro,Simples,Reta,Não,5,0,1,0,4,0,1,2,-26.42445099,-50.2281171,SPRF-SC,DEL06-SC,UOP02-DEL06-SC,2023
"505992,0",2023-02-18,sábado,19:45:00,SC,282,"575,5",PINHALZINHO,Acessar a via sem observar a presença dos outros veículos,Colisão transversal,Com Vítimas Feridas,Plena Noite,Crescente,Nublado,Simples,Reta;Declive,Não,4,0,3,0,1,0,3,2,-26.863194,-52.974529,SPRF-SC,DEL07-SC,UOP02-DEL07-SC,2023
"506005,0",2023-02-18,sábado,22:15:00,SC,282,"381,7",HERVAL DOESTE,Transitar na contramão,Colisão frontal,Com Vítimas Fatais,Plena Noite,Decrescente,Céu Claro,Simples,Reta;Aclive,Não,4,1,0,2,0,1,2,3,-27.205601,-51.501476,SPRF-SC,DEL07-SC,UOP05-DEL07-SC,2023
"506021,0",2023-02-19,domingo,01:30:00,SC,101,"336,0",TUBARAO,Ingestão de álcool pelo condutor,Saída de leito carroçável,Sem Vítimas,Plena Noite,Decrescente,Céu Claro,Dupla,Curva;Declive,Não,1,0,0,0,1,0,0,1,-28.47311347,-49.02437375,SPRF-SC,DEL02-SC,UOP01-DEL02-SC,2023
"506022,0",2023-02-19,domingo,02:10:00,SC,282,"5,2",SAO JOSE,Acessar a via sem observar a presença dos outros veículos,Colisão lateral mesmo sentido,Sem Vítimas,Plena Noite,Decrescente,Céu Claro,Dupla,Curva,Sim,2,0,0,0,2,0,0,2,-27.588425,-48.612919,SPRF-SC,DEL01-SC,UOP01-DEL01-SC,2023
"506025,0",2023-02-19,domingo,03:30:00,SC,470,"68,0",INDAIAL,Ingestão de álcool ou de substâncias psicoativas pelo pedestre,Atropelamento de Pedestre,Com Vítimas Feridas,Plena Noite,Decrescente,Nublado,Simples,Reta,Sim,2,0,1,0,0,1,1,2,-26.88105269,-49.24402714,SPRF-SC,DEL04-SC,UOP01-DEL04-SC,2023
"506045,0",2023-02-19,domingo,06:50:00,SC,101,"344,0",TUBARAO,Demais falhas mecânicas ou elétricas,Tombamento,Com Vítimas Feridas,Amanhecer,Crescente,Céu Claro,Dupla,Reta,Não,1,0,1,0,0,0,1,1,-28.53647889,-49.0531826,SPRF-SC,DEL02-SC,UOP01-DEL02-SC,2023
"506047,0",2023-02-19,domingo,05:15:00,SC,163,"104,9",SAO JOSE DO CEDRO,Ausência de reação do condutor,Saída de leito carroçável,Com Vítimas Feridas,Pleno dia,Decrescente,Céu Claro,Simples,Curva,Não,6,0,6,0,0,0,6,1,-26.44813575,-53.51500511,SPRF-SC,DEL07-SC,UOP03-DEL07-SC,2023
"506052,0",2023-02-19,domingo,05:35:00,SC,116,"142,0",SANTA CECILIA,Ingestão de álcool pelo condutor,Saída de leito carroçável,Com Vítimas Feridas,Amanhecer,Decrescente,Céu Claro,Simples,Reta,Não,2,0,1,0,1,0,1,1,-26.97880161,-50.3961135,SPRF-SC,DEL06-SC,UOP02-DEL06-SC,2023
"506055,0",2023-02-19,domingo,06:00:00,SC,116,"161,2",PONTE ALTA DO NORTE,Ingestão de álcool pelo condutor,Saída de leito carroçável,Com Vítimas Feridas,Pleno dia,Crescente,Céu Claro,Simples,Reta,Não,1,0,1,0,0,0,1,1,-27.11697198,-50.45795411,SPRF-SC,DEL05-SC,UOP03-DEL05-SC,2023
"506057,0",2023-02-19,domingo,07:20:00,SC,101,"235,0",PALHOCA,Ingestão de álcool pelo condutor,Colisão lateral mesmo sentido,Com Vítimas Feridas,Pleno dia,Decrescente,Céu Claro,Dupla,Reta,Não,2,0,1,0,0,1,1,2,-27.8177775,-48.6315025,SPRF-SC,DEL01-SC,UOP02-DEL01-SC,2023
"506089,0",2023-02-19,domingo,09:35:00,SC,101,"263,5",GAROPABA,Reação tardia ou ineficiente do condutor,Saída de leito carroçável,Com Vítimas Feridas,Pleno dia,Crescente,Céu Claro,Múltipla,Reta,Não,3,0,2,0,1,0,2,1,-28.05892217,-48.71734321,SPRF-SC,DEL02-SC,UOP03-DEL02-SC,2023
"506119,0",2023-02-19,domingo,10:00:00,SC,101,"336,4",TUBARAO,Reação tardia ou ineficiente do condutor,Colisão lateral mesmo sentido,Com Vítimas Feridas,Pleno dia,Crescente,Céu Claro,Dupla,Curva,Não,4,0,2,0,2,0,2,2,-28.48464256,-49.03643489,SPRF-SC,DEL02-SC,UOP01-DEL02-SC,2023
"506127,0",2023-02-15,quarta-feira,19:00:00,SC,282,"6,0",SAO JOSE,Condutor deixou de manter distância do veículo da frente,Queda de ocupante de veículo,Com Vítimas Feridas,Plena Noite,Crescente,Garoa/Chuvisco,Dupla,Curva;Declive,Não,1,0,0,1,0,0,1,1,-27.591936,-48.618244,SPRF-SC,DEL01-SC,UOP01-DEL01-SC,2023
"506143,0",2023-02-19,domingo,14:00:00,SC,101,"82,3",BARRA VELHA,Avarias e/ou desgaste excessivo no pneu,Tombamento,Com Vítimas Feridas,Pleno dia,Decrescente,Garoa/Chuvisco,Dupla,Reta,Sim,2,0,2,0,0,0,2,1,-26.61085222,-48.72204472,SPRF-SC,DEL03-SC,UOP02-DEL03-SC,2023
"506172,0",2023-02-19,domingo,18:45:00,SC,101,"34,5",JOINVILLE,Avarias e/ou desgaste excessivo no pneu,Saída de leito carroçável,Com Vítimas Feridas,Anoitecer,Crescente,Chuva,Dupla,Curva,Não,5,0,1,0,4,0,1,1,-26.26596278,-48.89864021,SPRF-SC,DEL03-SC,UOP01-DEL03-SC,2023
"506176,0",2023-02-19,domingo,16:30:00,SC,101,"158,0",PORTO BELO,Manobra de mudança de faixa,Colisão lateral mesmo sentido,Com Vítimas Feridas,Pleno dia,Crescente,Nublado,Dupla,Reta,Sim,5,0,1,2,2,0,3,3,-27.19096301,-48.61259017,SPRF-SC,DEL04-SC,UOP03-DEL04-SC,2023
"506199,0",2023-02-19,domingo,20:20:00,SC,101,"206,3",SAO JOSE,Manobra de mudança de faixa,Colisão lateral mesmo sentido,Com Vítimas Feridas,Plena Noite,Decrescente,Garoa/Chuvisco,Dupla,Reta,Sim,3,0,0,1,2,0,1,1,-27.59193546,-48.61824557,SPRF-SC,DEL01-SC,UOP01-DEL01-SC,2023
"506200,0",2023-02-19,domingo,20:05:00,SC,470,"3,9",NAVEGANTES,Acessar a via sem observar a presença dos outros veículos,Colisão transversal,Com Vítimas Feridas,Plena Noite,Decrescente,Garoa/Chuvisco,Dupla,Em Obras;Rotatória,Sim,6,0,1,0,4,1,1,2,-26.85912103,-48.68957162,SPRF-SC,DEL04-SC,UOP04-DEL04-SC,2023
"506203,0",2023-02-19,domingo,19:20:00,SC,101,"380,5",ICARA,Transitar na contramão,Colisão frontal,Com Vítimas Feridas,Plena Noite,Crescente,Céu Claro,Simples,Reta,Sim,2,0,1,0,1,0,1,2,-28.75047313,-49.26872594,SPRF-SC,DEL02-SC,UOP02-DEL02-SC,2023
"506213,0",2023-02-19,domingo,21:30:00,SC,101,"195,0",BIGUACU,Ausência de reação do condutor,Colisão transversal,Com Vítimas Feridas,Plena Noite,Crescente,Nublado,Dupla,Reta,Sim,2,0,1,0,1,0,1,2,-27.5047092,-48.65010819,SPRF-SC,DEL01-SC,UOP01-DEL01-SC,2023
"506227,0",2023-02-19,domingo,20:05:00,SC,101,"295,5",LAGUNA,Iluminação deficiente,Colisão traseira,Com Vítimas Feridas,Plena Noite,Decrescente,Nublado,Simples,Reta,Não,2,0,1,0,1,0,1,2,-28.29854333,-48.71633767,SPRF-SC,DEL02-SC,UOP03-DEL02-SC,2023
"506228,0",2023-02-19,domingo,22:30:00,SC,101,"158,0",PORTO BELO,Ingestão de álcool pelo condutor,Colisão traseira,Com Vítimas Feridas,Plena Noite,Decrescente,Nublado,Dupla,Reta,Não,3,0,1,0,2,0,1,2,-27.19096301,-48.61259017,SPRF-SC,DEL04-SC,UOP03-DEL04-SC,2023
"506260,0",2023-02-20,segunda-feira,01:45:00,SC,101,"322,8",PESCARIA BRAVA,Condutor Dormindo,Saída de leito carroçável,Com Vítimas Feridas,Plena Noite,Crescente,Garoa/Chuvisco,Dupla,Reta;Declive,Não,5,0,1,0,4,0,1,1,-28.42491971,-48.90238108,SPRF-SC,DEL02-SC,UOP01-DEL02-SC,2023
"506287,0",2023-02-20,segunda-feira,08:00:00,SC,101,"155,0",PORTO BELO,Reação tardia ou ineficiente do condutor,Saída de leito carroçável,Com Vítimas Feridas,Amanhecer,Decrescente,Nublado,Dupla,Reta,Sim,1,0,1,0,0,0,1,1,-27.16292,-48.61129,SPRF-SC,DEL04-SC,UOP03-DEL04-SC,2023
"506288,0",2023-02-20,segunda-feira,08:00:00,SC,101,"235,0",PALHOCA,Ingestão de álcool pelo condutor,Colisão com objeto,Com Vítimas Feridas,Pleno dia,Decrescente,Chuva,Dupla,Reta,Não,1,0,1,0,0,0,1,1,-27.8177775,-48.6315025,SPRF-SC,DEL01-SC,UOP02-DEL01-SC,2023
"506326,0",2023-02-20,segunda-feira,12:30:00,SC,101,"229,8",PALHOCA,Acumulo de água sobre o pavimento,Colisão com objeto,Com Vítimas Feridas,Pleno dia,Crescente,Chuva,Dupla,Reta,Sim,1,0,1,0,0,0,1,1,-27.7688932,-48.63205379,SPRF-SC,DEL01-SC,UOP02-DEL01-SC,2023
"506327,0",2023-02-20,segunda-feira,11:20:00,SC,101,"325,0",CAPIVARI DE BAIXO,Condutor deixou de manter distância do veículo da frente,Colisão traseira,Com Vítimas Feridas,Pleno dia,Crescente,Chuva,Dupla,Aclive;Reta,Sim,3,0,1,0,2,0,1,2,-28.430056,-48.951837,SPRF-SC,DEL02-SC,UOP01-DEL02-SC,2023
"506331,0",2023-02-20,segunda-feira,13:45:00,SC,101,"462,3",PASSO DE TORRES,Avarias e/ou desgaste excessivo no pneu,Saída de leito carroçável,Com Vítimas Feridas,Pleno dia,Crescente,Chuva,Dupla,Reta,Não,5,0,1,1,3,0,2,1,-29.27577495,-49.75499332,SPRF-RS,DEL03-RS,UOP02-DEL03-RS,2023