id,data_inversa,dia_semana,horario,uf,br,km,municipio,causa_acidente,tipo_acidente,classificacao_acidente,fase_dia,sentido_via,condicao_metereologica,tipo_pista,tracado_via,uso_solo,pessoas,mortos,feridos_leves,feridos_graves,ilesos,ignorados,feridos,veiculos,latitude,longitude,regional,delegacia,uop,ano_arquivo
"506342,0",2023-02-20,segunda-feira,15:00:00,SC,101,"356,0",SANGAO,Demais falhas mecânicas ou elétricas,Tombamento,Com Vítimas Feridas,Pleno dia,Decrescente,Chuva,Dupla,Reta,Não,2,0,1,1,0,0,2,1,-28.636242,-49.095808,SPRF-SC,DEL02-SC,UOP01-DEL02-SC,2023
"506348,0",2023-02-20,segunda-feira,16:20:00,SC,101,"206,0",SAO JOSE,Condutor deixou de manter distância do veículo da frente,Colisão traseira,Com Vítimas Feridas,Pleno dia,Crescente,Chuva,Dupla,Viaduto;Reta,Sim,3,0,1,0,2,0,1,2,-27.59193546,-48.61824557,SPRF-SC,DEL01-SC,UOP01-DEL01-SC,2023
"506351,0",2023-02-20,segunda-feira,15:22:00,SC,282,"53,5",AGUAS MORNAS,Reação tardia ou ineficiente do condutor,Capotamento,Com Vítimas Feridas,Pleno dia,Decrescente,Chuva,Simples,Curva;Declive,Não,2,0,1,0,1,0,1,1,-27.68565146,-48.97162735,SPRF-SC,DEL01-SC,UOP03-DEL01-SC,2023
"506355,0",2023-02-20,segunda-feira,17:10:00,SC,101,"201,0",SAO JOSE,Mal súbito do condutor,Tombamento,Com Vítimas Feridas,Pleno dia,Decrescente,Céu Claro,Múltipla,Reta,Não,1,0,1,0,0,0,1,1,-27.55105317,-48.61947477,SPRF-SC,DEL01-SC,UOP01-DEL01-SC,2023
"506359,0",2023-02-20,segunda-feira,17:30:00,SC,282,"6,0",SAO JOSE,Acumulo de óleo sobre o pavimento,Queda de ocupante de veículo,Com Vítimas Feridas,Anoitecer,Crescente,Garoa/Chuvisco,Dupla,Declive;Viaduto;Curva,Não,1,0,1,0,0,0,1,1,-27.591936,-48.618244,SPRF-SC,DEL01-SC,UOP01-DEL01-SC,2023
"506361,0",2023-02-20,segunda-feira,17:45:00,SC,101,"6,0",GARUVA,Pista Escorregadia,Queda de ocupante de veículo,Com Vítimas Feridas,Anoitecer,Decrescente,Céu Claro,Dupla,Curva;Declive,Sim,1,0,1,0,0,0,1,1,-26.02692002,-48.86142017,SPRF-SC,DEL03-SC,UOP01-DEL03-SC,2023
"506363,0",2023-02-20,segunda-feira,16:25:00,SC,101,"40,9",JOINVILLE,Chuva,Queda de ocupante de veículo,Com Vítimas Feridas,Pleno dia,Decrescente,Chuva,Dupla,Curva,Não,2,0,2,0,0,0,2,1,-26.27176094,-48.89468382,SPRF-SC,DEL03-SC,UOP01-DEL03-SC,2023
"506409,0",2023-02-20,segunda-feira,23:50:00,SC,282,"2,9",FLORIANOPOLIS,Demais falhas mecânicas ou elétricas,Saída de leito carroçável,Com Vítimas Feridas,Plena Noite,Crescente,Chuva,Dupla,Curva;Declive,Sim,3,0,1,0,2,0,1,1,-27.603289,-48.590416,SPRF-SC,DEL01-SC,UOP01-DEL01-SC,2023
"506425,0",2023-02-20,segunda-feira,09:45:00,SC,101,"410,8",ARARANGUA,Chuva,Tombamento,Com Vítimas Feridas,Pleno dia,Decrescente,Chuva,Múltipla,Reta,Não,2,0,1,0,1,0,1,1,-28.9225061,-49.4913107,SPRF-SC,DEL02-SC,UOP02-DEL02-SC,2023
"506444,0",2023-02-21,terça-feira,07:30:00,SC,101,"205,2",SAO JOSE,Pista Escorregadia,Saída de leito carroçável,Com Vítimas Feridas,Pleno dia,Decrescente,Garoa/Chuvisco,Dupla,Curva,Não,1,0,1,0,0,0,1,1,-27.58313237,-48.61532885,SPRF-SC,DEL01-SC,UOP01-DEL01-SC,2023
"506448,0",2023-02-21,terça-feira,06:45:00,SC,101,"233,0",PALHOCA,Ingestão de álcool pelo condutor,Capotamento,Com Vítimas Feridas,Amanhecer,Crescente,Chuva,Dupla,Curva,Não,1,0,1,0,0,0,1,1,-27.80376397,-48.63826211,SPRF-SC,DEL01-SC,UOP02-DEL01-SC,2023
"506463,0",2023-02-21,terça-feira,10:45:00,SC,280,"165,3",MAFRA,Pista Escorregadia,Queda de ocupante de veículo,Com Vítimas Feridas,Pleno dia,Decrescente,Garoa/Chuvisco,Simples,Interseção de Vias;Reta,Sim,1,0,1,0,0,0,1,1,-26.18505272,-49.8119696,SPRF-SC,DEL06-SC,UOP01-DEL06-SC,2023
"506504,0",2023-02-21,terça-feira,16:25:00,SC,101,"395,6",MARACAJA,Condutor deixou de manter distância do veículo da frente,Colisão traseira,Com Vítimas Feridas,Pleno dia,Crescente,Nublado,Dupla,Aclive,Sim,5,0,2,0,3,0,2,3,-28.82459572,-49.40472033,SPRF-SC,DEL02-SC,UOP02-DEL02-SC,2023
"506552,0",2023-02-21,terça-feira,20:50:00,SC,470,"126,0",LONTRAS,Velocidade Incompatível,Saída de leito carroçável,Com Vítimas Feridas,Plena Noite,Crescente,Chuva,Simples,Reta,Não,1,0,1,0,0,0,1,1,-27.129,-49.538277,SPRF-SC,DEL04-SC,UOP02-DEL04-SC,2023
"506596,0",2023-02-22,quarta-feira,08:45:00,SC,101,"209,8",SAO JOSE,Avarias e/ou desgaste excessivo no pneu,Tombamento,Com Vítimas Feridas,Pleno dia,Decrescente,Nublado,Múltipla,Reta,Sim,2,0,0,2,0,0,2,1,-27.61000542,-48.63895057,SPRF-SC,DEL01-SC,UOP01-DEL01-SC,2023
"506598,0",2023-02-22,quarta-feira,08:45:00,SC,280,"51,0",GUARAMIRIM,Demais falhas mecânicas ou elétricas,Queda de ocupante de veículo,Com Vítimas Feridas,Pleno dia,Crescente,Céu Claro,Simples,Reta,Sim,2,0,2,0,0,0,2,1,-26.46538871,-48.95544449,SPRF-SC,DEL03-SC,UOP03-DEL03-SC,2023
"506614,0",2023-02-22,quarta-feira,10:15:00,SC,101,"113,0",ITAJAI,Manobra de mudança de faixa,Colisão lateral mesmo sentido,Com Vítimas Feridas,Pleno dia,Decrescente,Sol,Dupla,Reta,Sim,2,0,0,1,1,0,1,2,-26.85311393,-48.72689927,SPRF-SC,DEL04-SC,UOP04-DEL04-SC,2023
"506625,0",2023-02-22,quarta-feira,12:00:00,SC,101,"336,4",TUBARAO,Mal súbito do condutor,Colisão com objeto,Com Vítimas Feridas,Pleno dia,Decrescente,Céu Claro,Dupla,Curva;Declive,Sim,1,0,1,0,0,0,1,1,-28.48487448,-49.03596282,SPRF-SC,DEL02-SC,UOP01-DEL02-SC,2023
"506635,0",2023-02-22,quarta-feira,13:00:00,SC,101,"150,0",ITAPEMA,Acessar a via sem observar a presença dos outros veículos,Colisão transversal,Com Vítimas Feridas,Pleno dia,Crescente,Céu Claro,Múltipla,Interseção de Vias,Não,2,0,1,0,1,0,1,2,-27.11744799,-48.60940987,SPRF-SC,DEL04-SC,UOP03-DEL04-SC,2023
"506638,0",2023-02-22,quarta-feira,13:20:00,SC,282,"3,5",FLORIANOPOLIS,Manobra de mudança de faixa,Colisão lateral mesmo sentido,Com Vítimas Feridas,Pleno dia,Decrescente,Sol,Múltipla,Reta,Sim,2,0,1,0,1,0,1,2,-27.600384,-48.599705,SPRF-SC,DEL01-SC,UOP01-DEL01-SC,2023
"506644,0",2023-02-22,quarta-feira,13:30:00,SC,101,"211,3",PALHOCA,Ausência de reação do condutor,Colisão traseira,Com Vítimas Feridas,Pleno dia,Decrescente,Céu Claro,Dupla,Reta,Sim,2,0,1,0,1,0,1,2,-27.62329313,-48.65245588,SPRF-SC,DEL01-SC,UOP02-DEL01-SC,2023
"506645,0",2023-02-22,quarta-feira,13:45:00,SC,101,"204,6",SAO JOSE,Condutor deixou de manter distância do veículo da frente,Engavetamento,Com Vítimas Feridas,Pleno dia,Crescente,Nublado,Dupla,Reta,Sim,3,0,1,0,2,0,1,3,-27.58313237,-48.61532885,SPRF-SC,DEL01-SC,UOP01-DEL01-SC,2023
"506708,0",2023-02-22,quarta-feira,21:00:00,SC,101,"151,0",ITAPEMA,Ingestão de álcool pelo condutor,Colisão traseira,Com Vítimas Feridas,Plena Noite,Decrescente,Céu Claro,Múltipla,Reta,Sim,3,0,1,0,2,0,1,2,-27.126536,-48.609642,SPRF-SC,DEL04-SC,UOP03-DEL04-SC,2023
"506723,0",2023-02-22,quarta-feira,21:45:00,SC,282,"3,5",FLORIANOPOLIS,Ingestão de álcool pelo condutor,Tombamento,Com Vítimas Feridas,Plena Noite,Decrescente,Nublado,Múltipla,Reta,Não,1,0,0,1,0,0,1,1,-27.600384,-48.599705,SPRF-SC,DEL01-SC,UOP01-DEL01-SC,2023
"506732,0",2023-02-22,quarta-feira,19:22:00,SC,163,"72,4",SAO MIGUEL DO OESTE,Reação tardia ou ineficiente do condutor,Colisão com objeto,Com Vítimas Feridas,Anoitecer,Crescente,Nublado,Dupla,Reta,Sim,1,0,1,0,0,0,1,1,-26.71908804,-53.5157791,SPRF-SC,DEL07-SC,UOP03-DEL07-SC,2023
"506760,0",2023-02-23,quinta-feira,07:45:00,SC,101,"201,0",SAO JOSE,Acessar a via sem observar a presença dos outros veículos,Colisão lateral mesmo sentido,Com Vítimas Feridas,Pleno dia,Crescente,Nublado,Múltipla,Reta,Sim,2,0,0,1,1,0,1,2,-27.54836599,-48.61977975,SPRF-SC,DEL01-SC,UOP01-DEL01-SC,2023
"506763,0",2023-02-23,quinta-feira,07:00:00,SC,470,"129,0",LONTRAS,Velocidade Incompatível,Saída de leito carroçável,Com Vítimas Feridas,Pleno dia,Crescente,Garoa/Chuvisco,Simples,Curva,Não,1,0,1,0,0,0,1,1,-27.188492,-49.61232,SPRF-SC,DEL04-SC,UOP02-DEL04-SC,2023
"506767,0",2023-02-23,quinta-feira,08:00:00,SC,101,"210,9",SAO JOSE,Reação tardia ou ineficiente do condutor,Engavetamento,Com Vítimas Feridas,Pleno dia,Decrescente,Nublado,Múltipla,Reta;Ponte,Sim,3,0,1,0,2,0,1,3,-27.6167305,-48.6457265,SPRF-SC,DEL01-SC,UOP01-DEL01-SC,2023
"506790,0",2023-02-23,quinta-feira,10:55:00,SC,101,"206,8",SAO JOSE,Acumulo de óleo sobre o pavimento,Tombamento,Com Vítimas Feridas,Pleno dia,Decrescente,Chuva,Dupla,Reta,Sim,1,0,1,0,0,0,1,1,-27.59193546,-48.61824557,SPRF-SC,DEL01-SC,UOP01-DEL01-SC,2023
"506801,0",2023-02-23,quinta-feira,11:30:00,SC,101,"257,0",PAULO LOPES,Velocidade Incompatível,Saída de leito carroçável,Com Vítimas Feridas,Pleno dia,Decrescente,Chuva,Simples,Declive;Curva,Não,5,0,5,0,0,0,5,1,-27.99877808,-48.68887424,SPRF-SC,DEL02-SC,UOP03-DEL02-SC,2023
"506812,0",2023-02-23,quinta-feira,13:10:00,SC,163,"72,0",SAO MIGUEL DO OESTE,Condutor deixou de manter distância do veículo da frente,Colisão traseira,Com Vítimas Feridas,Pleno dia,Crescente,Céu Claro,Dupla,Reta,Sim,2,0,1,0,1,0,1,2,-26.71908804,-53.5157791,SPRF-SC,DEL07-SC,UOP03-DEL07-SC,2023
"506840,0",2023-02-23,quinta-feira,16:20:00,SC,280,"22,3",ARAQUARI,Acessar a via sem observar a presença dos outros veículos,Colisão traseira,Com Vítimas Feridas,Pleno dia,Decrescente,Nublado,Simples,Reta,Sim,4,0,1,0,3,0,1,3,-26.37092616,-48.70204099,SPRF-SC,DEL03-SC,UOP03-DEL03-SC,2023
"506843,0",2023-02-23,quinta-feira,17:15:00,SC,101,"204,5",SAO JOSE,Trafegar com motocicleta (ou similar) entre as faixas,Colisão lateral mesmo sentido,Com Vítimas Feridas,Pleno dia,Crescente,Chuva,Múltipla,Reta,Sim,2,0,1,0,1,0,1,2,-27.57413014,-48.61363083,SPRF-SC,DEL01-SC,UOP01-DEL01-SC,2023
"506856,0",2023-02-23,quinta-feira,17:20:00,SC,101,"150,0",ITAPEMA,Retorno proibido,Colisão transversal,Com Vítimas Feridas,Anoitecer,Decrescente,Chuva,Simples,Reta,Não,2,0,0,1,1,0,1,2,-27.11744799,-48.60940987,SPRF-SC,DEL04-SC,UOP03-DEL04-SC,2023
"506880,0",2023-02-23,quinta-feira,17:35:00,SC,101,"366,1",SANGAO,Ausência de reação do condutor,Saída de leito carroçável,Com Vítimas Feridas,Pleno dia,Crescente,Garoa/Chuvisco,Dupla,Reta,Não,1,0,1,0,0,0,1,1,-28.68718511,-49.15621795,SPRF-SC,DEL02-SC,UOP01-DEL02-SC,2023
"506910,0",2023-02-24,sexta-feira,06:23:00,SC,101,"88,2",BARRA VELHA,Condutor Dormindo,Saída de leito carroçável,Com Vítimas Feridas,Amanhecer,Crescente,Nublado,Múltipla,Reta;Viaduto,Sim,1,0,1,0,0,0,1,1,-26.64253985,-48.68950684,SPRF-SC,DEL03-SC,UOP02-DEL03-SC,2023
"506917,0",2023-02-24,sexta-feira,07:30:00,SC,101,"201,0",SAO JOSE,Condutor deixou de manter distância do veículo da frente,Colisão traseira,Sem Vítimas,Pleno dia,Crescente,Sol,Múltipla,Reta,Não,1,0,0,0,1,0,0,1,-27.54836599,-48.61977975,SPRF-SC,DEL01-SC,UOP01-DEL01-SC,2023
"506927,0",2023-02-24,sexta-feira,04:20:00,SC,163,"99,0",SAO JOSE DO CEDRO,Ingestão de álcool pelo condutor,Colisão lateral sentido oposto,Sem Vítimas,Amanhecer,Crescente,Nublado,Simples,Curva,Não,3,0,0,0,3,0,0,2,-26.48766413,-53.50450695,SPRF-SC,DEL07-SC,UOP03-DEL07-SC,2023
"506938,0",2023-02-24,sexta-feira,10:30:00,SC,101,"111,0",ITAJAI,Ausência de reação do condutor,Colisão traseira,Com Vítimas Feridas,Pleno dia,Crescente,Céu Claro,Dupla,Reta,Não,2,0,0,1,0,1,1,2,-26.83955734,-48.71418074,SPRF-SC,DEL04-SC,UOP04-DEL04-SC,2023
"506986,0",2023-02-24,sexta-feira,15:30:00,SC,470,"66,7",INDAIAL,Trafegar com motocicleta (ou similar) entre as faixas,Colisão lateral sentido oposto,Com Vítimas Feridas,Pleno dia,Decrescente,Nublado,Simples,Ponte,Não,2,0,1,0,1,0,1,2,-26.870407,-49.221844,SPRF-SC,DEL04-SC,UOP01-DEL04-SC,2023
"506989,0",2023-02-24,sexta-feira,16:20:00,SC,101,"198,0",SAO JOSE,Manobra de mudança de faixa,Colisão lateral mesmo sentido,Com Vítimas Feridas,Pleno dia,Crescente,Céu Claro,Dupla,Reta,Sim,2,0,1,0,1,0,1,2,-27.52658712,-48.63506019,SPRF-SC,DEL01-SC,UOP01-DEL01-SC,2023
"507013,0",2023-02-24,sexta-feira,11:35:00,SC,282,"516,0",XAXIM,Velocidade Incompatível,Saída de leito carroçável,Com Vítimas Feridas,Pleno dia,Decrescente,Nublado,Simples,Declive;Curva,Não,1,0,1,0,0,0,1,1,-26.930862,-52.499157,SPRF-SC,DEL07-SC,UOP01-DEL07-SC,2023
"507017,0",2023-02-24,sexta-feira,18:30:00,SC,101,"144,0",ITAPEMA,Avarias e/ou desgaste excessivo no pneu,Tombamento,Com Vítimas Feridas,Anoitecer,Decrescente,Céu Claro,Dupla,Reta,Sim,2,0,2,0,0,0,2,1,-27.0732659,-48.59672716,SPRF-SC,DEL04-SC,UOP03-DEL04-SC,2023
"507018,0",2023-02-16,quinta-feira,19:40:00,SC,101,"102,6",BALNEARIO PICARRAS,Pedestre cruzava a pista fora da faixa,Atropelamento de Pedestre,Com Vítimas Fatais,Plena Noite,Decrescente,Nublado,Múltipla,Reta;Declive,Não,2,1,0,0,1,0,0,2,-26.7800295,-48.6843793,SPRF-SC,DEL03-SC,UOP02-DEL03-SC,2023
"507032,0",2023-02-24,sexta-feira,17:20:00,SC,163,"108,2",SAO JOSE DO CEDRO,Conversão proibida,Colisão traseira,Com Vítimas Feridas,Pleno dia,Decrescente,Céu Claro,Simples,Curva;Aclive,Não,3,0,1,0,2,0,1,2,-26.42169886,-53.52568081,SPRF-SC,DEL07-SC,UOP03-DEL07-SC,2023
"507038,0",2023-02-24,sexta-feira,18:50:00,SC,470,"1,3",GASPAR,Ausência de reação do condutor,Colisão transversal,Com Vítimas Feridas,Plena Noite,Crescente,Chuva,Simples,Reta,Não,3,0,0,2,1,0,2,2,-26.92556537,-48.95884395,SPRF-SC,DEL04-SC,UOP01-DEL04-SC,2023
"507060,0",2023-02-24,sexta-feira,23:00:00,SC,101,"214,0",PALHOCA,Acessar a via sem observar a presença dos outros veículos,Colisão transversal,Com Vítimas Feridas,Plena Noite,Decrescente,Céu Claro,Simples,Interseção de Vias,Sim,2,0,1,0,1,0,1,2,-27.64443,-48.67057,SPRF-SC,DEL01-SC,UOP02-DEL01-SC,2023
"507070,0",2023-02-25,sábado,01:35:00,SC,101,"198,6",BIGUACU,Ingestão de álcool pelo condutor,Colisão com objeto,Sem Vítimas,Plena Noite,Crescente,Nublado,Múltipla,Interseção de Vias,Sim,2,0,0,0,2,0,0,1,-27.52658712,-48.63506019,SPRF-SC,DEL01-SC,UOP01-DEL01-SC,2023
"507078,0",2023-02-25,sábado,02:20:00,SC,280,"48,5",GUARAMIRIM,Ausência de reação do condutor,Colisão transversal,Com Vítimas Feridas,Plena Noite,Decrescente,Nublado,Dupla,Reta;Declive,Não,2,0,1,0,1,0,1,2,-26.45506795,-48.92766502,SPRF-SC,DEL03-SC,UOP03-DEL03-SC,2023
"507081,0",2023-02-25,sábado,03:30:00,SC,101,"430,0",ARARANGUA,Condutor Dormindo,Saída de leito carroçável,Com Vítimas Feridas,Plena Noite,Decrescente,Céu Claro,Dupla,Reta,Não,1,0,1,0,0,0,1,1,-29.05578387,-49.62209542,SPRF-SC,DEL02-SC,UOP02-DEL02-SC,2023
"507105,0",2023-02-25,sábado,06:30:00,SC,282,"3,0",SAO JOSE,Condutor deixou de manter distância do veículo da frente,Colisão traseira,Sem Vítimas,Pleno dia,Crescente,Céu Claro,Múltipla,Interseção de Vias,Sim,2,0,0,0,2,0,0,2,-27.600384,-48.599705,SPRF-SC,DEL01-SC,UOP01-DEL01-SC,2023
"507110,0",2023-02-25,sábado,09:45:00,SC,470,"49,0",BLUMENAU,Manobra de mudança de faixa,Tombamento,Com Vítimas Feridas,Pleno dia,Decrescente,Céu Claro,Simples,Curva,Sim,3,0,2,0,0,1,2,2,-26.86026456,-49.07258851,SPRF-SC,DEL04-SC,UOP01-DEL04-SC,2023
"507111,0",2023-02-25,sábado,10:00:00,SC,101,"216,2",PALHOCA,Manobra de mudança de faixa,Colisão lateral mesmo sentido,Com Vítimas Feridas,Pleno dia,Decrescente,Céu Claro,Dupla,Reta,Sim,2,0,1,0,1,0,1,2,-27.65981409,-48.67747798,SPRF-SC,DEL01-SC,UOP02-DEL01-SC,2023
"507112,0",2023-02-25,sábado,08:30:00,SC,280,"238,0",CANOINHAS,Acessar a via sem observar a presença dos outros veículos,Colisão transversal,Sem Vítimas,Pleno dia,Crescente,Céu Claro,Simples,Reta,Não,6,0,0,0,6,0,0,2,-26.20536399,-50.438846,SPRF-SC,DEL06-SC,UOP04-DEL06-SC,2023
"507120,0",2023-02-25,sábado,12:20:00,SC,101,"206,0",SAO JOSE,Condutor deixou de manter distância do veículo da frente,Colisão traseira,Com Vítimas Feridas,Pleno dia,Crescente,Céu Claro,Múltipla,Reta,Sim,5,0,3,0,2,0,3,3,-27.59193546,-48.61824557,SPRF-SC,DEL01-SC,UOP01-DEL01-SC,2023
"507123,0",2023-02-25,sábado,13:00:00,SC,101,"213,7",PALHOCA,Ausência de reação do condutor,Colisão lateral mesmo sentido,Com Vítimas Feridas,Pleno dia,Crescente,Céu Claro,Múltipla,Reta,Não,2,0,1,0,1,0,1,2,-27.63697369,-48.66514142,SPRF-SC,DEL01-SC,UOP02-DEL01-SC,2023
"507125,0",2023-02-25,sábado,11:00:00,SC,101,"413,0",ARARANGUA,Condutor deixou de manter distância do veículo da frente,Colisão traseira,Com Vítimas Feridas,Pleno dia,Crescente,Céu Claro,Simples,Reta,Sim,3,0,1,0,2,0,1,2,-28.94605997,-49.50428402,SPRF-SC,DEL02-SC,UOP02-DEL02-SC,2023
"507159,0",2023-02-25,sábado,17:30:00,SC,470,"63,0",INDAIAL,Acessar a via sem observar a presença dos outros veículos,Colisão transversal,Com Vítimas Feridas,Pleno dia,Crescente,Céu Claro,Simples,Reta,Sim,2,0,1,0,1,0,1,2,-26.874521,-49.182938,SPRF-SC,DEL04-SC,UOP01-DEL04-SC,2023
"507169,0",2023-02-25,sábado,17:30:00,SC,101,"18,0",JOINVILLE,Avarias e/ou desgaste excessivo no pneu,Tombamento,Com Vítimas Feridas,Pleno dia,Crescente,Céu Claro,Dupla,Reta,Não,1,0,1,0,0,0,1,1,-26.128553,-48.888776,SPRF-SC,DEL03-SC,UOP01-DEL03-SC,2023
"507171,0",2023-02-19,domingo,08:40:00,SC,282,"570,7",NOVA ERECHIM,Ausência de reação do condutor,Colisão lateral mesmo sentido,Com Vítimas Feridas,Pleno dia,Crescente,Céu Claro,Simples,Reta,Não,3,0,1,0,2,0,1,2,-26.89006,-52.93306,SPRF-SC,DEL07-SC,UOP02-DEL07-SC,2023
"507172,0",2023-02-25,sábado,18:20:00,SC,101,"72,0",ARAQUARI,Avarias e/ou desgaste excessivo no pneu,Queda de ocupante de veículo,Com Vítimas Feridas,Anoitecer,Crescente,Céu Claro,Múltipla,Reta,Não,2,0,1,0,1,0,1,1,-26.52700004,-48.71551117,SPRF-SC,DEL03-SC,UOP02-DEL03-SC,2023
"507178,0",2023-02-25,sábado,14:25:00,SC,101,"62,1",ARAQUARI,Ausência de reação do condutor,Colisão lateral mesmo sentido,Com Vítimas Feridas,Pleno dia,Crescente,Sol,Múltipla,Viaduto,Sim,3,0,1,0,2,0,1,2,-26.45504246,-48.76711901,SPRF-SC,DEL03-SC,UOP02-DEL03-SC,2023
"507183,0",2023-02-25,sábado,20:00:00,SC,101,"133,0",BALNEARIO CAMBORIU,Acessar a via sem observar a presença dos outros veículos,Colisão transversal,Com Vítimas Feridas,Plena Noite,Decrescente,Céu Claro,Múltipla,Interseção de Vias,Sim,2,0,0,1,1,0,1,2,-26.99936,-48.64609,SPRF-SC,DEL04-SC,UOP03-DEL04-SC,2023
"507188,0",2023-02-25,sábado,19:45:00,SC,280,"58,0",GUARAMIRIM,Desvio temporário,Queda de ocupante de veículo,Com Vítimas Feridas,Plena Noite,Crescente,Céu Claro,Múltipla,Reta,Sim,1,0,0,1,0,0,1,1,-26.47415593,-49.021211,SPRF-SC,DEL03-SC,UOP03-DEL03-SC,2023
"507189,0",2023-02-25,sábado,19:30:00,SC,101,"43,6",JOINVILLE,Acessar a via sem observar a presença dos outros veículos,Colisão transversal,Com Vítimas Feridas,Plena Noite,Crescente,Céu Claro,Simples,Reta,Sim,3,0,1,0,2,0,1,2,-26.33581655,-48.86009574,SPRF-SC,DEL03-SC,UOP01-DEL03-SC,2023
"507194,0",2023-02-25,sábado,20:10:00,SC,470,"55,7",BLUMENAU,Conversão proibida,Colisão transversal,Com Vítimas Feridas,Plena Noite,Crescente,Céu Claro,Simples,Reta,Sim,2,0,1,0,1,0,1,2,-26.875601,-49.117992,SPRF-SC,DEL04-SC,UOP01-DEL04-SC,2023
"507221,0",2023-02-26,domingo,00:21:00,SC,101,"351,0",JAGUARUNA,Transitar na contramão,Colisão frontal,Com Vítimas Feridas,Plena Noite,Decrescente,Céu Claro,Simples,Reta;Retorno Regulamentado,Sim,6,0,0,1,5,0,1,2,-28.5977641,-49.04943589,SPRF-SC,DEL02-SC,UOP01-DEL02-SC,2023
"507228,0",2023-02-26,domingo,01:30:00,SC,470,"12,0",NAVEGANTES,Retorno proibido,Colisão frontal,Com Vítimas Feridas,Plena Noite,Crescente,Céu Claro,Dupla,Reta,Não,2,0,0,1,1,0,1,2,-26.835169,-48.757267,SPRF-SC,DEL04-SC,UOP04-DEL04-SC,2023
"507229,0",2023-02-26,domingo,02:40:00,SC,101,"184,0",BIGUACU,Ausência de reação do condutor,Queda de ocupante de veículo,Com Vítimas Feridas,Plena Noite,Decrescente,Céu Claro,Múltipla,Reta,Não,1,0,0,1,0,0,1,1,-27.41613807,-48.6266443,SPRF-SC,DEL01-SC,UOP01-DEL01-SC,2023
"507232,0",2023-02-26,domingo,03:45:00,SC,101,"134,0",BALNEARIO CAMBORIU,Ausência de reação do condutor,Colisão com objeto,Com Vítimas Feridas,Plena Noite,Crescente,Céu Claro,Dupla,Reta,Sim,1,0,1,0,0,0,1,1,-27.00218,-48.636433,SPRF-SC,DEL04-SC,UOP03-DEL04-SC,2023
"507238,0",2023-02-19,domingo,16:45:00,SC,101,"284,0",IMBITUBA,Animais na Pista,Colisão com objeto,Com Vítimas Feridas,Pleno dia,Crescente,Céu Claro,Múltipla,Declive,Não,4,0,2,1,1,0,3,1,-28.21285498,-48.69962617,SPRF-SC,DEL02-SC,UOP03-DEL02-SC,2023
"507241,0",2023-02-26,domingo,03:50:00,SC,280,"237,3",CANOINHAS,Ausência de reação do condutor,Atropelamento de Pedestre,Com Vítimas Feridas,Plena Noite,Crescente,Céu Claro,Simples,Curva,Não,3,0,0,1,1,1,1,2,-26.19844599,-50.43216601,SPRF-SC,DEL06-SC,UOP04-DEL06-SC,2023
"507246,0",2023-02-26,domingo,01:30:00,SC,282,"522,0",XAXIM,Velocidade Incompatível,Saída de leito carroçável,Com Vítimas Feridas,Plena Noite,Decrescente,Céu Claro,Simples,Reta,Não,1,0,1,0,0,0,1,1,-26.956238,-52.542637,SPRF-SC,DEL07-SC,UOP01-DEL07-SC,2023
"507253,0",2023-02-26,domingo,05:30:00,SC,163,"80,0",GUARACIABA,Ingestão de álcool ou de substâncias psicoativas pelo pedestre,Atropelamento de Pedestre,Com Vítimas Feridas,Amanhecer,Crescente,Céu Claro,Simples,Reta,Não,2,0,0,1,0,1,1,2,-26.64435174,-53.51895332,SPRF-SC,DEL07-SC,UOP03-DEL07-SC,2023
"507255,0",2023-02-26,domingo,06:30:00,SC,282,"216,0",LAGES,Ausência de reação do condutor,Saída de leito carroçável,Sem Vítimas,Amanhecer,Crescente,Céu Claro,Simples,Curva;Rotatória;Retorno Regulamentado,Sim,1,0,0,0,1,0,0,1,-27.79419279,-50.28471351,SPRF-SC,DEL05-SC,UOP01-DEL05-SC,2023
"507263,0",2023-02-26,domingo,08:30:00,SC,101,"140,0",BALNEARIO CAMBORIU,Demais falhas mecânicas ou elétricas,Tombamento,Com Vítimas Feridas,Pleno dia,Decrescente,Céu Claro,Múltipla,Reta,Sim,2,0,2,0,0,0,2,1,-27.03881189,-48.60025148,SPRF-SC,DEL04-SC,UOP03-DEL04-SC,2023
"507268,0",2023-02-26,domingo,08:45:00,SC,101,"120,1",ITAJAI,Avarias e/ou desgaste excessivo no pneu,Queda de ocupante de veículo,Com Vítimas Feridas,Pleno dia,Decrescente,Céu Claro,Dupla,Reta,Não,2,0,1,1,0,0,2,1,-26.912758,-48.711998,SPRF-SC,DEL04-SC,UOP04-DEL04-SC,2023
"507282,0",2023-02-26,domingo,10:40:00,SC,101,"87,0",BARRA VELHA,Avarias e/ou desgaste excessivo no pneu,Queda de ocupante de veículo,Com Vítimas Feridas,Pleno dia,Decrescente,Sol,Dupla,Curva,Sim,2,0,2,0,0,0,2,1,-26.63713377,-48.69651057,SPRF-SC,DEL03-SC,UOP02-DEL03-SC,2023
"507300,0",2023-02-25,sábado,20:00:00,SC,282,"541,2",CHAPECO,Acessar a via sem observar a presença dos outros veículos,Colisão transversal,Com Vítimas Feridas,Plena Noite,Crescente,Nublado,Simples,Reta,Não,2,0,0,1,1,0,1,2,-26.997713,-52.699165,SPRF-SC,DEL07-SC,UOP01-DEL07-SC,2023