id,data_inversa,dia_semana,horario,uf,br,km,municipio,causa_acidente,tipo_acidente,classificacao_acidente,fase_dia,sentido_via,condicao_metereologica,tipo_pista,tracado_via,uso_solo,pessoas,mortos,feridos_leves,feridos_graves,ilesos,ignorados,feridos,veiculos,latitude,longitude,regional,delegacia,uop,ano_arquivo
"507324,0",2023-02-26,domingo,15:50:00,SC,101,"54,9",JOINVILLE,Velocidade Incompatível,Colisão com objeto,Com Vítimas Feridas,Pleno dia,Crescente,Chuva,Dupla,Curva,Não,2,0,1,0,1,0,1,1,-26.41319508,-48.83617332,SPRF-SC,DEL03-SC,UOP01-DEL03-SC,2023
"507328,0",2023-02-26,domingo,16:20:00,SC,101,"182,3",BIGUACU,Reação tardia ou ineficiente do condutor,Colisão lateral mesmo sentido,Com Vítimas Feridas,Pleno dia,Crescente,Chuva,Múltipla,Declive;Reta,Sim,3,0,2,0,1,0,2,2,-27.39798985,-48.6303592,SPRF-SC,DEL01-SC,UOP01-DEL01-SC,2023
"507342,0",2023-02-26,domingo,15:30:00,SC,282,"494,4",XANXERE,Ingestão de álcool pelo condutor,Colisão traseira,Sem Vítimas,Pleno dia,Crescente,Céu Claro,Dupla,Reta,Não,8,0,0,0,8,0,0,2,-26.87149,-52.318768,SPRF-SC,DEL07-SC,UOP01-DEL07-SC,2023
"507347,0",2023-02-26,domingo,18:10:00,SC,101,"404,5",MARACAJA,Ingestão de álcool pelo condutor,Colisão traseira,Sem Vítimas,Pleno dia,Decrescente,Nublado,Múltipla,Reta,Não,4,0,0,0,4,0,0,2,-28.87801417,-49.45745479,SPRF-SC,DEL02-SC,UOP02-DEL02-SC,2023
"507348,0",2023-02-26,domingo,17:20:00,SC,101,"339,0",TUBARAO,Reação tardia ou ineficiente do condutor,Saída de leito carroçável,Sem Vítimas,Anoitecer,Decrescente,Chuva,Simples,Curva;Interseção de Vias,Não,1,0,0,0,0,1,0,1,-28.49351117,-49.04178985,SPRF-SC,DEL02-SC,UOP01-DEL02-SC,2023
"507372,0",2023-02-26,domingo,13:00:00,SC,280,"26,0",ARAQUARI,Ingestão de substâncias psicoativas pelo condutor,Colisão lateral sentido oposto,Sem Vítimas,Pleno dia,Crescente,Céu Claro,Simples,Reta,Não,2,0,0,0,2,0,0,2,-26.38972308,-48.73411593,SPRF-SC,DEL03-SC,UOP03-DEL03-SC,2023
"507392,0",2023-02-26,domingo,09:28:00,SC,101,"186,0",BIGUACU,Reação tardia ou ineficiente do condutor,Tombamento,Com Vítimas Feridas,Plena Noite,Crescente,Céu Claro,Múltipla,Curva,Não,1,0,0,1,0,0,1,1,-27.4341098,-48.62567129,SPRF-SC,DEL01-SC,UOP01-DEL01-SC,2023
"507422,0",2023-02-27,segunda-feira,04:50:00,SC,101,"434,0",SOMBRIO,Transitar na contramão,Tombamento,Com Vítimas Feridas,Plena Noite,Decrescente,Céu Claro,Múltipla,Reta,Sim,1,0,0,1,0,0,1,1,-29.09705206,-49.63391304,SPRF-SC,DEL02-SC,UOP02-DEL02-SC,2023
"507426,0",2023-02-27,segunda-feira,06:45:00,SC,101,"205,7",SAO JOSE,Trafegar com motocicleta (ou similar) entre as faixas,Colisão lateral mesmo sentido,Com Vítimas Feridas,Pleno dia,Decrescente,Céu Claro,Dupla,Reta,Sim,3,0,1,0,2,0,1,3,-27.58313237,-48.61532885,SPRF-SC,DEL01-SC,UOP01-DEL01-SC,2023
"507437,0",2023-02-27,segunda-feira,07:15:00,SC,101,"208,0",SAO JOSE,Reação tardia ou ineficiente do condutor,Colisão traseira,Sem Vítimas,Pleno dia,Decrescente,Céu Claro,Simples,Reta,Sim,2,0,0,0,2,0,0,2,-27.60327979,-48.63201818,SPRF-SC,DEL01-SC,UOP01-DEL01-SC,2023
"507445,0",2023-02-27,segunda-feira,07:10:00,SC,470,"147,9",RIO DO SUL,Acessar a via sem observar a presença dos outros veículos,Colisão transversal,Com Vítimas Feridas,Pleno dia,Decrescente,Céu Claro,Simples,Reta,Não,2,0,1,1,0,0,2,2,-27.243439,-49.690025,SPRF-SC,DEL04-SC,UOP02-DEL04-SC,2023
"507455,0",2023-02-27,segunda-feira,09:05:00,SC,101,"207,0",SAO JOSE,Condutor deixou de manter distância do veículo da frente,Colisão traseira,Com Vítimas Feridas,Pleno dia,Crescente,Céu Claro,Múltipla,Reta,Sim,2,0,1,0,1,0,1,2,-27.60001226,-48.6226467,SPRF-SC,DEL01-SC,UOP01-DEL01-SC,2023
"507479,0",2023-02-27,segunda-feira,07:50:00,SC,282,"572,0",NOVA ERECHIM,Reação tardia ou ineficiente do condutor,Capotamento,Com Vítimas Feridas,Pleno dia,Crescente,Nevoeiro/Neblina,Simples,Curva;Aclive,Não,2,0,2,0,0,0,2,1,-26.879332,-52.949421,SPRF-SC,DEL07-SC,UOP02-DEL07-SC,2023
"507484,0",2023-02-27,segunda-feira,11:55:00,SC,101,"213,2",PALHOCA,Reação tardia ou ineficiente do condutor,Colisão traseira,Com Vítimas Feridas,Pleno dia,Crescente,Céu Claro,Dupla,Reta,Sim,2,0,1,0,1,0,1,2,-27.63697369,-48.66514142,SPRF-SC,DEL01-SC,UOP02-DEL01-SC,2023
"507488,0",2023-02-27,segunda-feira,12:15:00,SC,282,"531,5",CORDILHEIRA ALTA,Acessar a via sem observar a presença dos outros veículos,Colisão transversal,Com Vítimas Feridas,Pleno dia,Decrescente,Céu Claro,Simples,Interseção de Vias,Sim,5,0,1,0,4,0,1,3,-26.993975,-52.611163,SPRF-SC,DEL07-SC,UOP01-DEL07-SC,2023
"507492,0",2023-02-27,segunda-feira,12:30:00,SC,101,"219,0",PALHOCA,Acessar a via sem observar a presença dos outros veículos,Colisão transversal,Com Vítimas Feridas,Pleno dia,Crescente,Sol,Múltipla,Interseção de Vias,Sim,2,0,1,0,1,0,1,2,-27.68392194,-48.66710085,SPRF-SC,DEL01-SC,UOP02-DEL01-SC,2023
"507509,0",2023-02-04,sábado,14:30:00,SC,101,"215,0",PALHOCA,Ingestão de álcool pelo condutor,Colisão com objeto,Com Vítimas Feridas,Pleno dia,Decrescente,Sol,Múltipla,Reta,Sim,1,0,0,1,0,0,1,1,-27.65184843,-48.67604941,SPRF-SC,DEL01-SC,UOP02-DEL01-SC,2023
"507523,0",2023-02-27,segunda-feira,16:00:00,SC,101,"214,3",PALHOCA,Desrespeitar a preferência no cruzamento,Colisão transversal,Com Vítimas Feridas,Pleno dia,Decrescente,Céu Claro,Dupla,Reta,Não,2,0,1,0,1,0,1,2,-27.64443,-48.67057,SPRF-SC,DEL01-SC,UOP02-DEL01-SC,2023
"507524,0",2023-02-27,segunda-feira,16:06:00,SC,470,"140,9",RIO DO SUL,Acessar a via sem observar a presença dos outros veículos,Colisão traseira,Com Vítimas Feridas,Pleno dia,Decrescente,Céu Claro,Simples,Aclive;Reta,Sim,2,0,1,0,1,0,1,2,-27.207214,-49.648476,SPRF-SC,DEL04-SC,UOP02-DEL04-SC,2023
"507527,0",2023-02-07,terça-feira,19:00:00,SC,470,"136,0",RIO DO SUL,Frear bruscamente,Colisão traseira,Com Vítimas Feridas,Anoitecer,Crescente,Nublado,Múltipla,Rotatória,Sim,3,0,1,0,2,0,1,2,-27.222485,-49.662827,SPRF-SC,DEL04-SC,UOP02-DEL04-SC,2023
"507533,0",2023-02-27,segunda-feira,14:30:00,SC,163,"70,8",SAO MIGUEL DO OESTE,Desrespeitar a preferência no cruzamento,Colisão transversal,Sem Vítimas,Pleno dia,Decrescente,Nublado,Simples,Reta;Interseção de Vias,Sim,2,0,0,0,2,0,0,2,-26.72963774,-53.5115397,SPRF-SC,DEL07-SC,UOP03-DEL07-SC,2023
"507551,0",2023-02-27,segunda-feira,19:10:00,SC,470,"18,0",ILHOTA,Conversão proibida,Colisão transversal,Com Vítimas Feridas,Plena Noite,Crescente,Céu Claro,Simples,Reta,Não,3,0,1,0,2,0,1,2,-26.855534,-48.808922,SPRF-SC,DEL04-SC,UOP04-DEL04-SC,2023
"507562,0",2023-02-23,quinta-feira,08:18:00,SC,280,"33,0",ARAQUARI,Acesso irregular,Colisão lateral mesmo sentido,Com Vítimas Feridas,Pleno dia,Crescente,Chuva,Simples,Interseção de Vias,Não,2,0,1,0,1,0,1,2,-26.42576441,-48.78741376,SPRF-SC,DEL03-SC,UOP03-DEL03-SC,2023
"507567,0",2023-02-27,segunda-feira,20:55:00,SC,101,"208,9",SAO JOSE,Entrada inopinada do pedestre,Atropelamento de Pedestre,Com Vítimas Feridas,Plena Noite,Decrescente,Nublado,Múltipla,Reta,Não,3,0,1,0,1,1,1,2,-27.60327979,-48.63201818,SPRF-SC,DEL01-SC,UOP01-DEL01-SC,2023
"507574,0",2023-02-27,segunda-feira,19:00:00,SC,101,"144,0",ITAPEMA,Reação tardia ou ineficiente do condutor,Colisão traseira,Sem Vítimas,Plena Noite,Crescente,Nublado,Dupla,Reta,Sim,2,0,0,0,2,0,0,2,-27.0732659,-48.59672716,SPRF-SC,DEL04-SC,UOP03-DEL04-SC,2023
"507585,0",2023-02-27,segunda-feira,23:20:00,SC,101,"202,1",SAO JOSE,Reação tardia ou ineficiente do condutor,Colisão lateral mesmo sentido,Com Vítimas Feridas,Plena Noite,Crescente,Céu Claro,Dupla,Reta,Sim,2,0,1,0,1,0,1,2,-27.55711595,-48.61897889,SPRF-SC,DEL01-SC,UOP01-DEL01-SC,2023
"507592,0",2023-02-27,segunda-feira,23:59:00,SC,101,"207,5",SAO JOSE,Reação tardia ou ineficiente do condutor,Colisão lateral mesmo sentido,Com Vítimas Feridas,Plena Noite,Decrescente,Nublado,Múltipla,Declive,Sim,1,0,1,0,0,0,1,1,-27.60001226,-48.6226467,SPRF-SC,DEL01-SC,UOP01-DEL01-SC,2023
"507622,0",2023-02-20,segunda-feira,07:00:00,SC,101,"376,0",ICARA,Reação tardia ou ineficiente do condutor,Saída de leito carroçável,Com Vítimas Feridas,Amanhecer,Crescente,Chuva,Dupla,Reta,Sim,4,0,4,0,0,0,4,1,-28.72736111,-49.24066084,SPRF-SC,DEL02-SC,UOP01-DEL02-SC,2023
"507649,0",2023-02-28,terça-feira,12:50:00,SC,282,"17,5",PALHOCA,Desrespeitar a preferência no cruzamento,Colisão transversal,Com Vítimas Feridas,Pleno dia,Crescente,Céu Claro,Simples,Reta,Não,2,0,1,0,1,0,1,2,-27.665707,-48.688065,SPRF-SC,DEL01-SC,UOP02-DEL01-SC,2023
"507651,0",2023-02-28,terça-feira,12:20:00,SC,101,"132,0",BALNEARIO CAMBORIU,Pista esburacada,Queda de ocupante de veículo,Com Vítimas Feridas,Pleno dia,Crescente,Céu Claro,Múltipla,Reta;Declive,Sim,1,0,1,0,0,0,1,1,-26.99654133,-48.65564711,SPRF-SC,DEL04-SC,UOP03-DEL04-SC,2023
"507659,0",2023-02-06,segunda-feira,20:45:00,SC,101,"45,5",JOINVILLE,Entrada inopinada do pedestre,Atropelamento de Pedestre,Com Vítimas Fatais,Plena Noite,Crescente,Céu Claro,Dupla,Declive;Curva,Sim,4,1,0,0,3,0,0,2,-26.35345909,-48.85867862,SPRF-SC,DEL03-SC,UOP01-DEL03-SC,2023
"507677,0",2023-02-28,terça-feira,14:50:00,SC,101,"215,5",PALHOCA,Acesso irregular,Colisão transversal,Com Vítimas Feridas,Pleno dia,Decrescente,Sol,Múltipla,Reta,Sim,2,0,0,1,0,1,1,2,-27.65184843,-48.67604941,SPRF-SC,DEL01-SC,UOP02-DEL01-SC,2023
"507686,0",2023-02-28,terça-feira,14:00:00,SC,101,"149,6",ITAPEMA,Demais falhas mecânicas ou elétricas,Tombamento,Com Vítimas Feridas,Pleno dia,Crescente,Céu Claro,Dupla,Interseção de Vias,Sim,1,0,1,0,0,0,1,1,-27.1089649,-48.61277586,SPRF-SC,DEL04-SC,UOP03-DEL04-SC,2023
"507734,0",2023-02-28,terça-feira,20:00:00,SC,282,"19,0",PALHOCA,Condutor deixou de manter distância do veículo da frente,Colisão traseira,Com Vítimas Feridas,Plena Noite,Decrescente,Céu Claro,Simples,Reta,Sim,3,0,3,0,0,0,3,2,-27.678635,-48.70192,SPRF-SC,DEL01-SC,UOP02-DEL01-SC,2023
"507790,0",2023-03-01,quarta-feira,07:15:00,SC,101,"117,0",ITAJAI,Reação tardia ou ineficiente do condutor,Tombamento,Com Vítimas Feridas,Pleno dia,Crescente,Céu Claro,Múltipla,Reta,Sim,1,0,1,0,0,0,1,1,-26.88747187,-48.72252969,SPRF-SC,DEL04-SC,UOP04-DEL04-SC,2023
"507805,0",2023-03-01,quarta-feira,09:30:00,SC,282,"2,0",FLORIANOPOLIS,Ausência de reação do condutor,Colisão lateral mesmo sentido,Com Vítimas Feridas,Pleno dia,Decrescente,Nublado,Múltipla,Reta,Sim,2,0,1,0,1,0,1,2,-27.603289,-48.590416,SPRF-SC,DEL01-SC,UOP01-DEL01-SC,2023
"507829,0",2023-03-01,quarta-feira,10:00:00,SC,282,"511,9",XANXERE,Frear bruscamente,Colisão transversal,Com Vítimas Feridas,Pleno dia,Crescente,Céu Claro,Simples,Reta;Declive,Não,3,0,1,0,2,0,1,3,-26.90907275,-52.46948373,SPRF-SC,DEL07-SC,UOP01-DEL07-SC,2023
"507844,0",2023-03-01,quarta-feira,13:15:00,SC,101,"131,0",BALNEARIO CAMBORIU,Condutor deixou de manter distância do veículo da frente,Colisão traseira,Com Vítimas Feridas,Pleno dia,Crescente,Sol,Simples,Reta,Não,2,0,1,0,1,0,1,2,-26.99064209,-48.66310912,SPRF-SC,DEL04-SC,UOP03-DEL04-SC,2023
"507847,0",2023-03-01,quarta-feira,14:30:00,SC,101,"231,5",PALHOCA,Condutor deixou de manter distância do veículo da frente,Queda de ocupante de veículo,Com Vítimas Feridas,Pleno dia,Crescente,Céu Claro,Dupla,Aclive;Reta,Não,1,0,1,0,0,0,1,1,-27.79903306,-48.63741325,SPRF-SC,DEL01-SC,UOP02-DEL01-SC,2023
"507853,0",2023-03-01,quarta-feira,14:40:00,SC,101,"200,0",SAO JOSE,Reação tardia ou ineficiente do condutor,Colisão com objeto,Com Vítimas Feridas,Pleno dia,Crescente,Céu Claro,Simples,Reta;Interseção de Vias,Sim,1,0,1,0,0,0,1,1,-27.54018513,-48.62287714,SPRF-SC,DEL01-SC,UOP01-DEL01-SC,2023
"507877,0",2023-03-01,quarta-feira,13:15:00,SC,163,"70,0",SAO MIGUEL DO OESTE,Acessar a via sem observar a presença dos outros veículos,Colisão transversal,Com Vítimas Feridas,Pleno dia,Decrescente,Céu Claro,Dupla,Reta,Sim,2,0,1,0,1,0,1,2,-26.72966649,-53.51170063,SPRF-SC,DEL07-SC,UOP03-DEL07-SC,2023
"507883,0",2023-03-01,quarta-feira,17:10:00,SC,101,"192,0",BIGUACU,Condutor deixou de manter distância do veículo da frente,Engavetamento,Com Vítimas Feridas,Pleno dia,Decrescente,Céu Claro,Múltipla,Reta,Sim,5,0,2,0,3,0,2,4,-27.48443781,-48.64765238,SPRF-SC,DEL01-SC,UOP01-DEL01-SC,2023
"507894,0",2023-03-01,quarta-feira,18:10:00,SC,470,"125,6",LONTRAS,Acessar a via sem observar a presença dos outros veículos,Colisão frontal,Com Vítimas Feridas,Anoitecer,Decrescente,Sol,Simples,Curva,Sim,2,0,1,0,1,0,1,2,-27.120506,-49.534946,SPRF-SC,DEL04-SC,UOP02-DEL04-SC,2023
"507918,0",2023-03-01,quarta-feira,22:30:00,SC,116,"54,1",PAPANDUVA,Ingestão de álcool pelo condutor,Capotamento,Sem Vítimas,Plena Noite,Crescente,Céu Claro,Simples,Reta,Sim,1,0,0,0,1,0,0,1,-26.39448417,-50.16480003,SPRF-SC,DEL06-SC,UOP02-DEL06-SC,2023
"507925,0",2023-03-02,quinta-feira,00:00:00,SC,101,"209,0",SAO JOSE,Reação tardia ou ineficiente do condutor,Queda de ocupante de veículo,Com Vítimas Feridas,Plena Noite,Crescente,Ignorado,Dupla,Reta,Sim,1,0,1,0,0,0,1,1,-27.61000542,-48.63895057,SPRF-SC,DEL01-SC,UOP01-DEL01-SC,2023
"507952,0",2023-02-22,quarta-feira,23:00:00,SC,101,"334,1",TUBARAO,Ausência de reação do condutor,Atropelamento de Pedestre,Com Vítimas Feridas,Plena Noite,Crescente,Céu Claro,Simples,Reta,Sim,3,0,2,0,0,1,2,2,-28.46730446,-49.00604302,SPRF-SC,DEL02-SC,UOP01-DEL02-SC,2023
"507958,0",2023-03-02,quinta-feira,07:40:00,SC,470,"57,3",BLUMENAU,Acessar a via sem observar a presença dos outros veículos,Colisão transversal,Com Vítimas Feridas,Pleno dia,Decrescente,Céu Claro,Simples,Reta,Sim,2,0,1,0,1,0,1,2,-26.880428,-49.136532,SPRF-SC,DEL04-SC,UOP01-DEL04-SC,2023
"507965,0",2023-03-02,quinta-feira,07:40:00,SC,280,"49,0",GUARAMIRIM,Ausência de reação do condutor,Colisão traseira,Com Vítimas Feridas,Pleno dia,Decrescente,Céu Claro,Simples,Reta;Em Obras,Sim,4,0,1,0,3,0,1,2,-26.45850039,-48.93692786,SPRF-SC,DEL03-SC,UOP03-DEL03-SC,2023
"507980,0",2023-01-21,sábado,17:34:00,SC,280,"28,0",ARAQUARI,Reação tardia ou ineficiente do condutor,Queda de ocupante de veículo,Com Vítimas Feridas,Anoitecer,Crescente,Céu Claro,Simples,Reta,Sim,1,0,1,0,0,0,1,1,-26.40450077,-48.74561031,SPRF-SC,DEL03-SC,UOP03-DEL03-SC,2023
"507991,0",2023-03-02,quinta-feira,11:25:00,SC,101,"203,3",SAO JOSE,Acessar a via sem observar a presença dos outros veículos,Colisão lateral mesmo sentido,Com Vítimas Feridas,Pleno dia,Decrescente,Céu Claro,Múltipla,Reta,Sim,2,0,1,0,1,0,1,2,-27.5650044,-48.61460082,SPRF-SC,DEL01-SC,UOP01-DEL01-SC,2023
"507994,0",2023-03-02,quinta-feira,08:45:00,SC,101,"112,0",ITAJAI,Manobra de mudança de faixa,Colisão lateral sentido oposto,Com Vítimas Feridas,Pleno dia,Decrescente,Céu Claro,Dupla,Curva,Sim,4,0,2,0,0,2,2,3,-26.84589005,-48.72131295,SPRF-SC,DEL04-SC,UOP04-DEL04-SC,2023
"507999,0",2023-01-21,sábado,22:00:00,SC,101,"132,0",BALNEARIO CAMBORIU,Acesso irregular,Colisão transversal,Com Vítimas Feridas,Plena Noite,Crescente,Céu Claro,Dupla,Reta,Sim,3,0,1,1,1,0,2,2,-26.99654133,-48.65564711,SPRF-SC,DEL04-SC,UOP03-DEL04-SC,2023
"508033,0",2023-03-02,quinta-feira,15:40:00,SC,101,"134,4",BALNEARIO CAMBORIU,Acessar a via sem observar a presença dos outros veículos,Colisão transversal,Com Vítimas Feridas,Pleno dia,Decrescente,Céu Claro,Múltipla,Reta,Sim,2,0,1,0,1,0,1,2,-27.00260381,-48.63377631,SPRF-SC,DEL04-SC,UOP03-DEL04-SC,2023
"508045,0",2023-03-02,quinta-feira,12:30:00,SC,101,"415,5",ARARANGUA,Condutor deixou de manter distância do veículo da frente,Colisão traseira,Com Vítimas Feridas,Pleno dia,Decrescente,Céu Claro,Simples,Reta;Interseção de Vias,Sim,2,0,1,0,1,0,1,2,-28.96936011,-49.52525675,SPRF-SC,DEL02-SC,UOP02-DEL02-SC,2023
"508074,0",2023-03-02,quinta-feira,14:00:00,SC,282,"44,0",AGUAS MORNAS,Velocidade Incompatível,Colisão com objeto,Sem Vítimas,Pleno dia,Decrescente,Chuva,Simples,Reta;Declive,Não,1,0,0,0,1,0,0,1,-27.722137,-48.90694,SPRF-SC,DEL01-SC,UOP03-DEL01-SC,2023
"508112,0",2023-03-02,quinta-feira,22:30:00,SC,101,"412,5",ARARANGUA,Ausência de reação do condutor,Colisão traseira,Com Vítimas Feridas,Plena Noite,Decrescente,Céu Claro,Simples,Reta,Sim,3,0,3,0,0,0,3,2,-28.95864304,-49.51462984,SPRF-SC,DEL02-SC,UOP02-DEL02-SC,2023
"508117,0",2023-03-03,sexta-feira,00:50:00,SC,101,"348,0",JAGUARUNA,Ingestão de álcool pelo condutor,Colisão com objeto,Sem Vítimas,Plena Noite,Crescente,Céu Claro,Múltipla,Curva,Sim,1,0,0,0,1,0,0,1,-28.59205835,-49.04468536,SPRF-SC,DEL02-SC,UOP01-DEL02-SC,2023
"508133,0",2023-03-03,sexta-feira,07:30:00,SC,101,"198,0",BIGUACU,Acesso irregular,Colisão traseira,Com Vítimas Feridas,Pleno dia,Crescente,Céu Claro,Múltipla,Reta;Interseção de Vias,Sim,3,0,2,0,1,0,2,3,-27.52658712,-48.63506019,SPRF-SC,DEL01-SC,UOP01-DEL01-SC,2023
"508203,0",2023-03-03,sexta-feira,11:35:00,SC,101,"215,0",PALHOCA,Acessar a via sem observar a presença dos outros veículos,Colisão transversal,Com Vítimas Feridas,Pleno dia,Decrescente,Sol,Múltipla,Reta,Sim,2,0,1,0,1,0,1,2,-27.65184843,-48.67604941,SPRF-SC,DEL01-SC,UOP02-DEL01-SC,2023
"508219,0",2023-03-03,sexta-feira,12:00:00,SC,101,"90,5",BARRA VELHA,Manobra de mudança de faixa,Colisão lateral mesmo sentido,Com Vítimas Feridas,Pleno dia,Crescente,Céu Claro,Simples,Reta,Sim,3,0,1,0,2,0,1,2,-26.66148503,-48.68866176,SPRF-SC,DEL03-SC,UOP02-DEL03-SC,2023
"508226,0",2023-03-03,sexta-feira,13:00:00,SC,470,"57,0",BLUMENAU,Acessar a via sem observar a presença dos outros veículos,Colisão transversal,Com Vítimas Feridas,Pleno dia,Crescente,Céu Claro,Simples,Reta,Sim,2,0,0,1,1,0,1,2,-26.880428,-49.136532,SPRF-SC,DEL04-SC,UOP01-DEL04-SC,2023
"508235,0",2023-03-03,sexta-feira,15:10:00,SC,101,"115,0",ITAJAI,Reação tardia ou ineficiente do condutor,Colisão traseira,Com Vítimas Feridas,Pleno dia,Crescente,Nublado,Múltipla,Reta,Não,2,0,1,0,1,0,1,2,-26.87064015,-48.72954134,SPRF-SC,DEL04-SC,UOP04-DEL04-SC,2023
"508243,0",2023-03-03,sexta-feira,15:39:00,SC,470,"136,2",RIO DO SUL,Acessar a via sem observar a presença dos outros veículos,Colisão transversal,Com Vítimas Feridas,Pleno dia,Decrescente,Nublado,Simples,Reta,Sim,2,0,1,0,1,0,1,2,-27.194323,-49.624554,SPRF-SC,DEL04-SC,UOP02-DEL04-SC,2023
"508272,0",2023-03-01,quarta-feira,03:00:00,SC,470,"271,4",BRUNOPOLIS,Reação tardia ou ineficiente do condutor,Capotamento,Sem Vítimas,Plena Noite,Crescente,Céu Claro,Simples,Curva,Não,1,0,0,0,1,0,0,1,-27.321873,-50.775558,SPRF-SC,DEL07-SC,UOP06-DEL07-SC,2023
"508276,0",2023-03-03,sexta-feira,19:09:00,SC,470,"58,0",BLUMENAU,Acessar a via sem observar a presença dos outros veículos,Colisão transversal,Com Vítimas Feridas,Plena Noite,Crescente,Chuva,Simples,Reta,Não,2,0,0,1,1,0,1,2,-26.883879,-49.145622,SPRF-SC,DEL04-SC,UOP01-DEL04-SC,2023
"508277,0",2023-03-03,sexta-feira,19:14:00,SC,101,"212,0",PALHOCA,Ausência de reação do condutor,Colisão traseira,Com Vítimas Feridas,Plena Noite,Crescente,Céu Claro,Simples,Reta,Sim,2,0,1,0,1,0,1,1,-27.62996929,-48.65903871,SPRF-SC,DEL01-SC,UOP02-DEL01-SC,2023
"508283,0",2023-03-03,sexta-feira,19:10:00,SC,101,"122,0",ITAJAI,Velocidade Incompatível,Engavetamento,Com Vítimas Feridas,Plena Noite,Decrescente,Chuva,Dupla,Reta,Não,3,0,1,0,2,0,1,3,-26.92955916,-48.70499836,SPRF-SC,DEL04-SC,UOP04-DEL04-SC,2023
"508302,0",2023-03-03,sexta-feira,20:30:00,SC,101,"123,7",ITAJAI,Reação tardia ou ineficiente do condutor,Tombamento,Com Vítimas Feridas,Plena Noite,Crescente,Chuva,Múltipla,Reta,Sim,1,0,1,0,0,0,1,1,-26.94802427,-48.68338515,SPRF-SC,DEL04-SC,UOP04-DEL04-SC,2023
"508313,0",2023-03-03,sexta-feira,20:20:00,SC,282,"527,5",CORDILHEIRA ALTA,Transitar na contramão,Colisão lateral sentido oposto,Sem Vítimas,Plena Noite,Crescente,Chuva,Simples,Curva,Não,2,0,0,0,1,1,0,2,-26.973196,-52.583321,SPRF-SC,DEL07-SC,UOP01-DEL07-SC,2023
"508316,0",2023-03-03,sexta-feira,19:50:00,SC,470,"295,3",CAMPOS NOVOS,Transitar na contramão,Colisão frontal,Com Vítimas Feridas,Anoitecer,Crescente,Garoa/Chuvisco,Simples,Reta,Não,3,0,2,0,1,0,2,2,-27.348831,-51.008823,SPRF-SC,DEL07-SC,UOP06-DEL07-SC,2023
"508338,0",2023-03-03,sexta-feira,18:40:00,SC,470,"71,0",INDAIAL,Chuva,Queda de ocupante de veículo,Com Vítimas Feridas,Plena Noite,Crescente,Chuva,Simples,Reta,Sim,1,0,1,0,0,0,1,1,-26.895243,-49.262104,SPRF-SC,DEL04-SC,UOP01-DEL04-SC,2023
"508352,0",2023-03-04,sábado,01:40:00,SC,282,"339,3",CAMPOS NOVOS,Pista Escorregadia,Colisão com objeto,Sem Vítimas,Plena Noite,Decrescente,Garoa/Chuvisco,Simples,Reta;Declive;Interseção de Vias,Não,1,0,0,0,1,0,0,1,-27.392731,-51.195118,SPRF-SC,DEL07-SC,UOP06-DEL07-SC,2023
"508367,0",2023-03-04,sábado,04:45:00,SC,101,"138,6",BALNEARIO CAMBORIU,Reação tardia ou ineficiente do condutor,Capotamento,Com Vítimas Feridas,Amanhecer,Decrescente,Chuva,Múltipla,Curva,Sim,2,0,1,0,1,0,1,1,-27.02397426,-48.60761649,SPRF-SC,DEL04-SC,UOP03-DEL04-SC,2023
"508370,0",2023-03-04,sábado,05:40:00,SC,470,"55,0",BLUMENAU,Pedestre cruzava a pista fora da faixa,Atropelamento de Pedestre,Com Vítimas Feridas,Amanhecer,Decrescente,Chuva,Simples,Reta,Sim,2,0,0,1,1,0,1,2,-26.875601,-49.117992,SPRF-SC,DEL04-SC,UOP01-DEL04-SC,2023
"508380,0",2023-03-04,sábado,05:45:00,SC,101,"400,0",MARACAJA,Demais falhas mecânicas ou elétricas,Tombamento,Com Vítimas Feridas,Amanhecer,Crescente,Nublado,Simples,Reta,Sim,1,0,1,0,0,0,1,1,-28.85594274,-49.44019434,SPRF-SC,DEL02-SC,UOP02-DEL02-SC,2023
"508384,0",2023-03-04,sábado,07:57:00,SC,101,"213,2",PALHOCA,Ingestão de álcool pelo condutor,Colisão traseira,Com Vítimas Feridas,Pleno dia,Crescente,Céu Claro,Múltipla,Reta,Sim,3,0,1,0,2,0,1,3,-27.63697369,-48.66514142,SPRF-SC,DEL01-SC,UOP02-DEL01-SC,2023
"508386,0",2023-03-04,sábado,07:50:00,SC,470,"66,9",INDAIAL,Ausência de reação do condutor,Colisão transversal,Com Vítimas Feridas,Pleno dia,Decrescente,Céu Claro,Simples,Reta,Não,2,0,0,1,1,0,1,2,-26.870407,-49.221844,SPRF-SC,DEL04-SC,UOP01-DEL04-SC,2023
"508397,0",2023-03-04,sábado,09:10:00,SC,101,"397,0",MARACAJA,Demais falhas mecânicas ou elétricas,Incêndio,Sem Vítimas,Pleno dia,Decrescente,Sol,Simples,Reta,Não,2,0,0,0,2,0,0,1,-28.842975,-49.429416,SPRF-SC,DEL02-SC,UOP02-DEL02-SC,2023
"508406,0",2023-03-04,sábado,10:20:00,SC,280,"55,5",GUARAMIRIM,Desrespeitar a preferência no cruzamento,Colisão transversal,Com Vítimas Feridas,Pleno dia,Crescente,Sol,Dupla,Viaduto;Rotatória;Interseção de Vias,Sim,2,0,1,0,1,0,1,2,-26.4787746,-49.00091171,SPRF-SC,DEL03-SC,UOP03-DEL03-SC,2023