id,data_inversa,dia_semana,horario,uf,br,km,municipio,causa_acidente,tipo_acidente,classificacao_acidente,fase_dia,sentido_via,condicao_metereologica,tipo_pista,tracado_via,uso_solo,pessoas,mortos,feridos_leves,feridos_graves,ilesos,ignorados,feridos,veiculos,latitude,longitude,regional,delegacia,uop,ano_arquivo
"509374,0",2023-03-09,quinta-feira,08:00:00,SC,282,"23,5",SANTO AMARO DA IMPERATRIZ,Ultrapassagem Indevida,Colisão lateral mesmo sentido,Com Vítimas Feridas,Pleno dia,Decrescente,Céu Claro,Simples,Reta,Sim,2,0,0,1,1,0,1,2,-27.687958,-48.736794,SPRF-SC,DEL01-SC,UOP03-DEL01-SC,2023
"509382,0",2023-03-09,quinta-feira,08:20:00,SC,101,"120,9",ITAJAI,Condutor deixou de manter distância do veículo da frente,Colisão traseira,Com Vítimas Feridas,Pleno dia,Crescente,Céu Claro,Dupla,Reta,Sim,2,0,1,0,1,0,1,2,-26.912758,-48.711998,SPRF-SC,DEL04-SC,UOP04-DEL04-SC,2023
"509386,0",2023-03-09,quinta-feira,07:50:00,SC,101,"210,0",SAO JOSE,Condutor deixou de manter distância do veículo da frente,Colisão traseira,Com Vítimas Feridas,Pleno dia,Crescente,Céu Claro,Dupla,Reta,Sim,2,0,1,0,1,0,1,2,-27.6167305,-48.6457265,SPRF-SC,DEL01-SC,UOP01-DEL01-SC,2023
"509401,0",2023-03-09,quinta-feira,10:00:00,SC,101,"330,0",TUBARAO,Avarias e/ou desgaste excessivo no pneu,Tombamento,Com Vítimas Feridas,Pleno dia,Decrescente,Céu Claro,Dupla,Reta,Sim,1,0,1,0,0,0,1,1,-28.45115639,-48.97286879,SPRF-SC,DEL02-SC,UOP01-DEL02-SC,2023
"509403,0",2023-03-09,quinta-feira,08:40:00,SC,470,"64,2",INDAIAL,Ausência de reação do condutor,Colisão lateral mesmo sentido,Com Vítimas Feridas,Pleno dia,Crescente,Nublado,Simples,Reta,Sim,2,0,1,0,0,1,1,2,-26.8697466,-49.20463238,SPRF-SC,DEL04-SC,UOP01-DEL04-SC,2023
"509416,0",2023-03-09,quinta-feira,08:40:00,SC,282,"618,0",IRACEMINHA,Chuva,Saída de leito carroçável,Com Vítimas Feridas,Pleno dia,Crescente,Chuva,Simples,Declive,Não,1,0,1,0,0,0,1,1,-26.788088,-53.293259,SPRF-SC,DEL07-SC,UOP02-DEL07-SC,2023
"509433,0",2023-03-09,quinta-feira,11:00:00,SC,101,"287,0",IMBITUBA,Acessar a via sem observar a presença dos outros veículos,Queda de ocupante de veículo,Com Vítimas Feridas,Pleno dia,Decrescente,Céu Claro,Dupla,Reta,Não,1,0,1,0,0,0,1,1,-28.23766496,-48.70059767,SPRF-SC,DEL02-SC,UOP03-DEL02-SC,2023
"509446,0",2023-03-09,quinta-feira,14:00:00,SC,101,"144,0",ITAPEMA,Ausência de reação do condutor,Colisão traseira,Com Vítimas Feridas,Pleno dia,Crescente,Céu Claro,Dupla,Reta,Sim,2,0,2,0,0,0,2,2,-27.0732659,-48.59672716,SPRF-SC,DEL04-SC,UOP03-DEL04-SC,2023
"509450,0",2023-03-09,quinta-feira,12:00:00,SC,470,"70,1",INDAIAL,Condutor deixou de manter distância do veículo da frente,Colisão traseira,Com Vítimas Feridas,Pleno dia,Decrescente,Céu Claro,Simples,Reta,Não,2,0,1,0,1,0,1,2,-26.889374,-49.254478,SPRF-SC,DEL04-SC,UOP01-DEL04-SC,2023
"509520,0",2023-03-09,quinta-feira,17:20:00,SC,163,"71,3",SAO MIGUEL DO OESTE,Reação tardia ou ineficiente do condutor,Atropelamento de Pedestre,Com Vítimas Fatais,Pleno dia,Decrescente,Céu Claro,Dupla,Reta,Sim,2,1,0,0,1,0,0,2,-26.7253831,-53.51327777,SPRF-SC,DEL07-SC,UOP03-DEL07-SC,2023
"509525,0",2023-03-09,quinta-feira,21:10:00,SC,101,"149,0",ITAPEMA,Ausência de reação do condutor,Colisão com objeto,Sem Vítimas,Plena Noite,Decrescente,Céu Claro,Dupla,Reta,Sim,1,0,0,0,1,0,0,1,-27.1089649,-48.61277586,SPRF-SC,DEL04-SC,UOP03-DEL04-SC,2023
"509600,0",2023-03-10,sexta-feira,10:00:00,SC,101,"192,0",BIGUACU,Manobra de mudança de faixa,Colisão lateral mesmo sentido,Com Vítimas Feridas,Pleno dia,Decrescente,Céu Claro,Dupla,Reta,Não,2,0,1,0,1,0,1,2,-27.48443781,-48.64765238,SPRF-SC,DEL01-SC,UOP01-DEL01-SC,2023
"509616,0",2023-03-10,sexta-feira,11:30:00,SC,101,"214,6",PALHOCA,Trafegar com motocicleta (ou similar) entre as faixas,Colisão lateral mesmo sentido,Com Vítimas Feridas,Pleno dia,Decrescente,Nublado,Múltipla,Reta,Sim,1,0,1,0,0,0,1,1,-27.64443,-48.67057,SPRF-SC,DEL01-SC,UOP02-DEL01-SC,2023
"509625,0",2023-03-10,sexta-feira,12:20:00,SC,101,"143,0",ITAPEMA,Demais falhas mecânicas ou elétricas,Tombamento,Com Vítimas Feridas,Pleno dia,Decrescente,Nublado,Dupla,Reta,Não,2,0,2,0,0,0,2,1,-27.06436,-48.59599405,SPRF-SC,DEL04-SC,UOP03-DEL04-SC,2023
"509681,0",2023-03-10,sexta-feira,17:20:00,SC,282,"41,5",AGUAS MORNAS,Acessar a via sem observar a presença dos outros veículos,Colisão transversal,Com Vítimas Feridas,Pleno dia,Crescente,Nublado,Simples,Reta,Sim,2,0,0,2,0,0,2,2,-27.715973,-48.878979,SPRF-SC,DEL01-SC,UOP03-DEL01-SC,2023
"509684,0",2023-03-10,sexta-feira,16:15:00,SC,282,"517,5",XAXIM,Reação tardia ou ineficiente do condutor,Saída de leito carroçável,Sem Vítimas,Pleno dia,Crescente,Céu Claro,Dupla,Reta;Declive,Não,1,0,0,0,1,0,0,1,-26.939375,-52.500057,SPRF-SC,DEL07-SC,UOP01-DEL07-SC,2023
"509708,0",2023-03-10,sexta-feira,20:20:00,SC,470,"51,5",BLUMENAU,Ausência de reação do condutor,Atropelamento de Pedestre,Com Vítimas Feridas,Plena Noite,Crescente,Céu Claro,Simples,Aclive;Reta,Sim,2,0,1,1,0,0,2,2,-26.86317871,-49.08916268,SPRF-SC,DEL04-SC,UOP01-DEL04-SC,2023
"509715,0",2023-03-10,sexta-feira,11:40:00,SC,282,"645,0",SAO MIGUEL DO OESTE,Ausência de reação do condutor,Saída de leito carroçável,Sem Vítimas,Pleno dia,Decrescente,Céu Claro,Simples,Declive;Curva,Não,1,0,0,0,0,1,0,1,-26.765184,-53.487823,SPRF-SC,DEL07-SC,UOP03-DEL07-SC,2023
"509722,0",2023-03-10,sexta-feira,21:50:00,SC,101,"132,0",BALNEARIO CAMBORIU,Transitar na contramão,Colisão frontal,Com Vítimas Feridas,Plena Noite,Crescente,Chuva,Simples,Reta,Não,2,0,0,1,1,0,1,2,-26.99654133,-48.65564711,SPRF-SC,DEL04-SC,UOP03-DEL04-SC,2023
"509754,0",2023-03-11,sábado,03:00:00,SC,101,"117,0",ITAJAI,Acesso irregular,Colisão traseira,Com Vítimas Feridas,Plena Noite,Crescente,Garoa/Chuvisco,Dupla,Interseção de Vias,Sim,2,0,1,0,0,1,1,2,-26.88747187,-48.72252969,SPRF-SC,DEL04-SC,UOP04-DEL04-SC,2023
"509760,0",2023-03-11,sábado,04:30:00,SC,101,"274,0",IMBITUBA,Velocidade Incompatível,Colisão traseira,Com Vítimas Feridas,Plena Noite,Crescente,Céu Claro,Múltipla,Reta,Sim,2,0,1,0,0,1,1,2,-28.129852,-48.69322,SPRF-SC,DEL02-SC,UOP03-DEL02-SC,2023
"509768,0",2023-03-10,sexta-feira,16:55:00,SC,163,"2,9",DIONISIO CERQUEIRA,Acessar a via sem observar a presença dos outros veículos,Colisão transversal,Com Vítimas Feridas,Pleno dia,Crescente,Céu Claro,Simples,Reta,Sim,2,0,0,1,1,0,1,2,-26.26105284,-53.64106894,SPRF-SC,DEL07-SC,UOP03-DEL07-SC,2023
"509770,0",2023-03-11,sábado,02:30:00,SC,101,"138,0",BALNEARIO CAMBORIU,Chuva,Colisão com objeto,Sem Vítimas,Plena Noite,Decrescente,Chuva,Dupla,Reta,Não,1,0,0,0,0,1,0,1,-27.02397426,-48.60761649,SPRF-SC,DEL04-SC,UOP03-DEL04-SC,2023
"509771,0",2023-03-11,sábado,06:10:00,SC,101,"376,6",ICARA,Ausência de reação do condutor,Saída de leito carroçável,Com Vítimas Fatais,Pleno dia,Decrescente,Céu Claro,Múltipla,Curva,Não,1,1,0,0,0,0,0,1,-28.743289,-49.253171,SPRF-SC,DEL02-SC,UOP01-DEL02-SC,2023
"509772,0",2023-03-11,sábado,06:20:00,SC,101,"269,9",IMBITUBA,Velocidade Incompatível,Saída de leito carroçável,Com Vítimas Fatais,Amanhecer,Decrescente,Céu Claro,Dupla,Reta,Não,1,1,0,0,0,0,0,1,-28.1053055,-48.7030103,SPRF-SC,DEL02-SC,UOP03-DEL02-SC,2023
"509776,0",2023-03-11,sábado,01:50:00,SC,280,"80,7",CORUPA,Ausência de reação do condutor,Tombamento,Com Vítimas Feridas,Plena Noite,Decrescente,Nublado,Simples,Reta;Declive;Interseção de Vias,Sim,1,0,1,0,0,0,1,1,-26.43926913,-49.22955394,SPRF-SC,DEL06-SC,UOP03-DEL06-SC,2023
"509785,0",2023-03-11,sábado,06:55:00,SC,480,"128,8",CHAPECO,Ingestão de álcool pelo condutor,Colisão frontal,Com Vítimas Feridas,Pleno dia,Crescente,Sol,Dupla,Curva,Não,5,0,1,0,4,0,1,2,-27.044493,-52.636164,SPRF-SC,DEL07-SC,UOP01-DEL07-SC,2023
"509803,0",2023-03-11,sábado,07:55:00,SC,101,"134,1",BALNEARIO CAMBORIU,Reação tardia ou ineficiente do condutor,Colisão traseira,Com Vítimas Feridas,Pleno dia,Decrescente,Nublado,Múltipla,Reta,Não,3,0,2,0,1,0,2,2,-27.00218,-48.636433,SPRF-SC,DEL04-SC,UOP03-DEL04-SC,2023
"509805,0",2023-03-10,sexta-feira,22:21:00,SC,470,"59,3",BLUMENAU,Ingestão de álcool pelo condutor,Colisão frontal,Com Vítimas Feridas,Plena Noite,Crescente,Chuva,Simples,Curva,Não,2,0,1,0,1,0,1,2,-26.882812,-49.1548,SPRF-SC,DEL04-SC,UOP01-DEL04-SC,2023
"509813,0",2023-03-11,sábado,07:30:00,SC,470,"37,0",GASPAR,Reação tardia ou ineficiente do condutor,Incêndio,Sem Vítimas,Pleno dia,Decrescente,Céu Claro,Simples,Reta,Não,1,0,0,0,0,1,0,1,-26.912727,-48.978043,SPRF-SC,DEL04-SC,UOP01-DEL04-SC,2023
"509817,0",2023-03-11,sábado,09:00:00,SC,101,"307,0",LAGUNA,Ingestão de álcool pelo condutor,Saída de leito carroçável,Sem Vítimas,Pleno dia,Crescente,Céu Claro,Dupla,Reta,Não,1,0,0,0,1,0,0,1,-28.39199505,-48.77826295,SPRF-SC,DEL02-SC,UOP03-DEL02-SC,2023
"509830,0",2023-03-11,sábado,10:30:00,SC,282,"371,3",ERVAL VELHO,Velocidade Incompatível,Saída de leito carroçável,Com Vítimas Feridas,Pleno dia,Crescente,Céu Claro,Simples,Declive;Curva,Não,1,0,0,1,0,0,1,1,-27.259993,-51.442684,SPRF-SC,DEL07-SC,UOP05-DEL07-SC,2023
"509831,0",2023-03-11,sábado,12:00:00,SC,282,"18,0",PALHOCA,Reação tardia ou ineficiente do condutor,Colisão traseira,Com Vítimas Feridas,Pleno dia,Crescente,Sol,Simples,Viaduto;Reta;Declive,Não,4,0,2,0,2,0,2,2,-27.672798,-48.694286,SPRF-SC,DEL01-SC,UOP02-DEL01-SC,2023
"509833,0",2023-03-11,sábado,08:45:00,SC,101,"150,0",ITAPEMA,Ingestão de álcool pelo condutor,Colisão com objeto,Sem Vítimas,Pleno dia,Decrescente,Nublado,Simples,Curva,Sim,1,0,0,0,0,1,0,1,-27.11744799,-48.60940987,SPRF-SC,DEL04-SC,UOP03-DEL04-SC,2023
"509841,0",2023-03-11,sábado,10:30:00,SC,280,"52,0",GUARAMIRIM,Trafegar com motocicleta (ou similar) entre as faixas,Colisão lateral mesmo sentido,Com Vítimas Feridas,Pleno dia,Crescente,Céu Claro,Dupla,Reta,Não,3,0,2,0,1,0,2,2,-26.468904,-48.96492,SPRF-SC,DEL03-SC,UOP03-DEL03-SC,2023
"509850,0",2023-03-11,sábado,13:00:00,SC,470,"8,0",NAVEGANTES,Ingestão de álcool pelo condutor,Colisão com objeto,Sem Vítimas,Pleno dia,Decrescente,Céu Claro,Simples,Curva;Rotatória;Interseção de Vias,Não,1,0,0,0,0,1,0,1,-26.83996313,-48.71758461,SPRF-SC,DEL04-SC,UOP04-DEL04-SC,2023
"509881,0",2023-03-11,sábado,16:00:00,SC,101,"117,0",ITAJAI,Demais falhas mecânicas ou elétricas,Queda de ocupante de veículo,Com Vítimas Feridas,Pleno dia,Decrescente,Céu Claro,Múltipla,Reta,Sim,1,0,1,0,0,0,1,1,-26.88747187,-48.72252969,SPRF-SC,DEL04-SC,UOP04-DEL04-SC,2023
"509884,0",2023-03-11,sábado,16:30:00,SC,101,"108,4",PENHA,Avarias e/ou desgaste excessivo no pneu,Saída de leito carroçável,Com Vítimas Feridas,Pleno dia,Crescente,Céu Claro,Dupla,Curva,Não,1,0,1,0,0,0,1,1,-26.82606902,-48.69052298,SPRF-SC,DEL03-SC,UOP02-DEL03-SC,2023
"509888,0",2023-03-11,sábado,18:15:00,SC,101,"216,5",PALHOCA,Acessar a via sem observar a presença dos outros veículos,Colisão transversal,Com Vítimas Feridas,Pleno dia,Crescente,Céu Claro,Simples,Interseção de Vias,Sim,2,0,1,0,1,0,1,2,-27.65981409,-48.67747798,SPRF-SC,DEL01-SC,UOP02-DEL01-SC,2023
"509893,0",2023-03-11,sábado,18:00:00,SC,101,"246,5",PAULO LOPES,Reação tardia ou ineficiente do condutor,Saída de leito carroçável,Com Vítimas Feridas,Anoitecer,Crescente,Céu Claro,Dupla,Reta,Não,4,0,3,1,0,0,4,1,-27.91464022,-48.65190804,SPRF-SC,DEL02-SC,UOP03-DEL02-SC,2023
"509903,0",2023-03-11,sábado,18:40:00,SC,101,"121,0",ITAJAI,Reação tardia ou ineficiente do condutor,Colisão traseira,Com Vítimas Feridas,Plena Noite,Crescente,Nublado,Dupla,Reta,Sim,3,0,0,1,1,1,1,3,-26.92103178,-48.70856446,SPRF-SC,DEL04-SC,UOP04-DEL04-SC,2023
"509917,0",2023-03-11,sábado,18:15:00,SC,101,"7,7",GARUVA,Avarias e/ou desgaste excessivo no pneu,Saída de leito carroçável,Com Vítimas Feridas,Plena Noite,Crescente,Chuva,Dupla,Reta,Sim,2,0,2,0,0,0,2,1,-26.03593,-48.860302,SPRF-SC,DEL03-SC,UOP01-DEL03-SC,2023
"509921,0",2023-03-11,sábado,19:30:00,SC,470,"16,0",ILHOTA,Velocidade Incompatível,Colisão frontal,Com Vítimas Fatais,Plena Noite,Decrescente,Nublado,Simples,Desvio Temporário;Em Obras,Não,2,1,0,0,1,0,0,2,-26.843019,-48.794434,SPRF-SC,DEL04-SC,UOP04-DEL04-SC,2023
"509928,0",2023-03-11,sábado,20:46:00,SC,101,"100,0",BALNEARIO PICARRAS,Avarias e/ou desgaste excessivo no pneu,Colisão com objeto,Com Vítimas Feridas,Plena Noite,Decrescente,Chuva,Dupla,Curva,Não,4,0,2,0,2,0,2,1,-26.752083,-48.691639,SPRF-SC,DEL03-SC,UOP02-DEL03-SC,2023
"509932,0",2023-03-11,sábado,21:10:00,SC,116,"5,7",MAFRA,Transitar na contramão,Colisão frontal,Com Vítimas Feridas,Plena Noite,Crescente,Nublado,Simples,Reta;Rotatória,Sim,3,0,0,1,2,0,1,2,-26.14559547,-49.82166767,SPRF-SC,DEL06-SC,UOP01-DEL06-SC,2023
"509933,0",2023-03-11,sábado,20:00:00,SC,101,"451,0",SAO JOAO DO SUL,Velocidade Incompatível,Colisão traseira,Com Vítimas Feridas,Plena Noite,Crescente,Céu Claro,Simples,Reta,Não,2,0,0,2,0,0,2,2,-29.19241544,-49.75389361,SPRF-SC,DEL02-SC,UOP02-DEL02-SC,2023
"509935,0",2023-03-11,sábado,19:10:00,SC,282,"468,2",PONTE SERRADA,Ausência de reação do condutor,Colisão traseira,Com Vítimas Feridas,Anoitecer,Decrescente,Nublado,Simples,Reta,Não,4,0,1,0,3,0,1,3,-26.853588,-52.105446,SPRF-SC,DEL07-SC,UOP04-DEL07-SC,2023
"509936,0",2023-03-11,sábado,21:00:00,SC,280,"128,2",RIO NEGRINHO,Condutor deixou de manter distância do veículo da frente,Colisão traseira,Com Vítimas Feridas,Plena Noite,Crescente,Chuva,Dupla,Retorno Regulamentado;Reta,Sim,2,0,1,0,1,0,1,2,-26.24317941,-49.51320018,SPRF-SC,DEL06-SC,UOP03-DEL06-SC,2023
"509941,0",2023-03-11,sábado,21:30:00,SC,470,"69,0",INDAIAL,Acesso irregular,Queda de ocupante de veículo,Com Vítimas Feridas,Plena Noite,Decrescente,Nublado,Simples,Em Obras,Não,1,0,1,0,0,0,1,1,-26.883745,-49.246704,SPRF-SC,DEL04-SC,UOP01-DEL04-SC,2023
"509948,0",2023-03-11,sábado,22:37:00,SC,101,"206,8",SAO JOSE,Manobra de mudança de faixa,Colisão lateral mesmo sentido,Com Vítimas Feridas,Plena Noite,Crescente,Garoa/Chuvisco,Múltipla,Reta,Sim,2,0,1,0,1,0,1,2,-27.59193546,-48.61824557,SPRF-SC,DEL01-SC,UOP01-DEL01-SC,2023
"509953,0",2023-03-11,sábado,23:04:00,SC,101,"419,0",ARARANGUA,Desrespeitar a preferência no cruzamento,Colisão lateral sentido oposto,Com Vítimas Feridas,Plena Noite,Decrescente,Céu Claro,Simples,Reta;Interseção de Vias,Não,2,0,0,1,0,1,1,2,-28.98712406,-49.54395294,SPRF-SC,DEL02-SC,UOP02-DEL02-SC,2023
"509964,0",2023-03-11,sábado,21:00:00,SC,280,"220,0",TRES BARRAS,Condutor Dormindo,Saída de leito carroçável,Sem Vítimas,Plena Noite,Decrescente,Nublado,Simples,Rotatória,Não,1,0,0,0,0,1,0,1,-26.17259776,-50.27159214,SPRF-SC,DEL06-SC,UOP04-DEL06-SC,2023
"509968,0",2023-03-11,sábado,23:18:00,SC,280,"5,9",SAO FRANCISCO DO SUL,Deficiência do Sistema de Iluminação/Sinalização,Colisão traseira,Com Vítimas Feridas,Plena Noite,Crescente,Nublado,Simples,Reta,Sim,3,0,2,0,1,0,2,2,-26.26011706,-48.62571995,SPRF-SC,DEL03-SC,UOP03-DEL03-SC,2023
"509975,0",2023-03-12,domingo,00:30:00,SC,101,"128,1",BALNEARIO CAMBORIU,Reação tardia ou ineficiente do condutor,Colisão com objeto,Com Vítimas Feridas,Plena Noite,Decrescente,Garoa/Chuvisco,Dupla,Curva,Não,1,0,1,0,0,0,1,1,-26.97284292,-48.68299451,SPRF-SC,DEL04-SC,UOP04-DEL04-SC,2023
"509978,0",2023-03-12,domingo,01:50:00,SC,282,"3,9",FLORIANOPOLIS,Velocidade Incompatível,Saída de leito carroçável,Sem Vítimas,Plena Noite,Decrescente,Nublado,Dupla,Curva,Sim,1,0,0,0,0,1,0,1,-27.600384,-48.599705,SPRF-SC,DEL01-SC,UOP01-DEL01-SC,2023
"509983,0",2023-03-12,domingo,02:00:00,SC,282,"64,4",RANCHO QUEIMADO,Reação tardia ou ineficiente do condutor,Colisão lateral sentido oposto,Sem Vítimas,Plena Noite,Decrescente,Garoa/Chuvisco,Simples,Interseção de Vias;Curva,Não,2,0,0,0,2,0,0,2,-27.696323,-49.052456,SPRF-SC,DEL01-SC,UOP03-DEL01-SC,2023
"509984,0",2023-03-12,domingo,03:00:00,SC,101,"131,0",BALNEARIO CAMBORIU,Reação tardia ou ineficiente do condutor,Tombamento,Com Vítimas Feridas,Plena Noite,Crescente,Nublado,Dupla,Curva,Não,1,0,1,0,0,0,1,1,-26.99064209,-48.66310912,SPRF-SC,DEL04-SC,UOP03-DEL04-SC,2023
"510002,0",2023-03-12,domingo,04:50:00,SC,470,"2,0",NAVEGANTES,Ingestão de álcool pelo condutor,Queda de ocupante de veículo,Com Vítimas Feridas,Amanhecer,Decrescente,Céu Claro,Múltipla,Em Obras;Reta,Sim,1,0,0,1,0,0,1,1,-26.86939637,-48.67439032,SPRF-SC,DEL04-SC,UOP04-DEL04-SC,2023
"510005,0",2023-03-12,domingo,05:00:00,SC,470,"2,0",NAVEGANTES,Ingestão de álcool pelo condutor,Queda de ocupante de veículo,Com Vítimas Feridas,Amanhecer,Decrescente,Nublado,Dupla,Reta,Sim,1,0,1,0,0,0,1,1,-26.868551,-48.674831,SPRF-SC,DEL04-SC,UOP04-DEL04-SC,2023
"510040,0",2023-03-12,domingo,08:25:00,SC,101,"43,0",JOINVILLE,Velocidade Incompatível,Colisão lateral mesmo sentido,Com Vítimas Feridas,Pleno dia,Decrescente,Céu Claro,Dupla,Curva,Sim,2,0,1,0,1,0,1,2,-26.30357106,-48.88225609,SPRF-SC,DEL03-SC,UOP01-DEL03-SC,2023
"510045,0",2023-03-12,domingo,10:20:00,SC,163,"79,1",SAO MIGUEL DO OESTE,Conversão proibida,Colisão traseira,Com Vítimas Feridas,Pleno dia,Crescente,Céu Claro,Simples,Aclive;Curva,Não,4,0,1,1,2,0,2,2,-26.65911819,-53.51816757,SPRF-SC,DEL07-SC,UOP03-DEL07-SC,2023
"510058,0",2023-03-12,domingo,17:00:00,SC,101,"221,0",PALHOCA,Ingestão de álcool pelo condutor,Colisão traseira,Sem Vítimas,Pleno dia,Crescente,Garoa/Chuvisco,Dupla,Reta,Não,2,0,0,0,1,1,0,2,-27.795666,-48.638153,SPRF-SC,DEL01-SC,UOP02-DEL01-SC,2023
"510114,0",2023-03-12,domingo,17:45:00,SC,101,"205,0",SAO JOSE,Acumulo de óleo sobre o pavimento,Colisão com objeto,Com Vítimas Feridas,Anoitecer,Crescente,Garoa/Chuvisco,Dupla,Curva,Não,3,0,2,0,1,0,2,1,-27.58313237,-48.61532885,SPRF-SC,DEL01-SC,UOP01-DEL01-SC,2023
"510125,0",2023-03-12,domingo,17:40:00,SC,101,"336,0",TUBARAO,Demais falhas mecânicas ou elétricas,Queda de ocupante de veículo,Com Vítimas Feridas,Anoitecer,Decrescente,Nublado,Dupla,Curva,Não,2,0,2,0,0,0,2,1,-28.47311347,-49.02437375,SPRF-SC,DEL02-SC,UOP01-DEL02-SC,2023
"510135,0",2023-03-12,domingo,18:40:00,SC,280,"146,5",MAFRA,Demais falhas mecânicas ou elétricas,Incêndio,Sem Vítimas,Anoitecer,Decrescente,Garoa/Chuvisco,Simples,Curva,Não,2,0,0,0,2,0,0,1,-26.25518456,-49.6620649,SPRF-SC,DEL06-SC,UOP03-DEL06-SC,2023
"510137,0",2023-03-12,domingo,17:30:00,SC,280,"43,0",GUARAMIRIM,Acessar a via sem observar a presença dos outros veículos,Colisão transversal,Com Vítimas Feridas,Pleno dia,Crescente,Garoa/Chuvisco,Simples,Reta,Não,2,0,1,0,1,0,1,2,-26.45118786,-48.87789901,SPRF-SC,DEL03-SC,UOP03-DEL03-SC,2023
"510152,0",2023-03-12,domingo,20:50:00,SC,101,"227,0",PALHOCA,Demais falhas mecânicas ou elétricas,Colisão lateral mesmo sentido,Com Vítimas Feridas,Plena Noite,Crescente,Garoa/Chuvisco,Simples,Reta,Não,3,0,1,0,2,0,1,2,-27.75882346,-48.63098145,SPRF-SC,DEL01-SC,UOP02-DEL01-SC,2023
"510156,0",2023-03-12,domingo,19:45:00,SC,101,"122,0",ITAJAI,Ingestão de álcool pelo condutor,Colisão lateral mesmo sentido,Sem Vítimas,Plena Noite,Decrescente,Garoa/Chuvisco,Dupla,Reta,Não,5,0,0,0,5,0,0,2,-26.93150945,-48.70348692,SPRF-SC,DEL04-SC,UOP04-DEL04-SC,2023
"510160,0",2023-03-12,domingo,15:10:00,SC,282,"558,0",NOVA ITABERABA,Condutor Dormindo,Saída de leito carroçável,Com Vítimas Feridas,Pleno dia,Decrescente,Nublado,Simples,Curva,Não,1,0,0,1,0,0,1,1,-26.93273,-52.838913,SPRF-SC,DEL07-SC,UOP01-DEL07-SC,2023
"510165,0",2023-03-12,domingo,18:55:00,SC,163,"116,7",GUARUJA DO SUL,Ingestão de álcool pelo condutor,Colisão traseira,Com Vítimas Feridas,Anoitecer,Decrescente,Céu Claro,Simples,Aclive;Reta,Não,5,0,0,1,4,0,1,2,-26.35946595,-53.53565788,SPRF-SC,DEL07-SC,UOP03-DEL07-SC,2023
"510174,0",2023-03-12,domingo,21:50:00,SC,282,"32,0",AGUAS MORNAS,Ausência de reação do condutor,Colisão traseira,Sem Vítimas,Plena Noite,Decrescente,Chuva,Simples,Reta,Não,2,0,0,0,2,0,0,2,-27.70116,-48.800175,SPRF-SC,DEL01-SC,UOP03-DEL01-SC,2023
"510190,0",2023-03-12,domingo,23:20:00,SC,470,"66,5",INDAIAL,Ausência de reação do condutor,Saída de leito carroçável,Com Vítimas Feridas,Plena Noite,Decrescente,Chuva,Simples,Reta;Interseção de Vias,Não,2,0,1,0,0,1,1,1,-26.870407,-49.221844,SPRF-SC,DEL04-SC,UOP01-DEL04-SC,2023
"510196,0",2023-03-13,segunda-feira,00:20:00,SC,101,"211,7",PALHOCA,Acumulo de água sobre o pavimento,Tombamento,Com Vítimas Feridas,Plena Noite,Decrescente,Garoa/Chuvisco,Múltipla,Interseção de Vias,Não,1,0,0,1,0,0,1,1,-27.62329313,-48.65245588,SPRF-SC,DEL01-SC,UOP02-DEL01-SC,2023
"510206,0",2023-03-13,segunda-feira,03:00:00,SC,280,"51,0",GUARAMIRIM,Reação tardia ou ineficiente do condutor,Saída de leito carroçável,Sem Vítimas,Plena Noite,Decrescente,Chuva,Simples,Reta,Não,2,0,0,0,0,2,0,2,-26.46538871,-48.95544449,SPRF-SC,DEL03-SC,UOP03-DEL03-SC,2023
"510258,0",2023-03-13,segunda-feira,08:00:00,SC,101,"117,7",ITAJAI,Acessar a via sem observar a presença dos outros veículos,Colisão traseira,Sem Vítimas,Pleno dia,Crescente,Garoa/Chuvisco,Múltipla,Reta,Sim,2,0,0,0,2,0,0,2,-26.89421006,-48.72020245,SPRF-SC,DEL04-SC,UOP04-DEL04-SC,2023
"510264,0",2023-03-13,segunda-feira,08:20:00,SC,101,"206,0",SAO JOSE,Manobra de mudança de faixa,Colisão traseira,Com Vítimas Feridas,Pleno dia,Crescente,Céu Claro,Múltipla,Reta,Sim,6,0,3,0,3,0,3,4,-27.59193546,-48.61824557,SPRF-SC,DEL01-SC,UOP01-DEL01-SC,2023
"510271,0",2023-03-13,segunda-feira,09:00:00,SC,280,"57,2",GUARAMIRIM,Condutor deixou de manter distância do veículo da frente,Colisão com objeto,Com Vítimas Feridas,Pleno dia,Crescente,Garoa/Chuvisco,Simples,Viaduto;Reta,Sim,2,0,0,2,0,0,2,1,-26.47700756,-49.01450515,SPRF-SC,DEL03-SC,UOP03-DEL03-SC,2023
"510288,0",2023-03-13,segunda-feira,11:30:00,SC,282,"17,3",PALHOCA,Pedestre andava na pista,Atropelamento de Pedestre,Com Vítimas Feridas,Pleno dia,Crescente,Nublado,Simples,Reta,Sim,2,0,2,0,0,0,2,2,-27.665707,-48.688065,SPRF-SC,DEL01-SC,UOP02-DEL01-SC,2023
"510327,0",2023-03-13,segunda-feira,16:00:00,SC,282,"39,8",AGUAS MORNAS,Ausência de reação do condutor,Colisão traseira,Com Vítimas Feridas,Pleno dia,Crescente,Céu Claro,Simples,Reta,Não,2,0,1,0,1,0,1,2,-27.712439,-48.860607,SPRF-SC,DEL01-SC,UOP03-DEL01-SC,2023