id,data_inversa,dia_semana,horario,uf,br,km,municipio,causa_acidente,tipo_acidente,classificacao_acidente,fase_dia,sentido_via,condicao_metereologica,tipo_pista,tracado_via,uso_solo,pessoas,mortos,feridos_leves,feridos_graves,ilesos,ignorados,feridos,veiculos,latitude,longitude,regional,delegacia,uop,ano_arquivo
"513438,0",2023-03-28,terça-feira,20:30:00,SC,101,"365,6",SANGAO,Pedestre andava na pista,Atropelamento de Pedestre,Com Vítimas Feridas,Plena Noite,Crescente,Céu Claro,Dupla,Reta,Não,2,0,0,1,1,0,1,2,-28.68290284,-49.14759308,SPRF-SC,DEL02-SC,UOP01-DEL02-SC,2023
"513454,0",2023-03-28,terça-feira,21:45:00,SC,470,"65,9",INDAIAL,Frear bruscamente,Colisão transversal,Com Vítimas Feridas,Plena Noite,Decrescente,Céu Claro,Simples,Reta,Não,2,0,2,0,0,0,2,2,-26.870411,-49.211864,SPRF-SC,DEL04-SC,UOP01-DEL04-SC,2023
"513474,0",2023-03-29,quarta-feira,05:50:00,SC,163,"73,4",SAO MIGUEL DO OESTE,Desrespeitar a preferência no cruzamento,Colisão transversal,Com Vítimas Feridas,Amanhecer,Decrescente,Céu Claro,Dupla,Reta;Interseção de Vias,Sim,2,0,0,1,1,0,1,2,-26.70744135,-53.51408694,SPRF-SC,DEL07-SC,UOP03-DEL07-SC,2023
"513480,0",2023-03-29,quarta-feira,07:20:00,SC,101,"215,3",PALHOCA,Condutor deixou de manter distância do veículo da frente,Colisão traseira,Com Vítimas Feridas,Pleno dia,Decrescente,Céu Claro,Dupla,Reta,Sim,2,0,1,0,1,0,1,2,-27.65184843,-48.67604941,SPRF-SC,DEL01-SC,UOP02-DEL01-SC,2023
"513486,0",2023-03-29,quarta-feira,06:45:00,SC,280,"160,3",MAFRA,Reação tardia ou ineficiente do condutor,Colisão com objeto,Com Vítimas Feridas,Pleno dia,Crescente,Nublado,Simples,Reta,Não,1,0,1,0,0,0,1,1,-26.20326113,-49.77128799,SPRF-SC,DEL06-SC,UOP03-DEL06-SC,2023
"513489,0",2023-03-29,quarta-feira,08:00:00,SC,101,"415,0",ARARANGUA,Desrespeitar a preferência no cruzamento,Colisão transversal,Com Vítimas Feridas,Pleno dia,Decrescente,Céu Claro,Simples,Rotatória,Sim,2,0,1,0,1,0,1,2,-28.96316767,-49.51921105,SPRF-SC,DEL02-SC,UOP02-DEL02-SC,2023
"513496,0",2023-03-29,quarta-feira,08:40:00,SC,101,"116,0",ITAJAI,Reação tardia ou ineficiente do condutor,Queda de ocupante de veículo,Com Vítimas Feridas,Pleno dia,Crescente,Céu Claro,Simples,Reta,Sim,1,0,1,0,0,0,1,1,-26.87905605,-48.72603512,SPRF-SC,DEL04-SC,UOP04-DEL04-SC,2023
"513499,0",2023-03-28,terça-feira,22:00:00,SC,101,"282,3",IMBITUBA,Manobra de mudança de faixa,Colisão lateral mesmo sentido,Sem Vítimas,Plena Noite,Crescente,Céu Claro,Simples,Reta,Não,4,0,0,0,4,0,0,2,-28.19626005,-48.69739859,SPRF-SC,DEL02-SC,UOP03-DEL02-SC,2023
"513540,0",2023-03-29,quarta-feira,09:00:00,SC,280,"59,0",GUARAMIRIM,Acessar a via sem observar a presença dos outros veículos,Colisão transversal,Com Vítimas Feridas,Pleno dia,Crescente,Céu Claro,Dupla,Curva,Sim,2,0,1,0,1,0,1,2,-26.47525778,-49.03098916,SPRF-SC,DEL03-SC,UOP03-DEL03-SC,2023
"513544,0",2023-03-29,quarta-feira,13:20:00,SC,470,"0,9",NAVEGANTES,Avarias e/ou desgaste excessivo no pneu,Tombamento,Com Vítimas Feridas,Pleno dia,Crescente,Céu Claro,Múltipla,Reta,Sim,1,0,0,1,0,0,1,1,-26.88232,-48.66183,SPRF-SC,DEL04-SC,UOP04-DEL04-SC,2023
"513556,0",2023-03-29,quarta-feira,12:40:00,SC,101,"136,0",BALNEARIO CAMBORIU,Estacionar ou parar em local proibido,Colisão traseira,Com Vítimas Feridas,Pleno dia,Crescente,Sol,Múltipla,Curva,Sim,2,0,1,0,1,0,1,2,-27.008113,-48.617245,SPRF-SC,DEL04-SC,UOP03-DEL04-SC,2023
"513565,0",2023-02-13,segunda-feira,11:15:00,SC,101,"194,0",BIGUACU,Trafegar com motocicleta (ou similar) entre as faixas,Colisão lateral mesmo sentido,Com Vítimas Feridas,Pleno dia,Crescente,Sol,Múltipla,Reta,Sim,2,0,1,0,1,0,1,2,-27.49815117,-48.65661236,SPRF-SC,DEL01-SC,UOP01-DEL01-SC,2023
"513574,0",2023-03-29,quarta-feira,16:30:00,SC,282,"624,0",IRACEMINHA,Condutor deixou de manter distância do veículo da frente,Colisão traseira,Com Vítimas Feridas,Pleno dia,Decrescente,Chuva,Simples,Reta,Não,2,0,1,0,1,0,1,2,-26.798008,-53.34169,SPRF-SC,DEL07-SC,UOP02-DEL07-SC,2023
"513588,0",2023-03-29,quarta-feira,17:55:00,SC,101,"117,0",ITAJAI,Desrespeitar a preferência no cruzamento,Colisão transversal,Com Vítimas Feridas,Anoitecer,Crescente,Céu Claro,Múltipla,Interseção de Vias;Rotatória,Sim,2,0,1,0,1,0,1,2,-26.89004771,-48.7218976,SPRF-SC,DEL04-SC,UOP04-DEL04-SC,2023
"513606,0",2023-03-29,quarta-feira,19:00:00,SC,282,"82,0",RANCHO QUEIMADO,Acumulo de água sobre o pavimento,Capotamento,Com Vítimas Feridas,Plena Noite,Crescente,Chuva,Simples,Curva,Não,3,0,3,0,0,0,3,1,-27.662027,-49.178356,SPRF-SC,DEL01-SC,UOP03-DEL01-SC,2023
"513618,0",2023-03-29,quarta-feira,18:25:00,SC,101,"119,0",ITAJAI,Condutor deixou de manter distância do veículo da frente,Colisão traseira,Com Vítimas Feridas,Anoitecer,Crescente,Céu Claro,Dupla,Reta,Sim,2,0,1,0,0,1,1,2,-26.9043179,-48.71555481,SPRF-SC,DEL04-SC,UOP04-DEL04-SC,2023
"513657,0",2023-03-30,quinta-feira,07:45:00,SC,101,"199,6",SAO JOSE,Trafegar com motocicleta (ou similar) entre as faixas,Colisão traseira,Com Vítimas Feridas,Pleno dia,Crescente,Céu Claro,Múltipla,Reta,Não,2,0,2,0,0,0,2,2,-27.53413705,-48.63003205,SPRF-SC,DEL01-SC,UOP01-DEL01-SC,2023
"513672,0",2023-03-30,quinta-feira,08:00:00,SC,101,"113,0",ITAJAI,Acessar a via sem observar a presença dos outros veículos,Colisão transversal,Com Vítimas Feridas,Pleno dia,Decrescente,Céu Claro,Múltipla,Reta,Não,2,0,0,1,1,0,1,2,-26.85311393,-48.72689927,SPRF-SC,DEL04-SC,UOP04-DEL04-SC,2023
"513696,0",2023-01-24,terça-feira,18:30:00,SC,282,"115,8",ALFREDO WAGNER,Velocidade Incompatível,Saída de leito carroçável,Com Vítimas Feridas,Pleno dia,Decrescente,Céu Claro,Simples,Curva,Não,1,0,1,0,0,0,1,1,-27.755424,-49.39444,SPRF-SC,DEL01-SC,UOP03-DEL01-SC,2023
"513699,0",2023-03-30,quinta-feira,10:00:00,SC,101,"35,0",JOINVILLE,Reação tardia ou ineficiente do condutor,Colisão com objeto,Com Vítimas Feridas,Pleno dia,Crescente,Céu Claro,Dupla,Curva,Não,2,0,1,0,1,0,1,1,-26.2411301,-48.91227415,SPRF-SC,DEL03-SC,UOP01-DEL03-SC,2023
"513734,0",2023-03-30,quinta-feira,14:50:00,SC,101,"200,0",SAO JOSE,Ausência de reação do condutor,Colisão traseira,Com Vítimas Feridas,Pleno dia,Crescente,Céu Claro,Simples,Reta,Sim,4,0,0,2,2,0,2,2,-27.54018513,-48.62287714,SPRF-SC,DEL01-SC,UOP01-DEL01-SC,2023
"513736,0",2023-03-30,quinta-feira,14:40:00,SC,282,"5,2",SAO JOSE,Manobra de mudança de faixa,Colisão traseira,Sem Vítimas,Pleno dia,Crescente,Céu Claro,Múltipla,Reta,Sim,3,0,0,0,3,0,0,2,-27.588425,-48.612919,SPRF-SC,DEL01-SC,UOP01-DEL01-SC,2023
"513761,0",2023-03-30,quinta-feira,17:50:00,SC,101,"200,0",SAO JOSE,Acessar a via sem observar a presença dos outros veículos,Colisão transversal,Com Vítimas Feridas,Anoitecer,Decrescente,Céu Claro,Dupla,Reta,Não,2,0,0,1,1,0,1,2,-27.54018513,-48.62287714,SPRF-SC,DEL01-SC,UOP01-DEL01-SC,2023
"513765,0",2023-03-30,quinta-feira,18:20:00,SC,101,"207,0",SAO JOSE,Condutor deixou de manter distância do veículo da frente,Colisão traseira,Com Vítimas Feridas,Anoitecer,Crescente,Céu Claro,Múltipla,Reta,Sim,2,0,0,1,1,0,1,2,-27.60001226,-48.6226467,SPRF-SC,DEL01-SC,UOP01-DEL01-SC,2023
"513770,0",2023-03-30,quinta-feira,18:15:00,SC,101,"38,0",JOINVILLE,Ausência de reação do condutor,Colisão com objeto,Com Vítimas Feridas,Anoitecer,Decrescente,Céu Claro,Simples,Reta,Sim,1,0,1,0,0,0,1,1,-26.25472505,-48.90561309,SPRF-SC,DEL03-SC,UOP01-DEL03-SC,2023
"513772,0",2023-03-26,domingo,19:45:00,SC,470,"51,4",BLUMENAU,Ingestão de álcool ou de substâncias psicoativas pelo pedestre,Atropelamento de Pedestre,Com Vítimas Feridas,Plena Noite,Decrescente,Céu Claro,Dupla,Reta,Sim,2,0,1,0,1,0,1,2,-26.86305907,-49.08723685,SPRF-SC,DEL04-SC,UOP01-DEL04-SC,2023
"513773,0",2023-02-03,sexta-feira,05:30:00,SC,101,"232,0",PALHOCA,Ausência de reação do condutor,Colisão com objeto,Com Vítimas Feridas,Amanhecer,Decrescente,Garoa/Chuvisco,Dupla,Em Obras;Curva,Não,2,0,1,0,1,0,1,1,-27.795666,-48.638153,SPRF-SC,DEL01-SC,UOP02-DEL01-SC,2023
"513775,0",2023-03-30,quinta-feira,17:45:00,SC,101,"426,0",SOMBRIO,Demais falhas mecânicas ou elétricas,Colisão com objeto,Com Vítimas Feridas,Pleno dia,Decrescente,Céu Claro,Dupla,Reta,Não,2,0,1,0,1,0,1,1,-29.03171415,-49.60519731,SPRF-SC,DEL02-SC,UOP02-DEL02-SC,2023
"513783,0",2023-03-09,quinta-feira,05:30:00,SC,101,"209,0",SAO JOSE,Manobra de mudança de faixa,Colisão lateral mesmo sentido,Com Vítimas Feridas,Amanhecer,Crescente,Céu Claro,Dupla,Reta,Sim,3,0,1,0,1,1,1,3,-27.61000542,-48.63895057,SPRF-SC,DEL01-SC,UOP01-DEL01-SC,2023
"513784,0",2023-03-30,quinta-feira,18:50:00,SC,101,"415,8",ARARANGUA,Objeto estático sobre o leito carroçável,Tombamento,Com Vítimas Feridas,Plena Noite,Crescente,Céu Claro,Múltipla,Interseção de Vias;Curva,Sim,1,0,0,1,0,0,1,1,-28.97050525,-49.5276171,SPRF-SC,DEL02-SC,UOP02-DEL02-SC,2023
"513788,0",2023-03-30,quinta-feira,19:40:00,SC,282,"17,3",PALHOCA,Acesso irregular,Colisão transversal,Com Vítimas Feridas,Plena Noite,Decrescente,Céu Claro,Simples,Reta,Sim,2,0,1,0,1,0,1,2,-27.665707,-48.688065,SPRF-SC,DEL01-SC,UOP02-DEL01-SC,2023
"513793,0",2023-03-30,quinta-feira,20:25:00,SC,282,"4,6",SAO JOSE,Entrada inopinada do pedestre,Atropelamento de Pedestre,Com Vítimas Feridas,Plena Noite,Decrescente,Nublado,Múltipla,Reta,Sim,2,0,0,1,1,0,1,2,-27.592646,-48.604034,SPRF-SC,DEL01-SC,UOP01-DEL01-SC,2023
"513805,0",2023-03-30,quinta-feira,20:09:00,SC,282,"234,0",LAGES,Animais na Pista,Atropelamento de Animal,Com Vítimas Feridas,Plena Noite,Crescente,Céu Claro,Simples,Reta,Não,1,0,1,0,0,0,1,1,-27.783495,-50.463604,SPRF-SC,DEL05-SC,UOP02-DEL05-SC,2023
"513827,0",2023-03-31,sexta-feira,06:10:00,SC,101,"213,3",PALHOCA,Acessar a via sem observar a presença dos outros veículos,Atropelamento de Pedestre,Com Vítimas Feridas,Pleno dia,Crescente,Céu Claro,Dupla,Viaduto;Curva,Sim,2,0,1,0,1,0,1,2,-27.63697369,-48.66514142,SPRF-SC,DEL01-SC,UOP02-DEL01-SC,2023
"513828,0",2023-03-31,sexta-feira,04:32:00,SC,280,"53,0",GUARAMIRIM,Manobra de mudança de faixa,Colisão transversal,Com Vítimas Feridas,Plena Noite,Crescente,Céu Claro,Dupla,Reta,Sim,2,0,0,1,1,0,1,2,-26.47236756,-48.97426617,SPRF-SC,DEL03-SC,UOP03-DEL03-SC,2023
"513851,0",2023-03-31,sexta-feira,08:20:00,SC,282,"16,6",PALHOCA,Acessar a via sem observar a presença dos outros veículos,Colisão lateral mesmo sentido,Com Vítimas Feridas,Pleno dia,Decrescente,Sol,Simples,Reta,Sim,2,0,1,0,1,0,1,2,-27.658611,-48.681847,SPRF-SC,DEL01-SC,UOP02-DEL01-SC,2023
"513856,0",2023-03-19,domingo,17:50:00,SC,101,"62,9",ARAQUARI,Manobra de mudança de faixa,Colisão traseira,Com Vítimas Feridas,Anoitecer,Crescente,Céu Claro,Dupla,Reta,Não,8,0,0,2,5,1,2,3,-26.45504246,-48.76711901,SPRF-SC,DEL03-SC,UOP02-DEL03-SC,2023
"513862,0",2023-01-22,domingo,16:00:00,SC,470,"55,8",BLUMENAU,Acessar a via sem observar a presença dos outros veículos,Colisão transversal,Com Vítimas Feridas,Pleno dia,Crescente,Céu Claro,Simples,Reta,Sim,4,0,1,2,1,0,3,2,-26.87674,-49.127743,SPRF-SC,DEL04-SC,UOP01-DEL04-SC,2023
"513866,0",2023-03-31,sexta-feira,09:30:00,SC,116,"5,0",MAFRA,Reação tardia ou ineficiente do condutor,Engavetamento,Sem Vítimas,Pleno dia,Decrescente,Sol,Simples,Em Obras;Reta,Sim,3,0,0,0,3,0,0,3,-26.14094396,-49.81508303,SPRF-SC,DEL06-SC,UOP01-DEL06-SC,2023
"513870,0",2023-03-12,domingo,16:20:00,SC,101,"130,4",BALNEARIO CAMBORIU,Trafegar com motocicleta (ou similar) entre as faixas,Colisão lateral mesmo sentido,Com Vítimas Feridas,Pleno dia,Decrescente,Céu Claro,Simples,Reta,Sim,2,0,0,1,1,0,1,2,-26.98407618,-48.66977107,SPRF-SC,DEL04-SC,UOP03-DEL04-SC,2023
"513902,0",2023-03-31,sexta-feira,13:50:00,SC,101,"200,5",SAO JOSE,Área urbana sem a presença de local apropriado para a travessia de pedestres,Atropelamento de Pedestre,Com Vítimas Feridas,Pleno dia,Crescente,Céu Claro,Múltipla,Interseção de Vias,Não,2,0,1,0,1,0,1,2,-27.54018513,-48.62287714,SPRF-SC,DEL01-SC,UOP01-DEL01-SC,2023
"513905,0",2023-03-31,sexta-feira,13:00:00,SC,470,"116,3",IBIRAMA,Ingestão de álcool pelo condutor,Saída de leito carroçável,Com Vítimas Feridas,Pleno dia,Crescente,Céu Claro,Simples,Curva;Aclive,Não,2,0,1,0,1,0,1,1,-27.07756,-49.49448,SPRF-SC,DEL04-SC,UOP02-DEL04-SC,2023
"513948,0",2023-03-31,sexta-feira,17:09:00,SC,101,"134,2",BALNEARIO CAMBORIU,Reação tardia ou ineficiente do condutor,Colisão transversal,Com Vítimas Feridas,Pleno dia,Crescente,Céu Claro,Simples,Reta;Interseção de Vias,Sim,2,0,0,1,1,0,1,2,-27.00218,-48.636433,SPRF-SC,DEL04-SC,UOP03-DEL04-SC,2023
"513962,0",2023-03-31,sexta-feira,18:15:00,SC,101,"123,0",ITAJAI,Área urbana sem a presença de local apropriado para a travessia de pedestres,Colisão transversal,Com Vítimas Feridas,Anoitecer,Decrescente,Céu Claro,Simples,Rotatória,Sim,2,0,1,0,1,0,1,2,-26.93668609,-48.69876905,SPRF-SC,DEL04-SC,UOP04-DEL04-SC,2023
"513966,0",2023-03-31,sexta-feira,17:33:00,SC,282,"1,3",FLORIANOPOLIS,Trafegar com motocicleta (ou similar) entre as faixas,Tombamento,Com Vítimas Feridas,Pleno dia,Crescente,Céu Claro,Múltipla,Viaduto;Reta,Sim,2,0,2,0,0,0,2,1,-27.602955,-48.580509,SPRF-SC,DEL01-SC,UOP01-DEL01-SC,2023
"513978,0",2023-03-31,sexta-feira,19:20:00,SC,470,"57,0",BLUMENAU,Ultrapassagem Indevida,Colisão transversal,Com Vítimas Feridas,Plena Noite,Decrescente,Céu Claro,Simples,Rotatória,Não,4,0,2,0,1,1,2,3,-26.88259053,-49.14101422,SPRF-SC,DEL04-SC,UOP01-DEL04-SC,2023
"513984,0",2023-03-31,sexta-feira,16:30:00,SC,470,"77,0",INDAIAL,Ausência de reação do condutor,Saída de leito carroçável,Com Vítimas Feridas,Pleno dia,Crescente,Céu Claro,Simples,Reta,Não,1,0,0,1,0,0,1,1,-26.940817,-49.29287,SPRF-SC,DEL04-SC,UOP01-DEL04-SC,2023
"513985,0",2023-04-01,sábado,06:45:00,SC,470,"67,0",INDAIAL,Ingestão de álcool pelo condutor,Saída de leito carroçável,Sem Vítimas,Amanhecer,Decrescente,Céu Claro,Simples,Reta,Não,1,0,0,0,0,1,0,1,-26.872158,-49.23127,SPRF-SC,DEL04-SC,UOP01-DEL04-SC,2023
"514012,0",2023-03-31,sexta-feira,21:20:00,SC,470,"179,0",POUSO REDONDO,Acessar a via sem observar a presença dos outros veículos,Saída de leito carroçável,Com Vítimas Feridas,Plena Noite,Crescente,Céu Claro,Simples,Reta,Não,2,0,1,0,0,1,1,2,-27.24810558,-49.97461796,SPRF-SC,DEL04-SC,UOP02-DEL04-SC,2023
"514037,0",2023-03-31,sexta-feira,22:45:00,SC,282,"571,0",NOVA ERECHIM,Acessar a via sem observar a presença dos outros veículos,Colisão transversal,Com Vítimas Feridas,Plena Noite,Crescente,Nublado,Simples,Reta,Não,5,0,4,0,1,0,4,2,-26.89006,-52.93306,SPRF-SC,DEL07-SC,UOP02-DEL07-SC,2023
"514041,0",2023-03-31,sexta-feira,23:46:00,SC,101,"37,1",JOINVILLE,Animais na Pista,Atropelamento de Animal,Com Vítimas Feridas,Plena Noite,Crescente,Céu Claro,Dupla,Reta,Sim,4,0,2,0,2,0,2,1,-26.25050176,-48.90863867,SPRF-SC,DEL03-SC,UOP01-DEL03-SC,2023
"514047,0",2023-04-01,sábado,00:50:00,SC,101,"212,5",PALHOCA,Velocidade Incompatível,Capotamento,Sem Vítimas,Plena Noite,Crescente,Céu Claro,Múltipla,Reta,Sim,2,0,0,0,1,1,0,2,-27.62996929,-48.65903871,SPRF-SC,DEL01-SC,UOP02-DEL01-SC,2023
"514048,0",2023-03-31,sexta-feira,20:23:00,SC,280,"276,5",IRINEOPOLIS,Acessar a via sem observar a presença dos outros veículos,Colisão transversal,Com Vítimas Fatais,Plena Noite,Decrescente,Céu Claro,Simples,Reta;Declive;Interseção de Vias,Não,4,2,1,0,1,0,1,2,-26.29087561,-50.78955889,SPRF-SC,DEL06-SC,UOP04-DEL06-SC,2023
"514060,0",2023-04-01,sábado,04:45:00,SC,101,"257,0",PAULO LOPES,Velocidade Incompatível,Saída de leito carroçável,Com Vítimas Feridas,Plena Noite,Decrescente,Garoa/Chuvisco,Dupla,Curva,Não,2,0,1,0,1,0,1,1,-27.99865211,-48.68870795,SPRF-SC,DEL02-SC,UOP03-DEL02-SC,2023
"514062,0",2023-04-01,sábado,03:00:00,SC,282,"309,2",VARGEM,Ausência de reação do condutor,Colisão com objeto,Com Vítimas Fatais,Plena Noite,Decrescente,Céu Claro,Simples,Reta;Aclive,Não,2,1,1,0,0,0,1,1,-27.4850702,-50.9812507,SPRF-SC,DEL07-SC,UOP06-DEL07-SC,2023
"514067,0",2023-04-01,sábado,04:40:00,SC,280,"139,5",MAFRA,Velocidade Incompatível,Capotamento,Sem Vítimas,Plena Noite,Decrescente,Céu Claro,Simples,Curva,Não,1,0,0,0,0,1,0,1,-26.254826,-49.603124,SPRF-SC,DEL06-SC,UOP03-DEL06-SC,2023
"514069,0",2023-04-01,sábado,04:45:00,SC,163,"67,4",SAO MIGUEL DO OESTE,Ingestão de álcool pelo condutor,Colisão com objeto,Com Vítimas Feridas,Plena Noite,Decrescente,Céu Claro,Dupla,Reta,Sim,1,0,1,0,0,0,1,1,-26.759436,-53.50055292,SPRF-SC,DEL07-SC,UOP03-DEL07-SC,2023
"514077,0",2023-04-01,sábado,05:30:00,SC,101,"160,0",PORTO BELO,Ausência de reação do condutor,Saída de leito carroçável,Com Vítimas Feridas,Amanhecer,Decrescente,Nublado,Dupla,Reta,Não,1,0,1,0,0,0,1,1,-27.20831288,-48.61987922,SPRF-SC,DEL04-SC,UOP03-DEL04-SC,2023
"514097,0",2023-04-01,sábado,07:30:00,SC,101,"344,0",TUBARAO,Ausência de reação do condutor,Colisão lateral mesmo sentido,Com Vítimas Feridas,Pleno dia,Crescente,Sol,Múltipla,Reta,Não,4,0,1,0,3,0,1,4,-28.53647889,-49.0531826,SPRF-SC,DEL02-SC,UOP01-DEL02-SC,2023
"514100,0",2023-04-01,sábado,08:30:00,SC,101,"112,0",ITAJAI,Reação tardia ou ineficiente do condutor,Tombamento,Com Vítimas Feridas,Pleno dia,Decrescente,Céu Claro,Dupla,Curva,Não,2,0,2,0,0,0,2,1,-26.84589005,-48.72131295,SPRF-SC,DEL04-SC,UOP04-DEL04-SC,2023
"514108,0",2023-04-01,sábado,08:30:00,SC,470,"172,0",POUSO REDONDO,Condutor deixou de manter distância do veículo da frente,Colisão lateral mesmo sentido,Com Vítimas Feridas,Pleno dia,Decrescente,Sol,Simples,Reta,Sim,2,0,1,0,1,0,1,2,-27.257526,-49.909592,SPRF-SC,DEL04-SC,UOP02-DEL04-SC,2023
"514110,0",2023-04-01,sábado,08:45:00,SC,101,"89,0",BARRA VELHA,Reação tardia ou ineficiente do condutor,Colisão com objeto,Com Vítimas Feridas,Pleno dia,Decrescente,Sol,Múltipla,Reta,Sim,1,0,1,0,0,0,1,1,-26.65175997,-48.68721921,SPRF-SC,DEL03-SC,UOP02-DEL03-SC,2023
"514119,0",2023-04-01,sábado,11:30:00,SC,101,"206,0",SAO JOSE,Ausência de reação do condutor,Colisão traseira,Com Vítimas Feridas,Pleno dia,Crescente,Céu Claro,Múltipla,Reta,Não,2,0,1,0,1,0,1,2,-27.59193546,-48.61824557,SPRF-SC,DEL01-SC,UOP01-DEL01-SC,2023
"514129,0",2023-04-01,sábado,12:05:00,SC,101,"213,3",PALHOCA,Acessar a via sem observar a presença dos outros veículos,Colisão lateral mesmo sentido,Com Vítimas Feridas,Pleno dia,Crescente,Sol,Múltipla,Reta,Não,3,0,1,0,2,0,1,2,-27.63697369,-48.66514142,SPRF-SC,DEL01-SC,UOP02-DEL01-SC,2023
"514139,0",2023-04-01,sábado,11:50:00,SC,101,"207,0",SAO JOSE,Transitar na contramão,Colisão transversal,Com Vítimas Feridas,Pleno dia,Decrescente,Sol,Múltipla,Interseção de Vias,Sim,2,0,1,0,1,0,1,2,-27.59648061,-48.61934066,SPRF-SC,DEL01-SC,UOP01-DEL01-SC,2023
"514142,0",2023-04-01,sábado,11:00:00,SC,101,"334,0",TUBARAO,Obras na pista,Colisão traseira,Com Vítimas Feridas,Pleno dia,Decrescente,Céu Claro,Dupla,Reta;Em Obras,Sim,3,0,0,1,2,0,1,3,-28.465121,-48.994488,SPRF-SC,DEL02-SC,UOP01-DEL02-SC,2023
"514164,0",2023-04-01,sábado,16:40:00,SC,101,"145,0",ITAPEMA,Condutor deixou de manter distância do veículo da frente,Colisão traseira,Com Vítimas Feridas,Pleno dia,Decrescente,Céu Claro,Dupla,Reta;Aclive,Não,3,0,1,0,2,0,1,2,-27.08387587,-48.60452121,SPRF-SC,DEL04-SC,UOP03-DEL04-SC,2023
"514165,0",2023-04-01,sábado,17:55:00,SC,101,"135,0",BALNEARIO CAMBORIU,Acessar a via sem observar a presença dos outros veículos,Colisão transversal,Com Vítimas Feridas,Anoitecer,Crescente,Céu Claro,Dupla,Interseção de Vias,Não,4,0,1,0,3,0,1,2,-27.0050108,-48.62677494,SPRF-SC,DEL04-SC,UOP03-DEL04-SC,2023
"514211,0",2023-03-24,sexta-feira,22:26:00,SC,470,"46,0",BLUMENAU,Transitar na contramão,Colisão frontal,Com Vítimas Feridas,Plena Noite,Crescente,Céu Claro,Simples,Em Obras;Reta,Sim,5,0,1,3,0,1,4,3,-26.86389868,-49.04529476,SPRF-SC,DEL04-SC,UOP01-DEL04-SC,2023
"514248,0",2023-04-01,sábado,22:15:00,SC,282,"216,0",LAGES,Ingestão de álcool pelo condutor,Colisão lateral sentido oposto,Sem Vítimas,Plena Noite,Crescente,Céu Claro,Simples,Reta,Não,4,0,0,0,4,0,0,2,-27.797529,-50.291862,SPRF-SC,DEL05-SC,UOP01-DEL05-SC,2023
"514322,0",2023-04-02,domingo,10:20:00,SC,280,"163,0",MAFRA,Ultrapassagem Indevida,Colisão lateral mesmo sentido,Com Vítimas Feridas,Pleno dia,Crescente,Céu Claro,Simples,Reta,Não,6,0,3,1,2,0,4,2,-26.19739326,-49.79756122,SPRF-SC,DEL06-SC,UOP01-DEL06-SC,2023
"514333,0",2023-04-02,domingo,11:20:00,SC,101,"369,0",ICARA,Acessar a via sem observar a presença dos outros veículos,Colisão lateral mesmo sentido,Com Vítimas Feridas,Pleno dia,Decrescente,Céu Claro,Dupla,Reta,Sim,4,0,0,1,2,1,1,3,-28.69775604,-49.182934,SPRF-SC,DEL02-SC,UOP01-DEL02-SC,2023
"514364,0",2023-04-02,domingo,11:30:00,SC,101,"41,0",JOINVILLE,Ausência de reação do condutor,Colisão traseira,Com Vítimas Feridas,Pleno dia,Decrescente,Céu Claro,Múltipla,Viaduto;Reta,Sim,5,0,1,0,4,0,1,3,-26.31786342,-48.87232661,SPRF-SC,DEL03-SC,UOP01-DEL03-SC,2023
"514385,0",2023-04-02,domingo,13:05:00,SC,282,"445,8",PONTE SERRADA,Velocidade Incompatível,Colisão com objeto,Com Vítimas Feridas,Pleno dia,Decrescente,Sol,Simples,Curva,Não,1,0,1,0,0,0,1,1,-26.9153352,-51.90559387,SPRF-SC,DEL07-SC,UOP04-DEL07-SC,2023
"514388,0",2023-04-02,domingo,17:20:00,SC,101,"98,1",BALNEARIO PICARRAS,Objeto estático sobre o leito carroçável,Colisão com objeto,Com Vítimas Feridas,Pleno dia,Decrescente,Céu Claro,Dupla,Reta,Não,1,0,1,0,0,0,1,1,-26.7405515,-48.69835854,SPRF-SC,DEL03-SC,UOP02-DEL03-SC,2023
"514408,0",2023-04-02,domingo,17:15:00,SC,101,"149,0",ITAPEMA,Manobra de mudança de faixa,Engavetamento,Com Vítimas Feridas,Pleno dia,Decrescente,Céu Claro,Dupla,Reta;Viaduto,Sim,4,0,1,0,3,0,1,3,-27.1089649,-48.61277586,SPRF-SC,DEL04-SC,UOP03-DEL04-SC,2023
"514418,0",2023-04-02,domingo,18:50:00,SC,101,"218,0",PALHOCA,Acessar a via sem observar a presença dos outros veículos,Tombamento,Com Vítimas Feridas,Plena Noite,Decrescente,Céu Claro,Dupla,Reta,Não,1,0,0,1,0,0,1,1,-27.6758601,-48.67052525,SPRF-SC,DEL01-SC,UOP02-DEL01-SC,2023
"514447,0",2023-04-02,domingo,15:45:00,SC,282,"549,0",NOVA ITABERABA,Velocidade Incompatível,Colisão traseira,Com Vítimas Feridas,Pleno dia,Crescente,Sol,Simples,Reta,Não,2,0,1,0,1,0,1,2,-26.962664,-52.762272,SPRF-SC,DEL07-SC,UOP01-DEL07-SC,2023