id,data_inversa,dia_semana,horario,uf,br,km,municipio,causa_acidente,tipo_acidente,classificacao_acidente,fase_dia,sentido_via,condicao_metereologica,tipo_pista,tracado_via,uso_solo,pessoas,mortos,feridos_leves,feridos_graves,ilesos,ignorados,feridos,veiculos,latitude,longitude,regional,delegacia,uop,ano_arquivo
"515385,0",2023-04-07,sexta-feira,11:30:00,SC,101,"193,0",BIGUACU,Ausência de reação do condutor,Saída de leito carroçável,Com Vítimas Feridas,Pleno dia,Decrescente,Garoa/Chuvisco,Simples,Curva,Sim,3,0,1,0,2,0,1,1,-27.489574,-48.655914,SPRF-SC,DEL01-SC,UOP01-DEL01-SC,2023
"515390,0",2023-04-07,sexta-feira,12:05:00,SC,470,"54,0",BLUMENAU,Acessar a via sem observar a presença dos outros veículos,Colisão transversal,Com Vítimas Feridas,Pleno dia,Decrescente,Chuva,Simples,Interseção de Vias,Sim,2,0,1,0,1,0,1,2,-26.871065,-49.110374,SPRF-SC,DEL04-SC,UOP01-DEL04-SC,2023
"515393,0",2023-04-07,sexta-feira,13:00:00,SC,101,"142,0",ITAPEMA,Chuva,Colisão com objeto,Com Vítimas Feridas,Pleno dia,Crescente,Chuva,Múltipla,Reta,Não,3,0,2,0,1,0,2,2,-27.056089,-48.599449,SPRF-SC,DEL04-SC,UOP03-DEL04-SC,2023
"515394,0",2023-04-07,sexta-feira,13:05:00,SC,101,"190,9",BIGUACU,Velocidade Incompatível,Colisão com objeto,Com Vítimas Feridas,Pleno dia,Decrescente,Chuva,Dupla,Curva,Sim,3,0,3,0,0,0,3,1,-27.468056,-48.641712,SPRF-SC,DEL01-SC,UOP01-DEL01-SC,2023
"515408,0",2023-04-07,sexta-feira,14:30:00,SC,282,"6,0",SAO JOSE,Pista Escorregadia,Colisão transversal,Com Vítimas Feridas,Pleno dia,Crescente,Chuva,Dupla,Curva,Sim,2,0,1,0,1,0,1,2,-27.591936,-48.618244,SPRF-SC,DEL01-SC,UOP01-DEL01-SC,2023
"515413,0",2023-04-07,sexta-feira,14:40:00,SC,101,"147,9",ITAPEMA,Ingestão de álcool e/ou substâncias psicoativas pelo pedestre,Colisão traseira,Com Vítimas Feridas,Pleno dia,Decrescente,Garoa/Chuvisco,Múltipla,Reta,Sim,2,0,1,0,1,0,1,2,-27.09237407,-48.61730888,SPRF-SC,DEL04-SC,UOP03-DEL04-SC,2023
"515415,0",2023-04-07,sexta-feira,12:10:00,SC,282,"53,9",AGUAS MORNAS,Velocidade Incompatível,Colisão transversal,Com Vítimas Feridas,Pleno dia,Crescente,Chuva,Simples,Declive;Curva,Não,3,0,3,0,0,0,3,2,-27.691511,-48.970215,SPRF-SC,DEL01-SC,UOP03-DEL01-SC,2023
"515416,0",2023-04-07,sexta-feira,10:00:00,SC,280,"88,0",CORUPA,Condutor Dormindo,Colisão transversal,Com Vítimas Feridas,Pleno dia,Decrescente,Céu Claro,Simples,Curva,Não,3,0,2,1,0,0,3,2,-26.41552007,-49.26717599,SPRF-SC,DEL06-SC,UOP03-DEL06-SC,2023
"515417,0",2023-04-07,sexta-feira,11:50:00,SC,101,"384,4",ICARA,Condutor Dormindo,Colisão traseira,Com Vítimas Feridas,Pleno dia,Decrescente,Chuva,Múltipla,Reta,Não,2,0,0,1,1,0,1,2,-28.7786564,-49.32366729,SPRF-SC,DEL02-SC,UOP02-DEL02-SC,2023
"515419,0",2023-04-07,sexta-feira,13:10:00,SC,101,"415,0",ARARANGUA,Ausência de reação do condutor,Colisão traseira,Com Vítimas Feridas,Pleno dia,Decrescente,Garoa/Chuvisco,Simples,Reta,Sim,2,0,1,0,1,0,1,2,-28.96040535,-49.51653267,SPRF-SC,DEL02-SC,UOP02-DEL02-SC,2023
"515430,0",2023-04-07,sexta-feira,15:27:00,SC,282,"5,8",SAO JOSE,Condutor Dormindo,Capotamento,Com Vítimas Feridas,Pleno dia,Crescente,Chuva,Dupla,Curva;Viaduto,Sim,2,0,1,0,1,0,1,2,-27.588425,-48.612919,SPRF-SC,DEL01-SC,UOP01-DEL01-SC,2023
"515433,0",2023-04-07,sexta-feira,16:30:00,SC,101,"117,0",ITAJAI,Condutor deixou de manter distância do veículo da frente,Colisão traseira,Com Vítimas Feridas,Pleno dia,Crescente,Chuva,Dupla,Viaduto;Reta,Sim,5,0,2,0,3,0,2,3,-26.88747187,-48.72252969,SPRF-SC,DEL04-SC,UOP04-DEL04-SC,2023
"515442,0",2023-04-07,sexta-feira,09:45:00,SC,282,"273,6",SAO JOSE DO CERRITO,Pista Escorregadia,Colisão frontal,Com Vítimas Fatais,Pleno dia,Crescente,Chuva,Simples,Curva,Não,8,2,4,2,0,0,6,2,-27.61411311,-50.71718216,SPRF-SC,DEL05-SC,UOP02-DEL05-SC,2023
"515493,0",2023-04-07,sexta-feira,20:04:00,SC,101,"205,0",SAO JOSE,Ausência de reação do condutor,Tombamento,Com Vítimas Feridas,Plena Noite,Decrescente,Nublado,Simples,Declive;Curva;Viaduto,Não,1,0,1,0,0,0,1,1,-27.58313237,-48.61532885,SPRF-SC,DEL01-SC,UOP01-DEL01-SC,2023
"515494,0",2023-04-07,sexta-feira,21:55:00,SC,101,"213,0",PALHOCA,Desrespeitar a preferência no cruzamento,Colisão transversal,Com Vítimas Feridas,Plena Noite,Decrescente,Chuva,Dupla,Viaduto;Interseção de Vias,Sim,2,0,0,1,1,0,1,2,-27.63697369,-48.66514142,SPRF-SC,DEL01-SC,UOP02-DEL01-SC,2023
"515495,0",2023-04-07,sexta-feira,22:00:00,SC,101,"189,8",BIGUACU,Velocidade Incompatível,Capotamento,Com Vítimas Feridas,Plena Noite,Decrescente,Chuva,Dupla,Curva,Não,3,0,3,0,0,0,3,1,-27.459393,-48.638914,SPRF-SC,DEL01-SC,UOP01-DEL01-SC,2023
"515523,0",2023-04-08,sábado,02:10:00,SC,101,"85,0",BARRA VELHA,Estacionar ou parar em local proibido,Colisão traseira,Com Vítimas Feridas,Plena Noite,Crescente,Nublado,Dupla,Reta,Sim,3,0,0,2,0,1,2,3,-26.63181756,-48.7037766,SPRF-SC,DEL03-SC,UOP02-DEL03-SC,2023
"515542,0",2023-04-08,sábado,03:35:00,SC,116,"111,0",SANTA CECILIA,Neblina,Saída de leito carroçável,Sem Vítimas,Plena Noite,Crescente,Nevoeiro/Neblina,Simples,Reta,Não,1,0,0,0,1,0,0,1,-26.76856222,-50.35053362,SPRF-SC,DEL06-SC,UOP02-DEL06-SC,2023
"515562,0",2023-04-08,sábado,09:15:00,SC,101,"355,4",SANGAO,Demais falhas mecânicas ou elétricas,Incêndio,Sem Vítimas,Pleno dia,Decrescente,Chuva,Dupla,Reta,Não,1,0,0,0,1,0,0,1,-28.630602,-49.088563,SPRF-SC,DEL02-SC,UOP01-DEL02-SC,2023
"515600,0",2023-04-08,sábado,14:20:00,SC,101,"214,0",PALHOCA,Condutor deixou de manter distância do veículo da frente,Queda de ocupante de veículo,Com Vítimas Feridas,Pleno dia,Decrescente,Garoa/Chuvisco,Múltipla,Reta,Sim,2,0,1,0,1,0,1,2,-27.64443,-48.67057,SPRF-SC,DEL01-SC,UOP02-DEL01-SC,2023
"515618,0",2023-04-08,sábado,15:00:00,SC,470,"62,0",INDAIAL,Acessar a via sem observar a presença dos outros veículos,Colisão transversal,Com Vítimas Feridas,Pleno dia,Crescente,Céu Claro,Simples,Reta;Aclive,Não,3,0,1,1,1,0,2,2,-26.874521,-49.182938,SPRF-SC,DEL04-SC,UOP01-DEL04-SC,2023
"515620,0",2023-04-08,sábado,16:00:00,SC,101,"41,0",JOINVILLE,Velocidade Incompatível,Colisão com objeto,Com Vítimas Feridas,Pleno dia,Decrescente,Chuva,Dupla,Curva,Não,1,0,1,0,0,0,1,1,-26.28215489,-48.88973081,SPRF-SC,DEL03-SC,UOP01-DEL03-SC,2023
"515644,0",2023-04-08,sábado,17:10:00,SC,280,"255,9",CANOINHAS,Reação tardia ou ineficiente do condutor,Colisão com objeto,Com Vítimas Feridas,Pleno dia,Crescente,Céu Claro,Simples,Curva,Não,1,0,1,0,0,0,1,1,-26.265499,-50.598565,SPRF-SC,DEL06-SC,UOP04-DEL06-SC,2023
"515661,0",2023-04-08,sábado,17:39:00,SC,101,"205,0",FLORIANOPOLIS,Avarias e/ou desgaste excessivo no pneu,Saída de leito carroçável,Com Vítimas Feridas,Pleno dia,Decrescente,Céu Claro,Dupla,Curva;Viaduto,Sim,4,0,4,0,0,0,4,1,-27.58313237,-48.61532885,SPRF-SC,DEL01-SC,UOP01-DEL01-SC,2023
"515663,0",2023-04-08,sábado,19:00:00,SC,280,"229,9",CANOINHAS,Ingestão de álcool pelo condutor,Atropelamento de Pedestre,Com Vítimas Fatais,Plena Noite,Crescente,Nublado,Simples,Reta;Aclive,Não,4,1,0,0,1,2,0,2,-26.18671273,-50.35574913,SPRF-SC,DEL06-SC,UOP04-DEL06-SC,2023
"515664,0",2023-04-08,sábado,17:15:00,SC,163,"103,9",SAO JOSE DO CEDRO,Ingestão de álcool pelo condutor,Saída de leito carroçável,Com Vítimas Feridas,Pleno dia,Decrescente,Céu Claro,Simples,Curva,Sim,1,0,1,0,0,0,1,1,-26.4533039,-53.51028019,SPRF-SC,DEL07-SC,UOP03-DEL07-SC,2023
"515703,0",2023-04-09,domingo,01:45:00,SC,101,"416,0",ARARANGUA,Ultrapassagem Indevida,Colisão lateral mesmo sentido,Com Vítimas Feridas,Plena Noite,Crescente,Nublado,Simples,Reta,Sim,2,0,1,0,1,0,1,2,-28.97390583,-49.53072309,SPRF-SC,DEL02-SC,UOP02-DEL02-SC,2023
"515710,0",2023-04-09,domingo,02:22:00,SC,101,"225,8",PALHOCA,Ingestão de álcool pelo condutor,Colisão lateral mesmo sentido,Sem Vítimas,Plena Noite,Crescente,Nublado,Dupla,Reta,Não,3,0,0,0,3,0,0,2,-27.73292191,-48.6409567,SPRF-SC,DEL01-SC,UOP02-DEL01-SC,2023
"515717,0",2023-04-09,domingo,03:40:00,SC,282,"3,9",FLORIANOPOLIS,Velocidade Incompatível,Colisão traseira,Sem Vítimas,Plena Noite,Decrescente,Garoa/Chuvisco,Múltipla,Reta,Sim,2,0,0,0,1,1,0,2,-27.600384,-48.599705,SPRF-SC,DEL01-SC,UOP01-DEL01-SC,2023
"515720,0",2023-04-09,domingo,03:35:00,SC,101,"360,1",SANGAO,Ingestão de álcool pelo condutor,Saída de leito carroçável,Com Vítimas Feridas,Plena Noite,Crescente,Nublado,Simples,Reta,Sim,1,0,1,0,0,0,1,1,-28.66699952,-49.11678314,SPRF-SC,DEL02-SC,UOP01-DEL02-SC,2023
"515729,0",2023-04-09,domingo,04:30:00,SC,101,"402,8",MARACAJA,Ausência de reação do condutor,Colisão traseira,Com Vítimas Feridas,Plena Noite,Crescente,Céu Claro,Dupla,Reta,Não,11,0,1,1,9,0,2,4,-28.86330994,-49.44595308,SPRF-SC,DEL02-SC,UOP02-DEL02-SC,2023
"515734,0",2023-04-09,domingo,07:30:00,SC,101,"41,7",JOINVILLE,Ausência de reação do condutor,Capotamento,Com Vítimas Feridas,Pleno dia,Crescente,Garoa/Chuvisco,Dupla,Curva,Sim,2,0,2,0,0,0,2,1,-26.28215489,-48.88973081,SPRF-SC,DEL03-SC,UOP01-DEL03-SC,2023
"515742,0",2023-04-09,domingo,06:00:00,SC,282,"447,0",IRANI,Ausência de reação do condutor,Colisão com objeto,Sem Vítimas,Plena Noite,Decrescente,Céu Claro,Simples,Curva,Não,1,0,0,0,1,0,0,1,-26.916658,-51.923176,SPRF-SC,DEL07-SC,UOP04-DEL07-SC,2023
"515743,0",2023-04-09,domingo,07:40:00,SC,101,"49,0",JOINVILLE,Acessar a via sem observar a presença dos outros veículos,Colisão lateral mesmo sentido,Com Vítimas Feridas,Pleno dia,Decrescente,Céu Claro,Dupla,Curva,Não,2,0,1,0,1,0,1,1,-26.38500748,-48.84872317,SPRF-SC,DEL03-SC,UOP01-DEL03-SC,2023
"515745,0",2023-04-09,domingo,04:50:00,SC,153,"58,0",IRANI,Desrespeitar a preferência no cruzamento,Colisão transversal,Com Vítimas Feridas,Amanhecer,Crescente,Céu Claro,Simples,Rotatória,Não,3,0,1,0,2,0,1,2,-26.964373,-51.841362,SPRF-SC,DEL07-SC,UOP07-DEL07-SC,2023
"515755,0",2023-04-09,domingo,10:40:00,SC,101,"118,0",ITAJAI,Manobra de mudança de faixa,Colisão lateral mesmo sentido,Com Vítimas Feridas,Pleno dia,Decrescente,Céu Claro,Dupla,Reta;Ponte,Não,3,0,0,1,2,0,1,2,-26.895859,-48.71903,SPRF-SC,DEL04-SC,UOP04-DEL04-SC,2023
"515762,0",2023-04-09,domingo,10:40:00,SC,101,"206,9",SAO JOSE,Frear bruscamente,Engavetamento,Com Vítimas Feridas,Pleno dia,Crescente,Céu Claro,Múltipla,Reta,Sim,11,0,1,1,9,0,2,10,-27.59193546,-48.61824557,SPRF-SC,DEL01-SC,UOP01-DEL01-SC,2023
"515764,0",2023-04-09,domingo,10:30:00,SC,470,"33,0",GASPAR,Condutor Dormindo,Colisão traseira,Com Vítimas Feridas,Pleno dia,Decrescente,Céu Claro,Simples,Reta,Sim,3,0,2,0,1,0,2,2,-26.90782901,-48.94429564,SPRF-SC,DEL04-SC,UOP01-DEL04-SC,2023
"515768,0",2023-04-09,domingo,09:58:00,SC,280,"241,0",CANOINHAS,Conversão proibida,Colisão lateral mesmo sentido,Com Vítimas Feridas,Pleno dia,Crescente,Nublado,Simples,Reta,Não,3,0,1,0,2,0,1,2,-26.22501599,-50.45997601,SPRF-SC,DEL06-SC,UOP04-DEL06-SC,2023
"515787,0",2023-04-09,domingo,13:00:00,SC,470,"57,0",BLUMENAU,Ausência de reação do condutor,Colisão com objeto,Com Vítimas Feridas,Pleno dia,Decrescente,Nublado,Simples,Interseção de Vias,Não,3,0,3,0,0,0,3,1,-26.880428,-49.136532,SPRF-SC,DEL04-SC,UOP01-DEL04-SC,2023
"515811,0",2023-04-09,domingo,15:30:00,SC,282,"48,0",AGUAS MORNAS,Reação tardia ou ineficiente do condutor,Colisão lateral sentido oposto,Com Vítimas Feridas,Pleno dia,Decrescente,Chuva,Simples,Aclive;Curva,Não,4,0,2,0,2,0,2,3,-27.714352,-48.938072,SPRF-SC,DEL01-SC,UOP03-DEL01-SC,2023
"515835,0",2023-04-09,domingo,17:20:00,SC,101,"207,0",SAO JOSE,Reação tardia ou ineficiente do condutor,Colisão transversal,Com Vítimas Feridas,Anoitecer,Decrescente,Nublado,Dupla,Reta;Interseção de Vias,Sim,2,0,1,0,1,0,1,2,-27.60001226,-48.6226467,SPRF-SC,DEL01-SC,UOP01-DEL01-SC,2023
"515837,0",2023-04-09,domingo,17:40:00,SC,470,"64,0",INDAIAL,Chuva,Colisão traseira,Com Vítimas Feridas,Anoitecer,Crescente,Chuva,Múltipla,Reta,Não,4,0,2,0,2,0,2,3,-26.869867,-49.201859,SPRF-SC,DEL04-SC,UOP01-DEL04-SC,2023
"515850,0",2023-04-09,domingo,18:35:00,SC,280,"48,0",GUARAMIRIM,Ingestão de álcool pelo condutor,Colisão transversal,Sem Vítimas,Plena Noite,Crescente,Chuva,Simples,Reta;Interseção de Vias;Declive,Sim,2,0,0,0,2,0,0,2,-26.45506795,-48.92766502,SPRF-SC,DEL03-SC,UOP03-DEL03-SC,2023
"515852,0",2023-04-09,domingo,18:40:00,SC,101,"222,1",PALHOCA,Ingestão de álcool pelo condutor,Colisão com objeto,Com Vítimas Feridas,Plena Noite,Decrescente,Nublado,Dupla,Reta;Declive,Sim,2,0,2,0,0,0,2,1,-27.70012652,-48.66021182,SPRF-SC,DEL01-SC,UOP02-DEL01-SC,2023
"515856,0",2023-04-09,domingo,19:15:00,SC,101,"119,0",ITAJAI,Ausência de reação do condutor,Colisão lateral mesmo sentido,Com Vítimas Feridas,Plena Noite,Crescente,Nublado,Múltipla,Reta,Sim,2,0,1,0,0,1,1,2,-26.9043179,-48.71555481,SPRF-SC,DEL04-SC,UOP04-DEL04-SC,2023
"515888,0",2023-04-09,domingo,19:20:00,SC,101,"275,9",IMBITUBA,Ingestão de álcool pelo condutor,Colisão com objeto,Com Vítimas Feridas,Plena Noite,Crescente,Céu Claro,Simples,Reta,Não,2,0,2,0,0,0,2,1,-28.1570708,-48.69300485,SPRF-SC,DEL02-SC,UOP03-DEL02-SC,2023
"515890,0",2023-04-09,domingo,20:10:00,SC,101,"281,9",IMBITUBA,Ingestão de álcool pelo condutor,Saída de leito carroçável,Sem Vítimas,Plena Noite,Crescente,Céu Claro,Dupla,Reta,Não,1,0,0,0,1,0,0,1,-28.18793595,-48.69652041,SPRF-SC,DEL02-SC,UOP03-DEL02-SC,2023
"515899,0",2023-04-09,domingo,19:45:00,SC,470,"162,0",TROMBUDO CENTRAL,Velocidade Incompatível,Saída de leito carroçável,Com Vítimas Feridas,Plena Noite,Crescente,Céu Claro,Simples,Reta,Não,2,0,1,0,1,0,1,1,-27.282606,-49.817101,SPRF-SC,DEL04-SC,UOP02-DEL04-SC,2023
"515907,0",2023-04-09,domingo,22:10:00,SC,282,"5,0",SAO JOSE,Ausência de reação do condutor,Colisão com objeto,Com Vítimas Feridas,Plena Noite,Crescente,Chuva,Dupla,Curva,Sim,1,0,1,0,0,0,1,1,-27.588425,-48.612919,SPRF-SC,DEL01-SC,UOP01-DEL01-SC,2023
"515917,0",2023-04-09,domingo,23:00:00,SC,470,"126,0",LONTRAS,Desrespeitar a preferência no cruzamento,Colisão transversal,Com Vítimas Feridas,Plena Noite,Crescente,Garoa/Chuvisco,Simples,Reta;Retorno Regulamentado,Sim,3,0,2,0,1,0,2,2,-27.129,-49.538277,SPRF-SC,DEL04-SC,UOP02-DEL04-SC,2023
"515918,0",2023-04-09,domingo,23:21:00,SC,101,"207,0",SAO JOSE,Ingestão de álcool pelo condutor,Queda de ocupante de veículo,Com Vítimas Feridas,Plena Noite,Decrescente,Céu Claro,Múltipla,Reta,Sim,1,0,1,0,0,0,1,1,-27.60001226,-48.6226467,SPRF-SC,DEL01-SC,UOP01-DEL01-SC,2023
"515923,0",2023-04-10,segunda-feira,00:10:00,SC,101,"194,0",BIGUACU,Pedestre andava na pista,Atropelamento de Pedestre,Com Vítimas Feridas,Plena Noite,Crescente,Chuva,Dupla,Reta,Sim,2,0,1,0,0,1,1,2,-27.49815117,-48.65661236,SPRF-SC,DEL01-SC,UOP01-DEL01-SC,2023
"515946,0",2023-04-10,segunda-feira,05:50:00,SC,280,"77,0",JARAGUA DO SUL,Ultrapassagem Indevida,Colisão frontal,Com Vítimas Feridas,Amanhecer,Crescente,Garoa/Chuvisco,Simples,Reta;Aclive,Não,4,0,3,0,1,0,3,3,-26.45514314,-49.18726132,SPRF-SC,DEL03-SC,UOP03-DEL03-SC,2023
"515949,0",2023-04-10,segunda-feira,06:10:00,SC,282,"67,0",RANCHO QUEIMADO,Reação tardia ou ineficiente do condutor,Colisão traseira,Com Vítimas Feridas,Amanhecer,Crescente,Nublado,Simples,Reta,Não,3,0,1,0,2,0,1,2,-27.695963,-49.0695,SPRF-SC,DEL01-SC,UOP03-DEL01-SC,2023
"515974,0",2023-04-10,segunda-feira,07:50:00,SC,101,"201,6",SAO JOSE,Trafegar com motocicleta (ou similar) entre as faixas,Colisão lateral mesmo sentido,Com Vítimas Feridas,Pleno dia,Crescente,Nublado,Dupla,Reta,Sim,2,0,1,0,1,0,1,2,-27.54836599,-48.61977975,SPRF-SC,DEL01-SC,UOP01-DEL01-SC,2023
"515976,0",2023-04-10,segunda-feira,07:45:00,SC,282,"4,8",SAO JOSE,Trafegar com motocicleta (ou similar) entre as faixas,Colisão lateral mesmo sentido,Com Vítimas Feridas,Pleno dia,Crescente,Sol,Dupla,Reta,Sim,2,0,1,0,1,0,1,2,-27.592646,-48.604034,SPRF-SC,DEL01-SC,UOP01-DEL01-SC,2023
"515977,0",2023-04-10,segunda-feira,06:45:00,SC,101,"130,0",BALNEARIO CAMBORIU,Reação tardia ou ineficiente do condutor,Colisão traseira,Sem Vítimas,Pleno dia,Decrescente,Garoa/Chuvisco,Dupla,Reta,Não,1,0,0,0,1,0,0,1,-26.98842761,-48.6645627,SPRF-SC,DEL04-SC,UOP03-DEL04-SC,2023
"515991,0",2023-04-10,segunda-feira,08:50:00,SC,101,"186,0",BIGUACU,Reação tardia ou ineficiente do condutor,Queda de ocupante de veículo,Com Vítimas Feridas,Pleno dia,Crescente,Céu Claro,Dupla,Curva,Sim,1,0,1,0,0,0,1,1,-27.4341098,-48.62567129,SPRF-SC,DEL01-SC,UOP01-DEL01-SC,2023
"515998,0",2023-04-10,segunda-feira,07:20:00,SC,163,"108,2",GUARUJA DO SUL,Transitar na contramão,Colisão frontal,Com Vítimas Feridas,Pleno dia,Crescente,Sol,Simples,Em Obras;Declive;Curva,Não,2,0,0,1,1,0,1,2,-26.42148581,-53.52588415,SPRF-SC,DEL07-SC,UOP03-DEL07-SC,2023
"516009,0",2023-04-10,segunda-feira,09:20:00,SC,101,"57,0",ARAQUARI,Velocidade Incompatível,Saída de leito carroçável,Com Vítimas Feridas,Pleno dia,Decrescente,Garoa/Chuvisco,Dupla,Curva,Não,1,0,1,0,0,0,1,1,-26.43646093,-48.81113029,SPRF-SC,DEL03-SC,UOP01-DEL03-SC,2023
"516018,0",2023-04-06,quinta-feira,19:00:00,SC,101,"148,0",ITAPEMA,Condutor deixou de manter distância do veículo da frente,Colisão traseira,Com Vítimas Feridas,Plena Noite,Decrescente,Garoa/Chuvisco,Dupla,Reta;Ponte,Sim,2,0,1,0,1,0,1,2,-27.09237407,-48.61730888,SPRF-SC,DEL04-SC,UOP03-DEL04-SC,2023
"516025,0",2023-04-10,segunda-feira,11:20:00,SC,101,"242,0",PALHOCA,Transitar na contramão,Colisão lateral sentido oposto,Com Vítimas Feridas,Pleno dia,Crescente,Céu Claro,Simples,Curva,Não,2,0,1,0,1,0,1,2,-27.87545797,-48.64678433,SPRF-SC,DEL01-SC,UOP02-DEL01-SC,2023
"516036,0",2023-04-10,segunda-feira,11:55:00,SC,116,"167,0",PONTE ALTA DO NORTE,Reação tardia ou ineficiente do condutor,Engavetamento,Sem Vítimas,Pleno dia,Crescente,Céu Claro,Simples,Reta;Rotatória,Sim,5,0,0,0,5,0,0,3,-27.16859697,-50.46434991,SPRF-SC,DEL05-SC,UOP03-DEL05-SC,2023
"516040,0",2023-03-06,segunda-feira,18:48:00,SC,163,"79,2",SAO MIGUEL DO OESTE,Velocidade Incompatível,Saída de leito carroçável,Com Vítimas Feridas,Anoitecer,Crescente,Céu Claro,Simples,Declive;Curva,Não,1,0,1,0,0,0,1,1,-26.65911819,-53.51816757,SPRF-SC,DEL07-SC,UOP03-DEL07-SC,2023
"516043,0",2023-02-21,terça-feira,17:45:00,SC,470,"45,7",GASPAR,Desrespeitar a preferência no cruzamento,Colisão transversal,Com Vítimas Feridas,Anoitecer,Decrescente,Garoa/Chuvisco,Simples,Interseção de Vias,Não,3,0,3,0,0,0,3,2,-26.86278009,-49.03495615,SPRF-SC,DEL04-SC,UOP01-DEL04-SC,2023
"516052,0",2023-04-07,sexta-feira,06:20:00,SC,282,"547,4",CHAPECO,Transitar na contramão,Colisão frontal,Com Vítimas Fatais,Amanhecer,Crescente,Chuva,Simples,Reta,Não,2,1,0,0,1,0,0,2,-26.973904,-52.745403,SPRF-SC,DEL07-SC,UOP01-DEL07-SC,2023
"516070,0",2023-04-10,segunda-feira,16:45:00,SC,282,"65,2",RANCHO QUEIMADO,Demais falhas mecânicas ou elétricas,Incêndio,Sem Vítimas,Pleno dia,Crescente,Céu Claro,Simples,Reta;Declive,Não,2,0,0,0,1,1,0,2,-27.692892,-49.059013,SPRF-SC,DEL01-SC,UOP03-DEL01-SC,2023
"516134,0",2023-04-10,segunda-feira,21:30:00,SC,101,"32,5",JOINVILLE,Pedestre cruzava a pista fora da faixa,Atropelamento de Pedestre,Com Vítimas Feridas,Plena Noite,Crescente,Garoa/Chuvisco,Dupla,Reta,Sim,2,0,0,1,1,0,1,2,-26.226987,-48.91657,SPRF-SC,DEL03-SC,UOP01-DEL03-SC,2023
"516136,0",2023-04-10,segunda-feira,21:35:00,SC,101,"163,0",TIJUCAS,Reação tardia ou ineficiente do condutor,Tombamento,Com Vítimas Feridas,Plena Noite,Decrescente,Nublado,Múltipla,Reta,Sim,1,0,1,0,0,0,1,1,-27.23461699,-48.63039809,SPRF-SC,DEL04-SC,UOP03-DEL04-SC,2023
"516160,0",2023-04-11,terça-feira,06:25:00,SC,101,"185,0",BIGUACU,Condutor deixou de manter distância do veículo da frente,Colisão traseira,Com Vítimas Feridas,Amanhecer,Decrescente,Céu Claro,Dupla,Reta,Não,2,0,1,0,1,0,1,2,-27.42536698,-48.62465876,SPRF-SC,DEL01-SC,UOP01-DEL01-SC,2023
"516161,0",2023-04-11,terça-feira,05:48:00,SC,101,"117,3",ITAJAI,Desrespeitar a preferência no cruzamento,Colisão transversal,Com Vítimas Feridas,Pleno dia,Crescente,Céu Claro,Múltipla,Interseção de Vias,Sim,2,0,1,0,1,0,1,2,-26.89028829,-48.722238,SPRF-SC,DEL04-SC,UOP04-DEL04-SC,2023
"516164,0",2023-04-11,terça-feira,06:40:00,SC,470,"56,0",BLUMENAU,Trafegar com motocicleta (ou similar) entre as faixas,Colisão frontal,Com Vítimas Feridas,Pleno dia,Crescente,Céu Claro,Simples,Reta,Sim,3,0,1,0,2,0,1,2,-26.87674,-49.127743,SPRF-SC,DEL04-SC,UOP01-DEL04-SC,2023
"516165,0",2023-04-11,terça-feira,07:08:00,SC,101,"204,0",SAO JOSE,Trafegar com motocicleta (ou similar) entre as faixas,Colisão traseira,Com Vítimas Feridas,Pleno dia,Decrescente,Céu Claro,Dupla,Reta,Sim,3,0,1,0,2,0,1,3,-27.57413014,-48.61363083,SPRF-SC,DEL01-SC,UOP01-DEL01-SC,2023
"516173,0",2023-04-11,terça-feira,06:30:00,SC,101,"35,0",JOINVILLE,Objeto estático sobre o leito carroçável,Colisão com objeto,Com Vítimas Feridas,Amanhecer,Crescente,Céu Claro,Múltipla,Reta,Não,2,0,2,0,0,0,2,2,-26.2717785,-48.89450312,SPRF-SC,DEL03-SC,UOP01-DEL03-SC,2023
"516174,0",2023-04-11,terça-feira,06:50:00,SC,116,"8,5",MAFRA,Reação tardia ou ineficiente do condutor,Queda de ocupante de veículo,Com Vítimas Feridas,Pleno dia,Decrescente,Céu Claro,Simples,Reta,Sim,1,0,1,0,0,0,1,1,-26.16125448,-49.84428406,SPRF-SC,DEL06-SC,UOP01-DEL06-SC,2023
"516189,0",2023-04-11,terça-feira,07:50:00,SC,470,"56,0",BLUMENAU,Ausência de reação do condutor,Colisão traseira,Com Vítimas Feridas,Pleno dia,Crescente,Sol,Simples,Reta,Sim,4,0,2,0,2,0,2,3,-26.87674,-49.127743,SPRF-SC,DEL04-SC,UOP01-DEL04-SC,2023
"516190,0",2023-04-11,terça-feira,08:20:00,SC,101,"197,0",BIGUACU,Manobra de mudança de faixa,Colisão traseira,Com Vítimas Feridas,Pleno dia,Crescente,Sol,Múltipla,Curva,Sim,3,0,1,0,2,0,1,2,-27.51844497,-48.63848496,SPRF-SC,DEL01-SC,UOP01-DEL01-SC,2023
"516225,0",2023-04-11,terça-feira,12:40:00,SC,470,"40,0",GASPAR,Acessar a via sem observar a presença dos outros veículos,Colisão transversal,Com Vítimas Feridas,Pleno dia,Decrescente,Sol,Simples,Interseção de Vias,Sim,2,0,1,0,1,0,1,2,-26.889574,-48.99094,SPRF-SC,DEL04-SC,UOP01-DEL04-SC,2023
"516265,0",2023-04-11,terça-feira,15:50:00,SC,470,"54,5",BLUMENAU,Desrespeitar a preferência no cruzamento,Colisão transversal,Com Vítimas Feridas,Pleno dia,Crescente,Céu Claro,Simples,Interseção de Vias;Reta,Sim,2,0,1,0,1,0,1,2,-26.87316568,-49.11420914,SPRF-SC,DEL04-SC,UOP01-DEL04-SC,2023