id,data_inversa,dia_semana,horario,uf,br,km,municipio,causa_acidente,tipo_acidente,classificacao_acidente,fase_dia,sentido_via,condicao_metereologica,tipo_pista,tracado_via,uso_solo,pessoas,mortos,feridos_leves,feridos_graves,ilesos,ignorados,feridos,veiculos,latitude,longitude,regional,delegacia,uop,ano_arquivo
"516290,0",2023-04-11,terça-feira,20:05:00,SC,101,"214,4",PALHOCA,Reação tardia ou ineficiente do condutor,Atropelamento de Pedestre,Com Vítimas Feridas,Plena Noite,Crescente,Céu Claro,Simples,Reta,Sim,2,0,2,0,0,0,2,2,-27.64443,-48.67057,SPRF-SC,DEL01-SC,UOP02-DEL01-SC,2023
"516296,0",2023-04-11,terça-feira,18:50:00,SC,101,"59,2",ARAQUARI,Pista Escorregadia,Colisão lateral mesmo sentido,Com Vítimas Feridas,Plena Noite,Decrescente,Céu Claro,Dupla,Reta,Não,3,0,1,0,2,0,1,3,-26.44651734,-48.79426826,SPRF-SC,DEL03-SC,UOP02-DEL03-SC,2023
"516297,0",2023-02-27,segunda-feira,18:00:00,SC,101,"139,2",BALNEARIO CAMBORIU,Manobra de mudança de faixa,Colisão lateral mesmo sentido,Com Vítimas Feridas,Pleno dia,Crescente,Sol,Dupla,Reta,Não,2,0,0,1,1,0,1,2,-27.02982303,-48.60115006,SPRF-SC,DEL04-SC,UOP03-DEL04-SC,2023
"516328,0",2023-04-12,quarta-feira,06:40:00,SC,101,"214,0",PALHOCA,Manobra de mudança de faixa,Colisão lateral mesmo sentido,Com Vítimas Feridas,Pleno dia,Decrescente,Céu Claro,Múltipla,Reta,Sim,2,0,0,1,1,0,1,2,-27.64443,-48.67057,SPRF-SC,DEL01-SC,UOP02-DEL01-SC,2023
"516329,0",2023-04-12,quarta-feira,06:15:00,SC,101,"207,0",SAO JOSE,Reação tardia ou ineficiente do condutor,Tombamento,Com Vítimas Feridas,Pleno dia,Decrescente,Sol,Múltipla,Reta;Declive,Sim,1,0,1,0,0,0,1,1,-27.60001226,-48.6226467,SPRF-SC,DEL01-SC,UOP01-DEL01-SC,2023
"516335,0",2023-04-11,terça-feira,19:00:00,SC,101,"192,0",BIGUACU,Reação tardia ou ineficiente do condutor,Colisão lateral mesmo sentido,Com Vítimas Feridas,Plena Noite,Crescente,Céu Claro,Dupla,Reta,Sim,2,0,1,0,0,1,1,2,-27.48443781,-48.64765238,SPRF-SC,DEL01-SC,UOP01-DEL01-SC,2023
"516340,0",2023-04-12,quarta-feira,08:10:00,SC,101,"201,1",SAO JOSE,Reação tardia ou ineficiente do condutor,Colisão traseira,Com Vítimas Feridas,Pleno dia,Crescente,Sol,Múltipla,Reta,Sim,3,0,2,0,1,0,2,2,-27.54836599,-48.61977975,SPRF-SC,DEL01-SC,UOP01-DEL01-SC,2023
"516342,0",2023-04-12,quarta-feira,08:00:00,SC,101,"202,4",SAO JOSE,Trafegar com motocicleta (ou similar) entre as faixas,Colisão lateral mesmo sentido,Com Vítimas Feridas,Pleno dia,Crescente,Céu Claro,Dupla,Reta,Sim,3,0,2,0,1,0,2,2,-27.55711595,-48.61897889,SPRF-SC,DEL01-SC,UOP01-DEL01-SC,2023
"516363,0",2023-04-12,quarta-feira,10:55:00,SC,101,"122,0",ITAJAI,Reação tardia ou ineficiente do condutor,Colisão com objeto,Com Vítimas Feridas,Pleno dia,Decrescente,Céu Claro,Dupla,Reta,Sim,3,0,2,0,1,0,2,1,-26.92955916,-48.70499836,SPRF-SC,DEL04-SC,UOP04-DEL04-SC,2023
"516365,0",2023-04-12,quarta-feira,10:14:00,SC,101,"207,0",SAO JOSE,Ausência de reação do condutor,Colisão lateral mesmo sentido,Com Vítimas Feridas,Pleno dia,Decrescente,Céu Claro,Dupla,Reta,Não,2,0,1,0,0,1,1,2,-27.60001226,-48.6226467,SPRF-SC,DEL01-SC,UOP01-DEL01-SC,2023
"516372,0",2023-04-12,quarta-feira,04:50:00,SC,470,"89,4",ASCURRA,Conversão proibida,Colisão lateral sentido oposto,Com Vítimas Feridas,Plena Noite,Decrescente,Céu Claro,Simples,Reta,Sim,2,0,1,0,1,0,1,2,-26.96736435,-49.36837527,SPRF-SC,DEL04-SC,UOP01-DEL04-SC,2023
"516399,0",2023-04-12,quarta-feira,14:10:00,SC,163,"72,0",SAO MIGUEL DO OESTE,Ingestão de álcool pelo condutor,Colisão transversal,Sem Vítimas,Pleno dia,Decrescente,Sol,Dupla,Declive;Interseção de Vias;Reta,Sim,2,0,0,0,2,0,0,2,-26.71918008,-53.51575077,SPRF-SC,DEL07-SC,UOP03-DEL07-SC,2023
"516401,0",2023-04-12,quarta-feira,14:45:00,SC,470,"60,2",BLUMENAU,Desrespeitar a preferência no cruzamento,Colisão transversal,Com Vítimas Feridas,Pleno dia,Decrescente,Céu Claro,Simples,Reta,Sim,2,0,0,1,1,0,1,2,-26.88138,-49.164543,SPRF-SC,DEL04-SC,UOP01-DEL04-SC,2023
"516426,0",2023-04-12,quarta-feira,08:30:00,SC,280,"234,3",CANOINHAS,Retorno proibido,Colisão transversal,Com Vítimas Feridas,Pleno dia,Crescente,Céu Claro,Simples,Reta;Declive,Sim,3,0,1,0,2,0,1,2,-26.19130591,-50.40255601,SPRF-SC,DEL06-SC,UOP04-DEL06-SC,2023
"516427,0",2023-04-12,quarta-feira,17:30:00,SC,282,"23,0",SANTO AMARO DA IMPERATRIZ,Acessar a via sem observar a presença dos outros veículos,Colisão transversal,Com Vítimas Feridas,Anoitecer,Crescente,Céu Claro,Simples,Reta,Sim,3,0,1,1,1,0,2,2,-27.687958,-48.736794,SPRF-SC,DEL01-SC,UOP02-DEL01-SC,2023
"516435,0",2023-04-12,quarta-feira,17:40:00,SC,282,"526,9",XAXIM,Velocidade Incompatível,Saída de leito carroçável,Com Vítimas Feridas,Pleno dia,Crescente,Céu Claro,Simples,Curva,Não,1,0,0,1,0,0,1,1,-26.969427,-52.57497,SPRF-SC,DEL07-SC,UOP01-DEL07-SC,2023
"516437,0",2023-04-12,quarta-feira,18:45:00,SC,101,"117,0",ITAJAI,Manobra de mudança de faixa,Colisão lateral mesmo sentido,Sem Vítimas,Plena Noite,Crescente,Nublado,Múltipla,Declive;Viaduto,Sim,2,0,0,0,2,0,0,2,-26.88747187,-48.72252969,SPRF-SC,DEL04-SC,UOP04-DEL04-SC,2023
"516444,0",2023-04-12,quarta-feira,19:20:00,SC,101,"226,0",PALHOCA,Velocidade Incompatível,Capotamento,Com Vítimas Feridas,Plena Noite,Crescente,Céu Claro,Dupla,Reta,Não,2,0,2,0,0,0,2,1,-27.74200001,-48.63806504,SPRF-SC,DEL01-SC,UOP02-DEL01-SC,2023
"516451,0",2023-04-12,quarta-feira,19:40:00,SC,101,"420,0",ARARANGUA,Pedestre cruzava a pista fora da faixa,Atropelamento de Pedestre,Com Vítimas Feridas,Plena Noite,Decrescente,Céu Claro,Simples,Reta,Não,2,0,1,0,1,0,1,2,-28.99380392,-49.55081408,SPRF-SC,DEL02-SC,UOP02-DEL02-SC,2023
"516457,0",2023-04-12,quarta-feira,18:40:00,SC,470,"9,5",NAVEGANTES,Desvio temporário,Colisão com objeto,Com Vítimas Feridas,Anoitecer,Crescente,Céu Claro,Dupla,Reta,Sim,1,0,0,1,0,0,1,1,-26.833143,-48.727432,SPRF-SC,DEL04-SC,UOP04-DEL04-SC,2023
"516461,0",2023-04-12,quarta-feira,19:10:00,SC,101,"168,0",TIJUCAS,Ausência de reação do condutor,Colisão traseira,Com Vítimas Feridas,Plena Noite,Decrescente,Nublado,Dupla,Reta,Não,2,0,2,0,0,0,2,2,-27.279105,-48.631554,SPRF-SC,DEL04-SC,UOP03-DEL04-SC,2023
"516469,0",2023-04-12,quarta-feira,19:30:00,SC,101,"275,9",IMBITUBA,Reação tardia ou ineficiente do condutor,Colisão lateral mesmo sentido,Com Vítimas Feridas,Plena Noite,Crescente,Céu Claro,Múltipla,Reta;Interseção de Vias,Não,2,0,1,1,0,0,2,2,-28.156569,-48.692876,SPRF-SC,DEL02-SC,UOP03-DEL02-SC,2023
"516483,0",2023-04-12,quarta-feira,19:00:00,SC,470,"219,0",SAO CRISTOVAO DO SUL,Velocidade Incompatível,Colisão traseira,Sem Vítimas,Plena Noite,Decrescente,Céu Claro,Simples,Reta,Não,1,0,0,0,0,1,0,1,-27.302975,-50.303108,SPRF-SC,DEL05-SC,UOP03-DEL05-SC,2023
"516484,0",2023-04-12,quarta-feira,21:30:00,SC,101,"324,0",CAPIVARI DE BAIXO,Reação tardia ou ineficiente do condutor,Tombamento,Com Vítimas Feridas,Plena Noite,Decrescente,Céu Claro,Dupla,Reta;Aclive,Não,1,0,0,1,0,0,1,1,-28.42890047,-48.92285509,SPRF-SC,DEL02-SC,UOP01-DEL02-SC,2023
"516506,0",2023-04-13,quinta-feira,05:00:00,SC,470,"69,0",INDAIAL,Pedestre andava na pista,Eventos atípicos,Com Vítimas Feridas,Plena Noite,Decrescente,Céu Claro,Dupla,Reta;Em Obras,Sim,1,0,1,0,0,0,1,1,-26.883745,-49.246704,SPRF-SC,DEL04-SC,UOP01-DEL04-SC,2023
"516515,0",2023-04-10,segunda-feira,01:00:00,SC,101,"193,0",BIGUACU,Reação tardia ou ineficiente do condutor,Saída de leito carroçável,Sem Vítimas,Plena Noite,Decrescente,Chuva,Dupla,Curva;Aclive,Sim,1,0,0,0,1,0,0,1,-27.489574,-48.655914,SPRF-SC,DEL01-SC,UOP01-DEL01-SC,2023
"516554,0",2023-04-13,quinta-feira,10:50:00,SC,101,"216,2",PALHOCA,Manobra de mudança de faixa,Colisão lateral mesmo sentido,Com Vítimas Feridas,Pleno dia,Decrescente,Céu Claro,Múltipla,Reta,Não,5,0,2,0,2,1,2,3,-27.65981409,-48.67747798,SPRF-SC,DEL01-SC,UOP02-DEL01-SC,2023
"516580,0",2023-04-13,quinta-feira,14:00:00,SC,282,"1,0",FLORIANOPOLIS,Mal súbito do condutor,Engavetamento,Com Vítimas Feridas,Pleno dia,Crescente,Céu Claro,Múltipla,Reta,Não,5,0,0,1,4,0,1,5,-27.602955,-48.580509,SPRF-SC,DEL01-SC,UOP01-DEL01-SC,2023
"516588,0",2023-04-13,quinta-feira,11:50:00,SC,470,"136,0",RIO DO SUL,Conversão proibida,Colisão frontal,Com Vítimas Feridas,Pleno dia,Decrescente,Nublado,Simples,Reta,Não,6,0,0,1,5,0,1,2,-27.185284,-49.605041,SPRF-SC,DEL04-SC,UOP02-DEL04-SC,2023
"516589,0",2023-04-13,quinta-feira,15:00:00,SC,101,"159,0",PORTO BELO,Trafegar com motocicleta (ou similar) entre as faixas,Colisão lateral mesmo sentido,Com Vítimas Feridas,Pleno dia,Decrescente,Céu Claro,Dupla,Reta,Não,2,0,1,0,1,0,1,2,-27.1998778,-48.61534236,SPRF-SC,DEL04-SC,UOP03-DEL04-SC,2023
"516597,0",2023-04-13,quinta-feira,15:30:00,SC,101,"127,0",BALNEARIO CAMBORIU,Acessar a via sem observar a presença dos outros veículos,Colisão traseira,Com Vítimas Feridas,Pleno dia,Crescente,Céu Claro,Múltipla,Reta,Não,3,0,2,0,0,1,2,2,-26.9639319,-48.68328024,SPRF-SC,DEL04-SC,UOP04-DEL04-SC,2023
"516644,0",2023-04-13,quinta-feira,12:30:00,SC,101,"412,0",ARARANGUA,Ausência de reação do condutor,Saída de leito carroçável,Com Vítimas Feridas,Pleno dia,Crescente,Nublado,Simples,Reta,Sim,1,0,1,0,0,0,1,1,-28.939333,-49.497513,SPRF-SC,DEL02-SC,UOP02-DEL02-SC,2023
"516645,0",2023-04-13,quinta-feira,20:30:00,SC,101,"119,7",ITAJAI,Trafegar com motocicleta (ou similar) entre as faixas,Colisão lateral mesmo sentido,Com Vítimas Feridas,Plena Noite,Decrescente,Céu Claro,Dupla,Reta,Sim,3,0,1,0,2,0,1,3,-26.9043179,-48.71555481,SPRF-SC,DEL04-SC,UOP04-DEL04-SC,2023
"516660,0",2023-04-13,quinta-feira,18:00:00,SC,153,"91,3",CONCORDIA,Reação tardia ou ineficiente do condutor,Colisão lateral mesmo sentido,Com Vítimas Feridas,Anoitecer,Crescente,Céu Claro,Simples,Reta,Não,3,0,2,0,1,0,2,3,-27.183498,-51.922295,SPRF-SC,DEL07-SC,UOP04-DEL07-SC,2023
"516697,0",2023-04-14,sexta-feira,07:20:00,SC,101,"186,0",BIGUACU,Ausência de reação do condutor,Saída de leito carroçável,Com Vítimas Feridas,Pleno dia,Crescente,Chuva,Dupla,Curva,Não,2,0,1,0,1,0,1,1,-27.4341098,-48.62567129,SPRF-SC,DEL01-SC,UOP01-DEL01-SC,2023
"516698,0",2023-04-14,sexta-feira,07:00:00,SC,470,"143,0",RIO DO SUL,Desrespeitar a preferência no cruzamento,Colisão transversal,Com Vítimas Feridas,Pleno dia,Crescente,Garoa/Chuvisco,Simples,Retorno Regulamentado,Sim,3,0,1,0,2,0,1,2,-27.2239902,-49.66434002,SPRF-SC,DEL04-SC,UOP02-DEL04-SC,2023
"516705,0",2023-04-14,sexta-feira,07:50:00,SC,101,"201,0",SAO JOSE,Ausência de reação do condutor,Colisão traseira,Com Vítimas Feridas,Pleno dia,Crescente,Chuva,Múltipla,Reta,Não,2,0,1,0,1,0,1,2,-27.54836599,-48.61977975,SPRF-SC,DEL01-SC,UOP01-DEL01-SC,2023
"516714,0",2023-04-14,sexta-feira,08:40:00,SC,101,"190,9",BIGUACU,Velocidade Incompatível,Colisão com objeto,Sem Vítimas,Pleno dia,Decrescente,Céu Claro,Dupla,Curva,Sim,2,0,0,0,1,1,0,2,-27.468056,-48.641712,SPRF-SC,DEL01-SC,UOP01-DEL01-SC,2023
"516724,0",2023-04-14,sexta-feira,09:00:00,SC,101,"217,4",PALHOCA,Velocidade Incompatível,Colisão com objeto,Com Vítimas Feridas,Pleno dia,Decrescente,Nublado,Dupla,Reta,Não,1,0,1,0,0,0,1,1,-27.66779034,-48.67393586,SPRF-SC,DEL01-SC,UOP02-DEL01-SC,2023
"516726,0",2023-04-14,sexta-feira,10:00:00,SC,280,"52,7",GUARAMIRIM,Manobra de mudança de faixa,Colisão lateral mesmo sentido,Sem Vítimas,Pleno dia,Decrescente,Chuva,Dupla,Em Obras;Reta,Não,3,0,0,0,3,0,0,2,-26.468904,-48.96492,SPRF-SC,DEL03-SC,UOP03-DEL03-SC,2023
"516730,0",2023-04-14,sexta-feira,08:30:00,SC,101,"88,6",BARRA VELHA,Condutor deixou de manter distância do veículo da frente,Colisão traseira,Com Vítimas Feridas,Pleno dia,Decrescente,Chuva,Dupla,Reta,Sim,2,0,2,0,0,0,2,2,-26.6516779,-48.68702888,SPRF-SC,DEL03-SC,UOP02-DEL03-SC,2023
"516750,0",2023-04-14,sexta-feira,10:00:00,SC,282,"351,0",CAMPOS NOVOS,Pista Escorregadia,Tombamento,Com Vítimas Feridas,Pleno dia,Decrescente,Garoa/Chuvisco,Simples,Reta,Não,2,0,0,1,1,0,1,1,-27.361374,-51.301975,SPRF-SC,DEL07-SC,UOP06-DEL07-SC,2023
"516752,0",2023-04-14,sexta-feira,12:00:00,SC,101,"419,0",ARARANGUA,Desrespeitar a preferência no cruzamento,Atropelamento de Pedestre,Com Vítimas Feridas,Pleno dia,Decrescente,Chuva,Simples,Reta,Sim,2,0,1,1,0,0,2,2,-28.99275124,-49.54960585,SPRF-SC,DEL02-SC,UOP02-DEL02-SC,2023
"516774,0",2023-04-14,sexta-feira,14:30:00,SC,101,"224,0",PALHOCA,Ausência de reação do condutor,Colisão traseira,Com Vítimas Feridas,Pleno dia,Decrescente,Chuva,Dupla,Reta,Não,2,0,1,0,1,0,1,2,-27.72384789,-48.64386769,SPRF-SC,DEL01-SC,UOP02-DEL01-SC,2023
"516780,0",2023-04-14,sexta-feira,11:40:00,SC,470,"195,0",POUSO REDONDO,Pista Escorregadia,Colisão lateral sentido oposto,Com Vítimas Feridas,Pleno dia,Crescente,Chuva,Simples,Curva;Aclive,Não,2,0,2,0,0,0,2,2,-27.303724,-50.088837,SPRF-SC,DEL04-SC,UOP02-DEL04-SC,2023
"516792,0",2023-04-14,sexta-feira,11:10:00,SC,282,"673,2",PARAISO,Conversão proibida,Colisão traseira,Sem Vítimas,Pleno dia,Crescente,Céu Claro,Simples,Reta;Declive,Não,3,0,0,0,3,0,0,2,-26.618063,-53.661022,SPRF-SC,DEL07-SC,UOP03-DEL07-SC,2023
"516794,0",2023-04-14,sexta-feira,16:10:00,SC,116,"5,4",MAFRA,Ausência de reação do condutor,Queda de ocupante de veículo,Com Vítimas Feridas,Pleno dia,Decrescente,Céu Claro,Simples,Reta,Sim,1,0,0,1,0,0,1,1,-26.14094396,-49.81508303,SPRF-SC,DEL06-SC,UOP01-DEL06-SC,2023
"516798,0",2023-04-14,sexta-feira,11:10:00,SC,282,"237,9",LAGES,Velocidade Incompatível,Saída de leito carroçável,Com Vítimas Feridas,Pleno dia,Decrescente,Chuva,Simples,Curva;Aclive,Não,1,0,1,0,0,0,1,1,-27.785622,-50.491371,SPRF-SC,DEL05-SC,UOP02-DEL05-SC,2023
"516853,0",2023-04-14,sexta-feira,19:30:00,SC,470,"109,0",IBIRAMA,Ultrapassagem Indevida,Colisão frontal,Com Vítimas Feridas,Plena Noite,Crescente,Chuva,Simples,Reta,Não,2,0,0,1,1,0,1,2,-27.083876,-49.449543,SPRF-SC,DEL04-SC,UOP02-DEL04-SC,2023
"516855,0",2023-04-14,sexta-feira,19:45:00,SC,101,"206,0",SAO JOSE,Ausência de reação do condutor,Queda de ocupante de veículo,Com Vítimas Feridas,Plena Noite,Crescente,Chuva,Múltipla,Reta,Sim,1,0,1,0,0,0,1,1,-27.59193546,-48.61824557,SPRF-SC,DEL01-SC,UOP01-DEL01-SC,2023
"516858,0",2023-04-14,sexta-feira,19:44:00,SC,470,"56,2",BLUMENAU,Reação tardia ou ineficiente do condutor,Colisão traseira,Sem Vítimas,Plena Noite,Decrescente,Chuva,Simples,Reta,Sim,3,0,0,0,3,0,0,3,-26.87674,-49.127743,SPRF-SC,DEL04-SC,UOP01-DEL04-SC,2023
"516863,0",2023-04-01,sábado,00:30:00,SC,101,"218,0",PALHOCA,Velocidade Incompatível,Saída de leito carroçável,Com Vítimas Feridas,Plena Noite,Crescente,Céu Claro,Simples,Desvio Temporário;Em Obras;Curva,Não,1,0,1,0,0,0,1,1,-27.6758601,-48.67052525,SPRF-SC,DEL01-SC,UOP02-DEL01-SC,2023
"516891,0",2023-04-14,sexta-feira,19:20:00,SC,280,"221,1",TRES BARRAS,Ausência de reação do condutor,Saída de leito carroçável,Com Vítimas Fatais,Plena Noite,Crescente,Céu Claro,Simples,Rotatória,Não,1,1,0,0,0,0,0,1,-26.17237629,-50.27151704,SPRF-SC,DEL06-SC,UOP04-DEL06-SC,2023
"516893,0",2023-04-14,sexta-feira,21:30:00,SC,153,"65,0",IRANI,Condutor Dormindo,Colisão frontal,Com Vítimas Feridas,Plena Noite,Decrescente,Céu Claro,Simples,Reta,Sim,2,0,1,1,0,0,2,2,-27.01640935,-51.88195825,SPRF-SC,DEL07-SC,UOP04-DEL07-SC,2023
"516895,0",2023-04-14,sexta-feira,23:30:00,SC,470,"67,0",INDAIAL,Obras na pista,Colisão com objeto,Com Vítimas Feridas,Plena Noite,Decrescente,Garoa/Chuvisco,Múltipla,Reta,Sim,2,0,2,0,0,0,2,1,-26.87186554,-49.23047662,SPRF-SC,DEL04-SC,UOP01-DEL04-SC,2023
"516898,0",2023-04-14,sexta-feira,23:50:00,SC,282,"6,0",SAO JOSE,Pista Escorregadia,Saída de leito carroçável,Sem Vítimas,Plena Noite,Crescente,Chuva,Dupla,Curva;Declive,Sim,1,0,0,0,1,0,0,1,-27.591936,-48.618244,SPRF-SC,DEL01-SC,UOP01-DEL01-SC,2023
"516903,0",2023-04-14,sexta-feira,23:55:00,SC,282,"4,9",FLORIANOPOLIS,Curva acentuada,Colisão com objeto,Sem Vítimas,Plena Noite,Decrescente,Nublado,Dupla,Curva,Sim,1,0,0,0,0,1,0,1,-27.592646,-48.604034,SPRF-SC,DEL01-SC,UOP01-DEL01-SC,2023
"516923,0",2023-04-15,sábado,05:00:00,SC,280,"299,0",PORTO UNIAO,Reação tardia ou ineficiente do condutor,Saída de leito carroçável,Com Vítimas Feridas,Plena Noite,Decrescente,Nublado,Simples,Reta,Não,1,0,0,1,0,0,1,1,-26.28420538,-51.0111179,SPRF-SC,DEL06-SC,UOP04-DEL06-SC,2023
"516927,0",2023-04-15,sábado,06:05:00,SC,282,"3,0",FLORIANOPOLIS,Reação tardia ou ineficiente do condutor,Colisão com objeto,Sem Vítimas,Amanhecer,Crescente,Céu Claro,Múltipla,Curva,Sim,1,0,0,0,0,1,0,1,-27.60068881,-48.59913826,SPRF-SC,DEL01-SC,UOP01-DEL01-SC,2023
"516928,0",2023-04-14,sexta-feira,16:50:00,SC,282,"393,0",JOACABA,Acesso irregular,Colisão transversal,Com Vítimas Feridas,Pleno dia,Decrescente,Chuva,Simples,Reta,Não,2,0,0,1,1,0,1,2,-27.160221,-51.573895,SPRF-SC,DEL07-SC,UOP05-DEL07-SC,2023
"516961,0",2023-04-15,sábado,06:00:00,SC,158,"140,9",PALMITOS,Condutor Dormindo,Colisão lateral sentido oposto,Sem Vítimas,Amanhecer,Decrescente,Céu Claro,Simples,Reta;Declive,Não,2,0,0,0,1,1,0,2,-27.12575601,-53.21242903,SPRF-SC,DEL07-SC,UOP02-DEL07-SC,2023
"516988,0",2023-04-15,sábado,14:00:00,SC,101,"236,0",PALHOCA,Acumulo de areia ou detritos sobre o pavimento,Tombamento,Com Vítimas Feridas,Pleno dia,Crescente,Nublado,Simples,Retorno Regulamentado;Curva,Sim,2,0,1,1,0,0,2,1,-27.82629382,-48.63034842,SPRF-SC,DEL01-SC,UOP02-DEL01-SC,2023
"516992,0",2023-04-15,sábado,15:00:00,SC,101,"164,0",TIJUCAS,Acessar a via sem observar a presença dos outros veículos,Colisão transversal,Com Vítimas Feridas,Pleno dia,Decrescente,Nublado,Múltipla,Interseção de Vias,Não,2,0,1,0,1,0,1,2,-27.243868,-48.6309,SPRF-SC,DEL04-SC,UOP03-DEL04-SC,2023
"516995,0",2023-04-15,sábado,13:30:00,SC,280,"239,9",CANOINHAS,Ultrapassagem Indevida,Saída de leito carroçável,Com Vítimas Feridas,Pleno dia,Crescente,Céu Claro,Simples,Reta,Não,5,0,2,3,0,0,5,1,-26.20971113,-50.44782084,SPRF-SC,DEL06-SC,UOP04-DEL06-SC,2023
"516997,0",2023-04-15,sábado,14:30:00,SC,116,"221,0",CORREIA PINTO,Ingestão de álcool pelo condutor,Queda de ocupante de veículo,Com Vítimas Feridas,Pleno dia,Crescente,Nublado,Simples,Reta;Aclive,Sim,1,0,1,0,0,0,1,1,-27.58573399,-50.36555188,SPRF-SC,DEL05-SC,UOP03-DEL05-SC,2023
"517004,0",2023-04-15,sábado,15:30:00,SC,282,"605,0",MARAVILHA,Demais falhas mecânicas ou elétricas,Colisão traseira,Com Vítimas Feridas,Pleno dia,Crescente,Sol,Simples,Declive;Curva,Não,2,0,1,0,1,0,1,2,-26.7832383,-53.19661617,SPRF-SC,DEL07-SC,UOP02-DEL07-SC,2023
"517027,0",2023-04-15,sábado,17:00:00,SC,101,"21,0",JOINVILLE,Velocidade Incompatível,Saída de leito carroçável,Com Vítimas Feridas,Pleno dia,Crescente,Nublado,Dupla,Curva,Não,1,0,1,0,0,0,1,1,-26.14793022,-48.90894562,SPRF-SC,DEL03-SC,UOP01-DEL03-SC,2023
"517032,0",2023-04-15,sábado,16:45:00,SC,280,"3,7",SAO FRANCISCO DO SUL,Velocidade Incompatível,Colisão transversal,Com Vítimas Feridas,Pleno dia,Crescente,Céu Claro,Simples,Rotatória,Sim,3,0,2,0,1,0,2,2,-26.24531966,-48.61556107,SPRF-SC,DEL03-SC,UOP03-DEL03-SC,2023
"517043,0",2023-04-15,sábado,17:25:00,SC,116,"183,0",SAO CRISTOVAO DO SUL,Pista Escorregadia,Saída de leito carroçável,Com Vítimas Feridas,Anoitecer,Decrescente,Garoa/Chuvisco,Simples,Reta,Não,2,0,1,0,1,0,1,1,-27.2929189,-50.43356775,SPRF-SC,DEL05-SC,UOP03-DEL05-SC,2023
"517048,0",2023-04-15,sábado,19:00:00,SC,163,"107,7",GUARUJA DO SUL,Acesso irregular,Colisão frontal,Com Vítimas Feridas,Plena Noite,Crescente,Céu Claro,Simples,Curva,Não,2,0,2,0,0,0,2,2,-26.42211709,-53.52522433,SPRF-SC,DEL07-SC,UOP03-DEL07-SC,2023
"517057,0",2023-04-15,sábado,19:30:00,SC,101,"214,0",PALHOCA,Acessar a via sem observar a presença dos outros veículos,Colisão transversal,Com Vítimas Feridas,Plena Noite,Crescente,Nublado,Múltipla,Reta,Sim,3,0,1,0,2,0,1,2,-27.64443,-48.67057,SPRF-SC,DEL01-SC,UOP02-DEL01-SC,2023
"517086,0",2023-04-15,sábado,23:54:00,SC,282,"17,7",PALHOCA,Transitar na contramão,Colisão transversal,Sem Vítimas,Plena Noite,Crescente,Nublado,Simples,Reta,Sim,3,0,0,0,3,0,0,2,-27.665707,-48.688065,SPRF-SC,DEL01-SC,UOP02-DEL01-SC,2023
"517092,0",2023-04-15,sábado,23:10:00,SC,101,"271,0",IMBITUBA,Ausência de reação do condutor,Saída de leito carroçável,Com Vítimas Feridas,Plena Noite,Crescente,Céu Claro,Dupla,Reta,Não,1,0,0,1,0,0,1,1,-28.11011972,-48.70211279,SPRF-SC,DEL02-SC,UOP03-DEL02-SC,2023
"517095,0",2023-04-16,domingo,02:00:00,SC,280,"53,7",GUARAMIRIM,Acumulo de água sobre o pavimento,Queda de ocupante de veículo,Com Vítimas Feridas,Plena Noite,Decrescente,Garoa/Chuvisco,Dupla,Curva,Sim,1,0,1,0,0,0,1,1,-26.47236756,-48.97426617,SPRF-SC,DEL03-SC,UOP03-DEL03-SC,2023
"517102,0",2023-04-16,domingo,03:18:00,SC,101,"202,5",SAO JOSE,Condutor Dormindo,Saída de leito carroçável,Com Vítimas Feridas,Plena Noite,Crescente,Céu Claro,Dupla,Reta,Sim,2,0,1,0,1,0,1,1,-27.55711595,-48.61897889,SPRF-SC,DEL01-SC,UOP01-DEL01-SC,2023
"517111,0",2023-04-16,domingo,02:50:00,SC,282,"404,3",JOACABA,Manobra de mudança de faixa,Colisão frontal,Com Vítimas Fatais,Plena Noite,Crescente,Nublado,Simples,Curva;Declive,Não,5,3,0,2,0,0,2,2,-27.106958,-51.641999,SPRF-SC,DEL07-SC,UOP05-DEL07-SC,2023
"517146,0",2023-04-16,domingo,07:20:00,SC,282,"590,0",SAUDADES,Neblina,Saída de leito carroçável,Com Vítimas Feridas,Pleno dia,Decrescente,Nevoeiro/Neblina,Simples,Aclive;Curva,Não,2,0,2,0,0,0,2,1,-26.825788,-53.072556,SPRF-SC,DEL07-SC,UOP02-DEL07-SC,2023
"517186,0",2023-04-16,domingo,12:00:00,SC,282,"620,0",FLOR DO SERTAO,Chuva,Capotamento,Com Vítimas Feridas,Pleno dia,Crescente,Chuva,Simples,Aclive;Curva,Não,4,0,1,0,3,0,1,1,-26.799355,-53.308002,SPRF-SC,DEL07-SC,UOP02-DEL07-SC,2023
"517190,0",2023-04-16,domingo,13:55:00,SC,101,"338,2",TUBARAO,Ausência de reação do condutor,Colisão traseira,Com Vítimas Feridas,Pleno dia,Decrescente,Céu Claro,Dupla,Reta,Não,2,0,2,0,0,0,2,2,-28.50641048,-49.05017853,SPRF-SC,DEL02-SC,UOP01-DEL02-SC,2023
"517214,0",2023-04-16,domingo,18:15:00,SC,101,"158,0",PORTO BELO,Reação tardia ou ineficiente do condutor,Colisão com objeto,Com Vítimas Feridas,Pleno dia,Decrescente,Céu Claro,Dupla,Reta;Retorno Regulamentado,Sim,2,0,2,0,0,0,2,1,-27.19096301,-48.61259017,SPRF-SC,DEL04-SC,UOP03-DEL04-SC,2023