id,data_inversa,dia_semana,horario,uf,br,km,municipio,causa_acidente,tipo_acidente,classificacao_acidente,fase_dia,sentido_via,condicao_metereologica,tipo_pista,tracado_via,uso_solo,pessoas,mortos,feridos_leves,feridos_graves,ilesos,ignorados,feridos,veiculos,latitude,longitude,regional,delegacia,uop,ano_arquivo
"518285,0",2023-04-21,sexta-feira,15:15:00,SC,101,"144,0",ITAPEMA,Trafegar com motocicleta (ou similar) entre as faixas,Tombamento,Com Vítimas Feridas,Pleno dia,Decrescente,Céu Claro,Dupla,Curva,Não,1,0,1,0,0,0,1,1,-27.0732659,-48.59672716,SPRF-SC,DEL04-SC,UOP03-DEL04-SC,2023
"518304,0",2023-04-21,sexta-feira,16:45:00,SC,101,"426,0",ARARANGUA,Demais falhas mecânicas ou elétricas,Tombamento,Com Vítimas Feridas,Pleno dia,Crescente,Nublado,Dupla,Reta,Não,2,0,1,0,1,0,1,1,-29.02593927,-49.59976914,SPRF-SC,DEL02-SC,UOP02-DEL02-SC,2023
"518305,0",2023-04-21,sexta-feira,15:00:00,SC,101,"133,8",BALNEARIO CAMBORIU,Acessar a via sem observar a presença dos outros veículos,Colisão transversal,Com Vítimas Feridas,Pleno dia,Crescente,Céu Claro,Dupla,Interseção de Vias,Sim,2,0,1,0,1,0,1,2,-26.99936,-48.64609,SPRF-SC,DEL04-SC,UOP03-DEL04-SC,2023
"518316,0",2023-04-21,sexta-feira,10:45:00,SC,101,"415,9",ARARANGUA,Ausência de reação do condutor,Colisão transversal,Com Vítimas Feridas,Pleno dia,Decrescente,Céu Claro,Múltipla,Interseção de Vias,Sim,2,0,1,0,1,0,1,2,-28.971923,-49.527979,SPRF-SC,DEL02-SC,UOP02-DEL02-SC,2023
"518325,0",2023-04-21,sexta-feira,19:00:00,SC,282,"389,0",JOACABA,Manobra de mudança de faixa,Colisão lateral mesmo sentido,Com Vítimas Feridas,Plena Noite,Crescente,Céu Claro,Simples,Reta,Não,2,0,1,0,1,0,1,2,-27.178604,-51.541367,SPRF-SC,DEL07-SC,UOP05-DEL07-SC,2023
"518347,0",2023-04-21,sexta-feira,18:25:00,SC,280,"266,0",IRINEOPOLIS,Ausência de reação do condutor,Colisão com objeto,Com Vítimas Feridas,Anoitecer,Crescente,Céu Claro,Simples,Reta,Não,1,0,0,1,0,0,1,1,-26.26347502,-50.698061,SPRF-SC,DEL06-SC,UOP04-DEL06-SC,2023
"518366,0",2023-04-21,sexta-feira,18:30:00,SC,282,"253,0",SAO JOSE DO CERRITO,Animais na Pista,Saída de leito carroçável,Com Vítimas Feridas,Plena Noite,Decrescente,Céu Claro,Simples,Declive;Curva,Não,1,0,0,1,0,0,1,1,-27.684978,-50.565498,SPRF-SC,DEL05-SC,UOP02-DEL05-SC,2023
"518369,0",2023-04-21,sexta-feira,22:20:00,SC,282,"40,7",AGUAS MORNAS,Transitar na contramão,Colisão frontal,Com Vítimas Feridas,Plena Noite,Crescente,Nublado,Simples,Reta,Não,5,0,4,0,1,0,4,2,-27.716148,-48.869583,SPRF-SC,DEL01-SC,UOP03-DEL01-SC,2023
"518370,0",2023-04-21,sexta-feira,18:25:00,SC,116,"126,7",SANTA CECILIA,Ingestão de álcool ou de substâncias psicoativas pelo pedestre,Atropelamento de Pedestre,Com Vítimas Feridas,Plena Noite,Decrescente,Nublado,Simples,Reta;Aclive,Não,2,0,1,0,1,0,1,2,-26.86727993,-50.40768508,SPRF-SC,DEL06-SC,UOP02-DEL06-SC,2023
"518372,0",2023-04-21,sexta-feira,21:20:00,SC,163,"88,1",GUARACIABA,Frear bruscamente,Colisão traseira,Com Vítimas Feridas,Plena Noite,Decrescente,Céu Claro,Simples,Reta;Interseção de Vias;Em Obras;Aclive,Não,2,0,1,1,0,0,2,2,-26.58039098,-53.51612091,SPRF-SC,DEL07-SC,UOP03-DEL07-SC,2023
"518393,0",2023-04-22,sábado,01:35:00,SC,282,"17,5",PALHOCA,Desvio temporário,Colisão com objeto,Com Vítimas Feridas,Plena Noite,Decrescente,Nublado,Simples,Desvio Temporário,Sim,1,0,1,0,0,0,1,1,-27.665707,-48.688065,SPRF-SC,DEL01-SC,UOP02-DEL01-SC,2023
"518412,0",2023-04-22,sábado,05:30:00,SC,101,"193,0",BIGUACU,Ausência de reação do condutor,Colisão com objeto,Com Vítimas Feridas,Amanhecer,Decrescente,Chuva,Dupla,Curva,Não,1,0,1,0,0,0,1,1,-27.48443781,-48.64765238,SPRF-SC,DEL01-SC,UOP01-DEL01-SC,2023
"518472,0",2023-04-22,sábado,11:45:00,SC,282,"95,2",ALFREDO WAGNER,Velocidade Incompatível,Saída de leito carroçável,Com Vítimas Feridas,Pleno dia,Crescente,Céu Claro,Simples,Curva,Não,1,0,0,1,0,0,1,1,-27.71188,-49.255035,SPRF-SC,DEL01-SC,UOP03-DEL01-SC,2023
"518485,0",2023-04-22,sábado,15:50:00,SC,101,"131,0",BALNEARIO CAMBORIU,Carga excessiva e/ou mal acondicionada,Colisão com objeto,Com Vítimas Feridas,Pleno dia,Decrescente,Céu Claro,Múltipla,Reta,Não,4,0,2,0,2,0,2,2,-26.99064209,-48.66310912,SPRF-SC,DEL04-SC,UOP03-DEL04-SC,2023
"518497,0",2023-04-22,sábado,15:50:00,SC,101,"131,0",BALNEARIO CAMBORIU,Obstrução na via,Colisão traseira,Sem Vítimas,Pleno dia,Decrescente,Sol,Dupla,Reta,Sim,2,0,0,0,2,0,0,2,-26.99064209,-48.66310912,SPRF-SC,DEL04-SC,UOP03-DEL04-SC,2023
"518505,0",2023-04-22,sábado,14:40:00,SC,280,"31,0",ARAQUARI,Acessar a via sem observar a presença dos outros veículos,Colisão lateral mesmo sentido,Com Vítimas Feridas,Pleno dia,Crescente,Céu Claro,Simples,Reta,Não,2,0,1,0,1,0,1,2,-26.41649938,-48.77181215,SPRF-SC,DEL03-SC,UOP03-DEL03-SC,2023
"518506,0",2023-04-22,sábado,16:20:00,SC,101,"105,3",PENHA,Reação tardia ou ineficiente do condutor,Colisão traseira,Com Vítimas Feridas,Pleno dia,Crescente,Nublado,Dupla,Curva,Não,4,0,3,0,1,0,3,3,-26.80215497,-48.67891041,SPRF-SC,DEL03-SC,UOP02-DEL03-SC,2023
"518539,0",2023-01-06,sexta-feira,10:27:00,SC,470,"176,2",POUSO REDONDO,Ultrapassagem Indevida,Colisão lateral mesmo sentido,Com Vítimas Feridas,Pleno dia,Decrescente,Céu Claro,Simples,Reta,Sim,3,0,2,0,1,0,2,2,-27.25279832,-49.95175481,SPRF-SC,DEL04-SC,UOP02-DEL04-SC,2023
"518541,0",2023-04-22,sábado,16:30:00,SC,470,"92,0",ASCURRA,Pedestre cruzava a pista fora da faixa,Atropelamento de Pedestre,Com Vítimas Feridas,Pleno dia,Decrescente,Céu Claro,Simples,Reta,Sim,2,0,0,1,0,1,1,2,-27.01106447,-49.37249422,SPRF-SC,DEL04-SC,UOP01-DEL04-SC,2023
"518542,0",2023-04-22,sábado,16:40:00,SC,470,"65,0",INDAIAL,Acesso irregular,Colisão com objeto,Com Vítimas Feridas,Pleno dia,Crescente,Céu Claro,Simples,Em Obras,Sim,1,0,1,0,0,0,1,1,-26.870411,-49.211864,SPRF-SC,DEL04-SC,UOP01-DEL04-SC,2023
"518545,0",2023-04-22,sábado,21:00:00,SC,101,"134,1",BALNEARIO CAMBORIU,Ingestão de álcool e/ou substâncias psicoativas pelo pedestre,Colisão com objeto,Com Vítimas Feridas,Plena Noite,Decrescente,Céu Claro,Múltipla,Aclive;Interseção de Vias,Sim,1,0,1,0,0,0,1,1,-26.99654133,-48.65564711,SPRF-SC,DEL04-SC,UOP03-DEL04-SC,2023
"518546,0",2023-04-22,sábado,18:00:00,SC,163,"1,8",DIONISIO CERQUEIRA,Pedestre andava na pista,Atropelamento de Pedestre,Com Vítimas Feridas,Anoitecer,Decrescente,Céu Claro,Simples,Curva,Sim,2,0,1,0,0,1,1,2,-26.2613,-53.6206,SPRF-SC,DEL07-SC,UOP03-DEL07-SC,2023
"518553,0",2023-04-22,sábado,20:10:00,SC,282,"339,0",CAMPOS NOVOS,Ingestão de álcool pelo condutor,Colisão traseira,Com Vítimas Feridas,Plena Noite,Crescente,Céu Claro,Simples,Reta,Não,3,0,0,1,2,0,1,2,-27.392731,-51.195118,SPRF-SC,DEL07-SC,UOP06-DEL07-SC,2023
"518571,0",2023-04-23,domingo,01:10:00,SC,101,"128,0",BALNEARIO CAMBORIU,Manobra de mudança de faixa,Colisão com objeto,Com Vítimas Feridas,Plena Noite,Crescente,Céu Claro,Dupla,Reta,Sim,4,0,4,0,0,0,4,1,-26.97284292,-48.68299451,SPRF-SC,DEL04-SC,UOP04-DEL04-SC,2023
"518581,0",2023-04-23,domingo,01:40:00,SC,282,"219,0",LAGES,Ingestão de álcool pelo condutor,Saída de leito carroçável,Sem Vítimas,Plena Noite,Crescente,Céu Claro,Simples,Reta,Sim,1,0,0,0,0,1,0,1,-27.795521,-50.323608,SPRF-SC,DEL05-SC,UOP01-DEL05-SC,2023
"518588,0",2023-04-23,domingo,04:50:00,SC,101,"150,0",ITAPEMA,Deficiência do Sistema de Iluminação/Sinalização,Colisão traseira,Com Vítimas Feridas,Plena Noite,Crescente,Céu Claro,Múltipla,Reta,Não,2,0,1,0,0,1,1,2,-27.11744799,-48.60940987,SPRF-SC,DEL04-SC,UOP03-DEL04-SC,2023
"518604,0",2023-04-22,sábado,23:30:00,SC,280,"83,1",CORUPA,Ausência de reação do condutor,Colisão com objeto,Com Vítimas Feridas,Plena Noite,Decrescente,Céu Claro,Simples,Curva,Não,1,0,1,0,0,0,1,1,-26.43797588,-49.23478097,SPRF-SC,DEL06-SC,UOP03-DEL06-SC,2023
"518605,0",2023-04-22,sábado,13:15:00,SC,470,"65,0",INDAIAL,Demais falhas mecânicas ou elétricas,Capotamento,Com Vítimas Feridas,Pleno dia,Crescente,Nublado,Simples,Reta,Sim,2,0,2,0,0,0,2,1,-26.870411,-49.211864,SPRF-SC,DEL04-SC,UOP01-DEL04-SC,2023
"518607,0",2023-04-23,domingo,04:20:00,SC,282,"566,0",NOVA ERECHIM,Ausência de reação do condutor,Colisão com objeto,Com Vítimas Feridas,Plena Noite,Crescente,Céu Claro,Simples,Reta,Não,1,0,0,1,0,0,1,1,-26.8994693,-52.8851064,SPRF-SC,DEL07-SC,UOP02-DEL07-SC,2023
"518621,0",2023-04-23,domingo,08:15:00,SC,280,"56,0",GUARAMIRIM,Velocidade Incompatível,Colisão traseira,Com Vítimas Feridas,Pleno dia,Crescente,Garoa/Chuvisco,Dupla,Rotatória,Não,2,0,1,0,1,0,1,2,-26.47947677,-49.00298702,SPRF-SC,DEL03-SC,UOP03-DEL03-SC,2023
"518637,0",2023-04-23,domingo,08:00:00,SC,101,"407,8",ARARANGUA,Reação tardia ou ineficiente do condutor,Saída de leito carroçável,Sem Vítimas,Pleno dia,Crescente,Céu Claro,Simples,Curva,Não,1,0,0,0,0,1,0,1,-28.90009415,-49.47472781,SPRF-SC,DEL02-SC,UOP02-DEL02-SC,2023
"518642,0",2023-04-23,domingo,10:50:00,SC,101,"74,0",ARAQUARI,Velocidade Incompatível,Queda de ocupante de veículo,Com Vítimas Feridas,Pleno dia,Decrescente,Sol,Dupla,Reta,Não,1,0,1,0,0,0,1,1,-26.54446209,-48.71214452,SPRF-SC,DEL03-SC,UOP02-DEL03-SC,2023
"518651,0",2023-04-23,domingo,11:00:00,SC,282,"24,6",SANTO AMARO DA IMPERATRIZ,Desrespeitar a preferência no cruzamento,Colisão transversal,Com Vítimas Feridas,Pleno dia,Decrescente,Nublado,Simples,Interseção de Vias,Sim,2,0,0,1,1,0,1,2,-27.68268,-48.744614,SPRF-SC,DEL01-SC,UOP03-DEL01-SC,2023
"518671,0",2023-04-23,domingo,14:50:00,SC,280,"23,0",ARAQUARI,Acessar a via sem observar a presença dos outros veículos,Colisão lateral mesmo sentido,Com Vítimas Feridas,Pleno dia,Crescente,Nublado,Simples,Rotatória,Sim,3,0,1,0,2,0,1,2,-26.37146,-48.711887,SPRF-SC,DEL03-SC,UOP03-DEL03-SC,2023
"518672,0",2023-04-23,domingo,14:55:00,SC,101,"206,3",SAO JOSE,Trafegar com motocicleta (ou similar) entre as faixas,Colisão lateral mesmo sentido,Com Vítimas Feridas,Pleno dia,Decrescente,Nublado,Múltipla,Reta,Sim,3,0,1,0,2,0,1,3,-27.59193546,-48.61824557,SPRF-SC,DEL01-SC,UOP01-DEL01-SC,2023
"518686,0",2023-04-23,domingo,14:40:00,SC,282,"26,6",SANTO AMARO DA IMPERATRIZ,Ultrapassagem Indevida,Colisão transversal,Com Vítimas Feridas,Pleno dia,Decrescente,Nublado,Simples,Interseção de Vias;Reta,Sim,3,0,2,0,1,0,2,2,-27.680267,-48.762482,SPRF-SC,DEL01-SC,UOP03-DEL01-SC,2023
"518687,0",2023-04-23,domingo,15:40:00,SC,101,"149,0",ITAPEMA,Trafegar com motocicleta (ou similar) entre as faixas,Colisão traseira,Com Vítimas Feridas,Pleno dia,Decrescente,Nublado,Dupla,Reta,Sim,3,0,0,1,1,1,1,3,-27.1089649,-48.61277586,SPRF-SC,DEL04-SC,UOP03-DEL04-SC,2023
"518688,0",2023-04-23,domingo,14:40:00,SC,280,"11,0",SAO FRANCISCO DO SUL,Acessar a via sem observar a presença dos outros veículos,Colisão transversal,Com Vítimas Feridas,Pleno dia,Crescente,Chuva,Simples,Reta;Declive,Não,6,0,4,0,2,0,4,3,-26.304752,-48.641014,SPRF-SC,DEL03-SC,UOP03-DEL03-SC,2023
"518689,0",2023-04-23,domingo,15:10:00,SC,470,"62,0",INDAIAL,Acessar a via sem observar a presença dos outros veículos,Colisão traseira,Com Vítimas Feridas,Pleno dia,Crescente,Nublado,Simples,Reta,Sim,2,0,1,0,1,0,1,2,-26.874521,-49.182938,SPRF-SC,DEL04-SC,UOP01-DEL04-SC,2023
"518691,0",2023-04-23,domingo,15:10:00,SC,280,"73,9",JARAGUA DO SUL,Acessar a via sem observar a presença dos outros veículos,Colisão transversal,Com Vítimas Feridas,Pleno dia,Crescente,Nublado,Simples,Rotatória,Sim,2,0,1,0,1,0,1,2,-26.45917102,-49.15245,SPRF-SC,DEL03-SC,UOP03-DEL03-SC,2023
"518701,0",2023-04-23,domingo,15:55:00,SC,282,"64,1",RANCHO QUEIMADO,Velocidade Incompatível,Saída de leito carroçável,Com Vítimas Feridas,Pleno dia,Decrescente,Chuva,Simples,Curva,Não,6,0,3,0,3,0,3,1,-27.695372,-49.042824,SPRF-SC,DEL01-SC,UOP03-DEL01-SC,2023
"518719,0",2023-04-23,domingo,18:20:00,SC,282,"24,6",SANTO AMARO DA IMPERATRIZ,Desrespeitar a preferência no cruzamento,Colisão transversal,Com Vítimas Feridas,Plena Noite,Decrescente,Chuva,Simples,Interseção de Vias;Reta;Viaduto,Sim,2,0,0,1,1,0,1,2,-27.68268,-48.744614,SPRF-SC,DEL01-SC,UOP03-DEL01-SC,2023
"518720,0",2023-04-23,domingo,18:55:00,SC,101,"195,2",BIGUACU,Acessar a via sem observar a presença dos outros veículos,Colisão transversal,Com Vítimas Feridas,Plena Noite,Crescente,Chuva,Dupla,Reta,Sim,3,0,2,0,1,0,2,2,-27.5047092,-48.65010819,SPRF-SC,DEL01-SC,UOP01-DEL01-SC,2023
"518721,0",2023-04-23,domingo,18:40:00,SC,101,"151,9",PORTO BELO,Ausência de reação do condutor,Engavetamento,Com Vítimas Feridas,Anoitecer,Decrescente,Céu Claro,Dupla,Reta,Sim,4,0,1,0,3,0,1,4,-27.126536,-48.609642,SPRF-SC,DEL04-SC,UOP03-DEL04-SC,2023
"518722,0",2023-04-23,domingo,17:00:00,SC,101,"246,0",PAULO LOPES,Demais falhas mecânicas ou elétricas,Queda de ocupante de veículo,Com Vítimas Feridas,Pleno dia,Decrescente,Nublado,Dupla,Reta,Não,2,0,1,0,1,0,1,1,-27.91036709,-48.64998267,SPRF-SC,DEL02-SC,UOP03-DEL02-SC,2023
"518737,0",2023-04-23,domingo,18:20:00,SC,282,"560,1",NOVA ITABERABA,Ultrapassagem Indevida,Colisão frontal,Com Vítimas Feridas,Plena Noite,Crescente,Céu Claro,Simples,Declive;Reta,Não,6,0,4,1,1,0,5,2,-26.927135,-52.856205,SPRF-SC,DEL07-SC,UOP01-DEL07-SC,2023
"518740,0",2023-04-23,domingo,19:40:00,SC,282,"5,0",SAO JOSE,Ausência de reação do condutor,Colisão com objeto,Com Vítimas Feridas,Plena Noite,Decrescente,Chuva,Simples,Curva;Aclive,Não,1,0,1,0,0,0,1,1,-27.588425,-48.612919,SPRF-SC,DEL01-SC,UOP01-DEL01-SC,2023
"518742,0",2023-04-23,domingo,17:30:00,SC,101,"37,3",JOINVILLE,Condutor Dormindo,Colisão com objeto,Com Vítimas Feridas,Pleno dia,Decrescente,Chuva,Dupla,Reta,Não,2,0,2,0,0,0,2,1,-26.25050176,-48.90863867,SPRF-SC,DEL03-SC,UOP01-DEL03-SC,2023
"518756,0",2023-04-23,domingo,20:55:00,SC,101,"201,3",SAO JOSE,Velocidade Incompatível,Saída de leito carroçável,Com Vítimas Fatais,Plena Noite,Crescente,Garoa/Chuvisco,Múltipla,Reta,Sim,1,1,0,0,0,0,0,1,-27.5518173,-48.6197651,SPRF-SC,DEL01-SC,UOP01-DEL01-SC,2023
"518763,0",2023-04-23,domingo,22:30:00,SC,282,"498,8",XANXERE,Manobra de mudança de faixa,Colisão lateral mesmo sentido,Com Vítimas Feridas,Plena Noite,Crescente,Céu Claro,Simples,Aclive,Não,7,0,1,0,6,0,1,2,-26.879793,-52.353662,SPRF-SC,DEL07-SC,UOP01-DEL07-SC,2023
"518797,0",2023-04-24,segunda-feira,03:10:00,SC,282,"424,0",VARGEM BONITA,Ausência de reação do condutor,Saída de leito carroçável,Com Vítimas Feridas,Plena Noite,Decrescente,Nevoeiro/Neblina,Dupla,Curva,Não,1,0,0,1,0,0,1,1,-26.988014,-51.753124,SPRF-SC,DEL07-SC,UOP05-DEL07-SC,2023
"518820,0",2023-04-24,segunda-feira,07:10:00,SC,282,"0,1",FLORIANOPOLIS,Manobra de mudança de faixa,Colisão lateral mesmo sentido,Com Vítimas Feridas,Pleno dia,Decrescente,Garoa/Chuvisco,Múltipla,Reta,Não,3,0,1,0,1,1,1,3,-27.59845,-48.571995,SPRF-SC,DEL01-SC,UOP01-DEL01-SC,2023
"518858,0",2023-04-24,segunda-feira,01:20:00,SC,282,"443,0",PONTE SERRADA,Velocidade Incompatível,Colisão com objeto,Sem Vítimas,Plena Noite,Crescente,Ignorado,Simples,Curva;Aclive,Não,1,0,0,0,0,1,0,1,-26.917578,-51.890999,SPRF-SC,DEL07-SC,UOP04-DEL07-SC,2023
"518901,0",2023-04-24,segunda-feira,11:00:00,SC,101,"138,0",BALNEARIO CAMBORIU,Ausência de reação do condutor,Engavetamento,Com Vítimas Feridas,Pleno dia,Crescente,Garoa/Chuvisco,Dupla,Curva,Sim,3,0,1,0,2,0,1,3,-27.02397426,-48.60761649,SPRF-SC,DEL04-SC,UOP03-DEL04-SC,2023
"518912,0",2023-04-24,segunda-feira,14:00:00,SC,101,"35,7",JOINVILLE,Manobra de mudança de faixa,Queda de ocupante de veículo,Com Vítimas Feridas,Pleno dia,Decrescente,Céu Claro,Dupla,Reta,Não,2,0,0,2,0,0,2,1,-26.2411301,-48.91227415,SPRF-SC,DEL03-SC,UOP01-DEL03-SC,2023
"518957,0",2023-02-23,quinta-feira,14:10:00,SC,116,"282,5",CAPAO ALTO,Avarias e/ou desgaste excessivo no pneu,Saída de leito carroçável,Com Vítimas Feridas,Pleno dia,Crescente,Chuva,Simples,Curva;Aclive,Não,1,0,1,0,0,0,1,1,-28.05640401,-50.56866393,SPRF-SC,DEL05-SC,UOP02-DEL05-SC,2023
"518972,0",2023-04-24,segunda-feira,18:25:00,SC,470,"125,9",LONTRAS,Carga excessiva e/ou mal acondicionada,Queda de ocupante de veículo,Com Vítimas Feridas,Plena Noite,Crescente,Nublado,Simples,Reta,Não,1,0,0,1,0,0,1,1,-27.120506,-49.534946,SPRF-SC,DEL04-SC,UOP02-DEL04-SC,2023
"518976,0",2023-04-24,segunda-feira,19:00:00,SC,101,"332,6",TUBARAO,Acessar a via sem observar a presença dos outros veículos,Colisão transversal,Com Vítimas Feridas,Plena Noite,Decrescente,Céu Claro,Simples,Interseção de Vias,Não,3,0,2,0,1,0,2,2,-28.46016431,-48.98968873,SPRF-SC,DEL02-SC,UOP01-DEL02-SC,2023
"518977,0",2023-04-24,segunda-feira,17:30:00,SC,282,"461,0",PONTE SERRADA,Entrada inopinada do pedestre,Atropelamento de Pedestre,Com Vítimas Feridas,Pleno dia,Decrescente,Céu Claro,Simples,Reta,Sim,3,0,1,1,1,0,2,2,-26.856403,-52.041328,SPRF-SC,DEL07-SC,UOP04-DEL07-SC,2023
"518982,0",2023-04-24,segunda-feira,20:30:00,SC,101,"117,0",ITAJAI,Acessar a via sem observar a presença dos outros veículos,Colisão lateral mesmo sentido,Com Vítimas Feridas,Plena Noite,Decrescente,Céu Claro,Múltipla,Interseção de Vias;Rotatória,Sim,2,0,1,0,0,1,1,2,-26.88961711,-48.72110367,SPRF-SC,DEL04-SC,UOP04-DEL04-SC,2023
"518998,0",2023-04-24,segunda-feira,12:50:00,SC,101,"122,0",ITAJAI,Ausência de reação do condutor,Queda de ocupante de veículo,Com Vítimas Feridas,Pleno dia,Crescente,Céu Claro,Dupla,Viaduto,Sim,1,0,1,0,0,0,1,1,-26.92955916,-48.70499836,SPRF-SC,DEL04-SC,UOP04-DEL04-SC,2023
"519018,0",2023-04-25,terça-feira,06:13:00,SC,101,"330,2",TUBARAO,Condutor Dormindo,Saída de leito carroçável,Com Vítimas Feridas,Pleno dia,Decrescente,Céu Claro,Dupla,Reta,Não,15,0,10,1,4,0,11,1,-28.457235,-48.983597,SPRF-SC,DEL02-SC,UOP01-DEL02-SC,2023
"519046,0",2023-04-25,terça-feira,07:15:00,SC,280,"143,6",MAFRA,Acessar a via sem observar a presença dos outros veículos,Colisão transversal,Com Vítimas Feridas,Pleno dia,Crescente,Céu Claro,Simples,Curva,Não,2,0,0,1,1,0,1,2,-26.24541406,-49.63661103,SPRF-SC,DEL06-SC,UOP03-DEL06-SC,2023
"519065,0",2023-04-25,terça-feira,09:50:00,SC,101,"118,0",ITAJAI,Manobra de mudança de faixa,Colisão traseira,Com Vítimas Feridas,Pleno dia,Crescente,Nublado,Dupla,Reta,Não,2,0,1,0,1,0,1,2,-26.895859,-48.71903,SPRF-SC,DEL04-SC,UOP04-DEL04-SC,2023
"519066,0",2023-04-25,terça-feira,07:45:00,SC,470,"54,0",BLUMENAU,Pedestre cruzava a pista fora da faixa,Atropelamento de Pedestre,Com Vítimas Feridas,Pleno dia,Decrescente,Nublado,Simples,Interseção de Vias,Não,2,0,1,0,1,0,1,2,-26.871065,-49.110374,SPRF-SC,DEL04-SC,UOP01-DEL04-SC,2023
"519104,0",2023-04-24,segunda-feira,18:30:00,SC,282,"551,0",NOVA ITABERABA,Ausência de reação do condutor,Saída de leito carroçável,Sem Vítimas,Plena Noite,Crescente,Céu Claro,Simples,Curva;Declive,Não,1,0,0,0,1,0,0,1,-26.951487,-52.778172,SPRF-SC,DEL07-SC,UOP01-DEL07-SC,2023
"519109,0",2023-04-25,terça-feira,10:29:00,SC,101,"334,0",TUBARAO,Desrespeitar a preferência no cruzamento,Colisão transversal,Com Vítimas Feridas,Pleno dia,Decrescente,Céu Claro,Simples,Reta;Interseção de Vias;Rotatória;Viaduto,Sim,3,0,0,1,2,0,1,2,-28.465975,-48.99542928,SPRF-SC,DEL02-SC,UOP01-DEL02-SC,2023
"519130,0",2023-03-25,sábado,08:00:00,SC,470,"77,9",RODEIO,Transitar na contramão,Colisão frontal,Com Vítimas Fatais,Pleno dia,Crescente,Nublado,Simples,Curva,Não,5,2,0,2,1,0,2,3,-26.9490099,-49.2975402,SPRF-SC,DEL04-SC,UOP01-DEL04-SC,2023
"519138,0",2023-04-25,terça-feira,04:30:00,SC,101,"214,2",PALHOCA,Velocidade Incompatível,Colisão com objeto,Sem Vítimas,Plena Noite,Decrescente,Nublado,Múltipla,Reta,Não,1,0,0,0,0,1,0,1,-27.64443,-48.67057,SPRF-SC,DEL01-SC,UOP02-DEL01-SC,2023
"519163,0",2023-04-25,terça-feira,16:45:00,SC,470,"139,2",RIO DO SUL,Condutor deixou de manter distância do veículo da frente,Colisão traseira,Com Vítimas Feridas,Pleno dia,Crescente,Sol,Simples,Reta,Sim,2,0,1,0,1,0,1,2,-27.217564,-49.65461,SPRF-SC,DEL04-SC,UOP02-DEL04-SC,2023
"519178,0",2023-04-25,terça-feira,18:36:00,SC,101,"212,3",PALHOCA,Condutor deixou de manter distância do veículo da frente,Engavetamento,Com Vítimas Feridas,Anoitecer,Decrescente,Céu Claro,Múltipla,Reta,Não,3,0,1,0,2,0,1,3,-27.62996929,-48.65903871,SPRF-SC,DEL01-SC,UOP02-DEL01-SC,2023
"519186,0",2023-04-25,terça-feira,18:45:00,SC,101,"214,0",PALHOCA,Ausência de reação do condutor,Capotamento,Com Vítimas Feridas,Plena Noite,Decrescente,Céu Claro,Múltipla,Reta,Não,1,0,1,0,0,0,1,1,-27.64443,-48.67057,SPRF-SC,DEL01-SC,UOP02-DEL01-SC,2023
"519189,0",2023-04-25,terça-feira,18:15:00,SC,101,"148,0",ITAPEMA,Ausência de reação do condutor,Colisão transversal,Com Vítimas Feridas,Anoitecer,Decrescente,Céu Claro,Simples,Reta,Sim,2,0,1,0,1,0,1,2,-27.11744799,-48.60940987,SPRF-SC,DEL04-SC,UOP03-DEL04-SC,2023
"519192,0",2023-04-25,terça-feira,19:00:00,SC,470,"26,0",GASPAR,Área urbana sem a presença de local apropriado para a travessia de pedestres,Atropelamento de Pedestre,Com Vítimas Feridas,Plena Noite,Crescente,Céu Claro,Dupla,Reta,Não,2,0,0,1,1,0,1,2,-26.887402,-48.875191,SPRF-SC,DEL04-SC,UOP04-DEL04-SC,2023
"519197,0",2023-04-25,terça-feira,17:38:00,SC,116,"246,1",LAGES,Desrespeitar a preferência no cruzamento,Colisão transversal,Com Vítimas Feridas,Plena Noite,Crescente,Céu Claro,Simples,Interseção de Vias;Reta;Aclive,Sim,3,0,1,1,1,0,2,2,-27.80419942,-50.36509464,SPRF-SC,DEL05-SC,UOP02-DEL05-SC,2023
"519228,0",2023-04-25,terça-feira,23:15:00,SC,101,"134,0",BALNEARIO CAMBORIU,Acessar a via sem observar a presença dos outros veículos,Atropelamento de Pedestre,Com Vítimas Feridas,Plena Noite,Crescente,Ignorado,Dupla,Reta,Sim,2,0,1,0,1,0,1,2,-27.00218,-48.636433,SPRF-SC,DEL04-SC,UOP03-DEL04-SC,2023
"519231,0",2023-04-26,quarta-feira,01:25:00,SC,101,"131,0",BALNEARIO CAMBORIU,Demais falhas mecânicas ou elétricas,Tombamento,Com Vítimas Feridas,Plena Noite,Decrescente,Céu Claro,Dupla,Interseção de Vias,Sim,1,0,0,1,0,0,1,1,-26.99064209,-48.66310912,SPRF-SC,DEL04-SC,UOP03-DEL04-SC,2023
"519248,0",2023-04-26,quarta-feira,06:30:00,SC,101,"124,0",ITAJAI,Demais falhas mecânicas ou elétricas,Tombamento,Com Vítimas Feridas,Amanhecer,Decrescente,Garoa/Chuvisco,Dupla,Reta,Sim,1,0,1,0,0,0,1,1,-26.94335064,-48.69198648,SPRF-SC,DEL04-SC,UOP04-DEL04-SC,2023