id,data_inversa,dia_semana,horario,uf,br,km,municipio,causa_acidente,tipo_acidente,classificacao_acidente,fase_dia,sentido_via,condicao_metereologica,tipo_pista,tracado_via,uso_solo,pessoas,mortos,feridos_leves,feridos_graves,ilesos,ignorados,feridos,veiculos,latitude,longitude,regional,delegacia,uop,ano_arquivo
"520142,0",2023-04-30,domingo,06:20:00,SC,282,"505,2",XANXERE,Velocidade Incompatível,Colisão traseira,Com Vítimas Feridas,Pleno dia,Crescente,Céu Claro,Simples,Reta,Sim,4,0,1,0,3,0,1,2,-26.885883,-52.418762,SPRF-SC,DEL07-SC,UOP01-DEL07-SC,2023
"520156,0",2023-04-30,domingo,04:40:00,SC,282,"98,7",ALFREDO WAGNER,Condutor Dormindo,Colisão com objeto,Com Vítimas Feridas,Plena Noite,Crescente,Nublado,Simples,Curva;Ponte,Não,1,0,1,0,0,0,1,1,-27.702288,-49.279648,SPRF-SC,DEL01-SC,UOP03-DEL01-SC,2023
"520200,0",2023-04-30,domingo,14:00:00,SC,101,"37,8",JOINVILLE,Avarias e/ou desgaste excessivo no pneu,Tombamento,Com Vítimas Feridas,Pleno dia,Crescente,Nublado,Múltipla,Curva,Sim,2,0,1,1,0,0,2,1,-26.29217808,-48.88483644,SPRF-SC,DEL03-SC,UOP01-DEL03-SC,2023
"520219,0",2023-04-30,domingo,03:50:00,SC,282,"303,0",VARGEM,Ausência de reação do condutor,Saída de leito carroçável,Com Vítimas Feridas,Pleno dia,Crescente,Céu Claro,Simples,Curva,Não,1,0,0,1,0,0,1,1,-27.49877,-50.931053,SPRF-SC,DEL07-SC,UOP06-DEL07-SC,2023
"520235,0",2023-04-30,domingo,17:55:00,SC,280,"4,5",SAO FRANCISCO DO SUL,Manobra de mudança de faixa,Colisão lateral mesmo sentido,Com Vítimas Feridas,Anoitecer,Crescente,Nublado,Simples,Reta,Sim,2,0,1,0,1,0,1,2,-26.25329566,-48.61916042,SPRF-SC,DEL03-SC,UOP03-DEL03-SC,2023
"520237,0",2023-04-30,domingo,17:20:00,SC,101,"82,8",BARRA VELHA,Reação tardia ou ineficiente do condutor,Colisão lateral mesmo sentido,Com Vítimas Feridas,Anoitecer,Decrescente,Nublado,Simples,Declive,Sim,2,0,1,0,1,0,1,2,-26.61791999,-48.71861458,SPRF-SC,DEL03-SC,UOP02-DEL03-SC,2023
"520244,0",2023-04-30,domingo,18:30:00,SC,101,"117,6",ITAJAI,Ingestão de álcool pelo condutor,Colisão traseira,Com Vítimas Feridas,Plena Noite,Crescente,Céu Claro,Múltipla,Reta,Sim,2,0,1,0,1,0,1,2,-26.89243988,-48.7207067,SPRF-SC,DEL04-SC,UOP04-DEL04-SC,2023
"520248,0",2023-04-30,domingo,17:30:00,SC,101,"409,2",ARARANGUA,Condutor deixou de manter distância do veículo da frente,Colisão traseira,Com Vítimas Feridas,Pleno dia,Decrescente,Céu Claro,Simples,Reta;Declive,Sim,3,0,2,0,1,0,2,2,-28.93485263,-49.49512482,SPRF-SC,DEL02-SC,UOP02-DEL02-SC,2023
"520252,0",2023-04-30,domingo,18:45:00,SC,282,"40,5",AGUAS MORNAS,Desrespeitar a preferência no cruzamento,Colisão transversal,Com Vítimas Feridas,Plena Noite,Crescente,Céu Claro,Simples,Interseção de Vias,Não,3,0,1,1,1,0,2,2,-27.716148,-48.869583,SPRF-SC,DEL01-SC,UOP03-DEL01-SC,2023
"520258,0",2023-04-30,domingo,18:20:00,SC,282,"654,9",SAO MIGUEL DO OESTE,Reação tardia ou ineficiente do condutor,Saída de leito carroçável,Sem Vítimas,Anoitecer,Crescente,Céu Claro,Simples,Curva,Não,1,0,0,0,0,1,0,1,-26.69823208,-53.53388786,SPRF-SC,DEL07-SC,UOP03-DEL07-SC,2023
"520285,0",2023-04-30,domingo,20:30:00,SC,282,"18,0",PALHOCA,Ausência de reação do condutor,Colisão com objeto,Sem Vítimas,Plena Noite,Crescente,Céu Claro,Simples,Desvio Temporário;Em Obras,Não,1,0,0,0,1,0,0,1,-27.672798,-48.694286,SPRF-SC,DEL01-SC,UOP02-DEL01-SC,2023
"520288,0",2023-04-30,domingo,21:50:00,SC,101,"158,0",PORTO BELO,Ingestão de álcool pelo condutor,Colisão lateral mesmo sentido,Com Vítimas Feridas,Plena Noite,Crescente,Céu Claro,Dupla,Reta,Não,3,0,2,0,1,0,2,2,-27.19096301,-48.61259017,SPRF-SC,DEL04-SC,UOP03-DEL04-SC,2023
"520296,0",2023-04-30,domingo,20:40:00,SC,282,"548,8",CHAPECO,Acessar a via sem observar a presença dos outros veículos,Colisão frontal,Com Vítimas Feridas,Plena Noite,Decrescente,Céu Claro,Simples,Reta,Não,4,0,1,2,1,0,3,2,-26.968346,-52.753883,SPRF-SC,DEL07-SC,UOP01-DEL07-SC,2023
"520302,0",2023-04-30,domingo,17:20:00,SC,101,"322,0",PESCARIA BRAVA,Reação tardia ou ineficiente do condutor,Tombamento,Com Vítimas Feridas,Anoitecer,Crescente,Céu Claro,Dupla,Curva,Sim,2,0,1,0,0,1,1,1,-28.42491971,-48.90238108,SPRF-SC,DEL02-SC,UOP01-DEL02-SC,2023
"520316,0",2023-05-01,segunda-feira,02:30:00,SC,101,"213,6",PALHOCA,Ingestão de substâncias psicoativas pelo condutor,Colisão com objeto,Sem Vítimas,Plena Noite,Crescente,Céu Claro,Múltipla,Reta,Sim,1,0,0,0,1,0,0,1,-27.63697369,-48.66514142,SPRF-SC,DEL01-SC,UOP02-DEL01-SC,2023
"520318,0",2023-05-01,segunda-feira,04:30:00,SC,101,"193,0",BIGUACU,Ausência de reação do condutor,Colisão com objeto,Sem Vítimas,Plena Noite,Crescente,Céu Claro,Dupla,Reta;Interseção de Vias,Sim,1,0,0,0,0,1,0,1,-27.489574,-48.655914,SPRF-SC,DEL01-SC,UOP01-DEL01-SC,2023
"520319,0",2023-04-30,domingo,20:10:00,SC,101,"96,0",BARRA VELHA,Ausência de reação do condutor,Saída de leito carroçável,Sem Vítimas,Plena Noite,Crescente,Garoa/Chuvisco,Múltipla,Reta,Não,1,0,0,0,0,1,0,1,-26.718427,-48.70233,SPRF-SC,DEL03-SC,UOP02-DEL03-SC,2023
"520320,0",2023-05-01,segunda-feira,03:50:00,SC,101,"206,6",SAO JOSE,Ausência de reação do condutor,Queda de ocupante de veículo,Com Vítimas Fatais,Plena Noite,Decrescente,Céu Claro,Múltipla,Curva,Sim,1,1,0,0,0,0,0,1,-27.5969001,-48.6198513,SPRF-SC,DEL01-SC,UOP01-DEL01-SC,2023
"520339,0",2023-05-01,segunda-feira,07:30:00,SC,101,"103,0",BALNEARIO PICARRAS,Avarias e/ou desgaste excessivo no pneu,Queda de ocupante de veículo,Com Vítimas Feridas,Pleno dia,Decrescente,Céu Claro,Dupla,Reta,Não,1,0,1,0,0,0,1,1,-26.7832381,-48.68314632,SPRF-SC,DEL03-SC,UOP02-DEL03-SC,2023
"520357,0",2023-05-01,segunda-feira,10:30:00,SC,280,"66,9",JARAGUA DO SUL,Acesso irregular,Colisão lateral mesmo sentido,Com Vítimas Feridas,Pleno dia,Decrescente,Nublado,Simples,Reta;Interseção de Vias,Sim,3,0,2,0,1,0,2,2,-26.47606607,-49.09568797,SPRF-SC,DEL03-SC,UOP03-DEL03-SC,2023
"520376,0",2023-05-01,segunda-feira,14:05:00,SC,101,"152,0",PORTO BELO,Ausência de reação do condutor,Colisão com objeto,Com Vítimas Feridas,Pleno dia,Decrescente,Céu Claro,Dupla,Reta,Sim,2,0,2,0,0,0,2,1,-27.13563503,-48.61004665,SPRF-SC,DEL04-SC,UOP03-DEL04-SC,2023
"520387,0",2023-05-01,segunda-feira,11:45:00,SC,282,"204,0",LAGES,Condutor deixou de manter distância do veículo da frente,Colisão traseira,Com Vítimas Feridas,Pleno dia,Crescente,Céu Claro,Simples,Reta,Não,5,0,2,0,3,0,2,2,-27.768663,-50.172195,SPRF-SC,DEL05-SC,UOP01-DEL05-SC,2023
"520395,0",2023-05-01,segunda-feira,15:10:00,SC,280,"9,5",SAO FRANCISCO DO SUL,Demais falhas mecânicas ou elétricas,Tombamento,Com Vítimas Feridas,Pleno dia,Crescente,Céu Claro,Simples,Reta,Sim,3,0,2,0,1,0,2,2,-26.304752,-48.641014,SPRF-SC,DEL03-SC,UOP03-DEL03-SC,2023
"520398,0",2023-05-01,segunda-feira,15:30:00,SC,101,"101,9",BALNEARIO PICARRAS,Avarias e/ou desgaste excessivo no pneu,Tombamento,Com Vítimas Feridas,Pleno dia,Crescente,Céu Claro,Múltipla,Reta,Não,1,0,1,0,0,0,1,1,-26.76404198,-48.68657667,SPRF-SC,DEL03-SC,UOP02-DEL03-SC,2023
"520399,0",2023-05-01,segunda-feira,15:13:00,SC,470,"158,1",TROMBUDO CENTRAL,Condutor deixou de manter distância do veículo da frente,Colisão traseira,Com Vítimas Feridas,Pleno dia,Decrescente,Céu Claro,Simples,Reta,Não,2,0,1,0,1,0,1,2,-27.287016,-49.778389,SPRF-SC,DEL04-SC,UOP02-DEL04-SC,2023
"520400,0",2023-05-01,segunda-feira,14:00:00,SC,282,"512,3",XANXERE,Condutor deixou de manter distância do veículo da frente,Colisão traseira,Com Vítimas Feridas,Pleno dia,Crescente,Céu Claro,Simples,Declive;Reta,Não,4,0,1,0,3,0,1,2,-26.910799,-52.472099,SPRF-SC,DEL07-SC,UOP01-DEL07-SC,2023
"520401,0",2023-05-01,segunda-feira,14:05:00,SC,282,"521,6",XAXIM,Acessar a via sem observar a presença dos outros veículos,Colisão transversal,Com Vítimas Feridas,Pleno dia,Decrescente,Céu Claro,Simples,Aclive;Interseção de Vias,Sim,3,0,1,0,2,0,1,2,-26.95283023,-52.53838062,SPRF-SC,DEL07-SC,UOP01-DEL07-SC,2023
"520412,0",2023-05-01,segunda-feira,16:15:00,SC,101,"152,5",PORTO BELO,Ingestão de álcool pelo condutor,Colisão com objeto,Sem Vítimas,Pleno dia,Crescente,Céu Claro,Dupla,Reta,Não,1,0,0,0,1,0,0,1,-27.16292,-48.61129,SPRF-SC,DEL04-SC,UOP03-DEL04-SC,2023
"520417,0",2023-05-01,segunda-feira,16:10:00,SC,101,"74,5",ARAQUARI,Desrespeitar a preferência no cruzamento,Colisão transversal,Com Vítimas Feridas,Pleno dia,Crescente,Céu Claro,Dupla,Curva,Não,2,0,0,2,0,0,2,2,-26.54446209,-48.71214452,SPRF-SC,DEL03-SC,UOP02-DEL03-SC,2023
"520421,0",2023-05-01,segunda-feira,16:29:00,SC,101,"152,4",PORTO BELO,Condutor deixou de manter distância do veículo da frente,Colisão traseira,Sem Vítimas,Pleno dia,Decrescente,Céu Claro,Dupla,Reta,Não,2,0,0,0,2,0,0,2,-27.16292,-48.61129,SPRF-SC,DEL04-SC,UOP03-DEL04-SC,2023
"520434,0",2023-05-01,segunda-feira,18:15:00,SC,101,"131,0",BALNEARIO CAMBORIU,Ausência de reação do condutor,Colisão traseira,Com Vítimas Feridas,Plena Noite,Decrescente,Céu Claro,Múltipla,Reta,Não,3,0,0,2,1,0,2,2,-26.99064209,-48.66310912,SPRF-SC,DEL04-SC,UOP03-DEL04-SC,2023
"520436,0",2023-05-01,segunda-feira,17:00:00,SC,101,"409,0",ARARANGUA,Reação tardia ou ineficiente do condutor,Colisão com objeto,Com Vítimas Feridas,Pleno dia,Crescente,Céu Claro,Dupla,Curva,Não,5,0,1,0,4,0,1,1,-28.92301797,-49.50272441,SPRF-SC,DEL02-SC,UOP02-DEL02-SC,2023
"520446,0",2023-05-01,segunda-feira,19:15:00,SC,282,"5,5",SAO JOSE,Condutor deixou de manter distância do veículo da frente,Colisão traseira,Com Vítimas Feridas,Plena Noite,Crescente,Céu Claro,Dupla,Curva,Sim,3,0,1,0,1,1,1,2,-27.588425,-48.612919,SPRF-SC,DEL01-SC,UOP01-DEL01-SC,2023
"520484,0",2023-05-01,segunda-feira,18:45:00,SC,280,"81,0",CORUPA,Conversão proibida,Colisão traseira,Com Vítimas Feridas,Plena Noite,Decrescente,Céu Claro,Simples,Reta,Sim,2,0,1,0,1,0,1,2,-26.44057489,-49.217056,SPRF-SC,DEL06-SC,UOP03-DEL06-SC,2023
"520491,0",2023-05-01,segunda-feira,21:15:00,SC,101,"209,0",SAO JOSE,Condutor deixou de manter distância do veículo da frente,Colisão traseira,Sem Vítimas,Plena Noite,Crescente,Céu Claro,Dupla,Reta,Não,2,0,0,0,2,0,0,2,-27.61000542,-48.63895057,SPRF-SC,DEL01-SC,UOP01-DEL01-SC,2023
"520497,0",2023-05-01,segunda-feira,19:30:00,SC,158,"135,0",PALMITOS,Obras na pista,Saída de leito carroçável,Com Vítimas Feridas,Plena Noite,Decrescente,Céu Claro,Simples,Interseção de Vias;Em Obras,Não,1,0,1,0,0,0,1,1,-27.07964683,-53.22476864,SPRF-SC,DEL07-SC,UOP02-DEL07-SC,2023
"520508,0",2023-05-01,segunda-feira,23:05:00,SC,101,"205,6",SAO JOSE,Ausência de reação do condutor,Tombamento,Sem Vítimas,Pleno dia,Crescente,Nublado,Múltipla,Reta,Sim,1,0,0,0,1,0,0,1,-27.58313237,-48.61532885,SPRF-SC,DEL01-SC,UOP01-DEL01-SC,2023
"520526,0",2023-05-01,segunda-feira,22:20:00,SC,101,"282,2",IMBITUBA,Ingestão de álcool pelo condutor,Tombamento,Com Vítimas Feridas,Plena Noite,Crescente,Céu Claro,Múltipla,Rotatória;Interseção de Vias;Viaduto,Sim,2,0,2,0,0,0,2,1,-28.21507192,-48.70017171,SPRF-SC,DEL02-SC,UOP03-DEL02-SC,2023
"520551,0",2023-05-02,terça-feira,02:50:00,SC,101,"122,0",ITAJAI,Animais na Pista,Atropelamento de Animal,Com Vítimas Feridas,Plena Noite,Decrescente,Nevoeiro/Neblina,Dupla,Reta,Sim,1,0,1,0,0,0,1,1,-26.92955916,-48.70499836,SPRF-SC,DEL04-SC,UOP04-DEL04-SC,2023
"520565,0",2023-05-02,terça-feira,07:50:00,SC,101,"206,8",SAO JOSE,Demais falhas mecânicas ou elétricas,Queda de ocupante de veículo,Com Vítimas Feridas,Pleno dia,Crescente,Céu Claro,Múltipla,Reta,Não,1,0,0,1,0,0,1,1,-27.59193546,-48.61824557,SPRF-SC,DEL01-SC,UOP01-DEL01-SC,2023
"520573,0",2023-05-02,terça-feira,08:40:00,SC,101,"217,0",PALHOCA,Reação tardia ou ineficiente do condutor,Atropelamento de Pedestre,Com Vítimas Feridas,Pleno dia,Crescente,Céu Claro,Dupla,Reta,Sim,2,0,1,0,1,0,1,2,-27.66779034,-48.67393586,SPRF-SC,DEL01-SC,UOP02-DEL01-SC,2023
"520582,0",2023-05-02,terça-feira,07:30:00,SC,101,"326,6",CAPIVARI DE BAIXO,Ausência de reação do condutor,Tombamento,Com Vítimas Feridas,Pleno dia,Crescente,Céu Claro,Simples,Reta;Interseção de Vias;Declive,Sim,3,0,0,2,1,0,2,2,-28.43760057,-48.96160126,SPRF-SC,DEL02-SC,UOP01-DEL02-SC,2023
"520586,0",2023-05-02,terça-feira,09:35:00,SC,282,"3,5",FLORIANOPOLIS,Reação tardia ou ineficiente do condutor,Colisão traseira,Com Vítimas Feridas,Pleno dia,Decrescente,Céu Claro,Múltipla,Reta,Sim,3,0,2,0,1,0,2,2,-27.600384,-48.599705,SPRF-SC,DEL01-SC,UOP01-DEL01-SC,2023
"520598,0",2023-05-02,terça-feira,09:15:00,SC,282,"52,0",AGUAS MORNAS,Acessar a via sem observar a presença dos outros veículos,Queda de ocupante de veículo,Com Vítimas Feridas,Pleno dia,Crescente,Céu Claro,Simples,Reta;Declive,Não,4,0,0,1,2,1,1,3,-27.696936,-48.964138,SPRF-SC,DEL01-SC,UOP03-DEL01-SC,2023
"520606,0",2023-04-30,domingo,10:10:00,SC,280,"135,9",RIO NEGRINHO,Transitar na contramão,Colisão frontal,Com Vítimas Feridas,Pleno dia,Decrescente,Céu Claro,Simples,Curva,Não,3,0,1,1,0,1,2,3,-26.274445,-49.57251,SPRF-SC,DEL06-SC,UOP03-DEL06-SC,2023
"520622,0",2023-05-02,terça-feira,13:10:00,SC,480,"127,0",CHAPECO,Desrespeitar a preferência no cruzamento,Colisão frontal,Com Vítimas Feridas,Pleno dia,Crescente,Céu Claro,Simples,Reta;Interseção de Vias,Sim,2,0,1,0,1,0,1,2,-27.02885905,-52.63380035,SPRF-SC,DEL07-SC,UOP01-DEL07-SC,2023
"520631,0",2023-05-02,terça-feira,14:55:00,SC,101,"210,0",SAO JOSE,Ausência de reação do condutor,Colisão traseira,Com Vítimas Feridas,Pleno dia,Crescente,Céu Claro,Dupla,Reta,Sim,2,0,1,0,1,0,1,2,-27.6167305,-48.6457265,SPRF-SC,DEL01-SC,UOP01-DEL01-SC,2023
"520634,0",2023-05-02,terça-feira,14:40:00,SC,101,"56,0",ARAQUARI,Condutor deixou de manter distância do veículo da frente,Colisão traseira,Com Vítimas Feridas,Pleno dia,Crescente,Sol,Dupla,Reta,Sim,2,0,1,0,1,0,1,2,-26.43207484,-48.82263984,SPRF-SC,DEL03-SC,UOP01-DEL03-SC,2023
"520637,0",2023-05-02,terça-feira,11:20:00,SC,101,"411,0",ARARANGUA,Acessar a via sem observar a presença dos outros veículos,Colisão transversal,Com Vítimas Feridas,Pleno dia,Decrescente,Nublado,Simples,Reta;Interseção de Vias,Sim,2,0,0,1,1,0,1,2,-28.93112097,-49.4940421,SPRF-SC,DEL02-SC,UOP02-DEL02-SC,2023
"520644,0",2023-05-02,terça-feira,15:53:00,SC,101,"138,8",BALNEARIO CAMBORIU,Reação tardia ou ineficiente do condutor,Colisão com objeto,Com Vítimas Feridas,Pleno dia,Crescente,Céu Claro,Múltipla,Curva,Não,1,0,1,0,0,0,1,1,-27.02397426,-48.60761649,SPRF-SC,DEL04-SC,UOP03-DEL04-SC,2023
"520645,0",2023-05-02,terça-feira,10:20:00,SC,101,"204,0",SAO JOSE,Condutor deixou de manter distância do veículo da frente,Colisão traseira,Sem Vítimas,Pleno dia,Crescente,Sol,Múltipla,Reta,Sim,2,0,0,0,2,0,0,2,-27.57413014,-48.61363083,SPRF-SC,DEL01-SC,UOP01-DEL01-SC,2023
"520649,0",2023-05-02,terça-feira,11:20:00,SC,101,"360,8",SANGAO,Reação tardia ou ineficiente do condutor,Saída de leito carroçável,Com Vítimas Feridas,Pleno dia,Decrescente,Céu Claro,Simples,Curva;Declive,Sim,1,0,0,1,0,0,1,1,-28.67137681,-49.1219759,SPRF-SC,DEL02-SC,UOP01-DEL02-SC,2023
"520654,0",2023-05-02,terça-feira,17:50:00,SC,101,"199,4",BIGUACU,Velocidade Incompatível,Tombamento,Com Vítimas Feridas,Anoitecer,Decrescente,Céu Claro,Dupla,Reta;Declive,Sim,1,0,1,0,0,0,1,1,-27.53413705,-48.63003205,SPRF-SC,DEL01-SC,UOP01-DEL01-SC,2023
"520660,0",2023-05-02,terça-feira,18:00:00,SC,101,"207,0",SAO JOSE,Condutor deixou de manter distância do veículo da frente,Colisão traseira,Com Vítimas Feridas,Anoitecer,Decrescente,Nublado,Múltipla,Aclive;Reta,Sim,2,0,1,0,1,0,1,2,-27.60001226,-48.6226467,SPRF-SC,DEL01-SC,UOP01-DEL01-SC,2023
"520667,0",2023-05-02,terça-feira,18:30:00,SC,470,"134,0",RIO DO SUL,Acessar a via sem observar a presença dos outros veículos,Colisão transversal,Com Vítimas Feridas,Plena Noite,Crescente,Céu Claro,Simples,Reta,Sim,2,0,2,0,0,0,2,2,-27.181854,-49.600128,SPRF-SC,DEL04-SC,UOP02-DEL04-SC,2023
"520669,0",2023-05-02,terça-feira,18:33:00,SC,280,"124,0",RIO NEGRINHO,Condutor deixou de manter distância do veículo da frente,Colisão traseira,Com Vítimas Feridas,Plena Noite,Decrescente,Céu Claro,Simples,Reta,Sim,2,0,1,0,1,0,1,2,-26.24130297,-49.47514499,SPRF-SC,DEL06-SC,UOP03-DEL06-SC,2023
"520673,0",2023-05-02,terça-feira,18:00:00,SC,101,"157,5",PORTO BELO,Reação tardia ou ineficiente do condutor,Colisão traseira,Sem Vítimas,Anoitecer,Crescente,Céu Claro,Múltipla,Reta,Sim,2,0,0,0,2,0,0,2,-27.181625,-48.6121179,SPRF-SC,DEL04-SC,UOP03-DEL04-SC,2023
"520675,0",2023-05-02,terça-feira,16:30:00,SC,116,"224,9",CORREIA PINTO,Reação tardia ou ineficiente do condutor,Saída de leito carroçável,Com Vítimas Feridas,Pleno dia,Crescente,Céu Claro,Simples,Curva,Não,1,0,1,0,0,0,1,1,-27.61065825,-50.35094133,SPRF-SC,DEL05-SC,UOP03-DEL05-SC,2023
"520707,0",2023-05-02,terça-feira,21:30:00,SC,101,"193,0",BIGUACU,Ingestão de substâncias psicoativas pelo condutor,Colisão traseira,Com Vítimas Feridas,Plena Noite,Decrescente,Céu Claro,Dupla,Curva,Sim,3,0,1,0,2,0,1,3,-27.48443781,-48.64765238,SPRF-SC,DEL01-SC,UOP01-DEL01-SC,2023
"520713,0",2023-05-02,terça-feira,16:30:00,SC,280,"294,9",PORTO UNIAO,Acessar a via sem observar a presença dos outros veículos,Colisão transversal,Com Vítimas Feridas,Pleno dia,Decrescente,Sol,Simples,Reta,Não,2,0,1,0,1,0,1,2,-26.29276302,-50.96449301,SPRF-SC,DEL06-SC,UOP04-DEL06-SC,2023
"520719,0",2023-05-03,quarta-feira,00:30:00,SC,101,"377,9",ICARA,Condutor Dormindo,Saída de leito carroçável,Com Vítimas Feridas,Plena Noite,Crescente,Nublado,Dupla,Reta,Não,4,0,1,0,3,0,1,1,-28.74878223,-49.26520586,SPRF-SC,DEL02-SC,UOP01-DEL02-SC,2023
"520795,0",2023-05-03,quarta-feira,14:20:00,SC,101,"214,9",PALHOCA,Manobra de mudança de faixa,Colisão lateral mesmo sentido,Com Vítimas Feridas,Pleno dia,Decrescente,Céu Claro,Simples,Reta,Sim,2,0,1,0,1,0,1,2,-27.63697369,-48.66514142,SPRF-SC,DEL01-SC,UOP02-DEL01-SC,2023
"520824,0",2023-05-03,quarta-feira,15:40:00,SC,163,"1,2",DIONISIO CERQUEIRA,Acessar a via sem observar a presença dos outros veículos,Colisão transversal,Com Vítimas Feridas,Pleno dia,Decrescente,Chuva,Simples,Reta;Interseção de Vias;Declive,Sim,4,0,2,0,2,0,2,2,-26.2613,-53.6206,SPRF-SC,DEL07-SC,UOP03-DEL07-SC,2023
"520832,0",2023-05-03,quarta-feira,17:40:00,SC,101,"136,8",BALNEARIO CAMBORIU,Velocidade Incompatível,Colisão com objeto,Com Vítimas Feridas,Anoitecer,Crescente,Céu Claro,Múltipla,Aclive;Interseção de Vias,Sim,2,0,0,1,0,1,1,2,-27.008113,-48.617245,SPRF-SC,DEL04-SC,UOP03-DEL04-SC,2023
"520862,0",2023-05-03,quarta-feira,18:45:00,SC,101,"432,5",SOMBRIO,Acessar a via sem observar a presença dos outros veículos,Colisão traseira,Com Vítimas Feridas,Plena Noite,Decrescente,Chuva,Simples,Reta,Sim,2,0,1,0,1,0,1,2,-29.07326609,-49.62717768,SPRF-SC,DEL02-SC,UOP02-DEL02-SC,2023
"520890,0",2023-05-03,quarta-feira,19:45:00,SC,280,"301,6",PORTO UNIAO,Pedestre andava na pista,Atropelamento de Pedestre,Com Vítimas Fatais,Plena Noite,Decrescente,Nublado,Simples,Reta,Não,2,1,0,0,1,0,0,2,-26.285504,-51.020204,SPRF-SC,DEL06-SC,UOP04-DEL06-SC,2023
"520895,0",2023-05-03,quarta-feira,23:15:00,SC,101,"347,0",JAGUARUNA,Ingestão de álcool e/ou substâncias psicoativas pelo pedestre,Saída de leito carroçável,Com Vítimas Feridas,Plena Noite,Decrescente,Garoa/Chuvisco,Simples,Curva,Não,1,0,1,0,0,0,1,1,-28.56402604,-49.05410532,SPRF-SC,DEL02-SC,UOP01-DEL02-SC,2023
"520898,0",2023-05-04,quinta-feira,01:00:00,SC,101,"44,5",JOINVILLE,Velocidade Incompatível,Tombamento,Com Vítimas Feridas,Plena Noite,Decrescente,Céu Claro,Dupla,Reta,Não,1,0,1,0,0,0,1,1,-26.34615251,-48.85728478,SPRF-SC,DEL03-SC,UOP01-DEL03-SC,2023
"520921,0",2023-05-04,quinta-feira,07:30:00,SC,101,"142,3",ITAPEMA,Reação tardia ou ineficiente do condutor,Colisão com objeto,Com Vítimas Feridas,Pleno dia,Crescente,Garoa/Chuvisco,Simples,Curva,Sim,1,0,0,1,0,0,1,1,-27.056089,-48.599449,SPRF-SC,DEL04-SC,UOP03-DEL04-SC,2023
"520971,0",2023-03-25,sábado,07:50:00,SC,101,"120,8",ITAJAI,Pista Escorregadia,Tombamento,Com Vítimas Feridas,Pleno dia,Crescente,Ignorado,Simples,Curva;Viaduto,Não,1,0,1,0,0,0,1,1,-26.91953308,-48.71086836,SPRF-SC,DEL04-SC,UOP04-DEL04-SC,2023
"520976,0",2023-03-05,domingo,18:45:00,SC,101,"72,0",ARAQUARI,Condutor deixou de manter distância do veículo da frente,Colisão traseira,Com Vítimas Feridas,Plena Noite,Decrescente,Chuva,Múltipla,Reta,Não,2,0,1,0,1,0,1,2,-26.52700004,-48.71551117,SPRF-SC,DEL03-SC,UOP02-DEL03-SC,2023
"520998,0",2023-05-04,quinta-feira,14:02:00,SC,101,"134,0",BALNEARIO CAMBORIU,Reação tardia ou ineficiente do condutor,Colisão traseira,Com Vítimas Feridas,Pleno dia,Crescente,Nublado,Múltipla,Reta,Sim,2,0,1,0,1,0,1,2,-27.00218,-48.636433,SPRF-SC,DEL04-SC,UOP03-DEL04-SC,2023
"521000,0",2023-05-04,quinta-feira,17:00:00,SC,282,"46,7",AGUAS MORNAS,Acessar a via sem observar a presença dos outros veículos,Colisão traseira,Com Vítimas Feridas,Pleno dia,Decrescente,Nublado,Simples,Declive;Desvio Temporário;Reta;Interseção de Vias,Não,3,0,1,0,2,0,1,2,-27.721041,-48.925152,SPRF-SC,DEL01-SC,UOP03-DEL01-SC,2023
"521001,0",2023-05-04,quinta-feira,14:20:00,SC,101,"146,0",ITAPEMA,Desrespeitar a preferência no cruzamento,Colisão transversal,Com Vítimas Feridas,Pleno dia,Crescente,Sol,Dupla,Viaduto,Sim,2,0,1,0,1,0,1,2,-27.08666525,-48.60955587,SPRF-SC,DEL04-SC,UOP03-DEL04-SC,2023
"521015,0",2023-05-04,quinta-feira,18:30:00,SC,282,"52,8",AGUAS MORNAS,Velocidade Incompatível,Saída de leito carroçável,Com Vítimas Feridas,Plena Noite,Decrescente,Céu Claro,Simples,Curva,Não,1,0,1,0,0,0,1,1,-27.696936,-48.964138,SPRF-SC,DEL01-SC,UOP03-DEL01-SC,2023
"521034,0",2023-05-04,quinta-feira,17:14:00,SC,280,"233,9",CANOINHAS,Acessar a via sem observar a presença dos outros veículos,Colisão transversal,Com Vítimas Feridas,Anoitecer,Crescente,Chuva,Simples,Reta;Interseção de Vias;Declive,Sim,2,0,1,0,1,0,1,2,-26.19146187,-50.39215,SPRF-SC,DEL06-SC,UOP04-DEL06-SC,2023
"521040,0",2023-05-04,quinta-feira,19:55:00,SC,282,"4,0",FLORIANOPOLIS,Ausência de reação do condutor,Colisão lateral mesmo sentido,Com Vítimas Feridas,Plena Noite,Crescente,Nublado,Múltipla,Reta,Sim,3,0,2,0,1,0,2,2,-27.592646,-48.604034,SPRF-SC,DEL01-SC,UOP01-DEL01-SC,2023