id,data_inversa,dia_semana,horario,uf,br,km,municipio,causa_acidente,tipo_acidente,classificacao_acidente,fase_dia,sentido_via,condicao_metereologica,tipo_pista,tracado_via,uso_solo,pessoas,mortos,feridos_leves,feridos_graves,ilesos,ignorados,feridos,veiculos,latitude,longitude,regional,delegacia,uop,ano_arquivo
"521044,0",2023-05-04,quinta-feira,19:40:00,SC,101,"164,0",TIJUCAS,Reação tardia ou ineficiente do condutor,Colisão lateral mesmo sentido,Com Vítimas Feridas,Plena Noite,Decrescente,Nublado,Dupla,Reta,Não,2,0,1,0,1,0,1,2,-27.243868,-48.6309,SPRF-SC,DEL04-SC,UOP03-DEL04-SC,2023
"521052,0",2023-05-04,quinta-feira,22:40:00,SC,116,"235,7",CORREIA PINTO,Ausência de reação do condutor,Saída de leito carroçável,Sem Vítimas,Plena Noite,Crescente,Chuva,Simples,Reta,Não,1,0,0,0,0,1,0,1,-27.711685,-50.33625903,SPRF-SC,DEL05-SC,UOP01-DEL05-SC,2023
"521057,0",2023-05-04,quinta-feira,19:20:00,SC,470,"195,0",POUSO REDONDO,Velocidade Incompatível,Colisão lateral sentido oposto,Com Vítimas Feridas,Plena Noite,Crescente,Chuva,Simples,Curva,Não,4,0,3,0,1,0,3,2,-27.303724,-50.088837,SPRF-SC,DEL04-SC,UOP02-DEL04-SC,2023
"521069,0",2023-05-05,sexta-feira,00:00:00,SC,101,"18,0",JOINVILLE,Avarias e/ou desgaste excessivo no pneu,Saída de leito carroçável,Com Vítimas Feridas,Plena Noite,Crescente,Garoa/Chuvisco,Dupla,Curva,Não,1,0,1,0,0,0,1,1,-26.128553,-48.888776,SPRF-SC,DEL03-SC,UOP01-DEL03-SC,2023
"521076,0",2023-05-05,sexta-feira,04:20:00,SC,153,"111,8",CONCORDIA,Reação tardia ou ineficiente do condutor,Saída de leito carroçável,Com Vítimas Feridas,Plena Noite,Decrescente,Nublado,Simples,Reta;Interseção de Vias,Sim,1,0,0,1,0,0,1,1,-27.319271,-51.983299,SPRF-SC,DEL07-SC,UOP04-DEL07-SC,2023
"521089,0",2023-05-05,sexta-feira,06:30:00,SC,470,"125,0",LONTRAS,Velocidade Incompatível,Colisão frontal,Com Vítimas Feridas,Amanhecer,Decrescente,Nublado,Simples,Reta,Sim,2,0,0,2,0,0,2,2,-27.1232435,-49.53653276,SPRF-SC,DEL04-SC,UOP02-DEL04-SC,2023
"521115,0",2023-05-05,sexta-feira,07:40:00,SC,280,"213,8",TRES BARRAS,Reação tardia ou ineficiente do condutor,Capotamento,Com Vítimas Feridas,Pleno dia,Crescente,Céu Claro,Simples,Declive,Não,1,0,1,0,0,0,1,1,-26.18089516,-50.19717996,SPRF-SC,DEL06-SC,UOP04-DEL06-SC,2023
"521120,0",2023-05-05,sexta-feira,07:00:00,SC,282,"643,4",SAO MIGUEL DO OESTE,Ausência de reação do condutor,Saída de leito carroçável,Com Vítimas Feridas,Pleno dia,Crescente,Nevoeiro/Neblina,Simples,Aclive;Curva,Não,1,0,1,0,0,0,1,1,-26.768974,-53.469772,SPRF-SC,DEL07-SC,UOP03-DEL07-SC,2023
"521128,0",2023-05-05,sexta-feira,10:31:00,SC,101,"205,0",SAO JOSE,Frear bruscamente,Queda de ocupante de veículo,Com Vítimas Feridas,Pleno dia,Crescente,Sol,Dupla,Interseção de Vias,Não,1,0,1,0,0,0,1,1,-27.58313237,-48.61532885,SPRF-SC,DEL01-SC,UOP01-DEL01-SC,2023
"521133,0",2023-05-05,sexta-feira,10:50:00,SC,101,"195,5",BIGUACU,Reação tardia ou ineficiente do condutor,Tombamento,Com Vítimas Feridas,Pleno dia,Decrescente,Céu Claro,Dupla,Reta;Interseção de Vias,Sim,2,0,1,0,1,0,1,2,-27.5047092,-48.65010819,SPRF-SC,DEL01-SC,UOP01-DEL01-SC,2023
"521140,0",2023-05-05,sexta-feira,11:15:00,SC,101,"216,4",PALHOCA,Acessar a via sem observar a presença dos outros veículos,Colisão transversal,Com Vítimas Feridas,Pleno dia,Crescente,Céu Claro,Simples,Reta,Sim,2,0,1,0,1,0,1,2,-27.65981409,-48.67747798,SPRF-SC,DEL01-SC,UOP02-DEL01-SC,2023
"521150,0",2023-05-05,sexta-feira,09:40:00,SC,470,"82,6",RODEIO,Ultrapassagem Indevida,Colisão transversal,Sem Vítimas,Pleno dia,Decrescente,Nublado,Simples,Reta;Em Obras,Sim,2,0,0,0,2,0,0,2,-26.958838,-49.324978,SPRF-SC,DEL04-SC,UOP01-DEL04-SC,2023
"521156,0",2023-05-05,sexta-feira,12:30:00,SC,101,"213,1",PALHOCA,Carga excessiva e/ou mal acondicionada,Colisão com objeto,Com Vítimas Feridas,Pleno dia,Decrescente,Céu Claro,Múltipla,Reta;Declive,Sim,2,0,0,1,1,0,1,2,-27.63697369,-48.66514142,SPRF-SC,DEL01-SC,UOP02-DEL01-SC,2023
"521164,0",2023-05-05,sexta-feira,13:30:00,SC,101,"194,8",SAO JOSE,Reação tardia ou ineficiente do condutor,Colisão traseira,Com Vítimas Feridas,Pleno dia,Decrescente,Nublado,Múltipla,Reta,Sim,2,0,1,0,1,0,1,2,-27.49815117,-48.65661236,SPRF-SC,DEL01-SC,UOP01-DEL01-SC,2023
"521171,0",2023-05-05,sexta-feira,14:41:00,SC,282,"3,5",FLORIANOPOLIS,Condutor deixou de manter distância do veículo da frente,Colisão lateral mesmo sentido,Com Vítimas Feridas,Pleno dia,Crescente,Céu Claro,Múltipla,Reta,Sim,2,0,0,1,1,0,1,2,-27.600384,-48.599705,SPRF-SC,DEL01-SC,UOP01-DEL01-SC,2023
"521198,0",2023-05-05,sexta-feira,14:45:00,SC,163,"71,0",SAO MIGUEL DO OESTE,Manobra de mudança de faixa,Colisão lateral mesmo sentido,Com Vítimas Feridas,Pleno dia,Decrescente,Céu Claro,Dupla,Reta,Sim,2,0,1,0,0,1,1,2,-26.72772401,-53.51281303,SPRF-SC,DEL07-SC,UOP03-DEL07-SC,2023
"521209,0",2023-05-05,sexta-feira,18:15:00,SC,101,"206,9",SAO JOSE,Reação tardia ou ineficiente do condutor,Colisão traseira,Com Vítimas Feridas,Plena Noite,Crescente,Céu Claro,Múltipla,Reta,Sim,2,0,1,0,1,0,1,2,-27.59193546,-48.61824557,SPRF-SC,DEL01-SC,UOP01-DEL01-SC,2023
"521212,0",2023-05-05,sexta-feira,17:50:00,SC,101,"332,9",TUBARAO,Objeto estático sobre o leito carroçável,Colisão com objeto,Com Vítimas Feridas,Anoitecer,Crescente,Céu Claro,Dupla,Reta,Não,1,0,1,0,0,0,1,1,-28.46016431,-48.98968873,SPRF-SC,DEL02-SC,UOP01-DEL02-SC,2023
"521214,0",2023-05-05,sexta-feira,16:25:00,SC,101,"279,5",IMBITUBA,Reação tardia ou ineficiente do condutor,Colisão com objeto,Com Vítimas Feridas,Pleno dia,Crescente,Nublado,Dupla,Reta,Não,3,0,2,0,1,0,2,2,-28.17131302,-48.69463482,SPRF-SC,DEL02-SC,UOP03-DEL02-SC,2023
"521215,0",2023-05-05,sexta-feira,18:40:00,SC,101,"212,8",PALHOCA,Ausência de reação do condutor,Colisão traseira,Com Vítimas Feridas,Plena Noite,Decrescente,Nublado,Múltipla,Reta,Sim,4,0,2,1,1,0,3,2,-27.62996929,-48.65903871,SPRF-SC,DEL01-SC,UOP02-DEL01-SC,2023
"521216,0",2023-05-05,sexta-feira,19:07:00,SC,101,"92,6",BARRA VELHA,Condutor deixou de manter distância do veículo da frente,Colisão traseira,Com Vítimas Feridas,Plena Noite,Decrescente,Nublado,Múltipla,Reta,Sim,2,0,1,0,1,0,1,2,-26.6806041,-48.6931497,SPRF-SC,DEL03-SC,UOP02-DEL03-SC,2023
"521222,0",2023-05-05,sexta-feira,18:56:00,SC,280,"27,0",ARAQUARI,Ausência de reação do condutor,Colisão lateral mesmo sentido,Com Vítimas Feridas,Plena Noite,Decrescente,Céu Claro,Simples,Reta,Não,2,0,1,0,1,0,1,2,-26.39685622,-48.74021969,SPRF-SC,DEL03-SC,UOP03-DEL03-SC,2023
"521230,0",2023-05-05,sexta-feira,17:00:00,SC,470,"74,0",INDAIAL,Acessar a via sem observar a presença dos outros veículos,Colisão transversal,Com Vítimas Feridas,Pleno dia,Decrescente,Céu Claro,Simples,Reta,Não,2,0,0,1,1,0,1,2,-26.916288,-49.280807,SPRF-SC,DEL04-SC,UOP01-DEL04-SC,2023
"521232,0",2023-05-05,sexta-feira,17:40:00,SC,282,"361,0",ERVAL VELHO,Acessar a via sem observar a presença dos outros veículos,Colisão lateral mesmo sentido,Com Vítimas Feridas,Anoitecer,Decrescente,Céu Claro,Múltipla,Reta,Não,2,0,2,0,0,0,2,2,-27.310575,-51.373077,SPRF-SC,DEL07-SC,UOP05-DEL07-SC,2023
"521242,0",2023-05-05,sexta-feira,20:33:00,SC,282,"1,7",FLORIANOPOLIS,Trafegar com motocicleta (ou similar) entre as faixas,Colisão lateral mesmo sentido,Com Vítimas Feridas,Plena Noite,Crescente,Nublado,Múltipla,Reta,Não,2,0,0,1,1,0,1,2,-27.602955,-48.580509,SPRF-SC,DEL01-SC,UOP01-DEL01-SC,2023
"521248,0",2023-05-05,sexta-feira,17:35:00,SC,282,"549,0",CHAPECO,Acessar a via sem observar a presença dos outros veículos,Colisão transversal,Com Vítimas Feridas,Anoitecer,Crescente,Nublado,Simples,Reta,Não,3,0,1,1,1,0,2,2,-26.962664,-52.762272,SPRF-SC,DEL07-SC,UOP01-DEL07-SC,2023
"521251,0",2023-05-05,sexta-feira,19:50:00,SC,101,"326,0",CAPIVARI DE BAIXO,Chuva,Atropelamento de Pedestre,Com Vítimas Feridas,Plena Noite,Crescente,Chuva,Simples,Reta,Não,2,0,0,1,1,0,1,2,-28.42524483,-48.94302707,SPRF-SC,DEL02-SC,UOP01-DEL02-SC,2023
"521252,0",2023-05-05,sexta-feira,20:30:00,SC,101,"331,0",TUBARAO,Pista Escorregadia,Saída de leito carroçável,Sem Vítimas,Plena Noite,Crescente,Chuva,Dupla,Reta,Não,1,0,0,0,1,0,0,1,-28.45567521,-48.9812689,SPRF-SC,DEL02-SC,UOP01-DEL02-SC,2023
"521280,0",2023-05-06,sábado,00:30:00,SC,101,"222,0",PALHOCA,Reação tardia ou ineficiente do condutor,Capotamento,Com Vítimas Feridas,Plena Noite,Crescente,Céu Claro,Dupla,Reta;Aclive,Não,1,0,0,1,0,0,1,1,-27.70865409,-48.65586407,SPRF-SC,DEL01-SC,UOP02-DEL01-SC,2023
"521285,0",2023-05-06,sábado,00:00:00,SC,101,"405,0",ARARANGUA,Ingestão de álcool pelo condutor,Colisão transversal,Sem Vítimas,Plena Noite,Decrescente,Nublado,Dupla,Reta,Não,2,0,0,0,2,0,0,2,-28.90078171,-49.47516918,SPRF-SC,DEL02-SC,UOP02-DEL02-SC,2023
"521289,0",2023-05-05,sexta-feira,23:45:00,SC,101,"419,0",ARARANGUA,Ingestão de álcool pelo condutor,Colisão traseira,Com Vítimas Feridas,Plena Noite,Decrescente,Chuva,Simples,Reta,Sim,2,0,0,1,1,0,1,2,-28.99961893,-49.55646962,SPRF-SC,DEL02-SC,UOP02-DEL02-SC,2023
"521290,0",2023-05-05,sexta-feira,23:24:00,SC,282,"213,9",LAGES,Ingestão de álcool pelo condutor,Saída de leito carroçável,Sem Vítimas,Plena Noite,Decrescente,Nevoeiro/Neblina,Simples,Reta,Sim,1,0,0,0,1,0,0,1,-27.785299,-50.261921,SPRF-SC,DEL05-SC,UOP01-DEL05-SC,2023
"521291,0",2023-05-06,sábado,00:50:00,SC,282,"258,4",SAO JOSE DO CERRITO,Velocidade Incompatível,Colisão frontal,Com Vítimas Feridas,Plena Noite,Crescente,Garoa/Chuvisco,Simples,Curva,Não,3,0,3,0,0,0,3,2,-27.659687,-50.591881,SPRF-SC,DEL05-SC,UOP02-DEL05-SC,2023
"521293,0",2023-05-06,sábado,02:00:00,SC,280,"58,0",GUARAMIRIM,Velocidade Incompatível,Colisão com objeto,Com Vítimas Feridas,Plena Noite,Decrescente,Céu Claro,Dupla,Rotatória,Sim,2,0,2,0,0,0,2,1,-26.47415593,-49.021211,SPRF-SC,DEL03-SC,UOP03-DEL03-SC,2023
"521296,0",2023-05-06,sábado,00:20:00,SC,280,"24,0",ARAQUARI,Entrada inopinada do pedestre,Atropelamento de Pedestre,Com Vítimas Feridas,Plena Noite,Crescente,Nublado,Simples,Reta,Sim,3,0,2,1,0,0,3,2,-26.37724921,-48.71953282,SPRF-SC,DEL03-SC,UOP03-DEL03-SC,2023
"521298,0",2023-05-06,sábado,03:50:00,SC,101,"205,9",SAO JOSE,Avarias e/ou desgaste excessivo no pneu,Tombamento,Com Vítimas Feridas,Plena Noite,Decrescente,Nublado,Múltipla,Reta,Sim,1,0,1,0,0,0,1,1,-27.58313237,-48.61532885,SPRF-SC,DEL01-SC,UOP01-DEL01-SC,2023
"521300,0",2023-05-06,sábado,04:35:00,SC,282,"17,3",PALHOCA,Demais falhas na via,Eventos atípicos,Com Vítimas Feridas,Plena Noite,Decrescente,Garoa/Chuvisco,Múltipla,Curva;Desvio Temporário,Sim,1,0,1,0,0,0,1,1,-27.665707,-48.688065,SPRF-SC,DEL01-SC,UOP02-DEL01-SC,2023
"521302,0",2023-05-06,sábado,04:00:00,SC,282,"579,0",PINHALZINHO,Iluminação deficiente,Colisão traseira,Com Vítimas Feridas,Plena Noite,Crescente,Nevoeiro/Neblina,Simples,Reta,Sim,1,0,0,1,0,0,1,1,-26.835443,-52.990578,SPRF-SC,DEL07-SC,UOP02-DEL07-SC,2023
"521330,0",2023-05-06,sábado,07:30:00,SC,101,"205,1",SAO JOSE,Reação tardia ou ineficiente do condutor,Colisão com objeto,Sem Vítimas,Pleno dia,Crescente,Céu Claro,Dupla,Interseção de Vias,Sim,2,0,0,0,2,0,0,1,-27.58313237,-48.61532885,SPRF-SC,DEL01-SC,UOP01-DEL01-SC,2023
"521331,0",2023-05-06,sábado,07:30:00,SC,101,"75,9",ARAQUARI,Demais falhas mecânicas ou elétricas,Incêndio,Sem Vítimas,Pleno dia,Decrescente,Nublado,Múltipla,Reta,Sim,1,0,0,0,1,0,0,1,-26.5519717,-48.71688324,SPRF-SC,DEL03-SC,UOP02-DEL03-SC,2023
"521340,0",2023-05-06,sábado,08:00:00,SC,101,"209,9",SAO JOSE,Reação tardia ou ineficiente do condutor,Colisão traseira,Sem Vítimas,Pleno dia,Decrescente,Céu Claro,Dupla,Reta,Não,1,0,0,0,1,0,0,1,-27.61000542,-48.63895057,SPRF-SC,DEL01-SC,UOP01-DEL01-SC,2023
"521347,0",2023-04-23,domingo,02:40:00,SC,101,"152,0",ITAPEMA,Ausência de reação do condutor,Colisão traseira,Com Vítimas Feridas,Plena Noite,Decrescente,Céu Claro,Dupla,Reta,Não,3,0,0,2,0,1,2,2,-27.13563503,-48.61004665,SPRF-SC,DEL04-SC,UOP03-DEL04-SC,2023
"521377,0",2023-05-06,sábado,11:15:00,SC,101,"312,9",LAGUNA,Ausência de reação do condutor,Colisão traseira,Com Vítimas Feridas,Pleno dia,Crescente,Céu Claro,Dupla,Ponte;Reta,Não,2,0,1,1,0,0,2,2,-28.43760057,-48.83731842,SPRF-SC,DEL02-SC,UOP01-DEL02-SC,2023
"521379,0",2023-05-06,sábado,10:40:00,SC,101,"117,7",ITAJAI,Pedestre andava na pista,Atropelamento de Pedestre,Com Vítimas Feridas,Pleno dia,Crescente,Sol,Dupla,Reta,Sim,2,0,0,1,0,1,1,2,-26.88747187,-48.72252969,SPRF-SC,DEL04-SC,UOP04-DEL04-SC,2023
"521382,0",2023-05-06,sábado,13:10:00,SC,101,"139,0",BALNEARIO CAMBORIU,Reação tardia ou ineficiente do condutor,Colisão com objeto,Com Vítimas Feridas,Pleno dia,Crescente,Nublado,Dupla,Curva,Não,1,0,0,1,0,0,1,1,-27.02982303,-48.60115006,SPRF-SC,DEL04-SC,UOP03-DEL04-SC,2023
"521398,0",2023-05-06,sábado,11:40:00,SC,101,"337,0",TUBARAO,Avarias e/ou desgaste excessivo no pneu,Tombamento,Com Vítimas Feridas,Pleno dia,Decrescente,Céu Claro,Múltipla,Curva;Aclive,Não,2,0,1,1,0,0,2,1,-28.49077752,-49.03906345,SPRF-SC,DEL02-SC,UOP01-DEL02-SC,2023
"521420,0",2023-05-06,sábado,17:15:00,SC,470,"51,0",BLUMENAU,Demais falhas mecânicas ou elétricas,Incêndio,Sem Vítimas,Anoitecer,Decrescente,Nublado,Dupla,Reta,Sim,1,0,0,0,1,0,0,1,-26.862339,-49.084038,SPRF-SC,DEL04-SC,UOP01-DEL04-SC,2023
"521427,0",2023-05-06,sábado,16:45:00,SC,101,"332,6",TUBARAO,Acessar a via sem observar a presença dos outros veículos,Colisão transversal,Com Vítimas Feridas,Pleno dia,Decrescente,Céu Claro,Múltipla,Interseção de Vias,Sim,2,0,1,0,1,0,1,2,-28.46969958,-49.0150255,SPRF-SC,DEL02-SC,UOP01-DEL02-SC,2023
"521454,0",2023-05-06,sábado,19:15:00,SC,101,"196,9",BIGUACU,Ingestão de álcool pelo condutor,Colisão com objeto,Com Vítimas Feridas,Plena Noite,Crescente,Nublado,Múltipla,Aclive;Curva,Sim,1,0,1,0,0,0,1,1,-27.51101091,-48.64322292,SPRF-SC,DEL01-SC,UOP01-DEL01-SC,2023
"521469,0",2023-05-06,sábado,20:20:00,SC,101,"210,6",SAO JOSE,Ingestão de álcool pelo condutor,Colisão traseira,Sem Vítimas,Plena Noite,Decrescente,Céu Claro,Múltipla,Reta,Não,2,0,0,0,2,0,0,2,-27.6167305,-48.6457265,SPRF-SC,DEL01-SC,UOP01-DEL01-SC,2023
"521476,0",2023-05-06,sábado,21:35:00,SC,101,"203,0",SAO JOSE,Reação tardia ou ineficiente do condutor,Colisão lateral mesmo sentido,Com Vítimas Feridas,Plena Noite,Decrescente,Nublado,Dupla,Reta;Interseção de Vias,Não,2,0,1,0,1,0,1,2,-27.567679,-48.613678,SPRF-SC,DEL01-SC,UOP01-DEL01-SC,2023
"521489,0",2023-05-06,sábado,21:50:00,SC,101,"451,0",SAO JOAO DO SUL,Ausência de reação do condutor,Tombamento,Com Vítimas Feridas,Plena Noite,Crescente,Nublado,Dupla,Reta;Aclive;Viaduto,Não,1,0,1,0,0,0,1,1,-29.17982211,-49.75464372,SPRF-SC,DEL02-SC,UOP02-DEL02-SC,2023
"521494,0",2023-05-06,sábado,23:00:00,SC,280,"56,5",GUARAMIRIM,Retorno proibido,Colisão lateral mesmo sentido,Com Vítimas Feridas,Plena Noite,Crescente,Céu Claro,Dupla,Em Obras,Sim,3,0,0,2,1,0,2,2,-26.47947677,-49.00298702,SPRF-SC,DEL03-SC,UOP03-DEL03-SC,2023
"521495,0",2023-05-06,sábado,22:15:00,SC,101,"182,0",BIGUACU,Velocidade Incompatível,Saída de leito carroçável,Sem Vítimas,Plena Noite,Decrescente,Céu Claro,Múltipla,Reta,Sim,1,0,0,0,1,0,0,1,-27.39798985,-48.6303592,SPRF-SC,DEL01-SC,UOP01-DEL01-SC,2023
"521513,0",2023-05-06,sábado,21:00:00,SC,280,"223,3",TRES BARRAS,Ingestão de álcool e/ou substâncias psicoativas pelo pedestre,Colisão frontal,Com Vítimas Feridas,Plena Noite,Crescente,Nublado,Simples,Reta,Não,3,0,1,2,0,0,3,2,-26.17532694,-50.29413599,SPRF-SC,DEL06-SC,UOP04-DEL06-SC,2023
"521526,0",2023-05-07,domingo,03:10:00,SC,101,"224,0",PALHOCA,Deixar de acionar o farol da motocicleta (ou similar),Colisão traseira,Com Vítimas Feridas,Plena Noite,Decrescente,Céu Claro,Dupla,Reta,Não,4,0,4,0,0,0,4,2,-27.72384789,-48.64386769,SPRF-SC,DEL01-SC,UOP02-DEL01-SC,2023
"521527,0",2023-05-07,domingo,02:57:00,SC,101,"189,1",BIGUACU,Reação tardia ou ineficiente do condutor,Colisão traseira,Sem Vítimas,Plena Noite,Crescente,Garoa/Chuvisco,Dupla,Reta,Não,1,0,0,0,1,0,0,1,-27.459393,-48.638914,SPRF-SC,DEL01-SC,UOP01-DEL01-SC,2023
"521528,0",2023-05-07,domingo,01:50:00,SC,101,"323,5",PESCARIA BRAVA,Demais falhas mecânicas ou elétricas,Incêndio,Sem Vítimas,Plena Noite,Decrescente,Céu Claro,Dupla,Aclive;Curva,Sim,1,0,0,0,1,0,0,1,-28.42568443,-48.93127084,SPRF-SC,DEL02-SC,UOP01-DEL02-SC,2023
"521532,0",2023-05-07,domingo,03:45:00,SC,101,"201,8",SAO JOSE,Reação tardia ou ineficiente do condutor,Atropelamento de Pedestre,Com Vítimas Feridas,Plena Noite,Decrescente,Nublado,Simples,Reta;Interseção de Vias,Sim,3,0,1,0,1,1,1,2,-27.54836599,-48.61977975,SPRF-SC,DEL01-SC,UOP01-DEL01-SC,2023
"521543,0",2023-05-07,domingo,05:30:00,SC,101,"133,0",BALNEARIO CAMBORIU,Ausência de reação do condutor,Saída de leito carroçável,Sem Vítimas,Amanhecer,Decrescente,Nublado,Múltipla,Reta,Sim,1,0,0,0,1,0,0,1,-26.99936,-48.64609,SPRF-SC,DEL04-SC,UOP03-DEL04-SC,2023
"521547,0",2023-05-06,sábado,20:45:00,SC,470,"68,0",INDAIAL,Velocidade Incompatível,Colisão lateral mesmo sentido,Com Vítimas Feridas,Plena Noite,Crescente,Nublado,Dupla,Reta,Sim,3,0,1,0,1,1,1,3,-26.877615,-49.239231,SPRF-SC,DEL04-SC,UOP01-DEL04-SC,2023
"521548,0",2023-05-06,sábado,21:15:00,SC,470,"67,0",INDAIAL,Sinalização mal posicionada,Colisão com objeto,Com Vítimas Feridas,Plena Noite,Decrescente,Nublado,Dupla,Reta;Em Obras,Não,1,0,1,0,0,0,1,1,-26.872158,-49.23127,SPRF-SC,DEL04-SC,UOP01-DEL04-SC,2023
"521550,0",2023-05-07,domingo,05:30:00,SC,101,"443,3",SANTA ROSA DO SUL,Velocidade Incompatível,Saída de leito carroçável,Com Vítimas Feridas,Amanhecer,Crescente,Céu Claro,Múltipla,Reta,Sim,2,0,1,0,1,0,1,1,-29.13223626,-49.69660393,SPRF-SC,DEL02-SC,UOP02-DEL02-SC,2023
"521553,0",2023-05-07,domingo,07:15:00,SC,101,"200,5",SAO JOSE,Ausência de reação do condutor,Colisão traseira,Com Vítimas Fatais,Pleno dia,Crescente,Céu Claro,Múltipla,Reta,Sim,2,1,0,1,0,0,1,2,-27.5439692,-48.6207139,SPRF-SC,DEL01-SC,UOP01-DEL01-SC,2023
"521597,0",2023-05-07,domingo,13:50:00,SC,101,"157,0",PORTO BELO,Ausência de reação do condutor,Colisão traseira,Com Vítimas Feridas,Pleno dia,Decrescente,Céu Claro,Dupla,Reta,Sim,3,0,2,1,0,0,3,2,-27.181625,-48.6121179,SPRF-SC,DEL04-SC,UOP03-DEL04-SC,2023
"521613,0",2023-05-07,domingo,16:16:00,SC,101,"235,0",PALHOCA,Estacionar ou parar em local proibido,Eventos atípicos,Com Vítimas Feridas,Pleno dia,Crescente,Céu Claro,Dupla,Aclive;Reta,Não,7,0,1,1,4,1,2,6,-27.8177775,-48.6315025,SPRF-SC,DEL01-SC,UOP02-DEL01-SC,2023
"521618,0",2023-05-07,domingo,17:00:00,SC,470,"53,0",BLUMENAU,Acessar a via sem observar a presença dos outros veículos,Colisão transversal,Com Vítimas Feridas,Pleno dia,Crescente,Céu Claro,Simples,Rotatória;Interseção de Vias,Sim,3,0,1,0,2,0,1,2,-26.86519482,-49.09972429,SPRF-SC,DEL04-SC,UOP01-DEL04-SC,2023
"521625,0",2023-05-07,domingo,18:00:00,SC,101,"208,0",SAO JOSE,Demais falhas mecânicas ou elétricas,Tombamento,Com Vítimas Feridas,Plena Noite,Decrescente,Nublado,Dupla,Reta,Sim,2,0,2,0,0,0,2,1,-27.60327979,-48.63201818,SPRF-SC,DEL01-SC,UOP01-DEL01-SC,2023
"521626,0",2023-05-07,domingo,17:30:00,SC,280,"125,0",RIO NEGRINHO,Acessar a via sem observar a presença dos outros veículos,Colisão lateral mesmo sentido,Com Vítimas Feridas,Anoitecer,Crescente,Céu Claro,Simples,Reta,Não,4,0,1,0,3,0,1,2,-26.23763684,-49.48434497,SPRF-SC,DEL06-SC,UOP03-DEL06-SC,2023
"521648,0",2023-05-07,domingo,17:30:00,SC,153,"63,6",IRANI,Ingestão de álcool pelo condutor,Saída de leito carroçável,Com Vítimas Feridas,Anoitecer,Crescente,Céu Claro,Simples,Reta,Sim,2,0,1,0,0,1,1,1,-26.994884,-51.87051,SPRF-SC,DEL07-SC,UOP04-DEL07-SC,2023
"521666,0",2023-05-07,domingo,21:55:00,SC,101,"118,0",ITAJAI,Ausência de reação do condutor,Saída de leito carroçável,Com Vítimas Fatais,Plena Noite,Decrescente,Céu Claro,Múltipla,Reta,Sim,2,1,0,1,0,0,1,1,-26.89615243,-48.71863604,SPRF-SC,DEL04-SC,UOP04-DEL04-SC,2023
"521668,0",2023-05-07,domingo,21:30:00,SC,101,"416,2",ARARANGUA,Acessar a via sem observar a presença dos outros veículos,Colisão transversal,Com Vítimas Feridas,Plena Noite,Crescente,Nublado,Múltipla,Interseção de Vias,Sim,2,0,0,1,1,0,1,2,-28.973648,-49.530426,SPRF-SC,DEL02-SC,UOP02-DEL02-SC,2023
"521680,0",2023-05-07,domingo,23:20:00,SC,101,"128,0",BALNEARIO CAMBORIU,Ingestão de álcool pelo condutor,Saída de leito carroçável,Sem Vítimas,Plena Noite,Decrescente,Chuva,Dupla,Reta,Sim,2,0,0,0,2,0,0,1,-26.97284292,-48.68299451,SPRF-SC,DEL04-SC,UOP04-DEL04-SC,2023
"521683,0",2023-05-07,domingo,21:30:00,SC,153,"67,0",IRANI,Reação tardia ou ineficiente do condutor,Tombamento,Com Vítimas Feridas,Plena Noite,Crescente,Chuva,Simples,Curva;Declive,Não,1,0,1,0,0,0,1,1,-27.026777,-51.884796,SPRF-SC,DEL07-SC,UOP04-DEL07-SC,2023
"521692,0",2023-05-08,segunda-feira,01:00:00,SC,101,"140,0",BALNEARIO CAMBORIU,Ingestão de álcool pelo condutor,Saída de leito carroçável,Sem Vítimas,Plena Noite,Crescente,Chuva,Múltipla,Declive,Não,2,0,0,0,2,0,0,1,-27.03881189,-48.60025148,SPRF-SC,DEL04-SC,UOP03-DEL04-SC,2023
"521693,0",2023-05-08,segunda-feira,00:45:00,SC,101,"139,0",BALNEARIO CAMBORIU,Ingestão de álcool pelo condutor,Saída de leito carroçável,Sem Vítimas,Plena Noite,Crescente,Garoa/Chuvisco,Dupla,Curva,Sim,1,0,0,0,1,0,0,1,-27.02982303,-48.60115006,SPRF-SC,DEL04-SC,UOP03-DEL04-SC,2023
"521696,0",2023-05-08,segunda-feira,01:30:00,SC,101,"210,0",SAO JOSE,Trafegar com motocicleta (ou similar) entre as faixas,Colisão traseira,Com Vítimas Feridas,Plena Noite,Decrescente,Céu Claro,Múltipla,Reta;Interseção de Vias,Sim,4,0,1,0,3,0,1,2,-27.6167305,-48.6457265,SPRF-SC,DEL01-SC,UOP01-DEL01-SC,2023
"521702,0",2023-05-08,segunda-feira,02:05:00,SC,101,"233,3",PALHOCA,Velocidade Incompatível,Tombamento,Com Vítimas Feridas,Plena Noite,Crescente,Céu Claro,Dupla,Curva;Declive,Não,1,0,0,1,0,0,1,1,-27.80376397,-48.63826211,SPRF-SC,DEL01-SC,UOP02-DEL01-SC,2023
"521714,0",2023-05-08,segunda-feira,04:30:00,SC,280,"56,0",GUARAMIRIM,Velocidade Incompatível,Colisão com objeto,Com Vítimas Feridas,Plena Noite,Crescente,Céu Claro,Dupla,Rotatória,Sim,1,0,1,0,0,0,1,1,-26.47947677,-49.00298702,SPRF-SC,DEL03-SC,UOP03-DEL03-SC,2023
"521737,0",2023-05-08,segunda-feira,07:00:00,SC,101,"151,0",ITAPEMA,Ultrapassagem Indevida,Colisão lateral mesmo sentido,Com Vítimas Feridas,Pleno dia,Crescente,Nublado,Múltipla,Interseção de Vias,Sim,2,0,0,1,1,0,1,2,-27.126536,-48.609642,SPRF-SC,DEL04-SC,UOP03-DEL04-SC,2023