id,data_inversa,dia_semana,horario,uf,br,km,municipio,causa_acidente,tipo_acidente,classificacao_acidente,fase_dia,sentido_via,condicao_metereologica,tipo_pista,tracado_via,uso_solo,pessoas,mortos,feridos_leves,feridos_graves,ilesos,ignorados,feridos,veiculos,latitude,longitude,regional,delegacia,uop,ano_arquivo
"525758,0",2023-05-27,sábado,19:50:00,SC,282,"581,6",PINHALZINHO,Ingestão de álcool pelo condutor,Colisão frontal,Com Vítimas Fatais,Plena Noite,Crescente,Nublado,Simples,Curva,Sim,6,2,0,4,0,0,4,3,-26.8284446,-52.9983871,SPRF-SC,DEL07-SC,UOP02-DEL07-SC,2023
"525766,0",2023-05-27,sábado,18:45:00,SC,116,"57,9",PAPANDUVA,Acessar a via sem observar a presença dos outros veículos,Colisão traseira,Com Vítimas Feridas,Plena Noite,Decrescente,Chuva,Simples,Curva,Não,3,0,2,0,0,1,2,2,-26.37833712,-50.19361496,SPRF-SC,DEL06-SC,UOP02-DEL06-SC,2023
"525800,0",2023-05-28,domingo,03:30:00,SC,282,"0,5",FLORIANOPOLIS,Ausência de reação do condutor,Colisão com objeto,Sem Vítimas,Plena Noite,Crescente,Céu Claro,Múltipla,Reta,Sim,2,0,0,0,2,0,0,1,-27.59845,-48.571995,SPRF-SC,DEL01-SC,UOP01-DEL01-SC,2023
"525801,0",2023-05-28,domingo,03:00:00,SC,101,"264,0",PAULO LOPES,Ingestão de álcool pelo condutor,Saída de leito carroçável,Sem Vítimas,Plena Noite,Crescente,Chuva,Dupla,Curva,Não,1,0,0,0,1,0,0,1,-28.05149404,-48.71632789,SPRF-SC,DEL02-SC,UOP03-DEL02-SC,2023
"525826,0",2023-05-28,domingo,06:15:00,SC,101,"328,0",CAPIVARI DE BAIXO,Ingestão de álcool pelo condutor,Saída de leito carroçável,Sem Vítimas,Amanhecer,Decrescente,Chuva,Dupla,Reta,Não,1,0,0,0,1,0,0,1,-28.43648094,-48.95989307,SPRF-SC,DEL02-SC,UOP01-DEL02-SC,2023
"525827,0",2023-05-28,domingo,04:50:00,SC,101,"333,0",TUBARAO,Ingestão de álcool pelo condutor,Colisão com objeto,Com Vítimas Feridas,Plena Noite,Decrescente,Nublado,Simples,Interseção de Vias,Sim,1,0,1,0,0,0,1,1,-28.46630107,-48.99653096,SPRF-SC,DEL02-SC,UOP01-DEL02-SC,2023
"525838,0",2023-05-28,domingo,08:20:00,SC,280,"136,0",RIO NEGRINHO,Ausência de reação do condutor,Colisão traseira,Sem Vítimas,Pleno dia,Decrescente,Chuva,Simples,Reta;Aclive,Não,3,0,0,0,3,0,0,2,-26.270102,-49.58121,SPRF-SC,DEL06-SC,UOP03-DEL06-SC,2023
"525843,0",2023-05-28,domingo,07:55:00,SC,101,"181,8",BIGUACU,Ausência de reação do condutor,Capotamento,Com Vítimas Feridas,Pleno dia,Decrescente,Nublado,Dupla,Reta,Não,3,0,2,0,1,0,2,1,-27.38958699,-48.63197593,SPRF-SC,DEL01-SC,UOP01-DEL01-SC,2023
"525863,0",2023-05-28,domingo,07:50:00,SC,282,"588,2",SAUDADES,Velocidade Incompatível,Saída de leito carroçável,Com Vítimas Fatais,Pleno dia,Decrescente,Nublado,Simples,Curva,Não,1,1,0,0,0,0,0,1,-26.82633988,-53.0565834,SPRF-SC,DEL07-SC,UOP02-DEL07-SC,2023
"525869,0",2023-05-28,domingo,10:00:00,SC,470,"188,0",POUSO REDONDO,Velocidade Incompatível,Saída de leito carroçável,Com Vítimas Feridas,Pleno dia,Decrescente,Chuva,Simples,Curva,Não,3,0,2,0,1,0,2,1,-27.266893,-50.060116,SPRF-SC,DEL04-SC,UOP02-DEL04-SC,2023
"525885,0",2023-05-28,domingo,17:00:00,SC,101,"190,5",BIGUACU,Ausência de reação do condutor,Saída de leito carroçável,Com Vítimas Feridas,Anoitecer,Decrescente,Chuva,Dupla,Curva,Sim,3,0,1,0,1,1,1,2,-27.468056,-48.641712,SPRF-SC,DEL01-SC,UOP01-DEL01-SC,2023
"525897,0",2023-05-28,domingo,14:20:00,SC,101,"139,0",BALNEARIO CAMBORIU,Reação tardia ou ineficiente do condutor,Capotamento,Com Vítimas Feridas,Pleno dia,Decrescente,Garoa/Chuvisco,Simples,Curva,Sim,1,0,1,0,0,0,1,1,-27.02982303,-48.60115006,SPRF-SC,DEL04-SC,UOP03-DEL04-SC,2023
"525911,0",2023-05-28,domingo,14:15:00,SC,101,"289,5",IMBITUBA,Condutor Dormindo,Colisão com objeto,Sem Vítimas,Pleno dia,Crescente,Nublado,Dupla,Curva,Sim,1,0,0,0,1,0,0,1,-28.25395282,-48.70289554,SPRF-SC,DEL02-SC,UOP03-DEL02-SC,2023
"525935,0",2023-05-28,domingo,18:20:00,SC,101,"71,0",ARAQUARI,Reação tardia ou ineficiente do condutor,Saída de leito carroçável,Com Vítimas Feridas,Plena Noite,Crescente,Chuva,Dupla,Reta,Não,1,0,1,0,0,0,1,1,-26.5183913,-48.7191081,SPRF-SC,DEL03-SC,UOP02-DEL03-SC,2023
"525951,0",2023-05-28,domingo,20:00:00,SC,470,"162,4",POUSO REDONDO,Velocidade Incompatível,Saída de leito carroçável,Com Vítimas Feridas,Plena Noite,Crescente,Chuva,Simples,Curva,Não,1,0,1,0,0,0,1,1,-27.282606,-49.817101,SPRF-SC,DEL04-SC,UOP02-DEL04-SC,2023
"525954,0",2023-05-28,domingo,18:15:00,SC,280,"155,0",MAFRA,Ausência de reação do condutor,Saída de leito carroçável,Com Vítimas Feridas,Plena Noite,Crescente,Chuva,Simples,Curva,Não,1,0,1,0,0,0,1,1,-26.19986048,-49.74292338,SPRF-SC,DEL06-SC,UOP03-DEL06-SC,2023
"525958,0",2023-05-28,domingo,18:00:00,SC,280,"92,3",CORUPA,Desvio temporário,Saída de leito carroçável,Com Vítimas Feridas,Plena Noite,Crescente,Garoa/Chuvisco,Simples,Reta;Aclive,Não,3,0,2,1,0,0,3,1,-26.39448258,-49.2950379,SPRF-SC,DEL06-SC,UOP03-DEL06-SC,2023
"525959,0",2023-05-28,domingo,18:40:00,SC,101,"134,0",BALNEARIO CAMBORIU,Reação tardia ou ineficiente do condutor,Colisão traseira,Com Vítimas Feridas,Plena Noite,Crescente,Chuva,Múltipla,Reta,Sim,2,0,1,0,1,0,1,2,-27.00218,-48.636433,SPRF-SC,DEL04-SC,UOP03-DEL04-SC,2023
"525963,0",2023-05-28,domingo,18:10:00,SC,116,"10,4",MAFRA,Ingestão de álcool pelo condutor,Colisão frontal,Com Vítimas Feridas,Anoitecer,Crescente,Chuva,Simples,Curva;Declive,Não,4,0,1,0,3,0,1,2,-26.16829411,-49.85476074,SPRF-SC,DEL06-SC,UOP01-DEL06-SC,2023
"525977,0",2023-05-28,domingo,22:50:00,SC,101,"139,0",BALNEARIO CAMBORIU,Reação tardia ou ineficiente do condutor,Colisão com objeto,Com Vítimas Feridas,Plena Noite,Decrescente,Garoa/Chuvisco,Simples,Curva,Sim,1,0,1,0,0,0,1,1,-27.02982303,-48.60115006,SPRF-SC,DEL04-SC,UOP03-DEL04-SC,2023
"525985,0",2023-05-28,domingo,17:45:00,SC,101,"139,0",BALNEARIO CAMBORIU,Velocidade Incompatível,Colisão com objeto,Com Vítimas Feridas,Anoitecer,Crescente,Chuva,Múltipla,Aclive;Viaduto;Curva,Sim,2,0,2,0,0,0,2,1,-27.02982303,-48.60115006,SPRF-SC,DEL04-SC,UOP03-DEL04-SC,2023
"525987,0",2023-05-28,domingo,22:30:00,SC,101,"162,0",PORTO BELO,Ausência de reação do condutor,Colisão com objeto,Com Vítimas Feridas,Plena Noite,Decrescente,Ignorado,Dupla,Reta,Sim,1,0,1,0,0,0,1,1,-27.22554009,-48.6279367,SPRF-SC,DEL04-SC,UOP03-DEL04-SC,2023
"526030,0",2023-05-29,segunda-feira,08:00:00,SC,101,"132,0",BALNEARIO CAMBORIU,Acessar a via sem observar a presença dos outros veículos,Colisão transversal,Com Vítimas Feridas,Pleno dia,Decrescente,Nublado,Simples,Interseção de Vias,Não,2,0,0,1,1,0,1,2,-26.99654133,-48.65564711,SPRF-SC,DEL04-SC,UOP03-DEL04-SC,2023
"526031,0",2023-05-29,segunda-feira,07:30:00,SC,101,"197,3",BIGUACU,Acessar a via sem observar a presença dos outros veículos,Colisão transversal,Com Vítimas Feridas,Pleno dia,Crescente,Nublado,Múltipla,Rotatória,Sim,2,0,0,1,1,0,1,2,-27.51844497,-48.63848496,SPRF-SC,DEL01-SC,UOP01-DEL01-SC,2023
"526040,0",2023-05-29,segunda-feira,07:30:00,SC,101,"416,9",ARARANGUA,Ausência de reação do condutor,Colisão lateral mesmo sentido,Com Vítimas Feridas,Pleno dia,Decrescente,Nublado,Múltipla,Reta,Sim,3,0,1,1,0,1,2,3,-28.96708874,-49.52338825,SPRF-SC,DEL02-SC,UOP02-DEL02-SC,2023
"526041,0",2023-05-29,segunda-feira,07:10:00,SC,280,"67,0",JARAGUA DO SUL,Conversão proibida,Colisão transversal,Com Vítimas Feridas,Pleno dia,Decrescente,Nublado,Simples,Reta,Não,2,0,1,0,1,0,1,2,-26.4775146,-49.10363575,SPRF-SC,DEL03-SC,UOP03-DEL03-SC,2023
"526048,0",2023-05-29,segunda-feira,08:10:00,SC,101,"222,0",PALHOCA,Manobra de mudança de faixa,Colisão lateral mesmo sentido,Com Vítimas Feridas,Pleno dia,Decrescente,Nublado,Dupla,Reta,Sim,2,0,1,0,1,0,1,2,-27.70865409,-48.65586407,SPRF-SC,DEL01-SC,UOP02-DEL01-SC,2023
"526063,0",2023-05-01,segunda-feira,07:00:00,SC,282,"493,0",FAXINAL DOS GUEDES,Ausência de reação do condutor,Saída de leito carroçável,Com Vítimas Fatais,Pleno dia,Decrescente,Céu Claro,Simples,Rotatória,Não,1,1,0,0,0,0,0,1,-26.8717596,-52.3009521,SPRF-SC,DEL07-SC,UOP01-DEL07-SC,2023
"526075,0",2023-05-05,sexta-feira,07:36:00,SC,282,"16,0",PALHOCA,Acessar a via sem observar a presença dos outros veículos,Tombamento,Com Vítimas Feridas,Pleno dia,Decrescente,Ignorado,Simples,Reta,Sim,2,0,0,1,0,1,1,2,-27.658611,-48.681847,SPRF-SC,DEL01-SC,UOP02-DEL01-SC,2023
"526095,0",2023-05-29,segunda-feira,12:35:00,SC,101,"211,8",PALHOCA,Ausência de reação do condutor,Colisão traseira,Com Vítimas Feridas,Pleno dia,Decrescente,Céu Claro,Múltipla,Reta,Sim,4,0,1,0,3,0,1,2,-27.62329313,-48.65245588,SPRF-SC,DEL01-SC,UOP02-DEL01-SC,2023
"526105,0",2023-05-29,segunda-feira,11:30:00,SC,280,"179,0",MAFRA,Ausência de reação do condutor,Colisão lateral sentido oposto,Com Vítimas Feridas,Pleno dia,Crescente,Nublado,Simples,Curva,Não,3,0,2,0,1,0,2,2,-26.17768641,-49.87831496,SPRF-SC,DEL06-SC,UOP01-DEL06-SC,2023
"526115,0",2023-05-29,segunda-feira,14:40:00,SC,101,"153,0",PORTO BELO,Acessar a via sem observar a presença dos outros veículos,Colisão traseira,Com Vítimas Feridas,Pleno dia,Crescente,Céu Claro,Dupla,Reta;Rotatória,Não,2,0,1,0,1,0,1,2,-27.144717,-48.61063935,SPRF-SC,DEL04-SC,UOP03-DEL04-SC,2023
"526155,0",2023-05-29,segunda-feira,17:00:00,SC,470,"75,0",INDAIAL,Acessar a via sem observar a presença dos outros veículos,Colisão transversal,Com Vítimas Feridas,Pleno dia,Decrescente,Nublado,Simples,Reta,Não,2,0,1,0,1,0,1,2,-26.924833,-49.284004,SPRF-SC,DEL04-SC,UOP01-DEL04-SC,2023
"526161,0",2023-05-29,segunda-feira,18:10:00,SC,470,"158,1",TROMBUDO CENTRAL,Acessar a via sem observar a presença dos outros veículos,Colisão transversal,Com Vítimas Feridas,Plena Noite,Crescente,Nublado,Simples,Reta,Sim,2,0,1,0,1,0,1,2,-27.28597282,-49.78231966,SPRF-SC,DEL04-SC,UOP02-DEL04-SC,2023
"526171,0",2023-05-29,segunda-feira,18:15:00,SC,280,"125,0",RIO NEGRINHO,Desrespeitar a preferência no cruzamento,Colisão transversal,Com Vítimas Feridas,Anoitecer,Decrescente,Nublado,Simples,Reta,Sim,3,0,2,0,1,0,2,2,-26.23763684,-49.48434497,SPRF-SC,DEL06-SC,UOP03-DEL06-SC,2023
"526209,0",2023-05-30,terça-feira,06:20:00,SC,101,"105,0",PENHA,Ausência de reação do condutor,Colisão frontal,Com Vítimas Feridas,Amanhecer,Decrescente,Nublado,Múltipla,Curva,Sim,2,0,2,0,0,0,2,2,-26.80215497,-48.67891041,SPRF-SC,DEL03-SC,UOP02-DEL03-SC,2023
"526238,0",2023-05-30,terça-feira,07:30:00,SC,280,"80,0",CORUPA,Acessar a via sem observar a presença dos outros veículos,Colisão traseira,Com Vítimas Feridas,Pleno dia,Crescente,Garoa/Chuvisco,Simples,Reta,Sim,2,0,1,0,1,0,1,2,-26.44412189,-49.20975187,SPRF-SC,DEL06-SC,UOP03-DEL06-SC,2023
"526245,0",2023-05-30,terça-feira,09:00:00,SC,101,"335,0",TUBARAO,Manobra de mudança de faixa,Colisão traseira,Com Vítimas Feridas,Pleno dia,Decrescente,Céu Claro,Dupla,Reta,Sim,3,0,1,0,2,0,1,3,-28.47502906,-49.02683258,SPRF-SC,DEL02-SC,UOP01-DEL02-SC,2023
"526282,0",2023-05-30,terça-feira,14:45:00,SC,101,"200,1",SAO JOSE,Condutor deixou de manter distância do veículo da frente,Colisão traseira,Com Vítimas Feridas,Pleno dia,Crescente,Nublado,Múltipla,Aclive,Sim,2,0,1,0,0,1,1,2,-27.54018513,-48.62287714,SPRF-SC,DEL01-SC,UOP01-DEL01-SC,2023
"526294,0",2023-05-30,terça-feira,15:50:00,SC,101,"119,0",ITAJAI,Ausência de reação do condutor,Colisão lateral mesmo sentido,Com Vítimas Feridas,Pleno dia,Decrescente,Nublado,Dupla,Reta,Sim,2,0,1,0,1,0,1,2,-26.9043179,-48.71555481,SPRF-SC,DEL04-SC,UOP04-DEL04-SC,2023
"526324,0",2023-05-30,terça-feira,17:50:00,SC,101,"419,0",ARARANGUA,Entrada inopinada do pedestre,Atropelamento de Pedestre,Com Vítimas Feridas,Plena Noite,Crescente,Nublado,Simples,Reta,Sim,2,0,2,0,0,0,2,2,-28.99566972,-49.55294251,SPRF-SC,DEL02-SC,UOP02-DEL02-SC,2023
"526325,0",2023-05-30,terça-feira,17:40:00,SC,101,"434,0",SOMBRIO,Transitar na contramão,Colisão frontal,Com Vítimas Feridas,Anoitecer,Crescente,Céu Claro,Múltipla,Reta,Sim,3,0,1,0,2,0,1,2,-29.09075196,-49.63226114,SPRF-SC,DEL02-SC,UOP02-DEL02-SC,2023
"526328,0",2023-05-30,terça-feira,19:00:00,SC,282,"5,7",SAO JOSE,Ausência de reação do condutor,Colisão traseira,Com Vítimas Feridas,Plena Noite,Crescente,Céu Claro,Dupla,Viaduto;Reta,Não,2,0,0,1,1,0,1,2,-27.588425,-48.612919,SPRF-SC,DEL01-SC,UOP01-DEL01-SC,2023
"526333,0",2023-05-30,terça-feira,18:20:00,SC,116,"209,0",PONTE ALTA,Acessar a via sem observar a presença dos outros veículos,Colisão traseira,Sem Vítimas,Plena Noite,Crescente,Nublado,Simples,Reta,Não,3,0,0,0,3,0,0,2,-27.4978549,-50.36801219,SPRF-SC,DEL05-SC,UOP03-DEL05-SC,2023
"526351,0",2023-05-30,terça-feira,19:50:00,SC,280,"73,3",JARAGUA DO SUL,Ausência de reação do condutor,Saída de leito carroçável,Com Vítimas Feridas,Plena Noite,Decrescente,Nublado,Simples,Reta,Não,2,0,1,0,1,0,1,1,-26.45917102,-49.15245,SPRF-SC,DEL03-SC,UOP03-DEL03-SC,2023
"526357,0",2023-05-30,terça-feira,18:15:00,SC,470,"68,4",INDAIAL,Pedestre cruzava a pista fora da faixa,Atropelamento de Pedestre,Com Vítimas Feridas,Plena Noite,Crescente,Garoa/Chuvisco,Dupla,Em Obras;Reta,Não,2,0,1,0,0,1,1,2,-26.88035411,-49.24269676,SPRF-SC,DEL04-SC,UOP01-DEL04-SC,2023
"526400,0",2023-05-31,quarta-feira,04:00:00,SC,280,"79,9",CORUPA,Ausência de reação do condutor,Colisão com objeto,Com Vítimas Feridas,Amanhecer,Crescente,Nublado,Simples,Reta,Não,1,0,1,0,0,0,1,1,-26.44657315,-49.20157809,SPRF-SC,DEL06-SC,UOP03-DEL06-SC,2023
"526435,0",2023-02-27,segunda-feira,19:40:00,SC,101,"116,0",ITAJAI,Acumulo de areia ou detritos sobre o pavimento,Colisão com objeto,Com Vítimas Feridas,Plena Noite,Crescente,Céu Claro,Dupla,Reta,Sim,1,0,0,1,0,0,1,1,-26.87905605,-48.72603512,SPRF-SC,DEL04-SC,UOP04-DEL04-SC,2023
"526462,0",2023-05-31,quarta-feira,13:00:00,SC,101,"236,3",PALHOCA,Condutor Dormindo,Saída de leito carroçável,Com Vítimas Feridas,Pleno dia,Crescente,Céu Claro,Dupla,Reta,Não,1,0,1,0,0,0,1,1,-27.82629382,-48.63034842,SPRF-SC,DEL01-SC,UOP02-DEL01-SC,2023
"526473,0",2023-05-21,domingo,15:30:00,SC,470,"35,6",GASPAR,Trafegar com motocicleta (ou similar) entre as faixas,Colisão lateral mesmo sentido,Com Vítimas Feridas,Pleno dia,Decrescente,Céu Claro,Simples,Desvio Temporário;Em Obras,Não,3,0,1,0,2,0,1,2,-26.91407912,-48.96801895,SPRF-SC,DEL04-SC,UOP01-DEL04-SC,2023
"526489,0",2023-05-31,quarta-feira,12:50:00,SC,101,"131,0",BALNEARIO CAMBORIU,Transitar na contramão,Colisão lateral sentido oposto,Sem Vítimas,Pleno dia,Crescente,Céu Claro,Simples,Curva,Sim,2,0,0,0,1,1,0,2,-26.99064209,-48.66310912,SPRF-SC,DEL04-SC,UOP03-DEL04-SC,2023
"526558,0",2023-05-31,quarta-feira,23:00:00,SC,101,"193,0",BIGUACU,Acessar a via sem observar a presença dos outros veículos,Colisão lateral mesmo sentido,Com Vítimas Feridas,Plena Noite,Crescente,Céu Claro,Simples,Curva,Sim,3,0,1,0,2,0,1,2,-27.489574,-48.655914,SPRF-SC,DEL01-SC,UOP01-DEL01-SC,2023
"526568,0",2023-05-31,quarta-feira,23:15:00,SC,282,"285,8",SAO JOSE DO CERRITO,Transitar na contramão,Colisão frontal,Com Vítimas Feridas,Plena Noite,Crescente,Céu Claro,Simples,Reta,Não,3,0,2,1,0,0,3,2,-27.574823,-50.801476,SPRF-SC,DEL05-SC,UOP02-DEL05-SC,2023
"526582,0",2023-06-01,quinta-feira,06:40:00,SC,101,"203,0",SAO JOSE,Ausência de reação do condutor,Capotamento,Com Vítimas Feridas,Pleno dia,Decrescente,Céu Claro,Múltipla,Reta,Não,4,0,2,0,2,0,2,1,-27.5650044,-48.61460082,SPRF-SC,DEL01-SC,UOP01-DEL01-SC,2023
"526584,0",2023-03-14,terça-feira,15:10:00,SC,282,"382,0",HERVAL DOESTE,Acessar a via sem observar a presença dos outros veículos,Colisão transversal,Com Vítimas Feridas,Pleno dia,Crescente,Sol,Simples,Reta;Declive,Não,2,0,1,0,1,0,1,2,-27.19607,-51.503044,SPRF-SC,DEL07-SC,UOP05-DEL07-SC,2023
"526600,0",2023-06-01,quinta-feira,07:35:00,SC,101,"225,9",PALHOCA,Velocidade Incompatível,Colisão lateral mesmo sentido,Com Vítimas Feridas,Pleno dia,Decrescente,Céu Claro,Dupla,Reta,Não,2,0,0,1,0,1,1,2,-27.73292191,-48.6409567,SPRF-SC,DEL01-SC,UOP02-DEL01-SC,2023
"526624,0",2023-06-01,quinta-feira,07:35:00,SC,280,"29,0",ARAQUARI,Trafegar com motocicleta (ou similar) entre as faixas,Colisão transversal,Com Vítimas Feridas,Pleno dia,Crescente,Céu Claro,Simples,Reta,Sim,2,0,1,0,1,0,1,2,-26.41066264,-48.75295628,SPRF-SC,DEL03-SC,UOP03-DEL03-SC,2023
"526660,0",2023-06-01,quinta-feira,12:15:00,SC,101,"123,1",ITAJAI,Desrespeitar a preferência no cruzamento,Colisão transversal,Com Vítimas Feridas,Pleno dia,Decrescente,Céu Claro,Múltipla,Interseção de Vias;Viaduto,Sim,2,0,1,0,1,0,1,2,-26.9373905,-48.69765645,SPRF-SC,DEL04-SC,UOP04-DEL04-SC,2023
"526692,0",2023-06-01,quinta-feira,15:00:00,SC,470,"174,0",POUSO REDONDO,Desrespeitar a preferência no cruzamento,Colisão transversal,Com Vítimas Feridas,Pleno dia,Crescente,Sol,Simples,Reta,Sim,2,0,0,1,1,0,1,2,-27.258179,-49.929146,SPRF-SC,DEL04-SC,UOP02-DEL04-SC,2023
"526703,0",2023-06-01,quinta-feira,16:35:00,SC,470,"65,1",INDAIAL,Condutor deixou de manter distância do veículo da frente,Colisão traseira,Com Vítimas Feridas,Anoitecer,Crescente,Céu Claro,Simples,Em Obras;Reta,Não,2,0,1,0,1,0,1,2,-26.870411,-49.211864,SPRF-SC,DEL04-SC,UOP01-DEL04-SC,2023
"526708,0",2023-06-01,quinta-feira,18:15:00,SC,480,"129,9",CHAPECO,Acessar a via sem observar a presença dos outros veículos,Colisão transversal,Com Vítimas Feridas,Plena Noite,Crescente,Céu Claro,Dupla,Interseção de Vias,Sim,2,0,1,0,1,0,1,2,-27.04656607,-52.63577131,SPRF-SC,DEL07-SC,UOP01-DEL07-SC,2023
"526726,0",2023-06-01,quinta-feira,19:15:00,SC,101,"206,0",SAO JOSE,Manobra de mudança de faixa,Colisão lateral mesmo sentido,Com Vítimas Feridas,Plena Noite,Crescente,Céu Claro,Dupla,Reta,Sim,3,0,1,0,1,1,1,3,-27.59193546,-48.61824557,SPRF-SC,DEL01-SC,UOP01-DEL01-SC,2023
"526729,0",2023-06-01,quinta-feira,18:45:00,SC,101,"218,3",PALHOCA,Condutor deixou de manter distância do veículo da frente,Colisão lateral mesmo sentido,Com Vítimas Feridas,Plena Noite,Crescente,Céu Claro,Dupla,Em Obras,Não,2,0,1,0,1,0,1,2,-27.6758601,-48.67052525,SPRF-SC,DEL01-SC,UOP02-DEL01-SC,2023
"526730,0",2023-06-01,quinta-feira,18:40:00,SC,470,"70,5",INDAIAL,Acesso irregular,Queda de ocupante de veículo,Com Vítimas Feridas,Plena Noite,Crescente,Céu Claro,Simples,Em Obras;Reta,Sim,1,0,1,0,0,0,1,1,-26.889374,-49.254478,SPRF-SC,DEL04-SC,UOP01-DEL04-SC,2023
"526760,0",2023-06-01,quinta-feira,18:10:00,SC,101,"87,0",BARRA VELHA,Desrespeitar a preferência no cruzamento,Colisão transversal,Com Vítimas Feridas,Plena Noite,Crescente,Céu Claro,Dupla,Interseção de Vias;Reta;Declive,Sim,3,0,1,0,0,2,1,3,-26.64683255,-48.68727028,SPRF-SC,DEL03-SC,UOP02-DEL03-SC,2023
"526763,0",2023-06-01,quinta-feira,19:55:00,SC,282,"3,0",FLORIANOPOLIS,Manobra de mudança de faixa,Colisão lateral mesmo sentido,Com Vítimas Feridas,Plena Noite,Crescente,Céu Claro,Dupla,Reta,Sim,2,0,1,0,1,0,1,2,-27.600384,-48.599705,SPRF-SC,DEL01-SC,UOP01-DEL01-SC,2023
"526776,0",2023-06-01,quinta-feira,21:10:00,SC,101,"309,0",LAGUNA,Transitar na contramão,Colisão frontal,Com Vítimas Feridas,Plena Noite,Decrescente,Céu Claro,Simples,Reta,Não,2,0,0,1,1,0,1,2,-28.42408985,-48.79948854,SPRF-SC,DEL02-SC,UOP01-DEL02-SC,2023
"526786,0",2023-06-02,sexta-feira,02:15:00,SC,101,"409,9",ARARANGUA,Ausência de reação do condutor,Colisão frontal,Sem Vítimas,Plena Noite,Crescente,Céu Claro,Simples,Reta,Sim,2,0,0,0,2,0,0,2,-28.93979904,-49.49754953,SPRF-SC,DEL02-SC,UOP02-DEL02-SC,2023
"526790,0",2023-06-02,sexta-feira,03:35:00,SC,101,"195,1",BIGUACU,Condutor Dormindo,Colisão com objeto,Sem Vítimas,Plena Noite,Crescente,Céu Claro,Múltipla,Viaduto;Interseção de Vias;Curva,Sim,1,0,0,0,0,1,0,1,-27.5047092,-48.65010819,SPRF-SC,DEL01-SC,UOP01-DEL01-SC,2023
"526791,0",2023-06-02,sexta-feira,02:50:00,SC,470,"169,0",POUSO REDONDO,Transitar na contramão,Colisão frontal,Com Vítimas Feridas,Plena Noite,Crescente,Nevoeiro/Neblina,Simples,Reta,Não,2,0,0,1,1,0,1,2,-27.265471,-49.882442,SPRF-SC,DEL04-SC,UOP02-DEL04-SC,2023
"526797,0",2023-06-02,sexta-feira,06:00:00,SC,101,"200,0",SAO JOSE,Condutor deixou de manter distância do veículo da frente,Colisão traseira,Com Vítimas Feridas,Plena Noite,Decrescente,Céu Claro,Dupla,Curva,Sim,2,0,1,0,0,1,1,2,-27.54018513,-48.62287714,SPRF-SC,DEL01-SC,UOP01-DEL01-SC,2023
"526806,0",2023-06-02,sexta-feira,06:40:00,SC,280,"128,9",RIO NEGRINHO,Transitar na contramão,Colisão frontal,Com Vítimas Feridas,Amanhecer,Crescente,Nevoeiro/Neblina,Simples,Reta;Aclive,Sim,2,0,0,1,1,0,1,2,-26.25414155,-49.53526676,SPRF-SC,DEL06-SC,UOP03-DEL06-SC,2023
"526816,0",2023-06-02,sexta-feira,07:30:00,SC,101,"212,0",PALHOCA,Trafegar com motocicleta (ou similar) entre as faixas,Colisão lateral mesmo sentido,Com Vítimas Feridas,Pleno dia,Decrescente,Céu Claro,Dupla,Reta,Sim,3,0,0,1,2,0,1,3,-27.62996929,-48.65903871,SPRF-SC,DEL01-SC,UOP02-DEL01-SC,2023
"526818,0",2023-06-02,sexta-feira,07:50:00,SC,101,"204,8",SAO JOSE,Ausência de reação do condutor,Colisão traseira,Com Vítimas Feridas,Pleno dia,Crescente,Céu Claro,Múltipla,Reta,Sim,5,0,1,0,3,1,1,4,-27.58313237,-48.61532885,SPRF-SC,DEL01-SC,UOP01-DEL01-SC,2023
"526822,0",2023-06-02,sexta-feira,07:22:00,SC,470,"70,5",INDAIAL,Trafegar com motocicleta (ou similar) entre as faixas,Colisão transversal,Com Vítimas Feridas,Pleno dia,Decrescente,Céu Claro,Simples,Reta,Não,2,0,1,0,1,0,1,2,-26.89276237,-49.25884902,SPRF-SC,DEL04-SC,UOP01-DEL04-SC,2023
"526828,0",2023-06-02,sexta-feira,07:15:00,SC,282,"18,0",PALHOCA,Trafegar com motocicleta (ou similar) entre as faixas,Colisão frontal,Com Vítimas Feridas,Pleno dia,Decrescente,Sol,Simples,Reta,Não,2,0,1,0,1,0,1,2,-27.672798,-48.694286,SPRF-SC,DEL01-SC,UOP02-DEL01-SC,2023
"526854,0",2023-06-02,sexta-feira,10:22:00,SC,101,"208,0",SAO JOSE,Ausência de reação do condutor,Colisão traseira,Com Vítimas Feridas,Pleno dia,Crescente,Céu Claro,Múltipla,Reta,Não,2,0,1,0,1,0,1,2,-27.60327979,-48.63201818,SPRF-SC,DEL01-SC,UOP01-DEL01-SC,2023
"526871,0",2023-06-02,sexta-feira,12:50:00,SC,101,"206,2",SAO JOSE,Acessar a via sem observar a presença dos outros veículos,Colisão lateral mesmo sentido,Com Vítimas Feridas,Pleno dia,Decrescente,Céu Claro,Múltipla,Reta,Sim,2,0,1,0,1,0,1,2,-27.59193546,-48.61824557,SPRF-SC,DEL01-SC,UOP01-DEL01-SC,2023
"526899,0",2023-06-02,sexta-feira,15:45:00,SC,101,"119,9",ITAJAI,Trafegar com motocicleta (ou similar) entre as faixas,Colisão lateral mesmo sentido,Com Vítimas Feridas,Pleno dia,Crescente,Céu Claro,Dupla,Reta,Não,2,0,0,1,1,0,1,2,-26.9043179,-48.71555481,SPRF-SC,DEL04-SC,UOP04-DEL04-SC,2023