id,data_inversa,dia_semana,horario,uf,br,km,municipio,causa_acidente,tipo_acidente,classificacao_acidente,fase_dia,sentido_via,condicao_metereologica,tipo_pista,tracado_via,uso_solo,pessoas,mortos,feridos_leves,feridos_graves,ilesos,ignorados,feridos,veiculos,latitude,longitude,regional,delegacia,uop,ano_arquivo
"527778,0",2023-06-06,terça-feira,17:45:00,SC,163,"72,0",SAO MIGUEL DO OESTE,Reação tardia ou ineficiente do condutor,Colisão traseira,Com Vítimas Feridas,Anoitecer,Crescente,Céu Claro,Dupla,Interseção de Vias,Sim,2,0,1,0,1,0,1,2,-26.72962532,-53.51157725,SPRF-SC,DEL07-SC,UOP03-DEL07-SC,2023
"527784,0",2023-06-06,terça-feira,17:50:00,SC,101,"105,2",PENHA,Condutor deixou de manter distância do veículo da frente,Colisão traseira,Com Vítimas Feridas,Plena Noite,Decrescente,Céu Claro,Dupla,Reta;Viaduto,Não,2,0,1,0,0,1,1,2,-26.80468102,-48.67930412,SPRF-SC,DEL03-SC,UOP02-DEL03-SC,2023
"527785,0",2023-06-06,terça-feira,16:20:00,SC,101,"337,0",TUBARAO,Ausência de reação do condutor,Tombamento,Com Vítimas Feridas,Pleno dia,Decrescente,Sol,Simples,Reta;Aclive,Sim,2,0,2,0,0,0,2,1,-28.47801624,-49.03246283,SPRF-SC,DEL02-SC,UOP01-DEL02-SC,2023
"527795,0",2023-06-06,terça-feira,17:45:00,SC,101,"181,3",BIGUACU,Ausência de reação do condutor,Colisão traseira,Com Vítimas Feridas,Plena Noite,Crescente,Céu Claro,Múltipla,Reta,Não,2,0,1,0,1,0,1,2,-27.38958699,-48.63197593,SPRF-SC,DEL01-SC,UOP01-DEL01-SC,2023
"527811,0",2023-06-06,terça-feira,20:05:00,SC,280,"31,0",ARAQUARI,Ultrapassagem Indevida,Colisão lateral sentido oposto,Com Vítimas Feridas,Plena Noite,Decrescente,Céu Claro,Simples,Reta,Sim,2,0,0,1,1,0,1,2,-26.41649938,-48.77181215,SPRF-SC,DEL03-SC,UOP03-DEL03-SC,2023
"527814,0",2023-06-06,terça-feira,20:20:00,SC,101,"264,4",GAROPABA,Reação tardia ou ineficiente do condutor,Colisão com objeto,Sem Vítimas,Plena Noite,Decrescente,Céu Claro,Dupla,Reta,Não,1,0,0,0,0,1,0,1,-28.05149404,-48.71632789,SPRF-SC,DEL02-SC,UOP03-DEL02-SC,2023
"527836,0",2023-06-07,quarta-feira,03:40:00,SC,101,"182,0",BIGUACU,Reação tardia ou ineficiente do condutor,Capotamento,Com Vítimas Feridas,Plena Noite,Crescente,Céu Claro,Dupla,Reta,Não,2,0,2,0,0,0,2,1,-27.39798985,-48.6303592,SPRF-SC,DEL01-SC,UOP01-DEL01-SC,2023
"527845,0",2023-06-07,quarta-feira,04:50:00,SC,101,"341,3",TUBARAO,Reação tardia ou ineficiente do condutor,Colisão frontal,Com Vítimas Feridas,Plena Noite,Crescente,Céu Claro,Simples,Reta,Não,2,0,0,1,1,0,1,2,-28.50999405,-49.05070686,SPRF-SC,DEL02-SC,UOP01-DEL02-SC,2023
"527857,0",2023-06-07,quarta-feira,07:30:00,SC,282,"16,0",PALHOCA,Condutor deixou de manter distância do veículo da frente,Colisão transversal,Com Vítimas Feridas,Pleno dia,Crescente,Céu Claro,Simples,Reta,Sim,2,0,0,1,1,0,1,2,-27.658611,-48.681847,SPRF-SC,DEL01-SC,UOP02-DEL01-SC,2023
"527882,0",2023-06-04,domingo,01:30:00,SC,282,"184,0",BOCAINA DO SUL,Velocidade Incompatível,Saída de leito carroçável,Com Vítimas Feridas,Plena Noite,Crescente,Nevoeiro/Neblina,Simples,Declive;Reta,Não,3,0,3,0,0,0,3,1,-27.73336,-49.978264,SPRF-SC,DEL05-SC,UOP01-DEL05-SC,2023
"527884,0",2023-06-07,quarta-feira,09:00:00,SC,282,"17,0",PALHOCA,Desrespeitar a preferência no cruzamento,Colisão transversal,Com Vítimas Feridas,Pleno dia,Crescente,Céu Claro,Simples,Reta,Não,3,0,1,0,2,0,1,2,-27.665707,-48.688065,SPRF-SC,DEL01-SC,UOP02-DEL01-SC,2023
"527896,0",2023-06-07,quarta-feira,08:30:00,SC,101,"333,7",TUBARAO,Reação tardia ou ineficiente do condutor,Colisão traseira,Sem Vítimas,Pleno dia,Decrescente,Céu Claro,Dupla,Interseção de Vias,Sim,2,0,0,0,2,0,0,2,-28.46989852,-49.01893616,SPRF-SC,DEL02-SC,UOP01-DEL02-SC,2023
"527913,0",2023-06-07,quarta-feira,11:40:00,SC,101,"134,0",BALNEARIO CAMBORIU,Desrespeitar a preferência no cruzamento,Colisão transversal,Com Vítimas Feridas,Pleno dia,Crescente,Sol,Múltipla,Reta,Sim,2,0,1,0,1,0,1,2,-27.00218,-48.636433,SPRF-SC,DEL04-SC,UOP03-DEL04-SC,2023
"527927,0",2023-06-07,quarta-feira,09:45:00,SC,282,"375,0",ERVAL VELHO,Pedestre andava na pista,Atropelamento de Pedestre,Com Vítimas Feridas,Pleno dia,Crescente,Céu Claro,Simples,Reta,Não,2,0,0,1,1,0,1,2,-27.228022,-51.456421,SPRF-SC,DEL07-SC,UOP05-DEL07-SC,2023
"527929,0",2023-06-07,quarta-feira,11:45:00,SC,153,"67,0",IRANI,Acumulo de óleo sobre o pavimento,Queda de ocupante de veículo,Com Vítimas Feridas,Pleno dia,Crescente,Céu Claro,Simples,Declive,Não,1,0,1,0,0,0,1,1,-27.026777,-51.884796,SPRF-SC,DEL07-SC,UOP04-DEL07-SC,2023
"527953,0",2023-06-07,quarta-feira,11:40:00,SC,163,"2,6",DIONISIO CERQUEIRA,Acessar a via sem observar a presença dos outros veículos,Colisão transversal,Com Vítimas Feridas,Pleno dia,Decrescente,Céu Claro,Simples,Reta;Aclive,Sim,2,0,1,0,1,0,1,2,-26.26646961,-53.63813996,SPRF-SC,DEL07-SC,UOP03-DEL07-SC,2023
"527963,0",2023-06-07,quarta-feira,17:40:00,SC,101,"213,0",PALHOCA,Condutor deixou de manter distância do veículo da frente,Colisão traseira,Com Vítimas Feridas,Plena Noite,Crescente,Céu Claro,Múltipla,Reta,Sim,2,0,1,0,1,0,1,2,-27.63697369,-48.66514142,SPRF-SC,DEL01-SC,UOP02-DEL01-SC,2023
"527967,0",2023-06-07,quarta-feira,17:20:00,SC,280,"48,0",GUARAMIRIM,Acessar a via sem observar a presença dos outros veículos,Colisão transversal,Com Vítimas Feridas,Anoitecer,Decrescente,Nublado,Simples,Reta,Não,6,0,6,0,0,0,6,2,-26.45506795,-48.92766502,SPRF-SC,DEL03-SC,UOP03-DEL03-SC,2023
"527973,0",2023-06-07,quarta-feira,17:10:00,SC,116,"228,0",CORREIA PINTO,Objeto estático sobre o leito carroçável,Saída de leito carroçável,Com Vítimas Feridas,Pleno dia,Decrescente,Céu Claro,Simples,Reta,Não,3,0,1,2,0,0,3,1,-27.64596607,-50.33792237,SPRF-SC,DEL05-SC,UOP03-DEL05-SC,2023
"528009,0",2023-06-07,quarta-feira,19:30:00,SC,101,"118,7",ITAJAI,Ausência de reação do condutor,Colisão lateral mesmo sentido,Com Vítimas Feridas,Plena Noite,Crescente,Céu Claro,Dupla,Reta,Não,2,0,1,0,1,0,1,2,-26.895859,-48.71903,SPRF-SC,DEL04-SC,UOP04-DEL04-SC,2023
"528012,0",2023-06-07,quarta-feira,18:00:00,SC,163,"71,6",SAO MIGUEL DO OESTE,Acessar a via sem observar a presença dos outros veículos,Colisão transversal,Com Vítimas Feridas,Plena Noite,Crescente,Céu Claro,Dupla,Reta,Sim,2,0,1,0,1,0,1,2,-26.72772401,-53.51281303,SPRF-SC,DEL07-SC,UOP03-DEL07-SC,2023
"528022,0",2023-06-07,quarta-feira,20:45:00,SC,101,"282,0",IMBITUBA,Condutor deixou de manter distância do veículo da frente,Colisão traseira,Com Vítimas Feridas,Plena Noite,Crescente,Céu Claro,Múltipla,Reta,Sim,2,0,1,0,1,0,1,2,-28.19626005,-48.69739859,SPRF-SC,DEL02-SC,UOP03-DEL02-SC,2023
"528025,0",2023-06-07,quarta-feira,20:00:00,SC,101,"86,5",BARRA VELHA,Acumulo de areia ou detritos sobre o pavimento,Queda de ocupante de veículo,Com Vítimas Feridas,Plena Noite,Crescente,Céu Claro,Simples,Viaduto,Não,1,0,1,0,0,0,1,1,-26.63277317,-48.70232513,SPRF-SC,DEL03-SC,UOP02-DEL03-SC,2023
"528055,0",2023-06-08,quinta-feira,01:20:00,SC,101,"153,7",PORTO BELO,Reação tardia ou ineficiente do condutor,Colisão traseira,Com Vítimas Feridas,Plena Noite,Decrescente,Nublado,Múltipla,Reta,Sim,5,0,3,1,1,0,4,3,-27.144717,-48.61063935,SPRF-SC,DEL04-SC,UOP03-DEL04-SC,2023
"528056,0",2023-06-08,quinta-feira,01:40:00,SC,282,"3,3",FLORIANOPOLIS,Velocidade Incompatível,Colisão com objeto,Sem Vítimas,Plena Noite,Decrescente,Céu Claro,Múltipla,Reta,Sim,1,0,0,0,0,1,0,1,-27.59648343,-48.6010319,SPRF-SC,DEL01-SC,UOP01-DEL01-SC,2023
"528059,0",2023-06-08,quinta-feira,02:31:00,SC,101,"48,6",JOINVILLE,Transitar na contramão,Colisão frontal,Com Vítimas Fatais,Plena Noite,Decrescente,Céu Claro,Múltipla,Curva,Não,2,1,0,1,0,0,1,2,-26.37899309,-48.85161214,SPRF-SC,DEL03-SC,UOP01-DEL03-SC,2023
"528068,0",2023-06-08,quinta-feira,04:20:00,SC,101,"195,9",BIGUACU,Ingestão de álcool pelo condutor,Colisão com objeto,Com Vítimas Feridas,Plena Noite,Crescente,Céu Claro,Múltipla,Reta,Sim,1,0,1,0,0,0,1,1,-27.5047092,-48.65010819,SPRF-SC,DEL01-SC,UOP01-DEL01-SC,2023
"528072,0",2023-06-08,quinta-feira,02:45:00,SC,101,"280,7",IMBITUBA,Ingestão de álcool pelo condutor,Colisão com objeto,Com Vítimas Feridas,Plena Noite,Crescente,Céu Claro,Dupla,Reta,Não,2,0,2,0,0,0,2,1,-28.199198,-48.698055,SPRF-SC,DEL02-SC,UOP03-DEL02-SC,2023
"528074,0",2023-06-07,quarta-feira,18:30:00,SC,470,"68,5",INDAIAL,Objeto estático sobre o leito carroçável,Colisão com objeto,Com Vítimas Feridas,Plena Noite,Crescente,Céu Claro,Dupla,Reta;Em Obras,Sim,1,0,0,1,0,0,1,1,-26.877615,-49.239231,SPRF-SC,DEL04-SC,UOP01-DEL04-SC,2023
"528121,0",2023-06-08,quinta-feira,08:50:00,SC,101,"71,4",ARAQUARI,Condutor deixou de manter distância do veículo da frente,Colisão traseira,Com Vítimas Feridas,Pleno dia,Crescente,Céu Claro,Dupla,Viaduto;Declive,Não,11,0,0,1,10,0,1,4,-26.523325,-48.716418,SPRF-SC,DEL03-SC,UOP02-DEL03-SC,2023
"528132,0",2023-06-08,quinta-feira,12:15:00,SC,101,"206,0",SAO JOSE,Ausência de reação do condutor,Colisão com objeto,Com Vítimas Feridas,Pleno dia,Crescente,Céu Claro,Múltipla,Reta,Não,2,0,1,1,0,0,2,1,-27.59193546,-48.61824557,SPRF-SC,DEL01-SC,UOP01-DEL01-SC,2023
"528137,0",2023-06-08,quinta-feira,12:00:00,SC,101,"206,0",SAO JOSE,Objeto estático sobre o leito carroçável,Colisão traseira,Com Vítimas Feridas,Pleno dia,Decrescente,Céu Claro,Múltipla,Reta,Sim,3,0,1,0,2,0,1,2,-27.59193546,-48.61824557,SPRF-SC,DEL01-SC,UOP01-DEL01-SC,2023
"528158,0",2023-06-08,quinta-feira,12:50:00,SC,101,"68,2",ARAQUARI,Condutor deixou de manter distância do veículo da frente,Colisão traseira,Com Vítimas Feridas,Pleno dia,Crescente,Céu Claro,Dupla,Reta,Não,8,0,1,0,7,0,1,2,-26.499691,-48.730045,SPRF-SC,DEL03-SC,UOP02-DEL03-SC,2023
"528173,0",2023-06-08,quinta-feira,16:00:00,SC,101,"231,0",PALHOCA,Ingestão de álcool pelo condutor,Queda de ocupante de veículo,Com Vítimas Feridas,Pleno dia,Crescente,Céu Claro,Dupla,Curva,Não,2,0,2,0,0,0,2,1,-27.78669984,-48.6356424,SPRF-SC,DEL01-SC,UOP02-DEL01-SC,2023
"528190,0",2023-06-08,quinta-feira,15:55:00,SC,282,"563,0",NOVA ERECHIM,Pedestre andava na pista,Atropelamento de Pedestre,Com Vítimas Feridas,Pleno dia,Crescente,Sol,Simples,Reta,Não,2,0,0,1,1,0,1,2,-26.902191,-52.868835,SPRF-SC,DEL07-SC,UOP02-DEL07-SC,2023
"528205,0",2023-06-07,quarta-feira,12:00:00,SC,470,"76,0",INDAIAL,Velocidade Incompatível,Colisão traseira,Com Vítimas Feridas,Pleno dia,Crescente,Céu Claro,Simples,Reta,Não,1,0,1,0,0,0,1,1,-26.933308,-49.287426,SPRF-SC,DEL04-SC,UOP01-DEL04-SC,2023
"528207,0",2023-06-08,quinta-feira,18:35:00,SC,282,"216,0",LAGES,Reação tardia ou ineficiente do condutor,Engavetamento,Com Vítimas Feridas,Plena Noite,Decrescente,Nublado,Simples,Reta,Sim,6,0,2,0,4,0,2,4,-27.797529,-50.291862,SPRF-SC,DEL05-SC,UOP01-DEL05-SC,2023
"528214,0",2023-06-08,quinta-feira,18:30:00,SC,280,"234,3",CANOINHAS,Desrespeitar a preferência no cruzamento,Colisão transversal,Com Vítimas Feridas,Plena Noite,Crescente,Céu Claro,Simples,Reta,Sim,4,0,2,0,1,1,2,2,-26.19130591,-50.40255601,SPRF-SC,DEL06-SC,UOP04-DEL06-SC,2023
"528219,0",2023-06-08,quinta-feira,19:00:00,SC,101,"329,0",TUBARAO,Ingestão de álcool e/ou substâncias psicoativas pelo pedestre,Saída de leito carroçável,Sem Vítimas,Plena Noite,Decrescente,Céu Claro,Dupla,Reta,Sim,1,0,0,0,1,0,0,1,-28.44420154,-48.96581233,SPRF-SC,DEL02-SC,UOP01-DEL02-SC,2023
"528220,0",2023-06-08,quinta-feira,15:30:00,SC,280,"81,9",CORUPA,Acessar a via sem observar a presença dos outros veículos,Colisão transversal,Com Vítimas Feridas,Pleno dia,Decrescente,Sol,Simples,Reta,Sim,2,0,1,0,1,0,1,2,-26.44057489,-49.217056,SPRF-SC,DEL06-SC,UOP03-DEL06-SC,2023
"528232,0",2023-06-08,quinta-feira,16:20:00,SC,282,"516,1",XAXIM,Velocidade Incompatível,Saída de leito carroçável,Com Vítimas Feridas,Pleno dia,Crescente,Céu Claro,Simples,Curva,Não,1,0,1,0,0,0,1,1,-26.939375,-52.500057,SPRF-SC,DEL07-SC,UOP01-DEL07-SC,2023
"528237,0",2023-06-08,quinta-feira,20:30:00,SC,101,"403,1",MARACAJA,Objeto estático sobre o leito carroçável,Colisão com objeto,Com Vítimas Feridas,Plena Noite,Decrescente,Céu Claro,Dupla,Reta,Não,4,0,1,0,3,0,1,2,-28.87065022,-49.45169172,SPRF-SC,DEL02-SC,UOP02-DEL02-SC,2023
"528242,0",2023-06-08,quinta-feira,21:40:00,SC,280,"127,0",RIO NEGRINHO,Ingestão de álcool pelo condutor,Colisão lateral mesmo sentido,Sem Vítimas,Plena Noite,Decrescente,Céu Claro,Simples,Rotatória,Sim,2,0,0,0,2,0,0,2,-26.23943953,-49.50420708,SPRF-SC,DEL06-SC,UOP03-DEL06-SC,2023
"528266,0",2023-06-08,quinta-feira,22:30:00,SC,282,"204,0",LAGES,Animais na Pista,Atropelamento de Animal,Com Vítimas Feridas,Pleno dia,Crescente,Nublado,Simples,Reta;Declive,Não,3,0,3,0,0,0,3,1,-27.768663,-50.172195,SPRF-SC,DEL05-SC,UOP01-DEL05-SC,2023
"528279,0",2023-06-09,sexta-feira,03:00:00,SC,470,"18,0",ILHOTA,Ingestão de substâncias psicoativas pelo condutor,Colisão com objeto,Com Vítimas Feridas,Plena Noite,Crescente,Chuva,Simples,Em Obras,Não,4,0,2,1,0,1,3,1,-26.855534,-48.808922,SPRF-SC,DEL04-SC,UOP04-DEL04-SC,2023
"528289,0",2023-06-05,segunda-feira,18:40:00,SC,163,"73,0",SAO MIGUEL DO OESTE,Acessar a via sem observar a presença dos outros veículos,Colisão transversal,Com Vítimas Feridas,Anoitecer,Crescente,Céu Claro,Simples,Reta,Sim,3,0,1,0,0,2,1,3,-26.71084646,-53.51502434,SPRF-SC,DEL07-SC,UOP03-DEL07-SC,2023
"528304,0",2023-06-09,sexta-feira,07:20:00,SC,470,"47,7",BLUMENAU,Acessar a via sem observar a presença dos outros veículos,Colisão transversal,Com Vítimas Feridas,Pleno dia,Crescente,Céu Claro,Simples,Retorno Regulamentado,Não,2,0,1,0,0,1,1,2,-26.864044,-49.046516,SPRF-SC,DEL04-SC,UOP01-DEL04-SC,2023
"528320,0",2023-06-09,sexta-feira,07:50:00,SC,470,"163,0",POUSO REDONDO,Reação tardia ou ineficiente do condutor,Colisão transversal,Com Vítimas Feridas,Amanhecer,Crescente,Nevoeiro/Neblina,Simples,Reta,Não,3,0,2,0,1,0,2,2,-27.278976,-49.825996,SPRF-SC,DEL04-SC,UOP02-DEL04-SC,2023
"528339,0",2023-06-09,sexta-feira,11:00:00,SC,470,"68,4",INDAIAL,Acessar a via sem observar a presença dos outros veículos,Colisão transversal,Com Vítimas Feridas,Pleno dia,Crescente,Céu Claro,Dupla,Interseção de Vias,Sim,2,0,1,0,1,0,1,2,-26.8800749,-49.24278475,SPRF-SC,DEL04-SC,UOP01-DEL04-SC,2023
"528351,0",2023-06-09,sexta-feira,10:00:00,SC,163,"119,5",DIONISIO CERQUEIRA,Reação tardia ou ineficiente do condutor,Saída de leito carroçável,Com Vítimas Feridas,Pleno dia,Decrescente,Céu Claro,Simples,Reta;Em Obras;Declive,Não,2,0,2,0,0,0,2,1,-26.33680692,-53.54633331,SPRF-SC,DEL07-SC,UOP03-DEL07-SC,2023
"528361,0",2023-06-09,sexta-feira,13:45:00,SC,101,"118,0",ITAJAI,Reação tardia ou ineficiente do condutor,Colisão traseira,Com Vítimas Feridas,Pleno dia,Crescente,Sol,Múltipla,Reta,Não,5,0,1,0,4,0,1,4,-26.895859,-48.71903,SPRF-SC,DEL04-SC,UOP04-DEL04-SC,2023
"528363,0",2023-06-09,sexta-feira,14:00:00,SC,101,"97,0",BALNEARIO PICARRAS,Reação tardia ou ineficiente do condutor,Atropelamento de Pedestre,Com Vítimas Feridas,Pleno dia,Decrescente,Sol,Múltipla,Curva,Sim,2,0,1,0,1,0,1,2,-26.72823703,-48.70224928,SPRF-SC,DEL03-SC,UOP02-DEL03-SC,2023
"528382,0",2023-06-09,sexta-feira,16:35:00,SC,101,"118,0",ITAJAI,Trafegar com motocicleta (ou similar) entre as faixas,Colisão lateral mesmo sentido,Com Vítimas Feridas,Pleno dia,Crescente,Céu Claro,Múltipla,Reta,Sim,3,0,0,1,2,0,1,2,-26.895859,-48.71903,SPRF-SC,DEL04-SC,UOP04-DEL04-SC,2023
"528395,0",2023-06-09,sexta-feira,15:15:00,SC,101,"116,0",ITAJAI,Demais falhas mecânicas ou elétricas,Incêndio,Sem Vítimas,Pleno dia,Decrescente,Céu Claro,Dupla,Reta,Não,1,0,0,0,1,0,0,1,-26.87905605,-48.72603512,SPRF-SC,DEL04-SC,UOP04-DEL04-SC,2023
"528415,0",2023-06-09,sexta-feira,17:15:00,SC,101,"191,0",BIGUACU,Iluminação deficiente,Queda de ocupante de veículo,Com Vítimas Feridas,Plena Noite,Decrescente,Céu Claro,Dupla,Reta,Não,1,0,1,0,0,0,1,1,-27.47730273,-48.64127329,SPRF-SC,DEL01-SC,UOP01-DEL01-SC,2023
"528461,0",2023-06-09,sexta-feira,23:10:00,SC,101,"200,0",SAO JOSE,Reação tardia ou ineficiente do condutor,Capotamento,Sem Vítimas,Plena Noite,Decrescente,Céu Claro,Dupla,Reta,Sim,1,0,0,0,0,1,0,1,-27.54018513,-48.62287714,SPRF-SC,DEL01-SC,UOP01-DEL01-SC,2023
"528475,0",2023-06-10,sábado,02:15:00,SC,282,"18,2",PALHOCA,Reação tardia ou ineficiente do condutor,Colisão com objeto,Com Vítimas Feridas,Plena Noite,Crescente,Céu Claro,Simples,Em Obras;Reta;Desvio Temporário,Sim,2,0,1,1,0,0,2,1,-27.672798,-48.694286,SPRF-SC,DEL01-SC,UOP02-DEL01-SC,2023
"528486,0",2023-06-10,sábado,05:30:00,SC,101,"329,0",CAPIVARI DE BAIXO,Ingestão de álcool pelo condutor,Colisão com objeto,Com Vítimas Feridas,Amanhecer,Crescente,Céu Claro,Dupla,Reta,Sim,1,0,1,0,0,0,1,1,-28.44404822,-48.96611372,SPRF-SC,DEL02-SC,UOP01-DEL02-SC,2023
"528517,0",2023-06-10,sábado,07:00:00,SC,282,"620,6",IRACEMINHA,Condutor Dormindo,Saída de leito carroçável,Com Vítimas Feridas,Pleno dia,Decrescente,Céu Claro,Simples,Curva,Não,1,0,1,0,0,0,1,1,-26.799355,-53.308002,SPRF-SC,DEL07-SC,UOP02-DEL07-SC,2023
"528524,0",2023-06-10,sábado,09:50:00,SC,470,"38,1",GASPAR,Ingestão de álcool pelo condutor,Colisão lateral sentido oposto,Com Vítimas Feridas,Pleno dia,Crescente,Céu Claro,Simples,Reta;Em Obras;Desvio Temporário,Não,4,0,1,1,1,1,2,4,-26.912727,-48.978043,SPRF-SC,DEL04-SC,UOP01-DEL04-SC,2023
"528529,0",2023-06-10,sábado,10:40:00,SC,101,"434,0",SOMBRIO,Desrespeitar a preferência no cruzamento,Colisão transversal,Sem Vítimas,Pleno dia,Crescente,Céu Claro,Simples,Interseção de Vias,Não,2,0,0,0,2,0,0,2,-29.09075196,-49.63226114,SPRF-SC,DEL02-SC,UOP02-DEL02-SC,2023
"528530,0",2023-06-10,sábado,10:55:00,SC,101,"131,8",BALNEARIO CAMBORIU,Acessar a via sem observar a presença dos outros veículos,Colisão frontal,Com Vítimas Feridas,Pleno dia,Crescente,Céu Claro,Simples,Reta,Não,5,0,3,2,0,0,5,2,-26.99064209,-48.66310912,SPRF-SC,DEL04-SC,UOP03-DEL04-SC,2023
"528531,0",2023-06-07,quarta-feira,03:10:00,SC,280,"8,0",SAO FRANCISCO DO SUL,Ingestão de álcool pelo condutor,Colisão com objeto,Sem Vítimas,Plena Noite,Crescente,Céu Claro,Simples,Reta,Sim,1,0,0,0,0,1,0,1,-26.27887292,-48.64668626,SPRF-SC,DEL03-SC,UOP03-DEL03-SC,2023
"528534,0",2023-06-10,sábado,09:40:00,SC,280,"127,0",RIO NEGRINHO,Acessar a via sem observar a presença dos outros veículos,Colisão transversal,Com Vítimas Feridas,Pleno dia,Decrescente,Céu Claro,Simples,Reta,Não,3,0,1,1,1,0,2,2,-26.23943953,-49.50420708,SPRF-SC,DEL06-SC,UOP03-DEL06-SC,2023
"528541,0",2023-06-10,sábado,11:30:00,SC,280,"230,4",CANOINHAS,Acessar a via sem observar a presença dos outros veículos,Colisão transversal,Com Vítimas Feridas,Pleno dia,Decrescente,Céu Claro,Simples,Reta,Sim,3,0,0,1,2,0,1,2,-26.18756479,-50.36192211,SPRF-SC,DEL06-SC,UOP04-DEL06-SC,2023
"528554,0",2023-06-10,sábado,12:50:00,SC,282,"1,2",FLORIANOPOLIS,Ausência de reação do condutor,Colisão traseira,Com Vítimas Feridas,Pleno dia,Crescente,Céu Claro,Múltipla,Viaduto,Não,2,0,1,0,1,0,1,2,-27.60340803,-48.58151078,SPRF-SC,DEL01-SC,UOP01-DEL01-SC,2023
"528558,0",2023-06-10,sábado,13:00:00,SC,116,"115,0",SANTA CECILIA,Velocidade Incompatível,Colisão com objeto,Com Vítimas Feridas,Pleno dia,Decrescente,Céu Claro,Simples,Curva,Não,1,0,1,0,0,0,1,1,-26.80262399,-50.33936901,SPRF-SC,DEL06-SC,UOP02-DEL06-SC,2023
"528560,0",2023-06-10,sábado,13:15:00,SC,101,"39,5",JOINVILLE,Demais falhas mecânicas ou elétricas,Colisão lateral mesmo sentido,Com Vítimas Feridas,Pleno dia,Crescente,Céu Claro,Dupla,Reta,Sim,2,0,0,1,1,0,1,2,-26.2628107,-48.90192257,SPRF-SC,DEL03-SC,UOP01-DEL03-SC,2023
"528566,0",2023-06-10,sábado,14:30:00,SC,282,"5,0",SAO JOSE,Condutor deixou de manter distância do veículo da frente,Colisão traseira,Com Vítimas Feridas,Pleno dia,Decrescente,Céu Claro,Dupla,Reta,Não,2,0,1,0,0,1,1,2,-27.588425,-48.612919,SPRF-SC,DEL01-SC,UOP01-DEL01-SC,2023
"528569,0",2023-06-10,sábado,11:00:00,SC,470,"104,0",APIUNA,Ingestão de álcool pelo condutor,Saída de leito carroçável,Com Vítimas Feridas,Pleno dia,Decrescente,Sol,Simples,Curva,Não,1,0,1,0,0,0,1,1,-27.06135,-49.410408,SPRF-SC,DEL04-SC,UOP02-DEL04-SC,2023
"528576,0",2023-06-10,sábado,15:25:00,SC,101,"207,6",SAO JOSE,Demais falhas mecânicas ou elétricas,Engavetamento,Com Vítimas Feridas,Pleno dia,Decrescente,Céu Claro,Múltipla,Aclive,Sim,6,0,3,0,3,0,3,3,-27.60001226,-48.6226467,SPRF-SC,DEL01-SC,UOP01-DEL01-SC,2023
"528579,0",2023-06-10,sábado,14:50:00,SC,470,"47,4",BLUMENAU,Ingestão de álcool pelo condutor,Colisão transversal,Com Vítimas Feridas,Pleno dia,Decrescente,Céu Claro,Simples,Reta;Em Obras;Viaduto;Interseção de Vias,Sim,2,0,1,0,1,0,1,2,-26.86267144,-49.04970202,SPRF-SC,DEL04-SC,UOP01-DEL04-SC,2023
"528628,0",2023-06-10,sábado,18:50:00,SC,116,"268,5",CAPAO ALTO,Ausência de reação do condutor,Colisão traseira,Com Vítimas Feridas,Plena Noite,Decrescente,Céu Claro,Simples,Reta,Não,2,0,0,1,1,0,1,2,-27.95891735,-50.48811078,SPRF-SC,DEL05-SC,UOP02-DEL05-SC,2023
"528653,0",2023-06-10,sábado,21:10:00,SC,116,"219,4",CORREIA PINTO,Ingestão de álcool pelo condutor,Colisão com objeto,Com Vítimas Feridas,Plena Noite,Crescente,Céu Claro,Simples,Reta,Sim,1,0,1,0,0,0,1,1,-27.57012897,-50.37318791,SPRF-SC,DEL05-SC,UOP03-DEL05-SC,2023
"528654,0",2023-06-10,sábado,22:00:00,SC,470,"174,0",POUSO REDONDO,Pedestre cruzava a pista fora da faixa,Atropelamento de Pedestre,Com Vítimas Feridas,Plena Noite,Crescente,Céu Claro,Simples,Reta,Sim,3,0,1,0,1,1,1,2,-27.258179,-49.929146,SPRF-SC,DEL04-SC,UOP02-DEL04-SC,2023
"528657,0",2023-06-10,sábado,22:00:00,SC,101,"136,0",BALNEARIO CAMBORIU,Ingestão de álcool pelo condutor,Colisão traseira,Com Vítimas Feridas,Plena Noite,Crescente,Céu Claro,Simples,Reta,Não,2,0,0,1,1,0,1,2,-27.008113,-48.617245,SPRF-SC,DEL04-SC,UOP03-DEL04-SC,2023
"528667,0",2023-06-10,sábado,23:00:00,SC,101,"40,2",JOINVILLE,Reação tardia ou ineficiente do condutor,Colisão lateral mesmo sentido,Com Vítimas Feridas,Plena Noite,Decrescente,Céu Claro,Dupla,Curva,Não,2,0,1,0,1,0,1,2,-26.27176094,-48.89468382,SPRF-SC,DEL03-SC,UOP01-DEL03-SC,2023