id,data_inversa,dia_semana,horario,uf,br,km,municipio,causa_acidente,tipo_acidente,classificacao_acidente,fase_dia,sentido_via,condicao_metereologica,tipo_pista,tracado_via,uso_solo,pessoas,mortos,feridos_leves,feridos_graves,ilesos,ignorados,feridos,veiculos,latitude,longitude,regional,delegacia,uop,ano_arquivo
"528707,0",2023-06-11,domingo,03:45:00,SC,101,"182,0",GOVERNADOR CELSO RAMOS,Ausência de reação do condutor,Queda de ocupante de veículo,Com Vítimas Feridas,Plena Noite,Decrescente,Céu Claro,Dupla,Reta,Não,1,0,1,0,0,0,1,1,-27.39798985,-48.6303592,SPRF-SC,DEL01-SC,UOP01-DEL01-SC,2023
"528714,0",2023-06-11,domingo,04:35:00,SC,470,"47,0",BLUMENAU,Reação tardia ou ineficiente do condutor,Colisão com objeto,Sem Vítimas,Plena Noite,Decrescente,Céu Claro,Dupla,Reta;Em Obras,Não,1,0,0,0,0,1,0,1,-26.86012213,-49.06328917,SPRF-SC,DEL04-SC,UOP01-DEL04-SC,2023
"528727,0",2023-06-11,domingo,06:03:00,SC,101,"47,9",JOINVILLE,Avarias e/ou desgaste excessivo no pneu,Queda de ocupante de veículo,Com Vítimas Feridas,Amanhecer,Decrescente,Nublado,Dupla,Curva,Sim,1,0,1,0,0,0,1,1,-26.34234997,-48.85840089,SPRF-SC,DEL03-SC,UOP01-DEL03-SC,2023
"528739,0",2023-06-11,domingo,07:15:00,SC,282,"0,5",FLORIANOPOLIS,Velocidade Incompatível,Colisão traseira,Sem Vítimas,Pleno dia,Decrescente,Céu Claro,Múltipla,Reta,Sim,3,0,0,0,3,0,0,2,-27.59845,-48.571995,SPRF-SC,DEL01-SC,UOP01-DEL01-SC,2023
"528740,0",2023-06-11,domingo,06:05:00,SC,470,"147,0",AGRONOMICA,Condutor Dormindo,Saída de leito carroçável,Com Vítimas Feridas,Amanhecer,Decrescente,Chuva,Simples,Reta,Não,1,0,0,1,0,0,1,1,-27.2553449,-49.70721245,SPRF-SC,DEL04-SC,UOP02-DEL04-SC,2023
"528741,0",2023-06-11,domingo,07:03:00,SC,470,"132,3",LONTRAS,Ingestão de álcool pelo condutor,Saída de leito carroçável,Com Vítimas Feridas,Amanhecer,Decrescente,Nublado,Simples,Curva,Sim,1,0,0,1,0,0,1,1,-27.170237,-49.574718,SPRF-SC,DEL04-SC,UOP02-DEL04-SC,2023
"528756,0",2023-06-11,domingo,09:20:00,SC,282,"420,0",VARGEM BONITA,Chuva,Saída de leito carroçável,Com Vítimas Feridas,Pleno dia,Decrescente,Chuva,Simples,Curva;Declive,Não,11,0,10,0,1,0,10,1,-27.014505,-51.736427,SPRF-SC,DEL07-SC,UOP05-DEL07-SC,2023
"528762,0",2023-06-11,domingo,10:38:00,SC,282,"473,0",VARGEAO,Chuva,Capotamento,Com Vítimas Feridas,Pleno dia,Decrescente,Chuva,Simples,Curva;Aclive,Não,1,0,1,0,0,0,1,1,-26.871765,-52.146477,SPRF-SC,DEL07-SC,UOP01-DEL07-SC,2023
"528764,0",2023-06-11,domingo,09:45:00,SC,101,"48,0",JOINVILLE,Frear bruscamente,Colisão traseira,Com Vítimas Feridas,Pleno dia,Decrescente,Sol,Dupla,Reta;Declive,Não,4,0,2,1,1,0,3,2,-26.35345909,-48.85867862,SPRF-SC,DEL03-SC,UOP01-DEL03-SC,2023
"528779,0",2023-06-11,domingo,09:35:00,SC,163,"107,3",GUARUJA DO SUL,Acumulo de água sobre o pavimento,Saída de leito carroçável,Com Vítimas Feridas,Pleno dia,Crescente,Chuva,Simples,Reta,Não,4,0,4,0,0,0,4,1,-26.42911689,-53.52001976,SPRF-SC,DEL07-SC,UOP03-DEL07-SC,2023
"528780,0",2023-06-11,domingo,08:00:00,SC,101,"385,0",CRICIUMA,Avarias e/ou desgaste excessivo no pneu,Saída de leito carroçável,Sem Vítimas,Pleno dia,Decrescente,Chuva,Simples,Retorno Regulamentado;Declive;Curva,Não,1,0,0,0,1,0,0,1,-28.77262259,-49.3112922,SPRF-SC,DEL02-SC,UOP02-DEL02-SC,2023
"528781,0",2023-06-11,domingo,12:45:00,SC,101,"153,0",ITAPEMA,Ausência de reação do condutor,Colisão traseira,Com Vítimas Feridas,Pleno dia,Decrescente,Nublado,Múltipla,Reta,Sim,5,0,2,0,3,0,2,5,-27.144717,-48.61063935,SPRF-SC,DEL04-SC,UOP03-DEL04-SC,2023
"528798,0",2023-06-11,domingo,12:45:00,SC,116,"144,5",SANTA CECILIA,Ausência de reação do condutor,Saída de leito carroçável,Com Vítimas Feridas,Pleno dia,Decrescente,Chuva,Simples,Curva,Não,2,0,1,0,1,0,1,1,-26.99398389,-50.39844506,SPRF-SC,DEL06-SC,UOP02-DEL06-SC,2023
"528818,0",2023-06-11,domingo,15:50:00,SC,470,"158,0",TROMBUDO CENTRAL,Reação tardia ou ineficiente do condutor,Saída de leito carroçável,Com Vítimas Feridas,Pleno dia,Crescente,Chuva,Simples,Curva,Não,2,0,1,0,1,0,1,1,-27.287016,-49.778389,SPRF-SC,DEL04-SC,UOP02-DEL04-SC,2023
"528836,0",2023-06-11,domingo,15:50:00,SC,101,"153,0",PORTO BELO,Demais falhas mecânicas ou elétricas,Queda de ocupante de veículo,Com Vítimas Feridas,Pleno dia,Crescente,Nublado,Dupla,Reta,Não,2,0,1,0,1,0,1,1,-27.144717,-48.61063935,SPRF-SC,DEL04-SC,UOP03-DEL04-SC,2023
"528845,0",2023-06-11,domingo,17:00:00,SC,101,"338,8",TUBARAO,Acumulo de água sobre o pavimento,Saída de leito carroçável,Com Vítimas Feridas,Anoitecer,Decrescente,Chuva,Múltipla,Declive;Curva,Não,3,0,1,0,2,0,1,1,-28.485725,-49.03726,SPRF-SC,DEL02-SC,UOP01-DEL02-SC,2023
"528853,0",2023-06-11,domingo,17:30:00,SC,101,"291,0",IMBITUBA,Reação tardia ou ineficiente do condutor,Colisão traseira,Sem Vítimas,Anoitecer,Decrescente,Garoa/Chuvisco,Simples,Interseção de Vias;Reta,Sim,2,0,0,0,1,1,0,2,-28.28980434,-48.70744586,SPRF-SC,DEL02-SC,UOP03-DEL02-SC,2023
"528886,0",2023-06-11,domingo,18:30:00,SC,101,"25,0",JOINVILLE,Acessar a via sem observar a presença dos outros veículos,Colisão transversal,Com Vítimas Feridas,Anoitecer,Decrescente,Garoa/Chuvisco,Simples,Reta,Sim,2,0,1,0,1,0,1,2,-26.17879854,-48.90853643,SPRF-SC,DEL03-SC,UOP01-DEL03-SC,2023
"528895,0",2023-06-11,domingo,20:45:00,SC,101,"220,0",PALHOCA,Ingestão de álcool pelo condutor,Saída de leito carroçável,Sem Vítimas,Plena Noite,Crescente,Garoa/Chuvisco,Dupla,Reta,Sim,1,0,0,0,1,0,0,1,-27.69198941,-48.66368358,SPRF-SC,DEL01-SC,UOP02-DEL01-SC,2023
"528900,0",2023-06-11,domingo,20:00:00,SC,101,"132,0",BALNEARIO CAMBORIU,Ultrapassagem Indevida,Colisão frontal,Com Vítimas Feridas,Plena Noite,Decrescente,Garoa/Chuvisco,Dupla,Reta,Sim,3,0,2,1,0,0,3,2,-26.99654133,-48.65564711,SPRF-SC,DEL04-SC,UOP03-DEL04-SC,2023
"528911,0",2023-06-11,domingo,22:20:00,SC,470,"70,2",INDAIAL,Chuva,Saída de leito carroçável,Com Vítimas Feridas,Plena Noite,Crescente,Chuva,Simples,Em Obras;Reta,Não,4,0,4,0,0,0,4,1,-26.889374,-49.254478,SPRF-SC,DEL04-SC,UOP01-DEL04-SC,2023
"528916,0",2023-06-11,domingo,21:30:00,SC,101,"157,5",PORTO BELO,Reação tardia ou ineficiente do condutor,Colisão lateral mesmo sentido,Sem Vítimas,Plena Noite,Decrescente,Chuva,Dupla,Retorno Regulamentado,Sim,2,0,0,0,2,0,0,2,-27.181625,-48.6121179,SPRF-SC,DEL04-SC,UOP03-DEL04-SC,2023
"528921,0",2023-06-11,domingo,19:45:00,SC,280,"298,8",PORTO UNIAO,Ausência de reação do condutor,Colisão traseira,Com Vítimas Feridas,Plena Noite,Decrescente,Chuva,Simples,Reta,Não,5,0,1,0,4,0,1,2,-26.28153973,-51.00136008,SPRF-SC,DEL06-SC,UOP04-DEL06-SC,2023
"528943,0",2023-06-11,domingo,22:20:00,SC,282,"387,0",JOACABA,Transitar na contramão,Colisão frontal,Sem Vítimas,Plena Noite,Crescente,Chuva,Simples,Reta,Não,2,0,0,0,2,0,0,2,-27.1796951,-51.52302504,SPRF-SC,DEL07-SC,UOP05-DEL07-SC,2023
"528970,0",2023-06-12,segunda-feira,05:50:00,SC,280,"7,5",SAO FRANCISCO DO SUL,Chuva,Colisão com objeto,Com Vítimas Feridas,Amanhecer,Crescente,Chuva,Simples,Reta,Sim,1,0,1,0,0,0,1,1,-26.27127101,-48.64129599,SPRF-SC,DEL03-SC,UOP03-DEL03-SC,2023
"528972,0",2023-06-12,segunda-feira,06:55:00,SC,101,"209,8",SAO JOSE,Demais falhas mecânicas ou elétricas,Saída de leito carroçável,Com Vítimas Feridas,Pleno dia,Decrescente,Chuva,Dupla,Reta,Sim,1,0,1,0,0,0,1,1,-27.6332627,-48.72934341,SPRF-SC,DEL01-SC,UOP01-DEL01-SC,2023
"528978,0",2023-06-12,segunda-feira,07:30:00,SC,101,"186,1",BIGUACU,Chuva,Colisão com objeto,Sem Vítimas,Pleno dia,Crescente,Chuva,Dupla,Curva,Sim,1,0,0,0,1,0,0,1,-27.4341098,-48.62567129,SPRF-SC,DEL01-SC,UOP01-DEL01-SC,2023
"528984,0",2023-06-12,segunda-feira,08:00:00,SC,101,"207,0",SAO JOSE,Chuva,Queda de ocupante de veículo,Com Vítimas Feridas,Pleno dia,Decrescente,Chuva,Dupla,Reta,Não,1,0,1,0,0,0,1,1,-27.60001226,-48.6226467,SPRF-SC,DEL01-SC,UOP01-DEL01-SC,2023
"528987,0",2023-06-12,segunda-feira,07:15:00,SC,280,"125,0",RIO NEGRINHO,Reação tardia ou ineficiente do condutor,Engavetamento,Com Vítimas Feridas,Pleno dia,Decrescente,Chuva,Simples,Reta,Sim,5,0,3,0,2,0,3,3,-26.23763684,-49.48434497,SPRF-SC,DEL06-SC,UOP03-DEL06-SC,2023
"528998,0",2023-06-12,segunda-feira,08:00:00,SC,101,"59,0",ARAQUARI,Chuva,Saída de leito carroçável,Com Vítimas Feridas,Pleno dia,Crescente,Chuva,Dupla,Curva,Não,1,0,1,0,0,0,1,1,-26.44651734,-48.79426826,SPRF-SC,DEL03-SC,UOP02-DEL03-SC,2023
"529005,0",2023-06-12,segunda-feira,07:10:00,SC,282,"624,4",IRACEMINHA,Reação tardia ou ineficiente do condutor,Saída de leito carroçável,Com Vítimas Feridas,Pleno dia,Decrescente,Nevoeiro/Neblina,Simples,Interseção de Vias;Reta,Não,1,0,1,0,0,0,1,1,-26.798008,-53.34169,SPRF-SC,DEL07-SC,UOP02-DEL07-SC,2023
"529007,0",2023-06-12,segunda-feira,09:15:00,SC,101,"214,0",PALHOCA,Trafegar com motocicleta (ou similar) entre as faixas,Tombamento,Com Vítimas Feridas,Pleno dia,Decrescente,Chuva,Múltipla,Reta,Sim,2,0,1,0,1,0,1,2,-27.64443,-48.67057,SPRF-SC,DEL01-SC,UOP02-DEL01-SC,2023
"529010,0",2023-06-12,segunda-feira,08:30:00,SC,101,"407,0",ARARANGUA,Avarias e/ou desgaste excessivo no pneu,Queda de ocupante de veículo,Com Vítimas Feridas,Pleno dia,Crescente,Céu Claro,Dupla,Reta,Não,2,0,1,1,0,0,2,1,-28.90009415,-49.47472781,SPRF-SC,DEL02-SC,UOP02-DEL02-SC,2023
"529034,0",2023-06-12,segunda-feira,09:40:00,SC,101,"99,2",BALNEARIO PICARRAS,Reação tardia ou ineficiente do condutor,Capotamento,Com Vítimas Feridas,Pleno dia,Decrescente,Chuva,Dupla,Reta,Sim,1,0,1,0,0,0,1,1,-26.7471002,-48.69654831,SPRF-SC,DEL03-SC,UOP02-DEL03-SC,2023
"529038,0",2023-06-07,quarta-feira,22:44:00,SC,101,"213,0",PALHOCA,Acessar a via sem observar a presença dos outros veículos,Colisão lateral mesmo sentido,Com Vítimas Feridas,Plena Noite,Crescente,Céu Claro,Simples,Interseção de Vias,Sim,2,0,1,0,1,0,1,2,-27.63697369,-48.66514142,SPRF-SC,DEL01-SC,UOP02-DEL01-SC,2023
"529042,0",2023-06-12,segunda-feira,12:07:00,SC,101,"189,4",BIGUACU,Demais falhas mecânicas ou elétricas,Capotamento,Com Vítimas Feridas,Pleno dia,Decrescente,Chuva,Dupla,Reta,Não,1,0,1,0,0,0,1,1,-27.459393,-48.638914,SPRF-SC,DEL01-SC,UOP01-DEL01-SC,2023
"529045,0",2023-06-12,segunda-feira,12:00:00,SC,282,"64,0",RANCHO QUEIMADO,Reação tardia ou ineficiente do condutor,Saída de leito carroçável,Com Vítimas Feridas,Pleno dia,Decrescente,Chuva,Simples,Curva,Não,4,0,3,0,1,0,3,1,-27.696323,-49.052456,SPRF-SC,DEL01-SC,UOP03-DEL01-SC,2023
"529052,0",2023-06-12,segunda-feira,10:20:00,SC,101,"138,0",BALNEARIO CAMBORIU,Velocidade Incompatível,Colisão com objeto,Com Vítimas Feridas,Pleno dia,Decrescente,Chuva,Múltipla,Curva,Sim,2,0,0,1,1,0,1,2,-27.02397426,-48.60761649,SPRF-SC,DEL04-SC,UOP03-DEL04-SC,2023
"529065,0",2023-06-12,segunda-feira,14:30:00,SC,101,"206,0",SAO JOSE,Ausência de reação do condutor,Colisão lateral mesmo sentido,Com Vítimas Feridas,Pleno dia,Crescente,Chuva,Múltipla,Reta,Não,4,0,1,0,3,0,1,2,-27.59193546,-48.61824557,SPRF-SC,DEL01-SC,UOP01-DEL01-SC,2023
"529108,0",2023-06-12,segunda-feira,18:30:00,SC,101,"208,8",SAO JOSE,Manobra de mudança de faixa,Colisão traseira,Com Vítimas Feridas,Anoitecer,Decrescente,Nublado,Dupla,Reta,Sim,2,0,1,0,1,0,1,2,-27.60327979,-48.63201818,SPRF-SC,DEL01-SC,UOP01-DEL01-SC,2023
"529109,0",2023-06-12,segunda-feira,17:20:00,SC,280,"239,8",CANOINHAS,Ausência de reação do condutor,Colisão frontal,Com Vítimas Feridas,Anoitecer,Crescente,Chuva,Simples,Aclive;Reta,Não,2,0,1,0,1,0,1,2,-26.20971113,-50.44782084,SPRF-SC,DEL06-SC,UOP04-DEL06-SC,2023
"529131,0",2023-06-12,segunda-feira,18:25:00,SC,163,"82,8",GUARACIABA,Transitar na contramão,Colisão frontal,Com Vítimas Feridas,Plena Noite,Crescente,Céu Claro,Simples,Curva;Declive,Não,3,0,3,0,0,0,3,3,-26.62467788,-53.51588354,SPRF-SC,DEL07-SC,UOP03-DEL07-SC,2023
"529136,0",2023-06-12,segunda-feira,20:30:00,SC,282,"75,0",RANCHO QUEIMADO,Velocidade Incompatível,Saída de leito carroçável,Com Vítimas Feridas,Plena Noite,Crescente,Chuva,Simples,Curva;Declive,Não,1,0,1,0,0,0,1,1,-27.690931,-49.129143,SPRF-SC,DEL01-SC,UOP03-DEL01-SC,2023
"529137,0",2023-04-29,sábado,13:00:00,SC,101,"154,0",ITAPEMA,Reação tardia ou ineficiente do condutor,Colisão lateral mesmo sentido,Com Vítimas Feridas,Pleno dia,Crescente,Céu Claro,Dupla,Reta,Sim,2,0,1,0,1,0,1,2,-27.153819,-48.61086393,SPRF-SC,DEL04-SC,UOP03-DEL04-SC,2023
"529227,0",2023-05-08,segunda-feira,17:55:00,SC,280,"25,0",ARAQUARI,Ultrapassagem Indevida,Colisão frontal,Com Vítimas Feridas,Anoitecer,Crescente,Céu Claro,Simples,Ponte,Sim,3,0,1,2,0,0,3,2,-26.38328707,-48.72650027,SPRF-SC,DEL03-SC,UOP03-DEL03-SC,2023
"529239,0",2023-06-13,terça-feira,11:45:00,SC,101,"168,0",TIJUCAS,Ausência de reação do condutor,Engavetamento,Com Vítimas Feridas,Pleno dia,Decrescente,Céu Claro,Dupla,Reta,Não,4,0,1,0,3,0,1,4,-27.279105,-48.631554,SPRF-SC,DEL04-SC,UOP03-DEL04-SC,2023
"529259,0",2023-06-13,terça-feira,13:00:00,SC,163,"107,1",GUARUJA DO SUL,Avarias e/ou desgaste excessivo no pneu,Tombamento,Com Vítimas Feridas,Pleno dia,Decrescente,Garoa/Chuvisco,Simples,Em Obras;Declive;Reta,Não,1,0,1,0,0,0,1,1,-26.426309,-53.52212906,SPRF-SC,DEL07-SC,UOP03-DEL07-SC,2023
"529274,0",2023-05-16,terça-feira,10:00:00,SC,101,"41,0",JOINVILLE,Desrespeitar a preferência no cruzamento,Colisão transversal,Com Vítimas Feridas,Pleno dia,Decrescente,Céu Claro,Simples,Interseção de Vias;Reta;Viaduto;Rotatória,Não,3,0,2,0,1,0,2,2,-26.28215489,-48.88973081,SPRF-SC,DEL03-SC,UOP01-DEL03-SC,2023
"529283,0",2023-05-13,sábado,04:30:00,SC,101,"346,0",JAGUARUNA,Ingestão de álcool pelo condutor,Saída de leito carroçável,Com Vítimas Feridas,Plena Noite,Decrescente,Céu Claro,Dupla,Reta,Sim,1,0,1,0,0,0,1,1,-28.55485199,-49.0540891,SPRF-SC,DEL02-SC,UOP01-DEL02-SC,2023
"529286,0",2023-06-13,terça-feira,17:25:00,SC,101,"142,0",BALNEARIO CAMBORIU,Reação tardia ou ineficiente do condutor,Colisão com objeto,Com Vítimas Feridas,Anoitecer,Crescente,Garoa/Chuvisco,Dupla,Declive;Curva,Não,1,0,1,0,0,0,1,1,-27.056089,-48.599449,SPRF-SC,DEL04-SC,UOP03-DEL04-SC,2023
"529320,0",2023-06-13,terça-feira,18:45:00,SC,101,"326,0",CAPIVARI DE BAIXO,Pista Escorregadia,Queda de ocupante de veículo,Com Vítimas Feridas,Anoitecer,Decrescente,Garoa/Chuvisco,Dupla,Reta,Sim,1,0,1,0,0,0,1,1,-28.43048,-48.952272,SPRF-SC,DEL02-SC,UOP01-DEL02-SC,2023
"529322,0",2023-06-13,terça-feira,18:50:00,SC,101,"128,0",BALNEARIO CAMBORIU,Manobra de mudança de faixa,Colisão lateral mesmo sentido,Com Vítimas Feridas,Plena Noite,Crescente,Chuva,Dupla,Reta,Não,2,0,1,0,1,0,1,2,-26.97284292,-48.68299451,SPRF-SC,DEL04-SC,UOP04-DEL04-SC,2023
"529328,0",2023-06-13,terça-feira,18:30:00,SC,470,"259,5",CURITIBANOS,Velocidade Incompatível,Tombamento,Com Vítimas Feridas,Plena Noite,Decrescente,Chuva,Simples,Curva,Não,2,0,1,0,1,0,1,2,-27.303122,-50.661118,SPRF-SC,DEL05-SC,UOP03-DEL05-SC,2023
"529359,0",2023-06-14,quarta-feira,06:20:00,SC,280,"27,0",ARAQUARI,Acessar a via sem observar a presença dos outros veículos,Colisão transversal,Com Vítimas Feridas,Plena Noite,Decrescente,Garoa/Chuvisco,Simples,Interseção de Vias;Reta,Sim,3,0,0,2,1,0,2,2,-26.39933688,-48.74184251,SPRF-SC,DEL03-SC,UOP03-DEL03-SC,2023
"529365,0",2023-06-14,quarta-feira,07:10:00,SC,280,"26,0",ARAQUARI,Ausência de reação do condutor,Colisão traseira,Com Vítimas Feridas,Pleno dia,Decrescente,Garoa/Chuvisco,Simples,Reta,Não,2,0,1,0,1,0,1,2,-26.38972308,-48.73411593,SPRF-SC,DEL03-SC,UOP03-DEL03-SC,2023
"529378,0",2023-06-14,quarta-feira,07:15:00,SC,101,"212,8",PALHOCA,Ausência de reação do condutor,Colisão com objeto,Sem Vítimas,Pleno dia,Crescente,Garoa/Chuvisco,Múltipla,Reta,Sim,1,0,0,0,0,1,0,1,-27.62996929,-48.65903871,SPRF-SC,DEL01-SC,UOP02-DEL01-SC,2023
"529392,0",2023-06-14,quarta-feira,08:05:00,SC,480,"129,2",CHAPECO,Transitar na contramão,Colisão frontal,Com Vítimas Feridas,Pleno dia,Decrescente,Nublado,Simples,Reta;Declive,Sim,3,0,1,1,1,0,2,2,-27.04906,-52.635009,SPRF-SC,DEL07-SC,UOP01-DEL07-SC,2023
"529407,0",2023-06-14,quarta-feira,10:30:00,SC,101,"186,0",BIGUACU,Chuva,Saída de leito carroçável,Com Vítimas Feridas,Pleno dia,Crescente,Chuva,Dupla,Curva,Sim,1,0,0,1,0,0,1,1,-27.4341098,-48.62567129,SPRF-SC,DEL01-SC,UOP01-DEL01-SC,2023
"529440,0",2023-06-11,domingo,04:00:00,SC,470,"102,0",APIUNA,Ausência de reação do condutor,Saída de leito carroçável,Com Vítimas Feridas,Plena Noite,Decrescente,Nevoeiro/Neblina,Dupla,Curva,Não,2,0,2,0,0,0,2,1,-27.060822,-49.392761,SPRF-SC,DEL04-SC,UOP02-DEL04-SC,2023
"529447,0",2023-06-14,quarta-feira,12:00:00,SC,470,"54,0",BLUMENAU,Acessar a via sem observar a presença dos outros veículos,Colisão transversal,Com Vítimas Feridas,Pleno dia,Crescente,Garoa/Chuvisco,Simples,Interseção de Vias,Sim,2,0,1,0,1,0,1,2,-26.871065,-49.110374,SPRF-SC,DEL04-SC,UOP01-DEL04-SC,2023
"529460,0",2023-06-14,quarta-feira,15:25:00,SC,282,"503,3",XANXERE,Transitar na contramão,Colisão transversal,Com Vítimas Feridas,Pleno dia,Decrescente,Chuva,Simples,Interseção de Vias,Sim,3,0,1,0,2,0,1,2,-26.884368,-52.400216,SPRF-SC,DEL07-SC,UOP01-DEL07-SC,2023
"529471,0",2023-06-14,quarta-feira,16:40:00,SC,282,"3,7",FLORIANOPOLIS,Reação tardia ou ineficiente do condutor,Colisão lateral mesmo sentido,Com Vítimas Feridas,Anoitecer,Crescente,Chuva,Múltipla,Reta,Sim,2,0,1,0,1,0,1,2,-27.592646,-48.604034,SPRF-SC,DEL01-SC,UOP01-DEL01-SC,2023
"529477,0",2023-06-14,quarta-feira,17:30:00,SC,470,"47,3",BLUMENAU,Acessar a via sem observar a presença dos outros veículos,Colisão lateral mesmo sentido,Com Vítimas Feridas,Anoitecer,Crescente,Chuva,Simples,Reta,Sim,4,0,1,0,3,0,1,3,-26.864044,-49.046516,SPRF-SC,DEL04-SC,UOP01-DEL04-SC,2023
"529480,0",2023-06-14,quarta-feira,10:45:00,SC,470,"141,0",RIO DO SUL,Chuva,Colisão frontal,Com Vítimas Feridas,Pleno dia,Decrescente,Chuva,Dupla,Curva,Não,2,0,1,0,1,0,1,2,-27.226065,-49.666161,SPRF-SC,DEL04-SC,UOP02-DEL04-SC,2023
"529533,0",2023-06-14,quarta-feira,22:00:00,SC,101,"129,0",BALNEARIO CAMBORIU,Condutor usando celular,Colisão frontal,Com Vítimas Feridas,Plena Noite,Crescente,Chuva,Simples,Curva,Não,2,0,1,0,1,0,1,2,-26.98064277,-48.6790679,SPRF-SC,DEL04-SC,UOP03-DEL04-SC,2023
"529540,0",2023-06-14,quarta-feira,23:50:00,SC,282,"541,6",CHAPECO,Avarias e/ou desgaste excessivo no pneu,Saída de leito carroçável,Sem Vítimas,Plena Noite,Decrescente,Chuva,Simples,Curva,Não,1,0,0,0,0,1,0,1,-26.997713,-52.699165,SPRF-SC,DEL07-SC,UOP01-DEL07-SC,2023
"529548,0",2023-06-15,quinta-feira,04:50:00,SC,101,"25,0",JOINVILLE,Desrespeitar a preferência no cruzamento,Colisão transversal,Com Vítimas Feridas,Amanhecer,Decrescente,Chuva,Simples,Interseção de Vias,Sim,2,0,0,1,1,0,1,2,-26.1834739,-48.9105912,SPRF-SC,DEL03-SC,UOP01-DEL03-SC,2023
"529554,0",2023-06-15,quinta-feira,03:37:00,SC,470,"134,0",RIO DO SUL,Ingestão de álcool pelo condutor,Saída de leito carroçável,Sem Vítimas,Plena Noite,Crescente,Chuva,Simples,Reta,Não,1,0,0,0,0,1,0,1,-27.17633268,-49.5920741,SPRF-SC,DEL04-SC,UOP02-DEL04-SC,2023
"529560,0",2023-06-15,quinta-feira,06:45:00,SC,101,"258,8",PAULO LOPES,Chuva,Saída de leito carroçável,Com Vítimas Feridas,Amanhecer,Decrescente,Chuva,Dupla,Curva,Não,1,0,1,0,0,0,1,1,-28.012535,-48.695009,SPRF-SC,DEL02-SC,UOP03-DEL02-SC,2023
"529567,0",2023-06-15,quinta-feira,08:00:00,SC,101,"332,1",TUBARAO,Ausência de reação do condutor,Colisão traseira,Com Vítimas Feridas,Pleno dia,Decrescente,Chuva,Simples,Interseção de Vias;Reta,Sim,2,0,1,0,1,0,1,2,-28.46016431,-48.98968873,SPRF-SC,DEL02-SC,UOP01-DEL02-SC,2023
"529581,0",2023-05-02,terça-feira,19:30:00,SC,101,"37,0",JOINVILLE,Reação tardia ou ineficiente do condutor,Queda de ocupante de veículo,Com Vítimas Feridas,Plena Noite,Crescente,Céu Claro,Dupla,Reta,Não,2,0,0,2,0,0,2,1,-26.25050176,-48.90863867,SPRF-SC,DEL03-SC,UOP01-DEL03-SC,2023
"529582,0",2023-05-11,quinta-feira,05:59:00,SC,280,"16,0",SAO FRANCISCO DO SUL,Ultrapassagem Indevida,Colisão frontal,Com Vítimas Fatais,Amanhecer,Crescente,Nublado,Simples,Reta,Não,4,2,0,0,1,1,0,3,-26.34729908,-48.65797872,SPRF-SC,DEL03-SC,UOP03-DEL03-SC,2023
"529618,0",2023-06-15,quinta-feira,12:00:00,SC,280,"127,4",RIO NEGRINHO,Acessar a via sem observar a presença dos outros veículos,Colisão lateral mesmo sentido,Com Vítimas Feridas,Pleno dia,Crescente,Nublado,Simples,Reta,Sim,2,0,1,0,1,0,1,2,-26.23943953,-49.50420708,SPRF-SC,DEL06-SC,UOP03-DEL06-SC,2023
"529631,0",2023-06-15,quinta-feira,11:33:00,SC,116,"7,0",MAFRA,Ausência de reação do condutor,Saída de leito carroçável,Com Vítimas Feridas,Pleno dia,Decrescente,Chuva,Simples,Reta,Sim,1,0,1,0,0,0,1,1,-26.15196176,-49.83102416,SPRF-SC,DEL06-SC,UOP01-DEL06-SC,2023
"529645,0",2023-06-15,quinta-feira,15:55:00,SC,101,"138,0",BALNEARIO CAMBORIU,Velocidade Incompatível,Colisão com objeto,Com Vítimas Feridas,Pleno dia,Decrescente,Chuva,Múltipla,Curva,Sim,1,0,1,0,0,0,1,1,-27.02397426,-48.60761649,SPRF-SC,DEL04-SC,UOP03-DEL04-SC,2023
"529661,0",2023-05-26,sexta-feira,12:50:00,SC,101,"205,0",SAO JOSE,Reação tardia ou ineficiente do condutor,Atropelamento de Pedestre,Com Vítimas Feridas,Pleno dia,Crescente,Céu Claro,Múltipla,Reta,Sim,2,0,1,0,1,0,1,2,-27.58033725,-48.61451805,SPRF-SC,DEL01-SC,UOP01-DEL01-SC,2023
"529662,0",2023-06-15,quinta-feira,17:30:00,SC,101,"143,0",ITAPEMA,Ausência de reação do condutor,Colisão traseira,Sem Vítimas,Plena Noite,Decrescente,Garoa/Chuvisco,Dupla,Reta,Não,2,0,0,0,2,0,0,2,-27.06436,-48.59599405,SPRF-SC,DEL04-SC,UOP03-DEL04-SC,2023
"529671,0",2023-06-15,quinta-feira,18:45:00,SC,101,"123,8",ITAJAI,Desrespeitar a preferência no cruzamento,Colisão transversal,Com Vítimas Feridas,Plena Noite,Decrescente,Garoa/Chuvisco,Simples,Interseção de Vias,Não,2,0,1,0,1,0,1,2,-26.93668609,-48.69876905,SPRF-SC,DEL04-SC,UOP04-DEL04-SC,2023
"529711,0",2023-06-15,quinta-feira,21:25:00,SC,101,"375,9",ICARA,Ausência de reação do condutor,Saída de leito carroçável,Com Vítimas Feridas,Plena Noite,Decrescente,Garoa/Chuvisco,Dupla,Reta,Não,3,0,2,0,1,0,2,1,-28.72014713,-49.23508784,SPRF-SC,DEL02-SC,UOP01-DEL02-SC,2023
"529730,0",2023-06-16,sexta-feira,02:35:00,SC,101,"196,6",BIGUACU,Ingestão de álcool pelo condutor,Saída de leito carroçável,Com Vítimas Feridas,Plena Noite,Crescente,Céu Claro,Múltipla,Curva,Sim,1,0,1,0,0,0,1,1,-27.51101091,-48.64322292,SPRF-SC,DEL01-SC,UOP01-DEL01-SC,2023