id,data_inversa,dia_semana,horario,uf,br,km,municipio,causa_acidente,tipo_acidente,classificacao_acidente,fase_dia,sentido_via,condicao_metereologica,tipo_pista,tracado_via,uso_solo,pessoas,mortos,feridos_leves,feridos_graves,ilesos,ignorados,feridos,veiculos,latitude,longitude,regional,delegacia,uop,ano_arquivo
"529750,0",2023-06-16,sexta-feira,07:07:00,SC,101,"201,0",SAO JOSE,Manobra de mudança de faixa,Queda de ocupante de veículo,Com Vítimas Feridas,Pleno dia,Crescente,Céu Claro,Dupla,Reta,Sim,2,0,1,0,1,0,1,2,-27.54836599,-48.61977975,SPRF-SC,DEL01-SC,UOP01-DEL01-SC,2023
"529753,0",2023-06-16,sexta-feira,07:40:00,SC,101,"199,0",SAO JOSE,Reação tardia ou ineficiente do condutor,Colisão traseira,Com Vítimas Feridas,Pleno dia,Crescente,Céu Claro,Dupla,Reta,Sim,2,0,0,1,1,0,1,2,-27.53246287,-48.63137841,SPRF-SC,DEL01-SC,UOP01-DEL01-SC,2023
"529754,0",2023-06-16,sexta-feira,06:20:00,SC,101,"214,7",PALHOCA,Reação tardia ou ineficiente do condutor,Colisão traseira,Com Vítimas Feridas,Pleno dia,Crescente,Céu Claro,Simples,Reta,Sim,3,0,1,0,2,0,1,2,-27.64443,-48.67057,SPRF-SC,DEL01-SC,UOP02-DEL01-SC,2023
"529756,0",2023-06-16,sexta-feira,07:30:00,SC,101,"214,0",PALHOCA,Manobra de mudança de faixa,Colisão traseira,Com Vítimas Feridas,Pleno dia,Decrescente,Céu Claro,Múltipla,Reta,Sim,3,0,0,1,2,0,1,3,-27.64443,-48.67057,SPRF-SC,DEL01-SC,UOP02-DEL01-SC,2023
"529764,0",2023-06-16,sexta-feira,08:00:00,SC,282,"507,9",XANXERE,Ingestão de álcool pelo condutor,Saída de leito carroçável,Sem Vítimas,Pleno dia,Decrescente,Chuva,Simples,Curva;Declive,Não,1,0,0,0,1,0,0,1,-26.886171,-52.43911,SPRF-SC,DEL07-SC,UOP01-DEL07-SC,2023
"529768,0",2023-06-16,sexta-feira,07:53:00,SC,470,"141,0",RIO DO SUL,Ausência de reação do condutor,Colisão traseira,Com Vítimas Feridas,Pleno dia,Decrescente,Sol,Simples,Aclive;Reta,Sim,2,0,1,0,1,0,1,2,-27.20740784,-49.64880466,SPRF-SC,DEL04-SC,UOP02-DEL04-SC,2023
"529775,0",2023-06-16,sexta-feira,08:05:00,SC,101,"132,0",BALNEARIO CAMBORIU,Reação tardia ou ineficiente do condutor,Colisão traseira,Com Vítimas Feridas,Pleno dia,Crescente,Céu Claro,Simples,Reta,Sim,4,0,2,0,2,0,2,3,-26.99654133,-48.65564711,SPRF-SC,DEL04-SC,UOP03-DEL04-SC,2023
"529792,0",2023-06-16,sexta-feira,10:25:00,SC,470,"68,0",INDAIAL,Reação tardia ou ineficiente do condutor,Atropelamento de Pedestre,Com Vítimas Feridas,Pleno dia,Decrescente,Céu Claro,Dupla,Desvio Temporário,Não,2,0,0,1,1,0,1,2,-26.877615,-49.239231,SPRF-SC,DEL04-SC,UOP01-DEL04-SC,2023
"529807,0",2023-06-16,sexta-feira,11:05:00,SC,282,"21,3",PALHOCA,Ausência de reação do condutor,Colisão transversal,Com Vítimas Feridas,Pleno dia,Crescente,Céu Claro,Simples,Reta,Sim,2,0,1,0,1,0,1,2,-27.68907,-48.717541,SPRF-SC,DEL01-SC,UOP02-DEL01-SC,2023
"529828,0",2023-04-13,quinta-feira,21:05:00,SC,280,"77,5",JARAGUA DO SUL,Condutor deixou de manter distância do veículo da frente,Colisão traseira,Com Vítimas Fatais,Plena Noite,Crescente,Garoa/Chuvisco,Simples,Curva,Não,5,1,0,1,3,0,1,4,-26.447165,-49.200696,SPRF-SC,DEL03-SC,UOP03-DEL03-SC,2023
"529833,0",2023-06-16,sexta-feira,14:00:00,SC,280,"59,0",GUARAMIRIM,Reação tardia ou ineficiente do condutor,Colisão traseira,Com Vítimas Feridas,Pleno dia,Crescente,Céu Claro,Simples,Curva,Sim,2,0,1,0,1,0,1,2,-26.47525778,-49.03098916,SPRF-SC,DEL03-SC,UOP03-DEL03-SC,2023
"529856,0",2023-06-16,sexta-feira,16:40:00,SC,282,"2,0",FLORIANOPOLIS,Manobra de mudança de faixa,Colisão lateral mesmo sentido,Com Vítimas Feridas,Pleno dia,Crescente,Céu Claro,Múltipla,Reta,Sim,2,0,1,0,1,0,1,2,-27.603289,-48.590416,SPRF-SC,DEL01-SC,UOP01-DEL01-SC,2023
"529857,0",2023-06-16,sexta-feira,15:15:00,SC,116,"7,5",MAFRA,Ausência de reação do condutor,Colisão transversal,Com Vítimas Feridas,Pleno dia,Decrescente,Céu Claro,Simples,Reta,Não,2,0,1,0,1,0,1,2,-26.15447494,-49.83415604,SPRF-SC,DEL06-SC,UOP01-DEL06-SC,2023
"529864,0",2023-06-16,sexta-feira,16:00:00,SC,282,"20,0",PALHOCA,Velocidade Incompatível,Queda de ocupante de veículo,Com Vítimas Feridas,Pleno dia,Crescente,Nublado,Simples,Reta,Sim,1,0,1,0,0,0,1,1,-27.683958,-48.71006,SPRF-SC,DEL01-SC,UOP02-DEL01-SC,2023
"529878,0",2023-06-16,sexta-feira,18:00:00,SC,101,"129,0",BALNEARIO CAMBORIU,Frear bruscamente,Saída de leito carroçável,Com Vítimas Feridas,Plena Noite,Decrescente,Céu Claro,Dupla,Reta,Não,3,0,2,1,0,0,3,1,-26.98064277,-48.6790679,SPRF-SC,DEL04-SC,UOP03-DEL04-SC,2023
"529913,0",2023-06-16,sexta-feira,18:30:00,SC,101,"140,0",BALNEARIO CAMBORIU,Avarias e/ou desgaste excessivo no pneu,Tombamento,Com Vítimas Feridas,Plena Noite,Crescente,Céu Claro,Simples,Aclive;Reta,Não,2,0,1,1,0,0,2,1,-27.03881189,-48.60025148,SPRF-SC,DEL04-SC,UOP03-DEL04-SC,2023
"529918,0",2023-06-16,sexta-feira,21:20:00,SC,470,"52,0",BLUMENAU,Reação tardia ou ineficiente do condutor,Colisão transversal,Com Vítimas Feridas,Plena Noite,Decrescente,Céu Claro,Simples,Reta,Sim,2,0,1,0,1,0,1,2,-26.862286,-49.093903,SPRF-SC,DEL04-SC,UOP01-DEL04-SC,2023
"529932,0",2023-06-16,sexta-feira,22:30:00,SC,101,"134,0",BALNEARIO CAMBORIU,Acessar a via sem observar a presença dos outros veículos,Atropelamento de Pedestre,Com Vítimas Feridas,Plena Noite,Crescente,Céu Claro,Dupla,Reta,Não,2,0,1,1,0,0,2,2,-27.00218,-48.636433,SPRF-SC,DEL04-SC,UOP03-DEL04-SC,2023
"529965,0",2023-06-17,sábado,04:00:00,SC,282,"32,0",SANTO AMARO DA IMPERATRIZ,Reação tardia ou ineficiente do condutor,Saída de leito carroçável,Com Vítimas Feridas,Amanhecer,Crescente,Céu Claro,Simples,Reta,Não,1,0,1,0,0,0,1,1,-27.70116,-48.800175,SPRF-SC,DEL01-SC,UOP03-DEL01-SC,2023
"529970,0",2023-06-17,sábado,05:25:00,SC,101,"205,0",SAO JOSE,Ausência de reação do condutor,Saída de leito carroçável,Sem Vítimas,Amanhecer,Crescente,Nublado,Dupla,Reta,Não,1,0,0,0,0,1,0,1,-27.58313237,-48.61532885,SPRF-SC,DEL01-SC,UOP01-DEL01-SC,2023
"529995,0",2023-06-17,sábado,07:50:00,SC,101,"206,0",SAO JOSE,Ausência de reação do condutor,Colisão traseira,Com Vítimas Feridas,Pleno dia,Decrescente,Céu Claro,Múltipla,Interseção de Vias;Reta,Sim,3,0,1,0,2,0,1,2,-27.59193546,-48.61824557,SPRF-SC,DEL01-SC,UOP01-DEL01-SC,2023
"530006,0",2023-06-17,sábado,05:00:00,SC,116,"183,0",SAO CRISTOVAO DO SUL,Ingestão de álcool e/ou substâncias psicoativas pelo pedestre,Saída de leito carroçável,Sem Vítimas,Plena Noite,Decrescente,Ignorado,Simples,Curva,Não,1,0,0,0,1,0,0,1,-27.2929189,-50.43356775,SPRF-SC,DEL05-SC,UOP03-DEL05-SC,2023
"530021,0",2023-06-17,sábado,10:38:00,SC,101,"199,7",SAO JOSE,Pedestre cruzava a pista fora da faixa,Atropelamento de Pedestre,Com Vítimas Fatais,Pleno dia,Crescente,Céu Claro,Múltipla,Reta,Sim,2,1,0,0,1,0,0,2,-27.53643,-48.62707,SPRF-SC,DEL01-SC,UOP01-DEL01-SC,2023
"530040,0",2023-06-17,sábado,13:30:00,SC,470,"45,5",GASPAR,Transitar na contramão,Colisão frontal,Com Vítimas Feridas,Pleno dia,Crescente,Céu Claro,Simples,Reta;Em Obras,Não,2,0,2,0,0,0,2,2,-26.86290167,-49.03491169,SPRF-SC,DEL04-SC,UOP01-DEL04-SC,2023
"530050,0",2023-06-17,sábado,11:50:00,SC,280,"101,0",SAO BENTO DO SUL,Transitar na contramão,Colisão lateral sentido oposto,Sem Vítimas,Pleno dia,Decrescente,Céu Claro,Simples,Curva,Não,2,0,0,0,2,0,0,2,-26.3647522,-49.33526222,SPRF-SC,DEL06-SC,UOP03-DEL06-SC,2023
"530051,0",2023-06-17,sábado,12:50:00,SC,282,"535,8",CHAPECO,Ingestão de álcool pelo condutor,Saída de leito carroçável,Sem Vítimas,Pleno dia,Decrescente,Nublado,Simples,Reta,Não,1,0,0,0,1,0,0,1,-26.9980946,-52.64367342,SPRF-SC,DEL07-SC,UOP01-DEL07-SC,2023
"530068,0",2023-06-17,sábado,16:30:00,SC,282,"570,5",NOVA ERECHIM,Condutor deixou de manter distância do veículo da frente,Colisão traseira,Com Vítimas Feridas,Pleno dia,Decrescente,Nublado,Simples,Reta;Em Obras;Declive,Não,2,0,1,0,1,0,1,2,-26.89006,-52.93306,SPRF-SC,DEL07-SC,UOP02-DEL07-SC,2023
"530084,0",2023-06-17,sábado,17:50:00,SC,282,"22,0",SANTO AMARO DA IMPERATRIZ,Acessar a via sem observar a presença dos outros veículos,Colisão transversal,Com Vítimas Feridas,Anoitecer,Crescente,Céu Claro,Simples,Curva,Sim,2,0,0,1,1,0,1,2,-27.688507,-48.72739,SPRF-SC,DEL01-SC,UOP02-DEL01-SC,2023
"530089,0",2023-06-17,sábado,18:00:00,SC,470,"39,9",GASPAR,Acessar a via sem observar a presença dos outros veículos,Colisão lateral mesmo sentido,Com Vítimas Feridas,Plena Noite,Crescente,Céu Claro,Simples,Reta;Interseção de Vias;Em Obras,Não,2,0,1,0,1,0,1,2,-26.897341,-48.986881,SPRF-SC,DEL04-SC,UOP01-DEL04-SC,2023
"530099,0",2023-06-17,sábado,15:30:00,SC,282,"408,0",CATANDUVAS,Velocidade Incompatível,Saída de leito carroçável,Com Vítimas Feridas,Pleno dia,Crescente,Céu Claro,Simples,Curva,Não,1,0,1,0,0,0,1,1,-27.083236,-51.662223,SPRF-SC,DEL07-SC,UOP05-DEL07-SC,2023
"530103,0",2023-06-17,sábado,18:45:00,SC,101,"206,0",SAO JOSE,Reação tardia ou ineficiente do condutor,Colisão lateral mesmo sentido,Com Vítimas Feridas,Plena Noite,Crescente,Céu Claro,Múltipla,Reta,Sim,2,0,1,0,1,0,1,2,-27.59193546,-48.61824557,SPRF-SC,DEL01-SC,UOP01-DEL01-SC,2023
"530104,0",2023-06-17,sábado,10:00:00,SC,282,"502,0",XANXERE,Acesso irregular,Colisão transversal,Com Vítimas Feridas,Pleno dia,Crescente,Céu Claro,Simples,Interseção de Vias;Reta,Sim,5,0,4,0,1,0,4,2,-26.884584,-52.390911,SPRF-SC,DEL07-SC,UOP01-DEL07-SC,2023
"530105,0",2023-06-17,sábado,16:45:00,SC,282,"372,3",ERVAL VELHO,Condutor Dormindo,Saída de leito carroçável,Com Vítimas Feridas,Pleno dia,Crescente,Céu Claro,Simples,Reta,Não,2,0,1,0,1,0,1,1,-27.25181,-51.446957,SPRF-SC,DEL07-SC,UOP05-DEL07-SC,2023
"530145,0",2023-06-17,sábado,22:20:00,SC,101,"203,0",SAO JOSE,Ausência de reação do condutor,Colisão com objeto,Com Vítimas Feridas,Plena Noite,Decrescente,Céu Claro,Múltipla,Reta,Sim,5,0,3,0,2,0,3,1,-27.5650044,-48.61460082,SPRF-SC,DEL01-SC,UOP01-DEL01-SC,2023
"530175,0",2023-06-17,sábado,22:45:00,SC,282,"491,2",FAXINAL DOS GUEDES,Manobra de mudança de faixa,Colisão lateral sentido oposto,Sem Vítimas,Plena Noite,Decrescente,Nublado,Simples,Curva,Não,2,0,0,0,2,0,0,2,-26.872433,-52.291599,SPRF-SC,DEL07-SC,UOP01-DEL07-SC,2023
"530180,0",2023-06-18,domingo,01:00:00,SC,101,"274,8",IMBITUBA,Deficiência do Sistema de Iluminação/Sinalização,Atropelamento de Pedestre,Com Vítimas Feridas,Plena Noite,Decrescente,Céu Claro,Dupla,Reta,Não,2,0,1,0,1,0,1,2,-28.129852,-48.69322,SPRF-SC,DEL02-SC,UOP03-DEL02-SC,2023
"530184,0",2023-06-18,domingo,00:55:00,SC,470,"51,5",BLUMENAU,Transitar na contramão,Colisão lateral sentido oposto,Com Vítimas Feridas,Plena Noite,Crescente,Céu Claro,Dupla,Curva,Sim,4,0,0,1,3,0,1,2,-26.8628088,-49.08585727,SPRF-SC,DEL04-SC,UOP01-DEL04-SC,2023
"530189,0",2023-06-18,domingo,02:00:00,SC,282,"19,2",PALHOCA,Condutor Dormindo,Colisão frontal,Com Vítimas Feridas,Plena Noite,Crescente,Céu Claro,Simples,Curva;Aclive,Sim,3,0,1,0,2,0,1,3,-27.678635,-48.70192,SPRF-SC,DEL01-SC,UOP02-DEL01-SC,2023
"530191,0",2023-06-18,domingo,03:00:00,SC,101,"212,0",PALHOCA,Ingestão de álcool pelo condutor,Colisão com objeto,Sem Vítimas,Plena Noite,Decrescente,Céu Claro,Dupla,Reta,Sim,1,0,0,0,1,0,0,1,-27.62996929,-48.65903871,SPRF-SC,DEL01-SC,UOP02-DEL01-SC,2023
"530195,0",2023-06-18,domingo,02:00:00,SC,101,"204,0",SAO JOSE,Ausência de reação do condutor,Colisão com objeto,Sem Vítimas,Plena Noite,Crescente,Céu Claro,Dupla,Curva,Sim,2,0,0,0,2,0,0,1,-27.57413014,-48.61363083,SPRF-SC,DEL01-SC,UOP01-DEL01-SC,2023
"530199,0",2023-06-18,domingo,03:50:00,SC,101,"358,0",SANGAO,Ausência de reação do condutor,Colisão frontal,Com Vítimas Feridas,Plena Noite,Decrescente,Céu Claro,Simples,Reta,Não,2,0,1,0,1,0,1,2,-28.6478098,-49.10316288,SPRF-SC,DEL02-SC,UOP01-DEL02-SC,2023
"530210,0",2023-06-18,domingo,03:40:00,SC,101,"317,0",PESCARIA BRAVA,Ausência de reação do condutor,Colisão com objeto,Com Vítimas Feridas,Plena Noite,Decrescente,Céu Claro,Dupla,Reta,Sim,2,0,2,0,0,0,2,1,-28.428357,-48.86755,SPRF-SC,DEL02-SC,UOP01-DEL02-SC,2023
"530211,0",2023-06-18,domingo,05:50:00,SC,101,"203,3",SAO JOSE,Ingestão de álcool pelo condutor,Colisão com objeto,Com Vítimas Fatais,Amanhecer,Decrescente,Céu Claro,Múltipla,Reta,Sim,3,1,1,0,0,1,1,2,-27.5674732,-48.6137636,SPRF-SC,DEL01-SC,UOP01-DEL01-SC,2023
"530213,0",2023-06-18,domingo,05:30:00,SC,101,"328,7",CAPIVARI DE BAIXO,Reação tardia ou ineficiente do condutor,Colisão traseira,Com Vítimas Feridas,Plena Noite,Decrescente,Céu Claro,Dupla,Ponte,Não,8,0,1,0,7,0,1,4,-28.450749,-48.972345,SPRF-SC,DEL02-SC,UOP01-DEL02-SC,2023
"530214,0",2023-06-18,domingo,06:00:00,SC,101,"360,0",SANGAO,Ausência de reação do condutor,Saída de leito carroçável,Sem Vítimas,Plena Noite,Crescente,Céu Claro,Simples,Reta,Não,1,0,0,0,0,1,0,1,-28.6626536,-49.11233872,SPRF-SC,DEL02-SC,UOP01-DEL02-SC,2023
"530216,0",2023-06-18,domingo,06:00:00,SC,282,"383,1",HERVAL DOESTE,Ingestão de álcool pelo condutor,Saída de leito carroçável,Sem Vítimas,Plena Noite,Crescente,Nevoeiro/Neblina,Simples,Curva,Não,1,0,0,0,0,1,0,1,-27.19527005,-51.50589108,SPRF-SC,DEL07-SC,UOP05-DEL07-SC,2023
"530225,0",2023-06-18,domingo,00:01:00,SC,470,"71,2",INDAIAL,Reação tardia ou ineficiente do condutor,Colisão frontal,Com Vítimas Feridas,Plena Noite,Decrescente,Céu Claro,Dupla,Em Obras;Reta;Desvio Temporário,Sim,2,0,0,1,1,0,1,2,-26.90113455,-49.26804364,SPRF-SC,DEL04-SC,UOP01-DEL04-SC,2023
"530229,0",2023-06-18,domingo,06:40:00,SC,101,"213,0",PALHOCA,Reação tardia ou ineficiente do condutor,Colisão com objeto,Sem Vítimas,Amanhecer,Crescente,Céu Claro,Dupla,Reta,Não,1,0,0,0,0,1,0,1,-27.63697369,-48.66514142,SPRF-SC,DEL01-SC,UOP02-DEL01-SC,2023
"530233,0",2023-06-18,domingo,06:30:00,SC,282,"21,5",SANTO AMARO DA IMPERATRIZ,Ausência de reação do condutor,Colisão com objeto,Sem Vítimas,Pleno dia,Crescente,Céu Claro,Simples,Curva,Não,1,0,0,0,1,0,0,1,-27.68907,-48.717541,SPRF-SC,DEL01-SC,UOP02-DEL01-SC,2023
"530245,0",2023-05-20,sábado,02:20:00,SC,101,"95,8",BARRA VELHA,Ausência de reação do condutor,Colisão traseira,Com Vítimas Feridas,Plena Noite,Crescente,Nublado,Múltipla,Curva;Aclive,Não,4,0,1,1,0,2,2,3,-26.70876413,-48.70221065,SPRF-SC,DEL03-SC,UOP02-DEL03-SC,2023
"530255,0",2023-06-18,domingo,10:45:00,SC,282,"16,2",PALHOCA,Condutor deixou de manter distância do veículo da frente,Colisão traseira,Com Vítimas Feridas,Pleno dia,Crescente,Sol,Simples,Reta,Sim,2,0,1,0,1,0,1,2,-27.658611,-48.681847,SPRF-SC,DEL01-SC,UOP02-DEL01-SC,2023
"530266,0",2023-06-18,domingo,12:40:00,SC,101,"232,3",PALHOCA,Manobra de mudança de faixa,Colisão lateral mesmo sentido,Com Vítimas Feridas,Pleno dia,Decrescente,Sol,Dupla,Curva;Declive,Não,2,0,1,0,1,0,1,2,-27.795666,-48.638153,SPRF-SC,DEL01-SC,UOP02-DEL01-SC,2023
"530271,0",2023-06-17,sábado,23:15:00,SC,101,"335,0",TUBARAO,Ausência de reação do condutor,Colisão traseira,Sem Vítimas,Plena Noite,Crescente,Céu Claro,Simples,Reta,Não,3,0,0,0,3,0,0,2,-28.46927473,-49.01557908,SPRF-SC,DEL02-SC,UOP01-DEL02-SC,2023
"530293,0",2023-06-18,domingo,13:10:00,SC,101,"214,4",PALHOCA,Condutor deixou de manter distância do veículo da frente,Colisão traseira,Com Vítimas Feridas,Pleno dia,Crescente,Sol,Múltipla,Reta,Sim,3,0,1,0,2,0,1,2,-27.64443,-48.67057,SPRF-SC,DEL01-SC,UOP02-DEL01-SC,2023
"530300,0",2023-06-18,domingo,16:25:00,SC,101,"158,0",PORTO BELO,Conversão proibida,Colisão transversal,Com Vítimas Feridas,Pleno dia,Crescente,Céu Claro,Dupla,Retorno Regulamentado,Não,2,0,1,0,1,0,1,2,-27.19096301,-48.61259017,SPRF-SC,DEL04-SC,UOP03-DEL04-SC,2023
"530315,0",2023-06-18,domingo,16:30:00,SC,101,"158,0",PORTO BELO,Acessar a via sem observar a presença dos outros veículos,Colisão lateral mesmo sentido,Com Vítimas Feridas,Pleno dia,Crescente,Céu Claro,Dupla,Reta,Não,2,0,1,1,0,0,2,2,-27.19096301,-48.61259017,SPRF-SC,DEL04-SC,UOP03-DEL04-SC,2023
"530321,0",2023-06-18,domingo,17:15:00,SC,101,"236,1",PALHOCA,Reação tardia ou ineficiente do condutor,Saída de leito carroçável,Sem Vítimas,Anoitecer,Crescente,Céu Claro,Dupla,Curva;Retorno Regulamentado,Não,2,0,0,0,1,1,0,1,-27.82629382,-48.63034842,SPRF-SC,DEL01-SC,UOP02-DEL01-SC,2023
"530338,0",2023-06-18,domingo,17:00:00,SC,282,"657,4",SAO MIGUEL DO OESTE,Desrespeitar a preferência no cruzamento,Colisão lateral mesmo sentido,Com Vítimas Feridas,Pleno dia,Crescente,Céu Claro,Simples,Reta,Não,2,0,0,1,1,0,1,2,-26.691545,-53.543961,SPRF-SC,DEL07-SC,UOP03-DEL07-SC,2023
"530340,0",2023-06-18,domingo,18:50:00,SC,101,"217,0",PALHOCA,Mal súbito do condutor,Tombamento,Com Vítimas Feridas,Plena Noite,Crescente,Céu Claro,Múltipla,Reta,Não,1,0,1,0,0,0,1,1,-27.66779034,-48.67393586,SPRF-SC,DEL01-SC,UOP02-DEL01-SC,2023
"530344,0",2023-06-18,domingo,18:20:00,SC,470,"128,8",LONTRAS,Condutor deixou de manter distância do veículo da frente,Colisão traseira,Com Vítimas Feridas,Anoitecer,Decrescente,Céu Claro,Múltipla,Reta,Não,4,0,1,0,3,0,1,2,-27.143742,-49.548897,SPRF-SC,DEL04-SC,UOP02-DEL04-SC,2023
"530346,0",2023-06-18,domingo,20:00:00,SC,282,"58,2",RANCHO QUEIMADO,Acessar a via sem observar a presença dos outros veículos,Colisão transversal,Com Vítimas Feridas,Plena Noite,Decrescente,Céu Claro,Simples,Interseção de Vias,Não,6,0,5,0,1,0,5,2,-27.683594,-49.005539,SPRF-SC,DEL01-SC,UOP03-DEL01-SC,2023
"530354,0",2023-06-18,domingo,20:10:00,SC,101,"382,0",ICARA,Pedestre andava na pista,Atropelamento de Pedestre,Com Vítimas Feridas,Plena Noite,Crescente,Céu Claro,Simples,Aclive;Reta,Não,2,0,0,2,0,0,2,2,-28.7731889,-49.31305647,SPRF-SC,DEL02-SC,UOP02-DEL02-SC,2023
"530362,0",2023-06-18,domingo,20:25:00,SC,116,"251,5",LAGES,Transitar na contramão,Colisão frontal,Com Vítimas Feridas,Plena Noite,Decrescente,Céu Claro,Simples,Reta,Não,6,0,0,2,4,0,2,3,-27.84811693,-50.37965298,SPRF-SC,DEL05-SC,UOP02-DEL05-SC,2023
"530383,0",2023-06-18,domingo,23:30:00,SC,101,"158,0",PORTO BELO,Ausência de sinalização,Colisão traseira,Com Vítimas Feridas,Plena Noite,Decrescente,Nublado,Dupla,Retorno Regulamentado,Não,2,0,1,0,1,0,1,2,-27.19096301,-48.61259017,SPRF-SC,DEL04-SC,UOP03-DEL04-SC,2023
"530406,0",2023-06-19,segunda-feira,02:50:00,SC,282,"315,0",VARGEM,Ingestão de álcool pelo condutor,Colisão lateral sentido oposto,Sem Vítimas,Plena Noite,Crescente,Céu Claro,Simples,Reta,Não,23,0,0,0,23,0,0,2,-27.445721,-51.002831,SPRF-SC,DEL07-SC,UOP06-DEL07-SC,2023
"530415,0",2023-06-19,segunda-feira,06:40:00,SC,101,"200,2",SAO JOSE,Ausência de reação do condutor,Colisão traseira,Com Vítimas Feridas,Amanhecer,Crescente,Nublado,Múltipla,Reta,Sim,2,0,1,0,1,0,1,2,-27.54018513,-48.62287714,SPRF-SC,DEL01-SC,UOP01-DEL01-SC,2023
"530425,0",2023-06-19,segunda-feira,07:00:00,SC,101,"39,0",JOINVILLE,Ausência de reação do condutor,Tombamento,Com Vítimas Feridas,Pleno dia,Decrescente,Nublado,Dupla,Reta,Sim,1,0,1,0,0,0,1,1,-26.30114826,-48.88309836,SPRF-SC,DEL03-SC,UOP01-DEL03-SC,2023
"530457,0",2023-06-19,segunda-feira,09:50:00,SC,101,"161,0",TIJUCAS,Velocidade Incompatível,Colisão traseira,Com Vítimas Feridas,Pleno dia,Crescente,Céu Claro,Dupla,Reta,Não,2,0,1,0,1,0,1,2,-27.21673911,-48.6244238,SPRF-SC,DEL04-SC,UOP03-DEL04-SC,2023
"530487,0",2023-06-19,segunda-feira,12:15:00,SC,101,"354,2",SANGAO,Ausência de reação do condutor,Capotamento,Com Vítimas Feridas,Pleno dia,Decrescente,Céu Claro,Dupla,Reta,Não,1,0,1,0,0,0,1,1,-28.63937602,-49.09824371,SPRF-SC,DEL02-SC,UOP01-DEL02-SC,2023
"530489,0",2023-06-19,segunda-feira,14:00:00,SC,470,"59,1",BLUMENAU,Acessar a via sem observar a presença dos outros veículos,Colisão transversal,Com Vítimas Feridas,Pleno dia,Crescente,Céu Claro,Simples,Reta;Em Obras,Sim,2,0,0,1,1,0,1,2,-26.882812,-49.1548,SPRF-SC,DEL04-SC,UOP01-DEL04-SC,2023
"530503,0",2023-06-19,segunda-feira,14:15:00,SC,101,"195,1",BIGUACU,Velocidade Incompatível,Colisão traseira,Com Vítimas Feridas,Pleno dia,Decrescente,Sol,Múltipla,Reta,Sim,2,0,1,0,1,0,1,2,-27.5047092,-48.65010819,SPRF-SC,DEL01-SC,UOP01-DEL01-SC,2023
"530568,0",2023-06-19,segunda-feira,19:15:00,SC,163,"104,3",SAO JOSE DO CEDRO,Ingestão de álcool pelo condutor,Colisão com objeto,Com Vítimas Feridas,Plena Noite,Crescente,Céu Claro,Simples,Reta,Sim,1,0,1,0,0,0,1,1,-26.45074853,-53.51311684,SPRF-SC,DEL07-SC,UOP03-DEL07-SC,2023
"530608,0",2023-06-20,terça-feira,06:10:00,SC,280,"186,9",MAFRA,Animais na Pista,Atropelamento de Animal,Com Vítimas Feridas,Amanhecer,Decrescente,Nublado,Simples,Curva;Aclive,Sim,1,0,1,0,0,0,1,1,-26.16977284,-49.94508991,SPRF-SC,DEL06-SC,UOP01-DEL06-SC,2023
"530610,0",2023-06-20,terça-feira,06:30:00,SC,101,"145,0",ITAPEMA,Trafegar com motocicleta (ou similar) entre as faixas,Colisão traseira,Com Vítimas Feridas,Pleno dia,Crescente,Nublado,Dupla,Reta,Sim,2,0,2,0,0,0,2,2,-27.08139206,-48.60130993,SPRF-SC,DEL04-SC,UOP03-DEL04-SC,2023
"530612,0",2023-06-20,terça-feira,06:30:00,SC,470,"52,0",BLUMENAU,Desrespeitar a preferência no cruzamento,Colisão transversal,Com Vítimas Feridas,Amanhecer,Crescente,Nublado,Simples,Interseção de Vias,Sim,2,0,0,1,1,0,1,2,-26.862286,-49.093903,SPRF-SC,DEL04-SC,UOP01-DEL04-SC,2023
"530625,0",2023-06-20,terça-feira,06:50:00,SC,280,"34,9",ARAQUARI,Condutor deixou de manter distância do veículo da frente,Colisão traseira,Com Vítimas Feridas,Pleno dia,Crescente,Céu Claro,Simples,Reta,Não,2,0,1,0,1,0,1,2,-26.42993971,-48.79615614,SPRF-SC,DEL03-SC,UOP03-DEL03-SC,2023
"530627,0",2023-06-16,sexta-feira,18:20:00,SC,101,"416,5",ARARANGUA,Ausência de reação do condutor,Colisão transversal,Com Vítimas Feridas,Plena Noite,Decrescente,Nublado,Múltipla,Reta,Não,2,0,1,0,1,0,1,2,-28.96708874,-49.52338825,SPRF-SC,DEL02-SC,UOP02-DEL02-SC,2023
"530628,0",2023-06-20,terça-feira,07:30:00,SC,101,"211,0",PALHOCA,Ausência de reação do condutor,Colisão traseira,Com Vítimas Feridas,Pleno dia,Decrescente,Céu Claro,Múltipla,Reta,Não,2,0,1,0,1,0,1,2,-27.62329313,-48.65245588,SPRF-SC,DEL01-SC,UOP02-DEL01-SC,2023
"530634,0",2023-06-20,terça-feira,07:40:00,SC,101,"361,3",SANGAO,Velocidade Incompatível,Saída de leito carroçável,Com Vítimas Feridas,Amanhecer,Decrescente,Céu Claro,Simples,Curva,Não,1,0,1,0,0,0,1,1,-28.66584041,-49.1146566,SPRF-SC,DEL02-SC,UOP01-DEL02-SC,2023
"530674,0",2023-06-20,terça-feira,11:30:00,SC,282,"409,0",CATANDUVAS,Acessar a via sem observar a presença dos outros veículos,Colisão transversal,Com Vítimas Feridas,Pleno dia,Decrescente,Céu Claro,Simples,Rotatória;Reta,Sim,2,0,1,0,1,0,1,2,-27.065756,-51.664165,SPRF-SC,DEL07-SC,UOP05-DEL07-SC,2023