id,data_inversa,dia_semana,horario,uf,br,km,municipio,causa_acidente,tipo_acidente,classificacao_acidente,fase_dia,sentido_via,condicao_metereologica,tipo_pista,tracado_via,uso_solo,pessoas,mortos,feridos_leves,feridos_graves,ilesos,ignorados,feridos,veiculos,latitude,longitude,regional,delegacia,uop,ano_arquivo
"531748,0",2023-06-25,domingo,14:00:00,SC,282,"213,0",LAGES,Manobra de mudança de faixa,Colisão transversal,Com Vítimas Feridas,Pleno dia,Decrescente,Céu Claro,Simples,Reta,Não,3,0,1,0,2,0,1,2,-27.785299,-50.261921,SPRF-SC,DEL05-SC,UOP01-DEL05-SC,2023
"531753,0",2023-06-25,domingo,12:15:00,SC,282,"302,0",VARGEM,Velocidade Incompatível,Saída de leito carroçável,Com Vítimas Feridas,Pleno dia,Decrescente,Céu Claro,Simples,Reta,Não,1,0,0,1,0,0,1,1,-27.505852,-50.926998,SPRF-SC,DEL07-SC,UOP06-DEL07-SC,2023
"531756,0",2023-06-25,domingo,14:47:00,SC,470,"57,2",BLUMENAU,Ultrapassagem Indevida,Colisão lateral mesmo sentido,Com Vítimas Feridas,Pleno dia,Decrescente,Céu Claro,Simples,Reta;Desvio Temporário;Em Obras,Sim,3,0,2,0,1,0,2,2,-26.88193308,-49.13864851,SPRF-SC,DEL04-SC,UOP01-DEL04-SC,2023
"531759,0",2023-06-25,domingo,14:50:00,SC,470,"18,6",ILHOTA,Condutor deixou de manter distância do veículo da frente,Colisão traseira,Com Vítimas Feridas,Pleno dia,Decrescente,Céu Claro,Simples,Ponte;Reta,Não,2,0,1,0,1,0,1,2,-26.86090698,-48.8129425,SPRF-SC,DEL04-SC,UOP04-DEL04-SC,2023
"531773,0",2023-06-25,domingo,16:45:00,SC,101,"135,0",BALNEARIO CAMBORIU,Desrespeitar a preferência no cruzamento,Colisão transversal,Com Vítimas Feridas,Pleno dia,Crescente,Céu Claro,Múltipla,Interseção de Vias,Sim,2,0,1,1,0,0,2,2,-27.00535968,-48.62604618,SPRF-SC,DEL04-SC,UOP03-DEL04-SC,2023
"531774,0",2023-06-25,domingo,14:00:00,SC,116,"130,5",SANTA CECILIA,Demais falhas mecânicas ou elétricas,Incêndio,Sem Vítimas,Pleno dia,Decrescente,Céu Claro,Simples,Curva,Não,16,0,0,0,16,0,0,1,-26.89105589,-50.43451019,SPRF-SC,DEL06-SC,UOP02-DEL06-SC,2023
"531786,0",2023-06-25,domingo,17:20:00,SC,101,"365,0",SANGAO,Ausência de reação do condutor,Colisão traseira,Com Vítimas Feridas,Plena Noite,Decrescente,Céu Claro,Dupla,Reta,Sim,3,0,2,0,1,0,2,2,-28.68290284,-49.14759308,SPRF-SC,DEL02-SC,UOP01-DEL02-SC,2023
"531796,0",2023-06-25,domingo,17:40:00,SC,470,"70,0",INDAIAL,Ingestão de álcool pelo condutor,Colisão transversal,Sem Vítimas,Anoitecer,Decrescente,Céu Claro,Simples,Interseção de Vias;Em Obras;Reta,Sim,2,0,0,0,1,1,0,2,-26.88911385,-49.25403714,SPRF-SC,DEL04-SC,UOP01-DEL04-SC,2023
"531806,0",2023-06-25,domingo,11:25:00,SC,280,"250,4",CANOINHAS,Condutor deixou de manter distância do veículo da frente,Colisão traseira,Com Vítimas Feridas,Pleno dia,Decrescente,Céu Claro,Simples,Reta;Aclive,Não,5,0,1,0,4,0,1,2,-26.25489922,-50.54258496,SPRF-SC,DEL06-SC,UOP04-DEL06-SC,2023
"531818,0",2023-06-25,domingo,18:50:00,SC,282,"673,1",PARAISO,Ingestão de álcool pelo condutor,Colisão frontal,Sem Vítimas,Plena Noite,Decrescente,Céu Claro,Simples,Aclive;Reta,Não,4,0,0,0,4,0,0,2,-26.61490815,-53.6693716,SPRF-SC,DEL07-SC,UOP03-DEL07-SC,2023
"531824,0",2023-06-25,domingo,19:50:00,SC,101,"404,0",MARACAJA,Ausência de reação do condutor,Saída de leito carroçável,Sem Vítimas,Plena Noite,Decrescente,Céu Claro,Dupla,Reta,Não,1,0,0,0,1,0,0,1,-28.87801417,-49.45745479,SPRF-SC,DEL02-SC,UOP02-DEL02-SC,2023
"531830,0",2023-06-25,domingo,20:35:00,SC,280,"25,0",ARAQUARI,Acesso irregular,Colisão frontal,Com Vítimas Feridas,Plena Noite,Crescente,Nublado,Simples,Reta,Sim,2,0,0,2,0,0,2,2,-26.38352781,-48.72677516,SPRF-SC,DEL03-SC,UOP03-DEL03-SC,2023
"531832,0",2023-06-25,domingo,19:40:00,SC,282,"29,0",SANTO AMARO DA IMPERATRIZ,Ingestão de álcool pelo condutor,Colisão frontal,Com Vítimas Feridas,Plena Noite,Decrescente,Céu Claro,Simples,Curva,Sim,4,0,2,2,0,0,4,2,-27.679737,-48.786785,SPRF-SC,DEL01-SC,UOP03-DEL01-SC,2023
"531834,0",2023-06-25,domingo,18:40:00,SC,116,"60,9",PAPANDUVA,Pedestre cruzava a pista fora da faixa,Atropelamento de Pedestre,Com Vítimas Feridas,Plena Noite,Decrescente,Nublado,Simples,Curva;Aclive,Não,2,0,0,1,0,1,1,2,-26.38296807,-50.21675059,SPRF-SC,DEL06-SC,UOP02-DEL06-SC,2023
"531837,0",2023-05-24,quarta-feira,16:30:00,SC,280,"82,0",CORUPA,Transitar na contramão,Colisão frontal,Com Vítimas Feridas,Pleno dia,Crescente,Céu Claro,Simples,Reta,Sim,3,0,1,2,0,0,3,2,-26.44009491,-49.22605498,SPRF-SC,DEL06-SC,UOP03-DEL06-SC,2023
"531839,0",2023-06-25,domingo,22:00:00,SC,470,"126,0",LONTRAS,Acesso irregular,Colisão frontal,Com Vítimas Feridas,Plena Noite,Crescente,Nevoeiro/Neblina,Simples,Retorno Regulamentado,Não,3,0,3,0,0,0,3,2,-27.129,-49.538277,SPRF-SC,DEL04-SC,UOP02-DEL04-SC,2023
"531884,0",2023-06-26,segunda-feira,07:25:00,SC,101,"38,8",JOINVILLE,Trafegar com motocicleta (ou similar) entre as faixas,Colisão com objeto,Com Vítimas Feridas,Pleno dia,Decrescente,Céu Claro,Múltipla,Reta,Sim,3,0,1,0,2,0,1,2,-26.25472505,-48.90561309,SPRF-SC,DEL03-SC,UOP01-DEL03-SC,2023
"531889,0",2023-06-26,segunda-feira,07:30:00,SC,116,"11,0",MAFRA,Restrição de visibilidade em curvas verticais,Colisão frontal,Com Vítimas Feridas,Pleno dia,Decrescente,Céu Claro,Simples,Curva;Aclive,Não,2,0,0,2,0,0,2,1,-26.17627262,-49.8580203,SPRF-SC,DEL06-SC,UOP01-DEL06-SC,2023
"531895,0",2023-06-26,segunda-feira,08:40:00,SC,101,"212,0",PALHOCA,Velocidade Incompatível,Queda de ocupante de veículo,Com Vítimas Feridas,Pleno dia,Decrescente,Céu Claro,Dupla,Reta,Sim,2,0,1,0,0,1,1,2,-27.62996929,-48.65903871,SPRF-SC,DEL01-SC,UOP02-DEL01-SC,2023
"531899,0",2023-06-26,segunda-feira,06:50:00,SC,101,"353,0",JAGUARUNA,Animais na Pista,Atropelamento de Animal,Sem Vítimas,Pleno dia,Crescente,Céu Claro,Dupla,Reta,Não,1,0,0,0,1,0,0,1,-28.61232036,-49.06197674,SPRF-SC,DEL02-SC,UOP01-DEL02-SC,2023
"531907,0",2023-06-26,segunda-feira,08:40:00,SC,282,"95,3",ALFREDO WAGNER,Velocidade Incompatível,Capotamento,Com Vítimas Feridas,Pleno dia,Crescente,Sol,Simples,Curva,Não,1,0,1,0,0,0,1,1,-27.710436,-49.245926,SPRF-SC,DEL01-SC,UOP03-DEL01-SC,2023
"531914,0",2023-06-26,segunda-feira,09:50:00,SC,101,"209,0",SAO JOSE,Ausência de reação do condutor,Saída de leito carroçável,Com Vítimas Feridas,Pleno dia,Crescente,Céu Claro,Dupla,Reta,Sim,1,0,1,0,0,0,1,1,-27.61000542,-48.63895057,SPRF-SC,DEL01-SC,UOP01-DEL01-SC,2023
"531918,0",2023-06-24,sábado,19:45:00,SC,282,"525,0",XAXIM,Ingestão de álcool pelo condutor,Colisão transversal,Sem Vítimas,Plena Noite,Crescente,Céu Claro,Simples,Rotatória;Interseção de Vias,Sim,2,0,0,0,1,1,0,2,-26.965441,-52.566383,SPRF-SC,DEL07-SC,UOP01-DEL07-SC,2023
"531921,0",2023-06-26,segunda-feira,10:55:00,SC,116,"5,5",MAFRA,Acessar a via sem observar a presença dos outros veículos,Colisão transversal,Com Vítimas Feridas,Pleno dia,Decrescente,Céu Claro,Simples,Interseção de Vias;Reta,Sim,3,0,1,0,2,0,1,2,-26.14094396,-49.81508303,SPRF-SC,DEL06-SC,UOP01-DEL06-SC,2023
"531960,0",2023-06-26,segunda-feira,15:50:00,SC,101,"339,0",TUBARAO,Avarias e/ou desgaste excessivo no pneu,Tombamento,Com Vítimas Feridas,Pleno dia,Crescente,Céu Claro,Dupla,Reta;Viaduto;Declive,Sim,1,0,1,0,0,0,1,1,-28.50887119,-49.05040383,SPRF-SC,DEL02-SC,UOP01-DEL02-SC,2023
"531964,0",2023-06-26,segunda-feira,11:30:00,SC,153,"111,2",CONCORDIA,Acessar a via sem observar a presença dos outros veículos,Colisão transversal,Com Vítimas Feridas,Pleno dia,Crescente,Céu Claro,Simples,Reta,Não,2,0,1,0,1,0,1,2,-27.319271,-51.983299,SPRF-SC,DEL07-SC,UOP04-DEL07-SC,2023
"531965,0",2023-06-26,segunda-feira,16:07:00,SC,280,"8,7",SAO FRANCISCO DO SUL,Manobra de mudança de faixa,Colisão frontal,Com Vítimas Feridas,Pleno dia,Crescente,Céu Claro,Simples,Reta,Não,2,0,0,1,1,0,1,2,-26.285156,-48.646221,SPRF-SC,DEL03-SC,UOP03-DEL03-SC,2023
"531973,0",2023-06-26,segunda-feira,17:02:00,SC,101,"206,0",SAO JOSE,Manobra de mudança de faixa,Colisão lateral mesmo sentido,Com Vítimas Feridas,Anoitecer,Crescente,Céu Claro,Múltipla,Reta,Sim,3,0,1,0,2,0,1,3,-27.59193546,-48.61824557,SPRF-SC,DEL01-SC,UOP01-DEL01-SC,2023
"531978,0",2023-06-26,segunda-feira,14:50:00,SC,470,"281,0",BRUNOPOLIS,Reação tardia ou ineficiente do condutor,Colisão frontal,Com Vítimas Feridas,Pleno dia,Decrescente,Céu Claro,Simples,Curva,Não,2,0,2,0,0,0,2,2,-27.334003,-50.872852,SPRF-SC,DEL07-SC,UOP06-DEL07-SC,2023
"531984,0",2023-06-26,segunda-feira,13:50:00,SC,282,"527,6",CORDILHEIRA ALTA,Conversão proibida,Tombamento,Com Vítimas Feridas,Pleno dia,Crescente,Sol,Simples,Curva,Não,2,0,1,0,1,0,1,2,-26.973196,-52.583321,SPRF-SC,DEL07-SC,UOP01-DEL07-SC,2023
"531995,0",2023-06-26,segunda-feira,18:40:00,SC,282,"216,9",LAGES,Condutor deixou de manter distância do veículo da frente,Colisão traseira,Com Vítimas Feridas,Plena Noite,Decrescente,Céu Claro,Dupla,Aclive;Reta;Interseção de Vias,Sim,4,0,1,0,3,0,1,2,-27.7982264,-50.30837059,SPRF-SC,DEL05-SC,UOP01-DEL05-SC,2023
"531996,0",2023-06-26,segunda-feira,18:20:00,SC,101,"88,4",BARRA VELHA,Ausência de reação do condutor,Colisão traseira,Com Vítimas Feridas,Pleno dia,Decrescente,Nublado,Dupla,Reta,Sim,2,0,0,1,1,0,1,2,-26.64253985,-48.68950684,SPRF-SC,DEL03-SC,UOP02-DEL03-SC,2023
"532001,0",2023-06-26,segunda-feira,19:35:00,SC,101,"218,0",PALHOCA,Ausência de reação do condutor,Queda de ocupante de veículo,Com Vítimas Feridas,Plena Noite,Decrescente,Céu Claro,Dupla,Reta,Sim,1,0,1,0,0,0,1,1,-27.6758601,-48.67052525,SPRF-SC,DEL01-SC,UOP02-DEL01-SC,2023
"532034,0",2023-06-26,segunda-feira,19:00:00,SC,101,"116,0",ITAJAI,Reação tardia ou ineficiente do condutor,Engavetamento,Com Vítimas Feridas,Anoitecer,Decrescente,Céu Claro,Dupla,Reta,Sim,3,0,1,0,2,0,1,3,-26.87905605,-48.72603512,SPRF-SC,DEL04-SC,UOP04-DEL04-SC,2023
"532041,0",2023-06-26,segunda-feira,20:50:00,SC,282,"371,0",ERVAL VELHO,Reação tardia ou ineficiente do condutor,Capotamento,Com Vítimas Feridas,Plena Noite,Decrescente,Céu Claro,Simples,Curva;Declive,Não,3,0,3,0,0,0,3,1,-27.259993,-51.442684,SPRF-SC,DEL07-SC,UOP05-DEL07-SC,2023
"532050,0",2023-06-23,sexta-feira,00:55:00,SC,282,"215,0",LAGES,Reação tardia ou ineficiente do condutor,Saída de leito carroçável,Sem Vítimas,Plena Noite,Decrescente,Nevoeiro/Neblina,Simples,Reta,Sim,2,0,0,0,2,0,0,1,-27.793665,-50.281799,SPRF-SC,DEL05-SC,UOP01-DEL05-SC,2023
"532067,0",2023-06-27,terça-feira,06:30:00,SC,101,"138,8",BALNEARIO CAMBORIU,Ausência de reação do condutor,Queda de ocupante de veículo,Com Vítimas Feridas,Pleno dia,Crescente,Céu Claro,Simples,Reta,Sim,1,0,1,0,0,0,1,1,-27.02397426,-48.60761649,SPRF-SC,DEL04-SC,UOP03-DEL04-SC,2023
"532072,0",2023-06-27,terça-feira,06:36:00,SC,101,"172,0",TIJUCAS,Restrição de visibilidade em curvas horizontais,Tombamento,Com Vítimas Feridas,Pleno dia,Decrescente,Céu Claro,Dupla,Curva;Aclive,Não,2,0,0,1,1,0,1,2,-27.31398818,-48.63155831,SPRF-SC,DEL04-SC,UOP03-DEL04-SC,2023
"532074,0",2023-06-26,segunda-feira,18:15:00,SC,280,"80,4",CORUPA,Ultrapassagem Indevida,Tombamento,Com Vítimas Feridas,Anoitecer,Decrescente,Céu Claro,Simples,Reta,Não,3,0,2,0,0,1,2,2,-26.44008569,-49.22612071,SPRF-SC,DEL06-SC,UOP03-DEL06-SC,2023
"532123,0",2023-06-27,terça-feira,09:40:00,SC,470,"68,0",INDAIAL,Demais falhas na via,Tombamento,Com Vítimas Feridas,Pleno dia,Decrescente,Céu Claro,Dupla,Em Obras;Reta;Desvio Temporário,Sim,1,0,1,0,0,0,1,1,-26.877615,-49.239231,SPRF-SC,DEL04-SC,UOP01-DEL04-SC,2023
"532136,0",2023-06-27,terça-feira,11:50:00,SC,280,"8,0",SAO FRANCISCO DO SUL,Condutor deixou de manter distância do veículo da frente,Engavetamento,Sem Vítimas,Pleno dia,Crescente,Céu Claro,Simples,Reta,Sim,3,0,0,0,3,0,0,3,-26.27887292,-48.64668626,SPRF-SC,DEL03-SC,UOP03-DEL03-SC,2023
"532140,0",2023-06-27,terça-feira,11:00:00,SC,470,"196,0",PONTE ALTA,Reação tardia ou ineficiente do condutor,Saída de leito carroçável,Sem Vítimas,Pleno dia,Decrescente,Céu Claro,Simples,Reta,Não,1,0,0,0,0,1,0,1,-27.30553698,-50.10421693,SPRF-SC,DEL05-SC,UOP03-DEL05-SC,2023
"532144,0",2023-06-27,terça-feira,12:50:00,SC,282,"5,0",SAO JOSE,Condutor deixou de manter distância do veículo da frente,Colisão traseira,Com Vítimas Feridas,Pleno dia,Crescente,Sol,Dupla,Aclive,Sim,2,0,1,0,1,0,1,2,-27.588425,-48.612919,SPRF-SC,DEL01-SC,UOP01-DEL01-SC,2023
"532151,0",2023-06-27,terça-feira,10:20:00,SC,470,"271,9",BRUNOPOLIS,Pedestre andava na pista,Atropelamento de Pedestre,Com Vítimas Fatais,Pleno dia,Crescente,Céu Claro,Simples,Reta,Não,4,1,0,0,0,3,0,2,-27.3242746,-50.7894816,SPRF-SC,DEL07-SC,UOP06-DEL07-SC,2023
"532179,0",2023-06-27,terça-feira,16:00:00,SC,101,"99,0",BALNEARIO PICARRAS,Mal súbito do condutor,Colisão com objeto,Com Vítimas Feridas,Pleno dia,Decrescente,Sol,Dupla,Curva,Não,2,0,1,0,1,0,1,1,-26.7471002,-48.69654831,SPRF-SC,DEL03-SC,UOP02-DEL03-SC,2023
"532187,0",2023-06-27,terça-feira,16:00:00,SC,101,"148,0",ITAPEMA,Frear bruscamente,Tombamento,Com Vítimas Feridas,Pleno dia,Decrescente,Céu Claro,Dupla,Reta,Sim,1,0,1,0,0,0,1,1,-27.10123686,-48.61807962,SPRF-SC,DEL04-SC,UOP03-DEL04-SC,2023
"532189,0",2023-06-27,terça-feira,16:40:00,SC,101,"44,4",JOINVILLE,Velocidade Incompatível,Tombamento,Com Vítimas Feridas,Pleno dia,Crescente,Sol,Simples,Declive;Reta,Sim,2,0,2,0,0,0,2,1,-26.31238996,-48.87458997,SPRF-SC,DEL03-SC,UOP01-DEL03-SC,2023
"532216,0",2023-06-27,terça-feira,18:10:00,SC,116,"246,9",LAGES,Acessar a via sem observar a presença dos outros veículos,Colisão transversal,Com Vítimas Feridas,Plena Noite,Crescente,Céu Claro,Múltipla,Interseção de Vias;Rotatória,Sim,2,0,1,0,1,0,1,2,-27.81116143,-50.36787271,SPRF-SC,DEL05-SC,UOP02-DEL05-SC,2023
"532229,0",2023-06-27,terça-feira,18:27:00,SC,101,"60,0",ARAQUARI,Condutor deixou de manter distância do veículo da frente,Engavetamento,Sem Vítimas,Plena Noite,Decrescente,Céu Claro,Dupla,Aclive;Reta,Não,4,0,0,0,3,1,0,4,-26.45072823,-48.78570317,SPRF-SC,DEL03-SC,UOP02-DEL03-SC,2023
"532242,0",2023-06-27,terça-feira,22:40:00,SC,280,"74,3",JARAGUA DO SUL,Iluminação deficiente,Colisão transversal,Com Vítimas Feridas,Plena Noite,Decrescente,Nublado,Simples,Reta,Sim,2,0,2,0,0,0,2,2,-26.45877322,-49.16147801,SPRF-SC,DEL03-SC,UOP03-DEL03-SC,2023
"532251,0",2023-06-28,quarta-feira,00:10:00,SC,282,"51,4",RANCHO QUEIMADO,Demais falhas mecânicas ou elétricas,Incêndio,Sem Vítimas,Plena Noite,Decrescente,Céu Claro,Simples,Curva;Aclive,Não,1,0,0,0,1,0,0,1,-27.703712,-48.959267,SPRF-SC,DEL01-SC,UOP03-DEL01-SC,2023
"532272,0",2023-06-28,quarta-feira,07:10:00,SC,282,"16,0",PALHOCA,Trafegar com motocicleta (ou similar) entre as faixas,Colisão transversal,Com Vítimas Feridas,Pleno dia,Decrescente,Céu Claro,Simples,Reta;Interseção de Vias,Sim,2,0,1,1,0,0,2,2,-27.658611,-48.681847,SPRF-SC,DEL01-SC,UOP02-DEL01-SC,2023
"532281,0",2023-04-26,quarta-feira,08:10:00,SC,101,"119,5",ITAJAI,Trafegar com motocicleta (ou similar) entre as faixas,Colisão lateral mesmo sentido,Com Vítimas Feridas,Pleno dia,Crescente,Céu Claro,Dupla,Reta,Não,3,0,2,0,1,0,2,2,-26.9043179,-48.71555481,SPRF-SC,DEL04-SC,UOP04-DEL04-SC,2023
"532309,0",2023-06-28,quarta-feira,06:45:00,SC,101,"394,0",CRICIUMA,Reação tardia ou ineficiente do condutor,Colisão traseira,Com Vítimas Feridas,Amanhecer,Decrescente,Céu Claro,Simples,Reta,Não,2,0,1,0,1,0,1,2,-28.80786013,-49.37589526,SPRF-SC,DEL02-SC,UOP02-DEL02-SC,2023
"532310,0",2023-06-28,quarta-feira,08:45:00,SC,101,"203,5",SAO JOSE,Demais falhas mecânicas ou elétricas,Tombamento,Com Vítimas Feridas,Pleno dia,Crescente,Céu Claro,Dupla,Reta,Sim,2,0,1,0,0,1,1,2,-27.5650044,-48.61460082,SPRF-SC,DEL01-SC,UOP01-DEL01-SC,2023
"532338,0",2023-02-20,segunda-feira,15:00:00,SC,282,"83,0",ALFREDO WAGNER,Velocidade Incompatível,Colisão frontal,Com Vítimas Feridas,Pleno dia,Crescente,Chuva,Simples,Curva;Declive,Não,7,0,7,0,0,0,7,2,-27.666153,-49.175022,SPRF-SC,DEL01-SC,UOP03-DEL01-SC,2023
"532357,0",2023-06-28,quarta-feira,15:30:00,SC,470,"70,3",INDAIAL,Ausência de reação do condutor,Colisão lateral mesmo sentido,Com Vítimas Feridas,Pleno dia,Crescente,Céu Claro,Simples,Reta,Sim,2,0,1,0,1,0,1,2,-26.889374,-49.254478,SPRF-SC,DEL04-SC,UOP01-DEL04-SC,2023
"532364,0",2023-06-28,quarta-feira,16:30:00,SC,101,"210,0",SAO JOSE,Ausência de reação do condutor,Colisão traseira,Com Vítimas Feridas,Pleno dia,Decrescente,Céu Claro,Múltipla,Reta,Não,2,0,1,0,1,0,1,2,-27.6167305,-48.6457265,SPRF-SC,DEL01-SC,UOP01-DEL01-SC,2023
"532393,0",2023-06-28,quarta-feira,18:40:00,SC,101,"80,8",BARRA VELHA,Acessar a via sem observar a presença dos outros veículos,Colisão lateral mesmo sentido,Com Vítimas Feridas,Plena Noite,Crescente,Céu Claro,Dupla,Curva,Sim,4,0,1,0,2,1,1,4,-26.59441996,-48.72183309,SPRF-SC,DEL03-SC,UOP02-DEL03-SC,2023
"532401,0",2023-06-28,quarta-feira,14:25:00,SC,282,"332,6",CAMPOS NOVOS,Velocidade Incompatível,Saída de leito carroçável,Com Vítimas Feridas,Pleno dia,Crescente,Céu Claro,Simples,Reta;Declive,Não,2,0,1,0,1,0,1,1,-27.390564,-51.125843,SPRF-SC,DEL07-SC,UOP06-DEL07-SC,2023
"532435,0",2023-06-28,quarta-feira,23:00:00,SC,480,"129,5",CHAPECO,Acessar a via sem observar a presença dos outros veículos,Colisão transversal,Com Vítimas Feridas,Plena Noite,Decrescente,Céu Claro,Simples,Interseção de Vias,Sim,2,0,1,0,1,0,1,2,-27.05040897,-52.63547122,SPRF-SC,DEL07-SC,UOP01-DEL07-SC,2023
"532466,0",2023-06-29,quinta-feira,06:45:00,SC,101,"37,7",JOINVILLE,Manobra de mudança de faixa,Colisão traseira,Com Vítimas Feridas,Pleno dia,Crescente,Nublado,Dupla,Reta,Sim,2,0,2,0,0,0,2,2,-26.25050176,-48.90863867,SPRF-SC,DEL03-SC,UOP01-DEL03-SC,2023
"532470,0",2023-06-29,quinta-feira,07:00:00,SC,470,"53,0",BLUMENAU,Acessar a via sem observar a presença dos outros veículos,Colisão transversal,Com Vítimas Feridas,Pleno dia,Decrescente,Nublado,Simples,Curva;Interseção de Vias;Em Obras,Sim,3,0,1,0,1,1,1,3,-26.867121,-49.102066,SPRF-SC,DEL04-SC,UOP01-DEL04-SC,2023
"532480,0",2023-06-29,quinta-feira,06:50:00,SC,163,"85,1",GUARACIABA,Acessar a via sem observar a presença dos outros veículos,Colisão transversal,Com Vítimas Feridas,Amanhecer,Decrescente,Nublado,Simples,Rotatória;Declive,Sim,2,0,1,0,1,0,1,2,-26.60479775,-53.51697922,SPRF-SC,DEL07-SC,UOP03-DEL07-SC,2023
"532485,0",2023-06-29,quinta-feira,07:50:00,SC,101,"195,0",SAO JOSE,Transitar na contramão,Colisão frontal,Com Vítimas Feridas,Pleno dia,Decrescente,Nublado,Simples,Interseção de Vias,Sim,2,0,1,0,1,0,1,2,-27.5047092,-48.65010819,SPRF-SC,DEL01-SC,UOP01-DEL01-SC,2023
"532522,0",2023-06-29,quinta-feira,09:00:00,SC,282,"3,8",FLORIANOPOLIS,Condutor deixou de manter distância do veículo da frente,Colisão lateral mesmo sentido,Com Vítimas Feridas,Pleno dia,Decrescente,Nublado,Dupla,Reta,Sim,3,0,1,0,2,0,1,3,-27.600384,-48.599705,SPRF-SC,DEL01-SC,UOP01-DEL01-SC,2023
"532532,0",2023-06-29,quinta-feira,09:00:00,SC,101,"454,1",SAO JOAO DO SUL,Objeto estático sobre o leito carroçável,Colisão com objeto,Com Vítimas Feridas,Pleno dia,Crescente,Céu Claro,Múltipla,Aclive,Sim,1,0,1,0,0,0,1,1,-29.21450776,-49.75914001,SPRF-SC,DEL02-SC,UOP02-DEL02-SC,2023
"532536,0",2023-06-29,quinta-feira,12:05:00,SC,101,"418,2",ARARANGUA,Desrespeitar a preferência no cruzamento,Colisão lateral sentido oposto,Com Vítimas Feridas,Pleno dia,Crescente,Céu Claro,Simples,Interseção de Vias,Sim,2,0,1,0,1,0,1,2,-28.98561892,-49.54319,SPRF-SC,DEL02-SC,UOP02-DEL02-SC,2023
"532576,0",2023-04-07,sexta-feira,04:30:00,SC,101,"331,0",TUBARAO,Ausência de reação do condutor,Colisão com objeto,Com Vítimas Feridas,Plena Noite,Decrescente,Garoa/Chuvisco,Simples,Reta,Sim,1,0,1,0,0,0,1,1,-28.46463008,-48.99343371,SPRF-SC,DEL02-SC,UOP01-DEL02-SC,2023
"532588,0",2023-06-29,quinta-feira,07:45:00,SC,282,"28,3",SANTO AMARO DA IMPERATRIZ,Acessar a via sem observar a presença dos outros veículos,Colisão transversal,Com Vítimas Feridas,Pleno dia,Decrescente,Céu Claro,Simples,Rotatória,Não,3,0,2,0,1,0,2,2,-27.67478,-48.778904,SPRF-SC,DEL01-SC,UOP03-DEL01-SC,2023
"532590,0",2023-06-29,quinta-feira,17:15:00,SC,101,"214,0",PALHOCA,Condutor deixou de manter distância do veículo da frente,Colisão lateral mesmo sentido,Com Vítimas Feridas,Anoitecer,Crescente,Céu Claro,Múltipla,Reta,Sim,2,0,0,1,1,0,1,2,-27.64443,-48.67057,SPRF-SC,DEL01-SC,UOP02-DEL01-SC,2023
"532602,0",2023-06-29,quinta-feira,16:45:00,SC,470,"3,9",NAVEGANTES,Acessar a via sem observar a presença dos outros veículos,Colisão transversal,Com Vítimas Feridas,Pleno dia,Decrescente,Céu Claro,Dupla,Rotatória,Sim,2,0,1,0,1,0,1,2,-26.861937,-48.681618,SPRF-SC,DEL04-SC,UOP04-DEL04-SC,2023
"532615,0",2023-06-29,quinta-feira,07:50:00,SC,280,"152,0",MAFRA,Ausência de reação do condutor,Saída de leito carroçável,Com Vítimas Feridas,Pleno dia,Crescente,Garoa/Chuvisco,Simples,Curva,Não,1,0,0,1,0,0,1,1,-26.21642764,-49.7150445,SPRF-SC,DEL06-SC,UOP03-DEL06-SC,2023
"532625,0",2023-06-29,quinta-feira,18:10:00,SC,470,"71,0",INDAIAL,Área urbana sem a presença de local apropriado para a travessia de pedestres,Atropelamento de Pedestre,Com Vítimas Feridas,Plena Noite,Decrescente,Céu Claro,Dupla,Reta,Não,2,0,1,1,0,0,2,2,-26.895243,-49.262104,SPRF-SC,DEL04-SC,UOP01-DEL04-SC,2023
"532628,0",2023-06-29,quinta-feira,18:30:00,SC,101,"450,5",SAO JOAO DO SUL,Objeto estático sobre o leito carroçável,Colisão com objeto,Com Vítimas Feridas,Plena Noite,Crescente,Céu Claro,Dupla,Curva,Sim,2,0,2,0,0,0,2,1,-29.18109116,-49.75527763,SPRF-SC,DEL02-SC,UOP02-DEL02-SC,2023
"532639,0",2023-06-29,quinta-feira,19:00:00,SC,101,"118,0",ITAJAI,Demais falhas mecânicas ou elétricas,Colisão traseira,Com Vítimas Feridas,Plena Noite,Crescente,Céu Claro,Dupla,Reta,Sim,2,0,0,1,1,0,1,2,-26.895859,-48.71903,SPRF-SC,DEL04-SC,UOP04-DEL04-SC,2023
"532643,0",2023-06-29,quinta-feira,19:30:00,SC,153,"111,1",CONCORDIA,Acessar a via sem observar a presença dos outros veículos,Colisão transversal,Com Vítimas Feridas,Plena Noite,Crescente,Céu Claro,Simples,Interseção de Vias,Não,3,0,2,1,0,0,3,2,-27.32749295,-51.97926879,SPRF-SC,DEL07-SC,UOP04-DEL07-SC,2023
"532807,0",2023-06-30,sexta-feira,19:10:00,SC,101,"134,0",BALNEARIO CAMBORIU,Acessar a via sem observar a presença dos outros veículos,Colisão transversal,Com Vítimas Feridas,Plena Noite,Crescente,Nublado,Simples,Interseção de Vias,Sim,2,0,1,0,1,0,1,2,-27.00218,-48.636433,SPRF-SC,DEL04-SC,UOP03-DEL04-SC,2023