id,data_inversa,dia_semana,horario,uf,br,km,municipio,causa_acidente,tipo_acidente,classificacao_acidente,fase_dia,sentido_via,condicao_metereologica,tipo_pista,tracado_via,uso_solo,pessoas,mortos,feridos_leves,feridos_graves,ilesos,ignorados,feridos,veiculos,latitude,longitude,regional,delegacia,uop,ano_arquivo
"535871,0",2023-07-14,sexta-feira,19:35:00,SC,470,"265,0",CURITIBANOS,Ultrapassagem Indevida,Colisão frontal,Com Vítimas Feridas,Plena Noite,Decrescente,Céu Claro,Simples,Declive;Reta,Não,5,0,0,1,4,0,1,2,-27.305662,-50.721737,SPRF-SC,DEL05-SC,UOP03-DEL05-SC,2023
"535885,0",2023-07-14,sexta-feira,22:45:00,SC,280,"133,3",RIO NEGRINHO,Animais na Pista,Atropelamento de Animal,Com Vítimas Feridas,Plena Noite,Crescente,Céu Claro,Simples,Reta,Não,1,0,1,0,0,0,1,1,-26.2746472,-49.5701623,SPRF-SC,DEL06-SC,UOP03-DEL06-SC,2023
"535891,0",2023-07-14,sexta-feira,22:40:00,SC,101,"43,0",JOINVILLE,Manobra de mudança de faixa,Colisão lateral mesmo sentido,Com Vítimas Feridas,Plena Noite,Decrescente,Céu Claro,Dupla,Reta,Sim,2,0,1,0,1,0,1,2,-26.30357106,-48.88225609,SPRF-SC,DEL03-SC,UOP01-DEL03-SC,2023
"535907,0",2023-07-15,sábado,00:20:00,SC,101,"317,5",PESCARIA BRAVA,Ausência de reação do condutor,Colisão traseira,Com Vítimas Fatais,Plena Noite,Decrescente,Céu Claro,Múltipla,Reta,Sim,5,1,0,0,3,1,0,5,-28.4300931,-48.8737999,SPRF-SC,DEL02-SC,UOP01-DEL02-SC,2023
"535908,0",2023-07-15,sábado,01:50:00,SC,101,"137,0",BALNEARIO CAMBORIU,Ingestão de álcool pelo condutor,Saída de leito carroçável,Com Vítimas Feridas,Plena Noite,Crescente,Nublado,Múltipla,Interseção de Vias;Viaduto,Sim,1,0,0,1,0,0,1,1,-27.0157238,-48.61192763,SPRF-SC,DEL04-SC,UOP03-DEL04-SC,2023
"535917,0",2023-07-15,sábado,03:30:00,SC,101,"323,0",CAPIVARI DE BAIXO,Ingestão de álcool pelo condutor,Colisão com objeto,Sem Vítimas,Plena Noite,Crescente,Nublado,Dupla,Curva;Interseção de Vias,Sim,1,0,0,0,1,0,0,1,-28.42499285,-48.93415153,SPRF-SC,DEL02-SC,UOP01-DEL02-SC,2023
"535924,0",2023-07-15,sábado,04:50:00,SC,282,"503,5",XANXERE,Ingestão de álcool pelo condutor,Saída de leito carroçável,Sem Vítimas,Plena Noite,Crescente,Nevoeiro/Neblina,Dupla,Curva,Sim,1,0,0,0,0,1,0,1,-26.88492,-52.399788,SPRF-SC,DEL07-SC,UOP01-DEL07-SC,2023
"535930,0",2023-07-15,sábado,05:30:00,SC,280,"35,0",ARAQUARI,Velocidade Incompatível,Saída de leito carroçável,Sem Vítimas,Plena Noite,Crescente,Céu Claro,Simples,Curva,Não,1,0,0,0,0,1,0,1,-26.43447549,-48.80453914,SPRF-SC,DEL03-SC,UOP03-DEL03-SC,2023
"535931,0",2023-07-15,sábado,04:30:00,SC,282,"630,0",DESCANSO,Ausência de reação do condutor,Saída de leito carroçável,Sem Vítimas,Plena Noite,Decrescente,Nevoeiro/Neblina,Simples,Curva,Não,2,0,0,0,0,2,0,2,-26.822149,-53.384697,SPRF-SC,DEL07-SC,UOP03-DEL07-SC,2023
"535982,0",2023-07-15,sábado,11:50:00,SC,470,"62,9",INDAIAL,Conversão proibida,Colisão transversal,Com Vítimas Feridas,Pleno dia,Crescente,Céu Claro,Simples,Aclive;Reta,Não,3,0,2,0,1,0,2,2,-26.874521,-49.182938,SPRF-SC,DEL04-SC,UOP01-DEL04-SC,2023
"535987,0",2023-07-15,sábado,11:50:00,SC,282,"28,3",SANTO AMARO DA IMPERATRIZ,Ultrapassagem Indevida,Colisão lateral mesmo sentido,Com Vítimas Feridas,Pleno dia,Crescente,Céu Claro,Simples,Rotatória,Sim,3,0,2,0,1,0,2,2,-27.67478,-48.778904,SPRF-SC,DEL01-SC,UOP03-DEL01-SC,2023
"535989,0",2023-07-15,sábado,11:47:00,SC,282,"490,1",FAXINAL DOS GUEDES,Reação tardia ou ineficiente do condutor,Saída de leito carroçável,Sem Vítimas,Pleno dia,Crescente,Céu Claro,Simples,Curva,Não,2,0,0,0,2,0,0,1,-26.874599,-52.282806,SPRF-SC,DEL07-SC,UOP01-DEL07-SC,2023
"536006,0",2023-07-15,sábado,14:55:00,SC,101,"148,5",ITAPEMA,Ausência de reação do condutor,Colisão traseira,Com Vítimas Feridas,Pleno dia,Crescente,Céu Claro,Simples,Reta,Sim,2,0,1,0,1,0,1,2,-27.10123686,-48.61807962,SPRF-SC,DEL04-SC,UOP03-DEL04-SC,2023
"536010,0",2023-07-15,sábado,15:15:00,SC,101,"113,0",ITAJAI,Demais falhas mecânicas ou elétricas,Tombamento,Com Vítimas Feridas,Pleno dia,Decrescente,Céu Claro,Dupla,Interseção de Vias,Sim,1,0,1,0,0,0,1,1,-26.85311393,-48.72689927,SPRF-SC,DEL04-SC,UOP04-DEL04-SC,2023
"536024,0",2023-07-15,sábado,17:35:00,SC,470,"45,7",GASPAR,Mal súbito do condutor,Colisão frontal,Com Vítimas Fatais,Anoitecer,Decrescente,Céu Claro,Simples,Curva;Em Obras,Não,5,1,0,0,4,0,0,2,-26.8611458,-49.03760925,SPRF-SC,DEL04-SC,UOP01-DEL04-SC,2023
"536027,0",2023-07-15,sábado,16:45:00,SC,101,"144,0",ITAPEMA,Reação tardia ou ineficiente do condutor,Colisão traseira,Sem Vítimas,Pleno dia,Decrescente,Céu Claro,Dupla,Reta,Sim,3,0,0,0,3,0,0,3,-27.0732659,-48.59672716,SPRF-SC,DEL04-SC,UOP03-DEL04-SC,2023
"536030,0",2023-07-15,sábado,17:20:00,SC,101,"144,0",ITAPEMA,Reação tardia ou ineficiente do condutor,Colisão traseira,Com Vítimas Feridas,Pleno dia,Decrescente,Nublado,Dupla,Reta,Sim,2,0,1,0,1,0,1,2,-27.0732659,-48.59672716,SPRF-SC,DEL04-SC,UOP03-DEL04-SC,2023
"536032,0",2023-07-15,sábado,16:50:00,SC,280,"232,0",CANOINHAS,Conversão proibida,Colisão transversal,Com Vítimas Feridas,Pleno dia,Crescente,Céu Claro,Simples,Reta,Sim,4,0,1,0,2,1,1,3,-26.19014736,-50.38186997,SPRF-SC,DEL06-SC,UOP04-DEL06-SC,2023
"536044,0",2023-07-15,sábado,18:10:00,SC,470,"3,9",NAVEGANTES,Reação tardia ou ineficiente do condutor,Colisão traseira,Com Vítimas Feridas,Plena Noite,Decrescente,Céu Claro,Dupla,Reta;Em Obras,Não,3,0,0,2,1,0,2,2,-26.861937,-48.681618,SPRF-SC,DEL04-SC,UOP04-DEL04-SC,2023
"536063,0",2023-07-15,sábado,17:20:00,SC,101,"436,5",SOMBRIO,Manobra de mudança de faixa,Colisão traseira,Com Vítimas Feridas,Pleno dia,Crescente,Céu Claro,Múltipla,Aclive;Reta,Sim,4,0,1,0,3,0,1,2,-29.10817487,-49.63739835,SPRF-SC,DEL02-SC,UOP02-DEL02-SC,2023
"536074,0",2023-07-15,sábado,18:40:00,SC,116,"218,0",CORREIA PINTO,Acessar a via sem observar a presença dos outros veículos,Colisão transversal,Com Vítimas Feridas,Plena Noite,Decrescente,Nublado,Simples,Reta,Sim,2,0,2,0,0,0,2,1,-27.5657323,-50.37458897,SPRF-SC,DEL05-SC,UOP03-DEL05-SC,2023
"536075,0",2023-07-15,sábado,20:10:00,SC,282,"558,0",NOVA ITABERABA,Ingestão de álcool pelo condutor,Colisão lateral sentido oposto,Com Vítimas Feridas,Plena Noite,Crescente,Garoa/Chuvisco,Simples,Curva,Não,3,0,1,0,2,0,1,2,-26.93273,-52.838913,SPRF-SC,DEL07-SC,UOP01-DEL07-SC,2023
"536096,0",2023-07-15,sábado,23:00:00,SC,101,"205,8",SAO JOSE,Acessar a via sem observar a presença dos outros veículos,Colisão traseira,Com Vítimas Feridas,Plena Noite,Decrescente,Céu Claro,Múltipla,Reta,Sim,4,0,3,0,0,1,3,2,-27.58313237,-48.61532885,SPRF-SC,DEL01-SC,UOP01-DEL01-SC,2023
"536098,0",2023-07-15,sábado,23:00:00,SC,101,"214,0",PALHOCA,Ingestão de álcool pelo condutor,Colisão traseira,Sem Vítimas,Plena Noite,Crescente,Nublado,Dupla,Reta,Não,2,0,0,0,1,1,0,2,-27.64443,-48.67057,SPRF-SC,DEL01-SC,UOP02-DEL01-SC,2023
"536101,0",2023-07-15,sábado,23:20:00,SC,280,"54,4",GUARAMIRIM,Ingestão de álcool pelo condutor,Colisão com objeto,Com Vítimas Feridas,Plena Noite,Decrescente,Nublado,Dupla,Reta,Sim,1,0,1,0,0,0,1,1,-26.47539893,-48.983748,SPRF-SC,DEL03-SC,UOP03-DEL03-SC,2023
"536108,0",2023-07-16,domingo,01:00:00,SC,282,"510,0",XANXERE,Ingestão de álcool pelo condutor,Colisão lateral sentido oposto,Com Vítimas Feridas,Plena Noite,Crescente,Céu Claro,Simples,Reta,Não,4,0,2,0,2,0,2,2,-26.897114,-52.463585,SPRF-SC,DEL07-SC,UOP01-DEL07-SC,2023
"536119,0",2023-07-16,domingo,02:20:00,SC,101,"207,0",SAO JOSE,Ingestão de álcool pelo condutor,Colisão traseira,Com Vítimas Feridas,Plena Noite,Crescente,Céu Claro,Múltipla,Reta,Sim,2,0,1,0,1,0,1,2,-27.60001226,-48.6226467,SPRF-SC,DEL01-SC,UOP01-DEL01-SC,2023
"536123,0",2023-07-16,domingo,03:40:00,SC,101,"426,2",SOMBRIO,Reação tardia ou ineficiente do condutor,Saída de leito carroçável,Com Vítimas Feridas,Plena Noite,Decrescente,Céu Claro,Múltipla,Reta,Não,2,0,2,0,0,0,2,1,-29.02593927,-49.59976914,SPRF-SC,DEL02-SC,UOP02-DEL02-SC,2023
"536124,0",2023-07-16,domingo,02:40:00,SC,282,"222,0",LAGES,Reação tardia ou ineficiente do condutor,Colisão com objeto,Sem Vítimas,Plena Noite,Crescente,Nevoeiro/Neblina,Simples,Curva,Sim,1,0,0,0,0,1,0,1,-27.796358,-50.343426,SPRF-SC,DEL05-SC,UOP01-DEL05-SC,2023
"536137,0",2023-07-16,domingo,05:20:00,SC,101,"194,9",BIGUACU,Ausência de reação do condutor,Colisão com objeto,Sem Vítimas,Amanhecer,Decrescente,Céu Claro,Dupla,Reta,Sim,1,0,0,0,1,0,0,1,-27.49815117,-48.65661236,SPRF-SC,DEL01-SC,UOP01-DEL01-SC,2023
"536138,0",2023-07-16,domingo,02:25:00,SC,101,"444,0",SANTA ROSA DO SUL,Ausência de reação do condutor,Colisão lateral mesmo sentido,Com Vítimas Feridas,Plena Noite,Crescente,Céu Claro,Dupla,Curva,Não,3,0,2,0,1,0,2,2,-29.13479517,-49.70645294,SPRF-SC,DEL02-SC,UOP02-DEL02-SC,2023
"536151,0",2023-07-16,domingo,03:36:00,SC,101,"409,0",ARARANGUA,Transitar na contramão,Colisão lateral sentido oposto,Sem Vítimas,Plena Noite,Decrescente,Céu Claro,Simples,Reta,Não,3,0,0,0,3,0,0,2,-28.91482796,-49.48625305,SPRF-SC,DEL02-SC,UOP02-DEL02-SC,2023
"536171,0",2023-07-16,domingo,05:00:00,SC,282,"183,2",BOCAINA DO SUL,Ingestão de álcool pelo condutor,Saída de leito carroçável,Com Vítimas Feridas,Plena Noite,Crescente,Ignorado,Simples,Declive;Reta,Não,2,0,1,0,1,0,1,1,-27.73362,-49.968296,SPRF-SC,DEL05-SC,UOP01-DEL05-SC,2023
"536187,0",2023-07-16,domingo,12:45:00,SC,101,"59,7",ARAQUARI,Ausência de reação do condutor,Colisão traseira,Com Vítimas Feridas,Pleno dia,Crescente,Sol,Dupla,Curva,Não,4,0,1,0,3,0,1,3,-26.44651734,-48.79426826,SPRF-SC,DEL03-SC,UOP02-DEL03-SC,2023
"536196,0",2023-07-16,domingo,13:30:00,SC,101,"205,5",SAO JOSE,Reação tardia ou ineficiente do condutor,Queda de ocupante de veículo,Sem Vítimas,Pleno dia,Decrescente,Céu Claro,Múltipla,Reta,Sim,1,0,0,0,1,0,0,1,-27.58313237,-48.61532885,SPRF-SC,DEL01-SC,UOP01-DEL01-SC,2023
"536204,0",2023-07-16,domingo,14:55:00,SC,101,"90,9",BARRA VELHA,Avarias e/ou desgaste excessivo no pneu,Queda de ocupante de veículo,Com Vítimas Feridas,Pleno dia,Decrescente,Sol,Múltipla,Declive;Reta,Não,2,0,1,1,0,0,2,1,-26.67120698,-48.69011814,SPRF-SC,DEL03-SC,UOP02-DEL03-SC,2023
"536234,0",2023-07-16,domingo,17:00:00,SC,282,"25,7",SANTO AMARO DA IMPERATRIZ,Conversão proibida,Colisão transversal,Com Vítimas Feridas,Anoitecer,Crescente,Céu Claro,Simples,Reta,Não,2,0,1,0,1,0,1,2,-27.678228,-48.752895,SPRF-SC,DEL01-SC,UOP03-DEL01-SC,2023
"536238,0",2023-07-16,domingo,14:55:00,SC,101,"139,2",BALNEARIO CAMBORIU,Demais falhas mecânicas ou elétricas,Incêndio,Sem Vítimas,Pleno dia,Crescente,Céu Claro,Dupla,Aclive;Reta,Não,1,0,0,0,1,0,0,1,-27.02982303,-48.60115006,SPRF-SC,DEL04-SC,UOP03-DEL04-SC,2023
"536254,0",2023-07-16,domingo,18:15:00,SC,101,"321,0",PESCARIA BRAVA,Manobra de mudança de faixa,Colisão lateral mesmo sentido,Sem Vítimas,Plena Noite,Decrescente,Céu Claro,Dupla,Reta,Não,3,0,0,0,2,1,0,2,-28.42532339,-48.8919091,SPRF-SC,DEL02-SC,UOP01-DEL02-SC,2023
"536261,0",2023-07-16,domingo,18:40:00,SC,101,"137,1",BALNEARIO CAMBORIU,Ausência de reação do condutor,Colisão traseira,Com Vítimas Feridas,Pleno dia,Decrescente,Céu Claro,Múltipla,Reta,Sim,4,0,1,0,3,0,1,2,-27.0157238,-48.61192763,SPRF-SC,DEL04-SC,UOP03-DEL04-SC,2023
"536271,0",2023-07-16,domingo,18:00:00,SC,101,"10,0",GARUVA,Transitar na contramão,Colisão frontal,Sem Vítimas,Plena Noite,Crescente,Nublado,Simples,Curva;Viaduto,Sim,4,0,0,0,4,0,0,2,-26.063011,-48.86020605,SPRF-SC,DEL03-SC,UOP01-DEL03-SC,2023
"536302,0",2023-07-16,domingo,19:20:00,SC,282,"222,0",LAGES,Ausência de sinalização,Colisão traseira,Com Vítimas Feridas,Plena Noite,Crescente,Céu Claro,Simples,Reta;Aclive,Não,4,0,1,1,2,0,2,2,-27.797739,-50.353409,SPRF-SC,DEL05-SC,UOP01-DEL05-SC,2023
"536303,0",2023-07-16,domingo,18:45:00,SC,470,"108,0",APIUNA,Acessar a via sem observar a presença dos outros veículos,Colisão transversal,Com Vítimas Feridas,Plena Noite,Crescente,Céu Claro,Dupla,Reta,Não,2,0,0,1,1,0,1,2,-27.080708,-49.440491,SPRF-SC,DEL04-SC,UOP02-DEL04-SC,2023
"536312,0",2023-07-16,domingo,22:00:00,SC,101,"123,0",ITAJAI,Desrespeitar a preferência no cruzamento,Colisão transversal,Com Vítimas Feridas,Plena Noite,Decrescente,Nublado,Simples,Interseção de Vias,Sim,3,0,0,2,1,0,2,2,-26.93668609,-48.69876905,SPRF-SC,DEL04-SC,UOP04-DEL04-SC,2023
"536319,0",2023-07-16,domingo,18:50:00,SC,280,"285,0",IRINEOPOLIS,Transitar na contramão,Colisão lateral sentido oposto,Sem Vítimas,Plena Noite,Crescente,Céu Claro,Simples,Aclive,Não,2,0,0,0,2,0,0,2,-26.29239616,-50.87751706,SPRF-SC,DEL06-SC,UOP04-DEL06-SC,2023
"536321,0",2023-07-16,domingo,18:20:00,SC,280,"235,6",CANOINHAS,Acessar a via sem observar a presença dos outros veículos,Colisão transversal,Com Vítimas Fatais,Plena Noite,Decrescente,Céu Claro,Simples,Interseção de Vias;Reta,Sim,4,1,0,0,2,1,0,3,-26.1927042,-50.4169445,SPRF-SC,DEL06-SC,UOP04-DEL06-SC,2023
"536330,0",2023-06-02,sexta-feira,15:30:00,SC,470,"60,0",BLUMENAU,Retorno proibido,Colisão transversal,Com Vítimas Feridas,Pleno dia,Decrescente,Ignorado,Simples,Reta,Não,2,0,1,0,0,1,1,2,-26.87957612,-49.1716308,SPRF-SC,DEL04-SC,UOP01-DEL04-SC,2023
"536362,0",2023-07-17,segunda-feira,04:50:00,SC,101,"35,0",JOINVILLE,Acessar a via sem observar a presença dos outros veículos,Colisão frontal,Com Vítimas Feridas,Plena Noite,Crescente,Nublado,Simples,Interseção de Vias;Reta,Sim,3,0,2,0,1,0,2,3,-26.2411301,-48.91227415,SPRF-SC,DEL03-SC,UOP01-DEL03-SC,2023
"536368,0",2023-07-17,segunda-feira,04:15:00,SC,101,"266,5",IMBITUBA,Condutor Dormindo,Colisão com objeto,Com Vítimas Feridas,Plena Noite,Decrescente,Nublado,Dupla,Reta,Não,1,0,1,0,0,0,1,1,-28.06847808,-48.71463931,SPRF-SC,DEL02-SC,UOP03-DEL02-SC,2023
"536378,0",2023-07-17,segunda-feira,00:50:00,SC,470,"156,7",TROMBUDO CENTRAL,Transitar na contramão,Colisão frontal,Com Vítimas Feridas,Plena Noite,Decrescente,Nublado,Simples,Curva,Não,4,0,0,4,0,0,4,2,-27.28540355,-49.76622105,SPRF-SC,DEL04-SC,UOP02-DEL04-SC,2023
"536383,0",2023-07-17,segunda-feira,07:00:00,SC,282,"486,7",FAXINAL DOS GUEDES,Acesso irregular,Colisão transversal,Com Vítimas Feridas,Pleno dia,Decrescente,Céu Claro,Simples,Interseção de Vias;Reta,Não,2,0,1,0,1,0,1,2,-26.861937,-52.227974,SPRF-SC,DEL07-SC,UOP01-DEL07-SC,2023
"536414,0",2023-07-06,quinta-feira,05:55:00,SC,282,"51,0",AGUAS MORNAS,Velocidade Incompatível,Colisão frontal,Com Vítimas Feridas,Plena Noite,Crescente,Céu Claro,Simples,Aclive;Curva,Não,3,0,0,3,0,0,3,2,-27.703712,-48.959267,SPRF-SC,DEL01-SC,UOP03-DEL01-SC,2023
"536434,0",2023-06-04,domingo,03:42:00,SC,101,"214,2",PALHOCA,Ingestão de álcool pelo condutor,Colisão com objeto,Sem Vítimas,Pleno dia,Decrescente,Céu Claro,Simples,Reta,Sim,1,0,0,0,1,0,0,1,-27.64274912,-48.66984484,SPRF-SC,DEL01-SC,UOP02-DEL01-SC,2023
"536435,0",2023-07-17,segunda-feira,09:10:00,SC,280,"266,3",IRINEOPOLIS,Conversão proibida,Colisão frontal,Com Vítimas Feridas,Pleno dia,Crescente,Céu Claro,Simples,Reta,Não,5,0,5,0,0,0,5,2,-26.26347502,-50.698061,SPRF-SC,DEL06-SC,UOP04-DEL06-SC,2023
"536476,0",2023-05-21,domingo,06:00:00,SC,282,"238,3",LAGES,Reação tardia ou ineficiente do condutor,Saída de leito carroçável,Com Vítimas Feridas,Amanhecer,Decrescente,Céu Claro,Simples,Reta,Não,2,0,2,0,0,0,2,1,-27.77887319,-50.49852848,SPRF-SC,DEL05-SC,UOP02-DEL05-SC,2023
"536498,0",2023-07-17,segunda-feira,17:45:00,SC,101,"214,3",PALHOCA,Manobra de mudança de faixa,Colisão lateral mesmo sentido,Com Vítimas Feridas,Anoitecer,Crescente,Nublado,Dupla,Aclive;Reta;Viaduto,Sim,2,0,0,1,1,0,1,2,-27.64443,-48.67057,SPRF-SC,DEL01-SC,UOP02-DEL01-SC,2023
"536513,0",2023-07-17,segunda-feira,18:30:00,SC,101,"117,2",ITAJAI,Ausência de reação do condutor,Colisão lateral mesmo sentido,Com Vítimas Feridas,Anoitecer,Decrescente,Céu Claro,Dupla,Viaduto,Não,2,0,1,0,1,0,1,2,-26.88747187,-48.72252969,SPRF-SC,DEL04-SC,UOP04-DEL04-SC,2023
"536514,0",2023-07-17,segunda-feira,18:45:00,SC,280,"28,1",ARAQUARI,Transitar no Acostamento,Colisão transversal,Com Vítimas Feridas,Plena Noite,Crescente,Garoa/Chuvisco,Simples,Reta,Não,2,0,1,0,1,0,1,2,-26.40527,-48.746385,SPRF-SC,DEL03-SC,UOP03-DEL03-SC,2023
"536525,0",2023-07-17,segunda-feira,19:00:00,SC,470,"100,2",APIUNA,Reação tardia ou ineficiente do condutor,Capotamento,Com Vítimas Feridas,Plena Noite,Decrescente,Céu Claro,Simples,Reta,Não,1,0,1,0,0,0,1,1,-27.045143,-49.394142,SPRF-SC,DEL04-SC,UOP02-DEL04-SC,2023
"536556,0",2023-07-17,segunda-feira,20:15:00,SC,101,"123,0",ITAJAI,Acessar a via sem observar a presença dos outros veículos,Colisão transversal,Com Vítimas Feridas,Plena Noite,Decrescente,Chuva,Dupla,Interseção de Vias,Sim,2,0,1,0,1,0,1,2,-26.93668609,-48.69876905,SPRF-SC,DEL04-SC,UOP04-DEL04-SC,2023
"536562,0",2023-07-17,segunda-feira,23:15:00,SC,282,"499,5",XANXERE,Acesso irregular,Colisão frontal,Com Vítimas Feridas,Plena Noite,Crescente,Céu Claro,Dupla,Declive,Não,2,0,2,0,0,0,2,2,-26.880869,-52.363121,SPRF-SC,DEL07-SC,UOP01-DEL07-SC,2023
"536572,0",2023-07-17,segunda-feira,17:20:00,SC,470,"65,1",INDAIAL,Trafegar com motocicleta (ou similar) entre as faixas,Atropelamento de Pedestre,Com Vítimas Feridas,Anoitecer,Crescente,Nublado,Simples,Reta,Sim,2,0,1,1,0,0,2,2,-26.870411,-49.211864,SPRF-SC,DEL04-SC,UOP01-DEL04-SC,2023
"536573,0",2023-07-18,terça-feira,04:30:00,SC,470,"29,4",GASPAR,Velocidade Incompatível,Saída de leito carroçável,Com Vítimas Feridas,Amanhecer,Crescente,Garoa/Chuvisco,Dupla,Reta,Não,1,0,1,0,0,0,1,1,-26.89362,-48.903973,SPRF-SC,DEL04-SC,UOP01-DEL04-SC,2023
"536583,0",2023-07-18,terça-feira,06:40:00,SC,101,"213,0",PALHOCA,Acumulo de água sobre o pavimento,Tombamento,Com Vítimas Feridas,Pleno dia,Crescente,Chuva,Simples,Viaduto,Não,1,0,1,0,0,0,1,1,-27.63697369,-48.66514142,SPRF-SC,DEL01-SC,UOP02-DEL01-SC,2023
"536586,0",2023-07-18,terça-feira,07:05:00,SC,101,"158,0",PORTO BELO,Condutor deixou de manter distância do veículo da frente,Colisão traseira,Com Vítimas Feridas,Pleno dia,Crescente,Chuva,Dupla,Reta,Não,2,0,1,0,1,0,1,2,-27.19096301,-48.61259017,SPRF-SC,DEL04-SC,UOP03-DEL04-SC,2023
"536616,0",2023-07-18,terça-feira,09:00:00,SC,282,"339,2",CAMPOS NOVOS,Pista esburacada,Tombamento,Com Vítimas Feridas,Pleno dia,Decrescente,Céu Claro,Simples,Reta,Não,2,0,1,0,1,0,1,2,-27.392731,-51.195118,SPRF-SC,DEL07-SC,UOP06-DEL07-SC,2023
"536626,0",2023-07-18,terça-feira,11:15:00,SC,101,"202,0",SAO JOSE,Ausência de reação do condutor,Queda de ocupante de veículo,Com Vítimas Feridas,Pleno dia,Crescente,Nublado,Múltipla,Interseção de Vias;Reta,Não,1,0,1,0,0,0,1,1,-27.55711595,-48.61897889,SPRF-SC,DEL01-SC,UOP01-DEL01-SC,2023
"536632,0",2023-06-10,sábado,14:15:00,SC,101,"210,0",SAO JOSE,Ausência de reação do condutor,Colisão traseira,Sem Vítimas,Pleno dia,Decrescente,Céu Claro,Dupla,Reta,Não,2,0,0,0,2,0,0,2,-27.6167305,-48.6457265,SPRF-SC,DEL01-SC,UOP01-DEL01-SC,2023
"536642,0",2023-07-18,terça-feira,10:45:00,SC,470,"201,2",PONTE ALTA,Reação tardia ou ineficiente do condutor,Saída de leito carroçável,Com Vítimas Feridas,Pleno dia,Decrescente,Garoa/Chuvisco,Simples,Reta,Não,2,0,2,0,0,0,2,1,-27.298632,-50.143291,SPRF-SC,DEL05-SC,UOP03-DEL05-SC,2023
"536657,0",2023-05-12,sexta-feira,15:20:00,SC,282,"467,2",PONTE SERRADA,Ultrapassagem Indevida,Colisão frontal,Com Vítimas Fatais,Pleno dia,Decrescente,Céu Claro,Simples,Reta,Não,5,2,1,2,0,0,3,2,-26.8529235,-52.0743956,SPRF-SC,DEL07-SC,UOP04-DEL07-SC,2023
"536694,0",2023-07-18,terça-feira,17:55:00,SC,470,"60,3",BLUMENAU,Transitar na contramão,Colisão frontal,Com Vítimas Feridas,Plena Noite,Decrescente,Garoa/Chuvisco,Simples,Reta,Sim,2,0,1,0,1,0,1,2,-26.88033497,-49.168818,SPRF-SC,DEL04-SC,UOP01-DEL04-SC,2023
"536739,0",2023-07-06,quinta-feira,10:20:00,SC,101,"146,0",ITAPEMA,Manobra de mudança de faixa,Queda de ocupante de veículo,Com Vítimas Feridas,Pleno dia,Decrescente,Céu Claro,Dupla,Reta,Sim,2,0,0,1,1,0,1,2,-27.08666525,-48.60955587,SPRF-SC,DEL04-SC,UOP03-DEL04-SC,2023
"536741,0",2023-04-20,quinta-feira,17:40:00,SC,101,"116,0",ITAJAI,Velocidade Incompatível,Colisão lateral mesmo sentido,Com Vítimas Feridas,Pleno dia,Crescente,Céu Claro,Dupla,Reta,Sim,2,0,0,1,1,0,1,2,-26.87905605,-48.72603512,SPRF-SC,DEL04-SC,UOP04-DEL04-SC,2023
"536761,0",2023-07-19,quarta-feira,06:40:00,SC,280,"42,2",ARAQUARI,Reação tardia ou ineficiente do condutor,Colisão frontal,Com Vítimas Fatais,Pleno dia,Decrescente,Nublado,Simples,Em Obras;Reta,Não,7,1,0,1,5,0,1,2,-26.4509024,-48.8723389,SPRF-SC,DEL03-SC,UOP03-DEL03-SC,2023
"536806,0",2023-07-19,quarta-feira,13:00:00,SC,101,"199,0",SAO JOSE,Acessar a via sem observar a presença dos outros veículos,Colisão transversal,Com Vítimas Feridas,Pleno dia,Crescente,Céu Claro,Dupla,Reta,Sim,2,0,1,0,1,0,1,2,-27.53413705,-48.63003205,SPRF-SC,DEL01-SC,UOP01-DEL01-SC,2023
"536832,0",2023-07-19,quarta-feira,11:07:00,SC,282,"599,9",MARAVILHA,Reação tardia ou ineficiente do condutor,Saída de leito carroçável,Com Vítimas Feridas,Pleno dia,Decrescente,Nublado,Simples,Curva,Não,1,0,1,0,0,0,1,1,-26.820206,-53.155052,SPRF-SC,DEL07-SC,UOP02-DEL07-SC,2023
"536844,0",2023-07-08,sábado,04:15:00,SC,101,"360,0",SANGAO,Ingestão de álcool pelo condutor,Saída de leito carroçável,Com Vítimas Feridas,Plena Noite,Crescente,Chuva,Dupla,Reta,Sim,1,0,1,0,0,0,1,1,-28.65823109,-49.10991486,SPRF-SC,DEL02-SC,UOP01-DEL02-SC,2023
"536873,0",2023-07-19,quarta-feira,18:45:00,SC,101,"210,0",SAO JOSE,Acessar a via sem observar a presença dos outros veículos,Colisão lateral mesmo sentido,Com Vítimas Feridas,Plena Noite,Decrescente,Nublado,Dupla,Interseção de Vias,Sim,3,0,1,0,2,0,1,3,-27.6167305,-48.6457265,SPRF-SC,DEL01-SC,UOP01-DEL01-SC,2023
"536875,0",2023-07-19,quarta-feira,18:40:00,SC,101,"332,9",TUBARAO,Acessar a via sem observar a presença dos outros veículos,Colisão frontal,Com Vítimas Feridas,Plena Noite,Crescente,Céu Claro,Simples,Interseção de Vias;Reta,Sim,2,0,0,1,1,0,1,2,-28.46016431,-48.98968873,SPRF-SC,DEL02-SC,UOP01-DEL02-SC,2023