id,data_inversa,dia_semana,horario,uf,br,km,municipio,causa_acidente,tipo_acidente,classificacao_acidente,fase_dia,sentido_via,condicao_metereologica,tipo_pista,tracado_via,uso_solo,pessoas,mortos,feridos_leves,feridos_graves,ilesos,ignorados,feridos,veiculos,latitude,longitude,regional,delegacia,uop,ano_arquivo
"536880,0",2023-07-19,quarta-feira,18:40:00,SC,101,"100,1",BALNEARIO PICARRAS,Condutor deixou de manter distância do veículo da frente,Colisão traseira,Com Vítimas Feridas,Plena Noite,Crescente,Garoa/Chuvisco,Simples,Reta,Sim,2,0,1,0,1,0,1,2,-26.75909962,-48.68801594,SPRF-SC,DEL03-SC,UOP02-DEL03-SC,2023
"536892,0",2023-07-19,quarta-feira,05:10:00,SC,280,"21,3",ARAQUARI,Acessar a via sem observar a presença dos outros veículos,Colisão transversal,Com Vítimas Feridas,Anoitecer,Crescente,Garoa/Chuvisco,Simples,Reta,Não,3,0,1,1,1,0,2,2,-26.37062825,-48.69537592,SPRF-SC,DEL03-SC,UOP03-DEL03-SC,2023
"536913,0",2023-07-20,quinta-feira,01:50:00,SC,101,"203,0",SAO JOSE,Ausência de reação do condutor,Colisão com objeto,Sem Vítimas,Plena Noite,Decrescente,Nublado,Múltipla,Curva,Sim,1,0,0,0,0,1,0,1,-27.5650044,-48.61460082,SPRF-SC,DEL01-SC,UOP01-DEL01-SC,2023
"536929,0",2023-07-20,quinta-feira,00:20:00,SC,280,"28,0",ARAQUARI,Ingestão de álcool pelo condutor,Tombamento,Com Vítimas Feridas,Plena Noite,Crescente,Chuva,Simples,Reta,Não,1,0,1,0,0,0,1,1,-26.40450077,-48.74561031,SPRF-SC,DEL03-SC,UOP03-DEL03-SC,2023
"536937,0",2023-07-20,quinta-feira,07:25:00,SC,101,"214,7",PALHOCA,Reação tardia ou ineficiente do condutor,Colisão traseira,Sem Vítimas,Pleno dia,Decrescente,Garoa/Chuvisco,Simples,Reta,Não,1,0,0,0,1,0,0,1,-27.64443,-48.67057,SPRF-SC,DEL01-SC,UOP02-DEL01-SC,2023
"536941,0",2023-04-27,quinta-feira,22:00:00,SC,282,"2,6",FLORIANOPOLIS,Avarias e/ou desgaste excessivo no pneu,Tombamento,Com Vítimas Feridas,Plena Noite,Crescente,Céu Claro,Múltipla,Reta,Sim,2,0,1,1,0,0,2,1,-27.603289,-48.590416,SPRF-SC,DEL01-SC,UOP01-DEL01-SC,2023
"536946,0",2023-07-20,quinta-feira,08:05:00,SC,101,"45,0",JOINVILLE,Manobra de mudança de faixa,Colisão traseira,Com Vítimas Feridas,Pleno dia,Crescente,Nublado,Dupla,Reta,Sim,3,0,2,0,1,0,2,2,-26.32214492,-48.8689509,SPRF-SC,DEL03-SC,UOP01-DEL03-SC,2023
"536958,0",2023-07-20,quinta-feira,10:15:00,SC,101,"203,0",SAO JOSE,Ausência de reação do condutor,Tombamento,Com Vítimas Feridas,Pleno dia,Crescente,Nublado,Dupla,Reta,Sim,1,0,1,0,0,0,1,1,-27.5650044,-48.61460082,SPRF-SC,DEL01-SC,UOP01-DEL01-SC,2023
"536959,0",2023-07-16,domingo,16:53:00,SC,280,"20,9",ARAQUARI,Condutor deixou de manter distância do veículo da frente,Colisão lateral mesmo sentido,Sem Vítimas,Pleno dia,Crescente,Céu Claro,Simples,Reta,Não,2,0,0,0,2,0,0,2,-26.36990477,-48.68224301,SPRF-SC,DEL03-SC,UOP03-DEL03-SC,2023
"536983,0",2023-04-06,quinta-feira,18:30:00,SC,470,"116,0",IBIRAMA,Conversão proibida,Colisão traseira,Com Vítimas Feridas,Anoitecer,Crescente,Chuva,Simples,Curva;Aclive,Sim,2,0,1,0,1,0,1,2,-27.07756,-49.49448,SPRF-SC,DEL04-SC,UOP02-DEL04-SC,2023
"537002,0",2023-07-20,quinta-feira,15:40:00,SC,101,"146,8",ITAPEMA,Reação tardia ou ineficiente do condutor,Colisão traseira,Com Vítimas Feridas,Pleno dia,Decrescente,Nublado,Múltipla,Declive;Curva,Sim,4,0,1,0,3,0,1,3,-27.08666525,-48.60955587,SPRF-SC,DEL04-SC,UOP03-DEL04-SC,2023
"537003,0",2023-07-20,quinta-feira,11:35:00,SC,282,"58,0",RANCHO QUEIMADO,Avarias e/ou desgaste excessivo no pneu,Saída de leito carroçável,Com Vítimas Feridas,Pleno dia,Decrescente,Garoa/Chuvisco,Simples,Curva,Não,2,0,1,0,1,0,1,1,-27.683594,-49.005539,SPRF-SC,DEL01-SC,UOP03-DEL01-SC,2023
"537006,0",2023-07-20,quinta-feira,13:30:00,SC,282,"75,0",RANCHO QUEIMADO,Avarias e/ou desgaste excessivo no pneu,Capotamento,Com Vítimas Feridas,Pleno dia,Decrescente,Garoa/Chuvisco,Simples,Reta,Não,2,0,2,0,0,0,2,1,-27.690931,-49.129143,SPRF-SC,DEL01-SC,UOP03-DEL01-SC,2023
"537031,0",2023-07-20,quinta-feira,18:30:00,SC,101,"125,0",ITAJAI,Trafegar com motocicleta (ou similar) entre as faixas,Colisão lateral mesmo sentido,Com Vítimas Feridas,Plena Noite,Decrescente,Chuva,Dupla,Reta,Não,2,0,1,0,1,0,1,2,-26.94802427,-48.68338515,SPRF-SC,DEL04-SC,UOP04-DEL04-SC,2023
"537037,0",2023-07-20,quinta-feira,19:20:00,SC,101,"132,5",BALNEARIO CAMBORIU,Reação tardia ou ineficiente do condutor,Colisão traseira,Com Vítimas Feridas,Plena Noite,Decrescente,Chuva,Múltipla,Interseção de Vias,Sim,2,0,1,0,1,0,1,2,-26.9976614,-48.65098449,SPRF-SC,DEL04-SC,UOP03-DEL04-SC,2023
"537040,0",2023-07-20,quinta-feira,19:05:00,SC,282,"501,3",XANXERE,Acessar a via sem observar a presença dos outros veículos,Colisão transversal,Com Vítimas Feridas,Plena Noite,Crescente,Céu Claro,Múltipla,Interseção de Vias,Sim,2,0,1,0,1,0,1,2,-26.882715,-52.381729,SPRF-SC,DEL07-SC,UOP01-DEL07-SC,2023
"537069,0",2023-07-20,quinta-feira,22:10:00,SC,470,"54,0",BLUMENAU,Acessar a via sem observar a presença dos outros veículos,Colisão transversal,Com Vítimas Feridas,Plena Noite,Crescente,Chuva,Simples,Interseção de Vias,Não,2,0,1,0,1,0,1,2,-26.871065,-49.110374,SPRF-SC,DEL04-SC,UOP01-DEL04-SC,2023
"537078,0",2023-07-21,sexta-feira,02:30:00,SC,101,"120,0",ITAJAI,Ingestão de álcool pelo condutor,Saída de leito carroçável,Sem Vítimas,Plena Noite,Decrescente,Chuva,Múltipla,Reta,Sim,1,0,0,0,0,1,0,1,-26.912758,-48.711998,SPRF-SC,DEL04-SC,UOP04-DEL04-SC,2023
"537080,0",2023-07-21,sexta-feira,03:10:00,SC,280,"52,0",GUARAMIRIM,Velocidade Incompatível,Queda de ocupante de veículo,Com Vítimas Feridas,Plena Noite,Decrescente,Garoa/Chuvisco,Dupla,Reta,Sim,1,0,1,0,0,0,1,1,-26.468904,-48.96492,SPRF-SC,DEL03-SC,UOP03-DEL03-SC,2023
"537082,0",2023-07-21,sexta-feira,04:00:00,SC,101,"334,6",TUBARAO,Ingestão de álcool pelo condutor,Saída de leito carroçável,Com Vítimas Feridas,Plena Noite,Decrescente,Céu Claro,Simples,Interseção de Vias;Reta,Sim,1,0,1,0,0,0,1,1,-28.46730446,-49.00604302,SPRF-SC,DEL02-SC,UOP01-DEL02-SC,2023
"537084,0",2023-07-21,sexta-feira,05:50:00,SC,101,"200,0",SAO JOSE,Condutor Dormindo,Capotamento,Sem Vítimas,Amanhecer,Decrescente,Nublado,Dupla,Reta,Não,1,0,0,0,1,0,0,1,-27.54018513,-48.62287714,SPRF-SC,DEL01-SC,UOP01-DEL01-SC,2023
"537093,0",2023-07-21,sexta-feira,06:35:00,SC,101,"428,0",SOMBRIO,Animais na Pista,Atropelamento de Animal,Com Vítimas Feridas,Plena Noite,Crescente,Céu Claro,Simples,Reta,Não,1,0,1,0,0,0,1,1,-29.0402251,-49.61223688,SPRF-SC,DEL02-SC,UOP02-DEL02-SC,2023
"537097,0",2023-07-21,sexta-feira,06:35:00,SC,282,"1,7",FLORIANOPOLIS,Velocidade Incompatível,Colisão traseira,Com Vítimas Feridas,Amanhecer,Decrescente,Garoa/Chuvisco,Múltipla,Reta,Sim,2,0,0,1,1,0,1,2,-27.602955,-48.580509,SPRF-SC,DEL01-SC,UOP01-DEL01-SC,2023
"537129,0",2023-07-21,sexta-feira,08:00:00,SC,101,"117,0",ITAJAI,Reação tardia ou ineficiente do condutor,Tombamento,Com Vítimas Feridas,Pleno dia,Crescente,Nublado,Simples,Reta,Não,1,0,1,0,0,0,1,1,-26.88747187,-48.72252969,SPRF-SC,DEL04-SC,UOP04-DEL04-SC,2023
"537170,0",2023-07-21,sexta-feira,13:40:00,SC,280,"51,0",GUARAMIRIM,Ausência de reação do condutor,Engavetamento,Sem Vítimas,Pleno dia,Crescente,Nublado,Dupla,Reta,Sim,3,0,0,0,3,0,0,3,-26.46538871,-48.95544449,SPRF-SC,DEL03-SC,UOP03-DEL03-SC,2023
"537194,0",2023-07-21,sexta-feira,14:45:00,SC,280,"31,4",ARAQUARI,Transitar na contramão,Colisão transversal,Com Vítimas Feridas,Pleno dia,Decrescente,Nublado,Simples,Reta,Sim,2,0,1,0,1,0,1,2,-26.41649938,-48.77181215,SPRF-SC,DEL03-SC,UOP03-DEL03-SC,2023
"537206,0",2023-07-21,sexta-feira,16:50:00,SC,101,"95,6",BARRA VELHA,Desrespeitar a preferência no cruzamento,Colisão transversal,Com Vítimas Feridas,Anoitecer,Decrescente,Nublado,Simples,Interseção de Vias;Reta;Viaduto,Não,3,0,0,1,2,0,1,2,-26.70876413,-48.70221065,SPRF-SC,DEL03-SC,UOP02-DEL03-SC,2023
"537208,0",2023-07-21,sexta-feira,17:00:00,SC,101,"90,0",BARRA VELHA,Frear bruscamente,Queda de ocupante de veículo,Com Vítimas Feridas,Anoitecer,Decrescente,Céu Claro,Dupla,Reta,Não,1,0,1,0,0,0,1,1,-26.66148503,-48.68866176,SPRF-SC,DEL03-SC,UOP02-DEL03-SC,2023
"537220,0",2023-07-21,sexta-feira,17:00:00,SC,101,"144,0",ITAPEMA,Reação tardia ou ineficiente do condutor,Colisão traseira,Com Vítimas Feridas,Pleno dia,Decrescente,Nublado,Dupla,Reta,Não,2,0,1,0,1,0,1,2,-27.0732659,-48.59672716,SPRF-SC,DEL04-SC,UOP03-DEL04-SC,2023
"537222,0",2023-07-21,sexta-feira,17:30:00,SC,101,"206,1",SAO JOSE,Velocidade Incompatível,Colisão traseira,Com Vítimas Feridas,Anoitecer,Crescente,Nublado,Múltipla,Reta,Não,1,0,1,0,0,0,1,1,-27.59193546,-48.61824557,SPRF-SC,DEL01-SC,UOP01-DEL01-SC,2023
"537239,0",2023-07-21,sexta-feira,18:00:00,SC,101,"87,0",BARRA VELHA,Acessar a via sem observar a presença dos outros veículos,Colisão frontal,Com Vítimas Feridas,Anoitecer,Decrescente,Céu Claro,Dupla,Interseção de Vias;Reta,Sim,3,0,0,1,2,0,1,2,-26.64057341,-48.69159937,SPRF-SC,DEL03-SC,UOP02-DEL03-SC,2023
"537242,0",2023-07-21,sexta-feira,16:45:00,SC,101,"40,4",JOINVILLE,Condutor deixou de manter distância do veículo da frente,Colisão traseira,Com Vítimas Feridas,Pleno dia,Crescente,Nublado,Dupla,Aclive;Reta,Sim,3,0,1,0,2,0,1,3,-26.27176094,-48.89468382,SPRF-SC,DEL03-SC,UOP01-DEL03-SC,2023
"537257,0",2023-07-21,sexta-feira,19:10:00,SC,470,"47,0",BLUMENAU,Conversão proibida,Colisão lateral mesmo sentido,Com Vítimas Feridas,Plena Noite,Crescente,Nublado,Simples,Reta;Em Obras,Sim,2,0,0,1,1,0,1,2,-26.864044,-49.046516,SPRF-SC,DEL04-SC,UOP01-DEL04-SC,2023
"537268,0",2023-07-21,sexta-feira,20:00:00,SC,280,"50,0",GUARAMIRIM,Manobra de mudança de faixa,Colisão lateral mesmo sentido,Com Vítimas Feridas,Plena Noite,Decrescente,Céu Claro,Dupla,Reta,Sim,2,0,1,0,1,0,1,2,-26.4619489,-48.94618404,SPRF-SC,DEL03-SC,UOP03-DEL03-SC,2023
"537276,0",2023-07-21,sexta-feira,18:10:00,SC,101,"331,6",TUBARAO,Desrespeitar a preferência no cruzamento,Tombamento,Com Vítimas Feridas,Plena Noite,Crescente,Céu Claro,Simples,Rotatória,Não,3,0,1,0,0,2,1,3,-28.46567318,-48.99627686,SPRF-SC,DEL02-SC,UOP01-DEL02-SC,2023
"537277,0",2023-07-21,sexta-feira,21:30:00,SC,101,"208,0",SAO JOSE,Velocidade Incompatível,Colisão traseira,Com Vítimas Feridas,Plena Noite,Decrescente,Nublado,Múltipla,Aclive;Reta,Sim,2,0,1,0,1,0,1,2,-27.60327979,-48.63201818,SPRF-SC,DEL01-SC,UOP01-DEL01-SC,2023
"537283,0",2023-07-21,sexta-feira,17:40:00,SC,280,"48,7",GUARAMIRIM,Acessar a via sem observar a presença dos outros veículos,Colisão transversal,Com Vítimas Feridas,Plena Noite,Crescente,Nublado,Simples,Reta;Aclive,Não,2,0,0,1,1,0,1,2,-26.4552055,-48.92855644,SPRF-SC,DEL03-SC,UOP03-DEL03-SC,2023
"537284,0",2023-07-21,sexta-feira,20:45:00,SC,101,"250,0",PAULO LOPES,Ingestão de álcool pelo condutor,Saída de leito carroçável,Sem Vítimas,Plena Noite,Decrescente,Céu Claro,Dupla,Reta,Não,1,0,0,0,1,0,0,1,-27.94327981,-48.66744876,SPRF-SC,DEL02-SC,UOP03-DEL02-SC,2023
"537285,0",2023-07-21,sexta-feira,19:35:00,SC,163,"80,6",GUARACIABA,Reação tardia ou ineficiente do condutor,Colisão frontal,Com Vítimas Fatais,Plena Noite,Crescente,Céu Claro,Simples,Aclive;Reta,Não,3,1,0,2,0,0,2,2,-26.64451095,-53.51894485,SPRF-SC,DEL07-SC,UOP03-DEL07-SC,2023
"537305,0",2023-07-21,sexta-feira,23:00:00,SC,470,"58,0",BLUMENAU,Ingestão de álcool pelo condutor,Colisão transversal,Sem Vítimas,Plena Noite,Crescente,Garoa/Chuvisco,Simples,Em Obras,Não,2,0,0,0,2,0,0,2,-26.883879,-49.145622,SPRF-SC,DEL04-SC,UOP01-DEL04-SC,2023
"537321,0",2023-07-22,sábado,01:15:00,SC,101,"339,9",TUBARAO,Ingestão de álcool pelo condutor,Colisão com objeto,Com Vítimas Feridas,Plena Noite,Crescente,Céu Claro,Dupla,Reta,Sim,2,0,1,0,0,1,1,2,-28.51093588,-49.0512085,SPRF-SC,DEL02-SC,UOP01-DEL02-SC,2023
"537325,0",2023-07-22,sábado,02:30:00,SC,101,"157,7",PORTO BELO,Ingestão de álcool pelo condutor,Colisão com objeto,Sem Vítimas,Plena Noite,Decrescente,Chuva,Dupla,Reta,Sim,1,0,0,0,0,1,0,1,-27.181625,-48.6121179,SPRF-SC,DEL04-SC,UOP03-DEL04-SC,2023
"537327,0",2023-07-22,sábado,05:20:00,SC,101,"214,0",PALHOCA,Ingestão de álcool pelo condutor,Colisão com objeto,Com Vítimas Feridas,Amanhecer,Decrescente,Chuva,Múltipla,Reta,Não,3,0,3,0,0,0,3,1,-27.64443,-48.67057,SPRF-SC,DEL01-SC,UOP02-DEL01-SC,2023
"537328,0",2023-07-22,sábado,05:15:00,SC,101,"421,0",ARARANGUA,Ingestão de álcool pelo condutor,Saída de leito carroçável,Sem Vítimas,Plena Noite,Decrescente,Céu Claro,Simples,Reta,Não,1,0,0,0,1,0,0,1,-29.00048611,-49.5576719,SPRF-SC,DEL02-SC,UOP02-DEL02-SC,2023
"537339,0",2023-07-22,sábado,06:50:00,SC,101,"32,6",JOINVILLE,Pedestre cruzava a pista fora da faixa,Atropelamento de Pedestre,Com Vítimas Fatais,Amanhecer,Crescente,Nublado,Múltipla,Reta,Não,2,1,0,0,1,0,0,2,-26.24973742,-48.90899777,SPRF-SC,DEL03-SC,UOP01-DEL03-SC,2023
"537355,0",2023-06-05,segunda-feira,00:30:00,SC,101,"87,8",BARRA VELHA,Reação tardia ou ineficiente do condutor,Colisão transversal,Com Vítimas Feridas,Plena Noite,Crescente,Céu Claro,Múltipla,Interseção de Vias;Reta;Túnel,Sim,3,0,1,0,0,2,1,3,-26.6395455,-48.6939168,SPRF-SC,DEL03-SC,UOP02-DEL03-SC,2023
"537378,0",2023-07-22,sábado,09:20:00,SC,282,"529,1",CORDILHEIRA ALTA,Condutor deixou de manter distância do veículo da frente,Engavetamento,Com Vítimas Feridas,Pleno dia,Decrescente,Céu Claro,Simples,Reta,Não,4,0,1,0,3,0,1,3,-26.982185,-52.59734,SPRF-SC,DEL07-SC,UOP01-DEL07-SC,2023
"537382,0",2023-07-22,sábado,11:30:00,SC,101,"131,0",BALNEARIO CAMBORIU,Ausência de reação do condutor,Saída de leito carroçável,Com Vítimas Feridas,Pleno dia,Decrescente,Céu Claro,Dupla,Reta,Não,1,0,1,0,0,0,1,1,-26.99064209,-48.66310912,SPRF-SC,DEL04-SC,UOP03-DEL04-SC,2023
"537411,0",2023-06-12,segunda-feira,07:45:00,SC,101,"333,0",TUBARAO,Desrespeitar a preferência no cruzamento,Colisão transversal,Com Vítimas Feridas,Pleno dia,Decrescente,Nublado,Simples,Retorno Regulamentado;Interseção de Vias;Curva;Rotatória,Sim,2,0,1,0,0,1,1,2,-28.46968823,-49.01499331,SPRF-SC,DEL02-SC,UOP01-DEL02-SC,2023
"537414,0",2023-07-22,sábado,10:00:00,SC,470,"236,0",SAO CRISTOVAO DO SUL,Demais falhas na via,Queda de ocupante de veículo,Com Vítimas Feridas,Pleno dia,Decrescente,Nublado,Simples,Reta,Não,2,0,1,0,1,0,1,1,-27.30307,-50.447491,SPRF-SC,DEL05-SC,UOP03-DEL05-SC,2023
"537430,0",2023-07-22,sábado,16:05:00,SC,101,"201,0",SAO JOSE,Condutor deixou de manter distância do veículo da frente,Colisão traseira,Com Vítimas Feridas,Pleno dia,Decrescente,Sol,Simples,Viaduto,Sim,2,0,1,0,1,0,1,2,-27.55711595,-48.61897889,SPRF-SC,DEL01-SC,UOP01-DEL01-SC,2023
"537448,0",2023-07-22,sábado,15:10:00,SC,116,"32,0",ITAIOPOLIS,Ultrapassagem Indevida,Colisão frontal,Com Vítimas Feridas,Pleno dia,Decrescente,Céu Claro,Simples,Reta,Não,6,0,2,0,4,0,2,3,-26.32181178,-49.97952713,SPRF-SC,DEL06-SC,UOP01-DEL06-SC,2023
"537449,0",2023-07-22,sábado,17:10:00,SC,470,"69,9",INDAIAL,Conversão proibida,Colisão traseira,Com Vítimas Feridas,Pleno dia,Crescente,Nublado,Simples,Reta,Sim,2,0,1,0,1,0,1,2,-26.88896643,-49.25408006,SPRF-SC,DEL04-SC,UOP01-DEL04-SC,2023
"537452,0",2023-07-22,sábado,15:35:00,SC,282,"221,0",LAGES,Demais falhas mecânicas ou elétricas,Saída de leito carroçável,Sem Vítimas,Pleno dia,Decrescente,Céu Claro,Simples,Declive;Reta,Sim,2,0,0,0,2,0,0,1,-27.796358,-50.343426,SPRF-SC,DEL05-SC,UOP01-DEL05-SC,2023
"537486,0",2023-07-22,sábado,19:35:00,SC,101,"253,5",PAULO LOPES,Ingestão de álcool pelo condutor,Saída de leito carroçável,Sem Vítimas,Plena Noite,Crescente,Céu Claro,Múltipla,Reta,Sim,1,0,0,0,1,0,0,1,-27.96492999,-48.67962057,SPRF-SC,DEL02-SC,UOP03-DEL02-SC,2023
"537494,0",2023-07-22,sábado,18:00:00,SC,282,"96,7",ALFREDO WAGNER,Ingestão de álcool pelo condutor,Colisão lateral sentido oposto,Com Vítimas Feridas,Plena Noite,Decrescente,Nublado,Simples,Reta,Não,5,0,4,0,1,0,4,3,-27.712412,-49.263622,SPRF-SC,DEL01-SC,UOP03-DEL01-SC,2023
"537499,0",2023-07-22,sábado,18:15:00,SC,280,"212,4",TRES BARRAS,Velocidade Incompatível,Saída de leito carroçável,Com Vítimas Feridas,Pleno dia,Decrescente,Nublado,Simples,Reta,Não,1,0,1,0,0,0,1,1,-26.17859527,-50.18749694,SPRF-SC,DEL06-SC,UOP04-DEL06-SC,2023
"537520,0",2023-07-22,sábado,21:20:00,SC,101,"312,1",LAGUNA,Ingestão de álcool pelo condutor,Colisão transversal,Com Vítimas Feridas,Plena Noite,Crescente,Céu Claro,Múltipla,Reta,Sim,2,0,1,1,0,0,2,2,-28.433701,-48.806344,SPRF-SC,DEL02-SC,UOP01-DEL02-SC,2023
"537526,0",2023-07-22,sábado,23:30:00,SC,101,"112,3",ITAJAI,Ausência de reação do condutor,Colisão com objeto,Com Vítimas Fatais,Plena Noite,Decrescente,Nublado,Simples,Reta,Sim,1,1,0,0,0,0,0,1,-26.8479832,-48.723179,SPRF-SC,DEL04-SC,UOP04-DEL04-SC,2023
"537531,0",2023-07-22,sábado,23:45:00,SC,101,"132,0",BALNEARIO CAMBORIU,Acessar a via sem observar a presença dos outros veículos,Colisão frontal,Com Vítimas Feridas,Plena Noite,Crescente,Nublado,Simples,Reta,Sim,2,0,1,0,1,0,1,2,-26.99654133,-48.65564711,SPRF-SC,DEL04-SC,UOP03-DEL04-SC,2023
"537533,0",2023-07-22,sábado,10:40:00,SC,470,"2,0",NAVEGANTES,Acessar a via sem observar a presença dos outros veículos,Colisão transversal,Com Vítimas Feridas,Pleno dia,Crescente,Ignorado,Múltipla,Reta,Não,2,0,1,0,0,1,1,2,-26.868551,-48.674831,SPRF-SC,DEL04-SC,UOP04-DEL04-SC,2023
"537539,0",2023-07-23,domingo,00:35:00,SC,101,"215,8",PALHOCA,Condutor deixou de manter distância do veículo da frente,Colisão traseira,Com Vítimas Feridas,Plena Noite,Crescente,Céu Claro,Dupla,Reta,Sim,3,0,1,0,1,1,1,3,-27.65184843,-48.67604941,SPRF-SC,DEL01-SC,UOP02-DEL01-SC,2023
"537544,0",2023-07-23,domingo,01:00:00,SC,101,"149,0",ITAPEMA,Ingestão de álcool pelo condutor,Capotamento,Com Vítimas Feridas,Plena Noite,Decrescente,Nublado,Múltipla,Retorno Regulamentado,Sim,3,0,2,0,0,1,2,1,-27.1089649,-48.61277586,SPRF-SC,DEL04-SC,UOP03-DEL04-SC,2023
"537546,0",2023-07-23,domingo,01:45:00,SC,101,"213,3",PALHOCA,Reação tardia ou ineficiente do condutor,Tombamento,Com Vítimas Feridas,Plena Noite,Decrescente,Céu Claro,Múltipla,Viaduto,Sim,2,0,0,2,0,0,2,1,-27.63697369,-48.66514142,SPRF-SC,DEL01-SC,UOP02-DEL01-SC,2023
"537547,0",2023-07-23,domingo,01:05:00,SC,116,"10,4",MAFRA,Transitar na contramão,Colisão frontal,Com Vítimas Feridas,Plena Noite,Crescente,Nevoeiro/Neblina,Simples,Declive;Curva,Não,6,0,2,2,2,0,4,2,-26.16829411,-49.85476074,SPRF-SC,DEL06-SC,UOP01-DEL06-SC,2023
"537589,0",2023-07-23,domingo,06:15:00,SC,101,"280,0",IMBITUBA,Ingestão de álcool pelo condutor,Colisão com objeto,Com Vítimas Feridas,Pleno dia,Decrescente,Céu Claro,Dupla,Reta,Não,1,0,1,0,0,0,1,1,-28.17962805,-48.6956297,SPRF-SC,DEL02-SC,UOP03-DEL02-SC,2023
"537636,0",2023-07-23,domingo,11:50:00,SC,101,"31,8",JOINVILLE,Condutor deixou de manter distância do veículo da frente,Colisão traseira,Com Vítimas Feridas,Pleno dia,Decrescente,Céu Claro,Dupla,Reta,Não,4,0,2,0,2,0,2,2,-26.22195899,-48.91634925,SPRF-SC,DEL03-SC,UOP01-DEL03-SC,2023
"537652,0",2023-07-23,domingo,11:20:00,SC,280,"70,2",JARAGUA DO SUL,Acessar a via sem observar a presença dos outros veículos,Colisão transversal,Com Vítimas Feridas,Pleno dia,Crescente,Céu Claro,Simples,Reta,Sim,2,0,1,1,0,0,2,2,-26.46522052,-49.12675918,SPRF-SC,DEL03-SC,UOP03-DEL03-SC,2023
"537653,0",2023-07-23,domingo,10:25:00,SC,282,"533,3",CORDILHEIRA ALTA,Mal súbito do condutor,Colisão lateral sentido oposto,Com Vítimas Feridas,Pleno dia,Crescente,Sol,Simples,Curva,Não,4,0,2,0,2,0,2,2,-26.995323,-52.625305,SPRF-SC,DEL07-SC,UOP01-DEL07-SC,2023
"537656,0",2023-06-07,quarta-feira,08:10:00,SC,101,"333,4",TUBARAO,Condutor deixou de manter distância do veículo da frente,Colisão traseira,Com Vítimas Feridas,Pleno dia,Crescente,Sol,Dupla,Reta,Sim,2,0,1,0,0,1,1,2,-28.46630107,-48.99653096,SPRF-SC,DEL02-SC,UOP01-DEL02-SC,2023
"537659,0",2023-07-23,domingo,14:00:00,SC,101,"190,0",BIGUACU,Ausência de reação do condutor,Colisão traseira,Com Vítimas Feridas,Pleno dia,Crescente,Céu Claro,Múltipla,Reta,Sim,2,0,1,0,1,0,1,2,-27.468056,-48.641712,SPRF-SC,DEL01-SC,UOP01-DEL01-SC,2023
"537666,0",2023-07-23,domingo,11:25:00,SC,280,"45,2",GUARAMIRIM,Avarias e/ou desgaste excessivo no pneu,Queda de ocupante de veículo,Com Vítimas Feridas,Pleno dia,Crescente,Céu Claro,Simples,Reta,Não,1,0,1,0,0,0,1,1,-26.45236168,-48.89788602,SPRF-SC,DEL03-SC,UOP03-DEL03-SC,2023
"537671,0",2023-07-23,domingo,14:10:00,SC,101,"198,0",BIGUACU,Ausência de reação do condutor,Colisão traseira,Com Vítimas Feridas,Pleno dia,Crescente,Céu Claro,Dupla,Reta,Sim,2,0,1,0,1,0,1,2,-27.52658712,-48.63506019,SPRF-SC,DEL01-SC,UOP01-DEL01-SC,2023
"537683,0",2023-07-23,domingo,16:20:00,SC,280,"23,2",ARAQUARI,Transitar na contramão,Colisão transversal,Com Vítimas Feridas,Pleno dia,Crescente,Céu Claro,Simples,Reta,Sim,2,0,1,0,1,0,1,2,-26.37724921,-48.71953282,SPRF-SC,DEL03-SC,UOP03-DEL03-SC,2023
"537700,0",2023-07-23,domingo,15:10:00,SC,280,"276,0",IRINEOPOLIS,Condutor deixou de manter distância do veículo da frente,Colisão traseira,Com Vítimas Feridas,Pleno dia,Decrescente,Céu Claro,Simples,Aclive;Reta,Não,5,0,1,0,4,0,1,2,-26.288,-50.784,SPRF-SC,DEL06-SC,UOP04-DEL06-SC,2023
"537704,0",2023-07-23,domingo,15:30:00,SC,285,"35,3",TIMBE DO SUL,Conversão proibida,Colisão lateral mesmo sentido,Com Vítimas Feridas,Pleno dia,Decrescente,Sol,Simples,Curva,Não,4,0,0,2,1,1,2,3,-28.82933547,-49.81784821,SPRF-SC,DEL02-SC,UOP02-DEL02-SC,2023
"537705,0",2023-07-23,domingo,16:05:00,SC,470,"126,0",LONTRAS,Problema com o freio,Tombamento,Com Vítimas Feridas,Pleno dia,Crescente,Céu Claro,Simples,Reta,Não,2,0,2,0,0,0,2,1,-27.129,-49.538277,SPRF-SC,DEL04-SC,UOP02-DEL04-SC,2023
"537711,0",2023-07-23,domingo,18:00:00,SC,101,"135,0",BALNEARIO CAMBORIU,Ausência de reação do condutor,Saída de leito carroçável,Com Vítimas Feridas,Plena Noite,Crescente,Céu Claro,Dupla,Reta,Sim,1,0,1,0,0,0,1,1,-27.0050108,-48.62677494,SPRF-SC,DEL04-SC,UOP03-DEL04-SC,2023
"537717,0",2023-07-23,domingo,17:00:00,SC,101,"450,5",SAO JOAO DO SUL,Reação tardia ou ineficiente do condutor,Colisão traseira,Com Vítimas Feridas,Pleno dia,Crescente,Céu Claro,Dupla,Curva,Não,3,0,1,0,2,0,1,2,-29.17229091,-49.74904711,SPRF-SC,DEL02-SC,UOP02-DEL02-SC,2023
"537737,0",2023-07-23,domingo,19:45:00,SC,101,"144,8",ITAPEMA,Condutor deixou de manter distância do veículo da frente,Colisão traseira,Com Vítimas Feridas,Plena Noite,Crescente,Céu Claro,Múltipla,Reta,Sim,2,0,0,1,1,0,1,2,-27.0732659,-48.59672716,SPRF-SC,DEL04-SC,UOP03-DEL04-SC,2023