id,data_inversa,dia_semana,horario,uf,br,km,municipio,causa_acidente,tipo_acidente,classificacao_acidente,fase_dia,sentido_via,condicao_metereologica,tipo_pista,tracado_via,uso_solo,pessoas,mortos,feridos_leves,feridos_graves,ilesos,ignorados,feridos,veiculos,latitude,longitude,regional,delegacia,uop,ano_arquivo
"537742,0",2023-07-23,domingo,20:05:00,SC,280,"71,3",JARAGUA DO SUL,Ultrapassagem Indevida,Colisão frontal,Com Vítimas Feridas,Plena Noite,Decrescente,Nublado,Simples,Reta,Não,2,0,0,2,0,0,2,2,-26.46151693,-49.13480597,SPRF-SC,DEL03-SC,UOP03-DEL03-SC,2023
"537777,0",2023-07-23,domingo,18:30:00,SC,101,"303,0",LAGUNA,Estacionar ou parar em local proibido,Colisão com objeto,Com Vítimas Feridas,Plena Noite,Decrescente,Céu Claro,Simples,Reta,Sim,3,0,1,0,2,0,1,2,-28.36149723,-48.74974275,SPRF-SC,DEL02-SC,UOP03-DEL02-SC,2023
"537779,0",2023-07-23,domingo,20:04:00,SC,101,"285,1",IMBITUBA,Manobra de mudança de faixa,Colisão traseira,Sem Vítimas,Plena Noite,Decrescente,Céu Claro,Dupla,Reta,Sim,6,0,0,0,6,0,0,2,-28.22947996,-48.70163526,SPRF-SC,DEL02-SC,UOP03-DEL02-SC,2023
"537786,0",2023-07-23,domingo,20:08:00,SC,101,"285,2",IMBITUBA,Ultrapassagem Indevida,Colisão transversal,Sem Vítimas,Plena Noite,Decrescente,Nublado,Dupla,Reta,Sim,8,0,0,0,5,3,0,3,-28.22116606,-48.70063047,SPRF-SC,DEL02-SC,UOP03-DEL02-SC,2023
"537795,0",2023-07-23,domingo,22:30:00,SC,116,"284,0",CAPAO ALTO,Ingestão de álcool pelo condutor,Saída de leito carroçável,Sem Vítimas,Plena Noite,Decrescente,Céu Claro,Simples,Interseção de Vias,Não,1,0,0,0,1,0,0,1,-28.071781,-50.57883399,SPRF-SC,DEL05-SC,UOP02-DEL05-SC,2023
"537796,0",2023-07-23,domingo,22:30:00,SC,116,"284,5",CAPAO ALTO,Ausência de reação do condutor,Saída de leito carroçável,Sem Vítimas,Plena Noite,Decrescente,Nublado,Simples,Retorno Regulamentado;Interseção de Vias;Rotatória,Não,1,0,0,0,1,0,0,1,-28.07674193,-50.58129072,SPRF-SC,DEL05-SC,UOP02-DEL05-SC,2023
"537797,0",2023-07-23,domingo,23:00:00,SC,101,"145,2",ITAPEMA,Pedestre andava na pista,Atropelamento de Pedestre,Com Vítimas Feridas,Plena Noite,Crescente,Nublado,Dupla,Reta,Não,2,0,0,1,1,0,1,2,-27.08139206,-48.60130993,SPRF-SC,DEL04-SC,UOP03-DEL04-SC,2023
"537839,0",2023-07-24,segunda-feira,05:35:00,SC,101,"86,6",BARRA VELHA,Reação tardia ou ineficiente do condutor,Saída de leito carroçável,Com Vítimas Fatais,Plena Noite,Decrescente,Nevoeiro/Neblina,Múltipla,Aclive;Reta,Sim,3,1,2,0,0,0,2,1,-26.64,-48.6923,SPRF-SC,DEL03-SC,UOP02-DEL03-SC,2023
"537865,0",2023-07-24,segunda-feira,08:40:00,SC,101,"148,9",ITAPEMA,Manobra de mudança de faixa,Colisão com objeto,Com Vítimas Feridas,Pleno dia,Decrescente,Sol,Múltipla,Declive,Sim,1,0,1,0,0,0,1,1,-27.10123686,-48.61807962,SPRF-SC,DEL04-SC,UOP03-DEL04-SC,2023
"537866,0",2023-07-24,segunda-feira,09:00:00,SC,101,"174,1",GOVERNADOR CELSO RAMOS,Ausência de reação do condutor,Saída de leito carroçável,Com Vítimas Feridas,Pleno dia,Decrescente,Céu Claro,Dupla,Reta,Não,1,0,1,0,0,0,1,1,-27.33081601,-48.62697562,SPRF-SC,DEL01-SC,UOP01-DEL01-SC,2023
"537933,0",2023-07-24,segunda-feira,15:43:00,SC,101,"23,0",SANTO AMARO DA IMPERATRIZ,Desrespeitar a preferência no cruzamento,Colisão transversal,Com Vítimas Feridas,Pleno dia,Crescente,Céu Claro,Simples,Interseção de Vias,Sim,2,0,0,1,1,0,1,2,-27.684412,-48.743697,SPRF-SC,DEL03-SC,UOP01-DEL03-SC,2023
"537938,0",2023-07-24,segunda-feira,15:20:00,SC,280,"12,0",SAO FRANCISCO DO SUL,Ausência de reação do condutor,Colisão traseira,Com Vítimas Feridas,Pleno dia,Crescente,Nublado,Simples,Reta,Não,2,0,1,0,1,0,1,2,-26.31323107,-48.64449483,SPRF-SC,DEL03-SC,UOP03-DEL03-SC,2023
"537949,0",2023-07-18,terça-feira,06:20:00,SC,282,"517,0",XAXIM,Ingestão de álcool pelo condutor,Colisão lateral mesmo sentido,Sem Vítimas,Amanhecer,Decrescente,Céu Claro,Simples,Declive,Não,2,0,0,0,1,1,0,2,-26.939375,-52.500057,SPRF-SC,DEL07-SC,UOP01-DEL07-SC,2023
"537969,0",2023-07-24,segunda-feira,17:40:00,SC,470,"137,4",RIO DO SUL,Acessar a via sem observar a presença dos outros veículos,Colisão lateral mesmo sentido,Com Vítimas Feridas,Plena Noite,Crescente,Céu Claro,Simples,Reta;Interseção de Vias,Sim,2,0,0,1,1,0,1,2,-27.203201,-49.635063,SPRF-SC,DEL04-SC,UOP02-DEL04-SC,2023
"537972,0",2023-07-24,segunda-feira,17:45:00,SC,163,"70,8",SAO MIGUEL DO OESTE,Acessar a via sem observar a presença dos outros veículos,Colisão transversal,Com Vítimas Feridas,Pleno dia,Crescente,Céu Claro,Dupla,Interseção de Vias,Sim,2,0,2,0,0,0,2,2,-26.73461723,-53.50680015,SPRF-SC,DEL07-SC,UOP03-DEL07-SC,2023
"537985,0",2023-07-24,segunda-feira,19:15:00,SC,282,"3,4",FLORIANOPOLIS,Reação tardia ou ineficiente do condutor,Colisão transversal,Com Vítimas Feridas,Plena Noite,Crescente,Céu Claro,Múltipla,Reta,Sim,3,0,2,0,1,0,2,2,-27.600384,-48.599705,SPRF-SC,DEL01-SC,UOP01-DEL01-SC,2023
"538000,0",2023-07-24,segunda-feira,14:50:00,SC,470,"3,9",NAVEGANTES,Acessar a via sem observar a presença dos outros veículos,Colisão transversal,Com Vítimas Feridas,Pleno dia,Decrescente,Céu Claro,Dupla,Interseção de Vias;Rotatória,Sim,2,0,1,0,1,0,1,2,-26.861937,-48.681618,SPRF-SC,DEL04-SC,UOP04-DEL04-SC,2023
"538008,0",2023-07-24,segunda-feira,18:10:00,SC,282,"607,0",MARAVILHA,Acessar a via sem observar a presença dos outros veículos,Colisão transversal,Com Vítimas Feridas,Anoitecer,Decrescente,Céu Claro,Simples,Reta,Sim,2,0,1,0,1,0,1,2,-26.772648,-53.2062,SPRF-SC,DEL07-SC,UOP02-DEL07-SC,2023
"538022,0",2023-07-25,terça-feira,05:30:00,SC,101,"377,0",ICARA,Acessar a via sem observar a presença dos outros veículos,Colisão transversal,Com Vítimas Feridas,Plena Noite,Crescente,Nevoeiro/Neblina,Simples,Reta,Sim,2,0,1,0,1,0,1,2,-28.7345708,-49.24624124,SPRF-SC,DEL02-SC,UOP01-DEL02-SC,2023
"538025,0",2023-07-24,segunda-feira,15:30:00,SC,470,"65,0",INDAIAL,Acessar a via sem observar a presença dos outros veículos,Colisão lateral mesmo sentido,Com Vítimas Feridas,Pleno dia,Crescente,Céu Claro,Simples,Reta,Não,2,0,1,0,1,0,1,2,-26.870411,-49.211864,SPRF-SC,DEL04-SC,UOP01-DEL04-SC,2023
"538027,0",2023-07-24,segunda-feira,16:20:00,SC,470,"50,8",BLUMENAU,Acessar a via sem observar a presença dos outros veículos,Colisão lateral mesmo sentido,Com Vítimas Feridas,Pleno dia,Decrescente,Céu Claro,Dupla,Interseção de Vias,Não,2,0,0,1,1,0,1,2,-26.86121326,-49.08088446,SPRF-SC,DEL04-SC,UOP01-DEL04-SC,2023
"538036,0",2023-07-25,terça-feira,07:40:00,SC,101,"154,9",PORTO BELO,Demais falhas mecânicas ou elétricas,Tombamento,Com Vítimas Feridas,Pleno dia,Decrescente,Nublado,Múltipla,Reta,Não,1,0,1,0,0,0,1,1,-27.16292,-48.61129,SPRF-SC,DEL04-SC,UOP03-DEL04-SC,2023
"538061,0",2023-07-25,terça-feira,09:55:00,SC,101,"154,0",PORTO BELO,Condutor deixou de manter distância do veículo da frente,Colisão traseira,Com Vítimas Feridas,Pleno dia,Crescente,Céu Claro,Dupla,Reta,Não,2,0,0,1,1,0,1,2,-27.153819,-48.61086393,SPRF-SC,DEL04-SC,UOP03-DEL04-SC,2023
"538074,0",2023-07-25,terça-feira,11:00:00,SC,101,"106,2",PENHA,Reação tardia ou ineficiente do condutor,Colisão traseira,Com Vítimas Feridas,Pleno dia,Crescente,Sol,Dupla,Declive;Reta,Não,3,0,1,0,2,0,1,2,-26.81031601,-48.68293896,SPRF-SC,DEL03-SC,UOP02-DEL03-SC,2023
"538081,0",2023-07-25,terça-feira,11:58:00,SC,101,"74,5",JARAGUA DO SUL,Acessar a via sem observar a presença dos outros veículos,Colisão lateral mesmo sentido,Com Vítimas Feridas,Pleno dia,Decrescente,Céu Claro,Simples,Rotatória,Não,2,0,1,0,1,0,1,2,-26.458583,-49.179321,SPRF-SC,DEL03-SC,UOP02-DEL03-SC,2023
"538083,0",2023-07-25,terça-feira,08:15:00,SC,470,"42,0",GASPAR,Condutor deixou de manter distância do veículo da frente,Colisão traseira,Sem Vítimas,Pleno dia,Decrescente,Céu Claro,Dupla,Curva,Sim,2,0,0,0,1,1,0,2,-26.875719,-49.003746,SPRF-SC,DEL04-SC,UOP01-DEL04-SC,2023
"538089,0",2023-07-25,terça-feira,13:05:00,SC,470,"135,4",RIO DO SUL,Acessar a via sem observar a presença dos outros veículos,Colisão transversal,Com Vítimas Feridas,Pleno dia,Decrescente,Céu Claro,Simples,Reta,Sim,2,0,1,0,1,0,1,2,-27.188492,-49.61232,SPRF-SC,DEL04-SC,UOP02-DEL04-SC,2023
"538093,0",2023-06-24,sábado,15:30:00,SC,101,"131,0",BALNEARIO CAMBORIU,Acessar a via sem observar a presença dos outros veículos,Tombamento,Com Vítimas Feridas,Pleno dia,Decrescente,Céu Claro,Dupla,Interseção de Vias;Reta,Sim,2,0,0,1,1,0,1,2,-26.99064209,-48.66310912,SPRF-SC,DEL04-SC,UOP03-DEL04-SC,2023
"538097,0",2023-07-25,terça-feira,13:41:00,SC,280,"24,7",ARAQUARI,Acessar a via sem observar a presença dos outros veículos,Colisão transversal,Com Vítimas Feridas,Pleno dia,Crescente,Céu Claro,Simples,Reta,Sim,2,0,1,0,1,0,1,2,-26.37724921,-48.71953282,SPRF-SC,DEL03-SC,UOP03-DEL03-SC,2023
"538107,0",2023-07-01,sábado,07:45:00,SC,282,"501,0",XANXERE,Avarias e/ou desgaste excessivo no pneu,Saída de leito carroçável,Com Vítimas Feridas,Pleno dia,Decrescente,Céu Claro,Dupla,Reta,Não,1,0,1,0,0,0,1,1,-26.882715,-52.381729,SPRF-SC,DEL07-SC,UOP01-DEL07-SC,2023
"538117,0",2023-07-25,terça-feira,16:10:00,SC,101,"145,0",ITAPEMA,Reação tardia ou ineficiente do condutor,Colisão lateral mesmo sentido,Sem Vítimas,Pleno dia,Crescente,Céu Claro,Dupla,Reta,Sim,2,0,0,0,2,0,0,2,-27.08139206,-48.60130993,SPRF-SC,DEL04-SC,UOP03-DEL04-SC,2023
"538129,0",2023-07-25,terça-feira,14:45:00,SC,101,"38,7",JOINVILLE,Desrespeitar a preferência no cruzamento,Colisão transversal,Com Vítimas Feridas,Pleno dia,Decrescente,Céu Claro,Dupla,Interseção de Vias;Viaduto;Rotatória,Sim,3,0,2,0,1,0,2,2,-26.25472505,-48.90561309,SPRF-SC,DEL03-SC,UOP01-DEL03-SC,2023
"538130,0",2023-07-25,terça-feira,16:50:00,SC,101,"117,0",ITAJAI,Ausência de reação do condutor,Colisão traseira,Com Vítimas Feridas,Pleno dia,Crescente,Céu Claro,Dupla,Reta;Viaduto,Não,4,0,1,0,3,0,1,3,-26.88747187,-48.72252969,SPRF-SC,DEL04-SC,UOP04-DEL04-SC,2023
"538133,0",2023-07-25,terça-feira,12:30:00,SC,470,"183,0",POUSO REDONDO,Ingestão de álcool pelo condutor,Saída de leito carroçável,Com Vítimas Feridas,Pleno dia,Crescente,Céu Claro,Simples,Curva,Não,1,0,1,0,0,0,1,1,-27.251547,-50.016747,SPRF-SC,DEL04-SC,UOP02-DEL04-SC,2023
"538137,0",2023-07-25,terça-feira,18:15:00,SC,470,"74,4",INDAIAL,Condutor deixou de manter distância do veículo da frente,Colisão traseira,Com Vítimas Feridas,Anoitecer,Crescente,Céu Claro,Simples,Reta,Sim,2,0,0,1,1,0,1,2,-26.916288,-49.280807,SPRF-SC,DEL04-SC,UOP01-DEL04-SC,2023
"538138,0",2023-07-25,terça-feira,17:55:00,SC,470,"69,0",INDAIAL,Acessar a via sem observar a presença dos outros veículos,Colisão transversal,Com Vítimas Feridas,Anoitecer,Crescente,Céu Claro,Simples,Reta,Sim,2,0,0,1,1,0,1,2,-26.883745,-49.246704,SPRF-SC,DEL04-SC,UOP01-DEL04-SC,2023
"538144,0",2023-07-25,terça-feira,17:25:00,SC,282,"528,0",CORDILHEIRA ALTA,Condutor deixou de manter distância do veículo da frente,Colisão traseira,Com Vítimas Feridas,Anoitecer,Decrescente,Céu Claro,Simples,Reta,Não,2,0,1,0,1,0,1,2,-26.978798,-52.588566,SPRF-SC,DEL07-SC,UOP01-DEL07-SC,2023
"538149,0",2023-07-25,terça-feira,14:50:00,SC,470,"123,0",IBIRAMA,Animais na Pista,Colisão com objeto,Com Vítimas Feridas,Pleno dia,Crescente,Sol,Simples,Reta,Não,1,0,1,0,0,0,1,1,-27.106783,-49.522049,SPRF-SC,DEL04-SC,UOP02-DEL04-SC,2023
"538152,0",2023-07-25,terça-feira,17:20:00,SC,101,"213,0",PALHOCA,Reação tardia ou ineficiente do condutor,Tombamento,Com Vítimas Feridas,Anoitecer,Crescente,Céu Claro,Múltipla,Reta,Sim,1,0,1,0,0,0,1,1,-27.63697369,-48.66514142,SPRF-SC,DEL01-SC,UOP02-DEL01-SC,2023
"538168,0",2023-07-25,terça-feira,18:40:00,SC,101,"212,1",PALHOCA,Velocidade Incompatível,Colisão com objeto,Com Vítimas Feridas,Plena Noite,Decrescente,Céu Claro,Dupla,Reta,Sim,1,0,1,0,0,0,1,1,-27.62996929,-48.65903871,SPRF-SC,DEL01-SC,UOP02-DEL01-SC,2023
"538174,0",2023-07-25,terça-feira,20:00:00,SC,101,"455,0",SAO JOAO DO SUL,Acessar a via sem observar a presença dos outros veículos,Colisão transversal,Com Vítimas Feridas,Plena Noite,Crescente,Garoa/Chuvisco,Múltipla,Reta,Não,2,0,1,0,1,0,1,2,-29.22683019,-49.76024508,SPRF-SC,DEL02-SC,UOP02-DEL02-SC,2023
"538188,0",2023-07-25,terça-feira,22:30:00,SC,101,"222,0",PALHOCA,Velocidade Incompatível,Saída de leito carroçável,Sem Vítimas,Plena Noite,Crescente,Nublado,Dupla,Curva,Sim,4,0,0,0,3,1,0,2,-27.70865409,-48.65586407,SPRF-SC,DEL01-SC,UOP02-DEL01-SC,2023
"538193,0",2023-07-25,terça-feira,22:40:00,SC,101,"208,2",SAO JOSE,Velocidade Incompatível,Colisão traseira,Com Vítimas Feridas,Plena Noite,Decrescente,Céu Claro,Múltipla,Reta;Em Obras,Sim,2,0,0,1,1,0,1,2,-27.60327979,-48.63201818,SPRF-SC,DEL01-SC,UOP01-DEL01-SC,2023
"538208,0",2023-07-26,quarta-feira,03:10:00,SC,282,"502,7",XANXERE,Ingestão de álcool pelo condutor,Colisão com objeto,Sem Vítimas,Plena Noite,Crescente,Ignorado,Simples,Declive;Reta,Sim,2,0,0,0,1,1,0,2,-26.88568425,-52.39891648,SPRF-SC,DEL07-SC,UOP01-DEL07-SC,2023
"538237,0",2023-07-26,quarta-feira,08:12:00,SC,101,"211,2",PALHOCA,Trafegar com motocicleta (ou similar) entre as faixas,Queda de ocupante de veículo,Com Vítimas Feridas,Pleno dia,Decrescente,Céu Claro,Múltipla,Reta,Sim,2,0,1,0,1,0,1,2,-27.62239908,-48.65117311,SPRF-SC,DEL01-SC,UOP02-DEL01-SC,2023
"538252,0",2023-07-26,quarta-feira,09:00:00,SC,101,"213,5",PALHOCA,Desrespeitar a preferência no cruzamento,Colisão transversal,Com Vítimas Feridas,Pleno dia,Crescente,Céu Claro,Dupla,Reta,Sim,2,0,1,0,1,0,1,2,-27.63697369,-48.66514142,SPRF-SC,DEL01-SC,UOP02-DEL01-SC,2023
"538263,0",2023-06-08,quinta-feira,17:00:00,SC,280,"124,0",RIO NEGRINHO,Ausência de reação do condutor,Colisão traseira,Com Vítimas Feridas,Anoitecer,Crescente,Céu Claro,Simples,Reta,Não,2,0,1,0,1,0,1,2,-26.24130297,-49.47514499,SPRF-SC,DEL06-SC,UOP03-DEL06-SC,2023
"538284,0",2023-07-26,quarta-feira,14:20:00,SC,101,"206,0",SAO JOSE,Reação tardia ou ineficiente do condutor,Colisão lateral mesmo sentido,Com Vítimas Feridas,Pleno dia,Crescente,Céu Claro,Múltipla,Reta,Sim,4,0,1,0,3,0,1,3,-27.59193546,-48.61824557,SPRF-SC,DEL01-SC,UOP01-DEL01-SC,2023
"538325,0",2023-07-26,quarta-feira,18:15:00,SC,101,"200,2",SAO JOSE,Reação tardia ou ineficiente do condutor,Colisão traseira,Com Vítimas Feridas,Plena Noite,Decrescente,Céu Claro,Dupla,Interseção de Vias;Reta,Sim,2,0,1,0,1,0,1,2,-27.53843261,-48.62487674,SPRF-SC,DEL01-SC,UOP01-DEL01-SC,2023
"538340,0",2023-07-26,quarta-feira,19:02:00,SC,101,"200,3",SAO JOSE,Manobra de mudança de faixa,Colisão transversal,Com Vítimas Feridas,Plena Noite,Decrescente,Céu Claro,Múltipla,Reta,Sim,2,0,1,0,1,0,1,2,-27.54244714,-48.62092853,SPRF-SC,DEL01-SC,UOP01-DEL01-SC,2023
"538354,0",2023-07-26,quarta-feira,19:50:00,SC,101,"206,7",SAO JOSE,Manobra de mudança de faixa,Tombamento,Com Vítimas Feridas,Plena Noite,Crescente,Céu Claro,Múltipla,Reta,Sim,1,0,1,0,0,0,1,1,-27.59193546,-48.61824557,SPRF-SC,DEL01-SC,UOP01-DEL01-SC,2023
"538361,0",2023-07-14,sexta-feira,22:25:00,SC,116,"56,0",PAPANDUVA,Ausência de reação do condutor,Capotamento,Com Vítimas Feridas,Plena Noite,Decrescente,Céu Claro,Simples,Reta,Sim,3,0,0,1,0,2,1,1,-26.38887295,-50.18345597,SPRF-SC,DEL06-SC,UOP02-DEL06-SC,2023
"538376,0",2023-07-26,quarta-feira,18:15:00,SC,480,"125,7",CHAPECO,Desrespeitar a preferência no cruzamento,Colisão transversal,Com Vítimas Fatais,Anoitecer,Crescente,Nublado,Múltipla,Aclive;Interseção de Vias,Não,2,1,0,0,1,0,0,2,-27.01725045,-52.63724148,SPRF-SC,DEL07-SC,UOP01-DEL07-SC,2023
"538411,0",2023-07-27,quinta-feira,06:50:00,SC,101,"202,8",SAO JOSE,Ausência de reação do condutor,Colisão transversal,Com Vítimas Feridas,Pleno dia,Crescente,Nublado,Dupla,Reta,Sim,2,0,2,0,0,0,2,2,-27.55711595,-48.61897889,SPRF-SC,DEL01-SC,UOP01-DEL01-SC,2023
"538431,0",2023-07-27,quinta-feira,09:20:00,SC,280,"52,7",GUARAMIRIM,Condutor deixou de manter distância do veículo da frente,Colisão traseira,Com Vítimas Feridas,Pleno dia,Crescente,Nublado,Simples,Reta;Em Obras,Não,4,0,2,0,2,0,2,2,-26.468904,-48.96492,SPRF-SC,DEL03-SC,UOP03-DEL03-SC,2023
"538438,0",2023-07-27,quinta-feira,09:30:00,SC,282,"19,0",PALHOCA,Condutor deixou de manter distância do veículo da frente,Colisão traseira,Com Vítimas Feridas,Pleno dia,Decrescente,Nublado,Simples,Reta,Sim,2,0,1,0,1,0,1,2,-27.678635,-48.70192,SPRF-SC,DEL01-SC,UOP02-DEL01-SC,2023
"538442,0",2023-07-27,quinta-feira,08:50:00,SC,282,"23,0",SANTO AMARO DA IMPERATRIZ,Acessar a via sem observar a presença dos outros veículos,Colisão transversal,Com Vítimas Feridas,Pleno dia,Decrescente,Céu Claro,Simples,Curva;Retorno Regulamentado;Interseção de Vias,Sim,2,0,1,0,1,0,1,2,-27.687958,-48.736794,SPRF-SC,DEL01-SC,UOP02-DEL01-SC,2023
"538462,0",2023-07-27,quinta-feira,12:15:00,SC,101,"321,7",PESCARIA BRAVA,Reação tardia ou ineficiente do condutor,Tombamento,Com Vítimas Feridas,Pleno dia,Decrescente,Nublado,Dupla,Reta,Sim,1,0,0,1,0,0,1,1,-28.42532339,-48.8919091,SPRF-SC,DEL02-SC,UOP01-DEL02-SC,2023
"538471,0",2023-06-05,segunda-feira,18:00:00,SC,282,"221,0",LAGES,Acessar a via sem observar a presença dos outros veículos,Colisão transversal,Com Vítimas Feridas,Anoitecer,Decrescente,Céu Claro,Simples,Reta,Sim,2,0,1,0,0,1,1,2,-27.796358,-50.343426,SPRF-SC,DEL05-SC,UOP01-DEL05-SC,2023
"538478,0",2023-07-27,quinta-feira,14:30:00,SC,470,"48,5",BLUMENAU,Reação tardia ou ineficiente do condutor,Tombamento,Com Vítimas Feridas,Pleno dia,Decrescente,Nevoeiro/Neblina,Simples,Reta;Em Obras,Sim,1,0,0,1,0,0,1,1,-26.85935642,-49.06122923,SPRF-SC,DEL04-SC,UOP01-DEL04-SC,2023
"538512,0",2023-07-27,quinta-feira,17:15:00,SC,282,"18,0",PALHOCA,Trafegar com motocicleta (ou similar) entre as faixas,Colisão transversal,Com Vítimas Feridas,Anoitecer,Decrescente,Céu Claro,Simples,Retorno Regulamentado;Interseção de Vias;Reta,Sim,2,0,1,0,1,0,1,2,-27.672798,-48.694286,SPRF-SC,DEL01-SC,UOP02-DEL01-SC,2023
"538531,0",2023-07-27,quinta-feira,18:40:00,SC,470,"47,8",BLUMENAU,Demais falhas mecânicas ou elétricas,Incêndio,Sem Vítimas,Plena Noite,Decrescente,Nublado,Simples,Reta,Não,1,0,0,0,1,0,0,1,-26.864044,-49.046516,SPRF-SC,DEL04-SC,UOP01-DEL04-SC,2023
"538532,0",2023-07-27,quinta-feira,18:35:00,SC,101,"145,0",ITAPEMA,Manobra de mudança de faixa,Colisão traseira,Com Vítimas Feridas,Plena Noite,Crescente,Nublado,Dupla,Curva,Não,2,0,1,0,1,0,1,2,-27.08139206,-48.60130993,SPRF-SC,DEL04-SC,UOP03-DEL04-SC,2023
"538538,0",2023-07-16,domingo,00:10:00,SC,282,"375,8",ERVAL VELHO,Demais falhas mecânicas ou elétricas,Incêndio,Sem Vítimas,Plena Noite,Crescente,Céu Claro,Simples,Reta,Não,1,0,0,0,0,1,0,1,-27.228022,-51.456421,SPRF-SC,DEL07-SC,UOP05-DEL07-SC,2023
"538539,0",2023-07-27,quinta-feira,18:10:00,SC,101,"152,0",ITAPEMA,Manobra de mudança de faixa,Colisão lateral mesmo sentido,Com Vítimas Feridas,Plena Noite,Decrescente,Nublado,Múltipla,Reta,Sim,3,0,2,0,1,0,2,2,-27.13563503,-48.61004665,SPRF-SC,DEL04-SC,UOP03-DEL04-SC,2023
"538540,0",2023-07-27,quinta-feira,18:50:00,SC,101,"210,0",SAO JOSE,Manobra de mudança de faixa,Colisão lateral mesmo sentido,Com Vítimas Feridas,Plena Noite,Decrescente,Céu Claro,Múltipla,Reta,Sim,2,0,1,0,1,0,1,2,-27.6167305,-48.6457265,SPRF-SC,DEL01-SC,UOP01-DEL01-SC,2023
"538591,0",2023-07-28,sexta-feira,00:00:00,SC,101,"139,0",BALNEARIO CAMBORIU,Velocidade Incompatível,Colisão com objeto,Com Vítimas Feridas,Plena Noite,Crescente,Garoa/Chuvisco,Múltipla,Curva,Sim,2,0,2,0,0,0,2,1,-27.02982303,-48.60115006,SPRF-SC,DEL04-SC,UOP03-DEL04-SC,2023
"538593,0",2023-07-28,sexta-feira,00:00:00,SC,101,"213,0",PALHOCA,Ausência de reação do condutor,Atropelamento de Pedestre,Com Vítimas Feridas,Plena Noite,Decrescente,Nublado,Dupla,Reta,Sim,3,0,1,0,2,0,1,2,-27.63697369,-48.66514142,SPRF-SC,DEL01-SC,UOP02-DEL01-SC,2023
"538602,0",2023-07-28,sexta-feira,02:50:00,SC,101,"66,0",ARAQUARI,Reação tardia ou ineficiente do condutor,Colisão traseira,Sem Vítimas,Plena Noite,Decrescente,Garoa/Chuvisco,Dupla,Reta,Não,2,0,0,0,0,2,0,2,-26.47971573,-48.7374115,SPRF-SC,DEL03-SC,UOP02-DEL03-SC,2023
"538615,0",2023-07-28,sexta-feira,06:15:00,SC,101,"155,2",PORTO BELO,Velocidade Incompatível,Tombamento,Com Vítimas Feridas,Amanhecer,Crescente,Nublado,Simples,Declive;Viaduto,Não,1,0,1,0,0,0,1,1,-27.16292,-48.61129,SPRF-SC,DEL04-SC,UOP03-DEL04-SC,2023
"538616,0",2023-07-28,sexta-feira,00:10:00,SC,280,"298,5",PORTO UNIAO,Demais falhas mecânicas ou elétricas,Incêndio,Sem Vítimas,Plena Noite,Crescente,Garoa/Chuvisco,Simples,Reta,Não,1,0,0,0,1,0,0,1,-26.28153973,-51.00136008,SPRF-SC,DEL06-SC,UOP04-DEL06-SC,2023
"538636,0",2023-07-28,sexta-feira,06:50:00,SC,101,"358,2",SANGAO,Acesso irregular,Colisão transversal,Com Vítimas Feridas,Pleno dia,Decrescente,Chuva,Dupla,Reta,Sim,2,0,0,1,1,0,1,2,-28.642765,-49.100403,SPRF-SC,DEL02-SC,UOP01-DEL02-SC,2023
"538644,0",2023-07-28,sexta-feira,05:20:00,SC,101,"71,0",ARAQUARI,Condutor deixou de manter distância do veículo da frente,Colisão traseira,Sem Vítimas,Plena Noite,Crescente,Nublado,Dupla,Declive,Sim,2,0,0,0,1,1,0,2,-26.52442674,-48.71619523,SPRF-SC,DEL03-SC,UOP02-DEL03-SC,2023
"538654,0",2023-07-28,sexta-feira,08:00:00,SC,470,"80,0",RODEIO,Ausência de reação do condutor,Colisão com objeto,Com Vítimas Feridas,Pleno dia,Crescente,Nublado,Simples,Ponte;Reta,Não,1,0,0,1,0,0,1,1,-26.948805,-49.316097,SPRF-SC,DEL04-SC,UOP01-DEL04-SC,2023
"538668,0",2023-07-28,sexta-feira,11:50:00,SC,470,"47,0",BLUMENAU,Demais falhas na via,Eventos atípicos,Com Vítimas Feridas,Pleno dia,Decrescente,Chuva,Simples,Reta,Sim,3,0,1,0,2,0,1,1,-26.8610984,-49.05271053,SPRF-SC,DEL04-SC,UOP01-DEL04-SC,2023
"538678,0",2023-07-28,sexta-feira,10:45:00,SC,153,"70,9",IRANI,Velocidade Incompatível,Saída de leito carroçável,Com Vítimas Feridas,Pleno dia,Decrescente,Garoa/Chuvisco,Simples,Curva,Não,1,0,1,0,0,0,1,1,-27.05587723,-51.8894577,SPRF-SC,DEL07-SC,UOP04-DEL07-SC,2023
"538692,0",2023-07-28,sexta-feira,14:12:00,SC,101,"209,3",SAO JOSE,Reação tardia ou ineficiente do condutor,Colisão traseira,Com Vítimas Feridas,Pleno dia,Crescente,Nublado,Múltipla,Reta,Sim,4,0,1,0,3,0,1,2,-27.61000542,-48.63895057,SPRF-SC,DEL01-SC,UOP01-DEL01-SC,2023