id,data_inversa,dia_semana,horario,uf,br,km,municipio,causa_acidente,tipo_acidente,classificacao_acidente,fase_dia,sentido_via,condicao_metereologica,tipo_pista,tracado_via,uso_solo,pessoas,mortos,feridos_leves,feridos_graves,ilesos,ignorados,feridos,veiculos,latitude,longitude,regional,delegacia,uop,ano_arquivo
"538694,0",2023-07-28,sexta-feira,13:20:00,SC,101,"340,2",TUBARAO,Acumulo de água sobre o pavimento,Colisão com objeto,Com Vítimas Feridas,Pleno dia,Decrescente,Chuva,Dupla,Reta,Sim,3,0,2,0,1,0,2,1,-28.501444,-49.04690399,SPRF-SC,DEL02-SC,UOP01-DEL02-SC,2023
"538794,0",2023-07-28,sexta-feira,19:30:00,SC,470,"3,0",NAVEGANTES,Condutor deixou de manter distância do veículo da frente,Colisão traseira,Com Vítimas Feridas,Plena Noite,Crescente,Chuva,Dupla,Reta,Não,2,0,0,1,1,0,1,2,-26.861937,-48.681618,SPRF-SC,DEL04-SC,UOP04-DEL04-SC,2023
"538841,0",2023-07-29,sábado,04:30:00,SC,280,"55,0",GUARAMIRIM,Acessar a via sem observar a presença dos outros veículos,Colisão transversal,Com Vítimas Feridas,Plena Noite,Crescente,Nublado,Simples,Rotatória,Sim,2,0,1,0,1,0,1,2,-26.47584353,-48.9937858,SPRF-SC,DEL03-SC,UOP03-DEL03-SC,2023
"538850,0",2023-07-29,sábado,05:20:00,SC,282,"18,3",PALHOCA,Reação tardia ou ineficiente do condutor,Colisão com objeto,Com Vítimas Feridas,Plena Noite,Crescente,Céu Claro,Simples,Desvio Temporário;Em Obras,Sim,1,0,0,1,0,0,1,1,-27.672798,-48.694286,SPRF-SC,DEL01-SC,UOP02-DEL01-SC,2023
"538866,0",2023-07-29,sábado,03:10:00,SC,470,"171,0",POUSO REDONDO,Curva acentuada,Saída de leito carroçável,Com Vítimas Feridas,Plena Noite,Decrescente,Nevoeiro/Neblina,Dupla,Declive;Curva,Não,1,0,1,0,0,0,1,1,-27.260828,-49.900455,SPRF-SC,DEL04-SC,UOP02-DEL04-SC,2023
"538895,0",2023-07-05,quarta-feira,12:00:00,SC,116,"93,2",MONTE CASTELO,Ultrapassagem Indevida,Colisão frontal,Com Vítimas Feridas,Pleno dia,Decrescente,Céu Claro,Simples,Reta,Não,5,0,3,0,2,0,3,3,-26.65724415,-50.27454781,SPRF-SC,DEL06-SC,UOP02-DEL06-SC,2023
"538896,0",2023-07-29,sábado,10:30:00,SC,101,"115,1",ITAJAI,Ausência de reação do condutor,Colisão traseira,Sem Vítimas,Pleno dia,Decrescente,Céu Claro,Dupla,Reta,Não,2,0,0,0,2,0,0,2,-26.87064015,-48.72954134,SPRF-SC,DEL04-SC,UOP04-DEL04-SC,2023
"538903,0",2023-07-29,sábado,08:30:00,SC,116,"106,3",MONTE CASTELO,Reação tardia ou ineficiente do condutor,Saída de leito carroçável,Com Vítimas Feridas,Pleno dia,Crescente,Nublado,Simples,Curva,Não,1,0,1,0,0,0,1,1,-26.75604307,-50.31916109,SPRF-SC,DEL06-SC,UOP02-DEL06-SC,2023
"538905,0",2023-07-29,sábado,11:10:00,SC,101,"120,1",ITAJAI,Ausência de reação do condutor,Colisão traseira,Com Vítimas Feridas,Pleno dia,Decrescente,Céu Claro,Dupla,Reta,Não,4,0,1,0,2,1,1,3,-26.912758,-48.711998,SPRF-SC,DEL04-SC,UOP04-DEL04-SC,2023
"538911,0",2023-07-29,sábado,11:50:00,SC,101,"199,0",BIGUACU,Trafegar com motocicleta (ou similar) entre as faixas,Colisão traseira,Com Vítimas Feridas,Pleno dia,Crescente,Sol,Múltipla,Reta,Sim,4,0,1,0,3,0,1,3,-27.53413705,-48.63003205,SPRF-SC,DEL01-SC,UOP01-DEL01-SC,2023
"538916,0",2023-07-29,sábado,13:10:00,SC,101,"207,4",SAO JOSE,Velocidade Incompatível,Colisão traseira,Com Vítimas Feridas,Pleno dia,Crescente,Céu Claro,Múltipla,Reta,Sim,2,0,0,1,1,0,1,2,-27.60001226,-48.6226467,SPRF-SC,DEL01-SC,UOP01-DEL01-SC,2023
"538925,0",2023-07-25,terça-feira,13:45:00,SC,116,"5,0",MAFRA,Transitar na contramão,Colisão frontal,Com Vítimas Feridas,Pleno dia,Decrescente,Sol,Simples,Reta,Sim,2,0,1,0,1,0,1,2,-26.14094396,-49.81508303,SPRF-SC,DEL06-SC,UOP01-DEL06-SC,2023
"538926,0",2023-07-29,sábado,12:40:00,SC,480,"129,0",CHAPECO,Condutor usando celular,Saída de leito carroçável,Com Vítimas Feridas,Pleno dia,Decrescente,Sol,Simples,Reta,Sim,4,0,0,3,1,0,3,2,-27.04656607,-52.63577131,SPRF-SC,DEL07-SC,UOP01-DEL07-SC,2023
"538930,0",2023-07-29,sábado,09:30:00,SC,116,"189,0",SAO CRISTOVAO DO SUL,Ingestão de álcool pelo condutor,Saída de leito carroçável,Sem Vítimas,Pleno dia,Crescente,Céu Claro,Simples,Reta;Declive,Não,1,0,0,0,1,0,0,1,-27.3383609,-50.42769835,SPRF-SC,DEL05-SC,UOP03-DEL05-SC,2023
"538959,0",2023-07-29,sábado,14:55:00,SC,470,"90,0",ASCURRA,Acessar a via sem observar a presença dos outros veículos,Colisão transversal,Com Vítimas Feridas,Pleno dia,Decrescente,Céu Claro,Simples,Reta,Não,3,0,0,1,2,0,1,2,-26.969337,-49.367718,SPRF-SC,DEL04-SC,UOP01-DEL04-SC,2023
"538995,0",2023-07-29,sábado,18:20:00,SC,470,"125,0",LONTRAS,Acessar a via sem observar a presença dos outros veículos,Colisão transversal,Com Vítimas Feridas,Plena Noite,Crescente,Céu Claro,Simples,Reta;Declive,Não,4,0,0,1,3,0,1,2,-27.12125058,-49.53540087,SPRF-SC,DEL04-SC,UOP02-DEL04-SC,2023
"538999,0",2023-07-29,sábado,18:50:00,SC,470,"124,0",LONTRAS,Ausência de reação do condutor,Colisão traseira,Com Vítimas Feridas,Plena Noite,Crescente,Céu Claro,Simples,Reta;Declive,Não,6,0,2,0,4,0,2,2,-27.11934074,-49.53430653,SPRF-SC,DEL04-SC,UOP02-DEL04-SC,2023
"539022,0",2023-07-29,sábado,19:20:00,SC,470,"10,5",NAVEGANTES,Ausência de reação do condutor,Colisão traseira,Com Vítimas Feridas,Plena Noite,Decrescente,Nublado,Dupla,Reta,Sim,3,0,0,1,2,0,1,2,-26.833693,-48.73724,SPRF-SC,DEL04-SC,UOP04-DEL04-SC,2023
"539024,0",2023-07-29,sábado,19:00:00,SC,101,"367,3",ICARA,Ingestão de substâncias psicoativas pelo condutor,Colisão com objeto,Sem Vítimas,Plena Noite,Crescente,Céu Claro,Dupla,Curva,Não,1,0,0,0,1,0,0,1,-28.69701793,-49.17849541,SPRF-SC,DEL02-SC,UOP01-DEL02-SC,2023
"539025,0",2023-07-29,sábado,19:10:00,SC,101,"371,8",ICARA,Ausência de reação do condutor,Saída de leito carroçável,Com Vítimas Feridas,Pleno dia,Crescente,Céu Claro,Dupla,Curva,Não,2,0,1,0,1,0,1,1,-28.70403682,-49.2008731,SPRF-SC,DEL02-SC,UOP01-DEL02-SC,2023
"539033,0",2023-07-29,sábado,19:30:00,SC,101,"38,7",JOINVILLE,Desrespeitar a preferência no cruzamento,Colisão transversal,Com Vítimas Feridas,Plena Noite,Decrescente,Nublado,Simples,Rotatória;Interseção de Vias;Viaduto,Sim,2,0,1,0,1,0,1,2,-26.25472505,-48.90561309,SPRF-SC,DEL03-SC,UOP01-DEL03-SC,2023
"539035,0",2023-07-29,sábado,17:25:00,SC,470,"123,0",IBIRAMA,Ausência de reação do condutor,Saída de leito carroçável,Com Vítimas Feridas,Anoitecer,Crescente,Céu Claro,Simples,Reta,Não,1,0,1,0,0,0,1,1,-27.106783,-49.522049,SPRF-SC,DEL04-SC,UOP02-DEL04-SC,2023
"539043,0",2023-07-29,sábado,19:30:00,SC,282,"101,0",ALFREDO WAGNER,Ingestão de álcool pelo condutor,Saída de leito carroçável,Sem Vítimas,Plena Noite,Crescente,Céu Claro,Simples,Curva,Não,1,0,0,0,0,1,0,1,-27.694626,-49.305317,SPRF-SC,DEL01-SC,UOP03-DEL01-SC,2023
"539063,0",2023-07-29,sábado,22:12:00,SC,101,"47,8",JOINVILLE,Ingestão de álcool pelo condutor,Colisão traseira,Sem Vítimas,Plena Noite,Crescente,Nublado,Dupla,Reta,Não,2,0,0,0,2,0,0,2,-26.3685135,-48.85784268,SPRF-SC,DEL03-SC,UOP01-DEL03-SC,2023
"539076,0",2023-07-30,domingo,02:15:00,SC,101,"209,5",SAO JOSE,Ingestão de álcool pelo condutor,Colisão com objeto,Sem Vítimas,Plena Noite,Decrescente,Nublado,Múltipla,Reta,Sim,1,0,0,0,1,0,0,1,-27.61000542,-48.63895057,SPRF-SC,DEL01-SC,UOP01-DEL01-SC,2023
"539079,0",2023-07-30,domingo,03:18:00,SC,101,"209,1",SAO JOSE,Ingestão de álcool pelo condutor,Colisão traseira,Sem Vítimas,Plena Noite,Decrescente,Céu Claro,Múltipla,Reta,Sim,2,0,0,0,2,0,0,2,-27.61104908,-48.63958061,SPRF-SC,DEL01-SC,UOP01-DEL01-SC,2023
"539118,0",2023-06-16,sexta-feira,07:05:00,SC,282,"602,0",MARAVILHA,Desrespeitar a preferência no cruzamento,Colisão frontal,Com Vítimas Feridas,Pleno dia,Decrescente,Garoa/Chuvisco,Simples,Interseção de Vias,Não,4,0,2,1,1,0,3,2,-26.80560988,-53.18146706,SPRF-SC,DEL07-SC,UOP02-DEL07-SC,2023
"539138,0",2023-06-21,quarta-feira,02:30:00,SC,280,"78,0",CORUPA,Condutor Dormindo,Capotamento,Sem Vítimas,Plena Noite,Decrescente,Céu Claro,Simples,Rotatória,Não,1,0,0,0,1,0,0,1,-26.45019273,-49.1935729,SPRF-SC,DEL06-SC,UOP03-DEL06-SC,2023
"539150,0",2023-07-30,domingo,11:10:00,SC,101,"148,0",ITAPEMA,Demais falhas mecânicas ou elétricas,Queda de ocupante de veículo,Com Vítimas Feridas,Pleno dia,Crescente,Céu Claro,Múltipla,Reta,Sim,2,0,1,1,0,0,2,1,-27.10123686,-48.61807962,SPRF-SC,DEL04-SC,UOP03-DEL04-SC,2023
"539168,0",2023-07-30,domingo,12:55:00,SC,101,"348,8",JAGUARUNA,Velocidade Incompatível,Queda de ocupante de veículo,Com Vítimas Feridas,Pleno dia,Decrescente,Céu Claro,Múltipla,Curva,Não,1,0,1,0,0,0,1,1,-28.57317505,-49.05292143,SPRF-SC,DEL02-SC,UOP01-DEL02-SC,2023
"539225,0",2023-07-30,domingo,16:30:00,SC,101,"112,0",ITAJAI,Condutor deixou de manter distância do veículo da frente,Engavetamento,Com Vítimas Feridas,Pleno dia,Crescente,Céu Claro,Múltipla,Reta,Sim,6,0,2,0,4,0,2,4,-26.84589005,-48.72131295,SPRF-SC,DEL04-SC,UOP04-DEL04-SC,2023
"539235,0",2023-07-30,domingo,19:00:00,SC,282,"216,0",LAGES,Manobra de mudança de faixa,Colisão lateral mesmo sentido,Com Vítimas Feridas,Plena Noite,Crescente,Céu Claro,Simples,Reta,Não,2,0,0,1,1,0,1,2,-27.797529,-50.291862,SPRF-SC,DEL05-SC,UOP01-DEL05-SC,2023
"539243,0",2023-07-30,domingo,17:45:00,SC,280,"26,9",ARAQUARI,Condutor deixou de manter distância do veículo da frente,Colisão traseira,Com Vítimas Feridas,Anoitecer,Crescente,Nublado,Simples,Reta,Sim,3,0,1,0,2,0,1,2,-26.38972308,-48.73411593,SPRF-SC,DEL03-SC,UOP03-DEL03-SC,2023
"539281,0",2023-07-30,domingo,18:50:00,SC,101,"320,9",PESCARIA BRAVA,Demais falhas mecânicas ou elétricas,Tombamento,Com Vítimas Feridas,Plena Noite,Decrescente,Céu Claro,Dupla,Reta,Não,2,0,1,0,1,0,1,1,-28.42800492,-48.88171497,SPRF-SC,DEL02-SC,UOP01-DEL02-SC,2023
"539282,0",2023-07-30,domingo,21:30:00,SC,280,"75,0",JARAGUA DO SUL,Transitar na contramão,Colisão lateral sentido oposto,Sem Vítimas,Plena Noite,Crescente,Céu Claro,Simples,Curva,Não,3,0,0,0,3,0,0,3,-26.456725,-49.185733,SPRF-SC,DEL03-SC,UOP03-DEL03-SC,2023
"539304,0",2023-07-31,segunda-feira,02:00:00,SC,101,"331,5",TUBARAO,Ausência de reação do condutor,Saída de leito carroçável,Sem Vítimas,Plena Noite,Crescente,Céu Claro,Múltipla,Reta,Não,1,0,0,0,0,1,0,1,-28.45567521,-48.9812689,SPRF-SC,DEL02-SC,UOP01-DEL02-SC,2023
"539311,0",2023-07-30,domingo,23:10:00,SC,101,"17,5",JOINVILLE,Reação tardia ou ineficiente do condutor,Colisão traseira,Com Vítimas Feridas,Plena Noite,Decrescente,Céu Claro,Dupla,Reta,Não,4,0,1,1,1,1,2,3,-26.12141519,-48.88262078,SPRF-SC,DEL03-SC,UOP01-DEL03-SC,2023
"539333,0",2023-07-31,segunda-feira,07:50:00,SC,101,"201,0",SAO JOSE,Manobra de mudança de faixa,Colisão lateral mesmo sentido,Com Vítimas Feridas,Pleno dia,Crescente,Céu Claro,Dupla,Reta,Sim,3,0,2,0,1,0,2,2,-27.54836599,-48.61977975,SPRF-SC,DEL01-SC,UOP01-DEL01-SC,2023
"539346,0",2023-07-31,segunda-feira,05:00:00,SC,101,"133,6",BALNEARIO CAMBORIU,Reação tardia ou ineficiente do condutor,Colisão com objeto,Sem Vítimas,Plena Noite,Crescente,Céu Claro,Simples,Reta,Sim,1,0,0,0,0,1,0,1,-26.99936,-48.64609,SPRF-SC,DEL04-SC,UOP03-DEL04-SC,2023
"539359,0",2023-07-29,sábado,23:00:00,SC,280,"24,0",ARAQUARI,Acessar a via sem observar a presença dos outros veículos,Colisão transversal,Com Vítimas Feridas,Plena Noite,Crescente,Céu Claro,Simples,Reta,Sim,2,0,1,0,1,0,1,2,-26.37724921,-48.71953282,SPRF-SC,DEL03-SC,UOP03-DEL03-SC,2023
"539380,0",2023-07-31,segunda-feira,11:45:00,SC,101,"426,1",SOMBRIO,Demais falhas mecânicas ou elétricas,Tombamento,Com Vítimas Feridas,Pleno dia,Decrescente,Céu Claro,Múltipla,Reta,Não,2,0,2,0,0,0,2,1,-29.03606014,-49.608078,SPRF-SC,DEL02-SC,UOP02-DEL02-SC,2023
"539381,0",2023-07-31,segunda-feira,10:40:00,SC,163,"69,0",SAO MIGUEL DO OESTE,Acessar a via sem observar a presença dos outros veículos,Colisão transversal,Com Vítimas Feridas,Pleno dia,Decrescente,Céu Claro,Dupla,Declive;Interseção de Vias;Em Obras;Reta,Sim,2,0,1,0,1,0,1,2,-26.7402449,-53.5012722,SPRF-SC,DEL07-SC,UOP03-DEL07-SC,2023
"539383,0",2023-07-31,segunda-feira,11:27:00,SC,101,"207,9",SAO JOSE,Condutor deixou de manter distância do veículo da frente,Colisão traseira,Com Vítimas Feridas,Pleno dia,Decrescente,Céu Claro,Múltipla,Reta;Declive,Sim,2,0,2,0,0,0,2,2,-27.60001226,-48.6226467,SPRF-SC,DEL01-SC,UOP01-DEL01-SC,2023
"539384,0",2023-07-31,segunda-feira,11:25:00,SC,101,"148,9",ITAPEMA,Condutor deixou de manter distância do veículo da frente,Colisão lateral mesmo sentido,Com Vítimas Feridas,Pleno dia,Crescente,Céu Claro,Múltipla,Interseção de Vias,Sim,2,0,1,0,1,0,1,2,-27.10123686,-48.61807962,SPRF-SC,DEL04-SC,UOP03-DEL04-SC,2023
"539406,0",2023-07-31,segunda-feira,12:45:00,SC,101,"204,1",SAO JOSE,Reação tardia ou ineficiente do condutor,Atropelamento de Pedestre,Com Vítimas Feridas,Pleno dia,Crescente,Céu Claro,Dupla,Interseção de Vias;Reta,Sim,2,0,1,0,1,0,1,2,-27.57413014,-48.61363083,SPRF-SC,DEL01-SC,UOP01-DEL01-SC,2023
"539433,0",2023-07-31,segunda-feira,16:45:00,SC,282,"3,4",FLORIANOPOLIS,Condutor deixou de manter distância do veículo da frente,Colisão traseira,Com Vítimas Feridas,Pleno dia,Crescente,Céu Claro,Dupla,Reta,Não,2,0,1,0,1,0,1,2,-27.600384,-48.599705,SPRF-SC,DEL01-SC,UOP01-DEL01-SC,2023
"539434,0",2023-07-31,segunda-feira,17:00:00,SC,470,"66,9",INDAIAL,Ausência de reação do condutor,Colisão transversal,Com Vítimas Feridas,Pleno dia,Crescente,Céu Claro,Simples,Em Obras;Reta,Não,3,0,2,0,1,0,2,2,-26.87132003,-49.23004746,SPRF-SC,DEL04-SC,UOP01-DEL04-SC,2023
"539441,0",2023-07-31,segunda-feira,17:30:00,SC,101,"204,9",SAO JOSE,Manobra de mudança de faixa,Colisão lateral mesmo sentido,Com Vítimas Feridas,Anoitecer,Crescente,Céu Claro,Múltipla,Reta,Sim,2,0,1,0,1,0,1,2,-27.5824512,-48.61508131,SPRF-SC,DEL01-SC,UOP01-DEL01-SC,2023
"539474,0",2023-07-31,segunda-feira,18:15:00,SC,101,"124,0",ITAJAI,Entrada inopinada do pedestre,Atropelamento de Pedestre,Com Vítimas Feridas,Plena Noite,Crescente,Céu Claro,Dupla,Reta,Sim,2,0,2,0,0,0,2,2,-26.94335064,-48.69198648,SPRF-SC,DEL04-SC,UOP04-DEL04-SC,2023
"539479,0",2023-06-23,sexta-feira,09:15:00,SC,101,"132,0",BALNEARIO CAMBORIU,Ausência de reação do condutor,Tombamento,Com Vítimas Feridas,Pleno dia,Crescente,Céu Claro,Dupla,Reta,Sim,1,0,1,0,0,0,1,1,-26.99654133,-48.65564711,SPRF-SC,DEL04-SC,UOP03-DEL04-SC,2023
"539503,0",2023-08-01,terça-feira,00:05:00,SC,101,"170,9",TIJUCAS,Velocidade Incompatível,Tombamento,Com Vítimas Feridas,Plena Noite,Crescente,Nevoeiro/Neblina,Dupla,Reta;Interseção de Vias,Não,2,0,1,0,1,0,1,1,-27.29669601,-48.63147594,SPRF-SC,DEL04-SC,UOP03-DEL04-SC,2023
"539534,0",2023-08-01,terça-feira,07:20:00,SC,101,"121,0",ITAJAI,Manobra de mudança de faixa,Colisão lateral mesmo sentido,Com Vítimas Feridas,Pleno dia,Decrescente,Nublado,Dupla,Reta,Não,2,0,1,0,1,0,1,2,-26.92103178,-48.70856446,SPRF-SC,DEL04-SC,UOP04-DEL04-SC,2023
"539561,0",2023-08-01,terça-feira,07:35:00,SC,116,"164,9",PONTE ALTA DO NORTE,Velocidade Incompatível,Saída de leito carroçável,Com Vítimas Feridas,Pleno dia,Crescente,Nevoeiro/Neblina,Simples,Reta,Não,7,0,2,0,5,0,2,1,-27.149315,-50.460779,SPRF-SC,DEL05-SC,UOP03-DEL05-SC,2023
"539573,0",2023-08-01,terça-feira,05:20:00,SC,282,"536,3",CHAPECO,Acumulo de areia ou detritos sobre o pavimento,Tombamento,Com Vítimas Feridas,Amanhecer,Decrescente,Céu Claro,Simples,Interseção de Vias;Rotatória,Sim,1,0,1,0,0,0,1,1,-27.000677,-52.653439,SPRF-SC,DEL07-SC,UOP01-DEL07-SC,2023
"539577,0",2023-08-01,terça-feira,10:15:00,SC,101,"214,6",PALHOCA,Transitar na contramão,Colisão frontal,Com Vítimas Feridas,Pleno dia,Decrescente,Céu Claro,Simples,Reta;Viaduto,Sim,2,0,0,1,1,0,1,2,-27.64717245,-48.67245913,SPRF-SC,DEL01-SC,UOP02-DEL01-SC,2023
"539582,0",2023-08-01,terça-feira,07:10:00,SC,101,"316,4",LAGUNA,Manobra de mudança de faixa,Colisão traseira,Com Vítimas Fatais,Pleno dia,Crescente,Céu Claro,Múltipla,Reta,Não,3,1,0,1,0,1,1,2,-28.4266077,-48.8629527,SPRF-SC,DEL02-SC,UOP01-DEL02-SC,2023
"539588,0",2023-08-01,terça-feira,10:45:00,SC,101,"400,2",MARACAJA,Acessar a via sem observar a presença dos outros veículos,Colisão transversal,Sem Vítimas,Pleno dia,Crescente,Céu Claro,Simples,Reta,Não,3,0,0,0,3,0,0,2,-28.86809955,-49.44996715,SPRF-SC,DEL02-SC,UOP02-DEL02-SC,2023
"539594,0",2023-08-01,terça-feira,12:40:00,SC,101,"198,2",BIGUACU,Reação tardia ou ineficiente do condutor,Colisão traseira,Com Vítimas Feridas,Pleno dia,Decrescente,Céu Claro,Dupla,Reta,Sim,2,0,1,0,1,0,1,2,-27.52658712,-48.63506019,SPRF-SC,DEL01-SC,UOP01-DEL01-SC,2023
"539617,0",2023-08-01,terça-feira,07:30:00,SC,101,"253,5",PAULO LOPES,Condutor Dormindo,Saída de leito carroçável,Com Vítimas Feridas,Pleno dia,Crescente,Céu Claro,Múltipla,Reta,Sim,2,0,0,1,1,0,1,1,-27.97368802,-48.67940247,SPRF-SC,DEL02-SC,UOP03-DEL02-SC,2023
"539619,0",2023-08-01,terça-feira,13:45:00,SC,470,"54,0",BLUMENAU,Acessar a via sem observar a presença dos outros veículos,Colisão transversal,Com Vítimas Feridas,Pleno dia,Crescente,Sol,Simples,Reta,Sim,2,0,1,0,1,0,1,2,-26.871065,-49.110374,SPRF-SC,DEL04-SC,UOP01-DEL04-SC,2023
"539628,0",2023-08-01,terça-feira,15:15:00,SC,101,"193,2",BIGUACU,Acumulo de óleo sobre o pavimento,Tombamento,Com Vítimas Feridas,Pleno dia,Decrescente,Céu Claro,Dupla,Reta,Sim,1,0,1,0,0,0,1,1,-27.489574,-48.655914,SPRF-SC,DEL01-SC,UOP01-DEL01-SC,2023
"539640,0",2023-08-01,terça-feira,14:50:00,SC,282,"600,0",CUNHA PORA,Acesso irregular,Colisão traseira,Com Vítimas Feridas,Pleno dia,Decrescente,Céu Claro,Simples,Curva,Não,5,0,2,0,3,0,2,2,-26.816374,-53.163918,SPRF-SC,DEL07-SC,UOP02-DEL07-SC,2023
"539680,0",2023-08-01,terça-feira,18:40:00,SC,101,"43,6",JOINVILLE,Acessar a via sem observar a presença dos outros veículos,Colisão transversal,Com Vítimas Feridas,Anoitecer,Crescente,Céu Claro,Simples,Reta,Sim,2,0,1,0,1,0,1,2,-26.33581655,-48.86008501,SPRF-SC,DEL03-SC,UOP01-DEL03-SC,2023
"539686,0",2023-08-01,terça-feira,20:10:00,SC,101,"164,0",TIJUCAS,Curva acentuada,Colisão com objeto,Com Vítimas Feridas,Plena Noite,Decrescente,Céu Claro,Dupla,Curva,Sim,1,0,1,0,0,0,1,1,-27.243868,-48.6309,SPRF-SC,DEL04-SC,UOP03-DEL04-SC,2023
"539691,0",2023-08-01,terça-feira,20:05:00,SC,101,"210,8",PALHOCA,Reação tardia ou ineficiente do condutor,Colisão traseira,Com Vítimas Feridas,Plena Noite,Crescente,Céu Claro,Múltipla,Reta,Sim,2,0,0,1,1,0,1,2,-27.62301103,-48.6520797,SPRF-SC,DEL01-SC,UOP01-DEL01-SC,2023
"539700,0",2023-08-01,terça-feira,23:45:00,SC,101,"113,0",ITAJAI,Ausência de reação do condutor,Tombamento,Com Vítimas Feridas,Plena Noite,Crescente,Nevoeiro/Neblina,Múltipla,Reta,Não,1,0,1,0,0,0,1,1,-26.85311393,-48.72689927,SPRF-SC,DEL04-SC,UOP04-DEL04-SC,2023
"539711,0",2023-08-02,quarta-feira,06:45:00,SC,101,"205,0",SAO JOSE,Manobra de mudança de faixa,Colisão traseira,Com Vítimas Feridas,Amanhecer,Decrescente,Céu Claro,Múltipla,Reta,Sim,3,0,3,0,0,0,3,2,-27.58313237,-48.61532885,SPRF-SC,DEL01-SC,UOP01-DEL01-SC,2023
"539716,0",2023-08-02,quarta-feira,07:40:00,SC,101,"200,8",SAO JOSE,Manobra de mudança de faixa,Colisão lateral mesmo sentido,Com Vítimas Feridas,Pleno dia,Crescente,Sol,Múltipla,Reta,Sim,2,0,1,0,1,0,1,2,-27.54018513,-48.62287714,SPRF-SC,DEL01-SC,UOP01-DEL01-SC,2023
"539738,0",2023-08-02,quarta-feira,08:05:00,SC,101,"156,9",PORTO BELO,Frear bruscamente,Tombamento,Com Vítimas Feridas,Pleno dia,Crescente,Céu Claro,Dupla,Reta,Não,1,0,1,0,0,0,1,1,-27.172272,-48.61170204,SPRF-SC,DEL04-SC,UOP03-DEL04-SC,2023
"539749,0",2023-08-02,quarta-feira,09:30:00,SC,470,"59,0",BLUMENAU,Reação tardia ou ineficiente do condutor,Colisão traseira,Com Vítimas Feridas,Pleno dia,Decrescente,Céu Claro,Simples,Curva,Sim,3,0,1,0,2,0,1,2,-26.882812,-49.1548,SPRF-SC,DEL04-SC,UOP01-DEL04-SC,2023
"539761,0",2023-08-02,quarta-feira,11:00:00,SC,282,"2,7",FLORIANOPOLIS,Mal súbito do condutor,Colisão com objeto,Com Vítimas Fatais,Pleno dia,Decrescente,Sol,Dupla,Curva,Sim,3,1,0,0,1,1,0,3,-27.6020549,-48.5968078,SPRF-SC,DEL01-SC,UOP01-DEL01-SC,2023
"539768,0",2023-08-02,quarta-feira,13:10:00,SC,282,"18,5",PALHOCA,Acesso irregular,Colisão traseira,Com Vítimas Feridas,Pleno dia,Decrescente,Céu Claro,Simples,Viaduto;Reta,Não,2,0,1,0,1,0,1,2,-27.672798,-48.694286,SPRF-SC,DEL01-SC,UOP02-DEL01-SC,2023
"539769,0",2023-08-02,quarta-feira,12:45:00,SC,280,"46,3",GUARAMIRIM,Condutor deixou de manter distância do veículo da frente,Colisão lateral mesmo sentido,Com Vítimas Feridas,Pleno dia,Crescente,Céu Claro,Simples,Reta,Não,2,0,1,0,1,0,1,2,-26.45295055,-48.90788103,SPRF-SC,DEL03-SC,UOP03-DEL03-SC,2023
"539790,0",2023-08-02,quarta-feira,07:15:00,SC,163,"68,8",SAO MIGUEL DO OESTE,Acessar a via sem observar a presença dos outros veículos,Colisão transversal,Com Vítimas Feridas,Pleno dia,Decrescente,Sol,Dupla,Aclive;Reta,Sim,2,0,1,0,1,0,1,2,-26.75038301,-53.50086841,SPRF-SC,DEL07-SC,UOP03-DEL07-SC,2023
"539831,0",2023-08-02,quarta-feira,17:00:00,SC,280,"67,6",JARAGUA DO SUL,Entrada inopinada do pedestre,Atropelamento de Pedestre,Com Vítimas Feridas,Anoitecer,Crescente,Nublado,Simples,Reta,Não,3,0,2,0,1,0,2,3,-26.4775146,-49.10363575,SPRF-SC,DEL03-SC,UOP03-DEL03-SC,2023
"539847,0",2023-08-02,quarta-feira,19:50:00,SC,470,"58,0",BLUMENAU,Condutor Dormindo,Colisão lateral sentido oposto,Com Vítimas Feridas,Plena Noite,Crescente,Céu Claro,Simples,Em Obras,Não,2,0,0,1,1,0,1,2,-26.88029669,-49.13639545,SPRF-SC,DEL04-SC,UOP01-DEL04-SC,2023
"539850,0",2023-08-02,quarta-feira,18:40:00,SC,101,"120,0",ITAJAI,Transitar no Acostamento,Colisão traseira,Com Vítimas Feridas,Plena Noite,Crescente,Céu Claro,Dupla,Reta,Não,2,0,0,1,0,1,1,2,-26.912758,-48.711998,SPRF-SC,DEL04-SC,UOP04-DEL04-SC,2023
"539867,0",2023-08-02,quarta-feira,18:00:00,SC,280,"11,8",SAO FRANCISCO DO SUL,Reação tardia ou ineficiente do condutor,Colisão lateral mesmo sentido,Com Vítimas Feridas,Plena Noite,Crescente,Céu Claro,Simples,Reta,Não,2,0,0,1,1,0,1,2,-26.304752,-48.641014,SPRF-SC,DEL03-SC,UOP03-DEL03-SC,2023
"539869,0",2023-08-02,quarta-feira,18:30:00,SC,101,"416,7",ARARANGUA,Ausência de reação do condutor,Colisão transversal,Com Vítimas Feridas,Plena Noite,Crescente,Céu Claro,Múltipla,Reta,Não,2,0,1,0,1,0,1,2,-28.96708874,-49.52338825,SPRF-SC,DEL02-SC,UOP02-DEL02-SC,2023