id,data_inversa,dia_semana,horario,uf,br,km,municipio,causa_acidente,tipo_acidente,classificacao_acidente,fase_dia,sentido_via,condicao_metereologica,tipo_pista,tracado_via,uso_solo,pessoas,mortos,feridos_leves,feridos_graves,ilesos,ignorados,feridos,veiculos,latitude,longitude,regional,delegacia,uop,ano_arquivo
"542100,0",2023-08-13,domingo,11:25:00,SC,282,"653,0",SAO MIGUEL DO OESTE,Retorno proibido,Colisão transversal,Com Vítimas Feridas,Pleno dia,Crescente,Céu Claro,Simples,Curva,Não,2,0,2,0,0,0,2,2,-26.70806585,-53.52223635,SPRF-SC,DEL07-SC,UOP03-DEL07-SC,2023
"542107,0",2023-08-13,domingo,13:49:00,SC,101,"410,3",ARARANGUA,Desrespeitar a preferência no cruzamento,Colisão transversal,Com Vítimas Feridas,Pleno dia,Crescente,Sol,Simples,Retorno Regulamentado,Sim,3,0,1,0,2,0,1,2,-28.94364748,-49.50166404,SPRF-SC,DEL02-SC,UOP02-DEL02-SC,2023
"542125,0",2023-08-13,domingo,13:40:00,SC,116,"55,8",PAPANDUVA,Transitar na contramão,Colisão frontal,Com Vítimas Fatais,Pleno dia,Decrescente,Nublado,Simples,Aclive;Reta,Não,5,1,4,0,0,0,4,2,-26.390065,-50.1821589,SPRF-SC,DEL06-SC,UOP02-DEL06-SC,2023
"542189,0",2023-08-13,domingo,18:30:00,SC,101,"169,1",TIJUCAS,Reação tardia ou ineficiente do condutor,Saída de leito carroçável,Com Vítimas Feridas,Pleno dia,Crescente,Nublado,Dupla,Reta,Não,2,0,2,0,0,0,2,1,-27.28790602,-48.63095745,SPRF-SC,DEL04-SC,UOP03-DEL04-SC,2023
"542190,0",2023-08-13,domingo,20:00:00,SC,470,"62,0",BLUMENAU,Acessar a via sem observar a presença dos outros veículos,Colisão transversal,Com Vítimas Feridas,Plena Noite,Decrescente,Nublado,Dupla,Reta,Não,2,0,1,0,1,0,1,2,-26.874521,-49.182938,SPRF-SC,DEL04-SC,UOP01-DEL04-SC,2023
"542214,0",2023-08-13,domingo,22:30:00,SC,101,"216,9",PALHOCA,Ausência de reação do condutor,Saída de leito carroçável,Sem Vítimas,Plena Noite,Decrescente,Nublado,Dupla,Reta,Sim,2,0,0,0,2,0,0,1,-27.65981409,-48.67747798,SPRF-SC,DEL01-SC,UOP02-DEL01-SC,2023
"542252,0",2023-08-14,segunda-feira,02:40:00,SC,116,"244,0",LAGES,Ingestão de álcool pelo condutor,Colisão com objeto,Sem Vítimas,Plena Noite,Decrescente,Nublado,Simples,Curva;Declive;Em Obras,Não,1,0,0,0,1,0,0,1,-27.79544281,-50.36187437,SPRF-SC,DEL05-SC,UOP01-DEL05-SC,2023
"542276,0",2023-08-14,segunda-feira,07:50:00,SC,101,"32,0",JOINVILLE,Demais falhas mecânicas ou elétricas,Tombamento,Com Vítimas Feridas,Pleno dia,Crescente,Nublado,Dupla,Reta,Sim,2,0,2,0,0,0,2,1,-26.226987,-48.91657,SPRF-SC,DEL03-SC,UOP01-DEL03-SC,2023
"542287,0",2023-08-14,segunda-feira,07:45:00,SC,101,"154,0",PORTO BELO,Manobra de mudança de faixa,Colisão lateral mesmo sentido,Com Vítimas Feridas,Pleno dia,Crescente,Nublado,Dupla,Reta,Sim,2,0,0,1,1,0,1,2,-27.153819,-48.61086393,SPRF-SC,DEL04-SC,UOP03-DEL04-SC,2023
"542311,0",2023-08-14,segunda-feira,11:30:00,SC,101,"215,1",PALHOCA,Manobra de mudança de faixa,Queda de ocupante de veículo,Com Vítimas Feridas,Pleno dia,Crescente,Céu Claro,Dupla,Reta,Sim,1,0,0,1,0,0,1,1,-27.65184843,-48.67604941,SPRF-SC,DEL01-SC,UOP02-DEL01-SC,2023
"542326,0",2023-08-14,segunda-feira,07:30:00,SC,282,"503,0",XANXERE,Reação tardia ou ineficiente do condutor,Atropelamento de Pedestre,Com Vítimas Feridas,Pleno dia,Decrescente,Céu Claro,Simples,Interseção de Vias,Não,2,0,1,0,1,0,1,2,-26.88543812,-52.39360147,SPRF-SC,DEL07-SC,UOP01-DEL07-SC,2023
"542331,0",2023-07-29,sábado,14:45:00,SC,101,"198,9",SAO JOSE,Reação tardia ou ineficiente do condutor,Colisão lateral mesmo sentido,Com Vítimas Feridas,Pleno dia,Decrescente,Sol,Múltipla,Reta,Não,2,0,1,0,1,0,1,2,-27.52658712,-48.63506019,SPRF-SC,DEL01-SC,UOP01-DEL01-SC,2023
"542344,0",2023-08-14,segunda-feira,14:35:00,SC,470,"5,0",NAVEGANTES,Acessar a via sem observar a presença dos outros veículos,Colisão transversal,Com Vítimas Feridas,Pleno dia,Decrescente,Céu Claro,Dupla,Em Obras;Reta,Não,2,0,0,1,1,0,1,2,-26.855688,-48.700333,SPRF-SC,DEL04-SC,UOP04-DEL04-SC,2023
"542359,0",2023-08-14,segunda-feira,13:20:00,SC,280,"30,0",ARAQUARI,Reação tardia ou ineficiente do condutor,Colisão traseira,Sem Vítimas,Pleno dia,Decrescente,Céu Claro,Simples,Reta,Sim,2,0,0,0,2,0,0,2,-26.4141523,-48.76209493,SPRF-SC,DEL03-SC,UOP03-DEL03-SC,2023
"542375,0",2023-08-14,segunda-feira,16:55:00,SC,282,"29,0",SANTO AMARO DA IMPERATRIZ,Reação tardia ou ineficiente do condutor,Saída de leito carroçável,Com Vítimas Feridas,Anoitecer,Crescente,Céu Claro,Simples,Curva,Não,2,0,0,2,0,0,2,2,-27.67478,-48.778904,SPRF-SC,DEL01-SC,UOP03-DEL01-SC,2023
"542379,0",2023-08-14,segunda-feira,18:20:00,SC,101,"62,6",ARAQUARI,Reação tardia ou ineficiente do condutor,Queda de ocupante de veículo,Com Vítimas Feridas,Plena Noite,Decrescente,Céu Claro,Dupla,Interseção de Vias;Reta,Não,1,0,1,0,0,0,1,1,-26.45504246,-48.76711901,SPRF-SC,DEL03-SC,UOP02-DEL03-SC,2023
"542387,0",2023-08-14,segunda-feira,17:15:00,SC,101,"52,7",JOINVILLE,Reação tardia ou ineficiente do condutor,Colisão traseira,Com Vítimas Feridas,Pleno dia,Decrescente,Nublado,Dupla,Reta,Não,3,0,2,0,1,0,2,2,-26.39111608,-48.83984239,SPRF-SC,DEL03-SC,UOP01-DEL03-SC,2023
"542399,0",2023-08-14,segunda-feira,18:50:00,SC,116,"247,0",LAGES,Reação tardia ou ineficiente do condutor,Colisão traseira,Com Vítimas Feridas,Plena Noite,Crescente,Céu Claro,Simples,Interseção de Vias,Sim,3,0,1,0,2,0,1,2,-27.81155436,-50.36754012,SPRF-SC,DEL05-SC,UOP02-DEL05-SC,2023
"542413,0",2023-08-14,segunda-feira,17:30:00,SC,280,"305,5",PORTO UNIAO,Acessar a via sem observar a presença dos outros veículos,Colisão transversal,Com Vítimas Feridas,Anoitecer,Decrescente,Céu Claro,Simples,Reta,Sim,2,0,1,0,1,0,1,2,-26.26539205,-51.06071949,SPRF-SC,DEL06-SC,UOP04-DEL06-SC,2023
"542422,0",2023-08-14,segunda-feira,20:05:00,SC,101,"164,0",TIJUCAS,Acessar a via sem observar a presença dos outros veículos,Colisão transversal,Com Vítimas Feridas,Plena Noite,Decrescente,Nublado,Dupla,Reta,Sim,2,0,1,0,1,0,1,2,-27.243868,-48.6309,SPRF-SC,DEL04-SC,UOP03-DEL04-SC,2023
"542446,0",2023-08-15,terça-feira,06:30:00,SC,282,"16,9",PALHOCA,Acessar a via sem observar a presença dos outros veículos,Colisão transversal,Com Vítimas Feridas,Amanhecer,Decrescente,Céu Claro,Simples,Reta,Não,2,0,1,0,1,0,1,2,-27.658611,-48.681847,SPRF-SC,DEL01-SC,UOP02-DEL01-SC,2023
"542448,0",2023-08-15,terça-feira,06:53:00,SC,101,"203,0",SAO JOSE,Manobra de mudança de faixa,Colisão traseira,Com Vítimas Feridas,Pleno dia,Crescente,Sol,Múltipla,Reta,Sim,2,0,1,0,0,1,1,2,-27.5650044,-48.61460082,SPRF-SC,DEL01-SC,UOP01-DEL01-SC,2023
"542456,0",2023-08-15,terça-feira,06:20:00,SC,282,"23,5",SANTO AMARO DA IMPERATRIZ,Acessar a via sem observar a presença dos outros veículos,Colisão transversal,Com Vítimas Feridas,Pleno dia,Decrescente,Céu Claro,Simples,Reta,Sim,2,0,1,0,1,0,1,2,-27.687958,-48.736794,SPRF-SC,DEL01-SC,UOP03-DEL01-SC,2023
"542459,0",2023-08-15,terça-feira,07:50:00,SC,470,"56,0",BLUMENAU,Acessar a via sem observar a presença dos outros veículos,Colisão transversal,Com Vítimas Feridas,Pleno dia,Crescente,Nublado,Simples,Reta,Não,2,0,1,0,1,0,1,2,-26.87674,-49.127743,SPRF-SC,DEL04-SC,UOP01-DEL04-SC,2023
"542464,0",2023-08-15,terça-feira,07:20:00,SC,101,"197,3",BIGUACU,Reação tardia ou ineficiente do condutor,Colisão traseira,Com Vítimas Feridas,Pleno dia,Crescente,Céu Claro,Dupla,Reta,Não,2,0,1,0,1,0,1,2,-27.51844497,-48.63848496,SPRF-SC,DEL01-SC,UOP01-DEL01-SC,2023
"542471,0",2023-08-15,terça-feira,08:50:00,SC,101,"130,0",BALNEARIO CAMBORIU,Ultrapassagem Indevida,Colisão lateral mesmo sentido,Com Vítimas Feridas,Pleno dia,Crescente,Céu Claro,Múltipla,Reta,Sim,3,0,1,0,2,0,1,2,-26.98407618,-48.66977107,SPRF-SC,DEL04-SC,UOP03-DEL04-SC,2023
"542504,0",2023-08-15,terça-feira,12:25:00,SC,470,"35,8",GASPAR,Ausência de reação do condutor,Saída de leito carroçável,Com Vítimas Feridas,Pleno dia,Decrescente,Céu Claro,Dupla,Reta;Em Obras,Sim,2,0,1,0,1,0,1,1,-26.91399,-48.96718,SPRF-SC,DEL04-SC,UOP01-DEL04-SC,2023
"542524,0",2023-08-15,terça-feira,13:00:00,SC,480,"129,6",CHAPECO,Velocidade Incompatível,Saída de leito carroçável,Com Vítimas Feridas,Pleno dia,Decrescente,Céu Claro,Simples,Reta,Sim,1,0,1,0,0,0,1,1,-27.04656607,-52.63577131,SPRF-SC,DEL07-SC,UOP01-DEL07-SC,2023
"542525,0",2023-08-15,terça-feira,13:20:00,SC,470,"1,4",NAVEGANTES,Ausência de reação do condutor,Colisão transversal,Com Vítimas Feridas,Pleno dia,Decrescente,Sol,Dupla,Interseção de Vias,Não,2,0,0,1,1,0,1,2,-26.875383,-48.668285,SPRF-SC,DEL04-SC,UOP04-DEL04-SC,2023
"542534,0",2023-08-15,terça-feira,14:15:00,SC,101,"270,1",IMBITUBA,Manobra de mudança de faixa,Saída de leito carroçável,Com Vítimas Feridas,Pleno dia,Crescente,Sol,Dupla,Reta,Não,1,0,0,1,0,0,1,1,-28.1015411,-48.70410641,SPRF-SC,DEL02-SC,UOP03-DEL02-SC,2023
"542544,0",2023-08-15,terça-feira,16:10:00,SC,282,"4,0",FLORIANOPOLIS,Reação tardia ou ineficiente do condutor,Colisão traseira,Com Vítimas Feridas,Pleno dia,Crescente,Céu Claro,Múltipla,Reta,Não,2,0,1,0,1,0,1,2,-27.592646,-48.604034,SPRF-SC,DEL01-SC,UOP01-DEL01-SC,2023
"542551,0",2023-08-15,terça-feira,16:30:00,SC,101,"118,6",ITAJAI,Ausência de reação do condutor,Colisão transversal,Com Vítimas Feridas,Pleno dia,Decrescente,Sol,Simples,Interseção de Vias,Não,2,0,1,0,1,0,1,2,-26.895859,-48.71903,SPRF-SC,DEL04-SC,UOP04-DEL04-SC,2023
"542591,0",2023-08-15,terça-feira,19:30:00,SC,470,"64,0",INDAIAL,Ingestão de álcool e/ou substâncias psicoativas pelo pedestre,Atropelamento de Pedestre,Com Vítimas Feridas,Plena Noite,Decrescente,Céu Claro,Simples,Reta,Não,2,0,1,0,1,0,1,2,-26.869867,-49.201859,SPRF-SC,DEL04-SC,UOP01-DEL04-SC,2023
"542603,0",2023-08-15,terça-feira,21:40:00,SC,101,"313,4",LAGUNA,Ausência de reação do condutor,Saída de leito carroçável,Sem Vítimas,Plena Noite,Decrescente,Céu Claro,Simples,Curva;Rotatória,Sim,2,0,0,0,2,0,0,1,-28.4404376,-48.81403409,SPRF-SC,DEL02-SC,UOP01-DEL02-SC,2023
"542628,0",2023-08-16,quarta-feira,05:15:00,SC,101,"157,0",PORTO BELO,Ingestão de álcool pelo condutor,Colisão com objeto,Sem Vítimas,Amanhecer,Crescente,Nublado,Dupla,Reta,Não,1,0,0,0,1,0,0,1,-27.181625,-48.6121179,SPRF-SC,DEL04-SC,UOP03-DEL04-SC,2023
"542630,0",2023-08-16,quarta-feira,05:30:00,SC,101,"218,1",PALHOCA,Acessar a via sem observar a presença dos outros veículos,Colisão lateral mesmo sentido,Com Vítimas Feridas,Amanhecer,Decrescente,Nublado,Simples,Reta,Sim,3,0,2,1,0,0,3,2,-27.6758601,-48.67052525,SPRF-SC,DEL01-SC,UOP02-DEL01-SC,2023
"542643,0",2023-08-16,quarta-feira,07:20:00,SC,101,"210,0",SAO JOSE,Trafegar com motocicleta (ou similar) entre as faixas,Colisão lateral mesmo sentido,Com Vítimas Feridas,Pleno dia,Decrescente,Céu Claro,Dupla,Aclive;Reta,Sim,5,0,1,0,4,0,1,2,-27.6167305,-48.6457265,SPRF-SC,DEL01-SC,UOP01-DEL01-SC,2023
"542652,0",2023-08-16,quarta-feira,08:25:00,SC,101,"335,0",TUBARAO,Acessar a via sem observar a presença dos outros veículos,Colisão transversal,Com Vítimas Feridas,Pleno dia,Decrescente,Céu Claro,Dupla,Reta,Sim,2,0,0,1,1,0,1,2,-28.476495,-49.029519,SPRF-SC,DEL02-SC,UOP01-DEL02-SC,2023
"542679,0",2023-08-16,quarta-feira,11:10:00,SC,101,"327,0",CAPIVARI DE BAIXO,Desrespeitar a preferência no cruzamento,Colisão transversal,Com Vítimas Feridas,Pleno dia,Decrescente,Céu Claro,Múltipla,Reta,Não,2,0,1,0,1,0,1,2,-28.43023306,-48.95205197,SPRF-SC,DEL02-SC,UOP01-DEL02-SC,2023
"542713,0",2023-08-16,quarta-feira,14:30:00,SC,101,"149,0",ITAPEMA,Acessar a via sem observar a presença dos outros veículos,Tombamento,Com Vítimas Feridas,Pleno dia,Decrescente,Chuva,Múltipla,Reta,Sim,1,0,0,1,0,0,1,1,-27.1089649,-48.61277586,SPRF-SC,DEL04-SC,UOP03-DEL04-SC,2023
"542717,0",2023-08-16,quarta-feira,11:00:00,SC,280,"81,9",CORUPA,Conversão proibida,Colisão traseira,Sem Vítimas,Pleno dia,Decrescente,Céu Claro,Simples,Reta;Em Obras,Sim,2,0,0,0,2,0,0,2,-26.44057489,-49.217056,SPRF-SC,DEL06-SC,UOP03-DEL06-SC,2023
"542732,0",2023-08-16,quarta-feira,15:50:00,SC,101,"136,0",BALNEARIO CAMBORIU,Ausência de reação do condutor,Queda de ocupante de veículo,Com Vítimas Feridas,Pleno dia,Decrescente,Céu Claro,Dupla,Viaduto;Reta,Sim,1,0,1,0,0,0,1,1,-27.008113,-48.617245,SPRF-SC,DEL04-SC,UOP03-DEL04-SC,2023
"542760,0",2023-08-16,quarta-feira,19:00:00,SC,101,"111,1",NAVEGANTES,Conversão proibida,Colisão transversal,Com Vítimas Fatais,Plena Noite,Crescente,Céu Claro,Múltipla,Curva;Interseção de Vias,Sim,3,1,0,0,1,1,0,3,-26.8401293,-48.7149136,SPRF-SC,DEL04-SC,UOP04-DEL04-SC,2023
"542761,0",2023-08-16,quarta-feira,20:20:00,SC,101,"196,8",BIGUACU,Mal súbito do condutor,Queda de ocupante de veículo,Com Vítimas Feridas,Plena Noite,Decrescente,Céu Claro,Dupla,Reta,Não,1,0,1,0,0,0,1,1,-27.51101091,-48.64322292,SPRF-SC,DEL01-SC,UOP01-DEL01-SC,2023
"542765,0",2023-08-16,quarta-feira,20:40:00,SC,101,"194,7",BIGUACU,Acessar a via sem observar a presença dos outros veículos,Colisão transversal,Com Vítimas Feridas,Plena Noite,Decrescente,Céu Claro,Dupla,Interseção de Vias,Sim,2,0,1,0,1,0,1,2,-27.49815117,-48.65661236,SPRF-SC,DEL01-SC,UOP01-DEL01-SC,2023
"542768,0",2023-08-16,quarta-feira,19:45:00,SC,280,"27,5",ARAQUARI,Reação tardia ou ineficiente do condutor,Colisão frontal,Com Vítimas Feridas,Plena Noite,Decrescente,Nublado,Simples,Reta,Sim,2,0,1,0,1,0,1,2,-26.39685622,-48.74021969,SPRF-SC,DEL03-SC,UOP03-DEL03-SC,2023
"542778,0",2023-08-16,quarta-feira,21:20:00,SC,470,"94,9",APIUNA,Acessar a via sem observar a presença dos outros veículos,Colisão transversal,Com Vítimas Feridas,Plena Noite,Crescente,Céu Claro,Simples,Reta,Não,2,0,0,1,1,0,1,2,-27.003345,-49.374668,SPRF-SC,DEL04-SC,UOP01-DEL04-SC,2023
"542789,0",2023-08-16,quarta-feira,22:50:00,SC,280,"128,0",RIO NEGRINHO,Desrespeitar a preferência no cruzamento,Colisão frontal,Com Vítimas Feridas,Plena Noite,Crescente,Nevoeiro/Neblina,Simples,Curva;Interseção de Vias,Sim,2,0,0,1,1,0,1,2,-26.25152147,-49.5270431,SPRF-SC,DEL06-SC,UOP03-DEL06-SC,2023
"542820,0",2023-08-17,quinta-feira,07:40:00,SC,101,"119,0",ITAJAI,Condutor deixou de manter distância do veículo da frente,Colisão traseira,Com Vítimas Feridas,Pleno dia,Decrescente,Nublado,Dupla,Reta,Não,2,0,0,1,1,0,1,2,-26.9043179,-48.71555481,SPRF-SC,DEL04-SC,UOP04-DEL04-SC,2023
"542823,0",2023-08-17,quinta-feira,08:26:00,SC,101,"150,0",ITAPEMA,Transitar na contramão,Colisão transversal,Com Vítimas Feridas,Pleno dia,Decrescente,Nublado,Simples,Interseção de Vias,Não,2,0,0,1,1,0,1,2,-27.11744799,-48.60940987,SPRF-SC,DEL04-SC,UOP03-DEL04-SC,2023
"542831,0",2023-08-17,quinta-feira,07:10:00,SC,470,"34,9",GASPAR,Desrespeitar a preferência no cruzamento,Colisão transversal,Com Vítimas Feridas,Pleno dia,Decrescente,Céu Claro,Simples,Interseção de Vias,Sim,2,0,1,0,1,0,1,2,-26.910646,-48.949341,SPRF-SC,DEL04-SC,UOP01-DEL04-SC,2023
"542833,0",2023-08-17,quinta-feira,08:50:00,SC,101,"408,4",ARARANGUA,Desrespeitar a preferência no cruzamento,Colisão transversal,Com Vítimas Feridas,Pleno dia,Decrescente,Céu Claro,Simples,Rotatória,Sim,2,0,1,0,1,0,1,2,-28.92800741,-49.49291468,SPRF-SC,DEL02-SC,UOP02-DEL02-SC,2023
"542841,0",2023-08-17,quinta-feira,07:40:00,SC,101,"369,0",ICARA,Trafegar com motocicleta (ou similar) entre as faixas,Saída de leito carroçável,Com Vítimas Feridas,Pleno dia,Decrescente,Céu Claro,Múltipla,Reta,Não,2,0,1,0,1,0,1,1,-28.69775604,-49.182934,SPRF-SC,DEL02-SC,UOP01-DEL02-SC,2023
"542865,0",2023-08-17,quinta-feira,11:30:00,SC,282,"340,3",CAMPOS NOVOS,Ausência de reação do condutor,Colisão traseira,Com Vítimas Fatais,Pleno dia,Crescente,Sol,Simples,Reta,Sim,2,1,0,0,1,0,0,2,-27.3903542,-51.20085955,SPRF-SC,DEL07-SC,UOP06-DEL07-SC,2023
"542888,0",2023-08-17,quinta-feira,13:35:00,SC,101,"134,2",BALNEARIO CAMBORIU,Desrespeitar a preferência no cruzamento,Colisão lateral mesmo sentido,Com Vítimas Feridas,Pleno dia,Crescente,Céu Claro,Simples,Interseção de Vias,Sim,2,0,1,0,1,0,1,2,-27.00218,-48.636433,SPRF-SC,DEL04-SC,UOP03-DEL04-SC,2023
"542889,0",2023-08-17,quinta-feira,15:00:00,SC,470,"286,6",BRUNOPOLIS,Velocidade Incompatível,Capotamento,Com Vítimas Feridas,Pleno dia,Crescente,Céu Claro,Simples,Curva,Não,2,0,0,2,0,0,2,1,-27.32847,-50.922611,SPRF-SC,DEL07-SC,UOP06-DEL07-SC,2023
"542897,0",2023-08-17,quinta-feira,17:30:00,SC,101,"203,0",SAO JOSE,Reação tardia ou ineficiente do condutor,Queda de ocupante de veículo,Com Vítimas Feridas,Anoitecer,Crescente,Céu Claro,Dupla,Reta,Sim,1,0,1,0,0,0,1,1,-27.5650044,-48.61460082,SPRF-SC,DEL01-SC,UOP01-DEL01-SC,2023
"542929,0",2023-08-17,quinta-feira,19:45:00,SC,158,"102,0",CUNHA PORA,Transitar na contramão,Colisão frontal,Com Vítimas Feridas,Plena Noite,Crescente,Céu Claro,Simples,Declive;Reta,Não,3,0,0,1,2,0,1,3,-26.84425606,-53.17106511,SPRF-SC,DEL07-SC,UOP02-DEL07-SC,2023
"542934,0",2023-08-17,quinta-feira,20:40:00,SC,101,"149,9",ITAPEMA,Ingestão de álcool pelo condutor,Saída de leito carroçável,Com Vítimas Feridas,Plena Noite,Crescente,Céu Claro,Simples,Reta,Sim,2,0,2,0,0,0,2,1,-27.1089649,-48.61277586,SPRF-SC,DEL04-SC,UOP03-DEL04-SC,2023
"542942,0",2023-08-17,quinta-feira,20:40:00,SC,101,"90,1",BARRA VELHA,Velocidade Incompatível,Saída de leito carroçável,Com Vítimas Feridas,Plena Noite,Decrescente,Céu Claro,Dupla,Interseção de Vias;Reta,Sim,1,0,1,0,0,0,1,1,-26.66148503,-48.68866176,SPRF-SC,DEL03-SC,UOP02-DEL03-SC,2023
"542955,0",2023-08-17,quinta-feira,12:20:00,SC,101,"202,2",SAO JOSE,Condutor deixou de manter distância do veículo da frente,Colisão traseira,Com Vítimas Feridas,Pleno dia,Decrescente,Céu Claro,Múltipla,Reta,Sim,2,0,1,0,1,0,1,2,-27.55711595,-48.61897889,SPRF-SC,DEL01-SC,UOP01-DEL01-SC,2023
"542975,0",2023-08-18,sexta-feira,06:40:00,SC,101,"201,0",SAO JOSE,Acessar a via sem observar a presença dos outros veículos,Colisão lateral mesmo sentido,Com Vítimas Feridas,Pleno dia,Crescente,Céu Claro,Dupla,Interseção de Vias;Reta,Sim,4,0,1,0,3,0,1,2,-27.54836599,-48.61977975,SPRF-SC,DEL01-SC,UOP01-DEL01-SC,2023
"542976,0",2023-08-18,sexta-feira,06:15:00,SC,101,"211,1",PALHOCA,Ingestão de álcool pelo condutor,Colisão traseira,Com Vítimas Feridas,Amanhecer,Crescente,Céu Claro,Dupla,Reta,Sim,3,0,3,0,0,0,3,3,-27.62329313,-48.65245588,SPRF-SC,DEL01-SC,UOP02-DEL01-SC,2023
"542997,0",2023-08-18,sexta-feira,07:40:00,SC,101,"146,8",ITAPEMA,Reação tardia ou ineficiente do condutor,Atropelamento de Pedestre,Com Vítimas Feridas,Pleno dia,Decrescente,Sol,Múltipla,Interseção de Vias,Não,2,0,1,0,1,0,1,2,-27.09035204,-48.61500084,SPRF-SC,DEL04-SC,UOP03-DEL04-SC,2023
"543016,0",2023-08-18,sexta-feira,09:40:00,SC,470,"179,8",POUSO REDONDO,Desrespeitar a preferência no cruzamento,Colisão transversal,Com Vítimas Feridas,Pleno dia,Decrescente,Nublado,Simples,Reta,Não,3,0,2,0,1,0,2,2,-27.24797205,-49.97657061,SPRF-SC,DEL04-SC,UOP02-DEL04-SC,2023
"543021,0",2023-08-18,sexta-feira,09:50:00,SC,101,"115,9",ITAJAI,Condutor deixou de manter distância do veículo da frente,Colisão traseira,Com Vítimas Feridas,Pleno dia,Decrescente,Céu Claro,Dupla,Reta,Sim,2,0,2,0,0,0,2,2,-26.87064015,-48.72954134,SPRF-SC,DEL04-SC,UOP04-DEL04-SC,2023
"543023,0",2023-08-18,sexta-feira,09:30:00,SC,101,"275,9",IMBITUBA,Ingestão de álcool pelo condutor,Colisão com objeto,Sem Vítimas,Pleno dia,Crescente,Céu Claro,Múltipla,Aclive;Reta,Não,1,0,0,0,1,0,0,1,-28.1575343,-48.6930263,SPRF-SC,DEL02-SC,UOP03-DEL02-SC,2023
"543039,0",2023-07-29,sábado,15:00:00,SC,101,"199,1",SAO JOSE,Velocidade Incompatível,Tombamento,Com Vítimas Feridas,Pleno dia,Decrescente,Céu Claro,Dupla,Declive;Viaduto,Sim,2,0,2,0,0,0,2,1,-27.53413705,-48.63003205,SPRF-SC,DEL01-SC,UOP01-DEL01-SC,2023
"543049,0",2023-08-18,sexta-feira,09:05:00,SC,101,"331,6",TUBARAO,Condutor deixou de manter distância do veículo da frente,Colisão traseira,Com Vítimas Feridas,Pleno dia,Crescente,Céu Claro,Dupla,Interseção de Vias;Reta,Não,3,0,1,0,2,0,1,3,-28.46446591,-48.99627686,SPRF-SC,DEL02-SC,UOP01-DEL02-SC,2023
"543064,0",2023-08-18,sexta-feira,13:40:00,SC,282,"17,0",PALHOCA,Acessar a via sem observar a presença dos outros veículos,Colisão transversal,Com Vítimas Feridas,Pleno dia,Decrescente,Céu Claro,Simples,Reta,Sim,2,0,1,0,1,0,1,2,-27.665707,-48.688065,SPRF-SC,DEL01-SC,UOP02-DEL01-SC,2023
"543091,0",2023-08-18,sexta-feira,16:00:00,SC,101,"198,0",SAO JOSE,Velocidade Incompatível,Colisão traseira,Com Vítimas Feridas,Pleno dia,Crescente,Céu Claro,Dupla,Reta,Sim,2,0,1,0,1,0,1,2,-27.52658712,-48.63506019,SPRF-SC,DEL01-SC,UOP01-DEL01-SC,2023
"543105,0",2023-08-18,sexta-feira,16:55:00,SC,282,"3,8",FLORIANOPOLIS,Demais falhas mecânicas ou elétricas,Incêndio,Sem Vítimas,Pleno dia,Crescente,Sol,Múltipla,Reta,Sim,1,0,0,0,1,0,0,1,-27.600384,-48.599705,SPRF-SC,DEL01-SC,UOP01-DEL01-SC,2023
"543127,0",2023-08-18,sexta-feira,16:15:00,SC,116,"267,7",CAPAO ALTO,Acessar a via sem observar a presença dos outros veículos,Colisão transversal,Com Vítimas Fatais,Pleno dia,Crescente,Chuva,Simples,Interseção de Vias;Reta,Não,5,4,0,0,1,0,0,2,-27.95643,-50.484384,SPRF-SC,DEL05-SC,UOP02-DEL05-SC,2023
"543137,0",2023-08-18,sexta-feira,18:20:00,SC,101,"55,8",JOINVILLE,Ausência de reação do condutor,Colisão traseira,Com Vítimas Feridas,Anoitecer,Decrescente,Céu Claro,Dupla,Reta,Não,3,0,1,0,2,0,1,2,-26.42280898,-48.82977496,SPRF-SC,DEL03-SC,UOP01-DEL03-SC,2023
"543142,0",2023-08-18,sexta-feira,19:00:00,SC,470,"67,7",INDAIAL,Ausência de reação do condutor,Colisão transversal,Com Vítimas Feridas,Plena Noite,Crescente,Chuva,Simples,Viaduto;Reta,Sim,2,0,0,1,1,0,1,2,-26.87486879,-49.236238,SPRF-SC,DEL04-SC,UOP01-DEL04-SC,2023
"543148,0",2023-08-18,sexta-feira,17:20:00,SC,101,"56,7",ARAQUARI,Ausência de reação do condutor,Colisão traseira,Com Vítimas Feridas,Pleno dia,Decrescente,Céu Claro,Dupla,Reta,Sim,2,0,1,0,1,0,1,2,-26.43207484,-48.82263984,SPRF-SC,DEL03-SC,UOP01-DEL03-SC,2023
"543153,0",2023-08-18,sexta-feira,18:30:00,SC,153,"80,0",IRANI,Chuva,Capotamento,Com Vítimas Feridas,Plena Noite,Crescente,Chuva,Simples,Curva,Não,2,0,1,0,1,0,1,1,-27.117521,-51.914806,SPRF-SC,DEL07-SC,UOP04-DEL07-SC,2023
"543161,0",2023-08-18,sexta-feira,20:15:00,SC,101,"258,7",PAULO LOPES,Reação tardia ou ineficiente do condutor,Colisão com objeto,Com Vítimas Feridas,Plena Noite,Decrescente,Chuva,Dupla,Aclive;Reta,Não,2,0,1,0,1,0,1,1,-28.01018975,-48.69419038,SPRF-SC,DEL02-SC,UOP03-DEL02-SC,2023