id,data_inversa,dia_semana,horario,uf,br,km,municipio,causa_acidente,tipo_acidente,classificacao_acidente,fase_dia,sentido_via,condicao_metereologica,tipo_pista,tracado_via,uso_solo,pessoas,mortos,feridos_leves,feridos_graves,ilesos,ignorados,feridos,veiculos,latitude,longitude,regional,delegacia,uop,ano_arquivo
"543163,0",2023-08-18,sexta-feira,16:57:00,SC,280,"80,4",CORUPA,Acessar a via sem observar a presença dos outros veículos,Colisão transversal,Com Vítimas Feridas,Pleno dia,Decrescente,Céu Claro,Simples,Interseção de Vias;Reta,Sim,2,0,0,1,1,0,1,2,-26.44412189,-49.20975187,SPRF-SC,DEL06-SC,UOP03-DEL06-SC,2023
"543182,0",2023-08-18,sexta-feira,21:55:00,SC,101,"199,6",SAO JOSE,Manobra de mudança de faixa,Colisão traseira,Com Vítimas Feridas,Plena Noite,Decrescente,Chuva,Múltipla,Reta,Não,3,0,3,0,0,0,3,2,-27.53413705,-48.63003205,SPRF-SC,DEL01-SC,UOP01-DEL01-SC,2023
"543205,0",2023-08-19,sábado,00:20:00,SC,101,"317,0",PESCARIA BRAVA,Reação tardia ou ineficiente do condutor,Colisão traseira,Com Vítimas Feridas,Pleno dia,Decrescente,Nublado,Dupla,Reta,Não,2,0,1,0,1,0,1,2,-28.42708421,-48.85211624,SPRF-SC,DEL02-SC,UOP01-DEL02-SC,2023
"543213,0",2023-08-19,sábado,02:20:00,SC,101,"49,8",JOINVILLE,Ingestão de álcool pelo condutor,Colisão com objeto,Sem Vítimas,Plena Noite,Crescente,Chuva,Simples,Viaduto,Não,1,0,0,0,1,0,0,1,-26.36479799,-48.85878798,SPRF-SC,DEL03-SC,UOP01-DEL03-SC,2023
"543218,0",2023-08-19,sábado,04:30:00,SC,101,"276,9",IMBITUBA,Ingestão de álcool pelo condutor,Colisão com objeto,Sem Vítimas,Plena Noite,Crescente,Nublado,Múltipla,Interseção de Vias;Reta,Não,1,0,0,0,0,1,0,1,-28.16499728,-48.69385242,SPRF-SC,DEL02-SC,UOP03-DEL02-SC,2023
"543222,0",2023-08-19,sábado,05:30:00,SC,101,"212,0",PALHOCA,Velocidade Incompatível,Colisão com objeto,Sem Vítimas,Amanhecer,Crescente,Céu Claro,Simples,Reta,Sim,1,0,0,0,1,0,0,1,-27.62996929,-48.65903871,SPRF-SC,DEL01-SC,UOP02-DEL01-SC,2023
"543224,0",2023-08-19,sábado,06:30:00,SC,282,"379,0",HERVAL DOESTE,Ausência de reação do condutor,Queda de ocupante de veículo,Com Vítimas Feridas,Amanhecer,Decrescente,Nublado,Dupla,Reta,Não,1,0,1,0,0,0,1,1,-27.214668,-51.489677,SPRF-SC,DEL07-SC,UOP05-DEL07-SC,2023
"543231,0",2023-08-19,sábado,05:00:00,SC,101,"121,4",ITAJAI,Condutor deixou de manter distância do veículo da frente,Colisão traseira,Com Vítimas Feridas,Amanhecer,Decrescente,Céu Claro,Múltipla,Reta,Sim,2,0,1,0,0,1,1,2,-26.92103178,-48.70856446,SPRF-SC,DEL04-SC,UOP04-DEL04-SC,2023
"543243,0",2023-03-25,sábado,02:20:00,SC,101,"190,0",BIGUACU,Velocidade Incompatível,Colisão com objeto,Sem Vítimas,Plena Noite,Crescente,Céu Claro,Dupla,Reta,Não,4,0,0,0,4,0,0,3,-27.468056,-48.641712,SPRF-SC,DEL01-SC,UOP01-DEL01-SC,2023
"543278,0",2023-08-19,sábado,11:20:00,SC,101,"194,0",BIGUACU,Avarias e/ou desgaste excessivo no pneu,Tombamento,Com Vítimas Feridas,Pleno dia,Crescente,Nublado,Dupla,Reta,Sim,1,0,1,0,0,0,1,1,-27.49815117,-48.65661236,SPRF-SC,DEL01-SC,UOP01-DEL01-SC,2023
"543287,0",2023-08-19,sábado,11:15:00,SC,101,"331,5",TUBARAO,Ausência de reação do condutor,Colisão com objeto,Com Vítimas Feridas,Pleno dia,Crescente,Céu Claro,Múltipla,Em Obras;Viaduto;Reta,Sim,1,0,1,0,0,0,1,1,-28.45567521,-48.9812689,SPRF-SC,DEL02-SC,UOP01-DEL02-SC,2023
"543320,0",2023-08-19,sábado,14:50:00,SC,470,"1,2",NAVEGANTES,Pedestre cruzava a pista fora da faixa,Atropelamento de Pedestre,Com Vítimas Feridas,Pleno dia,Crescente,Nublado,Dupla,Reta,Sim,2,0,0,1,1,0,1,2,-26.875383,-48.668285,SPRF-SC,DEL04-SC,UOP04-DEL04-SC,2023
"543329,0",2023-08-19,sábado,16:30:00,SC,101,"216,0",PALHOCA,Desrespeitar a preferência no cruzamento,Colisão transversal,Com Vítimas Feridas,Pleno dia,Crescente,Céu Claro,Simples,Rotatória,Não,4,0,2,0,2,0,2,2,-27.65586529,-48.6794275,SPRF-SC,DEL01-SC,UOP02-DEL01-SC,2023
"543346,0",2023-08-19,sábado,19:10:00,SC,101,"176,0",BIGUACU,Ausência de reação do condutor,Queda de ocupante de veículo,Com Vítimas Feridas,Plena Noite,Crescente,Nublado,Dupla,Reta,Não,1,0,0,1,0,0,1,1,-27.34661396,-48.63300917,SPRF-SC,DEL01-SC,UOP01-DEL01-SC,2023
"543352,0",2023-08-19,sábado,19:20:00,SC,101,"463,0",PASSO DE TORRES,Ausência de reação do condutor,Tombamento,Com Vítimas Feridas,Plena Noite,Decrescente,Céu Claro,Simples,Rotatória,Não,1,0,1,0,0,0,1,1,-29.29421214,-49.76369977,SPRF-RS,DEL03-RS,UOP02-DEL03-RS,2023
"543385,0",2023-08-19,sábado,20:35:00,SC,470,"247,3",CURITIBANOS,Velocidade Incompatível,Saída de leito carroçável,Com Vítimas Feridas,Plena Noite,Crescente,Céu Claro,Simples,Reta,Sim,2,0,2,0,0,0,2,1,-27.312819,-50.560728,SPRF-SC,DEL05-SC,UOP03-DEL05-SC,2023
"543386,0",2023-08-19,sábado,22:00:00,SC,280,"66,0",JARAGUA DO SUL,Conversão proibida,Colisão transversal,Com Vítimas Feridas,Plena Noite,Decrescente,Céu Claro,Simples,Reta,Sim,2,0,1,0,1,0,1,2,-26.478254,-49.102419,SPRF-SC,DEL03-SC,UOP03-DEL03-SC,2023
"543389,0",2023-08-19,sábado,21:50:00,SC,116,"68,2",MONTE CASTELO,Acessar a via sem observar a presença dos outros veículos,Colisão transversal,Com Vítimas Feridas,Plena Noite,Crescente,Nublado,Simples,Aclive;Reta;Interseção de Vias,Sim,3,0,2,0,0,1,2,2,-26.4526362,-50.2277937,SPRF-SC,DEL06-SC,UOP02-DEL06-SC,2023
"543400,0",2023-08-19,sábado,23:45:00,SC,280,"58,9",GUARAMIRIM,Velocidade Incompatível,Colisão com objeto,Com Vítimas Feridas,Plena Noite,Decrescente,Céu Claro,Dupla,Curva,Sim,1,0,0,1,0,0,1,1,-26.4748037,-49.0295697,SPRF-SC,DEL03-SC,UOP03-DEL03-SC,2023
"543422,0",2023-08-20,domingo,02:00:00,SC,101,"94,7",BARRA VELHA,Transtornos Mentais (exceto suicidio),Saída de leito carroçável,Com Vítimas Feridas,Plena Noite,Decrescente,Céu Claro,Dupla,Reta,Não,2,0,1,0,0,1,1,1,-26.69940401,-48.69902784,SPRF-SC,DEL03-SC,UOP02-DEL03-SC,2023
"543425,0",2023-08-20,domingo,03:20:00,SC,101,"209,0",SAO JOSE,Ausência de reação do condutor,Capotamento,Sem Vítimas,Plena Noite,Crescente,Céu Claro,Múltipla,Reta,Não,1,0,0,0,1,0,0,1,-27.61000542,-48.63895057,SPRF-SC,DEL01-SC,UOP01-DEL01-SC,2023
"543426,0",2023-08-20,domingo,02:45:00,SC,470,"247,4",CURITIBANOS,Velocidade Incompatível,Colisão com objeto,Com Vítimas Feridas,Plena Noite,Decrescente,Nublado,Simples,Interseção de Vias,Sim,2,0,2,0,0,0,2,1,-27.315269,-50.541786,SPRF-SC,DEL05-SC,UOP03-DEL05-SC,2023
"543432,0",2023-08-20,domingo,04:15:00,SC,282,"538,1",CHAPECO,Ausência de reação do condutor,Saída de leito carroçável,Com Vítimas Feridas,Plena Noite,Crescente,Céu Claro,Simples,Reta,Não,1,0,1,0,0,0,1,1,-26.998323,-52.673199,SPRF-SC,DEL07-SC,UOP01-DEL07-SC,2023
"543433,0",2023-08-20,domingo,04:00:00,SC,101,"347,0",TUBARAO,Ingestão de álcool pelo condutor,Capotamento,Sem Vítimas,Plena Noite,Crescente,Céu Claro,Dupla,Reta,Não,2,0,0,0,2,0,0,1,-28.56402604,-49.05410532,SPRF-SC,DEL02-SC,UOP01-DEL02-SC,2023
"543453,0",2023-05-29,segunda-feira,16:40:00,SC,470,"2,0",NAVEGANTES,Reação tardia ou ineficiente do condutor,Colisão traseira,Com Vítimas Feridas,Pleno dia,Decrescente,Nublado,Simples,Reta,Sim,2,0,1,0,0,1,1,2,-26.868551,-48.674831,SPRF-SC,DEL04-SC,UOP04-DEL04-SC,2023
"543463,0",2023-08-20,domingo,08:10:00,SC,101,"204,6",SAO JOSE,Ingestão de álcool pelo condutor,Saída de leito carroçável,Sem Vítimas,Pleno dia,Decrescente,Céu Claro,Múltipla,Reta,Sim,1,0,0,0,1,0,0,1,-27.57413014,-48.61363083,SPRF-SC,DEL01-SC,UOP01-DEL01-SC,2023
"543478,0",2023-08-20,domingo,09:20:00,SC,101,"235,0",CANOINHAS,Desrespeitar a preferência no cruzamento,Colisão transversal,Sem Vítimas,Pleno dia,Decrescente,Nevoeiro/Neblina,Simples,Interseção de Vias;Reta,Sim,2,0,0,0,2,0,0,2,-26.19256068,-50.41652836,SPRF-SC,DEL01-SC,UOP02-DEL01-SC,2023
"543481,0",2023-08-20,domingo,09:50:00,SC,470,"29,5",GASPAR,Ausência de reação do condutor,Colisão lateral mesmo sentido,Com Vítimas Feridas,Pleno dia,Decrescente,Nublado,Dupla,Reta,Não,3,0,2,0,1,0,2,2,-26.89353252,-48.90880925,SPRF-SC,DEL04-SC,UOP01-DEL04-SC,2023
"543483,0",2023-08-20,domingo,06:25:00,SC,470,"87,0",ASCURRA,Transitar na contramão,Colisão frontal,Com Vítimas Fatais,Amanhecer,Decrescente,Nublado,Simples,Reta,Não,5,2,2,0,0,1,2,3,-26.94989757,-49.36842531,SPRF-SC,DEL04-SC,UOP01-DEL04-SC,2023
"543501,0",2023-08-20,domingo,11:40:00,SC,101,"1,8",GARUVA,Velocidade Incompatível,Colisão com objeto,Com Vítimas Feridas,Pleno dia,Decrescente,Céu Claro,Dupla,Reta,Não,1,0,1,0,0,0,1,1,-25.98895627,-48.88356133,SPRF-SC,DEL03-SC,UOP01-DEL03-SC,2023
"543505,0",2023-08-20,domingo,10:50:00,SC,101,"398,0",MARACAJA,Ausência de reação do condutor,Colisão com objeto,Com Vítimas Feridas,Pleno dia,Crescente,Céu Claro,Múltipla,Curva,Não,2,0,2,0,0,0,2,1,-28.836033,-49.420303,SPRF-SC,DEL02-SC,UOP02-DEL02-SC,2023
"543512,0",2023-08-20,domingo,13:44:00,SC,101,"205,5",SAO JOSE,Avarias e/ou desgaste excessivo no pneu,Queda de ocupante de veículo,Com Vítimas Feridas,Pleno dia,Decrescente,Céu Claro,Dupla,Reta,Sim,2,0,2,0,0,0,2,1,-27.58313237,-48.61532885,SPRF-SC,DEL01-SC,UOP01-DEL01-SC,2023
"543519,0",2023-08-20,domingo,11:00:00,SC,101,"273,0",IMBITUBA,Acessar a via sem observar a presença dos outros veículos,Colisão transversal,Com Vítimas Feridas,Pleno dia,Decrescente,Sol,Simples,Reta,Sim,4,0,2,0,2,0,2,2,-28.12382408,-48.69625015,SPRF-SC,DEL02-SC,UOP03-DEL02-SC,2023
"543529,0",2023-08-20,domingo,16:40:00,SC,101,"121,0",ITAJAI,Acessar a via sem observar a presença dos outros veículos,Colisão lateral mesmo sentido,Com Vítimas Feridas,Pleno dia,Decrescente,Nublado,Dupla,Reta,Sim,2,0,0,1,1,0,1,2,-26.92103178,-48.70856446,SPRF-SC,DEL04-SC,UOP04-DEL04-SC,2023
"543538,0",2023-08-20,domingo,16:10:00,SC,101,"57,0",ARAQUARI,Velocidade Incompatível,Tombamento,Com Vítimas Feridas,Pleno dia,Crescente,Sol,Simples,Interseção de Vias,Sim,2,0,2,0,0,0,2,1,-26.43646093,-48.81113029,SPRF-SC,DEL03-SC,UOP01-DEL03-SC,2023
"543549,0",2023-08-20,domingo,17:30:00,SC,101,"93,8",BARRA VELHA,Demais falhas mecânicas ou elétricas,Tombamento,Com Vítimas Feridas,Pleno dia,Decrescente,Céu Claro,Dupla,Curva;Aclive,Não,1,0,1,0,0,0,1,1,-26.70029104,-48.69902372,SPRF-SC,DEL03-SC,UOP02-DEL03-SC,2023
"543577,0",2023-08-20,domingo,19:20:00,SC,101,"205,0",SAO JOSE,Condutor deixou de manter distância do veículo da frente,Colisão traseira,Com Vítimas Feridas,Plena Noite,Crescente,Céu Claro,Dupla,Reta,Sim,4,0,2,0,2,0,2,3,-27.58313237,-48.61532885,SPRF-SC,DEL01-SC,UOP01-DEL01-SC,2023
"543591,0",2023-08-20,domingo,15:30:00,SC,282,"576,2",PINHALZINHO,Velocidade Incompatível,Saída de leito carroçável,Com Vítimas Feridas,Pleno dia,Crescente,Nublado,Simples,Reta,Sim,2,0,0,2,0,0,2,1,-26.856054,-52.98011,SPRF-SC,DEL07-SC,UOP02-DEL07-SC,2023
"543597,0",2023-08-20,domingo,18:25:00,SC,282,"604,2",MARAVILHA,Transitar na contramão,Colisão lateral sentido oposto,Com Vítimas Feridas,Anoitecer,Decrescente,Céu Claro,Simples,Curva,Sim,7,0,4,1,2,0,5,3,-26.806049,-53.178757,SPRF-SC,DEL07-SC,UOP02-DEL07-SC,2023
"543611,0",2023-08-20,domingo,21:30:00,SC,470,"57,7",BLUMENAU,Ausência de reação do condutor,Colisão com objeto,Sem Vítimas,Plena Noite,Decrescente,Céu Claro,Simples,Curva;Em Obras;Desvio Temporário,Sim,1,0,0,0,1,0,0,1,-26.880428,-49.136532,SPRF-SC,DEL04-SC,UOP01-DEL04-SC,2023
"543628,0",2023-08-21,segunda-feira,00:30:00,SC,101,"212,0",PALHOCA,Reação tardia ou ineficiente do condutor,Tombamento,Com Vítimas Feridas,Plena Noite,Decrescente,Céu Claro,Simples,Reta,Sim,1,0,0,1,0,0,1,1,-27.62996929,-48.65903871,SPRF-SC,DEL01-SC,UOP02-DEL01-SC,2023
"543634,0",2023-08-21,segunda-feira,03:10:00,SC,101,"136,0",BALNEARIO CAMBORIU,Reação tardia ou ineficiente do condutor,Tombamento,Com Vítimas Feridas,Plena Noite,Decrescente,Céu Claro,Dupla,Interseção de Vias,Sim,1,0,1,0,0,0,1,1,-27.008113,-48.617245,SPRF-SC,DEL04-SC,UOP03-DEL04-SC,2023
"543650,0",2023-08-21,segunda-feira,07:30:00,SC,101,"206,9",SAO JOSE,Reação tardia ou ineficiente do condutor,Colisão traseira,Com Vítimas Feridas,Pleno dia,Crescente,Céu Claro,Múltipla,Aclive;Reta,Sim,2,0,1,0,1,0,1,2,-27.59193546,-48.61824557,SPRF-SC,DEL01-SC,UOP01-DEL01-SC,2023
"543653,0",2023-08-21,segunda-feira,07:45:00,SC,101,"117,0",ITAJAI,Ausência de reação do condutor,Colisão lateral mesmo sentido,Com Vítimas Feridas,Pleno dia,Crescente,Céu Claro,Múltipla,Reta,Sim,2,0,1,0,0,1,1,2,-26.88747187,-48.72252969,SPRF-SC,DEL04-SC,UOP04-DEL04-SC,2023
"543657,0",2023-08-21,segunda-feira,06:45:00,SC,282,"653,7",SAO MIGUEL DO OESTE,Acessar a via sem observar a presença dos outros veículos,Colisão transversal,Com Vítimas Feridas,Pleno dia,Decrescente,Céu Claro,Simples,Interseção de Vias,Não,2,0,1,0,1,0,1,2,-26.70506312,-53.52552474,SPRF-SC,DEL07-SC,UOP03-DEL07-SC,2023
"543664,0",2023-08-21,segunda-feira,06:50:00,SC,280,"14,0",SAO FRANCISCO DO SUL,Acessar a via sem observar a presença dos outros veículos,Colisão lateral mesmo sentido,Com Vítimas Feridas,Pleno dia,Crescente,Céu Claro,Simples,Reta,Não,2,0,0,1,1,0,1,2,-26.3301861,-48.65148076,SPRF-SC,DEL03-SC,UOP03-DEL03-SC,2023
"543673,0",2023-08-21,segunda-feira,10:05:00,SC,101,"40,0",JOINVILLE,Ausência de reação do condutor,Colisão com objeto,Com Vítimas Feridas,Pleno dia,Crescente,Sol,Simples,Aclive;Reta,Sim,1,0,1,0,0,0,1,1,-26.27176094,-48.89468382,SPRF-SC,DEL03-SC,UOP01-DEL03-SC,2023
"543679,0",2023-08-21,segunda-feira,10:34:00,SC,101,"253,0",PAULO LOPES,Acessar a via sem observar a presença dos outros veículos,Colisão transversal,Com Vítimas Feridas,Pleno dia,Crescente,Céu Claro,Simples,Reta,Sim,2,0,1,0,1,0,1,2,-27.96492999,-48.67962057,SPRF-SC,DEL02-SC,UOP03-DEL02-SC,2023
"543694,0",2023-08-21,segunda-feira,09:40:00,SC,101,"334,9",TUBARAO,Suicídio (presumido),Atropelamento de Pedestre,Com Vítimas Feridas,Pleno dia,Decrescente,Céu Claro,Múltipla,Reta,Sim,3,0,0,1,1,1,1,2,-28.46730446,-49.00604302,SPRF-SC,DEL02-SC,UOP01-DEL02-SC,2023
"543703,0",2023-08-21,segunda-feira,13:40:00,SC,101,"137,4",BALNEARIO CAMBORIU,Reação tardia ou ineficiente do condutor,Colisão traseira,Com Vítimas Feridas,Pleno dia,Crescente,Céu Claro,Dupla,Aclive;Reta;Viaduto,Sim,3,0,1,1,1,0,2,2,-27.0157238,-48.61192763,SPRF-SC,DEL04-SC,UOP03-DEL04-SC,2023
"543717,0",2023-07-12,quarta-feira,18:45:00,SC,101,"121,0",ITAJAI,Trafegar com motocicleta (ou similar) entre as faixas,Colisão lateral mesmo sentido,Com Vítimas Feridas,Plena Noite,Crescente,Céu Claro,Dupla,Reta,Não,2,0,0,1,1,0,1,2,-26.92103178,-48.70856446,SPRF-SC,DEL04-SC,UOP04-DEL04-SC,2023
"543735,0",2023-08-21,segunda-feira,17:30:00,SC,101,"134,1",BALNEARIO CAMBORIU,Trafegar com motocicleta (ou similar) entre as faixas,Colisão lateral mesmo sentido,Com Vítimas Feridas,Pleno dia,Crescente,Céu Claro,Múltipla,Reta,Sim,2,0,0,1,1,0,1,2,-27.00218,-48.636433,SPRF-SC,DEL04-SC,UOP03-DEL04-SC,2023
"543741,0",2023-08-21,segunda-feira,17:20:00,SC,280,"81,0",CORUPA,Acessar a via sem observar a presença dos outros veículos,Colisão transversal,Com Vítimas Feridas,Pleno dia,Crescente,Céu Claro,Simples,Reta,Sim,2,0,1,0,1,0,1,2,-26.4405748934,-49.2170559959,SPRF-SC,DEL06-SC,UOP03-DEL06-SC,2023
"543752,0",2023-08-21,segunda-feira,18:15:00,SC,101,"155,0",PORTO BELO,Transitar na contramão,Colisão frontal,Com Vítimas Feridas,Anoitecer,Crescente,Céu Claro,Simples,Viaduto;Curva,Não,2,0,0,1,1,0,1,2,-27.16292,-48.61129,SPRF-SC,DEL04-SC,UOP03-DEL04-SC,2023
"543755,0",2023-08-21,segunda-feira,19:00:00,SC,101,"442,0",SANTA ROSA DO SUL,Demais falhas mecânicas ou elétricas,Incêndio,Com Vítimas Feridas,Plena Noite,Crescente,Céu Claro,Múltipla,Reta,Não,2,0,1,0,1,0,1,1,-29.12959329,-49.68678391,SPRF-SC,DEL02-SC,UOP02-DEL02-SC,2023
"543759,0",2023-08-21,segunda-feira,19:50:00,SC,101,"118,0",ITAJAI,Demais falhas mecânicas ou elétricas,Tombamento,Com Vítimas Feridas,Plena Noite,Crescente,Nublado,Múltipla,Reta,Não,2,0,1,0,1,0,1,1,-26.895859,-48.71903,SPRF-SC,DEL04-SC,UOP04-DEL04-SC,2023
"543817,0",2023-04-15,sábado,20:15:00,SC,470,"156,0",AGRONOMICA,Ingestão de álcool pelo condutor,Colisão lateral sentido oposto,Com Vítimas Feridas,Plena Noite,Crescente,Céu Claro,Simples,Reta,Não,4,0,1,1,2,0,2,3,-27.281332,-49.760201,SPRF-SC,DEL04-SC,UOP02-DEL04-SC,2023
"543892,0",2023-08-22,terça-feira,15:45:00,SC,101,"202,0",SAO JOSE,Ausência de reação do condutor,Colisão traseira,Com Vítimas Feridas,Pleno dia,Crescente,Céu Claro,Múltipla,Reta,Sim,2,0,1,0,0,1,1,2,-27.55808244,-48.61848772,SPRF-SC,DEL01-SC,UOP01-DEL01-SC,2023
"543900,0",2023-08-22,terça-feira,18:00:00,SC,470,"138,0",RIO DO SUL,Reação tardia ou ineficiente do condutor,Colisão transversal,Com Vítimas Feridas,Plena Noite,Crescente,Céu Claro,Simples,Interseção de Vias,Não,2,0,1,0,1,0,1,2,-27.207214,-49.648476,SPRF-SC,DEL04-SC,UOP02-DEL04-SC,2023
"543913,0",2023-08-14,segunda-feira,10:35:00,SC,101,"205,0",SAO JOSE,Reação tardia ou ineficiente do condutor,Tombamento,Com Vítimas Feridas,Pleno dia,Crescente,Céu Claro,Dupla,Viaduto;Curva,Sim,2,0,0,1,1,0,1,1,-27.58313237,-48.61532885,SPRF-SC,DEL01-SC,UOP01-DEL01-SC,2023
"543926,0",2023-08-22,terça-feira,19:00:00,SC,101,"134,5",BALNEARIO CAMBORIU,Reação tardia ou ineficiente do condutor,Colisão transversal,Com Vítimas Feridas,Plena Noite,Decrescente,Nublado,Múltipla,Interseção de Vias,Sim,3,0,1,0,2,0,1,2,-27.00218,-48.636433,SPRF-SC,DEL04-SC,UOP03-DEL04-SC,2023
"543944,0",2023-08-22,terça-feira,20:00:00,SC,101,"425,0",ARARANGUA,Ausência de reação do condutor,Tombamento,Com Vítimas Feridas,Plena Noite,Decrescente,Nublado,Simples,Curva,Não,2,0,2,0,0,0,2,1,-29.02859309,-49.60229516,SPRF-SC,DEL02-SC,UOP02-DEL02-SC,2023
"543946,0",2023-08-22,terça-feira,20:15:00,SC,101,"49,8",JOINVILLE,Velocidade Incompatível,Tombamento,Com Vítimas Feridas,Plena Noite,Crescente,Céu Claro,Simples,Curva;Aclive;Retorno Regulamentado;Viaduto,Não,1,0,0,1,0,0,1,1,-26.36479799,-48.85878798,SPRF-SC,DEL03-SC,UOP01-DEL03-SC,2023
"543999,0",2023-08-23,quarta-feira,07:50:00,SC,101,"200,0",SAO JOSE,Manobra de mudança de faixa,Colisão lateral mesmo sentido,Com Vítimas Feridas,Pleno dia,Crescente,Céu Claro,Dupla,Reta,Não,2,0,1,0,1,0,1,2,-27.54018513,-48.62287714,SPRF-SC,DEL01-SC,UOP01-DEL01-SC,2023
"544009,0",2023-07-19,quarta-feira,18:20:00,SC,282,"137,0",BOM RETIRO,Desrespeitar a preferência no cruzamento,Colisão frontal,Com Vítimas Feridas,Plena Noite,Crescente,Céu Claro,Simples,Reta,Sim,6,0,2,3,0,1,5,3,-27.8218,-49.567032,SPRF-SC,DEL05-SC,UOP01-DEL05-SC,2023
"544018,0",2023-08-23,quarta-feira,09:20:00,SC,101,"42,9",JOINVILLE,Velocidade Incompatível,Colisão com objeto,Com Vítimas Feridas,Pleno dia,Crescente,Céu Claro,Dupla,Aclive,Sim,2,0,1,0,1,0,1,2,-26.29251598,-48.88474385,SPRF-SC,DEL03-SC,UOP01-DEL03-SC,2023
"544083,0",2023-08-23,quarta-feira,16:00:00,SC,101,"316,0",LAGUNA,Manobra de mudança de faixa,Atropelamento de Pedestre,Com Vítimas Feridas,Pleno dia,Decrescente,Sol,Dupla,Curva,Não,2,0,1,1,0,0,2,2,-28.42904239,-48.84257464,SPRF-SC,DEL02-SC,UOP01-DEL02-SC,2023
"544088,0",2023-08-23,quarta-feira,16:55:00,SC,280,"52,0",GUARAMIRIM,Condutor deixou de manter distância do veículo da frente,Colisão traseira,Com Vítimas Feridas,Anoitecer,Decrescente,Céu Claro,Múltipla,Reta,Sim,2,0,1,0,1,0,1,2,-26.468904,-48.96492,SPRF-SC,DEL03-SC,UOP03-DEL03-SC,2023
"544092,0",2023-08-23,quarta-feira,18:40:00,SC,101,"205,0",SAO JOSE,Manobra de mudança de faixa,Colisão lateral mesmo sentido,Com Vítimas Feridas,Anoitecer,Decrescente,Céu Claro,Múltipla,Reta,Não,2,0,1,0,1,0,1,2,-27.58313237,-48.61532885,SPRF-SC,DEL01-SC,UOP01-DEL01-SC,2023
"544095,0",2023-08-23,quarta-feira,18:04:00,SC,101,"217,2",PALHOCA,Transitar na contramão,Colisão transversal,Com Vítimas Feridas,Anoitecer,Crescente,Céu Claro,Simples,Reta,Sim,2,0,1,0,1,0,1,2,-27.66779034,-48.67393586,SPRF-SC,DEL01-SC,UOP02-DEL01-SC,2023
"544138,0",2023-08-23,quarta-feira,22:30:00,SC,470,"134,0",RIO DO SUL,Velocidade Incompatível,Colisão traseira,Com Vítimas Feridas,Plena Noite,Decrescente,Nublado,Simples,Rotatória,Não,2,0,1,0,1,0,1,2,-27.17494537,-49.58958954,SPRF-SC,DEL04-SC,UOP02-DEL04-SC,2023
"544140,0",2023-08-23,quarta-feira,23:30:00,SC,470,"35,3",GASPAR,Sinalização mal posicionada,Tombamento,Com Vítimas Feridas,Plena Noite,Crescente,Céu Claro,Simples,Reta;Em Obras,Não,1,0,0,1,0,0,1,1,-26.912857,-48.958965,SPRF-SC,DEL04-SC,UOP01-DEL04-SC,2023
"544165,0",2023-08-24,quinta-feira,06:00:00,SC,101,"153,0",PORTO BELO,Condutor deixou de manter distância do veículo da frente,Colisão traseira,Com Vítimas Feridas,Pleno dia,Crescente,Nublado,Dupla,Reta,Não,6,0,3,0,3,0,3,3,-27.144717,-48.61063935,SPRF-SC,DEL04-SC,UOP03-DEL04-SC,2023
"544169,0",2023-08-24,quinta-feira,06:30:00,SC,101,"51,3",JOINVILLE,Avarias e/ou desgaste excessivo no pneu,Tombamento,Com Vítimas Feridas,Pleno dia,Crescente,Céu Claro,Dupla,Reta,Não,2,0,2,0,0,0,2,1,-26.39817407,-48.83955002,SPRF-SC,DEL03-SC,UOP01-DEL03-SC,2023
"544172,0",2023-08-24,quinta-feira,05:35:00,SC,101,"116,0",ITAJAI,Condutor deixou de manter distância do veículo da frente,Colisão traseira,Com Vítimas Feridas,Amanhecer,Crescente,Nublado,Dupla,Reta,Não,2,0,1,0,1,0,1,2,-26.87905605,-48.72603512,SPRF-SC,DEL04-SC,UOP04-DEL04-SC,2023
"544201,0",2023-08-24,quinta-feira,09:05:00,SC,280,"29,6",ARAQUARI,Transitar no Acostamento,Colisão transversal,Com Vítimas Feridas,Pleno dia,Crescente,Céu Claro,Simples,Reta,Não,2,0,1,1,0,0,2,2,-26.41066264,-48.75295628,SPRF-SC,DEL03-SC,UOP03-DEL03-SC,2023
"544208,0",2023-08-24,quinta-feira,07:20:00,SC,470,"27,0",ILHOTA,Ausência de reação do condutor,Colisão transversal,Com Vítimas Feridas,Amanhecer,Crescente,Céu Claro,Dupla,Reta,Sim,2,0,1,0,1,0,1,2,-26.891006,-48.884411,SPRF-SC,DEL04-SC,UOP01-DEL04-SC,2023
"544211,0",2023-08-24,quinta-feira,07:50:00,SC,101,"45,8",JOINVILLE,Transitar no Acostamento,Colisão lateral mesmo sentido,Sem Vítimas,Pleno dia,Decrescente,Nublado,Dupla,Reta,Não,2,0,0,0,2,0,0,2,-26.34434499,-48.85761738,SPRF-SC,DEL03-SC,UOP01-DEL03-SC,2023
"544226,0",2023-08-24,quinta-feira,10:40:00,SC,282,"54,0",AGUAS MORNAS,Avarias e/ou desgaste excessivo no pneu,Tombamento,Com Vítimas Feridas,Pleno dia,Crescente,Céu Claro,Simples,Curva;Declive,Não,1,0,1,0,0,0,1,1,-27.68800949,-48.97894442,SPRF-SC,DEL01-SC,UOP03-DEL01-SC,2023