id,data_inversa,dia_semana,horario,uf,br,km,municipio,causa_acidente,tipo_acidente,classificacao_acidente,fase_dia,sentido_via,condicao_metereologica,tipo_pista,tracado_via,uso_solo,pessoas,mortos,feridos_leves,feridos_graves,ilesos,ignorados,feridos,veiculos,latitude,longitude,regional,delegacia,uop,ano_arquivo
"550478,0",2023-09-23,sábado,18:45:00,SC,101,"204,8",SAO JOSE,Manobra de mudança de faixa,Colisão lateral mesmo sentido,Com Vítimas Feridas,Plena Noite,Decrescente,Nublado,Múltipla,Reta,Sim,3,0,2,0,1,0,2,2,-27.57413014,-48.61363083,SPRF-SC,DEL01-SC,UOP01-DEL01-SC,2023
"550493,0",2023-09-23,sábado,19:10:00,SC,282,"339,3",CAMPOS NOVOS,Ausência de sinalização,Colisão transversal,Com Vítimas Feridas,Plena Noite,Decrescente,Céu Claro,Simples,Interseção de Vias,Não,2,0,1,0,1,0,1,2,-27.392731,-51.195118,SPRF-SC,DEL07-SC,UOP06-DEL07-SC,2023
"550513,0",2023-09-23,sábado,20:00:00,SC,163,"70,8",SAO MIGUEL DO OESTE,Velocidade Incompatível,Colisão frontal,Com Vítimas Feridas,Plena Noite,Decrescente,Céu Claro,Simples,Interseção de Vias,Sim,2,0,1,0,1,0,1,2,-26.72974315,-53.5115397,SPRF-SC,DEL07-SC,UOP03-DEL07-SC,2023
"550515,0",2023-09-23,sábado,21:50:00,SC,101,"208,0",SAO JOSE,Velocidade Incompatível,Colisão traseira,Com Vítimas Feridas,Plena Noite,Decrescente,Céu Claro,Múltipla,Aclive,Sim,3,0,2,1,0,0,3,2,-27.60327979,-48.63201818,SPRF-SC,DEL01-SC,UOP01-DEL01-SC,2023
"550523,0",2023-09-23,sábado,21:00:00,SC,280,"25,0",ARAQUARI,Conversão proibida,Colisão transversal,Com Vítimas Feridas,Plena Noite,Decrescente,Nublado,Simples,Reta,Não,5,0,4,1,0,0,5,2,-26.38352781,-48.72677516,SPRF-SC,DEL03-SC,UOP03-DEL03-SC,2023
"550526,0",2023-09-23,sábado,21:50:00,SC,282,"418,0",CATANDUVAS,Condutor deixou de manter distância do veículo da frente,Colisão lateral mesmo sentido,Com Vítimas Feridas,Plena Noite,Crescente,Céu Claro,Simples,Reta,Não,4,0,0,1,2,1,1,2,-27.029184,-51.724043,SPRF-SC,DEL07-SC,UOP05-DEL07-SC,2023
"550533,0",2023-09-23,sábado,23:05:00,SC,101,"29,0",JOINVILLE,Ingestão de álcool pelo condutor,Colisão traseira,Sem Vítimas,Plena Noite,Crescente,Nublado,Dupla,Reta;Aclive,Não,2,0,0,0,2,0,0,2,-26.22618224,-48.91661101,SPRF-SC,DEL03-SC,UOP01-DEL03-SC,2023
"550544,0",2023-09-24,domingo,00:30:00,SC,101,"261,0",PAULO LOPES,Reação tardia ou ineficiente do condutor,Colisão com objeto,Sem Vítimas,Plena Noite,Decrescente,Céu Claro,Dupla,Reta,Não,1,0,0,0,1,0,0,1,-28.02774,-48.704035,SPRF-SC,DEL02-SC,UOP03-DEL02-SC,2023
"550555,0",2023-09-24,domingo,01:06:00,SC,101,"116,0",ITAJAI,Ingestão de álcool pelo condutor,Saída de leito carroçável,Sem Vítimas,Plena Noite,Crescente,Céu Claro,Múltipla,Reta,Sim,1,0,0,0,1,0,0,1,-26.87905605,-48.72603512,SPRF-SC,DEL04-SC,UOP04-DEL04-SC,2023
"550561,0",2023-09-24,domingo,03:30:00,SC,101,"236,0",PALHOCA,Ausência de reação do condutor,Saída de leito carroçável,Sem Vítimas,Plena Noite,Crescente,Céu Claro,Dupla,Retorno Regulamentado,Não,1,0,0,0,1,0,0,1,-27.82661599,-48.63036102,SPRF-SC,DEL01-SC,UOP02-DEL01-SC,2023
"550565,0",2023-09-24,domingo,03:20:00,SC,101,"89,8",BARRA VELHA,Ausência de reação do condutor,Saída de leito carroçável,Sem Vítimas,Plena Noite,Crescente,Céu Claro,Dupla,Reta,Sim,2,0,0,0,0,2,0,2,-26.66444959,-48.68928194,SPRF-SC,DEL03-SC,UOP02-DEL03-SC,2023
"550574,0",2023-09-24,domingo,04:30:00,SC,163,"104,2",SAO JOSE DO CEDRO,Ausência de reação do condutor,Saída de leito carroçável,Sem Vítimas,Plena Noite,Crescente,Céu Claro,Simples,Reta;Declive,Sim,1,0,0,0,0,1,0,1,-26.45385604,-53.51042064,SPRF-SC,DEL07-SC,UOP03-DEL07-SC,2023
"550603,0",2023-09-24,domingo,07:45:00,SC,101,"371,1",ICARA,Velocidade Incompatível,Saída de leito carroçável,Com Vítimas Feridas,Pleno dia,Decrescente,Nublado,Dupla,Reta,Não,2,0,2,0,0,0,2,1,-28.69956788,-49.19239904,SPRF-SC,DEL02-SC,UOP01-DEL02-SC,2023
"550631,0",2023-09-24,domingo,12:00:00,SC,101,"114,8",ITAJAI,Ausência de sinalização,Saída de leito carroçável,Com Vítimas Feridas,Pleno dia,Decrescente,Sol,Dupla,Reta,Não,2,0,1,0,0,1,1,2,-26.86192886,-48.7286704,SPRF-SC,DEL04-SC,UOP04-DEL04-SC,2023
"550639,0",2023-09-24,domingo,13:25:00,SC,101,"82,2",BARRA VELHA,Acessar a via sem observar a presença dos outros veículos,Colisão transversal,Com Vítimas Feridas,Pleno dia,Decrescente,Céu Claro,Dupla,Reta;Interseção de Vias;Viaduto,Não,3,0,1,0,2,0,1,2,-26.620196,-48.717191,SPRF-SC,DEL03-SC,UOP02-DEL03-SC,2023
"550640,0",2023-09-24,domingo,13:30:00,SC,101,"223,9",PALHOCA,Acessar a via sem observar a presença dos outros veículos,Colisão lateral mesmo sentido,Com Vítimas Feridas,Pleno dia,Decrescente,Garoa/Chuvisco,Dupla,Reta,Sim,3,0,1,0,1,1,1,2,-27.71552634,-48.64881251,SPRF-SC,DEL01-SC,UOP02-DEL01-SC,2023
"550643,0",2023-09-24,domingo,13:00:00,SC,280,"56,0",GUARAMIRIM,Desrespeitar a preferência no cruzamento,Colisão transversal,Com Vítimas Feridas,Pleno dia,Crescente,Céu Claro,Dupla,Interseção de Vias,Sim,3,0,2,0,1,0,2,2,-26.47947677,-49.00298702,SPRF-SC,DEL03-SC,UOP03-DEL03-SC,2023
"550649,0",2023-09-24,domingo,11:25:00,SC,101,"271,0",IMBITUBA,Demais falhas mecânicas ou elétricas,Tombamento,Com Vítimas Feridas,Pleno dia,Crescente,Céu Claro,Dupla,Reta,Não,2,0,2,0,0,0,2,1,-28.11011972,-48.70211279,SPRF-SC,DEL02-SC,UOP03-DEL02-SC,2023
"550662,0",2023-09-24,domingo,14:30:00,SC,101,"36,1",JOINVILLE,Manobra de mudança de faixa,Tombamento,Com Vítimas Feridas,Pleno dia,Decrescente,Céu Claro,Dupla,Reta,Sim,3,0,2,0,0,1,2,2,-26.24573198,-48.9101069,SPRF-SC,DEL03-SC,UOP01-DEL03-SC,2023
"550668,0",2023-09-24,domingo,17:20:00,SC,101,"180,6",BIGUACU,Manobra de mudança de faixa,Colisão lateral mesmo sentido,Com Vítimas Feridas,Pleno dia,Crescente,Nublado,Dupla,Reta,Sim,2,0,1,0,1,0,1,2,-27.3811238,-48.63090648,SPRF-SC,DEL01-SC,UOP01-DEL01-SC,2023
"550671,0",2023-09-24,domingo,16:40:00,SC,282,"47,9",AGUAS MORNAS,Acumulo de óleo sobre o pavimento,Saída de leito carroçável,Com Vítimas Feridas,Pleno dia,Crescente,Nublado,Simples,Curva,Não,4,0,1,0,3,0,1,1,-27.721771,-48.934837,SPRF-SC,DEL01-SC,UOP03-DEL01-SC,2023
"550675,0",2023-09-24,domingo,17:20:00,SC,101,"149,0",ITAPEMA,Trafegar com motocicleta (ou similar) entre as faixas,Colisão lateral mesmo sentido,Com Vítimas Feridas,Pleno dia,Decrescente,Chuva,Dupla,Reta,Sim,3,0,1,1,1,0,2,2,-27.1089649,-48.61277586,SPRF-SC,DEL04-SC,UOP03-DEL04-SC,2023
"550714,0",2023-05-19,sexta-feira,16:20:00,SC,282,"25,5",SANTO AMARO DA IMPERATRIZ,Trafegar com motocicleta (ou similar) entre as faixas,Colisão frontal,Com Vítimas Feridas,Pleno dia,Crescente,Céu Claro,Simples,Reta,Não,2,0,0,2,0,0,2,2,-27.678228,-48.752895,SPRF-SC,DEL01-SC,UOP03-DEL01-SC,2023
"550739,0",2023-09-24,domingo,20:20:00,SC,101,"105,1",PENHA,Ingestão de álcool pelo condutor,Colisão com objeto,Com Vítimas Feridas,Plena Noite,Decrescente,Céu Claro,Simples,Curva;Interseção de Vias,Não,3,0,1,0,1,1,1,1,-26.80215497,-48.67891041,SPRF-SC,DEL03-SC,UOP02-DEL03-SC,2023
"550740,0",2023-09-24,domingo,19:15:00,SC,470,"8,0",NAVEGANTES,Retorno proibido,Colisão lateral mesmo sentido,Com Vítimas Feridas,Plena Noite,Crescente,Nublado,Simples,Em Obras;Viaduto,Não,3,0,2,0,1,0,2,2,-26.83688,-48.718853,SPRF-SC,DEL04-SC,UOP04-DEL04-SC,2023
"550742,0",2023-09-24,domingo,19:30:00,SC,101,"212,0",PALHOCA,Condutor Dormindo,Queda de ocupante de veículo,Com Vítimas Feridas,Plena Noite,Crescente,Céu Claro,Simples,Reta,Sim,2,0,1,0,0,1,1,2,-27.634549,-48.66365,SPRF-SC,DEL01-SC,UOP02-DEL01-SC,2023
"550758,0",2023-09-24,domingo,18:10:00,SC,282,"298,3",VARGEM,Ingestão de álcool pelo condutor,Colisão frontal,Com Vítimas Feridas,Plena Noite,Crescente,Céu Claro,Simples,Curva;Aclive,Não,5,0,5,0,0,0,5,2,-27.523823,-50.901402,SPRF-SC,DEL07-SC,UOP06-DEL07-SC,2023
"550760,0",2023-09-24,domingo,23:10:00,SC,101,"3,5",ARARANGUA,Acessar a via sem observar a presença dos outros veículos,Colisão transversal,Com Vítimas Feridas,Plena Noite,Decrescente,Céu Claro,Simples,Reta,Não,4,0,0,1,2,1,1,3,-28.94605997,-49.50428402,SPRF-SC,DEL02-SC,UOP02-DEL02-SC,2023
"550768,0",2023-09-24,domingo,23:40:00,SC,470,"129,7",LONTRAS,Velocidade Incompatível,Colisão traseira,Com Vítimas Fatais,Plena Noite,Decrescente,Garoa/Chuvisco,Simples,Reta,Sim,5,2,0,0,2,1,0,3,-27.157606,-49.5565,SPRF-SC,DEL04-SC,UOP02-DEL04-SC,2023
"550819,0",2023-09-25,segunda-feira,08:30:00,SC,101,"146,0",ITAPEMA,Condutor deixou de manter distância do veículo da frente,Colisão traseira,Com Vítimas Feridas,Pleno dia,Decrescente,Nublado,Dupla,Reta,Não,2,0,1,0,1,0,1,2,-27.08666525,-48.60955587,SPRF-SC,DEL04-SC,UOP03-DEL04-SC,2023
"550830,0",2023-09-25,segunda-feira,07:20:00,SC,282,"51,1",AGUAS MORNAS,Chuva,Saída de leito carroçável,Com Vítimas Fatais,Pleno dia,Decrescente,Chuva,Simples,Curva;Declive,Não,2,1,0,1,0,0,1,1,-27.70239198,-48.9611882,SPRF-SC,DEL01-SC,UOP03-DEL01-SC,2023
"550831,0",2023-09-25,segunda-feira,09:50:00,SC,470,"54,4",BLUMENAU,Desrespeitar a preferência no cruzamento,Colisão transversal,Com Vítimas Feridas,Pleno dia,Crescente,Nublado,Simples,Interseção de Vias,Sim,2,0,1,0,1,0,1,2,-26.8731949,-49.11423785,SPRF-SC,DEL04-SC,UOP01-DEL04-SC,2023
"550836,0",2023-09-25,segunda-feira,10:05:00,SC,101,"118,4",ITAJAI,Condutor deixou de manter distância do veículo da frente,Colisão traseira,Com Vítimas Feridas,Pleno dia,Crescente,Céu Claro,Múltipla,Reta,Não,3,0,1,0,2,0,1,3,-26.895859,-48.71903,SPRF-SC,DEL04-SC,UOP04-DEL04-SC,2023
"550894,0",2023-09-25,segunda-feira,14:15:00,SC,101,"88,4",BARRA VELHA,Ausência de reação do condutor,Colisão traseira,Com Vítimas Feridas,Pleno dia,Crescente,Nublado,Múltipla,Reta,Sim,2,0,1,0,1,0,1,2,-26.65394759,-48.68759215,SPRF-SC,DEL03-SC,UOP02-DEL03-SC,2023
"550901,0",2023-09-25,segunda-feira,15:30:00,SC,101,"202,0",SAO JOSE,Condutor deixou de manter distância do veículo da frente,Colisão traseira,Com Vítimas Feridas,Pleno dia,Decrescente,Chuva,Dupla,Reta,Sim,6,0,2,0,4,0,2,2,-27.55711595,-48.61897889,SPRF-SC,DEL01-SC,UOP01-DEL01-SC,2023
"550924,0",2023-09-25,segunda-feira,15:45:00,SC,101,"397,0",MARACAJA,Chuva,Colisão com objeto,Com Vítimas Feridas,Pleno dia,Crescente,Chuva,Múltipla,Reta;Interseção de Vias;Viaduto,Não,1,0,1,0,0,0,1,1,-28.82482381,-49.40483093,SPRF-SC,DEL02-SC,UOP02-DEL02-SC,2023
"550935,0",2023-09-25,segunda-feira,13:00:00,SC,101,"206,0",SAO JOSE,Chuva,Queda de ocupante de veículo,Com Vítimas Feridas,Pleno dia,Crescente,Chuva,Múltipla,Reta,Sim,2,0,2,0,0,0,2,1,-27.59193546,-48.61824557,SPRF-SC,DEL01-SC,UOP01-DEL01-SC,2023
"550939,0",2023-09-25,segunda-feira,18:00:00,SC,101,"6,0",GARUVA,Demais falhas mecânicas ou elétricas,Incêndio,Sem Vítimas,Plena Noite,Decrescente,Chuva,Dupla,Aclive,Sim,4,0,0,0,4,0,0,1,-26.02692002,-48.86142017,SPRF-SC,DEL03-SC,UOP01-DEL03-SC,2023
"550940,0",2023-09-25,segunda-feira,15:40:00,SC,282,"54,0",AGUAS MORNAS,Velocidade Incompatível,Saída de leito carroçável,Com Vítimas Feridas,Pleno dia,Crescente,Chuva,Simples,Curva,Não,2,0,1,0,1,0,1,1,-27.685799,-48.974514,SPRF-SC,DEL01-SC,UOP03-DEL01-SC,2023
"550944,0",2023-09-25,segunda-feira,18:40:00,SC,101,"5,8",GARUVA,Avarias e/ou desgaste excessivo no pneu,Colisão com objeto,Com Vítimas Feridas,Plena Noite,Crescente,Chuva,Múltipla,Reta,Não,2,0,1,0,1,0,1,1,-26.01779797,-48.86233322,SPRF-SC,DEL03-SC,UOP01-DEL03-SC,2023
"550948,0",2023-09-25,segunda-feira,19:20:00,SC,101,"142,9",BALNEARIO CAMBORIU,Transitar na contramão,Colisão frontal,Com Vítimas Feridas,Plena Noite,Crescente,Chuva,Dupla,Interseção de Vias,Sim,2,0,2,0,0,0,2,2,-27.056089,-48.599449,SPRF-SC,DEL04-SC,UOP03-DEL04-SC,2023
"550957,0",2023-09-23,sábado,06:15:00,SC,282,"537,7",CHAPECO,Ausência de reação do condutor,Saída de leito carroçável,Com Vítimas Feridas,Amanhecer,Decrescente,Céu Claro,Simples,Declive;Curva,Não,1,0,0,1,0,0,1,1,-27.000544,-52.670329,SPRF-SC,DEL07-SC,UOP01-DEL07-SC,2023
"550978,0",2023-09-25,segunda-feira,21:10:00,SC,282,"101,7",ALFREDO WAGNER,Velocidade Incompatível,Saída de leito carroçável,Com Vítimas Feridas,Plena Noite,Decrescente,Céu Claro,Simples,Curva,Sim,5,0,4,1,0,0,5,1,-27.694626,-49.305317,SPRF-SC,DEL01-SC,UOP03-DEL01-SC,2023
"550985,0",2023-09-25,segunda-feira,23:45:00,SC,101,"205,0",SAO JOSE,Ausência de reação do condutor,Tombamento,Com Vítimas Feridas,Plena Noite,Decrescente,Chuva,Dupla,Declive;Curva,Sim,1,0,1,0,0,0,1,1,-27.58313237,-48.61532885,SPRF-SC,DEL01-SC,UOP01-DEL01-SC,2023
"550993,0",2023-09-26,terça-feira,01:15:00,SC,101,"62,5",ARAQUARI,Ingestão de álcool pelo condutor,Saída de leito carroçável,Sem Vítimas,Plena Noite,Crescente,Chuva,Dupla,Reta,Não,1,0,0,0,1,0,0,1,-26.45726778,-48.76143873,SPRF-SC,DEL03-SC,UOP02-DEL03-SC,2023
"551052,0",2023-09-26,terça-feira,10:40:00,SC,101,"133,0",BALNEARIO CAMBORIU,Desrespeitar a preferência no cruzamento,Colisão com objeto,Com Vítimas Feridas,Pleno dia,Decrescente,Chuva,Dupla,Reta;Interseção de Vias,Sim,2,0,1,0,1,0,1,1,-26.99936,-48.64609,SPRF-SC,DEL04-SC,UOP03-DEL04-SC,2023
"551069,0",2023-09-26,terça-feira,11:55:00,SC,470,"54,0",BLUMENAU,Acessar a via sem observar a presença dos outros veículos,Colisão lateral mesmo sentido,Com Vítimas Feridas,Pleno dia,Crescente,Nublado,Simples,Reta;Aclive,Não,2,0,1,0,1,0,1,2,-26.871065,-49.110374,SPRF-SC,DEL04-SC,UOP01-DEL04-SC,2023
"551081,0",2023-09-26,terça-feira,13:15:00,SC,280,"58,0",GUARAMIRIM,Transitar no Acostamento,Colisão transversal,Com Vítimas Feridas,Pleno dia,Crescente,Nublado,Dupla,Reta,Não,2,0,1,0,1,0,1,2,-26.47415593,-49.021211,SPRF-SC,DEL03-SC,UOP03-DEL03-SC,2023
"551085,0",2023-09-26,terça-feira,12:40:00,SC,101,"186,0",BIGUACU,Acumulo de água sobre o pavimento,Saída de leito carroçável,Sem Vítimas,Pleno dia,Decrescente,Chuva,Dupla,Curva,Não,2,0,0,0,2,0,0,1,-27.4341098,-48.62567129,SPRF-SC,DEL01-SC,UOP01-DEL01-SC,2023
"551099,0",2023-09-26,terça-feira,13:30:00,SC,101,"206,0",SAO JOSE,Chuva,Queda de ocupante de veículo,Com Vítimas Feridas,Pleno dia,Crescente,Chuva,Dupla,Curva,Não,1,0,1,0,0,0,1,1,-27.59193546,-48.61824557,SPRF-SC,DEL01-SC,UOP01-DEL01-SC,2023
"551113,0",2023-09-26,terça-feira,16:20:00,SC,101,"117,0",ITAJAI,Ultrapassagem Indevida,Colisão lateral mesmo sentido,Com Vítimas Feridas,Pleno dia,Crescente,Chuva,Simples,Reta,Sim,2,0,1,0,1,0,1,2,-26.88747187,-48.72252969,SPRF-SC,DEL04-SC,UOP04-DEL04-SC,2023
"551114,0",2023-09-26,terça-feira,11:50:00,SC,470,"331,0",CAMPOS NOVOS,Demais falhas mecânicas ou elétricas,Incêndio,Sem Vítimas,Pleno dia,Crescente,Céu Claro,Simples,Reta,Não,1,0,0,0,1,0,0,1,-27.475849,-51.307117,SPRF-SC,DEL07-SC,UOP06-DEL07-SC,2023
"551117,0",2023-09-26,terça-feira,16:30:00,SC,101,"204,0",SAO JOSE,Condutor deixou de manter distância do veículo da frente,Queda de ocupante de veículo,Com Vítimas Feridas,Pleno dia,Crescente,Chuva,Múltipla,Reta,Não,1,0,1,0,0,0,1,1,-27.57413014,-48.61363083,SPRF-SC,DEL01-SC,UOP01-DEL01-SC,2023
"551119,0",2023-09-26,terça-feira,14:20:00,SC,470,"331,0",CAMPOS NOVOS,Desrespeitar a preferência no cruzamento,Colisão transversal,Sem Vítimas,Pleno dia,Crescente,Sol,Simples,Reta;Retorno Regulamentado,Não,2,0,0,0,2,0,0,2,-27.46837362,-51.27645493,SPRF-SC,DEL07-SC,UOP06-DEL07-SC,2023
"551135,0",2023-09-26,terça-feira,17:45:00,SC,101,"204,0",SAO JOSE,Manobra de mudança de faixa,Colisão traseira,Com Vítimas Feridas,Anoitecer,Decrescente,Garoa/Chuvisco,Múltipla,Reta,Sim,3,0,1,0,2,0,1,3,-27.57413014,-48.61363083,SPRF-SC,DEL01-SC,UOP01-DEL01-SC,2023
"551139,0",2023-09-26,terça-feira,17:15:00,SC,470,"158,5",TROMBUDO CENTRAL,Desrespeitar a preferência no cruzamento,Colisão transversal,Com Vítimas Feridas,Pleno dia,Crescente,Chuva,Simples,Interseção de Vias,Não,2,0,1,0,1,0,1,2,-27.287016,-49.778389,SPRF-SC,DEL04-SC,UOP02-DEL04-SC,2023
"551181,0",2023-09-26,terça-feira,21:10:00,SC,282,"539,5",CHAPECO,Ausência de reação do condutor,Saída de leito carroçável,Sem Vítimas,Plena Noite,Crescente,Nublado,Simples,Curva,Não,1,0,0,0,1,0,0,1,-26.993254,-52.681767,SPRF-SC,DEL07-SC,UOP01-DEL07-SC,2023
"551209,0",2023-09-27,quarta-feira,06:25:00,SC,101,"134,3",BALNEARIO CAMBORIU,Condutor deixou de manter distância do veículo da frente,Tombamento,Com Vítimas Feridas,Pleno dia,Decrescente,Chuva,Dupla,Reta,Não,2,0,2,0,0,0,2,1,-27.00218,-48.636433,SPRF-SC,DEL04-SC,UOP03-DEL04-SC,2023
"551226,0",2023-09-27,quarta-feira,07:23:00,SC,101,"119,0",ITAJAI,Reação tardia ou ineficiente do condutor,Tombamento,Com Vítimas Feridas,Pleno dia,Crescente,Chuva,Múltipla,Reta,Sim,1,0,1,0,0,0,1,1,-26.9043179,-48.71555481,SPRF-SC,DEL04-SC,UOP04-DEL04-SC,2023
"551228,0",2023-09-27,quarta-feira,08:30:00,SC,101,"214,0",PALHOCA,Manobra de mudança de faixa,Colisão lateral mesmo sentido,Com Vítimas Feridas,Pleno dia,Decrescente,Nublado,Múltipla,Viaduto;Declive;Reta,Sim,2,0,0,1,1,0,1,2,-27.6389038,-48.66648316,SPRF-SC,DEL01-SC,UOP02-DEL01-SC,2023
"551230,0",2023-09-26,terça-feira,11:30:00,SC,280,"220,0",TRES BARRAS,Ausência de reação do condutor,Tombamento,Com Vítimas Feridas,Pleno dia,Crescente,Céu Claro,Simples,Reta,Não,2,0,2,0,0,0,2,1,-26.17118856,-50.26466388,SPRF-SC,DEL06-SC,UOP04-DEL06-SC,2023
"551235,0",2023-09-27,quarta-feira,08:50:00,SC,470,"46,0",GASPAR,Acesso irregular,Atropelamento de Pedestre,Com Vítimas Feridas,Pleno dia,Crescente,Nublado,Simples,Curva;Em Obras,Não,2,0,0,1,1,0,1,2,-26.860349,-49.03770626,SPRF-SC,DEL04-SC,UOP01-DEL04-SC,2023
"551256,0",2023-09-27,quarta-feira,09:40:00,SC,101,"169,3",TIJUCAS,Ausência de reação do condutor,Colisão traseira,Com Vítimas Feridas,Pleno dia,Decrescente,Garoa/Chuvisco,Dupla,Reta,Sim,2,0,1,0,1,0,1,2,-27.28790602,-48.63095745,SPRF-SC,DEL04-SC,UOP03-DEL04-SC,2023
"551275,0",2023-09-27,quarta-feira,10:50:00,SC,282,"294,0",SAO JOSE DO CERRITO,Ausência de reação do condutor,Saída de leito carroçável,Com Vítimas Feridas,Pleno dia,Decrescente,Nublado,Simples,Curva,Não,1,0,0,1,0,0,1,1,-27.534777,-50.869865,SPRF-SC,DEL07-SC,UOP06-DEL07-SC,2023
"551279,0",2023-09-27,quarta-feira,12:40:00,SC,101,"146,0",ITAPEMA,Ausência de reação do condutor,Colisão traseira,Sem Vítimas,Pleno dia,Decrescente,Céu Claro,Dupla,Reta,Não,3,0,0,0,3,0,0,3,-27.08666525,-48.60955587,SPRF-SC,DEL04-SC,UOP03-DEL04-SC,2023
"551306,0",2023-09-27,quarta-feira,14:10:00,SC,280,"128,0",RIO NEGRINHO,Acessar a via sem observar a presença dos outros veículos,Colisão transversal,Com Vítimas Feridas,Pleno dia,Crescente,Nublado,Simples,Aclive,Não,2,0,1,0,1,0,1,2,-26.24317941,-49.51320018,SPRF-SC,DEL06-SC,UOP03-DEL06-SC,2023
"551325,0",2023-09-18,segunda-feira,13:45:00,SC,101,"148,0",ITAPEMA,Acessar a via sem observar a presença dos outros veículos,Colisão transversal,Com Vítimas Feridas,Pleno dia,Crescente,Céu Claro,Dupla,Interseção de Vias,Sim,3,0,2,0,1,0,2,2,-27.10123686,-48.61807962,SPRF-SC,DEL04-SC,UOP03-DEL04-SC,2023
"551354,0",2023-09-27,quarta-feira,19:05:00,SC,101,"206,6",SAO JOSE,Reação tardia ou ineficiente do condutor,Queda de ocupante de veículo,Com Vítimas Feridas,Plena Noite,Decrescente,Nublado,Múltipla,Reta,Sim,1,0,1,0,0,0,1,1,-27.59193546,-48.61824557,SPRF-SC,DEL01-SC,UOP01-DEL01-SC,2023
"551389,0",2023-09-27,quarta-feira,20:45:00,SC,101,"2,9",ARARANGUA,Pedestre cruzava a pista fora da faixa,Atropelamento de Pedestre,Com Vítimas Fatais,Plena Noite,Decrescente,Nublado,Simples,Reta,Sim,2,1,0,0,1,0,0,2,-28.94048342,-49.49842393,SPRF-SC,DEL03-SC,UOP01-DEL03-SC,2023
"551395,0",2023-08-10,quinta-feira,22:27:00,SC,101,"412,5",ARARANGUA,Ausência de reação do condutor,Colisão traseira,Sem Vítimas,Plena Noite,Decrescente,Céu Claro,Simples,Rotatória,Sim,2,0,0,0,1,1,0,2,-28.95868821,-49.51454401,SPRF-SC,DEL02-SC,UOP02-DEL02-SC,2023
"551400,0",2023-09-28,quinta-feira,02:05:00,SC,116,"30,9",ITAIOPOLIS,Ingestão de álcool pelo condutor,Saída de leito carroçável,Sem Vítimas,Plena Noite,Decrescente,Céu Claro,Simples,Reta,Não,1,0,0,0,1,0,0,1,-26.31187517,-49.96286886,SPRF-SC,DEL06-SC,UOP01-DEL06-SC,2023
"551410,0",2023-09-28,quinta-feira,07:00:00,SC,282,"49,0",AGUAS MORNAS,Condutor Dormindo,Saída de leito carroçável,Com Vítimas Feridas,Pleno dia,Crescente,Céu Claro,Simples,Curva,Não,2,0,2,0,0,0,2,1,-27.712931,-48.943741,SPRF-SC,DEL01-SC,UOP03-DEL01-SC,2023
"551413,0",2023-08-27,domingo,10:50:00,SC,101,"207,0",SAO JOSE,Objeto estático sobre o leito carroçável,Colisão com objeto,Com Vítimas Feridas,Pleno dia,Decrescente,Céu Claro,Dupla,Declive;Curva,Sim,1,0,0,1,0,0,1,1,-27.60001226,-48.6226467,SPRF-SC,DEL01-SC,UOP01-DEL01-SC,2023
"551434,0",2023-09-28,quinta-feira,08:30:00,SC,101,"120,1",ITAJAI,Condutor deixou de manter distância do veículo da frente,Colisão traseira,Com Vítimas Feridas,Pleno dia,Crescente,Céu Claro,Simples,Viaduto,Não,2,0,1,0,1,0,1,2,-26.91842309,-48.70910514,SPRF-SC,DEL04-SC,UOP04-DEL04-SC,2023
"551447,0",2023-09-28,quinta-feira,10:30:00,SC,282,"192,3",LAGES,Ausência de reação do condutor,Saída de leito carroçável,Com Vítimas Feridas,Pleno dia,Decrescente,Céu Claro,Simples,Aclive;Reta,Não,1,0,1,0,0,0,1,1,-27.743231,-50.055424,SPRF-SC,DEL05-SC,UOP01-DEL05-SC,2023
"551448,0",2023-09-28,quinta-feira,10:45:00,SC,101,"108,0",PENHA,Pedestre andava na pista,Atropelamento de Pedestre,Com Vítimas Feridas,Pleno dia,Crescente,Sol,Dupla,Curva,Não,2,0,1,0,0,1,1,2,-26.82606902,-48.69052298,SPRF-SC,DEL03-SC,UOP02-DEL03-SC,2023
"551467,0",2023-09-28,quinta-feira,14:20:00,SC,101,"194,6",BIGUACU,Frear bruscamente,Colisão traseira,Com Vítimas Feridas,Pleno dia,Decrescente,Céu Claro,Simples,Reta,Sim,3,0,1,0,2,0,1,2,-27.49815117,-48.65661236,SPRF-SC,DEL01-SC,UOP01-DEL01-SC,2023
"551474,0",2023-09-28,quinta-feira,15:20:00,SC,101,"201,0",SAO JOSE,Avarias e/ou desgaste excessivo no pneu,Colisão com objeto,Com Vítimas Feridas,Pleno dia,Decrescente,Nublado,Dupla,Curva,Sim,1,0,1,0,0,0,1,1,-27.54836599,-48.61977975,SPRF-SC,DEL01-SC,UOP01-DEL01-SC,2023
"551500,0",2023-09-28,quinta-feira,18:25:00,SC,101,"192,0",BIGUACU,Reação tardia ou ineficiente do condutor,Tombamento,Com Vítimas Feridas,Anoitecer,Decrescente,Nublado,Simples,Reta,Sim,1,0,1,0,0,0,1,1,-27.48443781,-48.64765238,SPRF-SC,DEL01-SC,UOP01-DEL01-SC,2023