id,data_inversa,dia_semana,horario,uf,br,km,municipio,causa_acidente,tipo_acidente,classificacao_acidente,fase_dia,sentido_via,condicao_metereologica,tipo_pista,tracado_via,uso_solo,pessoas,mortos,feridos_leves,feridos_graves,ilesos,ignorados,feridos,veiculos,latitude,longitude,regional,delegacia,uop,ano_arquivo
"551503,0",2023-09-28,quinta-feira,18:00:00,SC,101,"116,0",ITAJAI,Ultrapassagem Indevida,Colisão lateral mesmo sentido,Com Vítimas Feridas,Anoitecer,Decrescente,Nublado,Dupla,Reta,Sim,3,0,1,0,2,0,1,3,-26.91890876,-48.69822365,SPRF-SC,DEL04-SC,UOP04-DEL04-SC,2023
"551541,0",2023-09-28,quinta-feira,21:10:00,SC,101,"157,3",PORTO BELO,Acesso irregular,Colisão transversal,Com Vítimas Feridas,Plena Noite,Crescente,Céu Claro,Dupla,Reta,Sim,3,0,1,1,0,1,2,2,-27.181625,-48.6121179,SPRF-SC,DEL04-SC,UOP03-DEL04-SC,2023
"551549,0",2023-09-28,quinta-feira,18:15:00,SC,101,"421,9",ARARANGUA,Acessar a via sem observar a presença dos outros veículos,Colisão transversal,Com Vítimas Feridas,Plena Noite,Decrescente,Céu Claro,Simples,Reta,Não,2,0,0,1,0,1,1,2,-29.00048611,-49.5576719,SPRF-SC,DEL02-SC,UOP02-DEL02-SC,2023
"551551,0",2023-09-28,quinta-feira,20:00:00,SC,280,"73,0",JARAGUA DO SUL,Acessar a via sem observar a presença dos outros veículos,Colisão transversal,Com Vítimas Feridas,Plena Noite,Crescente,Garoa/Chuvisco,Simples,Reta,Não,4,0,2,0,1,1,2,3,-26.45917102,-49.15245,SPRF-SC,DEL03-SC,UOP03-DEL03-SC,2023
"551555,0",2023-09-28,quinta-feira,21:05:00,SC,280,"120,5",SAO BENTO DO SUL,Reação tardia ou ineficiente do condutor,Saída de leito carroçável,Com Vítimas Feridas,Plena Noite,Crescente,Garoa/Chuvisco,Simples,Reta,Não,2,0,1,0,0,1,1,2,-26.26094075,-49.44273982,SPRF-SC,DEL06-SC,UOP03-DEL06-SC,2023
"551562,0",2023-09-28,quinta-feira,22:00:00,SC,282,"339,6",CAMPOS NOVOS,Reação tardia ou ineficiente do condutor,Colisão com objeto,Com Vítimas Feridas,Plena Noite,Decrescente,Céu Claro,Simples,Aclive;Reta;Interseção de Vias,Não,1,0,1,0,0,0,1,1,-27.392731,-51.195118,SPRF-SC,DEL07-SC,UOP06-DEL07-SC,2023
"551573,0",2023-09-29,sexta-feira,00:25:00,SC,470,"141,0",RIO DO SUL,Reação tardia ou ineficiente do condutor,Saída de leito carroçável,Sem Vítimas,Plena Noite,Decrescente,Garoa/Chuvisco,Simples,Curva,Sim,1,0,0,0,0,1,0,1,-27.226065,-49.666161,SPRF-SC,DEL04-SC,UOP02-DEL04-SC,2023
"551606,0",2023-09-29,sexta-feira,07:40:00,SC,101,"211,3",PALHOCA,Trafegar com motocicleta (ou similar) entre as faixas,Colisão lateral mesmo sentido,Com Vítimas Feridas,Pleno dia,Decrescente,Sol,Múltipla,Reta,Sim,2,0,0,1,1,0,1,2,-27.62329313,-48.65245588,SPRF-SC,DEL01-SC,UOP02-DEL01-SC,2023
"551613,0",2023-09-29,sexta-feira,07:30:00,SC,101,"198,0",BIGUACU,Ausência de reação do condutor,Colisão traseira,Com Vítimas Feridas,Pleno dia,Crescente,Chuva,Múltipla,Reta,Sim,2,0,1,0,1,0,1,2,-27.52658712,-48.63506019,SPRF-SC,DEL01-SC,UOP01-DEL01-SC,2023
"551625,0",2023-09-29,sexta-feira,09:00:00,SC,470,"137,0",RIO DO SUL,Condutor deixou de manter distância do veículo da frente,Colisão traseira,Com Vítimas Feridas,Pleno dia,Crescente,Nublado,Simples,Reta,Sim,2,0,0,1,1,0,1,2,-27.188492,-49.61232,SPRF-SC,DEL04-SC,UOP02-DEL04-SC,2023
"551626,0",2023-09-29,sexta-feira,08:10:00,SC,470,"139,0",RIO DO SUL,Acessar a via sem observar a presença dos outros veículos,Colisão transversal,Com Vítimas Feridas,Pleno dia,Decrescente,Nublado,Simples,Rotatória,Sim,4,0,4,0,0,0,4,2,-27.193869,-49.624071,SPRF-SC,DEL04-SC,UOP02-DEL04-SC,2023
"551640,0",2023-09-29,sexta-feira,08:55:00,SC,470,"140,0",RIO DO SUL,Transitar na contramão,Colisão frontal,Com Vítimas Feridas,Pleno dia,Decrescente,Nublado,Simples,Reta,Sim,2,0,0,1,1,0,1,2,-27.222485,-49.662827,SPRF-SC,DEL04-SC,UOP02-DEL04-SC,2023
"551649,0",2023-09-29,sexta-feira,11:20:00,SC,101,"119,7",ITAJAI,Manobra de mudança de faixa,Colisão lateral mesmo sentido,Com Vítimas Feridas,Pleno dia,Crescente,Céu Claro,Dupla,Reta,Não,2,0,0,1,1,0,1,2,-26.9043179,-48.71555481,SPRF-SC,DEL04-SC,UOP04-DEL04-SC,2023
"551652,0",2023-09-20,quarta-feira,18:25:00,SC,116,"251,5",LAGES,Acessar a via sem observar a presença dos outros veículos,Colisão transversal,Com Vítimas Feridas,Amanhecer,Decrescente,Céu Claro,Simples,Rotatória,Não,5,0,5,0,0,0,5,2,-27.84512201,-50.37880391,SPRF-SC,DEL05-SC,UOP02-DEL05-SC,2023
"551655,0",2023-09-29,sexta-feira,12:15:00,SC,101,"207,2",SAO JOSE,Manobra de mudança de faixa,Colisão traseira,Com Vítimas Feridas,Pleno dia,Decrescente,Céu Claro,Dupla,Reta,Sim,3,0,1,0,2,0,1,3,-27.60001226,-48.6226467,SPRF-SC,DEL01-SC,UOP01-DEL01-SC,2023
"551663,0",2023-09-29,sexta-feira,13:00:00,SC,101,"209,8",SAO JOSE,Ausência de reação do condutor,Queda de ocupante de veículo,Com Vítimas Feridas,Pleno dia,Decrescente,Nublado,Múltipla,Reta,Sim,1,0,1,0,0,0,1,1,-27.61000542,-48.63895057,SPRF-SC,DEL01-SC,UOP01-DEL01-SC,2023
"551686,0",2023-09-29,sexta-feira,15:10:00,SC,101,"146,0",ITAPEMA,Manobra de mudança de faixa,Colisão lateral mesmo sentido,Com Vítimas Feridas,Pleno dia,Decrescente,Céu Claro,Dupla,Reta,Sim,2,0,0,1,1,0,1,2,-27.08666525,-48.60955587,SPRF-SC,DEL04-SC,UOP03-DEL04-SC,2023
"551694,0",2023-09-29,sexta-feira,15:00:00,SC,101,"144,0",ITAPEMA,Manobra de mudança de faixa,Colisão lateral mesmo sentido,Com Vítimas Feridas,Pleno dia,Decrescente,Céu Claro,Dupla,Reta,Sim,2,0,0,1,1,0,1,2,-27.0732659,-48.59672716,SPRF-SC,DEL04-SC,UOP03-DEL04-SC,2023
"551699,0",2023-09-29,sexta-feira,13:25:00,SC,280,"29,2",ARAQUARI,Ausência de reação do condutor,Saída de leito carroçável,Com Vítimas Feridas,Pleno dia,Crescente,Garoa/Chuvisco,Simples,Reta,Sim,1,0,1,0,0,0,1,1,-26.41066264,-48.75295628,SPRF-SC,DEL03-SC,UOP03-DEL03-SC,2023
"551710,0",2023-09-29,sexta-feira,13:15:00,SC,280,"102,4",SAO BENTO DO SUL,Velocidade Incompatível,Saída de leito carroçável,Sem Vítimas,Pleno dia,Decrescente,Chuva,Simples,Declive;Curva,Não,1,0,0,0,0,1,0,1,-26.36381888,-49.34016753,SPRF-SC,DEL06-SC,UOP03-DEL06-SC,2023
"551733,0",2023-09-29,sexta-feira,12:20:00,SC,101,"253,4",PAULO LOPES,Ausência de reação do condutor,Saída de leito carroçável,Com Vítimas Feridas,Pleno dia,Crescente,Céu Claro,Múltipla,Reta,Sim,2,0,0,1,1,0,1,1,-27.96492999,-48.67962057,SPRF-SC,DEL02-SC,UOP03-DEL02-SC,2023
"551745,0",2023-09-29,sexta-feira,18:10:00,SC,101,"207,0",SAO JOSE,Trafegar com motocicleta (ou similar) entre as faixas,Queda de ocupante de veículo,Com Vítimas Feridas,Plena Noite,Crescente,Garoa/Chuvisco,Múltipla,Reta,Sim,2,0,1,0,1,0,1,2,-27.60001226,-48.6226467,SPRF-SC,DEL01-SC,UOP01-DEL01-SC,2023
"551750,0",2023-09-29,sexta-feira,19:10:00,SC,101,"208,5",SAO JOSE,Manobra de mudança de faixa,Colisão lateral mesmo sentido,Com Vítimas Feridas,Plena Noite,Decrescente,Nublado,Dupla,Reta,Sim,1,0,1,0,0,0,1,1,-27.59193546,-48.61824557,SPRF-SC,DEL01-SC,UOP01-DEL01-SC,2023
"551774,0",2023-09-29,sexta-feira,20:35:00,SC,101,"90,3",BARRA VELHA,Reação tardia ou ineficiente do condutor,Saída de leito carroçável,Sem Vítimas,Plena Noite,Crescente,Nublado,Simples,Reta,Sim,1,0,0,0,1,0,0,1,-26.66513991,-48.68973255,SPRF-SC,DEL03-SC,UOP02-DEL03-SC,2023
"551777,0",2023-09-29,sexta-feira,21:10:00,SC,101,"204,0",SAO JOSE,Ausência de reação do condutor,Capotamento,Sem Vítimas,Plena Noite,Decrescente,Nublado,Dupla,Reta,Sim,1,0,0,0,0,1,0,1,-27.57413014,-48.61363083,SPRF-SC,DEL01-SC,UOP01-DEL01-SC,2023
"551784,0",2023-09-29,sexta-feira,22:00:00,SC,470,"169,0",POUSO REDONDO,Ingestão de álcool pelo condutor,Colisão transversal,Com Vítimas Feridas,Plena Noite,Decrescente,Nublado,Múltipla,Reta,Não,4,0,2,0,2,0,2,2,-27.265471,-49.882442,SPRF-SC,DEL04-SC,UOP02-DEL04-SC,2023
"551788,0",2023-09-29,sexta-feira,22:20:00,SC,101,"147,0",ITAPEMA,Acessar a via sem observar a presença dos outros veículos,Colisão transversal,Com Vítimas Feridas,Plena Noite,Crescente,Nublado,Múltipla,Reta,Sim,2,0,2,0,0,0,2,2,-27.09237407,-48.61730888,SPRF-SC,DEL04-SC,UOP03-DEL04-SC,2023
"551808,0",2023-09-29,sexta-feira,23:10:00,SC,101,"383,4",ICARA,Acessar a via sem observar a presença dos outros veículos,Colisão transversal,Com Vítimas Feridas,Plena Noite,Decrescente,Nublado,Dupla,Reta,Sim,2,0,0,1,1,0,1,2,-28.7644284,-49.29379981,SPRF-SC,DEL02-SC,UOP02-DEL02-SC,2023
"551809,0",2023-09-30,sábado,00:05:00,SC,101,"131,0",BALNEARIO CAMBORIU,Acessar a via sem observar a presença dos outros veículos,Colisão transversal,Com Vítimas Feridas,Plena Noite,Crescente,Nublado,Simples,Reta;Interseção de Vias,Sim,2,0,0,1,1,0,1,2,-26.99064209,-48.66310912,SPRF-SC,DEL04-SC,UOP03-DEL04-SC,2023
"551820,0",2023-09-30,sábado,02:40:00,SC,101,"191,0",BIGUACU,Reação tardia ou ineficiente do condutor,Capotamento,Sem Vítimas,Plena Noite,Crescente,Garoa/Chuvisco,Dupla,Curva,Não,2,0,0,0,0,2,0,1,-27.47730273,-48.64127329,SPRF-SC,DEL01-SC,UOP01-DEL01-SC,2023
"551822,0",2023-09-30,sábado,03:30:00,SC,101,"202,0",SAO JOSE,Ingestão de álcool pelo condutor,Colisão com objeto,Sem Vítimas,Plena Noite,Crescente,Garoa/Chuvisco,Simples,Interseção de Vias,Sim,2,0,0,0,2,0,0,2,-27.55711595,-48.61897889,SPRF-SC,DEL01-SC,UOP01-DEL01-SC,2023
"551825,0",2023-09-30,sábado,04:00:00,SC,101,"206,0",SAO JOSE,Reação tardia ou ineficiente do condutor,Colisão transversal,Sem Vítimas,Plena Noite,Crescente,Garoa/Chuvisco,Dupla,Reta,Não,2,0,0,0,2,0,0,2,-27.59193546,-48.61824557,SPRF-SC,DEL01-SC,UOP01-DEL01-SC,2023
"551831,0",2023-09-30,sábado,04:30:00,SC,101,"357,5",SANGAO,Ingestão de álcool pelo condutor,Saída de leito carroçável,Com Vítimas Feridas,Plena Noite,Crescente,Céu Claro,Dupla,Reta,Não,1,0,1,0,0,0,1,1,-28.647651,-49.103666,SPRF-SC,DEL02-SC,UOP01-DEL02-SC,2023
"551835,0",2023-09-30,sábado,04:20:00,SC,470,"271,0",BRUNOPOLIS,Acumulo de água sobre o pavimento,Capotamento,Com Vítimas Feridas,Plena Noite,Decrescente,Chuva,Simples,Reta,Não,1,0,1,0,0,0,1,1,-27.321873,-50.775558,SPRF-SC,DEL07-SC,UOP06-DEL07-SC,2023
"551843,0",2023-09-30,sábado,04:20:00,SC,470,"156,0",TROMBUDO CENTRAL,Transitar na contramão,Colisão frontal,Com Vítimas Feridas,Plena Noite,Decrescente,Chuva,Simples,Declive,Não,2,0,0,2,0,0,2,2,-27.281332,-49.760201,SPRF-SC,DEL04-SC,UOP02-DEL04-SC,2023
"551850,0",2023-09-30,sábado,06:06:00,SC,101,"270,0",IMBITUBA,Ingestão de álcool pelo condutor,Saída de leito carroçável,Sem Vítimas,Pleno dia,Decrescente,Céu Claro,Dupla,Reta,Não,2,0,0,0,2,0,0,1,-28.1015411,-48.70410641,SPRF-SC,DEL02-SC,UOP03-DEL02-SC,2023
"551885,0",2023-09-30,sábado,07:40:00,SC,116,"260,0",CAPAO ALTO,Ingestão de álcool pelo condutor,Colisão traseira,Com Vítimas Feridas,Pleno dia,Crescente,Céu Claro,Simples,Declive;Reta,Não,2,0,0,1,1,0,1,2,-27.90683082,-50.44183731,SPRF-SC,DEL05-SC,UOP02-DEL05-SC,2023
"551887,0",2023-09-30,sábado,07:20:00,SC,470,"287,6",CAMPOS NOVOS,Velocidade Incompatível,Colisão com objeto,Com Vítimas Feridas,Pleno dia,Crescente,Chuva,Simples,Curva,Não,1,0,1,0,0,0,1,1,-27.327944,-50.932907,SPRF-SC,DEL07-SC,UOP06-DEL07-SC,2023
"551922,0",2023-09-30,sábado,13:20:00,SC,101,"41,0",JOINVILLE,Velocidade Incompatível,Colisão com objeto,Com Vítimas Feridas,Pleno dia,Decrescente,Chuva,Dupla,Curva,Não,1,0,1,0,0,0,1,1,-26.31388201,-48.87366772,SPRF-SC,DEL03-SC,UOP01-DEL03-SC,2023
"551940,0",2023-09-30,sábado,15:30:00,SC,282,"1,5",FLORIANOPOLIS,Ausência de reação do condutor,Colisão lateral mesmo sentido,Com Vítimas Feridas,Pleno dia,Crescente,Nublado,Múltipla,Reta,Sim,3,0,2,1,0,0,3,3,-27.602955,-48.580509,SPRF-SC,DEL01-SC,UOP01-DEL01-SC,2023
"551961,0",2023-09-30,sábado,17:30:00,SC,282,"48,0",AGUAS MORNAS,Chuva,Saída de leito carroçável,Com Vítimas Feridas,Pleno dia,Crescente,Chuva,Simples,Curva;Aclive,Não,3,0,0,1,2,0,1,1,-27.714352,-48.938072,SPRF-SC,DEL01-SC,UOP03-DEL01-SC,2023
"551962,0",2023-09-30,sábado,18:30:00,SC,101,"202,1",SAO JOSE,Ausência de reação do condutor,Colisão traseira,Com Vítimas Feridas,Plena Noite,Crescente,Chuva,Dupla,Reta,Sim,3,0,1,0,2,0,1,3,-27.55711595,-48.61897889,SPRF-SC,DEL01-SC,UOP01-DEL01-SC,2023
"551969,0",2023-09-30,sábado,18:20:00,SC,101,"204,8",SAO JOSE,Ausência de reação do condutor,Atropelamento de Pedestre,Com Vítimas Feridas,Plena Noite,Crescente,Garoa/Chuvisco,Múltipla,Reta,Não,2,0,0,1,1,0,1,2,-27.57413014,-48.61363083,SPRF-SC,DEL01-SC,UOP01-DEL01-SC,2023
"551986,0",2023-09-30,sábado,20:20:00,SC,282,"72,0",RANCHO QUEIMADO,Avarias e/ou desgaste excessivo no pneu,Saída de leito carroçável,Com Vítimas Feridas,Plena Noite,Decrescente,Chuva,Simples,Curva;Declive,Não,5,0,1,0,4,0,1,1,-27.6837466,-49.10513163,SPRF-SC,DEL01-SC,UOP03-DEL01-SC,2023
"551989,0",2023-09-30,sábado,20:10:00,SC,101,"78,5",ARAQUARI,Ausência de reação do condutor,Saída de leito carroçável,Sem Vítimas,Plena Noite,Crescente,Chuva,Múltipla,Reta,Não,5,0,0,0,5,0,0,1,-26.57672096,-48.72270551,SPRF-SC,DEL03-SC,UOP02-DEL03-SC,2023
"551992,0",2023-09-30,sábado,21:15:00,SC,282,"70,0",RANCHO QUEIMADO,Chuva,Saída de leito carroçável,Com Vítimas Feridas,Plena Noite,Decrescente,Chuva,Simples,Curva,Não,2,0,2,0,0,0,2,1,-27.692705,-49.091351,SPRF-SC,DEL01-SC,UOP03-DEL01-SC,2023
"551993,0",2023-09-30,sábado,19:55:00,SC,153,"109,8",CONCORDIA,Ingestão de álcool pelo condutor,Colisão lateral sentido oposto,Com Vítimas Feridas,Plena Noite,Crescente,Garoa/Chuvisco,Simples,Curva,Não,4,0,1,0,3,0,1,2,-27.308092,-51.980938,SPRF-SC,DEL07-SC,UOP04-DEL07-SC,2023
"552004,0",2023-09-30,sábado,19:00:00,SC,280,"126,0",RIO NEGRINHO,Condutor deixou de manter distância do veículo da frente,Colisão traseira,Sem Vítimas,Plena Noite,Crescente,Chuva,Simples,Reta,Sim,2,0,0,0,2,0,0,2,-26.23779604,-49.49427399,SPRF-SC,DEL06-SC,UOP03-DEL06-SC,2023
"552052,0",2023-10-01,domingo,04:40:00,SC,101,"28,0",JOINVILLE,Reação tardia ou ineficiente do condutor,Colisão traseira,Com Vítimas Feridas,Plena Noite,Decrescente,Chuva,Dupla,Reta,Não,2,0,1,0,1,0,1,2,-26.20708302,-48.91468406,SPRF-SC,DEL03-SC,UOP01-DEL03-SC,2023
"552053,0",2023-10-01,domingo,01:10:00,SC,470,"239,4",SAO CRISTOVAO DO SUL,Ingestão de álcool pelo condutor,Saída de leito carroçável,Sem Vítimas,Plena Noite,Decrescente,Nevoeiro/Neblina,Simples,Reta,Não,2,0,0,0,2,0,0,1,-27.305603,-50.47327,SPRF-SC,DEL05-SC,UOP03-DEL05-SC,2023
"552058,0",2023-10-01,domingo,04:45:00,SC,101,"28,0",JOINVILLE,Reação tardia ou ineficiente do condutor,Colisão traseira,Com Vítimas Feridas,Plena Noite,Decrescente,Chuva,Dupla,Reta,Não,2,0,1,0,1,0,1,2,-26.20702527,-48.91469479,SPRF-SC,DEL03-SC,UOP01-DEL03-SC,2023
"552059,0",2023-10-01,domingo,02:00:00,SC,470,"263,0",CURITIBANOS,Reação tardia ou ineficiente do condutor,Capotamento,Com Vítimas Feridas,Plena Noite,Decrescente,Céu Claro,Simples,Reta,Não,1,0,1,0,0,0,1,1,-27.302788,-50.701061,SPRF-SC,DEL05-SC,UOP03-DEL05-SC,2023
"552060,0",2023-10-01,domingo,05:20:00,SC,280,"20,0",ARAQUARI,Ausência de reação do condutor,Colisão com objeto,Com Vítimas Feridas,Plena Noite,Crescente,Chuva,Simples,Interseção de Vias,Não,3,0,2,0,1,0,2,1,-26.36990477,-48.68224301,SPRF-SC,DEL03-SC,UOP03-DEL03-SC,2023
"552097,0",2023-10-01,domingo,08:50:00,SC,470,"61,2",BLUMENAU,Ingestão de álcool pelo condutor,Colisão frontal,Com Vítimas Fatais,Pleno dia,Decrescente,Céu Claro,Simples,Reta,Não,3,1,0,0,1,1,0,3,-26.878342,-49.176181,SPRF-SC,DEL04-SC,UOP01-DEL04-SC,2023
"552109,0",2023-10-01,domingo,07:53:00,SC,470,"5,0",NAVEGANTES,Acessar a via sem observar a presença dos outros veículos,Colisão lateral mesmo sentido,Com Vítimas Feridas,Pleno dia,Decrescente,Nublado,Dupla,Reta,Não,2,0,0,1,0,1,1,2,-26.855688,-48.700333,SPRF-SC,DEL04-SC,UOP04-DEL04-SC,2023
"552117,0",2023-10-01,domingo,09:00:00,SC,153,"98,7",CONCORDIA,Reação tardia ou ineficiente do condutor,Tombamento,Com Vítimas Feridas,Pleno dia,Decrescente,Nublado,Simples,Curva,Sim,2,0,2,0,0,0,2,1,-27.24119965,-51.95297241,SPRF-SC,DEL07-SC,UOP04-DEL07-SC,2023
"552149,0",2023-10-01,domingo,12:50:00,SC,282,"5,0",SAO JOSE,Reação tardia ou ineficiente do condutor,Colisão traseira,Com Vítimas Feridas,Pleno dia,Crescente,Nublado,Múltipla,Reta,Sim,2,0,1,0,1,0,1,2,-27.588425,-48.612919,SPRF-SC,DEL01-SC,UOP01-DEL01-SC,2023
"552204,0",2023-10-01,domingo,14:20:00,SC,282,"535,2",CHAPECO,Acumulo de óleo sobre o pavimento,Tombamento,Com Vítimas Feridas,Pleno dia,Crescente,Céu Claro,Simples,Interseção de Vias;Rotatória,Não,1,0,1,0,0,0,1,1,-26.99944837,-52.64613748,SPRF-SC,DEL07-SC,UOP01-DEL07-SC,2023
"552264,0",2023-10-01,domingo,19:40:00,SC,282,"1,3",FLORIANOPOLIS,Condutor deixou de manter distância do veículo da frente,Colisão traseira,Com Vítimas Feridas,Anoitecer,Decrescente,Céu Claro,Múltipla,Reta,Sim,3,0,0,1,1,1,1,2,-27.602955,-48.580509,SPRF-SC,DEL01-SC,UOP01-DEL01-SC,2023
"552269,0",2023-10-01,domingo,21:10:00,SC,282,"29,1",AGUAS MORNAS,Acessar a via sem observar a presença dos outros veículos,Colisão transversal,Com Vítimas Feridas,Plena Noite,Crescente,Céu Claro,Simples,Reta,Sim,3,0,0,1,2,0,1,2,-27.679737,-48.786785,SPRF-SC,DEL01-SC,UOP03-DEL01-SC,2023
"552283,0",2023-10-01,domingo,22:50:00,SC,116,"228,0",CORREIA PINTO,Ausência de reação do condutor,Saída de leito carroçável,Sem Vítimas,Plena Noite,Decrescente,Céu Claro,Simples,Reta,Não,1,0,0,0,1,0,0,1,-27.64596607,-50.33792237,SPRF-SC,DEL05-SC,UOP03-DEL05-SC,2023
"552291,0",2023-10-02,segunda-feira,00:25:00,SC,101,"206,7",PALHOCA,Acessar a via sem observar a presença dos outros veículos,Colisão transversal,Com Vítimas Feridas,Plena Noite,Decrescente,Nublado,Múltipla,Reta,Sim,3,0,0,3,0,0,3,2,-27.59193546,-48.61824557,SPRF-SC,DEL01-SC,UOP01-DEL01-SC,2023
"552307,0",2023-10-02,segunda-feira,01:40:00,SC,282,"6,0",SAO JOSE,Ingestão de álcool pelo condutor,Colisão com objeto,Sem Vítimas,Plena Noite,Crescente,Nublado,Dupla,Curva,Sim,1,0,0,0,0,1,0,1,-27.591936,-48.618244,SPRF-SC,DEL01-SC,UOP01-DEL01-SC,2023
"552333,0",2023-10-02,segunda-feira,06:50:00,SC,101,"329,6",TUBARAO,Reação tardia ou ineficiente do condutor,Saída de leito carroçável,Com Vítimas Feridas,Amanhecer,Crescente,Céu Claro,Dupla,Curva,Não,3,0,2,0,1,0,2,1,-28.4525245,-48.97505522,SPRF-SC,DEL02-SC,UOP01-DEL02-SC,2023
"552337,0",2023-10-02,segunda-feira,07:25:00,SC,101,"329,5",TUBARAO,Reação tardia ou ineficiente do condutor,Colisão traseira,Com Vítimas Feridas,Pleno dia,Crescente,Céu Claro,Dupla,Reta,Não,2,0,1,0,1,0,1,2,-28.44404822,-48.96611372,SPRF-SC,DEL02-SC,UOP01-DEL02-SC,2023
"552344,0",2023-10-02,segunda-feira,07:30:00,SC,101,"328,5",CAPIVARI DE BAIXO,Reação tardia ou ineficiente do condutor,Colisão traseira,Com Vítimas Feridas,Pleno dia,Crescente,Céu Claro,Dupla,Reta,Não,3,0,2,0,0,1,2,2,-28.44998702,-48.97153616,SPRF-SC,DEL02-SC,UOP01-DEL02-SC,2023
"552347,0",2023-10-02,segunda-feira,07:15:00,SC,470,"138,0",RIO DO SUL,Retorno proibido,Colisão transversal,Com Vítimas Feridas,Pleno dia,Crescente,Nublado,Simples,Reta,Sim,2,0,1,0,1,0,1,2,-27.207214,-49.648476,SPRF-SC,DEL04-SC,UOP02-DEL04-SC,2023
"552349,0",2023-10-02,segunda-feira,07:40:00,SC,470,"58,0",BLUMENAU,Acessar a via sem observar a presença dos outros veículos,Colisão lateral mesmo sentido,Com Vítimas Feridas,Pleno dia,Decrescente,Céu Claro,Simples,Reta;Em Obras,Não,2,0,1,0,1,0,1,2,-26.883879,-49.145622,SPRF-SC,DEL04-SC,UOP01-DEL04-SC,2023
"552365,0",2023-10-02,segunda-feira,07:50:00,SC,101,"90,0",BARRA VELHA,Avarias e/ou desgaste excessivo no pneu,Tombamento,Com Vítimas Feridas,Pleno dia,Crescente,Nublado,Múltipla,Reta,Sim,2,0,2,0,0,0,2,1,-26.66148503,-48.68866176,SPRF-SC,DEL03-SC,UOP02-DEL03-SC,2023
"552380,0",2023-10-02,segunda-feira,07:40:00,SC,101,"44,5",JOINVILLE,Reação tardia ou ineficiente do condutor,Queda de ocupante de veículo,Com Vítimas Feridas,Pleno dia,Decrescente,Nublado,Dupla,Interseção de Vias,Não,1,0,1,0,0,0,1,1,-26.31238996,-48.87458997,SPRF-SC,DEL03-SC,UOP01-DEL03-SC,2023
"552381,0",2023-10-02,segunda-feira,08:15:00,SC,101,"328,0",CAPIVARI DE BAIXO,Reação tardia ou ineficiente do condutor,Colisão lateral mesmo sentido,Com Vítimas Feridas,Pleno dia,Crescente,Sol,Dupla,Reta;Aclive,Não,2,0,1,0,1,0,1,2,-28.43648094,-48.95989307,SPRF-SC,DEL02-SC,UOP01-DEL02-SC,2023
"552382,0",2023-06-04,domingo,18:30:00,SC,470,"166,6",POUSO REDONDO,Reação tardia ou ineficiente do condutor,Saída de leito carroçável,Com Vítimas Feridas,Plena Noite,Crescente,Céu Claro,Simples,Reta;Declive,Não,2,0,0,1,1,0,1,1,-27.27179615,-49.859519,SPRF-SC,DEL04-SC,UOP02-DEL04-SC,2023
"552384,0",2023-10-02,segunda-feira,07:00:00,SC,101,"1,1",ARARANGUA,Ausência de reação do condutor,Saída de leito carroçável,Sem Vítimas,Amanhecer,Decrescente,Céu Claro,Simples,Rotatória,Não,1,0,0,0,0,1,0,1,-28.9356,-49.4864,SPRF-SC,DEL02-SC,UOP02-DEL02-SC,2023
"552404,0",2023-10-02,segunda-feira,11:50:00,SC,480,"129,1",CHAPECO,Ausência de reação do condutor,Saída de leito carroçável,Com Vítimas Feridas,Pleno dia,Crescente,Céu Claro,Simples,Reta,Sim,1,0,1,0,0,0,1,1,-27.04656607,-52.63577131,SPRF-SC,DEL07-SC,UOP01-DEL07-SC,2023
"552420,0",2023-10-02,segunda-feira,13:05:00,SC,101,"341,8",TUBARAO,Ausência de reação do condutor,Tombamento,Com Vítimas Feridas,Pleno dia,Decrescente,Céu Claro,Múltipla,Reta,Sim,1,0,1,0,0,0,1,1,-28.50999405,-49.05070686,SPRF-SC,DEL02-SC,UOP01-DEL02-SC,2023
"552464,0",2023-10-02,segunda-feira,17:00:00,SC,470,"58,0",BLUMENAU,Retorno proibido,Colisão lateral mesmo sentido,Com Vítimas Feridas,Pleno dia,Decrescente,Garoa/Chuvisco,Simples,Em Obras;Reta;Interseção de Vias,Não,2,0,1,0,1,0,1,2,-26.883879,-49.145622,SPRF-SC,DEL04-SC,UOP01-DEL04-SC,2023
"552468,0",2023-10-02,segunda-feira,17:00:00,SC,101,"257,0",PAULO LOPES,Manobra de mudança de faixa,Colisão traseira,Com Vítimas Feridas,Pleno dia,Crescente,Sol,Dupla,Reta,Não,2,0,1,0,1,0,1,2,-27.99701205,-48.68755194,SPRF-SC,DEL02-SC,UOP03-DEL02-SC,2023
"552479,0",2023-10-02,segunda-feira,18:00:00,SC,101,"131,0",BALNEARIO CAMBORIU,Manobra de mudança de faixa,Colisão traseira,Com Vítimas Feridas,Anoitecer,Crescente,Céu Claro,Dupla,Reta,Não,2,0,0,1,1,0,1,2,-26.99064209,-48.66310912,SPRF-SC,DEL04-SC,UOP03-DEL04-SC,2023
"552494,0",2023-10-02,segunda-feira,19:35:00,SC,101,"156,0",PORTO BELO,Animais na Pista,Atropelamento de Animal,Com Vítimas Feridas,Plena Noite,Decrescente,Nublado,Múltipla,Reta,Não,1,0,1,0,0,0,1,1,-27.172272,-48.61170204,SPRF-SC,DEL04-SC,UOP03-DEL04-SC,2023