id,data_inversa,dia_semana,horario,uf,br,km,municipio,causa_acidente,tipo_acidente,classificacao_acidente,fase_dia,sentido_via,condicao_metereologica,tipo_pista,tracado_via,uso_solo,pessoas,mortos,feridos_leves,feridos_graves,ilesos,ignorados,feridos,veiculos,latitude,longitude,regional,delegacia,uop,ano_arquivo
"552497,0",2023-10-02,segunda-feira,18:45:00,SC,101,"274,2",IMBITUBA,Falta de elemento de contenção que evite a saída do leito carroçável,Saída de leito carroçável,Com Vítimas Feridas,Plena Noite,Decrescente,Céu Claro,Dupla,Reta,Sim,1,0,0,1,0,0,1,1,-28.129852,-48.69322,SPRF-SC,DEL02-SC,UOP03-DEL02-SC,2023
"552521,0",2023-10-02,segunda-feira,22:15:00,SC,280,"97,1",CORUPA,Neblina,Saída de leito carroçável,Com Vítimas Feridas,Plena Noite,Decrescente,Nevoeiro/Neblina,Simples,Curva;Aclive,Não,2,0,2,0,0,0,2,1,-26.37531616,-49.32563746,SPRF-SC,DEL06-SC,UOP03-DEL06-SC,2023
"552529,0",2023-10-03,terça-feira,02:00:00,SC,101,"387,1",ICARA,Ausência de reação do condutor,Saída de leito carroçável,Com Vítimas Feridas,Plena Noite,Crescente,Céu Claro,Múltipla,Reta,Não,3,0,3,0,0,0,3,1,-28.790978,-49.347532,SPRF-SC,DEL02-SC,UOP02-DEL02-SC,2023
"552538,0",2023-10-03,terça-feira,03:20:00,SC,280,"228,0",CANOINHAS,Curva acentuada,Capotamento,Com Vítimas Feridas,Plena Noite,Decrescente,Nevoeiro/Neblina,Simples,Rotatória,Não,1,0,1,0,0,0,1,1,-26.18436373,-50.34232305,SPRF-SC,DEL06-SC,UOP04-DEL06-SC,2023
"552540,0",2023-10-03,terça-feira,05:45:00,SC,116,"285,0",CAPAO ALTO,Reação tardia ou ineficiente do condutor,Colisão com objeto,Com Vítimas Feridas,Amanhecer,Decrescente,Nevoeiro/Neblina,Simples,Rotatória;Interseção de Vias,Não,1,0,1,0,0,0,1,1,-28.07686499,-50.58126926,SPRF-SC,DEL05-SC,UOP02-DEL05-SC,2023
"552568,0",2023-10-03,terça-feira,08:40:00,SC,101,"37,0",JOINVILLE,Velocidade Incompatível,Colisão traseira,Com Vítimas Feridas,Pleno dia,Crescente,Céu Claro,Simples,Reta,Não,3,0,2,0,1,0,2,3,-26.25050176,-48.90863867,SPRF-SC,DEL03-SC,UOP01-DEL03-SC,2023
"552569,0",2023-10-03,terça-feira,08:30:00,SC,470,"118,0",IBIRAMA,Reação tardia ou ineficiente do condutor,Colisão lateral mesmo sentido,Com Vítimas Feridas,Pleno dia,Crescente,Nublado,Múltipla,Reta;Aclive,Não,2,0,1,0,1,0,1,2,-27.082176,-49.511818,SPRF-SC,DEL04-SC,UOP02-DEL04-SC,2023
"552577,0",2023-10-03,terça-feira,07:40:00,SC,101,"282,8",IMBITUBA,Acessar a via sem observar a presença dos outros veículos,Colisão transversal,Com Vítimas Feridas,Pleno dia,Crescente,Céu Claro,Dupla,Rotatória,Sim,2,0,2,0,0,0,2,2,-28.21547461,-48.69998932,SPRF-SC,DEL02-SC,UOP03-DEL02-SC,2023
"552625,0",2023-10-03,terça-feira,15:25:00,SC,101,"124,0",ITAJAI,Reação tardia ou ineficiente do condutor,Colisão traseira,Com Vítimas Feridas,Pleno dia,Decrescente,Céu Claro,Dupla,Reta,Sim,3,0,1,0,1,1,1,3,-26.946714,-48.685575,SPRF-SC,DEL04-SC,UOP04-DEL04-SC,2023
"552627,0",2023-10-03,terça-feira,15:40:00,SC,282,"3,2",FLORIANOPOLIS,Ausência de reação do condutor,Colisão lateral mesmo sentido,Com Vítimas Feridas,Pleno dia,Decrescente,Céu Claro,Múltipla,Reta,Sim,2,0,1,0,1,0,1,2,-27.600384,-48.599705,SPRF-SC,DEL01-SC,UOP01-DEL01-SC,2023
"552634,0",2023-10-03,terça-feira,16:15:00,SC,282,"43,8",AGUAS MORNAS,Condutor Dormindo,Colisão lateral sentido oposto,Com Vítimas Feridas,Pleno dia,Decrescente,Céu Claro,Simples,Reta;Declive,Não,2,0,2,0,0,0,2,2,-27.719458,-48.897526,SPRF-SC,DEL01-SC,UOP03-DEL01-SC,2023
"552642,0",2023-10-03,terça-feira,17:40:00,SC,101,"213,4",PALHOCA,Ausência de reação do condutor,Colisão traseira,Sem Vítimas,Pleno dia,Crescente,Nublado,Dupla,Reta;Declive,Sim,2,0,0,0,2,0,0,2,-27.63697369,-48.66514142,SPRF-SC,DEL01-SC,UOP02-DEL01-SC,2023
"552645,0",2023-10-03,terça-feira,15:40:00,SC,116,"217,4",CORREIA PINTO,Acessar a via sem observar a presença dos outros veículos,Colisão transversal,Com Vítimas Feridas,Pleno dia,Decrescente,Nublado,Simples,Reta,Sim,2,0,1,0,1,0,1,2,-27.56375401,-50.37549019,SPRF-SC,DEL05-SC,UOP03-DEL05-SC,2023
"552651,0",2023-09-29,sexta-feira,15:40:00,SC,101,"2,7",ARARANGUA,Acessar a via sem observar a presença dos outros veículos,Colisão lateral mesmo sentido,Sem Vítimas,Pleno dia,Crescente,Céu Claro,Simples,Rotatória,Sim,2,0,0,0,2,0,0,2,-28.939,-49.498,SPRF-SC,DEL03-SC,UOP01-DEL03-SC,2023
"552664,0",2023-10-03,terça-feira,17:55:00,SC,101,"436,1",SOMBRIO,Acessar a via sem observar a presença dos outros veículos,Colisão traseira,Com Vítimas Feridas,Pleno dia,Crescente,Céu Claro,Múltipla,Reta,Sim,2,0,0,1,1,0,1,2,-29.11587499,-49.64030743,SPRF-SC,DEL02-SC,UOP02-DEL02-SC,2023
"552665,0",2023-10-03,terça-feira,18:00:00,SC,280,"225,5",TRES BARRAS,Acessar a via sem observar a presença dos outros veículos,Colisão transversal,Com Vítimas Feridas,Pleno dia,Crescente,Nublado,Simples,Reta,Não,2,0,0,1,1,0,1,2,-26.17875971,-50.31308811,SPRF-SC,DEL06-SC,UOP04-DEL06-SC,2023
"552672,0",2023-10-03,terça-feira,18:40:00,SC,101,"110,7",NAVEGANTES,Trafegar com motocicleta (ou similar) entre as faixas,Colisão traseira,Com Vítimas Feridas,Plena Noite,Crescente,Céu Claro,Dupla,Reta,Não,2,0,1,0,1,0,1,2,-26.83477,-48.706151,SPRF-SC,DEL04-SC,UOP04-DEL04-SC,2023
"552697,0",2023-10-03,terça-feira,22:30:00,SC,480,"128,2",CHAPECO,Desrespeitar a preferência no cruzamento,Colisão frontal,Com Vítimas Feridas,Plena Noite,Crescente,Garoa/Chuvisco,Dupla,Interseção de Vias;Aclive,Sim,3,0,1,0,2,0,1,2,-27.03958527,-52.63503671,SPRF-SC,DEL07-SC,UOP01-DEL07-SC,2023
"552704,0",2023-10-03,terça-feira,23:30:00,SC,470,"180,0",POUSO REDONDO,Ultrapassagem Indevida,Colisão frontal,Com Vítimas Feridas,Plena Noite,Crescente,Chuva,Simples,Reta,Não,4,0,0,4,0,0,4,2,-27.249525,-49.987041,SPRF-SC,DEL04-SC,UOP02-DEL04-SC,2023
"552709,0",2023-10-04,quarta-feira,01:30:00,SC,101,"368,0",MORRO DA FUMACA,Ausência de reação do condutor,Colisão com objeto,Com Vítimas Feridas,Plena Noite,Crescente,Chuva,Dupla,Reta,Sim,4,0,1,0,3,0,1,1,-28.6957326,-49.17347228,SPRF-SC,DEL02-SC,UOP01-DEL02-SC,2023
"552710,0",2023-10-04,quarta-feira,01:40:00,SC,280,"124,5",RIO NEGRINHO,Animais na Pista,Queda de ocupante de veículo,Com Vítimas Feridas,Plena Noite,Decrescente,Chuva,Simples,Reta;Declive,Não,1,0,0,1,0,0,1,1,-26.24130297,-49.47514499,SPRF-SC,DEL06-SC,UOP03-DEL06-SC,2023
"552726,0",2023-10-04,quarta-feira,05:40:00,SC,280,"55,7",GUARAMIRIM,Desrespeitar a preferência no cruzamento,Colisão transversal,Com Vítimas Feridas,Pleno dia,Crescente,Chuva,Múltipla,Interseção de Vias;Rotatória;Viaduto,Não,3,0,1,0,2,0,1,2,-26.47584353,-48.9937858,SPRF-SC,DEL03-SC,UOP03-DEL03-SC,2023
"552728,0",2023-10-04,quarta-feira,06:30:00,SC,101,"199,0",SAO JOSE,Manobra de mudança de faixa,Colisão lateral mesmo sentido,Com Vítimas Feridas,Pleno dia,Crescente,Chuva,Dupla,Reta,Sim,2,0,1,0,1,0,1,2,-27.53413705,-48.63003205,SPRF-SC,DEL01-SC,UOP01-DEL01-SC,2023
"552756,0",2023-10-04,quarta-feira,08:00:00,SC,158,"134,2",CAIBI,Condutor deixou de manter distância do veículo da frente,Colisão traseira,Sem Vítimas,Pleno dia,Decrescente,Garoa/Chuvisco,Simples,Interseção de Vias,Não,3,0,0,0,3,0,0,3,-27.0698758,-53.2292199,SPRF-SC,DEL07-SC,UOP02-DEL07-SC,2023
"552770,0",2023-10-04,quarta-feira,09:20:00,SC,101,"39,0",JOINVILLE,Acumulo de água sobre o pavimento,Colisão traseira,Sem Vítimas,Pleno dia,Crescente,Chuva,Múltipla,Reta,Não,2,0,0,0,2,0,0,2,-26.2628107,-48.90192257,SPRF-SC,DEL03-SC,UOP01-DEL03-SC,2023
"552784,0",2023-10-04,quarta-feira,13:00:00,SC,282,"49,0",AGUAS MORNAS,Velocidade Incompatível,Colisão frontal,Com Vítimas Feridas,Pleno dia,Crescente,Chuva,Simples,Curva,Não,2,0,2,0,0,0,2,2,-27.712931,-48.943741,SPRF-SC,DEL01-SC,UOP03-DEL01-SC,2023
"552794,0",2023-09-08,sexta-feira,21:47:00,SC,101,"417,2",ARARANGUA,Ausência de reação do condutor,Colisão transversal,Com Vítimas Fatais,Plena Noite,Decrescente,Céu Claro,Múltipla,Reta,Não,2,1,0,0,1,0,0,2,-28.980735,-49.536989,SPRF-SC,DEL02-SC,UOP02-DEL02-SC,2023
"552824,0",2023-10-04,quarta-feira,17:12:00,SC,101,"209,0",SAO JOSE,Manobra de mudança de faixa,Colisão lateral mesmo sentido,Sem Vítimas,Pleno dia,Decrescente,Nublado,Dupla,Reta,Sim,2,0,0,0,2,0,0,2,-27.61000542,-48.63895057,SPRF-SC,DEL01-SC,UOP01-DEL01-SC,2023
"552857,0",2023-10-04,quarta-feira,10:10:00,SC,282,"388,6",JOACABA,Acumulo de água sobre o pavimento,Saída de leito carroçável,Com Vítimas Feridas,Pleno dia,Decrescente,Chuva,Simples,Reta;Declive,Não,2,0,2,0,0,0,2,1,-27.179003,-51.531616,SPRF-SC,DEL07-SC,UOP05-DEL07-SC,2023
"552864,0",2023-10-04,quarta-feira,10:27:00,SC,282,"435,7",VARGEM BONITA,Acumulo de água sobre o pavimento,Saída de leito carroçável,Com Vítimas Feridas,Pleno dia,Decrescente,Chuva,Simples,Curva,Não,2,0,1,0,1,0,1,1,-26.97752,-51.823841,SPRF-SC,DEL07-SC,UOP04-DEL07-SC,2023
"552868,0",2023-10-04,quarta-feira,19:15:00,SC,163,"74,1",SAO MIGUEL DO OESTE,Reação tardia ou ineficiente do condutor,Saída de leito carroçável,Sem Vítimas,Plena Noite,Decrescente,Garoa/Chuvisco,Simples,Curva,Não,1,0,0,0,1,0,0,1,-26.70200479,-53.51350653,SPRF-SC,DEL07-SC,UOP03-DEL07-SC,2023
"552885,0",2023-10-04,quarta-feira,23:00:00,SC,101,"197,0",BIGUACU,Velocidade Incompatível,Colisão com objeto,Com Vítimas Feridas,Plena Noite,Decrescente,Nublado,Dupla,Aclive;Reta,Sim,2,0,0,1,0,1,1,2,-27.51844497,-48.63848496,SPRF-SC,DEL01-SC,UOP01-DEL01-SC,2023
"552914,0",2023-10-05,quinta-feira,08:00:00,SC,101,"114,0",ITAJAI,Ausência de reação do condutor,Colisão lateral mesmo sentido,Com Vítimas Feridas,Pleno dia,Decrescente,Chuva,Múltipla,Reta,Sim,2,0,0,1,1,0,1,2,-26.86192886,-48.7286704,SPRF-SC,DEL04-SC,UOP04-DEL04-SC,2023
"552918,0",2023-07-01,sábado,13:10:00,SC,282,"168,1",BOCAINA DO SUL,Transitar na contramão,Colisão frontal,Com Vítimas Feridas,Pleno dia,Decrescente,Céu Claro,Simples,Curva,Não,6,0,4,1,1,0,5,3,-27.743206,-49.824162,SPRF-SC,DEL05-SC,UOP01-DEL05-SC,2023
"552923,0",2023-10-05,quinta-feira,08:40:00,SC,101,"209,9",SAO JOSE,Trafegar com motocicleta (ou similar) entre as faixas,Colisão traseira,Com Vítimas Feridas,Pleno dia,Decrescente,Nublado,Múltipla,Reta,Sim,5,0,4,0,1,0,4,3,-27.61000542,-48.63895057,SPRF-SC,DEL01-SC,UOP01-DEL01-SC,2023
"552933,0",2023-10-05,quinta-feira,08:20:00,SC,101,"377,8",ICARA,Manobra de mudança de faixa,Saída de leito carroçável,Com Vítimas Feridas,Pleno dia,Crescente,Nublado,Dupla,Reta,Sim,1,0,1,0,0,0,1,1,-28.74671869,-49.2615366,SPRF-SC,DEL02-SC,UOP01-DEL02-SC,2023
"552962,0",2023-10-05,quinta-feira,10:15:00,SC,282,"230,0",LAGES,Ausência de reação do condutor,Colisão traseira,Sem Vítimas,Pleno dia,Decrescente,Nublado,Simples,Curva,Não,5,0,0,0,5,0,0,4,-27.79109867,-50.41381359,SPRF-SC,DEL05-SC,UOP02-DEL05-SC,2023
"552968,0",2023-10-05,quinta-feira,12:40:00,SC,101,"324,7",CAPIVARI DE BAIXO,Desrespeitar a preferência no cruzamento,Colisão transversal,Com Vítimas Feridas,Pleno dia,Decrescente,Nublado,Dupla,Interseção de Vias,Sim,2,0,1,0,1,0,1,2,-28.43307203,-48.95439148,SPRF-SC,DEL02-SC,UOP01-DEL02-SC,2023
"552971,0",2023-10-05,quinta-feira,14:00:00,SC,101,"201,0",SAO JOSE,Reação tardia ou ineficiente do condutor,Colisão traseira,Com Vítimas Feridas,Pleno dia,Decrescente,Garoa/Chuvisco,Múltipla,Reta,Sim,2,0,1,0,1,0,1,2,-27.54836599,-48.61977975,SPRF-SC,DEL01-SC,UOP01-DEL01-SC,2023
"552983,0",2023-10-05,quinta-feira,14:30:00,SC,101,"26,5",JOINVILLE,Chuva,Queda de ocupante de veículo,Com Vítimas Feridas,Pleno dia,Crescente,Chuva,Dupla,Reta,Não,2,0,1,0,1,0,1,2,-26.19234802,-48.91210384,SPRF-SC,DEL03-SC,UOP01-DEL03-SC,2023
"553005,0",2023-10-05,quinta-feira,16:00:00,SC,101,"353,2",JAGUARUNA,Demais falhas mecânicas ou elétricas,Queda de ocupante de veículo,Com Vítimas Feridas,Pleno dia,Crescente,Céu Claro,Dupla,Reta,Não,2,0,1,0,1,0,1,1,-28.61232036,-49.06197674,SPRF-SC,DEL02-SC,UOP01-DEL02-SC,2023
"553007,0",2023-10-05,quinta-feira,18:35:00,SC,101,"208,0",SAO JOSE,Manobra de mudança de faixa,Colisão lateral mesmo sentido,Com Vítimas Feridas,Anoitecer,Crescente,Nublado,Múltipla,Reta,Sim,2,0,1,0,1,0,1,2,-27.60327979,-48.63201818,SPRF-SC,DEL01-SC,UOP01-DEL01-SC,2023
"553019,0",2023-10-05,quinta-feira,19:00:00,SC,282,"4,2",SAO JOSE,Manobra de mudança de faixa,Tombamento,Com Vítimas Feridas,Plena Noite,Crescente,Nublado,Múltipla,Reta,Sim,2,0,1,0,1,0,1,2,-27.592646,-48.604034,SPRF-SC,DEL01-SC,UOP01-DEL01-SC,2023
"553020,0",2023-10-05,quinta-feira,17:30:00,SC,163,"107,0",GUARUJA DO SUL,Acessar a via sem observar a presença dos outros veículos,Colisão frontal,Com Vítimas Feridas,Pleno dia,Crescente,Céu Claro,Simples,Aclive,Não,2,0,1,0,1,0,1,2,-26.42588626,-53.52232218,SPRF-SC,DEL07-SC,UOP03-DEL07-SC,2023
"553079,0",2023-10-06,sexta-feira,04:00:00,SC,101,"178,0",BIGUACU,Ingestão de álcool pelo condutor,Colisão traseira,Sem Vítimas,Plena Noite,Decrescente,Garoa/Chuvisco,Dupla,Reta,Não,2,0,0,0,2,0,0,2,-27.36408098,-48.63391212,SPRF-SC,DEL01-SC,UOP01-DEL01-SC,2023
"553084,0",2023-10-01,domingo,09:30:00,SC,282,"501,0",XANXERE,Acessar a via sem observar a presença dos outros veículos,Colisão transversal,Com Vítimas Feridas,Pleno dia,Decrescente,Céu Claro,Simples,Rotatória,Sim,4,0,2,0,2,0,2,2,-26.882715,-52.381729,SPRF-SC,DEL07-SC,UOP01-DEL07-SC,2023
"553103,0",2023-10-06,sexta-feira,07:30:00,SC,282,"482,1",VARGEAO,Velocidade Incompatível,Saída de leito carroçável,Com Vítimas Feridas,Pleno dia,Decrescente,Nublado,Simples,Curva,Não,1,0,1,0,0,0,1,1,-26.865356,-52.209568,SPRF-SC,DEL07-SC,UOP01-DEL07-SC,2023
"553106,0",2023-10-06,sexta-feira,08:20:00,SC,101,"211,0",PALHOCA,Trafegar com motocicleta (ou similar) entre as faixas,Tombamento,Com Vítimas Feridas,Pleno dia,Decrescente,Chuva,Dupla,Reta,Sim,1,0,1,0,0,0,1,1,-27.62329313,-48.65245588,SPRF-SC,DEL01-SC,UOP02-DEL01-SC,2023
"553114,0",2023-09-17,domingo,19:35:00,SC,101,"207,0",SAO JOSE,Condutor deixou de manter distância do veículo da frente,Colisão traseira,Com Vítimas Feridas,Plena Noite,Crescente,Céu Claro,Múltipla,Reta,Sim,2,0,1,0,1,0,1,2,-27.60001226,-48.6226467,SPRF-SC,DEL01-SC,UOP01-DEL01-SC,2023
"553137,0",2023-10-06,sexta-feira,10:10:00,SC,101,"196,2",BIGUACU,Ingestão de substâncias psicoativas pelo condutor,Colisão com objeto,Com Vítimas Feridas,Pleno dia,Decrescente,Nublado,Dupla,Reta,Sim,1,0,1,0,0,0,1,1,-27.51276282,-48.64087343,SPRF-SC,DEL01-SC,UOP01-DEL01-SC,2023
"553142,0",2023-10-06,sexta-feira,11:00:00,SC,101,"213,6",PALHOCA,Manobra de mudança de faixa,Colisão lateral mesmo sentido,Com Vítimas Feridas,Pleno dia,Decrescente,Nublado,Dupla,Reta,Sim,2,0,1,0,0,1,1,2,-27.63697369,-48.66514142,SPRF-SC,DEL01-SC,UOP02-DEL01-SC,2023
"553149,0",2023-10-06,sexta-feira,11:25:00,SC,470,"141,1",RIO DO SUL,Acessar a via sem observar a presença dos outros veículos,Colisão transversal,Com Vítimas Feridas,Pleno dia,Decrescente,Nublado,Simples,Reta,Não,2,0,2,0,0,0,2,2,-27.226065,-49.666161,SPRF-SC,DEL04-SC,UOP02-DEL04-SC,2023
"553169,0",2023-10-06,sexta-feira,12:30:00,SC,101,"321,2",PESCARIA BRAVA,Ausência de reação do condutor,Saída de leito carroçável,Com Vítimas Feridas,Pleno dia,Crescente,Nublado,Dupla,Reta,Sim,2,0,0,1,0,1,1,2,-28.42532339,-48.8919091,SPRF-SC,DEL02-SC,UOP01-DEL02-SC,2023
"553172,0",2023-10-01,domingo,07:00:00,SC,282,"535,2",CHAPECO,Desrespeitar a preferência no cruzamento,Colisão transversal,Com Vítimas Feridas,Pleno dia,Decrescente,Nublado,Simples,Interseção de Vias;Rotatória,Não,2,0,1,0,1,0,1,2,-26.99949985,-52.64601231,SPRF-SC,DEL07-SC,UOP01-DEL07-SC,2023
"553192,0",2023-10-06,sexta-feira,14:15:00,SC,101,"327,0",CAPIVARI DE BAIXO,Ausência de reação do condutor,Colisão com objeto,Sem Vítimas,Pleno dia,Crescente,Chuva,Múltipla,Viaduto;Aclive,Sim,1,0,0,0,1,0,0,1,-28.43023306,-48.95205197,SPRF-SC,DEL02-SC,UOP01-DEL02-SC,2023
"553202,0",2023-10-06,sexta-feira,16:25:00,SC,470,"1,4",NAVEGANTES,Ausência de reação do condutor,Colisão lateral mesmo sentido,Com Vítimas Feridas,Pleno dia,Crescente,Nublado,Simples,Reta,Não,2,0,0,1,1,0,1,2,-26.875383,-48.668285,SPRF-SC,DEL04-SC,UOP04-DEL04-SC,2023
"553216,0",2023-10-06,sexta-feira,14:01:00,SC,470,"343,8",CAMPOS NOVOS,Condutor Dormindo,Saída de leito carroçável,Com Vítimas Feridas,Pleno dia,Crescente,Chuva,Simples,Reta,Não,1,0,0,1,0,0,1,1,-27.533686,-51.399784,SPRF-SC,DEL07-SC,UOP06-DEL07-SC,2023
"553221,0",2023-10-06,sexta-feira,18:25:00,SC,282,"3,0",FLORIANOPOLIS,Condutor deixou de manter distância do veículo da frente,Tombamento,Com Vítimas Feridas,Anoitecer,Crescente,Chuva,Dupla,Reta,Não,1,0,1,0,0,0,1,1,-27.600384,-48.599705,SPRF-SC,DEL01-SC,UOP01-DEL01-SC,2023
"553232,0",2023-10-06,sexta-feira,16:40:00,SC,116,"267,7",CAPAO ALTO,Desrespeitar a preferência no cruzamento,Colisão transversal,Com Vítimas Feridas,Pleno dia,Decrescente,Chuva,Simples,Interseção de Vias,Não,6,0,1,0,5,0,1,2,-27.95646288,-50.48443079,SPRF-SC,DEL05-SC,UOP02-DEL05-SC,2023
"553253,0",2023-10-06,sexta-feira,18:30:00,SC,101,"92,5",BARRA VELHA,Avarias e/ou desgaste excessivo no pneu,Tombamento,Com Vítimas Feridas,Plena Noite,Decrescente,Nublado,Dupla,Reta,Sim,2,0,2,0,0,0,2,1,-26.6806041,-48.6931497,SPRF-SC,DEL03-SC,UOP02-DEL03-SC,2023
"553258,0",2023-10-06,sexta-feira,19:05:00,SC,282,"400,2",JOACABA,Transitar na contramão,Colisão frontal,Com Vítimas Feridas,Plena Noite,Decrescente,Chuva,Simples,Curva;Aclive,Não,5,0,1,0,4,0,1,3,-27.134572,-51.624986,SPRF-SC,DEL07-SC,UOP05-DEL07-SC,2023
"553278,0",2023-10-06,sexta-feira,20:10:00,SC,282,"502,3",XANXERE,Acessar a via sem observar a presença dos outros veículos,Colisão transversal,Com Vítimas Feridas,Plena Noite,Decrescente,Garoa/Chuvisco,Dupla,Rotatória,Sim,2,0,1,0,1,0,1,2,-26.88561443,-52.39498788,SPRF-SC,DEL07-SC,UOP01-DEL07-SC,2023
"553284,0",2023-10-06,sexta-feira,19:10:00,SC,480,"130,8",CHAPECO,Acessar a via sem observar a presença dos outros veículos,Colisão transversal,Sem Vítimas,Plena Noite,Crescente,Chuva,Simples,Interseção de Vias,Sim,2,0,0,0,2,0,0,2,-27.05534298,-52.63652069,SPRF-SC,DEL07-SC,UOP01-DEL07-SC,2023
"553298,0",2023-10-06,sexta-feira,22:30:00,SC,101,"202,7",SAO JOSE,Manobra de mudança de faixa,Colisão traseira,Com Vítimas Feridas,Pleno dia,Crescente,Garoa/Chuvisco,Dupla,Reta;Interseção de Vias,Sim,2,0,1,0,1,0,1,2,-27.55711595,-48.61897889,SPRF-SC,DEL01-SC,UOP01-DEL01-SC,2023
"553299,0",2023-10-06,sexta-feira,22:30:00,SC,470,"63,0",INDAIAL,Ingestão de álcool pelo condutor,Colisão traseira,Sem Vítimas,Plena Noite,Crescente,Nublado,Simples,Reta,Não,2,0,0,0,2,0,0,2,-26.872396,-49.19228,SPRF-SC,DEL04-SC,UOP01-DEL04-SC,2023
"553311,0",2023-10-06,sexta-feira,23:35:00,SC,116,"1,0",MAFRA,Ingestão de álcool pelo condutor,Colisão frontal,Com Vítimas Feridas,Plena Noite,Decrescente,Nevoeiro/Neblina,Simples,Declive;Rotatória,Sim,3,0,2,1,0,0,3,2,-26.1170929,-49.78694917,SPRF-SC,DEL06-SC,UOP01-DEL06-SC,2023
"553314,0",2023-10-07,sábado,01:00:00,SC,101,"142,0",BALNEARIO CAMBORIU,Demais falhas mecânicas ou elétricas,Tombamento,Com Vítimas Feridas,Plena Noite,Decrescente,Chuva,Dupla,Reta,Sim,2,0,2,0,0,0,2,1,-27.056089,-48.599449,SPRF-SC,DEL04-SC,UOP03-DEL04-SC,2023
"553315,0",2023-10-07,sábado,00:40:00,SC,101,"282,0",IMBITUBA,Ingestão de álcool pelo condutor,Saída de leito carroçável,Sem Vítimas,Plena Noite,Crescente,Chuva,Dupla,Reta,Não,1,0,0,0,1,0,0,1,-28.19626005,-48.69739859,SPRF-SC,DEL02-SC,UOP03-DEL02-SC,2023
"553325,0",2023-10-07,sábado,03:00:00,SC,280,"47,7",GUARAMIRIM,Ingestão de álcool pelo condutor,Saída de leito carroçável,Com Vítimas Feridas,Plena Noite,Crescente,Garoa/Chuvisco,Simples,Reta,Não,1,0,1,0,0,0,1,1,-26.45353692,-48.917876,SPRF-SC,DEL03-SC,UOP03-DEL03-SC,2023
"553332,0",2023-10-07,sábado,03:45:00,SC,101,"334,8",TUBARAO,Reação tardia ou ineficiente do condutor,Saída de leito carroçável,Sem Vítimas,Plena Noite,Crescente,Chuva,Dupla,Reta,Sim,1,0,0,0,1,0,0,1,-28.4728477,-49.02418792,SPRF-SC,DEL02-SC,UOP01-DEL02-SC,2023
"553337,0",2023-10-06,sexta-feira,22:00:00,SC,101,"231,0",PALHOCA,Pedestre andava na pista,Atropelamento de Pedestre,Com Vítimas Fatais,Plena Noite,Decrescente,Chuva,Dupla,Reta,Não,3,1,0,0,2,0,0,2,-27.785544,-48.63531,SPRF-SC,DEL01-SC,UOP02-DEL01-SC,2023
"553338,0",2023-10-07,sábado,05:00:00,SC,101,"337,0",TUBARAO,Demais falhas na via,Colisão com objeto,Sem Vítimas,Plena Noite,Crescente,Chuva,Múltipla,Reta;Túnel,Sim,2,0,0,0,2,0,0,1,-28.47801624,-49.03246283,SPRF-SC,DEL02-SC,UOP01-DEL02-SC,2023
"553352,0",2023-10-07,sábado,00:25:00,SC,101,"277,0",IMBITUBA,Ingestão de álcool e/ou substâncias psicoativas pelo pedestre,Saída de leito carroçável,Sem Vítimas,Plena Noite,Crescente,Chuva,Simples,Reta,Não,1,0,0,0,1,0,0,1,-28.17131302,-48.69463482,SPRF-SC,DEL02-SC,UOP03-DEL02-SC,2023
"553357,0",2023-10-07,sábado,05:55:00,SC,163,"99,6",SAO JOSE DO CEDRO,Ausência de reação do condutor,Colisão frontal,Sem Vítimas,Amanhecer,Decrescente,Céu Claro,Simples,Reta;Em Obras,Não,2,0,0,0,1,1,0,2,-26.4861159,-53.50382419,SPRF-SC,DEL07-SC,UOP03-DEL07-SC,2023
"553365,0",2023-10-07,sábado,07:15:00,SC,101,"193,4",BIGUACU,Ingestão de álcool pelo condutor,Colisão traseira,Com Vítimas Feridas,Pleno dia,Crescente,Chuva,Múltipla,Reta,Sim,2,0,1,0,1,0,1,2,-27.489574,-48.655914,SPRF-SC,DEL01-SC,UOP01-DEL01-SC,2023
"553389,0",2023-10-07,sábado,09:45:00,SC,101,"423,6",ARARANGUA,Manobra de mudança de faixa,Colisão traseira,Com Vítimas Feridas,Pleno dia,Crescente,Chuva,Múltipla,Viaduto;Reta;Aclive,Sim,3,0,1,0,2,0,1,2,-29.01106757,-49.57413825,SPRF-SC,DEL02-SC,UOP02-DEL02-SC,2023
"553421,0",2023-10-07,sábado,10:40:00,SC,101,"298,0",LAGUNA,Condutor deixou de manter distância do veículo da frente,Colisão traseira,Com Vítimas Feridas,Pleno dia,Crescente,Garoa/Chuvisco,Múltipla,Reta,Não,6,0,1,0,5,0,1,2,-28.32102597,-48.72829906,SPRF-SC,DEL02-SC,UOP03-DEL02-SC,2023
"553423,0",2023-10-07,sábado,12:05:00,SC,101,"138,0",BALNEARIO CAMBORIU,Velocidade Incompatível,Colisão com objeto,Sem Vítimas,Pleno dia,Decrescente,Chuva,Múltipla,Curva,Sim,1,0,0,0,0,1,0,1,-27.02397426,-48.60761649,SPRF-SC,DEL04-SC,UOP03-DEL04-SC,2023
"553433,0",2023-10-07,sábado,14:20:00,SC,101,"47,0",JOINVILLE,Avarias e/ou desgaste excessivo no pneu,Colisão traseira,Com Vítimas Feridas,Pleno dia,Crescente,Chuva,Dupla,Reta,Não,3,0,1,0,2,0,1,2,-26.34234997,-48.85840089,SPRF-SC,DEL03-SC,UOP01-DEL03-SC,2023