id,data_inversa,dia_semana,horario,uf,br,km,municipio,causa_acidente,tipo_acidente,classificacao_acidente,fase_dia,sentido_via,condicao_metereologica,tipo_pista,tracado_via,uso_solo,pessoas,mortos,feridos_leves,feridos_graves,ilesos,ignorados,feridos,veiculos,latitude,longitude,regional,delegacia,uop,ano_arquivo
"553440,0",2023-10-07,sábado,10:45:00,SC,116,"245,3",LAGES,Acessar a via sem observar a presença dos outros veículos,Colisão transversal,Com Vítimas Feridas,Pleno dia,Crescente,Chuva,Simples,Rotatória,Sim,2,0,2,0,0,0,2,2,-27.79544281,-50.36187437,SPRF-SC,DEL05-SC,UOP01-DEL05-SC,2023
"553452,0",2023-10-07,sábado,16:10:00,SC,470,"67,0",INDAIAL,Ausência de reação do condutor,Saída de leito carroçável,Com Vítimas Feridas,Pleno dia,Crescente,Chuva,Dupla,Reta,Sim,3,0,3,0,0,0,3,1,-26.872158,-49.23127,SPRF-SC,DEL04-SC,UOP01-DEL04-SC,2023
"553461,0",2023-10-07,sábado,17:10:00,SC,282,"18,2",PALHOCA,Condutor deixou de manter distância do veículo da frente,Colisão traseira,Com Vítimas Feridas,Pleno dia,Decrescente,Chuva,Simples,Curva,Não,3,0,2,0,1,0,2,2,-27.672798,-48.694286,SPRF-SC,DEL01-SC,UOP02-DEL01-SC,2023
"553464,0",2023-10-07,sábado,16:10:00,SC,101,"242,8",PALHOCA,Demais falhas mecânicas ou elétricas,Tombamento,Com Vítimas Feridas,Pleno dia,Decrescente,Nublado,Múltipla,Reta,Sim,1,0,1,0,0,0,1,1,-27.87545797,-48.64678433,SPRF-SC,DEL01-SC,UOP02-DEL01-SC,2023
"553476,0",2023-10-07,sábado,19:00:00,SC,470,"62,2",INDAIAL,Acessar a via sem observar a presença dos outros veículos,Colisão transversal,Com Vítimas Feridas,Plena Noite,Crescente,Chuva,Simples,Reta,Não,2,0,2,0,0,0,2,2,-26.874521,-49.182938,SPRF-SC,DEL04-SC,UOP01-DEL04-SC,2023
"553478,0",2023-10-07,sábado,16:00:00,SC,282,"3,7",FLORIANOPOLIS,Avarias e/ou desgaste excessivo no pneu,Colisão frontal,Com Vítimas Feridas,Pleno dia,Decrescente,Chuva,Dupla,Reta,Sim,2,0,1,0,1,0,1,2,-27.600384,-48.599705,SPRF-SC,DEL01-SC,UOP01-DEL01-SC,2023
"553481,0",2023-10-07,sábado,17:49:00,SC,282,"6,0",SAO JOSE,Ingestão de álcool pelo condutor,Colisão lateral mesmo sentido,Sem Vítimas,Pleno dia,Decrescente,Garoa/Chuvisco,Dupla,Curva,Não,2,0,0,0,2,0,0,2,-27.591936,-48.618244,SPRF-SC,DEL01-SC,UOP01-DEL01-SC,2023
"553483,0",2023-10-07,sábado,19:30:00,SC,470,"0,5",GASPAR,Acessar a via sem observar a presença dos outros veículos,Colisão transversal,Com Vítimas Feridas,Plena Noite,Decrescente,Nublado,Simples,Reta,Sim,2,0,1,0,1,0,1,2,-26.93187,-48.959316,SPRF-SC,DEL04-SC,UOP01-DEL04-SC,2023
"553511,0",2023-10-07,sábado,23:00:00,SC,282,"17,5",PALHOCA,Pista esburacada,Tombamento,Com Vítimas Feridas,Plena Noite,Crescente,Chuva,Simples,Reta,Sim,1,0,1,0,0,0,1,1,-27.665707,-48.688065,SPRF-SC,DEL01-SC,UOP02-DEL01-SC,2023
"553535,0",2023-10-08,domingo,01:45:00,SC,101,"3,0",ARARANGUA,Pedestre andava na pista,Atropelamento de Pedestre,Com Vítimas Feridas,Plena Noite,Crescente,Chuva,Simples,Reta,Sim,2,0,1,0,0,1,1,2,-28.9397752,-49.49810548,SPRF-SC,DEL02-SC,UOP02-DEL02-SC,2023
"553537,0",2023-10-08,domingo,01:40:00,SC,101,"155,0",PORTO BELO,Ingestão de álcool pelo condutor,Saída de leito carroçável,Sem Vítimas,Plena Noite,Crescente,Garoa/Chuvisco,Dupla,Curva,Sim,1,0,0,0,1,0,0,1,-27.16292,-48.61129,SPRF-SC,DEL04-SC,UOP03-DEL04-SC,2023
"553544,0",2023-10-08,domingo,03:00:00,SC,101,"138,0",BALNEARIO CAMBORIU,Ingestão de álcool pelo condutor,Saída de leito carroçável,Sem Vítimas,Plena Noite,Decrescente,Chuva,Dupla,Curva,Não,2,0,0,0,0,2,0,1,-27.02397426,-48.60761649,SPRF-SC,DEL04-SC,UOP03-DEL04-SC,2023
"553547,0",2023-10-08,domingo,03:20:00,SC,101,"145,0",ITAPEMA,Ingestão de álcool pelo condutor,Saída de leito carroçável,Sem Vítimas,Plena Noite,Crescente,Nublado,Dupla,Reta,Sim,1,0,0,0,1,0,0,1,-27.08139206,-48.60130993,SPRF-SC,DEL04-SC,UOP03-DEL04-SC,2023
"553552,0",2023-10-08,domingo,03:35:00,SC,116,"239,0",LAGES,Ausência de reação do condutor,Saída de leito carroçável,Sem Vítimas,Plena Noite,Decrescente,Garoa/Chuvisco,Simples,Curva;Rotatória,Não,1,0,0,0,1,0,0,1,-27.74970872,-50.33489227,SPRF-SC,DEL05-SC,UOP01-DEL05-SC,2023
"553559,0",2023-10-08,domingo,05:00:00,SC,101,"135,0",BALNEARIO CAMBORIU,Ingestão de álcool pelo condutor,Saída de leito carroçável,Com Vítimas Feridas,Plena Noite,Crescente,Nublado,Múltipla,Reta,Sim,2,0,1,0,0,1,1,1,-27.0050108,-48.62677494,SPRF-SC,DEL04-SC,UOP03-DEL04-SC,2023
"553560,0",2023-10-08,domingo,05:00:00,SC,116,"235,0",LAGES,Ausência de reação do condutor,Saída de leito carroçável,Sem Vítimas,Plena Noite,Decrescente,Garoa/Chuvisco,Simples,Curva,Não,1,0,0,0,0,1,0,1,-27.711685,-50.33625903,SPRF-SC,DEL05-SC,UOP01-DEL05-SC,2023
"553561,0",2023-10-08,domingo,04:45:00,SC,101,"198,8",SAO JOSE,Ingestão de álcool pelo condutor,Colisão traseira,Sem Vítimas,Plena Noite,Crescente,Chuva,Dupla,Reta,Sim,2,0,0,0,2,0,0,2,-27.52658712,-48.63506019,SPRF-SC,DEL01-SC,UOP01-DEL01-SC,2023
"553581,0",2023-10-07,sábado,23:40:00,SC,101,"211,3",PALHOCA,Chuva,Capotamento,Sem Vítimas,Plena Noite,Crescente,Chuva,Múltipla,Reta,Não,1,0,0,0,1,0,0,1,-27.62329313,-48.65245588,SPRF-SC,DEL01-SC,UOP02-DEL01-SC,2023
"553582,0",2023-10-08,domingo,01:20:00,SC,101,"221,0",PALHOCA,Chuva,Tombamento,Sem Vítimas,Plena Noite,Crescente,Chuva,Dupla,Reta,Não,1,0,0,0,1,0,0,1,-27.70012652,-48.66021182,SPRF-SC,DEL01-SC,UOP02-DEL01-SC,2023
"553584,0",2023-10-08,domingo,06:30:00,SC,101,"213,2",PALHOCA,Chuva,Colisão com objeto,Sem Vítimas,Pleno dia,Decrescente,Chuva,Múltipla,Reta,Não,2,0,0,0,2,0,0,2,-27.63697369,-48.66514142,SPRF-SC,DEL01-SC,UOP02-DEL01-SC,2023
"553586,0",2023-10-08,domingo,06:20:00,SC,101,"121,0",ITAJAI,Ausência de reação do condutor,Queda de ocupante de veículo,Com Vítimas Feridas,Pleno dia,Crescente,Garoa/Chuvisco,Múltipla,Reta,Não,1,0,1,0,0,0,1,1,-26.92103178,-48.70856446,SPRF-SC,DEL04-SC,UOP04-DEL04-SC,2023
"553590,0",2023-10-07,sábado,18:15:00,SC,116,"138,7",SANTA CECILIA,Acessar a via sem observar a presença dos outros veículos,Colisão transversal,Sem Vítimas,Anoitecer,Crescente,Garoa/Chuvisco,Simples,Reta;Interseção de Vias,Sim,3,0,0,0,2,1,0,2,-26.95365013,-50.42351412,SPRF-SC,DEL06-SC,UOP02-DEL06-SC,2023
"553616,0",2023-10-08,domingo,11:15:00,SC,101,"129,0",BALNEARIO CAMBORIU,Acumulo de água sobre o pavimento,Capotamento,Com Vítimas Feridas,Pleno dia,Crescente,Chuva,Dupla,Reta,Não,1,0,0,1,0,0,1,1,-26.98064277,-48.6790679,SPRF-SC,DEL04-SC,UOP03-DEL04-SC,2023
"553641,0",2023-10-08,domingo,14:55:00,SC,101,"189,5",BIGUACU,Ausência de reação do condutor,Saída de leito carroçável,Com Vítimas Feridas,Pleno dia,Decrescente,Chuva,Dupla,Curva,Não,1,0,1,0,0,0,1,1,-27.459393,-48.638914,SPRF-SC,DEL01-SC,UOP01-DEL01-SC,2023
"553642,0",2023-10-08,domingo,10:00:00,SC,101,"331,5",TUBARAO,Ingestão de álcool pelo condutor,Saída de leito carroçável,Sem Vítimas,Pleno dia,Decrescente,Chuva,Simples,Reta,Sim,1,0,0,0,1,0,0,1,-28.45567521,-48.9812689,SPRF-SC,DEL02-SC,UOP01-DEL02-SC,2023
"553663,0",2023-10-08,domingo,17:00:00,SC,101,"235,0",PALHOCA,Acumulo de água sobre o pavimento,Colisão com objeto,Com Vítimas Feridas,Pleno dia,Decrescente,Chuva,Dupla,Curva;Aclive,Não,2,0,1,0,1,0,1,1,-27.8177775,-48.6315025,SPRF-SC,DEL01-SC,UOP02-DEL01-SC,2023
"553713,0",2023-10-08,domingo,20:15:00,SC,480,"124,0",CHAPECO,Reação tardia ou ineficiente do condutor,Colisão traseira,Com Vítimas Feridas,Plena Noite,Decrescente,Nublado,Dupla,Reta,Sim,4,0,1,0,3,0,1,2,-27.00359519,-52.64391044,SPRF-SC,DEL07-SC,UOP01-DEL07-SC,2023
"553731,0",2023-10-01,domingo,00:35:00,SC,101,"199,1",SAO JOSE,Reação tardia ou ineficiente do condutor,Colisão traseira,Com Vítimas Feridas,Plena Noite,Decrescente,Garoa/Chuvisco,Dupla,Reta,Sim,5,0,0,2,3,0,2,2,-27.53413705,-48.63003205,SPRF-SC,DEL01-SC,UOP01-DEL01-SC,2023
"553764,0",2023-10-08,domingo,22:30:00,SC,470,"2,0",NAVEGANTES,Pedestre cruzava a pista fora da faixa,Atropelamento de Pedestre,Com Vítimas Feridas,Plena Noite,Crescente,Chuva,Dupla,Reta;Em Obras,Sim,2,0,1,1,0,0,2,2,-26.868551,-48.674831,SPRF-SC,DEL04-SC,UOP04-DEL04-SC,2023
"553765,0",2023-10-08,domingo,22:00:00,SC,282,"575,0",PINHALZINHO,Condutor Dormindo,Saída de leito carroçável,Com Vítimas Feridas,Plena Noite,Crescente,Céu Claro,Simples,Reta,Sim,1,0,1,0,0,0,1,1,-26.863194,-52.974529,SPRF-SC,DEL07-SC,UOP02-DEL07-SC,2023
"553774,0",2023-10-08,domingo,22:00:00,SC,101,"396,3",MARACAJA,Ingestão de álcool pelo condutor,Saída de leito carroçável,Sem Vítimas,Plena Noite,Crescente,Chuva,Dupla,Reta;Declive,Não,1,0,0,0,1,0,0,1,-28.82459572,-49.40472033,SPRF-SC,DEL02-SC,UOP02-DEL02-SC,2023
"553777,0",2023-10-09,segunda-feira,01:35:00,SC,116,"210,9",PONTE ALTA,Velocidade Incompatível,Saída de leito carroçável,Sem Vítimas,Plena Noite,Crescente,Garoa/Chuvisco,Simples,Curva;Declive,Não,1,0,0,0,1,0,0,1,-27.50285695,-50.36575969,SPRF-SC,DEL05-SC,UOP03-DEL05-SC,2023
"553785,0",2023-10-09,segunda-feira,02:05:00,SC,282,"16,8",PALHOCA,Ingestão de álcool pelo condutor,Colisão com objeto,Sem Vítimas,Plena Noite,Crescente,Nublado,Simples,Desvio Temporário,Sim,1,0,0,0,1,0,0,1,-27.658611,-48.681847,SPRF-SC,DEL01-SC,UOP02-DEL01-SC,2023
"553797,0",2023-10-08,domingo,19:00:00,SC,280,"55,0",GUARAMIRIM,Acessar a via sem observar a presença dos outros veículos,Atropelamento de Pedestre,Com Vítimas Feridas,Plena Noite,Crescente,Chuva,Dupla,Reta,Não,2,0,1,0,1,0,1,2,-26.47584353,-48.9937858,SPRF-SC,DEL03-SC,UOP03-DEL03-SC,2023
"553806,0",2023-10-09,segunda-feira,00:01:00,SC,101,"6,0",ARARANGUA,Velocidade Incompatível,Saída de leito carroçável,Sem Vítimas,Plena Noite,Crescente,Chuva,Simples,Rotatória,Sim,1,0,0,0,1,0,0,1,-28.96320522,-49.51915741,SPRF-SC,DEL03-SC,UOP01-DEL03-SC,2023
"553830,0",2023-10-09,segunda-feira,09:00:00,SC,101,"112,0",ITAJAI,Acumulo de areia ou detritos sobre o pavimento,Tombamento,Com Vítimas Feridas,Pleno dia,Crescente,Céu Claro,Múltipla,Interseção de Vias,Sim,2,0,2,0,0,0,2,1,-26.84589005,-48.72131295,SPRF-SC,DEL04-SC,UOP04-DEL04-SC,2023
"553866,0",2023-09-23,sábado,17:50:00,SC,280,"96,3",SAO BENTO DO SUL,Ausência de reação do condutor,Saída de leito carroçável,Com Vítimas Feridas,Anoitecer,Crescente,Chuva,Simples,Declive;Curva,Não,3,0,2,0,1,0,2,1,-26.3833143,-49.31223107,SPRF-SC,DEL06-SC,UOP03-DEL06-SC,2023
"553895,0",2023-10-09,segunda-feira,14:22:00,SC,101,"324,3",CAPIVARI DE BAIXO,Demais falhas mecânicas ou elétricas,Incêndio,Sem Vítimas,Pleno dia,Crescente,Nublado,Simples,Reta,Sim,1,0,0,0,1,0,0,1,-28.42524483,-48.94302707,SPRF-SC,DEL02-SC,UOP01-DEL02-SC,2023
"553923,0",2023-10-09,segunda-feira,16:30:00,SC,101,"203,1",SAO JOSE,Ausência de reação do condutor,Colisão traseira,Com Vítimas Feridas,Pleno dia,Decrescente,Nublado,Dupla,Rotatória,Sim,3,0,1,0,2,0,1,2,-27.5650044,-48.61460082,SPRF-SC,DEL01-SC,UOP01-DEL01-SC,2023
"553924,0",2023-10-09,segunda-feira,16:15:00,SC,101,"212,0",PALHOCA,Pedestre cruzava a pista fora da faixa,Atropelamento de Pedestre,Com Vítimas Feridas,Pleno dia,Crescente,Nublado,Dupla,Reta,Sim,2,0,1,0,1,0,1,2,-27.62996929,-48.65903871,SPRF-SC,DEL01-SC,UOP02-DEL01-SC,2023
"553931,0",2023-10-09,segunda-feira,17:15:00,SC,280,"4,0",SAO FRANCISCO DO SUL,Desrespeitar a preferência no cruzamento,Colisão transversal,Com Vítimas Feridas,Pleno dia,Decrescente,Nublado,Simples,Rotatória,Sim,3,0,2,0,1,0,2,2,-26.251776,-48.617575,SPRF-SC,DEL03-SC,UOP03-DEL03-SC,2023
"553941,0",2023-10-09,segunda-feira,17:45:00,SC,101,"206,6",SAO JOSE,Manobra de mudança de faixa,Colisão lateral mesmo sentido,Com Vítimas Feridas,Anoitecer,Crescente,Nublado,Múltipla,Reta,Sim,2,0,0,1,1,0,1,2,-27.59193546,-48.61824557,SPRF-SC,DEL01-SC,UOP01-DEL01-SC,2023
"553959,0",2023-10-09,segunda-feira,19:40:00,SC,280,"23,8",ARAQUARI,Ingestão de álcool pelo condutor,Colisão lateral sentido oposto,Com Vítimas Feridas,Plena Noite,Decrescente,Nublado,Simples,Reta,Sim,2,0,1,0,1,0,1,2,-26.37146,-48.711887,SPRF-SC,DEL03-SC,UOP03-DEL03-SC,2023
"553963,0",2023-10-09,segunda-feira,20:40:00,SC,101,"70,0",ARAQUARI,Transitar na contramão,Colisão frontal,Com Vítimas Feridas,Plena Noite,Decrescente,Céu Claro,Simples,Reta;Interseção de Vias,Não,2,0,1,1,0,0,2,2,-26.52299639,-48.71597713,SPRF-SC,DEL03-SC,UOP02-DEL03-SC,2023
"553967,0",2023-10-09,segunda-feira,20:30:00,SC,101,"138,0",BALNEARIO CAMBORIU,Conversão proibida,Colisão transversal,Com Vítimas Feridas,Plena Noite,Crescente,Ignorado,Dupla,Reta,Sim,3,0,1,0,2,0,1,2,-27.02397426,-48.60761649,SPRF-SC,DEL04-SC,UOP03-DEL04-SC,2023
"553985,0",2023-10-09,segunda-feira,20:00:00,SC,470,"141,0",RIO DO SUL,Conversão proibida,Colisão frontal,Com Vítimas Feridas,Plena Noite,Crescente,Céu Claro,Simples,Reta,Sim,2,0,0,1,1,0,1,2,-27.226065,-49.666161,SPRF-SC,DEL04-SC,UOP02-DEL04-SC,2023
"553992,0",2023-10-09,segunda-feira,22:43:00,SC,101,"46,2",JOINVILLE,Reação tardia ou ineficiente do condutor,Saída de leito carroçável,Com Vítimas Feridas,Pleno dia,Crescente,Garoa/Chuvisco,Múltipla,Curva,Sim,1,0,1,0,0,0,1,1,-26.33150083,-48.86187762,SPRF-SC,DEL03-SC,UOP01-DEL03-SC,2023
"554000,0",2023-10-09,segunda-feira,20:45:00,SC,101,"133,0",BALNEARIO CAMBORIU,Acessar a via sem observar a presença dos outros veículos,Colisão lateral mesmo sentido,Com Vítimas Feridas,Plena Noite,Crescente,Céu Claro,Múltipla,Reta,Sim,3,0,3,0,0,0,3,2,-26.99936,-48.64609,SPRF-SC,DEL04-SC,UOP03-DEL04-SC,2023
"554028,0",2023-10-10,terça-feira,06:30:00,SC,101,"327,2",CAPIVARI DE BAIXO,Desrespeitar a preferência no cruzamento,Colisão transversal,Sem Vítimas,Amanhecer,Crescente,Céu Claro,Simples,Interseção de Vias;Rotatória,Sim,2,0,0,0,1,1,0,2,-28.43927705,-48.96257222,SPRF-SC,DEL02-SC,UOP01-DEL02-SC,2023
"554032,0",2023-10-10,terça-feira,07:15:00,SC,280,"51,3",GUARAMIRIM,Manobra de mudança de faixa,Colisão lateral mesmo sentido,Com Vítimas Feridas,Amanhecer,Crescente,Nublado,Dupla,Reta,Sim,2,0,1,0,1,0,1,2,-26.467605,-48.961672,SPRF-SC,DEL03-SC,UOP03-DEL03-SC,2023
"554038,0",2023-10-10,terça-feira,06:40:00,SC,101,"416,4",ARARANGUA,Ausência de reação do condutor,Saída de leito carroçável,Com Vítimas Feridas,Pleno dia,Decrescente,Sol,Múltipla,Reta,Sim,1,0,1,0,0,0,1,1,-28.96040535,-49.51653267,SPRF-SC,DEL02-SC,UOP02-DEL02-SC,2023
"554039,0",2023-10-10,terça-feira,07:15:00,SC,470,"140,0",RIO DO SUL,Acessar a via sem observar a presença dos outros veículos,Colisão transversal,Com Vítimas Feridas,Pleno dia,Decrescente,Nublado,Simples,Reta,Sim,2,0,1,0,1,0,1,2,-27.222485,-49.662827,SPRF-SC,DEL04-SC,UOP02-DEL04-SC,2023
"554057,0",2023-10-10,terça-feira,09:15:00,SC,101,"214,6",PALHOCA,Condutor deixou de manter distância do veículo da frente,Colisão traseira,Com Vítimas Feridas,Pleno dia,Decrescente,Céu Claro,Múltipla,Reta,Sim,3,0,1,0,2,0,1,2,-27.64443,-48.67057,SPRF-SC,DEL01-SC,UOP02-DEL01-SC,2023
"554076,0",2023-10-10,terça-feira,12:00:00,SC,101,"333,7",TUBARAO,Desrespeitar a preferência no cruzamento,Colisão transversal,Com Vítimas Feridas,Pleno dia,Decrescente,Céu Claro,Múltipla,Interseção de Vias;Viaduto,Sim,2,0,0,1,1,0,1,2,-28.46630107,-48.99653096,SPRF-SC,DEL02-SC,UOP01-DEL02-SC,2023
"554082,0",2023-09-26,terça-feira,19:00:00,SC,116,"112,5",SANTA CECILIA,Reação tardia ou ineficiente do condutor,Saída de leito carroçável,Com Vítimas Feridas,Plena Noite,Decrescente,Chuva,Simples,Declive;Reta,Não,2,0,2,0,0,0,2,1,-26.77723709,-50.3477023,SPRF-SC,DEL06-SC,UOP02-DEL06-SC,2023
"554088,0",2023-10-06,sexta-feira,01:30:00,SC,101,"372,0",ICARA,Chuva,Saída de leito carroçável,Com Vítimas Feridas,Plena Noite,Crescente,Chuva,Dupla,Reta,Sim,2,0,2,0,0,0,2,1,-28.70864509,-49.20924696,SPRF-SC,DEL02-SC,UOP01-DEL02-SC,2023
"554090,0",2023-09-29,sexta-feira,06:00:00,SC,282,"17,0",PALHOCA,Reação tardia ou ineficiente do condutor,Colisão lateral mesmo sentido,Com Vítimas Feridas,Pleno dia,Crescente,Nublado,Simples,Reta,Não,2,0,1,0,1,0,1,2,-27.665707,-48.688065,SPRF-SC,DEL01-SC,UOP02-DEL01-SC,2023
"554114,0",2023-09-17,domingo,00:30:00,SC,470,"137,6",RIO DO SUL,Transitar na contramão,Colisão frontal,Com Vítimas Fatais,Plena Noite,Crescente,Nublado,Simples,Reta;Ponte,Sim,4,2,1,1,0,0,2,2,-27.19010444,-49.61962407,SPRF-SC,DEL04-SC,UOP02-DEL04-SC,2023
"554145,0",2023-09-23,sábado,16:50:00,SC,282,"424,2",VARGEM BONITA,Velocidade Incompatível,Colisão frontal,Com Vítimas Feridas,Pleno dia,Decrescente,Céu Claro,Simples,Curva,Não,6,0,0,1,4,1,1,3,-26.993992,-51.753662,SPRF-SC,DEL07-SC,UOP05-DEL07-SC,2023
"554159,0",2023-10-10,terça-feira,19:00:00,SC,470,"56,0",BLUMENAU,Acessar a via sem observar a presença dos outros veículos,Colisão lateral mesmo sentido,Com Vítimas Feridas,Plena Noite,Decrescente,Nublado,Simples,Reta;Interseção de Vias,Sim,3,0,1,0,2,0,1,2,-26.87674,-49.127743,SPRF-SC,DEL04-SC,UOP01-DEL04-SC,2023
"554165,0",2023-10-10,terça-feira,18:50:00,SC,101,"194,1",BIGUACU,Ingestão de álcool pelo condutor,Colisão lateral mesmo sentido,Com Vítimas Feridas,Plena Noite,Decrescente,Céu Claro,Múltipla,Reta,Não,2,0,1,0,1,0,1,2,-27.49815117,-48.65661236,SPRF-SC,DEL01-SC,UOP01-DEL01-SC,2023
"554181,0",2023-10-10,terça-feira,19:30:00,SC,101,"311,0",LAGUNA,Ingestão de álcool pelo condutor,Colisão com objeto,Sem Vítimas,Plena Noite,Decrescente,Céu Claro,Múltipla,Reta,Sim,1,0,0,0,1,0,0,1,-28.42531311,-48.80068884,SPRF-SC,DEL02-SC,UOP01-DEL02-SC,2023
"554203,0",2023-10-11,quarta-feira,00:30:00,SC,282,"205,6",SAO JOSE,Reação tardia ou ineficiente do condutor,Colisão com objeto,Com Vítimas Feridas,Plena Noite,Decrescente,Garoa/Chuvisco,Dupla,Curva,Não,1,0,1,0,0,0,1,1,-27.5864322,-48.61533022,SPRF-SC,DEL05-SC,UOP01-DEL05-SC,2023
"554236,0",2023-10-11,quarta-feira,07:30:00,SC,101,"220,1",PALHOCA,Acessar a via sem observar a presença dos outros veículos,Colisão transversal,Com Vítimas Feridas,Pleno dia,Crescente,Sol,Múltipla,Interseção de Vias,Sim,2,0,1,0,1,0,1,2,-27.69103054,-48.66390288,SPRF-SC,DEL01-SC,UOP02-DEL01-SC,2023
"554252,0",2023-10-11,quarta-feira,09:00:00,SC,101,"238,4",PALHOCA,Reação tardia ou ineficiente do condutor,Tombamento,Com Vítimas Feridas,Pleno dia,Decrescente,Nublado,Dupla,Curva,Não,1,0,0,1,0,0,1,1,-27.84293889,-48.63471922,SPRF-SC,DEL01-SC,UOP02-DEL01-SC,2023
"554257,0",2023-10-11,quarta-feira,07:30:00,SC,470,"18,0",ILHOTA,Objeto estático sobre o leito carroçável,Colisão com objeto,Com Vítimas Feridas,Pleno dia,Crescente,Nublado,Dupla,Reta,Não,1,0,1,0,0,0,1,1,-26.855534,-48.808922,SPRF-SC,DEL04-SC,UOP04-DEL04-SC,2023
"554266,0",2023-10-11,quarta-feira,10:25:00,SC,101,"204,4",SAO JOSE,Acesso irregular,Colisão com objeto,Com Vítimas Feridas,Pleno dia,Crescente,Céu Claro,Múltipla,Interseção de Vias,Sim,1,0,1,0,0,0,1,1,-27.57413014,-48.61363083,SPRF-SC,DEL01-SC,UOP01-DEL01-SC,2023
"554274,0",2023-10-08,domingo,01:38:00,SC,282,"554,0",CHAPECO,Fumaça,Incêndio,Sem Vítimas,Plena Noite,Crescente,Chuva,Simples,Reta,Não,1,0,0,0,0,1,0,1,-26.936268,-52.800812,SPRF-SC,DEL07-SC,UOP01-DEL07-SC,2023
"554281,0",2023-10-11,quarta-feira,09:45:00,SC,282,"196,0",LAGES,Acessar a via sem observar a presença dos outros veículos,Saída de leito carroçável,Com Vítimas Feridas,Pleno dia,Decrescente,Nublado,Simples,Reta,Não,2,0,1,0,1,0,1,2,-27.750381,-50.094074,SPRF-SC,DEL05-SC,UOP01-DEL05-SC,2023
"554286,0",2023-10-11,quarta-feira,12:00:00,SC,101,"148,0",ITAPEMA,Condutor deixou de manter distância do veículo da frente,Colisão lateral mesmo sentido,Com Vítimas Feridas,Pleno dia,Decrescente,Céu Claro,Dupla,Reta,Sim,2,0,1,0,1,0,1,2,-27.10123686,-48.61807962,SPRF-SC,DEL04-SC,UOP03-DEL04-SC,2023
"554316,0",2023-10-11,quarta-feira,14:00:00,SC,101,"383,1",ICARA,Reação tardia ou ineficiente do condutor,Colisão traseira,Com Vítimas Feridas,Pleno dia,Decrescente,Chuva,Dupla,Reta,Sim,2,0,1,0,1,0,1,2,-28.75478409,-49.27732095,SPRF-SC,DEL02-SC,UOP02-DEL02-SC,2023
"554317,0",2023-10-11,quarta-feira,15:15:00,SC,470,"57,9",BLUMENAU,Acessar a via sem observar a presença dos outros veículos,Colisão transversal,Com Vítimas Feridas,Pleno dia,Decrescente,Céu Claro,Simples,Reta;Em Obras,Sim,3,0,1,0,2,0,1,2,-26.88410966,-49.14659347,SPRF-SC,DEL04-SC,UOP01-DEL04-SC,2023
"554331,0",2023-10-11,quarta-feira,16:30:00,SC,101,"151,0",ITAPEMA,Acessar a via sem observar a presença dos outros veículos,Colisão frontal,Com Vítimas Feridas,Pleno dia,Crescente,Nublado,Múltipla,Interseção de Vias,Sim,3,0,1,1,1,0,2,3,-27.126536,-48.609642,SPRF-SC,DEL04-SC,UOP03-DEL04-SC,2023
"554335,0",2023-10-11,quarta-feira,16:30:00,SC,101,"117,4",ITAJAI,Acessar a via sem observar a presença dos outros veículos,Colisão lateral mesmo sentido,Com Vítimas Feridas,Pleno dia,Crescente,Céu Claro,Múltipla,Reta,Não,2,0,1,0,1,0,1,2,-26.88747187,-48.72252969,SPRF-SC,DEL04-SC,UOP04-DEL04-SC,2023
"554344,0",2023-10-11,quarta-feira,18:00:00,SC,101,"120,8",ITAJAI,Condutor deixou de manter distância do veículo da frente,Colisão traseira,Com Vítimas Feridas,Anoitecer,Crescente,Céu Claro,Dupla,Reta,Não,2,0,1,0,1,0,1,2,-26.912758,-48.711998,SPRF-SC,DEL04-SC,UOP04-DEL04-SC,2023
"554352,0",2023-10-11,quarta-feira,18:20:00,SC,470,"70,0",INDAIAL,Retorno proibido,Colisão transversal,Com Vítimas Feridas,Plena Noite,Decrescente,Céu Claro,Simples,Reta;Aclive,Sim,2,0,1,0,1,0,1,2,-26.889374,-49.254478,SPRF-SC,DEL04-SC,UOP01-DEL04-SC,2023
"554353,0",2023-10-11,quarta-feira,16:30:00,SC,101,"436,1",SOMBRIO,Condutor deixou de manter distância do veículo da frente,Colisão traseira,Com Vítimas Feridas,Pleno dia,Crescente,Chuva,Múltipla,Reta,Sim,2,0,1,0,1,0,1,2,-29.10817487,-49.63739835,SPRF-SC,DEL02-SC,UOP02-DEL02-SC,2023
"554367,0",2023-10-11,quarta-feira,18:30:00,SC,101,"328,7",CAPIVARI DE BAIXO,Objeto estático sobre o leito carroçável,Colisão com objeto,Com Vítimas Feridas,Anoitecer,Decrescente,Garoa/Chuvisco,Dupla,Reta,Não,1,0,1,0,0,0,1,1,-28.44930783,-48.97040963,SPRF-SC,DEL02-SC,UOP01-DEL02-SC,2023
"554371,0",2023-10-11,quarta-feira,19:04:00,SC,163,"84,0",GUARACIABA,Ingestão de álcool pelo condutor,Saída de leito carroçável,Com Vítimas Feridas,Pleno dia,Decrescente,Chuva,Simples,Reta,Não,1,0,1,0,0,0,1,1,-26.61594101,-53.51942819,SPRF-SC,DEL07-SC,UOP03-DEL07-SC,2023