id,data_inversa,dia_semana,horario,uf,br,km,municipio,causa_acidente,tipo_acidente,classificacao_acidente,fase_dia,sentido_via,condicao_metereologica,tipo_pista,tracado_via,uso_solo,pessoas,mortos,feridos_leves,feridos_graves,ilesos,ignorados,feridos,veiculos,latitude,longitude,regional,delegacia,uop,ano_arquivo
"554383,0",2023-10-11,quarta-feira,13:50:00,SC,282,"274,5",SAO JOSE DO CERRITO,Velocidade Incompatível,Colisão frontal,Com Vítimas Fatais,Pleno dia,Crescente,Nublado,Simples,Declive;Curva,Não,5,2,1,0,2,0,1,2,-27.6079413,-50.71849108,SPRF-SC,DEL05-SC,UOP02-DEL05-SC,2023
"554404,0",2023-10-11,quarta-feira,19:45:00,SC,116,"3,8",MAFRA,Ingestão de álcool pelo condutor,Colisão lateral mesmo sentido,Sem Vítimas,Plena Noite,Crescente,Céu Claro,Simples,Reta;Aclive,Sim,2,0,0,0,2,0,0,2,-26.13073161,-49.79922442,SPRF-SC,DEL06-SC,UOP01-DEL06-SC,2023
"554449,0",2023-10-12,quinta-feira,03:10:00,SC,282,"51,1",AGUAS MORNAS,Velocidade Incompatível,Saída de leito carroçável,Com Vítimas Feridas,Plena Noite,Decrescente,Chuva,Simples,Reta,Não,3,0,3,0,0,0,3,1,-27.703712,-48.959267,SPRF-SC,DEL01-SC,UOP03-DEL01-SC,2023
"554461,0",2023-10-12,quinta-feira,04:00:00,SC,101,"371,0",ICARA,Ausência de reação do condutor,Saída de leito carroçável,Sem Vítimas,Plena Noite,Crescente,Chuva,Dupla,Reta,Sim,1,0,0,0,1,0,0,1,-28.70403682,-49.2008731,SPRF-SC,DEL02-SC,UOP01-DEL02-SC,2023
"554471,0",2023-10-12,quinta-feira,05:10:00,SC,163,"75,5",SAO MIGUEL DO OESTE,Pista Escorregadia,Saída de leito carroçável,Com Vítimas Fatais,Amanhecer,Crescente,Chuva,Simples,Declive;Curva,Não,3,1,1,1,0,0,2,2,-26.6895781,-53.5142024,SPRF-SC,DEL07-SC,UOP03-DEL07-SC,2023
"554483,0",2023-10-12,quinta-feira,06:35:00,SC,101,"88,0",BARRA VELHA,Ausência de reação do condutor,Colisão com objeto,Sem Vítimas,Pleno dia,Crescente,Chuva,Múltipla,Curva;Aclive;Viaduto,Sim,2,0,0,0,2,0,0,2,-26.64925577,-48.68686795,SPRF-SC,DEL03-SC,UOP02-DEL03-SC,2023
"554567,0",2023-10-12,quinta-feira,14:45:00,SC,280,"56,0",GUARAMIRIM,Acesso irregular,Colisão transversal,Com Vítimas Feridas,Pleno dia,Crescente,Garoa/Chuvisco,Simples,Rotatória,Sim,3,0,1,0,2,0,1,2,-26.47947677,-49.00298702,SPRF-SC,DEL03-SC,UOP03-DEL03-SC,2023
"554573,0",2023-10-12,quinta-feira,10:40:00,SC,153,"74,0",IRANI,Chuva,Capotamento,Com Vítimas Feridas,Pleno dia,Decrescente,Chuva,Simples,Curva;Aclive,Não,1,0,1,0,0,0,1,1,-27.078651,-51.904682,SPRF-SC,DEL07-SC,UOP04-DEL07-SC,2023
"554607,0",2023-10-12,quinta-feira,16:30:00,SC,280,"1,2",DIONISIO CERQUEIRA,Acessar a via sem observar a presença dos outros veículos,Colisão transversal,Com Vítimas Feridas,Pleno dia,Crescente,Nublado,Simples,Rotatória,Sim,3,0,1,0,2,0,1,2,-26.26631567,-53.62623096,SPRF-SC,DEL03-SC,UOP03-DEL03-SC,2023
"554613,0",2023-10-12,quinta-feira,18:40:00,SC,101,"258,4",PAULO LOPES,Entrada inopinada do pedestre,Atropelamento de Pedestre,Com Vítimas Feridas,Plena Noite,Crescente,Chuva,Dupla,Reta,Não,4,0,0,1,1,2,1,2,-28.00482282,-48.69190437,SPRF-SC,DEL02-SC,UOP03-DEL02-SC,2023
"554614,0",2023-10-12,quinta-feira,18:40:00,SC,101,"258,0",PAULO LOPES,Ausência de reação do condutor,Colisão com objeto,Sem Vítimas,Plena Noite,Crescente,Chuva,Dupla,Curva;Declive,Não,1,0,0,0,1,0,0,1,-28.00482282,-48.69190437,SPRF-SC,DEL02-SC,UOP03-DEL02-SC,2023
"554618,0",2023-10-12,quinta-feira,08:15:00,SC,282,"632,0",DESCANSO,Reação tardia ou ineficiente do condutor,Saída de leito carroçável,Sem Vítimas,Pleno dia,Decrescente,Chuva,Simples,Declive;Curva,Não,1,0,0,0,1,0,0,1,-26.8253,-53.404217,SPRF-SC,DEL07-SC,UOP03-DEL07-SC,2023
"554634,0",2023-10-12,quinta-feira,20:35:00,SC,116,"7,0",MAFRA,Ingestão de álcool pelo condutor,Colisão transversal,Sem Vítimas,Plena Noite,Decrescente,Nublado,Simples,Reta;Interseção de Vias,Sim,2,0,0,0,2,0,0,2,-26.15196176,-49.83102416,SPRF-SC,DEL06-SC,UOP01-DEL06-SC,2023
"554666,0",2023-10-13,sexta-feira,03:35:00,SC,101,"195,3",BIGUACU,Ausência de reação do condutor,Colisão com objeto,Com Vítimas Feridas,Plena Noite,Decrescente,Céu Claro,Simples,Retorno Regulamentado;Reta;Túnel,Sim,1,0,1,0,0,0,1,1,-27.5047092,-48.65010819,SPRF-SC,DEL01-SC,UOP01-DEL01-SC,2023
"554670,0",2023-10-13,sexta-feira,04:17:00,SC,101,"5,9",ARARANGUA,Animais na Pista,Atropelamento de Animal,Com Vítimas Feridas,Plena Noite,Decrescente,Chuva,Simples,Reta,Não,1,0,1,0,0,0,1,1,-28.95995727,-49.51596022,SPRF-SC,DEL03-SC,UOP01-DEL03-SC,2023
"554671,0",2023-10-12,quinta-feira,20:50:00,SC,101,"248,4",PAULO LOPES,Reação tardia ou ineficiente do condutor,Saída de leito carroçável,Sem Vítimas,Plena Noite,Crescente,Chuva,Dupla,Reta,Não,1,0,0,0,0,1,0,1,-27.92619305,-48.65828191,SPRF-SC,DEL02-SC,UOP03-DEL02-SC,2023
"554675,0",2023-10-12,quinta-feira,23:00:00,SC,163,"81,0",GUARACIABA,Condutor deixou de manter distância do veículo da frente,Engavetamento,Sem Vítimas,Plena Noite,Decrescente,Nublado,Simples,Curva,Não,3,0,0,0,2,1,0,3,-26.64162493,-53.51842645,SPRF-SC,DEL07-SC,UOP03-DEL07-SC,2023
"554683,0",2023-10-13,sexta-feira,07:25:00,SC,101,"233,8",PALHOCA,Velocidade Incompatível,Colisão com objeto,Com Vítimas Feridas,Pleno dia,Crescente,Garoa/Chuvisco,Dupla,Curva,Não,4,0,1,0,3,0,1,2,-27.80376397,-48.63826211,SPRF-SC,DEL01-SC,UOP02-DEL01-SC,2023
"554692,0",2023-10-13,sexta-feira,07:00:00,SC,282,"407,0",CATANDUVAS,Chuva,Saída de leito carroçável,Sem Vítimas,Pleno dia,Decrescente,Chuva,Simples,Reta;Aclive,Não,1,0,0,0,1,0,0,1,-27.083517,-51.662014,SPRF-SC,DEL07-SC,UOP05-DEL07-SC,2023
"554695,0",2023-07-21,sexta-feira,21:10:00,SC,101,"409,2",ARARANGUA,Pedestre andava na pista,Atropelamento de Pedestre,Com Vítimas Fatais,Plena Noite,Decrescente,Céu Claro,Simples,Reta,Não,2,1,0,1,0,0,1,2,-28.93366,-49.494852,SPRF-SC,DEL02-SC,UOP02-DEL02-SC,2023
"554716,0",2023-10-13,sexta-feira,11:09:00,SC,101,"5,6",ARARANGUA,Acumulo de areia ou detritos sobre o pavimento,Tombamento,Com Vítimas Feridas,Pleno dia,Crescente,Nublado,Simples,Reta;Rotatória,Sim,1,0,1,0,0,0,1,1,-28.95834924,-49.51427042,SPRF-SC,DEL03-SC,UOP01-DEL03-SC,2023
"554727,0",2023-10-13,sexta-feira,12:30:00,SC,470,"6,0",NAVEGANTES,Reação tardia ou ineficiente do condutor,Colisão traseira,Com Vítimas Feridas,Pleno dia,Crescente,Céu Claro,Simples,Reta,Não,2,0,2,0,0,0,2,2,-26.852238,-48.709545,SPRF-SC,DEL04-SC,UOP04-DEL04-SC,2023
"554754,0",2023-10-13,sexta-feira,15:05:00,SC,470,"2,0",NAVEGANTES,Transitar na contramão,Colisão transversal,Sem Vítimas,Pleno dia,Crescente,Céu Claro,Múltipla,Reta,Não,2,0,0,0,2,0,0,2,-26.868551,-48.674831,SPRF-SC,DEL04-SC,UOP04-DEL04-SC,2023
"554809,0",2023-10-13,sexta-feira,20:45:00,SC,101,"212,1",PALHOCA,Manobra de mudança de faixa,Colisão lateral mesmo sentido,Com Vítimas Feridas,Plena Noite,Decrescente,Nublado,Dupla,Reta,Não,3,0,1,0,2,0,1,2,-27.62996929,-48.65903871,SPRF-SC,DEL01-SC,UOP02-DEL01-SC,2023
"554817,0",2023-10-13,sexta-feira,22:20:00,SC,101,"238,8",PALHOCA,Reação tardia ou ineficiente do condutor,Saída de leito carroçável,Sem Vítimas,Plena Noite,Decrescente,Nublado,Dupla,Reta,Não,1,0,0,0,1,0,0,1,-27.84293889,-48.63471922,SPRF-SC,DEL01-SC,UOP02-DEL01-SC,2023
"554818,0",2023-10-13,sexta-feira,20:45:00,SC,101,"442,0",SANTA ROSA DO SUL,Reação tardia ou ineficiente do condutor,Tombamento,Com Vítimas Feridas,Plena Noite,Decrescente,Céu Claro,Dupla,Reta,Não,2,0,2,0,0,0,2,1,-29.132236,-49.697005,SPRF-SC,DEL02-SC,UOP02-DEL02-SC,2023
"554827,0",2023-10-13,sexta-feira,23:35:00,SC,101,"191,7",BIGUACU,Ingestão de álcool pelo condutor,Colisão traseira,Com Vítimas Feridas,Plena Noite,Decrescente,Nublado,Dupla,Reta,Sim,2,0,0,1,0,1,1,2,-27.47730273,-48.64127329,SPRF-SC,DEL01-SC,UOP01-DEL01-SC,2023
"554833,0",2023-10-13,sexta-feira,22:30:00,SC,282,"543,0",NOVA ITABERABA,Ingestão de álcool e/ou substâncias psicoativas pelo pedestre,Capotamento,Com Vítimas Feridas,Plena Noite,Crescente,Céu Claro,Simples,Curva,Não,1,0,0,1,0,0,1,1,-26.93637269,-52.80110836,SPRF-SC,DEL07-SC,UOP01-DEL07-SC,2023
"554838,0",2023-10-13,sexta-feira,22:20:00,SC,282,"30,5",AGUAS MORNAS,Velocidade Incompatível,Capotamento,Com Vítimas Feridas,Plena Noite,Crescente,Nublado,Simples,Reta;Aclive,Não,1,0,0,1,0,0,1,1,-27.687376,-48.79071,SPRF-SC,DEL01-SC,UOP03-DEL01-SC,2023
"554843,0",2023-10-14,sábado,02:50:00,SC,101,"211,7",PALHOCA,Reação tardia ou ineficiente do condutor,Capotamento,Sem Vítimas,Plena Noite,Crescente,Nublado,Dupla,Interseção de Vias,Sim,1,0,0,0,1,0,0,1,-27.62329313,-48.65245588,SPRF-SC,DEL01-SC,UOP02-DEL01-SC,2023
"554849,0",2023-10-14,sábado,05:55:00,SC,282,"5,0",SAO JOSE,Acessar a via sem observar a presença dos outros veículos,Colisão lateral mesmo sentido,Com Vítimas Feridas,Pleno dia,Crescente,Nublado,Simples,Curva,Sim,2,0,1,0,0,1,1,2,-27.588425,-48.612919,SPRF-SC,DEL01-SC,UOP01-DEL01-SC,2023
"554850,0",2023-10-14,sábado,05:20:00,SC,280,"77,0",JARAGUA DO SUL,Reação tardia ou ineficiente do condutor,Saída de leito carroçável,Com Vítimas Feridas,Amanhecer,Decrescente,Nublado,Simples,Curva,Não,1,0,1,0,0,0,1,1,-26.45514314,-49.18726132,SPRF-SC,DEL03-SC,UOP03-DEL03-SC,2023
"554851,0",2023-10-14,sábado,00:25:00,SC,101,"333,3",TUBARAO,Ingestão de álcool pelo condutor,Saída de leito carroçável,Sem Vítimas,Plena Noite,Decrescente,Nublado,Dupla,Reta,Não,1,0,0,0,0,1,0,1,-28.46862528,-49.01174784,SPRF-SC,DEL02-SC,UOP01-DEL02-SC,2023
"554865,0",2023-10-14,sábado,05:10:00,SC,280,"77,1",CORUPA,Condutor deixou de manter distância do veículo da frente,Colisão traseira,Com Vítimas Feridas,Pleno dia,Decrescente,Garoa/Chuvisco,Simples,Curva,Não,2,0,1,0,1,0,1,2,-26.45514314,-49.18726132,SPRF-SC,DEL03-SC,UOP03-DEL03-SC,2023
"554872,0",2023-10-14,sábado,08:00:00,SC,470,"35,1",GASPAR,Desrespeitar a preferência no cruzamento,Colisão frontal,Com Vítimas Feridas,Pleno dia,Decrescente,Nublado,Simples,Reta;Em Obras;Interseção de Vias,Sim,2,0,0,1,0,1,1,2,-26.912857,-48.958965,SPRF-SC,DEL04-SC,UOP01-DEL04-SC,2023
"554873,0",2023-09-16,sábado,13:50:00,SC,101,"136,5",BALNEARIO CAMBORIU,Ultrapassagem Indevida,Colisão lateral mesmo sentido,Com Vítimas Feridas,Pleno dia,Crescente,Céu Claro,Dupla,Reta,Sim,2,0,1,0,1,0,1,2,-27.008113,-48.617245,SPRF-SC,DEL04-SC,UOP03-DEL04-SC,2023
"554892,0",2023-10-14,sábado,10:20:00,SC,101,"207,0",SAO JOSE,Condutor deixou de manter distância do veículo da frente,Colisão traseira,Com Vítimas Feridas,Pleno dia,Crescente,Nublado,Múltipla,Reta,Sim,2,0,1,0,1,0,1,2,-27.60001226,-48.6226467,SPRF-SC,DEL01-SC,UOP01-DEL01-SC,2023
"554924,0",2023-10-14,sábado,13:10:00,SC,280,"52,9",GUARAMIRIM,Ausência de reação do condutor,Tombamento,Com Vítimas Feridas,Pleno dia,Crescente,Chuva,Simples,Reta,Sim,1,0,1,0,0,0,1,1,-26.468904,-48.96492,SPRF-SC,DEL03-SC,UOP03-DEL03-SC,2023
"554956,0",2023-10-14,sábado,15:50:00,SC,470,"90,2",ASCURRA,Ausência de reação do condutor,Colisão frontal,Com Vítimas Fatais,Pleno dia,Crescente,Garoa/Chuvisco,Simples,Reta,Não,3,1,0,1,0,1,1,3,-26.97152526,-49.36689377,SPRF-SC,DEL04-SC,UOP01-DEL04-SC,2023
"554969,0",2023-10-14,sábado,17:10:00,SC,101,"102,8",BALNEARIO PICARRAS,Manobra de mudança de faixa,Colisão lateral mesmo sentido,Com Vítimas Feridas,Pleno dia,Decrescente,Nublado,Dupla,Curva,Sim,2,0,1,0,1,0,1,2,-26.77383397,-48.68594062,SPRF-SC,DEL03-SC,UOP02-DEL03-SC,2023
"554976,0",2023-10-14,sábado,17:00:00,SC,280,"155,0",MAFRA,Chuva,Queda de ocupante de veículo,Com Vítimas Feridas,Anoitecer,Decrescente,Céu Claro,Simples,Reta,Não,1,0,1,0,0,0,1,1,-26.21132066,-49.72749885,SPRF-SC,DEL06-SC,UOP03-DEL06-SC,2023
"554978,0",2023-10-14,sábado,18:40:00,SC,101,"120,8",ITAJAI,Ausência de reação do condutor,Tombamento,Com Vítimas Feridas,Anoitecer,Crescente,Nublado,Simples,Curva,Não,2,0,0,1,1,0,1,2,-26.912758,-48.711998,SPRF-SC,DEL04-SC,UOP04-DEL04-SC,2023
"554997,0",2023-10-14,sábado,20:00:00,SC,153,"90,5",CONCORDIA,Ingestão de álcool pelo condutor,Saída de leito carroçável,Sem Vítimas,Plena Noite,Crescente,Céu Claro,Simples,Curva,Não,1,0,0,0,1,0,0,1,-27.178261,-51.914314,SPRF-SC,DEL07-SC,UOP04-DEL07-SC,2023
"555017,0",2023-10-14,sábado,20:20:00,SC,101,"415,0",ARARANGUA,Reação tardia ou ineficiente do condutor,Tombamento,Sem Vítimas,Plena Noite,Crescente,Ignorado,Simples,Aclive;Interseção de Vias,Não,1,0,0,0,0,1,0,1,-28.96040535,-49.51653267,SPRF-SC,DEL02-SC,UOP02-DEL02-SC,2023
"555021,0",2023-10-14,sábado,20:32:00,SC,101,"34,1",JOINVILLE,Reação tardia ou ineficiente do condutor,Queda de ocupante de veículo,Com Vítimas Feridas,Plena Noite,Crescente,Nublado,Dupla,Reta,Sim,1,0,1,0,0,0,1,1,-26.23667403,-48.91486706,SPRF-SC,DEL03-SC,UOP01-DEL03-SC,2023
"555038,0",2023-10-14,sábado,21:10:00,SC,280,"162,0",MAFRA,Ultrapassagem Indevida,Colisão lateral sentido oposto,Com Vítimas Feridas,Plena Noite,Decrescente,Céu Claro,Simples,Curva;Aclive,Não,4,0,3,1,0,0,4,2,-26.20386631,-49.79088509,SPRF-SC,DEL06-SC,UOP03-DEL06-SC,2023
"555073,0",2023-10-15,domingo,04:40:00,SC,101,"208,7",SAO JOSE,Acumulo de água sobre o pavimento,Colisão com objeto,Sem Vítimas,Amanhecer,Decrescente,Nublado,Múltipla,Reta,Sim,1,0,0,0,0,1,0,1,-27.60327979,-48.63201818,SPRF-SC,DEL01-SC,UOP01-DEL01-SC,2023
"555076,0",2023-10-15,domingo,05:25:00,SC,101,"215,0",PALHOCA,Reação tardia ou ineficiente do condutor,Tombamento,Com Vítimas Feridas,Amanhecer,Decrescente,Garoa/Chuvisco,Dupla,Reta,Sim,1,0,1,0,0,0,1,1,-27.65184843,-48.67604941,SPRF-SC,DEL01-SC,UOP02-DEL01-SC,2023
"555084,0",2023-10-15,domingo,04:45:00,SC,101,"283,0",IMBITUBA,Ausência de reação do condutor,Saída de leito carroçável,Sem Vítimas,Plena Noite,Decrescente,Chuva,Dupla,Reta,Não,1,0,0,0,0,1,0,1,-28.20457404,-48.6984006,SPRF-SC,DEL02-SC,UOP03-DEL02-SC,2023
"555087,0",2023-10-15,domingo,05:50:00,SC,101,"276,7",IMBITUBA,Ingestão de álcool pelo condutor,Queda de ocupante de veículo,Sem Vítimas,Amanhecer,Crescente,Céu Claro,Dupla,Reta,Não,1,0,0,0,1,0,0,1,-28.14644701,-48.69204746,SPRF-SC,DEL02-SC,UOP03-DEL02-SC,2023
"555088,0",2023-10-15,domingo,04:50:00,SC,282,"562,0",NOVA ERECHIM,Condutor Dormindo,Saída de leito carroçável,Sem Vítimas,Plena Noite,Decrescente,Céu Claro,Simples,Reta,Não,1,0,0,0,1,0,0,1,-26.911108,-52.865475,SPRF-SC,DEL07-SC,UOP02-DEL07-SC,2023
"555099,0",2023-10-15,domingo,07:10:00,SC,101,"193,0",BIGUACU,Reação tardia ou ineficiente do condutor,Colisão com objeto,Sem Vítimas,Pleno dia,Crescente,Nublado,Simples,Reta,Sim,1,0,0,0,0,1,0,1,-27.48443781,-48.64765238,SPRF-SC,DEL01-SC,UOP01-DEL01-SC,2023
"555111,0",2023-10-15,domingo,08:30:00,SC,101,"203,9",SAO JOSE,Reação tardia ou ineficiente do condutor,Colisão transversal,Com Vítimas Feridas,Pleno dia,Decrescente,Nublado,Dupla,Reta,Sim,2,0,1,0,0,1,1,2,-27.57398746,-48.61330032,SPRF-SC,DEL01-SC,UOP01-DEL01-SC,2023
"555120,0",2023-10-15,domingo,10:50:00,SC,101,"146,0",ITAPEMA,Acessar a via sem observar a presença dos outros veículos,Colisão transversal,Com Vítimas Feridas,Pleno dia,Crescente,Nublado,Dupla,Reta,Sim,2,0,1,1,0,0,2,2,-27.08666525,-48.60955587,SPRF-SC,DEL04-SC,UOP03-DEL04-SC,2023
"555125,0",2023-10-15,domingo,10:19:00,SC,101,"194,0",BIGUACU,Reação tardia ou ineficiente do condutor,Colisão com objeto,Com Vítimas Feridas,Pleno dia,Crescente,Nublado,Dupla,Reta,Sim,1,0,1,0,0,0,1,1,-27.49815117,-48.65661236,SPRF-SC,DEL01-SC,UOP01-DEL01-SC,2023
"555143,0",2023-10-15,domingo,12:30:00,SC,101,"112,9",ITAJAI,Trafegar com motocicleta (ou similar) entre as faixas,Colisão lateral mesmo sentido,Com Vítimas Feridas,Pleno dia,Decrescente,Nublado,Dupla,Reta,Não,4,0,1,0,3,0,1,3,-26.84589005,-48.72131295,SPRF-SC,DEL04-SC,UOP04-DEL04-SC,2023
"555166,0",2023-10-15,domingo,14:40:00,SC,282,"221,0",LAGES,Acessar a via sem observar a presença dos outros veículos,Colisão traseira,Com Vítimas Feridas,Pleno dia,Crescente,Nublado,Simples,Reta,Não,7,0,0,1,4,2,1,3,-27.79777752,-50.35353363,SPRF-SC,DEL05-SC,UOP01-DEL05-SC,2023
"555184,0",2023-10-15,domingo,17:00:00,SC,282,"5,0",SAO JOSE,Reação tardia ou ineficiente do condutor,Engavetamento,Sem Vítimas,Pleno dia,Crescente,Nublado,Dupla,Reta,Sim,8,0,0,0,8,0,0,3,-27.592646,-48.604034,SPRF-SC,DEL01-SC,UOP01-DEL01-SC,2023
"555215,0",2023-10-15,domingo,17:40:00,SC,280,"6,1",SAO FRANCISCO DO SUL,Demais falhas na via,Tombamento,Com Vítimas Feridas,Pleno dia,Decrescente,Nublado,Simples,Reta,Sim,2,0,2,0,0,0,2,1,-26.26569095,-48.63361804,SPRF-SC,DEL03-SC,UOP03-DEL03-SC,2023
"555245,0",2023-10-15,domingo,21:45:00,SC,101,"164,0",TIJUCAS,Acessar a via sem observar a presença dos outros veículos,Colisão transversal,Com Vítimas Feridas,Plena Noite,Decrescente,Garoa/Chuvisco,Múltipla,Rotatória,Sim,2,0,1,0,0,1,1,2,-27.243868,-48.6309,SPRF-SC,DEL04-SC,UOP03-DEL04-SC,2023
"555248,0",2023-10-15,domingo,20:05:00,SC,282,"194,0",LAGES,Acessar a via sem observar a presença dos outros veículos,Colisão transversal,Com Vítimas Feridas,Plena Noite,Decrescente,Garoa/Chuvisco,Simples,Reta;Aclive,Não,8,0,5,2,1,0,7,2,-27.74443892,-50.07856965,SPRF-SC,DEL05-SC,UOP01-DEL05-SC,2023
"555261,0",2023-10-15,domingo,22:30:00,SC,101,"127,0",ITAJAI,Acumulo de água sobre o pavimento,Capotamento,Com Vítimas Feridas,Plena Noite,Crescente,Chuva,Múltipla,Curva,Sim,1,0,0,1,0,0,1,1,-26.9639319,-48.68328024,SPRF-SC,DEL04-SC,UOP04-DEL04-SC,2023
"555263,0",2023-10-15,domingo,23:30:00,SC,101,"41,2",JOINVILLE,Ausência de reação do condutor,Colisão traseira,Com Vítimas Feridas,Plena Noite,Decrescente,Garoa/Chuvisco,Dupla,Reta,Sim,2,0,1,0,1,0,1,2,-26.28215489,-48.88973081,SPRF-SC,DEL03-SC,UOP01-DEL03-SC,2023
"555273,0",2023-10-15,domingo,23:50:00,SC,101,"138,0",BALNEARIO CAMBORIU,Velocidade Incompatível,Saída de leito carroçável,Com Vítimas Feridas,Plena Noite,Decrescente,Chuva,Dupla,Curva,Sim,3,0,2,0,1,0,2,1,-27.02397426,-48.60761649,SPRF-SC,DEL04-SC,UOP03-DEL04-SC,2023
"555280,0",2023-10-16,segunda-feira,01:00:00,SC,101,"294,0",IMBITUBA,Condutor Dormindo,Saída de leito carroçável,Sem Vítimas,Plena Noite,Decrescente,Céu Claro,Dupla,Reta,Não,1,0,0,0,1,0,0,1,-28.29220304,-48.71018095,SPRF-SC,DEL02-SC,UOP03-DEL02-SC,2023
"555304,0",2023-10-16,segunda-feira,02:40:00,SC,101,"129,0",BALNEARIO CAMBORIU,Condutor Dormindo,Saída de leito carroçável,Sem Vítimas,Plena Noite,Crescente,Garoa/Chuvisco,Múltipla,Reta,Sim,1,0,0,0,0,1,0,1,-26.98064277,-48.6790679,SPRF-SC,DEL04-SC,UOP03-DEL04-SC,2023
"555339,0",2023-10-16,segunda-feira,12:20:00,SC,282,"4,9",SAO JOSE,Reação tardia ou ineficiente do condutor,Colisão traseira,Com Vítimas Feridas,Pleno dia,Crescente,Garoa/Chuvisco,Múltipla,Reta,Sim,2,0,1,0,1,0,1,2,-27.592646,-48.604034,SPRF-SC,DEL01-SC,UOP01-DEL01-SC,2023
"555369,0",2023-10-16,segunda-feira,12:40:00,SC,101,"327,2",CAPIVARI DE BAIXO,Desrespeitar a preferência no cruzamento,Colisão transversal,Com Vítimas Feridas,Pleno dia,Decrescente,Chuva,Simples,Em Obras;Interseção de Vias,Não,2,0,2,0,0,0,2,2,-28.439307,-48.961958,SPRF-SC,DEL02-SC,UOP01-DEL02-SC,2023
"555415,0",2023-10-16,segunda-feira,18:35:00,SC,470,"70,0",INDAIAL,Acessar a via sem observar a presença dos outros veículos,Colisão transversal,Com Vítimas Feridas,Plena Noite,Decrescente,Chuva,Simples,Reta,Sim,3,0,0,1,1,1,1,3,-26.889374,-49.254478,SPRF-SC,DEL04-SC,UOP01-DEL04-SC,2023
"555418,0",2023-10-16,segunda-feira,19:20:00,SC,101,"216,0",PALHOCA,Manobra de mudança de faixa,Colisão lateral mesmo sentido,Com Vítimas Feridas,Plena Noite,Crescente,Chuva,Dupla,Reta,Sim,1,0,1,0,0,0,1,1,-27.65981409,-48.67747798,SPRF-SC,DEL01-SC,UOP02-DEL01-SC,2023
"555422,0",2023-10-16,segunda-feira,19:00:00,SC,101,"48,5",JOINVILLE,Velocidade Incompatível,Tombamento,Sem Vítimas,Plena Noite,Decrescente,Chuva,Dupla,Curva,Não,1,0,0,0,0,1,0,1,-26.35345909,-48.85867862,SPRF-SC,DEL03-SC,UOP01-DEL03-SC,2023
"555433,0",2023-10-16,segunda-feira,19:15:00,SC,470,"170,0",POUSO REDONDO,Chuva,Colisão frontal,Com Vítimas Feridas,Plena Noite,Crescente,Chuva,Simples,Curva;Aclive,Não,3,0,1,0,2,0,1,2,-27.265903,-49.892441,SPRF-SC,DEL04-SC,UOP02-DEL04-SC,2023
"555440,0",2023-10-16,segunda-feira,23:00:00,SC,101,"150,0",ITAPEMA,Desrespeitar a preferência no cruzamento,Colisão transversal,Com Vítimas Feridas,Plena Noite,Crescente,Chuva,Múltipla,Interseção de Vias,Não,2,0,1,0,0,1,1,2,-27.11744799,-48.60940987,SPRF-SC,DEL04-SC,UOP03-DEL04-SC,2023
"555473,0",2023-10-17,terça-feira,06:40:00,SC,101,"213,3",PALHOCA,Desrespeitar a preferência no cruzamento,Colisão transversal,Com Vítimas Feridas,Pleno dia,Crescente,Nublado,Dupla,Viaduto;Interseção de Vias,Sim,2,0,1,0,1,0,1,2,-27.63697369,-48.66514142,SPRF-SC,DEL01-SC,UOP02-DEL01-SC,2023
"555502,0",2023-10-17,terça-feira,10:30:00,SC,282,"0,5",FLORIANOPOLIS,Manobra de mudança de faixa,Colisão lateral mesmo sentido,Com Vítimas Feridas,Pleno dia,Decrescente,Nublado,Múltipla,Reta;Aclive,Sim,2,0,1,0,1,0,1,2,-27.59845,-48.571995,SPRF-SC,DEL01-SC,UOP01-DEL01-SC,2023
"555530,0",2023-10-17,terça-feira,13:10:00,SC,101,"213,0",PALHOCA,Ausência de reação do condutor,Colisão com objeto,Sem Vítimas,Pleno dia,Decrescente,Nublado,Dupla,Reta;Interseção de Vias,Sim,2,0,0,0,1,1,0,2,-27.63720247,-48.66491675,SPRF-SC,DEL01-SC,UOP02-DEL01-SC,2023
"555533,0",2023-10-17,terça-feira,09:45:00,SC,470,"59,6",BLUMENAU,Condutor deixou de manter distância do veículo da frente,Colisão traseira,Com Vítimas Feridas,Pleno dia,Decrescente,Nublado,Simples,Curva,Sim,2,0,1,0,1,0,1,2,-26.882812,-49.1548,SPRF-SC,DEL04-SC,UOP01-DEL04-SC,2023
"555538,0",2023-10-17,terça-feira,13:30:00,SC,282,"3,6",FLORIANOPOLIS,Reação tardia ou ineficiente do condutor,Colisão traseira,Com Vítimas Feridas,Pleno dia,Decrescente,Nublado,Múltipla,Reta,Sim,1,0,1,0,0,0,1,1,-27.600384,-48.599705,SPRF-SC,DEL01-SC,UOP01-DEL01-SC,2023
"555541,0",2023-10-17,terça-feira,13:15:00,SC,101,"150,0",ITAPEMA,Ingestão de substâncias psicoativas pelo condutor,Saída de leito carroçável,Com Vítimas Feridas,Pleno dia,Crescente,Sol,Dupla,Reta,Sim,1,0,1,0,0,0,1,1,-27.11744799,-48.60940987,SPRF-SC,DEL04-SC,UOP03-DEL04-SC,2023
"555546,0",2023-10-17,terça-feira,14:45:00,SC,101,"47,0",JOINVILLE,Velocidade Incompatível,Tombamento,Com Vítimas Feridas,Pleno dia,Decrescente,Nublado,Simples,Reta,Sim,1,0,1,0,0,0,1,1,-26.34234997,-48.85840089,SPRF-SC,DEL03-SC,UOP01-DEL03-SC,2023
"555579,0",2023-10-17,terça-feira,18:50:00,SC,101,"204,8",SAO JOSE,Reação tardia ou ineficiente do condutor,Tombamento,Com Vítimas Feridas,Plena Noite,Crescente,Nublado,Múltipla,Reta,Sim,1,0,1,0,0,0,1,1,-27.58313237,-48.61532885,SPRF-SC,DEL01-SC,UOP01-DEL01-SC,2023