id,data_inversa,dia_semana,horario,uf,br,km,municipio,causa_acidente,tipo_acidente,classificacao_acidente,fase_dia,sentido_via,condicao_metereologica,tipo_pista,tracado_via,uso_solo,pessoas,mortos,feridos_leves,feridos_graves,ilesos,ignorados,feridos,veiculos,latitude,longitude,regional,delegacia,uop,ano_arquivo
"555590,0",2023-10-17,terça-feira,18:10:00,SC,470,"8,0",NAVEGANTES,Ausência de reação do condutor,Colisão lateral mesmo sentido,Com Vítimas Feridas,Anoitecer,Decrescente,Nublado,Dupla,Reta,Não,2,0,1,0,1,0,1,2,-26.83688,-48.718853,SPRF-SC,DEL04-SC,UOP04-DEL04-SC,2023
"555602,0",2023-10-17,terça-feira,19:30:00,SC,101,"154,5",PORTO BELO,Velocidade Incompatível,Saída de leito carroçável,Com Vítimas Feridas,Plena Noite,Decrescente,Céu Claro,Múltipla,Reta,Não,1,0,1,0,0,0,1,1,-27.153819,-48.61086393,SPRF-SC,DEL04-SC,UOP03-DEL04-SC,2023
"555603,0",2023-10-17,terça-feira,14:30:00,SC,153,"80,7",IRANI,Chuva,Colisão frontal,Com Vítimas Feridas,Pleno dia,Decrescente,Chuva,Simples,Curva;Aclive,Não,3,0,3,0,0,0,3,2,-27.117521,-51.914806,SPRF-SC,DEL07-SC,UOP04-DEL07-SC,2023
"555604,0",2023-10-17,terça-feira,19:20:00,SC,101,"137,3",BALNEARIO CAMBORIU,Desrespeitar a preferência no cruzamento,Colisão transversal,Com Vítimas Feridas,Plena Noite,Crescente,Nublado,Múltipla,Interseção de Vias,Sim,2,0,1,0,1,0,1,2,-27.0157238,-48.61192763,SPRF-SC,DEL04-SC,UOP03-DEL04-SC,2023
"555621,0",2023-10-17,terça-feira,21:55:00,SC,101,"331,6",TUBARAO,Desrespeitar a preferência no cruzamento,Colisão transversal,Com Vítimas Feridas,Plena Noite,Decrescente,Nublado,Dupla,Rotatória,Sim,2,0,1,0,1,0,1,2,-28.46588539,-48.99507523,SPRF-SC,DEL02-SC,UOP01-DEL02-SC,2023
"555656,0",2023-10-18,quarta-feira,07:00:00,SC,101,"112,0",ITAJAI,Reação tardia ou ineficiente do condutor,Tombamento,Com Vítimas Feridas,Pleno dia,Crescente,Nublado,Dupla,Reta,Não,1,0,1,0,0,0,1,1,-26.84589005,-48.72131295,SPRF-SC,DEL04-SC,UOP04-DEL04-SC,2023
"555665,0",2023-10-18,quarta-feira,08:08:00,SC,470,"57,1",BLUMENAU,Conversão proibida,Colisão lateral mesmo sentido,Com Vítimas Feridas,Pleno dia,Decrescente,Nublado,Simples,Em Obras;Curva,Sim,2,0,1,0,1,0,1,2,-26.880428,-49.136532,SPRF-SC,DEL04-SC,UOP01-DEL04-SC,2023
"555675,0",2023-10-18,quarta-feira,00:45:00,SC,282,"302,6",VARGEM,Demais falhas mecânicas ou elétricas,Incêndio,Sem Vítimas,Plena Noite,Decrescente,Nublado,Simples,Reta,Não,1,0,0,0,1,0,0,1,-27.505852,-50.926998,SPRF-SC,DEL07-SC,UOP06-DEL07-SC,2023
"555683,0",2023-10-10,terça-feira,16:30:00,SC,282,"31,0",AGUAS MORNAS,Demais falhas mecânicas ou elétricas,Incêndio,Sem Vítimas,Pleno dia,Decrescente,Nublado,Simples,Curva;Declive,Não,1,0,0,0,1,0,0,1,-27.695198,-48.793308,SPRF-SC,DEL01-SC,UOP03-DEL01-SC,2023
"555710,0",2023-10-18,quarta-feira,12:15:00,SC,101,"206,0",SAO JOSE,Manobra de mudança de faixa,Colisão traseira,Com Vítimas Feridas,Pleno dia,Crescente,Céu Claro,Dupla,Reta,Sim,3,0,1,0,2,0,1,3,-27.59193546,-48.61824557,SPRF-SC,DEL01-SC,UOP01-DEL01-SC,2023
"555742,0",2023-10-18,quarta-feira,15:30:00,SC,101,"205,7",SAO JOSE,Reação tardia ou ineficiente do condutor,Engavetamento,Com Vítimas Feridas,Pleno dia,Decrescente,Nublado,Múltipla,Reta,Sim,4,0,1,0,3,0,1,3,-27.58313237,-48.61532885,SPRF-SC,DEL01-SC,UOP01-DEL01-SC,2023
"555743,0",2023-10-18,quarta-feira,16:00:00,SC,101,"222,0",PALHOCA,Objeto estático sobre o leito carroçável,Colisão com objeto,Com Vítimas Feridas,Pleno dia,Decrescente,Nublado,Dupla,Reta,Sim,1,0,1,0,0,0,1,1,-27.70865409,-48.65586407,SPRF-SC,DEL01-SC,UOP02-DEL01-SC,2023
"555749,0",2023-10-18,quarta-feira,16:55:00,SC,101,"204,6",SAO JOSE,Manobra de mudança de faixa,Colisão lateral mesmo sentido,Com Vítimas Feridas,Pleno dia,Crescente,Chuva,Múltipla,Reta,Não,1,0,1,0,0,0,1,1,-27.57413014,-48.61363083,SPRF-SC,DEL01-SC,UOP01-DEL01-SC,2023
"555763,0",2023-10-18,quarta-feira,17:30:00,SC,101,"94,0",BARRA VELHA,Avarias e/ou desgaste excessivo no pneu,Tombamento,Com Vítimas Feridas,Pleno dia,Crescente,Nublado,Dupla,Reta,Não,1,0,1,0,0,0,1,1,-26.69940401,-48.69902784,SPRF-SC,DEL03-SC,UOP02-DEL03-SC,2023
"555781,0",2023-10-18,quarta-feira,18:20:00,SC,101,"434,7",SOMBRIO,Desrespeitar a preferência no cruzamento,Colisão transversal,Com Vítimas Feridas,Plena Noite,Decrescente,Céu Claro,Simples,Reta;Interseção de Vias,Sim,3,0,1,0,2,0,1,3,-29.103656,-49.635643,SPRF-SC,DEL02-SC,UOP02-DEL02-SC,2023
"555805,0",2023-10-18,quarta-feira,23:05:00,SC,101,"207,4",SAO JOSE,Reação tardia ou ineficiente do condutor,Engavetamento,Com Vítimas Feridas,Plena Noite,Decrescente,Nublado,Múltipla,Reta;Aclive,Sim,5,0,2,0,3,0,2,4,-27.601592,-48.626671,SPRF-SC,DEL01-SC,UOP01-DEL01-SC,2023
"555808,0",2023-10-18,quarta-feira,23:00:00,SC,101,"330,2",TUBARAO,Reação tardia ou ineficiente do condutor,Saída de leito carroçável,Sem Vítimas,Plena Noite,Decrescente,Nublado,Simples,Reta,Sim,1,0,0,0,1,0,0,1,-28.45115639,-48.97286879,SPRF-SC,DEL02-SC,UOP01-DEL02-SC,2023
"555812,0",2023-10-19,quinta-feira,00:30:00,SC,282,"18,3",PALHOCA,Acesso irregular,Colisão transversal,Com Vítimas Feridas,Plena Noite,Decrescente,Nublado,Simples,Reta;Em Obras,Não,3,0,1,0,2,0,1,2,-27.672798,-48.694286,SPRF-SC,DEL01-SC,UOP02-DEL01-SC,2023
"555844,0",2023-10-19,quinta-feira,07:40:00,SC,101,"42,0",JOINVILLE,Manobra de mudança de faixa,Colisão lateral mesmo sentido,Com Vítimas Feridas,Pleno dia,Crescente,Nevoeiro/Neblina,Dupla,Reta,Não,2,0,1,0,1,0,1,2,-26.29251598,-48.88474385,SPRF-SC,DEL03-SC,UOP01-DEL03-SC,2023
"555882,0",2023-10-19,quinta-feira,12:10:00,SC,101,"139,0",BALNEARIO CAMBORIU,Velocidade Incompatível,Queda de ocupante de veículo,Com Vítimas Feridas,Pleno dia,Decrescente,Nublado,Dupla,Reta,Sim,1,0,1,0,0,0,1,1,-27.02982303,-48.60115006,SPRF-SC,DEL04-SC,UOP03-DEL04-SC,2023
"555887,0",2023-10-19,quinta-feira,12:45:00,SC,280,"55,8",GUARAMIRIM,Desrespeitar a preferência no cruzamento,Colisão transversal,Com Vítimas Feridas,Pleno dia,Crescente,Garoa/Chuvisco,Dupla,Reta;Interseção de Vias;Rotatória,Não,3,0,2,0,1,0,2,2,-26.47584353,-48.9937858,SPRF-SC,DEL03-SC,UOP03-DEL03-SC,2023
"555888,0",2023-10-19,quinta-feira,13:00:00,SC,470,"4,0",NAVEGANTES,Desrespeitar a preferência no cruzamento,Colisão transversal,Com Vítimas Feridas,Pleno dia,Crescente,Nublado,Dupla,Reta;Rotatória;Em Obras,Sim,2,0,1,0,1,0,1,2,-26.858473,-48.690788,SPRF-SC,DEL04-SC,UOP04-DEL04-SC,2023
"555897,0",2023-10-19,quinta-feira,11:58:00,SC,282,"531,0",CORDILHEIRA ALTA,Pedestre cruzava a pista fora da faixa,Atropelamento de Pedestre,Com Vítimas Feridas,Pleno dia,Crescente,Chuva,Simples,Reta,Sim,3,0,1,0,2,0,1,2,-26.990747,-52.609776,SPRF-SC,DEL07-SC,UOP01-DEL07-SC,2023
"555909,0",2023-10-19,quinta-feira,14:30:00,SC,101,"158,0",PORTO BELO,Reação tardia ou ineficiente do condutor,Colisão traseira,Com Vítimas Feridas,Pleno dia,Decrescente,Nublado,Dupla,Reta,Não,2,0,1,0,1,0,1,2,-27.19096301,-48.61259017,SPRF-SC,DEL04-SC,UOP03-DEL04-SC,2023
"555914,0",2023-10-19,quinta-feira,14:05:00,SC,101,"70,2",ARAQUARI,Ausência de reação do condutor,Colisão traseira,Com Vítimas Feridas,Pleno dia,Crescente,Nublado,Múltipla,Retorno Regulamentado,Sim,2,0,0,1,1,0,1,2,-26.51082007,-48.72345612,SPRF-SC,DEL03-SC,UOP02-DEL03-SC,2023
"555944,0",2023-10-19,quinta-feira,15:50:00,SC,480,"130,0",CHAPECO,Reação tardia ou ineficiente do condutor,Saída de leito carroçável,Com Vítimas Feridas,Pleno dia,Decrescente,Chuva,Simples,Interseção de Vias;Rotatória,Sim,1,0,1,0,0,0,1,1,-27.05520556,-52.63617212,SPRF-SC,DEL07-SC,UOP01-DEL07-SC,2023
"555961,0",2023-10-19,quinta-feira,18:40:00,SC,470,"70,3",INDAIAL,Conversão proibida,Colisão transversal,Com Vítimas Fatais,Anoitecer,Crescente,Nublado,Simples,Reta;Em Obras,Sim,3,1,0,0,1,1,0,3,-26.89138733,-49.25718069,SPRF-SC,DEL04-SC,UOP01-DEL04-SC,2023
"555986,0",2023-10-19,quinta-feira,20:00:00,SC,101,"386,9",ICARA,Condutor deixou de manter distância do veículo da frente,Colisão traseira,Com Vítimas Feridas,Plena Noite,Crescente,Céu Claro,Dupla,Reta,Não,2,0,1,0,1,0,1,2,-28.77675081,-49.31999808,SPRF-SC,DEL02-SC,UOP02-DEL02-SC,2023
"555988,0",2023-10-19,quinta-feira,19:30:00,SC,470,"83,6",RODEIO,Reação tardia ou ineficiente do condutor,Saída de leito carroçável,Com Vítimas Feridas,Plena Noite,Decrescente,Nublado,Simples,Reta,Não,1,0,1,0,0,0,1,1,-26.9621229,-49.33949232,SPRF-SC,DEL04-SC,UOP01-DEL04-SC,2023
"556008,0",2023-10-20,sexta-feira,00:20:00,SC,280,"27,0",ARAQUARI,Ausência de reação do condutor,Colisão com objeto,Com Vítimas Feridas,Plena Noite,Decrescente,Chuva,Simples,Reta,Não,1,0,1,0,0,0,1,1,-26.39685622,-48.74021969,SPRF-SC,DEL03-SC,UOP03-DEL03-SC,2023
"556018,0",2023-10-19,quinta-feira,19:55:00,SC,101,"205,0",SAO JOSE,Condutor deixou de manter distância do veículo da frente,Colisão traseira,Com Vítimas Feridas,Plena Noite,Crescente,Céu Claro,Múltipla,Reta,Sim,2,0,1,0,0,1,1,2,-27.58863217,-48.61733437,SPRF-SC,DEL01-SC,UOP01-DEL01-SC,2023
"556038,0",2023-10-20,sexta-feira,06:50:00,SC,280,"127,0",RIO NEGRINHO,Acessar a via sem observar a presença dos outros veículos,Colisão transversal,Com Vítimas Feridas,Pleno dia,Decrescente,Nublado,Simples,Reta,Sim,2,0,1,0,1,0,1,2,-26.24409855,-49.51579928,SPRF-SC,DEL06-SC,UOP03-DEL06-SC,2023
"556043,0",2023-10-20,sexta-feira,07:50:00,SC,470,"54,0",BLUMENAU,Acessar a via sem observar a presença dos outros veículos,Colisão transversal,Com Vítimas Feridas,Pleno dia,Crescente,Garoa/Chuvisco,Simples,Curva,Sim,2,0,0,1,1,0,1,2,-26.87162628,-49.11193371,SPRF-SC,DEL04-SC,UOP01-DEL04-SC,2023
"556045,0",2023-10-20,sexta-feira,06:50:00,SC,153,"95,0",CONCORDIA,Acumulo de óleo sobre o pavimento,Queda de ocupante de veículo,Com Vítimas Feridas,Pleno dia,Crescente,Sol,Simples,Rotatória,Sim,1,0,1,0,0,0,1,1,-27.20975509,-51.95228577,SPRF-SC,DEL07-SC,UOP04-DEL07-SC,2023
"556089,0",2023-10-20,sexta-feira,11:30:00,SC,282,"17,0",PALHOCA,Ausência de reação do condutor,Queda de ocupante de veículo,Com Vítimas Feridas,Pleno dia,Decrescente,Céu Claro,Simples,Reta,Sim,2,0,1,0,1,0,1,2,-27.665707,-48.688065,SPRF-SC,DEL01-SC,UOP02-DEL01-SC,2023
"556096,0",2023-10-20,sexta-feira,11:00:00,SC,101,"445,2",SANTA ROSA DO SUL,Conversão proibida,Colisão transversal,Com Vítimas Feridas,Pleno dia,Crescente,Céu Claro,Múltipla,Reta,Sim,2,0,0,1,1,0,1,2,-29.16063124,-49.7367382,SPRF-SC,DEL02-SC,UOP02-DEL02-SC,2023
"556149,0",2023-10-20,sexta-feira,17:30:00,SC,280,"26,0",ARAQUARI,Acessar a via sem observar a presença dos outros veículos,Colisão transversal,Com Vítimas Feridas,Pleno dia,Crescente,Nublado,Simples,Reta;Interseção de Vias,Sim,2,0,0,1,1,0,1,2,-26.38972308,-48.73411593,SPRF-SC,DEL03-SC,UOP03-DEL03-SC,2023
"556166,0",2023-10-20,sexta-feira,17:55:00,SC,101,"127,7",ITAJAI,Manobra de mudança de faixa,Colisão lateral mesmo sentido,Com Vítimas Feridas,Anoitecer,Crescente,Nublado,Dupla,Reta,Não,2,0,1,0,1,0,1,2,-26.9639319,-48.68328024,SPRF-SC,DEL04-SC,UOP04-DEL04-SC,2023
"556172,0",2023-10-20,sexta-feira,19:20:00,SC,101,"200,8",SAO JOSE,Trafegar com motocicleta (ou similar) entre as faixas,Colisão lateral mesmo sentido,Com Vítimas Feridas,Plena Noite,Decrescente,Nublado,Múltipla,Reta,Sim,2,0,1,0,1,0,1,2,-27.54018513,-48.62287714,SPRF-SC,DEL01-SC,UOP01-DEL01-SC,2023
"556174,0",2023-10-16,segunda-feira,14:45:00,SC,470,"139,1",RIO DO SUL,Manobra de mudança de faixa,Colisão transversal,Com Vítimas Feridas,Pleno dia,Decrescente,Garoa/Chuvisco,Dupla,Interseção de Vias;Reta,Não,2,0,1,0,1,0,1,2,-27.217564,-49.65461,SPRF-SC,DEL04-SC,UOP02-DEL04-SC,2023
"556193,0",2023-10-20,sexta-feira,20:40:00,SC,101,"118,0",ITAJAI,Ingestão de álcool pelo condutor,Colisão traseira,Com Vítimas Feridas,Plena Noite,Crescente,Céu Claro,Simples,Interseção de Vias,Não,2,0,1,0,1,0,1,2,-26.895859,-48.71903,SPRF-SC,DEL04-SC,UOP04-DEL04-SC,2023
"556199,0",2023-10-20,sexta-feira,20:30:00,SC,101,"120,0",ITAJAI,Manobra de mudança de faixa,Colisão lateral mesmo sentido,Com Vítimas Feridas,Plena Noite,Decrescente,Nublado,Múltipla,Reta,Sim,2,0,1,0,1,0,1,2,-26.912758,-48.711998,SPRF-SC,DEL04-SC,UOP04-DEL04-SC,2023
"556207,0",2023-10-20,sexta-feira,22:20:00,SC,101,"117,5",ITAJAI,Manobra de mudança de faixa,Colisão lateral mesmo sentido,Com Vítimas Feridas,Plena Noite,Decrescente,Céu Claro,Simples,Reta,Sim,2,0,1,0,0,1,1,2,-26.88747187,-48.72252969,SPRF-SC,DEL04-SC,UOP04-DEL04-SC,2023
"556227,0",2023-10-21,sábado,00:15:00,SC,163,"120,0",DIONISIO CERQUEIRA,Ingestão de álcool pelo condutor,Saída de leito carroçável,Com Vítimas Feridas,Plena Noite,Decrescente,Céu Claro,Simples,Curva,Não,1,0,1,0,0,0,1,1,-26.32934528,-53.54433775,SPRF-SC,DEL07-SC,UOP03-DEL07-SC,2023
"556231,0",2023-10-21,sábado,02:20:00,SC,101,"282,0",IMBITUBA,Ausência de reação do condutor,Saída de leito carroçável,Com Vítimas Feridas,Plena Noite,Crescente,Céu Claro,Dupla,Reta,Não,1,0,0,1,0,0,1,1,-28.19626005,-48.69739859,SPRF-SC,DEL02-SC,UOP03-DEL02-SC,2023
"556235,0",2023-10-21,sábado,01:50:00,SC,101,"136,0",BALNEARIO CAMBORIU,Ingestão de álcool pelo condutor,Tombamento,Sem Vítimas,Plena Noite,Decrescente,Garoa/Chuvisco,Múltipla,Reta,Sim,1,0,0,0,0,1,0,1,-27.008113,-48.617245,SPRF-SC,DEL04-SC,UOP03-DEL04-SC,2023
"556239,0",2023-10-21,sábado,03:40:00,SC,470,"0,1",NAVEGANTES,Reação tardia ou ineficiente do condutor,Colisão com objeto,Com Vítimas Feridas,Plena Noite,Crescente,Nublado,Dupla,Rotatória,Sim,2,0,0,2,0,0,2,1,-26.88232,-48.66183,SPRF-SC,DEL04-SC,UOP04-DEL04-SC,2023
"556241,0",2023-10-21,sábado,02:20:00,SC,101,"136,0",BALNEARIO CAMBORIU,Ingestão de álcool pelo condutor,Colisão traseira,Com Vítimas Feridas,Plena Noite,Crescente,Garoa/Chuvisco,Múltipla,Reta,Sim,3,0,1,0,2,0,1,2,-27.008113,-48.617245,SPRF-SC,DEL04-SC,UOP03-DEL04-SC,2023
"556243,0",2023-10-21,sábado,04:15:00,SC,470,"65,0",INDAIAL,Manobra de mudança de faixa,Colisão transversal,Com Vítimas Feridas,Plena Noite,Decrescente,Garoa/Chuvisco,Simples,Reta,Não,2,0,0,1,0,1,1,2,-26.870411,-49.211864,SPRF-SC,DEL04-SC,UOP01-DEL04-SC,2023
"556278,0",2023-10-21,sábado,08:20:00,SC,101,"211,6",PALHOCA,Objeto estático sobre o leito carroçável,Colisão com objeto,Com Vítimas Feridas,Pleno dia,Crescente,Nublado,Múltipla,Reta;Aclive;Viaduto,Sim,3,0,0,1,1,1,1,3,-27.62329313,-48.65245588,SPRF-SC,DEL01-SC,UOP02-DEL01-SC,2023
"556282,0",2023-10-21,sábado,08:00:00,SC,101,"128,1",BALNEARIO CAMBORIU,Ausência de reação do condutor,Tombamento,Com Vítimas Feridas,Pleno dia,Crescente,Céu Claro,Dupla,Reta,Sim,2,0,1,0,1,0,1,1,-26.97284292,-48.68299451,SPRF-SC,DEL04-SC,UOP04-DEL04-SC,2023
"556341,0",2023-10-14,sábado,18:53:00,SC,480,"131,0",CHAPECO,Ingestão de álcool pelo condutor,Atropelamento de Pedestre,Com Vítimas Feridas,Anoitecer,Crescente,Céu Claro,Dupla,Reta;Em Obras,Sim,3,0,2,0,1,0,2,2,-27.06314223,-52.63234636,SPRF-SC,DEL07-SC,UOP01-DEL07-SC,2023
"556369,0",2023-10-21,sábado,15:35:00,SC,470,"80,1",RODEIO,Velocidade Incompatível,Colisão com objeto,Com Vítimas Feridas,Pleno dia,Crescente,Céu Claro,Simples,Declive;Ponte;Curva,Não,1,0,0,1,0,0,1,1,-26.94818229,-49.31863546,SPRF-SC,DEL04-SC,UOP01-DEL04-SC,2023
"556373,0",2023-10-21,sábado,16:15:00,SC,470,"57,9",BLUMENAU,Condutor usando celular,Colisão lateral mesmo sentido,Sem Vítimas,Pleno dia,Crescente,Nublado,Simples,Em Obras,Não,2,0,0,0,2,0,0,2,-26.880428,-49.136532,SPRF-SC,DEL04-SC,UOP01-DEL04-SC,2023
"556389,0",2023-10-21,sábado,18:30:00,SC,101,"340,1",TUBARAO,Ingestão de álcool pelo condutor,Saída de leito carroçável,Com Vítimas Feridas,Anoitecer,Decrescente,Céu Claro,Simples,Reta,Sim,1,0,1,0,0,0,1,1,-28.501444,-49.04690399,SPRF-SC,DEL02-SC,UOP01-DEL02-SC,2023
"556402,0",2023-10-21,sábado,20:20:00,SC,282,"20,8",PALHOCA,Ingestão de álcool pelo condutor,Colisão frontal,Com Vítimas Feridas,Pleno dia,Decrescente,Nublado,Simples,Curva;Aclive,Sim,2,0,1,1,0,0,2,2,-27.68915709,-48.71574998,SPRF-SC,DEL01-SC,UOP02-DEL01-SC,2023
"556407,0",2023-10-21,sábado,19:19:00,SC,470,"84,0",RODEIO,Deixar de acionar o farol da motocicleta (ou similar),Colisão traseira,Com Vítimas Feridas,Plena Noite,Decrescente,Céu Claro,Simples,Reta,Não,2,0,1,0,1,0,1,2,-26.96137,-49.342415,SPRF-SC,DEL04-SC,UOP01-DEL04-SC,2023
"556408,0",2023-10-21,sábado,18:50:00,SC,470,"82,0",RODEIO,Velocidade Incompatível,Saída de leito carroçável,Com Vítimas Feridas,Plena Noite,Crescente,Céu Claro,Simples,Curva,Não,3,0,1,2,0,0,3,1,-26.958838,-49.324978,SPRF-SC,DEL04-SC,UOP01-DEL04-SC,2023
"556419,0",2023-10-21,sábado,22:00:00,SC,470,"67,5",INDAIAL,Desrespeitar a preferência no cruzamento,Colisão transversal,Sem Vítimas,Plena Noite,Decrescente,Nublado,Simples,Reta;Interseção de Vias;Viaduto,Sim,2,0,0,0,1,1,0,2,-26.87531081,-49.23598051,SPRF-SC,DEL04-SC,UOP01-DEL04-SC,2023
"556447,0",2023-10-21,sábado,23:15:00,SC,101,"203,1",SAO JOSE,Ingestão de álcool pelo condutor,Colisão com objeto,Com Vítimas Feridas,Plena Noite,Crescente,Céu Claro,Dupla,Reta,Sim,1,0,1,0,0,0,1,1,-27.5650044,-48.61460082,SPRF-SC,DEL01-SC,UOP01-DEL01-SC,2023
"556452,0",2023-10-22,domingo,04:15:00,SC,101,"373,0",ICARA,Ingestão de álcool e/ou substâncias psicoativas pelo pedestre,Saída de leito carroçável,Sem Vítimas,Plena Noite,Decrescente,Céu Claro,Dupla,Curva,Não,1,0,0,0,1,0,0,1,-28.71628994,-49.2305088,SPRF-SC,DEL02-SC,UOP01-DEL02-SC,2023
"556462,0",2023-10-22,domingo,04:45:00,SC,280,"79,1",CORUPA,Reação tardia ou ineficiente do condutor,Saída de leito carroçável,Com Vítimas Feridas,Amanhecer,Crescente,Céu Claro,Simples,Curva,Não,1,0,1,0,0,0,1,1,-26.44657315,-49.20157809,SPRF-SC,DEL06-SC,UOP03-DEL06-SC,2023
"556463,0",2023-10-22,domingo,05:30:00,SC,101,"114,0",ITAJAI,Condutor Dormindo,Capotamento,Com Vítimas Feridas,Amanhecer,Crescente,Nublado,Dupla,Reta,Não,2,0,1,0,1,0,1,1,-26.86192886,-48.7286704,SPRF-SC,DEL04-SC,UOP04-DEL04-SC,2023
"556474,0",2023-10-22,domingo,02:20:00,SC,101,"150,0",ITAPEMA,Ingestão de álcool pelo condutor,Colisão com objeto,Com Vítimas Feridas,Plena Noite,Decrescente,Céu Claro,Dupla,Reta,Sim,2,0,1,1,0,0,2,1,-27.11744799,-48.60940987,SPRF-SC,DEL04-SC,UOP03-DEL04-SC,2023
"556475,0",2023-10-22,domingo,00:01:00,SC,470,"88,0",ASCURRA,Ingestão de álcool e/ou substâncias psicoativas pelo pedestre,Colisão com objeto,Sem Vítimas,Plena Noite,Crescente,Céu Claro,Simples,Reta;Ponte,Sim,1,0,0,0,0,1,0,1,-26.95726192,-49.37454343,SPRF-SC,DEL04-SC,UOP01-DEL04-SC,2023
"556527,0",2023-10-22,domingo,10:30:00,SC,101,"327,0",CAPIVARI DE BAIXO,Reação tardia ou ineficiente do condutor,Colisão traseira,Com Vítimas Feridas,Pleno dia,Crescente,Céu Claro,Dupla,Reta;Declive,Sim,5,0,1,0,4,0,1,2,-28.43023306,-48.95205197,SPRF-SC,DEL02-SC,UOP01-DEL02-SC,2023
"556532,0",2023-10-22,domingo,13:00:00,SC,101,"198,0",BIGUACU,Manobra de mudança de faixa,Colisão lateral mesmo sentido,Com Vítimas Feridas,Pleno dia,Crescente,Céu Claro,Dupla,Reta,Sim,3,0,1,0,2,0,1,3,-27.52658712,-48.63506019,SPRF-SC,DEL01-SC,UOP01-DEL01-SC,2023
"556561,0",2023-10-22,domingo,15:00:00,SC,101,"108,5",PENHA,Reação tardia ou ineficiente do condutor,Saída de leito carroçável,Sem Vítimas,Pleno dia,Crescente,Nublado,Dupla,Curva,Sim,1,0,0,0,0,1,0,1,-26.82606902,-48.69052298,SPRF-SC,DEL03-SC,UOP02-DEL03-SC,2023
"556565,0",2023-10-22,domingo,16:30:00,SC,470,"136,2",RIO DO SUL,Ausência de reação do condutor,Colisão transversal,Com Vítimas Feridas,Pleno dia,Decrescente,Céu Claro,Simples,Reta;Interseção de Vias,Sim,4,0,3,0,1,0,3,2,-27.18632808,-49.60680127,SPRF-SC,DEL04-SC,UOP02-DEL04-SC,2023
"556609,0",2023-10-22,domingo,19:25:00,SC,116,"185,9",SAO CRISTOVAO DO SUL,Ingestão de álcool pelo condutor,Colisão com objeto,Sem Vítimas,Plena Noite,Decrescente,Céu Claro,Simples,Reta;Aclive,Não,2,0,0,0,2,0,0,1,-27.30457329,-50.42005537,SPRF-SC,DEL05-SC,UOP03-DEL05-SC,2023
"556619,0",2023-10-22,domingo,19:00:00,SC,470,"1,2",NAVEGANTES,Ausência de reação do condutor,Tombamento,Com Vítimas Feridas,Plena Noite,Decrescente,Nublado,Dupla,Em Obras,Não,1,0,1,0,0,0,1,1,-26.875383,-48.668285,SPRF-SC,DEL04-SC,UOP04-DEL04-SC,2023
"556623,0",2023-10-22,domingo,19:20:00,SC,101,"331,5",TUBARAO,Ausência de reação do condutor,Colisão traseira,Sem Vítimas,Plena Noite,Crescente,Céu Claro,Dupla,Reta,Sim,3,0,0,0,3,0,0,3,-28.46386227,-48.99524689,SPRF-SC,DEL02-SC,UOP01-DEL02-SC,2023
"556624,0",2023-10-22,domingo,21:30:00,SC,101,"213,3",PALHOCA,Desrespeitar a preferência no cruzamento,Colisão transversal,Com Vítimas Feridas,Plena Noite,Decrescente,Nublado,Dupla,Interseção de Vias;Reta;Viaduto,Sim,3,0,1,0,0,2,1,2,-27.63697369,-48.66514142,SPRF-SC,DEL01-SC,UOP02-DEL01-SC,2023
"556625,0",2023-10-22,domingo,17:00:00,SC,282,"37,0",AGUAS MORNAS,Condutor deixou de manter distância do veículo da frente,Colisão traseira,Sem Vítimas,Pleno dia,Decrescente,Nublado,Simples,Reta,Não,2,0,0,0,2,0,0,2,-27.707325,-48.842983,SPRF-SC,DEL01-SC,UOP03-DEL01-SC,2023
"556629,0",2023-10-22,domingo,21:20:00,SC,158,"102,9",CUNHA PORA,Velocidade Incompatível,Saída de leito carroçável,Com Vítimas Feridas,Plena Noite,Decrescente,Nublado,Simples,Curva,Não,1,0,0,1,0,0,1,1,-26.85293519,-53.16889316,SPRF-SC,DEL07-SC,UOP02-DEL07-SC,2023
"556639,0",2023-10-22,domingo,22:40:00,SC,480,"130,0",CHAPECO,Ausência de reação do condutor,Colisão com objeto,Sem Vítimas,Plena Noite,Decrescente,Céu Claro,Dupla,Reta,Não,1,0,0,0,0,1,0,1,-27.05534298,-52.63652069,SPRF-SC,DEL07-SC,UOP01-DEL07-SC,2023
"556642,0",2023-10-22,domingo,22:30:00,SC,101,"230,0",PALHOCA,Velocidade Incompatível,Colisão com objeto,Sem Vítimas,Plena Noite,Decrescente,Nublado,Dupla,Reta,Não,2,0,0,0,2,0,0,1,-27.77781898,-48.63489608,SPRF-SC,DEL01-SC,UOP02-DEL01-SC,2023
"556648,0",2023-10-23,segunda-feira,00:25:00,SC,101,"88,1",BARRA VELHA,Reação tardia ou ineficiente do condutor,Saída de leito carroçável,Com Vítimas Feridas,Plena Noite,Crescente,Nublado,Dupla,Reta,Sim,2,0,1,0,1,0,1,1,-26.64253985,-48.68950684,SPRF-SC,DEL03-SC,UOP02-DEL03-SC,2023
"556663,0",2023-10-23,segunda-feira,03:40:00,SC,101,"207,6",SAO JOSE,Reação tardia ou ineficiente do condutor,Colisão com objeto,Com Vítimas Feridas,Plena Noite,Crescente,Nublado,Múltipla,Curva,Sim,1,0,1,0,0,0,1,1,-27.60143043,-48.62535954,SPRF-SC,DEL01-SC,UOP01-DEL01-SC,2023