id,data_inversa,dia_semana,horario,uf,br,km,municipio,causa_acidente,tipo_acidente,classificacao_acidente,fase_dia,sentido_via,condicao_metereologica,tipo_pista,tracado_via,uso_solo,pessoas,mortos,feridos_leves,feridos_graves,ilesos,ignorados,feridos,veiculos,latitude,longitude,regional,delegacia,uop,ano_arquivo
"558723,0",2023-11-02,quinta-feira,14:50:00,SC,101,"269,0",IMBITUBA,Reação tardia ou ineficiente do condutor,Colisão com objeto,Com Vítimas Feridas,Pleno dia,Crescente,Chuva,Dupla,Curva,Não,1,0,1,0,0,0,1,1,-28.09851593,-48.70527864,SPRF-SC,DEL02-SC,UOP03-DEL02-SC,2023
"558733,0",2023-11-02,quinta-feira,16:30:00,SC,101,"262,3",GAROPABA,Reação tardia ou ineficiente do condutor,Saída de leito carroçável,Com Vítimas Feridas,Pleno dia,Decrescente,Chuva,Múltipla,Curva,Não,3,0,2,0,1,0,2,1,-28.042492,-48.713134,SPRF-SC,DEL02-SC,UOP03-DEL02-SC,2023
"558753,0",2023-11-02,quinta-feira,19:05:00,SC,101,"157,0",PORTO BELO,Velocidade Incompatível,Colisão traseira,Com Vítimas Feridas,Plena Noite,Decrescente,Ignorado,Múltipla,Reta,Não,2,0,1,0,1,0,1,2,-27.181625,-48.6121179,SPRF-SC,DEL04-SC,UOP03-DEL04-SC,2023
"558770,0",2023-11-02,quinta-feira,19:30:00,SC,101,"194,0",BIGUACU,Reação tardia ou ineficiente do condutor,Colisão traseira,Com Vítimas Feridas,Plena Noite,Crescente,Nublado,Múltipla,Reta,Sim,2,0,1,0,1,0,1,2,-27.49815117,-48.65661236,SPRF-SC,DEL01-SC,UOP01-DEL01-SC,2023
"558772,0",2023-11-02,quinta-feira,19:30:00,SC,280,"82,0",CORUPA,Acessar a via sem observar a presença dos outros veículos,Colisão transversal,Sem Vítimas,Plena Noite,Decrescente,Garoa/Chuvisco,Simples,Reta;Rotatória,Sim,4,0,0,0,4,0,0,2,-26.44009491,-49.22605498,SPRF-SC,DEL06-SC,UOP03-DEL06-SC,2023
"558773,0",2023-11-02,quinta-feira,20:50:00,SC,470,"317,6",CAMPOS NOVOS,Reação tardia ou ineficiente do condutor,Capotamento,Sem Vítimas,Plena Noite,Crescente,Nublado,Simples,Rotatória,Não,1,0,0,0,0,1,0,1,-27.404869,-51.206257,SPRF-SC,DEL07-SC,UOP06-DEL07-SC,2023
"558780,0",2023-11-02,quinta-feira,21:00:00,SC,282,"587,1",SAUDADES,Objeto estático sobre o leito carroçável,Colisão com objeto,Com Vítimas Feridas,Plena Noite,Crescente,Chuva,Simples,Curva,Não,1,0,0,1,0,0,1,1,-26.830677,-53.04443,SPRF-SC,DEL07-SC,UOP02-DEL07-SC,2023
"558788,0",2023-11-03,sexta-feira,02:15:00,SC,282,"0,3",FLORIANOPOLIS,Velocidade Incompatível,Saída de leito carroçável,Sem Vítimas,Plena Noite,Crescente,Chuva,Dupla,Curva,Sim,1,0,0,0,0,1,0,1,-27.59845,-48.571995,SPRF-SC,DEL01-SC,UOP01-DEL01-SC,2023
"558791,0",2023-11-03,sexta-feira,05:40:00,SC,101,"150,6",ITAPEMA,Velocidade Incompatível,Colisão com objeto,Com Vítimas Feridas,Amanhecer,Crescente,Chuva,Múltipla,Reta,Sim,1,0,1,0,0,0,1,1,-27.11744799,-48.60940987,SPRF-SC,DEL04-SC,UOP03-DEL04-SC,2023
"558792,0",2023-11-03,sexta-feira,05:40:00,SC,101,"211,2",PALHOCA,Acumulo de água sobre o pavimento,Saída de leito carroçável,Sem Vítimas,Pleno dia,Decrescente,Chuva,Múltipla,Reta,Sim,1,0,0,0,0,1,0,1,-27.62329313,-48.65245588,SPRF-SC,DEL01-SC,UOP02-DEL01-SC,2023
"558815,0",2023-11-03,sexta-feira,08:05:00,SC,101,"102,0",BALNEARIO PICARRAS,Chuva,Tombamento,Com Vítimas Feridas,Pleno dia,Decrescente,Chuva,Dupla,Reta,Não,1,0,1,0,0,0,1,1,-26.77383397,-48.68594062,SPRF-SC,DEL03-SC,UOP02-DEL03-SC,2023
"558824,0",2023-11-03,sexta-feira,09:00:00,SC,101,"229,3",PALHOCA,Reação tardia ou ineficiente do condutor,Colisão com objeto,Com Vítimas Feridas,Pleno dia,Decrescente,Chuva,Dupla,Aclive;Reta,Não,4,0,3,0,1,0,3,1,-27.7688932,-48.63205379,SPRF-SC,DEL01-SC,UOP02-DEL01-SC,2023
"558839,0",2023-11-03,sexta-feira,10:00:00,SC,101,"339,8",TUBARAO,Ausência de reação do condutor,Saída de leito carroçável,Com Vítimas Feridas,Pleno dia,Decrescente,Chuva,Dupla,Reta,Não,1,0,1,0,0,0,1,1,-28.49351117,-49.04178985,SPRF-SC,DEL02-SC,UOP01-DEL02-SC,2023
"558854,0",2023-11-03,sexta-feira,12:00:00,SC,101,"203,0",SAO JOSE,Manobra de mudança de faixa,Colisão lateral mesmo sentido,Sem Vítimas,Pleno dia,Decrescente,Céu Claro,Dupla,Reta,Não,2,0,0,0,1,1,0,2,-27.5650044,-48.61460082,SPRF-SC,DEL01-SC,UOP01-DEL01-SC,2023
"558875,0",2023-11-03,sexta-feira,14:45:00,SC,101,"401,7",MARACAJA,Condutor deixou de manter distância do veículo da frente,Colisão traseira,Sem Vítimas,Pleno dia,Decrescente,Nublado,Múltipla,Reta,Sim,3,0,0,0,3,0,0,2,-28.877633,-49.456754,SPRF-SC,DEL02-SC,UOP02-DEL02-SC,2023
"558876,0",2023-11-03,sexta-feira,14:45:00,SC,282,"16,0",PALHOCA,Trafegar com motocicleta (ou similar) entre as faixas,Colisão lateral sentido oposto,Com Vítimas Feridas,Pleno dia,Crescente,Nublado,Simples,Reta;Interseção de Vias,Sim,2,0,1,0,1,0,1,2,-27.658611,-48.681847,SPRF-SC,DEL01-SC,UOP02-DEL01-SC,2023
"558901,0",2023-11-03,sexta-feira,17:00:00,SC,101,"198,2",BIGUACU,Ausência de reação do condutor,Colisão traseira,Com Vítimas Feridas,Pleno dia,Decrescente,Chuva,Dupla,Reta,Não,2,0,1,0,1,0,1,2,-27.52658712,-48.63506019,SPRF-SC,DEL01-SC,UOP01-DEL01-SC,2023
"558931,0",2023-11-03,sexta-feira,19:35:00,SC,101,"268,1",PAULO LOPES,Condutor Dormindo,Saída de leito carroçável,Com Vítimas Feridas,Plena Noite,Crescente,Chuva,Dupla,Reta,Sim,1,0,0,1,0,0,1,1,-28.08561804,-48.71086526,SPRF-SC,DEL02-SC,UOP03-DEL02-SC,2023
"558933,0",2023-11-03,sexta-feira,19:30:00,SC,101,"206,9",SAO JOSE,Objeto estático sobre o leito carroçável,Queda de ocupante de veículo,Com Vítimas Feridas,Pleno dia,Crescente,Céu Claro,Múltipla,Reta,Não,2,0,2,0,0,0,2,1,-27.60001226,-48.6226467,SPRF-SC,DEL01-SC,UOP01-DEL01-SC,2023
"558934,0",2023-11-03,sexta-feira,20:00:00,SC,101,"198,1",BIGUACU,Trafegar com motocicleta (ou similar) entre as faixas,Colisão lateral mesmo sentido,Com Vítimas Feridas,Plena Noite,Decrescente,Céu Claro,Múltipla,Reta,Sim,2,0,1,0,1,0,1,2,-27.52750519,-48.63429666,SPRF-SC,DEL01-SC,UOP01-DEL01-SC,2023
"558946,0",2023-11-03,sexta-feira,20:00:00,SC,101,"40,0",JOINVILLE,Desrespeitar a preferência no cruzamento,Colisão lateral mesmo sentido,Com Vítimas Feridas,Plena Noite,Decrescente,Céu Claro,Dupla,Curva;Interseção de Vias,Sim,5,0,1,0,4,0,1,2,-26.27176094,-48.89468382,SPRF-SC,DEL03-SC,UOP01-DEL03-SC,2023
"558959,0",2023-11-03,sexta-feira,17:35:00,SC,116,"72,8",MONTE CASTELO,Ausência de reação do condutor,Colisão transversal,Com Vítimas Feridas,Pleno dia,Crescente,Céu Claro,Simples,Aclive,Não,4,0,1,1,2,0,2,2,-26.48707,-50.23276105,SPRF-SC,DEL06-SC,UOP02-DEL06-SC,2023
"558960,0",2023-11-03,sexta-feira,19:20:00,SC,282,"407,1",CATANDUVAS,Falta de acostamento,Atropelamento de Pedestre,Com Vítimas Fatais,Plena Noite,Decrescente,Nublado,Simples,Curva,Não,2,1,0,0,0,1,0,2,-27.0911732,-51.6610467,SPRF-SC,DEL07-SC,UOP05-DEL07-SC,2023
"558997,0",2023-11-04,sábado,06:00:00,SC,101,"209,7",SAO JOSE,Ingestão de álcool ou de substâncias psicoativas pelo pedestre,Colisão com objeto,Com Vítimas Feridas,Pleno dia,Crescente,Céu Claro,Múltipla,Reta,Não,2,0,2,0,0,0,2,1,-27.61185821,-48.64095926,SPRF-SC,DEL01-SC,UOP01-DEL01-SC,2023
"559012,0",2023-11-04,sábado,05:50:00,SC,101,"85,0",BARRA VELHA,Avarias e/ou desgaste excessivo no pneu,Saída de leito carroçável,Sem Vítimas,Amanhecer,Crescente,Nublado,Múltipla,Reta,Sim,1,0,0,0,1,0,0,1,-26.62840879,-48.70813584,SPRF-SC,DEL03-SC,UOP02-DEL03-SC,2023
"559019,0",2023-10-07,sábado,16:00:00,SC,282,"6,0",SAO JOSE,Velocidade Incompatível,Colisão com objeto,Sem Vítimas,Pleno dia,Decrescente,Garoa/Chuvisco,Dupla,Curva,Sim,1,0,0,0,0,1,0,1,-27.591936,-48.618244,SPRF-SC,DEL01-SC,UOP01-DEL01-SC,2023
"559035,0",2023-10-11,quarta-feira,18:45:00,SC,282,"17,0",PALHOCA,Acessar a via sem observar a presença dos outros veículos,Colisão transversal,Com Vítimas Feridas,Anoitecer,Crescente,Ignorado,Simples,Interseção de Vias,Não,2,0,1,0,0,1,1,2,-27.665707,-48.688065,SPRF-SC,DEL01-SC,UOP02-DEL01-SC,2023
"559037,0",2023-11-04,sábado,09:00:00,SC,101,"118,0",ITAJAI,Reação tardia ou ineficiente do condutor,Queda de ocupante de veículo,Com Vítimas Feridas,Pleno dia,Decrescente,Céu Claro,Múltipla,Reta,Não,1,0,0,1,0,0,1,1,-26.88747188,-48.72252969,SPRF-SC,DEL04-SC,UOP04-DEL04-SC,2023
"559066,0",2023-11-04,sábado,11:46:00,SC,280,"51,9",GUARAMIRIM,Retorno proibido,Colisão traseira,Com Vítimas Feridas,Pleno dia,Crescente,Céu Claro,Dupla,Reta;Em Obras,Sim,5,0,4,0,1,0,4,2,-26.4686,-48.964126,SPRF-SC,DEL03-SC,UOP03-DEL03-SC,2023
"559074,0",2023-11-04,sábado,12:50:00,SC,101,"146,0",ITAPEMA,Condutor deixou de manter distância do veículo da frente,Engavetamento,Com Vítimas Feridas,Pleno dia,Decrescente,Céu Claro,Múltipla,Reta;Declive,Sim,3,0,1,0,2,0,1,3,-27.08666525,-48.60955587,SPRF-SC,DEL04-SC,UOP03-DEL04-SC,2023
"559089,0",2023-11-04,sábado,13:00:00,SC,282,"76,2",RANCHO QUEIMADO,Acumulo de água sobre o pavimento,Saída de leito carroçável,Com Vítimas Feridas,Pleno dia,Decrescente,Céu Claro,Simples,Curva,Não,1,0,0,1,0,0,1,1,-27.688168,-49.120075,SPRF-SC,DEL01-SC,UOP03-DEL01-SC,2023
"559093,0",2023-11-04,sábado,16:00:00,SC,101,"234,0",PALHOCA,Mal súbito do condutor,Queda de ocupante de veículo,Com Vítimas Feridas,Pleno dia,Crescente,Céu Claro,Dupla,Reta,Não,1,0,1,0,0,0,1,1,-27.81043812,-48.63537111,SPRF-SC,DEL01-SC,UOP02-DEL01-SC,2023
"559094,0",2023-11-04,sábado,15:40:00,SC,101,"86,0",BARRA VELHA,Reação tardia ou ineficiente do condutor,Colisão transversal,Com Vítimas Feridas,Pleno dia,Decrescente,Sol,Dupla,Curva,Sim,3,0,1,0,1,1,1,2,-26.64436807,-48.68801057,SPRF-SC,DEL03-SC,UOP02-DEL03-SC,2023
"559102,0",2023-11-04,sábado,15:35:00,SC,470,"44,5",GASPAR,Reação tardia ou ineficiente do condutor,Colisão traseira,Com Vítimas Feridas,Pleno dia,Crescente,Céu Claro,Dupla,Reta,Sim,3,0,2,0,1,0,2,2,-26.870665,-49.021896,SPRF-SC,DEL04-SC,UOP01-DEL04-SC,2023
"559104,0",2023-11-04,sábado,16:40:00,SC,101,"216,2",PALHOCA,Manobra de mudança de faixa,Colisão lateral mesmo sentido,Com Vítimas Feridas,Pleno dia,Crescente,Céu Claro,Dupla,Reta,Sim,4,0,1,0,3,0,1,3,-27.65981409,-48.67747798,SPRF-SC,DEL01-SC,UOP02-DEL01-SC,2023
"559110,0",2023-11-04,sábado,17:00:00,SC,101,"155,0",PORTO BELO,Ingestão de álcool pelo condutor,Saída de leito carroçável,Com Vítimas Feridas,Pleno dia,Crescente,Céu Claro,Múltipla,Curva,Não,1,0,1,0,0,0,1,1,-27.16292,-48.61129,SPRF-SC,DEL04-SC,UOP03-DEL04-SC,2023
"559111,0",2023-11-04,sábado,15:30:00,SC,101,"196,6",BIGUACU,Ingestão de álcool pelo condutor,Queda de ocupante de veículo,Com Vítimas Feridas,Pleno dia,Crescente,Céu Claro,Dupla,Reta,Sim,1,0,1,0,0,0,1,1,-27.51101091,-48.64322292,SPRF-SC,DEL01-SC,UOP01-DEL01-SC,2023
"559114,0",2023-11-04,sábado,17:00:00,SC,470,"65,8",INDAIAL,Ausência de reação do condutor,Colisão lateral sentido oposto,Com Vítimas Feridas,Pleno dia,Crescente,Céu Claro,Simples,Reta,Sim,2,0,2,0,0,0,2,2,-26.870472,-49.22122836,SPRF-SC,DEL04-SC,UOP01-DEL04-SC,2023
"559126,0",2023-11-04,sábado,19:00:00,SC,101,"124,7",ITAJAI,Ausência de reação do condutor,Colisão traseira,Com Vítimas Feridas,Plena Noite,Crescente,Céu Claro,Múltipla,Reta,Sim,5,0,2,0,1,2,2,3,-26.94802427,-48.68338515,SPRF-SC,DEL04-SC,UOP04-DEL04-SC,2023
"559151,0",2023-11-04,sábado,20:00:00,SC,470,"151,0",AGRONOMICA,Demais falhas na via,Tombamento,Com Vítimas Feridas,Plena Noite,Decrescente,Nublado,Simples,Reta,Não,1,0,1,0,0,0,1,1,-27.260792,-49.719761,SPRF-SC,DEL04-SC,UOP02-DEL04-SC,2023
"559182,0",2023-11-04,sábado,23:00:00,SC,101,"329,9",TUBARAO,Pista esburacada,Tombamento,Com Vítimas Feridas,Plena Noite,Crescente,Céu Claro,Múltipla,Curva,Não,1,0,1,0,0,0,1,1,-28.43352489,-48.95713806,SPRF-SC,DEL02-SC,UOP01-DEL02-SC,2023
"559187,0",2023-11-05,domingo,00:35:00,SC,101,"113,5",ITAJAI,Acumulo de areia ou detritos sobre o pavimento,Tombamento,Com Vítimas Feridas,Plena Noite,Crescente,Céu Claro,Simples,Reta,Não,1,0,1,0,0,0,1,1,-26.85311393,-48.72689927,SPRF-SC,DEL04-SC,UOP04-DEL04-SC,2023
"559189,0",2023-11-05,domingo,01:00:00,SC,101,"331,4",TUBARAO,Pista esburacada,Tombamento,Com Vítimas Feridas,Plena Noite,Crescente,Céu Claro,Dupla,Curva,Sim,2,0,1,1,0,0,2,1,-28.45567521,-48.9812689,SPRF-SC,DEL02-SC,UOP01-DEL02-SC,2023
"559218,0",2023-11-05,domingo,07:15:00,SC,282,"4,7",FLORIANOPOLIS,Acessar a via sem observar a presença dos outros veículos,Colisão lateral mesmo sentido,Com Vítimas Feridas,Pleno dia,Crescente,Céu Claro,Múltipla,Reta,Sim,3,0,2,0,0,1,2,2,-27.592646,-48.604034,SPRF-SC,DEL01-SC,UOP01-DEL01-SC,2023
"559220,0",2023-11-02,quinta-feira,05:15:00,SC,470,"57,0",BLUMENAU,Ingestão de álcool pelo condutor,Colisão lateral sentido oposto,Sem Vítimas,Plena Noite,Decrescente,Chuva,Simples,Reta;Em Obras,Sim,2,0,0,0,2,0,0,2,-26.880428,-49.136532,SPRF-SC,DEL04-SC,UOP01-DEL04-SC,2023
"559226,0",2023-10-24,terça-feira,08:40:00,SC,480,"129,5",CHAPECO,Velocidade Incompatível,Colisão com objeto,Com Vítimas Feridas,Pleno dia,Crescente,Nublado,Dupla,Curva;Viaduto,Não,1,0,1,0,0,0,1,1,-27.04656607,-52.63577131,SPRF-SC,DEL07-SC,UOP01-DEL07-SC,2023
"559228,0",2023-11-05,domingo,08:30:00,SC,101,"237,8",PALHOCA,Pista esburacada,Capotamento,Com Vítimas Feridas,Pleno dia,Crescente,Sol,Dupla,Reta,Não,1,0,1,0,0,0,1,1,-27.84260999,-48.63481164,SPRF-SC,DEL01-SC,UOP02-DEL01-SC,2023
"559232,0",2023-11-05,domingo,09:00:00,SC,101,"336,0",TUBARAO,Avarias e/ou desgaste excessivo no pneu,Tombamento,Com Vítimas Feridas,Pleno dia,Crescente,Sol,Múltipla,Reta,Sim,3,0,2,0,0,1,2,2,-28.47311347,-49.02437375,SPRF-SC,DEL02-SC,UOP01-DEL02-SC,2023
"559240,0",2023-11-05,domingo,11:05:00,SC,101,"155,0",PORTO BELO,Demais falhas mecânicas ou elétricas,Tombamento,Com Vítimas Feridas,Pleno dia,Crescente,Céu Claro,Múltipla,Reta,Não,2,0,2,0,0,0,2,1,-27.16292,-48.61129,SPRF-SC,DEL04-SC,UOP03-DEL04-SC,2023
"559245,0",2023-11-05,domingo,12:30:00,SC,101,"207,5",SAO JOSE,Ausência de reação do condutor,Colisão traseira,Com Vítimas Feridas,Pleno dia,Crescente,Céu Claro,Múltipla,Reta,Sim,3,0,1,0,2,0,1,2,-27.60001226,-48.6226467,SPRF-SC,DEL01-SC,UOP01-DEL01-SC,2023
"559263,0",2023-11-05,domingo,10:30:00,SC,163,"97,0",SAO JOSE DO CEDRO,Acesso irregular,Colisão transversal,Com Vítimas Feridas,Pleno dia,Crescente,Céu Claro,Simples,Em Obras,Não,5,0,3,0,2,0,3,2,-26.50303017,-53.50925446,SPRF-SC,DEL07-SC,UOP03-DEL07-SC,2023
"559267,0",2023-11-04,sábado,22:29:00,SC,158,"114,0",CUNHA PORA,Demais falhas na via,Queda de ocupante de veículo,Com Vítimas Feridas,Plena Noite,Decrescente,Céu Claro,Simples,Reta,Sim,2,0,0,1,0,1,1,2,-26.89286688,-53.18749666,SPRF-SC,DEL07-SC,UOP02-DEL07-SC,2023
"559268,0",2023-11-05,domingo,14:00:00,SC,101,"216,5",PALHOCA,Condutor deixou de manter distância do veículo da frente,Colisão traseira,Com Vítimas Feridas,Pleno dia,Crescente,Céu Claro,Múltipla,Reta,Não,3,0,1,0,2,0,1,2,-27.65981409,-48.67747798,SPRF-SC,DEL01-SC,UOP02-DEL01-SC,2023
"559270,0",2023-11-05,domingo,14:40:00,SC,101,"130,0",BALNEARIO CAMBORIU,Trafegar com motocicleta (ou similar) entre as faixas,Colisão traseira,Com Vítimas Feridas,Pleno dia,Decrescente,Sol,Dupla,Reta,Não,2,0,0,1,1,0,1,2,-26.98407618,-48.66977107,SPRF-SC,DEL04-SC,UOP03-DEL04-SC,2023
"559286,0",2023-11-05,domingo,16:00:00,SC,101,"137,5",BALNEARIO CAMBORIU,Reação tardia ou ineficiente do condutor,Colisão traseira,Com Vítimas Feridas,Pleno dia,Decrescente,Céu Claro,Múltipla,Reta,Sim,3,0,2,0,1,0,2,2,-27.0157238,-48.61192763,SPRF-SC,DEL04-SC,UOP03-DEL04-SC,2023
"559287,0",2023-11-05,domingo,14:10:00,SC,101,"329,3",TUBARAO,Manobra de mudança de faixa,Colisão lateral mesmo sentido,Com Vítimas Feridas,Pleno dia,Decrescente,Céu Claro,Dupla,Reta,Não,3,0,2,0,1,0,2,2,-28.44404822,-48.96611372,SPRF-SC,DEL02-SC,UOP01-DEL02-SC,2023
"559311,0",2023-11-05,domingo,17:25:00,SC,101,"222,3",PALHOCA,Animais na Pista,Tombamento,Com Vítimas Feridas,Pleno dia,Decrescente,Céu Claro,Dupla,Reta;Declive,Sim,2,0,1,1,0,0,2,1,-27.71362208,-48.64996076,SPRF-SC,DEL01-SC,UOP02-DEL01-SC,2023
"559314,0",2023-11-05,domingo,16:30:00,SC,282,"231,4",LAGES,Acessar a via sem observar a presença dos outros veículos,Colisão transversal,Com Vítimas Feridas,Pleno dia,Crescente,Céu Claro,Simples,Curva;Interseção de Vias,Não,2,0,1,0,1,0,1,2,-27.7869414,-50.4390049,SPRF-SC,DEL05-SC,UOP02-DEL05-SC,2023
"559320,0",2023-11-05,domingo,18:10:00,SC,153,"96,6",CONCORDIA,Ausência de reação do condutor,Queda de ocupante de veículo,Com Vítimas Feridas,Pleno dia,Crescente,Céu Claro,Simples,Rotatória,Sim,1,0,1,0,0,0,1,1,-27.22393295,-51.9497323,SPRF-SC,DEL07-SC,UOP04-DEL07-SC,2023
"559325,0",2023-11-05,domingo,11:00:00,SC,470,"141,0",RIO DO SUL,Acessar a via sem observar a presença dos outros veículos,Colisão transversal,Com Vítimas Feridas,Pleno dia,Decrescente,Céu Claro,Dupla,Reta;Interseção de Vias,Sim,4,0,2,0,2,0,2,2,-27.226065,-49.666161,SPRF-SC,DEL04-SC,UOP02-DEL04-SC,2023
"559352,0",2023-11-05,domingo,19:15:00,SC,101,"325,5",CAPIVARI DE BAIXO,Condutor deixou de manter distância do veículo da frente,Colisão traseira,Sem Vítimas,Plena Noite,Crescente,Céu Claro,Múltipla,Reta,Não,2,0,0,0,2,0,0,2,-28.42516271,-48.93259193,SPRF-SC,DEL02-SC,UOP01-DEL02-SC,2023
"559383,0",2023-11-05,domingo,20:40:00,SC,470,"1,2",GASPAR,Retorno proibido,Colisão traseira,Com Vítimas Feridas,Plena Noite,Decrescente,Nublado,Simples,Reta,Sim,4,0,3,0,1,0,3,2,-26.92258985,-48.95890388,SPRF-SC,DEL04-SC,UOP01-DEL04-SC,2023
"559393,0",2023-11-05,domingo,21:40:00,SC,282,"197,0",LAGES,Reação tardia ou ineficiente do condutor,Saída de leito carroçável,Sem Vítimas,Plena Noite,Decrescente,Céu Claro,Simples,Reta,Não,1,0,0,0,0,1,0,1,-27.753368,-50.103615,SPRF-SC,DEL05-SC,UOP01-DEL05-SC,2023
"559470,0",2023-11-06,segunda-feira,07:00:00,SC,280,"96,0",CORUPA,Reação tardia ou ineficiente do condutor,Colisão com objeto,Com Vítimas Feridas,Pleno dia,Crescente,Céu Claro,Simples,Curva;Declive,Não,1,0,1,0,0,0,1,1,-26.37833107,-49.31732124,SPRF-SC,DEL06-SC,UOP03-DEL06-SC,2023
"559484,0",2023-11-06,segunda-feira,02:30:00,SC,101,"272,0",IMBITUBA,Reação tardia ou ineficiente do condutor,Colisão com objeto,Sem Vítimas,Plena Noite,Decrescente,Céu Claro,Múltipla,Curva,Não,1,0,0,0,0,1,0,1,-28.12295565,-48.69608402,SPRF-SC,DEL02-SC,UOP03-DEL02-SC,2023
"559509,0",2023-09-23,sábado,12:10:00,SC,280,"100,0",SAO BENTO DO SUL,Demais falhas mecânicas ou elétricas,Incêndio,Sem Vítimas,Pleno dia,Decrescente,Céu Claro,Simples,Curva,Não,1,0,0,0,1,0,0,1,-26.37158361,-49.33137101,SPRF-SC,DEL06-SC,UOP03-DEL06-SC,2023
"559515,0",2023-11-06,segunda-feira,09:50:00,SC,282,"393,5",JOACABA,Ausência de reação do condutor,Saída de leito carroçável,Com Vítimas Feridas,Pleno dia,Crescente,Céu Claro,Simples,Curva,Não,1,0,1,0,0,0,1,1,-27.160221,-51.573895,SPRF-SC,DEL07-SC,UOP05-DEL07-SC,2023
"559531,0",2023-11-06,segunda-feira,14:30:00,SC,101,"50,0",JOINVILLE,Ausência de reação do condutor,Colisão traseira,Com Vítimas Feridas,Pleno dia,Decrescente,Céu Claro,Múltipla,Reta,Sim,2,0,1,0,1,0,1,2,-26.37546719,-48.85479619,SPRF-SC,DEL03-SC,UOP01-DEL03-SC,2023
"559588,0",2023-11-06,segunda-feira,17:36:00,SC,470,"138,0",RIO DO SUL,Reação tardia ou ineficiente do condutor,Colisão traseira,Com Vítimas Feridas,Anoitecer,Crescente,Céu Claro,Simples,Reta,Sim,2,0,0,1,1,0,1,2,-27.207214,-49.648476,SPRF-SC,DEL04-SC,UOP02-DEL04-SC,2023
"559589,0",2023-11-06,segunda-feira,18:45:00,SC,101,"152,0",PORTO BELO,Demais falhas mecânicas ou elétricas,Colisão com objeto,Com Vítimas Feridas,Pleno dia,Crescente,Céu Claro,Dupla,Curva,Não,1,0,1,0,0,0,1,1,-27.13563503,-48.61004665,SPRF-SC,DEL04-SC,UOP03-DEL04-SC,2023
"559591,0",2023-11-06,segunda-feira,08:30:00,SC,101,"328,5",CAPIVARI DE BAIXO,Ausência de reação do condutor,Colisão traseira,Sem Vítimas,Pleno dia,Crescente,Céu Claro,Dupla,Reta,Não,3,0,0,0,3,0,0,2,-28.44993985,-48.97138596,SPRF-SC,DEL02-SC,UOP01-DEL02-SC,2023
"559598,0",2023-11-06,segunda-feira,20:30:00,SC,101,"148,0",ITAPEMA,Acessar a via sem observar a presença dos outros veículos,Colisão lateral mesmo sentido,Com Vítimas Feridas,Plena Noite,Crescente,Ignorado,Dupla,Reta,Sim,3,0,1,0,2,0,1,2,-27.10123686,-48.61807962,SPRF-SC,DEL04-SC,UOP03-DEL04-SC,2023
"559600,0",2023-11-06,segunda-feira,19:14:00,SC,101,"203,9",SAO JOSE,Desrespeitar a preferência no cruzamento,Colisão transversal,Com Vítimas Feridas,Plena Noite,Crescente,Céu Claro,Múltipla,Reta,Sim,2,0,1,0,0,1,1,2,-27.5728434,-48.61385286,SPRF-SC,DEL01-SC,UOP01-DEL01-SC,2023
"559601,0",2023-11-06,segunda-feira,20:20:00,SC,101,"215,8",PALHOCA,Trafegar com motocicleta (ou similar) entre as faixas,Colisão lateral mesmo sentido,Com Vítimas Feridas,Plena Noite,Crescente,Nublado,Múltipla,Declive;Curva,Não,3,0,0,1,1,1,1,3,-27.65184843,-48.67604941,SPRF-SC,DEL01-SC,UOP02-DEL01-SC,2023
"559602,0",2023-11-06,segunda-feira,21:15:00,SC,101,"223,0",PALHOCA,Avarias e/ou desgaste excessivo no pneu,Tombamento,Com Vítimas Feridas,Plena Noite,Crescente,Céu Claro,Múltipla,Reta;Aclive,Não,1,0,1,0,0,0,1,1,-27.71552634,-48.64881251,SPRF-SC,DEL01-SC,UOP02-DEL01-SC,2023
"559613,0",2023-11-06,segunda-feira,21:25:00,SC,101,"159,0",PORTO BELO,Reação tardia ou ineficiente do condutor,Queda de ocupante de veículo,Com Vítimas Feridas,Plena Noite,Decrescente,Céu Claro,Múltipla,Reta,Sim,1,0,1,0,0,0,1,1,-27.1998778,-48.61534236,SPRF-SC,DEL04-SC,UOP03-DEL04-SC,2023
"559641,0",2023-11-07,terça-feira,06:30:00,SC,101,"115,0",ITAJAI,Demais falhas mecânicas ou elétricas,Tombamento,Com Vítimas Feridas,Pleno dia,Crescente,Céu Claro,Múltipla,Reta,Não,2,0,2,0,0,0,2,1,-26.87064015,-48.72954134,SPRF-SC,DEL04-SC,UOP04-DEL04-SC,2023
"559665,0",2023-11-07,terça-feira,08:30:00,SC,101,"125,0",ITAJAI,Ausência de reação do condutor,Colisão com objeto,Com Vítimas Feridas,Pleno dia,Decrescente,Céu Claro,Dupla,Reta,Não,2,0,1,1,0,0,2,1,-26.94802427,-48.68338515,SPRF-SC,DEL04-SC,UOP04-DEL04-SC,2023
"559684,0",2023-11-07,terça-feira,09:46:00,SC,101,"92,3",BARRA VELHA,Ausência de reação do condutor,Queda de ocupante de veículo,Com Vítimas Feridas,Pleno dia,Crescente,Céu Claro,Dupla,Reta,Não,1,0,1,0,0,0,1,1,-26.6806041,-48.6931497,SPRF-SC,DEL03-SC,UOP02-DEL03-SC,2023
"559703,0",2023-11-07,terça-feira,12:40:00,SC,282,"505,2",XANXERE,Desrespeitar a preferência no cruzamento,Colisão transversal,Com Vítimas Feridas,Pleno dia,Decrescente,Céu Claro,Simples,Interseção de Vias,Sim,2,0,1,0,1,0,1,2,-26.885883,-52.418762,SPRF-SC,DEL07-SC,UOP01-DEL07-SC,2023