id,data_inversa,dia_semana,horario,uf,br,km,municipio,causa_acidente,tipo_acidente,classificacao_acidente,fase_dia,sentido_via,condicao_metereologica,tipo_pista,tracado_via,uso_solo,pessoas,mortos,feridos_leves,feridos_graves,ilesos,ignorados,feridos,veiculos,latitude,longitude,regional,delegacia,uop,ano_arquivo
"559705,0",2023-11-07,terça-feira,11:30:00,SC,280,"102,8",SAO BENTO DO SUL,Condutor deixou de manter distância do veículo da frente,Colisão traseira,Com Vítimas Feridas,Pleno dia,Crescente,Sol,Simples,Reta;Em Obras,Não,2,0,1,0,1,0,1,2,-26.36381888,-49.34016753,SPRF-SC,DEL06-SC,UOP03-DEL06-SC,2023
"559711,0",2023-11-07,terça-feira,13:50:00,SC,282,"16,3",PALHOCA,Manobra de mudança de faixa,Colisão lateral mesmo sentido,Com Vítimas Feridas,Pleno dia,Decrescente,Céu Claro,Simples,Reta;Interseção de Vias,Sim,3,0,2,0,1,0,2,2,-27.658611,-48.681847,SPRF-SC,DEL01-SC,UOP02-DEL01-SC,2023
"559718,0",2023-11-07,terça-feira,14:00:00,SC,101,"217,0",PALHOCA,Ausência de reação do condutor,Colisão com objeto,Com Vítimas Feridas,Pleno dia,Crescente,Céu Claro,Simples,Reta,Sim,3,0,3,0,0,0,3,1,-27.66779034,-48.67393586,SPRF-SC,DEL01-SC,UOP02-DEL01-SC,2023
"559743,0",2023-11-07,terça-feira,13:45:00,SC,280,"81,5",CORUPA,Ultrapassagem Indevida,Colisão lateral mesmo sentido,Com Vítimas Feridas,Pleno dia,Decrescente,Céu Claro,Simples,Reta;Aclive,Sim,3,0,2,1,0,0,3,2,-26.44057489,-49.217056,SPRF-SC,DEL06-SC,UOP03-DEL06-SC,2023
"559774,0",2023-11-07,terça-feira,16:40:00,SC,282,"290,9",SAO JOSE DO CERRITO,Ausência de reação do condutor,Saída de leito carroçável,Com Vítimas Feridas,Pleno dia,Decrescente,Céu Claro,Simples,Reta,Não,1,0,0,1,0,0,1,1,-27.55353864,-50.84479094,SPRF-SC,DEL05-SC,UOP02-DEL05-SC,2023
"559778,0",2023-11-07,terça-feira,18:15:00,SC,101,"44,3",JOINVILLE,Ultrapassagem Indevida,Colisão transversal,Com Vítimas Feridas,Anoitecer,Crescente,Céu Claro,Simples,Reta,Sim,2,0,0,1,1,0,1,2,-26.31238996,-48.87458997,SPRF-SC,DEL03-SC,UOP01-DEL03-SC,2023
"559780,0",2023-11-07,terça-feira,19:30:00,SC,282,"605,0",MARAVILHA,Acessar a via sem observar a presença dos outros veículos,Colisão transversal,Com Vítimas Feridas,Plena Noite,Crescente,Céu Claro,Simples,Declive,Não,2,0,1,0,1,0,1,2,-26.786951,-53.195248,SPRF-SC,DEL07-SC,UOP02-DEL07-SC,2023
"559792,0",2023-11-07,terça-feira,06:45:00,SC,282,"216,4",PALHOCA,Trafegar com motocicleta (ou similar) entre as faixas,Colisão transversal,Sem Vítimas,Pleno dia,Crescente,Céu Claro,Simples,Reta,Não,2,0,0,0,0,2,0,2,-27.659899,-48.683224,SPRF-SC,DEL05-SC,UOP01-DEL05-SC,2023
"559801,0",2023-11-07,terça-feira,19:40:00,SC,101,"416,9",ARARANGUA,Acessar a via sem observar a presença dos outros veículos,Colisão transversal,Com Vítimas Feridas,Plena Noite,Decrescente,Céu Claro,Múltipla,Reta,Não,3,0,1,0,2,0,1,2,-28.978721,-49.534859,SPRF-SC,DEL02-SC,UOP02-DEL02-SC,2023
"559816,0",2023-11-07,terça-feira,20:40:00,SC,470,"125,0",LONTRAS,Reação tardia ou ineficiente do condutor,Colisão frontal,Com Vítimas Feridas,Plena Noite,Crescente,Céu Claro,Simples,Reta,Sim,2,0,0,1,1,0,1,2,-27.120506,-49.534946,SPRF-SC,DEL04-SC,UOP02-DEL04-SC,2023
"559830,0",2023-11-08,quarta-feira,05:00:00,SC,470,"94,0",APIUNA,Acessar a via sem observar a presença dos outros veículos,Colisão transversal,Com Vítimas Feridas,Amanhecer,Crescente,Céu Claro,Simples,Reta,Não,2,0,1,0,1,0,1,2,-27.003345,-49.374668,SPRF-SC,DEL04-SC,UOP01-DEL04-SC,2023
"559866,0",2023-11-08,quarta-feira,08:55:00,SC,101,"199,7",SAO JOSE,Condutor deixou de manter distância do veículo da frente,Colisão traseira,Sem Vítimas,Pleno dia,Crescente,Céu Claro,Dupla,Reta,Não,4,0,0,0,2,2,0,4,-27.53413705,-48.63003205,SPRF-SC,DEL01-SC,UOP01-DEL01-SC,2023
"559909,0",2023-11-08,quarta-feira,11:55:00,SC,282,"343,4",CAMPOS NOVOS,Desrespeitar a preferência no cruzamento,Colisão transversal,Com Vítimas Feridas,Pleno dia,Crescente,Céu Claro,Simples,Reta,Sim,5,0,3,1,1,0,4,2,-27.387402,-51.232861,SPRF-SC,DEL07-SC,UOP06-DEL07-SC,2023
"559914,0",2023-11-08,quarta-feira,12:30:00,SC,470,"55,8",BLUMENAU,Acessar a via sem observar a presença dos outros veículos,Colisão transversal,Com Vítimas Feridas,Pleno dia,Crescente,Céu Claro,Simples,Reta,Sim,2,0,1,0,1,0,1,2,-26.87655779,-49.12630611,SPRF-SC,DEL04-SC,UOP01-DEL04-SC,2023
"559930,0",2023-11-08,quarta-feira,14:45:00,SC,101,"194,0",BIGUACU,Acessar a via sem observar a presença dos outros veículos,Colisão transversal,Com Vítimas Feridas,Pleno dia,Crescente,Céu Claro,Dupla,Interseção de Vias,Sim,2,0,1,0,1,0,1,2,-27.49815117,-48.65661236,SPRF-SC,DEL01-SC,UOP01-DEL01-SC,2023
"559956,0",2023-11-08,quarta-feira,16:30:00,SC,101,"147,0",ITAPEMA,Trafegar com motocicleta (ou similar) entre as faixas,Colisão traseira,Com Vítimas Feridas,Pleno dia,Decrescente,Nublado,Dupla,Reta,Sim,3,0,2,0,1,0,2,2,-27.09237407,-48.61730888,SPRF-SC,DEL04-SC,UOP03-DEL04-SC,2023
"559974,0",2023-11-08,quarta-feira,18:25:00,SC,280,"129,0",RIO NEGRINHO,Ingestão de álcool pelo condutor,Colisão traseira,Sem Vítimas,Amanhecer,Crescente,Céu Claro,Simples,Rotatória,Sim,2,0,0,0,2,0,0,2,-26.24586437,-49.52284615,SPRF-SC,DEL06-SC,UOP03-DEL06-SC,2023
"559976,0",2023-11-08,quarta-feira,18:35:00,SC,280,"7,6",SAO FRANCISCO DO SUL,Ausência de reação do condutor,Colisão transversal,Com Vítimas Feridas,Anoitecer,Crescente,Céu Claro,Simples,Reta,Sim,2,0,1,0,1,0,1,2,-26.27127101,-48.64129599,SPRF-SC,DEL03-SC,UOP03-DEL03-SC,2023
"559988,0",2023-11-08,quarta-feira,19:30:00,SC,101,"145,0",ITAPEMA,Avarias e/ou desgaste excessivo no pneu,Queda de ocupante de veículo,Com Vítimas Feridas,Plena Noite,Crescente,Céu Claro,Dupla,Reta,Sim,2,0,2,0,0,0,2,1,-27.08139206,-48.60130993,SPRF-SC,DEL04-SC,UOP03-DEL04-SC,2023
"559991,0",2023-11-08,quarta-feira,19:20:00,SC,470,"63,5",INDAIAL,Transitar na contramão,Colisão lateral sentido oposto,Com Vítimas Feridas,Plena Noite,Decrescente,Céu Claro,Simples,Curva,Não,2,0,1,0,0,1,1,2,-26.872396,-49.19228,SPRF-SC,DEL04-SC,UOP01-DEL04-SC,2023
"560002,0",2023-11-08,quarta-feira,20:40:00,SC,280,"23,1",ARAQUARI,Transitar no Acostamento,Queda de ocupante de veículo,Com Vítimas Feridas,Plena Noite,Crescente,Nublado,Simples,Curva,Sim,1,0,1,0,0,0,1,1,-26.37146,-48.711887,SPRF-SC,DEL03-SC,UOP03-DEL03-SC,2023
"560003,0",2023-11-08,quarta-feira,19:30:00,SC,101,"337,0",TUBARAO,Reação tardia ou ineficiente do condutor,Colisão com objeto,Com Vítimas Feridas,Plena Noite,Crescente,Céu Claro,Dupla,Túnel,Não,3,0,1,0,2,0,1,1,-28.47801624,-49.03246283,SPRF-SC,DEL02-SC,UOP01-DEL02-SC,2023
"560008,0",2023-11-08,quarta-feira,22:20:00,SC,101,"213,5",PALHOCA,Desrespeitar a preferência no cruzamento,Colisão transversal,Com Vítimas Feridas,Plena Noite,Decrescente,Céu Claro,Dupla,Interseção de Vias,Sim,2,0,0,1,1,0,1,2,-27.63697369,-48.66514142,SPRF-SC,DEL01-SC,UOP02-DEL01-SC,2023
"560018,0",2023-11-08,quarta-feira,23:30:00,SC,101,"208,0",SAO JOSE,Manobra de mudança de faixa,Colisão lateral mesmo sentido,Com Vítimas Feridas,Plena Noite,Decrescente,Céu Claro,Múltipla,Reta;Interseção de Vias,Sim,2,0,0,1,1,0,1,2,-27.60515742,-48.63351345,SPRF-SC,DEL01-SC,UOP01-DEL01-SC,2023
"560032,0",2023-11-09,quinta-feira,04:40:00,SC,101,"90,8",BARRA VELHA,Afundamento ou ondulação no pavimento,Tombamento,Com Vítimas Feridas,Amanhecer,Crescente,Céu Claro,Múltipla,Reta,Sim,1,0,1,0,0,0,1,1,-26.676498,-48.69180858,SPRF-SC,DEL03-SC,UOP02-DEL03-SC,2023
"560043,0",2023-11-09,quinta-feira,07:15:00,SC,470,"58,3",BLUMENAU,Acessar a via sem observar a presença dos outros veículos,Colisão transversal,Com Vítimas Feridas,Pleno dia,Crescente,Céu Claro,Simples,Reta;Em Obras,Não,3,0,1,0,2,0,1,2,-26.883879,-49.145622,SPRF-SC,DEL04-SC,UOP01-DEL04-SC,2023
"560056,0",2023-11-09,quinta-feira,07:30:00,SC,116,"4,5",MAFRA,Desrespeitar a preferência no cruzamento,Colisão transversal,Com Vítimas Feridas,Pleno dia,Crescente,Céu Claro,Simples,Interseção de Vias;Rotatória;Viaduto,Sim,6,0,4,0,2,0,4,2,-26.13908471,-49.81265545,SPRF-SC,DEL06-SC,UOP01-DEL06-SC,2023
"560103,0",2023-11-09,quinta-feira,13:20:00,SC,101,"311,7",LAGUNA,Ausência de reação do condutor,Colisão traseira,Com Vítimas Feridas,Pleno dia,Decrescente,Céu Claro,Múltipla,Curva,Sim,7,0,1,0,6,0,1,4,-28.433701,-48.806344,SPRF-SC,DEL02-SC,UOP01-DEL02-SC,2023
"560112,0",2023-11-09,quinta-feira,14:30:00,SC,280,"52,6",GUARAMIRIM,Acessar a via sem observar a presença dos outros veículos,Colisão traseira,Com Vítimas Feridas,Pleno dia,Crescente,Nublado,Simples,Reta;Em Obras,Sim,3,0,0,1,1,1,1,3,-26.468904,-48.96492,SPRF-SC,DEL03-SC,UOP03-DEL03-SC,2023
"560118,0",2023-11-09,quinta-feira,16:00:00,SC,101,"203,4",SAO JOSE,Trafegar com motocicleta (ou similar) entre as faixas,Colisão lateral mesmo sentido,Com Vítimas Feridas,Pleno dia,Crescente,Nevoeiro/Neblina,Múltipla,Reta,Não,2,0,1,0,1,0,1,2,-27.5650044,-48.61460082,SPRF-SC,DEL01-SC,UOP01-DEL01-SC,2023
"560119,0",2023-11-09,quinta-feira,09:50:00,SC,470,"143,6",RIO DO SUL,Acumulo de água sobre o pavimento,Colisão traseira,Sem Vítimas,Pleno dia,Decrescente,Garoa/Chuvisco,Simples,Reta,Sim,3,0,0,0,2,1,0,3,-27.233143,-49.672886,SPRF-SC,DEL04-SC,UOP02-DEL04-SC,2023
"560131,0",2023-11-09,quinta-feira,17:00:00,SC,101,"114,2",ITAJAI,Reação tardia ou ineficiente do condutor,Colisão lateral mesmo sentido,Com Vítimas Feridas,Pleno dia,Decrescente,Céu Claro,Dupla,Reta,Sim,2,0,1,0,1,0,1,2,-26.86192886,-48.7286704,SPRF-SC,DEL04-SC,UOP04-DEL04-SC,2023
"560185,0",2023-11-09,quinta-feira,22:20:00,SC,282,"17,0",PALHOCA,Conversão proibida,Queda de ocupante de veículo,Com Vítimas Feridas,Plena Noite,Crescente,Céu Claro,Simples,Reta,Não,3,0,2,0,1,0,2,2,-27.665707,-48.688065,SPRF-SC,DEL01-SC,UOP02-DEL01-SC,2023
"560213,0",2023-11-10,sexta-feira,02:40:00,SC,282,"19,0",PALHOCA,Ingestão de álcool pelo condutor,Saída de leito carroçável,Sem Vítimas,Plena Noite,Crescente,Céu Claro,Simples,Reta,Sim,1,0,0,0,1,0,0,1,-27.678635,-48.70192,SPRF-SC,DEL01-SC,UOP02-DEL01-SC,2023
"560221,0",2023-11-10,sexta-feira,02:30:00,SC,101,"369,1",ICARA,Transitar na contramão,Saída de leito carroçável,Com Vítimas Feridas,Plena Noite,Decrescente,Céu Claro,Múltipla,Reta;Declive,Não,1,0,1,0,0,0,1,1,-28.70135398,-49.19591904,SPRF-SC,DEL02-SC,UOP01-DEL02-SC,2023
"560258,0",2023-11-10,sexta-feira,08:30:00,SC,101,"151,0",ITAPEMA,Demais falhas mecânicas ou elétricas,Queda de ocupante de veículo,Com Vítimas Feridas,Pleno dia,Decrescente,Céu Claro,Múltipla,Reta,Sim,1,0,1,0,0,0,1,1,-27.126536,-48.609642,SPRF-SC,DEL04-SC,UOP03-DEL04-SC,2023
"560267,0",2023-11-10,sexta-feira,09:55:00,SC,101,"204,0",SAO JOSE,Trafegar com motocicleta (ou similar) entre as faixas,Colisão lateral sentido oposto,Com Vítimas Feridas,Pleno dia,Crescente,Nublado,Múltipla,Reta,Sim,2,0,0,1,1,0,1,2,-27.57413014,-48.61363083,SPRF-SC,DEL01-SC,UOP01-DEL01-SC,2023
"560280,0",2023-11-10,sexta-feira,10:35:00,SC,282,"21,1",PALHOCA,Reação tardia ou ineficiente do condutor,Colisão com objeto,Com Vítimas Feridas,Pleno dia,Decrescente,Céu Claro,Simples,Reta,Sim,2,0,1,0,1,0,1,1,-27.68907,-48.717541,SPRF-SC,DEL01-SC,UOP02-DEL01-SC,2023
"560288,0",2023-11-10,sexta-feira,09:10:00,SC,101,"149,9",ITAPEMA,Acessar a via sem observar a presença dos outros veículos,Colisão transversal,Com Vítimas Feridas,Pleno dia,Crescente,Sol,Dupla,Reta,Sim,2,0,1,0,1,0,1,2,-27.1089649,-48.61277586,SPRF-SC,DEL04-SC,UOP03-DEL04-SC,2023
"560313,0",2023-11-10,sexta-feira,13:45:00,SC,280,"22,5",ARAQUARI,Acessar a via sem observar a presença dos outros veículos,Colisão transversal,Com Vítimas Feridas,Pleno dia,Crescente,Céu Claro,Simples,Reta,Sim,5,0,1,0,4,0,1,2,-26.37092616,-48.70204099,SPRF-SC,DEL03-SC,UOP03-DEL03-SC,2023
"560330,0",2023-11-10,sexta-feira,13:00:00,SC,163,"70,1",SAO MIGUEL DO OESTE,Desrespeitar a preferência no cruzamento,Colisão transversal,Com Vítimas Feridas,Pleno dia,Crescente,Céu Claro,Dupla,Reta;Interseção de Vias,Sim,2,0,1,0,1,0,1,2,-26.73470669,-53.50648642,SPRF-SC,DEL07-SC,UOP03-DEL07-SC,2023
"560335,0",2023-11-10,sexta-feira,12:20:00,SC,101,"326,1",CAPIVARI DE BAIXO,Ausência de reação do condutor,Tombamento,Com Vítimas Feridas,Pleno dia,Decrescente,Céu Claro,Dupla,Reta,Sim,1,0,0,1,0,0,1,1,-28.43911004,-48.96297455,SPRF-SC,DEL02-SC,UOP01-DEL02-SC,2023
"560336,0",2023-11-10,sexta-feira,15:50:00,SC,101,"203,9",SAO JOSE,Manobra de mudança de faixa,Colisão lateral mesmo sentido,Com Vítimas Feridas,Pleno dia,Crescente,Nublado,Múltipla,Reta,Sim,2,0,1,0,1,0,1,2,-27.5650044,-48.61460082,SPRF-SC,DEL01-SC,UOP01-DEL01-SC,2023
"560351,0",2023-11-10,sexta-feira,16:30:00,SC,282,"4,9",FLORIANOPOLIS,Reação tardia ou ineficiente do condutor,Colisão lateral mesmo sentido,Sem Vítimas,Pleno dia,Crescente,Céu Claro,Dupla,Reta,Não,2,0,0,0,2,0,0,2,-27.592646,-48.604034,SPRF-SC,DEL01-SC,UOP01-DEL01-SC,2023
"560353,0",2023-11-10,sexta-feira,16:30:00,SC,470,"54,1",BLUMENAU,Acessar a via sem observar a presença dos outros veículos,Colisão transversal,Com Vítimas Feridas,Pleno dia,Decrescente,Nublado,Simples,Interseção de Vias;Reta,Sim,2,0,1,0,1,0,1,2,-26.871065,-49.110374,SPRF-SC,DEL04-SC,UOP01-DEL04-SC,2023
"560357,0",2023-11-10,sexta-feira,16:45:00,SC,101,"211,0",SAO JOSE,Reação tardia ou ineficiente do condutor,Colisão traseira,Com Vítimas Feridas,Pleno dia,Decrescente,Nublado,Múltipla,Reta,Sim,7,0,3,0,4,0,3,3,-27.62329313,-48.65245588,SPRF-SC,DEL01-SC,UOP02-DEL01-SC,2023
"560379,0",2023-11-10,sexta-feira,18:05:00,SC,282,"3,0",FLORIANOPOLIS,Demais falhas mecânicas ou elétricas,Incêndio,Sem Vítimas,Anoitecer,Crescente,Céu Claro,Múltipla,Reta,Não,1,0,0,0,1,0,0,1,-27.600384,-48.599705,SPRF-SC,DEL01-SC,UOP01-DEL01-SC,2023
"560399,0",2023-11-10,sexta-feira,19:45:00,SC,282,"20,4",PALHOCA,Retorno proibido,Tombamento,Com Vítimas Feridas,Plena Noite,Decrescente,Nublado,Múltipla,Reta;Declive;Interseção de Vias,Sim,2,0,1,0,1,0,1,2,-27.683958,-48.71006,SPRF-SC,DEL01-SC,UOP02-DEL01-SC,2023
"560405,0",2023-11-10,sexta-feira,18:55:00,SC,101,"41,7",JOINVILLE,Acessar a via sem observar a presença dos outros veículos,Colisão transversal,Com Vítimas Feridas,Plena Noite,Crescente,Garoa/Chuvisco,Simples,Viaduto;Interseção de Vias,Sim,3,0,1,0,1,1,1,2,-26.28215489,-48.88973081,SPRF-SC,DEL03-SC,UOP01-DEL03-SC,2023
"560408,0",2023-11-10,sexta-feira,17:10:00,SC,163,"113,0",GUARUJA DO SUL,Acessar a via sem observar a presença dos outros veículos,Colisão transversal,Com Vítimas Feridas,Pleno dia,Decrescente,Sol,Simples,Reta,Sim,3,0,1,1,1,0,2,2,-26.38298412,-53.5226101,SPRF-SC,DEL07-SC,UOP03-DEL07-SC,2023
"560421,0",2023-11-10,sexta-feira,19:30:00,SC,101,"324,9",CAPIVARI DE BAIXO,Ausência de reação do condutor,Colisão lateral mesmo sentido,Com Vítimas Feridas,Plena Noite,Crescente,Céu Claro,Dupla,Reta,Sim,2,0,1,0,1,0,1,2,-28.42890047,-48.92285509,SPRF-SC,DEL02-SC,UOP01-DEL02-SC,2023
"560425,0",2023-11-10,sexta-feira,22:30:00,SC,470,"66,0",INDAIAL,Mal súbito do condutor,Colisão frontal,Com Vítimas Feridas,Plena Noite,Crescente,Chuva,Simples,Reta,Não,2,0,2,0,0,0,2,2,-26.870407,-49.221844,SPRF-SC,DEL04-SC,UOP01-DEL04-SC,2023
"560447,0",2023-11-11,sábado,01:30:00,SC,101,"135,0",BALNEARIO CAMBORIU,Ausência de reação do condutor,Tombamento,Com Vítimas Feridas,Plena Noite,Crescente,Nublado,Dupla,Reta,Sim,1,0,1,0,0,0,1,1,-27.0050108,-48.62677494,SPRF-SC,DEL04-SC,UOP03-DEL04-SC,2023
"560448,0",2023-11-11,sábado,01:45:00,SC,282,"535,7",CHAPECO,Ingestão de álcool pelo condutor,Saída de leito carroçável,Sem Vítimas,Pleno dia,Decrescente,Céu Claro,Simples,Reta,Não,2,0,0,0,1,1,0,1,-27.00080666,-52.64970118,SPRF-SC,DEL07-SC,UOP01-DEL07-SC,2023
"560449,0",2023-11-11,sábado,01:40:00,SC,101,"212,7",PALHOCA,Reação tardia ou ineficiente do condutor,Colisão com objeto,Sem Vítimas,Plena Noite,Crescente,Garoa/Chuvisco,Dupla,Reta,Sim,1,0,0,0,1,0,0,1,-27.62996929,-48.65903871,SPRF-SC,DEL01-SC,UOP02-DEL01-SC,2023
"560467,0",2023-11-11,sábado,04:30:00,SC,470,"57,0",BLUMENAU,Acessar a via sem observar a presença dos outros veículos,Colisão transversal,Com Vítimas Feridas,Amanhecer,Crescente,Garoa/Chuvisco,Simples,Interseção de Vias;Reta,Sim,3,0,1,0,1,1,1,2,-26.880428,-49.136532,SPRF-SC,DEL04-SC,UOP01-DEL04-SC,2023
"560470,0",2023-11-11,sábado,05:00:00,SC,101,"7,0",GARUVA,Demais falhas mecânicas ou elétricas,Tombamento,Com Vítimas Feridas,Amanhecer,Crescente,Garoa/Chuvisco,Dupla,Reta,Não,1,0,1,0,0,0,1,1,-26.03593,-48.860302,SPRF-SC,DEL03-SC,UOP01-DEL03-SC,2023
"560476,0",2023-11-11,sábado,02:50:00,SC,116,"66,7",MONTE CASTELO,Transitar na contramão,Colisão frontal,Com Vítimas Fatais,Plena Noite,Crescente,Nevoeiro/Neblina,Simples,Reta,Não,3,1,0,2,0,0,2,2,-26.4394133,-50.2285653,SPRF-SC,DEL06-SC,UOP02-DEL06-SC,2023
"560493,0",2023-11-11,sábado,07:00:00,SC,116,"249,5",LAGES,Ingestão de álcool pelo condutor,Saída de leito carroçável,Sem Vítimas,Amanhecer,Decrescente,Nevoeiro/Neblina,Simples,Curva;Aclive,Não,1,0,0,0,0,1,0,1,-27.82408543,-50.37802219,SPRF-SC,DEL05-SC,UOP02-DEL05-SC,2023
"560505,0",2023-11-11,sábado,07:15:00,SC,101,"56,2",JOINVILLE,Acessar a via sem observar a presença dos outros veículos,Colisão traseira,Com Vítimas Feridas,Pleno dia,Decrescente,Céu Claro,Dupla,Reta,Não,2,0,1,0,1,0,1,2,-26.43207484,-48.82263984,SPRF-SC,DEL03-SC,UOP01-DEL03-SC,2023
"560529,0",2023-11-11,sábado,09:15:00,SC,101,"354,6",SANGAO,Ausência de reação do condutor,Tombamento,Com Vítimas Feridas,Pleno dia,Crescente,Nublado,Dupla,Reta;Aclive;Viaduto,Não,1,0,0,1,0,0,1,1,-28.61806302,-49.07013199,SPRF-SC,DEL02-SC,UOP01-DEL02-SC,2023
"560545,0",2023-11-11,sábado,09:30:00,SC,282,"473,0",VARGEAO,Demais falhas mecânicas ou elétricas,Tombamento,Com Vítimas Feridas,Pleno dia,Crescente,Céu Claro,Simples,Reta,Não,2,0,2,0,0,0,2,1,-26.871765,-52.146477,SPRF-SC,DEL07-SC,UOP01-DEL07-SC,2023
"560553,0",2023-11-11,sábado,11:20:00,SC,101,"242,6",PAULO LOPES,Reação tardia ou ineficiente do condutor,Colisão traseira,Com Vítimas Feridas,Pleno dia,Crescente,Céu Claro,Múltipla,Reta,Não,3,0,1,1,1,0,2,2,-27.87545797,-48.64678433,SPRF-SC,DEL01-SC,UOP02-DEL01-SC,2023
"560570,0",2023-11-11,sábado,13:15:00,SC,282,"23,5",PALHOCA,Conversão proibida,Colisão lateral mesmo sentido,Com Vítimas Feridas,Pleno dia,Crescente,Céu Claro,Simples,Reta,Sim,3,0,1,0,2,0,1,2,-27.687958,-48.736794,SPRF-SC,DEL01-SC,UOP03-DEL01-SC,2023
"560586,0",2023-11-11,sábado,14:20:00,SC,101,"199,2",SAO JOSE,Reação tardia ou ineficiente do condutor,Colisão traseira,Com Vítimas Feridas,Pleno dia,Crescente,Nublado,Simples,Reta,Não,2,0,1,0,1,0,1,2,-27.53413705,-48.63003205,SPRF-SC,DEL01-SC,UOP01-DEL01-SC,2023
"560600,0",2023-11-11,sábado,14:45:00,SC,101,"114,4",ITAJAI,Objeto estático sobre o leito carroçável,Tombamento,Com Vítimas Feridas,Pleno dia,Crescente,Céu Claro,Dupla,Reta,Não,2,0,2,0,0,0,2,1,-26.86192886,-48.7286704,SPRF-SC,DEL04-SC,UOP04-DEL04-SC,2023
"560614,0",2023-11-11,sábado,16:15:00,SC,101,"89,7",BARRA VELHA,Acessar a via sem observar a presença dos outros veículos,Colisão transversal,Com Vítimas Feridas,Pleno dia,Decrescente,Nublado,Múltipla,Reta;Interseção de Vias,Sim,2,0,1,0,1,0,1,2,-26.65175997,-48.68721921,SPRF-SC,DEL03-SC,UOP02-DEL03-SC,2023
"560615,0",2023-11-11,sábado,15:50:00,SC,101,"158,8",PORTO BELO,Avarias e/ou desgaste excessivo no pneu,Tombamento,Com Vítimas Feridas,Pleno dia,Decrescente,Nublado,Dupla,Reta,Não,1,0,1,0,0,0,1,1,-27.19096301,-48.61259017,SPRF-SC,DEL04-SC,UOP03-DEL04-SC,2023
"560621,0",2023-11-11,sábado,14:40:00,SC,101,"2,5",GARUVA,Demais falhas mecânicas ou elétricas,Tombamento,Com Vítimas Feridas,Pleno dia,Decrescente,Céu Claro,Dupla,Reta,Sim,1,0,1,0,0,0,1,1,-25.99699834,-48.87891655,SPRF-SC,DEL03-SC,UOP01-DEL03-SC,2023
"560649,0",2023-11-11,sábado,19:30:00,SC,101,"209,0",SAO JOSE,Condutor deixou de manter distância do veículo da frente,Engavetamento,Com Vítimas Feridas,Plena Noite,Crescente,Garoa/Chuvisco,Múltipla,Reta,Sim,4,0,1,0,3,0,1,3,-27.61000542,-48.63895057,SPRF-SC,DEL01-SC,UOP01-DEL01-SC,2023
"560654,0",2023-11-11,sábado,19:54:00,SC,101,"418,3",ARARANGUA,Desvio temporário,Colisão lateral sentido oposto,Com Vítimas Feridas,Plena Noite,Decrescente,Chuva,Simples,Desvio Temporário;Reta,Não,3,0,1,0,2,0,1,2,-28.978,-49.534,SPRF-SC,DEL02-SC,UOP02-DEL02-SC,2023
"560676,0",2023-11-11,sábado,18:50:00,SC,0,"0,0",CORREIA PINTO,Reação tardia ou ineficiente do condutor,Colisão lateral sentido oposto,Com Vítimas Feridas,Anoitecer,Não Informado,Céu Claro,Simples,Declive,Sim,2,0,0,1,0,1,1,2,-27.58533,-50.3661,SPRF-SC,DEL05-SC,UOP03-DEL05-SC,2023
"560678,0",2023-11-11,sábado,20:30:00,SC,101,"154,0",PORTO BELO,Reação tardia ou ineficiente do condutor,Saída de leito carroçável,Com Vítimas Feridas,Plena Noite,Crescente,Chuva,Dupla,Reta,Sim,2,0,1,0,1,0,1,1,-27.153819,-48.61086393,SPRF-SC,DEL04-SC,UOP03-DEL04-SC,2023
"560680,0",2023-11-11,sábado,21:00:00,SC,101,"131,0",BALNEARIO CAMBORIU,Ausência de reação do condutor,Saída de leito carroçável,Com Vítimas Feridas,Plena Noite,Decrescente,Nublado,Dupla,Reta,Não,3,0,3,0,0,0,3,1,-26.99064209,-48.66310912,SPRF-SC,DEL04-SC,UOP03-DEL04-SC,2023
"560688,0",2023-11-11,sábado,20:10:00,SC,282,"373,7",ERVAL VELHO,Transitar na contramão,Colisão frontal,Com Vítimas Feridas,Plena Noite,Crescente,Céu Claro,Simples,Reta,Não,5,0,5,0,0,0,5,2,-27.244722,-51.44812,SPRF-SC,DEL07-SC,UOP05-DEL07-SC,2023
"560709,0",2023-11-11,sábado,22:20:00,SC,101,"290,0",IMBITUBA,Ausência de reação do condutor,Saída de leito carroçável,Com Vítimas Feridas,Plena Noite,Decrescente,Céu Claro,Dupla,Reta;Interseção de Vias,Não,1,0,1,0,0,0,1,1,-28.26202477,-48.70403355,SPRF-SC,DEL02-SC,UOP03-DEL02-SC,2023
"560728,0",2023-11-11,sábado,21:20:00,SC,282,"373,7",ERVAL VELHO,Demais falhas na via,Tombamento,Com Vítimas Feridas,Plena Noite,Decrescente,Céu Claro,Simples,Reta,Não,2,0,2,0,0,0,2,1,-27.244722,-51.44812,SPRF-SC,DEL07-SC,UOP05-DEL07-SC,2023
"560733,0",2023-11-11,sábado,21:40:00,SC,116,"117,0",SANTA CECILIA,Demais falhas mecânicas ou elétricas,Saída de leito carroçável,Sem Vítimas,Plena Noite,Crescente,Céu Claro,Simples,Curva,Não,1,0,0,0,1,0,0,1,-26.81731599,-50.35097407,SPRF-SC,DEL06-SC,UOP02-DEL06-SC,2023