id,data_inversa,dia_semana,horario,uf,br,km,municipio,causa_acidente,tipo_acidente,classificacao_acidente,fase_dia,sentido_via,condicao_metereologica,tipo_pista,tracado_via,uso_solo,pessoas,mortos,feridos_leves,feridos_graves,ilesos,ignorados,feridos,veiculos,latitude,longitude,regional,delegacia,uop,ano_arquivo
"560767,0",2023-11-12,domingo,08:00:00,SC,280,"242,2",BELA VISTA DO TOLDO,Reação tardia ou ineficiente do condutor,Saída de leito carroçável,Sem Vítimas,Pleno dia,Crescente,Céu Claro,Simples,Reta,Não,1,0,0,0,0,1,0,1,-26.23022151,-50.4638958,SPRF-SC,DEL06-SC,UOP04-DEL06-SC,2023
"560770,0",2023-11-12,domingo,10:30:00,SC,101,"229,5",PALHOCA,Ausência de reação do condutor,Saída de leito carroçável,Com Vítimas Feridas,Pleno dia,Crescente,Sol,Dupla,Reta;Declive,Não,1,0,1,0,0,0,1,1,-27.7688932,-48.63205379,SPRF-SC,DEL01-SC,UOP02-DEL01-SC,2023
"560785,0",2023-11-12,domingo,11:50:00,SC,101,"205,0",SAO JOSE,Condutor deixou de manter distância do veículo da frente,Colisão traseira,Com Vítimas Feridas,Pleno dia,Decrescente,Céu Claro,Dupla,Reta,Sim,2,0,1,0,1,0,1,2,-27.58313237,-48.61532885,SPRF-SC,DEL01-SC,UOP01-DEL01-SC,2023
"560788,0",2023-11-12,domingo,10:50:00,SC,101,"231,0",PALHOCA,Ausência de reação do condutor,Tombamento,Com Vítimas Feridas,Pleno dia,Crescente,Céu Claro,Dupla,Reta,Não,1,0,0,1,0,0,1,1,-27.78669984,-48.6356424,SPRF-SC,DEL01-SC,UOP02-DEL01-SC,2023
"560792,0",2023-11-12,domingo,12:20:00,SC,470,"78,9",RODEIO,Acessar a via sem observar a presença dos outros veículos,Colisão transversal,Com Vítimas Feridas,Pleno dia,Crescente,Céu Claro,Simples,Reta,Não,5,0,3,0,2,0,3,2,-26.95135314,-49.30728693,SPRF-SC,DEL04-SC,UOP01-DEL04-SC,2023
"560816,0",2023-11-12,domingo,15:55:00,SC,282,"23,5",SANTO AMARO DA IMPERATRIZ,Trafegar com motocicleta (ou similar) entre as faixas,Colisão transversal,Com Vítimas Feridas,Pleno dia,Decrescente,Céu Claro,Simples,Reta,Sim,2,0,1,0,1,0,1,2,-27.687958,-48.736794,SPRF-SC,DEL01-SC,UOP03-DEL01-SC,2023
"560817,0",2023-11-12,domingo,14:45:00,SC,101,"145,0",ITAPEMA,Reação tardia ou ineficiente do condutor,Engavetamento,Com Vítimas Feridas,Pleno dia,Decrescente,Céu Claro,Dupla,Reta,Sim,6,0,1,0,5,0,1,5,-27.08139206,-48.60130993,SPRF-SC,DEL04-SC,UOP03-DEL04-SC,2023
"560821,0",2023-11-12,domingo,15:20:00,SC,101,"331,6",TUBARAO,Desrespeitar a preferência no cruzamento,Colisão transversal,Com Vítimas Feridas,Pleno dia,Decrescente,Nublado,Múltipla,Interseção de Vias,Sim,9,0,1,0,8,0,1,2,-28.465975,-48.99559021,SPRF-SC,DEL02-SC,UOP01-DEL02-SC,2023
"560825,0",2023-11-12,domingo,13:05:00,SC,163,"0,5",DIONISIO CERQUEIRA,Condutor deixou de manter distância do veículo da frente,Colisão traseira,Com Vítimas Feridas,Pleno dia,Decrescente,Céu Claro,Simples,Reta,Sim,2,0,1,0,1,0,1,2,-26.26213044,-53.62147808,SPRF-SC,DEL07-SC,UOP03-DEL07-SC,2023
"560853,0",2023-11-12,domingo,18:00:00,SC,101,"137,0",BALNEARIO CAMBORIU,Manobra de mudança de faixa,Colisão lateral mesmo sentido,Com Vítimas Feridas,Pleno dia,Decrescente,Céu Claro,Dupla,Reta,Sim,2,0,1,0,1,0,1,2,-27.0157238,-48.61192763,SPRF-SC,DEL04-SC,UOP03-DEL04-SC,2023
"560856,0",2023-11-12,domingo,16:40:00,SC,101,"57,3",ARAQUARI,Velocidade Incompatível,Saída de leito carroçável,Com Vítimas Feridas,Pleno dia,Decrescente,Sol,Dupla,Curva,Não,1,0,1,0,0,0,1,1,-26.43788291,-48.80404294,SPRF-SC,DEL03-SC,UOP01-DEL03-SC,2023
"560906,0",2023-11-12,domingo,21:00:00,SC,101,"158,0",PORTO BELO,Velocidade Incompatível,Saída de leito carroçável,Com Vítimas Feridas,Plena Noite,Crescente,Nublado,Dupla,Reta,Não,1,0,1,0,0,0,1,1,-27.19096301,-48.61259017,SPRF-SC,DEL04-SC,UOP03-DEL04-SC,2023
"560910,0",2023-11-12,domingo,20:50:00,SC,101,"278,0",IMBITUBA,Reação tardia ou ineficiente do condutor,Colisão com objeto,Sem Vítimas,Plena Noite,Decrescente,Garoa/Chuvisco,Múltipla,Reta,Não,1,0,0,0,1,0,0,1,-28.16300604,-48.6939345,SPRF-SC,DEL02-SC,UOP03-DEL02-SC,2023
"560916,0",2023-11-12,domingo,19:20:00,SC,101,"405,5",ARARANGUA,Ultrapassagem Indevida,Colisão lateral mesmo sentido,Com Vítimas Feridas,Plena Noite,Decrescente,Nublado,Múltipla,Reta,Sim,2,0,1,0,1,0,1,2,-28.89364305,-49.46954727,SPRF-SC,DEL02-SC,UOP02-DEL02-SC,2023
"560917,0",2023-11-12,domingo,17:15:00,SC,282,"641,3",SAO MIGUEL DO OESTE,Ausência de reação do condutor,Saída de leito carroçável,Com Vítimas Feridas,Pleno dia,Crescente,Céu Claro,Simples,Curva,Não,4,0,3,0,0,1,3,1,-26.779949,-53.460857,SPRF-SC,DEL07-SC,UOP03-DEL07-SC,2023
"560926,0",2023-11-12,domingo,21:57:00,SC,101,"10,2",GARUVA,Reação tardia ou ineficiente do condutor,Colisão lateral mesmo sentido,Sem Vítimas,Plena Noite,Decrescente,Céu Claro,Múltipla,Interseção de Vias,Sim,2,0,0,0,2,0,0,2,-26.06509085,-48.8600421,SPRF-SC,DEL03-SC,UOP01-DEL03-SC,2023
"560932,0",2023-11-12,domingo,19:40:00,SC,163,"74,1",SAO MIGUEL DO OESTE,Ausência de reação do condutor,Saída de leito carroçável,Com Vítimas Feridas,Plena Noite,Decrescente,Céu Claro,Simples,Curva,Não,2,0,2,0,0,0,2,1,-26.70125131,-53.51374984,SPRF-SC,DEL07-SC,UOP03-DEL07-SC,2023
"560968,0",2023-11-13,segunda-feira,01:20:00,SC,101,"415,1",ARARANGUA,Condutor Dormindo,Saída de leito carroçável,Com Vítimas Feridas,Plena Noite,Decrescente,Chuva,Múltipla,Reta,Sim,1,0,1,0,0,0,1,1,-28.9657209,-49.52190399,SPRF-SC,DEL02-SC,UOP02-DEL02-SC,2023
"560980,0",2023-11-13,segunda-feira,03:30:00,SC,480,"124,0",CHAPECO,Ausência de reação do condutor,Saída de leito carroçável,Com Vítimas Feridas,Plena Noite,Crescente,Nublado,Simples,Viaduto,Sim,1,0,1,0,0,0,1,1,-26.99965619,-52.6464057,SPRF-SC,DEL07-SC,UOP01-DEL07-SC,2023
"560992,0",2023-11-13,segunda-feira,02:15:00,SC,470,"49,5",BLUMENAU,Ingestão de álcool pelo condutor,Saída de leito carroçável,Sem Vítimas,Plena Noite,Crescente,Céu Claro,Dupla,Curva;Viaduto,Sim,2,0,0,0,2,0,0,1,-26.860662,-49.065159,SPRF-SC,DEL04-SC,UOP01-DEL04-SC,2023
"561018,0",2023-11-13,segunda-feira,08:50:00,SC,470,"56,0",BLUMENAU,Acessar a via sem observar a presença dos outros veículos,Colisão transversal,Com Vítimas Feridas,Pleno dia,Decrescente,Céu Claro,Simples,Reta,Sim,2,0,1,0,1,0,1,2,-26.87674,-49.127743,SPRF-SC,DEL04-SC,UOP01-DEL04-SC,2023
"561025,0",2023-11-13,segunda-feira,07:20:00,SC,280,"8,0",SAO FRANCISCO DO SUL,Acessar a via sem observar a presença dos outros veículos,Colisão transversal,Com Vítimas Feridas,Pleno dia,Crescente,Nublado,Simples,Aclive;Curva,Sim,3,0,2,0,1,0,2,2,-26.27887292,-48.64668626,SPRF-SC,DEL03-SC,UOP03-DEL03-SC,2023
"561066,0",2023-11-13,segunda-feira,12:45:00,SC,280,"130,0",RIO NEGRINHO,Pedestre andava na pista,Atropelamento de Pedestre,Com Vítimas Feridas,Pleno dia,Decrescente,Céu Claro,Simples,Reta,Sim,2,0,1,0,1,0,1,2,-26.2530246,-49.52924913,SPRF-SC,DEL06-SC,UOP03-DEL06-SC,2023
"561107,0",2023-11-13,segunda-feira,16:20:00,SC,101,"199,5",SAO JOSE,Ausência de reação do condutor,Queda de ocupante de veículo,Com Vítimas Feridas,Pleno dia,Decrescente,Garoa/Chuvisco,Dupla,Curva;Aclive,Sim,1,0,1,0,0,0,1,1,-27.53413705,-48.63003205,SPRF-SC,DEL01-SC,UOP01-DEL01-SC,2023
"561111,0",2023-11-13,segunda-feira,17:15:00,SC,282,"19,6",PALHOCA,Reação tardia ou ineficiente do condutor,Tombamento,Sem Vítimas,Pleno dia,Decrescente,Chuva,Simples,Reta,Sim,1,0,0,0,1,0,0,1,-27.678635,-48.70192,SPRF-SC,DEL01-SC,UOP02-DEL01-SC,2023
"561121,0",2023-11-13,segunda-feira,18:30:00,SC,101,"39,0",JOINVILLE,Reação tardia ou ineficiente do condutor,Colisão com objeto,Com Vítimas Feridas,Anoitecer,Crescente,Garoa/Chuvisco,Dupla,Reta,Sim,1,0,1,0,0,0,1,1,-26.2628107,-48.90192257,SPRF-SC,DEL03-SC,UOP01-DEL03-SC,2023
"561122,0",2023-11-13,segunda-feira,18:30:00,SC,101,"199,2",SAO JOSE,Chuva,Colisão traseira,Com Vítimas Feridas,Anoitecer,Decrescente,Chuva,Múltipla,Reta,Sim,2,0,1,0,0,1,1,2,-27.53413705,-48.63003205,SPRF-SC,DEL01-SC,UOP01-DEL01-SC,2023
"561126,0",2023-11-13,segunda-feira,17:50:00,SC,101,"119,7",ITAJAI,Frear bruscamente,Tombamento,Sem Vítimas,Pleno dia,Decrescente,Chuva,Múltipla,Reta,Sim,1,0,0,0,1,0,0,1,-26.9043179,-48.71555481,SPRF-SC,DEL04-SC,UOP04-DEL04-SC,2023
"561129,0",2023-11-13,segunda-feira,18:40:00,SC,101,"146,0",ITAPEMA,Condutor deixou de manter distância do veículo da frente,Colisão traseira,Sem Vítimas,Plena Noite,Decrescente,Chuva,Dupla,Declive,Não,2,0,0,0,2,0,0,2,-27.08666525,-48.60955587,SPRF-SC,DEL04-SC,UOP03-DEL04-SC,2023
"561130,0",2023-11-13,segunda-feira,18:40:00,SC,101,"50,2",JOINVILLE,Acumulo de água sobre o pavimento,Tombamento,Com Vítimas Feridas,Plena Noite,Decrescente,Chuva,Dupla,Curva,Não,1,0,1,0,0,0,1,1,-26.37546719,-48.85479619,SPRF-SC,DEL03-SC,UOP01-DEL03-SC,2023
"561132,0",2023-11-13,segunda-feira,19:40:00,SC,101,"213,0",PALHOCA,Frear bruscamente,Queda de ocupante de veículo,Com Vítimas Feridas,Plena Noite,Crescente,Garoa/Chuvisco,Dupla,Reta,Sim,2,0,1,0,1,0,1,2,-27.63697369,-48.66514142,SPRF-SC,DEL01-SC,UOP02-DEL01-SC,2023
"561139,0",2023-11-13,segunda-feira,19:10:00,SC,101,"209,1",SAO JOSE,Reação tardia ou ineficiente do condutor,Colisão traseira,Com Vítimas Feridas,Plena Noite,Decrescente,Garoa/Chuvisco,Dupla,Reta,Sim,2,0,1,0,1,0,1,2,-27.61000542,-48.63895057,SPRF-SC,DEL01-SC,UOP01-DEL01-SC,2023
"561156,0",2023-11-13,segunda-feira,22:10:00,SC,280,"44,0",GUARAMIRIM,Velocidade Incompatível,Saída de leito carroçável,Sem Vítimas,Plena Noite,Crescente,Nublado,Dupla,Desvio Temporário;Em Obras,Não,1,0,0,0,1,0,0,1,-26.4517722,-48.88789399,SPRF-SC,DEL03-SC,UOP03-DEL03-SC,2023
"561163,0",2023-11-13,segunda-feira,17:56:00,SC,101,"281,0",IMBITUBA,Ingestão de álcool pelo condutor,Colisão traseira,Com Vítimas Feridas,Pleno dia,Crescente,Nublado,Dupla,Reta,Sim,2,0,1,0,1,0,1,2,-28.18793595,-48.69652041,SPRF-SC,DEL02-SC,UOP03-DEL02-SC,2023
"561211,0",2023-11-10,sexta-feira,17:50:00,SC,480,"130,0",CHAPECO,Entrada inopinada do pedestre,Atropelamento de Pedestre,Com Vítimas Feridas,Pleno dia,Crescente,Céu Claro,Dupla,Curva,Sim,3,0,2,0,1,0,2,3,-27.05534298,-52.63652069,SPRF-SC,DEL07-SC,UOP01-DEL07-SC,2023
"561228,0",2023-11-14,terça-feira,09:29:00,SC,280,"125,3",RIO NEGRINHO,Pista Escorregadia,Tombamento,Com Vítimas Feridas,Pleno dia,Decrescente,Chuva,Simples,Reta;Aclive,Sim,1,0,1,0,0,0,1,1,-26.23763684,-49.48434497,SPRF-SC,DEL06-SC,UOP03-DEL06-SC,2023
"561265,0",2023-09-27,quarta-feira,08:00:00,SC,101,"160,0",PORTO BELO,Ausência de reação do condutor,Colisão lateral mesmo sentido,Com Vítimas Feridas,Pleno dia,Decrescente,Chuva,Dupla,Reta,Não,2,0,1,0,1,0,1,2,-27.20831288,-48.61987922,SPRF-SC,DEL04-SC,UOP03-DEL04-SC,2023
"561273,0",2023-11-14,terça-feira,11:20:00,SC,282,"50,4",AGUAS MORNAS,Chuva,Colisão frontal,Com Vítimas Fatais,Pleno dia,Decrescente,Chuva,Simples,Reta;Declive,Sim,4,1,0,3,0,0,3,2,-27.7059816,-48.9554128,SPRF-SC,DEL01-SC,UOP03-DEL01-SC,2023
"561278,0",2023-07-02,domingo,20:00:00,SC,470,"47,3",BLUMENAU,Acessar a via sem observar a presença dos outros veículos,Queda de ocupante de veículo,Com Vítimas Feridas,Plena Noite,Decrescente,Nublado,Simples,Reta;Em Obras;Viaduto,Sim,2,0,1,0,1,0,1,2,-26.864044,-49.046516,SPRF-SC,DEL04-SC,UOP01-DEL04-SC,2023
"561279,0",2023-11-14,terça-feira,15:20:00,SC,101,"123,0",ITAJAI,Ausência de reação do condutor,Saída de leito carroçável,Com Vítimas Feridas,Pleno dia,Crescente,Nublado,Múltipla,Reta,Não,1,0,0,1,0,0,1,1,-26.93668609,-48.69876905,SPRF-SC,DEL04-SC,UOP04-DEL04-SC,2023
"561282,0",2023-11-14,terça-feira,15:25:00,SC,282,"4,0",FLORIANOPOLIS,Pedestre cruzava a pista fora da faixa,Atropelamento de Pedestre,Com Vítimas Feridas,Pleno dia,Crescente,Chuva,Múltipla,Reta,Não,2,0,1,1,0,0,2,2,-27.592646,-48.604034,SPRF-SC,DEL01-SC,UOP01-DEL01-SC,2023
"561294,0",2023-11-14,terça-feira,16:20:00,SC,101,"121,0",ITAJAI,Trafegar com motocicleta (ou similar) entre as faixas,Colisão traseira,Com Vítimas Feridas,Pleno dia,Decrescente,Nublado,Múltipla,Reta,Sim,2,0,1,0,1,0,1,2,-26.92103178,-48.70856446,SPRF-SC,DEL04-SC,UOP04-DEL04-SC,2023
"561302,0",2023-11-14,terça-feira,16:40:00,SC,282,"210,0",LAGES,Reação tardia ou ineficiente do condutor,Saída de leito carroçável,Com Vítimas Feridas,Pleno dia,Decrescente,Chuva,Simples,Reta;Aclive,Não,2,0,1,0,1,0,1,1,-27.778582,-50.231815,SPRF-SC,DEL05-SC,UOP01-DEL05-SC,2023
"561316,0",2023-11-14,terça-feira,17:15:00,SC,280,"128,0",RIO NEGRINHO,Trafegar com motocicleta (ou similar) entre as faixas,Colisão lateral mesmo sentido,Com Vítimas Feridas,Pleno dia,Crescente,Céu Claro,Simples,Reta,Sim,2,0,2,0,0,0,2,2,-26.24317941,-49.51320018,SPRF-SC,DEL06-SC,UOP03-DEL06-SC,2023
"561329,0",2023-11-14,terça-feira,17:30:00,SC,101,"123,0",ITAJAI,Ausência de reação do condutor,Colisão lateral mesmo sentido,Com Vítimas Feridas,Anoitecer,Decrescente,Nublado,Múltipla,Reta,Não,2,0,1,0,1,0,1,2,-26.93668609,-48.69876905,SPRF-SC,DEL04-SC,UOP04-DEL04-SC,2023
"561334,0",2023-11-14,terça-feira,18:10:00,SC,101,"134,0",BALNEARIO CAMBORIU,Acessar a via sem observar a presença dos outros veículos,Colisão transversal,Com Vítimas Feridas,Anoitecer,Crescente,Céu Claro,Múltipla,Reta,Sim,2,0,1,0,1,0,1,2,-27.00542375,-48.62641633,SPRF-SC,DEL04-SC,UOP03-DEL04-SC,2023
"561336,0",2023-11-14,terça-feira,19:05:00,SC,101,"115,0",ITAJAI,Trafegar com motocicleta (ou similar) entre as faixas,Colisão traseira,Com Vítimas Feridas,Plena Noite,Decrescente,Nublado,Múltipla,Reta,Não,3,0,1,0,2,0,1,2,-26.87064015,-48.72954134,SPRF-SC,DEL04-SC,UOP04-DEL04-SC,2023
"561374,0",2023-11-14,terça-feira,16:00:00,SC,470,"192,0",POUSO REDONDO,Acessar a via sem observar a presença dos outros veículos,Colisão transversal,Sem Vítimas,Pleno dia,Decrescente,Chuva,Simples,Curva,Não,2,0,0,0,2,0,0,2,-27.293324,-50.078678,SPRF-SC,DEL04-SC,UOP02-DEL04-SC,2023
"561380,0",2023-11-14,terça-feira,20:45:00,SC,101,"345,0",TUBARAO,Ausência de reação do condutor,Saída de leito carroçável,Com Vítimas Feridas,Plena Noite,Decrescente,Garoa/Chuvisco,Dupla,Reta,Não,2,0,2,0,0,0,2,1,-28.55542527,-49.05412674,SPRF-SC,DEL02-SC,UOP01-DEL02-SC,2023
"561397,0",2023-11-14,terça-feira,22:40:00,SC,470,"60,6",BLUMENAU,Ultrapassagem Indevida,Colisão lateral sentido oposto,Com Vítimas Feridas,Plena Noite,Crescente,Chuva,Simples,Curva,Sim,3,0,1,1,1,0,2,3,-26.88138,-49.164543,SPRF-SC,DEL04-SC,UOP01-DEL04-SC,2023
"561405,0",2023-11-15,quarta-feira,03:20:00,SC,101,"419,0",ARARANGUA,Acesso irregular,Saída de leito carroçável,Sem Vítimas,Plena Noite,Decrescente,Nublado,Simples,Reta,Sim,2,0,0,0,2,0,0,1,-28.99148816,-49.54805017,SPRF-SC,DEL02-SC,UOP02-DEL02-SC,2023
"561417,0",2023-11-15,quarta-feira,04:15:00,SC,163,"66,9",SAO MIGUEL DO OESTE,Ausência de reação do condutor,Colisão com objeto,Com Vítimas Feridas,Plena Noite,Crescente,Chuva,Dupla,Reta,Sim,1,0,1,0,0,0,1,1,-26.76829633,-53.50019222,SPRF-SC,DEL07-SC,UOP03-DEL07-SC,2023
"561418,0",2023-11-15,quarta-feira,01:45:00,SC,163,"0,8",DIONISIO CERQUEIRA,Acessar a via sem observar a presença dos outros veículos,Colisão transversal,Sem Vítimas,Plena Noite,Decrescente,Céu Claro,Simples,Reta,Sim,2,0,0,0,1,1,0,2,-26.2613,-53.6206,SPRF-SC,DEL07-SC,UOP03-DEL07-SC,2023
"561428,0",2023-11-15,quarta-feira,07:30:00,SC,101,"208,3",SAO JOSE,Condutor desrespeitou a iluminação vermelha do semáforo,Colisão transversal,Com Vítimas Feridas,Pleno dia,Decrescente,Nublado,Dupla,Viaduto;Interseção de Vias,Sim,2,0,0,1,1,0,1,2,-27.60624127,-48.63471508,SPRF-SC,DEL01-SC,UOP01-DEL01-SC,2023
"561452,0",2023-11-15,quarta-feira,07:30:00,SC,116,"122,5",SANTA CECILIA,Acumulo de água sobre o pavimento,Saída de leito carroçável,Com Vítimas Feridas,Pleno dia,Decrescente,Chuva,Simples,Reta,Não,2,0,1,0,1,0,1,1,-26.83694681,-50.39216836,SPRF-SC,DEL06-SC,UOP02-DEL06-SC,2023
"561456,0",2023-10-20,sexta-feira,00:16:00,SC,101,"151,0",ITAPEMA,Ingestão de álcool pelo condutor,Colisão traseira,Sem Vítimas,Plena Noite,Crescente,Nublado,Dupla,Reta,Sim,2,0,0,0,1,1,0,2,-27.126536,-48.609642,SPRF-SC,DEL04-SC,UOP03-DEL04-SC,2023
"561478,0",2023-11-15,quarta-feira,11:23:00,SC,101,"49,3",JOINVILLE,Reação tardia ou ineficiente do condutor,Colisão traseira,Com Vítimas Feridas,Pleno dia,Crescente,Nublado,Dupla,Curva;Aclive,Sim,3,0,2,0,1,0,2,2,-26.38266909,-48.85132492,SPRF-SC,DEL03-SC,UOP01-DEL03-SC,2023
"561488,0",2023-11-15,quarta-feira,14:00:00,SC,101,"212,6",PALHOCA,Ausência de reação do condutor,Queda de ocupante de veículo,Com Vítimas Feridas,Pleno dia,Decrescente,Nublado,Dupla,Declive;Curva,Sim,1,0,1,0,0,0,1,1,-27.62996929,-48.65903871,SPRF-SC,DEL01-SC,UOP02-DEL01-SC,2023
"561509,0",2023-11-15,quarta-feira,17:45:00,SC,280,"52,0",GUARAMIRIM,Demais falhas mecânicas ou elétricas,Queda de ocupante de veículo,Com Vítimas Feridas,Anoitecer,Decrescente,Nublado,Dupla,Reta,Sim,1,0,1,0,0,0,1,1,-26.468904,-48.96492,SPRF-SC,DEL03-SC,UOP03-DEL03-SC,2023
"561519,0",2023-11-12,domingo,22:19:00,SC,282,"354,8",CAMPOS NOVOS,Velocidade Incompatível,Saída de leito carroçável,Sem Vítimas,Plena Noite,Crescente,Nublado,Simples,Curva,Não,1,0,0,0,0,1,0,1,-27.35796,-51.330452,SPRF-SC,DEL07-SC,UOP06-DEL07-SC,2023
"561520,0",2023-11-15,quarta-feira,19:10:00,SC,280,"43,0",GUARAMIRIM,Deficiência do Sistema de Iluminação/Sinalização,Colisão transversal,Com Vítimas Feridas,Plena Noite,Crescente,Céu Claro,Simples,Em Obras;Desvio Temporário;Reta,Não,2,0,1,0,1,0,1,2,-26.45118786,-48.87789901,SPRF-SC,DEL03-SC,UOP03-DEL03-SC,2023
"561530,0",2023-11-15,quarta-feira,18:30:00,SC,280,"128,0",RIO NEGRINHO,Ausência de reação do condutor,Saída de leito carroçável,Com Vítimas Feridas,Pleno dia,Decrescente,Nublado,Simples,Reta,Sim,1,0,1,0,0,0,1,1,-26.24317941,-49.51320018,SPRF-SC,DEL06-SC,UOP03-DEL06-SC,2023
"561538,0",2023-11-15,quarta-feira,18:45:00,SC,101,"222,0",PALHOCA,Avarias e/ou desgaste excessivo no pneu,Queda de ocupante de veículo,Com Vítimas Feridas,Plena Noite,Crescente,Céu Claro,Dupla,Reta,Não,2,0,2,0,0,0,2,1,-27.70865409,-48.65586407,SPRF-SC,DEL01-SC,UOP02-DEL01-SC,2023
"561539,0",2023-11-15,quarta-feira,18:45:00,SC,101,"217,0",PALHOCA,Ingestão de álcool pelo condutor,Colisão com objeto,Com Vítimas Feridas,Plena Noite,Decrescente,Chuva,Dupla,Reta,Sim,2,0,1,0,1,0,1,2,-27.66779034,-48.67393586,SPRF-SC,DEL01-SC,UOP02-DEL01-SC,2023
"561579,0",2023-11-16,quinta-feira,05:55:00,SC,163,"74,0",SAO MIGUEL DO OESTE,Velocidade Incompatível,Colisão traseira,Com Vítimas Feridas,Amanhecer,Decrescente,Ignorado,Simples,Reta,Não,2,0,1,0,1,0,1,2,-26.70200479,-53.51350653,SPRF-SC,DEL07-SC,UOP03-DEL07-SC,2023
"561634,0",2023-11-16,quinta-feira,11:50:00,SC,101,"145,0",ITAPEMA,Reação tardia ou ineficiente do condutor,Queda de ocupante de veículo,Com Vítimas Feridas,Pleno dia,Decrescente,Chuva,Dupla,Curva,Sim,1,0,0,1,0,0,1,1,-27.08139206,-48.60130993,SPRF-SC,DEL04-SC,UOP03-DEL04-SC,2023
"561654,0",2023-10-31,terça-feira,16:15:00,SC,470,"263,5",CURITIBANOS,Reação tardia ou ineficiente do condutor,Saída de leito carroçável,Com Vítimas Feridas,Pleno dia,Crescente,Céu Claro,Simples,Reta,Não,2,0,0,2,0,0,2,1,-27.302788,-50.701061,SPRF-SC,DEL05-SC,UOP03-DEL05-SC,2023
"561682,0",2023-11-16,quinta-feira,16:20:00,SC,101,"137,0",BALNEARIO CAMBORIU,Desrespeitar a preferência no cruzamento,Colisão transversal,Com Vítimas Feridas,Pleno dia,Crescente,Chuva,Dupla,Retorno Regulamentado;Interseção de Vias,Sim,2,0,1,0,1,0,1,2,-27.0157238,-48.61192763,SPRF-SC,DEL04-SC,UOP03-DEL04-SC,2023
"561697,0",2023-11-16,quinta-feira,17:15:00,SC,280,"126,0",RIO NEGRINHO,Reação tardia ou ineficiente do condutor,Colisão traseira,Sem Vítimas,Pleno dia,Crescente,Nublado,Simples,Declive;Reta,Sim,2,0,0,0,2,0,0,2,-26.23826122,-49.49702382,SPRF-SC,DEL06-SC,UOP03-DEL06-SC,2023
"561715,0",2023-11-16,quinta-feira,20:20:00,SC,101,"151,0",PORTO BELO,Ausência de reação do condutor,Colisão lateral mesmo sentido,Com Vítimas Feridas,Plena Noite,Decrescente,Chuva,Dupla,Reta,Sim,2,0,2,0,0,0,2,2,-27.126536,-48.609642,SPRF-SC,DEL04-SC,UOP03-DEL04-SC,2023
"561729,0",2023-11-16,quinta-feira,19:10:00,SC,101,"280,0",IMBITUBA,Ausência de reação do condutor,Saída de leito carroçável,Com Vítimas Feridas,Plena Noite,Crescente,Céu Claro,Dupla,Reta,Sim,1,0,1,0,0,0,1,1,-28.17962805,-48.6956297,SPRF-SC,DEL02-SC,UOP03-DEL02-SC,2023
"561769,0",2023-11-17,sexta-feira,07:15:00,SC,101,"216,4",PALHOCA,Ultrapassagem Indevida,Colisão transversal,Sem Vítimas,Pleno dia,Decrescente,Chuva,Dupla,Interseção de Vias,Sim,2,0,0,0,1,1,0,2,-27.65981409,-48.67747798,SPRF-SC,DEL01-SC,UOP02-DEL01-SC,2023
"561792,0",2023-11-17,sexta-feira,09:10:00,SC,470,"52,4",BLUMENAU,Retorno proibido,Colisão lateral mesmo sentido,Com Vítimas Feridas,Pleno dia,Crescente,Garoa/Chuvisco,Simples,Reta,Sim,2,0,1,0,1,0,1,2,-26.86393146,-49.09777164,SPRF-SC,DEL04-SC,UOP01-DEL04-SC,2023
"561796,0",2023-11-17,sexta-feira,09:00:00,SC,101,"334,3",TUBARAO,Ausência de reação do condutor,Colisão traseira,Com Vítimas Feridas,Pleno dia,Decrescente,Chuva,Simples,Reta,Sim,2,0,1,0,1,0,1,2,-28.46730446,-49.00604302,SPRF-SC,DEL02-SC,UOP01-DEL02-SC,2023
"561834,0",2023-11-17,sexta-feira,12:15:00,SC,282,"130,9",BOM RETIRO,Acumulo de água sobre o pavimento,Saída de leito carroçável,Com Vítimas Feridas,Pleno dia,Crescente,Chuva,Simples,Curva,Não,1,0,1,0,0,0,1,1,-27.803255,-49.505241,SPRF-SC,DEL05-SC,UOP01-DEL05-SC,2023
"561858,0",2023-11-17,sexta-feira,14:41:00,SC,101,"189,6",BIGUACU,Velocidade Incompatível,Colisão com objeto,Com Vítimas Feridas,Pleno dia,Crescente,Nublado,Dupla,Declive;Curva,Não,2,0,0,1,1,0,1,1,-27.46498469,-48.64213943,SPRF-SC,DEL01-SC,UOP01-DEL01-SC,2023
"561907,0",2023-11-17,sexta-feira,19:20:00,SC,101,"227,0",PALHOCA,Acumulo de areia ou detritos sobre o pavimento,Tombamento,Com Vítimas Feridas,Plena Noite,Crescente,Nublado,Simples,Interseção de Vias,Sim,2,0,1,0,1,0,1,1,-27.7509149,-48.63460277,SPRF-SC,DEL01-SC,UOP02-DEL01-SC,2023
"561909,0",2023-11-17,sexta-feira,19:15:00,SC,101,"260,2",GAROPABA,Velocidade Incompatível,Saída de leito carroçável,Com Vítimas Feridas,Plena Noite,Crescente,Nublado,Dupla,Declive;Curva,Não,1,0,1,0,0,0,1,1,-28.0210609,-48.69789507,SPRF-SC,DEL02-SC,UOP03-DEL02-SC,2023