id,data_inversa,dia_semana,horario,uf,br,km,municipio,causa_acidente,tipo_acidente,classificacao_acidente,fase_dia,sentido_via,condicao_metereologica,tipo_pista,tracado_via,uso_solo,pessoas,mortos,feridos_leves,feridos_graves,ilesos,ignorados,feridos,veiculos,latitude,longitude,regional,delegacia,uop,ano_arquivo
"561916,0",2023-11-17,sexta-feira,18:05:00,SC,280,"101,0",SAO BENTO DO SUL,Reação tardia ou ineficiente do condutor,Saída de leito carroçável,Com Vítimas Feridas,Anoitecer,Crescente,Nevoeiro/Neblina,Simples,Curva,Não,2,0,1,0,1,0,1,1,-26.36622569,-49.34118748,SPRF-SC,DEL06-SC,UOP03-DEL06-SC,2023
"561950,0",2023-11-17,sexta-feira,19:30:00,SC,470,"203,8",PONTE ALTA,Objeto estático sobre o leito carroçável,Colisão com objeto,Com Vítimas Feridas,Plena Noite,Decrescente,Nevoeiro/Neblina,Simples,Reta;Declive,Não,3,0,2,0,1,0,2,1,-27.28935,-50.16645,SPRF-SC,DEL05-SC,UOP03-DEL05-SC,2023
"561968,0",2023-11-18,sábado,03:00:00,SC,282,"582,0",PINHALZINHO,Ingestão de álcool pelo condutor,Colisão frontal,Com Vítimas Feridas,Plena Noite,Crescente,Céu Claro,Dupla,Curva,Não,5,0,4,0,1,0,4,2,-26.82866639,-53.00971985,SPRF-SC,DEL07-SC,UOP02-DEL07-SC,2023
"561971,0",2023-11-18,sábado,04:20:00,SC,101,"148,0",ITAPEMA,Ingestão de álcool pelo condutor,Colisão traseira,Com Vítimas Feridas,Plena Noite,Decrescente,Céu Claro,Múltipla,Reta,Não,2,0,1,0,1,0,1,2,-27.10123686,-48.61807962,SPRF-SC,DEL04-SC,UOP03-DEL04-SC,2023
"561984,0",2023-11-18,sábado,06:00:00,SC,480,"127,6",CHAPECO,Ingestão de álcool pelo condutor,Saída de leito carroçável,Com Vítimas Feridas,Amanhecer,Crescente,Nublado,Simples,Aclive;Reta,Sim,3,0,2,1,0,0,3,1,-27.033724,-52.633896,SPRF-SC,DEL07-SC,UOP01-DEL07-SC,2023
"561986,0",2023-11-17,sexta-feira,22:15:00,SC,470,"51,0",BLUMENAU,Acessar a via sem observar a presença dos outros veículos,Colisão traseira,Com Vítimas Feridas,Plena Noite,Decrescente,Garoa/Chuvisco,Múltipla,Reta,Sim,3,0,2,0,1,0,2,2,-26.862339,-49.084038,SPRF-SC,DEL04-SC,UOP01-DEL04-SC,2023
"562023,0",2023-11-18,sábado,09:20:00,SC,101,"195,1",BIGUACU,Acessar a via sem observar a presença dos outros veículos,Colisão traseira,Com Vítimas Feridas,Pleno dia,Crescente,Nublado,Múltipla,Reta,Sim,2,0,0,1,1,0,1,2,-27.5047092,-48.65010819,SPRF-SC,DEL01-SC,UOP01-DEL01-SC,2023
"562047,0",2023-11-07,terça-feira,04:50:00,SC,470,"52,0",BLUMENAU,Sinalização mal posicionada,Colisão com objeto,Com Vítimas Feridas,Amanhecer,Crescente,Nublado,Simples,Interseção de Vias;Retorno Regulamentado;Desvio Temporário;Em Obras,Sim,1,0,1,0,0,0,1,1,-26.862286,-49.093903,SPRF-SC,DEL04-SC,UOP01-DEL04-SC,2023
"562076,0",2023-11-18,sábado,13:05:00,SC,282,"491,2",FAXINAL DOS GUEDES,Acumulo de óleo sobre o pavimento,Colisão transversal,Com Vítimas Feridas,Pleno dia,Crescente,Garoa/Chuvisco,Simples,Curva,Não,8,0,1,0,7,0,1,4,-26.872433,-52.291599,SPRF-SC,DEL07-SC,UOP01-DEL07-SC,2023
"562088,0",2023-11-18,sábado,16:05:00,SC,282,"22,9",SANTO AMARO DA IMPERATRIZ,Ultrapassagem Indevida,Colisão lateral mesmo sentido,Com Vítimas Feridas,Pleno dia,Decrescente,Nublado,Simples,Curva,Sim,4,0,0,1,1,2,1,3,-27.688507,-48.72739,SPRF-SC,DEL01-SC,UOP02-DEL01-SC,2023
"562098,0",2023-11-18,sábado,17:00:00,SC,101,"205,7",SAO JOSE,Reação tardia ou ineficiente do condutor,Colisão traseira,Com Vítimas Feridas,Pleno dia,Crescente,Nublado,Múltipla,Reta,Sim,3,0,1,0,2,0,1,2,-27.58313237,-48.61532885,SPRF-SC,DEL01-SC,UOP01-DEL01-SC,2023
"562133,0",2023-11-18,sábado,20:00:00,SC,101,"429,8",SOMBRIO,Ingestão de álcool pelo condutor,Colisão traseira,Com Vítimas Feridas,Plena Noite,Decrescente,Nublado,Múltipla,Reta,Não,2,0,1,0,1,0,1,2,-29.04753891,-49.61825012,SPRF-SC,DEL02-SC,UOP02-DEL02-SC,2023
"562135,0",2023-11-18,sábado,20:40:00,SC,101,"291,0",IMBITUBA,Acessar a via sem observar a presença dos outros veículos,Colisão frontal,Sem Vítimas,Plena Noite,Crescente,Nublado,Simples,Interseção de Vias,Não,3,0,0,0,3,0,0,2,-28.28960314,-48.70724738,SPRF-SC,DEL02-SC,UOP03-DEL02-SC,2023
"562138,0",2023-11-18,sábado,20:30:00,SC,470,"35,3",GASPAR,Ausência de reação do condutor,Colisão com objeto,Com Vítimas Feridas,Plena Noite,Crescente,Céu Claro,Simples,Reta;Em Obras;Desvio Temporário,Não,2,0,1,1,0,0,2,1,-26.91324681,-48.96241128,SPRF-SC,DEL04-SC,UOP01-DEL04-SC,2023
"562139,0",2023-11-18,sábado,20:35:00,SC,470,"35,3",GASPAR,Ingestão de álcool pelo condutor,Atropelamento de Pedestre,Com Vítimas Fatais,Plena Noite,Crescente,Nevoeiro/Neblina,Simples,Reta;Em Obras,Não,3,1,0,0,1,1,0,2,-26.91324681,-48.96226108,SPRF-SC,DEL04-SC,UOP01-DEL04-SC,2023
"562145,0",2023-11-18,sábado,21:10:00,SC,101,"254,6",PAULO LOPES,Velocidade Incompatível,Colisão com objeto,Com Vítimas Feridas,Plena Noite,Crescente,Nublado,Múltipla,Curva;Interseção de Vias,Sim,2,0,2,0,0,0,2,1,-27.98075872,-48.67985129,SPRF-SC,DEL02-SC,UOP03-DEL02-SC,2023
"562167,0",2023-11-18,sábado,18:00:00,SC,101,"340,5",TUBARAO,Ingestão de álcool pelo condutor,Colisão com objeto,Com Vítimas Feridas,Anoitecer,Crescente,Nublado,Dupla,Reta,Não,1,0,0,1,0,0,1,1,-28.50999405,-49.05070686,SPRF-SC,DEL02-SC,UOP01-DEL02-SC,2023
"562188,0",2023-11-19,domingo,03:15:00,SC,101,"404,8",ARARANGUA,Ausência de reação do condutor,Saída de leito carroçável,Com Vítimas Feridas,Plena Noite,Decrescente,Céu Claro,Múltipla,Reta,Não,2,0,1,0,1,0,1,1,-28.87801417,-49.45745479,SPRF-SC,DEL02-SC,UOP02-DEL02-SC,2023
"562196,0",2023-11-19,domingo,04:30:00,SC,470,"42,8",GASPAR,Ausência de reação do condutor,Colisão com objeto,Sem Vítimas,Plena Noite,Crescente,Céu Claro,Simples,Em Obras;Curva,Não,1,0,0,0,1,0,0,1,-26.87463806,-49.01284754,SPRF-SC,DEL04-SC,UOP01-DEL04-SC,2023
"562223,0",2023-11-05,domingo,13:00:00,SC,101,"209,0",SAO JOSE,Reação tardia ou ineficiente do condutor,Engavetamento,Com Vítimas Feridas,Pleno dia,Decrescente,Céu Claro,Múltipla,Reta,Sim,7,0,4,0,3,0,4,3,-27.61000542,-48.63895057,SPRF-SC,DEL01-SC,UOP01-DEL01-SC,2023
"562247,0",2023-11-19,domingo,10:50:00,SC,101,"138,0",BALNEARIO CAMBORIU,Ingestão de álcool pelo condutor,Colisão com objeto,Sem Vítimas,Pleno dia,Decrescente,Nublado,Dupla,Reta,Sim,1,0,0,0,1,0,0,1,-27.02397426,-48.60761649,SPRF-SC,DEL04-SC,UOP03-DEL04-SC,2023
"562251,0",2023-11-19,domingo,08:50:00,SC,282,"117,0",ALFREDO WAGNER,Manobra de mudança de faixa,Saída de leito carroçável,Com Vítimas Feridas,Pleno dia,Crescente,Céu Claro,Simples,Reta,Não,4,0,3,0,1,0,3,1,-27.770338,-49.404785,SPRF-SC,DEL01-SC,UOP03-DEL01-SC,2023
"562277,0",2023-11-19,domingo,07:00:00,SC,101,"414,6",ARARANGUA,Condutor Dormindo,Saída de leito carroçável,Com Vítimas Feridas,Amanhecer,Crescente,Nublado,Múltipla,Curva,Sim,1,0,1,0,0,0,1,1,-28.95360392,-49.50985011,SPRF-SC,DEL02-SC,UOP02-DEL02-SC,2023
"562284,0",2023-11-19,domingo,13:50:00,SC,101,"210,0",SAO JOSE,Objeto estático sobre o leito carroçável,Colisão com objeto,Com Vítimas Feridas,Pleno dia,Crescente,Céu Claro,Dupla,Reta,Sim,3,0,1,0,2,0,1,2,-27.6167305,-48.6457265,SPRF-SC,DEL01-SC,UOP01-DEL01-SC,2023
"562297,0",2023-11-16,quinta-feira,01:05:00,SC,470,"284,9",BRUNOPOLIS,Demais falhas mecânicas ou elétricas,Incêndio,Sem Vítimas,Plena Noite,Decrescente,Chuva,Simples,Reta;Aclive,Não,1,0,0,0,0,1,0,1,-27.331482,-50.902504,SPRF-SC,DEL07-SC,UOP06-DEL07-SC,2023
"562303,0",2023-11-19,domingo,15:45:00,SC,470,"141,1",RIO DO SUL,Problema com o freio,Colisão transversal,Com Vítimas Feridas,Pleno dia,Crescente,Céu Claro,Simples,Desvio Temporário;Declive;Retorno Regulamentado,Sim,2,0,1,0,1,0,1,2,-27.206988,-49.64870811,SPRF-SC,DEL04-SC,UOP02-DEL04-SC,2023
"562317,0",2023-10-22,domingo,22:20:00,SC,280,"213,6",TRES BARRAS,Transitar na contramão,Colisão frontal,Com Vítimas Fatais,Plena Noite,Decrescente,Céu Claro,Simples,Reta;Aclive,Não,3,1,0,2,0,0,2,2,-26.181212,-50.198264,SPRF-SC,DEL06-SC,UOP04-DEL06-SC,2023
"562365,0",2023-11-19,domingo,19:20:00,SC,101,"216,3",PALHOCA,Desrespeitar a preferência no cruzamento,Colisão transversal,Sem Vítimas,Plena Noite,Crescente,Céu Claro,Dupla,Reta;Interseção de Vias;Viaduto,Sim,2,0,0,0,0,2,0,2,-27.65981409,-48.67747798,SPRF-SC,DEL01-SC,UOP02-DEL01-SC,2023
"562378,0",2023-11-19,domingo,22:30:00,SC,101,"125,3",ITAJAI,Demais falhas mecânicas ou elétricas,Tombamento,Com Vítimas Feridas,Plena Noite,Decrescente,Nublado,Dupla,Reta,Não,1,0,0,1,0,0,1,1,-26.94802427,-48.68338515,SPRF-SC,DEL04-SC,UOP04-DEL04-SC,2023
"562380,0",2023-11-19,domingo,18:00:00,SC,153,"63,0",VARGEM BONITA,Manobra de mudança de faixa,Colisão transversal,Com Vítimas Feridas,Pleno dia,Decrescente,Céu Claro,Simples,Reta,Não,6,0,0,2,0,4,2,3,-26.994884,-51.87051,SPRF-SC,DEL07-SC,UOP04-DEL07-SC,2023
"562386,0",2023-11-19,domingo,19:30:00,SC,280,"304,3",PORTO UNIAO,Desrespeitar a preferência no cruzamento,Colisão transversal,Com Vítimas Feridas,Plena Noite,Decrescente,Céu Claro,Simples,Reta,Não,3,0,2,0,1,0,2,2,-26.27999553,-51.05063229,SPRF-SC,DEL06-SC,UOP04-DEL06-SC,2023
"562388,0",2023-11-19,domingo,23:20:00,SC,101,"212,1",PALHOCA,Demais falhas mecânicas ou elétricas,Eventos atípicos,Com Vítimas Feridas,Plena Noite,Crescente,Céu Claro,Dupla,Interseção de Vias,Sim,2,0,2,0,0,0,2,1,-27.63737689,-48.66554171,SPRF-SC,DEL01-SC,UOP02-DEL01-SC,2023
"562413,0",2023-11-19,domingo,22:40:00,SC,101,"315,3",LAGUNA,Ingestão de álcool e/ou substâncias psicoativas pelo pedestre,Atropelamento de Pedestre,Com Vítimas Feridas,Plena Noite,Decrescente,Céu Claro,Dupla,Ponte,Sim,2,0,0,1,1,0,1,2,-28.42889239,-48.85061145,SPRF-SC,DEL02-SC,UOP01-DEL02-SC,2023
"562417,0",2023-11-20,segunda-feira,04:30:00,SC,101,"200,1",SAO JOSE,Ausência de reação do condutor,Colisão frontal,Com Vítimas Fatais,Plena Noite,Decrescente,Céu Claro,Múltipla,Reta;Declive,Sim,2,1,0,0,0,1,0,2,-27.54003083,-48.62261295,SPRF-SC,DEL01-SC,UOP01-DEL01-SC,2023
"562418,0",2023-11-20,segunda-feira,04:35:00,SC,282,"460,5",PONTE SERRADA,Reação tardia ou ineficiente do condutor,Colisão traseira,Sem Vítimas,Amanhecer,Decrescente,Céu Claro,Simples,Reta,Sim,5,0,0,0,4,1,0,2,-26.856062,-52.03215,SPRF-SC,DEL07-SC,UOP04-DEL07-SC,2023
"562422,0",2023-11-20,segunda-feira,00:30:00,SC,101,"445,4",SANTA ROSA DO SUL,Reação tardia ou ineficiente do condutor,Colisão com objeto,Sem Vítimas,Plena Noite,Crescente,Ignorado,Dupla,Reta,Não,1,0,0,0,1,0,0,1,-29.13876138,-49.71567783,SPRF-SC,DEL02-SC,UOP02-DEL02-SC,2023
"562444,0",2023-11-20,segunda-feira,07:22:00,SC,101,"212,3",PALHOCA,Condutor deixou de manter distância do veículo da frente,Colisão traseira,Com Vítimas Feridas,Pleno dia,Decrescente,Nublado,Múltipla,Reta,Sim,3,0,1,1,1,0,2,2,-27.62996929,-48.65903871,SPRF-SC,DEL01-SC,UOP02-DEL01-SC,2023
"562460,0",2023-11-20,segunda-feira,08:40:00,SC,280,"22,6",ARAQUARI,Acessar a via sem observar a presença dos outros veículos,Colisão transversal,Com Vítimas Feridas,Pleno dia,Decrescente,Nublado,Simples,Reta,Sim,2,0,0,1,1,0,1,2,-26.37112809,-48.70696306,SPRF-SC,DEL03-SC,UOP03-DEL03-SC,2023
"562504,0",2023-11-20,segunda-feira,13:00:00,SC,101,"189,9",BIGUACU,Mal súbito do condutor,Tombamento,Com Vítimas Feridas,Pleno dia,Decrescente,Céu Claro,Dupla,Reta,Sim,1,0,0,1,0,0,1,1,-27.459393,-48.638914,SPRF-SC,DEL01-SC,UOP01-DEL01-SC,2023
"562505,0",2023-11-20,segunda-feira,12:45:00,SC,101,"213,0",PALHOCA,Ausência de reação do condutor,Colisão traseira,Com Vítimas Feridas,Pleno dia,Crescente,Céu Claro,Dupla,Reta,Não,3,0,1,0,2,0,1,2,-27.63697369,-48.66514142,SPRF-SC,DEL01-SC,UOP02-DEL01-SC,2023
"562512,0",2023-11-20,segunda-feira,14:00:00,SC,101,"145,0",ITAPEMA,Avarias e/ou desgaste excessivo no pneu,Tombamento,Com Vítimas Feridas,Pleno dia,Decrescente,Céu Claro,Dupla,Reta;Aclive,Sim,2,0,1,1,0,0,2,1,-27.08139206,-48.60130993,SPRF-SC,DEL04-SC,UOP03-DEL04-SC,2023
"562529,0",2023-11-20,segunda-feira,16:05:00,SC,101,"31,0",JOINVILLE,Condutor deixou de manter distância do veículo da frente,Colisão traseira,Com Vítimas Feridas,Pleno dia,Decrescente,Céu Claro,Dupla,Reta,Não,2,0,1,0,1,0,1,2,-26.22195899,-48.91634925,SPRF-SC,DEL03-SC,UOP01-DEL03-SC,2023
"562530,0",2023-11-20,segunda-feira,11:45:00,SC,101,"210,7",SAO JOSE,Reação tardia ou ineficiente do condutor,Queda de ocupante de veículo,Com Vítimas Feridas,Pleno dia,Crescente,Céu Claro,Dupla,Reta,Sim,1,0,1,0,0,0,1,1,-27.6167305,-48.6457265,SPRF-SC,DEL01-SC,UOP01-DEL01-SC,2023
"562538,0",2023-11-20,segunda-feira,16:15:00,SC,101,"216,0",PALHOCA,Ausência de reação do condutor,Colisão traseira,Sem Vítimas,Pleno dia,Crescente,Céu Claro,Múltipla,Reta,Não,2,0,0,0,2,0,0,2,-27.65981409,-48.67747798,SPRF-SC,DEL01-SC,UOP02-DEL01-SC,2023
"562543,0",2023-11-20,segunda-feira,16:45:00,SC,101,"180,0",GOVERNADOR CELSO RAMOS,Ausência de reação do condutor,Colisão traseira,Com Vítimas Feridas,Pleno dia,Crescente,Nublado,Dupla,Reta,Sim,2,0,1,0,1,0,1,2,-27.3811238,-48.63090648,SPRF-SC,DEL01-SC,UOP01-DEL01-SC,2023
"562556,0",2023-11-20,segunda-feira,17:20:00,SC,153,"97,2",CONCORDIA,Acessar a via sem observar a presença dos outros veículos,Colisão transversal,Com Vítimas Feridas,Pleno dia,Crescente,Sol,Simples,Curva,Sim,2,0,0,1,1,0,1,2,-27.22937082,-51.95280075,SPRF-SC,DEL07-SC,UOP04-DEL07-SC,2023
"562559,0",2023-11-20,segunda-feira,17:50:00,SC,101,"203,2",SAO JOSE,Trafegar com motocicleta (ou similar) entre as faixas,Colisão lateral mesmo sentido,Com Vítimas Feridas,Pleno dia,Decrescente,Sol,Múltipla,Reta;Declive,Sim,2,0,1,0,1,0,1,2,-27.5650044,-48.61460082,SPRF-SC,DEL01-SC,UOP01-DEL01-SC,2023
"562560,0",2023-11-20,segunda-feira,18:20:00,SC,101,"152,0",ITAPEMA,Manobra de mudança de faixa,Colisão lateral mesmo sentido,Com Vítimas Feridas,Plena Noite,Decrescente,Nublado,Dupla,Reta,Sim,2,0,1,0,1,0,1,2,-27.13563503,-48.61004665,SPRF-SC,DEL04-SC,UOP03-DEL04-SC,2023
"562562,0",2023-11-20,segunda-feira,18:20:00,SC,282,"3,5",FLORIANOPOLIS,Trafegar com motocicleta (ou similar) entre as faixas,Colisão lateral mesmo sentido,Com Vítimas Feridas,Anoitecer,Crescente,Céu Claro,Múltipla,Reta,Sim,3,0,1,0,2,0,1,3,-27.59182712,-48.60561848,SPRF-SC,DEL01-SC,UOP01-DEL01-SC,2023
"562579,0",2023-11-20,segunda-feira,19:15:00,SC,101,"113,0",ITAJAI,Trafegar com motocicleta (ou similar) entre as faixas,Colisão lateral mesmo sentido,Com Vítimas Feridas,Plena Noite,Decrescente,Nublado,Dupla,Reta,Não,2,0,1,0,1,0,1,2,-26.85311393,-48.72689927,SPRF-SC,DEL04-SC,UOP04-DEL04-SC,2023
"562592,0",2023-11-20,segunda-feira,19:10:00,SC,101,"385,1",ICARA,Reação tardia ou ineficiente do condutor,Colisão lateral mesmo sentido,Com Vítimas Feridas,Plena Noite,Crescente,Céu Claro,Dupla,Reta,Não,5,0,3,1,1,0,4,2,-28.78381977,-49.33462143,SPRF-SC,DEL02-SC,UOP02-DEL02-SC,2023
"562597,0",2023-11-20,segunda-feira,21:00:00,SC,101,"161,0",TIJUCAS,Transitar na contramão,Colisão lateral sentido oposto,Com Vítimas Feridas,Plena Noite,Decrescente,Céu Claro,Dupla,Reta,Sim,2,0,0,1,1,0,1,2,-27.21673911,-48.6244238,SPRF-SC,DEL04-SC,UOP03-DEL04-SC,2023
"562603,0",2023-10-21,sábado,01:50:00,SC,101,"140,3",ITAPEMA,Transitar na contramão,Colisão frontal,Com Vítimas Feridas,Plena Noite,Crescente,Garoa/Chuvisco,Múltipla,Aclive,Não,9,0,1,1,0,7,2,3,-27.04176744,-48.59975552,SPRF-SC,DEL04-SC,UOP03-DEL04-SC,2023
"562619,0",2023-11-21,terça-feira,03:30:00,SC,282,"21,0",PALHOCA,Ausência de reação do condutor,Colisão com objeto,Com Vítimas Feridas,Plena Noite,Crescente,Céu Claro,Simples,Curva,Sim,1,0,1,0,0,0,1,1,-27.68907,-48.717541,SPRF-SC,DEL01-SC,UOP02-DEL01-SC,2023
"562626,0",2023-11-21,terça-feira,05:30:00,SC,101,"123,0",ITAJAI,Desrespeitar a preferência no cruzamento,Colisão transversal,Com Vítimas Feridas,Amanhecer,Decrescente,Céu Claro,Múltipla,Interseção de Vias,Sim,2,0,1,0,1,0,1,2,-26.93733351,-48.69767725,SPRF-SC,DEL04-SC,UOP04-DEL04-SC,2023
"562708,0",2023-11-21,terça-feira,11:00:00,SC,116,"128,0",SANTA CECILIA,Reação tardia ou ineficiente do condutor,Colisão traseira,Com Vítimas Feridas,Pleno dia,Crescente,Céu Claro,Simples,Reta;Aclive,Não,3,0,1,0,2,0,1,2,-26.87529113,-50.42492594,SPRF-SC,DEL06-SC,UOP02-DEL06-SC,2023
"562727,0",2023-11-21,terça-feira,15:30:00,SC,101,"201,0",SAO JOSE,Ingestão de álcool pelo condutor,Colisão lateral mesmo sentido,Com Vítimas Feridas,Pleno dia,Crescente,Céu Claro,Múltipla,Reta,Sim,3,0,1,0,2,0,1,3,-27.54836599,-48.61977975,SPRF-SC,DEL01-SC,UOP01-DEL01-SC,2023
"562734,0",2023-11-21,terça-feira,16:20:00,SC,101,"214,0",PALHOCA,Acessar a via sem observar a presença dos outros veículos,Colisão transversal,Com Vítimas Feridas,Pleno dia,Crescente,Céu Claro,Dupla,Interseção de Vias,Sim,3,0,1,0,2,0,1,2,-27.64443,-48.67057,SPRF-SC,DEL01-SC,UOP02-DEL01-SC,2023
"562748,0",2023-11-21,terça-feira,17:40:00,SC,280,"24,0",ARAQUARI,Ultrapassagem Indevida,Colisão lateral mesmo sentido,Com Vítimas Feridas,Pleno dia,Decrescente,Nublado,Simples,Reta,Sim,2,0,0,1,1,0,1,2,-26.37724921,-48.71953282,SPRF-SC,DEL03-SC,UOP03-DEL03-SC,2023
"562754,0",2023-11-21,terça-feira,18:00:00,SC,101,"152,0",ITAPEMA,Acessar a via sem observar a presença dos outros veículos,Colisão transversal,Com Vítimas Feridas,Pleno dia,Decrescente,Sol,Simples,Interseção de Vias,Sim,2,0,1,0,1,0,1,2,-27.13563503,-48.61004665,SPRF-SC,DEL04-SC,UOP03-DEL04-SC,2023
"562760,0",2023-11-21,terça-feira,17:45:00,SC,101,"200,7",SAO JOSE,Reação tardia ou ineficiente do condutor,Colisão traseira,Sem Vítimas,Anoitecer,Crescente,Céu Claro,Simples,Reta,Sim,2,0,0,0,2,0,0,2,-27.54018513,-48.62287714,SPRF-SC,DEL01-SC,UOP01-DEL01-SC,2023
"562776,0",2023-11-21,terça-feira,12:00:00,SC,470,"260,2",CURITIBANOS,Pista esburacada,Saída de leito carroçável,Sem Vítimas,Pleno dia,Decrescente,Céu Claro,Simples,Curva,Não,1,0,0,0,0,1,0,1,-27.301584,-50.671352,SPRF-SC,DEL05-SC,UOP03-DEL05-SC,2023
"562786,0",2023-11-13,segunda-feira,20:20:00,SC,101,"89,0",BARRA VELHA,Pista esburacada,Queda de ocupante de veículo,Com Vítimas Feridas,Plena Noite,Crescente,Garoa/Chuvisco,Dupla,Reta,Não,1,0,1,0,0,0,1,1,-26.65175997,-48.68721921,SPRF-SC,DEL03-SC,UOP02-DEL03-SC,2023
"562801,0",2023-11-21,terça-feira,21:00:00,SC,101,"416,5",ARARANGUA,Ausência de reação do condutor,Saída de leito carroçável,Sem Vítimas,Plena Noite,Crescente,Céu Claro,Múltipla,Reta,Sim,1,0,0,0,1,0,0,1,-28.96708874,-49.52338825,SPRF-SC,DEL02-SC,UOP02-DEL02-SC,2023
"562808,0",2023-11-21,terça-feira,22:00:00,SC,101,"207,0",SAO JOSE,Demais falhas mecânicas ou elétricas,Queda de ocupante de veículo,Com Vítimas Feridas,Plena Noite,Crescente,Céu Claro,Múltipla,Curva,Sim,2,0,1,1,0,0,2,1,-27.60001226,-48.6226467,SPRF-SC,DEL01-SC,UOP01-DEL01-SC,2023
"562816,0",2023-11-22,quarta-feira,00:30:00,SC,282,"577,0",PINHALZINHO,Ingestão de álcool pelo condutor,Colisão frontal,Com Vítimas Feridas,Plena Noite,Crescente,Céu Claro,Simples,Reta,Sim,3,0,1,0,1,1,1,2,-26.85391292,-52.98003101,SPRF-SC,DEL07-SC,UOP02-DEL07-SC,2023
"562841,0",2023-11-22,quarta-feira,08:20:00,SC,470,"3,0",NAVEGANTES,Acesso irregular,Colisão transversal,Com Vítimas Feridas,Pleno dia,Crescente,Céu Claro,Dupla,Em Obras;Reta,Não,2,0,1,0,1,0,1,2,-26.861937,-48.681618,SPRF-SC,DEL04-SC,UOP04-DEL04-SC,2023
"562874,0",2023-11-22,quarta-feira,10:40:00,SC,282,"532,0",CORDILHEIRA ALTA,Condutor deixou de manter distância do veículo da frente,Colisão traseira,Sem Vítimas,Pleno dia,Decrescente,Céu Claro,Simples,Declive;Reta;Em Obras,Não,2,0,0,0,2,0,0,2,-26.996822,-52.615528,SPRF-SC,DEL07-SC,UOP01-DEL07-SC,2023
"562878,0",2023-11-22,quarta-feira,11:20:00,SC,480,"125,5",CHAPECO,Ultrapassagem Indevida,Colisão lateral mesmo sentido,Com Vítimas Feridas,Pleno dia,Crescente,Céu Claro,Simples,Interseção de Vias;Aclive,Sim,2,0,1,0,1,0,1,2,-27.01674776,-52.63678182,SPRF-SC,DEL07-SC,UOP01-DEL07-SC,2023
"562884,0",2023-11-22,quarta-feira,12:15:00,SC,101,"416,0",ARARANGUA,Ausência de reação do condutor,Engavetamento,Com Vítimas Feridas,Pleno dia,Decrescente,Nublado,Simples,Reta,Sim,3,0,2,0,1,0,2,3,-28.96708874,-49.52338825,SPRF-SC,DEL02-SC,UOP02-DEL02-SC,2023
"562895,0",2023-11-22,quarta-feira,15:15:00,SC,101,"195,0",BIGUACU,Demais falhas mecânicas ou elétricas,Tombamento,Com Vítimas Feridas,Pleno dia,Crescente,Chuva,Dupla,Reta,Sim,1,0,0,1,0,0,1,1,-27.5047092,-48.65010819,SPRF-SC,DEL01-SC,UOP01-DEL01-SC,2023
"562899,0",2023-11-22,quarta-feira,15:50:00,SC,101,"119,0",ITAJAI,Trafegar com motocicleta (ou similar) entre as faixas,Colisão lateral mesmo sentido,Com Vítimas Feridas,Pleno dia,Crescente,Chuva,Múltipla,Reta,Não,2,0,1,0,1,0,1,2,-26.9043179,-48.71555481,SPRF-SC,DEL04-SC,UOP04-DEL04-SC,2023
"562904,0",2023-11-22,quarta-feira,15:00:00,SC,101,"390,9",CRICIUMA,Chuva,Colisão com objeto,Com Vítimas Feridas,Pleno dia,Decrescente,Chuva,Dupla,Reta;Declive,Não,2,0,2,0,0,0,2,1,-28.79513029,-49.35435084,SPRF-SC,DEL02-SC,UOP02-DEL02-SC,2023
"562910,0",2023-11-22,quarta-feira,16:50:00,SC,101,"146,0",ITAPEMA,Chuva,Tombamento,Com Vítimas Feridas,Anoitecer,Decrescente,Nublado,Múltipla,Viaduto;Reta,Sim,1,0,1,0,0,0,1,1,-27.08666525,-48.60955587,SPRF-SC,DEL04-SC,UOP03-DEL04-SC,2023
"562931,0",2023-11-22,quarta-feira,18:45:00,SC,470,"56,0",BLUMENAU,Acessar a via sem observar a presença dos outros veículos,Colisão transversal,Com Vítimas Feridas,Anoitecer,Decrescente,Nublado,Simples,Reta,Sim,2,0,1,0,1,0,1,2,-26.87674,-49.127743,SPRF-SC,DEL04-SC,UOP01-DEL04-SC,2023
"562961,0",2023-11-22,quarta-feira,17:00:00,SC,470,"247,3",CURITIBANOS,Acessar a via sem observar a presença dos outros veículos,Colisão traseira,Com Vítimas Feridas,Pleno dia,Crescente,Chuva,Simples,Reta,Sim,2,0,1,0,1,0,1,2,-27.31303665,-50.5589211,SPRF-SC,DEL05-SC,UOP03-DEL05-SC,2023
"562975,0",2023-11-06,segunda-feira,08:55:00,SC,101,"138,0",BALNEARIO CAMBORIU,Condutor deixou de manter distância do veículo da frente,Colisão lateral mesmo sentido,Com Vítimas Feridas,Pleno dia,Decrescente,Céu Claro,Múltipla,Reta,Sim,2,0,1,0,1,0,1,2,-27.02397426,-48.60761649,SPRF-SC,DEL04-SC,UOP03-DEL04-SC,2023
"563000,0",2023-11-23,quinta-feira,05:00:00,SC,101,"327,2",CAPIVARI DE BAIXO,Desrespeitar a preferência no cruzamento,Colisão transversal,Com Vítimas Feridas,Amanhecer,Decrescente,Chuva,Múltipla,Viaduto,Sim,2,0,1,0,1,0,1,2,-28.43929312,-48.96180511,SPRF-SC,DEL02-SC,UOP01-DEL02-SC,2023
"563009,0",2023-11-23,quinta-feira,07:35:00,SC,101,"199,3",BIGUACU,Manobra de mudança de faixa,Colisão lateral mesmo sentido,Com Vítimas Feridas,Pleno dia,Crescente,Nublado,Dupla,Reta;Interseção de Vias,Sim,2,0,1,0,1,0,1,2,-27.53413705,-48.63003205,SPRF-SC,DEL01-SC,UOP01-DEL01-SC,2023