id,data_inversa,dia_semana,horario,uf,br,km,municipio,causa_acidente,tipo_acidente,classificacao_acidente,fase_dia,sentido_via,condicao_metereologica,tipo_pista,tracado_via,uso_solo,pessoas,mortos,feridos_leves,feridos_graves,ilesos,ignorados,feridos,veiculos,latitude,longitude,regional,delegacia,uop,ano_arquivo
"563031,0",2023-11-23,quinta-feira,07:50:00,SC,101,"1,8",ARARANGUA,Condutor deixou de manter distância do veículo da frente,Colisão traseira,Sem Vítimas,Pleno dia,Decrescente,Chuva,Simples,Reta,Não,3,0,0,0,3,0,0,2,-28.93595451,-49.49543303,SPRF-SC,DEL02-SC,UOP02-DEL02-SC,2023
"563034,0",2023-11-23,quinta-feira,08:45:00,SC,101,"117,3",ITAJAI,Desrespeitar a preferência no cruzamento,Colisão transversal,Com Vítimas Feridas,Pleno dia,Decrescente,Nublado,Simples,Interseção de Vias,Não,3,0,1,2,0,0,3,2,-26.88747187,-48.72252969,SPRF-SC,DEL04-SC,UOP04-DEL04-SC,2023
"563061,0",2023-08-31,quinta-feira,04:30:00,SC,101,"135,1",BALNEARIO CAMBORIU,Reação tardia ou ineficiente do condutor,Saída de leito carroçável,Com Vítimas Fatais,Plena Noite,Crescente,Nublado,Múltipla,Reta,Sim,2,2,0,0,0,0,0,1,-27.00543615,-48.62589598,SPRF-SC,DEL04-SC,UOP03-DEL04-SC,2023
"563089,0",2023-10-23,segunda-feira,01:00:00,SC,101,"146,0",ITAPEMA,Reação tardia ou ineficiente do condutor,Colisão com objeto,Sem Vítimas,Plena Noite,Crescente,Céu Claro,Múltipla,Curva,Sim,1,0,0,0,1,0,0,1,-27.08666525,-48.60955587,SPRF-SC,DEL04-SC,UOP03-DEL04-SC,2023
"563112,0",2023-11-23,quinta-feira,16:45:00,SC,101,"196,0",BIGUACU,Manobra de mudança de faixa,Colisão lateral mesmo sentido,Com Vítimas Feridas,Pleno dia,Crescente,Nublado,Dupla,Reta,Sim,3,0,1,0,2,0,1,2,-27.51101091,-48.64322292,SPRF-SC,DEL01-SC,UOP01-DEL01-SC,2023
"563131,0",2023-11-23,quinta-feira,18:05:00,SC,101,"214,0",PALHOCA,Demais falhas mecânicas ou elétricas,Colisão com objeto,Com Vítimas Feridas,Anoitecer,Crescente,Céu Claro,Simples,Reta,Não,2,0,2,0,0,0,2,1,-27.64443,-48.67057,SPRF-SC,DEL01-SC,UOP02-DEL01-SC,2023
"563147,0",2023-11-23,quinta-feira,18:15:00,SC,101,"415,0",ARARANGUA,Ausência de reação do condutor,Colisão traseira,Com Vítimas Feridas,Anoitecer,Decrescente,Nublado,Múltipla,Reta,Não,2,0,1,0,0,1,1,2,-28.96040535,-49.51653267,SPRF-SC,DEL02-SC,UOP02-DEL02-SC,2023
"563161,0",2023-11-23,quinta-feira,19:30:00,SC,280,"55,0",GUARAMIRIM,Chuva,Tombamento,Com Vítimas Feridas,Plena Noite,Crescente,Garoa/Chuvisco,Simples,Viaduto,Sim,2,0,2,0,0,0,2,1,-26.47584353,-48.9937858,SPRF-SC,DEL03-SC,UOP03-DEL03-SC,2023
"563174,0",2023-11-23,quinta-feira,20:30:00,SC,101,"140,5",BALNEARIO CAMBORIU,Avarias e/ou desgaste excessivo no pneu,Tombamento,Com Vítimas Feridas,Pleno dia,Decrescente,Nublado,Dupla,Reta,Sim,1,0,1,0,0,0,1,1,-27.03881189,-48.60025148,SPRF-SC,DEL04-SC,UOP03-DEL04-SC,2023
"563199,0",2023-11-24,sexta-feira,04:00:00,SC,101,"414,0",ARARANGUA,Condutor Dormindo,Saída de leito carroçável,Com Vítimas Feridas,Plena Noite,Crescente,Nublado,Múltipla,Reta,Não,1,0,1,0,0,0,1,1,-28.95360392,-49.50985011,SPRF-SC,DEL02-SC,UOP02-DEL02-SC,2023
"563203,0",2023-11-24,sexta-feira,05:30:00,SC,101,"158,0",PORTO BELO,Velocidade Incompatível,Colisão com objeto,Com Vítimas Feridas,Pleno dia,Decrescente,Céu Claro,Dupla,Curva,Não,4,0,0,3,1,0,3,1,-27.19096301,-48.61259017,SPRF-SC,DEL04-SC,UOP03-DEL04-SC,2023
"563205,0",2023-11-24,sexta-feira,06:30:00,SC,101,"342,2",TUBARAO,Demais falhas mecânicas ou elétricas,Queda de ocupante de veículo,Com Vítimas Feridas,Pleno dia,Decrescente,Céu Claro,Múltipla,Reta,Sim,2,0,2,0,0,0,2,1,-28.51875992,-49.05388322,SPRF-SC,DEL02-SC,UOP01-DEL02-SC,2023
"563211,0",2023-10-20,sexta-feira,04:55:00,SC,282,"551,0",NOVA ITABERABA,Reação tardia ou ineficiente do condutor,Colisão traseira,Com Vítimas Feridas,Plena Noite,Crescente,Garoa/Chuvisco,Simples,Reta,Não,4,0,3,0,1,0,3,2,-26.951487,-52.778172,SPRF-SC,DEL07-SC,UOP01-DEL07-SC,2023
"563221,0",2023-11-24,sexta-feira,07:45:00,SC,282,"2,0",FLORIANOPOLIS,Condutor deixou de manter distância do veículo da frente,Colisão traseira,Com Vítimas Feridas,Pleno dia,Crescente,Céu Claro,Múltipla,Reta,Sim,4,0,1,0,3,0,1,4,-27.603289,-48.590416,SPRF-SC,DEL01-SC,UOP01-DEL01-SC,2023
"563246,0",2023-11-24,sexta-feira,10:50:00,SC,101,"140,0",BALNEARIO CAMBORIU,Demais falhas mecânicas ou elétricas,Incêndio,Com Vítimas Feridas,Pleno dia,Decrescente,Céu Claro,Dupla,Túnel;Reta,Não,1,0,1,0,0,0,1,1,-27.03881189,-48.60025148,SPRF-SC,DEL04-SC,UOP03-DEL04-SC,2023
"563248,0",2023-11-24,sexta-feira,10:45:00,SC,101,"208,2",SAO JOSE,Demais falhas mecânicas ou elétricas,Queda de ocupante de veículo,Com Vítimas Feridas,Pleno dia,Decrescente,Céu Claro,Dupla,Reta,Sim,2,0,1,0,1,0,1,1,-27.60327979,-48.63201818,SPRF-SC,DEL01-SC,UOP01-DEL01-SC,2023
"563263,0",2023-11-24,sexta-feira,13:15:00,SC,101,"151,0",ITAPEMA,Ausência de reação do condutor,Tombamento,Com Vítimas Feridas,Pleno dia,Decrescente,Céu Claro,Dupla,Reta,Sim,2,0,1,0,1,0,1,2,-27.126536,-48.609642,SPRF-SC,DEL04-SC,UOP03-DEL04-SC,2023
"563298,0",2023-11-24,sexta-feira,16:10:00,SC,101,"207,6",SAO JOSE,Acessar a via sem observar a presença dos outros veículos,Colisão lateral mesmo sentido,Com Vítimas Feridas,Pleno dia,Crescente,Céu Claro,Múltipla,Reta;Interseção de Vias;Aclive,Sim,3,0,1,0,2,0,1,2,-27.60171566,-48.62810612,SPRF-SC,DEL01-SC,UOP01-DEL01-SC,2023
"563303,0",2023-11-24,sexta-feira,17:15:00,SC,101,"203,5",SAO JOSE,Manobra de mudança de faixa,Colisão lateral mesmo sentido,Com Vítimas Feridas,Pleno dia,Decrescente,Céu Claro,Dupla,Reta;Aclive,Não,2,0,1,1,0,0,2,2,-27.57171836,-48.61376166,SPRF-SC,DEL01-SC,UOP01-DEL01-SC,2023
"563308,0",2023-11-24,sexta-feira,17:25:00,SC,470,"55,2",BLUMENAU,Ausência de reação do condutor,Colisão transversal,Com Vítimas Feridas,Pleno dia,Crescente,Céu Claro,Simples,Reta,Não,2,0,1,0,1,0,1,2,-26.87645018,-49.12119269,SPRF-SC,DEL04-SC,UOP01-DEL04-SC,2023
"563313,0",2023-11-24,sexta-feira,18:09:00,SC,282,"16,0",PALHOCA,Conversão proibida,Colisão transversal,Com Vítimas Feridas,Pleno dia,Crescente,Céu Claro,Simples,Reta,Não,2,0,1,0,1,0,1,2,-27.658611,-48.681847,SPRF-SC,DEL01-SC,UOP02-DEL01-SC,2023
"563318,0",2023-11-24,sexta-feira,17:50:00,SC,101,"204,4",SAO JOSE,Manobra de mudança de faixa,Colisão lateral mesmo sentido,Com Vítimas Feridas,Anoitecer,Crescente,Nublado,Dupla,Reta,Sim,2,0,1,0,1,0,1,2,-27.57413014,-48.61363083,SPRF-SC,DEL01-SC,UOP01-DEL01-SC,2023
"563321,0",2023-11-24,sexta-feira,17:28:00,SC,163,"74,3",SAO MIGUEL DO OESTE,Acessar a via sem observar a presença dos outros veículos,Colisão transversal,Com Vítimas Feridas,Pleno dia,Decrescente,Céu Claro,Simples,Reta,Sim,3,0,2,0,1,0,2,2,-26.69884073,-53.51439893,SPRF-SC,DEL07-SC,UOP03-DEL07-SC,2023
"563332,0",2023-11-24,sexta-feira,19:00:00,SC,101,"134,0",BALNEARIO CAMBORIU,Condutor deixou de manter distância do veículo da frente,Colisão lateral mesmo sentido,Com Vítimas Feridas,Plena Noite,Crescente,Nublado,Simples,Interseção de Vias,Sim,3,0,2,0,1,0,2,2,-27.02397426,-48.60761649,SPRF-SC,DEL04-SC,UOP03-DEL04-SC,2023
"563357,0",2023-11-24,sexta-feira,20:30:00,SC,101,"205,0",SAO JOSE,Reação tardia ou ineficiente do condutor,Colisão traseira,Sem Vítimas,Plena Noite,Crescente,Céu Claro,Dupla,Reta,Sim,2,0,0,0,2,0,0,2,-27.58420761,-48.6155802,SPRF-SC,DEL01-SC,UOP01-DEL01-SC,2023
"563358,0",2023-11-24,sexta-feira,18:20:00,SC,101,"441,6",SANTA ROSA DO SUL,Reação tardia ou ineficiente do condutor,Colisão lateral mesmo sentido,Com Vítimas Feridas,Anoitecer,Crescente,Nublado,Múltipla,Reta;Declive;Viaduto,Não,3,0,2,0,1,0,2,3,-29.12997119,-49.68704224,SPRF-SC,DEL02-SC,UOP02-DEL02-SC,2023
"563360,0",2023-11-24,sexta-feira,19:45:00,SC,163,"68,6",SAO MIGUEL DO OESTE,Desrespeitar a preferência no cruzamento,Colisão transversal,Com Vítimas Feridas,Plena Noite,Decrescente,Céu Claro,Dupla,Aclive;Reta,Não,2,0,2,0,0,0,2,2,-26.75038301,-53.50086841,SPRF-SC,DEL07-SC,UOP03-DEL07-SC,2023
"563379,0",2023-11-24,sexta-feira,22:55:00,SC,470,"47,7",BLUMENAU,Ingestão de álcool pelo condutor,Colisão traseira,Com Vítimas Feridas,Plena Noite,Crescente,Nublado,Simples,Reta,Não,2,0,1,0,1,0,1,2,-26.86141045,-49.0519725,SPRF-SC,DEL04-SC,UOP01-DEL04-SC,2023
"563381,0",2023-11-24,sexta-feira,23:20:00,SC,101,"39,1",JOINVILLE,Trafegar com motocicleta (ou similar) entre as faixas,Colisão lateral mesmo sentido,Com Vítimas Feridas,Plena Noite,Crescente,Nublado,Dupla,Declive;Curva,Não,3,0,1,0,1,1,1,3,-26.302272,-48.882976,SPRF-SC,DEL03-SC,UOP01-DEL03-SC,2023
"563390,0",2023-11-24,sexta-feira,23:00:00,SC,282,"643,2",SAO MIGUEL DO OESTE,Ingestão de álcool pelo condutor,Colisão lateral sentido oposto,Com Vítimas Feridas,Plena Noite,Crescente,Céu Claro,Simples,Reta;Declive,Não,2,0,1,0,0,1,1,2,-26.76971361,-53.47290516,SPRF-SC,DEL07-SC,UOP03-DEL07-SC,2023
"563399,0",2023-11-25,sábado,00:01:00,SC,116,"271,0",CAPAO ALTO,Demais falhas mecânicas ou elétricas,Incêndio,Sem Vítimas,Plena Noite,Crescente,Céu Claro,Simples,Reta,Não,1,0,0,0,0,1,0,1,-27.97707988,-50.50914813,SPRF-SC,DEL05-SC,UOP02-DEL05-SC,2023
"563401,0",2023-11-25,sábado,00:30:00,SC,101,"183,8",BIGUACU,Velocidade Incompatível,Colisão traseira,Com Vítimas Fatais,Plena Noite,Crescente,Nublado,Dupla,Reta,Não,6,1,2,0,3,0,2,3,-27.41244865,-48.627411,SPRF-SC,DEL01-SC,UOP01-DEL01-SC,2023
"563402,0",2023-11-25,sábado,02:19:00,SC,101,"316,0",PESCARIA BRAVA,Pedestre cruzava a pista fora da faixa,Atropelamento de Pedestre,Com Vítimas Fatais,Plena Noite,Decrescente,Céu Claro,Dupla,Reta;Aclive,Não,2,1,0,0,0,1,0,2,-28.4256736,-48.8581821,SPRF-SC,DEL02-SC,UOP01-DEL02-SC,2023
"563403,0",2023-11-12,domingo,16:30:00,SC,101,"63,0",ARAQUARI,Condutor deixou de manter distância do veículo da frente,Engavetamento,Com Vítimas Feridas,Pleno dia,Decrescente,Sol,Múltipla,Viaduto,Não,4,0,1,0,3,0,1,3,-26.45898367,-48.7584088,SPRF-SC,DEL03-SC,UOP02-DEL03-SC,2023
"563419,0",2023-11-25,sábado,05:00:00,SC,101,"203,9",SAO JOSE,Ingestão de álcool pelo condutor,Colisão com objeto,Com Vítimas Feridas,Amanhecer,Decrescente,Céu Claro,Múltipla,Interseção de Vias;Viaduto,Sim,1,0,1,0,0,0,1,1,-27.5650044,-48.61460082,SPRF-SC,DEL01-SC,UOP01-DEL01-SC,2023
"563446,0",2023-11-25,sábado,06:15:00,SC,282,"522,2",XAXIM,Manobra de mudança de faixa,Colisão lateral mesmo sentido,Com Vítimas Feridas,Pleno dia,Crescente,Céu Claro,Simples,Reta,Sim,4,0,0,2,2,0,2,2,-26.956238,-52.542637,SPRF-SC,DEL07-SC,UOP01-DEL07-SC,2023
"563447,0",2023-11-25,sábado,05:35:00,SC,280,"122,0",SAO BENTO DO SUL,Condutor Dormindo,Colisão com objeto,Com Vítimas Feridas,Amanhecer,Crescente,Céu Claro,Simples,Rotatória;Interseção de Vias,Sim,2,0,1,0,1,0,1,1,-26.24578645,-49.46013808,SPRF-SC,DEL06-SC,UOP03-DEL06-SC,2023
"563473,0",2023-11-25,sábado,08:00:00,SC,280,"48,1",GUARAMIRIM,Desvio temporário,Queda de ocupante de veículo,Com Vítimas Feridas,Pleno dia,Crescente,Céu Claro,Simples,Curva;Desvio Temporário;Em Obras,Não,1,0,1,0,0,0,1,1,-26.45506795,-48.92766502,SPRF-SC,DEL03-SC,UOP03-DEL03-SC,2023
"563475,0",2023-11-21,terça-feira,08:45:00,SC,163,"70,0",SAO MIGUEL DO OESTE,Ausência de reação do condutor,Colisão com objeto,Com Vítimas Feridas,Pleno dia,Decrescente,Céu Claro,Simples,Reta,Não,1,0,1,0,0,0,1,1,-26.73461723,-53.50680015,SPRF-SC,DEL07-SC,UOP03-DEL07-SC,2023
"563477,0",2023-11-25,sábado,08:50:00,SC,101,"133,9",BALNEARIO CAMBORIU,Ausência de reação do condutor,Colisão transversal,Com Vítimas Feridas,Pleno dia,Crescente,Céu Claro,Múltipla,Reta,Sim,2,0,1,0,1,0,1,2,-26.99936,-48.64609,SPRF-SC,DEL04-SC,UOP03-DEL04-SC,2023
"563482,0",2023-11-25,sábado,08:40:00,SC,101,"210,0",SAO JOSE,Trafegar com motocicleta (ou similar) entre as faixas,Colisão lateral mesmo sentido,Com Vítimas Feridas,Pleno dia,Decrescente,Céu Claro,Múltipla,Reta,Não,2,0,1,0,1,0,1,2,-27.6167305,-48.6457265,SPRF-SC,DEL01-SC,UOP01-DEL01-SC,2023
"563492,0",2023-10-23,segunda-feira,17:00:00,SC,470,"63,9",INDAIAL,Acessar a via sem observar a presença dos outros veículos,Colisão transversal,Com Vítimas Feridas,Pleno dia,Crescente,Céu Claro,Simples,Reta,Não,3,0,1,1,1,0,2,3,-26.872396,-49.19228,SPRF-SC,DEL04-SC,UOP01-DEL04-SC,2023
"563500,0",2023-11-25,sábado,11:40:00,SC,101,"109,3",PENHA,Manobra de mudança de faixa,Colisão lateral mesmo sentido,Com Vítimas Feridas,Pleno dia,Crescente,Sol,Dupla,Reta,Não,2,0,1,0,1,0,1,2,-26.81930608,-48.68390282,SPRF-SC,DEL03-SC,UOP02-DEL03-SC,2023
"563510,0",2023-11-25,sábado,12:55:00,SC,470,"85,1",RODEIO,Ingestão de álcool pelo condutor,Colisão transversal,Com Vítimas Feridas,Pleno dia,Decrescente,Nublado,Simples,Reta,Não,2,0,1,1,0,0,2,2,-26.95509391,-49.35136026,SPRF-SC,DEL04-SC,UOP01-DEL04-SC,2023
"563518,0",2023-11-25,sábado,13:20:00,SC,101,"130,8",BALNEARIO CAMBORIU,Objeto estático sobre o leito carroçável,Colisão com objeto,Com Vítimas Feridas,Pleno dia,Crescente,Céu Claro,Dupla,Reta,Não,1,0,1,0,0,0,1,1,-26.98407618,-48.66977107,SPRF-SC,DEL04-SC,UOP03-DEL04-SC,2023
"563521,0",2023-11-25,sábado,14:30:00,SC,101,"139,8",BALNEARIO CAMBORIU,Trafegar com motocicleta (ou similar) entre as faixas,Colisão traseira,Com Vítimas Feridas,Pleno dia,Crescente,Céu Claro,Simples,Reta;Aclive,Não,2,0,0,1,1,0,1,2,-27.02982303,-48.60115006,SPRF-SC,DEL04-SC,UOP03-DEL04-SC,2023
"563527,0",2023-11-25,sábado,12:35:00,SC,470,"273,0",BRUNOPOLIS,Ausência de reação do condutor,Capotamento,Com Vítimas Feridas,Pleno dia,Crescente,Céu Claro,Simples,Reta,Não,3,0,3,0,0,0,3,1,-27.32579,-50.793224,SPRF-SC,DEL07-SC,UOP06-DEL07-SC,2023
"563528,0",2023-11-25,sábado,15:00:00,SC,282,"0,5",FLORIANOPOLIS,Ausência de reação do condutor,Colisão lateral mesmo sentido,Com Vítimas Feridas,Pleno dia,Crescente,Céu Claro,Múltipla,Reta,Sim,4,0,1,0,2,1,1,4,-27.59845,-48.571995,SPRF-SC,DEL01-SC,UOP01-DEL01-SC,2023
"563539,0",2023-11-25,sábado,16:10:00,SC,101,"92,0",BALNEARIO PICARRAS,Reação tardia ou ineficiente do condutor,Colisão transversal,Com Vítimas Feridas,Pleno dia,Decrescente,Nublado,Dupla,Reta,Sim,2,0,1,0,1,0,1,2,-26.6806041,-48.6931497,SPRF-SC,DEL03-SC,UOP02-DEL03-SC,2023
"563542,0",2023-11-25,sábado,16:10:00,SC,101,"155,0",PORTO BELO,Ausência de reação do condutor,Saída de leito carroçável,Com Vítimas Feridas,Pleno dia,Crescente,Céu Claro,Simples,Curva;Viaduto;Declive,Não,1,0,0,1,0,0,1,1,-27.16292,-48.61129,SPRF-SC,DEL04-SC,UOP03-DEL04-SC,2023
"563564,0",2023-11-25,sábado,18:00:00,SC,101,"102,8",BALNEARIO PICARRAS,Velocidade Incompatível,Queda de ocupante de veículo,Com Vítimas Feridas,Pleno dia,Crescente,Céu Claro,Dupla,Interseção de Vias,Não,1,0,0,1,0,0,1,1,-26.77383397,-48.68594062,SPRF-SC,DEL03-SC,UOP02-DEL03-SC,2023
"563572,0",2023-11-25,sábado,18:20:00,SC,282,"0,1",FLORIANOPOLIS,Trafegar com motocicleta (ou similar) entre as faixas,Colisão traseira,Com Vítimas Feridas,Pleno dia,Decrescente,Céu Claro,Múltipla,Reta,Não,2,0,1,0,1,0,1,2,-27.59845,-48.571995,SPRF-SC,DEL01-SC,UOP01-DEL01-SC,2023
"563581,0",2023-11-25,sábado,19:00:00,SC,101,"140,9",BALNEARIO CAMBORIU,Avarias e/ou desgaste excessivo no pneu,Tombamento,Com Vítimas Feridas,Plena Noite,Decrescente,Céu Claro,Simples,Reta,Não,1,0,1,0,0,0,1,1,-27.03881189,-48.60025148,SPRF-SC,DEL04-SC,UOP03-DEL04-SC,2023
"563602,0",2023-11-25,sábado,18:55:00,SC,101,"453,9",SAO JOAO DO SUL,Demais falhas mecânicas ou elétricas,Tombamento,Com Vítimas Feridas,Plena Noite,Crescente,Céu Claro,Dupla,Reta;Aclive,Não,2,0,2,0,0,0,2,1,-29.19759996,-49.75264078,SPRF-SC,DEL02-SC,UOP02-DEL02-SC,2023
"563604,0",2023-11-25,sábado,21:30:00,SC,470,"55,7",BLUMENAU,Retorno proibido,Colisão traseira,Com Vítimas Feridas,Plena Noite,Crescente,Garoa/Chuvisco,Simples,Reta;Em Obras,Sim,2,0,1,0,1,0,1,2,-26.875601,-49.117992,SPRF-SC,DEL04-SC,UOP01-DEL04-SC,2023
"563619,0",2023-11-25,sábado,21:30:00,SC,116,"210,7",PONTE ALTA,Ingestão de álcool pelo condutor,Saída de leito carroçável,Com Vítimas Feridas,Plena Noite,Decrescente,Céu Claro,Simples,Aclive;Reta,Não,4,0,1,0,3,0,1,1,-27.50285695,-50.36575969,SPRF-SC,DEL05-SC,UOP03-DEL05-SC,2023
"563622,0",2023-11-25,sábado,22:20:00,SC,470,"175,0",POUSO REDONDO,Pedestre cruzava a pista fora da faixa,Atropelamento de Pedestre,Com Vítimas Feridas,Plena Noite,Crescente,Céu Claro,Simples,Reta,Sim,2,0,1,0,0,1,1,2,-27.25617,-49.938969,SPRF-SC,DEL04-SC,UOP02-DEL04-SC,2023
"563623,0",2023-11-25,sábado,20:00:00,SC,470,"104,3",APIUNA,Ingestão de álcool pelo condutor,Capotamento,Com Vítimas Feridas,Plena Noite,Decrescente,Céu Claro,Simples,Declive;Curva,Não,1,0,1,0,0,0,1,1,-27.06135,-49.410408,SPRF-SC,DEL04-SC,UOP02-DEL04-SC,2023
"563645,0",2023-11-26,domingo,01:20:00,SC,101,"215,0",PALHOCA,Ingestão de álcool e/ou substâncias psicoativas pelo pedestre,Colisão traseira,Sem Vítimas,Plena Noite,Decrescente,Céu Claro,Múltipla,Reta,Sim,2,0,0,0,2,0,0,2,-27.65206681,-48.67601037,SPRF-SC,DEL01-SC,UOP02-DEL01-SC,2023
"563669,0",2023-11-25,sábado,19:15:00,SC,480,"128,7",CHAPECO,Ausência de reação do condutor,Colisão com objeto,Com Vítimas Feridas,Plena Noite,Crescente,Céu Claro,Dupla,Interseção de Vias;Curva,Sim,1,0,0,1,0,0,1,1,-27.03781899,-52.63432603,SPRF-SC,DEL07-SC,UOP01-DEL07-SC,2023
"563714,0",2023-11-26,domingo,12:00:00,SC,101,"13,0",GARUVA,Reação tardia ou ineficiente do condutor,Saída de leito carroçável,Com Vítimas Feridas,Pleno dia,Decrescente,Nublado,Múltipla,Reta,Sim,5,0,5,0,0,0,5,1,-26.08986803,-48.86345096,SPRF-SC,DEL03-SC,UOP01-DEL03-SC,2023
"563720,0",2023-11-26,domingo,13:40:00,SC,101,"199,7",SAO JOSE,Mal súbito do condutor,Queda de ocupante de veículo,Com Vítimas Feridas,Pleno dia,Crescente,Céu Claro,Múltipla,Reta,Sim,2,0,2,0,0,0,2,1,-27.53413705,-48.63003205,SPRF-SC,DEL01-SC,UOP01-DEL01-SC,2023
"563745,0",2023-11-26,domingo,16:10:00,SC,101,"114,0",ITAJAI,Reação tardia ou ineficiente do condutor,Tombamento,Com Vítimas Feridas,Pleno dia,Crescente,Nublado,Múltipla,Reta,Sim,1,0,1,0,0,0,1,1,-26.86192886,-48.7286704,SPRF-SC,DEL04-SC,UOP04-DEL04-SC,2023
"563761,0",2023-11-26,domingo,17:00:00,SC,282,"3,2",FLORIANOPOLIS,Reação tardia ou ineficiente do condutor,Colisão com objeto,Com Vítimas Feridas,Pleno dia,Crescente,Nublado,Dupla,Declive;Curva,Sim,2,0,0,2,0,0,2,1,-27.600384,-48.599705,SPRF-SC,DEL01-SC,UOP01-DEL01-SC,2023
"563773,0",2023-11-26,domingo,18:25:00,SC,101,"226,0",PALHOCA,Manobra de mudança de faixa,Colisão transversal,Com Vítimas Feridas,Anoitecer,Decrescente,Nublado,Dupla,Reta,Sim,2,0,1,0,1,0,1,2,-27.74200001,-48.63806504,SPRF-SC,DEL01-SC,UOP02-DEL01-SC,2023
"563779,0",2023-11-26,domingo,17:44:00,SC,116,"170,4",PONTE ALTA DO NORTE,Reação tardia ou ineficiente do condutor,Queda de ocupante de veículo,Com Vítimas Feridas,Pleno dia,Decrescente,Céu Claro,Simples,Aclive;Curva,Não,2,0,2,0,0,0,2,1,-27.194962,-50.463425,SPRF-SC,DEL05-SC,UOP03-DEL05-SC,2023
"563809,0",2023-11-26,domingo,19:00:00,SC,101,"57,9",ARAQUARI,Frear bruscamente,Colisão com objeto,Sem Vítimas,Plena Noite,Decrescente,Céu Claro,Dupla,Reta,Não,1,0,0,0,1,0,0,1,-26.43646093,-48.81113029,SPRF-SC,DEL03-SC,UOP01-DEL03-SC,2023
"563838,0",2023-11-26,domingo,22:40:00,SC,101,"129,0",BALNEARIO CAMBORIU,Transitar na contramão,Colisão frontal,Com Vítimas Feridas,Plena Noite,Crescente,Nublado,Simples,Curva,Não,2,0,0,1,1,0,1,2,-26.98064277,-48.6790679,SPRF-SC,DEL04-SC,UOP03-DEL04-SC,2023
"563841,0",2023-11-26,domingo,08:40:00,SC,282,"90,0",ALFREDO WAGNER,Condutor deixou de manter distância do veículo da frente,Colisão traseira,Com Vítimas Feridas,Pleno dia,Crescente,Céu Claro,Simples,Reta,Não,2,0,0,2,0,0,2,2,-27.683796,-49.222366,SPRF-SC,DEL01-SC,UOP03-DEL01-SC,2023
"563848,0",2023-11-26,domingo,17:30:00,SC,282,"333,0",CAMPOS NOVOS,Pista esburacada,Queda de ocupante de veículo,Com Vítimas Feridas,Pleno dia,Crescente,Sol,Simples,Reta,Não,2,0,0,1,0,1,1,2,-27.392469,-51.135845,SPRF-SC,DEL07-SC,UOP06-DEL07-SC,2023
"563860,0",2023-11-27,segunda-feira,02:25:00,SC,101,"99,5",BALNEARIO PICARRAS,Acumulo de areia ou detritos sobre o pavimento,Colisão com objeto,Com Vítimas Feridas,Plena Noite,Crescente,Garoa/Chuvisco,Dupla,Reta,Não,1,0,1,0,0,0,1,1,-26.7471002,-48.69654831,SPRF-SC,DEL03-SC,UOP02-DEL03-SC,2023
"563883,0",2023-11-27,segunda-feira,07:25:00,SC,470,"57,3",BLUMENAU,Conversão proibida,Colisão traseira,Com Vítimas Feridas,Pleno dia,Decrescente,Céu Claro,Simples,Desvio Temporário;Em Obras,Sim,3,0,1,1,1,0,2,2,-26.8818948,-49.13861632,SPRF-SC,DEL04-SC,UOP01-DEL04-SC,2023
"563893,0",2023-11-27,segunda-feira,07:25:00,SC,280,"16,0",SAO FRANCISCO DO SUL,Transitar na contramão,Colisão lateral sentido oposto,Com Vítimas Feridas,Pleno dia,Crescente,Céu Claro,Simples,Reta,Não,5,0,1,0,4,0,1,2,-26.34729908,-48.65797872,SPRF-SC,DEL03-SC,UOP03-DEL03-SC,2023
"563906,0",2023-11-27,segunda-feira,09:30:00,SC,101,"202,3",SAO JOSE,Manobra de mudança de faixa,Colisão traseira,Com Vítimas Feridas,Pleno dia,Crescente,Garoa/Chuvisco,Dupla,Reta,Não,2,0,1,0,1,0,1,2,-27.55662999,-48.619169,SPRF-SC,DEL01-SC,UOP01-DEL01-SC,2023
"563926,0",2023-11-27,segunda-feira,11:40:00,SC,101,"203,5",SAO JOSE,Reação tardia ou ineficiente do condutor,Colisão com objeto,Com Vítimas Feridas,Pleno dia,Crescente,Garoa/Chuvisco,Simples,Reta,Sim,1,0,0,1,0,0,1,1,-27.5650044,-48.61460082,SPRF-SC,DEL01-SC,UOP01-DEL01-SC,2023
"563942,0",2023-11-27,segunda-feira,09:00:00,SC,101,"118,2",ITAJAI,Avarias e/ou desgaste excessivo no pneu,Tombamento,Com Vítimas Feridas,Pleno dia,Decrescente,Garoa/Chuvisco,Dupla,Reta,Sim,1,0,1,0,0,0,1,1,-26.895859,-48.71903,SPRF-SC,DEL04-SC,UOP04-DEL04-SC,2023
"563947,0",2023-11-24,sexta-feira,06:30:00,SC,101,"443,9",SANTA ROSA DO SUL,Acumulo de areia ou detritos sobre o pavimento,Tombamento,Com Vítimas Feridas,Amanhecer,Decrescente,Nublado,Múltipla,Reta;Interseção de Vias;Viaduto,Sim,1,0,1,0,0,0,1,1,-29.13223626,-49.69660393,SPRF-SC,DEL02-SC,UOP02-DEL02-SC,2023
"563951,0",2023-11-27,segunda-feira,07:40:00,SC,282,"386,8",JOACABA,Velocidade Incompatível,Saída de leito carroçável,Com Vítimas Feridas,Pleno dia,Crescente,Céu Claro,Simples,Reta;Aclive,Não,1,0,1,0,0,0,1,1,-27.18566,-51.518942,SPRF-SC,DEL07-SC,UOP05-DEL07-SC,2023