id,data_inversa,dia_semana,horario,uf,br,km,municipio,causa_acidente,tipo_acidente,classificacao_acidente,fase_dia,sentido_via,condicao_metereologica,tipo_pista,tracado_via,uso_solo,pessoas,mortos,feridos_leves,feridos_graves,ilesos,ignorados,feridos,veiculos,latitude,longitude,regional,delegacia,uop,ano_arquivo
"564935,0",2023-12-02,sábado,12:00:00,SC,101,"213,0",PALHOCA,Condutor deixou de manter distância do veículo da frente,Engavetamento,Com Vítimas Feridas,Pleno dia,Crescente,Céu Claro,Múltipla,Reta,Não,3,0,1,0,1,1,1,3,-27.63697369,-48.66514142,SPRF-SC,DEL01-SC,UOP02-DEL01-SC,2023
"564936,0",2023-12-02,sábado,12:45:00,SC,101,"113,7",ITAJAI,Reação tardia ou ineficiente do condutor,Colisão lateral mesmo sentido,Com Vítimas Feridas,Pleno dia,Decrescente,Sol,Múltipla,Reta,Não,2,0,1,0,1,0,1,2,-26.85311393,-48.72689927,SPRF-SC,DEL04-SC,UOP04-DEL04-SC,2023
"564956,0",2023-12-02,sábado,14:00:00,SC,101,"207,0",SAO JOSE,Condutor deixou de manter distância do veículo da frente,Engavetamento,Com Vítimas Feridas,Pleno dia,Decrescente,Céu Claro,Múltipla,Reta;Declive,Sim,6,0,1,0,5,0,1,6,-27.60001226,-48.6226467,SPRF-SC,DEL01-SC,UOP01-DEL01-SC,2023
"564965,0",2023-12-02,sábado,14:20:00,SC,101,"119,7",ITAJAI,Demais falhas mecânicas ou elétricas,Queda de ocupante de veículo,Com Vítimas Feridas,Pleno dia,Decrescente,Céu Claro,Dupla,Reta,Sim,2,0,1,1,0,0,2,1,-26.9043179,-48.71555481,SPRF-SC,DEL04-SC,UOP04-DEL04-SC,2023
"564976,0",2023-12-02,sábado,16:45:00,SC,101,"134,0",BALNEARIO CAMBORIU,Ultrapassagem Indevida,Colisão lateral mesmo sentido,Com Vítimas Feridas,Pleno dia,Crescente,Céu Claro,Dupla,Reta,Sim,2,0,1,0,1,0,1,2,-27.00218,-48.636433,SPRF-SC,DEL04-SC,UOP03-DEL04-SC,2023
"564990,0",2023-12-02,sábado,16:45:00,SC,101,"192,0",BIGUACU,Acessar a via sem observar a presença dos outros veículos,Colisão transversal,Com Vítimas Feridas,Pleno dia,Crescente,Céu Claro,Dupla,Reta,Sim,2,0,1,0,1,0,1,2,-27.48443781,-48.64765238,SPRF-SC,DEL01-SC,UOP01-DEL01-SC,2023
"564995,0",2023-12-02,sábado,16:35:00,SC,280,"53,9",GUARAMIRIM,Pedestre cruzava a pista fora da faixa,Atropelamento de Pedestre,Com Vítimas Feridas,Pleno dia,Crescente,Céu Claro,Dupla,Reta,Sim,2,0,1,0,1,0,1,2,-26.47236756,-48.97426617,SPRF-SC,DEL03-SC,UOP03-DEL03-SC,2023
"565000,0",2023-12-02,sábado,17:45:00,SC,101,"135,5",BALNEARIO CAMBORIU,Ausência de reação do condutor,Colisão com objeto,Com Vítimas Feridas,Pleno dia,Crescente,Céu Claro,Dupla,Reta;Ponte,Sim,1,0,0,1,0,0,1,1,-27.00658322,-48.62144351,SPRF-SC,DEL04-SC,UOP03-DEL04-SC,2023
"565004,0",2023-12-02,sábado,16:35:00,SC,153,"105,0",CONCORDIA,Ausência de reação do condutor,Capotamento,Com Vítimas Feridas,Pleno dia,Decrescente,Céu Claro,Simples,Curva,Não,3,0,0,3,0,0,3,1,-27.2819,-51.969429,SPRF-SC,DEL07-SC,UOP04-DEL07-SC,2023
"565008,0",2023-12-02,sábado,16:00:00,SC,280,"238,0",CANOINHAS,Avarias e/ou desgaste excessivo no pneu,Queda de ocupante de veículo,Com Vítimas Feridas,Pleno dia,Crescente,Céu Claro,Simples,Reta;Aclive,Não,1,0,0,1,0,0,1,1,-26.20421445,-50.43685913,SPRF-SC,DEL06-SC,UOP04-DEL06-SC,2023
"565030,0",2023-12-02,sábado,17:00:00,SC,101,"331,0",TUBARAO,Demais falhas mecânicas ou elétricas,Queda de ocupante de veículo,Com Vítimas Feridas,Pleno dia,Crescente,Nublado,Dupla,Reta,Não,2,0,2,0,0,0,2,1,-28.45567521,-48.9812689,SPRF-SC,DEL02-SC,UOP01-DEL02-SC,2023
"565045,0",2023-12-02,sábado,18:30:00,SC,282,"338,0",CAMPOS NOVOS,Manobra de mudança de faixa,Colisão frontal,Com Vítimas Feridas,Pleno dia,Decrescente,Sol,Simples,Curva,Não,3,0,1,2,0,0,3,2,-27.39238323,-51.17641926,SPRF-SC,DEL07-SC,UOP06-DEL07-SC,2023
"565051,0",2023-12-02,sábado,20:20:00,SC,101,"24,4",JOINVILLE,Pedestre cruzava a pista fora da faixa,Atropelamento de Pedestre,Com Vítimas Fatais,Plena Noite,Decrescente,Céu Claro,Múltipla,Reta,Não,3,1,0,0,2,0,0,2,-26.17929921,-48.90884757,SPRF-SC,DEL03-SC,UOP01-DEL03-SC,2023
"565053,0",2023-12-02,sábado,21:00:00,SC,101,"212,2",PALHOCA,Condutor deixou de manter distância do veículo da frente,Colisão traseira,Com Vítimas Feridas,Plena Noite,Crescente,Céu Claro,Múltipla,Reta,Não,3,0,0,1,2,0,1,3,-27.62996929,-48.65903871,SPRF-SC,DEL01-SC,UOP02-DEL01-SC,2023
"565071,0",2023-12-02,sábado,20:10:00,SC,282,"409,0",CATANDUVAS,Desrespeitar a preferência no cruzamento,Colisão transversal,Com Vítimas Feridas,Pleno dia,Crescente,Céu Claro,Simples,Rotatória,Sim,4,0,3,0,0,1,3,2,-27.065756,-51.664165,SPRF-SC,DEL07-SC,UOP05-DEL07-SC,2023
"565072,0",2023-12-02,sábado,22:40:00,SC,101,"24,2",JOINVILLE,Ingestão de álcool pelo condutor,Saída de leito carroçável,Sem Vítimas,Plena Noite,Crescente,Nublado,Simples,Interseção de Vias,Sim,1,0,0,0,1,0,0,1,-26.17483309,-48.90767978,SPRF-SC,DEL03-SC,UOP01-DEL03-SC,2023
"565091,0",2023-12-03,domingo,00:05:00,SC,101,"349,0",JAGUARUNA,Ingestão de álcool pelo condutor,Saída de leito carroçável,Sem Vítimas,Plena Noite,Decrescente,Ignorado,Dupla,Reta;Aclive,Não,3,0,0,0,3,0,0,1,-28.596695,-49.048391,SPRF-SC,DEL02-SC,UOP01-DEL02-SC,2023
"565094,0",2023-12-02,sábado,23:50:00,SC,282,"364,8",ERVAL VELHO,Reação tardia ou ineficiente do condutor,Colisão com objeto,Sem Vítimas,Plena Noite,Decrescente,Céu Claro,Simples,Reta,Não,1,0,0,0,0,1,0,1,-27.297649,-51.398533,SPRF-SC,DEL07-SC,UOP05-DEL07-SC,2023
"565098,0",2023-12-03,domingo,02:00:00,SC,101,"22,4",JOINVILLE,Velocidade Incompatível,Saída de leito carroçável,Com Vítimas Feridas,Plena Noite,Decrescente,Nublado,Dupla,Reta,Não,2,0,1,1,0,0,2,1,-26.15679993,-48.90786269,SPRF-SC,DEL03-SC,UOP01-DEL03-SC,2023
"565110,0",2023-12-03,domingo,04:30:00,SC,101,"217,0",PALHOCA,Demais falhas mecânicas ou elétricas,Saída de leito carroçável,Sem Vítimas,Plena Noite,Crescente,Céu Claro,Dupla,Reta,Sim,1,0,0,0,1,0,0,1,-27.65981409,-48.67747798,SPRF-SC,DEL01-SC,UOP02-DEL01-SC,2023
"565147,0",2023-11-15,quarta-feira,04:45:00,SC,101,"277,5",IMBITUBA,Ingestão de álcool pelo condutor,Capotamento,Com Vítimas Feridas,Amanhecer,Decrescente,Nublado,Múltipla,Reta,Não,2,0,2,0,0,0,2,1,-28.15478103,-48.69265474,SPRF-SC,DEL02-SC,UOP03-DEL02-SC,2023
"565155,0",2023-12-03,domingo,09:55:00,SC,101,"132,2",BALNEARIO CAMBORIU,Conversão proibida,Colisão transversal,Com Vítimas Feridas,Pleno dia,Crescente,Nublado,Múltipla,Interseção de Vias,Não,2,0,1,0,1,0,1,2,-26.99862994,-48.64932775,SPRF-SC,DEL04-SC,UOP03-DEL04-SC,2023
"565168,0",2023-12-03,domingo,11:10:00,SC,101,"327,1",CAPIVARI DE BAIXO,Desrespeitar a preferência no cruzamento,Colisão transversal,Com Vítimas Feridas,Pleno dia,Decrescente,Céu Claro,Simples,Interseção de Vias,Não,3,0,1,0,2,0,1,2,-28.43023306,-48.95205197,SPRF-SC,DEL02-SC,UOP01-DEL02-SC,2023
"565171,0",2023-12-03,domingo,11:40:00,SC,470,"173,0",POUSO REDONDO,Conversão proibida,Colisão transversal,Com Vítimas Feridas,Pleno dia,Decrescente,Céu Claro,Dupla,Reta,Sim,2,0,1,0,1,0,1,2,-27.25984,-49.919285,SPRF-SC,DEL04-SC,UOP02-DEL04-SC,2023
"565209,0",2023-12-03,domingo,14:50:00,SC,101,"195,0",BIGUACU,Manobra de mudança de faixa,Colisão lateral mesmo sentido,Com Vítimas Feridas,Pleno dia,Decrescente,Céu Claro,Múltipla,Reta,Sim,3,0,3,0,0,0,3,2,-27.5047092,-48.65010819,SPRF-SC,DEL01-SC,UOP01-DEL01-SC,2023
"565217,0",2023-12-03,domingo,15:40:00,SC,101,"142,0",ITAPEMA,Velocidade Incompatível,Colisão traseira,Com Vítimas Feridas,Pleno dia,Decrescente,Nublado,Dupla,Curva;Interseção de Vias,Não,5,0,2,0,3,0,2,4,-27.056089,-48.599449,SPRF-SC,DEL04-SC,UOP03-DEL04-SC,2023
"565228,0",2023-12-03,domingo,16:20:00,SC,101,"88,0",BARRA VELHA,Transitar na contramão,Colisão transversal,Sem Vítimas,Pleno dia,Decrescente,Céu Claro,Dupla,Viaduto,Sim,2,0,0,0,1,1,0,2,-26.64253985,-48.68950684,SPRF-SC,DEL03-SC,UOP02-DEL03-SC,2023
"565233,0",2023-12-03,domingo,17:25:00,SC,101,"72,1",ARAQUARI,Ausência de reação do condutor,Colisão traseira,Com Vítimas Feridas,Pleno dia,Decrescente,Nublado,Múltipla,Reta,Sim,4,0,1,0,0,3,1,4,-26.52700004,-48.71551117,SPRF-SC,DEL03-SC,UOP02-DEL03-SC,2023
"565238,0",2023-12-03,domingo,17:45:00,SC,101,"201,0",BIGUACU,Entrada inopinada do pedestre,Atropelamento de Pedestre,Com Vítimas Feridas,Anoitecer,Crescente,Garoa/Chuvisco,Múltipla,Reta,Não,2,0,1,0,1,0,1,2,-27.54836599,-48.61977975,SPRF-SC,DEL01-SC,UOP01-DEL01-SC,2023
"565261,0",2023-12-03,domingo,19:40:00,SC,282,"4,8",SAO JOSE,Demais falhas mecânicas ou elétricas,Eventos atípicos,Com Vítimas Feridas,Plena Noite,Decrescente,Nublado,Múltipla,Reta,Sim,2,0,2,0,0,0,2,1,-27.59004899,-48.60954523,SPRF-SC,DEL01-SC,UOP01-DEL01-SC,2023
"565269,0",2023-12-03,domingo,18:30:00,SC,282,"48,9",AGUAS MORNAS,Chuva,Colisão frontal,Com Vítimas Feridas,Pleno dia,Crescente,Garoa/Chuvisco,Simples,Curva,Não,7,0,3,1,3,0,4,2,-27.714352,-48.938072,SPRF-SC,DEL01-SC,UOP03-DEL01-SC,2023
"565272,0",2023-12-03,domingo,14:10:00,SC,101,"314,1",LAGUNA,Condutor desrespeitou a iluminação vermelha do semáforo,Colisão frontal,Com Vítimas Fatais,Pleno dia,Crescente,Céu Claro,Simples,Reta;Ponte;Em Obras,Não,2,1,1,0,0,0,1,2,-28.430059,-48.84128,SPRF-SC,DEL02-SC,UOP01-DEL02-SC,2023
"565274,0",2023-12-03,domingo,20:00:00,SC,101,"12,1",GARUVA,Reação tardia ou ineficiente do condutor,Colisão traseira,Sem Vítimas,Plena Noite,Decrescente,Nublado,Dupla,Reta,Não,7,0,0,0,7,0,0,3,-26.08104399,-48.86175612,SPRF-SC,DEL03-SC,UOP01-DEL03-SC,2023
"565275,0",2023-12-03,domingo,18:40:00,SC,282,"32,0",AGUAS MORNAS,Chuva,Capotamento,Com Vítimas Feridas,Plena Noite,Decrescente,Garoa/Chuvisco,Simples,Curva;Declive,Não,1,0,1,0,0,0,1,1,-27.70116,-48.800175,SPRF-SC,DEL01-SC,UOP03-DEL01-SC,2023
"565311,0",2023-12-04,segunda-feira,02:50:00,SC,101,"326,9",CAPIVARI DE BAIXO,Reação tardia ou ineficiente do condutor,Colisão com objeto,Com Vítimas Feridas,Plena Noite,Decrescente,Céu Claro,Simples,Reta,Não,1,0,1,0,0,0,1,1,-28.42524483,-48.94302707,SPRF-SC,DEL02-SC,UOP01-DEL02-SC,2023
"565320,0",2023-12-04,segunda-feira,04:00:00,SC,282,"44,0",AGUAS MORNAS,Demais falhas mecânicas ou elétricas,Saída de leito carroçável,Com Vítimas Feridas,Plena Noite,Decrescente,Céu Claro,Simples,Curva;Declive,Não,1,0,1,0,0,0,1,1,-27.722137,-48.90694,SPRF-SC,DEL01-SC,UOP03-DEL01-SC,2023
"565331,0",2023-12-03,domingo,20:00:00,SC,280,"296,8",PORTO UNIAO,Velocidade Incompatível,Colisão frontal,Com Vítimas Feridas,Plena Noite,Crescente,Céu Claro,Simples,Reta,Não,6,0,1,5,0,0,6,2,-26.28733189,-50.98370597,SPRF-SC,DEL06-SC,UOP04-DEL06-SC,2023
"565333,0",2023-12-04,segunda-feira,05:18:00,SC,101,"41,0",JOINVILLE,Ausência de reação do condutor,Saída de leito carroçável,Sem Vítimas,Amanhecer,Decrescente,Garoa/Chuvisco,Dupla,Curva,Não,1,0,0,0,1,0,0,1,-26.28215489,-48.88973081,SPRF-SC,DEL03-SC,UOP01-DEL03-SC,2023
"565348,0",2023-12-04,segunda-feira,06:45:00,SC,101,"212,2",PALHOCA,Trafegar com motocicleta (ou similar) entre as faixas,Colisão lateral mesmo sentido,Com Vítimas Feridas,Pleno dia,Decrescente,Nublado,Dupla,Reta,Sim,3,0,1,1,1,0,2,3,-27.62996929,-48.65903871,SPRF-SC,DEL01-SC,UOP02-DEL01-SC,2023
"565352,0",2023-12-04,segunda-feira,07:05:00,SC,101,"216,8",PALHOCA,Trafegar com motocicleta (ou similar) entre as faixas,Colisão transversal,Com Vítimas Feridas,Pleno dia,Decrescente,Nublado,Múltipla,Reta,Sim,2,0,0,1,1,0,1,2,-27.65981409,-48.67747798,SPRF-SC,DEL01-SC,UOP02-DEL01-SC,2023
"565353,0",2023-12-04,segunda-feira,07:20:00,SC,101,"215,0",PALHOCA,Condutor deixou de manter distância do veículo da frente,Colisão lateral mesmo sentido,Com Vítimas Feridas,Pleno dia,Decrescente,Céu Claro,Múltipla,Reta,Não,2,0,1,0,0,1,1,2,-27.65184843,-48.67604941,SPRF-SC,DEL01-SC,UOP02-DEL01-SC,2023
"565360,0",2023-12-04,segunda-feira,08:00:00,SC,282,"1,2",FLORIANOPOLIS,Reação tardia ou ineficiente do condutor,Colisão lateral mesmo sentido,Com Vítimas Feridas,Pleno dia,Decrescente,Nublado,Múltipla,Reta,Sim,2,0,1,0,1,0,1,2,-27.602955,-48.580509,SPRF-SC,DEL01-SC,UOP01-DEL01-SC,2023
"565361,0",2023-12-04,segunda-feira,07:20:00,SC,101,"211,8",PALHOCA,Reação tardia ou ineficiente do condutor,Colisão traseira,Com Vítimas Feridas,Pleno dia,Decrescente,Céu Claro,Dupla,Reta;Declive,Sim,2,0,1,0,1,0,1,2,-27.62329313,-48.65245588,SPRF-SC,DEL01-SC,UOP02-DEL01-SC,2023
"565367,0",2023-11-30,quinta-feira,00:20:00,SC,282,"643,7",SAO MIGUEL DO OESTE,Velocidade Incompatível,Saída de leito carroçável,Sem Vítimas,Plena Noite,Decrescente,Nublado,Simples,Curva,Não,1,0,0,0,0,1,0,1,-26.768974,-53.469772,SPRF-SC,DEL07-SC,UOP03-DEL07-SC,2023
"565383,0",2023-12-04,segunda-feira,07:30:00,SC,470,"50,8",BLUMENAU,Entrada inopinada do pedestre,Atropelamento de Pedestre,Com Vítimas Feridas,Pleno dia,Decrescente,Nublado,Simples,Reta,Sim,2,0,1,0,1,0,1,2,-26.859768,-49.074493,SPRF-SC,DEL04-SC,UOP01-DEL04-SC,2023
"565385,0",2023-12-04,segunda-feira,07:51:00,SC,101,"18,3",JOINVILLE,Avarias e/ou desgaste excessivo no pneu,Queda de ocupante de veículo,Com Vítimas Feridas,Pleno dia,Crescente,Céu Claro,Dupla,Reta,Não,2,0,2,0,0,0,2,1,-26.128553,-48.888776,SPRF-SC,DEL03-SC,UOP01-DEL03-SC,2023
"565390,0",2023-12-04,segunda-feira,09:40:00,SC,101,"110,9",NAVEGANTES,Condutor deixou de manter distância do veículo da frente,Colisão traseira,Com Vítimas Feridas,Pleno dia,Crescente,Nublado,Dupla,Reta,Não,2,0,1,0,1,0,1,2,-26.83477,-48.706151,SPRF-SC,DEL04-SC,UOP04-DEL04-SC,2023
"565408,0",2023-12-04,segunda-feira,09:30:00,SC,101,"332,5",TUBARAO,Acessar a via sem observar a presença dos outros veículos,Colisão transversal,Com Vítimas Feridas,Pleno dia,Decrescente,Chuva,Simples,Reta,Sim,2,0,1,0,1,0,1,2,-28.46016431,-48.98968873,SPRF-SC,DEL02-SC,UOP01-DEL02-SC,2023
"565422,0",2023-12-04,segunda-feira,12:30:00,SC,470,"45,0",GASPAR,Ausência de reação do condutor,Colisão lateral mesmo sentido,Com Vítimas Feridas,Pleno dia,Crescente,Céu Claro,Simples,Reta;Em Obras,Sim,2,0,1,0,1,0,1,2,-26.867064,-49.031109,SPRF-SC,DEL04-SC,UOP01-DEL04-SC,2023
"565442,0",2023-12-04,segunda-feira,14:58:00,SC,101,"209,2",SAO JOSE,Reação tardia ou ineficiente do condutor,Queda de ocupante de veículo,Com Vítimas Feridas,Pleno dia,Decrescente,Nublado,Múltipla,Reta,Sim,1,0,1,0,0,0,1,1,-27.61000542,-48.63895057,SPRF-SC,DEL01-SC,UOP01-DEL01-SC,2023
"565460,0",2023-09-18,segunda-feira,06:00:00,SC,101,"131,0",BALNEARIO CAMBORIU,Animais na Pista,Queda de ocupante de veículo,Com Vítimas Feridas,Amanhecer,Crescente,Nublado,Dupla,Reta,Sim,1,0,0,1,0,0,1,1,-26.99064209,-48.66310912,SPRF-SC,DEL04-SC,UOP03-DEL04-SC,2023
"565463,0",2023-12-04,segunda-feira,16:00:00,SC,101,"213,1",PALHOCA,Reação tardia ou ineficiente do condutor,Colisão lateral mesmo sentido,Com Vítimas Feridas,Pleno dia,Crescente,Nublado,Dupla,Reta,Sim,3,0,0,1,2,0,1,2,-27.63697369,-48.66514142,SPRF-SC,DEL01-SC,UOP02-DEL01-SC,2023
"565473,0",2023-12-04,segunda-feira,17:00:00,SC,101,"201,5",SAO JOSE,Manobra de mudança de faixa,Colisão lateral mesmo sentido,Com Vítimas Feridas,Pleno dia,Decrescente,Nublado,Múltipla,Reta,Sim,3,0,2,0,1,0,2,2,-27.54836599,-48.61977975,SPRF-SC,DEL01-SC,UOP01-DEL01-SC,2023
"565491,0",2023-12-04,segunda-feira,18:05:00,SC,280,"67,9",JARAGUA DO SUL,Conversão proibida,Colisão transversal,Com Vítimas Feridas,Pleno dia,Crescente,Nublado,Simples,Reta,Sim,3,0,2,0,1,0,2,2,-26.47606607,-49.09568797,SPRF-SC,DEL03-SC,UOP03-DEL03-SC,2023
"565493,0",2023-12-04,segunda-feira,18:16:00,SC,101,"217,9",PALHOCA,Manobra de mudança de faixa,Colisão transversal,Com Vítimas Feridas,Anoitecer,Crescente,Nublado,Múltipla,Reta,Sim,2,0,0,1,1,0,1,2,-27.66779034,-48.67393586,SPRF-SC,DEL01-SC,UOP02-DEL01-SC,2023
"565511,0",2023-11-30,quinta-feira,19:30:00,SC,101,"127,0",BALNEARIO CAMBORIU,Acessar a via sem observar a presença dos outros veículos,Tombamento,Com Vítimas Feridas,Plena Noite,Crescente,Céu Claro,Dupla,Reta,Não,2,0,1,0,1,0,1,1,-26.9639319,-48.68328024,SPRF-SC,DEL04-SC,UOP04-DEL04-SC,2023
"565536,0",2023-12-04,segunda-feira,21:00:00,SC,101,"95,9",BARRA VELHA,Objeto estático sobre o leito carroçável,Queda de ocupante de veículo,Com Vítimas Feridas,Plena Noite,Decrescente,Nublado,Dupla,Reta,Não,1,0,1,0,0,0,1,1,-26.70876413,-48.70221065,SPRF-SC,DEL03-SC,UOP02-DEL03-SC,2023
"565541,0",2023-12-04,segunda-feira,22:00:00,SC,101,"249,3",PAULO LOPES,Reação tardia ou ineficiente do condutor,Saída de leito carroçável,Com Vítimas Feridas,Plena Noite,Decrescente,Chuva,Múltipla,Reta,Não,2,0,1,1,0,0,2,1,-27.9367749,-48.66304457,SPRF-SC,DEL02-SC,UOP03-DEL02-SC,2023
"565558,0",2023-12-05,terça-feira,04:25:00,SC,101,"189,0",BIGUACU,Velocidade Incompatível,Colisão com objeto,Com Vítimas Feridas,Plena Noite,Crescente,Garoa/Chuvisco,Dupla,Reta,Sim,2,0,2,0,0,0,2,1,-27.459393,-48.638914,SPRF-SC,DEL01-SC,UOP01-DEL01-SC,2023
"565578,0",2023-11-10,sexta-feira,18:15:00,SC,470,"2,0",NAVEGANTES,Pedestre andava na pista,Atropelamento de Pedestre,Com Vítimas Feridas,Pleno dia,Crescente,Céu Claro,Dupla,Reta,Sim,2,0,0,1,1,0,1,2,-26.868551,-48.674831,SPRF-SC,DEL04-SC,UOP04-DEL04-SC,2023
"565582,0",2023-12-04,segunda-feira,17:45:00,SC,282,"340,4",CAMPOS NOVOS,Acessar a via sem observar a presença dos outros veículos,Colisão transversal,Com Vítimas Feridas,Pleno dia,Decrescente,Nublado,Simples,Declive;Reta,Sim,3,0,1,0,2,0,1,2,-27.388266,-51.203793,SPRF-SC,DEL07-SC,UOP06-DEL07-SC,2023
"565590,0",2023-12-05,terça-feira,08:15:00,SC,101,"202,2",SAO JOSE,Manobra de mudança de faixa,Colisão lateral mesmo sentido,Com Vítimas Feridas,Pleno dia,Crescente,Garoa/Chuvisco,Dupla,Reta,Sim,2,0,1,0,1,0,1,2,-27.55711595,-48.61897889,SPRF-SC,DEL01-SC,UOP01-DEL01-SC,2023
"565607,0",2023-12-05,terça-feira,09:40:00,SC,101,"198,6",BIGUACU,Condutor deixou de manter distância do veículo da frente,Colisão traseira,Com Vítimas Feridas,Pleno dia,Crescente,Chuva,Múltipla,Reta,Sim,2,0,0,1,1,0,1,2,-27.52658712,-48.63506019,SPRF-SC,DEL01-SC,UOP01-DEL01-SC,2023
"565610,0",2023-11-08,quarta-feira,19:20:00,SC,470,"263,0",CURITIBANOS,Ultrapassagem Indevida,Tombamento,Com Vítimas Feridas,Anoitecer,Decrescente,Ignorado,Simples,Reta,Não,2,0,1,0,0,1,1,2,-27.302788,-50.701061,SPRF-SC,DEL05-SC,UOP03-DEL05-SC,2023
"565649,0",2023-12-05,terça-feira,10:20:00,SC,101,"119,0",ITAJAI,Ausência de reação do condutor,Colisão lateral mesmo sentido,Com Vítimas Feridas,Pleno dia,Crescente,Nublado,Dupla,Reta,Não,3,0,2,0,1,0,2,2,-26.9043179,-48.71555481,SPRF-SC,DEL04-SC,UOP04-DEL04-SC,2023
"565653,0",2023-12-05,terça-feira,12:00:00,SC,480,"129,8",CHAPECO,Ausência de reação do condutor,Colisão frontal,Com Vítimas Feridas,Pleno dia,Decrescente,Sol,Simples,Reta;Interseção de Vias,Sim,5,0,1,0,4,0,1,4,-27.04656607,-52.63577131,SPRF-SC,DEL07-SC,UOP01-DEL07-SC,2023
"565656,0",2023-12-05,terça-feira,14:05:00,SC,101,"140,0",BALNEARIO CAMBORIU,Ausência de reação do condutor,Colisão traseira,Com Vítimas Feridas,Pleno dia,Crescente,Chuva,Simples,Reta;Declive,Não,3,0,1,0,2,0,1,2,-27.03881189,-48.60025148,SPRF-SC,DEL04-SC,UOP03-DEL04-SC,2023
"565671,0",2023-12-05,terça-feira,16:08:00,SC,101,"199,3",BIGUACU,Pista Escorregadia,Tombamento,Com Vítimas Feridas,Pleno dia,Crescente,Chuva,Dupla,Interseção de Vias,Sim,1,0,0,1,0,0,1,1,-27.53396604,-48.63040209,SPRF-SC,DEL01-SC,UOP01-DEL01-SC,2023
"565683,0",2023-12-05,terça-feira,16:30:00,SC,101,"151,0",ITAPEMA,Trafegar com motocicleta (ou similar) entre as faixas,Colisão traseira,Com Vítimas Feridas,Pleno dia,Decrescente,Chuva,Dupla,Reta,Sim,2,0,0,1,1,0,1,2,-27.126536,-48.609642,SPRF-SC,DEL04-SC,UOP03-DEL04-SC,2023
"565692,0",2023-12-05,terça-feira,17:20:00,SC,282,"1,0",FLORIANOPOLIS,Condutor deixou de manter distância do veículo da frente,Colisão traseira,Com Vítimas Feridas,Pleno dia,Crescente,Céu Claro,Múltipla,Reta,Não,4,0,1,0,3,0,1,3,-27.602955,-48.580509,SPRF-SC,DEL01-SC,UOP01-DEL01-SC,2023
"565703,0",2023-12-05,terça-feira,18:00:00,SC,101,"210,0",SAO JOSE,Acessar a via sem observar a presença dos outros veículos,Colisão lateral mesmo sentido,Com Vítimas Feridas,Pleno dia,Decrescente,Garoa/Chuvisco,Dupla,Reta;Interseção de Vias,Sim,2,0,1,0,1,0,1,2,-27.6167305,-48.6457265,SPRF-SC,DEL01-SC,UOP01-DEL01-SC,2023
"565708,0",2023-10-31,terça-feira,04:45:00,SC,280,"120,0",SAO BENTO DO SUL,Reação tardia ou ineficiente do condutor,Colisão transversal,Com Vítimas Feridas,Amanhecer,Crescente,Ignorado,Simples,Rotatória,Não,1,0,1,0,0,0,1,1,-26.26094075,-49.44273982,SPRF-SC,DEL06-SC,UOP03-DEL06-SC,2023
"565717,0",2023-12-05,terça-feira,19:05:00,SC,470,"66,6",INDAIAL,Ausência de reação do condutor,Tombamento,Com Vítimas Feridas,Anoitecer,Crescente,Céu Claro,Simples,Retorno Regulamentado;Curva,Sim,1,0,1,0,0,0,1,1,-26.870407,-49.221844,SPRF-SC,DEL04-SC,UOP01-DEL04-SC,2023
"565737,0",2023-12-05,terça-feira,20:40:00,SC,101,"119,0",ITAJAI,Reação tardia ou ineficiente do condutor,Tombamento,Com Vítimas Feridas,Plena Noite,Decrescente,Chuva,Dupla,Reta,Não,1,0,1,0,0,0,1,1,-26.9043179,-48.71555481,SPRF-SC,DEL04-SC,UOP04-DEL04-SC,2023
"565787,0",2023-12-06,quarta-feira,06:58:00,SC,470,"49,7",BLUMENAU,Ausência de reação do condutor,Colisão lateral mesmo sentido,Com Vítimas Feridas,Pleno dia,Crescente,Nublado,Dupla,Aclive;Curva,Sim,2,0,1,0,1,0,1,2,-26.8613664,-49.07017708,SPRF-SC,DEL04-SC,UOP01-DEL04-SC,2023
"565801,0",2023-12-06,quarta-feira,07:10:00,SC,282,"1,0",FLORIANOPOLIS,Manobra de mudança de faixa,Colisão lateral mesmo sentido,Com Vítimas Feridas,Pleno dia,Decrescente,Chuva,Dupla,Reta,Sim,2,0,1,0,1,0,1,2,-27.602955,-48.580509,SPRF-SC,DEL01-SC,UOP01-DEL01-SC,2023
"565802,0",2023-12-06,quarta-feira,07:20:00,SC,280,"126,0",RIO NEGRINHO,Frear bruscamente,Colisão lateral mesmo sentido,Com Vítimas Feridas,Pleno dia,Crescente,Céu Claro,Simples,Interseção de Vias,Sim,2,0,1,0,1,0,1,2,-26.23779604,-49.49427399,SPRF-SC,DEL06-SC,UOP03-DEL06-SC,2023
"565808,0",2023-12-06,quarta-feira,07:10:00,SC,470,"49,2",BLUMENAU,Manobra de mudança de faixa,Colisão lateral mesmo sentido,Com Vítimas Feridas,Pleno dia,Crescente,Garoa/Chuvisco,Dupla,Curva,Sim,3,0,1,0,2,0,1,3,-26.8615004,-49.06800985,SPRF-SC,DEL04-SC,UOP01-DEL04-SC,2023
"565816,0",2023-12-06,quarta-feira,08:30:00,SC,101,"205,0",SAO JOSE,Reação tardia ou ineficiente do condutor,Queda de ocupante de veículo,Com Vítimas Feridas,Pleno dia,Decrescente,Céu Claro,Múltipla,Reta,Sim,1,0,1,0,0,0,1,1,-27.58878431,-48.61707687,SPRF-SC,DEL01-SC,UOP01-DEL01-SC,2023