id,data_inversa,dia_semana,horario,uf,br,km,municipio,causa_acidente,tipo_acidente,classificacao_acidente,fase_dia,sentido_via,condicao_metereologica,tipo_pista,tracado_via,uso_solo,pessoas,mortos,feridos_leves,feridos_graves,ilesos,ignorados,feridos,veiculos,latitude,longitude,regional,delegacia,uop,ano_arquivo
"577017,0",2024-01-25,quinta-feira,10:50:00,SC,280,"22,9",ARAQUARI,Condutor deixou de manter distância do veículo da frente,Colisão lateral mesmo sentido,Sem Vítimas,Pleno dia,Decrescente,Nublado,Simples,Rotatória,Sim,2,0,0,0,2,0,0,2,-26.37092616,-48.70204099,SPRF-SC,DEL03-SC,UOP03-DEL03-SC,2024
"577035,0",2024-01-25,quinta-feira,15:20:00,SC,163,"74,0",SAO MIGUEL DO OESTE,Reação tardia ou ineficiente do condutor,Saída de leito carroçável,Com Vítimas Feridas,Pleno dia,Crescente,Céu Claro,Simples,Curva;Declive,Não,2,0,1,0,0,1,1,2,-26.70200479,-53.51350653,SPRF-SC,DEL07-SC,UOP03-DEL07-SC,2024
"577040,0",2024-01-25,quinta-feira,16:45:00,SC,101,"39,0",JOINVILLE,Manobra de mudança de faixa,Colisão lateral mesmo sentido,Com Vítimas Feridas,Pleno dia,Decrescente,Céu Claro,Simples,Reta,Sim,3,0,1,0,1,1,1,3,-26.30774903,-48.87915664,SPRF-SC,DEL03-SC,UOP01-DEL03-SC,2024
"577074,0",2024-01-25,quinta-feira,19:00:00,SC,153,"58,7",IRANI,Desrespeitar a preferência no cruzamento,Colisão transversal,Com Vítimas Feridas,Anoitecer,Crescente,Céu Claro,Simples,Rotatória,Não,4,0,1,0,2,1,1,3,-26.97134359,-51.85443878,SPRF-SC,DEL07-SC,UOP04-DEL07-SC,2024
"577113,0",2024-01-26,sexta-feira,03:15:00,SC,101,"121,0",ITAJAI,Reação tardia ou ineficiente do condutor,Colisão traseira,Com Vítimas Feridas,Plena Noite,Crescente,Chuva,Múltipla,Reta,Sim,4,0,1,2,1,0,3,2,-26.92103178,-48.70856446,SPRF-SC,DEL04-SC,UOP04-DEL04-SC,2024
"577118,0",2024-01-26,sexta-feira,00:45:00,SC,101,"93,0",BALNEARIO PICARRAS,Condutor Dormindo,Colisão com objeto,Com Vítimas Feridas,Plena Noite,Crescente,Céu Claro,Dupla,Curva,Não,1,0,1,0,0,0,1,1,-26.6899011,-48.69663873,SPRF-SC,DEL03-SC,UOP02-DEL03-SC,2024
"577376,0",2024-01-27,sábado,07:15:00,SC,282,"496,2",XANXERE,Velocidade Incompatível,Colisão transversal,Com Vítimas Feridas,Pleno dia,Decrescente,Céu Claro,Simples,Reta,Não,3,0,0,1,1,1,1,3,-26.87675019,-52.3307525,SPRF-SC,DEL07-SC,UOP01-DEL07-SC,2024
"577388,0",2024-01-27,sábado,11:30:00,SC,101,"126,0",ITAJAI,Manobra de mudança de faixa,Colisão lateral mesmo sentido,Com Vítimas Feridas,Pleno dia,Crescente,Nublado,Dupla,Curva,Não,5,0,0,1,3,2,1,5,-26.95564404,-48.67978366,SPRF-SC,DEL04-SC,UOP04-DEL04-SC,2024
"577404,0",2024-01-27,sábado,14:30:00,SC,101,"333,0",TUBARAO,Acessar a via sem observar a presença dos outros veículos,Colisão transversal,Com Vítimas Feridas,Pleno dia,Decrescente,Céu Claro,Dupla,Interseção de Vias;Reta,Sim,4,0,1,0,3,0,1,2,-28.46630107,-48.99653096,SPRF-SC,DEL02-SC,UOP01-DEL02-SC,2024
"577432,0",2024-01-27,sábado,09:30:00,SC,280,"305,7",PORTO UNIAO,Conversão proibida,Colisão traseira,Com Vítimas Feridas,Pleno dia,Decrescente,Céu Claro,Simples,Reta,Sim,2,0,1,0,1,0,1,2,-26.26625102,-51.05981502,SPRF-SC,DEL06-SC,UOP04-DEL06-SC,2024
"577605,0",2024-01-28,domingo,14:50:00,SC,282,"491,6",FAXINAL DOS GUEDES,Transitar na contramão,Colisão frontal,Com Vítimas Feridas,Pleno dia,Decrescente,Sol,Simples,Reta,Não,3,0,0,1,1,1,1,3,-26.874599,-52.282806,SPRF-SC,DEL07-SC,UOP01-DEL07-SC,2024
"577636,0",2024-01-28,domingo,17:20:00,SC,282,"509,3",XANXERE,Ingestão de álcool pelo condutor,Colisão transversal,Sem Vítimas,Pleno dia,Crescente,Céu Claro,Simples,Reta,Não,2,0,0,0,2,0,0,2,-26.890533,-52.457096,SPRF-SC,DEL07-SC,UOP01-DEL07-SC,2024
"577674,0",2024-01-28,domingo,16:10:00,SC,282,"507,0",XANXERE,Ingestão de álcool pelo condutor,Derramamento de carga,Sem Vítimas,Pleno dia,Decrescente,Sol,Dupla,Reta,Sim,2,0,0,0,1,2,0,3,-26.886171,-52.43911,SPRF-SC,DEL07-SC,UOP01-DEL07-SC,2024
"577711,0",2024-01-28,domingo,22:20:00,SC,101,"400,9",MARACAJA,Reação tardia ou ineficiente do condutor,Colisão traseira,Com Vítimas Feridas,Plena Noite,Decrescente,Céu Claro,Múltipla,Reta,Não,5,0,1,0,4,0,1,2,-28.84846615,-49.4346268,SPRF-SC,DEL02-SC,UOP02-DEL02-SC,2024
"577835,0",2024-01-29,segunda-feira,13:20:00,SC,163,"116,0",GUARUJA DO SUL,Retorno proibido,Saída de leito carroçável,Com Vítimas Feridas,Pleno dia,Crescente,Céu Claro,Simples,Aclive;Reta,Não,3,0,1,0,1,3,1,5,-26.35946595,-53.53565788,SPRF-SC,DEL07-SC,UOP03-DEL07-SC,2024
"577911,0",2024-01-29,segunda-feira,23:15:00,SC,470,"4,0",NAVEGANTES,Acessar a via sem observar a presença dos outros veículos,Colisão lateral mesmo sentido,Com Vítimas Feridas,Plena Noite,Decrescente,Céu Claro,Dupla,Rotatória,Não,3,0,0,1,1,1,1,3,-26.861937,-48.681618,SPRF-SC,DEL04-SC,UOP04-DEL04-SC,2024
"577921,0",2024-01-30,terça-feira,04:15:00,SC,101,"38,5",JOINVILLE,Velocidade Incompatível,Colisão traseira,Com Vítimas Feridas,Plena Noite,Crescente,Céu Claro,Dupla,Em Obras;Viaduto;Reta,Sim,5,0,4,0,1,0,4,2,-26.25472505,-48.90561309,SPRF-SC,DEL03-SC,UOP01-DEL03-SC,2024
"577953,0",2024-01-30,terça-feira,08:15:00,SC,282,"64,2",RANCHO QUEIMADO,Ultrapassagem Indevida,Colisão frontal,Com Vítimas Fatais,Pleno dia,Decrescente,Céu Claro,Simples,Declive;Curva,Não,4,1,0,1,1,1,1,3,-27.696963,-49.054121,SPRF-SC,DEL01-SC,UOP03-DEL01-SC,2024
"577975,0",2024-01-30,terça-feira,09:00:00,SC,116,"247,9",LAGES,Acessar a via sem observar a presença dos outros veículos,Colisão transversal,Com Vítimas Feridas,Pleno dia,Crescente,Céu Claro,Simples,Interseção de Vias,Sim,4,0,1,1,1,2,2,4,-27.81262488,-50.36859817,SPRF-SC,DEL05-SC,UOP02-DEL05-SC,2024
"578001,0",2024-01-30,terça-feira,10:00:00,SC,101,"294,0",IMBITUBA,Ausência de reação do condutor,Colisão traseira,Sem Vítimas,Pleno dia,Crescente,Sol,Dupla,Reta;Aclive,Não,4,0,0,0,4,0,0,4,-28.29220304,-48.71018095,SPRF-SC,DEL02-SC,UOP03-DEL02-SC,2024
"578016,0",2024-01-30,terça-feira,12:30:00,SC,101,"295,0",IMBITUBA,Ausência de reação do condutor,Colisão traseira,Com Vítimas Feridas,Pleno dia,Crescente,Céu Claro,Dupla,Viaduto,Sim,4,0,1,0,2,1,1,3,-28.29854333,-48.71633767,SPRF-SC,DEL02-SC,UOP03-DEL02-SC,2024
"578019,0",2024-01-30,terça-feira,10:51:00,SC,480,"123,7",CHAPECO,Manobra de mudança de faixa,Colisão com objeto,Sem Vítimas,Pleno dia,Decrescente,Sol,Dupla,Aclive;Reta,Sim,2,0,0,0,1,1,0,2,-27.00173676,-52.64475703,SPRF-SC,DEL07-SC,UOP01-DEL07-SC,2024
"578045,0",2024-01-30,terça-feira,16:50:00,SC,282,"47,5",AGUAS MORNAS,Problema com o freio,Saída de leito carroçável,Sem Vítimas,Pleno dia,Decrescente,Céu Claro,Simples,Curva;Declive,Não,1,0,0,0,1,0,0,1,-27.721771,-48.934837,SPRF-SC,DEL01-SC,UOP03-DEL01-SC,2024
"578110,0",2024-01-31,quarta-feira,00:30:00,SC,101,"209,8",SAO JOSE,Pedestre andava na pista,Atropelamento de Pedestre,Com Vítimas Fatais,Plena Noite,Crescente,Nublado,Múltipla,Reta,Sim,4,1,0,0,1,2,0,3,-27.6166068,-48.6455902,SPRF-SC,DEL01-SC,UOP01-DEL01-SC,2024
"578182,0",2024-01-31,quarta-feira,13:15:00,SC,101,"142,0",BALNEARIO CAMBORIU,Condutor deixou de manter distância do veículo da frente,Colisão traseira,Com Vítimas Feridas,Pleno dia,Crescente,Céu Claro,Dupla,Reta;Declive,Sim,5,0,1,1,3,0,2,4,-27.056089,-48.599449,SPRF-SC,DEL04-SC,UOP03-DEL04-SC,2024
"578194,0",2024-01-31,quarta-feira,09:20:00,SC,282,"423,3",VARGEM BONITA,Velocidade Incompatível,Tombamento,Com Vítimas Feridas,Pleno dia,Decrescente,Céu Claro,Simples,Curva;Declive,Não,2,0,0,1,0,1,1,2,-26.99556,-51.752289,SPRF-SC,DEL07-SC,UOP05-DEL07-SC,2024
"578234,0",2024-01-31,quarta-feira,14:50:00,SC,280,"129,0",RIO NEGRINHO,Ausência de reação do condutor,Colisão transversal,Com Vítimas Feridas,Pleno dia,Decrescente,Céu Claro,Simples,Reta;Interseção de Vias,Sim,2,0,1,0,0,1,1,2,-26.24586437,-49.52284615,SPRF-SC,DEL06-SC,UOP03-DEL06-SC,2024
"578244,0",2024-01-31,quarta-feira,20:00:00,SC,101,"13,0",GARUVA,Demais falhas mecânicas ou elétricas,Incêndio,Sem Vítimas,Plena Noite,Crescente,Nublado,Dupla,Reta;Declive,Não,2,0,0,0,1,1,0,2,-26.08986803,-48.86345096,SPRF-SC,DEL03-SC,UOP01-DEL03-SC,2024
"578270,0",2024-01-31,quarta-feira,23:30:00,SC,101,"57,3",ARAQUARI,Reação tardia ou ineficiente do condutor,Tombamento,Com Vítimas Feridas,Plena Noite,Decrescente,Nublado,Dupla,Curva,Não,2,0,1,0,0,1,1,2,-26.43802986,-48.8039732,SPRF-SC,DEL03-SC,UOP01-DEL03-SC,2024
"578321,0",2024-02-01,quinta-feira,07:35:00,SC,101,"116,0",ITAJAI,Condutor deixou de manter distância do veículo da frente,Colisão lateral mesmo sentido,Com Vítimas Feridas,Pleno dia,Crescente,Céu Claro,Simples,Reta,Sim,4,0,2,0,1,2,2,5,-26.87905605,-48.72603512,SPRF-SC,DEL04-SC,UOP04-DEL04-SC,2024
"578353,0",2024-02-01,quinta-feira,07:30:00,SC,282,"434,0",IRANI,Desrespeitar a preferência no cruzamento,Colisão transversal,Com Vítimas Feridas,Pleno dia,Crescente,Céu Claro,Simples,Interseção de Vias,Não,3,0,0,1,1,3,1,5,-26.96930688,-51.85425639,SPRF-SC,DEL07-SC,UOP04-DEL07-SC,2024
"578367,0",2024-02-01,quinta-feira,07:35:00,SC,480,"128,7",CHAPECO,Ausência de reação do condutor,Colisão traseira,Com Vítimas Feridas,Pleno dia,Crescente,Céu Claro,Simples,Interseção de Vias,Sim,2,0,1,0,1,0,1,2,-27.03781899,-52.63432603,SPRF-SC,DEL07-SC,UOP01-DEL07-SC,2024
"578386,0",2024-02-01,quinta-feira,16:45:00,SC,101,"7,0",GARUVA,Entrada inopinada do pedestre,Eventos atípicos,Com Vítimas Feridas,Pleno dia,Crescente,Nublado,Dupla,Reta,Não,3,0,0,1,0,2,1,2,-26.03593,-48.860302,SPRF-SC,DEL03-SC,UOP01-DEL03-SC,2024
"578499,0",2024-02-01,quinta-feira,04:45:00,SC,153,"0,6",AGUA DOCE,Reação tardia ou ineficiente do condutor,Saída de leito carroçável,Com Vítimas Feridas,Plena Noite,Crescente,Céu Claro,Dupla,Curva,Não,1,0,1,0,0,0,1,1,-26.61054,-51.485115,SPRF-SC,DEL07-SC,UOP07-DEL07-SC,2024
"578522,0",2024-02-02,sexta-feira,09:20:00,SC,101,"236,0",PALHOCA,Velocidade Incompatível,Tombamento,Com Vítimas Feridas,Pleno dia,Decrescente,Céu Claro,Simples,Retorno Regulamentado;Curva,Não,2,0,1,0,0,1,1,2,-27.82686935,-48.62967622,SPRF-SC,DEL01-SC,UOP02-DEL01-SC,2024
"578583,0",2024-02-02,sexta-feira,17:00:00,SC,101,"115,9",ITAJAI,Manobra de mudança de faixa,Colisão lateral mesmo sentido,Com Vítimas Feridas,Pleno dia,Decrescente,Céu Claro,Múltipla,Reta,Não,2,0,1,0,0,1,1,2,-26.87905605,-48.72603512,SPRF-SC,DEL04-SC,UOP04-DEL04-SC,2024
"578644,0",2024-02-02,sexta-feira,18:30:00,SC,101,"56,5",ARAQUARI,Pedestre - Ingestão de álcool/ substâncias psicoativas,Colisão traseira,Com Vítimas Feridas,Plena Noite,Decrescente,Céu Claro,Dupla,Reta,Não,3,0,1,0,1,2,1,4,-26.43207484,-48.82263984,SPRF-SC,DEL03-SC,UOP01-DEL03-SC,2024
"578679,0",2024-02-03,sábado,02:30:00,SC,282,"669,9",PARAISO,Ingestão de álcool pelo condutor,Colisão lateral sentido oposto,Sem Vítimas,Plena Noite,Crescente,Céu Claro,Simples,Reta,Não,2,0,0,0,1,1,0,2,-26.637705,-53.634178,SPRF-SC,DEL07-SC,UOP03-DEL07-SC,2024
"578680,0",2024-02-03,sábado,02:30:00,SC,101,"81,2",BARRA VELHA,Manobra de mudança de faixa,Colisão lateral mesmo sentido,Com Vítimas Fatais,Plena Noite,Crescente,Céu Claro,Dupla,Reta;Declive,Não,7,1,1,0,1,4,1,4,-26.6073,-48.724333,SPRF-SC,DEL03-SC,UOP02-DEL03-SC,2024
"578786,0",2024-02-03,sábado,17:20:00,SC,101,"237,9",PALHOCA,Suicídio (presumido),Colisão com objeto,Com Vítimas Fatais,Pleno dia,Crescente,Céu Claro,Múltipla,Reta,Não,4,1,0,0,1,2,0,4,-27.8438031,-48.6355409,SPRF-SC,DEL01-SC,UOP02-DEL01-SC,2024
"579034,0",2024-02-04,domingo,20:20:00,SC,101,"81,0",BARRA VELHA,Condutor deixou de manter distância do veículo da frente,Colisão traseira,Com Vítimas Feridas,Plena Noite,Decrescente,Céu Claro,Múltipla,Aclive,Não,6,0,2,0,3,2,2,6,-26.60256101,-48.72553524,SPRF-SC,DEL03-SC,UOP02-DEL03-SC,2024
"579037,0",2024-02-04,domingo,19:50:00,SC,116,"169,8",PONTE ALTA DO NORTE,Manobra de mudança de faixa,Colisão frontal,Com Vítimas Fatais,Plena Noite,Decrescente,Garoa/Chuvisco,Simples,Curva,Não,6,1,1,1,2,2,2,5,-27.190528,-50.4636833,SPRF-SC,DEL05-SC,UOP03-DEL05-SC,2024
"579150,0",2024-02-05,segunda-feira,10:00:00,SC,101,"122,0",ITAJAI,Trafegar com motocicleta (ou similar) entre as faixas,Colisão traseira,Com Vítimas Feridas,Pleno dia,Decrescente,Céu Claro,Múltipla,Reta,Sim,3,0,0,1,1,1,1,3,-26.92955916,-48.70499836,SPRF-SC,DEL04-SC,UOP04-DEL04-SC,2024
"579195,0",2024-02-05,segunda-feira,14:15:00,SC,470,"90,0",ASCURRA,Condutor Dormindo,Colisão frontal,Com Vítimas Feridas,Pleno dia,Crescente,Céu Claro,Simples,Reta;Em Obras,Não,4,0,2,0,1,1,2,3,-26.969337,-49.367718,SPRF-SC,DEL04-SC,UOP01-DEL04-SC,2024
"579279,0",2024-02-05,segunda-feira,20:22:00,SC,116,"166,4",PONTE ALTA DO NORTE,Reação tardia ou ineficiente do condutor,Tombamento,Com Vítimas Feridas,Plena Noite,Decrescente,Céu Claro,Simples,Interseção de Vias;Curva,Sim,1,0,1,0,0,0,1,1,-27.16174113,-50.46682477,SPRF-SC,DEL05-SC,UOP03-DEL05-SC,2024
"579282,0",2024-02-05,segunda-feira,16:00:00,SC,153,"46,0",VARGEM BONITA,Ausência de reação do condutor,Tombamento,Com Vítimas Feridas,Pleno dia,Decrescente,Céu Claro,Simples,Declive;Reta,Não,2,0,0,1,0,1,1,2,-26.890306,-51.763412,SPRF-SC,DEL07-SC,UOP07-DEL07-SC,2024
"579293,0",2024-02-06,terça-feira,01:30:00,SC,470,"50,7",BLUMENAU,Velocidade Incompatível,Saída de leito carroçável,Com Vítimas Feridas,Plena Noite,Crescente,Céu Claro,Simples,Viaduto;Curva,Não,2,0,1,0,0,1,1,2,-26.86102183,-49.08176422,SPRF-SC,DEL04-SC,UOP01-DEL04-SC,2024
"579297,0",2024-02-06,terça-feira,01:30:00,SC,470,"356,2",CAMPOS NOVOS,Ausência de reação do condutor,Tombamento,Com Vítimas Feridas,Plena Noite,Decrescente,Céu Claro,Simples,Curva,Não,1,0,0,1,0,0,1,1,-27.596577,-51.473782,SPRF-SC,DEL07-SC,UOP06-DEL07-SC,2024
"579324,0",2024-02-06,terça-feira,07:05:00,SC,282,"402,0",JOACABA,Ausência de reação do condutor,Colisão frontal,Com Vítimas Feridas,Pleno dia,Decrescente,Céu Claro,Simples,Curva,Não,2,0,0,1,1,0,1,2,-27.115656,-51.631065,SPRF-SC,DEL07-SC,UOP05-DEL07-SC,2024
"579354,0",2024-02-06,terça-feira,08:25:00,SC,101,"46,4",JOINVILLE,Trafegar com motocicleta (ou similar) entre as faixas,Colisão lateral mesmo sentido,Com Vítimas Feridas,Pleno dia,Decrescente,Sol,Dupla,Reta,Sim,3,0,1,0,1,1,1,3,-26.33150083,-48.86187762,SPRF-SC,DEL03-SC,UOP01-DEL03-SC,2024
"579368,0",2024-02-06,terça-feira,12:45:00,SC,282,"599,0",CUNHA PORA,Demais falhas na via,Colisão lateral mesmo sentido,Com Vítimas Feridas,Pleno dia,Crescente,Sol,Simples,Aclive;Reta,Não,4,0,1,0,2,1,1,3,-26.820206,-53.155052,SPRF-SC,DEL07-SC,UOP02-DEL07-SC,2024
"579443,0",2024-02-06,terça-feira,18:34:00,SC,101,"335,9",TUBARAO,Condutor deixou de manter distância do veículo da frente,Colisão traseira,Sem Vítimas,Anoitecer,Crescente,Garoa/Chuvisco,Dupla,Reta,Sim,2,0,0,0,2,0,0,2,-28.46927473,-49.01557908,SPRF-SC,DEL02-SC,UOP01-DEL02-SC,2024
"579468,0",2024-02-06,terça-feira,16:30:00,SC,116,"58,0",PAPANDUVA,Acessar a via sem observar a presença dos outros veículos,Colisão transversal,Com Vítimas Feridas,Pleno dia,Decrescente,Sol,Simples,Retorno Regulamentado,Não,2,0,1,0,1,0,1,2,-26.37763463,-50.19755176,SPRF-SC,DEL06-SC,UOP02-DEL06-SC,2024
"579503,0",2024-02-07,quarta-feira,05:45:00,SC,282,"346,2",CAMPOS NOVOS,Ausência de reação do condutor,Colisão frontal,Com Vítimas Feridas,Amanhecer,Decrescente,Céu Claro,Simples,Curva;Aclive,Não,3,0,0,1,1,1,1,3,-27.390287,-51.223286,SPRF-SC,DEL07-SC,UOP06-DEL07-SC,2024
"579511,0",2024-02-07,quarta-feira,03:30:00,SC,280,"101,4",SAO BENTO DO SUL,Reação tardia ou ineficiente do condutor,Tombamento,Com Vítimas Fatais,Plena Noite,Decrescente,Céu Claro,Simples,Curva;Declive,Não,2,1,0,0,0,2,0,3,-26.36307266,-49.34030771,SPRF-SC,DEL06-SC,UOP03-DEL06-SC,2024
"579544,0",2024-02-07,quarta-feira,10:20:00,SC,101,"184,9",BIGUACU,Acessar a via sem observar a presença dos outros veículos,Colisão lateral mesmo sentido,Com Vítimas Feridas,Pleno dia,Decrescente,Sol,Múltipla,Reta,Não,5,0,2,0,2,1,2,4,-27.42536698,-48.62465876,SPRF-SC,DEL01-SC,UOP01-DEL01-SC,2024
"579606,0",2024-02-07,quarta-feira,09:00:00,SC,282,"525,0",XAXIM,Manobra de mudança de faixa,Saída de leito carroçável,Sem Vítimas,Pleno dia,Crescente,Céu Claro,Simples,Curva,Não,5,0,0,0,4,2,0,5,-26.965441,-52.566383,SPRF-SC,DEL07-SC,UOP01-DEL07-SC,2024
"579615,0",2024-02-07,quarta-feira,17:00:00,SC,101,"202,0",SAO JOSE,Manobra de mudança de faixa,Colisão lateral mesmo sentido,Sem Vítimas,Pleno dia,Decrescente,Céu Claro,Múltipla,Reta,Sim,2,0,0,0,2,0,0,2,-27.55711595,-48.61897889,SPRF-SC,DEL01-SC,UOP01-DEL01-SC,2024
"579636,0",2024-02-07,quarta-feira,17:50:00,SC,282,"510,0",XANXERE,Acessar a via sem observar a presença dos outros veículos,Colisão lateral mesmo sentido,Com Vítimas Feridas,Pleno dia,Decrescente,Nublado,Simples,Reta,Não,4,0,0,1,1,2,1,4,-26.897114,-52.463585,SPRF-SC,DEL07-SC,UOP01-DEL07-SC,2024
"579650,0",2024-02-07,quarta-feira,19:00:00,SC,480,"125,0",CHAPECO,Acessar a via sem observar a presença dos outros veículos,Colisão transversal,Com Vítimas Feridas,Anoitecer,Crescente,Céu Claro,Simples,Viaduto,Sim,2,0,1,0,1,0,1,2,-27.01164515,-52.63953123,SPRF-SC,DEL07-SC,UOP01-DEL07-SC,2024
"579655,0",2024-02-07,quarta-feira,20:15:00,SC,470,"62,1",INDAIAL,Pedestre andava na pista,Atropelamento de Pedestre,Com Vítimas Fatais,Plena Noite,Crescente,Nublado,Simples,Aclive;Curva,Não,3,1,0,0,1,1,0,3,-26.87443993,-49.18635964,SPRF-SC,DEL04-SC,UOP01-DEL04-SC,2024
"579727,0",2024-02-08,quinta-feira,07:40:00,SC,280,"56,4",GUARAMIRIM,Ultrapassagem Indevida,Colisão frontal,Com Vítimas Feridas,Pleno dia,Crescente,Céu Claro,Simples,Reta;Em Obras,Não,3,0,0,1,2,0,1,3,-26.47947677,-49.00298702,SPRF-SC,DEL03-SC,UOP03-DEL03-SC,2024
"579763,0",2024-01-11,quinta-feira,17:00:00,SC,101,"130,0",BALNEARIO CAMBORIU,Trafegar com motocicleta (ou similar) entre as faixas,Colisão lateral mesmo sentido,Com Vítimas Feridas,Pleno dia,Decrescente,Chuva,Dupla,Reta,Sim,3,0,1,0,2,0,1,3,-26.98407618,-48.66977107,SPRF-SC,DEL04-SC,UOP03-DEL04-SC,2024
"579779,0",2024-02-08,quinta-feira,12:00:00,SC,101,"148,0",ITAPEMA,Ultrapassagem Indevida,Colisão lateral mesmo sentido,Com Vítimas Feridas,Pleno dia,Crescente,Céu Claro,Dupla,Retorno Regulamentado,Sim,2,0,0,1,1,0,1,2,-27.10123686,-48.61807962,SPRF-SC,DEL04-SC,UOP03-DEL04-SC,2024
"579821,0",2024-02-08,quinta-feira,13:40:00,SC,153,"60,1",IRANI,Demais falhas mecânicas ou elétricas,Colisão com objeto,Com Vítimas Feridas,Pleno dia,Decrescente,Nublado,Simples,Reta,Não,2,0,1,0,1,0,1,2,-26.97267,-51.858185,SPRF-SC,DEL07-SC,UOP04-DEL07-SC,2024
"579830,0",2024-02-08,quinta-feira,17:00:00,SC,101,"194,7",BIGUACU,Ausência de reação do condutor,Colisão traseira,Sem Vítimas,Pleno dia,Crescente,Céu Claro,Dupla,Reta,Sim,2,0,0,0,2,0,0,2,-27.49815117,-48.65661236,SPRF-SC,DEL01-SC,UOP01-DEL01-SC,2024
"579837,0",2024-02-08,quinta-feira,13:45:00,SC,282,"636,5",DESCANSO,Reação tardia ou ineficiente do condutor,Saída de leito carroçável,Com Vítimas Fatais,Pleno dia,Decrescente,Nublado,Simples,Reta;Declive,Não,2,1,0,0,1,0,0,1,-26.80928698,-53.43977451,SPRF-SC,DEL07-SC,UOP03-DEL07-SC,2024
"579875,0",2024-02-08,quinta-feira,19:58:00,SC,282,"212,0",LAGES,Transitar na contramão,Colisão frontal,Com Vítimas Feridas,Plena Noite,Crescente,Chuva,Simples,Reta,Não,2,0,1,0,1,0,1,2,-27.782257,-50.251381,SPRF-SC,DEL05-SC,UOP01-DEL05-SC,2024
"579905,0",2024-02-08,quinta-feira,23:30:00,SC,116,"236,9",CORREIA PINTO,Pedestre andava na pista,Atropelamento de Pedestre,Com Vítimas Fatais,Plena Noite,Decrescente,Garoa/Chuvisco,Simples,Reta;Interseção de Vias,Não,5,1,0,0,1,3,0,2,-27.72090493,-50.33607643,SPRF-SC,DEL05-SC,UOP01-DEL05-SC,2024
"580081,0",2024-02-02,sexta-feira,10:34:00,SC,101,"212,6",PALHOCA,Manobra de mudança de faixa,Colisão lateral mesmo sentido,Sem Vítimas,Pleno dia,Crescente,Céu Claro,Dupla,Reta,Sim,3,0,0,0,3,0,0,3,-27.62996929,-48.65903871,SPRF-SC,DEL01-SC,UOP02-DEL01-SC,2024
"580113,0",2024-02-09,sexta-feira,20:12:00,SC,101,"441,5",SANTA ROSA DO SUL,Estacionar ou parar em local proibido,Colisão traseira,Com Vítimas Feridas,Plena Noite,Crescente,Céu Claro,Múltipla,Reta;Declive;Interseção de Vias,Não,2,0,0,1,1,0,1,2,-29.131307,-49.693191,SPRF-SC,DEL02-SC,UOP02-DEL02-SC,2024
"580180,0",2024-02-10,sábado,05:10:00,SC,101,"198,4",SAO JOSE,Ausência de reação do condutor,Colisão lateral mesmo sentido,Com Vítimas Fatais,Amanhecer,Decrescente,Céu Claro,Múltipla,Reta,Sim,2,1,0,0,1,0,0,2,-27.5300902,-48.6325387,SPRF-SC,DEL01-SC,UOP01-DEL01-SC,2024
"580201,0",2024-02-10,sábado,06:50:00,SC,116,"5,0",MAFRA,Acesso irregular,Colisão transversal,Com Vítimas Feridas,Pleno dia,Decrescente,Céu Claro,Simples,Reta,Sim,4,0,1,1,1,1,2,4,-26.14094396,-49.81508303,SPRF-SC,DEL06-SC,UOP01-DEL06-SC,2024
"580207,0",2024-02-10,sábado,07:32:00,SC,101,"121,0",ITAJAI,Reação tardia ou ineficiente do condutor,Colisão traseira,Com Vítimas Feridas,Pleno dia,Crescente,Céu Claro,Dupla,Reta,Não,4,0,1,0,3,0,1,4,-26.92103178,-48.70856446,SPRF-SC,DEL04-SC,UOP04-DEL04-SC,2024
"580222,0",2024-02-10,sábado,09:45:00,SC,101,"209,7",SAO JOSE,Velocidade Incompatível,Colisão traseira,Com Vítimas Feridas,Pleno dia,Decrescente,Céu Claro,Múltipla,Reta,Sim,4,0,1,0,2,1,1,4,-27.61000542,-48.63895057,SPRF-SC,DEL01-SC,UOP01-DEL01-SC,2024
"580272,0",2024-02-10,sábado,14:15:00,SC,101,"164,0",TIJUCAS,Ausência de reação do condutor,Colisão traseira,Com Vítimas Feridas,Pleno dia,Decrescente,Sol,Dupla,Aclive;Ponte;Reta,Sim,2,0,1,0,1,0,1,2,-27.243868,-48.6309,SPRF-SC,DEL04-SC,UOP03-DEL04-SC,2024
"580287,0",2024-02-10,sábado,09:30:00,SC,282,"625,0",IRACEMINHA,Carga excessiva e/ou mal acondicionada,Colisão frontal,Com Vítimas Feridas,Pleno dia,Decrescente,Sol,Simples,Curva,Não,2,0,1,0,0,1,1,2,-26.800232,-53.351334,SPRF-SC,DEL07-SC,UOP02-DEL07-SC,2024
"580298,0",2024-02-10,sábado,09:20:00,SC,282,"450,6",PONTE SERRADA,Mal súbito do condutor,Saída de leito carroçável,Com Vítimas Fatais,Pleno dia,Decrescente,Céu Claro,Simples,Declive;Curva,Não,2,1,0,0,0,1,0,2,-26.920411,-51.9409027,SPRF-SC,DEL07-SC,UOP04-DEL07-SC,2024
"580393,0",2024-02-10,sábado,21:30:00,SC,101,"396,5",MARACAJA,Demais falhas mecânicas ou elétricas,Incêndio,Sem Vítimas,Plena Noite,Decrescente,Céu Claro,Dupla,Reta,Não,2,0,0,0,1,1,0,2,-28.82459572,-49.40472033,SPRF-SC,DEL02-SC,UOP02-DEL02-SC,2024