id,data_inversa,dia_semana,horario,uf,br,km,municipio,causa_acidente,tipo_acidente,classificacao_acidente,fase_dia,sentido_via,condicao_metereologica,tipo_pista,tracado_via,uso_solo,pessoas,mortos,feridos_leves,feridos_graves,ilesos,ignorados,feridos,veiculos,latitude,longitude,regional,delegacia,uop,ano_arquivo
"580508,0",2024-02-11,domingo,11:45:00,SC,101,"187,7",BIGUACU,Pedestre andava na pista,Atropelamento de Pedestre,Com Vítimas Feridas,Pleno dia,Decrescente,Céu Claro,Dupla,Reta,Não,3,0,0,1,1,1,1,3,-27.44307116,-48.62848475,SPRF-SC,DEL01-SC,UOP01-DEL01-SC,2024
"580523,0",2024-02-11,domingo,12:30:00,SC,282,"535,4",CHAPECO,Desrespeitar a preferência no cruzamento,Colisão transversal,Com Vítimas Feridas,Pleno dia,Decrescente,Sol,Simples,Interseção de Vias,Sim,4,0,1,0,3,0,1,2,-26.99942338,-52.64596939,SPRF-SC,DEL07-SC,UOP01-DEL07-SC,2024
"580527,0",2024-02-05,segunda-feira,07:10:00,SC,470,"134,3",RIO DO SUL,Ausência de reação do condutor,Colisão traseira,Com Vítimas Feridas,Pleno dia,Crescente,Nublado,Simples,Reta,Sim,2,0,0,1,1,0,1,2,-27.17567694,-49.59106207,SPRF-SC,DEL04-SC,UOP02-DEL04-SC,2024
"580593,0",2024-02-11,domingo,17:40:00,SC,282,"588,0",SAUDADES,Velocidade Incompatível,Colisão lateral sentido oposto,Sem Vítimas,Pleno dia,Crescente,Sol,Simples,Curva;Aclive,Não,2,0,0,0,1,1,0,2,-26.82600479,-53.07286978,SPRF-SC,DEL07-SC,UOP02-DEL07-SC,2024
"580633,0",2024-02-11,domingo,15:50:00,SC,282,"49,0",VARGEM BONITA,Reação tardia ou ineficiente do condutor,Colisão com objeto,Sem Vítimas,Pleno dia,Crescente,Céu Claro,Simples,Em Obras;Declive;Curva,Não,2,0,0,0,1,1,0,2,-26.911786,-51.787604,SPRF-SC,DEL01-SC,UOP03-DEL01-SC,2024
"580668,0",2024-02-12,segunda-feira,03:15:00,SC,101,"192,4",BIGUACU,Condutor Dormindo,Tombamento,Com Vítimas Feridas,Plena Noite,Crescente,Céu Claro,Dupla,Curva,Não,2,0,1,1,0,0,2,1,-27.48443781,-48.64765238,SPRF-SC,DEL01-SC,UOP01-DEL01-SC,2024
"580679,0",2024-02-11,domingo,23:10:00,SC,163,"70,0",SAO MIGUEL DO OESTE,Ingestão de álcool pelo condutor,Colisão transversal,Sem Vítimas,Plena Noite,Crescente,Céu Claro,Simples,Interseção de Vias,Sim,3,0,0,0,2,1,0,3,-26.73461723,-53.50680015,SPRF-SC,DEL07-SC,UOP03-DEL07-SC,2024
"580713,0",2024-02-12,segunda-feira,07:30:00,SC,470,"70,0",INDAIAL,Demais falhas mecânicas ou elétricas,Colisão traseira,Com Vítimas Feridas,Pleno dia,Decrescente,Céu Claro,Dupla,Aclive;Reta;Em Obras;Desvio Temporário,Sim,3,0,0,1,2,0,1,2,-26.889374,-49.254478,SPRF-SC,DEL04-SC,UOP01-DEL04-SC,2024
"580715,0",2024-02-09,sexta-feira,03:40:00,SC,101,"307,7",LAGUNA,Condutor Dormindo,Colisão traseira,Com Vítimas Feridas,Plena Noite,Crescente,Céu Claro,Múltipla,Viaduto,Não,3,0,1,0,2,0,1,2,-28.39199505,-48.77826295,SPRF-SC,DEL02-SC,UOP03-DEL02-SC,2024
"580725,0",2024-02-12,segunda-feira,08:50:00,SC,280,"192,8",MAFRA,Velocidade Incompatível,Colisão traseira,Com Vítimas Feridas,Pleno dia,Crescente,Céu Claro,Simples,Aclive;Reta,Não,3,0,0,1,1,2,1,4,-26.17893079,-49.99673293,SPRF-SC,DEL06-SC,UOP01-DEL06-SC,2024
"580736,0",2024-02-12,segunda-feira,09:15:00,SC,101,"223,0",PALHOCA,Condutor deixou de manter distância do veículo da frente,Colisão traseira,Com Vítimas Feridas,Pleno dia,Decrescente,Sol,Dupla,Reta,Não,2,0,1,0,0,1,1,2,-27.71552634,-48.64881251,SPRF-SC,DEL01-SC,UOP02-DEL01-SC,2024
"580763,0",2024-02-12,segunda-feira,14:17:00,SC,280,"38,3",ARAQUARI,Ausência de reação do condutor,Engavetamento,Com Vítimas Feridas,Pleno dia,Crescente,Sol,Simples,Reta;Em Obras,Não,11,0,2,0,9,0,2,8,-26.44812855,-48.82794004,SPRF-SC,DEL03-SC,UOP03-DEL03-SC,2024
"580899,0",2024-02-13,terça-feira,10:25:00,SC,101,"41,0",JOINVILLE,Manobra de mudança de faixa,Colisão lateral mesmo sentido,Sem Vítimas,Pleno dia,Decrescente,Sol,Dupla,Reta;Aclive,Sim,3,0,0,0,2,1,0,3,-26.318977,-48.871376,SPRF-SC,DEL03-SC,UOP01-DEL03-SC,2024
"581039,0",2024-02-14,quarta-feira,02:50:00,SC,470,"54,0",BLUMENAU,Reação tardia ou ineficiente do condutor,Colisão frontal,Com Vítimas Feridas,Plena Noite,Decrescente,Chuva,Dupla,Reta,Sim,3,0,1,0,1,1,1,3,-26.871065,-49.110374,SPRF-SC,DEL04-SC,UOP01-DEL04-SC,2024
"581052,0",2024-02-14,quarta-feira,04:10:00,SC,280,"102,5",SAO BENTO DO SUL,Pista Escorregadia,Colisão com objeto,Com Vítimas Feridas,Plena Noite,Decrescente,Chuva,Simples,Curva;Declive,Não,2,0,1,0,0,1,1,2,-26.35991955,-49.34605837,SPRF-SC,DEL06-SC,UOP03-DEL06-SC,2024
"581078,0",2024-02-14,quarta-feira,08:00:00,SC,101,"23,5",JOINVILLE,Reação tardia ou ineficiente do condutor,Colisão traseira,Sem Vítimas,Pleno dia,Crescente,Chuva,Dupla,Reta,Não,4,0,0,0,3,3,0,6,-26.16582501,-48.90742427,SPRF-SC,DEL03-SC,UOP01-DEL03-SC,2024
"581128,0",2024-02-14,quarta-feira,14:10:00,SC,101,"175,0",BIGUACU,Velocidade Incompatível,Saída de leito carroçável,Com Vítimas Feridas,Pleno dia,Decrescente,Garoa/Chuvisco,Simples,Curva,Não,2,0,2,0,0,0,2,1,-27.33963303,-48.62734885,SPRF-SC,DEL01-SC,UOP01-DEL01-SC,2024
"581135,0",2024-02-14,quarta-feira,15:25:00,SC,101,"115,0",ITAJAI,Trafegar com motocicleta (ou similar) entre as faixas,Colisão traseira,Com Vítimas Feridas,Pleno dia,Decrescente,Nublado,Múltipla,Reta,Não,4,0,1,0,3,0,1,4,-26.87064015,-48.72954134,SPRF-SC,DEL04-SC,UOP04-DEL04-SC,2024
"581154,0",2024-02-14,quarta-feira,15:30:00,SC,280,"128,6",RIO NEGRINHO,Condutor deixou de manter distância do veículo da frente,Engavetamento,Com Vítimas Feridas,Pleno dia,Decrescente,Garoa/Chuvisco,Simples,Reta,Sim,6,0,3,0,2,1,3,6,-26.24317941,-49.51320018,SPRF-SC,DEL06-SC,UOP03-DEL06-SC,2024
"581171,0",2024-02-14,quarta-feira,18:30:00,SC,101,"121,0",ITAJAI,Reação tardia ou ineficiente do condutor,Engavetamento,Com Vítimas Feridas,Pleno dia,Decrescente,Nublado,Múltipla,Reta,Não,6,0,0,1,5,0,1,5,-26.92103178,-48.70856446,SPRF-SC,DEL04-SC,UOP04-DEL04-SC,2024
"581206,0",2024-02-14,quarta-feira,16:10:00,SC,282,"64,2",RANCHO QUEIMADO,Velocidade Incompatível,Colisão frontal,Com Vítimas Fatais,Pleno dia,Crescente,Chuva,Simples,Curva;Aclive,Não,3,1,0,0,1,1,0,3,-27.6972083,-49.0548425,SPRF-SC,DEL01-SC,UOP03-DEL01-SC,2024
"581267,0",2024-02-15,quinta-feira,08:35:00,SC,101,"114,3",ITAJAI,Ausência de reação do condutor,Colisão lateral mesmo sentido,Com Vítimas Feridas,Pleno dia,Decrescente,Nublado,Dupla,Reta,Não,4,0,1,0,2,1,1,3,-26.86192886,-48.7286704,SPRF-SC,DEL04-SC,UOP04-DEL04-SC,2024
"581299,0",2024-02-15,quinta-feira,09:40:00,SC,101,"94,5",BARRA VELHA,Desrespeitar a preferência no cruzamento,Colisão transversal,Com Vítimas Feridas,Pleno dia,Decrescente,Céu Claro,Simples,Interseção de Vias;Viaduto,Sim,3,0,0,1,2,0,1,3,-26.69940401,-48.69902784,SPRF-SC,DEL03-SC,UOP02-DEL03-SC,2024
"581302,0",2024-02-15,quinta-feira,13:45:00,SC,153,"97,0",CONCORDIA,Acessar a via sem observar a presença dos outros veículos,Colisão transversal,Com Vítimas Feridas,Pleno dia,Crescente,Chuva,Simples,Rotatória,Sim,2,0,1,0,1,0,1,2,-27.22456262,-51.95003271,SPRF-SC,DEL07-SC,UOP04-DEL07-SC,2024
"581330,0",2024-02-15,quinta-feira,06:30:00,SC,282,"73,1",RANCHO QUEIMADO,Reação tardia ou ineficiente do condutor,Tombamento,Com Vítimas Feridas,Pleno dia,Decrescente,Nublado,Simples,Reta,Não,1,0,1,0,0,0,1,1,-27.681437,-49.113388,SPRF-SC,DEL01-SC,UOP03-DEL01-SC,2024
"581413,0",2024-02-15,quinta-feira,16:55:00,SC,101,"396,0",MARACAJA,Ausência de reação do condutor,Colisão traseira,Com Vítimas Feridas,Pleno dia,Crescente,Céu Claro,Múltipla,Aclive,Não,2,0,0,1,1,0,1,2,-28.82459572,-49.40472033,SPRF-SC,DEL02-SC,UOP02-DEL02-SC,2024
"581421,0",2024-02-16,sexta-feira,06:00:00,SC,153,"92,7",CONCORDIA,Transitar na contramão,Colisão lateral sentido oposto,Com Vítimas Feridas,Amanhecer,Crescente,Nublado,Simples,Reta,Não,2,0,1,0,1,0,1,2,-27.185669,-51.931538,SPRF-SC,DEL07-SC,UOP04-DEL07-SC,2024
"581468,0",2024-02-16,sexta-feira,12:45:00,SC,101,"50,4",JOINVILLE,Demais falhas mecânicas ou elétricas,Colisão com objeto,Com Vítimas Feridas,Pleno dia,Crescente,Nublado,Dupla,Reta,Não,4,0,1,0,3,0,1,4,-26.380125,-48.851591,SPRF-SC,DEL03-SC,UOP01-DEL03-SC,2024
"581511,0",2024-02-16,sexta-feira,15:20:00,SC,470,"163,0",POUSO REDONDO,Acessar a via sem observar a presença dos outros veículos,Colisão traseira,Com Vítimas Feridas,Pleno dia,Crescente,Chuva,Simples,Reta,Não,4,0,2,0,2,0,2,2,-27.27660362,-49.85046744,SPRF-SC,DEL04-SC,UOP02-DEL04-SC,2024
"581612,0",2024-02-17,sábado,05:50:00,SC,101,"219,7",PALHOCA,Reação tardia ou ineficiente do condutor,Colisão lateral mesmo sentido,Com Vítimas Feridas,Amanhecer,Decrescente,Nublado,Múltipla,Reta,Não,3,0,0,1,1,2,1,4,-27.68392194,-48.66710085,SPRF-SC,DEL01-SC,UOP02-DEL01-SC,2024
"581624,0",2024-02-17,sábado,05:30:00,SC,280,"146,0",MAFRA,Velocidade Incompatível,Colisão frontal,Com Vítimas Feridas,Plena Noite,Crescente,Chuva,Simples,Curva;Declive,Não,2,0,0,1,1,0,1,2,-26.25487301,-49.66127724,SPRF-SC,DEL06-SC,UOP03-DEL06-SC,2024
"581645,0",2024-02-15,quinta-feira,09:30:00,SC,282,"617,0",IRACEMINHA,Chuva,Colisão lateral sentido oposto,Com Vítimas Feridas,Pleno dia,Decrescente,Chuva,Simples,Curva,Não,3,0,1,0,1,4,1,6,-26.782682,-53.285789,SPRF-SC,DEL07-SC,UOP02-DEL07-SC,2024
"581654,0",2024-02-17,sábado,10:30:00,SC,101,"120,0",ITAJAI,Condutor deixou de manter distância do veículo da frente,Colisão traseira,Com Vítimas Feridas,Pleno dia,Decrescente,Céu Claro,Dupla,Reta,Não,2,0,1,0,1,0,1,2,-26.912758,-48.711998,SPRF-SC,DEL04-SC,UOP04-DEL04-SC,2024
"581697,0",2024-02-17,sábado,16:20:00,SC,101,"5,8",GARUVA,Estacionar ou parar em local proibido,Colisão traseira,Com Vítimas Feridas,Pleno dia,Decrescente,Nublado,Dupla,Interseção de Vias;Reta,Sim,6,0,2,0,3,1,2,4,-26.01779797,-48.86233322,SPRF-SC,DEL03-SC,UOP01-DEL03-SC,2024
"581721,0",2024-02-17,sábado,17:50:00,SC,101,"307,3",LAGUNA,Reação tardia ou ineficiente do condutor,Colisão traseira,Com Vítimas Feridas,Anoitecer,Decrescente,Garoa/Chuvisco,Múltipla,Reta,Não,7,0,1,0,5,1,1,4,-28.41186742,-48.79322827,SPRF-SC,DEL02-SC,UOP03-DEL02-SC,2024
"581745,0",2024-02-17,sábado,14:50:00,SC,153,"111,2",CONCORDIA,Transitar na contramão,Colisão lateral mesmo sentido,Com Vítimas Fatais,Pleno dia,Crescente,Céu Claro,Simples,Reta,Não,4,1,1,0,1,1,1,3,-27.3271078,-51.9797747,SPRF-SC,DEL07-SC,UOP04-DEL07-SC,2024
"581821,0",2024-02-18,domingo,07:05:00,SC,101,"186,1",BIGUACU,Velocidade Incompatível,Colisão com objeto,Com Vítimas Feridas,Pleno dia,Crescente,Garoa/Chuvisco,Dupla,Curva,Não,3,0,1,0,1,2,1,4,-27.4341098,-48.62567129,SPRF-SC,DEL01-SC,UOP01-DEL01-SC,2024
"581832,0",2024-02-18,domingo,05:30:00,SC,158,"119,0",CAIBI,Demais falhas na via,Colisão lateral sentido oposto,Com Vítimas Feridas,Amanhecer,Crescente,Céu Claro,Simples,Reta,Não,3,0,1,0,1,3,1,5,-27.07838586,-53.22910309,SPRF-SC,DEL07-SC,UOP02-DEL07-SC,2024
"582002,0",2024-02-19,segunda-feira,08:40:00,SC,282,"21,7",SANTO AMARO DA IMPERATRIZ,Transitar na contramão,Colisão lateral sentido oposto,Com Vítimas Feridas,Pleno dia,Decrescente,Céu Claro,Simples,Curva,Sim,4,0,0,2,1,2,2,4,-27.68907,-48.717541,SPRF-SC,DEL01-SC,UOP02-DEL01-SC,2024
"582019,0",2024-02-19,segunda-feira,07:45:00,SC,282,"526,0",XAXIM,Condutor usando celular,Colisão frontal,Com Vítimas Feridas,Pleno dia,Crescente,Chuva,Simples,Curva,Não,3,0,1,1,0,1,2,3,-26.96869198,-52.57369252,SPRF-SC,DEL07-SC,UOP01-DEL07-SC,2024
"582023,0",2024-02-19,segunda-feira,10:45:00,SC,101,"28,2",JOINVILLE,Manobra de mudança de faixa,Colisão lateral mesmo sentido,Com Vítimas Feridas,Pleno dia,Decrescente,Sol,Dupla,Reta,Sim,4,0,1,0,2,1,1,3,-26.21412901,-48.91602516,SPRF-SC,DEL03-SC,UOP01-DEL03-SC,2024
"582054,0",2024-02-19,segunda-feira,13:15:00,SC,282,"103,9",ALFREDO WAGNER,Demais falhas mecânicas ou elétricas,Incêndio,Sem Vítimas,Pleno dia,Decrescente,Céu Claro,Simples,Reta,Sim,3,0,0,0,3,0,0,1,-27.694868,-49.324345,SPRF-SC,DEL01-SC,UOP03-DEL01-SC,2024
"582093,0",2024-02-19,segunda-feira,17:20:00,SC,101,"122,4",ITAJAI,Ausência de reação do condutor,Colisão lateral mesmo sentido,Com Vítimas Feridas,Pleno dia,Crescente,Céu Claro,Dupla,Reta,Não,3,0,0,1,1,1,1,3,-26.92955916,-48.70499836,SPRF-SC,DEL04-SC,UOP04-DEL04-SC,2024
"582136,0",2024-02-19,segunda-feira,13:15:00,SC,153,"29,6",AGUA DOCE,Acumulo de óleo sobre o pavimento,Colisão frontal,Com Vítimas Fatais,Pleno dia,Decrescente,Nublado,Simples,Declive;Curva,Não,3,1,1,0,0,2,1,4,-26.7904333,-51.6887564,SPRF-SC,DEL07-SC,UOP07-DEL07-SC,2024
"582167,0",2024-02-20,terça-feira,05:10:00,SC,116,"176,1",SAO CRISTOVAO DO SUL,Velocidade Incompatível,Tombamento,Com Vítimas Feridas,Amanhecer,Decrescente,Nublado,Simples,Curva,Não,2,0,1,0,0,2,1,3,-27.24164321,-50.46329137,SPRF-SC,DEL05-SC,UOP03-DEL05-SC,2024
"582229,0",2024-02-20,terça-feira,07:00:00,SC,282,"283,4",SAO JOSE DO CERRITO,Transitar na contramão,Colisão frontal,Com Vítimas Feridas,Pleno dia,Decrescente,Nublado,Simples,Aclive;Reta,Não,6,0,0,4,1,1,4,3,-27.574697,-50.783157,SPRF-SC,DEL05-SC,UOP02-DEL05-SC,2024
"582298,0",2024-02-20,terça-feira,13:20:00,SC,116,"245,6",LAGES,Velocidade Incompatível,Tombamento,Com Vítimas Feridas,Pleno dia,Crescente,Sol,Simples,Interseção de Vias;Rotatória,Sim,2,0,1,0,0,2,1,3,-27.79544281,-50.36187437,SPRF-SC,DEL05-SC,UOP02-DEL05-SC,2024
"582330,0",2024-02-21,quarta-feira,03:40:00,SC,101,"285,7",IMBITUBA,Ingestão de álcool pelo condutor,Colisão lateral mesmo sentido,Com Vítimas Feridas,Plena Noite,Decrescente,Céu Claro,Dupla,Curva;Declive,Não,2,0,1,0,0,1,1,2,-28.22947996,-48.70163526,SPRF-SC,DEL02-SC,UOP03-DEL02-SC,2024
"582357,0",2024-02-14,quarta-feira,02:30:00,SC,470,"2,2",NAVEGANTES,Frear bruscamente,Saída de leito carroçável,Com Vítimas Feridas,Plena Noite,Crescente,Garoa/Chuvisco,Múltipla,Desvio Temporário,Não,2,0,0,1,0,1,1,2,-26.868551,-48.674831,SPRF-SC,DEL04-SC,UOP04-DEL04-SC,2024
"582410,0",2024-02-21,quarta-feira,11:50:00,SC,101,"10,9",GARUVA,Reação tardia ou ineficiente do condutor,Colisão transversal,Com Vítimas Feridas,Pleno dia,Decrescente,Céu Claro,Dupla,Curva,Não,3,0,1,0,2,0,1,2,-26.063011,-48.86020605,SPRF-SC,DEL03-SC,UOP01-DEL03-SC,2024
"582418,0",2024-02-21,quarta-feira,09:00:00,SC,101,"324,8",CAPIVARI DE BAIXO,Reação tardia ou ineficiente do condutor,Colisão traseira,Com Vítimas Feridas,Pleno dia,Crescente,Céu Claro,Múltipla,Reta;Aclive,Não,4,0,3,0,1,0,3,3,-28.42516271,-48.93259193,SPRF-SC,DEL02-SC,UOP01-DEL02-SC,2024
"582449,0",2024-02-21,quarta-feira,16:40:00,SC,470,"81,3",RODEIO,Reação tardia ou ineficiente do condutor,Engavetamento,Com Vítimas Feridas,Pleno dia,Decrescente,Nublado,Simples,Curva;Em Obras,Não,4,0,1,0,3,0,1,3,-26.95419496,-49.32634061,SPRF-SC,DEL04-SC,UOP01-DEL04-SC,2024
"582459,0",2024-02-21,quarta-feira,16:20:00,SC,153,"111,5",CONCORDIA,Acessar a via sem observar a presença dos outros veículos,Colisão traseira,Com Vítimas Feridas,Pleno dia,Crescente,Céu Claro,Simples,Reta,Não,6,0,3,0,2,1,3,4,-27.319271,-51.983299,SPRF-SC,DEL07-SC,UOP04-DEL07-SC,2024
"582470,0",2024-02-21,quarta-feira,15:30:00,SC,282,"327,0",CAMPOS NOVOS,Reação tardia ou ineficiente do condutor,Tombamento,Com Vítimas Feridas,Pleno dia,Decrescente,Céu Claro,Simples,Rotatória,Não,2,0,0,1,0,1,1,2,-27.37542586,-51.06616974,SPRF-SC,DEL07-SC,UOP06-DEL07-SC,2024
"582473,0",2024-02-21,quarta-feira,19:50:00,SC,101,"46,9",JOINVILLE,Manobra de mudança de faixa,Colisão lateral mesmo sentido,Sem Vítimas,Plena Noite,Decrescente,Nublado,Múltipla,Desvio Temporário,Sim,3,0,0,0,2,1,0,3,-26.36599498,-48.85815382,SPRF-SC,DEL03-SC,UOP01-DEL03-SC,2024
"582511,0",2024-02-22,quinta-feira,01:20:00,SC,101,"149,9",ITAPEMA,Ingestão de álcool pelo condutor,Colisão lateral mesmo sentido,Com Vítimas Feridas,Plena Noite,Decrescente,Nublado,Múltipla,Túnel;Curva;Retorno Regulamentado,Sim,2,0,1,0,0,1,1,2,-27.1089649,-48.61277586,SPRF-SC,DEL04-SC,UOP03-DEL04-SC,2024
"582542,0",2024-02-22,quinta-feira,08:30:00,SC,470,"47,0",BLUMENAU,Condutor usando celular,Colisão frontal,Com Vítimas Feridas,Pleno dia,Crescente,Céu Claro,Simples,Curva;Em Obras,Sim,2,0,1,1,0,0,2,2,-26.864044,-49.046516,SPRF-SC,DEL04-SC,UOP01-DEL04-SC,2024
"582584,0",2024-02-22,quinta-feira,10:00:00,SC,101,"100,5",BALNEARIO PICARRAS,Trafegar com motocicleta (ou similar) entre as faixas,Colisão lateral mesmo sentido,Com Vítimas Feridas,Pleno dia,Crescente,Céu Claro,Dupla,Reta,Sim,3,0,0,1,1,2,1,4,-26.75482787,-48.68993675,SPRF-SC,DEL03-SC,UOP02-DEL03-SC,2024
"582657,0",2024-02-22,quinta-feira,18:15:00,SC,470,"97,1",APIUNA,Acessar a via sem observar a presença dos outros veículos,Colisão transversal,Com Vítimas Feridas,Anoitecer,Crescente,Nevoeiro/Neblina,Simples,Interseção de Vias;Reta,Sim,6,0,3,1,1,1,4,3,-27.026621,-49.378124,SPRF-SC,DEL04-SC,UOP01-DEL04-SC,2024
"582686,0",2024-02-22,quinta-feira,22:00:00,SC,101,"98,5",BALNEARIO PICARRAS,Pedestre cruzava a pista fora da faixa,Atropelamento de Pedestre,Com Vítimas Fatais,Plena Noite,Crescente,Chuva,Dupla,Curva,Não,4,1,0,0,1,2,0,3,-26.746573,-48.696797,SPRF-SC,DEL03-SC,UOP02-DEL03-SC,2024
"582726,0",2024-02-23,sexta-feira,06:45:00,SC,470,"233,0",SAO CRISTOVAO DO SUL,Ausência de reação do condutor,Tombamento,Com Vítimas Feridas,Pleno dia,Crescente,Nublado,Simples,Curva;Interseção de Vias;Rotatória,Não,1,0,1,0,0,0,1,1,-27.30112578,-50.42602301,SPRF-SC,DEL05-SC,UOP03-DEL05-SC,2024
"582768,0",2024-02-23,sexta-feira,12:20:00,SC,282,"523,7",XAXIM,Ausência de reação do condutor,Colisão lateral sentido oposto,Com Vítimas Feridas,Pleno dia,Crescente,Céu Claro,Simples,Curva,Não,3,0,1,0,1,1,1,3,-26.963129,-52.548851,SPRF-SC,DEL07-SC,UOP01-DEL07-SC,2024
"582769,0",2024-02-23,sexta-feira,12:15:00,SC,101,"13,1",GARUVA,Condutor deixou de manter distância do veículo da frente,Colisão traseira,Com Vítimas Feridas,Pleno dia,Decrescente,Sol,Dupla,Aclive;Reta,Não,6,0,2,0,3,1,2,3,-26.08986803,-48.86345096,SPRF-SC,DEL03-SC,UOP01-DEL03-SC,2024
"582795,0",2024-02-23,sexta-feira,11:50:00,SC,285,"38,0",TIMBE DO SUL,Conversão proibida,Colisão transversal,Com Vítimas Feridas,Pleno dia,Decrescente,Céu Claro,Simples,Reta,Sim,2,0,1,0,1,0,1,2,-28.87667248,-49.75661467,SPRF-SC,DEL02-SC,UOP02-DEL02-SC,2024
"582837,0",2024-02-23,sexta-feira,18:15:00,SC,101,"202,2",SAO JOSE,Condutor deixou de manter distância do veículo da frente,Colisão traseira,Com Vítimas Feridas,Pleno dia,Crescente,Céu Claro,Múltipla,Reta,Sim,3,0,1,0,2,0,1,2,-27.55711595,-48.61897889,SPRF-SC,DEL01-SC,UOP01-DEL01-SC,2024
"583007,0",2024-02-24,sábado,12:15:00,SC,282,"538,9",CHAPECO,Reação tardia ou ineficiente do condutor,Colisão traseira,Sem Vítimas,Pleno dia,Decrescente,Céu Claro,Simples,Curva;Declive,Não,3,0,0,0,2,2,0,4,-27.00079038,-52.67025948,SPRF-SC,DEL07-SC,UOP01-DEL07-SC,2024
"583008,0",2024-02-24,sábado,10:50:00,SC,101,"253,1",PAULO LOPES,Condutor Dormindo,Saída de leito carroçável,Com Vítimas Feridas,Pleno dia,Decrescente,Céu Claro,Dupla,Reta,Sim,1,0,1,0,0,0,1,1,-27.96492999,-48.67962057,SPRF-SC,DEL02-SC,UOP03-DEL02-SC,2024
"583018,0",2024-02-24,sábado,15:00:00,SC,101,"220,8",PALHOCA,Manobra de mudança de faixa,Colisão lateral mesmo sentido,Com Vítimas Feridas,Pleno dia,Crescente,Nublado,Dupla,Reta,Sim,3,0,1,0,1,1,1,3,-27.69198941,-48.66368358,SPRF-SC,DEL01-SC,UOP02-DEL01-SC,2024
"583064,0",2024-02-24,sábado,16:30:00,SC,280,"152,8",MAFRA,Velocidade Incompatível,Colisão frontal,Com Vítimas Fatais,Pleno dia,Decrescente,Chuva,Simples,Aclive;Curva,Não,3,1,0,0,1,1,0,3,-26.2236769,-49.7112766,SPRF-SC,DEL06-SC,UOP03-DEL06-SC,2024
"583085,0",2024-02-24,sábado,19:40:00,SC,116,"172,0",PONTE ALTA DO NORTE,Ausência de reação do condutor,Colisão lateral mesmo sentido,Sem Vítimas,Plena Noite,Decrescente,Garoa/Chuvisco,Simples,Curva,Não,3,0,0,0,1,2,0,3,-27.2035,-50.4657062,SPRF-SC,DEL05-SC,UOP03-DEL05-SC,2024
"583196,0",2024-02-25,domingo,06:30:00,SC,282,"612,3",MARAVILHA,Ingestão de álcool pelo condutor,Colisão lateral sentido oposto,Sem Vítimas,Pleno dia,Crescente,Céu Claro,Simples,Curva,Não,3,0,0,0,2,1,0,3,-26.76254832,-53.25107574,SPRF-SC,DEL07-SC,UOP02-DEL07-SC,2024
"583213,0",2024-02-25,domingo,11:25:00,SC,101,"119,8",ITAJAI,Acesso irregular,Colisão traseira,Com Vítimas Feridas,Pleno dia,Decrescente,Nublado,Múltipla,Reta,Sim,5,0,1,0,3,1,1,4,-26.9043179,-48.71555481,SPRF-SC,DEL04-SC,UOP04-DEL04-SC,2024
"583434,0",2024-02-26,segunda-feira,10:30:00,SC,101,"209,2",SAO JOSE,Trafegar com motocicleta (ou similar) entre as faixas,Colisão traseira,Com Vítimas Feridas,Pleno dia,Decrescente,Nublado,Múltipla,Reta;Aclive,Sim,4,0,0,1,2,2,1,5,-27.61000542,-48.63895057,SPRF-SC,DEL01-SC,UOP01-DEL01-SC,2024
"583444,0",2024-02-26,segunda-feira,11:50:00,SC,282,"0,3",FLORIANOPOLIS,Manobra de mudança de faixa,Colisão lateral mesmo sentido,Com Vítimas Feridas,Pleno dia,Decrescente,Nublado,Múltipla,Reta;Declive,Sim,2,0,1,0,1,0,1,2,-27.59845,-48.571995,SPRF-SC,DEL01-SC,UOP01-DEL01-SC,2024
"583455,0",2024-02-26,segunda-feira,13:30:00,SC,101,"199,7",SAO JOSE,Ultrapassagem Indevida,Colisão lateral mesmo sentido,Com Vítimas Feridas,Pleno dia,Crescente,Nublado,Múltipla,Aclive,Não,3,0,0,1,2,0,1,3,-27.53413705,-48.63003205,SPRF-SC,DEL01-SC,UOP01-DEL01-SC,2024
"583471,0",2024-02-26,segunda-feira,12:55:00,SC,116,"152,4",SANTA CECILIA,Velocidade Incompatível,Colisão com objeto,Sem Vítimas,Pleno dia,Decrescente,Nublado,Múltipla,Curva,Não,2,0,0,0,1,1,0,2,-27.04856485,-50.42638928,SPRF-SC,DEL06-SC,UOP02-DEL06-SC,2024
"583562,0",2024-02-26,segunda-feira,20:50:00,SC,282,"72,0",RANCHO QUEIMADO,Reação tardia ou ineficiente do condutor,Colisão frontal,Com Vítimas Feridas,Plena Noite,Decrescente,Chuva,Múltipla,Declive;Curva,Não,4,0,2,0,1,1,2,3,-27.683439,-49.105259,SPRF-SC,DEL01-SC,UOP03-DEL01-SC,2024
"583627,0",2024-02-27,terça-feira,09:00:00,SC,101,"222,0",PALHOCA,Acessar a via sem observar a presença dos outros veículos,Colisão com objeto,Com Vítimas Feridas,Pleno dia,Decrescente,Nublado,Dupla,Reta,Não,3,0,2,0,0,1,2,2,-27.70865409,-48.65586407,SPRF-SC,DEL01-SC,UOP02-DEL01-SC,2024
"583639,0",2024-02-27,terça-feira,11:00:00,SC,101,"199,0",BIGUACU,Reação tardia ou ineficiente do condutor,Colisão traseira,Com Vítimas Feridas,Pleno dia,Crescente,Garoa/Chuvisco,Dupla,Reta,Sim,5,0,2,0,2,1,2,4,-27.53413705,-48.63003205,SPRF-SC,DEL01-SC,UOP01-DEL01-SC,2024