id,data_inversa,dia_semana,horario,uf,br,km,municipio,causa_acidente,tipo_acidente,classificacao_acidente,fase_dia,sentido_via,condicao_metereologica,tipo_pista,tracado_via,uso_solo,pessoas,mortos,feridos_leves,feridos_graves,ilesos,ignorados,feridos,veiculos,latitude,longitude,regional,delegacia,uop,ano_arquivo
"605910,0",2024-06-08,sábado,06:00:00,SC,282,"17,4",PALHOCA,Acessar a via sem observar a presença dos outros veículos,Colisão transversal,Com Vítimas Feridas,Plena Noite,Decrescente,Céu Claro,Simples,Interseção de Vias,Não,3,0,0,1,2,0,1,3,-27.665707,-48.688065,SPRF-SC,DEL01-SC,UOP02-DEL01-SC,2024
"606063,0",2024-06-08,sábado,16:25:00,SC,282,"332,5",CAMPOS NOVOS,Condutor usando celular,Colisão lateral sentido oposto,Sem Vítimas,Pleno dia,Decrescente,Céu Claro,Simples,Reta,Não,3,0,0,0,1,2,0,3,-27.390564,-51.125843,SPRF-SC,DEL07-SC,UOP06-DEL07-SC,2024
"606080,0",2024-06-08,sábado,18:40:00,SC,101,"124,1",ITAJAI,Manobra de mudança de faixa,Colisão lateral mesmo sentido,Com Vítimas Feridas,Plena Noite,Decrescente,Céu Claro,Dupla,Reta,Sim,2,0,1,0,1,0,1,2,-26.94335064,-48.69198648,SPRF-SC,DEL04-SC,UOP04-DEL04-SC,2024
"606182,0",2024-06-09,domingo,03:00:00,SC,280,"21,0",ARAQUARI,Iluminação deficiente,Colisão transversal,Com Vítimas Feridas,Plena Noite,Crescente,Nublado,Simples,Reta,Sim,3,0,1,0,1,2,1,4,-26.37043169,-48.69219602,SPRF-SC,DEL03-SC,UOP03-DEL03-SC,2024
"606204,0",2024-06-09,domingo,03:15:00,SC,470,"239,0",SAO CRISTOVAO DO SUL,Transitar na contramão,Colisão frontal,Com Vítimas Fatais,Plena Noite,Decrescente,Nublado,Simples,Em Obras;Desvio Temporário;Curva;Aclive,Não,4,1,2,1,0,0,3,2,-27.306276,-50.480236,SPRF-SC,DEL05-SC,UOP03-DEL05-SC,2024
"606351,0",2024-06-09,domingo,09:30:00,SC,470,"281,9",BRUNOPOLIS,Velocidade Incompatível,Tombamento,Com Vítimas Fatais,Pleno dia,Crescente,Céu Claro,Simples,Curva;Aclive,Não,11,2,2,0,6,1,2,4,-27.3336866,-50.8858868,SPRF-SC,DEL07-SC,UOP06-DEL07-SC,2024
"606355,0",2024-06-09,domingo,14:25:00,SC,101,"168,0",TIJUCAS,Acessar a via sem observar a presença dos outros veículos,Colisão lateral mesmo sentido,Com Vítimas Feridas,Pleno dia,Decrescente,Céu Claro,Dupla,Reta,Não,2,0,1,0,1,0,1,2,-27.279105,-48.631554,SPRF-SC,DEL04-SC,UOP03-DEL04-SC,2024
"606414,0",2024-06-09,domingo,20:00:00,SC,282,"539,6",CHAPECO,Velocidade Incompatível,Tombamento,Com Vítimas Feridas,Pleno dia,Crescente,Céu Claro,Simples,Curva,Não,1,0,1,0,0,0,1,1,-26.99134246,-52.68614704,SPRF-SC,DEL07-SC,UOP01-DEL07-SC,2024
"606445,0",2024-06-10,segunda-feira,04:00:00,SC,101,"117,2",ITAJAI,Demais falhas mecânicas ou elétricas,Colisão lateral mesmo sentido,Com Vítimas Fatais,Amanhecer,Decrescente,Céu Claro,Múltipla,Reta;Declive,Sim,3,1,0,0,2,0,0,3,-26.8890227,-48.7217396,SPRF-SC,DEL04-SC,UOP04-DEL04-SC,2024
"606493,0",2024-06-10,segunda-feira,08:50:00,SC,282,"535,1",CHAPECO,Desrespeitar a preferência no cruzamento,Colisão transversal,Com Vítimas Feridas,Pleno dia,Decrescente,Céu Claro,Dupla,Aclive;Interseção de Vias,Sim,3,0,3,0,0,0,3,2,-26.99973884,-52.64651656,SPRF-SC,DEL07-SC,UOP01-DEL07-SC,2024
"606505,0",2024-05-23,quinta-feira,20:10:00,SC,470,"1,0",NAVEGANTES,Reação tardia ou ineficiente do condutor,Colisão traseira,Com Vítimas Feridas,Plena Noite,Decrescente,Céu Claro,Dupla,Reta,Sim,5,0,1,0,3,1,1,3,-26.875383,-48.668285,SPRF-SC,DEL04-SC,UOP04-DEL04-SC,2024
"606576,0",2024-06-10,segunda-feira,16:25:00,SC,282,"516,0",XAXIM,Frear bruscamente,Engavetamento,Sem Vítimas,Pleno dia,Decrescente,Céu Claro,Simples,Rotatória,Não,10,0,0,0,9,1,0,4,-26.930862,-52.499157,SPRF-SC,DEL07-SC,UOP01-DEL07-SC,2024
"606710,0",2024-04-20,sábado,11:05:00,SC,282,"515,3",XAXIM,Ultrapassagem Indevida,Colisão lateral mesmo sentido,Com Vítimas Fatais,Pleno dia,Crescente,Sol,Simples,Reta,Não,5,1,1,1,2,0,2,5,-26.9238,-52.49686,SPRF-SC,DEL07-SC,UOP01-DEL07-SC,2024
"606744,0",2024-06-11,terça-feira,09:00:00,SC,153,"49,0",VARGEM BONITA,Condutor deixou de manter distância do veículo da frente,Colisão traseira,Com Vítimas Feridas,Pleno dia,Decrescente,Céu Claro,Simples,Reta,Não,5,0,2,0,2,1,2,3,-26.908381,-51.783154,SPRF-SC,DEL07-SC,UOP07-DEL07-SC,2024
"606755,0",2024-06-11,terça-feira,13:42:00,SC,101,"210,3",SAO JOSE,Ausência de reação do condutor,Colisão lateral mesmo sentido,Com Vítimas Feridas,Pleno dia,Decrescente,Céu Claro,Múltipla,Reta,Sim,3,0,1,0,1,1,1,3,-27.6167305,-48.6457265,SPRF-SC,DEL01-SC,UOP01-DEL01-SC,2024
"606784,0",2024-06-11,terça-feira,11:30:00,SC,116,"145,6",SANTA CECILIA,Reação tardia ou ineficiente do condutor,Derramamento de carga,Com Vítimas Feridas,Pleno dia,Crescente,Céu Claro,Simples,Curva,Não,10,0,0,4,5,4,4,11,-26.99474,-50.411757,SPRF-SC,DEL06-SC,UOP02-DEL06-SC,2024
"606800,0",2024-06-11,terça-feira,18:20:00,SC,101,"44,0",JOINVILLE,Trafegar com motocicleta (ou similar) entre as faixas,Colisão lateral mesmo sentido,Com Vítimas Feridas,Plena Noite,Crescente,Céu Claro,Simples,Interseção de Vias,Não,2,0,1,0,1,0,1,2,-26.31238996,-48.87458997,SPRF-SC,DEL03-SC,UOP01-DEL03-SC,2024
"606846,0",2024-06-11,terça-feira,19:15:00,SC,282,"459,1",PONTE SERRADA,Velocidade Incompatível,Saída de leito carroçável,Com Vítimas Feridas,Plena Noite,Crescente,Céu Claro,Simples,Reta,Não,1,0,1,0,0,0,1,1,-26.863695,-52.024818,SPRF-SC,DEL07-SC,UOP04-DEL07-SC,2024
"606979,0",2024-06-12,quarta-feira,13:10:00,SC,280,"304,6",PORTO UNIAO,Carga excessiva e/ou mal acondicionada,Colisão com objeto,Com Vítimas Feridas,Pleno dia,Crescente,Céu Claro,Simples,Reta,Sim,2,0,1,0,0,1,1,2,-26.27999553,-51.05063229,SPRF-SC,DEL06-SC,UOP04-DEL06-SC,2024
"606994,0",2024-06-12,quarta-feira,14:50:00,SC,470,"89,8",ASCURRA,Reação tardia ou ineficiente do condutor,Colisão transversal,Com Vítimas Feridas,Pleno dia,Crescente,Sol,Simples,Reta,Sim,2,0,1,0,1,0,1,2,-26.97769,-49.369198,SPRF-SC,DEL04-SC,UOP01-DEL04-SC,2024
"607033,0",2024-06-12,quarta-feira,18:50:00,SC,470,"69,0",INDAIAL,Ultrapassagem Indevida,Colisão transversal,Com Vítimas Feridas,Plena Noite,Crescente,Céu Claro,Múltipla,Aclive;Reta,Sim,2,0,1,0,1,0,1,2,-26.88575124,-49.25012112,SPRF-SC,DEL04-SC,UOP01-DEL04-SC,2024
"607052,0",2024-06-12,quarta-feira,18:20:00,SC,101,"142,0",ITAPEMA,Trafegar com motocicleta (ou similar) entre as faixas,Colisão traseira,Com Vítimas Feridas,Plena Noite,Crescente,Céu Claro,Simples,Declive,Não,2,0,1,0,0,1,1,2,-27.056089,-48.599449,SPRF-SC,DEL04-SC,UOP03-DEL04-SC,2024
"607093,0",2024-06-13,quinta-feira,02:00:00,SC,116,"31,3",ITAIOPOLIS,Ingestão de álcool pelo condutor,Colisão lateral mesmo sentido,Sem Vítimas,Plena Noite,Decrescente,Céu Claro,Simples,Reta,Não,3,0,0,0,2,1,0,3,-26.31708989,-49.97099106,SPRF-SC,DEL06-SC,UOP01-DEL06-SC,2024
"607094,0",2024-06-13,quinta-feira,00:40:00,SC,116,"30,5",ITAIOPOLIS,Ingestão de álcool pelo condutor,Colisão lateral sentido oposto,Com Vítimas Fatais,Plena Noite,Decrescente,Céu Claro,Simples,Curva;Declive,Não,3,1,0,0,2,0,0,3,-26.31187517,-49.96286886,SPRF-SC,DEL06-SC,UOP01-DEL06-SC,2024
"607147,0",2024-06-13,quinta-feira,09:50:00,SC,101,"275,5",IMBITUBA,Trafegar com motocicleta (ou similar) entre as faixas,Tombamento,Com Vítimas Feridas,Pleno dia,Crescente,Céu Claro,Múltipla,Reta,Não,4,0,2,0,1,2,2,4,-28.153294,-48.692543,SPRF-SC,DEL02-SC,UOP03-DEL02-SC,2024
"607204,0",2024-06-13,quinta-feira,14:45:00,SC,282,"82,2",ALFREDO WAGNER,Reação tardia ou ineficiente do condutor,Colisão traseira,Com Vítimas Feridas,Pleno dia,Decrescente,Céu Claro,Simples,Curva;Aclive,Não,4,0,1,0,3,0,1,3,-27.662027,-49.178356,SPRF-SC,DEL01-SC,UOP03-DEL01-SC,2024
"607215,0",2024-06-13,quinta-feira,17:20:00,SC,101,"204,0",SAO JOSE,Manobra de mudança de faixa,Colisão lateral mesmo sentido,Com Vítimas Feridas,Anoitecer,Crescente,Céu Claro,Múltipla,Reta,Não,5,0,1,1,2,1,2,4,-27.57413014,-48.61363083,SPRF-SC,DEL01-SC,UOP01-DEL01-SC,2024
"607233,0",2024-06-13,quinta-feira,17:30:00,SC,101,"134,0",BALNEARIO CAMBORIU,Reação tardia ou ineficiente do condutor,Atropelamento de Pedestre,Com Vítimas Feridas,Pleno dia,Decrescente,Nublado,Múltipla,Reta,Sim,2,0,0,1,1,0,1,2,-27.00218,-48.636433,SPRF-SC,DEL04-SC,UOP03-DEL04-SC,2024
"607247,0",2024-04-06,sábado,17:00:00,SC,470,"127,7",LONTRAS,Transitar na contramão,Colisão frontal,Com Vítimas Fatais,Pleno dia,Crescente,Céu Claro,Simples,Curva,Não,3,1,1,0,1,0,1,3,-27.14250001,-49.54870489,SPRF-SC,DEL04-SC,UOP02-DEL04-SC,2024
"607265,0",2024-06-13,quinta-feira,09:40:00,SC,163,"68,9",SAO MIGUEL DO OESTE,Reação tardia ou ineficiente do condutor,Colisão lateral mesmo sentido,Com Vítimas Feridas,Pleno dia,Crescente,Céu Claro,Dupla,Reta;Declive,Sim,3,0,1,0,1,3,1,5,-26.74254442,-53.50100398,SPRF-SC,DEL07-SC,UOP03-DEL07-SC,2024
"607330,0",2024-06-14,sexta-feira,01:00:00,SC,282,"477,9",VARGEAO,Ingestão de álcool pelo condutor,Tombamento,Sem Vítimas,Pleno dia,Decrescente,Céu Claro,Simples,Curva,Não,2,0,0,0,1,1,0,2,-26.88257511,-52.16845618,SPRF-SC,DEL07-SC,UOP01-DEL07-SC,2024
"607340,0",2024-06-13,quinta-feira,20:50:00,SC,153,"11,0",AGUA DOCE,Velocidade Incompatível,Colisão com objeto,Com Vítimas Feridas,Plena Noite,Decrescente,Céu Claro,Simples,Reta;Ponte,Não,1,0,1,0,0,0,1,1,-26.678205,-51.554218,SPRF-SC,DEL07-SC,UOP07-DEL07-SC,2024
"607361,0",2024-03-29,sexta-feira,03:20:00,SC,101,"138,6",BALNEARIO CAMBORIU,Ingestão de álcool pelo condutor,Colisão lateral mesmo sentido,Com Vítimas Feridas,Plena Noite,Crescente,Nublado,Múltipla,Aclive;Reta,Sim,5,0,1,0,3,1,1,4,-27.02397426,-48.60761649,SPRF-SC,DEL04-SC,UOP03-DEL04-SC,2024
"607387,0",2024-06-14,sexta-feira,09:15:00,SC,101,"130,3",BALNEARIO CAMBORIU,Manobra de mudança de faixa,Colisão lateral mesmo sentido,Com Vítimas Feridas,Pleno dia,Decrescente,Céu Claro,Dupla,Reta,Sim,4,0,1,0,2,1,1,3,-26.98407618,-48.66977107,SPRF-SC,DEL04-SC,UOP03-DEL04-SC,2024
"607401,0",2024-06-14,sexta-feira,10:30:00,SC,101,"206,0",SAO JOSE,Reação tardia ou ineficiente do condutor,Engavetamento,Sem Vítimas,Pleno dia,Crescente,Céu Claro,Múltipla,Aclive;Reta,Sim,7,0,0,0,7,0,0,7,-27.59193546,-48.61824557,SPRF-SC,DEL01-SC,UOP01-DEL01-SC,2024
"607451,0",2024-06-14,sexta-feira,14:40:00,SC,101,"47,8",JOINVILLE,Condutor deixou de manter distância do veículo da frente,Colisão com objeto,Sem Vítimas,Pleno dia,Crescente,Céu Claro,Dupla,Aclive,Não,1,0,0,0,1,0,0,1,-26.34234997,-48.85840089,SPRF-SC,DEL03-SC,UOP01-DEL03-SC,2024
"607465,0",2024-06-14,sexta-feira,16:20:00,SC,470,"59,9",BLUMENAU,Ausência de reação do condutor,Colisão traseira,Com Vítimas Feridas,Pleno dia,Decrescente,Céu Claro,Simples,Reta,Sim,5,0,1,1,2,1,2,4,-26.882812,-49.1548,SPRF-SC,DEL04-SC,UOP01-DEL04-SC,2024
"607564,0",2024-06-15,sábado,00:45:00,SC,116,"218,7",CORREIA PINTO,Transitar na contramão,Colisão lateral sentido oposto,Com Vítimas Feridas,Plena Noite,Decrescente,Céu Claro,Simples,Reta,Não,5,0,1,1,2,2,2,5,-27.56247698,-50.37616896,SPRF-SC,DEL05-SC,UOP03-DEL05-SC,2024
"607567,0",2024-06-15,sábado,01:00:00,SC,101,"145,3",ITAPEMA,Reação tardia ou ineficiente do condutor,Colisão traseira,Com Vítimas Fatais,Plena Noite,Decrescente,Céu Claro,Dupla,Aclive;Reta,Sim,3,1,0,0,1,1,0,3,-27.08139206,-48.60130993,SPRF-SC,DEL04-SC,UOP03-DEL04-SC,2024
"607577,0",2024-06-15,sábado,01:30:00,SC,470,"194,2",POUSO REDONDO,Condutor Dormindo,Saída de leito carroçável,Com Vítimas Feridas,Plena Noite,Crescente,Nevoeiro/Neblina,Simples,Curva;Aclive,Não,2,0,0,1,0,1,1,2,-27.300501,-50.080284,SPRF-SC,DEL04-SC,UOP02-DEL04-SC,2024
"607638,0",2024-06-15,sábado,10:25:00,SC,101,"206,9",SAO JOSE,Condutor deixou de manter distância do veículo da frente,Colisão traseira,Com Vítimas Feridas,Pleno dia,Crescente,Céu Claro,Múltipla,Reta,Sim,8,0,4,0,3,1,4,6,-27.59193546,-48.61824557,SPRF-SC,DEL01-SC,UOP01-DEL01-SC,2024
"607644,0",2024-06-15,sábado,10:51:00,SC,163,"69,0",SAO MIGUEL DO OESTE,Desrespeitar a preferência no cruzamento,Colisão transversal,Com Vítimas Feridas,Pleno dia,Decrescente,Céu Claro,Dupla,Interseção de Vias,Sim,3,0,1,0,1,1,1,3,-26.74369417,-53.50131512,SPRF-SC,DEL07-SC,UOP03-DEL07-SC,2024
"607688,0",2024-06-15,sábado,12:05:00,SC,101,"87,4",BARRA VELHA,Reação tardia ou ineficiente do condutor,Colisão lateral mesmo sentido,Com Vítimas Feridas,Pleno dia,Decrescente,Céu Claro,Dupla,Reta,Sim,3,0,1,1,0,1,2,2,-26.63529888,-48.69881988,SPRF-SC,DEL03-SC,UOP02-DEL03-SC,2024
"607745,0",2024-06-15,sábado,19:00:00,SC,470,"231,4",SAO CRISTOVAO DO SUL,Reação tardia ou ineficiente do condutor,Colisão traseira,Com Vítimas Feridas,Plena Noite,Crescente,Nublado,Simples,Curva,Não,4,0,1,0,2,1,1,3,-27.30423,-50.401447,SPRF-SC,DEL05-SC,UOP03-DEL05-SC,2024
"607748,0",2024-06-15,sábado,20:10:00,SC,158,"126,5",CAIBI,Ingestão de álcool pelo condutor,Colisão frontal,Com Vítimas Feridas,Plena Noite,Decrescente,Nublado,Simples,Reta,Não,2,0,1,0,1,0,1,2,-27.04689545,-53.22738647,SPRF-SC,DEL07-SC,UOP02-DEL07-SC,2024
"607850,0",2024-06-16,domingo,08:40:00,SC,101,"49,0",JOINVILLE,Ingestão de álcool pelo condutor,Saída de leito carroçável,Sem Vítimas,Pleno dia,Crescente,Nublado,Simples,Retorno Regulamentado,Não,2,0,0,0,1,1,0,2,-26.38940933,-48.84581566,SPRF-SC,DEL03-SC,UOP01-DEL03-SC,2024
"607951,0",2024-06-16,domingo,18:00:00,SC,101,"218,2",PALHOCA,Pedestre cruzava a pista fora da faixa,Atropelamento de Pedestre,Com Vítimas Fatais,Plena Noite,Decrescente,Céu Claro,Múltipla,Reta,Sim,2,1,0,0,0,1,0,2,-27.677525,-48.66984,SPRF-SC,DEL01-SC,UOP02-DEL01-SC,2024
"607979,0",2024-06-16,domingo,19:40:00,SC,101,"243,1",PALHOCA,Reação tardia ou ineficiente do condutor,Engavetamento,Sem Vítimas,Plena Noite,Decrescente,Garoa/Chuvisco,Múltipla,Reta,Não,4,0,0,0,3,1,0,4,-27.88419902,-48.64750077,SPRF-SC,DEL01-SC,UOP02-DEL01-SC,2024
"608102,0",2024-06-17,segunda-feira,07:45:00,SC,116,"85,2",MONTE CASTELO,Transitar na contramão,Colisão lateral sentido oposto,Com Vítimas Feridas,Pleno dia,Crescente,Chuva,Simples,Curva,Não,4,0,1,0,3,0,1,3,-26.60122995,-50.22615221,SPRF-SC,DEL06-SC,UOP02-DEL06-SC,2024
"608177,0",2024-05-18,sábado,14:20:00,SC,282,"393,0",JOACABA,Ingestão de álcool pelo condutor,Colisão lateral mesmo sentido,Com Vítimas Feridas,Pleno dia,Decrescente,Garoa/Chuvisco,Simples,Curva;Aclive,Não,6,0,1,0,5,0,1,2,-27.160221,-51.573895,SPRF-SC,DEL07-SC,UOP05-DEL07-SC,2024
"608223,0",2024-06-17,segunda-feira,14:50:00,SC,101,"45,9",JOINVILLE,Estacionar ou parar em local proibido,Colisão traseira,Com Vítimas Feridas,Pleno dia,Decrescente,Céu Claro,Múltipla,Reta,Não,3,0,1,1,1,0,2,2,-26.32214492,-48.8689509,SPRF-SC,DEL03-SC,UOP01-DEL03-SC,2024
"608347,0",2024-06-18,terça-feira,10:00:00,SC,470,"258,2",CURITIBANOS,Chuva,Saída de leito carroçável,Com Vítimas Feridas,Pleno dia,Crescente,Chuva,Simples,Curva;Declive,Não,2,0,2,0,0,0,2,1,-27.30164872,-50.66689342,SPRF-SC,DEL05-SC,UOP03-DEL05-SC,2024
"608373,0",2024-05-06,segunda-feira,01:30:00,SC,101,"142,0",BALNEARIO CAMBORIU,Manobra de mudança de faixa,Colisão traseira,Com Vítimas Feridas,Plena Noite,Crescente,Céu Claro,Simples,Reta;Declive,Sim,2,0,0,1,0,1,1,2,-27.056089,-48.599449,SPRF-SC,DEL04-SC,UOP03-DEL04-SC,2024
"608376,0",2024-06-18,terça-feira,13:54:00,SC,470,"1,4",NAVEGANTES,Acessar a via sem observar a presença dos outros veículos,Colisão transversal,Com Vítimas Feridas,Pleno dia,Decrescente,Céu Claro,Simples,Reta;Em Obras,Sim,3,0,0,1,1,1,1,3,-26.875383,-48.668285,SPRF-SC,DEL04-SC,UOP04-DEL04-SC,2024
"608387,0",2024-06-18,terça-feira,14:50:00,SC,470,"92,3",APIUNA,Velocidade Incompatível,Colisão com objeto,Com Vítimas Feridas,Pleno dia,Decrescente,Céu Claro,Simples,Retorno Regulamentado;Reta,Não,3,0,0,1,1,1,1,3,-26.98909863,-49.37424302,SPRF-SC,DEL04-SC,UOP01-DEL04-SC,2024
"608391,0",2024-06-18,terça-feira,16:00:00,SC,280,"248,0",CANOINHAS,Ausência de reação do condutor,Colisão traseira,Com Vítimas Feridas,Pleno dia,Crescente,Céu Claro,Simples,Aclive,Não,2,0,0,1,1,0,1,2,-26.25130977,-50.52296105,SPRF-SC,DEL06-SC,UOP04-DEL06-SC,2024
"608403,0",2024-06-18,terça-feira,17:35:00,SC,101,"130,4",CAMBORIU,Trafegar com motocicleta (ou similar) entre as faixas,Colisão traseira,Com Vítimas Feridas,Pleno dia,Crescente,Nublado,Dupla,Reta,Sim,4,0,2,0,2,0,2,4,-26.98636433,-48.6663866,SPRF-SC,DEL04-SC,UOP03-DEL04-SC,2024
"608410,0",2024-06-18,terça-feira,18:20:00,SC,470,"65,0",INDAIAL,Condutor deixou de manter distância do veículo da frente,Colisão traseira,Com Vítimas Feridas,Plena Noite,Crescente,Céu Claro,Simples,Reta,Não,2,0,1,0,1,0,1,2,-26.87049697,-49.2135787,SPRF-SC,DEL04-SC,UOP01-DEL04-SC,2024
"608436,0",2024-06-18,terça-feira,18:30:00,SC,480,"125,4",CHAPECO,Manobra de mudança de faixa,Colisão lateral mesmo sentido,Com Vítimas Feridas,Plena Noite,Crescente,Nublado,Dupla,Reta,Sim,3,0,1,0,1,1,1,3,-27.01164515,-52.63953123,SPRF-SC,DEL07-SC,UOP01-DEL07-SC,2024
"608451,0",2024-06-18,terça-feira,20:00:00,SC,101,"142,2",BALNEARIO CAMBORIU,Manobra de mudança de faixa,Colisão lateral mesmo sentido,Com Vítimas Feridas,Plena Noite,Crescente,Nublado,Dupla,Reta,Sim,3,0,1,0,1,1,1,3,-27.056089,-48.599449,SPRF-SC,DEL04-SC,UOP03-DEL04-SC,2024
"608622,0",2024-06-19,quarta-feira,07:20:00,SC,280,"301,8",PORTO UNIAO,Acessar a via sem observar a presença dos outros veículos,Colisão traseira,Com Vítimas Feridas,Pleno dia,Decrescente,Nevoeiro/Neblina,Simples,Reta,Não,7,0,1,0,5,1,1,4,-26.28207506,-51.03061202,SPRF-SC,DEL06-SC,UOP04-DEL06-SC,2024
"608651,0",2024-06-19,quarta-feira,20:40:00,SC,280,"245,0",CANOINHAS,Conversão proibida,Colisão transversal,Sem Vítimas,Plena Noite,Decrescente,Céu Claro,Simples,Reta,Não,2,0,0,0,1,1,0,2,-26.24263646,-50.49461672,SPRF-SC,DEL06-SC,UOP04-DEL06-SC,2024
"608673,0",2024-06-19,quarta-feira,22:40:00,SC,163,"84,0",GUARACIABA,Reação tardia ou ineficiente do condutor,Colisão traseira,Sem Vítimas,Plena Noite,Decrescente,Chuva,Simples,Curva,Não,2,0,0,0,2,0,0,2,-26.61538774,-53.51959705,SPRF-SC,DEL07-SC,UOP03-DEL07-SC,2024
"608681,0",2024-06-19,quarta-feira,19:20:00,SC,116,"281,2",CAPAO ALTO,Ingestão de álcool pelo condutor,Colisão lateral mesmo sentido,Com Vítimas Feridas,Plena Noite,Decrescente,Nublado,Simples,Reta,Não,6,0,2,0,1,3,2,4,-28.047439,-50.568375,SPRF-SC,DEL05-SC,UOP02-DEL05-SC,2024
"608721,0",2024-06-20,quinta-feira,07:15:00,SC,280,"68,1",JARAGUA DO SUL,Condutor deixou de manter distância do veículo da frente,Colisão traseira,Com Vítimas Feridas,Pleno dia,Decrescente,Nublado,Simples,Rotatória;Reta;Interseção de Vias,Sim,6,0,2,2,2,0,4,5,-26.47248023,-49.11157492,SPRF-SC,DEL03-SC,UOP03-DEL03-SC,2024
"608742,0",2024-06-20,quinta-feira,10:46:00,SC,101,"211,3",SAO JOSE,Manobra de mudança de faixa,Colisão lateral mesmo sentido,Com Vítimas Feridas,Pleno dia,Decrescente,Nublado,Múltipla,Reta,Sim,3,0,1,0,2,0,1,3,-27.62329313,-48.65245588,SPRF-SC,DEL01-SC,UOP02-DEL01-SC,2024
"608797,0",2024-06-20,quinta-feira,11:50:00,SC,163,"122,6",DIONISIO CERQUEIRA,Reação tardia ou ineficiente do condutor,Colisão traseira,Com Vítimas Fatais,Pleno dia,Crescente,Garoa/Chuvisco,Simples,Em Obras;Reta;Declive,Não,3,1,0,0,1,1,0,3,-26.2920358,-53.5552567,SPRF-SC,DEL07-SC,UOP03-DEL07-SC,2024
"608853,0",2024-06-20,quinta-feira,19:50:00,SC,101,"158,0",TIJUCAS,Animais na Pista,Atropelamento de Animal,Com Vítimas Feridas,Plena Noite,Decrescente,Nublado,Dupla,Reta,Não,3,0,1,0,1,1,1,3,-27.19096301,-48.61259017,SPRF-SC,DEL04-SC,UOP03-DEL04-SC,2024
"608867,0",2024-06-20,quinta-feira,18:30:00,SC,282,"538,0",CHAPECO,Chuva,Colisão frontal,Com Vítimas Feridas,Plena Noite,Crescente,Chuva,Simples,Aclive;Curva,Não,3,0,1,1,1,0,2,2,-27.00047589,-52.67019007,SPRF-SC,DEL07-SC,UOP01-DEL07-SC,2024
"608874,0",2024-06-20,quinta-feira,15:50:00,SC,153,"93,5",CONCORDIA,Demais falhas mecânicas ou elétricas,Saída de leito carroçável,Com Vítimas Feridas,Pleno dia,Crescente,Chuva,Simples,Reta,Não,2,0,1,0,0,1,1,2,-27.192907,-51.936951,SPRF-SC,DEL07-SC,UOP04-DEL07-SC,2024
"608885,0",2024-06-21,sexta-feira,01:00:00,SC,101,"66,8",ARAQUARI,Reação tardia ou ineficiente do condutor,Colisão traseira,Com Vítimas Feridas,Plena Noite,Decrescente,Nublado,Dupla,Curva,Não,3,0,1,0,1,2,1,4,-26.48196288,-48.73564124,SPRF-SC,DEL03-SC,UOP02-DEL03-SC,2024
"608900,0",2024-06-21,sexta-feira,05:37:00,SC,101,"70,0",ARAQUARI,Reação tardia ou ineficiente do condutor,Colisão traseira,Com Vítimas Feridas,Plena Noite,Decrescente,Nublado,Múltipla,Reta,Não,7,0,3,1,2,2,4,4,-26.51082007,-48.72345612,SPRF-SC,DEL03-SC,UOP02-DEL03-SC,2024
"608917,0",2024-05-28,terça-feira,07:40:00,SC,101,"202,3",SAO JOSE,Manobra de mudança de faixa,Colisão lateral mesmo sentido,Com Vítimas Feridas,Pleno dia,Crescente,Céu Claro,Múltipla,Reta,Sim,5,0,3,0,2,0,3,4,-27.55711595,-48.61897889,SPRF-SC,DEL01-SC,UOP01-DEL01-SC,2024
"608927,0",2024-06-21,sexta-feira,07:27:00,SC,101,"136,5",BALNEARIO CAMBORIU,Acessar a via sem observar a presença dos outros veículos,Colisão lateral mesmo sentido,Com Vítimas Feridas,Pleno dia,Decrescente,Nublado,Dupla,Reta,Sim,2,0,0,1,1,0,1,2,-27.008113,-48.617245,SPRF-SC,DEL04-SC,UOP03-DEL04-SC,2024
"608972,0",2024-06-21,sexta-feira,11:50:00,SC,282,"459,0",PONTE SERRADA,Reação tardia ou ineficiente do condutor,Colisão traseira,Com Vítimas Feridas,Pleno dia,Crescente,Céu Claro,Simples,Reta;Declive,Sim,3,0,1,0,1,2,1,4,-26.880604,-52.013371,SPRF-SC,DEL07-SC,UOP04-DEL07-SC,2024
"609051,0",2024-06-21,sexta-feira,18:40:00,SC,101,"212,4",PALHOCA,Reação tardia ou ineficiente do condutor,Colisão traseira,Com Vítimas Feridas,Plena Noite,Crescente,Nublado,Múltipla,Reta,Sim,4,0,0,1,2,1,1,4,-27.62996929,-48.65903871,SPRF-SC,DEL01-SC,UOP02-DEL01-SC,2024
"609070,0",2024-06-21,sexta-feira,16:10:00,SC,470,"94,0",APIUNA,Reação tardia ou ineficiente do condutor,Engavetamento,Com Vítimas Feridas,Pleno dia,Decrescente,Nublado,Simples,Reta,Sim,4,0,1,0,1,2,1,4,-27.003345,-49.374668,SPRF-SC,DEL04-SC,UOP01-DEL04-SC,2024
"609145,0",2024-06-22,sábado,01:30:00,SC,101,"328,7",CAPIVARI DE BAIXO,Manobra de mudança de faixa,Derramamento de carga,Sem Vítimas,Plena Noite,Decrescente,Céu Claro,Múltipla,Reta,Não,4,0,0,0,3,1,0,4,-28.4505813,-48.97202969,SPRF-SC,DEL02-SC,UOP01-DEL02-SC,2024
"609199,0",2024-06-22,sábado,04:40:00,SC,282,"478,9",VARGEAO,Transitar na contramão,Colisão frontal,Com Vítimas Fatais,Plena Noite,Crescente,Nublado,Simples,Curva,Não,2,1,0,0,1,0,0,2,-26.8831971,-52.1778083,SPRF-SC,DEL07-SC,UOP01-DEL07-SC,2024