id,data_inversa,dia_semana,horario,uf,br,km,municipio,causa_acidente,tipo_acidente,classificacao_acidente,fase_dia,sentido_via,condicao_metereologica,tipo_pista,tracado_via,uso_solo,pessoas,mortos,feridos_leves,feridos_graves,ilesos,ignorados,feridos,veiculos,latitude,longitude,regional,delegacia,uop,ano_arquivo
"609202,0",2024-06-22,sábado,09:15:00,SC,101,"211,0",SAO JOSE,Ausência de reação do condutor,Colisão traseira,Com Vítimas Feridas,Pleno dia,Crescente,Céu Claro,Múltipla,Reta,Sim,2,0,0,1,1,0,1,2,-27.62329313,-48.65245588,SPRF-SC,DEL01-SC,UOP02-DEL01-SC,2024
"609214,0",2024-06-22,sábado,07:15:00,SC,101,"424,1",ARARANGUA,Reação tardia ou ineficiente do condutor,Tombamento,Com Vítimas Feridas,Amanhecer,Decrescente,Céu Claro,Dupla,Reta,Não,2,0,1,0,0,1,1,2,-29.01601155,-49.58269226,SPRF-SC,DEL02-SC,UOP02-DEL02-SC,2024
"609300,0",2024-06-22,sábado,15:30:00,SC,282,"221,0",LAGES,Transitar na contramão,Colisão lateral sentido oposto,Com Vítimas Feridas,Pleno dia,Decrescente,Céu Claro,Simples,Declive;Reta,Não,4,0,1,0,2,1,1,3,-27.79694515,-50.34697294,SPRF-SC,DEL05-SC,UOP01-DEL05-SC,2024
"609376,0",2024-06-22,sábado,20:20:00,SC,101,"81,0",BARRA VELHA,Condutor Dormindo,Colisão com objeto,Com Vítimas Feridas,Plena Noite,Decrescente,Nublado,Dupla,Reta,Não,5,0,2,0,2,1,2,4,-26.60256101,-48.72553524,SPRF-SC,DEL03-SC,UOP02-DEL03-SC,2024
"609593,0",2024-06-23,domingo,20:40:00,SC,101,"157,0",PORTO BELO,Manobra de mudança de faixa,Colisão traseira,Sem Vítimas,Plena Noite,Decrescente,Nublado,Dupla,Reta,Não,2,0,0,0,2,0,0,2,-27.181625,-48.6121179,SPRF-SC,DEL04-SC,UOP03-DEL04-SC,2024
"609626,0",2024-06-24,segunda-feira,00:30:00,SC,282,"591,4",SAUDADES,Ingestão de álcool pelo condutor,Colisão frontal,Com Vítimas Feridas,Plena Noite,Crescente,Nublado,Simples,Curva,Não,3,0,0,2,1,0,2,2,-26.82564097,-53.08676362,SPRF-SC,DEL07-SC,UOP02-DEL07-SC,2024
"609631,0",2024-06-23,domingo,23:30:00,SC,116,"155,0",SANTA CECILIA,Ultrapassagem Indevida,Tombamento,Com Vítimas Feridas,Plena Noite,Crescente,Céu Claro,Simples,Curva;Aclive,Não,1,0,1,0,0,0,1,1,-27.07453696,-50.42919788,SPRF-SC,DEL06-SC,UOP02-DEL06-SC,2024
"609687,0",2024-06-24,segunda-feira,10:00:00,SC,280,"192,4",MAFRA,Condutor deixou de manter distância do veículo da frente,Colisão traseira,Com Vítimas Feridas,Pleno dia,Decrescente,Chuva,Simples,Reta;Aclive,Não,3,0,1,0,1,1,1,2,-26.17893079,-49.99673293,SPRF-SC,DEL06-SC,UOP01-DEL06-SC,2024
"609703,0",2024-06-24,segunda-feira,12:00:00,SC,280,"26,0",ARAQUARI,Pista Escorregadia,Colisão lateral mesmo sentido,Sem Vítimas,Pleno dia,Crescente,Chuva,Simples,Reta,Sim,3,0,0,0,3,0,0,3,-26.38972308,-48.73411593,SPRF-SC,DEL03-SC,UOP03-DEL03-SC,2024
"609736,0",2024-06-14,sexta-feira,05:00:00,SC,470,"129,0",LONTRAS,Ultrapassagem Indevida,Colisão transversal,Com Vítimas Feridas,Amanhecer,Decrescente,Nevoeiro/Neblina,Simples,Curva;Declive,Não,5,0,1,0,3,1,1,5,-27.148499,-49.556137,SPRF-SC,DEL04-SC,UOP02-DEL04-SC,2024
"609738,0",2024-06-04,terça-feira,04:15:00,SC,282,"100,3",ALFREDO WAGNER,Ausência de reação do condutor,Saída de leito carroçável,Sem Vítimas,Plena Noite,Decrescente,Céu Claro,Simples,Curva,Não,2,0,0,0,1,2,0,3,-27.698915,-49.297039,SPRF-SC,DEL01-SC,UOP03-DEL01-SC,2024
"609757,0",2024-06-20,quinta-feira,15:45:00,SC,280,"109,2",SAO BENTO DO SUL,Transitar na contramão,Colisão lateral sentido oposto,Com Vítimas Feridas,Pleno dia,Crescente,Céu Claro,Simples,Reta,Não,3,0,1,0,2,0,1,2,-26.32727786,-49.38259006,SPRF-SC,DEL06-SC,UOP03-DEL06-SC,2024
"609760,0",2024-06-24,segunda-feira,17:00:00,SC,280,"10,0",SAO FRANCISCO DO SUL,Participar de racha,Colisão lateral sentido oposto,Com Vítimas Feridas,Plena Noite,Crescente,Chuva,Simples,Retorno Regulamentado,Não,4,0,0,1,2,1,1,3,-26.29625399,-48.64238799,SPRF-SC,DEL03-SC,UOP03-DEL03-SC,2024
"609764,0",2024-06-24,segunda-feira,14:00:00,SC,153,"72,3",IRANI,Condutor deixou de manter distância do veículo da frente,Colisão traseira,Com Vítimas Feridas,Pleno dia,Crescente,Chuva,Simples,Declive;Curva,Não,3,0,1,0,2,0,1,3,-27.065798,-51.893486,SPRF-SC,DEL07-SC,UOP04-DEL07-SC,2024
"609780,0",2024-06-24,segunda-feira,18:40:00,SC,101,"197,7",BIGUACU,Ausência de reação do condutor,Colisão traseira,Com Vítimas Feridas,Plena Noite,Decrescente,Nublado,Simples,Reta,Sim,2,0,1,0,1,0,1,2,-27.51844497,-48.63848496,SPRF-SC,DEL01-SC,UOP01-DEL01-SC,2024
"609880,0",2024-03-17,domingo,08:50:00,SC,282,"446,0",PONTE SERRADA,Reação tardia ou ineficiente do condutor,Colisão lateral sentido oposto,Com Vítimas Feridas,Pleno dia,Crescente,Chuva,Dupla,Reta,Não,6,0,2,0,3,1,2,3,-26.880604,-52.013371,SPRF-SC,DEL07-SC,UOP04-DEL07-SC,2024
"609950,0",2024-06-25,terça-feira,13:20:00,SC,101,"74,0",ARAQUARI,Ingestão de álcool pelo condutor,Colisão lateral mesmo sentido,Com Vítimas Feridas,Pleno dia,Crescente,Nublado,Dupla,Reta,Não,4,0,1,0,1,2,1,4,-26.54446209,-48.71214452,SPRF-SC,DEL03-SC,UOP02-DEL03-SC,2024
"609991,0",2024-06-25,terça-feira,18:05:00,SC,282,"21,0",SANTO AMARO DA IMPERATRIZ,Acessar a via sem observar a presença dos outros veículos,Colisão transversal,Com Vítimas Feridas,Plena Noite,Decrescente,Chuva,Simples,Reta,Sim,2,0,1,0,1,0,1,2,-27.68907,-48.717541,SPRF-SC,DEL01-SC,UOP02-DEL01-SC,2024
"610008,0",2024-06-25,terça-feira,16:15:00,SC,470,"126,6",LONTRAS,Acessar a via sem observar a presença dos outros veículos,Colisão transversal,Com Vítimas Fatais,Pleno dia,Decrescente,Garoa/Chuvisco,Simples,Rotatória;Reta;Interseção de Vias,Não,2,1,0,0,1,0,0,2,-27.1360985,-49.54253554,SPRF-SC,DEL04-SC,UOP02-DEL04-SC,2024
"610028,0",2024-05-15,quarta-feira,15:55:00,SC,101,"121,1",ITAJAI,Reação tardia ou ineficiente do condutor,Colisão lateral mesmo sentido,Com Vítimas Feridas,Pleno dia,Decrescente,Nublado,Dupla,Reta,Sim,3,0,1,0,1,2,1,4,-26.92103178,-48.70856446,SPRF-SC,DEL04-SC,UOP04-DEL04-SC,2024
"610039,0",2024-06-25,terça-feira,20:45:00,SC,101,"206,7",SAO JOSE,Ausência de reação do condutor,Colisão traseira,Com Vítimas Feridas,Plena Noite,Crescente,Chuva,Dupla,Reta,Sim,3,0,0,1,1,2,1,4,-27.59193546,-48.61824557,SPRF-SC,DEL01-SC,UOP01-DEL01-SC,2024
"610065,0",2024-06-25,terça-feira,23:10:00,SC,282,"644,0",SAO MIGUEL DO OESTE,Transitar na contramão,Colisão frontal,Com Vítimas Feridas,Plena Noite,Decrescente,Nevoeiro/Neblina,Simples,Curva;Declive,Não,4,0,1,1,1,1,2,3,-26.769157,-53.479385,SPRF-SC,DEL07-SC,UOP03-DEL07-SC,2024
"610099,0",2024-06-26,quarta-feira,06:00:00,SC,470,"114,0",IBIRAMA,Acessar a via sem observar a presença dos outros veículos,Colisão lateral mesmo sentido,Com Vítimas Feridas,Plena Noite,Crescente,Nublado,Simples,Aclive;Curva,Não,3,0,1,0,1,1,1,3,-27.086386,-49.478001,SPRF-SC,DEL04-SC,UOP02-DEL04-SC,2024
"610147,0",2024-06-26,quarta-feira,11:00:00,SC,101,"115,0",ITAJAI,Reação tardia ou ineficiente do condutor,Colisão traseira,Com Vítimas Feridas,Pleno dia,Crescente,Sol,Múltipla,Reta,Não,2,0,1,0,1,0,1,2,-26.87062812,-48.72978866,SPRF-SC,DEL04-SC,UOP04-DEL04-SC,2024
"610202,0",2024-06-26,quarta-feira,16:00:00,SC,480,"130,0",CHAPECO,Reação tardia ou ineficiente do condutor,Saída de leito carroçável,Com Vítimas Feridas,Pleno dia,Crescente,Céu Claro,Simples,Reta,Sim,2,0,1,0,0,1,1,2,-27.05534298,-52.63652069,SPRF-SC,DEL07-SC,UOP01-DEL07-SC,2024
"610210,0",2024-06-26,quarta-feira,14:55:00,SC,282,"458,3",PONTE SERRADA,Desrespeitar a preferência no cruzamento,Colisão transversal,Com Vítimas Feridas,Pleno dia,Decrescente,Garoa/Chuvisco,Simples,Retorno Regulamentado;Reta;Interseção de Vias,Sim,5,0,2,0,2,1,2,3,-26.86647589,-52.02280012,SPRF-SC,DEL07-SC,UOP04-DEL07-SC,2024
"610251,0",2024-06-26,quarta-feira,19:40:00,SC,101,"168,1",TIJUCAS,Ultrapassagem Indevida,Colisão com objeto,Sem Vítimas,Plena Noite,Decrescente,Nublado,Dupla,Retorno Regulamentado,Sim,2,0,0,0,2,0,0,2,-27.279105,-48.631554,SPRF-SC,DEL04-SC,UOP03-DEL04-SC,2024
"610265,0",2024-06-26,quarta-feira,22:05:00,SC,282,"552,9",NOVA ITABERABA,Reação tardia ou ineficiente do condutor,Saída de leito carroçável,Sem Vítimas,Plena Noite,Decrescente,Nublado,Simples,Declive;Reta,Não,1,0,0,0,0,1,0,1,-26.94337156,-52.78483272,SPRF-SC,DEL07-SC,UOP01-DEL07-SC,2024
"610280,0",2024-06-27,quinta-feira,00:30:00,SC,470,"81,0",RODEIO,Condutor Dormindo,Tombamento,Com Vítimas Feridas,Plena Noite,Crescente,Nublado,Simples,Declive;Curva,Não,2,0,1,0,0,1,1,2,-26.950367,-49.325638,SPRF-SC,DEL04-SC,UOP01-DEL04-SC,2024
"610329,0",2024-06-27,quinta-feira,06:00:00,SC,116,"109,0",SANTA CECILIA,Ultrapassagem Indevida,Colisão lateral mesmo sentido,Sem Vítimas,Plena Noite,Decrescente,Céu Claro,Simples,Declive;Reta,Não,4,0,0,0,4,0,0,2,-26.7575178,-50.34172617,SPRF-SC,DEL06-SC,UOP02-DEL06-SC,2024
"610443,0",2024-06-27,quinta-feira,16:16:00,SC,101,"263,9",GAROPABA,Condutor Dormindo,Colisão transversal,Com Vítimas Feridas,Pleno dia,Crescente,Céu Claro,Dupla,Reta,Sim,5,0,0,1,2,2,1,4,-28.05149404,-48.71632789,SPRF-SC,DEL02-SC,UOP03-DEL02-SC,2024
"610449,0",2024-06-27,quinta-feira,18:30:00,SC,101,"211,7",PALHOCA,Condutor deixou de manter distância do veículo da frente,Colisão traseira,Com Vítimas Feridas,Plena Noite,Crescente,Céu Claro,Múltipla,Reta,Sim,4,0,1,0,3,0,1,3,-27.62329313,-48.65245588,SPRF-SC,DEL01-SC,UOP02-DEL01-SC,2024
"610459,0",2024-06-27,quinta-feira,19:30:00,SC,101,"120,5",ITAJAI,Reação tardia ou ineficiente do condutor,Colisão traseira,Com Vítimas Feridas,Plena Noite,Decrescente,Nublado,Múltipla,Reta,Não,2,0,0,1,1,0,1,2,-26.912758,-48.711998,SPRF-SC,DEL04-SC,UOP04-DEL04-SC,2024
"610474,0",2024-06-27,quinta-feira,19:30:00,SC,282,"45,4",AGUAS MORNAS,Problema com o freio,Colisão lateral sentido oposto,Sem Vítimas,Plena Noite,Decrescente,Céu Claro,Simples,Curva;Declive,Não,3,0,0,0,2,1,0,3,-27.719851,-48.916126,SPRF-SC,DEL01-SC,UOP03-DEL01-SC,2024
"610523,0",2024-06-28,sexta-feira,06:20:00,SC,101,"328,0",TUBARAO,Condutor Dormindo,Colisão traseira,Com Vítimas Feridas,Amanhecer,Crescente,Céu Claro,Dupla,Reta,Não,3,0,1,0,1,2,1,4,-28.43648094,-48.95989307,SPRF-SC,DEL02-SC,UOP01-DEL02-SC,2024
"610615,0",2024-06-28,sexta-feira,15:50:00,SC,101,"37,0",JOINVILLE,Condutor deixou de manter distância do veículo da frente,Colisão traseira,Sem Vítimas,Pleno dia,Crescente,Nublado,Dupla,Reta,Sim,6,0,0,0,5,1,0,5,-26.28733576,-48.88688564,SPRF-SC,DEL03-SC,UOP01-DEL03-SC,2024
"610736,0",2024-06-29,sábado,02:55:00,SC,470,"226,9",SAO CRISTOVAO DO SUL,Reação tardia ou ineficiente do condutor,Saída de leito carroçável,Sem Vítimas,Plena Noite,Crescente,Ignorado,Simples,Curva,Não,1,0,0,0,0,1,0,1,-27.327692,-50.361202,SPRF-SC,DEL05-SC,UOP03-DEL05-SC,2024
"610794,0",2024-06-29,sábado,11:45:00,SC,101,"118,0",ITAJAI,Reação tardia ou ineficiente do condutor,Colisão lateral mesmo sentido,Com Vítimas Feridas,Pleno dia,Decrescente,Céu Claro,Múltipla,Reta,Sim,4,0,1,0,2,2,1,4,-26.895859,-48.71903,SPRF-SC,DEL04-SC,UOP04-DEL04-SC,2024
"610859,0",2024-06-29,sábado,17:15:00,SC,280,"29,0",ARAQUARI,Mal súbito do condutor,Colisão lateral sentido oposto,Com Vítimas Feridas,Anoitecer,Crescente,Céu Claro,Simples,Reta,Não,4,0,0,2,1,1,2,4,-26.41066264,-48.75295628,SPRF-SC,DEL03-SC,UOP03-DEL03-SC,2024
"610866,0",2024-06-29,sábado,16:35:00,SC,101,"2,0",GARUVA,Condutor Dormindo,Colisão com objeto,Com Vítimas Feridas,Pleno dia,Crescente,Céu Claro,Dupla,Curva,Sim,3,0,1,0,1,1,1,3,-25.99699834,-48.87891655,SPRF-SC,DEL03-SC,UOP01-DEL03-SC,2024
"610946,0",2024-06-29,sábado,22:00:00,SC,163,"74,9",SAO MIGUEL DO OESTE,Transitar na contramão,Colisão frontal,Com Vítimas Feridas,Plena Noite,Decrescente,Céu Claro,Simples,Curva;Aclive,Não,5,0,1,1,3,0,2,3,-26.69477185,-53.51594925,SPRF-SC,DEL07-SC,UOP03-DEL07-SC,2024
"611035,0",2024-06-30,domingo,10:30:00,SC,116,"164,9",PONTE ALTA DO NORTE,Reação tardia ou ineficiente do condutor,Tombamento,Com Vítimas Feridas,Pleno dia,Crescente,Céu Claro,Simples,Curva,Não,2,0,1,0,0,1,1,2,-27.14325097,-50.46036547,SPRF-SC,DEL05-SC,UOP03-DEL05-SC,2024
"611091,0",2024-06-30,domingo,15:30:00,SC,101,"57,0",ARAQUARI,Demais falhas mecânicas ou elétricas,Incêndio,Sem Vítimas,Pleno dia,Decrescente,Céu Claro,Dupla,Reta,Não,1,0,0,0,1,0,0,1,-26.43646093,-48.81113029,SPRF-SC,DEL03-SC,UOP01-DEL03-SC,2024
"611093,0",2024-06-30,domingo,16:44:00,SC,101,"39,0",JOINVILLE,Acessar a via sem observar a presença dos outros veículos,Colisão lateral mesmo sentido,Sem Vítimas,Pleno dia,Decrescente,Céu Claro,Dupla,Interseção de Vias,Não,2,0,0,0,2,0,0,2,-26.2628107,-48.90192257,SPRF-SC,DEL03-SC,UOP01-DEL03-SC,2024
"611179,0",2024-07-01,segunda-feira,00:00:00,SC,116,"166,4",PONTE ALTA DO NORTE,Transitar na contramão,Colisão lateral sentido oposto,Sem Vítimas,Plena Noite,Crescente,Nublado,Simples,Curva,Não,2,0,0,0,1,1,0,2,-27.16000685,-50.46631231,SPRF-SC,DEL05-SC,UOP03-DEL05-SC,2024
"611258,0",2024-04-16,terça-feira,03:00:00,SC,282,"529,4",CORDILHEIRA ALTA,Velocidade Incompatível,Colisão transversal,Com Vítimas Feridas,Plena Noite,Crescente,Garoa/Chuvisco,Simples,Declive;Curva,Não,2,0,1,0,1,0,1,2,-26.982185,-52.59734,SPRF-SC,DEL07-SC,UOP01-DEL07-SC,2024
"611267,0",2024-07-01,segunda-feira,10:00:00,SC,101,"138,3",BALNEARIO CAMBORIU,Ausência de reação do condutor,Colisão lateral mesmo sentido,Com Vítimas Feridas,Pleno dia,Crescente,Nublado,Dupla,Aclive,Sim,3,0,0,1,1,1,1,3,-27.02397426,-48.60761649,SPRF-SC,DEL04-SC,UOP03-DEL04-SC,2024
"611316,0",2024-07-01,segunda-feira,17:15:00,SC,101,"117,0",ITAJAI,Desrespeitar a preferência no cruzamento,Colisão transversal,Com Vítimas Feridas,Pleno dia,Decrescente,Céu Claro,Dupla,Rotatória;Viaduto;Reta,Sim,2,0,1,0,1,0,1,2,-26.88747187,-48.72252969,SPRF-SC,DEL04-SC,UOP04-DEL04-SC,2024
"611322,0",2024-07-01,segunda-feira,17:15:00,SC,101,"150,0",ITAPEMA,Reação tardia ou ineficiente do condutor,Saída de leito carroçável,Sem Vítimas,Pleno dia,Crescente,Céu Claro,Dupla,Curva,Sim,1,0,0,0,1,0,0,1,-27.126536,-48.609642,SPRF-SC,DEL04-SC,UOP03-DEL04-SC,2024
"611379,0",2024-07-01,segunda-feira,21:10:00,SC,101,"175,3",BIGUACU,Pedestre andava na pista,Atropelamento de Pedestre,Com Vítimas Feridas,Plena Noite,Crescente,Nublado,Dupla,Reta,Não,2,0,0,1,0,1,1,2,-27.33963303,-48.62734885,SPRF-SC,DEL01-SC,UOP01-DEL01-SC,2024
"611431,0",2024-07-02,terça-feira,06:30:00,SC,101,"401,6",MARACAJA,Velocidade Incompatível,Colisão traseira,Com Vítimas Fatais,Amanhecer,Crescente,Nevoeiro/Neblina,Múltipla,Reta,Sim,4,1,0,0,2,1,0,4,-28.8766775,-49.4564418,SPRF-SC,DEL02-SC,UOP02-DEL02-SC,2024
"611455,0",2024-06-29,sábado,00:01:00,SC,101,"138,0",BALNEARIO CAMBORIU,Ingestão de álcool pelo condutor,Colisão traseira,Com Vítimas Feridas,Plena Noite,Decrescente,Nublado,Dupla,Reta,Sim,2,0,1,0,0,1,1,2,-27.02397426,-48.60761649,SPRF-SC,DEL04-SC,UOP03-DEL04-SC,2024
"611457,0",2024-07-02,terça-feira,07:35:00,SC,101,"401,0",MARACAJA,Reação tardia ou ineficiente do condutor,Colisão com objeto,Com Vítimas Feridas,Pleno dia,Crescente,Céu Claro,Dupla,Reta,Sim,3,0,1,1,1,0,2,1,-28.87594458,-49.4556427,SPRF-SC,DEL02-SC,UOP02-DEL02-SC,2024
"611520,0",2024-07-02,terça-feira,15:20:00,SC,470,"217,5",SAO CRISTOVAO DO SUL,Reação tardia ou ineficiente do condutor,Colisão transversal,Com Vítimas Feridas,Pleno dia,Crescente,Céu Claro,Simples,Curva,Não,3,0,1,0,2,0,1,2,-27.29754,-50.291843,SPRF-SC,DEL05-SC,UOP03-DEL05-SC,2024
"611531,0",2024-07-02,terça-feira,15:30:00,SC,282,"223,0",LAGES,Desrespeitar a preferência no cruzamento,Colisão transversal,Com Vítimas Feridas,Pleno dia,Crescente,Céu Claro,Simples,Rotatória,Sim,4,0,1,0,2,1,1,3,-27.79979235,-50.36360264,SPRF-SC,DEL05-SC,UOP01-DEL05-SC,2024
"611549,0",2024-07-02,terça-feira,06:00:00,SC,153,"52,0",VARGEM BONITA,Ausência de reação do condutor,Saída de leito carroçável,Com Vítimas Feridas,Amanhecer,Crescente,Nublado,Simples,Ponte;Reta,Não,2,0,1,0,0,1,1,2,-26.920887,-51.808014,SPRF-SC,DEL07-SC,UOP07-DEL07-SC,2024
"611641,0",2024-07-03,quarta-feira,07:45:00,SC,101,"223,9",PALHOCA,Reação tardia ou ineficiente do condutor,Colisão lateral mesmo sentido,Com Vítimas Feridas,Pleno dia,Crescente,Céu Claro,Dupla,Reta,Sim,4,0,1,0,2,2,1,4,-27.71552634,-48.64881251,SPRF-SC,DEL01-SC,UOP02-DEL01-SC,2024
"611654,0",2024-07-03,quarta-feira,08:00:00,SC,101,"200,9",SAO JOSE,Acessar a via sem observar a presença dos outros veículos,Colisão transversal,Com Vítimas Feridas,Pleno dia,Crescente,Céu Claro,Múltipla,Reta,Não,3,0,0,1,1,1,1,3,-27.54018513,-48.62287714,SPRF-SC,DEL01-SC,UOP01-DEL01-SC,2024
"611699,0",2024-07-03,quarta-feira,08:30:00,SC,101,"117,6",ITAJAI,Manobra de mudança de faixa,Colisão traseira,Com Vítimas Feridas,Pleno dia,Crescente,Céu Claro,Múltipla,Reta,Sim,4,0,2,0,0,2,2,3,-26.88747187,-48.72252969,SPRF-SC,DEL04-SC,UOP04-DEL04-SC,2024
"611738,0",2024-07-03,quarta-feira,14:30:00,SC,101,"329,2",TUBARAO,Reação tardia ou ineficiente do condutor,Saída de leito carroçável,Com Vítimas Feridas,Pleno dia,Decrescente,Céu Claro,Dupla,Reta,Não,3,0,1,0,1,1,1,3,-28.45752383,-48.98563385,SPRF-SC,DEL02-SC,UOP01-DEL02-SC,2024
"611777,0",2024-07-03,quarta-feira,16:30:00,SC,101,"170,0",TIJUCAS,Condutor deixou de manter distância do veículo da frente,Colisão traseira,Com Vítimas Feridas,Pleno dia,Crescente,Nublado,Dupla,Reta,Não,2,0,1,0,1,0,1,2,-27.29669601,-48.63147594,SPRF-SC,DEL04-SC,UOP03-DEL04-SC,2024
"611779,0",2024-07-03,quarta-feira,12:41:00,SC,470,"25,6",ILHOTA,Demais falhas mecânicas ou elétricas,Tombamento,Com Vítimas Feridas,Pleno dia,Crescente,Céu Claro,Simples,Rotatória;Retorno Regulamentado;Viaduto,Não,1,0,1,0,0,0,1,1,-26.88443846,-48.87484789,SPRF-SC,DEL04-SC,UOP04-DEL04-SC,2024
"611814,0",2024-07-03,quarta-feira,17:00:00,SC,282,"449,0",PONTE SERRADA,Reação tardia ou ineficiente do condutor,Colisão com objeto,Com Vítimas Feridas,Anoitecer,Crescente,Céu Claro,Dupla,Curva,Não,3,0,1,0,1,1,1,3,-26.919342,-51.944427,SPRF-SC,DEL07-SC,UOP04-DEL07-SC,2024
"611819,0",2024-07-03,quarta-feira,10:30:00,SC,101,"118,2",ITAJAI,Reação tardia ou ineficiente do condutor,Engavetamento,Sem Vítimas,Pleno dia,Crescente,Céu Claro,Múltipla,Reta,Sim,4,0,0,0,4,0,0,4,-26.895859,-48.71903,SPRF-SC,DEL04-SC,UOP04-DEL04-SC,2024
"611829,0",2024-07-03,quarta-feira,13:25:00,SC,101,"150,0",ITAPEMA,Reação tardia ou ineficiente do condutor,Colisão traseira,Com Vítimas Feridas,Pleno dia,Crescente,Sol,Múltipla,Reta,Sim,5,0,3,0,2,0,3,4,-27.11744799,-48.60940987,SPRF-SC,DEL04-SC,UOP03-DEL04-SC,2024
"611884,0",2024-07-04,quinta-feira,03:45:00,SC,470,"81,9",RODEIO,Velocidade Incompatível,Tombamento,Com Vítimas Feridas,Plena Noite,Decrescente,Céu Claro,Simples,Curva,Não,2,0,1,0,0,1,1,2,-26.95900448,-49.32496548,SPRF-SC,DEL04-SC,UOP01-DEL04-SC,2024
"611911,0",2024-07-04,quinta-feira,09:30:00,SC,470,"60,2",BLUMENAU,Acessar a via sem observar a presença dos outros veículos,Colisão transversal,Com Vítimas Feridas,Pleno dia,Crescente,Céu Claro,Simples,Interseção de Vias;Retorno Regulamentado,Não,3,0,1,0,1,1,1,3,-26.88138,-49.164543,SPRF-SC,DEL04-SC,UOP01-DEL04-SC,2024
"612035,0",2024-07-04,quinta-feira,17:45:00,SC,163,"67,0",SAO MIGUEL DO OESTE,Manobra de mudança de faixa,Colisão transversal,Com Vítimas Feridas,Anoitecer,Decrescente,Nublado,Dupla,Declive;Reta;Interseção de Vias,Sim,2,0,0,1,1,0,1,2,-26.7589655,-53.50047827,SPRF-SC,DEL07-SC,UOP03-DEL07-SC,2024
"612041,0",2024-07-04,quinta-feira,18:30:00,SC,101,"415,0",ARARANGUA,Acessar a via sem observar a presença dos outros veículos,Tombamento,Com Vítimas Feridas,Plena Noite,Decrescente,Céu Claro,Múltipla,Aclive;Reta,Não,3,0,1,0,1,2,1,4,-28.96774842,-49.52382445,SPRF-SC,DEL02-SC,UOP02-DEL02-SC,2024
"612061,0",2024-07-04,quinta-feira,22:40:00,SC,101,"224,9",PALHOCA,Velocidade Incompatível,Colisão traseira,Com Vítimas Feridas,Plena Noite,Crescente,Céu Claro,Dupla,Reta,Não,2,0,1,0,1,0,1,2,-27.725967,-48.643324,SPRF-SC,DEL01-SC,UOP02-DEL01-SC,2024
"612139,0",2024-06-07,sexta-feira,11:30:00,SC,480,"125,1",CHAPECO,Reação tardia ou ineficiente do condutor,Colisão transversal,Com Vítimas Feridas,Pleno dia,Crescente,Céu Claro,Simples,Reta;Viaduto,Sim,2,0,0,1,1,0,1,2,-27.01533884,-52.63820171,SPRF-SC,DEL07-SC,UOP01-DEL07-SC,2024
"612183,0",2024-07-05,sexta-feira,14:10:00,SC,116,"246,3",LAGES,Acesso irregular,Colisão lateral mesmo sentido,Com Vítimas Feridas,Pleno dia,Crescente,Céu Claro,Múltipla,Reta,Sim,3,0,0,1,1,2,1,4,-27.8060626,-50.36577523,SPRF-SC,DEL05-SC,UOP02-DEL05-SC,2024
"612251,0",2024-07-05,sexta-feira,18:25:00,SC,282,"391,0",JOACABA,Demais falhas mecânicas ou elétricas,Incêndio,Sem Vítimas,Plena Noite,Decrescente,Céu Claro,Simples,Reta,Não,2,0,0,0,2,0,0,1,-27.170649,-51.559193,SPRF-SC,DEL07-SC,UOP05-DEL07-SC,2024
"612513,0",2024-07-06,sábado,15:30:00,SC,101,"206,2",SAO JOSE,Reação tardia ou ineficiente do condutor,Colisão traseira,Com Vítimas Feridas,Pleno dia,Crescente,Garoa/Chuvisco,Múltipla,Reta;Aclive,Sim,2,0,1,0,0,1,1,2,-27.59193546,-48.61824557,SPRF-SC,DEL01-SC,UOP01-DEL01-SC,2024
"612525,0",2024-07-06,sábado,14:30:00,SC,101,"195,0",BIGUACU,Reação tardia ou ineficiente do condutor,Colisão lateral mesmo sentido,Com Vítimas Feridas,Pleno dia,Decrescente,Chuva,Dupla,Reta,Sim,4,0,2,0,1,1,2,3,-27.5047092,-48.65010819,SPRF-SC,DEL01-SC,UOP01-DEL01-SC,2024
"612599,0",2024-07-06,sábado,17:20:00,SC,282,"526,0",XAXIM,Reação tardia ou ineficiente do condutor,Tombamento,Com Vítimas Feridas,Anoitecer,Decrescente,Chuva,Simples,Curva,Não,2,0,1,0,0,2,1,3,-26.969427,-52.57497,SPRF-SC,DEL07-SC,UOP01-DEL07-SC,2024
"612631,0",2024-07-06,sábado,23:05:00,SC,101,"355,3",SANGAO,Demais falhas mecânicas ou elétricas,Colisão traseira,Com Vítimas Fatais,Plena Noite,Crescente,Chuva,Dupla,Declive;Reta,Não,6,1,0,0,4,1,0,4,-28.63088226,-49.08943534,SPRF-SC,DEL02-SC,UOP01-DEL02-SC,2024
"612737,0",2024-07-07,domingo,08:15:00,SC,280,"96,0",CORUPA,Pista Escorregadia,Colisão frontal,Com Vítimas Feridas,Pleno dia,Crescente,Garoa/Chuvisco,Simples,Curva,Não,3,0,1,0,1,1,1,3,-26.3833143,-49.31223107,SPRF-SC,DEL06-SC,UOP03-DEL06-SC,2024
"612821,0",2024-05-20,segunda-feira,12:04:00,SC,101,"7,0",GARUVA,Ausência de reação do condutor,Colisão traseira,Com Vítimas Feridas,Pleno dia,Decrescente,Céu Claro,Múltipla,Reta,Sim,3,0,1,0,1,1,1,2,-26.03593,-48.860302,SPRF-SC,DEL03-SC,UOP01-DEL03-SC,2024