id,data_inversa,dia_semana,horario,uf,br,km,municipio,causa_acidente,tipo_acidente,classificacao_acidente,fase_dia,sentido_via,condicao_metereologica,tipo_pista,tracado_via,uso_solo,pessoas,mortos,feridos_leves,feridos_graves,ilesos,ignorados,feridos,veiculos,latitude,longitude,regional,delegacia,uop,ano_arquivo
"626037,0",2024-09-05,quinta-feira,23:30:00,SC,101,"31,0",JOINVILLE,Manobra de mudança de faixa,Colisão lateral mesmo sentido,Com Vítimas Feridas,Plena Noite,Crescente,Nublado,Dupla,Reta,Não,4,0,2,0,1,3,2,5,-26.22195899,-48.91634925,SPRF-SC,DEL03-SC,UOP01-DEL03-SC,2024
"626081,0",2024-09-06,sexta-feira,07:40:00,SC,470,"136,0",RIO DO SUL,Ausência de reação do condutor,Engavetamento,Com Vítimas Feridas,Pleno dia,Crescente,Céu Claro,Simples,Reta,Sim,4,0,0,1,3,0,1,4,-27.18492375,-49.60458845,SPRF-SC,DEL04-SC,UOP02-DEL04-SC,2024
"626202,0",2024-09-06,sexta-feira,15:40:00,SC,282,"455,0",PONTE SERRADA,Ultrapassagem Indevida,Colisão lateral mesmo sentido,Com Vítimas Feridas,Pleno dia,Crescente,Céu Claro,Simples,Curva;Declive,Não,5,0,0,1,2,2,1,3,-26.888617,-51.99427,SPRF-SC,DEL07-SC,UOP04-DEL07-SC,2024
"626207,0",2024-09-06,sexta-feira,17:22:00,SC,101,"348,9",JAGUARUNA,Reação tardia ou ineficiente do condutor,Colisão lateral mesmo sentido,Com Vítimas Fatais,Pleno dia,Crescente,Céu Claro,Múltipla,Curva,Não,5,1,0,0,2,3,0,6,-28.58872346,-49.04600501,SPRF-SC,DEL02-SC,UOP01-DEL02-SC,2024
"626246,0",2024-09-06,sexta-feira,19:28:00,SC,280,"26,0",ARAQUARI,Acessar a via sem observar a presença dos outros veículos,Colisão transversal,Com Vítimas Feridas,Plena Noite,Crescente,Céu Claro,Simples,Reta;Interseção de Vias,Não,5,0,1,1,2,2,2,5,-26.38972308,-48.73411593,SPRF-SC,DEL03-SC,UOP03-DEL03-SC,2024
"626283,0",2024-09-06,sexta-feira,23:00:00,SC,282,"492,8",FAXINAL DOS GUEDES,Ultrapassagem Indevida,Colisão lateral mesmo sentido,Com Vítimas Feridas,Plena Noite,Decrescente,Céu Claro,Simples,Reta,Não,4,0,2,0,1,1,2,3,-26.871534,-52.300915,SPRF-SC,DEL07-SC,UOP01-DEL07-SC,2024
"626301,0",2024-09-07,sábado,01:02:00,SC,470,"88,6",ASCURRA,Condutor Dormindo,Colisão lateral sentido oposto,Com Vítimas Feridas,Plena Noite,Crescente,Nublado,Simples,Curva,Sim,3,0,1,0,1,2,1,4,-26.955355,-49.373169,SPRF-SC,DEL04-SC,UOP01-DEL04-SC,2024
"626322,0",2024-09-07,sábado,04:10:00,SC,101,"160,0",PORTO BELO,Ausência de reação do condutor,Tombamento,Com Vítimas Fatais,Plena Noite,Decrescente,Céu Claro,Dupla,Reta,Não,4,1,0,0,1,2,0,4,-27.20725,-48.61908,SPRF-SC,DEL04-SC,UOP03-DEL04-SC,2024
"626789,0",2024-09-08,domingo,19:50:00,SC,163,"111,7",GUARUJA DO SUL,Velocidade Incompatível,Colisão frontal,Com Vítimas Feridas,Plena Noite,Decrescente,Céu Claro,Simples,Reta;Aclive,Não,4,0,1,0,1,3,1,5,-26.39616397,-53.52416104,SPRF-SC,DEL07-SC,UOP03-DEL07-SC,2024
"626796,0",2024-09-08,domingo,20:45:00,SC,280,"131,0",RIO NEGRINHO,Transitar na contramão,Colisão frontal,Com Vítimas Fatais,Plena Noite,Decrescente,Céu Claro,Simples,Reta;Declive,Sim,3,1,0,0,1,1,0,3,-26.25574166,-49.53924179,SPRF-SC,DEL06-SC,UOP03-DEL06-SC,2024
"626976,0",2024-09-09,segunda-feira,16:53:00,SC,470,"60,2",BLUMENAU,Acessar a via sem observar a presença dos outros veículos,Colisão transversal,Com Vítimas Feridas,Pleno dia,Crescente,Céu Claro,Simples,Interseção de Vias,Não,6,0,1,1,3,2,2,6,-26.88138,-49.164543,SPRF-SC,DEL04-SC,UOP01-DEL04-SC,2024
"627012,0",2024-09-09,segunda-feira,19:00:00,SC,282,"276,2",SAO JOSE DO CERRITO,Ingestão de álcool pelo condutor,Colisão frontal,Com Vítimas Feridas,Plena Noite,Decrescente,Céu Claro,Simples,Reta,Não,3,0,0,1,1,1,1,3,-27.602106,-50.727554,SPRF-SC,DEL05-SC,UOP02-DEL05-SC,2024
"627034,0",2024-09-09,segunda-feira,19:20:00,SC,282,"34,0",AGUAS MORNAS,Condutor deixou de manter distância do veículo da frente,Colisão lateral sentido oposto,Com Vítimas Feridas,Plena Noite,Decrescente,Céu Claro,Simples,Reta,Sim,2,0,1,0,0,1,1,2,-27.704247,-48.817547,SPRF-SC,DEL01-SC,UOP03-DEL01-SC,2024
"627045,0",2024-09-10,terça-feira,00:15:00,SC,101,"38,3",PALHOCA,Condutor Dormindo,Colisão traseira,Sem Vítimas,Plena Noite,Crescente,Céu Claro,Dupla,Curva;Declive,Não,2,0,0,0,2,0,0,2,-27.6427,-48.6695,SPRF-SC,DEL01-SC,UOP02-DEL01-SC,2024
"627050,0",2024-09-10,terça-feira,02:35:00,SC,282,"331,0",CAMPOS NOVOS,Suicídio (presumido),Colisão frontal,Com Vítimas Fatais,Plena Noite,Crescente,Céu Claro,Simples,Reta,Não,4,1,0,0,1,2,0,3,-27.387941,-51.116081,SPRF-SC,DEL07-SC,UOP06-DEL07-SC,2024
"627061,0",2024-09-10,terça-feira,07:40:00,SC,101,"204,0",SAO JOSE,Condutor deixou de manter distância do veículo da frente,Colisão lateral mesmo sentido,Com Vítimas Feridas,Pleno dia,Crescente,Céu Claro,Múltipla,Reta,Sim,3,0,2,0,1,0,2,3,-27.57413014,-48.61363083,SPRF-SC,DEL01-SC,UOP01-DEL01-SC,2024
"627080,0",2024-09-06,sexta-feira,05:00:00,SC,101,"81,0",BARRA VELHA,Condutor Dormindo,Colisão traseira,Sem Vítimas,Plena Noite,Decrescente,Céu Claro,Múltipla,Reta,Não,2,0,0,0,0,2,0,2,-26.60256101,-48.72553524,SPRF-SC,DEL03-SC,UOP02-DEL03-SC,2024
"627111,0",2024-09-10,terça-feira,10:00:00,SC,116,"50,4",PAPANDUVA,Ausência de reação do condutor,Colisão traseira,Com Vítimas Feridas,Pleno dia,Decrescente,Céu Claro,Simples,Reta,Não,3,0,0,1,1,2,1,4,-26.37798337,-50.13162356,SPRF-SC,DEL06-SC,UOP01-DEL06-SC,2024
"627123,0",2024-09-10,terça-feira,10:20:00,SC,470,"259,4",CURITIBANOS,Reação tardia ou ineficiente do condutor,Tombamento,Com Vítimas Feridas,Pleno dia,Crescente,Céu Claro,Simples,Curva,Não,2,0,1,0,0,2,1,3,-27.301584,-50.671352,SPRF-SC,DEL05-SC,UOP03-DEL05-SC,2024
"627182,0",2024-09-10,terça-feira,11:52:00,SC,116,"90,6",MONTE CASTELO,Ausência de reação do condutor,Colisão traseira,Com Vítimas Fatais,Pleno dia,Decrescente,Céu Claro,Simples,Reta;Declive;Em Obras,Não,3,1,0,0,1,2,0,4,-26.64035,-50.258745,SPRF-SC,DEL06-SC,UOP02-DEL06-SC,2024
"627183,0",2024-09-10,terça-feira,14:30:00,SC,101,"286,5",IMBITUBA,Ausência de reação do condutor,Colisão traseira,Com Vítimas Feridas,Pleno dia,Decrescente,Céu Claro,Dupla,Reta,Sim,2,0,1,0,1,0,1,2,-28.22947996,-48.70163526,SPRF-SC,DEL02-SC,UOP03-DEL02-SC,2024
"627190,0",2024-09-10,terça-feira,18:00:00,SC,101,"331,8",TUBARAO,Condutor deixou de manter distância do veículo da frente,Colisão traseira,Com Vítimas Feridas,Anoitecer,Decrescente,Céu Claro,Simples,Rotatória;Interseção de Vias;Viaduto,Sim,4,0,1,0,3,0,1,2,-28.45567521,-48.9812689,SPRF-SC,DEL02-SC,UOP01-DEL02-SC,2024
"627193,0",2024-09-10,terça-feira,18:40:00,SC,101,"49,0",JOINVILLE,Acessar a via sem observar a presença dos outros veículos,Colisão lateral mesmo sentido,Com Vítimas Fatais,Anoitecer,Decrescente,Nublado,Dupla,Reta;Declive,Não,6,1,0,0,3,2,0,6,-26.3828741,-48.8509389,SPRF-SC,DEL03-SC,UOP01-DEL03-SC,2024
"627197,0",2024-09-10,terça-feira,12:00:00,SC,282,"528,0",CORDILHEIRA ALTA,Carga excessiva e/ou mal acondicionada,Tombamento,Com Vítimas Feridas,Pleno dia,Crescente,Céu Claro,Simples,Curva;Declive,Não,4,0,2,0,1,1,2,4,-26.978798,-52.588566,SPRF-SC,DEL07-SC,UOP01-DEL07-SC,2024
"627199,0",2024-09-10,terça-feira,20:10:00,SC,101,"216,3",PALHOCA,Manobra de mudança de faixa,Colisão lateral mesmo sentido,Com Vítimas Feridas,Plena Noite,Crescente,Nublado,Múltipla,Reta,Sim,4,0,2,0,1,1,2,3,-27.65981409,-48.67747798,SPRF-SC,DEL01-SC,UOP02-DEL01-SC,2024
"627217,0",2024-09-10,terça-feira,20:30:00,SC,116,"36,5",ITAIOPOLIS,Demais falhas mecânicas ou elétricas,Incêndio,Sem Vítimas,Plena Noite,Decrescente,Céu Claro,Simples,Reta,Não,2,0,0,0,1,1,0,2,-26.3385056,-50.01471809,SPRF-SC,DEL06-SC,UOP01-DEL06-SC,2024
"627314,0",2024-09-11,quarta-feira,14:00:00,SC,101,"44,0",JOINVILLE,Condutor deixou de manter distância do veículo da frente,Colisão traseira,Com Vítimas Feridas,Pleno dia,Crescente,Céu Claro,Dupla,Reta,Não,4,0,2,0,1,1,2,3,-26.31238996,-48.87458997,SPRF-SC,DEL03-SC,UOP01-DEL03-SC,2024
"627343,0",2024-09-11,quarta-feira,16:35:00,SC,470,"55,7",BLUMENAU,Acessar a via sem observar a presença dos outros veículos,Colisão transversal,Com Vítimas Feridas,Pleno dia,Crescente,Céu Claro,Simples,Reta,Sim,2,0,1,0,1,0,1,2,-26.87644007,-49.12496924,SPRF-SC,DEL04-SC,UOP01-DEL04-SC,2024
"627354,0",2024-09-11,quarta-feira,17:00:00,SC,470,"5,0",NAVEGANTES,Acessar a via sem observar a presença dos outros veículos,Colisão lateral mesmo sentido,Com Vítimas Feridas,Anoitecer,Decrescente,Nublado,Dupla,Reta,Não,4,0,1,0,2,1,1,4,-26.855688,-48.700333,SPRF-SC,DEL04-SC,UOP04-DEL04-SC,2024
"627409,0",2024-09-11,quarta-feira,20:40:00,SC,101,"122,0",ITAJAI,Ausência de reação do condutor,Colisão lateral mesmo sentido,Com Vítimas Feridas,Plena Noite,Decrescente,Nublado,Múltipla,Reta,Não,2,0,0,1,1,0,1,2,-26.92955916,-48.70499836,SPRF-SC,DEL04-SC,UOP04-DEL04-SC,2024
"627487,0",2024-07-26,sexta-feira,17:10:00,SC,282,"16,0",PALHOCA,Manobra de mudança de faixa,Colisão lateral mesmo sentido,Com Vítimas Feridas,Pleno dia,Crescente,Céu Claro,Simples,Reta,Sim,3,0,1,0,0,2,1,3,-27.658611,-48.681847,SPRF-SC,DEL01-SC,UOP02-DEL01-SC,2024
"627530,0",2024-09-07,sábado,05:00:00,SC,282,"476,5",VARGEAO,Acessar a via sem observar a presença dos outros veículos,Colisão transversal,Com Vítimas Feridas,Plena Noite,Crescente,Céu Claro,Simples,Reta,Sim,6,0,3,0,2,1,3,3,-26.8832891,-52.1719032,SPRF-SC,DEL07-SC,UOP01-DEL07-SC,2024
"627586,0",2024-08-23,sexta-feira,21:36:00,SC,101,"110,9",NAVEGANTES,Pedestre andava na pista,Tombamento,Com Vítimas Fatais,Plena Noite,Crescente,Nublado,Dupla,Reta,Não,5,1,0,0,2,2,0,5,-26.8384807,-48.7132189,SPRF-SC,DEL04-SC,UOP04-DEL04-SC,2024
"627602,0",2024-09-12,quinta-feira,16:50:00,SC,153,"85,2",CONCORDIA,Velocidade Incompatível,Colisão frontal,Com Vítimas Fatais,Pleno dia,Decrescente,Chuva,Simples,Reta;Aclive,Não,3,2,1,0,0,0,1,2,-27.1498285,-51.9115518,SPRF-SC,DEL07-SC,UOP04-DEL07-SC,2024
"627655,0",2024-09-12,quinta-feira,23:27:00,SC,101,"386,1",ICARA,Reação tardia ou ineficiente do condutor,Colisão traseira,Com Vítimas Fatais,Plena Noite,Crescente,Chuva,Múltipla,Reta;Viaduto;Aclive,Não,3,1,0,0,1,2,0,4,-28.785963,-49.338845,SPRF-SC,DEL02-SC,UOP02-DEL02-SC,2024
"627677,0",2024-09-12,quinta-feira,22:35:00,SC,470,"126,0",LONTRAS,Acessar a via sem observar a presença dos outros veículos,Colisão transversal,Com Vítimas Feridas,Plena Noite,Decrescente,Ignorado,Dupla,Interseção de Vias,Sim,2,0,0,1,1,0,1,2,-27.129,-49.538277,SPRF-SC,DEL04-SC,UOP02-DEL04-SC,2024
"627805,0",2024-09-13,sexta-feira,17:30:00,SC,280,"27,9",ARAQUARI,Acessar a via sem observar a presença dos outros veículos,Colisão transversal,Com Vítimas Feridas,Anoitecer,Crescente,Céu Claro,Simples,Reta;Interseção de Vias,Sim,3,0,1,0,2,0,1,2,-26.39685622,-48.74021969,SPRF-SC,DEL03-SC,UOP03-DEL03-SC,2024
"627816,0",2024-09-13,sexta-feira,17:30:00,SC,280,"82,0",CORUPA,Acessar a via sem observar a presença dos outros veículos,Colisão transversal,Com Vítimas Feridas,Pleno dia,Decrescente,Céu Claro,Simples,Reta,Não,2,0,1,0,1,0,1,2,-26.44009491,-49.22605498,SPRF-SC,DEL06-SC,UOP03-DEL06-SC,2024
"627842,0",2024-09-13,sexta-feira,19:05:00,SC,280,"25,8",ARAQUARI,Manobra de mudança de faixa,Colisão lateral sentido oposto,Com Vítimas Feridas,Plena Noite,Crescente,Céu Claro,Simples,Reta,Sim,4,0,0,1,1,3,1,5,-26.38352781,-48.72677516,SPRF-SC,DEL03-SC,UOP03-DEL03-SC,2024
"627866,0",2024-09-13,sexta-feira,20:50:00,SC,282,"411,0",CATANDUVAS,Velocidade Incompatível,Colisão frontal,Com Vítimas Feridas,Plena Noite,Decrescente,Chuva,Simples,Curva;Aclive,Não,3,0,1,0,1,1,1,3,-27.059202,-51.680046,SPRF-SC,DEL07-SC,UOP05-DEL07-SC,2024
"627867,0",2024-09-13,sexta-feira,17:10:00,SC,282,"90,6",ALFREDO WAGNER,Velocidade Incompatível,Colisão frontal,Com Vítimas Fatais,Anoitecer,Decrescente,Chuva,Simples,Curva,Não,6,3,0,0,1,2,0,4,-27.68748467,-49.22674524,SPRF-SC,DEL01-SC,UOP03-DEL01-SC,2024
"627875,0",2024-09-13,sexta-feira,19:20:00,SC,282,"486,2",FAXINAL DOS GUEDES,Ausência de reação do condutor,Queda de ocupante de veículo,Com Vítimas Fatais,Plena Noite,Decrescente,Chuva,Simples,Reta,Não,3,1,0,0,2,0,0,3,-26.857626,-52.244191,SPRF-SC,DEL07-SC,UOP01-DEL07-SC,2024
"627905,0",2024-09-14,sábado,04:50:00,SC,101,"170,4",TIJUCAS,Transitar na contramão,Colisão frontal,Com Vítimas Feridas,Plena Noite,Crescente,Garoa/Chuvisco,Dupla,Reta,Sim,2,0,0,1,1,0,1,2,-27.29669601,-48.63147594,SPRF-SC,DEL04-SC,UOP03-DEL04-SC,2024
"628006,0",2024-09-14,sábado,09:40:00,SC,470,"193,8",POUSO REDONDO,Problema com o freio,Tombamento,Com Vítimas Feridas,Pleno dia,Crescente,Céu Claro,Simples,Curva;Declive,Não,2,0,1,0,0,1,1,2,-27.300575,-50.075451,SPRF-SC,DEL04-SC,UOP02-DEL04-SC,2024
"628224,0",2024-09-15,domingo,08:30:00,SC,101,"58,0",ARAQUARI,Curva acentuada,Saída de leito carroçável,Com Vítimas Feridas,Pleno dia,Decrescente,Chuva,Múltipla,Curva,Não,1,0,1,0,0,0,1,1,-26.44025049,-48.80129043,SPRF-SC,DEL03-SC,UOP02-DEL03-SC,2024
"628306,0",2024-09-15,domingo,14:40:00,SC,280,"111,0",CORUPA,Acessar a via sem observar a presença dos outros veículos,Colisão transversal,Com Vítimas Feridas,Pleno dia,Crescente,Chuva,Simples,Curva;Interseção de Vias;Rotatória,Não,6,0,2,2,1,2,4,4,-26.31295828,-49.38837778,SPRF-SC,DEL06-SC,UOP03-DEL06-SC,2024
"628517,0",2024-06-21,sexta-feira,20:15:00,SC,101,"119,0",ITAJAI,Trafegar com motocicleta (ou similar) entre as faixas,Colisão traseira,Com Vítimas Fatais,Plena Noite,Decrescente,Nublado,Múltipla,Reta,Não,3,1,0,0,1,1,0,3,-26.9043179,-48.71555481,SPRF-SC,DEL04-SC,UOP04-DEL04-SC,2024
"628527,0",2024-09-16,segunda-feira,11:10:00,SC,101,"15,0",BIGUACU,Reação tardia ou ineficiente do condutor,Saída de leito carroçável,Com Vítimas Feridas,Pleno dia,Crescente,Nublado,Dupla,Reta,Não,3,0,1,0,1,1,1,3,-27.4946,-48.6561,SPRF-SC,DEL01-SC,UOP01-DEL01-SC,2024
"628535,0",2024-09-16,segunda-feira,12:00:00,SC,282,"337,0",CAMPOS NOVOS,Transitar na contramão,Colisão lateral sentido oposto,Com Vítimas Feridas,Pleno dia,Crescente,Céu Claro,Simples,Reta,Não,3,0,1,0,1,1,1,3,-27.392527,-51.175514,SPRF-SC,DEL07-SC,UOP06-DEL07-SC,2024
"628650,0",2024-09-17,terça-feira,07:10:00,SC,101,"126,0",ITAJAI,Condutor deixou de manter distância do veículo da frente,Colisão traseira,Com Vítimas Feridas,Pleno dia,Decrescente,Nublado,Dupla,Curva,Sim,2,0,1,0,1,0,1,2,-26.95564404,-48.67978366,SPRF-SC,DEL04-SC,UOP04-DEL04-SC,2024
"628667,0",2024-09-17,terça-feira,06:20:00,SC,470,"125,0",LONTRAS,Acessar a via sem observar a presença dos outros veículos,Colisão transversal,Com Vítimas Fatais,Pleno dia,Decrescente,Céu Claro,Simples,Declive;Reta;Retorno Regulamentado,Sim,2,1,0,0,1,0,0,2,-27.120506,-49.534946,SPRF-SC,DEL04-SC,UOP02-DEL04-SC,2024
"628683,0",2024-09-17,terça-feira,08:30:00,SC,101,"270,0",IMBITUBA,Demais falhas mecânicas ou elétricas,Colisão lateral mesmo sentido,Com Vítimas Feridas,Pleno dia,Crescente,Céu Claro,Dupla,Reta,Não,2,0,0,1,1,0,1,2,-28.106585,-48.702952,SPRF-SC,DEL02-SC,UOP03-DEL02-SC,2024
"628729,0",2024-09-05,quinta-feira,07:50:00,SC,101,"119,7",ITAJAI,Trafegar com motocicleta (ou similar) entre as faixas,Colisão traseira,Com Vítimas Feridas,Pleno dia,Crescente,Céu Claro,Dupla,Reta,Não,5,0,2,0,2,1,2,5,-26.9043179,-48.71555481,SPRF-SC,DEL04-SC,UOP04-DEL04-SC,2024
"628844,0",2024-09-17,terça-feira,21:35:00,SC,163,"119,8",DIONISIO CERQUEIRA,Velocidade Incompatível,Saída de leito carroçável,Com Vítimas Feridas,Plena Noite,Decrescente,Céu Claro,Simples,Curva;Declive,Não,2,0,1,0,0,1,1,2,-26.33696105,-53.54629684,SPRF-SC,DEL07-SC,UOP03-DEL07-SC,2024
"628900,0",2024-09-18,quarta-feira,09:50:00,SC,280,"2,0",SAO FRANCISCO DO SUL,Acessar a via sem observar a presença dos outros veículos,Colisão transversal,Com Vítimas Feridas,Pleno dia,Crescente,Nublado,Simples,Reta,Sim,3,0,0,1,1,1,1,3,-26.23700996,-48.61979093,SPRF-SC,DEL03-SC,UOP03-DEL03-SC,2024
"628901,0",2024-09-18,quarta-feira,08:28:00,SC,101,"357,0",SANGAO,Reação tardia ou ineficiente do condutor,Saída de leito carroçável,Com Vítimas Feridas,Pleno dia,Crescente,Céu Claro,Simples,Curva;Aclive;Rotatória,Não,1,0,1,0,0,0,1,1,-28.64188732,-49.10038412,SPRF-SC,DEL02-SC,UOP01-DEL02-SC,2024
"628915,0",2024-09-18,quarta-feira,11:50:00,SC,101,"129,0",BALNEARIO CAMBORIU,Manobra de mudança de faixa,Colisão lateral mesmo sentido,Com Vítimas Feridas,Pleno dia,Decrescente,Nublado,Dupla,Reta,Sim,2,0,1,0,1,0,1,2,-26.98064277,-48.6790679,SPRF-SC,DEL04-SC,UOP03-DEL04-SC,2024
"628948,0",2024-08-29,quinta-feira,17:20:00,SC,101,"87,5",BARRA VELHA,Suicídio (presumido),Atropelamento de Pedestre,Com Vítimas Fatais,Anoitecer,Crescente,Nublado,Múltipla,Reta,Sim,3,1,0,0,1,1,0,3,-26.6466486,-48.6871455,SPRF-SC,DEL03-SC,UOP02-DEL03-SC,2024
"629035,0",2024-09-18,quarta-feira,23:45:00,SC,101,"126,4",ITAJAI,Ingestão de álcool pelo condutor,Colisão lateral mesmo sentido,Com Vítimas Feridas,Plena Noite,Crescente,Nublado,Simples,Reta,Não,3,0,1,0,1,2,1,4,-26.95564404,-48.67978366,SPRF-SC,DEL04-SC,UOP04-DEL04-SC,2024
"629080,0",2024-09-19,quinta-feira,08:05:00,SC,101,"334,7",TUBARAO,Ausência de reação do condutor,Colisão traseira,Com Vítimas Feridas,Pleno dia,Decrescente,Céu Claro,Múltipla,Reta,Sim,2,0,1,0,0,1,1,2,-28.46730446,-49.00604302,SPRF-SC,DEL02-SC,UOP01-DEL02-SC,2024
"629143,0",2024-09-19,quinta-feira,13:20:00,SC,282,"519,9",XAXIM,Condutor deixou de manter distância do veículo da frente,Colisão traseira,Com Vítimas Feridas,Pleno dia,Decrescente,Garoa/Chuvisco,Simples,Curva,Não,2,0,1,0,1,0,1,2,-26.95099403,-52.52408981,SPRF-SC,DEL07-SC,UOP01-DEL07-SC,2024
"629191,0",2024-09-19,quinta-feira,19:24:00,SC,101,"189,7",BIGUACU,Modificação proibida,Colisão lateral mesmo sentido,Com Vítimas Feridas,Plena Noite,Crescente,Garoa/Chuvisco,Dupla,Curva,Sim,2,0,1,0,0,1,1,2,-27.459393,-48.638914,SPRF-SC,DEL01-SC,UOP01-DEL01-SC,2024
"629438,0",2024-09-20,sexta-feira,17:00:00,SC,282,"339,4",CAMPOS NOVOS,Ausência de reação do condutor,Colisão traseira,Com Vítimas Feridas,Pleno dia,Crescente,Nublado,Simples,Interseção de Vias;Reta,Não,2,0,1,0,1,0,1,2,-27.392731,-51.195118,SPRF-SC,DEL07-SC,UOP06-DEL07-SC,2024
"629440,0",2024-09-20,sexta-feira,19:00:00,SC,470,"56,0",BLUMENAU,Acessar a via sem observar a presença dos outros veículos,Colisão lateral mesmo sentido,Com Vítimas Feridas,Plena Noite,Crescente,Chuva,Simples,Reta,Não,3,0,0,1,1,2,1,4,-26.87674,-49.127743,SPRF-SC,DEL04-SC,UOP01-DEL04-SC,2024
"629448,0",2024-09-20,sexta-feira,19:00:00,SC,101,"121,0",ITAJAI,Demais falhas mecânicas ou elétricas,Incêndio,Sem Vítimas,Plena Noite,Decrescente,Nublado,Múltipla,Reta,Sim,2,0,0,0,1,1,0,2,-26.92103178,-48.70856446,SPRF-SC,DEL04-SC,UOP04-DEL04-SC,2024
"629529,0",2024-09-21,sábado,04:50:00,SC,101,"132,0",CAMBORIU,Manobra de mudança de faixa,Colisão lateral mesmo sentido,Sem Vítimas,Amanhecer,Crescente,Céu Claro,Múltipla,Reta,Sim,3,0,0,0,2,2,0,4,-26.99654133,-48.65564711,SPRF-SC,DEL04-SC,UOP03-DEL04-SC,2024
"629665,0",2024-09-21,sábado,19:15:00,SC,101,"222,8",PALHOCA,Manobra de mudança de faixa,Colisão lateral mesmo sentido,Com Vítimas Feridas,Plena Noite,Decrescente,Nublado,Dupla,Curva,Sim,2,0,1,0,0,1,1,2,-27.70865409,-48.65586407,SPRF-SC,DEL01-SC,UOP02-DEL01-SC,2024
"629674,0",2024-09-21,sábado,19:00:00,SC,470,"75,3",INDAIAL,Pedestre andava na pista,Atropelamento de Pedestre,Com Vítimas Fatais,Plena Noite,Decrescente,Céu Claro,Simples,Reta,Não,2,1,0,0,0,1,0,2,-26.9275253,-49.2851533,SPRF-SC,DEL04-SC,UOP01-DEL04-SC,2024
"629766,0",2024-09-22,domingo,04:35:00,SC,470,"92,0",APIUNA,Acessar a via sem observar a presença dos outros veículos,Colisão transversal,Com Vítimas Feridas,Plena Noite,Crescente,Nublado,Simples,Reta,Sim,5,0,2,0,2,2,2,5,-26.98592,-49.373047,SPRF-SC,DEL04-SC,UOP01-DEL04-SC,2024
"629841,0",2024-09-22,domingo,12:30:00,SC,101,"138,8",BALNEARIO CAMBORIU,Ausência de reação do condutor,Colisão com objeto,Com Vítimas Feridas,Pleno dia,Crescente,Céu Claro,Simples,Reta,Sim,3,0,0,1,1,1,1,2,-27.02397426,-48.60761649,SPRF-SC,DEL04-SC,UOP03-DEL04-SC,2024
"629868,0",2024-09-22,domingo,16:15:00,SC,101,"233,4",PALHOCA,Condutor deixou de manter distância do veículo da frente,Colisão traseira,Com Vítimas Fatais,Pleno dia,Decrescente,Céu Claro,Múltipla,Aclive;Reta,Sim,5,1,1,0,2,2,1,6,-27.8049872,-48.638505,SPRF-SC,DEL01-SC,UOP02-DEL01-SC,2024
"629904,0",2024-09-22,domingo,16:20:00,SC,116,"121,3",SANTA CECILIA,Transitar na contramão,Colisão lateral sentido oposto,Com Vítimas Fatais,Pleno dia,Decrescente,Céu Claro,Simples,Reta,Não,7,1,2,0,3,4,2,8,-26.8303456,-50.38617912,SPRF-SC,DEL06-SC,UOP02-DEL06-SC,2024
"630048,0",2024-09-23,segunda-feira,09:50:00,SC,101,"26,7",JOINVILLE,Avarias e/ou desgaste excessivo no pneu,Derramamento de carga,Sem Vítimas,Pleno dia,Crescente,Céu Claro,Múltipla,Declive;Viaduto,Não,2,0,0,0,1,2,0,3,-26.19234802,-48.91210384,SPRF-SC,DEL03-SC,UOP01-DEL03-SC,2024
"630072,0",2024-09-23,segunda-feira,11:30:00,SC,163,"68,7",SAO MIGUEL DO OESTE,Ingestão de álcool pelo condutor,Colisão traseira,Com Vítimas Feridas,Pleno dia,Crescente,Céu Claro,Dupla,Reta,Sim,3,0,1,0,1,1,1,3,-26.7426594,-53.50097179,SPRF-SC,DEL07-SC,UOP03-DEL07-SC,2024
"630181,0",2024-09-24,terça-feira,06:00:00,SC,470,"35,2",GASPAR,Ausência de reação do condutor,Saída de leito carroçável,Com Vítimas Feridas,Amanhecer,Crescente,Nublado,Simples,Reta;Desvio Temporário,Não,1,0,1,0,0,0,1,1,-26.91325657,-48.96363974,SPRF-SC,DEL04-SC,UOP01-DEL04-SC,2024
"630191,0",2024-09-24,terça-feira,06:45:00,SC,470,"15,0",ILHOTA,Demais falhas mecânicas ou elétricas,Incêndio,Sem Vítimas,Pleno dia,Crescente,Céu Claro,Dupla,Reta,Não,1,0,0,0,1,0,0,1,-26.839785,-48.785534,SPRF-SC,DEL04-SC,UOP04-DEL04-SC,2024
"630218,0",2024-09-24,terça-feira,07:45:00,SC,163,"68,7",SAO MIGUEL DO OESTE,Condutor desrespeitou a iluminação vermelha do semáforo,Colisão transversal,Com Vítimas Feridas,Pleno dia,Decrescente,Céu Claro,Dupla,Aclive;Interseção de Vias,Não,2,0,0,1,1,0,1,2,-26.74368638,-53.50105402,SPRF-SC,DEL07-SC,UOP03-DEL07-SC,2024
"630244,0",2024-09-24,terça-feira,07:25:00,SC,280,"292,5",PORTO UNIAO,Transitar na contramão,Colisão frontal,Com Vítimas Fatais,Pleno dia,Decrescente,Céu Claro,Simples,Curva;Declive,Não,7,5,0,0,1,1,0,3,-26.2976157,-50.9514689,SPRF-SC,DEL06-SC,UOP04-DEL06-SC,2024