id,data_inversa,dia_semana,horario,uf,br,km,municipio,causa_acidente,tipo_acidente,classificacao_acidente,fase_dia,sentido_via,condicao_metereologica,tipo_pista,tracado_via,uso_solo,pessoas,mortos,feridos_leves,feridos_graves,ilesos,ignorados,feridos,veiculos,latitude,longitude,regional,delegacia,uop,ano_arquivo
"630258,0",2024-09-24,terça-feira,13:16:00,SC,101,"251,5",PAULO LOPES,Pedestre andava na pista,Atropelamento de Pedestre,Com Vítimas Fatais,Pleno dia,Decrescente,Céu Claro,Dupla,Ponte;Reta,Não,2,1,0,0,0,1,0,2,-27.95441586,-48.67528081,SPRF-SC,DEL02-SC,UOP03-DEL02-SC,2024
"630262,0",2024-09-24,terça-feira,11:40:00,SC,282,"501,3",XANXERE,Acessar a via sem observar a presença dos outros veículos,Colisão transversal,Com Vítimas Feridas,Pleno dia,Decrescente,Céu Claro,Dupla,Rotatória;Aclive,Sim,4,0,2,0,1,1,2,3,-26.882715,-52.381729,SPRF-SC,DEL07-SC,UOP01-DEL07-SC,2024
"630328,0",2024-09-24,terça-feira,19:35:00,SC,470,"65,5",INDAIAL,Conversão proibida,Colisão frontal,Com Vítimas Fatais,Plena Noite,Crescente,Céu Claro,Simples,Curva;Em Obras,Sim,3,1,0,0,1,1,0,3,-26.87086065,-49.21789169,SPRF-SC,DEL04-SC,UOP01-DEL04-SC,2024
"630351,0",2024-09-24,terça-feira,22:40:00,SC,101,"401,4",MARACAJA,Acessar a via sem observar a presença dos outros veículos,Colisão frontal,Com Vítimas Feridas,Plena Noite,Decrescente,Nublado,Múltipla,Reta,Não,3,0,1,0,1,1,1,3,-28.8736522,-49.45345402,SPRF-SC,DEL02-SC,UOP02-DEL02-SC,2024
"630436,0",2024-09-25,quarta-feira,11:10:00,SC,101,"136,0",BALNEARIO CAMBORIU,Ausência de reação do condutor,Colisão traseira,Com Vítimas Feridas,Pleno dia,Crescente,Céu Claro,Múltipla,Reta,Não,5,0,0,1,3,2,1,5,-27.008113,-48.617245,SPRF-SC,DEL04-SC,UOP03-DEL04-SC,2024
"630443,0",2024-09-25,quarta-feira,11:30:00,SC,101,"158,0",PORTO BELO,Manobra de mudança de faixa,Colisão traseira,Com Vítimas Feridas,Pleno dia,Decrescente,Céu Claro,Dupla,Reta,Sim,2,0,1,0,1,0,1,2,-27.181625,-48.6121179,SPRF-SC,DEL04-SC,UOP03-DEL04-SC,2024
"630463,0",2024-09-25,quarta-feira,11:40:00,SC,101,"144,0",ITAPEMA,Ausência de reação do condutor,Colisão traseira,Com Vítimas Feridas,Pleno dia,Decrescente,Céu Claro,Múltipla,Reta,Não,2,0,1,0,0,1,1,2,-27.0732659,-48.59672716,SPRF-SC,DEL04-SC,UOP03-DEL04-SC,2024
"630493,0",2024-09-25,quarta-feira,17:40:00,SC,101,"117,3",ITAJAI,Desrespeitar a preferência no cruzamento,Colisão transversal,Com Vítimas Feridas,Plena Noite,Decrescente,Céu Claro,Simples,Interseção de Vias,Não,4,0,1,0,1,2,1,3,-26.88747187,-48.72252969,SPRF-SC,DEL04-SC,UOP04-DEL04-SC,2024
"630512,0",2024-09-25,quarta-feira,17:50:00,SC,282,"524,0",XAXIM,Reação tardia ou ineficiente do condutor,Tombamento,Sem Vítimas,Pleno dia,Decrescente,Céu Claro,Simples,Curva;Aclive,Não,2,0,0,0,1,3,0,4,-26.96601465,-52.55626375,SPRF-SC,DEL07-SC,UOP01-DEL07-SC,2024
"630530,0",2024-09-25,quarta-feira,18:45:00,SC,101,"105,0",PENHA,Transitar no Acostamento,Colisão traseira,Com Vítimas Feridas,Anoitecer,Decrescente,Céu Claro,Dupla,Reta,Não,2,0,1,0,1,0,1,2,-26.80215497,-48.67891041,SPRF-SC,DEL03-SC,UOP02-DEL03-SC,2024
"630535,0",2024-09-25,quarta-feira,20:45:00,SC,101,"190,0",BIGUACU,Demais falhas mecânicas ou elétricas,Incêndio,Sem Vítimas,Plena Noite,Decrescente,Nublado,Dupla,Reta,Sim,2,0,0,0,1,2,0,3,-27.468056,-48.641712,SPRF-SC,DEL01-SC,UOP01-DEL01-SC,2024
"630561,0",2024-09-26,quinta-feira,01:20:00,SC,101,"213,7",PALHOCA,Reação tardia ou ineficiente do condutor,Colisão traseira,Com Vítimas Feridas,Plena Noite,Decrescente,Céu Claro,Múltipla,Reta,Sim,2,0,1,0,1,0,1,2,-27.63697369,-48.66514142,SPRF-SC,DEL01-SC,UOP02-DEL01-SC,2024
"630566,0",2024-09-26,quinta-feira,02:30:00,SC,101,"63,5",ARAQUARI,Condutor Dormindo,Saída de leito carroçável,Com Vítimas Feridas,Plena Noite,Crescente,Garoa/Chuvisco,Dupla,Reta,Não,1,0,1,0,0,0,1,1,-26.45898367,-48.7584088,SPRF-SC,DEL03-SC,UOP02-DEL03-SC,2024
"630574,0",2024-09-26,quinta-feira,04:47:00,SC,101,"308,8",LAGUNA,Condutor Dormindo,Colisão traseira,Com Vítimas Feridas,Plena Noite,Crescente,Nublado,Dupla,Declive;Reta,Não,3,0,1,0,1,1,1,3,-28.42479751,-48.80037904,SPRF-SC,DEL02-SC,UOP01-DEL02-SC,2024
"630578,0",2024-09-26,quinta-feira,05:35:00,SC,101,"105,0",PENHA,Condutor Dormindo,Saída de leito carroçável,Com Vítimas Feridas,Amanhecer,Crescente,Garoa/Chuvisco,Dupla,Reta,Não,2,0,2,0,0,0,2,1,-26.80215497,-48.67891041,SPRF-SC,DEL03-SC,UOP02-DEL03-SC,2024
"630619,0",2024-09-26,quinta-feira,10:50:00,SC,163,"118,4",DIONISIO CERQUEIRA,Manobra de mudança de faixa,Colisão transversal,Com Vítimas Feridas,Pleno dia,Crescente,Chuva,Simples,Curva;Interseção de Vias;Aclive,Não,3,0,0,1,1,1,1,3,-26.34157596,-53.54736328,SPRF-SC,DEL07-SC,UOP03-DEL07-SC,2024
"630644,0",2024-08-21,quarta-feira,22:30:00,SC,101,"204,6",SAO JOSE,Ausência de reação do condutor,Colisão traseira,Com Vítimas Fatais,Plena Noite,Crescente,Céu Claro,Múltipla,Reta;Aclive,Sim,4,1,1,0,1,1,1,3,-27.58039,-48.61436,SPRF-SC,DEL01-SC,UOP01-DEL01-SC,2024
"630674,0",2024-09-26,quinta-feira,15:30:00,SC,101,"327,9",CAPIVARI DE BAIXO,Ausência de reação do condutor,Colisão lateral sentido oposto,Com Vítimas Feridas,Pleno dia,Crescente,Nublado,Dupla,Reta;Aclive,Não,5,0,1,0,3,1,1,4,-28.44393076,-48.96607518,SPRF-SC,DEL02-SC,UOP01-DEL02-SC,2024
"630703,0",2024-08-23,sexta-feira,08:18:00,SC,470,"60,2",BLUMENAU,Desrespeitar a preferência no cruzamento,Colisão transversal,Com Vítimas Fatais,Pleno dia,Crescente,Nublado,Múltipla,Reta;Interseção de Vias,Sim,2,1,0,0,1,0,0,2,-26.88050438,-49.16760748,SPRF-SC,DEL04-SC,UOP01-DEL04-SC,2024
"630709,0",2024-09-26,quinta-feira,18:00:00,SC,282,"345,0",CAMPOS NOVOS,Acessar a via sem observar a presença dos outros veículos,Colisão transversal,Sem Vítimas,Anoitecer,Crescente,Céu Claro,Simples,Interseção de Vias,Não,3,0,0,0,2,1,0,3,-27.374619,-51.247044,SPRF-SC,DEL07-SC,UOP06-DEL07-SC,2024
"630738,0",2024-09-26,quinta-feira,20:30:00,SC,101,"117,0",ITAJAI,Acessar a via sem observar a presença dos outros veículos,Colisão transversal,Com Vítimas Feridas,Plena Noite,Decrescente,Chuva,Múltipla,Reta,Sim,3,0,1,0,1,1,1,3,-26.88747187,-48.72252969,SPRF-SC,DEL04-SC,UOP04-DEL04-SC,2024
"630741,0",2024-09-26,quinta-feira,21:20:00,SC,116,"221,1",CORREIA PINTO,Acessar a via sem observar a presença dos outros veículos,Colisão transversal,Com Vítimas Feridas,Plena Noite,Crescente,Nublado,Simples,Reta,Não,5,0,2,0,1,2,2,4,-27.59524735,-50.35862982,SPRF-SC,DEL05-SC,UOP03-DEL05-SC,2024
"630765,0",2024-09-27,sexta-feira,00:30:00,SC,470,"117,5",IBIRAMA,Transitar na contramão,Colisão frontal,Com Vítimas Feridas,Plena Noite,Crescente,Nublado,Simples,Curva,Não,4,0,0,3,0,1,3,4,-27.07756,-49.49448,SPRF-SC,DEL04-SC,UOP02-DEL04-SC,2024
"630775,0",2024-09-27,sexta-feira,01:45:00,SC,470,"22,0",ILHOTA,Manobra de mudança de faixa,Colisão traseira,Com Vítimas Feridas,Plena Noite,Decrescente,Nublado,Dupla,Reta,Não,3,0,3,0,0,0,3,2,-26.880066,-48.836224,SPRF-SC,DEL04-SC,UOP04-DEL04-SC,2024
"630828,0",2024-09-27,sexta-feira,08:10:00,SC,101,"106,2",PENHA,Ausência de reação do condutor,Colisão traseira,Com Vítimas Feridas,Pleno dia,Crescente,Nublado,Dupla,Reta;Declive,Não,4,0,1,0,3,0,1,3,-26.81249193,-48.6833328,SPRF-SC,DEL03-SC,UOP02-DEL03-SC,2024
"630845,0",2024-09-27,sexta-feira,08:00:00,SC,280,"71,2",JARAGUA DO SUL,Suicídio (presumido),Colisão frontal,Com Vítimas Fatais,Pleno dia,Decrescente,Céu Claro,Simples,Reta,Sim,2,1,0,0,1,0,0,2,-26.459641,-49.141477,SPRF-SC,DEL03-SC,UOP03-DEL03-SC,2024
"630862,0",2024-09-27,sexta-feira,11:35:00,SC,470,"129,0",LONTRAS,Demais falhas mecânicas ou elétricas,Derramamento de carga,Sem Vítimas,Pleno dia,Decrescente,Sol,Simples,Reta,Não,1,0,0,0,1,0,0,1,-27.148499,-49.556137,SPRF-SC,DEL04-SC,UOP02-DEL04-SC,2024
"630913,0",2024-09-27,sexta-feira,15:30:00,SC,282,"337,7",CAMPOS NOVOS,Condutor Dormindo,Colisão frontal,Com Vítimas Feridas,Pleno dia,Crescente,Céu Claro,Simples,Curva,Não,6,0,3,0,2,1,3,3,-27.392826,-51.17464,SPRF-SC,DEL07-SC,UOP06-DEL07-SC,2024
"630915,0",2024-09-27,sexta-feira,17:40:00,SC,470,"126,6",LONTRAS,Desrespeitar a preferência no cruzamento,Colisão transversal,Com Vítimas Feridas,Pleno dia,Crescente,Céu Claro,Simples,Retorno Regulamentado,Sim,2,0,1,0,1,0,1,2,-27.129,-49.538277,SPRF-SC,DEL04-SC,UOP02-DEL04-SC,2024
"630946,0",2024-09-27,sexta-feira,19:20:00,SC,101,"206,0",SAO JOSE,Condutor deixou de manter distância do veículo da frente,Colisão traseira,Com Vítimas Feridas,Plena Noite,Crescente,Céu Claro,Dupla,Reta,Sim,4,0,2,0,2,0,2,3,-27.59193546,-48.61824557,SPRF-SC,DEL01-SC,UOP01-DEL01-SC,2024
"630963,0",2024-09-27,sexta-feira,06:45:00,SC,101,"202,0",SAO JOSE,Reação tardia ou ineficiente do condutor,Colisão lateral mesmo sentido,Sem Vítimas,Pleno dia,Crescente,Nublado,Múltipla,Reta,Sim,3,0,0,0,3,0,0,2,-27.55711595,-48.61897889,SPRF-SC,DEL01-SC,UOP01-DEL01-SC,2024
"631090,0",2024-09-28,sábado,08:46:00,SC,101,"233,4",PALHOCA,Demais falhas mecânicas ou elétricas,Incêndio,Sem Vítimas,Pleno dia,Decrescente,Céu Claro,Dupla,Reta,Sim,2,0,0,0,1,1,0,2,-27.80376397,-48.63826211,SPRF-SC,DEL01-SC,UOP02-DEL01-SC,2024
"631170,0",2024-09-28,sábado,13:00:00,SC,116,"162,1",PONTE ALTA DO NORTE,Reação tardia ou ineficiente do condutor,Tombamento,Com Vítimas Feridas,Pleno dia,Crescente,Céu Claro,Simples,Curva;Declive,Não,2,0,0,1,0,1,1,2,-27.12440175,-50.45638561,SPRF-SC,DEL05-SC,UOP03-DEL05-SC,2024
"631196,0",2024-09-28,sábado,07:00:00,SC,470,"81,8",RODEIO,Velocidade Incompatível,Tombamento,Sem Vítimas,Pleno dia,Decrescente,Céu Claro,Simples,Curva,Não,2,0,0,0,1,1,0,2,-26.950367,-49.325638,SPRF-SC,DEL04-SC,UOP01-DEL04-SC,2024
"631244,0",2024-09-28,sábado,21:30:00,SC,101,"248,6",PAULO LOPES,Reação tardia ou ineficiente do condutor,Colisão traseira,Com Vítimas Feridas,Plena Noite,Crescente,Céu Claro,Múltipla,Reta,Não,3,0,1,0,1,1,1,3,-27.93115398,-48.6608988,SPRF-SC,DEL02-SC,UOP03-DEL02-SC,2024
"631363,0",2024-09-29,domingo,10:20:00,SC,101,"306,0",LAGUNA,Manobra de mudança de faixa,Colisão traseira,Com Vítimas Feridas,Pleno dia,Decrescente,Céu Claro,Dupla,Reta,Não,3,0,1,0,1,1,1,2,-28.38437001,-48.77113299,SPRF-SC,DEL02-SC,UOP03-DEL02-SC,2024
"631413,0",2024-09-29,domingo,17:30:00,SC,101,"150,0",ITAPEMA,Trafegar com motocicleta (ou similar) entre as faixas,Tombamento,Com Vítimas Feridas,Pleno dia,Decrescente,Céu Claro,Dupla,Reta,Sim,3,0,0,1,1,1,1,3,-27.11744799,-48.60940987,SPRF-SC,DEL04-SC,UOP03-DEL04-SC,2024
"631428,0",2024-09-29,domingo,18:25:00,SC,101,"86,0",BARRA VELHA,Trafegar com motocicleta (ou similar) entre as faixas,Colisão traseira,Com Vítimas Feridas,Anoitecer,Decrescente,Céu Claro,Dupla,Reta,Sim,4,0,1,1,2,0,2,3,-26.63277317,-48.70232513,SPRF-SC,DEL03-SC,UOP02-DEL03-SC,2024
"631518,0",2024-09-30,segunda-feira,05:20:00,SC,280,"33,0",ARAQUARI,Acessar a via sem observar a presença dos outros veículos,Colisão lateral mesmo sentido,Com Vítimas Feridas,Amanhecer,Crescente,Nublado,Simples,Reta;Interseção de Vias,Sim,3,0,0,1,1,2,1,4,-26.42576441,-48.78741376,SPRF-SC,DEL03-SC,UOP03-DEL03-SC,2024
"631524,0",2024-09-29,domingo,21:42:00,SC,470,"92,9",APIUNA,Acessar a via sem observar a presença dos outros veículos,Colisão transversal,Com Vítimas Feridas,Plena Noite,Crescente,Nublado,Simples,Retorno Regulamentado,Não,3,0,1,1,1,0,2,2,-26.98957665,-49.37447906,SPRF-SC,DEL04-SC,UOP01-DEL04-SC,2024
"631536,0",2024-09-30,segunda-feira,05:55:00,SC,280,"137,0",RIO NEGRINHO,Reação tardia ou ineficiente do condutor,Colisão lateral sentido oposto,Sem Vítimas,Amanhecer,Crescente,Céu Claro,Simples,Curva,Não,2,0,0,0,2,0,0,2,-26.26817911,-49.59044504,SPRF-SC,DEL06-SC,UOP03-DEL06-SC,2024
"631542,0",2024-09-30,segunda-feira,05:50:00,SC,282,"584,0",PINHALZINHO,Ultrapassagem Indevida,Colisão lateral mesmo sentido,Com Vítimas Feridas,Amanhecer,Decrescente,Céu Claro,Simples,Declive,Sim,2,0,1,0,1,0,1,2,-26.831865,-53.016579,SPRF-SC,DEL07-SC,UOP02-DEL07-SC,2024
"631574,0",2024-09-30,segunda-feira,08:15:00,SC,282,"508,5",XANXERE,Manobra de mudança de faixa,Colisão lateral mesmo sentido,Com Vítimas Feridas,Pleno dia,Crescente,Céu Claro,Simples,Reta,Não,2,0,1,0,1,0,1,2,-26.887014,-52.448372,SPRF-SC,DEL07-SC,UOP01-DEL07-SC,2024
"631636,0",2024-09-30,segunda-feira,14:30:00,SC,282,"53,2",AGUAS MORNAS,Ultrapassagem Indevida,Saída de leito carroçável,Com Vítimas Feridas,Pleno dia,Decrescente,Céu Claro,Simples,Reta,Não,4,0,1,0,3,0,1,2,-27.691511,-48.970215,SPRF-SC,DEL01-SC,UOP03-DEL01-SC,2024
"631660,0",2024-09-30,segunda-feira,12:15:00,SC,101,"90,4",BARRA VELHA,Suicídio (presumido),Atropelamento de Pedestre,Com Vítimas Fatais,Pleno dia,Crescente,Nublado,Múltipla,Reta,Sim,4,1,0,0,1,2,0,3,-26.6727649,-48.6903731,SPRF-SC,DEL03-SC,UOP02-DEL03-SC,2024
"631678,0",2024-09-30,segunda-feira,16:00:00,SC,153,"69,5",IRANI,Ultrapassagem Indevida,Colisão frontal,Com Vítimas Feridas,Pleno dia,Crescente,Céu Claro,Dupla,Curva,Não,3,0,0,1,1,1,1,3,-27.041891,-51.882576,SPRF-SC,DEL07-SC,UOP04-DEL07-SC,2024
"631704,0",2024-09-30,segunda-feira,19:50:00,SC,280,"128,0",RIO NEGRINHO,Transitar na contramão,Colisão frontal,Com Vítimas Feridas,Plena Noite,Crescente,Céu Claro,Simples,Reta,Sim,3,0,1,0,2,0,1,3,-26.24317941,-49.51320018,SPRF-SC,DEL06-SC,UOP03-DEL06-SC,2024
"631713,0",2024-09-30,segunda-feira,19:40:00,SC,470,"54,4",BLUMENAU,Ingestão de álcool pelo condutor,Tombamento,Sem Vítimas,Plena Noite,Decrescente,Céu Claro,Simples,Curva;Interseção de Vias,Sim,2,0,0,0,1,1,0,2,-26.871065,-49.110374,SPRF-SC,DEL04-SC,UOP01-DEL04-SC,2024
"631780,0",2024-10-01,terça-feira,07:30:00,SC,282,"3,7",FLORIANOPOLIS,Condutor deixou de manter distância do veículo da frente,Colisão traseira,Com Vítimas Feridas,Pleno dia,Decrescente,Céu Claro,Múltipla,Reta,Sim,4,0,2,0,1,1,2,3,-27.600384,-48.599705,SPRF-SC,DEL01-SC,UOP01-DEL01-SC,2024
"631791,0",2024-10-01,terça-feira,07:45:00,SC,101,"201,0",SAO JOSE,Acessar a via sem observar a presença dos outros veículos,Colisão traseira,Com Vítimas Feridas,Pleno dia,Crescente,Céu Claro,Dupla,Reta,Sim,2,0,1,0,1,0,1,2,-27.54836599,-48.61977975,SPRF-SC,DEL01-SC,UOP01-DEL01-SC,2024
"631813,0",2024-10-01,terça-feira,08:15:00,SC,101,"336,0",TUBARAO,Manobra de mudança de faixa,Colisão lateral mesmo sentido,Com Vítimas Feridas,Pleno dia,Crescente,Céu Claro,Dupla,Ponte,Sim,3,0,1,0,1,1,1,3,-28.483671,-49.035693,SPRF-SC,DEL02-SC,UOP01-DEL02-SC,2024
"631829,0",2024-10-01,terça-feira,10:15:00,SC,101,"433,0",SOMBRIO,Condutor deixou de manter distância do veículo da frente,Colisão traseira,Com Vítimas Feridas,Pleno dia,Decrescente,Céu Claro,Múltipla,Reta;Interseção de Vias,Sim,2,0,1,0,1,0,1,2,-29.08200809,-49.6297237,SPRF-SC,DEL02-SC,UOP02-DEL02-SC,2024
"631840,0",2024-10-01,terça-feira,12:30:00,SC,116,"308,9",CAPAO ALTO,Velocidade Incompatível,Tombamento,Com Vítimas Feridas,Pleno dia,Crescente,Céu Claro,Simples,Curva,Não,2,0,1,0,0,1,1,2,-28.19754833,-50.75958252,SPRF-SC,DEL05-SC,UOP02-DEL05-SC,2024
"631885,0",2024-10-01,terça-feira,15:30:00,SC,116,"51,9",PAPANDUVA,Reação tardia ou ineficiente do condutor,Colisão lateral sentido oposto,Com Vítimas Feridas,Pleno dia,Crescente,Céu Claro,Simples,Aclive;Reta,Não,3,0,1,0,1,2,1,4,-26.38519214,-50.13765683,SPRF-SC,DEL06-SC,UOP01-DEL06-SC,2024
"631890,0",2024-10-01,terça-feira,18:30:00,SC,101,"1,0",GARUVA,Reação tardia ou ineficiente do condutor,Colisão traseira,Com Vítimas Feridas,Plena Noite,Crescente,Nublado,Múltipla,Reta,Não,4,0,1,0,2,3,1,5,-25.99204065,-48.88169825,SPRF-SC,DEL03-SC,UOP01-DEL03-SC,2024
"631909,0",2024-10-01,terça-feira,16:05:00,SC,282,"340,0",CAMPOS NOVOS,Acessar a via sem observar a presença dos outros veículos,Colisão transversal,Com Vítimas Feridas,Pleno dia,Decrescente,Sol,Simples,Interseção de Vias,Sim,2,0,0,1,1,0,1,2,-27.388266,-51.203793,SPRF-SC,DEL07-SC,UOP06-DEL07-SC,2024
"631917,0",2024-10-01,terça-feira,19:08:00,SC,282,"419,2",VARGEM BONITA,Manobra de mudança de faixa,Colisão lateral mesmo sentido,Sem Vítimas,Plena Noite,Decrescente,Céu Claro,Simples,Aclive,Não,4,0,0,0,2,2,0,3,-27.037748,-51.718472,SPRF-SC,DEL07-SC,UOP05-DEL07-SC,2024
"631943,0",2024-10-01,terça-feira,22:05:00,SC,116,"251,3",LAGES,Mal súbito do condutor,Colisão transversal,Com Vítimas Feridas,Plena Noite,Crescente,Nublado,Simples,Interseção de Vias,Não,3,0,1,0,1,1,1,3,-27.84690268,-50.37926674,SPRF-SC,DEL05-SC,UOP02-DEL05-SC,2024
"631951,0",2024-10-02,quarta-feira,01:00:00,SC,101,"118,0",ITAJAI,Reação tardia ou ineficiente do condutor,Atropelamento de Pedestre,Com Vítimas Feridas,Plena Noite,Crescente,Nublado,Dupla,Reta,Sim,2,0,0,1,1,0,1,2,-26.895859,-48.71903,SPRF-SC,DEL04-SC,UOP04-DEL04-SC,2024
"632015,0",2024-08-03,sábado,03:15:00,SC,280,"22,5",ARAQUARI,Ingestão de álcool pelo condutor,Colisão traseira,Com Vítimas Feridas,Plena Noite,Crescente,Nublado,Simples,Reta,Sim,3,0,0,1,1,2,1,4,-26.37092616,-48.70204099,SPRF-SC,DEL03-SC,UOP03-DEL03-SC,2024
"632053,0",2024-10-02,quarta-feira,13:45:00,SC,280,"68,7",JARAGUA DO SUL,Reação tardia ou ineficiente do condutor,Colisão traseira,Com Vítimas Feridas,Pleno dia,Decrescente,Chuva,Simples,Reta,Sim,2,0,1,0,1,0,1,2,-26.47277719,-49.11098612,SPRF-SC,DEL03-SC,UOP03-DEL03-SC,2024
"632092,0",2024-10-02,quarta-feira,16:30:00,SC,101,"123,0",ITAJAI,Reação tardia ou ineficiente do condutor,Colisão traseira,Com Vítimas Feridas,Pleno dia,Decrescente,Chuva,Múltipla,Rotatória,Sim,3,0,1,0,2,0,1,2,-26.93668609,-48.69876905,SPRF-SC,DEL04-SC,UOP04-DEL04-SC,2024
"632102,0",2024-10-02,quarta-feira,17:20:00,SC,101,"99,0",BALNEARIO PICARRAS,Condutor deixou de manter distância do veículo da frente,Engavetamento,Com Vítimas Feridas,Pleno dia,Decrescente,Chuva,Dupla,Reta,Não,4,0,1,0,2,1,1,4,-26.7471002,-48.69654831,SPRF-SC,DEL03-SC,UOP02-DEL03-SC,2024
"632107,0",2024-09-20,sexta-feira,15:08:00,SC,101,"12,0",GARUVA,Pista Escorregadia,Colisão com objeto,Com Vítimas Feridas,Pleno dia,Crescente,Chuva,Dupla,Aclive,Não,2,0,1,0,0,2,1,3,-26.084134,-48.862041,SPRF-SC,DEL03-SC,UOP01-DEL03-SC,2024
"632108,0",2024-10-02,quarta-feira,17:30:00,SC,101,"157,0",PORTO BELO,Condutor deixou de manter distância do veículo da frente,Colisão traseira,Com Vítimas Feridas,Pleno dia,Crescente,Chuva,Múltipla,Reta,Não,2,0,0,1,1,0,1,2,-27.181625,-48.6121179,SPRF-SC,DEL04-SC,UOP03-DEL04-SC,2024
"632225,0",2024-10-03,quinta-feira,07:43:00,SC,282,"524,9",XAXIM,Conversão proibida,Colisão frontal,Sem Vítimas,Pleno dia,Decrescente,Céu Claro,Simples,Curva,Não,5,0,0,0,4,2,0,6,-26.96378376,-52.55933404,SPRF-SC,DEL07-SC,UOP01-DEL07-SC,2024
"632228,0",2024-09-30,segunda-feira,14:30:00,SC,101,"435,5",SOMBRIO,Ausência de reação do condutor,Colisão transversal,Com Vítimas Feridas,Pleno dia,Decrescente,Céu Claro,Múltipla,Retorno Regulamentado,Sim,2,0,0,1,1,0,1,2,-29.09949414,-49.63480552,SPRF-SC,DEL02-SC,UOP02-DEL02-SC,2024
"632289,0",2024-10-03,quinta-feira,12:00:00,SC,101,"382,1",ICARA,Ausência de reação do condutor,Colisão lateral mesmo sentido,Com Vítimas Feridas,Pleno dia,Decrescente,Céu Claro,Múltipla,Reta;Aclive,Não,3,0,1,0,1,1,1,3,-28.76878766,-49.30239201,SPRF-SC,DEL02-SC,UOP02-DEL02-SC,2024
"632291,0",2024-10-03,quinta-feira,10:40:00,SC,470,"204,4",PONTE ALTA,Ausência de reação do condutor,Saída de leito carroçável,Com Vítimas Feridas,Pleno dia,Crescente,Chuva,Simples,Aclive,Não,1,0,1,0,0,0,1,1,-27.289373,-50.166328,SPRF-SC,DEL05-SC,UOP03-DEL05-SC,2024
"632295,0",2024-10-03,quinta-feira,15:30:00,SC,101,"262,0",GAROPABA,Reação tardia ou ineficiente do condutor,Saída de leito carroçável,Com Vítimas Feridas,Pleno dia,Crescente,Sol,Dupla,Reta,Não,3,0,2,0,0,1,2,2,-28.0353863,-48.70884453,SPRF-SC,DEL02-SC,UOP03-DEL02-SC,2024
"632392,0",2024-10-04,sexta-feira,03:50:00,SC,101,"1,3",GARUVA,Condutor Dormindo,Colisão traseira,Com Vítimas Feridas,Plena Noite,Crescente,Nublado,Múltipla,Curva,Não,4,0,1,0,2,2,1,5,-25.98895627,-48.88356133,SPRF-SC,DEL03-SC,UOP01-DEL03-SC,2024
"632521,0",2024-09-22,domingo,07:40:00,SC,116,"96,5",MONTE CASTELO,Condutor Dormindo,Saída de leito carroçável,Com Vítimas Feridas,Pleno dia,Decrescente,Céu Claro,Simples,Curva,Não,2,0,0,1,0,1,1,2,-26.67989297,-50.29106905,SPRF-SC,DEL06-SC,UOP02-DEL06-SC,2024
"632629,0",2024-10-04,sexta-feira,22:45:00,SC,101,"45,1",JOINVILLE,Reação tardia ou ineficiente do condutor,Colisão lateral mesmo sentido,Com Vítimas Feridas,Plena Noite,Crescente,Céu Claro,Dupla,Reta;Aclive,Não,3,0,1,0,1,1,1,3,-26.32214492,-48.8689509,SPRF-SC,DEL03-SC,UOP01-DEL03-SC,2024
"632632,0",2024-10-04,sexta-feira,23:00:00,SC,101,"430,0",SOMBRIO,Reação tardia ou ineficiente do condutor,Colisão traseira,Com Vítimas Feridas,Plena Noite,Decrescente,Ignorado,Dupla,Reta,Não,3,0,0,1,1,1,1,3,-29.05578387,-49.62209542,SPRF-SC,DEL02-SC,UOP02-DEL02-SC,2024
"632676,0",2024-10-05,sábado,07:20:00,SC,101,"193,2",BIGUACU,Acessar a via sem observar a presença dos outros veículos,Colisão traseira,Com Vítimas Feridas,Pleno dia,Crescente,Céu Claro,Múltipla,Reta,Sim,2,0,1,0,1,0,1,2,-27.489574,-48.655914,SPRF-SC,DEL01-SC,UOP01-DEL01-SC,2024
"632679,0",2024-09-11,quarta-feira,10:50:00,SC,470,"3,9",NAVEGANTES,Ausência de reação do condutor,Colisão traseira,Com Vítimas Feridas,Pleno dia,Decrescente,Céu Claro,Dupla,Em Obras;Rotatória;Reta,Sim,3,0,0,2,1,0,2,2,-26.861937,-48.681618,SPRF-SC,DEL04-SC,UOP04-DEL04-SC,2024
"632906,0",2024-10-05,sábado,21:30:00,SC,282,"338,0",CAMPOS NOVOS,Ausência de reação do condutor,Colisão frontal,Com Vítimas Feridas,Plena Noite,Decrescente,Nublado,Simples,Curva,Sim,3,0,0,1,1,1,1,3,-27.394457,-51.185211,SPRF-SC,DEL07-SC,UOP06-DEL07-SC,2024
"632939,0",2024-07-31,quarta-feira,12:48:00,SC,280,"159,0",MAFRA,Ausência de reação do condutor,Queda de ocupante de veículo,Com Vítimas Feridas,Pleno dia,Crescente,Céu Claro,Simples,Reta,Não,1,0,0,1,0,0,1,1,-26.20208315,-49.76143098,SPRF-SC,DEL06-SC,UOP03-DEL06-SC,2024
"632947,0",2024-10-06,domingo,09:20:00,SC,101,"335,9",TUBARAO,Manobra de mudança de faixa,Colisão lateral mesmo sentido,Com Vítimas Feridas,Pleno dia,Crescente,Céu Claro,Múltipla,Curva,Sim,3,0,0,1,1,1,1,3,-28.46927473,-49.01557908,SPRF-SC,DEL02-SC,UOP01-DEL02-SC,2024