id,data_inversa,dia_semana,horario,uf,br,km,municipio,causa_acidente,tipo_acidente,classificacao_acidente,fase_dia,sentido_via,condicao_metereologica,tipo_pista,tracado_via,uso_solo,pessoas,mortos,feridos_leves,feridos_graves,ilesos,ignorados,feridos,veiculos,latitude,longitude,regional,delegacia,uop,ano_arquivo
"636427,0",2024-10-21,segunda-feira,10:30:00,SC,470,"139,2",RIO DO SUL,Carga excessiva e/ou mal acondicionada,Derramamento de carga,Sem Vítimas,Pleno dia,Crescente,Garoa/Chuvisco,Múltipla,Retorno Regulamentado,Sim,2,0,0,0,1,1,0,2,-27.217564,-49.65461,SPRF-SC,DEL04-SC,UOP02-DEL04-SC,2024
"636452,0",2024-10-21,segunda-feira,12:00:00,SC,282,"450,4",PONTE SERRADA,Condutor deixou de manter distância do veículo da frente,Colisão traseira,Com Vítimas Feridas,Pleno dia,Decrescente,Céu Claro,Simples,Declive;Reta,Não,4,0,3,0,0,1,3,2,-26.919556,-51.954494,SPRF-SC,DEL07-SC,UOP04-DEL07-SC,2024
"636543,0",2024-10-09,quarta-feira,15:45:00,SC,282,"486,6",FAXINAL DOS GUEDES,Ultrapassagem Indevida,Colisão lateral sentido oposto,Com Vítimas Feridas,Pleno dia,Crescente,Garoa/Chuvisco,Simples,Reta,Não,7,0,2,0,4,1,2,5,-26.855415,-52.25423,SPRF-SC,DEL07-SC,UOP01-DEL07-SC,2024
"636586,0",2024-10-22,terça-feira,06:00:00,SC,470,"190,0",POUSO REDONDO,Velocidade Incompatível,Tombamento,Com Vítimas Feridas,Pleno dia,Decrescente,Nublado,Simples,Curva,Não,2,0,1,0,0,1,1,2,-27.293324,-50.078678,SPRF-SC,DEL04-SC,UOP02-DEL04-SC,2024
"636594,0",2024-10-22,terça-feira,06:40:00,SC,101,"12,1",GARUVA,Condutor deixou de manter distância do veículo da frente,Colisão traseira,Com Vítimas Feridas,Pleno dia,Crescente,Céu Claro,Dupla,Declive;Reta,Sim,3,0,0,1,1,1,1,3,-26.08104399,-48.86175612,SPRF-SC,DEL03-SC,UOP01-DEL03-SC,2024
"636611,0",2024-10-22,terça-feira,07:30:00,SC,280,"27,0",ARAQUARI,Condutor deixou de manter distância do veículo da frente,Engavetamento,Com Vítimas Feridas,Pleno dia,Crescente,Céu Claro,Simples,Reta,Sim,4,0,1,0,3,0,1,4,-26.39685622,-48.74021969,SPRF-SC,DEL03-SC,UOP03-DEL03-SC,2024
"636669,0",2024-10-22,terça-feira,12:05:00,SC,101,"94,0",BARRA VELHA,Ausência de reação do condutor,Colisão traseira,Sem Vítimas,Pleno dia,Crescente,Céu Claro,Dupla,Reta,Não,4,0,0,0,3,1,0,4,-26.69940401,-48.69902784,SPRF-SC,DEL03-SC,UOP02-DEL03-SC,2024
"636777,0",2024-10-22,terça-feira,23:05:00,SC,101,"231,4",PALHOCA,Reação tardia ou ineficiente do condutor,Colisão lateral mesmo sentido,Com Vítimas Fatais,Plena Noite,Crescente,Céu Claro,Dupla,Reta,Não,7,1,0,0,5,2,0,7,-27.78816,-48.63643,SPRF-SC,DEL01-SC,UOP02-DEL01-SC,2024
"636795,0",2024-10-23,quarta-feira,06:30:00,SC,101,"148,0",ITAPEMA,Reação tardia ou ineficiente do condutor,Colisão traseira,Com Vítimas Feridas,Pleno dia,Decrescente,Céu Claro,Dupla,Reta,Não,4,0,0,1,2,1,1,4,-27.10123686,-48.61807962,SPRF-SC,DEL04-SC,UOP03-DEL04-SC,2024
"636822,0",2024-10-21,segunda-feira,07:20:00,SC,280,"50,0",GUARAMIRIM,Transitar na contramão,Colisão frontal,Com Vítimas Feridas,Pleno dia,Decrescente,Chuva,Simples,Em Obras;Desvio Temporário,Não,2,0,1,0,1,0,1,2,-26.463722,-48.949568,SPRF-SC,DEL03-SC,UOP03-DEL03-SC,2024
"636844,0",2024-10-23,quarta-feira,10:00:00,SC,101,"190,1",BIGUACU,Demais falhas mecânicas ou elétricas,Colisão com objeto,Com Vítimas Feridas,Pleno dia,Crescente,Nublado,Dupla,Reta,Não,1,0,1,0,0,0,1,1,-27.468056,-48.641712,SPRF-SC,DEL01-SC,UOP01-DEL01-SC,2024
"636898,0",2024-10-23,quarta-feira,13:00:00,SC,470,"1,3",NAVEGANTES,Manobra de mudança de faixa,Colisão lateral mesmo sentido,Com Vítimas Feridas,Pleno dia,Decrescente,Céu Claro,Múltipla,Reta,Sim,2,0,1,0,0,1,1,2,-26.875383,-48.668285,SPRF-SC,DEL04-SC,UOP04-DEL04-SC,2024
"636993,0",2024-10-24,quinta-feira,05:00:00,SC,101,"6,2",GARUVA,Ausência de reação do condutor,Colisão traseira,Com Vítimas Feridas,Amanhecer,Decrescente,Céu Claro,Dupla,Reta,Não,3,0,1,0,1,2,1,4,-26.02692002,-48.86142017,SPRF-SC,DEL03-SC,UOP01-DEL03-SC,2024
"636998,0",2024-10-24,quinta-feira,06:50:00,SC,101,"150,7",ITAPEMA,Manobra de mudança de faixa,Colisão lateral mesmo sentido,Com Vítimas Feridas,Pleno dia,Crescente,Céu Claro,Múltipla,Reta,Sim,2,0,1,0,1,0,1,2,-27.12215775,-48.60943794,SPRF-SC,DEL04-SC,UOP03-DEL04-SC,2024
"637055,0",2024-10-24,quinta-feira,08:15:00,SC,282,"343,9",CAMPOS NOVOS,Desrespeitar a preferência no cruzamento,Colisão transversal,Com Vítimas Feridas,Pleno dia,Crescente,Céu Claro,Simples,Reta,Sim,4,0,2,0,2,0,2,2,-27.387402,-51.232861,SPRF-SC,DEL07-SC,UOP06-DEL07-SC,2024
"637057,0",2024-10-24,quinta-feira,11:30:00,SC,101,"152,5",ITAPEMA,Reação tardia ou ineficiente do condutor,Colisão traseira,Com Vítimas Feridas,Pleno dia,Crescente,Céu Claro,Dupla,Reta,Não,2,0,0,1,1,0,1,2,-27.13563503,-48.61004665,SPRF-SC,DEL04-SC,UOP03-DEL04-SC,2024
"637065,0",2024-10-24,quinta-feira,11:30:00,SC,101,"330,0",TUBARAO,Ausência de reação do condutor,Colisão traseira,Com Vítimas Feridas,Pleno dia,Crescente,Céu Claro,Múltipla,Reta,Não,2,0,1,0,1,0,1,2,-28.45115639,-48.97286879,SPRF-SC,DEL02-SC,UOP01-DEL02-SC,2024
"637066,0",2024-10-11,sexta-feira,05:00:00,SC,470,"82,0",RODEIO,Velocidade Incompatível,Saída de leito carroçável,Com Vítimas Feridas,Plena Noite,Decrescente,Chuva,Simples,Declive;Curva,Não,2,0,1,0,0,1,1,2,-26.958838,-49.324978,SPRF-SC,DEL04-SC,UOP01-DEL04-SC,2024
"637170,0",2024-10-24,quinta-feira,20:00:00,SC,101,"280,2",IMBITUBA,Reação tardia ou ineficiente do condutor,Colisão transversal,Com Vítimas Feridas,Plena Noite,Crescente,Ignorado,Múltipla,Reta,Sim,4,0,2,0,1,1,2,3,-28.17962805,-48.6956297,SPRF-SC,DEL02-SC,UOP03-DEL02-SC,2024
"637183,0",2024-10-24,quinta-feira,14:00:00,SC,282,"402,0",JOACABA,Transitar na contramão,Colisão lateral sentido oposto,Com Vítimas Feridas,Pleno dia,Decrescente,Nublado,Simples,Curva,Não,3,0,1,0,1,1,1,3,-27.115656,-51.631065,SPRF-SC,DEL07-SC,UOP05-DEL07-SC,2024
"637210,0",2024-10-25,sexta-feira,03:45:00,SC,470,"23,9",ILHOTA,Demais falhas mecânicas ou elétricas,Incêndio,Sem Vítimas,Plena Noite,Crescente,Nublado,Dupla,Reta,Não,2,0,0,0,1,1,0,2,-26.880913,-48.846237,SPRF-SC,DEL04-SC,UOP04-DEL04-SC,2024
"637277,0",2024-10-25,sexta-feira,09:00:00,SC,282,"134,0",BOM RETIRO,Acessar a via sem observar a presença dos outros veículos,Colisão lateral mesmo sentido,Com Vítimas Feridas,Pleno dia,Decrescente,Céu Claro,Simples,Reta,Não,2,0,1,0,1,0,1,2,-27.813074,-49.540077,SPRF-SC,DEL05-SC,UOP01-DEL05-SC,2024
"637292,0",2024-10-25,sexta-feira,12:40:00,SC,116,"22,0",ITAIOPOLIS,Ultrapassagem Indevida,Colisão lateral mesmo sentido,Com Vítimas Feridas,Pleno dia,Decrescente,Céu Claro,Simples,Reta,Não,5,0,2,1,1,1,3,3,-26.2574752,-49.91194265,SPRF-SC,DEL06-SC,UOP01-DEL06-SC,2024
"637294,0",2024-09-12,quinta-feira,21:20:00,SC,101,"69,6",ARAQUARI,Reação tardia ou ineficiente do condutor,Colisão lateral mesmo sentido,Com Vítimas Feridas,Plena Noite,Decrescente,Nublado,Dupla,Reta,Não,4,0,1,0,1,2,1,4,-26.50298009,-48.72814515,SPRF-SC,DEL03-SC,UOP02-DEL03-SC,2024
"637307,0",2024-10-25,sexta-feira,13:30:00,SC,101,"100,1",BALNEARIO PICARRAS,Ingestão de substâncias psicoativas pelo condutor,Colisão com objeto,Sem Vítimas,Pleno dia,Crescente,Céu Claro,Dupla,Reta,Sim,2,0,0,0,1,1,0,2,-26.75482787,-48.68993675,SPRF-SC,DEL03-SC,UOP02-DEL03-SC,2024
"637340,0",2024-10-25,sexta-feira,16:15:00,SC,101,"42,0",JOINVILLE,Velocidade Incompatível,Engavetamento,Com Vítimas Feridas,Pleno dia,Decrescente,Céu Claro,Dupla,Aclive,Sim,4,0,1,1,1,1,2,4,-26.29251598,-48.88474385,SPRF-SC,DEL03-SC,UOP01-DEL03-SC,2024
"637341,0",2024-10-25,sexta-feira,15:00:00,SC,282,"73,1",RANCHO QUEIMADO,Velocidade Incompatível,Colisão frontal,Com Vítimas Fatais,Pleno dia,Crescente,Sol,Simples,Reta,Não,4,1,0,0,1,3,0,5,-27.682188,-49.11416,SPRF-SC,DEL01-SC,UOP03-DEL01-SC,2024
"637404,0",2024-10-25,sexta-feira,20:50:00,SC,116,"99,0",MONTE CASTELO,Retorno proibido,Colisão transversal,Com Vítimas Feridas,Plena Noite,Decrescente,Céu Claro,Simples,Reta,Não,2,0,1,0,1,0,1,2,-26.70617499,-50.29253434,SPRF-SC,DEL06-SC,UOP02-DEL06-SC,2024
"637430,0",2024-10-26,sábado,00:10:00,SC,101,"196,0",BIGUACU,Reação tardia ou ineficiente do condutor,Colisão traseira,Com Vítimas Feridas,Plena Noite,Decrescente,Céu Claro,Dupla,Reta,Não,2,0,1,0,1,0,1,2,-27.51101091,-48.64322292,SPRF-SC,DEL01-SC,UOP01-DEL01-SC,2024
"637431,0",2024-10-25,sexta-feira,22:05:00,SC,282,"561,9",NOVA ERECHIM,Problema com o freio,Incêndio,Sem Vítimas,Plena Noite,Crescente,Céu Claro,Simples,Reta;Aclive,Não,2,0,0,0,1,1,0,2,-26.92094111,-52.85992384,SPRF-SC,DEL07-SC,UOP02-DEL07-SC,2024
"637453,0",2024-10-26,sábado,02:30:00,SC,101,"101,0",BALNEARIO PICARRAS,Ausência de reação do condutor,Colisão lateral mesmo sentido,Sem Vítimas,Amanhecer,Decrescente,Nublado,Múltipla,Reta,Não,3,0,0,0,2,1,0,3,-26.76404198,-48.68657667,SPRF-SC,DEL03-SC,UOP02-DEL03-SC,2024
"637469,0",2024-10-26,sábado,05:40:00,SC,101,"368,7",ICARA,Ausência de reação do condutor,Tombamento,Com Vítimas Feridas,Amanhecer,Decrescente,Céu Claro,Múltipla,Curva,Não,2,0,1,0,0,1,1,2,-28.70052584,-49.19403076,SPRF-SC,DEL02-SC,UOP01-DEL02-SC,2024
"637590,0",2024-10-26,sábado,09:00:00,SC,282,"455,0",PONTE SERRADA,Mal súbito do condutor,Saída de leito carroçável,Com Vítimas Feridas,Pleno dia,Crescente,Céu Claro,Simples,Reta,Não,1,0,1,0,0,0,1,1,-26.888617,-51.99427,SPRF-SC,DEL07-SC,UOP04-DEL07-SC,2024
"637649,0",2024-10-26,sábado,22:30:00,SC,101,"122,0",ITAJAI,Ingestão de álcool pelo condutor,Colisão lateral mesmo sentido,Sem Vítimas,Plena Noite,Crescente,Céu Claro,Múltipla,Reta,Sim,3,0,0,0,2,2,0,4,-26.92955916,-48.70499836,SPRF-SC,DEL04-SC,UOP04-DEL04-SC,2024
"637671,0",2024-10-26,sábado,19:00:00,SC,153,"24,7",AGUA DOCE,Ingestão de álcool pelo condutor,Tombamento,Sem Vítimas,Anoitecer,Crescente,Céu Claro,Simples,Reta,Não,3,0,0,0,2,1,0,3,-26.743023,-51.656918,SPRF-SC,DEL07-SC,UOP07-DEL07-SC,2024
"637754,0",2024-10-27,domingo,08:45:00,SC,101,"157,0",PORTO BELO,Problema com o freio,Colisão traseira,Com Vítimas Feridas,Pleno dia,Decrescente,Nublado,Múltipla,Reta,Sim,3,0,1,0,2,0,1,2,-27.181625,-48.6121179,SPRF-SC,DEL04-SC,UOP03-DEL04-SC,2024
"637778,0",2024-10-27,domingo,15:00:00,SC,101,"223,1",PALHOCA,Manobra de mudança de faixa,Colisão lateral mesmo sentido,Com Vítimas Feridas,Pleno dia,Crescente,Nublado,Dupla,Reta;Declive,Não,6,0,1,0,4,1,1,4,-27.71552634,-48.64881251,SPRF-SC,DEL01-SC,UOP02-DEL01-SC,2024
"637866,0",2024-10-27,domingo,20:50:00,SC,101,"420,0",ARARANGUA,Ultrapassagem Indevida,Colisão frontal,Sem Vítimas,Plena Noite,Decrescente,Nublado,Múltipla,Reta,Sim,3,0,0,0,3,0,0,3,-29.00346757,-49.56062436,SPRF-SC,DEL02-SC,UOP02-DEL02-SC,2024
"637886,0",2024-10-27,domingo,22:50:00,SC,101,"271,9",IMBITUBA,Acessar a via sem observar a presença dos outros veículos,Colisão transversal,Sem Vítimas,Plena Noite,Decrescente,Céu Claro,Múltipla,Reta;Interseção de Vias,Não,3,0,0,0,2,1,0,3,-28.12284211,-48.6963737,SPRF-SC,DEL02-SC,UOP03-DEL02-SC,2024
"637991,0",2024-10-28,segunda-feira,12:45:00,SC,101,"118,7",ITAJAI,Condutor deixou de manter distância do veículo da frente,Colisão lateral mesmo sentido,Com Vítimas Feridas,Pleno dia,Decrescente,Céu Claro,Dupla,Reta,Sim,4,0,0,2,1,1,2,4,-26.895859,-48.71903,SPRF-SC,DEL04-SC,UOP04-DEL04-SC,2024
"638099,0",2024-10-28,segunda-feira,21:40:00,SC,116,"155,0",SANTA CECILIA,Velocidade Incompatível,Tombamento,Com Vítimas Feridas,Plena Noite,Decrescente,Céu Claro,Simples,Curva;Declive,Não,2,0,1,0,0,1,1,2,-27.07453696,-50.42919788,SPRF-SC,DEL06-SC,UOP02-DEL06-SC,2024
"638132,0",2024-10-29,terça-feira,07:05:00,SC,101,"138,0",BALNEARIO CAMBORIU,Reação tardia ou ineficiente do condutor,Colisão lateral mesmo sentido,Sem Vítimas,Pleno dia,Decrescente,Nublado,Simples,Curva,Sim,2,0,0,0,2,0,0,2,-27.02397426,-48.60761649,SPRF-SC,DEL04-SC,UOP03-DEL04-SC,2024
"638343,0",2024-10-30,quarta-feira,08:05:00,SC,470,"52,7",BLUMENAU,Ingestão de álcool pelo condutor,Colisão transversal,Com Vítimas Feridas,Pleno dia,Crescente,Nublado,Dupla,Interseção de Vias,Sim,2,0,1,0,1,0,1,2,-26.862286,-49.093903,SPRF-SC,DEL04-SC,UOP01-DEL04-SC,2024
"638377,0",2024-10-30,quarta-feira,12:15:00,SC,101,"118,5",ITAJAI,Desrespeitar a preferência no cruzamento,Colisão transversal,Com Vítimas Feridas,Pleno dia,Decrescente,Nublado,Múltipla,Reta;Interseção de Vias,Sim,2,0,1,0,1,0,1,2,-26.895859,-48.71903,SPRF-SC,DEL04-SC,UOP04-DEL04-SC,2024
"638397,0",2024-10-30,quarta-feira,09:20:00,SC,282,"449,8",PONTE SERRADA,Ultrapassagem Indevida,Colisão frontal,Com Vítimas Fatais,Pleno dia,Crescente,Céu Claro,Simples,Reta,Não,3,1,1,0,0,1,1,3,-26.91958,-51.9340519,SPRF-SC,DEL07-SC,UOP04-DEL07-SC,2024
"638567,0",2024-10-31,quinta-feira,11:50:00,SC,470,"3,8",NAVEGANTES,Acesso irregular,Colisão lateral sentido oposto,Com Vítimas Feridas,Pleno dia,Decrescente,Céu Claro,Dupla,Rotatória;Em Obras,Não,2,0,1,0,1,0,1,2,-26.861937,-48.681618,SPRF-SC,DEL04-SC,UOP04-DEL04-SC,2024
"638581,0",2024-08-30,sexta-feira,23:40:00,SC,101,"210,0",SAO JOSE,Reação tardia ou ineficiente do condutor,Colisão traseira,Com Vítimas Feridas,Plena Noite,Decrescente,Céu Claro,Múltipla,Reta,Sim,3,0,0,1,1,1,1,3,-27.6167305,-48.6457265,SPRF-SC,DEL01-SC,UOP01-DEL01-SC,2024
"638647,0",2024-10-31,quinta-feira,16:50:00,SC,101,"55,0",JOINVILLE,Demais falhas mecânicas ou elétricas,Incêndio,Sem Vítimas,Anoitecer,Decrescente,Céu Claro,Dupla,Reta,Não,1,0,0,0,1,0,0,1,-26.42280898,-48.82977496,SPRF-SC,DEL03-SC,UOP01-DEL03-SC,2024
"638664,0",2024-10-31,quinta-feira,15:10:00,SC,101,"26,8",JOINVILLE,Transitar no Acostamento,Colisão traseira,Com Vítimas Feridas,Pleno dia,Decrescente,Nublado,Dupla,Reta,Sim,2,0,1,0,1,0,1,2,-26.19234802,-48.91210384,SPRF-SC,DEL03-SC,UOP01-DEL03-SC,2024
"638732,0",2024-10-31,quinta-feira,23:05:00,SC,282,"527,3",XAXIM,Ingestão de álcool pelo condutor,Colisão frontal,Com Vítimas Feridas,Plena Noite,Decrescente,Céu Claro,Simples,Curva;Aclive,Não,4,0,1,0,2,2,1,4,-26.97382681,-52.58457363,SPRF-SC,DEL07-SC,UOP01-DEL07-SC,2024
"638734,0",2024-11-01,sexta-feira,06:10:00,SC,101,"9,0",GARUVA,Condutor Dormindo,Colisão traseira,Com Vítimas Feridas,Amanhecer,Crescente,Chuva,Dupla,Reta,Não,3,0,1,0,1,2,1,4,-26.053987,-48.859608,SPRF-SC,DEL03-SC,UOP01-DEL03-SC,2024
"638740,0",2024-11-01,sexta-feira,07:00:00,SC,101,"162,0",TIJUCAS,Manobra de mudança de faixa,Colisão lateral mesmo sentido,Com Vítimas Feridas,Pleno dia,Decrescente,Sol,Dupla,Reta,Sim,2,0,1,0,1,0,1,2,-27.22554009,-48.6279367,SPRF-SC,DEL04-SC,UOP03-DEL04-SC,2024
"638751,0",2024-11-01,sexta-feira,07:45:00,SC,101,"200,0",SAO JOSE,Manobra de mudança de faixa,Colisão traseira,Com Vítimas Feridas,Pleno dia,Decrescente,Céu Claro,Dupla,Reta,Sim,3,0,2,0,1,0,2,2,-27.54018513,-48.62287714,SPRF-SC,DEL01-SC,UOP01-DEL01-SC,2024
"638836,0",2024-11-01,sexta-feira,16:35:00,SC,470,"47,2",BLUMENAU,Transitar no Acostamento,Colisão lateral mesmo sentido,Com Vítimas Feridas,Pleno dia,Crescente,Nublado,Simples,Reta;Em Obras,Sim,2,0,1,0,1,0,1,2,-26.864044,-49.046516,SPRF-SC,DEL04-SC,UOP01-DEL04-SC,2024
"638883,0",2024-11-01,sexta-feira,20:20:00,SC,101,"79,9",BARRA VELHA,Demais falhas mecânicas ou elétricas,Tombamento,Com Vítimas Feridas,Plena Noite,Crescente,Garoa/Chuvisco,Dupla,Aclive,Não,2,0,0,1,0,1,1,2,-26.58559601,-48.72192112,SPRF-SC,DEL03-SC,UOP02-DEL03-SC,2024
"638893,0",2024-11-01,sexta-feira,20:00:00,SC,280,"127,6",RIO NEGRINHO,Ingestão de álcool pelo condutor,Colisão com objeto,Com Vítimas Feridas,Plena Noite,Decrescente,Céu Claro,Simples,Reta;Aclive,Sim,2,0,1,0,0,1,1,2,-26.23943953,-49.50420708,SPRF-SC,DEL06-SC,UOP03-DEL06-SC,2024
"638916,0",2024-11-01,sexta-feira,22:45:00,SC,101,"206,6",SAO JOSE,Chuva,Colisão com objeto,Com Vítimas Feridas,Plena Noite,Crescente,Chuva,Múltipla,Curva,Não,5,0,1,1,2,1,2,4,-27.59760257,-48.62030625,SPRF-SC,DEL01-SC,UOP01-DEL01-SC,2024
"638927,0",2024-11-02,sábado,01:00:00,SC,116,"90,1",MONTE CASTELO,Pedestre - Ingestão de álcool/ substâncias psicoativas,Atropelamento de Pedestre,Com Vítimas Fatais,Plena Noite,Decrescente,Céu Claro,Simples,Reta;Declive,Não,2,1,0,0,0,1,0,2,-26.6367076,-50.2542839,SPRF-SC,DEL06-SC,UOP02-DEL06-SC,2024
"639003,0",2024-11-02,sábado,09:00:00,SC,116,"254,4",LAGES,Ausência de sinalização,Colisão frontal,Com Vítimas Feridas,Pleno dia,Crescente,Chuva,Simples,Rotatória,Não,4,0,3,0,0,1,3,3,-27.870743,-50.39927699,SPRF-SC,DEL05-SC,UOP02-DEL05-SC,2024
"639044,0",2024-11-02,sábado,11:50:00,SC,282,"407,6",CATANDUVAS,Reação tardia ou ineficiente do condutor,Saída de leito carroçável,Com Vítimas Feridas,Pleno dia,Crescente,Garoa/Chuvisco,Simples,Reta,Não,3,0,2,0,1,0,2,1,-27.083517,-51.662014,SPRF-SC,DEL07-SC,UOP05-DEL07-SC,2024
"639050,0",2024-11-02,sábado,11:15:00,SC,116,"139,9",SANTA CECILIA,Acessar a via sem observar a presença dos outros veículos,Colisão transversal,Com Vítimas Fatais,Pleno dia,Crescente,Chuva,Simples,Declive;Reta,Sim,3,1,0,0,1,1,0,3,-26.96392907,-50.41187393,SPRF-SC,DEL06-SC,UOP02-DEL06-SC,2024
"639109,0",2024-11-02,sábado,13:05:00,SC,163,"81,6",GUARACIABA,Ausência de reação do condutor,Saída de leito carroçável,Sem Vítimas,Pleno dia,Decrescente,Chuva,Simples,Curva;Aclive,Não,1,0,0,0,1,0,0,1,-26.64162493,-53.51842645,SPRF-SC,DEL07-SC,UOP03-DEL07-SC,2024
"639168,0",2024-11-02,sábado,22:50:00,SC,282,"407,8",CATANDUVAS,Reação tardia ou ineficiente do condutor,Saída de leito carroçável,Com Vítimas Feridas,Pleno dia,Crescente,Chuva,Simples,Curva;Declive,Não,3,0,2,1,0,0,3,1,-27.083517,-51.662014,SPRF-SC,DEL07-SC,UOP05-DEL07-SC,2024
"639308,0",2024-11-03,domingo,09:55:00,SC,282,"451,9",PONTE SERRADA,Carga excessiva e/ou mal acondicionada,Colisão lateral sentido oposto,Com Vítimas Feridas,Pleno dia,Crescente,Nublado,Simples,Reta,Não,3,0,0,1,1,1,1,3,-26.912806,-51.962536,SPRF-SC,DEL07-SC,UOP04-DEL07-SC,2024
"639318,0",2024-11-03,domingo,16:40:00,SC,101,"58,0",ARAQUARI,Ausência de reação do condutor,Colisão traseira,Com Vítimas Feridas,Pleno dia,Crescente,Chuva,Dupla,Curva;Viaduto,Não,4,0,2,0,1,1,2,3,-26.44025049,-48.80129043,SPRF-SC,DEL03-SC,UOP02-DEL03-SC,2024
"639509,0",2024-11-04,segunda-feira,12:20:00,SC,101,"58,1",ARAQUARI,Reação tardia ou ineficiente do condutor,Colisão traseira,Com Vítimas Feridas,Pleno dia,Decrescente,Chuva,Dupla,Reta,Não,4,0,1,1,1,1,2,4,-26.44025049,-48.80129043,SPRF-SC,DEL03-SC,UOP02-DEL03-SC,2024
"639657,0",2024-11-05,terça-feira,02:30:00,SC,101,"427,0",SOMBRIO,Demais falhas mecânicas ou elétricas,Incêndio,Sem Vítimas,Plena Noite,Decrescente,Garoa/Chuvisco,Múltipla,Reta,Não,3,0,0,0,2,1,0,2,-29.04230728,-49.61375356,SPRF-SC,DEL02-SC,UOP02-DEL02-SC,2024
"639790,0",2024-11-05,terça-feira,17:45:00,SC,101,"22,7",BIGUACU,Reação tardia ou ineficiente do condutor,Saída de leito carroçável,Com Vítimas Feridas,Pleno dia,Decrescente,Céu Claro,Dupla,Reta,Não,2,0,0,1,0,1,1,2,-27.511523,-48.71156,SPRF-SC,DEL01-SC,UOP02-DEL01-SC,2024
"639855,0",2024-11-06,quarta-feira,03:30:00,SC,101,"232,0",PALHOCA,Demais falhas mecânicas ou elétricas,Incêndio,Sem Vítimas,Amanhecer,Crescente,Céu Claro,Dupla,Reta;Aclive,Não,2,0,0,0,1,1,0,2,-27.795666,-48.638153,SPRF-SC,DEL01-SC,UOP02-DEL01-SC,2024
"639959,0",2024-11-06,quarta-feira,15:50:00,SC,282,"16,0",PALHOCA,Conversão proibida,Colisão lateral mesmo sentido,Com Vítimas Feridas,Pleno dia,Crescente,Nublado,Simples,Reta,Não,3,0,1,0,2,0,1,3,-27.658611,-48.681847,SPRF-SC,DEL01-SC,UOP02-DEL01-SC,2024
"639960,0",2024-11-06,quarta-feira,15:40:00,SC,470,"97,6",APIUNA,Reação tardia ou ineficiente do condutor,Colisão traseira,Com Vítimas Feridas,Pleno dia,Decrescente,Céu Claro,Simples,Reta,Não,4,0,1,0,2,1,1,4,-27.026621,-49.378124,SPRF-SC,DEL04-SC,UOP01-DEL04-SC,2024
"640017,0",2024-11-06,quarta-feira,20:30:00,SC,101,"232,0",PALHOCA,Chuva,Colisão lateral mesmo sentido,Com Vítimas Feridas,Plena Noite,Decrescente,Chuva,Dupla,Reta,Não,3,0,1,0,2,0,1,2,-27.795666,-48.638153,SPRF-SC,DEL01-SC,UOP02-DEL01-SC,2024
"640053,0",2024-11-07,quinta-feira,00:30:00,SC,101,"48,3",JOINVILLE,Velocidade Incompatível,Saída de leito carroçável,Com Vítimas Feridas,Plena Noite,Crescente,Chuva,Dupla,Curva,Não,2,0,1,0,1,0,1,1,-26.35345909,-48.85867862,SPRF-SC,DEL03-SC,UOP01-DEL03-SC,2024
"640064,0",2024-11-07,quinta-feira,05:25:00,SC,282,"87,8",ALFREDO WAGNER,Acumulo de óleo sobre o pavimento,Colisão frontal,Com Vítimas Feridas,Plena Noite,Decrescente,Chuva,Simples,Reta;Aclive,Não,5,0,4,0,1,0,4,2,-27.664766,-49.20578,SPRF-SC,DEL01-SC,UOP03-DEL01-SC,2024
"640123,0",2024-08-21,quarta-feira,15:40:00,SC,116,"144,9",SANTA CECILIA,Desrespeitar a preferência no cruzamento,Colisão transversal,Com Vítimas Feridas,Pleno dia,Crescente,Céu Claro,Simples,Reta;Retorno Regulamentado;Interseção de Vias,Não,3,0,1,0,1,1,1,3,-26.99398389,-50.39844506,SPRF-SC,DEL06-SC,UOP02-DEL06-SC,2024
"640173,0",2024-11-07,quinta-feira,16:10:00,SC,101,"53,8",JOINVILLE,Manobra de mudança de faixa,Colisão lateral mesmo sentido,Com Vítimas Feridas,Pleno dia,Crescente,Nublado,Dupla,Reta,Não,4,0,1,0,2,2,1,4,-26.40231201,-48.83969703,SPRF-SC,DEL03-SC,UOP01-DEL03-SC,2024
"640180,0",2024-11-07,quinta-feira,15:10:00,SC,282,"116,8",BOM RETIRO,Reação tardia ou ineficiente do condutor,Colisão traseira,Sem Vítimas,Pleno dia,Crescente,Céu Claro,Simples,Reta,Não,6,0,0,0,3,3,0,4,-27.762548,-49.39983,SPRF-SC,DEL01-SC,UOP03-DEL01-SC,2024
"640280,0",2024-11-08,sexta-feira,05:55:00,SC,101,"239,0",PALHOCA,Reação tardia ou ineficiente do condutor,Saída de leito carroçável,Sem Vítimas,Amanhecer,Crescente,Céu Claro,Dupla,Reta,Não,2,0,0,0,1,1,0,2,-27.85046883,-48.63955216,SPRF-SC,DEL01-SC,UOP02-DEL01-SC,2024
"640290,0",2024-11-08,sexta-feira,04:40:00,SC,470,"127,0",LONTRAS,Ultrapassagem Indevida,Colisão lateral mesmo sentido,Com Vítimas Feridas,Amanhecer,Decrescente,Céu Claro,Simples,Curva;Aclive,Não,3,0,1,0,1,1,1,3,-27.136574,-49.543015,SPRF-SC,DEL04-SC,UOP02-DEL04-SC,2024
"640310,0",2024-11-08,sexta-feira,08:20:00,SC,101,"225,5",PALHOCA,Ingestão de álcool pelo condutor,Colisão lateral mesmo sentido,Com Vítimas Feridas,Pleno dia,Crescente,Céu Claro,Dupla,Aclive,Não,3,0,1,0,1,1,1,3,-27.73292191,-48.6409567,SPRF-SC,DEL01-SC,UOP02-DEL01-SC,2024