id,data_inversa,dia_semana,horario,uf,br,km,municipio,causa_acidente,tipo_acidente,classificacao_acidente,fase_dia,sentido_via,condicao_metereologica,tipo_pista,tracado_via,uso_solo,pessoas,mortos,feridos_leves,feridos_graves,ilesos,ignorados,feridos,veiculos,latitude,longitude,regional,delegacia,uop,ano_arquivo
"640341,0",2024-11-08,sexta-feira,07:00:00,SC,282,"59,0",RANCHO QUEIMADO,Demais falhas mecânicas ou elétricas,Incêndio,Sem Vítimas,Pleno dia,Crescente,Nublado,Simples,Reta;Aclive,Não,1,0,0,0,1,0,0,1,-27.677965,-49.011559,SPRF-SC,DEL01-SC,UOP03-DEL01-SC,2024
"640369,0",2024-09-13,sexta-feira,08:53:00,SC,470,"53,3",BLUMENAU,Reação tardia ou ineficiente do condutor,Colisão frontal,Com Vítimas Fatais,Pleno dia,Crescente,Céu Claro,Simples,Em Obras;Curva;Aclive,Sim,5,2,0,0,2,1,0,3,-26.868672,-49.1047985,SPRF-SC,DEL04-SC,UOP01-DEL04-SC,2024
"640378,0",2024-11-08,sexta-feira,09:39:00,SC,480,"129,2",CHAPECO,Ultrapassagem Indevida,Colisão frontal,Com Vítimas Feridas,Pleno dia,Crescente,Céu Claro,Simples,Declive;Reta;Interseção de Vias,Sim,2,0,2,0,0,0,2,2,-27.04797237,-52.63565361,SPRF-SC,DEL07-SC,UOP01-DEL07-SC,2024
"640389,0",2024-11-08,sexta-feira,14:50:00,SC,101,"203,0",SAO JOSE,Curva acentuada,Colisão lateral mesmo sentido,Sem Vítimas,Pleno dia,Decrescente,Céu Claro,Múltipla,Curva,Não,2,0,0,0,2,0,0,2,-27.5650044,-48.61460082,SPRF-SC,DEL01-SC,UOP01-DEL01-SC,2024
"640437,0",2024-11-08,sexta-feira,17:15:00,SC,101,"241,8",PALHOCA,Reação tardia ou ineficiente do condutor,Colisão traseira,Com Vítimas Feridas,Pleno dia,Crescente,Sol,Dupla,Reta,Não,4,0,1,1,1,1,2,4,-27.86671599,-48.64607012,SPRF-SC,DEL01-SC,UOP02-DEL01-SC,2024
"640493,0",2024-11-08,sexta-feira,17:35:00,SC,480,"127,0",CHAPECO,Velocidade Incompatível,Colisão lateral mesmo sentido,Com Vítimas Feridas,Pleno dia,Crescente,Céu Claro,Simples,Reta,Sim,3,0,1,0,1,1,1,3,-27.02885905,-52.63380035,SPRF-SC,DEL07-SC,UOP01-DEL07-SC,2024
"640637,0",2024-11-09,sábado,15:00:00,SC,101,"176,0",GOVERNADOR CELSO RAMOS,Manobra de mudança de faixa,Colisão lateral mesmo sentido,Com Vítimas Feridas,Pleno dia,Decrescente,Nublado,Dupla,Curva,Não,7,0,2,0,4,1,2,3,-27.34661396,-48.63300917,SPRF-SC,DEL01-SC,UOP01-DEL01-SC,2024
"640676,0",2024-11-09,sábado,17:45:00,SC,116,"254,3",LAGES,Demais falhas na via,Tombamento,Com Vítimas Feridas,Pleno dia,Decrescente,Céu Claro,Simples,Curva;Rotatória,Não,1,0,1,0,0,0,1,1,-27.86721884,-50.39576317,SPRF-SC,DEL05-SC,UOP02-DEL05-SC,2024
"640907,0",2024-11-10,domingo,17:30:00,SC,101,"12,1",GARUVA,Manobra de mudança de faixa,Colisão lateral mesmo sentido,Com Vítimas Feridas,Pleno dia,Crescente,Nublado,Dupla,Reta,Não,6,0,2,0,3,1,2,3,-26.075393,-48.86128,SPRF-SC,DEL03-SC,UOP01-DEL03-SC,2024
"640995,0",2024-11-10,domingo,21:30:00,SC,116,"64,0",MONTE CASTELO,Ausência de reação do condutor,Colisão traseira,Sem Vítimas,Plena Noite,Crescente,Nublado,Simples,Reta,Não,3,0,0,0,2,1,0,2,-26.41544499,-50.22732716,SPRF-SC,DEL06-SC,UOP02-DEL06-SC,2024
"641092,0",2024-11-11,segunda-feira,11:25:00,SC,101,"118,0",ITAJAI,Acessar a via sem observar a presença dos outros veículos,Colisão lateral mesmo sentido,Com Vítimas Feridas,Pleno dia,Crescente,Céu Claro,Dupla,Reta,Sim,2,0,1,0,1,0,1,2,-26.895859,-48.71903,SPRF-SC,DEL04-SC,UOP04-DEL04-SC,2024
"641105,0",2024-11-06,quarta-feira,05:25:00,SC,282,"574,5",PINHALZINHO,Condutor deixou de manter distância do veículo da frente,Colisão traseira,Com Vítimas Feridas,Amanhecer,Crescente,Céu Claro,Simples,Interseção de Vias,Não,2,0,1,0,1,0,1,2,-26.867399,-52.965149,SPRF-SC,DEL07-SC,UOP02-DEL07-SC,2024
"641146,0",2024-11-11,segunda-feira,16:30:00,SC,101,"181,8",GOVERNADOR CELSO RAMOS,Reação tardia ou ineficiente do condutor,Colisão lateral mesmo sentido,Com Vítimas Feridas,Pleno dia,Decrescente,Céu Claro,Dupla,Reta,Não,2,0,1,0,1,0,1,2,-27.38958699,-48.63197593,SPRF-SC,DEL01-SC,UOP01-DEL01-SC,2024
"641180,0",2024-11-11,segunda-feira,18:00:00,SC,101,"139,0",BALNEARIO CAMBORIU,Condutor deixou de manter distância do veículo da frente,Colisão traseira,Com Vítimas Feridas,Anoitecer,Decrescente,Céu Claro,Simples,Reta,Sim,4,0,1,0,2,1,1,4,-27.03030024,-48.60513568,SPRF-SC,DEL04-SC,UOP03-DEL04-SC,2024
"641209,0",2024-11-11,segunda-feira,19:30:00,SC,101,"272,4",IMBITUBA,Demais falhas mecânicas ou elétricas,Colisão com objeto,Com Vítimas Feridas,Plena Noite,Crescente,Céu Claro,Dupla,Reta,Não,5,0,0,1,3,2,1,5,-28.124268,-48.695993,SPRF-SC,DEL02-SC,UOP03-DEL02-SC,2024
"641216,0",2024-11-11,segunda-feira,20:50:00,SC,470,"74,7",INDAIAL,Transitar na contramão,Colisão frontal,Com Vítimas Fatais,Plena Noite,Decrescente,Céu Claro,Simples,Reta,Não,4,1,0,0,1,2,0,4,-26.9211307,-49.2826063,SPRF-SC,DEL04-SC,UOP01-DEL04-SC,2024
"641265,0",2024-11-12,terça-feira,09:15:00,SC,101,"119,0",ITAJAI,Condutor deixou de manter distância do veículo da frente,Colisão traseira,Sem Vítimas,Pleno dia,Decrescente,Nublado,Dupla,Reta;Em Obras,Sim,3,0,0,0,2,1,0,3,-26.9043179,-48.71555481,SPRF-SC,DEL04-SC,UOP04-DEL04-SC,2024
"641326,0",2024-11-12,terça-feira,14:30:00,SC,101,"214,3",PALHOCA,Trafegar com motocicleta (ou similar) entre as faixas,Colisão traseira,Com Vítimas Feridas,Pleno dia,Decrescente,Nublado,Múltipla,Reta;Aclive,Sim,2,0,0,1,1,0,1,2,-27.64443,-48.67057,SPRF-SC,DEL01-SC,UOP02-DEL01-SC,2024
"641337,0",2024-11-12,terça-feira,09:45:00,SC,470,"141,3",RIO DO SUL,Velocidade Incompatível,Tombamento,Com Vítimas Feridas,Pleno dia,Decrescente,Nublado,Simples,Viaduto;Declive;Curva,Sim,6,0,1,1,3,3,2,8,-27.226065,-49.666161,SPRF-SC,DEL04-SC,UOP02-DEL04-SC,2024
"641345,0",2024-11-06,quarta-feira,09:10:00,SC,101,"119,0",ITAJAI,Ausência de reação do condutor,Colisão lateral mesmo sentido,Sem Vítimas,Pleno dia,Decrescente,Nublado,Dupla,Reta,Não,3,0,0,0,3,0,0,2,-26.9043179,-48.71555481,SPRF-SC,DEL04-SC,UOP04-DEL04-SC,2024
"641358,0",2024-11-12,terça-feira,16:10:00,SC,101,"145,8",ITAPEMA,Ausência de reação do condutor,Engavetamento,Com Vítimas Feridas,Pleno dia,Decrescente,Garoa/Chuvisco,Dupla,Reta,Sim,4,0,1,0,3,0,1,3,-27.08139206,-48.60130993,SPRF-SC,DEL04-SC,UOP03-DEL04-SC,2024
"641431,0",2024-11-12,terça-feira,23:10:00,SC,101,"191,0",BIGUACU,Velocidade Incompatível,Tombamento,Com Vítimas Feridas,Plena Noite,Crescente,Céu Claro,Dupla,Curva,Não,5,0,4,0,1,0,4,2,-27.47730273,-48.64127329,SPRF-SC,DEL01-SC,UOP01-DEL01-SC,2024
"641441,0",2024-11-12,terça-feira,20:40:00,SC,101,"328,8",TUBARAO,Ausência de reação do condutor,Saída de leito carroçável,Com Vítimas Feridas,Plena Noite,Decrescente,Céu Claro,Múltipla,Ponte;Em Obras;Reta,Não,1,0,1,0,0,0,1,1,-28.43648094,-48.95989307,SPRF-SC,DEL02-SC,UOP01-DEL02-SC,2024
"641468,0",2024-11-13,quarta-feira,06:30:00,SC,282,"1,0",FLORIANOPOLIS,Manobra de mudança de faixa,Colisão traseira,Com Vítimas Fatais,Pleno dia,Crescente,Sol,Múltipla,Reta,Sim,4,1,1,0,1,1,1,4,-27.6020104,-48.57936502,SPRF-SC,DEL01-SC,UOP01-DEL01-SC,2024
"641494,0",2024-03-22,sexta-feira,09:08:00,SC,470,"108,8",APIUNA,Transitar na contramão,Colisão lateral sentido oposto,Com Vítimas Feridas,Pleno dia,Crescente,Nublado,Simples,Reta,Sim,3,0,0,1,1,1,1,3,-27.08354425,-49.45174813,SPRF-SC,DEL04-SC,UOP02-DEL04-SC,2024
"641524,0",2024-11-13,quarta-feira,12:20:00,SC,101,"145,5",ITAPEMA,Manobra de mudança de faixa,Colisão lateral mesmo sentido,Com Vítimas Feridas,Pleno dia,Decrescente,Nublado,Dupla,Aclive;Reta,Sim,3,0,1,0,2,0,1,2,-27.08139206,-48.60130993,SPRF-SC,DEL04-SC,UOP03-DEL04-SC,2024
"641532,0",2024-11-13,quarta-feira,13:30:00,SC,470,"54,4",BLUMENAU,Ingestão de álcool pelo condutor,Colisão transversal,Sem Vítimas,Pleno dia,Crescente,Céu Claro,Simples,Interseção de Vias;Declive;Reta;Em Obras,Sim,2,0,0,0,2,0,0,2,-26.87320538,-49.11420822,SPRF-SC,DEL04-SC,UOP01-DEL04-SC,2024
"641608,0",2024-11-13,quarta-feira,16:15:00,SC,280,"35,1",ARAQUARI,Transitar na contramão,Colisão frontal,Com Vítimas Feridas,Pleno dia,Crescente,Sol,Simples,Viaduto,Não,2,0,0,1,1,0,1,2,-26.43447549,-48.80453914,SPRF-SC,DEL03-SC,UOP03-DEL03-SC,2024
"641616,0",2024-11-13,quarta-feira,18:50:00,SC,101,"120,1",ITAJAI,Velocidade Incompatível,Colisão traseira,Com Vítimas Feridas,Plena Noite,Decrescente,Nublado,Dupla,Reta,Sim,6,0,2,0,3,1,2,5,-26.912758,-48.711998,SPRF-SC,DEL04-SC,UOP04-DEL04-SC,2024
"641643,0",2024-11-13,quarta-feira,21:30:00,SC,470,"155,0",AGRONOMICA,Velocidade Incompatível,Tombamento,Com Vítimas Feridas,Plena Noite,Decrescente,Céu Claro,Simples,Curva,Não,2,0,1,0,0,1,1,2,-27.277105,-49.751972,SPRF-SC,DEL04-SC,UOP02-DEL04-SC,2024
"641688,0",2024-11-14,quinta-feira,08:30:00,SC,101,"124,0",ITAJAI,Ausência de reação do condutor,Colisão lateral mesmo sentido,Com Vítimas Feridas,Pleno dia,Crescente,Céu Claro,Simples,Reta,Não,2,0,1,0,1,0,1,2,-26.94335064,-48.69198648,SPRF-SC,DEL04-SC,UOP04-DEL04-SC,2024
"641739,0",2024-11-14,quinta-feira,12:30:00,SC,101,"113,0",ITAJAI,Condutor deixou de manter distância do veículo da frente,Colisão traseira,Com Vítimas Feridas,Pleno dia,Crescente,Céu Claro,Simples,Reta,Não,4,0,0,1,2,2,1,5,-26.85311393,-48.72689927,SPRF-SC,DEL04-SC,UOP04-DEL04-SC,2024
"641751,0",2024-11-14,quinta-feira,13:45:00,SC,116,"2,0",MAFRA,Ausência de reação do condutor,Colisão traseira,Sem Vítimas,Pleno dia,Decrescente,Céu Claro,Simples,Aclive;Reta,Sim,2,0,0,0,2,0,0,2,-26.12391791,-49.79303212,SPRF-SC,DEL06-SC,UOP01-DEL06-SC,2024
"641831,0",2024-11-14,quinta-feira,17:40:00,SC,470,"41,0",GASPAR,Acessar a via sem observar a presença dos outros veículos,Colisão com objeto,Com Vítimas Feridas,Anoitecer,Crescente,Sol,Dupla,Curva,Não,2,0,1,0,0,1,1,2,-26.882343,-48.996975,SPRF-SC,DEL04-SC,UOP01-DEL04-SC,2024
"641916,0",2024-11-15,sexta-feira,04:20:00,SC,101,"210,0",SAO JOSE,Ausência de reação do condutor,Colisão traseira,Sem Vítimas,Plena Noite,Crescente,Céu Claro,Múltipla,Reta,Sim,3,0,0,0,2,2,0,4,-27.6167305,-48.6457265,SPRF-SC,DEL01-SC,UOP01-DEL01-SC,2024
"642020,0",2024-11-15,sexta-feira,11:30:00,SC,101,"143,5",ITAPEMA,Condutor deixou de manter distância do veículo da frente,Colisão traseira,Com Vítimas Feridas,Pleno dia,Decrescente,Nublado,Dupla,Curva,Sim,4,0,3,0,1,0,3,2,-27.06436,-48.59599405,SPRF-SC,DEL04-SC,UOP03-DEL04-SC,2024
"642073,0",2024-11-15,sexta-feira,16:20:00,SC,282,"599,8",SAUDADES,Demais falhas na via,Colisão lateral mesmo sentido,Com Vítimas Feridas,Pleno dia,Crescente,Céu Claro,Simples,Reta,Não,4,0,3,0,1,0,3,2,-26.820206,-53.155052,SPRF-SC,DEL07-SC,UOP02-DEL07-SC,2024
"642151,0",2024-11-15,sexta-feira,23:00:00,SC,280,"167,6",MAFRA,Transitar na contramão,Colisão com objeto,Com Vítimas Feridas,Plena Noite,Crescente,Céu Claro,Simples,Interseção de Vias;Retorno Regulamentado,Sim,4,0,2,1,1,0,3,2,-26.16857105,-49.81820938,SPRF-SC,DEL06-SC,UOP01-DEL06-SC,2024
"642165,0",2024-11-16,sábado,04:00:00,SC,470,"52,6",BLUMENAU,Acessar a via sem observar a presença dos outros veículos,Colisão transversal,Sem Vítimas,Plena Noite,Crescente,Garoa/Chuvisco,Simples,Interseção de Vias,Não,2,0,0,0,2,0,0,2,-26.862286,-49.093903,SPRF-SC,DEL04-SC,UOP01-DEL04-SC,2024
"642185,0",2024-11-16,sábado,05:15:00,SC,101,"283,0",IMBITUBA,Ingestão de álcool pelo condutor,Colisão com objeto,Com Vítimas Feridas,Amanhecer,Crescente,Garoa/Chuvisco,Dupla,Reta,Sim,3,0,2,0,1,0,2,2,-28.20457404,-48.6984006,SPRF-SC,DEL02-SC,UOP03-DEL02-SC,2024
"642227,0",2024-11-16,sábado,10:48:00,SC,101,"234,0",PALHOCA,Demais falhas mecânicas ou elétricas,Colisão traseira,Com Vítimas Feridas,Pleno dia,Crescente,Chuva,Simples,Reta,Não,3,0,0,1,1,2,1,4,-27.81043812,-48.63537111,SPRF-SC,DEL01-SC,UOP02-DEL01-SC,2024
"642426,0",2024-11-17,domingo,05:40:00,SC,101,"32,0",JOINVILLE,Acessar a via sem observar a presença dos outros veículos,Colisão transversal,Com Vítimas Feridas,Amanhecer,Decrescente,Céu Claro,Dupla,Reta,Não,5,0,3,0,1,1,3,3,-26.226987,-48.91657,SPRF-SC,DEL03-SC,UOP01-DEL03-SC,2024
"642500,0",2024-11-17,domingo,11:10:00,SC,470,"155,7",TROMBUDO CENTRAL,Demais falhas mecânicas ou elétricas,Incêndio,Sem Vítimas,Pleno dia,Decrescente,Céu Claro,Simples,Reta,Sim,2,0,0,0,1,1,0,2,-27.28056916,-49.75904346,SPRF-SC,DEL04-SC,UOP02-DEL04-SC,2024
"642606,0",2024-11-17,domingo,23:30:00,SC,470,"224,5",SAO CRISTOVAO DO SUL,Reação tardia ou ineficiente do condutor,Tombamento,Com Vítimas Feridas,Plena Noite,Crescente,Céu Claro,Simples,Curva;Declive,Não,3,0,2,0,0,2,2,3,-27.32903704,-50.34886122,SPRF-SC,DEL05-SC,UOP03-DEL05-SC,2024
"642665,0",2024-11-18,segunda-feira,08:00:00,SC,470,"62,1",INDAIAL,Trafegar com motocicleta (ou similar) entre as faixas,Colisão transversal,Com Vítimas Feridas,Pleno dia,Decrescente,Sol,Simples,Reta,Sim,3,0,2,0,1,0,2,2,-26.87442825,-49.18574728,SPRF-SC,DEL04-SC,UOP01-DEL04-SC,2024
"642670,0",2024-11-18,segunda-feira,08:00:00,SC,101,"138,0",BALNEARIO CAMBORIU,Ausência de reação do condutor,Colisão traseira,Com Vítimas Feridas,Pleno dia,Crescente,Céu Claro,Dupla,Curva;Aclive,Não,3,0,2,0,1,0,2,2,-27.02397426,-48.60761649,SPRF-SC,DEL04-SC,UOP03-DEL04-SC,2024
"642679,0",2024-11-18,segunda-feira,09:30:00,SC,470,"57,0",BLUMENAU,Ausência de reação do condutor,Colisão frontal,Com Vítimas Feridas,Pleno dia,Crescente,Céu Claro,Simples,Em Obras;Reta,Sim,2,0,1,0,1,0,1,2,-26.880428,-49.136532,SPRF-SC,DEL04-SC,UOP01-DEL04-SC,2024
"642694,0",2024-11-18,segunda-feira,11:48:00,SC,282,"66,6",RANCHO QUEIMADO,Ultrapassagem Indevida,Colisão frontal,Com Vítimas Feridas,Pleno dia,Decrescente,Céu Claro,Simples,Reta;Declive,Não,6,0,4,0,1,2,4,5,-27.699602,-49.062912,SPRF-SC,DEL01-SC,UOP03-DEL01-SC,2024
"642705,0",2024-11-18,segunda-feira,08:40:00,SC,116,"308,8",CAPAO ALTO,Velocidade Incompatível,Tombamento,Com Vítimas Feridas,Pleno dia,Crescente,Céu Claro,Simples,Declive;Curva,Não,2,0,1,0,0,1,1,2,-28.19738894,-50.75969693,SPRF-SC,DEL05-SC,UOP02-DEL05-SC,2024
"642710,0",2024-11-18,segunda-feira,10:30:00,SC,116,"122,6",SANTA CECILIA,Demais falhas mecânicas ou elétricas,Tombamento,Com Vítimas Feridas,Pleno dia,Decrescente,Céu Claro,Dupla,Reta,Não,4,0,2,0,1,2,2,4,-26.83931216,-50.39488792,SPRF-SC,DEL06-SC,UOP02-DEL06-SC,2024
"642715,0",2024-11-18,segunda-feira,13:15:00,SC,101,"134,3",BALNEARIO CAMBORIU,Trafegar com motocicleta (ou similar) entre as faixas,Colisão traseira,Com Vítimas Fatais,Pleno dia,Decrescente,Sol,Múltipla,Reta,Sim,3,1,0,0,1,1,0,3,-27.0028934,-48.6335016,SPRF-SC,DEL04-SC,UOP03-DEL04-SC,2024
"642765,0",2024-11-18,segunda-feira,18:00:00,SC,158,"108,0",CUNHA PORA,Velocidade Incompatível,Saída de leito carroçável,Com Vítimas Feridas,Pleno dia,Crescente,Céu Claro,Simples,Reta,Não,1,0,1,0,0,0,1,1,-26.88345282,-53.1743468,SPRF-SC,DEL07-SC,UOP02-DEL07-SC,2024
"642781,0",2024-11-18,segunda-feira,20:45:00,SC,101,"148,0",ITAPEMA,Condutor deixou de manter distância do veículo da frente,Colisão traseira,Com Vítimas Feridas,Plena Noite,Crescente,Céu Claro,Dupla,Reta,Sim,2,0,1,0,1,0,1,2,-27.10123686,-48.61807962,SPRF-SC,DEL04-SC,UOP03-DEL04-SC,2024
"642782,0",2024-11-18,segunda-feira,20:30:00,SC,101,"175,9",BIGUACU,Condutor deixou de manter distância do veículo da frente,Colisão traseira,Sem Vítimas,Plena Noite,Decrescente,Céu Claro,Múltipla,Reta,Não,2,0,0,0,1,1,0,2,-27.34661396,-48.63300917,SPRF-SC,DEL01-SC,UOP01-DEL01-SC,2024
"642827,0",2024-11-18,segunda-feira,20:57:00,SC,280,"220,7",TRES BARRAS,Ausência de reação do condutor,Tombamento,Com Vítimas Feridas,Plena Noite,Decrescente,Nublado,Simples,Rotatória,Não,2,0,1,0,0,1,1,2,-26.17118856,-50.26466388,SPRF-SC,DEL06-SC,UOP04-DEL06-SC,2024
"642862,0",2024-11-19,terça-feira,06:00:00,SC,470,"47,8",BLUMENAU,Velocidade Incompatível,Tombamento,Sem Vítimas,Pleno dia,Crescente,Nublado,Simples,Desvio Temporário,Sim,3,0,0,0,2,1,0,3,-26.85997954,-49.05435506,SPRF-SC,DEL04-SC,UOP01-DEL04-SC,2024
"642900,0",2024-11-19,terça-feira,11:40:00,SC,101,"123,0",ITAJAI,Reação tardia ou ineficiente do condutor,Colisão traseira,Com Vítimas Feridas,Pleno dia,Decrescente,Céu Claro,Múltipla,Reta,Sim,3,0,1,0,1,1,1,3,-26.93668609,-48.69876905,SPRF-SC,DEL04-SC,UOP04-DEL04-SC,2024
"642948,0",2024-11-19,terça-feira,15:20:00,SC,280,"21,1",ARAQUARI,Ausência de reação do condutor,Colisão traseira,Com Vítimas Feridas,Pleno dia,Crescente,Céu Claro,Simples,Reta,Não,3,0,1,0,1,2,1,4,-26.37043169,-48.69219602,SPRF-SC,DEL03-SC,UOP03-DEL03-SC,2024
"642967,0",2024-11-19,terça-feira,19:35:00,SC,101,"219,5",PALHOCA,Reação tardia ou ineficiente do condutor,Colisão traseira,Com Vítimas Feridas,Plena Noite,Crescente,Chuva,Múltipla,Reta,Não,4,0,3,0,1,0,3,3,-27.68392194,-48.66710085,SPRF-SC,DEL01-SC,UOP02-DEL01-SC,2024
"642989,0",2024-11-19,terça-feira,20:25:00,SC,101,"117,0",ITAJAI,Transitar na contramão,Colisão transversal,Com Vítimas Feridas,Plena Noite,Crescente,Nublado,Múltipla,Interseção de Vias;Reta,Sim,2,0,0,1,1,0,1,2,-26.88747187,-48.72252969,SPRF-SC,DEL04-SC,UOP04-DEL04-SC,2024
"643043,0",2024-11-20,quarta-feira,07:10:00,SC,101,"29,0",JOINVILLE,Acessar a via sem observar a presença dos outros veículos,Colisão traseira,Sem Vítimas,Pleno dia,Decrescente,Chuva,Dupla,Reta,Não,3,0,0,0,2,2,0,4,-26.21965384,-48.91613245,SPRF-SC,DEL03-SC,UOP01-DEL03-SC,2024
"643081,0",2024-11-20,quarta-feira,09:20:00,SC,153,"92,6",CONCORDIA,Reação tardia ou ineficiente do condutor,Colisão frontal,Com Vítimas Fatais,Pleno dia,Crescente,Chuva,Simples,Curva,Não,3,1,0,0,1,1,0,3,-27.1971064,-51.9372985,SPRF-SC,DEL07-SC,UOP04-DEL07-SC,2024
"643171,0",2024-11-20,quarta-feira,20:25:00,SC,116,"21,0",ITAIOPOLIS,Ultrapassagem Indevida,Colisão lateral sentido oposto,Com Vítimas Feridas,Plena Noite,Crescente,Nublado,Simples,Reta,Não,11,0,2,1,5,3,3,5,-26.24948781,-49.90733133,SPRF-SC,DEL06-SC,UOP01-DEL06-SC,2024
"643183,0",2024-11-21,quinta-feira,00:01:00,SC,101,"34,1",JOINVILLE,Ausência de reação do condutor,Colisão traseira,Com Vítimas Feridas,Plena Noite,Decrescente,Chuva,Dupla,Reta;Declive,Não,3,0,0,1,1,1,1,3,-26.23667403,-48.91486706,SPRF-SC,DEL03-SC,UOP01-DEL03-SC,2024
"643281,0",2024-11-21,quinta-feira,14:00:00,SC,480,"130,0",CHAPECO,Acessar a via sem observar a presença dos outros veículos,Colisão transversal,Com Vítimas Feridas,Pleno dia,Decrescente,Chuva,Simples,Interseção de Vias,Sim,3,0,1,0,2,0,1,2,-27.05534298,-52.63652069,SPRF-SC,DEL07-SC,UOP01-DEL07-SC,2024
"643296,0",2024-11-21,quinta-feira,15:00:00,SC,101,"156,2",PORTO BELO,Condutor deixou de manter distância do veículo da frente,Colisão traseira,Com Vítimas Feridas,Pleno dia,Crescente,Chuva,Dupla,Reta,Sim,4,0,1,0,2,1,1,4,-27.172272,-48.61170204,SPRF-SC,DEL04-SC,UOP03-DEL04-SC,2024
"643319,0",2024-11-21,quinta-feira,16:40:00,SC,101,"39,1",JOINVILLE,Velocidade Incompatível,Colisão traseira,Com Vítimas Feridas,Pleno dia,Crescente,Chuva,Dupla,Reta,Sim,5,0,1,0,3,1,1,4,-26.2628107,-48.90192257,SPRF-SC,DEL03-SC,UOP01-DEL03-SC,2024
"643320,0",2024-11-21,quinta-feira,17:20:00,SC,116,"233,0",CORREIA PINTO,Reação tardia ou ineficiente do condutor,Colisão traseira,Sem Vítimas,Anoitecer,Decrescente,Chuva,Simples,Reta,Não,2,0,0,0,2,0,0,2,-27.69306795,-50.33623941,SPRF-SC,DEL05-SC,UOP01-DEL05-SC,2024
"643345,0",2024-11-21,quinta-feira,20:06:00,SC,116,"259,6",CAPAO ALTO,Transitar na contramão,Colisão frontal,Com Vítimas Fatais,Plena Noite,Crescente,Garoa/Chuvisco,Simples,Reta,Não,5,3,0,0,1,1,0,3,-27.9018726,-50.4349141,SPRF-SC,DEL05-SC,UOP02-DEL05-SC,2024
"643346,0",2024-11-21,quinta-feira,19:00:00,SC,101,"115,0",ITAJAI,Manobra de mudança de faixa,Colisão lateral mesmo sentido,Com Vítimas Feridas,Plena Noite,Decrescente,Garoa/Chuvisco,Dupla,Reta,Não,2,0,0,1,1,0,1,2,-26.87064015,-48.72954134,SPRF-SC,DEL04-SC,UOP04-DEL04-SC,2024
"643372,0",2024-11-21,quinta-feira,22:50:00,SC,280,"24,0",ARAQUARI,Manobra de mudança de faixa,Colisão frontal,Com Vítimas Feridas,Plena Noite,Decrescente,Chuva,Simples,Reta,Sim,4,0,0,1,2,3,1,5,-26.37587078,-48.71798158,SPRF-SC,DEL03-SC,UOP03-DEL03-SC,2024
"643375,0",2024-11-22,sexta-feira,00:50:00,SC,101,"281,0",IMBITUBA,Reação tardia ou ineficiente do condutor,Colisão traseira,Com Vítimas Feridas,Plena Noite,Decrescente,Garoa/Chuvisco,Múltipla,Reta,Não,3,0,1,0,1,2,1,4,-28.20198675,-48.69796157,SPRF-SC,DEL02-SC,UOP03-DEL02-SC,2024
"643379,0",2024-11-22,sexta-feira,00:40:00,SC,101,"231,0",PALHOCA,Reação tardia ou ineficiente do condutor,Colisão lateral mesmo sentido,Sem Vítimas,Plena Noite,Crescente,Chuva,Dupla,Aclive;Reta,Não,2,0,0,0,1,1,0,2,-27.78669984,-48.6356424,SPRF-SC,DEL01-SC,UOP02-DEL01-SC,2024
"643381,0",2024-11-22,sexta-feira,00:35:00,SC,101,"243,0",PALHOCA,Velocidade Incompatível,Colisão traseira,Com Vítimas Feridas,Plena Noite,Crescente,Chuva,Dupla,Reta,Não,3,0,1,0,1,1,1,3,-27.89714,-48.648766,SPRF-SC,DEL01-SC,UOP02-DEL01-SC,2024
"643427,0",2024-11-22,sexta-feira,08:55:00,SC,470,"64,6",INDAIAL,Ausência de reação do condutor,Colisão lateral sentido oposto,Com Vítimas Feridas,Pleno dia,Decrescente,Garoa/Chuvisco,Simples,Reta,Sim,2,0,1,0,1,0,1,2,-26.87016256,-49.20977198,SPRF-SC,DEL04-SC,UOP01-DEL04-SC,2024
"643435,0",2024-11-22,sexta-feira,09:20:00,SC,101,"142,0",ITAPEMA,Demais falhas mecânicas ou elétricas,Saída de leito carroçável,Com Vítimas Feridas,Pleno dia,Crescente,Chuva,Simples,Aclive;Curva,Não,1,0,1,0,0,0,1,1,-27.056089,-48.599449,SPRF-SC,DEL04-SC,UOP03-DEL04-SC,2024
"643455,0",2024-11-22,sexta-feira,10:55:00,SC,470,"138,2",RIO DO SUL,Acessar a via sem observar a presença dos outros veículos,Colisão transversal,Com Vítimas Feridas,Pleno dia,Crescente,Garoa/Chuvisco,Simples,Retorno Regulamentado;Reta;Aclive,Sim,2,0,1,0,1,0,1,2,-27.207214,-49.648476,SPRF-SC,DEL04-SC,UOP02-DEL04-SC,2024
"643460,0",2024-11-22,sexta-feira,11:30:00,SC,282,"83,1",ALFREDO WAGNER,Pista Escorregadia,Colisão frontal,Com Vítimas Fatais,Pleno dia,Crescente,Chuva,Simples,Curva,Não,3,1,1,0,0,1,1,3,-27.666153,-49.175022,SPRF-SC,DEL01-SC,UOP03-DEL01-SC,2024
"643490,0",2024-11-22,sexta-feira,13:29:00,SC,470,"159,7",TROMBUDO CENTRAL,Ausência de reação do condutor,Colisão traseira,Com Vítimas Fatais,Pleno dia,Decrescente,Garoa/Chuvisco,Simples,Curva;Declive,Não,2,1,0,0,1,0,0,2,-27.28670985,-49.79656219,SPRF-SC,DEL04-SC,UOP02-DEL04-SC,2024