id,data_inversa,dia_semana,horario,uf,br,km,municipio,causa_acidente,tipo_acidente,classificacao_acidente,fase_dia,sentido_via,condicao_metereologica,tipo_pista,tracado_via,uso_solo,pessoas,mortos,feridos_leves,feridos_graves,ilesos,ignorados,feridos,veiculos,latitude,longitude,regional,delegacia,uop,ano_arquivo
"643511,0",2024-11-22,sexta-feira,14:00:00,SC,101,"95,0",BALNEARIO PICARRAS,Ausência de reação do condutor,Colisão transversal,Com Vítimas Feridas,Pleno dia,Crescente,Garoa/Chuvisco,Múltipla,Reta,Não,3,0,1,0,1,1,1,3,-26.70876413,-48.70221065,SPRF-SC,DEL03-SC,UOP02-DEL03-SC,2024
"643527,0",2024-11-22,sexta-feira,16:40:00,SC,116,"247,6",LAGES,Desrespeitar a preferência no cruzamento,Colisão traseira,Com Vítimas Feridas,Pleno dia,Decrescente,Nublado,Simples,Reta,Sim,2,0,1,0,1,0,1,2,-27.81262488,-50.36859817,SPRF-SC,DEL05-SC,UOP02-DEL05-SC,2024
"643537,0",2024-11-22,sexta-feira,17:30:00,SC,282,"48,0",AGUAS MORNAS,Velocidade Incompatível,Colisão frontal,Com Vítimas Feridas,Pleno dia,Decrescente,Chuva,Simples,Curva;Aclive,Não,2,0,0,1,1,0,1,2,-27.714352,-48.938072,SPRF-SC,DEL01-SC,UOP03-DEL01-SC,2024
"643648,0",2024-11-23,sábado,06:40:00,SC,282,"52,5",RANCHO QUEIMADO,Pista Escorregadia,Colisão lateral sentido oposto,Com Vítimas Feridas,Pleno dia,Crescente,Nublado,Simples,Reta,Não,7,0,4,0,3,0,4,4,-27.696936,-48.964138,SPRF-SC,DEL01-SC,UOP03-DEL01-SC,2024
"643670,0",2024-11-23,sábado,08:30:00,SC,282,"396,7",JOACABA,Acessar a via sem observar a presença dos outros veículos,Colisão transversal,Com Vítimas Feridas,Pleno dia,Decrescente,Sol,Simples,Reta;Retorno Regulamentado,Não,4,0,1,0,3,0,1,2,-27.155375,-51.601593,SPRF-SC,DEL07-SC,UOP05-DEL07-SC,2024
"643739,0",2024-10-22,terça-feira,19:00:00,SC,282,"42,5",AGUAS MORNAS,Acessar a via sem observar a presença dos outros veículos,Colisão transversal,Com Vítimas Feridas,Plena Noite,Crescente,Nublado,Simples,Interseção de Vias,Não,2,0,0,1,1,0,1,2,-27.72077,-48.887478,SPRF-SC,DEL01-SC,UOP03-DEL01-SC,2024
"643824,0",2024-11-23,sábado,22:00:00,SC,101,"332,0",TUBARAO,Avarias e/ou desgaste excessivo no pneu,Colisão transversal,Com Vítimas Feridas,Plena Noite,Decrescente,Céu Claro,Múltipla,Reta,Sim,5,0,1,0,3,1,1,3,-28.46016431,-48.98968873,SPRF-SC,DEL02-SC,UOP01-DEL02-SC,2024
"643891,0",2024-11-09,sábado,17:25:00,SC,153,"36,9",VARGEM BONITA,Manobra de mudança de faixa,Colisão traseira,Sem Vítimas,Pleno dia,Crescente,Sol,Simples,Declive;Reta,Não,5,0,0,0,3,2,0,4,-26.821478,-51.720905,SPRF-SC,DEL07-SC,UOP07-DEL07-SC,2024
"643908,0",2024-11-24,domingo,07:30:00,SC,101,"174,9",GOVERNADOR CELSO RAMOS,Velocidade Incompatível,Tombamento,Com Vítimas Feridas,Pleno dia,Decrescente,Sol,Dupla,Curva,Não,2,0,1,0,0,1,1,2,-27.33081601,-48.62697562,SPRF-SC,DEL01-SC,UOP01-DEL01-SC,2024
"643936,0",2024-11-24,domingo,08:50:00,SC,153,"58,8",IRANI,Ausência de reação do condutor,Colisão transversal,Com Vítimas Feridas,Pleno dia,Decrescente,Céu Claro,Simples,Interseção de Vias;Rotatória,Não,5,0,0,1,3,1,1,3,-26.964373,-51.841362,SPRF-SC,DEL07-SC,UOP04-DEL07-SC,2024
"643973,0",2024-11-24,domingo,15:30:00,SC,101,"163,0",TIJUCAS,Velocidade Incompatível,Colisão lateral mesmo sentido,Com Vítimas Feridas,Pleno dia,Decrescente,Sol,Dupla,Reta,Sim,4,0,2,0,1,1,2,3,-27.23461699,-48.63039809,SPRF-SC,DEL04-SC,UOP03-DEL04-SC,2024
"643981,0",2024-11-24,domingo,12:35:00,SC,282,"548,4",CHAPECO,Ultrapassagem Indevida,Colisão lateral mesmo sentido,Com Vítimas Feridas,Pleno dia,Decrescente,Céu Claro,Simples,Reta,Não,3,0,1,0,1,1,1,3,-26.968346,-52.753883,SPRF-SC,DEL07-SC,UOP01-DEL07-SC,2024
"644047,0",2024-11-24,domingo,19:25:00,SC,280,"14,0",SAO FRANCISCO DO SUL,Ausência de reação do condutor,Colisão transversal,Com Vítimas Feridas,Plena Noite,Decrescente,Céu Claro,Simples,Reta,Não,4,0,2,0,1,3,2,5,-26.3301861,-48.65148076,SPRF-SC,DEL03-SC,UOP03-DEL03-SC,2024
"644063,0",2024-11-24,domingo,16:50:00,SC,282,"380,3",HERVAL DOESTE,Reação tardia ou ineficiente do condutor,Saída de leito carroçável,Com Vítimas Feridas,Pleno dia,Decrescente,Céu Claro,Simples,Reta,Não,2,0,1,0,0,1,1,2,-27.213797,-51.499413,SPRF-SC,DEL07-SC,UOP05-DEL07-SC,2024
"644068,0",2024-11-24,domingo,23:45:00,SC,282,"483,8",FAXINAL DOS GUEDES,Ingestão de álcool pelo condutor,Colisão lateral mesmo sentido,Sem Vítimas,Plena Noite,Crescente,Nublado,Simples,Reta,Não,3,0,0,0,2,1,0,3,-26.861937,-52.227974,SPRF-SC,DEL07-SC,UOP01-DEL07-SC,2024
"644122,0",2024-11-24,domingo,19:30:00,SC,280,"270,6",IRINEOPOLIS,Transitar na contramão,Colisão frontal,Com Vítimas Feridas,Amanhecer,Crescente,Céu Claro,Simples,Reta,Não,4,0,2,0,1,1,2,3,-26.26796011,-50.73644694,SPRF-SC,DEL06-SC,UOP04-DEL06-SC,2024
"644272,0",2024-11-25,segunda-feira,11:00:00,SC,101,"380,4",ICARA,Ausência de reação do condutor,Colisão traseira,Com Vítimas Feridas,Pleno dia,Crescente,Sol,Múltipla,Reta,Não,2,0,1,0,1,0,1,2,-28.75047313,-49.26872594,SPRF-SC,DEL02-SC,UOP02-DEL02-SC,2024
"644365,0",2024-11-26,terça-feira,13:00:00,SC,101,"114,0",ITAJAI,Demais falhas mecânicas ou elétricas,Colisão com objeto,Com Vítimas Feridas,Pleno dia,Crescente,Céu Claro,Simples,Curva;Declive,Sim,2,0,1,0,1,0,1,2,-26.86192886,-48.7286704,SPRF-SC,DEL04-SC,UOP04-DEL04-SC,2024
"644381,0",2024-11-18,segunda-feira,16:00:00,SC,101,"179,0",GOVERNADOR CELSO RAMOS,Acessar a via sem observar a presença dos outros veículos,Colisão lateral mesmo sentido,Com Vítimas Feridas,Pleno dia,Crescente,Céu Claro,Simples,Interseção de Vias;Reta,Não,3,0,1,0,1,1,1,2,-27.37281717,-48.63322708,SPRF-SC,DEL01-SC,UOP01-DEL01-SC,2024
"644400,0",2024-11-26,terça-feira,13:00:00,SC,280,"35,8",ARAQUARI,Ausência de reação do condutor,Tombamento,Com Vítimas Feridas,Pleno dia,Decrescente,Nublado,Simples,Reta,Não,2,0,1,0,0,1,1,2,-26.43447549,-48.80453914,SPRF-SC,DEL03-SC,UOP03-DEL03-SC,2024
"644416,0",2024-11-26,terça-feira,16:00:00,SC,280,"281,3",IRINEOPOLIS,Ultrapassagem Indevida,Colisão lateral mesmo sentido,Com Vítimas Fatais,Pleno dia,Decrescente,Céu Claro,Simples,Curva,Não,3,1,2,0,0,0,2,3,-26.2977769,-50.8355462,SPRF-SC,DEL06-SC,UOP04-DEL06-SC,2024
"644422,0",2024-11-26,terça-feira,14:50:00,SC,470,"229,3",SAO CRISTOVAO DO SUL,Suicídio (presumido),Colisão frontal,Com Vítimas Fatais,Pleno dia,Crescente,Céu Claro,Simples,Reta,Não,3,1,0,0,1,1,0,3,-27.3106802,-50.38945,SPRF-SC,DEL05-SC,UOP03-DEL05-SC,2024
"644436,0",2024-11-26,terça-feira,18:30:00,SC,101,"180,0",BIGUACU,Reação tardia ou ineficiente do condutor,Colisão transversal,Sem Vítimas,Anoitecer,Decrescente,Nublado,Dupla,Reta,Não,2,0,0,0,2,0,0,2,-27.3811238,-48.63090648,SPRF-SC,DEL01-SC,UOP01-DEL01-SC,2024
"644455,0",2024-11-26,terça-feira,17:30:00,SC,470,"128,0",LONTRAS,Acesso irregular,Colisão transversal,Com Vítimas Feridas,Pleno dia,Decrescente,Céu Claro,Simples,Curva,Não,4,0,0,2,1,1,2,3,-27.14609467,-49.5496273,SPRF-SC,DEL04-SC,UOP02-DEL04-SC,2024
"644490,0",2024-11-26,terça-feira,22:50:00,SC,101,"48,0",JOINVILLE,Avarias e/ou desgaste excessivo no pneu,Incêndio,Sem Vítimas,Plena Noite,Decrescente,Céu Claro,Múltipla,Curva,Sim,1,0,0,0,1,0,0,1,-26.35345909,-48.85867862,SPRF-SC,DEL03-SC,UOP01-DEL03-SC,2024
"644497,0",2024-11-27,quarta-feira,02:30:00,SC,101,"204,2",SAO JOSE,Pedestre - Ingestão de álcool/ substâncias psicoativas,Colisão com objeto,Sem Vítimas,Plena Noite,Crescente,Céu Claro,Simples,Reta,Sim,3,0,0,0,1,2,0,3,-27.57413014,-48.61363083,SPRF-SC,DEL01-SC,UOP01-DEL01-SC,2024
"644568,0",2024-11-27,quarta-feira,08:20:00,SC,153,"58,1",IRANI,Desrespeitar a preferência no cruzamento,Colisão transversal,Com Vítimas Feridas,Pleno dia,Crescente,Sol,Simples,Interseção de Vias,Não,4,0,3,0,0,2,3,4,-26.964373,-51.841362,SPRF-SC,DEL07-SC,UOP07-DEL07-SC,2024
"644576,0",2024-11-27,quarta-feira,10:00:00,SC,101,"2,0",GARUVA,Reação tardia ou ineficiente do condutor,Colisão traseira,Com Vítimas Feridas,Pleno dia,Decrescente,Nublado,Múltipla,Reta;Declive,Não,3,0,0,1,1,1,1,3,-25.99699834,-48.87891655,SPRF-SC,DEL03-SC,UOP01-DEL03-SC,2024
"644622,0",2024-11-27,quarta-feira,16:30:00,SC,101,"209,6",SAO JOSE,Condutor desrespeitou a iluminação vermelha do semáforo,Colisão lateral mesmo sentido,Com Vítimas Feridas,Pleno dia,Crescente,Céu Claro,Dupla,Reta,Sim,2,0,1,0,1,0,1,2,-27.61000542,-48.63895057,SPRF-SC,DEL01-SC,UOP01-DEL01-SC,2024
"644634,0",2024-11-27,quarta-feira,15:20:00,SC,101,"440,0",SOMBRIO,Reação tardia ou ineficiente do condutor,Colisão traseira,Com Vítimas Feridas,Pleno dia,Decrescente,Céu Claro,Dupla,Reta;Aclive,Não,2,0,1,0,1,0,1,2,-29.12420083,-49.66719602,SPRF-SC,DEL02-SC,UOP02-DEL02-SC,2024
"644642,0",2024-11-27,quarta-feira,17:00:00,SC,101,"338,4",TUBARAO,Condutor usando celular,Saída de leito carroçável,Com Vítimas Feridas,Pleno dia,Decrescente,Céu Claro,Múltipla,Reta;Ponte,Não,1,0,0,1,0,0,1,1,-28.485725,-49.03726,SPRF-SC,DEL02-SC,UOP01-DEL02-SC,2024
"644661,0",2024-11-27,quarta-feira,18:25:00,SC,282,"36,6",AGUAS MORNAS,Velocidade Incompatível,Colisão frontal,Com Vítimas Fatais,Anoitecer,Decrescente,Chuva,Simples,Curva;Declive,Não,3,1,0,0,1,2,0,4,-27.70619152,-48.83972704,SPRF-SC,DEL01-SC,UOP03-DEL01-SC,2024
"644686,0",2024-11-27,quarta-feira,16:40:00,SC,280,"258,7",CANOINHAS,Condutor Dormindo,Colisão lateral sentido oposto,Com Vítimas Feridas,Pleno dia,Decrescente,Garoa/Chuvisco,Simples,Reta,Não,4,0,1,0,3,0,1,4,-26.26304631,-50.61827002,SPRF-SC,DEL06-SC,UOP04-DEL06-SC,2024
"644708,0",2024-11-27,quarta-feira,22:50:00,SC,101,"97,4",BALNEARIO PICARRAS,Manobra de mudança de faixa,Colisão lateral mesmo sentido,Com Vítimas Feridas,Plena Noite,Crescente,Céu Claro,Dupla,Reta,Não,5,0,0,1,1,3,1,5,-26.72823703,-48.70224928,SPRF-SC,DEL03-SC,UOP02-DEL03-SC,2024
"644720,0",2024-11-28,quinta-feira,04:00:00,SC,101,"463,0",PASSO DE TORRES,Ausência de reação do condutor,Colisão traseira,Com Vítimas Feridas,Plena Noite,Decrescente,Nublado,Dupla,Curva,Não,2,0,0,1,1,0,1,2,-29.25755958,-49.75645244,SPRF-RS,DEL03-RS,UOP02-DEL03-RS,2024
"644741,0",2024-11-28,quinta-feira,05:40:00,SC,280,"154,0",MAFRA,Chuva,Colisão lateral mesmo sentido,Com Vítimas Feridas,Amanhecer,Decrescente,Chuva,Simples,Reta;Declive,Não,3,0,1,0,2,0,1,2,-26.21362587,-49.7181449,SPRF-SC,DEL06-SC,UOP03-DEL06-SC,2024
"644793,0",2024-11-28,quinta-feira,14:30:00,SC,101,"219,1",PALHOCA,Manobra de mudança de faixa,Colisão lateral mesmo sentido,Com Vítimas Feridas,Pleno dia,Crescente,Nublado,Dupla,Reta,Não,4,0,2,0,1,1,2,3,-27.68392194,-48.66710085,SPRF-SC,DEL01-SC,UOP02-DEL01-SC,2024
"644890,0",2024-11-28,quinta-feira,22:54:00,SC,282,"17,4",PALHOCA,Desrespeitar a preferência no cruzamento,Colisão transversal,Com Vítimas Fatais,Plena Noite,Decrescente,Nublado,Simples,Interseção de Vias,Sim,4,2,0,1,1,0,1,3,-27.6691484,-48.6911058,SPRF-SC,DEL01-SC,UOP02-DEL01-SC,2024
"644896,0",2024-11-28,quinta-feira,22:30:00,SC,470,"86,0",ASCURRA,Ultrapassagem Indevida,Colisão lateral sentido oposto,Sem Vítimas,Plena Noite,Decrescente,Céu Claro,Simples,Ponte,Sim,3,0,0,0,3,0,0,3,-26.949951,-49.357296,SPRF-SC,DEL04-SC,UOP01-DEL04-SC,2024
"644902,0",2024-11-28,quinta-feira,21:38:00,SC,282,"341,5",CAMPOS NOVOS,Ingestão de álcool pelo condutor,Colisão frontal,Com Vítimas Feridas,Plena Noite,Decrescente,Céu Claro,Simples,Reta,Sim,3,0,1,1,1,0,2,2,-27.389957,-51.213387,SPRF-SC,DEL07-SC,UOP06-DEL07-SC,2024
"644904,0",2024-11-28,quinta-feira,23:00:00,SC,470,"266,5",CURITIBANOS,Ingestão de álcool pelo condutor,Colisão frontal,Com Vítimas Feridas,Plena Noite,Crescente,Nublado,Simples,Curva,Não,3,0,1,0,1,1,1,3,-27.31199371,-50.7298851,SPRF-SC,DEL05-SC,UOP03-DEL05-SC,2024
"644919,0",2024-11-29,sexta-feira,04:50:00,SC,470,"60,1",BLUMENAU,Acessar a via sem observar a presença dos outros veículos,Colisão com objeto,Com Vítimas Fatais,Amanhecer,Crescente,Nublado,Simples,Reta;Retorno Regulamentado,Sim,4,1,3,0,0,0,3,3,-26.8806919,-49.1670757,SPRF-SC,DEL04-SC,UOP01-DEL04-SC,2024
"644926,0",2024-11-29,sexta-feira,06:50:00,SC,101,"22,0",JOINVILLE,Retorno proibido,Colisão lateral mesmo sentido,Com Vítimas Feridas,Pleno dia,Decrescente,Chuva,Dupla,Reta,Não,3,0,2,0,0,1,2,3,-26.160453,-48.907275,SPRF-SC,DEL03-SC,UOP01-DEL03-SC,2024
"644940,0",2024-11-29,sexta-feira,06:40:00,SC,282,"593,2",SAUDADES,Acessar a via sem observar a presença dos outros veículos,Colisão lateral mesmo sentido,Sem Vítimas,Pleno dia,Decrescente,Sol,Simples,Curva,Não,17,0,0,0,15,3,0,5,-26.826199,-53.10162,SPRF-SC,DEL07-SC,UOP02-DEL07-SC,2024
"645044,0",2024-11-29,sexta-feira,13:30:00,SC,470,"175,0",POUSO REDONDO,Ausência de reação do condutor,Colisão traseira,Sem Vítimas,Pleno dia,Decrescente,Céu Claro,Dupla,Declive;Reta,Sim,3,0,0,0,3,0,0,3,-27.25617,-49.938969,SPRF-SC,DEL04-SC,UOP02-DEL04-SC,2024
"645070,0",2024-11-29,sexta-feira,16:30:00,SC,101,"329,7",TUBARAO,Acessar a via sem observar a presença dos outros veículos,Colisão lateral mesmo sentido,Sem Vítimas,Pleno dia,Decrescente,Nublado,Dupla,Reta;Em Obras,Não,3,0,0,0,2,1,0,3,-28.44404822,-48.96611372,SPRF-SC,DEL02-SC,UOP01-DEL02-SC,2024
"645359,0",2024-12-01,domingo,02:35:00,SC,116,"284,7",CAPAO ALTO,Demais falhas mecânicas ou elétricas,Incêndio,Com Vítimas Feridas,Plena Noite,Crescente,Céu Claro,Simples,Rotatória,Não,1,0,1,0,0,0,1,1,-28.071781,-50.57883399,SPRF-SC,DEL05-SC,UOP02-DEL05-SC,2024
"645360,0",2024-12-01,domingo,03:10:00,SC,101,"63,0",ARAQUARI,Velocidade Incompatível,Tombamento,Com Vítimas Feridas,Plena Noite,Crescente,Céu Claro,Múltipla,Curva,Não,3,0,1,0,2,0,1,2,-26.45898367,-48.7584088,SPRF-SC,DEL03-SC,UOP02-DEL03-SC,2024
"645386,0",2024-12-01,domingo,06:50:00,SC,470,"57,0",BLUMENAU,Acesso irregular,Colisão transversal,Com Vítimas Feridas,Pleno dia,Decrescente,Céu Claro,Simples,Em Obras;Reta;Declive,Sim,3,0,2,0,1,0,2,2,-26.880428,-49.136532,SPRF-SC,DEL04-SC,UOP01-DEL04-SC,2024
"645480,0",2024-12-01,domingo,15:30:00,SC,470,"46,6",GASPAR,Acessar a via sem observar a presença dos outros veículos,Colisão transversal,Sem Vítimas,Pleno dia,Decrescente,Céu Claro,Simples,Reta;Em Obras,Não,3,0,0,0,2,2,0,4,-26.860388,-49.037617,SPRF-SC,DEL04-SC,UOP01-DEL04-SC,2024
"645637,0",2024-12-02,segunda-feira,03:40:00,SC,282,"380,8",JOACABA,Ausência de reação do condutor,Saída de leito carroçável,Com Vítimas Feridas,Plena Noite,Crescente,Chuva,Dupla,Declive;Reta,Não,2,0,1,0,0,1,1,2,-27.213797,-51.499413,SPRF-SC,DEL07-SC,UOP05-DEL07-SC,2024
"645660,0",2024-12-02,segunda-feira,09:10:00,SC,101,"124,0",ITAJAI,Ausência de reação do condutor,Colisão transversal,Com Vítimas Feridas,Pleno dia,Crescente,Nublado,Dupla,Reta,Sim,2,0,0,1,1,0,1,2,-26.94335064,-48.69198648,SPRF-SC,DEL04-SC,UOP04-DEL04-SC,2024
"645767,0",2024-12-02,segunda-feira,15:15:00,SC,282,"443,1",PONTE SERRADA,Manobra de mudança de faixa,Colisão traseira,Com Vítimas Feridas,Pleno dia,Crescente,Nublado,Simples,Curva,Não,4,0,0,1,2,1,1,3,-26.922215,-51.880138,SPRF-SC,DEL07-SC,UOP04-DEL07-SC,2024
"645768,0",2024-12-02,segunda-feira,19:20:00,SC,116,"242,1",LAGES,Ausência de reação do condutor,Saída de leito carroçável,Com Vítimas Fatais,Anoitecer,Decrescente,Nublado,Simples,Reta;Aclive,Não,2,1,0,0,0,1,0,2,-27.77666295,-50.34027011,SPRF-SC,DEL05-SC,UOP01-DEL05-SC,2024
"645785,0",2024-12-02,segunda-feira,17:30:00,SC,470,"327,7",CAMPOS NOVOS,Demais falhas mecânicas ou elétricas,Tombamento,Com Vítimas Feridas,Pleno dia,Decrescente,Céu Claro,Simples,Reta,Não,2,0,1,0,0,1,1,2,-27.45324955,-51.25282288,SPRF-SC,DEL07-SC,UOP06-DEL07-SC,2024
"645856,0",2024-12-03,terça-feira,07:50:00,SC,116,"11,2",MAFRA,Manobra de mudança de faixa,Colisão lateral mesmo sentido,Sem Vítimas,Pleno dia,Decrescente,Nublado,Simples,Reta;Aclive,Não,3,0,0,0,2,1,0,2,-26.17627262,-49.8580203,SPRF-SC,DEL06-SC,UOP01-DEL06-SC,2024
"645957,0",2024-12-03,terça-feira,18:05:00,SC,280,"188,0",MAFRA,Velocidade Incompatível,Tombamento,Com Vítimas Feridas,Anoitecer,Decrescente,Nublado,Simples,Curva,Não,2,0,1,0,0,1,1,2,-26.17143885,-49.9631671,SPRF-SC,DEL06-SC,UOP01-DEL06-SC,2024
"646002,0",2024-12-03,terça-feira,20:35:00,SC,280,"4,0",SAO FRANCISCO DO SUL,Transitar na contramão,Colisão frontal,Com Vítimas Feridas,Plena Noite,Crescente,Garoa/Chuvisco,Simples,Reta,Sim,3,0,1,0,1,2,1,4,-26.25329566,-48.61916042,SPRF-SC,DEL03-SC,UOP03-DEL03-SC,2024
"646022,0",2024-12-03,terça-feira,23:54:00,SC,116,"22,3",ITAIOPOLIS,Pedestre andava na pista,Atropelamento de Pedestre,Com Vítimas Feridas,Plena Noite,Crescente,Nublado,Simples,Reta,Não,3,0,1,0,1,1,1,3,-26.2574752,-49.91194265,SPRF-SC,DEL06-SC,UOP01-DEL06-SC,2024
"646043,0",2024-09-15,domingo,05:00:00,SC,101,"19,5",JOINVILLE,Ausência de reação do condutor,Colisão traseira,Com Vítimas Fatais,Amanhecer,Decrescente,Chuva,Dupla,Curva,Não,51,1,13,0,36,3,13,5,-26.13374712,-48.9003421,SPRF-SC,DEL03-SC,UOP01-DEL03-SC,2024
"646070,0",2024-12-04,quarta-feira,08:30:00,SC,282,"1,0",FLORIANOPOLIS,Trafegar com motocicleta (ou similar) entre as faixas,Colisão lateral mesmo sentido,Com Vítimas Feridas,Pleno dia,Decrescente,Nublado,Múltipla,Reta,Sim,3,0,0,1,1,1,1,3,-27.602955,-48.580509,SPRF-SC,DEL01-SC,UOP01-DEL01-SC,2024
"646109,0",2024-12-04,quarta-feira,13:57:00,SC,101,"279,9",IMBITUBA,Ausência de reação do condutor,Colisão traseira,Com Vítimas Feridas,Pleno dia,Crescente,Céu Claro,Múltipla,Em Obras;Reta,Sim,4,0,3,0,1,0,3,2,-28.17131302,-48.69463482,SPRF-SC,DEL02-SC,UOP03-DEL02-SC,2024
"646122,0",2024-12-04,quarta-feira,15:25:00,SC,280,"27,1",ARAQUARI,Ultrapassagem Indevida,Colisão lateral mesmo sentido,Com Vítimas Feridas,Pleno dia,Crescente,Garoa/Chuvisco,Simples,Reta;Interseção de Vias,Sim,2,0,0,1,1,0,1,2,-26.398106,-48.740947,SPRF-SC,DEL03-SC,UOP03-DEL03-SC,2024
"646190,0",2024-12-04,quarta-feira,23:00:00,SC,101,"204,7",SAO JOSE,Objeto estático sobre o leito carroçável,Colisão traseira,Com Vítimas Feridas,Plena Noite,Decrescente,Céu Claro,Múltipla,Reta,Sim,2,0,0,1,1,0,1,2,-27.57413014,-48.61363083,SPRF-SC,DEL01-SC,UOP01-DEL01-SC,2024
"646285,0",2024-12-05,quinta-feira,11:25:00,SC,470,"3,8",ITAJAI,Acessar a via sem observar a presença dos outros veículos,Colisão lateral mesmo sentido,Com Vítimas Feridas,Pleno dia,Decrescente,Nublado,Múltipla,Rotatória;Em Obras,Sim,3,0,1,0,1,1,1,3,-26.861937,-48.681618,SPRF-SC,DEL04-SC,UOP04-DEL04-SC,2024
"646316,0",2024-12-05,quinta-feira,16:05:00,SC,101,"340,0",TUBARAO,Manobra de mudança de faixa,Colisão transversal,Com Vítimas Feridas,Pleno dia,Crescente,Céu Claro,Dupla,Reta,Sim,4,0,1,0,1,2,1,3,-28.51689685,-49.05328345,SPRF-SC,DEL02-SC,UOP01-DEL02-SC,2024
"646348,0",2024-12-05,quinta-feira,16:45:00,SC,282,"583,0",PINHALZINHO,Manobra de mudança de faixa,Colisão lateral mesmo sentido,Com Vítimas Feridas,Pleno dia,Crescente,Céu Claro,Simples,Aclive;Reta,Não,3,0,1,1,1,0,2,2,-26.828905,-53.009552,SPRF-SC,DEL07-SC,UOP02-DEL07-SC,2024
"646377,0",2024-12-05,quinta-feira,21:52:00,SC,101,"67,8",ARAQUARI,Condutor Dormindo,Tombamento,Com Vítimas Feridas,Plena Noite,Decrescente,Garoa/Chuvisco,Dupla,Reta,Não,1,0,1,0,0,0,1,1,-26.48645,-48.73483602,SPRF-SC,DEL03-SC,UOP02-DEL03-SC,2024
"646386,0",2024-12-05,quinta-feira,22:20:00,SC,116,"234,2",CORREIA PINTO,Reação tardia ou ineficiente do condutor,Colisão traseira,Com Vítimas Feridas,Plena Noite,Decrescente,Céu Claro,Simples,Aclive;Reta,Não,6,0,1,0,4,1,1,3,-27.70240496,-50.33486119,SPRF-SC,DEL05-SC,UOP01-DEL05-SC,2024
"646399,0",2024-12-06,sexta-feira,01:50:00,SC,101,"144,0",ITAPEMA,Condutor deixou de manter distância do veículo da frente,Colisão traseira,Sem Vítimas,Plena Noite,Crescente,Nublado,Dupla,Reta,Não,3,0,0,0,2,1,0,3,-27.0732659,-48.59672716,SPRF-SC,DEL04-SC,UOP03-DEL04-SC,2024
"646425,0",2024-12-06,sexta-feira,07:40:00,SC,101,"113,2",ITAJAI,Acessar a via sem observar a presença dos outros veículos,Colisão traseira,Com Vítimas Feridas,Pleno dia,Decrescente,Céu Claro,Múltipla,Reta,Não,3,0,1,0,2,0,1,3,-26.85311393,-48.72689927,SPRF-SC,DEL04-SC,UOP04-DEL04-SC,2024
"646436,0",2024-12-06,sexta-feira,08:05:00,SC,101,"414,0",ARARANGUA,Manobra de mudança de faixa,Colisão lateral mesmo sentido,Com Vítimas Feridas,Pleno dia,Crescente,Nublado,Dupla,Reta,Não,3,0,1,0,1,1,1,3,-28.96038908,-49.52396393,SPRF-SC,DEL02-SC,UOP02-DEL02-SC,2024
"646490,0",2024-12-06,sexta-feira,10:30:00,SC,282,"464,0",PONTE SERRADA,Reação tardia ou ineficiente do condutor,Colisão traseira,Com Vítimas Feridas,Pleno dia,Crescente,Nublado,Dupla,Reta,Sim,3,0,2,0,1,0,2,2,-26.852072,-52.068142,SPRF-SC,DEL07-SC,UOP04-DEL07-SC,2024
"646503,0",2024-12-06,sexta-feira,15:00:00,SC,282,"18,8",PALHOCA,Ausência de reação do condutor,Colisão traseira,Com Vítimas Feridas,Pleno dia,Crescente,Céu Claro,Simples,Reta;Declive;Viaduto,Não,3,0,1,1,1,0,2,2,-27.672798,-48.694286,SPRF-SC,DEL01-SC,UOP02-DEL01-SC,2024
"646511,0",2024-12-06,sexta-feira,13:50:00,SC,282,"600,5",CUNHA PORA,Condutor deixou de manter distância do veículo da frente,Colisão traseira,Com Vítimas Feridas,Pleno dia,Decrescente,Nublado,Simples,Em Obras;Reta;Declive,Não,6,0,3,0,1,2,3,4,-26.81078077,-53.16793799,SPRF-SC,DEL07-SC,UOP02-DEL07-SC,2024
"646522,0",2024-12-06,sexta-feira,15:30:00,SC,101,"36,0",PALHOCA,Reação tardia ou ineficiente do condutor,Colisão traseira,Com Vítimas Feridas,Pleno dia,Decrescente,Céu Claro,Dupla,Túnel;Reta;Aclive,Não,3,0,1,0,1,1,1,3,-27.6427,-48.6695,SPRF-SC,DEL01-SC,UOP02-DEL01-SC,2024
"646545,0",2024-12-06,sexta-feira,15:35:00,SC,101,"40,9",JOINVILLE,Ausência de reação do condutor,Colisão transversal,Com Vítimas Feridas,Pleno dia,Crescente,Nublado,Dupla,Reta,Sim,2,0,1,0,1,0,1,2,-26.27176094,-48.89468382,SPRF-SC,DEL03-SC,UOP01-DEL03-SC,2024
"646550,0",2024-12-06,sexta-feira,18:20:00,SC,101,"191,2",BIGUACU,Ingestão de álcool pelo condutor,Colisão lateral mesmo sentido,Sem Vítimas,Pleno dia,Decrescente,Céu Claro,Dupla,Curva,Sim,2,0,0,0,2,0,0,2,-27.47730273,-48.64127329,SPRF-SC,DEL01-SC,UOP01-DEL01-SC,2024
"646584,0",2024-12-06,sexta-feira,17:15:00,SC,280,"111,0",SAO BENTO DO SUL,Acessar a via sem observar a presença dos outros veículos,Colisão transversal,Com Vítimas Feridas,Pleno dia,Decrescente,Chuva,Simples,Interseção de Vias,Não,3,0,1,0,2,0,1,2,-26.31295828,-49.38837778,SPRF-SC,DEL06-SC,UOP03-DEL06-SC,2024