id,data_inversa,dia_semana,horario,uf,br,km,municipio,causa_acidente,tipo_acidente,classificacao_acidente,fase_dia,sentido_via,condicao_metereologica,tipo_pista,tracado_via,uso_solo,pessoas,mortos,feridos_leves,feridos_graves,ilesos,ignorados,feridos,veiculos,latitude,longitude,regional,delegacia,uop,ano_arquivo
"646602,0",2024-12-06,sexta-feira,20:40:00,SC,116,"281,1",CAPAO ALTO,Chuva,Colisão frontal,Sem Vítimas,Plena Noite,Crescente,Chuva,Simples,Reta,Não,3,0,0,0,2,1,0,3,-28.047439,-50.568375,SPRF-SC,DEL05-SC,UOP02-DEL05-SC,2024
"646609,0",2024-12-06,sexta-feira,17:15:00,SC,470,"276,2",BRUNOPOLIS,Acessar a via sem observar a presença dos outros veículos,Colisão transversal,Com Vítimas Feridas,Pleno dia,Crescente,Céu Claro,Simples,Reta,Sim,3,0,0,1,1,1,1,3,-27.329716,-50.823788,SPRF-SC,DEL07-SC,UOP06-DEL07-SC,2024
"646639,0",2024-12-06,sexta-feira,22:45:00,SC,280,"26,6",ARAQUARI,Transitar na contramão,Colisão frontal,Com Vítimas Feridas,Plena Noite,Crescente,Garoa/Chuvisco,Simples,Reta,Sim,3,0,0,2,1,0,2,2,-26.38972308,-48.73411593,SPRF-SC,DEL03-SC,UOP03-DEL03-SC,2024
"646680,0",2024-12-07,sábado,04:15:00,SC,101,"223,3",PALHOCA,Ausência de reação do condutor,Colisão traseira,Com Vítimas Feridas,Plena Noite,Crescente,Garoa/Chuvisco,Simples,Declive,Não,5,0,1,3,0,1,4,2,-27.71552634,-48.64881251,SPRF-SC,DEL01-SC,UOP02-DEL01-SC,2024
"646730,0",2024-12-07,sábado,00:30:00,SC,282,"593,0",SAUDADES,Velocidade Incompatível,Saída de leito carroçável,Sem Vítimas,Plena Noite,Crescente,Nublado,Simples,Curva;Declive,Não,1,0,0,0,1,0,0,1,-26.826199,-53.10162,SPRF-SC,DEL07-SC,UOP02-DEL07-SC,2024
"646738,0",2024-12-07,sábado,07:30:00,SC,101,"264,3",GAROPABA,Ausência de reação do condutor,Saída de leito carroçável,Sem Vítimas,Pleno dia,Crescente,Chuva,Dupla,Reta,Não,1,0,0,0,1,0,0,1,-28.05149404,-48.71632789,SPRF-SC,DEL02-SC,UOP03-DEL02-SC,2024
"646740,0",2024-12-07,sábado,07:30:00,SC,101,"104,0",PENHA,Reação tardia ou ineficiente do condutor,Colisão lateral mesmo sentido,Sem Vítimas,Pleno dia,Crescente,Chuva,Múltipla,Reta,Não,2,0,0,0,1,1,0,2,-26.79281742,-48.68080819,SPRF-SC,DEL03-SC,UOP02-DEL03-SC,2024
"646744,0",2024-12-07,sábado,08:00:00,SC,282,"515,1",XAXIM,Velocidade Incompatível,Colisão traseira,Com Vítimas Feridas,Pleno dia,Crescente,Chuva,Simples,Reta,Não,4,0,1,1,1,1,2,3,-26.939375,-52.500057,SPRF-SC,DEL07-SC,UOP01-DEL07-SC,2024
"646756,0",2024-12-07,sábado,06:00:00,SC,282,"303,9",VARGEM,Ingestão de álcool pelo condutor,Colisão frontal,Com Vítimas Feridas,Pleno dia,Crescente,Chuva,Simples,Curva,Não,2,0,0,2,0,0,2,2,-27.49983051,-50.92947364,SPRF-SC,DEL07-SC,UOP06-DEL07-SC,2024
"646764,0",2024-12-07,sábado,10:05:00,SC,101,"106,0",PENHA,Condutor deixou de manter distância do veículo da frente,Tombamento,Com Vítimas Feridas,Pleno dia,Crescente,Chuva,Dupla,Reta,Sim,2,0,0,1,0,1,1,2,-26.81031601,-48.68293896,SPRF-SC,DEL03-SC,UOP02-DEL03-SC,2024
"646967,0",2024-12-08,domingo,05:15:00,SC,470,"59,2",BLUMENAU,Velocidade Incompatível,Colisão frontal,Com Vítimas Feridas,Amanhecer,Crescente,Nublado,Simples,Curva,Sim,2,0,0,1,1,0,1,2,-26.882812,-49.1548,SPRF-SC,DEL04-SC,UOP01-DEL04-SC,2024
"647014,0",2024-11-12,terça-feira,21:00:00,SC,282,"6,0",SAO JOSE,Problema com o freio,Colisão lateral mesmo sentido,Com Vítimas Feridas,Plena Noite,Decrescente,Nublado,Dupla,Curva,Sim,3,0,2,0,1,0,2,2,-27.591936,-48.618244,SPRF-SC,DEL01-SC,UOP01-DEL01-SC,2024
"647049,0",2024-12-08,domingo,14:50:00,SC,470,"88,0",ASCURRA,Ausência de reação do condutor,Tombamento,Com Vítimas Feridas,Pleno dia,Crescente,Garoa/Chuvisco,Simples,Rotatória,Sim,3,0,1,1,0,1,2,3,-26.95524976,-49.37332034,SPRF-SC,DEL04-SC,UOP01-DEL04-SC,2024
"647118,0",2024-12-08,domingo,20:15:00,SC,116,"11,8",MAFRA,Ingestão de álcool pelo condutor,Colisão lateral mesmo sentido,Sem Vítimas,Plena Noite,Decrescente,Chuva,Simples,Reta;Aclive,Não,3,0,0,0,2,1,0,3,-26.17627262,-49.8580203,SPRF-SC,DEL06-SC,UOP01-DEL06-SC,2024
"647150,0",2024-12-08,domingo,14:00:00,SC,280,"237,5",CANOINHAS,Velocidade Incompatível,Saída de leito carroçável,Com Vítimas Feridas,Pleno dia,Crescente,Chuva,Simples,Curva;Declive,Não,3,0,1,0,2,0,1,1,-26.19844599,-50.43216601,SPRF-SC,DEL06-SC,UOP04-DEL06-SC,2024
"647170,0",2024-12-09,segunda-feira,01:15:00,SC,101,"440,7",SANTA ROSA DO SUL,Condutor Dormindo,Saída de leito carroçável,Com Vítimas Feridas,Plena Noite,Crescente,Nublado,Múltipla,Reta,Sim,2,0,1,0,0,1,1,2,-29.12845294,-49.68302965,SPRF-SC,DEL02-SC,UOP02-DEL02-SC,2024
"647175,0",2024-12-09,segunda-feira,01:45:00,SC,470,"347,6",CAMPOS NOVOS,Velocidade Incompatível,Saída de leito carroçável,Com Vítimas Feridas,Plena Noite,Crescente,Nublado,Simples,Curva;Declive,Não,2,0,0,1,0,1,1,2,-27.54787606,-51.45121157,SPRF-SC,DEL07-SC,UOP06-DEL07-SC,2024
"647208,0",2024-11-28,quinta-feira,00:25:00,SC,101,"131,0",BALNEARIO CAMBORIU,Condutor deixou de manter distância do veículo da frente,Colisão traseira,Com Vítimas Feridas,Plena Noite,Decrescente,Céu Claro,Dupla,Reta,Sim,4,0,1,1,1,1,2,4,-26.99064209,-48.66310912,SPRF-SC,DEL04-SC,UOP03-DEL04-SC,2024
"647220,0",2024-12-09,segunda-feira,08:30:00,SC,470,"67,6",INDAIAL,Acessar a via sem observar a presença dos outros veículos,Colisão transversal,Com Vítimas Feridas,Pleno dia,Crescente,Chuva,Simples,Interseção de Vias,Sim,2,0,1,0,1,0,1,2,-26.872158,-49.23127,SPRF-SC,DEL04-SC,UOP01-DEL04-SC,2024
"647543,0",2024-12-10,terça-feira,17:38:00,SC,282,"57,0",RANCHO QUEIMADO,Reação tardia ou ineficiente do condutor,Colisão lateral sentido oposto,Com Vítimas Feridas,Pleno dia,Crescente,Chuva,Simples,Curva,Não,3,0,1,0,1,2,1,4,-27.688864,-48.998455,SPRF-SC,DEL01-SC,UOP03-DEL01-SC,2024
"647602,0",2024-12-10,terça-feira,22:20:00,SC,282,"501,3",XANXERE,Mal súbito do condutor,Saída de leito carroçável,Sem Vítimas,Plena Noite,Decrescente,Céu Claro,Dupla,Rotatória,Sim,2,0,0,0,1,1,0,2,-26.88262208,-52.38160014,SPRF-SC,DEL07-SC,UOP01-DEL07-SC,2024
"647618,0",2024-12-11,quarta-feira,01:50:00,SC,101,"151,5",ITAPEMA,Reação tardia ou ineficiente do condutor,Colisão traseira,Com Vítimas Feridas,Plena Noite,Decrescente,Nublado,Dupla,Reta,Sim,2,0,1,0,1,0,1,2,-27.126536,-48.609642,SPRF-SC,DEL04-SC,UOP03-DEL04-SC,2024
"647619,0",2024-12-11,quarta-feira,00:05:00,SC,101,"354,3",SANGAO,Condutor Dormindo,Colisão com objeto,Com Vítimas Feridas,Plena Noite,Decrescente,Chuva,Dupla,Reta;Aclive,Não,6,0,3,0,2,1,3,3,-28.61806302,-49.07013199,SPRF-SC,DEL02-SC,UOP01-DEL02-SC,2024
"647623,0",2024-12-11,quarta-feira,03:15:00,SC,101,"9,9",GARUVA,Condutor Dormindo,Colisão traseira,Com Vítimas Feridas,Plena Noite,Crescente,Nublado,Dupla,Reta,Não,3,0,1,0,1,2,1,4,-26.053987,-48.859608,SPRF-SC,DEL03-SC,UOP01-DEL03-SC,2024
"647732,0",2024-12-11,quarta-feira,13:40:00,SC,101,"86,0",BARRA VELHA,Condutor deixou de manter distância do veículo da frente,Colisão traseira,Com Vítimas Feridas,Pleno dia,Crescente,Sol,Múltipla,Reta,Sim,3,0,2,0,1,0,2,2,-26.63277317,-48.70232513,SPRF-SC,DEL03-SC,UOP02-DEL03-SC,2024
"647948,0",2024-12-12,quinta-feira,13:55:00,SC,101,"26,0",JOINVILLE,Demais falhas mecânicas ou elétricas,Incêndio,Sem Vítimas,Pleno dia,Crescente,Céu Claro,Múltipla,Reta,Sim,2,0,0,0,1,1,0,2,-26.19234802,-48.91210384,SPRF-SC,DEL03-SC,UOP01-DEL03-SC,2024
"647983,0",2024-12-12,quinta-feira,17:00:00,SC,101,"90,0",BARRA VELHA,Trafegar com motocicleta (ou similar) entre as faixas,Colisão lateral mesmo sentido,Com Vítimas Feridas,Pleno dia,Decrescente,Sol,Múltipla,Reta,Não,2,0,1,0,1,0,1,2,-26.66148503,-48.68866176,SPRF-SC,DEL03-SC,UOP02-DEL03-SC,2024
"648020,0",2024-12-12,quinta-feira,18:45:00,SC,101,"50,6",JOINVILLE,Pedestre andava na pista,Atropelamento de Pedestre,Com Vítimas Feridas,Anoitecer,Crescente,Nublado,Dupla,Reta,Não,3,0,0,1,1,1,1,3,-26.37546719,-48.85479619,SPRF-SC,DEL03-SC,UOP01-DEL03-SC,2024
"648028,0",2024-12-12,quinta-feira,19:30:00,SC,101,"344,5",TUBARAO,Demais falhas mecânicas ou elétricas,Incêndio,Sem Vítimas,Plena Noite,Decrescente,Céu Claro,Dupla,Reta,Sim,1,0,0,0,1,0,0,1,-28.53647889,-49.0531826,SPRF-SC,DEL02-SC,UOP01-DEL02-SC,2024
"648113,0",2024-12-13,sexta-feira,06:50:00,SC,280,"90,4",CORUPA,Ausência de reação do condutor,Tombamento,Com Vítimas Fatais,Pleno dia,Decrescente,Céu Claro,Simples,Curva;Declive,Não,2,1,0,1,0,0,1,1,-26.3949901,-49.2944768,SPRF-SC,DEL06-SC,UOP03-DEL06-SC,2024
"648128,0",2024-12-13,sexta-feira,05:27:00,SC,282,"546,5",CHAPECO,Condutor Dormindo,Colisão frontal,Com Vítimas Feridas,Pleno dia,Decrescente,Céu Claro,Simples,Curva,Não,4,0,1,0,1,2,1,4,-26.9785528,-52.737225,SPRF-SC,DEL07-SC,UOP01-DEL07-SC,2024
"648130,0",2024-12-13,sexta-feira,10:30:00,SC,470,"9,9",NAVEGANTES,Manobra de mudança de faixa,Colisão traseira,Com Vítimas Feridas,Pleno dia,Crescente,Céu Claro,Dupla,Reta,Não,3,0,0,1,1,1,1,3,-26.833143,-48.727432,SPRF-SC,DEL04-SC,UOP04-DEL04-SC,2024
"648143,0",2024-12-13,sexta-feira,08:30:00,SC,101,"451,0",SAO JOAO DO SUL,Condutor Dormindo,Colisão traseira,Com Vítimas Feridas,Pleno dia,Crescente,Sol,Dupla,Curva,Não,5,0,2,0,3,0,2,2,-29.17982211,-49.75464372,SPRF-SC,DEL02-SC,UOP02-DEL02-SC,2024
"648192,0",2024-12-13,sexta-feira,16:40:00,SC,280,"24,0",ARAQUARI,Manobra de mudança de faixa,Colisão lateral mesmo sentido,Com Vítimas Feridas,Pleno dia,Crescente,Nublado,Simples,Reta,Sim,4,0,1,0,3,0,1,4,-26.37724921,-48.71953282,SPRF-SC,DEL03-SC,UOP03-DEL03-SC,2024
"648247,0",2024-12-13,sexta-feira,19:30:00,SC,282,"489,2",FAXINAL DOS GUEDES,Ingestão de álcool pelo condutor,Colisão lateral sentido oposto,Sem Vítimas,Plena Noite,Decrescente,Chuva,Simples,Reta,Sim,2,0,0,0,2,0,0,2,-26.870375,-52.274731,SPRF-SC,DEL07-SC,UOP01-DEL07-SC,2024
"648277,0",2024-12-13,sexta-feira,21:15:00,SC,470,"249,1",CURITIBANOS,Transitar na contramão,Colisão frontal,Com Vítimas Feridas,Plena Noite,Crescente,Garoa/Chuvisco,Simples,Curva;Rotatória,Sim,7,0,1,4,1,2,5,4,-27.31231782,-50.57794333,SPRF-SC,DEL05-SC,UOP03-DEL05-SC,2024
"648326,0",2024-12-14,sábado,05:35:00,SC,470,"54,4",BLUMENAU,Desrespeitar a preferência no cruzamento,Colisão transversal,Com Vítimas Feridas,Amanhecer,Decrescente,Chuva,Dupla,Curva;Interseção de Vias,Sim,3,0,1,0,1,1,1,3,-26.87351835,-49.11394536,SPRF-SC,DEL04-SC,UOP01-DEL04-SC,2024
"648396,0",2024-12-14,sábado,08:20:00,SC,282,"508,4",XANXERE,Reação tardia ou ineficiente do condutor,Colisão traseira,Sem Vítimas,Pleno dia,Crescente,Nublado,Simples,Aclive;Reta,Não,3,0,0,0,2,1,0,3,-26.88716747,-52.44868755,SPRF-SC,DEL07-SC,UOP01-DEL07-SC,2024
"648401,0",2024-12-13,sexta-feira,16:30:00,SC,282,"530,8",CORDILHEIRA ALTA,Reação tardia ou ineficiente do condutor,Saída de leito carroçável,Sem Vítimas,Pleno dia,Crescente,Chuva,Simples,Curva;Declive,Não,2,0,0,0,2,0,0,1,-26.98663541,-52.60967966,SPRF-SC,DEL07-SC,UOP01-DEL07-SC,2024
"648402,0",2024-12-14,sábado,11:00:00,SC,282,"78,6",RANCHO QUEIMADO,Reação tardia ou ineficiente do condutor,Colisão frontal,Com Vítimas Feridas,Pleno dia,Decrescente,Chuva,Simples,Reta,Não,3,0,1,0,1,1,1,3,-27.675831,-49.148048,SPRF-SC,DEL01-SC,UOP03-DEL01-SC,2024
"648464,0",2024-12-14,sábado,16:05:00,SC,101,"450,5",SAO JOAO DO SUL,Suicídio (presumido),Atropelamento de Pedestre,Com Vítimas Feridas,Pleno dia,Decrescente,Nublado,Dupla,Reta,Não,3,0,0,1,1,1,1,3,-29.17229091,-49.74904711,SPRF-SC,DEL02-SC,UOP02-DEL02-SC,2024
"648598,0",2024-12-15,domingo,01:00:00,SC,101,"140,0",BALNEARIO CAMBORIU,Reação tardia ou ineficiente do condutor,Colisão traseira,Com Vítimas Feridas,Plena Noite,Crescente,Nublado,Dupla,Aclive,Não,2,0,1,0,1,0,1,2,-27.03881189,-48.60025148,SPRF-SC,DEL04-SC,UOP03-DEL04-SC,2024
"648607,0",2024-12-15,domingo,04:05:00,SC,101,"37,0",JOINVILLE,Suicídio (presumido),Atropelamento de Pedestre,Com Vítimas Feridas,Amanhecer,Crescente,Nublado,Dupla,Reta,Não,2,0,0,1,1,0,1,2,-26.25050176,-48.90863867,SPRF-SC,DEL03-SC,UOP01-DEL03-SC,2024
"648762,0",2024-12-15,domingo,17:40:00,SC,116,"211,4",PONTE ALTA,Reação tardia ou ineficiente do condutor,Colisão com objeto,Com Vítimas Feridas,Pleno dia,Decrescente,Céu Claro,Simples,Declive;Curva,Não,5,0,3,0,1,1,3,3,-27.51040007,-50.36397936,SPRF-SC,DEL05-SC,UOP03-DEL05-SC,2024
"648891,0",2024-12-16,segunda-feira,07:50:00,SC,282,"22,0",SANTO AMARO DA IMPERATRIZ,Desrespeitar a preferência no cruzamento,Colisão transversal,Com Vítimas Feridas,Pleno dia,Decrescente,Céu Claro,Simples,Ponte;Interseção de Vias,Sim,2,0,2,0,0,0,2,2,-27.688507,-48.72739,SPRF-SC,DEL01-SC,UOP02-DEL01-SC,2024
"648893,0",2024-11-22,sexta-feira,20:20:00,SC,101,"376,0",ICARA,Manobra de mudança de faixa,Colisão lateral mesmo sentido,Com Vítimas Feridas,Plena Noite,Decrescente,Garoa/Chuvisco,Dupla,Reta,Sim,6,0,0,1,4,1,1,3,-28.72736111,-49.24066084,SPRF-SC,DEL02-SC,UOP01-DEL02-SC,2024
"648911,0",2024-12-16,segunda-feira,07:13:00,SC,116,"260,6",CAPAO ALTO,Transitar na contramão,Colisão frontal,Com Vítimas Fatais,Pleno dia,Crescente,Céu Claro,Simples,Reta,Não,2,1,0,0,1,0,0,2,-27.9074474,-50.443321,SPRF-SC,DEL05-SC,UOP02-DEL05-SC,2024
"648932,0",2024-12-16,segunda-feira,07:50:00,SC,470,"189,0",POUSO REDONDO,Condutor Dormindo,Saída de leito carroçável,Com Vítimas Feridas,Pleno dia,Decrescente,Céu Claro,Simples,Curva,Não,2,0,1,0,0,1,1,2,-27.28306167,-50.07051973,SPRF-SC,DEL04-SC,UOP02-DEL04-SC,2024
"648939,0",2024-12-16,segunda-feira,12:30:00,SC,470,"3,0",NAVEGANTES,Reação tardia ou ineficiente do condutor,Colisão lateral mesmo sentido,Com Vítimas Feridas,Pleno dia,Crescente,Céu Claro,Simples,Reta,Não,2,0,0,1,0,1,1,2,-26.861937,-48.681618,SPRF-SC,DEL04-SC,UOP04-DEL04-SC,2024
"648954,0",2024-12-16,segunda-feira,14:00:00,SC,470,"45,1",GASPAR,Acessar a via sem observar a presença dos outros veículos,Colisão lateral mesmo sentido,Com Vítimas Feridas,Pleno dia,Crescente,Céu Claro,Simples,Reta,Não,5,0,0,1,3,2,1,6,-26.867064,-49.031109,SPRF-SC,DEL04-SC,UOP01-DEL04-SC,2024
"648980,0",2024-12-16,segunda-feira,15:30:00,SC,101,"206,4",SAO JOSE,Condutor deixou de manter distância do veículo da frente,Engavetamento,Sem Vítimas,Pleno dia,Decrescente,Chuva,Simples,Reta,Sim,3,0,0,0,3,0,0,3,-27.59193546,-48.61824557,SPRF-SC,DEL01-SC,UOP01-DEL01-SC,2024
"649009,0",2024-12-16,segunda-feira,11:14:00,SC,116,"108,0",MONTE CASTELO,Demais falhas mecânicas ou elétricas,Colisão traseira,Com Vítimas Feridas,Pleno dia,Decrescente,Sol,Simples,Em Obras;Declive;Curva,Não,2,0,1,0,1,0,1,2,-26.7520839,-50.33425198,SPRF-SC,DEL06-SC,UOP02-DEL06-SC,2024
"649017,0",2024-12-16,segunda-feira,18:50:00,SC,470,"5,0",NAVEGANTES,Condutor deixou de manter distância do veículo da frente,Colisão lateral mesmo sentido,Sem Vítimas,Anoitecer,Decrescente,Céu Claro,Simples,Em Obras;Retorno Regulamentado;Curva;Rotatória,Sim,3,0,0,0,1,3,0,4,-26.855688,-48.700333,SPRF-SC,DEL04-SC,UOP04-DEL04-SC,2024
"649050,0",2024-12-16,segunda-feira,23:13:00,SC,280,"21,1",ARAQUARI,Ultrapassagem Indevida,Colisão frontal,Com Vítimas Fatais,Plena Noite,Decrescente,Nublado,Simples,Reta,Não,5,3,0,0,1,2,0,4,-26.3705313,-48.6933128,SPRF-SC,DEL03-SC,UOP03-DEL03-SC,2024
"649070,0",2024-12-17,terça-feira,05:10:00,SC,101,"36,0",JOINVILLE,Condutor Dormindo,Colisão com objeto,Com Vítimas Feridas,Amanhecer,Decrescente,Céu Claro,Dupla,Reta,Não,3,0,2,0,0,1,2,2,-26.24573198,-48.9101069,SPRF-SC,DEL03-SC,UOP01-DEL03-SC,2024
"649078,0",2024-12-17,terça-feira,05:20:00,SC,101,"37,0",JOINVILLE,Manobra de mudança de faixa,Colisão com objeto,Sem Vítimas,Pleno dia,Decrescente,Céu Claro,Dupla,Reta,Sim,2,0,0,0,2,0,0,2,-26.25050176,-48.90863867,SPRF-SC,DEL03-SC,UOP01-DEL03-SC,2024
"649106,0",2024-12-17,terça-feira,07:16:00,SC,470,"89,0",ASCURRA,Condutor usando celular,Colisão transversal,Com Vítimas Feridas,Pleno dia,Decrescente,Céu Claro,Simples,Reta,Sim,5,0,1,1,2,1,2,4,-26.961573,-49.371918,SPRF-SC,DEL04-SC,UOP01-DEL04-SC,2024
"649107,0",2024-12-13,sexta-feira,21:00:00,SC,280,"128,0",RIO NEGRINHO,Conversão proibida,Colisão transversal,Com Vítimas Feridas,Plena Noite,Decrescente,Garoa/Chuvisco,Simples,Interseção de Vias;Reta,Não,2,0,1,0,1,0,1,2,-26.24317941,-49.51320018,SPRF-SC,DEL06-SC,UOP03-DEL06-SC,2024
"649126,0",2024-12-17,terça-feira,09:40:00,SC,101,"28,0",JOINVILLE,Trafegar com motocicleta (ou similar) entre as faixas,Colisão traseira,Com Vítimas Feridas,Pleno dia,Crescente,Nublado,Múltipla,Reta,Não,4,0,1,0,2,1,1,4,-26.21472578,-48.9160037,SPRF-SC,DEL03-SC,UOP01-DEL03-SC,2024
"649155,0",2024-12-17,terça-feira,13:00:00,SC,101,"122,4",ITAJAI,Trafegar com motocicleta (ou similar) entre as faixas,Colisão lateral mesmo sentido,Com Vítimas Feridas,Pleno dia,Decrescente,Sol,Dupla,Reta,Sim,2,0,0,1,0,1,1,2,-26.92955916,-48.70499836,SPRF-SC,DEL04-SC,UOP04-DEL04-SC,2024
"649182,0",2024-12-17,terça-feira,14:30:00,SC,282,"16,5",PALHOCA,Demais Fenômenos da natureza,Derramamento de carga,Com Vítimas Feridas,Pleno dia,Decrescente,Céu Claro,Simples,Reta,Sim,2,0,0,1,1,0,1,2,-27.658611,-48.681847,SPRF-SC,DEL01-SC,UOP02-DEL01-SC,2024
"649230,0",2024-12-17,terça-feira,18:00:00,SC,101,"213,5",PALHOCA,Manobra de mudança de faixa,Colisão transversal,Com Vítimas Feridas,Pleno dia,Decrescente,Céu Claro,Múltipla,Reta,Sim,3,0,1,0,1,1,1,3,-27.63697369,-48.66514142,SPRF-SC,DEL01-SC,UOP02-DEL01-SC,2024
"649251,0",2024-12-17,terça-feira,18:50:00,SC,282,"598,9",CUNHA PORA,Reação tardia ou ineficiente do condutor,Colisão lateral sentido oposto,Com Vítimas Feridas,Anoitecer,Crescente,Nublado,Simples,Reta;Aclive,Não,5,0,2,0,2,1,2,4,-26.82111047,-53.15393686,SPRF-SC,DEL07-SC,UOP02-DEL07-SC,2024
"649323,0",2024-12-18,quarta-feira,08:50:00,SC,101,"118,0",ITAJAI,Reação tardia ou ineficiente do condutor,Colisão traseira,Com Vítimas Feridas,Pleno dia,Crescente,Céu Claro,Múltipla,Reta,Sim,4,0,0,1,2,1,1,3,-26.895859,-48.71903,SPRF-SC,DEL04-SC,UOP04-DEL04-SC,2024
"649328,0",2024-12-18,quarta-feira,04:30:00,SC,470,"356,0",CAMPOS NOVOS,Velocidade Incompatível,Tombamento,Com Vítimas Feridas,Amanhecer,Decrescente,Céu Claro,Simples,Reta,Não,1,0,1,0,0,0,1,1,-27.596577,-51.473782,SPRF-SC,DEL07-SC,UOP06-DEL07-SC,2024
"649332,0",2024-12-18,quarta-feira,06:50:00,SC,282,"153,0",BOM RETIRO,Ausência de reação do condutor,Saída de leito carroçável,Com Vítimas Fatais,Pleno dia,Crescente,Nublado,Simples,Reta;Declive,Não,2,1,1,0,0,0,1,1,-27.755646,-49.6893314,SPRF-SC,DEL05-SC,UOP01-DEL05-SC,2024
"649359,0",2024-12-18,quarta-feira,12:10:00,SC,101,"192,3",BIGUACU,Manobra de mudança de faixa,Colisão lateral mesmo sentido,Com Vítimas Feridas,Pleno dia,Decrescente,Céu Claro,Múltipla,Aclive;Reta,Sim,3,0,1,0,1,1,1,3,-27.48443781,-48.64765238,SPRF-SC,DEL01-SC,UOP01-DEL01-SC,2024
"649365,0",2024-12-18,quarta-feira,10:10:00,SC,282,"415,0",CATANDUVAS,Transitar na contramão,Colisão frontal,Com Vítimas Feridas,Pleno dia,Decrescente,Céu Claro,Simples,Curva;Declive,Não,4,0,1,0,2,1,1,3,-27.04487,-51.707005,SPRF-SC,DEL07-SC,UOP05-DEL07-SC,2024
"649432,0",2024-12-18,quarta-feira,17:30:00,SC,470,"3,0",NAVEGANTES,Ausência de reação do condutor,Colisão traseira,Com Vítimas Feridas,Anoitecer,Decrescente,Nublado,Dupla,Reta;Em Obras,Não,2,0,1,0,1,0,1,2,-26.861937,-48.681618,SPRF-SC,DEL04-SC,UOP04-DEL04-SC,2024
"649440,0",2024-12-18,quarta-feira,18:10:00,SC,101,"113,0",ITAJAI,Transitar no Acostamento,Colisão lateral mesmo sentido,Sem Vítimas,Anoitecer,Crescente,Nublado,Simples,Reta,Sim,3,0,0,0,2,1,0,3,-26.85311393,-48.72689927,SPRF-SC,DEL04-SC,UOP04-DEL04-SC,2024
"649445,0",2024-12-18,quarta-feira,19:55:00,SC,280,"25,0",ARAQUARI,Condutor deixou de manter distância do veículo da frente,Engavetamento,Com Vítimas Feridas,Plena Noite,Crescente,Nublado,Simples,Reta,Não,4,0,2,0,2,0,2,3,-26.38352781,-48.72677516,SPRF-SC,DEL03-SC,UOP03-DEL03-SC,2024
"649489,0",2024-12-19,quinta-feira,04:01:00,SC,101,"119,0",ITAJAI,Pedestre - Ingestão de álcool/ substâncias psicoativas,Eventos atípicos,Com Vítimas Feridas,Plena Noite,Crescente,Céu Claro,Múltipla,Reta,Não,2,0,1,0,0,1,1,2,-26.9043179,-48.71555481,SPRF-SC,DEL04-SC,UOP04-DEL04-SC,2024
"649513,0",2024-12-19,quinta-feira,06:00:00,SC,153,"81,9",IRANI,Ultrapassagem Indevida,Colisão frontal,Com Vítimas Fatais,Amanhecer,Decrescente,Céu Claro,Simples,Reta,Não,4,1,0,0,1,2,0,4,-27.1268306,-51.9191446,SPRF-SC,DEL07-SC,UOP04-DEL07-SC,2024
"649533,0",2024-12-19,quinta-feira,08:00:00,SC,282,"389,6",JOACABA,Ausência de reação do condutor,Colisão traseira,Com Vítimas Feridas,Pleno dia,Decrescente,Céu Claro,Simples,Reta,Não,6,0,2,0,4,0,2,2,-27.178604,-51.541367,SPRF-SC,DEL07-SC,UOP05-DEL07-SC,2024
"649600,0",2024-12-19,quinta-feira,13:30:00,SC,101,"111,0",NAVEGANTES,Ausência de reação do condutor,Colisão lateral mesmo sentido,Sem Vítimas,Pleno dia,Crescente,Sol,Dupla,Interseção de Vias,Não,2,0,0,0,2,0,0,2,-26.83955734,-48.71418074,SPRF-SC,DEL04-SC,UOP04-DEL04-SC,2024
"649657,0",2024-12-19,quinta-feira,16:00:00,SC,282,"396,0",JOACABA,Acumulo de água sobre o pavimento,Colisão lateral sentido oposto,Com Vítimas Feridas,Pleno dia,Crescente,Chuva,Simples,Reta,Não,4,0,1,0,2,1,1,3,-27.155375,-51.601593,SPRF-SC,DEL07-SC,UOP05-DEL07-SC,2024
"649733,0",2024-12-19,quinta-feira,23:50:00,SC,282,"129,1",BOM RETIRO,Transitar na contramão,Colisão frontal,Com Vítimas Fatais,Plena Noite,Crescente,Garoa/Chuvisco,Simples,Aclive;Curva,Não,2,1,0,0,1,0,0,2,-27.79969745,-49.49804306,SPRF-SC,DEL05-SC,UOP01-DEL05-SC,2024
"649775,0",2024-12-20,sexta-feira,09:10:00,SC,470,"68,0",INDAIAL,Acessar a via sem observar a presença dos outros veículos,Colisão transversal,Com Vítimas Feridas,Pleno dia,Crescente,Céu Claro,Dupla,Reta,Sim,4,0,2,0,2,0,2,2,-26.8781435,-49.24031496,SPRF-SC,DEL04-SC,UOP01-DEL04-SC,2024
"649835,0",2024-12-20,sexta-feira,13:45:00,SC,282,"2,5",FLORIANOPOLIS,Condutor deixou de manter distância do veículo da frente,Colisão traseira,Com Vítimas Feridas,Pleno dia,Crescente,Céu Claro,Múltipla,Reta,Sim,3,0,1,0,2,0,1,2,-27.603289,-48.590416,SPRF-SC,DEL01-SC,UOP01-DEL01-SC,2024
"649892,0",2024-12-20,sexta-feira,16:50:00,SC,101,"113,0",ITAJAI,Ausência de reação do condutor,Colisão traseira,Com Vítimas Feridas,Pleno dia,Decrescente,Céu Claro,Dupla,Reta,Não,4,0,1,0,3,0,1,4,-26.85311393,-48.72689927,SPRF-SC,DEL04-SC,UOP04-DEL04-SC,2024