id,data_inversa,dia_semana,horario,uf,br,km,municipio,causa_acidente,tipo_acidente,classificacao_acidente,fase_dia,sentido_via,condicao_metereologica,tipo_pista,tracado_via,uso_solo,pessoas,mortos,feridos_leves,feridos_graves,ilesos,ignorados,feridos,veiculos,latitude,longitude,regional,delegacia,uop,ano_arquivo
"649896,0",2024-12-20,sexta-feira,11:00:00,SC,470,"259,1",CURITIBANOS,Demais falhas na via,Saída de leito carroçável,Com Vítimas Feridas,Pleno dia,Decrescente,Céu Claro,Simples,Curva,Não,2,0,1,0,0,1,1,2,-27.303122,-50.661118,SPRF-SC,DEL05-SC,UOP03-DEL05-SC,2024
"650055,0",2024-12-21,sábado,05:50:00,SC,116,"172,0",PONTE ALTA DO NORTE,Ausência de reação do condutor,Colisão com objeto,Sem Vítimas,Pleno dia,Crescente,Nevoeiro/Neblina,Simples,Reta,Não,3,0,0,0,2,1,0,3,-27.21243998,-50.4652468,SPRF-SC,DEL05-SC,UOP03-DEL05-SC,2024
"650149,0",2024-10-22,terça-feira,15:02:00,SC,282,"35,1",AGUAS MORNAS,Transitar na contramão,Colisão frontal,Com Vítimas Fatais,Pleno dia,Crescente,Céu Claro,Simples,Declive;Curva,Não,2,1,1,0,0,0,1,2,-27.7011771,-48.8286376,SPRF-SC,DEL01-SC,UOP03-DEL01-SC,2024
"650155,0",2024-12-21,sábado,08:00:00,SC,116,"140,0",SANTA CECILIA,Conversão proibida,Colisão transversal,Com Vítimas Feridas,Pleno dia,Crescente,Céu Claro,Simples,Reta;Declive;Interseção de Vias,Sim,4,0,1,0,2,1,1,3,-26.96625517,-50.40928315,SPRF-SC,DEL06-SC,UOP02-DEL06-SC,2024
"650169,0",2024-12-21,sábado,12:10:00,SC,101,"208,6",SAO JOSE,Reação tardia ou ineficiente do condutor,Engavetamento,Com Vítimas Feridas,Pleno dia,Decrescente,Céu Claro,Múltipla,Reta,Sim,4,0,1,0,3,0,1,4,-27.60327979,-48.63201818,SPRF-SC,DEL01-SC,UOP01-DEL01-SC,2024
"650189,0",2024-12-21,sábado,10:20:00,SC,280,"220,5",TRES BARRAS,Transitar na contramão,Colisão frontal,Com Vítimas Feridas,Pleno dia,Decrescente,Céu Claro,Simples,Reta;Declive,Não,5,0,3,0,1,1,3,3,-26.17118856,-50.26466388,SPRF-SC,DEL06-SC,UOP04-DEL06-SC,2024
"650232,0",2024-12-21,sábado,15:00:00,SC,101,"317,8",LAGUNA,Condutor Dormindo,Colisão lateral mesmo sentido,Sem Vítimas,Pleno dia,Crescente,Céu Claro,Dupla,Curva,Não,3,0,0,0,2,1,0,2,-28.42708421,-48.85211624,SPRF-SC,DEL02-SC,UOP01-DEL02-SC,2024
"650510,0",2024-12-22,domingo,13:00:00,SC,280,"10,6",SAO FRANCISCO DO SUL,Mal súbito do condutor,Saída de leito carroçável,Com Vítimas Feridas,Pleno dia,Decrescente,Chuva,Simples,Curva,Não,2,0,1,0,0,1,1,2,-26.304752,-48.641014,SPRF-SC,DEL03-SC,UOP03-DEL03-SC,2024
"650598,0",2024-12-22,domingo,19:02:00,SC,470,"133,6",RIO DO SUL,Manobra de mudança de faixa,Colisão frontal,Com Vítimas Fatais,Anoitecer,Decrescente,Céu Claro,Simples,Declive;Interseção de Vias;Reta,Não,3,1,0,0,1,1,0,3,-27.174187,-49.588497,SPRF-SC,DEL04-SC,UOP02-DEL04-SC,2024
"650604,0",2024-12-22,domingo,14:20:00,SC,101,"141,0",BALNEARIO CAMBORIU,Manobra de mudança de faixa,Colisão lateral mesmo sentido,Com Vítimas Feridas,Pleno dia,Decrescente,Céu Claro,Dupla,Túnel;Reta,Não,3,0,1,0,1,1,1,3,-27.04761729,-48.59995855,SPRF-SC,DEL04-SC,UOP03-DEL04-SC,2024
"650698,0",2024-12-22,domingo,21:55:00,SC,470,"172,0",POUSO REDONDO,Transitar na contramão,Colisão transversal,Com Vítimas Feridas,Plena Noite,Decrescente,Garoa/Chuvisco,Dupla,Interseção de Vias;Rotatória,Sim,6,0,1,1,4,0,2,3,-27.257526,-49.909592,SPRF-SC,DEL04-SC,UOP02-DEL04-SC,2024
"650740,0",2024-10-15,terça-feira,19:15:00,SC,116,"43,0",ITAIOPOLIS,Demais falhas mecânicas ou elétricas,Colisão com objeto,Com Vítimas Fatais,Plena Noite,Crescente,Nublado,Simples,Reta,Não,9,1,1,1,5,1,2,3,-26.33676966,-50.08224597,SPRF-SC,DEL06-SC,UOP01-DEL06-SC,2024
"650744,0",2024-12-23,segunda-feira,10:30:00,SC,470,"45,3",GASPAR,Acessar a via sem observar a presença dos outros veículos,Colisão traseira,Com Vítimas Feridas,Pleno dia,Crescente,Nublado,Simples,Reta;Em Obras,Não,4,0,1,0,2,1,1,4,-26.867064,-49.031109,SPRF-SC,DEL04-SC,UOP01-DEL04-SC,2024
"650850,0",2024-12-20,sexta-feira,06:50:00,SC,101,"353,0",JAGUARUNA,Acessar a via sem observar a presença dos outros veículos,Colisão lateral mesmo sentido,Com Vítimas Feridas,Pleno dia,Crescente,Céu Claro,Dupla,Reta;Aclive,Sim,3,0,0,1,1,1,1,3,-28.61232036,-49.06197674,SPRF-SC,DEL02-SC,UOP01-DEL02-SC,2024
"650923,0",2024-12-24,terça-feira,02:00:00,SC,282,"203,7",LAGES,Transitar na contramão,Colisão frontal,Com Vítimas Fatais,Plena Noite,Crescente,Garoa/Chuvisco,Simples,Declive;Reta,Não,3,1,0,0,1,1,0,3,-27.7682972,-50.1700339,SPRF-SC,DEL05-SC,UOP01-DEL05-SC,2024
"650944,0",2024-12-24,terça-feira,05:45:00,SC,282,"68,4",RANCHO QUEIMADO,Reação tardia ou ineficiente do condutor,Tombamento,Com Vítimas Fatais,Pleno dia,Decrescente,Chuva,Simples,Curva;Declive,Não,1,1,0,0,0,0,0,1,-27.6934391,-49.0806728,SPRF-SC,DEL01-SC,UOP03-DEL01-SC,2024
"651031,0",2024-12-24,terça-feira,11:50:00,SC,101,"123,0",ITAJAI,Desrespeitar a preferência no cruzamento,Colisão transversal,Com Vítimas Feridas,Pleno dia,Crescente,Garoa/Chuvisco,Simples,Rotatória,Não,2,0,1,0,1,0,1,2,-26.93668609,-48.69876905,SPRF-SC,DEL04-SC,UOP04-DEL04-SC,2024
"651067,0",2024-11-02,sábado,08:55:00,SC,153,"87,5",CONCORDIA,Velocidade Incompatível,Tombamento,Com Vítimas Feridas,Pleno dia,Decrescente,Garoa/Chuvisco,Simples,Declive;Curva,Não,4,0,3,0,0,1,3,2,-27.157175,-51.914791,SPRF-SC,DEL07-SC,UOP04-DEL07-SC,2024
"651277,0",2024-12-25,quarta-feira,17:45:00,SC,282,"602,0",MARAVILHA,Ingestão de álcool pelo condutor,Colisão traseira,Sem Vítimas,Pleno dia,Crescente,Sol,Simples,Reta;Interseção de Vias;Em Obras,Não,2,0,0,0,2,0,0,2,-26.806049,-53.178757,SPRF-SC,DEL07-SC,UOP02-DEL07-SC,2024
"651383,0",2024-12-26,quinta-feira,09:20:00,SC,282,"456,0",PONTE SERRADA,Condutor usando celular,Saída de leito carroçável,Com Vítimas Feridas,Pleno dia,Crescente,Céu Claro,Dupla,Reta,Não,2,0,1,0,0,1,1,2,-26.885752,-52.004669,SPRF-SC,DEL07-SC,UOP04-DEL07-SC,2024
"651412,0",2024-12-26,quinta-feira,12:15:00,SC,101,"80,1",BARRA VELHA,Acessar a via sem observar a presença dos outros veículos,Colisão lateral mesmo sentido,Com Vítimas Feridas,Pleno dia,Decrescente,Céu Claro,Múltipla,Reta,Não,3,0,1,2,0,0,3,2,-26.58559601,-48.72192112,SPRF-SC,DEL03-SC,UOP02-DEL03-SC,2024
"651431,0",2024-12-26,quinta-feira,11:50:00,SC,101,"144,5",ITAPEMA,Reação tardia ou ineficiente do condutor,Colisão lateral mesmo sentido,Com Vítimas Fatais,Pleno dia,Decrescente,Nublado,Dupla,Reta,Não,3,1,0,0,1,1,0,3,-27.0774056,-48.598867,SPRF-SC,DEL04-SC,UOP03-DEL04-SC,2024
"651516,0",2024-12-26,quinta-feira,18:55:00,SC,101,"191,6",BIGUACU,Suicídio (presumido),Atropelamento de Pedestre,Com Vítimas Fatais,Pleno dia,Decrescente,Nublado,Dupla,Reta,Não,4,1,0,0,1,2,0,3,-27.48232525,-48.64618957,SPRF-SC,DEL01-SC,UOP01-DEL01-SC,2024
"651659,0",2024-12-27,sexta-feira,08:00:00,SC,282,"425,0",VARGEM BONITA,Reação tardia ou ineficiente do condutor,Saída de leito carroçável,Com Vítimas Feridas,Pleno dia,Crescente,Céu Claro,Simples,Declive;Reta,Não,2,0,1,0,0,1,1,2,-26.980412,-51.756256,SPRF-SC,DEL07-SC,UOP05-DEL07-SC,2024
"651696,0",2024-12-27,sexta-feira,10:15:00,SC,116,"105,7",MONTE CASTELO,Reação tardia ou ineficiente do condutor,Tombamento,Com Vítimas Feridas,Pleno dia,Decrescente,Céu Claro,Simples,Curva;Declive,Não,2,0,1,0,0,1,1,2,-26.75095005,-50.31749478,SPRF-SC,DEL06-SC,UOP02-DEL06-SC,2024
"651699,0",2024-12-27,sexta-feira,11:06:00,SC,280,"34,0",ARAQUARI,Velocidade Incompatível,Colisão traseira,Com Vítimas Feridas,Pleno dia,Crescente,Sol,Simples,Reta,Sim,3,0,1,0,1,1,1,2,-26.42993971,-48.79615614,SPRF-SC,DEL03-SC,UOP03-DEL03-SC,2024
"651767,0",2024-12-27,sexta-feira,22:35:00,SC,470,"116,0",IBIRAMA,Ausência de reação do condutor,Tombamento,Com Vítimas Feridas,Plena Noite,Decrescente,Nublado,Simples,Curva,Não,2,0,1,0,0,1,1,2,-27.08196354,-49.50082671,SPRF-SC,DEL04-SC,UOP02-DEL04-SC,2024
"651778,0",2024-12-27,sexta-feira,08:40:00,SC,101,"248,0",PAULO LOPES,Demais falhas mecânicas ou elétricas,Colisão com objeto,Com Vítimas Feridas,Pleno dia,Decrescente,Céu Claro,Dupla,Reta,Não,2,0,1,0,0,1,1,2,-27.92619305,-48.65828191,SPRF-SC,DEL02-SC,UOP03-DEL02-SC,2024
"651831,0",2024-12-28,sábado,08:05:00,SC,116,"296,3",CAPAO ALTO,Condutor deixou de manter distância do veículo da frente,Colisão traseira,Com Vítimas Feridas,Pleno dia,Crescente,Sol,Simples,Curva,Não,5,0,0,2,2,1,2,3,-28.14874485,-50.66210712,SPRF-SC,DEL05-SC,UOP02-DEL05-SC,2024
"651954,0",2024-12-28,sábado,19:15:00,SC,101,"93,3",BARRA VELHA,Condutor deixou de manter distância do veículo da frente,Colisão traseira,Com Vítimas Feridas,Plena Noite,Decrescente,Nublado,Dupla,Reta,Não,3,0,1,0,1,1,1,3,-26.68835912,-48.69585872,SPRF-SC,DEL03-SC,UOP02-DEL03-SC,2024
"651983,0",2024-12-29,domingo,02:10:00,SC,282,"48,0",AGUAS MORNAS,Reação tardia ou ineficiente do condutor,Tombamento,Com Vítimas Feridas,Plena Noite,Decrescente,Céu Claro,Simples,Curva;Declive,Não,2,0,1,0,1,0,1,1,-27.714352,-48.938072,SPRF-SC,DEL01-SC,UOP03-DEL01-SC,2024
"652037,0",2024-12-29,domingo,14:00:00,SC,101,"129,0",BALNEARIO CAMBORIU,Suicídio (presumido),Atropelamento de Pedestre,Com Vítimas Feridas,Pleno dia,Crescente,Céu Claro,Dupla,Reta,Sim,2,0,0,1,1,0,1,2,-26.98064277,-48.6790679,SPRF-SC,DEL04-SC,UOP03-DEL04-SC,2024
"652068,0",2024-12-29,domingo,17:30:00,SC,282,"54,4",AGUAS MORNAS,Velocidade Incompatível,Colisão frontal,Com Vítimas Fatais,Anoitecer,Crescente,Chuva,Simples,Aclive;Curva,Não,7,1,0,3,2,1,3,3,-27.6878609,-48.9779582,SPRF-SC,DEL01-SC,UOP03-DEL01-SC,2024
"652075,0",2024-12-29,domingo,16:45:00,SC,101,"294,5",IMBITUBA,Manobra de mudança de faixa,Colisão lateral mesmo sentido,Sem Vítimas,Pleno dia,Decrescente,Céu Claro,Múltipla,Reta,Sim,2,0,0,0,2,0,0,2,-28.29220304,-48.71018095,SPRF-SC,DEL02-SC,UOP03-DEL02-SC,2024
"652079,0",2024-11-05,terça-feira,14:50:00,SC,470,"343,8",CAMPOS NOVOS,Reação tardia ou ineficiente do condutor,Colisão transversal,Com Vítimas Feridas,Pleno dia,Decrescente,Céu Claro,Simples,Reta,Não,6,0,4,0,1,2,4,4,-27.533686,-51.399784,SPRF-SC,DEL07-SC,UOP06-DEL07-SC,2024
"652152,0",2024-12-30,segunda-feira,05:50:00,SC,101,"190,6",BIGUACU,Reação tardia ou ineficiente do condutor,Colisão traseira,Com Vítimas Feridas,Pleno dia,Decrescente,Céu Claro,Dupla,Reta,Sim,3,0,1,0,2,0,1,2,-27.468056,-48.641712,SPRF-SC,DEL01-SC,UOP01-DEL01-SC,2024
"652272,0",2024-12-30,segunda-feira,18:15:00,SC,101,"115,0",ITAJAI,Condutor deixou de manter distância do veículo da frente,Colisão lateral mesmo sentido,Com Vítimas Feridas,Anoitecer,Decrescente,Nublado,Dupla,Reta,Não,5,0,0,2,3,0,2,3,-26.87064015,-48.72954134,SPRF-SC,DEL04-SC,UOP04-DEL04-SC,2024
"652288,0",2024-12-30,segunda-feira,19:50:00,SC,153,"65,0",IRANI,Ausência de reação do condutor,Colisão frontal,Com Vítimas Fatais,Plena Noite,Crescente,Céu Claro,Simples,Reta,Sim,3,1,0,0,1,1,0,3,-27.018436,-51.883396,SPRF-SC,DEL07-SC,UOP04-DEL07-SC,2024
"652426,0",2024-12-31,terça-feira,17:20:00,SC,282,"548,5",CHAPECO,Reação tardia ou ineficiente do condutor,Colisão traseira,Com Vítimas Feridas,Pleno dia,Crescente,Céu Claro,Simples,Reta,Sim,2,0,0,1,1,0,1,2,-26.968346,-52.753883,SPRF-SC,DEL07-SC,UOP01-DEL07-SC,2024
"652442,0",2024-12-31,terça-feira,16:50:00,SC,280,"1,5",SAO FRANCISCO DO SUL,Ingestão de álcool pelo condutor,Colisão traseira,Com Vítimas Feridas,Pleno dia,Decrescente,Céu Claro,Simples,Curva,Não,4,0,1,0,2,1,1,3,-26.23420008,-48.62285972,SPRF-SC,DEL03-SC,UOP03-DEL03-SC,2024
"652619,0",2024-12-05,quinta-feira,05:45:00,SC,470,"167,6",POUSO REDONDO,Condutor deixou de manter distância do veículo da frente,Colisão lateral mesmo sentido,Com Vítimas Feridas,Amanhecer,Crescente,Céu Claro,Simples,Reta;Declive,Não,4,0,1,1,1,2,2,5,-27.269835,-49.863087,SPRF-SC,DEL04-SC,UOP02-DEL04-SC,2024
"652708,0",2024-09-29,domingo,20:42:00,SC,101,"284,8",IMBITUBA,Manobra de mudança de faixa,Tombamento,Com Vítimas Feridas,Plena Noite,Decrescente,Céu Claro,Dupla,Reta,Não,2,0,1,0,0,1,1,2,-28.23718821,-48.70051503,SPRF-SC,DEL02-SC,UOP03-DEL02-SC,2024
"653482,0",2024-12-21,sábado,17:00:00,SC,101,"40,0",JOINVILLE,Demais falhas mecânicas ou elétricas,Colisão traseira,Com Vítimas Feridas,Pleno dia,Decrescente,Nublado,Dupla,Aclive,Não,5,0,3,0,2,0,3,2,-26.312093,-48.875043,SPRF-SC,DEL03-SC,UOP01-DEL03-SC,2024
"654059,0",2024-12-27,sexta-feira,23:20:00,SC,101,"271,5",IMBITUBA,Animais na Pista,Atropelamento de Animal,Com Vítimas Fatais,Plena Noite,Decrescente,Céu Claro,Dupla,Reta,Não,4,1,0,0,1,2,0,4,-28.1187108,-48.6985262,SPRF-SC,DEL02-SC,UOP03-DEL02-SC,2024
"654809,0",2024-12-21,sábado,05:30:00,SC,282,"149,9",BOM RETIRO,Transitar na contramão,Colisão frontal,Com Vítimas Fatais,Amanhecer,Crescente,Nevoeiro/Neblina,Simples,Curva,Não,16,2,3,0,9,2,3,6,-27.7710722,-49.6636508,SPRF-SC,DEL05-SC,UOP01-DEL05-SC,2024
"655574,0",2024-10-10,quinta-feira,14:45:00,SC,101,"41,0",JOINVILLE,Reação tardia ou ineficiente do condutor,Colisão traseira,Com Vítimas Feridas,Pleno dia,Decrescente,Chuva,Múltipla,Declive;Reta,Sim,3,0,1,0,1,2,1,4,-26.31836349,-48.87197256,SPRF-SC,DEL03-SC,UOP01-DEL03-SC,2024
"656623,0",2024-10-18,sexta-feira,14:45:00,SC,282,"598,4",CUNHA PORA,Ultrapassagem Indevida,Colisão frontal,Com Vítimas Fatais,Pleno dia,Decrescente,Nublado,Simples,Curva,Não,6,1,2,0,3,0,2,5,-26.8232463,-53.1514235,SPRF-SC,DEL07-SC,UOP02-DEL07-SC,2024
"657021,0",2024-12-02,segunda-feira,06:45:00,SC,470,"1,7",NAVEGANTES,Ultrapassagem Indevida,Colisão lateral mesmo sentido,Com Vítimas Feridas,Pleno dia,Crescente,Céu Claro,Dupla,Em Obras,Sim,2,0,1,0,1,0,1,2,-26.868551,-48.674831,SPRF-SC,DEL04-SC,UOP04-DEL04-SC,2024
"659818,0",2024-07-02,terça-feira,16:40:00,SC,282,"127,3",BOM RETIRO,Transitar na contramão,Colisão lateral sentido oposto,Com Vítimas Feridas,Pleno dia,Crescente,Céu Claro,Simples,Reta;Declive,Sim,3,0,2,0,0,1,2,3,-27.80070344,-49.47916031,SPRF-SC,DEL05-SC,UOP01-DEL05-SC,2024
"660887,0",2024-08-29,quinta-feira,11:05:00,SC,116,"8,9",MAFRA,Condutor deixou de manter distância do veículo da frente,Colisão traseira,Com Vítimas Fatais,Pleno dia,Decrescente,Céu Claro,Simples,Curva;Declive,Não,9,1,1,1,5,1,2,5,-26.163266,-49.847343,SPRF-SC,DEL06-SC,UOP01-DEL06-SC,2024
"661324,0",2024-12-08,domingo,19:36:00,SC,470,"51,3",BLUMENAU,Pedestre andava na pista,Atropelamento de Pedestre,Com Vítimas Fatais,Plena Noite,Crescente,Chuva,Múltipla,Curva,Sim,2,1,0,0,0,1,0,2,-26.86291,-49.08701,SPRF-SC,DEL04-SC,UOP01-DEL04-SC,2024
"601117,0",2024-05-17,sexta-feira,15:00:00,SC,101,"450,5",SAO JOAO DO SUL,Manobra de mudança de faixa,Colisão lateral mesmo sentido,Sem Vítimas,Pleno dia,Decrescente,Chuva,Múltipla,Reta,Sim,2,0,0,0,1,1,0,2,-29.17229091,-49.74904711,SPRF-SC,DEL02-SC,UOP02-DEL02-SC,2024
"605850,0",2024-06-07,sexta-feira,20:45:00,SC,101,"320,0",TUBARAO,Ausência de reação do condutor,Colisão lateral mesmo sentido,Com Vítimas Feridas,Plena Noite,Decrescente,Céu Claro,Dupla,Reta,Sim,3,0,1,0,1,1,1,3,-28.45516,-48.9799,SPRF-SC,DEL02-SC,UOP01-DEL02-SC,2024
"621699,0",2024-08-17,sábado,05:30:00,SC,480,"126,2",CHAPECO,Ausência de reação do condutor,Colisão traseira,Com Vítimas Feridas,Amanhecer,Decrescente,Nublado,Dupla,Reta;Aclive,Sim,2,0,1,0,0,1,1,2,-27.020083,-52.636024,SPRF-SC,DEL07-SC,UOP01-DEL07-SC,2024
"622870,0",2024-08-06,terça-feira,08:45:00,SC,101,"102,0",BALNEARIO PICARRAS,Acessar a via sem observar a presença dos outros veículos,Colisão traseira,Com Vítimas Feridas,Pleno dia,Crescente,Nublado,Múltipla,Interseção de Vias,Não,2,0,1,0,0,1,1,2,-26.77383397,-48.68594062,SPRF-SC,DEL03-SC,UOP02-DEL03-SC,2024
"626981,0",2024-09-09,segunda-feira,15:40:00,SC,280,"159,0",MAFRA,Condutor deixou de manter distância do veículo da frente,Colisão traseira,Com Vítimas Feridas,Pleno dia,Crescente,Céu Claro,Simples,Declive,Não,4,0,2,0,1,1,2,2,-26.20208315,-49.76143098,SPRF-SC,DEL06-SC,UOP03-DEL06-SC,2024
"632640,0",2024-10-05,sábado,01:00:00,SC,101,"396,0",CRICIUMA,Ingestão de álcool pelo condutor,Colisão traseira,Com Vítimas Feridas,Plena Noite,Decrescente,Nublado,Múltipla,Reta,Não,5,0,4,0,0,1,4,3,-28.84077355,-49.42664266,SPRF-SC,DEL02-SC,UOP02-DEL02-SC,2024
"572587,0",2024-01-04,quinta-feira,14:00:00,SC,101,"148,0",ITAPEMA,Reação tardia ou ineficiente do condutor,Colisão traseira,Sem Vítimas,Pleno dia,Decrescente,Nublado,Múltipla,Reta;Aclive;Viaduto,Sim,3,0,0,0,2,1,0,3,-27.10123686,-48.61807962,SPRF-SC,DEL04-SC,UOP03-DEL04-SC,2024
"573240,0",2024-01-07,domingo,21:00:00,SC,101,"157,0",PORTO BELO,Acessar a via sem observar a presença dos outros veículos,Colisão transversal,Com Vítimas Feridas,Plena Noite,Decrescente,Nublado,Dupla,Retorno Regulamentado,Não,6,0,3,1,1,1,4,3,-27.181625,-48.6121179,SPRF-SC,DEL04-SC,UOP03-DEL04-SC,2024
"577265,0",2024-01-26,sexta-feira,18:10:00,SC,282,"341,8",CAMPOS NOVOS,Condutor deixou de manter distância do veículo da frente,Engavetamento,Com Vítimas Feridas,Anoitecer,Crescente,Chuva,Simples,Reta,Sim,8,0,0,1,5,2,1,4,-27.389957,-51.213387,SPRF-SC,DEL07-SC,UOP06-DEL07-SC,2024
"577662,0",2024-01-28,domingo,19:47:00,SC,101,"331,7",TUBARAO,Desrespeitar a preferência no cruzamento,Colisão transversal,Com Vítimas Feridas,Plena Noite,Crescente,Garoa/Chuvisco,Múltipla,Interseção de Vias,Sim,5,0,1,0,3,1,1,3,-28.46567318,-48.99627686,SPRF-SC,DEL02-SC,UOP01-DEL02-SC,2024
"578066,0",2024-01-30,terça-feira,17:40:00,SC,280,"166,3",MAFRA,Acessar a via sem observar a presença dos outros veículos,Colisão transversal,Com Vítimas Feridas,Pleno dia,Decrescente,Céu Claro,Simples,Curva;Interseção de Vias,Sim,3,0,1,0,1,1,1,3,-26.17713619,-49.81611416,SPRF-SC,DEL06-SC,UOP01-DEL06-SC,2024
"580255,0",2024-02-10,sábado,12:25:00,SC,470,"76,7",INDAIAL,Condutor deixou de manter distância do veículo da frente,Colisão traseira,Com Vítimas Feridas,Pleno dia,Crescente,Céu Claro,Simples,Em Obras;Reta,Não,5,0,3,0,0,2,3,4,-26.933308,-49.287426,SPRF-SC,DEL04-SC,UOP01-DEL04-SC,2024
"581349,0",2024-02-15,quinta-feira,17:40:00,SC,101,"119,6",ITAJAI,Manobra de mudança de faixa,Colisão lateral mesmo sentido,Com Vítimas Feridas,Anoitecer,Decrescente,Nublado,Dupla,Reta,Não,3,0,1,0,1,1,1,3,-26.9043179,-48.71555481,SPRF-SC,DEL04-SC,UOP04-DEL04-SC,2024
"586593,0",2024-03-11,segunda-feira,15:30:00,SC,282,"21,0",PALHOCA,Condutor deixou de manter distância do veículo da frente,Engavetamento,Com Vítimas Feridas,Pleno dia,Decrescente,Céu Claro,Simples,Reta,Não,6,0,0,1,4,1,1,5,-27.68907,-48.717541,SPRF-SC,DEL01-SC,UOP02-DEL01-SC,2024
"586761,0",2024-01-11,quinta-feira,21:50:00,SC,101,"274,0",IMBITUBA,Reação tardia ou ineficiente do condutor,Colisão traseira,Com Vítimas Feridas,Plena Noite,Crescente,Chuva,Múltipla,Reta,Sim,6,0,1,1,3,1,2,3,-28.13603157,-48.69222164,SPRF-SC,DEL02-SC,UOP03-DEL02-SC,2024
"589497,0",2024-03-07,quinta-feira,13:32:00,SC,470,"168,0",POUSO REDONDO,Acessar a via sem observar a presença dos outros veículos,Colisão transversal,Com Vítimas Feridas,Pleno dia,Decrescente,Nublado,Simples,Reta,Não,3,0,0,1,1,1,1,3,-27.266994,-49.872524,SPRF-SC,DEL04-SC,UOP02-DEL04-SC,2024
"591466,0",2024-04-02,terça-feira,20:15:00,SC,101,"284,6",IMBITUBA,Reação tardia ou ineficiente do condutor,Colisão traseira,Com Vítimas Feridas,Plena Noite,Decrescente,Nublado,Múltipla,Reta,Não,3,0,1,0,1,1,1,3,-28.23571368,-48.70072961,SPRF-SC,DEL02-SC,UOP03-DEL02-SC,2024
"595299,0",2024-04-20,sábado,18:30:00,SC,280,"26,5",ARAQUARI,Condutor deixou de manter distância do veículo da frente,Colisão traseira,Com Vítimas Feridas,Plena Noite,Crescente,Céu Claro,Simples,Reta,Sim,3,0,1,0,1,1,1,3,-26.38972308,-48.73411593,SPRF-SC,DEL03-SC,UOP03-DEL03-SC,2024
"595443,0",2024-04-21,domingo,08:55:00,SC,470,"172,2",POUSO REDONDO,Condutor deixou de manter distância do veículo da frente,Colisão traseira,Sem Vítimas,Pleno dia,Decrescente,Céu Claro,Simples,Reta,Não,3,0,0,0,1,2,0,3,-27.2592362,-49.9167788,SPRF-SC,DEL04-SC,UOP02-DEL04-SC,2024
"595495,0",2024-04-21,domingo,17:30:00,SC,470,"22,7",ILHOTA,Condutor deixou de manter distância do veículo da frente,Colisão traseira,Com Vítimas Feridas,Pleno dia,Crescente,Céu Claro,Dupla,Reta,Não,3,0,1,0,1,1,1,3,-26.881754,-48.856251,SPRF-SC,DEL04-SC,UOP04-DEL04-SC,2024
"595779,0",2024-04-22,segunda-feira,21:20:00,SC,282,"491,7",FAXINAL DOS GUEDES,Condutor deixou de manter distância do veículo da frente,Colisão traseira,Sem Vítimas,Plena Noite,Crescente,Chuva,Simples,Reta,Não,4,0,0,0,3,1,0,4,-26.872433,-52.291599,SPRF-SC,DEL07-SC,UOP01-DEL07-SC,2024
"600409,0",2024-05-14,terça-feira,07:05:00,SC,101,"282,0",IMBITUBA,Acessar a via sem observar a presença dos outros veículos,Colisão transversal,Com Vítimas Feridas,Pleno dia,Decrescente,Nublado,Dupla,Rotatória,Sim,5,0,2,0,2,1,2,3,-28.19626005,-48.69739859,SPRF-SC,DEL02-SC,UOP03-DEL02-SC,2024
"600685,0",2024-05-15,quarta-feira,14:40:00,SC,101,"288,4",IMBITUBA,Desrespeitar a preferência no cruzamento,Colisão transversal,Com Vítimas Feridas,Pleno dia,Decrescente,Céu Claro,Múltipla,Rotatória,Não,4,0,3,0,0,1,3,3,-28.24598003,-48.70010284,SPRF-SC,DEL02-SC,UOP03-DEL02-SC,2024
"601391,0",2024-05-18,sábado,17:50:00,SC,101,"191,3",BIGUACU,Reação tardia ou ineficiente do condutor,Colisão traseira,Com Vítimas Feridas,Plena Noite,Decrescente,Chuva,Dupla,Reta,Sim,3,0,1,0,1,1,1,3,-27.47730273,-48.64127329,SPRF-SC,DEL01-SC,UOP01-DEL01-SC,2024
"601842,0",2024-05-20,segunda-feira,15:20:00,SC,470,"143,0",RIO DO SUL,Ausência de reação do condutor,Colisão traseira,Com Vítimas Feridas,Pleno dia,Decrescente,Céu Claro,Simples,Aclive;Reta,Sim,4,0,1,0,2,1,1,3,-27.233143,-49.672886,SPRF-SC,DEL04-SC,UOP02-DEL04-SC,2024
"607623,0",2024-06-15,sábado,07:55:00,SC,280,"17,0",SAO FRANCISCO DO SUL,Transitar na contramão,Colisão lateral mesmo sentido,Com Vítimas Fatais,Pleno dia,Decrescente,Céu Claro,Simples,Reta,Não,8,1,0,0,5,2,0,5,-26.35609813,-48.66029868,SPRF-SC,DEL03-SC,UOP03-DEL03-SC,2024
"608032,0",2024-06-17,segunda-feira,00:00:00,SC,101,"233,0",PALHOCA,Demais falhas na via,Saída de leito carroçável,Com Vítimas Feridas,Plena Noite,Decrescente,Chuva,Dupla,Curva;Declive,Não,4,0,1,0,2,1,1,3,-27.80376397,-48.63826211,SPRF-SC,DEL01-SC,UOP02-DEL01-SC,2024
"618639,0",2024-08-02,sexta-feira,16:10:00,SC,280,"240,0",CANOINHAS,Reação tardia ou ineficiente do condutor,Saída de leito carroçável,Com Vítimas Feridas,Pleno dia,Decrescente,Céu Claro,Simples,Reta,Não,3,0,1,0,1,1,1,2,-26.2173631,-50.45390288,SPRF-SC,DEL06-SC,UOP04-DEL06-SC,2024