id,data_inversa,dia_semana,horario,uf,br,km,municipio,causa_acidente,tipo_acidente,classificacao_acidente,fase_dia,sentido_via,condicao_metereologica,tipo_pista,tracado_via,uso_solo,pessoas,mortos,feridos_leves,feridos_graves,ilesos,ignorados,feridos,veiculos,latitude,longitude,regional,delegacia,uop,ano_arquivo
"619684,0",2024-08-07,quarta-feira,15:00:00,SC,282,"390,0",JOACABA,Acesso irregular,Colisão traseira,Com Vítimas Feridas,Pleno dia,Crescente,Nublado,Simples,Reta,Sim,3,0,1,0,1,1,1,3,-27.175066,-51.550556,SPRF-SC,DEL07-SC,UOP05-DEL07-SC,2024
"619780,0",2024-08-07,quarta-feira,11:00:00,SC,101,"7,6",GARUVA,Ausência de reação do condutor,Saída de leito carroçável,Com Vítimas Feridas,Pleno dia,Crescente,Céu Claro,Dupla,Reta,Não,2,0,1,0,0,1,1,2,-26.03593,-48.860302,SPRF-SC,DEL03-SC,UOP01-DEL03-SC,2024
"622298,0",2024-08-19,segunda-feira,12:05:00,SC,282,"653,0",SAO MIGUEL DO OESTE,Conversão proibida,Colisão transversal,Com Vítimas Feridas,Pleno dia,Decrescente,Céu Claro,Simples,Declive;Curva,Sim,5,0,1,0,3,1,1,3,-26.708202,-53.514313,SPRF-SC,DEL07-SC,UOP03-DEL07-SC,2024
"622429,0",2024-08-20,terça-feira,05:00:00,SC,470,"54,4",BLUMENAU,Conversão proibida,Colisão transversal,Com Vítimas Feridas,Plena Noite,Decrescente,Nevoeiro/Neblina,Simples,Reta;Em Obras,Sim,3,0,1,0,1,1,1,3,-26.87656448,-49.12201881,SPRF-SC,DEL04-SC,UOP01-DEL04-SC,2024
"625729,0",2024-09-04,quarta-feira,17:30:00,SC,101,"228,0",PALHOCA,Demais falhas mecânicas ou elétricas,Incêndio,Sem Vítimas,Anoitecer,Decrescente,Céu Claro,Dupla,Reta,Sim,2,0,0,0,1,1,0,2,-27.7688932,-48.63205379,SPRF-SC,DEL01-SC,UOP02-DEL01-SC,2024
"625773,0",2024-09-04,quarta-feira,20:30:00,SC,101,"375,5",ICARA,Reação tardia ou ineficiente do condutor,Colisão traseira,Com Vítimas Feridas,Plena Noite,Decrescente,Chuva,Múltipla,Curva,Não,3,0,1,0,1,1,1,3,-28.72736111,-49.24066084,SPRF-SC,DEL02-SC,UOP01-DEL02-SC,2024
"628434,0",2024-09-16,segunda-feira,04:15:00,SC,282,"440,0",PONTE SERRADA,Estacionar ou parar em local proibido,Colisão traseira,Com Vítimas Feridas,Plena Noite,Decrescente,Garoa/Chuvisco,Simples,Reta,Não,5,0,1,1,1,2,2,4,-26.937757,-51.868366,SPRF-SC,DEL07-SC,UOP04-DEL07-SC,2024
"629894,0",2024-09-22,domingo,18:50:00,SC,282,"523,0",XAXIM,Condutor deixou de manter distância do veículo da frente,Colisão traseira,Sem Vítimas,Plena Noite,Decrescente,Nublado,Simples,Reta;Aclive,Não,4,0,0,0,3,1,0,3,-26.963129,-52.548851,SPRF-SC,DEL07-SC,UOP01-DEL07-SC,2024
"635189,0",2024-10-15,terça-feira,22:10:00,SC,101,"280,0",IMBITUBA,Acessar a via sem observar a presença dos outros veículos,Colisão transversal,Com Vítimas Feridas,Plena Noite,Crescente,Nublado,Múltipla,Reta,Não,4,0,1,0,2,1,1,3,-28.19390788,-48.69760752,SPRF-SC,DEL02-SC,UOP03-DEL02-SC,2024
"638577,0",2024-10-31,quinta-feira,11:20:00,SC,101,"443,2",SANTA ROSA DO SUL,Reação tardia ou ineficiente do condutor,Colisão frontal,Com Vítimas Feridas,Pleno dia,Crescente,Nublado,Dupla,Reta;Em Obras,Sim,4,0,1,0,2,1,1,4,-29.13223626,-49.69660393,SPRF-SC,DEL02-SC,UOP02-DEL02-SC,2024
"640719,0",2024-11-09,sábado,19:30:00,SC,163,"118,4",DIONISIO CERQUEIRA,Acessar a via sem observar a presença dos outros veículos,Colisão traseira,Sem Vítimas,Plena Noite,Crescente,Céu Claro,Simples,Reta;Aclive;Interseção de Vias,Não,3,0,0,0,2,1,0,3,-26.34577987,-53.54642262,SPRF-SC,DEL07-SC,UOP03-DEL07-SC,2024
"642690,0",2024-11-18,segunda-feira,11:00:00,SC,282,"0,4",FLORIANOPOLIS,Condutor deixou de manter distância do veículo da frente,Engavetamento,Com Vítimas Feridas,Pleno dia,Decrescente,Sol,Dupla,Reta,Sim,5,0,1,0,3,1,1,4,-27.59845,-48.571995,SPRF-SC,DEL01-SC,UOP01-DEL01-SC,2024
"644137,0",2024-11-25,segunda-feira,06:10:00,SC,470,"99,7",APIUNA,Demais falhas mecânicas ou elétricas,Eventos atípicos,Com Vítimas Fatais,Pleno dia,Crescente,Céu Claro,Simples,Reta,Sim,4,1,0,1,1,1,1,3,-27.04432888,-49.39509988,SPRF-SC,DEL04-SC,UOP02-DEL04-SC,2024
"645814,0",2024-12-03,terça-feira,05:50:00,SC,101,"189,0",BIGUACU,Reação tardia ou ineficiente do condutor,Colisão traseira,Com Vítimas Feridas,Amanhecer,Decrescente,Garoa/Chuvisco,Dupla,Reta,Não,8,0,5,0,2,1,5,4,-27.459393,-48.638914,SPRF-SC,DEL01-SC,UOP01-DEL01-SC,2024
"645900,0",2024-12-03,terça-feira,09:50:00,SC,280,"22,8",ARAQUARI,Desrespeitar a preferência no cruzamento,Colisão transversal,Com Vítimas Feridas,Pleno dia,Crescente,Céu Claro,Simples,Interseção de Vias;Rotatória,Não,3,0,1,0,1,1,1,3,-26.3714905,-48.71208608,SPRF-SC,DEL03-SC,UOP03-DEL03-SC,2024
"650585,0",2024-12-22,domingo,18:09:00,SC,282,"113,2",ALFREDO WAGNER,Transitar na contramão,Colisão frontal,Com Vítimas Feridas,Pleno dia,Decrescente,Nublado,Simples,Curva;Aclive,Não,8,0,1,2,3,2,3,5,-27.74168344,-49.38536882,SPRF-SC,DEL01-SC,UOP03-DEL01-SC,2024
"571778,0",2024-01-01,segunda-feira,00:45:00,SC,101,"110,0",PENHA,Acumulo de água sobre o pavimento,Saída de leito carroçável,Com Vítimas Feridas,Plena Noite,Crescente,Chuva,Dupla,Curva,Não,2,0,1,0,1,0,1,1,-26.83477,-48.706151,SPRF-SC,DEL03-SC,UOP02-DEL03-SC,2024
"571809,0",2024-01-01,segunda-feira,06:15:00,SC,280,"10,3",SAO FRANCISCO DO SUL,Transitar na contramão,Colisão frontal,Com Vítimas Feridas,Pleno dia,Crescente,Chuva,Simples,Reta;Rotatória,Sim,4,0,2,0,2,0,2,2,-26.29625399,-48.64238799,SPRF-SC,DEL03-SC,UOP03-DEL03-SC,2024
"571812,0",2024-01-01,segunda-feira,04:30:00,SC,101,"116,0",ITAJAI,Ausência de reação do condutor,Capotamento,Com Vítimas Feridas,Amanhecer,Decrescente,Chuva,Dupla,Reta,Sim,3,0,1,0,1,1,1,3,-26.87905605,-48.72603512,SPRF-SC,DEL04-SC,UOP04-DEL04-SC,2024
"571821,0",2024-01-01,segunda-feira,07:00:00,SC,101,"93,0",BARRA VELHA,Reação tardia ou ineficiente do condutor,Saída de leito carroçável,Com Vítimas Feridas,Amanhecer,Crescente,Garoa/Chuvisco,Dupla,Reta,Não,1,0,1,0,0,0,1,1,-26.69662179,-48.69887352,SPRF-SC,DEL03-SC,UOP02-DEL03-SC,2024
"571832,0",2024-01-01,segunda-feira,08:40:00,SC,101,"186,1",BIGUACU,Velocidade Incompatível,Colisão com objeto,Com Vítimas Feridas,Pleno dia,Crescente,Garoa/Chuvisco,Dupla,Curva,Não,4,0,4,0,0,0,4,1,-27.4341098,-48.62567129,SPRF-SC,DEL01-SC,UOP01-DEL01-SC,2024
"571836,0",2024-01-01,segunda-feira,02:15:00,SC,116,"66,3",PAPANDUVA,Transitar na contramão,Colisão frontal,Com Vítimas Feridas,Plena Noite,Crescente,Nublado,Simples,Reta;Declive,Não,2,0,0,1,0,1,1,2,-26.43345701,-50.22890485,SPRF-SC,DEL06-SC,UOP02-DEL06-SC,2024
"571837,0",2024-01-01,segunda-feira,09:05:00,SC,101,"190,8",BIGUACU,Velocidade Incompatível,Saída de leito carroçável,Com Vítimas Feridas,Pleno dia,Decrescente,Garoa/Chuvisco,Múltipla,Curva,Não,5,0,4,0,0,1,4,2,-27.468056,-48.641712,SPRF-SC,DEL01-SC,UOP01-DEL01-SC,2024
"571850,0",2024-01-01,segunda-feira,09:30:00,SC,280,"207,0",MAFRA,Reação tardia ou ineficiente do condutor,Colisão com objeto,Sem Vítimas,Pleno dia,Crescente,Céu Claro,Simples,Curva,Não,1,0,0,0,1,0,0,1,-26.16432499,-50.14053801,SPRF-SC,DEL06-SC,UOP01-DEL06-SC,2024
"571858,0",2024-01-01,segunda-feira,10:55:00,SC,101,"113,0",ITAJAI,Condutor deixou de manter distância do veículo da frente,Colisão traseira,Com Vítimas Feridas,Pleno dia,Decrescente,Céu Claro,Múltipla,Reta,Não,3,0,1,0,2,0,1,2,-26.85311393,-48.72689927,SPRF-SC,DEL04-SC,UOP04-DEL04-SC,2024
"571860,0",2024-01-01,segunda-feira,12:15:00,SC,101,"199,1",SAO JOSE,Velocidade Incompatível,Colisão traseira,Com Vítimas Feridas,Pleno dia,Decrescente,Garoa/Chuvisco,Múltipla,Reta,Sim,2,0,1,0,1,0,1,2,-27.53413705,-48.63003205,SPRF-SC,DEL01-SC,UOP01-DEL01-SC,2024
"571863,0",2024-01-01,segunda-feira,12:15:00,SC,101,"199,1",BIGUACU,Ausência de reação do condutor,Colisão traseira,Com Vítimas Feridas,Pleno dia,Decrescente,Garoa/Chuvisco,Múltipla,Reta,Sim,8,0,2,0,6,0,2,2,-27.53413705,-48.63003205,SPRF-SC,DEL01-SC,UOP01-DEL01-SC,2024
"571875,0",2024-01-01,segunda-feira,09:40:00,SC,282,"68,0",RANCHO QUEIMADO,Reação tardia ou ineficiente do condutor,Saída de leito carroçável,Sem Vítimas,Pleno dia,Crescente,Chuva,Simples,Curva;Declive,Não,1,0,0,0,1,0,0,1,-27.692406,-49.075939,SPRF-SC,DEL01-SC,UOP03-DEL01-SC,2024
"571877,0",2024-01-01,segunda-feira,11:15:00,SC,101,"144,0",ITAPEMA,Reação tardia ou ineficiente do condutor,Tombamento,Com Vítimas Feridas,Pleno dia,Decrescente,Sol,Dupla,Reta,Sim,1,0,0,1,0,0,1,1,-27.0732659,-48.59672716,SPRF-SC,DEL04-SC,UOP03-DEL04-SC,2024
"571879,0",2024-01-01,segunda-feira,12:00:00,SC,101,"156,0",PORTO BELO,Condutor deixou de manter distância do veículo da frente,Colisão traseira,Com Vítimas Feridas,Pleno dia,Crescente,Nublado,Dupla,Reta,Sim,3,0,1,0,2,0,1,3,-27.172272,-48.61170204,SPRF-SC,DEL04-SC,UOP03-DEL04-SC,2024
"571888,0",2024-01-01,segunda-feira,10:00:00,SC,282,"48,0",AGUAS MORNAS,Acumulo de água sobre o pavimento,Colisão com objeto,Com Vítimas Feridas,Pleno dia,Crescente,Chuva,Simples,Curva,Não,1,0,1,0,0,0,1,1,-27.714352,-48.938072,SPRF-SC,DEL01-SC,UOP03-DEL01-SC,2024
"571900,0",2024-01-01,segunda-feira,11:20:00,SC,101,"151,0",ITAPEMA,Reação tardia ou ineficiente do condutor,Colisão traseira,Sem Vítimas,Pleno dia,Crescente,Garoa/Chuvisco,Dupla,Reta,Sim,3,0,0,0,3,0,0,3,-27.126536,-48.609642,SPRF-SC,DEL04-SC,UOP03-DEL04-SC,2024
"571909,0",2024-01-01,segunda-feira,13:30:00,SC,101,"57,8",ARAQUARI,Ausência de reação do condutor,Saída de leito carroçável,Com Vítimas Feridas,Pleno dia,Crescente,Nublado,Dupla,Curva,Não,5,0,2,0,3,0,2,1,-26.43646093,-48.81113029,SPRF-SC,DEL03-SC,UOP01-DEL03-SC,2024
"571921,0",2024-01-01,segunda-feira,15:45:00,SC,101,"342,9",TUBARAO,Demais falhas mecânicas ou elétricas,Tombamento,Com Vítimas Feridas,Pleno dia,Decrescente,Sol,Dupla,Curva,Sim,2,0,2,0,0,0,2,1,-28.53829721,-49.05285226,SPRF-SC,DEL02-SC,UOP01-DEL02-SC,2024
"571924,0",2024-01-01,segunda-feira,15:45:00,SC,282,"215,0",LAGES,Desrespeitar a preferência no cruzamento,Colisão transversal,Com Vítimas Feridas,Pleno dia,Crescente,Céu Claro,Simples,Rotatória,Sim,2,0,1,0,1,0,1,2,-27.793665,-50.281799,SPRF-SC,DEL05-SC,UOP01-DEL05-SC,2024
"571935,0",2024-01-01,segunda-feira,12:00:00,SC,101,"148,0",ITAPEMA,Manobra de mudança de faixa,Colisão lateral mesmo sentido,Com Vítimas Feridas,Pleno dia,Crescente,Nublado,Múltipla,Reta,Sim,5,0,1,1,3,0,2,4,-27.10123686,-48.61807962,SPRF-SC,DEL04-SC,UOP03-DEL04-SC,2024
"571952,0",2024-01-01,segunda-feira,18:20:00,SC,101,"124,0",ITAJAI,Ausência de reação do condutor,Colisão traseira,Com Vítimas Feridas,Anoitecer,Decrescente,Nublado,Dupla,Reta,Não,2,0,0,1,1,0,1,2,-26.94335064,-48.69198648,SPRF-SC,DEL04-SC,UOP04-DEL04-SC,2024
"571954,0",2024-01-01,segunda-feira,18:00:00,SC,116,"20,0",MAFRA,Avarias e/ou desgaste excessivo no pneu,Tombamento,Com Vítimas Feridas,Pleno dia,Decrescente,Céu Claro,Simples,Reta,Não,2,0,2,0,0,0,2,1,-26.24150415,-49.90271274,SPRF-SC,DEL06-SC,UOP01-DEL06-SC,2024
"571970,0",2024-01-01,segunda-feira,18:45:00,SC,101,"320,2",PESCARIA BRAVA,Ingestão de álcool pelo condutor,Colisão traseira,Com Vítimas Feridas,Pleno dia,Crescente,Céu Claro,Múltipla,Curva;Declive,Não,4,0,2,0,2,0,2,2,-28.424426,-48.899429,SPRF-SC,DEL02-SC,UOP01-DEL02-SC,2024
"571973,0",2024-01-01,segunda-feira,16:35:00,SC,101,"321,7",PESCARIA BRAVA,Condutor deixou de manter distância do veículo da frente,Colisão traseira,Com Vítimas Feridas,Pleno dia,Crescente,Céu Claro,Dupla,Reta,Não,3,0,1,0,2,0,1,2,-28.42532339,-48.8919091,SPRF-SC,DEL02-SC,UOP01-DEL02-SC,2024
"571975,0",2024-01-01,segunda-feira,14:45:00,SC,101,"325,5",CAPIVARI DE BAIXO,Ausência de reação do condutor,Colisão com objeto,Com Vítimas Feridas,Plena Noite,Decrescente,Céu Claro,Dupla,Reta,Não,2,0,1,1,0,0,2,1,-28.43669487,-48.95988464,SPRF-SC,DEL02-SC,UOP01-DEL02-SC,2024
"571981,0",2024-01-01,segunda-feira,20:00:00,SC,101,"303,5",LAGUNA,Animais na Pista,Atropelamento de Animal,Sem Vítimas,Plena Noite,Decrescente,Nublado,Múltipla,Reta,Não,1,0,0,0,1,0,0,1,-28.36660007,-48.75440061,SPRF-SC,DEL02-SC,UOP03-DEL02-SC,2024
"571989,0",2024-01-01,segunda-feira,20:50:00,SC,470,"54,4",BLUMENAU,Acessar a via sem observar a presença dos outros veículos,Colisão transversal,Com Vítimas Feridas,Plena Noite,Crescente,Céu Claro,Simples,Interseção de Vias,Sim,2,0,1,0,1,0,1,2,-26.867121,-49.102066,SPRF-SC,DEL04-SC,UOP01-DEL04-SC,2024
"571991,0",2024-01-01,segunda-feira,13:50:00,SC,470,"200,0",PONTE ALTA,Reação tardia ou ineficiente do condutor,Saída de leito carroçável,Com Vítimas Fatais,Pleno dia,Crescente,Nublado,Simples,Reta,Não,4,1,0,1,1,1,1,1,-27.3038083,-50.1381765,SPRF-SC,DEL05-SC,UOP03-DEL05-SC,2024
"571994,0",2024-01-01,segunda-feira,17:15:00,SC,480,"129,5",CHAPECO,Ingestão de álcool pelo condutor,Colisão lateral mesmo sentido,Sem Vítimas,Pleno dia,Crescente,Sol,Simples,Interseção de Vias;Viaduto,Sim,3,0,0,0,3,0,0,2,-27.05055035,-52.63536394,SPRF-SC,DEL07-SC,UOP01-DEL07-SC,2024
"572040,0",2024-01-02,terça-feira,06:00:00,SC,101,"102,0",BALNEARIO PICARRAS,Entrada inopinada do pedestre,Atropelamento de Pedestre,Com Vítimas Feridas,Pleno dia,Decrescente,Chuva,Dupla,Reta,Não,2,0,2,0,0,0,2,2,-26.77383397,-48.68594062,SPRF-SC,DEL03-SC,UOP02-DEL03-SC,2024
"572043,0",2024-01-02,terça-feira,06:00:00,SC,282,"6,0",SAO JOSE,Acumulo de óleo sobre o pavimento,Tombamento,Com Vítimas Feridas,Amanhecer,Crescente,Chuva,Dupla,Curva;Declive;Viaduto,Não,3,0,1,1,1,0,2,3,-27.58485528,-48.61731291,SPRF-SC,DEL01-SC,UOP01-DEL01-SC,2024
"572050,0",2024-01-02,terça-feira,07:00:00,SC,101,"59,3",ARAQUARI,Trafegar com motocicleta (ou similar) entre as faixas,Colisão traseira,Com Vítimas Feridas,Pleno dia,Decrescente,Sol,Dupla,Reta,Não,3,0,2,0,1,0,2,2,-26.43646093,-48.81113029,SPRF-SC,DEL03-SC,UOP02-DEL03-SC,2024
"572053,0",2024-01-02,terça-feira,07:00:00,SC,101,"122,0",ITAJAI,Manobra de mudança de faixa,Colisão lateral mesmo sentido,Com Vítimas Feridas,Pleno dia,Decrescente,Chuva,Múltipla,Reta,Não,2,0,1,0,1,0,1,2,-26.92955916,-48.70499836,SPRF-SC,DEL04-SC,UOP04-DEL04-SC,2024
"572059,0",2024-01-02,terça-feira,07:55:00,SC,101,"113,3",ITAJAI,Manobra de mudança de faixa,Colisão lateral mesmo sentido,Com Vítimas Feridas,Pleno dia,Decrescente,Chuva,Múltipla,Reta,Não,2,0,1,0,1,0,1,2,-26.85311393,-48.72689927,SPRF-SC,DEL04-SC,UOP04-DEL04-SC,2024
"572081,0",2024-01-02,terça-feira,07:50:00,SC,163,"103,0",SAO JOSE DO CEDRO,Transitar na contramão,Colisão lateral sentido oposto,Com Vítimas Feridas,Pleno dia,Decrescente,Céu Claro,Simples,Reta,Sim,4,0,3,0,1,0,3,2,-26.46209088,-53.5077059,SPRF-SC,DEL07-SC,UOP03-DEL07-SC,2024
"572089,0",2024-01-02,terça-feira,08:00:00,SC,101,"141,0",BALNEARIO CAMBORIU,Reação tardia ou ineficiente do condutor,Saída de leito carroçável,Com Vítimas Feridas,Pleno dia,Decrescente,Chuva,Dupla,Reta,Sim,1,0,1,0,0,0,1,1,-27.04761729,-48.59995855,SPRF-SC,DEL04-SC,UOP03-DEL04-SC,2024
"572091,0",2024-01-02,terça-feira,10:00:00,SC,101,"226,0",PALHOCA,Condutor deixou de manter distância do veículo da frente,Colisão traseira,Com Vítimas Feridas,Pleno dia,Crescente,Nublado,Dupla,Reta,Não,9,0,2,0,7,0,2,5,-27.74200001,-48.63806504,SPRF-SC,DEL01-SC,UOP02-DEL01-SC,2024
"572119,0",2024-01-02,terça-feira,10:10:00,SC,101,"139,0",BALNEARIO CAMBORIU,Reação tardia ou ineficiente do condutor,Capotamento,Com Vítimas Feridas,Pleno dia,Crescente,Nublado,Dupla,Curva,Não,4,0,3,1,0,0,4,1,-27.02982303,-48.60115006,SPRF-SC,DEL04-SC,UOP03-DEL04-SC,2024
"572135,0",2024-01-02,terça-feira,10:30:00,SC,101,"103,1",BALNEARIO PICARRAS,Manobra de mudança de faixa,Colisão lateral mesmo sentido,Com Vítimas Feridas,Pleno dia,Decrescente,Céu Claro,Dupla,Reta,Não,6,0,0,2,4,0,2,2,-26.784135,-48.682639,SPRF-SC,DEL03-SC,UOP02-DEL03-SC,2024
"572136,0",2024-01-02,terça-feira,13:50:00,SC,101,"193,0",BIGUACU,Ausência de reação do condutor,Colisão lateral mesmo sentido,Com Vítimas Feridas,Pleno dia,Crescente,Céu Claro,Múltipla,Reta,Sim,2,0,1,0,1,0,1,2,-27.489574,-48.655914,SPRF-SC,DEL01-SC,UOP01-DEL01-SC,2024
"572139,0",2024-01-02,terça-feira,13:50:00,SC,101,"198,0",BIGUACU,Ausência de reação do condutor,Colisão traseira,Com Vítimas Feridas,Pleno dia,Crescente,Sol,Múltipla,Reta,Sim,5,0,2,0,3,0,2,2,-27.52658712,-48.63506019,SPRF-SC,DEL01-SC,UOP01-DEL01-SC,2024
"572141,0",2024-01-02,terça-feira,13:20:00,SC,101,"119,7",ITAJAI,Ausência de reação do condutor,Colisão lateral mesmo sentido,Com Vítimas Feridas,Pleno dia,Decrescente,Céu Claro,Dupla,Reta,Não,2,0,1,0,0,1,1,2,-26.9043179,-48.71555481,SPRF-SC,DEL04-SC,UOP04-DEL04-SC,2024
"572157,0",2024-01-02,terça-feira,12:00:00,SC,470,"153,0",AGRONOMICA,Acumulo de óleo sobre o pavimento,Colisão frontal,Com Vítimas Feridas,Pleno dia,Decrescente,Chuva,Simples,Aclive;Curva,Não,6,0,5,1,0,0,6,2,-27.272911,-49.734741,SPRF-SC,DEL04-SC,UOP02-DEL04-SC,2024
"572163,0",2024-01-02,terça-feira,15:25:00,SC,101,"30,2",JOINVILLE,Manobra de mudança de faixa,Colisão traseira,Com Vítimas Feridas,Pleno dia,Decrescente,Nublado,Dupla,Viaduto,Não,4,0,1,0,2,1,1,3,-26.216931,-48.91612807,SPRF-SC,DEL03-SC,UOP01-DEL03-SC,2024
"572182,0",2024-01-02,terça-feira,15:30:00,SC,101,"72,7",ARAQUARI,Manobra de mudança de faixa,Colisão lateral mesmo sentido,Com Vítimas Feridas,Pleno dia,Decrescente,Nublado,Dupla,Reta,Sim,3,0,2,0,1,0,2,2,-26.52700004,-48.71551117,SPRF-SC,DEL03-SC,UOP02-DEL03-SC,2024
"572185,0",2024-01-02,terça-feira,08:20:00,SC,282,"310,0",VARGEM,Velocidade Incompatível,Colisão frontal,Com Vítimas Feridas,Pleno dia,Decrescente,Céu Claro,Simples,Aclive;Curva,Não,9,0,3,0,6,0,3,2,-27.49235971,-50.97266793,SPRF-SC,DEL07-SC,UOP06-DEL07-SC,2024
"572187,0",2024-01-02,terça-feira,14:45:00,SC,282,"135,2",BOM RETIRO,Acessar a via sem observar a presença dos outros veículos,Colisão transversal,Com Vítimas Feridas,Pleno dia,Crescente,Chuva,Simples,Curva,Não,4,0,2,0,2,0,2,2,-27.81867689,-49.55057144,SPRF-SC,DEL05-SC,UOP01-DEL05-SC,2024
"572191,0",2024-01-02,terça-feira,14:30:00,SC,282,"211,5",LAGES,Ausência de reação do condutor,Colisão traseira,Sem Vítimas,Pleno dia,Crescente,Chuva,Simples,Aclive;Reta,Não,3,0,0,0,3,0,0,3,-27.780222,-50.241741,SPRF-SC,DEL05-SC,UOP01-DEL05-SC,2024
"572216,0",2024-01-02,terça-feira,18:45:00,SC,282,"16,3",PALHOCA,Acessar a via sem observar a presença dos outros veículos,Colisão transversal,Com Vítimas Feridas,Anoitecer,Crescente,Garoa/Chuvisco,Simples,Interseção de Vias,Sim,2,0,1,0,1,0,1,2,-27.658611,-48.681847,SPRF-SC,DEL01-SC,UOP02-DEL01-SC,2024
"572234,0",2024-01-02,terça-feira,15:00:00,SC,101,"131,0",BALNEARIO CAMBORIU,Reação tardia ou ineficiente do condutor,Colisão lateral mesmo sentido,Com Vítimas Feridas,Pleno dia,Decrescente,Chuva,Dupla,Reta,Sim,2,0,1,0,1,0,1,2,-26.99064209,-48.66310912,SPRF-SC,DEL04-SC,UOP03-DEL04-SC,2024
"572237,0",2024-01-02,terça-feira,18:35:00,SC,101,"137,0",BALNEARIO CAMBORIU,Manobra de mudança de faixa,Colisão traseira,Com Vítimas Feridas,Anoitecer,Crescente,Nublado,Múltipla,Reta,Sim,2,0,1,0,1,0,1,2,-27.0157238,-48.61192763,SPRF-SC,DEL04-SC,UOP03-DEL04-SC,2024
"572238,0",2024-01-02,terça-feira,20:30:00,SC,101,"204,0",SAO JOSE,Reação tardia ou ineficiente do condutor,Colisão traseira,Com Vítimas Feridas,Plena Noite,Decrescente,Garoa/Chuvisco,Dupla,Aclive,Sim,2,0,0,1,1,0,1,2,-27.57413014,-48.61363083,SPRF-SC,DEL01-SC,UOP01-DEL01-SC,2024
"572240,0",2024-01-02,terça-feira,20:55:00,SC,101,"130,4",BALNEARIO CAMBORIU,Ausência de reação do condutor,Colisão traseira,Com Vítimas Feridas,Plena Noite,Decrescente,Chuva,Dupla,Reta,Não,2,0,1,0,1,0,1,2,-26.98407618,-48.66977107,SPRF-SC,DEL04-SC,UOP03-DEL04-SC,2024
"572242,0",2024-01-02,terça-feira,19:25:00,SC,101,"61,9",ARAQUARI,Manobra de mudança de faixa,Colisão traseira,Com Vítimas Feridas,Plena Noite,Decrescente,Nublado,Dupla,Reta,Não,3,0,2,0,1,0,2,2,-26.454849,-48.767477,SPRF-SC,DEL03-SC,UOP02-DEL03-SC,2024
"572243,0",2024-01-02,terça-feira,17:00:00,SC,282,"72,0",RANCHO QUEIMADO,Reação tardia ou ineficiente do condutor,Colisão frontal,Com Vítimas Feridas,Pleno dia,Crescente,Chuva,Simples,Curva,Não,3,0,3,0,0,0,3,2,-27.683439,-49.105259,SPRF-SC,DEL01-SC,UOP03-DEL01-SC,2024
"572249,0",2024-01-02,terça-feira,21:00:00,SC,470,"65,1",INDAIAL,Acessar a via sem observar a presença dos outros veículos,Colisão traseira,Com Vítimas Feridas,Plena Noite,Crescente,Garoa/Chuvisco,Simples,Declive;Reta;Em Obras,Sim,2,0,0,1,1,0,1,2,-26.87035342,-49.21186209,SPRF-SC,DEL04-SC,UOP01-DEL04-SC,2024
"572256,0",2024-01-02,terça-feira,21:30:00,SC,101,"210,7",SAO JOSE,Ultrapassagem Indevida,Colisão com objeto,Sem Vítimas,Plena Noite,Crescente,Chuva,Dupla,Reta,Sim,7,0,0,0,2,5,0,5,-27.62329313,-48.65245588,SPRF-SC,DEL01-SC,UOP01-DEL01-SC,2024
"572273,0",2024-01-02,terça-feira,23:30:00,SC,282,"6,0",SAO JOSE,Acumulo de água sobre o pavimento,Queda de ocupante de veículo,Com Vítimas Feridas,Plena Noite,Crescente,Chuva,Dupla,Curva,Não,2,0,2,0,0,0,2,1,-27.591936,-48.618244,SPRF-SC,DEL01-SC,UOP01-DEL01-SC,2024
"572274,0",2024-01-02,terça-feira,23:55:00,SC,101,"307,9",LAGUNA,Acessar a via sem observar a presença dos outros veículos,Colisão transversal,Com Vítimas Feridas,Plena Noite,Crescente,Céu Claro,Simples,Interseção de Vias;Reta,Sim,2,0,0,1,1,0,1,2,-28.399616,-48.7854,SPRF-SC,DEL02-SC,UOP01-DEL02-SC,2024
"572276,0",2024-01-02,terça-feira,22:30:00,SC,101,"16,0",GARUVA,Avarias e/ou desgaste excessivo no pneu,Saída de leito carroçável,Com Vítimas Feridas,Plena Noite,Decrescente,Nublado,Dupla,Aclive;Reta,Não,2,0,2,0,0,0,2,1,-26.11427473,-48.87647034,SPRF-SC,DEL03-SC,UOP01-DEL03-SC,2024
"572281,0",2024-01-03,quarta-feira,02:25:00,SC,101,"189,0",BIGUACU,Pista Escorregadia,Colisão lateral mesmo sentido,Com Vítimas Feridas,Plena Noite,Crescente,Chuva,Dupla,Curva,Não,7,0,1,0,6,0,1,3,-27.459393,-48.638914,SPRF-SC,DEL01-SC,UOP01-DEL01-SC,2024
"572299,0",2024-01-03,quarta-feira,06:10:00,SC,280,"33,0",ARAQUARI,Desrespeitar a preferência no cruzamento,Colisão transversal,Com Vítimas Feridas,Pleno dia,Crescente,Garoa/Chuvisco,Simples,Reta,Não,3,0,3,0,0,0,3,2,-26.42576441,-48.78741376,SPRF-SC,DEL03-SC,UOP03-DEL03-SC,2024
"572315,0",2024-01-03,quarta-feira,07:30:00,SC,101,"144,0",ITAPEMA,Trafegar com motocicleta (ou similar) entre as faixas,Colisão lateral mesmo sentido,Com Vítimas Feridas,Pleno dia,Decrescente,Chuva,Dupla,Reta,Não,2,0,1,0,1,0,1,2,-27.0732659,-48.59672716,SPRF-SC,DEL04-SC,UOP03-DEL04-SC,2024