id,data_inversa,dia_semana,horario,uf,br,km,municipio,causa_acidente,tipo_acidente,classificacao_acidente,fase_dia,sentido_via,condicao_metereologica,tipo_pista,tracado_via,uso_solo,pessoas,mortos,feridos_leves,feridos_graves,ilesos,ignorados,feridos,veiculos,latitude,longitude,regional,delegacia,uop,ano_arquivo
"574530,0",2024-01-13,sábado,21:30:00,SC,116,"246,0",LAGES,Acessar a via sem observar a presença dos outros veículos,Colisão lateral mesmo sentido,Com Vítimas Feridas,Plena Noite,Decrescente,Nublado,Simples,Reta;Interseção de Vias,Sim,2,0,0,1,1,0,1,2,-27.80419942,-50.36509464,SPRF-SC,DEL05-SC,UOP02-DEL05-SC,2024
"574532,0",2024-01-13,sábado,16:28:00,SC,280,"103,0",SAO BENTO DO SUL,Pista Escorregadia,Colisão frontal,Com Vítimas Feridas,Pleno dia,Decrescente,Garoa/Chuvisco,Simples,Curva;Declive,Não,7,0,4,0,3,0,4,2,-26.35967199,-49.347507,SPRF-SC,DEL06-SC,UOP03-DEL06-SC,2024
"574536,0",2024-01-13,sábado,21:20:00,SC,480,"124,0",CHAPECO,Acesso irregular,Atropelamento de Pedestre,Com Vítimas Feridas,Plena Noite,Crescente,Céu Claro,Dupla,Declive;Reta,Sim,5,0,0,1,4,0,1,2,-27.00359519,-52.64391044,SPRF-SC,DEL07-SC,UOP01-DEL07-SC,2024
"574550,0",2024-01-13,sábado,22:50:00,SC,282,"223,7",LAGES,Pedestre andava na pista,Atropelamento de Pedestre,Com Vítimas Fatais,Plena Noite,Decrescente,Nublado,Simples,Curva,Não,2,1,0,1,0,0,1,2,-27.7987205,-50.3593191,SPRF-SC,DEL05-SC,UOP02-DEL05-SC,2024
"574592,0",2024-01-14,domingo,01:30:00,SC,280,"206,8",MAFRA,Ingestão de álcool pelo condutor,Colisão com objeto,Com Vítimas Feridas,Plena Noite,Crescente,Céu Claro,Simples,Curva,Não,3,0,3,0,0,0,3,1,-26.1612574,-50.13125904,SPRF-SC,DEL06-SC,UOP01-DEL06-SC,2024
"574602,0",2024-01-14,domingo,06:00:00,SC,101,"102,5",BALNEARIO PICARRAS,Ausência de reação do condutor,Saída de leito carroçável,Com Vítimas Feridas,Pleno dia,Crescente,Céu Claro,Dupla,Reta,Não,1,0,0,1,0,0,1,1,-26.77383397,-48.68594062,SPRF-SC,DEL03-SC,UOP02-DEL03-SC,2024
"574636,0",2024-01-14,domingo,10:00:00,SC,101,"196,0",BIGUACU,Reação tardia ou ineficiente do condutor,Colisão traseira,Com Vítimas Feridas,Pleno dia,Decrescente,Céu Claro,Dupla,Reta,Sim,3,0,2,0,1,0,2,2,-27.51101091,-48.64322292,SPRF-SC,DEL01-SC,UOP01-DEL01-SC,2024
"574647,0",2024-01-14,domingo,11:30:00,SC,101,"135,6",BALNEARIO CAMBORIU,Trafegar com motocicleta (ou similar) entre as faixas,Colisão lateral mesmo sentido,Com Vítimas Feridas,Pleno dia,Decrescente,Sol,Dupla,Reta,Sim,2,0,1,0,1,0,1,2,-27.0050108,-48.62677494,SPRF-SC,DEL04-SC,UOP03-DEL04-SC,2024
"574652,0",2024-01-14,domingo,08:30:00,SC,282,"246,3",SAO JOSE DO CERRITO,Reação tardia ou ineficiente do condutor,Colisão com objeto,Com Vítimas Feridas,Pleno dia,Decrescente,Céu Claro,Simples,Curva,Não,2,0,1,0,1,0,1,1,-27.72642471,-50.53047895,SPRF-SC,DEL05-SC,UOP02-DEL05-SC,2024
"574663,0",2024-01-14,domingo,13:00:00,SC,280,"168,0",MAFRA,Reação tardia ou ineficiente do condutor,Colisão traseira,Com Vítimas Feridas,Pleno dia,Crescente,Céu Claro,Simples,Aclive;Curva,Não,3,0,1,0,2,0,1,2,-26.1600847,-49.81588937,SPRF-SC,DEL06-SC,UOP01-DEL06-SC,2024
"574680,0",2024-01-14,domingo,13:50:00,SC,101,"120,5",ITAJAI,Avarias e/ou desgaste excessivo no pneu,Tombamento,Com Vítimas Feridas,Pleno dia,Crescente,Céu Claro,Dupla,Reta,Sim,2,0,2,0,0,0,2,1,-26.912758,-48.711998,SPRF-SC,DEL04-SC,UOP04-DEL04-SC,2024
"574687,0",2024-01-14,domingo,15:00:00,SC,282,"22,4",SANTO AMARO DA IMPERATRIZ,Condutor deixou de manter distância do veículo da frente,Colisão traseira,Sem Vítimas,Pleno dia,Crescente,Céu Claro,Simples,Reta,Sim,2,0,0,0,2,0,0,2,-27.688507,-48.72739,SPRF-SC,DEL01-SC,UOP02-DEL01-SC,2024
"574701,0",2024-01-14,domingo,17:30:00,SC,280,"30,5",ARAQUARI,Ingestão de álcool pelo condutor,Colisão traseira,Com Vítimas Feridas,Pleno dia,Crescente,Céu Claro,Simples,Reta,Sim,2,0,0,1,1,0,1,2,-26.4141523,-48.76209493,SPRF-SC,DEL03-SC,UOP03-DEL03-SC,2024
"574710,0",2024-01-14,domingo,17:49:00,SC,101,"145,0",ITAPEMA,Acessar a via sem observar a presença dos outros veículos,Colisão lateral mesmo sentido,Sem Vítimas,Pleno dia,Decrescente,Céu Claro,Dupla,Reta,Sim,2,0,0,0,2,0,0,2,-27.08139206,-48.60130993,SPRF-SC,DEL04-SC,UOP03-DEL04-SC,2024
"574720,0",2024-01-14,domingo,18:20:00,SC,101,"187,2",BIGUACU,Acessar a via sem observar a presença dos outros veículos,Colisão lateral mesmo sentido,Sem Vítimas,Pleno dia,Crescente,Céu Claro,Dupla,Reta,Não,3,0,0,0,3,0,0,2,-27.44307116,-48.62848475,SPRF-SC,DEL01-SC,UOP01-DEL01-SC,2024
"574725,0",2024-01-14,domingo,18:30:00,SC,101,"223,0",PALHOCA,Trafegar com motocicleta (ou similar) entre as faixas,Colisão traseira,Com Vítimas Feridas,Anoitecer,Decrescente,Céu Claro,Dupla,Reta,Não,4,0,2,0,2,0,2,3,-27.71552634,-48.64881251,SPRF-SC,DEL01-SC,UOP02-DEL01-SC,2024
"574728,0",2024-01-14,domingo,19:10:00,SC,101,"193,2",BIGUACU,Objeto estático sobre o leito carroçável,Colisão com objeto,Com Vítimas Feridas,Anoitecer,Decrescente,Nublado,Dupla,Reta,Sim,1,0,1,0,0,0,1,1,-27.489574,-48.655914,SPRF-SC,DEL01-SC,UOP01-DEL01-SC,2024
"574729,0",2024-01-14,domingo,17:45:00,SC,101,"111,0",NAVEGANTES,Ausência de reação do condutor,Colisão com objeto,Com Vítimas Feridas,Anoitecer,Crescente,Nublado,Simples,Ponte,Não,1,0,0,1,0,0,1,1,-26.83955734,-48.71418074,SPRF-SC,DEL04-SC,UOP04-DEL04-SC,2024
"574732,0",2024-01-14,domingo,19:30:00,SC,101,"206,0",SAO JOSE,Ausência de reação do condutor,Colisão traseira,Com Vítimas Feridas,Plena Noite,Crescente,Céu Claro,Múltipla,Reta,Sim,2,0,1,0,0,1,1,2,-27.59193546,-48.61824557,SPRF-SC,DEL01-SC,UOP01-DEL01-SC,2024
"574735,0",2024-01-14,domingo,18:00:00,SC,470,"55,3",BLUMENAU,Ingestão de álcool pelo condutor,Colisão traseira,Sem Vítimas,Pleno dia,Decrescente,Céu Claro,Simples,Curva,Sim,3,0,0,0,3,0,0,2,-26.875601,-49.117992,SPRF-SC,DEL04-SC,UOP01-DEL04-SC,2024
"574738,0",2024-01-14,domingo,17:30:00,SC,116,"30,1",ITAIOPOLIS,Demais falhas mecânicas ou elétricas,Saída de leito carroçável,Com Vítimas Feridas,Pleno dia,Decrescente,Céu Claro,Simples,Reta,Não,1,0,1,0,0,0,1,1,-26.31187517,-49.96286886,SPRF-SC,DEL06-SC,UOP01-DEL06-SC,2024
"574755,0",2024-01-14,domingo,20:15:00,SC,282,"485,0",FAXINAL DOS GUEDES,Ingestão de álcool pelo condutor,Colisão traseira,Sem Vítimas,Plena Noite,Decrescente,Chuva,Simples,Reta,Não,2,0,0,0,2,0,0,2,-26.857132,-52.245258,SPRF-SC,DEL07-SC,UOP01-DEL07-SC,2024
"574764,0",2024-01-14,domingo,21:05:00,SC,101,"224,9",PALHOCA,Reação tardia ou ineficiente do condutor,Colisão lateral mesmo sentido,Com Vítimas Feridas,Plena Noite,Decrescente,Céu Claro,Múltipla,Reta;Aclive,Sim,2,0,0,1,0,1,1,2,-27.72384789,-48.64386769,SPRF-SC,DEL01-SC,UOP02-DEL01-SC,2024
"574769,0",2024-01-14,domingo,20:00:00,SC,282,"48,7",AGUAS MORNAS,Ultrapassagem Indevida,Colisão frontal,Com Vítimas Feridas,Plena Noite,Crescente,Céu Claro,Simples,Curva,Não,4,0,2,0,2,0,2,3,-27.714352,-48.938072,SPRF-SC,DEL01-SC,UOP03-DEL01-SC,2024
"574784,0",2024-01-14,domingo,22:40:00,SC,470,"40,0",GASPAR,Ausência de reação do condutor,Tombamento,Com Vítimas Feridas,Plena Noite,Crescente,Céu Claro,Simples,Reta,Não,1,0,1,0,0,0,1,1,-26.889574,-48.99094,SPRF-SC,DEL04-SC,UOP01-DEL04-SC,2024
"574788,0",2024-01-14,domingo,23:40:00,SC,101,"43,0",JOINVILLE,Transitar na contramão,Colisão lateral sentido oposto,Com Vítimas Feridas,Plena Noite,Crescente,Céu Claro,Dupla,Reta,Sim,2,0,1,0,1,0,1,2,-26.33175597,-48.86200011,SPRF-SC,DEL03-SC,UOP01-DEL03-SC,2024
"574824,0",2024-01-14,domingo,23:15:00,SC,101,"446,3",SANTA ROSA DO SUL,Reação tardia ou ineficiente do condutor,Saída de leito carroçável,Sem Vítimas,Plena Noite,Crescente,Ignorado,Dupla,Reta,Não,1,0,0,0,1,0,0,1,-29.14529081,-49.72240128,SPRF-SC,DEL02-SC,UOP02-DEL02-SC,2024
"574833,0",2024-01-15,segunda-feira,07:30:00,SC,101,"119,0",ITAJAI,Manobra de mudança de faixa,Colisão lateral mesmo sentido,Com Vítimas Feridas,Pleno dia,Decrescente,Sol,Múltipla,Reta,Não,2,0,1,0,1,0,1,2,-26.9043179,-48.71555481,SPRF-SC,DEL04-SC,UOP04-DEL04-SC,2024
"574834,0",2024-01-15,segunda-feira,07:30:00,SC,101,"191,9",BIGUACU,Avarias e/ou desgaste excessivo no pneu,Queda de ocupante de veículo,Com Vítimas Feridas,Pleno dia,Crescente,Céu Claro,Dupla,Reta,Não,2,0,2,0,0,0,2,1,-27.47730273,-48.64127329,SPRF-SC,DEL01-SC,UOP01-DEL01-SC,2024
"574866,0",2024-01-15,segunda-feira,08:20:00,SC,101,"83,5",BARRA VELHA,Reação tardia ou ineficiente do condutor,Colisão traseira,Com Vítimas Feridas,Pleno dia,Crescente,Nublado,Dupla,Reta,Sim,2,0,1,0,1,0,1,2,-26.61864896,-48.71859312,SPRF-SC,DEL03-SC,UOP02-DEL03-SC,2024
"574885,0",2024-01-15,segunda-feira,11:58:00,SC,282,"106,0",ALFREDO WAGNER,Acessar a via sem observar a presença dos outros veículos,Colisão transversal,Com Vítimas Feridas,Pleno dia,Crescente,Céu Claro,Simples,Reta,Não,2,0,1,0,1,0,1,2,-27.697609,-49.344734,SPRF-SC,DEL01-SC,UOP03-DEL01-SC,2024
"574908,0",2024-01-15,segunda-feira,07:45:00,SC,280,"235,2",CANOINHAS,Manobra de mudança de faixa,Colisão lateral sentido oposto,Sem Vítimas,Pleno dia,Crescente,Céu Claro,Simples,Reta,Não,2,0,0,0,2,0,0,2,-26.19206283,-50.41295701,SPRF-SC,DEL06-SC,UOP04-DEL06-SC,2024
"574911,0",2024-01-15,segunda-feira,15:00:00,SC,101,"189,6",BIGUACU,Reação tardia ou ineficiente do condutor,Saída de leito carroçável,Com Vítimas Feridas,Pleno dia,Crescente,Céu Claro,Dupla,Curva,Não,2,0,2,0,0,0,2,1,-27.459393,-48.638914,SPRF-SC,DEL01-SC,UOP01-DEL01-SC,2024
"574920,0",2024-01-15,segunda-feira,15:05:00,SC,101,"206,0",SAO JOSE,Trafegar com motocicleta (ou similar) entre as faixas,Colisão lateral mesmo sentido,Com Vítimas Feridas,Pleno dia,Crescente,Céu Claro,Múltipla,Reta,Sim,2,0,0,1,1,0,1,2,-27.60327979,-48.63201818,SPRF-SC,DEL01-SC,UOP01-DEL01-SC,2024
"574922,0",2024-01-15,segunda-feira,15:20:00,SC,101,"35,1",JOINVILLE,Ausência de reação do condutor,Colisão traseira,Sem Vítimas,Pleno dia,Decrescente,Chuva,Dupla,Reta;Declive,Não,3,0,0,0,1,2,0,3,-26.26570955,-48.89945984,SPRF-SC,DEL03-SC,UOP01-DEL03-SC,2024
"574934,0",2024-01-15,segunda-feira,16:30:00,SC,101,"135,0",BALNEARIO CAMBORIU,Objeto estático sobre o leito carroçável,Colisão com objeto,Com Vítimas Feridas,Pleno dia,Crescente,Céu Claro,Múltipla,Reta,Sim,1,0,1,0,0,0,1,1,-27.0050108,-48.62677494,SPRF-SC,DEL04-SC,UOP03-DEL04-SC,2024
"574936,0",2024-01-15,segunda-feira,11:30:00,SC,101,"357,0",SANGAO,Condutor deixou de manter distância do veículo da frente,Engavetamento,Com Vítimas Feridas,Pleno dia,Decrescente,Céu Claro,Dupla,Reta,Não,3,0,0,1,2,0,1,3,-28.635168,-49.09467,SPRF-SC,DEL02-SC,UOP01-DEL02-SC,2024
"574941,0",2024-01-15,segunda-feira,11:35:00,SC,282,"1,0",FLORIANOPOLIS,Pedestre andava na pista,Atropelamento de Pedestre,Com Vítimas Feridas,Pleno dia,Crescente,Céu Claro,Múltipla,Reta,Sim,2,0,0,1,0,1,1,2,-27.602955,-48.580509,SPRF-SC,DEL01-SC,UOP01-DEL01-SC,2024
"574952,0",2024-01-15,segunda-feira,17:40:00,SC,470,"70,0",INDAIAL,Reação tardia ou ineficiente do condutor,Colisão traseira,Com Vítimas Feridas,Pleno dia,Crescente,Nublado,Simples,Reta,Sim,2,0,2,0,0,0,2,2,-26.88942757,-49.25466503,SPRF-SC,DEL04-SC,UOP01-DEL04-SC,2024
"574953,0",2024-01-15,segunda-feira,13:44:00,SC,470,"138,0",RIO DO SUL,Reação tardia ou ineficiente do condutor,Colisão traseira,Com Vítimas Feridas,Pleno dia,Decrescente,Chuva,Simples,Reta,Sim,2,0,1,0,1,0,1,2,-27.207214,-49.648476,SPRF-SC,DEL04-SC,UOP02-DEL04-SC,2024
"574954,0",2024-01-05,sexta-feira,10:10:00,SC,101,"142,0",ITAPEMA,Afundamento ou ondulação no pavimento,Colisão com objeto,Com Vítimas Feridas,Pleno dia,Crescente,Chuva,Dupla,Declive,Sim,2,0,2,0,0,0,2,1,-27.056089,-48.599449,SPRF-SC,DEL04-SC,UOP03-DEL04-SC,2024
"574958,0",2024-01-15,segunda-feira,18:25:00,SC,280,"48,5",GUARAMIRIM,Retorno proibido,Colisão transversal,Com Vítimas Feridas,Pleno dia,Decrescente,Nublado,Simples,Reta;Aclive;Em Obras,Sim,3,0,2,0,1,0,2,2,-26.45506795,-48.92766502,SPRF-SC,DEL03-SC,UOP03-DEL03-SC,2024
"574968,0",2024-01-15,segunda-feira,18:25:00,SC,101,"120,7",ITAJAI,Condutor deixou de manter distância do veículo da frente,Colisão traseira,Com Vítimas Feridas,Anoitecer,Crescente,Céu Claro,Simples,Viaduto,Não,2,0,1,0,1,0,1,2,-26.912758,-48.711998,SPRF-SC,DEL04-SC,UOP04-DEL04-SC,2024
"574992,0",2024-01-15,segunda-feira,22:35:00,SC,101,"207,0",SAO JOSE,Reação tardia ou ineficiente do condutor,Colisão traseira,Com Vítimas Feridas,Plena Noite,Crescente,Céu Claro,Dupla,Reta,Sim,2,0,1,0,1,0,1,2,-27.60001226,-48.6226467,SPRF-SC,DEL01-SC,UOP01-DEL01-SC,2024
"574996,0",2024-01-15,segunda-feira,22:37:00,SC,101,"199,5",SAO JOSE,Transitar na contramão,Colisão frontal,Com Vítimas Feridas,Plena Noite,Crescente,Céu Claro,Dupla,Reta,Sim,4,0,0,2,0,2,2,4,-27.53413705,-48.63003205,SPRF-SC,DEL01-SC,UOP01-DEL01-SC,2024
"574999,0",2024-01-15,segunda-feira,22:30:00,SC,101,"43,8",JOINVILLE,Desrespeitar a preferência no cruzamento,Colisão frontal,Com Vítimas Feridas,Plena Noite,Crescente,Céu Claro,Simples,Interseção de Vias,Sim,2,0,1,0,1,0,1,2,-26.33806365,-48.85951102,SPRF-SC,DEL03-SC,UOP01-DEL03-SC,2024
"575017,0",2024-01-16,terça-feira,06:50:00,SC,470,"55,3",BLUMENAU,Condutor deixou de manter distância do veículo da frente,Colisão traseira,Com Vítimas Feridas,Pleno dia,Crescente,Céu Claro,Simples,Reta,Sim,2,0,1,0,1,0,1,2,-26.875601,-49.117992,SPRF-SC,DEL04-SC,UOP01-DEL04-SC,2024
"575018,0",2024-01-16,terça-feira,07:10:00,SC,101,"4,2",ARARANGUA,Desrespeitar a preferência no cruzamento,Colisão transversal,Com Vítimas Feridas,Pleno dia,Decrescente,Céu Claro,Simples,Reta;Interseção de Vias,Sim,2,0,2,0,0,0,2,2,-28.9356,-49.4864,SPRF-SC,DEL02-SC,UOP02-DEL02-SC,2024
"575087,0",2024-01-16,terça-feira,07:32:00,SC,101,"65,3",ARAQUARI,Ausência de reação do condutor,Queda de ocupante de veículo,Com Vítimas Feridas,Pleno dia,Crescente,Nublado,Múltipla,Retorno Regulamentado,Não,1,0,1,0,0,0,1,1,-26.47135714,-48.74457217,SPRF-SC,DEL03-SC,UOP02-DEL03-SC,2024
"575105,0",2024-01-16,terça-feira,14:45:00,SC,101,"152,4",PORTO BELO,Reação tardia ou ineficiente do condutor,Saída de leito carroçável,Com Vítimas Feridas,Pleno dia,Crescente,Céu Claro,Dupla,Reta,Não,2,0,1,1,0,0,2,1,-27.13563503,-48.61004665,SPRF-SC,DEL04-SC,UOP03-DEL04-SC,2024
"575126,0",2024-01-16,terça-feira,15:50:00,SC,101,"210,1",SAO JOSE,Reação tardia ou ineficiente do condutor,Colisão traseira,Com Vítimas Feridas,Pleno dia,Decrescente,Céu Claro,Dupla,Reta,Sim,4,0,1,0,3,0,1,2,-27.6167305,-48.6457265,SPRF-SC,DEL01-SC,UOP01-DEL01-SC,2024
"575127,0",2024-01-16,terça-feira,15:50:00,SC,470,"3,0",NAVEGANTES,Conversão proibida,Colisão lateral mesmo sentido,Com Vítimas Feridas,Pleno dia,Crescente,Céu Claro,Simples,Em Obras,Sim,3,0,2,0,1,0,2,2,-26.861937,-48.681618,SPRF-SC,DEL04-SC,UOP04-DEL04-SC,2024
"575142,0",2024-01-16,terça-feira,16:50:00,SC,101,"441,1",SANTA ROSA DO SUL,Acessar a via sem observar a presença dos outros veículos,Colisão transversal,Com Vítimas Feridas,Pleno dia,Crescente,Nublado,Simples,Viaduto,Sim,2,0,0,1,1,0,1,2,-29.12676736,-49.67703089,SPRF-SC,DEL02-SC,UOP02-DEL02-SC,2024
"575153,0",2024-01-16,terça-feira,18:15:00,SC,282,"501,3",XANXERE,Acessar a via sem observar a presença dos outros veículos,Colisão transversal,Com Vítimas Feridas,Pleno dia,Crescente,Nublado,Múltipla,Interseção de Vias;Rotatória,Sim,2,0,1,0,1,0,1,2,-26.8825194,-52.3799083,SPRF-SC,DEL07-SC,UOP01-DEL07-SC,2024
"575167,0",2024-01-16,terça-feira,15:45:00,SC,470,"144,0",RIO DO SUL,Ausência de reação do condutor,Colisão traseira,Com Vítimas Feridas,Pleno dia,Crescente,Céu Claro,Dupla,Reta,Não,3,0,0,1,2,0,1,2,-27.235138,-49.677608,SPRF-SC,DEL04-SC,UOP02-DEL04-SC,2024
"575211,0",2024-01-17,quarta-feira,05:00:00,SC,101,"208,0",SAO JOSE,Reação tardia ou ineficiente do condutor,Colisão traseira,Sem Vítimas,Amanhecer,Crescente,Chuva,Múltipla,Reta,Sim,3,0,0,0,2,1,0,2,-27.60327979,-48.63201818,SPRF-SC,DEL01-SC,UOP01-DEL01-SC,2024
"575215,0",2024-01-17,quarta-feira,06:40:00,SC,101,"207,1",SAO JOSE,Trafegar com motocicleta (ou similar) entre as faixas,Colisão lateral mesmo sentido,Com Vítimas Feridas,Pleno dia,Crescente,Garoa/Chuvisco,Múltipla,Reta,Sim,2,0,1,0,1,0,1,2,-27.60001226,-48.6226467,SPRF-SC,DEL01-SC,UOP01-DEL01-SC,2024
"575224,0",2024-01-17,quarta-feira,06:30:00,SC,470,"57,0",BLUMENAU,Condutor deixou de manter distância do veículo da frente,Colisão traseira,Com Vítimas Feridas,Amanhecer,Decrescente,Garoa/Chuvisco,Dupla,Rotatória;Em Obras,Sim,2,0,1,0,1,0,1,2,-26.880428,-49.136532,SPRF-SC,DEL04-SC,UOP01-DEL04-SC,2024
"575236,0",2024-01-17,quarta-feira,07:35:00,SC,116,"7,0",MAFRA,Reação tardia ou ineficiente do condutor,Colisão lateral mesmo sentido,Sem Vítimas,Pleno dia,Decrescente,Chuva,Simples,Reta;Interseção de Vias,Sim,2,0,0,0,1,1,0,2,-26.15196176,-49.83102416,SPRF-SC,DEL06-SC,UOP01-DEL06-SC,2024
"575239,0",2024-01-17,quarta-feira,07:58:00,SC,101,"202,0",SAO JOSE,Trafegar com motocicleta (ou similar) entre as faixas,Colisão lateral mesmo sentido,Com Vítimas Feridas,Pleno dia,Crescente,Garoa/Chuvisco,Múltipla,Reta,Não,2,0,1,0,1,0,1,2,-27.55711595,-48.61897889,SPRF-SC,DEL01-SC,UOP01-DEL01-SC,2024
"575241,0",2024-01-17,quarta-feira,07:40:00,SC,101,"121,0",ITAJAI,Condutor deixou de manter distância do veículo da frente,Colisão traseira,Com Vítimas Feridas,Pleno dia,Decrescente,Chuva,Múltipla,Reta,Sim,2,0,1,0,1,0,1,2,-26.92103178,-48.70856446,SPRF-SC,DEL04-SC,UOP04-DEL04-SC,2024
"575245,0",2024-01-17,quarta-feira,08:20:00,SC,101,"204,1",SAO JOSE,Ausência de reação do condutor,Queda de ocupante de veículo,Com Vítimas Feridas,Pleno dia,Decrescente,Garoa/Chuvisco,Múltipla,Reta,Sim,1,0,1,0,0,0,1,1,-27.57413014,-48.61363083,SPRF-SC,DEL01-SC,UOP01-DEL01-SC,2024
"575251,0",2024-01-17,quarta-feira,08:40:00,SC,101,"189,0",BIGUACU,Reação tardia ou ineficiente do condutor,Saída de leito carroçável,Com Vítimas Feridas,Pleno dia,Decrescente,Chuva,Dupla,Reta,Não,3,0,2,0,1,0,2,1,-27.459393,-48.638914,SPRF-SC,DEL01-SC,UOP01-DEL01-SC,2024
"575254,0",2024-01-17,quarta-feira,09:50:00,SC,101,"116,0",ITAJAI,Trafegar com motocicleta (ou similar) entre as faixas,Colisão lateral mesmo sentido,Com Vítimas Feridas,Pleno dia,Decrescente,Chuva,Dupla,Reta,Não,2,0,0,1,1,0,1,2,-26.87905605,-48.72603512,SPRF-SC,DEL04-SC,UOP04-DEL04-SC,2024
"575272,0",2024-01-17,quarta-feira,10:52:00,SC,101,"209,5",SAO JOSE,Reação tardia ou ineficiente do condutor,Colisão lateral mesmo sentido,Com Vítimas Feridas,Pleno dia,Decrescente,Céu Claro,Múltipla,Reta,Sim,1,0,1,0,0,0,1,1,-27.61000542,-48.63895057,SPRF-SC,DEL01-SC,UOP01-DEL01-SC,2024
"575308,0",2024-01-17,quarta-feira,15:00:00,SC,101,"194,5",BIGUACU,Transitar na contramão,Colisão frontal,Com Vítimas Feridas,Pleno dia,Crescente,Nublado,Dupla,Reta,Sim,2,0,1,0,1,0,1,2,-27.49815117,-48.65661236,SPRF-SC,DEL01-SC,UOP01-DEL01-SC,2024
"575342,0",2024-01-17,quarta-feira,18:20:00,SC,101,"191,9",BIGUACU,Ingestão de álcool pelo condutor,Saída de leito carroçável,Com Vítimas Feridas,Anoitecer,Crescente,Garoa/Chuvisco,Dupla,Curva,Não,1,0,1,0,0,0,1,1,-27.47730273,-48.64127329,SPRF-SC,DEL01-SC,UOP01-DEL01-SC,2024
"575345,0",2024-01-17,quarta-feira,17:30:00,SC,282,"2,8",FLORIANOPOLIS,Manobra de mudança de faixa,Colisão lateral mesmo sentido,Com Vítimas Feridas,Pleno dia,Crescente,Nublado,Dupla,Reta,Sim,2,0,1,0,1,0,1,2,-27.603289,-48.590416,SPRF-SC,DEL01-SC,UOP01-DEL01-SC,2024
"575359,0",2024-01-17,quarta-feira,19:25:00,SC,101,"126,0",ITAJAI,Reação tardia ou ineficiente do condutor,Tombamento,Com Vítimas Feridas,Plena Noite,Decrescente,Garoa/Chuvisco,Dupla,Curva,Não,1,0,1,0,0,0,1,1,-26.95564404,-48.67978366,SPRF-SC,DEL04-SC,UOP04-DEL04-SC,2024
"575362,0",2024-01-17,quarta-feira,18:42:00,SC,101,"341,8",TUBARAO,Ausência de reação do condutor,Colisão lateral sentido oposto,Com Vítimas Feridas,Anoitecer,Decrescente,Garoa/Chuvisco,Simples,Curva,Sim,2,0,0,1,1,0,1,2,-28.52873389,-49.05704498,SPRF-SC,DEL02-SC,UOP01-DEL02-SC,2024
"575366,0",2024-01-17,quarta-feira,18:40:00,SC,101,"213,1",PALHOCA,Reação tardia ou ineficiente do condutor,Queda de ocupante de veículo,Com Vítimas Feridas,Plena Noite,Crescente,Chuva,Múltipla,Reta;Declive,Sim,1,0,1,0,0,0,1,1,-27.63697369,-48.66514142,SPRF-SC,DEL01-SC,UOP02-DEL01-SC,2024
"575369,0",2024-01-17,quarta-feira,18:45:00,SC,101,"213,1",PALHOCA,Acumulo de água sobre o pavimento,Queda de ocupante de veículo,Com Vítimas Feridas,Plena Noite,Crescente,Chuva,Múltipla,Reta,Sim,1,0,1,0,0,0,1,1,-27.63697369,-48.66514142,SPRF-SC,DEL01-SC,UOP02-DEL01-SC,2024
"575377,0",2024-01-17,quarta-feira,18:20:00,SC,280,"31,0",ARAQUARI,Manobra de mudança de faixa,Colisão lateral mesmo sentido,Com Vítimas Feridas,Anoitecer,Decrescente,Nublado,Simples,Reta,Não,3,0,2,0,1,0,2,2,-26.41649938,-48.77181215,SPRF-SC,DEL03-SC,UOP03-DEL03-SC,2024
"575381,0",2024-01-17,quarta-feira,20:30:00,SC,101,"43,5",JOINVILLE,Transitar na contramão,Colisão frontal,Com Vítimas Feridas,Plena Noite,Crescente,Garoa/Chuvisco,Simples,Reta;Declive,Sim,2,0,0,1,1,0,1,2,-26.33263384,-48.86166215,SPRF-SC,DEL03-SC,UOP01-DEL03-SC,2024
"575392,0",2024-01-17,quarta-feira,21:20:00,SC,101,"229,1",PALHOCA,Acumulo de água sobre o pavimento,Colisão com objeto,Com Vítimas Feridas,Plena Noite,Decrescente,Chuva,Dupla,Aclive;Curva,Não,2,0,1,1,0,0,2,1,-27.7688932,-48.63205379,SPRF-SC,DEL01-SC,UOP02-DEL01-SC,2024
"575410,0",2024-01-18,quinta-feira,05:20:00,SC,101,"202,1",SAO JOSE,Velocidade Incompatível,Colisão traseira,Com Vítimas Feridas,Amanhecer,Crescente,Garoa/Chuvisco,Dupla,Reta,Sim,2,0,1,0,1,0,1,2,-27.55711595,-48.61897889,SPRF-SC,DEL01-SC,UOP01-DEL01-SC,2024
"575424,0",2024-01-18,quinta-feira,07:00:00,SC,101,"212,0",PALHOCA,Chuva,Queda de ocupante de veículo,Com Vítimas Feridas,Pleno dia,Crescente,Chuva,Dupla,Reta,Sim,1,0,1,0,0,0,1,1,-27.62996929,-48.65903871,SPRF-SC,DEL01-SC,UOP02-DEL01-SC,2024
"575448,0",2024-01-18,quinta-feira,07:50:00,SC,101,"40,9",JOINVILLE,Manobra de mudança de faixa,Colisão lateral mesmo sentido,Com Vítimas Feridas,Pleno dia,Crescente,Nublado,Dupla,Aclive;Reta,Não,2,0,1,0,1,0,1,2,-26.28215489,-48.88973081,SPRF-SC,DEL03-SC,UOP01-DEL03-SC,2024