id,data_inversa,dia_semana,horario,uf,br,km,municipio,causa_acidente,tipo_acidente,classificacao_acidente,fase_dia,sentido_via,condicao_metereologica,tipo_pista,tracado_via,uso_solo,pessoas,mortos,feridos_leves,feridos_graves,ilesos,ignorados,feridos,veiculos,latitude,longitude,regional,delegacia,uop,ano_arquivo
"576220,0",2024-01-21,domingo,15:30:00,SC,282,"54,4",AGUAS MORNAS,Chuva,Saída de leito carroçável,Com Vítimas Feridas,Pleno dia,Crescente,Chuva,Simples,Curva,Não,1,0,1,0,0,0,1,1,-27.68813967,-48.97734046,SPRF-SC,DEL01-SC,UOP03-DEL01-SC,2024
"576262,0",2024-01-21,domingo,17:55:00,SC,101,"205,4",SAO JOSE,Velocidade Incompatível,Colisão traseira,Com Vítimas Feridas,Anoitecer,Crescente,Nublado,Múltipla,Reta,Sim,2,0,1,0,1,0,1,2,-27.58313237,-48.61532885,SPRF-SC,DEL01-SC,UOP01-DEL01-SC,2024
"576269,0",2024-01-21,domingo,18:00:00,SC,101,"146,6",ITAPEMA,Reação tardia ou ineficiente do condutor,Colisão transversal,Com Vítimas Feridas,Pleno dia,Crescente,Nublado,Múltipla,Interseção de Vias,Sim,2,0,1,0,1,0,1,2,-27.08666525,-48.60955587,SPRF-SC,DEL04-SC,UOP03-DEL04-SC,2024
"576271,0",2024-01-21,domingo,15:15:00,SC,282,"4,0",FLORIANOPOLIS,Entrada inopinada do pedestre,Atropelamento de Pedestre,Com Vítimas Fatais,Pleno dia,Decrescente,Chuva,Múltipla,Reta,Sim,2,1,0,0,1,0,0,2,-27.592646,-48.604034,SPRF-SC,DEL01-SC,UOP01-DEL01-SC,2024
"576278,0",2024-01-21,domingo,19:40:00,SC,101,"25,6",JOINVILLE,Acumulo de água sobre o pavimento,Queda de ocupante de veículo,Com Vítimas Feridas,Plena Noite,Crescente,Chuva,Dupla,Reta,Não,2,0,2,0,0,0,2,1,-26.1834739,-48.9105912,SPRF-SC,DEL03-SC,UOP01-DEL03-SC,2024
"576307,0",2024-01-21,domingo,21:30:00,SC,101,"146,0",ITAPEMA,Ausência de reação do condutor,Colisão traseira,Sem Vítimas,Plena Noite,Crescente,Garoa/Chuvisco,Múltipla,Interseção de Vias;Viaduto,Sim,2,0,0,0,2,0,0,2,-27.08666525,-48.60955587,SPRF-SC,DEL04-SC,UOP03-DEL04-SC,2024
"576325,0",2024-01-22,segunda-feira,02:30:00,SC,470,"7,3",NAVEGANTES,Transitar na contramão,Colisão transversal,Com Vítimas Feridas,Plena Noite,Crescente,Céu Claro,Múltipla,Aclive;Viaduto,Sim,2,0,1,0,1,0,1,2,-26.84499,-48.71505,SPRF-SC,DEL04-SC,UOP04-DEL04-SC,2024
"576346,0",2024-01-22,segunda-feira,07:00:00,SC,101,"211,5",PALHOCA,Manobra de mudança de faixa,Colisão lateral mesmo sentido,Com Vítimas Feridas,Pleno dia,Decrescente,Garoa/Chuvisco,Dupla,Reta,Sim,2,0,1,0,1,0,1,2,-27.62636516,-48.65504891,SPRF-SC,DEL01-SC,UOP02-DEL01-SC,2024
"576372,0",2024-01-22,segunda-feira,08:00:00,SC,282,"1,0",FLORIANOPOLIS,Manobra de mudança de faixa,Colisão lateral mesmo sentido,Com Vítimas Feridas,Pleno dia,Decrescente,Nublado,Múltipla,Reta,Não,2,0,1,0,1,0,1,2,-27.602955,-48.580509,SPRF-SC,DEL01-SC,UOP01-DEL01-SC,2024
"576380,0",2024-01-22,segunda-feira,09:30:00,SC,282,"4,0",FLORIANOPOLIS,Trafegar com motocicleta (ou similar) entre as faixas,Colisão lateral mesmo sentido,Com Vítimas Feridas,Pleno dia,Decrescente,Céu Claro,Múltipla,Reta,Sim,2,0,1,0,1,0,1,2,-27.592646,-48.604034,SPRF-SC,DEL01-SC,UOP01-DEL01-SC,2024
"576383,0",2024-01-22,segunda-feira,08:20:00,SC,282,"220,0",LAGES,Mal súbito do condutor,Saída de leito carroçável,Com Vítimas Feridas,Amanhecer,Crescente,Nublado,Simples,Reta,Sim,1,0,1,0,0,0,1,1,-27.794014,-50.33363,SPRF-SC,DEL05-SC,UOP01-DEL05-SC,2024
"576409,0",2024-01-01,segunda-feira,11:15:00,SC,101,"12,0",GARUVA,Manobra de mudança de faixa,Colisão lateral mesmo sentido,Com Vítimas Feridas,Pleno dia,Decrescente,Sol,Dupla,Reta,Não,3,0,1,1,1,0,2,2,-26.08104399,-48.86175612,SPRF-SC,DEL03-SC,UOP01-DEL03-SC,2024
"576410,0",2024-01-22,segunda-feira,10:30:00,SC,101,"106,0",PENHA,Ausência de reação do condutor,Tombamento,Com Vítimas Feridas,Pleno dia,Decrescente,Nublado,Dupla,Curva,Não,1,0,1,0,0,0,1,1,-26.81031601,-48.68293896,SPRF-SC,DEL03-SC,UOP02-DEL03-SC,2024
"576431,0",2024-01-22,segunda-feira,14:00:00,SC,101,"210,0",SAO JOSE,Trafegar com motocicleta (ou similar) entre as faixas,Colisão lateral mesmo sentido,Com Vítimas Feridas,Pleno dia,Crescente,Nublado,Dupla,Reta,Sim,3,0,1,0,2,0,1,3,-27.6167305,-48.6457265,SPRF-SC,DEL01-SC,UOP01-DEL01-SC,2024
"576434,0",2024-01-22,segunda-feira,13:00:00,SC,101,"135,4",BALNEARIO CAMBORIU,Transitar na contramão,Colisão frontal,Com Vítimas Feridas,Pleno dia,Crescente,Nublado,Simples,Declive;Curva,Sim,2,0,1,0,1,0,1,2,-27.0050108,-48.62677494,SPRF-SC,DEL04-SC,UOP03-DEL04-SC,2024
"576478,0",2024-01-22,segunda-feira,16:40:00,SC,101,"146,0",ITAPEMA,Reação tardia ou ineficiente do condutor,Colisão traseira,Com Vítimas Feridas,Pleno dia,Decrescente,Chuva,Múltipla,Reta,Sim,2,0,1,0,1,0,1,2,-27.08666525,-48.60955587,SPRF-SC,DEL04-SC,UOP03-DEL04-SC,2024
"576486,0",2024-01-22,segunda-feira,15:30:00,SC,101,"50,0",JOINVILLE,Condutor deixou de manter distância do veículo da frente,Colisão traseira,Com Vítimas Feridas,Pleno dia,Decrescente,Garoa/Chuvisco,Dupla,Reta,Não,4,0,1,0,3,0,1,3,-26.37546719,-48.85479619,SPRF-SC,DEL03-SC,UOP01-DEL03-SC,2024
"576487,0",2024-01-22,segunda-feira,17:46:00,SC,101,"36,0",JOINVILLE,Reação tardia ou ineficiente do condutor,Engavetamento,Com Vítimas Feridas,Anoitecer,Decrescente,Chuva,Dupla,Reta,Não,5,0,2,0,3,0,2,3,-26.2764665,-48.8928359,SPRF-SC,DEL03-SC,UOP01-DEL03-SC,2024
"576488,0",2024-01-22,segunda-feira,18:30:00,SC,101,"217,0",PALHOCA,Avarias e/ou desgaste excessivo no pneu,Tombamento,Com Vítimas Feridas,Anoitecer,Crescente,Chuva,Múltipla,Declive;Reta,Sim,2,0,1,0,1,0,1,1,-27.66779034,-48.67393586,SPRF-SC,DEL01-SC,UOP02-DEL01-SC,2024
"576503,0",2024-01-22,segunda-feira,20:00:00,SC,101,"199,8",BIGUACU,Demais falhas mecânicas ou elétricas,Queda de ocupante de veículo,Com Vítimas Feridas,Plena Noite,Decrescente,Céu Claro,Múltipla,Reta,Sim,2,0,2,0,0,0,2,1,-27.53413705,-48.63003205,SPRF-SC,DEL01-SC,UOP01-DEL01-SC,2024
"576505,0",2024-01-22,segunda-feira,19:00:00,SC,101,"130,8",CAMBORIU,Demais falhas na via,Tombamento,Com Vítimas Feridas,Plena Noite,Crescente,Chuva,Múltipla,Reta,Sim,1,0,1,0,0,0,1,1,-26.98407618,-48.66977107,SPRF-SC,DEL04-SC,UOP03-DEL04-SC,2024
"576527,0",2024-01-22,segunda-feira,21:15:00,SC,101,"436,6",SOMBRIO,Ausência de reação do condutor,Colisão traseira,Com Vítimas Feridas,Plena Noite,Decrescente,Nublado,Múltipla,Declive;Reta,Sim,3,0,2,0,0,1,2,2,-29.09949414,-49.63480552,SPRF-SC,DEL02-SC,UOP02-DEL02-SC,2024
"576533,0",2024-01-22,segunda-feira,23:25:00,SC,101,"142,0",ITAPEMA,Velocidade Incompatível,Colisão traseira,Com Vítimas Feridas,Plena Noite,Crescente,Chuva,Dupla,Reta,Sim,3,0,1,0,2,0,1,2,-27.056089,-48.599449,SPRF-SC,DEL04-SC,UOP03-DEL04-SC,2024
"576536,0",2024-01-22,segunda-feira,23:30:00,SC,101,"87,0",BARRA VELHA,Reação tardia ou ineficiente do condutor,Atropelamento de Pedestre,Com Vítimas Feridas,Plena Noite,Crescente,Céu Claro,Dupla,Interseção de Vias;Aclive,Sim,2,0,1,0,1,0,1,2,-26.63713377,-48.69651057,SPRF-SC,DEL03-SC,UOP02-DEL03-SC,2024
"576537,0",2024-01-22,segunda-feira,18:30:00,SC,101,"461,8",PASSO DE TORRES,Reação tardia ou ineficiente do condutor,Saída de leito carroçável,Sem Vítimas,Pleno dia,Decrescente,Céu Claro,Dupla,Reta,Não,1,0,0,0,1,0,0,1,-29.26681993,-49.75517865,SPRF-RS,DEL03-RS,UOP02-DEL03-RS,2024
"576539,0",2024-01-23,terça-feira,00:10:00,SC,101,"202,8",SAO JOSE,Reação tardia ou ineficiente do condutor,Saída de leito carroçável,Sem Vítimas,Plena Noite,Crescente,Chuva,Dupla,Reta,Sim,5,0,0,0,1,4,0,2,-27.56329607,-48.61553997,SPRF-SC,DEL01-SC,UOP01-DEL01-SC,2024
"576542,0",2024-01-23,terça-feira,00:10:00,SC,101,"112,0",NAVEGANTES,Avarias e/ou desgaste excessivo no pneu,Tombamento,Com Vítimas Feridas,Plena Noite,Decrescente,Chuva,Dupla,Interseção de Vias,Não,2,0,1,0,1,0,1,1,-26.84589005,-48.72131295,SPRF-SC,DEL04-SC,UOP04-DEL04-SC,2024
"576589,0",2024-01-23,terça-feira,07:50:00,SC,116,"15,0",MAFRA,Acesso irregular,Colisão lateral mesmo sentido,Com Vítimas Feridas,Pleno dia,Decrescente,Chuva,Simples,Reta,Não,4,0,3,0,1,0,3,2,-26.20122513,-49.88054366,SPRF-SC,DEL06-SC,UOP01-DEL06-SC,2024
"576616,0",2024-01-23,terça-feira,12:00:00,SC,153,"97,2",CONCORDIA,Acessar a via sem observar a presença dos outros veículos,Colisão transversal,Com Vítimas Feridas,Pleno dia,Decrescente,Céu Claro,Simples,Reta,Sim,3,0,2,0,1,0,2,2,-27.220152,-51.948879,SPRF-SC,DEL07-SC,UOP04-DEL07-SC,2024
"576643,0",2024-01-23,terça-feira,15:00:00,SC,101,"212,8",PALHOCA,Manobra de mudança de faixa,Colisão lateral mesmo sentido,Sem Vítimas,Pleno dia,Decrescente,Nublado,Dupla,Reta,Não,2,0,0,0,1,1,0,2,-27.62996929,-48.65903871,SPRF-SC,DEL01-SC,UOP02-DEL01-SC,2024
"576652,0",2024-01-23,terça-feira,15:30:00,SC,282,"431,2",VARGEM BONITA,Acumulo de areia ou detritos sobre o pavimento,Colisão com objeto,Sem Vítimas,Pleno dia,Decrescente,Céu Claro,Simples,Reta,Não,2,0,0,0,2,0,0,1,-26.97927012,-51.79985046,SPRF-SC,DEL07-SC,UOP05-DEL07-SC,2024
"576660,0",2024-01-23,terça-feira,16:05:00,SC,101,"144,0",ITAPEMA,Condutor deixou de manter distância do veículo da frente,Colisão traseira,Com Vítimas Feridas,Pleno dia,Decrescente,Céu Claro,Dupla,Reta,Sim,5,0,3,0,2,0,3,2,-27.0732659,-48.59672716,SPRF-SC,DEL04-SC,UOP03-DEL04-SC,2024
"576676,0",2024-01-23,terça-feira,17:15:00,SC,101,"202,0",SAO JOSE,Trafegar com motocicleta (ou similar) entre as faixas,Colisão lateral mesmo sentido,Com Vítimas Feridas,Pleno dia,Crescente,Céu Claro,Múltipla,Reta,Sim,2,0,1,0,1,0,1,2,-27.55711595,-48.61897889,SPRF-SC,DEL01-SC,UOP01-DEL01-SC,2024
"576686,0",2024-01-23,terça-feira,14:15:00,SC,282,"90,7",ALFREDO WAGNER,Ingestão de substâncias psicoativas pelo condutor,Colisão frontal,Com Vítimas Feridas,Pleno dia,Decrescente,Garoa/Chuvisco,Simples,Reta,Não,5,0,2,2,1,0,4,2,-27.683796,-49.222366,SPRF-SC,DEL01-SC,UOP03-DEL01-SC,2024
"576687,0",2024-01-11,quinta-feira,20:45:00,SC,470,"132,0",RIO DO SUL,Ultrapassagem Indevida,Colisão transversal,Com Vítimas Feridas,Plena Noite,Crescente,Céu Claro,Simples,Reta,Sim,3,0,1,1,1,0,2,2,-27.170237,-49.574718,SPRF-SC,DEL04-SC,UOP02-DEL04-SC,2024
"576692,0",2024-01-23,terça-feira,06:00:00,SC,282,"68,5",RANCHO QUEIMADO,Velocidade Incompatível,Saída de leito carroçável,Com Vítimas Feridas,Plena Noite,Crescente,Chuva,Simples,Curva,Não,1,0,1,0,0,0,1,1,-27.692406,-49.075939,SPRF-SC,DEL01-SC,UOP03-DEL01-SC,2024
"576700,0",2024-01-23,terça-feira,17:40:00,SC,282,"1,0",FLORIANOPOLIS,Ausência de reação do condutor,Colisão traseira,Com Vítimas Feridas,Pleno dia,Crescente,Nublado,Dupla,Reta,Sim,2,0,1,0,0,1,1,2,-27.602955,-48.580509,SPRF-SC,DEL01-SC,UOP01-DEL01-SC,2024
"576734,0",2024-01-23,terça-feira,17:00:00,SC,470,"110,0",APIUNA,Reação tardia ou ineficiente do condutor,Saída de leito carroçável,Sem Vítimas,Plena Noite,Crescente,Nublado,Simples,Reta,Não,1,0,0,0,1,0,0,1,-27.0909835,-49.45838191,SPRF-SC,DEL04-SC,UOP02-DEL04-SC,2024
"576781,0",2024-01-24,quarta-feira,09:00:00,SC,101,"371,0",ICARA,Reação tardia ou ineficiente do condutor,Colisão com objeto,Com Vítimas Fatais,Pleno dia,Decrescente,Céu Claro,Dupla,Reta,Sim,2,1,1,0,0,0,1,1,-28.71163,-49.21395,SPRF-SC,DEL02-SC,UOP01-DEL02-SC,2024
"576806,0",2024-01-24,quarta-feira,09:30:00,SC,280,"139,9",RIO NEGRINHO,Velocidade Incompatível,Saída de leito carroçável,Com Vítimas Feridas,Pleno dia,Crescente,Garoa/Chuvisco,Simples,Reta,Não,2,0,2,0,0,0,2,1,-26.254826,-49.603124,SPRF-SC,DEL06-SC,UOP03-DEL06-SC,2024
"576838,0",2024-01-24,quarta-feira,16:00:00,SC,101,"289,0",IMBITUBA,Reação tardia ou ineficiente do condutor,Colisão traseira,Sem Vítimas,Pleno dia,Crescente,Chuva,Múltipla,Reta;Aclive,Não,2,0,0,0,2,0,0,2,-28.27974902,-48.70121777,SPRF-SC,DEL02-SC,UOP03-DEL02-SC,2024
"576839,0",2024-01-24,quarta-feira,16:15:00,SC,101,"175,0",BIGUACU,Pista Escorregadia,Saída de leito carroçável,Com Vítimas Feridas,Pleno dia,Decrescente,Céu Claro,Dupla,Curva,Não,4,0,2,0,2,0,2,1,-27.33963303,-48.62734885,SPRF-SC,DEL01-SC,UOP01-DEL01-SC,2024
"576847,0",2024-01-24,quarta-feira,12:30:00,SC,101,"437,0",SOMBRIO,Avarias e/ou desgaste excessivo no pneu,Saída de leito carroçável,Com Vítimas Feridas,Pleno dia,Crescente,Garoa/Chuvisco,Dupla,Declive;Curva,Não,2,0,2,0,0,0,2,1,-29.122587,-49.64502,SPRF-SC,DEL02-SC,UOP02-DEL02-SC,2024
"576864,0",2024-01-24,quarta-feira,18:45:00,SC,101,"202,0",SAO JOSE,Acessar a via sem observar a presença dos outros veículos,Colisão lateral mesmo sentido,Com Vítimas Feridas,Anoitecer,Decrescente,Céu Claro,Múltipla,Reta,Sim,2,0,1,0,1,0,1,2,-27.55711595,-48.61897889,SPRF-SC,DEL01-SC,UOP01-DEL01-SC,2024
"576931,0",2024-01-25,quinta-feira,07:05:00,SC,101,"133,8",BALNEARIO CAMBORIU,Desrespeitar a preferência no cruzamento,Colisão transversal,Com Vítimas Feridas,Pleno dia,Crescente,Céu Claro,Múltipla,Interseção de Vias,Sim,2,0,1,0,1,0,1,2,-26.99982308,-48.64615202,SPRF-SC,DEL04-SC,UOP03-DEL04-SC,2024
"576939,0",2024-01-25,quinta-feira,06:30:00,SC,282,"63,8",RANCHO QUEIMADO,Velocidade Incompatível,Saída de leito carroçável,Com Vítimas Feridas,Pleno dia,Decrescente,Garoa/Chuvisco,Simples,Curva,Não,4,0,2,1,0,1,3,2,-27.695372,-49.042824,SPRF-SC,DEL01-SC,UOP03-DEL01-SC,2024
"576953,0",2024-01-25,quinta-feira,10:12:00,SC,280,"20,0",ARAQUARI,Acessar a via sem observar a presença dos outros veículos,Colisão transversal,Com Vítimas Feridas,Pleno dia,Decrescente,Nublado,Simples,Reta,Sim,2,0,1,0,1,0,1,2,-26.36990477,-48.68224301,SPRF-SC,DEL03-SC,UOP03-DEL03-SC,2024
"576985,0",2024-01-25,quinta-feira,12:45:00,SC,282,"363,9",ERVAL VELHO,Mal súbito do condutor,Saída de leito carroçável,Com Vítimas Feridas,Pleno dia,Crescente,Garoa/Chuvisco,Simples,Aclive;Reta,Não,2,0,2,0,0,0,2,1,-27.302458,-51.390484,SPRF-SC,DEL07-SC,UOP05-DEL07-SC,2024
"577002,0",2024-01-25,quinta-feira,14:05:00,SC,101,"275,6",IMBITUBA,Animais na Pista,Tombamento,Com Vítimas Feridas,Pleno dia,Crescente,Céu Claro,Simples,Reta,Sim,1,0,1,0,0,0,1,1,-28.138086,-48.69218292,SPRF-SC,DEL02-SC,UOP03-DEL02-SC,2024
"577028,0",2024-01-25,quinta-feira,16:40:00,SC,101,"199,0",SAO JOSE,Problema com o freio,Colisão traseira,Com Vítimas Feridas,Pleno dia,Crescente,Nublado,Múltipla,Reta,Sim,2,0,0,1,1,0,1,2,-27.53413705,-48.63003205,SPRF-SC,DEL01-SC,UOP01-DEL01-SC,2024
"577034,0",2024-01-25,quinta-feira,16:40:00,SC,101,"206,0",SAO JOSE,Demais falhas mecânicas ou elétricas,Tombamento,Com Vítimas Feridas,Pleno dia,Decrescente,Nublado,Múltipla,Reta,Sim,2,0,0,1,1,0,1,1,-27.59193546,-48.61824557,SPRF-SC,DEL01-SC,UOP01-DEL01-SC,2024
"577039,0",2024-01-25,quinta-feira,17:10:00,SC,101,"346,5",JAGUARUNA,Ausência de reação do condutor,Tombamento,Com Vítimas Feridas,Pleno dia,Decrescente,Céu Claro,Dupla,Reta,Não,2,0,2,0,0,0,2,1,-28.55485199,-49.0540891,SPRF-SC,DEL02-SC,UOP01-DEL02-SC,2024
"577078,0",2024-01-25,quinta-feira,18:20:00,SC,101,"135,0",BALNEARIO CAMBORIU,Suicídio (presumido),Saída de leito carroçável,Com Vítimas Feridas,Anoitecer,Crescente,Céu Claro,Múltipla,Reta,Sim,1,0,1,0,0,0,1,1,-27.0050108,-48.62677494,SPRF-SC,DEL04-SC,UOP03-DEL04-SC,2024
"577079,0",2024-01-25,quinta-feira,20:30:00,SC,470,"249,9",CURITIBANOS,Transitar na contramão,Colisão frontal,Com Vítimas Feridas,Plena Noite,Crescente,Nublado,Simples,Rotatória;Reta,Sim,2,0,1,1,0,0,2,2,-27.31237502,-50.57787895,SPRF-SC,DEL05-SC,UOP03-DEL05-SC,2024
"577088,0",2024-01-25,quinta-feira,22:10:00,SC,470,"76,1",INDAIAL,Animais na Pista,Atropelamento de Animal,Com Vítimas Feridas,Plena Noite,Crescente,Céu Claro,Simples,Reta,Não,3,0,1,0,1,1,1,2,-26.93865615,-49.29114424,SPRF-SC,DEL04-SC,UOP01-DEL04-SC,2024
"577090,0",2024-01-25,quinta-feira,22:10:00,SC,101,"200,0",SAO JOSE,Transitar na contramão,Colisão frontal,Com Vítimas Feridas,Plena Noite,Crescente,Céu Claro,Múltipla,Aclive;Reta,Sim,2,0,1,0,1,0,1,2,-27.54018513,-48.62287714,SPRF-SC,DEL01-SC,UOP01-DEL01-SC,2024
"577107,0",2024-01-26,sexta-feira,00:05:00,SC,470,"137,2",RIO DO SUL,Velocidade Incompatível,Colisão com objeto,Com Vítimas Feridas,Plena Noite,Crescente,Nublado,Simples,Curva;Ponte,Sim,1,0,1,0,0,0,1,1,-27.203201,-49.635063,SPRF-SC,DEL04-SC,UOP02-DEL04-SC,2024
"577119,0",2024-01-26,sexta-feira,06:30:00,SC,101,"253,0",PAULO LOPES,Ausência de reação do condutor,Capotamento,Com Vítimas Feridas,Pleno dia,Crescente,Chuva,Dupla,Curva,Não,1,0,1,0,0,0,1,1,-27.96492999,-48.67962057,SPRF-SC,DEL02-SC,UOP03-DEL02-SC,2024
"577137,0",2024-01-26,sexta-feira,08:45:00,SC,101,"186,7",BIGUACU,Acumulo de água sobre o pavimento,Saída de leito carroçável,Com Vítimas Feridas,Pleno dia,Crescente,Garoa/Chuvisco,Dupla,Curva,Não,3,0,2,0,1,0,2,1,-27.4341098,-48.62567129,SPRF-SC,DEL01-SC,UOP01-DEL01-SC,2024
"577140,0",2024-01-26,sexta-feira,08:20:00,SC,470,"40,4",GASPAR,Demais falhas mecânicas ou elétricas,Incêndio,Sem Vítimas,Pleno dia,Decrescente,Garoa/Chuvisco,Dupla,Reta,Não,1,0,0,0,1,0,0,1,-26.889574,-48.99094,SPRF-SC,DEL04-SC,UOP01-DEL04-SC,2024
"577146,0",2024-01-26,sexta-feira,08:45:00,SC,101,"195,0",BIGUACU,Ausência de reação do condutor,Colisão traseira,Com Vítimas Feridas,Pleno dia,Crescente,Chuva,Dupla,Reta,Não,3,0,2,0,1,0,2,2,-27.5047092,-48.65010819,SPRF-SC,DEL01-SC,UOP01-DEL01-SC,2024
"577171,0",2024-01-26,sexta-feira,12:00:00,SC,101,"202,0",SAO JOSE,Trafegar com motocicleta (ou similar) entre as faixas,Colisão lateral mesmo sentido,Com Vítimas Feridas,Pleno dia,Decrescente,Garoa/Chuvisco,Múltipla,Reta,Sim,2,0,1,0,1,0,1,2,-27.55711595,-48.61897889,SPRF-SC,DEL01-SC,UOP01-DEL01-SC,2024
"577181,0",2024-01-26,sexta-feira,10:38:00,SC,101,"112,0",ITAJAI,Ingestão de substâncias psicoativas pelo condutor,Saída de leito carroçável,Com Vítimas Feridas,Pleno dia,Crescente,Chuva,Dupla,Curva,Não,1,0,1,0,0,0,1,1,-26.84589005,-48.72131295,SPRF-SC,DEL04-SC,UOP04-DEL04-SC,2024
"577200,0",2024-01-26,sexta-feira,14:15:00,SC,101,"155,7",PORTO BELO,Demais falhas na via,Tombamento,Com Vítimas Feridas,Pleno dia,Crescente,Chuva,Simples,Reta,Sim,1,0,1,0,0,0,1,1,-27.16944139,-48.61170709,SPRF-SC,DEL04-SC,UOP03-DEL04-SC,2024
"577209,0",2024-01-26,sexta-feira,10:00:00,SC,101,"119,0",ITAJAI,Reação tardia ou ineficiente do condutor,Colisão lateral mesmo sentido,Sem Vítimas,Pleno dia,Crescente,Céu Claro,Dupla,Reta,Sim,2,0,0,0,1,1,0,2,-26.9043179,-48.71555481,SPRF-SC,DEL04-SC,UOP04-DEL04-SC,2024
"577247,0",2024-01-26,sexta-feira,18:05:00,SC,470,"58,4",BLUMENAU,Conversão proibida,Colisão frontal,Com Vítimas Feridas,Pleno dia,Decrescente,Nublado,Simples,Reta;Em Obras;Aclive,Sim,5,0,1,0,4,0,1,3,-26.88408619,-49.14987087,SPRF-SC,DEL04-SC,UOP01-DEL04-SC,2024
"577248,0",2024-01-26,sexta-feira,14:40:00,SC,101,"285,0",IMBITUBA,Ausência de reação do condutor,Saída de leito carroçável,Com Vítimas Feridas,Pleno dia,Decrescente,Nublado,Dupla,Curva,Não,2,0,1,0,1,0,1,1,-28.22116606,-48.70063047,SPRF-SC,DEL02-SC,UOP03-DEL02-SC,2024
"577252,0",2024-01-26,sexta-feira,19:15:00,SC,282,"23,0",PALHOCA,Desrespeitar a preferência no cruzamento,Colisão transversal,Com Vítimas Feridas,Plena Noite,Crescente,Nublado,Simples,Interseção de Vias,Sim,2,0,0,1,1,0,1,2,-27.687958,-48.736794,SPRF-SC,DEL01-SC,UOP02-DEL01-SC,2024
"577256,0",2024-01-26,sexta-feira,18:45:00,SC,101,"139,0",BALNEARIO CAMBORIU,Reação tardia ou ineficiente do condutor,Colisão com objeto,Com Vítimas Feridas,Plena Noite,Decrescente,Chuva,Dupla,Curva,Sim,1,0,1,0,0,0,1,1,-27.02873574,-48.6052376,SPRF-SC,DEL04-SC,UOP03-DEL04-SC,2024
"577274,0",2024-01-26,sexta-feira,20:20:00,SC,101,"191,0",BIGUACU,Acumulo de água sobre o pavimento,Saída de leito carroçável,Com Vítimas Feridas,Plena Noite,Crescente,Céu Claro,Dupla,Curva,Não,5,0,1,0,4,0,1,1,-27.47730273,-48.64127329,SPRF-SC,DEL01-SC,UOP01-DEL01-SC,2024
"577276,0",2024-01-26,sexta-feira,20:15:00,SC,101,"207,0",SAO JOSE,Reação tardia ou ineficiente do condutor,Saída de leito carroçável,Com Vítimas Feridas,Plena Noite,Decrescente,Garoa/Chuvisco,Dupla,Reta;Declive,Sim,1,0,1,0,0,0,1,1,-27.600574,-48.622675,SPRF-SC,DEL01-SC,UOP01-DEL01-SC,2024
"577324,0",2024-01-26,sexta-feira,22:30:00,SC,280,"25,3",ARAQUARI,Acesso irregular,Colisão frontal,Com Vítimas Feridas,Plena Noite,Crescente,Garoa/Chuvisco,Simples,Interseção de Vias,Não,2,0,1,0,1,0,1,2,-26.38352781,-48.72677516,SPRF-SC,DEL03-SC,UOP03-DEL03-SC,2024
"577330,0",2024-01-27,sábado,01:46:00,SC,116,"7,5",MAFRA,Ausência de reação do condutor,Saída de leito carroçável,Com Vítimas Feridas,Plena Noite,Decrescente,Céu Claro,Simples,Reta,Não,1,0,1,0,0,0,1,1,-26.15196176,-49.83102416,SPRF-SC,DEL06-SC,UOP01-DEL06-SC,2024
"577332,0",2024-01-27,sábado,03:00:00,SC,470,"176,6",POUSO REDONDO,Ausência de reação do condutor,Saída de leito carroçável,Com Vítimas Feridas,Plena Noite,Crescente,Nevoeiro/Neblina,Simples,Declive;Reta,Sim,2,0,2,0,0,0,2,1,-27.25213067,-49.95578885,SPRF-SC,DEL04-SC,UOP02-DEL04-SC,2024
"577359,0",2024-01-27,sábado,09:00:00,SC,101,"233,0",PALHOCA,Ausência de reação do condutor,Colisão com objeto,Sem Vítimas,Pleno dia,Crescente,Céu Claro,Dupla,Curva,Não,1,0,0,0,0,1,0,1,-27.80376397,-48.63826211,SPRF-SC,DEL01-SC,UOP02-DEL01-SC,2024
"577360,0",2024-01-27,sábado,10:45:00,SC,101,"243,0",PALHOCA,Condutor deixou de manter distância do veículo da frente,Colisão traseira,Com Vítimas Feridas,Pleno dia,Decrescente,Nublado,Múltipla,Reta,Não,3,0,1,0,1,1,1,3,-27.88419902,-48.64750077,SPRF-SC,DEL01-SC,UOP02-DEL01-SC,2024
"577377,0",2024-01-27,sábado,09:45:00,SC,282,"502,4",XANXERE,Acessar a via sem observar a presença dos outros veículos,Colisão traseira,Com Vítimas Feridas,Pleno dia,Decrescente,Céu Claro,Dupla,Interseção de Vias;Reta,Sim,3,0,2,0,1,0,2,2,-26.88513881,-52.39339113,SPRF-SC,DEL07-SC,UOP01-DEL07-SC,2024
"577386,0",2024-01-27,sábado,12:44:00,SC,101,"208,0",SAO JOSE,Manobra de mudança de faixa,Colisão lateral mesmo sentido,Com Vítimas Feridas,Pleno dia,Crescente,Nublado,Múltipla,Reta,Sim,2,0,1,0,1,0,1,2,-27.60327979,-48.63201818,SPRF-SC,DEL01-SC,UOP01-DEL01-SC,2024
"577391,0",2024-01-27,sábado,12:40:00,SC,101,"350,0",JAGUARUNA,Pista Escorregadia,Saída de leito carroçável,Com Vítimas Feridas,Pleno dia,Crescente,Garoa/Chuvisco,Simples,Retorno Regulamentado,Sim,2,0,1,0,1,0,1,1,-28.58988203,-49.04517307,SPRF-SC,DEL02-SC,UOP01-DEL02-SC,2024