id,data_inversa,dia_semana,horario,uf,br,km,municipio,causa_acidente,tipo_acidente,classificacao_acidente,fase_dia,sentido_via,condicao_metereologica,tipo_pista,tracado_via,uso_solo,pessoas,mortos,feridos_leves,feridos_graves,ilesos,ignorados,feridos,veiculos,latitude,longitude,regional,delegacia,uop,ano_arquivo
"577406,0",2024-01-27,sábado,13:00:00,SC,101,"206,8",SAO JOSE,Reação tardia ou ineficiente do condutor,Colisão lateral mesmo sentido,Com Vítimas Feridas,Pleno dia,Crescente,Céu Claro,Simples,Viaduto,Sim,2,0,1,0,1,0,1,2,-27.59193546,-48.61824557,SPRF-SC,DEL01-SC,UOP01-DEL01-SC,2024
"577416,0",2024-01-27,sábado,15:40:00,SC,101,"129,6",BALNEARIO CAMBORIU,Transitar na contramão,Colisão lateral sentido oposto,Com Vítimas Feridas,Pleno dia,Crescente,Céu Claro,Dupla,Reta;Aclive,Sim,2,0,0,1,1,0,1,2,-26.98064277,-48.6790679,SPRF-SC,DEL04-SC,UOP03-DEL04-SC,2024
"577427,0",2024-01-27,sábado,15:00:00,SC,101,"312,0",LAGUNA,Transtornos Mentais (exceto suicidio),Saída de leito carroçável,Com Vítimas Feridas,Pleno dia,Decrescente,Céu Claro,Simples,Curva,Sim,1,0,0,1,0,0,1,1,-28.44060725,-48.81270111,SPRF-SC,DEL02-SC,UOP01-DEL02-SC,2024
"577443,0",2024-01-27,sábado,19:10:00,SC,101,"404,3",ARARANGUA,Frear bruscamente,Tombamento,Sem Vítimas,Pleno dia,Crescente,Nublado,Dupla,Reta,Sim,1,0,0,0,1,0,0,1,-28.89770087,-49.47336674,SPRF-SC,DEL02-SC,UOP02-DEL02-SC,2024
"577450,0",2024-01-27,sábado,20:10:00,SC,101,"331,0",TUBARAO,Ausência de reação do condutor,Tombamento,Com Vítimas Feridas,Plena Noite,Crescente,Céu Claro,Simples,Reta,Sim,1,0,1,0,0,0,1,1,-28.45567521,-48.9812689,SPRF-SC,DEL02-SC,UOP01-DEL02-SC,2024
"577453,0",2024-01-27,sábado,17:00:00,SC,153,"108,7",CONCORDIA,Velocidade Incompatível,Queda de ocupante de veículo,Com Vítimas Feridas,Pleno dia,Decrescente,Nublado,Simples,Curva,Não,1,0,1,0,0,0,1,1,-27.30955328,-51.98558807,SPRF-SC,DEL07-SC,UOP04-DEL07-SC,2024
"577460,0",2024-01-27,sábado,21:00:00,SC,470,"47,2",BLUMENAU,Conversão proibida,Colisão lateral mesmo sentido,Com Vítimas Feridas,Plena Noite,Decrescente,Garoa/Chuvisco,Simples,Reta;Em Obras,Não,6,0,2,0,4,0,2,2,-26.864044,-49.046516,SPRF-SC,DEL04-SC,UOP01-DEL04-SC,2024
"577466,0",2024-01-27,sábado,18:43:00,SC,101,"298,0",LAGUNA,Ausência de reação do condutor,Colisão com objeto,Com Vítimas Feridas,Pleno dia,Crescente,Céu Claro,Dupla,Reta,Não,2,0,2,0,0,0,2,1,-28.32102597,-48.72829906,SPRF-SC,DEL02-SC,UOP03-DEL02-SC,2024
"577477,0",2024-01-27,sábado,21:40:00,SC,470,"61,3",BLUMENAU,Ausência de reação do condutor,Saída de leito carroçável,Sem Vítimas,Plena Noite,Decrescente,Chuva,Simples,Reta,Não,1,0,0,0,0,1,0,1,-26.878952,-49.17421,SPRF-SC,DEL04-SC,UOP01-DEL04-SC,2024
"577500,0",2024-01-28,domingo,01:03:00,SC,282,"3,0",FLORIANOPOLIS,Reação tardia ou ineficiente do condutor,Saída de leito carroçável,Com Vítimas Feridas,Plena Noite,Crescente,Céu Claro,Múltipla,Curva,Sim,2,0,1,0,1,0,1,1,-27.600384,-48.599705,SPRF-SC,DEL01-SC,UOP01-DEL01-SC,2024
"577507,0",2024-01-28,domingo,00:15:00,SC,101,"371,3",ICARA,Transitar na contramão,Colisão lateral sentido oposto,Com Vítimas Feridas,Plena Noite,Crescente,Nublado,Dupla,Reta,Não,8,0,3,0,4,1,3,3,-28.712925,-49.21687,SPRF-SC,DEL02-SC,UOP01-DEL02-SC,2024
"577510,0",2024-01-28,domingo,03:20:00,SC,101,"10,0",GARUVA,Ingestão de álcool pelo condutor,Saída de leito carroçável,Sem Vítimas,Plena Noite,Decrescente,Céu Claro,Dupla,Reta,Não,1,0,0,0,1,0,0,1,-26.063011,-48.86020605,SPRF-SC,DEL03-SC,UOP01-DEL03-SC,2024
"577524,0",2024-01-28,domingo,04:00:00,SC,282,"37,5",AGUAS MORNAS,Ausência de reação do condutor,Saída de leito carroçável,Sem Vítimas,Plena Noite,Decrescente,Nublado,Simples,Curva,Não,1,0,0,0,1,0,0,1,-27.707325,-48.842983,SPRF-SC,DEL01-SC,UOP03-DEL01-SC,2024
"577558,0",2024-01-28,domingo,09:30:00,SC,101,"91,0",BARRA VELHA,Mal súbito do condutor,Queda de ocupante de veículo,Com Vítimas Feridas,Pleno dia,Crescente,Nublado,Simples,Reta,Sim,2,0,1,1,0,0,2,1,-26.67120698,-48.69011814,SPRF-SC,DEL03-SC,UOP02-DEL03-SC,2024
"577573,0",2024-01-28,domingo,09:40:00,SC,470,"266,7",CURITIBANOS,Reação tardia ou ineficiente do condutor,Tombamento,Com Vítimas Feridas,Pleno dia,Crescente,Céu Claro,Simples,Declive;Curva,Não,1,0,0,1,0,0,1,1,-27.311543,-50.729591,SPRF-SC,DEL05-SC,UOP03-DEL05-SC,2024
"577583,0",2024-01-28,domingo,13:12:00,SC,101,"195,6",BIGUACU,Acessar a via sem observar a presença dos outros veículos,Colisão transversal,Com Vítimas Feridas,Pleno dia,Decrescente,Céu Claro,Dupla,Reta,Sim,3,0,3,0,0,0,3,2,-27.5047092,-48.65010819,SPRF-SC,DEL01-SC,UOP01-DEL01-SC,2024
"577594,0",2024-01-28,domingo,14:25:00,SC,470,"54,0",BLUMENAU,Condutor deixou de manter distância do veículo da frente,Colisão traseira,Sem Vítimas,Pleno dia,Crescente,Céu Claro,Simples,Interseção de Vias,Não,2,0,0,0,2,0,0,2,-26.871065,-49.110374,SPRF-SC,DEL04-SC,UOP01-DEL04-SC,2024
"577604,0",2024-01-28,domingo,15:50:00,SC,101,"137,8",BALNEARIO CAMBORIU,Reação tardia ou ineficiente do condutor,Colisão traseira,Com Vítimas Feridas,Pleno dia,Decrescente,Nublado,Dupla,Reta,Sim,5,0,2,0,2,1,2,3,-27.0157238,-48.61192763,SPRF-SC,DEL04-SC,UOP03-DEL04-SC,2024
"577613,0",2024-01-28,domingo,16:10:00,SC,282,"59,0",RANCHO QUEIMADO,Desrespeitar a preferência no cruzamento,Colisão transversal,Com Vítimas Feridas,Pleno dia,Decrescente,Chuva,Múltipla,Interseção de Vias,Sim,2,0,1,0,1,0,1,2,-27.677965,-49.011559,SPRF-SC,DEL01-SC,UOP03-DEL01-SC,2024
"577633,0",2024-01-28,domingo,17:50:00,SC,101,"119,0",ITAJAI,Reação tardia ou ineficiente do condutor,Colisão traseira,Com Vítimas Feridas,Anoitecer,Decrescente,Céu Claro,Dupla,Reta,Sim,3,0,1,0,2,0,1,2,-26.9043179,-48.71555481,SPRF-SC,DEL04-SC,UOP04-DEL04-SC,2024
"577647,0",2024-01-28,domingo,17:40:00,SC,101,"1,0",GARUVA,Reação tardia ou ineficiente do condutor,Tombamento,Com Vítimas Feridas,Pleno dia,Decrescente,Céu Claro,Múltipla,Reta,Não,1,0,1,0,0,0,1,1,-25.98895627,-48.88356133,SPRF-SC,DEL03-SC,UOP01-DEL03-SC,2024
"577668,0",2024-01-28,domingo,19:00:00,SC,163,"73,0",SAO MIGUEL DO OESTE,Conversão proibida,Colisão traseira,Com Vítimas Feridas,Anoitecer,Decrescente,Céu Claro,Simples,Reta,Sim,2,0,1,0,1,0,1,2,-26.71084646,-53.51502434,SPRF-SC,DEL07-SC,UOP03-DEL07-SC,2024
"577680,0",2024-01-28,domingo,17:15:00,SC,470,"108,0",APIUNA,Pista esburacada,Atropelamento de Pedestre,Com Vítimas Feridas,Pleno dia,Decrescente,Garoa/Chuvisco,Simples,Reta,Não,3,0,2,1,0,0,3,2,-27.080708,-49.440491,SPRF-SC,DEL04-SC,UOP02-DEL04-SC,2024
"577681,0",2024-01-28,domingo,19:00:00,SC,470,"115,7",IBIRAMA,Conversão proibida,Colisão transversal,Com Vítimas Feridas,Pleno dia,Crescente,Céu Claro,Simples,Curva;Ponte,Não,5,0,2,0,2,1,2,2,-27.080416,-49.485348,SPRF-SC,DEL04-SC,UOP02-DEL04-SC,2024
"577699,0",2024-01-28,domingo,22:50:00,SC,101,"173,5",TIJUCAS,Demais falhas mecânicas ou elétricas,Queda de ocupante de veículo,Com Vítimas Feridas,Plena Noite,Decrescente,Nublado,Dupla,Reta,Não,1,0,1,0,0,0,1,1,-27.32203197,-48.62757785,SPRF-SC,DEL01-SC,UOP01-DEL01-SC,2024
"577707,0",2024-01-28,domingo,21:03:00,SC,101,"341,0",TUBARAO,Ingestão de álcool pelo condutor,Saída de leito carroçável,Sem Vítimas,Plena Noite,Decrescente,Garoa/Chuvisco,Dupla,Reta,Sim,2,0,0,0,1,1,0,1,-28.50999405,-49.05070686,SPRF-SC,DEL02-SC,UOP01-DEL02-SC,2024
"577730,0",2024-01-29,segunda-feira,03:50:00,SC,101,"154,9",PORTO BELO,Ingestão de álcool pelo condutor,Saída de leito carroçável,Sem Vítimas,Plena Noite,Decrescente,Nublado,Simples,Curva,Não,1,0,0,0,1,0,0,1,-27.16244571,-48.61006021,SPRF-SC,DEL04-SC,UOP03-DEL04-SC,2024
"577746,0",2024-01-29,segunda-feira,07:20:00,SC,470,"46,7",BLUMENAU,Reação tardia ou ineficiente do condutor,Colisão traseira,Com Vítimas Feridas,Pleno dia,Crescente,Céu Claro,Simples,Em Obras;Reta,Não,2,0,1,0,1,0,1,2,-26.86230153,-49.04257363,SPRF-SC,DEL04-SC,UOP01-DEL04-SC,2024
"577756,0",2024-01-29,segunda-feira,06:45:00,SC,101,"435,0",SOMBRIO,Desrespeitar a preferência no cruzamento,Colisão transversal,Com Vítimas Feridas,Pleno dia,Decrescente,Céu Claro,Simples,Interseção de Vias,Sim,2,0,1,0,1,0,1,2,-29.09949414,-49.63480552,SPRF-SC,DEL02-SC,UOP02-DEL02-SC,2024
"577770,0",2024-01-29,segunda-feira,08:00:00,SC,282,"436,0",IRANI,Ausência de reação do condutor,Saída de leito carroçável,Com Vítimas Feridas,Pleno dia,Crescente,Céu Claro,Dupla,Reta,Não,1,0,1,0,0,0,1,1,-26.970835,-51.851101,SPRF-SC,DEL07-SC,UOP04-DEL07-SC,2024
"577784,0",2024-01-29,segunda-feira,10:50:00,SC,101,"124,0",ITAJAI,Trafegar com motocicleta (ou similar) entre as faixas,Colisão traseira,Com Vítimas Feridas,Pleno dia,Decrescente,Céu Claro,Dupla,Reta,Não,2,0,1,0,1,0,1,2,-26.94335064,-48.69198648,SPRF-SC,DEL04-SC,UOP04-DEL04-SC,2024
"577797,0",2024-01-29,segunda-feira,11:20:00,SC,101,"357,0",SANGAO,Condutor deixou de manter distância do veículo da frente,Engavetamento,Com Vítimas Feridas,Pleno dia,Decrescente,Sol,Dupla,Reta,Sim,7,0,2,0,5,0,2,6,-28.635168,-49.09467,SPRF-SC,DEL02-SC,UOP01-DEL02-SC,2024
"577805,0",2024-01-29,segunda-feira,10:50:00,SC,101,"135,5",BALNEARIO CAMBORIU,Reação tardia ou ineficiente do condutor,Colisão traseira,Com Vítimas Feridas,Pleno dia,Decrescente,Céu Claro,Múltipla,Reta,Sim,4,0,2,0,2,0,2,3,-27.0050108,-48.62677494,SPRF-SC,DEL04-SC,UOP03-DEL04-SC,2024
"577825,0",2024-01-29,segunda-feira,15:00:00,SC,282,"4,5",FLORIANOPOLIS,Trafegar com motocicleta (ou similar) entre as faixas,Colisão lateral mesmo sentido,Com Vítimas Feridas,Pleno dia,Crescente,Nublado,Múltipla,Reta;Declive,Não,2,0,1,0,0,1,1,2,-27.592646,-48.604034,SPRF-SC,DEL01-SC,UOP01-DEL01-SC,2024
"577827,0",2024-01-29,segunda-feira,14:50:00,SC,280,"137,9",RIO NEGRINHO,Ausência de reação do condutor,Colisão traseira,Com Vítimas Feridas,Pleno dia,Decrescente,Céu Claro,Simples,Aclive,Não,6,0,2,0,4,0,2,2,-26.26817911,-49.59044504,SPRF-SC,DEL06-SC,UOP03-DEL06-SC,2024
"577830,0",2024-01-29,segunda-feira,15:15:00,SC,101,"209,2",SAO JOSE,Reação tardia ou ineficiente do condutor,Tombamento,Com Vítimas Feridas,Pleno dia,Crescente,Chuva,Múltipla,Reta,Sim,1,0,1,0,0,0,1,1,-27.61000542,-48.63895057,SPRF-SC,DEL01-SC,UOP01-DEL01-SC,2024
"577832,0",2024-01-29,segunda-feira,16:05:00,SC,101,"210,8",SAO JOSE,Trafegar com motocicleta (ou similar) entre as faixas,Colisão traseira,Com Vítimas Feridas,Pleno dia,Decrescente,Nublado,Múltipla,Reta,Sim,3,0,1,0,1,1,1,3,-27.6167305,-48.6457265,SPRF-SC,DEL01-SC,UOP01-DEL01-SC,2024
"577851,0",2024-01-29,segunda-feira,11:10:00,SC,280,"27,0",ARAQUARI,Conversão proibida,Colisão transversal,Com Vítimas Feridas,Pleno dia,Crescente,Sol,Simples,Reta,Sim,2,0,1,0,1,0,1,2,-26.40450077,-48.74561031,SPRF-SC,DEL03-SC,UOP03-DEL03-SC,2024
"577878,0",2024-01-29,segunda-feira,18:25:00,SC,101,"105,3",PENHA,Velocidade Incompatível,Tombamento,Com Vítimas Feridas,Pleno dia,Crescente,Nublado,Dupla,Curva,Não,1,0,1,0,0,0,1,1,-26.80215497,-48.67891041,SPRF-SC,DEL03-SC,UOP02-DEL03-SC,2024
"577886,0",2024-01-24,quarta-feira,17:30:00,SC,101,"124,0",ITAJAI,Ultrapassagem Indevida,Colisão transversal,Com Vítimas Feridas,Pleno dia,Crescente,Nublado,Dupla,Rotatória,Sim,2,0,0,1,1,0,1,2,-26.94335064,-48.69198648,SPRF-SC,DEL04-SC,UOP04-DEL04-SC,2024
"577890,0",2024-01-29,segunda-feira,15:30:00,SC,470,"67,1",INDAIAL,Ausência de reação do condutor,Tombamento,Com Vítimas Feridas,Pleno dia,Crescente,Céu Claro,Simples,Reta;Em Obras,Sim,2,0,2,0,0,0,2,1,-26.872158,-49.23127,SPRF-SC,DEL04-SC,UOP01-DEL04-SC,2024
"577897,0",2024-01-29,segunda-feira,17:05:00,SC,101,"461,0",PASSO DE TORRES,Demais falhas mecânicas ou elétricas,Incêndio,Sem Vítimas,Pleno dia,Crescente,Nublado,Dupla,Reta,Não,1,0,0,0,1,0,0,1,-29.2662127,-49.7554493,SPRF-RS,DEL03-RS,UOP02-DEL03-RS,2024
"577908,0",2024-01-29,segunda-feira,22:55:00,SC,101,"148,0",ITAPEMA,Pedestre andava na pista,Atropelamento de Pedestre,Com Vítimas Feridas,Plena Noite,Decrescente,Céu Claro,Dupla,Reta,Sim,2,0,0,1,1,0,1,2,-27.10123686,-48.61807962,SPRF-SC,DEL04-SC,UOP03-DEL04-SC,2024
"577945,0",2024-01-30,terça-feira,05:35:00,SC,280,"25,3",ARAQUARI,Acessar a via sem observar a presença dos outros veículos,Colisão transversal,Com Vítimas Feridas,Pleno dia,Crescente,Céu Claro,Simples,Reta,Não,2,0,2,0,0,0,2,2,-26.38352781,-48.72677516,SPRF-SC,DEL03-SC,UOP03-DEL03-SC,2024
"577949,0",2024-01-30,terça-feira,07:50:00,SC,101,"120,9",ITAJAI,Ausência de reação do condutor,Colisão lateral mesmo sentido,Com Vítimas Feridas,Pleno dia,Decrescente,Céu Claro,Múltipla,Reta,Sim,2,0,1,0,1,0,1,2,-26.912758,-48.711998,SPRF-SC,DEL04-SC,UOP04-DEL04-SC,2024
"577986,0",2024-01-30,terça-feira,10:45:00,SC,282,"2,0",FLORIANOPOLIS,Manobra de mudança de faixa,Colisão lateral mesmo sentido,Com Vítimas Feridas,Pleno dia,Decrescente,Sol,Múltipla,Reta,Sim,2,0,1,0,1,0,1,2,-27.603289,-48.590416,SPRF-SC,DEL01-SC,UOP01-DEL01-SC,2024
"577990,0",2024-01-30,terça-feira,10:50:00,SC,101,"137,5",BALNEARIO CAMBORIU,Reação tardia ou ineficiente do condutor,Colisão traseira,Com Vítimas Feridas,Pleno dia,Decrescente,Céu Claro,Múltipla,Reta,Sim,2,0,1,0,1,0,1,2,-27.0157238,-48.61192763,SPRF-SC,DEL04-SC,UOP03-DEL04-SC,2024
"578024,0",2024-01-30,terça-feira,11:02:00,SC,280,"129,0",RIO NEGRINHO,Acessar a via sem observar a presença dos outros veículos,Colisão transversal,Com Vítimas Feridas,Pleno dia,Crescente,Céu Claro,Simples,Reta,Não,2,0,1,0,1,0,1,2,-26.24586437,-49.52284615,SPRF-SC,DEL06-SC,UOP03-DEL06-SC,2024
"578032,0",2024-01-30,terça-feira,14:10:00,SC,280,"25,8",ARAQUARI,Acessar a via sem observar a presença dos outros veículos,Colisão transversal,Com Vítimas Feridas,Pleno dia,Crescente,Céu Claro,Simples,Reta,Não,2,0,1,0,1,0,1,2,-26.38352781,-48.72677516,SPRF-SC,DEL03-SC,UOP03-DEL03-SC,2024
"578050,0",2024-01-30,terça-feira,17:30:00,SC,282,"16,2",PALHOCA,Estacionar ou parar em local proibido,Colisão traseira,Com Vítimas Feridas,Pleno dia,Crescente,Céu Claro,Simples,Reta,Sim,2,0,1,0,0,1,1,2,-27.66101584,-48.68390143,SPRF-SC,DEL01-SC,UOP02-DEL01-SC,2024
"578055,0",2024-01-30,terça-feira,17:05:00,SC,101,"157,8",PORTO BELO,Manobra de mudança de faixa,Colisão lateral mesmo sentido,Sem Vítimas,Pleno dia,Decrescente,Céu Claro,Dupla,Reta,Sim,2,0,0,0,2,0,0,2,-27.181625,-48.6121179,SPRF-SC,DEL04-SC,UOP03-DEL04-SC,2024
"578056,0",2024-01-30,terça-feira,18:00:00,SC,101,"16,0",PALHOCA,Trafegar com motocicleta (ou similar) entre as faixas,Colisão lateral mesmo sentido,Com Vítimas Feridas,Anoitecer,Crescente,Nublado,Simples,Reta,Sim,2,0,1,0,1,0,1,2,-27.660612,-48.677251,SPRF-SC,DEL03-SC,UOP01-DEL03-SC,2024
"578070,0",2024-01-30,terça-feira,18:50:00,SC,101,"118,6",ITAJAI,Manobra de mudança de faixa,Tombamento,Com Vítimas Feridas,Anoitecer,Decrescente,Nublado,Dupla,Reta,Não,2,0,1,0,1,0,1,2,-26.895859,-48.71903,SPRF-SC,DEL04-SC,UOP04-DEL04-SC,2024
"578071,0",2024-01-30,terça-feira,19:10:00,SC,101,"112,9",ITAJAI,Acessar a via sem observar a presença dos outros veículos,Colisão lateral mesmo sentido,Com Vítimas Feridas,Plena Noite,Decrescente,Nublado,Múltipla,Reta;Retorno Regulamentado,Sim,2,0,1,0,1,0,1,2,-26.84589005,-48.72131295,SPRF-SC,DEL04-SC,UOP04-DEL04-SC,2024
"578087,0",2024-01-30,terça-feira,21:51:00,SC,101,"201,4",SAO JOSE,Estacionar ou parar em local proibido,Colisão traseira,Com Vítimas Feridas,Plena Noite,Decrescente,Nublado,Múltipla,Reta,Sim,2,0,1,0,1,0,1,2,-27.54836599,-48.61977975,SPRF-SC,DEL01-SC,UOP01-DEL01-SC,2024
"578088,0",2024-01-30,terça-feira,19:30:00,SC,101,"357,2",SANGAO,Reação tardia ou ineficiente do condutor,Colisão com objeto,Com Vítimas Feridas,Anoitecer,Decrescente,Céu Claro,Dupla,Curva,Sim,1,0,0,1,0,0,1,1,-28.64422,-49.1008,SPRF-SC,DEL02-SC,UOP01-DEL02-SC,2024
"578113,0",2024-01-30,terça-feira,23:30:00,SC,282,"425,0",VARGEM BONITA,Ausência de reação do condutor,Colisão com objeto,Com Vítimas Fatais,Plena Noite,Decrescente,Céu Claro,Simples,Declive;Curva,Não,1,1,0,0,0,0,0,1,-26.97885,-51.75913,SPRF-SC,DEL07-SC,UOP05-DEL07-SC,2024
"578121,0",2024-01-31,quarta-feira,00:00:00,SC,282,"443,0",PONTE SERRADA,Ingestão de álcool pelo condutor,Saída de leito carroçável,Com Vítimas Feridas,Plena Noite,Crescente,Céu Claro,Simples,Reta,Não,1,0,1,0,0,0,1,1,-26.917578,-51.890999,SPRF-SC,DEL07-SC,UOP04-DEL07-SC,2024
"578124,0",2024-01-31,quarta-feira,05:25:00,SC,280,"58,6",GUARAMIRIM,Velocidade Incompatível,Colisão com objeto,Com Vítimas Feridas,Amanhecer,Decrescente,Nublado,Simples,Curva,Sim,1,0,1,0,0,0,1,1,-26.47415593,-49.021211,SPRF-SC,DEL03-SC,UOP03-DEL03-SC,2024
"578125,0",2024-01-31,quarta-feira,05:00:00,SC,282,"20,4",PALHOCA,Velocidade Incompatível,Colisão com objeto,Com Vítimas Feridas,Amanhecer,Crescente,Nublado,Dupla,Reta,Não,2,0,1,0,1,0,1,2,-27.68594123,-48.7129283,SPRF-SC,DEL01-SC,UOP02-DEL01-SC,2024
"578139,0",2024-01-31,quarta-feira,07:20:00,SC,0,"0,0",LAGES,Animais na Pista,Atropelamento de Animal,Com Vítimas Feridas,Pleno dia,Não Informado,Céu Claro,Simples,Reta,Sim,2,0,0,1,0,1,1,2,-27.79531273,-50.32413125,SPRF-SC,DEL05-SC,UOP01-DEL05-SC,2024
"578143,0",2024-01-31,quarta-feira,07:25:00,SC,101,"148,0",ITAPEMA,Reação tardia ou ineficiente do condutor,Colisão traseira,Com Vítimas Feridas,Pleno dia,Crescente,Céu Claro,Múltipla,Reta,Sim,2,0,1,0,1,0,1,2,-27.10123686,-48.61807962,SPRF-SC,DEL04-SC,UOP03-DEL04-SC,2024
"578147,0",2024-01-31,quarta-feira,07:30:00,SC,101,"133,0",BALNEARIO CAMBORIU,Manobra de mudança de faixa,Colisão lateral mesmo sentido,Com Vítimas Feridas,Pleno dia,Crescente,Céu Claro,Dupla,Reta,Sim,2,0,2,0,0,0,2,2,-26.99936,-48.64609,SPRF-SC,DEL04-SC,UOP03-DEL04-SC,2024
"578148,0",2024-01-31,quarta-feira,07:15:00,SC,101,"129,0",BALNEARIO CAMBORIU,Ausência de reação do condutor,Colisão traseira,Com Vítimas Feridas,Pleno dia,Decrescente,Nublado,Dupla,Reta,Sim,4,0,1,1,2,0,2,2,-26.98064277,-48.6790679,SPRF-SC,DEL04-SC,UOP03-DEL04-SC,2024
"578152,0",2024-01-31,quarta-feira,05:20:00,SC,282,"379,0",HERVAL DOESTE,Ausência de reação do condutor,Colisão com objeto,Sem Vítimas,Amanhecer,Crescente,Céu Claro,Simples,Rotatória,Não,1,0,0,0,0,1,0,1,-27.21446527,-51.48563731,SPRF-SC,DEL07-SC,UOP05-DEL07-SC,2024
"578163,0",2024-01-31,quarta-feira,09:00:00,SC,101,"39,5",JOINVILLE,Acessar a via sem observar a presença dos outros veículos,Colisão transversal,Com Vítimas Feridas,Pleno dia,Decrescente,Céu Claro,Simples,Viaduto;Interseção de Vias,Sim,2,0,2,0,0,0,2,2,-26.29643527,-48.88377428,SPRF-SC,DEL03-SC,UOP01-DEL03-SC,2024
"578204,0",2024-01-31,quarta-feira,15:30:00,SC,101,"36,0",JOINVILLE,Transitar na contramão,Colisão frontal,Com Vítimas Feridas,Pleno dia,Crescente,Chuva,Múltipla,Reta;Declive,Não,2,0,0,1,1,0,1,2,-26.27494543,-48.89396667,SPRF-SC,DEL03-SC,UOP01-DEL03-SC,2024
"578218,0",2024-01-31,quarta-feira,17:35:00,SC,470,"56,3",BLUMENAU,Acessar a via sem observar a presença dos outros veículos,Colisão transversal,Com Vítimas Feridas,Pleno dia,Crescente,Nublado,Simples,Reta,Sim,2,0,1,0,1,0,1,2,-26.87751308,-49.13049897,SPRF-SC,DEL04-SC,UOP01-DEL04-SC,2024
"578231,0",2024-01-31,quarta-feira,18:23:00,SC,101,"204,0",SAO JOSE,Trafegar com motocicleta (ou similar) entre as faixas,Colisão lateral mesmo sentido,Com Vítimas Feridas,Anoitecer,Crescente,Céu Claro,Múltipla,Reta,Não,4,0,2,0,2,0,2,3,-27.57413014,-48.61363083,SPRF-SC,DEL01-SC,UOP01-DEL01-SC,2024
"578239,0",2024-01-31,quarta-feira,19:30:00,SC,101,"143,0",ITAPEMA,Ultrapassagem Indevida,Colisão lateral mesmo sentido,Com Vítimas Feridas,Plena Noite,Crescente,Nublado,Dupla,Reta,Sim,2,0,1,0,1,0,1,2,-27.06436,-48.59599405,SPRF-SC,DEL04-SC,UOP03-DEL04-SC,2024
"578254,0",2024-01-31,quarta-feira,21:30:00,SC,101,"211,3",PALHOCA,Demais falhas mecânicas ou elétricas,Tombamento,Com Vítimas Feridas,Plena Noite,Decrescente,Céu Claro,Dupla,Reta,Não,2,0,2,0,0,0,2,1,-27.62329313,-48.65245588,SPRF-SC,DEL01-SC,UOP02-DEL01-SC,2024
"578272,0",2024-01-31,quarta-feira,22:00:00,SC,101,"277,8",IMBITUBA,Ingestão de álcool pelo condutor,Tombamento,Com Vítimas Feridas,Plena Noite,Decrescente,Nublado,Múltipla,Reta,Sim,1,0,1,0,0,0,1,1,-28.15478103,-48.69265474,SPRF-SC,DEL02-SC,UOP03-DEL02-SC,2024
"578278,0",2024-02-01,quinta-feira,03:10:00,SC,101,"134,0",BALNEARIO CAMBORIU,Ingestão de álcool pelo condutor,Colisão com objeto,Sem Vítimas,Plena Noite,Crescente,Céu Claro,Dupla,Interseção de Vias;Retorno Regulamentado,Sim,1,0,0,0,1,0,0,1,-27.00218,-48.636433,SPRF-SC,DEL04-SC,UOP03-DEL04-SC,2024
"578281,0",2024-02-01,quinta-feira,04:50:00,SC,101,"218,4",PALHOCA,Velocidade Incompatível,Colisão com objeto,Com Vítimas Feridas,Plena Noite,Crescente,Céu Claro,Dupla,Em Obras,Não,1,0,0,1,0,0,1,1,-27.6758601,-48.67052525,SPRF-SC,DEL01-SC,UOP02-DEL01-SC,2024
"578290,0",2024-02-01,quinta-feira,00:00:00,SC,101,"80,0",ARAQUARI,Chuva,Saída de leito carroçável,Com Vítimas Feridas,Plena Noite,Decrescente,Chuva,Dupla,Reta,Não,1,0,1,0,0,0,1,1,-26.59718753,-48.72324407,SPRF-SC,DEL03-SC,UOP02-DEL03-SC,2024
"578317,0",2024-02-01,quinta-feira,07:50:00,SC,101,"234,2",PALHOCA,Demais falhas mecânicas ou elétricas,Incêndio,Sem Vítimas,Pleno dia,Decrescente,Céu Claro,Dupla,Curva;Aclive,Não,1,0,0,0,1,0,0,1,-27.81043812,-48.63537111,SPRF-SC,DEL01-SC,UOP02-DEL01-SC,2024
"578329,0",2024-02-01,quinta-feira,09:00:00,SC,282,"2,0",FLORIANOPOLIS,Trafegar com motocicleta (ou similar) entre as faixas,Colisão lateral mesmo sentido,Com Vítimas Feridas,Pleno dia,Decrescente,Céu Claro,Múltipla,Reta,Não,2,0,1,0,1,0,1,2,-27.603289,-48.590416,SPRF-SC,DEL01-SC,UOP01-DEL01-SC,2024
"578354,0",2024-02-01,quinta-feira,11:40:00,SC,470,"54,0",BLUMENAU,Acessar a via sem observar a presença dos outros veículos,Colisão lateral sentido oposto,Com Vítimas Feridas,Pleno dia,Decrescente,Céu Claro,Simples,Em Obras,Sim,2,0,1,0,1,0,1,2,-26.871065,-49.110374,SPRF-SC,DEL04-SC,UOP01-DEL04-SC,2024
"578378,0",2024-02-01,quinta-feira,15:30:00,SC,101,"206,0",SAO JOSE,Reação tardia ou ineficiente do condutor,Engavetamento,Com Vítimas Feridas,Pleno dia,Decrescente,Nublado,Múltipla,Reta,Sim,5,0,3,0,2,0,3,4,-27.59622953,-48.6194694,SPRF-SC,DEL01-SC,UOP01-DEL01-SC,2024
"578411,0",2024-02-01,quinta-feira,17:50:00,SC,101,"208,0",SAO JOSE,Manobra de mudança de faixa,Colisão lateral mesmo sentido,Com Vítimas Feridas,Pleno dia,Decrescente,Céu Claro,Múltipla,Reta,Sim,4,0,1,0,3,0,1,4,-27.60327979,-48.63201818,SPRF-SC,DEL01-SC,UOP01-DEL01-SC,2024