id,data_inversa,dia_semana,horario,uf,br,km,municipio,causa_acidente,tipo_acidente,classificacao_acidente,fase_dia,sentido_via,condicao_metereologica,tipo_pista,tracado_via,uso_solo,pessoas,mortos,feridos_leves,feridos_graves,ilesos,ignorados,feridos,veiculos,latitude,longitude,regional,delegacia,uop,ano_arquivo
"580948,0",2024-02-13,terça-feira,16:30:00,SC,101,"190,0",BIGUACU,Condutor deixou de manter distância do veículo da frente,Colisão traseira,Sem Vítimas,Pleno dia,Crescente,Garoa/Chuvisco,Dupla,Reta,Sim,2,0,0,0,2,0,0,2,-27.468056,-48.641712,SPRF-SC,DEL01-SC,UOP01-DEL01-SC,2024
"580950,0",2024-02-13,terça-feira,17:20:00,SC,101,"44,0",JOINVILLE,Acessar a via sem observar a presença dos outros veículos,Colisão lateral mesmo sentido,Com Vítimas Feridas,Pleno dia,Crescente,Nublado,Simples,Reta,Sim,2,0,1,0,1,0,1,2,-26.34006642,-48.85910869,SPRF-SC,DEL03-SC,UOP01-DEL03-SC,2024
"580952,0",2024-02-13,terça-feira,17:22:00,SC,101,"70,8",ARAQUARI,Ausência de reação do condutor,Colisão traseira,Com Vítimas Feridas,Pleno dia,Crescente,Garoa/Chuvisco,Múltipla,Reta,Sim,5,0,1,0,4,0,1,4,-26.51082007,-48.72345612,SPRF-SC,DEL03-SC,UOP02-DEL03-SC,2024
"580970,0",2024-02-13,terça-feira,17:40:00,SC,282,"501,1",XANXERE,Manobra de mudança de faixa,Tombamento,Com Vítimas Feridas,Pleno dia,Crescente,Nublado,Dupla,Rotatória;Reta,Sim,1,0,1,0,0,0,1,1,-26.88252479,-52.38010168,SPRF-SC,DEL07-SC,UOP01-DEL07-SC,2024
"580974,0",2024-02-13,terça-feira,18:20:00,SC,101,"305,5",LAGUNA,Ausência de reação do condutor,Colisão com objeto,Com Vítimas Feridas,Anoitecer,Decrescente,Chuva,Múltipla,Reta,Sim,2,0,1,1,0,0,2,1,-28.37674574,-48.76400229,SPRF-SC,DEL02-SC,UOP03-DEL02-SC,2024
"581014,0",2024-02-13,terça-feira,22:10:00,SC,101,"235,0",PALHOCA,Reação tardia ou ineficiente do condutor,Saída de leito carroçável,Sem Vítimas,Plena Noite,Crescente,Chuva,Dupla,Reta,Não,1,0,0,0,1,0,0,1,-27.8177775,-48.6315025,SPRF-SC,DEL01-SC,UOP02-DEL01-SC,2024
"581019,0",2024-02-13,terça-feira,23:30:00,SC,101,"206,1",SAO JOSE,Condutor Dormindo,Colisão com objeto,Sem Vítimas,Plena Noite,Crescente,Nublado,Múltipla,Reta,Sim,2,0,0,0,2,0,0,2,-27.59193546,-48.61824557,SPRF-SC,DEL01-SC,UOP01-DEL01-SC,2024
"581020,0",2024-02-13,terça-feira,18:00:00,SC,101,"150,5",ITAPEMA,Reação tardia ou ineficiente do condutor,Tombamento,Com Vítimas Feridas,Plena Noite,Crescente,Nublado,Múltipla,Reta,Sim,1,0,1,0,0,0,1,1,-27.11744799,-48.60940987,SPRF-SC,DEL04-SC,UOP03-DEL04-SC,2024
"581021,0",2024-02-13,terça-feira,21:10:00,SC,101,"130,0",BALNEARIO CAMBORIU,Trafegar com motocicleta (ou similar) entre as faixas,Tombamento,Com Vítimas Feridas,Plena Noite,Decrescente,Nublado,Múltipla,Reta,Sim,1,0,0,1,0,0,1,1,-26.98407618,-48.66977107,SPRF-SC,DEL04-SC,UOP03-DEL04-SC,2024
"581035,0",2024-02-14,quarta-feira,00:55:00,SC,282,"222,6",LAGES,Reação tardia ou ineficiente do condutor,Saída de leito carroçável,Com Vítimas Feridas,Plena Noite,Decrescente,Garoa/Chuvisco,Simples,Curva;Declive,Sim,38,0,37,1,0,0,38,1,-27.800127,-50.362751,SPRF-SC,DEL05-SC,UOP01-DEL05-SC,2024
"581040,0",2024-02-14,quarta-feira,02:40:00,SC,101,"3,1",ARARANGUA,Ingestão de álcool pelo condutor,Saída de leito carroçável,Com Vítimas Feridas,Plena Noite,Decrescente,Chuva,Simples,Reta,Sim,1,0,1,0,0,0,1,1,-28.94564448,-49.50356841,SPRF-SC,DEL03-SC,UOP01-DEL03-SC,2024
"581048,0",2024-02-14,quarta-feira,06:40:00,SC,101,"0,1",GARUVA,Acumulo de água sobre o pavimento,Colisão com objeto,Com Vítimas Feridas,Pleno dia,Decrescente,Chuva,Dupla,Reta,Sim,2,0,1,0,1,0,1,1,-25.9815218,-48.88624191,SPRF-SC,DEL03-SC,UOP01-DEL03-SC,2024
"581051,0",2024-02-14,quarta-feira,05:55:00,SC,282,"5,7",SAO JOSE,Reação tardia ou ineficiente do condutor,Tombamento,Com Vítimas Fatais,Amanhecer,Crescente,Chuva,Dupla,Curva;Declive,Sim,10,1,2,3,4,0,5,5,-27.585219,-48.6177929,SPRF-SC,DEL01-SC,UOP01-DEL01-SC,2024
"581057,0",2024-02-14,quarta-feira,07:30:00,SC,101,"16,0",GARUVA,Acumulo de água sobre o pavimento,Saída de leito carroçável,Com Vítimas Feridas,Pleno dia,Crescente,Chuva,Dupla,Reta,Não,1,0,1,0,0,0,1,1,-26.11427473,-48.87647034,SPRF-SC,DEL03-SC,UOP01-DEL03-SC,2024
"581071,0",2024-02-14,quarta-feira,07:13:00,SC,101,"450,2",SAO JOAO DO SUL,Condutor Dormindo,Saída de leito carroçável,Com Vítimas Fatais,Pleno dia,Crescente,Nublado,Dupla,Curva,Não,3,2,1,0,0,0,1,1,-29.179705,-49.754645,SPRF-SC,DEL02-SC,UOP02-DEL02-SC,2024
"581098,0",2024-02-14,quarta-feira,10:30:00,SC,101,"131,9",BALNEARIO CAMBORIU,Trafegar com motocicleta (ou similar) entre as faixas,Tombamento,Com Vítimas Feridas,Pleno dia,Decrescente,Chuva,Múltipla,Curva,Sim,2,0,1,0,1,0,1,2,-26.990642093,-48.6631091191,SPRF-SC,DEL04-SC,UOP03-DEL04-SC,2024
"581100,0",2024-02-14,quarta-feira,12:00:00,SC,101,"193,0",BIGUACU,Pista Escorregadia,Tombamento,Com Vítimas Feridas,Pleno dia,Crescente,Chuva,Dupla,Curva,Sim,1,0,1,0,0,0,1,1,-27.489574,-48.655914,SPRF-SC,DEL01-SC,UOP01-DEL01-SC,2024
"581110,0",2024-02-14,quarta-feira,12:15:00,SC,282,"216,0",LAGES,Mal súbito do condutor,Colisão com objeto,Sem Vítimas,Pleno dia,Decrescente,Chuva,Simples,Reta;Aclive;Viaduto,Sim,1,0,0,0,1,0,0,1,-27.797529,-50.291862,SPRF-SC,DEL05-SC,UOP01-DEL05-SC,2024
"581113,0",2024-02-14,quarta-feira,13:05:00,SC,101,"213,8",PALHOCA,Manobra de mudança de faixa,Colisão traseira,Com Vítimas Feridas,Pleno dia,Crescente,Chuva,Múltipla,Reta,Não,3,0,1,0,2,0,1,3,-27.63697369,-48.66514142,SPRF-SC,DEL01-SC,UOP02-DEL01-SC,2024
"581115,0",2024-02-14,quarta-feira,11:30:00,SC,101,"32,4",JOINVILLE,Condutor deixou de manter distância do veículo da frente,Colisão traseira,Com Vítimas Feridas,Pleno dia,Crescente,Chuva,Dupla,Reta,Não,3,0,1,0,2,0,1,3,-26.226987,-48.91657,SPRF-SC,DEL03-SC,UOP01-DEL03-SC,2024
"581117,0",2024-02-14,quarta-feira,13:30:00,SC,101,"198,5",SAO JOSE,Trafegar com motocicleta (ou similar) entre as faixas,Colisão lateral mesmo sentido,Com Vítimas Feridas,Pleno dia,Crescente,Chuva,Múltipla,Reta,Sim,2,0,1,0,1,0,1,2,-27.52658712,-48.63506019,SPRF-SC,DEL01-SC,UOP01-DEL01-SC,2024
"581123,0",2024-02-14,quarta-feira,11:50:00,SC,470,"181,0",POUSO REDONDO,Desrespeitar a preferência no cruzamento,Colisão transversal,Com Vítimas Feridas,Pleno dia,Decrescente,Chuva,Simples,Reta,Não,5,0,5,0,0,0,5,2,-27.251818,-49.996815,SPRF-SC,DEL04-SC,UOP02-DEL04-SC,2024
"581137,0",2024-02-03,sábado,18:55:00,SC,101,"295,5",IMBITUBA,Reação tardia ou ineficiente do condutor,Colisão com objeto,Com Vítimas Fatais,Plena Noite,Decrescente,Céu Claro,Múltipla,Reta,Sim,1,1,0,0,0,0,0,1,-28.324153,-48.72976,SPRF-SC,DEL02-SC,UOP03-DEL02-SC,2024
"581138,0",2024-02-14,quarta-feira,13:25:00,SC,163,"107,1",GUARUJA DO SUL,Ausência de reação do condutor,Saída de leito carroçável,Com Vítimas Feridas,Pleno dia,Decrescente,Chuva,Simples,Declive;Reta,Não,1,0,0,1,0,0,1,1,-26.42911689,-53.52001976,SPRF-SC,DEL07-SC,UOP03-DEL07-SC,2024
"581140,0",2024-02-14,quarta-feira,15:30:00,SC,101,"211,5",PALHOCA,Condutor deixou de manter distância do veículo da frente,Colisão traseira,Com Vítimas Feridas,Pleno dia,Decrescente,Garoa/Chuvisco,Dupla,Aclive,Não,2,0,1,0,1,0,1,2,-27.62329313,-48.65245588,SPRF-SC,DEL01-SC,UOP02-DEL01-SC,2024
"581146,0",2024-02-14,quarta-feira,16:20:00,SC,470,"243,0",CURITIBANOS,Reação tardia ou ineficiente do condutor,Saída de leito carroçável,Com Vítimas Feridas,Pleno dia,Decrescente,Chuva,Simples,Rotatória;Curva;Declive;Retorno Regulamentado,Não,2,0,2,0,0,0,2,1,-27.315144,-50.506874,SPRF-SC,DEL05-SC,UOP03-DEL05-SC,2024
"581161,0",2024-02-14,quarta-feira,18:00:00,SC,116,"9,0",MAFRA,Reação tardia ou ineficiente do condutor,Colisão traseira,Com Vítimas Feridas,Pleno dia,Decrescente,Garoa/Chuvisco,Simples,Reta,Sim,5,0,2,0,3,0,2,2,-26.16297778,-49.84696715,SPRF-SC,DEL06-SC,UOP01-DEL06-SC,2024
"581167,0",2024-02-14,quarta-feira,18:10:00,SC,101,"216,5",PALHOCA,Acessar a via sem observar a presença dos outros veículos,Colisão transversal,Com Vítimas Feridas,Anoitecer,Crescente,Nublado,Múltipla,Interseção de Vias;Reta,Sim,2,0,1,0,1,0,1,2,-27.65981409,-48.67747798,SPRF-SC,DEL01-SC,UOP02-DEL01-SC,2024
"581179,0",2024-02-14,quarta-feira,17:50:00,SC,470,"52,3",BLUMENAU,Reação tardia ou ineficiente do condutor,Colisão traseira,Sem Vítimas,Pleno dia,Decrescente,Nublado,Simples,Em Obras;Retorno Regulamentado;Rotatória;Interseção de Vias,Sim,2,0,0,0,2,0,0,2,-26.86596255,-49.10006564,SPRF-SC,DEL04-SC,UOP01-DEL04-SC,2024
"581185,0",2024-02-14,quarta-feira,09:50:00,SC,101,"136,0",BALNEARIO CAMBORIU,Trafegar com motocicleta (ou similar) entre as faixas,Queda de ocupante de veículo,Com Vítimas Feridas,Pleno dia,Decrescente,Céu Claro,Dupla,Reta,Sim,1,0,1,0,0,0,1,1,-27.008113,-48.617245,SPRF-SC,DEL04-SC,UOP03-DEL04-SC,2024
"581208,0",2024-02-14,quarta-feira,21:55:00,SC,101,"119,0",ITAJAI,Acesso irregular,Colisão lateral mesmo sentido,Com Vítimas Feridas,Plena Noite,Decrescente,Nublado,Múltipla,Reta,Não,2,0,0,1,1,0,1,2,-26.9043179,-48.71555481,SPRF-SC,DEL04-SC,UOP04-DEL04-SC,2024
"581214,0",2024-02-14,quarta-feira,20:10:00,SC,101,"57,2",ARAQUARI,Velocidade Incompatível,Colisão lateral mesmo sentido,Com Vítimas Feridas,Plena Noite,Decrescente,Chuva,Dupla,Curva,Não,4,0,2,0,1,1,2,2,-26.43795301,-48.80433798,SPRF-SC,DEL03-SC,UOP01-DEL03-SC,2024
"581234,0",2024-02-15,quinta-feira,05:15:00,SC,101,"206,0",SAO JOSE,Condutor deixou de manter distância do veículo da frente,Colisão traseira,Com Vítimas Feridas,Amanhecer,Decrescente,Sol,Múltipla,Reta,Sim,2,0,1,0,1,0,1,2,-27.59193546,-48.61824557,SPRF-SC,DEL01-SC,UOP01-DEL01-SC,2024
"581247,0",2024-02-15,quinta-feira,07:30:00,SC,101,"215,4",PALHOCA,Manobra de mudança de faixa,Colisão traseira,Com Vítimas Feridas,Pleno dia,Decrescente,Nublado,Múltipla,Reta,Sim,3,0,1,0,0,2,1,3,-27.65184843,-48.67604941,SPRF-SC,DEL01-SC,UOP02-DEL01-SC,2024
"581255,0",2024-02-15,quinta-feira,07:40:00,SC,101,"88,0",BARRA VELHA,Acessar a via sem observar a presença dos outros veículos,Colisão transversal,Com Vítimas Feridas,Pleno dia,Decrescente,Nublado,Múltipla,Reta,Sim,2,0,1,0,1,0,1,2,-26.64253985,-48.68950684,SPRF-SC,DEL03-SC,UOP02-DEL03-SC,2024
"581271,0",2024-02-15,quinta-feira,09:45:00,SC,101,"377,4",ICARA,Avarias e/ou desgaste excessivo no pneu,Saída de leito carroçável,Com Vítimas Feridas,Pleno dia,Crescente,Sol,Dupla,Reta,Não,4,0,1,0,3,0,1,1,-28.74721,-49.26204,SPRF-SC,DEL02-SC,UOP01-DEL02-SC,2024
"581281,0",2024-02-15,quinta-feira,10:00:00,SC,282,"17,0",PALHOCA,Trafegar com motocicleta (ou similar) entre as faixas,Colisão transversal,Com Vítimas Feridas,Pleno dia,Crescente,Céu Claro,Simples,Reta,Não,2,0,1,0,1,0,1,2,-27.665707,-48.688065,SPRF-SC,DEL01-SC,UOP02-DEL01-SC,2024
"581289,0",2024-02-15,quinta-feira,12:00:00,SC,280,"25,0",ARAQUARI,Acessar a via sem observar a presença dos outros veículos,Colisão transversal,Com Vítimas Feridas,Pleno dia,Decrescente,Nublado,Simples,Reta,Sim,2,0,1,0,1,0,1,2,-26.38352781,-48.72677516,SPRF-SC,DEL03-SC,UOP03-DEL03-SC,2024
"581290,0",2024-02-15,quinta-feira,11:00:00,SC,101,"136,0",BALNEARIO CAMBORIU,Ultrapassagem Indevida,Colisão traseira,Com Vítimas Feridas,Pleno dia,Crescente,Nublado,Múltipla,Reta,Sim,2,0,1,0,1,0,1,2,-27.008113,-48.617245,SPRF-SC,DEL04-SC,UOP03-DEL04-SC,2024
"581291,0",2024-02-15,quinta-feira,12:05:00,SC,101,"154,0",PORTO BELO,Reação tardia ou ineficiente do condutor,Colisão traseira,Com Vítimas Feridas,Pleno dia,Crescente,Céu Claro,Dupla,Reta,Sim,1,0,0,1,0,0,1,1,-27.153819,-48.61086393,SPRF-SC,DEL04-SC,UOP03-DEL04-SC,2024
"581317,0",2024-02-15,quinta-feira,13:30:00,SC,282,"115,0",ALFREDO WAGNER,Demais falhas mecânicas ou elétricas,Incêndio,Sem Vítimas,Pleno dia,Crescente,Nublado,Simples,Curva,Não,1,0,0,0,1,0,0,1,-27.755424,-49.39444,SPRF-SC,DEL01-SC,UOP03-DEL01-SC,2024
"581322,0",2024-01-14,domingo,18:40:00,SC,282,"531,7",CORDILHEIRA ALTA,Condutor usando celular,Colisão lateral sentido oposto,Com Vítimas Feridas,Pleno dia,Crescente,Nublado,Simples,Reta,Não,8,0,0,2,4,2,2,4,-26.995453,-52.612208,SPRF-SC,DEL07-SC,UOP01-DEL07-SC,2024
"581327,0",2024-02-15,quinta-feira,14:45:00,SC,101,"334,6",TUBARAO,Frear bruscamente,Queda de ocupante de veículo,Com Vítimas Feridas,Pleno dia,Decrescente,Céu Claro,Múltipla,Reta,Sim,1,0,1,0,0,0,1,1,-28.46730446,-49.00604302,SPRF-SC,DEL02-SC,UOP01-DEL02-SC,2024
"581334,0",2024-02-15,quinta-feira,15:40:00,SC,101,"196,2",BIGUACU,Manobra de mudança de faixa,Colisão traseira,Com Vítimas Feridas,Pleno dia,Crescente,Nublado,Múltipla,Reta,Sim,2,0,1,0,1,0,1,2,-27.51101091,-48.64322292,SPRF-SC,DEL01-SC,UOP01-DEL01-SC,2024
"581342,0",2024-01-15,segunda-feira,10:50:00,SC,101,"91,2",BARRA VELHA,Reação tardia ou ineficiente do condutor,Colisão transversal,Com Vítimas Feridas,Pleno dia,Decrescente,Nublado,Dupla,Reta,Sim,3,0,1,0,1,1,1,3,-26.67999998,-48.69257569,SPRF-SC,DEL03-SC,UOP02-DEL03-SC,2024
"581362,0",2024-02-15,quinta-feira,18:20:00,SC,470,"73,0",INDAIAL,Acessar a via sem observar a presença dos outros veículos,Colisão transversal,Com Vítimas Feridas,Anoitecer,Crescente,Chuva,Simples,Reta,Não,2,0,1,0,1,0,1,2,-26.908962,-49.275089,SPRF-SC,DEL04-SC,UOP01-DEL04-SC,2024
"581402,0",2024-02-16,sexta-feira,03:00:00,SC,101,"34,3",JOINVILLE,Frear bruscamente,Colisão traseira,Sem Vítimas,Plena Noite,Crescente,Garoa/Chuvisco,Dupla,Reta,Não,2,0,0,0,2,0,0,2,-26.23667403,-48.91486706,SPRF-SC,DEL03-SC,UOP01-DEL03-SC,2024
"581407,0",2024-02-16,sexta-feira,04:30:00,SC,280,"66,5",JARAGUA DO SUL,Acessar a via sem observar a presença dos outros veículos,Colisão transversal,Com Vítimas Feridas,Pleno dia,Decrescente,Nublado,Simples,Interseção de Vias;Reta,Sim,2,0,1,0,1,0,1,2,-26.47606607,-49.09568797,SPRF-SC,DEL03-SC,UOP03-DEL03-SC,2024
"581417,0",2024-02-12,segunda-feira,18:50:00,SC,101,"137,0",BALNEARIO CAMBORIU,Acessar a via sem observar a presença dos outros veículos,Colisão lateral mesmo sentido,Com Vítimas Feridas,Anoitecer,Decrescente,Céu Claro,Dupla,Reta,Não,6,0,1,0,5,0,1,3,-27.0157238,-48.61192763,SPRF-SC,DEL04-SC,UOP03-DEL04-SC,2024
"581433,0",2024-02-16,sexta-feira,08:45:00,SC,101,"223,8",PALHOCA,Acessar a via sem observar a presença dos outros veículos,Colisão transversal,Com Vítimas Feridas,Pleno dia,Crescente,Céu Claro,Múltipla,Reta,Sim,2,0,0,1,1,0,1,2,-27.71552634,-48.64881251,SPRF-SC,DEL01-SC,UOP02-DEL01-SC,2024
"581438,0",2024-02-16,sexta-feira,09:00:00,SC,101,"137,0",BALNEARIO CAMBORIU,Demais falhas mecânicas ou elétricas,Colisão traseira,Com Vítimas Feridas,Pleno dia,Crescente,Céu Claro,Dupla,Reta,Não,2,0,0,1,1,0,1,2,-27.0157238,-48.61192763,SPRF-SC,DEL04-SC,UOP03-DEL04-SC,2024
"581444,0",2024-02-16,sexta-feira,07:50:00,SC,116,"57,8",PAPANDUVA,Acessar a via sem observar a presença dos outros veículos,Colisão transversal,Com Vítimas Feridas,Pleno dia,Decrescente,Nublado,Simples,Reta,Não,4,0,1,0,3,0,1,2,-26.38204782,-50.18999277,SPRF-SC,DEL06-SC,UOP02-DEL06-SC,2024
"581455,0",2024-02-16,sexta-feira,11:10:00,SC,470,"104,0",APIUNA,Reação tardia ou ineficiente do condutor,Saída de leito carroçável,Com Vítimas Feridas,Pleno dia,Crescente,Garoa/Chuvisco,Simples,Curva,Não,1,0,0,1,0,0,1,1,-27.06361344,-49.41609085,SPRF-SC,DEL04-SC,UOP02-DEL04-SC,2024
"581466,0",2024-02-16,sexta-feira,11:30:00,SC,101,"153,0",ITAPEMA,Reação tardia ou ineficiente do condutor,Colisão com objeto,Sem Vítimas,Pleno dia,Crescente,Nublado,Dupla,Reta,Não,1,0,0,0,1,0,0,1,-27.144717,-48.61063935,SPRF-SC,DEL04-SC,UOP03-DEL04-SC,2024
"581486,0",2024-02-16,sexta-feira,13:30:00,SC,101,"148,0",ITAPEMA,Reação tardia ou ineficiente do condutor,Atropelamento de Pedestre,Com Vítimas Feridas,Pleno dia,Crescente,Nublado,Múltipla,Reta,Sim,2,0,1,0,1,0,1,2,-27.10123686,-48.61807962,SPRF-SC,DEL04-SC,UOP03-DEL04-SC,2024
"581494,0",2024-02-16,sexta-feira,11:15:00,SC,153,"97,0",CONCORDIA,Velocidade Incompatível,Queda de ocupante de veículo,Com Vítimas Feridas,Pleno dia,Crescente,Nevoeiro/Neblina,Simples,Rotatória,Sim,2,0,2,0,0,0,2,1,-27.22502055,-51.95031166,SPRF-SC,DEL07-SC,UOP04-DEL07-SC,2024
"581496,0",2024-02-16,sexta-feira,11:40:00,SC,282,"577,8",PINHALZINHO,Reação tardia ou ineficiente do condutor,Tombamento,Com Vítimas Feridas,Pleno dia,Crescente,Chuva,Simples,Reta,Sim,1,0,1,0,0,0,1,1,-26.85496023,-52.98018873,SPRF-SC,DEL07-SC,UOP02-DEL07-SC,2024
"581529,0",2024-02-16,sexta-feira,15:30:00,SC,282,"115,8",ALFREDO WAGNER,Velocidade Incompatível,Saída de leito carroçável,Com Vítimas Feridas,Pleno dia,Decrescente,Chuva,Simples,Curva,Não,1,0,1,0,0,0,1,1,-27.755424,-49.39444,SPRF-SC,DEL01-SC,UOP03-DEL01-SC,2024
"581537,0",2024-02-16,sexta-feira,18:00:00,SC,470,"98,6",APIUNA,Ultrapassagem Indevida,Colisão transversal,Com Vítimas Feridas,Plena Noite,Crescente,Chuva,Simples,Reta,Sim,2,0,1,0,1,0,1,2,-27.03567392,-49.39007342,SPRF-SC,DEL04-SC,UOP02-DEL04-SC,2024
"581559,0",2024-02-16,sexta-feira,18:30:00,SC,280,"224,0",TRES BARRAS,Transitar na contramão,Colisão frontal,Com Vítimas Feridas,Anoitecer,Crescente,Céu Claro,Simples,Rotatória,Não,4,0,2,0,2,0,2,2,-26.17513189,-50.30394805,SPRF-SC,DEL06-SC,UOP04-DEL06-SC,2024
"581561,0",2024-02-16,sexta-feira,16:30:00,SC,101,"133,0",BALNEARIO CAMBORIU,Desrespeitar a preferência no cruzamento,Colisão transversal,Com Vítimas Feridas,Pleno dia,Crescente,Nublado,Dupla,Interseção de Vias,Não,3,0,0,2,1,0,2,2,-26.99936,-48.64609,SPRF-SC,DEL04-SC,UOP03-DEL04-SC,2024
"581568,0",2024-02-16,sexta-feira,20:50:00,SC,101,"79,4",ARAQUARI,Objeto estático sobre o leito carroçável,Colisão traseira,Com Vítimas Feridas,Plena Noite,Decrescente,Chuva,Múltipla,Interseção de Vias,Não,4,0,2,0,2,0,2,2,-26.58559601,-48.72192112,SPRF-SC,DEL03-SC,UOP02-DEL03-SC,2024
"581582,0",2024-02-16,sexta-feira,22:50:00,SC,101,"196,0",BIGUACU,Acessar a via sem observar a presença dos outros veículos,Colisão lateral mesmo sentido,Com Vítimas Feridas,Plena Noite,Decrescente,Céu Claro,Múltipla,Interseção de Vias;Reta,Sim,3,0,1,0,2,0,1,2,-27.5047092,-48.65010819,SPRF-SC,DEL01-SC,UOP01-DEL01-SC,2024
"581587,0",2024-02-16,sexta-feira,22:45:00,SC,282,"68,5",RANCHO QUEIMADO,Velocidade Incompatível,Saída de leito carroçável,Com Vítimas Feridas,Plena Noite,Decrescente,Chuva,Simples,Curva;Declive,Não,2,0,2,0,0,0,2,1,-27.692406,-49.075939,SPRF-SC,DEL01-SC,UOP03-DEL01-SC,2024
"581591,0",2024-02-17,sábado,00:30:00,SC,101,"218,1",PALHOCA,Acessar a via sem observar a presença dos outros veículos,Colisão traseira,Com Vítimas Feridas,Plena Noite,Decrescente,Céu Claro,Múltipla,Reta,Sim,2,0,0,2,0,0,2,2,-27.6758601,-48.67052525,SPRF-SC,DEL01-SC,UOP02-DEL01-SC,2024
"581595,0",2024-02-17,sábado,01:30:00,SC,101,"128,0",ITAJAI,Reação tardia ou ineficiente do condutor,Colisão com objeto,Com Vítimas Feridas,Plena Noite,Crescente,Nublado,Dupla,Curva,Não,1,0,1,0,0,0,1,1,-26.97284292,-48.68299451,SPRF-SC,DEL04-SC,UOP04-DEL04-SC,2024
"581603,0",2024-02-17,sábado,03:50:00,SC,101,"192,4",BIGUACU,Ingestão de álcool pelo condutor,Tombamento,Sem Vítimas,Plena Noite,Decrescente,Céu Claro,Múltipla,Reta,Sim,1,0,0,0,1,0,0,1,-27.48443781,-48.64765238,SPRF-SC,DEL01-SC,UOP01-DEL01-SC,2024
"581628,0",2024-02-17,sábado,07:15:00,SC,470,"43,0",GASPAR,Condutor deixou de manter distância do veículo da frente,Colisão lateral mesmo sentido,Com Vítimas Feridas,Pleno dia,Decrescente,Céu Claro,Simples,Aclive;Reta,Não,2,0,1,0,1,0,1,2,-26.874519,-49.013454,SPRF-SC,DEL04-SC,UOP01-DEL04-SC,2024
"581635,0",2024-02-17,sábado,06:20:00,SC,282,"633,7",DESCANSO,Velocidade Incompatível,Saída de leito carroçável,Com Vítimas Fatais,Amanhecer,Decrescente,Céu Claro,Simples,Declive;Curva,Não,1,1,0,0,0,0,0,1,-26.82646435,-53.42026949,SPRF-SC,DEL07-SC,UOP03-DEL07-SC,2024
"581640,0",2024-02-17,sábado,08:25:00,SC,101,"285,9",IMBITUBA,Reação tardia ou ineficiente do condutor,Tombamento,Com Vítimas Feridas,Pleno dia,Crescente,Céu Claro,Simples,Aclive;Reta,Não,2,0,1,0,1,0,1,1,-28.24751602,-48.70070279,SPRF-SC,DEL02-SC,UOP03-DEL02-SC,2024
"581669,0",2024-02-17,sábado,12:45:00,SC,101,"120,0",ITAJAI,Condutor deixou de manter distância do veículo da frente,Colisão traseira,Com Vítimas Feridas,Pleno dia,Decrescente,Nublado,Múltipla,Reta,Sim,2,0,0,1,1,0,1,2,-26.912758,-48.711998,SPRF-SC,DEL04-SC,UOP04-DEL04-SC,2024
"581672,0",2024-02-17,sábado,12:00:00,SC,282,"4,3",SAO JOSE,Reação tardia ou ineficiente do condutor,Colisão transversal,Com Vítimas Feridas,Pleno dia,Decrescente,Nublado,Dupla,Reta,Sim,2,0,1,0,1,0,1,2,-27.592646,-48.604034,SPRF-SC,DEL01-SC,UOP01-DEL01-SC,2024
"581677,0",2024-02-17,sábado,10:45:00,SC,280,"151,6",MAFRA,Ausência de reação do condutor,Saída de leito carroçável,Com Vítimas Feridas,Pleno dia,Crescente,Chuva,Simples,Curva,Não,2,0,2,0,0,0,2,1,-26.23049098,-49.70386505,SPRF-SC,DEL06-SC,UOP03-DEL06-SC,2024
"581694,0",2024-02-17,sábado,15:45:00,SC,470,"51,4",BLUMENAU,Desrespeitar a preferência no cruzamento,Colisão transversal,Com Vítimas Feridas,Pleno dia,Decrescente,Céu Claro,Dupla,Reta,Sim,3,0,2,0,1,0,2,2,-26.862339,-49.084038,SPRF-SC,DEL04-SC,UOP01-DEL04-SC,2024
"581700,0",2024-02-17,sábado,16:05:00,SC,282,"609,8",MARAVILHA,Condutor deixou de manter distância do veículo da frente,Colisão traseira,Com Vítimas Feridas,Pleno dia,Crescente,Sol,Simples,Reta,Não,3,0,0,1,2,0,1,2,-26.761354,-53.221897,SPRF-SC,DEL07-SC,UOP02-DEL07-SC,2024
"581702,0",2024-02-17,sábado,17:00:00,SC,282,"22,2",PALHOCA,Ultrapassagem Indevida,Colisão lateral mesmo sentido,Com Vítimas Feridas,Pleno dia,Crescente,Nublado,Simples,Reta,Sim,3,0,0,2,1,0,2,3,-27.688507,-48.72739,SPRF-SC,DEL01-SC,UOP02-DEL01-SC,2024
"581714,0",2024-02-17,sábado,18:00:00,SC,101,"42,0",JOINVILLE,Condutor deixou de manter distância do veículo da frente,Colisão traseira,Com Vítimas Feridas,Pleno dia,Decrescente,Nublado,Dupla,Reta,Não,4,0,1,0,3,0,1,2,-26.29251598,-48.88474385,SPRF-SC,DEL03-SC,UOP01-DEL03-SC,2024
"581720,0",2024-02-17,sábado,18:50:00,SC,280,"30,0",ARAQUARI,Ultrapassagem Indevida,Tombamento,Com Vítimas Feridas,Anoitecer,Decrescente,Nublado,Simples,Reta,Sim,1,0,1,0,0,0,1,1,-26.4141523,-48.76209493,SPRF-SC,DEL03-SC,UOP03-DEL03-SC,2024