id,data_inversa,dia_semana,horario,uf,br,km,municipio,causa_acidente,tipo_acidente,classificacao_acidente,fase_dia,sentido_via,condicao_metereologica,tipo_pista,tracado_via,uso_solo,pessoas,mortos,feridos_leves,feridos_graves,ilesos,ignorados,feridos,veiculos,latitude,longitude,regional,delegacia,uop,ano_arquivo
"582472,0",2024-02-21,quarta-feira,19:30:00,SC,282,"19,5",PALHOCA,Acessar a via sem observar a presença dos outros veículos,Colisão transversal,Com Vítimas Feridas,Plena Noite,Decrescente,Nublado,Simples,Reta,Sim,2,0,1,0,1,0,1,2,-27.6823975,-48.70757461,SPRF-SC,DEL01-SC,UOP02-DEL01-SC,2024
"582484,0",2024-02-21,quarta-feira,19:45:00,SC,101,"295,0",IMBITUBA,Reação tardia ou ineficiente do condutor,Colisão lateral mesmo sentido,Com Vítimas Feridas,Plena Noite,Crescente,Nublado,Múltipla,Declive;Reta,Não,3,0,3,0,0,0,3,2,-28.32380675,-48.72985303,SPRF-SC,DEL02-SC,UOP03-DEL02-SC,2024
"582488,0",2024-02-21,quarta-feira,20:50:00,SC,282,"17,5",PALHOCA,Desrespeitar a preferência no cruzamento,Colisão transversal,Com Vítimas Feridas,Plena Noite,Decrescente,Céu Claro,Simples,Reta,Sim,2,0,1,0,0,1,1,2,-27.66743275,-48.68956089,SPRF-SC,DEL01-SC,UOP02-DEL01-SC,2024
"582504,0",2024-02-21,quarta-feira,23:30:00,SC,101,"135,8",BALNEARIO CAMBORIU,Ingestão de álcool pelo condutor,Colisão traseira,Sem Vítimas,Plena Noite,Crescente,Nublado,Múltipla,Curva,Sim,2,0,0,0,2,0,0,2,-27.0050108,-48.62677494,SPRF-SC,DEL04-SC,UOP03-DEL04-SC,2024
"582519,0",2024-02-22,quinta-feira,06:00:00,SC,101,"290,0",IMBITUBA,Reação tardia ou ineficiente do condutor,Tombamento,Com Vítimas Feridas,Pleno dia,Crescente,Céu Claro,Dupla,Aclive;Reta,Não,2,0,2,0,0,0,2,1,-28.2620247659,-48.7040335527,SPRF-SC,DEL02-SC,UOP03-DEL02-SC,2024
"582530,0",2024-02-22,quinta-feira,06:40:00,SC,101,"137,0",BALNEARIO CAMBORIU,Reação tardia ou ineficiente do condutor,Queda de ocupante de veículo,Com Vítimas Feridas,Pleno dia,Decrescente,Nublado,Dupla,Reta,Sim,1,0,0,1,0,0,1,1,-27.0157238,-48.61192763,SPRF-SC,DEL04-SC,UOP03-DEL04-SC,2024
"582545,0",2024-02-22,quinta-feira,08:00:00,SC,282,"3,0",FLORIANOPOLIS,Manobra de mudança de faixa,Colisão lateral mesmo sentido,Com Vítimas Feridas,Pleno dia,Decrescente,Céu Claro,Múltipla,Curva,Sim,3,0,0,1,2,0,1,3,-27.600384,-48.599705,SPRF-SC,DEL01-SC,UOP01-DEL01-SC,2024
"582571,0",2024-02-22,quinta-feira,11:40:00,SC,470,"49,8",BLUMENAU,Ausência de reação do condutor,Tombamento,Com Vítimas Feridas,Pleno dia,Decrescente,Céu Claro,Simples,Reta,Não,1,0,1,0,0,0,1,1,-26.860662,-49.065159,SPRF-SC,DEL04-SC,UOP01-DEL04-SC,2024
"582609,0",2024-02-22,quinta-feira,15:25:00,SC,101,"82,7",BARRA VELHA,Reação tardia ou ineficiente do condutor,Colisão com objeto,Com Vítimas Feridas,Pleno dia,Decrescente,Céu Claro,Simples,Reta;Declive,Não,1,0,1,0,0,0,1,1,-26.618372,-48.718276,SPRF-SC,DEL03-SC,UOP02-DEL03-SC,2024
"582637,0",2024-02-22,quinta-feira,17:40:00,SC,470,"246,6",CURITIBANOS,Condutor deixou de manter distância do veículo da frente,Colisão lateral mesmo sentido,Com Vítimas Feridas,Anoitecer,Decrescente,Céu Claro,Simples,Reta;Aclive,Sim,7,0,1,0,4,2,1,3,-27.314163,-50.550713,SPRF-SC,DEL05-SC,UOP03-DEL05-SC,2024
"582652,0",2024-02-22,quinta-feira,17:40:00,SC,101,"44,3",JOINVILLE,Reação tardia ou ineficiente do condutor,Capotamento,Com Vítimas Feridas,Pleno dia,Crescente,Nublado,Dupla,Reta,Sim,3,0,2,0,0,1,2,2,-26.31238996,-48.87458997,SPRF-SC,DEL03-SC,UOP01-DEL03-SC,2024
"582670,0",2024-02-22,quinta-feira,16:30:00,SC,282,"501,3",XANXERE,Acessar a via sem observar a presença dos outros veículos,Colisão transversal,Com Vítimas Feridas,Pleno dia,Crescente,Sol,Simples,Interseção de Vias,Sim,4,0,1,1,2,0,2,2,-26.88244026,-52.38146067,SPRF-SC,DEL07-SC,UOP01-DEL07-SC,2024
"582676,0",2024-02-22,quinta-feira,18:30:00,SC,282,"273,5",SAO JOSE DO CERRITO,Pedestre andava na pista,Atropelamento de Pedestre,Com Vítimas Fatais,Anoitecer,Decrescente,Céu Claro,Simples,Reta;Declive,Não,2,1,0,0,1,0,0,2,-27.6140454,-50.7104734,SPRF-SC,DEL05-SC,UOP02-DEL05-SC,2024
"582682,0",2024-02-22,quinta-feira,22:10:00,SC,101,"207,0",SAO JOSE,Entrada inopinada do pedestre,Atropelamento de Pedestre,Com Vítimas Feridas,Plena Noite,Crescente,Garoa/Chuvisco,Dupla,Curva,Não,3,0,0,1,1,1,1,2,-27.60001226,-48.6226467,SPRF-SC,DEL01-SC,UOP01-DEL01-SC,2024
"582690,0",2024-02-22,quinta-feira,23:41:00,SC,0,"0,0",BIGUACU,Ingestão de álcool pelo condutor,Tombamento,Sem Vítimas,Plena Noite,Não Informado,Garoa/Chuvisco,Simples,Curva,Sim,1,0,0,0,1,0,0,1,-27.49048911,-48.655985,SPRF-SC,DEL01-SC,UOP01-DEL01-SC,2024
"582709,0",2024-02-23,sexta-feira,06:30:00,SC,282,"5,0",SAO JOSE,Trafegar com motocicleta (ou similar) entre as faixas,Colisão lateral mesmo sentido,Com Vítimas Feridas,Pleno dia,Decrescente,Sol,Dupla,Reta,Sim,4,0,1,0,3,0,1,4,-27.588425,-48.612919,SPRF-SC,DEL01-SC,UOP01-DEL01-SC,2024
"582717,0",2024-02-23,sexta-feira,07:20:00,SC,101,"156,0",PORTO BELO,Reação tardia ou ineficiente do condutor,Colisão traseira,Com Vítimas Feridas,Pleno dia,Decrescente,Sol,Múltipla,Reta,Sim,2,0,1,0,1,0,1,2,-27.17142957,-48.61131549,SPRF-SC,DEL04-SC,UOP03-DEL04-SC,2024
"582720,0",2024-02-23,sexta-feira,07:20:00,SC,101,"210,0",SAO JOSE,Manobra de mudança de faixa,Colisão lateral mesmo sentido,Com Vítimas Feridas,Pleno dia,Decrescente,Sol,Múltipla,Reta,Sim,2,0,1,0,1,0,1,2,-27.6167305,-48.6457265,SPRF-SC,DEL01-SC,UOP01-DEL01-SC,2024
"582722,0",2024-02-23,sexta-feira,07:40:00,SC,470,"60,2",BLUMENAU,Acessar a via sem observar a presença dos outros veículos,Colisão transversal,Com Vítimas Feridas,Pleno dia,Decrescente,Céu Claro,Simples,Retorno Regulamentado,Não,2,0,1,0,1,0,1,2,-26.88138,-49.164543,SPRF-SC,DEL04-SC,UOP01-DEL04-SC,2024
"582735,0",2024-02-23,sexta-feira,08:30:00,SC,101,"202,7",SAO JOSE,Condutor deixou de manter distância do veículo da frente,Engavetamento,Com Vítimas Feridas,Pleno dia,Decrescente,Céu Claro,Dupla,Reta,Não,9,0,1,0,8,0,1,4,-27.55711595,-48.61897889,SPRF-SC,DEL01-SC,UOP01-DEL01-SC,2024
"582772,0",2024-02-23,sexta-feira,11:43:00,SC,470,"135,7",RIO DO SUL,Acessar a via sem observar a presença dos outros veículos,Colisão transversal,Com Vítimas Feridas,Pleno dia,Crescente,Céu Claro,Simples,Interseção de Vias;Reta,Sim,2,0,0,1,1,0,1,2,-27.18326455,-49.60237026,SPRF-SC,DEL04-SC,UOP02-DEL04-SC,2024
"582781,0",2024-02-23,sexta-feira,13:05:00,SC,282,"6,0",SAO JOSE,Manobra de mudança de faixa,Colisão lateral mesmo sentido,Sem Vítimas,Pleno dia,Crescente,Céu Claro,Dupla,Curva,Não,1,0,0,0,1,0,0,1,-27.591936,-48.618244,SPRF-SC,DEL01-SC,UOP01-DEL01-SC,2024
"582793,0",2024-02-23,sexta-feira,13:55:00,SC,101,"286,0",IMBITUBA,Frear bruscamente,Colisão traseira,Com Vítimas Feridas,Pleno dia,Decrescente,Céu Claro,Dupla,Curva;Aclive,Não,3,0,1,0,2,0,1,2,-28.22947996,-48.70163526,SPRF-SC,DEL02-SC,UOP03-DEL02-SC,2024
"582821,0",2024-02-23,sexta-feira,16:15:00,SC,101,"200,3",SAO JOSE,Condutor deixou de manter distância do veículo da frente,Colisão traseira,Com Vítimas Feridas,Pleno dia,Crescente,Céu Claro,Múltipla,Reta,Sim,2,0,1,0,1,0,1,2,-27.54018513,-48.62287714,SPRF-SC,DEL01-SC,UOP01-DEL01-SC,2024
"582831,0",2024-02-23,sexta-feira,17:00:00,SC,470,"45,6",GASPAR,Acessar a via sem observar a presença dos outros veículos,Colisão lateral mesmo sentido,Com Vítimas Feridas,Pleno dia,Crescente,Nublado,Simples,Em Obras;Reta;Interseção de Vias,Sim,2,0,1,0,1,0,1,2,-26.867064,-49.031109,SPRF-SC,DEL04-SC,UOP01-DEL04-SC,2024
"582833,0",2024-02-23,sexta-feira,14:30:00,SC,470,"123,0",IBIRAMA,Ausência de reação do condutor,Saída de leito carroçável,Com Vítimas Feridas,Pleno dia,Decrescente,Céu Claro,Dupla,Curva,Não,1,0,1,0,0,0,1,1,-27.106783,-49.522049,SPRF-SC,DEL04-SC,UOP02-DEL04-SC,2024
"582846,0",2024-02-23,sexta-feira,16:45:00,SC,280,"78,8",CORUPA,Transitar na contramão,Colisão frontal,Com Vítimas Feridas,Pleno dia,Decrescente,Chuva,Simples,Reta,Sim,4,0,1,3,0,0,4,2,-26.44270827,-49.21107888,SPRF-SC,DEL06-SC,UOP03-DEL06-SC,2024
"582855,0",2024-02-20,terça-feira,07:25:00,SC,470,"45,5",BLUMENAU,Acessar a via sem observar a presença dos outros veículos,Queda de ocupante de veículo,Com Vítimas Feridas,Pleno dia,Decrescente,Céu Claro,Simples,Reta;Interseção de Vias;Em Obras,Sim,2,0,1,0,1,0,1,2,-26.867064,-49.031109,SPRF-SC,DEL04-SC,UOP01-DEL04-SC,2024
"582877,0",2024-02-23,sexta-feira,20:50:00,SC,101,"6,8",GARUVA,Objeto estático sobre o leito carroçável,Saída de leito carroçável,Com Vítimas Feridas,Plena Noite,Crescente,Céu Claro,Dupla,Reta,Não,1,0,0,1,0,0,1,1,-26.03593,-48.860302,SPRF-SC,DEL03-SC,UOP01-DEL03-SC,2024
"582892,0",2024-02-23,sexta-feira,22:35:00,SC,282,"215,5",LAGES,Ultrapassagem Indevida,Colisão lateral mesmo sentido,Com Vítimas Feridas,Plena Noite,Crescente,Céu Claro,Simples,Interseção de Vias,Sim,2,0,1,0,1,0,1,2,-27.7942877,-50.2844131,SPRF-SC,DEL05-SC,UOP01-DEL05-SC,2024
"582922,0",2024-02-24,sábado,04:04:00,SC,101,"205,0",SAO JOSE,Condutor Dormindo,Colisão com objeto,Sem Vítimas,Amanhecer,Decrescente,Céu Claro,Dupla,Reta;Interseção de Vias,Sim,1,0,0,0,1,0,0,1,-27.58308833,-48.61497402,SPRF-SC,DEL01-SC,UOP01-DEL01-SC,2024
"582927,0",2024-02-24,sábado,05:20:00,SC,282,"214,0",LAGES,Transitar na contramão,Colisão frontal,Com Vítimas Feridas,Amanhecer,Crescente,Nublado,Simples,Aclive;Reta;Rotatória,Não,3,0,3,0,0,0,3,3,-27.78937,-50.271915,SPRF-SC,DEL05-SC,UOP01-DEL05-SC,2024
"582929,0",2024-02-24,sábado,06:40:00,SC,101,"199,3",SAO JOSE,Acessar a via sem observar a presença dos outros veículos,Colisão transversal,Com Vítimas Feridas,Amanhecer,Crescente,Céu Claro,Simples,Reta,Não,2,0,1,0,1,0,1,2,-27.53413705,-48.63003205,SPRF-SC,DEL01-SC,UOP01-DEL01-SC,2024
"582942,0",2024-02-24,sábado,06:40:00,SC,101,"228,2",PALHOCA,Ausência de reação do condutor,Tombamento,Com Vítimas Feridas,Pleno dia,Crescente,Céu Claro,Simples,Reta,Sim,1,0,0,1,0,0,1,1,-27.7597249,-48.63078869,SPRF-SC,DEL01-SC,UOP02-DEL01-SC,2024
"582947,0",2024-02-24,sábado,07:45:00,SC,280,"25,5",ARAQUARI,Reação tardia ou ineficiente do condutor,Colisão traseira,Com Vítimas Feridas,Pleno dia,Crescente,Céu Claro,Simples,Reta,Sim,3,0,2,0,1,0,2,2,-26.38352781,-48.72677516,SPRF-SC,DEL03-SC,UOP03-DEL03-SC,2024
"582952,0",2024-02-24,sábado,08:05:00,SC,101,"196,0",BIGUACU,Ingestão de álcool pelo condutor,Saída de leito carroçável,Com Vítimas Feridas,Pleno dia,Crescente,Céu Claro,Múltipla,Reta,Sim,2,0,1,0,0,1,1,2,-27.51101091,-48.64322292,SPRF-SC,DEL01-SC,UOP01-DEL01-SC,2024
"582960,0",2024-02-24,sábado,08:52:00,SC,101,"207,6",SAO JOSE,Manobra de mudança de faixa,Colisão lateral mesmo sentido,Com Vítimas Feridas,Pleno dia,Decrescente,Céu Claro,Múltipla,Declive;Reta,Não,2,0,1,0,1,0,1,2,-27.60001226,-48.6226467,SPRF-SC,DEL01-SC,UOP01-DEL01-SC,2024
"582974,0",2024-02-24,sábado,10:15:00,SC,282,"16,4",PALHOCA,Trafegar com motocicleta (ou similar) entre as faixas,Colisão transversal,Com Vítimas Feridas,Pleno dia,Crescente,Céu Claro,Simples,Reta,Não,3,0,1,0,2,0,1,2,-27.658611,-48.681847,SPRF-SC,DEL01-SC,UOP02-DEL01-SC,2024
"582978,0",2024-02-24,sábado,11:00:00,SC,101,"206,0",SAO JOSE,Ausência de reação do condutor,Colisão traseira,Com Vítimas Feridas,Pleno dia,Decrescente,Céu Claro,Dupla,Reta,Sim,2,0,1,0,1,0,1,2,-27.59193546,-48.61824557,SPRF-SC,DEL01-SC,UOP01-DEL01-SC,2024
"582986,0",2024-02-24,sábado,11:55:00,SC,101,"198,8",BIGUACU,Manobra de mudança de faixa,Colisão lateral mesmo sentido,Com Vítimas Feridas,Pleno dia,Decrescente,Céu Claro,Dupla,Reta,Sim,3,0,2,0,1,0,2,2,-27.52658712,-48.63506019,SPRF-SC,DEL01-SC,UOP01-DEL01-SC,2024
"583004,0",2024-02-24,sábado,12:10:00,SC,101,"412,0",ARARANGUA,Ingestão de álcool pelo condutor,Colisão traseira,Com Vítimas Feridas,Pleno dia,Crescente,Céu Claro,Simples,Reta,Sim,2,0,1,0,1,0,1,2,-28.939333,-49.497513,SPRF-SC,DEL02-SC,UOP02-DEL02-SC,2024
"583013,0",2024-02-24,sábado,14:40:00,SC,470,"49,3",BLUMENAU,Pista Escorregadia,Colisão frontal,Com Vítimas Feridas,Pleno dia,Crescente,Chuva,Dupla,Curva;Interseção de Vias,Sim,3,0,2,0,1,0,2,2,-26.8614334,-49.06838536,SPRF-SC,DEL04-SC,UOP01-DEL04-SC,2024
"583029,0",2024-02-24,sábado,15:20:00,SC,101,"333,0",TUBARAO,Manobra de mudança de faixa,Colisão lateral mesmo sentido,Sem Vítimas,Pleno dia,Decrescente,Céu Claro,Dupla,Túnel,Não,2,0,0,0,2,0,0,2,-28.46630107,-48.99653096,SPRF-SC,DEL02-SC,UOP01-DEL02-SC,2024
"583035,0",2024-02-24,sábado,06:00:00,SC,480,"126,5",CHAPECO,Ingestão de álcool pelo condutor,Saída de leito carroçável,Sem Vítimas,Amanhecer,Decrescente,Céu Claro,Dupla,Reta,Não,1,0,0,0,0,1,0,1,-27.020083,-52.636024,SPRF-SC,DEL07-SC,UOP01-DEL07-SC,2024
"583052,0",2024-02-24,sábado,17:00:00,SC,101,"443,3",SANTA ROSA DO SUL,Ingestão de álcool pelo condutor,Colisão traseira,Sem Vítimas,Pleno dia,Decrescente,Céu Claro,Simples,Reta,Sim,2,0,0,0,2,0,0,2,-29.13596898,-49.70867157,SPRF-SC,DEL02-SC,UOP02-DEL02-SC,2024
"583055,0",2024-02-24,sábado,17:55:00,SC,101,"148,0",ITAPEMA,Reação tardia ou ineficiente do condutor,Colisão lateral mesmo sentido,Com Vítimas Feridas,Anoitecer,Crescente,Nublado,Dupla,Reta,Sim,4,0,1,0,3,0,1,4,-27.10123686,-48.61807962,SPRF-SC,DEL04-SC,UOP03-DEL04-SC,2024
"583065,0",2024-02-24,sábado,18:00:00,SC,101,"343,0",TUBARAO,Ingestão de álcool pelo condutor,Colisão traseira,Sem Vítimas,Pleno dia,Crescente,Céu Claro,Dupla,Reta,Não,5,0,0,0,5,0,0,2,-28.543668,-49.053424,SPRF-SC,DEL02-SC,UOP01-DEL02-SC,2024
"583088,0",2024-02-24,sábado,21:25:00,SC,280,"46,8",GUARAMIRIM,Acessar a via sem observar a presença dos outros veículos,Colisão transversal,Com Vítimas Feridas,Plena Noite,Crescente,Chuva,Simples,Aclive;Reta;Interseção de Vias,Não,3,0,0,2,1,0,2,3,-26.45314994,-48.91017795,SPRF-SC,DEL03-SC,UOP03-DEL03-SC,2024
"583116,0",2024-02-24,sábado,23:30:00,SC,101,"222,0",PALHOCA,Avarias e/ou desgaste excessivo no pneu,Queda de ocupante de veículo,Com Vítimas Feridas,Plena Noite,Crescente,Nublado,Dupla,Reta,Não,2,0,2,0,0,0,2,1,-27.70865409,-48.65586407,SPRF-SC,DEL01-SC,UOP02-DEL01-SC,2024
"583117,0",2024-02-24,sábado,22:10:00,SC,101,"454,9",SAO JOAO DO SUL,Falta de acostamento,Colisão traseira,Com Vítimas Feridas,Plena Noite,Decrescente,Ignorado,Simples,Reta,Sim,2,0,1,1,0,0,2,2,-29.22619351,-49.75982666,SPRF-SC,DEL02-SC,UOP02-DEL02-SC,2024
"583122,0",2024-02-24,sábado,22:30:00,SC,101,"13,0",GARUVA,Ingestão de álcool pelo condutor,Saída de leito carroçável,Com Vítimas Feridas,Plena Noite,Crescente,Chuva,Múltipla,Declive;Reta,Não,4,0,2,0,2,0,2,1,-26.09036771,-48.86377573,SPRF-SC,DEL03-SC,UOP01-DEL03-SC,2024
"583135,0",2024-02-25,domingo,01:30:00,SC,101,"213,0",PALHOCA,Ingestão de álcool pelo condutor,Saída de leito carroçável,Sem Vítimas,Plena Noite,Decrescente,Garoa/Chuvisco,Dupla,Reta,Sim,1,0,0,0,1,0,0,1,-27.63697369,-48.66514142,SPRF-SC,DEL01-SC,UOP02-DEL01-SC,2024
"583139,0",2024-02-25,domingo,01:00:00,SC,101,"459,0",PASSO DE TORRES,Ausência de reação do condutor,Queda de ocupante de veículo,Com Vítimas Feridas,Plena Noite,Crescente,Céu Claro,Dupla,Reta,Não,2,0,2,0,0,0,2,1,-29.249493,-49.75304901,SPRF-RS,DEL03-RS,UOP02-DEL03-RS,2024
"583148,0",2024-02-25,domingo,03:20:00,SC,470,"99,9",APIUNA,Velocidade Incompatível,Colisão com objeto,Com Vítimas Feridas,Plena Noite,Decrescente,Céu Claro,Simples,Reta,Não,4,0,2,0,1,1,2,2,-27.037956,-49.393417,SPRF-SC,DEL04-SC,UOP02-DEL04-SC,2024
"583166,0",2024-02-25,domingo,05:30:00,SC,101,"121,0",ITAJAI,Ingestão de álcool pelo condutor,Colisão com objeto,Com Vítimas Feridas,Amanhecer,Crescente,Nublado,Dupla,Reta,Não,1,0,1,0,0,0,1,1,-26.92103178,-48.70856446,SPRF-SC,DEL04-SC,UOP04-DEL04-SC,2024
"583172,0",2024-02-25,domingo,06:55:00,SC,101,"203,0",SAO JOSE,Reação tardia ou ineficiente do condutor,Colisão com objeto,Com Vítimas Feridas,Pleno dia,Crescente,Chuva,Múltipla,Reta,Sim,2,0,1,1,0,0,2,1,-27.55711595,-48.61897889,SPRF-SC,DEL01-SC,UOP01-DEL01-SC,2024
"583185,0",2024-02-25,domingo,07:40:00,SC,101,"49,0",JOINVILLE,Pista Escorregadia,Tombamento,Com Vítimas Feridas,Pleno dia,Crescente,Chuva,Dupla,Reta,Não,2,0,0,1,1,0,1,1,-26.38560338,-48.84774685,SPRF-SC,DEL03-SC,UOP01-DEL03-SC,2024
"583190,0",2024-02-25,domingo,07:50:00,SC,101,"138,6",BALNEARIO CAMBORIU,Pista Escorregadia,Colisão com objeto,Com Vítimas Feridas,Pleno dia,Decrescente,Chuva,Simples,Curva,Não,1,0,1,0,0,0,1,1,-27.02397426,-48.60761649,SPRF-SC,DEL04-SC,UOP03-DEL04-SC,2024
"583195,0",2024-02-25,domingo,04:35:00,SC,480,"125,4",CHAPECO,Ingestão de álcool pelo condutor,Colisão com objeto,Com Vítimas Feridas,Plena Noite,Decrescente,Céu Claro,Dupla,Interseção de Vias;Retorno Regulamentado,Não,1,0,1,0,0,0,1,1,-27.014944,-52.637511,SPRF-SC,DEL07-SC,UOP01-DEL07-SC,2024
"583224,0",2024-02-25,domingo,13:40:00,SC,101,"206,8",FLORIANOPOLIS,Ausência de reação do condutor,Tombamento,Com Vítimas Feridas,Pleno dia,Crescente,Céu Claro,Múltipla,Reta,Sim,2,0,2,0,0,0,2,1,-27.59193546,-48.61824557,SPRF-SC,DEL01-SC,UOP01-DEL01-SC,2024
"583238,0",2024-02-25,domingo,05:30:00,SC,101,"389,0",CRICIUMA,Condutor Dormindo,Saída de leito carroçável,Com Vítimas Feridas,Plena Noite,Crescente,Nublado,Múltipla,Reta,Não,1,0,0,1,0,0,1,1,-28.79968369,-49.36273634,SPRF-SC,DEL02-SC,UOP02-DEL02-SC,2024
"583245,0",2024-02-25,domingo,14:33:00,SC,101,"51,0",JOINVILLE,Chuva,Colisão com objeto,Sem Vítimas,Pleno dia,Decrescente,Chuva,Dupla,Interseção de Vias;Curva,Sim,1,0,0,0,1,0,0,1,-26.38506771,-48.84917582,SPRF-SC,DEL03-SC,UOP01-DEL03-SC,2024
"583253,0",2024-02-25,domingo,14:45:00,SC,282,"404,0",CATANDUVAS,Velocidade Incompatível,Saída de leito carroçável,Com Vítimas Feridas,Pleno dia,Crescente,Chuva,Simples,Curva,Não,1,0,1,0,0,0,1,1,-27.104719,-51.644424,SPRF-SC,DEL07-SC,UOP05-DEL07-SC,2024
"583284,0",2024-02-25,domingo,19:45:00,SC,101,"351,9",JAGUARUNA,Acesso irregular,Colisão traseira,Com Vítimas Feridas,Plena Noite,Decrescente,Garoa/Chuvisco,Dupla,Reta,Não,2,0,1,0,1,0,1,2,-28.5977641,-49.04943589,SPRF-SC,DEL02-SC,UOP01-DEL02-SC,2024
"583285,0",2024-02-25,domingo,20:00:00,SC,280,"6,1",SAO FRANCISCO DO SUL,Acessar a via sem observar a presença dos outros veículos,Atropelamento de Pedestre,Com Vítimas Feridas,Plena Noite,Crescente,Garoa/Chuvisco,Simples,Reta,Sim,2,0,0,1,1,0,1,2,-26.26569095,-48.63361804,SPRF-SC,DEL03-SC,UOP03-DEL03-SC,2024
"583298,0",2024-02-25,domingo,09:35:00,SC,101,"273,3",IMBITUBA,Condutor usando celular,Saída de leito carroçável,Sem Vítimas,Pleno dia,Crescente,Garoa/Chuvisco,Dupla,Em Obras;Reta,Sim,1,0,0,0,1,0,0,1,-28.12382408,-48.69625015,SPRF-SC,DEL02-SC,UOP03-DEL02-SC,2024
"583325,0",2024-02-25,domingo,20:15:00,SC,282,"40,6",AGUAS MORNAS,Condutor deixou de manter distância do veículo da frente,Engavetamento,Com Vítimas Feridas,Plena Noite,Decrescente,Nublado,Simples,Curva,Não,9,0,0,1,8,0,1,3,-27.716148,-48.869583,SPRF-SC,DEL01-SC,UOP03-DEL01-SC,2024
"583334,0",2024-02-25,domingo,22:52:00,SC,101,"136,4",BALNEARIO CAMBORIU,Velocidade Incompatível,Tombamento,Com Vítimas Feridas,Plena Noite,Crescente,Céu Claro,Simples,Viaduto;Curva,Sim,1,0,1,0,0,0,1,1,-27.0121846,-48.61546755,SPRF-SC,DEL04-SC,UOP03-DEL04-SC,2024
"583340,0",2024-02-25,domingo,23:48:00,SC,101,"420,5",ARARANGUA,Pista Escorregadia,Tombamento,Com Vítimas Feridas,Plena Noite,Decrescente,Garoa/Chuvisco,Simples,Reta,Não,1,0,1,0,0,0,1,1,-29.002602,-49.559422,SPRF-SC,DEL02-SC,UOP02-DEL02-SC,2024
"583341,0",2024-02-25,domingo,18:20:00,SC,282,"91,5",ALFREDO WAGNER,Pedestre - Ingestão de álcool/ substâncias psicoativas,Queda de ocupante de veículo,Com Vítimas Feridas,Pleno dia,Crescente,Nublado,Simples,Reta,Sim,1,0,1,0,0,0,1,1,-27.71060937,-49.2670083,SPRF-SC,DEL01-SC,UOP03-DEL01-SC,2024
"583353,0",2024-02-26,segunda-feira,01:55:00,SC,101,"160,6",TIJUCAS,Acesso irregular,Saída de leito carroçável,Sem Vítimas,Plena Noite,Decrescente,Nublado,Múltipla,Reta,Não,1,0,0,0,0,1,0,1,-27.20831288,-48.61987922,SPRF-SC,DEL04-SC,UOP03-DEL04-SC,2024
"583361,0",2024-02-26,segunda-feira,02:00:00,SC,101,"131,5",BALNEARIO CAMBORIU,Suicídio (presumido),Atropelamento de Pedestre,Com Vítimas Feridas,Plena Noite,Crescente,Nublado,Múltipla,Curva,Sim,2,0,1,0,0,1,1,2,-26.99064209,-48.66310912,SPRF-SC,DEL04-SC,UOP03-DEL04-SC,2024
"583362,0",2024-02-26,segunda-feira,03:30:00,SC,101,"425,0",ARARANGUA,Avarias e/ou desgaste excessivo no pneu,Tombamento,Com Vítimas Feridas,Plena Noite,Crescente,Chuva,Dupla,Viaduto;Reta,Sim,2,0,2,0,0,0,2,1,-29.02228883,-49.59373355,SPRF-SC,DEL02-SC,UOP02-DEL02-SC,2024
"583363,0",2024-02-25,domingo,18:10:00,SC,470,"111,0",APIUNA,Afundamento ou ondulação no pavimento,Tombamento,Com Vítimas Feridas,Pleno dia,Crescente,Céu Claro,Simples,Ponte;Curva,Não,1,0,1,0,0,0,1,1,-27.095388,-49.457878,SPRF-SC,DEL04-SC,UOP02-DEL04-SC,2024
"583374,0",2024-02-26,segunda-feira,07:00:00,SC,101,"233,4",PALHOCA,Reação tardia ou ineficiente do condutor,Queda de ocupante de veículo,Com Vítimas Feridas,Pleno dia,Crescente,Chuva,Dupla,Curva;Declive,Não,1,0,0,1,0,0,1,1,-27.80376397,-48.63826211,SPRF-SC,DEL01-SC,UOP02-DEL01-SC,2024
"583389,0",2024-02-26,segunda-feira,08:00:00,SC,280,"27,4",ARAQUARI,Ultrapassagem Indevida,Colisão transversal,Com Vítimas Feridas,Pleno dia,Decrescente,Chuva,Simples,Reta,Sim,2,0,1,0,1,0,1,2,-26.39685622,-48.74021969,SPRF-SC,DEL03-SC,UOP03-DEL03-SC,2024
"583414,0",2024-02-26,segunda-feira,07:30:00,SC,101,"215,5",PALHOCA,Frear bruscamente,Queda de ocupante de veículo,Com Vítimas Feridas,Pleno dia,Decrescente,Garoa/Chuvisco,Múltipla,Reta,Sim,1,0,0,1,0,0,1,1,-27.65184843,-48.67604941,SPRF-SC,DEL01-SC,UOP02-DEL01-SC,2024
"583415,0",2024-02-26,segunda-feira,09:00:00,SC,282,"539,8",CHAPECO,Condutor usando celular,Saída de leito carroçável,Com Vítimas Feridas,Pleno dia,Decrescente,Sol,Simples,Reta,Não,1,0,1,0,0,0,1,1,-26.993254,-52.681767,SPRF-SC,DEL07-SC,UOP01-DEL07-SC,2024
"583422,0",2024-02-26,segunda-feira,10:10:00,SC,101,"207,5",SAO JOSE,Condutor deixou de manter distância do veículo da frente,Colisão traseira,Com Vítimas Feridas,Pleno dia,Decrescente,Nublado,Múltipla,Declive;Reta,Sim,2,0,1,0,1,0,1,2,-27.60199525,-48.62811685,SPRF-SC,DEL01-SC,UOP01-DEL01-SC,2024