id,data_inversa,dia_semana,horario,uf,br,km,municipio,causa_acidente,tipo_acidente,classificacao_acidente,fase_dia,sentido_via,condicao_metereologica,tipo_pista,tracado_via,uso_solo,pessoas,mortos,feridos_leves,feridos_graves,ilesos,ignorados,feridos,veiculos,latitude,longitude,regional,delegacia,uop,ano_arquivo
"583427,0",2024-02-26,segunda-feira,10:30:00,SC,101,"205,6",SAO JOSE,Condutor deixou de manter distância do veículo da frente,Colisão traseira,Com Vítimas Feridas,Pleno dia,Decrescente,Nublado,Múltipla,Reta,Sim,3,0,1,0,2,0,1,3,-27.58313237,-48.61532885,SPRF-SC,DEL01-SC,UOP01-DEL01-SC,2024
"583451,0",2024-02-26,segunda-feira,12:00:00,SC,282,"72,1",RANCHO QUEIMADO,Velocidade Incompatível,Saída de leito carroçável,Com Vítimas Feridas,Pleno dia,Crescente,Chuva,Simples,Curva,Sim,3,0,2,1,0,0,3,1,-27.683439,-49.105259,SPRF-SC,DEL01-SC,UOP03-DEL01-SC,2024
"583467,0",2024-02-26,segunda-feira,14:25:00,SC,101,"215,5",PALHOCA,Reação tardia ou ineficiente do condutor,Atropelamento de Pedestre,Com Vítimas Feridas,Pleno dia,Decrescente,Chuva,Múltipla,Reta,Sim,3,0,2,0,1,0,2,2,-27.65184843,-48.67604941,SPRF-SC,DEL01-SC,UOP02-DEL01-SC,2024
"583469,0",2024-02-26,segunda-feira,10:30:00,SC,101,"209,0",SAO JOSE,Frear bruscamente,Colisão traseira,Com Vítimas Feridas,Pleno dia,Crescente,Chuva,Múltipla,Reta,Não,2,0,1,0,0,1,1,2,-27.61000542,-48.63895057,SPRF-SC,DEL01-SC,UOP01-DEL01-SC,2024
"583480,0",2024-02-26,segunda-feira,13:40:00,SC,280,"12,1",SAO FRANCISCO DO SUL,Ausência de reação do condutor,Tombamento,Com Vítimas Feridas,Pleno dia,Decrescente,Chuva,Simples,Reta,Não,1,0,0,1,0,0,1,1,-26.31323107,-48.64449483,SPRF-SC,DEL03-SC,UOP03-DEL03-SC,2024
"583489,0",2024-02-26,segunda-feira,12:00:00,SC,470,"207,0",PONTE ALTA,Ausência de reação do condutor,Saída de leito carroçável,Sem Vítimas,Pleno dia,Decrescente,Nublado,Simples,Curva,Não,1,0,0,0,0,1,0,1,-27.291355,-50.194443,SPRF-SC,DEL05-SC,UOP03-DEL05-SC,2024
"583492,0",2024-02-26,segunda-feira,17:10:00,SC,101,"213,4",PALHOCA,Reação tardia ou ineficiente do condutor,Colisão com objeto,Com Vítimas Feridas,Pleno dia,Crescente,Chuva,Múltipla,Reta,Sim,1,0,0,1,0,0,1,1,-27.63697369,-48.66514142,SPRF-SC,DEL01-SC,UOP02-DEL01-SC,2024
"583501,0",2024-02-26,segunda-feira,14:20:00,SC,116,"5,0",MAFRA,Acessar a via sem observar a presença dos outros veículos,Colisão lateral mesmo sentido,Com Vítimas Feridas,Pleno dia,Crescente,Céu Claro,Simples,Interseção de Vias,Sim,2,0,1,0,0,1,1,2,-26.14094396,-49.81508303,SPRF-SC,DEL06-SC,UOP01-DEL06-SC,2024
"583520,0",2024-02-26,segunda-feira,19:29:00,SC,280,"22,8",ARAQUARI,Condutor deixou de manter distância do veículo da frente,Colisão traseira,Sem Vítimas,Plena Noite,Decrescente,Céu Claro,Simples,Reta,Sim,2,0,0,0,2,0,0,2,-26.37092616,-48.70204099,SPRF-SC,DEL03-SC,UOP03-DEL03-SC,2024
"583528,0",2024-02-26,segunda-feira,17:40:00,SC,101,"399,0",MARACAJA,Reação tardia ou ineficiente do condutor,Colisão transversal,Com Vítimas Feridas,Pleno dia,Decrescente,Chuva,Dupla,Curva,Sim,2,0,0,1,0,1,1,2,-28.84171475,-49.42814418,SPRF-SC,DEL02-SC,UOP02-DEL02-SC,2024
"583539,0",2024-02-26,segunda-feira,18:50:00,SC,101,"298,6",LAGUNA,Ausência de reação do condutor,Colisão traseira,Com Vítimas Feridas,Plena Noite,Crescente,Nublado,Dupla,Curva,Não,3,0,1,0,2,0,1,2,-28.32102597,-48.72829906,SPRF-SC,DEL02-SC,UOP03-DEL02-SC,2024
"583547,0",2024-02-26,segunda-feira,16:25:00,SC,282,"555,8",NOVA ITABERABA,Velocidade Incompatível,Saída de leito carroçável,Com Vítimas Feridas,Pleno dia,Crescente,Céu Claro,Simples,Reta,Não,2,0,1,0,1,0,1,1,-26.935896,-52.810684,SPRF-SC,DEL07-SC,UOP01-DEL07-SC,2024
"583566,0",2024-02-27,terça-feira,00:50:00,SC,282,"4,5",SAO JOSE,Demais falhas mecânicas ou elétricas,Incêndio,Sem Vítimas,Plena Noite,Crescente,Nublado,Múltipla,Declive;Reta,Sim,1,0,0,0,0,1,0,1,-27.592646,-48.604034,SPRF-SC,DEL01-SC,UOP01-DEL01-SC,2024
"583571,0",2024-02-26,segunda-feira,21:20:00,SC,101,"32,0",JOINVILLE,Pista Escorregadia,Saída de leito carroçável,Com Vítimas Feridas,Plena Noite,Crescente,Chuva,Dupla,Reta,Sim,1,0,1,0,0,0,1,1,-26.226987,-48.91657,SPRF-SC,DEL03-SC,UOP01-DEL03-SC,2024
"583595,0",2024-02-27,terça-feira,06:52:00,SC,470,"154,0",AGRONOMICA,Velocidade Incompatível,Saída de leito carroçável,Com Vítimas Feridas,Pleno dia,Decrescente,Chuva,Simples,Curva,Não,1,0,1,0,0,0,1,1,-27.27448534,-49.74457026,SPRF-SC,DEL04-SC,UOP02-DEL04-SC,2024
"583599,0",2024-02-27,terça-feira,07:20:00,SC,101,"212,3",PALHOCA,Reação tardia ou ineficiente do condutor,Tombamento,Com Vítimas Feridas,Pleno dia,Decrescente,Chuva,Múltipla,Reta,Sim,1,0,1,0,0,0,1,1,-27.62996929,-48.65903871,SPRF-SC,DEL01-SC,UOP02-DEL01-SC,2024
"583619,0",2024-02-04,domingo,02:00:00,SC,282,"130,7",BOM RETIRO,Transitar na contramão,Colisão frontal,Com Vítimas Fatais,Plena Noite,Crescente,Céu Claro,Simples,Reta;Aclive,Não,3,3,0,0,0,0,0,2,-27.8069846,-49.5106133,SPRF-SC,DEL05-SC,UOP01-DEL05-SC,2024
"583632,0",2024-02-27,terça-feira,10:30:00,SC,101,"189,0",BIGUACU,Reação tardia ou ineficiente do condutor,Colisão com objeto,Com Vítimas Feridas,Pleno dia,Decrescente,Garoa/Chuvisco,Dupla,Curva,Não,1,0,1,0,0,0,1,1,-27.459393,-48.638914,SPRF-SC,DEL01-SC,UOP01-DEL01-SC,2024
"583640,0",2024-02-27,terça-feira,09:00:00,SC,101,"375,2",ICARA,Ausência de reação do condutor,Saída de leito carroçável,Sem Vítimas,Pleno dia,Decrescente,Chuva,Múltipla,Reta,Não,1,0,0,0,1,0,0,1,-28.72014713,-49.23508784,SPRF-SC,DEL02-SC,UOP01-DEL02-SC,2024
"583699,0",2024-02-27,terça-feira,16:15:00,SC,101,"141,0",ITAPEMA,Reação tardia ou ineficiente do condutor,Tombamento,Com Vítimas Feridas,Pleno dia,Crescente,Sol,Dupla,Declive;Curva,Não,1,0,1,0,0,0,1,1,-27.04761729,-48.59995855,SPRF-SC,DEL04-SC,UOP03-DEL04-SC,2024
"583700,0",2024-02-27,terça-feira,17:55:00,SC,101,"116,9",ITAJAI,Ausência de reação do condutor,Tombamento,Com Vítimas Feridas,Pleno dia,Crescente,Nublado,Dupla,Reta,Não,1,0,0,1,0,0,1,1,-26.87905605,-48.72603512,SPRF-SC,DEL04-SC,UOP04-DEL04-SC,2024
"583709,0",2024-02-27,terça-feira,17:00:00,SC,101,"264,0",PAULO LOPES,Ausência de reação do condutor,Colisão com objeto,Com Vítimas Feridas,Pleno dia,Decrescente,Sol,Dupla,Reta,Não,3,0,1,1,1,0,2,2,-28.05149404,-48.71632789,SPRF-SC,DEL02-SC,UOP03-DEL02-SC,2024
"583721,0",2024-02-27,terça-feira,17:30:00,SC,101,"207,3",SAO JOSE,Chuva,Tombamento,Com Vítimas Feridas,Anoitecer,Crescente,Chuva,Múltipla,Reta,Não,1,0,1,0,0,0,1,1,-27.60001226,-48.6226467,SPRF-SC,DEL01-SC,UOP01-DEL01-SC,2024
"583733,0",2024-02-27,terça-feira,20:00:00,SC,101,"104,5",PENHA,Conversão proibida,Colisão com objeto,Com Vítimas Feridas,Plena Noite,Crescente,Nublado,Dupla,Viaduto;Reta,Sim,3,0,0,3,0,0,3,1,-26.79281742,-48.68080819,SPRF-SC,DEL03-SC,UOP02-DEL03-SC,2024
"583738,0",2024-02-27,terça-feira,17:50:00,SC,101,"381,7",ICARA,Demais falhas mecânicas ou elétricas,Saída de leito carroçável,Com Vítimas Feridas,Pleno dia,Decrescente,Nublado,Dupla,Reta,Não,2,0,1,1,0,0,2,1,-28.766633,-49.297711,SPRF-SC,DEL02-SC,UOP02-DEL02-SC,2024
"583801,0",2024-02-28,quarta-feira,08:15:00,SC,101,"207,6",SAO JOSE,Reação tardia ou ineficiente do condutor,Tombamento,Com Vítimas Feridas,Pleno dia,Decrescente,Céu Claro,Múltipla,Reta,Sim,1,0,1,0,0,0,1,1,-27.60001226,-48.6226467,SPRF-SC,DEL01-SC,UOP01-DEL01-SC,2024
"583862,0",2024-02-28,quarta-feira,14:00:00,SC,101,"101,0",BALNEARIO PICARRAS,Velocidade Incompatível,Queda de ocupante de veículo,Com Vítimas Feridas,Pleno dia,Crescente,Sol,Dupla,Reta,Não,1,0,0,1,0,0,1,1,-26.76404198,-48.68657667,SPRF-SC,DEL03-SC,UOP02-DEL03-SC,2024
"583890,0",2024-02-28,quarta-feira,15:40:00,SC,101,"89,0",BARRA VELHA,Avarias e/ou desgaste excessivo no pneu,Tombamento,Com Vítimas Feridas,Pleno dia,Decrescente,Sol,Múltipla,Reta,Sim,2,0,2,0,0,0,2,1,-26.65679442,-48.68779993,SPRF-SC,DEL03-SC,UOP02-DEL03-SC,2024
"583891,0",2024-02-28,quarta-feira,18:10:00,SC,101,"113,7",ITAJAI,Ausência de reação do condutor,Queda de ocupante de veículo,Com Vítimas Feridas,Pleno dia,Crescente,Céu Claro,Múltipla,Reta,Não,1,0,1,0,0,0,1,1,-26.85311393,-48.72689927,SPRF-SC,DEL04-SC,UOP04-DEL04-SC,2024
"583892,0",2024-02-28,quarta-feira,18:00:00,SC,101,"113,0",ITAJAI,Condutor deixou de manter distância do veículo da frente,Colisão traseira,Com Vítimas Feridas,Pleno dia,Decrescente,Céu Claro,Dupla,Reta,Não,2,0,1,0,1,0,1,2,-26.85311393,-48.72689927,SPRF-SC,DEL04-SC,UOP04-DEL04-SC,2024
"583897,0",2024-02-28,quarta-feira,08:00:00,SC,101,"330,0",TUBARAO,Demais falhas mecânicas ou elétricas,Queda de ocupante de veículo,Com Vítimas Feridas,Pleno dia,Decrescente,Nublado,Dupla,Reta,Não,2,0,2,0,0,0,2,1,-28.45115639,-48.97286879,SPRF-SC,DEL02-SC,UOP01-DEL02-SC,2024
"583930,0",2024-02-28,quarta-feira,22:20:00,SC,470,"126,0",LONTRAS,Reação tardia ou ineficiente do condutor,Saída de leito carroçável,Com Vítimas Fatais,Plena Noite,Crescente,Chuva,Simples,Curva,Não,1,1,0,0,0,0,0,1,-27.131186,-49.5384827,SPRF-SC,DEL04-SC,UOP02-DEL04-SC,2024
"583940,0",2024-02-29,quinta-feira,01:00:00,SC,101,"198,9",SAO JOSE,Reação tardia ou ineficiente do condutor,Tombamento,Com Vítimas Feridas,Plena Noite,Decrescente,Nublado,Múltipla,Curva,Sim,2,0,2,0,0,0,2,1,-27.52658712,-48.63506019,SPRF-SC,DEL01-SC,UOP01-DEL01-SC,2024
"583949,0",2024-02-29,quinta-feira,02:00:00,SC,101,"149,0",ITAPEMA,Ingestão de álcool pelo condutor,Colisão com objeto,Sem Vítimas,Plena Noite,Decrescente,Nublado,Múltipla,Reta,Sim,1,0,0,0,0,1,0,1,-27.1089649,-48.61277586,SPRF-SC,DEL04-SC,UOP03-DEL04-SC,2024
"583962,0",2024-02-28,quarta-feira,09:30:00,SC,101,"20,0",JOINVILLE,Demais falhas mecânicas ou elétricas,Incêndio,Sem Vítimas,Pleno dia,Decrescente,Céu Claro,Múltipla,Reta,Não,3,0,0,0,3,0,0,1,-26.14068354,-48.90289307,SPRF-SC,DEL03-SC,UOP01-DEL03-SC,2024
"583969,0",2024-02-29,quinta-feira,05:20:00,SC,101,"33,0",JOINVILLE,Ausência de reação do condutor,Colisão traseira,Com Vítimas Feridas,Plena Noite,Decrescente,Garoa/Chuvisco,Múltipla,Curva,Não,2,0,1,0,1,0,1,2,-26.23320493,-48.91666889,SPRF-SC,DEL03-SC,UOP01-DEL03-SC,2024
"583979,0",2024-02-29,quinta-feira,07:00:00,SC,282,"3,0",FLORIANOPOLIS,Condutor deixou de manter distância do veículo da frente,Queda de ocupante de veículo,Com Vítimas Feridas,Pleno dia,Decrescente,Céu Claro,Dupla,Reta,Sim,1,0,1,0,0,0,1,1,-27.600384,-48.599705,SPRF-SC,DEL01-SC,UOP01-DEL01-SC,2024
"583981,0",2024-02-29,quinta-feira,06:45:00,SC,280,"92,0",CORUPA,Velocidade Incompatível,Saída de leito carroçável,Com Vítimas Feridas,Pleno dia,Decrescente,Garoa/Chuvisco,Simples,Curva;Declive,Não,2,0,2,0,0,0,2,1,-26.39448258,-49.2950379,SPRF-SC,DEL06-SC,UOP03-DEL06-SC,2024
"583999,0",2024-02-29,quinta-feira,07:56:00,SC,101,"134,1",BALNEARIO CAMBORIU,Trafegar com motocicleta (ou similar) entre as faixas,Colisão traseira,Com Vítimas Feridas,Pleno dia,Decrescente,Céu Claro,Múltipla,Reta,Não,2,0,1,0,1,0,1,2,-27.00218,-48.636433,SPRF-SC,DEL04-SC,UOP03-DEL04-SC,2024
"584001,0",2024-02-29,quinta-feira,07:20:00,SC,101,"118,0",ITAJAI,Ausência de reação do condutor,Colisão lateral sentido oposto,Com Vítimas Feridas,Pleno dia,Crescente,Céu Claro,Simples,Reta,Não,2,0,1,0,0,1,1,2,-26.895859,-48.71903,SPRF-SC,DEL04-SC,UOP04-DEL04-SC,2024
"584032,0",2024-02-29,quinta-feira,13:00:00,SC,470,"53,2",BLUMENAU,Desrespeitar a preferência no cruzamento,Colisão transversal,Com Vítimas Feridas,Pleno dia,Crescente,Céu Claro,Múltipla,Interseção de Vias,Sim,2,0,1,0,1,0,1,2,-26.871065,-49.110374,SPRF-SC,DEL04-SC,UOP01-DEL04-SC,2024
"584054,0",2024-02-29,quinta-feira,15:25:00,SC,101,"199,4",SAO JOSE,Reação tardia ou ineficiente do condutor,Colisão traseira,Com Vítimas Feridas,Pleno dia,Crescente,Nublado,Múltipla,Reta,Sim,2,0,1,0,1,0,1,2,-27.53413705,-48.63003205,SPRF-SC,DEL01-SC,UOP01-DEL01-SC,2024
"584070,0",2024-02-29,quinta-feira,17:15:00,SC,101,"207,7",SAO JOSE,Demais falhas mecânicas ou elétricas,Incêndio,Sem Vítimas,Pleno dia,Crescente,Céu Claro,Múltipla,Reta,Sim,1,0,0,0,1,0,0,1,-27.60001226,-48.6226467,SPRF-SC,DEL01-SC,UOP01-DEL01-SC,2024
"584102,0",2024-02-25,domingo,21:50:00,SC,101,"40,0",JOINVILLE,Manobra de mudança de faixa,Colisão lateral mesmo sentido,Com Vítimas Feridas,Plena Noite,Decrescente,Nublado,Múltipla,Reta,Sim,3,0,1,0,2,0,1,2,-26.30826548,-48.8789463,SPRF-SC,DEL03-SC,UOP01-DEL03-SC,2024
"584103,0",2024-02-29,quinta-feira,19:00:00,SC,101,"200,0",SAO JOSE,Trafegar com motocicleta (ou similar) entre as faixas,Colisão lateral mesmo sentido,Com Vítimas Feridas,Anoitecer,Crescente,Nublado,Dupla,Reta,Sim,2,0,1,0,1,0,1,2,-27.54018513,-48.62287714,SPRF-SC,DEL01-SC,UOP01-DEL01-SC,2024
"584106,0",2024-02-29,quinta-feira,18:10:00,SC,101,"333,0",TUBARAO,Trafegar com motocicleta (ou similar) entre as faixas,Colisão lateral mesmo sentido,Com Vítimas Feridas,Anoitecer,Crescente,Céu Claro,Simples,Interseção de Vias,Não,3,0,1,0,2,0,1,3,-28.46630107,-48.99653096,SPRF-SC,DEL02-SC,UOP01-DEL02-SC,2024
"584122,0",2024-02-29,quinta-feira,21:10:00,SC,282,"5,7",SAO JOSE,Reação tardia ou ineficiente do condutor,Tombamento,Com Vítimas Feridas,Plena Noite,Crescente,Garoa/Chuvisco,Múltipla,Declive;Curva,Sim,1,0,1,0,0,0,1,1,-27.588425,-48.612919,SPRF-SC,DEL01-SC,UOP01-DEL01-SC,2024
"584138,0",2024-03-01,sexta-feira,00:20:00,SC,101,"219,0",PALHOCA,Condutor deixou de manter distância do veículo da frente,Colisão traseira,Com Vítimas Feridas,Pleno dia,Crescente,Céu Claro,Dupla,Reta,Sim,2,0,0,1,1,0,1,2,-27.68392194,-48.66710085,SPRF-SC,DEL01-SC,UOP02-DEL01-SC,2024
"584150,0",2024-03-01,sexta-feira,02:00:00,SC,101,"397,5",MARACAJA,Ausência de reação do condutor,Capotamento,Sem Vítimas,Plena Noite,Crescente,Céu Claro,Múltipla,Curva,Sim,1,0,0,0,1,0,0,1,-28.84429777,-49.4318676,SPRF-SC,DEL02-SC,UOP02-DEL02-SC,2024
"584160,0",2024-03-01,sexta-feira,06:05:00,SC,101,"139,0",ITAPEMA,Reação tardia ou ineficiente do condutor,Colisão com objeto,Com Vítimas Feridas,Pleno dia,Crescente,Nublado,Simples,Curva,Sim,1,0,1,0,0,0,1,1,-27.02982303,-48.60115006,SPRF-SC,DEL04-SC,UOP03-DEL04-SC,2024
"584162,0",2024-03-01,sexta-feira,06:50:00,SC,280,"51,9",GUARAMIRIM,Acessar a via sem observar a presença dos outros veículos,Colisão transversal,Sem Vítimas,Pleno dia,Crescente,Nublado,Simples,Rotatória,Não,2,0,0,0,2,0,0,2,-26.46538871,-48.95544449,SPRF-SC,DEL03-SC,UOP03-DEL03-SC,2024
"584198,0",2024-03-01,sexta-feira,09:25:00,SC,282,"529,1",CORDILHEIRA ALTA,Ausência de reação do condutor,Colisão traseira,Com Vítimas Feridas,Pleno dia,Decrescente,Céu Claro,Simples,Reta;Declive,Não,2,0,1,0,1,0,1,2,-26.982185,-52.59734,SPRF-SC,DEL07-SC,UOP01-DEL07-SC,2024
"584211,0",2024-03-01,sexta-feira,11:00:00,SC,101,"210,3",SAO JOSE,Velocidade Incompatível,Colisão com objeto,Com Vítimas Feridas,Pleno dia,Decrescente,Sol,Múltipla,Reta;Aclive,Sim,1,0,1,0,0,0,1,1,-27.6167305,-48.6457265,SPRF-SC,DEL01-SC,UOP01-DEL01-SC,2024
"584228,0",2024-03-01,sexta-feira,12:20:00,SC,101,"255,9",PAULO LOPES,Condutor deixou de manter distância do veículo da frente,Colisão traseira,Com Vítimas Feridas,Pleno dia,Crescente,Céu Claro,Dupla,Reta,Não,3,0,1,0,2,0,1,2,-27.98242299,-48.67898469,SPRF-SC,DEL02-SC,UOP03-DEL02-SC,2024
"584246,0",2024-03-01,sexta-feira,13:52:00,SC,101,"214,3",PALHOCA,Desrespeitar a preferência no cruzamento,Colisão transversal,Com Vítimas Feridas,Pleno dia,Crescente,Céu Claro,Dupla,Retorno Regulamentado;Reta,Sim,2,0,1,0,1,0,1,2,-27.64707459,-48.67268259,SPRF-SC,DEL01-SC,UOP02-DEL01-SC,2024
"584247,0",2024-03-01,sexta-feira,13:10:00,SC,282,"2,1",FLORIANOPOLIS,Manobra de mudança de faixa,Colisão lateral mesmo sentido,Com Vítimas Feridas,Pleno dia,Crescente,Céu Claro,Múltipla,Reta,Sim,1,0,1,0,0,0,1,1,-27.603289,-48.590416,SPRF-SC,DEL01-SC,UOP01-DEL01-SC,2024
"584270,0",2024-01-20,sábado,17:30:00,SC,282,"138,0",BOM RETIRO,Acessar a via sem observar a presença dos outros veículos,Colisão transversal,Com Vítimas Feridas,Pleno dia,Crescente,Sol,Simples,Reta,Sim,7,0,6,1,0,0,7,2,-27.825998,-49.575924,SPRF-SC,DEL05-SC,UOP01-DEL05-SC,2024
"584283,0",2024-03-01,sexta-feira,17:45:00,SC,101,"206,0",SAO JOSE,Condutor deixou de manter distância do veículo da frente,Colisão lateral mesmo sentido,Com Vítimas Feridas,Anoitecer,Decrescente,Céu Claro,Dupla,Reta,Não,2,0,1,0,1,0,1,2,-27.59193546,-48.61824557,SPRF-SC,DEL01-SC,UOP01-DEL01-SC,2024
"584301,0",2024-03-01,sexta-feira,18:30:00,SC,101,"69,9",ARAQUARI,Ausência de reação do condutor,Engavetamento,Com Vítimas Feridas,Anoitecer,Crescente,Céu Claro,Dupla,Reta,Não,4,0,2,0,2,0,2,3,-26.512098,-48.722613,SPRF-SC,DEL03-SC,UOP02-DEL03-SC,2024
"584304,0",2024-03-01,sexta-feira,17:30:00,SC,101,"3,0",ARARANGUA,Desrespeitar a preferência no cruzamento,Colisão transversal,Com Vítimas Feridas,Pleno dia,Crescente,Céu Claro,Simples,Retorno Regulamentado;Interseção de Vias;Reta,Não,4,0,0,2,1,1,2,3,-28.94740292,-49.50538695,SPRF-SC,DEL02-SC,UOP02-DEL02-SC,2024
"584315,0",2024-03-01,sexta-feira,20:30:00,SC,280,"30,4",ARAQUARI,Condutor deixou de manter distância do veículo da frente,Colisão traseira,Com Vítimas Feridas,Plena Noite,Decrescente,Nublado,Simples,Reta,Não,2,0,1,0,1,0,1,2,-26.4141523,-48.76209493,SPRF-SC,DEL03-SC,UOP03-DEL03-SC,2024
"584320,0",2024-03-01,sexta-feira,20:40:00,SC,101,"199,3",SAO JOSE,Velocidade Incompatível,Colisão traseira,Com Vítimas Feridas,Plena Noite,Decrescente,Nublado,Múltipla,Reta,Sim,2,0,0,1,1,0,1,2,-27.53413705,-48.63003205,SPRF-SC,DEL01-SC,UOP01-DEL01-SC,2024
"584334,0",2024-03-01,sexta-feira,21:40:00,SC,101,"126,4",ITAJAI,Trafegar com motocicleta (ou similar) entre as faixas,Tombamento,Com Vítimas Feridas,Plena Noite,Crescente,Nublado,Dupla,Reta,Não,1,0,1,0,0,0,1,1,-26.95564404,-48.67978366,SPRF-SC,DEL04-SC,UOP04-DEL04-SC,2024
"584342,0",2024-03-01,sexta-feira,19:40:00,SC,470,"244,8",CURITIBANOS,Entrada inopinada do pedestre,Atropelamento de Pedestre,Com Vítimas Feridas,Plena Noite,Decrescente,Céu Claro,Simples,Reta;Declive,Não,3,0,0,1,2,0,1,2,-27.315371,-50.522919,SPRF-SC,DEL05-SC,UOP03-DEL05-SC,2024
"584363,0",2024-03-01,sexta-feira,21:45:00,SC,101,"406,0",ARARANGUA,Demais falhas mecânicas ou elétricas,Incêndio,Sem Vítimas,Plena Noite,Decrescente,Céu Claro,Múltipla,Viaduto;Curva,Não,1,0,0,0,1,0,0,1,-28.89284011,-49.46880088,SPRF-SC,DEL02-SC,UOP02-DEL02-SC,2024
"584372,0",2024-03-02,sábado,00:55:00,SC,280,"47,0",GUARAMIRIM,Ingestão de álcool pelo condutor,Capotamento,Com Vítimas Feridas,Plena Noite,Decrescente,Garoa/Chuvisco,Simples,Reta;Em Obras,Não,1,0,0,1,0,0,1,1,-26.45353692,-48.917876,SPRF-SC,DEL03-SC,UOP03-DEL03-SC,2024
"584395,0",2024-03-02,sábado,06:45:00,SC,282,"5,8",SAO JOSE,Reação tardia ou ineficiente do condutor,Colisão com objeto,Com Vítimas Feridas,Pleno dia,Crescente,Céu Claro,Simples,Curva,Não,2,0,2,0,0,0,2,1,-27.588425,-48.612919,SPRF-SC,DEL01-SC,UOP01-DEL01-SC,2024
"584432,0",2024-03-02,sábado,09:20:00,SC,282,"501,0",XANXERE,Desrespeitar a preferência no cruzamento,Colisão transversal,Com Vítimas Feridas,Pleno dia,Crescente,Céu Claro,Dupla,Rotatória,Sim,6,0,4,0,2,0,4,2,-26.882715,-52.381729,SPRF-SC,DEL07-SC,UOP01-DEL07-SC,2024
"584453,0",2024-03-02,sábado,08:35:00,SC,101,"374,0",ICARA,Ausência de reação do condutor,Colisão traseira,Com Vítimas Feridas,Pleno dia,Crescente,Sol,Dupla,Reta,Não,2,0,1,0,0,1,1,2,-28.72411,-49.23808,SPRF-SC,DEL02-SC,UOP01-DEL02-SC,2024
"584464,0",2024-03-02,sábado,13:15:00,SC,282,"20,9",PALHOCA,Ingestão de álcool pelo condutor,Colisão lateral sentido oposto,Com Vítimas Feridas,Pleno dia,Crescente,Céu Claro,Simples,Declive;Reta,Sim,3,0,0,1,2,0,1,3,-27.683958,-48.71006,SPRF-SC,DEL01-SC,UOP02-DEL01-SC,2024
"584479,0",2024-03-02,sábado,11:50:00,SC,163,"68,0",SAO MIGUEL DO OESTE,Velocidade Incompatível,Colisão lateral mesmo sentido,Com Vítimas Feridas,Pleno dia,Decrescente,Céu Claro,Dupla,Reta,Sim,3,0,1,0,2,0,1,3,-26.75100435,-53.50095034,SPRF-SC,DEL07-SC,UOP03-DEL07-SC,2024
"584506,0",2024-03-02,sábado,15:30:00,SC,280,"4,0",SAO FRANCISCO DO SUL,Trafegar com motocicleta (ou similar) entre as faixas,Colisão lateral mesmo sentido,Com Vítimas Feridas,Pleno dia,Decrescente,Céu Claro,Simples,Reta,Sim,2,0,1,0,1,0,1,2,-26.25329566,-48.61916042,SPRF-SC,DEL03-SC,UOP03-DEL03-SC,2024
"584507,0",2024-03-02,sábado,16:00:00,SC,101,"210,0",SAO JOSE,Condutor deixou de manter distância do veículo da frente,Colisão traseira,Com Vítimas Feridas,Pleno dia,Decrescente,Céu Claro,Múltipla,Reta,Não,2,0,1,0,1,0,1,2,-27.6167305,-48.6457265,SPRF-SC,DEL01-SC,UOP01-DEL01-SC,2024
"584508,0",2024-03-02,sábado,16:30:00,SC,101,"407,0",ARARANGUA,Reação tardia ou ineficiente do condutor,Colisão traseira,Sem Vítimas,Pleno dia,Crescente,Céu Claro,Simples,Reta,Não,2,0,0,0,2,0,0,2,-28.920279,-49.49130535,SPRF-SC,DEL02-SC,UOP02-DEL02-SC,2024
"584511,0",2024-03-02,sábado,15:00:00,SC,116,"171,9",PONTE ALTA DO NORTE,Reação tardia ou ineficiente do condutor,Colisão com objeto,Sem Vítimas,Pleno dia,Crescente,Céu Claro,Simples,Declive;Curva,Não,1,0,0,0,0,1,0,1,-27.2035,-50.4657062,SPRF-SC,DEL05-SC,UOP03-DEL05-SC,2024
"584512,0",2024-03-02,sábado,16:35:00,SC,280,"4,4",SAO FRANCISCO DO SUL,Acessar a via sem observar a presença dos outros veículos,Colisão transversal,Com Vítimas Feridas,Pleno dia,Decrescente,Sol,Simples,Reta,Sim,3,0,2,0,1,0,2,2,-26.25329566,-48.61916042,SPRF-SC,DEL03-SC,UOP03-DEL03-SC,2024
"584527,0",2024-03-02,sábado,17:15:00,SC,101,"140,9",BALNEARIO CAMBORIU,Demais falhas mecânicas ou elétricas,Tombamento,Com Vítimas Feridas,Pleno dia,Decrescente,Sol,Dupla,Reta,Sim,2,0,2,0,0,0,2,1,-27.03881189,-48.60025148,SPRF-SC,DEL04-SC,UOP03-DEL04-SC,2024
"584540,0",2024-03-02,sábado,18:10:00,SC,101,"145,0",ITAPEMA,Ausência de reação do condutor,Colisão traseira,Com Vítimas Feridas,Pleno dia,Decrescente,Céu Claro,Dupla,Aclive;Reta,Sim,3,0,1,1,1,0,2,2,-27.08139206,-48.60130993,SPRF-SC,DEL04-SC,UOP03-DEL04-SC,2024
"584541,0",2024-03-02,sábado,16:40:00,SC,282,"17,7",PALHOCA,Ausência de reação do condutor,Colisão lateral mesmo sentido,Com Vítimas Feridas,Pleno dia,Decrescente,Céu Claro,Simples,Reta,Sim,5,0,0,1,3,1,1,2,-27.665707,-48.688065,SPRF-SC,DEL01-SC,UOP02-DEL01-SC,2024