id,data_inversa,dia_semana,horario,uf,br,km,municipio,causa_acidente,tipo_acidente,classificacao_acidente,fase_dia,sentido_via,condicao_metereologica,tipo_pista,tracado_via,uso_solo,pessoas,mortos,feridos_leves,feridos_graves,ilesos,ignorados,feridos,veiculos,latitude,longitude,regional,delegacia,uop,ano_arquivo
"585794,0",2024-03-08,sexta-feira,07:35:00,SC,101,"214,9",PALHOCA,Trafegar com motocicleta (ou similar) entre as faixas,Colisão lateral mesmo sentido,Com Vítimas Feridas,Pleno dia,Decrescente,Chuva,Múltipla,Reta,Sim,2,0,1,0,0,1,1,2,-27.64443,-48.67057,SPRF-SC,DEL01-SC,UOP02-DEL01-SC,2024
"585799,0",2024-03-08,sexta-feira,07:30:00,SC,101,"165,4",TIJUCAS,Ingestão de álcool pelo condutor,Saída de leito carroçável,Sem Vítimas,Pleno dia,Crescente,Nublado,Múltipla,Reta,Sim,1,0,0,0,0,1,0,1,-27.252663,-48.63154894,SPRF-SC,DEL04-SC,UOP03-DEL04-SC,2024
"585803,0",2024-03-08,sexta-feira,08:15:00,SC,153,"94,1",CONCORDIA,Velocidade Incompatível,Queda de ocupante de veículo,Com Vítimas Feridas,Pleno dia,Crescente,Chuva,Simples,Reta,Não,1,0,1,0,0,0,1,1,-27.20456435,-51.94953918,SPRF-SC,DEL07-SC,UOP04-DEL07-SC,2024
"585805,0",2024-03-08,sexta-feira,08:20:00,SC,101,"354,8",SANGAO,Reação tardia ou ineficiente do condutor,Queda de ocupante de veículo,Com Vítimas Feridas,Pleno dia,Crescente,Chuva,Múltipla,Desvio Temporário;Em Obras;Reta,Não,1,0,1,0,0,0,1,1,-28.61806302,-49.07013199,SPRF-SC,DEL02-SC,UOP01-DEL02-SC,2024
"585806,0",2024-03-08,sexta-feira,08:30:00,SC,282,"541,8",CHAPECO,Ingestão de álcool pelo condutor,Saída de leito carroçável,Sem Vítimas,Pleno dia,Decrescente,Chuva,Simples,Curva,Não,1,0,0,0,0,1,0,1,-26.997713,-52.699165,SPRF-SC,DEL07-SC,UOP01-DEL07-SC,2024
"585814,0",2024-03-08,sexta-feira,09:00:00,SC,101,"189,0",BIGUACU,Chuva,Colisão com objeto,Com Vítimas Feridas,Pleno dia,Decrescente,Chuva,Dupla,Curva,Sim,2,0,1,0,1,0,1,1,-27.459393,-48.638914,SPRF-SC,DEL01-SC,UOP01-DEL01-SC,2024
"585872,0",2024-03-08,sexta-feira,11:11:00,SC,282,"49,0",AGUAS MORNAS,Acumulo de água sobre o pavimento,Saída de leito carroçável,Com Vítimas Feridas,Pleno dia,Crescente,Chuva,Simples,Curva;Aclive,Não,3,0,3,0,0,0,3,1,-27.70455699,-48.95623684,SPRF-SC,DEL01-SC,UOP03-DEL01-SC,2024
"585890,0",2024-03-08,sexta-feira,12:50:00,SC,280,"32,0",ARAQUARI,Condutor deixou de manter distância do veículo da frente,Colisão traseira,Com Vítimas Feridas,Pleno dia,Decrescente,Chuva,Simples,Reta,Não,2,0,1,0,1,0,1,2,-26.420618,-48.779335,SPRF-SC,DEL03-SC,UOP03-DEL03-SC,2024
"585905,0",2024-03-08,sexta-feira,16:00:00,SC,101,"122,0",ITAJAI,Demais falhas mecânicas ou elétricas,Tombamento,Com Vítimas Feridas,Pleno dia,Decrescente,Chuva,Múltipla,Reta,Sim,1,0,1,0,0,0,1,1,-26.92955916,-48.70499836,SPRF-SC,DEL04-SC,UOP04-DEL04-SC,2024
"585953,0",2024-03-08,sexta-feira,16:00:00,SC,101,"403,2",MARACAJA,Condutor deixou de manter distância do veículo da frente,Colisão com objeto,Com Vítimas Feridas,Pleno dia,Crescente,Chuva,Dupla,Viaduto;Reta,Não,3,0,1,0,2,0,1,2,-28.87065022,-49.45169172,SPRF-SC,DEL02-SC,UOP02-DEL02-SC,2024
"585958,0",2024-03-08,sexta-feira,16:00:00,SC,101,"403,4",ARARANGUA,Condutor deixou de manter distância do veículo da frente,Colisão traseira,Com Vítimas Feridas,Pleno dia,Crescente,Chuva,Dupla,Reta,Não,3,0,0,1,2,0,1,3,-28.88920653,-49.46629107,SPRF-SC,DEL02-SC,UOP02-DEL02-SC,2024
"585982,0",2024-03-08,sexta-feira,17:30:00,SC,116,"53,2",PAPANDUVA,Pista Escorregadia,Tombamento,Com Vítimas Feridas,Pleno dia,Crescente,Nublado,Simples,Reta;Declive,Não,2,0,2,0,0,0,2,1,-26.39398399,-50.15735149,SPRF-SC,DEL06-SC,UOP01-DEL06-SC,2024
"585983,0",2024-03-08,sexta-feira,21:00:00,SC,116,"206,2",PONTE ALTA,Ultrapassagem Indevida,Saída de leito carroçável,Sem Vítimas,Plena Noite,Decrescente,Chuva,Simples,Curva;Declive,Sim,1,0,0,0,1,0,0,1,-27.47335386,-50.3816746,SPRF-SC,DEL05-SC,UOP03-DEL05-SC,2024
"585986,0",2024-03-08,sexta-feira,21:40:00,SC,101,"335,4",TUBARAO,Ingestão de álcool pelo condutor,Saída de leito carroçável,Sem Vítimas,Plena Noite,Crescente,Garoa/Chuvisco,Simples,Interseção de Vias,Sim,1,0,0,0,1,0,0,1,-28.46927473,-49.01557908,SPRF-SC,DEL02-SC,UOP01-DEL02-SC,2024
"585999,0",2024-03-08,sexta-feira,22:20:00,SC,101,"123,0",ITAJAI,Velocidade Incompatível,Colisão com objeto,Sem Vítimas,Anoitecer,Decrescente,Céu Claro,Simples,Reta;Rotatória,Sim,1,0,0,0,1,0,0,1,-26.93668609,-48.69876905,SPRF-SC,DEL04-SC,UOP04-DEL04-SC,2024
"586004,0",2024-03-08,sexta-feira,23:05:00,SC,101,"397,7",MARACAJA,Velocidade Incompatível,Colisão traseira,Com Vítimas Feridas,Plena Noite,Crescente,Céu Claro,Múltipla,Reta,Não,4,0,1,0,3,0,1,2,-28.845912,-49.432957,SPRF-SC,DEL02-SC,UOP02-DEL02-SC,2024
"586017,0",2024-03-09,sábado,00:00:00,SC,280,"79,0",CORUPA,Ausência de reação do condutor,Colisão transversal,Sem Vítimas,Pleno dia,Crescente,Chuva,Simples,Reta,Sim,2,0,0,0,2,0,0,2,-26.44657315,-49.20157809,SPRF-SC,DEL06-SC,UOP03-DEL06-SC,2024
"586021,0",2024-03-09,sábado,00:15:00,SC,282,"575,0",PINHALZINHO,Ingestão de álcool pelo condutor,Colisão frontal,Com Vítimas Feridas,Plena Noite,Crescente,Nevoeiro/Neblina,Simples,Reta,Não,3,0,1,2,0,0,3,2,-26.863194,-52.974529,SPRF-SC,DEL07-SC,UOP02-DEL07-SC,2024
"586032,0",2024-03-09,sábado,04:00:00,SC,101,"205,0",SAO JOSE,Chuva,Saída de leito carroçável,Sem Vítimas,Plena Noite,Decrescente,Chuva,Múltipla,Declive;Curva,Sim,1,0,0,0,0,1,0,1,-27.58313237,-48.61532885,SPRF-SC,DEL01-SC,UOP01-DEL01-SC,2024
"586036,0",2024-03-09,sábado,05:30:00,SC,163,"106,0",SAO JOSE DO CEDRO,Condutor Dormindo,Saída de leito carroçável,Sem Vítimas,Plena Noite,Decrescente,Céu Claro,Simples,Reta,Sim,1,0,0,0,1,0,0,1,-26.46209088,-53.5077059,SPRF-SC,DEL07-SC,UOP03-DEL07-SC,2024
"586043,0",2024-03-09,sábado,00:45:00,SC,280,"71,0",JARAGUA DO SUL,Ausência de reação do condutor,Capotamento,Sem Vítimas,Plena Noite,Crescente,Chuva,Simples,Reta,Não,1,0,0,0,0,1,0,1,-26.46151693,-49.13480597,SPRF-SC,DEL03-SC,UOP03-DEL03-SC,2024
"586045,0",2024-03-09,sábado,06:00:00,SC,101,"99,8",BALNEARIO PICARRAS,Pedestre andava na pista,Atropelamento de Pedestre,Com Vítimas Fatais,Amanhecer,Decrescente,Chuva,Dupla,Reta,Não,2,1,0,0,1,0,0,2,-26.7548616,-48.6897615,SPRF-SC,DEL03-SC,UOP02-DEL03-SC,2024
"586046,0",2024-03-09,sábado,06:20:00,SC,101,"89,0",BARRA VELHA,Ausência de reação do condutor,Saída de leito carroçável,Sem Vítimas,Amanhecer,Decrescente,Nublado,Múltipla,Reta,Sim,1,0,0,0,0,1,0,1,-26.65175997,-48.68721921,SPRF-SC,DEL03-SC,UOP02-DEL03-SC,2024
"586047,0",2024-03-09,sábado,03:50:00,SC,470,"301,0",CAMPOS NOVOS,Reação tardia ou ineficiente do condutor,Colisão com objeto,Com Vítimas Feridas,Plena Noite,Crescente,Céu Claro,Simples,Reta,Não,2,0,1,0,1,0,1,1,-27.373833,-51.056301,SPRF-SC,DEL07-SC,UOP06-DEL07-SC,2024
"586061,0",2024-03-09,sábado,03:40:00,SC,280,"78,6",CORUPA,Transitar na contramão,Colisão frontal,Com Vítimas Fatais,Plena Noite,Decrescente,Garoa/Chuvisco,Simples,Reta,Não,2,1,0,1,0,0,1,2,-26.45019273,-49.1935729,SPRF-SC,DEL06-SC,UOP03-DEL06-SC,2024
"586064,0",2024-03-09,sábado,05:50:00,SC,280,"78,6",CORUPA,Ausência de reação do condutor,Colisão traseira,Com Vítimas Feridas,Amanhecer,Decrescente,Garoa/Chuvisco,Simples,Reta,Não,2,0,0,1,1,0,1,2,-26.45019273,-49.1935729,SPRF-SC,DEL06-SC,UOP03-DEL06-SC,2024
"586068,0",2024-03-09,sábado,07:40:00,SC,282,"5,8",SAO JOSE,Ausência de reação do condutor,Colisão com objeto,Com Vítimas Feridas,Pleno dia,Crescente,Garoa/Chuvisco,Dupla,Declive;Curva,Sim,1,0,1,0,0,0,1,1,-27.58490372,-48.61765439,SPRF-SC,DEL01-SC,UOP01-DEL01-SC,2024
"586076,0",2024-03-09,sábado,09:10:00,SC,101,"315,8",LAGUNA,Acesso irregular,Tombamento,Com Vítimas Feridas,Pleno dia,Decrescente,Céu Claro,Simples,Reta;Declive,Não,1,0,1,0,0,0,1,1,-28.42904239,-48.84257464,SPRF-SC,DEL02-SC,UOP01-DEL02-SC,2024
"586080,0",2024-03-09,sábado,09:50:00,SC,101,"276,5",IMBITUBA,Reação tardia ou ineficiente do condutor,Colisão transversal,Com Vítimas Feridas,Pleno dia,Decrescente,Nublado,Múltipla,Interseção de Vias,Sim,2,0,0,1,1,0,1,2,-28.16020174,-48.69298339,SPRF-SC,DEL02-SC,UOP03-DEL02-SC,2024
"586098,0",2024-03-09,sábado,11:46:00,SC,101,"205,9",SAO JOSE,Ausência de reação do condutor,Colisão traseira,Com Vítimas Feridas,Pleno dia,Crescente,Nublado,Dupla,Reta,Sim,4,0,1,0,1,2,1,4,-27.59143444,-48.61805856,SPRF-SC,DEL01-SC,UOP01-DEL01-SC,2024
"586103,0",2024-03-09,sábado,11:15:00,SC,101,"102,6",BALNEARIO PICARRAS,Ausência de reação do condutor,Colisão traseira,Com Vítimas Feridas,Pleno dia,Crescente,Céu Claro,Dupla,Reta,Sim,2,0,0,1,1,0,1,2,-26.77383397,-48.68594062,SPRF-SC,DEL03-SC,UOP02-DEL03-SC,2024
"586112,0",2024-03-09,sábado,11:20:00,SC,101,"12,2",GARUVA,Condutor deixou de manter distância do veículo da frente,Colisão traseira,Com Vítimas Feridas,Pleno dia,Crescente,Nublado,Dupla,Reta;Aclive,Não,3,0,0,1,2,0,1,3,-26.08104399,-48.86175612,SPRF-SC,DEL03-SC,UOP01-DEL03-SC,2024
"586117,0",2024-03-09,sábado,09:00:00,SC,101,"137,0",BALNEARIO CAMBORIU,Reação tardia ou ineficiente do condutor,Colisão traseira,Com Vítimas Feridas,Pleno dia,Decrescente,Nublado,Dupla,Reta,Sim,4,0,1,0,3,0,1,2,-27.0157238,-48.61192763,SPRF-SC,DEL04-SC,UOP03-DEL04-SC,2024
"586118,0",2024-03-09,sábado,13:20:00,SC,280,"129,0",RIO NEGRINHO,Acessar a via sem observar a presença dos outros veículos,Colisão frontal,Sem Vítimas,Pleno dia,Decrescente,Céu Claro,Simples,Interseção de Vias;Curva,Sim,2,0,0,0,2,0,0,2,-26.24586437,-49.52284615,SPRF-SC,DEL06-SC,UOP03-DEL06-SC,2024
"586121,0",2024-03-09,sábado,14:20:00,SC,282,"5,8",SAO JOSE,Manobra de mudança de faixa,Colisão lateral mesmo sentido,Com Vítimas Feridas,Pleno dia,Decrescente,Nublado,Múltipla,Curva,Não,3,0,1,1,1,0,2,2,-27.588425,-48.612919,SPRF-SC,DEL01-SC,UOP01-DEL01-SC,2024
"586132,0",2024-03-09,sábado,13:40:00,SC,480,"131,0",CHAPECO,Reação tardia ou ineficiente do condutor,Colisão traseira,Sem Vítimas,Pleno dia,Decrescente,Nublado,Simples,Aclive;Reta,Sim,3,0,0,0,2,1,0,3,-27.06350835,-52.63153374,SPRF-SC,DEL07-SC,UOP01-DEL07-SC,2024
"586134,0",2024-03-09,sábado,09:45:00,SC,101,"225,0",PALHOCA,Ingestão de álcool pelo condutor,Capotamento,Sem Vítimas,Pleno dia,Crescente,Nublado,Dupla,Reta,Não,1,0,0,0,0,1,0,1,-27.73292191,-48.6409567,SPRF-SC,DEL01-SC,UOP02-DEL01-SC,2024
"586135,0",2024-03-08,sexta-feira,20:05:00,SC,470,"12,6",NAVEGANTES,Reação tardia ou ineficiente do condutor,Saída de leito carroçável,Com Vítimas Feridas,Plena Noite,Decrescente,Chuva,Dupla,Interseção de Vias,Não,3,0,2,0,1,0,2,1,-26.835169,-48.757267,SPRF-SC,DEL04-SC,UOP04-DEL04-SC,2024
"586150,0",2024-03-09,sábado,16:40:00,SC,470,"267,0",CURITIBANOS,Avarias e/ou desgaste excessivo no pneu,Saída de leito carroçável,Com Vítimas Feridas,Pleno dia,Decrescente,Nublado,Dupla,Curva,Não,1,0,1,0,0,0,1,1,-27.312983,-50.73885,SPRF-SC,DEL05-SC,UOP03-DEL05-SC,2024
"586158,0",2024-03-09,sábado,14:50:00,SC,101,"57,5",ARAQUARI,Reação tardia ou ineficiente do condutor,Colisão com objeto,Com Vítimas Feridas,Pleno dia,Crescente,Nublado,Simples,Rotatória;Aclive;Curva;Viaduto,Não,1,0,1,0,0,0,1,1,-26.43646093,-48.81113029,SPRF-SC,DEL03-SC,UOP01-DEL03-SC,2024
"586171,0",2024-03-09,sábado,19:54:00,SC,101,"330,0",TUBARAO,Reação tardia ou ineficiente do condutor,Saída de leito carroçável,Com Vítimas Feridas,Plena Noite,Decrescente,Ignorado,Múltipla,Reta,Sim,1,0,1,0,0,0,1,1,-28.45115639,-48.97286879,SPRF-SC,DEL02-SC,UOP01-DEL02-SC,2024
"586175,0",2024-03-09,sábado,19:45:00,SC,101,"113,0",ITAJAI,Avarias e/ou desgaste excessivo no pneu,Tombamento,Sem Vítimas,Plena Noite,Crescente,Nublado,Dupla,Reta,Sim,2,0,0,0,0,2,0,1,-26.85311393,-48.72689927,SPRF-SC,DEL04-SC,UOP04-DEL04-SC,2024
"586188,0",2024-03-09,sábado,13:00:00,SC,158,"135,7",PALMITOS,Desrespeitar a preferência no cruzamento,Colisão transversal,Com Vítimas Feridas,Pleno dia,Decrescente,Chuva,Simples,Interseção de Vias;Curva,Não,2,0,1,0,1,0,1,2,-27.0799143,-53.22440386,SPRF-SC,DEL07-SC,UOP02-DEL07-SC,2024
"586207,0",2024-03-09,sábado,22:30:00,SC,101,"290,0",IMBITUBA,Reação tardia ou ineficiente do condutor,Colisão com objeto,Com Vítimas Feridas,Plena Noite,Crescente,Nublado,Múltipla,Aclive;Reta,Não,1,0,1,0,0,0,1,1,-28.2801336,-48.70137334,SPRF-SC,DEL02-SC,UOP03-DEL02-SC,2024
"586236,0",2024-03-10,domingo,02:40:00,SC,101,"63,5",ARAQUARI,Ausência de reação do condutor,Colisão com objeto,Sem Vítimas,Plena Noite,Decrescente,Nublado,Dupla,Curva,Não,2,0,0,0,2,0,0,1,-26.45898367,-48.7584088,SPRF-SC,DEL03-SC,UOP02-DEL03-SC,2024
"586238,0",2024-03-10,domingo,02:50:00,SC,101,"114,0",ITAJAI,Condutor Dormindo,Colisão com objeto,Com Vítimas Feridas,Plena Noite,Crescente,Nublado,Múltipla,Reta,Não,1,0,1,0,0,0,1,1,-26.86192886,-48.7286704,SPRF-SC,DEL04-SC,UOP04-DEL04-SC,2024
"586244,0",2024-03-10,domingo,05:30:00,SC,116,"198,8",PONTE ALTA,Reação tardia ou ineficiente do condutor,Saída de leito carroçável,Sem Vítimas,Amanhecer,Crescente,Nevoeiro/Neblina,Simples,Aclive;Curva,Não,1,0,0,0,0,1,0,1,-27.41377628,-50.41680458,SPRF-SC,DEL05-SC,UOP03-DEL05-SC,2024
"586250,0",2024-03-10,domingo,05:25:00,SC,101,"81,0",BARRA VELHA,Velocidade Incompatível,Saída de leito carroçável,Com Vítimas Feridas,Amanhecer,Crescente,Céu Claro,Dupla,Reta,Não,3,0,1,1,1,0,2,1,-26.60256101,-48.72553524,SPRF-SC,DEL03-SC,UOP02-DEL03-SC,2024
"586258,0",2024-03-10,domingo,06:40:00,SC,282,"531,0",CORDILHEIRA ALTA,Ausência de reação do condutor,Colisão com objeto,Sem Vítimas,Pleno dia,Crescente,Céu Claro,Simples,Curva,Sim,1,0,0,0,1,0,0,1,-26.990747,-52.609776,SPRF-SC,DEL07-SC,UOP01-DEL07-SC,2024
"586260,0",2024-02-26,segunda-feira,14:25:00,SC,101,"138,0",BALNEARIO CAMBORIU,Ultrapassagem Indevida,Colisão lateral mesmo sentido,Com Vítimas Feridas,Pleno dia,Crescente,Ignorado,Dupla,Reta,Sim,2,0,1,0,1,0,1,2,-27.02397426,-48.60761649,SPRF-SC,DEL04-SC,UOP03-DEL04-SC,2024
"586290,0",2024-03-10,domingo,09:45:00,SC,101,"111,1",NAVEGANTES,Ausência de reação do condutor,Queda de ocupante de veículo,Com Vítimas Feridas,Pleno dia,Crescente,Sol,Dupla,Reta,Não,2,0,1,0,1,0,1,1,-26.83955734,-48.71418074,SPRF-SC,DEL04-SC,UOP04-DEL04-SC,2024
"586305,0",2024-01-17,quarta-feira,06:05:00,SC,282,"423,0",VARGEM BONITA,Acumulo de óleo sobre o pavimento,Saída de leito carroçável,Com Vítimas Feridas,Pleno dia,Decrescente,Chuva,Simples,Curva,Não,3,0,2,0,1,0,2,1,-26.99556,-51.752289,SPRF-SC,DEL07-SC,UOP05-DEL07-SC,2024
"586311,0",2024-03-10,domingo,12:09:00,SC,280,"122,4",SAO BENTO DO SUL,Acessar a via sem observar a presença dos outros veículos,Colisão transversal,Com Vítimas Feridas,Pleno dia,Crescente,Sol,Simples,Rotatória,Não,2,0,1,0,1,0,1,2,-26.24855895,-49.45712883,SPRF-SC,DEL06-SC,UOP03-DEL06-SC,2024
"586316,0",2024-03-10,domingo,09:30:00,SC,280,"51,6",GUARAMIRIM,Acessar a via sem observar a presença dos outros veículos,Colisão transversal,Com Vítimas Fatais,Pleno dia,Decrescente,Céu Claro,Dupla,Reta,Sim,2,1,0,0,1,0,0,2,-26.46817198,-48.96263123,SPRF-SC,DEL03-SC,UOP03-DEL03-SC,2024
"586317,0",2024-03-10,domingo,12:50:00,SC,101,"413,5",ARARANGUA,Demais falhas mecânicas ou elétricas,Incêndio,Sem Vítimas,Pleno dia,Crescente,Céu Claro,Dupla,Reta,Não,1,0,0,0,1,0,0,1,-28.94605997,-49.50428402,SPRF-SC,DEL02-SC,UOP02-DEL02-SC,2024
"586321,0",2024-03-10,domingo,13:17:00,SC,101,"157,0",PORTO BELO,Velocidade Incompatível,Colisão traseira,Com Vítimas Feridas,Pleno dia,Decrescente,Céu Claro,Dupla,Reta,Sim,3,0,1,0,2,0,1,2,-27.181625,-48.6121179,SPRF-SC,DEL04-SC,UOP03-DEL04-SC,2024
"586331,0",2024-02-27,terça-feira,18:10:00,SC,470,"1,4",NAVEGANTES,Pedestre andava na pista,Atropelamento de Pedestre,Com Vítimas Fatais,Anoitecer,Decrescente,Nublado,Dupla,Reta;Em Obras,Sim,3,1,1,0,0,1,1,2,-26.875383,-48.668285,SPRF-SC,DEL04-SC,UOP04-DEL04-SC,2024
"586350,0",2024-03-10,domingo,15:48:00,SC,470,"35,7",GASPAR,Manobra de mudança de faixa,Colisão lateral mesmo sentido,Sem Vítimas,Pleno dia,Decrescente,Céu Claro,Simples,Reta;Em Obras,Sim,3,0,0,0,3,0,0,2,-26.912857,-48.958965,SPRF-SC,DEL04-SC,UOP01-DEL04-SC,2024
"586382,0",2024-03-10,domingo,17:35:00,SC,101,"124,7",ITAJAI,Ausência de reação do condutor,Colisão traseira,Com Vítimas Feridas,Pleno dia,Decrescente,Nublado,Dupla,Reta,Não,3,0,0,1,2,0,1,3,-26.94335064,-48.69198648,SPRF-SC,DEL04-SC,UOP04-DEL04-SC,2024
"586394,0",2024-03-10,domingo,14:45:00,SC,101,"103,0",BALNEARIO PICARRAS,Ausência de reação do condutor,Queda de ocupante de veículo,Com Vítimas Feridas,Pleno dia,Decrescente,Céu Claro,Dupla,Reta,Não,1,0,0,1,0,0,1,1,-26.7832381,-48.68314632,SPRF-SC,DEL03-SC,UOP02-DEL03-SC,2024
"586405,0",2024-03-10,domingo,18:30:00,SC,470,"44,0",GASPAR,Trafegar com motocicleta (ou similar) entre as faixas,Colisão lateral mesmo sentido,Com Vítimas Feridas,Plena Noite,Crescente,Sol,Simples,Reta,Não,3,0,1,0,2,0,1,3,-26.870665,-49.021896,SPRF-SC,DEL04-SC,UOP01-DEL04-SC,2024
"586412,0",2024-03-10,domingo,19:10:00,SC,282,"71,0",RANCHO QUEIMADO,Acessar a via sem observar a presença dos outros veículos,Colisão transversal,Com Vítimas Feridas,Plena Noite,Crescente,Céu Claro,Simples,Interseção de Vias;Reta,Sim,3,0,1,0,2,0,1,2,-27.689093,-49.097748,SPRF-SC,DEL01-SC,UOP03-DEL01-SC,2024
"586416,0",2024-03-10,domingo,19:45:00,SC,101,"148,9",ITAPEMA,Ingestão de álcool pelo condutor,Colisão traseira,Com Vítimas Feridas,Plena Noite,Crescente,Céu Claro,Dupla,Reta;Viaduto,Sim,3,0,1,1,1,0,2,2,-27.10123686,-48.61807962,SPRF-SC,DEL04-SC,UOP03-DEL04-SC,2024
"586443,0",2024-03-10,domingo,18:55:00,SC,101,"211,5",PALHOCA,Reação tardia ou ineficiente do condutor,Tombamento,Com Vítimas Feridas,Anoitecer,Decrescente,Céu Claro,Múltipla,Declive;Reta,Sim,1,0,1,0,0,0,1,1,-27.62329313,-48.65245588,SPRF-SC,DEL01-SC,UOP02-DEL01-SC,2024
"586444,0",2024-03-10,domingo,18:45:00,SC,101,"321,6",PESCARIA BRAVA,Ausência de reação do condutor,Tombamento,Com Vítimas Feridas,Plena Noite,Crescente,Céu Claro,Múltipla,Reta,Não,1,0,1,0,0,0,1,1,-28.42532339,-48.8919091,SPRF-SC,DEL02-SC,UOP01-DEL02-SC,2024
"586445,0",2024-03-10,domingo,20:15:00,SC,280,"76,5",JARAGUA DO SUL,Ingestão de álcool pelo condutor,Colisão lateral sentido oposto,Com Vítimas Feridas,Plena Noite,Decrescente,Céu Claro,Simples,Reta,Não,5,0,2,1,1,1,3,3,-26.45117118,-49.1907692,SPRF-SC,DEL03-SC,UOP03-DEL03-SC,2024
"586448,0",2024-03-10,domingo,20:15:00,SC,101,"198,0",BIGUACU,Velocidade Incompatível,Colisão com objeto,Com Vítimas Feridas,Plena Noite,Crescente,Céu Claro,Dupla,Reta,Não,1,0,1,0,0,0,1,1,-27.52658712,-48.63506019,SPRF-SC,DEL01-SC,UOP01-DEL01-SC,2024
"586463,0",2024-03-10,domingo,22:00:00,SC,280,"53,0",GUARAMIRIM,Ausência de reação do condutor,Colisão traseira,Com Vítimas Feridas,Plena Noite,Crescente,Céu Claro,Simples,Em Obras;Reta,Sim,2,0,2,0,0,0,2,2,-26.47236756,-48.97426617,SPRF-SC,DEL03-SC,UOP03-DEL03-SC,2024
"586466,0",2024-03-11,segunda-feira,00:00:00,SC,282,"218,0",LAGES,Reação tardia ou ineficiente do condutor,Colisão com objeto,Sem Vítimas,Plena Noite,Crescente,Céu Claro,Simples,Viaduto;Aclive;Reta,Sim,1,0,0,0,1,0,0,1,-27.797235,-50.31361,SPRF-SC,DEL05-SC,UOP01-DEL05-SC,2024
"586467,0",2024-03-11,segunda-feira,00:45:00,SC,470,"50,4",BLUMENAU,Demais falhas mecânicas ou elétricas,Tombamento,Com Vítimas Feridas,Plena Noite,Decrescente,Céu Claro,Dupla,Reta,Sim,1,0,0,1,0,0,1,1,-26.859768,-49.074493,SPRF-SC,DEL04-SC,UOP01-DEL04-SC,2024
"586504,0",2024-03-11,segunda-feira,07:20:00,SC,101,"136,7",BALNEARIO CAMBORIU,Reação tardia ou ineficiente do condutor,Saída de leito carroçável,Sem Vítimas,Pleno dia,Decrescente,Nublado,Dupla,Reta,Sim,1,0,0,0,1,0,0,1,-27.008113,-48.617245,SPRF-SC,DEL04-SC,UOP03-DEL04-SC,2024
"586522,0",2024-03-11,segunda-feira,08:30:00,SC,101,"111,2",ITAJAI,Condutor deixou de manter distância do veículo da frente,Engavetamento,Com Vítimas Feridas,Pleno dia,Crescente,Céu Claro,Dupla,Reta,Não,4,0,2,0,2,0,2,4,-26.83955734,-48.71418074,SPRF-SC,DEL04-SC,UOP04-DEL04-SC,2024
"586539,0",2024-03-11,segunda-feira,09:30:00,SC,101,"95,2",BARRA VELHA,Desrespeitar a preferência no cruzamento,Colisão transversal,Com Vítimas Feridas,Pleno dia,Decrescente,Sol,Múltipla,Viaduto;Reta;Interseção de Vias,Sim,3,0,2,0,1,0,2,2,-26.71515759,-48.7023173,SPRF-SC,DEL03-SC,UOP02-DEL03-SC,2024
"586541,0",2024-03-11,segunda-feira,09:45:00,SC,282,"16,7",PALHOCA,Manobra de mudança de faixa,Colisão lateral mesmo sentido,Com Vítimas Feridas,Pleno dia,Decrescente,Céu Claro,Simples,Reta,Sim,2,0,1,0,1,0,1,2,-27.658611,-48.681847,SPRF-SC,DEL01-SC,UOP02-DEL01-SC,2024
"586543,0",2024-03-07,quinta-feira,16:22:00,SC,101,"209,1",SAO JOSE,Acessar a via sem observar a presença dos outros veículos,Colisão transversal,Com Vítimas Feridas,Plena Noite,Decrescente,Céu Claro,Múltipla,Reta;Interseção de Vias,Sim,2,0,1,0,0,1,1,2,-27.61000542,-48.63895057,SPRF-SC,DEL01-SC,UOP01-DEL01-SC,2024
"586609,0",2024-03-11,segunda-feira,16:03:00,SC,101,"210,0",SAO JOSE,Demais falhas mecânicas ou elétricas,Queda de ocupante de veículo,Com Vítimas Feridas,Pleno dia,Crescente,Céu Claro,Dupla,Reta,Sim,2,0,2,0,0,0,2,1,-27.6167305,-48.6457265,SPRF-SC,DEL01-SC,UOP01-DEL01-SC,2024
"586621,0",2024-03-11,segunda-feira,18:00:00,SC,101,"79,6",ARAQUARI,Ingestão de álcool pelo condutor,Colisão traseira,Sem Vítimas,Anoitecer,Crescente,Céu Claro,Dupla,Reta,Não,2,0,0,0,2,0,0,2,-26.58559601,-48.72192112,SPRF-SC,DEL03-SC,UOP02-DEL03-SC,2024
"586633,0",2024-03-11,segunda-feira,18:10:00,SC,282,"219,0",LAGES,Condutor deixou de manter distância do veículo da frente,Colisão traseira,Com Vítimas Feridas,Anoitecer,Decrescente,Céu Claro,Simples,Reta;Aclive,Sim,3,0,2,0,1,0,2,2,-27.795521,-50.323608,SPRF-SC,DEL05-SC,UOP01-DEL05-SC,2024
"586667,0",2024-03-11,segunda-feira,16:20:00,SC,116,"68,0",MONTE CASTELO,Velocidade Incompatível,Colisão transversal,Com Vítimas Feridas,Pleno dia,Crescente,Céu Claro,Simples,Declive;Reta,Sim,2,0,0,1,1,0,1,2,-26.45149599,-50.22789387,SPRF-SC,DEL06-SC,UOP02-DEL06-SC,2024
"586693,0",2024-03-12,terça-feira,04:00:00,SC,280,"199,8",MAFRA,Reação tardia ou ineficiente do condutor,Colisão com objeto,Sem Vítimas,Plena Noite,Decrescente,Nublado,Simples,Interseção de Vias;Reta,Não,2,0,0,0,1,1,0,2,-26.17650191,-50.06329998,SPRF-SC,DEL06-SC,UOP01-DEL06-SC,2024