id,data_inversa,dia_semana,horario,uf,br,km,municipio,causa_acidente,tipo_acidente,classificacao_acidente,fase_dia,sentido_via,condicao_metereologica,tipo_pista,tracado_via,uso_solo,pessoas,mortos,feridos_leves,feridos_graves,ilesos,ignorados,feridos,veiculos,latitude,longitude,regional,delegacia,uop,ano_arquivo
"593788,0",2024-04-13,sábado,18:00:00,SC,101,"192,9",BIGUACU,Reação tardia ou ineficiente do condutor,Colisão transversal,Com Vítimas Feridas,Anoitecer,Decrescente,Chuva,Múltipla,Curva,Sim,3,0,1,0,1,1,1,2,-27.48443781,-48.64765238,SPRF-SC,DEL01-SC,UOP01-DEL01-SC,2024
"593817,0",2024-04-14,domingo,01:40:00,SC,101,"89,8",BARRA VELHA,Ausência de reação do condutor,Saída de leito carroçável,Com Vítimas Feridas,Plena Noite,Crescente,Garoa/Chuvisco,Simples,Reta,Sim,3,0,1,0,0,2,1,2,-26.65175997,-48.68721921,SPRF-SC,DEL03-SC,UOP02-DEL03-SC,2024
"593840,0",2024-04-14,domingo,04:00:00,SC,101,"198,7",BIGUACU,Ausência de reação do condutor,Colisão traseira,Sem Vítimas,Plena Noite,Decrescente,Chuva,Múltipla,Reta,Sim,2,0,0,0,2,0,0,2,-27.52658712,-48.63506019,SPRF-SC,DEL01-SC,UOP01-DEL01-SC,2024
"593851,0",2024-04-13,sábado,16:10:00,SC,282,"300,0",VARGEM,Reação tardia ou ineficiente do condutor,Saída de leito carroçável,Com Vítimas Feridas,Pleno dia,Decrescente,Céu Claro,Simples,Curva,Não,1,0,1,0,0,0,1,1,-27.515957,-50.917877,SPRF-SC,DEL07-SC,UOP06-DEL07-SC,2024
"593864,0",2024-04-14,domingo,04:30:00,SC,101,"139,0",BALNEARIO CAMBORIU,Reação tardia ou ineficiente do condutor,Saída de leito carroçável,Com Vítimas Feridas,Amanhecer,Crescente,Céu Claro,Dupla,Curva;Aclive,Não,1,0,1,0,0,0,1,1,-27.02982303,-48.60115006,SPRF-SC,DEL04-SC,UOP03-DEL04-SC,2024
"593886,0",2024-04-14,domingo,04:20:00,SC,470,"149,1",AGRONOMICA,Sinalização mal posicionada,Colisão com objeto,Sem Vítimas,Plena Noite,Crescente,Chuva,Simples,Reta;Em Obras;Desvio Temporário,Não,1,0,0,0,1,0,0,1,-27.252104,-49.702129,SPRF-SC,DEL04-SC,UOP02-DEL04-SC,2024
"593896,0",2024-04-14,domingo,06:30:00,SC,101,"178,0",BIGUACU,Velocidade Incompatível,Saída de leito carroçável,Sem Vítimas,Amanhecer,Crescente,Chuva,Dupla,Reta,Não,1,0,0,0,0,1,0,1,-27.36408098,-48.63391212,SPRF-SC,DEL01-SC,UOP01-DEL01-SC,2024
"593898,0",2024-04-14,domingo,03:50:00,SC,116,"132,4",SANTA CECILIA,Ingestão de álcool pelo condutor,Colisão com objeto,Com Vítimas Feridas,Plena Noite,Crescente,Chuva,Simples,Reta,Não,2,0,0,2,0,0,2,1,-26.90777447,-50.44120314,SPRF-SC,DEL06-SC,UOP02-DEL06-SC,2024
"593900,0",2024-04-14,domingo,06:50:00,SC,116,"145,7",SANTA CECILIA,Chuva,Colisão com objeto,Com Vítimas Feridas,Amanhecer,Crescente,Chuva,Simples,Curva,Não,1,0,1,0,0,0,1,1,-26.9952408,-50.40782997,SPRF-SC,DEL06-SC,UOP02-DEL06-SC,2024
"593902,0",2024-04-14,domingo,10:15:00,SC,101,"190,8",BIGUACU,Reação tardia ou ineficiente do condutor,Colisão com objeto,Com Vítimas Feridas,Pleno dia,Crescente,Chuva,Dupla,Curva,Sim,2,0,1,0,1,0,1,1,-27.468056,-48.641712,SPRF-SC,DEL01-SC,UOP01-DEL01-SC,2024
"593909,0",2024-04-14,domingo,10:30:00,SC,470,"57,8",BLUMENAU,Acessar a via sem observar a presença dos outros veículos,Colisão transversal,Com Vítimas Feridas,Pleno dia,Crescente,Chuva,Múltipla,Rotatória;Em Obras;Interseção de Vias;Viaduto,Sim,4,0,3,0,1,0,3,2,-26.880428,-49.136532,SPRF-SC,DEL04-SC,UOP01-DEL04-SC,2024
"593920,0",2024-04-14,domingo,11:50:00,SC,101,"140,9",ITAPEMA,Ausência de reação do condutor,Saída de leito carroçável,Com Vítimas Feridas,Pleno dia,Crescente,Nublado,Múltipla,Curva,Não,3,0,2,0,1,0,2,1,-27.03881189,-48.60025148,SPRF-SC,DEL04-SC,UOP03-DEL04-SC,2024
"593923,0",2024-04-14,domingo,11:30:00,SC,282,"49,0",AGUAS MORNAS,Velocidade Incompatível,Capotamento,Com Vítimas Feridas,Pleno dia,Decrescente,Chuva,Simples,Reta,Não,3,0,3,0,0,0,3,1,-27.712931,-48.943741,SPRF-SC,DEL01-SC,UOP03-DEL01-SC,2024
"593926,0",2024-04-14,domingo,07:50:00,SC,101,"138,0",BALNEARIO CAMBORIU,Chuva,Saída de leito carroçável,Com Vítimas Feridas,Amanhecer,Decrescente,Chuva,Dupla,Curva,Sim,1,0,1,0,0,0,1,1,-27.02397426,-48.60761649,SPRF-SC,DEL04-SC,UOP03-DEL04-SC,2024
"593944,0",2024-04-14,domingo,15:10:00,SC,101,"293,1",IMBITUBA,Ingestão de álcool pelo condutor,Saída de leito carroçável,Com Vítimas Feridas,Pleno dia,Crescente,Nublado,Dupla,Reta,Não,2,0,1,1,0,0,2,1,-28.304831,-48.720785,SPRF-SC,DEL02-SC,UOP03-DEL02-SC,2024
"593963,0",2024-04-10,quarta-feira,19:28:00,SC,101,"308,0",LAGUNA,Transitar na contramão,Saída de leito carroçável,Sem Vítimas,Plena Noite,Decrescente,Chuva,Múltipla,Reta,Não,1,0,0,0,1,0,0,1,-28.399616,-48.7854,SPRF-SC,DEL02-SC,UOP01-DEL02-SC,2024
"593967,0",2024-04-14,domingo,16:45:00,SC,101,"61,0",ARAQUARI,Reação tardia ou ineficiente do condutor,Saída de leito carroçável,Com Vítimas Feridas,Pleno dia,Crescente,Chuva,Dupla,Curva,Não,5,0,2,0,3,0,2,1,-26.45474174,-48.77699195,SPRF-SC,DEL03-SC,UOP02-DEL03-SC,2024
"593977,0",2024-04-14,domingo,12:00:00,SC,101,"222,0",PALHOCA,Reação tardia ou ineficiente do condutor,Capotamento,Com Vítimas Feridas,Pleno dia,Crescente,Chuva,Dupla,Reta,Não,1,0,1,0,0,0,1,1,-27.70865409,-48.65586407,SPRF-SC,DEL01-SC,UOP02-DEL01-SC,2024
"594036,0",2024-04-14,domingo,21:00:00,SC,101,"329,1",TUBARAO,Ingestão de álcool pelo condutor,Saída de leito carroçável,Sem Vítimas,Plena Noite,Crescente,Chuva,Dupla,Curva,Não,1,0,0,0,1,0,0,1,-28.45211712,-48.97462606,SPRF-SC,DEL02-SC,UOP01-DEL02-SC,2024
"594043,0",2024-04-14,domingo,19:50:00,SC,116,"84,4",MONTE CASTELO,Ausência de reação do condutor,Atropelamento de Pedestre,Com Vítimas Fatais,Plena Noite,Decrescente,Chuva,Simples,Aclive;Reta,Não,2,1,0,0,0,1,0,2,-26.595355,-50.2248654,SPRF-SC,DEL06-SC,UOP02-DEL06-SC,2024
"594051,0",2024-04-14,domingo,22:00:00,SC,470,"173,0",POUSO REDONDO,Ingestão de álcool pelo condutor,Colisão frontal,Sem Vítimas,Plena Noite,Decrescente,Nublado,Simples,Aclive;Viaduto,Sim,2,0,0,0,1,1,0,2,-27.25984,-49.919285,SPRF-SC,DEL04-SC,UOP02-DEL04-SC,2024
"594057,0",2024-04-15,segunda-feira,01:30:00,SC,101,"205,0",SAO JOSE,Ingestão de álcool pelo condutor,Colisão com objeto,Sem Vítimas,Plena Noite,Decrescente,Chuva,Múltipla,Reta,Sim,1,0,0,0,1,0,0,1,-27.58313237,-48.61532885,SPRF-SC,DEL01-SC,UOP01-DEL01-SC,2024
"594058,0",2024-04-15,segunda-feira,02:05:00,SC,101,"212,0",PALHOCA,Acumulo de água sobre o pavimento,Saída de leito carroçável,Sem Vítimas,Plena Noite,Crescente,Chuva,Múltipla,Reta,Sim,1,0,0,0,1,0,0,1,-27.62996929,-48.65903871,SPRF-SC,DEL01-SC,UOP02-DEL01-SC,2024
"594065,0",2024-04-15,segunda-feira,03:15:00,SC,280,"14,3",SAO FRANCISCO DO SUL,Reação tardia ou ineficiente do condutor,Saída de leito carroçável,Com Vítimas Feridas,Plena Noite,Crescente,Garoa/Chuvisco,Simples,Reta,Não,2,0,2,0,0,0,2,1,-26.3301861,-48.65148076,SPRF-SC,DEL03-SC,UOP03-DEL03-SC,2024
"594074,0",2024-04-15,segunda-feira,05:05:00,SC,470,"142,0",RIO DO SUL,Animais na Pista,Atropelamento de Animal,Com Vítimas Feridas,Plena Noite,Decrescente,Garoa/Chuvisco,Simples,Reta,Não,2,0,1,0,0,1,1,2,-27.229801,-49.6693,SPRF-SC,DEL04-SC,UOP02-DEL04-SC,2024
"594123,0",2024-04-15,segunda-feira,10:20:00,SC,282,"5,0",SAO JOSE,Pista Escorregadia,Tombamento,Com Vítimas Feridas,Pleno dia,Decrescente,Chuva,Dupla,Curva,Sim,1,0,1,0,0,0,1,1,-27.588425,-48.612919,SPRF-SC,DEL01-SC,UOP01-DEL01-SC,2024
"594149,0",2024-04-15,segunda-feira,10:55:00,SC,282,"319,6",CAMPOS NOVOS,Reação tardia ou ineficiente do condutor,Saída de leito carroçável,Com Vítimas Feridas,Pleno dia,Decrescente,Nublado,Simples,Reta,Não,1,0,1,0,0,0,1,1,-27.423697,-51.03046,SPRF-SC,DEL07-SC,UOP06-DEL07-SC,2024
"594153,0",2024-04-15,segunda-feira,13:25:00,SC,101,"136,0",BALNEARIO CAMBORIU,Reação tardia ou ineficiente do condutor,Tombamento,Com Vítimas Feridas,Pleno dia,Decrescente,Chuva,Simples,Curva,Sim,1,0,1,0,0,0,1,1,-27.008113,-48.617245,SPRF-SC,DEL04-SC,UOP03-DEL04-SC,2024
"594171,0",2024-04-15,segunda-feira,14:20:00,SC,470,"68,0",INDAIAL,Condutor deixou de manter distância do veículo da frente,Colisão traseira,Com Vítimas Feridas,Pleno dia,Decrescente,Chuva,Dupla,Reta,Sim,2,0,0,1,1,0,1,2,-26.877615,-49.239231,SPRF-SC,DEL04-SC,UOP01-DEL04-SC,2024
"594174,0",2024-04-15,segunda-feira,14:50:00,SC,101,"212,0",PALHOCA,Pista Escorregadia,Tombamento,Com Vítimas Feridas,Pleno dia,Crescente,Chuva,Múltipla,Reta,Sim,1,0,1,0,0,0,1,1,-27.62996929,-48.65903871,SPRF-SC,DEL01-SC,UOP02-DEL01-SC,2024
"594178,0",2024-04-15,segunda-feira,09:10:00,SC,470,"258,1",CURITIBANOS,Animais na Pista,Saída de leito carroçável,Com Vítimas Feridas,Pleno dia,Decrescente,Garoa/Chuvisco,Simples,Reta,Não,1,0,1,0,0,0,1,1,-27.307161,-50.651653,SPRF-SC,DEL05-SC,UOP03-DEL05-SC,2024
"594187,0",2024-04-15,segunda-feira,13:00:00,SC,282,"303,6",VARGEM,Chuva,Colisão com objeto,Com Vítimas Feridas,Pleno dia,Crescente,Chuva,Simples,Curva,Não,2,0,2,0,0,0,2,1,-27.49877,-50.931053,SPRF-SC,DEL07-SC,UOP06-DEL07-SC,2024
"594190,0",2024-04-15,segunda-feira,15:50:00,SC,282,"220,0",LAGES,Ausência de reação do condutor,Colisão traseira,Sem Vítimas,Pleno dia,Crescente,Garoa/Chuvisco,Simples,Reta,Não,2,0,0,0,2,0,0,2,-27.794014,-50.33363,SPRF-SC,DEL05-SC,UOP01-DEL05-SC,2024
"594213,0",2024-04-15,segunda-feira,18:15:00,SC,280,"127,2",RIO NEGRINHO,Acessar a via sem observar a presença dos outros veículos,Colisão lateral mesmo sentido,Com Vítimas Feridas,Plena Noite,Crescente,Garoa/Chuvisco,Simples,Reta,Sim,2,0,1,0,1,0,1,2,-26.23943953,-49.50420708,SPRF-SC,DEL06-SC,UOP03-DEL06-SC,2024
"594234,0",2024-04-15,segunda-feira,19:30:00,SC,470,"66,3",INDAIAL,Reação tardia ou ineficiente do condutor,Saída de leito carroçável,Sem Vítimas,Plena Noite,Decrescente,Chuva,Dupla,Reta;Declive,Sim,1,0,0,0,1,0,0,1,-26.870407,-49.221844,SPRF-SC,DEL04-SC,UOP01-DEL04-SC,2024
"594260,0",2024-04-15,segunda-feira,23:55:00,SC,101,"138,5",BALNEARIO CAMBORIU,Reação tardia ou ineficiente do condutor,Colisão com objeto,Com Vítimas Feridas,Plena Noite,Decrescente,Chuva,Múltipla,Curva,Sim,2,0,1,0,1,0,1,1,-27.02397426,-48.60761649,SPRF-SC,DEL04-SC,UOP03-DEL04-SC,2024
"594274,0",2024-04-16,terça-feira,00:45:00,SC,101,"342,0",TUBARAO,Ausência de reação do condutor,Saída de leito carroçável,Sem Vítimas,Plena Noite,Crescente,Céu Claro,Simples,Reta,Sim,1,0,0,0,1,0,0,1,-28.51875992,-49.05388322,SPRF-SC,DEL02-SC,UOP01-DEL02-SC,2024
"594275,0",2024-04-16,terça-feira,06:30:00,SC,282,"2,0",FLORIANOPOLIS,Condutor deixou de manter distância do veículo da frente,Colisão traseira,Com Vítimas Feridas,Pleno dia,Decrescente,Chuva,Múltipla,Reta,Sim,3,0,1,0,2,0,1,2,-27.603289,-48.590416,SPRF-SC,DEL01-SC,UOP01-DEL01-SC,2024
"594276,0",2024-01-17,quarta-feira,08:20:00,SC,280,"245,1",CANOINHAS,Acesso irregular,Colisão transversal,Com Vítimas Fatais,Pleno dia,Crescente,Garoa/Chuvisco,Simples,Reta,Não,8,3,4,1,0,0,5,2,-26.24033594,-50.49092174,SPRF-SC,DEL06-SC,UOP04-DEL06-SC,2024
"594278,0",2024-04-16,terça-feira,06:15:00,SC,101,"148,4",ITAPEMA,Acessar a via sem observar a presença dos outros veículos,Colisão transversal,Com Vítimas Feridas,Pleno dia,Decrescente,Nublado,Simples,Reta,Sim,2,0,1,0,1,0,1,2,-27.10123686,-48.61807962,SPRF-SC,DEL04-SC,UOP03-DEL04-SC,2024
"594284,0",2024-04-16,terça-feira,07:25:00,SC,280,"23,7",ARAQUARI,Ultrapassagem Indevida,Colisão transversal,Com Vítimas Feridas,Pleno dia,Decrescente,Nublado,Simples,Reta,Sim,3,0,0,2,1,0,2,2,-26.37146,-48.711887,SPRF-SC,DEL03-SC,UOP03-DEL03-SC,2024
"594294,0",2024-04-16,terça-feira,08:20:00,SC,101,"203,0",SAO JOSE,Ausência de reação do condutor,Queda de ocupante de veículo,Com Vítimas Feridas,Pleno dia,Crescente,Chuva,Dupla,Rotatória,Sim,2,0,1,0,1,0,1,2,-27.5650044,-48.61460082,SPRF-SC,DEL01-SC,UOP01-DEL01-SC,2024
"594302,0",2024-04-16,terça-feira,08:05:00,SC,280,"51,5",GUARAMIRIM,Condutor deixou de manter distância do veículo da frente,Engavetamento,Com Vítimas Feridas,Pleno dia,Decrescente,Céu Claro,Dupla,Em Obras;Reta,Não,4,0,1,0,3,0,1,4,-26.46538871,-48.95544449,SPRF-SC,DEL03-SC,UOP03-DEL03-SC,2024
"594303,0",2024-04-16,terça-feira,08:30:00,SC,101,"123,1",ITAJAI,Reação tardia ou ineficiente do condutor,Colisão transversal,Com Vítimas Feridas,Pleno dia,Crescente,Chuva,Múltipla,Rotatória,Sim,2,0,1,0,0,1,1,2,-26.93668609,-48.69876905,SPRF-SC,DEL04-SC,UOP04-DEL04-SC,2024
"594341,0",2024-04-16,terça-feira,07:15:00,SC,153,"99,0",CONCORDIA,Condutor deixou de manter distância do veículo da frente,Colisão traseira,Com Vítimas Feridas,Pleno dia,Crescente,Chuva,Simples,Curva,Não,2,0,1,0,1,0,1,2,-27.235508,-51.951069,SPRF-SC,DEL07-SC,UOP04-DEL07-SC,2024
"594342,0",2024-04-12,sexta-feira,10:00:00,SC,280,"93,0",CORUPA,Reação tardia ou ineficiente do condutor,Saída de leito carroçável,Com Vítimas Feridas,Pleno dia,Decrescente,Chuva,Simples,Aclive;Curva,Não,2,0,1,0,1,0,1,1,-26.39962904,-49.29783103,SPRF-SC,DEL06-SC,UOP03-DEL06-SC,2024
"594370,0",2024-04-16,terça-feira,16:30:00,SC,282,"47,1",AGUAS MORNAS,Ultrapassagem Indevida,Colisão lateral sentido oposto,Com Vítimas Feridas,Anoitecer,Crescente,Chuva,Simples,Reta,Não,3,0,2,0,1,0,2,2,-27.721771,-48.934837,SPRF-SC,DEL01-SC,UOP03-DEL01-SC,2024
"594378,0",2024-04-16,terça-feira,17:00:00,SC,101,"114,0",ITAJAI,Ausência de reação do condutor,Queda de ocupante de veículo,Com Vítimas Feridas,Pleno dia,Crescente,Chuva,Dupla,Reta,Não,2,0,0,1,0,1,1,2,-26.86192886,-48.7286704,SPRF-SC,DEL04-SC,UOP04-DEL04-SC,2024
"594379,0",2024-04-16,terça-feira,16:40:00,SC,101,"106,0",PENHA,Reação tardia ou ineficiente do condutor,Saída de leito carroçável,Com Vítimas Feridas,Pleno dia,Crescente,Chuva,Simples,Reta,Não,1,0,1,0,0,0,1,1,-26.81053181,-48.68331671,SPRF-SC,DEL03-SC,UOP02-DEL03-SC,2024
"594394,0",2024-04-16,terça-feira,18:30:00,SC,101,"122,7",ITAJAI,Reação tardia ou ineficiente do condutor,Tombamento,Com Vítimas Feridas,Anoitecer,Crescente,Chuva,Dupla,Reta,Sim,1,0,1,0,0,0,1,1,-26.92955916,-48.70499836,SPRF-SC,DEL04-SC,UOP04-DEL04-SC,2024
"594399,0",2024-04-16,terça-feira,15:20:00,SC,101,"406,0",ARARANGUA,Chuva,Saída de leito carroçável,Com Vítimas Feridas,Pleno dia,Decrescente,Chuva,Dupla,Reta,Não,2,0,1,0,1,0,1,1,-28.89284011,-49.46880088,SPRF-SC,DEL02-SC,UOP02-DEL02-SC,2024
"594410,0",2024-04-16,terça-feira,16:35:00,SC,101,"336,0",TUBARAO,Acessar a via sem observar a presença dos outros veículos,Colisão traseira,Com Vítimas Feridas,Pleno dia,Decrescente,Chuva,Simples,Interseção de Vias;Rotatória;Viaduto;Curva,Sim,2,0,1,0,0,1,1,2,-28.47311347,-49.02437375,SPRF-SC,DEL02-SC,UOP01-DEL02-SC,2024
"594418,0",2024-04-16,terça-feira,19:30:00,SC,282,"578,1",PINHALZINHO,Desrespeitar a preferência no cruzamento,Colisão transversal,Com Vítimas Feridas,Plena Noite,Decrescente,Garoa/Chuvisco,Simples,Rotatória,Sim,2,0,1,0,1,0,1,2,-26.85245524,-52.98030138,SPRF-SC,DEL07-SC,UOP02-DEL07-SC,2024
"594421,0",2024-04-16,terça-feira,20:20:00,SC,280,"22,4",ARAQUARI,Ausência de reação do condutor,Colisão lateral mesmo sentido,Com Vítimas Feridas,Plena Noite,Decrescente,Garoa/Chuvisco,Simples,Reta,Sim,3,0,2,0,1,0,2,3,-26.37092616,-48.70204099,SPRF-SC,DEL03-SC,UOP03-DEL03-SC,2024
"594444,0",2024-04-16,terça-feira,23:55:00,SC,280,"83,0",CORUPA,Suicídio (presumido),Queda de ocupante de veículo,Sem Vítimas,Plena Noite,Decrescente,Garoa/Chuvisco,Simples,Rotatória,Não,1,0,0,0,1,0,0,1,-26.43533708,-49.24541652,SPRF-SC,DEL06-SC,UOP03-DEL06-SC,2024
"594447,0",2024-04-17,quarta-feira,01:50:00,SC,470,"57,6",BLUMENAU,Ausência de reação do condutor,Saída de leito carroçável,Sem Vítimas,Plena Noite,Decrescente,Garoa/Chuvisco,Simples,Desvio Temporário;Em Obras,Sim,1,0,0,0,1,0,0,1,-26.88340413,-49.14324045,SPRF-SC,DEL04-SC,UOP01-DEL04-SC,2024
"594448,0",2024-04-16,terça-feira,20:20:00,SC,282,"313,0",VARGEM,Acumulo de água sobre o pavimento,Colisão traseira,Com Vítimas Feridas,Plena Noite,Crescente,Chuva,Simples,Curva;Aclive,Não,3,0,2,0,1,0,2,2,-27.46136717,-50.98926544,SPRF-SC,DEL07-SC,UOP06-DEL07-SC,2024
"594465,0",2024-04-17,quarta-feira,06:50:00,SC,282,"5,4",SAO JOSE,Reação tardia ou ineficiente do condutor,Saída de leito carroçável,Com Vítimas Feridas,Pleno dia,Crescente,Garoa/Chuvisco,Dupla,Declive;Curva,Sim,1,0,1,0,0,0,1,1,-27.588425,-48.612919,SPRF-SC,DEL01-SC,UOP01-DEL01-SC,2024
"594492,0",2024-04-17,quarta-feira,07:10:00,SC,282,"506,6",XANXERE,Problema na suspensão,Saída de leito carroçável,Sem Vítimas,Pleno dia,Crescente,Céu Claro,Dupla,Declive,Sim,1,0,0,0,1,0,0,1,-26.885712,-52.42907,SPRF-SC,DEL07-SC,UOP01-DEL07-SC,2024
"594494,0",2024-04-17,quarta-feira,09:00:00,SC,101,"243,0",PALHOCA,Ausência de reação do condutor,Colisão traseira,Com Vítimas Feridas,Pleno dia,Crescente,Nublado,Múltipla,Reta,Não,2,0,1,0,1,0,1,2,-27.88419902,-48.64750077,SPRF-SC,DEL01-SC,UOP02-DEL01-SC,2024
"594511,0",2024-04-17,quarta-feira,10:00:00,SC,280,"6,1",SAO FRANCISCO DO SUL,Retorno proibido,Colisão transversal,Com Vítimas Feridas,Pleno dia,Crescente,Céu Claro,Simples,Reta,Sim,3,0,2,0,1,0,2,2,-26.26569095,-48.63361804,SPRF-SC,DEL03-SC,UOP03-DEL03-SC,2024
"594526,0",2024-04-17,quarta-feira,12:45:00,SC,280,"127,8",RIO NEGRINHO,Desrespeitar a preferência no cruzamento,Colisão transversal,Com Vítimas Feridas,Pleno dia,Decrescente,Céu Claro,Simples,Interseção de Vias;Declive;Curva,Sim,2,0,0,1,1,0,1,2,-26.24294379,-49.51244116,SPRF-SC,DEL06-SC,UOP03-DEL06-SC,2024
"594554,0",2024-04-17,quarta-feira,16:43:00,SC,101,"198,5",BIGUACU,Reação tardia ou ineficiente do condutor,Tombamento,Com Vítimas Feridas,Pleno dia,Decrescente,Nublado,Dupla,Reta,Sim,1,0,1,0,0,0,1,1,-27.52658712,-48.63506019,SPRF-SC,DEL01-SC,UOP01-DEL01-SC,2024
"594556,0",2024-04-17,quarta-feira,16:45:00,SC,101,"221,0",PALHOCA,Reação tardia ou ineficiente do condutor,Colisão traseira,Com Vítimas Feridas,Pleno dia,Crescente,Céu Claro,Dupla,Reta;Ponte,Não,6,0,1,0,5,0,1,3,-27.70012652,-48.66021182,SPRF-SC,DEL01-SC,UOP02-DEL01-SC,2024
"594567,0",2024-04-17,quarta-feira,15:10:00,SC,470,"48,6",BLUMENAU,Velocidade Incompatível,Queda de ocupante de veículo,Com Vítimas Fatais,Pleno dia,Crescente,Céu Claro,Dupla,Curva,Não,2,1,0,0,0,1,0,2,-26.86002074,-49.06338573,SPRF-SC,DEL04-SC,UOP01-DEL04-SC,2024
"594573,0",2024-04-17,quarta-feira,18:00:00,SC,101,"265,2",PAULO LOPES,Acessar a via sem observar a presença dos outros veículos,Colisão transversal,Com Vítimas Feridas,Anoitecer,Decrescente,Céu Claro,Múltipla,Reta,Sim,2,0,1,0,1,0,1,2,-28.06001385,-48.71690948,SPRF-SC,DEL02-SC,UOP03-DEL02-SC,2024
"594575,0",2024-04-17,quarta-feira,18:00:00,SC,280,"24,8",ARAQUARI,Trafegar com motocicleta (ou similar) entre as faixas,Colisão transversal,Com Vítimas Feridas,Anoitecer,Crescente,Céu Claro,Simples,Reta;Interseção de Vias,Sim,3,0,0,1,1,1,1,3,-26.37724921,-48.71953282,SPRF-SC,DEL03-SC,UOP03-DEL03-SC,2024
"594583,0",2024-04-17,quarta-feira,18:30:00,SC,101,"215,8",PALHOCA,Acessar a via sem observar a presença dos outros veículos,Colisão lateral mesmo sentido,Com Vítimas Feridas,Plena Noite,Decrescente,Céu Claro,Múltipla,Curva,Sim,3,0,1,0,2,0,1,2,-27.65184843,-48.67604941,SPRF-SC,DEL01-SC,UOP02-DEL01-SC,2024
"594584,0",2024-01-25,quinta-feira,20:50:00,SC,101,"125,7",ITAJAI,Ausência de reação do condutor,Eventos atípicos,Com Vítimas Fatais,Plena Noite,Crescente,Nublado,Múltipla,Viaduto;Curva,Não,1,1,0,0,0,0,0,1,-26.9526866,-48.6795371,SPRF-SC,DEL04-SC,UOP04-DEL04-SC,2024
"594585,0",2024-04-17,quarta-feira,18:10:00,SC,470,"151,0",AGRONOMICA,Deficiência do Sistema de Iluminação/Sinalização,Colisão com objeto,Com Vítimas Feridas,Plena Noite,Crescente,Céu Claro,Simples,Reta;Em Obras,Não,1,0,1,0,0,0,1,1,-27.260792,-49.719761,SPRF-SC,DEL04-SC,UOP02-DEL04-SC,2024
"594594,0",2024-04-17,quarta-feira,17:40:00,SC,282,"454,3",PONTE SERRADA,Condutor deixou de manter distância do veículo da frente,Colisão traseira,Com Vítimas Feridas,Pleno dia,Crescente,Céu Claro,Simples,Reta,Não,2,0,1,0,1,0,1,2,-26.891756,-51.98447,SPRF-SC,DEL07-SC,UOP04-DEL07-SC,2024
"594661,0",2024-04-18,quinta-feira,07:30:00,SC,101,"183,0",BIGUACU,Trafegar com motocicleta (ou similar) entre as faixas,Colisão lateral mesmo sentido,Com Vítimas Feridas,Pleno dia,Crescente,Céu Claro,Dupla,Reta,Não,2,0,1,0,1,0,1,2,-27.40688892,-48.6285296,SPRF-SC,DEL01-SC,UOP01-DEL01-SC,2024
"594665,0",2024-04-18,quinta-feira,07:45:00,SC,282,"3,0",FLORIANOPOLIS,Trafegar com motocicleta (ou similar) entre as faixas,Colisão traseira,Com Vítimas Feridas,Pleno dia,Decrescente,Céu Claro,Múltipla,Reta,Sim,2,0,0,1,1,0,1,2,-27.600384,-48.599705,SPRF-SC,DEL01-SC,UOP01-DEL01-SC,2024
"594669,0",2024-04-18,quinta-feira,07:30:00,SC,101,"210,0",SAO JOSE,Animais na Pista,Atropelamento de Animal,Com Vítimas Feridas,Pleno dia,Decrescente,Céu Claro,Múltipla,Reta,Sim,2,0,2,0,0,0,2,1,-27.6167305,-48.6457265,SPRF-SC,DEL01-SC,UOP01-DEL01-SC,2024
"594691,0",2024-04-15,segunda-feira,06:25:00,SC,101,"141,0",BALNEARIO CAMBORIU,Acumulo de óleo sobre o pavimento,Colisão com objeto,Com Vítimas Feridas,Pleno dia,Crescente,Sol,Múltipla,Declive;Curva,Sim,1,0,1,0,0,0,1,1,-27.04761729,-48.59995855,SPRF-SC,DEL04-SC,UOP03-DEL04-SC,2024
"594693,0",2024-02-06,terça-feira,17:30:00,SC,116,"247,9",LAGES,Acessar a via sem observar a presença dos outros veículos,Colisão lateral mesmo sentido,Com Vítimas Feridas,Pleno dia,Crescente,Céu Claro,Simples,Reta;Interseção de Vias,Sim,2,0,2,0,0,0,2,2,-27.81262488,-50.36859817,SPRF-SC,DEL05-SC,UOP02-DEL05-SC,2024
"594720,0",2024-04-18,quinta-feira,11:54:00,SC,282,"17,4",PALHOCA,Acessar a via sem observar a presença dos outros veículos,Colisão transversal,Com Vítimas Feridas,Pleno dia,Decrescente,Sol,Simples,Reta,Sim,2,0,0,1,1,0,1,2,-27.665707,-48.688065,SPRF-SC,DEL01-SC,UOP02-DEL01-SC,2024
"594737,0",2024-04-18,quinta-feira,11:25:00,SC,470,"300,1",CAMPOS NOVOS,Reação tardia ou ineficiente do condutor,Colisão lateral mesmo sentido,Com Vítimas Feridas,Pleno dia,Crescente,Nublado,Simples,Reta,Não,2,0,0,1,1,0,1,2,-27.372538,-51.046467,SPRF-SC,DEL07-SC,UOP06-DEL07-SC,2024
"594739,0",2024-04-18,quinta-feira,07:00:00,SC,163,"109,4",GUARUJA DO SUL,Reação tardia ou ineficiente do condutor,Colisão frontal,Com Vítimas Fatais,Pleno dia,Crescente,Céu Claro,Simples,Curva;Declive,Não,2,1,0,1,0,0,1,2,-26.4106825,-53.5222391,SPRF-SC,DEL07-SC,UOP03-DEL07-SC,2024