id,data_inversa,dia_semana,horario,uf,br,km,municipio,causa_acidente,tipo_acidente,classificacao_acidente,fase_dia,sentido_via,condicao_metereologica,tipo_pista,tracado_via,uso_solo,pessoas,mortos,feridos_leves,feridos_graves,ilesos,ignorados,feridos,veiculos,latitude,longitude,regional,delegacia,uop,ano_arquivo
"595662,0",2024-04-22,segunda-feira,11:15:00,SC,101,"252,9",PAULO LOPES,Reação tardia ou ineficiente do condutor,Saída de leito carroçável,Com Vítimas Feridas,Pleno dia,Crescente,Céu Claro,Simples,Curva;Interseção de Vias,Não,2,0,2,0,0,0,2,1,-27.96605966,-48.6799854,SPRF-SC,DEL02-SC,UOP03-DEL02-SC,2024
"595675,0",2024-04-22,segunda-feira,12:00:00,SC,470,"33,1",GASPAR,Acessar a via sem observar a presença dos outros veículos,Colisão lateral mesmo sentido,Com Vítimas Feridas,Pleno dia,Crescente,Céu Claro,Simples,Reta,Sim,3,0,2,0,1,0,2,2,-26.906223,-48.940575,SPRF-SC,DEL04-SC,UOP01-DEL04-SC,2024
"595684,0",2024-04-22,segunda-feira,08:40:00,SC,163,"72,0",SAO MIGUEL DO OESTE,Acessar a via sem observar a presença dos outros veículos,Colisão transversal,Com Vítimas Feridas,Pleno dia,Decrescente,Céu Claro,Dupla,Reta,Sim,2,0,1,0,1,0,1,2,-26.71908804,-53.5157791,SPRF-SC,DEL07-SC,UOP03-DEL07-SC,2024
"595699,0",2024-04-22,segunda-feira,14:20:00,SC,101,"38,0",JOINVILLE,Desrespeitar a preferência no cruzamento,Colisão transversal,Com Vítimas Feridas,Pleno dia,Decrescente,Sol,Simples,Interseção de Vias,Sim,2,0,1,0,1,0,1,2,-26.29643241,-48.8838011,SPRF-SC,DEL03-SC,UOP01-DEL03-SC,2024
"595711,0",2024-04-22,segunda-feira,15:00:00,SC,282,"529,0",XAXIM,Reação tardia ou ineficiente do condutor,Colisão traseira,Sem Vítimas,Pleno dia,Decrescente,Garoa/Chuvisco,Simples,Curva,Não,2,0,0,0,2,0,0,2,-26.982185,-52.59734,SPRF-SC,DEL07-SC,UOP01-DEL07-SC,2024
"595714,0",2024-04-22,segunda-feira,16:45:00,SC,282,"16,5",PALHOCA,Trafegar com motocicleta (ou similar) entre as faixas,Atropelamento de Pedestre,Com Vítimas Feridas,Pleno dia,Decrescente,Céu Claro,Simples,Reta,Sim,2,0,1,0,1,0,1,2,-27.658611,-48.681847,SPRF-SC,DEL01-SC,UOP02-DEL01-SC,2024
"595720,0",2024-04-21,domingo,14:00:00,SC,101,"133,7",BALNEARIO CAMBORIU,Frear bruscamente,Colisão traseira,Com Vítimas Feridas,Pleno dia,Decrescente,Céu Claro,Dupla,Reta,Sim,4,0,2,0,2,0,2,2,-26.99936,-48.64609,SPRF-SC,DEL04-SC,UOP03-DEL04-SC,2024
"595728,0",2024-04-22,segunda-feira,18:10:00,SC,282,"2,6",SAO JOSE,Trafegar com motocicleta (ou similar) entre as faixas,Colisão lateral mesmo sentido,Com Vítimas Feridas,Plena Noite,Crescente,Céu Claro,Múltipla,Reta,Sim,2,0,1,0,1,0,1,2,-27.603289,-48.590416,SPRF-SC,DEL01-SC,UOP01-DEL01-SC,2024
"595736,0",2024-04-22,segunda-feira,15:30:00,SC,470,"173,0",POUSO REDONDO,Desrespeitar a preferência no cruzamento,Colisão transversal,Com Vítimas Feridas,Pleno dia,Crescente,Céu Claro,Simples,Viaduto;Interseção de Vias,Não,2,0,0,1,1,0,1,2,-27.25984,-49.919285,SPRF-SC,DEL04-SC,UOP02-DEL04-SC,2024
"595742,0",2024-04-22,segunda-feira,15:50:00,SC,280,"6,5",SAO FRANCISCO DO SUL,Conversão proibida,Colisão transversal,Com Vítimas Feridas,Pleno dia,Crescente,Céu Claro,Simples,Reta,Não,2,0,1,0,1,0,1,2,-26.26569095,-48.63361804,SPRF-SC,DEL03-SC,UOP03-DEL03-SC,2024
"595746,0",2024-04-22,segunda-feira,17:30:00,SC,280,"51,0",GUARAMIRIM,Acessar a via sem observar a presença dos outros veículos,Colisão transversal,Com Vítimas Feridas,Anoitecer,Crescente,Nublado,Dupla,Interseção de Vias,Não,2,0,1,0,1,0,1,2,-26.46719234,-48.96057129,SPRF-SC,DEL03-SC,UOP03-DEL03-SC,2024
"595752,0",2024-04-22,segunda-feira,19:30:00,SC,282,"4,4",FLORIANOPOLIS,Trafegar com motocicleta (ou similar) entre as faixas,Colisão traseira,Com Vítimas Feridas,Plena Noite,Crescente,Céu Claro,Múltipla,Reta;Declive,Sim,2,0,1,0,1,0,1,2,-27.592646,-48.604034,SPRF-SC,DEL01-SC,UOP01-DEL01-SC,2024
"595764,0",2024-04-22,segunda-feira,20:10:00,SC,101,"333,0",TUBARAO,Acumulo de areia ou detritos sobre o pavimento,Tombamento,Com Vítimas Feridas,Plena Noite,Decrescente,Céu Claro,Dupla,Interseção de Vias;Rotatória;Curva,Sim,1,0,1,0,0,0,1,1,-28.46630107,-48.99653096,SPRF-SC,DEL02-SC,UOP01-DEL02-SC,2024
"595788,0",2024-04-23,terça-feira,01:10:00,SC,101,"212,5",PALHOCA,Reação tardia ou ineficiente do condutor,Tombamento,Com Vítimas Feridas,Plena Noite,Crescente,Nublado,Múltipla,Reta,Sim,1,0,0,1,0,0,1,1,-27.62996929,-48.65903871,SPRF-SC,DEL01-SC,UOP02-DEL01-SC,2024
"595791,0",2024-04-23,terça-feira,00:50:00,SC,101,"306,7",LAGUNA,Ausência de reação do condutor,Colisão com objeto,Com Vítimas Feridas,Plena Noite,Crescente,Céu Claro,Dupla,Curva,Não,1,0,0,1,0,0,1,1,-28.40573452,-48.79086256,SPRF-SC,DEL02-SC,UOP03-DEL02-SC,2024
"595801,0",2024-04-23,terça-feira,07:10:00,SC,470,"67,7",INDAIAL,Acessar a via sem observar a presença dos outros veículos,Colisão transversal,Com Vítimas Feridas,Pleno dia,Decrescente,Céu Claro,Simples,Interseção de Vias;Viaduto,Sim,2,0,1,0,1,0,1,2,-26.872158,-49.23127,SPRF-SC,DEL04-SC,UOP01-DEL04-SC,2024
"595809,0",2024-04-23,terça-feira,08:00:00,SC,280,"164,5",MAFRA,Acessar a via sem observar a presença dos outros veículos,Colisão transversal,Com Vítimas Feridas,Pleno dia,Decrescente,Céu Claro,Simples,Reta,Sim,2,0,1,0,1,0,1,2,-26.19131398,-49.80487298,SPRF-SC,DEL06-SC,UOP01-DEL06-SC,2024
"595815,0",2024-04-23,terça-feira,07:35:00,SC,280,"115,6",SAO BENTO DO SUL,Acessar a via sem observar a presença dos outros veículos,Colisão transversal,Com Vítimas Feridas,Amanhecer,Crescente,Céu Claro,Simples,Reta;Rotatória,Não,2,0,1,0,1,0,1,2,-26.284761,-49.408313,SPRF-SC,DEL06-SC,UOP03-DEL06-SC,2024
"595823,0",2024-04-23,terça-feira,07:10:00,SC,280,"79,9",CORUPA,Condutor deixou de manter distância do veículo da frente,Colisão lateral mesmo sentido,Com Vítimas Feridas,Pleno dia,Crescente,Céu Claro,Simples,Retorno Regulamentado;Rotatória,Não,2,0,1,0,1,0,1,2,-26.44657315,-49.20157809,SPRF-SC,DEL06-SC,UOP03-DEL06-SC,2024
"595830,0",2024-04-23,terça-feira,10:10:00,SC,282,"23,2",SANTO AMARO DA IMPERATRIZ,Conversão proibida,Colisão lateral mesmo sentido,Com Vítimas Feridas,Pleno dia,Crescente,Céu Claro,Simples,Reta,Sim,2,0,1,0,1,0,1,2,-27.687958,-48.736794,SPRF-SC,DEL01-SC,UOP02-DEL01-SC,2024
"595845,0",2024-04-23,terça-feira,12:00:00,SC,101,"199,0",BIGUACU,Ausência de reação do condutor,Colisão traseira,Com Vítimas Feridas,Pleno dia,Crescente,Céu Claro,Múltipla,Interseção de Vias;Reta,Sim,2,0,1,0,1,0,1,2,-27.53413705,-48.63003205,SPRF-SC,DEL01-SC,UOP01-DEL01-SC,2024
"595853,0",2024-04-23,terça-feira,13:00:00,SC,101,"95,0",BARRA VELHA,Manobra de mudança de faixa,Colisão transversal,Com Vítimas Feridas,Pleno dia,Decrescente,Sol,Múltipla,Reta,Não,3,0,2,0,0,1,2,2,-26.70876413,-48.70221065,SPRF-SC,DEL03-SC,UOP02-DEL03-SC,2024
"595871,0",2024-04-23,terça-feira,15:00:00,SC,101,"119,8",ITAJAI,Ausência de reação do condutor,Tombamento,Com Vítimas Feridas,Pleno dia,Decrescente,Nublado,Dupla,Reta,Não,1,0,1,0,0,0,1,1,-26.9043179,-48.71555481,SPRF-SC,DEL04-SC,UOP04-DEL04-SC,2024
"595887,0",2024-04-23,terça-feira,17:00:00,SC,101,"206,0",SAO JOSE,Reação tardia ou ineficiente do condutor,Colisão traseira,Sem Vítimas,Pleno dia,Decrescente,Céu Claro,Múltipla,Reta,Não,3,0,0,0,3,0,0,2,-27.59040081,-48.61769915,SPRF-SC,DEL01-SC,UOP01-DEL01-SC,2024
"595913,0",2024-04-23,terça-feira,19:25:00,SC,101,"216,0",PALHOCA,Reação tardia ou ineficiente do condutor,Colisão traseira,Com Vítimas Feridas,Plena Noite,Decrescente,Céu Claro,Dupla,Reta,Sim,2,0,1,0,1,0,1,2,-27.65981409,-48.67747798,SPRF-SC,DEL01-SC,UOP02-DEL01-SC,2024
"595928,0",2024-04-23,terça-feira,19:15:00,SC,101,"43,8",JOINVILLE,Acessar a via sem observar a presença dos outros veículos,Colisão transversal,Com Vítimas Feridas,Anoitecer,Crescente,Céu Claro,Simples,Reta,Sim,2,0,0,1,1,0,1,2,-26.30357106,-48.88225609,SPRF-SC,DEL03-SC,UOP01-DEL03-SC,2024
"595967,0",2024-04-24,quarta-feira,05:20:00,SC,470,"48,0",BLUMENAU,Ausência de reação do condutor,Colisão com objeto,Com Vítimas Feridas,Amanhecer,Crescente,Céu Claro,Simples,Curva,Não,1,0,1,0,0,0,1,1,-26.859823,-49.055393,SPRF-SC,DEL04-SC,UOP01-DEL04-SC,2024
"595976,0",2024-04-24,quarta-feira,02:00:00,SC,101,"458,0",SAO JOAO DO SUL,Reação tardia ou ineficiente do condutor,Colisão com objeto,Com Vítimas Feridas,Plena Noite,Decrescente,Ignorado,Múltipla,Reta,Não,2,0,1,0,1,0,1,1,-29.244,-49.754,SPRF-SC,DEL02-SC,UOP02-DEL02-SC,2024
"595977,0",2024-04-23,terça-feira,20:00:00,SC,153,"71,9",IRANI,Ausência de reação do condutor,Capotamento,Com Vítimas Feridas,Plena Noite,Crescente,Nevoeiro/Neblina,Simples,Declive;Curva,Não,1,0,1,0,0,0,1,1,-27.05794,-51.890205,SPRF-SC,DEL07-SC,UOP04-DEL07-SC,2024
"595986,0",2024-04-23,terça-feira,13:00:00,SC,470,"181,0",POUSO REDONDO,Velocidade Incompatível,Saída de leito carroçável,Com Vítimas Feridas,Pleno dia,Crescente,Chuva,Simples,Curva,Não,2,0,1,1,0,0,2,1,-27.251818,-49.996815,SPRF-SC,DEL04-SC,UOP02-DEL04-SC,2024
"595991,0",2024-04-19,sexta-feira,07:30:00,SC,470,"99,0",APIUNA,Conversão proibida,Colisão lateral mesmo sentido,Com Vítimas Feridas,Pleno dia,Crescente,Céu Claro,Simples,Curva,Sim,2,0,2,0,0,0,2,2,-27.037956,-49.393417,SPRF-SC,DEL04-SC,UOP02-DEL04-SC,2024
"596011,0",2024-04-13,sábado,04:15:00,SC,101,"196,1",BIGUACU,Animais na Pista,Atropelamento de Animal,Sem Vítimas,Plena Noite,Crescente,Chuva,Dupla,Reta,Sim,1,0,0,0,1,0,0,1,-27.51101091,-48.64322292,SPRF-SC,DEL01-SC,UOP01-DEL01-SC,2024
"596033,0",2024-04-24,quarta-feira,07:40:00,SC,470,"246,3",CURITIBANOS,Manobra de mudança de faixa,Colisão lateral mesmo sentido,Com Vítimas Feridas,Pleno dia,Decrescente,Nublado,Simples,Reta,Sim,2,0,1,0,1,0,1,2,-27.315086,-50.532715,SPRF-SC,DEL05-SC,UOP03-DEL05-SC,2024
"596101,0",2024-04-24,quarta-feira,16:45:00,SC,101,"121,2",ITAJAI,Manobra de mudança de faixa,Colisão traseira,Com Vítimas Feridas,Pleno dia,Decrescente,Céu Claro,Múltipla,Reta,Não,2,0,1,0,1,0,1,2,-26.92103178,-48.70856446,SPRF-SC,DEL04-SC,UOP04-DEL04-SC,2024
"596102,0",2024-04-24,quarta-feira,15:00:00,SC,282,"97,2",ALFREDO WAGNER,Velocidade Incompatível,Colisão frontal,Com Vítimas Feridas,Pleno dia,Decrescente,Nublado,Simples,Reta,Não,4,0,2,0,1,1,2,3,-27.707966,-49.272182,SPRF-SC,DEL01-SC,UOP03-DEL01-SC,2024
"596108,0",2024-04-24,quarta-feira,16:50:00,SC,101,"340,8",TUBARAO,Pedestre cruzava a pista fora da faixa,Atropelamento de Pedestre,Com Vítimas Feridas,Pleno dia,Decrescente,Chuva,Dupla,Reta,Sim,2,0,0,1,1,0,1,2,-28.501444,-49.04690399,SPRF-SC,DEL02-SC,UOP01-DEL02-SC,2024
"596140,0",2024-04-24,quarta-feira,18:15:00,SC,282,"504,1",XANXERE,Ausência de reação do condutor,Colisão com objeto,Com Vítimas Feridas,Plena Noite,Decrescente,Nublado,Dupla,Reta,Sim,1,0,1,0,0,0,1,1,-26.884279,-52.408466,SPRF-SC,DEL07-SC,UOP01-DEL07-SC,2024
"596147,0",2024-04-24,quarta-feira,19:48:00,SC,101,"149,0",ITAPEMA,Reação tardia ou ineficiente do condutor,Tombamento,Com Vítimas Feridas,Plena Noite,Decrescente,Céu Claro,Múltipla,Reta,Sim,1,0,1,0,0,0,1,1,-27.1089649,-48.61277586,SPRF-SC,DEL04-SC,UOP03-DEL04-SC,2024
"596149,0",2024-04-24,quarta-feira,21:05:00,SC,280,"115,6",SAO BENTO DO SUL,Reação tardia ou ineficiente do condutor,Saída de leito carroçável,Sem Vítimas,Plena Noite,Decrescente,Garoa/Chuvisco,Simples,Retorno Regulamentado;Interseção de Vias,Sim,1,0,0,0,0,1,0,1,-26.284761,-49.408313,SPRF-SC,DEL06-SC,UOP03-DEL06-SC,2024
"596154,0",2024-04-24,quarta-feira,21:40:00,SC,101,"149,0",ITAPEMA,Manobra de mudança de faixa,Colisão lateral mesmo sentido,Com Vítimas Feridas,Plena Noite,Decrescente,Céu Claro,Dupla,Reta,Sim,3,0,2,0,1,0,2,2,-27.1089649,-48.61277586,SPRF-SC,DEL04-SC,UOP03-DEL04-SC,2024
"596167,0",2024-04-25,quinta-feira,00:30:00,SC,280,"127,2",RIO NEGRINHO,Desrespeitar a preferência no cruzamento,Colisão lateral mesmo sentido,Com Vítimas Feridas,Plena Noite,Crescente,Garoa/Chuvisco,Simples,Interseção de Vias;Aclive;Reta,Sim,3,0,1,1,1,0,2,2,-26.23984515,-49.50631499,SPRF-SC,DEL06-SC,UOP03-DEL06-SC,2024
"596175,0",2024-04-25,quinta-feira,03:28:00,SC,101,"21,0",JOINVILLE,Ingestão de álcool pelo condutor,Colisão com objeto,Sem Vítimas,Plena Noite,Crescente,Garoa/Chuvisco,Dupla,Reta;Aclive,Não,1,0,0,0,1,0,0,1,-26.14793022,-48.90894562,SPRF-SC,DEL03-SC,UOP01-DEL03-SC,2024
"596185,0",2024-04-25,quinta-feira,05:00:00,SC,470,"70,3",INDAIAL,Transitar na contramão,Colisão frontal,Com Vítimas Feridas,Amanhecer,Crescente,Garoa/Chuvisco,Simples,Reta,Não,2,0,2,0,0,0,2,2,-26.889374,-49.254478,SPRF-SC,DEL04-SC,UOP01-DEL04-SC,2024
"596200,0",2024-03-23,sábado,16:10:00,SC,153,"77,9",IRANI,Ingestão de álcool pelo condutor,Atropelamento de Pedestre,Com Vítimas Fatais,Pleno dia,Decrescente,Céu Claro,Simples,Declive;Reta,Não,2,1,0,0,1,0,0,2,-27.1095008,-51.9055417,SPRF-SC,DEL07-SC,UOP04-DEL07-SC,2024
"596209,0",2024-04-25,quinta-feira,08:15:00,SC,101,"217,1",PALHOCA,Reação tardia ou ineficiente do condutor,Colisão traseira,Com Vítimas Feridas,Pleno dia,Decrescente,Garoa/Chuvisco,Dupla,Reta,Sim,2,0,1,0,1,0,1,2,-27.66779034,-48.67393586,SPRF-SC,DEL01-SC,UOP02-DEL01-SC,2024
"596227,0",2024-04-25,quinta-feira,07:40:00,SC,101,"127,9",ITAJAI,Condutor deixou de manter distância do veículo da frente,Colisão traseira,Com Vítimas Feridas,Pleno dia,Crescente,Nublado,Dupla,Reta,Não,2,0,1,0,1,0,1,2,-26.9639319,-48.68328024,SPRF-SC,DEL04-SC,UOP04-DEL04-SC,2024
"596316,0",2024-04-25,quinta-feira,15:30:00,SC,101,"112,0",ITAJAI,Trafegar com motocicleta (ou similar) entre as faixas,Colisão lateral mesmo sentido,Com Vítimas Feridas,Pleno dia,Decrescente,Garoa/Chuvisco,Dupla,Reta,Sim,2,0,1,0,1,0,1,2,-26.84589005,-48.72131295,SPRF-SC,DEL04-SC,UOP04-DEL04-SC,2024
"596332,0",2024-04-25,quinta-feira,18:40:00,SC,101,"195,9",BIGUACU,Reação tardia ou ineficiente do condutor,Engavetamento,Sem Vítimas,Plena Noite,Crescente,Céu Claro,Múltipla,Reta,Sim,6,0,0,0,6,0,0,3,-27.5047092,-48.65010819,SPRF-SC,DEL01-SC,UOP01-DEL01-SC,2024
"596337,0",2024-04-25,quinta-feira,18:50:00,SC,101,"212,0",PALHOCA,Ingestão de substâncias psicoativas pelo condutor,Colisão lateral mesmo sentido,Com Vítimas Feridas,Plena Noite,Crescente,Nublado,Dupla,Reta;Viaduto,Sim,3,0,1,0,2,0,1,3,-27.62996929,-48.65903871,SPRF-SC,DEL01-SC,UOP02-DEL01-SC,2024
"596339,0",2024-04-25,quinta-feira,17:05:00,SC,101,"170,5",TIJUCAS,Reação tardia ou ineficiente do condutor,Tombamento,Com Vítimas Feridas,Anoitecer,Crescente,Nublado,Dupla,Reta,Sim,1,0,1,0,0,0,1,1,-27.29669601,-48.63147594,SPRF-SC,DEL04-SC,UOP03-DEL04-SC,2024
"596350,0",2024-04-25,quinta-feira,17:35:00,SC,116,"52,1",PAPANDUVA,Acessar a via sem observar a presença dos outros veículos,Colisão transversal,Com Vítimas Feridas,Anoitecer,Decrescente,Céu Claro,Simples,Aclive;Reta,Sim,8,0,4,0,4,0,4,2,-26.39008273,-50.14576709,SPRF-SC,DEL06-SC,UOP01-DEL06-SC,2024
"596359,0",2024-04-25,quinta-feira,20:10:00,SC,101,"201,0",SAO JOSE,Ausência de reação do condutor,Colisão com objeto,Sem Vítimas,Plena Noite,Decrescente,Nublado,Dupla,Reta,Sim,1,0,0,0,1,0,0,1,-27.54836599,-48.61977975,SPRF-SC,DEL01-SC,UOP01-DEL01-SC,2024
"596365,0",2024-04-25,quinta-feira,21:30:00,SC,280,"69,0",JARAGUA DO SUL,Transitar na contramão,Colisão lateral sentido oposto,Com Vítimas Feridas,Plena Noite,Crescente,Garoa/Chuvisco,Simples,Reta;Viaduto,Não,5,0,3,0,2,0,3,3,-26.46803296,-49.11833097,SPRF-SC,DEL03-SC,UOP03-DEL03-SC,2024
"596413,0",2024-04-26,sexta-feira,07:25:00,SC,116,"250,2",LAGES,Ausência de reação do condutor,Colisão traseira,Com Vítimas Feridas,Pleno dia,Crescente,Nublado,Simples,Declive;Desvio Temporário;Reta;Em Obras,Não,3,0,1,0,2,0,1,2,-27.83626507,-50.38045026,SPRF-SC,DEL05-SC,UOP02-DEL05-SC,2024
"596420,0",2024-03-25,segunda-feira,08:10:00,SC,282,"209,0",LAGES,Ultrapassagem Indevida,Colisão frontal,Com Vítimas Feridas,Pleno dia,Crescente,Céu Claro,Simples,Declive;Reta,Não,3,0,1,1,1,0,2,2,-27.776926,-50.221893,SPRF-SC,DEL05-SC,UOP01-DEL05-SC,2024
"596470,0",2024-04-26,sexta-feira,10:15:00,SC,101,"195,0",BIGUACU,Condutor deixou de manter distância do veículo da frente,Colisão traseira,Sem Vítimas,Pleno dia,Decrescente,Nublado,Dupla,Reta,Sim,2,0,0,0,2,0,0,2,-27.5047092,-48.65010819,SPRF-SC,DEL01-SC,UOP01-DEL01-SC,2024
"596513,0",2024-04-26,sexta-feira,15:40:00,SC,280,"128,1",RIO NEGRINHO,Acessar a via sem observar a presença dos outros veículos,Colisão transversal,Com Vítimas Feridas,Pleno dia,Crescente,Céu Claro,Simples,Reta,Não,2,0,1,0,1,0,1,2,-26.24317941,-49.51320018,SPRF-SC,DEL06-SC,UOP03-DEL06-SC,2024
"596520,0",2024-04-26,sexta-feira,16:15:00,SC,101,"201,6",SAO JOSE,Manobra de mudança de faixa,Colisão lateral mesmo sentido,Com Vítimas Feridas,Pleno dia,Decrescente,Céu Claro,Múltipla,Reta,Sim,3,0,1,1,1,0,2,2,-27.54836599,-48.61977975,SPRF-SC,DEL01-SC,UOP01-DEL01-SC,2024
"596530,0",2024-04-26,sexta-feira,17:30:00,SC,282,"17,5",PALHOCA,Trafegar com motocicleta (ou similar) entre as faixas,Colisão transversal,Com Vítimas Feridas,Anoitecer,Crescente,Céu Claro,Simples,Reta,Sim,2,0,1,0,1,0,1,2,-27.665707,-48.688065,SPRF-SC,DEL01-SC,UOP02-DEL01-SC,2024
"596537,0",2024-04-26,sexta-feira,17:30:00,SC,470,"125,2",LONTRAS,Acessar a via sem observar a presença dos outros veículos,Colisão transversal,Com Vítimas Feridas,Pleno dia,Crescente,Céu Claro,Simples,Reta,Não,1,0,1,0,0,0,1,1,-27.120506,-49.534946,SPRF-SC,DEL04-SC,UOP02-DEL04-SC,2024
"596543,0",2024-04-26,sexta-feira,18:00:00,SC,282,"17,5",PALHOCA,Acessar a via sem observar a presença dos outros veículos,Colisão transversal,Com Vítimas Feridas,Anoitecer,Crescente,Nublado,Simples,Interseção de Vias;Reta,Sim,5,0,4,0,1,0,4,2,-27.665707,-48.688065,SPRF-SC,DEL01-SC,UOP02-DEL01-SC,2024
"596545,0",2024-04-26,sexta-feira,17:25:00,SC,101,"118,0",ITAJAI,Ingestão de álcool pelo condutor,Colisão traseira,Sem Vítimas,Anoitecer,Decrescente,Céu Claro,Dupla,Reta,Não,2,0,0,0,2,0,0,2,-26.895859,-48.71903,SPRF-SC,DEL04-SC,UOP04-DEL04-SC,2024
"596547,0",2024-04-26,sexta-feira,15:50:00,SC,101,"157,9",PORTO BELO,Manobra de mudança de faixa,Colisão lateral mesmo sentido,Com Vítimas Feridas,Pleno dia,Decrescente,Nublado,Múltipla,Reta,Sim,2,0,1,0,1,0,1,2,-27.181625,-48.6121179,SPRF-SC,DEL04-SC,UOP03-DEL04-SC,2024
"596559,0",2024-04-26,sexta-feira,17:50:00,SC,163,"69,8",SAO MIGUEL DO OESTE,Pedestre cruzava a pista fora da faixa,Atropelamento de Pedestre,Com Vítimas Feridas,Anoitecer,Decrescente,Nublado,Dupla,Reta;Interseção de Vias;Declive,Sim,2,0,0,2,0,0,2,2,-26.74132699,-53.50120591,SPRF-SC,DEL07-SC,UOP03-DEL07-SC,2024
"596560,0",2024-04-26,sexta-feira,18:10:00,SC,280,"162,0",MAFRA,Conversão proibida,Colisão transversal,Com Vítimas Feridas,Plena Noite,Crescente,Céu Claro,Simples,Reta,Não,5,0,3,1,1,0,4,2,-26.20386631,-49.79088509,SPRF-SC,DEL06-SC,UOP03-DEL06-SC,2024
"596567,0",2024-04-26,sexta-feira,18:35:00,SC,101,"197,6",SAO JOSE,Ingestão de álcool pelo condutor,Colisão traseira,Sem Vítimas,Anoitecer,Crescente,Céu Claro,Dupla,Curva,Sim,16,0,0,0,15,1,0,8,-27.51844497,-48.63848496,SPRF-SC,DEL01-SC,UOP01-DEL01-SC,2024
"596568,0",2024-04-26,sexta-feira,19:30:00,SC,101,"135,0",BALNEARIO CAMBORIU,Condutor deixou de manter distância do veículo da frente,Colisão traseira,Com Vítimas Feridas,Plena Noite,Crescente,Céu Claro,Dupla,Reta,Sim,4,0,0,2,2,0,2,3,-27.0050108,-48.62677494,SPRF-SC,DEL04-SC,UOP03-DEL04-SC,2024
"596592,0",2024-04-26,sexta-feira,19:05:00,SC,470,"138,2",RIO DO SUL,Acessar a via sem observar a presença dos outros veículos,Colisão transversal,Com Vítimas Feridas,Plena Noite,Crescente,Garoa/Chuvisco,Simples,Interseção de Vias,Sim,2,0,0,1,1,0,1,2,-27.207214,-49.648476,SPRF-SC,DEL04-SC,UOP02-DEL04-SC,2024
"596628,0",2024-04-27,sábado,00:50:00,SC,282,"206,0",LAGES,Velocidade Incompatível,Atropelamento de Animal,Sem Vítimas,Plena Noite,Crescente,Garoa/Chuvisco,Simples,Reta;Aclive,Não,1,0,0,0,1,0,0,1,-27.771982,-50.192139,SPRF-SC,DEL05-SC,UOP01-DEL05-SC,2024
"596631,0",2024-04-27,sábado,00:40:00,SC,480,"126,3",CHAPECO,Animais na Pista,Atropelamento de Animal,Sem Vítimas,Plena Noite,Crescente,Céu Claro,Dupla,Reta,Sim,1,0,0,0,0,1,0,1,-27.020083,-52.636024,SPRF-SC,DEL07-SC,UOP01-DEL07-SC,2024
"596632,0",2024-04-27,sábado,00:20:00,SC,282,"69,0",RANCHO QUEIMADO,Velocidade Incompatível,Saída de leito carroçável,Com Vítimas Feridas,Plena Noite,Decrescente,Nevoeiro/Neblina,Simples,Curva;Declive,Não,1,0,1,0,0,0,1,1,-27.690144,-49.083813,SPRF-SC,DEL01-SC,UOP03-DEL01-SC,2024
"596645,0",2024-04-27,sábado,03:20:00,SC,101,"195,9",BIGUACU,Demais falhas mecânicas ou elétricas,Incêndio,Sem Vítimas,Plena Noite,Crescente,Céu Claro,Dupla,Reta,Sim,1,0,0,0,1,0,0,1,-27.5047092,-48.65010819,SPRF-SC,DEL01-SC,UOP01-DEL01-SC,2024
"596667,0",2024-04-27,sábado,05:50:00,SC,280,"237,0",CANOINHAS,Ausência de reação do condutor,Saída de leito carroçável,Sem Vítimas,Amanhecer,Decrescente,Nublado,Simples,Reta,Não,1,0,0,0,0,1,0,1,-26.19844599,-50.43216601,SPRF-SC,DEL06-SC,UOP04-DEL06-SC,2024
"596668,0",2024-04-27,sábado,06:30:00,SC,101,"152,5",PORTO BELO,Reação tardia ou ineficiente do condutor,Queda de ocupante de veículo,Com Vítimas Feridas,Pleno dia,Decrescente,Céu Claro,Múltipla,Reta,Sim,1,0,1,0,0,0,1,1,-27.13563503,-48.61004665,SPRF-SC,DEL04-SC,UOP03-DEL04-SC,2024
"596695,0",2024-04-27,sábado,09:20:00,SC,282,"16,5",PALHOCA,Manobra de mudança de faixa,Colisão lateral mesmo sentido,Com Vítimas Feridas,Pleno dia,Decrescente,Céu Claro,Simples,Reta,Sim,3,0,1,0,2,0,1,2,-27.658611,-48.681847,SPRF-SC,DEL01-SC,UOP02-DEL01-SC,2024
"596697,0",2024-04-27,sábado,06:18:00,SC,282,"407,5",CATANDUVAS,Ingestão de álcool pelo condutor,Colisão frontal,Com Vítimas Fatais,Amanhecer,Decrescente,Céu Claro,Simples,Curva;Declive,Não,7,1,1,0,4,1,1,2,-27.086405,-51.661671,SPRF-SC,DEL07-SC,UOP05-DEL07-SC,2024
"596707,0",2024-04-27,sábado,10:25:00,SC,101,"203,8",SAO JOSE,Acessar a via sem observar a presença dos outros veículos,Colisão transversal,Com Vítimas Feridas,Pleno dia,Decrescente,Sol,Simples,Viaduto,Sim,2,0,1,0,0,1,1,2,-27.5650044,-48.61460082,SPRF-SC,DEL01-SC,UOP01-DEL01-SC,2024
"596713,0",2024-04-27,sábado,10:55:00,SC,101,"206,0",SAO JOSE,Reação tardia ou ineficiente do condutor,Colisão traseira,Com Vítimas Feridas,Pleno dia,Crescente,Céu Claro,Múltipla,Reta;Aclive,Sim,2,0,1,0,1,0,1,2,-27.59193546,-48.61824557,SPRF-SC,DEL01-SC,UOP01-DEL01-SC,2024