id,data_inversa,dia_semana,horario,uf,br,km,municipio,causa_acidente,tipo_acidente,classificacao_acidente,fase_dia,sentido_via,condicao_metereologica,tipo_pista,tracado_via,uso_solo,pessoas,mortos,feridos_leves,feridos_graves,ilesos,ignorados,feridos,veiculos,latitude,longitude,regional,delegacia,uop,ano_arquivo
"597699,0",2024-05-01,quarta-feira,19:20:00,SC,101,"141,5",BALNEARIO CAMBORIU,Demais falhas mecânicas ou elétricas,Colisão com objeto,Com Vítimas Feridas,Plena Noite,Decrescente,Nublado,Dupla,Reta,Sim,2,0,0,2,0,0,2,1,-27.05197884,-48.59780788,SPRF-SC,DEL04-SC,UOP03-DEL04-SC,2024
"597701,0",2024-05-01,quarta-feira,21:40:00,SC,101,"11,0",GARUVA,Velocidade Incompatível,Capotamento,Sem Vítimas,Plena Noite,Crescente,Nublado,Dupla,Reta,Não,1,0,0,0,0,1,0,1,-26.07202503,-48.86100853,SPRF-SC,DEL03-SC,UOP01-DEL03-SC,2024
"597702,0",2024-05-01,quarta-feira,21:50:00,SC,101,"157,3",PORTO BELO,Reação tardia ou ineficiente do condutor,Colisão lateral mesmo sentido,Sem Vítimas,Plena Noite,Crescente,Céu Claro,Dupla,Reta,Não,2,0,0,0,2,0,0,2,-27.181625,-48.6121179,SPRF-SC,DEL04-SC,UOP03-DEL04-SC,2024
"597703,0",2024-05-01,quarta-feira,19:30:00,SC,280,"79,0",CORUPA,Reação tardia ou ineficiente do condutor,Colisão lateral mesmo sentido,Com Vítimas Feridas,Plena Noite,Crescente,Céu Claro,Simples,Curva,Não,2,0,1,1,0,0,2,2,-26.44657315,-49.20157809,SPRF-SC,DEL06-SC,UOP03-DEL06-SC,2024
"597723,0",2024-05-02,quinta-feira,02:30:00,SC,470,"146,0",RIO DO SUL,Condutor Dormindo,Colisão traseira,Com Vítimas Feridas,Plena Noite,Decrescente,Céu Claro,Simples,Reta,Não,2,0,1,0,1,0,1,2,-27.240673,-49.685822,SPRF-SC,DEL04-SC,UOP02-DEL04-SC,2024
"597733,0",2024-05-02,quinta-feira,05:20:00,SC,101,"132,0",BALNEARIO CAMBORIU,Velocidade Incompatível,Colisão com objeto,Sem Vítimas,Amanhecer,Decrescente,Céu Claro,Múltipla,Reta,Sim,1,0,0,0,1,0,0,1,-26.99654133,-48.65564711,SPRF-SC,DEL04-SC,UOP03-DEL04-SC,2024
"597737,0",2024-05-02,quinta-feira,06:30:00,SC,101,"332,0",TUBARAO,Chuva,Tombamento,Com Vítimas Feridas,Amanhecer,Crescente,Chuva,Dupla,Viaduto,Sim,1,0,1,0,0,0,1,1,-28.46016431,-48.98968873,SPRF-SC,DEL02-SC,UOP01-DEL02-SC,2024
"597750,0",2024-05-02,quinta-feira,08:00:00,SC,101,"209,8",SAO JOSE,Acumulo de óleo sobre o pavimento,Queda de ocupante de veículo,Com Vítimas Feridas,Pleno dia,Decrescente,Céu Claro,Dupla,Viaduto,Não,2,0,2,0,0,0,2,1,-27.61000542,-48.63895057,SPRF-SC,DEL01-SC,UOP01-DEL01-SC,2024
"597753,0",2024-05-02,quinta-feira,08:10:00,SC,101,"243,1",PALHOCA,Demais falhas mecânicas ou elétricas,Colisão traseira,Com Vítimas Feridas,Pleno dia,Decrescente,Céu Claro,Múltipla,Reta,Não,2,0,1,0,0,1,1,2,-27.88419902,-48.64750077,SPRF-SC,DEL01-SC,UOP02-DEL01-SC,2024
"597755,0",2024-05-02,quinta-feira,07:35:00,SC,470,"160,0",TROMBUDO CENTRAL,Acessar a via sem observar a presença dos outros veículos,Colisão transversal,Com Vítimas Feridas,Pleno dia,Crescente,Céu Claro,Simples,Reta,Não,4,0,1,2,1,0,3,2,-27.286278,-49.798035,SPRF-SC,DEL04-SC,UOP02-DEL04-SC,2024
"597758,0",2024-05-02,quinta-feira,07:50:00,SC,470,"141,6",RIO DO SUL,Ausência de reação do condutor,Colisão transversal,Com Vítimas Feridas,Pleno dia,Crescente,Nublado,Simples,Interseção de Vias,Sim,2,0,1,0,1,0,1,2,-27.21038483,-49.65203404,SPRF-SC,DEL04-SC,UOP02-DEL04-SC,2024
"597769,0",2024-05-02,quinta-feira,07:40:00,SC,101,"45,5",JOINVILLE,Ausência de reação do condutor,Colisão traseira,Com Vítimas Fatais,Pleno dia,Crescente,Céu Claro,Múltipla,Curva;Declive,Não,2,1,0,0,1,0,0,2,-26.354432,-48.858765,SPRF-SC,DEL03-SC,UOP01-DEL03-SC,2024
"597774,0",2024-05-02,quinta-feira,09:40:00,SC,282,"552,2",NOVA ITABERABA,Pista Escorregadia,Saída de leito carroçável,Com Vítimas Feridas,Pleno dia,Crescente,Garoa/Chuvisco,Simples,Reta,Não,1,0,0,1,0,0,1,1,-26.951487,-52.778172,SPRF-SC,DEL07-SC,UOP01-DEL07-SC,2024
"597794,0",2024-05-02,quinta-feira,13:10:00,SC,101,"27,1",JOINVILLE,Entrada inopinada do pedestre,Atropelamento de Pedestre,Com Vítimas Feridas,Pleno dia,Crescente,Céu Claro,Dupla,Rotatória,Sim,2,0,0,1,1,0,1,2,-26.20697505,-48.91482635,SPRF-SC,DEL03-SC,UOP01-DEL03-SC,2024
"597804,0",2024-04-12,sexta-feira,12:50:00,SC,470,"113,8",IBIRAMA,Transitar na contramão,Colisão frontal,Com Vítimas Fatais,Pleno dia,Crescente,Garoa/Chuvisco,Simples,Curva,Não,3,1,0,2,0,0,2,2,-27.08663917,-49.47761536,SPRF-SC,DEL04-SC,UOP02-DEL04-SC,2024
"597819,0",2024-04-28,domingo,09:45:00,SC,280,"46,1",GUARAMIRIM,Acessar a via sem observar a presença dos outros veículos,Colisão transversal,Com Vítimas Feridas,Pleno dia,Decrescente,Nublado,Simples,Interseção de Vias;Reta,Sim,7,0,4,1,2,0,5,2,-26.45295055,-48.90788103,SPRF-SC,DEL03-SC,UOP03-DEL03-SC,2024
"597828,0",2024-05-02,quinta-feira,14:00:00,SC,470,"279,4",BRUNOPOLIS,Avarias e/ou desgaste excessivo no pneu,Saída de leito carroçável,Com Vítimas Feridas,Pleno dia,Decrescente,Chuva,Simples,Curva,Não,3,0,2,0,1,0,2,1,-27.334526,-50.852642,SPRF-SC,DEL07-SC,UOP06-DEL07-SC,2024
"597859,0",2024-05-02,quinta-feira,18:30:00,SC,101,"202,4",SAO JOSE,Reação tardia ou ineficiente do condutor,Tombamento,Com Vítimas Feridas,Plena Noite,Decrescente,Garoa/Chuvisco,Dupla,Reta,Sim,1,0,1,0,0,0,1,1,-27.55711595,-48.61897889,SPRF-SC,DEL01-SC,UOP01-DEL01-SC,2024
"597870,0",2024-05-02,quinta-feira,19:40:00,SC,282,"17,1",PALHOCA,Condutor deixou de manter distância do veículo da frente,Colisão traseira,Com Vítimas Feridas,Plena Noite,Decrescente,Nublado,Simples,Reta,Sim,2,0,0,1,1,0,1,2,-27.665707,-48.688065,SPRF-SC,DEL01-SC,UOP02-DEL01-SC,2024
"597878,0",2024-05-02,quinta-feira,19:00:00,SC,282,"519,8",XAXIM,Ingestão de álcool pelo condutor,Colisão frontal,Com Vítimas Feridas,Plena Noite,Crescente,Chuva,Simples,Curva,Não,2,0,1,0,1,0,1,2,-26.947527,-52.517536,SPRF-SC,DEL07-SC,UOP01-DEL07-SC,2024
"597889,0",2024-05-02,quinta-feira,09:10:00,SC,470,"127,0",LONTRAS,Conversão proibida,Colisão lateral mesmo sentido,Com Vítimas Feridas,Pleno dia,Crescente,Céu Claro,Simples,Reta,Não,2,0,1,0,1,0,1,2,-27.136574,-49.543015,SPRF-SC,DEL04-SC,UOP02-DEL04-SC,2024
"597898,0",2024-05-02,quinta-feira,22:50:00,SC,282,"3,0",FLORIANOPOLIS,Ausência de reação do condutor,Saída de leito carroçável,Com Vítimas Feridas,Plena Noite,Crescente,Céu Claro,Múltipla,Curva,Sim,1,0,0,1,0,0,1,1,-27.600384,-48.599705,SPRF-SC,DEL01-SC,UOP01-DEL01-SC,2024
"597910,0",2024-02-28,quarta-feira,13:15:00,SC,101,"204,0",SAO JOSE,Acesso irregular,Colisão transversal,Com Vítimas Feridas,Pleno dia,Decrescente,Céu Claro,Múltipla,Viaduto;Interseção de Vias,Sim,3,0,1,0,2,0,1,2,-27.57413014,-48.61363083,SPRF-SC,DEL01-SC,UOP01-DEL01-SC,2024
"597927,0",2024-05-03,sexta-feira,05:51:00,SC,470,"66,4",INDAIAL,Transitar no Acostamento,Colisão com objeto,Com Vítimas Feridas,Amanhecer,Decrescente,Garoa/Chuvisco,Dupla,Reta;Em Obras,Sim,1,0,1,0,0,0,1,1,-26.870407,-49.221844,SPRF-SC,DEL04-SC,UOP01-DEL04-SC,2024
"597936,0",2024-05-03,sexta-feira,07:30:00,SC,282,"1,0",FLORIANOPOLIS,Manobra de mudança de faixa,Colisão lateral mesmo sentido,Com Vítimas Feridas,Pleno dia,Decrescente,Céu Claro,Múltipla,Reta,Sim,3,0,1,0,1,1,1,3,-27.59845,-48.571995,SPRF-SC,DEL01-SC,UOP01-DEL01-SC,2024
"597945,0",2024-05-03,sexta-feira,06:30:00,SC,280,"230,0",CANOINHAS,Ingestão de álcool pelo condutor,Saída de leito carroçável,Sem Vítimas,Amanhecer,Crescente,Nublado,Simples,Rotatória,Sim,1,0,0,0,1,0,0,1,-26.18756479,-50.36192211,SPRF-SC,DEL06-SC,UOP04-DEL06-SC,2024
"597952,0",2024-05-03,sexta-feira,08:40:00,SC,101,"214,9",PALHOCA,Ausência de reação do condutor,Colisão traseira,Com Vítimas Feridas,Pleno dia,Crescente,Céu Claro,Simples,Reta,Sim,2,0,1,0,0,1,1,2,-27.64443,-48.67057,SPRF-SC,DEL01-SC,UOP02-DEL01-SC,2024
"598002,0",2024-05-03,sexta-feira,14:35:00,SC,101,"46,0",JOINVILLE,Transitar na contramão,Atropelamento de Pedestre,Com Vítimas Feridas,Pleno dia,Decrescente,Nublado,Múltipla,Reta,Não,2,0,1,0,1,0,1,2,-26.33150083,-48.86187762,SPRF-SC,DEL03-SC,UOP01-DEL03-SC,2024
"598003,0",2024-03-18,segunda-feira,10:05:00,SC,280,"5,4",SAO FRANCISCO DO SUL,Trafegar com motocicleta (ou similar) entre as faixas,Colisão frontal,Com Vítimas Feridas,Pleno dia,Decrescente,Céu Claro,Simples,Reta;Interseção de Vias,Sim,2,0,1,0,1,0,1,2,-26.26274621,-48.62922192,SPRF-SC,DEL03-SC,UOP03-DEL03-SC,2024
"598010,0",2024-05-03,sexta-feira,15:20:00,SC,101,"186,0",BIGUACU,Reação tardia ou ineficiente do condutor,Saída de leito carroçável,Com Vítimas Feridas,Pleno dia,Crescente,Nublado,Dupla,Curva,Não,1,0,1,0,0,0,1,1,-27.4341098,-48.62567129,SPRF-SC,DEL01-SC,UOP01-DEL01-SC,2024
"598012,0",2024-05-03,sexta-feira,15:15:00,SC,101,"214,0",PALHOCA,Manobra de mudança de faixa,Colisão traseira,Com Vítimas Feridas,Pleno dia,Crescente,Nublado,Múltipla,Reta,Sim,3,0,1,0,2,0,1,3,-27.64443,-48.67057,SPRF-SC,DEL01-SC,UOP02-DEL01-SC,2024
"598026,0",2024-05-03,sexta-feira,15:00:00,SC,282,"612,3",MARAVILHA,Chuva,Saída de leito carroçável,Com Vítimas Feridas,Pleno dia,Crescente,Chuva,Simples,Aclive;Curva,Não,2,0,2,0,0,0,2,1,-26.75906,-53.248955,SPRF-SC,DEL07-SC,UOP02-DEL07-SC,2024
"598043,0",2024-05-03,sexta-feira,14:20:00,SC,101,"104,0",BALNEARIO PICARRAS,Avarias e/ou desgaste excessivo no pneu,Queda de ocupante de veículo,Com Vítimas Feridas,Pleno dia,Crescente,Céu Claro,Dupla,Reta,Não,1,0,1,0,0,0,1,1,-26.79281742,-48.68080819,SPRF-SC,DEL03-SC,UOP02-DEL03-SC,2024
"598047,0",2024-05-03,sexta-feira,17:30:00,SC,101,"340,2",TUBARAO,Transitar na contramão,Colisão traseira,Com Vítimas Feridas,Anoitecer,Decrescente,Garoa/Chuvisco,Múltipla,Reta,Sim,4,0,1,0,1,2,1,3,-28.501444,-49.04690399,SPRF-SC,DEL02-SC,UOP01-DEL02-SC,2024
"598068,0",2024-05-03,sexta-feira,18:30:00,SC,101,"132,0",CAMBORIU,Ausência de reação do condutor,Queda de ocupante de veículo,Com Vítimas Feridas,Plena Noite,Decrescente,Garoa/Chuvisco,Simples,Reta,Não,1,0,1,0,0,0,1,1,-26.99654133,-48.65564711,SPRF-SC,DEL04-SC,UOP03-DEL04-SC,2024
"598070,0",2024-05-03,sexta-feira,18:45:00,SC,101,"137,0",BALNEARIO CAMBORIU,Reação tardia ou ineficiente do condutor,Tombamento,Com Vítimas Feridas,Plena Noite,Decrescente,Garoa/Chuvisco,Dupla,Reta,Sim,1,0,1,0,0,0,1,1,-27.0157238,-48.61192763,SPRF-SC,DEL04-SC,UOP03-DEL04-SC,2024
"598101,0",2024-05-03,sexta-feira,20:50:00,SC,101,"382,6",ICARA,Ingestão de álcool pelo condutor,Saída de leito carroçável,Sem Vítimas,Plena Noite,Decrescente,Garoa/Chuvisco,Múltipla,Reta;Interseção de Vias;Aclive,Sim,1,0,0,0,0,1,0,1,-28.770602,-49.307206,SPRF-SC,DEL02-SC,UOP02-DEL02-SC,2024
"598107,0",2024-05-03,sexta-feira,22:50:00,SC,101,"197,0",BIGUACU,Reação tardia ou ineficiente do condutor,Colisão lateral mesmo sentido,Com Vítimas Feridas,Plena Noite,Crescente,Garoa/Chuvisco,Múltipla,Reta,Sim,2,0,1,0,1,0,1,2,-27.51844497,-48.63848496,SPRF-SC,DEL01-SC,UOP01-DEL01-SC,2024
"598131,0",2024-05-04,sábado,01:00:00,SC,101,"213,0",PALHOCA,Ausência de reação do condutor,Colisão com objeto,Com Vítimas Feridas,Plena Noite,Crescente,Garoa/Chuvisco,Múltipla,Reta,Sim,1,0,0,1,0,0,1,1,-27.638478,-48.66625,SPRF-SC,DEL01-SC,UOP02-DEL01-SC,2024
"598134,0",2024-05-04,sábado,01:30:00,SC,101,"340,0",TUBARAO,Velocidade Incompatível,Colisão traseira,Sem Vítimas,Plena Noite,Decrescente,Chuva,Múltipla,Reta,Sim,2,0,0,0,2,0,0,2,-28.501444,-49.04690399,SPRF-SC,DEL02-SC,UOP01-DEL02-SC,2024
"598135,0",2024-05-04,sábado,00:20:00,SC,101,"163,0",TIJUCAS,Ausência de reação do condutor,Colisão com objeto,Sem Vítimas,Plena Noite,Crescente,Garoa/Chuvisco,Dupla,Retorno Regulamentado,Sim,1,0,0,0,1,0,0,1,-27.23461699,-48.63039809,SPRF-SC,DEL04-SC,UOP03-DEL04-SC,2024
"598151,0",2024-05-04,sábado,04:00:00,SC,101,"102,0",BALNEARIO PICARRAS,Condutor Dormindo,Capotamento,Sem Vítimas,Plena Noite,Decrescente,Garoa/Chuvisco,Múltipla,Reta,Não,1,0,0,0,0,1,0,1,-26.77383397,-48.68594062,SPRF-SC,DEL03-SC,UOP02-DEL03-SC,2024
"598162,0",2024-05-04,sábado,04:30:00,SC,101,"97,0",BALNEARIO PICARRAS,Ausência de reação do condutor,Saída de leito carroçável,Sem Vítimas,Plena Noite,Decrescente,Garoa/Chuvisco,Múltipla,Reta,Sim,1,0,0,0,0,1,0,1,-26.72823703,-48.70224928,SPRF-SC,DEL03-SC,UOP02-DEL03-SC,2024
"598170,0",2024-05-04,sábado,07:00:00,SC,280,"69,8",JARAGUA DO SUL,Ausência de reação do condutor,Colisão transversal,Com Vítimas Feridas,Pleno dia,Decrescente,Nublado,Simples,Reta,Sim,2,0,1,0,1,0,1,2,-26.46803296,-49.11833097,SPRF-SC,DEL03-SC,UOP03-DEL03-SC,2024
"598174,0",2024-05-04,sábado,08:10:00,SC,282,"0,5",FLORIANOPOLIS,Velocidade Incompatível,Colisão lateral mesmo sentido,Sem Vítimas,Pleno dia,Crescente,Chuva,Dupla,Curva,Sim,3,0,0,0,3,0,0,3,-27.59845,-48.571995,SPRF-SC,DEL01-SC,UOP01-DEL01-SC,2024
"598228,0",2024-05-04,sábado,13:00:00,SC,101,"95,0",BARRA VELHA,Ausência de reação do condutor,Colisão com objeto,Com Vítimas Feridas,Pleno dia,Crescente,Nublado,Dupla,Reta;Viaduto,Sim,2,0,2,0,0,0,2,1,-26.70876413,-48.70221065,SPRF-SC,DEL03-SC,UOP02-DEL03-SC,2024
"598247,0",2024-05-04,sábado,15:40:00,SC,470,"66,0",INDAIAL,Reação tardia ou ineficiente do condutor,Colisão transversal,Com Vítimas Feridas,Pleno dia,Crescente,Céu Claro,Simples,Reta;Rotatória;Retorno Regulamentado,Sim,3,0,1,1,1,0,2,2,-26.870407,-49.221844,SPRF-SC,DEL04-SC,UOP01-DEL04-SC,2024
"598251,0",2024-05-04,sábado,15:35:00,SC,101,"113,0",ITAJAI,Ausência de reação do condutor,Saída de leito carroçável,Com Vítimas Feridas,Pleno dia,Decrescente,Céu Claro,Múltipla,Reta,Não,1,0,1,0,0,0,1,1,-26.85311393,-48.72689927,SPRF-SC,DEL04-SC,UOP04-DEL04-SC,2024
"598257,0",2024-05-04,sábado,09:00:00,SC,101,"143,0",ITAPEMA,Acessar a via sem observar a presença dos outros veículos,Colisão traseira,Com Vítimas Feridas,Pleno dia,Crescente,Sol,Dupla,Viaduto;Interseção de Vias;Reta;Declive,Sim,2,0,2,0,0,0,2,2,-27.06436,-48.59599405,SPRF-SC,DEL04-SC,UOP03-DEL04-SC,2024
"598269,0",2024-05-04,sábado,15:30:00,SC,101,"446,0",SANTA ROSA DO SUL,Ausência de reação do condutor,Saída de leito carroçável,Com Vítimas Feridas,Pleno dia,Decrescente,Chuva,Múltipla,Curva,Não,1,0,1,0,0,0,1,1,-29.14529081,-49.72240128,SPRF-SC,DEL02-SC,UOP02-DEL02-SC,2024
"598270,0",2024-05-04,sábado,16:00:00,SC,101,"414,0",ARARANGUA,Chuva,Colisão com objeto,Sem Vítimas,Pleno dia,Crescente,Chuva,Dupla,Reta,Não,1,0,0,0,1,0,0,1,-28.95360392,-49.50985011,SPRF-SC,DEL02-SC,UOP02-DEL02-SC,2024
"598289,0",2024-05-04,sábado,19:00:00,SC,101,"206,8",SAO JOSE,Desrespeitar a preferência no cruzamento,Colisão transversal,Com Vítimas Feridas,Plena Noite,Decrescente,Céu Claro,Múltipla,Interseção de Vias,Não,2,0,2,0,0,0,2,2,-27.59193546,-48.61824557,SPRF-SC,DEL01-SC,UOP01-DEL01-SC,2024
"598293,0",2024-05-04,sábado,19:00:00,SC,470,"50,0",BLUMENAU,Velocidade Incompatível,Colisão traseira,Com Vítimas Feridas,Plena Noite,Crescente,Nublado,Dupla,Curva,Não,2,0,1,0,0,1,1,2,-26.85977331,-49.07759527,SPRF-SC,DEL04-SC,UOP01-DEL04-SC,2024
"598299,0",2024-05-04,sábado,17:30:00,SC,470,"316,7",CAMPOS NOVOS,Velocidade Incompatível,Saída de leito carroçável,Com Vítimas Feridas,Anoitecer,Crescente,Chuva,Simples,Reta,Não,2,0,1,0,1,0,1,1,-27.399858,-51.198162,SPRF-SC,DEL07-SC,UOP06-DEL07-SC,2024
"598306,0",2024-05-04,sábado,20:10:00,SC,280,"12,3",SAO FRANCISCO DO SUL,Ausência de reação do condutor,Saída de leito carroçável,Com Vítimas Feridas,Plena Noite,Crescente,Nublado,Simples,Reta,Não,1,0,1,0,0,0,1,1,-26.315316,-48.645498,SPRF-SC,DEL03-SC,UOP03-DEL03-SC,2024
"598312,0",2024-05-04,sábado,20:50:00,SC,470,"2,0",NAVEGANTES,Conversão proibida,Colisão transversal,Com Vítimas Feridas,Plena Noite,Crescente,Céu Claro,Múltipla,Reta,Sim,5,0,3,1,0,1,4,3,-26.868551,-48.674831,SPRF-SC,DEL04-SC,UOP04-DEL04-SC,2024
"598322,0",2024-05-04,sábado,19:10:00,SC,282,"645,8",SAO MIGUEL DO OESTE,Conversão proibida,Colisão lateral mesmo sentido,Com Vítimas Feridas,Plena Noite,Crescente,Nublado,Simples,Reta;Aclive,Não,5,0,3,0,2,0,3,3,-26.76406188,-53.49663734,SPRF-SC,DEL07-SC,UOP03-DEL07-SC,2024
"598332,0",2024-05-04,sábado,22:45:00,SC,101,"209,0",SAO JOSE,Manobra de mudança de faixa,Tombamento,Com Vítimas Feridas,Plena Noite,Decrescente,Céu Claro,Dupla,Reta,Sim,2,0,1,1,0,0,2,1,-27.61000542,-48.63895057,SPRF-SC,DEL01-SC,UOP01-DEL01-SC,2024
"598358,0",2024-05-05,domingo,01:50:00,SC,470,"245,0",CURITIBANOS,Ingestão de álcool pelo condutor,Saída de leito carroçável,Sem Vítimas,Plena Noite,Decrescente,Céu Claro,Simples,Reta,Não,1,0,0,0,1,0,0,1,-27.316158,-50.524006,SPRF-SC,DEL05-SC,UOP03-DEL05-SC,2024
"598370,0",2024-05-05,domingo,03:00:00,SC,101,"426,8",SOMBRIO,Condutor Dormindo,Saída de leito carroçável,Com Vítimas Feridas,Plena Noite,Crescente,Céu Claro,Múltipla,Reta,Sim,2,0,1,0,1,0,1,1,-29.02593927,-49.59976914,SPRF-SC,DEL02-SC,UOP02-DEL02-SC,2024
"598372,0",2024-05-05,domingo,04:40:00,SC,101,"275,6",IMBITUBA,Condutor Dormindo,Colisão com objeto,Sem Vítimas,Plena Noite,Decrescente,Céu Claro,Múltipla,Reta,Não,1,0,0,0,1,0,0,1,-28.138086,-48.69218292,SPRF-SC,DEL02-SC,UOP03-DEL02-SC,2024
"598376,0",2024-05-05,domingo,05:00:00,SC,101,"46,3",JOINVILLE,Ingestão de álcool pelo condutor,Colisão com objeto,Sem Vítimas,Amanhecer,Crescente,Nublado,Múltipla,Reta,Não,1,0,0,0,1,0,0,1,-26.33150083,-48.86187762,SPRF-SC,DEL03-SC,UOP01-DEL03-SC,2024
"598389,0",2024-05-04,sábado,21:00:00,SC,280,"4,0",SAO FRANCISCO DO SUL,Ingestão de álcool pelo condutor,Colisão frontal,Com Vítimas Feridas,Plena Noite,Crescente,Nublado,Simples,Reta,Não,3,0,1,0,2,0,1,2,-26.25329566,-48.61916042,SPRF-SC,DEL03-SC,UOP03-DEL03-SC,2024
"598399,0",2024-05-05,domingo,06:50:00,SC,101,"209,9",SAO JOSE,Condutor Dormindo,Colisão com objeto,Sem Vítimas,Pleno dia,Decrescente,Sol,Múltipla,Reta,Sim,1,0,0,0,0,1,0,1,-27.61000542,-48.63895057,SPRF-SC,DEL01-SC,UOP01-DEL01-SC,2024
"598403,0",2024-04-27,sábado,11:10:00,SC,101,"281,4",IMBITUBA,Objeto estático sobre o leito carroçável,Colisão com objeto,Com Vítimas Feridas,Pleno dia,Crescente,Céu Claro,Múltipla,Reta,Sim,1,0,1,0,0,0,1,1,-28.18793595,-48.69652041,SPRF-SC,DEL02-SC,UOP03-DEL02-SC,2024
"598452,0",2024-05-05,domingo,13:30:00,SC,470,"129,0",LONTRAS,Ingestão de álcool pelo condutor,Saída de leito carroçável,Com Vítimas Feridas,Pleno dia,Crescente,Céu Claro,Simples,Curva,Não,3,0,1,0,2,0,1,1,-27.148499,-49.556137,SPRF-SC,DEL04-SC,UOP02-DEL04-SC,2024
"598457,0",2024-05-05,domingo,14:00:00,SC,101,"54,5",JOINVILLE,Demais falhas mecânicas ou elétricas,Tombamento,Com Vítimas Feridas,Pleno dia,Crescente,Céu Claro,Dupla,Reta,Sim,2,0,2,0,0,0,2,1,-26.41319508,-48.83617332,SPRF-SC,DEL03-SC,UOP01-DEL03-SC,2024
"598466,0",2024-05-05,domingo,14:55:00,SC,470,"154,2",AGRONOMICA,Ultrapassagem Indevida,Colisão lateral mesmo sentido,Com Vítimas Feridas,Pleno dia,Decrescente,Céu Claro,Simples,Reta,Não,2,0,1,0,1,0,1,2,-27.2745807,-49.74668384,SPRF-SC,DEL04-SC,UOP02-DEL04-SC,2024
"598478,0",2024-05-05,domingo,15:50:00,SC,116,"236,0",CORREIA PINTO,Conversão proibida,Colisão transversal,Com Vítimas Feridas,Pleno dia,Decrescente,Céu Claro,Simples,Reta,Não,3,0,2,0,0,1,2,3,-27.72090493,-50.33607643,SPRF-SC,DEL05-SC,UOP01-DEL05-SC,2024
"598492,0",2024-05-05,domingo,16:40:00,SC,480,"130,0",CHAPECO,Ausência de reação do condutor,Colisão lateral mesmo sentido,Com Vítimas Feridas,Pleno dia,Crescente,Céu Claro,Dupla,Interseção de Vias;Reta,Sim,3,0,0,1,0,2,1,2,-27.05534298,-52.63652069,SPRF-SC,DEL07-SC,UOP01-DEL07-SC,2024
"598499,0",2024-05-05,domingo,18:30:00,SC,280,"243,7",CANOINHAS,Acessar a via sem observar a presença dos outros veículos,Atropelamento de Animal,Com Vítimas Feridas,Plena Noite,Crescente,Céu Claro,Simples,Reta,Não,2,0,0,1,1,0,1,2,-26.23350047,-50.47668595,SPRF-SC,DEL06-SC,UOP04-DEL06-SC,2024
"598508,0",2024-05-05,domingo,17:40:00,SC,101,"91,0",BARRA VELHA,Manobra de mudança de faixa,Tombamento,Com Vítimas Feridas,Plena Noite,Crescente,Céu Claro,Dupla,Reta,Sim,3,0,0,2,0,1,2,2,-26.67120698,-48.69011814,SPRF-SC,DEL03-SC,UOP02-DEL03-SC,2024
"598512,0",2024-05-05,domingo,19:30:00,SC,101,"2,0",ARARANGUA,Reação tardia ou ineficiente do condutor,Colisão traseira,Com Vítimas Feridas,Plena Noite,Decrescente,Ignorado,Simples,Reta,Sim,2,0,1,0,1,0,1,2,-28.94026087,-49.49958801,SPRF-SC,DEL03-SC,UOP01-DEL03-SC,2024
"598536,0",2024-05-05,domingo,18:30:00,SC,101,"400,7",MARACAJA,Acessar a via sem observar a presença dos outros veículos,Colisão transversal,Com Vítimas Feridas,Plena Noite,Crescente,Nublado,Múltipla,Reta,Sim,2,0,1,0,1,0,1,2,-28.86813435,-49.4500047,SPRF-SC,DEL02-SC,UOP02-DEL02-SC,2024
"598542,0",2024-05-05,domingo,21:40:00,SC,101,"201,4",SAO JOSE,Reação tardia ou ineficiente do condutor,Queda de ocupante de veículo,Com Vítimas Feridas,Plena Noite,Decrescente,Céu Claro,Múltipla,Reta,Não,2,0,1,1,0,0,2,1,-27.54836599,-48.61977975,SPRF-SC,DEL01-SC,UOP01-DEL01-SC,2024
"598553,0",2024-05-05,domingo,22:55:00,SC,101,"199,0",SAO JOSE,Transitar na contramão,Colisão frontal,Com Vítimas Feridas,Plena Noite,Crescente,Céu Claro,Múltipla,Reta,Sim,2,0,2,0,0,0,2,2,-27.53661556,-48.62719417,SPRF-SC,DEL01-SC,UOP01-DEL01-SC,2024
"598565,0",2024-05-05,domingo,19:45:00,SC,282,"678,4",PARAISO,Ingestão de álcool pelo condutor,Colisão frontal,Com Vítimas Fatais,Plena Noite,Decrescente,Nublado,Simples,Aclive;Curva,Não,2,1,0,1,0,0,1,2,-26.6132355,-53.7172864,SPRF-SC,DEL07-SC,UOP03-DEL07-SC,2024
"598569,0",2024-05-05,domingo,23:40:00,SC,282,"283,5",SAO JOSE DO CERRITO,Transitar na contramão,Colisão frontal,Com Vítimas Fatais,Plena Noite,Crescente,Nevoeiro/Neblina,Simples,Curva,Não,5,1,1,0,3,0,1,2,-27.57744911,-50.79288483,SPRF-SC,DEL05-SC,UOP02-DEL05-SC,2024
"598586,0",2024-05-05,domingo,19:20:00,SC,101,"248,0",PAULO LOPES,Ausência de reação do condutor,Tombamento,Com Vítimas Feridas,Plena Noite,Decrescente,Nublado,Dupla,Reta,Não,1,0,1,0,0,0,1,1,-27.92619305,-48.65828191,SPRF-SC,DEL02-SC,UOP03-DEL02-SC,2024
"598593,0",2024-05-06,segunda-feira,07:30:00,SC,101,"209,9",SAO JOSE,Condutor deixou de manter distância do veículo da frente,Colisão traseira,Com Vítimas Feridas,Pleno dia,Decrescente,Sol,Múltipla,Reta,Não,2,0,1,0,1,0,1,2,-27.61000542,-48.63895057,SPRF-SC,DEL01-SC,UOP01-DEL01-SC,2024