id,data_inversa,dia_semana,horario,uf,br,km,municipio,causa_acidente,tipo_acidente,classificacao_acidente,fase_dia,sentido_via,condicao_metereologica,tipo_pista,tracado_via,uso_solo,pessoas,mortos,feridos_leves,feridos_graves,ilesos,ignorados,feridos,veiculos,latitude,longitude,regional,delegacia,uop,ano_arquivo
"601500,0",2024-05-19,domingo,05:10:00,SC,101,"114,0",ITAJAI,Reação tardia ou ineficiente do condutor,Colisão com objeto,Com Vítimas Feridas,Plena Noite,Crescente,Chuva,Múltipla,Reta,Não,1,0,1,0,0,0,1,1,-26.86192886,-48.7286704,SPRF-SC,DEL04-SC,UOP04-DEL04-SC,2024
"601502,0",2024-05-19,domingo,04:00:00,SC,470,"7,0",NAVEGANTES,Ingestão de álcool pelo condutor,Saída de leito carroçável,Com Vítimas Feridas,Plena Noite,Crescente,Chuva,Dupla,Reta,Não,1,0,1,0,0,0,1,1,-26.84499,-48.71505,SPRF-SC,DEL04-SC,UOP04-DEL04-SC,2024
"601505,0",2024-05-19,domingo,05:15:00,SC,101,"37,0",JOINVILLE,Ingestão de álcool pelo condutor,Colisão com objeto,Sem Vítimas,Plena Noite,Decrescente,Chuva,Múltipla,Reta,Não,1,0,0,0,1,0,0,1,-26.29453078,-48.88424635,SPRF-SC,DEL03-SC,UOP01-DEL03-SC,2024
"601506,0",2024-05-19,domingo,04:20:00,SC,101,"279,9",IMBITUBA,Ingestão de álcool pelo condutor,Saída de leito carroçável,Sem Vítimas,Plena Noite,Decrescente,Chuva,Múltipla,Reta,Sim,1,0,0,0,1,0,0,1,-28.17962805,-48.6956297,SPRF-SC,DEL02-SC,UOP03-DEL02-SC,2024
"601508,0",2024-05-18,sábado,21:30:00,SC,153,"65,0",IRANI,Ausência de reação do condutor,Saída de leito carroçável,Sem Vítimas,Plena Noite,Crescente,Chuva,Simples,Reta,Sim,1,0,0,0,1,0,0,1,-27.0174225,-51.88284874,SPRF-SC,DEL07-SC,UOP04-DEL07-SC,2024
"601521,0",2024-05-19,domingo,06:55:00,SC,101,"89,1",BARRA VELHA,Reação tardia ou ineficiente do condutor,Colisão com objeto,Com Vítimas Feridas,Amanhecer,Decrescente,Garoa/Chuvisco,Simples,Reta,Sim,1,0,1,0,0,0,1,1,-26.66368256,-48.68861675,SPRF-SC,DEL03-SC,UOP02-DEL03-SC,2024
"601541,0",2024-05-19,domingo,08:50:00,SC,470,"48,0",BLUMENAU,Acumulo de óleo sobre o pavimento,Colisão transversal,Com Vítimas Feridas,Pleno dia,Crescente,Nublado,Dupla,Viaduto;Curva;Declive,Sim,4,0,1,0,3,0,1,2,-26.859823,-49.055393,SPRF-SC,DEL04-SC,UOP01-DEL04-SC,2024
"601546,0",2024-05-19,domingo,08:55:00,SC,101,"448,9",SANTA ROSA DO SUL,Velocidade Incompatível,Saída de leito carroçável,Com Vítimas Feridas,Pleno dia,Decrescente,Chuva,Múltipla,Reta,Não,4,0,0,4,0,0,4,1,-29.17041,-49.747415,SPRF-SC,DEL02-SC,UOP02-DEL02-SC,2024
"601611,0",2024-05-19,domingo,15:30:00,SC,282,"24,0",SANTO AMARO DA IMPERATRIZ,Ingestão de álcool pelo condutor,Colisão traseira,Sem Vítimas,Pleno dia,Decrescente,Garoa/Chuvisco,Simples,Reta;Viaduto,Não,2,0,0,0,2,0,0,2,-27.68268,-48.744614,SPRF-SC,DEL01-SC,UOP03-DEL01-SC,2024
"601615,0",2024-05-19,domingo,16:35:00,SC,101,"24,9",JOINVILLE,Demais falhas mecânicas ou elétricas,Colisão traseira,Com Vítimas Feridas,Pleno dia,Decrescente,Garoa/Chuvisco,Dupla,Interseção de Vias;Reta,Não,2,0,1,0,1,0,1,2,-26.1834739,-48.9105912,SPRF-SC,DEL03-SC,UOP01-DEL03-SC,2024
"601645,0",2024-05-19,domingo,18:45:00,SC,101,"191,0",BIGUACU,Reação tardia ou ineficiente do condutor,Capotamento,Com Vítimas Feridas,Plena Noite,Crescente,Chuva,Múltipla,Curva,Sim,1,0,1,0,0,0,1,1,-27.47730273,-48.64127329,SPRF-SC,DEL01-SC,UOP01-DEL01-SC,2024
"601646,0",2024-05-19,domingo,14:00:00,SC,282,"69,7",RANCHO QUEIMADO,Pista Escorregadia,Colisão frontal,Com Vítimas Fatais,Pleno dia,Crescente,Chuva,Simples,Aclive;Curva,Não,4,2,1,0,1,0,1,3,-27.6941128,-49.0894815,SPRF-SC,DEL01-SC,UOP03-DEL01-SC,2024
"601651,0",2024-05-19,domingo,18:30:00,SC,282,"5,5",SAO JOSE,Reação tardia ou ineficiente do condutor,Colisão traseira,Com Vítimas Feridas,Plena Noite,Decrescente,Chuva,Dupla,Curva;Aclive,Sim,3,0,1,0,2,0,1,2,-27.588425,-48.612919,SPRF-SC,DEL01-SC,UOP01-DEL01-SC,2024
"601660,0",2024-05-19,domingo,17:15:00,SC,282,"53,0",AGUAS MORNAS,Pista Escorregadia,Colisão traseira,Com Vítimas Feridas,Anoitecer,Decrescente,Chuva,Simples,Curva,Não,2,0,0,1,1,0,1,2,-27.691511,-48.970215,SPRF-SC,DEL01-SC,UOP03-DEL01-SC,2024
"601669,0",2024-05-19,domingo,19:30:00,SC,282,"600,0",CUNHA PORA,Ingestão de álcool pelo condutor,Queda de ocupante de veículo,Com Vítimas Feridas,Plena Noite,Crescente,Garoa/Chuvisco,Simples,Interseção de Vias,Não,1,0,1,0,0,0,1,1,-26.816374,-53.163918,SPRF-SC,DEL07-SC,UOP02-DEL07-SC,2024
"601679,0",2024-05-19,domingo,17:15:00,SC,470,"167,7",POUSO REDONDO,Ausência de reação do condutor,Saída de leito carroçável,Com Vítimas Fatais,Anoitecer,Crescente,Garoa/Chuvisco,Dupla,Aclive;Reta,Não,1,1,0,0,0,0,0,1,-27.2679014,-49.867594,SPRF-SC,DEL04-SC,UOP02-DEL04-SC,2024
"601683,0",2024-05-19,domingo,21:05:00,SC,280,"30,0",ARAQUARI,Acessar a via sem observar a presença dos outros veículos,Colisão transversal,Com Vítimas Feridas,Plena Noite,Crescente,Garoa/Chuvisco,Simples,Reta,Sim,1,0,1,0,0,0,1,1,-26.4141523,-48.76209493,SPRF-SC,DEL03-SC,UOP03-DEL03-SC,2024
"601695,0",2024-05-19,domingo,20:55:00,SC,101,"4,9",ARARANGUA,Desrespeitar a preferência no cruzamento,Colisão traseira,Com Vítimas Feridas,Plena Noite,Decrescente,Garoa/Chuvisco,Simples,Rotatória,Não,2,0,0,1,0,1,1,2,-28.95828632,-49.51400757,SPRF-SC,DEL02-SC,UOP02-DEL02-SC,2024
"601703,0",2024-05-19,domingo,22:30:00,SC,101,"352,0",JAGUARUNA,Ingestão de álcool pelo condutor,Saída de leito carroçável,Sem Vítimas,Plena Noite,Crescente,Garoa/Chuvisco,Múltipla,Curva,Não,1,0,0,0,1,0,0,1,-28.60489869,-49.05593332,SPRF-SC,DEL02-SC,UOP01-DEL02-SC,2024
"601713,0",2024-05-19,domingo,23:00:00,SC,101,"210,8",SAO JOSE,Reação tardia ou ineficiente do condutor,Colisão traseira,Com Vítimas Feridas,Plena Noite,Crescente,Nublado,Simples,Reta,Sim,4,0,0,1,2,1,1,2,-27.6167305,-48.6457265,SPRF-SC,DEL01-SC,UOP01-DEL01-SC,2024
"601738,0",2024-05-20,segunda-feira,01:45:00,SC,101,"440,0",SANTA ROSA DO SUL,Ingestão de álcool pelo condutor,Colisão traseira,Sem Vítimas,Plena Noite,Crescente,Nublado,Múltipla,Reta;Viaduto,Não,2,0,0,0,2,0,0,2,-29.12712211,-49.67845917,SPRF-SC,DEL02-SC,UOP02-DEL02-SC,2024
"601748,0",2024-05-20,segunda-feira,07:09:00,SC,101,"212,6",PALHOCA,Ultrapassagem Indevida,Colisão lateral mesmo sentido,Com Vítimas Feridas,Pleno dia,Decrescente,Céu Claro,Múltipla,Reta,Sim,2,0,1,0,0,1,1,2,-27.62996929,-48.65903871,SPRF-SC,DEL01-SC,UOP02-DEL01-SC,2024
"601751,0",2024-05-20,segunda-feira,07:40:00,SC,282,"2,9",FLORIANOPOLIS,Reação tardia ou ineficiente do condutor,Colisão traseira,Com Vítimas Feridas,Pleno dia,Crescente,Céu Claro,Múltipla,Reta;Viaduto,Sim,2,0,1,0,1,0,1,2,-27.603289,-48.590416,SPRF-SC,DEL01-SC,UOP01-DEL01-SC,2024
"601754,0",2024-05-20,segunda-feira,07:30:00,SC,470,"48,0",BLUMENAU,Manobra de mudança de faixa,Colisão lateral mesmo sentido,Com Vítimas Feridas,Pleno dia,Crescente,Céu Claro,Dupla,Curva,Sim,3,0,1,0,2,0,1,2,-26.86143729,-49.0697372,SPRF-SC,DEL04-SC,UOP01-DEL04-SC,2024
"601765,0",2024-05-20,segunda-feira,08:00:00,SC,101,"288,5",IMBITUBA,Desrespeitar a preferência no cruzamento,Colisão transversal,Com Vítimas Feridas,Pleno dia,Crescente,Céu Claro,Múltipla,Reta;Interseção de Vias,Sim,3,0,1,0,2,0,1,2,-28.26869,-48.70137,SPRF-SC,DEL02-SC,UOP03-DEL02-SC,2024
"601788,0",2024-04-30,terça-feira,09:30:00,SC,470,"44,1",GASPAR,Condutor usando celular,Capotamento,Com Vítimas Feridas,Pleno dia,Decrescente,Nublado,Dupla,Reta,Não,1,0,1,0,0,0,1,1,-26.870665,-49.021896,SPRF-SC,DEL04-SC,UOP01-DEL04-SC,2024
"601808,0",2024-05-20,segunda-feira,11:01:00,SC,280,"114,1",SAO BENTO DO SUL,Ausência de reação do condutor,Saída de leito carroçável,Com Vítimas Feridas,Pleno dia,Decrescente,Céu Claro,Simples,Curva,Não,1,0,1,0,0,0,1,1,-26.29151133,-49.40301807,SPRF-SC,DEL06-SC,UOP03-DEL06-SC,2024
"601816,0",2024-04-24,quarta-feira,22:15:00,SC,282,"512,0",XANXERE,Reação tardia ou ineficiente do condutor,Saída de leito carroçável,Com Vítimas Feridas,Plena Noite,Decrescente,Céu Claro,Simples,Reta,Não,1,0,1,0,0,0,1,1,-26.916537,-52.49108791,SPRF-SC,DEL07-SC,UOP01-DEL07-SC,2024
"601829,0",2024-02-06,terça-feira,08:30:00,SC,470,"66,9",INDAIAL,Acessar a via sem observar a presença dos outros veículos,Colisão transversal,Com Vítimas Feridas,Pleno dia,Decrescente,Céu Claro,Simples,Em Obras;Reta,Sim,2,0,1,0,1,0,1,2,-26.870407,-49.221844,SPRF-SC,DEL04-SC,UOP01-DEL04-SC,2024
"601853,0",2024-05-20,segunda-feira,15:40:00,SC,282,"520,9",XAXIM,Reação tardia ou ineficiente do condutor,Colisão lateral mesmo sentido,Sem Vítimas,Pleno dia,Decrescente,Céu Claro,Simples,Reta,Sim,2,0,0,0,1,1,0,2,-26.950415,-52.526096,SPRF-SC,DEL07-SC,UOP01-DEL07-SC,2024
"601854,0",2024-05-20,segunda-feira,17:20:00,SC,282,"6,0",SAO JOSE,Reação tardia ou ineficiente do condutor,Colisão lateral mesmo sentido,Com Vítimas Feridas,Plena Noite,Crescente,Céu Claro,Dupla,Curva,Sim,2,0,1,1,0,0,2,2,-27.58519761,-48.61769915,SPRF-SC,DEL01-SC,UOP01-DEL01-SC,2024
"601864,0",2024-05-20,segunda-feira,15:30:00,SC,101,"275,0",IMBITUBA,Acumulo de areia ou detritos sobre o pavimento,Tombamento,Com Vítimas Feridas,Pleno dia,Crescente,Céu Claro,Dupla,Reta,Sim,2,0,2,0,0,0,2,1,-28.138086,-48.69218292,SPRF-SC,DEL02-SC,UOP03-DEL02-SC,2024
"601870,0",2024-05-20,segunda-feira,17:25:00,SC,101,"100,9",BALNEARIO PICARRAS,Reação tardia ou ineficiente do condutor,Capotamento,Com Vítimas Feridas,Anoitecer,Crescente,Céu Claro,Simples,Viaduto,Não,2,0,1,1,0,0,2,1,-26.75482787,-48.68993675,SPRF-SC,DEL03-SC,UOP02-DEL03-SC,2024
"601872,0",2024-05-20,segunda-feira,18:10:00,SC,101,"335,4",TUBARAO,Ausência de reação do condutor,Engavetamento,Com Vítimas Feridas,Plena Noite,Decrescente,Céu Claro,Dupla,Reta,Não,4,0,2,0,1,1,2,3,-28.4778471,-49.03144598,SPRF-SC,DEL02-SC,UOP01-DEL02-SC,2024
"601884,0",2024-05-18,sábado,23:50:00,SC,470,"61,4",BLUMENAU,Reação tardia ou ineficiente do condutor,Saída de leito carroçável,Sem Vítimas,Plena Noite,Decrescente,Chuva,Simples,Reta,Não,1,0,0,0,0,1,0,1,-26.87725067,-49.17807162,SPRF-SC,DEL04-SC,UOP01-DEL04-SC,2024
"601901,0",2024-02-09,sexta-feira,20:50:00,SC,101,"424,9",ARARANGUA,Desrespeitar a preferência no cruzamento,Colisão transversal,Com Vítimas Feridas,Plena Noite,Crescente,Nublado,Múltipla,Reta,Sim,2,0,0,1,1,0,1,2,-29.01601155,-49.58269226,SPRF-SC,DEL02-SC,UOP02-DEL02-SC,2024
"601903,0",2024-05-20,segunda-feira,19:00:00,SC,101,"410,5",ARARANGUA,Ausência de reação do condutor,Saída de leito carroçável,Com Vítimas Feridas,Plena Noite,Crescente,Nublado,Simples,Aclive;Curva,Não,1,0,0,1,0,0,1,1,-28.92989482,-49.51436162,SPRF-SC,DEL02-SC,UOP02-DEL02-SC,2024
"601914,0",2024-05-12,domingo,20:10:00,SC,101,"207,0",SAO JOSE,Condutor deixou de manter distância do veículo da frente,Engavetamento,Com Vítimas Feridas,Plena Noite,Crescente,Céu Claro,Múltipla,Reta;Interseção de Vias,Sim,4,0,1,0,3,0,1,3,-27.60001226,-48.6226467,SPRF-SC,DEL01-SC,UOP01-DEL01-SC,2024
"601917,0",2024-05-20,segunda-feira,21:30:00,SC,101,"151,0",ITAPEMA,Mal súbito do condutor,Colisão com objeto,Com Vítimas Feridas,Plena Noite,Decrescente,Céu Claro,Dupla,Reta,Sim,1,0,1,0,0,0,1,1,-27.126536,-48.609642,SPRF-SC,DEL04-SC,UOP03-DEL04-SC,2024
"601923,0",2024-05-20,segunda-feira,21:50:00,SC,101,"327,3",CAPIVARI DE BAIXO,Mal súbito do condutor,Saída de leito carroçável,Sem Vítimas,Plena Noite,Crescente,Nublado,Múltipla,Viaduto;Aclive;Interseção de Vias,Sim,1,0,0,0,1,0,0,1,-28.43023306,-48.95205197,SPRF-SC,DEL02-SC,UOP01-DEL02-SC,2024
"601947,0",2024-05-21,terça-feira,07:10:00,SC,101,"198,6",BIGUACU,Avarias e/ou desgaste excessivo no pneu,Queda de ocupante de veículo,Com Vítimas Feridas,Pleno dia,Decrescente,Céu Claro,Simples,Reta,Não,1,0,1,0,0,0,1,1,-27.52658712,-48.63506019,SPRF-SC,DEL01-SC,UOP01-DEL01-SC,2024
"601953,0",2024-05-21,terça-feira,06:50:00,SC,280,"43,0",GUARAMIRIM,Falta de elemento de contenção que evite a saída do leito carroçável,Colisão com objeto,Com Vítimas Feridas,Pleno dia,Crescente,Céu Claro,Simples,Em Obras;Reta,Não,1,0,1,0,0,0,1,1,-26.45118786,-48.87789901,SPRF-SC,DEL03-SC,UOP03-DEL03-SC,2024
"601971,0",2024-05-21,terça-feira,07:45:00,SC,101,"42,0",JOINVILLE,Velocidade Incompatível,Capotamento,Com Vítimas Feridas,Pleno dia,Crescente,Nublado,Dupla,Reta,Sim,1,0,1,0,0,0,1,1,-26.29251598,-48.88474385,SPRF-SC,DEL03-SC,UOP01-DEL03-SC,2024
"601991,0",2024-05-21,terça-feira,10:45:00,SC,470,"57,3",BLUMENAU,Acessar a via sem observar a presença dos outros veículos,Colisão transversal,Com Vítimas Feridas,Pleno dia,Crescente,Nublado,Simples,Em Obras;Rotatória;Viaduto;Curva,Sim,3,0,0,1,2,0,1,2,-26.88242112,-49.14164186,SPRF-SC,DEL04-SC,UOP01-DEL04-SC,2024
"602010,0",2024-05-21,terça-feira,10:00:00,SC,282,"255,0",SAO JOSE DO CERRITO,Manobra de mudança de faixa,Colisão lateral mesmo sentido,Com Vítimas Feridas,Pleno dia,Crescente,Céu Claro,Dupla,Reta;Rotatória,Não,2,0,1,0,1,0,1,2,-27.6740935,-50.5738771,SPRF-SC,DEL05-SC,UOP02-DEL05-SC,2024
"602020,0",2024-04-23,terça-feira,12:45:00,SC,101,"205,5",SAO JOSE,Condutor deixou de manter distância do veículo da frente,Tombamento,Com Vítimas Feridas,Pleno dia,Crescente,Ignorado,Dupla,Curva,Não,1,0,1,0,0,0,1,1,-27.58313237,-48.61532885,SPRF-SC,DEL01-SC,UOP01-DEL01-SC,2024
"602041,0",2024-05-21,terça-feira,15:40:00,SC,282,"4,5",SAO JOSE,Frear bruscamente,Colisão traseira,Com Vítimas Feridas,Pleno dia,Decrescente,Céu Claro,Múltipla,Reta,Não,2,0,1,0,1,0,1,2,-27.592646,-48.604034,SPRF-SC,DEL01-SC,UOP01-DEL01-SC,2024
"602058,0",2024-05-21,terça-feira,16:30:00,SC,470,"21,2",ILHOTA,Ausência de reação do condutor,Tombamento,Com Vítimas Feridas,Pleno dia,Crescente,Nublado,Dupla,Curva,Não,1,0,1,0,0,0,1,1,-26.876698,-48.827362,SPRF-SC,DEL04-SC,UOP04-DEL04-SC,2024
"602069,0",2024-05-21,terça-feira,16:50:00,SC,101,"119,2",ITAJAI,Ausência de reação do condutor,Colisão lateral mesmo sentido,Com Vítimas Feridas,Pleno dia,Decrescente,Nublado,Dupla,Reta,Não,3,0,1,0,2,0,1,3,-26.9043179,-48.71555481,SPRF-SC,DEL04-SC,UOP04-DEL04-SC,2024
"602074,0",2024-05-21,terça-feira,18:25:00,SC,282,"518,8",XAXIM,Avarias e/ou desgaste excessivo no pneu,Queda de ocupante de veículo,Com Vítimas Feridas,Plena Noite,Decrescente,Céu Claro,Simples,Reta,Não,2,0,2,0,0,0,2,1,-26.944099,-52.508427,SPRF-SC,DEL07-SC,UOP01-DEL07-SC,2024
"602080,0",2024-05-21,terça-feira,17:30:00,SC,116,"140,9",SANTA CECILIA,Acesso irregular,Colisão transversal,Com Vítimas Feridas,Anoitecer,Crescente,Céu Claro,Simples,Reta,Não,2,0,1,0,1,0,1,2,-26.96625517,-50.40928315,SPRF-SC,DEL06-SC,UOP02-DEL06-SC,2024
"602096,0",2024-05-21,terça-feira,19:50:00,SC,101,"188,4",BIGUACU,Condutor deixou de manter distância do veículo da frente,Colisão traseira,Com Vítimas Feridas,Plena Noite,Crescente,Nublado,Dupla,Reta,Não,3,0,1,0,2,0,1,2,-27.45123421,-48.63370766,SPRF-SC,DEL01-SC,UOP01-DEL01-SC,2024
"602115,0",2024-05-21,terça-feira,20:50:00,SC,101,"250,9",PAULO LOPES,Condutor usando celular,Saída de leito carroçável,Com Vítimas Feridas,Plena Noite,Decrescente,Céu Claro,Dupla,Reta,Não,1,0,0,1,0,0,1,1,-27.94186028,-48.66644267,SPRF-SC,DEL02-SC,UOP03-DEL02-SC,2024
"602126,0",2024-05-21,terça-feira,16:00:00,SC,101,"292,0",IMBITUBA,Demais falhas mecânicas ou elétricas,Colisão com objeto,Com Vítimas Feridas,Pleno dia,Crescente,Chuva,Dupla,Reta;Aclive,Sim,2,0,2,0,0,0,2,1,-28.278057,-48.700386,SPRF-SC,DEL02-SC,UOP03-DEL02-SC,2024
"602138,0",2024-05-22,quarta-feira,02:00:00,SC,101,"134,0",BALNEARIO CAMBORIU,Ausência de reação do condutor,Colisão com objeto,Sem Vítimas,Plena Noite,Crescente,Garoa/Chuvisco,Simples,Reta;Interseção de Vias,Sim,1,0,0,0,0,1,0,1,-27.00218,-48.636433,SPRF-SC,DEL04-SC,UOP03-DEL04-SC,2024
"602154,0",2024-05-22,quarta-feira,07:00:00,SC,101,"195,0",BIGUACU,Condutor deixou de manter distância do veículo da frente,Colisão lateral mesmo sentido,Com Vítimas Feridas,Pleno dia,Crescente,Céu Claro,Dupla,Reta,Não,2,0,1,0,1,0,1,2,-27.5047092,-48.65010819,SPRF-SC,DEL01-SC,UOP01-DEL01-SC,2024
"602167,0",2024-05-22,quarta-feira,05:20:00,SC,116,"48,9",PAPANDUVA,Animais na Pista,Atropelamento de Animal,Com Vítimas Feridas,Plena Noite,Decrescente,Nevoeiro/Neblina,Simples,Reta,Não,3,0,1,0,2,0,1,1,-26.36355729,-50.11956966,SPRF-SC,DEL06-SC,UOP01-DEL06-SC,2024
"602170,0",2024-05-22,quarta-feira,08:05:00,SC,101,"139,0",BALNEARIO CAMBORIU,Ausência de reação do condutor,Tombamento,Com Vítimas Feridas,Pleno dia,Crescente,Garoa/Chuvisco,Dupla,Curva,Não,1,0,1,0,0,0,1,1,-27.02982303,-48.60115006,SPRF-SC,DEL04-SC,UOP03-DEL04-SC,2024
"602223,0",2024-05-22,quarta-feira,07:30:00,SC,470,"228,8",SAO CRISTOVAO DO SUL,Demais falhas mecânicas ou elétricas,Saída de leito carroçável,Com Vítimas Fatais,Pleno dia,Decrescente,Nublado,Simples,Reta,Não,6,1,2,3,0,0,5,1,-27.3148276,-50.3855039,SPRF-SC,DEL05-SC,UOP03-DEL05-SC,2024
"602228,0",2024-03-19,terça-feira,15:20:00,SC,470,"69,0",INDAIAL,Ausência de reação do condutor,Colisão traseira,Com Vítimas Feridas,Pleno dia,Crescente,Ignorado,Dupla,Reta,Sim,2,0,1,0,1,0,1,2,-26.88645651,-49.25093114,SPRF-SC,DEL04-SC,UOP01-DEL04-SC,2024
"602230,0",2024-05-22,quarta-feira,14:20:00,SC,101,"214,2",PALHOCA,Manobra de mudança de faixa,Colisão lateral mesmo sentido,Com Vítimas Feridas,Pleno dia,Crescente,Céu Claro,Dupla,Reta,Sim,4,0,1,0,2,1,1,3,-27.64443,-48.67057,SPRF-SC,DEL01-SC,UOP02-DEL01-SC,2024
"602242,0",2024-02-14,quarta-feira,21:25:00,SC,101,"208,5",SAO JOSE,Ingestão de álcool pelo condutor,Colisão traseira,Sem Vítimas,Plena Noite,Decrescente,Nublado,Múltipla,Reta,Não,2,0,0,0,2,0,0,2,-27.60327979,-48.63201818,SPRF-SC,DEL01-SC,UOP01-DEL01-SC,2024
"602253,0",2024-05-22,quarta-feira,14:30:00,SC,101,"102,0",BALNEARIO PICARRAS,Ausência de reação do condutor,Colisão traseira,Com Vítimas Feridas,Pleno dia,Crescente,Sol,Dupla,Reta,Não,2,0,1,0,1,0,1,2,-26.77383397,-48.68594062,SPRF-SC,DEL03-SC,UOP02-DEL03-SC,2024
"602269,0",2024-05-22,quarta-feira,18:15:00,SC,470,"62,0",INDAIAL,Reação tardia ou ineficiente do condutor,Colisão traseira,Com Vítimas Feridas,Plena Noite,Crescente,Céu Claro,Simples,Reta,Sim,3,0,2,0,0,1,2,2,-26.87441815,-49.18566227,SPRF-SC,DEL04-SC,UOP01-DEL04-SC,2024
"602270,0",2024-05-22,quarta-feira,16:20:00,SC,101,"149,0",ITAPEMA,Manobra de mudança de faixa,Colisão traseira,Com Vítimas Feridas,Pleno dia,Crescente,Nublado,Múltipla,Reta,Sim,2,0,1,0,1,0,1,2,-27.1089649,-48.61277586,SPRF-SC,DEL04-SC,UOP03-DEL04-SC,2024
"602284,0",2024-05-22,quarta-feira,18:30:00,SC,101,"39,6",JOINVILLE,Trafegar com motocicleta (ou similar) entre as faixas,Colisão traseira,Sem Vítimas,Anoitecer,Crescente,Nublado,Dupla,Reta,Não,2,0,0,0,2,0,0,2,-26.307988,-48.879385,SPRF-SC,DEL03-SC,UOP01-DEL03-SC,2024
"602287,0",2024-05-22,quarta-feira,14:00:00,SC,280,"207,6",MAFRA,Ausência de reação do condutor,Saída de leito carroçável,Com Vítimas Fatais,Pleno dia,Crescente,Céu Claro,Simples,Curva,Não,1,1,0,0,0,0,0,1,-26.16483,-50.1416,SPRF-SC,DEL06-SC,UOP01-DEL06-SC,2024
"602290,0",2024-05-22,quarta-feira,19:45:00,SC,470,"140,0",RIO DO SUL,Desrespeitar a preferência no cruzamento,Colisão transversal,Com Vítimas Feridas,Plena Noite,Decrescente,Céu Claro,Simples,Retorno Regulamentado,Sim,2,0,0,1,1,0,1,2,-27.222485,-49.662827,SPRF-SC,DEL04-SC,UOP02-DEL04-SC,2024
"602311,0",2024-05-22,quarta-feira,20:05:00,SC,101,"113,1",ITAJAI,Velocidade Incompatível,Colisão lateral mesmo sentido,Com Vítimas Fatais,Plena Noite,Crescente,Nublado,Múltipla,Reta;Retorno Regulamentado,Sim,4,1,0,0,3,0,0,2,-26.854183,-48.727047,SPRF-SC,DEL04-SC,UOP04-DEL04-SC,2024
"602344,0",2024-05-23,quinta-feira,07:15:00,SC,101,"214,6",PALHOCA,Condutor deixou de manter distância do veículo da frente,Colisão traseira,Com Vítimas Feridas,Amanhecer,Decrescente,Céu Claro,Dupla,Reta,Sim,4,0,1,0,2,1,1,4,-27.64778069,-48.67260933,SPRF-SC,DEL01-SC,UOP02-DEL01-SC,2024
"602370,0",2024-05-23,quinta-feira,08:55:00,SC,101,"56,9",ARAQUARI,Velocidade Incompatível,Colisão com objeto,Com Vítimas Feridas,Pleno dia,Crescente,Céu Claro,Dupla,Reta,Sim,1,0,1,0,0,0,1,1,-26.43207484,-48.82263984,SPRF-SC,DEL03-SC,UOP01-DEL03-SC,2024
"602398,0",2024-05-23,quinta-feira,12:25:00,SC,101,"44,0",JOINVILLE,Ausência de reação do condutor,Queda de ocupante de veículo,Com Vítimas Feridas,Pleno dia,Crescente,Céu Claro,Simples,Declive,Sim,1,0,1,0,0,0,1,1,-26.31238996,-48.87458997,SPRF-SC,DEL03-SC,UOP01-DEL03-SC,2024
"602415,0",2024-05-23,quinta-feira,14:00:00,SC,280,"27,0",ARAQUARI,Condutor deixou de manter distância do veículo da frente,Colisão traseira,Com Vítimas Feridas,Pleno dia,Crescente,Sol,Simples,Reta,Sim,2,0,1,0,1,0,1,2,-26.39685622,-48.74021969,SPRF-SC,DEL03-SC,UOP03-DEL03-SC,2024
"602440,0",2024-05-23,quinta-feira,15:00:00,SC,101,"206,9",SAO JOSE,Reação tardia ou ineficiente do condutor,Colisão traseira,Com Vítimas Feridas,Pleno dia,Crescente,Céu Claro,Múltipla,Reta,Sim,2,0,1,0,1,0,1,2,-27.59193546,-48.61824557,SPRF-SC,DEL01-SC,UOP01-DEL01-SC,2024
"602443,0",2024-05-23,quinta-feira,17:00:00,SC,280,"25,0",ARAQUARI,Ausência de reação do condutor,Atropelamento de Pedestre,Com Vítimas Feridas,Anoitecer,Decrescente,Céu Claro,Simples,Reta,Sim,2,0,2,0,0,0,2,2,-26.38352781,-48.72677516,SPRF-SC,DEL03-SC,UOP03-DEL03-SC,2024
"602446,0",2024-05-23,quinta-feira,14:55:00,SC,282,"5,3",SAO JOSE,Ausência de reação do condutor,Colisão traseira,Com Vítimas Feridas,Pleno dia,Crescente,Céu Claro,Simples,Reta,Não,2,0,1,0,1,0,1,2,-27.588425,-48.612919,SPRF-SC,DEL01-SC,UOP01-DEL01-SC,2024
"602454,0",2024-05-23,quinta-feira,18:00:00,SC,101,"212,5",PALHOCA,Ausência de reação do condutor,Tombamento,Com Vítimas Feridas,Plena Noite,Crescente,Céu Claro,Múltipla,Reta,Sim,1,0,0,1,0,0,1,1,-27.62996929,-48.65903871,SPRF-SC,DEL01-SC,UOP02-DEL01-SC,2024
"602456,0",2024-05-23,quinta-feira,17:25:00,SC,116,"245,5",LAGES,Acessar a via sem observar a presença dos outros veículos,Colisão transversal,Com Vítimas Feridas,Anoitecer,Crescente,Chuva,Simples,Rotatória,Sim,5,0,1,0,4,0,1,2,-27.80009605,-50.36363482,SPRF-SC,DEL05-SC,UOP02-DEL05-SC,2024
"602460,0",2024-05-23,quinta-feira,17:30:00,SC,470,"136,0",RIO DO SUL,Ultrapassagem Indevida,Colisão transversal,Com Vítimas Feridas,Anoitecer,Crescente,Sol,Simples,Curva,Sim,2,0,1,0,1,0,1,2,-27.194323,-49.624554,SPRF-SC,DEL04-SC,UOP02-DEL04-SC,2024