id,data_inversa,dia_semana,horario,uf,br,km,municipio,causa_acidente,tipo_acidente,classificacao_acidente,fase_dia,sentido_via,condicao_metereologica,tipo_pista,tracado_via,uso_solo,pessoas,mortos,feridos_leves,feridos_graves,ilesos,ignorados,feridos,veiculos,latitude,longitude,regional,delegacia,uop,ano_arquivo
"602463,0",2024-05-23,quinta-feira,18:10:00,SC,101,"120,8",ITAJAI,Trafegar com motocicleta (ou similar) entre as faixas,Colisão lateral mesmo sentido,Com Vítimas Feridas,Plena Noite,Crescente,Nublado,Múltipla,Reta,Sim,4,0,2,0,2,0,2,3,-26.912758,-48.711998,SPRF-SC,DEL04-SC,UOP04-DEL04-SC,2024
"602500,0",2024-04-19,sexta-feira,16:05:00,SC,470,"54,0",BLUMENAU,Trafegar com motocicleta (ou similar) entre as faixas,Colisão transversal,Com Vítimas Feridas,Pleno dia,Decrescente,Céu Claro,Simples,Interseção de Vias;Declive;Reta,Sim,3,0,0,1,2,0,1,3,-26.871588,-49.11197662,SPRF-SC,DEL04-SC,UOP01-DEL04-SC,2024
"602529,0",2024-05-24,sexta-feira,02:10:00,SC,280,"163,6",MAFRA,Ausência de reação do condutor,Saída de leito carroçável,Com Vítimas Feridas,Plena Noite,Crescente,Chuva,Simples,Reta,Não,1,0,1,0,0,0,1,1,-26.19739326,-49.79756122,SPRF-SC,DEL06-SC,UOP01-DEL06-SC,2024
"602533,0",2024-05-24,sexta-feira,03:50:00,SC,101,"199,0",SAO JOSE,Reação tardia ou ineficiente do condutor,Saída de leito carroçável,Sem Vítimas,Plena Noite,Decrescente,Chuva,Múltipla,Reta,Sim,1,0,0,0,1,0,0,1,-27.53413705,-48.63003205,SPRF-SC,DEL01-SC,UOP01-DEL01-SC,2024
"602534,0",2024-05-24,sexta-feira,04:20:00,SC,101,"83,4",BARRA VELHA,Condutor deixou de manter distância do veículo da frente,Colisão traseira,Com Vítimas Feridas,Plena Noite,Crescente,Garoa/Chuvisco,Múltipla,Reta,Não,2,0,0,1,1,0,1,2,-26.61865655,-48.71834126,SPRF-SC,DEL03-SC,UOP02-DEL03-SC,2024
"602549,0",2024-05-14,terça-feira,08:45:00,SC,282,"4,6",FLORIANOPOLIS,Manobra de mudança de faixa,Colisão lateral mesmo sentido,Com Vítimas Feridas,Pleno dia,Decrescente,Chuva,Múltipla,Aclive,Sim,3,0,0,1,2,0,1,3,-27.592646,-48.604034,SPRF-SC,DEL01-SC,UOP01-DEL01-SC,2024
"602585,0",2024-05-08,quarta-feira,13:00:00,SC,101,"195,9",BIGUACU,Acessar a via sem observar a presença dos outros veículos,Colisão traseira,Com Vítimas Feridas,Pleno dia,Decrescente,Céu Claro,Dupla,Reta,Sim,2,0,1,0,1,0,1,2,-27.5047092,-48.65010819,SPRF-SC,DEL01-SC,UOP01-DEL01-SC,2024
"602591,0",2024-05-24,sexta-feira,06:30:00,SC,101,"107,0",PENHA,Manobra de mudança de faixa,Colisão traseira,Com Vítimas Feridas,Amanhecer,Crescente,Chuva,Dupla,Aclive;Reta,Não,3,0,1,0,2,0,1,3,-26.81930608,-48.68390282,SPRF-SC,DEL03-SC,UOP02-DEL03-SC,2024
"602603,0",2024-05-24,sexta-feira,12:20:00,SC,470,"32,0",GASPAR,Ausência de reação do condutor,Tombamento,Com Vítimas Feridas,Pleno dia,Crescente,Nevoeiro/Neblina,Simples,Viaduto,Sim,1,0,1,0,0,0,1,1,-26.901793,-48.931812,SPRF-SC,DEL04-SC,UOP01-DEL04-SC,2024
"602619,0",2024-05-24,sexta-feira,10:40:00,SC,282,"103,0",ALFREDO WAGNER,Velocidade Incompatível,Saída de leito carroçável,Com Vítimas Feridas,Pleno dia,Crescente,Nublado,Simples,Reta,Não,2,0,1,0,1,0,1,1,-27.694868,-49.324345,SPRF-SC,DEL01-SC,UOP03-DEL01-SC,2024
"602623,0",2024-05-24,sexta-feira,14:00:00,SC,101,"221,5",PALHOCA,Ausência de reação do condutor,Colisão lateral mesmo sentido,Sem Vítimas,Pleno dia,Decrescente,Nublado,Múltipla,Reta,Não,3,0,0,0,3,0,0,2,-27.70012652,-48.66021182,SPRF-SC,DEL01-SC,UOP02-DEL01-SC,2024
"602632,0",2024-04-18,quinta-feira,17:00:00,SC,470,"68,1",INDAIAL,Acessar a via sem observar a presença dos outros veículos,Colisão transversal,Com Vítimas Feridas,Pleno dia,Decrescente,Céu Claro,Simples,Reta,Sim,2,0,1,0,1,0,1,2,-26.877615,-49.239231,SPRF-SC,DEL04-SC,UOP01-DEL04-SC,2024
"602634,0",2024-04-26,sexta-feira,21:00:00,SC,282,"579,3",PINHALZINHO,Ausência de reação do condutor,Atropelamento de Pedestre,Com Vítimas Feridas,Plena Noite,Crescente,Céu Claro,Simples,Reta,Sim,2,0,0,1,0,1,1,2,-26.835443,-52.990578,SPRF-SC,DEL07-SC,UOP02-DEL07-SC,2024
"602672,0",2024-04-26,sexta-feira,22:30:00,SC,470,"45,5",GASPAR,Acessar a via sem observar a presença dos outros veículos,Colisão transversal,Com Vítimas Feridas,Plena Noite,Crescente,Nevoeiro/Neblina,Simples,Interseção de Vias;Reta;Em Obras,Sim,5,0,4,0,1,0,4,2,-26.859768,-49.074493,SPRF-SC,DEL04-SC,UOP01-DEL04-SC,2024
"602682,0",2024-05-24,sexta-feira,17:00:00,SC,101,"315,7",LAGUNA,Ingestão de substâncias psicoativas pelo condutor,Colisão traseira,Sem Vítimas,Pleno dia,Crescente,Nublado,Múltipla,Reta;Aclive,Sim,2,0,0,0,2,0,0,2,-28.42642422,-48.85242831,SPRF-SC,DEL02-SC,UOP01-DEL02-SC,2024
"602697,0",2024-05-24,sexta-feira,16:30:00,SC,282,"64,0",RANCHO QUEIMADO,Transitar na contramão,Capotamento,Com Vítimas Feridas,Pleno dia,Decrescente,Céu Claro,Simples,Reta;Declive,Sim,5,0,4,0,0,1,4,3,-27.696323,-49.052456,SPRF-SC,DEL01-SC,UOP03-DEL01-SC,2024
"602705,0",2024-05-24,sexta-feira,18:20:00,SC,101,"122,0",ITAJAI,Ausência de reação do condutor,Colisão lateral mesmo sentido,Com Vítimas Feridas,Plena Noite,Crescente,Nublado,Múltipla,Reta,Não,3,0,0,2,1,0,2,3,-26.92955916,-48.70499836,SPRF-SC,DEL04-SC,UOP04-DEL04-SC,2024
"602707,0",2024-05-24,sexta-feira,18:20:00,SC,101,"39,3",JOINVILLE,Trafegar com motocicleta (ou similar) entre as faixas,Colisão lateral mesmo sentido,Com Vítimas Feridas,Plena Noite,Crescente,Nublado,Dupla,Reta,Sim,2,0,1,0,1,0,1,2,-26.2628107,-48.90192257,SPRF-SC,DEL03-SC,UOP01-DEL03-SC,2024
"602719,0",2024-05-24,sexta-feira,19:00:00,SC,101,"119,0",ITAJAI,Reação tardia ou ineficiente do condutor,Colisão lateral mesmo sentido,Com Vítimas Feridas,Plena Noite,Decrescente,Céu Claro,Dupla,Reta,Sim,2,0,1,0,1,0,1,2,-26.9043179,-48.71555481,SPRF-SC,DEL04-SC,UOP04-DEL04-SC,2024
"602722,0",2024-05-24,sexta-feira,18:50:00,SC,101,"278,6",IMBITUBA,Desrespeitar a preferência no cruzamento,Colisão transversal,Com Vítimas Feridas,Plena Noite,Decrescente,Chuva,Múltipla,Interseção de Vias,Não,2,0,0,1,1,0,1,2,-28.16300604,-48.6939345,SPRF-SC,DEL02-SC,UOP03-DEL02-SC,2024
"602743,0",2024-05-24,sexta-feira,19:20:00,SC,101,"39,0",JOINVILLE,Manobra de mudança de faixa,Colisão lateral mesmo sentido,Com Vítimas Feridas,Plena Noite,Decrescente,Nublado,Dupla,Reta;Interseção de Vias,Sim,2,0,1,0,1,0,1,2,-26.2628107,-48.90192257,SPRF-SC,DEL03-SC,UOP01-DEL03-SC,2024
"602760,0",2024-05-24,sexta-feira,21:40:00,SC,280,"127,1",RIO NEGRINHO,Trafegar com motocicleta (ou similar) entre as faixas,Colisão lateral mesmo sentido,Com Vítimas Feridas,Plena Noite,Decrescente,Nublado,Simples,Reta,Sim,2,0,0,1,1,0,1,2,-26.23975854,-49.50572491,SPRF-SC,DEL06-SC,UOP03-DEL06-SC,2024
"602766,0",2024-05-24,sexta-feira,20:15:00,SC,101,"330,2",TUBARAO,Transitar na contramão,Colisão frontal,Com Vítimas Feridas,Plena Noite,Decrescente,Nublado,Dupla,Reta,Não,2,0,1,0,1,0,1,2,-28.45744277,-48.98452878,SPRF-SC,DEL02-SC,UOP01-DEL02-SC,2024
"602776,0",2024-05-24,sexta-feira,23:00:00,SC,153,"76,0",IRANI,Ausência de reação do condutor,Saída de leito carroçável,Sem Vítimas,Plena Noite,Crescente,Garoa/Chuvisco,Simples,Curva,Não,1,0,0,0,1,0,0,1,-27.091108,-51.906189,SPRF-SC,DEL07-SC,UOP04-DEL07-SC,2024
"602780,0",2024-05-24,sexta-feira,23:00:00,SC,101,"315,9",PESCARIA BRAVA,Ingestão de álcool pelo condutor,Colisão com objeto,Sem Vítimas,Plena Noite,Crescente,Nublado,Dupla,Curva,Não,1,0,0,0,1,0,0,1,-28.42511551,-48.85726869,SPRF-SC,DEL02-SC,UOP01-DEL02-SC,2024
"602781,0",2024-05-24,sexta-feira,20:45:00,SC,282,"48,0",AGUAS MORNAS,Ultrapassagem Indevida,Colisão frontal,Sem Vítimas,Plena Noite,Crescente,Nublado,Simples,Declive;Curva,Não,2,0,0,0,2,0,0,2,-27.714352,-48.938072,SPRF-SC,DEL01-SC,UOP03-DEL01-SC,2024
"602793,0",2024-05-25,sábado,00:25:00,SC,101,"326,5",CAPIVARI DE BAIXO,Reação tardia ou ineficiente do condutor,Saída de leito carroçável,Com Vítimas Feridas,Plena Noite,Decrescente,Nublado,Múltipla,Reta,Não,1,0,1,0,0,0,1,1,-28.43280786,-48.95610809,SPRF-SC,DEL02-SC,UOP01-DEL02-SC,2024
"602795,0",2024-05-25,sábado,03:15:00,SC,470,"170,4",POUSO REDONDO,Velocidade Incompatível,Colisão lateral sentido oposto,Sem Vítimas,Plena Noite,Crescente,Nublado,Simples,Curva;Aclive,Não,2,0,0,0,2,0,0,2,-27.257526,-49.909592,SPRF-SC,DEL04-SC,UOP02-DEL04-SC,2024
"602807,0",2024-05-25,sábado,05:05:00,SC,101,"133,2",BALNEARIO CAMBORIU,Reação tardia ou ineficiente do condutor,Colisão com objeto,Com Vítimas Feridas,Plena Noite,Decrescente,Nublado,Múltipla,Reta;Declive,Sim,1,0,1,0,0,0,1,1,-26.99936,-48.64609,SPRF-SC,DEL04-SC,UOP03-DEL04-SC,2024
"602822,0",2024-05-05,domingo,19:45:00,SC,101,"207,5",SAO JOSE,Reação tardia ou ineficiente do condutor,Tombamento,Com Vítimas Feridas,Plena Noite,Crescente,Céu Claro,Múltipla,Aclive;Reta,Sim,1,0,0,1,0,0,1,1,-27.60001226,-48.6226467,SPRF-SC,DEL01-SC,UOP01-DEL01-SC,2024
"602844,0",2024-05-25,sábado,08:15:00,SC,470,"54,4",BLUMENAU,Acessar a via sem observar a presença dos outros veículos,Colisão transversal,Com Vítimas Feridas,Pleno dia,Decrescente,Céu Claro,Simples,Curva,Não,2,0,1,0,1,0,1,2,-26.871065,-49.110374,SPRF-SC,DEL04-SC,UOP01-DEL04-SC,2024
"602850,0",2024-05-25,sábado,08:50:00,SC,470,"62,2",INDAIAL,Transitar na contramão,Colisão frontal,Com Vítimas Feridas,Pleno dia,Crescente,Céu Claro,Simples,Reta,Sim,2,0,1,1,0,0,2,2,-26.874521,-49.182938,SPRF-SC,DEL04-SC,UOP01-DEL04-SC,2024
"602860,0",2024-04-19,sexta-feira,12:40:00,SC,280,"5,0",SAO FRANCISCO DO SUL,Acessar a via sem observar a presença dos outros veículos,Colisão transversal,Com Vítimas Feridas,Pleno dia,Crescente,Céu Claro,Simples,Reta,Não,2,0,2,0,0,0,2,2,-26.26011706,-48.62571995,SPRF-SC,DEL03-SC,UOP03-DEL03-SC,2024
"602880,0",2024-05-25,sábado,10:50:00,SC,116,"211,9",PONTE ALTA,Reação tardia ou ineficiente do condutor,Saída de leito carroçável,Com Vítimas Feridas,Pleno dia,Decrescente,Céu Claro,Simples,Reta,Não,1,0,1,0,0,0,1,1,-27.51040007,-50.36397936,SPRF-SC,DEL05-SC,UOP03-DEL05-SC,2024
"602881,0",2024-05-25,sábado,11:40:00,SC,163,"79,2",SAO MIGUEL DO OESTE,Transitar na contramão,Colisão frontal,Com Vítimas Feridas,Pleno dia,Crescente,Garoa/Chuvisco,Simples,Interseção de Vias,Não,2,0,1,1,0,0,2,2,-26.65612706,-53.51680756,SPRF-SC,DEL07-SC,UOP03-DEL07-SC,2024
"602885,0",2024-05-25,sábado,13:15:00,SC,282,"0,7",FLORIANOPOLIS,Condutor deixou de manter distância do veículo da frente,Colisão traseira,Com Vítimas Feridas,Pleno dia,Decrescente,Céu Claro,Dupla,Reta,Sim,3,0,2,0,1,0,2,2,-27.59845,-48.571995,SPRF-SC,DEL01-SC,UOP01-DEL01-SC,2024
"602887,0",2024-05-25,sábado,13:20:00,SC,101,"117,4",ITAJAI,Demais falhas mecânicas ou elétricas,Tombamento,Com Vítimas Feridas,Pleno dia,Decrescente,Nublado,Dupla,Viaduto,Não,1,0,1,0,0,0,1,1,-26.88747187,-48.72252969,SPRF-SC,DEL04-SC,UOP04-DEL04-SC,2024
"602922,0",2024-05-25,sábado,16:00:00,SC,116,"245,6",LAGES,Velocidade Incompatível,Saída de leito carroçável,Sem Vítimas,Pleno dia,Crescente,Nublado,Simples,Rotatória,Sim,1,0,0,0,1,0,0,1,-27.79544281,-50.36187437,SPRF-SC,DEL05-SC,UOP02-DEL05-SC,2024
"602926,0",2024-05-25,sábado,14:30:00,SC,101,"323,5",PESCARIA BRAVA,Avarias e/ou desgaste excessivo no pneu,Tombamento,Com Vítimas Feridas,Pleno dia,Crescente,Céu Claro,Dupla,Curva;Declive,Não,2,0,2,0,0,0,2,1,-28.42494567,-48.93293917,SPRF-SC,DEL02-SC,UOP01-DEL02-SC,2024
"602928,0",2024-05-25,sábado,13:15:00,SC,470,"82,0",RODEIO,Ausência de reação do condutor,Colisão transversal,Com Vítimas Feridas,Pleno dia,Crescente,Céu Claro,Simples,Curva,Não,3,0,0,2,1,0,2,2,-26.958838,-49.324978,SPRF-SC,DEL04-SC,UOP01-DEL04-SC,2024
"602940,0",2024-05-25,sábado,18:30:00,SC,101,"435,6",SOMBRIO,Acessar a via sem observar a presença dos outros veículos,Colisão transversal,Com Vítimas Feridas,Plena Noite,Crescente,Céu Claro,Múltipla,Reta;Viaduto;Interseção de Vias,Sim,3,0,0,2,1,0,2,2,-29.09949414,-49.63480552,SPRF-SC,DEL02-SC,UOP02-DEL02-SC,2024
"602946,0",2024-05-25,sábado,18:45:00,SC,280,"68,6",JARAGUA DO SUL,Acessar a via sem observar a presença dos outros veículos,Colisão transversal,Com Vítimas Feridas,Plena Noite,Crescente,Céu Claro,Simples,Reta,Sim,2,0,1,0,1,0,1,2,-26.47277719,-49.11098612,SPRF-SC,DEL03-SC,UOP03-DEL03-SC,2024
"602947,0",2024-05-25,sábado,18:20:00,SC,101,"103,5",BALNEARIO PICARRAS,Acessar a via sem observar a presença dos outros veículos,Colisão transversal,Com Vítimas Feridas,Plena Noite,Decrescente,Céu Claro,Dupla,Reta,Sim,2,0,0,1,1,0,1,2,-26.7832381,-48.68314632,SPRF-SC,DEL03-SC,UOP02-DEL03-SC,2024
"602975,0",2024-05-25,sábado,20:30:00,SC,282,"366,0",ERVAL VELHO,Velocidade Incompatível,Saída de leito carroçável,Sem Vítimas,Plena Noite,Decrescente,Céu Claro,Dupla,Reta,Não,1,0,0,0,0,1,0,1,-27.291018,-51.416611,SPRF-SC,DEL07-SC,UOP05-DEL07-SC,2024
"602984,0",2024-05-25,sábado,22:50:00,SC,101,"91,0",BARRA VELHA,Ausência de reação do condutor,Saída de leito carroçável,Com Vítimas Feridas,Plena Noite,Decrescente,Céu Claro,Simples,Reta;Interseção de Vias,Sim,1,0,0,1,0,0,1,1,-26.67120698,-48.69011814,SPRF-SC,DEL03-SC,UOP02-DEL03-SC,2024
"602991,0",2024-05-26,domingo,00:05:00,SC,101,"199,0",BIGUACU,Ausência de reação do condutor,Colisão com objeto,Sem Vítimas,Plena Noite,Decrescente,Céu Claro,Dupla,Reta,Sim,1,0,0,0,0,1,0,1,-27.53413705,-48.63003205,SPRF-SC,DEL01-SC,UOP01-DEL01-SC,2024
"603005,0",2024-05-26,domingo,01:39:00,SC,282,"145,7",BOM RETIRO,Animais na Pista,Atropelamento de Animal,Com Vítimas Feridas,Plena Noite,Decrescente,Nevoeiro/Neblina,Simples,Reta,Não,2,0,1,0,1,0,1,1,-27.802912,-49.632038,SPRF-SC,DEL05-SC,UOP01-DEL05-SC,2024
"603012,0",2024-05-26,domingo,02:30:00,SC,101,"20,8",JOINVILLE,Velocidade Incompatível,Capotamento,Sem Vítimas,Plena Noite,Decrescente,Nublado,Dupla,Curva,Não,1,0,0,0,0,1,0,1,-26.140675,-48.902995,SPRF-SC,DEL03-SC,UOP01-DEL03-SC,2024
"603028,0",2024-05-26,domingo,05:00:00,SC,470,"58,7",BLUMENAU,Ausência de reação do condutor,Colisão frontal,Com Vítimas Feridas,Plena Noite,Decrescente,Céu Claro,Simples,Em Obras;Reta,Não,3,0,1,1,1,0,2,2,-26.883879,-49.145622,SPRF-SC,DEL04-SC,UOP01-DEL04-SC,2024
"603032,0",2024-05-26,domingo,04:40:00,SC,470,"151,9",AGRONOMICA,Ausência de reação do condutor,Colisão traseira,Com Vítimas Feridas,Plena Noite,Crescente,Nublado,Simples,Em Obras;Desvio Temporário;Reta,Não,10,0,6,4,0,0,10,4,-27.260792,-49.719761,SPRF-SC,DEL04-SC,UOP02-DEL04-SC,2024
"603041,0",2024-05-26,domingo,00:30:00,SC,101,"5,0",ARARANGUA,Reação tardia ou ineficiente do condutor,Saída de leito carroçável,Sem Vítimas,Plena Noite,Decrescente,Ignorado,Simples,Reta,Não,1,0,0,0,1,0,0,1,-28.955,-49.512,SPRF-SC,DEL03-SC,UOP01-DEL03-SC,2024
"603055,0",2024-05-26,domingo,07:29:00,SC,101,"137,0",BALNEARIO CAMBORIU,Acessar a via sem observar a presença dos outros veículos,Colisão transversal,Sem Vítimas,Pleno dia,Decrescente,Céu Claro,Dupla,Interseção de Vias,Sim,2,0,0,0,2,0,0,2,-27.0157238,-48.61192763,SPRF-SC,DEL04-SC,UOP03-DEL04-SC,2024
"603056,0",2024-05-26,domingo,08:40:00,SC,101,"206,8",SAO JOSE,Reação tardia ou ineficiente do condutor,Colisão traseira,Com Vítimas Feridas,Pleno dia,Crescente,Nublado,Múltipla,Reta,Sim,2,0,0,1,1,0,1,2,-27.59193546,-48.61824557,SPRF-SC,DEL01-SC,UOP01-DEL01-SC,2024
"603070,0",2024-05-26,domingo,09:30:00,SC,282,"69,7",RANCHO QUEIMADO,Velocidade Incompatível,Saída de leito carroçável,Com Vítimas Feridas,Pleno dia,Decrescente,Nublado,Simples,Curva,Não,1,0,1,0,0,0,1,1,-27.690144,-49.083813,SPRF-SC,DEL01-SC,UOP03-DEL01-SC,2024
"603082,0",2024-05-26,domingo,09:30:00,SC,101,"79,5",ARAQUARI,Desrespeitar a preferência no cruzamento,Colisão transversal,Com Vítimas Feridas,Pleno dia,Crescente,Nublado,Múltipla,Retorno Regulamentado,Não,3,0,1,0,2,0,1,2,-26.58559601,-48.72192112,SPRF-SC,DEL03-SC,UOP02-DEL03-SC,2024
"603083,0",2024-05-26,domingo,08:01:00,SC,280,"128,9",RIO NEGRINHO,Reação tardia ou ineficiente do condutor,Tombamento,Com Vítimas Feridas,Pleno dia,Decrescente,Nublado,Simples,Rotatória,Sim,1,0,0,1,0,0,1,1,-26.24317941,-49.51320018,SPRF-SC,DEL06-SC,UOP03-DEL06-SC,2024
"603107,0",2024-05-26,domingo,14:20:00,SC,282,"217,0",LAGES,Transitar no Acostamento,Colisão traseira,Com Vítimas Feridas,Pleno dia,Crescente,Nublado,Dupla,Reta;Aclive,Sim,2,0,1,0,1,0,1,2,-27.797916,-50.302944,SPRF-SC,DEL05-SC,UOP01-DEL05-SC,2024
"603113,0",2024-05-26,domingo,13:30:00,SC,101,"229,0",PALHOCA,Velocidade Incompatível,Capotamento,Com Vítimas Feridas,Pleno dia,Decrescente,Nublado,Dupla,Curva,Não,1,0,1,0,0,0,1,1,-27.7688932,-48.63205379,SPRF-SC,DEL01-SC,UOP02-DEL01-SC,2024
"603114,0",2024-05-26,domingo,12:35:00,SC,101,"53,9",JOINVILLE,Reação tardia ou ineficiente do condutor,Colisão com objeto,Com Vítimas Feridas,Pleno dia,Decrescente,Nublado,Dupla,Curva,Não,2,0,0,1,0,1,1,2,-26.4195517,-48.83144438,SPRF-SC,DEL03-SC,UOP01-DEL03-SC,2024
"603120,0",2024-05-26,domingo,11:35:00,SC,101,"112,0",NAVEGANTES,Trafegar com motocicleta (ou similar) entre as faixas,Tombamento,Com Vítimas Feridas,Pleno dia,Crescente,Nublado,Dupla,Reta,Sim,2,0,1,1,0,0,2,1,-26.84589005,-48.72131295,SPRF-SC,DEL04-SC,UOP04-DEL04-SC,2024
"603171,0",2024-05-26,domingo,18:00:00,SC,282,"573,0",NOVA ERECHIM,Reação tardia ou ineficiente do condutor,Colisão frontal,Com Vítimas Feridas,Plena Noite,Crescente,Garoa/Chuvisco,Simples,Reta,Não,3,0,0,1,1,1,1,3,-26.88120097,-52.94388973,SPRF-SC,DEL07-SC,UOP02-DEL07-SC,2024
"603184,0",2024-05-26,domingo,19:00:00,SC,101,"232,0",PALHOCA,Pedestre andava na pista,Colisão traseira,Com Vítimas Feridas,Plena Noite,Crescente,Céu Claro,Dupla,Reta;Aclive,Não,3,0,0,1,2,0,1,2,-27.795666,-48.638153,SPRF-SC,DEL01-SC,UOP02-DEL01-SC,2024
"603199,0",2024-05-26,domingo,20:00:00,SC,101,"210,5",SAO JOSE,Trafegar com motocicleta (ou similar) entre as faixas,Colisão lateral mesmo sentido,Com Vítimas Feridas,Plena Noite,Decrescente,Céu Claro,Dupla,Reta,Sim,4,0,2,0,2,0,2,3,-27.6167305,-48.6457265,SPRF-SC,DEL01-SC,UOP01-DEL01-SC,2024
"603204,0",2024-05-26,domingo,20:00:00,SC,101,"123,0",ITAJAI,Reação tardia ou ineficiente do condutor,Colisão traseira,Com Vítimas Feridas,Plena Noite,Crescente,Céu Claro,Dupla,Interseção de Vias,Sim,2,0,1,1,0,0,2,2,-26.93668609,-48.69876905,SPRF-SC,DEL04-SC,UOP04-DEL04-SC,2024
"603211,0",2024-05-26,domingo,20:15:00,SC,282,"532,8",CHAPECO,Ultrapassagem Indevida,Colisão frontal,Com Vítimas Feridas,Plena Noite,Crescente,Garoa/Chuvisco,Simples,Reta,Não,2,0,1,1,0,0,2,2,-26.994461,-52.690178,SPRF-SC,DEL07-SC,UOP01-DEL07-SC,2024
"603222,0",2024-05-26,domingo,19:50:00,SC,116,"221,0",CORREIA PINTO,Ingestão de álcool pelo condutor,Saída de leito carroçável,Sem Vítimas,Plena Noite,Decrescente,Céu Claro,Simples,Reta,Não,1,0,0,0,1,0,0,1,-27.58573399,-50.36555188,SPRF-SC,DEL05-SC,UOP03-DEL05-SC,2024
"603248,0",2024-05-26,domingo,22:50:00,SC,282,"3,0",FLORIANOPOLIS,Reação tardia ou ineficiente do condutor,Colisão lateral mesmo sentido,Sem Vítimas,Plena Noite,Crescente,Chuva,Múltipla,Reta,Sim,2,0,0,0,2,0,0,2,-27.59637215,-48.60057592,SPRF-SC,DEL01-SC,UOP01-DEL01-SC,2024
"603249,0",2024-05-27,segunda-feira,00:05:00,SC,101,"155,0",PORTO BELO,Transitar na contramão,Colisão frontal,Com Vítimas Feridas,Plena Noite,Crescente,Chuva,Dupla,Retorno Regulamentado,Não,2,0,0,1,1,0,1,2,-27.16292,-48.61129,SPRF-SC,DEL04-SC,UOP03-DEL04-SC,2024
"603252,0",2024-05-27,segunda-feira,01:00:00,SC,470,"44,0",GASPAR,Ingestão de álcool pelo condutor,Colisão com objeto,Sem Vítimas,Pleno dia,Decrescente,Chuva,Dupla,Reta,Não,1,0,0,0,1,0,0,1,-26.870665,-49.021896,SPRF-SC,DEL04-SC,UOP01-DEL04-SC,2024
"603276,0",2024-05-26,domingo,23:30:00,SC,280,"8,9",SAO FRANCISCO DO SUL,Pedestre andava na pista,Atropelamento de Pedestre,Com Vítimas Feridas,Plena Noite,Crescente,Chuva,Simples,Reta,Não,3,0,0,1,2,0,1,3,-26.27887292,-48.64668626,SPRF-SC,DEL03-SC,UOP03-DEL03-SC,2024
"603282,0",2024-04-23,terça-feira,19:20:00,SC,101,"387,5",ICARA,Ausência de reação do condutor,Colisão lateral mesmo sentido,Sem Vítimas,Plena Noite,Crescente,Nublado,Dupla,Reta,Não,2,0,0,0,2,0,0,2,-28.783751,-49.33461,SPRF-SC,DEL02-SC,UOP02-DEL02-SC,2024
"603287,0",2024-05-27,segunda-feira,07:50:00,SC,282,"2,5",FLORIANOPOLIS,Reação tardia ou ineficiente do condutor,Tombamento,Com Vítimas Feridas,Pleno dia,Decrescente,Chuva,Múltipla,Reta,Sim,2,0,1,0,1,0,1,1,-27.603289,-48.590416,SPRF-SC,DEL01-SC,UOP01-DEL01-SC,2024
"603291,0",2024-05-27,segunda-feira,06:35:00,SC,280,"6,3",SAO FRANCISCO DO SUL,Acessar a via sem observar a presença dos outros veículos,Colisão transversal,Com Vítimas Feridas,Amanhecer,Decrescente,Chuva,Simples,Reta,Sim,2,0,1,0,1,0,1,2,-26.26569095,-48.63361804,SPRF-SC,DEL03-SC,UOP03-DEL03-SC,2024
"603293,0",2024-05-27,segunda-feira,07:40:00,SC,101,"322,8",PESCARIA BRAVA,Avarias e/ou desgaste excessivo no pneu,Colisão com objeto,Com Vítimas Feridas,Pleno dia,Decrescente,Chuva,Múltipla,Reta,Não,1,0,1,0,0,0,1,1,-28.42491971,-48.90238108,SPRF-SC,DEL02-SC,UOP01-DEL02-SC,2024
"603295,0",2024-05-27,segunda-feira,07:30:00,SC,470,"7,3",NAVEGANTES,Reação tardia ou ineficiente do condutor,Colisão traseira,Com Vítimas Feridas,Pleno dia,Crescente,Chuva,Dupla,Reta,Sim,2,0,1,0,1,0,1,2,-26.84499,-48.71505,SPRF-SC,DEL04-SC,UOP04-DEL04-SC,2024
"603299,0",2024-05-27,segunda-feira,07:25:00,SC,101,"434,1",SOMBRIO,Desrespeitar a preferência no cruzamento,Colisão transversal,Com Vítimas Feridas,Pleno dia,Decrescente,Chuva,Múltipla,Reta;Interseção de Vias,Sim,4,0,3,0,1,0,3,2,-29.09976135,-49.6345675,SPRF-SC,DEL02-SC,UOP02-DEL02-SC,2024
"603317,0",2024-05-27,segunda-feira,08:05:00,SC,101,"57,6",ARAQUARI,Velocidade Incompatível,Saída de leito carroçável,Com Vítimas Feridas,Pleno dia,Decrescente,Chuva,Dupla,Curva,Não,1,0,1,0,0,0,1,1,-26.43787615,-48.80431652,SPRF-SC,DEL03-SC,UOP01-DEL03-SC,2024
"603333,0",2024-05-27,segunda-feira,11:10:00,SC,470,"19,1",ILHOTA,Acumulo de água sobre o pavimento,Colisão lateral mesmo sentido,Com Vítimas Feridas,Pleno dia,Decrescente,Chuva,Dupla,Reta,Não,2,0,1,0,1,0,1,2,-26.862995,-48.814396,SPRF-SC,DEL04-SC,UOP04-DEL04-SC,2024