id,data_inversa,dia_semana,horario,uf,br,km,municipio,causa_acidente,tipo_acidente,classificacao_acidente,fase_dia,sentido_via,condicao_metereologica,tipo_pista,tracado_via,uso_solo,pessoas,mortos,feridos_leves,feridos_graves,ilesos,ignorados,feridos,veiculos,latitude,longitude,regional,delegacia,uop,ano_arquivo
"606969,0",2024-06-12,quarta-feira,12:20:00,SC,282,"553,8",NOVA ITABERABA,Acesso irregular,Colisão traseira,Com Vítimas Feridas,Pleno dia,Crescente,Sol,Simples,Reta,Não,2,0,1,0,1,0,1,2,-26.93815,-52.791916,SPRF-SC,DEL07-SC,UOP01-DEL07-SC,2024
"606972,0",2024-05-19,domingo,21:10:00,SC,101,"348,0",JAGUARUNA,Ausência de reação do condutor,Colisão com objeto,Com Vítimas Feridas,Plena Noite,Decrescente,Nublado,Dupla,Reta,Não,2,0,1,1,0,0,2,1,-28.58845967,-49.04601574,SPRF-SC,DEL02-SC,UOP01-DEL02-SC,2024
"606997,0",2024-06-12,quarta-feira,16:35:00,SC,163,"72,9",SAO MIGUEL DO OESTE,Condutor deixou de manter distância do veículo da frente,Colisão traseira,Com Vítimas Feridas,Pleno dia,Decrescente,Céu Claro,Simples,Reta,Sim,3,0,1,0,2,0,1,2,-26.71908804,-53.5157791,SPRF-SC,DEL07-SC,UOP03-DEL07-SC,2024
"607024,0",2024-06-12,quarta-feira,15:40:00,SC,282,"407,0",CATANDUVAS,Reação tardia ou ineficiente do condutor,Saída de leito carroçável,Com Vítimas Feridas,Pleno dia,Decrescente,Céu Claro,Simples,Reta;Declive,Não,1,0,1,0,0,0,1,1,-27.083517,-51.662014,SPRF-SC,DEL07-SC,UOP05-DEL07-SC,2024
"607032,0",2024-06-12,quarta-feira,15:45:00,SC,282,"189,7",BOCAINA DO SUL,Mal súbito do condutor,Saída de leito carroçável,Com Vítimas Feridas,Pleno dia,Crescente,Céu Claro,Simples,Reta,Não,2,0,1,0,0,1,1,2,-27.7374,-50.026859,SPRF-SC,DEL05-SC,UOP01-DEL05-SC,2024
"607070,0",2024-06-12,quarta-feira,06:30:00,SC,470,"233,6",SAO CRISTOVAO DO SUL,Neblina,Colisão transversal,Com Vítimas Feridas,Amanhecer,Crescente,Nevoeiro/Neblina,Simples,Curva,Não,2,0,1,0,1,0,1,2,-27.301632,-50.43058,SPRF-SC,DEL05-SC,UOP03-DEL05-SC,2024
"607173,0",2024-06-13,quinta-feira,06:30:00,SC,282,"16,3",PALHOCA,Acessar a via sem observar a presença dos outros veículos,Colisão transversal,Com Vítimas Feridas,Pleno dia,Crescente,Céu Claro,Simples,Reta,Sim,2,0,1,0,1,0,1,2,-27.658611,-48.681847,SPRF-SC,DEL01-SC,UOP02-DEL01-SC,2024
"607195,0",2024-06-13,quinta-feira,14:50:00,SC,101,"204,2",SAO JOSE,Condutor deixou de manter distância do veículo da frente,Colisão traseira,Com Vítimas Feridas,Pleno dia,Crescente,Céu Claro,Múltipla,Reta,Sim,2,0,0,1,1,0,1,2,-27.57413014,-48.61363083,SPRF-SC,DEL01-SC,UOP01-DEL01-SC,2024
"607207,0",2024-06-13,quinta-feira,15:55:00,SC,280,"73,0",JARAGUA DO SUL,Ausência de reação do condutor,Colisão traseira,Com Vítimas Feridas,Pleno dia,Crescente,Céu Claro,Simples,Aclive;Reta,Não,3,0,2,0,1,0,2,2,-26.45917102,-49.15245,SPRF-SC,DEL03-SC,UOP03-DEL03-SC,2024
"607217,0",2024-06-13,quinta-feira,17:15:00,SC,280,"27,5",ARAQUARI,Acessar a via sem observar a presença dos outros veículos,Colisão transversal,Com Vítimas Feridas,Anoitecer,Crescente,Céu Claro,Simples,Reta;Interseção de Vias;Em Obras,Sim,2,0,0,1,1,0,1,2,-26.399605,-48.742007,SPRF-SC,DEL03-SC,UOP03-DEL03-SC,2024
"607232,0",2024-06-13,quinta-feira,15:50:00,SC,470,"57,0",BLUMENAU,Acessar a via sem observar a presença dos outros veículos,Colisão lateral mesmo sentido,Com Vítimas Feridas,Pleno dia,Decrescente,Céu Claro,Simples,Em Obras;Reta,Sim,3,0,1,1,0,1,2,2,-26.880428,-49.136532,SPRF-SC,DEL04-SC,UOP01-DEL04-SC,2024
"607266,0",2024-06-13,quinta-feira,18:40:00,SC,101,"406,5",ARARANGUA,Condutor deixou de manter distância do veículo da frente,Colisão traseira,Com Vítimas Feridas,Plena Noite,Crescente,Céu Claro,Dupla,Reta,Não,2,0,1,0,0,1,1,2,-28.90783916,-49.48099494,SPRF-SC,DEL02-SC,UOP02-DEL02-SC,2024
"607267,0",2024-06-13,quinta-feira,18:00:00,SC,282,"535,2",CHAPECO,Ausência de reação do condutor,Colisão transversal,Com Vítimas Feridas,Plena Noite,Crescente,Nublado,Simples,Interseção de Vias,Não,6,0,3,0,3,0,3,2,-26.998245,-52.643768,SPRF-SC,DEL07-SC,UOP01-DEL07-SC,2024
"607271,0",2024-06-13,quinta-feira,19:30:00,SC,101,"416,0",ARARANGUA,Ultrapassagem Indevida,Colisão transversal,Com Vítimas Feridas,Plena Noite,Crescente,Céu Claro,Simples,Reta,Sim,2,0,1,0,1,0,1,2,-28.96938167,-49.52526212,SPRF-SC,DEL02-SC,UOP02-DEL02-SC,2024
"607273,0",2024-06-13,quinta-feira,19:05:00,SC,280,"130,6",RIO NEGRINHO,Acessar a via sem observar a presença dos outros veículos,Colisão transversal,Com Vítimas Feridas,Plena Noite,Crescente,Céu Claro,Simples,Aclive;Reta,Sim,3,0,0,2,1,0,2,2,-26.25416365,-49.53477859,SPRF-SC,DEL06-SC,UOP03-DEL06-SC,2024
"607286,0",2024-06-13,quinta-feira,21:30:00,SC,101,"204,9",SAO JOSE,Reação tardia ou ineficiente do condutor,Colisão traseira,Com Vítimas Feridas,Plena Noite,Decrescente,Nublado,Múltipla,Reta,Não,2,0,0,1,1,0,1,2,-27.57413014,-48.61363083,SPRF-SC,DEL01-SC,UOP01-DEL01-SC,2024
"607295,0",2024-06-13,quinta-feira,16:30:00,SC,101,"350,0",JAGUARUNA,Velocidade Incompatível,Colisão com objeto,Com Vítimas Feridas,Pleno dia,Decrescente,Nublado,Simples,Reta,Sim,2,0,1,0,1,0,1,2,-28.60193051,-49.0530324,SPRF-SC,DEL02-SC,UOP01-DEL02-SC,2024
"607302,0",2024-06-13,quinta-feira,22:11:00,SC,280,"48,3",GUARAMIRIM,Acessar a via sem observar a presença dos outros veículos,Colisão transversal,Com Vítimas Feridas,Plena Noite,Crescente,Nublado,Simples,Reta;Em Obras,Não,2,0,1,0,1,0,1,2,-26.45506795,-48.92766502,SPRF-SC,DEL03-SC,UOP03-DEL03-SC,2024
"607319,0",2024-06-14,sexta-feira,01:25:00,SC,101,"285,9",IMBITUBA,Pedestre andava na pista,Atropelamento de Pedestre,Com Vítimas Fatais,Plena Noite,Decrescente,Nublado,Múltipla,Reta;Declive,Não,2,1,0,0,0,1,0,2,-28.247499,-48.700404,SPRF-SC,DEL02-SC,UOP03-DEL02-SC,2024
"607332,0",2024-06-14,sexta-feira,05:00:00,SC,282,"564,0",NOVA ERECHIM,Ausência de reação do condutor,Saída de leito carroçável,Com Vítimas Feridas,Plena Noite,Crescente,Céu Claro,Simples,Reta,Não,1,0,0,1,0,0,1,1,-26.898739,-52.877975,SPRF-SC,DEL07-SC,UOP02-DEL07-SC,2024
"607348,0",2024-06-14,sexta-feira,06:55:00,SC,101,"337,9",TUBARAO,Reação tardia ou ineficiente do condutor,Tombamento,Com Vítimas Feridas,Pleno dia,Crescente,Céu Claro,Múltipla,Reta,Sim,2,0,2,0,0,0,2,1,-28.4978117,-49.04494286,SPRF-SC,DEL02-SC,UOP01-DEL02-SC,2024
"607351,0",2024-06-14,sexta-feira,07:00:00,SC,101,"129,9",BALNEARIO CAMBORIU,Ultrapassagem Indevida,Colisão frontal,Com Vítimas Feridas,Pleno dia,Decrescente,Nublado,Simples,Curva,Sim,2,0,1,0,1,0,1,2,-26.98064277,-48.6790679,SPRF-SC,DEL04-SC,UOP03-DEL04-SC,2024
"607394,0",2024-06-09,domingo,02:00:00,SC,470,"192,0",POUSO REDONDO,Ingestão de álcool pelo condutor,Saída de leito carroçável,Com Vítimas Feridas,Plena Noite,Decrescente,Nublado,Simples,Curva,Não,1,0,1,0,0,0,1,1,-27.293324,-50.078678,SPRF-SC,DEL04-SC,UOP02-DEL04-SC,2024
"607399,0",2024-06-14,sexta-feira,10:40:00,SC,282,"22,0",SANTO AMARO DA IMPERATRIZ,Acesso irregular,Colisão frontal,Com Vítimas Feridas,Pleno dia,Crescente,Céu Claro,Simples,Reta,Sim,3,0,2,0,1,0,2,2,-27.688507,-48.72739,SPRF-SC,DEL01-SC,UOP02-DEL01-SC,2024
"607400,0",2024-01-29,segunda-feira,10:30:00,SC,101,"124,0",ITAJAI,Trafegar com motocicleta (ou similar) entre as faixas,Colisão traseira,Com Vítimas Feridas,Pleno dia,Crescente,Céu Claro,Dupla,Reta,Não,3,0,2,0,1,0,2,2,-26.94335064,-48.69198648,SPRF-SC,DEL04-SC,UOP04-DEL04-SC,2024
"607434,0",2024-06-14,sexta-feira,10:00:00,SC,282,"136,5",BOM RETIRO,Velocidade Incompatível,Colisão com objeto,Com Vítimas Feridas,Pleno dia,Decrescente,Céu Claro,Simples,Rotatória,Não,2,0,2,0,0,0,2,1,-27.8223775,-49.56996918,SPRF-SC,DEL05-SC,UOP01-DEL05-SC,2024
"607452,0",2024-06-14,sexta-feira,12:45:00,SC,280,"252,8",CANOINHAS,Ausência de reação do condutor,Saída de leito carroçável,Com Vítimas Feridas,Pleno dia,Decrescente,Céu Claro,Simples,Reta,Não,1,0,1,0,0,0,1,1,-26.26023459,-50.56133033,SPRF-SC,DEL06-SC,UOP04-DEL06-SC,2024
"607469,0",2024-06-14,sexta-feira,17:15:00,SC,101,"118,1",ITAJAI,Ausência de reação do condutor,Colisão traseira,Com Vítimas Feridas,Pleno dia,Crescente,Nublado,Dupla,Reta,Não,2,0,0,1,1,0,1,2,-26.895859,-48.71903,SPRF-SC,DEL04-SC,UOP04-DEL04-SC,2024
"607479,0",2024-06-14,sexta-feira,18:20:00,SC,101,"126,5",ITAJAI,Ausência de reação do condutor,Colisão traseira,Com Vítimas Feridas,Plena Noite,Crescente,Nublado,Dupla,Reta,Não,2,0,0,1,1,0,1,2,-26.95564404,-48.67978366,SPRF-SC,DEL04-SC,UOP04-DEL04-SC,2024
"607482,0",2024-06-14,sexta-feira,17:45:00,SC,282,"508,1",XANXERE,Reação tardia ou ineficiente do condutor,Engavetamento,Com Vítimas Feridas,Anoitecer,Crescente,Céu Claro,Simples,Curva;Aclive,Não,5,0,2,0,3,0,2,3,-26.887014,-52.448372,SPRF-SC,DEL07-SC,UOP01-DEL07-SC,2024
"607489,0",2024-06-14,sexta-feira,18:00:00,SC,101,"208,5",SAO JOSE,Trafegar com motocicleta (ou similar) entre as faixas,Colisão lateral mesmo sentido,Com Vítimas Feridas,Plena Noite,Decrescente,Céu Claro,Múltipla,Reta,Sim,2,0,1,0,1,0,1,2,-27.60327979,-48.63201818,SPRF-SC,DEL01-SC,UOP01-DEL01-SC,2024
"607494,0",2024-06-14,sexta-feira,18:30:00,SC,282,"0,5",FLORIANOPOLIS,Reação tardia ou ineficiente do condutor,Colisão traseira,Com Vítimas Feridas,Plena Noite,Crescente,Céu Claro,Dupla,Aclive,Sim,4,0,0,1,3,0,1,2,-27.59845,-48.571995,SPRF-SC,DEL01-SC,UOP01-DEL01-SC,2024
"607500,0",2024-06-14,sexta-feira,17:45:00,SC,282,"29,5",SANTO AMARO DA IMPERATRIZ,Conversão proibida,Colisão lateral mesmo sentido,Com Vítimas Feridas,Anoitecer,Decrescente,Céu Claro,Simples,Reta,Não,3,0,2,0,1,0,2,2,-27.679737,-48.786785,SPRF-SC,DEL01-SC,UOP03-DEL01-SC,2024
"607509,0",2024-06-14,sexta-feira,19:30:00,SC,101,"212,0",PALHOCA,Manobra de mudança de faixa,Colisão lateral mesmo sentido,Com Vítimas Feridas,Plena Noite,Decrescente,Céu Claro,Múltipla,Reta,Sim,3,0,1,0,1,1,1,3,-27.62996929,-48.65903871,SPRF-SC,DEL01-SC,UOP02-DEL01-SC,2024
"607511,0",2024-06-14,sexta-feira,19:10:00,SC,101,"138,0",BALNEARIO CAMBORIU,Ausência de reação do condutor,Colisão traseira,Com Vítimas Feridas,Plena Noite,Decrescente,Céu Claro,Múltipla,Reta,Sim,3,0,1,0,2,0,1,2,-27.02397426,-48.60761649,SPRF-SC,DEL04-SC,UOP03-DEL04-SC,2024
"607557,0",2024-06-15,sábado,00:00:00,SC,101,"102,0",BALNEARIO PICARRAS,Acessar a via sem observar a presença dos outros veículos,Colisão transversal,Sem Vítimas,Plena Noite,Crescente,Céu Claro,Múltipla,Reta,Não,2,0,0,0,2,0,0,2,-26.77383397,-48.68594062,SPRF-SC,DEL03-SC,UOP02-DEL03-SC,2024
"607565,0",2024-06-15,sábado,00:25:00,SC,101,"332,5",TUBARAO,Ausência de reação do condutor,Colisão com objeto,Com Vítimas Feridas,Plena Noite,Crescente,Céu Claro,Simples,Reta,Sim,2,0,1,0,1,0,1,1,-28.46016431,-48.98968873,SPRF-SC,DEL02-SC,UOP01-DEL02-SC,2024
"607568,0",2024-06-15,sábado,01:45:00,SC,101,"65,3",ARAQUARI,Reação tardia ou ineficiente do condutor,Tombamento,Com Vítimas Feridas,Plena Noite,Crescente,Nevoeiro/Neblina,Múltipla,Reta,Sim,1,0,1,0,0,0,1,1,-26.47135714,-48.74457217,SPRF-SC,DEL03-SC,UOP02-DEL03-SC,2024
"607576,0",2024-06-15,sábado,03:50:00,SC,101,"205,4",SAO JOSE,Ingestão de álcool pelo condutor,Saída de leito carroçável,Com Vítimas Feridas,Plena Noite,Crescente,Nublado,Dupla,Reta,Não,1,0,1,0,0,0,1,1,-27.58313237,-48.61532885,SPRF-SC,DEL01-SC,UOP01-DEL01-SC,2024
"607578,0",2024-06-15,sábado,02:15:00,SC,101,"308,1",LAGUNA,Transitar na contramão,Colisão lateral sentido oposto,Com Vítimas Feridas,Plena Noite,Decrescente,Céu Claro,Dupla,Reta,Não,2,0,1,0,0,1,1,2,-28.41935314,-48.7964201,SPRF-SC,DEL02-SC,UOP01-DEL02-SC,2024
"607583,0",2024-06-15,sábado,04:15:00,SC,280,"216,9",TRES BARRAS,Transitar na contramão,Colisão frontal,Com Vítimas Feridas,Plena Noite,Decrescente,Céu Claro,Simples,Reta;Em Obras,Não,3,0,1,0,2,0,1,2,-26.18019185,-50.22647394,SPRF-SC,DEL06-SC,UOP04-DEL06-SC,2024
"607592,0",2024-06-15,sábado,06:20:00,SC,280,"28,3",ARAQUARI,Acessar a via sem observar a presença dos outros veículos,Colisão frontal,Com Vítimas Feridas,Amanhecer,Decrescente,Céu Claro,Simples,Reta,Sim,3,0,2,1,0,0,3,2,-26.40450077,-48.74561031,SPRF-SC,DEL03-SC,UOP03-DEL03-SC,2024
"607603,0",2024-06-15,sábado,06:00:00,SC,101,"315,0",LAGUNA,Condutor Dormindo,Tombamento,Com Vítimas Feridas,Amanhecer,Crescente,Céu Claro,Dupla,Reta;Ponte,Não,1,0,1,0,0,0,1,1,-28.43552413,-48.8343121,SPRF-SC,DEL02-SC,UOP01-DEL02-SC,2024
"607619,0",2024-05-23,quinta-feira,06:40:00,SC,101,"157,0",PORTO BELO,Manobra de mudança de faixa,Colisão traseira,Com Vítimas Feridas,Pleno dia,Decrescente,Nublado,Dupla,Retorno Regulamentado,Sim,2,0,1,0,1,0,1,2,-27.181625,-48.6121179,SPRF-SC,DEL04-SC,UOP03-DEL04-SC,2024
"607625,0",2024-06-15,sábado,07:00:00,SC,153,"103,0",CONCORDIA,Transitar na contramão,Colisão frontal,Com Vítimas Fatais,Pleno dia,Decrescente,Céu Claro,Simples,Curva,Não,3,1,0,2,0,0,2,2,-27.2734903,-51.9638706,SPRF-SC,DEL07-SC,UOP04-DEL07-SC,2024
"607626,0",2024-06-15,sábado,09:10:00,SC,282,"48,2",AGUAS MORNAS,Acessar a via sem observar a presença dos outros veículos,Colisão transversal,Com Vítimas Feridas,Pleno dia,Crescente,Céu Claro,Simples,Interseção de Vias;Curva;Aclive,Não,6,0,4,0,2,0,4,2,-27.714352,-48.938072,SPRF-SC,DEL01-SC,UOP03-DEL01-SC,2024
"607650,0",2024-06-15,sábado,12:30:00,SC,101,"88,0",BARRA VELHA,Reação tardia ou ineficiente do condutor,Colisão traseira,Com Vítimas Feridas,Pleno dia,Decrescente,Sol,Múltipla,Reta;Aclive,Sim,3,0,1,0,1,1,1,3,-26.64253985,-48.68950684,SPRF-SC,DEL03-SC,UOP02-DEL03-SC,2024
"607654,0",2024-06-15,sábado,10:45:00,SC,282,"440,5",IRANI,Ultrapassagem Indevida,Colisão lateral mesmo sentido,Com Vítimas Feridas,Pleno dia,Crescente,Sol,Simples,Reta,Não,5,0,1,0,4,0,1,2,-26.937757,-51.868366,SPRF-SC,DEL07-SC,UOP04-DEL07-SC,2024
"607677,0",2024-06-15,sábado,14:35:00,SC,101,"62,0",ARAQUARI,Ausência de reação do condutor,Saída de leito carroçável,Com Vítimas Feridas,Pleno dia,Crescente,Sol,Dupla,Reta,Não,1,0,1,0,0,0,1,1,-26.45504246,-48.76711901,SPRF-SC,DEL03-SC,UOP02-DEL03-SC,2024
"607700,0",2024-06-15,sábado,17:20:00,SC,282,"174,8",BOCAINA DO SUL,Ausência de reação do condutor,Saída de leito carroçável,Com Vítimas Feridas,Pleno dia,Crescente,Nublado,Simples,Reta,Não,1,0,1,0,0,0,1,1,-27.74296712,-49.88790751,SPRF-SC,DEL05-SC,UOP01-DEL05-SC,2024
"607705,0",2024-06-15,sábado,18:20:00,SC,101,"147,0",ITAPEMA,Acessar a via sem observar a presença dos outros veículos,Colisão transversal,Com Vítimas Feridas,Anoitecer,Crescente,Nublado,Dupla,Reta,Sim,2,0,1,1,0,0,2,2,-27.09237407,-48.61730888,SPRF-SC,DEL04-SC,UOP03-DEL04-SC,2024
"607706,0",2024-06-15,sábado,16:50:00,SC,280,"118,5",SAO BENTO DO SUL,Ausência de reação do condutor,Atropelamento de Animal,Com Vítimas Feridas,Pleno dia,Decrescente,Céu Claro,Simples,Reta,Não,1,0,1,0,0,0,1,1,-26.26608202,-49.42467403,SPRF-SC,DEL06-SC,UOP03-DEL06-SC,2024
"607735,0",2024-06-15,sábado,19:30:00,SC,101,"132,0",BALNEARIO CAMBORIU,Condutor deixou de manter distância do veículo da frente,Tombamento,Com Vítimas Feridas,Plena Noite,Crescente,Nublado,Dupla,Reta,Sim,2,0,1,1,0,0,2,1,-26.99654133,-48.65564711,SPRF-SC,DEL04-SC,UOP03-DEL04-SC,2024
"607740,0",2024-06-15,sábado,18:30:00,SC,101,"200,1",SAO JOSE,Manobra de mudança de faixa,Colisão traseira,Com Vítimas Feridas,Anoitecer,Decrescente,Céu Claro,Dupla,Reta;Declive,Sim,4,0,2,0,1,1,2,3,-27.54018513,-48.62287714,SPRF-SC,DEL01-SC,UOP01-DEL01-SC,2024
"607791,0",2024-06-16,domingo,01:04:00,SC,101,"338,9",TUBARAO,Velocidade Incompatível,Colisão traseira,Com Vítimas Feridas,Plena Noite,Crescente,Chuva,Múltipla,Reta,Não,7,0,6,0,0,1,6,2,-28.503928,-49.048381,SPRF-SC,DEL02-SC,UOP01-DEL02-SC,2024
"607801,0",2024-06-16,domingo,02:50:00,SC,470,"88,7",ASCURRA,Ausência de reação do condutor,Colisão com objeto,Sem Vítimas,Plena Noite,Decrescente,Céu Claro,Simples,Reta;Ponte,Sim,1,0,0,0,1,0,0,1,-26.96122632,-49.37318229,SPRF-SC,DEL04-SC,UOP01-DEL04-SC,2024
"607808,0",2024-06-16,domingo,04:00:00,SC,101,"229,1",PALHOCA,Velocidade Incompatível,Colisão com objeto,Com Vítimas Feridas,Plena Noite,Decrescente,Céu Claro,Dupla,Curva,Sim,2,0,1,0,1,0,1,1,-27.7688932,-48.63205379,SPRF-SC,DEL01-SC,UOP02-DEL01-SC,2024
"607846,0",2024-06-16,domingo,06:00:00,SC,116,"80,0",MONTE CASTELO,Reação tardia ou ineficiente do condutor,Capotamento,Com Vítimas Feridas,Plena Noite,Crescente,Nublado,Simples,Reta,Não,2,0,2,0,0,0,2,1,-26.55644098,-50.22303278,SPRF-SC,DEL06-SC,UOP02-DEL06-SC,2024
"607855,0",2024-06-16,domingo,06:50:00,SC,101,"405,0",ARARANGUA,Manobra de mudança de faixa,Colisão traseira,Sem Vítimas,Pleno dia,Decrescente,Chuva,Dupla,Reta,Não,3,0,0,0,3,0,0,2,-28.88548916,-49.4630158,SPRF-SC,DEL02-SC,UOP02-DEL02-SC,2024
"607860,0",2024-06-16,domingo,08:40:00,SC,101,"338,8",TUBARAO,Condutor Dormindo,Saída de leito carroçável,Com Vítimas Feridas,Pleno dia,Decrescente,Chuva,Múltipla,Reta;Declive,Sim,1,0,0,1,0,0,1,1,-28.49351117,-49.04178985,SPRF-SC,DEL02-SC,UOP01-DEL02-SC,2024
"607873,0",2024-06-16,domingo,10:07:00,SC,282,"32,1",SANTO AMARO DA IMPERATRIZ,Ultrapassagem Indevida,Colisão lateral sentido oposto,Com Vítimas Feridas,Pleno dia,Decrescente,Nublado,Simples,Reta,Sim,2,0,0,1,1,0,1,2,-27.70116,-48.800175,SPRF-SC,DEL01-SC,UOP03-DEL01-SC,2024
"607886,0",2024-06-16,domingo,13:10:00,SC,101,"230,4",PALHOCA,Demais falhas mecânicas ou elétricas,Tombamento,Com Vítimas Feridas,Pleno dia,Decrescente,Céu Claro,Dupla,Declive;Reta,Não,2,0,1,0,1,0,1,1,-27.77929085,-48.63510132,SPRF-SC,DEL01-SC,UOP02-DEL01-SC,2024
"607893,0",2024-06-16,domingo,12:45:00,SC,101,"67,1",ARAQUARI,Reação tardia ou ineficiente do condutor,Tombamento,Com Vítimas Feridas,Pleno dia,Crescente,Nublado,Múltipla,Reta,Sim,2,0,1,1,0,0,2,1,-26.48645,-48.73483602,SPRF-SC,DEL03-SC,UOP02-DEL03-SC,2024
"607898,0",2024-04-28,domingo,19:35:00,SC,116,"62,9",PAPANDUVA,Transitar na contramão,Colisão frontal,Com Vítimas Fatais,Plena Noite,Decrescente,Chuva,Simples,Aclive;Reta,Não,6,2,0,3,1,0,3,3,-26.39743503,-50.22573664,SPRF-SC,DEL06-SC,UOP02-DEL06-SC,2024
"607910,0",2024-06-16,domingo,15:20:00,SC,280,"48,8",GUARAMIRIM,Acessar a via sem observar a presença dos outros veículos,Colisão transversal,Com Vítimas Feridas,Pleno dia,Decrescente,Nublado,Dupla,Reta,Sim,2,0,2,0,0,0,2,2,-26.45506795,-48.92766502,SPRF-SC,DEL03-SC,UOP03-DEL03-SC,2024
"607939,0",2024-06-15,sábado,00:30:00,SC,470,"129,0",LONTRAS,Velocidade Incompatível,Saída de leito carroçável,Com Vítimas Feridas,Plena Noite,Crescente,Céu Claro,Simples,Curva,Não,1,0,1,0,0,0,1,1,-27.148499,-49.556137,SPRF-SC,DEL04-SC,UOP02-DEL04-SC,2024
"607950,0",2024-06-16,domingo,18:20:00,SC,101,"195,0",SAO JOSE,Reação tardia ou ineficiente do condutor,Colisão traseira,Sem Vítimas,Plena Noite,Crescente,Céu Claro,Múltipla,Reta,Não,2,0,0,0,2,0,0,2,-27.5047092,-48.65010819,SPRF-SC,DEL01-SC,UOP01-DEL01-SC,2024
"607954,0",2024-06-16,domingo,17:35:00,SC,282,"534,5",CORDILHEIRA ALTA,Ingestão de álcool pelo condutor,Colisão com objeto,Sem Vítimas,Anoitecer,Decrescente,Chuva,Simples,Reta,Não,3,0,0,0,3,0,0,1,-26.9963932,-52.63988113,SPRF-SC,DEL07-SC,UOP01-DEL07-SC,2024
"607965,0",2024-06-16,domingo,19:00:00,SC,101,"49,2",JOINVILLE,Manobra de mudança de faixa,Colisão lateral mesmo sentido,Com Vítimas Feridas,Plena Noite,Decrescente,Céu Claro,Dupla,Curva,Não,4,0,1,0,1,2,1,3,-26.38208279,-48.85146439,SPRF-SC,DEL03-SC,UOP01-DEL03-SC,2024
"607976,0",2024-06-16,domingo,19:50:00,SC,470,"140,0",RIO DO SUL,Reação tardia ou ineficiente do condutor,Queda de ocupante de veículo,Com Vítimas Feridas,Plena Noite,Crescente,Céu Claro,Dupla,Retorno Regulamentado,Sim,2,0,2,0,0,0,2,1,-27.222485,-49.662827,SPRF-SC,DEL04-SC,UOP02-DEL04-SC,2024
"607981,0",2024-06-16,domingo,19:15:00,SC,101,"264,0",GAROPABA,Manobra de mudança de faixa,Colisão lateral mesmo sentido,Sem Vítimas,Plena Noite,Decrescente,Chuva,Dupla,Reta,Não,3,0,0,0,3,0,0,2,-28.0353863,-48.70884453,SPRF-SC,DEL02-SC,UOP03-DEL02-SC,2024
"607986,0",2024-06-16,domingo,19:10:00,SC,163,"103,8",SAO JOSE DO CEDRO,Desrespeitar a preferência no cruzamento,Colisão transversal,Sem Vítimas,Plena Noite,Decrescente,Chuva,Simples,Interseção de Vias;Reta,Sim,3,0,0,0,2,1,0,2,-26.45477506,-53.51000187,SPRF-SC,DEL07-SC,UOP03-DEL07-SC,2024
"608028,0",2024-06-17,segunda-feira,00:02:00,SC,116,"79,9",MONTE CASTELO,Transitar na contramão,Colisão com objeto,Sem Vítimas,Plena Noite,Decrescente,Garoa/Chuvisco,Simples,Aclive;Reta,Não,2,0,0,0,2,0,0,1,-26.54745004,-50.22398538,SPRF-SC,DEL06-SC,UOP02-DEL06-SC,2024
"608037,0",2024-06-16,domingo,23:20:00,SC,116,"85,0",MONTE CASTELO,Ausência de reação do condutor,Saída de leito carroçável,Sem Vítimas,Plena Noite,Decrescente,Nublado,Simples,Reta,Não,1,0,0,0,0,1,0,1,-26.60122995,-50.22615221,SPRF-SC,DEL06-SC,UOP02-DEL06-SC,2024
"608040,0",2024-06-17,segunda-feira,00:30:00,SC,101,"217,0",PALHOCA,Ausência de reação do condutor,Saída de leito carroçável,Sem Vítimas,Plena Noite,Crescente,Garoa/Chuvisco,Dupla,Reta,Sim,1,0,0,0,0,1,0,1,-27.66794586,-48.6741972,SPRF-SC,DEL01-SC,UOP02-DEL01-SC,2024
"608042,0",2024-06-17,segunda-feira,03:00:00,SC,101,"375,4",ICARA,Chuva,Saída de leito carroçável,Com Vítimas Feridas,Plena Noite,Crescente,Chuva,Múltipla,Reta,Não,2,0,2,0,0,0,2,1,-28.72014713,-49.23508784,SPRF-SC,DEL02-SC,UOP01-DEL02-SC,2024
"608066,0",2024-06-17,segunda-feira,06:40:00,SC,470,"74,0",INDAIAL,Acessar a via sem observar a presença dos outros veículos,Colisão lateral sentido oposto,Com Vítimas Feridas,Amanhecer,Decrescente,Céu Claro,Simples,Reta,Não,2,0,1,0,1,0,1,2,-26.916288,-49.280807,SPRF-SC,DEL04-SC,UOP01-DEL04-SC,2024
"608069,0",2024-06-17,segunda-feira,05:45:00,SC,101,"137,0",BALNEARIO CAMBORIU,Velocidade Incompatível,Colisão traseira,Com Vítimas Feridas,Amanhecer,Crescente,Chuva,Dupla,Reta,Sim,3,0,2,0,0,1,2,2,-27.0157238,-48.61192763,SPRF-SC,DEL04-SC,UOP03-DEL04-SC,2024
"608085,0",2024-06-16,domingo,15:00:00,SC,116,"79,0",MONTE CASTELO,Ausência de reação do condutor,Colisão lateral mesmo sentido,Sem Vítimas,Pleno dia,Crescente,Céu Claro,Simples,Reta,Não,2,0,0,0,1,1,0,2,-26.54745004,-50.22398538,SPRF-SC,DEL06-SC,UOP02-DEL06-SC,2024