id,data_inversa,dia_semana,horario,uf,br,km,municipio,causa_acidente,tipo_acidente,classificacao_acidente,fase_dia,sentido_via,condicao_metereologica,tipo_pista,tracado_via,uso_solo,pessoas,mortos,feridos_leves,feridos_graves,ilesos,ignorados,feridos,veiculos,latitude,longitude,regional,delegacia,uop,ano_arquivo
"609032,0",2024-06-21,sexta-feira,17:00:00,SC,470,"63,2",INDAIAL,Acessar a via sem observar a presença dos outros veículos,Colisão transversal,Com Vítimas Feridas,Plena Noite,Decrescente,Céu Claro,Simples,Reta,Sim,2,0,1,0,1,0,1,2,-26.872396,-49.19228,SPRF-SC,DEL04-SC,UOP01-DEL04-SC,2024
"609039,0",2024-06-21,sexta-feira,17:30:00,SC,101,"109,5",PENHA,Trafegar com motocicleta (ou similar) entre as faixas,Colisão lateral mesmo sentido,Com Vítimas Feridas,Anoitecer,Crescente,Céu Claro,Dupla,Reta,Não,2,0,1,0,1,0,1,2,-26.8333519,-48.69632106,SPRF-SC,DEL03-SC,UOP02-DEL03-SC,2024
"609046,0",2024-06-21,sexta-feira,19:00:00,SC,101,"149,0",ITAPEMA,Acessar a via sem observar a presença dos outros veículos,Colisão lateral mesmo sentido,Sem Vítimas,Plena Noite,Decrescente,Nublado,Múltipla,Reta,Sim,2,0,0,0,2,0,0,2,-27.1089649,-48.61277586,SPRF-SC,DEL04-SC,UOP03-DEL04-SC,2024
"609048,0",2024-06-21,sexta-feira,14:20:00,SC,101,"151,0",ITAPEMA,Velocidade Incompatível,Queda de ocupante de veículo,Com Vítimas Feridas,Pleno dia,Decrescente,Nublado,Múltipla,Reta,Sim,1,0,1,0,0,0,1,1,-27.126536,-48.609642,SPRF-SC,DEL04-SC,UOP03-DEL04-SC,2024
"609050,0",2024-06-21,sexta-feira,19:00:00,SC,101,"204,6",SAO JOSE,Ausência de reação do condutor,Colisão traseira,Com Vítimas Feridas,Plena Noite,Decrescente,Céu Claro,Múltipla,Reta,Não,2,0,1,0,1,0,1,2,-27.57413014,-48.61363083,SPRF-SC,DEL01-SC,UOP01-DEL01-SC,2024
"609075,0",2024-06-21,sexta-feira,10:30:00,SC,470,"141,0",RIO DO SUL,Conversão proibida,Colisão transversal,Com Vítimas Feridas,Pleno dia,Crescente,Nublado,Dupla,Reta;Declive,Sim,2,0,1,0,0,1,1,2,-27.226065,-49.666161,SPRF-SC,DEL04-SC,UOP02-DEL04-SC,2024
"609076,0",2024-06-21,sexta-feira,16:30:00,SC,470,"332,6",CAMPOS NOVOS,Condutor Dormindo,Saída de leito carroçável,Com Vítimas Feridas,Pleno dia,Crescente,Céu Claro,Simples,Reta,Não,3,0,1,2,0,0,3,1,-27.482849,-51.31358,SPRF-SC,DEL07-SC,UOP06-DEL07-SC,2024
"609077,0",2024-06-21,sexta-feira,20:00:00,SC,280,"45,5",GUARAMIRIM,Iluminação deficiente,Tombamento,Com Vítimas Feridas,Plena Noite,Crescente,Céu Claro,Simples,Reta;Em Obras;Desvio Temporário,Não,1,0,0,1,0,0,1,1,-26.45236168,-48.89788602,SPRF-SC,DEL03-SC,UOP03-DEL03-SC,2024
"609082,0",2024-06-21,sexta-feira,21:00:00,SC,470,"48,0",BLUMENAU,Ausência de reação do condutor,Colisão traseira,Com Vítimas Feridas,Plena Noite,Decrescente,Céu Claro,Dupla,Desvio Temporário;Em Obras,Sim,3,0,2,0,0,1,2,2,-26.859823,-49.055393,SPRF-SC,DEL04-SC,UOP01-DEL04-SC,2024
"609095,0",2024-06-21,sexta-feira,19:00:00,SC,280,"300,7",PORTO UNIAO,Reação tardia ou ineficiente do condutor,Eventos atípicos,Com Vítimas Feridas,Plena Noite,Decrescente,Céu Claro,Simples,Reta,Não,1,0,0,1,0,0,1,1,-26.28524961,-51.02104389,SPRF-SC,DEL06-SC,UOP04-DEL06-SC,2024
"609107,0",2024-06-21,sexta-feira,21:00:00,SC,282,"1,0",FLORIANOPOLIS,Demais falhas mecânicas ou elétricas,Incêndio,Sem Vítimas,Plena Noite,Crescente,Nublado,Múltipla,Ponte;Curva,Sim,1,0,0,0,0,1,0,1,-27.602955,-48.580509,SPRF-SC,DEL01-SC,UOP01-DEL01-SC,2024
"609126,0",2024-06-21,sexta-feira,20:00:00,SC,101,"82,0",BARRA VELHA,Manobra de mudança de faixa,Colisão frontal,Com Vítimas Feridas,Plena Noite,Crescente,Céu Claro,Simples,Reta,Não,2,0,0,1,1,0,1,2,-26.61085222,-48.72204472,SPRF-SC,DEL03-SC,UOP02-DEL03-SC,2024
"609135,0",2024-06-22,sábado,01:00:00,SC,101,"196,0",BIGUACU,Ausência de reação do condutor,Colisão com objeto,Sem Vítimas,Plena Noite,Crescente,Nublado,Dupla,Reta,Sim,2,0,0,0,0,2,0,1,-27.51101091,-48.64322292,SPRF-SC,DEL01-SC,UOP01-DEL01-SC,2024
"609161,0",2024-06-22,sábado,04:15:00,SC,101,"328,7",TUBARAO,Condutor deixou de manter distância do veículo da frente,Colisão traseira,Sem Vítimas,Plena Noite,Decrescente,Céu Claro,Dupla,Reta;Ponte;Em Obras,Sim,2,0,0,0,2,0,0,2,-28.43648094,-48.95989307,SPRF-SC,DEL02-SC,UOP01-DEL02-SC,2024
"609165,0",2024-06-22,sábado,05:30:00,SC,101,"212,0",PALHOCA,Ausência de reação do condutor,Colisão traseira,Com Vítimas Feridas,Amanhecer,Crescente,Céu Claro,Dupla,Reta,Sim,2,0,1,0,1,0,1,2,-27.62996929,-48.65903871,SPRF-SC,DEL01-SC,UOP02-DEL01-SC,2024
"609177,0",2024-06-22,sábado,07:00:00,SC,101,"103,9",PENHA,Acessar a via sem observar a presença dos outros veículos,Tombamento,Com Vítimas Feridas,Amanhecer,Decrescente,Céu Claro,Dupla,Reta,Não,1,0,1,0,0,0,1,1,-26.7832381,-48.68314632,SPRF-SC,DEL03-SC,UOP02-DEL03-SC,2024
"609191,0",2024-06-22,sábado,07:35:00,SC,101,"211,0",PALHOCA,Ausência de reação do condutor,Saída de leito carroçável,Sem Vítimas,Pleno dia,Decrescente,Céu Claro,Dupla,Reta,Sim,1,0,0,0,1,0,0,1,-27.62329313,-48.65245588,SPRF-SC,DEL01-SC,UOP02-DEL01-SC,2024
"609222,0",2024-06-22,sábado,09:50:00,SC,101,"134,0",BALNEARIO CAMBORIU,Desrespeitar a preferência no cruzamento,Colisão transversal,Com Vítimas Feridas,Pleno dia,Crescente,Sol,Múltipla,Interseção de Vias,Sim,2,0,1,0,1,0,1,2,-27.00218,-48.636433,SPRF-SC,DEL04-SC,UOP03-DEL04-SC,2024
"609236,0",2024-06-22,sábado,11:30:00,SC,101,"203,5",SAO JOSE,Manobra de mudança de faixa,Colisão lateral mesmo sentido,Com Vítimas Feridas,Pleno dia,Crescente,Céu Claro,Múltipla,Reta,Sim,3,0,2,0,1,0,2,3,-27.5650044,-48.61460082,SPRF-SC,DEL01-SC,UOP01-DEL01-SC,2024
"609238,0",2024-06-22,sábado,11:20:00,SC,101,"204,0",SAO JOSE,Manobra de mudança de faixa,Colisão lateral mesmo sentido,Com Vítimas Feridas,Pleno dia,Crescente,Céu Claro,Múltipla,Reta,Sim,2,0,0,1,1,0,1,2,-27.57413014,-48.61363083,SPRF-SC,DEL01-SC,UOP01-DEL01-SC,2024
"609263,0",2024-06-22,sábado,13:50:00,SC,101,"163,3",TIJUCAS,Acessar a via sem observar a presença dos outros veículos,Colisão transversal,Com Vítimas Feridas,Pleno dia,Crescente,Céu Claro,Dupla,Reta,Sim,2,0,1,0,1,0,1,2,-27.23461699,-48.63039809,SPRF-SC,DEL04-SC,UOP03-DEL04-SC,2024
"609286,0",2024-06-22,sábado,14:23:00,SC,280,"77,2",CORUPA,Reação tardia ou ineficiente do condutor,Saída de leito carroçável,Com Vítimas Feridas,Pleno dia,Crescente,Céu Claro,Dupla,Aclive,Sim,2,0,1,0,1,0,1,1,-26.45514314,-49.18726132,SPRF-SC,DEL03-SC,UOP03-DEL03-SC,2024
"609318,0",2024-06-22,sábado,12:03:00,SC,470,"3,8",NAVEGANTES,Ausência de reação do condutor,Colisão transversal,Com Vítimas Feridas,Pleno dia,Decrescente,Sol,Dupla,Retorno Regulamentado;Interseção de Vias,Não,2,0,1,0,1,0,1,2,-26.861937,-48.681618,SPRF-SC,DEL04-SC,UOP04-DEL04-SC,2024
"609320,0",2024-06-22,sábado,19:05:00,SC,101,"205,5",SAO JOSE,Reação tardia ou ineficiente do condutor,Engavetamento,Sem Vítimas,Plena Noite,Decrescente,Céu Claro,Múltipla,Reta,Sim,3,0,0,0,3,0,0,3,-27.58313237,-48.61532885,SPRF-SC,DEL01-SC,UOP01-DEL01-SC,2024
"609384,0",2024-06-22,sábado,23:40:00,SC,163,"98,2",SAO JOSE DO CEDRO,Ausência de reação do condutor,Saída de leito carroçável,Com Vítimas Feridas,Plena Noite,Decrescente,Nublado,Simples,Declive;Reta,Não,2,0,2,0,0,0,2,1,-26.49909355,-53.50616455,SPRF-SC,DEL07-SC,UOP03-DEL07-SC,2024
"609385,0",2024-06-22,sábado,17:45:00,SC,163,"111,4",GUARUJA DO SUL,Transitar na contramão,Colisão frontal,Com Vítimas Feridas,Pleno dia,Crescente,Sol,Simples,Reta,Não,3,0,3,0,0,0,3,2,-26.39616397,-53.52416104,SPRF-SC,DEL07-SC,UOP03-DEL07-SC,2024
"609387,0",2024-06-22,sábado,19:30:00,SC,101,"121,0",ITAJAI,Ausência de reação do condutor,Colisão traseira,Com Vítimas Feridas,Plena Noite,Crescente,Nublado,Dupla,Reta,Não,2,0,1,0,1,0,1,2,-26.92103178,-48.70856446,SPRF-SC,DEL04-SC,UOP04-DEL04-SC,2024
"609399,0",2024-06-22,sábado,22:40:00,SC,153,"94,8",CONCORDIA,Reação tardia ou ineficiente do condutor,Capotamento,Com Vítimas Feridas,Plena Noite,Crescente,Céu Claro,Simples,Reta;Rotatória,Não,1,0,1,0,0,0,1,1,-27.20904434,-51.95199765,SPRF-SC,DEL07-SC,UOP04-DEL07-SC,2024
"609414,0",2024-06-23,domingo,00:30:00,SC,101,"120,0",ITAJAI,Transitar na contramão,Colisão frontal,Sem Vítimas,Plena Noite,Crescente,Garoa/Chuvisco,Múltipla,Retorno Regulamentado;Viaduto;Interseção de Vias,Sim,2,0,0,0,2,0,0,2,-26.91843191,-48.70952541,SPRF-SC,DEL04-SC,UOP04-DEL04-SC,2024
"609424,0",2024-06-22,sábado,23:00:00,SC,101,"117,0",ITAJAI,Acessar a via sem observar a presença dos outros veículos,Colisão transversal,Com Vítimas Feridas,Plena Noite,Crescente,Céu Claro,Múltipla,Rotatória;Interseção de Vias;Viaduto;Retorno Regulamentado,Sim,2,0,1,0,1,0,1,2,-26.8899885,-48.72206926,SPRF-SC,DEL04-SC,UOP04-DEL04-SC,2024
"609426,0",2024-06-23,domingo,07:50:00,SC,101,"216,2",PALHOCA,Condutor Dormindo,Saída de leito carroçável,Sem Vítimas,Pleno dia,Decrescente,Céu Claro,Múltipla,Reta,Sim,1,0,0,0,1,0,0,1,-27.65981409,-48.67747798,SPRF-SC,DEL01-SC,UOP02-DEL01-SC,2024
"609430,0",2024-06-22,sábado,18:40:00,SC,101,"288,7",IMBITUBA,Reação tardia ou ineficiente do condutor,Colisão transversal,Com Vítimas Feridas,Plena Noite,Crescente,Céu Claro,Simples,Reta,Sim,2,0,0,1,1,0,1,2,-28.24598003,-48.70010284,SPRF-SC,DEL02-SC,UOP03-DEL02-SC,2024
"609464,0",2024-06-23,domingo,08:30:00,SC,470,"108,0",APIUNA,Demais falhas mecânicas ou elétricas,Incêndio,Sem Vítimas,Pleno dia,Crescente,Céu Claro,Simples,Reta,Não,1,0,0,0,1,0,0,1,-27.080708,-49.440491,SPRF-SC,DEL04-SC,UOP02-DEL04-SC,2024
"609518,0",2024-06-23,domingo,16:40:00,SC,470,"129,0",LONTRAS,Velocidade Incompatível,Saída de leito carroçável,Com Vítimas Feridas,Pleno dia,Decrescente,Céu Claro,Simples,Curva,Não,1,0,1,0,0,0,1,1,-27.148499,-49.556137,SPRF-SC,DEL04-SC,UOP02-DEL04-SC,2024
"609521,0",2024-06-23,domingo,16:45:00,SC,470,"63,0",INDAIAL,Trafegar com motocicleta (ou similar) entre as faixas,Colisão transversal,Com Vítimas Feridas,Pleno dia,Decrescente,Céu Claro,Simples,Reta,Sim,3,0,1,0,2,0,1,2,-26.87179855,-49.1961658,SPRF-SC,DEL04-SC,UOP01-DEL04-SC,2024
"609524,0",2024-06-23,domingo,17:00:00,SC,101,"117,0",ITAJAI,Desrespeitar a preferência no cruzamento,Colisão transversal,Com Vítimas Feridas,Pleno dia,Crescente,Céu Claro,Dupla,Rotatória;Interseção de Vias,Sim,3,0,2,0,1,0,2,2,-26.88747187,-48.72252969,SPRF-SC,DEL04-SC,UOP04-DEL04-SC,2024
"609530,0",2024-06-23,domingo,17:30:00,SC,101,"397,6",MARACAJA,Ausência de reação do condutor,Colisão lateral mesmo sentido,Com Vítimas Feridas,Anoitecer,Crescente,Céu Claro,Múltipla,Curva,Não,2,0,1,0,1,0,1,2,-28.84467368,-49.43161011,SPRF-SC,DEL02-SC,UOP02-DEL02-SC,2024
"609536,0",2024-06-23,domingo,18:15:00,SC,101,"82,8",BARRA VELHA,Reação tardia ou ineficiente do condutor,Saída de leito carroçável,Com Vítimas Feridas,Plena Noite,Decrescente,Céu Claro,Dupla,Reta;Viaduto,Não,1,0,0,1,0,0,1,1,-26.62126745,-48.71671557,SPRF-SC,DEL03-SC,UOP02-DEL03-SC,2024
"609556,0",2024-06-23,domingo,18:20:00,SC,101,"278,0",IMBITUBA,Transitar na contramão,Colisão transversal,Com Vítimas Feridas,Plena Noite,Decrescente,Céu Claro,Simples,Reta,Sim,2,0,0,1,1,0,1,2,-28.16300604,-48.6939345,SPRF-SC,DEL02-SC,UOP03-DEL02-SC,2024
"609560,0",2024-06-23,domingo,18:30:00,SC,470,"243,7",CURITIBANOS,Ausência de reação do condutor,Colisão traseira,Com Vítimas Feridas,Plena Noite,Decrescente,Céu Claro,Simples,Curva,Não,4,0,2,0,2,0,2,2,-27.315144,-50.506874,SPRF-SC,DEL05-SC,UOP03-DEL05-SC,2024
"609575,0",2024-06-23,domingo,20:30:00,SC,101,"146,0",ITAPEMA,Ausência de reação do condutor,Colisão traseira,Com Vítimas Feridas,Plena Noite,Decrescente,Nublado,Dupla,Reta,Sim,2,0,0,1,1,0,1,2,-27.08666525,-48.60955587,SPRF-SC,DEL04-SC,UOP03-DEL04-SC,2024
"609580,0",2024-06-23,domingo,20:30:00,SC,282,"17,2",PALHOCA,Desrespeitar a preferência no cruzamento,Colisão transversal,Com Vítimas Feridas,Plena Noite,Crescente,Céu Claro,Simples,Interseção de Vias;Reta,Não,3,0,0,2,1,0,2,2,-27.665707,-48.688065,SPRF-SC,DEL01-SC,UOP02-DEL01-SC,2024
"609625,0",2024-06-24,segunda-feira,00:40:00,SC,280,"235,9",CANOINHAS,Ingestão de álcool pelo condutor,Saída de leito carroçável,Sem Vítimas,Plena Noite,Decrescente,Céu Claro,Simples,Reta,Sim,4,0,0,0,3,1,0,1,-26.19206283,-50.41295701,SPRF-SC,DEL06-SC,UOP04-DEL06-SC,2024
"609647,0",2024-06-24,segunda-feira,07:00:00,SC,470,"137,0",RIO DO SUL,Retorno proibido,Colisão transversal,Com Vítimas Feridas,Pleno dia,Crescente,Garoa/Chuvisco,Simples,Reta,Sim,3,0,0,1,1,1,1,3,-27.203201,-49.635063,SPRF-SC,DEL04-SC,UOP02-DEL04-SC,2024
"609659,0",2024-04-10,quarta-feira,07:20:00,SC,282,"26,0",SANTO AMARO DA IMPERATRIZ,Avarias e/ou desgaste excessivo no pneu,Queda de ocupante de veículo,Com Vítimas Feridas,Pleno dia,Decrescente,Céu Claro,Simples,Reta,Não,2,0,1,1,0,0,2,1,-27.680267,-48.762482,SPRF-SC,DEL01-SC,UOP03-DEL01-SC,2024
"609663,0",2024-06-24,segunda-feira,07:15:00,SC,101,"43,0",JOINVILLE,Reação tardia ou ineficiente do condutor,Colisão traseira,Com Vítimas Feridas,Pleno dia,Decrescente,Céu Claro,Múltipla,Reta;Aclive,Sim,5,0,1,0,4,0,1,3,-26.33575705,-48.8597846,SPRF-SC,DEL03-SC,UOP01-DEL03-SC,2024
"609665,0",2024-06-08,sábado,13:15:00,SC,101,"213,9",PALHOCA,Acessar a via sem observar a presença dos outros veículos,Atropelamento de Pedestre,Com Vítimas Feridas,Pleno dia,Decrescente,Céu Claro,Dupla,Reta,Sim,3,0,1,0,0,2,1,3,-27.63697369,-48.66514142,SPRF-SC,DEL01-SC,UOP02-DEL01-SC,2024
"609675,0",2024-06-24,segunda-feira,08:00:00,SC,101,"112,0",NAVEGANTES,Acesso irregular,Colisão frontal,Com Vítimas Feridas,Pleno dia,Decrescente,Nublado,Dupla,Curva,Sim,2,0,1,0,1,0,1,2,-26.84589005,-48.72131295,SPRF-SC,DEL04-SC,UOP04-DEL04-SC,2024
"609698,0",2024-06-24,segunda-feira,12:00:00,SC,101,"306,4",LAGUNA,Ausência de reação do condutor,Colisão com objeto,Com Vítimas Feridas,Pleno dia,Crescente,Chuva,Múltipla,Reta,Não,2,0,2,0,0,0,2,1,-28.40928281,-48.7923646,SPRF-SC,DEL02-SC,UOP03-DEL02-SC,2024
"609711,0",2024-06-24,segunda-feira,12:20:00,SC,153,"72,6",IRANI,Acumulo de água sobre o pavimento,Colisão com objeto,Com Vítimas Feridas,Pleno dia,Decrescente,Chuva,Simples,Aclive;Reta,Não,1,0,1,0,0,0,1,1,-27.065798,-51.893486,SPRF-SC,DEL07-SC,UOP04-DEL07-SC,2024
"609713,0",2024-06-24,segunda-feira,13:00:00,SC,101,"205,4",SAO JOSE,Demais falhas mecânicas ou elétricas,Saída de leito carroçável,Com Vítimas Feridas,Pleno dia,Crescente,Chuva,Dupla,Curva;Aclive,Sim,1,0,1,0,0,0,1,1,-27.58313237,-48.61532885,SPRF-SC,DEL01-SC,UOP01-DEL01-SC,2024
"609721,0",2024-02-18,domingo,03:30:00,SC,101,"294,3",IMBITUBA,Pedestre andava na pista,Atropelamento de Pedestre,Com Vítimas Feridas,Plena Noite,Crescente,Chuva,Simples,Reta,Não,5,0,1,1,2,1,2,3,-28.2913726,-48.709656,SPRF-SC,DEL02-SC,UOP03-DEL02-SC,2024
"609735,0",2024-06-24,segunda-feira,11:20:00,SC,470,"127,0",LONTRAS,Ausência de reação do condutor,Saída de leito carroçável,Com Vítimas Feridas,Pleno dia,Crescente,Chuva,Dupla,Curva,Não,3,0,3,0,0,0,3,1,-27.136574,-49.543015,SPRF-SC,DEL04-SC,UOP02-DEL04-SC,2024
"609740,0",2024-06-24,segunda-feira,16:00:00,SC,280,"24,8",ARAQUARI,Transitar no Acostamento,Colisão transversal,Com Vítimas Feridas,Pleno dia,Decrescente,Chuva,Simples,Reta,Sim,2,0,1,0,1,0,1,2,-26.37724921,-48.71953282,SPRF-SC,DEL03-SC,UOP03-DEL03-SC,2024
"609751,0",2024-06-24,segunda-feira,15:50:00,SC,101,"435,7",SOMBRIO,Acessar a via sem observar a presença dos outros veículos,Colisão transversal,Sem Vítimas,Pleno dia,Crescente,Chuva,Múltipla,Reta,Sim,2,0,0,0,2,0,0,2,-29.11290748,-49.63941693,SPRF-SC,DEL02-SC,UOP02-DEL02-SC,2024
"609765,0",2024-06-24,segunda-feira,14:30:00,SC,101,"448,0",SANTA ROSA DO SUL,Ausência de reação do condutor,Colisão traseira,Com Vítimas Feridas,Pleno dia,Decrescente,Chuva,Dupla,Reta,Não,3,0,1,0,2,0,1,2,-29.17532083,-49.75141525,SPRF-SC,DEL02-SC,UOP02-DEL02-SC,2024
"609778,0",2024-06-24,segunda-feira,18:30:00,SC,282,"560,2",NOVA ITABERABA,Ingestão de álcool pelo condutor,Colisão traseira,Sem Vítimas,Plena Noite,Decrescente,Céu Claro,Simples,Curva;Aclive,Não,3,0,0,0,3,0,0,2,-26.9257030487,-52.8503608704,SPRF-SC,DEL07-SC,UOP01-DEL07-SC,2024
"609783,0",2024-06-24,segunda-feira,19:05:00,SC,101,"336,6",TUBARAO,Reação tardia ou ineficiente do condutor,Engavetamento,Com Vítimas Feridas,Plena Noite,Crescente,Garoa/Chuvisco,Dupla,Declive,Sim,5,0,2,0,2,1,2,5,-28.47683698,-49.03063595,SPRF-SC,DEL02-SC,UOP01-DEL02-SC,2024
"609789,0",2024-06-24,segunda-feira,18:40:00,SC,101,"201,0",SAO JOSE,Condutor deixou de manter distância do veículo da frente,Colisão traseira,Com Vítimas Feridas,Plena Noite,Decrescente,Chuva,Dupla,Reta,Sim,2,0,1,0,1,0,1,2,-27.54836599,-48.61977975,SPRF-SC,DEL01-SC,UOP01-DEL01-SC,2024
"609794,0",2024-06-24,segunda-feira,18:00:00,SC,101,"383,0",ICARA,Ausência de reação do condutor,Tombamento,Com Vítimas Feridas,Plena Noite,Decrescente,Chuva,Dupla,Reta,Não,2,0,2,0,0,0,2,1,-28.768261,-49.30106163,SPRF-SC,DEL02-SC,UOP02-DEL02-SC,2024
"609863,0",2024-06-25,terça-feira,05:50:00,SC,470,"45,5",GASPAR,Desrespeitar a preferência no cruzamento,Colisão transversal,Com Vítimas Feridas,Amanhecer,Crescente,Nublado,Simples,Interseção de Vias;Em Obras;Reta,Não,3,0,2,0,1,0,2,2,-26.86286623,-49.03482741,SPRF-SC,DEL04-SC,UOP01-DEL04-SC,2024
"609913,0",2024-06-25,terça-feira,08:45:00,SC,101,"154,0",PORTO BELO,Reação tardia ou ineficiente do condutor,Saída de leito carroçável,Com Vítimas Feridas,Pleno dia,Decrescente,Nublado,Múltipla,Reta,Não,1,0,1,0,0,0,1,1,-27.153819,-48.61086393,SPRF-SC,DEL04-SC,UOP03-DEL04-SC,2024
"609929,0",2024-06-25,terça-feira,12:00:00,SC,282,"6,0",SAO JOSE,Ausência de reação do condutor,Tombamento,Com Vítimas Feridas,Pleno dia,Decrescente,Céu Claro,Dupla,Viaduto,Sim,1,0,1,0,0,0,1,1,-27.591936,-48.618244,SPRF-SC,DEL01-SC,UOP01-DEL01-SC,2024
"609935,0",2024-06-16,domingo,23:00:00,SC,470,"28,8",GASPAR,Reação tardia ou ineficiente do condutor,Colisão traseira,Com Vítimas Feridas,Plena Noite,Decrescente,Garoa/Chuvisco,Dupla,Reta,Não,2,0,2,0,0,0,2,2,-26.89362,-48.903973,SPRF-SC,DEL04-SC,UOP01-DEL04-SC,2024
"609946,0",2024-06-25,terça-feira,10:56:00,SC,101,"335,6",TUBARAO,Manobra de mudança de faixa,Colisão lateral mesmo sentido,Com Vítimas Feridas,Pleno dia,Decrescente,Nublado,Dupla,Declive;Reta,Sim,2,0,1,0,1,0,1,2,-28.47811293,-49.03210044,SPRF-SC,DEL02-SC,UOP01-DEL02-SC,2024
"609974,0",2024-06-25,terça-feira,16:50:00,SC,101,"216,5",PALHOCA,Desrespeitar a preferência no cruzamento,Colisão transversal,Sem Vítimas,Pleno dia,Decrescente,Céu Claro,Simples,Viaduto,Sim,2,0,0,0,2,0,0,2,-27.65981409,-48.67747798,SPRF-SC,DEL01-SC,UOP02-DEL01-SC,2024
"609982,0",2024-06-25,terça-feira,17:00:00,SC,101,"461,5",PASSO DE TORRES,Reação tardia ou ineficiente do condutor,Saída de leito carroçável,Com Vítimas Feridas,Pleno dia,Crescente,Nublado,Múltipla,Reta,Não,3,0,2,0,1,0,2,1,-29.26681993,-49.75517865,SPRF-RS,DEL03-RS,UOP02-DEL03-RS,2024
"609996,0",2024-06-25,terça-feira,16:40:00,SC,280,"179,5",MAFRA,Ingestão de álcool pelo condutor,Colisão traseira,Com Vítimas Feridas,Pleno dia,Decrescente,Chuva,Simples,Reta,Não,3,0,1,0,2,0,1,3,-26.17768641,-49.87831496,SPRF-SC,DEL06-SC,UOP01-DEL06-SC,2024
"610002,0",2024-06-25,terça-feira,18:30:00,SC,101,"210,0",SAO JOSE,Manobra de mudança de faixa,Colisão lateral mesmo sentido,Com Vítimas Feridas,Plena Noite,Crescente,Nublado,Múltipla,Reta,Sim,3,0,1,0,1,1,1,2,-27.6167305,-48.6457265,SPRF-SC,DEL01-SC,UOP01-DEL01-SC,2024
"610005,0",2024-06-25,terça-feira,17:50:00,SC,470,"2,0",NAVEGANTES,Acesso irregular,Colisão transversal,Com Vítimas Feridas,Plena Noite,Crescente,Céu Claro,Dupla,Reta;Em Obras,Sim,2,0,1,0,1,0,1,2,-26.868551,-48.674831,SPRF-SC,DEL04-SC,UOP04-DEL04-SC,2024
"610006,0",2024-06-25,terça-feira,16:30:00,SC,470,"126,8",LONTRAS,Condutor deixou de manter distância do veículo da frente,Colisão traseira,Com Vítimas Feridas,Pleno dia,Decrescente,Chuva,Simples,Declive;Reta;Interseção de Vias,Não,5,0,1,0,4,0,1,3,-27.129,-49.538277,SPRF-SC,DEL04-SC,UOP02-DEL04-SC,2024
"610015,0",2024-06-25,terça-feira,16:00:00,SC,101,"45,3",JOINVILLE,Ausência de reação do condutor,Colisão traseira,Com Vítimas Feridas,Pleno dia,Decrescente,Nublado,Dupla,Reta;Declive,Sim,2,0,1,0,1,0,1,2,-26.32214492,-48.8689509,SPRF-SC,DEL03-SC,UOP01-DEL03-SC,2024
"610019,0",2024-06-25,terça-feira,19:45:00,SC,282,"2,0",FLORIANOPOLIS,Objeto estático sobre o leito carroçável,Colisão com objeto,Com Vítimas Feridas,Plena Noite,Crescente,Chuva,Múltipla,Reta;Aclive,Sim,1,0,1,0,0,0,1,1,-27.603289,-48.590416,SPRF-SC,DEL01-SC,UOP01-DEL01-SC,2024
"610022,0",2024-06-25,terça-feira,20:00:00,SC,101,"207,0",SAO JOSE,Frear bruscamente,Queda de ocupante de veículo,Com Vítimas Feridas,Plena Noite,Crescente,Chuva,Dupla,Reta,Sim,1,0,1,0,0,0,1,1,-27.60001226,-48.6226467,SPRF-SC,DEL01-SC,UOP01-DEL01-SC,2024
"610062,0",2024-06-26,quarta-feira,00:20:00,SC,101,"134,0",BALNEARIO CAMBORIU,Ingestão de álcool pelo condutor,Colisão traseira,Com Vítimas Feridas,Plena Noite,Decrescente,Garoa/Chuvisco,Múltipla,Reta,Sim,2,0,0,1,1,0,1,2,-27.00218,-48.636433,SPRF-SC,DEL04-SC,UOP03-DEL04-SC,2024
"610080,0",2024-06-26,quarta-feira,04:30:00,SC,470,"57,4",BLUMENAU,Demais falhas na via,Tombamento,Com Vítimas Feridas,Plena Noite,Crescente,Garoa/Chuvisco,Simples,Desvio Temporário;Em Obras;Viaduto,Sim,1,0,1,0,0,0,1,1,-26.88180584,-49.13897574,SPRF-SC,DEL04-SC,UOP01-DEL04-SC,2024
"610108,0",2024-03-19,terça-feira,15:30:00,SC,101,"416,0",ARARANGUA,Reação tardia ou ineficiente do condutor,Colisão traseira,Com Vítimas Feridas,Pleno dia,Decrescente,Nublado,Múltipla,Reta,Sim,3,0,1,0,2,0,1,3,-28.96708874,-49.52338825,SPRF-SC,DEL02-SC,UOP02-DEL02-SC,2024
"610109,0",2024-06-26,quarta-feira,07:30:00,SC,470,"147,0",RIO DO SUL,Desrespeitar a preferência no cruzamento,Colisão transversal,Com Vítimas Feridas,Pleno dia,Decrescente,Garoa/Chuvisco,Simples,Reta,Sim,2,0,1,0,1,0,1,2,-27.24226517,-49.68805259,SPRF-SC,DEL04-SC,UOP02-DEL04-SC,2024
"610112,0",2024-06-02,domingo,17:10:00,SC,470,"64,9",INDAIAL,Condutor deixou de manter distância do veículo da frente,Colisão traseira,Com Vítimas Feridas,Pleno dia,Decrescente,Céu Claro,Simples,Reta,Não,4,0,1,1,2,0,2,2,-26.869867,-49.201859,SPRF-SC,DEL04-SC,UOP01-DEL04-SC,2024