id,data_inversa,dia_semana,horario,uf,br,km,municipio,causa_acidente,tipo_acidente,classificacao_acidente,fase_dia,sentido_via,condicao_metereologica,tipo_pista,tracado_via,uso_solo,pessoas,mortos,feridos_leves,feridos_graves,ilesos,ignorados,feridos,veiculos,latitude,longitude,regional,delegacia,uop,ano_arquivo
"610119,0",2024-06-26,quarta-feira,06:30:00,SC,280,"29,4",ARAQUARI,Desrespeitar a preferência no cruzamento,Colisão transversal,Com Vítimas Feridas,Amanhecer,Crescente,Nublado,Simples,Reta,Sim,3,0,1,0,2,0,1,3,-26.41066264,-48.75295628,SPRF-SC,DEL03-SC,UOP03-DEL03-SC,2024
"610124,0",2024-06-26,quarta-feira,06:40:00,SC,158,"108,0",CUNHA PORA,Chuva,Queda de ocupante de veículo,Com Vítimas Feridas,Pleno dia,Decrescente,Chuva,Simples,Curva,Sim,1,0,1,0,0,0,1,1,-26.87369346,-53.16378593,SPRF-SC,DEL07-SC,UOP02-DEL07-SC,2024
"610126,0",2024-06-01,sábado,17:55:00,SC,470,"140,0",RIO DO SUL,Acessar a via sem observar a presença dos outros veículos,Colisão transversal,Com Vítimas Feridas,Anoitecer,Decrescente,Céu Claro,Simples,Interseção de Vias,Sim,2,0,1,0,1,0,1,2,-27.222485,-49.662827,SPRF-SC,DEL04-SC,UOP02-DEL04-SC,2024
"610161,0",2024-06-26,quarta-feira,12:30:00,SC,101,"147,5",ITAPEMA,Transitar na contramão,Colisão frontal,Com Vítimas Feridas,Pleno dia,Crescente,Sol,Múltipla,Interseção de Vias,Sim,2,0,1,0,1,0,1,2,-27.09237407,-48.61730888,SPRF-SC,DEL04-SC,UOP03-DEL04-SC,2024
"610189,0",2024-06-26,quarta-feira,14:00:00,SC,101,"177,1",BIGUACU,Acessar a via sem observar a presença dos outros veículos,Colisão transversal,Com Vítimas Feridas,Pleno dia,Crescente,Sol,Simples,Reta,Não,3,0,1,0,2,0,1,2,-27.35538202,-48.63241474,SPRF-SC,DEL01-SC,UOP01-DEL01-SC,2024
"610211,0",2024-06-26,quarta-feira,17:35:00,SC,280,"131,0",RIO NEGRINHO,Acessar a via sem observar a presença dos outros veículos,Colisão transversal,Com Vítimas Feridas,Anoitecer,Decrescente,Céu Claro,Simples,Reta,Sim,2,0,1,0,1,0,1,2,-26.25581515,-49.53953493,SPRF-SC,DEL06-SC,UOP03-DEL06-SC,2024
"610214,0",2024-06-26,quarta-feira,18:00:00,SC,101,"204,3",SAO JOSE,Reação tardia ou ineficiente do condutor,Tombamento,Com Vítimas Feridas,Plena Noite,Decrescente,Nublado,Múltipla,Reta,Sim,1,0,1,0,0,0,1,1,-27.57413014,-48.61363083,SPRF-SC,DEL01-SC,UOP01-DEL01-SC,2024
"610222,0",2024-06-26,quarta-feira,18:00:00,SC,101,"117,0",ITAJAI,Condutor deixou de manter distância do veículo da frente,Colisão traseira,Com Vítimas Feridas,Plena Noite,Crescente,Céu Claro,Dupla,Declive;Viaduto,Não,4,0,1,0,3,0,1,2,-26.88747187,-48.72252969,SPRF-SC,DEL04-SC,UOP04-DEL04-SC,2024
"610223,0",2024-06-26,quarta-feira,18:30:00,SC,101,"192,0",BIGUACU,Ausência de reação do condutor,Colisão transversal,Com Vítimas Feridas,Plena Noite,Decrescente,Céu Claro,Múltipla,Reta,Não,2,0,1,0,1,0,1,2,-27.48443781,-48.64765238,SPRF-SC,DEL01-SC,UOP01-DEL01-SC,2024
"610253,0",2024-06-26,quarta-feira,20:30:00,SC,101,"204,9",SAO JOSE,Acessar a via sem observar a presença dos outros veículos,Colisão lateral mesmo sentido,Com Vítimas Feridas,Pleno dia,Decrescente,Céu Claro,Múltipla,Reta,Não,2,0,1,0,1,0,1,2,-27.57413014,-48.61363083,SPRF-SC,DEL01-SC,UOP01-DEL01-SC,2024
"610262,0",2024-06-26,quarta-feira,21:50:00,SC,282,"2,9",FLORIANOPOLIS,Acessar a via sem observar a presença dos outros veículos,Queda de ocupante de veículo,Com Vítimas Feridas,Plena Noite,Decrescente,Céu Claro,Múltipla,Curva,Não,2,0,1,0,1,0,1,2,-27.603289,-48.590416,SPRF-SC,DEL01-SC,UOP01-DEL01-SC,2024
"610263,0",2024-06-26,quarta-feira,22:20:00,SC,470,"54,4",BLUMENAU,Acessar a via sem observar a presença dos outros veículos,Colisão transversal,Com Vítimas Feridas,Plena Noite,Crescente,Céu Claro,Simples,Interseção de Vias,Não,4,0,1,0,3,0,1,2,-26.871065,-49.110374,SPRF-SC,DEL04-SC,UOP01-DEL04-SC,2024
"610270,0",2024-06-26,quarta-feira,19:40:00,SC,101,"296,0",IMBITUBA,Pedestre - Ingestão de álcool/ substâncias psicoativas,Colisão lateral sentido oposto,Sem Vítimas,Plena Noite,Decrescente,Céu Claro,Múltipla,Reta,Não,2,0,0,0,2,0,0,2,-28.30563701,-48.72103898,SPRF-SC,DEL02-SC,UOP03-DEL02-SC,2024
"610300,0",2024-06-27,quinta-feira,06:35:00,SC,101,"141,0",BALNEARIO CAMBORIU,Reação tardia ou ineficiente do condutor,Colisão com objeto,Com Vítimas Feridas,Amanhecer,Decrescente,Céu Claro,Simples,Reta,Sim,1,0,1,0,0,0,1,1,-27.04761729,-48.59995855,SPRF-SC,DEL04-SC,UOP03-DEL04-SC,2024
"610309,0",2024-06-27,quinta-feira,07:30:00,SC,470,"89,5",ASCURRA,Desrespeitar a preferência no cruzamento,Colisão transversal,Com Vítimas Feridas,Pleno dia,Crescente,Céu Claro,Simples,Interseção de Vias,Não,2,0,0,1,1,0,1,2,-26.961573,-49.371918,SPRF-SC,DEL04-SC,UOP01-DEL04-SC,2024
"610321,0",2024-06-27,quinta-feira,07:00:00,SC,470,"136,2",RIO DO SUL,Desrespeitar a preferência no cruzamento,Colisão transversal,Com Vítimas Feridas,Amanhecer,Decrescente,Céu Claro,Simples,Reta;Retorno Regulamentado,Sim,2,0,1,0,1,0,1,2,-27.18634716,-49.60682273,SPRF-SC,DEL04-SC,UOP02-DEL04-SC,2024
"610322,0",2024-06-27,quinta-feira,07:45:00,SC,101,"212,7",PALHOCA,Acessar a via sem observar a presença dos outros veículos,Colisão lateral mesmo sentido,Com Vítimas Feridas,Pleno dia,Decrescente,Céu Claro,Múltipla,Reta,Sim,2,0,1,0,1,0,1,2,-27.62996929,-48.65903871,SPRF-SC,DEL01-SC,UOP02-DEL01-SC,2024
"610340,0",2024-06-27,quinta-feira,07:30:00,SC,282,"2,0",FLORIANOPOLIS,Manobra de mudança de faixa,Colisão lateral mesmo sentido,Com Vítimas Feridas,Pleno dia,Decrescente,Céu Claro,Dupla,Reta,Sim,2,0,0,1,0,1,1,2,-27.603289,-48.590416,SPRF-SC,DEL01-SC,UOP01-DEL01-SC,2024
"610350,0",2024-06-27,quinta-feira,09:40:00,SC,282,"5,4",SAO JOSE,Acessar a via sem observar a presença dos outros veículos,Colisão lateral mesmo sentido,Com Vítimas Feridas,Pleno dia,Decrescente,Sol,Dupla,Reta;Viaduto,Sim,2,0,0,1,1,0,1,2,-27.588425,-48.612919,SPRF-SC,DEL01-SC,UOP01-DEL01-SC,2024
"610356,0",2024-06-27,quinta-feira,06:50:00,SC,282,"609,2",MARAVILHA,Reação tardia ou ineficiente do condutor,Saída de leito carroçável,Sem Vítimas,Amanhecer,Crescente,Céu Claro,Simples,Reta,Não,1,0,0,0,0,1,0,1,-26.761354,-53.221897,SPRF-SC,DEL07-SC,UOP02-DEL07-SC,2024
"610357,0",2024-06-27,quinta-feira,10:35:00,SC,101,"130,0",BALNEARIO CAMBORIU,Reação tardia ou ineficiente do condutor,Colisão lateral mesmo sentido,Com Vítimas Feridas,Pleno dia,Decrescente,Céu Claro,Dupla,Reta,Sim,2,0,1,0,1,0,1,2,-26.98407618,-48.66977107,SPRF-SC,DEL04-SC,UOP03-DEL04-SC,2024
"610380,0",2024-06-27,quinta-feira,13:00:00,SC,101,"154,5",PORTO BELO,Condutor deixou de manter distância do veículo da frente,Colisão traseira,Com Vítimas Feridas,Pleno dia,Decrescente,Céu Claro,Múltipla,Reta,Sim,2,0,1,0,1,0,1,2,-27.153819,-48.61086393,SPRF-SC,DEL04-SC,UOP03-DEL04-SC,2024
"610385,0",2024-06-27,quinta-feira,13:45:00,SC,101,"149,0",ITAPEMA,Ausência de reação do condutor,Colisão transversal,Com Vítimas Feridas,Pleno dia,Decrescente,Céu Claro,Dupla,Viaduto;Interseção de Vias,Sim,2,0,2,0,0,0,2,2,-27.1089649,-48.61277586,SPRF-SC,DEL04-SC,UOP03-DEL04-SC,2024
"610447,0",2024-06-27,quinta-feira,18:20:00,SC,101,"209,7",SAO JOSE,Condutor deixou de manter distância do veículo da frente,Colisão traseira,Com Vítimas Feridas,Plena Noite,Crescente,Nublado,Múltipla,Reta,Sim,6,0,2,0,4,0,2,5,-27.61000542,-48.63895057,SPRF-SC,DEL01-SC,UOP01-DEL01-SC,2024
"610455,0",2024-06-27,quinta-feira,18:20:00,SC,101,"211,7",PALHOCA,Ausência de reação do condutor,Colisão lateral mesmo sentido,Com Vítimas Feridas,Plena Noite,Decrescente,Céu Claro,Múltipla,Reta,Sim,2,0,1,0,1,0,1,2,-27.62329313,-48.65245588,SPRF-SC,DEL01-SC,UOP02-DEL01-SC,2024
"610486,0",2024-06-27,quinta-feira,22:40:00,SC,101,"205,5",SAO JOSE,Reação tardia ou ineficiente do condutor,Colisão com objeto,Com Vítimas Feridas,Plena Noite,Decrescente,Céu Claro,Múltipla,Reta;Interseção de Vias,Sim,2,0,0,1,1,0,1,1,-27.58313237,-48.61532885,SPRF-SC,DEL01-SC,UOP01-DEL01-SC,2024
"610487,0",2024-06-27,quinta-feira,22:15:00,SC,101,"8,0",GARUVA,Reação tardia ou ineficiente do condutor,Colisão traseira,Com Vítimas Feridas,Plena Noite,Crescente,Céu Claro,Dupla,Reta,Não,2,0,2,0,0,0,2,2,-26.044942,-48.859703,SPRF-SC,DEL03-SC,UOP01-DEL03-SC,2024
"610611,0",2024-06-28,sexta-feira,15:45:00,SC,470,"52,1",BLUMENAU,Acessar a via sem observar a presença dos outros veículos,Colisão transversal,Com Vítimas Feridas,Pleno dia,Crescente,Céu Claro,Simples,Reta,Sim,5,0,1,0,4,0,1,2,-26.867121,-49.102066,SPRF-SC,DEL04-SC,UOP01-DEL04-SC,2024
"610616,0",2024-06-28,sexta-feira,15:10:00,SC,282,"26,5",SANTO AMARO DA IMPERATRIZ,Desrespeitar a preferência no cruzamento,Colisão transversal,Com Vítimas Feridas,Pleno dia,Decrescente,Nublado,Simples,Retorno Regulamentado;Reta,Não,2,0,1,1,0,0,2,2,-27.680267,-48.762482,SPRF-SC,DEL01-SC,UOP03-DEL01-SC,2024
"610626,0",2024-06-28,sexta-feira,13:43:00,SC,116,"219,4",CORREIA PINTO,Acessar a via sem observar a presença dos outros veículos,Colisão transversal,Com Vítimas Feridas,Pleno dia,Decrescente,Nublado,Simples,Rotatória;Interseção de Vias,Sim,2,0,1,0,1,0,1,2,-27.57012897,-50.37318791,SPRF-SC,DEL05-SC,UOP03-DEL05-SC,2024
"610632,0",2024-06-28,sexta-feira,17:35:00,SC,101,"119,0",ITAJAI,Acessar a via sem observar a presença dos outros veículos,Colisão transversal,Sem Vítimas,Anoitecer,Decrescente,Céu Claro,Múltipla,Reta,Sim,2,0,0,0,2,0,0,2,-26.9043179,-48.71555481,SPRF-SC,DEL04-SC,UOP04-DEL04-SC,2024
"610639,0",2024-06-28,sexta-feira,18:00:00,SC,280,"52,0",GUARAMIRIM,Acessar a via sem observar a presença dos outros veículos,Colisão lateral mesmo sentido,Com Vítimas Feridas,Plena Noite,Crescente,Céu Claro,Dupla,Retorno Regulamentado,Sim,3,0,1,0,2,0,1,2,-26.468904,-48.96492,SPRF-SC,DEL03-SC,UOP03-DEL03-SC,2024
"610671,0",2024-06-28,sexta-feira,18:55:00,SC,280,"214,0",TRES BARRAS,Ingestão de álcool pelo condutor,Colisão lateral mesmo sentido,Sem Vítimas,Plena Noite,Crescente,Céu Claro,Simples,Reta,Não,2,0,0,0,2,0,0,2,-26.18318414,-50.20686497,SPRF-SC,DEL06-SC,UOP04-DEL06-SC,2024
"610695,0",2024-06-28,sexta-feira,22:00:00,SC,470,"2,0",NAVEGANTES,Reação tardia ou ineficiente do condutor,Colisão com objeto,Com Vítimas Feridas,Plena Noite,Crescente,Céu Claro,Dupla,Reta;Em Obras,Não,1,0,1,0,0,0,1,1,-26.868551,-48.674831,SPRF-SC,DEL04-SC,UOP04-DEL04-SC,2024
"610710,0",2024-06-28,sexta-feira,23:40:00,SC,280,"56,2",GUARAMIRIM,Acessar a via sem observar a presença dos outros veículos,Colisão transversal,Com Vítimas Feridas,Plena Noite,Decrescente,Nublado,Dupla,Reta,Sim,2,0,2,0,0,0,2,2,-26.47947677,-49.00298702,SPRF-SC,DEL03-SC,UOP03-DEL03-SC,2024
"610722,0",2024-06-29,sábado,02:30:00,SC,101,"207,5",SAO JOSE,Ausência de reação do condutor,Colisão traseira,Com Vítimas Fatais,Plena Noite,Decrescente,Céu Claro,Múltipla,Reta;Declive,Sim,3,1,0,0,0,2,0,3,-27.60327979,-48.63201818,SPRF-SC,DEL01-SC,UOP01-DEL01-SC,2024
"610724,0",2024-06-29,sábado,03:00:00,SC,101,"30,9",JOINVILLE,Suicídio (presumido),Atropelamento de Pedestre,Com Vítimas Fatais,Plena Noite,Crescente,Nublado,Dupla,Reta,Não,2,1,0,0,0,1,0,2,-26.2357983,-48.9153365,SPRF-SC,DEL03-SC,UOP01-DEL03-SC,2024
"610739,0",2024-06-29,sábado,05:50:00,SC,101,"276,9",IMBITUBA,Velocidade Incompatível,Colisão com objeto,Sem Vítimas,Plena Noite,Decrescente,Céu Claro,Múltipla,Interseção de Vias,Não,1,0,0,0,0,1,0,1,-28.1663,-48.6939,SPRF-SC,DEL02-SC,UOP03-DEL02-SC,2024
"610778,0",2024-06-29,sábado,10:50:00,SC,101,"334,2",TUBARAO,Acessar a via sem observar a presença dos outros veículos,Colisão lateral mesmo sentido,Com Vítimas Feridas,Pleno dia,Decrescente,Céu Claro,Múltipla,Interseção de Vias,Sim,2,0,1,0,1,0,1,2,-28.46927473,-49.01557908,SPRF-SC,DEL02-SC,UOP01-DEL02-SC,2024
"610784,0",2024-06-29,sábado,10:35:00,SC,280,"55,4",GUARAMIRIM,Desrespeitar a preferência no cruzamento,Colisão transversal,Com Vítimas Feridas,Pleno dia,Crescente,Céu Claro,Simples,Rotatória,Sim,3,0,2,0,1,0,2,2,-26.46657766,-48.95988464,SPRF-SC,DEL03-SC,UOP03-DEL03-SC,2024
"610812,0",2024-06-29,sábado,12:15:00,SC,116,"218,8",CORREIA PINTO,Reação tardia ou ineficiente do condutor,Colisão traseira,Com Vítimas Feridas,Pleno dia,Decrescente,Céu Claro,Simples,Reta;Declive,Sim,2,0,0,1,0,1,1,2,-27.57710111,-50.3702867,SPRF-SC,DEL05-SC,UOP03-DEL05-SC,2024
"610813,0",2024-06-29,sábado,13:30:00,SC,101,"208,0",SAO JOSE,Condutor deixou de manter distância do veículo da frente,Colisão traseira,Com Vítimas Feridas,Pleno dia,Crescente,Céu Claro,Múltipla,Reta,Sim,2,0,1,0,1,0,1,2,-27.60327979,-48.63201818,SPRF-SC,DEL01-SC,UOP01-DEL01-SC,2024
"610828,0",2024-06-29,sábado,15:13:00,SC,470,"45,5",GASPAR,Acessar a via sem observar a presença dos outros veículos,Colisão transversal,Sem Vítimas,Pleno dia,Crescente,Céu Claro,Simples,Interseção de Vias;Reta,Não,2,0,0,0,1,1,0,2,-26.867064,-49.031109,SPRF-SC,DEL04-SC,UOP01-DEL04-SC,2024
"610843,0",2024-06-29,sábado,13:15:00,SC,470,"86,0",RODEIO,Acessar a via sem observar a presença dos outros veículos,Colisão transversal,Com Vítimas Feridas,Pleno dia,Crescente,Céu Claro,Simples,Reta;Rotatória;Interseção de Vias,Não,4,0,3,0,1,0,3,2,-26.949951,-49.357296,SPRF-SC,DEL04-SC,UOP01-DEL04-SC,2024
"610846,0",2024-06-29,sábado,16:20:00,SC,153,"64,5",IRANI,Reação tardia ou ineficiente do condutor,Colisão traseira,Sem Vítimas,Pleno dia,Decrescente,Céu Claro,Simples,Curva,Sim,2,0,0,0,2,0,0,2,-27.003662,-51.872604,SPRF-SC,DEL07-SC,UOP04-DEL07-SC,2024
"610861,0",2024-06-29,sábado,17:35:00,SC,101,"87,5",BARRA VELHA,Área urbana sem a presença de local apropriado para a travessia de pedestres,Atropelamento de Pedestre,Com Vítimas Feridas,Anoitecer,Crescente,Céu Claro,Dupla,Reta,Sim,3,0,0,1,2,0,1,2,-26.64563353,-48.68752956,SPRF-SC,DEL03-SC,UOP02-DEL03-SC,2024
"610879,0",2024-06-29,sábado,18:00:00,SC,280,"236,4",CANOINHAS,Acessar a via sem observar a presença dos outros veículos,Colisão transversal,Com Vítimas Feridas,Plena Noite,Decrescente,Céu Claro,Simples,Reta,Sim,3,0,2,0,1,0,2,2,-26.19473731,-50.42288587,SPRF-SC,DEL06-SC,UOP04-DEL06-SC,2024
"610887,0",2024-06-29,sábado,15:35:00,SC,282,"609,8",MARAVILHA,Transitar na contramão,Colisão frontal,Com Vítimas Fatais,Pleno dia,Decrescente,Sol,Simples,Reta;Aclive,Não,3,1,1,0,0,1,1,3,-26.7563711,-53.230295,SPRF-SC,DEL07-SC,UOP02-DEL07-SC,2024
"610937,0",2024-06-29,sábado,20:30:00,SC,101,"382,4",ICARA,Condutor deixou de manter distância do veículo da frente,Colisão traseira,Com Vítimas Feridas,Plena Noite,Crescente,Céu Claro,Dupla,Reta;Declive,Não,4,0,1,0,3,0,1,2,-28.75966988,-49.28552404,SPRF-SC,DEL02-SC,UOP02-DEL02-SC,2024
"610942,0",2024-06-29,sábado,23:00:00,SC,470,"72,3",INDAIAL,Ausência de reação do condutor,Saída de leito carroçável,Sem Vítimas,Plena Noite,Crescente,Céu Claro,Dupla,Reta,Sim,1,0,0,0,0,1,0,1,-26.901979,-49.268745,SPRF-SC,DEL04-SC,UOP01-DEL04-SC,2024
"610948,0",2024-06-29,sábado,22:50:00,SC,101,"299,5",LAGUNA,Transitar no Acostamento,Colisão lateral mesmo sentido,Com Vítimas Feridas,Plena Noite,Decrescente,Céu Claro,Dupla,Reta,Não,2,0,0,1,0,1,1,2,-28.35561347,-48.74403,SPRF-SC,DEL02-SC,UOP03-DEL02-SC,2024
"610951,0",2024-06-30,domingo,00:55:00,SC,282,"4,9",SAO JOSE,Velocidade Incompatível,Colisão lateral mesmo sentido,Com Vítimas Feridas,Plena Noite,Decrescente,Nublado,Múltipla,Reta;Declive,Sim,2,0,1,0,1,0,1,1,-27.592646,-48.604034,SPRF-SC,DEL01-SC,UOP01-DEL01-SC,2024
"610985,0",2024-06-30,domingo,05:00:00,SC,282,"520,6",XAXIM,Ausência de reação do condutor,Colisão traseira,Com Vítimas Feridas,Plena Noite,Decrescente,Céu Claro,Simples,Rotatória,Sim,4,0,2,0,0,2,2,3,-26.950415,-52.526096,SPRF-SC,DEL07-SC,UOP01-DEL07-SC,2024
"611039,0",2024-06-30,domingo,12:45:00,SC,153,"94,0",CONCORDIA,Conversão proibida,Colisão transversal,Com Vítimas Feridas,Pleno dia,Decrescente,Céu Claro,Simples,Curva,Não,4,0,3,0,1,0,3,2,-27.200716,-51.940483,SPRF-SC,DEL07-SC,UOP04-DEL07-SC,2024
"611060,0",2024-06-30,domingo,14:19:00,SC,280,"22,4",ARAQUARI,Reação tardia ou ineficiente do condutor,Colisão traseira,Com Vítimas Feridas,Pleno dia,Crescente,Sol,Dupla,Reta,Sim,4,0,2,0,2,0,2,3,-26.37092616,-48.70204099,SPRF-SC,DEL03-SC,UOP03-DEL03-SC,2024
"611075,0",2024-06-30,domingo,16:05:00,SC,101,"144,0",ITAPEMA,Reação tardia ou ineficiente do condutor,Engavetamento,Com Vítimas Feridas,Pleno dia,Decrescente,Sol,Dupla,Reta,Sim,5,0,1,0,4,0,1,4,-27.0732659,-48.59672716,SPRF-SC,DEL04-SC,UOP03-DEL04-SC,2024
"611098,0",2024-06-30,domingo,18:05:00,SC,101,"124,1",ITAJAI,Trafegar com motocicleta (ou similar) entre as faixas,Colisão lateral mesmo sentido,Com Vítimas Feridas,Anoitecer,Decrescente,Nublado,Dupla,Curva,Não,2,0,1,0,1,0,1,2,-26.94335064,-48.69198648,SPRF-SC,DEL04-SC,UOP04-DEL04-SC,2024
"611101,0",2024-06-30,domingo,17:30:00,SC,282,"26,5",SANTO AMARO DA IMPERATRIZ,Acessar a via sem observar a presença dos outros veículos,Colisão transversal,Com Vítimas Feridas,Anoitecer,Decrescente,Céu Claro,Simples,Reta,Não,3,0,1,0,2,0,1,2,-27.680267,-48.762482,SPRF-SC,DEL01-SC,UOP03-DEL01-SC,2024
"611124,0",2024-06-30,domingo,19:50:00,SC,470,"146,2",RIO DO SUL,Transitar na contramão,Colisão frontal,Sem Vítimas,Plena Noite,Crescente,Céu Claro,Simples,Reta,Sim,2,0,0,0,2,0,0,2,-27.23906293,-49.68415618,SPRF-SC,DEL04-SC,UOP02-DEL04-SC,2024
"611127,0",2024-06-30,domingo,19:11:00,SC,101,"400,5",MARACAJA,Ingestão de álcool pelo condutor,Saída de leito carroçável,Sem Vítimas,Plena Noite,Crescente,Céu Claro,Múltipla,Reta,Não,1,0,0,0,1,0,0,1,-28.867989,-49.449936,SPRF-SC,DEL02-SC,UOP02-DEL02-SC,2024
"611137,0",2024-06-30,domingo,20:15:00,SC,101,"102,5",BALNEARIO PICARRAS,Pedestre - Ingestão de álcool/ substâncias psicoativas,Atropelamento de Pedestre,Com Vítimas Fatais,Plena Noite,Crescente,Céu Claro,Múltipla,Reta,Não,2,1,0,0,1,0,0,2,-26.7792202,-48.6847298,SPRF-SC,DEL03-SC,UOP02-DEL03-SC,2024
"611145,0",2024-06-30,domingo,17:00:00,SC,280,"1,4",DIONISIO CERQUEIRA,Ingestão de álcool pelo condutor,Saída de leito carroçável,Com Vítimas Fatais,Pleno dia,Decrescente,Sol,Simples,Reta;Em Obras,Sim,4,1,1,1,0,1,2,2,-26.2689942,-53.62901341,SPRF-SC,DEL03-SC,UOP03-DEL03-SC,2024
"611148,0",2024-06-30,domingo,20:15:00,SC,101,"1,3",GARUVA,Manobra de mudança de faixa,Colisão lateral mesmo sentido,Com Vítimas Feridas,Plena Noite,Crescente,Céu Claro,Múltipla,Reta,Não,3,0,3,0,0,0,3,2,-25.98895627,-48.88356133,SPRF-SC,DEL03-SC,UOP01-DEL03-SC,2024
"611153,0",2024-06-30,domingo,19:45:00,SC,101,"72,0",ARAQUARI,Entrada inopinada do pedestre,Atropelamento de Pedestre,Com Vítimas Feridas,Plena Noite,Crescente,Céu Claro,Dupla,Reta,Não,2,0,1,0,1,0,1,2,-26.52700004,-48.71551117,SPRF-SC,DEL03-SC,UOP02-DEL03-SC,2024
"611158,0",2024-06-30,domingo,22:15:00,SC,101,"205,0",SAO JOSE,Manobra de mudança de faixa,Colisão lateral mesmo sentido,Com Vítimas Feridas,Plena Noite,Decrescente,Nublado,Múltipla,Reta,Sim,2,0,1,0,1,0,1,2,-27.58313237,-48.61532885,SPRF-SC,DEL01-SC,UOP01-DEL01-SC,2024
"611165,0",2024-06-30,domingo,22:30:00,SC,101,"138,0",BALNEARIO CAMBORIU,Transitar na contramão,Colisão frontal,Com Vítimas Feridas,Plena Noite,Decrescente,Céu Claro,Múltipla,Reta,Sim,2,0,2,0,0,0,2,2,-27.02397426,-48.60761649,SPRF-SC,DEL04-SC,UOP03-DEL04-SC,2024
"611170,0",2024-06-30,domingo,23:19:00,SC,280,"28,0",ARAQUARI,Transitar na contramão,Colisão frontal,Com Vítimas Feridas,Plena Noite,Decrescente,Nublado,Simples,Reta,Não,2,0,1,0,1,0,1,2,-26.40450077,-48.74561031,SPRF-SC,DEL03-SC,UOP03-DEL03-SC,2024
"611208,0",2024-07-01,segunda-feira,07:15:00,SC,101,"132,7",BALNEARIO CAMBORIU,Reação tardia ou ineficiente do condutor,Tombamento,Com Vítimas Feridas,Pleno dia,Crescente,Céu Claro,Simples,Reta,Sim,1,0,0,1,0,0,1,1,-26.99654133,-48.65564711,SPRF-SC,DEL04-SC,UOP03-DEL04-SC,2024
"611216,0",2024-07-01,segunda-feira,01:40:00,SC,282,"419,0",VARGEM BONITA,Ingestão de álcool pelo condutor,Saída de leito carroçável,Sem Vítimas,Plena Noite,Crescente,Céu Claro,Simples,Curva,Não,1,0,0,0,1,0,0,1,-27.019398,-51.729195,SPRF-SC,DEL07-SC,UOP05-DEL07-SC,2024
"611221,0",2024-07-01,segunda-feira,00:01:00,SC,282,"435,2",VARGEM BONITA,Reação tardia ou ineficiente do condutor,Saída de leito carroçável,Com Vítimas Feridas,Plena Noite,Crescente,Nevoeiro/Neblina,Simples,Curva,Não,2,0,2,0,0,0,2,1,-26.9796699,-51.80489302,SPRF-SC,DEL07-SC,UOP04-DEL07-SC,2024
"611222,0",2024-06-30,domingo,18:00:00,SC,153,"15,9",AGUA DOCE,Acessar a via sem observar a presença dos outros veículos,Colisão transversal,Com Vítimas Feridas,Anoitecer,Decrescente,Céu Claro,Simples,Curva;Interseção de Vias,Não,3,0,0,2,1,0,2,2,-26.702927,-51.581104,SPRF-SC,DEL07-SC,UOP07-DEL07-SC,2024
"611230,0",2024-07-01,segunda-feira,07:50:00,SC,282,"3,8",SAO JOSE,Trafegar com motocicleta (ou similar) entre as faixas,Colisão lateral mesmo sentido,Com Vítimas Feridas,Pleno dia,Decrescente,Céu Claro,Dupla,Reta,Sim,3,0,1,0,2,0,1,2,-27.592646,-48.604034,SPRF-SC,DEL01-SC,UOP01-DEL01-SC,2024
"611255,0",2024-07-01,segunda-feira,11:30:00,SC,101,"215,7",PALHOCA,Acessar a via sem observar a presença dos outros veículos,Colisão lateral mesmo sentido,Com Vítimas Feridas,Pleno dia,Crescente,Céu Claro,Dupla,Interseção de Vias,Não,2,0,1,0,1,0,1,2,-27.65184843,-48.67604941,SPRF-SC,DEL01-SC,UOP02-DEL01-SC,2024
"611275,0",2024-07-01,segunda-feira,12:10:00,SC,163,"70,8",SAO MIGUEL DO OESTE,Desrespeitar a preferência no cruzamento,Colisão frontal,Com Vítimas Feridas,Pleno dia,Decrescente,Céu Claro,Dupla,Reta;Interseção de Vias,Sim,2,0,1,0,1,0,1,2,-26.73461723,-53.50680015,SPRF-SC,DEL07-SC,UOP03-DEL07-SC,2024
"611279,0",2024-07-01,segunda-feira,13:40:00,SC,101,"204,7",SAO JOSE,Condutor deixou de manter distância do veículo da frente,Colisão traseira,Com Vítimas Feridas,Pleno dia,Crescente,Céu Claro,Dupla,Reta,Sim,2,0,1,0,1,0,1,2,-27.57413014,-48.61363083,SPRF-SC,DEL01-SC,UOP01-DEL01-SC,2024
"611303,0",2024-07-01,segunda-feira,15:50:00,SC,470,"49,2",BLUMENAU,Conversão proibida,Colisão traseira,Com Vítimas Feridas,Pleno dia,Decrescente,Nublado,Múltipla,Em Obras;Interseção de Vias,Não,2,0,1,0,1,0,1,2,-26.860662,-49.065159,SPRF-SC,DEL04-SC,UOP01-DEL04-SC,2024