id,data_inversa,dia_semana,horario,uf,br,km,municipio,causa_acidente,tipo_acidente,classificacao_acidente,fase_dia,sentido_via,condicao_metereologica,tipo_pista,tracado_via,uso_solo,pessoas,mortos,feridos_leves,feridos_graves,ilesos,ignorados,feridos,veiculos,latitude,longitude,regional,delegacia,uop,ano_arquivo
"611308,0",2024-07-01,segunda-feira,15:35:00,SC,101,"207,0",SAO JOSE,Condutor deixou de manter distância do veículo da frente,Colisão traseira,Com Vítimas Feridas,Pleno dia,Decrescente,Céu Claro,Múltipla,Declive;Reta,Sim,2,0,1,0,1,0,1,2,-27.60001226,-48.6226467,SPRF-SC,DEL01-SC,UOP01-DEL01-SC,2024
"611319,0",2024-07-01,segunda-feira,17:00:00,SC,101,"85,0",BARRA VELHA,Reação tardia ou ineficiente do condutor,Queda de ocupante de veículo,Com Vítimas Feridas,Anoitecer,Decrescente,Sol,Múltipla,Reta,Não,1,0,1,0,0,0,1,1,-26.62840879,-48.70813584,SPRF-SC,DEL03-SC,UOP02-DEL03-SC,2024
"611334,0",2024-07-01,segunda-feira,18:00:00,SC,470,"66,5",INDAIAL,Reação tardia ou ineficiente do condutor,Colisão transversal,Com Vítimas Feridas,Plena Noite,Crescente,Céu Claro,Simples,Interseção de Vias,Sim,2,0,1,0,1,0,1,2,-26.87004889,-49.22747994,SPRF-SC,DEL04-SC,UOP01-DEL04-SC,2024
"611346,0",2024-07-01,segunda-feira,17:30:00,SC,470,"3,0",NAVEGANTES,Manobra de mudança de faixa,Colisão lateral mesmo sentido,Com Vítimas Feridas,Plena Noite,Crescente,Nublado,Dupla,Reta,Não,2,0,0,1,1,0,1,2,-26.861937,-48.681618,SPRF-SC,DEL04-SC,UOP04-DEL04-SC,2024
"611359,0",2024-07-01,segunda-feira,19:28:00,SC,101,"258,1",GAROPABA,Acessar a via sem observar a presença dos outros veículos,Colisão traseira,Com Vítimas Feridas,Plena Noite,Decrescente,Céu Claro,Dupla,Reta;Aclive,Não,4,0,1,0,3,0,1,2,-28.07699803,-48.71234311,SPRF-SC,DEL02-SC,UOP03-DEL02-SC,2024
"611364,0",2024-07-01,segunda-feira,17:15:00,SC,153,"82,6",CONCORDIA,Transitar na contramão,Colisão frontal,Com Vítimas Feridas,Pleno dia,Decrescente,Céu Claro,Simples,Curva,Não,5,0,3,0,2,0,3,2,-27.122955,-51.926865,SPRF-SC,DEL07-SC,UOP04-DEL07-SC,2024
"611369,0",2024-07-01,segunda-feira,20:40:00,SC,101,"428,2",SOMBRIO,Pedestre andava na pista,Atropelamento de Pedestre,Com Vítimas Feridas,Plena Noite,Crescente,Ignorado,Múltipla,Reta,Não,2,0,0,1,0,1,1,2,-29.04956699,-49.6200943,SPRF-SC,DEL02-SC,UOP02-DEL02-SC,2024
"611380,0",2024-07-01,segunda-feira,22:10:00,SC,101,"333,7",TUBARAO,Ausência de reação do condutor,Colisão traseira,Sem Vítimas,Plena Noite,Decrescente,Céu Claro,Múltipla,Reta;Interseção de Vias,Sim,3,0,0,0,3,0,0,2,-28.46978534,-49.01518106,SPRF-SC,DEL02-SC,UOP01-DEL02-SC,2024
"611383,0",2024-07-01,segunda-feira,16:45:00,SC,280,"283,5",IRINEOPOLIS,Suicídio (presumido),Colisão traseira,Com Vítimas Fatais,Pleno dia,Decrescente,Céu Claro,Simples,Declive;Reta,Não,5,1,2,0,2,0,2,3,-26.294141,-50.856575,SPRF-SC,DEL06-SC,UOP04-DEL06-SC,2024
"611385,0",2024-07-01,segunda-feira,22:05:00,SC,282,"401,0",JOACABA,Ingestão de substâncias psicoativas pelo condutor,Saída de leito carroçável,Com Vítimas Feridas,Plena Noite,Decrescente,Céu Claro,Simples,Reta,Não,1,0,1,0,0,0,1,1,-27.098232,-51.651218,SPRF-SC,DEL07-SC,UOP05-DEL07-SC,2024
"611401,0",2024-07-02,terça-feira,00:05:00,SC,282,"353,0",CAMPOS NOVOS,Condutor Dormindo,Colisão frontal,Com Vítimas Feridas,Plena Noite,Decrescente,Céu Claro,Simples,Reta,Não,2,0,1,1,0,0,2,2,-27.35926631,-51.32529259,SPRF-SC,DEL07-SC,UOP06-DEL07-SC,2024
"611418,0",2024-07-02,terça-feira,07:15:00,SC,101,"201,6",SAO JOSE,Manobra de mudança de faixa,Colisão lateral mesmo sentido,Com Vítimas Feridas,Pleno dia,Crescente,Céu Claro,Múltipla,Reta,Sim,2,0,1,0,1,0,1,2,-27.54836599,-48.61977975,SPRF-SC,DEL01-SC,UOP01-DEL01-SC,2024
"611422,0",2024-07-02,terça-feira,07:10:00,SC,101,"137,0",BALNEARIO CAMBORIU,Trafegar com motocicleta (ou similar) entre as faixas,Colisão lateral mesmo sentido,Sem Vítimas,Pleno dia,Crescente,Nublado,Dupla,Reta,Sim,2,0,0,0,1,1,0,2,-27.0157238,-48.61192763,SPRF-SC,DEL04-SC,UOP03-DEL04-SC,2024
"611424,0",2024-07-02,terça-feira,07:10:00,SC,101,"154,2",PORTO BELO,Demais falhas mecânicas ou elétricas,Tombamento,Com Vítimas Feridas,Amanhecer,Crescente,Nublado,Dupla,Reta,Não,1,0,0,1,0,0,1,1,-27.153819,-48.61086393,SPRF-SC,DEL04-SC,UOP03-DEL04-SC,2024
"611435,0",2024-07-02,terça-feira,07:20:00,SC,470,"66,3",INDAIAL,Ultrapassagem Indevida,Colisão transversal,Com Vítimas Feridas,Pleno dia,Crescente,Céu Claro,Simples,Rotatória;Em Obras,Não,3,0,2,0,1,0,2,3,-26.87012373,-49.22745109,SPRF-SC,DEL04-SC,UOP01-DEL04-SC,2024
"611464,0",2024-07-02,terça-feira,10:35:00,SC,470,"87,1",ASCURRA,Conversão proibida,Colisão transversal,Com Vítimas Feridas,Pleno dia,Decrescente,Nublado,Simples,Aclive;Reta,Não,2,0,2,0,0,0,2,2,-26.95057659,-49.36928538,SPRF-SC,DEL04-SC,UOP01-DEL04-SC,2024
"611480,0",2024-07-02,terça-feira,12:50:00,SC,101,"97,4",BALNEARIO PICARRAS,Reação tardia ou ineficiente do condutor,Queda de ocupante de veículo,Com Vítimas Feridas,Pleno dia,Crescente,Céu Claro,Dupla,Reta;Aclive,Não,1,0,1,0,0,0,1,1,-26.72823703,-48.70224928,SPRF-SC,DEL03-SC,UOP02-DEL03-SC,2024
"611490,0",2024-07-02,terça-feira,12:30:00,SC,101,"208,2",SAO JOSE,Reação tardia ou ineficiente do condutor,Colisão com objeto,Com Vítimas Feridas,Pleno dia,Crescente,Céu Claro,Múltipla,Reta,Não,2,0,2,0,0,0,2,1,-27.60327979,-48.63201818,SPRF-SC,DEL01-SC,UOP01-DEL01-SC,2024
"611499,0",2024-07-02,terça-feira,13:35:00,SC,101,"134,0",BALNEARIO CAMBORIU,Desrespeitar a preferência no cruzamento,Colisão transversal,Com Vítimas Feridas,Pleno dia,Crescente,Céu Claro,Múltipla,Interseção de Vias;Rotatória,Sim,2,0,1,0,1,0,1,2,-27.00218,-48.636433,SPRF-SC,DEL04-SC,UOP03-DEL04-SC,2024
"611514,0",2024-07-02,terça-feira,16:00:00,SC,101,"276,3",IMBITUBA,Desrespeitar a preferência no cruzamento,Colisão com objeto,Com Vítimas Feridas,Pleno dia,Crescente,Céu Claro,Múltipla,Viaduto,Sim,3,0,1,0,2,0,1,2,-28.1466908,-48.69249523,SPRF-SC,DEL02-SC,UOP03-DEL02-SC,2024
"611528,0",2024-07-02,terça-feira,16:40:00,SC,101,"137,0",BALNEARIO CAMBORIU,Condutor deixou de manter distância do veículo da frente,Colisão traseira,Com Vítimas Feridas,Pleno dia,Decrescente,Céu Claro,Dupla,Reta,Sim,2,0,0,1,1,0,1,2,-27.0157238,-48.61192763,SPRF-SC,DEL04-SC,UOP03-DEL04-SC,2024
"611534,0",2024-07-02,terça-feira,17:30:00,SC,101,"139,0",BALNEARIO CAMBORIU,Trafegar com motocicleta (ou similar) entre as faixas,Colisão traseira,Com Vítimas Feridas,Anoitecer,Decrescente,Céu Claro,Dupla,Reta,Sim,4,0,1,0,3,0,1,3,-27.02982303,-48.60115006,SPRF-SC,DEL04-SC,UOP03-DEL04-SC,2024
"611547,0",2024-07-02,terça-feira,17:50:00,SC,116,"254,7",LAGES,Velocidade Incompatível,Colisão transversal,Com Vítimas Feridas,Anoitecer,Decrescente,Céu Claro,Simples,Em Obras;Declive;Retorno Regulamentado;Reta,Não,2,0,1,0,1,0,1,2,-27.87075278,-50.39910804,SPRF-SC,DEL05-SC,UOP02-DEL05-SC,2024
"611548,0",2024-07-02,terça-feira,18:15:00,SC,101,"214,0",PALHOCA,Trafegar com motocicleta (ou similar) entre as faixas,Colisão lateral mesmo sentido,Com Vítimas Feridas,Plena Noite,Crescente,Céu Claro,Múltipla,Reta,Sim,2,0,0,1,1,0,1,2,-27.64443,-48.67057,SPRF-SC,DEL01-SC,UOP02-DEL01-SC,2024
"611565,0",2024-07-02,terça-feira,19:00:00,SC,282,"504,0",XANXERE,Acessar a via sem observar a presença dos outros veículos,Colisão transversal,Com Vítimas Feridas,Plena Noite,Decrescente,Céu Claro,Simples,Reta,Sim,3,0,1,0,2,0,1,2,-26.884279,-52.408466,SPRF-SC,DEL07-SC,UOP01-DEL07-SC,2024
"611578,0",2024-06-21,sexta-feira,12:08:00,SC,282,"504,5",XANXERE,Ultrapassagem Indevida,Colisão lateral mesmo sentido,Com Vítimas Feridas,Pleno dia,Crescente,Céu Claro,Simples,Interseção de Vias,Sim,2,0,1,0,1,0,1,2,-26.884279,-52.408466,SPRF-SC,DEL07-SC,UOP01-DEL07-SC,2024
"611629,0",2024-07-02,terça-feira,21:20:00,SC,101,"397,0",MARACAJA,Ausência de reação do condutor,Saída de leito carroçável,Sem Vítimas,Plena Noite,Decrescente,Garoa/Chuvisco,Múltipla,Reta,Não,1,0,0,0,0,1,0,1,-28.83036461,-49.41244828,SPRF-SC,DEL02-SC,UOP02-DEL02-SC,2024
"611630,0",2024-06-01,sábado,06:30:00,SC,470,"56,0",BLUMENAU,Acessar a via sem observar a presença dos outros veículos,Tombamento,Com Vítimas Feridas,Amanhecer,Crescente,Ignorado,Simples,Interseção de Vias,Sim,2,0,1,0,1,0,1,2,-26.87730809,-49.12986344,SPRF-SC,DEL04-SC,UOP01-DEL04-SC,2024
"611652,0",2024-07-03,quarta-feira,08:00:00,SC,101,"217,9",PALHOCA,Acessar a via sem observar a presença dos outros veículos,Colisão transversal,Com Vítimas Feridas,Pleno dia,Decrescente,Nublado,Dupla,Interseção de Vias;Reta,Não,2,0,2,0,0,0,2,2,-27.66779034,-48.67393586,SPRF-SC,DEL01-SC,UOP02-DEL01-SC,2024
"611685,0",2024-07-03,quarta-feira,08:50:00,SC,101,"434,0",SOMBRIO,Desrespeitar a preferência no cruzamento,Colisão frontal,Sem Vítimas,Pleno dia,Decrescente,Nublado,Múltipla,Reta,Sim,2,0,0,0,2,0,0,2,-29.09075196,-49.63226114,SPRF-SC,DEL02-SC,UOP02-DEL02-SC,2024
"611694,0",2024-07-03,quarta-feira,09:30:00,SC,101,"119,0",ITAJAI,Reação tardia ou ineficiente do condutor,Colisão traseira,Sem Vítimas,Pleno dia,Decrescente,Nublado,Múltipla,Reta,Sim,3,0,0,0,3,0,0,3,-26.9043179,-48.71555481,SPRF-SC,DEL04-SC,UOP04-DEL04-SC,2024
"611703,0",2024-07-03,quarta-feira,11:40:00,SC,101,"462,0",PASSO DE TORRES,Reação tardia ou ineficiente do condutor,Saída de leito carroçável,Com Vítimas Feridas,Pleno dia,Decrescente,Nublado,Dupla,Reta,Não,1,0,1,0,0,0,1,1,-29.27577495,-49.75499332,SPRF-RS,DEL03-RS,UOP02-DEL03-RS,2024
"611736,0",2024-07-03,quarta-feira,14:15:00,SC,101,"416,6",ARARANGUA,Pedestre cruzava a pista fora da faixa,Atropelamento de Pedestre,Com Vítimas Feridas,Pleno dia,Crescente,Nublado,Múltipla,Reta,Sim,2,0,0,1,1,0,1,2,-28.97771648,-49.53438163,SPRF-SC,DEL02-SC,UOP02-DEL02-SC,2024
"611744,0",2024-07-03,quarta-feira,14:30:00,SC,101,"123,0",ITAJAI,Desrespeitar a preferência no cruzamento,Colisão transversal,Com Vítimas Feridas,Pleno dia,Crescente,Céu Claro,Múltipla,Interseção de Vias;Reta,Não,2,0,1,0,0,1,1,2,-26.93668609,-48.69876905,SPRF-SC,DEL04-SC,UOP04-DEL04-SC,2024
"611751,0",2024-07-03,quarta-feira,15:00:00,SC,470,"59,0",BLUMENAU,Desrespeitar a preferência no cruzamento,Colisão lateral mesmo sentido,Com Vítimas Feridas,Pleno dia,Crescente,Céu Claro,Simples,Reta,Sim,2,0,1,0,1,0,1,2,-26.882812,-49.1548,SPRF-SC,DEL04-SC,UOP01-DEL04-SC,2024
"611752,0",2024-06-07,sexta-feira,21:35:00,SC,101,"119,0",ITAJAI,Reação tardia ou ineficiente do condutor,Tombamento,Com Vítimas Fatais,Plena Noite,Crescente,Céu Claro,Múltipla,Reta,Sim,3,1,0,1,0,1,1,2,-26.9043179,-48.71555481,SPRF-SC,DEL04-SC,UOP04-DEL04-SC,2024
"611799,0",2024-07-03,quarta-feira,12:00:00,SC,280,"20,0",ARAQUARI,Ultrapassagem Indevida,Saída de leito carroçável,Com Vítimas Feridas,Pleno dia,Decrescente,Céu Claro,Simples,Reta,Não,2,0,1,0,1,0,1,1,-26.36990477,-48.68224301,SPRF-SC,DEL03-SC,UOP03-DEL03-SC,2024
"611808,0",2024-07-03,quarta-feira,18:45:00,SC,158,"102,0",CUNHA PORA,Demais falhas na via,Colisão traseira,Com Vítimas Feridas,Plena Noite,Decrescente,Céu Claro,Simples,Reta,Não,4,0,1,0,3,0,1,3,-26.84425606,-53.17106511,SPRF-SC,DEL07-SC,UOP02-DEL07-SC,2024
"611822,0",2024-07-03,quarta-feira,18:15:00,SC,101,"132,0",BALNEARIO CAMBORIU,Acessar a via sem observar a presença dos outros veículos,Colisão transversal,Com Vítimas Feridas,Plena Noite,Crescente,Nublado,Múltipla,Viaduto,Sim,2,0,1,0,1,0,1,2,-26.99654133,-48.65564711,SPRF-SC,DEL04-SC,UOP03-DEL04-SC,2024
"611851,0",2024-07-03,quarta-feira,21:50:00,SC,101,"140,5",BALNEARIO CAMBORIU,Manobra de mudança de faixa,Colisão traseira,Com Vítimas Feridas,Plena Noite,Decrescente,Nublado,Dupla,Túnel,Sim,2,0,1,0,1,0,1,2,-27.03881189,-48.60025148,SPRF-SC,DEL04-SC,UOP03-DEL04-SC,2024
"611867,0",2024-07-04,quinta-feira,00:30:00,SC,282,"228,0",LAGES,Velocidade Incompatível,Saída de leito carroçável,Com Vítimas Feridas,Plena Noite,Crescente,Céu Claro,Simples,Curva,Não,2,0,2,0,0,0,2,1,-27.791557,-50.4077,SPRF-SC,DEL05-SC,UOP02-DEL05-SC,2024
"611868,0",2024-07-04,quinta-feira,06:55:00,SC,282,"5,0",SAO JOSE,Trafegar com motocicleta (ou similar) entre as faixas,Colisão lateral mesmo sentido,Com Vítimas Feridas,Amanhecer,Decrescente,Nublado,Múltipla,Reta,Sim,2,0,0,1,1,0,1,2,-27.588425,-48.612919,SPRF-SC,DEL01-SC,UOP01-DEL01-SC,2024
"611869,0",2024-07-04,quinta-feira,07:15:00,SC,282,"16,5",PALHOCA,Acessar a via sem observar a presença dos outros veículos,Colisão lateral mesmo sentido,Com Vítimas Feridas,Pleno dia,Decrescente,Nublado,Simples,Reta,Sim,2,0,1,0,1,0,1,2,-27.658611,-48.681847,SPRF-SC,DEL01-SC,UOP02-DEL01-SC,2024
"611882,0",2024-06-14,sexta-feira,07:15:00,SC,101,"279,9",IMBITUBA,Acessar a via sem observar a presença dos outros veículos,Colisão transversal,Com Vítimas Feridas,Pleno dia,Crescente,Céu Claro,Simples,Reta,Não,2,0,0,2,0,0,2,2,-28.17131302,-48.69463482,SPRF-SC,DEL02-SC,UOP03-DEL02-SC,2024
"611885,0",2024-07-04,quinta-feira,06:00:00,SC,470,"58,0",BLUMENAU,Acessar a via sem observar a presença dos outros veículos,Colisão transversal,Com Vítimas Feridas,Amanhecer,Decrescente,Céu Claro,Simples,Reta;Em Obras,Não,3,0,3,0,0,0,3,2,-26.883879,-49.145622,SPRF-SC,DEL04-SC,UOP01-DEL04-SC,2024
"611902,0",2024-06-16,domingo,19:25:00,SC,470,"140,0",RIO DO SUL,Acesso irregular,Colisão lateral mesmo sentido,Com Vítimas Feridas,Plena Noite,Decrescente,Céu Claro,Simples,Reta,Sim,2,0,1,0,1,0,1,2,-27.20474953,-49.64013945,SPRF-SC,DEL04-SC,UOP02-DEL04-SC,2024
"611915,0",2024-07-04,quinta-feira,10:00:00,SC,101,"211,7",PALHOCA,Acumulo de areia ou detritos sobre o pavimento,Queda de ocupante de veículo,Com Vítimas Feridas,Pleno dia,Decrescente,Céu Claro,Múltipla,Interseção de Vias,Sim,1,0,1,0,0,0,1,1,-27.62329313,-48.65245588,SPRF-SC,DEL01-SC,UOP02-DEL01-SC,2024
"611923,0",2024-07-04,quinta-feira,10:05:00,SC,480,"128,0",CHAPECO,Reação tardia ou ineficiente do condutor,Colisão com objeto,Com Vítimas Feridas,Pleno dia,Decrescente,Céu Claro,Dupla,Declive;Reta,Sim,2,0,1,0,0,1,1,2,-27.03781899,-52.63432603,SPRF-SC,DEL07-SC,UOP01-DEL07-SC,2024
"611944,0",2024-07-04,quinta-feira,07:05:00,SC,101,"42,1",JOINVILLE,Reação tardia ou ineficiente do condutor,Colisão traseira,Com Vítimas Feridas,Pleno dia,Decrescente,Céu Claro,Dupla,Reta,Não,5,0,1,0,4,0,1,4,-26.29251598,-48.88474385,SPRF-SC,DEL03-SC,UOP01-DEL03-SC,2024
"611949,0",2024-07-02,terça-feira,20:30:00,SC,480,"130,0",CHAPECO,Reação tardia ou ineficiente do condutor,Saída de leito carroçável,Sem Vítimas,Plena Noite,Decrescente,Céu Claro,Dupla,Reta,Sim,1,0,0,0,0,1,0,1,-27.05534298,-52.63652069,SPRF-SC,DEL07-SC,UOP01-DEL07-SC,2024
"611983,0",2024-07-04,quinta-feira,16:00:00,SC,101,"203,0",SAO JOSE,Reação tardia ou ineficiente do condutor,Colisão traseira,Com Vítimas Feridas,Anoitecer,Decrescente,Nublado,Dupla,Reta;Rotatória,Sim,2,0,1,0,1,0,1,2,-27.5650044,-48.61460082,SPRF-SC,DEL01-SC,UOP01-DEL01-SC,2024
"611985,0",2024-07-04,quinta-feira,15:20:00,SC,101,"278,6",IMBITUBA,Manobra de mudança de faixa,Tombamento,Sem Vítimas,Pleno dia,Crescente,Céu Claro,Múltipla,Viaduto,Sim,2,0,0,0,2,0,0,2,-28.16300604,-48.6939345,SPRF-SC,DEL02-SC,UOP03-DEL02-SC,2024
"611995,0",2024-07-04,quinta-feira,17:00:00,SC,101,"112,0",ITAJAI,Ausência de reação do condutor,Colisão lateral mesmo sentido,Com Vítimas Feridas,Pleno dia,Decrescente,Nublado,Dupla,Reta,Não,2,0,0,1,0,1,1,2,-26.84589005,-48.72131295,SPRF-SC,DEL04-SC,UOP04-DEL04-SC,2024
"611997,0",2024-07-04,quinta-feira,14:00:00,SC,282,"100,3",ALFREDO WAGNER,Ausência de reação do condutor,Colisão lateral sentido oposto,Com Vítimas Feridas,Pleno dia,Crescente,Céu Claro,Simples,Curva,Não,2,0,1,0,1,0,1,2,-27.698915,-49.297039,SPRF-SC,DEL01-SC,UOP03-DEL01-SC,2024
"612059,0",2024-07-04,quinta-feira,22:40:00,SC,282,"45,4",AGUAS MORNAS,Demais falhas mecânicas ou elétricas,Incêndio,Sem Vítimas,Plena Noite,Crescente,Nublado,Simples,Aclive;Reta,Não,1,0,0,0,1,0,0,1,-27.719851,-48.916126,SPRF-SC,DEL01-SC,UOP03-DEL01-SC,2024
"612071,0",2024-07-05,sexta-feira,03:10:00,SC,116,"140,0",SANTA CECILIA,Ingestão de álcool pelo condutor,Colisão com objeto,Com Vítimas Feridas,Plena Noite,Crescente,Céu Claro,Simples,Declive;Reta,Sim,2,0,2,0,0,0,2,2,-26.96625517,-50.40928315,SPRF-SC,DEL06-SC,UOP02-DEL06-SC,2024
"612073,0",2024-07-05,sexta-feira,04:20:00,SC,470,"52,5",BLUMENAU,Ingestão de álcool pelo condutor,Colisão transversal,Com Vítimas Feridas,Plena Noite,Crescente,Ignorado,Simples,Curva;Interseção de Vias,Sim,2,0,0,1,1,0,1,2,-26.86493641,-49.09920931,SPRF-SC,DEL04-SC,UOP01-DEL04-SC,2024
"612074,0",2024-07-05,sexta-feira,04:20:00,SC,470,"63,1",INDAIAL,Acessar a via sem observar a presença dos outros veículos,Colisão traseira,Com Vítimas Feridas,Plena Noite,Crescente,Nublado,Simples,Reta,Não,3,0,0,3,0,0,3,2,-26.872396,-49.19228,SPRF-SC,DEL04-SC,UOP01-DEL04-SC,2024
"612113,0",2024-07-05,sexta-feira,08:30:00,SC,470,"138,0",RIO DO SUL,Reação tardia ou ineficiente do condutor,Colisão lateral sentido oposto,Com Vítimas Feridas,Pleno dia,Decrescente,Nublado,Simples,Reta,Sim,4,0,1,1,0,2,2,4,-27.207214,-49.648476,SPRF-SC,DEL04-SC,UOP02-DEL04-SC,2024
"612141,0",2024-07-05,sexta-feira,09:10:00,SC,101,"43,5",JOINVILLE,Acessar a via sem observar a presença dos outros veículos,Colisão transversal,Com Vítimas Feridas,Pleno dia,Crescente,Nublado,Simples,Reta;Declive,Sim,3,0,1,0,2,0,1,2,-26.33582331,-48.8601011,SPRF-SC,DEL03-SC,UOP01-DEL03-SC,2024
"612160,0",2024-07-05,sexta-feira,10:20:00,SC,470,"156,0",TROMBUDO CENTRAL,Condutor deixou de manter distância do veículo da frente,Colisão traseira,Com Vítimas Feridas,Pleno dia,Crescente,Nublado,Simples,Reta,Não,2,0,1,0,0,1,1,2,-27.281332,-49.760201,SPRF-SC,DEL04-SC,UOP02-DEL04-SC,2024
"612204,0",2024-07-05,sexta-feira,14:00:00,SC,101,"41,8",JOINVILLE,Ausência de sinalização,Colisão traseira,Com Vítimas Feridas,Pleno dia,Crescente,Céu Claro,Dupla,Reta,Sim,3,0,0,1,2,0,1,2,-26.28215489,-48.88973081,SPRF-SC,DEL03-SC,UOP01-DEL03-SC,2024
"612212,0",2024-07-05,sexta-feira,15:44:00,SC,101,"204,4",SAO JOSE,Condutor deixou de manter distância do veículo da frente,Colisão traseira,Com Vítimas Feridas,Pleno dia,Crescente,Nublado,Múltipla,Reta,Sim,3,0,1,0,2,0,1,2,-27.57413014,-48.61363083,SPRF-SC,DEL01-SC,UOP01-DEL01-SC,2024
"612243,0",2024-07-05,sexta-feira,17:50:00,SC,101,"144,0",ITAPEMA,Condutor deixou de manter distância do veículo da frente,Colisão traseira,Com Vítimas Feridas,Pleno dia,Crescente,Nublado,Dupla,Reta,Sim,8,0,1,1,6,0,2,7,-27.0732659,-48.59672716,SPRF-SC,DEL04-SC,UOP03-DEL04-SC,2024
"612255,0",2024-07-05,sexta-feira,19:00:00,SC,101,"149,0",ITAPEMA,Manobra de mudança de faixa,Colisão lateral mesmo sentido,Com Vítimas Feridas,Plena Noite,Decrescente,Nublado,Dupla,Reta,Sim,2,0,1,0,1,0,1,2,-27.1089649,-48.61277586,SPRF-SC,DEL04-SC,UOP03-DEL04-SC,2024
"612260,0",2024-07-05,sexta-feira,19:00:00,SC,470,"129,0",LONTRAS,Velocidade Incompatível,Saída de leito carroçável,Com Vítimas Feridas,Plena Noite,Crescente,Céu Claro,Simples,Curva,Não,2,0,1,0,1,0,1,1,-27.148499,-49.556137,SPRF-SC,DEL04-SC,UOP02-DEL04-SC,2024
"612262,0",2024-07-05,sexta-feira,20:10:00,SC,101,"136,0",BALNEARIO CAMBORIU,Manobra de mudança de faixa,Colisão traseira,Com Vítimas Feridas,Plena Noite,Crescente,Nublado,Dupla,Curva,Sim,3,0,1,1,1,0,2,2,-27.008113,-48.617245,SPRF-SC,DEL04-SC,UOP03-DEL04-SC,2024
"612278,0",2024-07-05,sexta-feira,20:00:00,SC,101,"117,0",ITAJAI,Desrespeitar a preferência no cruzamento,Colisão transversal,Com Vítimas Feridas,Pleno dia,Crescente,Céu Claro,Dupla,Reta;Rotatória;Interseção de Vias;Viaduto,Sim,3,0,1,1,1,0,2,2,-26.88747187,-48.72252969,SPRF-SC,DEL04-SC,UOP04-DEL04-SC,2024
"612279,0",2024-07-05,sexta-feira,20:20:00,SC,280,"24,0",ARAQUARI,Condutor deixou de manter distância do veículo da frente,Colisão lateral mesmo sentido,Com Vítimas Feridas,Plena Noite,Decrescente,Céu Claro,Simples,Reta,Sim,3,0,2,0,1,0,2,2,-26.37676079,-48.71893644,SPRF-SC,DEL03-SC,UOP03-DEL03-SC,2024
"612280,0",2024-07-05,sexta-feira,18:45:00,SC,280,"53,5",GUARAMIRIM,Manobra de mudança de faixa,Colisão lateral mesmo sentido,Sem Vítimas,Plena Noite,Crescente,Nublado,Dupla,Reta,Sim,2,0,0,0,2,0,0,2,-26.47236756,-48.97426617,SPRF-SC,DEL03-SC,UOP03-DEL03-SC,2024
"612289,0",2024-07-05,sexta-feira,20:15:00,SC,282,"522,9",XAXIM,Ausência de reação do condutor,Colisão traseira,Sem Vítimas,Plena Noite,Crescente,Nublado,Simples,Reta,Não,3,0,0,0,3,0,0,2,-26.9623933,-52.54773617,SPRF-SC,DEL07-SC,UOP01-DEL07-SC,2024
"612290,0",2024-07-05,sexta-feira,20:30:00,SC,101,"134,0",BALNEARIO CAMBORIU,Manobra de mudança de faixa,Colisão lateral mesmo sentido,Com Vítimas Feridas,Plena Noite,Crescente,Nublado,Dupla,Interseção de Vias;Retorno Regulamentado,Sim,3,0,0,1,2,0,1,2,-27.00218,-48.636433,SPRF-SC,DEL04-SC,UOP03-DEL04-SC,2024
"612300,0",2024-07-05,sexta-feira,18:00:00,SC,280,"81,8",CORUPA,Conversão proibida,Colisão frontal,Com Vítimas Feridas,Plena Noite,Decrescente,Nublado,Simples,Reta,Sim,4,0,2,1,0,1,3,3,-26.44009491,-49.22605498,SPRF-SC,DEL06-SC,UOP03-DEL06-SC,2024
"612311,0",2024-07-05,sexta-feira,08:00:00,SC,101,"256,0",PAULO LOPES,Velocidade Incompatível,Capotamento,Com Vítimas Feridas,Pleno dia,Decrescente,Chuva,Dupla,Curva,Não,2,0,1,1,0,0,2,1,-27.99084416,-48.68056684,SPRF-SC,DEL02-SC,UOP03-DEL02-SC,2024
"612318,0",2024-07-05,sexta-feira,22:20:00,SC,101,"197,0",BIGUACU,Reação tardia ou ineficiente do condutor,Colisão traseira,Com Vítimas Feridas,Plena Noite,Decrescente,Nublado,Dupla,Curva,Sim,2,0,1,0,1,0,1,2,-27.51844497,-48.63848496,SPRF-SC,DEL01-SC,UOP01-DEL01-SC,2024
"612328,0",2024-07-05,sexta-feira,22:50:00,SC,282,"387,5",JOACABA,Pista Escorregadia,Tombamento,Com Vítimas Feridas,Plena Noite,Crescente,Garoa/Chuvisco,Simples,Rotatória,Sim,1,0,1,0,0,0,1,1,-27.1798478,-51.52242422,SPRF-SC,DEL07-SC,UOP05-DEL07-SC,2024
"612330,0",2024-07-05,sexta-feira,23:00:00,SC,470,"66,0",INDAIAL,Ausência de reação do condutor,Colisão com objeto,Com Vítimas Feridas,Plena Noite,Crescente,Nublado,Simples,Rotatória,Sim,1,0,1,0,0,0,1,1,-26.8696504,-49.2251565,SPRF-SC,DEL04-SC,UOP01-DEL04-SC,2024