id,data_inversa,dia_semana,horario,uf,br,km,municipio,causa_acidente,tipo_acidente,classificacao_acidente,fase_dia,sentido_via,condicao_metereologica,tipo_pista,tracado_via,uso_solo,pessoas,mortos,feridos_leves,feridos_graves,ilesos,ignorados,feridos,veiculos,latitude,longitude,regional,delegacia,uop,ano_arquivo
"613177,0",2024-07-09,terça-feira,07:30:00,SC,101,"41,0",JOINVILLE,Acumulo de água sobre o pavimento,Tombamento,Com Vítimas Feridas,Pleno dia,Decrescente,Chuva,Múltipla,Reta;Declive,Sim,1,0,1,0,0,0,1,1,-26.31781248,-48.87233198,SPRF-SC,DEL03-SC,UOP01-DEL03-SC,2024
"613179,0",2024-07-09,terça-feira,08:00:00,SC,101,"211,1",PALHOCA,Manobra de mudança de faixa,Colisão lateral mesmo sentido,Com Vítimas Feridas,Pleno dia,Decrescente,Garoa/Chuvisco,Múltipla,Reta,Sim,2,0,0,1,1,0,1,2,-27.62329313,-48.65245588,SPRF-SC,DEL01-SC,UOP02-DEL01-SC,2024
"613185,0",2024-07-09,terça-feira,06:57:00,SC,480,"127,3",CHAPECO,Pedestre cruzava a pista fora da faixa,Atropelamento de Pedestre,Com Vítimas Feridas,Amanhecer,Crescente,Nevoeiro/Neblina,Dupla,Reta,Sim,3,0,0,1,1,1,1,2,-27.03462555,-52.63352394,SPRF-SC,DEL07-SC,UOP01-DEL07-SC,2024
"613201,0",2024-07-09,terça-feira,07:00:00,SC,280,"32,6",ARAQUARI,Desrespeitar a preferência no cruzamento,Atropelamento de Pedestre,Com Vítimas Feridas,Pleno dia,Crescente,Garoa/Chuvisco,Simples,Reta,Não,2,0,1,0,1,0,1,2,-26.420618,-48.779335,SPRF-SC,DEL03-SC,UOP03-DEL03-SC,2024
"613203,0",2024-07-09,terça-feira,07:50:00,SC,116,"115,0",SANTA CECILIA,Reação tardia ou ineficiente do condutor,Colisão com objeto,Com Vítimas Feridas,Pleno dia,Decrescente,Garoa/Chuvisco,Simples,Curva,Não,1,0,1,0,0,0,1,1,-26.80262399,-50.33936901,SPRF-SC,DEL06-SC,UOP02-DEL06-SC,2024
"613209,0",2024-07-09,terça-feira,06:50:00,SC,280,"46,5",GUARAMIRIM,Acessar a via sem observar a presença dos outros veículos,Colisão transversal,Com Vítimas Feridas,Amanhecer,Crescente,Chuva,Simples,Reta;Em Obras,Não,2,0,0,1,1,0,1,2,-26.45295055,-48.90788103,SPRF-SC,DEL03-SC,UOP03-DEL03-SC,2024
"613210,0",2024-07-09,terça-feira,10:00:00,SC,470,"45,0",GASPAR,Trafegar com motocicleta (ou similar) entre as faixas,Colisão transversal,Com Vítimas Feridas,Pleno dia,Crescente,Nublado,Simples,Reta;Em Obras,Sim,2,0,1,0,1,0,1,2,-26.86602749,-49.03228283,SPRF-SC,DEL04-SC,UOP01-DEL04-SC,2024
"613218,0",2024-07-09,terça-feira,07:10:00,SC,163,"71,0",SAO MIGUEL DO OESTE,Entrada inopinada do pedestre,Atropelamento de Pedestre,Com Vítimas Feridas,Pleno dia,Decrescente,Nevoeiro/Neblina,Dupla,Interseção de Vias,Sim,2,0,1,0,1,0,1,2,-26.72868909,-53.51236582,SPRF-SC,DEL07-SC,UOP03-DEL07-SC,2024
"613269,0",2024-07-09,terça-feira,13:12:00,SC,282,"533,2",CORDILHEIRA ALTA,Reação tardia ou ineficiente do condutor,Saída de leito carroçável,Sem Vítimas,Pleno dia,Crescente,Nublado,Simples,Declive;Curva,Não,2,0,0,0,2,0,0,2,-26.99488924,-52.62731731,SPRF-SC,DEL07-SC,UOP01-DEL07-SC,2024
"613296,0",2024-07-07,domingo,00:12:00,SC,282,"556,3",NOVA ITABERABA,Ingestão de álcool pelo condutor,Saída de leito carroçável,Sem Vítimas,Plena Noite,Crescente,Chuva,Simples,Interseção de Vias;Curva,Não,4,0,0,0,4,0,0,1,-26.932056,-52.814853,SPRF-SC,DEL07-SC,UOP01-DEL07-SC,2024
"613307,0",2024-07-09,terça-feira,18:00:00,SC,470,"146,0",RIO DO SUL,Desrespeitar a preferência no cruzamento,Colisão transversal,Com Vítimas Feridas,Plena Noite,Decrescente,Chuva,Simples,Retorno Regulamentado,Sim,2,0,1,0,1,0,1,2,-27.240673,-49.685822,SPRF-SC,DEL04-SC,UOP02-DEL04-SC,2024
"613312,0",2024-07-09,terça-feira,19:00:00,SC,101,"157,0",PORTO BELO,Ausência de reação do condutor,Colisão com objeto,Com Vítimas Feridas,Plena Noite,Decrescente,Chuva,Múltipla,Reta,Não,2,0,1,0,1,0,1,1,-27.181625,-48.6121179,SPRF-SC,DEL04-SC,UOP03-DEL04-SC,2024
"613320,0",2024-07-09,terça-feira,19:15:00,SC,282,"16,4",PALHOCA,Desrespeitar a preferência no cruzamento,Colisão transversal,Com Vítimas Feridas,Plena Noite,Decrescente,Chuva,Simples,Reta,Não,3,0,2,0,1,0,2,2,-27.658611,-48.681847,SPRF-SC,DEL01-SC,UOP02-DEL01-SC,2024
"613326,0",2024-07-07,domingo,16:50:00,SC,282,"551,7",NOVA ITABERABA,Transitar na contramão,Colisão frontal,Com Vítimas Feridas,Anoitecer,Decrescente,Chuva,Simples,Curva;Aclive,Não,5,0,4,0,1,0,4,2,-26.951487,-52.778172,SPRF-SC,DEL07-SC,UOP01-DEL07-SC,2024
"613345,0",2024-07-09,terça-feira,21:05:00,SC,101,"137,0",BALNEARIO CAMBORIU,Chuva,Queda de ocupante de veículo,Com Vítimas Feridas,Plena Noite,Crescente,Chuva,Dupla,Reta,Sim,1,0,1,0,0,0,1,1,-27.0157238,-48.61192763,SPRF-SC,DEL04-SC,UOP03-DEL04-SC,2024
"613347,0",2024-07-09,terça-feira,10:40:00,SC,280,"24,2",ARAQUARI,Ausência de reação do condutor,Tombamento,Com Vítimas Feridas,Pleno dia,Crescente,Chuva,Simples,Reta,Sim,1,0,1,0,0,0,1,1,-26.37724921,-48.71953282,SPRF-SC,DEL03-SC,UOP03-DEL03-SC,2024
"613348,0",2024-07-09,terça-feira,21:10:00,SC,101,"190,8",BIGUACU,Pista Escorregadia,Colisão com objeto,Com Vítimas Feridas,Plena Noite,Decrescente,Chuva,Dupla,Curva,Sim,2,0,1,0,1,0,1,1,-27.468056,-48.641712,SPRF-SC,DEL01-SC,UOP01-DEL01-SC,2024
"613351,0",2024-07-09,terça-feira,15:00:00,SC,101,"245,0",PAULO LOPES,Velocidade Incompatível,Saída de leito carroçável,Com Vítimas Feridas,Pleno dia,Decrescente,Chuva,Dupla,Reta,Não,2,0,2,0,0,0,2,1,-27.901682,-48.64892,SPRF-SC,DEL02-SC,UOP03-DEL02-SC,2024
"613376,0",2024-07-10,quarta-feira,01:00:00,SC,101,"377,9",ICARA,Chuva,Saída de leito carroçável,Com Vítimas Feridas,Plena Noite,Crescente,Chuva,Dupla,Reta,Não,1,0,1,0,0,0,1,1,-28.74926202,-49.26624839,SPRF-SC,DEL02-SC,UOP01-DEL02-SC,2024
"613379,0",2024-07-10,quarta-feira,00:10:00,SC,101,"257,0",PAULO LOPES,Chuva,Tombamento,Com Vítimas Feridas,Plena Noite,Decrescente,Chuva,Dupla,Curva,Não,1,0,1,0,0,0,1,1,-27.99701205,-48.68755194,SPRF-SC,DEL02-SC,UOP03-DEL02-SC,2024
"613393,0",2024-07-10,quarta-feira,06:13:00,SC,101,"67,1",ARAQUARI,Reação tardia ou ineficiente do condutor,Tombamento,Com Vítimas Fatais,Plena Noite,Crescente,Chuva,Dupla,Reta,Não,2,1,0,0,1,0,0,2,-26.4886267,-48.734316,SPRF-SC,DEL03-SC,UOP02-DEL03-SC,2024
"613410,0",2024-07-10,quarta-feira,07:40:00,SC,101,"150,3",ITAPEMA,Condutor deixou de manter distância do veículo da frente,Engavetamento,Sem Vítimas,Pleno dia,Crescente,Chuva,Múltipla,Reta,Sim,6,0,0,0,5,1,0,6,-27.1089649,-48.61277586,SPRF-SC,DEL04-SC,UOP03-DEL04-SC,2024
"613414,0",2024-07-10,quarta-feira,08:10:00,SC,163,"67,7",SAO MIGUEL DO OESTE,Acessar a via sem observar a presença dos outros veículos,Colisão transversal,Com Vítimas Feridas,Pleno dia,Crescente,Garoa/Chuvisco,Dupla,Retorno Regulamentado;Reta;Interseção de Vias,Sim,2,0,1,0,1,0,1,2,-26.75258513,-53.50069284,SPRF-SC,DEL07-SC,UOP03-DEL07-SC,2024
"613420,0",2024-07-10,quarta-feira,07:30:00,SC,101,"47,6",JOINVILLE,Pedestre cruzava a pista fora da faixa,Atropelamento de Pedestre,Com Vítimas Feridas,Pleno dia,Crescente,Chuva,Dupla,Reta,Sim,2,0,2,0,0,0,2,2,-26.34234997,-48.85840089,SPRF-SC,DEL03-SC,UOP01-DEL03-SC,2024
"613458,0",2024-07-10,quarta-feira,13:15:00,SC,282,"16,0",PALHOCA,Reação tardia ou ineficiente do condutor,Colisão transversal,Com Vítimas Feridas,Pleno dia,Decrescente,Céu Claro,Simples,Reta,Sim,2,0,1,0,1,0,1,2,-27.658611,-48.681847,SPRF-SC,DEL01-SC,UOP02-DEL01-SC,2024
"613479,0",2024-07-10,quarta-feira,15:20:00,SC,282,"17,0",PALHOCA,Acessar a via sem observar a presença dos outros veículos,Colisão transversal,Com Vítimas Feridas,Pleno dia,Crescente,Nublado,Simples,Interseção de Vias;Aclive,Sim,2,0,0,1,1,0,1,2,-27.665707,-48.688065,SPRF-SC,DEL01-SC,UOP02-DEL01-SC,2024
"613489,0",2024-07-10,quarta-feira,15:40:00,SC,101,"115,0",ITAJAI,Reação tardia ou ineficiente do condutor,Colisão traseira,Com Vítimas Feridas,Pleno dia,Decrescente,Céu Claro,Múltipla,Reta,Sim,2,0,1,0,1,0,1,2,-26.87064015,-48.72954134,SPRF-SC,DEL04-SC,UOP04-DEL04-SC,2024
"613515,0",2024-07-10,quarta-feira,17:25:00,SC,101,"126,8",ITAJAI,Trafegar com motocicleta (ou similar) entre as faixas,Colisão traseira,Com Vítimas Feridas,Anoitecer,Decrescente,Nublado,Dupla,Reta,Sim,2,0,1,0,1,0,1,2,-26.95564404,-48.67978366,SPRF-SC,DEL04-SC,UOP04-DEL04-SC,2024
"613521,0",2024-07-10,quarta-feira,18:40:00,SC,282,"4,9",FLORIANOPOLIS,Manobra de mudança de faixa,Colisão traseira,Com Vítimas Feridas,Plena Noite,Decrescente,Nublado,Dupla,Reta,Sim,2,0,1,0,1,0,1,2,-27.592646,-48.604034,SPRF-SC,DEL01-SC,UOP01-DEL01-SC,2024
"613546,0",2024-07-10,quarta-feira,18:25:00,SC,480,"127,3",CHAPECO,Condutor deixou de manter distância do veículo da frente,Colisão traseira,Sem Vítimas,Plena Noite,Decrescente,Nublado,Dupla,Reta,Sim,3,0,0,0,3,0,0,2,-27.03302676,-52.63351137,SPRF-SC,DEL07-SC,UOP01-DEL07-SC,2024
"613562,0",2024-07-10,quarta-feira,22:00:00,SC,101,"136,0",BALNEARIO CAMBORIU,Reação tardia ou ineficiente do condutor,Tombamento,Com Vítimas Feridas,Plena Noite,Crescente,Céu Claro,Múltipla,Reta,Sim,1,0,1,0,0,0,1,1,-27.008113,-48.617245,SPRF-SC,DEL04-SC,UOP03-DEL04-SC,2024
"613572,0",2024-07-10,quarta-feira,22:45:00,SC,101,"216,0",PALHOCA,Reação tardia ou ineficiente do condutor,Queda de ocupante de veículo,Com Vítimas Feridas,Plena Noite,Decrescente,Céu Claro,Dupla,Reta,Sim,1,0,1,0,0,0,1,1,-27.65981409,-48.67747798,SPRF-SC,DEL01-SC,UOP02-DEL01-SC,2024
"613585,0",2024-07-10,quarta-feira,23:50:00,SC,101,"129,0",BALNEARIO CAMBORIU,Problema na suspensão,Tombamento,Com Vítimas Feridas,Plena Noite,Decrescente,Garoa/Chuvisco,Dupla,Reta,Não,2,0,2,0,0,0,2,1,-26.98064277,-48.6790679,SPRF-SC,DEL04-SC,UOP03-DEL04-SC,2024
"613598,0",2024-07-11,quinta-feira,04:50:00,SC,470,"72,0",INDAIAL,Transitar na contramão,Colisão frontal,Com Vítimas Feridas,Plena Noite,Crescente,Garoa/Chuvisco,Dupla,Reta,Não,2,0,0,1,1,0,1,2,-26.901979,-49.268745,SPRF-SC,DEL04-SC,UOP01-DEL04-SC,2024
"613613,0",2024-07-11,quinta-feira,07:00:00,SC,101,"179,0",BIGUACU,Objeto estático sobre o leito carroçável,Colisão com objeto,Com Vítimas Feridas,Pleno dia,Decrescente,Nublado,Dupla,Reta,Sim,1,0,1,0,0,0,1,1,-27.37281717,-48.63322708,SPRF-SC,DEL01-SC,UOP01-DEL01-SC,2024
"613638,0",2024-07-11,quinta-feira,08:00:00,SC,101,"116,0",ITAJAI,Avarias e/ou desgaste excessivo no pneu,Tombamento,Com Vítimas Feridas,Pleno dia,Decrescente,Chuva,Múltipla,Reta,Sim,2,0,1,1,0,0,2,1,-26.87905605,-48.72603512,SPRF-SC,DEL04-SC,UOP04-DEL04-SC,2024
"613641,0",2024-07-11,quinta-feira,07:30:00,SC,101,"337,8",TUBARAO,Reação tardia ou ineficiente do condutor,Saída de leito carroçável,Sem Vítimas,Pleno dia,Decrescente,Nublado,Dupla,Reta,Sim,1,0,0,0,0,1,0,1,-28.50093644,-49.04649854,SPRF-SC,DEL02-SC,UOP01-DEL02-SC,2024
"613651,0",2024-07-11,quinta-feira,08:30:00,SC,101,"116,0",ITAJAI,Demais falhas mecânicas ou elétricas,Incêndio,Sem Vítimas,Pleno dia,Crescente,Chuva,Múltipla,Reta,Sim,1,0,0,0,1,0,0,1,-26.87905605,-48.72603512,SPRF-SC,DEL04-SC,UOP04-DEL04-SC,2024
"613677,0",2024-07-11,quinta-feira,09:50:00,SC,101,"142,0",ITAPEMA,Reação tardia ou ineficiente do condutor,Colisão com objeto,Com Vítimas Feridas,Pleno dia,Crescente,Chuva,Dupla,Declive;Reta,Sim,1,0,1,0,0,0,1,1,-27.056089,-48.599449,SPRF-SC,DEL04-SC,UOP03-DEL04-SC,2024
"613694,0",2024-07-11,quinta-feira,11:03:00,SC,470,"98,0",APIUNA,Reação tardia ou ineficiente do condutor,Colisão com objeto,Com Vítimas Feridas,Pleno dia,Decrescente,Garoa/Chuvisco,Simples,Reta;Ponte,Sim,1,0,1,0,0,0,1,1,-27.032537,-49.385468,SPRF-SC,DEL04-SC,UOP02-DEL04-SC,2024
"613750,0",2024-07-11,quinta-feira,18:29:00,SC,101,"235,1",PALHOCA,Pedestre andava na pista,Atropelamento de Pedestre,Com Vítimas Feridas,Plena Noite,Decrescente,Chuva,Dupla,Aclive;Reta,Não,2,0,1,0,1,0,1,2,-27.8177775,-48.6315025,SPRF-SC,DEL01-SC,UOP02-DEL01-SC,2024
"613759,0",2024-07-11,quinta-feira,18:28:00,SC,101,"216,4",PALHOCA,Reação tardia ou ineficiente do condutor,Colisão traseira,Com Vítimas Feridas,Plena Noite,Crescente,Chuva,Múltipla,Aclive;Reta,Sim,2,0,1,0,1,0,1,2,-27.65981409,-48.67747798,SPRF-SC,DEL01-SC,UOP02-DEL01-SC,2024
"613763,0",2024-07-11,quinta-feira,18:50:00,SC,282,"2,1",FLORIANOPOLIS,Trafegar com motocicleta (ou similar) entre as faixas,Colisão lateral mesmo sentido,Com Vítimas Feridas,Plena Noite,Crescente,Chuva,Múltipla,Reta,Não,2,0,1,0,1,0,1,2,-27.603289,-48.590416,SPRF-SC,DEL01-SC,UOP01-DEL01-SC,2024
"613774,0",2024-07-11,quinta-feira,19:55:00,SC,101,"190,0",BIGUACU,Acumulo de água sobre o pavimento,Colisão com objeto,Com Vítimas Feridas,Plena Noite,Crescente,Chuva,Dupla,Curva;Declive,Não,3,0,2,0,1,0,2,1,-27.468056,-48.641712,SPRF-SC,DEL01-SC,UOP01-DEL01-SC,2024
"613781,0",2024-07-11,quinta-feira,20:00:00,SC,282,"387,0",JOACABA,Ingestão de álcool pelo condutor,Saída de leito carroçável,Sem Vítimas,Plena Noite,Decrescente,Chuva,Simples,Reta,Não,1,0,0,0,0,1,0,1,-27.178274,-51.524025,SPRF-SC,DEL07-SC,UOP05-DEL07-SC,2024
"613797,0",2024-07-11,quinta-feira,22:20:00,SC,101,"229,8",PALHOCA,Reação tardia ou ineficiente do condutor,Saída de leito carroçável,Com Vítimas Feridas,Plena Noite,Crescente,Chuva,Dupla,Reta,Não,1,0,1,0,0,0,1,1,-27.773584,-48.634134,SPRF-SC,DEL01-SC,UOP02-DEL01-SC,2024
"613804,0",2024-07-11,quinta-feira,18:40:00,SC,163,"69,5",SAO MIGUEL DO OESTE,Ausência de reação do condutor,Saída de leito carroçável,Com Vítimas Feridas,Plena Noite,Crescente,Céu Claro,Dupla,Aclive;Reta,Sim,1,0,0,1,0,0,1,1,-26.74132699,-53.50120591,SPRF-SC,DEL07-SC,UOP03-DEL07-SC,2024
"613844,0",2024-07-11,quinta-feira,20:40:00,SC,282,"627,0",IRACEMINHA,Velocidade Incompatível,Saída de leito carroçável,Com Vítimas Feridas,Plena Noite,Decrescente,Garoa/Chuvisco,Simples,Curva,Não,2,0,2,0,0,0,2,1,-26.811321,-53.362316,SPRF-SC,DEL07-SC,UOP02-DEL07-SC,2024
"613855,0",2024-07-12,sexta-feira,05:30:00,SC,282,"412,9",CATANDUVAS,Velocidade Incompatível,Saída de leito carroçável,Com Vítimas Feridas,Plena Noite,Crescente,Nublado,Simples,Declive;Reta,Não,1,0,0,1,0,0,1,1,-27.055775,-51.688843,SPRF-SC,DEL07-SC,UOP05-DEL07-SC,2024
"613866,0",2024-07-12,sexta-feira,06:55:00,SC,101,"117,0",ITAJAI,Manobra de mudança de faixa,Colisão lateral mesmo sentido,Com Vítimas Feridas,Pleno dia,Crescente,Garoa/Chuvisco,Dupla,Reta,Não,2,0,1,0,1,0,1,2,-26.88747187,-48.72252969,SPRF-SC,DEL04-SC,UOP04-DEL04-SC,2024
"613872,0",2024-07-12,sexta-feira,06:15:00,SC,280,"80,5",CORUPA,Acessar a via sem observar a presença dos outros veículos,Colisão transversal,Com Vítimas Feridas,Amanhecer,Decrescente,Nublado,Simples,Reta;Interseção de Vias,Não,3,0,1,0,2,0,1,2,-26.43983592,-49.22736526,SPRF-SC,DEL06-SC,UOP03-DEL06-SC,2024
"613873,0",2024-07-12,sexta-feira,06:45:00,SC,282,"339,7",CAMPOS NOVOS,Ultrapassagem Indevida,Colisão frontal,Com Vítimas Feridas,Pleno dia,Crescente,Nevoeiro/Neblina,Simples,Declive;Reta,Sim,2,0,1,0,1,0,1,2,-27.392731,-51.195118,SPRF-SC,DEL07-SC,UOP06-DEL07-SC,2024
"613889,0",2024-07-12,sexta-feira,09:20:00,SC,101,"103,0",PENHA,Manobra de mudança de faixa,Colisão transversal,Com Vítimas Feridas,Pleno dia,Crescente,Céu Claro,Dupla,Reta,Não,2,0,1,0,1,0,1,2,-26.7832381,-48.68314632,SPRF-SC,DEL03-SC,UOP02-DEL03-SC,2024
"613910,0",2024-07-12,sexta-feira,12:50:00,SC,101,"206,0",SAO JOSE,Reação tardia ou ineficiente do condutor,Engavetamento,Com Vítimas Feridas,Pleno dia,Crescente,Nublado,Múltipla,Aclive;Reta,Sim,4,0,1,0,3,0,1,3,-27.59193546,-48.61824557,SPRF-SC,DEL01-SC,UOP01-DEL01-SC,2024
"613928,0",2024-07-12,sexta-feira,14:10:00,SC,101,"139,8",BALNEARIO CAMBORIU,Reação tardia ou ineficiente do condutor,Colisão traseira,Com Vítimas Feridas,Pleno dia,Decrescente,Nublado,Simples,Reta,Sim,2,0,1,0,1,0,1,2,-27.02982303,-48.60115006,SPRF-SC,DEL04-SC,UOP03-DEL04-SC,2024
"613938,0",2024-07-12,sexta-feira,14:40:00,SC,101,"90,6",BARRA VELHA,Ausência de reação do condutor,Colisão com objeto,Com Vítimas Feridas,Pleno dia,Crescente,Garoa/Chuvisco,Múltipla,Reta,Sim,1,0,1,0,0,0,1,1,-26.66148503,-48.68866176,SPRF-SC,DEL03-SC,UOP02-DEL03-SC,2024
"613964,0",2024-07-12,sexta-feira,16:45:00,SC,101,"95,0",BARRA VELHA,Manobra de mudança de faixa,Colisão com objeto,Com Vítimas Feridas,Pleno dia,Crescente,Chuva,Múltipla,Reta,Não,4,0,3,0,1,0,3,1,-26.70876413,-48.70221065,SPRF-SC,DEL03-SC,UOP02-DEL03-SC,2024
"613968,0",2024-07-12,sexta-feira,17:50:00,SC,101,"145,5",ITAPEMA,Trafegar com motocicleta (ou similar) entre as faixas,Colisão lateral mesmo sentido,Com Vítimas Feridas,Plena Noite,Decrescente,Chuva,Dupla,Reta,Sim,2,0,1,0,1,0,1,2,-27.08139206,-48.60130993,SPRF-SC,DEL04-SC,UOP03-DEL04-SC,2024
"613976,0",2024-07-12,sexta-feira,18:10:00,SC,470,"160,1",TROMBUDO CENTRAL,Ausência de reação do condutor,Colisão transversal,Com Vítimas Feridas,Plena Noite,Decrescente,Nublado,Simples,Reta,Não,2,0,0,1,1,0,1,2,-27.28538448,-49.80037093,SPRF-SC,DEL04-SC,UOP02-DEL04-SC,2024
"613982,0",2024-07-12,sexta-feira,17:00:00,SC,101,"342,0",TUBARAO,Acessar a via sem observar a presença dos outros veículos,Colisão transversal,Com Vítimas Feridas,Pleno dia,Crescente,Garoa/Chuvisco,Múltipla,Reta,Sim,2,0,2,0,0,0,2,2,-28.51873231,-49.05408382,SPRF-SC,DEL02-SC,UOP01-DEL02-SC,2024
"614004,0",2024-07-12,sexta-feira,18:50:00,SC,101,"133,0",BALNEARIO CAMBORIU,Reação tardia ou ineficiente do condutor,Colisão lateral mesmo sentido,Com Vítimas Feridas,Anoitecer,Crescente,Garoa/Chuvisco,Simples,Interseção de Vias;Reta,Sim,2,0,0,1,1,0,1,2,-26.99936,-48.64609,SPRF-SC,DEL04-SC,UOP03-DEL04-SC,2024
"614007,0",2024-07-12,sexta-feira,16:00:00,SC,101,"354,0",SANGAO,Desrespeitar a preferência no cruzamento,Colisão transversal,Com Vítimas Feridas,Pleno dia,Decrescente,Nublado,Simples,Interseção de Vias,Não,3,0,2,0,1,0,2,2,-28.62493998,-49.07938242,SPRF-SC,DEL02-SC,UOP01-DEL02-SC,2024
"614057,0",2024-07-13,sábado,02:20:00,SC,101,"280,0",IMBITUBA,Reação tardia ou ineficiente do condutor,Tombamento,Sem Vítimas,Plena Noite,Decrescente,Céu Claro,Dupla,Reta,Não,1,0,0,0,0,1,0,1,-28.17962805,-48.6956297,SPRF-SC,DEL02-SC,UOP03-DEL02-SC,2024
"614063,0",2024-07-13,sábado,04:00:00,SC,282,"499,1",XANXERE,Ingestão de álcool pelo condutor,Colisão transversal,Sem Vítimas,Plena Noite,Crescente,Nublado,Simples,Rotatória,Não,2,0,0,0,2,0,0,2,-26.880869,-52.363121,SPRF-SC,DEL07-SC,UOP01-DEL07-SC,2024
"614068,0",2024-07-13,sábado,05:10:00,SC,470,"57,0",BLUMENAU,Condutor Dormindo,Colisão transversal,Com Vítimas Feridas,Plena Noite,Decrescente,Garoa/Chuvisco,Simples,Reta;Em Obras,Não,2,0,0,1,1,0,1,2,-26.880428,-49.136532,SPRF-SC,DEL04-SC,UOP01-DEL04-SC,2024
"614078,0",2024-07-13,sábado,07:00:00,SC,101,"100,7",BALNEARIO PICARRAS,Chuva,Colisão com objeto,Com Vítimas Fatais,Pleno dia,Decrescente,Chuva,Múltipla,Reta,Não,1,1,0,0,0,0,0,1,-26.7624899,-48.686536,SPRF-SC,DEL03-SC,UOP02-DEL03-SC,2024
"614080,0",2024-07-13,sábado,06:20:00,SC,101,"339,1",TUBARAO,Ingestão de álcool pelo condutor,Saída de leito carroçável,Sem Vítimas,Amanhecer,Crescente,Nublado,Dupla,Reta,Sim,1,0,0,0,1,0,0,1,-28.49450211,-49.04322624,SPRF-SC,DEL02-SC,UOP01-DEL02-SC,2024
"614083,0",2024-07-12,sexta-feira,18:20:00,SC,282,"462,0",PONTE SERRADA,Pedestre - Ingestão de álcool/ substâncias psicoativas,Atropelamento de Pedestre,Com Vítimas Feridas,Plena Noite,Crescente,Céu Claro,Dupla,Reta,Sim,2,0,0,1,1,0,1,2,-26.86663045,-52.0226562,SPRF-SC,DEL07-SC,UOP04-DEL07-SC,2024
"614090,0",2024-07-13,sábado,06:30:00,SC,101,"209,0",SAO JOSE,Trafegar com motocicleta (ou similar) entre as faixas,Colisão traseira,Com Vítimas Feridas,Amanhecer,Crescente,Nublado,Dupla,Reta,Sim,3,0,2,1,0,0,3,2,-27.61000542,-48.63895057,SPRF-SC,DEL01-SC,UOP01-DEL01-SC,2024
"614092,0",2024-07-13,sábado,07:20:00,SC,101,"179,0",BIGUACU,Desrespeitar a preferência no cruzamento,Colisão transversal,Com Vítimas Feridas,Pleno dia,Decrescente,Chuva,Dupla,Reta,Não,3,0,2,0,1,0,2,2,-27.37281717,-48.63322708,SPRF-SC,DEL01-SC,UOP01-DEL01-SC,2024
"614097,0",2024-07-13,sábado,07:20:00,SC,101,"186,9",BIGUACU,Chuva,Tombamento,Com Vítimas Feridas,Pleno dia,Crescente,Garoa/Chuvisco,Dupla,Reta,Sim,1,0,1,0,0,0,1,1,-27.4341098,-48.62567129,SPRF-SC,DEL01-SC,UOP01-DEL01-SC,2024
"614098,0",2024-07-13,sábado,07:50:00,SC,470,"54,4",BLUMENAU,Acessar a via sem observar a presença dos outros veículos,Colisão transversal,Sem Vítimas,Pleno dia,Crescente,Garoa/Chuvisco,Simples,Interseção de Vias,Sim,2,0,0,0,2,0,0,2,-26.87322452,-49.11419749,SPRF-SC,DEL04-SC,UOP01-DEL04-SC,2024
"614105,0",2024-07-13,sábado,06:00:00,SC,101,"341,0",TUBARAO,Condutor Dormindo,Saída de leito carroçável,Sem Vítimas,Amanhecer,Crescente,Chuva,Múltipla,Reta,Sim,1,0,0,0,1,0,0,1,-28.50999405,-49.05070686,SPRF-SC,DEL02-SC,UOP01-DEL02-SC,2024
"614107,0",2024-07-13,sábado,08:00:00,SC,280,"240,5",CANOINHAS,Ingestão de álcool pelo condutor,Colisão lateral mesmo sentido,Sem Vítimas,Pleno dia,Crescente,Chuva,Simples,Reta,Não,5,0,0,0,5,0,0,2,-26.2173631,-50.45390288,SPRF-SC,DEL06-SC,UOP04-DEL06-SC,2024
"614125,0",2024-06-29,sábado,15:00:00,SC,101,"217,0",PALHOCA,Condutor deixou de manter distância do veículo da frente,Colisão traseira,Com Vítimas Feridas,Pleno dia,Crescente,Céu Claro,Múltipla,Reta,Não,2,0,1,1,0,0,2,2,-27.66779034,-48.67393586,SPRF-SC,DEL01-SC,UOP02-DEL01-SC,2024
"614150,0",2024-07-13,sábado,12:45:00,SC,470,"19,0",ILHOTA,Reação tardia ou ineficiente do condutor,Saída de leito carroçável,Com Vítimas Feridas,Pleno dia,Crescente,Chuva,Múltipla,Curva;Interseção de Vias;Retorno Regulamentado,Não,1,0,1,0,0,0,1,1,-26.862995,-48.814396,SPRF-SC,DEL04-SC,UOP04-DEL04-SC,2024
"614153,0",2024-07-13,sábado,12:40:00,SC,470,"137,0",RIO DO SUL,Velocidade Incompatível,Colisão frontal,Com Vítimas Feridas,Pleno dia,Crescente,Nublado,Simples,Curva,Sim,3,0,1,0,1,1,1,3,-27.20569806,-49.64539289,SPRF-SC,DEL04-SC,UOP02-DEL04-SC,2024
"614180,0",2024-07-13,sábado,07:40:00,SC,101,"277,1",IMBITUBA,Condutor deixou de manter distância do veículo da frente,Colisão traseira,Com Vítimas Feridas,Pleno dia,Decrescente,Chuva,Múltipla,Reta,Sim,4,0,1,0,3,0,1,2,-28.15478103,-48.69265474,SPRF-SC,DEL02-SC,UOP03-DEL02-SC,2024
"614188,0",2024-07-13,sábado,16:55:00,SC,470,"76,0",INDAIAL,Ingestão de álcool pelo condutor,Capotamento,Com Vítimas Feridas,Pleno dia,Crescente,Garoa/Chuvisco,Simples,Reta,Não,1,0,1,0,0,0,1,1,-26.93394134,-49.28779006,SPRF-SC,DEL04-SC,UOP01-DEL04-SC,2024