id,data_inversa,dia_semana,horario,uf,br,km,municipio,causa_acidente,tipo_acidente,classificacao_acidente,fase_dia,sentido_via,condicao_metereologica,tipo_pista,tracado_via,uso_solo,pessoas,mortos,feridos_leves,feridos_graves,ilesos,ignorados,feridos,veiculos,latitude,longitude,regional,delegacia,uop,ano_arquivo
"614193,0",2024-07-13,sábado,17:00:00,SC,470,"165,0",POUSO REDONDO,Velocidade Incompatível,Colisão frontal,Com Vítimas Feridas,Plena Noite,Decrescente,Chuva,Simples,Reta;Aclive,Não,5,0,1,4,0,0,5,2,-27.269835,-49.863087,SPRF-SC,DEL04-SC,UOP02-DEL04-SC,2024
"614200,0",2024-07-13,sábado,16:30:00,SC,282,"111,0",ALFREDO WAGNER,Velocidade Incompatível,Saída de leito carroçável,Com Vítimas Feridas,Pleno dia,Crescente,Chuva,Simples,Curva,Não,4,0,2,0,2,0,2,1,-27.733616,-49.367538,SPRF-SC,DEL01-SC,UOP03-DEL01-SC,2024
"614202,0",2024-07-13,sábado,17:55:00,SC,470,"65,8",INDAIAL,Sinalização mal posicionada,Colisão transversal,Com Vítimas Feridas,Plena Noite,Decrescente,Chuva,Simples,Reta;Em Obras,Não,3,0,2,0,1,0,2,2,-26.870411,-49.211864,SPRF-SC,DEL04-SC,UOP01-DEL04-SC,2024
"614264,0",2024-07-13,sábado,22:10:00,SC,101,"315,0",LAGUNA,Ausência de reação do condutor,Colisão traseira,Com Vítimas Feridas,Plena Noite,Crescente,Chuva,Dupla,Ponte,Não,2,0,1,0,1,0,1,2,-28.43344941,-48.84555817,SPRF-SC,DEL02-SC,UOP01-DEL02-SC,2024
"614289,0",2024-07-14,domingo,03:20:00,SC,280,"129,3",RIO NEGRINHO,Ingestão de álcool pelo condutor,Colisão com objeto,Sem Vítimas,Plena Noite,Crescente,Chuva,Simples,Ponte,Sim,1,0,0,0,1,0,0,1,-26.24586437,-49.52284615,SPRF-SC,DEL06-SC,UOP03-DEL06-SC,2024
"614321,0",2024-07-14,domingo,01:50:00,SC,282,"462,2",PONTE SERRADA,Ausência de reação do condutor,Colisão lateral sentido oposto,Com Vítimas Feridas,Plena Noite,Crescente,Chuva,Dupla,Aclive;Reta,Sim,3,0,0,1,2,0,1,2,-26.860739,-52.026861,SPRF-SC,DEL07-SC,UOP04-DEL07-SC,2024
"614335,0",2024-07-14,domingo,07:35:00,SC,101,"316,0",LAGUNA,Avarias e/ou desgaste excessivo no pneu,Colisão com objeto,Com Vítimas Feridas,Pleno dia,Crescente,Chuva,Múltipla,Curva,Não,1,0,0,1,0,0,1,1,-28.4252221,-48.85654449,SPRF-SC,DEL02-SC,UOP01-DEL02-SC,2024
"614336,0",2024-07-14,domingo,00:50:00,SC,282,"522,1",XAXIM,Ingestão de álcool pelo condutor,Saída de leito carroçável,Sem Vítimas,Plena Noite,Decrescente,Garoa/Chuvisco,Simples,Reta,Não,1,0,0,0,0,1,0,1,-26.956238,-52.542637,SPRF-SC,DEL07-SC,UOP01-DEL07-SC,2024
"614338,0",2024-07-14,domingo,05:30:00,SC,480,"127,0",CHAPECO,Ingestão de álcool pelo condutor,Colisão com objeto,Sem Vítimas,Plena Noite,Crescente,Garoa/Chuvisco,Dupla,Reta,Sim,2,0,0,0,2,0,0,1,-27.02885905,-52.63380035,SPRF-SC,DEL07-SC,UOP01-DEL07-SC,2024
"614339,0",2024-07-14,domingo,06:50:00,SC,101,"132,4",BALNEARIO CAMBORIU,Acumulo de água sobre o pavimento,Colisão com objeto,Com Vítimas Feridas,Pleno dia,Crescente,Garoa/Chuvisco,Múltipla,Reta,Sim,1,0,1,0,0,0,1,1,-26.99654133,-48.65564711,SPRF-SC,DEL04-SC,UOP03-DEL04-SC,2024
"614343,0",2024-07-14,domingo,05:07:00,SC,101,"136,2",BALNEARIO CAMBORIU,Pedestre cruzava a pista fora da faixa,Atropelamento de Pedestre,Com Vítimas Fatais,Amanhecer,Decrescente,Nublado,Múltipla,Curva,Sim,2,1,0,0,0,1,0,2,-27.008113,-48.617245,SPRF-SC,DEL04-SC,UOP03-DEL04-SC,2024
"614346,0",2024-07-14,domingo,05:55:00,SC,282,"593,4",CUNHA PORA,Reação tardia ou ineficiente do condutor,Saída de leito carroçável,Com Vítimas Feridas,Plena Noite,Crescente,Garoa/Chuvisco,Simples,Curva,Não,3,0,0,1,2,0,1,1,-26.82448921,-53.10559809,SPRF-SC,DEL07-SC,UOP02-DEL07-SC,2024
"614357,0",2024-07-14,domingo,08:30:00,SC,282,"67,7",RANCHO QUEIMADO,Velocidade Incompatível,Saída de leito carroçável,Com Vítimas Feridas,Pleno dia,Crescente,Chuva,Simples,Declive;Curva,Não,4,0,2,0,2,0,2,1,-27.695963,-49.0695,SPRF-SC,DEL01-SC,UOP03-DEL01-SC,2024
"614360,0",2024-07-14,domingo,09:20:00,SC,101,"134,0",BALNEARIO CAMBORIU,Desrespeitar a preferência no cruzamento,Colisão transversal,Com Vítimas Feridas,Pleno dia,Crescente,Nublado,Múltipla,Interseção de Vias,Sim,2,0,1,0,1,0,1,2,-27.00216409,-48.63802493,SPRF-SC,DEL04-SC,UOP03-DEL04-SC,2024
"614380,0",2024-07-14,domingo,11:15:00,SC,101,"359,0",SANGAO,Ausência de reação do condutor,Saída de leito carroçável,Com Vítimas Feridas,Pleno dia,Decrescente,Chuva,Múltipla,Reta,Não,1,0,1,0,0,0,1,1,-28.6584393,-49.10982549,SPRF-SC,DEL02-SC,UOP01-DEL02-SC,2024
"614395,0",2024-04-21,domingo,04:10:00,SC,282,"19,2",PALHOCA,Ausência de sinalização,Colisão frontal,Com Vítimas Fatais,Plena Noite,Crescente,Céu Claro,Simples,Retorno Regulamentado;Declive;Viaduto;Reta,Não,6,1,1,4,0,0,5,3,-27.680135,-48.704037,SPRF-SC,DEL01-SC,UOP02-DEL01-SC,2024
"614407,0",2024-07-14,domingo,14:20:00,SC,282,"402,9",JOACABA,Acumulo de água sobre o pavimento,Saída de leito carroçável,Com Vítimas Feridas,Pleno dia,Crescente,Nevoeiro/Neblina,Simples,Curva,Não,5,0,1,0,4,0,1,1,-27.115656,-51.631065,SPRF-SC,DEL07-SC,UOP05-DEL07-SC,2024
"614445,0",2024-07-09,terça-feira,16:20:00,SC,101,"381,7",ICARA,Condutor deixou de manter distância do veículo da frente,Colisão traseira,Com Vítimas Feridas,Pleno dia,Crescente,Chuva,Múltipla,Declive;Reta,Não,2,0,1,0,1,0,1,2,-28.76615435,-49.29724216,SPRF-SC,DEL02-SC,UOP02-DEL02-SC,2024
"614478,0",2024-07-14,domingo,19:05:00,SC,282,"674,3",PARAISO,Acessar a via sem observar a presença dos outros veículos,Colisão transversal,Com Vítimas Feridas,Plena Noite,Decrescente,Ignorado,Simples,Interseção de Vias,Não,3,0,2,0,1,0,2,2,-26.614613,-53.67001,SPRF-SC,DEL07-SC,UOP03-DEL07-SC,2024
"614535,0",2024-07-15,segunda-feira,04:40:00,SC,101,"32,9",JOINVILLE,Acessar a via sem observar a presença dos outros veículos,Colisão lateral mesmo sentido,Com Vítimas Feridas,Plena Noite,Decrescente,Chuva,Dupla,Reta,Não,4,0,1,0,3,0,1,3,-26.226987,-48.91657,SPRF-SC,DEL03-SC,UOP01-DEL03-SC,2024
"614549,0",2024-07-15,segunda-feira,07:40:00,SC,101,"205,4",SAO JOSE,Condutor deixou de manter distância do veículo da frente,Colisão traseira,Com Vítimas Feridas,Pleno dia,Decrescente,Nublado,Dupla,Reta,Sim,2,0,1,0,1,0,1,2,-27.58651834,-48.61623114,SPRF-SC,DEL01-SC,UOP01-DEL01-SC,2024
"614599,0",2024-07-15,segunda-feira,10:40:00,SC,101,"215,9",PALHOCA,Ausência de reação do condutor,Colisão traseira,Com Vítimas Feridas,Pleno dia,Decrescente,Nublado,Múltipla,Curva,Sim,3,0,1,0,2,0,1,3,-27.65184843,-48.67604941,SPRF-SC,DEL01-SC,UOP02-DEL01-SC,2024
"614601,0",2024-07-15,segunda-feira,08:30:00,SC,282,"662,6",PARAISO,Reação tardia ou ineficiente do condutor,Colisão transversal,Com Vítimas Feridas,Pleno dia,Decrescente,Nevoeiro/Neblina,Simples,Reta,Não,3,0,2,0,1,0,2,2,-26.66989535,-53.59645844,SPRF-SC,DEL07-SC,UOP03-DEL07-SC,2024
"614632,0",2024-07-15,segunda-feira,13:10:00,SC,101,"204,7",SAO JOSE,Reação tardia ou ineficiente do condutor,Colisão traseira,Sem Vítimas,Pleno dia,Crescente,Garoa/Chuvisco,Múltipla,Aclive;Reta,Sim,3,0,0,0,3,0,0,2,-27.57413014,-48.61363083,SPRF-SC,DEL01-SC,UOP01-DEL01-SC,2024
"614691,0",2024-07-15,segunda-feira,15:49:00,SC,282,"344,7",CAMPOS NOVOS,Reação tardia ou ineficiente do condutor,Engavetamento,Com Vítimas Feridas,Pleno dia,Crescente,Céu Claro,Simples,Reta;Em Obras,Sim,5,0,0,1,4,0,1,4,-27.38205669,-51.23920441,SPRF-SC,DEL07-SC,UOP06-DEL07-SC,2024
"614710,0",2024-07-15,segunda-feira,18:00:00,SC,282,"585,5",PINHALZINHO,Afundamento ou ondulação no pavimento,Queda de ocupante de veículo,Com Vítimas Feridas,Anoitecer,Decrescente,Nublado,Simples,Curva;Em Obras,Não,1,0,0,1,0,0,1,1,-26.830591,-53.025528,SPRF-SC,DEL07-SC,UOP02-DEL07-SC,2024
"614718,0",2024-07-15,segunda-feira,21:30:00,SC,101,"214,0",PALHOCA,Acessar a via sem observar a presença dos outros veículos,Colisão transversal,Com Vítimas Feridas,Plena Noite,Decrescente,Chuva,Simples,Interseção de Vias,Sim,2,0,0,1,0,1,1,2,-27.64443,-48.67057,SPRF-SC,DEL01-SC,UOP02-DEL01-SC,2024
"614721,0",2024-07-15,segunda-feira,20:10:00,SC,280,"165,0",MAFRA,Ausência de reação do condutor,Colisão com objeto,Com Vítimas Feridas,Plena Noite,Decrescente,Garoa/Chuvisco,Simples,Reta,Sim,1,0,1,0,0,0,1,1,-26.17500493,-49.81759071,SPRF-SC,DEL06-SC,UOP01-DEL06-SC,2024
"614765,0",2024-07-16,terça-feira,01:22:00,SC,470,"59,2",BLUMENAU,Condutor Dormindo,Capotamento,Com Vítimas Feridas,Plena Noite,Decrescente,Garoa/Chuvisco,Simples,Curva,Sim,1,0,0,1,0,0,1,1,-26.882812,-49.1548,SPRF-SC,DEL04-SC,UOP01-DEL04-SC,2024
"614769,0",2024-07-16,terça-feira,06:40:00,SC,101,"24,0",JOINVILLE,Reação tardia ou ineficiente do condutor,Colisão traseira,Com Vítimas Feridas,Amanhecer,Decrescente,Chuva,Simples,Reta,Sim,2,0,2,0,0,0,2,2,-26.17933487,-48.90875285,SPRF-SC,DEL03-SC,UOP01-DEL03-SC,2024
"614808,0",2024-07-16,terça-feira,11:30:00,SC,163,"67,4",SAO MIGUEL DO OESTE,Acessar a via sem observar a presença dos outros veículos,Colisão traseira,Com Vítimas Feridas,Pleno dia,Decrescente,Nublado,Dupla,Reta,Sim,2,0,1,0,1,0,1,2,-26.759436,-53.50055292,SPRF-SC,DEL07-SC,UOP03-DEL07-SC,2024
"614841,0",2024-07-16,terça-feira,14:20:00,SC,101,"134,0",BALNEARIO CAMBORIU,Desrespeitar a preferência no cruzamento,Colisão transversal,Com Vítimas Feridas,Pleno dia,Crescente,Céu Claro,Simples,Interseção de Vias,Sim,2,0,1,0,1,0,1,2,-27.00218,-48.636433,SPRF-SC,DEL04-SC,UOP03-DEL04-SC,2024
"614876,0",2024-07-16,terça-feira,10:30:00,SC,280,"73,2",JARAGUA DO SUL,Acumulo de água sobre o pavimento,Saída de leito carroçável,Sem Vítimas,Pleno dia,Decrescente,Chuva,Simples,Reta,Sim,2,0,0,0,2,0,0,1,-26.45917102,-49.15245,SPRF-SC,DEL03-SC,UOP03-DEL03-SC,2024
"614891,0",2024-07-16,terça-feira,19:00:00,SC,282,"1,0",FLORIANOPOLIS,Trafegar com motocicleta (ou similar) entre as faixas,Colisão lateral mesmo sentido,Com Vítimas Feridas,Plena Noite,Decrescente,Nublado,Múltipla,Curva,Sim,2,0,0,1,1,0,1,2,-27.602955,-48.580509,SPRF-SC,DEL01-SC,UOP01-DEL01-SC,2024
"614929,0",2024-07-16,terça-feira,20:40:00,SC,101,"305,0",LAGUNA,Chuva,Saída de leito carroçável,Com Vítimas Feridas,Plena Noite,Crescente,Chuva,Múltipla,Reta,Não,1,0,0,1,0,0,1,1,-28.37674574,-48.76400229,SPRF-SC,DEL02-SC,UOP03-DEL02-SC,2024
"614942,0",2024-07-17,quarta-feira,03:10:00,SC,101,"198,0",BIGUACU,Entrada inopinada do pedestre,Atropelamento de Pedestre,Com Vítimas Feridas,Plena Noite,Crescente,Céu Claro,Múltipla,Reta,Sim,2,0,0,1,1,0,1,2,-27.52658712,-48.63506019,SPRF-SC,DEL01-SC,UOP01-DEL01-SC,2024
"614946,0",2024-07-17,quarta-feira,01:35:00,SC,282,"640,9",DESCANSO,Transitar na contramão,Colisão frontal,Com Vítimas Fatais,Plena Noite,Decrescente,Nublado,Simples,Curva,Não,5,1,1,3,0,0,4,2,-26.7794637,-53.460611,SPRF-SC,DEL07-SC,UOP03-DEL07-SC,2024
"614948,0",2024-07-17,quarta-feira,02:50:00,SC,101,"58,2",ARAQUARI,Objeto estático sobre o leito carroçável,Colisão com objeto,Sem Vítimas,Pleno dia,Crescente,Nublado,Múltipla,Reta;Aclive,Sim,2,0,0,0,2,0,0,2,-26.44025049,-48.80129043,SPRF-SC,DEL03-SC,UOP02-DEL03-SC,2024
"614952,0",2024-07-17,quarta-feira,04:35:00,SC,280,"59,0",GUARAMIRIM,Acessar a via sem observar a presença dos outros veículos,Colisão transversal,Com Vítimas Feridas,Plena Noite,Crescente,Nublado,Simples,Em Obras;Curva,Sim,2,0,1,0,1,0,1,2,-26.47525778,-49.03098916,SPRF-SC,DEL03-SC,UOP03-DEL03-SC,2024
"614978,0",2024-07-17,quarta-feira,08:12:00,SC,101,"197,7",BIGUACU,Animais na Pista,Atropelamento de Animal,Com Vítimas Feridas,Pleno dia,Crescente,Nevoeiro/Neblina,Dupla,Reta,Sim,1,0,1,0,0,0,1,1,-27.51844497,-48.63848496,SPRF-SC,DEL01-SC,UOP01-DEL01-SC,2024
"614979,0",2024-07-17,quarta-feira,08:30:00,SC,101,"201,8",SAO JOSE,Manobra de mudança de faixa,Colisão lateral mesmo sentido,Com Vítimas Feridas,Pleno dia,Crescente,Céu Claro,Dupla,Reta,Sim,2,0,1,0,1,0,1,2,-27.54836599,-48.61977975,SPRF-SC,DEL01-SC,UOP01-DEL01-SC,2024
"614984,0",2024-07-17,quarta-feira,08:50:00,SC,101,"209,5",SAO JOSE,Trafegar com motocicleta (ou similar) entre as faixas,Colisão traseira,Com Vítimas Feridas,Pleno dia,Decrescente,Nublado,Múltipla,Aclive;Reta,Não,2,0,1,0,1,0,1,2,-27.61000542,-48.63895057,SPRF-SC,DEL01-SC,UOP01-DEL01-SC,2024
"614985,0",2024-07-17,quarta-feira,06:55:00,SC,101,"436,7",SOMBRIO,Condutor deixou de manter distância do veículo da frente,Colisão traseira,Com Vítimas Feridas,Amanhecer,Crescente,Nevoeiro/Neblina,Múltipla,Curva,Sim,2,0,1,0,1,0,1,2,-29.12149871,-49.64335442,SPRF-SC,DEL02-SC,UOP02-DEL02-SC,2024
"614993,0",2024-07-17,quarta-feira,10:40:00,SC,101,"197,4",BIGUACU,Transitar na contramão,Tombamento,Com Vítimas Feridas,Pleno dia,Crescente,Céu Claro,Simples,Interseção de Vias;Viaduto,Sim,1,0,1,0,0,0,1,1,-27.51844497,-48.63848496,SPRF-SC,DEL01-SC,UOP01-DEL01-SC,2024
"615012,0",2024-07-17,quarta-feira,12:35:00,SC,101,"204,0",SAO JOSE,Condutor deixou de manter distância do veículo da frente,Colisão traseira,Com Vítimas Feridas,Pleno dia,Crescente,Céu Claro,Múltipla,Reta,Sim,5,0,3,0,2,0,3,3,-27.57413014,-48.61363083,SPRF-SC,DEL01-SC,UOP01-DEL01-SC,2024
"615035,0",2024-07-17,quarta-feira,14:40:00,SC,280,"48,0",GUARAMIRIM,Conversão proibida,Colisão lateral mesmo sentido,Com Vítimas Feridas,Pleno dia,Decrescente,Céu Claro,Simples,Reta,Sim,2,0,1,0,1,0,1,2,-26.45506795,-48.92766502,SPRF-SC,DEL03-SC,UOP03-DEL03-SC,2024
"615087,0",2024-07-17,quarta-feira,18:25:00,SC,101,"298,0",IMBITUBA,Entrada inopinada do pedestre,Atropelamento de Pedestre,Com Vítimas Feridas,Plena Noite,Decrescente,Céu Claro,Dupla,Curva,Não,3,0,0,1,2,0,1,2,-28.32102597,-48.72829906,SPRF-SC,DEL02-SC,UOP03-DEL02-SC,2024
"615108,0",2024-07-17,quarta-feira,21:00:00,SC,280,"59,0",GUARAMIRIM,Velocidade Incompatível,Capotamento,Com Vítimas Feridas,Plena Noite,Decrescente,Céu Claro,Simples,Em Obras;Reta,Sim,1,0,1,0,0,0,1,1,-26.47525778,-49.03098916,SPRF-SC,DEL03-SC,UOP03-DEL03-SC,2024
"615116,0",2024-07-17,quarta-feira,21:45:00,SC,101,"203,2",SAO JOSE,Velocidade Incompatível,Colisão traseira,Com Vítimas Feridas,Plena Noite,Decrescente,Céu Claro,Simples,Curva,Sim,2,0,1,0,1,0,1,2,-27.5650044,-48.61460082,SPRF-SC,DEL01-SC,UOP01-DEL01-SC,2024
"615120,0",2024-07-17,quarta-feira,18:50:00,SC,101,"442,0",SANTA ROSA DO SUL,Iluminação deficiente,Colisão traseira,Com Vítimas Feridas,Plena Noite,Decrescente,Ignorado,Simples,Reta,Não,2,0,1,0,1,0,1,2,-29.12959329,-49.68678391,SPRF-SC,DEL02-SC,UOP02-DEL02-SC,2024
"615129,0",2024-07-17,quarta-feira,22:30:00,SC,282,"644,0",SAO MIGUEL DO OESTE,Acessar a via sem observar a presença dos outros veículos,Colisão transversal,Sem Vítimas,Plena Noite,Decrescente,Céu Claro,Simples,Reta,Não,2,0,0,0,2,0,0,2,-26.769157,-53.479385,SPRF-SC,DEL07-SC,UOP03-DEL07-SC,2024
"615146,0",2024-07-18,quinta-feira,03:00:00,SC,282,"57,0",RANCHO QUEIMADO,Condutor Dormindo,Saída de leito carroçável,Com Vítimas Feridas,Plena Noite,Decrescente,Céu Claro,Simples,Curva,Não,1,0,1,0,0,0,1,1,-27.688864,-48.998455,SPRF-SC,DEL01-SC,UOP03-DEL01-SC,2024
"615180,0",2024-07-18,quinta-feira,08:00:00,SC,101,"373,0",ICARA,Ingestão de álcool pelo condutor,Saída de leito carroçável,Sem Vítimas,Pleno dia,Crescente,Nevoeiro/Neblina,Múltipla,Reta,Não,1,0,0,0,1,0,0,1,-28.7132671,-49.21763596,SPRF-SC,DEL02-SC,UOP01-DEL02-SC,2024
"615187,0",2024-07-18,quinta-feira,08:20:00,SC,101,"209,0",SAO JOSE,Condutor deixou de manter distância do veículo da frente,Colisão traseira,Com Vítimas Feridas,Pleno dia,Decrescente,Céu Claro,Múltipla,Reta,Sim,3,0,1,0,2,0,1,2,-27.61000542,-48.63895057,SPRF-SC,DEL01-SC,UOP01-DEL01-SC,2024
"615192,0",2024-07-18,quinta-feira,05:20:00,SC,280,"237,2",CANOINHAS,Reação tardia ou ineficiente do condutor,Saída de leito carroçável,Com Vítimas Feridas,Plena Noite,Decrescente,Nevoeiro/Neblina,Simples,Reta,Não,3,0,1,2,0,0,3,1,-26.19844599,-50.43216601,SPRF-SC,DEL06-SC,UOP04-DEL06-SC,2024
"615197,0",2024-07-18,quinta-feira,08:20:00,SC,480,"129,9",CHAPECO,Ausência de reação do condutor,Colisão lateral mesmo sentido,Com Vítimas Feridas,Pleno dia,Crescente,Céu Claro,Simples,Reta,Sim,2,0,1,0,1,0,1,2,-27.04656607,-52.63577131,SPRF-SC,DEL07-SC,UOP01-DEL07-SC,2024
"615203,0",2024-07-18,quinta-feira,09:25:00,SC,101,"135,0",BALNEARIO CAMBORIU,Reação tardia ou ineficiente do condutor,Colisão traseira,Sem Vítimas,Pleno dia,Crescente,Nublado,Múltipla,Reta,Sim,2,0,0,0,2,0,0,2,-27.0050108,-48.62677494,SPRF-SC,DEL04-SC,UOP03-DEL04-SC,2024
"615204,0",2024-07-18,quinta-feira,07:15:00,SC,282,"54,0",AGUAS MORNAS,Demais Fenômenos da natureza,Incêndio,Sem Vítimas,Pleno dia,Decrescente,Céu Claro,Simples,Reta,Não,1,0,0,0,1,0,0,1,-27.685799,-48.974514,SPRF-SC,DEL01-SC,UOP03-DEL01-SC,2024
"615213,0",2024-07-18,quinta-feira,10:25:00,SC,101,"213,0",PALHOCA,Trafegar com motocicleta (ou similar) entre as faixas,Colisão lateral mesmo sentido,Com Vítimas Feridas,Pleno dia,Decrescente,Céu Claro,Múltipla,Reta,Sim,2,0,1,0,1,0,1,2,-27.63697369,-48.66514142,SPRF-SC,DEL01-SC,UOP02-DEL01-SC,2024
"615257,0",2024-07-18,quinta-feira,13:15:00,SC,101,"214,1",PALHOCA,Transtornos Mentais (exceto suicidio),Queda de ocupante de veículo,Com Vítimas Feridas,Pleno dia,Decrescente,Céu Claro,Dupla,Reta;Ponte,Sim,3,0,1,0,1,1,1,1,-27.64443,-48.67057,SPRF-SC,DEL01-SC,UOP02-DEL01-SC,2024
"615284,0",2024-07-18,quinta-feira,09:45:00,SC,101,"389,9",CRICIUMA,Desrespeitar a preferência no cruzamento,Colisão transversal,Sem Vítimas,Pleno dia,Crescente,Céu Claro,Múltipla,Reta,Não,2,0,0,0,2,0,0,2,-28.804182,-49.370646,SPRF-SC,DEL02-SC,UOP02-DEL02-SC,2024
"615285,0",2024-07-18,quinta-feira,17:30:00,SC,101,"3,0",GARUVA,Manobra de mudança de faixa,Colisão lateral mesmo sentido,Sem Vítimas,Anoitecer,Crescente,Chuva,Dupla,Curva,Não,2,0,0,0,2,0,0,2,-26.00380807,-48.87233005,SPRF-SC,DEL03-SC,UOP01-DEL03-SC,2024
"615323,0",2024-07-18,quinta-feira,19:45:00,SC,101,"228,8",PALHOCA,Demais falhas mecânicas ou elétricas,Queda de ocupante de veículo,Com Vítimas Feridas,Plena Noite,Decrescente,Céu Claro,Dupla,Curva;Declive,Sim,1,0,0,1,0,0,1,1,-27.76846905,-48.6314106,SPRF-SC,DEL01-SC,UOP02-DEL01-SC,2024
"615338,0",2024-07-18,quinta-feira,18:40:00,SC,101,"142,0",ITAPEMA,Transitar na contramão,Colisão frontal,Com Vítimas Feridas,Anoitecer,Decrescente,Céu Claro,Múltipla,Reta,Sim,2,0,0,1,1,0,1,2,-27.056089,-48.599449,SPRF-SC,DEL04-SC,UOP03-DEL04-SC,2024
"615349,0",2024-07-18,quinta-feira,22:05:00,SC,101,"211,1",PALHOCA,Velocidade Incompatível,Tombamento,Com Vítimas Feridas,Plena Noite,Crescente,Céu Claro,Múltipla,Reta;Ponte,Sim,1,0,0,1,0,0,1,1,-27.62329313,-48.65245588,SPRF-SC,DEL01-SC,UOP02-DEL01-SC,2024
"615369,0",2024-07-19,sexta-feira,02:00:00,SC,101,"130,0",BALNEARIO CAMBORIU,Ingestão de álcool pelo condutor,Tombamento,Com Vítimas Feridas,Plena Noite,Decrescente,Nublado,Dupla,Reta,Sim,1,0,1,0,0,0,1,1,-26.98407618,-48.66977107,SPRF-SC,DEL04-SC,UOP03-DEL04-SC,2024
"615381,0",2024-07-19,sexta-feira,05:30:00,SC,116,"4,3",MAFRA,Ingestão de álcool pelo condutor,Colisão com objeto,Sem Vítimas,Plena Noite,Crescente,Nevoeiro/Neblina,Simples,Reta,Sim,1,0,0,0,1,0,0,1,-26.13554917,-49.8072652,SPRF-SC,DEL06-SC,UOP01-DEL06-SC,2024
"615389,0",2024-07-19,sexta-feira,06:00:00,SC,101,"248,5",PAULO LOPES,Condutor Dormindo,Saída de leito carroçável,Com Vítimas Feridas,Amanhecer,Crescente,Céu Claro,Dupla,Reta,Não,1,0,1,0,0,0,1,1,-27.92619305,-48.65828191,SPRF-SC,DEL02-SC,UOP03-DEL02-SC,2024
"615393,0",2024-07-19,sexta-feira,07:10:00,SC,101,"214,3",PALHOCA,Acessar a via sem observar a presença dos outros veículos,Colisão transversal,Com Vítimas Feridas,Pleno dia,Crescente,Céu Claro,Simples,Interseção de Vias,Não,2,0,1,0,1,0,1,2,-27.64443,-48.67057,SPRF-SC,DEL01-SC,UOP02-DEL01-SC,2024
"615395,0",2024-07-19,sexta-feira,06:00:00,SC,282,"354,0",CAMPOS NOVOS,Transitar na contramão,Colisão frontal,Com Vítimas Feridas,Amanhecer,Decrescente,Céu Claro,Simples,Curva,Não,2,0,1,1,0,0,2,2,-27.35796,-51.330452,SPRF-SC,DEL07-SC,UOP06-DEL07-SC,2024
"615397,0",2024-07-19,sexta-feira,05:30:00,SC,101,"133,8",BALNEARIO CAMBORIU,Ingestão de álcool pelo condutor,Saída de leito carroçável,Sem Vítimas,Amanhecer,Crescente,Céu Claro,Múltipla,Reta,Sim,1,0,0,0,0,1,0,1,-26.99936,-48.64609,SPRF-SC,DEL04-SC,UOP03-DEL04-SC,2024
"615442,0",2024-07-19,sexta-feira,11:40:00,SC,470,"5,0",NAVEGANTES,Manobra de mudança de faixa,Colisão lateral mesmo sentido,Com Vítimas Feridas,Pleno dia,Decrescente,Céu Claro,Dupla,Reta,Sim,2,0,1,0,1,0,1,2,-26.855688,-48.700333,SPRF-SC,DEL04-SC,UOP04-DEL04-SC,2024
"615443,0",2024-07-19,sexta-feira,08:00:00,SC,280,"94,0",CORUPA,Pista Escorregadia,Saída de leito carroçável,Com Vítimas Feridas,Pleno dia,Decrescente,Garoa/Chuvisco,Simples,Curva,Não,1,0,1,0,0,0,1,1,-26.39198268,-49.30187441,SPRF-SC,DEL06-SC,UOP03-DEL06-SC,2024
"615453,0",2024-07-19,sexta-feira,12:39:00,SC,101,"145,0",ITAPEMA,Manobra de mudança de faixa,Colisão lateral mesmo sentido,Com Vítimas Feridas,Pleno dia,Decrescente,Sol,Dupla,Aclive,Não,2,0,1,0,1,0,1,2,-27.08139206,-48.60130993,SPRF-SC,DEL04-SC,UOP03-DEL04-SC,2024
"615476,0",2024-07-19,sexta-feira,13:20:00,SC,101,"40,3",JOINVILLE,Velocidade Incompatível,Capotamento,Com Vítimas Feridas,Pleno dia,Decrescente,Céu Claro,Dupla,Reta,Sim,1,0,0,1,0,0,1,1,-26.30608829,-48.8804765,SPRF-SC,DEL03-SC,UOP01-DEL03-SC,2024
"615485,0",2024-07-19,sexta-feira,15:44:00,SC,282,"52,6",AGUAS MORNAS,Demais falhas mecânicas ou elétricas,Incêndio,Sem Vítimas,Pleno dia,Crescente,Céu Claro,Simples,Aclive;Curva,Não,1,0,0,0,1,0,0,1,-27.69405141,-48.97024023,SPRF-SC,DEL01-SC,UOP03-DEL01-SC,2024
"615492,0",2024-07-19,sexta-feira,14:00:00,SC,116,"7,0",MAFRA,Desrespeitar a preferência no cruzamento,Colisão transversal,Com Vítimas Feridas,Pleno dia,Decrescente,Céu Claro,Simples,Reta,Sim,2,0,1,0,1,0,1,2,-26.15196176,-49.83102416,SPRF-SC,DEL06-SC,UOP01-DEL06-SC,2024
"615493,0",2024-07-19,sexta-feira,16:10:00,SC,101,"195,0",BIGUACU,Ausência de reação do condutor,Colisão traseira,Sem Vítimas,Pleno dia,Crescente,Céu Claro,Múltipla,Reta,Não,3,0,0,0,2,1,0,3,-27.5047092,-48.65010819,SPRF-SC,DEL01-SC,UOP01-DEL01-SC,2024
"615500,0",2024-07-19,sexta-feira,17:00:00,SC,101,"202,6",SAO JOSE,Trafegar com motocicleta (ou similar) entre as faixas,Colisão lateral mesmo sentido,Com Vítimas Feridas,Pleno dia,Crescente,Céu Claro,Múltipla,Reta,Sim,3,0,2,0,1,0,2,2,-27.55711595,-48.61897889,SPRF-SC,DEL01-SC,UOP01-DEL01-SC,2024