id,data_inversa,dia_semana,horario,uf,br,km,municipio,causa_acidente,tipo_acidente,classificacao_acidente,fase_dia,sentido_via,condicao_metereologica,tipo_pista,tracado_via,uso_solo,pessoas,mortos,feridos_leves,feridos_graves,ilesos,ignorados,feridos,veiculos,latitude,longitude,regional,delegacia,uop,ano_arquivo
"615512,0",2024-07-19,sexta-feira,10:20:00,SC,101,"338,0",TUBARAO,Condutor deixou de manter distância do veículo da frente,Colisão traseira,Com Vítimas Feridas,Pleno dia,Crescente,Céu Claro,Múltipla,Reta;Declive,Não,2,0,1,0,1,0,1,2,-28.485725,-49.03726,SPRF-SC,DEL02-SC,UOP01-DEL02-SC,2024
"615516,0",2024-07-19,sexta-feira,16:10:00,SC,101,"148,0",ITAPEMA,Reação tardia ou ineficiente do condutor,Colisão traseira,Com Vítimas Feridas,Pleno dia,Decrescente,Sol,Dupla,Reta,Sim,2,0,1,0,1,0,1,2,-27.10123686,-48.61807962,SPRF-SC,DEL04-SC,UOP03-DEL04-SC,2024
"615535,0",2024-07-03,quarta-feira,15:50:00,SC,101,"134,8",BALNEARIO CAMBORIU,Manobra de mudança de faixa,Colisão lateral mesmo sentido,Com Vítimas Feridas,Pleno dia,Decrescente,Céu Claro,Múltipla,Reta,Sim,2,0,1,0,1,0,1,2,-27.00218,-48.636433,SPRF-SC,DEL04-SC,UOP03-DEL04-SC,2024
"615544,0",2024-07-19,sexta-feira,19:40:00,SC,101,"62,0",ARAQUARI,Manobra de mudança de faixa,Colisão lateral mesmo sentido,Com Vítimas Feridas,Plena Noite,Decrescente,Nublado,Dupla,Reta,Sim,2,0,1,0,1,0,1,2,-26.45504246,-48.76711901,SPRF-SC,DEL03-SC,UOP02-DEL03-SC,2024
"615568,0",2024-07-19,sexta-feira,21:00:00,SC,101,"119,0",ITAJAI,Reação tardia ou ineficiente do condutor,Colisão lateral mesmo sentido,Com Vítimas Feridas,Plena Noite,Crescente,Nevoeiro/Neblina,Múltipla,Reta,Sim,2,0,1,0,1,0,1,2,-26.9043179,-48.71555481,SPRF-SC,DEL04-SC,UOP04-DEL04-SC,2024
"615582,0",2024-07-19,sexta-feira,22:00:00,SC,101,"136,5",BALNEARIO CAMBORIU,Ausência de reação do condutor,Colisão com objeto,Com Vítimas Feridas,Plena Noite,Crescente,Nevoeiro/Neblina,Múltipla,Reta,Sim,1,0,1,0,0,0,1,1,-27.008113,-48.617245,SPRF-SC,DEL04-SC,UOP03-DEL04-SC,2024
"615592,0",2024-07-19,sexta-feira,21:20:00,SC,101,"205,5",SAO JOSE,Manobra de mudança de faixa,Colisão lateral mesmo sentido,Com Vítimas Feridas,Plena Noite,Decrescente,Céu Claro,Dupla,Interseção de Vias;Reta,Sim,2,0,1,0,1,0,1,2,-27.58313237,-48.61532885,SPRF-SC,DEL01-SC,UOP01-DEL01-SC,2024
"615600,0",2024-07-19,sexta-feira,23:10:00,SC,101,"134,0",BALNEARIO CAMBORIU,Reação tardia ou ineficiente do condutor,Colisão traseira,Sem Vítimas,Plena Noite,Decrescente,Nevoeiro/Neblina,Múltipla,Reta,Sim,2,0,0,0,2,0,0,2,-27.00218,-48.636433,SPRF-SC,DEL04-SC,UOP03-DEL04-SC,2024
"615602,0",2024-07-19,sexta-feira,23:50:00,SC,280,"28,5",ARAQUARI,Transitar na contramão,Colisão frontal,Com Vítimas Feridas,Plena Noite,Crescente,Nublado,Simples,Reta,Não,2,0,1,0,1,0,1,2,-26.40450077,-48.74561031,SPRF-SC,DEL03-SC,UOP03-DEL03-SC,2024
"615605,0",2024-07-19,sexta-feira,21:50:00,SC,101,"326,8",CAPIVARI DE BAIXO,Manobra de mudança de faixa,Colisão lateral mesmo sentido,Com Vítimas Feridas,Plena Noite,Crescente,Céu Claro,Múltipla,Declive;Reta,Não,5,0,3,0,2,0,3,2,-28.42524483,-48.94302707,SPRF-SC,DEL02-SC,UOP01-DEL02-SC,2024
"615630,0",2024-07-20,sábado,05:00:00,SC,153,"84,8",CONCORDIA,Neblina,Colisão com objeto,Sem Vítimas,Amanhecer,Crescente,Nevoeiro/Neblina,Simples,Curva,Não,1,0,0,0,1,0,0,1,-27.13419,-51.916466,SPRF-SC,DEL07-SC,UOP04-DEL07-SC,2024
"615632,0",2024-07-20,sábado,04:45:00,SC,470,"52,8",BLUMENAU,Condutor Dormindo,Saída de leito carroçável,Com Vítimas Feridas,Plena Noite,Decrescente,Nublado,Simples,Rotatória,Sim,1,0,1,0,0,0,1,1,-26.86683816,-49.10149271,SPRF-SC,DEL04-SC,UOP01-DEL04-SC,2024
"615634,0",2024-07-20,sábado,04:47:00,SC,470,"28,9",GASPAR,Condutor Dormindo,Capotamento,Sem Vítimas,Plena Noite,Decrescente,Nublado,Dupla,Reta,Não,1,0,0,0,0,1,0,1,-26.893761,-48.893917,SPRF-SC,DEL04-SC,UOP01-DEL04-SC,2024
"615698,0",2024-07-20,sábado,12:00:00,SC,101,"203,5",SAO JOSE,Reação tardia ou ineficiente do condutor,Colisão traseira,Com Vítimas Feridas,Pleno dia,Crescente,Céu Claro,Múltipla,Reta,Sim,7,0,1,0,6,0,1,2,-27.5650044,-48.61460082,SPRF-SC,DEL01-SC,UOP01-DEL01-SC,2024
"615703,0",2024-07-20,sábado,10:30:00,SC,101,"144,5",ITAPEMA,Reação tardia ou ineficiente do condutor,Engavetamento,Com Vítimas Feridas,Pleno dia,Decrescente,Céu Claro,Dupla,Reta,Sim,4,0,1,0,3,0,1,3,-27.0732659,-48.59672716,SPRF-SC,DEL04-SC,UOP03-DEL04-SC,2024
"615706,0",2024-07-20,sábado,12:45:00,SC,101,"144,0",ITAPEMA,Manobra de mudança de faixa,Colisão lateral mesmo sentido,Com Vítimas Feridas,Pleno dia,Decrescente,Sol,Dupla,Reta,Sim,1,0,0,1,0,0,1,1,-27.0732659,-48.59672716,SPRF-SC,DEL04-SC,UOP03-DEL04-SC,2024
"615725,0",2024-07-20,sábado,13:45:00,SC,116,"266,0",CAPAO ALTO,Velocidade Incompatível,Saída de leito carroçável,Com Vítimas Feridas,Pleno dia,Decrescente,Céu Claro,Simples,Curva,Não,1,0,0,1,0,0,1,1,-27.93777296,-50.47136307,SPRF-SC,DEL05-SC,UOP02-DEL05-SC,2024
"615728,0",2024-07-20,sábado,14:20:00,SC,101,"320,8",PESCARIA BRAVA,Acessar a via sem observar a presença dos outros veículos,Queda de ocupante de veículo,Com Vítimas Feridas,Pleno dia,Crescente,Céu Claro,Dupla,Reta,Sim,2,0,2,0,0,0,2,2,-28.42491971,-48.90238108,SPRF-SC,DEL02-SC,UOP01-DEL02-SC,2024
"615730,0",2024-07-20,sábado,15:30:00,SC,101,"123,8",ITAJAI,Ausência de reação do condutor,Colisão traseira,Com Vítimas Feridas,Pleno dia,Crescente,Sol,Dupla,Reta,Não,3,0,1,1,1,0,2,2,-26.93668609,-48.69876905,SPRF-SC,DEL04-SC,UOP04-DEL04-SC,2024
"615731,0",2024-07-20,sábado,15:45:00,SC,282,"5,4",SAO JOSE,Ausência de reação do condutor,Tombamento,Com Vítimas Feridas,Pleno dia,Decrescente,Céu Claro,Dupla,Curva,Sim,2,0,2,0,0,0,2,1,-27.588425,-48.612919,SPRF-SC,DEL01-SC,UOP01-DEL01-SC,2024
"615737,0",2024-07-20,sábado,15:30:00,SC,101,"210,3",SAO JOSE,Manobra de mudança de faixa,Colisão lateral mesmo sentido,Com Vítimas Feridas,Pleno dia,Decrescente,Céu Claro,Múltipla,Reta,Sim,7,0,4,3,0,0,7,3,-27.6167305,-48.6457265,SPRF-SC,DEL01-SC,UOP01-DEL01-SC,2024
"615738,0",2024-07-20,sábado,10:55:00,SC,101,"42,2",JOINVILLE,Reação tardia ou ineficiente do condutor,Saída de leito carroçável,Com Vítimas Feridas,Pleno dia,Decrescente,Céu Claro,Simples,Interseção de Vias,Não,1,0,1,0,0,0,1,1,-26.29251598,-48.88474385,SPRF-SC,DEL03-SC,UOP01-DEL03-SC,2024
"615782,0",2024-07-20,sábado,19:25:00,SC,101,"146,8",ITAPEMA,Reação tardia ou ineficiente do condutor,Engavetamento,Com Vítimas Feridas,Plena Noite,Decrescente,Céu Claro,Dupla,Reta,Sim,3,0,1,0,2,0,1,3,-27.08666525,-48.60955587,SPRF-SC,DEL04-SC,UOP03-DEL04-SC,2024
"615783,0",2024-07-20,sábado,19:45:00,SC,470,"59,3",BLUMENAU,Ingestão de álcool pelo condutor,Colisão lateral sentido oposto,Sem Vítimas,Plena Noite,Decrescente,Céu Claro,Simples,Aclive;Curva,Não,3,0,0,0,3,0,0,2,-26.88227474,-49.15867036,SPRF-SC,DEL04-SC,UOP01-DEL04-SC,2024
"615803,0",2024-07-20,sábado,09:00:00,SC,101,"255,0",PAULO LOPES,Demais falhas mecânicas ou elétricas,Capotamento,Com Vítimas Feridas,Pleno dia,Crescente,Céu Claro,Dupla,Curva,Não,2,0,1,0,1,0,1,1,-27.98242299,-48.67898469,SPRF-SC,DEL02-SC,UOP03-DEL02-SC,2024
"615814,0",2024-07-20,sábado,19:30:00,SC,280,"77,0",JARAGUA DO SUL,Ausência de reação do condutor,Colisão frontal,Com Vítimas Feridas,Plena Noite,Decrescente,Céu Claro,Simples,Reta,Não,3,0,2,0,1,0,2,2,-26.45514314,-49.18726132,SPRF-SC,DEL03-SC,UOP03-DEL03-SC,2024
"615820,0",2024-07-20,sábado,23:10:00,SC,101,"358,5",SANGAO,Ingestão de álcool pelo condutor,Capotamento,Com Vítimas Feridas,Plena Noite,Crescente,Céu Claro,Dupla,Reta,Não,1,0,1,0,0,0,1,1,-28.65231308,-49.10663366,SPRF-SC,DEL02-SC,UOP01-DEL02-SC,2024
"615840,0",2024-07-21,domingo,01:40:00,SC,282,"604,0",MARAVILHA,Ingestão de álcool pelo condutor,Saída de leito carroçável,Com Vítimas Feridas,Plena Noite,Crescente,Nublado,Simples,Aclive,Não,3,0,2,1,0,0,3,1,-26.795523,-53.192974,SPRF-SC,DEL07-SC,UOP02-DEL07-SC,2024
"615849,0",2024-07-21,domingo,04:40:00,SC,101,"198,0",SAO JOSE,Velocidade Incompatível,Colisão com objeto,Sem Vítimas,Plena Noite,Decrescente,Céu Claro,Dupla,Reta,Sim,1,0,0,0,0,1,0,1,-27.52658712,-48.63506019,SPRF-SC,DEL01-SC,UOP01-DEL01-SC,2024
"615851,0",2024-07-21,domingo,03:20:00,SC,101,"111,0",NAVEGANTES,Manobra de mudança de faixa,Colisão traseira,Com Vítimas Feridas,Plena Noite,Decrescente,Nublado,Dupla,Interseção de Vias,Não,3,0,0,2,1,0,2,3,-26.841366,-48.715781,SPRF-SC,DEL04-SC,UOP04-DEL04-SC,2024
"615861,0",2024-07-21,domingo,05:50:00,SC,101,"254,0",PAULO LOPES,Ausência de reação do condutor,Tombamento,Com Vítimas Feridas,Plena Noite,Decrescente,Céu Claro,Simples,Interseção de Vias,Não,2,0,1,0,1,0,1,1,-27.97368802,-48.67940247,SPRF-SC,DEL02-SC,UOP03-DEL02-SC,2024
"615868,0",2024-07-21,domingo,05:15:00,SC,101,"320,0",PESCARIA BRAVA,Ingestão de álcool pelo condutor,Colisão lateral mesmo sentido,Com Vítimas Feridas,Plena Noite,Decrescente,Céu Claro,Dupla,Curva,Não,3,0,2,0,0,1,2,2,-28.42468251,-48.90166998,SPRF-SC,DEL02-SC,UOP01-DEL02-SC,2024
"615925,0",2024-07-21,domingo,13:45:00,SC,280,"121,7",SAO BENTO DO SUL,Acesso irregular,Colisão transversal,Sem Vítimas,Pleno dia,Decrescente,Céu Claro,Simples,Reta,Não,4,0,0,0,4,0,0,2,-26.24855895,-49.45712883,SPRF-SC,DEL06-SC,UOP03-DEL06-SC,2024
"615931,0",2024-07-21,domingo,15:20:00,SC,101,"151,0",ITAPEMA,Trafegar com motocicleta (ou similar) entre as faixas,Colisão traseira,Com Vítimas Feridas,Pleno dia,Decrescente,Céu Claro,Dupla,Reta,Sim,2,0,0,1,1,0,1,2,-27.08666525,-48.60955587,SPRF-SC,DEL04-SC,UOP03-DEL04-SC,2024
"615944,0",2024-07-21,domingo,14:18:00,SC,282,"380,0",HERVAL DOESTE,Acessar a via sem observar a presença dos outros veículos,Colisão lateral mesmo sentido,Com Vítimas Feridas,Pleno dia,Decrescente,Céu Claro,Simples,Reta;Rotatória,Sim,5,0,1,0,4,0,1,2,-27.214668,-51.489677,SPRF-SC,DEL07-SC,UOP05-DEL07-SC,2024
"615950,0",2024-07-21,domingo,15:45:00,SC,470,"142,0",RIO DO SUL,Acessar a via sem observar a presença dos outros veículos,Colisão transversal,Com Vítimas Feridas,Pleno dia,Crescente,Céu Claro,Simples,Reta,Sim,5,0,1,1,2,1,2,3,-27.229801,-49.6693,SPRF-SC,DEL04-SC,UOP02-DEL04-SC,2024
"615961,0",2024-07-21,domingo,17:18:00,SC,101,"213,8",PALHOCA,Trafegar com motocicleta (ou similar) entre as faixas,Colisão traseira,Com Vítimas Feridas,Pleno dia,Decrescente,Céu Claro,Múltipla,Reta,Sim,3,0,1,1,1,0,2,2,-27.63697369,-48.66514142,SPRF-SC,DEL01-SC,UOP02-DEL01-SC,2024
"615982,0",2024-07-21,domingo,17:45:00,SC,282,"501,3",XANXERE,Manobra de mudança de faixa,Colisão lateral mesmo sentido,Com Vítimas Feridas,Pleno dia,Decrescente,Céu Claro,Dupla,Rotatória;Aclive,Sim,2,0,1,0,0,1,1,2,-26.88282304,-52.38149285,SPRF-SC,DEL07-SC,UOP01-DEL07-SC,2024
"615988,0",2024-07-21,domingo,18:40:00,SC,282,"71,0",RANCHO QUEIMADO,Reação tardia ou ineficiente do condutor,Colisão traseira,Com Vítimas Feridas,Plena Noite,Decrescente,Céu Claro,Simples,Interseção de Vias;Declive;Curva,Não,3,0,1,0,2,0,1,2,-27.689093,-49.097748,SPRF-SC,DEL01-SC,UOP03-DEL01-SC,2024
"616009,0",2024-07-21,domingo,19:30:00,SC,101,"201,9",SAO JOSE,Manobra de mudança de faixa,Colisão lateral mesmo sentido,Sem Vítimas,Plena Noite,Crescente,Céu Claro,Múltipla,Reta,Sim,2,0,0,0,1,1,0,2,-27.54836599,-48.61977975,SPRF-SC,DEL01-SC,UOP01-DEL01-SC,2024
"616029,0",2024-07-21,domingo,19:49:00,SC,470,"57,6",BLUMENAU,Condutor deixou de manter distância do veículo da frente,Colisão traseira,Sem Vítimas,Plena Noite,Decrescente,Céu Claro,Simples,Viaduto;Interseção de Vias,Sim,2,0,0,0,1,1,0,2,-26.880428,-49.136532,SPRF-SC,DEL04-SC,UOP01-DEL04-SC,2024
"616032,0",2024-07-21,domingo,20:40:00,SC,101,"232,7",PALHOCA,Falta de acostamento,Capotamento,Com Vítimas Feridas,Plena Noite,Decrescente,Céu Claro,Dupla,Declive,Não,2,0,2,0,0,0,2,1,-27.795666,-48.638153,SPRF-SC,DEL01-SC,UOP02-DEL01-SC,2024
"616045,0",2024-07-21,domingo,17:00:00,SC,280,"253,9",CANOINHAS,Transitar na contramão,Colisão lateral sentido oposto,Com Vítimas Feridas,Pleno dia,Decrescente,Sol,Simples,Aclive;Curva,Não,2,0,0,1,1,0,1,2,-26.26572045,-50.56913793,SPRF-SC,DEL06-SC,UOP04-DEL06-SC,2024
"616047,0",2024-07-21,domingo,21:50:00,SC,280,"55,5",GUARAMIRIM,Desrespeitar a preferência no cruzamento,Colisão transversal,Com Vítimas Feridas,Pleno dia,Decrescente,Nublado,Simples,Rotatória,Não,6,0,6,0,0,0,6,2,-26.47584353,-48.9937858,SPRF-SC,DEL03-SC,UOP03-DEL03-SC,2024
"616053,0",2024-07-21,domingo,21:30:00,SC,101,"179,5",BIGUACU,Desrespeitar a preferência no cruzamento,Colisão transversal,Com Vítimas Feridas,Plena Noite,Decrescente,Céu Claro,Dupla,Viaduto,Sim,2,0,1,0,1,0,1,2,-27.37281717,-48.63322708,SPRF-SC,DEL01-SC,UOP01-DEL01-SC,2024
"616059,0",2024-07-21,domingo,19:39:00,SC,282,"365,0",ERVAL VELHO,Ausência de reação do condutor,Saída de leito carroçável,Com Vítimas Feridas,Plena Noite,Crescente,Céu Claro,Simples,Declive;Curva,Não,4,0,2,2,0,0,4,1,-27.295467,-51.407909,SPRF-SC,DEL07-SC,UOP05-DEL07-SC,2024
"616063,0",2024-07-21,domingo,21:30:00,SC,101,"319,0",PESCARIA BRAVA,Ausência de reação do condutor,Tombamento,Com Vítimas Feridas,Plena Noite,Crescente,Céu Claro,Dupla,Reta,Sim,1,0,1,0,0,0,1,1,-28.42978736,-48.87148792,SPRF-SC,DEL02-SC,UOP01-DEL02-SC,2024
"616072,0",2024-07-21,domingo,20:45:00,SC,101,"308,0",LAGUNA,Ausência de reação do condutor,Queda de ocupante de veículo,Com Vítimas Feridas,Plena Noite,Crescente,Céu Claro,Simples,Interseção de Vias;Viaduto,Não,1,0,1,0,0,0,1,1,-28.41561087,-48.79492879,SPRF-SC,DEL02-SC,UOP01-DEL02-SC,2024
"616076,0",2024-07-21,domingo,23:55:00,SC,101,"203,0",SAO JOSE,Velocidade Incompatível,Colisão traseira,Com Vítimas Feridas,Plena Noite,Decrescente,Céu Claro,Simples,Curva,Não,2,0,1,0,1,0,1,2,-27.5650044,-48.61460082,SPRF-SC,DEL01-SC,UOP01-DEL01-SC,2024
"616079,0",2024-07-22,segunda-feira,00:01:00,SC,163,"76,5",SAO MIGUEL DO OESTE,Ingestão de álcool pelo condutor,Saída de leito carroçável,Com Vítimas Feridas,Plena Noite,Crescente,Céu Claro,Simples,Retorno Regulamentado,Não,3,0,2,0,1,0,2,1,-26.68191727,-53.5147047,SPRF-SC,DEL07-SC,UOP03-DEL07-SC,2024
"616080,0",2024-07-22,segunda-feira,01:00:00,SC,101,"204,6",FLORIANOPOLIS,Reação tardia ou ineficiente do condutor,Colisão traseira,Com Vítimas Feridas,Pleno dia,Crescente,Céu Claro,Múltipla,Reta,Sim,2,0,1,1,0,0,2,2,-27.57413014,-48.61363083,SPRF-SC,DEL01-SC,UOP01-DEL01-SC,2024
"616082,0",2024-07-21,domingo,23:35:00,SC,101,"281,7",IMBITUBA,Ingestão de álcool pelo condutor,Colisão com objeto,Com Vítimas Feridas,Plena Noite,Decrescente,Céu Claro,Dupla,Reta,Não,2,0,2,0,0,0,2,1,-28.18793595,-48.69652041,SPRF-SC,DEL02-SC,UOP03-DEL02-SC,2024
"616086,0",2024-07-22,segunda-feira,02:40:00,SC,116,"4,1",MAFRA,Ausência de reação do condutor,Colisão com objeto,Sem Vítimas,Plena Noite,Decrescente,Nevoeiro/Neblina,Simples,Reta,Não,3,0,0,0,2,1,0,1,-26.13554917,-49.8072652,SPRF-SC,DEL06-SC,UOP01-DEL06-SC,2024
"616103,0",2024-07-21,domingo,19:20:00,SC,101,"60,8",ARAQUARI,Ingestão de álcool pelo condutor,Saída de leito carroçável,Sem Vítimas,Plena Noite,Decrescente,Nublado,Dupla,Aclive;Reta,Não,1,0,0,0,1,0,0,1,-26.45480883,-48.7692064,SPRF-SC,DEL03-SC,UOP02-DEL03-SC,2024
"616104,0",2024-07-22,segunda-feira,07:05:00,SC,101,"204,0",SAO JOSE,Reação tardia ou ineficiente do condutor,Colisão traseira,Sem Vítimas,Pleno dia,Decrescente,Céu Claro,Múltipla,Reta,Sim,3,0,0,0,3,0,0,2,-27.57413014,-48.61363083,SPRF-SC,DEL01-SC,UOP01-DEL01-SC,2024
"616106,0",2024-07-22,segunda-feira,01:55:00,SC,101,"136,0",BALNEARIO CAMBORIU,Ingestão de álcool pelo condutor,Saída de leito carroçável,Sem Vítimas,Plena Noite,Crescente,Nublado,Dupla,Curva,Sim,1,0,0,0,1,0,0,1,-27.008113,-48.617245,SPRF-SC,DEL04-SC,UOP03-DEL04-SC,2024
"616121,0",2024-07-22,segunda-feira,07:50:00,SC,101,"381,4",ICARA,Ausência de reação do condutor,Colisão traseira,Com Vítimas Feridas,Pleno dia,Decrescente,Céu Claro,Simples,Declive;Reta,Sim,2,0,1,0,1,0,1,2,-28.75478409,-49.27732095,SPRF-SC,DEL02-SC,UOP02-DEL02-SC,2024
"616132,0",2024-07-22,segunda-feira,09:20:00,SC,101,"400,3",MARACAJA,Desrespeitar a preferência no cruzamento,Colisão transversal,Com Vítimas Feridas,Pleno dia,Crescente,Céu Claro,Simples,Interseção de Vias;Reta,Sim,2,0,1,0,1,0,1,2,-28.86598552,-49.44828272,SPRF-SC,DEL02-SC,UOP02-DEL02-SC,2024
"616133,0",2024-07-22,segunda-feira,08:10:00,SC,101,"104,1",PENHA,Acessar a via sem observar a presença dos outros veículos,Tombamento,Com Vítimas Feridas,Pleno dia,Decrescente,Céu Claro,Dupla,Interseção de Vias,Não,1,0,0,1,0,0,1,1,-26.79281742,-48.68080819,SPRF-SC,DEL03-SC,UOP02-DEL03-SC,2024
"616145,0",2024-07-22,segunda-feira,10:00:00,SC,101,"251,3",PAULO LOPES,Ausência de reação do condutor,Colisão com objeto,Com Vítimas Feridas,Pleno dia,Decrescente,Céu Claro,Dupla,Ponte;Reta,Não,1,0,1,0,0,0,1,1,-27.9490242,-48.67206568,SPRF-SC,DEL02-SC,UOP03-DEL02-SC,2024
"616160,0",2024-07-22,segunda-feira,11:50:00,SC,101,"214,0",PALHOCA,Acessar a via sem observar a presença dos outros veículos,Colisão transversal,Com Vítimas Feridas,Pleno dia,Decrescente,Céu Claro,Dupla,Interseção de Vias,Sim,2,0,1,0,1,0,1,2,-27.64443,-48.67057,SPRF-SC,DEL01-SC,UOP02-DEL01-SC,2024
"616168,0",2024-07-22,segunda-feira,11:50:00,SC,470,"66,0",INDAIAL,Acessar a via sem observar a presença dos outros veículos,Colisão transversal,Com Vítimas Feridas,Pleno dia,Crescente,Céu Claro,Simples,Interseção de Vias;Rotatória;Em Obras,Sim,2,0,1,0,1,0,1,2,-26.8701333,-49.22746181,SPRF-SC,DEL04-SC,UOP01-DEL04-SC,2024
"616170,0",2024-07-22,segunda-feira,12:20:00,SC,101,"98,7",BALNEARIO PICARRAS,Acessar a via sem observar a presença dos outros veículos,Colisão traseira,Com Vítimas Feridas,Pleno dia,Crescente,Sol,Dupla,Curva,Não,4,0,1,1,2,0,2,4,-26.73760897,-48.69918789,SPRF-SC,DEL03-SC,UOP02-DEL03-SC,2024
"616173,0",2024-07-22,segunda-feira,13:00:00,SC,101,"119,4",ITAJAI,Ausência de reação do condutor,Queda de ocupante de veículo,Com Vítimas Feridas,Pleno dia,Crescente,Céu Claro,Dupla,Reta,Sim,1,0,1,0,0,0,1,1,-26.9043179,-48.71555481,SPRF-SC,DEL04-SC,UOP04-DEL04-SC,2024
"616174,0",2024-07-22,segunda-feira,13:30:00,SC,116,"31,7",ITAIOPOLIS,Condutor Dormindo,Colisão com objeto,Com Vítimas Feridas,Pleno dia,Crescente,Céu Claro,Simples,Reta,Não,1,0,1,0,0,0,1,1,-26.31708989,-49.97099106,SPRF-SC,DEL06-SC,UOP01-DEL06-SC,2024
"616193,0",2024-07-22,segunda-feira,13:40:00,SC,163,"70,2",SAO MIGUEL DO OESTE,Condutor deixou de manter distância do veículo da frente,Colisão traseira,Com Vítimas Feridas,Pleno dia,Decrescente,Céu Claro,Dupla,Retorno Regulamentado;Reta;Interseção de Vias,Sim,5,0,2,0,3,0,2,4,-26.73461723,-53.50680015,SPRF-SC,DEL07-SC,UOP03-DEL07-SC,2024
"616195,0",2024-07-22,segunda-feira,11:10:00,SC,116,"107,8",MONTE CASTELO,Ausência de reação do condutor,Tombamento,Com Vítimas Feridas,Pleno dia,Crescente,Céu Claro,Simples,Aclive;Curva,Não,1,0,1,0,0,0,1,1,-26.75568818,-50.32812388,SPRF-SC,DEL06-SC,UOP02-DEL06-SC,2024
"616209,0",2024-07-22,segunda-feira,16:45:00,SC,101,"175,6",BIGUACU,Demais falhas mecânicas ou elétricas,Queda de ocupante de veículo,Com Vítimas Feridas,Pleno dia,Crescente,Céu Claro,Dupla,Reta,Não,2,0,1,1,0,0,2,1,-27.33963303,-48.62734885,SPRF-SC,DEL01-SC,UOP01-DEL01-SC,2024
"616216,0",2024-07-22,segunda-feira,14:40:00,SC,282,"425,0",VARGEM BONITA,Reação tardia ou ineficiente do condutor,Colisão com objeto,Com Vítimas Feridas,Pleno dia,Decrescente,Céu Claro,Simples,Declive;Curva,Não,1,0,0,1,0,0,1,1,-26.980412,-51.756256,SPRF-SC,DEL07-SC,UOP05-DEL07-SC,2024
"616217,0",2024-07-22,segunda-feira,16:30:00,SC,101,"281,8",IMBITUBA,Condutor deixou de manter distância do veículo da frente,Colisão traseira,Sem Vítimas,Pleno dia,Decrescente,Céu Claro,Dupla,Reta,Sim,6,0,0,0,6,0,0,2,-28.19626005,-48.69739859,SPRF-SC,DEL02-SC,UOP03-DEL02-SC,2024
"616221,0",2024-07-22,segunda-feira,17:00:00,SC,470,"62,0",INDAIAL,Conversão proibida,Colisão transversal,Com Vítimas Feridas,Pleno dia,Decrescente,Céu Claro,Simples,Aclive;Curva,Sim,2,0,1,0,1,0,1,2,-26.87441122,-49.18377399,SPRF-SC,DEL04-SC,UOP01-DEL04-SC,2024
"616222,0",2024-07-22,segunda-feira,14:25:00,SC,101,"335,5",TUBARAO,Avarias e/ou desgaste excessivo no pneu,Tombamento,Com Vítimas Feridas,Pleno dia,Crescente,Céu Claro,Múltipla,Declive;Reta,Sim,1,0,1,0,0,0,1,1,-28.46729543,-49.00477409,SPRF-SC,DEL02-SC,UOP01-DEL02-SC,2024
"616233,0",2024-07-22,segunda-feira,18:20:00,SC,101,"145,0",ITAPEMA,Trafegar com motocicleta (ou similar) entre as faixas,Colisão traseira,Com Vítimas Feridas,Plena Noite,Decrescente,Céu Claro,Dupla,Aclive;Reta,Sim,2,0,1,0,1,0,1,2,-27.08139206,-48.60130993,SPRF-SC,DEL04-SC,UOP03-DEL04-SC,2024
"616248,0",2024-07-22,segunda-feira,14:40:00,SC,280,"6,0",SAO FRANCISCO DO SUL,Reação tardia ou ineficiente do condutor,Colisão traseira,Com Vítimas Feridas,Pleno dia,Decrescente,Céu Claro,Simples,Reta,Não,2,0,2,0,0,0,2,2,-26.26569095,-48.63361804,SPRF-SC,DEL03-SC,UOP03-DEL03-SC,2024
"616279,0",2024-07-22,segunda-feira,21:00:00,SC,101,"393,7",CRICIUMA,Ausência de reação do condutor,Saída de leito carroçável,Com Vítimas Feridas,Plena Noite,Decrescente,Céu Claro,Simples,Reta,Não,3,0,1,0,2,0,1,1,-28.8094198,-49.37995008,SPRF-SC,DEL02-SC,UOP02-DEL02-SC,2024
"616282,0",2024-07-22,segunda-feira,22:15:00,SC,101,"340,2",TUBARAO,Condutor deixou de manter distância do veículo da frente,Colisão traseira,Com Vítimas Feridas,Plena Noite,Decrescente,Céu Claro,Múltipla,Reta,Não,3,0,0,1,1,1,1,2,-28.501444,-49.04690399,SPRF-SC,DEL02-SC,UOP01-DEL02-SC,2024
"616290,0",2024-07-22,segunda-feira,21:25:00,SC,282,"138,7",BOM RETIRO,Transitar na contramão,Colisão lateral sentido oposto,Com Vítimas Feridas,Plena Noite,Decrescente,Céu Claro,Simples,Reta,Não,2,0,1,0,1,0,1,2,-27.825998,-49.575924,SPRF-SC,DEL05-SC,UOP01-DEL05-SC,2024
"616297,0",2024-07-22,segunda-feira,19:55:00,SC,280,"27,0",ARAQUARI,Conversão proibida,Colisão transversal,Sem Vítimas,Plena Noite,Crescente,Nublado,Simples,Reta,Sim,2,0,0,0,2,0,0,2,-26.38972308,-48.73411593,SPRF-SC,DEL03-SC,UOP03-DEL03-SC,2024