id,data_inversa,dia_semana,horario,uf,br,km,municipio,causa_acidente,tipo_acidente,classificacao_acidente,fase_dia,sentido_via,condicao_metereologica,tipo_pista,tracado_via,uso_solo,pessoas,mortos,feridos_leves,feridos_graves,ilesos,ignorados,feridos,veiculos,latitude,longitude,regional,delegacia,uop,ano_arquivo
"617303,0",2024-07-27,sábado,19:10:00,SC,101,"185,4",BIGUACU,Ingestão de álcool pelo condutor,Colisão com objeto,Sem Vítimas,Plena Noite,Crescente,Céu Claro,Dupla,Curva,Sim,1,0,0,0,1,0,0,1,-27.42536698,-48.62465876,SPRF-SC,DEL01-SC,UOP01-DEL01-SC,2024
"617304,0",2024-07-27,sábado,19:35:00,SC,280,"133,0",RIO NEGRINHO,Ultrapassagem Indevida,Colisão lateral mesmo sentido,Sem Vítimas,Plena Noite,Decrescente,Céu Claro,Simples,Aclive,Não,2,0,0,0,2,0,0,2,-26.268433,-49.555073,SPRF-SC,DEL06-SC,UOP03-DEL06-SC,2024
"617320,0",2024-07-27,sábado,21:00:00,SC,101,"329,0",TUBARAO,Ingestão de álcool pelo condutor,Saída de leito carroçável,Com Vítimas Feridas,Plena Noite,Decrescente,Nublado,Dupla,Reta,Sim,1,0,1,0,0,0,1,1,-28.45287735,-48.97528052,SPRF-SC,DEL02-SC,UOP01-DEL02-SC,2024
"617322,0",2024-07-27,sábado,22:30:00,SC,101,"122,0",ITAJAI,Reação tardia ou ineficiente do condutor,Tombamento,Com Vítimas Feridas,Plena Noite,Crescente,Céu Claro,Dupla,Curva,Sim,1,0,1,0,0,0,1,1,-26.92955916,-48.70499836,SPRF-SC,DEL04-SC,UOP04-DEL04-SC,2024
"617351,0",2024-07-28,domingo,00:40:00,SC,282,"149,9",BOM RETIRO,Transitar na contramão,Colisão frontal,Com Vítimas Feridas,Plena Noite,Crescente,Nevoeiro/Neblina,Simples,Reta,Não,4,0,2,0,2,0,2,2,-27.775295,-49.655903,SPRF-SC,DEL05-SC,UOP01-DEL05-SC,2024
"617359,0",2024-07-28,domingo,03:45:00,SC,101,"83,0",BARRA VELHA,Ingestão de álcool pelo condutor,Saída de leito carroçável,Sem Vítimas,Plena Noite,Decrescente,Céu Claro,Dupla,Reta,Não,2,0,0,0,2,0,0,1,-26.61865655,-48.71834126,SPRF-SC,DEL03-SC,UOP02-DEL03-SC,2024
"617371,0",2024-07-28,domingo,05:45:00,SC,101,"136,0",BALNEARIO CAMBORIU,Ingestão de álcool pelo condutor,Capotamento,Sem Vítimas,Plena Noite,Crescente,Céu Claro,Múltipla,Reta,Não,1,0,0,0,1,0,0,1,-27.008113,-48.617245,SPRF-SC,DEL04-SC,UOP03-DEL04-SC,2024
"617372,0",2024-07-27,sábado,22:45:00,SC,153,"4,0",AGUA DOCE,Ausência de reação do condutor,Tombamento,Sem Vítimas,Plena Noite,Crescente,Garoa/Chuvisco,Simples,Curva,Não,1,0,0,0,0,1,0,1,-26.635151,-51.508949,SPRF-SC,DEL07-SC,UOP07-DEL07-SC,2024
"617397,0",2024-07-28,domingo,07:50:00,SC,282,"3,0",FLORIANOPOLIS,Manobra de mudança de faixa,Colisão traseira,Com Vítimas Feridas,Pleno dia,Crescente,Sol,Múltipla,Reta,Sim,2,0,1,0,1,0,1,2,-27.600384,-48.599705,SPRF-SC,DEL01-SC,UOP01-DEL01-SC,2024
"617406,0",2024-07-28,domingo,07:50:00,SC,282,"525,0",XAXIM,Reação tardia ou ineficiente do condutor,Saída de leito carroçável,Sem Vítimas,Pleno dia,Decrescente,Garoa/Chuvisco,Simples,Curva,Não,1,0,0,0,0,1,0,1,-26.965441,-52.566383,SPRF-SC,DEL07-SC,UOP01-DEL07-SC,2024
"617448,0",2024-07-28,domingo,14:45:00,SC,101,"210,0",SAO JOSE,Reação tardia ou ineficiente do condutor,Colisão traseira,Com Vítimas Feridas,Pleno dia,Decrescente,Nublado,Múltipla,Reta,Sim,4,0,1,0,3,0,1,3,-27.6167305,-48.6457265,SPRF-SC,DEL01-SC,UOP01-DEL01-SC,2024
"617450,0",2024-07-28,domingo,14:00:00,SC,470,"10,1",NAVEGANTES,Ausência de reação do condutor,Colisão transversal,Com Vítimas Feridas,Pleno dia,Crescente,Nublado,Simples,Interseção de Vias,Não,4,0,3,0,1,0,3,2,-26.833693,-48.73724,SPRF-SC,DEL04-SC,UOP04-DEL04-SC,2024
"617456,0",2024-07-28,domingo,15:38:00,SC,101,"207,3",SAO JOSE,Condutor deixou de manter distância do veículo da frente,Colisão traseira,Com Vítimas Feridas,Pleno dia,Crescente,Céu Claro,Múltipla,Reta,Sim,4,0,2,0,2,0,2,2,-27.60001226,-48.6226467,SPRF-SC,DEL01-SC,UOP01-DEL01-SC,2024
"617466,0",2024-07-28,domingo,16:15:00,SC,116,"63,0",PAPANDUVA,Velocidade Incompatível,Colisão traseira,Sem Vítimas,Pleno dia,Decrescente,Céu Claro,Simples,Aclive,Não,3,0,0,0,3,0,0,2,-26.40644298,-50.22649816,SPRF-SC,DEL06-SC,UOP02-DEL06-SC,2024
"617467,0",2024-07-28,domingo,16:00:00,SC,101,"186,0",BIGUACU,Reação tardia ou ineficiente do condutor,Colisão traseira,Com Vítimas Feridas,Pleno dia,Crescente,Nublado,Dupla,Reta,Não,4,0,1,0,3,0,1,2,-27.4341098,-48.62567129,SPRF-SC,DEL01-SC,UOP01-DEL01-SC,2024
"617469,0",2024-07-28,domingo,15:30:00,SC,282,"26,8",SANTO AMARO DA IMPERATRIZ,Acessar a via sem observar a presença dos outros veículos,Colisão transversal,Com Vítimas Feridas,Pleno dia,Crescente,Céu Claro,Simples,Reta,Não,3,0,1,0,2,0,1,2,-27.67566916,-48.76780987,SPRF-SC,DEL01-SC,UOP03-DEL01-SC,2024
"617485,0",2024-07-28,domingo,17:35:00,SC,116,"271,3",CAPAO ALTO,Entrada inopinada do pedestre,Atropelamento de Pedestre,Com Vítimas Feridas,Anoitecer,Crescente,Garoa/Chuvisco,Simples,Aclive;Reta,Não,3,0,0,1,1,1,1,2,-27.97817032,-50.51046632,SPRF-SC,DEL05-SC,UOP02-DEL05-SC,2024
"617488,0",2024-07-28,domingo,17:30:00,SC,282,"208,0",SAO JOSE,Ingestão de álcool pelo condutor,Colisão traseira,Sem Vítimas,Anoitecer,Crescente,Nublado,Dupla,Reta;Interseção de Vias;Retorno Regulamentado,Sim,4,0,0,0,4,0,0,2,-27.60587717,-48.63521397,SPRF-SC,DEL05-SC,UOP01-DEL05-SC,2024
"617495,0",2024-07-28,domingo,11:45:00,SC,153,"58,8",IRANI,Desrespeitar a preferência no cruzamento,Colisão transversal,Com Vítimas Feridas,Pleno dia,Crescente,Céu Claro,Simples,Interseção de Vias;Rotatória,Não,5,0,1,0,4,0,1,2,-26.96951725,-51.85476065,SPRF-SC,DEL07-SC,UOP04-DEL07-SC,2024
"617498,0",2024-07-28,domingo,18:15:00,SC,101,"164,0",TIJUCAS,Manobra de mudança de faixa,Colisão lateral mesmo sentido,Com Vítimas Feridas,Plena Noite,Decrescente,Céu Claro,Dupla,Ponte;Aclive;Reta,Sim,3,0,1,0,2,0,1,2,-27.243868,-48.6309,SPRF-SC,DEL04-SC,UOP03-DEL04-SC,2024
"617520,0",2024-07-28,domingo,18:50:00,SC,282,"220,0",LAGES,Ingestão de álcool pelo condutor,Colisão traseira,Sem Vítimas,Plena Noite,Crescente,Nublado,Simples,Rotatória,Não,4,0,0,0,4,0,0,2,-27.794014,-50.33363,SPRF-SC,DEL05-SC,UOP01-DEL05-SC,2024
"617522,0",2024-07-28,domingo,17:30:00,SC,282,"57,4",RANCHO QUEIMADO,Conversão proibida,Colisão lateral mesmo sentido,Sem Vítimas,Anoitecer,Decrescente,Chuva,Simples,Reta,Não,2,0,0,0,1,1,0,2,-27.68505249,-49.0010324593,SPRF-SC,DEL01-SC,UOP03-DEL01-SC,2024
"617541,0",2024-07-28,domingo,21:00:00,SC,101,"193,0",BIGUACU,Reação tardia ou ineficiente do condutor,Atropelamento de Pedestre,Com Vítimas Feridas,Plena Noite,Crescente,Céu Claro,Múltipla,Reta,Sim,2,0,1,0,0,1,1,2,-27.489574,-48.655914,SPRF-SC,DEL01-SC,UOP01-DEL01-SC,2024
"617562,0",2024-07-28,domingo,22:20:00,SC,470,"137,5",RIO DO SUL,Reação tardia ou ineficiente do condutor,Colisão com objeto,Sem Vítimas,Plena Noite,Crescente,Chuva,Simples,Reta;Ponte,Sim,1,0,0,0,1,0,0,1,-27.19000229,-49.6196115,SPRF-SC,DEL04-SC,UOP02-DEL04-SC,2024
"617567,0",2024-07-28,domingo,23:00:00,SC,101,"210,0",SAO JOSE,Pista Escorregadia,Tombamento,Com Vítimas Feridas,Plena Noite,Crescente,Chuva,Dupla,Viaduto,Sim,2,0,1,0,1,0,1,1,-27.6167305,-48.6457265,SPRF-SC,DEL01-SC,UOP01-DEL01-SC,2024
"617574,0",2024-07-28,domingo,22:00:00,SC,116,"113,3",SANTA CECILIA,Chuva,Saída de leito carroçável,Com Vítimas Feridas,Plena Noite,Crescente,Chuva,Simples,Reta,Não,2,0,1,0,1,0,1,1,-26.78591907,-50.34487121,SPRF-SC,DEL06-SC,UOP02-DEL06-SC,2024
"617578,0",2024-07-28,domingo,23:45:00,SC,101,"341,5",TUBARAO,Ingestão de álcool pelo condutor,Colisão transversal,Com Vítimas Feridas,Plena Noite,Crescente,Chuva,Dupla,Curva,Não,3,0,1,0,2,0,1,2,-28.52553839,-49.05613303,SPRF-SC,DEL02-SC,UOP01-DEL02-SC,2024
"617592,0",2024-07-29,segunda-feira,05:50:00,SC,101,"214,0",PALHOCA,Trafegar com motocicleta (ou similar) entre as faixas,Colisão traseira,Com Vítimas Feridas,Plena Noite,Decrescente,Céu Claro,Múltipla,Reta,Não,2,0,1,0,1,0,1,2,-27.64443,-48.67057,SPRF-SC,DEL01-SC,UOP02-DEL01-SC,2024
"617593,0",2024-07-29,segunda-feira,06:20:00,SC,101,"200,0",SAO JOSE,Acessar a via sem observar a presença dos outros veículos,Colisão transversal,Com Vítimas Feridas,Amanhecer,Crescente,Nublado,Simples,Reta,Não,2,0,1,0,1,0,1,2,-27.54018513,-48.62287714,SPRF-SC,DEL01-SC,UOP01-DEL01-SC,2024
"617597,0",2024-07-29,segunda-feira,06:40:00,SC,101,"214,0",PALHOCA,Trafegar com motocicleta (ou similar) entre as faixas,Colisão traseira,Com Vítimas Feridas,Amanhecer,Decrescente,Nublado,Múltipla,Reta,Sim,2,0,1,0,1,0,1,2,-27.64443,-48.67057,SPRF-SC,DEL01-SC,UOP02-DEL01-SC,2024
"617603,0",2024-07-25,quinta-feira,17:00:00,SC,480,"123,5",CHAPECO,Condutor deixou de manter distância do veículo da frente,Engavetamento,Com Vítimas Feridas,Pleno dia,Decrescente,Céu Claro,Dupla,Reta,Sim,7,0,3,0,4,0,3,3,-26.99739704,-52.64201951,SPRF-SC,DEL07-SC,UOP01-DEL07-SC,2024
"617625,0",2024-07-29,segunda-feira,07:30:00,SC,163,"74,0",SAO MIGUEL DO OESTE,Pista Escorregadia,Colisão frontal,Com Vítimas Feridas,Pleno dia,Crescente,Garoa/Chuvisco,Simples,Reta,Sim,2,0,1,0,1,0,1,2,-26.69769532,-53.51487637,SPRF-SC,DEL07-SC,UOP03-DEL07-SC,2024
"617638,0",2024-07-29,segunda-feira,06:30:00,SC,282,"177,0",BOCAINA DO SUL,Reação tardia ou ineficiente do condutor,Capotamento,Com Vítimas Feridas,Amanhecer,Decrescente,Nublado,Simples,Curva,Não,2,0,2,0,0,0,2,1,-27.739725,-49.911453,SPRF-SC,DEL05-SC,UOP01-DEL05-SC,2024
"617641,0",2024-05-18,sábado,21:50:00,SC,282,"278,1",SAO JOSE DO CERRITO,Condutor Dormindo,Colisão frontal,Com Vítimas Fatais,Plena Noite,Crescente,Garoa/Chuvisco,Simples,Curva,Sim,2,1,0,1,0,0,1,2,-27.587807,-50.735706,SPRF-SC,DEL05-SC,UOP02-DEL05-SC,2024
"617667,0",2024-07-29,segunda-feira,10:00:00,SC,101,"57,7",ARAQUARI,Velocidade Incompatível,Saída de leito carroçável,Com Vítimas Feridas,Pleno dia,Crescente,Chuva,Dupla,Curva,Não,2,0,1,0,1,0,1,1,-26.43920989,-48.80258203,SPRF-SC,DEL03-SC,UOP01-DEL03-SC,2024
"617671,0",2024-07-14,domingo,05:30:00,SC,480,"128,0",CHAPECO,Condutor deixou de manter distância do veículo da frente,Colisão lateral mesmo sentido,Sem Vítimas,Plena Noite,Crescente,Céu Claro,Dupla,Reta,Não,2,0,0,0,2,0,0,2,-27.03781899,-52.63432603,SPRF-SC,DEL07-SC,UOP01-DEL07-SC,2024
"617681,0",2024-07-29,segunda-feira,13:30:00,SC,101,"170,0",TIJUCAS,Reação tardia ou ineficiente do condutor,Tombamento,Com Vítimas Feridas,Pleno dia,Crescente,Nublado,Dupla,Reta,Sim,1,0,1,0,0,0,1,1,-27.29669601,-48.63147594,SPRF-SC,DEL04-SC,UOP03-DEL04-SC,2024
"617688,0",2024-07-29,segunda-feira,12:51:00,SC,470,"60,2",BLUMENAU,Transitar na contramão,Colisão transversal,Com Vítimas Feridas,Pleno dia,Decrescente,Nublado,Simples,Reta;Interseção de Vias,Sim,2,0,0,1,1,0,1,2,-26.88138,-49.164543,SPRF-SC,DEL04-SC,UOP01-DEL04-SC,2024
"617728,0",2024-07-29,segunda-feira,16:41:00,SC,470,"71,0",INDAIAL,Reação tardia ou ineficiente do condutor,Colisão traseira,Com Vítimas Feridas,Pleno dia,Decrescente,Céu Claro,Simples,Reta;Em Obras,Não,2,0,2,0,0,0,2,2,-26.895243,-49.262104,SPRF-SC,DEL04-SC,UOP01-DEL04-SC,2024
"617737,0",2024-07-29,segunda-feira,18:00:00,SC,101,"117,0",ITAJAI,Manobra de mudança de faixa,Colisão traseira,Com Vítimas Feridas,Plena Noite,Crescente,Nublado,Dupla,Reta,Sim,2,0,1,0,1,0,1,2,-26.88747187,-48.72252969,SPRF-SC,DEL04-SC,UOP04-DEL04-SC,2024
"617756,0",2024-06-29,sábado,10:57:00,SC,470,"56,5",BLUMENAU,Acessar a via sem observar a presença dos outros veículos,Colisão transversal,Com Vítimas Feridas,Pleno dia,Decrescente,Céu Claro,Simples,Aclive;Reta,Sim,2,0,0,1,1,0,1,2,-26.87674,-49.127743,SPRF-SC,DEL04-SC,UOP01-DEL04-SC,2024
"617762,0",2024-07-29,segunda-feira,19:45:00,SC,280,"28,4",ARAQUARI,Acessar a via sem observar a presença dos outros veículos,Colisão transversal,Com Vítimas Feridas,Plena Noite,Decrescente,Garoa/Chuvisco,Simples,Reta;Interseção de Vias,Sim,2,0,0,1,1,0,1,2,-26.40420905,-48.74530792,SPRF-SC,DEL03-SC,UOP03-DEL03-SC,2024
"617765,0",2024-07-29,segunda-feira,17:50:00,SC,101,"359,4",SANGAO,Ausência de sinalização,Colisão frontal,Com Vítimas Feridas,Anoitecer,Decrescente,Chuva,Múltipla,Reta;Interseção de Vias,Sim,4,0,1,0,3,0,1,2,-28.66265029,-49.11223412,SPRF-SC,DEL02-SC,UOP01-DEL02-SC,2024
"617800,0",2024-07-29,segunda-feira,23:15:00,SC,101,"282,2",IMBITUBA,Acessar a via sem observar a presença dos outros veículos,Colisão transversal,Com Vítimas Feridas,Plena Noite,Decrescente,Garoa/Chuvisco,Dupla,Rotatória;Viaduto;Interseção de Vias,Sim,2,0,1,0,1,0,1,2,-28.19626005,-48.69739859,SPRF-SC,DEL02-SC,UOP03-DEL02-SC,2024
"617816,0",2024-07-30,terça-feira,06:40:00,SC,282,"4,0",SAO JOSE,Manobra de mudança de faixa,Colisão lateral mesmo sentido,Com Vítimas Feridas,Pleno dia,Decrescente,Céu Claro,Múltipla,Viaduto;Reta,Sim,2,0,1,0,1,0,1,2,-27.592646,-48.604034,SPRF-SC,DEL01-SC,UOP01-DEL01-SC,2024
"617835,0",2024-07-30,terça-feira,07:50:00,SC,101,"213,4",PALHOCA,Desrespeitar a preferência no cruzamento,Colisão transversal,Com Vítimas Feridas,Pleno dia,Decrescente,Nublado,Simples,Reta;Interseção de Vias,Sim,3,0,1,0,2,0,1,2,-27.64443,-48.67057,SPRF-SC,DEL01-SC,UOP02-DEL01-SC,2024
"617887,0",2024-07-30,terça-feira,14:00:00,SC,101,"197,3",BIGUACU,Reação tardia ou ineficiente do condutor,Colisão traseira,Com Vítimas Feridas,Pleno dia,Decrescente,Nublado,Múltipla,Reta,Não,2,0,1,0,1,0,1,2,-27.51844497,-48.63848496,SPRF-SC,DEL01-SC,UOP01-DEL01-SC,2024
"617932,0",2024-07-30,terça-feira,18:00:00,SC,480,"126,1",CHAPECO,Sinalização mal posicionada,Colisão traseira,Com Vítimas Feridas,Plena Noite,Crescente,Nublado,Dupla,Em Obras;Reta,Não,2,0,1,0,1,0,1,2,-27.020083,-52.636024,SPRF-SC,DEL07-SC,UOP01-DEL07-SC,2024
"617934,0",2024-07-30,terça-feira,18:15:00,SC,101,"123,0",ITAJAI,Transitar na contramão,Colisão frontal,Com Vítimas Feridas,Plena Noite,Decrescente,Nublado,Simples,Reta,Sim,2,0,1,0,1,0,1,2,-26.93668609,-48.69876905,SPRF-SC,DEL04-SC,UOP04-DEL04-SC,2024
"617946,0",2024-07-30,terça-feira,19:25:00,SC,163,"69,6",SAO MIGUEL DO OESTE,Manobra de mudança de faixa,Colisão transversal,Com Vítimas Feridas,Plena Noite,Crescente,Céu Claro,Dupla,Reta;Aclive,Sim,2,0,1,0,1,0,1,2,-26.73678594,-53.50354671,SPRF-SC,DEL07-SC,UOP03-DEL07-SC,2024
"617969,0",2024-07-30,terça-feira,22:15:00,SC,163,"76,9",SAO MIGUEL DO OESTE,Iluminação deficiente,Colisão com objeto,Com Vítimas Feridas,Plena Noite,Decrescente,Céu Claro,Simples,Reta;Aclive,Não,1,0,0,1,0,0,1,1,-26.677941,-53.515715,SPRF-SC,DEL07-SC,UOP03-DEL07-SC,2024
"617977,0",2024-07-30,terça-feira,22:15:00,SC,101,"458,4",SAO JOAO DO SUL,Avarias e/ou desgaste excessivo no pneu,Tombamento,Com Vítimas Feridas,Plena Noite,Decrescente,Céu Claro,Dupla,Curva,Não,2,0,1,1,0,0,2,1,-29.24075694,-49.75535784,SPRF-SC,DEL02-SC,UOP02-DEL02-SC,2024
"617984,0",2024-07-31,quarta-feira,00:55:00,SC,101,"355,2",SANGAO,Velocidade Incompatível,Saída de leito carroçável,Sem Vítimas,Plena Noite,Crescente,Céu Claro,Múltipla,Reta,Não,1,0,0,0,0,1,0,1,-28.62380715,-49.07828489,SPRF-SC,DEL02-SC,UOP01-DEL02-SC,2024
"618002,0",2024-07-31,quarta-feira,07:30:00,SC,101,"201,2",SAO JOSE,Trafegar com motocicleta (ou similar) entre as faixas,Colisão lateral mesmo sentido,Com Vítimas Feridas,Pleno dia,Crescente,Céu Claro,Múltipla,Reta,Não,2,0,1,0,1,0,1,2,-27.54836599,-48.61977975,SPRF-SC,DEL01-SC,UOP01-DEL01-SC,2024
"618009,0",2024-07-31,quarta-feira,07:51:00,SC,101,"203,1",SAO JOSE,Trafegar com motocicleta (ou similar) entre as faixas,Colisão lateral mesmo sentido,Com Vítimas Feridas,Pleno dia,Crescente,Céu Claro,Dupla,Curva,Sim,3,0,1,0,2,0,1,2,-27.5650044,-48.61460082,SPRF-SC,DEL01-SC,UOP01-DEL01-SC,2024
"618014,0",2024-07-31,quarta-feira,08:30:00,SC,101,"214,6",PALHOCA,Acessar a via sem observar a presença dos outros veículos,Colisão transversal,Com Vítimas Feridas,Pleno dia,Decrescente,Céu Claro,Múltipla,Interseção de Vias,Sim,3,0,1,1,1,0,2,2,-27.64443,-48.67057,SPRF-SC,DEL01-SC,UOP02-DEL01-SC,2024
"618026,0",2024-07-31,quarta-feira,08:40:00,SC,280,"124,0",RIO NEGRINHO,Acessar a via sem observar a presença dos outros veículos,Colisão lateral mesmo sentido,Com Vítimas Feridas,Pleno dia,Decrescente,Céu Claro,Simples,Reta,Sim,2,0,1,0,1,0,1,2,-26.24130297,-49.47514499,SPRF-SC,DEL06-SC,UOP03-DEL06-SC,2024
"618032,0",2024-07-31,quarta-feira,08:15:00,SC,101,"451,0",SAO JOAO DO SUL,Desrespeitar a preferência no cruzamento,Colisão transversal,Com Vítimas Feridas,Pleno dia,Decrescente,Céu Claro,Simples,Reta;Interseção de Vias,Sim,2,0,0,1,1,0,1,2,-29.18558731,-49.75484848,SPRF-SC,DEL02-SC,UOP02-DEL02-SC,2024
"618037,0",2024-07-31,quarta-feira,07:50:00,SC,101,"332,6",TUBARAO,Manobra de mudança de faixa,Colisão traseira,Com Vítimas Feridas,Pleno dia,Decrescente,Céu Claro,Dupla,Reta,Sim,3,0,2,0,0,1,2,2,-28.46808768,-49.00794983,SPRF-SC,DEL02-SC,UOP01-DEL02-SC,2024
"618041,0",2024-07-31,quarta-feira,09:00:00,SC,101,"8,0",GARUVA,Avarias e/ou desgaste excessivo no pneu,Queda de ocupante de veículo,Com Vítimas Feridas,Pleno dia,Decrescente,Nevoeiro/Neblina,Dupla,Reta,Não,2,0,2,0,0,0,2,1,-26.044942,-48.859703,SPRF-SC,DEL03-SC,UOP01-DEL03-SC,2024
"618042,0",2024-07-31,quarta-feira,10:40:00,SC,101,"211,8",PALHOCA,Acessar a via sem observar a presença dos outros veículos,Colisão traseira,Com Vítimas Feridas,Pleno dia,Decrescente,Céu Claro,Múltipla,Reta,Não,2,0,1,0,1,0,1,2,-27.62329313,-48.65245588,SPRF-SC,DEL01-SC,UOP02-DEL01-SC,2024
"618070,0",2024-07-31,quarta-feira,11:05:00,SC,282,"537,0",CHAPECO,Reação tardia ou ineficiente do condutor,Tombamento,Com Vítimas Feridas,Pleno dia,Decrescente,Céu Claro,Simples,Reta,Não,1,0,1,0,0,0,1,1,-26.999933,-52.663895,SPRF-SC,DEL07-SC,UOP01-DEL07-SC,2024
"618086,0",2024-07-31,quarta-feira,13:50:00,SC,470,"125,5",LONTRAS,Ausência de reação do condutor,Colisão lateral sentido oposto,Com Vítimas Feridas,Pleno dia,Decrescente,Céu Claro,Simples,Curva;Aclive,Não,2,0,0,1,0,1,1,2,-27.120506,-49.534946,SPRF-SC,DEL04-SC,UOP02-DEL04-SC,2024
"618095,0",2024-05-14,terça-feira,18:15:00,SC,280,"236,9",CANOINHAS,Reação tardia ou ineficiente do condutor,Colisão traseira,Com Vítimas Feridas,Plena Noite,Crescente,Chuva,Simples,Reta,Sim,3,0,1,0,2,0,1,3,-26.19844599,-50.43216601,SPRF-SC,DEL06-SC,UOP04-DEL06-SC,2024
"618125,0",2024-07-31,quarta-feira,18:40:00,SC,101,"207,0",SAO JOSE,Condutor deixou de manter distância do veículo da frente,Colisão traseira,Com Vítimas Feridas,Plena Noite,Crescente,Nublado,Dupla,Reta;Aclive,Sim,5,0,2,1,2,0,3,3,-27.60001226,-48.6226467,SPRF-SC,DEL01-SC,UOP01-DEL01-SC,2024
"618135,0",2024-07-31,quarta-feira,18:10:00,SC,101,"131,0",BALNEARIO CAMBORIU,Reação tardia ou ineficiente do condutor,Colisão lateral mesmo sentido,Com Vítimas Feridas,Plena Noite,Crescente,Céu Claro,Múltipla,Reta,Sim,2,0,1,0,1,0,1,2,-26.99064209,-48.66310912,SPRF-SC,DEL04-SC,UOP03-DEL04-SC,2024
"618136,0",2024-07-31,quarta-feira,15:00:00,SC,101,"147,0",ITAPEMA,Demais falhas mecânicas ou elétricas,Incêndio,Sem Vítimas,Pleno dia,Crescente,Céu Claro,Simples,Reta;Ponte,Sim,1,0,0,0,1,0,0,1,-27.09237407,-48.61730888,SPRF-SC,DEL04-SC,UOP03-DEL04-SC,2024
"618139,0",2024-07-31,quarta-feira,18:10:00,SC,101,"329,0",TUBARAO,Acessar a via sem observar a presença dos outros veículos,Atropelamento de Pedestre,Com Vítimas Feridas,Plena Noite,Crescente,Céu Claro,Dupla,Reta,Sim,2,0,2,0,0,0,2,2,-28.43648094,-48.95989307,SPRF-SC,DEL02-SC,UOP01-DEL02-SC,2024
"618150,0",2024-07-31,quarta-feira,19:30:00,SC,101,"102,0",BALNEARIO PICARRAS,Avarias e/ou desgaste excessivo no pneu,Tombamento,Com Vítimas Feridas,Plena Noite,Decrescente,Garoa/Chuvisco,Dupla,Reta,Sim,1,0,1,0,0,0,1,1,-26.77383397,-48.68594062,SPRF-SC,DEL03-SC,UOP02-DEL03-SC,2024
"618151,0",2024-07-31,quarta-feira,19:30:00,SC,101,"58,0",ARAQUARI,Demais falhas mecânicas ou elétricas,Incêndio,Sem Vítimas,Plena Noite,Decrescente,Garoa/Chuvisco,Dupla,Curva,Não,1,0,0,0,0,1,0,1,-26.44025049,-48.80129043,SPRF-SC,DEL03-SC,UOP02-DEL03-SC,2024
"618158,0",2024-07-31,quarta-feira,20:05:00,SC,101,"264,3",PAULO LOPES,Animais na Pista,Capotamento,Com Vítimas Feridas,Plena Noite,Crescente,Céu Claro,Dupla,Reta,Não,4,0,2,1,1,0,3,1,-28.05149404,-48.71632789,SPRF-SC,DEL02-SC,UOP03-DEL02-SC,2024
"618160,0",2024-07-31,quarta-feira,22:15:00,SC,282,"19,7",PALHOCA,Reação tardia ou ineficiente do condutor,Colisão traseira,Com Vítimas Feridas,Plena Noite,Decrescente,Nublado,Simples,Reta,Sim,3,0,2,0,1,0,2,2,-27.678635,-48.70192,SPRF-SC,DEL01-SC,UOP02-DEL01-SC,2024
"618186,0",2024-08-01,quinta-feira,04:30:00,SC,282,"30,2",SANTO AMARO DA IMPERATRIZ,Velocidade Incompatível,Saída de leito carroçável,Sem Vítimas,Plena Noite,Decrescente,Chuva,Simples,Aclive,Não,1,0,0,0,0,1,0,1,-27.687376,-48.79071,SPRF-SC,DEL01-SC,UOP03-DEL01-SC,2024
"618214,0",2024-08-01,quinta-feira,07:55:00,SC,163,"69,6",SAO MIGUEL DO OESTE,Acessar a via sem observar a presença dos outros veículos,Colisão transversal,Com Vítimas Feridas,Pleno dia,Decrescente,Céu Claro,Dupla,Interseção de Vias;Declive;Reta,Sim,3,0,2,0,1,0,2,2,-26.73673804,-53.5035038,SPRF-SC,DEL07-SC,UOP03-DEL07-SC,2024
"618234,0",2024-08-01,quinta-feira,10:50:00,SC,282,"22,2",SANTO AMARO DA IMPERATRIZ,Acessar a via sem observar a presença dos outros veículos,Colisão transversal,Com Vítimas Feridas,Pleno dia,Decrescente,Nublado,Simples,Reta,Sim,2,0,0,1,1,0,1,2,-27.688507,-48.72739,SPRF-SC,DEL01-SC,UOP02-DEL01-SC,2024
"618241,0",2024-08-01,quinta-feira,07:30:00,SC,101,"302,8",LAGUNA,Desrespeitar a preferência no cruzamento,Colisão transversal,Com Vítimas Feridas,Pleno dia,Decrescente,Céu Claro,Simples,Viaduto,Não,2,0,1,0,1,0,1,2,-28.35387609,-48.7426239,SPRF-SC,DEL02-SC,UOP03-DEL02-SC,2024
"618257,0",2024-08-01,quinta-feira,12:30:00,SC,101,"207,2",SAO JOSE,Manobra de mudança de faixa,Colisão lateral mesmo sentido,Com Vítimas Feridas,Pleno dia,Decrescente,Nublado,Múltipla,Reta,Sim,3,0,0,1,2,0,1,3,-27.60001226,-48.6226467,SPRF-SC,DEL01-SC,UOP01-DEL01-SC,2024
"618272,0",2024-07-29,segunda-feira,00:00:00,SC,116,"216,3",PONTE ALTA,Ingestão de álcool pelo condutor,Saída de leito carroçável,Sem Vítimas,Plena Noite,Decrescente,Garoa/Chuvisco,Simples,Reta,Não,1,0,0,0,1,0,0,1,-27.54634396,-50.3770563,SPRF-SC,DEL05-SC,UOP03-DEL05-SC,2024
"618286,0",2024-08-01,quinta-feira,15:30:00,SC,101,"204,0",SAO JOSE,Acesso irregular,Colisão transversal,Com Vítimas Feridas,Pleno dia,Decrescente,Nublado,Dupla,Viaduto,Sim,2,0,1,0,1,0,1,2,-27.57413014,-48.61363083,SPRF-SC,DEL01-SC,UOP01-DEL01-SC,2024