id,data_inversa,dia_semana,horario,uf,br,km,municipio,causa_acidente,tipo_acidente,classificacao_acidente,fase_dia,sentido_via,condicao_metereologica,tipo_pista,tracado_via,uso_solo,pessoas,mortos,feridos_leves,feridos_graves,ilesos,ignorados,feridos,veiculos,latitude,longitude,regional,delegacia,uop,ano_arquivo
"618306,0",2024-08-01,quinta-feira,16:30:00,SC,280,"29,0",ARAQUARI,Acessar a via sem observar a presença dos outros veículos,Colisão transversal,Com Vítimas Feridas,Pleno dia,Crescente,Nublado,Dupla,Reta,Sim,2,0,1,0,1,0,1,2,-26.41066264,-48.75295628,SPRF-SC,DEL03-SC,UOP03-DEL03-SC,2024
"618313,0",2024-08-01,quinta-feira,17:20:00,SC,101,"135,0",BALNEARIO CAMBORIU,Avarias e/ou desgaste excessivo no pneu,Tombamento,Com Vítimas Feridas,Pleno dia,Decrescente,Sol,Múltipla,Reta,Sim,1,0,1,0,0,0,1,1,-27.0050108,-48.62677494,SPRF-SC,DEL04-SC,UOP03-DEL04-SC,2024
"618317,0",2024-08-01,quinta-feira,16:00:00,SC,470,"134,0",RIO DO SUL,Retorno proibido,Colisão transversal,Com Vítimas Feridas,Pleno dia,Decrescente,Céu Claro,Simples,Reta,Sim,2,0,0,1,1,0,1,2,-27.181854,-49.600128,SPRF-SC,DEL04-SC,UOP02-DEL04-SC,2024
"618321,0",2024-08-01,quinta-feira,17:50:00,SC,101,"214,1",PALHOCA,Manobra de mudança de faixa,Colisão lateral mesmo sentido,Com Vítimas Feridas,Pleno dia,Decrescente,Céu Claro,Múltipla,Reta,Sim,2,0,1,0,1,0,1,2,-27.64443,-48.67057,SPRF-SC,DEL01-SC,UOP02-DEL01-SC,2024
"618336,0",2024-08-01,quinta-feira,19:00:00,SC,101,"114,1",ITAJAI,Manobra de mudança de faixa,Colisão lateral mesmo sentido,Com Vítimas Feridas,Plena Noite,Crescente,Nublado,Dupla,Reta,Sim,2,0,1,0,1,0,1,2,-26.86192886,-48.7286704,SPRF-SC,DEL04-SC,UOP04-DEL04-SC,2024
"618359,0",2024-08-01,quinta-feira,21:30:00,SC,280,"67,3",JARAGUA DO SUL,Acessar a via sem observar a presença dos outros veículos,Colisão transversal,Com Vítimas Feridas,Plena Noite,Crescente,Nevoeiro/Neblina,Simples,Reta,Sim,2,0,1,0,1,0,1,2,-26.4775146,-49.10363575,SPRF-SC,DEL03-SC,UOP03-DEL03-SC,2024
"618361,0",2024-08-01,quinta-feira,18:30:00,SC,280,"212,4",TRES BARRAS,Pedestre cruzava a pista fora da faixa,Atropelamento de Pedestre,Com Vítimas Fatais,Anoitecer,Decrescente,Céu Claro,Simples,Reta;Em Obras,Não,4,2,0,0,2,0,0,2,-26.1794639,-50.1909763,SPRF-SC,DEL06-SC,UOP04-DEL06-SC,2024
"618362,0",2024-08-01,quinta-feira,21:30:00,SC,280,"2,7",SAO FRANCISCO DO SUL,Acessar a via sem observar a presença dos outros veículos,Colisão transversal,Com Vítimas Feridas,Plena Noite,Decrescente,Nublado,Dupla,Reta,Sim,2,0,1,1,0,0,2,2,-26.23700996,-48.61979093,SPRF-SC,DEL03-SC,UOP03-DEL03-SC,2024
"618385,0",2024-08-01,quinta-feira,23:55:00,SC,101,"45,0",JOINVILLE,Demais falhas mecânicas ou elétricas,Incêndio,Sem Vítimas,Plena Noite,Decrescente,Céu Claro,Múltipla,Reta,Não,1,0,0,0,0,1,0,1,-26.34572948,-48.85723114,SPRF-SC,DEL03-SC,UOP01-DEL03-SC,2024
"618395,0",2024-08-02,sexta-feira,03:35:00,SC,470,"315,9",CAMPOS NOVOS,Velocidade Incompatível,Saída de leito carroçável,Com Vítimas Feridas,Plena Noite,Crescente,Céu Claro,Simples,Reta,Não,1,0,1,0,0,0,1,1,-27.393394,-51.192188,SPRF-SC,DEL07-SC,UOP06-DEL07-SC,2024
"618397,0",2024-08-02,sexta-feira,00:08:00,SC,101,"130,0",BALNEARIO CAMBORIU,Reação tardia ou ineficiente do condutor,Tombamento,Com Vítimas Feridas,Plena Noite,Decrescente,Céu Claro,Dupla,Reta,Sim,1,0,1,0,0,0,1,1,-26.98407618,-48.66977107,SPRF-SC,DEL04-SC,UOP03-DEL04-SC,2024
"618401,0",2024-08-02,sexta-feira,06:20:00,SC,282,"4,0",SAO JOSE,Condutor deixou de manter distância do veículo da frente,Colisão traseira,Com Vítimas Feridas,Amanhecer,Decrescente,Nublado,Múltipla,Reta,Não,2,0,1,0,1,0,1,2,-27.592646,-48.604034,SPRF-SC,DEL01-SC,UOP01-DEL01-SC,2024
"618404,0",2024-08-02,sexta-feira,07:00:00,SC,101,"144,0",ITAPEMA,Reação tardia ou ineficiente do condutor,Capotamento,Com Vítimas Feridas,Pleno dia,Crescente,Nublado,Dupla,Reta,Sim,1,0,1,0,0,0,1,1,-27.0732659,-48.59672716,SPRF-SC,DEL04-SC,UOP03-DEL04-SC,2024
"618407,0",2024-08-02,sexta-feira,07:05:00,SC,101,"212,0",PALHOCA,Condutor deixou de manter distância do veículo da frente,Colisão lateral mesmo sentido,Com Vítimas Feridas,Pleno dia,Decrescente,Nublado,Múltipla,Reta,Não,2,0,1,0,1,0,1,2,-27.62996929,-48.65903871,SPRF-SC,DEL01-SC,UOP02-DEL01-SC,2024
"618414,0",2024-08-02,sexta-feira,06:20:00,SC,470,"2,0",NAVEGANTES,Mal súbito do condutor,Tombamento,Com Vítimas Feridas,Amanhecer,Crescente,Nublado,Dupla,Interseção de Vias,Não,1,0,1,0,0,0,1,1,-26.868551,-48.674831,SPRF-SC,DEL04-SC,UOP04-DEL04-SC,2024
"618417,0",2024-08-02,sexta-feira,07:00:00,SC,470,"136,0",RIO DO SUL,Acesso irregular,Colisão transversal,Com Vítimas Feridas,Pleno dia,Crescente,Céu Claro,Simples,Reta,Não,2,0,1,0,1,0,1,2,-27.194323,-49.624554,SPRF-SC,DEL04-SC,UOP02-DEL04-SC,2024
"618418,0",2024-08-02,sexta-feira,07:05:00,SC,470,"3,9",NAVEGANTES,Ausência de reação do condutor,Colisão transversal,Com Vítimas Feridas,Amanhecer,Crescente,Nublado,Simples,Curva;Em Obras,Sim,2,0,1,0,1,0,1,2,-26.861937,-48.681618,SPRF-SC,DEL04-SC,UOP04-DEL04-SC,2024
"618430,0",2024-07-08,segunda-feira,13:20:00,SC,280,"57,0",GUARAMIRIM,Acessar a via sem observar a presença dos outros veículos,Colisão lateral mesmo sentido,Com Vítimas Feridas,Pleno dia,Crescente,Nublado,Dupla,Reta,Sim,2,0,2,0,0,0,2,2,-26.47811421,-49.01259213,SPRF-SC,DEL03-SC,UOP03-DEL03-SC,2024
"618435,0",2024-08-02,sexta-feira,04:40:00,SC,280,"98,0",SAO BENTO DO SUL,Transitar na contramão,Colisão frontal,Com Vítimas Fatais,Plena Noite,Decrescente,Nublado,Simples,Reta;Interseção de Vias,Não,4,1,0,2,1,0,2,2,-26.37611679,-49.32548046,SPRF-SC,DEL06-SC,UOP03-DEL06-SC,2024
"618436,0",2024-08-02,sexta-feira,08:05:00,SC,282,"2,4",FLORIANOPOLIS,Condutor deixou de manter distância do veículo da frente,Colisão traseira,Com Vítimas Feridas,Pleno dia,Decrescente,Céu Claro,Múltipla,Reta,Sim,3,0,2,0,1,0,2,3,-27.603289,-48.590416,SPRF-SC,DEL01-SC,UOP01-DEL01-SC,2024
"618452,0",2024-08-02,sexta-feira,09:00:00,SC,101,"317,0",PESCARIA BRAVA,Acessar a via sem observar a presença dos outros veículos,Colisão lateral mesmo sentido,Com Vítimas Feridas,Pleno dia,Decrescente,Céu Claro,Simples,Reta,Sim,2,0,1,0,1,0,1,2,-28.42708421,-48.85211624,SPRF-SC,DEL02-SC,UOP01-DEL02-SC,2024
"618460,0",2024-08-02,sexta-feira,09:25:00,SC,470,"57,9",BLUMENAU,Ausência de reação do condutor,Tombamento,Com Vítimas Feridas,Pleno dia,Crescente,Nublado,Simples,Reta;Em Obras,Sim,1,0,1,0,0,0,1,1,-26.8839611,-49.14634641,SPRF-SC,DEL04-SC,UOP01-DEL04-SC,2024
"618471,0",2024-08-02,sexta-feira,08:30:00,SC,101,"82,8",BARRA VELHA,Reação tardia ou ineficiente do condutor,Colisão transversal,Com Vítimas Feridas,Pleno dia,Decrescente,Nublado,Simples,Reta;Declive;Viaduto;Interseção de Vias,Não,2,0,1,0,0,1,1,2,-26.62033708,-48.71709108,SPRF-SC,DEL03-SC,UOP02-DEL03-SC,2024
"618490,0",2024-08-02,sexta-feira,13:31:00,SC,282,"1,5",FLORIANOPOLIS,Condutor deixou de manter distância do veículo da frente,Colisão traseira,Com Vítimas Feridas,Pleno dia,Crescente,Céu Claro,Múltipla,Reta,Sim,2,0,1,0,1,0,1,2,-27.602955,-48.580509,SPRF-SC,DEL01-SC,UOP01-DEL01-SC,2024
"618522,0",2024-08-02,sexta-feira,15:15:00,SC,101,"207,8",SAO JOSE,Reação tardia ou ineficiente do condutor,Tombamento,Com Vítimas Feridas,Pleno dia,Crescente,Céu Claro,Múltipla,Reta,Sim,1,0,1,0,0,0,1,1,-27.60001226,-48.6226467,SPRF-SC,DEL01-SC,UOP01-DEL01-SC,2024
"618523,0",2024-08-02,sexta-feira,16:10:00,SC,282,"16,0",PALHOCA,Acessar a via sem observar a presença dos outros veículos,Colisão transversal,Com Vítimas Feridas,Pleno dia,Crescente,Nublado,Simples,Reta,Sim,4,0,1,1,0,2,2,3,-27.658611,-48.681847,SPRF-SC,DEL01-SC,UOP02-DEL01-SC,2024
"618534,0",2024-08-02,sexta-feira,15:45:00,SC,101,"135,0",BALNEARIO CAMBORIU,Manobra de mudança de faixa,Colisão lateral mesmo sentido,Com Vítimas Feridas,Pleno dia,Decrescente,Céu Claro,Dupla,Reta,Sim,2,0,1,0,0,1,1,2,-27.0050108,-48.62677494,SPRF-SC,DEL04-SC,UOP03-DEL04-SC,2024
"618544,0",2024-08-02,sexta-feira,17:00:00,SC,282,"1,0",FLORIANOPOLIS,Condutor deixou de manter distância do veículo da frente,Colisão traseira,Com Vítimas Feridas,Pleno dia,Crescente,Céu Claro,Dupla,Reta,Sim,2,0,1,0,1,0,1,2,-27.602955,-48.580509,SPRF-SC,DEL01-SC,UOP01-DEL01-SC,2024
"618560,0",2024-08-02,sexta-feira,15:45:00,SC,116,"308,6",CAPAO ALTO,Ingestão de álcool pelo condutor,Colisão lateral sentido oposto,Sem Vítimas,Pleno dia,Crescente,Céu Claro,Simples,Curva,Não,3,0,0,0,3,0,0,2,-28.19728862,-50.75930786,SPRF-SC,DEL05-SC,UOP02-DEL05-SC,2024
"618573,0",2024-08-02,sexta-feira,15:50:00,SC,116,"246,4",LAGES,Velocidade Incompatível,Saída de leito carroçável,Com Vítimas Feridas,Pleno dia,Crescente,Sol,Simples,Reta,Sim,1,0,1,0,0,0,1,1,-27.80741967,-50.36653697,SPRF-SC,DEL05-SC,UOP02-DEL05-SC,2024
"618583,0",2024-08-02,sexta-feira,19:00:00,SC,470,"4,0",NAVEGANTES,Sinalização mal posicionada,Colisão traseira,Com Vítimas Feridas,Plena Noite,Crescente,Céu Claro,Dupla,Em Obras;Desvio Temporário;Retorno Regulamentado,Sim,2,0,1,0,1,0,1,2,-26.855688,-48.700333,SPRF-SC,DEL04-SC,UOP04-DEL04-SC,2024
"618613,0",2024-08-02,sexta-feira,16:15:00,SC,280,"239,0",CANOINHAS,Ausência de reação do condutor,Colisão traseira,Com Vítimas Feridas,Pleno dia,Crescente,Céu Claro,Simples,Reta,Não,2,0,1,0,1,0,1,2,-26.20971113,-50.44782084,SPRF-SC,DEL06-SC,UOP04-DEL06-SC,2024
"618621,0",2024-08-02,sexta-feira,16:30:00,SC,470,"299,7",CAMPOS NOVOS,Acumulo de óleo sobre o pavimento,Saída de leito carroçável,Com Vítimas Feridas,Anoitecer,Decrescente,Céu Claro,Simples,Declive,Não,1,0,1,0,0,0,1,1,-27.366648,-51.040581,SPRF-SC,DEL07-SC,UOP06-DEL07-SC,2024
"618628,0",2024-08-02,sexta-feira,17:45:00,SC,280,"71,2",JARAGUA DO SUL,Acessar a via sem observar a presença dos outros veículos,Colisão transversal,Com Vítimas Feridas,Anoitecer,Decrescente,Céu Claro,Dupla,Reta,Sim,2,0,1,0,1,0,1,2,-26.46151693,-49.13480597,SPRF-SC,DEL03-SC,UOP03-DEL03-SC,2024
"618632,0",2024-08-02,sexta-feira,18:15:00,SC,470,"299,0",CAMPOS NOVOS,Acumulo de óleo sobre o pavimento,Saída de leito carroçável,Com Vítimas Feridas,Plena Noite,Crescente,Céu Claro,Simples,Curva,Não,3,0,3,0,0,0,3,1,-27.366888,-51.040435,SPRF-SC,DEL07-SC,UOP06-DEL07-SC,2024
"618643,0",2024-08-02,sexta-feira,23:00:00,SC,101,"119,0",ITAJAI,Condutor deixou de manter distância do veículo da frente,Colisão traseira,Com Vítimas Feridas,Plena Noite,Decrescente,Céu Claro,Dupla,Reta,Não,3,0,2,0,1,0,2,2,-26.9043179,-48.71555481,SPRF-SC,DEL04-SC,UOP04-DEL04-SC,2024
"618647,0",2024-08-02,sexta-feira,23:00:00,SC,470,"101,2",APIUNA,Transitar na contramão,Colisão frontal,Com Vítimas Feridas,Plena Noite,Decrescente,Nublado,Simples,Curva,Sim,6,0,4,2,0,0,6,2,-27.053085,-49.390018,SPRF-SC,DEL04-SC,UOP02-DEL04-SC,2024
"618662,0",2024-08-03,sábado,03:15:00,SC,101,"3,7",ARARANGUA,Desrespeitar a preferência no cruzamento,Colisão transversal,Com Vítimas Feridas,Plena Noite,Crescente,Céu Claro,Simples,Rotatória,Sim,3,0,1,0,1,1,1,3,-28.94922528,-49.50690508,SPRF-SC,DEL03-SC,UOP01-DEL03-SC,2024
"618663,0",2024-08-03,sábado,03:50:00,SC,101,"215,6",PALHOCA,Ausência de reação do condutor,Colisão com objeto,Sem Vítimas,Plena Noite,Crescente,Nublado,Dupla,Curva,Sim,2,0,0,0,1,1,0,2,-27.65184843,-48.67604941,SPRF-SC,DEL01-SC,UOP02-DEL01-SC,2024
"618691,0",2024-07-26,sexta-feira,08:11:00,SC,101,"207,7",SAO JOSE,Frear bruscamente,Colisão traseira,Com Vítimas Feridas,Pleno dia,Decrescente,Nublado,Múltipla,Reta,Sim,7,0,0,2,4,1,2,5,-27.60001226,-48.6226467,SPRF-SC,DEL01-SC,UOP01-DEL01-SC,2024
"618724,0",2024-08-03,sábado,09:45:00,SC,282,"19,0",PALHOCA,Acessar a via sem observar a presença dos outros veículos,Colisão transversal,Com Vítimas Feridas,Pleno dia,Crescente,Céu Claro,Simples,Reta,Sim,2,0,1,0,1,0,1,2,-27.68234999,-48.70747805,SPRF-SC,DEL01-SC,UOP02-DEL01-SC,2024
"618729,0",2024-08-03,sábado,10:45:00,SC,101,"203,4",SAO JOSE,Ausência de reação do condutor,Colisão lateral mesmo sentido,Com Vítimas Feridas,Pleno dia,Decrescente,Céu Claro,Simples,Reta;Declive;Interseção de Vias,Sim,2,0,1,0,0,1,1,2,-27.5650044,-48.61460082,SPRF-SC,DEL01-SC,UOP01-DEL01-SC,2024
"618737,0",2024-08-03,sábado,11:30:00,SC,282,"215,5",LAGES,Acessar a via sem observar a presença dos outros veículos,Colisão transversal,Com Vítimas Feridas,Pleno dia,Crescente,Céu Claro,Simples,Rotatória,Sim,2,0,1,0,1,0,1,2,-27.793665,-50.281799,SPRF-SC,DEL05-SC,UOP01-DEL05-SC,2024
"618746,0",2024-08-03,sábado,12:00:00,SC,101,"4,9",ARARANGUA,Desrespeitar a preferência no cruzamento,Colisão transversal,Sem Vítimas,Pleno dia,Decrescente,Céu Claro,Simples,Rotatória,Sim,2,0,0,0,2,0,0,2,-28.95847406,-49.5141685,SPRF-SC,DEL02-SC,UOP02-DEL02-SC,2024
"618755,0",2024-08-03,sábado,12:45:00,SC,101,"114,4",ITAJAI,Trafegar com motocicleta (ou similar) entre as faixas,Colisão traseira,Com Vítimas Feridas,Pleno dia,Crescente,Céu Claro,Dupla,Reta,Sim,2,0,1,0,1,0,1,2,-26.86192886,-48.7286704,SPRF-SC,DEL04-SC,UOP04-DEL04-SC,2024
"618778,0",2024-08-03,sábado,16:00:00,SC,101,"212,4",PALHOCA,Acessar a via sem observar a presença dos outros veículos,Colisão transversal,Com Vítimas Feridas,Pleno dia,Crescente,Céu Claro,Múltipla,Reta,Sim,2,0,2,0,0,0,2,2,-27.62996929,-48.65903871,SPRF-SC,DEL01-SC,UOP02-DEL01-SC,2024
"618793,0",2024-08-03,sábado,17:00:00,SC,101,"86,2",BARRA VELHA,Reação tardia ou ineficiente do condutor,Colisão traseira,Sem Vítimas,Pleno dia,Decrescente,Céu Claro,Dupla,Reta;Viaduto,Sim,2,0,0,0,2,0,0,2,-26.63277317,-48.70232513,SPRF-SC,DEL03-SC,UOP02-DEL03-SC,2024
"618801,0",2024-08-03,sábado,17:30:00,SC,101,"209,9",SAO JOSE,Reação tardia ou ineficiente do condutor,Colisão com objeto,Com Vítimas Fatais,Anoitecer,Crescente,Nublado,Múltipla,Reta,Sim,1,1,0,0,0,0,0,1,-27.6167305,-48.6457265,SPRF-SC,DEL01-SC,UOP01-DEL01-SC,2024
"618861,0",2024-08-03,sábado,20:20:00,SC,280,"29,0",ARAQUARI,Ingestão de álcool pelo condutor,Colisão traseira,Sem Vítimas,Plena Noite,Crescente,Céu Claro,Simples,Reta,Sim,2,0,0,0,2,0,0,2,-26.41066264,-48.75295628,SPRF-SC,DEL03-SC,UOP03-DEL03-SC,2024
"618862,0",2024-08-03,sábado,20:00:00,SC,116,"65,1",PAPANDUVA,Ingestão de álcool pelo condutor,Saída de leito carroçável,Com Vítimas Feridas,Plena Noite,Decrescente,Céu Claro,Simples,Reta,Não,2,0,2,0,0,0,2,1,-26.42445099,-50.2281171,SPRF-SC,DEL06-SC,UOP02-DEL06-SC,2024
"618864,0",2024-08-03,sábado,18:40:00,SC,116,"58,1",PAPANDUVA,Ausência de reação do condutor,Tombamento,Com Vítimas Feridas,Plena Noite,Decrescente,Céu Claro,Simples,Reta,Não,1,0,1,0,0,0,1,1,-26.37772259,-50.19785907,SPRF-SC,DEL06-SC,UOP02-DEL06-SC,2024
"618892,0",2024-08-03,sábado,21:30:00,SC,101,"219,0",PALHOCA,Transitar na contramão,Colisão frontal,Com Vítimas Feridas,Plena Noite,Decrescente,Céu Claro,Dupla,Reta;Interseção de Vias,Sim,3,0,1,1,1,0,2,2,-27.68960835,-48.66432667,SPRF-SC,DEL01-SC,UOP02-DEL01-SC,2024
"618894,0",2024-08-03,sábado,21:55:00,SC,101,"439,5",SOMBRIO,Demais falhas mecânicas ou elétricas,Queda de ocupante de veículo,Com Vítimas Feridas,Plena Noite,Crescente,Céu Claro,Múltipla,Curva,Não,2,0,1,0,1,0,1,1,-29.124015,-49.668135,SPRF-SC,DEL02-SC,UOP02-DEL02-SC,2024
"618917,0",2024-08-04,domingo,01:20:00,SC,101,"365,0",SANGAO,Ausência de reação do condutor,Saída de leito carroçável,Sem Vítimas,Plena Noite,Crescente,Céu Claro,Dupla,Reta,Não,2,0,0,0,2,0,0,1,-28.68290284,-49.14759308,SPRF-SC,DEL02-SC,UOP01-DEL02-SC,2024
"618923,0",2024-08-04,domingo,02:20:00,SC,101,"114,0",ITAJAI,Ingestão de álcool pelo condutor,Colisão traseira,Sem Vítimas,Plena Noite,Decrescente,Nublado,Múltipla,Reta,Sim,2,0,0,0,2,0,0,2,-26.86192886,-48.7286704,SPRF-SC,DEL04-SC,UOP04-DEL04-SC,2024
"618931,0",2024-08-04,domingo,03:00:00,SC,101,"109,0",PENHA,Ingestão de álcool pelo condutor,Saída de leito carroçável,Sem Vítimas,Plena Noite,Decrescente,Garoa/Chuvisco,Dupla,Reta,Não,1,0,0,0,1,0,0,1,-26.8333519,-48.69632106,SPRF-SC,DEL03-SC,UOP02-DEL03-SC,2024
"618938,0",2024-08-04,domingo,04:15:00,SC,101,"201,7",SAO JOSE,Velocidade Incompatível,Colisão com objeto,Com Vítimas Feridas,Plena Noite,Decrescente,Céu Claro,Múltipla,Reta,Sim,2,0,0,1,0,1,1,2,-27.55711595,-48.61897889,SPRF-SC,DEL01-SC,UOP01-DEL01-SC,2024
"618947,0",2024-08-04,domingo,04:40:00,SC,101,"406,6",ARARANGUA,Ingestão de álcool pelo condutor,Colisão com objeto,Sem Vítimas,Plena Noite,Decrescente,Céu Claro,Dupla,Reta,Não,2,0,0,0,2,0,0,2,-28.91329195,-49.48495388,SPRF-SC,DEL02-SC,UOP02-DEL02-SC,2024
"618954,0",2024-08-04,domingo,01:50:00,SC,101,"153,0",PORTO BELO,Reação tardia ou ineficiente do condutor,Colisão com objeto,Sem Vítimas,Plena Noite,Crescente,Nevoeiro/Neblina,Dupla,Retorno Regulamentado,Sim,1,0,0,0,0,1,0,1,-27.144717,-48.61063935,SPRF-SC,DEL04-SC,UOP03-DEL04-SC,2024
"618955,0",2024-08-04,domingo,05:45:00,SC,101,"164,0",TIJUCAS,Reação tardia ou ineficiente do condutor,Capotamento,Com Vítimas Feridas,Plena Noite,Decrescente,Nevoeiro/Neblina,Dupla,Ponte,Sim,1,0,1,0,0,0,1,1,-27.243868,-48.6309,SPRF-SC,DEL04-SC,UOP03-DEL04-SC,2024
"618962,0",2024-08-03,sábado,23:30:00,SC,470,"48,8",BLUMENAU,Ingestão de álcool pelo condutor,Colisão com objeto,Com Vítimas Feridas,Plena Noite,Crescente,Céu Claro,Simples,Em Obras;Curva,Não,2,0,2,0,0,0,2,1,-26.859823,-49.055393,SPRF-SC,DEL04-SC,UOP01-DEL04-SC,2024
"619045,0",2024-08-04,domingo,11:40:00,SC,470,"46,0",BLUMENAU,Ausência de reação do condutor,Colisão traseira,Com Vítimas Feridas,Pleno dia,Crescente,Céu Claro,Simples,Reta,Sim,3,0,2,0,1,0,2,2,-26.860388,-49.037617,SPRF-SC,DEL04-SC,UOP01-DEL04-SC,2024
"619054,0",2024-08-04,domingo,17:20:00,SC,101,"198,0",BIGUACU,Animais na Pista,Atropelamento de Animal,Sem Vítimas,Anoitecer,Crescente,Céu Claro,Dupla,Reta,Sim,2,0,0,0,1,1,0,2,-27.52658712,-48.63506019,SPRF-SC,DEL01-SC,UOP01-DEL01-SC,2024
"619065,0",2024-08-04,domingo,16:30:00,SC,101,"364,5",SANGAO,Reação tardia ou ineficiente do condutor,Saída de leito carroçável,Com Vítimas Feridas,Pleno dia,Decrescente,Céu Claro,Dupla,Reta;Em Obras,Não,3,0,3,0,0,0,3,1,-28.68840414,-49.15858269,SPRF-SC,DEL02-SC,UOP01-DEL02-SC,2024
"619069,0",2024-08-04,domingo,16:25:00,SC,280,"46,1",GUARAMIRIM,Acessar a via sem observar a presença dos outros veículos,Colisão transversal,Com Vítimas Feridas,Pleno dia,Decrescente,Céu Claro,Simples,Reta,Não,2,0,2,0,0,0,2,2,-26.45295055,-48.90788103,SPRF-SC,DEL03-SC,UOP03-DEL03-SC,2024
"619079,0",2024-08-04,domingo,17:10:00,SC,101,"144,0",ITAPEMA,Ausência de reação do condutor,Colisão traseira,Com Vítimas Feridas,Anoitecer,Decrescente,Céu Claro,Dupla,Reta,Sim,4,0,1,0,3,0,1,3,-27.0732659,-48.59672716,SPRF-SC,DEL04-SC,UOP03-DEL04-SC,2024
"619081,0",2024-08-04,domingo,18:30:00,SC,280,"28,0",ARAQUARI,Acesso irregular,Colisão transversal,Com Vítimas Feridas,Plena Noite,Crescente,Nublado,Simples,Reta,Não,2,0,1,0,1,0,1,2,-26.40450077,-48.74561031,SPRF-SC,DEL03-SC,UOP03-DEL03-SC,2024
"619082,0",2024-08-04,domingo,19:20:00,SC,101,"119,6",PALHOCA,Ausência de reação do condutor,Colisão traseira,Com Vítimas Feridas,Plena Noite,Decrescente,Céu Claro,Dupla,Reta,Sim,2,0,1,0,0,1,1,2,-27.69198941,-48.66368358,SPRF-SC,DEL04-SC,UOP04-DEL04-SC,2024
"619118,0",2024-08-04,domingo,21:10:00,SC,101,"208,8",SAO JOSE,Ingestão de álcool pelo condutor,Colisão traseira,Sem Vítimas,Plena Noite,Decrescente,Céu Claro,Múltipla,Reta,Sim,2,0,0,0,2,0,0,2,-27.60327979,-48.63201818,SPRF-SC,DEL01-SC,UOP01-DEL01-SC,2024
"619128,0",2024-08-04,domingo,18:40:00,SC,116,"73,7",MONTE CASTELO,Acessar a via sem observar a presença dos outros veículos,Colisão lateral mesmo sentido,Com Vítimas Feridas,Anoitecer,Decrescente,Céu Claro,Simples,Reta,Não,3,0,3,0,0,0,3,2,-26.49609399,-50.23312331,SPRF-SC,DEL06-SC,UOP02-DEL06-SC,2024
"619145,0",2024-08-04,domingo,20:00:00,SC,470,"100,0",APIUNA,Velocidade Incompatível,Saída de leito carroçável,Com Vítimas Feridas,Plena Noite,Crescente,Ignorado,Simples,Curva,Sim,1,0,1,0,0,0,1,1,-27.045143,-49.394142,SPRF-SC,DEL04-SC,UOP02-DEL04-SC,2024
"619166,0",2024-08-05,segunda-feira,01:30:00,SC,101,"308,7",LAGUNA,Ausência de reação do condutor,Saída de leito carroçável,Sem Vítimas,Plena Noite,Decrescente,Chuva,Dupla,Reta,Não,1,0,0,0,1,0,0,1,-28.42220274,-48.79749298,SPRF-SC,DEL02-SC,UOP01-DEL02-SC,2024
"619172,0",2024-08-05,segunda-feira,03:30:00,SC,282,"0,2",FLORIANOPOLIS,Ingestão de álcool pelo condutor,Saída de leito carroçável,Sem Vítimas,Plena Noite,Crescente,Nublado,Dupla,Declive;Curva,Sim,1,0,0,0,1,0,0,1,-27.59845,-48.571995,SPRF-SC,DEL01-SC,UOP01-DEL01-SC,2024
"619184,0",2024-08-05,segunda-feira,06:20:00,SC,282,"17,4",PALHOCA,Conversão proibida,Colisão transversal,Com Vítimas Feridas,Amanhecer,Crescente,Céu Claro,Simples,Reta,Não,3,0,1,0,2,0,1,2,-27.665707,-48.688065,SPRF-SC,DEL01-SC,UOP02-DEL01-SC,2024
"619191,0",2024-08-05,segunda-feira,06:30:00,SC,470,"67,0",INDAIAL,Acessar a via sem observar a presença dos outros veículos,Colisão transversal,Com Vítimas Feridas,Amanhecer,Crescente,Nublado,Simples,Em Obras;Desvio Temporário,Sim,2,0,1,0,1,0,1,2,-26.87180528,-49.23065364,SPRF-SC,DEL04-SC,UOP01-DEL04-SC,2024
"619259,0",2024-08-05,segunda-feira,10:50:00,SC,470,"63,2",INDAIAL,Trafegar com motocicleta (ou similar) entre as faixas,Colisão transversal,Com Vítimas Feridas,Pleno dia,Decrescente,Céu Claro,Simples,Reta;Declive;Interseção de Vias;Em Obras,Sim,3,0,1,0,2,0,1,2,-26.87208566,-49.19364452,SPRF-SC,DEL04-SC,UOP01-DEL04-SC,2024
"619274,0",2024-08-05,segunda-feira,14:05:00,SC,116,"139,2",SANTA CECILIA,Acesso irregular,Colisão transversal,Com Vítimas Feridas,Pleno dia,Crescente,Céu Claro,Simples,Interseção de Vias,Sim,2,0,0,2,0,0,2,2,-26.96007677,-50.41626976,SPRF-SC,DEL06-SC,UOP02-DEL06-SC,2024
"619303,0",2024-08-05,segunda-feira,10:40:00,SC,101,"435,0",SOMBRIO,Reação tardia ou ineficiente do condutor,Colisão traseira,Com Vítimas Feridas,Pleno dia,Crescente,Céu Claro,Simples,Reta,Sim,3,0,1,1,1,0,2,2,-29.09949414,-49.63480552,SPRF-SC,DEL02-SC,UOP02-DEL02-SC,2024
"619325,0",2024-08-05,segunda-feira,18:30:00,SC,101,"216,0",PALHOCA,Conversão proibida,Colisão lateral mesmo sentido,Com Vítimas Feridas,Plena Noite,Crescente,Céu Claro,Dupla,Reta,Sim,2,0,0,1,1,0,1,2,-27.65981409,-48.67747798,SPRF-SC,DEL01-SC,UOP02-DEL01-SC,2024