id,data_inversa,dia_semana,horario,uf,br,km,municipio,causa_acidente,tipo_acidente,classificacao_acidente,fase_dia,sentido_via,condicao_metereologica,tipo_pista,tracado_via,uso_solo,pessoas,mortos,feridos_leves,feridos_graves,ilesos,ignorados,feridos,veiculos,latitude,longitude,regional,delegacia,uop,ano_arquivo
"621444,0",2024-06-13,quinta-feira,05:00:00,SC,282,"305,8",VARGEM,Condutor Dormindo,Colisão frontal,Com Vítimas Fatais,Plena Noite,Decrescente,Nevoeiro/Neblina,Simples,Declive;Reta,Não,7,2,5,0,0,0,5,2,-27.4953795,-50.9616411,SPRF-SC,DEL07-SC,UOP06-DEL07-SC,2024
"621455,0",2024-08-15,quinta-feira,22:10:00,SC,282,"17,0",PALHOCA,Acessar a via sem observar a presença dos outros veículos,Colisão transversal,Com Vítimas Feridas,Plena Noite,Decrescente,Céu Claro,Simples,Reta,Sim,2,0,1,0,1,0,1,2,-27.665707,-48.688065,SPRF-SC,DEL01-SC,UOP02-DEL01-SC,2024
"621481,0",2024-08-16,sexta-feira,01:00:00,SC,101,"127,6",ITAJAI,Reação tardia ou ineficiente do condutor,Colisão lateral mesmo sentido,Com Vítimas Feridas,Plena Noite,Crescente,Céu Claro,Dupla,Curva,Não,3,0,1,0,1,1,1,3,-26.9639319,-48.68328024,SPRF-SC,DEL04-SC,UOP04-DEL04-SC,2024
"621515,0",2024-08-16,sexta-feira,08:15:00,SC,101,"209,8",SAO JOSE,Reação tardia ou ineficiente do condutor,Colisão lateral mesmo sentido,Com Vítimas Feridas,Pleno dia,Decrescente,Céu Claro,Múltipla,Interseção de Vias,Sim,3,0,1,0,2,0,1,2,-27.61000542,-48.63895057,SPRF-SC,DEL01-SC,UOP01-DEL01-SC,2024
"621532,0",2024-08-16,sexta-feira,10:40:00,SC,101,"216,6",PALHOCA,Acessar a via sem observar a presença dos outros veículos,Colisão lateral mesmo sentido,Com Vítimas Feridas,Pleno dia,Decrescente,Céu Claro,Múltipla,Reta,Sim,2,0,1,0,1,0,1,2,-27.65981409,-48.67747798,SPRF-SC,DEL01-SC,UOP02-DEL01-SC,2024
"621545,0",2024-08-16,sexta-feira,07:30:00,SC,101,"331,0",TUBARAO,Condutor deixou de manter distância do veículo da frente,Atropelamento de Animal,Com Vítimas Feridas,Pleno dia,Decrescente,Céu Claro,Múltipla,Curva,Sim,3,0,1,0,1,1,1,3,-28.45567521,-48.9812689,SPRF-SC,DEL02-SC,UOP01-DEL02-SC,2024
"621562,0",2024-08-16,sexta-feira,13:30:00,SC,470,"164,0",POUSO REDONDO,Acessar a via sem observar a presença dos outros veículos,Colisão transversal,Com Vítimas Feridas,Pleno dia,Crescente,Céu Claro,Simples,Aclive,Não,2,0,0,1,1,0,1,2,-27.278645,-49.836048,SPRF-SC,DEL04-SC,UOP02-DEL04-SC,2024
"621581,0",2024-08-16,sexta-feira,16:10:00,SC,101,"137,0",BALNEARIO CAMBORIU,Reação tardia ou ineficiente do condutor,Tombamento,Com Vítimas Feridas,Pleno dia,Crescente,Nevoeiro/Neblina,Dupla,Viaduto;Reta,Não,1,0,1,0,0,0,1,1,-27.0157238,-48.61192763,SPRF-SC,DEL04-SC,UOP03-DEL04-SC,2024
"621587,0",2024-08-16,sexta-feira,16:26:00,SC,470,"67,0",INDAIAL,Ausência de reação do condutor,Capotamento,Com Vítimas Feridas,Pleno dia,Crescente,Céu Claro,Dupla,Reta,Sim,1,0,0,1,0,0,1,1,-26.872158,-49.23127,SPRF-SC,DEL04-SC,UOP01-DEL04-SC,2024
"621592,0",2024-08-16,sexta-feira,14:00:00,SC,280,"260,0",CANOINHAS,Conversão proibida,Colisão transversal,Com Vítimas Feridas,Pleno dia,Crescente,Céu Claro,Simples,Reta,Não,4,0,2,0,2,0,2,2,-26.26206627,-50.63822202,SPRF-SC,DEL06-SC,UOP04-DEL06-SC,2024
"621597,0",2024-08-16,sexta-feira,17:40:00,SC,101,"282,4",IMBITUBA,Desrespeitar a preferência no cruzamento,Colisão transversal,Com Vítimas Feridas,Anoitecer,Decrescente,Nublado,Simples,Viaduto;Reta;Interseção de Vias,Sim,2,0,1,0,1,0,1,2,-28.19626005,-48.69739859,SPRF-SC,DEL02-SC,UOP03-DEL02-SC,2024
"621604,0",2024-08-16,sexta-feira,17:50:00,SC,280,"46,1",GUARAMIRIM,Conversão proibida,Colisão transversal,Com Vítimas Feridas,Anoitecer,Crescente,Nublado,Simples,Reta,Não,2,0,2,0,0,0,2,2,-26.453175,-48.910341,SPRF-SC,DEL03-SC,UOP03-DEL03-SC,2024
"621605,0",2024-08-16,sexta-feira,16:30:00,SC,163,"97,2",SAO JOSE DO CEDRO,Condutor usando celular,Saída de leito carroçável,Com Vítimas Feridas,Pleno dia,Crescente,Céu Claro,Simples,Declive;Curva,Não,1,0,1,0,0,0,1,1,-26.508697,-53.51299091,SPRF-SC,DEL07-SC,UOP03-DEL07-SC,2024
"621614,0",2024-08-16,sexta-feira,18:50:00,SC,101,"132,0",BALNEARIO CAMBORIU,Ausência de reação do condutor,Tombamento,Com Vítimas Feridas,Anoitecer,Decrescente,Nublado,Múltipla,Reta,Sim,1,0,1,0,0,0,1,1,-26.99654133,-48.65564711,SPRF-SC,DEL04-SC,UOP03-DEL04-SC,2024
"621616,0",2024-08-16,sexta-feira,18:30:00,SC,470,"250,0",CURITIBANOS,Acessar a via sem observar a presença dos outros veículos,Colisão transversal,Com Vítimas Feridas,Anoitecer,Crescente,Céu Claro,Simples,Reta,Sim,5,0,1,0,4,0,1,2,-27.3121434,-50.58668196,SPRF-SC,DEL05-SC,UOP03-DEL05-SC,2024
"621630,0",2024-08-16,sexta-feira,19:00:00,SC,101,"327,2",CAPIVARI DE BAIXO,Desrespeitar a preferência no cruzamento,Colisão lateral mesmo sentido,Com Vítimas Feridas,Plena Noite,Crescente,Céu Claro,Múltipla,Declive;Reta;Rotatória,Sim,2,0,1,0,1,0,1,2,-28.43023306,-48.95205197,SPRF-SC,DEL02-SC,UOP01-DEL02-SC,2024
"621635,0",2024-08-16,sexta-feira,19:05:00,SC,470,"176,0",POUSO REDONDO,Conversão proibida,Colisão transversal,Com Vítimas Feridas,Plena Noite,Decrescente,Céu Claro,Simples,Reta,Não,3,0,1,0,2,0,1,2,-27.254238,-49.948658,SPRF-SC,DEL04-SC,UOP02-DEL04-SC,2024
"621696,0",2024-08-17,sábado,04:30:00,SC,280,"57,5",GUARAMIRIM,Acessar a via sem observar a presença dos outros veículos,Colisão transversal,Com Vítimas Feridas,Plena Noite,Crescente,Nevoeiro/Neblina,Dupla,Rotatória,Sim,2,0,0,1,1,0,1,2,-26.47811421,-49.01259213,SPRF-SC,DEL03-SC,UOP03-DEL03-SC,2024
"621698,0",2024-08-17,sábado,04:30:00,SC,280,"58,3",GUARAMIRIM,Ingestão de substâncias psicoativas pelo condutor,Capotamento,Com Vítimas Feridas,Amanhecer,Decrescente,Nublado,Dupla,Reta,Sim,2,0,2,0,0,0,2,1,-26.47415593,-49.021211,SPRF-SC,DEL03-SC,UOP03-DEL03-SC,2024
"621702,0",2024-08-17,sábado,02:29:00,SC,470,"4,4",NAVEGANTES,Ausência de reação do condutor,Tombamento,Com Vítimas Feridas,Plena Noite,Crescente,Nublado,Dupla,Reta,Não,2,0,2,0,0,0,2,1,-26.858473,-48.690788,SPRF-SC,DEL04-SC,UOP04-DEL04-SC,2024
"621713,0",2024-08-16,sexta-feira,23:00:00,SC,163,"107,7",GUARUJA DO SUL,Ausência de reação do condutor,Saída de leito carroçável,Sem Vítimas,Plena Noite,Decrescente,Céu Claro,Simples,Reta;Declive,Não,1,0,0,0,0,1,0,1,-26.42911689,-53.52001976,SPRF-SC,DEL07-SC,UOP03-DEL07-SC,2024
"621746,0",2024-08-17,sábado,05:30:00,SC,282,"616,0",IRACEMINHA,Ingestão de álcool pelo condutor,Saída de leito carroçável,Com Vítimas Feridas,Amanhecer,Decrescente,Céu Claro,Simples,Curva,Não,1,0,0,1,0,0,1,1,-26.781301,-53.27676,SPRF-SC,DEL07-SC,UOP02-DEL07-SC,2024
"621774,0",2024-08-17,sábado,10:00:00,SC,282,"346,0",CAMPOS NOVOS,Transitar na contramão,Colisão frontal,Com Vítimas Feridas,Pleno dia,Crescente,Céu Claro,Simples,Reta,Não,3,0,2,1,0,0,3,2,-27.365206,-51.263924,SPRF-SC,DEL07-SC,UOP06-DEL07-SC,2024
"621775,0",2024-08-17,sábado,08:25:00,SC,101,"364,3",SANGAO,Mal súbito do condutor,Saída de leito carroçável,Com Vítimas Feridas,Pleno dia,Crescente,Nublado,Dupla,Reta,Não,1,0,1,0,0,0,1,1,-28.6853435,-49.15306807,SPRF-SC,DEL02-SC,UOP01-DEL02-SC,2024
"621779,0",2024-08-17,sábado,10:10:00,SC,101,"40,7",JOINVILLE,Condutor Dormindo,Tombamento,Com Vítimas Feridas,Pleno dia,Crescente,Céu Claro,Dupla,Curva,Sim,1,0,1,0,0,0,1,1,-26.27176094,-48.89468382,SPRF-SC,DEL03-SC,UOP01-DEL03-SC,2024
"621812,0",2024-06-28,sexta-feira,07:10:00,SC,470,"54,1",BLUMENAU,Acesso irregular,Colisão transversal,Com Vítimas Feridas,Pleno dia,Crescente,Céu Claro,Simples,Reta,Sim,2,0,0,1,1,0,1,2,-26.871065,-49.110374,SPRF-SC,DEL04-SC,UOP01-DEL04-SC,2024
"621847,0",2024-08-17,sábado,16:06:00,SC,280,"119,0",SAO BENTO DO SUL,Acessar a via sem observar a presença dos outros veículos,Colisão transversal,Com Vítimas Feridas,Pleno dia,Decrescente,Céu Claro,Simples,Curva,Não,3,0,1,0,2,0,1,2,-26.26519673,-49.434177,SPRF-SC,DEL06-SC,UOP03-DEL06-SC,2024
"621856,0",2024-08-17,sábado,16:00:00,SC,101,"124,0",ITAJAI,Manobra de mudança de faixa,Colisão lateral mesmo sentido,Com Vítimas Feridas,Pleno dia,Crescente,Nublado,Dupla,Reta,Não,4,0,0,2,2,0,2,3,-26.94335064,-48.69198648,SPRF-SC,DEL04-SC,UOP04-DEL04-SC,2024
"621868,0",2024-08-17,sábado,17:50:00,SC,470,"162,0",TROMBUDO CENTRAL,Ausência de reação do condutor,Colisão transversal,Com Vítimas Fatais,Anoitecer,Crescente,Nublado,Simples,Interseção de Vias;Reta;Aclive,Não,3,1,0,2,0,0,2,2,-27.2815083,-49.8188188,SPRF-SC,DEL04-SC,UOP02-DEL04-SC,2024
"621873,0",2024-08-17,sábado,18:45:00,SC,101,"212,7",PALHOCA,Ingestão de álcool pelo condutor,Queda de ocupante de veículo,Com Vítimas Feridas,Plena Noite,Crescente,Céu Claro,Múltipla,Reta,Não,2,0,2,0,0,0,2,1,-27.62996929,-48.65903871,SPRF-SC,DEL01-SC,UOP02-DEL01-SC,2024
"621882,0",2024-08-17,sábado,16:40:00,SC,153,"115,8",CONCORDIA,Velocidade Incompatível,Saída de leito carroçável,Com Vítimas Fatais,Pleno dia,Decrescente,Céu Claro,Simples,Curva,Não,1,1,0,0,0,0,0,1,-27.3595617,-51.98881745,SPRF-SC,DEL07-SC,UOP04-DEL07-SC,2024
"621898,0",2024-08-17,sábado,20:26:00,SC,470,"70,0",INDAIAL,Conversão proibida,Saída de leito carroçável,Sem Vítimas,Plena Noite,Decrescente,Céu Claro,Simples,Em Obras,Sim,1,0,0,0,0,1,0,1,-26.889374,-49.254478,SPRF-SC,DEL04-SC,UOP01-DEL04-SC,2024
"621902,0",2024-08-17,sábado,19:10:00,SC,280,"46,2",GUARAMIRIM,Ingestão de álcool pelo condutor,Saída de leito carroçável,Com Vítimas Feridas,Plena Noite,Decrescente,Céu Claro,Simples,Reta,Não,2,0,1,0,1,0,1,1,-26.45295055,-48.90788103,SPRF-SC,DEL03-SC,UOP03-DEL03-SC,2024
"621911,0",2024-08-17,sábado,19:45:00,SC,282,"328,6",CAMPOS NOVOS,Ingestão de álcool pelo condutor,Saída de leito carroçável,Com Vítimas Feridas,Plena Noite,Crescente,Céu Claro,Simples,Reta,Não,1,0,1,0,0,0,1,1,-27.37558,-51.088852,SPRF-SC,DEL07-SC,UOP06-DEL07-SC,2024
"621938,0",2024-08-17,sábado,23:10:00,SC,280,"127,5",RIO NEGRINHO,Ingestão de álcool pelo condutor,Colisão com objeto,Com Vítimas Feridas,Plena Noite,Crescente,Céu Claro,Simples,Reta;Declive,Sim,1,0,1,0,0,0,1,1,-26.23943953,-49.50420708,SPRF-SC,DEL06-SC,UOP03-DEL06-SC,2024
"621939,0",2024-08-17,sábado,21:10:00,SC,280,"75,0",JARAGUA DO SUL,Transitar na contramão,Colisão lateral sentido oposto,Com Vítimas Feridas,Plena Noite,Decrescente,Nublado,Simples,Reta,Sim,5,0,1,0,4,0,1,2,-26.458391,-49.170483,SPRF-SC,DEL03-SC,UOP03-DEL03-SC,2024
"621944,0",2024-08-18,domingo,00:30:00,SC,101,"434,4",SOMBRIO,Desrespeitar a preferência no cruzamento,Colisão transversal,Sem Vítimas,Plena Noite,Crescente,Céu Claro,Simples,Interseção de Vias,Sim,2,0,0,0,2,0,0,2,-29.10336113,-49.63620901,SPRF-SC,DEL02-SC,UOP02-DEL02-SC,2024
"621948,0",2024-08-18,domingo,01:10:00,SC,101,"199,0",BIGUACU,Ausência de reação do condutor,Colisão com objeto,Com Vítimas Feridas,Plena Noite,Decrescente,Céu Claro,Múltipla,Reta,Não,1,0,1,0,0,0,1,1,-27.53413705,-48.63003205,SPRF-SC,DEL01-SC,UOP01-DEL01-SC,2024
"621950,0",2024-08-18,domingo,00:40:00,SC,470,"71,7",INDAIAL,Ingestão de álcool pelo condutor,Saída de leito carroçável,Sem Vítimas,Plena Noite,Crescente,Céu Claro,Dupla,Reta,Sim,1,0,0,0,1,0,0,1,-26.895243,-49.262104,SPRF-SC,DEL04-SC,UOP01-DEL04-SC,2024
"621953,0",2024-08-18,domingo,01:15:00,SC,470,"51,0",BLUMENAU,Ingestão de álcool pelo condutor,Capotamento,Sem Vítimas,Plena Noite,Decrescente,Céu Claro,Dupla,Reta,Não,1,0,0,0,1,0,0,1,-26.862339,-49.084038,SPRF-SC,DEL04-SC,UOP01-DEL04-SC,2024
"621954,0",2024-08-18,domingo,01:30:00,SC,101,"273,1",IMBITUBA,Reação tardia ou ineficiente do condutor,Tombamento,Com Vítimas Feridas,Plena Noite,Crescente,Céu Claro,Múltipla,Reta,Sim,1,0,0,1,0,0,1,1,-28.12382408,-48.69625015,SPRF-SC,DEL02-SC,UOP03-DEL02-SC,2024
"621970,0",2024-08-18,domingo,03:20:00,SC,282,"642,8",SAO MIGUEL DO OESTE,Ausência de reação do condutor,Saída de leito carroçável,Com Vítimas Feridas,Plena Noite,Crescente,Céu Claro,Simples,Declive;Reta,Não,1,0,0,1,0,0,1,1,-26.76900476,-53.46987963,SPRF-SC,DEL07-SC,UOP03-DEL07-SC,2024
"621976,0",2024-08-18,domingo,03:00:00,SC,101,"293,2",IMBITUBA,Iluminação deficiente,Colisão traseira,Com Vítimas Fatais,Plena Noite,Crescente,Céu Claro,Dupla,Reta,Não,6,1,0,0,5,0,0,2,-28.3053025,-48.7209146,SPRF-SC,DEL02-SC,UOP03-DEL02-SC,2024
"621979,0",2024-08-18,domingo,04:50:00,SC,101,"152,3",PORTO BELO,Ausência de reação do condutor,Saída de leito carroçável,Sem Vítimas,Plena Noite,Decrescente,Céu Claro,Múltipla,Reta,Não,1,0,0,0,1,0,0,1,-27.13563503,-48.61004665,SPRF-SC,DEL04-SC,UOP03-DEL04-SC,2024
"621980,0",2024-08-18,domingo,06:00:00,SC,116,"0,3",MAFRA,Condutor deixou de manter distância do veículo da frente,Colisão traseira,Com Vítimas Feridas,Amanhecer,Crescente,Nublado,Simples,Aclive;Reta,Sim,3,0,1,0,1,1,1,2,-26.108942,-49.784187,SPRF-SC,DEL06-SC,UOP01-DEL06-SC,2024
"621985,0",2024-08-18,domingo,00:35:00,SC,101,"433,7",SOMBRIO,Reação tardia ou ineficiente do condutor,Saída de leito carroçável,Sem Vítimas,Plena Noite,Decrescente,Ignorado,Dupla,Reta,Sim,1,0,0,0,1,0,0,1,-29.08200809,-49.6297237,SPRF-SC,DEL02-SC,UOP02-DEL02-SC,2024
"621994,0",2024-08-18,domingo,06:50:00,SC,470,"41,7",GASPAR,Ingestão de álcool pelo condutor,Colisão lateral sentido oposto,Sem Vítimas,Pleno dia,Decrescente,Céu Claro,Simples,Reta,Sim,4,0,0,0,4,0,0,2,-26.88390258,-48.99544001,SPRF-SC,DEL04-SC,UOP01-DEL04-SC,2024
"622026,0",2024-08-18,domingo,09:30:00,SC,101,"12,8",GARUVA,Reação tardia ou ineficiente do condutor,Queda de ocupante de veículo,Com Vítimas Feridas,Pleno dia,Decrescente,Céu Claro,Dupla,Reta,Não,1,0,1,0,0,0,1,1,-26.08104399,-48.86175612,SPRF-SC,DEL03-SC,UOP01-DEL03-SC,2024
"622040,0",2024-08-18,domingo,11:00:00,SC,101,"233,5",PALHOCA,Velocidade Incompatível,Colisão com objeto,Com Vítimas Feridas,Pleno dia,Crescente,Nublado,Dupla,Curva,Não,1,0,0,1,0,0,1,1,-27.80376397,-48.63826211,SPRF-SC,DEL01-SC,UOP02-DEL01-SC,2024
"622055,0",2024-08-18,domingo,14:52:00,SC,101,"194,9",BIGUACU,Condutor deixou de manter distância do veículo da frente,Colisão traseira,Sem Vítimas,Pleno dia,Crescente,Nevoeiro/Neblina,Dupla,Reta,Sim,2,0,0,0,2,0,0,2,-27.49815117,-48.65661236,SPRF-SC,DEL01-SC,UOP01-DEL01-SC,2024
"622058,0",2024-08-18,domingo,12:30:00,SC,101,"277,0",IMBITUBA,Ausência de reação do condutor,Queda de ocupante de veículo,Com Vítimas Feridas,Pleno dia,Decrescente,Céu Claro,Múltipla,Reta,Não,2,0,1,0,1,0,1,1,-28.15478103,-48.69265474,SPRF-SC,DEL02-SC,UOP03-DEL02-SC,2024
"622063,0",2024-08-18,domingo,14:10:00,SC,101,"195,7",BIGUACU,Manobra de mudança de faixa,Colisão lateral mesmo sentido,Com Vítimas Feridas,Pleno dia,Crescente,Céu Claro,Dupla,Reta;Interseção de Vias,Sim,3,0,1,0,1,1,1,3,-27.5047092,-48.65010819,SPRF-SC,DEL01-SC,UOP01-DEL01-SC,2024
"622067,0",2024-08-18,domingo,15:10:00,SC,101,"217,2",PALHOCA,Condutor deixou de manter distância do veículo da frente,Colisão traseira,Com Vítimas Feridas,Pleno dia,Decrescente,Céu Claro,Dupla,Reta,Não,2,0,1,0,1,0,1,2,-27.66779034,-48.67393586,SPRF-SC,DEL01-SC,UOP02-DEL01-SC,2024
"622083,0",2024-08-18,domingo,16:40:00,SC,101,"113,3",ITAJAI,Ausência de reação do condutor,Colisão traseira,Sem Vítimas,Pleno dia,Decrescente,Nublado,Múltipla,Reta,Não,2,0,0,0,2,0,0,2,-26.85311393,-48.72689927,SPRF-SC,DEL04-SC,UOP04-DEL04-SC,2024
"622097,0",2024-08-18,domingo,17:00:00,SC,101,"129,0",BALNEARIO CAMBORIU,Ausência de reação do condutor,Tombamento,Com Vítimas Feridas,Pleno dia,Decrescente,Nublado,Dupla,Curva,Sim,1,0,1,0,0,0,1,1,-26.98064277,-48.6790679,SPRF-SC,DEL04-SC,UOP03-DEL04-SC,2024
"622103,0",2024-08-18,domingo,17:30:00,SC,470,"58,5",BLUMENAU,Trafegar com motocicleta (ou similar) entre as faixas,Colisão transversal,Com Vítimas Feridas,Pleno dia,Decrescente,Céu Claro,Simples,Curva,Sim,2,0,1,0,1,0,1,2,-26.88403835,-49.15073991,SPRF-SC,DEL04-SC,UOP01-DEL04-SC,2024
"622104,0",2024-08-18,domingo,17:20:00,SC,101,"167,0",TIJUCAS,Avarias e/ou desgaste excessivo no pneu,Tombamento,Com Vítimas Feridas,Anoitecer,Crescente,Céu Claro,Dupla,Reta,Não,1,0,1,0,0,0,1,1,-27.27029501,-48.63176618,SPRF-SC,DEL04-SC,UOP03-DEL04-SC,2024
"622109,0",2024-08-18,domingo,18:20:00,SC,282,"606,0",MARAVILHA,Acessar a via sem observar a presença dos outros veículos,Colisão transversal,Com Vítimas Feridas,Anoitecer,Crescente,Céu Claro,Simples,Reta,Não,2,0,1,0,1,0,1,2,-26.778643,-53.198692,SPRF-SC,DEL07-SC,UOP02-DEL07-SC,2024
"622131,0",2024-08-18,domingo,19:20:00,SC,101,"146,0",ITAPEMA,Manobra de mudança de faixa,Colisão lateral mesmo sentido,Com Vítimas Feridas,Plena Noite,Decrescente,Nublado,Dupla,Reta,Não,3,0,1,1,1,0,2,2,-27.08666525,-48.60955587,SPRF-SC,DEL04-SC,UOP03-DEL04-SC,2024
"622142,0",2024-08-18,domingo,18:50:00,SC,101,"387,9",CRICIUMA,Pedestre andava na pista,Atropelamento de Pedestre,Com Vítimas Feridas,Plena Noite,Crescente,Céu Claro,Múltipla,Reta,Não,2,0,0,1,1,0,1,2,-28.79752405,-49.35865402,SPRF-SC,DEL02-SC,UOP02-DEL02-SC,2024
"622153,0",2024-08-18,domingo,20:00:00,SC,101,"137,0",BALNEARIO CAMBORIU,Manobra de mudança de faixa,Colisão lateral mesmo sentido,Com Vítimas Feridas,Plena Noite,Decrescente,Nublado,Dupla,Reta,Sim,3,0,2,1,0,0,3,2,-27.0157238,-48.61192763,SPRF-SC,DEL04-SC,UOP03-DEL04-SC,2024
"622164,0",2024-08-18,domingo,20:50:00,SC,101,"216,3",PALHOCA,Manobra de mudança de faixa,Colisão lateral mesmo sentido,Com Vítimas Feridas,Plena Noite,Crescente,Céu Claro,Dupla,Reta,Não,2,0,2,0,0,0,2,2,-27.65981409,-48.67747798,SPRF-SC,DEL01-SC,UOP02-DEL01-SC,2024
"622167,0",2024-08-18,domingo,19:50:00,SC,101,"401,3",MARACAJA,Acessar a via sem observar a presença dos outros veículos,Colisão frontal,Com Vítimas Feridas,Plena Noite,Decrescente,Nublado,Múltipla,Reta,Sim,2,0,1,0,1,0,1,2,-28.85594274,-49.44019434,SPRF-SC,DEL02-SC,UOP02-DEL02-SC,2024
"622175,0",2024-08-18,domingo,20:40:00,SC,116,"247,0",LAGES,Velocidade Incompatível,Tombamento,Com Vítimas Feridas,Plena Noite,Decrescente,Céu Claro,Simples,Reta,Sim,2,0,2,0,0,0,2,1,-27.81262488,-50.36859817,SPRF-SC,DEL05-SC,UOP02-DEL05-SC,2024
"622186,0",2024-08-18,domingo,21:15:00,SC,282,"106,0",ALFREDO WAGNER,Ingestão de álcool pelo condutor,Colisão frontal,Com Vítimas Feridas,Plena Noite,Crescente,Céu Claro,Simples,Curva,Não,2,0,1,0,1,0,1,2,-27.697609,-49.344734,SPRF-SC,DEL01-SC,UOP03-DEL01-SC,2024
"622187,0",2024-08-18,domingo,21:50:00,SC,101,"204,0",SAO JOSE,Condutor deixou de manter distância do veículo da frente,Colisão traseira,Com Vítimas Feridas,Plena Noite,Decrescente,Céu Claro,Dupla,Reta,Não,2,0,1,0,1,0,1,2,-27.57413014,-48.61363083,SPRF-SC,DEL01-SC,UOP01-DEL01-SC,2024
"622211,0",2024-08-19,segunda-feira,01:40:00,SC,280,"8,0",SAO FRANCISCO DO SUL,Ausência de reação do condutor,Colisão com objeto,Com Vítimas Feridas,Plena Noite,Crescente,Nevoeiro/Neblina,Simples,Aclive;Curva,Sim,1,0,1,0,0,0,1,1,-26.28788296,-48.64601559,SPRF-SC,DEL03-SC,UOP03-DEL03-SC,2024
"622222,0",2024-08-19,segunda-feira,04:39:00,SC,101,"194,0",BIGUACU,Acessar a via sem observar a presença dos outros veículos,Colisão transversal,Com Vítimas Feridas,Plena Noite,Crescente,Nevoeiro/Neblina,Dupla,Interseção de Vias;Reta,Sim,2,0,1,0,0,1,1,2,-27.49815117,-48.65661236,SPRF-SC,DEL01-SC,UOP01-DEL01-SC,2024
"622228,0",2024-06-05,quarta-feira,17:00:00,SC,101,"208,0",SAO JOSE,Reação tardia ou ineficiente do condutor,Colisão lateral mesmo sentido,Com Vítimas Feridas,Pleno dia,Crescente,Ignorado,Múltipla,Viaduto,Sim,2,0,1,0,1,0,1,2,-27.60327979,-48.63201818,SPRF-SC,DEL01-SC,UOP01-DEL01-SC,2024
"622234,0",2024-08-19,segunda-feira,06:15:00,SC,470,"36,2",GASPAR,Reação tardia ou ineficiente do condutor,Colisão lateral mesmo sentido,Com Vítimas Feridas,Amanhecer,Decrescente,Nublado,Simples,Reta,Sim,2,0,1,0,0,1,1,2,-26.91460844,-48.97056526,SPRF-SC,DEL04-SC,UOP01-DEL04-SC,2024
"622249,0",2024-08-19,segunda-feira,07:20:00,SC,470,"140,0",RIO DO SUL,Conversão proibida,Colisão transversal,Com Vítimas Feridas,Pleno dia,Decrescente,Céu Claro,Simples,Reta,Sim,3,0,1,0,2,0,1,2,-27.222485,-49.662827,SPRF-SC,DEL04-SC,UOP02-DEL04-SC,2024
"622263,0",2024-08-19,segunda-feira,08:45:00,SC,101,"209,6",SAO JOSE,Ausência de reação do condutor,Colisão traseira,Com Vítimas Feridas,Pleno dia,Crescente,Céu Claro,Múltipla,Reta,Sim,2,0,1,0,1,0,1,2,-27.61000542,-48.63895057,SPRF-SC,DEL01-SC,UOP01-DEL01-SC,2024
"622283,0",2024-08-19,segunda-feira,06:55:00,SC,280,"4,0",SAO FRANCISCO DO SUL,Pista Escorregadia,Colisão transversal,Com Vítimas Feridas,Pleno dia,Crescente,Céu Claro,Simples,Reta,Sim,2,0,1,0,1,0,1,2,-26.25329566,-48.61916042,SPRF-SC,DEL03-SC,UOP03-DEL03-SC,2024
"622327,0",2024-08-19,segunda-feira,15:15:00,SC,101,"213,4",PALHOCA,Demais falhas mecânicas ou elétricas,Incêndio,Sem Vítimas,Pleno dia,Decrescente,Céu Claro,Dupla,Viaduto,Sim,1,0,0,0,1,0,0,1,-27.64443,-48.67057,SPRF-SC,DEL01-SC,UOP02-DEL01-SC,2024
"622329,0",2024-08-19,segunda-feira,15:15:00,SC,280,"29,0",ARAQUARI,Reação tardia ou ineficiente do condutor,Colisão traseira,Com Vítimas Feridas,Pleno dia,Crescente,Céu Claro,Simples,Reta,Não,4,0,1,0,3,0,1,3,-26.41066264,-48.75295628,SPRF-SC,DEL03-SC,UOP03-DEL03-SC,2024
"622340,0",2024-08-19,segunda-feira,16:30:00,SC,101,"207,4",SAO JOSE,Reação tardia ou ineficiente do condutor,Colisão lateral mesmo sentido,Com Vítimas Feridas,Pleno dia,Crescente,Nublado,Múltipla,Reta,Sim,3,0,2,0,1,0,2,2,-27.60001226,-48.6226467,SPRF-SC,DEL01-SC,UOP01-DEL01-SC,2024
"622353,0",2024-08-19,segunda-feira,17:20:00,SC,280,"28,0",ARAQUARI,Acessar a via sem observar a presença dos outros veículos,Colisão transversal,Com Vítimas Feridas,Pleno dia,Crescente,Céu Claro,Simples,Reta,Não,2,0,1,0,1,0,1,2,-26.40450077,-48.74561031,SPRF-SC,DEL03-SC,UOP03-DEL03-SC,2024
"622356,0",2024-08-19,segunda-feira,17:10:00,SC,282,"5,0",SAO JOSE,Reação tardia ou ineficiente do condutor,Colisão lateral mesmo sentido,Com Vítimas Feridas,Pleno dia,Crescente,Céu Claro,Múltipla,Reta,Sim,2,0,1,0,1,0,1,2,-27.588425,-48.612919,SPRF-SC,DEL01-SC,UOP01-DEL01-SC,2024
"622357,0",2024-07-03,quarta-feira,07:20:00,SC,282,"2,5",FLORIANOPOLIS,Condutor deixou de manter distância do veículo da frente,Colisão traseira,Com Vítimas Feridas,Pleno dia,Decrescente,Céu Claro,Múltipla,Reta,Sim,2,0,1,0,1,0,1,2,-27.603289,-48.590416,SPRF-SC,DEL01-SC,UOP01-DEL01-SC,2024
"622358,0",2024-08-19,segunda-feira,18:00:00,SC,101,"31,0",JOINVILLE,Manobra de mudança de faixa,Colisão traseira,Com Vítimas Feridas,Anoitecer,Crescente,Sol,Dupla,Reta,Não,2,0,1,0,1,0,1,2,-26.246095,-48.910037,SPRF-SC,DEL03-SC,UOP01-DEL03-SC,2024