id,data_inversa,dia_semana,horario,uf,br,km,municipio,causa_acidente,tipo_acidente,classificacao_acidente,fase_dia,sentido_via,condicao_metereologica,tipo_pista,tracado_via,uso_solo,pessoas,mortos,feridos_leves,feridos_graves,ilesos,ignorados,feridos,veiculos,latitude,longitude,regional,delegacia,uop,ano_arquivo
"623382,0",2024-08-24,sábado,19:00:00,SC,101,"213,0",PALHOCA,Reação tardia ou ineficiente do condutor,Colisão com objeto,Com Vítimas Feridas,Plena Noite,Decrescente,Céu Claro,Múltipla,Reta;Interseção de Vias,Sim,2,0,1,0,1,0,1,2,-27.6372595,-48.66510987,SPRF-SC,DEL01-SC,UOP02-DEL01-SC,2024
"623388,0",2024-08-24,sábado,19:00:00,SC,101,"130,4",BALNEARIO CAMBORIU,Pedestre andava na pista,Atropelamento de Pedestre,Com Vítimas Feridas,Anoitecer,Crescente,Nublado,Dupla,Reta,Sim,2,0,1,0,1,0,1,2,-26.98407618,-48.66977107,SPRF-SC,DEL04-SC,UOP03-DEL04-SC,2024
"623393,0",2024-08-24,sábado,19:15:00,SC,101,"124,0",ITAJAI,Reação tardia ou ineficiente do condutor,Colisão traseira,Com Vítimas Feridas,Plena Noite,Decrescente,Céu Claro,Múltipla,Reta,Não,2,0,0,1,1,0,1,2,-26.94335064,-48.69198648,SPRF-SC,DEL04-SC,UOP04-DEL04-SC,2024
"623395,0",2024-08-24,sábado,08:00:00,SC,101,"21,0",JOINVILLE,Reação tardia ou ineficiente do condutor,Saída de leito carroçável,Sem Vítimas,Pleno dia,Crescente,Chuva,Dupla,Curva,Sim,1,0,0,0,1,0,0,1,-26.14793022,-48.90894562,SPRF-SC,DEL03-SC,UOP01-DEL03-SC,2024
"623400,0",2024-08-24,sábado,19:54:00,SC,280,"57,3",GUARAMIRIM,Retorno proibido,Colisão transversal,Com Vítimas Feridas,Plena Noite,Decrescente,Chuva,Dupla,Reta,Sim,2,0,1,0,1,0,1,2,-26.47811421,-49.01259213,SPRF-SC,DEL03-SC,UOP03-DEL03-SC,2024
"623406,0",2024-08-24,sábado,20:50:00,SC,101,"207,0",SAO JOSE,Trafegar com motocicleta (ou similar) entre as faixas,Colisão lateral mesmo sentido,Com Vítimas Feridas,Plena Noite,Crescente,Nublado,Múltipla,Declive;Reta,Sim,1,0,0,1,0,0,1,1,-27.60001226,-48.6226467,SPRF-SC,DEL01-SC,UOP01-DEL01-SC,2024
"623411,0",2024-08-24,sábado,20:25:00,SC,470,"65,0",INDAIAL,Acesso irregular,Colisão lateral mesmo sentido,Com Vítimas Feridas,Plena Noite,Decrescente,Chuva,Simples,Reta;Em Obras,Não,5,0,2,0,3,0,2,2,-26.870407,-49.221844,SPRF-SC,DEL04-SC,UOP01-DEL04-SC,2024
"623438,0",2024-08-24,sábado,10:15:00,SC,282,"307,7",VARGEM,Reação tardia ou ineficiente do condutor,Colisão com objeto,Com Vítimas Feridas,Pleno dia,Crescente,Chuva,Simples,Declive;Curva,Não,2,0,1,0,1,0,1,1,-27.495266,-50.962605,SPRF-SC,DEL07-SC,UOP06-DEL07-SC,2024
"623448,0",2024-08-24,sábado,21:55:00,SC,282,"362,0",ERVAL VELHO,Ingestão de álcool pelo condutor,Saída de leito carroçável,Com Vítimas Feridas,Plena Noite,Crescente,Céu Claro,Simples,Reta;Aclive,Não,2,0,1,0,1,0,1,1,-27.305356,-51.380561,SPRF-SC,DEL07-SC,UOP05-DEL07-SC,2024
"623451,0",2024-08-24,sábado,17:40:00,SC,282,"137,3",BOM RETIRO,Velocidade Incompatível,Saída de leito carroçável,Com Vítimas Feridas,Plena Noite,Decrescente,Garoa/Chuvisco,Simples,Rotatória,Não,5,0,4,0,1,0,4,1,-27.82268113,-49.56938982,SPRF-SC,DEL05-SC,UOP01-DEL05-SC,2024
"623463,0",2024-08-25,domingo,01:30:00,SC,470,"69,0",INDAIAL,Ausência de reação do condutor,Colisão com objeto,Com Vítimas Feridas,Plena Noite,Crescente,Céu Claro,Dupla,Em Obras,Sim,1,0,1,0,0,0,1,1,-26.883745,-49.246704,SPRF-SC,DEL04-SC,UOP01-DEL04-SC,2024
"623468,0",2024-08-25,domingo,01:50:00,SC,101,"359,0",SANGAO,Ausência de reação do condutor,Saída de leito carroçável,Sem Vítimas,Plena Noite,Crescente,Nublado,Múltipla,Reta;Aclive,Não,1,0,0,0,0,1,0,1,-28.65057609,-49.10516385,SPRF-SC,DEL02-SC,UOP01-DEL02-SC,2024
"623484,0",2024-08-25,domingo,04:45:00,SC,163,"72,5",SAO MIGUEL DO OESTE,Ingestão de álcool pelo condutor,Saída de leito carroçável,Com Vítimas Feridas,Anoitecer,Crescente,Nublado,Dupla,Curva,Sim,3,0,2,0,1,0,2,1,-26.71908804,-53.5157791,SPRF-SC,DEL07-SC,UOP03-DEL07-SC,2024
"623486,0",2024-08-25,domingo,05:00:00,SC,116,"36,0",ITAIOPOLIS,Demais falhas mecânicas ou elétricas,Incêndio,Sem Vítimas,Amanhecer,Crescente,Nublado,Simples,Reta,Não,1,0,0,0,0,1,0,1,-26.3385056,-50.01471809,SPRF-SC,DEL06-SC,UOP01-DEL06-SC,2024
"623492,0",2024-08-25,domingo,06:15:00,SC,101,"128,8",BALNEARIO CAMBORIU,Ingestão de álcool pelo condutor,Colisão frontal,Com Vítimas Feridas,Amanhecer,Decrescente,Nublado,Dupla,Curva,Sim,2,0,1,1,0,0,2,2,-26.97284292,-48.68299451,SPRF-SC,DEL04-SC,UOP03-DEL04-SC,2024
"623493,0",2024-08-24,sábado,12:10:00,SC,153,"63,0",IRANI,Acessar a via sem observar a presença dos outros veículos,Colisão transversal,Com Vítimas Feridas,Pleno dia,Crescente,Nevoeiro/Neblina,Simples,Reta,Sim,3,0,2,0,1,0,2,2,-26.994884,-51.87051,SPRF-SC,DEL07-SC,UOP04-DEL07-SC,2024
"623520,0",2024-08-25,domingo,10:20:00,SC,282,"45,0",AGUAS MORNAS,Demais falhas mecânicas ou elétricas,Tombamento,Com Vítimas Feridas,Pleno dia,Decrescente,Céu Claro,Simples,Reta;Declive,Não,1,0,1,0,0,0,1,1,-27.719851,-48.916126,SPRF-SC,DEL01-SC,UOP03-DEL01-SC,2024
"623521,0",2024-08-25,domingo,10:25:00,SC,280,"81,8",CORUPA,Acessar a via sem observar a presença dos outros veículos,Colisão frontal,Com Vítimas Feridas,Pleno dia,Crescente,Céu Claro,Simples,Reta,Não,2,0,1,0,1,0,1,2,-26.44057489,-49.217056,SPRF-SC,DEL06-SC,UOP03-DEL06-SC,2024
"623524,0",2024-08-25,domingo,11:15:00,SC,470,"58,0",BLUMENAU,Trafegar com motocicleta (ou similar) entre as faixas,Colisão lateral mesmo sentido,Com Vítimas Feridas,Pleno dia,Crescente,Céu Claro,Simples,Reta,Sim,3,0,2,0,1,0,2,2,-26.883879,-49.145622,SPRF-SC,DEL04-SC,UOP01-DEL04-SC,2024
"623541,0",2024-08-25,domingo,13:40:00,SC,101,"335,0",TUBARAO,Manobra de mudança de faixa,Colisão traseira,Sem Vítimas,Pleno dia,Crescente,Céu Claro,Dupla,Reta;Ponte,Não,3,0,0,0,3,0,0,3,-28.48154562,-49.03477192,SPRF-SC,DEL02-SC,UOP01-DEL02-SC,2024
"623561,0",2024-08-25,domingo,15:00:00,SC,101,"134,2",BALNEARIO CAMBORIU,Condutor usando celular,Colisão transversal,Com Vítimas Feridas,Pleno dia,Crescente,Céu Claro,Simples,Declive,Sim,2,0,1,0,1,0,1,2,-27.00218,-48.636433,SPRF-SC,DEL04-SC,UOP03-DEL04-SC,2024
"623565,0",2024-08-25,domingo,14:40:00,SC,470,"242,1",CURITIBANOS,Reação tardia ou ineficiente do condutor,Saída de leito carroçável,Com Vítimas Feridas,Pleno dia,Crescente,Céu Claro,Simples,Curva,Não,1,0,1,0,0,0,1,1,-27.311794,-50.498703,SPRF-SC,DEL05-SC,UOP03-DEL05-SC,2024
"623567,0",2024-08-25,domingo,12:30:00,SC,101,"319,0",PESCARIA BRAVA,Avarias e/ou desgaste excessivo no pneu,Tombamento,Com Vítimas Feridas,Pleno dia,Crescente,Céu Claro,Dupla,Reta,Sim,1,0,1,0,0,0,1,1,-28.42978736,-48.87148792,SPRF-SC,DEL02-SC,UOP01-DEL02-SC,2024
"623571,0",2024-08-25,domingo,15:00:00,SC,282,"110,0",ALFREDO WAGNER,Velocidade Incompatível,Saída de leito carroçável,Sem Vítimas,Pleno dia,Decrescente,Céu Claro,Simples,Curva;Declive,Não,1,0,0,0,1,0,0,1,-27.727324,-49.360542,SPRF-SC,DEL01-SC,UOP03-DEL01-SC,2024
"623604,0",2024-08-25,domingo,14:40:00,SC,101,"331,0",TUBARAO,Manobra de mudança de faixa,Colisão lateral mesmo sentido,Com Vítimas Feridas,Pleno dia,Crescente,Céu Claro,Dupla,Curva;Declive,Sim,2,0,0,1,1,0,1,2,-28.45567521,-48.9812689,SPRF-SC,DEL02-SC,UOP01-DEL02-SC,2024
"623614,0",2024-08-25,domingo,17:08:00,SC,101,"6,0",BIGUACU,Reação tardia ou ineficiente do condutor,Saída de leito carroçável,Com Vítimas Feridas,Pleno dia,Crescente,Sol,Múltipla,Reta,Não,1,0,1,0,0,0,1,1,-27.4946,-48.6561,SPRF-SC,DEL01-SC,UOP01-DEL01-SC,2024
"623621,0",2024-08-25,domingo,19:35:00,SC,101,"211,8",PALHOCA,Acessar a via sem observar a presença dos outros veículos,Colisão lateral mesmo sentido,Sem Vítimas,Plena Noite,Crescente,Céu Claro,Múltipla,Reta,Sim,2,0,0,0,1,1,0,2,-27.62329313,-48.65245588,SPRF-SC,DEL01-SC,UOP02-DEL01-SC,2024
"623643,0",2024-08-25,domingo,21:00:00,SC,282,"586,7",PINHALZINHO,Velocidade Incompatível,Saída de leito carroçável,Sem Vítimas,Plena Noite,Decrescente,Nublado,Simples,Curva,Não,1,0,0,0,0,1,0,1,-26.832605,-53.03474,SPRF-SC,DEL07-SC,UOP02-DEL07-SC,2024
"623646,0",2024-08-25,domingo,20:00:00,SC,116,"51,6",PAPANDUVA,Velocidade Incompatível,Colisão com objeto,Sem Vítimas,Plena Noite,Decrescente,Céu Claro,Simples,Curva;Declive,Não,1,0,0,0,0,1,0,1,-26.38519214,-50.13765683,SPRF-SC,DEL06-SC,UOP01-DEL06-SC,2024
"623670,0",2024-08-26,segunda-feira,03:40:00,SC,101,"134,0",BALNEARIO CAMBORIU,Ingestão de álcool pelo condutor,Colisão com objeto,Sem Vítimas,Plena Noite,Crescente,Céu Claro,Dupla,Viaduto,Sim,1,0,0,0,1,0,0,1,-27.00218,-48.636433,SPRF-SC,DEL04-SC,UOP03-DEL04-SC,2024
"623696,0",2024-08-26,segunda-feira,07:20:00,SC,101,"119,5",ITAJAI,Ausência de reação do condutor,Tombamento,Com Vítimas Feridas,Amanhecer,Crescente,Céu Claro,Dupla,Reta,Sim,1,0,1,0,0,0,1,1,-26.9043179,-48.71555481,SPRF-SC,DEL04-SC,UOP04-DEL04-SC,2024
"623719,0",2024-08-26,segunda-feira,07:55:00,SC,101,"209,5",SAO JOSE,Trafegar com motocicleta (ou similar) entre as faixas,Colisão traseira,Com Vítimas Feridas,Pleno dia,Decrescente,Céu Claro,Múltipla,Reta,Sim,3,0,1,1,1,0,2,2,-27.6167305,-48.6457265,SPRF-SC,DEL01-SC,UOP01-DEL01-SC,2024
"623768,0",2024-08-26,segunda-feira,09:50:00,SC,101,"447,0",SANTA ROSA DO SUL,Manobra de mudança de faixa,Colisão lateral mesmo sentido,Com Vítimas Feridas,Pleno dia,Decrescente,Céu Claro,Múltipla,Reta,Não,2,0,1,0,1,0,1,2,-29.15289482,-49.72792624,SPRF-SC,DEL02-SC,UOP02-DEL02-SC,2024
"623773,0",2024-08-26,segunda-feira,08:00:00,SC,101,"2,2",ARARANGUA,Acessar a via sem observar a presença dos outros veículos,Colisão traseira,Com Vítimas Feridas,Pleno dia,Crescente,Céu Claro,Simples,Rotatória,Sim,2,0,1,0,1,0,1,2,-28.93982897,-49.49759245,SPRF-SC,DEL02-SC,UOP02-DEL02-SC,2024
"623774,0",2024-08-17,sábado,21:50:00,SC,282,"508,1",XANXERE,Acessar a via sem observar a presença dos outros veículos,Colisão transversal,Com Vítimas Feridas,Plena Noite,Decrescente,Céu Claro,Simples,Curva,Sim,6,0,1,1,2,2,2,3,-26.887014,-52.448372,SPRF-SC,DEL07-SC,UOP01-DEL07-SC,2024
"623777,0",2024-08-26,segunda-feira,13:15:00,SC,101,"207,9",SAO JOSE,Condutor deixou de manter distância do veículo da frente,Colisão traseira,Com Vítimas Feridas,Pleno dia,Decrescente,Céu Claro,Múltipla,Declive,Sim,3,0,2,0,1,0,2,2,-27.60001226,-48.6226467,SPRF-SC,DEL01-SC,UOP01-DEL01-SC,2024
"623793,0",2024-07-22,segunda-feira,13:20:00,SC,116,"245,0",LAGES,Desrespeitar a preferência no cruzamento,Colisão transversal,Com Vítimas Feridas,Pleno dia,Crescente,Céu Claro,Simples,Interseção de Vias,Sim,3,0,1,0,2,0,1,2,-27.79984885,-50.36332675,SPRF-SC,DEL05-SC,UOP01-DEL05-SC,2024
"623798,0",2024-08-26,segunda-feira,14:15:00,SC,282,"215,4",LAGES,Ausência de reação do condutor,Colisão traseira,Sem Vítimas,Pleno dia,Decrescente,Céu Claro,Simples,Rotatória,Sim,2,0,0,0,2,0,0,2,-27.79495207,-50.28459549,SPRF-SC,DEL05-SC,UOP01-DEL05-SC,2024
"623819,0",2024-08-26,segunda-feira,14:35:00,SC,101,"180,1",BIGUACU,Acessar a via sem observar a presença dos outros veículos,Colisão lateral mesmo sentido,Com Vítimas Feridas,Pleno dia,Decrescente,Céu Claro,Dupla,Curva,Não,3,0,1,0,0,2,1,3,-27.3811238,-48.63090648,SPRF-SC,DEL01-SC,UOP01-DEL01-SC,2024
"623854,0",2024-08-26,segunda-feira,18:05:00,SC,101,"434,2",SOMBRIO,Pedestre cruzava a pista fora da faixa,Atropelamento de Pedestre,Com Vítimas Fatais,Anoitecer,Crescente,Céu Claro,Múltipla,Reta,Sim,5,1,0,0,3,1,0,2,-29.10098941,-49.63537216,SPRF-SC,DEL02-SC,UOP02-DEL02-SC,2024
"623855,0",2024-08-26,segunda-feira,19:50:00,SC,101,"120,0",ITAJAI,Reação tardia ou ineficiente do condutor,Tombamento,Com Vítimas Feridas,Plena Noite,Decrescente,Céu Claro,Dupla,Reta,Não,1,0,1,0,0,0,1,1,-26.912758,-48.711998,SPRF-SC,DEL04-SC,UOP04-DEL04-SC,2024
"623875,0",2024-08-26,segunda-feira,21:20:00,SC,101,"206,8",SAO JOSE,Condutor desrespeitou a iluminação vermelha do semáforo,Colisão transversal,Com Vítimas Feridas,Plena Noite,Decrescente,Céu Claro,Simples,Interseção de Vias;Reta,Sim,2,0,1,0,1,0,1,2,-27.59193546,-48.61824557,SPRF-SC,DEL01-SC,UOP01-DEL01-SC,2024
"623879,0",2024-08-26,segunda-feira,21:30:00,SC,153,"66,4",IRANI,Acessar a via sem observar a presença dos outros veículos,Colisão transversal,Sem Vítimas,Plena Noite,Crescente,Nublado,Simples,Reta,Sim,2,0,0,0,2,0,0,2,-27.02845983,-51.88285232,SPRF-SC,DEL07-SC,UOP04-DEL07-SC,2024
"623887,0",2024-08-26,segunda-feira,14:45:00,SC,101,"43,6",JOINVILLE,Ausência de reação do condutor,Colisão traseira,Com Vítimas Feridas,Pleno dia,Crescente,Céu Claro,Simples,Reta,Sim,2,0,1,0,1,0,1,2,-26.3380348,-48.85957539,SPRF-SC,DEL03-SC,UOP01-DEL03-SC,2024
"623888,0",2024-08-27,terça-feira,00:20:00,SC,101,"44,5",JOINVILLE,Reação tardia ou ineficiente do condutor,Saída de leito carroçável,Com Vítimas Feridas,Plena Noite,Decrescente,Céu Claro,Simples,Reta,Não,1,0,0,1,0,0,1,1,-26.34404408,-48.85765493,SPRF-SC,DEL03-SC,UOP01-DEL03-SC,2024
"623890,0",2024-08-26,segunda-feira,20:30:00,SC,101,"451,2",SAO JOAO DO SUL,Reação tardia ou ineficiente do condutor,Tombamento,Com Vítimas Feridas,Plena Noite,Crescente,Céu Claro,Múltipla,Reta;Declive,Não,1,0,1,0,0,0,1,1,-29.18728853,-49.75497723,SPRF-SC,DEL02-SC,UOP02-DEL02-SC,2024
"623930,0",2024-08-27,terça-feira,08:00:00,SC,282,"2,4",FLORIANOPOLIS,Reação tardia ou ineficiente do condutor,Colisão lateral mesmo sentido,Sem Vítimas,Pleno dia,Decrescente,Céu Claro,Múltipla,Reta,Sim,2,0,0,0,2,0,0,2,-27.603289,-48.590416,SPRF-SC,DEL01-SC,UOP01-DEL01-SC,2024
"623959,0",2024-08-27,terça-feira,11:50:00,SC,280,"128,0",RIO NEGRINHO,Condutor deixou de manter distância do veículo da frente,Colisão lateral mesmo sentido,Com Vítimas Feridas,Pleno dia,Crescente,Céu Claro,Simples,Em Obras,Não,2,0,1,0,1,0,1,2,-26.24317941,-49.51320018,SPRF-SC,DEL06-SC,UOP03-DEL06-SC,2024
"623983,0",2024-08-27,terça-feira,15:45:00,SC,282,"23,3",SANTO AMARO DA IMPERATRIZ,Entrada inopinada do pedestre,Queda de ocupante de veículo,Com Vítimas Feridas,Pleno dia,Crescente,Céu Claro,Simples,Reta,Sim,1,0,1,0,0,0,1,1,-27.687958,-48.736794,SPRF-SC,DEL01-SC,UOP02-DEL01-SC,2024
"623991,0",2024-06-23,domingo,17:23:00,SC,282,"32,0",SANTO AMARO DA IMPERATRIZ,Conversão proibida,Colisão traseira,Com Vítimas Feridas,Anoitecer,Decrescente,Céu Claro,Simples,Reta,Sim,7,0,1,1,5,0,2,3,-27.70116,-48.800175,SPRF-SC,DEL01-SC,UOP03-DEL01-SC,2024
"623994,0",2024-08-27,terça-feira,16:40:00,SC,282,"17,0",PALHOCA,Reação tardia ou ineficiente do condutor,Tombamento,Com Vítimas Feridas,Pleno dia,Crescente,Céu Claro,Simples,Reta,Sim,1,0,1,0,0,0,1,1,-27.665707,-48.688065,SPRF-SC,DEL01-SC,UOP02-DEL01-SC,2024
"624011,0",2024-08-27,terça-feira,17:20:00,SC,101,"4,9",ARARANGUA,Conversão proibida,Colisão transversal,Com Vítimas Feridas,Pleno dia,Decrescente,Céu Claro,Simples,Interseção de Vias,Sim,2,0,1,0,1,0,1,2,-28.95849284,-49.51413631,SPRF-SC,DEL02-SC,UOP02-DEL02-SC,2024
"624024,0",2024-08-27,terça-feira,18:00:00,SC,280,"129,0",RIO NEGRINHO,Condutor deixou de manter distância do veículo da frente,Colisão lateral mesmo sentido,Com Vítimas Feridas,Anoitecer,Crescente,Céu Claro,Simples,Reta;Interseção de Vias,Não,2,0,1,0,0,1,1,2,-26.24586437,-49.52284615,SPRF-SC,DEL06-SC,UOP03-DEL06-SC,2024
"624042,0",2024-08-27,terça-feira,20:00:00,SC,280,"2,9",SAO FRANCISCO DO SUL,Acessar a via sem observar a presença dos outros veículos,Atropelamento de Pedestre,Com Vítimas Feridas,Plena Noite,Crescente,Céu Claro,Simples,Reta,Sim,2,0,0,1,1,0,1,2,-26.23700996,-48.61979093,SPRF-SC,DEL03-SC,UOP03-DEL03-SC,2024
"624049,0",2024-08-27,terça-feira,20:20:00,SC,101,"37,0",PALHOCA,Condutor Dormindo,Colisão com objeto,Com Vítimas Feridas,Plena Noite,Decrescente,Céu Claro,Dupla,Túnel;Curva,Não,1,0,0,1,0,0,1,1,-27.6427,-48.6695,SPRF-SC,DEL01-SC,UOP02-DEL01-SC,2024
"624055,0",2024-08-27,terça-feira,21:00:00,SC,101,"119,0",ITAJAI,Reação tardia ou ineficiente do condutor,Tombamento,Com Vítimas Feridas,Plena Noite,Crescente,Céu Claro,Dupla,Reta,Sim,1,0,1,0,0,0,1,1,-26.9043179,-48.71555481,SPRF-SC,DEL04-SC,UOP04-DEL04-SC,2024
"624061,0",2024-08-27,terça-feira,18:10:00,SC,282,"246,1",LAGES,Acessar a via sem observar a presença dos outros veículos,Colisão transversal,Com Vítimas Feridas,Anoitecer,Decrescente,Céu Claro,Simples,Reta,Sim,2,0,1,0,1,0,1,2,-27.727213,-50.529724,SPRF-SC,DEL05-SC,UOP02-DEL05-SC,2024
"624082,0",2024-08-28,quarta-feira,06:10:00,SC,101,"203,9",SAO JOSE,Acessar a via sem observar a presença dos outros veículos,Colisão transversal,Com Vítimas Feridas,Pleno dia,Decrescente,Nublado,Dupla,Interseção de Vias;Reta,Sim,2,0,1,0,1,0,1,2,-27.5650044,-48.61460082,SPRF-SC,DEL01-SC,UOP01-DEL01-SC,2024
"624140,0",2024-08-24,sábado,06:40:00,SC,282,"1,0",FLORIANOPOLIS,Sinalização mal posicionada,Colisão traseira,Com Vítimas Feridas,Pleno dia,Decrescente,Céu Claro,Dupla,Reta,Não,2,0,1,0,1,0,1,2,-27.602955,-48.580509,SPRF-SC,DEL01-SC,UOP01-DEL01-SC,2024
"624166,0",2024-08-28,quarta-feira,16:00:00,SC,101,"119,0",ITAJAI,Ausência de reação do condutor,Colisão traseira,Com Vítimas Feridas,Pleno dia,Decrescente,Nublado,Simples,Reta,Não,2,0,0,1,1,0,1,2,-26.9043179,-48.71555481,SPRF-SC,DEL04-SC,UOP04-DEL04-SC,2024
"624179,0",2024-08-28,quarta-feira,17:05:00,SC,101,"121,0",ITAJAI,Trafegar com motocicleta (ou similar) entre as faixas,Colisão traseira,Com Vítimas Feridas,Pleno dia,Crescente,Céu Claro,Dupla,Reta,Não,2,0,1,0,1,0,1,2,-26.92103178,-48.70856446,SPRF-SC,DEL04-SC,UOP04-DEL04-SC,2024
"624190,0",2024-08-28,quarta-feira,17:40:00,SC,101,"333,7",TUBARAO,Reação tardia ou ineficiente do condutor,Colisão lateral mesmo sentido,Com Vítimas Feridas,Pleno dia,Crescente,Céu Claro,Dupla,Rotatória,Sim,2,0,1,0,1,0,1,2,-28.46989852,-49.01824951,SPRF-SC,DEL02-SC,UOP01-DEL02-SC,2024
"624236,0",2024-08-28,quarta-feira,21:00:00,SC,101,"204,0",SAO JOSE,Falta de acostamento,Engavetamento,Com Vítimas Feridas,Plena Noite,Crescente,Céu Claro,Múltipla,Reta,Não,3,0,1,0,2,0,1,3,-27.57413014,-48.61363083,SPRF-SC,DEL01-SC,UOP01-DEL01-SC,2024
"624244,0",2024-08-28,quarta-feira,21:30:00,SC,470,"3,7",NAVEGANTES,Reação tardia ou ineficiente do condutor,Capotamento,Com Vítimas Feridas,Plena Noite,Crescente,Nublado,Dupla,Reta,Sim,2,0,1,0,1,0,1,1,-26.861937,-48.681618,SPRF-SC,DEL04-SC,UOP04-DEL04-SC,2024
"624264,0",2024-08-29,quinta-feira,03:35:00,SC,101,"225,8",PALHOCA,Avarias e/ou desgaste excessivo no pneu,Capotamento,Com Vítimas Fatais,Plena Noite,Crescente,Nublado,Dupla,Reta;Aclive,Sim,4,1,0,1,0,2,1,3,-27.740817,-48.638457,SPRF-SC,DEL01-SC,UOP02-DEL01-SC,2024
"624268,0",2024-08-29,quinta-feira,01:05:00,SC,470,"182,0",POUSO REDONDO,Manobra de mudança de faixa,Colisão frontal,Com Vítimas Feridas,Plena Noite,Crescente,Nublado,Simples,Reta,Não,3,0,1,2,0,0,3,2,-27.252682,-50.006802,SPRF-SC,DEL04-SC,UOP02-DEL04-SC,2024
"624311,0",2024-08-29,quinta-feira,07:30:00,SC,280,"25,0",ARAQUARI,Transitar no Acostamento,Colisão transversal,Com Vítimas Feridas,Pleno dia,Crescente,Céu Claro,Simples,Interseção de Vias,Sim,2,0,1,0,1,0,1,2,-26.38243166,-48.72550249,SPRF-SC,DEL03-SC,UOP03-DEL03-SC,2024
"624318,0",2024-08-29,quinta-feira,11:55:00,SC,282,"1,0",FLORIANOPOLIS,Condutor deixou de manter distância do veículo da frente,Engavetamento,Com Vítimas Feridas,Pleno dia,Decrescente,Sol,Múltipla,Reta,Sim,3,0,1,0,2,0,1,3,-27.602955,-48.580509,SPRF-SC,DEL01-SC,UOP01-DEL01-SC,2024
"624327,0",2024-08-29,quinta-feira,11:35:00,SC,101,"131,4",CAMBORIU,Acessar a via sem observar a presença dos outros veículos,Colisão transversal,Com Vítimas Feridas,Pleno dia,Crescente,Céu Claro,Múltipla,Reta,Sim,2,0,1,0,1,0,1,2,-26.99289404,-48.6615479,SPRF-SC,DEL04-SC,UOP03-DEL04-SC,2024
"624340,0",2024-08-29,quinta-feira,14:00:00,SC,280,"125,9",RIO NEGRINHO,Mal súbito do condutor,Colisão traseira,Com Vítimas Feridas,Pleno dia,Decrescente,Céu Claro,Simples,Declive;Em Obras;Reta,Sim,3,0,0,1,2,0,1,2,-26.23763684,-49.48434497,SPRF-SC,DEL06-SC,UOP03-DEL06-SC,2024
"624342,0",2024-08-29,quinta-feira,13:45:00,SC,101,"339,2",TUBARAO,Desrespeitar a preferência no cruzamento,Colisão transversal,Com Vítimas Feridas,Pleno dia,Decrescente,Nublado,Múltipla,Interseção de Vias;Viaduto,Sim,2,0,1,0,1,0,1,2,-28.49351117,-49.04178985,SPRF-SC,DEL02-SC,UOP01-DEL02-SC,2024
"624364,0",2024-08-29,quinta-feira,14:30:00,SC,280,"58,8",GUARAMIRIM,Reação tardia ou ineficiente do condutor,Colisão traseira,Com Vítimas Feridas,Pleno dia,Decrescente,Céu Claro,Dupla,Reta,Não,2,0,1,0,1,0,1,2,-26.47415593,-49.021211,SPRF-SC,DEL03-SC,UOP03-DEL03-SC,2024
"624367,0",2024-08-29,quinta-feira,16:15:00,SC,470,"136,0",RIO DO SUL,Acessar a via sem observar a presença dos outros veículos,Colisão transversal,Com Vítimas Feridas,Pleno dia,Decrescente,Céu Claro,Simples,Interseção de Vias;Reta;Declive,Sim,4,0,2,1,1,0,3,2,-27.194323,-49.624554,SPRF-SC,DEL04-SC,UOP02-DEL04-SC,2024
"624373,0",2024-08-29,quinta-feira,17:35:00,SC,282,"18,2",PALHOCA,Acessar a via sem observar a presença dos outros veículos,Colisão transversal,Com Vítimas Feridas,Anoitecer,Crescente,Céu Claro,Simples,Reta,Sim,3,0,0,1,1,1,1,3,-27.672798,-48.694286,SPRF-SC,DEL01-SC,UOP02-DEL01-SC,2024
"624392,0",2024-08-29,quinta-feira,17:15:00,SC,101,"215,7",PALHOCA,Condutor deixou de manter distância do veículo da frente,Colisão traseira,Com Vítimas Feridas,Anoitecer,Crescente,Céu Claro,Múltipla,Reta,Não,4,0,1,0,3,0,1,4,-27.65184843,-48.67604941,SPRF-SC,DEL01-SC,UOP02-DEL01-SC,2024
"624394,0",2024-08-29,quinta-feira,15:00:00,SC,116,"181,1",SAO CRISTOVAO DO SUL,Ausência de reação do condutor,Saída de leito carroçável,Com Vítimas Feridas,Pleno dia,Decrescente,Céu Claro,Simples,Reta,Não,1,0,1,0,0,0,1,1,-27.27669768,-50.43795347,SPRF-SC,DEL05-SC,UOP03-DEL05-SC,2024
"624410,0",2024-08-29,quinta-feira,15:00:00,SC,101,"216,0",PALHOCA,Mal súbito do condutor,Queda de ocupante de veículo,Com Vítimas Feridas,Pleno dia,Decrescente,Céu Claro,Múltipla,Reta,Não,1,0,1,0,0,0,1,1,-27.65981409,-48.67747798,SPRF-SC,DEL01-SC,UOP02-DEL01-SC,2024
"624455,0",2024-08-30,sexta-feira,00:15:00,SC,282,"503,9",XANXERE,Velocidade Incompatível,Colisão com objeto,Com Vítimas Feridas,Plena Noite,Decrescente,Céu Claro,Dupla,Reta;Declive,Sim,2,0,2,0,0,0,2,1,-26.884248,-52.408395,SPRF-SC,DEL07-SC,UOP01-DEL07-SC,2024