id,data_inversa,dia_semana,horario,uf,br,km,municipio,causa_acidente,tipo_acidente,classificacao_acidente,fase_dia,sentido_via,condicao_metereologica,tipo_pista,tracado_via,uso_solo,pessoas,mortos,feridos_leves,feridos_graves,ilesos,ignorados,feridos,veiculos,latitude,longitude,regional,delegacia,uop,ano_arquivo
"625565,0",2024-09-03,terça-feira,18:50:00,SC,101,"2,2",ARARANGUA,Desrespeitar a preferência no cruzamento,Colisão transversal,Com Vítimas Feridas,Plena Noite,Crescente,Céu Claro,Simples,Rotatória;Em Obras;Interseção de Vias,Sim,3,0,1,0,2,0,1,2,-28.9391154,-49.49727058,SPRF-SC,DEL02-SC,UOP02-DEL02-SC,2024
"625566,0",2024-09-03,terça-feira,19:03:00,SC,101,"210,0",SAO JOSE,Avarias e/ou desgaste excessivo no pneu,Tombamento,Com Vítimas Feridas,Plena Noite,Decrescente,Céu Claro,Múltipla,Reta,Sim,2,0,2,0,0,0,2,1,-27.6167305,-48.6457265,SPRF-SC,DEL01-SC,UOP01-DEL01-SC,2024
"625574,0",2024-09-03,terça-feira,16:40:00,SC,282,"463,0",PONTE SERRADA,Desrespeitar a preferência no cruzamento,Colisão transversal,Com Vítimas Feridas,Pleno dia,Crescente,Céu Claro,Simples,Rotatória,Não,3,0,2,0,1,0,2,2,-26.855036,-52.059551,SPRF-SC,DEL07-SC,UOP04-DEL07-SC,2024
"625585,0",2024-09-03,terça-feira,16:30:00,SC,280,"306,0",PORTO UNIAO,Mal súbito do condutor,Colisão com objeto,Com Vítimas Feridas,Pleno dia,Crescente,Céu Claro,Simples,Reta,Sim,1,0,1,0,0,0,1,1,-26.25143864,-51.085456,SPRF-SC,DEL06-SC,UOP04-DEL06-SC,2024
"625586,0",2024-09-03,terça-feira,20:30:00,SC,101,"205,0",SAO JOSE,Ingestão de substâncias psicoativas pelo condutor,Colisão traseira,Sem Vítimas,Plena Noite,Crescente,Céu Claro,Múltipla,Reta,Sim,2,0,0,0,2,0,0,2,-27.58313237,-48.61532885,SPRF-SC,DEL01-SC,UOP01-DEL01-SC,2024
"625641,0",2024-09-04,quarta-feira,07:20:00,SC,470,"53,0",BLUMENAU,Acesso irregular,Colisão transversal,Com Vítimas Feridas,Pleno dia,Crescente,Céu Claro,Simples,Curva;Interseção de Vias,Sim,2,0,1,0,1,0,1,2,-26.862286,-49.093903,SPRF-SC,DEL04-SC,UOP01-DEL04-SC,2024
"625647,0",2024-09-04,quarta-feira,08:00:00,SC,282,"2,2",FLORIANOPOLIS,Ausência de reação do condutor,Tombamento,Sem Vítimas,Pleno dia,Decrescente,Céu Claro,Múltipla,Reta,Sim,1,0,0,0,0,1,0,1,-27.603289,-48.590416,SPRF-SC,DEL01-SC,UOP01-DEL01-SC,2024
"625661,0",2024-09-04,quarta-feira,09:05:00,SC,101,"294,0",IMBITUBA,Conversão proibida,Colisão transversal,Com Vítimas Feridas,Pleno dia,Crescente,Céu Claro,Simples,Reta,Não,3,0,2,0,1,0,2,2,-28.29220304,-48.71018095,SPRF-SC,DEL02-SC,UOP03-DEL02-SC,2024
"625662,0",2024-09-04,quarta-feira,05:30:00,SC,470,"135,8",RIO DO SUL,Ultrapassagem Indevida,Colisão frontal,Com Vítimas Feridas,Amanhecer,Decrescente,Céu Claro,Simples,Reta,Não,2,0,0,1,0,1,1,2,-27.18862806,-49.61330295,SPRF-SC,DEL04-SC,UOP02-DEL04-SC,2024
"625671,0",2024-09-04,quarta-feira,10:50:00,SC,101,"206,8",SAO JOSE,Reação tardia ou ineficiente do condutor,Colisão traseira,Sem Vítimas,Pleno dia,Crescente,Céu Claro,Múltipla,Reta;Aclive,Sim,2,0,0,0,1,1,0,2,-27.59193546,-48.61824557,SPRF-SC,DEL01-SC,UOP01-DEL01-SC,2024
"625676,0",2024-09-04,quarta-feira,10:40:00,SC,101,"209,6",SAO JOSE,Reação tardia ou ineficiente do condutor,Colisão traseira,Com Vítimas Feridas,Pleno dia,Decrescente,Céu Claro,Múltipla,Reta,Sim,2,0,1,0,1,0,1,2,-27.61000542,-48.63895057,SPRF-SC,DEL01-SC,UOP01-DEL01-SC,2024
"625685,0",2024-09-04,quarta-feira,07:15:00,SC,280,"2,4",SAO FRANCISCO DO SUL,Acessar a via sem observar a presença dos outros veículos,Colisão transversal,Com Vítimas Feridas,Pleno dia,Decrescente,Nublado,Simples,Reta,Não,2,0,2,0,0,0,2,2,-26.23700996,-48.61979093,SPRF-SC,DEL03-SC,UOP03-DEL03-SC,2024
"625708,0",2024-09-04,quarta-feira,14:15:00,SC,116,"279,2",CAPAO ALTO,Ingestão de álcool pelo condutor,Colisão traseira,Sem Vítimas,Pleno dia,Decrescente,Céu Claro,Simples,Reta,Não,4,0,0,0,4,0,0,2,-28.03200461,-50.56288004,SPRF-SC,DEL05-SC,UOP02-DEL05-SC,2024
"625713,0",2024-09-04,quarta-feira,09:35:00,SC,282,"530,3",CORDILHEIRA ALTA,Ausência de reação do condutor,Saída de leito carroçável,Com Vítimas Feridas,Pleno dia,Decrescente,Céu Claro,Simples,Aclive,Sim,1,0,1,0,0,0,1,1,-26.990747,-52.609776,SPRF-SC,DEL07-SC,UOP01-DEL07-SC,2024
"625742,0",2024-09-04,quarta-feira,18:55:00,SC,101,"212,6",PALHOCA,Manobra de mudança de faixa,Colisão lateral mesmo sentido,Com Vítimas Feridas,Plena Noite,Crescente,Céu Claro,Dupla,Reta,Sim,3,0,0,2,1,0,2,2,-27.62996929,-48.65903871,SPRF-SC,DEL01-SC,UOP02-DEL01-SC,2024
"625744,0",2024-09-04,quarta-feira,18:40:00,SC,101,"134,0",BALNEARIO CAMBORIU,Trafegar com motocicleta (ou similar) entre as faixas,Colisão lateral mesmo sentido,Com Vítimas Feridas,Plena Noite,Decrescente,Nublado,Múltipla,Reta,Sim,2,0,1,0,1,0,1,2,-27.00218,-48.636433,SPRF-SC,DEL04-SC,UOP03-DEL04-SC,2024
"625747,0",2024-09-04,quarta-feira,18:30:00,SC,282,"0,6",FLORIANOPOLIS,Reação tardia ou ineficiente do condutor,Colisão traseira,Com Vítimas Feridas,Plena Noite,Decrescente,Céu Claro,Múltipla,Reta,Sim,3,0,1,0,2,0,1,2,-27.59845,-48.571995,SPRF-SC,DEL01-SC,UOP01-DEL01-SC,2024
"625749,0",2024-09-04,quarta-feira,19:00:00,SC,101,"214,8",PALHOCA,Acessar a via sem observar a presença dos outros veículos,Colisão lateral mesmo sentido,Com Vítimas Feridas,Plena Noite,Crescente,Céu Claro,Simples,Interseção de Vias;Reta,Sim,3,0,1,0,2,0,1,3,-27.64443,-48.67057,SPRF-SC,DEL01-SC,UOP02-DEL01-SC,2024
"625751,0",2024-09-04,quarta-feira,17:40:00,SC,101,"340,8",TUBARAO,Transitar na contramão,Colisão traseira,Com Vítimas Feridas,Anoitecer,Crescente,Céu Claro,Múltipla,Reta,Sim,3,0,0,1,2,0,1,2,-28.51940825,-49.05442178,SPRF-SC,DEL02-SC,UOP01-DEL02-SC,2024
"625752,0",2024-09-04,quarta-feira,19:50:00,SC,101,"204,8",SAO JOSE,Ausência de reação do condutor,Colisão traseira,Com Vítimas Feridas,Plena Noite,Decrescente,Céu Claro,Múltipla,Reta,Sim,2,0,1,0,1,0,1,2,-27.57413014,-48.61363083,SPRF-SC,DEL01-SC,UOP01-DEL01-SC,2024
"625754,0",2024-09-04,quarta-feira,18:40:00,SC,158,"101,7",CUNHA PORA,Faixas de trânsito com largura insuficiente,Saída de leito carroçável,Com Vítimas Feridas,Plena Noite,Decrescente,Chuva,Simples,Declive;Curva,Não,4,0,3,0,1,0,3,1,-26.83661705,-53.17563409,SPRF-SC,DEL07-SC,UOP02-DEL07-SC,2024
"625768,0",2024-09-04,quarta-feira,19:40:00,SC,101,"117,0",ITAJAI,Acessar a via sem observar a presença dos outros veículos,Queda de ocupante de veículo,Com Vítimas Feridas,Plena Noite,Crescente,Nublado,Dupla,Interseção de Vias;Viaduto,Sim,2,0,1,0,1,0,1,2,-26.89024865,-48.72086763,SPRF-SC,DEL04-SC,UOP04-DEL04-SC,2024
"625792,0",2024-09-04,quarta-feira,20:20:00,SC,282,"581,9",PINHALZINHO,Ultrapassagem Indevida,Colisão frontal,Com Vítimas Feridas,Plena Noite,Crescente,Chuva,Dupla,Reta,Não,2,0,2,0,0,0,2,2,-26.828749,-52.997929,SPRF-SC,DEL07-SC,UOP02-DEL07-SC,2024
"625811,0",2024-09-04,quarta-feira,23:55:00,SC,116,"169,6",PONTE ALTA DO NORTE,Reação tardia ou ineficiente do condutor,Colisão com objeto,Com Vítimas Feridas,Plena Noite,Decrescente,Chuva,Dupla,Reta,Não,1,0,1,0,0,0,1,1,-27.18614796,-50.46482181,SPRF-SC,DEL05-SC,UOP03-DEL05-SC,2024
"625819,0",2024-09-04,quarta-feira,19:35:00,SC,101,"305,9",LAGUNA,Estacionar ou parar em local proibido,Colisão traseira,Com Vítimas Feridas,Plena Noite,Crescente,Garoa/Chuvisco,Múltipla,Reta,Não,2,0,1,0,1,0,1,2,-28.400448,-48.786327,SPRF-SC,DEL02-SC,UOP03-DEL02-SC,2024
"625831,0",2024-09-05,quinta-feira,06:30:00,SC,282,"0,1",FLORIANOPOLIS,Manobra de mudança de faixa,Colisão lateral mesmo sentido,Com Vítimas Feridas,Pleno dia,Decrescente,Garoa/Chuvisco,Múltipla,Reta,Sim,2,0,1,0,1,0,1,2,-27.59845,-48.571995,SPRF-SC,DEL01-SC,UOP01-DEL01-SC,2024
"625841,0",2024-09-05,quinta-feira,06:50:00,SC,101,"185,8",BIGUACU,Velocidade Incompatível,Saída de leito carroçável,Sem Vítimas,Pleno dia,Crescente,Chuva,Dupla,Curva,Não,1,0,0,0,1,0,0,1,-27.42536698,-48.62465876,SPRF-SC,DEL01-SC,UOP01-DEL01-SC,2024
"625842,0",2024-09-05,quinta-feira,08:02:00,SC,101,"197,0",SAO JOSE,Manobra de mudança de faixa,Colisão traseira,Com Vítimas Feridas,Pleno dia,Crescente,Céu Claro,Dupla,Reta,Sim,2,0,1,0,0,1,1,2,-27.51844497,-48.63848496,SPRF-SC,DEL01-SC,UOP01-DEL01-SC,2024
"625857,0",2024-09-05,quinta-feira,07:30:00,SC,101,"198,0",BIGUACU,Manobra de mudança de faixa,Colisão traseira,Com Vítimas Feridas,Pleno dia,Crescente,Chuva,Dupla,Reta,Não,2,0,1,0,1,0,1,2,-27.52658712,-48.63506019,SPRF-SC,DEL01-SC,UOP01-DEL01-SC,2024
"625886,0",2024-09-05,quinta-feira,10:00:00,SC,101,"24,4",JOINVILLE,Desrespeitar a preferência no cruzamento,Colisão frontal,Com Vítimas Feridas,Pleno dia,Decrescente,Chuva,Simples,Interseção de Vias,Sim,2,0,1,0,1,0,1,2,-26.17483309,-48.90767978,SPRF-SC,DEL03-SC,UOP01-DEL03-SC,2024
"625957,0",2024-09-05,quinta-feira,16:30:00,SC,280,"100,0",SAO BENTO DO SUL,Chuva,Saída de leito carroçável,Com Vítimas Feridas,Pleno dia,Crescente,Chuva,Simples,Curva,Não,1,0,1,0,0,0,1,1,-26.364,-49.336,SPRF-SC,DEL06-SC,UOP03-DEL06-SC,2024
"625968,0",2024-09-05,quinta-feira,16:30:00,SC,101,"444,3",SANTA ROSA DO SUL,Acessar a via sem observar a presença dos outros veículos,Colisão transversal,Com Vítimas Feridas,Pleno dia,Crescente,Céu Claro,Simples,Curva;Interseção de Vias;Declive,Sim,2,0,2,0,0,0,2,2,-29.13479517,-49.70645294,SPRF-SC,DEL02-SC,UOP02-DEL02-SC,2024
"625976,0",2024-09-05,quinta-feira,19:15:00,SC,101,"30,4",SAO JOSE,Animais na Pista,Queda de ocupante de veículo,Com Vítimas Feridas,Plena Noite,Decrescente,Céu Claro,Dupla,Reta,Não,1,0,0,1,0,0,1,1,-27.5884,-48.6128,SPRF-SC,DEL01-SC,UOP02-DEL01-SC,2024
"626002,0",2024-09-05,quinta-feira,19:20:00,SC,101,"58,0",ARAQUARI,Demais falhas mecânicas ou elétricas,Incêndio,Sem Vítimas,Plena Noite,Decrescente,Garoa/Chuvisco,Dupla,Reta,Não,1,0,0,0,1,0,0,1,-26.44025049,-48.80129043,SPRF-SC,DEL03-SC,UOP02-DEL03-SC,2024
"626020,0",2024-09-05,quinta-feira,19:10:00,SC,282,"486,6",FAXINAL DOS GUEDES,Acessar a via sem observar a presença dos outros veículos,Colisão lateral mesmo sentido,Com Vítimas Feridas,Plena Noite,Decrescente,Céu Claro,Simples,Reta,Não,2,0,1,0,1,0,1,2,-26.855415,-52.25423,SPRF-SC,DEL07-SC,UOP01-DEL07-SC,2024
"626022,0",2024-09-05,quinta-feira,23:15:00,SC,101,"215,0",PALHOCA,Trafegar com motocicleta (ou similar) entre as faixas,Colisão traseira,Com Vítimas Feridas,Plena Noite,Crescente,Céu Claro,Múltipla,Reta,Sim,2,0,1,0,1,0,1,2,-27.65184843,-48.67604941,SPRF-SC,DEL01-SC,UOP02-DEL01-SC,2024
"626026,0",2024-09-05,quinta-feira,23:20:00,SC,101,"419,0",ARARANGUA,Ausência de reação do condutor,Colisão com objeto,Com Vítimas Feridas,Plena Noite,Crescente,Nublado,Dupla,Reta,Sim,1,0,1,0,0,0,1,1,-28.9967395,-49.55403686,SPRF-SC,DEL02-SC,UOP02-DEL02-SC,2024
"626052,0",2024-09-06,sexta-feira,04:45:00,SC,101,"199,0",SAO JOSE,Ingestão de álcool pelo condutor,Colisão traseira,Sem Vítimas,Plena Noite,Crescente,Céu Claro,Dupla,Reta,Sim,2,0,0,0,2,0,0,2,-27.53413705,-48.63003205,SPRF-SC,DEL01-SC,UOP01-DEL01-SC,2024
"626066,0",2024-09-06,sexta-feira,06:00:00,SC,101,"149,0",ITAPEMA,Demais falhas mecânicas ou elétricas,Incêndio,Sem Vítimas,Pleno dia,Crescente,Nublado,Múltipla,Reta,Sim,1,0,0,0,1,0,0,1,-27.1089649,-48.61277586,SPRF-SC,DEL04-SC,UOP03-DEL04-SC,2024
"626078,0",2024-09-06,sexta-feira,07:45:00,SC,101,"148,0",ITAPEMA,Reação tardia ou ineficiente do condutor,Colisão traseira,Com Vítimas Feridas,Pleno dia,Crescente,Nublado,Dupla,Reta,Sim,3,0,0,2,1,0,2,2,-27.10123686,-48.61807962,SPRF-SC,DEL04-SC,UOP03-DEL04-SC,2024
"626079,0",2024-09-06,sexta-feira,07:30:00,SC,101,"213,3",PALHOCA,Acessar a via sem observar a presença dos outros veículos,Colisão transversal,Com Vítimas Feridas,Pleno dia,Decrescente,Nublado,Múltipla,Reta,Sim,2,0,1,0,1,0,1,2,-27.63697369,-48.66514142,SPRF-SC,DEL01-SC,UOP02-DEL01-SC,2024
"626082,0",2024-09-06,sexta-feira,08:05:00,SC,470,"54,4",BLUMENAU,Ausência de sinalização,Colisão transversal,Com Vítimas Feridas,Pleno dia,Decrescente,Nublado,Simples,Interseção de Vias,Sim,2,0,1,0,1,0,1,2,-26.871065,-49.110374,SPRF-SC,DEL04-SC,UOP01-DEL04-SC,2024
"626090,0",2024-09-06,sexta-feira,08:48:00,SC,470,"54,6",BLUMENAU,Acessar a via sem observar a presença dos outros veículos,Colisão transversal,Com Vítimas Feridas,Pleno dia,Crescente,Céu Claro,Simples,Em Obras;Rotatória,Sim,2,0,0,1,1,0,1,2,-26.87413369,-49.11522746,SPRF-SC,DEL04-SC,UOP01-DEL04-SC,2024
"626102,0",2024-05-14,terça-feira,05:00:00,SC,101,"253,0",PAULO LOPES,Ingestão de álcool pelo condutor,Tombamento,Com Vítimas Feridas,Plena Noite,Crescente,Garoa/Chuvisco,Simples,Interseção de Vias,Sim,1,0,1,0,0,0,1,1,-27.96492999,-48.67962057,SPRF-SC,DEL02-SC,UOP03-DEL02-SC,2024
"626116,0",2024-09-03,terça-feira,07:15:00,SC,280,"46,0",GUARAMIRIM,Desrespeitar a preferência no cruzamento,Colisão transversal,Com Vítimas Feridas,Pleno dia,Crescente,Nublado,Simples,Interseção de Vias,Não,2,0,1,0,1,0,1,2,-26.45270808,-48.90967369,SPRF-SC,DEL03-SC,UOP03-DEL03-SC,2024
"626119,0",2024-09-06,sexta-feira,10:45:00,SC,101,"210,0",SAO JOSE,Acesso irregular,Colisão transversal,Com Vítimas Feridas,Pleno dia,Crescente,Céu Claro,Múltipla,Reta,Sim,2,0,1,0,1,0,1,2,-27.6167305,-48.6457265,SPRF-SC,DEL01-SC,UOP01-DEL01-SC,2024
"626137,0",2024-09-06,sexta-feira,06:50:00,SC,101,"379,3",ICARA,Reação tardia ou ineficiente do condutor,Saída de leito carroçável,Com Vítimas Feridas,Pleno dia,Decrescente,Céu Claro,Dupla,Reta,Não,1,0,1,0,0,0,1,1,-28.74651646,-49.2599038,SPRF-SC,DEL02-SC,UOP02-DEL02-SC,2024
"626152,0",2024-09-06,sexta-feira,14:45:00,SC,280,"59,1",GUARAMIRIM,Condutor deixou de manter distância do veículo da frente,Colisão traseira,Com Vítimas Feridas,Pleno dia,Decrescente,Nublado,Simples,Curva;Em Obras,Sim,2,0,1,0,1,0,1,2,-26.47525778,-49.03098916,SPRF-SC,DEL03-SC,UOP03-DEL03-SC,2024
"626159,0",2024-09-06,sexta-feira,15:40:00,SC,101,"213,6",PALHOCA,Pedestre andava na pista,Atropelamento de Pedestre,Com Vítimas Feridas,Pleno dia,Crescente,Nublado,Múltipla,Reta,Sim,2,0,1,0,1,0,1,2,-27.63697369,-48.66514142,SPRF-SC,DEL01-SC,UOP02-DEL01-SC,2024
"626177,0",2024-09-06,sexta-feira,17:35:00,SC,470,"135,7",RIO DO SUL,Ausência de reação do condutor,Colisão transversal,Com Vítimas Feridas,Pleno dia,Crescente,Nublado,Simples,Reta;Interseção de Vias,Sim,4,0,1,0,3,0,1,3,-27.18331227,-49.60233808,SPRF-SC,DEL04-SC,UOP02-DEL04-SC,2024
"626184,0",2024-09-06,sexta-feira,17:10:00,SC,101,"419,0",ARARANGUA,Animais na Pista,Atropelamento de Animal,Com Vítimas Feridas,Pleno dia,Decrescente,Céu Claro,Simples,Reta,Sim,1,0,1,0,0,0,1,1,-28.98712406,-49.54395294,SPRF-SC,DEL02-SC,UOP02-DEL02-SC,2024
"626190,0",2024-09-06,sexta-feira,18:20:00,SC,470,"135,0",RIO DO SUL,Acessar a via sem observar a presença dos outros veículos,Colisão transversal,Com Vítimas Feridas,Anoitecer,Decrescente,Nublado,Simples,Reta,Sim,2,0,2,0,0,0,2,2,-27.188492,-49.61232,SPRF-SC,DEL04-SC,UOP02-DEL04-SC,2024
"626191,0",2024-09-06,sexta-feira,10:00:00,SC,101,"288,0",IMBITUBA,Reação tardia ou ineficiente do condutor,Colisão traseira,Com Vítimas Feridas,Pleno dia,Decrescente,Céu Claro,Múltipla,Interseção de Vias,Sim,3,0,1,1,1,0,2,2,-28.24598003,-48.70010284,SPRF-SC,DEL02-SC,UOP03-DEL02-SC,2024
"626199,0",2024-09-06,sexta-feira,18:20:00,SC,282,"3,6",FLORIANOPOLIS,Manobra de mudança de faixa,Colisão lateral mesmo sentido,Com Vítimas Feridas,Plena Noite,Crescente,Nublado,Dupla,Reta,Sim,5,0,0,1,4,0,1,2,-27.600384,-48.599705,SPRF-SC,DEL01-SC,UOP01-DEL01-SC,2024
"626211,0",2024-08-18,domingo,08:00:00,SC,282,"67,6",RANCHO QUEIMADO,Velocidade Incompatível,Saída de leito carroçável,Com Vítimas Feridas,Amanhecer,Crescente,Céu Claro,Simples,Declive;Curva,Não,1,0,1,0,0,0,1,1,-27.695963,-49.0695,SPRF-SC,DEL01-SC,UOP03-DEL01-SC,2024
"626213,0",2024-09-06,sexta-feira,19:00:00,SC,101,"128,9",BALNEARIO CAMBORIU,Trafegar com motocicleta (ou similar) entre as faixas,Colisão lateral mesmo sentido,Com Vítimas Feridas,Plena Noite,Crescente,Céu Claro,Múltipla,Reta,Não,2,0,1,0,1,0,1,2,-26.97284292,-48.68299451,SPRF-SC,DEL04-SC,UOP03-DEL04-SC,2024
"626215,0",2024-09-06,sexta-feira,19:30:00,SC,101,"234,0",PALHOCA,Ausência de reação do condutor,Colisão traseira,Com Vítimas Feridas,Plena Noite,Decrescente,Nublado,Dupla,Reta;Aclive,Não,3,0,1,0,2,0,1,3,-27.81043812,-48.63537111,SPRF-SC,DEL01-SC,UOP02-DEL01-SC,2024
"626218,0",2024-09-06,sexta-feira,17:20:00,SC,116,"219,4",CORREIA PINTO,Desrespeitar a preferência no cruzamento,Colisão transversal,Com Vítimas Feridas,Pleno dia,Decrescente,Céu Claro,Simples,Rotatória,Sim,3,0,1,0,2,0,1,2,-27.57012897,-50.37318791,SPRF-SC,DEL05-SC,UOP03-DEL05-SC,2024
"626219,0",2024-09-06,sexta-feira,19:35:00,SC,470,"61,8",BLUMENAU,Acesso irregular,Colisão transversal,Com Vítimas Feridas,Plena Noite,Crescente,Nublado,Simples,Curva,Sim,2,0,1,0,1,0,1,2,-26.878952,-49.17421,SPRF-SC,DEL04-SC,UOP01-DEL04-SC,2024
"626221,0",2024-09-06,sexta-feira,16:20:00,SC,282,"628,0",IRACEMINHA,Condutor Dormindo,Saída de leito carroçável,Com Vítimas Feridas,Pleno dia,Decrescente,Sol,Simples,Curva,Não,1,0,1,0,0,0,1,1,-26.818754,-53.365486,SPRF-SC,DEL07-SC,UOP02-DEL07-SC,2024
"626231,0",2024-09-06,sexta-feira,20:15:00,SC,470,"59,8",BLUMENAU,Ingestão de álcool pelo condutor,Colisão traseira,Sem Vítimas,Plena Noite,Crescente,Ignorado,Simples,Reta,Não,3,0,0,0,3,0,0,2,-26.88184696,-49.16273475,SPRF-SC,DEL04-SC,UOP01-DEL04-SC,2024
"626236,0",2024-09-06,sexta-feira,19:00:00,SC,282,"30,5",SANTO AMARO DA IMPERATRIZ,Reação tardia ou ineficiente do condutor,Colisão traseira,Com Vítimas Feridas,Plena Noite,Crescente,Ignorado,Simples,Reta,Não,2,0,1,0,1,0,1,2,-27.679737,-48.786785,SPRF-SC,DEL01-SC,UOP03-DEL01-SC,2024
"626240,0",2024-09-06,sexta-feira,20:10:00,SC,101,"133,0",BALNEARIO CAMBORIU,Reação tardia ou ineficiente do condutor,Colisão lateral mesmo sentido,Com Vítimas Feridas,Plena Noite,Decrescente,Nublado,Dupla,Reta,Sim,2,0,1,0,1,0,1,2,-26.99936,-48.64609,SPRF-SC,DEL04-SC,UOP03-DEL04-SC,2024
"626253,0",2024-09-06,sexta-feira,17:20:00,SC,158,"121,1",CAIBI,Acessar a via sem observar a presença dos outros veículos,Colisão transversal,Com Vítimas Feridas,Pleno dia,Decrescente,Céu Claro,Simples,Em Obras;Curva;Aclive,Não,2,0,1,0,1,0,1,2,-26.95573749,-53.20404053,SPRF-SC,DEL07-SC,UOP02-DEL07-SC,2024
"626267,0",2024-09-06,sexta-feira,17:15:00,SC,116,"70,6",MONTE CASTELO,Acessar a via sem observar a presença dos outros veículos,Colisão transversal,Com Vítimas Feridas,Pleno dia,Crescente,Nublado,Simples,Reta,Não,3,0,3,0,0,0,3,2,-26.46909494,-50.23134921,SPRF-SC,DEL06-SC,UOP02-DEL06-SC,2024
"626275,0",2024-09-06,sexta-feira,23:00:00,SC,101,"201,1",SAO JOSE,Demais falhas mecânicas ou elétricas,Tombamento,Com Vítimas Feridas,Plena Noite,Decrescente,Nublado,Múltipla,Reta,Sim,2,0,2,0,0,0,2,1,-27.54836599,-48.61977975,SPRF-SC,DEL01-SC,UOP01-DEL01-SC,2024
"626278,0",2024-09-06,sexta-feira,22:30:00,SC,116,"218,9",CORREIA PINTO,Ausência de reação do condutor,Colisão com objeto,Com Vítimas Feridas,Plena Noite,Crescente,Céu Claro,Simples,Reta;Aclive,Sim,1,0,1,0,0,0,1,1,-27.57012897,-50.37318791,SPRF-SC,DEL05-SC,UOP03-DEL05-SC,2024
"626304,0",2024-09-07,sábado,02:20:00,SC,101,"206,8",SAO JOSE,Ingestão de álcool pelo condutor,Colisão traseira,Com Vítimas Feridas,Plena Noite,Crescente,Céu Claro,Dupla,Reta;Interseção de Vias,Não,4,0,2,0,1,1,2,3,-27.59193546,-48.61824557,SPRF-SC,DEL01-SC,UOP01-DEL01-SC,2024
"626307,0",2024-09-07,sábado,03:00:00,SC,101,"199,0",BIGUACU,Demais falhas mecânicas ou elétricas,Incêndio,Sem Vítimas,Plena Noite,Decrescente,Céu Claro,Múltipla,Reta,Sim,1,0,0,0,1,0,0,1,-27.53413705,-48.63003205,SPRF-SC,DEL01-SC,UOP01-DEL01-SC,2024
"626309,0",2024-09-07,sábado,02:45:00,SC,282,"516,0",XAXIM,Ingestão de álcool pelo condutor,Saída de leito carroçável,Com Vítimas Feridas,Plena Noite,Decrescente,Céu Claro,Simples,Curva,Não,1,0,1,0,0,0,1,1,-26.9290778,-52.4993333,SPRF-SC,DEL07-SC,UOP01-DEL07-SC,2024
"626313,0",2024-09-07,sábado,01:30:00,SC,101,"157,0",PORTO BELO,Ingestão de álcool pelo condutor,Colisão com objeto,Sem Vítimas,Plena Noite,Decrescente,Céu Claro,Múltipla,Reta,Sim,1,0,0,0,1,0,0,1,-27.181625,-48.6121179,SPRF-SC,DEL04-SC,UOP03-DEL04-SC,2024
"626315,0",2024-09-07,sábado,04:50:00,SC,470,"57,2",BLUMENAU,Ingestão de álcool pelo condutor,Capotamento,Sem Vítimas,Plena Noite,Decrescente,Ignorado,Simples,Em Obras;Rotatória;Curva;Declive;Desvio Temporário,Sim,1,0,0,0,1,0,0,1,-26.88179911,-49.13845539,SPRF-SC,DEL04-SC,UOP01-DEL04-SC,2024
"626327,0",2024-09-07,sábado,02:35:00,SC,163,"83,7",GUARACIABA,Velocidade Incompatível,Saída de leito carroçável,Sem Vítimas,Plena Noite,Decrescente,Céu Claro,Simples,Curva,Não,1,0,0,0,0,1,0,1,-26.62425308,-53.51596135,SPRF-SC,DEL07-SC,UOP03-DEL07-SC,2024
"626334,0",2024-09-07,sábado,05:30:00,SC,101,"144,3",ITAPEMA,Ausência de reação do condutor,Colisão com objeto,Com Vítimas Feridas,Amanhecer,Decrescente,Nublado,Dupla,Reta,Não,1,0,0,1,0,0,1,1,-27.0732659,-48.59672716,SPRF-SC,DEL04-SC,UOP03-DEL04-SC,2024
"626338,0",2024-09-07,sábado,02:20:00,SC,101,"87,0",BARRA VELHA,Condutor Dormindo,Queda de ocupante de veículo,Com Vítimas Feridas,Plena Noite,Decrescente,Céu Claro,Múltipla,Reta,Sim,2,0,0,2,0,0,2,1,-26.63713377,-48.69651057,SPRF-SC,DEL03-SC,UOP02-DEL03-SC,2024
"626354,0",2024-09-07,sábado,08:10:00,SC,101,"273,2",IMBITUBA,Ausência de reação do condutor,Colisão traseira,Com Vítimas Feridas,Pleno dia,Crescente,Céu Claro,Dupla,Reta,Não,2,0,0,1,1,0,1,2,-28.12382408,-48.69625015,SPRF-SC,DEL02-SC,UOP03-DEL02-SC,2024
"626357,0",2024-08-30,sexta-feira,18:50:00,SC,282,"490,5",FAXINAL DOS GUEDES,Transitar na contramão,Colisão lateral sentido oposto,Com Vítimas Feridas,Plena Noite,Decrescente,Céu Claro,Simples,Curva,Não,2,0,1,0,1,0,1,2,-26.874599,-52.282806,SPRF-SC,DEL07-SC,UOP01-DEL07-SC,2024
"626375,0",2024-09-07,sábado,03:55:00,SC,101,"79,4",ARAQUARI,Ausência de reação do condutor,Colisão com objeto,Com Vítimas Feridas,Pleno dia,Crescente,Nublado,Múltipla,Reta,Não,1,0,1,0,0,0,1,1,-26.58559601,-48.72192112,SPRF-SC,DEL03-SC,UOP02-DEL03-SC,2024
"626381,0",2024-09-07,sábado,07:20:00,SC,101,"141,0",ITAPEMA,Ingestão de álcool pelo condutor,Colisão com objeto,Com Vítimas Feridas,Pleno dia,Decrescente,Céu Claro,Dupla,Curva,Não,3,0,1,0,2,0,1,2,-27.04761729,-48.59995855,SPRF-SC,DEL04-SC,UOP03-DEL04-SC,2024