id,data_inversa,dia_semana,horario,uf,br,km,municipio,causa_acidente,tipo_acidente,classificacao_acidente,fase_dia,sentido_via,condicao_metereologica,tipo_pista,tracado_via,uso_solo,pessoas,mortos,feridos_leves,feridos_graves,ilesos,ignorados,feridos,veiculos,latitude,longitude,regional,delegacia,uop,ano_arquivo
"626386,0",2024-09-07,sábado,10:45:00,SC,280,"25,0",ARAQUARI,Condutor deixou de manter distância do veículo da frente,Engavetamento,Com Vítimas Feridas,Pleno dia,Decrescente,Nublado,Simples,Reta,Não,4,0,1,0,3,0,1,3,-26.38352781,-48.72677516,SPRF-SC,DEL03-SC,UOP03-DEL03-SC,2024
"626392,0",2024-09-07,sábado,11:20:00,SC,282,"18,1",PALHOCA,Transitar na contramão,Colisão frontal,Com Vítimas Feridas,Pleno dia,Decrescente,Nublado,Simples,Reta,Sim,3,0,0,2,0,1,2,3,-27.672798,-48.694286,SPRF-SC,DEL01-SC,UOP02-DEL01-SC,2024
"626394,0",2024-09-07,sábado,10:45:00,SC,280,"212,3",TRES BARRAS,Manobra de mudança de faixa,Colisão lateral mesmo sentido,Com Vítimas Feridas,Pleno dia,Decrescente,Céu Claro,Simples,Reta,Não,4,0,3,0,1,0,3,2,-26.17859527,-50.18749694,SPRF-SC,DEL06-SC,UOP04-DEL06-SC,2024
"626408,0",2024-09-07,sábado,10:30:00,SC,101,"331,7",TUBARAO,Desrespeitar a preferência no cruzamento,Colisão transversal,Com Vítimas Feridas,Pleno dia,Crescente,Céu Claro,Múltipla,Reta;Interseção de Vias,Sim,3,0,1,0,2,0,1,2,-28.46574303,-48.99598718,SPRF-SC,DEL02-SC,UOP01-DEL02-SC,2024
"626409,0",2024-09-07,sábado,12:15:00,SC,101,"270,8",IMBITUBA,Demais falhas mecânicas ou elétricas,Tombamento,Com Vítimas Feridas,Pleno dia,Crescente,Nublado,Dupla,Reta,Não,2,0,2,0,0,0,2,1,-28.1015411,-48.70410641,SPRF-SC,DEL02-SC,UOP03-DEL02-SC,2024
"626410,0",2024-09-07,sábado,12:48:00,SC,101,"205,5",SAO JOSE,Trafegar com motocicleta (ou similar) entre as faixas,Colisão lateral mesmo sentido,Com Vítimas Feridas,Pleno dia,Crescente,Céu Claro,Múltipla,Reta,Sim,2,0,1,0,1,0,1,2,-27.58313237,-48.61532885,SPRF-SC,DEL01-SC,UOP01-DEL01-SC,2024
"626417,0",2024-09-07,sábado,10:40:00,SC,280,"75,7",JARAGUA DO SUL,Ultrapassagem Indevida,Colisão frontal,Com Vítimas Feridas,Pleno dia,Decrescente,Nublado,Simples,Curva;Aclive,Não,5,0,0,4,0,1,4,3,-26.456423,-49.186346,SPRF-SC,DEL03-SC,UOP03-DEL03-SC,2024
"626419,0",2024-09-07,sábado,13:20:00,SC,470,"63,3",INDAIAL,Reação tardia ou ineficiente do condutor,Tombamento,Com Vítimas Feridas,Pleno dia,Decrescente,Nublado,Simples,Curva,Não,1,0,1,0,0,0,1,1,-26.87152794,-49.19761419,SPRF-SC,DEL04-SC,UOP01-DEL04-SC,2024
"626443,0",2024-09-07,sábado,15:30:00,SC,101,"40,8",JOINVILLE,Ausência de reação do condutor,Engavetamento,Sem Vítimas,Pleno dia,Crescente,Nublado,Dupla,Aclive,Não,3,0,0,0,3,0,0,3,-26.311898,-48.875375,SPRF-SC,DEL03-SC,UOP01-DEL03-SC,2024
"626455,0",2024-09-07,sábado,17:00:00,SC,101,"148,0",ITAPEMA,Pedestre - Ingestão de álcool/ substâncias psicoativas,Atropelamento de Pedestre,Com Vítimas Feridas,Pleno dia,Decrescente,Nublado,Dupla,Reta,Sim,2,0,0,1,1,0,1,2,-27.10123686,-48.61807962,SPRF-SC,DEL04-SC,UOP03-DEL04-SC,2024
"626462,0",2024-09-07,sábado,17:25:00,SC,101,"57,7",ARAQUARI,Demais falhas mecânicas ou elétricas,Incêndio,Sem Vítimas,Anoitecer,Decrescente,Nublado,Dupla,Curva;Viaduto,Não,1,0,0,0,1,0,0,1,-26.43805688,-48.80347967,SPRF-SC,DEL03-SC,UOP01-DEL03-SC,2024
"626472,0",2024-09-07,sábado,17:55:00,SC,101,"60,2",ARAQUARI,Avarias e/ou desgaste excessivo no pneu,Tombamento,Com Vítimas Feridas,Anoitecer,Decrescente,Nublado,Dupla,Reta,Não,1,0,1,0,0,0,1,1,-26.45072823,-48.78570317,SPRF-SC,DEL03-SC,UOP02-DEL03-SC,2024
"626499,0",2024-09-07,sábado,20:24:00,SC,101,"404,5",ARARANGUA,Condutor deixou de manter distância do veículo da frente,Colisão traseira,Com Vítimas Feridas,Plena Noite,Crescente,Céu Claro,Dupla,Reta,Não,2,0,0,1,1,0,1,2,-28.89358317,-49.4693327,SPRF-SC,DEL02-SC,UOP02-DEL02-SC,2024
"626502,0",2024-09-07,sábado,20:40:00,SC,101,"215,0",PALHOCA,Reação tardia ou ineficiente do condutor,Engavetamento,Com Vítimas Feridas,Plena Noite,Decrescente,Céu Claro,Múltipla,Reta,Sim,3,0,0,1,2,0,1,3,-27.65184843,-48.67604941,SPRF-SC,DEL01-SC,UOP02-DEL01-SC,2024
"626513,0",2024-09-07,sábado,21:15:00,SC,282,"28,9",SANTO AMARO DA IMPERATRIZ,Ingestão de álcool pelo condutor,Saída de leito carroçável,Com Vítimas Feridas,Plena Noite,Decrescente,Céu Claro,Simples,Reta,Não,1,0,1,0,0,0,1,1,-27.67478,-48.778904,SPRF-SC,DEL01-SC,UOP03-DEL01-SC,2024
"626515,0",2024-09-07,sábado,22:15:00,SC,101,"159,0",PORTO BELO,Demais falhas mecânicas ou elétricas,Queda de ocupante de veículo,Com Vítimas Feridas,Plena Noite,Decrescente,Céu Claro,Dupla,Reta,Sim,1,0,1,0,0,0,1,1,-27.1998778,-48.61534236,SPRF-SC,DEL04-SC,UOP03-DEL04-SC,2024
"626525,0",2024-09-03,terça-feira,18:50:00,SC,101,"334,0",TUBARAO,Manobra de mudança de faixa,Colisão lateral mesmo sentido,Com Vítimas Feridas,Plena Noite,Crescente,Céu Claro,Dupla,Curva,Não,2,0,1,0,1,0,1,2,-28.46730446,-49.00604302,SPRF-SC,DEL02-SC,UOP01-DEL02-SC,2024
"626530,0",2024-09-07,sábado,22:45:00,SC,101,"228,2",PALHOCA,Condutor deixou de manter distância do veículo da frente,Colisão lateral mesmo sentido,Com Vítimas Feridas,Plena Noite,Decrescente,Nublado,Múltipla,Curva;Declive,Não,3,0,2,0,0,1,2,2,-27.7597249,-48.63078869,SPRF-SC,DEL01-SC,UOP02-DEL01-SC,2024
"626535,0",2024-09-07,sábado,23:26:00,SC,101,"208,3",SAO JOSE,Ingestão de álcool pelo condutor,Colisão com objeto,Com Vítimas Feridas,Plena Noite,Crescente,Céu Claro,Múltipla,Reta,Não,3,0,0,2,1,0,2,2,-27.60327979,-48.63201818,SPRF-SC,DEL01-SC,UOP01-DEL01-SC,2024
"626552,0",2024-09-07,sábado,21:20:00,SC,282,"115,5",ALFREDO WAGNER,Reação tardia ou ineficiente do condutor,Saída de leito carroçável,Com Vítimas Feridas,Plena Noite,Decrescente,Nublado,Simples,Curva,Não,3,0,2,1,0,0,3,1,-27.755424,-49.39444,SPRF-SC,DEL01-SC,UOP03-DEL01-SC,2024
"626557,0",2024-09-08,domingo,01:20:00,SC,101,"134,0",BALNEARIO CAMBORIU,Ausência de reação do condutor,Tombamento,Com Vítimas Feridas,Plena Noite,Decrescente,Nublado,Dupla,Reta,Sim,1,0,1,0,0,0,1,1,-27.00218,-48.636433,SPRF-SC,DEL04-SC,UOP03-DEL04-SC,2024
"626560,0",2024-09-08,domingo,00:30:00,SC,282,"555,0",NOVA ITABERABA,Reação tardia ou ineficiente do condutor,Saída de leito carroçável,Sem Vítimas,Plena Noite,Crescente,Nublado,Simples,Reta;Em Obras,Não,1,0,0,0,0,1,0,1,-26.935896,-52.810684,SPRF-SC,DEL07-SC,UOP01-DEL07-SC,2024
"626562,0",2024-09-08,domingo,02:20:00,SC,470,"143,0",RIO DO SUL,Ultrapassagem Indevida,Colisão frontal,Com Vítimas Feridas,Plena Noite,Crescente,Nevoeiro/Neblina,Simples,Reta;Ponte,Sim,3,0,0,1,1,1,1,3,-27.233143,-49.672886,SPRF-SC,DEL04-SC,UOP02-DEL04-SC,2024
"626572,0",2024-09-08,domingo,03:00:00,SC,101,"111,0",NAVEGANTES,Ingestão de álcool pelo condutor,Tombamento,Com Vítimas Feridas,Plena Noite,Crescente,Nevoeiro/Neblina,Dupla,Curva,Não,1,0,1,0,0,0,1,1,-26.83955734,-48.71418074,SPRF-SC,DEL04-SC,UOP04-DEL04-SC,2024
"626584,0",2024-09-08,domingo,04:50:00,SC,282,"506,0",XANXERE,Ausência de reação do condutor,Saída de leito carroçável,Sem Vítimas,Plena Noite,Decrescente,Céu Claro,Dupla,Reta,Não,1,0,0,0,0,1,0,1,-26.885712,-52.42907,SPRF-SC,DEL07-SC,UOP01-DEL07-SC,2024
"626673,0",2024-09-08,domingo,15:00:00,SC,101,"282,4",IMBITUBA,Condutor deixou de manter distância do veículo da frente,Colisão traseira,Sem Vítimas,Pleno dia,Crescente,Céu Claro,Dupla,Reta,Não,4,0,0,0,4,0,0,2,-28.19626005,-48.69739859,SPRF-SC,DEL02-SC,UOP03-DEL02-SC,2024
"626680,0",2024-09-08,domingo,14:30:00,SC,101,"24,9",SAO JOSE,Reação tardia ou ineficiente do condutor,Colisão lateral mesmo sentido,Com Vítimas Feridas,Pleno dia,Decrescente,Céu Claro,Dupla,Reta,Não,4,0,1,1,0,2,2,3,-27.5884,-48.6128,SPRF-SC,DEL01-SC,UOP02-DEL01-SC,2024
"626681,0",2024-09-08,domingo,15:45:00,SC,101,"145,1",ITAPEMA,Manobra de mudança de faixa,Colisão lateral mesmo sentido,Com Vítimas Feridas,Pleno dia,Decrescente,Céu Claro,Dupla,Reta,Não,3,0,1,0,2,0,1,2,-27.08139206,-48.60130993,SPRF-SC,DEL04-SC,UOP03-DEL04-SC,2024
"626730,0",2024-09-08,domingo,18:30:00,SC,282,"58,2",RANCHO QUEIMADO,Acessar a via sem observar a presença dos outros veículos,Colisão transversal,Com Vítimas Feridas,Plena Noite,Decrescente,Céu Claro,Simples,Curva;Interseção de Vias,Não,4,0,1,2,1,0,3,2,-27.683594,-49.005539,SPRF-SC,DEL01-SC,UOP03-DEL01-SC,2024
"626770,0",2024-09-08,domingo,17:50:00,SC,280,"116,2",SAO BENTO DO SUL,Transitar na contramão,Colisão lateral sentido oposto,Sem Vítimas,Pleno dia,Crescente,Céu Claro,Simples,Reta;Declive,Sim,2,0,0,0,2,0,0,2,-26.2808956,-49.4169527,SPRF-SC,DEL06-SC,UOP03-DEL06-SC,2024
"626776,0",2024-09-08,domingo,18:00:00,SC,116,"31,5",ITAIOPOLIS,Transitar na contramão,Colisão frontal,Com Vítimas Feridas,Plena Noite,Crescente,Céu Claro,Simples,Reta,Não,5,0,0,2,2,1,2,3,-26.31708989,-49.97099106,SPRF-SC,DEL06-SC,UOP01-DEL06-SC,2024
"626783,0",2024-09-08,domingo,19:30:00,SC,101,"404,7",ARARANGUA,Manobra de mudança de faixa,Saída de leito carroçável,Com Vítimas Feridas,Plena Noite,Decrescente,Nublado,Dupla,Reta,Não,1,0,1,0,0,0,1,1,-28.90109548,-49.47563052,SPRF-SC,DEL02-SC,UOP02-DEL02-SC,2024
"626788,0",2024-09-08,domingo,19:20:00,SC,280,"70,0",JARAGUA DO SUL,Demais falhas mecânicas ou elétricas,Incêndio,Sem Vítimas,Plena Noite,Decrescente,Nublado,Simples,Reta,Sim,1,0,0,0,1,0,0,1,-26.46522052,-49.12675918,SPRF-SC,DEL03-SC,UOP03-DEL03-SC,2024
"626795,0",2024-09-08,domingo,18:35:00,SC,282,"600,2",CUNHA PORA,Ingestão de álcool pelo condutor,Saída de leito carroçável,Sem Vítimas,Anoitecer,Decrescente,Céu Claro,Simples,Curva,Não,1,0,0,0,0,1,0,1,-26.816374,-53.163918,SPRF-SC,DEL07-SC,UOP02-DEL07-SC,2024
"626800,0",2024-09-08,domingo,22:10:00,SC,101,"289,9",IMBITUBA,Objeto estático sobre o leito carroçável,Colisão com objeto,Com Vítimas Feridas,Plena Noite,Crescente,Céu Claro,Dupla,Reta,Sim,3,0,0,1,2,0,1,3,-28.25395282,-48.70289554,SPRF-SC,DEL02-SC,UOP03-DEL02-SC,2024
"626805,0",2024-09-08,domingo,19:20:00,SC,280,"74,2",JARAGUA DO SUL,Transitar na contramão,Colisão frontal,Com Vítimas Feridas,Plena Noite,Crescente,Céu Claro,Simples,Reta,Não,2,0,0,1,1,0,1,2,-26.45877322,-49.16147801,SPRF-SC,DEL03-SC,UOP03-DEL03-SC,2024
"626821,0",2024-09-09,segunda-feira,00:20:00,SC,101,"202,4",SAO JOSE,Ausência de reação do condutor,Colisão traseira,Com Vítimas Fatais,Plena Noite,Decrescente,Nublado,Múltipla,Reta,Sim,3,1,0,0,1,1,0,3,-27.560933,-48.61658,SPRF-SC,DEL01-SC,UOP01-DEL01-SC,2024
"626826,0",2024-09-09,segunda-feira,01:05:00,SC,101,"204,9",SAO JOSE,Reação tardia ou ineficiente do condutor,Colisão com objeto,Com Vítimas Feridas,Plena Noite,Decrescente,Céu Claro,Dupla,Interseção de Vias;Reta,Sim,2,0,1,0,1,0,1,2,-27.58313237,-48.61532885,SPRF-SC,DEL01-SC,UOP01-DEL01-SC,2024
"626829,0",2024-09-09,segunda-feira,02:15:00,SC,101,"203,2",SAO JOSE,Reação tardia ou ineficiente do condutor,Colisão com objeto,Sem Vítimas,Plena Noite,Crescente,Nublado,Múltipla,Declive;Curva,Sim,1,0,0,0,1,0,0,1,-27.5650044,-48.61460082,SPRF-SC,DEL01-SC,UOP01-DEL01-SC,2024
"626839,0",2024-09-09,segunda-feira,01:00:00,SC,470,"153,6",AGRONOMICA,Ausência de reação do condutor,Saída de leito carroçável,Sem Vítimas,Plena Noite,Decrescente,Nevoeiro/Neblina,Simples,Interseção de Vias,Não,1,0,0,0,1,0,0,1,-27.275505,-49.74307767,SPRF-SC,DEL04-SC,UOP02-DEL04-SC,2024
"626877,0",2024-09-09,segunda-feira,08:50:00,SC,101,"116,0",ITAJAI,Manobra de mudança de faixa,Colisão lateral mesmo sentido,Com Vítimas Feridas,Pleno dia,Decrescente,Nublado,Dupla,Reta,Não,3,0,1,0,2,0,1,2,-26.87905605,-48.72603512,SPRF-SC,DEL04-SC,UOP04-DEL04-SC,2024
"626878,0",2024-09-09,segunda-feira,09:00:00,SC,101,"232,0",PALHOCA,Velocidade Incompatível,Colisão com objeto,Com Vítimas Feridas,Pleno dia,Crescente,Chuva,Dupla,Curva,Não,1,0,1,0,0,0,1,1,-27.795666,-48.638153,SPRF-SC,DEL01-SC,UOP02-DEL01-SC,2024
"626908,0",2024-09-09,segunda-feira,11:15:00,SC,101,"189,0",BIGUACU,Avarias e/ou desgaste excessivo no pneu,Colisão com objeto,Com Vítimas Feridas,Pleno dia,Decrescente,Nublado,Dupla,Curva;Aclive,Sim,2,0,1,1,0,0,2,1,-27.459393,-48.638914,SPRF-SC,DEL01-SC,UOP01-DEL01-SC,2024
"626917,0",2024-09-09,segunda-feira,08:10:00,SC,101,"42,2",JOINVILLE,Reação tardia ou ineficiente do condutor,Colisão traseira,Com Vítimas Feridas,Pleno dia,Decrescente,Garoa/Chuvisco,Dupla,Reta;Viaduto,Sim,3,0,1,0,2,0,1,3,-26.29251598,-48.88474385,SPRF-SC,DEL03-SC,UOP01-DEL03-SC,2024
"626924,0",2024-09-09,segunda-feira,13:45:00,SC,282,"2,0",FLORIANOPOLIS,Reação tardia ou ineficiente do condutor,Colisão traseira,Com Vítimas Feridas,Pleno dia,Decrescente,Nublado,Dupla,Reta,Não,2,0,1,0,1,0,1,2,-27.603289,-48.590416,SPRF-SC,DEL01-SC,UOP01-DEL01-SC,2024
"626925,0",2024-09-09,segunda-feira,13:45:00,SC,116,"185,0",SAO CRISTOVAO DO SUL,Acessar a via sem observar a presença dos outros veículos,Colisão transversal,Com Vítimas Feridas,Pleno dia,Decrescente,Céu Claro,Simples,Reta,Sim,2,0,0,1,1,0,1,2,-27.30457329,-50.42005537,SPRF-SC,DEL05-SC,UOP03-DEL05-SC,2024
"626937,0",2024-09-09,segunda-feira,14:50:00,SC,280,"58,1",GUARAMIRIM,Condutor deixou de manter distância do veículo da frente,Colisão traseira,Com Vítimas Feridas,Pleno dia,Crescente,Céu Claro,Dupla,Reta,Sim,2,0,1,0,1,0,1,2,-26.47415593,-49.021211,SPRF-SC,DEL03-SC,UOP03-DEL03-SC,2024
"626941,0",2024-08-16,sexta-feira,10:30:00,SC,282,"31,4",SANTO AMARO DA IMPERATRIZ,Ausência de reação do condutor,Tombamento,Com Vítimas Fatais,Pleno dia,Decrescente,Céu Claro,Simples,Reta,Não,1,1,0,0,0,0,0,1,-27.6990679,-48.7963204,SPRF-SC,DEL01-SC,UOP03-DEL01-SC,2024
"626953,0",2024-09-09,segunda-feira,15:55:00,SC,101,"204,3",SAO JOSE,Reação tardia ou ineficiente do condutor,Colisão lateral mesmo sentido,Com Vítimas Feridas,Pleno dia,Crescente,Nublado,Múltipla,Reta,Sim,1,0,1,0,0,0,1,1,-27.57413014,-48.61363083,SPRF-SC,DEL01-SC,UOP01-DEL01-SC,2024
"626972,0",2024-09-09,segunda-feira,10:20:00,SC,101,"146,0",ITAPEMA,Acessar a via sem observar a presença dos outros veículos,Queda de ocupante de veículo,Com Vítimas Feridas,Pleno dia,Crescente,Céu Claro,Dupla,Retorno Regulamentado;Túnel,Sim,2,0,1,0,1,0,1,2,-27.08666525,-48.60955587,SPRF-SC,DEL04-SC,UOP03-DEL04-SC,2024
"626979,0",2024-09-09,segunda-feira,17:40:00,SC,101,"200,0",SAO JOSE,Manobra de mudança de faixa,Colisão lateral mesmo sentido,Com Vítimas Feridas,Anoitecer,Decrescente,Céu Claro,Dupla,Reta,Sim,2,0,2,0,0,0,2,2,-27.54018513,-48.62287714,SPRF-SC,DEL01-SC,UOP01-DEL01-SC,2024
"626985,0",2024-09-09,segunda-feira,17:00:00,SC,101,"147,6",ITAPEMA,Reação tardia ou ineficiente do condutor,Tombamento,Com Vítimas Feridas,Pleno dia,Crescente,Garoa/Chuvisco,Múltipla,Reta,Sim,2,0,2,0,0,0,2,1,-27.09237407,-48.61730888,SPRF-SC,DEL04-SC,UOP03-DEL04-SC,2024
"627004,0",2024-09-09,segunda-feira,18:00:00,SC,101,"339,4",TUBARAO,Transitar na contramão,Colisão frontal,Com Vítimas Feridas,Anoitecer,Crescente,Céu Claro,Simples,Reta,Sim,2,0,0,1,1,0,1,2,-28.50773984,-49.05013561,SPRF-SC,DEL02-SC,UOP01-DEL02-SC,2024
"627026,0",2024-09-09,segunda-feira,18:10:00,SC,101,"138,0",BALNEARIO CAMBORIU,Condutor deixou de manter distância do veículo da frente,Colisão traseira,Com Vítimas Feridas,Plena Noite,Decrescente,Chuva,Múltipla,Curva,Sim,2,0,1,0,1,0,1,2,-27.02397426,-48.60761649,SPRF-SC,DEL04-SC,UOP03-DEL04-SC,2024
"627032,0",2024-09-09,segunda-feira,21:00:00,SC,101,"35,4",JOINVILLE,Manobra de mudança de faixa,Saída de leito carroçável,Sem Vítimas,Plena Noite,Crescente,Nublado,Dupla,Curva,Não,1,0,0,0,0,1,0,1,-26.2411301,-48.91227415,SPRF-SC,DEL03-SC,UOP01-DEL03-SC,2024
"627052,0",2024-09-10,terça-feira,06:30:00,SC,280,"125,0",RIO NEGRINHO,Acesso irregular,Colisão transversal,Com Vítimas Feridas,Pleno dia,Decrescente,Céu Claro,Simples,Reta,Não,2,0,1,0,1,0,1,2,-26.23763684,-49.48434497,SPRF-SC,DEL06-SC,UOP03-DEL06-SC,2024
"627064,0",2024-09-10,terça-feira,08:35:00,SC,101,"203,0",SAO JOSE,Trafegar com motocicleta (ou similar) entre as faixas,Colisão lateral mesmo sentido,Com Vítimas Feridas,Pleno dia,Decrescente,Céu Claro,Múltipla,Reta;Aclive,Não,2,0,1,0,1,0,1,2,-27.5650044,-48.61460082,SPRF-SC,DEL01-SC,UOP01-DEL01-SC,2024
"627065,0",2024-09-10,terça-feira,07:50:00,SC,101,"211,2",PALHOCA,Manobra de mudança de faixa,Tombamento,Com Vítimas Feridas,Pleno dia,Crescente,Nublado,Múltipla,Reta,Sim,2,0,1,1,0,0,2,1,-27.62329313,-48.65245588,SPRF-SC,DEL01-SC,UOP02-DEL01-SC,2024
"627072,0",2024-09-10,terça-feira,08:50:00,SC,101,"202,0",SAO JOSE,Condutor deixou de manter distância do veículo da frente,Colisão lateral mesmo sentido,Com Vítimas Feridas,Pleno dia,Decrescente,Céu Claro,Múltipla,Aclive,Não,2,0,1,0,1,0,1,2,-27.55711595,-48.61897889,SPRF-SC,DEL01-SC,UOP01-DEL01-SC,2024
"627075,0",2024-09-10,terça-feira,08:00:00,SC,101,"330,0",TUBARAO,Ausência de reação do condutor,Tombamento,Com Vítimas Feridas,Pleno dia,Crescente,Céu Claro,Múltipla,Reta,Não,1,0,1,0,0,0,1,1,-28.45115639,-48.97286879,SPRF-SC,DEL02-SC,UOP01-DEL02-SC,2024
"627082,0",2024-09-10,terça-feira,06:45:00,SC,101,"378,6",ICARA,Ausência de reação do condutor,Saída de leito carroçável,Com Vítimas Feridas,Amanhecer,Crescente,Nublado,Múltipla,Reta,Não,1,0,1,0,0,0,1,1,-28.74952533,-49.26733017,SPRF-SC,DEL02-SC,UOP02-DEL02-SC,2024
"627095,0",2024-09-10,terça-feira,10:30:00,SC,101,"205,3",SAO JOSE,Condutor deixou de manter distância do veículo da frente,Colisão traseira,Com Vítimas Feridas,Pleno dia,Crescente,Céu Claro,Múltipla,Reta,Sim,2,0,1,0,1,0,1,2,-27.58313237,-48.61532885,SPRF-SC,DEL01-SC,UOP01-DEL01-SC,2024
"627132,0",2024-09-10,terça-feira,13:00:00,SC,101,"399,7",MARACAJA,Ausência de reação do condutor,Colisão com objeto,Com Vítimas Feridas,Pleno dia,Crescente,Nublado,Múltipla,Reta,Não,1,0,1,0,0,0,1,1,-28.84171475,-49.42814418,SPRF-SC,DEL02-SC,UOP02-DEL02-SC,2024
"627164,0",2024-09-10,terça-feira,16:50:00,SC,470,"141,6",RIO DO SUL,Ausência de reação do condutor,Colisão transversal,Sem Vítimas,Pleno dia,Crescente,Nublado,Simples,Interseção de Vias;Reta,Sim,2,0,0,0,2,0,0,2,-27.2103562,-49.65200186,SPRF-SC,DEL04-SC,UOP02-DEL04-SC,2024
"627186,0",2024-09-10,terça-feira,18:00:00,SC,101,"140,5",BALNEARIO CAMBORIU,Manobra de mudança de faixa,Colisão lateral mesmo sentido,Com Vítimas Feridas,Plena Noite,Decrescente,Céu Claro,Simples,Túnel;Reta,Sim,2,0,1,0,0,1,1,2,-27.03881189,-48.60025148,SPRF-SC,DEL04-SC,UOP03-DEL04-SC,2024
"627210,0",2024-09-10,terça-feira,20:00:00,SC,101,"334,0",TUBARAO,Reação tardia ou ineficiente do condutor,Colisão com objeto,Sem Vítimas,Plena Noite,Decrescente,Céu Claro,Múltipla,Reta,Sim,3,0,0,0,3,0,0,1,-28.47230349,-49.02271271,SPRF-SC,DEL02-SC,UOP01-DEL02-SC,2024
"627215,0",2024-09-10,terça-feira,20:03:00,SC,101,"126,3",ITAJAI,Pedestre andava na pista,Atropelamento de Pedestre,Com Vítimas Fatais,Plena Noite,Crescente,Nublado,Dupla,Curva,Sim,2,1,0,0,0,1,0,2,-26.9582267,-48.6801093,SPRF-SC,DEL04-SC,UOP04-DEL04-SC,2024
"627216,0",2024-09-10,terça-feira,19:00:00,SC,101,"278,2",IMBITUBA,Ausência de reação do condutor,Colisão com objeto,Com Vítimas Feridas,Plena Noite,Decrescente,Céu Claro,Múltipla,Reta,Sim,1,0,1,0,0,0,1,1,-28.16300604,-48.6939345,SPRF-SC,DEL02-SC,UOP03-DEL02-SC,2024
"627242,0",2024-09-11,quarta-feira,06:50:00,SC,101,"157,3",PORTO BELO,Reação tardia ou ineficiente do condutor,Colisão com objeto,Com Vítimas Feridas,Amanhecer,Decrescente,Nevoeiro/Neblina,Dupla,Reta,Sim,1,0,1,0,0,0,1,1,-27.181625,-48.6121179,SPRF-SC,DEL04-SC,UOP03-DEL04-SC,2024
"627247,0",2024-09-11,quarta-feira,07:22:00,SC,101,"194,6",BIGUACU,Animais na Pista,Colisão com objeto,Com Vítimas Feridas,Pleno dia,Decrescente,Nevoeiro/Neblina,Dupla,Reta,Sim,1,0,1,0,0,0,1,1,-27.49815117,-48.65661236,SPRF-SC,DEL01-SC,UOP01-DEL01-SC,2024
"627262,0",2024-09-11,quarta-feira,08:15:00,SC,101,"208,3",SAO JOSE,Demais falhas mecânicas ou elétricas,Incêndio,Sem Vítimas,Pleno dia,Decrescente,Nevoeiro/Neblina,Múltipla,Reta,Não,1,0,0,0,1,0,0,1,-27.60327979,-48.63201818,SPRF-SC,DEL01-SC,UOP01-DEL01-SC,2024
"627282,0",2024-09-11,quarta-feira,08:40:00,SC,163,"1,0",DIONISIO CERQUEIRA,Acessar a via sem observar a presença dos outros veículos,Colisão traseira,Com Vítimas Feridas,Pleno dia,Decrescente,Céu Claro,Simples,Reta,Sim,2,0,1,0,1,0,1,2,-26.2613,-53.6206,SPRF-SC,DEL07-SC,UOP03-DEL07-SC,2024
"627285,0",2024-09-11,quarta-feira,12:00:00,SC,470,"19,0",ILHOTA,Reação tardia ou ineficiente do condutor,Tombamento,Com Vítimas Feridas,Pleno dia,Decrescente,Céu Claro,Dupla,Reta,Não,1,0,1,0,0,0,1,1,-26.862995,-48.814396,SPRF-SC,DEL04-SC,UOP04-DEL04-SC,2024
"627287,0",2024-09-11,quarta-feira,12:00:00,SC,101,"197,0",BIGUACU,Acesso irregular,Colisão traseira,Com Vítimas Feridas,Pleno dia,Decrescente,Céu Claro,Dupla,Interseção de Vias,Sim,3,0,1,0,1,1,1,3,-27.51844497,-48.63848496,SPRF-SC,DEL01-SC,UOP01-DEL01-SC,2024
"627328,0",2024-09-11,quarta-feira,15:01:00,SC,280,"125,7",RIO NEGRINHO,Transitar na contramão,Colisão transversal,Com Vítimas Feridas,Pleno dia,Crescente,Céu Claro,Simples,Em Obras;Declive;Reta,Sim,2,0,1,0,1,0,1,2,-26.23752984,-49.49228168,SPRF-SC,DEL06-SC,UOP03-DEL06-SC,2024
"627351,0",2024-09-11,quarta-feira,16:00:00,SC,282,"582,0",MARAVILHA,Ausência de reação do condutor,Colisão lateral sentido oposto,Com Vítimas Feridas,Pleno dia,Decrescente,Céu Claro,Simples,Reta,Não,2,0,1,0,1,0,1,1,-26.76441871,-53.21803093,SPRF-SC,DEL07-SC,UOP02-DEL07-SC,2024
"627359,0",2024-09-11,quarta-feira,17:35:00,SC,101,"136,0",BALNEARIO CAMBORIU,Manobra de mudança de faixa,Colisão lateral mesmo sentido,Com Vítimas Feridas,Pleno dia,Decrescente,Céu Claro,Múltipla,Reta,Sim,3,0,2,0,1,0,2,2,-27.008113,-48.617245,SPRF-SC,DEL04-SC,UOP03-DEL04-SC,2024
"627367,0",2024-09-11,quarta-feira,17:50:00,SC,282,"22,7",SANTO AMARO DA IMPERATRIZ,Acessar a via sem observar a presença dos outros veículos,Colisão transversal,Com Vítimas Feridas,Plena Noite,Decrescente,Nublado,Simples,Interseção de Vias;Reta;Ponte,Sim,2,0,0,1,1,0,1,2,-27.688507,-48.72739,SPRF-SC,DEL01-SC,UOP02-DEL01-SC,2024
"627392,0",2024-09-11,quarta-feira,19:00:00,SC,282,"209,0",LAGES,Pedestre andava na pista,Atropelamento de Pedestre,Com Vítimas Feridas,Plena Noite,Crescente,Céu Claro,Simples,Em Obras;Declive;Reta,Não,2,0,1,0,1,0,1,2,-27.776926,-50.221893,SPRF-SC,DEL05-SC,UOP01-DEL05-SC,2024