id,data_inversa,dia_semana,horario,uf,br,km,municipio,causa_acidente,tipo_acidente,classificacao_acidente,fase_dia,sentido_via,condicao_metereologica,tipo_pista,tracado_via,uso_solo,pessoas,mortos,feridos_leves,feridos_graves,ilesos,ignorados,feridos,veiculos,latitude,longitude,regional,delegacia,uop,ano_arquivo
"629417,0",2024-09-20,sexta-feira,14:20:00,SC,280,"126,0",RIO NEGRINHO,Transitar no Acostamento,Colisão lateral mesmo sentido,Com Vítimas Feridas,Pleno dia,Decrescente,Chuva,Simples,Reta,Não,2,0,1,0,1,0,1,2,-26.238,-49.497,SPRF-SC,DEL06-SC,UOP03-DEL06-SC,2024
"629420,0",2024-09-20,sexta-feira,18:00:00,SC,101,"192,0",BIGUACU,Reação tardia ou ineficiente do condutor,Colisão com objeto,Com Vítimas Feridas,Anoitecer,Crescente,Nublado,Dupla,Curva,Sim,4,0,2,0,2,0,2,1,-27.48443781,-48.64765238,SPRF-SC,DEL01-SC,UOP01-DEL01-SC,2024
"629421,0",2024-09-20,sexta-feira,13:30:00,SC,470,"192,0",POUSO REDONDO,Ausência de reação do condutor,Colisão transversal,Com Vítimas Feridas,Pleno dia,Decrescente,Chuva,Dupla,Curva,Não,3,0,3,0,0,0,3,2,-27.293324,-50.078678,SPRF-SC,DEL04-SC,UOP02-DEL04-SC,2024
"629422,0",2024-09-20,sexta-feira,18:00:00,SC,101,"217,0",PALHOCA,Trafegar com motocicleta (ou similar) entre as faixas,Colisão lateral mesmo sentido,Com Vítimas Feridas,Plena Noite,Crescente,Céu Claro,Dupla,Reta,Não,3,0,1,0,2,0,1,3,-27.66779034,-48.67393586,SPRF-SC,DEL01-SC,UOP02-DEL01-SC,2024
"629424,0",2024-09-20,sexta-feira,17:10:00,SC,282,"49,0",AGUAS MORNAS,Pista Escorregadia,Saída de leito carroçável,Com Vítimas Feridas,Anoitecer,Crescente,Chuva,Simples,Curva;Aclive,Não,2,0,2,0,0,0,2,1,-27.712931,-48.943741,SPRF-SC,DEL01-SC,UOP03-DEL01-SC,2024
"629427,0",2024-09-20,sexta-feira,10:30:00,SC,116,"302,9",CAPAO ALTO,Chuva,Saída de leito carroçável,Com Vítimas Feridas,Pleno dia,Crescente,Chuva,Simples,Reta,Não,1,0,1,0,0,0,1,1,-28.1756848,-50.69748402,SPRF-SC,DEL05-SC,UOP02-DEL05-SC,2024
"629453,0",2024-09-20,sexta-feira,20:00:00,SC,282,"4,3",FLORIANOPOLIS,Ausência de reação do condutor,Colisão traseira,Com Vítimas Feridas,Plena Noite,Crescente,Céu Claro,Múltipla,Reta,Sim,2,0,1,0,0,1,1,2,-27.592646,-48.604034,SPRF-SC,DEL01-SC,UOP01-DEL01-SC,2024
"629455,0",2024-09-20,sexta-feira,08:20:00,SC,153,"34,0",PONTE SERRADA,Pista Escorregadia,Saída de leito carroçável,Com Vítimas Feridas,Pleno dia,Crescente,Chuva,Simples,Curva,Não,4,0,3,0,1,0,3,1,-26.805368,-51.720055,SPRF-SC,DEL07-SC,UOP07-DEL07-SC,2024
"629462,0",2024-09-20,sexta-feira,18:50:00,SC,101,"274,8",IMBITUBA,Manobra de mudança de faixa,Colisão transversal,Com Vítimas Feridas,Plena Noite,Decrescente,Nublado,Múltipla,Reta,Não,3,0,0,1,2,0,1,2,-28.145227,-48.691904,SPRF-SC,DEL02-SC,UOP03-DEL02-SC,2024
"629469,0",2024-09-20,sexta-feira,19:40:00,SC,101,"402,0",MARACAJA,Pedestre andava na pista,Atropelamento de Pedestre,Com Vítimas Feridas,Plena Noite,Decrescente,Céu Claro,Dupla,Reta,Não,2,0,0,1,1,0,1,2,-28.86330994,-49.44595308,SPRF-SC,DEL02-SC,UOP02-DEL02-SC,2024
"629476,0",2024-09-20,sexta-feira,21:30:00,SC,101,"324,5",CAPIVARI DE BAIXO,Ingestão de álcool pelo condutor,Colisão traseira,Sem Vítimas,Plena Noite,Decrescente,Céu Claro,Múltipla,Reta,Sim,2,0,0,0,2,0,0,2,-28.42890047,-48.92285509,SPRF-SC,DEL02-SC,UOP01-DEL02-SC,2024
"629497,0",2024-09-20,sexta-feira,23:35:00,SC,280,"167,0",MAFRA,Ausência de reação do condutor,Queda de ocupante de veículo,Com Vítimas Feridas,Plena Noite,Decrescente,Nublado,Simples,Interseção de Vias,Sim,1,0,1,0,0,0,1,1,-26.16857105,-49.81820938,SPRF-SC,DEL06-SC,UOP01-DEL06-SC,2024
"629498,0",2024-09-20,sexta-feira,23:45:00,SC,282,"4,0",FLORIANOPOLIS,Manobra de mudança de faixa,Saída de leito carroçável,Com Vítimas Feridas,Pleno dia,Crescente,Nublado,Simples,Reta,Sim,3,0,1,1,0,1,2,2,-27.592646,-48.604034,SPRF-SC,DEL01-SC,UOP01-DEL01-SC,2024
"629519,0",2024-09-20,sexta-feira,23:15:00,SC,163,"122,0",DIONISIO CERQUEIRA,Ingestão de álcool pelo condutor,Saída de leito carroçável,Com Vítimas Feridas,Plena Noite,Decrescente,Ignorado,Simples,Curva,Não,1,0,1,0,0,0,1,1,-26.31219901,-53.54770398,SPRF-SC,DEL07-SC,UOP03-DEL07-SC,2024
"629523,0",2024-09-20,sexta-feira,16:00:00,SC,101,"144,5",ITAPEMA,Trafegar com motocicleta (ou similar) entre as faixas,Colisão lateral mesmo sentido,Com Vítimas Feridas,Pleno dia,Decrescente,Garoa/Chuvisco,Dupla,Reta,Sim,1,0,1,0,0,0,1,1,-27.0732659,-48.59672716,SPRF-SC,DEL04-SC,UOP03-DEL04-SC,2024
"629537,0",2024-09-21,sábado,06:50:00,SC,101,"253,0",PAULO LOPES,Ingestão de álcool pelo condutor,Saída de leito carroçável,Com Vítimas Feridas,Pleno dia,Decrescente,Céu Claro,Múltipla,Reta,Não,1,0,1,0,0,0,1,1,-27.97337487,-48.67948115,SPRF-SC,DEL02-SC,UOP03-DEL02-SC,2024
"629546,0",2024-09-21,sábado,06:30:00,SC,470,"155,6",AGRONOMICA,Condutor Dormindo,Saída de leito carroçável,Com Vítimas Feridas,Pleno dia,Crescente,Céu Claro,Simples,Reta,Não,1,0,1,0,0,0,1,1,-27.277105,-49.751972,SPRF-SC,DEL04-SC,UOP02-DEL04-SC,2024
"629548,0",2024-09-21,sábado,08:10:00,SC,470,"8,0",NAVEGANTES,Ingestão de álcool pelo condutor,Colisão lateral mesmo sentido,Sem Vítimas,Pleno dia,Crescente,Céu Claro,Dupla,Reta,Não,4,0,0,0,4,0,0,4,-26.83688,-48.718853,SPRF-SC,DEL04-SC,UOP04-DEL04-SC,2024
"629558,0",2024-09-21,sábado,10:05:00,SC,470,"147,1",RIO DO SUL,Ausência de reação do condutor,Colisão transversal,Com Vítimas Feridas,Pleno dia,Decrescente,Nublado,Simples,Reta,Sim,3,0,0,2,1,0,2,2,-27.24289756,-49.68912363,SPRF-SC,DEL04-SC,UOP02-DEL04-SC,2024
"629564,0",2024-09-21,sábado,10:40:00,SC,101,"259,6",GAROPABA,Avarias e/ou desgaste excessivo no pneu,Capotamento,Com Vítimas Feridas,Pleno dia,Decrescente,Céu Claro,Dupla,Reta,Não,2,0,2,0,0,0,2,1,-28.0210609,-48.69789507,SPRF-SC,DEL02-SC,UOP03-DEL02-SC,2024
"629566,0",2024-09-21,sábado,10:40:00,SC,101,"211,1",SAO JOSE,Reação tardia ou ineficiente do condutor,Tombamento,Com Vítimas Feridas,Pleno dia,Decrescente,Céu Claro,Simples,Reta,Sim,2,0,1,1,0,0,2,1,-27.62329313,-48.65245588,SPRF-SC,DEL01-SC,UOP02-DEL01-SC,2024
"629569,0",2024-09-21,sábado,12:07:00,SC,101,"207,0",SAO JOSE,Reação tardia ou ineficiente do condutor,Colisão lateral mesmo sentido,Com Vítimas Feridas,Pleno dia,Crescente,Céu Claro,Múltipla,Reta,Sim,2,0,1,0,1,0,1,2,-27.60001226,-48.6226467,SPRF-SC,DEL01-SC,UOP01-DEL01-SC,2024
"629582,0",2024-09-21,sábado,12:40:00,SC,101,"114,1",ITAJAI,Manobra de mudança de faixa,Colisão traseira,Com Vítimas Feridas,Pleno dia,Decrescente,Céu Claro,Múltipla,Reta,Sim,2,0,1,0,1,0,1,2,-26.86192886,-48.7286704,SPRF-SC,DEL04-SC,UOP04-DEL04-SC,2024
"629592,0",2024-09-21,sábado,13:40:00,SC,101,"3,8",ARARANGUA,Acessar a via sem observar a presença dos outros veículos,Colisão lateral mesmo sentido,Com Vítimas Feridas,Pleno dia,Decrescente,Céu Claro,Simples,Reta,Sim,2,0,1,0,1,0,1,2,-28.94939603,-49.50710893,SPRF-SC,DEL02-SC,UOP02-DEL02-SC,2024
"629608,0",2024-09-21,sábado,16:10:00,SC,153,"95,0",CONCORDIA,Desrespeitar a preferência no cruzamento,Colisão transversal,Com Vítimas Feridas,Pleno dia,Decrescente,Céu Claro,Simples,Reta,Não,3,0,0,1,2,0,1,2,-27.204384,-51.949116,SPRF-SC,DEL07-SC,UOP04-DEL07-SC,2024
"629615,0",2024-09-21,sábado,16:30:00,SC,280,"21,5",ARAQUARI,Desrespeitar a preferência no cruzamento,Colisão transversal,Com Vítimas Feridas,Pleno dia,Decrescente,Céu Claro,Simples,Reta,Sim,2,0,1,0,1,0,1,2,-26.37043169,-48.69219602,SPRF-SC,DEL03-SC,UOP03-DEL03-SC,2024
"629621,0",2024-09-21,sábado,17:15:00,SC,101,"200,0",SAO JOSE,Ausência de reação do condutor,Saída de leito carroçável,Com Vítimas Feridas,Pleno dia,Crescente,Nublado,Dupla,Reta,Sim,1,0,1,0,0,0,1,1,-27.54018513,-48.62287714,SPRF-SC,DEL01-SC,UOP01-DEL01-SC,2024
"629624,0",2024-09-21,sábado,16:30:00,SC,101,"105,0",PENHA,Reação tardia ou ineficiente do condutor,Colisão com objeto,Com Vítimas Feridas,Pleno dia,Decrescente,Céu Claro,Dupla,Reta,Não,2,0,1,0,1,0,1,1,-26.80215497,-48.67891041,SPRF-SC,DEL03-SC,UOP02-DEL03-SC,2024
"629625,0",2024-09-21,sábado,17:25:00,SC,470,"0,0",NAVEGANTES,Acessar a via sem observar a presença dos outros veículos,Colisão transversal,Com Vítimas Feridas,Pleno dia,Decrescente,Céu Claro,Dupla,Reta,Sim,2,0,1,0,1,0,1,2,-26.88232,-48.66183,SPRF-SC,DEL04-SC,UOP04-DEL04-SC,2024
"629630,0",2024-09-21,sábado,17:10:00,SC,282,"584,4",PINHALZINHO,Velocidade Incompatível,Saída de leito carroçável,Com Vítimas Feridas,Pleno dia,Decrescente,Sol,Simples,Curva,Não,2,0,2,0,0,0,2,1,-26.831865,-53.016579,SPRF-SC,DEL07-SC,UOP02-DEL07-SC,2024
"629639,0",2024-09-21,sábado,18:30:00,SC,282,"3,0",SAO JOSE,Ultrapassagem Indevida,Colisão lateral mesmo sentido,Com Vítimas Feridas,Plena Noite,Crescente,Céu Claro,Dupla,Curva,Sim,2,0,1,0,1,0,1,2,-27.592646,-48.604034,SPRF-SC,DEL01-SC,UOP01-DEL01-SC,2024
"629652,0",2024-09-21,sábado,18:50:00,SC,280,"37,0",ARAQUARI,Ingestão de álcool pelo condutor,Colisão lateral sentido oposto,Sem Vítimas,Plena Noite,Decrescente,Céu Claro,Simples,Reta;Em Obras,Não,2,0,0,0,2,0,0,2,-26.44572892,-48.81862707,SPRF-SC,DEL03-SC,UOP03-DEL03-SC,2024
"629685,0",2024-09-21,sábado,21:20:00,SC,101,"196,0",BIGUACU,Ingestão de álcool pelo condutor,Queda de ocupante de veículo,Com Vítimas Feridas,Plena Noite,Decrescente,Céu Claro,Múltipla,Reta,Sim,1,0,0,1,0,0,1,1,-27.51101091,-48.64322292,SPRF-SC,DEL01-SC,UOP01-DEL01-SC,2024
"629700,0",2024-09-21,sábado,15:00:00,SC,470,"68,2",INDAIAL,Velocidade Incompatível,Colisão lateral mesmo sentido,Com Vítimas Feridas,Pleno dia,Decrescente,Nublado,Múltipla,Reta,Sim,4,0,3,0,1,0,3,3,-26.877615,-49.239231,SPRF-SC,DEL04-SC,UOP01-DEL04-SC,2024
"629728,0",2024-09-22,domingo,00:45:00,SC,101,"73,0",ARAQUARI,Condutor Dormindo,Saída de leito carroçável,Com Vítimas Feridas,Plena Noite,Crescente,Céu Claro,Dupla,Reta,Sim,2,0,2,0,0,0,2,1,-26.53567108,-48.71326731,SPRF-SC,DEL03-SC,UOP02-DEL03-SC,2024
"629729,0",2024-09-22,domingo,01:20:00,SC,101,"196,0",BIGUACU,Reação tardia ou ineficiente do condutor,Colisão traseira,Com Vítimas Feridas,Plena Noite,Crescente,Nublado,Dupla,Reta,Sim,3,0,1,0,2,0,1,2,-27.51101091,-48.64322292,SPRF-SC,DEL01-SC,UOP01-DEL01-SC,2024
"629731,0",2024-09-22,domingo,00:07:00,SC,282,"584,0",SAUDADES,Velocidade Incompatível,Capotamento,Sem Vítimas,Plena Noite,Decrescente,Céu Claro,Simples,Em Obras;Aclive;Curva,Não,1,0,0,0,1,0,0,1,-26.831865,-53.016579,SPRF-SC,DEL07-SC,UOP02-DEL07-SC,2024
"629748,0",2024-09-21,sábado,20:40:00,SC,101,"310,0",LAGUNA,Ingestão de álcool pelo condutor,Colisão com objeto,Sem Vítimas,Plena Noite,Decrescente,Céu Claro,Múltipla,Reta,Não,1,0,0,0,0,1,0,1,-28.41679416,-48.79529064,SPRF-SC,DEL02-SC,UOP01-DEL02-SC,2024
"629750,0",2024-09-21,sábado,23:20:00,SC,101,"159,0",PORTO BELO,Ausência de reação do condutor,Queda de ocupante de veículo,Com Vítimas Feridas,Plena Noite,Decrescente,Céu Claro,Dupla,Reta,Não,1,0,1,0,0,0,1,1,-27.1998778,-48.61534236,SPRF-SC,DEL04-SC,UOP03-DEL04-SC,2024
"629752,0",2024-09-22,domingo,00:30:00,SC,101,"142,0",ITAPEMA,Manobra de mudança de faixa,Colisão lateral mesmo sentido,Com Vítimas Feridas,Plena Noite,Decrescente,Nublado,Dupla,Curva,Sim,2,0,1,0,0,1,1,2,-27.056089,-48.599449,SPRF-SC,DEL04-SC,UOP03-DEL04-SC,2024
"629753,0",2024-09-22,domingo,04:50:00,SC,101,"130,0",BALNEARIO CAMBORIU,Ausência de reação do condutor,Queda de ocupante de veículo,Com Vítimas Feridas,Plena Noite,Crescente,Céu Claro,Dupla,Reta,Não,1,0,0,1,0,0,1,1,-26.98407618,-48.66977107,SPRF-SC,DEL04-SC,UOP03-DEL04-SC,2024
"629757,0",2024-09-22,domingo,04:40:00,SC,116,"167,9",PONTE ALTA DO NORTE,Velocidade Incompatível,Capotamento,Com Vítimas Feridas,Plena Noite,Decrescente,Nevoeiro/Neblina,Simples,Curva;Declive,Sim,1,0,0,1,0,0,1,1,-27.16859697,-50.46434991,SPRF-SC,DEL05-SC,UOP03-DEL05-SC,2024
"629764,0",2024-09-22,domingo,06:00:00,SC,282,"5,0",SAO JOSE,Ausência de reação do condutor,Colisão com objeto,Com Vítimas Feridas,Amanhecer,Crescente,Céu Claro,Múltipla,Viaduto;Declive;Curva,Sim,2,0,1,0,0,1,1,2,-27.588425,-48.612919,SPRF-SC,DEL01-SC,UOP01-DEL01-SC,2024
"629772,0",2024-09-22,domingo,02:35:00,SC,480,"127,4",CHAPECO,Velocidade Incompatível,Saída de leito carroçável,Com Vítimas Feridas,Plena Noite,Decrescente,Céu Claro,Dupla,Curva,Sim,2,0,1,1,0,0,2,1,-27.02885905,-52.63380035,SPRF-SC,DEL07-SC,UOP01-DEL07-SC,2024
"629775,0",2024-09-22,domingo,07:30:00,SC,101,"88,1",BARRA VELHA,Velocidade Incompatível,Colisão com objeto,Com Vítimas Feridas,Pleno dia,Decrescente,Céu Claro,Dupla,Reta,Sim,2,0,0,2,0,0,2,1,-26.64253985,-48.68950684,SPRF-SC,DEL03-SC,UOP02-DEL03-SC,2024
"629777,0",2024-09-22,domingo,06:40:00,SC,101,"131,0",BALNEARIO CAMBORIU,Manobra de mudança de faixa,Colisão lateral mesmo sentido,Sem Vítimas,Pleno dia,Decrescente,Nublado,Dupla,Reta,Sim,3,0,0,0,2,1,0,2,-26.99064209,-48.66310912,SPRF-SC,DEL04-SC,UOP03-DEL04-SC,2024
"629827,0",2024-09-22,domingo,12:30:00,SC,282,"3,4",FLORIANOPOLIS,Objeto estático sobre o leito carroçável,Colisão traseira,Com Vítimas Feridas,Pleno dia,Crescente,Céu Claro,Múltipla,Reta,Sim,4,0,1,0,3,0,1,2,-27.60278053,-48.59353781,SPRF-SC,DEL01-SC,UOP01-DEL01-SC,2024
"629835,0",2024-09-22,domingo,13:50:00,SC,101,"45,8",JOINVILLE,Entrada inopinada do pedestre,Atropelamento de Pedestre,Com Vítimas Feridas,Pleno dia,Crescente,Céu Claro,Dupla,Reta,Sim,2,0,0,1,1,0,1,2,-26.33150083,-48.86187762,SPRF-SC,DEL03-SC,UOP01-DEL03-SC,2024
"629855,0",2024-09-22,domingo,15:35:00,SC,101,"214,3",PALHOCA,Acumulo de óleo sobre o pavimento,Tombamento,Com Vítimas Feridas,Pleno dia,Decrescente,Céu Claro,Múltipla,Reta;Retorno Regulamentado,Sim,1,0,1,0,0,0,1,1,-27.64443,-48.67057,SPRF-SC,DEL01-SC,UOP02-DEL01-SC,2024
"629875,0",2024-09-22,domingo,17:15:00,SC,101,"210,0",SAO JOSE,Reação tardia ou ineficiente do condutor,Colisão traseira,Sem Vítimas,Pleno dia,Decrescente,Céu Claro,Múltipla,Reta,Sim,2,0,0,0,1,1,0,2,-27.6167305,-48.6457265,SPRF-SC,DEL01-SC,UOP01-DEL01-SC,2024
"629884,0",2024-09-22,domingo,17:00:00,SC,480,"127,2",CHAPECO,Reação tardia ou ineficiente do condutor,Colisão com objeto,Sem Vítimas,Pleno dia,Crescente,Céu Claro,Simples,Reta,Sim,2,0,0,0,2,0,0,1,-27.031517,-52.633895,SPRF-SC,DEL07-SC,UOP01-DEL07-SC,2024
"629905,0",2024-09-22,domingo,18:40:00,SC,280,"126,7",RIO NEGRINHO,Reação tardia ou ineficiente do condutor,Colisão com objeto,Sem Vítimas,Plena Noite,Crescente,Céu Claro,Simples,Reta;Declive,Sim,2,0,0,0,2,0,0,2,-26.23779604,-49.49427399,SPRF-SC,DEL06-SC,UOP03-DEL06-SC,2024
"629908,0",2024-09-22,domingo,16:30:00,SC,116,"182,0",SAO CRISTOVAO DO SUL,Reação tardia ou ineficiente do condutor,Saída de leito carroçável,Sem Vítimas,Pleno dia,Crescente,Céu Claro,Simples,Reta,Não,2,0,0,0,2,0,0,1,-27.28432303,-50.43403407,SPRF-SC,DEL05-SC,UOP03-DEL05-SC,2024
"629925,0",2024-09-22,domingo,18:00:00,SC,282,"617,8",IRACEMINHA,Ausência de reação do condutor,Colisão traseira,Com Vítimas Feridas,Pleno dia,Decrescente,Céu Claro,Simples,Reta,Sim,3,0,1,0,2,0,1,2,-26.782682,-53.285789,SPRF-SC,DEL07-SC,UOP02-DEL07-SC,2024
"629930,0",2024-09-22,domingo,19:00:00,SC,280,"23,5",ARAQUARI,Ausência de reação do condutor,Engavetamento,Com Vítimas Fatais,Plena Noite,Crescente,Céu Claro,Simples,Reta,Não,3,1,0,0,2,0,0,3,-26.374207,-48.715993,SPRF-SC,DEL03-SC,UOP03-DEL03-SC,2024
"629936,0",2024-09-22,domingo,21:00:00,SC,470,"65,1",INDAIAL,Acessar a via sem observar a presença dos outros veículos,Colisão transversal,Com Vítimas Fatais,Plena Noite,Decrescente,Céu Claro,Simples,Reta;Em Obras,Sim,2,1,0,0,1,0,0,2,-26.870411,-49.211864,SPRF-SC,DEL04-SC,UOP01-DEL04-SC,2024
"629943,0",2024-09-22,domingo,20:00:00,SC,101,"130,0",BALNEARIO CAMBORIU,Desrespeitar a preferência no cruzamento,Colisão transversal,Com Vítimas Feridas,Plena Noite,Crescente,Céu Claro,Múltipla,Retorno Regulamentado,Sim,2,0,1,0,1,0,1,2,-26.98407618,-48.66977107,SPRF-SC,DEL04-SC,UOP03-DEL04-SC,2024
"629945,0",2024-09-22,domingo,20:30:00,SC,101,"135,0",BALNEARIO CAMBORIU,Ausência de reação do condutor,Colisão com objeto,Com Vítimas Feridas,Plena Noite,Crescente,Céu Claro,Simples,Reta,Sim,1,0,0,1,0,0,1,1,-27.0050108,-48.62677494,SPRF-SC,DEL04-SC,UOP03-DEL04-SC,2024
"629949,0",2024-09-22,domingo,21:00:00,SC,101,"214,5",PALHOCA,Reação tardia ou ineficiente do condutor,Saída de leito carroçável,Sem Vítimas,Plena Noite,Decrescente,Céu Claro,Múltipla,Reta,Sim,1,0,0,0,1,0,0,1,-27.64443,-48.67057,SPRF-SC,DEL01-SC,UOP02-DEL01-SC,2024
"629955,0",2024-09-22,domingo,22:15:00,SC,282,"6,0",SAO JOSE,Ausência de reação do condutor,Colisão com objeto,Com Vítimas Feridas,Plena Noite,Crescente,Céu Claro,Múltipla,Curva;Declive,Não,1,0,1,0,0,0,1,1,-27.58313237,-48.61532885,SPRF-SC,DEL01-SC,UOP01-DEL01-SC,2024
"629959,0",2024-09-22,domingo,19:40:00,SC,101,"360,0",SANGAO,Ausência de reação do condutor,Colisão lateral mesmo sentido,Com Vítimas Feridas,Plena Noite,Crescente,Céu Claro,Múltipla,Reta,Sim,2,0,1,0,1,0,1,2,-28.65823109,-49.10991486,SPRF-SC,DEL02-SC,UOP01-DEL02-SC,2024
"629966,0",2024-09-22,domingo,22:00:00,SC,116,"214,6",PONTE ALTA,Ingestão de álcool pelo condutor,Saída de leito carroçável,Com Vítimas Feridas,Plena Noite,Crescente,Céu Claro,Simples,Reta;Declive,Não,1,0,1,0,0,0,1,1,-27.53188987,-50.37131713,SPRF-SC,DEL05-SC,UOP03-DEL05-SC,2024
"629971,0",2024-09-22,domingo,18:50:00,SC,101,"457,0",SAO JOAO DO SUL,Reação tardia ou ineficiente do condutor,Tombamento,Com Vítimas Feridas,Anoitecer,Decrescente,Nevoeiro/Neblina,Múltipla,Reta,Sim,1,0,1,0,0,0,1,1,-29.2321129,-49.7583037,SPRF-SC,DEL02-SC,UOP02-DEL02-SC,2024
"629973,0",2024-09-22,domingo,18:05:00,SC,101,"322,0",PESCARIA BRAVA,Transitar no Acostamento,Colisão traseira,Com Vítimas Fatais,Anoitecer,Crescente,Céu Claro,Dupla,Curva;Aclive,Não,3,1,0,0,2,0,0,2,-28.4291718,-48.9172158,SPRF-SC,DEL02-SC,UOP01-DEL02-SC,2024
"630021,0",2024-09-23,segunda-feira,08:45:00,SC,101,"139,0",BALNEARIO CAMBORIU,Demais falhas mecânicas ou elétricas,Incêndio,Sem Vítimas,Pleno dia,Crescente,Nublado,Múltipla,Reta;Aclive,Sim,1,0,0,0,1,0,0,1,-27.02982303,-48.60115006,SPRF-SC,DEL04-SC,UOP03-DEL04-SC,2024
"630027,0",2024-09-23,segunda-feira,06:15:00,SC,282,"162,7",BOM RETIRO,Condutor Dormindo,Saída de leito carroçável,Com Vítimas Feridas,Pleno dia,Decrescente,Céu Claro,Simples,Reta,Não,1,0,1,0,0,0,1,1,-27.729252,-49.77306,SPRF-SC,DEL05-SC,UOP01-DEL05-SC,2024
"630036,0",2024-09-23,segunda-feira,05:20:00,SC,470,"174,0",POUSO REDONDO,Ausência de sinalização,Saída de leito carroçável,Com Vítimas Feridas,Amanhecer,Crescente,Céu Claro,Simples,Reta;Em Obras,Não,4,0,4,0,0,0,4,1,-27.258179,-49.929146,SPRF-SC,DEL04-SC,UOP02-DEL04-SC,2024
"630071,0",2024-09-23,segunda-feira,13:20:00,SC,163,"101,4",SAO JOSE DO CEDRO,Acessar a via sem observar a presença dos outros veículos,Colisão transversal,Com Vítimas Feridas,Pleno dia,Decrescente,Céu Claro,Simples,Reta;Aclive,Não,2,0,1,0,1,0,1,2,-26.47803802,-53.50670007,SPRF-SC,DEL07-SC,UOP03-DEL07-SC,2024
"630099,0",2024-09-23,segunda-feira,16:30:00,SC,280,"132,7",RIO NEGRINHO,Acessar a via sem observar a presença dos outros veículos,Colisão transversal,Com Vítimas Feridas,Pleno dia,Crescente,Céu Claro,Simples,Rotatória;Retorno Regulamentado;Desvio Temporário;Em Obras,Sim,2,0,1,0,1,0,1,2,-26.26789066,-49.5539242,SPRF-SC,DEL06-SC,UOP03-DEL06-SC,2024
"630118,0",2024-09-23,segunda-feira,18:38:00,SC,101,"12,5",BIGUACU,Animais na Pista,Atropelamento de Animal,Com Vítimas Feridas,Plena Noite,Crescente,Nublado,Dupla,Reta,Não,3,0,3,0,0,0,3,3,-27.4946,-48.6561,SPRF-SC,DEL01-SC,UOP01-DEL01-SC,2024
"630120,0",2024-09-23,segunda-feira,17:40:00,SC,282,"73,0",SAO MIGUEL DO OESTE,Animais na Pista,Atropelamento de Animal,Com Vítimas Feridas,Anoitecer,Crescente,Céu Claro,Simples,Interseção de Vias,Não,1,0,1,0,0,0,1,1,-26.70733745,-53.51410389,SPRF-SC,DEL01-SC,UOP03-DEL01-SC,2024
"630125,0",2024-09-23,segunda-feira,18:30:00,SC,101,"5,8",ARARANGUA,Ausência de reação do condutor,Colisão traseira,Com Vítimas Feridas,Plena Noite,Decrescente,Garoa/Chuvisco,Simples,Interseção de Vias;Reta,Sim,4,0,1,0,3,0,1,4,-28.96369334,-49.51950073,SPRF-SC,DEL03-SC,UOP01-DEL03-SC,2024
"630148,0",2024-09-23,segunda-feira,20:00:00,SC,282,"190,3",LAGES,Falta de elemento de contenção que evite a saída do leito carroçável,Saída de leito carroçável,Com Vítimas Feridas,Plena Noite,Decrescente,Nublado,Simples,Curva,Não,2,0,1,0,1,0,1,1,-27.73688034,-50.03986001,SPRF-SC,DEL05-SC,UOP01-DEL05-SC,2024
"630168,0",2024-09-24,terça-feira,00:00:00,SC,101,"43,3",JOINVILLE,Ingestão de álcool pelo condutor,Colisão com objeto,Sem Vítimas,Plena Noite,Decrescente,Chuva,Dupla,Aclive;Reta,Não,1,0,0,0,1,0,0,1,-26.33344155,-48.86087894,SPRF-SC,DEL03-SC,UOP01-DEL03-SC,2024
"630174,0",2024-09-24,terça-feira,01:30:00,SC,101,"389,1",CRICIUMA,Ingestão de álcool pelo condutor,Colisão com objeto,Com Vítimas Feridas,Plena Noite,Decrescente,Garoa/Chuvisco,Múltipla,Viaduto,Não,1,0,1,0,0,0,1,1,-28.80166084,-49.36500549,SPRF-SC,DEL02-SC,UOP02-DEL02-SC,2024
"630205,0",2024-09-24,terça-feira,07:40:00,SC,101,"206,0",SAO JOSE,Reação tardia ou ineficiente do condutor,Queda de ocupante de veículo,Com Vítimas Feridas,Pleno dia,Decrescente,Nublado,Múltipla,Reta,Sim,1,0,1,0,0,0,1,1,-27.59193546,-48.61824557,SPRF-SC,DEL01-SC,UOP01-DEL01-SC,2024
"630238,0",2024-09-24,terça-feira,12:10:00,SC,470,"70,5",INDAIAL,Acessar a via sem observar a presença dos outros veículos,Tombamento,Com Vítimas Feridas,Pleno dia,Decrescente,Céu Claro,Dupla,Reta;Em Obras;Viaduto,Sim,1,0,1,0,0,0,1,1,-26.889374,-49.254478,SPRF-SC,DEL04-SC,UOP01-DEL04-SC,2024
"630252,0",2024-09-24,terça-feira,14:10:00,SC,101,"214,0",PALHOCA,Reação tardia ou ineficiente do condutor,Colisão traseira,Com Vítimas Feridas,Pleno dia,Decrescente,Céu Claro,Dupla,Reta,Sim,2,0,0,1,1,0,1,2,-27.64443,-48.67057,SPRF-SC,DEL01-SC,UOP02-DEL01-SC,2024
"630253,0",2024-09-24,terça-feira,13:00:00,SC,280,"179,5",MAFRA,Ausência de reação do condutor,Saída de leito carroçável,Com Vítimas Feridas,Pleno dia,Decrescente,Céu Claro,Simples,Reta,Não,1,0,0,1,0,0,1,1,-26.17768641,-49.87831496,SPRF-SC,DEL06-SC,UOP01-DEL06-SC,2024
"630275,0",2024-09-24,terça-feira,17:00:00,SC,101,"157,0",PORTO BELO,Ausência de reação do condutor,Colisão traseira,Com Vítimas Feridas,Pleno dia,Crescente,Céu Claro,Dupla,Reta,Sim,3,0,0,1,2,0,1,2,-27.181625,-48.6121179,SPRF-SC,DEL04-SC,UOP03-DEL04-SC,2024