id,data_inversa,dia_semana,horario,uf,br,km,municipio,causa_acidente,tipo_acidente,classificacao_acidente,fase_dia,sentido_via,condicao_metereologica,tipo_pista,tracado_via,uso_solo,pessoas,mortos,feridos_leves,feridos_graves,ilesos,ignorados,feridos,veiculos,latitude,longitude,regional,delegacia,uop,ano_arquivo
"632319,0",2024-10-03,quinta-feira,17:55:00,SC,282,"3,0",FLORIANOPOLIS,Velocidade Incompatível,Colisão lateral mesmo sentido,Com Vítimas Feridas,Pleno dia,Crescente,Céu Claro,Múltipla,Reta,Sim,3,0,1,0,0,2,1,3,-27.600384,-48.599705,SPRF-SC,DEL01-SC,UOP01-DEL01-SC,2024
"632408,0",2024-10-04,sexta-feira,07:00:00,SC,282,"3,5",FLORIANOPOLIS,Trafegar com motocicleta (ou similar) entre as faixas,Colisão traseira,Com Vítimas Feridas,Pleno dia,Decrescente,Nublado,Múltipla,Reta,Sim,2,0,1,0,1,0,1,2,-27.600384,-48.599705,SPRF-SC,DEL01-SC,UOP01-DEL01-SC,2024
"632410,0",2024-10-04,sexta-feira,07:45:00,SC,470,"47,2",BLUMENAU,Ausência de reação do condutor,Colisão lateral mesmo sentido,Com Vítimas Feridas,Pleno dia,Crescente,Nublado,Simples,Curva;Em Obras,Sim,2,0,2,0,0,0,2,2,-26.864044,-49.046516,SPRF-SC,DEL04-SC,UOP01-DEL04-SC,2024
"632412,0",2024-10-04,sexta-feira,07:40:00,SC,101,"205,0",SAO JOSE,Ausência de reação do condutor,Queda de ocupante de veículo,Com Vítimas Feridas,Pleno dia,Decrescente,Céu Claro,Múltipla,Reta,Sim,2,0,2,0,0,0,2,2,-27.58313237,-48.61532885,SPRF-SC,DEL01-SC,UOP01-DEL01-SC,2024
"632418,0",2024-10-04,sexta-feira,08:20:00,SC,282,"460,0",PONTE SERRADA,Acessar a via sem observar a presença dos outros veículos,Colisão transversal,Sem Vítimas,Pleno dia,Decrescente,Céu Claro,Simples,Reta,Sim,2,0,0,0,2,0,0,2,-26.88288046,-52.0119381,SPRF-SC,DEL07-SC,UOP04-DEL07-SC,2024
"632423,0",2024-10-04,sexta-feira,08:06:00,SC,101,"63,0",ARAQUARI,Objeto estático sobre o leito carroçável,Colisão com objeto,Com Vítimas Feridas,Pleno dia,Crescente,Nublado,Dupla,Curva,Sim,2,0,1,0,1,0,1,1,-26.45898367,-48.7584088,SPRF-SC,DEL03-SC,UOP02-DEL03-SC,2024
"632424,0",2024-10-04,sexta-feira,07:50:00,SC,101,"437,0",SOMBRIO,Manobra de mudança de faixa,Colisão com objeto,Com Vítimas Feridas,Pleno dia,Crescente,Sol,Dupla,Reta;Aclive,Sim,1,0,0,1,0,0,1,1,-29.116756,-49.640408,SPRF-SC,DEL02-SC,UOP02-DEL02-SC,2024
"632426,0",2024-07-28,domingo,12:55:00,SC,470,"172,9",POUSO REDONDO,Ausência de reação do condutor,Saída de leito carroçável,Com Vítimas Feridas,Pleno dia,Decrescente,Ignorado,Simples,Curva;Aclive,Sim,1,0,0,1,0,0,1,1,-27.25998965,-49.91992235,SPRF-SC,DEL04-SC,UOP02-DEL04-SC,2024
"632432,0",2024-10-04,sexta-feira,06:30:00,SC,282,"457,9",PONTE SERRADA,Condutor Dormindo,Colisão com objeto,Com Vítimas Feridas,Pleno dia,Crescente,Céu Claro,Simples,Curva,Não,1,0,0,1,0,0,1,1,-26.880604,-52.013371,SPRF-SC,DEL07-SC,UOP04-DEL07-SC,2024
"632434,0",2024-09-02,segunda-feira,07:40:00,SC,101,"113,0",ITAJAI,Demais falhas mecânicas ou elétricas,Incêndio,Com Vítimas Feridas,Pleno dia,Crescente,Sol,Dupla,Reta,Não,1,0,1,0,0,0,1,1,-26.85311393,-48.72689927,SPRF-SC,DEL04-SC,UOP04-DEL04-SC,2024
"632439,0",2024-10-04,sexta-feira,04:50:00,SC,101,"133,0",BALNEARIO CAMBORIU,Reação tardia ou ineficiente do condutor,Colisão traseira,Com Vítimas Feridas,Amanhecer,Decrescente,Nublado,Dupla,Reta;Declive,Sim,2,0,1,0,1,0,1,2,-26.99936,-48.64609,SPRF-SC,DEL04-SC,UOP03-DEL04-SC,2024
"632453,0",2024-07-26,sexta-feira,22:00:00,SC,470,"132,0",RIO DO SUL,Acessar a via sem observar a presença dos outros veículos,Colisão transversal,Sem Vítimas,Plena Noite,Decrescente,Céu Claro,Simples,Reta,Não,2,0,0,0,1,1,0,2,-27.170237,-49.574718,SPRF-SC,DEL04-SC,UOP02-DEL04-SC,2024
"632483,0",2024-10-04,sexta-feira,11:50:00,SC,101,"438,0",SOMBRIO,Ingestão de álcool pelo condutor,Saída de leito carroçável,Com Vítimas Feridas,Pleno dia,Crescente,Nublado,Múltipla,Reta,Sim,1,0,1,0,0,0,1,1,-29.12393556,-49.65709805,SPRF-SC,DEL02-SC,UOP02-DEL02-SC,2024
"632496,0",2024-10-04,sexta-feira,14:50:00,SC,101,"120,5",ITAJAI,Manobra de mudança de faixa,Colisão lateral mesmo sentido,Com Vítimas Feridas,Pleno dia,Crescente,Nublado,Dupla,Reta,Não,2,0,0,1,1,0,1,2,-26.912758,-48.711998,SPRF-SC,DEL04-SC,UOP04-DEL04-SC,2024
"632509,0",2024-10-04,sexta-feira,15:45:00,SC,101,"163,0",TIJUCAS,Desrespeitar a preferência no cruzamento,Colisão lateral mesmo sentido,Sem Vítimas,Pleno dia,Crescente,Céu Claro,Simples,Reta,Sim,2,0,0,0,1,1,0,2,-27.23461699,-48.63039809,SPRF-SC,DEL04-SC,UOP03-DEL04-SC,2024
"632512,0",2024-10-04,sexta-feira,16:45:00,SC,470,"47,0",BLUMENAU,Ultrapassagem Indevida,Colisão lateral mesmo sentido,Com Vítimas Feridas,Anoitecer,Crescente,Nublado,Simples,Curva;Desvio Temporário,Não,2,0,1,0,1,0,1,2,-26.864044,-49.046516,SPRF-SC,DEL04-SC,UOP01-DEL04-SC,2024
"632515,0",2024-10-04,sexta-feira,16:30:00,SC,101,"147,0",ITAPEMA,Manobra de mudança de faixa,Colisão lateral mesmo sentido,Com Vítimas Feridas,Pleno dia,Decrescente,Céu Claro,Múltipla,Reta,Sim,2,0,1,0,1,0,1,2,-27.09237407,-48.61730888,SPRF-SC,DEL04-SC,UOP03-DEL04-SC,2024
"632519,0",2024-10-04,sexta-feira,16:00:00,SC,282,"495,7",XANXERE,Acessar a via sem observar a presença dos outros veículos,Colisão frontal,Com Vítimas Feridas,Pleno dia,Decrescente,Céu Claro,Simples,Reta,Não,5,0,2,1,2,0,3,3,-26.875349,-52.327076,SPRF-SC,DEL07-SC,UOP01-DEL07-SC,2024
"632532,0",2024-10-04,sexta-feira,17:39:00,SC,470,"44,9",GASPAR,Condutor deixou de manter distância do veículo da frente,Colisão lateral mesmo sentido,Com Vítimas Feridas,Anoitecer,Decrescente,Céu Claro,Dupla,Reta,Não,2,0,1,0,1,0,1,2,-26.870665,-49.021896,SPRF-SC,DEL04-SC,UOP01-DEL04-SC,2024
"632534,0",2024-10-04,sexta-feira,17:25:00,SC,101,"97,0",BALNEARIO PICARRAS,Avarias e/ou desgaste excessivo no pneu,Tombamento,Com Vítimas Feridas,Pleno dia,Decrescente,Céu Claro,Dupla,Reta,Não,2,0,1,1,0,0,2,1,-26.72823703,-48.70224928,SPRF-SC,DEL03-SC,UOP02-DEL03-SC,2024
"632549,0",2024-10-04,sexta-feira,17:30:00,SC,101,"152,0",ITAPEMA,Ultrapassagem Indevida,Colisão lateral mesmo sentido,Sem Vítimas,Anoitecer,Decrescente,Céu Claro,Dupla,Reta,Sim,2,0,0,0,2,0,0,2,-27.13563503,-48.61004665,SPRF-SC,DEL04-SC,UOP03-DEL04-SC,2024
"632558,0",2024-10-04,sexta-feira,19:00:00,SC,101,"216,2",PALHOCA,Reação tardia ou ineficiente do condutor,Colisão traseira,Com Vítimas Feridas,Plena Noite,Decrescente,Nublado,Múltipla,Reta,Sim,2,0,1,0,1,0,1,2,-27.65981409,-48.67747798,SPRF-SC,DEL01-SC,UOP02-DEL01-SC,2024
"632566,0",2024-10-04,sexta-feira,17:50:00,SC,282,"324,9",CAMPOS NOVOS,Velocidade Incompatível,Saída de leito carroçável,Com Vítimas Feridas,Pleno dia,Decrescente,Céu Claro,Simples,Reta,Não,5,0,0,4,0,1,4,2,-27.387329,-51.055897,SPRF-SC,DEL07-SC,UOP06-DEL07-SC,2024
"632579,0",2024-10-04,sexta-feira,20:00:00,SC,101,"148,0",ITAPEMA,Ausência de reação do condutor,Colisão traseira,Sem Vítimas,Plena Noite,Crescente,Céu Claro,Múltipla,Reta,Sim,2,0,0,0,2,0,0,2,-27.10294056,-48.61748993,SPRF-SC,DEL04-SC,UOP03-DEL04-SC,2024
"632584,0",2024-10-04,sexta-feira,20:40:00,SC,470,"2,3",NAVEGANTES,Ausência de reação do condutor,Colisão traseira,Com Vítimas Feridas,Plena Noite,Crescente,Nublado,Dupla,Reta,Não,3,0,1,0,2,0,1,2,-26.868551,-48.674831,SPRF-SC,DEL04-SC,UOP04-DEL04-SC,2024
"632593,0",2024-10-04,sexta-feira,20:15:00,SC,280,"302,0",PORTO UNIAO,Ausência de reação do condutor,Saída de leito carroçável,Com Vítimas Feridas,Plena Noite,Decrescente,Nublado,Simples,Reta,Sim,1,0,1,0,0,0,1,1,-26.28206426,-51.04715824,SPRF-SC,DEL06-SC,UOP04-DEL06-SC,2024
"632624,0",2024-10-04,sexta-feira,21:30:00,SC,101,"298,0",IMBITUBA,Demais falhas mecânicas ou elétricas,Incêndio,Sem Vítimas,Plena Noite,Decrescente,Ignorado,Múltipla,Reta,Sim,1,0,0,0,1,0,0,1,-28.32102597,-48.72829906,SPRF-SC,DEL02-SC,UOP03-DEL02-SC,2024
"632628,0",2024-10-04,sexta-feira,21:50:00,SC,282,"467,6",PONTE SERRADA,Ultrapassagem Indevida,Colisão frontal,Com Vítimas Feridas,Plena Noite,Crescente,Céu Claro,Simples,Aclive;Reta,Não,2,0,2,0,0,0,2,2,-26.854425,-52.096107,SPRF-SC,DEL07-SC,UOP04-DEL07-SC,2024
"632646,0",2024-10-05,sábado,04:20:00,SC,101,"207,8",SAO JOSE,Condutor Dormindo,Tombamento,Com Vítimas Feridas,Plena Noite,Crescente,Nublado,Múltipla,Curva,Sim,1,0,0,1,0,0,1,1,-27.60327979,-48.63201818,SPRF-SC,DEL01-SC,UOP01-DEL01-SC,2024
"632652,0",2024-10-05,sábado,05:30:00,SC,116,"1,4",MAFRA,Ingestão de álcool pelo condutor,Saída de leito carroçável,Sem Vítimas,Amanhecer,Crescente,Nublado,Simples,Reta,Sim,1,0,0,0,1,0,0,1,-26.1170929,-49.78694917,SPRF-SC,DEL06-SC,UOP01-DEL06-SC,2024
"632659,0",2024-10-05,sábado,05:00:00,SC,163,"82,4",GUARACIABA,Velocidade Incompatível,Saída de leito carroçável,Sem Vítimas,Amanhecer,Crescente,Céu Claro,Simples,Curva;Aclive,Não,1,0,0,0,1,0,0,1,-26.6327579,-53.51856923,SPRF-SC,DEL07-SC,UOP03-DEL07-SC,2024
"632682,0",2024-10-05,sábado,08:15:00,SC,101,"216,3",PALHOCA,Desrespeitar a preferência no cruzamento,Colisão transversal,Com Vítimas Feridas,Pleno dia,Decrescente,Céu Claro,Múltipla,Viaduto,Sim,2,0,1,0,1,0,1,2,-27.65981409,-48.67747798,SPRF-SC,DEL01-SC,UOP02-DEL01-SC,2024
"632696,0",2024-10-05,sábado,08:45:00,SC,101,"214,0",PALHOCA,Ingestão de álcool pelo condutor,Colisão lateral mesmo sentido,Sem Vítimas,Pleno dia,Decrescente,Céu Claro,Dupla,Reta,Sim,3,0,0,0,2,1,0,2,-27.64443,-48.67057,SPRF-SC,DEL01-SC,UOP02-DEL01-SC,2024
"632699,0",2024-10-05,sábado,06:24:00,SC,282,"440,0",IRANI,Acostamento em desnível,Saída de leito carroçável,Com Vítimas Feridas,Amanhecer,Decrescente,Ignorado,Simples,Declive;Reta,Não,3,0,3,0,0,0,3,1,-26.93687724,-51.8691963,SPRF-SC,DEL07-SC,UOP04-DEL07-SC,2024
"632706,0",2024-08-22,quinta-feira,08:07:00,SC,282,"23,5",SANTO AMARO DA IMPERATRIZ,Condutor deixou de manter distância do veículo da frente,Engavetamento,Com Vítimas Feridas,Pleno dia,Crescente,Céu Claro,Simples,Reta,Sim,3,0,1,0,2,0,1,3,-27.687958,-48.736794,SPRF-SC,DEL01-SC,UOP03-DEL01-SC,2024
"632759,0",2024-10-05,sábado,15:30:00,SC,101,"327,0",PESCARIA BRAVA,Avarias e/ou desgaste excessivo no pneu,Tombamento,Com Vítimas Feridas,Pleno dia,Decrescente,Céu Claro,Dupla,Reta,Sim,2,0,2,0,0,0,2,1,-28.43023306,-48.95205197,SPRF-SC,DEL02-SC,UOP01-DEL02-SC,2024
"632762,0",2024-10-05,sábado,14:30:00,SC,158,"105,0",CUNHA PORA,Reação tardia ou ineficiente do condutor,Capotamento,Com Vítimas Feridas,Pleno dia,Crescente,Sol,Simples,Reta,Não,2,0,0,2,0,0,2,1,-26.86897509,-53.16247716,SPRF-SC,DEL07-SC,UOP02-DEL07-SC,2024
"632772,0",2024-10-05,sábado,17:00:00,SC,101,"133,0",BALNEARIO CAMBORIU,Demais falhas mecânicas ou elétricas,Incêndio,Sem Vítimas,Pleno dia,Decrescente,Céu Claro,Dupla,Reta,Sim,1,0,0,0,1,0,0,1,-26.99936,-48.64609,SPRF-SC,DEL04-SC,UOP03-DEL04-SC,2024
"632777,0",2024-10-05,sábado,15:05:00,SC,282,"345,8",CAMPOS NOVOS,Reação tardia ou ineficiente do condutor,Colisão frontal,Com Vítimas Fatais,Pleno dia,Crescente,Céu Claro,Simples,Reta;Aclive,Não,5,2,0,3,0,0,3,2,-27.374619,-51.247044,SPRF-SC,DEL07-SC,UOP06-DEL07-SC,2024
"632781,0",2024-10-05,sábado,16:40:00,SC,153,"110,0",CONCORDIA,Transitar na contramão,Colisão transversal,Com Vítimas Feridas,Pleno dia,Crescente,Céu Claro,Simples,Curva,Não,2,0,0,2,0,0,2,2,-27.313625,-51.984699,SPRF-SC,DEL07-SC,UOP04-DEL07-SC,2024
"632784,0",2024-10-05,sábado,17:00:00,SC,470,"189,0",POUSO REDONDO,Reação tardia ou ineficiente do condutor,Saída de leito carroçável,Com Vítimas Feridas,Pleno dia,Decrescente,Sol,Simples,Curva,Não,2,0,2,0,0,0,2,1,-27.275368,-50.063206,SPRF-SC,DEL04-SC,UOP02-DEL04-SC,2024
"632803,0",2024-10-05,sábado,17:33:00,SC,101,"423,7",ARARANGUA,Ultrapassagem Indevida,Colisão lateral mesmo sentido,Com Vítimas Feridas,Pleno dia,Crescente,Céu Claro,Múltipla,Reta,Sim,4,0,1,1,2,0,2,2,-29.01106757,-49.57413825,SPRF-SC,DEL02-SC,UOP02-DEL02-SC,2024
"632808,0",2024-10-05,sábado,18:59:00,SC,280,"28,3",ARAQUARI,Transitar na contramão,Colisão frontal,Com Vítimas Feridas,Plena Noite,Decrescente,Céu Claro,Simples,Reta,Sim,3,0,0,1,2,0,1,2,-26.40450077,-48.74561031,SPRF-SC,DEL03-SC,UOP03-DEL03-SC,2024
"632813,0",2024-10-05,sábado,19:50:00,SC,101,"31,8",SAO JOSE,Acumulo de areia ou detritos sobre o pavimento,Tombamento,Com Vítimas Feridas,Plena Noite,Decrescente,Céu Claro,Simples,Rotatória,Não,2,0,1,0,1,0,1,1,-27.5884,-48.6128,SPRF-SC,DEL01-SC,UOP02-DEL01-SC,2024
"632850,0",2024-10-05,sábado,22:15:00,SC,280,"129,1",RIO NEGRINHO,Animais na Pista,Atropelamento de Animal,Com Vítimas Feridas,Plena Noite,Crescente,Céu Claro,Simples,Curva,Sim,1,0,1,0,0,0,1,1,-26.2672432,-49.55264211,SPRF-SC,DEL06-SC,UOP03-DEL06-SC,2024
"632855,0",2024-10-05,sábado,18:20:00,SC,101,"332,0",TUBARAO,Ingestão de álcool pelo condutor,Saída de leito carroçável,Com Vítimas Feridas,Plena Noite,Crescente,Céu Claro,Dupla,Reta,Sim,1,0,1,0,0,0,1,1,-28.46757838,-49.00292873,SPRF-SC,DEL02-SC,UOP01-DEL02-SC,2024
"632872,0",2024-10-05,sábado,23:05:00,SC,280,"158,9",MAFRA,Transitar na contramão,Colisão frontal,Com Vítimas Feridas,Plena Noite,Crescente,Céu Claro,Simples,Reta;Aclive,Não,7,0,3,1,3,0,4,3,-26.2019619,-49.75914001,SPRF-SC,DEL06-SC,UOP03-DEL06-SC,2024
"632885,0",2024-10-06,domingo,01:45:00,SC,101,"206,0",FLORIANOPOLIS,Reação tardia ou ineficiente do condutor,Colisão traseira,Com Vítimas Feridas,Plena Noite,Crescente,Céu Claro,Múltipla,Reta,Sim,3,0,1,0,2,0,1,3,-27.59193546,-48.61824557,SPRF-SC,DEL01-SC,UOP01-DEL01-SC,2024
"632890,0",2024-10-06,domingo,03:00:00,SC,101,"217,0",PALHOCA,Velocidade Incompatível,Capotamento,Com Vítimas Feridas,Plena Noite,Decrescente,Céu Claro,Dupla,Reta,Não,3,0,0,3,0,0,3,1,-27.66779034,-48.67393586,SPRF-SC,DEL01-SC,UOP02-DEL01-SC,2024
"632898,0",2024-10-06,domingo,03:50:00,SC,101,"94,0",BARRA VELHA,Avarias e/ou desgaste excessivo no pneu,Queda de ocupante de veículo,Com Vítimas Feridas,Plena Noite,Decrescente,Céu Claro,Múltipla,Reta;Interseção de Vias,Não,1,0,1,0,0,0,1,1,-26.69940401,-48.69902784,SPRF-SC,DEL03-SC,UOP02-DEL03-SC,2024
"632913,0",2024-10-06,domingo,04:40:00,SC,101,"368,0",ICARA,Transitar na contramão,Colisão frontal,Com Vítimas Feridas,Amanhecer,Decrescente,Céu Claro,Dupla,Reta;Declive,Sim,4,0,3,1,0,0,4,2,-28.6957326,-49.17347228,SPRF-SC,DEL02-SC,UOP01-DEL02-SC,2024
"632920,0",2024-10-05,sábado,19:10:00,SC,101,"364,0",SANGAO,Ausência de reação do condutor,Saída de leito carroçável,Com Vítimas Feridas,Plena Noite,Decrescente,Nublado,Dupla,Reta,Não,2,0,2,0,0,0,2,1,-28.67821759,-49.13926425,SPRF-SC,DEL02-SC,UOP01-DEL02-SC,2024
"632924,0",2024-10-06,domingo,05:02:00,SC,101,"293,0",IMBITUBA,Reação tardia ou ineficiente do condutor,Saída de leito carroçável,Com Vítimas Feridas,Amanhecer,Decrescente,Céu Claro,Dupla,Reta,Sim,2,0,0,2,0,0,2,1,-28.2856298,-48.70438133,SPRF-SC,DEL02-SC,UOP03-DEL02-SC,2024
"632940,0",2024-10-06,domingo,07:05:00,SC,282,"236,4",LAGES,Velocidade Incompatível,Saída de leito carroçável,Sem Vítimas,Pleno dia,Crescente,Chuva,Simples,Curva,Não,1,0,0,0,0,1,0,1,-27.78836514,-50.4859972,SPRF-SC,DEL05-SC,UOP02-DEL05-SC,2024
"632946,0",2024-10-06,domingo,08:35:00,SC,101,"209,5",SAO JOSE,Reação tardia ou ineficiente do condutor,Colisão traseira,Sem Vítimas,Pleno dia,Crescente,Céu Claro,Dupla,Reta;Interseção de Vias,Sim,4,0,0,0,4,0,0,3,-27.61000542,-48.63895057,SPRF-SC,DEL01-SC,UOP01-DEL01-SC,2024
"632949,0",2024-10-06,domingo,09:00:00,SC,101,"130,0",BALNEARIO CAMBORIU,Avarias e/ou desgaste excessivo no pneu,Queda de ocupante de veículo,Com Vítimas Feridas,Pleno dia,Crescente,Céu Claro,Dupla,Reta,Não,1,0,1,0,0,0,1,1,-26.98407618,-48.66977107,SPRF-SC,DEL04-SC,UOP03-DEL04-SC,2024
"632962,0",2024-10-06,domingo,08:50:00,SC,470,"181,8",POUSO REDONDO,Conversão proibida,Colisão transversal,Com Vítimas Feridas,Pleno dia,Decrescente,Céu Claro,Simples,Reta,Não,3,0,2,0,1,0,2,2,-27.251818,-49.996815,SPRF-SC,DEL04-SC,UOP02-DEL04-SC,2024
"632978,0",2024-08-31,sábado,06:40:00,SC,282,"5,2",SAO JOSE,Pedestre cruzava a pista fora da faixa,Atropelamento de Pedestre,Com Vítimas Feridas,Pleno dia,Crescente,Céu Claro,Múltipla,Curva;Aclive,Sim,6,0,0,1,5,0,1,2,-27.588425,-48.612919,SPRF-SC,DEL01-SC,UOP01-DEL01-SC,2024
"632979,0",2024-10-06,domingo,12:00:00,SC,282,"599,8",CUNHA PORA,Velocidade Incompatível,Saída de leito carroçável,Com Vítimas Feridas,Pleno dia,Decrescente,Chuva,Simples,Em Obras,Não,3,0,1,0,2,0,1,1,-26.820206,-53.155052,SPRF-SC,DEL07-SC,UOP02-DEL07-SC,2024
"632985,0",2024-10-06,domingo,11:00:00,SC,101,"404,5",ARARANGUA,Velocidade Incompatível,Colisão traseira,Com Vítimas Feridas,Pleno dia,Decrescente,Céu Claro,Múltipla,Reta,Não,5,0,2,1,2,0,3,2,-28.89810477,-49.47311997,SPRF-SC,DEL02-SC,UOP02-DEL02-SC,2024
"632988,0",2024-10-06,domingo,13:20:00,SC,282,"16,0",PALHOCA,Acessar a via sem observar a presença dos outros veículos,Colisão transversal,Com Vítimas Feridas,Pleno dia,Crescente,Céu Claro,Simples,Interseção de Vias;Reta,Sim,2,0,0,1,1,0,1,2,-27.658611,-48.681847,SPRF-SC,DEL01-SC,UOP02-DEL01-SC,2024
"632998,0",2024-10-06,domingo,14:00:00,SC,282,"219,7",LAGES,Reação tardia ou ineficiente do condutor,Colisão com objeto,Com Vítimas Feridas,Pleno dia,Decrescente,Céu Claro,Simples,Curva,Não,1,0,1,0,0,0,1,1,-27.795521,-50.323608,SPRF-SC,DEL05-SC,UOP01-DEL05-SC,2024
"633023,0",2024-10-06,domingo,15:20:00,SC,470,"64,0",INDAIAL,Manobra de mudança de faixa,Colisão lateral mesmo sentido,Com Vítimas Feridas,Pleno dia,Crescente,Céu Claro,Simples,Reta,Não,3,0,0,1,2,0,1,2,-26.869867,-49.201859,SPRF-SC,DEL04-SC,UOP01-DEL04-SC,2024
"633024,0",2024-10-06,domingo,15:30:00,SC,101,"433,3",SOMBRIO,Ingestão de álcool pelo condutor,Capotamento,Com Vítimas Feridas,Pleno dia,Crescente,Céu Claro,Dupla,Reta,Sim,3,0,1,1,1,0,2,2,-29.08200809,-49.6297237,SPRF-SC,DEL02-SC,UOP02-DEL02-SC,2024
"633029,0",2024-10-06,domingo,16:30:00,SC,282,"329,0",CAMPOS NOVOS,Manobra de mudança de faixa,Colisão traseira,Com Vítimas Feridas,Pleno dia,Crescente,Céu Claro,Simples,Reta,Não,3,0,2,0,1,0,2,2,-27.380089,-51.097698,SPRF-SC,DEL07-SC,UOP06-DEL07-SC,2024
"633045,0",2024-10-06,domingo,12:30:00,SC,282,"177,6",BOCAINA DO SUL,Reação tardia ou ineficiente do condutor,Colisão frontal,Com Vítimas Fatais,Pleno dia,Crescente,Céu Claro,Simples,Curva;Declive,Não,7,1,0,5,0,1,5,3,-27.742429,-49.917318,SPRF-SC,DEL05-SC,UOP01-DEL05-SC,2024
"633063,0",2024-10-06,domingo,19:10:00,SC,101,"359,0",SANGAO,Ingestão de álcool pelo condutor,Saída de leito carroçável,Com Vítimas Feridas,Plena Noite,Decrescente,Céu Claro,Múltipla,Reta,Não,2,0,2,0,0,0,2,1,-28.65057609,-49.10516385,SPRF-SC,DEL02-SC,UOP01-DEL02-SC,2024
"633068,0",2024-10-06,domingo,18:30:00,SC,470,"321,4",CAMPOS NOVOS,Desrespeitar a preferência no cruzamento,Colisão transversal,Com Vítimas Feridas,Anoitecer,Decrescente,Céu Claro,Simples,Interseção de Vias;Reta,Sim,2,0,1,1,0,0,2,2,-27.421616,-51.238789,SPRF-SC,DEL07-SC,UOP06-DEL07-SC,2024
"633084,0",2024-10-06,domingo,19:00:00,SC,116,"179,2",SAO CRISTOVAO DO SUL,Reação tardia ou ineficiente do condutor,Colisão frontal,Com Vítimas Feridas,Plena Noite,Crescente,Nublado,Simples,Curva;Aclive,Sim,2,0,1,1,0,0,2,2,-27.26274894,-50.44460298,SPRF-SC,DEL05-SC,UOP03-DEL05-SC,2024
"633095,0",2024-09-13,sexta-feira,16:15:00,SC,101,"394,0",CRICIUMA,Ausência de reação do condutor,Colisão com objeto,Com Vítimas Feridas,Pleno dia,Decrescente,Nublado,Múltipla,Reta,Não,2,0,0,2,0,0,2,1,-28.81326275,-49.38911611,SPRF-SC,DEL02-SC,UOP02-DEL02-SC,2024
"633100,0",2024-10-06,domingo,19:45:00,SC,280,"186,4",MAFRA,Ausência de sinalização,Colisão com objeto,Com Vítimas Feridas,Plena Noite,Decrescente,Céu Claro,Simples,Reta,Não,2,0,1,0,1,0,1,1,-26.16977284,-49.94508991,SPRF-SC,DEL06-SC,UOP01-DEL06-SC,2024
"633126,0",2024-10-06,domingo,21:20:00,SC,163,"99,0",SAO JOSE DO CEDRO,Ausência de reação do condutor,Colisão transversal,Com Vítimas Feridas,Plena Noite,Crescente,Céu Claro,Simples,Curva,Não,2,0,1,0,1,0,1,2,-26.4933612,-53.5016048,SPRF-SC,DEL07-SC,UOP03-DEL07-SC,2024
"633145,0",2024-10-06,domingo,22:00:00,SC,282,"366,9",ERVAL VELHO,Manobra de mudança de faixa,Colisão frontal,Com Vítimas Fatais,Plena Noite,Decrescente,Céu Claro,Simples,Reta;Aclive,Não,6,1,5,0,0,0,5,2,-27.291018,-51.416611,SPRF-SC,DEL07-SC,UOP05-DEL07-SC,2024
"633148,0",2024-10-07,segunda-feira,00:15:00,SC,280,"31,0",ARAQUARI,Trafegar com motocicleta (ou similar) entre as faixas,Colisão lateral sentido oposto,Com Vítimas Feridas,Plena Noite,Crescente,Nublado,Simples,Reta,Sim,2,0,1,0,1,0,1,2,-26.41649938,-48.77181215,SPRF-SC,DEL03-SC,UOP03-DEL03-SC,2024
"633152,0",2024-10-07,segunda-feira,01:20:00,SC,282,"503,8",XANXERE,Reação tardia ou ineficiente do condutor,Saída de leito carroçável,Com Vítimas Feridas,Plena Noite,Decrescente,Céu Claro,Dupla,Curva,Sim,3,0,1,0,2,0,1,1,-26.882417,-52.404139,SPRF-SC,DEL07-SC,UOP01-DEL07-SC,2024
"633166,0",2024-10-07,segunda-feira,05:00:00,SC,470,"65,0",INDAIAL,Desrespeitar a preferência no cruzamento,Colisão transversal,Com Vítimas Feridas,Amanhecer,Crescente,Céu Claro,Simples,Reta,Sim,3,0,1,0,2,0,1,2,-26.870411,-49.211864,SPRF-SC,DEL04-SC,UOP01-DEL04-SC,2024
"633193,0",2024-10-07,segunda-feira,07:30:00,SC,101,"216,0",PALHOCA,Mal súbito do condutor,Saída de leito carroçável,Sem Vítimas,Pleno dia,Decrescente,Céu Claro,Múltipla,Reta,Sim,2,0,0,0,1,1,0,2,-27.65981409,-48.67747798,SPRF-SC,DEL01-SC,UOP02-DEL01-SC,2024
"633202,0",2024-10-07,segunda-feira,07:25:00,SC,282,"176,6",BOCAINA DO SUL,Condutor deixou de manter distância do veículo da frente,Colisão traseira,Com Vítimas Feridas,Pleno dia,Crescente,Céu Claro,Simples,Reta;Aclive,Não,6,0,1,0,5,0,1,3,-27.74011,-49.901859,SPRF-SC,DEL05-SC,UOP01-DEL05-SC,2024
"633212,0",2024-10-07,segunda-feira,08:10:00,SC,101,"333,8",TUBARAO,Reação tardia ou ineficiente do condutor,Colisão traseira,Com Vítimas Feridas,Pleno dia,Crescente,Céu Claro,Dupla,Reta,Sim,2,0,1,0,1,0,1,2,-28.46940809,-49.01616812,SPRF-SC,DEL02-SC,UOP01-DEL02-SC,2024
"633231,0",2024-10-07,segunda-feira,10:50:00,SC,280,"23,0",ARAQUARI,Acessar a via sem observar a presença dos outros veículos,Colisão transversal,Com Vítimas Feridas,Pleno dia,Crescente,Céu Claro,Simples,Reta;Interseção de Vias,Sim,2,0,1,0,1,0,1,2,-26.37146,-48.711887,SPRF-SC,DEL03-SC,UOP03-DEL03-SC,2024