id,data_inversa,dia_semana,horario,uf,br,km,municipio,causa_acidente,tipo_acidente,classificacao_acidente,fase_dia,sentido_via,condicao_metereologica,tipo_pista,tracado_via,uso_solo,pessoas,mortos,feridos_leves,feridos_graves,ilesos,ignorados,feridos,veiculos,latitude,longitude,regional,delegacia,uop,ano_arquivo
"633238,0",2024-10-07,segunda-feira,10:20:00,SC,282,"437,7",IRANI,Desrespeitar a preferência no cruzamento,Colisão transversal,Com Vítimas Feridas,Pleno dia,Decrescente,Nublado,Simples,Reta,Não,3,0,1,0,2,0,1,2,-26.963764,-51.854839,SPRF-SC,DEL07-SC,UOP04-DEL07-SC,2024
"633250,0",2024-10-07,segunda-feira,09:30:00,SC,101,"93,4",BARRA VELHA,Ingestão de álcool pelo condutor,Colisão com objeto,Sem Vítimas,Pleno dia,Crescente,Nublado,Dupla,Curva,Não,1,0,0,0,1,0,0,1,-26.6899011,-48.69663873,SPRF-SC,DEL03-SC,UOP02-DEL03-SC,2024
"633255,0",2024-10-07,segunda-feira,13:55:00,SC,101,"343,5",TUBARAO,Ausência de reação do condutor,Colisão traseira,Com Vítimas Feridas,Pleno dia,Crescente,Céu Claro,Dupla,Reta,Não,2,0,0,1,1,0,1,2,-28.52765702,-49.05615309,SPRF-SC,DEL02-SC,UOP01-DEL02-SC,2024
"633264,0",2024-10-07,segunda-feira,07:30:00,SC,101,"395,0",MARACAJA,Acumulo de água sobre o pavimento,Tombamento,Com Vítimas Feridas,Pleno dia,Decrescente,Nublado,Múltipla,Reta,Não,1,0,1,0,0,0,1,1,-28.84274713,-49.42896008,SPRF-SC,DEL02-SC,UOP02-DEL02-SC,2024
"633306,0",2024-10-07,segunda-feira,17:50:00,SC,101,"210,0",SAO JOSE,Transitar na calçada,Atropelamento de Pedestre,Com Vítimas Feridas,Pleno dia,Decrescente,Céu Claro,Múltipla,Aclive,Sim,2,0,1,1,0,0,2,2,-27.6167305,-48.6457265,SPRF-SC,DEL01-SC,UOP01-DEL01-SC,2024
"633316,0",2024-10-07,segunda-feira,18:00:00,SC,470,"47,7",BLUMENAU,Ausência de reação do condutor,Colisão lateral mesmo sentido,Com Vítimas Feridas,Plena Noite,Decrescente,Céu Claro,Dupla,Declive;Em Obras;Interseção de Vias;Rotatória;Desvio Temporário,Sim,2,0,1,0,1,0,1,2,-26.864044,-49.046516,SPRF-SC,DEL04-SC,UOP01-DEL04-SC,2024
"633317,0",2024-10-07,segunda-feira,18:50:00,SC,470,"54,5",BLUMENAU,Acessar a via sem observar a presença dos outros veículos,Colisão transversal,Com Vítimas Feridas,Plena Noite,Decrescente,Céu Claro,Simples,Reta;Interseção de Vias,Sim,2,0,1,0,1,0,1,2,-26.871065,-49.110374,SPRF-SC,DEL04-SC,UOP01-DEL04-SC,2024
"633344,0",2024-10-07,segunda-feira,18:40:00,SC,163,"109,1",GUARUJA DO SUL,Transitar na contramão,Colisão lateral sentido oposto,Com Vítimas Feridas,Plena Noite,Decrescente,Céu Claro,Simples,Aclive;Reta,Não,2,0,0,1,0,1,1,2,-26.41337297,-53.52364405,SPRF-SC,DEL07-SC,UOP03-DEL07-SC,2024
"633358,0",2024-10-07,segunda-feira,23:00:00,SC,282,"99,0",ALFREDO WAGNER,Chuva,Saída de leito carroçável,Com Vítimas Feridas,Plena Noite,Crescente,Chuva,Simples,Curva,Não,2,0,2,0,0,0,2,1,-27.700373,-49.287563,SPRF-SC,DEL01-SC,UOP03-DEL01-SC,2024
"633387,0",2024-10-08,terça-feira,06:40:00,SC,282,"1,7",FLORIANOPOLIS,Reação tardia ou ineficiente do condutor,Tombamento,Com Vítimas Feridas,Pleno dia,Decrescente,Nublado,Múltipla,Reta,Sim,1,0,1,0,0,0,1,1,-27.602955,-48.580509,SPRF-SC,DEL01-SC,UOP01-DEL01-SC,2024
"633396,0",2024-10-08,terça-feira,08:20:00,SC,101,"199,0",BIGUACU,Ausência de reação do condutor,Colisão traseira,Com Vítimas Feridas,Pleno dia,Crescente,Nublado,Múltipla,Reta;Aclive,Sim,4,0,1,0,3,0,1,2,-27.53413705,-48.63003205,SPRF-SC,DEL01-SC,UOP01-DEL01-SC,2024
"633420,0",2024-10-08,terça-feira,08:30:00,SC,101,"134,0",BALNEARIO CAMBORIU,Desrespeitar a preferência no cruzamento,Colisão transversal,Com Vítimas Feridas,Pleno dia,Crescente,Céu Claro,Simples,Interseção de Vias,Sim,3,0,1,1,1,0,2,2,-27.00218,-48.636433,SPRF-SC,DEL04-SC,UOP03-DEL04-SC,2024
"633451,0",2024-10-08,terça-feira,09:30:00,SC,101,"53,0",JOINVILLE,Reação tardia ou ineficiente do condutor,Colisão traseira,Sem Vítimas,Pleno dia,Decrescente,Céu Claro,Dupla,Reta,Não,2,0,0,0,2,0,0,2,-26.40231201,-48.83969703,SPRF-SC,DEL03-SC,UOP01-DEL03-SC,2024
"633465,0",2024-10-08,terça-feira,13:15:00,SC,280,"129,0",RIO NEGRINHO,Reação tardia ou ineficiente do condutor,Queda de ocupante de veículo,Com Vítimas Feridas,Pleno dia,Crescente,Céu Claro,Simples,Declive;Reta,Sim,2,0,2,0,0,0,2,1,-26.24586437,-49.52284615,SPRF-SC,DEL06-SC,UOP03-DEL06-SC,2024
"633470,0",2024-10-08,terça-feira,11:03:00,SC,158,"114,0",CUNHA PORA,Ultrapassagem Indevida,Colisão frontal,Com Vítimas Feridas,Pleno dia,Decrescente,Nublado,Simples,Reta,Não,2,0,2,0,0,0,2,2,-26.93217124,-53.20043564,SPRF-SC,DEL07-SC,UOP02-DEL07-SC,2024
"633481,0",2024-10-08,terça-feira,15:30:00,SC,282,"5,0",SAO JOSE,Condutor deixou de manter distância do veículo da frente,Colisão traseira,Com Vítimas Feridas,Pleno dia,Crescente,Nublado,Dupla,Reta,Sim,2,0,1,0,1,0,1,2,-27.588425,-48.612919,SPRF-SC,DEL01-SC,UOP01-DEL01-SC,2024
"633482,0",2024-09-16,segunda-feira,20:00:00,SC,101,"220,0",PALHOCA,Demais falhas mecânicas ou elétricas,Colisão frontal,Com Vítimas Feridas,Plena Noite,Crescente,Céu Claro,Simples,Curva,Sim,2,0,0,1,1,0,1,2,-27.69198941,-48.66368358,SPRF-SC,DEL01-SC,UOP02-DEL01-SC,2024
"633490,0",2024-10-08,terça-feira,15:00:00,SC,101,"128,9",BALNEARIO CAMBORIU,Reação tardia ou ineficiente do condutor,Colisão lateral sentido oposto,Com Vítimas Feridas,Pleno dia,Crescente,Nublado,Dupla,Curva,Sim,3,0,1,0,2,0,1,3,-26.97284292,-48.68299451,SPRF-SC,DEL04-SC,UOP03-DEL04-SC,2024
"633494,0",2024-10-08,terça-feira,16:10:00,SC,470,"299,1",CAMPOS NOVOS,Velocidade Incompatível,Tombamento,Sem Vítimas,Pleno dia,Crescente,Chuva,Simples,Curva,Não,1,0,0,0,1,0,0,1,-27.366648,-51.040581,SPRF-SC,DEL07-SC,UOP06-DEL07-SC,2024
"633500,0",2024-10-08,terça-feira,16:25:00,SC,282,"17,3",PALHOCA,Desrespeitar a preferência no cruzamento,Colisão transversal,Com Vítimas Feridas,Pleno dia,Crescente,Chuva,Simples,Interseção de Vias;Reta;Retorno Regulamentado,Sim,2,0,1,0,1,0,1,2,-27.665707,-48.688065,SPRF-SC,DEL01-SC,UOP02-DEL01-SC,2024
"633501,0",2024-10-08,terça-feira,15:30:00,SC,116,"222,0",CORREIA PINTO,Animais na Pista,Atropelamento de Animal,Com Vítimas Feridas,Pleno dia,Decrescente,Céu Claro,Simples,Reta,Sim,1,0,1,0,0,0,1,1,-27.593548,-50.35979,SPRF-SC,DEL05-SC,UOP03-DEL05-SC,2024
"633504,0",2024-10-08,terça-feira,16:15:00,SC,282,"54,0",RANCHO QUEIMADO,Acumulo de óleo sobre o pavimento,Saída de leito carroçável,Com Vítimas Feridas,Pleno dia,Crescente,Chuva,Simples,Aclive;Curva,Não,3,0,1,0,2,0,1,1,-27.685799,-48.974514,SPRF-SC,DEL01-SC,UOP03-DEL01-SC,2024
"633506,0",2024-10-08,terça-feira,15:00:00,SC,101,"418,0",ARARANGUA,Condutor deixou de manter distância do veículo da frente,Colisão traseira,Com Vítimas Feridas,Pleno dia,Crescente,Chuva,Dupla,Reta,Não,4,0,1,0,3,0,1,4,-28.98044384,-49.53709515,SPRF-SC,DEL02-SC,UOP02-DEL02-SC,2024
"633528,0",2024-10-08,terça-feira,17:50:00,SC,280,"137,8",RIO NEGRINHO,Ultrapassagem Indevida,Saída de leito carroçável,Com Vítimas Feridas,Anoitecer,Crescente,Nublado,Simples,Curva;Declive,Não,2,0,1,0,1,0,1,1,-26.2539213,-49.60492373,SPRF-SC,DEL06-SC,UOP03-DEL06-SC,2024
"633540,0",2024-10-08,terça-feira,20:03:00,SC,101,"213,5",PALHOCA,Acumulo de água sobre o pavimento,Tombamento,Com Vítimas Feridas,Plena Noite,Crescente,Chuva,Dupla,Reta,Sim,1,0,1,0,0,0,1,1,-27.63697369,-48.66514142,SPRF-SC,DEL01-SC,UOP02-DEL01-SC,2024
"633565,0",2024-10-08,terça-feira,23:20:00,SC,101,"186,0",BIGUACU,Pista Escorregadia,Tombamento,Com Vítimas Feridas,Plena Noite,Crescente,Chuva,Dupla,Retorno Regulamentado,Não,1,0,1,0,0,0,1,1,-27.4341098,-48.62567129,SPRF-SC,DEL01-SC,UOP01-DEL01-SC,2024
"633572,0",2024-10-09,quarta-feira,00:20:00,SC,282,"5,4",SAO JOSE,Pista Escorregadia,Tombamento,Com Vítimas Feridas,Plena Noite,Crescente,Garoa/Chuvisco,Dupla,Curva,Sim,1,0,1,0,0,0,1,1,-27.588425,-48.612919,SPRF-SC,DEL01-SC,UOP01-DEL01-SC,2024
"633583,0",2024-10-09,quarta-feira,04:50:00,SC,470,"54,5",BLUMENAU,Transitar na contramão,Colisão transversal,Com Vítimas Feridas,Plena Noite,Crescente,Chuva,Simples,Reta;Interseção de Vias,Sim,2,0,2,0,0,0,2,2,-26.87343222,-49.11453193,SPRF-SC,DEL04-SC,UOP01-DEL04-SC,2024
"633612,0",2024-10-09,quarta-feira,08:00:00,SC,101,"210,4",SAO JOSE,Manobra de mudança de faixa,Colisão lateral mesmo sentido,Com Vítimas Feridas,Pleno dia,Decrescente,Chuva,Múltipla,Reta,Sim,2,0,1,0,1,0,1,2,-27.6167305,-48.6457265,SPRF-SC,DEL01-SC,UOP01-DEL01-SC,2024
"633619,0",2024-10-09,quarta-feira,05:00:00,SC,101,"233,0",PALHOCA,Reação tardia ou ineficiente do condutor,Colisão com objeto,Sem Vítimas,Amanhecer,Decrescente,Chuva,Dupla,Curva,Não,2,0,0,0,2,0,0,1,-27.80376397,-48.63826211,SPRF-SC,DEL01-SC,UOP02-DEL01-SC,2024
"633622,0",2024-10-06,domingo,14:40:00,SC,101,"136,1",BALNEARIO CAMBORIU,Transitar na contramão,Colisão frontal,Com Vítimas Feridas,Pleno dia,Crescente,Céu Claro,Múltipla,Reta,Sim,2,0,0,1,1,0,1,2,-27.008113,-48.617245,SPRF-SC,DEL04-SC,UOP03-DEL04-SC,2024
"633668,0",2024-10-09,quarta-feira,13:50:00,SC,101,"235,0",PALHOCA,Acumulo de água sobre o pavimento,Colisão com objeto,Sem Vítimas,Pleno dia,Decrescente,Chuva,Dupla,Aclive;Curva,Não,3,0,0,0,3,0,0,1,-27.8177775,-48.6315025,SPRF-SC,DEL01-SC,UOP02-DEL01-SC,2024
"633669,0",2024-10-09,quarta-feira,14:35:00,SC,101,"134,0",BALNEARIO CAMBORIU,Desrespeitar a preferência no cruzamento,Colisão transversal,Com Vítimas Feridas,Pleno dia,Crescente,Chuva,Múltipla,Interseção de Vias,Sim,2,0,1,0,1,0,1,2,-27.00218,-48.636433,SPRF-SC,DEL04-SC,UOP03-DEL04-SC,2024
"633676,0",2024-10-09,quarta-feira,13:40:00,SC,282,"581,0",PINHALZINHO,Chuva,Saída de leito carroçável,Com Vítimas Feridas,Pleno dia,Crescente,Chuva,Simples,Curva,Não,2,0,1,0,1,0,1,1,-26.828749,-52.997929,SPRF-SC,DEL07-SC,UOP02-DEL07-SC,2024
"633694,0",2024-10-09,quarta-feira,15:30:00,SC,101,"194,0",BIGUACU,Condutor deixou de manter distância do veículo da frente,Colisão traseira,Com Vítimas Feridas,Pleno dia,Decrescente,Chuva,Simples,Viaduto;Reta,Sim,2,0,1,0,1,0,1,2,-27.49815117,-48.65661236,SPRF-SC,DEL01-SC,UOP01-DEL01-SC,2024
"633695,0",2024-10-09,quarta-feira,15:45:00,SC,101,"257,2",PAULO LOPES,Chuva,Colisão com objeto,Com Vítimas Feridas,Pleno dia,Crescente,Chuva,Múltipla,Declive;Reta,Não,2,0,1,0,1,0,1,1,-27.99701205,-48.68755194,SPRF-SC,DEL02-SC,UOP03-DEL02-SC,2024
"633733,0",2024-10-09,quarta-feira,19:00:00,SC,282,"17,0",PALHOCA,Transitar na contramão,Colisão frontal,Com Vítimas Feridas,Plena Noite,Decrescente,Chuva,Simples,Reta,Não,2,0,0,1,1,0,1,2,-27.665707,-48.688065,SPRF-SC,DEL01-SC,UOP02-DEL01-SC,2024
"633755,0",2024-10-09,quarta-feira,17:30:00,SC,470,"341,0",CAMPOS NOVOS,Ingestão de álcool pelo condutor,Colisão lateral mesmo sentido,Com Vítimas Feridas,Pleno dia,Decrescente,Chuva,Simples,Reta,Não,2,0,1,0,1,0,1,2,-27.527861,-51.380497,SPRF-SC,DEL07-SC,UOP06-DEL07-SC,2024
"633756,0",2024-10-09,quarta-feira,21:35:00,SC,101,"80,4",BARRA VELHA,Reação tardia ou ineficiente do condutor,Colisão com objeto,Com Vítimas Feridas,Plena Noite,Crescente,Chuva,Dupla,Reta,Não,1,0,1,0,0,0,1,1,-26.60416462,-48.72522354,SPRF-SC,DEL03-SC,UOP02-DEL03-SC,2024
"633776,0",2024-10-10,quinta-feira,00:10:00,SC,101,"339,0",TUBARAO,Ingestão de álcool pelo condutor,Saída de leito carroçável,Sem Vítimas,Plena Noite,Crescente,Chuva,Simples,Interseção de Vias,Sim,1,0,0,0,1,0,0,1,-28.49351117,-49.04178985,SPRF-SC,DEL02-SC,UOP01-DEL02-SC,2024
"633808,0",2024-10-10,quinta-feira,06:00:00,SC,101,"129,0",BALNEARIO CAMBORIU,Ausência de reação do condutor,Saída de leito carroçável,Sem Vítimas,Amanhecer,Decrescente,Chuva,Dupla,Curva,Não,1,0,0,0,0,1,0,1,-26.98064277,-48.6790679,SPRF-SC,DEL04-SC,UOP03-DEL04-SC,2024
"633814,0",2024-10-10,quinta-feira,07:00:00,SC,280,"237,0",CANOINHAS,Velocidade Incompatível,Saída de leito carroçável,Sem Vítimas,Amanhecer,Crescente,Chuva,Simples,Curva,Sim,1,0,0,0,0,1,0,1,-26.19844599,-50.43216601,SPRF-SC,DEL06-SC,UOP04-DEL06-SC,2024
"633819,0",2024-10-10,quinta-feira,07:30:00,SC,101,"165,0",TIJUCAS,Velocidade Incompatível,Colisão com objeto,Com Vítimas Feridas,Pleno dia,Decrescente,Chuva,Dupla,Curva,Não,1,0,0,1,0,0,1,1,-27.252663,-48.63154894,SPRF-SC,DEL04-SC,UOP03-DEL04-SC,2024
"633840,0",2024-10-10,quinta-feira,09:00:00,SC,470,"24,4",ILHOTA,Reação tardia ou ineficiente do condutor,Capotamento,Com Vítimas Feridas,Pleno dia,Crescente,Chuva,Dupla,Reta,Não,1,0,1,0,0,0,1,1,-26.881754,-48.856251,SPRF-SC,DEL04-SC,UOP04-DEL04-SC,2024
"633849,0",2024-10-10,quinta-feira,09:00:00,SC,470,"289,0",BRUNOPOLIS,Ausência de reação do condutor,Colisão transversal,Sem Vítimas,Pleno dia,Decrescente,Nublado,Simples,Interseção de Vias;Reta,Não,2,0,0,0,1,1,0,2,-27.333546,-50.95219,SPRF-SC,DEL07-SC,UOP06-DEL07-SC,2024
"633880,0",2024-10-10,quinta-feira,13:10:00,SC,282,"70,0",RANCHO QUEIMADO,Velocidade Incompatível,Saída de leito carroçável,Com Vítimas Feridas,Pleno dia,Decrescente,Chuva,Simples,Declive;Curva,Não,1,0,1,0,0,0,1,1,-27.692705,-49.091351,SPRF-SC,DEL01-SC,UOP03-DEL01-SC,2024
"633884,0",2024-10-10,quinta-feira,10:05:00,SC,101,"324,9",CAPIVARI DE BAIXO,Manobra de mudança de faixa,Colisão lateral mesmo sentido,Sem Vítimas,Pleno dia,Decrescente,Chuva,Dupla,Reta,Não,2,0,0,0,1,1,0,2,-28.42890047,-48.92285509,SPRF-SC,DEL02-SC,UOP01-DEL02-SC,2024
"633890,0",2024-10-10,quinta-feira,11:45:00,SC,101,"46,0",JOINVILLE,Chuva,Queda de ocupante de veículo,Com Vítimas Feridas,Pleno dia,Crescente,Chuva,Múltipla,Interseção de Vias,Sim,1,0,1,0,0,0,1,1,-26.35924662,-48.85904431,SPRF-SC,DEL03-SC,UOP01-DEL03-SC,2024
"633905,0",2024-10-10,quinta-feira,10:30:00,SC,282,"421,5",VARGEM BONITA,Retorno proibido,Colisão transversal,Com Vítimas Feridas,Pleno dia,Decrescente,Nublado,Simples,Curva,Não,3,0,2,1,0,0,3,2,-27.01073171,-51.73573494,SPRF-SC,DEL07-SC,UOP05-DEL07-SC,2024
"633940,0",2024-10-10,quinta-feira,15:37:00,SC,101,"0,9",ARARANGUA,Carga excessiva e/ou mal acondicionada,Derramamento de carga,Com Vítimas Feridas,Pleno dia,Decrescente,Chuva,Simples,Rotatória,Sim,2,0,1,0,1,0,1,2,-28.92794168,-49.49280739,SPRF-SC,DEL02-SC,UOP02-DEL02-SC,2024
"633944,0",2024-10-10,quinta-feira,17:20:00,SC,101,"186,0",BIGUACU,Ausência de reação do condutor,Colisão com objeto,Com Vítimas Feridas,Anoitecer,Crescente,Garoa/Chuvisco,Dupla,Curva,Sim,4,0,2,0,2,0,2,2,-27.4341098,-48.62567129,SPRF-SC,DEL01-SC,UOP01-DEL01-SC,2024
"633973,0",2024-10-10,quinta-feira,18:20:00,SC,470,"149,7",AGRONOMICA,Acessar a via sem observar a presença dos outros veículos,Colisão transversal,Com Vítimas Feridas,Plena Noite,Crescente,Chuva,Simples,Interseção de Vias,Não,2,0,1,0,1,0,1,2,-27.252104,-49.702129,SPRF-SC,DEL04-SC,UOP02-DEL04-SC,2024
"633984,0",2024-10-10,quinta-feira,18:40:00,SC,101,"72,0",ARAQUARI,Chuva,Tombamento,Com Vítimas Feridas,Anoitecer,Decrescente,Chuva,Simples,Reta,Sim,1,0,1,0,0,0,1,1,-26.52700004,-48.71551117,SPRF-SC,DEL03-SC,UOP02-DEL03-SC,2024
"634024,0",2024-10-10,quinta-feira,23:30:00,SC,101,"389,9",CRICIUMA,Ausência de reação do condutor,Queda de ocupante de veículo,Com Vítimas Feridas,Plena Noite,Crescente,Garoa/Chuvisco,Múltipla,Reta,Não,1,0,1,0,0,0,1,1,-28.79023471,-49.34585818,SPRF-SC,DEL02-SC,UOP02-DEL02-SC,2024
"634069,0",2024-10-11,sexta-feira,07:40:00,SC,101,"186,0",BIGUACU,Chuva,Saída de leito carroçável,Com Vítimas Feridas,Pleno dia,Crescente,Chuva,Dupla,Curva,Não,2,0,1,0,1,0,1,2,-27.4341098,-48.62567129,SPRF-SC,DEL01-SC,UOP01-DEL01-SC,2024
"634077,0",2024-10-11,sexta-feira,07:35:00,SC,101,"101,4",BALNEARIO PICARRAS,Reação tardia ou ineficiente do condutor,Saída de leito carroçável,Com Vítimas Feridas,Pleno dia,Decrescente,Chuva,Múltipla,Reta;Declive,Não,2,0,1,0,1,0,1,1,-26.76404198,-48.68657667,SPRF-SC,DEL03-SC,UOP02-DEL03-SC,2024
"634082,0",2024-10-11,sexta-feira,08:55:00,SC,101,"204,0",SAO JOSE,Manobra de mudança de faixa,Colisão lateral mesmo sentido,Com Vítimas Feridas,Pleno dia,Decrescente,Chuva,Múltipla,Reta,Sim,2,0,1,0,1,0,1,2,-27.57413014,-48.61363083,SPRF-SC,DEL01-SC,UOP01-DEL01-SC,2024
"634088,0",2024-10-11,sexta-feira,09:15:00,SC,101,"119,5",ITAJAI,Trafegar com motocicleta (ou similar) entre as faixas,Colisão lateral mesmo sentido,Com Vítimas Feridas,Pleno dia,Decrescente,Céu Claro,Dupla,Reta,Não,2,0,1,0,1,0,1,2,-26.9043179,-48.71555481,SPRF-SC,DEL04-SC,UOP04-DEL04-SC,2024
"634113,0",2024-10-11,sexta-feira,11:30:00,SC,282,"5,0",SAO JOSE,Velocidade Incompatível,Saída de leito carroçável,Sem Vítimas,Pleno dia,Crescente,Garoa/Chuvisco,Dupla,Curva,Não,2,0,0,0,0,2,0,1,-27.588425,-48.612919,SPRF-SC,DEL01-SC,UOP01-DEL01-SC,2024
"634114,0",2024-09-28,sábado,06:00:00,SC,101,"309,0",LAGUNA,Condutor Dormindo,Queda de ocupante de veículo,Com Vítimas Feridas,Pleno dia,Decrescente,Céu Claro,Múltipla,Reta,Sim,1,0,1,0,0,0,1,1,-28.40755485,-48.79169438,SPRF-SC,DEL02-SC,UOP01-DEL02-SC,2024
"634128,0",2024-10-11,sexta-feira,09:15:00,SC,163,"94,7",GUARACIABA,Avarias e/ou desgaste excessivo no pneu,Colisão frontal,Com Vítimas Fatais,Pleno dia,Crescente,Chuva,Simples,Curva;Declive,Não,6,2,4,0,0,0,4,2,-26.52641668,-53.51942539,SPRF-SC,DEL07-SC,UOP03-DEL07-SC,2024
"634130,0",2024-10-11,sexta-feira,09:43:00,SC,282,"373,1",ERVAL VELHO,Ingestão de álcool pelo condutor,Colisão lateral sentido oposto,Com Vítimas Feridas,Pleno dia,Crescente,Nublado,Simples,Aclive;Reta,Não,3,0,2,0,1,0,2,2,-27.24722806,-51.44863129,SPRF-SC,DEL07-SC,UOP05-DEL07-SC,2024
"634135,0",2024-10-11,sexta-feira,08:00:00,SC,470,"103,0",APIUNA,Demais falhas mecânicas ou elétricas,Eventos atípicos,Sem Vítimas,Pleno dia,Crescente,Chuva,Simples,Reta,Não,1,0,0,0,0,1,0,1,-27.064796,-49.401424,SPRF-SC,DEL04-SC,UOP02-DEL04-SC,2024
"634152,0",2024-09-29,domingo,16:20:00,SC,101,"219,0",PALHOCA,Ingestão de álcool pelo condutor,Colisão lateral mesmo sentido,Sem Vítimas,Pleno dia,Decrescente,Sol,Múltipla,Reta,Sim,2,0,0,0,2,0,0,2,-27.68392194,-48.66710085,SPRF-SC,DEL01-SC,UOP02-DEL01-SC,2024
"634158,0",2024-10-11,sexta-feira,15:10:00,SC,280,"56,0",GUARAMIRIM,Manobra de mudança de faixa,Colisão lateral mesmo sentido,Com Vítimas Feridas,Pleno dia,Crescente,Chuva,Dupla,Reta,Não,2,0,1,0,1,0,1,2,-26.47947677,-49.00298702,SPRF-SC,DEL03-SC,UOP03-DEL03-SC,2024
"634176,0",2024-10-11,sexta-feira,17:10:00,SC,282,"19,0",PALHOCA,Trafegar com motocicleta (ou similar) entre as faixas,Colisão traseira,Com Vítimas Feridas,Pleno dia,Crescente,Garoa/Chuvisco,Simples,Reta;Viaduto,Não,2,0,1,0,1,0,1,2,-27.678635,-48.70192,SPRF-SC,DEL01-SC,UOP02-DEL01-SC,2024
"634183,0",2024-10-11,sexta-feira,17:00:00,SC,470,"71,5",INDAIAL,Acumulo de água sobre o pavimento,Saída de leito carroçável,Com Vítimas Feridas,Pleno dia,Decrescente,Chuva,Dupla,Reta,Não,1,0,1,0,0,0,1,1,-26.895243,-49.262104,SPRF-SC,DEL04-SC,UOP01-DEL04-SC,2024
"634186,0",2024-10-11,sexta-feira,15:35:00,SC,282,"488,0",FAXINAL DOS GUEDES,Acessar a via sem observar a presença dos outros veículos,Tombamento,Com Vítimas Feridas,Pleno dia,Crescente,Garoa/Chuvisco,Simples,Curva,Sim,1,0,1,0,0,0,1,1,-26.863047,-52.270107,SPRF-SC,DEL07-SC,UOP01-DEL07-SC,2024
"634190,0",2024-10-11,sexta-feira,16:50:00,SC,470,"151,0",AGRONOMICA,Reação tardia ou ineficiente do condutor,Colisão traseira,Com Vítimas Fatais,Anoitecer,Decrescente,Garoa/Chuvisco,Simples,Reta,Não,9,1,0,5,3,0,5,3,-27.26348,-49.72344,SPRF-SC,DEL04-SC,UOP02-DEL04-SC,2024
"634200,0",2024-10-11,sexta-feira,16:16:00,SC,163,"70,1",SAO MIGUEL DO OESTE,Acessar a via sem observar a presença dos outros veículos,Colisão transversal,Com Vítimas Feridas,Pleno dia,Decrescente,Nublado,Dupla,Reta;Em Obras,Sim,2,0,0,1,1,0,1,2,-26.73426592,-53.50743055,SPRF-SC,DEL07-SC,UOP03-DEL07-SC,2024
"634211,0",2024-10-11,sexta-feira,18:45:00,SC,470,"141,0",RIO DO SUL,Transitar no Acostamento,Colisão transversal,Com Vítimas Feridas,Plena Noite,Crescente,Garoa/Chuvisco,Simples,Retorno Regulamentado,Sim,2,0,1,0,1,0,1,2,-27.226065,-49.666161,SPRF-SC,DEL04-SC,UOP02-DEL04-SC,2024
"634212,0",2024-10-11,sexta-feira,19:50:00,SC,101,"216,3",PALHOCA,Pista Escorregadia,Colisão lateral mesmo sentido,Com Vítimas Feridas,Plena Noite,Decrescente,Garoa/Chuvisco,Simples,Reta,Sim,3,0,2,0,1,0,2,2,-27.65981409,-48.67747798,SPRF-SC,DEL01-SC,UOP02-DEL01-SC,2024
"634223,0",2024-10-11,sexta-feira,20:20:00,SC,101,"191,0",BIGUACU,Chuva,Saída de leito carroçável,Com Vítimas Feridas,Plena Noite,Decrescente,Chuva,Dupla,Curva,Não,1,0,1,0,0,0,1,1,-27.47730273,-48.64127329,SPRF-SC,DEL01-SC,UOP01-DEL01-SC,2024
"634232,0",2024-10-11,sexta-feira,19:50:00,SC,282,"497,5",XANXERE,Acessar a via sem observar a presença dos outros veículos,Colisão transversal,Com Vítimas Feridas,Plena Noite,Decrescente,Chuva,Simples,Aclive,Não,3,0,3,0,0,0,3,2,-26.88033497,-52.34364152,SPRF-SC,DEL07-SC,UOP01-DEL07-SC,2024
"634244,0",2024-10-11,sexta-feira,20:40:00,SC,282,"0,3",FLORIANOPOLIS,Manobra de mudança de faixa,Colisão lateral mesmo sentido,Com Vítimas Feridas,Plena Noite,Crescente,Chuva,Múltipla,Aclive,Sim,2,0,1,0,1,0,1,2,-27.59845,-48.571995,SPRF-SC,DEL01-SC,UOP01-DEL01-SC,2024
"634256,0",2024-10-11,sexta-feira,20:40:00,SC,101,"46,0",JOINVILLE,Ausência de reação do condutor,Colisão traseira,Com Vítimas Feridas,Plena Noite,Crescente,Chuva,Dupla,Reta,Sim,2,0,1,0,1,0,1,2,-26.33150083,-48.86187762,SPRF-SC,DEL03-SC,UOP01-DEL03-SC,2024
"634284,0",2024-10-12,sábado,00:05:00,SC,470,"114,0",IBIRAMA,Ingestão de álcool pelo condutor,Saída de leito carroçável,Sem Vítimas,Plena Noite,Crescente,Céu Claro,Simples,Reta,Não,1,0,0,0,0,1,0,1,-27.086386,-49.478001,SPRF-SC,DEL04-SC,UOP02-DEL04-SC,2024
"634301,0",2024-10-12,sábado,02:00:00,SC,282,"582,0",PINHALZINHO,Ingestão de álcool pelo condutor,Colisão frontal,Com Vítimas Feridas,Plena Noite,Decrescente,Garoa/Chuvisco,Simples,Reta,Sim,5,0,1,0,3,1,1,3,-26.826683,-53.002621,SPRF-SC,DEL07-SC,UOP02-DEL07-SC,2024
"634304,0",2024-10-12,sábado,03:20:00,SC,282,"580,0",PINHALZINHO,Ingestão de álcool pelo condutor,Saída de leito carroçável,Sem Vítimas,Plena Noite,Crescente,Garoa/Chuvisco,Simples,Rotatória,Sim,1,0,0,0,1,0,0,1,-26.832148,-52.994308,SPRF-SC,DEL07-SC,UOP02-DEL07-SC,2024