id,data_inversa,dia_semana,horario,uf,br,km,municipio,causa_acidente,tipo_acidente,classificacao_acidente,fase_dia,sentido_via,condicao_metereologica,tipo_pista,tracado_via,uso_solo,pessoas,mortos,feridos_leves,feridos_graves,ilesos,ignorados,feridos,veiculos,latitude,longitude,regional,delegacia,uop,ano_arquivo
"638252,0",2024-10-29,terça-feira,17:30:00,SC,101,"114,0",ITAJAI,Transitar no Acostamento,Colisão lateral mesmo sentido,Com Vítimas Feridas,Pleno dia,Decrescente,Céu Claro,Dupla,Reta,Não,2,0,0,1,1,0,1,2,-26.86192886,-48.7286704,SPRF-SC,DEL04-SC,UOP04-DEL04-SC,2024
"638327,0",2024-10-30,quarta-feira,07:20:00,SC,101,"160,0",TIJUCAS,Demais falhas mecânicas ou elétricas,Colisão lateral mesmo sentido,Com Vítimas Feridas,Pleno dia,Decrescente,Nublado,Dupla,Reta,Sim,3,0,1,0,2,0,1,2,-27.20831288,-48.61987922,SPRF-SC,DEL04-SC,UOP03-DEL04-SC,2024
"638372,0",2024-10-30,quarta-feira,09:30:00,SC,280,"130,0",RIO NEGRINHO,Transitar na contramão,Colisão frontal,Com Vítimas Feridas,Pleno dia,Crescente,Céu Claro,Simples,Reta;Aclive,Sim,2,0,1,0,1,0,1,2,-26.25334578,-49.5310235,SPRF-SC,DEL06-SC,UOP03-DEL06-SC,2024
"638375,0",2024-10-30,quarta-feira,10:45:00,SC,101,"123,5",ITAJAI,Acessar a via sem observar a presença dos outros veículos,Colisão transversal,Com Vítimas Feridas,Pleno dia,Decrescente,Nublado,Múltipla,Rotatória;Interseção de Vias,Sim,2,0,1,0,0,1,1,2,-26.93668609,-48.69876905,SPRF-SC,DEL04-SC,UOP04-DEL04-SC,2024
"638386,0",2024-10-13,domingo,20:00:00,SC,470,"247,5",CURITIBANOS,Acessar a via sem observar a presença dos outros veículos,Colisão transversal,Com Vítimas Feridas,Plena Noite,Crescente,Nublado,Simples,Rotatória,Sim,3,0,1,0,1,1,1,2,-27.31262536,-50.56152528,SPRF-SC,DEL05-SC,UOP03-DEL05-SC,2024
"638396,0",2024-10-30,quarta-feira,14:50:00,SC,101,"209,5",SAO JOSE,Acesso irregular,Colisão transversal,Com Vítimas Feridas,Pleno dia,Crescente,Nublado,Dupla,Interseção de Vias,Sim,2,0,2,0,0,0,2,2,-27.61000542,-48.63895057,SPRF-SC,DEL01-SC,UOP01-DEL01-SC,2024
"638408,0",2024-10-30,quarta-feira,14:10:00,SC,101,"102,3",BALNEARIO PICARRAS,Ausência de reação do condutor,Tombamento,Com Vítimas Feridas,Pleno dia,Decrescente,Céu Claro,Simples,Reta,Não,1,0,1,0,0,0,1,1,-26.77383397,-48.68594062,SPRF-SC,DEL03-SC,UOP02-DEL03-SC,2024
"638442,0",2024-10-30,quarta-feira,16:50:00,SC,101,"92,7",BARRA VELHA,Mal súbito do condutor,Colisão com objeto,Com Vítimas Feridas,Pleno dia,Decrescente,Céu Claro,Dupla,Reta,Não,1,0,1,0,0,0,1,1,-26.6806041,-48.6931497,SPRF-SC,DEL03-SC,UOP02-DEL03-SC,2024
"638444,0",2024-10-30,quarta-feira,17:40:00,SC,470,"149,0",AGRONOMICA,Acessar a via sem observar a presença dos outros veículos,Colisão transversal,Com Vítimas Feridas,Anoitecer,Decrescente,Chuva,Dupla,Reta,Não,2,0,1,0,1,0,1,2,-27.252104,-49.702129,SPRF-SC,DEL04-SC,UOP02-DEL04-SC,2024
"638450,0",2024-10-30,quarta-feira,18:00:00,SC,470,"49,7",BLUMENAU,Ausência de reação do condutor,Colisão lateral mesmo sentido,Com Vítimas Feridas,Anoitecer,Decrescente,Céu Claro,Dupla,Reta,Não,4,0,0,1,1,2,1,3,-26.860662,-49.065159,SPRF-SC,DEL04-SC,UOP01-DEL04-SC,2024
"638466,0",2024-10-30,quarta-feira,20:00:00,SC,280,"20,5",BALNEARIO BARRA DO SUL,Acessar a via sem observar a presença dos outros veículos,Atropelamento de Pedestre,Com Vítimas Feridas,Plena Noite,Decrescente,Chuva,Simples,Retorno Regulamentado;Interseção de Vias,Sim,2,0,0,1,1,0,1,2,-26.37024737,-48.68781795,SPRF-SC,DEL03-SC,UOP03-DEL03-SC,2024
"638471,0",2024-10-30,quarta-feira,17:45:00,SC,282,"549,9",CHAPECO,Velocidade Incompatível,Colisão frontal,Com Vítimas Feridas,Pleno dia,Decrescente,Céu Claro,Simples,Curva,Não,3,0,2,0,1,0,2,2,-26.961639,-52.763805,SPRF-SC,DEL07-SC,UOP01-DEL07-SC,2024
"638475,0",2024-10-30,quarta-feira,21:25:00,SC,101,"215,0",PALHOCA,Reação tardia ou ineficiente do condutor,Colisão transversal,Com Vítimas Feridas,Plena Noite,Crescente,Chuva,Simples,Rotatória,Sim,2,0,1,0,1,0,1,2,-27.65184843,-48.67604941,SPRF-SC,DEL01-SC,UOP02-DEL01-SC,2024
"638482,0",2024-10-30,quarta-feira,20:00:00,SC,470,"58,1",BLUMENAU,Ingestão de álcool pelo condutor,Colisão transversal,Sem Vítimas,Plena Noite,Decrescente,Nublado,Simples,Reta,Sim,2,0,0,0,2,0,0,2,-26.883879,-49.145622,SPRF-SC,DEL04-SC,UOP01-DEL04-SC,2024
"638487,0",2024-10-30,quarta-feira,21:28:00,SC,282,"534,5",CORDILHEIRA ALTA,Ultrapassagem Indevida,Colisão lateral sentido oposto,Com Vítimas Feridas,Plena Noite,Crescente,Nublado,Simples,Reta,Não,2,0,1,0,1,0,1,2,-26.99627542,-52.63973057,SPRF-SC,DEL07-SC,UOP01-DEL07-SC,2024
"638517,0",2024-10-31,quinta-feira,06:40:00,SC,101,"203,0",SAO JOSE,Manobra de mudança de faixa,Colisão traseira,Com Vítimas Feridas,Pleno dia,Crescente,Céu Claro,Múltipla,Reta,Sim,2,0,1,0,0,1,1,2,-27.5650044,-48.61460082,SPRF-SC,DEL01-SC,UOP01-DEL01-SC,2024
"638520,0",2024-10-31,quinta-feira,05:20:00,SC,282,"589,7",PINHALZINHO,Transitar na contramão,Colisão lateral sentido oposto,Com Vítimas Feridas,Amanhecer,Crescente,Céu Claro,Simples,Declive;Reta,Não,2,0,0,1,1,0,1,2,-26.82596,-53.062588,SPRF-SC,DEL07-SC,UOP02-DEL07-SC,2024
"638541,0",2024-08-29,quinta-feira,01:00:00,SC,470,"147,4",RIO DO SUL,Ausência de reação do condutor,Saída de leito carroçável,Com Vítimas Fatais,Plena Noite,Crescente,Céu Claro,Simples,Reta;Ponte,Não,1,1,0,0,0,0,0,1,-27.24408036,-49.69125867,SPRF-SC,DEL04-SC,UOP02-DEL04-SC,2024
"638549,0",2024-10-31,quinta-feira,08:00:00,SC,101,"120,8",ITAJAI,Trafegar com motocicleta (ou similar) entre as faixas,Colisão traseira,Com Vítimas Feridas,Pleno dia,Crescente,Céu Claro,Dupla,Reta,Não,2,0,1,0,0,1,1,2,-26.912758,-48.711998,SPRF-SC,DEL04-SC,UOP04-DEL04-SC,2024
"638550,0",2024-10-31,quinta-feira,08:00:00,SC,101,"133,5",BALNEARIO CAMBORIU,Manobra de mudança de faixa,Colisão lateral mesmo sentido,Com Vítimas Feridas,Pleno dia,Crescente,Céu Claro,Múltipla,Reta,Sim,2,0,1,0,1,0,1,2,-26.99936,-48.64609,SPRF-SC,DEL04-SC,UOP03-DEL04-SC,2024
"638628,0",2024-10-31,quinta-feira,17:20:00,SC,101,"119,7",ITAJAI,Reação tardia ou ineficiente do condutor,Colisão com objeto,Com Vítimas Feridas,Pleno dia,Crescente,Nublado,Dupla,Reta,Sim,1,0,1,0,0,0,1,1,-26.9043179,-48.71555481,SPRF-SC,DEL04-SC,UOP04-DEL04-SC,2024
"638629,0",2024-10-31,quinta-feira,17:20:00,SC,101,"276,7",IMBITUBA,Velocidade Incompatível,Saída de leito carroçável,Com Vítimas Feridas,Pleno dia,Crescente,Céu Claro,Simples,Reta,Sim,1,0,1,0,0,0,1,1,-28.14644701,-48.69204746,SPRF-SC,DEL02-SC,UOP03-DEL02-SC,2024
"638632,0",2024-10-31,quinta-feira,17:55:00,SC,282,"2,4",FLORIANOPOLIS,Ausência de reação do condutor,Colisão traseira,Sem Vítimas,Pleno dia,Crescente,Céu Claro,Dupla,Reta,Sim,2,0,0,0,2,0,0,2,-27.603289,-48.590416,SPRF-SC,DEL01-SC,UOP01-DEL01-SC,2024
"638634,0",2024-10-31,quinta-feira,16:45:00,SC,280,"24,0",ARAQUARI,Desrespeitar a preferência no cruzamento,Colisão transversal,Com Vítimas Feridas,Pleno dia,Crescente,Céu Claro,Simples,Reta,Sim,3,0,2,0,1,0,2,2,-26.37724921,-48.71953282,SPRF-SC,DEL03-SC,UOP03-DEL03-SC,2024
"638640,0",2024-10-31,quinta-feira,18:05:00,SC,101,"216,0",PALHOCA,Manobra de mudança de faixa,Colisão traseira,Com Vítimas Feridas,Anoitecer,Decrescente,Céu Claro,Múltipla,Reta,Sim,2,0,1,0,1,0,1,2,-27.65981409,-48.67747798,SPRF-SC,DEL01-SC,UOP02-DEL01-SC,2024
"638660,0",2024-10-31,quinta-feira,19:15:00,SC,0,"0,0",FLORIANOPOLIS,Trafegar com motocicleta (ou similar) entre as faixas,Colisão traseira,Com Vítimas Feridas,Plena Noite,Não Informado,Chuva,Dupla,Reta,Sim,2,0,1,0,1,0,1,2,-27.50705101,-48.51365586,SPRF-SC,DEL01-SC,UOP01-DEL01-SC,2024
"638665,0",2024-10-31,quinta-feira,15:50:00,SC,101,"24,5",JOINVILLE,Desrespeitar a preferência no cruzamento,Colisão transversal,Com Vítimas Feridas,Pleno dia,Crescente,Nublado,Simples,Reta,Sim,2,0,1,0,1,0,1,2,-26.17483309,-48.90767978,SPRF-SC,DEL03-SC,UOP01-DEL03-SC,2024
"638683,0",2024-10-31,quinta-feira,19:10:00,SC,282,"242,6",SAO JOSE DO CERRITO,Animais na Pista,Atropelamento de Animal,Sem Vítimas,Plena Noite,Crescente,Céu Claro,Simples,Reta;Declive,Não,1,0,0,0,1,0,0,1,-27.74229532,-50.51110268,SPRF-SC,DEL05-SC,UOP02-DEL05-SC,2024
"638691,0",2024-10-31,quinta-feira,22:10:00,SC,282,"17,9",PALHOCA,Reação tardia ou ineficiente do condutor,Colisão traseira,Com Vítimas Feridas,Plena Noite,Decrescente,Nublado,Simples,Reta,Sim,2,0,1,0,1,0,1,2,-27.665707,-48.688065,SPRF-SC,DEL01-SC,UOP02-DEL01-SC,2024
"638708,0",2024-11-01,sexta-feira,00:25:00,SC,470,"134,7",RIO DO SUL,Velocidade Incompatível,Saída de leito carroçável,Sem Vítimas,Plena Noite,Decrescente,Garoa/Chuvisco,Simples,Reta;Interseção de Vias,Sim,3,0,0,0,0,3,0,2,-27.17844481,-49.59447384,SPRF-SC,DEL04-SC,UOP02-DEL04-SC,2024
"638709,0",2024-11-01,sexta-feira,00:10:00,SC,101,"120,1",ITAJAI,Velocidade Incompatível,Colisão traseira,Com Vítimas Feridas,Plena Noite,Crescente,Céu Claro,Dupla,Reta,Não,2,0,1,0,0,1,1,2,-26.9043179,-48.71555481,SPRF-SC,DEL04-SC,UOP04-DEL04-SC,2024
"638719,0",2024-11-01,sexta-feira,03:40:00,SC,101,"346,2",JAGUARUNA,Condutor Dormindo,Saída de leito carroçável,Sem Vítimas,Plena Noite,Decrescente,Céu Claro,Dupla,Reta,Não,1,0,0,0,1,0,0,1,-28.55485199,-49.0540891,SPRF-SC,DEL02-SC,UOP01-DEL02-SC,2024
"638720,0",2024-11-01,sexta-feira,01:45:00,SC,101,"373,3",ICARA,Ingestão de álcool pelo condutor,Colisão com objeto,Com Vítimas Feridas,Plena Noite,Decrescente,Céu Claro,Dupla,Reta,Não,4,0,3,1,0,0,4,1,-28.72073809,-49.23510075,SPRF-SC,DEL02-SC,UOP01-DEL02-SC,2024
"638727,0",2024-11-01,sexta-feira,05:00:00,SC,101,"90,5",BARRA VELHA,Acessar a via sem observar a presença dos outros veículos,Colisão traseira,Sem Vítimas,Pleno dia,Crescente,Céu Claro,Múltipla,Reta,Não,2,0,0,0,2,0,0,2,-26.66148503,-48.68866176,SPRF-SC,DEL03-SC,UOP02-DEL03-SC,2024
"638736,0",2024-11-01,sexta-feira,07:00:00,SC,101,"200,0",SAO JOSE,Trafegar com motocicleta (ou similar) entre as faixas,Colisão lateral mesmo sentido,Com Vítimas Feridas,Pleno dia,Crescente,Céu Claro,Múltipla,Reta,Não,3,0,2,0,1,0,2,2,-27.54018513,-48.62287714,SPRF-SC,DEL01-SC,UOP01-DEL01-SC,2024
"638741,0",2024-11-01,sexta-feira,07:15:00,SC,282,"3,7",FLORIANOPOLIS,Reação tardia ou ineficiente do condutor,Queda de ocupante de veículo,Com Vítimas Feridas,Pleno dia,Decrescente,Garoa/Chuvisco,Múltipla,Reta,Sim,1,0,0,1,0,0,1,1,-27.600384,-48.599705,SPRF-SC,DEL01-SC,UOP01-DEL01-SC,2024
"638753,0",2024-11-01,sexta-feira,07:54:00,SC,470,"133,0",RIO DO SUL,Conversão proibida,Colisão transversal,Com Vítimas Feridas,Pleno dia,Decrescente,Céu Claro,Simples,Reta;Interseção de Vias,Sim,2,0,0,1,1,0,1,2,-27.174187,-49.588497,SPRF-SC,DEL04-SC,UOP02-DEL04-SC,2024
"638756,0",2024-11-01,sexta-feira,07:45:00,SC,282,"510,9",XANXERE,Ingestão de substâncias psicoativas pelo condutor,Colisão frontal,Com Vítimas Feridas,Pleno dia,Crescente,Sol,Simples,Reta,Não,3,0,3,0,0,0,3,2,-26.897114,-52.463585,SPRF-SC,DEL07-SC,UOP01-DEL07-SC,2024
"638758,0",2024-11-01,sexta-feira,08:25:00,SC,116,"211,6",PONTE ALTA,Ausência de reação do condutor,Saída de leito carroçável,Sem Vítimas,Pleno dia,Decrescente,Céu Claro,Simples,Curva;Declive,Não,1,0,0,0,1,0,0,1,-27.51040007,-50.36397936,SPRF-SC,DEL05-SC,UOP03-DEL05-SC,2024
"638776,0",2024-09-22,domingo,17:50:00,SC,101,"234,0",PALHOCA,Reação tardia ou ineficiente do condutor,Tombamento,Com Vítimas Feridas,Anoitecer,Crescente,Céu Claro,Dupla,Curva;Declive,Sim,1,0,1,0,0,0,1,1,-27.80806497,-48.63855064,SPRF-SC,DEL01-SC,UOP02-DEL01-SC,2024
"638778,0",2024-11-01,sexta-feira,11:45:00,SC,101,"203,0",SAO JOSE,Acessar a via sem observar a presença dos outros veículos,Colisão lateral mesmo sentido,Com Vítimas Feridas,Pleno dia,Decrescente,Nublado,Dupla,Interseção de Vias;Retorno Regulamentado;Rotatória,Sim,2,0,1,0,1,0,1,2,-27.56639524,-48.61345589,SPRF-SC,DEL01-SC,UOP01-DEL01-SC,2024
"638783,0",2024-10-18,sexta-feira,14:51:00,SC,101,"205,0",SAO JOSE,Manobra de mudança de faixa,Colisão lateral mesmo sentido,Com Vítimas Feridas,Pleno dia,Crescente,Nublado,Múltipla,Curva,Sim,3,0,2,0,1,0,2,2,-27.58313237,-48.61532885,SPRF-SC,DEL01-SC,UOP01-DEL01-SC,2024
"638796,0",2024-11-01,sexta-feira,13:45:00,SC,282,"3,0",FLORIANOPOLIS,Trafegar com motocicleta (ou similar) entre as faixas,Colisão lateral mesmo sentido,Sem Vítimas,Pleno dia,Decrescente,Céu Claro,Múltipla,Reta,Sim,3,0,0,0,3,0,0,3,-27.600384,-48.599705,SPRF-SC,DEL01-SC,UOP01-DEL01-SC,2024
"638797,0",2024-11-01,sexta-feira,13:00:00,SC,101,"213,5",PALHOCA,Condutor deixou de manter distância do veículo da frente,Colisão traseira,Com Vítimas Feridas,Pleno dia,Decrescente,Céu Claro,Múltipla,Reta,Não,2,0,1,0,1,0,1,2,-27.63697369,-48.66514142,SPRF-SC,DEL01-SC,UOP02-DEL01-SC,2024
"638799,0",2024-10-28,segunda-feira,15:20:00,SC,101,"381,3",ICARA,Ausência de reação do condutor,Colisão com objeto,Com Vítimas Feridas,Pleno dia,Decrescente,Sol,Múltipla,Reta,Não,1,0,1,0,0,0,1,1,-28.75478409,-49.27732095,SPRF-SC,DEL02-SC,UOP02-DEL02-SC,2024
"638814,0",2024-11-01,sexta-feira,14:25:00,SC,470,"66,5",INDAIAL,Transitar na contramão,Colisão frontal,Com Vítimas Feridas,Pleno dia,Decrescente,Céu Claro,Simples,Reta;Em Obras,Sim,3,0,1,1,1,0,2,2,-26.870407,-49.221844,SPRF-SC,DEL04-SC,UOP01-DEL04-SC,2024
"638815,0",2024-11-01,sexta-feira,15:00:00,SC,101,"202,7",SAO JOSE,Acessar a via sem observar a presença dos outros veículos,Colisão transversal,Com Vítimas Feridas,Pleno dia,Crescente,Sol,Simples,Reta,Sim,2,0,1,0,1,0,1,2,-27.55711595,-48.61897889,SPRF-SC,DEL01-SC,UOP01-DEL01-SC,2024
"638822,0",2024-11-01,sexta-feira,13:15:00,SC,282,"558,0",NOVA ITABERABA,Acessar a via sem observar a presença dos outros veículos,Colisão transversal,Sem Vítimas,Pleno dia,Decrescente,Céu Claro,Simples,Curva,Não,2,0,0,0,2,0,0,2,-26.93273,-52.838913,SPRF-SC,DEL07-SC,UOP01-DEL07-SC,2024
"638830,0",2024-11-01,sexta-feira,17:20:00,SC,101,"101,0",BALNEARIO PICARRAS,Ausência de reação do condutor,Colisão traseira,Com Vítimas Feridas,Pleno dia,Crescente,Nublado,Múltipla,Reta;Declive,Não,2,0,0,1,1,0,1,2,-26.76404198,-48.68657667,SPRF-SC,DEL03-SC,UOP02-DEL03-SC,2024
"638835,0",2024-11-01,sexta-feira,17:30:00,SC,282,"48,0",AGUAS MORNAS,Demais falhas mecânicas ou elétricas,Incêndio,Sem Vítimas,Anoitecer,Crescente,Céu Claro,Dupla,Curva,Não,1,0,0,0,1,0,0,1,-27.721771,-48.934837,SPRF-SC,DEL01-SC,UOP03-DEL01-SC,2024
"638841,0",2024-11-01,sexta-feira,17:40:00,SC,101,"125,8",ITAJAI,Manobra de mudança de faixa,Colisão lateral mesmo sentido,Com Vítimas Feridas,Pleno dia,Decrescente,Nublado,Dupla,Curva,Sim,3,0,2,0,0,1,2,2,-26.95312,-48.67944293,SPRF-SC,DEL04-SC,UOP04-DEL04-SC,2024
"638856,0",2024-10-12,sábado,19:05:00,SC,282,"34,5",AGUAS MORNAS,Acessar a via sem observar a presença dos outros veículos,Colisão frontal,Com Vítimas Feridas,Plena Noite,Decrescente,Céu Claro,Simples,Reta,Não,3,0,2,0,1,0,2,2,-27.70438958,-48.81719112,SPRF-SC,DEL01-SC,UOP03-DEL01-SC,2024
"638867,0",2024-11-01,sexta-feira,19:20:00,SC,101,"442,7",SANTA ROSA DO SUL,Manobra de mudança de faixa,Colisão transversal,Com Vítimas Feridas,Plena Noite,Decrescente,Ignorado,Dupla,Reta,Não,2,0,0,1,1,0,1,2,-29.12959329,-49.68678391,SPRF-SC,DEL02-SC,UOP02-DEL02-SC,2024
"638914,0",2024-11-01,sexta-feira,22:40:00,SC,282,"129,0",BOM RETIRO,Acessar a via sem observar a presença dos outros veículos,Colisão frontal,Com Vítimas Feridas,Plena Noite,Crescente,Céu Claro,Simples,Curva,Não,6,0,1,0,5,0,1,2,-27.800129,-49.496468,SPRF-SC,DEL05-SC,UOP01-DEL05-SC,2024
"638917,0",2024-11-01,sexta-feira,23:00:00,SC,101,"105,0",PENHA,Ausência de reação do condutor,Colisão lateral mesmo sentido,Com Vítimas Feridas,Plena Noite,Decrescente,Garoa/Chuvisco,Dupla,Viaduto;Interseção de Vias;Curva,Sim,2,0,0,1,1,0,1,2,-26.80215497,-48.67891041,SPRF-SC,DEL03-SC,UOP02-DEL03-SC,2024
"638938,0",2024-11-02,sábado,01:50:00,SC,101,"221,3",PALHOCA,Entrada inopinada do pedestre,Atropelamento de Pedestre,Com Vítimas Fatais,Plena Noite,Decrescente,Chuva,Múltipla,Interseção de Vias;Reta,Não,2,1,0,0,1,0,0,2,-27.7040887,-48.6584914,SPRF-SC,DEL01-SC,UOP02-DEL01-SC,2024
"638940,0",2024-11-02,sábado,02:40:00,SC,101,"11,7",GARUVA,Ingestão de álcool pelo condutor,Colisão com objeto,Com Vítimas Feridas,Plena Noite,Crescente,Céu Claro,Dupla,Reta,Sim,1,0,1,0,0,0,1,1,-26.07202503,-48.86100853,SPRF-SC,DEL03-SC,UOP01-DEL03-SC,2024
"638945,0",2024-11-02,sábado,03:30:00,SC,101,"201,0",SAO JOSE,Ausência de reação do condutor,Colisão traseira,Com Vítimas Feridas,Plena Noite,Decrescente,Chuva,Múltipla,Reta,Sim,3,0,2,0,1,0,2,2,-27.54836599,-48.61977975,SPRF-SC,DEL01-SC,UOP01-DEL01-SC,2024
"638948,0",2024-11-02,sábado,03:20:00,SC,101,"217,0",PALHOCA,Chuva,Saída de leito carroçável,Sem Vítimas,Plena Noite,Decrescente,Chuva,Dupla,Reta,Sim,1,0,0,0,0,1,0,1,-27.66779034,-48.67393586,SPRF-SC,DEL01-SC,UOP02-DEL01-SC,2024
"638955,0",2024-11-02,sábado,04:05:00,SC,470,"239,0",SAO CRISTOVAO DO SUL,Ausência de reação do condutor,Capotamento,Sem Vítimas,Plena Noite,Decrescente,Garoa/Chuvisco,Simples,Desvio Temporário,Não,1,0,0,0,0,1,0,1,-27.306107,-50.481949,SPRF-SC,DEL05-SC,UOP03-DEL05-SC,2024
"638972,0",2024-11-02,sábado,01:15:00,SC,280,"105,0",SAO BENTO DO SUL,Condutor Dormindo,Queda de ocupante de veículo,Sem Vítimas,Plena Noite,Crescente,Céu Claro,Simples,Reta,Não,1,0,0,0,1,0,0,1,-26.35641481,-49.36407482,SPRF-SC,DEL06-SC,UOP03-DEL06-SC,2024
"638980,0",2024-11-02,sábado,03:30:00,SC,280,"248,0",CANOINHAS,Reação tardia ou ineficiente do condutor,Saída de leito carroçável,Com Vítimas Feridas,Plena Noite,Crescente,Garoa/Chuvisco,Simples,Reta,Não,1,0,1,0,0,0,1,1,-26.25130977,-50.52296105,SPRF-SC,DEL06-SC,UOP04-DEL06-SC,2024
"638993,0",2024-11-02,sábado,04:55:00,SC,480,"129,6",CHAPECO,Reação tardia ou ineficiente do condutor,Colisão com objeto,Sem Vítimas,Amanhecer,Crescente,Garoa/Chuvisco,Simples,Reta,Sim,1,0,0,0,1,0,0,1,-27.04656607,-52.63577131,SPRF-SC,DEL07-SC,UOP01-DEL07-SC,2024
"639005,0",2024-11-02,sábado,06:20:00,SC,163,"78,5",SAO MIGUEL DO OESTE,Ingestão de álcool pelo condutor,Saída de leito carroçável,Com Vítimas Feridas,Pleno dia,Crescente,Chuva,Simples,Curva,Não,1,0,1,0,0,0,1,1,-26.667838,-53.51978017,SPRF-SC,DEL07-SC,UOP03-DEL07-SC,2024
"639011,0",2024-11-02,sábado,10:15:00,SC,101,"213,0",PALHOCA,Desrespeitar a preferência no cruzamento,Colisão transversal,Com Vítimas Feridas,Pleno dia,Decrescente,Céu Claro,Dupla,Interseção de Vias,Sim,3,0,1,0,2,0,1,2,-27.63697369,-48.66514142,SPRF-SC,DEL01-SC,UOP02-DEL01-SC,2024
"639022,0",2024-11-02,sábado,09:25:00,SC,282,"400,0",JOACABA,Chuva,Saída de leito carroçável,Com Vítimas Feridas,Pleno dia,Crescente,Chuva,Simples,Curva,Não,4,0,2,0,2,0,2,1,-27.132223,-51.627563,SPRF-SC,DEL07-SC,UOP05-DEL07-SC,2024
"639023,0",2024-11-02,sábado,11:20:00,SC,101,"206,0",FLORIANOPOLIS,Condutor deixou de manter distância do veículo da frente,Colisão traseira,Com Vítimas Feridas,Pleno dia,Decrescente,Céu Claro,Dupla,Reta,Não,2,0,1,0,1,0,1,2,-27.59193546,-48.61824557,SPRF-SC,DEL01-SC,UOP01-DEL01-SC,2024
"639031,0",2024-11-02,sábado,10:00:00,SC,470,"201,0",PONTE ALTA,Reação tardia ou ineficiente do condutor,Saída de leito carroçável,Com Vítimas Feridas,Pleno dia,Decrescente,Chuva,Simples,Curva,Não,1,0,1,0,0,0,1,1,-27.298632,-50.143291,SPRF-SC,DEL05-SC,UOP03-DEL05-SC,2024
"639047,0",2024-11-02,sábado,13:50:00,SC,101,"134,0",BALNEARIO CAMBORIU,Reação tardia ou ineficiente do condutor,Colisão lateral mesmo sentido,Com Vítimas Feridas,Pleno dia,Crescente,Garoa/Chuvisco,Simples,Interseção de Vias,Sim,2,0,1,0,1,0,1,2,-27.00218,-48.636433,SPRF-SC,DEL04-SC,UOP03-DEL04-SC,2024
"639051,0",2024-11-02,sábado,14:00:00,SC,101,"126,0",ITAJAI,Demais Fenômenos da natureza,Colisão com objeto,Com Vítimas Feridas,Pleno dia,Decrescente,Garoa/Chuvisco,Dupla,Curva,Sim,1,0,1,0,0,0,1,1,-26.95564404,-48.67978366,SPRF-SC,DEL04-SC,UOP04-DEL04-SC,2024
"639078,0",2024-11-02,sábado,17:30:00,SC,101,"189,8",BIGUACU,Ausência de reação do condutor,Colisão com objeto,Com Vítimas Feridas,Pleno dia,Crescente,Chuva,Dupla,Reta,Não,1,0,1,0,0,0,1,1,-27.459393,-48.638914,SPRF-SC,DEL01-SC,UOP01-DEL01-SC,2024
"639081,0",2024-11-02,sábado,17:50:00,SC,101,"186,0",BIGUACU,Ausência de reação do condutor,Colisão com objeto,Com Vítimas Feridas,Pleno dia,Crescente,Chuva,Dupla,Curva,Sim,2,0,2,0,0,0,2,2,-27.4341098,-48.62567129,SPRF-SC,DEL01-SC,UOP01-DEL01-SC,2024
"639083,0",2024-11-02,sábado,17:00:00,SC,116,"181,0",SAO CRISTOVAO DO SUL,Velocidade Incompatível,Saída de leito carroçável,Com Vítimas Feridas,Pleno dia,Decrescente,Chuva,Simples,Curva,Não,2,0,1,0,0,1,1,1,-27.27682777,-50.43717597,SPRF-SC,DEL05-SC,UOP03-DEL05-SC,2024
"639106,0",2024-11-02,sábado,15:30:00,SC,116,"74,0",MONTE CASTELO,Chuva,Saída de leito carroçável,Sem Vítimas,Pleno dia,Decrescente,Garoa/Chuvisco,Simples,Reta,Não,2,0,0,0,2,0,0,1,-26.50510886,-50.23328349,SPRF-SC,DEL06-SC,UOP02-DEL06-SC,2024
"639113,0",2024-11-02,sábado,17:00:00,SC,280,"77,4",JARAGUA DO SUL,Velocidade Incompatível,Colisão com objeto,Com Vítimas Feridas,Pleno dia,Decrescente,Chuva,Simples,Curva,Não,1,0,0,1,0,0,1,1,-26.448142,-49.199502,SPRF-SC,DEL03-SC,UOP03-DEL03-SC,2024
"639114,0",2024-11-02,sábado,19:45:00,SC,101,"137,0",BALNEARIO CAMBORIU,Desrespeitar a preferência no cruzamento,Colisão transversal,Com Vítimas Feridas,Pleno dia,Crescente,Chuva,Dupla,Reta,Sim,2,0,2,0,0,0,2,2,-27.0157238,-48.61192763,SPRF-SC,DEL04-SC,UOP03-DEL04-SC,2024
"639117,0",2024-11-02,sábado,19:30:00,SC,158,"108,9",CUNHA PORA,Reação tardia ou ineficiente do condutor,Saída de leito carroçável,Sem Vítimas,Plena Noite,Crescente,Chuva,Simples,Reta,Sim,5,0,0,0,5,0,0,1,-26.88559096,-53.17511559,SPRF-SC,DEL07-SC,UOP02-DEL07-SC,2024
"639126,0",2024-11-02,sábado,20:15:00,SC,282,"5,9",SAO JOSE,Trafegar com motocicleta (ou similar) entre as faixas,Colisão lateral mesmo sentido,Com Vítimas Feridas,Plena Noite,Crescente,Chuva,Dupla,Viaduto;Reta,Sim,4,0,2,0,2,0,2,3,-27.588425,-48.612919,SPRF-SC,DEL01-SC,UOP01-DEL01-SC,2024
"639138,0",2024-11-02,sábado,21:00:00,SC,282,"0,1",FLORIANOPOLIS,Entrada inopinada do pedestre,Atropelamento de Pedestre,Com Vítimas Feridas,Plena Noite,Crescente,Chuva,Simples,Reta,Sim,2,0,1,0,1,0,1,2,-27.59845,-48.571995,SPRF-SC,DEL01-SC,UOP01-DEL01-SC,2024