id,data_inversa,dia_semana,horario,uf,br,km,municipio,causa_acidente,tipo_acidente,classificacao_acidente,fase_dia,sentido_via,condicao_metereologica,tipo_pista,tracado_via,uso_solo,pessoas,mortos,feridos_leves,feridos_graves,ilesos,ignorados,feridos,veiculos,latitude,longitude,regional,delegacia,uop,ano_arquivo
"639983,0",2024-11-06,quarta-feira,17:56:00,SC,101,"136,0",BALNEARIO CAMBORIU,Acessar a via sem observar a presença dos outros veículos,Colisão traseira,Com Vítimas Feridas,Anoitecer,Crescente,Nublado,Múltipla,Reta,Sim,2,0,1,0,1,0,1,2,-27.008113,-48.617245,SPRF-SC,DEL04-SC,UOP03-DEL04-SC,2024
"639999,0",2024-11-06,quarta-feira,19:00:00,SC,282,"0,9",FLORIANOPOLIS,Manobra de mudança de faixa,Colisão lateral mesmo sentido,Com Vítimas Feridas,Plena Noite,Crescente,Chuva,Múltipla,Reta,Sim,4,0,2,0,2,0,2,3,-27.59845,-48.571995,SPRF-SC,DEL01-SC,UOP01-DEL01-SC,2024
"640015,0",2024-11-06,quarta-feira,19:15:00,SC,116,"219,4",CORREIA PINTO,Acessar a via sem observar a presença dos outros veículos,Colisão transversal,Com Vítimas Feridas,Anoitecer,Crescente,Nublado,Simples,Rotatória,Sim,5,0,0,2,3,0,2,2,-27.58094305,-50.3683126,SPRF-SC,DEL05-SC,UOP03-DEL05-SC,2024
"640050,0",2024-11-07,quinta-feira,01:30:00,SC,101,"199,3",BIGUACU,Acumulo de água sobre o pavimento,Tombamento,Com Vítimas Feridas,Plena Noite,Crescente,Chuva,Simples,Reta;Interseção de Vias,Sim,1,0,1,0,0,0,1,1,-27.53413705,-48.63003205,SPRF-SC,DEL01-SC,UOP01-DEL01-SC,2024
"640054,0",2024-10-24,quinta-feira,21:15:00,SC,101,"39,8",JOINVILLE,Ausência de reação do condutor,Colisão traseira,Com Vítimas Feridas,Plena Noite,Crescente,Nublado,Dupla,Reta,Sim,2,0,1,0,1,0,1,2,-26.2628107,-48.90192257,SPRF-SC,DEL03-SC,UOP01-DEL03-SC,2024
"640058,0",2024-11-07,quinta-feira,00:40:00,SC,101,"32,0",JOINVILLE,Velocidade Incompatível,Colisão lateral mesmo sentido,Com Vítimas Feridas,Plena Noite,Decrescente,Chuva,Dupla,Curva,Não,2,0,1,0,1,0,1,2,-26.226987,-48.91657,SPRF-SC,DEL03-SC,UOP01-DEL03-SC,2024
"640074,0",2024-11-07,quinta-feira,06:45:00,SC,101,"221,0",PALHOCA,Chuva,Tombamento,Com Vítimas Feridas,Pleno dia,Decrescente,Chuva,Dupla,Curva,Sim,1,0,1,0,0,0,1,1,-27.708531,-48.6563015,SPRF-SC,DEL01-SC,UOP02-DEL01-SC,2024
"640086,0",2024-11-07,quinta-feira,08:00:00,SC,282,"21,0",PALHOCA,Reação tardia ou ineficiente do condutor,Colisão traseira,Com Vítimas Feridas,Pleno dia,Crescente,Chuva,Simples,Reta,Sim,2,0,1,0,1,0,1,2,-27.68907,-48.717541,SPRF-SC,DEL01-SC,UOP02-DEL01-SC,2024
"640104,0",2024-11-07,quinta-feira,09:25:00,SC,282,"502,0",XANXERE,Sinalização mal posicionada,Colisão transversal,Sem Vítimas,Pleno dia,Decrescente,Nublado,Simples,Reta;Interseção de Vias,Sim,3,0,0,0,3,0,0,2,-26.884584,-52.390911,SPRF-SC,DEL07-SC,UOP01-DEL07-SC,2024
"640115,0",2024-11-07,quinta-feira,11:20:00,SC,101,"235,0",PALHOCA,Demais falhas mecânicas ou elétricas,Colisão com objeto,Sem Vítimas,Pleno dia,Decrescente,Garoa/Chuvisco,Dupla,Reta,Não,2,0,0,0,2,0,0,1,-27.8177775,-48.6315025,SPRF-SC,DEL01-SC,UOP02-DEL01-SC,2024
"640137,0",2024-11-07,quinta-feira,13:30:00,SC,101,"151,0",ITAPEMA,Chuva,Tombamento,Com Vítimas Feridas,Pleno dia,Decrescente,Chuva,Dupla,Reta,Sim,1,0,1,0,0,0,1,1,-27.126536,-48.609642,SPRF-SC,DEL04-SC,UOP03-DEL04-SC,2024
"640143,0",2024-11-07,quinta-feira,12:35:00,SC,163,"82,3",GUARACIABA,Ultrapassagem Indevida,Colisão lateral mesmo sentido,Com Vítimas Feridas,Pleno dia,Decrescente,Nublado,Simples,Curva;Declive,Não,2,0,0,1,1,0,1,2,-26.62620125,-53.51593852,SPRF-SC,DEL07-SC,UOP03-DEL07-SC,2024
"640149,0",2024-11-07,quinta-feira,13:35:00,SC,101,"192,4",BIGUACU,Reação tardia ou ineficiente do condutor,Colisão com objeto,Com Vítimas Feridas,Pleno dia,Crescente,Nublado,Múltipla,Curva,Sim,1,0,1,0,0,0,1,1,-27.48443781,-48.64765238,SPRF-SC,DEL01-SC,UOP01-DEL01-SC,2024
"640151,0",2024-11-07,quinta-feira,13:10:00,SC,282,"30,2",SANTO AMARO DA IMPERATRIZ,Velocidade Incompatível,Saída de leito carroçável,Com Vítimas Feridas,Pleno dia,Crescente,Garoa/Chuvisco,Simples,Aclive;Curva,Não,2,0,1,0,1,0,1,1,-27.687376,-48.79071,SPRF-SC,DEL01-SC,UOP03-DEL01-SC,2024
"640159,0",2024-11-07,quinta-feira,15:00:00,SC,282,"397,5",JOACABA,Acessar a via sem observar a presença dos outros veículos,Colisão transversal,Com Vítimas Feridas,Pleno dia,Crescente,Nublado,Simples,Interseção de Vias,Não,5,0,5,0,0,0,5,2,-27.15077261,-51.60496116,SPRF-SC,DEL07-SC,UOP05-DEL07-SC,2024
"640174,0",2024-11-07,quinta-feira,14:50:00,SC,116,"264,3",CAPAO ALTO,Ultrapassagem Indevida,Colisão com objeto,Sem Vítimas,Pleno dia,Decrescente,Nublado,Simples,Reta,Não,2,0,0,0,2,0,0,2,-27.93296727,-50.46354175,SPRF-SC,DEL05-SC,UOP02-DEL05-SC,2024
"640192,0",2024-11-07,quinta-feira,15:55:00,SC,282,"639,9",DESCANSO,Neblina,Queda de ocupante de veículo,Com Vítimas Feridas,Pleno dia,Decrescente,Nevoeiro/Neblina,Simples,Reta,Não,1,0,1,0,0,0,1,1,-26.793066,-53.451859,SPRF-SC,DEL07-SC,UOP03-DEL07-SC,2024
"640193,0",2024-11-07,quinta-feira,18:00:00,SC,101,"205,0",SAO JOSE,Ausência de reação do condutor,Colisão lateral mesmo sentido,Com Vítimas Feridas,Anoitecer,Decrescente,Nublado,Múltipla,Reta,Sim,3,0,2,0,1,0,2,2,-27.58313237,-48.61532885,SPRF-SC,DEL01-SC,UOP01-DEL01-SC,2024
"640216,0",2024-11-07,quinta-feira,19:10:00,SC,470,"1,0",NAVEGANTES,Reação tardia ou ineficiente do condutor,Tombamento,Com Vítimas Feridas,Plena Noite,Crescente,Céu Claro,Dupla,Interseção de Vias,Sim,3,0,3,0,0,0,3,2,-26.875383,-48.668285,SPRF-SC,DEL04-SC,UOP04-DEL04-SC,2024
"640229,0",2024-11-07,quinta-feira,08:15:00,SC,282,"17,8",SANTO AMARO DA IMPERATRIZ,Acesso irregular,Colisão transversal,Com Vítimas Feridas,Pleno dia,Decrescente,Garoa/Chuvisco,Simples,Reta,Sim,2,0,1,0,1,0,1,2,-27.665707,-48.688065,SPRF-SC,DEL01-SC,UOP02-DEL01-SC,2024
"640235,0",2024-11-07,quinta-feira,21:30:00,SC,101,"344,0",TUBARAO,Reação tardia ou ineficiente do condutor,Capotamento,Com Vítimas Feridas,Plena Noite,Decrescente,Garoa/Chuvisco,Dupla,Reta,Não,2,0,1,0,1,0,1,1,-28.53647889,-49.0531826,SPRF-SC,DEL02-SC,UOP01-DEL02-SC,2024
"640243,0",2024-11-07,quinta-feira,21:30:00,SC,280,"57,8",GUARAMIRIM,Conversão proibida,Colisão transversal,Com Vítimas Feridas,Plena Noite,Decrescente,Céu Claro,Simples,Reta,Sim,2,0,1,0,1,0,1,2,-26.47811421,-49.01259213,SPRF-SC,DEL03-SC,UOP03-DEL03-SC,2024
"640268,0",2024-11-08,sexta-feira,02:30:00,SC,101,"328,0",CAPIVARI DE BAIXO,Ingestão de álcool pelo condutor,Colisão com objeto,Com Vítimas Feridas,Plena Noite,Decrescente,Garoa/Chuvisco,Dupla,Curva;Aclive,Não,2,0,2,0,0,0,2,1,-28.43648094,-48.95989307,SPRF-SC,DEL02-SC,UOP01-DEL02-SC,2024
"640273,0",2024-11-08,sexta-feira,02:10:00,SC,280,"223,8",TRES BARRAS,Ingestão de álcool pelo condutor,Saída de leito carroçável,Sem Vítimas,Plena Noite,Decrescente,Nublado,Simples,Curva,Não,1,0,0,0,1,0,0,1,-26.17532694,-50.29413599,SPRF-SC,DEL06-SC,UOP04-DEL06-SC,2024
"640278,0",2024-11-08,sexta-feira,01:35:00,SC,470,"146,0",RIO DO SUL,Ausência de reação do condutor,Saída de leito carroçável,Com Vítimas Feridas,Plena Noite,Crescente,Ignorado,Dupla,Reta,Não,2,0,0,2,0,0,2,1,-27.240673,-49.685822,SPRF-SC,DEL04-SC,UOP02-DEL04-SC,2024
"640279,0",2024-11-08,sexta-feira,04:50:00,SC,280,"58,0",GUARAMIRIM,Conversão proibida,Colisão transversal,Com Vítimas Feridas,Amanhecer,Crescente,Nublado,Simples,Curva;Em Obras,Sim,2,0,1,0,0,1,1,2,-26.476028,-49.03155327,SPRF-SC,DEL03-SC,UOP03-DEL03-SC,2024
"640284,0",2024-11-08,sexta-feira,05:30:00,SC,282,"2,8",FLORIANOPOLIS,Reação tardia ou ineficiente do condutor,Colisão lateral mesmo sentido,Sem Vítimas,Pleno dia,Crescente,Céu Claro,Múltipla,Reta,Sim,2,0,0,0,1,1,0,2,-27.603289,-48.590416,SPRF-SC,DEL01-SC,UOP01-DEL01-SC,2024
"640285,0",2024-11-08,sexta-feira,06:30:00,SC,282,"577,5",PINHALZINHO,Condutor deixou de manter distância do veículo da frente,Colisão traseira,Com Vítimas Feridas,Pleno dia,Decrescente,Nublado,Simples,Reta,Sim,2,0,1,0,0,1,1,2,-26.84676,-52.980644,SPRF-SC,DEL07-SC,UOP02-DEL07-SC,2024
"640308,0",2024-11-08,sexta-feira,08:20:00,SC,101,"210,0",FLORIANOPOLIS,Manobra de mudança de faixa,Colisão lateral mesmo sentido,Com Vítimas Feridas,Pleno dia,Decrescente,Céu Claro,Dupla,Reta,Sim,2,0,1,0,1,0,1,2,-27.6167305,-48.6457265,SPRF-SC,DEL01-SC,UOP01-DEL01-SC,2024
"640322,0",2024-11-08,sexta-feira,09:00:00,SC,470,"71,5",INDAIAL,Ausência de reação do condutor,Colisão traseira,Com Vítimas Feridas,Pleno dia,Decrescente,Céu Claro,Dupla,Viaduto;Retorno Regulamentado;Interseção de Vias;Em Obras,Sim,3,0,0,2,1,0,2,2,-26.872158,-49.23127,SPRF-SC,DEL04-SC,UOP01-DEL04-SC,2024
"640323,0",2024-11-08,sexta-feira,08:40:00,SC,101,"91,0",BARRA VELHA,Avarias e/ou desgaste excessivo no pneu,Queda de ocupante de veículo,Com Vítimas Feridas,Pleno dia,Decrescente,Céu Claro,Múltipla,Reta,Não,1,0,1,0,0,0,1,1,-26.67120698,-48.69011814,SPRF-SC,DEL03-SC,UOP02-DEL03-SC,2024
"640332,0",2024-11-08,sexta-feira,09:10:00,SC,470,"136,5",RIO DO SUL,Acessar a via sem observar a presença dos outros veículos,Colisão lateral mesmo sentido,Sem Vítimas,Pleno dia,Decrescente,Céu Claro,Simples,Curva,Sim,2,0,0,0,2,0,0,2,-27.194323,-49.624554,SPRF-SC,DEL04-SC,UOP02-DEL04-SC,2024
"640361,0",2024-11-08,sexta-feira,12:20:00,SC,282,"15,5",PALHOCA,Acessar a via sem observar a presença dos outros veículos,Colisão transversal,Com Vítimas Feridas,Pleno dia,Crescente,Nublado,Simples,Interseção de Vias;Rotatória;Reta;Em Obras,Sim,3,0,0,1,2,0,1,2,-27.651848,-48.676048,SPRF-SC,DEL01-SC,UOP02-DEL01-SC,2024
"640401,0",2024-11-08,sexta-feira,15:20:00,SC,470,"58,0",BLUMENAU,Condutor deixou de manter distância do veículo da frente,Colisão lateral mesmo sentido,Sem Vítimas,Pleno dia,Crescente,Nublado,Simples,Reta;Interseção de Vias;Em Obras,Sim,2,0,0,0,2,0,0,2,-26.883879,-49.145622,SPRF-SC,DEL04-SC,UOP01-DEL04-SC,2024
"640421,0",2024-11-08,sexta-feira,15:50:00,SC,470,"136,7",RIO DO SUL,Acessar a via sem observar a presença dos outros veículos,Colisão transversal,Com Vítimas Feridas,Pleno dia,Decrescente,Sol,Simples,Reta,Sim,3,0,1,0,2,0,1,3,-27.18828449,-49.61035252,SPRF-SC,DEL04-SC,UOP02-DEL04-SC,2024
"640445,0",2024-11-08,sexta-feira,16:30:00,SC,101,"135,0",BALNEARIO CAMBORIU,Transitar na contramão,Colisão frontal,Com Vítimas Feridas,Pleno dia,Decrescente,Céu Claro,Múltipla,Reta,Sim,2,0,1,0,1,0,1,2,-27.0050108,-48.62677494,SPRF-SC,DEL04-SC,UOP03-DEL04-SC,2024
"640459,0",2024-11-08,sexta-feira,14:50:00,SC,101,"71,5",ARAQUARI,Objeto estático sobre o leito carroçável,Colisão com objeto,Com Vítimas Feridas,Pleno dia,Decrescente,Céu Claro,Múltipla,Reta,Sim,2,0,1,1,0,0,2,1,-26.52700004,-48.71551117,SPRF-SC,DEL03-SC,UOP02-DEL03-SC,2024
"640475,0",2024-11-08,sexta-feira,19:15:00,SC,470,"54,0",BLUMENAU,Acesso irregular,Colisão transversal,Com Vítimas Feridas,Pleno dia,Crescente,Céu Claro,Simples,Interseção de Vias,Não,3,0,2,0,1,0,2,2,-26.871065,-49.110374,SPRF-SC,DEL04-SC,UOP01-DEL04-SC,2024
"640490,0",2024-11-08,sexta-feira,19:30:00,SC,101,"399,5",MARACAJA,Deficiência do Sistema de Iluminação/Sinalização,Colisão com objeto,Com Vítimas Feridas,Plena Noite,Crescente,Céu Claro,Múltipla,Curva,Não,1,0,0,1,0,0,1,1,-28.84171475,-49.42814418,SPRF-SC,DEL02-SC,UOP02-DEL02-SC,2024
"640507,0",2024-11-08,sexta-feira,20:30:00,SC,101,"415,1",ARARANGUA,Ingestão de álcool pelo condutor,Colisão frontal,Com Vítimas Feridas,Plena Noite,Decrescente,Céu Claro,Múltipla,Curva,Sim,3,0,1,1,1,0,2,2,-28.96590863,-49.52239752,SPRF-SC,DEL02-SC,UOP02-DEL02-SC,2024
"640518,0",2024-11-08,sexta-feira,23:30:00,SC,101,"207,0",SAO JOSE,Reação tardia ou ineficiente do condutor,Saída de leito carroçável,Com Vítimas Feridas,Plena Noite,Crescente,Céu Claro,Múltipla,Curva;Aclive,Não,1,0,1,0,0,0,1,1,-27.60001226,-48.6226467,SPRF-SC,DEL01-SC,UOP01-DEL01-SC,2024
"640519,0",2024-11-08,sexta-feira,23:45:00,SC,101,"207,0",SAO JOSE,Demais falhas mecânicas ou elétricas,Queda de ocupante de veículo,Com Vítimas Feridas,Plena Noite,Decrescente,Céu Claro,Múltipla,Declive,Não,1,0,1,0,0,0,1,1,-27.60001226,-48.6226467,SPRF-SC,DEL01-SC,UOP01-DEL01-SC,2024
"640534,0",2024-11-08,sexta-feira,23:30:00,SC,282,"453,5",PONTE SERRADA,Reação tardia ou ineficiente do condutor,Saída de leito carroçável,Com Vítimas Feridas,Plena Noite,Crescente,Céu Claro,Dupla,Curva,Não,2,0,1,0,1,0,1,1,-26.89823,-51.976665,SPRF-SC,DEL07-SC,UOP04-DEL07-SC,2024
"640542,0",2024-11-09,sábado,03:00:00,SC,282,"5,6",SAO JOSE,Condutor Dormindo,Colisão com objeto,Sem Vítimas,Plena Noite,Crescente,Céu Claro,Múltipla,Curva;Declive,Sim,1,0,0,0,1,0,0,1,-27.588425,-48.612919,SPRF-SC,DEL01-SC,UOP01-DEL01-SC,2024
"640543,0",2024-11-09,sábado,03:15:00,SC,101,"411,3",ARARANGUA,Condutor Dormindo,Saída de leito carroçável,Com Vítimas Feridas,Plena Noite,Decrescente,Céu Claro,Dupla,Reta,Não,3,0,1,1,1,0,2,1,-28.92544034,-49.508214,SPRF-SC,DEL02-SC,UOP02-DEL02-SC,2024
"640565,0",2024-11-09,sábado,05:15:00,SC,282,"597,7",CUNHA PORA,Ingestão de álcool pelo condutor,Saída de leito carroçável,Com Vítimas Feridas,Amanhecer,Crescente,Céu Claro,Simples,Reta,Não,2,0,0,2,0,0,2,1,-26.82646,-53.1458,SPRF-SC,DEL07-SC,UOP02-DEL07-SC,2024
"640572,0",2024-11-09,sábado,07:00:00,SC,101,"128,7",BALNEARIO CAMBORIU,Velocidade Incompatível,Tombamento,Com Vítimas Feridas,Pleno dia,Decrescente,Céu Claro,Dupla,Curva,Sim,1,0,1,0,0,0,1,1,-26.97284292,-48.68299451,SPRF-SC,DEL04-SC,UOP03-DEL04-SC,2024
"640577,0",2024-11-09,sábado,07:50:00,SC,101,"152,3",PORTO BELO,Reação tardia ou ineficiente do condutor,Tombamento,Com Vítimas Feridas,Pleno dia,Crescente,Céu Claro,Dupla,Reta,Sim,1,0,1,0,0,0,1,1,-27.13563503,-48.61004665,SPRF-SC,DEL04-SC,UOP03-DEL04-SC,2024
"640578,0",2024-11-09,sábado,07:32:00,SC,163,"92,0",GUARACIABA,Reação tardia ou ineficiente do condutor,Saída de leito carroçável,Com Vítimas Feridas,Pleno dia,Decrescente,Céu Claro,Dupla,Reta;Aclive,Não,4,0,1,3,0,0,4,1,-26.55101083,-53.51692782,SPRF-SC,DEL07-SC,UOP03-DEL07-SC,2024
"640585,0",2024-11-09,sábado,08:55:00,SC,470,"57,3",BLUMENAU,Acesso irregular,Colisão transversal,Com Vítimas Feridas,Pleno dia,Decrescente,Céu Claro,Simples,Reta;Em Obras,Sim,3,0,1,0,2,0,1,2,-26.88115795,-49.13741469,SPRF-SC,DEL04-SC,UOP01-DEL04-SC,2024
"640599,0",2024-11-09,sábado,11:00:00,SC,101,"105,0",PENHA,Acessar a via sem observar a presença dos outros veículos,Colisão lateral mesmo sentido,Com Vítimas Feridas,Pleno dia,Decrescente,Sol,Dupla,Interseção de Vias,Não,2,0,1,0,1,0,1,2,-26.80215497,-48.67891041,SPRF-SC,DEL03-SC,UOP02-DEL03-SC,2024
"640614,0",2024-11-09,sábado,11:50:00,SC,280,"130,3",RIO NEGRINHO,Acessar a via sem observar a presença dos outros veículos,Colisão transversal,Com Vítimas Feridas,Pleno dia,Crescente,Sol,Simples,Reta;Aclive,Sim,3,0,1,0,2,0,1,2,-26.25385575,-49.53297615,SPRF-SC,DEL06-SC,UOP03-DEL06-SC,2024
"640639,0",2024-11-09,sábado,14:55:00,SC,101,"194,0",BIGUACU,Avarias e/ou desgaste excessivo no pneu,Tombamento,Com Vítimas Feridas,Pleno dia,Crescente,Nublado,Dupla,Reta,Sim,2,0,0,2,0,0,2,1,-27.49815117,-48.65661236,SPRF-SC,DEL01-SC,UOP01-DEL01-SC,2024
"640651,0",2024-11-09,sábado,15:40:00,SC,101,"220,9",PALHOCA,Reação tardia ou ineficiente do condutor,Tombamento,Com Vítimas Feridas,Pleno dia,Decrescente,Nublado,Simples,Curva,Não,2,0,2,0,0,0,2,1,-27.69198941,-48.66368358,SPRF-SC,DEL01-SC,UOP02-DEL01-SC,2024
"640661,0",2024-11-09,sábado,17:00:00,SC,282,"480,2",VARGEAO,Ingestão de álcool pelo condutor,Saída de leito carroçável,Com Vítimas Feridas,Pleno dia,Crescente,Sol,Simples,Rotatória,Não,1,0,1,0,0,0,1,1,-26.86869,-52.201077,SPRF-SC,DEL07-SC,UOP01-DEL07-SC,2024
"640668,0",2024-11-09,sábado,17:05:00,SC,101,"367,6",ICARA,Trafegar com motocicleta (ou similar) entre as faixas,Colisão lateral mesmo sentido,Com Vítimas Feridas,Pleno dia,Decrescente,Céu Claro,Múltipla,Reta;Aclive,Não,2,0,1,0,1,0,1,2,-28.69145778,-49.16484911,SPRF-SC,DEL02-SC,UOP01-DEL02-SC,2024
"640674,0",2024-11-09,sábado,18:40:00,SC,101,"200,5",SAO JOSE,Condutor deixou de manter distância do veículo da frente,Colisão traseira,Sem Vítimas,Anoitecer,Crescente,Céu Claro,Múltipla,Reta,Sim,4,0,0,0,4,0,0,2,-27.54499092,-48.62019897,SPRF-SC,DEL01-SC,UOP01-DEL01-SC,2024
"640678,0",2024-11-09,sábado,17:35:00,SC,101,"200,5",SAO JOSE,Manobra de mudança de faixa,Colisão lateral mesmo sentido,Com Vítimas Feridas,Plena Noite,Crescente,Nublado,Dupla,Reta,Sim,2,0,1,0,0,1,1,2,-27.54018513,-48.62287714,SPRF-SC,DEL01-SC,UOP01-DEL01-SC,2024
"640705,0",2024-11-09,sábado,21:10:00,SC,101,"137,4",BALNEARIO CAMBORIU,Desrespeitar a preferência no cruzamento,Colisão transversal,Com Vítimas Feridas,Plena Noite,Crescente,Nublado,Dupla,Reta,Sim,4,0,2,0,2,0,2,2,-27.0157238,-48.61192763,SPRF-SC,DEL04-SC,UOP03-DEL04-SC,2024
"640720,0",2024-11-09,sábado,19:45:00,SC,116,"226,9",CORREIA PINTO,Demais falhas mecânicas ou elétricas,Saída de leito carroçável,Sem Vítimas,Plena Noite,Decrescente,Céu Claro,Simples,Reta,Não,2,0,0,0,2,0,0,1,-27.627321,-50.34153899,SPRF-SC,DEL05-SC,UOP03-DEL05-SC,2024
"640734,0",2024-11-09,sábado,23:20:00,SC,101,"208,0",SAO JOSE,Mal súbito do condutor,Tombamento,Com Vítimas Feridas,Plena Noite,Crescente,Nublado,Múltipla,Reta,Sim,1,0,1,0,0,0,1,1,-27.60327979,-48.63201818,SPRF-SC,DEL01-SC,UOP01-DEL01-SC,2024
"640752,0",2024-11-10,domingo,00:40:00,SC,470,"42,4",GASPAR,Reação tardia ou ineficiente do condutor,Tombamento,Com Vítimas Feridas,Plena Noite,Decrescente,Nublado,Múltipla,Declive;Reta,Não,2,0,2,0,0,0,2,1,-26.87459978,-49.00871342,SPRF-SC,DEL04-SC,UOP01-DEL04-SC,2024
"640818,0",2024-11-10,domingo,09:02:00,SC,101,"189,8",BIGUACU,Condutor Dormindo,Saída de leito carroçável,Com Vítimas Feridas,Pleno dia,Crescente,Céu Claro,Dupla,Curva,Não,2,0,1,0,1,0,1,1,-27.468056,-48.641712,SPRF-SC,DEL01-SC,UOP01-DEL01-SC,2024
"640830,0",2024-11-10,domingo,09:20:00,SC,101,"14,0",BIGUACU,Avarias e/ou desgaste excessivo no pneu,Queda de ocupante de veículo,Com Vítimas Feridas,Pleno dia,Decrescente,Céu Claro,Dupla,Reta,Não,2,0,2,0,0,0,2,1,-27.4946,-48.6561,SPRF-SC,DEL01-SC,UOP01-DEL01-SC,2024
"640834,0",2024-11-10,domingo,08:20:00,SC,101,"121,0",ITAJAI,Ingestão de álcool pelo condutor,Saída de leito carroçável,Sem Vítimas,Pleno dia,Crescente,Céu Claro,Dupla,Rotatória;Viaduto;Curva,Não,1,0,0,0,1,0,0,1,-26.92103178,-48.70856446,SPRF-SC,DEL04-SC,UOP04-DEL04-SC,2024
"640844,0",2024-11-10,domingo,09:25:00,SC,280,"31,1",ARAQUARI,Ausência de reação do condutor,Tombamento,Com Vítimas Feridas,Pleno dia,Decrescente,Céu Claro,Simples,Reta,Não,2,0,1,0,0,1,1,2,-26.41649938,-48.77181215,SPRF-SC,DEL03-SC,UOP03-DEL03-SC,2024
"640861,0",2024-11-10,domingo,11:20:00,SC,470,"356,2",CAMPOS NOVOS,Velocidade Incompatível,Colisão com objeto,Com Vítimas Feridas,Pleno dia,Crescente,Céu Claro,Simples,Curva;Declive,Não,2,0,2,0,0,0,2,1,-27.596577,-51.473782,SPRF-SC,DEL07-SC,UOP06-DEL07-SC,2024
"640865,0",2024-11-10,domingo,14:10:00,SC,101,"282,5",IMBITUBA,Acessar a via sem observar a presença dos outros veículos,Colisão transversal,Com Vítimas Feridas,Pleno dia,Decrescente,Céu Claro,Simples,Rotatória;Interseção de Vias,Sim,3,0,2,0,1,0,2,2,-28.21507473,-48.69951189,SPRF-SC,DEL02-SC,UOP03-DEL02-SC,2024
"640899,0",2024-11-10,domingo,16:50:00,SC,470,"2,0",NAVEGANTES,Acessar a via sem observar a presença dos outros veículos,Colisão traseira,Sem Vítimas,Anoitecer,Decrescente,Nublado,Dupla,Reta,Não,3,0,0,0,3,0,0,2,-26.868551,-48.674831,SPRF-SC,DEL04-SC,UOP04-DEL04-SC,2024
"640924,0",2024-11-10,domingo,19:02:00,SC,101,"144,0",ITAPEMA,Trafegar com motocicleta (ou similar) entre as faixas,Colisão traseira,Com Vítimas Feridas,Anoitecer,Decrescente,Nublado,Dupla,Reta,Não,2,0,1,0,1,0,1,2,-27.0732659,-48.59672716,SPRF-SC,DEL04-SC,UOP03-DEL04-SC,2024
"640939,0",2024-11-10,domingo,17:40:00,SC,101,"150,0",ITAPEMA,Ausência de reação do condutor,Engavetamento,Com Vítimas Feridas,Anoitecer,Decrescente,Céu Claro,Dupla,Reta,Não,3,0,1,0,2,0,1,3,-27.11744799,-48.60940987,SPRF-SC,DEL04-SC,UOP03-DEL04-SC,2024
"640954,0",2024-11-10,domingo,20:10:00,SC,101,"137,0",BALNEARIO CAMBORIU,Avarias e/ou desgaste excessivo no pneu,Tombamento,Com Vítimas Feridas,Plena Noite,Decrescente,Nublado,Dupla,Reta,Não,2,0,2,0,0,0,2,1,-27.0157238,-48.61192763,SPRF-SC,DEL04-SC,UOP03-DEL04-SC,2024
"640974,0",2024-11-10,domingo,18:15:00,SC,282,"190,7",LAGES,Acessar a via sem observar a presença dos outros veículos,Colisão transversal,Sem Vítimas,Pleno dia,Decrescente,Céu Claro,Simples,Curva;Declive,Não,2,0,0,0,2,0,0,2,-27.736708,-50.036961,SPRF-SC,DEL05-SC,UOP01-DEL05-SC,2024
"640985,0",2024-11-10,domingo,19:40:00,SC,470,"195,9",OTACILIO COSTA,Transitar na contramão,Colisão frontal,Sem Vítimas,Plena Noite,Decrescente,Nublado,Simples,Reta,Não,7,0,0,0,7,0,0,3,-27.303724,-50.088837,SPRF-SC,DEL05-SC,UOP03-DEL05-SC,2024
"641007,0",2024-11-10,domingo,23:10:00,SC,158,"120,5",CAIBI,Ingestão de álcool pelo condutor,Saída de leito carroçável,Sem Vítimas,Plena Noite,Crescente,Céu Claro,Simples,Em Obras;Curva,Não,1,0,0,0,0,1,0,1,-26.9661991,-53.2138416,SPRF-SC,DEL07-SC,UOP02-DEL07-SC,2024
"641010,0",2024-11-10,domingo,22:38:00,SC,282,"407,0",CATANDUVAS,Ingestão de álcool pelo condutor,Saída de leito carroçável,Com Vítimas Feridas,Plena Noite,Decrescente,Céu Claro,Simples,Curva;Aclive,Não,5,0,4,0,1,0,4,1,-27.090205,-51.661332,SPRF-SC,DEL07-SC,UOP05-DEL07-SC,2024
"641045,0",2024-11-11,segunda-feira,06:55:00,SC,101,"144,0",ITAPEMA,Manobra de mudança de faixa,Colisão traseira,Com Vítimas Feridas,Pleno dia,Decrescente,Nublado,Dupla,Reta,Não,2,0,0,1,1,0,1,2,-27.0732659,-48.59672716,SPRF-SC,DEL04-SC,UOP03-DEL04-SC,2024
"641050,0",2024-11-11,segunda-feira,07:30:00,SC,101,"208,5",SAO JOSE,Reação tardia ou ineficiente do condutor,Engavetamento,Com Vítimas Feridas,Pleno dia,Decrescente,Céu Claro,Múltipla,Reta,Sim,6,0,1,0,5,0,1,4,-27.60327979,-48.63201818,SPRF-SC,DEL01-SC,UOP01-DEL01-SC,2024
"641055,0",2024-11-11,segunda-feira,06:09:00,SC,101,"421,6",ARARANGUA,Ausência de reação do condutor,Colisão com objeto,Com Vítimas Fatais,Pleno dia,Crescente,Céu Claro,Múltipla,Reta;Viaduto,Sim,1,1,0,0,0,0,0,1,-29.00847815,-49.56954002,SPRF-SC,DEL02-SC,UOP02-DEL02-SC,2024