id,data_inversa,dia_semana,horario,uf,br,km,municipio,causa_acidente,tipo_acidente,classificacao_acidente,fase_dia,sentido_via,condicao_metereologica,tipo_pista,tracado_via,uso_solo,pessoas,mortos,feridos_leves,feridos_graves,ilesos,ignorados,feridos,veiculos,latitude,longitude,regional,delegacia,uop,ano_arquivo
"643833,0",2024-11-23,sábado,19:20:00,SC,158,"134,2",PALMITOS,Ingestão de álcool pelo condutor,Colisão transversal,Com Vítimas Feridas,Plena Noite,Decrescente,Céu Claro,Simples,Interseção de Vias,Não,4,0,2,0,2,0,2,2,-27.07028481,-53.23013306,SPRF-SC,DEL07-SC,UOP02-DEL07-SC,2024
"643841,0",2024-11-23,sábado,19:07:00,SC,282,"563,0",NOVA ERECHIM,Ausência de reação do condutor,Saída de leito carroçável,Com Vítimas Feridas,Plena Noite,Crescente,Nublado,Simples,Reta,Não,1,0,1,0,0,0,1,1,-26.902191,-52.868835,SPRF-SC,DEL07-SC,UOP02-DEL07-SC,2024
"643847,0",2024-11-23,sábado,22:55:00,SC,101,"206,0",SAO JOSE,Reação tardia ou ineficiente do condutor,Colisão com objeto,Sem Vítimas,Plena Noite,Crescente,Nublado,Múltipla,Reta,Sim,1,0,0,0,0,1,0,1,-27.59193546,-48.61824557,SPRF-SC,DEL01-SC,UOP01-DEL01-SC,2024
"643848,0",2024-11-23,sábado,20:00:00,SC,280,"96,3",CORUPA,Transitar na contramão,Colisão frontal,Com Vítimas Feridas,Plena Noite,Decrescente,Céu Claro,Simples,Curva,Não,2,0,0,1,1,0,1,2,-26.37833107,-49.31732124,SPRF-SC,DEL06-SC,UOP03-DEL06-SC,2024
"643851,0",2024-11-23,sábado,23:30:00,SC,101,"133,0",BALNEARIO CAMBORIU,Condutor desrespeitou a iluminação vermelha do semáforo,Colisão transversal,Com Vítimas Feridas,Plena Noite,Crescente,Garoa/Chuvisco,Múltipla,Interseção de Vias,Sim,2,0,1,0,1,0,1,2,-26.99936,-48.64609,SPRF-SC,DEL04-SC,UOP03-DEL04-SC,2024
"643870,0",2024-11-24,domingo,00:50:00,SC,280,"275,0",IRINEOPOLIS,Reação tardia ou ineficiente do condutor,Saída de leito carroçável,Com Vítimas Feridas,Plena Noite,Crescente,Nublado,Simples,Reta,Não,1,0,1,0,0,0,1,1,-26.28674797,-50.78186002,SPRF-SC,DEL06-SC,UOP04-DEL06-SC,2024
"643885,0",2024-11-24,domingo,04:20:00,SC,101,"100,0",BALNEARIO PICARRAS,Reação tardia ou ineficiente do condutor,Colisão com objeto,Com Vítimas Feridas,Amanhecer,Decrescente,Céu Claro,Dupla,Reta,Não,2,0,1,0,1,0,1,1,-26.75482787,-48.68993675,SPRF-SC,DEL03-SC,UOP02-DEL03-SC,2024
"643887,0",2024-11-24,domingo,04:00:00,SC,282,"87,3",ALFREDO WAGNER,Condutor Dormindo,Saída de leito carroçável,Com Vítimas Feridas,Plena Noite,Decrescente,Chuva,Simples,Aclive;Curva,Não,1,0,1,0,0,0,1,1,-27.664766,-49.20578,SPRF-SC,DEL01-SC,UOP03-DEL01-SC,2024
"643895,0",2024-11-24,domingo,04:50:00,SC,470,"5,0",NAVEGANTES,Ingestão de álcool pelo condutor,Saída de leito carroçável,Com Vítimas Feridas,Plena Noite,Decrescente,Nublado,Dupla,Reta;Em Obras,Sim,2,0,1,1,0,0,2,1,-26.855688,-48.700333,SPRF-SC,DEL04-SC,UOP04-DEL04-SC,2024
"643896,0",2024-11-24,domingo,06:50:00,SC,101,"138,0",BALNEARIO CAMBORIU,Reação tardia ou ineficiente do condutor,Colisão com objeto,Com Vítimas Feridas,Pleno dia,Decrescente,Céu Claro,Dupla,Curva,Sim,1,0,1,0,0,0,1,1,-27.02397426,-48.60761649,SPRF-SC,DEL04-SC,UOP03-DEL04-SC,2024
"643898,0",2024-11-24,domingo,00:50:00,SC,282,"216,5",LAGES,Reação tardia ou ineficiente do condutor,Colisão com objeto,Com Vítimas Feridas,Plena Noite,Crescente,Garoa/Chuvisco,Simples,Aclive;Reta,Sim,1,0,1,0,0,0,1,1,-27.79767594,-50.29396176,SPRF-SC,DEL05-SC,UOP01-DEL05-SC,2024
"643899,0",2024-11-24,domingo,00:30:00,SC,470,"69,0",INDAIAL,Ausência de reação do condutor,Tombamento,Sem Vítimas,Plena Noite,Crescente,Céu Claro,Dupla,Reta,Não,1,0,0,0,0,1,0,1,-26.883745,-49.246704,SPRF-SC,DEL04-SC,UOP01-DEL04-SC,2024
"643907,0",2024-11-24,domingo,07:45:00,SC,101,"189,0",BIGUACU,Acumulo de óleo sobre o pavimento,Colisão com objeto,Com Vítimas Feridas,Pleno dia,Crescente,Céu Claro,Dupla,Curva,Não,2,0,2,0,0,0,2,1,-27.459393,-48.638914,SPRF-SC,DEL01-SC,UOP01-DEL01-SC,2024
"643919,0",2024-11-24,domingo,08:35:00,SC,101,"189,0",BIGUACU,Pista Escorregadia,Colisão traseira,Sem Vítimas,Pleno dia,Crescente,Garoa/Chuvisco,Dupla,Curva,Não,3,0,0,0,3,0,0,2,-27.459393,-48.638914,SPRF-SC,DEL01-SC,UOP01-DEL01-SC,2024
"643922,0",2024-11-24,domingo,08:10:00,SC,101,"254,0",PAULO LOPES,Ausência de reação do condutor,Tombamento,Com Vítimas Feridas,Pleno dia,Crescente,Céu Claro,Múltipla,Reta,Não,2,0,1,0,0,1,1,2,-27.97368802,-48.67940247,SPRF-SC,DEL02-SC,UOP03-DEL02-SC,2024
"643926,0",2024-11-24,domingo,09:10:00,SC,101,"294,5",IMBITUBA,Animais na Pista,Tombamento,Com Vítimas Feridas,Pleno dia,Crescente,Céu Claro,Simples,Reta,Não,1,0,0,1,0,0,1,1,-28.29286525,-48.71134043,SPRF-SC,DEL02-SC,UOP03-DEL02-SC,2024
"643946,0",2024-11-24,domingo,11:10:00,SC,470,"46,5",BLUMENAU,Transitar na contramão,Colisão frontal,Com Vítimas Fatais,Pleno dia,Decrescente,Nublado,Simples,Reta,Sim,3,1,0,0,2,0,0,3,-26.86293323,-49.04344618,SPRF-SC,DEL04-SC,UOP01-DEL04-SC,2024
"643950,0",2024-11-24,domingo,12:45:00,SC,101,"204,0",SAO JOSE,Avarias e/ou desgaste excessivo no pneu,Tombamento,Com Vítimas Feridas,Pleno dia,Decrescente,Nublado,Múltipla,Reta,Sim,1,0,1,0,0,0,1,1,-27.57413014,-48.61363083,SPRF-SC,DEL01-SC,UOP01-DEL01-SC,2024
"643956,0",2024-11-24,domingo,12:40:00,SC,101,"125,0",ITAJAI,Reação tardia ou ineficiente do condutor,Tombamento,Com Vítimas Feridas,Pleno dia,Decrescente,Céu Claro,Múltipla,Reta,Não,1,0,1,0,0,0,1,1,-26.94802427,-48.68338515,SPRF-SC,DEL04-SC,UOP04-DEL04-SC,2024
"643959,0",2024-11-24,domingo,12:40:00,SC,101,"119,0",ITAJAI,Reação tardia ou ineficiente do condutor,Tombamento,Com Vítimas Feridas,Pleno dia,Decrescente,Nublado,Múltipla,Reta,Sim,2,0,1,0,1,0,1,1,-26.9043179,-48.71555481,SPRF-SC,DEL04-SC,UOP04-DEL04-SC,2024
"643968,0",2024-11-24,domingo,11:20:00,SC,470,"54,0",BLUMENAU,Acessar a via sem observar a presença dos outros veículos,Colisão transversal,Com Vítimas Feridas,Pleno dia,Crescente,Céu Claro,Simples,Interseção de Vias;Reta,Sim,3,0,1,0,2,0,1,2,-26.871065,-49.110374,SPRF-SC,DEL04-SC,UOP01-DEL04-SC,2024
"643986,0",2024-11-24,domingo,15:00:00,SC,101,"136,0",BALNEARIO CAMBORIU,Reação tardia ou ineficiente do condutor,Colisão traseira,Com Vítimas Feridas,Pleno dia,Decrescente,Céu Claro,Dupla,Reta;Declive;Viaduto,Sim,3,0,1,0,2,0,1,3,-27.008113,-48.617245,SPRF-SC,DEL04-SC,UOP03-DEL04-SC,2024
"643995,0",2024-11-24,domingo,14:50:00,SC,101,"425,6",ARARANGUA,Transitar na contramão,Colisão lateral sentido oposto,Com Vítimas Feridas,Pleno dia,Decrescente,Céu Claro,Múltipla,Reta,Sim,3,0,2,0,1,0,2,2,-29.0290809,-49.60267067,SPRF-SC,DEL02-SC,UOP02-DEL02-SC,2024
"643996,0",2024-11-24,domingo,16:30:00,SC,101,"357,5",SANGAO,Manobra de mudança de faixa,Colisão traseira,Com Vítimas Feridas,Pleno dia,Crescente,Céu Claro,Múltipla,Reta,Não,6,0,2,0,4,0,2,2,-28.635168,-49.09467,SPRF-SC,DEL02-SC,UOP01-DEL02-SC,2024
"644033,0",2024-11-24,domingo,18:20:00,SC,470,"42,9",GASPAR,Mal súbito do condutor,Tombamento,Com Vítimas Fatais,Anoitecer,Crescente,Céu Claro,Dupla,Curva,Não,1,1,0,0,0,0,0,1,-26.87474333,-49.01197851,SPRF-SC,DEL04-SC,UOP01-DEL04-SC,2024
"644041,0",2024-11-24,domingo,18:00:00,SC,280,"48,0",GUARAMIRIM,Retorno proibido,Saída de leito carroçável,Com Vítimas Feridas,Anoitecer,Crescente,Nublado,Dupla,Em Obras,Não,1,0,1,0,0,0,1,1,-26.45506795,-48.92766502,SPRF-SC,DEL03-SC,UOP03-DEL03-SC,2024
"644090,0",2024-11-25,segunda-feira,03:53:00,SC,480,"130,0",CHAPECO,Ingestão de álcool pelo condutor,Colisão com objeto,Com Vítimas Feridas,Plena Noite,Crescente,Nublado,Múltipla,Reta;Aclive,Sim,2,0,2,0,0,0,2,1,-27.04656607,-52.63577131,SPRF-SC,DEL07-SC,UOP01-DEL07-SC,2024
"644105,0",2024-11-25,segunda-feira,07:28:00,SC,282,"217,0",LAGES,Acessar a via sem observar a presença dos outros veículos,Queda de ocupante de veículo,Com Vítimas Feridas,Pleno dia,Crescente,Nublado,Simples,Reta,Sim,2,0,1,0,1,0,1,2,-27.797916,-50.302944,SPRF-SC,DEL05-SC,UOP01-DEL05-SC,2024
"644107,0",2024-11-25,segunda-feira,07:30:00,SC,282,"16,4",PALHOCA,Acessar a via sem observar a presença dos outros veículos,Tombamento,Com Vítimas Feridas,Pleno dia,Crescente,Céu Claro,Simples,Reta;Interseção de Vias,Sim,2,0,1,0,1,0,1,2,-27.658611,-48.681847,SPRF-SC,DEL01-SC,UOP02-DEL01-SC,2024
"644124,0",2024-11-25,segunda-feira,02:30:00,SC,116,"155,3",SANTA CECILIA,Reação tardia ou ineficiente do condutor,Saída de leito carroçável,Com Vítimas Feridas,Plena Noite,Decrescente,Nublado,Simples,Curva,Não,1,0,1,0,0,0,1,1,-27.07453696,-50.42919788,SPRF-SC,DEL06-SC,UOP02-DEL06-SC,2024
"644135,0",2024-11-25,segunda-feira,07:40:00,SC,470,"7,5",NAVEGANTES,Manobra de mudança de faixa,Colisão traseira,Com Vítimas Feridas,Pleno dia,Crescente,Nublado,Dupla,Viaduto,Sim,2,0,1,0,1,0,1,2,-26.84499,-48.71505,SPRF-SC,DEL04-SC,UOP04-DEL04-SC,2024
"644148,0",2024-11-25,segunda-feira,08:10:00,SC,101,"119,0",ITAJAI,Ausência de reação do condutor,Tombamento,Com Vítimas Feridas,Pleno dia,Crescente,Nublado,Dupla,Reta,Não,1,0,1,0,0,0,1,1,-26.9043179,-48.71555481,SPRF-SC,DEL04-SC,UOP04-DEL04-SC,2024
"644165,0",2024-11-25,segunda-feira,11:00:00,SC,116,"25,2",ITAIOPOLIS,Acessar a via sem observar a presença dos outros veículos,Colisão transversal,Com Vítimas Feridas,Pleno dia,Crescente,Céu Claro,Simples,Aclive;Reta,Não,2,0,1,0,1,0,1,2,-26.28051002,-49.92717199,SPRF-SC,DEL06-SC,UOP01-DEL06-SC,2024
"644168,0",2024-11-25,segunda-feira,04:00:00,SC,470,"210,0",SAO CRISTOVAO DO SUL,Ausência de reação do condutor,Capotamento,Com Vítimas Feridas,Plena Noite,Crescente,Ignorado,Simples,Reta,Não,1,0,1,0,0,0,1,1,-27.302412,-50.219173,SPRF-SC,DEL05-SC,UOP03-DEL05-SC,2024
"644176,0",2024-11-25,segunda-feira,13:20:00,SC,101,"163,0",TIJUCAS,Acessar a via sem observar a presença dos outros veículos,Colisão transversal,Com Vítimas Feridas,Pleno dia,Decrescente,Céu Claro,Simples,Interseção de Vias;Viaduto,Sim,3,0,1,0,2,0,1,2,-27.23461699,-48.63039809,SPRF-SC,DEL04-SC,UOP03-DEL04-SC,2024
"644179,0",2024-11-09,sábado,22:50:00,SC,280,"48,0",GUARAMIRIM,Retorno proibido,Colisão traseira,Com Vítimas Feridas,Plena Noite,Crescente,Céu Claro,Simples,Reta;Desvio Temporário,Não,4,0,1,0,3,0,1,2,-26.45697287,-48.93250465,SPRF-SC,DEL03-SC,UOP03-DEL03-SC,2024
"644182,0",2024-11-25,segunda-feira,11:50:00,SC,101,"88,0",BARRA VELHA,Avarias e/ou desgaste excessivo no pneu,Colisão traseira,Com Vítimas Feridas,Pleno dia,Decrescente,Céu Claro,Dupla,Reta,Sim,3,0,0,1,2,0,1,2,-26.64253985,-48.68950684,SPRF-SC,DEL03-SC,UOP02-DEL03-SC,2024
"644195,0",2024-11-25,segunda-feira,15:50:00,SC,101,"200,9",SAO JOSE,Ausência de reação do condutor,Queda de ocupante de veículo,Com Vítimas Feridas,Pleno dia,Crescente,Céu Claro,Dupla,Reta,Sim,2,0,1,0,1,0,1,2,-27.54018513,-48.62287714,SPRF-SC,DEL01-SC,UOP01-DEL01-SC,2024
"644213,0",2024-11-25,segunda-feira,16:00:00,SC,280,"51,0",GUARAMIRIM,Velocidade Incompatível,Colisão frontal,Com Vítimas Feridas,Pleno dia,Crescente,Sol,Dupla,Interseção de Vias,Não,2,0,0,1,1,0,1,2,-26.46538871,-48.95544449,SPRF-SC,DEL03-SC,UOP03-DEL03-SC,2024
"644231,0",2024-11-25,segunda-feira,17:50:00,SC,101,"202,0",SAO JOSE,Condutor deixou de manter distância do veículo da frente,Colisão traseira,Com Vítimas Feridas,Pleno dia,Decrescente,Sol,Dupla,Reta,Sim,2,0,1,0,1,0,1,2,-27.55711595,-48.61897889,SPRF-SC,DEL01-SC,UOP01-DEL01-SC,2024
"644245,0",2024-11-25,segunda-feira,17:10:00,SC,282,"579,0",PINHALZINHO,Reação tardia ou ineficiente do condutor,Colisão frontal,Com Vítimas Feridas,Anoitecer,Crescente,Céu Claro,Simples,Curva,Não,3,0,0,1,2,0,1,3,-26.835443,-52.990578,SPRF-SC,DEL07-SC,UOP02-DEL07-SC,2024
"644282,0",2024-11-25,segunda-feira,23:05:00,SC,116,"140,0",SANTA CECILIA,Velocidade Incompatível,Saída de leito carroçável,Com Vítimas Feridas,Plena Noite,Decrescente,Céu Claro,Simples,Reta;Declive,Sim,1,0,1,0,0,0,1,1,-26.96625517,-50.40928315,SPRF-SC,DEL06-SC,UOP02-DEL06-SC,2024
"644292,0",2024-11-26,terça-feira,00:37:00,SC,101,"201,2",SAO JOSE,Acessar a via sem observar a presença dos outros veículos,Atropelamento de Pedestre,Com Vítimas Fatais,Plena Noite,Decrescente,Nublado,Múltipla,Reta,Não,3,1,0,0,1,1,0,3,-27.54836599,-48.61977975,SPRF-SC,DEL01-SC,UOP01-DEL01-SC,2024
"644317,0",2024-11-26,terça-feira,07:30:00,SC,101,"155,0",PORTO BELO,Reação tardia ou ineficiente do condutor,Colisão traseira,Com Vítimas Feridas,Pleno dia,Crescente,Nublado,Dupla,Reta,Sim,2,0,1,0,1,0,1,2,-27.16292,-48.61129,SPRF-SC,DEL04-SC,UOP03-DEL04-SC,2024
"644324,0",2024-06-07,sexta-feira,08:40:00,SC,101,"117,7",ITAJAI,Ausência de reação do condutor,Engavetamento,Com Vítimas Feridas,Pleno dia,Crescente,Céu Claro,Múltipla,Declive,Não,4,0,1,0,3,0,1,3,-26.88747187,-48.72252969,SPRF-SC,DEL04-SC,UOP04-DEL04-SC,2024
"644338,0",2024-11-26,terça-feira,08:40:00,SC,470,"136,0",RIO DO SUL,Reação tardia ou ineficiente do condutor,Colisão traseira,Com Vítimas Feridas,Pleno dia,Decrescente,Céu Claro,Dupla,Interseção de Vias,Sim,2,0,1,0,1,0,1,2,-27.20065877,-49.63166535,SPRF-SC,DEL04-SC,UOP02-DEL04-SC,2024
"644349,0",2024-11-26,terça-feira,09:30:00,SC,101,"227,5",PALHOCA,Velocidade Incompatível,Colisão com objeto,Com Vítimas Feridas,Pleno dia,Decrescente,Sol,Múltipla,Reta;Declive,Sim,1,0,1,0,0,0,1,1,-27.7509149,-48.63460277,SPRF-SC,DEL01-SC,UOP02-DEL01-SC,2024
"644350,0",2024-11-26,terça-feira,10:10:00,SC,101,"145,0",ITAPEMA,Manobra de mudança de faixa,Colisão lateral mesmo sentido,Com Vítimas Feridas,Pleno dia,Decrescente,Céu Claro,Múltipla,Reta;Declive,Sim,2,0,1,0,1,0,1,2,-27.08139206,-48.60130993,SPRF-SC,DEL04-SC,UOP03-DEL04-SC,2024
"644366,0",2024-11-14,quinta-feira,19:20:00,SC,282,"6,0",SAO JOSE,Condutor deixou de manter distância do veículo da frente,Colisão lateral mesmo sentido,Com Vítimas Feridas,Plena Noite,Decrescente,Nublado,Dupla,Desvio Temporário;Curva,Sim,2,0,1,0,0,1,1,2,-27.591936,-48.618244,SPRF-SC,DEL01-SC,UOP01-DEL01-SC,2024
"644369,0",2024-11-26,terça-feira,13:00:00,SC,101,"115,0",ITAJAI,Trafegar com motocicleta (ou similar) entre as faixas,Colisão lateral mesmo sentido,Com Vítimas Feridas,Pleno dia,Decrescente,Céu Claro,Dupla,Reta,Não,2,0,0,1,1,0,1,2,-26.87064015,-48.72954134,SPRF-SC,DEL04-SC,UOP04-DEL04-SC,2024
"644386,0",2024-11-26,terça-feira,14:00:00,SC,101,"202,0",SAO JOSE,Manobra de mudança de faixa,Colisão lateral mesmo sentido,Com Vítimas Feridas,Pleno dia,Decrescente,Céu Claro,Múltipla,Reta,Sim,5,0,1,1,3,0,2,3,-27.55711595,-48.61897889,SPRF-SC,DEL01-SC,UOP01-DEL01-SC,2024
"644394,0",2024-11-26,terça-feira,15:07:00,SC,101,"204,0",SAO JOSE,Trafegar com motocicleta (ou similar) entre as faixas,Colisão lateral mesmo sentido,Com Vítimas Feridas,Pleno dia,Decrescente,Céu Claro,Simples,Reta,Não,2,0,0,1,1,0,1,2,-27.57413014,-48.61363083,SPRF-SC,DEL01-SC,UOP01-DEL01-SC,2024
"644418,0",2024-11-26,terça-feira,16:45:00,SC,470,"4,0",NAVEGANTES,Acessar a via sem observar a presença dos outros veículos,Colisão transversal,Com Vítimas Feridas,Pleno dia,Decrescente,Céu Claro,Simples,Reta;Rotatória,Sim,2,0,1,0,1,0,1,2,-26.858473,-48.690788,SPRF-SC,DEL04-SC,UOP04-DEL04-SC,2024
"644423,0",2024-11-26,terça-feira,17:15:00,SC,101,"131,0",BALNEARIO CAMBORIU,Frear bruscamente,Colisão traseira,Sem Vítimas,Pleno dia,Decrescente,Céu Claro,Dupla,Interseção de Vias,Sim,2,0,0,0,1,1,0,2,-26.99650485,-48.65432203,SPRF-SC,DEL04-SC,UOP03-DEL04-SC,2024
"644426,0",2024-11-26,terça-feira,17:50:00,SC,280,"27,9",ARAQUARI,Acessar a via sem observar a presença dos outros veículos,Colisão transversal,Com Vítimas Feridas,Pleno dia,Crescente,Nublado,Simples,Reta,Sim,2,0,1,0,1,0,1,2,-26.39685622,-48.74021969,SPRF-SC,DEL03-SC,UOP03-DEL03-SC,2024
"644431,0",2024-11-26,terça-feira,17:45:00,SC,101,"206,4",SAO JOSE,Trafegar com motocicleta (ou similar) entre as faixas,Colisão lateral mesmo sentido,Com Vítimas Feridas,Anoitecer,Crescente,Céu Claro,Múltipla,Reta,Sim,2,0,0,1,1,0,1,2,-27.59193546,-48.61824557,SPRF-SC,DEL01-SC,UOP01-DEL01-SC,2024
"644438,0",2024-11-26,terça-feira,15:54:00,SC,480,"129,9",CHAPECO,Ausência de sinalização,Colisão frontal,Com Vítimas Feridas,Pleno dia,Decrescente,Céu Claro,Múltipla,Interseção de Vias;Reta,Sim,2,0,0,1,1,0,1,2,-27.05485,-52.636696,SPRF-SC,DEL07-SC,UOP01-DEL07-SC,2024
"644442,0",2024-11-26,terça-feira,19:15:00,SC,280,"167,0",MAFRA,Acessar a via sem observar a presença dos outros veículos,Colisão transversal,Com Vítimas Feridas,Plena Noite,Decrescente,Céu Claro,Simples,Reta;Interseção de Vias,Sim,2,0,1,0,1,0,1,2,-26.16857105,-49.81820938,SPRF-SC,DEL06-SC,UOP01-DEL06-SC,2024
"644463,0",2024-11-26,terça-feira,20:30:00,SC,101,"132,8",BALNEARIO CAMBORIU,Pedestre cruzava a pista fora da faixa,Atropelamento de Pedestre,Com Vítimas Fatais,Plena Noite,Crescente,Céu Claro,Múltipla,Viaduto;Reta;Aclive,Sim,3,1,1,0,1,0,1,3,-26.99654133,-48.65564711,SPRF-SC,DEL04-SC,UOP03-DEL04-SC,2024
"644499,0",2024-11-26,terça-feira,22:30:00,SC,101,"248,7",PAULO LOPES,Ausência de reação do condutor,Tombamento,Com Vítimas Fatais,Plena Noite,Crescente,Céu Claro,Dupla,Reta,Não,1,1,0,0,0,0,0,1,-27.9330192,-48.6619854,SPRF-SC,DEL02-SC,UOP03-DEL02-SC,2024
"644511,0",2024-11-27,quarta-feira,06:30:00,SC,470,"63,0",INDAIAL,Acessar a via sem observar a presença dos outros veículos,Colisão transversal,Com Vítimas Feridas,Pleno dia,Crescente,Céu Claro,Simples,Em Obras;Reta,Não,2,0,1,0,1,0,1,2,-26.874521,-49.182938,SPRF-SC,DEL04-SC,UOP01-DEL04-SC,2024
"644516,0",2024-11-27,quarta-feira,06:25:00,SC,101,"158,0",PORTO BELO,Acumulo de areia ou detritos sobre o pavimento,Tombamento,Com Vítimas Feridas,Amanhecer,Decrescente,Céu Claro,Dupla,Reta,Sim,1,0,1,0,0,0,1,1,-27.19096301,-48.61259017,SPRF-SC,DEL04-SC,UOP03-DEL04-SC,2024
"644517,0",2024-11-27,quarta-feira,06:50:00,SC,101,"30,9",SAO JOSE,Acumulo de areia ou detritos sobre o pavimento,Queda de ocupante de veículo,Com Vítimas Feridas,Pleno dia,Crescente,Nublado,Simples,Curva;Rotatória,Sim,1,0,0,1,0,0,1,1,-27.5884,-48.6128,SPRF-SC,DEL01-SC,UOP02-DEL01-SC,2024
"644518,0",2024-11-27,quarta-feira,07:10:00,SC,470,"63,0",INDAIAL,Acessar a via sem observar a presença dos outros veículos,Colisão transversal,Com Vítimas Feridas,Pleno dia,Decrescente,Nublado,Simples,Reta,Sim,2,0,1,0,1,0,1,2,-26.87213429,-49.19362631,SPRF-SC,DEL04-SC,UOP01-DEL04-SC,2024
"644534,0",2024-11-27,quarta-feira,07:50:00,SC,280,"22,0",ARAQUARI,Reação tardia ou ineficiente do condutor,Colisão traseira,Com Vítimas Feridas,Pleno dia,Crescente,Céu Claro,Simples,Reta,Sim,2,0,1,0,1,0,1,2,-26.37092616,-48.70204099,SPRF-SC,DEL03-SC,UOP03-DEL03-SC,2024
"644589,0",2024-11-27,quarta-feira,12:50:00,SC,280,"67,2",JARAGUA DO SUL,Velocidade Incompatível,Colisão lateral sentido oposto,Com Vítimas Feridas,Pleno dia,Decrescente,Nublado,Simples,Reta,Sim,2,0,1,0,1,0,1,2,-26.4775146,-49.10363575,SPRF-SC,DEL03-SC,UOP03-DEL03-SC,2024
"644618,0",2024-11-27,quarta-feira,11:35:00,SC,101,"2,1",BIGUACU,Reação tardia ou ineficiente do condutor,Tombamento,Com Vítimas Feridas,Pleno dia,Crescente,Nublado,Simples,Aclive;Reta;Viaduto;Rotatória,Não,1,0,1,0,0,0,1,1,-27.4946,-48.6561,SPRF-SC,DEL01-SC,UOP01-DEL01-SC,2024
"644624,0",2024-11-25,segunda-feira,07:40:00,SC,101,"123,0",ITAJAI,Reação tardia ou ineficiente do condutor,Tombamento,Com Vítimas Feridas,Pleno dia,Decrescente,Céu Claro,Dupla,Reta,Sim,1,0,1,0,0,0,1,1,-26.93668609,-48.69876905,SPRF-SC,DEL04-SC,UOP04-DEL04-SC,2024
"644630,0",2024-11-27,quarta-feira,16:50:00,SC,470,"68,0",INDAIAL,Ausência de reação do condutor,Tombamento,Com Vítimas Feridas,Pleno dia,Decrescente,Céu Claro,Simples,Reta,Sim,1,0,1,0,0,0,1,1,-26.877615,-49.239231,SPRF-SC,DEL04-SC,UOP01-DEL04-SC,2024
"644640,0",2024-11-27,quarta-feira,17:10:00,SC,470,"52,0",BLUMENAU,Retorno proibido,Colisão transversal,Com Vítimas Feridas,Pleno dia,Crescente,Céu Claro,Simples,Reta,Sim,2,0,1,0,1,0,1,2,-26.862286,-49.093903,SPRF-SC,DEL04-SC,UOP01-DEL04-SC,2024
"644669,0",2024-11-27,quarta-feira,16:55:00,SC,101,"158,0",PORTO BELO,Reação tardia ou ineficiente do condutor,Tombamento,Com Vítimas Feridas,Pleno dia,Crescente,Sol,Dupla,Reta,Sim,1,0,1,0,0,0,1,1,-27.19096301,-48.61259017,SPRF-SC,DEL04-SC,UOP03-DEL04-SC,2024
"644683,0",2024-11-27,quarta-feira,21:00:00,SC,101,"275,0",IMBITUBA,Ausência de reação do condutor,Tombamento,Com Vítimas Feridas,Plena Noite,Crescente,Garoa/Chuvisco,Simples,Reta,Sim,1,0,1,0,0,0,1,1,-28.138086,-48.69218292,SPRF-SC,DEL02-SC,UOP03-DEL02-SC,2024
"644702,0",2024-11-27,quarta-feira,23:00:00,SC,101,"205,1",SAO JOSE,Ausência de reação do condutor,Tombamento,Com Vítimas Feridas,Plena Noite,Crescente,Garoa/Chuvisco,Dupla,Curva;Declive,Sim,1,0,1,0,0,0,1,1,-27.58313237,-48.61532885,SPRF-SC,DEL01-SC,UOP01-DEL01-SC,2024
"644704,0",2024-11-27,quarta-feira,22:50:00,SC,282,"528,0",CORDILHEIRA ALTA,Ausência de reação do condutor,Saída de leito carroçável,Sem Vítimas,Plena Noite,Crescente,Chuva,Simples,Curva,Não,1,0,0,0,0,1,0,1,-26.978798,-52.588566,SPRF-SC,DEL07-SC,UOP01-DEL07-SC,2024
"644715,0",2024-11-28,quinta-feira,00:30:00,SC,470,"122,0",IBIRAMA,Condutor deixou de manter distância do veículo da frente,Colisão lateral mesmo sentido,Com Vítimas Feridas,Plena Noite,Decrescente,Céu Claro,Simples,Reta;Declive,Não,3,0,1,1,1,0,2,2,-27.099888,-49.527679,SPRF-SC,DEL04-SC,UOP02-DEL04-SC,2024
"644723,0",2024-11-28,quinta-feira,05:30:00,SC,116,"168,2",PONTE ALTA DO NORTE,Reação tardia ou ineficiente do condutor,Saída de leito carroçável,Com Vítimas Feridas,Amanhecer,Crescente,Chuva,Dupla,Curva,Sim,2,0,1,0,1,0,1,1,-27.17744197,-50.46251117,SPRF-SC,DEL05-SC,UOP03-DEL05-SC,2024
"644732,0",2024-11-24,domingo,21:00:00,SC,101,"220,2",PALHOCA,Reação tardia ou ineficiente do condutor,Colisão frontal,Com Vítimas Feridas,Plena Noite,Crescente,Nublado,Múltipla,Curva,Não,2,0,0,2,0,0,2,2,-27.69198941,-48.66368358,SPRF-SC,DEL01-SC,UOP02-DEL01-SC,2024
"644733,0",2024-11-28,quinta-feira,07:05:00,SC,282,"2,0",FLORIANOPOLIS,Trafegar com motocicleta (ou similar) entre as faixas,Colisão traseira,Com Vítimas Feridas,Pleno dia,Crescente,Céu Claro,Múltipla,Reta,Não,2,0,1,0,1,0,1,2,-27.603289,-48.590416,SPRF-SC,DEL01-SC,UOP01-DEL01-SC,2024
"644743,0",2024-11-28,quinta-feira,08:00:00,SC,101,"100,6",BALNEARIO PICARRAS,Chuva,Tombamento,Com Vítimas Feridas,Pleno dia,Crescente,Chuva,Múltipla,Curva,Sim,2,0,1,0,1,0,1,2,-26.75482787,-48.68993675,SPRF-SC,DEL03-SC,UOP02-DEL03-SC,2024