id,data_inversa,dia_semana,horario,uf,br,km,municipio,causa_acidente,tipo_acidente,classificacao_acidente,fase_dia,sentido_via,condicao_metereologica,tipo_pista,tracado_via,uso_solo,pessoas,mortos,feridos_leves,feridos_graves,ilesos,ignorados,feridos,veiculos,latitude,longitude,regional,delegacia,uop,ano_arquivo
"657079,0",2024-12-17,terça-feira,10:00:00,SC,282,"280,6",SAO JOSE DO CERRITO,Acessar a via sem observar a presença dos outros veículos,Saída de leito carroçável,Com Vítimas Feridas,Pleno dia,Crescente,Céu Claro,Simples,Curva,Não,2,0,0,2,0,0,2,2,-27.581127,-50.775044,SPRF-SC,DEL05-SC,UOP02-DEL05-SC,2024
"657089,0",2024-12-20,sexta-feira,23:30:00,SC,282,"408,8",CATANDUVAS,Transitar na contramão,Colisão frontal,Com Vítimas Fatais,Plena Noite,Crescente,Céu Claro,Simples,Aclive;Curva,Não,8,3,0,2,2,1,2,4,-27.074812,-51.663269,SPRF-SC,DEL07-SC,UOP05-DEL07-SC,2024
"658063,0",2024-11-22,sexta-feira,10:20:00,SC,101,"297,0",IMBITUBA,Acessar a via sem observar a presença dos outros veículos,Atropelamento de Pedestre,Com Vítimas Feridas,Pleno dia,Decrescente,Chuva,Dupla,Reta,Sim,3,0,0,1,2,0,1,2,-28.31353989,-48.7240982,SPRF-SC,DEL02-SC,UOP03-DEL02-SC,2024
"658552,0",2024-12-22,domingo,09:30:00,SC,101,"29,0",JOINVILLE,Objeto estático sobre o leito carroçável,Colisão com objeto,Com Vítimas Feridas,Pleno dia,Crescente,Nublado,Dupla,Reta,Não,1,0,1,0,0,0,1,1,-26.211903,-48.91589904,SPRF-SC,DEL03-SC,UOP01-DEL03-SC,2024
"658599,0",2024-12-26,quinta-feira,01:50:00,SC,101,"382,0",ICARA,Transitar na contramão,Saída de leito carroçável,Com Vítimas Feridas,Plena Noite,Decrescente,Nublado,Múltipla,Reta,Não,4,0,2,1,0,1,3,2,-28.76645251,-49.29762304,SPRF-SC,DEL02-SC,UOP02-DEL02-SC,2024
"658641,0",2024-12-12,quinta-feira,00:45:00,SC,101,"208,0",SAO JOSE,Acessar a via sem observar a presença dos outros veículos,Queda de ocupante de veículo,Com Vítimas Feridas,Plena Noite,Decrescente,Ignorado,Dupla,Reta,Sim,1,0,0,1,0,0,1,1,-27.60463169,-48.63300383,SPRF-SC,DEL01-SC,UOP01-DEL01-SC,2024
"659189,0",2024-12-02,segunda-feira,08:45:00,SC,101,"202,0",SAO JOSE,Desrespeitar a preferência no cruzamento,Colisão transversal,Com Vítimas Feridas,Pleno dia,Decrescente,Céu Claro,Simples,Reta,Sim,2,0,0,1,1,0,1,2,-27.55711595,-48.61897889,SPRF-SC,DEL01-SC,UOP01-DEL01-SC,2024
"659840,0",2024-09-23,segunda-feira,07:05:00,SC,282,"195,2",LAGES,Manobra de mudança de faixa,Colisão com objeto,Com Vítimas Feridas,Pleno dia,Decrescente,Céu Claro,Simples,Ponte;Reta;Declive,Não,4,0,2,0,2,0,2,1,-27.746756,-50.084789,SPRF-SC,DEL05-SC,UOP01-DEL05-SC,2024
"660806,0",2024-12-24,terça-feira,20:15:00,SC,280,"264,6",IRINEOPOLIS,Ingestão de álcool pelo condutor,Saída de leito carroçável,Com Vítimas Feridas,Plena Noite,Decrescente,Céu Claro,Simples,Curva,Não,1,0,1,0,0,0,1,1,-26.26262,-50.683865,SPRF-SC,DEL06-SC,UOP04-DEL06-SC,2024
"661003,0",2024-11-07,quinta-feira,02:34:00,SC,470,"90,5",ASCURRA,Velocidade Incompatível,Tombamento,Com Vítimas Feridas,Plena Noite,Crescente,Ignorado,Simples,Curva,Não,1,0,0,1,0,0,1,1,-26.969337,-49.367718,SPRF-SC,DEL04-SC,UOP01-DEL04-SC,2024
"661262,0",2024-12-27,sexta-feira,12:25:00,SC,101,"331,7",TUBARAO,Condutor deixou de manter distância do veículo da frente,Colisão traseira,Com Vítimas Feridas,Pleno dia,Decrescente,Céu Claro,Dupla,Reta;Declive,Sim,4,0,1,0,3,0,1,2,-28.45567521,-48.9812689,SPRF-SC,DEL02-SC,UOP01-DEL02-SC,2024
"661285,0",2024-12-07,sábado,06:30:00,SC,101,"190,0",BIGUACU,Pista Escorregadia,Saída de leito carroçável,Com Vítimas Feridas,Pleno dia,Crescente,Chuva,Dupla,Curva;Declive,Não,1,0,1,0,0,0,1,1,-27.468056,-48.641712,SPRF-SC,DEL01-SC,UOP01-DEL01-SC,2024
"652617,0",2025-01-01,quarta-feira,17:45:00,SC,101,"207,4",SAO JOSE,Ausência de reação do condutor,Colisão traseira,Com Vítimas Feridas,Pleno dia,Crescente,Nublado,Dupla,Reta,Sim,2,0,1,0,1,0,1,2,-27.60001226,-48.6226467,SPRF-SC,DEL01-SC,UOP01-DEL01-SC,2025
"652655,0",2025-01-01,quarta-feira,20:20:00,SC,101,"327,0",CAPIVARI DE BAIXO,Ingestão de álcool pelo condutor,Colisão com objeto,Sem Vítimas,Pleno dia,Decrescente,Garoa/Chuvisco,Dupla,Curva;Interseção de Vias,Sim,3,0,0,0,2,1,0,3,-28.42800492,-48.88171497,SPRF-SC,DEL02-SC,UOP01-DEL02-SC,2025
"652691,0",2025-01-01,quarta-feira,19:00:00,SC,153,"117,8",CONCORDIA,Ausência de reação do condutor,Saída de leito carroçável,Com Vítimas Feridas,Plena Noite,Crescente,Nublado,Simples,Reta;Declive,Não,2,0,1,0,0,1,1,2,-27.370375,-51.993419,SPRF-SC,DEL07-SC,UOP04-DEL07-SC,2025
"652862,0",2025-01-03,sexta-feira,00:10:00,SC,282,"489,4",FAXINAL DOS GUEDES,Ultrapassagem Indevida,Colisão frontal,Com Vítimas Feridas,Plena Noite,Decrescente,Céu Claro,Simples,Reta,Não,8,0,7,0,1,0,7,3,-26.870375,-52.274731,SPRF-SC,DEL07-SC,UOP01-DEL07-SC,2025
"652923,0",2025-01-03,sexta-feira,11:00:00,SC,101,"132,0",BALNEARIO CAMBORIU,Reação tardia ou ineficiente do condutor,Colisão traseira,Com Vítimas Feridas,Pleno dia,Crescente,Sol,Múltipla,Reta,Sim,3,0,2,0,1,0,2,2,-26.99654133,-48.65564711,SPRF-SC,DEL04-SC,UOP03-DEL04-SC,2025
"652942,0",2025-01-03,sexta-feira,10:50:00,SC,101,"40,8",JOINVILLE,Estacionar ou parar em local proibido,Colisão traseira,Com Vítimas Fatais,Pleno dia,Decrescente,Sol,Múltipla,Aclive;Reta,Sim,6,1,0,0,2,4,0,6,-26.3147914,-48.8733576,SPRF-SC,DEL03-SC,UOP01-DEL03-SC,2025
"652949,0",2025-01-03,sexta-feira,14:30:00,SC,101,"80,0",BARRA VELHA,Ausência de reação do condutor,Colisão lateral mesmo sentido,Com Vítimas Feridas,Pleno dia,Crescente,Céu Claro,Dupla,Reta,Não,4,0,1,0,2,1,1,3,-26.59441996,-48.72183309,SPRF-SC,DEL03-SC,UOP02-DEL03-SC,2025
"653060,0",2025-01-04,sábado,02:50:00,SC,101,"157,7",PORTO BELO,Ausência de reação do condutor,Queda de ocupante de veículo,Com Vítimas Feridas,Plena Noite,Decrescente,Nublado,Dupla,Reta,Sim,2,0,1,0,1,0,1,2,-27.181625,-48.6121179,SPRF-SC,DEL04-SC,UOP03-DEL04-SC,2025
"653355,0",2025-01-05,domingo,15:50:00,SC,470,"80,2",RODEIO,Reação tardia ou ineficiente do condutor,Saída de leito carroçável,Com Vítimas Fatais,Pleno dia,Crescente,Céu Claro,Simples,Reta;Ponte,Não,4,1,1,0,1,2,1,4,-26.948239,-49.318551,SPRF-SC,DEL04-SC,UOP01-DEL04-SC,2025
"653472,0",2025-01-06,segunda-feira,09:00:00,SC,470,"49,1",BLUMENAU,Condutor deixou de manter distância do veículo da frente,Engavetamento,Com Vítimas Feridas,Pleno dia,Crescente,Céu Claro,Múltipla,Reta,Não,4,0,1,0,3,0,1,4,-26.860662,-49.065159,SPRF-SC,DEL04-SC,UOP01-DEL04-SC,2025
"653492,0",2025-01-06,segunda-feira,09:15:00,SC,282,"339,8",CAMPOS NOVOS,Desrespeitar a preferência no cruzamento,Colisão transversal,Com Vítimas Feridas,Pleno dia,Decrescente,Sol,Simples,Interseção de Vias,Não,5,0,2,0,2,1,2,3,-27.387402,-51.232861,SPRF-SC,DEL07-SC,UOP06-DEL07-SC,2025
"653530,0",2025-01-06,segunda-feira,07:55:00,SC,101,"118,9",ITAJAI,Reação tardia ou ineficiente do condutor,Colisão traseira,Sem Vítimas,Pleno dia,Crescente,Sol,Múltipla,Reta,Sim,2,0,0,0,1,1,0,2,-26.895859,-48.71903,SPRF-SC,DEL04-SC,UOP04-DEL04-SC,2025
"653534,0",2025-01-06,segunda-feira,16:00:00,SC,470,"54,1",BLUMENAU,Acessar a via sem observar a presença dos outros veículos,Colisão transversal,Sem Vítimas,Pleno dia,Decrescente,Céu Claro,Simples,Rotatória;Interseção de Vias,Não,2,0,0,0,2,0,0,2,-26.87407627,-49.11412239,SPRF-SC,DEL04-SC,UOP01-DEL04-SC,2025
"653549,0",2025-01-06,segunda-feira,16:15:00,SC,101,"76,0",ARAQUARI,Demais falhas mecânicas ou elétricas,Incêndio,Sem Vítimas,Pleno dia,Decrescente,Céu Claro,Dupla,Reta,Não,2,0,0,0,1,1,0,2,-26.55954801,-48.72063404,SPRF-SC,DEL03-SC,UOP02-DEL03-SC,2025
"653568,0",2025-01-06,segunda-feira,18:00:00,SC,101,"375,3",ICARA,Manobra de mudança de faixa,Colisão lateral mesmo sentido,Com Vítimas Feridas,Anoitecer,Decrescente,Céu Claro,Múltipla,Reta,Não,3,0,1,0,1,1,1,3,-28.72014713,-49.23508784,SPRF-SC,DEL02-SC,UOP01-DEL02-SC,2025
"653617,0",2025-01-07,terça-feira,06:40:00,SC,470,"56,0",BLUMENAU,Demais falhas mecânicas ou elétricas,Incêndio,Sem Vítimas,Pleno dia,Crescente,Céu Claro,Múltipla,Reta,Sim,1,0,0,0,1,0,0,1,-26.87674,-49.127743,SPRF-SC,DEL04-SC,UOP01-DEL04-SC,2025
"653661,0",2025-01-07,terça-feira,08:40:00,SC,470,"109,3",APIUNA,Ingestão de álcool pelo condutor,Colisão lateral sentido oposto,Com Vítimas Feridas,Pleno dia,Crescente,Céu Claro,Simples,Reta,Não,3,0,1,0,1,1,1,3,-27.083876,-49.449543,SPRF-SC,DEL04-SC,UOP02-DEL04-SC,2025
"653712,0",2025-01-07,terça-feira,15:50:00,SC,282,"3,2",FLORIANOPOLIS,Conversão proibida,Colisão lateral mesmo sentido,Com Vítimas Feridas,Pleno dia,Crescente,Nublado,Múltipla,Reta,Sim,2,0,0,1,1,0,1,2,-27.600384,-48.599705,SPRF-SC,DEL01-SC,UOP01-DEL01-SC,2025
"653765,0",2025-01-07,terça-feira,20:00:00,SC,101,"3,0",GARUVA,Demais falhas mecânicas ou elétricas,Incêndio,Sem Vítimas,Plena Noite,Crescente,Chuva,Dupla,Reta;Aclive,Não,2,0,0,0,1,2,0,3,-26.00380807,-48.87233005,SPRF-SC,DEL03-SC,UOP01-DEL03-SC,2025
"653790,0",2025-01-08,quarta-feira,07:25:00,SC,101,"144,6",ITAPEMA,Reação tardia ou ineficiente do condutor,Tombamento,Com Vítimas Feridas,Pleno dia,Decrescente,Garoa/Chuvisco,Dupla,Reta,Sim,2,0,0,1,1,0,1,2,-27.0732659,-48.59672716,SPRF-SC,DEL04-SC,UOP03-DEL04-SC,2025
"653791,0",2025-01-08,quarta-feira,08:15:00,SC,101,"46,3",JOINVILLE,Velocidade Incompatível,Colisão traseira,Com Vítimas Feridas,Pleno dia,Decrescente,Garoa/Chuvisco,Dupla,Curva,Sim,2,0,1,0,1,0,1,2,-26.36459827,-48.85838449,SPRF-SC,DEL03-SC,UOP01-DEL03-SC,2025
"653815,0",2025-01-08,quarta-feira,09:25:00,SC,101,"233,8",PALHOCA,Chuva,Colisão com objeto,Com Vítimas Feridas,Pleno dia,Crescente,Garoa/Chuvisco,Dupla,Curva,Não,2,0,1,0,0,1,1,2,-27.80887161,-48.63833606,SPRF-SC,DEL01-SC,UOP02-DEL01-SC,2025
"653847,0",2025-01-08,quarta-feira,12:38:00,SC,101,"100,8",BALNEARIO PICARRAS,Condutor deixou de manter distância do veículo da frente,Engavetamento,Sem Vítimas,Pleno dia,Crescente,Nublado,Dupla,Declive;Reta,Não,4,0,0,0,3,4,0,7,-26.75482787,-48.68993675,SPRF-SC,DEL03-SC,UOP02-DEL03-SC,2025
"653883,0",2025-01-08,quarta-feira,17:33:00,SC,101,"126,3",ITAJAI,Trafegar com motocicleta (ou similar) entre as faixas,Colisão traseira,Com Vítimas Fatais,Pleno dia,Decrescente,Nublado,Dupla,Curva,Sim,3,2,0,0,1,0,0,2,-26.9587407,-48.6801338,SPRF-SC,DEL04-SC,UOP04-DEL04-SC,2025
"653900,0",2025-01-08,quarta-feira,18:05:00,SC,116,"184,5",SAO CRISTOVAO DO SUL,Reação tardia ou ineficiente do condutor,Tombamento,Com Vítimas Feridas,Anoitecer,Decrescente,Nublado,Simples,Rotatória,Não,2,0,1,0,0,1,1,2,-27.299032,-50.427235,SPRF-SC,DEL05-SC,UOP03-DEL05-SC,2025
"653911,0",2025-01-08,quarta-feira,17:10:00,SC,280,"21,0",ARAQUARI,Trafegar com motocicleta (ou similar) entre as faixas,Colisão transversal,Com Vítimas Feridas,Pleno dia,Decrescente,Nublado,Simples,Reta,Sim,4,0,1,0,2,2,1,5,-26.37125695,-48.70617986,SPRF-SC,DEL03-SC,UOP03-DEL03-SC,2025
"653927,0",2025-01-08,quarta-feira,20:10:00,SC,280,"23,0",ARAQUARI,Reação tardia ou ineficiente do condutor,Colisão transversal,Com Vítimas Fatais,Plena Noite,Decrescente,Nublado,Simples,Rotatória,Sim,6,1,0,0,1,4,0,4,-26.3716158,-48.7116548,SPRF-SC,DEL03-SC,UOP03-DEL03-SC,2025
"653949,0",2025-01-08,quarta-feira,23:00:00,SC,101,"426,9",SOMBRIO,Pedestre andava na pista,Atropelamento de Pedestre,Com Vítimas Fatais,Plena Noite,Decrescente,Nublado,Múltipla,Reta,Não,3,1,0,0,1,1,0,3,-29.03780487,-49.61011648,SPRF-SC,DEL02-SC,UOP02-DEL02-SC,2025
"653963,0",2025-01-09,quinta-feira,05:25:00,SC,470,"223,9",SAO CRISTOVAO DO SUL,Reação tardia ou ineficiente do condutor,Colisão lateral sentido oposto,Com Vítimas Feridas,Amanhecer,Decrescente,Garoa/Chuvisco,Simples,Curva;Declive,Não,3,0,0,1,1,1,1,3,-27.319908,-50.336388,SPRF-SC,DEL05-SC,UOP03-DEL05-SC,2025
"654055,0",2025-01-09,quinta-feira,15:10:00,SC,101,"113,0",ITAJAI,Condutor deixou de manter distância do veículo da frente,Colisão lateral mesmo sentido,Com Vítimas Feridas,Pleno dia,Decrescente,Céu Claro,Múltipla,Reta,Não,3,0,1,0,1,1,1,3,-26.85311393,-48.72689927,SPRF-SC,DEL04-SC,UOP04-DEL04-SC,2025
"654216,0",2025-01-10,sexta-feira,09:20:00,SC,116,"253,9",LAGES,Manobra de mudança de faixa,Colisão frontal,Com Vítimas Fatais,Pleno dia,Crescente,Céu Claro,Simples,Reta,Não,4,1,1,0,1,1,1,4,-27.8659782,-50.39451241,SPRF-SC,DEL05-SC,UOP02-DEL05-SC,2025
"654306,0",2025-01-10,sexta-feira,20:00:00,SC,116,"54,0",PAPANDUVA,Conversão proibida,Colisão transversal,Com Vítimas Feridas,Plena Noite,Decrescente,Céu Claro,Simples,Reta,Não,3,0,1,0,1,1,1,3,-26.39448417,-50.16480003,SPRF-SC,DEL06-SC,UOP02-DEL06-SC,2025
"654309,0",2025-01-10,sexta-feira,20:30:00,SC,280,"126,6",RIO NEGRINHO,Acessar a via sem observar a presença dos outros veículos,Colisão transversal,Com Vítimas Feridas,Plena Noite,Crescente,Céu Claro,Simples,Interseção de Vias,Sim,4,0,1,0,1,2,1,4,-26.2390368,-49.50104713,SPRF-SC,DEL06-SC,UOP03-DEL06-SC,2025
"654316,0",2025-01-10,sexta-feira,18:00:00,SC,116,"115,0",SANTA CECILIA,Velocidade Incompatível,Saída de leito carroçável,Com Vítimas Feridas,Pleno dia,Decrescente,Nublado,Simples,Curva;Declive,Não,2,0,0,1,0,1,1,2,-26.80262399,-50.33936901,SPRF-SC,DEL06-SC,UOP02-DEL06-SC,2025
"654344,0",2025-01-11,sábado,04:00:00,SC,116,"220,5",CORREIA PINTO,Ingestão de álcool pelo condutor,Colisão traseira,Com Vítimas Feridas,Plena Noite,Decrescente,Nublado,Simples,Rotatória,Sim,3,0,1,0,1,1,1,3,-27.59033425,-50.36271214,SPRF-SC,DEL05-SC,UOP03-DEL05-SC,2025
"654402,0",2025-01-11,sábado,09:20:00,SC,282,"19,2",PALHOCA,Reação tardia ou ineficiente do condutor,Colisão traseira,Com Vítimas Feridas,Pleno dia,Crescente,Chuva,Simples,Reta,Não,3,0,2,0,1,0,2,2,-27.678635,-48.70192,SPRF-SC,DEL01-SC,UOP02-DEL01-SC,2025
"654448,0",2025-01-11,sábado,15:00:00,SC,101,"276,8",IMBITUBA,Transitar na contramão,Colisão lateral sentido oposto,Com Vítimas Feridas,Pleno dia,Crescente,Nublado,Múltipla,Interseção de Vias,Não,3,0,1,0,2,0,1,3,-28.16471072,-48.69392216,SPRF-SC,DEL02-SC,UOP03-DEL02-SC,2025
"654480,0",2025-01-11,sábado,16:10:00,SC,116,"118,8",SANTA CECILIA,Ultrapassagem Indevida,Colisão traseira,Com Vítimas Feridas,Pleno dia,Decrescente,Céu Claro,Simples,Declive;Reta,Não,5,0,3,0,1,1,3,3,-26.82166766,-50.35753411,SPRF-SC,DEL06-SC,UOP02-DEL06-SC,2025
"654613,0",2025-01-12,domingo,11:47:00,SC,101,"192,6",BIGUACU,Suicídio (presumido),Atropelamento de Pedestre,Com Vítimas Fatais,Pleno dia,Decrescente,Céu Claro,Múltipla,Reta;Ponte,Sim,3,1,0,0,1,1,0,3,-27.488173,-48.653184,SPRF-SC,DEL01-SC,UOP01-DEL01-SC,2025
"654623,0",2025-01-12,domingo,10:25:00,SC,101,"137,1",BALNEARIO CAMBORIU,Reação tardia ou ineficiente do condutor,Tombamento,Com Vítimas Fatais,Pleno dia,Crescente,Nublado,Múltipla,Reta,Sim,2,1,0,0,1,0,0,2,-27.016055,-48.61173833,SPRF-SC,DEL04-SC,UOP03-DEL04-SC,2025
"654799,0",2025-01-13,segunda-feira,07:15:00,SC,470,"174,8",POUSO REDONDO,Ausência de reação do condutor,Colisão lateral mesmo sentido,Sem Vítimas,Pleno dia,Crescente,Nublado,Simples,Interseção de Vias;Reta,Sim,6,0,0,0,5,1,0,3,-27.256003,-49.93940592,SPRF-SC,DEL04-SC,UOP02-DEL04-SC,2025
"654819,0",2025-01-09,quinta-feira,23:00:00,SC,101,"101,0",BARRA VELHA,Acessar a via sem observar a presença dos outros veículos,Colisão transversal,Com Vítimas Feridas,Plena Noite,Crescente,Nublado,Múltipla,Interseção de Vias,Não,2,0,1,0,1,0,1,2,-26.76404198,-48.68657667,SPRF-SC,DEL03-SC,UOP02-DEL03-SC,2025
"654821,0",2025-01-13,segunda-feira,08:10:00,SC,116,"59,0",PAPANDUVA,Acessar a via sem observar a presença dos outros veículos,Colisão lateral mesmo sentido,Sem Vítimas,Pleno dia,Decrescente,Céu Claro,Simples,Reta,Não,2,0,0,0,2,0,0,2,-26.37933149,-50.20775008,SPRF-SC,DEL06-SC,UOP02-DEL06-SC,2025
"654891,0",2025-01-13,segunda-feira,17:00:00,SC,101,"142,0",ITAPEMA,Trafegar com motocicleta (ou similar) entre as faixas,Colisão lateral mesmo sentido,Com Vítimas Feridas,Pleno dia,Crescente,Nublado,Dupla,Reta,Sim,2,0,1,0,0,1,1,2,-27.056089,-48.599449,SPRF-SC,DEL04-SC,UOP03-DEL04-SC,2025
"655055,0",2025-01-14,terça-feira,12:50:00,SC,163,"86,2",GUARACIABA,Condutor deixou de manter distância do veículo da frente,Colisão traseira,Com Vítimas Feridas,Pleno dia,Decrescente,Chuva,Simples,Reta,Sim,6,0,4,0,2,0,4,2,-26.59874014,-53.51491982,SPRF-SC,DEL07-SC,UOP03-DEL07-SC,2025
"655068,0",2025-01-14,terça-feira,15:20:00,SC,101,"58,4",ARAQUARI,Manobra de mudança de faixa,Colisão lateral mesmo sentido,Com Vítimas Feridas,Pleno dia,Crescente,Céu Claro,Dupla,Reta,Não,2,0,1,0,1,0,1,2,-26.44025049,-48.80129043,SPRF-SC,DEL03-SC,UOP02-DEL03-SC,2025
"655240,0",2025-01-15,quarta-feira,13:37:00,SC,101,"196,8",BIGUACU,Mal súbito do condutor,Colisão lateral mesmo sentido,Com Vítimas Feridas,Pleno dia,Crescente,Céu Claro,Dupla,Aclive,Não,3,0,2,0,1,0,2,2,-27.51101091,-48.64322292,SPRF-SC,DEL01-SC,UOP01-DEL01-SC,2025
"655271,0",2025-01-15,quarta-feira,17:15:00,SC,470,"25,8",ILHOTA,Velocidade Incompatível,Tombamento,Com Vítimas Feridas,Pleno dia,Crescente,Sol,Dupla,Curva;Retorno Regulamentado,Não,1,0,1,0,0,0,1,1,-26.883764,-48.865986,SPRF-SC,DEL04-SC,UOP04-DEL04-SC,2025
"655391,0",2025-01-16,quinta-feira,08:30:00,SC,101,"199,5",BIGUACU,Problema com o freio,Saída de leito carroçável,Com Vítimas Feridas,Pleno dia,Crescente,Chuva,Dupla,Reta,Não,2,0,0,1,1,0,1,1,-27.53413705,-48.63003205,SPRF-SC,DEL01-SC,UOP01-DEL01-SC,2025
"655406,0",2025-01-16,quinta-feira,10:45:00,SC,282,"16,5",PALHOCA,Reação tardia ou ineficiente do condutor,Colisão traseira,Com Vítimas Feridas,Pleno dia,Crescente,Chuva,Simples,Reta,Sim,2,0,1,0,1,0,1,2,-27.658611,-48.681847,SPRF-SC,DEL01-SC,UOP02-DEL01-SC,2025
"655419,0",2025-01-16,quinta-feira,09:50:00,SC,101,"95,0",BALNEARIO PICARRAS,Reação tardia ou ineficiente do condutor,Colisão traseira,Com Vítimas Feridas,Pleno dia,Crescente,Chuva,Múltipla,Reta,Não,3,0,0,1,1,1,1,3,-26.70876413,-48.70221065,SPRF-SC,DEL03-SC,UOP02-DEL03-SC,2025
"655443,0",2025-01-16,quinta-feira,11:30:00,SC,282,"375,1",HERVAL DOESTE,Reação tardia ou ineficiente do condutor,Colisão lateral sentido oposto,Com Vítimas Feridas,Pleno dia,Crescente,Céu Claro,Simples,Curva,Não,5,0,3,0,2,0,3,2,-27.234051,-51.452725,SPRF-SC,DEL07-SC,UOP05-DEL07-SC,2025
"655519,0",2025-01-16,quinta-feira,18:30:00,SC,280,"12,5",SAO FRANCISCO DO SUL,Conversão proibida,Colisão traseira,Com Vítimas Feridas,Anoitecer,Crescente,Garoa/Chuvisco,Simples,Reta,Não,6,0,3,0,2,1,3,4,-26.31323107,-48.64449483,SPRF-SC,DEL03-SC,UOP03-DEL03-SC,2025
"655520,0",2025-01-16,quinta-feira,15:15:00,SC,280,"11,0",SAO FRANCISCO DO SUL,Condutor deixou de manter distância do veículo da frente,Colisão lateral mesmo sentido,Com Vítimas Feridas,Pleno dia,Decrescente,Garoa/Chuvisco,Simples,Reta;Declive,Não,4,0,2,0,2,0,2,2,-26.304752,-48.641014,SPRF-SC,DEL03-SC,UOP03-DEL03-SC,2025
"655532,0",2025-01-16,quinta-feira,23:20:00,SC,101,"187,1",BIGUACU,Reação tardia ou ineficiente do condutor,Engavetamento,Com Vítimas Feridas,Pleno dia,Decrescente,Chuva,Dupla,Reta,Não,5,0,0,1,3,1,1,4,-27.44307116,-48.62848475,SPRF-SC,DEL01-SC,UOP01-DEL01-SC,2025
"655540,0",2025-01-17,sexta-feira,02:30:00,SC,101,"232,0",PALHOCA,Condutor deixou de manter distância do veículo da frente,Colisão traseira,Com Vítimas Feridas,Plena Noite,Decrescente,Nublado,Dupla,Reta,Não,2,0,1,0,1,0,1,2,-27.795666,-48.638153,SPRF-SC,DEL01-SC,UOP02-DEL01-SC,2025
"655582,0",2025-01-17,sexta-feira,08:20:00,SC,101,"193,1",BIGUACU,Acumulo de água sobre o pavimento,Saída de leito carroçável,Sem Vítimas,Pleno dia,Crescente,Chuva,Múltipla,Reta,Sim,1,0,0,0,1,0,0,1,-27.489574,-48.655914,SPRF-SC,DEL01-SC,UOP01-DEL01-SC,2025
"655591,0",2025-01-17,sexta-feira,09:20:00,SC,280,"98,0",CORUPA,Ausência de reação do condutor,Colisão traseira,Com Vítimas Feridas,Pleno dia,Crescente,Céu Claro,Simples,Reta,Não,2,0,1,0,1,0,1,2,-26.38347399,-49.32297199,SPRF-SC,DEL06-SC,UOP03-DEL06-SC,2025
"655599,0",2025-01-17,sexta-feira,11:15:00,SC,280,"28,8",ARAQUARI,Trafegar com motocicleta (ou similar) entre as faixas,Colisão lateral mesmo sentido,Com Vítimas Feridas,Pleno dia,Crescente,Nublado,Simples,Reta,Sim,5,0,2,0,1,3,2,5,-26.40450077,-48.74561031,SPRF-SC,DEL03-SC,UOP03-DEL03-SC,2025
"655608,0",2025-01-17,sexta-feira,13:00:00,SC,101,"17,0",JOINVILLE,Velocidade Incompatível,Colisão com objeto,Com Vítimas Feridas,Pleno dia,Crescente,Céu Claro,Múltipla,Reta,Sim,5,0,0,2,2,1,2,3,-26.12141519,-48.88262078,SPRF-SC,DEL03-SC,UOP01-DEL03-SC,2025
"655685,0",2025-01-17,sexta-feira,17:45:00,SC,101,"331,8",TUBARAO,Acessar a via sem observar a presença dos outros veículos,Colisão transversal,Com Vítimas Feridas,Pleno dia,Decrescente,Céu Claro,Dupla,Viaduto;Interseção de Vias;Rotatória,Sim,2,0,1,0,1,0,1,2,-28.46593727,-48.99542928,SPRF-SC,DEL02-SC,UOP01-DEL02-SC,2025
"655708,0",2025-01-17,sexta-feira,15:05:00,SC,280,"30,0",ARAQUARI,Demais falhas mecânicas ou elétricas,Saída de leito carroçável,Com Vítimas Feridas,Pleno dia,Decrescente,Nublado,Simples,Reta,Não,2,0,1,0,0,1,1,2,-26.4141523,-48.76209493,SPRF-SC,DEL03-SC,UOP03-DEL03-SC,2025
"655763,0",2025-01-18,sábado,03:15:00,SC,101,"49,0",JOINVILLE,Ausência de reação do condutor,Colisão com objeto,Com Vítimas Feridas,Plena Noite,Decrescente,Nublado,Dupla,Curva,Não,5,0,2,1,1,1,3,3,-26.36479799,-48.85878798,SPRF-SC,DEL03-SC,UOP01-DEL03-SC,2025
"655836,0",2025-01-18,sábado,10:40:00,SC,158,"136,0",PALMITOS,Avarias e/ou desgaste excessivo no pneu,Tombamento,Com Vítimas Feridas,Pleno dia,Decrescente,Sol,Simples,Curva;Declive,Não,1,0,1,0,0,0,1,1,-27.09940003,-53.21691513,SPRF-SC,DEL07-SC,UOP02-DEL07-SC,2025
"655909,0",2025-01-18,sábado,17:20:00,SC,282,"452,5",PONTE SERRADA,Manobra de mudança de faixa,Colisão lateral mesmo sentido,Com Vítimas Feridas,Pleno dia,Crescente,Sol,Simples,Aclive;Reta,Não,2,0,1,0,1,0,1,2,-26.90612,-51.970417,SPRF-SC,DEL07-SC,UOP04-DEL07-SC,2025
"655930,0",2025-01-18,sábado,22:30:00,SC,470,"118,0",IBIRAMA,Pedestre andava na pista,Atropelamento de Pedestre,Com Vítimas Feridas,Plena Noite,Crescente,Nublado,Simples,Aclive;Reta,Não,2,0,1,0,0,1,1,2,-27.082176,-49.511818,SPRF-SC,DEL04-SC,UOP02-DEL04-SC,2025