id,data_inversa,dia_semana,horario,uf,br,km,municipio,causa_acidente,tipo_acidente,classificacao_acidente,fase_dia,sentido_via,condicao_metereologica,tipo_pista,tracado_via,uso_solo,pessoas,mortos,feridos_leves,feridos_graves,ilesos,ignorados,feridos,veiculos,latitude,longitude,regional,delegacia,uop,ano_arquivo
"659558,0",2025-02-06,quinta-feira,07:45:00,SC,101,"396,7",MARACAJA,Reação tardia ou ineficiente do condutor,Colisão com objeto,Com Vítimas Feridas,Pleno dia,Decrescente,Céu Claro,Dupla,Declive,Não,3,0,0,1,2,0,1,2,-28.8419671,-49.4276619,SPRF-SC,DEL02-SC,UOP02-DEL02-SC,2025
"659570,0",2025-02-06,quinta-feira,10:15:00,SC,470,"45,9",GASPAR,Ultrapassagem Indevida,Colisão frontal,Com Vítimas Feridas,Pleno dia,Crescente,Garoa/Chuvisco,Simples,Curva,Sim,4,0,1,0,2,1,1,4,-26.86030399,-49.03852701,SPRF-SC,DEL04-SC,UOP01-DEL04-SC,2025
"659591,0",2025-02-06,quinta-feira,11:45:00,SC,116,"180,9",SAO CRISTOVAO DO SUL,Ausência de reação do condutor,Tombamento,Com Vítimas Feridas,Pleno dia,Decrescente,Nublado,Simples,Curva,Não,2,0,1,0,0,2,1,3,-27.2755343,-50.440979,SPRF-SC,DEL05-SC,UOP03-DEL05-SC,2025
"659661,0",2025-02-06,quinta-feira,17:45:00,SC,101,"451,0",SAO JOAO DO SUL,Desrespeitar a preferência no cruzamento,Colisão transversal,Com Vítimas Feridas,Pleno dia,Decrescente,Nublado,Múltipla,Interseção de Vias;Viaduto,Não,3,0,0,1,1,2,1,4,-29.18580098,-49.75491285,SPRF-SC,DEL02-SC,UOP02-DEL02-SC,2025
"659676,0",2025-02-06,quinta-feira,18:55:00,SC,153,"93,7",CONCORDIA,Transitar na contramão,Colisão frontal,Com Vítimas Feridas,Anoitecer,Decrescente,Ignorado,Simples,Curva;Declive,Não,2,0,1,0,1,0,1,2,-27.192907,-51.936951,SPRF-SC,DEL07-SC,UOP04-DEL07-SC,2025
"659731,0",2025-02-07,sexta-feira,02:00:00,SC,116,"109,0",MONTE CASTELO,Ausência de reação do condutor,Colisão traseira,Com Vítimas Feridas,Plena Noite,Decrescente,Céu Claro,Simples,Reta;Declive,Não,2,0,1,0,1,0,1,2,-26.7575178,-50.34172617,SPRF-SC,DEL06-SC,UOP02-DEL06-SC,2025
"659753,0",2025-02-07,sexta-feira,06:20:00,SC,282,"423,0",VARGEM BONITA,Reação tardia ou ineficiente do condutor,Colisão traseira,Com Vítimas Feridas,Amanhecer,Crescente,Céu Claro,Simples,Reta,Não,3,0,1,0,1,1,1,3,-26.99556,-51.752289,SPRF-SC,DEL07-SC,UOP05-DEL07-SC,2025
"659806,0",2025-02-07,sexta-feira,07:00:00,SC,282,"461,5",PONTE SERRADA,Pedestre cruzava a pista fora da faixa,Atropelamento de Pedestre,Com Vítimas Feridas,Pleno dia,Crescente,Sol,Simples,Reta,Sim,3,0,1,0,1,1,1,3,-26.86664959,-52.02283859,SPRF-SC,DEL07-SC,UOP04-DEL07-SC,2025
"659810,0",2025-02-07,sexta-feira,11:30:00,SC,280,"68,3",JARAGUA DO SUL,Trafegar com motocicleta (ou similar) entre as faixas,Colisão transversal,Com Vítimas Feridas,Pleno dia,Crescente,Nublado,Simples,Reta;Interseção de Vias,Sim,3,0,1,1,1,0,2,2,-26.47277719,-49.11098612,SPRF-SC,DEL03-SC,UOP03-DEL03-SC,2025
"659949,0",2025-02-08,sábado,01:30:00,SC,101,"16,6",BIGUACU,Transitar na contramão,Colisão frontal,Com Vítimas Feridas,Plena Noite,Decrescente,Céu Claro,Dupla,Reta;Interseção de Vias;Viaduto,Não,3,0,0,1,1,1,1,3,-27.4946,-48.6561,SPRF-SC,DEL01-SC,UOP01-DEL01-SC,2025
"659971,0",2025-02-08,sábado,05:45:00,SC,282,"16,6",PALHOCA,Transitar na contramão,Colisão frontal,Com Vítimas Feridas,Amanhecer,Crescente,Céu Claro,Simples,Reta,Sim,4,0,0,1,1,2,1,4,-27.658611,-48.681847,SPRF-SC,DEL01-SC,UOP02-DEL01-SC,2025
"659974,0",2025-02-08,sábado,06:00:00,SC,101,"30,2",JOINVILLE,Ausência de reação do condutor,Colisão traseira,Com Vítimas Feridas,Amanhecer,Decrescente,Nublado,Dupla,Aclive;Reta;Viaduto,Sim,5,0,1,0,3,1,1,3,-26.229562,-48.916604,SPRF-SC,DEL03-SC,UOP01-DEL03-SC,2025
"660018,0",2025-02-08,sábado,09:50:00,SC,280,"90,4",CORUPA,Velocidade Incompatível,Saída de leito carroçável,Com Vítimas Feridas,Pleno dia,Crescente,Garoa/Chuvisco,Simples,Curva;Declive,Não,1,0,1,0,0,0,1,1,-26.407423,-49.283504,SPRF-SC,DEL06-SC,UOP03-DEL06-SC,2025
"660028,0",2025-02-08,sábado,09:20:00,SC,101,"145,0",ITAPEMA,Reação tardia ou ineficiente do condutor,Colisão traseira,Com Vítimas Feridas,Pleno dia,Decrescente,Céu Claro,Dupla,Reta,Sim,7,0,1,1,4,4,2,9,-27.08139206,-48.60130993,SPRF-SC,DEL04-SC,UOP03-DEL04-SC,2025
"660058,0",2025-02-08,sábado,06:50:00,SC,470,"192,6",POUSO REDONDO,Demais falhas mecânicas ou elétricas,Tombamento,Com Vítimas Feridas,Pleno dia,Decrescente,Céu Claro,Simples,Curva;Declive,Não,2,0,1,0,0,1,1,2,-27.293324,-50.078678,SPRF-SC,DEL04-SC,UOP02-DEL04-SC,2025
"660059,0",2025-02-08,sábado,13:40:00,SC,101,"193,0",BIGUACU,Acessar a via sem observar a presença dos outros veículos,Colisão lateral mesmo sentido,Com Vítimas Feridas,Pleno dia,Crescente,Sol,Múltipla,Reta,Sim,5,0,1,0,1,4,1,5,-27.489574,-48.655914,SPRF-SC,DEL01-SC,UOP01-DEL01-SC,2025
"660166,0",2025-02-08,sábado,18:20:00,SC,101,"313,5",LAGUNA,Reação tardia ou ineficiente do condutor,Tombamento,Com Vítimas Feridas,Pleno dia,Crescente,Céu Claro,Dupla,Reta,Não,4,0,0,1,1,4,1,6,-28.43703326,-48.83749695,SPRF-SC,DEL02-SC,UOP01-DEL02-SC,2025
"660409,0",2025-02-09,domingo,19:20:00,SC,470,"260,7",CURITIBANOS,Demais falhas na via,Saída de leito carroçável,Com Vítimas Feridas,Plena Noite,Crescente,Nublado,Simples,Curva,Não,2,0,1,0,0,1,1,2,-27.301584,-50.671352,SPRF-SC,DEL05-SC,UOP03-DEL05-SC,2025
"660410,0",2025-02-09,domingo,23:30:00,SC,101,"142,6",ITAPEMA,Condutor deixou de manter distância do veículo da frente,Colisão traseira,Com Vítimas Fatais,Plena Noite,Decrescente,Céu Claro,Múltipla,Viaduto,Sim,4,1,0,1,1,1,1,3,-27.0597326,-48.5966714,SPRF-SC,DEL04-SC,UOP03-DEL04-SC,2025
"660513,0",2025-02-10,segunda-feira,11:15:00,SC,101,"47,0",JOINVILLE,Mal súbito do condutor,Colisão lateral mesmo sentido,Com Vítimas Feridas,Pleno dia,Decrescente,Céu Claro,Dupla,Declive,Sim,3,0,1,0,1,1,1,3,-26.34234997,-48.85840089,SPRF-SC,DEL03-SC,UOP01-DEL03-SC,2025
"660522,0",2025-02-10,segunda-feira,14:00:00,SC,470,"49,9",BLUMENAU,Manobra de mudança de faixa,Colisão lateral mesmo sentido,Com Vítimas Feridas,Pleno dia,Crescente,Céu Claro,Dupla,Curva,Não,3,0,1,0,1,1,1,3,-26.8604667,-49.07202244,SPRF-SC,DEL04-SC,UOP01-DEL04-SC,2025
"660678,0",2025-02-11,terça-feira,07:20:00,SC,280,"283,9",IRINEOPOLIS,Transitar na contramão,Colisão frontal,Com Vítimas Fatais,Pleno dia,Crescente,Céu Claro,Simples,Curva;Aclive,Não,3,1,0,0,1,1,0,3,-26.2931548,-50.8677496,SPRF-SC,DEL06-SC,UOP04-DEL06-SC,2025
"660721,0",2025-02-11,terça-feira,14:00:00,SC,101,"206,2",SAO JOSE,Reação tardia ou ineficiente do condutor,Colisão lateral mesmo sentido,Com Vítimas Feridas,Pleno dia,Crescente,Céu Claro,Múltipla,Reta,Sim,3,0,1,0,1,1,1,3,-27.59193546,-48.61824557,SPRF-SC,DEL01-SC,UOP01-DEL01-SC,2025
"660838,0",2025-02-12,quarta-feira,04:15:00,SC,101,"111,0",NAVEGANTES,Mal súbito do condutor,Saída de leito carroçável,Com Vítimas Feridas,Plena Noite,Crescente,Céu Claro,Dupla,Reta,Sim,2,0,1,0,1,0,1,1,-26.83955734,-48.71418074,SPRF-SC,DEL04-SC,UOP04-DEL04-SC,2025
"660908,0",2025-02-12,quarta-feira,10:50:00,SC,101,"195,8",BIGUACU,Reação tardia ou ineficiente do condutor,Colisão transversal,Com Vítimas Feridas,Pleno dia,Crescente,Sol,Múltipla,Reta;Interseção de Vias,Sim,2,0,0,1,1,0,1,2,-27.50998,-48.64457,SPRF-SC,DEL01-SC,UOP01-DEL01-SC,2025
"660984,0",2025-02-12,quarta-feira,19:30:00,SC,101,"100,0",BALNEARIO PICARRAS,Reação tardia ou ineficiente do condutor,Colisão lateral mesmo sentido,Com Vítimas Feridas,Plena Noite,Decrescente,Chuva,Dupla,Reta,Não,3,0,1,0,1,1,1,3,-26.75482787,-48.68993675,SPRF-SC,DEL03-SC,UOP02-DEL03-SC,2025
"660995,0",2025-02-12,quarta-feira,20:30:00,SC,101,"58,2",ARAQUARI,Ausência de reação do condutor,Saída de leito carroçável,Com Vítimas Feridas,Plena Noite,Crescente,Chuva,Múltipla,Curva;Interseção de Vias,Sim,1,0,1,0,0,0,1,1,-26.44025049,-48.80129043,SPRF-SC,DEL03-SC,UOP02-DEL03-SC,2025
"660998,0",2025-02-12,quarta-feira,20:50:00,SC,101,"141,8",ITAPEMA,Reação tardia ou ineficiente do condutor,Tombamento,Com Vítimas Feridas,Pleno dia,Decrescente,Céu Claro,Dupla,Reta,Não,3,0,2,0,0,1,2,2,-27.04752037,-48.59821424,SPRF-SC,DEL04-SC,UOP03-DEL04-SC,2025
"661086,0",2025-02-13,quinta-feira,10:00:00,SC,116,"57,0",PAPANDUVA,Acessar a via sem observar a presença dos outros veículos,Colisão transversal,Com Vítimas Feridas,Pleno dia,Crescente,Céu Claro,Simples,Reta;Interseção de Vias,Não,2,0,0,2,0,0,2,2,-26.38204782,-50.18999277,SPRF-SC,DEL06-SC,UOP02-DEL06-SC,2025
"661144,0",2025-02-13,quinta-feira,16:40:00,SC,101,"35,4",JOINVILLE,Reação tardia ou ineficiente do condutor,Engavetamento,Com Vítimas Feridas,Pleno dia,Decrescente,Chuva,Dupla,Reta,Sim,3,0,1,0,2,0,1,3,-26.271198,-48.894674,SPRF-SC,DEL03-SC,UOP01-DEL03-SC,2025
"661171,0",2025-02-13,quinta-feira,12:20:00,SC,282,"392,9",JOACABA,Avarias e/ou desgaste excessivo no pneu,Colisão frontal,Com Vítimas Fatais,Pleno dia,Crescente,Chuva,Simples,Curva;Aclive,Não,7,2,1,2,2,0,3,3,-27.1642655,-51.5674821,SPRF-SC,DEL07-SC,UOP05-DEL07-SC,2025
"661202,0",2025-02-13,quinta-feira,19:20:00,SC,282,"636,3",DESCANSO,Transitar na contramão,Colisão frontal,Com Vítimas Feridas,Plena Noite,Crescente,Nublado,Simples,Reta,Não,4,0,0,2,0,3,2,5,-26.81054812,-53.4383744,SPRF-SC,DEL07-SC,UOP03-DEL07-SC,2025
"661228,0",2025-01-27,segunda-feira,13:00:00,SC,101,"117,0",ITAJAI,Condutor deixou de manter distância do veículo da frente,Engavetamento,Com Vítimas Feridas,Pleno dia,Crescente,Nublado,Dupla,Reta,Não,6,0,1,0,4,1,1,4,-26.88747187,-48.72252969,SPRF-SC,DEL04-SC,UOP04-DEL04-SC,2025
"661232,0",2025-01-26,domingo,00:15:00,SC,282,"379,0",JOACABA,Ingestão de álcool pelo condutor,Colisão transversal,Sem Vítimas,Plena Noite,Decrescente,Céu Claro,Simples,Interseção de Vias,Sim,2,0,0,0,1,1,0,2,-27.214668,-51.489677,SPRF-SC,DEL07-SC,UOP05-DEL07-SC,2025
"661239,0",2025-02-14,sexta-feira,06:50:00,SC,116,"120,9",SANTA CECILIA,Acessar a via sem observar a presença dos outros veículos,Colisão transversal,Com Vítimas Feridas,Pleno dia,Crescente,Céu Claro,Simples,Reta,Não,3,0,0,1,1,1,1,3,-26.82744878,-50.37663407,SPRF-SC,DEL06-SC,UOP02-DEL06-SC,2025
"661248,0",2025-02-14,sexta-feira,08:00:00,SC,282,"524,8",XAXIM,Acesso irregular,Engavetamento,Com Vítimas Feridas,Pleno dia,Decrescente,Céu Claro,Simples,Curva,Não,6,0,3,0,2,1,3,5,-26.96432,-52.563653,SPRF-SC,DEL07-SC,UOP01-DEL07-SC,2025
"661278,0",2025-02-14,sexta-feira,11:02:00,SC,101,"178,7",GOVERNADOR CELSO RAMOS,Suicídio (presumido),Atropelamento de Pedestre,Com Vítimas Fatais,Pleno dia,Decrescente,Céu Claro,Dupla,Reta,Não,3,1,0,0,1,1,0,3,-27.370534,-48.633579,SPRF-SC,DEL01-SC,UOP01-DEL01-SC,2025
"661299,0",2025-02-14,sexta-feira,11:00:00,SC,470,"47,0",BLUMENAU,Acessar a via sem observar a presença dos outros veículos,Colisão transversal,Com Vítimas Feridas,Pleno dia,Decrescente,Céu Claro,Simples,Reta,Sim,3,0,0,1,2,0,1,2,-26.864044,-49.046516,SPRF-SC,DEL04-SC,UOP01-DEL04-SC,2025
"661313,0",2025-02-14,sexta-feira,15:05:00,SC,101,"229,8",PALHOCA,Reação tardia ou ineficiente do condutor,Colisão transversal,Com Vítimas Feridas,Pleno dia,Decrescente,Céu Claro,Dupla,Reta,Não,2,0,1,0,1,0,1,2,-27.7688932,-48.63205379,SPRF-SC,DEL01-SC,UOP02-DEL01-SC,2025
"661334,0",2025-02-14,sexta-feira,16:30:00,SC,101,"38,0",JOINVILLE,Acessar a via sem observar a presença dos outros veículos,Colisão transversal,Com Vítimas Feridas,Pleno dia,Crescente,Nublado,Dupla,Interseção de Vias,Sim,3,0,0,1,1,2,1,4,-26.25472505,-48.90561309,SPRF-SC,DEL03-SC,UOP01-DEL03-SC,2025
"661515,0",2025-02-15,sábado,09:20:00,SC,282,"308,2",VARGEM,Velocidade Incompatível,Tombamento,Com Vítimas Feridas,Pleno dia,Crescente,Céu Claro,Simples,Curva;Declive,Não,2,0,0,1,0,1,1,2,-27.49292,-50.971973,SPRF-SC,DEL07-SC,UOP06-DEL07-SC,2025
"661546,0",2025-02-15,sábado,13:50:00,SC,280,"49,5",GUARAMIRIM,Carga excessiva e/ou mal acondicionada,Derramamento de carga,Sem Vítimas,Pleno dia,Decrescente,Céu Claro,Dupla,Reta,Sim,2,0,0,0,1,1,0,2,-26.45850039,-48.93692786,SPRF-SC,DEL03-SC,UOP03-DEL03-SC,2025
"661566,0",2025-02-15,sábado,16:28:00,SC,101,"11,0",GARUVA,Demais falhas mecânicas ou elétricas,Incêndio,Sem Vítimas,Pleno dia,Decrescente,Nublado,Dupla,Reta,Não,2,0,0,0,1,1,0,2,-26.07423,-48.861025,SPRF-SC,DEL03-SC,UOP01-DEL03-SC,2025
"661628,0",2025-02-15,sábado,19:50:00,SC,282,"384,7",JOACABA,Velocidade Incompatível,Colisão lateral sentido oposto,Com Vítimas Feridas,Plena Noite,Crescente,Chuva,Simples,Curva;Aclive,Não,5,0,0,3,2,0,3,3,-27.20299,-51.515095,SPRF-SC,DEL07-SC,UOP05-DEL07-SC,2025
"661743,0",2025-02-16,domingo,12:02:00,SC,101,"17,4",JOINVILLE,Trafegar com motocicleta (ou similar) entre as faixas,Colisão lateral mesmo sentido,Com Vítimas Fatais,Pleno dia,Crescente,Sol,Dupla,Reta,Não,3,1,0,0,0,2,0,3,-26.124233,-48.8850082,SPRF-SC,DEL03-SC,UOP01-DEL03-SC,2025
"661890,0",2025-02-17,segunda-feira,04:30:00,SC,116,"141,9",SANTA CECILIA,Transitar na contramão,Colisão lateral sentido oposto,Sem Vítimas,Plena Noite,Crescente,Chuva,Simples,Declive,Sim,2,0,0,0,2,0,0,2,-26.97282394,-50.40309796,SPRF-SC,DEL06-SC,UOP02-DEL06-SC,2025
"661931,0",2025-02-01,sábado,13:30:00,SC,101,"39,0",JOINVILLE,Demais falhas mecânicas ou elétricas,Colisão com objeto,Com Vítimas Feridas,Pleno dia,Crescente,Chuva,Dupla,Curva,Sim,4,0,1,0,2,1,1,3,-26.2628107,-48.90192257,SPRF-SC,DEL03-SC,UOP01-DEL03-SC,2025
"661940,0",2025-02-06,quinta-feira,07:20:00,SC,101,"27,1",JOINVILLE,Desrespeitar a preferência no cruzamento,Colisão transversal,Com Vítimas Feridas,Pleno dia,Decrescente,Céu Claro,Dupla,Viaduto;Rotatória,Não,3,0,1,0,1,1,1,3,-26.20130351,-48.91331794,SPRF-SC,DEL03-SC,UOP01-DEL03-SC,2025
"662031,0",2025-02-17,segunda-feira,16:20:00,SC,116,"217,4",CORREIA PINTO,Acessar a via sem observar a presença dos outros veículos,Colisão transversal,Com Vítimas Feridas,Pleno dia,Decrescente,Nublado,Simples,Reta,Sim,3,0,1,0,2,0,1,2,-27.56409,-50.37538,SPRF-SC,DEL05-SC,UOP03-DEL05-SC,2025
"662041,0",2025-02-17,segunda-feira,17:25:00,SC,470,"145,0",RIO DO SUL,Chuva,Colisão lateral sentido oposto,Com Vítimas Feridas,Pleno dia,Crescente,Chuva,Simples,Reta,Não,4,0,0,1,2,1,1,4,-27.237301,-49.682217,SPRF-SC,DEL04-SC,UOP02-DEL04-SC,2025
"662053,0",2025-02-17,segunda-feira,17:30:00,SC,470,"137,3",RIO DO SUL,Reação tardia ou ineficiente do condutor,Colisão lateral sentido oposto,Com Vítimas Feridas,Pleno dia,Decrescente,Chuva,Simples,Reta;Aclive,Sim,3,0,1,0,1,1,1,3,-27.18852308,-49.61249828,SPRF-SC,DEL04-SC,UOP02-DEL04-SC,2025
"662091,0",2025-02-17,segunda-feira,16:30:00,SC,282,"117,9",ALFREDO WAGNER,Velocidade Incompatível,Colisão frontal,Com Vítimas Fatais,Pleno dia,Crescente,Chuva,Simples,Curva,Não,4,1,0,1,1,2,1,4,-27.7770576,-49.4115229,SPRF-SC,DEL01-SC,UOP03-DEL01-SC,2025
"662110,0",2025-02-18,terça-feira,00:30:00,SC,470,"49,0",BLUMENAU,Acessar a via sem observar a presença dos outros veículos,Colisão lateral mesmo sentido,Com Vítimas Feridas,Plena Noite,Crescente,Céu Claro,Dupla,Viaduto;Curva,Sim,4,0,1,0,2,1,1,3,-26.86113669,-49.07146454,SPRF-SC,DEL04-SC,UOP01-DEL04-SC,2025
"662138,0",2025-01-18,sábado,23:55:00,SC,116,"237,4",CORREIA PINTO,Ingestão de álcool pelo condutor,Colisão traseira,Com Vítimas Feridas,Plena Noite,Decrescente,Nublado,Simples,Reta,Não,5,0,1,0,2,2,1,4,-27.73034899,-50.3359778,SPRF-SC,DEL05-SC,UOP01-DEL05-SC,2025
"662139,0",2025-02-18,terça-feira,09:40:00,SC,101,"202,0",SAO JOSE,Condutor deixou de manter distância do veículo da frente,Colisão traseira,Com Vítimas Feridas,Pleno dia,Crescente,Nublado,Múltipla,Reta,Sim,2,0,1,0,1,0,1,2,-27.55711595,-48.61897889,SPRF-SC,DEL01-SC,UOP01-DEL01-SC,2025
"662159,0",2025-02-18,terça-feira,04:20:00,SC,282,"614,0",MARAVILHA,Demais Fenômenos da natureza,Colisão traseira,Sem Vítimas,Plena Noite,Decrescente,Chuva,Simples,Curva,Não,2,0,0,0,2,0,0,2,-26.76932,-53.264568,SPRF-SC,DEL07-SC,UOP02-DEL07-SC,2025
"662228,0",2025-02-18,terça-feira,15:30:00,SC,101,"44,8",JOINVILLE,Reação tardia ou ineficiente do condutor,Colisão frontal,Com Vítimas Feridas,Pleno dia,Decrescente,Chuva,Dupla,Reta,Sim,4,0,2,0,1,1,2,3,-26.31238996,-48.87458997,SPRF-SC,DEL03-SC,UOP01-DEL03-SC,2025
"662264,0",2025-02-18,terça-feira,22:00:00,SC,470,"54,5",BLUMENAU,Acessar a via sem observar a presença dos outros veículos,Colisão transversal,Sem Vítimas,Plena Noite,Crescente,Garoa/Chuvisco,Simples,Interseção de Vias,Sim,3,0,0,0,2,2,0,4,-26.87320293,-49.11417796,SPRF-SC,DEL04-SC,UOP01-DEL04-SC,2025
"662289,0",2025-02-19,quarta-feira,06:25:00,SC,101,"218,0",PALHOCA,Trafegar com motocicleta (ou similar) entre as faixas,Colisão traseira,Com Vítimas Feridas,Amanhecer,Decrescente,Céu Claro,Dupla,Reta,Não,2,0,1,0,1,0,1,2,-27.6758601,-48.67052525,SPRF-SC,DEL01-SC,UOP02-DEL01-SC,2025
"662312,0",2025-02-19,quarta-feira,07:50:00,SC,101,"169,0",TIJUCAS,Entrada inopinada do pedestre,Atropelamento de Pedestre,Com Vítimas Feridas,Pleno dia,Decrescente,Nublado,Dupla,Reta,Não,2,0,0,1,1,0,1,2,-27.28790602,-48.63095745,SPRF-SC,DEL04-SC,UOP03-DEL04-SC,2025
"662321,0",2025-02-19,quarta-feira,09:20:00,SC,101,"45,0",JOINVILLE,Velocidade Incompatível,Engavetamento,Com Vítimas Feridas,Pleno dia,Crescente,Nublado,Múltipla,Reta;Declive,Sim,6,0,0,2,4,0,2,3,-26.34588331,-48.85757446,SPRF-SC,DEL03-SC,UOP01-DEL03-SC,2025
"662328,0",2025-02-19,quarta-feira,09:30:00,SC,470,"122,9",IBIRAMA,Reação tardia ou ineficiente do condutor,Colisão traseira,Com Vítimas Feridas,Pleno dia,Crescente,Nublado,Simples,Curva,Não,2,0,1,0,1,0,1,2,-27.099888,-49.527679,SPRF-SC,DEL04-SC,UOP02-DEL04-SC,2025
"662378,0",2025-02-19,quarta-feira,14:50:00,SC,101,"156,8",PORTO BELO,Reação tardia ou ineficiente do condutor,Colisão traseira,Com Vítimas Feridas,Pleno dia,Crescente,Sol,Dupla,Reta,Não,4,0,1,1,1,1,2,4,-27.172272,-48.61170204,SPRF-SC,DEL04-SC,UOP03-DEL04-SC,2025
"662402,0",2025-02-19,quarta-feira,14:20:00,SC,158,"135,8",PALMITOS,Acessar a via sem observar a presença dos outros veículos,Colisão transversal,Com Vítimas Feridas,Pleno dia,Decrescente,Sol,Simples,Rotatória,Não,3,0,1,0,1,1,1,3,-27.04863931,-53.07512283,SPRF-SC,DEL07-SC,UOP02-DEL07-SC,2025
"662480,0",2025-02-20,quinta-feira,07:00:00,SC,101,"208,9",SAO JOSE,Reação tardia ou ineficiente do condutor,Colisão traseira,Com Vítimas Feridas,Pleno dia,Decrescente,Céu Claro,Múltipla,Reta,Sim,4,0,2,0,2,0,2,4,-27.60327979,-48.63201818,SPRF-SC,DEL01-SC,UOP01-DEL01-SC,2025
"662482,0",2025-02-20,quinta-feira,06:45:00,SC,480,"126,5",CHAPECO,Velocidade Incompatível,Colisão traseira,Com Vítimas Feridas,Pleno dia,Crescente,Céu Claro,Dupla,Reta,Sim,3,0,0,1,1,1,1,3,-27.03781899,-52.63432603,SPRF-SC,DEL07-SC,UOP01-DEL07-SC,2025
"662506,0",2025-02-20,quinta-feira,08:50:00,SC,101,"314,0",LAGUNA,Objeto estático sobre o leito carroçável,Colisão traseira,Com Vítimas Feridas,Pleno dia,Decrescente,Céu Claro,Dupla,Ponte;Curva,Não,2,0,1,0,1,0,1,2,-28.44043981,-48.82497095,SPRF-SC,DEL02-SC,UOP01-DEL02-SC,2025
"662534,0",2025-02-20,quinta-feira,09:10:00,SC,280,"30,0",ARAQUARI,Reação tardia ou ineficiente do condutor,Colisão traseira,Sem Vítimas,Pleno dia,Decrescente,Sol,Simples,Reta,Sim,2,0,0,0,2,0,0,2,-26.4141523,-48.76209493,SPRF-SC,DEL03-SC,UOP03-DEL03-SC,2025
"662596,0",2025-02-20,quinta-feira,10:45:00,SC,280,"166,0",MAFRA,Acessar a via sem observar a presença dos outros veículos,Colisão lateral mesmo sentido,Sem Vítimas,Pleno dia,Decrescente,Céu Claro,Dupla,Reta,Não,2,0,0,0,2,0,0,2,-26.17713619,-49.81611416,SPRF-SC,DEL06-SC,UOP01-DEL06-SC,2025
"662626,0",2025-02-20,quinta-feira,19:45:00,SC,101,"135,0",BALNEARIO CAMBORIU,Reação tardia ou ineficiente do condutor,Colisão traseira,Com Vítimas Feridas,Plena Noite,Decrescente,Céu Claro,Múltipla,Reta,Sim,2,0,0,1,1,0,1,2,-27.0050108,-48.62677494,SPRF-SC,DEL04-SC,UOP03-DEL04-SC,2025
"662674,0",2025-02-02,domingo,09:20:00,SC,101,"4,0",GARUVA,Demais falhas mecânicas ou elétricas,Incêndio,Sem Vítimas,Pleno dia,Crescente,Céu Claro,Múltipla,Curva,Não,2,0,0,0,1,2,0,3,-26.00908719,-48.86448735,SPRF-SC,DEL03-SC,UOP01-DEL03-SC,2025
"662767,0",2025-02-21,sexta-feira,16:20:00,SC,101,"40,2",JOINVILLE,Manobra de mudança de faixa,Colisão lateral mesmo sentido,Com Vítimas Feridas,Pleno dia,Decrescente,Céu Claro,Dupla,Reta,Sim,3,0,1,0,2,0,1,2,-26.31105274,-48.87652159,SPRF-SC,DEL03-SC,UOP01-DEL03-SC,2025
"662768,0",2025-02-21,sexta-feira,17:30:00,SC,282,"476,2",VARGEAO,Velocidade Incompatível,Colisão lateral mesmo sentido,Com Vítimas Feridas,Pleno dia,Crescente,Céu Claro,Simples,Reta,Não,3,0,0,1,1,1,1,3,-26.87540651,-52.15727091,SPRF-SC,DEL07-SC,UOP01-DEL07-SC,2025
"662812,0",2025-02-21,sexta-feira,21:30:00,SC,280,"29,5",ARAQUARI,Velocidade Incompatível,Colisão traseira,Com Vítimas Feridas,Plena Noite,Decrescente,Ignorado,Simples,Reta,Não,2,0,0,1,0,1,1,2,-26.41329937,-48.75830054,SPRF-SC,DEL03-SC,UOP03-DEL03-SC,2025
"662825,0",2025-02-21,sexta-feira,22:50:00,SC,101,"365,0",SANGAO,Ingestão de álcool pelo condutor,Colisão traseira,Com Vítimas Feridas,Plena Noite,Crescente,Céu Claro,Dupla,Reta,Não,2,0,0,1,1,0,1,2,-28.68938296,-49.15935516,SPRF-SC,DEL02-SC,UOP01-DEL02-SC,2025
"662829,0",2025-02-21,sexta-feira,15:30:00,SC,470,"116,4",IBIRAMA,Velocidade Incompatível,Tombamento,Com Vítimas Feridas,Pleno dia,Decrescente,Nublado,Simples,Curva;Declive,Sim,2,0,0,1,0,1,1,2,-27.08160182,-49.50033367,SPRF-SC,DEL04-SC,UOP02-DEL04-SC,2025
"662846,0",2025-02-22,sábado,04:30:00,SC,101,"1,4",GARUVA,Problema com o freio,Incêndio,Sem Vítimas,Plena Noite,Crescente,Céu Claro,Múltipla,Reta,Sim,2,0,0,0,1,1,0,2,-25.99325334,-48.88105452,SPRF-SC,DEL03-SC,UOP01-DEL03-SC,2025
"662929,0",2025-02-22,sábado,09:30:00,SC,282,"347,4",CAMPOS NOVOS,Acessar a via sem observar a presença dos outros veículos,Colisão traseira,Com Vítimas Fatais,Pleno dia,Crescente,Céu Claro,Simples,Reta,Não,3,1,0,0,2,0,0,2,-27.366833,-51.259747,SPRF-SC,DEL07-SC,UOP06-DEL07-SC,2025
"662936,0",2025-02-22,sábado,11:30:00,SC,282,"578,0",PINHALZINHO,Condutor usando celular,Colisão frontal,Com Vítimas Feridas,Pleno dia,Decrescente,Sol,Simples,Reta,Sim,3,0,1,0,1,3,1,5,-26.85107593,-52.98002291,SPRF-SC,DEL07-SC,UOP02-DEL07-SC,2025