id,data_inversa,dia_semana,horario,uf,br,km,municipio,causa_acidente,tipo_acidente,classificacao_acidente,fase_dia,sentido_via,condicao_metereologica,tipo_pista,tracado_via,uso_solo,pessoas,mortos,feridos_leves,feridos_graves,ilesos,ignorados,feridos,veiculos,latitude,longitude,regional,delegacia,uop,ano_arquivo
"662960,0",2025-02-22,sábado,12:45:00,SC,282,"244,8",SAO JOSE DO CERRITO,Velocidade Incompatível,Tombamento,Com Vítimas Feridas,Pleno dia,Crescente,Céu Claro,Simples,Aclive;Curva,Não,1,0,1,0,0,0,1,1,-27.7288602,-50.52127898,SPRF-SC,DEL05-SC,UOP02-DEL05-SC,2025
"663020,0",2025-02-22,sábado,16:20:00,SC,280,"291,4",PORTO UNIAO,Acessar a via sem observar a presença dos outros veículos,Colisão transversal,Com Vítimas Feridas,Pleno dia,Decrescente,Céu Claro,Simples,Interseção de Vias;Reta,Não,4,0,1,0,2,1,1,4,-26.29591587,-50.93223095,SPRF-SC,DEL06-SC,UOP04-DEL06-SC,2025
"663067,0",2025-02-23,domingo,01:55:00,SC,101,"363,0",SANGAO,Condutor deixou de manter distância do veículo da frente,Colisão traseira,Sem Vítimas,Plena Noite,Crescente,Céu Claro,Múltipla,Aclive;Reta,Não,3,0,0,0,2,1,0,3,-28.67978684,-49.14094632,SPRF-SC,DEL02-SC,UOP01-DEL02-SC,2025
"663148,0",2025-02-23,domingo,10:58:00,SC,282,"537,6",CHAPECO,Velocidade Incompatível,Colisão lateral sentido oposto,Com Vítimas Feridas,Pleno dia,Decrescente,Céu Claro,Simples,Curva;Declive,Não,6,0,0,1,3,3,1,5,-27.00046252,-52.67041504,SPRF-SC,DEL07-SC,UOP01-DEL07-SC,2025
"663159,0",2025-02-23,domingo,00:30:00,SC,116,"69,0",MONTE CASTELO,Reação tardia ou ineficiente do condutor,Tombamento,Com Vítimas Feridas,Plena Noite,Decrescente,Céu Claro,Simples,Rotatória,Não,2,0,1,0,0,1,1,2,-26.460469111,-50.22865534,SPRF-SC,DEL06-SC,UOP02-DEL06-SC,2025
"663163,0",2025-02-19,quarta-feira,19:15:00,SC,282,"428,0",VARGEM BONITA,Ultrapassagem Indevida,Tombamento,Com Vítimas Feridas,Anoitecer,Decrescente,Céu Claro,Simples,Declive;Curva,Não,3,0,1,0,1,1,1,3,-26.9761438,-51.7722168,SPRF-SC,DEL07-SC,UOP05-DEL07-SC,2025
"663392,0",2025-02-24,segunda-feira,12:20:00,SC,101,"4,0",ITAJAI,Acesso irregular,Colisão transversal,Com Vítimas Feridas,Pleno dia,Decrescente,Sol,Dupla,Interseção de Vias,Sim,3,0,1,0,1,1,1,3,-26.94802427,-48.6719272,SPRF-SC,DEL03-SC,UOP01-DEL03-SC,2025
"663424,0",2025-02-24,segunda-feira,16:00:00,SC,101,"111,0",NAVEGANTES,Acessar a via sem observar a presença dos outros veículos,Colisão lateral mesmo sentido,Com Vítimas Feridas,Pleno dia,Crescente,Céu Claro,Múltipla,Reta,Não,2,0,1,0,0,1,1,2,-26.84075811,-48.71534538,SPRF-SC,DEL04-SC,UOP04-DEL04-SC,2025
"663489,0",2025-02-24,segunda-feira,18:00:00,SC,282,"2,0",FLORIANOPOLIS,Ingestão de substâncias psicoativas pelo condutor,Colisão traseira,Com Vítimas Feridas,Pleno dia,Crescente,Céu Claro,Múltipla,Reta,Sim,3,0,1,0,1,1,1,3,-27.6034998,-48.58758267,SPRF-SC,DEL01-SC,UOP01-DEL01-SC,2025
"663526,0",2025-02-24,segunda-feira,23:30:00,SC,101,"207,2",SAO JOSE,Condutor deixou de manter distância do veículo da frente,Colisão lateral mesmo sentido,Com Vítimas Feridas,Plena Noite,Decrescente,Céu Claro,Dupla,Curva,Sim,4,0,2,0,1,1,2,3,-27.59796775,-48.62031698,SPRF-SC,DEL01-SC,UOP01-DEL01-SC,2025
"663551,0",2025-02-25,terça-feira,06:50:00,SC,101,"211,6",PALHOCA,Manobra de mudança de faixa,Colisão lateral mesmo sentido,Com Vítimas Feridas,Pleno dia,Decrescente,Céu Claro,Múltipla,Reta,Não,4,0,2,0,0,2,2,3,-27.62771,-48.65666,SPRF-SC,DEL01-SC,UOP02-DEL01-SC,2025
"663601,0",2025-02-25,terça-feira,11:50:00,SC,282,"467,0",PONTE SERRADA,Acessar a via sem observar a presença dos outros veículos,Colisão transversal,Com Vítimas Feridas,Pleno dia,Crescente,Céu Claro,Simples,Reta,Não,4,0,4,0,0,0,4,2,-26.85436439,-52.08445966,SPRF-SC,DEL07-SC,UOP04-DEL07-SC,2025
"663609,0",2025-02-25,terça-feira,12:40:00,SC,282,"533,0",CHAPECO,Reação tardia ou ineficiente do condutor,Colisão lateral sentido oposto,Com Vítimas Feridas,Pleno dia,Crescente,Céu Claro,Simples,Reta,Não,1,0,1,0,0,0,1,1,-27.00064609,-52.65992761,SPRF-SC,DEL07-SC,UOP01-DEL07-SC,2025
"663618,0",2025-02-25,terça-feira,13:45:00,SC,101,"41,0",PALHOCA,Condutor deixou de manter distância do veículo da frente,Colisão traseira,Com Vítimas Fatais,Pleno dia,Crescente,Céu Claro,Dupla,Reta,Não,3,1,0,0,2,0,0,3,-27.65159075,-48.7247622,SPRF-SC,DEL01-SC,UOP02-DEL01-SC,2025
"663647,0",2025-02-25,terça-feira,15:20:00,SC,282,"462,0",PONTE SERRADA,Acessar a via sem observar a presença dos outros veículos,Colisão transversal,Com Vítimas Feridas,Pleno dia,Decrescente,Garoa/Chuvisco,Dupla,Reta,Não,3,0,0,2,1,0,2,2,-26.86634766,-52.02299416,SPRF-SC,DEL07-SC,UOP04-DEL07-SC,2025
"663685,0",2025-02-25,terça-feira,16:00:00,SC,101,"319,0",PESCARIA BRAVA,Avarias e/ou desgaste excessivo no pneu,Colisão com objeto,Com Vítimas Feridas,Pleno dia,Decrescente,Céu Claro,Múltipla,Reta,Não,1,0,0,1,0,0,1,1,-28.42620765,-48.88870418,SPRF-SC,DEL02-SC,UOP01-DEL02-SC,2025
"663719,0",2025-02-25,terça-feira,22:30:00,SC,116,"117,5",SANTA CECILIA,Ausência de reação do condutor,Tombamento,Sem Vítimas,Plena Noite,Decrescente,Céu Claro,Simples,Curva;Aclive,Não,2,0,0,0,2,0,0,1,-26.8188461,-50.3506027,SPRF-SC,DEL06-SC,UOP02-DEL06-SC,2025
"663726,0",2025-02-26,quarta-feira,00:20:00,SC,101,"242,9",PAULO LOPES,Ausência de reação do condutor,Colisão traseira,Com Vítimas Feridas,Plena Noite,Crescente,Céu Claro,Múltipla,Reta,Não,2,0,1,0,1,0,1,2,-27.94593979,-48.66999191,SPRF-SC,DEL01-SC,UOP02-DEL01-SC,2025
"663753,0",2025-02-26,quarta-feira,07:55:00,SC,101,"163,0",TIJUCAS,Desrespeitar a preferência no cruzamento,Colisão transversal,Com Vítimas Feridas,Pleno dia,Crescente,Céu Claro,Dupla,Interseção de Vias,Sim,2,0,0,1,1,0,1,2,-27.23083996,-48.62985492,SPRF-SC,DEL04-SC,UOP03-DEL04-SC,2025
"663795,0",2025-02-26,quarta-feira,11:20:00,SC,280,"32,0",ARAQUARI,Condutor deixou de manter distância do veículo da frente,Engavetamento,Com Vítimas Feridas,Pleno dia,Decrescente,Sol,Simples,Reta,Não,4,0,1,0,3,0,1,3,-26.423077,-48.783601,SPRF-SC,DEL03-SC,UOP03-DEL03-SC,2025
"663813,0",2025-02-26,quarta-feira,13:25:00,SC,101,"37,0",JOINVILLE,Acessar a via sem observar a presença dos outros veículos,Colisão lateral mesmo sentido,Com Vítimas Feridas,Pleno dia,Crescente,Céu Claro,Dupla,Reta,Não,2,0,1,0,0,1,1,2,-26.307273,-48.8785814,SPRF-SC,DEL03-SC,UOP01-DEL03-SC,2025
"663815,0",2025-02-26,quarta-feira,12:40:00,SC,470,"128,2",LONTRAS,Transitar na contramão,Colisão frontal,Com Vítimas Fatais,Pleno dia,Crescente,Sol,Simples,Curva,Não,6,1,0,0,2,4,0,7,-27.14668658,-49.55048561,SPRF-SC,DEL04-SC,UOP02-DEL04-SC,2025
"663816,0",2025-02-26,quarta-feira,14:00:00,SC,470,"58,0",BLUMENAU,Transitar na contramão,Colisão frontal,Com Vítimas Fatais,Pleno dia,Decrescente,Céu Claro,Simples,Declive;Reta,Sim,4,1,0,0,1,2,0,3,-26.8842819,-49.1487797,SPRF-SC,DEL04-SC,UOP01-DEL04-SC,2025
"663820,0",2025-02-26,quarta-feira,14:00:00,SC,101,"101,6",BALNEARIO PICARRAS,Reação tardia ou ineficiente do condutor,Colisão traseira,Com Vítimas Fatais,Pleno dia,Crescente,Sol,Múltipla,Reta,Não,2,1,0,0,1,0,0,2,-26.7713916,-48.6860562,SPRF-SC,DEL03-SC,UOP02-DEL03-SC,2025
"663844,0",2025-02-26,quarta-feira,15:38:00,SC,280,"49,5",GUARAMIRIM,Acessar a via sem observar a presença dos outros veículos,Colisão traseira,Com Vítimas Feridas,Pleno dia,Decrescente,Céu Claro,Dupla,Reta,Sim,2,0,1,0,1,0,1,2,-26.460152,-48.941106,SPRF-SC,DEL03-SC,UOP03-DEL03-SC,2025
"663871,0",2025-02-26,quarta-feira,16:35:00,SC,280,"82,5",CORUPA,Ausência de reação do condutor,Colisão transversal,Com Vítimas Feridas,Pleno dia,Decrescente,Céu Claro,Simples,Interseção de Vias;Rotatória,Sim,4,0,0,1,2,1,1,3,-26.4356,-49.2455,SPRF-SC,DEL06-SC,UOP03-DEL06-SC,2025
"663889,0",2025-02-26,quarta-feira,19:00:00,SC,101,"144,0",ITAPEMA,Transitar no Acostamento,Colisão lateral mesmo sentido,Com Vítimas Feridas,Anoitecer,Decrescente,Nublado,Dupla,Reta,Sim,2,0,0,1,1,0,1,2,-27.07579419,-48.59782398,SPRF-SC,DEL04-SC,UOP03-DEL04-SC,2025
"663898,0",2025-02-26,quarta-feira,20:30:00,SC,470,"185,0",POUSO REDONDO,Velocidade Incompatível,Tombamento,Com Vítimas Fatais,Plena Noite,Crescente,Céu Claro,Simples,Curva,Não,2,1,0,0,0,1,0,2,-27.25348505,-50.03903389,SPRF-SC,DEL04-SC,UOP02-DEL04-SC,2025
"663935,0",2025-02-27,quinta-feira,03:30:00,SC,116,"24,2",ITAIOPOLIS,Ingestão de álcool pelo condutor,Colisão traseira,Com Vítimas Feridas,Plena Noite,Decrescente,Céu Claro,Simples,Reta,Sim,2,0,1,0,1,0,1,2,-26.27607582,-49.92267966,SPRF-SC,DEL06-SC,UOP01-DEL06-SC,2025
"663946,0",2025-02-27,quinta-feira,07:11:00,SC,280,"56,0",GUARAMIRIM,Manobra de mudança de faixa,Queda de ocupante de veículo,Com Vítimas Feridas,Pleno dia,Crescente,Céu Claro,Dupla,Reta,Não,2,0,1,0,1,0,1,2,-26.479371,-49.006503,SPRF-SC,DEL03-SC,UOP03-DEL03-SC,2025
"663982,0",2025-02-27,quinta-feira,08:40:00,SC,282,"338,0",CAMPOS NOVOS,Condutor Dormindo,Colisão lateral sentido oposto,Com Vítimas Feridas,Pleno dia,Decrescente,Céu Claro,Simples,Reta,Sim,7,0,1,0,5,2,1,5,-27.39247595,-51.17617607,SPRF-SC,DEL07-SC,UOP06-DEL07-SC,2025
"664000,0",2025-02-27,quinta-feira,12:00:00,SC,470,"5,9",NAVEGANTES,Reação tardia ou ineficiente do condutor,Colisão traseira,Com Vítimas Feridas,Pleno dia,Decrescente,Sol,Dupla,Reta,Não,3,0,1,0,1,2,1,4,-26.85416861,-48.70556831,SPRF-SC,DEL04-SC,UOP04-DEL04-SC,2025
"664060,0",2025-02-27,quinta-feira,16:45:00,SC,282,"446,0",PONTE SERRADA,Frear bruscamente,Colisão frontal,Com Vítimas Feridas,Pleno dia,Decrescente,Chuva,Simples,Declive;Curva,Não,3,0,0,1,1,1,1,3,-26.91237906,-51.90508962,SPRF-SC,DEL07-SC,UOP04-DEL07-SC,2025
"664067,0",2025-02-27,quinta-feira,17:30:00,SC,282,"26,7",SANTO AMARO DA IMPERATRIZ,Acessar a via sem observar a presença dos outros veículos,Colisão transversal,Com Vítimas Feridas,Pleno dia,Crescente,Nublado,Simples,Interseção de Vias;Reta,Sim,8,0,3,2,2,1,5,3,-27.680267,-48.762482,SPRF-SC,DEL01-SC,UOP03-DEL01-SC,2025
"664087,0",2025-02-27,quinta-feira,18:00:00,SC,280,"41,0",ARAQUARI,Demais falhas mecânicas ou elétricas,Tombamento,Com Vítimas Feridas,Plena Noite,Decrescente,Céu Claro,Dupla,Reta,Não,1,0,1,0,0,0,1,1,-26.4502429,-48.8603418,SPRF-SC,DEL03-SC,UOP03-DEL03-SC,2025
"664147,0",2025-02-28,sexta-feira,05:30:00,SC,101,"158,0",PORTO BELO,Condutor Dormindo,Colisão lateral mesmo sentido,Sem Vítimas,Amanhecer,Crescente,Céu Claro,Dupla,Reta,Sim,4,0,0,0,3,3,0,6,-27.19413635,-48.6128615,SPRF-SC,DEL04-SC,UOP03-DEL04-SC,2025
"664196,0",2025-02-28,sexta-feira,10:30:00,SC,280,"1,0",MAFRA,Problema com o freio,Saída de leito carroçável,Sem Vítimas,Pleno dia,Crescente,Céu Claro,Simples,Reta;Declive,Não,2,0,0,0,1,1,0,2,-26.20386631,-49.79088509,SPRF-SC,DEL03-SC,UOP03-DEL03-SC,2025
"664258,0",2025-02-28,sexta-feira,11:20:00,SC,101,"121,0",ITAJAI,Reação tardia ou ineficiente do condutor,Engavetamento,Com Vítimas Feridas,Pleno dia,Decrescente,Céu Claro,Dupla,Reta,Sim,4,0,2,0,2,0,2,3,-26.92105,-48.70838,SPRF-SC,DEL04-SC,UOP04-DEL04-SC,2025
"664278,0",2025-02-28,sexta-feira,04:15:00,SC,101,"284,8",IMBITUBA,Ausência de reação do condutor,Colisão traseira,Sem Vítimas,Plena Noite,Crescente,Ignorado,Dupla,Curva,Não,2,0,0,0,1,1,0,2,-28.236519,-48.700818,SPRF-SC,DEL02-SC,UOP03-DEL02-SC,2025
"664285,0",2025-02-27,quinta-feira,11:10:00,SC,116,"205,2",PONTE ALTA,Ausência de reação do condutor,Colisão lateral sentido oposto,Com Vítimas Feridas,Pleno dia,Crescente,Céu Claro,Simples,Aclive;Reta,Sim,3,0,2,0,0,2,2,4,-27.465591,-50.385976,SPRF-SC,DEL05-SC,UOP03-DEL05-SC,2025
"664293,0",2025-02-28,sexta-feira,09:45:00,SC,282,"409,9",CATANDUVAS,Desrespeitar a preferência no cruzamento,Colisão transversal,Com Vítimas Feridas,Pleno dia,Crescente,Céu Claro,Simples,Interseção de Vias,Sim,3,0,2,0,1,0,2,2,-27.066995,-51.66306,SPRF-SC,DEL07-SC,UOP05-DEL07-SC,2025
"664372,0",2025-02-28,sexta-feira,20:20:00,SC,116,"114,9",SANTA CECILIA,Velocidade Incompatível,Tombamento,Com Vítimas Feridas,Plena Noite,Decrescente,Céu Claro,Simples,Declive;Curva,Não,2,0,1,0,0,1,1,2,-26.80149036,-50.33860445,SPRF-SC,DEL06-SC,UOP02-DEL06-SC,2025
"664375,0",2025-03-01,sábado,01:49:00,SC,101,"232,0",PALHOCA,Reação tardia ou ineficiente do condutor,Colisão lateral mesmo sentido,Com Vítimas Feridas,Plena Noite,Crescente,Céu Claro,Dupla,Reta,Não,4,0,1,0,2,1,1,3,-27.81531066,-48.63226891,SPRF-SC,DEL01-SC,UOP02-DEL01-SC,2025
"664443,0",2025-03-01,sábado,07:30:00,SC,116,"248,2",LAGES,Reação tardia ou ineficiente do condutor,Colisão frontal,Sem Vítimas,Pleno dia,Crescente,Céu Claro,Simples,Curva,Não,5,0,0,0,5,0,0,2,-27.82386719,-50.37827969,SPRF-SC,DEL05-SC,UOP02-DEL05-SC,2025
"664659,0",2025-03-02,domingo,01:50:00,SC,116,"72,2",MONTE CASTELO,Ingestão de álcool pelo condutor,Colisão frontal,Sem Vítimas,Plena Noite,Decrescente,Céu Claro,Simples,Reta,Não,4,0,0,0,3,1,0,3,-26.488127,-50.2327595,SPRF-SC,DEL06-SC,UOP02-DEL06-SC,2025
"664838,0",2025-03-02,domingo,19:50:00,SC,163,"70,6",SAO MIGUEL DO OESTE,Manobra de mudança de faixa,Colisão lateral mesmo sentido,Sem Vítimas,Plena Noite,Decrescente,Céu Claro,Dupla,Aclive;Reta,Sim,3,0,0,0,2,1,0,3,-26.7300751,-53.5138334,SPRF-SC,DEL07-SC,UOP03-DEL07-SC,2025
"664925,0",2025-03-03,segunda-feira,08:30:00,SC,101,"64,0",BARRA VELHA,Ausência de reação do condutor,Colisão lateral mesmo sentido,Com Vítimas Feridas,Pleno dia,Crescente,Céu Claro,Dupla,Reta,Não,5,0,2,0,2,1,2,3,-26.6207232,-48.726016,SPRF-SC,DEL03-SC,UOP02-DEL03-SC,2025
"664962,0",2025-03-03,segunda-feira,13:35:00,SC,101,"29,1",JOINVILLE,Condutor deixou de manter distância do veículo da frente,Colisão traseira,Com Vítimas Feridas,Pleno dia,Decrescente,Céu Claro,Dupla,Reta;Declive,Não,4,0,2,0,2,0,2,3,-26.22028382,-48.91612709,SPRF-SC,DEL03-SC,UOP01-DEL03-SC,2025
"664998,0",2025-03-03,segunda-feira,17:10:00,SC,470,"119,0",IBIRAMA,Reação tardia ou ineficiente do condutor,Saída de leito carroçável,Com Vítimas Feridas,Pleno dia,Crescente,Céu Claro,Simples,Curva;Declive,Não,2,0,0,1,0,1,1,2,-27.08073299,-49.51994598,SPRF-SC,DEL04-SC,UOP02-DEL04-SC,2025
"665074,0",2025-03-04,terça-feira,05:25:00,SC,282,"571,0",NOVA ERECHIM,Ultrapassagem Indevida,Colisão frontal,Com Vítimas Feridas,Amanhecer,Crescente,Céu Claro,Simples,Curva,Não,8,0,1,0,7,0,1,3,-26.89145431,-52.93139935,SPRF-SC,DEL07-SC,UOP02-DEL07-SC,2025
"665220,0",2025-03-04,terça-feira,17:00:00,SC,282,"378,1",HERVAL DOESTE,Transitar na contramão,Colisão frontal,Com Vítimas Feridas,Pleno dia,Crescente,Céu Claro,Simples,Curva;Declive,Não,4,0,2,1,0,1,3,3,-27.215657,-51.472575,SPRF-SC,DEL07-SC,UOP05-DEL07-SC,2025
"665254,0",2025-03-05,quarta-feira,05:30:00,SC,280,"95,4",CORUPA,Transitar na contramão,Colisão lateral sentido oposto,Com Vítimas Feridas,Amanhecer,Crescente,Céu Claro,Simples,Declive,Não,4,0,2,0,2,0,2,2,-26.38227787,-49.3149662,SPRF-SC,DEL06-SC,UOP03-DEL06-SC,2025
"665280,0",2025-03-05,quarta-feira,07:45:00,SC,101,"43,0",JOINVILLE,Reação tardia ou ineficiente do condutor,Colisão traseira,Sem Vítimas,Pleno dia,Crescente,Céu Claro,Simples,Reta;Aclive,Sim,2,0,0,0,2,0,0,2,-26.34026834,-48.85937691,SPRF-SC,DEL03-SC,UOP01-DEL03-SC,2025
"665347,0",2025-03-05,quarta-feira,15:30:00,SC,101,"48,3",JOINVILLE,Condutor deixou de manter distância do veículo da frente,Engavetamento,Com Vítimas Feridas,Pleno dia,Decrescente,Céu Claro,Dupla,Declive;Reta,Não,6,0,3,0,3,0,3,3,-26.376825,-48.853286,SPRF-SC,DEL03-SC,UOP01-DEL03-SC,2025
"665428,0",2025-03-06,quinta-feira,04:15:00,SC,101,"149,4",ITAPEMA,Condutor deixou de manter distância do veículo da frente,Colisão traseira,Com Vítimas Feridas,Plena Noite,Crescente,Nublado,Dupla,Reta,Sim,2,0,1,0,0,1,1,2,-27.11161509,-48.61117601,SPRF-SC,DEL04-SC,UOP03-DEL04-SC,2025
"665433,0",2025-03-06,quinta-feira,02:10:00,SC,282,"83,1",ALFREDO WAGNER,Velocidade Incompatível,Tombamento,Com Vítimas Feridas,Pleno dia,Crescente,Céu Claro,Simples,Declive;Curva,Não,3,0,2,0,0,1,2,2,-27.667387,-49.175035,SPRF-SC,DEL01-SC,UOP03-DEL01-SC,2025
"665445,0",2025-03-06,quinta-feira,07:20:00,SC,470,"53,9",BLUMENAU,Trafegar com motocicleta (ou similar) entre as faixas,Colisão transversal,Com Vítimas Feridas,Pleno dia,Crescente,Céu Claro,Simples,Curva,Sim,2,0,1,0,1,0,1,2,-26.87111905,-49.10923004,SPRF-SC,DEL04-SC,UOP01-DEL04-SC,2025
"665622,0",2025-03-06,quinta-feira,22:55:00,SC,101,"280,0",IMBITUBA,Ausência de reação do condutor,Colisão traseira,Com Vítimas Feridas,Plena Noite,Crescente,Garoa/Chuvisco,Dupla,Reta,Não,3,0,0,1,1,2,1,4,-28.19445157,-48.69739195,SPRF-SC,DEL02-SC,UOP03-DEL02-SC,2025
"665642,0",2025-03-07,sexta-feira,06:50:00,SC,101,"193,9",BIGUACU,Reação tardia ou ineficiente do condutor,Colisão traseira,Com Vítimas Feridas,Pleno dia,Crescente,Céu Claro,Dupla,Reta,Sim,4,0,1,0,2,2,1,5,-27.4983,-48.6568,SPRF-SC,DEL01-SC,UOP01-DEL01-SC,2025
"665746,0",2025-03-07,sexta-feira,13:50:00,SC,101,"257,9",PAULO LOPES,Reação tardia ou ineficiente do condutor,Colisão traseira,Com Vítimas Feridas,Pleno dia,Crescente,Céu Claro,Dupla,Reta,Não,3,0,0,1,1,2,1,4,-28.00463659,-48.69448006,SPRF-SC,DEL02-SC,UOP03-DEL02-SC,2025
"665767,0",2025-03-07,sexta-feira,14:10:00,SC,101,"119,0",ITAJAI,Reação tardia ou ineficiente do condutor,Colisão traseira,Com Vítimas Feridas,Pleno dia,Decrescente,Céu Claro,Múltipla,Reta,Sim,3,0,2,0,1,0,2,2,-26.91240606,-48.71204233,SPRF-SC,DEL04-SC,UOP04-DEL04-SC,2025
"665814,0",2025-03-07,sexta-feira,16:40:00,SC,163,"70,8",SAO MIGUEL DO OESTE,Reação tardia ou ineficiente do condutor,Colisão lateral mesmo sentido,Com Vítimas Feridas,Pleno dia,Decrescente,Céu Claro,Dupla,Reta;Interseção de Vias,Sim,4,0,1,0,2,1,1,3,-26.7297954,-53.51137692,SPRF-SC,DEL07-SC,UOP03-DEL07-SC,2025
"665857,0",2025-03-08,sábado,00:20:00,SC,153,"54,0",VARGEM BONITA,Ausência de reação do condutor,Colisão frontal,Com Vítimas Feridas,Plena Noite,Crescente,Céu Claro,Simples,Reta;Ponte,Não,2,0,0,1,1,0,1,2,-26.9377572,-51.81949496,SPRF-SC,DEL07-SC,UOP07-DEL07-SC,2025
"666031,0",2025-03-08,sábado,19:23:00,SC,116,"140,0",SANTA CECILIA,Transitar na contramão,Colisão frontal,Com Vítimas Feridas,Plena Noite,Decrescente,Céu Claro,Simples,Reta;Aclive,Não,3,0,0,1,1,1,1,3,-26.964351,-50.4114,SPRF-SC,DEL06-SC,UOP02-DEL06-SC,2025
"666083,0",2025-03-09,domingo,00:05:00,SC,153,"0,8",AGUA DOCE,Velocidade Incompatível,Tombamento,Com Vítimas Feridas,Plena Noite,Decrescente,Nublado,Simples,Curva,Não,1,0,0,1,0,0,1,1,-26.613063,-51.496348,SPRF-SC,DEL07-SC,UOP07-DEL07-SC,2025
"666088,0",2025-03-09,domingo,07:15:00,SC,280,"8,0",SAO FRANCISCO DO SUL,Manobra de mudança de faixa,Colisão frontal,Com Vítimas Feridas,Pleno dia,Decrescente,Céu Claro,Simples,Curva,Sim,2,0,0,1,1,0,1,2,-26.27887,-48.64732,SPRF-SC,DEL03-SC,UOP03-DEL03-SC,2025
"666155,0",2025-03-09,domingo,15:09:00,SC,101,"190,2",BIGUACU,Demais falhas mecânicas ou elétricas,Colisão com objeto,Sem Vítimas,Pleno dia,Decrescente,Nublado,Dupla,Reta,Não,4,0,0,0,3,1,0,2,-27.470415,-48.641042,SPRF-SC,DEL01-SC,UOP01-DEL01-SC,2025
"666223,0",2025-03-09,domingo,16:45:00,SC,282,"416,2",CATANDUVAS,Velocidade Incompatível,Colisão frontal,Com Vítimas Feridas,Pleno dia,Decrescente,Chuva,Simples,Reta,Não,10,0,2,0,8,0,2,4,-27.04031847,-51.70812696,SPRF-SC,DEL07-SC,UOP05-DEL07-SC,2025
"666260,0",2025-03-09,domingo,21:50:00,SC,470,"189,3",POUSO REDONDO,Transitar na contramão,Colisão frontal,Com Vítimas Fatais,Plena Noite,Decrescente,Ignorado,Simples,Declive;Curva,Não,5,1,0,2,1,1,2,3,-27.275368,-50.063206,SPRF-SC,DEL04-SC,UOP02-DEL04-SC,2025
"666296,0",2025-03-10,segunda-feira,05:05:00,SC,101,"212,9",PALHOCA,Mal súbito do condutor,Saída de leito carroçável,Com Vítimas Feridas,Amanhecer,Crescente,Nublado,Múltipla,Reta,Sim,2,0,0,1,0,2,1,3,-27.63616668,-48.66466347,SPRF-SC,DEL01-SC,UOP02-DEL01-SC,2025
"666391,0",2025-03-10,segunda-feira,14:10:00,SC,101,"65,0",ARAQUARI,Condutor deixou de manter distância do veículo da frente,Colisão traseira,Com Vítimas Feridas,Pleno dia,Crescente,Nublado,Múltipla,Reta,Não,3,0,2,0,1,0,2,2,-26.47847929,-48.73858362,SPRF-SC,DEL03-SC,UOP02-DEL03-SC,2025
"666433,0",2025-03-10,segunda-feira,15:20:00,SC,470,"125,3",LONTRAS,Velocidade Incompatível,Colisão lateral mesmo sentido,Sem Vítimas,Pleno dia,Crescente,Sol,Simples,Aclive,Não,3,0,0,0,3,0,0,3,-27.127,-49.538,SPRF-SC,DEL04-SC,UOP02-DEL04-SC,2025
"666469,0",2025-03-10,segunda-feira,21:00:00,SC,101,"105,0",PENHA,Iluminação deficiente,Atropelamento de Pedestre,Com Vítimas Feridas,Plena Noite,Decrescente,Nublado,Múltipla,Reta,Não,3,0,0,1,1,1,1,3,-26.80337388,-48.6786443,SPRF-SC,DEL03-SC,UOP02-DEL03-SC,2025
"666533,0",2025-03-11,terça-feira,09:30:00,SC,282,"1,1",FLORIANOPOLIS,Reação tardia ou ineficiente do condutor,Colisão traseira,Com Vítimas Feridas,Pleno dia,Decrescente,Nublado,Múltipla,Reta,Sim,3,0,1,0,2,0,1,2,-27.602854,-48.580285,SPRF-SC,DEL01-SC,UOP01-DEL01-SC,2025
"666538,0",2025-03-11,terça-feira,09:00:00,SC,101,"117,0",ITAJAI,Acessar a via sem observar a presença dos outros veículos,Colisão traseira,Com Vítimas Feridas,Pleno dia,Decrescente,Nublado,Múltipla,Interseção de Vias,Sim,2,0,1,0,1,0,1,2,-26.88408619,-48.72363567,SPRF-SC,DEL04-SC,UOP04-DEL04-SC,2025
"666715,0",2025-03-12,quarta-feira,08:25:00,SC,470,"66,3",INDAIAL,Ultrapassagem Indevida,Saída de leito carroçável,Com Vítimas Fatais,Pleno dia,Crescente,Céu Claro,Simples,Reta,Não,2,1,0,0,1,0,0,2,-26.87004761,-49.22456503,SPRF-SC,DEL04-SC,UOP01-DEL04-SC,2025
"666732,0",2025-03-12,quarta-feira,06:40:00,SC,101,"275,8",IMBITUBA,Avarias e/ou desgaste excessivo no pneu,Colisão com objeto,Com Vítimas Feridas,Pleno dia,Crescente,Chuva,Múltipla,Reta,Não,3,0,1,0,2,0,1,2,-28.155487,-48.69277,SPRF-SC,DEL02-SC,UOP03-DEL02-SC,2025
"666767,0",2025-03-12,quarta-feira,14:30:00,SC,101,"92,3",BARRA VELHA,Reação tardia ou ineficiente do condutor,Colisão lateral mesmo sentido,Sem Vítimas,Pleno dia,Crescente,Nublado,Dupla,Reta,Não,2,0,0,0,2,0,0,2,-26.68771687,-48.69584799,SPRF-SC,DEL03-SC,UOP02-DEL03-SC,2025
"666777,0",2025-02-04,terça-feira,16:50:00,SC,282,"180,0",BOCAINA DO SUL,Acessar a via sem observar a presença dos outros veículos,Saída de leito carroçável,Com Vítimas Feridas,Pleno dia,Crescente,Nublado,Simples,Reta,Sim,7,0,1,1,4,1,2,3,-27.742239,-49.939873,SPRF-SC,DEL05-SC,UOP01-DEL05-SC,2025