id,data_inversa,dia_semana,horario,uf,br,km,municipio,causa_acidente,tipo_acidente,classificacao_acidente,fase_dia,sentido_via,condicao_metereologica,tipo_pista,tracado_via,uso_solo,pessoas,mortos,feridos_leves,feridos_graves,ilesos,ignorados,feridos,veiculos,latitude,longitude,regional,delegacia,uop,ano_arquivo
"666781,0",2025-02-20,quinta-feira,13:35:00,SC,158,"118,7",CAIBI,Demais falhas mecânicas ou elétricas,Saída de leito carroçável,Com Vítimas Feridas,Pleno dia,Decrescente,Sol,Simples,Curva;Aclive,Não,2,0,0,1,0,1,1,2,-26.95849138,-53.20453466,SPRF-SC,DEL07-SC,UOP02-DEL07-SC,2025
"666801,0",2025-03-12,quarta-feira,14:25:00,SC,116,"132,9",SANTA CECILIA,Acessar a via sem observar a presença dos outros veículos,Colisão transversal,Com Vítimas Feridas,Pleno dia,Crescente,Nublado,Simples,Interseção de Vias;Rotatória,Não,3,0,1,1,1,0,2,2,-26.91350443,-50.44459783,SPRF-SC,DEL06-SC,UOP02-DEL06-SC,2025
"666823,0",2025-03-12,quarta-feira,16:10:00,SC,101,"49,3",JOINVILLE,Reação tardia ou ineficiente do condutor,Colisão traseira,Com Vítimas Feridas,Pleno dia,Decrescente,Chuva,Múltipla,Curva,Não,3,0,2,0,1,0,2,2,-26.38069979,-48.85151602,SPRF-SC,DEL03-SC,UOP01-DEL03-SC,2025
"666839,0",2025-03-12,quarta-feira,19:21:00,SC,101,"439,3",SOMBRIO,Condutor deixou de manter distância do veículo da frente,Colisão traseira,Com Vítimas Feridas,Plena Noite,Crescente,Nublado,Múltipla,Reta,Sim,6,0,0,2,2,2,2,5,-29.12445103,-49.66882467,SPRF-SC,DEL02-SC,UOP02-DEL02-SC,2025
"666969,0",2025-03-13,quinta-feira,10:55:00,SC,282,"424,0",VARGEM BONITA,Velocidade Incompatível,Tombamento,Com Vítimas Feridas,Pleno dia,Decrescente,Céu Claro,Simples,Curva,Não,2,0,1,0,0,1,1,2,-26.983402,-51.754258,SPRF-SC,DEL07-SC,UOP05-DEL07-SC,2025
"667007,0",2025-03-13,quinta-feira,17:45:00,SC,163,"104,0",SAO JOSE DO CEDRO,Transitar na contramão,Colisão frontal,Com Vítimas Feridas,Anoitecer,Crescente,Céu Claro,Simples,Aclive;Viaduto,Sim,4,0,2,0,1,1,2,4,-26.45239545,-53.51096923,SPRF-SC,DEL07-SC,UOP03-DEL07-SC,2025
"667012,0",2025-03-13,quinta-feira,18:15:00,SC,470,"137,8",RIO DO SUL,Acessar a via sem observar a presença dos outros veículos,Colisão transversal,Com Vítimas Feridas,Pleno dia,Decrescente,Céu Claro,Simples,Interseção de Vias;Retorno Regulamentado;Reta,Sim,3,0,1,0,2,0,1,2,-27.1937861,-49.6239817,SPRF-SC,DEL04-SC,UOP02-DEL04-SC,2025
"667018,0",2025-03-13,quinta-feira,14:30:00,SC,101,"396,5",MARACAJA,Ingestão de álcool pelo condutor,Colisão traseira,Com Vítimas Feridas,Pleno dia,Crescente,Nublado,Dupla,Reta;Aclive,Não,3,0,1,0,1,1,1,3,-28.83263451,-49.41575289,SPRF-SC,DEL02-SC,UOP02-DEL02-SC,2025
"667020,0",2025-03-13,quinta-feira,15:25:00,SC,101,"425,0",SOMBRIO,Pedestre cruzava a pista fora da faixa,Atropelamento de Pedestre,Com Vítimas Feridas,Pleno dia,Crescente,Céu Claro,Dupla,Declive,Sim,9,0,1,5,2,1,6,5,-29.107044,-49.636958,SPRF-SC,DEL02-SC,UOP02-DEL02-SC,2025
"667129,0",2025-03-14,sexta-feira,08:45:00,SC,101,"332,0",TUBARAO,Acessar a via sem observar a presença dos outros veículos,Colisão lateral mesmo sentido,Com Vítimas Feridas,Pleno dia,Decrescente,Sol,Dupla,Reta,Sim,2,0,1,0,1,0,1,2,-28.46785049,-49.00338915,SPRF-SC,DEL02-SC,UOP01-DEL02-SC,2025
"667135,0",2025-03-14,sexta-feira,09:24:00,SC,282,"4,3",SAO JOSE,Demais falhas mecânicas ou elétricas,Incêndio,Sem Vítimas,Pleno dia,Decrescente,Céu Claro,Dupla,Reta,Sim,2,0,0,0,1,1,0,2,-27.591735,-48.605909,SPRF-SC,DEL01-SC,UOP01-DEL01-SC,2025
"667198,0",2025-03-14,sexta-feira,10:45:00,SC,282,"289,7",BRUNOPOLIS,Acessar a via sem observar a presença dos outros veículos,Colisão frontal,Com Vítimas Feridas,Pleno dia,Crescente,Céu Claro,Simples,Interseção de Vias;Reta,Não,3,0,2,0,1,0,2,2,-27.33548,-50.959917,SPRF-SC,DEL05-SC,UOP02-DEL05-SC,2025
"667209,0",2025-03-14,sexta-feira,14:35:00,SC,101,"321,2",PESCARIA BRAVA,Condutor deixou de manter distância do veículo da frente,Colisão traseira,Com Vítimas Feridas,Pleno dia,Crescente,Céu Claro,Múltipla,Reta;Em Obras,Não,4,0,2,0,1,1,2,3,-28.426645,-48.908143,SPRF-SC,DEL02-SC,UOP01-DEL02-SC,2025
"667247,0",2025-03-14,sexta-feira,18:45:00,SC,280,"30,7",ARAQUARI,Trafegar com motocicleta (ou similar) entre as faixas,Colisão lateral mesmo sentido,Com Vítimas Feridas,Anoitecer,Decrescente,Nublado,Simples,Reta,Sim,5,0,0,1,3,4,1,8,-26.415871,-48.768756,SPRF-SC,DEL03-SC,UOP03-DEL03-SC,2025
"667307,0",2025-03-14,sexta-feira,21:40:00,SC,470,"226,6",SAO CRISTOVAO DO SUL,Velocidade Incompatível,Tombamento,Com Vítimas Fatais,Plena Noite,Crescente,Céu Claro,Simples,Curva,Não,2,1,0,0,0,1,0,2,-27.324178,-50.370396,SPRF-SC,DEL05-SC,UOP03-DEL05-SC,2025
"667357,0",2025-03-15,sábado,07:00:00,SC,470,"86,0",RODEIO,Velocidade Incompatível,Colisão com objeto,Com Vítimas Feridas,Pleno dia,Decrescente,Nublado,Simples,Curva,Não,9,0,0,1,7,1,1,5,-26.9476045,-49.3648749,SPRF-SC,DEL04-SC,UOP01-DEL04-SC,2025
"667441,0",2025-03-15,sábado,15:15:00,SC,282,"588,3",SAUDADES,Demais falhas mecânicas ou elétricas,Saída de leito carroçável,Sem Vítimas,Pleno dia,Crescente,Sol,Simples,Aclive;Reta,Não,2,0,0,0,1,3,0,4,-26.82631863,-53.05663915,SPRF-SC,DEL07-SC,UOP02-DEL07-SC,2025
"667462,0",2025-03-15,sábado,19:45:00,SC,101,"201,8",SAO JOSE,Reação tardia ou ineficiente do condutor,Colisão lateral mesmo sentido,Com Vítimas Feridas,Plena Noite,Crescente,Nublado,Simples,Interseção de Vias;Reta,Sim,3,0,1,0,2,0,1,2,-27.553725,-48.61976,SPRF-SC,DEL01-SC,UOP01-DEL01-SC,2025
"667542,0",2025-03-16,domingo,04:25:00,SC,101,"223,1",PALHOCA,Ausência de reação do condutor,Colisão com objeto,Sem Vítimas,Plena Noite,Crescente,Céu Claro,Dupla,Reta;Desvio Temporário,Não,2,0,0,0,2,0,0,2,-27.717,-48.648,SPRF-SC,DEL01-SC,UOP02-DEL01-SC,2025
"667646,0",2025-03-16,domingo,16:15:00,SC,282,"53,0",AGUAS MORNAS,Conversão proibida,Colisão transversal,Com Vítimas Feridas,Pleno dia,Decrescente,Nublado,Simples,Reta,Não,2,0,1,0,1,0,1,2,-27.68757352,-48.9708066,SPRF-SC,DEL01-SC,UOP03-DEL01-SC,2025
"667654,0",2025-03-16,domingo,13:20:00,SC,470,"241,7",CURITIBANOS,Condutor Dormindo,Colisão frontal,Com Vítimas Feridas,Pleno dia,Decrescente,Céu Claro,Simples,Reta;Declive,Não,4,0,1,1,2,0,2,3,-27.31458138,-50.50468147,SPRF-SC,DEL05-SC,UOP03-DEL05-SC,2025
"667661,0",2025-03-16,domingo,16:15:00,SC,470,"127,7",LONTRAS,Mal súbito do condutor,Saída de leito carroçável,Com Vítimas Feridas,Pleno dia,Decrescente,Nublado,Simples,Declive;Curva,Não,2,0,1,0,0,1,1,2,-27.14390749,-49.54891551,SPRF-SC,DEL04-SC,UOP02-DEL04-SC,2025
"667765,0",2025-03-16,domingo,21:50:00,SC,470,"317,7",CAMPOS NOVOS,Ingestão de álcool pelo condutor,Colisão frontal,Sem Vítimas,Plena Noite,Decrescente,Céu Claro,Simples,Reta,Sim,2,0,0,0,1,1,0,2,-27.40825221,-51.2128973,SPRF-SC,DEL07-SC,UOP06-DEL07-SC,2025
"667777,0",2025-03-17,segunda-feira,06:30:00,SC,282,"457,0",PONTE SERRADA,Reação tardia ou ineficiente do condutor,Colisão lateral sentido oposto,Com Vítimas Feridas,Pleno dia,Crescente,Céu Claro,Simples,Curva,Não,3,0,0,1,2,0,1,2,-26.8718788,-52.0165876,SPRF-SC,DEL07-SC,UOP04-DEL07-SC,2025
"667824,0",2025-03-17,segunda-feira,11:00:00,SC,282,"20,4",PALHOCA,Reação tardia ou ineficiente do condutor,Colisão traseira,Sem Vítimas,Pleno dia,Crescente,Sol,Simples,Reta,Sim,5,0,0,0,5,0,0,2,-27.68591703,-48.7126475,SPRF-SC,DEL01-SC,UOP02-DEL01-SC,2025
"667834,0",2025-03-17,segunda-feira,09:50:00,SC,470,"91,0",ASCURRA,Demais falhas mecânicas ou elétricas,Tombamento,Sem Vítimas,Pleno dia,Decrescente,Nublado,Simples,Curva,Não,2,0,0,0,1,1,0,2,-26.97112366,-49.36699033,SPRF-SC,DEL04-SC,UOP01-DEL04-SC,2025
"667848,0",2025-03-17,segunda-feira,13:30:00,SC,101,"221,0",PALHOCA,Condutor deixou de manter distância do veículo da frente,Colisão traseira,Sem Vítimas,Pleno dia,Decrescente,Céu Claro,Dupla,Reta,Não,5,0,0,0,5,0,0,5,-27.70514295,-48.65810025,SPRF-SC,DEL01-SC,UOP02-DEL01-SC,2025
"667862,0",2025-03-17,segunda-feira,11:00:00,SC,282,"68,5",RANCHO QUEIMADO,Problema com o freio,Tombamento,Com Vítimas Feridas,Pleno dia,Decrescente,Céu Claro,Simples,Declive;Curva,Não,5,0,4,1,0,0,5,1,-27.693467,-49.080683,SPRF-SC,DEL01-SC,UOP03-DEL01-SC,2025
"667874,0",2025-03-17,segunda-feira,13:15:00,SC,153,"58,0",IRANI,Desrespeitar a preferência no cruzamento,Colisão transversal,Com Vítimas Feridas,Pleno dia,Decrescente,Céu Claro,Simples,Interseção de Vias,Não,4,0,1,0,2,2,1,4,-26.969629,-51.854066,SPRF-SC,DEL07-SC,UOP07-DEL07-SC,2025
"667877,0",2025-03-17,segunda-feira,14:40:00,SC,101,"221,0",PALHOCA,Reação tardia ou ineficiente do condutor,Colisão lateral mesmo sentido,Com Vítimas Feridas,Pleno dia,Decrescente,Céu Claro,Dupla,Reta,Não,2,0,1,0,0,1,1,2,-27.6992758,-48.66064483,SPRF-SC,DEL01-SC,UOP02-DEL01-SC,2025
"667892,0",2025-03-17,segunda-feira,15:00:00,SC,101,"138,4",BALNEARIO CAMBORIU,Reação tardia ou ineficiente do condutor,Colisão transversal,Com Vítimas Fatais,Pleno dia,Crescente,Céu Claro,Simples,Reta,Sim,3,1,0,0,1,1,0,3,-27.026271,-48.606709,SPRF-SC,DEL04-SC,UOP03-DEL04-SC,2025
"667938,0",2025-03-17,segunda-feira,19:00:00,SC,282,"574,6",PINHALZINHO,Ultrapassagem Indevida,Colisão frontal,Com Vítimas Feridas,Anoitecer,Decrescente,Céu Claro,Simples,Reta,Não,3,0,1,0,2,0,1,3,-26.87288956,-52.95665503,SPRF-SC,DEL07-SC,UOP02-DEL07-SC,2025
"668091,0",2025-03-18,terça-feira,15:10:00,SC,282,"602,1",CUNHA PORA,Reação tardia ou ineficiente do condutor,Colisão traseira,Com Vítimas Feridas,Pleno dia,Crescente,Sol,Simples,Em Obras;Interseção de Vias;Reta,Não,3,0,1,0,2,0,1,3,-26.80551412,-53.18127394,SPRF-SC,DEL07-SC,UOP02-DEL07-SC,2025
"668095,0",2025-03-18,terça-feira,18:45:00,SC,282,"2,0",FLORIANOPOLIS,Velocidade Incompatível,Colisão traseira,Com Vítimas Feridas,Plena Noite,Crescente,Chuva,Múltipla,Reta,Não,4,0,0,1,2,1,1,4,-27.601865,-48.59318,SPRF-SC,DEL01-SC,UOP01-DEL01-SC,2025
"668115,0",2025-03-18,terça-feira,14:40:00,SC,280,"153,5",MAFRA,Ultrapassagem Indevida,Colisão lateral sentido oposto,Com Vítimas Feridas,Pleno dia,Decrescente,Garoa/Chuvisco,Simples,Reta,Não,8,0,2,2,1,3,4,6,-26.23190811,-49.70103264,SPRF-SC,DEL06-SC,UOP03-DEL06-SC,2025
"668221,0",2025-03-19,quarta-feira,08:30:00,SC,101,"441,1",SANTA ROSA DO SUL,Condutor Dormindo,Colisão traseira,Com Vítimas Feridas,Pleno dia,Decrescente,Céu Claro,Múltipla,Reta;Viaduto,Sim,3,0,0,1,2,0,1,3,-29.129771,-49.68719,SPRF-SC,DEL02-SC,UOP02-DEL02-SC,2025
"668237,0",2025-03-19,quarta-feira,11:40:00,SC,282,"643,4",SAO MIGUEL DO OESTE,Acessar a via sem observar a presença dos outros veículos,Colisão transversal,Com Vítimas Feridas,Pleno dia,Decrescente,Céu Claro,Múltipla,Declive;Curva,Não,2,0,0,1,1,0,1,2,-26.76999574,-53.47424442,SPRF-SC,DEL07-SC,UOP03-DEL07-SC,2025
"668248,0",2025-03-19,quarta-feira,14:00:00,SC,101,"146,0",ITAPEMA,Desrespeitar a preferência no cruzamento,Colisão transversal,Com Vítimas Feridas,Pleno dia,Crescente,Céu Claro,Múltipla,Interseção de Vias,Sim,2,0,0,1,1,0,1,2,-27.08771955,-48.61165401,SPRF-SC,DEL04-SC,UOP03-DEL04-SC,2025
"668266,0",2025-03-19,quarta-feira,08:10:00,SC,116,"107,7",MONTE CASTELO,Reação tardia ou ineficiente do condutor,Tombamento,Com Vítimas Feridas,Pleno dia,Decrescente,Céu Claro,Simples,Declive;Curva,Não,2,0,1,0,0,1,1,2,-26.75422,-50.332398,SPRF-SC,DEL06-SC,UOP02-DEL06-SC,2025
"668282,0",2025-03-19,quarta-feira,17:15:00,SC,101,"114,1",ITAJAI,Trafegar com motocicleta (ou similar) entre as faixas,Colisão lateral mesmo sentido,Com Vítimas Feridas,Pleno dia,Decrescente,Sol,Múltipla,Reta,Sim,2,0,0,1,1,0,1,2,-26.86199211,-48.72849779,SPRF-SC,DEL04-SC,UOP04-DEL04-SC,2025
"668286,0",2025-03-19,quarta-feira,15:50:00,SC,282,"664,0",FLORIANOPOLIS,Acessar a via sem observar a presença dos outros veículos,Colisão transversal,Com Vítimas Feridas,Pleno dia,Crescente,Céu Claro,Simples,Interseção de Vias,Não,2,0,1,0,1,0,1,2,-27.5939328,-48.5588992,SPRF-SC,DEL07-SC,UOP03-DEL07-SC,2025
"668388,0",2025-03-20,quinta-feira,08:00:00,SC,282,"578,0",PINHALZINHO,Velocidade Incompatível,Saída de leito carroçável,Com Vítimas Feridas,Pleno dia,Crescente,Sol,Simples,Rotatória,Sim,1,0,1,0,0,0,1,1,-26.85819738,-52.97977567,SPRF-SC,DEL07-SC,UOP02-DEL07-SC,2025
"668406,0",2025-03-20,quinta-feira,10:25:00,SC,282,"3,4",FLORIANOPOLIS,Reação tardia ou ineficiente do condutor,Colisão traseira,Com Vítimas Feridas,Pleno dia,Decrescente,Céu Claro,Dupla,Reta,Não,3,0,1,0,2,0,1,3,-27.60382117,-48.58351523,SPRF-SC,DEL01-SC,UOP01-DEL01-SC,2025
"668526,0",2025-03-20,quinta-feira,20:40:00,SC,101,"34,0",JOINVILLE,Manobra de mudança de faixa,Colisão lateral mesmo sentido,Sem Vítimas,Plena Noite,Decrescente,Céu Claro,Dupla,Reta,Não,3,0,0,0,2,3,0,5,-26.2628107,-48.90192257,SPRF-SC,DEL03-SC,UOP01-DEL03-SC,2025
"668552,0",2025-03-21,sexta-feira,03:40:00,SC,101,"39,2",JOINVILLE,Ingestão de álcool pelo condutor,Colisão traseira,Com Vítimas Feridas,Plena Noite,Crescente,Céu Claro,Múltipla,Reta,Sim,3,0,1,0,1,2,1,4,-26.27094331,-48.89499664,SPRF-SC,DEL03-SC,UOP01-DEL03-SC,2025
"668566,0",2025-03-21,sexta-feira,05:45:00,SC,470,"8,1",NAVEGANTES,Reação tardia ou ineficiente do condutor,Tombamento,Com Vítimas Fatais,Amanhecer,Crescente,Céu Claro,Dupla,Curva,Não,3,1,0,1,1,0,1,2,-26.8358534,-48.71984841,SPRF-SC,DEL04-SC,UOP04-DEL04-SC,2025
"668640,0",2025-03-21,sexta-feira,14:40:00,SC,470,"130,6",LONTRAS,Ultrapassagem Indevida,Colisão frontal,Com Vítimas Feridas,Pleno dia,Decrescente,Céu Claro,Simples,Reta,Não,3,0,2,0,1,0,2,3,-27.1672763,-49.5596417,SPRF-SC,DEL04-SC,UOP02-DEL04-SC,2025
"668694,0",2025-03-21,sexta-feira,15:05:00,SC,470,"110,2",APIUNA,Condutor deixou de manter distância do veículo da frente,Engavetamento,Com Vítimas Feridas,Pleno dia,Decrescente,Céu Claro,Simples,Curva,Não,5,0,1,0,3,1,1,4,-27.08586023,-49.45760071,SPRF-SC,DEL04-SC,UOP02-DEL04-SC,2025
"668735,0",2025-03-21,sexta-feira,19:15:00,SC,116,"148,4",SANTA CECILIA,Ultrapassagem Indevida,Colisão lateral sentido oposto,Com Vítimas Feridas,Plena Noite,Decrescente,Céu Claro,Simples,Reta,Não,6,0,0,2,3,1,2,5,-27.0021251,-50.41544437,SPRF-SC,DEL06-SC,UOP02-DEL06-SC,2025
"668760,0",2025-03-22,sábado,03:40:00,SC,101,"186,0",BIGUACU,Condutor Dormindo,Tombamento,Com Vítimas Feridas,Plena Noite,Crescente,Céu Claro,Dupla,Curva,Sim,2,0,1,0,0,1,1,2,-27.4353308,-48.6258457,SPRF-SC,DEL01-SC,UOP01-DEL01-SC,2025
"668896,0",2025-02-22,sábado,11:05:00,SC,101,"46,2",PALHOCA,Pedestre andava na pista,Atropelamento de Pedestre,Com Vítimas Fatais,Pleno dia,Decrescente,Céu Claro,Dupla,Curva,Não,4,1,0,0,1,3,0,5,-27.683787,-48.690249,SPRF-SC,DEL01-SC,UOP02-DEL01-SC,2025
"669056,0",2025-03-23,domingo,10:00:00,SC,116,"267,7",CAPAO ALTO,Desrespeitar a preferência no cruzamento,Colisão transversal,Com Vítimas Feridas,Pleno dia,Decrescente,Céu Claro,Simples,Interseção de Vias;Reta,Não,2,0,0,1,1,0,1,2,-27.95643445,-50.48437715,SPRF-SC,DEL05-SC,UOP02-DEL05-SC,2025
"669127,0",2025-03-23,domingo,18:40:00,SC,101,"43,0",PALHOCA,Reação tardia ou ineficiente do condutor,Colisão lateral mesmo sentido,Com Vítimas Feridas,Plena Noite,Decrescente,Nublado,Dupla,Reta,Não,2,0,1,0,1,0,1,2,-27.66617847,-48.71579289,SPRF-SC,DEL01-SC,UOP02-DEL01-SC,2025
"669153,0",2025-03-23,domingo,21:37:00,SC,101,"217,2",PALHOCA,Entrada inopinada do pedestre,Atropelamento de Pedestre,Com Vítimas Fatais,Plena Noite,Decrescente,Céu Claro,Múltipla,Reta;Interseção de Vias,Sim,3,1,0,0,1,1,0,3,-27.66967,-48.673,SPRF-SC,DEL01-SC,UOP02-DEL01-SC,2025
"669218,0",2025-03-24,segunda-feira,08:15:00,SC,101,"201,0",SAO JOSE,Manobra de mudança de faixa,Colisão traseira,Com Vítimas Feridas,Pleno dia,Crescente,Céu Claro,Múltipla,Reta,Sim,3,0,2,0,1,0,2,2,-27.549037,-48.619786,SPRF-SC,DEL01-SC,UOP01-DEL01-SC,2025
"669269,0",2025-03-24,segunda-feira,11:15:00,SC,480,"128,6",CHAPECO,Mal súbito do condutor,Saída de leito carroçável,Com Vítimas Feridas,Pleno dia,Crescente,Céu Claro,Dupla,Curva,Não,2,0,1,0,0,2,1,3,-27.04525308,-52.63615933,SPRF-SC,DEL07-SC,UOP01-DEL07-SC,2025
"669278,0",2025-03-24,segunda-feira,10:00:00,SC,282,"592,9",SAUDADES,Ultrapassagem Indevida,Colisão lateral sentido oposto,Com Vítimas Feridas,Pleno dia,Decrescente,Sol,Simples,Curva;Aclive,Não,6,0,2,1,1,2,3,5,-26.82621626,-53.10152592,SPRF-SC,DEL07-SC,UOP02-DEL07-SC,2025
"669345,0",2025-03-24,segunda-feira,15:35:00,SC,280,"24,0",ARAQUARI,Pista Escorregadia,Colisão frontal,Com Vítimas Feridas,Pleno dia,Crescente,Céu Claro,Simples,Reta,Sim,4,0,1,0,2,1,1,3,-26.37882642,-48.72131456,SPRF-SC,DEL03-SC,UOP03-DEL03-SC,2025
"669386,0",2025-02-19,quarta-feira,17:35:00,SC,116,"10,8",MAFRA,Reação tardia ou ineficiente do condutor,Engavetamento,Com Vítimas Fatais,Pleno dia,Decrescente,Chuva,Simples,Declive;Reta,Não,7,1,0,2,4,0,2,5,-26.1755878,-49.857169,SPRF-SC,DEL06-SC,UOP01-DEL06-SC,2025
"669495,0",2025-03-25,terça-feira,13:45:00,SC,101,"137,0",BALNEARIO CAMBORIU,Trafegar com motocicleta (ou similar) entre as faixas,Colisão lateral mesmo sentido,Com Vítimas Feridas,Pleno dia,Decrescente,Nublado,Dupla,Reta,Sim,4,0,0,1,1,2,1,4,-27.01573,-48.61183,SPRF-SC,DEL04-SC,UOP03-DEL04-SC,2025
"669527,0",2025-03-25,terça-feira,17:15:00,SC,101,"207,0",SAO JOSE,Manobra de mudança de faixa,Colisão traseira,Com Vítimas Feridas,Pleno dia,Crescente,Nublado,Múltipla,Curva;Aclive,Não,4,0,0,1,2,1,1,3,-27.600992,-48.623542,SPRF-SC,DEL01-SC,UOP01-DEL01-SC,2025
"669559,0",2025-03-25,terça-feira,17:00:00,SC,282,"54,3",AGUAS MORNAS,Velocidade Incompatível,Colisão frontal,Com Vítimas Feridas,Pleno dia,Decrescente,Chuva,Simples,Curva;Declive,Não,2,0,1,0,1,0,1,2,-27.68806,-48.976397,SPRF-SC,DEL01-SC,UOP03-DEL01-SC,2025
"669592,0",2025-03-25,terça-feira,22:15:00,SC,101,"27,2",JOINVILLE,Manobra de mudança de faixa,Colisão com objeto,Com Vítimas Feridas,Pleno dia,Crescente,Chuva,Dupla,Reta;Viaduto,Sim,3,0,2,0,1,0,2,2,-26.20365613,-48.91405106,SPRF-SC,DEL03-SC,UOP01-DEL03-SC,2025
"669607,0",2025-03-25,terça-feira,21:30:00,SC,470,"192,0",POUSO REDONDO,Problema com o freio,Colisão com objeto,Com Vítimas Feridas,Plena Noite,Decrescente,Chuva,Simples,Curva;Declive,Não,3,0,2,0,0,1,2,2,-27.25597148,-50.0452087,SPRF-SC,DEL04-SC,UOP02-DEL04-SC,2025
"669663,0",2025-03-26,quarta-feira,10:10:00,SC,101,"152,0",PORTO BELO,Ausência de reação do condutor,Colisão traseira,Sem Vítimas,Pleno dia,Crescente,Céu Claro,Múltipla,Retorno Regulamentado,Não,2,0,0,0,1,1,0,2,-27.14390801,-48.6104281,SPRF-SC,DEL04-SC,UOP03-DEL04-SC,2025
"669669,0",2025-03-26,quarta-feira,07:20:00,SC,101,"324,0",CAPIVARI DE BAIXO,Condutor deixou de manter distância do veículo da frente,Colisão traseira,Com Vítimas Feridas,Pleno dia,Crescente,Céu Claro,Dupla,Reta,Sim,2,0,0,1,1,0,1,2,-28.44295201,-48.96689326,SPRF-SC,DEL02-SC,UOP01-DEL02-SC,2025
"669670,0",2025-03-26,quarta-feira,08:10:00,SC,101,"311,0",LAGUNA,Ausência de reação do condutor,Colisão traseira,Com Vítimas Feridas,Pleno dia,Crescente,Nublado,Dupla,Reta,Não,2,0,0,1,1,0,1,2,-28.4403,-48.8143,SPRF-SC,DEL02-SC,UOP01-DEL02-SC,2025
"669676,0",2025-03-26,quarta-feira,07:40:00,SC,116,"48,2",PAPANDUVA,Manobra de mudança de faixa,Tombamento,Com Vítimas Feridas,Pleno dia,Decrescente,Nublado,Simples,Reta;Declive,Não,4,0,1,0,1,3,1,5,-26.364953,-50.120688,SPRF-SC,DEL06-SC,UOP01-DEL06-SC,2025
"669690,0",2025-03-26,quarta-feira,06:30:00,SC,470,"270,5",CURITIBANOS,Demais falhas na via,Tombamento,Com Vítimas Feridas,Amanhecer,Crescente,Nevoeiro/Neblina,Simples,Reta,Não,2,0,0,1,0,1,1,2,-27.31870459,-50.76833725,SPRF-SC,DEL07-SC,UOP06-DEL07-SC,2025
"669710,0",2025-03-26,quarta-feira,14:30:00,SC,101,"205,0",SAO JOSE,Ausência de reação do condutor,Colisão lateral mesmo sentido,Com Vítimas Feridas,Pleno dia,Decrescente,Céu Claro,Múltipla,Reta,Não,2,0,1,0,1,0,1,2,-27.58209415,-48.61478627,SPRF-SC,DEL01-SC,UOP01-DEL01-SC,2025
"669726,0",2025-03-26,quarta-feira,16:50:00,SC,101,"216,5",PALHOCA,Manobra de mudança de faixa,Colisão transversal,Com Vítimas Feridas,Pleno dia,Decrescente,Céu Claro,Múltipla,Interseção de Vias,Não,3,0,0,1,1,1,1,3,-27.664041,-48.675199,SPRF-SC,DEL01-SC,UOP02-DEL01-SC,2025
"669787,0",2025-03-27,quinta-feira,00:20:00,SC,101,"112,0",NAVEGANTES,Reação tardia ou ineficiente do condutor,Colisão traseira,Com Vítimas Feridas,Plena Noite,Decrescente,Céu Claro,Dupla,Reta,Sim,2,0,0,1,1,0,1,2,-26.84282019,-48.7174505,SPRF-SC,DEL04-SC,UOP04-DEL04-SC,2025
"669805,0",2025-03-27,quinta-feira,06:40:00,SC,101,"357,0",SANGAO,Ausência de reação do condutor,Saída de leito carroçável,Com Vítimas Feridas,Amanhecer,Decrescente,Céu Claro,Dupla,Curva,Não,2,0,1,0,0,1,1,2,-28.63990759,-49.09891779,SPRF-SC,DEL02-SC,UOP01-DEL02-SC,2025
"669865,0",2025-03-27,quinta-feira,12:27:00,SC,470,"64,0",INDAIAL,Ausência de reação do condutor,Colisão traseira,Com Vítimas Feridas,Pleno dia,Crescente,Céu Claro,Simples,Curva,Não,7,0,3,1,2,1,4,5,-26.87150665,-49.19751227,SPRF-SC,DEL04-SC,UOP01-DEL04-SC,2025
"669895,0",2025-03-27,quinta-feira,16:00:00,SC,282,"57,0",RANCHO QUEIMADO,Ausência de reação do condutor,Saída de leito carroçável,Com Vítimas Feridas,Pleno dia,Decrescente,Céu Claro,Simples,Reta,Não,1,0,1,0,0,0,1,1,-27.68150353,-49.00577892,SPRF-SC,DEL01-SC,UOP03-DEL01-SC,2025
"669908,0",2025-03-27,quinta-feira,16:50:00,SC,470,"139,6",RIO DO SUL,Ingestão de álcool pelo condutor,Colisão transversal,Com Vítimas Feridas,Pleno dia,Crescente,Nublado,Múltipla,Rotatória,Sim,4,0,1,0,2,1,1,3,-27.20195652,-49.63402217,SPRF-SC,DEL04-SC,UOP02-DEL04-SC,2025
"669933,0",2025-03-27,quinta-feira,17:00:00,SC,101,"384,0",ICARA,Velocidade Incompatível,Tombamento,Com Vítimas Feridas,Anoitecer,Decrescente,Céu Claro,Simples,Curva;Aclive;Retorno Regulamentado,Não,2,0,1,0,0,1,1,2,-28.77698812,-49.31784153,SPRF-SC,DEL02-SC,UOP02-DEL02-SC,2025
"669946,0",2025-03-27,quinta-feira,18:30:00,SC,470,"86,0",RODEIO,Condutor Dormindo,Colisão transversal,Com Vítimas Feridas,Plena Noite,Crescente,Céu Claro,Simples,Curva,Não,2,0,0,1,1,0,1,2,-26.94811534,-49.36608911,SPRF-SC,DEL04-SC,UOP01-DEL04-SC,2025
"669967,0",2025-03-27,quinta-feira,22:40:00,SC,101,"26,0",JOINVILLE,Ingestão de álcool pelo condutor,Colisão traseira,Sem Vítimas,Plena Noite,Crescente,Nublado,Múltipla,Reta,Sim,2,0,0,0,2,0,0,2,-26.19861188,-48.91267776,SPRF-SC,DEL03-SC,UOP01-DEL03-SC,2025