id,data_inversa,dia_semana,horario,uf,br,km,municipio,causa_acidente,tipo_acidente,classificacao_acidente,fase_dia,sentido_via,condicao_metereologica,tipo_pista,tracado_via,uso_solo,pessoas,mortos,feridos_leves,feridos_graves,ilesos,ignorados,feridos,veiculos,latitude,longitude,regional,delegacia,uop,ano_arquivo
"669993,0",2025-03-28,sexta-feira,03:15:00,SC,116,"120,0",SANTA CECILIA,Ingestão de álcool pelo condutor,Colisão transversal,Sem Vítimas,Plena Noite,Decrescente,Céu Claro,Simples,Reta,Sim,3,0,0,0,2,1,0,3,-26.82724,-50.37585,SPRF-SC,DEL06-SC,UOP02-DEL06-SC,2025
"669997,0",2025-03-28,sexta-feira,04:00:00,SC,101,"208,8",SAO JOSE,Reação tardia ou ineficiente do condutor,Colisão traseira,Sem Vítimas,Plena Noite,Decrescente,Céu Claro,Múltipla,Reta,Sim,4,0,0,0,2,2,0,4,-27.60887,-48.63777,SPRF-SC,DEL01-SC,UOP01-DEL01-SC,2025
"670020,0",2025-03-27,quinta-feira,19:00:00,SC,470,"67,0",INDAIAL,Acessar a via sem observar a presença dos outros veículos,Colisão transversal,Com Vítimas Feridas,Plena Noite,Decrescente,Nevoeiro/Neblina,Simples,Reta;Rotatória,Não,4,0,1,0,3,0,1,3,-26.87015722,-49.22658741,SPRF-SC,DEL04-SC,UOP01-DEL04-SC,2025
"670050,0",2025-02-18,terça-feira,15:40:00,SC,116,"105,0",MONTE CASTELO,Ultrapassagem Indevida,Colisão frontal,Com Vítimas Feridas,Pleno dia,Crescente,Chuva,Simples,Curva,Não,5,0,1,0,3,1,1,5,-26.75095005,-50.31749478,SPRF-SC,DEL06-SC,UOP02-DEL06-SC,2025
"670138,0",2025-03-28,sexta-feira,14:30:00,SC,116,"267,7",CAPAO ALTO,Demais falhas mecânicas ou elétricas,Tombamento,Com Vítimas Feridas,Pleno dia,Decrescente,Nublado,Simples,Interseção de Vias;Rotatória;Curva,Não,1,0,1,0,0,0,1,1,-27.95658089,-50.48427874,SPRF-SC,DEL05-SC,UOP02-DEL05-SC,2025
"670163,0",2025-03-28,sexta-feira,19:30:00,SC,101,"78,0",ARAQUARI,Manobra de mudança de faixa,Colisão traseira,Sem Vítimas,Plena Noite,Crescente,Céu Claro,Dupla,Reta,Não,3,0,0,0,2,1,0,3,-26.55168386,-48.71652061,SPRF-SC,DEL03-SC,UOP02-DEL03-SC,2025
"670236,0",2025-03-29,sábado,03:30:00,SC,470,"85,6",RODEIO,Ingestão de álcool pelo condutor,Colisão traseira,Sem Vítimas,Pleno dia,Decrescente,Céu Claro,Simples,Reta,Sim,3,0,0,0,2,1,0,3,-26.951546,-49.354561,SPRF-SC,DEL04-SC,UOP01-DEL04-SC,2025
"670243,0",2025-03-29,sábado,05:30:00,SC,101,"137,0",BALNEARIO CAMBORIU,Ausência de reação do condutor,Colisão traseira,Sem Vítimas,Amanhecer,Decrescente,Céu Claro,Múltipla,Reta,Sim,3,0,0,0,1,2,0,3,-27.01631377,-48.61139059,SPRF-SC,DEL04-SC,UOP03-DEL04-SC,2025
"670333,0",2025-03-29,sábado,15:20:00,SC,480,"128,7",CHAPECO,Reação tardia ou ineficiente do condutor,Tombamento,Com Vítimas Feridas,Pleno dia,Crescente,Garoa/Chuvisco,Dupla,Declive;Curva,Não,2,0,0,1,0,1,1,2,-27.04418166,-52.63620615,SPRF-SC,DEL07-SC,UOP01-DEL07-SC,2025
"670335,0",2025-03-29,sábado,13:30:00,SC,282,"443,6",PONTE SERRADA,Acumulo de água sobre o pavimento,Colisão lateral sentido oposto,Com Vítimas Feridas,Pleno dia,Crescente,Chuva,Simples,Reta;Aclive,Não,8,0,3,0,4,1,3,4,-26.91926,-51.88567,SPRF-SC,DEL07-SC,UOP04-DEL07-SC,2025
"670338,0",2025-03-29,sábado,12:05:00,SC,282,"640,1",DESCANSO,Transitar na contramão,Colisão frontal,Com Vítimas Fatais,Pleno dia,Decrescente,Nublado,Simples,Curva;Declive,Não,2,1,0,0,1,0,0,2,-26.78592054,-53.45886178,SPRF-SC,DEL07-SC,UOP03-DEL07-SC,2025
"670374,0",2025-03-29,sábado,19:45:00,SC,470,"164,5",TROMBUDO CENTRAL,Conversão proibida,Colisão frontal,Com Vítimas Feridas,Plena Noite,Crescente,Céu Claro,Simples,Interseção de Vias,Não,6,0,3,1,2,0,4,2,-27.27651471,-49.84374577,SPRF-SC,DEL04-SC,UOP02-DEL04-SC,2025
"670475,0",2025-03-30,domingo,06:00:00,SC,280,"226,0",TRES BARRAS,Ausência de reação do condutor,Colisão com objeto,Sem Vítimas,Amanhecer,Crescente,Céu Claro,Simples,Reta,Não,2,0,0,0,2,0,0,2,-26.18515103,-50.34720008,SPRF-SC,DEL06-SC,UOP04-DEL06-SC,2025
"670477,0",2025-03-30,domingo,06:05:00,SC,280,"51,5",GUARAMIRIM,Conversão proibida,Colisão transversal,Com Vítimas Feridas,Amanhecer,Crescente,Céu Claro,Dupla,Reta,Não,2,0,1,0,1,0,1,2,-26.46724472,-48.96085912,SPRF-SC,DEL03-SC,UOP03-DEL03-SC,2025
"670515,0",2025-03-30,domingo,12:30:00,SC,101,"108,1",PENHA,Velocidade Incompatível,Saída de leito carroçável,Com Vítimas Feridas,Pleno dia,Crescente,Sol,Dupla,Declive;Curva,Não,2,0,1,0,0,1,1,2,-26.82761998,-48.69176919,SPRF-SC,DEL03-SC,UOP02-DEL03-SC,2025
"670527,0",2025-03-30,domingo,12:20:00,SC,282,"454,0",PONTE SERRADA,Conversão proibida,Colisão transversal,Com Vítimas Feridas,Pleno dia,Decrescente,Céu Claro,Simples,Reta,Não,3,0,1,0,2,0,1,3,-26.89256068,-51.98402837,SPRF-SC,DEL07-SC,UOP04-DEL07-SC,2025
"670579,0",2025-03-30,domingo,18:30:00,SC,280,"3,0",SAO FRANCISCO DO SUL,Transitar na contramão,Colisão lateral sentido oposto,Sem Vítimas,Plena Noite,Crescente,Nublado,Simples,Reta,Não,3,0,0,0,1,3,0,4,-26.245652,-48.615331,SPRF-SC,DEL03-SC,UOP03-DEL03-SC,2025
"670581,0",2025-03-01,sábado,11:00:00,SC,280,"206,8",MAFRA,Condutor Dormindo,Colisão frontal,Com Vítimas Feridas,Pleno dia,Decrescente,Céu Claro,Simples,Reta,Não,14,0,5,3,5,3,8,8,-26.16309284,-50.13753533,SPRF-SC,DEL06-SC,UOP01-DEL06-SC,2025
"670596,0",2025-03-30,domingo,19:20:00,SC,282,"641,5",SAO MIGUEL DO OESTE,Ingestão de álcool pelo condutor,Colisão lateral sentido oposto,Com Vítimas Feridas,Plena Noite,Decrescente,Céu Claro,Múltipla,Reta,Não,2,0,1,0,1,0,1,2,-26.77330142,-53.46069367,SPRF-SC,DEL07-SC,UOP03-DEL07-SC,2025
"670609,0",2025-03-30,domingo,12:50:00,SC,280,"114,0",SAO BENTO DO SUL,Acessar a via sem observar a presença dos outros veículos,Atropelamento de Pedestre,Com Vítimas Feridas,Pleno dia,Decrescente,Céu Claro,Simples,Reta,Não,3,0,0,1,1,2,1,4,-26.30018644,-49.39796448,SPRF-SC,DEL06-SC,UOP03-DEL06-SC,2025
"670625,0",2025-03-30,domingo,21:30:00,SC,101,"101,6",BALNEARIO PICARRAS,Estacionar ou parar em local proibido,Colisão traseira,Com Vítimas Feridas,Plena Noite,Decrescente,Céu Claro,Dupla,Reta,Sim,3,0,0,1,1,1,1,3,-26.77893254,-48.68458807,SPRF-SC,DEL03-SC,UOP02-DEL03-SC,2025
"670680,0",2025-03-31,segunda-feira,06:45:00,SC,101,"371,0",ICARA,Ausência de reação do condutor,Colisão lateral mesmo sentido,Com Vítimas Feridas,Amanhecer,Crescente,Céu Claro,Dupla,Reta,Não,2,0,1,0,0,1,1,2,-28.7139,-49.219,SPRF-SC,DEL02-SC,UOP01-DEL02-SC,2025
"670693,0",2025-02-24,segunda-feira,19:30:00,SC,116,"187,4",SAO CRISTOVAO DO SUL,Transitar na contramão,Colisão frontal,Com Vítimas Fatais,Plena Noite,Crescente,Céu Claro,Simples,Reta,Não,5,2,2,0,1,0,2,2,-27.32311063,-50.42296235,SPRF-SC,DEL05-SC,UOP03-DEL05-SC,2025
"670762,0",2025-03-27,quinta-feira,23:00:00,SC,470,"81,0",RODEIO,Demais falhas na via,Tombamento,Sem Vítimas,Plena Noite,Decrescente,Céu Claro,Simples,Declive;Curva,Não,2,0,0,0,1,1,0,2,-26.95034012,-49.35597852,SPRF-SC,DEL04-SC,UOP01-DEL04-SC,2025
"670774,0",2025-03-31,segunda-feira,14:30:00,SC,101,"205,1",SAO JOSE,Ausência de reação do condutor,Colisão traseira,Com Vítimas Fatais,Pleno dia,Crescente,Céu Claro,Múltipla,Reta,Sim,7,1,1,2,2,2,3,7,-27.58389336,-48.61553008,SPRF-SC,DEL01-SC,UOP01-DEL01-SC,2025
"670881,0",2025-04-01,terça-feira,08:00:00,SC,101,"362,3",SANGAO,Reação tardia ou ineficiente do condutor,Colisão traseira,Com Vítimas Feridas,Pleno dia,Decrescente,Céu Claro,Dupla,Aclive;Reta,Não,3,0,1,0,1,1,1,3,-28.67778709,-49.13605213,SPRF-SC,DEL02-SC,UOP01-DEL02-SC,2025
"670909,0",2025-02-12,quarta-feira,11:51:00,SC,280,"26,0",ARAQUARI,Ultrapassagem Indevida,Colisão lateral mesmo sentido,Com Vítimas Feridas,Pleno dia,Decrescente,Céu Claro,Simples,Reta,Sim,5,0,1,0,4,0,1,5,-26.3946375,-48.73844147,SPRF-SC,DEL03-SC,UOP03-DEL03-SC,2025
"670984,0",2025-04-01,terça-feira,09:00:00,SC,282,"85,9",ALFREDO WAGNER,Demais falhas mecânicas ou elétricas,Saída de leito carroçável,Com Vítimas Feridas,Pleno dia,Crescente,Céu Claro,Simples,Curva,Sim,1,0,1,0,0,0,1,1,-27.66414498,-49.2002964,SPRF-SC,DEL01-SC,UOP03-DEL01-SC,2025
"670987,0",2025-04-01,terça-feira,19:25:00,SC,282,"215,0",LAGES,Ausência de reação do condutor,Colisão frontal,Com Vítimas Feridas,Plena Noite,Decrescente,Nublado,Simples,Reta,Sim,3,0,1,1,1,0,2,2,-27.79288302,-50.27996063,SPRF-SC,DEL05-SC,UOP01-DEL05-SC,2025
"670988,0",2025-04-01,terça-feira,17:30:00,SC,116,"148,2",BOM RETIRO,Reação tardia ou ineficiente do condutor,Colisão lateral sentido oposto,Com Vítimas Feridas,Pleno dia,Crescente,Céu Claro,Simples,Reta;Aclive,Não,2,0,1,0,1,0,1,2,-27.77946,-49.650673,SPRF-SC,DEL06-SC,UOP02-DEL06-SC,2025
"671110,0",2025-04-02,quarta-feira,15:30:00,SC,101,"207,0",SAO JOSE,Reação tardia ou ineficiente do condutor,Colisão traseira,Com Vítimas Feridas,Pleno dia,Crescente,Nublado,Múltipla,Reta,Sim,2,0,0,1,1,0,1,2,-27.6011,-48.6242,SPRF-SC,DEL01-SC,UOP01-DEL01-SC,2025
"671150,0",2025-04-02,quarta-feira,19:00:00,SC,101,"195,0",BIGUACU,Ausência de reação do condutor,Colisão traseira,Com Vítimas Feridas,Pleno dia,Decrescente,Céu Claro,Múltipla,Reta,Sim,2,0,0,1,1,0,1,2,-27.50529201,-48.64932407,SPRF-SC,DEL01-SC,UOP01-DEL01-SC,2025
"671195,0",2025-04-02,quarta-feira,22:40:00,SC,101,"138,8",BALNEARIO CAMBORIU,Manobra de mudança de faixa,Colisão lateral mesmo sentido,Com Vítimas Feridas,Plena Noite,Crescente,Chuva,Dupla,Reta,Sim,4,0,2,0,2,0,2,2,-27.04783621,-48.59990889,SPRF-SC,DEL04-SC,UOP03-DEL04-SC,2025
"671207,0",2025-04-02,quarta-feira,22:55:00,SC,101,"449,8",SAO JOAO DO SUL,Reação tardia ou ineficiente do condutor,Colisão traseira,Com Vítimas Feridas,Plena Noite,Crescente,Chuva,Múltipla,Reta,Não,6,0,2,2,1,1,4,3,-29.177525,-49.753333,SPRF-SC,DEL02-SC,UOP02-DEL02-SC,2025
"671211,0",2025-04-03,quinta-feira,03:50:00,SC,101,"213,0",PALHOCA,Estacionar ou parar em local proibido,Colisão traseira,Com Vítimas Feridas,Plena Noite,Crescente,Nublado,Múltipla,Reta,Sim,3,0,1,0,1,1,1,3,-27.645673,-48.671709,SPRF-SC,DEL01-SC,UOP02-DEL01-SC,2025
"671284,0",2025-04-03,quinta-feira,10:45:00,SC,101,"167,6",TIJUCAS,Transitar no Acostamento,Atropelamento de Pedestre,Com Vítimas Feridas,Pleno dia,Decrescente,Nublado,Dupla,Reta,Sim,2,0,0,1,1,0,1,2,-27.27332,-48.63141,SPRF-SC,DEL04-SC,UOP03-DEL04-SC,2025
"671339,0",2025-04-03,quinta-feira,18:40:00,SC,282,"23,2",SANTO AMARO DA IMPERATRIZ,Condutor deixou de manter distância do veículo da frente,Colisão traseira,Sem Vítimas,Anoitecer,Decrescente,Chuva,Simples,Reta,Sim,2,0,0,0,2,0,0,2,-27.686161,-48.74063,SPRF-SC,DEL01-SC,UOP02-DEL01-SC,2025
"671383,0",2025-04-03,quinta-feira,20:20:00,SC,470,"72,0",INDAIAL,Ausência de reação do condutor,Saída de leito carroçável,Com Vítimas Feridas,Plena Noite,Crescente,Garoa/Chuvisco,Dupla,Reta,Sim,1,0,0,1,0,0,1,1,-26.90273521,-49.26970661,SPRF-SC,DEL04-SC,UOP01-DEL04-SC,2025
"671406,0",2025-04-04,sexta-feira,02:30:00,SC,101,"88,0",BARRA VELHA,Demais falhas mecânicas ou elétricas,Colisão lateral mesmo sentido,Com Vítimas Feridas,Plena Noite,Crescente,Garoa/Chuvisco,Múltipla,Reta,Sim,4,0,1,0,2,1,1,3,-26.64960143,-48.6869734,SPRF-SC,DEL03-SC,UOP02-DEL03-SC,2025
"671458,0",2025-03-24,segunda-feira,16:25:00,SC,101,"328,9",TUBARAO,Condutor deixou de manter distância do veículo da frente,Colisão traseira,Com Vítimas Feridas,Pleno dia,Crescente,Nublado,Dupla,Reta;Desvio Temporário,Sim,4,0,0,1,3,0,1,4,-28.4509346,-48.97298271,SPRF-SC,DEL02-SC,UOP01-DEL02-SC,2025
"671480,0",2025-04-04,sexta-feira,11:50:00,SC,101,"207,0",SAO JOSE,Ausência de reação do condutor,Colisão traseira,Com Vítimas Feridas,Pleno dia,Crescente,Nublado,Múltipla,Reta;Aclive,Sim,2,0,1,0,1,0,1,2,-27.6022377,-48.62911094,SPRF-SC,DEL01-SC,UOP01-DEL01-SC,2025
"671493,0",2025-04-04,sexta-feira,12:20:00,SC,470,"7,0",NAVEGANTES,Trafegar com motocicleta (ou similar) entre as faixas,Colisão lateral mesmo sentido,Com Vítimas Feridas,Pleno dia,Crescente,Nublado,Dupla,Reta,Sim,3,0,0,1,1,1,1,3,-26.84268268,-48.71560097,SPRF-SC,DEL04-SC,UOP04-DEL04-SC,2025
"671547,0",2025-04-04,sexta-feira,14:50:00,SC,470,"163,5",TROMBUDO CENTRAL,Ultrapassagem Indevida,Colisão frontal,Com Vítimas Fatais,Pleno dia,Crescente,Céu Claro,Simples,Reta,Sim,5,2,0,0,2,1,0,3,-27.27882,-49.833156,SPRF-SC,DEL04-SC,UOP02-DEL04-SC,2025
"671640,0",2025-04-05,sábado,00:20:00,SC,101,"12,0",GARUVA,Demais falhas mecânicas ou elétricas,Colisão traseira,Com Vítimas Feridas,Plena Noite,Decrescente,Nublado,Dupla,Reta,Não,3,0,0,1,1,1,1,3,-26.081422,-48.861807,SPRF-SC,DEL03-SC,UOP01-DEL03-SC,2025
"671754,0",2025-04-05,sábado,13:30:00,SC,470,"34,0",GASPAR,Manobra de mudança de faixa,Colisão lateral mesmo sentido,Com Vítimas Feridas,Pleno dia,Crescente,Céu Claro,Dupla,Em Obras;Reta,Não,2,0,2,0,0,0,2,2,-26.91125016,-48.95336151,SPRF-SC,DEL04-SC,UOP01-DEL04-SC,2025
"671850,0",2025-04-05,sábado,18:50:00,SC,470,"248,5",CURITIBANOS,Transitar na contramão,Colisão frontal,Com Vítimas Fatais,Anoitecer,Crescente,Céu Claro,Simples,Curva;Interseção de Vias,Sim,6,1,0,1,3,2,1,5,-27.31455,-50.57177,SPRF-SC,DEL05-SC,UOP03-DEL05-SC,2025
"671885,0",2025-04-06,domingo,03:10:00,SC,101,"422,9",ARARANGUA,Pedestre andava na pista,Atropelamento de Pedestre,Com Vítimas Feridas,Plena Noite,Decrescente,Céu Claro,Múltipla,Reta,Não,3,0,0,1,1,1,1,3,-29.0127404,-49.576344,SPRF-SC,DEL02-SC,UOP02-DEL02-SC,2025
"671952,0",2025-04-06,domingo,12:18:00,SC,101,"29,0",JOINVILLE,Velocidade Incompatível,Tombamento,Com Vítimas Feridas,Pleno dia,Decrescente,Sol,Dupla,Reta,Não,3,0,1,0,1,1,1,3,-26.21773756,-48.91606439,SPRF-SC,DEL03-SC,UOP01-DEL03-SC,2025
"671987,0",2025-04-06,domingo,13:30:00,SC,163,"103,8",SAO JOSE DO CEDRO,Ultrapassagem Indevida,Colisão frontal,Com Vítimas Fatais,Pleno dia,Crescente,Céu Claro,Simples,Curva;Viaduto,Não,2,1,0,0,1,0,0,2,-26.45478286,-53.51043463,SPRF-SC,DEL07-SC,UOP03-DEL07-SC,2025
"672026,0",2025-04-06,domingo,17:25:00,SC,282,"424,3",VARGEM BONITA,Transitar na contramão,Colisão frontal,Com Vítimas Fatais,Pleno dia,Crescente,Céu Claro,Simples,Declive;Curva,Não,3,1,0,0,1,1,0,3,-26.992296,-51.751896,SPRF-SC,DEL07-SC,UOP05-DEL07-SC,2025
"672105,0",2025-04-06,domingo,22:30:00,SC,470,"88,0",ASCURRA,Ausência de reação do condutor,Colisão lateral mesmo sentido,Com Vítimas Feridas,Plena Noite,Crescente,Nublado,Simples,Rotatória,Não,4,0,1,0,2,1,1,4,-26.95510108,-49.37321121,SPRF-SC,DEL04-SC,UOP01-DEL04-SC,2025
"672114,0",2025-04-07,segunda-feira,06:45:00,SC,282,"87,0",ALFREDO WAGNER,Velocidade Incompatível,Colisão lateral sentido oposto,Com Vítimas Feridas,Amanhecer,Crescente,Chuva,Simples,Aclive;Curva,Não,2,0,1,0,1,0,1,2,-27.665042,-49.206128,SPRF-SC,DEL01-SC,UOP03-DEL01-SC,2025
"672127,0",2025-04-07,segunda-feira,07:50:00,SC,101,"201,7",SAO JOSE,Manobra de mudança de faixa,Tombamento,Com Vítimas Feridas,Pleno dia,Crescente,Chuva,Múltipla,Reta,Sim,3,0,1,1,0,1,2,2,-27.55361296,-48.61947276,SPRF-SC,DEL01-SC,UOP01-DEL01-SC,2025
"672152,0",2025-04-07,segunda-feira,07:00:00,SC,470,"104,0",APIUNA,Velocidade Incompatível,Saída de leito carroçável,Com Vítimas Feridas,Pleno dia,Crescente,Chuva,Simples,Curva,Não,1,0,0,1,0,0,1,1,-27.061583,-49.413956,SPRF-SC,DEL04-SC,UOP02-DEL04-SC,2025
"672165,0",2025-04-07,segunda-feira,12:30:00,SC,101,"139,0",BALNEARIO CAMBORIU,Demais falhas mecânicas ou elétricas,Incêndio,Sem Vítimas,Pleno dia,Crescente,Sol,Dupla,Reta,Sim,1,0,0,0,1,0,0,1,-27.03623536,-48.60064566,SPRF-SC,DEL04-SC,UOP03-DEL04-SC,2025
"672185,0",2025-04-07,segunda-feira,07:30:00,SC,282,"54,2",RANCHO QUEIMADO,Velocidade Incompatível,Colisão frontal,Com Vítimas Feridas,Pleno dia,Crescente,Chuva,Simples,Curva,Não,3,0,1,0,2,0,1,2,-27.6872695,-49.00099017,SPRF-SC,DEL01-SC,UOP03-DEL01-SC,2025
"672201,0",2025-04-07,segunda-feira,14:30:00,SC,282,"249,8",VARGEM,Ultrapassagem Indevida,Colisão frontal,Com Vítimas Feridas,Pleno dia,Decrescente,Nublado,Simples,Reta,Não,3,0,1,0,2,0,1,3,-27.52497646,-50.88307813,SPRF-SC,DEL05-SC,UOP02-DEL05-SC,2025
"672372,0",2025-04-08,terça-feira,13:00:00,SC,101,"298,0",LAGUNA,Manobra de mudança de faixa,Colisão traseira,Com Vítimas Feridas,Pleno dia,Crescente,Chuva,Dupla,Reta,Não,3,0,1,0,2,0,1,2,-28.350748,-48.739483,SPRF-SC,DEL02-SC,UOP03-DEL02-SC,2025
"672429,0",2025-04-08,terça-feira,15:05:00,SC,116,"20,9",ITAIOPOLIS,Ausência de reação do condutor,Engavetamento,Com Vítimas Fatais,Pleno dia,Crescente,Chuva,Simples,Reta,Não,15,3,2,5,3,2,7,9,-26.249338,-49.907247,SPRF-SC,DEL06-SC,UOP01-DEL06-SC,2025
"672442,0",2025-04-08,terça-feira,21:00:00,SC,282,"36,0",AGUAS MORNAS,Reação tardia ou ineficiente do condutor,Colisão lateral sentido oposto,Com Vítimas Feridas,Plena Noite,Crescente,Chuva,Simples,Aclive;Reta,Não,2,0,1,0,1,0,1,2,-27.704272,-48.837718,SPRF-SC,DEL01-SC,UOP03-DEL01-SC,2025
"672449,0",2025-03-23,domingo,18:50:00,SC,116,"86,2",MONTE CASTELO,Transitar na contramão,Colisão frontal,Com Vítimas Fatais,Plena Noite,Decrescente,Chuva,Simples,Reta,Não,2,1,0,0,1,0,0,2,-26.611012,-50.229744,SPRF-SC,DEL06-SC,UOP02-DEL06-SC,2025
"672470,0",2025-04-09,quarta-feira,03:55:00,SC,101,"11,1",GARUVA,Avarias e/ou desgaste excessivo no pneu,Incêndio,Sem Vítimas,Plena Noite,Decrescente,Céu Claro,Dupla,Reta,Não,2,0,0,0,1,2,0,3,-26.08977994,-48.8627243,SPRF-SC,DEL03-SC,UOP01-DEL03-SC,2025
"672487,0",2025-03-24,segunda-feira,13:30:00,SC,153,"81,8",IRANI,Problema com o freio,Colisão traseira,Com Vítimas Feridas,Pleno dia,Crescente,Nublado,Simples,Curva;Declive,Não,3,0,1,2,0,0,3,3,-27.11988806,-51.92783737,SPRF-SC,DEL07-SC,UOP04-DEL07-SC,2025
"672491,0",2025-04-09,quarta-feira,08:05:00,SC,101,"199,0",SAO JOSE,Acessar a via sem observar a presença dos outros veículos,Colisão lateral mesmo sentido,Com Vítimas Feridas,Pleno dia,Crescente,Sol,Dupla,Reta,Sim,2,0,0,1,1,0,1,2,-27.5320663,-48.6319468,SPRF-SC,DEL01-SC,UOP01-DEL01-SC,2025
"672535,0",2025-04-09,quarta-feira,10:55:00,SC,282,"331,7",CAMPOS NOVOS,Mal súbito do condutor,Colisão lateral sentido oposto,Com Vítimas Feridas,Pleno dia,Crescente,Céu Claro,Simples,Reta,Não,2,0,1,0,1,0,1,2,-27.39066856,-51.1259079,SPRF-SC,DEL07-SC,UOP06-DEL07-SC,2025
"672554,0",2025-04-04,sexta-feira,09:50:00,SC,282,"216,4",LAGES,Acessar a via sem observar a presença dos outros veículos,Colisão lateral mesmo sentido,Com Vítimas Feridas,Pleno dia,Crescente,Nublado,Simples,Reta,Sim,3,0,1,0,2,0,1,2,-27.79760951,-50.29417634,SPRF-SC,DEL05-SC,UOP01-DEL05-SC,2025
"672569,0",2025-03-24,segunda-feira,23:20:00,SC,470,"68,0",INDAIAL,Ingestão de álcool pelo condutor,Colisão traseira,Sem Vítimas,Plena Noite,Crescente,Céu Claro,Simples,Reta;Aclive,Sim,2,0,0,0,1,1,0,2,-26.87431607,-49.23462868,SPRF-SC,DEL04-SC,UOP01-DEL04-SC,2025
"672587,0",2025-04-09,quarta-feira,15:55:00,SC,470,"111,4",APIUNA,Reação tardia ou ineficiente do condutor,Colisão lateral sentido oposto,Com Vítimas Feridas,Pleno dia,Decrescente,Céu Claro,Simples,Curva;Declive,Não,2,0,0,1,1,0,1,2,-27.09920264,-49.46177244,SPRF-SC,DEL04-SC,UOP02-DEL04-SC,2025
"672589,0",2025-04-09,quarta-feira,16:45:00,SC,470,"58,4",BLUMENAU,Trafegar com motocicleta (ou similar) entre as faixas,Colisão traseira,Com Vítimas Fatais,Pleno dia,Crescente,Céu Claro,Simples,Reta,Sim,4,1,0,0,2,1,0,4,-26.8841266,-49.1495,SPRF-SC,DEL04-SC,UOP01-DEL04-SC,2025
"672591,0",2025-04-09,quarta-feira,17:30:00,SC,101,"20,5",BIGUACU,Acessar a via sem observar a presença dos outros veículos,Colisão transversal,Com Vítimas Feridas,Anoitecer,Crescente,Céu Claro,Simples,Rotatória,Sim,3,0,1,0,2,0,1,2,-27.49461959,-48.7150293,SPRF-SC,DEL01-SC,UOP02-DEL01-SC,2025
"672593,0",2025-04-09,quarta-feira,13:05:00,SC,116,"107,0",MONTE CASTELO,Velocidade Incompatível,Saída de leito carroçável,Sem Vítimas,Pleno dia,Decrescente,Nublado,Simples,Reta,Não,2,0,0,0,1,1,0,2,-26.75474849,-50.32435656,SPRF-SC,DEL06-SC,UOP02-DEL06-SC,2025
"672600,0",2025-04-09,quarta-feira,15:40:00,SC,101,"36,0",JOINVILLE,Condutor deixou de manter distância do veículo da frente,Colisão traseira,Com Vítimas Feridas,Pleno dia,Crescente,Chuva,Dupla,Reta,Sim,4,0,1,0,2,1,1,4,-26.27584794,-48.89327265,SPRF-SC,DEL03-SC,UOP01-DEL03-SC,2025
"672631,0",2025-04-09,quarta-feira,20:05:00,SC,158,"106,0",CUNHA PORA,Transitar na contramão,Colisão frontal,Com Vítimas Feridas,Plena Noite,Crescente,Céu Claro,Simples,Reta,Não,4,0,0,1,1,2,1,4,-26.86470108,-53.1643176,SPRF-SC,DEL07-SC,UOP02-DEL07-SC,2025
"672723,0",2025-03-31,segunda-feira,23:40:00,SC,153,"45,0",VARGEM BONITA,Demais falhas mecânicas ou elétricas,Incêndio,Sem Vítimas,Plena Noite,Crescente,Céu Claro,Simples,Reta,Não,2,0,0,0,1,1,0,2,-26.900429,-51.77187,SPRF-SC,DEL07-SC,UOP07-DEL07-SC,2025
"672861,0",2025-04-11,sexta-feira,02:40:00,SC,101,"57,8",ARAQUARI,Velocidade Incompatível,Colisão com objeto,Com Vítimas Fatais,Plena Noite,Crescente,Nublado,Dupla,Reta,Não,4,1,0,0,1,2,0,4,-26.4391,-48.802493,SPRF-SC,DEL03-SC,UOP01-DEL03-SC,2025
"672920,0",2025-04-11,sexta-feira,10:30:00,SC,101,"148,0",ITAPEMA,Ausência de reação do condutor,Colisão lateral mesmo sentido,Com Vítimas Feridas,Pleno dia,Crescente,Nublado,Múltipla,Reta,Sim,2,0,0,1,1,0,1,2,-27.10268224,-48.61768657,SPRF-SC,DEL04-SC,UOP03-DEL04-SC,2025
"672931,0",2025-04-11,sexta-feira,11:25:00,SC,101,"54,9",JOINVILLE,Manobra de mudança de faixa,Colisão traseira,Com Vítimas Feridas,Pleno dia,Crescente,Chuva,Múltipla,Reta,Não,3,0,0,1,2,0,1,3,-26.2111232,-48.9160706,SPRF-SC,DEL03-SC,UOP01-DEL03-SC,2025
"672943,0",2025-04-11,sexta-feira,11:30:00,SC,101,"44,2",JOINVILLE,Chuva,Colisão traseira,Sem Vítimas,Pleno dia,Decrescente,Chuva,Dupla,Reta,Não,2,0,0,0,2,0,0,2,-26.1903084,-48.9121458,SPRF-SC,DEL03-SC,UOP01-DEL03-SC,2025
"673022,0",2025-04-11,sexta-feira,20:05:00,SC,101,"123,5",ITAJAI,Acessar a via sem observar a presença dos outros veículos,Colisão lateral mesmo sentido,Com Vítimas Fatais,Plena Noite,Crescente,Nublado,Dupla,Ponte;Reta;Em Obras,Sim,3,1,0,0,1,1,0,3,-26.940098,-48.695342,SPRF-SC,DEL04-SC,UOP04-DEL04-SC,2025
"673056,0",2025-04-11,sexta-feira,22:40:00,SC,282,"490,6",FAXINAL DOS GUEDES,Transitar na contramão,Colisão lateral sentido oposto,Com Vítimas Feridas,Plena Noite,Decrescente,Céu Claro,Simples,Curva,Não,4,0,0,1,2,1,1,3,-26.8665138,-52.27229811,SPRF-SC,DEL07-SC,UOP01-DEL07-SC,2025