id,data_inversa,dia_semana,horario,uf,br,km,municipio,causa_acidente,tipo_acidente,classificacao_acidente,fase_dia,sentido_via,condicao_metereologica,tipo_pista,tracado_via,uso_solo,pessoas,mortos,feridos_leves,feridos_graves,ilesos,ignorados,feridos,veiculos,latitude,longitude,regional,delegacia,uop,ano_arquivo
"673092,0",2025-04-12,sábado,04:00:00,SC,101,"136,0",BALNEARIO CAMBORIU,Reação tardia ou ineficiente do condutor,Colisão com objeto,Com Vítimas Feridas,Plena Noite,Crescente,Céu Claro,Dupla,Curva,Sim,4,0,2,0,1,1,2,3,-27.01000168,-48.61525968,SPRF-SC,DEL04-SC,UOP03-DEL04-SC,2025
"673151,0",2025-04-12,sábado,10:55:00,SC,101,"196,0",BIGUACU,Reação tardia ou ineficiente do condutor,Colisão lateral mesmo sentido,Com Vítimas Feridas,Pleno dia,Crescente,Céu Claro,Dupla,Reta,Sim,3,0,0,1,1,1,1,3,-27.512,-48.642,SPRF-SC,DEL01-SC,UOP01-DEL01-SC,2025
"673173,0",2025-04-12,sábado,12:30:00,SC,280,"7,6",SAO FRANCISCO DO SUL,Acessar a via sem observar a presença dos outros veículos,Colisão lateral mesmo sentido,Com Vítimas Feridas,Pleno dia,Decrescente,Nublado,Simples,Rotatória;Interseção de Vias,Não,2,0,0,1,1,0,1,2,-26.27648468,-48.64504695,SPRF-SC,DEL03-SC,UOP03-DEL03-SC,2025
"673253,0",2025-04-12,sábado,16:10:00,SC,470,"270,0",BRUNOPOLIS,Velocidade Incompatível,Saída de leito carroçável,Com Vítimas Feridas,Pleno dia,Decrescente,Céu Claro,Simples,Reta,Não,2,0,1,0,0,2,1,3,-27.32175486,-50.77537537,SPRF-SC,DEL07-SC,UOP06-DEL07-SC,2025
"673465,0",2025-04-13,domingo,16:15:00,SC,101,"190,8",BIGUACU,Chuva,Colisão com objeto,Com Vítimas Fatais,Pleno dia,Decrescente,Chuva,Dupla,Curva,Sim,7,1,1,3,2,0,4,2,-27.476775,-48.64064,SPRF-SC,DEL01-SC,UOP01-DEL01-SC,2025
"673641,0",2025-04-14,segunda-feira,11:10:00,SC,280,"193,1",MAFRA,Transitar na contramão,Colisão frontal,Com Vítimas Fatais,Pleno dia,Crescente,Céu Claro,Simples,Aclive;Reta,Não,4,1,0,0,2,2,0,5,-26.1772775,-50.0076781,SPRF-SC,DEL06-SC,UOP01-DEL06-SC,2025
"673674,0",2025-04-14,segunda-feira,13:05:00,SC,282,"111,4",SAO BENTO DO SUL,Acessar a via sem observar a presença dos outros veículos,Colisão transversal,Sem Vítimas,Pleno dia,Crescente,Garoa/Chuvisco,Simples,Curva;Interseção de Vias;Declive,Não,4,0,0,0,3,1,0,3,-26.308727,-49.388108,SPRF-SC,DEL01-SC,UOP03-DEL01-SC,2025
"673681,0",2025-04-14,segunda-feira,14:20:00,SC,470,"62,0",BLUMENAU,Acessar a via sem observar a presença dos outros veículos,Colisão transversal,Com Vítimas Feridas,Pleno dia,Decrescente,Nublado,Simples,Reta,Sim,2,0,0,1,1,0,1,2,-26.88179432,-49.16375935,SPRF-SC,DEL04-SC,UOP01-DEL04-SC,2025
"673733,0",2025-04-14,segunda-feira,19:50:00,SC,101,"131,5",CAMBORIU,Condutor deixou de manter distância do veículo da frente,Colisão traseira,Com Vítimas Feridas,Plena Noite,Decrescente,Céu Claro,Dupla,Reta,Sim,3,0,1,0,1,3,1,5,-26.99464,-48.65925,SPRF-SC,DEL04-SC,UOP03-DEL04-SC,2025
"673740,0",2025-04-14,segunda-feira,19:30:00,SC,470,"9,0",ILHOTA,Demais falhas mecânicas ou elétricas,Incêndio,Sem Vítimas,Plena Noite,Decrescente,Nublado,Dupla,Reta,Não,1,0,0,0,1,0,0,1,-26.86373461,-48.81482363,SPRF-SC,DEL04-SC,UOP04-DEL04-SC,2025
"673745,0",2025-04-14,segunda-feira,18:40:00,SC,116,"181,4",SAO CRISTOVAO DO SUL,Transitar na contramão,Colisão frontal,Com Vítimas Fatais,Plena Noite,Decrescente,Nublado,Simples,Curva,Não,3,1,0,0,1,1,0,3,-27.276957,-50.436276,SPRF-SC,DEL05-SC,UOP03-DEL05-SC,2025
"673754,0",2025-04-14,segunda-feira,19:20:00,SC,280,"261,3",CANOINHAS,Ultrapassagem Indevida,Colisão frontal,Com Vítimas Fatais,Anoitecer,Crescente,Céu Claro,Simples,Curva;Aclive,Não,3,1,1,1,0,0,2,2,-26.2618124,-50.6417544,SPRF-SC,DEL06-SC,UOP04-DEL06-SC,2025
"673775,0",2025-04-15,terça-feira,07:05:00,SC,470,"168,0",RIO DO SUL,Ausência de reação do condutor,Saída de leito carroçável,Com Vítimas Feridas,Pleno dia,Crescente,Nublado,Simples,Aclive;Reta,Não,2,0,1,0,0,2,1,3,-27.1722281,-49.5810873,SPRF-SC,DEL04-SC,UOP02-DEL04-SC,2025
"673782,0",2025-04-05,sábado,09:10:00,SC,470,"136,0",RIO DO SUL,Acumulo de areia ou detritos sobre o pavimento,Colisão com objeto,Sem Vítimas,Pleno dia,Crescente,Céu Claro,Simples,Reta,Não,2,0,0,0,1,1,0,2,-27.18533032,-49.60531533,SPRF-SC,DEL04-SC,UOP02-DEL04-SC,2025
"673796,0",2025-04-15,terça-feira,04:30:00,SC,280,"115,4",SAO BENTO DO SUL,Velocidade Incompatível,Tombamento,Com Vítimas Feridas,Plena Noite,Crescente,Céu Claro,Simples,Curva,Sim,2,0,1,0,0,1,1,2,-26.282513,-49.411706,SPRF-SC,DEL06-SC,UOP03-DEL06-SC,2025
"673834,0",2025-04-15,terça-feira,09:30:00,SC,470,"174,0",POUSO REDONDO,Transtornos Mentais (exceto suicidio),Atropelamento de Pedestre,Com Vítimas Feridas,Pleno dia,Crescente,Nublado,Simples,Reta,Sim,2,0,1,0,1,0,1,2,-27.257071,-49.934217,SPRF-SC,DEL04-SC,UOP02-DEL04-SC,2025
"673844,0",2025-04-15,terça-feira,14:00:00,SC,470,"141,0",RIO DO SUL,Condutor deixou de manter distância do veículo da frente,Engavetamento,Com Vítimas Feridas,Pleno dia,Crescente,Céu Claro,Simples,Reta;Declive,Sim,4,0,1,0,2,1,1,4,-27.2070171,-49.6483473,SPRF-SC,DEL04-SC,UOP02-DEL04-SC,2025
"673938,0",2025-04-15,terça-feira,19:30:00,SC,470,"146,0",RIO DO SUL,Acessar a via sem observar a presença dos outros veículos,Colisão transversal,Com Vítimas Feridas,Plena Noite,Crescente,Nublado,Simples,Reta,Não,2,0,1,0,1,0,1,2,-27.242204,-49.688052,SPRF-SC,DEL04-SC,UOP02-DEL04-SC,2025
"673964,0",2025-04-16,quarta-feira,04:10:00,SC,101,"216,5",PALHOCA,Velocidade Incompatível,Colisão transversal,Com Vítimas Feridas,Plena Noite,Crescente,Céu Claro,Múltipla,Reta,Não,3,0,0,1,1,1,1,3,-27.664186,-48.675675,SPRF-SC,DEL01-SC,UOP02-DEL01-SC,2025
"674000,0",2025-04-16,quarta-feira,07:40:00,SC,282,"531,1",CORDILHEIRA ALTA,Transitar na contramão,Colisão lateral sentido oposto,Com Vítimas Feridas,Pleno dia,Crescente,Sol,Simples,Curva,Sim,2,0,0,1,1,0,1,2,-26.992025,-52.609827,SPRF-SC,DEL07-SC,UOP01-DEL07-SC,2025
"674017,0",2025-02-17,segunda-feira,15:20:00,SC,282,"221,8",LAGES,Reação tardia ou ineficiente do condutor,Colisão lateral sentido oposto,Com Vítimas Feridas,Pleno dia,Crescente,Chuva,Simples,Declive;Reta,Não,8,0,4,0,3,3,4,7,-27.796358,-50.343426,SPRF-SC,DEL05-SC,UOP01-DEL05-SC,2025
"678338,0",2025-04-16,quarta-feira,11:45:00,SC,101,"149,9",ITAPEMA,Ausência de reação do condutor,Colisão traseira,Com Vítimas Fatais,Pleno dia,Decrescente,Céu Claro,Dupla,Reta,Sim,2,1,0,0,1,0,0,2,-27.1151,-48.60947,SPRF-SC,DEL04-SC,UOP03-DEL04-SC,2025
"685386,0",2025-04-17,quinta-feira,10:00:00,SC,163,"71,1",SAO MIGUEL DO OESTE,Transitar no Acostamento,Colisão transversal,Com Vítimas Feridas,Pleno dia,Crescente,Céu Claro,Simples,Reta;Declive,Sim,2,0,0,1,1,0,1,2,-26.70880383,-53.51435065,SPRF-SC,DEL07-SC,UOP03-DEL07-SC,2025
"685397,0",2025-04-17,quinta-feira,12:20:00,SC,101,"94,0",BARRA VELHA,Reação tardia ou ineficiente do condutor,Engavetamento,Com Vítimas Feridas,Pleno dia,Crescente,Sol,Múltipla,Declive,Não,7,0,4,0,2,1,4,5,-26.70472872,-48.70058276,SPRF-SC,DEL03-SC,UOP02-DEL03-SC,2025
"685426,0",2025-04-17,quinta-feira,06:30:00,SC,101,"73,7",ARAQUARI,Pedestre cruzava a pista fora da faixa,Atropelamento de Pedestre,Com Vítimas Fatais,Amanhecer,Crescente,Céu Claro,Dupla,Reta,Sim,3,1,0,0,1,1,0,3,-26.5423142,-48.712062,SPRF-SC,DEL03-SC,UOP02-DEL03-SC,2025
"685455,0",2025-04-17,quinta-feira,16:00:00,SC,470,"94,0",APIUNA,Condutor Dormindo,Colisão lateral sentido oposto,Com Vítimas Feridas,Pleno dia,Decrescente,Céu Claro,Simples,Reta,Sim,4,0,1,0,3,0,1,4,-27.03610919,-49.38952357,SPRF-SC,DEL04-SC,UOP01-DEL04-SC,2025
"685458,0",2025-04-17,quinta-feira,16:30:00,SC,480,"125,5",CHAPECO,Desrespeitar a preferência no cruzamento,Colisão transversal,Com Vítimas Feridas,Pleno dia,Decrescente,Sol,Simples,Retorno Regulamentado;Interseção de Vias;Reta;Túnel;Declive,Não,2,0,1,0,1,0,1,2,-27.01550133,-52.63801932,SPRF-SC,DEL07-SC,UOP01-DEL07-SC,2025
"685523,0",2025-04-17,quinta-feira,00:30:00,SC,101,"314,2",LAGUNA,Ultrapassagem Indevida,Colisão traseira,Com Vítimas Feridas,Plena Noite,Crescente,Céu Claro,Dupla,Reta;Ponte,Não,5,0,3,0,2,0,3,2,-28.43263626,-48.84683825,SPRF-SC,DEL02-SC,UOP01-DEL02-SC,2025
"685644,0",2025-04-16,quarta-feira,08:50:00,SC,282,"115,6",ALFREDO WAGNER,Velocidade Incompatível,Capotamento,Com Vítimas Feridas,Pleno dia,Decrescente,Sol,Simples,Curva;Declive,Não,3,0,0,1,0,2,1,3,-27.760058,-49.39716,SPRF-SC,DEL01-SC,UOP03-DEL01-SC,2025
"685729,0",2025-04-18,sexta-feira,05:45:00,SC,280,"303,3",PORTO UNIAO,Transitar na contramão,Colisão frontal,Com Vítimas Feridas,Plena Noite,Decrescente,Nublado,Simples,Curva,Não,4,0,3,0,1,0,3,2,-26.278609,-51.052613,SPRF-SC,DEL06-SC,UOP04-DEL06-SC,2025
"685750,0",2025-04-18,sexta-feira,09:00:00,SC,116,"6,9",MAFRA,Acessar a via sem observar a presença dos outros veículos,Colisão transversal,Com Vítimas Feridas,Pleno dia,Decrescente,Céu Claro,Simples,Interseção de Vias;Reta;Retorno Regulamentado,Sim,14,0,1,1,11,1,2,7,-26.1525997,-49.831906,SPRF-SC,DEL06-SC,UOP01-DEL06-SC,2025
"685788,0",2025-04-18,sexta-feira,17:00:00,SC,101,"117,0",ITAJAI,Reação tardia ou ineficiente do condutor,Colisão lateral mesmo sentido,Sem Vítimas,Pleno dia,Crescente,Céu Claro,Dupla,Reta;Viaduto,Não,3,0,0,0,3,0,0,2,-26.88837874,-48.72222397,SPRF-SC,DEL04-SC,UOP04-DEL04-SC,2025
"685797,0",2025-04-18,sexta-feira,15:20:00,SC,116,"305,4",CAPAO ALTO,Reação tardia ou ineficiente do condutor,Saída de leito carroçável,Com Vítimas Feridas,Pleno dia,Crescente,Céu Claro,Múltipla,Curva,Não,3,0,1,0,1,1,1,2,-28.19871727,-50.72472051,SPRF-SC,DEL05-SC,UOP02-DEL05-SC,2025
"685846,0",2025-04-18,sexta-feira,18:45:00,SC,282,"119,0",BOM RETIRO,Transitar na contramão,Colisão frontal,Com Vítimas Feridas,Plena Noite,Crescente,Céu Claro,Simples,Curva,Não,3,0,0,1,2,0,1,3,-27.79368027,-49.41513062,SPRF-SC,DEL05-SC,UOP01-DEL05-SC,2025
"685971,0",2025-04-19,sábado,15:25:00,SC,101,"51,0",JOINVILLE,Velocidade Incompatível,Colisão lateral mesmo sentido,Com Vítimas Feridas,Pleno dia,Decrescente,Chuva,Dupla,Curva,Não,4,0,1,0,2,1,1,3,-26.39560814,-48.83897066,SPRF-SC,DEL03-SC,UOP01-DEL03-SC,2025
"686087,0",2025-04-20,domingo,01:50:00,SC,470,"141,8",RIO DO SUL,Acessar a via sem observar a presença dos outros veículos,Colisão transversal,Com Vítimas Fatais,Plena Noite,Decrescente,Nublado,Simples,Reta;Declive,Sim,4,1,0,0,1,3,0,5,-27.2107975,-49.65170293,SPRF-SC,DEL04-SC,UOP02-DEL04-SC,2025
"686157,0",2025-04-16,quarta-feira,23:00:00,SC,101,"87,0",BARRA VELHA,Acesso irregular,Colisão traseira,Com Vítimas Feridas,Plena Noite,Decrescente,Céu Claro,Múltipla,Reta,Não,2,0,0,1,0,1,1,2,-26.6256123,-48.71163333,SPRF-SC,DEL03-SC,UOP02-DEL03-SC,2025
"686244,0",2025-04-20,domingo,15:45:00,SC,101,"237,5",PALHOCA,Reação tardia ou ineficiente do condutor,Colisão lateral mesmo sentido,Sem Vítimas,Anoitecer,Decrescente,Nublado,Dupla,Reta;Aclive,Sim,2,0,0,0,2,0,0,2,-27.83966,-48.63262,SPRF-SC,DEL01-SC,UOP02-DEL01-SC,2025
"686315,0",2025-04-20,domingo,18:30:00,SC,280,"225,7",TRES BARRAS,Pedestre andava na pista,Atropelamento de Pedestre,Com Vítimas Fatais,Anoitecer,Crescente,Ignorado,Simples,Reta,Não,3,1,0,0,1,1,0,3,-26.180782,-50.320962,SPRF-SC,DEL06-SC,UOP04-DEL06-SC,2025
"686344,0",2025-04-20,domingo,23:40:00,SC,282,"222,4",LAGES,Transitar na contramão,Colisão lateral sentido oposto,Com Vítimas Feridas,Plena Noite,Decrescente,Garoa/Chuvisco,Dupla,Curva,Não,5,0,2,2,0,1,4,3,-27.823864,-50.337378,SPRF-SC,DEL05-SC,UOP01-DEL05-SC,2025
"686608,0",2025-04-22,terça-feira,01:30:00,SC,282,"62,4",RANCHO QUEIMADO,Transitar na contramão,Colisão frontal,Sem Vítimas,Plena Noite,Crescente,Céu Claro,Simples,Reta,Não,3,0,0,0,1,2,0,3,-27.69114,-49.03962,SPRF-SC,DEL01-SC,UOP03-DEL01-SC,2025
"686729,0",2025-04-22,terça-feira,14:05:00,SC,470,"72,0",INDAIAL,Condutor deixou de manter distância do veículo da frente,Colisão traseira,Com Vítimas Feridas,Pleno dia,Decrescente,Céu Claro,Simples,Reta;Aclive,Sim,2,0,1,0,1,0,1,2,-26.9049491,-49.2710583,SPRF-SC,DEL04-SC,UOP01-DEL04-SC,2025
"686751,0",2025-04-22,terça-feira,16:19:00,SC,280,"57,0",GUARAMIRIM,Transitar na contramão,Colisão frontal,Com Vítimas Feridas,Pleno dia,Crescente,Céu Claro,Simples,Reta,Não,4,0,0,1,2,1,1,4,-26.476544,-48.9947136,SPRF-SC,DEL03-SC,UOP03-DEL03-SC,2025
"686800,0",2025-04-22,terça-feira,23:30:00,SC,116,"159,1",SANTA CECILIA,Velocidade Incompatível,Saída de leito carroçável,Com Vítimas Feridas,Plena Noite,Crescente,Céu Claro,Simples,Curva,Não,1,0,0,1,0,0,1,1,-27.0977101,-50.453796,SPRF-SC,DEL06-SC,UOP02-DEL06-SC,2025
"686809,0",2025-04-22,terça-feira,09:00:00,SC,470,"80,0",RODEIO,Velocidade Incompatível,Colisão lateral sentido oposto,Sem Vítimas,Pleno dia,Decrescente,Céu Claro,Simples,Ponte;Curva,Não,3,0,0,0,3,0,0,3,-26.94869874,-49.32106018,SPRF-SC,DEL04-SC,UOP01-DEL04-SC,2025
"686871,0",2025-04-23,quarta-feira,07:00:00,SC,153,"101,9",CONCORDIA,Ultrapassagem Indevida,Colisão frontal,Com Vítimas Fatais,Pleno dia,Crescente,Céu Claro,Simples,Curva;Aclive,Não,3,1,0,0,1,2,0,4,-27.26464,-51.95953,SPRF-SC,DEL07-SC,UOP04-DEL07-SC,2025
"686984,0",2025-04-24,quinta-feira,05:30:00,SC,101,"371,5",ICARA,Condutor Dormindo,Saída de leito carroçável,Com Vítimas Feridas,Amanhecer,Crescente,Céu Claro,Dupla,Curva,Não,2,0,1,0,0,1,1,2,-28.71368545,-49.21836225,SPRF-SC,DEL02-SC,UOP01-DEL02-SC,2025
"687012,0",2025-04-24,quinta-feira,07:15:00,SC,282,"401,5",JOACABA,Ultrapassagem Indevida,Colisão frontal,Com Vítimas Feridas,Pleno dia,Decrescente,Céu Claro,Simples,Reta;Declive,Não,4,0,1,0,2,1,1,4,-27.12835491,-51.62801743,SPRF-SC,DEL07-SC,UOP05-DEL07-SC,2025
"687017,0",2025-04-24,quinta-feira,08:40:00,SC,470,"57,9",BLUMENAU,Trafegar com motocicleta (ou similar) entre as faixas,Colisão transversal,Com Vítimas Feridas,Pleno dia,Crescente,Nublado,Simples,Reta;Em Obras,Sim,2,0,1,0,1,0,1,2,-26.88385,-49.14545,SPRF-SC,DEL04-SC,UOP01-DEL04-SC,2025
"687025,0",2025-04-24,quinta-feira,09:30:00,SC,101,"5,3",GARUVA,Velocidade Incompatível,Incêndio,Sem Vítimas,Pleno dia,Crescente,Nublado,Dupla,Reta,Não,2,0,0,0,1,1,0,2,-26.04999729,-48.8596344,SPRF-SC,DEL03-SC,UOP01-DEL03-SC,2025
"687055,0",2025-04-24,quinta-feira,12:05:00,SC,116,"54,0",PAPANDUVA,Condutor deixou de manter distância do veículo da frente,Colisão traseira,Com Vítimas Feridas,Pleno dia,Crescente,Garoa/Chuvisco,Simples,Rotatória,Sim,2,0,1,0,1,0,1,2,-26.39464,-50.16255,SPRF-SC,DEL06-SC,UOP02-DEL06-SC,2025
"687064,0",2025-03-13,quinta-feira,22:00:00,SC,101,"207,6",SAO JOSE,Ausência de reação do condutor,Colisão traseira,Com Vítimas Feridas,Pleno dia,Decrescente,Céu Claro,Múltipla,Reta,Sim,3,0,0,1,2,0,1,3,-27.60223,-48.62878,SPRF-SC,DEL01-SC,UOP01-DEL01-SC,2025
"687080,0",2025-04-24,quinta-feira,17:00:00,SC,101,"12,0",GARUVA,Condutor deixou de manter distância do veículo da frente,Colisão traseira,Com Vítimas Feridas,Anoitecer,Decrescente,Garoa/Chuvisco,Dupla,Aclive,Não,2,0,1,0,1,0,1,2,-26.087562,-48.8623,SPRF-SC,DEL03-SC,UOP01-DEL03-SC,2025
"687181,0",2025-04-25,sexta-feira,06:40:00,SC,282,"111,7",ALFREDO WAGNER,Curva acentuada,Colisão lateral sentido oposto,Com Vítimas Feridas,Pleno dia,Crescente,Céu Claro,Simples,Curva;Declive,Não,7,0,3,2,1,1,5,4,-27.733783,-49.374037,SPRF-SC,DEL01-SC,UOP03-DEL01-SC,2025
"687233,0",2025-04-25,sexta-feira,11:49:00,SC,101,"37,0",JOINVILLE,Reação tardia ou ineficiente do condutor,Colisão traseira,Com Vítimas Feridas,Pleno dia,Decrescente,Céu Claro,Múltipla,Reta,Sim,2,0,0,1,1,0,1,2,-26.2844062,-48.88808576,SPRF-SC,DEL03-SC,UOP01-DEL03-SC,2025
"687246,0",2025-04-25,sexta-feira,14:00:00,SC,101,"204,7",SAO JOSE,Reação tardia ou ineficiente do condutor,Engavetamento,Com Vítimas Feridas,Pleno dia,Crescente,Sol,Múltipla,Reta,Sim,3,0,1,0,2,0,1,3,-27.57869159,-48.61377658,SPRF-SC,DEL01-SC,UOP01-DEL01-SC,2025
"687255,0",2025-04-25,sexta-feira,14:45:00,SC,101,"205,7",SAO JOSE,Ausência de reação do condutor,Colisão com objeto,Com Vítimas Feridas,Pleno dia,Crescente,Céu Claro,Dupla,Reta,Sim,2,0,0,1,1,0,1,2,-27.589852,-48.617522,SPRF-SC,DEL01-SC,UOP01-DEL01-SC,2025
"687261,0",2025-04-25,sexta-feira,16:40:00,SC,101,"207,0",SAO JOSE,Condutor deixou de manter distância do veículo da frente,Colisão traseira,Com Vítimas Feridas,Pleno dia,Crescente,Céu Claro,Múltipla,Aclive;Reta,Não,2,0,1,0,1,0,1,2,-27.59625286,-48.61967174,SPRF-SC,DEL01-SC,UOP01-DEL01-SC,2025
"687317,0",2025-04-25,sexta-feira,18:40:00,SC,101,"114,0",ITAJAI,Acessar a via sem observar a presença dos outros veículos,Colisão lateral mesmo sentido,Com Vítimas Feridas,Plena Noite,Crescente,Céu Claro,Múltipla,Reta,Sim,4,0,2,0,1,1,2,4,-26.86632907,-48.73011279,SPRF-SC,DEL04-SC,UOP04-DEL04-SC,2025
"687357,0",2025-04-25,sexta-feira,20:20:00,SC,101,"403,0",MARACAJA,Manobra de mudança de faixa,Colisão traseira,Com Vítimas Feridas,Plena Noite,Crescente,Céu Claro,Dupla,Reta,Não,6,0,2,0,4,0,2,2,-28.88308423,-49.46134053,SPRF-SC,DEL02-SC,UOP02-DEL02-SC,2025
"687377,0",2025-04-26,sábado,03:45:00,SC,101,"206,7",SAO JOSE,Reação tardia ou ineficiente do condutor,Colisão com objeto,Com Vítimas Feridas,Plena Noite,Decrescente,Céu Claro,Múltipla,Reta;Declive,Sim,4,0,1,0,1,2,1,4,-27.59837,-48.620933,SPRF-SC,DEL01-SC,UOP01-DEL01-SC,2025
"687450,0",2025-04-26,sábado,09:30:00,SC,153,"48,8",VARGEM BONITA,Reação tardia ou ineficiente do condutor,Colisão traseira,Com Vítimas Feridas,Pleno dia,Crescente,Céu Claro,Simples,Reta,Não,7,0,4,0,2,1,4,3,-26.90768,-51.781403,SPRF-SC,DEL07-SC,UOP07-DEL07-SC,2025
"687484,0",2025-04-26,sábado,14:45:00,SC,116,"54,2",PAPANDUVA,Demais falhas mecânicas ou elétricas,Colisão com objeto,Sem Vítimas,Pleno dia,Decrescente,Céu Claro,Simples,Reta,Sim,2,0,0,0,1,1,0,2,-26.39332327,-50.17585337,SPRF-SC,DEL06-SC,UOP02-DEL06-SC,2025
"687496,0",2025-04-26,sábado,16:15:00,SC,101,"142,8",BALNEARIO CAMBORIU,Objeto estático sobre o leito carroçável,Colisão com objeto,Com Vítimas Feridas,Pleno dia,Decrescente,Sol,Dupla,Curva,Não,2,0,1,0,1,0,1,2,-27.0492504,-48.59780638,SPRF-SC,DEL04-SC,UOP03-DEL04-SC,2025
"687662,0",2025-04-27,domingo,10:02:00,SC,163,"108,3",GUARUJA DO SUL,Velocidade Incompatível,Tombamento,Com Vítimas Feridas,Pleno dia,Crescente,Céu Claro,Simples,Declive;Curva,Não,2,0,1,0,0,1,1,2,-26.40924437,-53.52238655,SPRF-SC,DEL07-SC,UOP03-DEL07-SC,2025
"687817,0",2025-04-28,segunda-feira,08:45:00,SC,101,"212,2",PALHOCA,Ausência de reação do condutor,Colisão traseira,Com Vítimas Feridas,Pleno dia,Crescente,Céu Claro,Múltipla,Reta,Sim,8,0,0,2,5,1,2,7,-27.63162,-48.66078,SPRF-SC,DEL01-SC,UOP02-DEL01-SC,2025
"687833,0",2025-04-28,segunda-feira,10:40:00,SC,101,"334,8",TUBARAO,Ausência de reação do condutor,Colisão traseira,Com Vítimas Feridas,Pleno dia,Crescente,Céu Claro,Múltipla,Reta,Sim,3,0,0,1,1,1,1,3,-28.47383133,-49.02577043,SPRF-SC,DEL02-SC,UOP01-DEL02-SC,2025
"687850,0",2025-04-28,segunda-feira,12:30:00,SC,101,"214,2",PALHOCA,Carga excessiva e/ou mal acondicionada,Colisão com objeto,Com Vítimas Feridas,Pleno dia,Decrescente,Céu Claro,Múltipla,Reta,Sim,2,0,1,0,0,1,1,2,-27.64644,-48.67151,SPRF-SC,DEL01-SC,UOP02-DEL01-SC,2025
"687865,0",2025-03-21,sexta-feira,23:30:00,SC,101,"108,0",PENHA,Demais falhas mecânicas ou elétricas,Incêndio,Sem Vítimas,Plena Noite,Crescente,Céu Claro,Dupla,Reta,Não,1,0,0,0,1,0,0,1,-26.83248156,-48.69443715,SPRF-SC,DEL03-SC,UOP02-DEL03-SC,2025
"688007,0",2025-04-29,terça-feira,06:45:00,SC,282,"208,9",LAGES,Reação tardia ou ineficiente do condutor,Colisão frontal,Com Vítimas Fatais,Pleno dia,Crescente,Céu Claro,Simples,Reta;Aclive,Não,4,1,0,0,2,3,0,6,-27.7767671,-50.2208042,SPRF-SC,DEL05-SC,UOP01-DEL05-SC,2025
"688028,0",2025-04-29,terça-feira,09:50:00,SC,101,"127,6",CAMBORIU,Trafegar com motocicleta (ou similar) entre as faixas,Colisão lateral mesmo sentido,Com Vítimas Feridas,Pleno dia,Decrescente,Céu Claro,Dupla,Reta;Declive,Não,4,0,0,1,2,1,1,4,-26.97468303,-48.68265152,SPRF-SC,DEL04-SC,UOP04-DEL04-SC,2025
"688031,0",2025-04-17,quinta-feira,14:30:00,SC,280,"157,0",MAFRA,Transitar na contramão,Colisão lateral sentido oposto,Com Vítimas Feridas,Pleno dia,Decrescente,Céu Claro,Simples,Reta,Não,4,0,0,1,2,2,1,4,-26.21221125,-49.72545352,SPRF-SC,DEL06-SC,UOP03-DEL06-SC,2025
"688065,0",2025-04-29,terça-feira,13:50:00,SC,101,"94,0",BARRA VELHA,Ingestão de álcool pelo condutor,Colisão lateral mesmo sentido,Sem Vítimas,Pleno dia,Decrescente,Céu Claro,Dupla,Reta,Não,3,0,0,0,2,1,0,3,-26.71519081,-48.70251453,SPRF-SC,DEL03-SC,UOP02-DEL03-SC,2025
"688099,0",2025-04-29,terça-feira,17:50:00,SC,101,"114,0",ITAJAI,Trafegar com motocicleta (ou similar) entre as faixas,Tombamento,Com Vítimas Feridas,Anoitecer,Decrescente,Céu Claro,Dupla,Reta,Sim,2,0,1,0,0,1,1,2,-26.86856373,-48.73003006,SPRF-SC,DEL04-SC,UOP04-DEL04-SC,2025
"688112,0",2025-04-29,terça-feira,19:21:00,SC,280,"12,0",SAO FRANCISCO DO SUL,Ultrapassagem Indevida,Colisão lateral mesmo sentido,Com Vítimas Feridas,Plena Noite,Decrescente,Céu Claro,Simples,Aclive,Não,5,0,1,1,2,3,2,6,-26.31487497,-48.64486188,SPRF-SC,DEL03-SC,UOP03-DEL03-SC,2025
"688200,0",2025-04-30,quarta-feira,07:50:00,SC,116,"12,1",MAFRA,Acessar a via sem observar a presença dos outros veículos,Colisão transversal,Com Vítimas Feridas,Pleno dia,Decrescente,Nublado,Simples,Retorno Regulamentado;Interseção de Vias;Reta,Sim,5,0,2,0,2,3,2,5,-26.17978498,-49.87118695,SPRF-SC,DEL06-SC,UOP01-DEL06-SC,2025
"688242,0",2025-04-30,quarta-feira,12:20:00,SC,116,"251,2",LAGES,Desrespeitar a preferência no cruzamento,Colisão transversal,Com Vítimas Feridas,Pleno dia,Decrescente,Céu Claro,Simples,Reta;Interseção de Vias,Não,3,0,0,1,1,1,1,3,-27.8469817,-50.3792067,SPRF-SC,DEL05-SC,UOP02-DEL05-SC,2025
"688305,0",2025-04-30,quarta-feira,16:48:00,SC,101,"206,2",SAO JOSE,Trafegar com motocicleta (ou similar) entre as faixas,Colisão traseira,Com Vítimas Fatais,Pleno dia,Crescente,Céu Claro,Múltipla,Reta,Sim,4,1,0,0,2,1,0,4,-27.59377,-48.61886,SPRF-SC,DEL01-SC,UOP01-DEL01-SC,2025
"688388,0",2025-04-30,quarta-feira,18:40:00,SC,282,"95,0",ALFREDO WAGNER,Velocidade Incompatível,Colisão frontal,Com Vítimas Feridas,Plena Noite,Decrescente,Céu Claro,Simples,Curva;Declive,Não,7,0,4,0,2,1,4,4,-27.71218,-49.255343,SPRF-SC,DEL01-SC,UOP03-DEL01-SC,2025