id,data_inversa,dia_semana,horario,uf,br,km,municipio,causa_acidente,tipo_acidente,classificacao_acidente,fase_dia,sentido_via,condicao_metereologica,tipo_pista,tracado_via,uso_solo,pessoas,mortos,feridos_leves,feridos_graves,ilesos,ignorados,feridos,veiculos,latitude,longitude,regional,delegacia,uop,ano_arquivo
"716738,0",2025-09-07,domingo,00:00:00,SC,282,"64,0",RANCHO QUEIMADO,Ausência de reação do condutor,Colisão lateral sentido oposto,Com Vítimas Feridas,Plena Noite,Crescente,Garoa/Chuvisco,Simples,Curva,Não,4,0,0,1,3,0,1,3,-27.68021141,-49.01940521,SPRF-SC,DEL01-SC,UOP03-DEL01-SC,2025
"716740,0",2025-09-07,domingo,06:00:00,SC,101,"51,1",JOINVILLE,Problema com o freio,Incêndio,Sem Vítimas,Pleno dia,Decrescente,Garoa/Chuvisco,Dupla,Reta,Não,2,0,0,0,1,1,0,2,-26.39768048,-48.83923747,SPRF-SC,DEL03-SC,UOP01-DEL03-SC,2025
"716757,0",2025-06-04,quarta-feira,03:35:00,SC,101,"10,0",GARUVA,Condutor Dormindo,Derramamento de carga,Sem Vítimas,Plena Noite,Decrescente,Céu Claro,Múltipla,Reta,Sim,3,0,0,0,0,3,0,3,-26.0646061,-48.85990111,SPRF-SC,DEL03-SC,UOP01-DEL03-SC,2025
"716843,0",2025-09-07,domingo,12:45:00,SC,101,"57,6",ARAQUARI,Carga excessiva e/ou mal acondicionada,Derramamento de carga,Sem Vítimas,Pleno dia,Decrescente,Garoa/Chuvisco,Simples,Interseção de Vias,Não,2,0,0,0,1,1,0,2,-26.43799144,-48.80435944,SPRF-SC,DEL03-SC,UOP01-DEL03-SC,2025
"716845,0",2025-09-07,domingo,16:10:00,SC,282,"358,0",ERVAL VELHO,Transitar na contramão,Colisão frontal,Com Vítimas Feridas,Pleno dia,Decrescente,Céu Claro,Simples,Curva;Declive,Não,6,0,1,2,2,1,3,3,-27.3347967,-51.347235,SPRF-SC,DEL07-SC,UOP05-DEL07-SC,2025
"716916,0",2025-09-07,domingo,21:50:00,SC,101,"84,0",BARRA VELHA,Ausência de reação do condutor,Colisão traseira,Com Vítimas Feridas,Plena Noite,Crescente,Garoa/Chuvisco,Simples,Reta,Não,2,0,1,0,1,0,1,2,-26.62413526,-48.7147522,SPRF-SC,DEL03-SC,UOP02-DEL03-SC,2025
"716953,0",2025-09-08,segunda-feira,04:50:00,SC,470,"259,1",CURITIBANOS,Velocidade Incompatível,Saída de leito carroçável,Com Vítimas Feridas,Plena Noite,Decrescente,Chuva,Simples,Declive;Curva,Não,2,0,1,0,0,1,1,2,-27.2997191,-50.68143938,SPRF-SC,DEL05-SC,UOP03-DEL05-SC,2025
"717001,0",2025-09-08,segunda-feira,05:48:00,SC,280,"232,6",CANOINHAS,Ausência de reação do condutor,Colisão traseira,Com Vítimas Fatais,Plena Noite,Crescente,Garoa/Chuvisco,Simples,Reta;Aclive,Sim,3,1,0,0,1,1,0,3,-26.190595,-50.388068,SPRF-SC,DEL06-SC,UOP04-DEL06-SC,2025
"717005,0",2025-09-08,segunda-feira,12:25:00,SC,470,"63,0",INDAIAL,Ausência de reação do condutor,Colisão lateral sentido oposto,Com Vítimas Feridas,Pleno dia,Crescente,Garoa/Chuvisco,Simples,Declive;Desvio Temporário,Não,2,0,1,0,1,0,1,2,-26.8701472,-49.20943586,SPRF-SC,DEL04-SC,UOP01-DEL04-SC,2025
"717079,0",2025-09-08,segunda-feira,13:25:00,SC,470,"156,6",TROMBUDO CENTRAL,Ausência de reação do condutor,Colisão frontal,Com Vítimas Feridas,Pleno dia,Decrescente,Garoa/Chuvisco,Simples,Curva,Não,2,0,1,0,1,0,1,2,-27.28535,-49.766335,SPRF-SC,DEL04-SC,UOP02-DEL04-SC,2025
"717081,0",2025-09-08,segunda-feira,15:50:00,SC,280,"227,4",TRES BARRAS,Acesso irregular,Colisão transversal,Com Vítimas Feridas,Pleno dia,Decrescente,Nublado,Simples,Reta,Não,3,0,2,0,1,0,2,2,-26.1834411,-50.3365517,SPRF-SC,DEL06-SC,UOP04-DEL06-SC,2025
"717177,0",2025-09-09,terça-feira,07:30:00,SC,470,"162,0",TROMBUDO CENTRAL,Manobra de mudança de faixa,Colisão lateral mesmo sentido,Com Vítimas Feridas,Pleno dia,Crescente,Nublado,Simples,Curva,Não,2,0,1,0,0,1,1,2,-27.2811115,-49.821621,SPRF-SC,DEL04-SC,UOP02-DEL04-SC,2025
"717184,0",2025-09-09,terça-feira,09:05:00,SC,282,"59,1",RANCHO QUEIMADO,Acessar a via sem observar a presença dos outros veículos,Colisão transversal,Com Vítimas Feridas,Pleno dia,Decrescente,Nublado,Dupla,Declive;Interseção de Vias;Em Obras,Não,3,0,1,1,0,2,2,4,-27.677865,-49.01247,SPRF-SC,DEL01-SC,UOP03-DEL01-SC,2025
"717207,0",2025-09-09,terça-feira,09:51:00,SC,116,"269,1",CAPAO ALTO,Transitar na contramão,Colisão frontal,Com Vítimas Fatais,Pleno dia,Crescente,Chuva,Simples,Reta,Não,3,1,0,0,2,0,0,2,-27.963857,-50.495505,SPRF-SC,DEL05-SC,UOP02-DEL05-SC,2025
"717211,0",2025-09-09,terça-feira,10:20:00,SC,470,"4,6",NAVEGANTES,Ausência de reação do condutor,Colisão transversal,Com Vítimas Feridas,Pleno dia,Decrescente,Céu Claro,Dupla,Reta,Não,3,0,1,0,1,1,1,3,-26.85620979,-48.69946226,SPRF-SC,DEL04-SC,UOP04-DEL04-SC,2025
"717244,0",2025-05-22,quinta-feira,16:00:00,SC,282,"489,5",FAXINAL DOS GUEDES,Transitar na contramão,Colisão frontal,Com Vítimas Fatais,Pleno dia,Decrescente,Chuva,Simples,Curva,Não,4,1,0,0,1,2,0,3,-26.86327106,-52.27043867,SPRF-SC,DEL07-SC,UOP01-DEL07-SC,2025
"717379,0",2025-09-10,quarta-feira,08:00:00,SC,470,"109,0",APIUNA,Condutor deixou de manter distância do veículo da frente,Colisão traseira,Com Vítimas Feridas,Pleno dia,Crescente,Sol,Simples,Curva,Não,3,0,1,0,1,2,1,4,-27.0844159,-49.45407361,SPRF-SC,DEL04-SC,UOP02-DEL04-SC,2025
"717429,0",2025-09-10,quarta-feira,14:30:00,SC,101,"136,0",BALNEARIO CAMBORIU,Manobra de mudança de faixa,Colisão lateral mesmo sentido,Com Vítimas Feridas,Pleno dia,Crescente,Céu Claro,Múltipla,Reta,Sim,5,0,1,0,2,2,1,4,-27.00657083,-48.62068025,SPRF-SC,DEL04-SC,UOP03-DEL04-SC,2025
"717561,0",2025-09-11,quinta-feira,07:20:00,SC,101,"105,4",PENHA,Reação tardia ou ineficiente do condutor,Colisão traseira,Com Vítimas Feridas,Pleno dia,Crescente,Sol,Dupla,Reta;Aclive,Não,2,0,0,1,0,1,1,2,-26.80759882,-48.68121235,SPRF-SC,DEL03-SC,UOP02-DEL03-SC,2025
"717564,0",2025-09-11,quinta-feira,08:40:00,SC,470,"54,0",BLUMENAU,Acessar a via sem observar a presença dos outros veículos,Colisão transversal,Com Vítimas Feridas,Pleno dia,Crescente,Céu Claro,Múltipla,Rotatória,Sim,2,0,1,0,1,0,1,2,-26.86252565,-49.09173196,SPRF-SC,DEL04-SC,UOP01-DEL04-SC,2025
"717592,0",2025-09-11,quinta-feira,10:00:00,SC,282,"22,4",SANTO AMARO DA IMPERATRIZ,Ausência de reação do condutor,Colisão traseira,Com Vítimas Feridas,Pleno dia,Crescente,Céu Claro,Simples,Reta,Sim,2,0,0,1,1,0,1,2,-27.68946,-48.73239,SPRF-SC,DEL01-SC,UOP02-DEL01-SC,2025
"717598,0",2025-09-11,quinta-feira,11:10:00,SC,116,"2,1",MAFRA,Transitar na contramão,Colisão frontal,Com Vítimas Feridas,Pleno dia,Decrescente,Céu Claro,Simples,Reta,Não,5,0,4,0,1,0,4,2,-26.1259811,-49.7949475,SPRF-SC,DEL06-SC,UOP01-DEL06-SC,2025
"717627,0",2025-09-11,quinta-feira,09:30:00,SC,282,"406,0",CATANDUVAS,Transitar na contramão,Colisão traseira,Sem Vítimas,Pleno dia,Decrescente,Céu Claro,Simples,Reta;Declive,Não,4,0,0,0,3,2,0,5,-27.09562,-51.65537,SPRF-SC,DEL07-SC,UOP05-DEL07-SC,2025
"717629,0",2025-07-21,segunda-feira,14:00:00,SC,116,"4,9",MAFRA,Manobra de mudança de faixa,Colisão transversal,Com Vítimas Feridas,Pleno dia,Crescente,Céu Claro,Simples,Reta,Não,2,0,1,0,1,0,1,2,-26.139873,-49.8169632,SPRF-SC,DEL06-SC,UOP01-DEL06-SC,2025
"717630,0",2025-09-11,quinta-feira,14:51:00,SC,470,"89,1",ASCURRA,Acessar a via sem observar a presença dos outros veículos,Colisão traseira,Com Vítimas Feridas,Pleno dia,Decrescente,Céu Claro,Simples,Curva;Retorno Regulamentado,Sim,2,0,0,1,1,0,1,2,-26.96180997,-49.37135696,SPRF-SC,DEL04-SC,UOP01-DEL04-SC,2025
"717666,0",2025-09-11,quinta-feira,16:45:00,SC,282,"515,3",XAXIM,Condutor deixou de manter distância do veículo da frente,Colisão traseira,Com Vítimas Feridas,Pleno dia,Decrescente,Sol,Simples,Reta,Não,3,0,1,0,2,0,1,2,-26.92292,-52.496252,SPRF-SC,DEL07-SC,UOP01-DEL07-SC,2025
"717682,0",2025-09-11,quinta-feira,18:58:00,SC,282,"16,3",PALHOCA,Reação tardia ou ineficiente do condutor,Colisão traseira,Com Vítimas Feridas,Plena Noite,Crescente,Céu Claro,Simples,Interseção de Vias;Reta,Sim,3,0,0,1,2,0,1,3,-27.66166484,-48.68453979,SPRF-SC,DEL01-SC,UOP02-DEL01-SC,2025
"717685,0",2025-09-11,quinta-feira,18:45:00,SC,480,"128,0",CHAPECO,Acessar a via sem observar a presença dos outros veículos,Colisão transversal,Com Vítimas Feridas,Plena Noite,Decrescente,Céu Claro,Simples,Reta;Viaduto,Não,3,0,0,1,1,1,1,3,-27.027794,-52.634088,SPRF-SC,DEL07-SC,UOP01-DEL07-SC,2025
"717784,0",2025-09-12,sexta-feira,08:00:00,SC,282,"2,9",FLORIANOPOLIS,Trafegar com motocicleta (ou similar) entre as faixas,Colisão lateral mesmo sentido,Com Vítimas Feridas,Pleno dia,Decrescente,Sol,Dupla,Reta,Sim,3,0,0,1,1,1,1,3,-27.60207695,-48.5968101,SPRF-SC,DEL01-SC,UOP01-DEL01-SC,2025
"717786,0",2025-09-12,sexta-feira,07:45:00,SC,101,"380,7",ICARA,Ausência de reação do condutor,Colisão lateral mesmo sentido,Sem Vítimas,Pleno dia,Crescente,Céu Claro,Múltipla,Reta,Não,3,0,0,0,2,2,0,4,-28.76518565,-49.29531097,SPRF-SC,DEL02-SC,UOP02-DEL02-SC,2025
"717799,0",2025-09-12,sexta-feira,09:35:00,SC,101,"299,0",LAGUNA,Manobra de mudança de faixa,Colisão lateral mesmo sentido,Com Vítimas Feridas,Pleno dia,Crescente,Céu Claro,Dupla,Reta,Não,5,0,1,0,3,1,1,3,-28.35218289,-48.74112217,SPRF-SC,DEL02-SC,UOP03-DEL02-SC,2025
"717823,0",2025-09-12,sexta-feira,11:25:00,SC,101,"340,0",TUBARAO,Reação tardia ou ineficiente do condutor,Colisão transversal,Sem Vítimas,Pleno dia,Decrescente,Céu Claro,Simples,Interseção de Vias,Sim,2,0,0,0,2,0,0,2,-28.50718786,-49.04939381,SPRF-SC,DEL02-SC,UOP01-DEL02-SC,2025
"717838,0",2025-09-12,sexta-feira,12:00:00,SC,282,"315,4",VARGEM,Condutor Dormindo,Colisão traseira,Com Vítimas Feridas,Pleno dia,Crescente,Céu Claro,Simples,Reta,Não,3,0,0,1,1,1,1,3,-27.4439077,-51.0060249,SPRF-SC,DEL07-SC,UOP06-DEL07-SC,2025
"717840,0",2025-09-12,sexta-feira,13:00:00,SC,470,"243,0",CURITIBANOS,Condutor deixou de manter distância do veículo da frente,Colisão traseira,Com Vítimas Feridas,Pleno dia,Crescente,Céu Claro,Simples,Curva;Aclive,Não,5,0,2,0,1,2,2,3,-27.313971,-50.520065,SPRF-SC,DEL05-SC,UOP03-DEL05-SC,2025
"718085,0",2025-09-13,sábado,12:35:00,SC,280,"3,0",SAO FRANCISCO DO SUL,Acessar a via sem observar a presença dos outros veículos,Colisão transversal,Com Vítimas Feridas,Pleno dia,Crescente,Nublado,Simples,Reta,Sim,2,0,0,1,1,0,1,2,-26.25102156,-48.61710755,SPRF-SC,DEL03-SC,UOP03-DEL03-SC,2025
"718118,0",2025-09-13,sábado,15:10:00,SC,282,"67,7",RANCHO QUEIMADO,Velocidade Incompatível,Tombamento,Com Vítimas Feridas,Pleno dia,Crescente,Céu Claro,Simples,Curva,Não,2,0,1,0,0,1,1,2,-27.69110417,-49.07291142,SPRF-SC,DEL01-SC,UOP03-DEL01-SC,2025
"718229,0",2025-09-13,sábado,23:20:00,SC,470,"204,3",PONTE ALTA,Ausência de reação do condutor,Tombamento,Com Vítimas Feridas,Plena Noite,Decrescente,Céu Claro,Simples,Declive;Curva,Não,2,0,0,1,0,1,1,2,-27.2894827,-50.17022006,SPRF-SC,DEL05-SC,UOP03-DEL05-SC,2025
"718307,0",2025-09-14,domingo,09:00:00,SC,101,"212,0",PALHOCA,Manobra de mudança de faixa,Colisão lateral mesmo sentido,Com Vítimas Feridas,Pleno dia,Crescente,Nublado,Dupla,Reta,Sim,4,0,1,0,2,1,1,3,-27.631679,-48.660836,SPRF-SC,DEL01-SC,UOP02-DEL01-SC,2025
"718319,0",2025-09-14,domingo,07:15:00,SC,116,"140,6",SANTA CECILIA,Acessar a via sem observar a presença dos outros veículos,Colisão transversal,Com Vítimas Feridas,Pleno dia,Decrescente,Céu Claro,Simples,Interseção de Vias;Rotatória;Reta;Declive,Sim,8,0,3,2,2,1,5,3,-26.96823513,-50.40763307,SPRF-SC,DEL06-SC,UOP02-DEL06-SC,2025
"718509,0",2025-09-15,segunda-feira,02:10:00,SC,153,"114,1",CONCORDIA,Transitar na contramão,Colisão lateral sentido oposto,Com Vítimas Feridas,Plena Noite,Decrescente,Céu Claro,Simples,Curva,Não,3,0,0,1,1,1,1,3,-27.346813,-51.986467,SPRF-SC,DEL07-SC,UOP04-DEL07-SC,2025
"718548,0",2025-09-15,segunda-feira,09:15:00,SC,282,"606,0",MARAVILHA,Acesso irregular,Colisão transversal,Com Vítimas Feridas,Pleno dia,Crescente,Céu Claro,Simples,Rotatória,Sim,3,0,1,0,1,2,1,4,-26.774862,-53.203277,SPRF-SC,DEL07-SC,UOP02-DEL07-SC,2025
"718550,0",2025-09-15,segunda-feira,09:30:00,SC,101,"234,1",PALHOCA,Trafegar com motocicleta (ou similar) entre as faixas,Tombamento,Com Vítimas Feridas,Pleno dia,Decrescente,Céu Claro,Dupla,Reta;Aclive,Não,4,0,1,0,2,4,1,7,-27.810319,-48.635322,SPRF-SC,DEL01-SC,UOP02-DEL01-SC,2025
"718579,0",2025-09-15,segunda-feira,12:15:00,SC,101,"327,0",CAPIVARI DE BAIXO,Desrespeitar a preferência no cruzamento,Colisão transversal,Com Vítimas Feridas,Pleno dia,Decrescente,Céu Claro,Múltipla,Interseção de Vias,Sim,2,0,1,0,1,0,1,2,-28.43910702,-48.96149969,SPRF-SC,DEL02-SC,UOP01-DEL02-SC,2025
"718602,0",2025-09-15,segunda-feira,12:50:00,SC,282,"111,5",ALFREDO WAGNER,Condutor Dormindo,Colisão lateral mesmo sentido,Com Vítimas Feridas,Pleno dia,Crescente,Nublado,Simples,Reta;Declive,Não,4,0,1,0,2,1,1,3,-27.7336,-49.3718,SPRF-SC,DEL01-SC,UOP03-DEL01-SC,2025
"718654,0",2025-09-15,segunda-feira,17:30:00,SC,282,"624,0",IRACEMINHA,Estacionar ou parar em local proibido,Colisão lateral mesmo sentido,Sem Vítimas,Pleno dia,Decrescente,Chuva,Simples,Interseção de Vias,Sim,4,0,0,0,3,1,0,3,-26.798169,-53.345424,SPRF-SC,DEL07-SC,UOP02-DEL07-SC,2025
"718679,0",2025-09-15,segunda-feira,19:20:00,SC,282,"512,3",XANXERE,Ausência de reação do condutor,Saída de leito carroçável,Com Vítimas Feridas,Plena Noite,Decrescente,Chuva,Simples,Reta;Aclive,Não,2,0,1,0,0,1,1,2,-26.91220596,-52.47394022,SPRF-SC,DEL07-SC,UOP01-DEL07-SC,2025
"718798,0",2025-08-11,segunda-feira,18:40:00,SC,280,"226,5",TRES BARRAS,Reação tardia ou ineficiente do condutor,Tombamento,Sem Vítimas,Anoitecer,Decrescente,Céu Claro,Simples,Ponte;Reta,Não,2,0,0,0,0,2,0,2,-26.1819314,-50.3276131,SPRF-SC,DEL06-SC,UOP04-DEL06-SC,2025
"718837,0",2025-09-16,terça-feira,15:15:00,SC,470,"78,5",RODEIO,Manobra de mudança de faixa,Colisão lateral sentido oposto,Com Vítimas Feridas,Pleno dia,Crescente,Céu Claro,Simples,Declive;Curva,Sim,5,0,2,0,1,2,2,5,-26.95131,-49.30307,SPRF-SC,DEL04-SC,UOP01-DEL04-SC,2025
"718899,0",2025-09-17,quarta-feira,04:10:00,SC,282,"63,5",RANCHO QUEIMADO,Ausência de reação do condutor,Colisão transversal,Com Vítimas Feridas,Amanhecer,Crescente,Céu Claro,Simples,Curva,Não,7,0,5,0,1,2,5,4,-27.696773,-49.047482,SPRF-SC,DEL01-SC,UOP03-DEL01-SC,2025
"718919,0",2025-09-17,quarta-feira,07:20:00,SC,282,"517,7",XAXIM,Condutor deixou de manter distância do veículo da frente,Engavetamento,Com Vítimas Feridas,Pleno dia,Decrescente,Céu Claro,Simples,Reta;Aclive,Não,5,0,1,0,3,1,1,5,-26.9408657,-52.50235319,SPRF-SC,DEL07-SC,UOP01-DEL07-SC,2025
"718958,0",2025-09-17,quarta-feira,10:30:00,SC,116,"71,6",MONTE CASTELO,Reação tardia ou ineficiente do condutor,Colisão traseira,Sem Vítimas,Pleno dia,Crescente,Céu Claro,Simples,Aclive;Reta;Em Obras,Não,3,0,0,0,3,0,0,2,-26.56580584,-50.22262573,SPRF-SC,DEL06-SC,UOP02-DEL06-SC,2025
"718964,0",2025-09-17,quarta-feira,11:00:00,SC,101,"356,9",SANGAO,Ausência de reação do condutor,Saída de leito carroçável,Com Vítimas Feridas,Pleno dia,Crescente,Nublado,Simples,Curva,Não,1,0,1,0,0,0,1,1,-28.64202,-49.10087,SPRF-SC,DEL02-SC,UOP01-DEL02-SC,2025
"718974,0",2025-09-17,quarta-feira,13:00:00,SC,101,"95,5",BARRA VELHA,Velocidade Incompatível,Colisão com objeto,Com Vítimas Feridas,Pleno dia,Decrescente,Céu Claro,Dupla,Declive,Não,3,0,1,0,1,1,1,3,-26.71648784,-48.70238672,SPRF-SC,DEL03-SC,UOP02-DEL03-SC,2025
"719044,0",2025-09-17,quarta-feira,17:30:00,SC,158,"134,3",PALMITOS,Acessar a via sem observar a presença dos outros veículos,Colisão transversal,Com Vítimas Feridas,Pleno dia,Crescente,Céu Claro,Simples,Rotatória,Não,2,0,1,0,1,0,1,2,-27.070488,-53.230086,SPRF-SC,DEL07-SC,UOP02-DEL07-SC,2025
"719059,0",2025-09-17,quarta-feira,17:30:00,SC,470,"266,7",CURITIBANOS,Reação tardia ou ineficiente do condutor,Colisão lateral sentido oposto,Com Vítimas Feridas,Pleno dia,Crescente,Céu Claro,Simples,Declive;Curva,Não,5,0,1,1,2,1,2,4,-27.3114,-50.74619,SPRF-SC,DEL05-SC,UOP03-DEL05-SC,2025
"719110,0",2025-09-18,quinta-feira,06:40:00,SC,282,"370,0",ERVAL VELHO,Desrespeitar a preferência no cruzamento,Colisão transversal,Com Vítimas Feridas,Amanhecer,Decrescente,Céu Claro,Simples,Reta;Retorno Regulamentado,Sim,3,0,0,1,1,1,1,3,-27.275356,-51.441463,SPRF-SC,DEL07-SC,UOP05-DEL07-SC,2025
"719147,0",2025-09-18,quinta-feira,10:25:00,SC,101,"118,0",ITAJAI,Manobra de mudança de faixa,Colisão lateral mesmo sentido,Sem Vítimas,Pleno dia,Crescente,Céu Claro,Dupla,Reta,Sim,2,0,0,0,2,0,0,2,-26.89356897,-48.72083545,SPRF-SC,DEL04-SC,UOP04-DEL04-SC,2025
"719149,0",2025-04-23,quarta-feira,06:55:00,SC,153,"64,4",IRANI,Transitar na contramão,Colisão lateral sentido oposto,Com Vítimas Fatais,Amanhecer,Crescente,Céu Claro,Simples,Curva,Sim,8,2,1,2,2,2,3,5,-27.01277155,-51.87751718,SPRF-SC,DEL07-SC,UOP04-DEL07-SC,2025
"719174,0",2025-09-18,quinta-feira,13:20:00,SC,280,"80,5",CORUPA,Reação tardia ou ineficiente do condutor,Engavetamento,Com Vítimas Feridas,Pleno dia,Decrescente,Céu Claro,Simples,Reta;Em Obras;Declive,Sim,5,0,1,0,4,0,1,3,-26.43975382,-49.22767488,SPRF-SC,DEL06-SC,UOP03-DEL06-SC,2025
"719205,0",2025-09-18,quinta-feira,14:10:00,SC,282,"519,3",XAXIM,Reação tardia ou ineficiente do condutor,Colisão frontal,Com Vítimas Feridas,Pleno dia,Crescente,Céu Claro,Simples,Aclive;Reta,Não,5,0,1,0,2,2,1,4,-26.94850499,-52.51947161,SPRF-SC,DEL07-SC,UOP01-DEL07-SC,2025
"719264,0",2025-09-18,quinta-feira,20:00:00,SC,101,"42,5",PALHOCA,Condutor deixou de manter distância do veículo da frente,Colisão traseira,Com Vítimas Feridas,Plena Noite,Decrescente,Céu Claro,Múltipla,Reta;Túnel,Sim,5,0,0,1,1,4,1,5,-27.64024824,-48.72585503,SPRF-SC,DEL01-SC,UOP02-DEL01-SC,2025
"719266,0",2025-09-18,quinta-feira,19:50:00,SC,101,"145,0",ITAPEMA,Ausência de reação do condutor,Colisão frontal,Sem Vítimas,Plena Noite,Decrescente,Nublado,Dupla,Reta;Aclive,Sim,4,0,0,0,2,2,0,4,-27.08545518,-48.60709088,SPRF-SC,DEL04-SC,UOP03-DEL04-SC,2025
"719292,0",2025-09-19,sexta-feira,01:20:00,SC,470,"80,1",RODEIO,Ausência de reação do condutor,Saída de leito carroçável,Sem Vítimas,Plena Noite,Crescente,Garoa/Chuvisco,Simples,Ponte;Curva,Sim,2,0,0,0,1,1,0,2,-26.94829,-49.31814,SPRF-SC,DEL04-SC,UOP01-DEL04-SC,2025
"719310,0",2025-09-19,sexta-feira,06:40:00,SC,470,"79,0",RODEIO,Ultrapassagem Indevida,Colisão lateral mesmo sentido,Com Vítimas Feridas,Pleno dia,Crescente,Céu Claro,Simples,Reta,Não,4,0,0,2,2,0,2,3,-26.94902391,-49.31515932,SPRF-SC,DEL04-SC,UOP01-DEL04-SC,2025
"719459,0",2025-09-19,sexta-feira,17:43:00,SC,282,"306,2",VARGEM,Acessar a via sem observar a presença dos outros veículos,Colisão traseira,Com Vítimas Feridas,Pleno dia,Decrescente,Céu Claro,Simples,Reta,Não,2,0,1,0,1,0,1,2,-27.49574424,-50.95329031,SPRF-SC,DEL07-SC,UOP06-DEL07-SC,2025
"719505,0",2025-09-19,sexta-feira,21:00:00,SC,470,"14,0",ILHOTA,Demais falhas mecânicas ou elétricas,Incêndio,Sem Vítimas,Plena Noite,Crescente,Céu Claro,Dupla,Reta,Não,1,0,0,0,1,0,0,1,-26.84294221,-48.79461145,SPRF-SC,DEL04-SC,UOP04-DEL04-SC,2025
"719536,0",2025-09-19,sexta-feira,21:35:00,SC,470,"270,6",BRUNOPOLIS,Velocidade Incompatível,Tombamento,Com Vítimas Fatais,Plena Noite,Decrescente,Céu Claro,Simples,Curva;Declive,Não,2,1,0,0,0,1,0,2,-27.325427,-50.777727,SPRF-SC,DEL07-SC,UOP06-DEL07-SC,2025
"719560,0",2025-09-20,sábado,03:10:00,SC,101,"406,9",ARARANGUA,Neblina,Colisão traseira,Com Vítimas Feridas,Plena Noite,Crescente,Nevoeiro/Neblina,Dupla,Reta,Não,4,0,1,1,1,1,2,3,-28.91456919,-49.48637009,SPRF-SC,DEL02-SC,UOP02-DEL02-SC,2025
"719612,0",2025-09-20,sábado,09:25:00,SC,470,"301,7",CAMPOS NOVOS,Velocidade Incompatível,Tombamento,Com Vítimas Feridas,Pleno dia,Crescente,Céu Claro,Simples,Curva,Não,2,0,1,0,0,1,1,2,-27.375355,-51.061772,SPRF-SC,DEL07-SC,UOP06-DEL07-SC,2025
"719702,0",2025-09-20,sábado,15:00:00,SC,282,"81,9",ALFREDO WAGNER,Problema com o freio,Saída de leito carroçável,Com Vítimas Feridas,Pleno dia,Crescente,Nublado,Simples,Declive;Reta,Não,2,0,2,0,0,0,2,1,-27.661778,-49.178195,SPRF-SC,DEL01-SC,UOP03-DEL01-SC,2025
"719712,0",2025-09-20,sábado,16:50:00,SC,101,"142,4",ITAPEMA,Condutor deixou de manter distância do veículo da frente,Colisão traseira,Sem Vítimas,Pleno dia,Crescente,Céu Claro,Múltipla,Curva;Declive,Sim,3,0,0,0,2,1,0,3,-27.058907,-48.597191,SPRF-SC,DEL04-SC,UOP03-DEL04-SC,2025
"719756,0",2025-09-20,sábado,21:10:00,SC,101,"238,1",PALHOCA,Transitar na contramão,Colisão frontal,Com Vítimas Feridas,Plena Noite,Crescente,Céu Claro,Dupla,Reta,Não,2,0,0,1,1,0,1,2,-27.843692,-48.635335,SPRF-SC,DEL01-SC,UOP02-DEL01-SC,2025
"719792,0",2025-09-20,sábado,17:50:00,SC,282,"527,2",XAXIM,Ingestão de álcool pelo condutor,Tombamento,Com Vítimas Feridas,Pleno dia,Decrescente,Céu Claro,Simples,Curva,Não,2,0,1,0,0,1,1,2,-26.97369675,-52.58395028,SPRF-SC,DEL07-SC,UOP01-DEL07-SC,2025
"719806,0",2025-09-20,sábado,22:10:00,SC,280,"281,9",IRINEOPOLIS,Ingestão de álcool pelo condutor,Colisão frontal,Com Vítimas Feridas,Plena Noite,Crescente,Céu Claro,Simples,Declive;Reta,Não,5,0,1,0,3,1,1,3,-26.296272,-50.84863,SPRF-SC,DEL06-SC,UOP04-DEL06-SC,2025
"720224,0",2025-09-22,segunda-feira,11:00:00,SC,101,"42,0",JOINVILLE,Condutor deixou de manter distância do veículo da frente,Engavetamento,Com Vítimas Feridas,Pleno dia,Decrescente,Chuva,Múltipla,Reta,Não,7,0,2,0,3,2,2,6,-26.32337463,-48.86778301,SPRF-SC,DEL03-SC,UOP01-DEL03-SC,2025
"720226,0",2025-09-22,segunda-feira,12:15:00,SC,282,"340,0",CAMPOS NOVOS,Desrespeitar a preferência no cruzamento,Colisão transversal,Sem Vítimas,Pleno dia,Decrescente,Céu Claro,Simples,Interseção de Vias,Não,5,0,0,0,4,1,0,3,-27.39367874,-51.19225502,SPRF-SC,DEL07-SC,UOP06-DEL07-SC,2025
"720227,0",2025-09-22,segunda-feira,13:30:00,SC,101,"35,3",PALHOCA,Condutor Dormindo,Colisão traseira,Com Vítimas Feridas,Pleno dia,Crescente,Nublado,Dupla,Reta;Aclive,Não,22,0,2,18,1,1,20,3,-27.622007,-48.6952254,SPRF-SC,DEL03-SC,UOP01-DEL03-SC,2025
"720263,0",2025-09-22,segunda-feira,15:45:00,SC,470,"123,0",IBIRAMA,Ultrapassagem Indevida,Colisão lateral mesmo sentido,Com Vítimas Feridas,Pleno dia,Crescente,Nublado,Simples,Curva,Não,5,0,1,0,3,1,1,3,-27.10802858,-49.52411262,SPRF-SC,DEL04-SC,UOP02-DEL04-SC,2025
"720270,0",2025-09-22,segunda-feira,12:40:00,SC,116,"190,0",SAO CRISTOVAO DO SUL,Ausência de reação do condutor,Saída de leito carroçável,Com Vítimas Feridas,Pleno dia,Decrescente,Garoa/Chuvisco,Simples,Reta;Aclive,Não,2,0,1,0,0,2,1,3,-27.3449131,-50.4316529,SPRF-SC,DEL05-SC,UOP03-DEL05-SC,2025