id,data_inversa,dia_semana,horario,uf,br,km,municipio,causa_acidente,tipo_acidente,classificacao_acidente,fase_dia,sentido_via,condicao_metereologica,tipo_pista,tracado_via,uso_solo,pessoas,mortos,feridos_leves,feridos_graves,ilesos,ignorados,feridos,veiculos,latitude,longitude,regional,delegacia,uop,ano_arquivo
"737707,0",2025-12-09,terça-feira,22:20:00,SC,116,"73,2",MONTE CASTELO,Transitar na contramão,Colisão frontal,Com Vítimas Feridas,Plena Noite,Crescente,Nublado,Simples,Reta,Não,3,0,2,1,0,0,3,2,-26.498114,-50.233183,SPRF-SC,DEL06-SC,UOP02-DEL06-SC,2025
"737785,0",2025-12-10,quarta-feira,12:35:00,SC,282,"237,0",LAGES,Reação tardia ou ineficiente do condutor,Saída de leito carroçável,Com Vítimas Fatais,Pleno dia,Crescente,Chuva,Simples,Reta;Declive,Não,1,1,0,0,0,0,0,1,-27.78708,-50.4881,SPRF-SC,DEL05-SC,UOP02-DEL05-SC,2025
"737818,0",2025-12-10,quarta-feira,13:20:00,SC,153,"8,5",AGUA DOCE,Condutor Dormindo,Saída de leito carroçável,Com Vítimas Fatais,Pleno dia,Crescente,Chuva,Simples,Aclive;Reta,Não,3,1,0,0,0,2,0,3,-26.664798,-51.546814,SPRF-SC,DEL07-SC,UOP07-DEL07-SC,2025
"737847,0",2025-12-10,quarta-feira,18:12:00,SC,116,"221,2",CORREIA PINTO,Acesso irregular,Colisão transversal,Com Vítimas Feridas,Anoitecer,Crescente,Chuva,Simples,Reta,Sim,2,0,0,1,1,0,1,2,-27.5952787,-50.35865664,SPRF-SC,DEL05-SC,UOP03-DEL05-SC,2025
"737888,0",2025-12-10,quarta-feira,20:40:00,SC,282,"560,7",NOVA ITABERABA,Ingestão de álcool pelo condutor,Engavetamento,Sem Vítimas,Plena Noite,Crescente,Chuva,Simples,Reta,Não,4,0,0,0,4,0,0,4,-26.92657991,-52.8524785,SPRF-SC,DEL07-SC,UOP02-DEL07-SC,2025
"737898,0",2025-12-11,quinta-feira,00:45:00,SC,101,"199,0",SAO JOSE,Reação tardia ou ineficiente do condutor,Colisão traseira,Com Vítimas Feridas,Plena Noite,Crescente,Céu Claro,Dupla,Reta,Sim,3,0,2,0,1,0,2,2,-27.53922132,-48.6238974,SPRF-SC,DEL01-SC,UOP01-DEL01-SC,2025
"737910,0",2025-12-11,quinta-feira,05:05:00,SC,101,"15,9",GARUVA,Reação tardia ou ineficiente do condutor,Colisão traseira,Sem Vítimas,Pleno dia,Crescente,Céu Claro,Dupla,Declive;Curva,Não,3,0,0,0,2,3,0,5,-26.11417482,-48.87643576,SPRF-SC,DEL03-SC,UOP01-DEL03-SC,2025
"737947,0",2025-09-06,sábado,19:00:00,SC,163,"107,2",GUARUJA DO SUL,Condutor deixou de manter distância do veículo da frente,Colisão traseira,Com Vítimas Feridas,Plena Noite,Decrescente,Nublado,Simples,Declive;Reta,Não,5,0,3,0,2,0,3,3,-26.4250792,-53.52290154,SPRF-SC,DEL07-SC,UOP03-DEL07-SC,2025
"737976,0",2025-12-11,quinta-feira,08:59:00,SC,282,"64,5",RANCHO QUEIMADO,Ultrapassagem Indevida,Colisão lateral mesmo sentido,Com Vítimas Feridas,Pleno dia,Decrescente,Sol,Simples,Curva,Não,2,0,1,0,1,0,1,2,-27.69637224,-49.05622959,SPRF-SC,DEL01-SC,UOP03-DEL01-SC,2025
"738217,0",2025-12-11,quinta-feira,23:40:00,SC,470,"318,0",CAMPOS NOVOS,Conversão proibida,Colisão transversal,Sem Vítimas,Plena Noite,Decrescente,Céu Claro,Simples,Reta;Declive,Não,4,0,0,0,1,4,0,4,-27.408642,-51.216622,SPRF-SC,DEL07-SC,UOP06-DEL07-SC,2025
"738270,0",2025-12-12,sexta-feira,14:10:00,SC,101,"41,0",JOINVILLE,Problema com o freio,Colisão traseira,Com Vítimas Feridas,Pleno dia,Decrescente,Céu Claro,Dupla,Reta,Sim,5,0,1,0,3,1,1,4,-26.31913103,-48.87112968,SPRF-SC,DEL03-SC,UOP01-DEL03-SC,2025
"738301,0",2025-12-12,sexta-feira,18:30:00,SC,470,"192,0",POUSO REDONDO,Demais falhas mecânicas ou elétricas,Saída de leito carroçável,Com Vítimas Feridas,Pleno dia,Decrescente,Céu Claro,Simples,Curva,Não,2,0,1,0,1,0,1,2,-27.2582669,-50.049091,SPRF-SC,DEL04-SC,UOP02-DEL04-SC,2025
"738359,0",2025-12-12,sexta-feira,20:20:00,SC,101,"94,3",BARRA VELHA,Ausência de reação do condutor,Colisão traseira,Com Vítimas Feridas,Plena Noite,Crescente,Garoa/Chuvisco,Dupla,Aclive;Reta,Não,3,0,1,0,1,1,1,3,-26.70574646,-48.70136261,SPRF-SC,DEL03-SC,UOP02-DEL03-SC,2025
"738412,0",2025-12-13,sábado,03:45:00,SC,101,"377,4",ICARA,Acessar a via sem observar a presença dos outros veículos,Colisão traseira,Com Vítimas Fatais,Plena Noite,Decrescente,Céu Claro,Múltipla,Reta,Não,3,1,0,0,1,1,0,3,-28.747416,-49.261816,SPRF-SC,DEL02-SC,UOP01-DEL02-SC,2025
"738469,0",2025-12-13,sábado,07:20:00,SC,101,"162,0",TIJUCAS,Condutor deixou de manter distância do veículo da frente,Colisão lateral mesmo sentido,Com Vítimas Feridas,Pleno dia,Decrescente,Céu Claro,Dupla,Reta,Sim,3,0,0,1,1,1,1,3,-27.2230691,-48.62667767,SPRF-SC,DEL04-SC,UOP03-DEL04-SC,2025
"738488,0",2025-12-13,sábado,11:00:00,SC,153,"4,0",AGUA DOCE,Ausência de reação do condutor,Colisão traseira,Com Vítimas Feridas,Pleno dia,Crescente,Nublado,Simples,Reta,Não,5,0,2,0,2,1,2,3,-26.6395211,-51.5120849,SPRF-SC,DEL07-SC,UOP07-DEL07-SC,2025
"738525,0",2025-12-13,sábado,10:40:00,SC,470,"70,1",INDAIAL,Acessar a via sem observar a presença dos outros veículos,Colisão lateral mesmo sentido,Com Vítimas Feridas,Pleno dia,Decrescente,Céu Claro,Dupla,Interseção de Vias;Reta,Não,3,0,2,0,0,1,2,2,-26.8900042,-49.25526593,SPRF-SC,DEL04-SC,UOP01-DEL04-SC,2025
"738560,0",2025-12-13,sábado,15:00:00,SC,282,"574,8",PINHALZINHO,Ingestão de álcool pelo condutor,Colisão frontal,Com Vítimas Fatais,Pleno dia,Crescente,Sol,Simples,Reta;Aclive,Não,3,1,0,0,1,1,0,3,-26.871488,-52.958828,SPRF-SC,DEL07-SC,UOP02-DEL07-SC,2025
"738693,0",2025-12-14,domingo,02:15:00,SC,101,"51,0",JOINVILLE,Transitar na contramão,Colisão lateral sentido oposto,Sem Vítimas,Plena Noite,Decrescente,Nublado,Dupla,Reta,Não,3,0,0,0,2,1,0,3,-26.314723,-48.873445,SPRF-SC,DEL03-SC,UOP01-DEL03-SC,2025
"738849,0",2025-09-01,segunda-feira,10:50:00,SC,282,"452,0",PONTE SERRADA,Velocidade Incompatível,Capotamento,Com Vítimas Fatais,Pleno dia,Crescente,Céu Claro,Simples,Curva,Não,2,1,0,0,0,1,0,2,-26.920313,-51.953785,SPRF-SC,DEL07-SC,UOP04-DEL07-SC,2025
"738993,0",2025-12-15,segunda-feira,06:45:00,SC,101,"13,0",GARUVA,Reação tardia ou ineficiente do condutor,Colisão traseira,Com Vítimas Feridas,Pleno dia,Decrescente,Céu Claro,Dupla,Reta;Aclive,Não,2,0,0,1,1,0,1,2,-26.08495239,-48.86198938,SPRF-SC,DEL03-SC,UOP01-DEL03-SC,2025
"739022,0",2025-12-15,segunda-feira,06:50:00,SC,282,"638,6",DESCANSO,Faixas de trânsito com largura insuficiente,Colisão lateral sentido oposto,Com Vítimas Feridas,Pleno dia,Decrescente,Sol,Simples,Curva,Não,4,0,2,0,1,1,2,3,-26.79439112,-53.44989181,SPRF-SC,DEL07-SC,UOP03-DEL07-SC,2025
"739026,0",2025-12-15,segunda-feira,09:30:00,SC,101,"117,0",ITAJAI,Ausência de reação do condutor,Colisão traseira,Com Vítimas Feridas,Pleno dia,Crescente,Nublado,Múltipla,Reta,Sim,2,0,0,1,1,0,1,2,-26.88520181,-48.72367859,SPRF-SC,DEL04-SC,UOP04-DEL04-SC,2025
"739037,0",2025-12-07,domingo,06:25:00,SC,282,"548,3",CHAPECO,Transitar na contramão,Colisão lateral sentido oposto,Com Vítimas Feridas,Pleno dia,Crescente,Céu Claro,Simples,Reta,Não,3,0,1,0,1,1,1,3,-26.97079677,-52.75046222,SPRF-SC,DEL07-SC,UOP01-DEL07-SC,2025
"739057,0",2025-12-15,segunda-feira,12:00:00,SC,153,"58,3",IRANI,Ultrapassagem Indevida,Colisão frontal,Com Vítimas Fatais,Pleno dia,Decrescente,Céu Claro,Simples,Declive;Reta,Não,2,1,1,0,0,0,1,2,-26.96699178,-51.85056305,SPRF-SC,DEL07-SC,UOP07-DEL07-SC,2025
"739072,0",2025-11-08,sábado,04:00:00,SC,116,"181,0",SAO CRISTOVAO DO SUL,Reação tardia ou ineficiente do condutor,Colisão frontal,Com Vítimas Feridas,Plena Noite,Crescente,Garoa/Chuvisco,Simples,Aclive;Curva,Sim,4,0,0,1,2,3,1,6,-27.2755377,-50.44062546,SPRF-SC,DEL05-SC,UOP03-DEL05-SC,2025
"739075,0",2025-12-15,segunda-feira,14:30:00,SC,101,"119,8",ITAJAI,Condutor deixou de manter distância do veículo da frente,Colisão lateral mesmo sentido,Com Vítimas Feridas,Pleno dia,Crescente,Céu Claro,Múltipla,Reta,Não,2,0,1,0,1,0,1,2,-26.90949221,-48.71290952,SPRF-SC,DEL04-SC,UOP04-DEL04-SC,2025
"739094,0",2025-12-15,segunda-feira,15:40:00,SC,101,"200,0",SAO JOSE,Mal súbito do condutor,Colisão traseira,Com Vítimas Feridas,Pleno dia,Crescente,Céu Claro,Dupla,Reta,Não,2,0,1,0,1,0,1,2,-27.53754,-48.62556,SPRF-SC,DEL01-SC,UOP01-DEL01-SC,2025
"739147,0",2025-12-15,segunda-feira,19:30:00,SC,282,"592,5",SAUDADES,Manobra de mudança de faixa,Colisão lateral mesmo sentido,Sem Vítimas,Plena Noite,Decrescente,Garoa/Chuvisco,Simples,Reta,Não,3,0,0,0,3,0,0,2,-26.826578,-53.099372,SPRF-SC,DEL07-SC,UOP02-DEL07-SC,2025
"739178,0",2025-12-16,terça-feira,02:00:00,SC,101,"158,0",PORTO BELO,Ausência de reação do condutor,Colisão traseira,Sem Vítimas,Plena Noite,Decrescente,Nublado,Dupla,Reta;Interseção de Vias,Sim,2,0,0,0,2,0,0,2,-27.19096301,-48.61259017,SPRF-SC,DEL04-SC,UOP03-DEL04-SC,2025
"739281,0",2025-12-15,segunda-feira,19:25:00,SC,282,"386,7",JOACABA,Ausência de reação do condutor,Colisão com objeto,Com Vítimas Feridas,Plena Noite,Decrescente,Chuva,Simples,Reta;Declive,Não,2,0,1,0,1,0,1,1,-27.18710946,-51.51853859,SPRF-SC,DEL07-SC,UOP05-DEL07-SC,2025
"739317,0",2025-12-16,terça-feira,16:50:00,SC,470,"66,2",INDAIAL,Condutor deixou de manter distância do veículo da frente,Colisão traseira,Sem Vítimas,Pleno dia,Crescente,Nublado,Simples,Em Obras;Reta,Sim,2,0,0,0,2,0,0,2,-26.87013,-49.22351,SPRF-SC,DEL04-SC,UOP01-DEL04-SC,2025
"739353,0",2025-12-16,terça-feira,17:20:00,SC,101,"381,7",ICARA,Manobra de mudança de faixa,Saída de leito carroçável,Com Vítimas Feridas,Pleno dia,Decrescente,Céu Claro,Dupla,Reta,Sim,2,0,1,0,0,1,1,2,-28.76726,-49.29933,SPRF-SC,DEL02-SC,UOP02-DEL02-SC,2025
"739373,0",2025-12-16,terça-feira,18:25:00,SC,101,"463,0",PASSO DE TORRES,Manobra de mudança de faixa,Colisão lateral mesmo sentido,Com Vítimas Feridas,Pleno dia,Decrescente,Céu Claro,Dupla,Reta,Não,4,0,0,1,2,1,1,3,-29.28963143,-49.75819437,SPRF-RS,DEL03-RS,UOP02-DEL03-RS,2025
"739418,0",2025-12-17,quarta-feira,06:40:00,SC,282,"34,0",AGUAS MORNAS,Ultrapassagem Indevida,Colisão frontal,Com Vítimas Feridas,Pleno dia,Crescente,Céu Claro,Simples,Curva,Não,3,0,1,1,1,0,2,3,-27.70462942,-48.82348761,SPRF-SC,DEL01-SC,UOP03-DEL01-SC,2025
"739433,0",2025-12-17,quarta-feira,07:05:00,SC,101,"41,0",JOINVILLE,Reação tardia ou ineficiente do condutor,Colisão traseira,Com Vítimas Feridas,Pleno dia,Decrescente,Céu Claro,Dupla,Reta,Não,2,0,0,1,1,0,1,2,-26.31759235,-48.87263171,SPRF-SC,DEL03-SC,UOP01-DEL03-SC,2025
"739444,0",2025-12-17,quarta-feira,05:45:00,SC,282,"483,1",FAXINAL DOS GUEDES,Transitar na contramão,Colisão frontal,Com Vítimas Fatais,Amanhecer,Decrescente,Céu Claro,Simples,Reta,Não,3,1,0,0,1,1,0,3,-26.864634,-52.213838,SPRF-SC,DEL07-SC,UOP01-DEL07-SC,2025
"739479,0",2025-12-17,quarta-feira,10:00:00,SC,101,"167,0",TIJUCAS,Reação tardia ou ineficiente do condutor,Colisão traseira,Com Vítimas Feridas,Pleno dia,Decrescente,Céu Claro,Dupla,Reta,Não,3,0,2,0,1,0,2,2,-27.28799229,-48.63046646,SPRF-SC,DEL04-SC,UOP03-DEL04-SC,2025
"739519,0",2025-12-17,quarta-feira,09:15:00,SC,280,"8,6",SAO FRANCISCO DO SUL,Condutor deixou de manter distância do veículo da frente,Colisão traseira,Com Vítimas Feridas,Pleno dia,Decrescente,Céu Claro,Simples,Reta,Não,2,0,1,0,1,0,1,2,-26.282623,-48.646516,SPRF-SC,DEL03-SC,UOP03-DEL03-SC,2025
"739525,0",2025-12-17,quarta-feira,08:20:00,SC,470,"109,0",APIUNA,Reação tardia ou ineficiente do condutor,Tombamento,Com Vítimas Feridas,Pleno dia,Crescente,Céu Claro,Simples,Curva,Não,3,0,2,0,0,1,2,2,-27.08364,-49.45437,SPRF-SC,DEL04-SC,UOP02-DEL04-SC,2025
"739553,0",2025-12-17,quarta-feira,14:20:00,SC,101,"352,3",JAGUARUNA,Manobra de mudança de faixa,Colisão lateral mesmo sentido,Sem Vítimas,Pleno dia,Decrescente,Céu Claro,Múltipla,Declive;Reta;Viaduto,Não,3,0,0,0,2,2,0,4,-28.60068712,-49.05225992,SPRF-SC,DEL02-SC,UOP01-DEL02-SC,2025
"739613,0",2025-12-17,quarta-feira,18:20:00,SC,470,"127,3",LONTRAS,Transitar no Acostamento,Colisão transversal,Com Vítimas Feridas,Plena Noite,Crescente,Céu Claro,Simples,Reta,Não,3,0,1,0,1,1,1,3,-27.1381,-49.54478,SPRF-SC,DEL04-SC,UOP02-DEL04-SC,2025
"739634,0",2025-12-17,quarta-feira,21:00:00,SC,282,"76,0",RANCHO QUEIMADO,Carga excessiva e/ou mal acondicionada,Incêndio,Sem Vítimas,Pleno dia,Crescente,Céu Claro,Simples,Reta,Não,2,0,0,0,1,1,0,2,-27.691201,-49.132752,SPRF-SC,DEL01-SC,UOP03-DEL01-SC,2025
"739672,0",2025-12-18,quinta-feira,08:10:00,SC,280,"166,4",MAFRA,Acessar a via sem observar a presença dos outros veículos,Colisão transversal,Com Vítimas Feridas,Pleno dia,Decrescente,Sol,Simples,Interseção de Vias;Retorno Regulamentado,Sim,3,0,0,1,1,1,1,3,-26.17624702,-49.81695771,SPRF-SC,DEL06-SC,UOP01-DEL06-SC,2025
"739680,0",2025-12-18,quinta-feira,09:18:00,SC,470,"126,0",LONTRAS,Acessar a via sem observar a presença dos outros veículos,Colisão transversal,Com Vítimas Feridas,Pleno dia,Decrescente,Sol,Simples,Reta,Não,4,0,1,0,3,0,1,3,-27.1359449,-49.5432076,SPRF-SC,DEL04-SC,UOP02-DEL04-SC,2025
"739689,0",2025-12-18,quinta-feira,09:30:00,SC,101,"89,0",BARRA VELHA,Ausência de reação do condutor,Colisão traseira,Com Vítimas Feridas,Pleno dia,Crescente,Sol,Múltipla,Reta,Sim,3,0,1,0,1,1,1,3,-26.664623,-48.689081,SPRF-SC,DEL03-SC,UOP02-DEL03-SC,2025
"739693,0",2025-12-18,quinta-feira,09:35:00,SC,101,"24,7",JOINVILLE,Manobra de mudança de faixa,Colisão lateral mesmo sentido,Com Vítimas Feridas,Pleno dia,Crescente,Céu Claro,Dupla,Aclive;Reta;Viaduto,Não,4,0,2,0,2,0,2,3,-26.1814203,-48.9094217,SPRF-SC,DEL03-SC,UOP01-DEL03-SC,2025
"739714,0",2025-12-18,quinta-feira,09:05:00,SC,101,"29,5",JOINVILLE,Reação tardia ou ineficiente do condutor,Colisão traseira,Com Vítimas Feridas,Pleno dia,Crescente,Céu Claro,Dupla,Reta,Sim,4,0,1,0,2,3,1,6,-26.20992264,-48.91561747,SPRF-SC,DEL03-SC,UOP01-DEL03-SC,2025
"739737,0",2025-12-18,quinta-feira,09:53:00,SC,101,"393,0",CRICIUMA,Demais Fenômenos da natureza,Incêndio,Sem Vítimas,Pleno dia,Decrescente,Céu Claro,Dupla,Reta,Não,2,0,0,0,1,1,0,2,-28.81938047,-49.39712461,SPRF-SC,DEL02-SC,UOP02-DEL02-SC,2025
"739782,0",2025-12-18,quinta-feira,15:47:00,SC,101,"387,4",CRICIUMA,Ausência de reação do condutor,Colisão traseira,Com Vítimas Feridas,Pleno dia,Crescente,Sol,Múltipla,Reta,Não,3,0,0,1,1,1,1,3,-28.79526755,-49.35470581,SPRF-SC,DEL02-SC,UOP02-DEL02-SC,2025
"739788,0",2025-12-18,quinta-feira,17:00:00,SC,101,"129,5",CAMBORIU,Reação tardia ou ineficiente do condutor,Colisão traseira,Com Vítimas Feridas,Pleno dia,Crescente,Céu Claro,Simples,Reta,Sim,2,0,1,0,1,0,1,2,-26.98863017,-48.6649704,SPRF-SC,DEL04-SC,UOP03-DEL04-SC,2025
"739845,0",2025-12-18,quinta-feira,21:35:00,SC,280,"149,0",MAFRA,Acessar a via sem observar a presença dos outros veículos,Colisão transversal,Sem Vítimas,Plena Noite,Decrescente,Nublado,Simples,Interseção de Vias;Reta,Não,4,0,0,0,4,0,0,2,-26.23864224,-49.68047619,SPRF-SC,DEL06-SC,UOP03-DEL06-SC,2025
"739855,0",2025-12-18,quinta-feira,23:00:00,SC,116,"248,0",LAGES,Faróis desregulados,Colisão lateral mesmo sentido,Sem Vítimas,Plena Noite,Crescente,Céu Claro,Simples,Interseção de Vias;Reta,Sim,3,0,0,0,3,0,0,2,-27.8174858,-50.3726382,SPRF-SC,DEL05-SC,UOP02-DEL05-SC,2025
"739870,0",2025-12-19,sexta-feira,03:55:00,SC,101,"157,3",PORTO BELO,Reação tardia ou ineficiente do condutor,Colisão traseira,Com Vítimas Feridas,Plena Noite,Decrescente,Nublado,Dupla,Reta,Não,2,0,0,1,1,0,1,2,-27.18511,-48.61228,SPRF-SC,DEL04-SC,UOP03-DEL04-SC,2025
"739888,0",2025-12-19,sexta-feira,05:50:00,SC,470,"95,6",APIUNA,Transitar na contramão,Colisão frontal,Com Vítimas Fatais,Amanhecer,Decrescente,Céu Claro,Simples,Curva,Sim,6,3,2,0,1,0,2,4,-27.01955,-49.37097,SPRF-SC,DEL04-SC,UOP01-DEL04-SC,2025
"739896,0",2025-12-18,quinta-feira,23:58:00,SC,470,"126,0",RIO DO SUL,Acessar a via sem observar a presença dos outros veículos,Colisão transversal,Com Vítimas Feridas,Plena Noite,Decrescente,Ignorado,Simples,Interseção de Vias;Declive;Reta,Não,2,0,1,0,1,0,1,2,-27.1722336,-49.5811245,SPRF-SC,DEL04-SC,UOP02-DEL04-SC,2025
"740229,0",2025-12-20,sábado,08:00:00,SC,101,"124,0",ITAJAI,Acessar a via sem observar a presença dos outros veículos,Colisão traseira,Com Vítimas Feridas,Pleno dia,Crescente,Céu Claro,Múltipla,Reta,Sim,6,0,2,0,4,0,2,2,-26.94063376,-48.69497728,SPRF-SC,DEL04-SC,UOP04-DEL04-SC,2025
"740307,0",2025-12-20,sábado,14:00:00,SC,101,"101,0",BALNEARIO PICARRAS,Condutor deixou de manter distância do veículo da frente,Colisão traseira,Com Vítimas Feridas,Pleno dia,Crescente,Céu Claro,Dupla,Reta,Não,3,0,1,0,2,0,1,2,-26.76492403,-48.68659973,SPRF-SC,DEL03-SC,UOP02-DEL03-SC,2025
"740367,0",2025-12-20,sábado,18:30:00,SC,153,"101,1",CONCORDIA,Ultrapassagem Indevida,Colisão frontal,Com Vítimas Feridas,Anoitecer,Crescente,Céu Claro,Simples,Reta,Não,3,0,1,0,1,1,1,3,-27.25977029,-51.95395947,SPRF-SC,DEL07-SC,UOP04-DEL07-SC,2025
"740411,0",2025-12-20,sábado,17:46:00,SC,282,"523,9",XAXIM,Velocidade Incompatível,Colisão lateral sentido oposto,Com Vítimas Fatais,Pleno dia,Decrescente,Céu Claro,Simples,Curva;Aclive,Não,8,2,2,0,2,3,2,8,-26.96602,-52.55626,SPRF-SC,DEL07-SC,UOP01-DEL07-SC,2025
"740433,0",2025-12-20,sábado,21:10:00,SC,101,"106,9",PENHA,Pedestre andava na pista,Atropelamento de Pedestre,Com Vítimas Fatais,Plena Noite,Decrescente,Céu Claro,Dupla,Curva,Não,4,1,0,0,1,2,0,3,-26.8180792,-48.6833513,SPRF-SC,DEL03-SC,UOP02-DEL03-SC,2025
"740561,0",2025-04-21,segunda-feira,13:35:00,SC,282,"424,4",VARGEM BONITA,Ausência de reação do condutor,Colisão frontal,Com Vítimas Feridas,Pleno dia,Crescente,Céu Claro,Dupla,Declive;Curva,Não,3,0,0,1,2,0,1,3,-26.99225,-51.751907,SPRF-SC,DEL07-SC,UOP05-DEL07-SC,2025
"740630,0",2025-12-17,quarta-feira,06:50:00,SC,282,"404,9",JOACABA,Acessar a via sem observar a presença dos outros veículos,Colisão traseira,Com Vítimas Feridas,Pleno dia,Crescente,Sol,Simples,Reta,Não,2,0,1,0,1,0,1,2,-27.1042143,-51.6449428,SPRF-SC,DEL07-SC,UOP05-DEL07-SC,2025
"740655,0",2025-12-21,domingo,20:40:00,SC,470,"86,8",RODEIO,Ausência de reação do condutor,Colisão lateral sentido oposto,Sem Vítimas,Pleno dia,Crescente,Céu Claro,Simples,Curva;Ponte,Não,3,0,0,0,2,2,0,4,-26.94806229,-49.36584083,SPRF-SC,DEL04-SC,UOP01-DEL04-SC,2025
"740714,0",2025-12-22,segunda-feira,00:30:00,SC,470,"90,0",ASCURRA,Ingestão de substâncias psicoativas pelo condutor,Saída de leito carroçável,Sem Vítimas,Plena Noite,Decrescente,Nublado,Simples,Reta,Sim,2,0,0,0,1,1,0,2,-26.9689235,-49.36785635,SPRF-SC,DEL04-SC,UOP01-DEL04-SC,2025
"740718,0",2025-12-21,domingo,23:15:00,SC,153,"13,4",AGUA DOCE,Reação tardia ou ineficiente do condutor,Colisão transversal,Com Vítimas Fatais,Plena Noite,Decrescente,Nublado,Simples,Interseção de Vias;Reta,Não,7,2,0,0,3,2,0,4,-26.69879,-51.574806,SPRF-SC,DEL07-SC,UOP07-DEL07-SC,2025
"740896,0",2025-12-22,segunda-feira,12:50:00,SC,116,"156,6",SANTA CECILIA,Reação tardia ou ineficiente do condutor,Colisão lateral mesmo sentido,Com Vítimas Feridas,Pleno dia,Decrescente,Céu Claro,Dupla,Declive;Curva,Não,4,0,1,0,1,5,1,7,-27.0828,-50.43752,SPRF-SC,DEL06-SC,UOP02-DEL06-SC,2025
"740926,0",2025-12-22,segunda-feira,19:55:00,SC,282,"525,9",XAXIM,Chuva,Colisão lateral sentido oposto,Com Vítimas Fatais,Plena Noite,Crescente,Chuva,Simples,Curva,Não,4,1,0,0,2,1,0,3,-26.96870115,-52.57375339,SPRF-SC,DEL07-SC,UOP01-DEL07-SC,2025
"740959,0",2025-12-22,segunda-feira,21:10:00,SC,470,"248,0",CURITIBANOS,Acessar a via sem observar a presença dos outros veículos,Colisão transversal,Sem Vítimas,Plena Noite,Crescente,Céu Claro,Simples,Interseção de Vias,Não,2,0,0,0,2,0,0,2,-27.31452,-50.57186,SPRF-SC,DEL05-SC,UOP03-DEL05-SC,2025
"741033,0",2025-12-22,segunda-feira,14:10:00,SC,280,"231,0",CANOINHAS,Transitar na calçada,Atropelamento de Pedestre,Com Vítimas Feridas,Pleno dia,Crescente,Céu Claro,Simples,Rotatória,Sim,3,0,0,1,1,1,1,3,-26.18974539,-50.37571549,SPRF-SC,DEL06-SC,UOP04-DEL06-SC,2025
"741069,0",2025-12-23,terça-feira,12:10:00,SC,470,"158,2",TROMBUDO CENTRAL,Ultrapassagem Indevida,Colisão lateral mesmo sentido,Sem Vítimas,Pleno dia,Crescente,Céu Claro,Simples,Reta,Não,4,0,0,0,3,1,0,3,-27.28578927,-49.783096,SPRF-SC,DEL04-SC,UOP02-DEL04-SC,2025
"741092,0",2025-12-20,sábado,00:00:00,SC,480,"126,0",CHAPECO,Reação tardia ou ineficiente do condutor,Saída de leito carroçável,Sem Vítimas,Plena Noite,Crescente,Céu Claro,Dupla,Curva,Não,2,0,0,0,1,1,0,2,-27.04339286,-52.63628695,SPRF-SC,DEL07-SC,UOP01-DEL07-SC,2025
"741109,0",2025-12-23,terça-feira,14:10:00,SC,101,"1,0",ARARANGUA,Transitar na contramão,Colisão frontal,Com Vítimas Feridas,Pleno dia,Crescente,Nublado,Simples,Reta,Sim,2,0,0,1,1,0,1,2,-28.92951218,-49.49389905,SPRF-SC,DEL02-SC,UOP02-DEL02-SC,2025
"741380,0",2025-12-24,quarta-feira,17:25:00,SC,470,"116,8",IBIRAMA,Velocidade Incompatível,Colisão com objeto,Com Vítimas Feridas,Pleno dia,Crescente,Chuva,Simples,Curva;Declive,Não,5,0,1,0,3,1,1,3,-27.08163377,-49.50265646,SPRF-SC,DEL04-SC,UOP02-DEL04-SC,2025
"741480,0",2025-12-25,quinta-feira,03:30:00,SC,116,"108,0",MONTE CASTELO,Condutor Dormindo,Tombamento,Com Vítimas Feridas,Plena Noite,Decrescente,Céu Claro,Simples,Declive,Não,2,0,2,0,0,0,2,1,-26.753284,-50.332581,SPRF-SC,DEL06-SC,UOP02-DEL06-SC,2025
"741713,0",2025-12-26,sexta-feira,10:50:00,SC,163,"72,2",SAO MIGUEL DO OESTE,Reação tardia ou ineficiente do condutor,Colisão traseira,Com Vítimas Feridas,Pleno dia,Crescente,Céu Claro,Dupla,Reta;Interseção de Vias,Sim,4,0,0,1,3,0,1,2,-26.7192831,-53.51555798,SPRF-SC,DEL07-SC,UOP03-DEL07-SC,2025
"741720,0",2025-12-26,sexta-feira,12:45:00,SC,282,"502,5",XANXERE,Ausência de reação do condutor,Saída de leito carroçável,Sem Vítimas,Pleno dia,Crescente,Garoa/Chuvisco,Simples,Rotatória,Sim,1,0,0,0,1,0,0,1,-26.88468906,-52.39171743,SPRF-SC,DEL07-SC,UOP01-DEL07-SC,2025
"741739,0",2025-12-26,sexta-feira,15:05:00,SC,470,"7,1",NAVEGANTES,Retorno proibido,Colisão transversal,Com Vítimas Feridas,Pleno dia,Crescente,Céu Claro,Dupla,Reta,Sim,4,0,2,0,1,2,2,5,-26.84377782,-48.71493612,SPRF-SC,DEL04-SC,UOP04-DEL04-SC,2025
"741757,0",2025-12-26,sexta-feira,15:39:00,SC,282,"507,2",XANXERE,Ingestão de álcool pelo condutor,Colisão traseira,Sem Vítimas,Pleno dia,Crescente,Nublado,Dupla,Retorno Regulamentado,Sim,2,0,0,0,2,0,0,2,-26.8857192,-52.43785122,SPRF-SC,DEL07-SC,UOP01-DEL07-SC,2025