id,data_inversa,dia_semana,horario,uf,br,km,municipio,causa_acidente,tipo_acidente,classificacao_acidente,fase_dia,sentido_via,condicao_metereologica,tipo_pista,tracado_via,uso_solo,pessoas,mortos,feridos_leves,feridos_graves,ilesos,ignorados,feridos,veiculos,latitude,longitude,regional,delegacia,uop,ano_arquivo
"654522,0",2025-01-11,sábado,21:05:00,SC,470,"88,0",ASCURRA,Ausência de reação do condutor,Colisão com objeto,Com Vítimas Feridas,Plena Noite,Crescente,Nublado,Simples,Reta;Rotatória,Sim,1,0,0,1,0,0,1,1,-26.955355,-49.373169,SPRF-SC,DEL04-SC,UOP01-DEL04-SC,2025
"654533,0",2025-01-11,sábado,21:00:00,SC,470,"88,0",ASCURRA,Condutor Dormindo,Tombamento,Com Vítimas Feridas,Plena Noite,Crescente,Nublado,Simples,Rotatória,Sim,1,0,1,0,0,0,1,1,-26.955355,-49.373169,SPRF-SC,DEL04-SC,UOP01-DEL04-SC,2025
"654536,0",2025-01-11,sábado,23:50:00,SC,101,"211,7",PALHOCA,Acessar a via sem observar a presença dos outros veículos,Colisão transversal,Com Vítimas Feridas,Plena Noite,Crescente,Nublado,Múltipla,Interseção de Vias;Reta,Sim,4,0,1,1,2,0,2,2,-27.62329313,-48.65245588,SPRF-SC,DEL01-SC,UOP02-DEL01-SC,2025
"654570,0",2025-01-12,domingo,06:30:00,SC,280,"156,2",MAFRA,Reação tardia ou ineficiente do condutor,Saída de leito carroçável,Com Vítimas Feridas,Pleno dia,Crescente,Nublado,Simples,Curva,Não,3,0,2,0,0,1,2,2,-26.20741005,-49.73642503,SPRF-SC,DEL06-SC,UOP03-DEL06-SC,2025
"654598,0",2025-01-12,domingo,09:30:00,SC,101,"136,0",BALNEARIO CAMBORIU,Reação tardia ou ineficiente do condutor,Engavetamento,Com Vítimas Feridas,Pleno dia,Crescente,Céu Claro,Dupla,Reta,Sim,3,0,0,1,2,0,1,3,-27.008113,-48.617245,SPRF-SC,DEL04-SC,UOP03-DEL04-SC,2025
"654602,0",2025-01-12,domingo,10:15:00,SC,101,"6,7",GARUVA,Transtornos Mentais (exceto suicidio),Saída de leito carroçável,Com Vítimas Feridas,Pleno dia,Decrescente,Nublado,Dupla,Reta,Não,1,0,1,0,0,0,1,1,-26.03444584,-48.86030495,SPRF-SC,DEL03-SC,UOP01-DEL03-SC,2025
"654605,0",2025-01-12,domingo,11:20:00,SC,101,"216,1",PALHOCA,Manobra de mudança de faixa,Colisão lateral mesmo sentido,Com Vítimas Feridas,Pleno dia,Decrescente,Céu Claro,Múltipla,Reta,Sim,2,0,1,0,1,0,1,2,-27.65981409,-48.67747798,SPRF-SC,DEL01-SC,UOP02-DEL01-SC,2025
"654620,0",2025-01-12,domingo,12:30:00,SC,101,"236,0",PALHOCA,Ausência de reação do condutor,Colisão com objeto,Com Vítimas Feridas,Pleno dia,Crescente,Céu Claro,Dupla,Curva,Não,2,0,2,0,0,0,2,1,-27.82629382,-48.63034842,SPRF-SC,DEL01-SC,UOP02-DEL01-SC,2025
"654627,0",2025-01-12,domingo,13:18:00,SC,101,"137,0",BALNEARIO CAMBORIU,Reação tardia ou ineficiente do condutor,Engavetamento,Com Vítimas Feridas,Pleno dia,Crescente,Nublado,Dupla,Reta,Sim,8,0,2,0,6,0,2,6,-27.0157238,-48.61192763,SPRF-SC,DEL04-SC,UOP03-DEL04-SC,2025
"654651,0",2025-01-12,domingo,10:00:00,SC,280,"124,0",RIO NEGRINHO,Ausência de reação do condutor,Saída de leito carroçável,Sem Vítimas,Pleno dia,Crescente,Céu Claro,Simples,Reta,Não,1,0,0,0,0,1,0,1,-26.24130297,-49.47514499,SPRF-SC,DEL06-SC,UOP03-DEL06-SC,2025
"654653,0",2025-01-12,domingo,14:35:00,SC,470,"143,8",RIO DO SUL,Reação tardia ou ineficiente do condutor,Colisão traseira,Com Vítimas Feridas,Pleno dia,Crescente,Nublado,Simples,Interseção de Vias,Sim,3,0,1,0,0,2,1,3,-27.2246294,-49.66499448,SPRF-SC,DEL04-SC,UOP02-DEL04-SC,2025
"654661,0",2025-01-12,domingo,14:30:00,SC,280,"49,0",GUARAMIRIM,Velocidade Incompatível,Tombamento,Com Vítimas Feridas,Pleno dia,Crescente,Garoa/Chuvisco,Dupla,Reta,Sim,1,0,0,1,0,0,1,1,-26.45850039,-48.93692786,SPRF-SC,DEL03-SC,UOP03-DEL03-SC,2025
"654666,0",2025-01-12,domingo,17:10:00,SC,282,"26,4",SANTO AMARO DA IMPERATRIZ,Ingestão de álcool pelo condutor,Colisão lateral mesmo sentido,Com Vítimas Feridas,Pleno dia,Decrescente,Nublado,Simples,Reta;Interseção de Vias;Retorno Regulamentado,Sim,2,0,1,0,1,0,1,2,-27.67522418,-48.76841784,SPRF-SC,DEL01-SC,UOP03-DEL01-SC,2025
"654682,0",2025-01-12,domingo,15:00:00,SC,470,"49,0",BLUMENAU,Velocidade Incompatível,Tombamento,Com Vítimas Feridas,Pleno dia,Decrescente,Nublado,Dupla,Em Obras;Reta,Sim,1,0,1,0,0,0,1,1,-26.8609917,-49.06601521,SPRF-SC,DEL04-SC,UOP01-DEL04-SC,2025
"654687,0",2025-01-12,domingo,18:50:00,SC,101,"207,2",SAO JOSE,Ingestão de álcool pelo condutor,Queda de ocupante de veículo,Com Vítimas Feridas,Plena Noite,Decrescente,Céu Claro,Múltipla,Curva,Não,2,0,1,0,0,1,1,2,-27.60001226,-48.6226467,SPRF-SC,DEL01-SC,UOP01-DEL01-SC,2025
"654699,0",2025-01-12,domingo,19:30:00,SC,101,"213,5",PALHOCA,Demais falhas mecânicas ou elétricas,Tombamento,Com Vítimas Feridas,Plena Noite,Crescente,Nublado,Múltipla,Reta,Sim,1,0,1,0,0,0,1,1,-27.63697369,-48.66514142,SPRF-SC,DEL01-SC,UOP02-DEL01-SC,2025
"654704,0",2025-01-12,domingo,20:00:00,SC,280,"231,7",CANOINHAS,Ausência de reação do condutor,Colisão com objeto,Com Vítimas Feridas,Plena Noite,Decrescente,Céu Claro,Simples,Reta,Sim,2,0,1,0,1,0,1,1,-26.1893047,-50.37170989,SPRF-SC,DEL06-SC,UOP04-DEL06-SC,2025
"654706,0",2025-01-12,domingo,20:20:00,SC,470,"56,0",BLUMENAU,Acesso irregular,Colisão traseira,Com Vítimas Feridas,Plena Noite,Decrescente,Ignorado,Dupla,Curva;Em Obras,Sim,2,0,1,0,1,0,1,2,-26.87655491,-49.12752271,SPRF-SC,DEL04-SC,UOP01-DEL04-SC,2025
"654710,0",2025-01-12,domingo,18:15:00,SC,282,"308,5",VARGEM,Ingestão de álcool pelo condutor,Saída de leito carroçável,Com Vítimas Fatais,Pleno dia,Crescente,Céu Claro,Simples,Curva;Declive,Não,1,1,0,0,0,0,0,1,-27.4892731,-50.9729754,SPRF-SC,DEL07-SC,UOP06-DEL07-SC,2025
"654724,0",2025-01-12,domingo,22:00:00,SC,101,"134,0",BALNEARIO CAMBORIU,Reação tardia ou ineficiente do condutor,Colisão com objeto,Com Vítimas Feridas,Plena Noite,Decrescente,Céu Claro,Simples,Reta,Sim,1,0,1,0,0,0,1,1,-27.00218,-48.636433,SPRF-SC,DEL04-SC,UOP03-DEL04-SC,2025
"654725,0",2025-01-12,domingo,22:00:00,SC,280,"24,9",ARAQUARI,Condutor deixou de manter distância do veículo da frente,Colisão traseira,Com Vítimas Feridas,Plena Noite,Crescente,Céu Claro,Simples,Reta,Sim,1,0,1,0,0,0,1,1,-26.37724921,-48.71953282,SPRF-SC,DEL03-SC,UOP03-DEL03-SC,2025
"654735,0",2025-01-12,domingo,23:17:00,SC,282,"282,0",PALHOCA,Ausência de reação do condutor,Colisão transversal,Sem Vítimas,Plena Noite,Crescente,Céu Claro,Múltipla,Rotatória,Não,3,0,0,0,2,1,0,3,-27.65565227,-48.67910457,SPRF-SC,DEL05-SC,UOP02-DEL05-SC,2025
"654738,0",2025-01-12,domingo,18:00:00,SC,280,"234,0",CANOINHAS,Ingestão de álcool pelo condutor,Colisão frontal,Com Vítimas Feridas,Anoitecer,Crescente,Nublado,Simples,Reta;Aclive,Sim,2,0,1,0,1,0,1,2,-26.19130591,-50.40255601,SPRF-SC,DEL06-SC,UOP04-DEL06-SC,2025
"654745,0",2025-01-13,segunda-feira,00:15:00,SC,101,"123,0",ITAJAI,Desrespeitar a preferência no cruzamento,Colisão transversal,Com Vítimas Feridas,Plena Noite,Decrescente,Céu Claro,Simples,Interseção de Vias,Não,2,0,0,1,1,0,1,2,-26.93668609,-48.69876905,SPRF-SC,DEL04-SC,UOP04-DEL04-SC,2025
"654770,0",2025-01-13,segunda-feira,01:00:00,SC,163,"69,4",SAO MIGUEL DO OESTE,Ingestão de álcool pelo condutor,Colisão com objeto,Com Vítimas Feridas,Plena Noite,Decrescente,Céu Claro,Dupla,Curva;Declive,Sim,1,0,1,0,0,0,1,1,-26.73822993,-53.50157797,SPRF-SC,DEL07-SC,UOP03-DEL07-SC,2025
"654786,0",2025-01-13,segunda-feira,07:20:00,SC,101,"208,0",SAO JOSE,Avarias e/ou desgaste excessivo no pneu,Queda de ocupante de veículo,Com Vítimas Feridas,Pleno dia,Decrescente,Céu Claro,Dupla,Reta,Sim,2,0,2,0,0,0,2,1,-27.60327979,-48.63201818,SPRF-SC,DEL01-SC,UOP01-DEL01-SC,2025
"654791,0",2025-01-13,segunda-feira,08:00:00,SC,280,"138,0",RIO NEGRINHO,Ausência de reação do condutor,Colisão traseira,Sem Vítimas,Pleno dia,Decrescente,Céu Claro,Simples,Declive;Reta,Não,2,0,0,0,2,0,0,2,-26.270102,-49.58121,SPRF-SC,DEL06-SC,UOP03-DEL06-SC,2025
"654792,0",2025-01-13,segunda-feira,07:25:00,SC,101,"194,3",BIGUACU,Demais falhas mecânicas ou elétricas,Tombamento,Com Vítimas Feridas,Pleno dia,Decrescente,Céu Claro,Múltipla,Reta,Sim,2,0,2,0,0,0,2,1,-27.49815117,-48.65661236,SPRF-SC,DEL01-SC,UOP01-DEL01-SC,2025
"654806,0",2025-01-13,segunda-feira,08:20:00,SC,101,"320,0",PESCARIA BRAVA,Condutor deixou de manter distância do veículo da frente,Colisão traseira,Com Vítimas Feridas,Pleno dia,Crescente,Céu Claro,Dupla,Reta,Não,2,0,0,1,1,0,1,2,-28.42978736,-48.87148792,SPRF-SC,DEL02-SC,UOP01-DEL02-SC,2025
"654808,0",2025-01-13,segunda-feira,08:35:00,SC,470,"148,0",RIO DO SUL,Conversão proibida,Colisão traseira,Com Vítimas Feridas,Pleno dia,Decrescente,Céu Claro,Simples,Reta;Interseção de Vias,Sim,2,0,0,1,1,0,1,2,-27.246288,-49.694355,SPRF-SC,DEL04-SC,UOP02-DEL04-SC,2025
"654846,0",2025-01-13,segunda-feira,12:00:00,SC,282,"55,1",AGUAS MORNAS,Transitar na contramão,Colisão frontal,Com Vítimas Feridas,Pleno dia,Crescente,Nublado,Simples,Reta,Não,6,0,2,3,1,0,5,2,-27.689514,-48.982376,SPRF-SC,DEL01-SC,UOP03-DEL01-SC,2025
"654856,0",2025-01-13,segunda-feira,13:17:00,SC,101,"331,0",TUBARAO,Ausência de reação do condutor,Colisão com objeto,Sem Vítimas,Pleno dia,Crescente,Céu Claro,Dupla,Reta;Interseção de Vias,Sim,1,0,0,0,1,0,0,1,-28.45567521,-48.9812689,SPRF-SC,DEL02-SC,UOP01-DEL02-SC,2025
"654874,0",2025-01-13,segunda-feira,15:20:00,SC,101,"199,3",SAO JOSE,Manobra de mudança de faixa,Colisão traseira,Com Vítimas Feridas,Pleno dia,Crescente,Céu Claro,Múltipla,Reta,Sim,3,0,0,1,2,0,1,2,-27.53413705,-48.63003205,SPRF-SC,DEL01-SC,UOP01-DEL01-SC,2025
"654875,0",2025-01-13,segunda-feira,14:10:00,SC,116,"261,0",CAPAO ALTO,Condutor deixou de manter distância do veículo da frente,Saída de leito carroçável,Com Vítimas Feridas,Pleno dia,Crescente,Sol,Simples,Reta,Não,2,0,1,0,1,0,1,1,-27.91003632,-50.44670952,SPRF-SC,DEL05-SC,UOP02-DEL05-SC,2025
"654887,0",2025-01-13,segunda-feira,14:45:00,SC,280,"23,7",ARAQUARI,Acessar a via sem observar a presença dos outros veículos,Colisão transversal,Com Vítimas Feridas,Pleno dia,Crescente,Céu Claro,Simples,Reta;Em Obras,Sim,2,0,0,1,1,0,1,2,-26.375622,-48.71751,SPRF-SC,DEL03-SC,UOP03-DEL03-SC,2025
"654984,0",2025-01-14,terça-feira,08:00:00,SC,101,"121,8",ITAJAI,Trafegar com motocicleta (ou similar) entre as faixas,Colisão lateral mesmo sentido,Com Vítimas Feridas,Pleno dia,Decrescente,Nublado,Múltipla,Reta,Sim,2,0,2,0,0,0,2,2,-26.92103178,-48.70856446,SPRF-SC,DEL04-SC,UOP04-DEL04-SC,2025
"655005,0",2025-01-14,terça-feira,10:15:00,SC,101,"77,2",ARAQUARI,Frear bruscamente,Saída de leito carroçável,Sem Vítimas,Pleno dia,Crescente,Céu Claro,Dupla,Curva,Não,1,0,0,0,1,0,0,1,-26.56833103,-48.72029393,SPRF-SC,DEL03-SC,UOP02-DEL03-SC,2025
"655011,0",2025-01-14,terça-feira,10:15:00,SC,280,"31,4",ARAQUARI,Reação tardia ou ineficiente do condutor,Colisão traseira,Com Vítimas Feridas,Pleno dia,Decrescente,Nublado,Simples,Reta,Sim,2,0,0,1,1,0,1,2,-26.41649938,-48.77181215,SPRF-SC,DEL03-SC,UOP03-DEL03-SC,2025
"655025,0",2025-01-14,terça-feira,11:40:00,SC,101,"148,7",ITAPEMA,Reação tardia ou ineficiente do condutor,Colisão traseira,Com Vítimas Feridas,Pleno dia,Decrescente,Céu Claro,Dupla,Reta,Sim,2,0,0,1,1,0,1,2,-27.10123686,-48.61807962,SPRF-SC,DEL04-SC,UOP03-DEL04-SC,2025
"655038,0",2025-01-14,terça-feira,12:40:00,SC,101,"367,5",ICARA,Condutor deixou de manter distância do veículo da frente,Colisão traseira,Com Vítimas Feridas,Pleno dia,Decrescente,Céu Claro,Dupla,Declive;Reta,Não,6,0,1,0,5,0,1,2,-28.69145778,-49.16484911,SPRF-SC,DEL02-SC,UOP01-DEL02-SC,2025
"655046,0",2025-01-14,terça-feira,13:00:00,SC,101,"333,0",TUBARAO,Manobra de mudança de faixa,Colisão lateral mesmo sentido,Com Vítimas Feridas,Pleno dia,Crescente,Céu Claro,Dupla,Reta,Sim,2,0,1,0,1,0,1,2,-28.46630107,-48.99653096,SPRF-SC,DEL02-SC,UOP01-DEL02-SC,2025
"655078,0",2025-01-14,terça-feira,15:55:00,SC,101,"195,0",BIGUACU,Reação tardia ou ineficiente do condutor,Colisão lateral mesmo sentido,Com Vítimas Feridas,Pleno dia,Decrescente,Céu Claro,Múltipla,Reta,Sim,3,0,2,0,1,0,2,2,-27.5047092,-48.65010819,SPRF-SC,DEL01-SC,UOP01-DEL01-SC,2025
"655095,0",2025-01-14,terça-feira,12:20:00,SC,280,"304,1",PORTO UNIAO,Acessar a via sem observar a presença dos outros veículos,Colisão transversal,Com Vítimas Feridas,Pleno dia,Decrescente,Céu Claro,Simples,Reta,Sim,3,0,0,1,2,0,1,2,-26.27999553,-51.05063229,SPRF-SC,DEL06-SC,UOP04-DEL06-SC,2025
"655102,0",2025-01-14,terça-feira,18:20:00,SC,101,"193,0",BIGUACU,Condutor deixou de manter distância do veículo da frente,Engavetamento,Com Vítimas Feridas,Anoitecer,Decrescente,Céu Claro,Múltipla,Reta;Ponte,Sim,5,0,1,0,4,0,1,5,-27.489574,-48.655914,SPRF-SC,DEL01-SC,UOP01-DEL01-SC,2025
"655108,0",2025-01-14,terça-feira,19:25:00,SC,101,"237,7",PALHOCA,Trafegar com motocicleta (ou similar) entre as faixas,Colisão lateral mesmo sentido,Com Vítimas Feridas,Plena Noite,Decrescente,Céu Claro,Dupla,Reta,Não,2,0,1,0,1,0,1,2,-27.83490593,-48.63077716,SPRF-SC,DEL01-SC,UOP02-DEL01-SC,2025
"655128,0",2025-01-14,terça-feira,19:40:00,SC,163,"109,2",GUARUJA DO SUL,Avarias e/ou desgaste excessivo no pneu,Saída de leito carroçável,Com Vítimas Feridas,Plena Noite,Decrescente,Chuva,Simples,Aclive;Curva,Não,1,0,0,1,0,0,1,1,-26.40992,-53.522137,SPRF-SC,DEL07-SC,UOP03-DEL07-SC,2025
"655130,0",2025-01-14,terça-feira,18:50:00,SC,282,"1,0",FLORIANOPOLIS,Reação tardia ou ineficiente do condutor,Colisão lateral mesmo sentido,Com Vítimas Feridas,Anoitecer,Crescente,Nublado,Múltipla,Reta,Sim,2,0,1,0,1,0,1,2,-27.602955,-48.580509,SPRF-SC,DEL01-SC,UOP01-DEL01-SC,2025
"655137,0",2025-01-14,terça-feira,22:15:00,SC,101,"48,0",JOINVILLE,Ingestão de álcool pelo condutor,Saída de leito carroçável,Sem Vítimas,Plena Noite,Decrescente,Céu Claro,Dupla,Reta,Não,1,0,0,0,1,0,0,1,-26.37626097,-48.853755,SPRF-SC,DEL03-SC,UOP01-DEL03-SC,2025
"655184,0",2025-01-15,quarta-feira,06:30:00,SC,116,"308,5",CAPAO ALTO,Reação tardia ou ineficiente do condutor,Saída de leito carroçável,Com Vítimas Feridas,Pleno dia,Decrescente,Céu Claro,Simples,Curva,Não,2,0,2,0,0,0,2,1,-28.19800102,-50.75691462,SPRF-SC,DEL05-SC,UOP02-DEL05-SC,2025
"655221,0",2025-01-15,quarta-feira,12:00:00,SC,470,"45,0",GASPAR,Ausência de reação do condutor,Colisão traseira,Com Vítimas Feridas,Pleno dia,Crescente,Nublado,Simples,Reta,Não,2,0,1,0,1,0,1,2,-26.867064,-49.031109,SPRF-SC,DEL04-SC,UOP01-DEL04-SC,2025
"655250,0",2025-01-15,quarta-feira,15:00:00,SC,101,"282,5",IMBITUBA,Reação tardia ou ineficiente do condutor,Tombamento,Com Vítimas Feridas,Pleno dia,Crescente,Céu Claro,Simples,Reta,Sim,1,0,1,0,0,0,1,1,-28.19626005,-48.69739859,SPRF-SC,DEL02-SC,UOP03-DEL02-SC,2025
"655264,0",2025-01-15,quarta-feira,16:45:00,SC,101,"196,0",BIGUACU,Manobra de mudança de faixa,Colisão lateral mesmo sentido,Com Vítimas Feridas,Pleno dia,Crescente,Céu Claro,Dupla,Reta,Não,2,0,1,0,1,0,1,2,-27.51101091,-48.64322292,SPRF-SC,DEL01-SC,UOP01-DEL01-SC,2025
"655281,0",2025-01-15,quarta-feira,17:30:00,SC,101,"209,4",SAO JOSE,Ausência de reação do condutor,Colisão traseira,Com Vítimas Feridas,Pleno dia,Crescente,Céu Claro,Múltipla,Reta,Sim,4,0,2,0,2,0,2,3,-27.61000542,-48.63895057,SPRF-SC,DEL01-SC,UOP01-DEL01-SC,2025
"655290,0",2025-01-15,quarta-feira,17:20:00,SC,101,"334,1",TUBARAO,Condutor deixou de manter distância do veículo da frente,Colisão traseira,Com Vítimas Feridas,Pleno dia,Crescente,Céu Claro,Múltipla,Reta,Sim,2,0,0,1,1,0,1,2,-28.46730446,-49.00604302,SPRF-SC,DEL02-SC,UOP01-DEL02-SC,2025
"655302,0",2025-01-15,quarta-feira,19:30:00,SC,101,"202,0",SAO JOSE,Manobra de mudança de faixa,Colisão lateral mesmo sentido,Com Vítimas Feridas,Plena Noite,Decrescente,Céu Claro,Múltipla,Reta,Sim,2,0,1,0,1,0,1,2,-27.55711595,-48.61897889,SPRF-SC,DEL01-SC,UOP01-DEL01-SC,2025
"655323,0",2025-01-15,quarta-feira,21:00:00,SC,280,"126,8",RIO NEGRINHO,Acessar a via sem observar a presença dos outros veículos,Colisão traseira,Com Vítimas Feridas,Plena Noite,Crescente,Céu Claro,Simples,Aclive;Interseção de Vias;Reta,Sim,3,0,1,2,0,0,3,2,-26.23779604,-49.49427399,SPRF-SC,DEL06-SC,UOP03-DEL06-SC,2025
"655346,0",2025-01-16,quinta-feira,00:20:00,SC,101,"201,0",SAO JOSE,Demais falhas mecânicas ou elétricas,Queda de ocupante de veículo,Com Vítimas Feridas,Plena Noite,Decrescente,Céu Claro,Múltipla,Aclive,Sim,2,0,1,1,0,0,2,1,-27.54836599,-48.61977975,SPRF-SC,DEL01-SC,UOP01-DEL01-SC,2025
"655367,0",2025-01-16,quinta-feira,06:30:00,SC,101,"205,1",SAO JOSE,Demais falhas mecânicas ou elétricas,Incêndio,Sem Vítimas,Pleno dia,Decrescente,Chuva,Múltipla,Reta,Não,1,0,0,0,1,0,0,1,-27.58313237,-48.61532885,SPRF-SC,DEL01-SC,UOP01-DEL01-SC,2025
"655392,0",2025-01-16,quinta-feira,09:00:00,SC,282,"83,0",ALFREDO WAGNER,Mal súbito do condutor,Saída de leito carroçável,Com Vítimas Feridas,Pleno dia,Crescente,Garoa/Chuvisco,Simples,Curva,Não,2,0,2,0,0,0,2,1,-27.666153,-49.175022,SPRF-SC,DEL01-SC,UOP03-DEL01-SC,2025
"655398,0",2025-01-16,quinta-feira,09:00:00,SC,101,"192,3",BIGUACU,Avarias e/ou desgaste excessivo no pneu,Colisão com objeto,Com Vítimas Feridas,Pleno dia,Crescente,Chuva,Múltipla,Curva,Sim,1,0,1,0,0,0,1,1,-27.48443781,-48.64765238,SPRF-SC,DEL01-SC,UOP01-DEL01-SC,2025
"655407,0",2025-01-16,quinta-feira,07:30:00,SC,282,"234,0",LAGES,Reação tardia ou ineficiente do condutor,Saída de leito carroçável,Com Vítimas Feridas,Pleno dia,Crescente,Garoa/Chuvisco,Simples,Curva,Não,1,0,0,1,0,0,1,1,-27.783495,-50.463604,SPRF-SC,DEL05-SC,UOP02-DEL05-SC,2025
"655424,0",2025-01-16,quinta-feira,08:10:00,SC,480,"130,0",CHAPECO,Conversão proibida,Colisão lateral mesmo sentido,Com Vítimas Feridas,Pleno dia,Decrescente,Céu Claro,Simples,Interseção de Vias;Reta,Sim,2,0,1,0,1,0,1,2,-27.05534298,-52.63652069,SPRF-SC,DEL07-SC,UOP01-DEL07-SC,2025
"655427,0",2025-01-16,quinta-feira,11:50:00,SC,480,"123,0",CHAPECO,Ausência de reação do condutor,Colisão com objeto,Com Vítimas Feridas,Pleno dia,Crescente,Céu Claro,Simples,Curva;Declive;Viaduto,Sim,1,0,1,0,0,0,1,1,-26.99739704,-52.64201951,SPRF-SC,DEL07-SC,UOP01-DEL07-SC,2025
"655428,0",2025-01-13,segunda-feira,07:10:00,SC,470,"169,4",POUSO REDONDO,Ausência de reação do condutor,Colisão transversal,Com Vítimas Feridas,Pleno dia,Decrescente,Nublado,Simples,Declive;Reta,Sim,2,0,1,1,0,0,2,2,-27.26575001,-49.88878727,SPRF-SC,DEL04-SC,UOP02-DEL04-SC,2025
"655438,0",2025-01-16,quinta-feira,11:35:00,SC,470,"41,0",GASPAR,Ingestão de álcool pelo condutor,Saída de leito carroçável,Com Vítimas Feridas,Pleno dia,Decrescente,Chuva,Dupla,Reta,Não,6,0,2,0,4,0,2,2,-26.88387567,-48.99546146,SPRF-SC,DEL04-SC,UOP01-DEL04-SC,2025
"655496,0",2025-01-16,quinta-feira,19:20:00,SC,101,"207,7",SAO JOSE,Trafegar com motocicleta (ou similar) entre as faixas,Colisão lateral mesmo sentido,Com Vítimas Feridas,Plena Noite,Decrescente,Chuva,Múltipla,Reta,Não,2,0,1,0,1,0,1,2,-27.59869987,-48.62126112,SPRF-SC,DEL01-SC,UOP01-DEL01-SC,2025
"655504,0",2025-01-16,quinta-feira,19:00:00,SC,101,"208,8",SAO JOSE,Manobra de mudança de faixa,Tombamento,Com Vítimas Feridas,Plena Noite,Decrescente,Céu Claro,Múltipla,Reta,Sim,1,0,0,1,0,0,1,1,-27.60327979,-48.63201818,SPRF-SC,DEL01-SC,UOP01-DEL01-SC,2025
"655522,0",2025-01-16,quinta-feira,19:21:00,SC,280,"28,2",ARAQUARI,Acessar a via sem observar a presença dos outros veículos,Colisão transversal,Com Vítimas Feridas,Plena Noite,Decrescente,Garoa/Chuvisco,Simples,Reta,Sim,2,0,1,0,1,0,1,2,-26.40450077,-48.74561031,SPRF-SC,DEL03-SC,UOP03-DEL03-SC,2025
"655557,0",2025-01-16,quinta-feira,18:00:00,SC,280,"128,0",RIO NEGRINHO,Condutor deixou de manter distância do veículo da frente,Colisão traseira,Com Vítimas Feridas,Anoitecer,Crescente,Céu Claro,Simples,Declive;Reta,Sim,2,0,1,0,1,0,1,2,-26.24317941,-49.51320018,SPRF-SC,DEL06-SC,UOP03-DEL06-SC,2025
"655616,0",2025-01-17,sexta-feira,12:00:00,SC,282,"22,9",ARAQUARI,Condutor deixou de manter distância do veículo da frente,Colisão traseira,Com Vítimas Feridas,Pleno dia,Crescente,Nublado,Simples,Reta,Sim,2,0,0,1,1,0,1,2,-26.371398,-48.710853,SPRF-SC,DEL01-SC,UOP02-DEL01-SC,2025
"655623,0",2025-01-17,sexta-feira,05:30:00,SC,101,"181,0",BIGUACU,Acumulo de água sobre o pavimento,Queda de ocupante de veículo,Com Vítimas Feridas,Amanhecer,Decrescente,Chuva,Dupla,Desvio Temporário,Sim,1,0,1,0,0,0,1,1,-27.38958699,-48.63197593,SPRF-SC,DEL01-SC,UOP01-DEL01-SC,2025
"655631,0",2025-01-05,domingo,08:45:00,SC,101,"25,0",JOINVILLE,Demais falhas na via,Queda de ocupante de veículo,Com Vítimas Feridas,Pleno dia,Decrescente,Chuva,Simples,Reta,Não,2,0,1,1,0,0,2,1,-26.1834739,-48.9105912,SPRF-SC,DEL03-SC,UOP01-DEL03-SC,2025
"655648,0",2025-01-17,sexta-feira,15:30:00,SC,101,"131,0",BALNEARIO CAMBORIU,Acesso irregular,Tombamento,Com Vítimas Feridas,Pleno dia,Crescente,Céu Claro,Simples,Interseção de Vias,Sim,1,0,0,1,0,0,1,1,-26.99064209,-48.66310912,SPRF-SC,DEL04-SC,UOP03-DEL04-SC,2025
"655657,0",2025-01-17,sexta-feira,12:30:00,SC,280,"55,0",GUARAMIRIM,Reação tardia ou ineficiente do condutor,Colisão transversal,Com Vítimas Feridas,Pleno dia,Decrescente,Nublado,Múltipla,Interseção de Vias;Reta,Sim,2,0,1,0,1,0,1,2,-26.47584353,-48.9937858,SPRF-SC,DEL03-SC,UOP03-DEL03-SC,2025
"655660,0",2025-01-17,sexta-feira,15:10:00,SC,101,"159,0",PORTO BELO,Condutor deixou de manter distância do veículo da frente,Colisão lateral mesmo sentido,Com Vítimas Feridas,Pleno dia,Crescente,Garoa/Chuvisco,Dupla,Reta,Sim,2,0,1,0,1,0,1,2,-27.1998778,-48.61534236,SPRF-SC,DEL04-SC,UOP03-DEL04-SC,2025
"655676,0",2025-01-17,sexta-feira,17:55:00,SC,116,"226,4",CORREIA PINTO,Demais falhas mecânicas ou elétricas,Queda de ocupante de veículo,Com Vítimas Feridas,Pleno dia,Crescente,Céu Claro,Simples,Reta,Não,2,0,2,0,0,0,2,1,-27.627321,-50.34153899,SPRF-SC,DEL05-SC,UOP03-DEL05-SC,2025
"655700,0",2025-01-17,sexta-feira,19:08:00,SC,280,"51,4",GUARAMIRIM,Reação tardia ou ineficiente do condutor,Queda de ocupante de veículo,Com Vítimas Feridas,Anoitecer,Decrescente,Garoa/Chuvisco,Simples,Retorno Regulamentado,Não,1,0,1,0,0,0,1,1,-26.46538871,-48.95544449,SPRF-SC,DEL03-SC,UOP03-DEL03-SC,2025
"655704,0",2025-01-17,sexta-feira,19:50:00,SC,280,"193,3",MAFRA,Demais falhas mecânicas ou elétricas,Incêndio,Sem Vítimas,Plena Noite,Crescente,Nublado,Simples,Reta,Não,1,0,0,0,0,1,0,1,-26.17717048,-50.00641103,SPRF-SC,DEL06-SC,UOP01-DEL06-SC,2025