id,data_inversa,dia_semana,horario,uf,br,km,municipio,causa_acidente,tipo_acidente,classificacao_acidente,fase_dia,sentido_via,condicao_metereologica,tipo_pista,tracado_via,uso_solo,pessoas,mortos,feridos_leves,feridos_graves,ilesos,ignorados,feridos,veiculos,latitude,longitude,regional,delegacia,uop,ano_arquivo
"656708,0",2025-01-22,quarta-feira,17:30:00,SC,282,"5,3",SAO JOSE,Reação tardia ou ineficiente do condutor,Colisão traseira,Sem Vítimas,Pleno dia,Crescente,Céu Claro,Dupla,Reta,Sim,2,0,0,0,1,1,0,2,-27.588425,-48.612919,SPRF-SC,DEL01-SC,UOP01-DEL01-SC,2025
"656719,0",2025-01-22,quarta-feira,19:00:00,SC,101,"215,2",PALHOCA,Acessar a via sem observar a presença dos outros veículos,Colisão lateral mesmo sentido,Com Vítimas Feridas,Anoitecer,Decrescente,Céu Claro,Dupla,Reta;Viaduto,Sim,2,0,2,0,0,0,2,2,-27.65184843,-48.67604941,SPRF-SC,DEL01-SC,UOP02-DEL01-SC,2025
"656753,0",2025-01-22,quarta-feira,21:50:00,SC,101,"205,5",SAO JOSE,Ausência de reação do condutor,Colisão traseira,Sem Vítimas,Plena Noite,Decrescente,Nublado,Simples,Reta,Sim,2,0,0,0,1,1,0,2,-27.58313237,-48.61532885,SPRF-SC,DEL01-SC,UOP01-DEL01-SC,2025
"656757,0",2025-01-22,quarta-feira,23:30:00,SC,101,"216,0",PALHOCA,Acessar a via sem observar a presença dos outros veículos,Colisão traseira,Com Vítimas Feridas,Plena Noite,Decrescente,Nublado,Simples,Interseção de Vias;Reta,Sim,3,0,0,1,0,2,1,3,-27.65981409,-48.67747798,SPRF-SC,DEL01-SC,UOP02-DEL01-SC,2025
"656777,0",2025-01-23,quinta-feira,05:50:00,SC,282,"3,8",FLORIANOPOLIS,Reação tardia ou ineficiente do condutor,Saída de leito carroçável,Sem Vítimas,Amanhecer,Crescente,Nublado,Múltipla,Curva,Sim,1,0,0,0,0,1,0,1,-27.600384,-48.599705,SPRF-SC,DEL01-SC,UOP01-DEL01-SC,2025
"656781,0",2025-01-22,quarta-feira,20:00:00,SC,280,"128,0",RIO NEGRINHO,Conversão proibida,Colisão lateral mesmo sentido,Com Vítimas Feridas,Plena Noite,Decrescente,Céu Claro,Simples,Interseção de Vias,Sim,3,0,1,0,2,0,1,2,-26.24317941,-49.51320018,SPRF-SC,DEL06-SC,UOP03-DEL06-SC,2025
"656788,0",2025-01-23,quinta-feira,07:40:00,SC,101,"218,1",PALHOCA,Demais falhas mecânicas ou elétricas,Tombamento,Com Vítimas Feridas,Pleno dia,Crescente,Céu Claro,Dupla,Reta,Sim,2,0,2,0,0,0,2,1,-27.6758601,-48.67052525,SPRF-SC,DEL01-SC,UOP02-DEL01-SC,2025
"656824,0",2025-01-23,quinta-feira,10:22:00,SC,280,"60,0",GUARAMIRIM,Transitar na contramão,Colisão frontal,Com Vítimas Feridas,Pleno dia,Crescente,Sol,Dupla,Reta,Sim,2,0,1,0,1,0,1,2,-26.47802633,-49.03894425,SPRF-SC,DEL03-SC,UOP03-DEL03-SC,2025
"656832,0",2025-01-23,quinta-feira,12:20:00,SC,282,"16,0",PALHOCA,Conversão proibida,Colisão lateral mesmo sentido,Com Vítimas Feridas,Pleno dia,Crescente,Céu Claro,Simples,Reta,Sim,2,0,1,0,1,0,1,2,-27.658611,-48.681847,SPRF-SC,DEL01-SC,UOP02-DEL01-SC,2025
"656834,0",2025-01-23,quinta-feira,12:30:00,SC,282,"5,2",SAO JOSE,Reação tardia ou ineficiente do condutor,Engavetamento,Com Vítimas Feridas,Pleno dia,Decrescente,Céu Claro,Múltipla,Reta,Sim,7,0,6,0,1,0,6,4,-27.588425,-48.612919,SPRF-SC,DEL01-SC,UOP01-DEL01-SC,2025
"656883,0",2025-01-23,quinta-feira,17:00:00,SC,282,"500,2",XANXERE,Velocidade Incompatível,Saída de leito carroçável,Com Vítimas Feridas,Pleno dia,Crescente,Céu Claro,Dupla,Reta,Não,2,0,1,0,1,0,1,1,-26.881372,-52.37252,SPRF-SC,DEL07-SC,UOP01-DEL07-SC,2025
"656903,0",2025-01-23,quinta-feira,17:00:00,SC,101,"112,0",ITAJAI,Manobra de mudança de faixa,Colisão lateral mesmo sentido,Com Vítimas Feridas,Pleno dia,Crescente,Céu Claro,Dupla,Reta;Declive,Sim,3,0,2,0,1,0,2,2,-26.84589005,-48.72131295,SPRF-SC,DEL04-SC,UOP04-DEL04-SC,2025
"656907,0",2025-01-23,quinta-feira,18:50:00,SC,101,"212,6",PALHOCA,Trafegar com motocicleta (ou similar) entre as faixas,Colisão lateral mesmo sentido,Com Vítimas Feridas,Anoitecer,Crescente,Nublado,Múltipla,Reta,Sim,3,0,1,0,2,0,1,3,-27.62996929,-48.65903871,SPRF-SC,DEL01-SC,UOP02-DEL01-SC,2025
"656921,0",2025-01-23,quinta-feira,18:31:00,SC,280,"27,0",ARAQUARI,Manobra de mudança de faixa,Colisão lateral mesmo sentido,Com Vítimas Feridas,Anoitecer,Decrescente,Céu Claro,Simples,Reta,Sim,2,0,0,1,1,0,1,2,-26.39685622,-48.74021969,SPRF-SC,DEL03-SC,UOP03-DEL03-SC,2025
"656929,0",2025-01-23,quinta-feira,21:40:00,SC,470,"64,5",INDAIAL,Reação tardia ou ineficiente do condutor,Queda de ocupante de veículo,Com Vítimas Feridas,Plena Noite,Crescente,Céu Claro,Simples,Declive;Reta;Em Obras,Não,1,0,1,0,0,0,1,1,-26.872396,-49.19228,SPRF-SC,DEL04-SC,UOP01-DEL04-SC,2025
"656958,0",2025-01-24,sexta-feira,03:50:00,SC,101,"214,0",PALHOCA,Velocidade Incompatível,Saída de leito carroçável,Sem Vítimas,Plena Noite,Crescente,Nublado,Dupla,Reta,Sim,1,0,0,0,0,1,0,1,-27.64443,-48.67057,SPRF-SC,DEL01-SC,UOP02-DEL01-SC,2025
"656980,0",2025-01-24,sexta-feira,08:00:00,SC,101,"211,0",PALHOCA,Trafegar com motocicleta (ou similar) entre as faixas,Colisão lateral mesmo sentido,Com Vítimas Feridas,Pleno dia,Decrescente,Nublado,Múltipla,Reta,Sim,2,0,1,0,1,0,1,2,-27.62329313,-48.65245588,SPRF-SC,DEL01-SC,UOP02-DEL01-SC,2025
"656985,0",2025-01-24,sexta-feira,07:40:00,SC,470,"174,2",POUSO REDONDO,Reação tardia ou ineficiente do condutor,Colisão traseira,Com Vítimas Feridas,Pleno dia,Crescente,Nublado,Simples,Reta,Sim,4,0,2,0,2,0,2,2,-27.25715705,-49.93386984,SPRF-SC,DEL04-SC,UOP02-DEL04-SC,2025
"656990,0",2025-01-24,sexta-feira,09:20:00,SC,101,"333,7",TUBARAO,Desrespeitar a preferência no cruzamento,Colisão transversal,Com Vítimas Feridas,Pleno dia,Decrescente,Céu Claro,Múltipla,Viaduto,Sim,2,0,1,0,1,0,1,2,-28.46630107,-48.99653096,SPRF-SC,DEL02-SC,UOP01-DEL02-SC,2025
"656991,0",2025-01-01,quarta-feira,02:55:00,SC,470,"25,0",ILHOTA,Pedestre andava na pista,Atropelamento de Pedestre,Com Vítimas Feridas,Plena Noite,Crescente,Nublado,Dupla,Reta,Não,3,0,0,1,2,0,1,2,-26.8854833,-48.87096405,SPRF-SC,DEL04-SC,UOP04-DEL04-SC,2025
"657004,0",2025-01-24,sexta-feira,11:50:00,SC,101,"333,7",TUBARAO,Desrespeitar a preferência no cruzamento,Colisão transversal,Com Vítimas Feridas,Pleno dia,Crescente,Sol,Simples,Interseção de Vias;Viaduto;Reta,Sim,2,0,1,0,1,0,1,2,-28.46963444,-49.01550293,SPRF-SC,DEL02-SC,UOP01-DEL02-SC,2025
"657022,0",2025-01-20,segunda-feira,07:45:00,SC,101,"205,0",SAO JOSE,Ausência de reação do condutor,Colisão com objeto,Com Vítimas Feridas,Pleno dia,Crescente,Céu Claro,Múltipla,Reta,Sim,1,0,1,0,0,0,1,1,-27.58313237,-48.61532885,SPRF-SC,DEL01-SC,UOP01-DEL01-SC,2025
"657031,0",2025-01-24,sexta-feira,15:10:00,SC,101,"318,5",PESCARIA BRAVA,Ausência de reação do condutor,Saída de leito carroçável,Com Vítimas Feridas,Pleno dia,Decrescente,Céu Claro,Múltipla,Reta,Sim,1,0,1,0,0,0,1,1,-28.4266481,-48.86160099,SPRF-SC,DEL02-SC,UOP01-DEL02-SC,2025
"657032,0",2025-01-24,sexta-feira,14:00:00,SC,470,"66,5",INDAIAL,Acessar a via sem observar a presença dos outros veículos,Colisão transversal,Com Vítimas Feridas,Pleno dia,Decrescente,Nublado,Simples,Em Obras;Reta;Rotatória,Sim,4,0,1,0,3,0,1,2,-26.870407,-49.221844,SPRF-SC,DEL04-SC,UOP01-DEL04-SC,2025
"657039,0",2025-01-24,sexta-feira,12:15:00,SC,470,"84,0",RODEIO,Acessar a via sem observar a presença dos outros veículos,Colisão transversal,Com Vítimas Feridas,Pleno dia,Decrescente,Céu Claro,Simples,Reta,Não,2,0,0,1,1,0,1,2,-26.96137,-49.342415,SPRF-SC,DEL04-SC,UOP01-DEL04-SC,2025
"657063,0",2025-01-24,sexta-feira,18:00:00,SC,101,"141,0",BALNEARIO CAMBORIU,Demais falhas mecânicas ou elétricas,Incêndio,Sem Vítimas,Anoitecer,Crescente,Chuva,Simples,Curva;Declive,Não,1,0,0,0,1,0,0,1,-27.04761729,-48.59995855,SPRF-SC,DEL04-SC,UOP03-DEL04-SC,2025
"657064,0",2025-01-24,sexta-feira,15:12:00,SC,101,"47,5",JOINVILLE,Trafegar com motocicleta (ou similar) entre as faixas,Colisão lateral mesmo sentido,Com Vítimas Feridas,Pleno dia,Decrescente,Céu Claro,Dupla,Reta,Não,2,0,1,0,0,1,1,2,-26.34234997,-48.85840089,SPRF-SC,DEL03-SC,UOP01-DEL03-SC,2025
"657074,0",2025-01-24,sexta-feira,15:20:00,SC,101,"219,9",PALHOCA,Avarias e/ou desgaste excessivo no pneu,Tombamento,Com Vítimas Feridas,Pleno dia,Crescente,Nublado,Dupla,Reta,Sim,2,0,2,0,0,0,2,1,-27.6943365,-48.66292655,SPRF-SC,DEL01-SC,UOP02-DEL01-SC,2025
"657076,0",2025-01-24,sexta-feira,17:50:00,SC,101,"371,1",ICARA,Reação tardia ou ineficiente do condutor,Saída de leito carroçável,Com Vítimas Feridas,Pleno dia,Crescente,Chuva,Dupla,Reta,Sim,2,0,1,0,1,0,1,1,-28.70403682,-49.2008731,SPRF-SC,DEL02-SC,UOP01-DEL02-SC,2025
"657077,0",2025-01-24,sexta-feira,17:57:00,SC,280,"6,0",SAO FRANCISCO DO SUL,Acessar a via sem observar a presença dos outros veículos,Colisão transversal,Com Vítimas Feridas,Anoitecer,Crescente,Nublado,Simples,Reta,Não,2,0,1,0,1,0,1,2,-26.26569095,-48.63361804,SPRF-SC,DEL03-SC,UOP03-DEL03-SC,2025
"657085,0",2025-01-24,sexta-feira,17:30:00,SC,470,"223,4",SAO CRISTOVAO DO SUL,Ausência de reação do condutor,Saída de leito carroçável,Com Vítimas Feridas,Pleno dia,Crescente,Garoa/Chuvisco,Simples,Curva,Não,2,0,2,0,0,0,2,1,-27.319908,-50.336388,SPRF-SC,DEL05-SC,UOP03-DEL05-SC,2025
"657096,0",2025-01-24,sexta-feira,18:30:00,SC,101,"414,9",ARARANGUA,Ausência de reação do condutor,Colisão com objeto,Com Vítimas Feridas,Pleno dia,Decrescente,Garoa/Chuvisco,Múltipla,Curva;Interseção de Vias,Não,1,0,1,0,0,0,1,1,-28.96629349,-49.52290177,SPRF-SC,DEL02-SC,UOP02-DEL02-SC,2025
"657126,0",2025-01-24,sexta-feira,23:05:00,SC,101,"129,7",BALNEARIO CAMBORIU,Pedestre andava na pista,Atropelamento de Pedestre,Com Vítimas Fatais,Plena Noite,Decrescente,Chuva,Dupla,Reta,Sim,4,1,0,0,1,2,0,2,-26.9814883,-48.67627859,SPRF-SC,DEL04-SC,UOP03-DEL04-SC,2025
"657157,0",2025-01-25,sábado,04:15:00,SC,470,"164,2",POUSO REDONDO,Ausência de reação do condutor,Colisão frontal,Com Vítimas Feridas,Plena Noite,Crescente,Chuva,Simples,Reta,Não,3,0,2,0,1,0,2,2,-27.27741286,-49.83905911,SPRF-SC,DEL04-SC,UOP02-DEL04-SC,2025
"657164,0",2025-01-25,sábado,05:34:00,SC,280,"28,0",ARAQUARI,Ingestão de álcool pelo condutor,Saída de leito carroçável,Com Vítimas Feridas,Amanhecer,Decrescente,Sol,Simples,Reta,Não,1,0,1,0,0,0,1,1,-26.40450077,-48.74561031,SPRF-SC,DEL03-SC,UOP03-DEL03-SC,2025
"657185,0",2025-01-25,sábado,08:30:00,SC,101,"167,0",TIJUCAS,Velocidade Incompatível,Colisão traseira,Com Vítimas Feridas,Pleno dia,Decrescente,Céu Claro,Dupla,Reta,Sim,2,0,0,1,1,0,1,2,-27.27029501,-48.63176618,SPRF-SC,DEL04-SC,UOP03-DEL04-SC,2025
"657192,0",2025-01-25,sábado,09:05:00,SC,280,"28,6",ARAQUARI,Condutor deixou de manter distância do veículo da frente,Colisão traseira,Com Vítimas Feridas,Pleno dia,Crescente,Céu Claro,Simples,Reta,Sim,3,0,0,1,2,0,1,2,-26.40450077,-48.74561031,SPRF-SC,DEL03-SC,UOP03-DEL03-SC,2025
"657207,0",2025-01-25,sábado,09:45:00,SC,280,"130,5",RIO NEGRINHO,Acessar a via sem observar a presença dos outros veículos,Colisão transversal,Com Vítimas Feridas,Pleno dia,Decrescente,Céu Claro,Simples,Declive;Reta,Sim,2,0,1,0,1,0,1,2,-26.2530246,-49.52924913,SPRF-SC,DEL06-SC,UOP03-DEL06-SC,2025
"657216,0",2025-01-25,sábado,10:45:00,SC,101,"63,0",ARAQUARI,Manobra de mudança de faixa,Colisão lateral mesmo sentido,Com Vítimas Feridas,Pleno dia,Crescente,Céu Claro,Dupla,Declive;Reta,Não,3,0,2,0,1,0,2,2,-26.45898367,-48.7584088,SPRF-SC,DEL03-SC,UOP02-DEL03-SC,2025
"657234,0",2025-01-25,sábado,12:55:00,SC,280,"30,0",ARAQUARI,Trafegar com motocicleta (ou similar) entre as faixas,Colisão transversal,Com Vítimas Feridas,Pleno dia,Crescente,Céu Claro,Simples,Reta,Sim,2,0,0,1,1,0,1,2,-26.4141523,-48.76209493,SPRF-SC,DEL03-SC,UOP03-DEL03-SC,2025
"657236,0",2025-01-25,sábado,13:05:00,SC,282,"4,3",FLORIANOPOLIS,Reação tardia ou ineficiente do condutor,Colisão lateral mesmo sentido,Com Vítimas Feridas,Pleno dia,Decrescente,Céu Claro,Simples,Reta,Sim,2,0,1,0,1,0,1,2,-27.592646,-48.604034,SPRF-SC,DEL01-SC,UOP01-DEL01-SC,2025
"657237,0",2025-01-25,sábado,14:00:00,SC,101,"164,0",TIJUCAS,Manobra de mudança de faixa,Colisão lateral mesmo sentido,Com Vítimas Feridas,Pleno dia,Decrescente,Nublado,Dupla,Reta,Sim,2,0,1,0,1,0,1,2,-27.243868,-48.6309,SPRF-SC,DEL04-SC,UOP03-DEL04-SC,2025
"657246,0",2025-01-25,sábado,14:30:00,SC,280,"4,2",SAO FRANCISCO DO SUL,Condutor deixou de manter distância do veículo da frente,Colisão traseira,Com Vítimas Feridas,Pleno dia,Decrescente,Garoa/Chuvisco,Simples,Reta;Em Obras,Sim,3,0,1,1,1,0,2,2,-26.255347,-48.620998,SPRF-SC,DEL03-SC,UOP03-DEL03-SC,2025
"657261,0",2025-01-25,sábado,16:00:00,SC,101,"153,0",PORTO BELO,Demais falhas mecânicas ou elétricas,Tombamento,Com Vítimas Feridas,Pleno dia,Crescente,Nublado,Múltipla,Interseção de Vias,Sim,2,0,0,2,0,0,2,1,-27.144717,-48.61063935,SPRF-SC,DEL04-SC,UOP03-DEL04-SC,2025
"657315,0",2025-01-25,sábado,17:15:00,SC,280,"102,2",SAO BENTO DO SUL,Reação tardia ou ineficiente do condutor,Saída de leito carroçável,Com Vítimas Feridas,Pleno dia,Decrescente,Nublado,Simples,Curva;Declive,Não,1,0,1,0,0,0,1,1,-26.36381888,-49.34016753,SPRF-SC,DEL06-SC,UOP03-DEL06-SC,2025
"657316,0",2025-01-25,sábado,18:15:00,SC,280,"237,5",CANOINHAS,Reação tardia ou ineficiente do condutor,Saída de leito carroçável,Com Vítimas Feridas,Plena Noite,Decrescente,Nublado,Simples,Curva;Declive,Não,4,0,3,0,1,0,3,1,-26.19844599,-50.43216601,SPRF-SC,DEL06-SC,UOP04-DEL06-SC,2025
"657327,0",2025-01-25,sábado,17:20:00,SC,280,"110,1",SAO BENTO DO SUL,Ausência de reação do condutor,Saída de leito carroçável,Sem Vítimas,Pleno dia,Crescente,Céu Claro,Simples,Curva,Não,1,0,0,0,0,1,0,1,-26.32140672,-49.38932175,SPRF-SC,DEL06-SC,UOP03-DEL06-SC,2025
"657331,0",2025-01-25,sábado,20:00:00,SC,101,"138,0",BALNEARIO CAMBORIU,Reação tardia ou ineficiente do condutor,Colisão traseira,Com Vítimas Feridas,Plena Noite,Decrescente,Chuva,Dupla,Curva,Sim,3,0,1,0,2,0,1,2,-27.02397426,-48.60761649,SPRF-SC,DEL04-SC,UOP03-DEL04-SC,2025
"657336,0",2025-01-25,sábado,20:30:00,SC,101,"416,6",ARARANGUA,Iluminação deficiente,Colisão traseira,Com Vítimas Feridas,Plena Noite,Crescente,Nublado,Simples,Reta,Sim,3,0,1,0,2,0,1,3,-28.980626,-49.53679562,SPRF-SC,DEL02-SC,UOP02-DEL02-SC,2025
"657369,0",2025-01-26,domingo,01:00:00,SC,101,"156,0",PORTO BELO,Desrespeitar a preferência no cruzamento,Colisão frontal,Com Vítimas Feridas,Plena Noite,Decrescente,Nublado,Dupla,Interseção de Vias,Sim,2,0,1,1,0,0,2,2,-27.172272,-48.61170204,SPRF-SC,DEL04-SC,UOP03-DEL04-SC,2025
"657372,0",2025-01-25,sábado,23:00:00,SC,101,"58,9",ARAQUARI,Condutor deixou de manter distância do veículo da frente,Colisão traseira,Com Vítimas Feridas,Plena Noite,Crescente,Nublado,Dupla,Reta;Declive,Não,3,0,3,0,0,0,3,2,-26.44456229,-48.79654884,SPRF-SC,DEL03-SC,UOP02-DEL03-SC,2025
"657386,0",2025-01-26,domingo,03:40:00,SC,101,"11,9",GARUVA,Ausência de reação do condutor,Colisão traseira,Com Vítimas Feridas,Pleno dia,Decrescente,Chuva,Múltipla,Reta,Não,1,0,1,0,0,0,1,1,-26.07202503,-48.86100853,SPRF-SC,DEL03-SC,UOP01-DEL03-SC,2025
"657390,0",2025-01-26,domingo,04:55:00,SC,470,"49,0",BLUMENAU,Ausência de reação do condutor,Tombamento,Com Vítimas Feridas,Amanhecer,Crescente,Sol,Dupla,Curva,Sim,2,0,1,1,0,0,2,1,-26.860662,-49.065159,SPRF-SC,DEL04-SC,UOP01-DEL04-SC,2025
"657398,0",2025-01-26,domingo,06:10:00,SC,101,"205,9",SAO JOSE,Condutor deixou de manter distância do veículo da frente,Colisão traseira,Com Vítimas Feridas,Pleno dia,Crescente,Céu Claro,Múltipla,Reta,Sim,2,0,1,0,1,0,1,2,-27.58313237,-48.61532885,SPRF-SC,DEL01-SC,UOP01-DEL01-SC,2025
"657405,0",2025-01-26,domingo,06:40:00,SC,101,"195,8",BIGUACU,Manobra de mudança de faixa,Colisão lateral mesmo sentido,Com Vítimas Feridas,Pleno dia,Crescente,Nublado,Múltipla,Interseção de Vias;Reta,Sim,2,0,1,0,1,0,1,2,-27.5047092,-48.65010819,SPRF-SC,DEL01-SC,UOP01-DEL01-SC,2025
"657423,0",2025-01-20,segunda-feira,12:00:00,SC,101,"302,0",LAGUNA,Ausência de reação do condutor,Engavetamento,Com Vítimas Feridas,Pleno dia,Crescente,Sol,Dupla,Reta,Não,10,0,1,0,9,0,1,4,-28.35387609,-48.7426239,SPRF-SC,DEL02-SC,UOP03-DEL02-SC,2025
"657436,0",2025-01-19,domingo,06:10:00,SC,282,"561,0",NOVA ERECHIM,Condutor Dormindo,Saída de leito carroçável,Com Vítimas Feridas,Pleno dia,Crescente,Céu Claro,Simples,Reta,Não,3,0,2,0,1,0,2,1,-26.919464,-52.861614,SPRF-SC,DEL07-SC,UOP02-DEL07-SC,2025
"657445,0",2025-01-26,domingo,10:55:00,SC,101,"24,4",JOINVILLE,Avarias e/ou desgaste excessivo no pneu,Tombamento,Com Vítimas Feridas,Pleno dia,Decrescente,Céu Claro,Dupla,Reta,Sim,2,0,2,0,0,0,2,1,-26.17483309,-48.90767978,SPRF-SC,DEL03-SC,UOP01-DEL03-SC,2025
"657460,0",2025-01-26,domingo,09:25:00,SC,280,"24,8",ARAQUARI,Acessar a via sem observar a presença dos outros veículos,Colisão transversal,Com Vítimas Feridas,Pleno dia,Decrescente,Sol,Simples,Reta,Sim,2,0,2,0,0,0,2,2,-26.37724921,-48.71953282,SPRF-SC,DEL03-SC,UOP03-DEL03-SC,2025
"657464,0",2025-01-26,domingo,12:50:00,SC,282,"320,0",VARGEM,Manobra de mudança de faixa,Colisão lateral sentido oposto,Com Vítimas Feridas,Pleno dia,Crescente,Céu Claro,Simples,Reta,Não,2,0,2,0,0,0,2,1,-27.510321,-50.922432,SPRF-SC,DEL07-SC,UOP06-DEL07-SC,2025
"657469,0",2025-01-26,domingo,09:50:00,SC,282,"402,3",CATANDUVAS,Ausência de reação do condutor,Saída de leito carroçável,Sem Vítimas,Pleno dia,Crescente,Céu Claro,Simples,Curva,Não,1,0,0,0,0,1,0,1,-27.115656,-51.631065,SPRF-SC,DEL07-SC,UOP05-DEL07-SC,2025
"657472,0",2025-01-26,domingo,12:40:00,SC,101,"262,3",GAROPABA,Ausência de reação do condutor,Saída de leito carroçável,Com Vítimas Feridas,Pleno dia,Crescente,Céu Claro,Dupla,Reta,Sim,1,0,0,1,0,0,1,1,-28.03525949,-48.70902836,SPRF-SC,DEL02-SC,UOP03-DEL02-SC,2025
"657486,0",2025-01-26,domingo,15:20:00,SC,101,"6,0",BIGUACU,Condutor Dormindo,Saída de leito carroçável,Com Vítimas Feridas,Pleno dia,Decrescente,Nublado,Dupla,Curva,Não,2,0,2,0,0,0,2,1,-27.4946,-48.6561,SPRF-SC,DEL01-SC,UOP01-DEL01-SC,2025
"657488,0",2025-01-26,domingo,15:10:00,SC,470,"142,9",RIO DO SUL,Acessar a via sem observar a presença dos outros veículos,Colisão transversal,Com Vítimas Feridas,Pleno dia,Decrescente,Céu Claro,Simples,Interseção de Vias;Curva,Sim,3,0,0,1,1,1,1,3,-27.229801,-49.6693,SPRF-SC,DEL04-SC,UOP02-DEL04-SC,2025
"657497,0",2025-01-26,domingo,16:20:00,SC,101,"196,7",BIGUACU,Reação tardia ou ineficiente do condutor,Colisão com objeto,Com Vítimas Feridas,Pleno dia,Decrescente,Nublado,Múltipla,Curva,Sim,1,0,0,1,0,0,1,1,-27.51101091,-48.64322292,SPRF-SC,DEL01-SC,UOP01-DEL01-SC,2025
"657514,0",2025-01-26,domingo,15:54:00,SC,470,"32,0",GASPAR,Condutor deixou de manter distância do veículo da frente,Colisão lateral mesmo sentido,Com Vítimas Feridas,Pleno dia,Crescente,Céu Claro,Dupla,Reta,Não,3,0,0,1,2,0,1,3,-26.901793,-48.931812,SPRF-SC,DEL04-SC,UOP01-DEL04-SC,2025
"657556,0",2025-01-26,domingo,19:50:00,SC,282,"513,6",XAXIM,Acessar a via sem observar a presença dos outros veículos,Colisão transversal,Com Vítimas Fatais,Plena Noite,Crescente,Nublado,Simples,Reta,Não,7,1,0,0,5,1,0,3,-26.91529409,-52.48435557,SPRF-SC,DEL07-SC,UOP01-DEL07-SC,2025
"657560,0",2025-01-26,domingo,20:55:00,SC,101,"226,9",PALHOCA,Trafegar com motocicleta (ou similar) entre as faixas,Colisão traseira,Com Vítimas Feridas,Plena Noite,Decrescente,Nublado,Dupla,Reta,Não,3,0,0,1,1,1,1,3,-27.74200001,-48.63806504,SPRF-SC,DEL01-SC,UOP02-DEL01-SC,2025
"657570,0",2025-01-26,domingo,20:25:00,SC,101,"427,1",SOMBRIO,Ausência de reação do condutor,Tombamento,Com Vítimas Feridas,Plena Noite,Decrescente,Nublado,Múltipla,Reta,Não,1,0,1,0,0,0,1,1,-29.04731597,-49.61751938,SPRF-SC,DEL02-SC,UOP02-DEL02-SC,2025
"657584,0",2025-01-26,domingo,22:00:00,SC,101,"74,0",ARAQUARI,Reação tardia ou ineficiente do condutor,Tombamento,Com Vítimas Feridas,Plena Noite,Crescente,Céu Claro,Dupla,Reta,Não,1,0,1,0,0,0,1,1,-26.54711111,-48.71301413,SPRF-SC,DEL03-SC,UOP02-DEL03-SC,2025
"657600,0",2025-01-26,domingo,15:15:00,SC,470,"74,8",INDAIAL,Acessar a via sem observar a presença dos outros veículos,Colisão transversal,Com Vítimas Feridas,Pleno dia,Crescente,Nublado,Simples,Reta,Não,3,0,1,0,1,1,1,3,-26.92378896,-49.28361839,SPRF-SC,DEL04-SC,UOP01-DEL04-SC,2025
"657601,0",2025-01-26,domingo,19:30:00,SC,470,"91,9",APIUNA,Chuva,Colisão com objeto,Com Vítimas Feridas,Plena Noite,Decrescente,Chuva,Simples,Reta;Ponte,Não,2,0,2,0,0,0,2,1,-26.98532894,-49.37289303,SPRF-SC,DEL04-SC,UOP01-DEL04-SC,2025
"657607,0",2025-01-27,segunda-feira,01:30:00,SC,101,"214,0",PALHOCA,Reação tardia ou ineficiente do condutor,Colisão com objeto,Sem Vítimas,Plena Noite,Decrescente,Céu Claro,Múltipla,Reta,Sim,2,0,0,0,1,1,0,1,-27.65139207,-48.67550611,SPRF-SC,DEL01-SC,UOP02-DEL01-SC,2025
"657653,0",2025-01-27,segunda-feira,08:45:00,SC,101,"148,2",ITAPEMA,Mal súbito do condutor,Colisão com objeto,Com Vítimas Feridas,Pleno dia,Crescente,Nublado,Múltipla,Reta,Sim,2,0,1,0,0,1,1,2,-27.10123686,-48.61807962,SPRF-SC,DEL04-SC,UOP03-DEL04-SC,2025
"657670,0",2025-01-27,segunda-feira,11:55:00,SC,101,"215,0",PALHOCA,Objeto estático sobre o leito carroçável,Colisão com objeto,Com Vítimas Feridas,Pleno dia,Decrescente,Céu Claro,Múltipla,Reta,Sim,2,0,1,0,1,0,1,2,-27.65184843,-48.67604941,SPRF-SC,DEL01-SC,UOP02-DEL01-SC,2025
"657675,0",2025-01-27,segunda-feira,11:10:00,SC,116,"10,2",MAFRA,Ausência de reação do condutor,Tombamento,Com Vítimas Feridas,Pleno dia,Crescente,Céu Claro,Simples,Reta,Não,2,0,1,0,1,0,1,1,-26.16829411,-49.85476074,SPRF-SC,DEL06-SC,UOP01-DEL06-SC,2025
"657678,0",2025-01-27,segunda-feira,12:20:00,SC,101,"324,6",CAPIVARI DE BAIXO,Condutor deixou de manter distância do veículo da frente,Colisão traseira,Com Vítimas Feridas,Pleno dia,Decrescente,Céu Claro,Múltipla,Curva,Sim,2,0,1,0,1,0,1,2,-28.42890047,-48.92285509,SPRF-SC,DEL02-SC,UOP01-DEL02-SC,2025
"657698,0",2025-01-27,segunda-feira,13:05:00,SC,101,"328,9",TUBARAO,Ultrapassagem Indevida,Colisão lateral mesmo sentido,Sem Vítimas,Pleno dia,Crescente,Céu Claro,Dupla,Reta;Ponte,Não,3,0,0,0,1,2,0,3,-28.43648094,-48.95989307,SPRF-SC,DEL02-SC,UOP01-DEL02-SC,2025
"657722,0",2025-01-15,quarta-feira,23:45:00,SC,101,"210,2",SAO JOSE,Reação tardia ou ineficiente do condutor,Colisão traseira,Com Vítimas Feridas,Plena Noite,Decrescente,Céu Claro,Múltipla,Reta,Sim,2,0,0,1,1,0,1,2,-27.6167305,-48.6457265,SPRF-SC,DEL01-SC,UOP01-DEL01-SC,2025