id,data_inversa,dia_semana,horario,uf,br,km,municipio,causa_acidente,tipo_acidente,classificacao_acidente,fase_dia,sentido_via,condicao_metereologica,tipo_pista,tracado_via,uso_solo,pessoas,mortos,feridos_leves,feridos_graves,ilesos,ignorados,feridos,veiculos,latitude,longitude,regional,delegacia,uop,ano_arquivo
"659666,0",2025-02-06,quinta-feira,16:44:00,SC,116,"17,0",MAFRA,Conversão proibida,Tombamento,Com Vítimas Fatais,Pleno dia,Decrescente,Nublado,Simples,Interseção de Vias;Reta,Não,4,1,0,0,3,0,0,2,-26.21817159,-49.88919497,SPRF-SC,DEL06-SC,UOP01-DEL06-SC,2025
"659667,0",2025-02-06,quinta-feira,18:50:00,SC,101,"137,0",BALNEARIO CAMBORIU,Avarias e/ou desgaste excessivo no pneu,Saída de leito carroçável,Com Vítimas Feridas,Anoitecer,Crescente,Nublado,Dupla,Reta,Sim,2,0,1,0,1,0,1,1,-27.0157238,-48.61192763,SPRF-SC,DEL04-SC,UOP03-DEL04-SC,2025
"659690,0",2025-02-06,quinta-feira,00:30:00,SC,280,"298,0",PORTO UNIAO,Ingestão de álcool pelo condutor,Saída de leito carroçável,Com Vítimas Feridas,Plena Noite,Crescente,Nublado,Simples,Reta,Não,2,0,1,0,1,0,1,1,-26.28153973,-51.00136008,SPRF-SC,DEL06-SC,UOP04-DEL06-SC,2025
"659692,0",2025-02-06,quinta-feira,19:40:00,SC,101,"87,5",BARRA VELHA,Pedestre cruzava a pista fora da faixa,Atropelamento de Pedestre,Com Vítimas Feridas,Plena Noite,Decrescente,Céu Claro,Dupla,Reta;Aclive,Sim,2,0,0,1,1,0,1,2,-26.64157075,-48.69035482,SPRF-SC,DEL03-SC,UOP02-DEL03-SC,2025
"659695,0",2025-02-06,quinta-feira,20:40:00,SC,163,"72,6",SAO MIGUEL DO OESTE,Velocidade Incompatível,Saída de leito carroçável,Com Vítimas Feridas,Plena Noite,Crescente,Garoa/Chuvisco,Dupla,Reta,Sim,5,0,1,1,0,3,2,2,-26.71579042,-53.51612091,SPRF-SC,DEL07-SC,UOP03-DEL07-SC,2025
"659708,0",2025-02-06,quinta-feira,11:40:00,SC,101,"339,2",TUBARAO,Desrespeitar a preferência no cruzamento,Colisão transversal,Com Vítimas Feridas,Pleno dia,Crescente,Céu Claro,Dupla,Interseção de Vias;Viaduto,Sim,3,0,2,0,1,0,2,2,-28.5069828,-49.04996932,SPRF-SC,DEL02-SC,UOP01-DEL02-SC,2025
"659732,0",2025-02-07,sexta-feira,03:00:00,SC,470,"18,7",ILHOTA,Transitar na contramão,Colisão frontal,Com Vítimas Fatais,Plena Noite,Decrescente,Céu Claro,Dupla,Reta,Não,3,1,2,0,0,0,2,2,-26.8598395,-48.8126131,SPRF-SC,DEL04-SC,UOP04-DEL04-SC,2025
"659736,0",2025-02-07,sexta-feira,04:20:00,SC,280,"71,0",JARAGUA DO SUL,Acessar a via sem observar a presença dos outros veículos,Colisão transversal,Com Vítimas Feridas,Plena Noite,Decrescente,Céu Claro,Simples,Curva,Não,3,0,0,1,2,0,1,2,-26.46151693,-49.13480597,SPRF-SC,DEL03-SC,UOP03-DEL03-SC,2025
"659739,0",2025-02-07,sexta-feira,05:45:00,SC,101,"148,0",ITAPEMA,Ingestão de álcool pelo condutor,Colisão traseira,Sem Vítimas,Amanhecer,Decrescente,Nublado,Múltipla,Reta,Sim,2,0,0,0,1,1,0,2,-27.10123686,-48.61807962,SPRF-SC,DEL04-SC,UOP03-DEL04-SC,2025
"659750,0",2025-02-07,sexta-feira,04:50:00,SC,280,"199,8",MAFRA,Condutor Dormindo,Colisão com objeto,Com Vítimas Feridas,Plena Noite,Decrescente,Ignorado,Simples,Reta,Não,3,0,1,0,2,0,1,1,-26.17454276,-50.07167101,SPRF-SC,DEL06-SC,UOP01-DEL06-SC,2025
"659768,0",2025-02-07,sexta-feira,08:30:00,SC,101,"5,3",ARARANGUA,Demais falhas mecânicas ou elétricas,Tombamento,Com Vítimas Feridas,Pleno dia,Decrescente,Sol,Simples,Reta,Sim,2,0,1,1,0,0,2,1,-28.96090259,-49.51684535,SPRF-SC,DEL02-SC,UOP02-DEL02-SC,2025
"659771,0",2025-02-06,quinta-feira,20:30:00,SC,101,"370,1",ICARA,Ingestão de álcool pelo condutor,Saída de leito carroçável,Sem Vítimas,Pleno dia,Crescente,Nublado,Dupla,Reta,Não,1,0,0,0,1,0,0,1,-28.69956788,-49.19239904,SPRF-SC,DEL02-SC,UOP01-DEL02-SC,2025
"659772,0",2025-02-07,sexta-feira,08:16:00,SC,101,"373,1",ICARA,Condutor Dormindo,Saída de leito carroçável,Com Vítimas Feridas,Pleno dia,Decrescente,Céu Claro,Dupla,Curva,Não,5,0,1,0,4,0,1,1,-28.7132671,-49.21763596,SPRF-SC,DEL02-SC,UOP01-DEL02-SC,2025
"659799,0",2025-02-07,sexta-feira,07:40:00,SC,280,"98,0",CORUPA,Transitar na contramão,Colisão frontal,Com Vítimas Fatais,Pleno dia,Crescente,Céu Claro,Simples,Reta,Não,3,1,1,0,1,0,1,2,-26.3765009,-49.3253421,SPRF-SC,DEL06-SC,UOP03-DEL06-SC,2025
"659801,0",2025-02-07,sexta-feira,11:00:00,SC,101,"163,0",TIJUCAS,Reação tardia ou ineficiente do condutor,Colisão traseira,Com Vítimas Feridas,Pleno dia,Decrescente,Nublado,Múltipla,Reta,Sim,2,0,1,0,1,0,1,2,-27.23461699,-48.63039809,SPRF-SC,DEL04-SC,UOP03-DEL04-SC,2025
"659808,0",2025-01-18,sábado,13:45:00,SC,282,"560,3",NOVA ITABERABA,Reação tardia ou ineficiente do condutor,Colisão com objeto,Com Vítimas Feridas,Pleno dia,Decrescente,Ignorado,Simples,Curva;Aclive,Não,1,0,1,0,0,0,1,1,-26.927135,-52.856205,SPRF-SC,DEL07-SC,UOP01-DEL07-SC,2025
"659845,0",2025-02-07,sexta-feira,15:10:00,SC,101,"288,0",IMBITUBA,Condutor deixou de manter distância do veículo da frente,Colisão traseira,Com Vítimas Feridas,Pleno dia,Decrescente,Céu Claro,Dupla,Reta,Sim,4,0,1,0,2,1,1,3,-28.24598003,-48.70010284,SPRF-SC,DEL02-SC,UOP03-DEL02-SC,2025
"659850,0",2025-02-07,sexta-feira,15:40:00,SC,101,"211,8",PALHOCA,Reação tardia ou ineficiente do condutor,Colisão lateral mesmo sentido,Com Vítimas Feridas,Pleno dia,Decrescente,Céu Claro,Dupla,Reta,Sim,3,0,1,0,2,0,1,3,-27.62329313,-48.65245588,SPRF-SC,DEL01-SC,UOP02-DEL01-SC,2025
"659853,0",2025-02-07,sexta-feira,11:00:00,SC,101,"135,0",BALNEARIO CAMBORIU,Transitar na contramão,Colisão transversal,Com Vítimas Feridas,Pleno dia,Crescente,Céu Claro,Dupla,Curva,Não,2,0,1,0,1,0,1,2,-27.0050108,-48.62677494,SPRF-SC,DEL04-SC,UOP03-DEL04-SC,2025
"659881,0",2025-02-07,sexta-feira,18:20:00,SC,470,"54,1",BLUMENAU,Trafegar com motocicleta (ou similar) entre as faixas,Colisão frontal,Com Vítimas Feridas,Anoitecer,Crescente,Nublado,Simples,Em Obras;Reta,Sim,2,0,1,0,1,0,1,2,-26.87159757,-49.11194444,SPRF-SC,DEL04-SC,UOP01-DEL04-SC,2025
"659940,0",2025-02-07,sexta-feira,20:00:00,SC,280,"180,8",MAFRA,Ausência de reação do condutor,Colisão com objeto,Com Vítimas Feridas,Plena Noite,Crescente,Céu Claro,Simples,Ponte;Reta,Não,1,0,1,0,0,0,1,1,-26.17284811,-49.89312172,SPRF-SC,DEL06-SC,UOP01-DEL06-SC,2025
"659957,0",2025-02-08,sábado,03:25:00,SC,282,"219,3",LAGES,Reação tardia ou ineficiente do condutor,Colisão traseira,Com Vítimas Feridas,Plena Noite,Crescente,Céu Claro,Simples,Reta,Sim,2,0,1,0,0,1,1,2,-27.795521,-50.323608,SPRF-SC,DEL05-SC,UOP01-DEL05-SC,2025
"660008,0",2025-02-08,sábado,09:00:00,SC,101,"205,0",SAO JOSE,Condutor deixou de manter distância do veículo da frente,Colisão traseira,Com Vítimas Feridas,Pleno dia,Crescente,Céu Claro,Dupla,Curva;Aclive,Não,2,0,1,0,0,1,1,2,-27.58313237,-48.61532885,SPRF-SC,DEL01-SC,UOP01-DEL01-SC,2025
"660039,0",2025-02-08,sábado,08:00:00,SC,282,"519,0",XAXIM,Manobra de mudança de faixa,Colisão lateral mesmo sentido,Com Vítimas Feridas,Pleno dia,Decrescente,Céu Claro,Simples,Curva;Aclive,Não,3,0,2,0,1,0,2,2,-26.947527,-52.517536,SPRF-SC,DEL07-SC,UOP01-DEL07-SC,2025
"660064,0",2025-02-08,sábado,14:05:00,SC,101,"194,0",BIGUACU,Reação tardia ou ineficiente do condutor,Engavetamento,Com Vítimas Feridas,Pleno dia,Decrescente,Céu Claro,Dupla,Reta,Sim,7,0,5,0,2,0,5,4,-27.49815117,-48.65661236,SPRF-SC,DEL01-SC,UOP01-DEL01-SC,2025
"660073,0",2025-02-08,sábado,14:30:00,SC,282,"1,8",FLORIANOPOLIS,Reação tardia ou ineficiente do condutor,Colisão traseira,Com Vítimas Feridas,Pleno dia,Decrescente,Sol,Dupla,Reta,Sim,3,0,2,0,1,0,2,2,-27.602955,-48.580509,SPRF-SC,DEL01-SC,UOP01-DEL01-SC,2025
"660086,0",2025-02-08,sábado,16:00:00,SC,101,"423,5",ARARANGUA,Ausência de reação do condutor,Tombamento,Com Vítimas Feridas,Pleno dia,Crescente,Céu Claro,Múltipla,Aclive;Reta;Viaduto,Não,1,0,1,0,0,0,1,1,-29.01601155,-49.58269226,SPRF-SC,DEL02-SC,UOP02-DEL02-SC,2025
"660098,0",2025-02-08,sábado,18:00:00,SC,101,"87,5",BARRA VELHA,Ausência de reação do condutor,Colisão com objeto,Com Vítimas Feridas,Pleno dia,Crescente,Nublado,Múltipla,Reta,Sim,1,0,0,1,0,0,1,1,-26.63713377,-48.69651057,SPRF-SC,DEL03-SC,UOP02-DEL03-SC,2025
"660118,0",2025-02-08,sábado,19:15:00,SC,101,"203,0",SAO JOSE,Reação tardia ou ineficiente do condutor,Queda de ocupante de veículo,Com Vítimas Feridas,Plena Noite,Decrescente,Céu Claro,Dupla,Curva,Não,1,0,1,0,0,0,1,1,-27.5650044,-48.61460082,SPRF-SC,DEL01-SC,UOP01-DEL01-SC,2025
"660120,0",2025-02-08,sábado,17:40:00,SC,101,"226,9",PALHOCA,Participar de racha,Colisão com objeto,Com Vítimas Feridas,Pleno dia,Crescente,Céu Claro,Dupla,Reta,Não,4,0,1,3,0,0,4,3,-27.74200001,-48.63806504,SPRF-SC,DEL01-SC,UOP02-DEL01-SC,2025
"660133,0",2025-02-08,sábado,17:40:00,SC,101,"333,7",TUBARAO,Ingestão de álcool pelo condutor,Tombamento,Com Vítimas Feridas,Pleno dia,Crescente,Céu Claro,Dupla,Rotatória,Sim,1,0,1,0,0,0,1,1,-28.46933264,-49.01530981,SPRF-SC,DEL02-SC,UOP01-DEL02-SC,2025
"660134,0",2025-02-08,sábado,19:20:00,SC,101,"313,0",LAGUNA,Ingestão de álcool pelo condutor,Colisão traseira,Com Vítimas Feridas,Plena Noite,Crescente,Céu Claro,Dupla,Reta;Ponte,Não,7,0,5,0,2,0,5,2,-28.43905343,-48.82987261,SPRF-SC,DEL02-SC,UOP01-DEL02-SC,2025
"660137,0",2025-02-08,sábado,20:00:00,SC,101,"5,6",SAO JOSE,Reação tardia ou ineficiente do condutor,Colisão com objeto,Com Vítimas Fatais,Plena Noite,Crescente,Céu Claro,Dupla,Curva,Não,6,1,0,1,4,0,1,2,-27.58498068,-48.6177206,SPRF-SC,DEL03-SC,UOP01-DEL03-SC,2025
"660150,0",2025-02-08,sábado,17:50:00,SC,101,"164,0",PORTO BELO,Trafegar com motocicleta (ou similar) entre as faixas,Colisão lateral mesmo sentido,Com Vítimas Feridas,Pleno dia,Decrescente,Céu Claro,Dupla,Viaduto;Reta,Sim,3,0,0,1,2,0,1,2,-27.243868,-48.6309,SPRF-SC,DEL04-SC,UOP03-DEL04-SC,2025
"660167,0",2025-02-08,sábado,21:45:00,SC,116,"149,6",SANTA CECILIA,Ingestão de álcool pelo condutor,Saída de leito carroçável,Sem Vítimas,Plena Noite,Decrescente,Céu Claro,Simples,Curva,Não,1,0,0,0,1,0,0,1,-27.02405304,-50.42005513,SPRF-SC,DEL06-SC,UOP02-DEL06-SC,2025
"660169,0",2025-02-08,sábado,22:50:00,SC,101,"132,0",BALNEARIO CAMBORIU,Manobra de mudança de faixa,Colisão lateral mesmo sentido,Com Vítimas Feridas,Plena Noite,Decrescente,Nublado,Múltipla,Reta,Sim,2,0,1,0,1,0,1,2,-26.99654133,-48.65564711,SPRF-SC,DEL04-SC,UOP03-DEL04-SC,2025
"660179,0",2025-02-09,domingo,00:51:00,SC,101,"223,0",PALHOCA,Ingestão de álcool pelo condutor,Colisão traseira,Com Vítimas Feridas,Plena Noite,Crescente,Céu Claro,Dupla,Reta,Não,2,0,1,1,0,0,2,2,-27.71552634,-48.64881251,SPRF-SC,DEL01-SC,UOP02-DEL01-SC,2025
"660194,0",2025-02-09,domingo,04:25:00,SC,101,"109,0",PENHA,Reação tardia ou ineficiente do condutor,Capotamento,Com Vítimas Feridas,Plena Noite,Crescente,Céu Claro,Dupla,Curva,Não,1,0,0,1,0,0,1,1,-26.8333519,-48.69632106,SPRF-SC,DEL03-SC,UOP02-DEL03-SC,2025
"660198,0",2025-02-09,domingo,05:30:00,SC,101,"133,0",BALNEARIO CAMBORIU,Ausência de reação do condutor,Colisão com objeto,Com Vítimas Feridas,Pleno dia,Crescente,Céu Claro,Múltipla,Reta,Sim,1,0,1,0,0,0,1,1,-26.99936,-48.64609,SPRF-SC,DEL04-SC,UOP03-DEL04-SC,2025
"660200,0",2025-02-09,domingo,04:00:00,SC,101,"415,0",ARARANGUA,Condutor Dormindo,Saída de leito carroçável,Com Vítimas Feridas,Plena Noite,Decrescente,Céu Claro,Múltipla,Curva,Sim,2,0,0,2,0,0,2,1,-28.96040535,-49.51653267,SPRF-SC,DEL02-SC,UOP02-DEL02-SC,2025
"660203,0",2025-02-09,domingo,05:55:00,SC,470,"50,0",BLUMENAU,Condutor Dormindo,Colisão traseira,Com Vítimas Feridas,Amanhecer,Decrescente,Céu Claro,Dupla,Reta,Não,2,0,1,0,0,1,1,2,-26.859768,-49.074493,SPRF-SC,DEL04-SC,UOP01-DEL04-SC,2025
"660219,0",2025-02-09,domingo,08:05:00,SC,101,"53,1",JOINVILLE,Velocidade Incompatível,Saída de leito carroçável,Com Vítimas Feridas,Pleno dia,Decrescente,Céu Claro,Dupla,Curva,Não,1,0,1,0,0,0,1,1,-26.41498481,-48.83531213,SPRF-SC,DEL03-SC,UOP01-DEL03-SC,2025
"660229,0",2025-02-09,domingo,08:00:00,SC,282,"42,0",AGUAS MORNAS,Reação tardia ou ineficiente do condutor,Queda de ocupante de veículo,Com Vítimas Feridas,Pleno dia,Crescente,Céu Claro,Simples,Reta,Sim,1,0,1,0,0,0,1,1,-27.72077,-48.887478,SPRF-SC,DEL01-SC,UOP03-DEL01-SC,2025
"660232,0",2025-02-09,domingo,09:05:00,SC,470,"49,5",BLUMENAU,Manobra de mudança de faixa,Colisão transversal,Com Vítimas Feridas,Pleno dia,Decrescente,Céu Claro,Dupla,Declive;Curva,Não,4,0,1,0,3,0,1,2,-26.86160568,-49.07026291,SPRF-SC,DEL04-SC,UOP01-DEL04-SC,2025
"660242,0",2025-02-09,domingo,10:25:00,SC,280,"26,0",ARAQUARI,Acessar a via sem observar a presença dos outros veículos,Colisão transversal,Com Vítimas Feridas,Pleno dia,Decrescente,Sol,Simples,Reta,Sim,3,0,2,0,1,0,2,2,-26.38972308,-48.73411593,SPRF-SC,DEL03-SC,UOP03-DEL03-SC,2025
"660243,0",2025-02-09,domingo,10:30:00,SC,101,"217,4",PALHOCA,Avarias e/ou desgaste excessivo no pneu,Queda de ocupante de veículo,Com Vítimas Feridas,Pleno dia,Decrescente,Céu Claro,Dupla,Reta,Não,2,0,2,0,0,0,2,1,-27.66779034,-48.67393586,SPRF-SC,DEL01-SC,UOP02-DEL01-SC,2025
"660244,0",2025-02-09,domingo,09:45:00,SC,470,"98,5",APIUNA,Reação tardia ou ineficiente do condutor,Colisão traseira,Com Vítimas Feridas,Pleno dia,Crescente,Nublado,Simples,Reta,Sim,2,0,1,0,1,0,1,2,-27.03707199,-49.39221382,SPRF-SC,DEL04-SC,UOP02-DEL04-SC,2025
"660257,0",2025-02-09,domingo,08:20:00,SC,282,"446,0",PONTE SERRADA,Transitar na contramão,Colisão frontal,Com Vítimas Fatais,Pleno dia,Crescente,Céu Claro,Simples,Curva,Não,2,1,0,0,1,0,0,2,-26.912537,-51.905172,SPRF-SC,DEL07-SC,UOP04-DEL07-SC,2025
"660264,0",2025-02-09,domingo,12:15:00,SC,101,"157,3",PORTO BELO,Reação tardia ou ineficiente do condutor,Colisão com objeto,Com Vítimas Feridas,Pleno dia,Decrescente,Céu Claro,Dupla,Reta,Sim,2,0,1,0,1,0,1,1,-27.181625,-48.6121179,SPRF-SC,DEL04-SC,UOP03-DEL04-SC,2025
"660273,0",2025-02-09,domingo,12:00:00,SC,101,"99,0",BALNEARIO PICARRAS,Avarias e/ou desgaste excessivo no pneu,Tombamento,Com Vítimas Feridas,Pleno dia,Crescente,Céu Claro,Dupla,Reta,Não,2,0,2,0,0,0,2,1,-26.7471002,-48.69654831,SPRF-SC,DEL03-SC,UOP02-DEL03-SC,2025
"660285,0",2025-02-09,domingo,15:20:00,SC,470,"53,2",BLUMENAU,Ingestão de álcool pelo condutor,Colisão lateral sentido oposto,Com Vítimas Feridas,Pleno dia,Crescente,Sol,Simples,Curva,Não,2,0,1,1,0,0,2,2,-26.867121,-49.102066,SPRF-SC,DEL04-SC,UOP01-DEL04-SC,2025
"660301,0",2025-02-09,domingo,08:45:00,SC,280,"85,0",CORUPA,Reação tardia ou ineficiente do condutor,Colisão traseira,Com Vítimas Feridas,Pleno dia,Crescente,Céu Claro,Simples,Aclive;Reta,Não,7,0,1,0,6,0,1,2,-26.41662398,-49.25617218,SPRF-SC,DEL06-SC,UOP03-DEL06-SC,2025
"660307,0",2025-02-09,domingo,14:40:00,SC,101,"30,9",JOINVILLE,Avarias e/ou desgaste excessivo no pneu,Tombamento,Com Vítimas Feridas,Pleno dia,Crescente,Céu Claro,Dupla,Reta,Não,2,0,2,0,0,0,2,1,-26.23665019,-48.91503811,SPRF-SC,DEL03-SC,UOP01-DEL03-SC,2025
"660308,0",2025-02-09,domingo,16:50:00,SC,101,"164,0",TIJUCAS,Ausência de reação do condutor,Colisão traseira,Com Vítimas Feridas,Pleno dia,Decrescente,Céu Claro,Dupla,Reta;Declive;Interseção de Vias,Sim,3,0,1,0,2,0,1,2,-27.243868,-48.6309,SPRF-SC,DEL04-SC,UOP03-DEL04-SC,2025
"660310,0",2025-02-09,domingo,16:20:00,SC,116,"224,3",CORREIA PINTO,Mal súbito do condutor,Saída de leito carroçável,Com Vítimas Feridas,Pleno dia,Decrescente,Céu Claro,Simples,Curva,Não,2,0,2,0,0,0,2,1,-27.621103,-50.344333,SPRF-SC,DEL05-SC,UOP03-DEL05-SC,2025
"660320,0",2025-02-09,domingo,18:10:00,SC,282,"16,4",PALHOCA,Manobra de mudança de faixa,Colisão lateral mesmo sentido,Com Vítimas Feridas,Pleno dia,Decrescente,Sol,Simples,Reta,Sim,3,0,1,0,2,0,1,2,-27.658611,-48.681847,SPRF-SC,DEL01-SC,UOP02-DEL01-SC,2025
"660321,0",2025-02-09,domingo,18:10:00,SC,470,"158,7",TROMBUDO CENTRAL,Ingestão de álcool pelo condutor,Colisão traseira,Com Vítimas Feridas,Anoitecer,Decrescente,Céu Claro,Simples,Curva,Sim,3,0,2,0,1,0,2,2,-27.2861268,-49.78975567,SPRF-SC,DEL04-SC,UOP02-DEL04-SC,2025
"660324,0",2025-02-09,domingo,18:20:00,SC,101,"213,3",PALHOCA,Desrespeitar a preferência no cruzamento,Colisão transversal,Com Vítimas Feridas,Anoitecer,Decrescente,Nublado,Dupla,Reta;Interseção de Vias;Viaduto,Sim,2,0,0,1,1,0,1,2,-27.63697369,-48.66514142,SPRF-SC,DEL01-SC,UOP02-DEL01-SC,2025
"660329,0",2025-02-09,domingo,17:20:00,SC,101,"369,0",ICARA,Ausência de reação do condutor,Tombamento,Com Vítimas Feridas,Pleno dia,Decrescente,Céu Claro,Múltipla,Reta,Não,2,0,2,0,0,0,2,1,-28.69775604,-49.182934,SPRF-SC,DEL02-SC,UOP01-DEL02-SC,2025
"660354,0",2025-02-09,domingo,19:30:00,SC,101,"65,0",ARAQUARI,Ausência de reação do condutor,Saída de leito carroçável,Com Vítimas Feridas,Plena Noite,Crescente,Céu Claro,Múltipla,Curva,Não,2,0,1,0,1,0,1,1,-26.47135714,-48.74457217,SPRF-SC,DEL03-SC,UOP02-DEL03-SC,2025
"660369,0",2025-02-09,domingo,19:30:00,SC,101,"131,0",BALNEARIO CAMBORIU,Manobra de mudança de faixa,Colisão lateral mesmo sentido,Com Vítimas Feridas,Plena Noite,Decrescente,Céu Claro,Dupla,Reta,Sim,2,0,0,1,1,0,1,2,-26.99064209,-48.66310912,SPRF-SC,DEL04-SC,UOP03-DEL04-SC,2025
"660373,0",2025-02-09,domingo,19:15:00,SC,101,"283,3",IMBITUBA,Transitar na contramão,Colisão frontal,Com Vítimas Fatais,Plena Noite,Decrescente,Céu Claro,Dupla,Reta,Não,4,1,0,0,3,0,0,2,-28.223731,-48.700628,SPRF-SC,DEL02-SC,UOP03-DEL02-SC,2025
"660385,0",2025-02-09,domingo,21:29:00,SC,282,"371,0",ERVAL VELHO,Ausência de reação do condutor,Saída de leito carroçável,Sem Vítimas,Plena Noite,Decrescente,Céu Claro,Simples,Curva;Declive,Não,1,0,0,0,0,1,0,1,-27.262321,-51.442307,SPRF-SC,DEL07-SC,UOP05-DEL07-SC,2025
"660416,0",2025-02-09,domingo,23:00:00,SC,116,"58,3",PAPANDUVA,Velocidade Incompatível,Saída de leito carroçável,Com Vítimas Feridas,Plena Noite,Decrescente,Céu Claro,Simples,Reta,Não,1,0,1,0,0,0,1,1,-26.37772259,-50.19785907,SPRF-SC,DEL06-SC,UOP02-DEL06-SC,2025
"660429,0",2025-02-09,domingo,20:45:00,SC,282,"437,0",VARGEM BONITA,Condutor Dormindo,Saída de leito carroçável,Sem Vítimas,Plena Noite,Decrescente,Céu Claro,Simples,Reta,Não,1,0,0,0,0,1,0,1,-26.963764,-51.854839,SPRF-SC,DEL07-SC,UOP04-DEL07-SC,2025
"660438,0",2025-02-10,segunda-feira,02:20:00,SC,101,"367,0",ICARA,Reação tardia ou ineficiente do condutor,Saída de leito carroçável,Sem Vítimas,Plena Noite,Crescente,Céu Claro,Dupla,Aclive;Reta,Sim,1,0,0,0,0,1,0,1,-28.69145778,-49.16484911,SPRF-SC,DEL02-SC,UOP01-DEL02-SC,2025
"660483,0",2025-02-10,segunda-feira,09:20:00,SC,101,"356,9",JAGUARUNA,Acumulo de areia ou detritos sobre o pavimento,Saída de leito carroçável,Com Vítimas Feridas,Pleno dia,Crescente,Céu Claro,Simples,Curva;Interseção de Vias,Sim,1,0,1,0,0,0,1,1,-28.635168,-49.09467,SPRF-SC,DEL02-SC,UOP01-DEL02-SC,2025
"660486,0",2025-02-10,segunda-feira,09:35:00,SC,101,"416,8",ARARANGUA,Condutor deixou de manter distância do veículo da frente,Colisão traseira,Com Vítimas Feridas,Pleno dia,Crescente,Sol,Dupla,Reta,Não,2,0,1,0,0,1,1,2,-28.97991271,-49.53666687,SPRF-SC,DEL02-SC,UOP02-DEL02-SC,2025
"660488,0",2025-02-10,segunda-feira,10:00:00,SC,101,"151,0",ITAPEMA,Reação tardia ou ineficiente do condutor,Engavetamento,Com Vítimas Feridas,Pleno dia,Crescente,Sol,Múltipla,Reta,Sim,5,0,2,0,2,1,2,3,-27.126536,-48.609642,SPRF-SC,DEL04-SC,UOP03-DEL04-SC,2025
"660497,0",2025-02-10,segunda-feira,07:10:00,SC,470,"2,0",NAVEGANTES,Acessar a via sem observar a presença dos outros veículos,Colisão transversal,Com Vítimas Feridas,Pleno dia,Decrescente,Céu Claro,Simples,Interseção de Vias;Rotatória;Viaduto;Retorno Regulamentado,Sim,2,0,2,0,0,0,2,2,-26.868551,-48.674831,SPRF-SC,DEL04-SC,UOP04-DEL04-SC,2025
"660545,0",2025-02-10,segunda-feira,16:30:00,SC,101,"214,5",PALHOCA,Trafegar com motocicleta (ou similar) entre as faixas,Queda de ocupante de veículo,Com Vítimas Feridas,Pleno dia,Crescente,Céu Claro,Dupla,Reta,Sim,3,0,2,0,1,0,2,2,-27.64443,-48.67057,SPRF-SC,DEL01-SC,UOP02-DEL01-SC,2025
"660563,0",2025-02-10,segunda-feira,18:00:00,SC,470,"140,0",RIO DO SUL,Trafegar com motocicleta (ou similar) entre as faixas,Colisão lateral mesmo sentido,Com Vítimas Feridas,Pleno dia,Decrescente,Sol,Simples,Retorno Regulamentado,Sim,2,0,1,0,1,0,1,2,-27.20478912,-49.6384697,SPRF-SC,DEL04-SC,UOP02-DEL04-SC,2025
"660568,0",2025-02-10,segunda-feira,17:45:00,SC,280,"67,3",JARAGUA DO SUL,Desrespeitar a preferência no cruzamento,Colisão transversal,Com Vítimas Feridas,Pleno dia,Crescente,Céu Claro,Simples,Reta,Sim,3,0,1,0,2,0,1,2,-26.4775146,-49.10363575,SPRF-SC,DEL03-SC,UOP03-DEL03-SC,2025
"660570,0",2025-02-10,segunda-feira,17:50:00,SC,101,"207,5",SAO JOSE,Trafegar com motocicleta (ou similar) entre as faixas,Colisão traseira,Com Vítimas Feridas,Anoitecer,Decrescente,Céu Claro,Múltipla,Reta,Sim,2,0,1,0,1,0,1,2,-27.60001226,-48.6226467,SPRF-SC,DEL01-SC,UOP01-DEL01-SC,2025
"660573,0",2025-02-10,segunda-feira,18:00:00,SC,101,"132,0",CAMBORIU,Conversão proibida,Colisão transversal,Com Vítimas Feridas,Anoitecer,Crescente,Céu Claro,Múltipla,Interseção de Vias,Sim,2,0,1,0,1,0,1,2,-26.99654133,-48.65564711,SPRF-SC,DEL04-SC,UOP03-DEL04-SC,2025
"660580,0",2025-02-10,segunda-feira,18:20:00,SC,101,"117,0",ITAJAI,Ausência de reação do condutor,Colisão lateral mesmo sentido,Com Vítimas Feridas,Anoitecer,Crescente,Nublado,Dupla,Reta,Não,2,0,0,1,1,0,1,2,-26.88747187,-48.72252969,SPRF-SC,DEL04-SC,UOP04-DEL04-SC,2025
"660584,0",2025-02-10,segunda-feira,18:50:00,SC,101,"210,1",SAO JOSE,Condutor deixou de manter distância do veículo da frente,Colisão traseira,Com Vítimas Feridas,Anoitecer,Crescente,Céu Claro,Simples,Reta,Sim,2,0,1,0,1,0,1,2,-27.6167305,-48.6457265,SPRF-SC,DEL01-SC,UOP01-DEL01-SC,2025
"660585,0",2025-02-10,segunda-feira,17:45:00,SC,282,"0,9",FLORIANOPOLIS,Condutor deixou de manter distância do veículo da frente,Colisão traseira,Com Vítimas Feridas,Pleno dia,Crescente,Céu Claro,Múltipla,Reta,Sim,2,0,0,1,1,0,1,2,-27.59845,-48.571995,SPRF-SC,DEL01-SC,UOP01-DEL01-SC,2025
"660597,0",2025-02-10,segunda-feira,19:15:00,SC,101,"416,0",ARARANGUA,Reação tardia ou ineficiente do condutor,Atropelamento de Pedestre,Com Vítimas Feridas,Plena Noite,Decrescente,Céu Claro,Múltipla,Reta,Sim,2,0,1,0,1,0,1,2,-28.97205501,-49.52810526,SPRF-SC,DEL02-SC,UOP02-DEL02-SC,2025