id,data_inversa,dia_semana,horario,uf,br,km,municipio,causa_acidente,tipo_acidente,classificacao_acidente,fase_dia,sentido_via,condicao_metereologica,tipo_pista,tracado_via,uso_solo,pessoas,mortos,feridos_leves,feridos_graves,ilesos,ignorados,feridos,veiculos,latitude,longitude,regional,delegacia,uop,ano_arquivo
"672817,0",2025-04-10,quinta-feira,17:00:00,SC,280,"7,5",SAO FRANCISCO DO SUL,Conversão proibida,Colisão frontal,Com Vítimas Feridas,Anoitecer,Crescente,Céu Claro,Simples,Reta,Não,2,0,0,1,1,0,1,2,-26.28017878,-48.64694595,SPRF-SC,DEL03-SC,UOP03-DEL03-SC,2025
"672827,0",2025-04-10,quinta-feira,21:00:00,SC,282,"4,0",FLORIANOPOLIS,Pista Escorregadia,Saída de leito carroçável,Sem Vítimas,Plena Noite,Decrescente,Chuva,Múltipla,Curva,Sim,1,0,0,0,1,0,0,1,-27.595939,-48.601539,SPRF-SC,DEL01-SC,UOP01-DEL01-SC,2025
"672834,0",2025-04-10,quinta-feira,17:30:00,SC,280,"28,0",ARAQUARI,Transitar no Acostamento,Colisão transversal,Com Vítimas Feridas,Anoitecer,Crescente,Céu Claro,Simples,Reta,Sim,2,0,0,1,1,0,1,2,-26.40727882,-48.74875003,SPRF-SC,DEL03-SC,UOP03-DEL03-SC,2025
"672844,0",2025-04-10,quinta-feira,22:45:00,SC,101,"212,8",PALHOCA,Reação tardia ou ineficiente do condutor,Colisão traseira,Com Vítimas Feridas,Plena Noite,Decrescente,Chuva,Múltipla,Reta,Sim,3,0,1,0,2,0,1,2,-27.65960751,-48.67764384,SPRF-SC,DEL01-SC,UOP02-DEL01-SC,2025
"672852,0",2025-04-11,sexta-feira,00:20:00,SC,101,"0,0",ARARANGUA,Falta de elemento de contenção que evite a saída do leito carroçável,Saída de leito carroçável,Sem Vítimas,Plena Noite,Crescente,Chuva,Simples,Reta,Não,1,0,0,0,0,1,0,1,-28.9290911,-49.4826755,SPRF-SC,DEL02-SC,UOP02-DEL02-SC,2025
"672855,0",2025-04-11,sexta-feira,03:20:00,SC,101,"130,5",BALNEARIO CAMBORIU,Ausência de reação do condutor,Colisão com objeto,Com Vítimas Fatais,Plena Noite,Decrescente,Chuva,Múltipla,Reta,Sim,1,1,0,0,0,0,0,1,-26.98732,-48.66558,SPRF-SC,DEL04-SC,UOP03-DEL04-SC,2025
"672870,0",2025-04-11,sexta-feira,05:45:00,SC,101,"257,5",PAULO LOPES,Ausência de reação do condutor,Colisão com objeto,Com Vítimas Feridas,Amanhecer,Decrescente,Chuva,Dupla,Reta,Não,5,0,5,0,0,0,5,1,-28.0771265,-48.7124993,SPRF-SC,DEL02-SC,UOP03-DEL02-SC,2025
"672890,0",2025-04-11,sexta-feira,07:10:00,SC,282,"336,0",CAMPOS NOVOS,Acessar a via sem observar a presença dos outros veículos,Colisão transversal,Com Vítimas Feridas,Pleno dia,Decrescente,Sol,Simples,Interseção de Vias,Sim,2,0,0,1,1,0,1,2,-27.39373069,-51.19228536,SPRF-SC,DEL07-SC,UOP06-DEL07-SC,2025
"672909,0",2025-04-11,sexta-feira,07:29:00,SC,282,"72,0",RANCHO QUEIMADO,Velocidade Incompatível,Colisão frontal,Com Vítimas Feridas,Pleno dia,Crescente,Chuva,Dupla,Curva;Aclive,Não,4,0,1,1,2,0,2,2,-27.683296,-49.10591,SPRF-SC,DEL01-SC,UOP03-DEL01-SC,2025
"672953,0",2025-04-11,sexta-feira,14:03:00,SC,470,"233,0",RIO DO SUL,Acessar a via sem observar a presença dos outros veículos,Colisão lateral mesmo sentido,Com Vítimas Feridas,Pleno dia,Decrescente,Nublado,Simples,Reta,Não,4,0,3,0,1,0,3,2,-27.17151547,-49.57932472,SPRF-SC,DEL05-SC,UOP03-DEL05-SC,2025
"672957,0",2025-04-11,sexta-feira,13:45:00,SC,101,"24,6",JOINVILLE,Acessar a via sem observar a presença dos outros veículos,Colisão transversal,Com Vítimas Feridas,Pleno dia,Decrescente,Garoa/Chuvisco,Simples,Interseção de Vias;Reta,Sim,2,0,0,1,1,0,1,2,-26.17892807,-48.90862042,SPRF-SC,DEL03-SC,UOP01-DEL03-SC,2025
"672980,0",2025-04-11,sexta-feira,16:00:00,SC,282,"62,5",RANCHO QUEIMADO,Ausência de reação do condutor,Colisão lateral mesmo sentido,Com Vítimas Feridas,Pleno dia,Decrescente,Nublado,Simples,Declive;Reta,Não,5,0,2,1,2,0,3,2,-27.6911628,-49.03957844,SPRF-SC,DEL01-SC,UOP03-DEL01-SC,2025
"672988,0",2025-04-11,sexta-feira,17:30:00,SC,282,"54,5",AGUAS MORNAS,Chuva,Saída de leito carroçável,Sem Vítimas,Plena Noite,Decrescente,Chuva,Simples,Declive;Curva,Não,1,0,0,0,0,1,0,1,-27.68829063,-48.9792038,SPRF-SC,DEL01-SC,UOP03-DEL01-SC,2025
"673002,0",2025-04-11,sexta-feira,18:45:00,SC,101,"332,0",TUBARAO,Transitar no Acostamento,Colisão transversal,Com Vítimas Feridas,Plena Noite,Decrescente,Céu Claro,Dupla,Interseção de Vias,Sim,2,0,0,1,1,0,1,2,-28.46818627,-49.00152141,SPRF-SC,DEL02-SC,UOP01-DEL02-SC,2025
"673016,0",2025-04-11,sexta-feira,19:15:00,SC,116,"220,0",CORREIA PINTO,Acessar a via sem observar a presença dos outros veículos,Colisão transversal,Com Vítimas Feridas,Plena Noite,Decrescente,Céu Claro,Simples,Reta,Sim,3,0,3,0,0,0,3,2,-27.586336,-50.364808,SPRF-SC,DEL05-SC,UOP03-DEL05-SC,2025
"673029,0",2025-04-11,sexta-feira,19:40:00,SC,163,"71,4",SAO MIGUEL DO OESTE,Acessar a via sem observar a presença dos outros veículos,Colisão transversal,Com Vítimas Feridas,Plena Noite,Decrescente,Céu Claro,Dupla,Reta;Interseção de Vias,Sim,3,0,1,0,2,0,1,2,-26.72548851,-53.51333141,SPRF-SC,DEL07-SC,UOP03-DEL07-SC,2025
"673051,0",2025-04-11,sexta-feira,21:30:00,SC,280,"58,6",GUARAMIRIM,Acessar a via sem observar a presença dos outros veículos,Colisão lateral mesmo sentido,Com Vítimas Feridas,Plena Noite,Crescente,Céu Claro,Dupla,Reta,Não,2,0,1,0,1,0,1,2,-26.47582,-49.03155,SPRF-SC,DEL03-SC,UOP03-DEL03-SC,2025
"673068,0",2025-04-11,sexta-feira,22:30:00,SC,163,"69,4",SAO MIGUEL DO OESTE,Acessar a via sem observar a presença dos outros veículos,Colisão transversal,Com Vítimas Feridas,Plena Noite,Decrescente,Céu Claro,Dupla,Reta;Declive;Interseção de Vias,Sim,2,0,1,0,1,0,1,2,-26.73676678,-53.50354671,SPRF-SC,DEL07-SC,UOP03-DEL07-SC,2025
"673073,0",2025-04-11,sexta-feira,21:30:00,SC,101,"117,5",ITAJAI,Reação tardia ou ineficiente do condutor,Colisão lateral mesmo sentido,Sem Vítimas,Plena Noite,Decrescente,Nublado,Múltipla,Reta,Sim,1,0,0,0,1,0,0,1,-26.891829,-48.72053,SPRF-SC,DEL04-SC,UOP04-DEL04-SC,2025
"673075,0",2025-04-12,sábado,01:03:00,SC,101,"197,4",BIGUACU,Ingestão de álcool pelo condutor,Colisão transversal,Com Vítimas Feridas,Plena Noite,Decrescente,Céu Claro,Dupla,Reta,Sim,2,0,1,0,1,0,1,2,-27.522269,-48.636947,SPRF-SC,DEL01-SC,UOP01-DEL01-SC,2025
"673077,0",2025-04-11,sexta-feira,22:55:00,SC,280,"18,6",BALNEARIO BARRA DO SUL,Ingestão de álcool pelo condutor,Saída de leito carroçável,Com Vítimas Feridas,Plena Noite,Decrescente,Garoa/Chuvisco,Simples,Em Obras;Reta,Não,1,0,1,0,0,0,1,1,-26.368242,-48.668407,SPRF-SC,DEL03-SC,UOP03-DEL03-SC,2025
"673078,0",2025-04-12,sábado,01:00:00,SC,101,"114,9",ITAJAI,Condutor deixou de manter distância do veículo da frente,Colisão traseira,Com Vítimas Feridas,Plena Noite,Decrescente,Nevoeiro/Neblina,Múltipla,Reta;Interseção de Vias,Sim,2,0,0,1,0,1,1,2,-26.87068261,-48.72941386,SPRF-SC,DEL04-SC,UOP04-DEL04-SC,2025
"673088,0",2025-04-12,sábado,03:20:00,SC,470,"122,7",IBIRAMA,Velocidade Incompatível,Saída de leito carroçável,Com Vítimas Feridas,Plena Noite,Decrescente,Céu Claro,Simples,Curva,Não,1,0,1,0,0,0,1,1,-27.106,-49.523,SPRF-SC,DEL04-SC,UOP02-DEL04-SC,2025
"673096,0",2025-04-12,sábado,04:15:00,SC,470,"57,5",BLUMENAU,Ausência de reação do condutor,Colisão com objeto,Com Vítimas Feridas,Plena Noite,Decrescente,Nublado,Simples,Rotatória,Sim,1,0,1,0,0,0,1,1,-26.88297351,-49.14171696,SPRF-SC,DEL04-SC,UOP01-DEL04-SC,2025
"673097,0",2025-04-12,sábado,02:55:00,SC,470,"72,0",INDAIAL,Deficiência do Sistema de Iluminação/Sinalização,Saída de leito carroçável,Com Vítimas Feridas,Pleno dia,Crescente,Garoa/Chuvisco,Dupla,Reta,Sim,4,0,2,0,2,0,2,1,-26.9013156,-49.26799536,SPRF-SC,DEL04-SC,UOP01-DEL04-SC,2025
"673106,0",2025-04-12,sábado,07:05:00,SC,101,"216,2",PALHOCA,Ausência de reação do condutor,Saída de leito carroçável,Com Vítimas Feridas,Amanhecer,Crescente,Nublado,Múltipla,Reta,Sim,1,0,0,1,0,0,1,1,-27.66096,-48.67605,SPRF-SC,DEL01-SC,UOP02-DEL01-SC,2025
"673127,0",2025-04-12,sábado,07:20:00,SC,282,"623,9",IRACEMINHA,Velocidade Incompatível,Saída de leito carroçável,Com Vítimas Feridas,Pleno dia,Decrescente,Nublado,Simples,Curva,Não,1,0,0,1,0,0,1,1,-26.798029,-53.342306,SPRF-SC,DEL07-SC,UOP02-DEL07-SC,2025
"673142,0",2025-04-12,sábado,09:50:00,SC,101,"184,0",BIGUACU,Animais na Pista,Colisão traseira,Sem Vítimas,Pleno dia,Decrescente,Céu Claro,Múltipla,Reta,Não,2,0,0,0,2,0,0,2,-27.42308639,-48.62492728,SPRF-SC,DEL01-SC,UOP01-DEL01-SC,2025
"673157,0",2025-04-12,sábado,10:50:00,SC,101,"213,9",PALHOCA,Frear bruscamente,Colisão traseira,Com Vítimas Feridas,Pleno dia,Decrescente,Nublado,Dupla,Interseção de Vias;Reta,Sim,6,0,1,1,4,0,2,5,-27.63676005,-48.66476119,SPRF-SC,DEL01-SC,UOP02-DEL01-SC,2025
"673190,0",2025-04-12,sábado,10:45:00,SC,470,"106,9",APIUNA,Transitar na contramão,Colisão frontal,Com Vítimas Fatais,Pleno dia,Decrescente,Nublado,Simples,Reta,Sim,6,2,1,2,1,0,3,3,-27.078667,-49.434,SPRF-SC,DEL04-SC,UOP02-DEL04-SC,2025
"673191,0",2025-04-12,sábado,15:00:00,SC,280,"46,0",GUARAMIRIM,Conversão proibida,Colisão traseira,Com Vítimas Feridas,Pleno dia,Decrescente,Céu Claro,Simples,Reta;Em Obras,Sim,3,0,1,0,2,0,1,2,-26.45307744,-48.90805179,SPRF-SC,DEL03-SC,UOP03-DEL03-SC,2025
"673221,0",2025-04-12,sábado,17:30:00,SC,101,"134,0",ITAPEMA,Demais falhas mecânicas ou elétricas,Tombamento,Com Vítimas Feridas,Pleno dia,Crescente,Céu Claro,Dupla,Reta,Sim,2,0,1,1,0,0,2,1,-27.0660264,-48.5956032,SPRF-SC,DEL04-SC,UOP03-DEL04-SC,2025
"673235,0",2025-04-12,sábado,17:30:00,SC,163,"83,0",GUARACIABA,Ingestão de álcool pelo condutor,Saída de leito carroçável,Com Vítimas Feridas,Pleno dia,Crescente,Céu Claro,Simples,Declive,Não,3,0,1,0,1,1,1,2,-26.61818856,-53.51873875,SPRF-SC,DEL07-SC,UOP03-DEL07-SC,2025
"673245,0",2025-04-12,sábado,18:55:00,SC,101,"214,7",PALHOCA,Ultrapassagem Indevida,Colisão lateral mesmo sentido,Com Vítimas Feridas,Anoitecer,Crescente,Garoa/Chuvisco,Múltipla,Reta,Sim,2,0,0,1,1,0,1,2,-27.6497,-48.67462,SPRF-SC,DEL01-SC,UOP02-DEL01-SC,2025
"673258,0",2025-04-12,sábado,20:15:00,SC,101,"330,4",TUBARAO,Ingestão de álcool pelo condutor,Tombamento,Com Vítimas Feridas,Plena Noite,Decrescente,Céu Claro,Simples,Reta;Aclive,Sim,1,0,1,0,0,0,1,1,-28.46469655,-48.99357134,SPRF-SC,DEL02-SC,UOP01-DEL02-SC,2025
"673261,0",2025-04-12,sábado,17:40:00,SC,101,"104,4",BALNEARIO PICARRAS,Ingestão de álcool pelo condutor,Colisão lateral mesmo sentido,Com Vítimas Feridas,Anoitecer,Decrescente,Céu Claro,Dupla,Aclive;Reta;Viaduto,Não,4,0,1,1,2,0,2,2,-26.79758317,-48.67946841,SPRF-SC,DEL03-SC,UOP02-DEL03-SC,2025
"673266,0",2025-04-12,sábado,20:30:00,SC,101,"133,7",BALNEARIO CAMBORIU,Desrespeitar a preferência no cruzamento,Colisão transversal,Com Vítimas Feridas,Plena Noite,Crescente,Nublado,Múltipla,Interseção de Vias,Sim,2,0,1,0,1,0,1,2,-27.00227641,-48.63799626,SPRF-SC,DEL04-SC,UOP03-DEL04-SC,2025
"673273,0",2025-04-12,sábado,18:40:00,SC,282,"465,7",PONTE SERRADA,Ultrapassagem Indevida,Colisão frontal,Com Vítimas Feridas,Plena Noite,Crescente,Nublado,Simples,Reta,Não,4,0,1,3,0,0,4,3,-26.8566303,-52.0542345,SPRF-SC,DEL07-SC,UOP04-DEL07-SC,2025
"673302,0",2025-04-12,sábado,22:50:00,SC,282,"0,5",FLORIANOPOLIS,Reação tardia ou ineficiente do condutor,Saída de leito carroçável,Sem Vítimas,Plena Noite,Decrescente,Garoa/Chuvisco,Dupla,Curva,Sim,1,0,0,0,1,0,0,1,-27.59815969,-48.57120037,SPRF-SC,DEL01-SC,UOP01-DEL01-SC,2025
"673314,0",2025-04-13,domingo,01:25:00,SC,101,"191,0",BIGUACU,Acumulo de água sobre o pavimento,Saída de leito carroçável,Com Vítimas Feridas,Plena Noite,Crescente,Chuva,Múltipla,Curva,Não,4,0,1,0,3,0,1,1,-27.47774915,-48.6419142,SPRF-SC,DEL01-SC,UOP01-DEL01-SC,2025
"673329,0",2025-04-12,sábado,23:20:00,SC,282,"0,5",FLORIANOPOLIS,Reação tardia ou ineficiente do condutor,Colisão traseira,Sem Vítimas,Plena Noite,Decrescente,Garoa/Chuvisco,Múltipla,Curva,Sim,2,0,0,0,2,0,0,2,-27.59893,-48.57784,SPRF-SC,DEL01-SC,UOP01-DEL01-SC,2025
"673335,0",2025-04-13,domingo,03:50:00,SC,101,"40,0",JOINVILLE,Ingestão de álcool pelo condutor,Saída de leito carroçável,Sem Vítimas,Plena Noite,Crescente,Nublado,Múltipla,Reta,Sim,1,0,0,0,1,0,0,1,-26.30449533,-48.88298035,SPRF-SC,DEL03-SC,UOP01-DEL03-SC,2025
"673338,0",2025-04-13,domingo,04:20:00,SC,101,"145,0",ITAPEMA,Ausência de reação do condutor,Colisão traseira,Com Vítimas Feridas,Amanhecer,Decrescente,Garoa/Chuvisco,Dupla,Reta,Não,2,0,1,0,0,1,1,2,-27.0659671,-48.595521,SPRF-SC,DEL04-SC,UOP03-DEL04-SC,2025
"673353,0",2025-04-13,domingo,04:59:00,SC,116,"5,7",MAFRA,Transitar na contramão,Colisão lateral sentido oposto,Sem Vítimas,Plena Noite,Crescente,Céu Claro,Simples,Reta;Aclive,Sim,2,0,0,0,1,1,0,2,-26.146255,-49.822759,SPRF-SC,DEL06-SC,UOP01-DEL06-SC,2025
"673390,0",2025-04-13,domingo,10:00:00,SC,470,"54,0",BLUMENAU,Acessar a via sem observar a presença dos outros veículos,Colisão transversal,Com Vítimas Feridas,Pleno dia,Crescente,Nublado,Simples,Interseção de Vias;Reta,Sim,4,0,1,0,3,0,1,2,-26.87338891,-49.11430168,SPRF-SC,DEL04-SC,UOP01-DEL04-SC,2025
"673399,0",2025-04-13,domingo,11:00:00,SC,101,"134,0",BALNEARIO CAMBORIU,Ausência de reação do condutor,Colisão lateral mesmo sentido,Com Vítimas Feridas,Pleno dia,Crescente,Céu Claro,Dupla,Reta;Rotatória,Sim,2,0,1,0,1,0,1,2,-27.00061652,-48.61877203,SPRF-SC,DEL04-SC,UOP03-DEL04-SC,2025
"673440,0",2025-04-13,domingo,15:40:00,SC,101,"213,0",PALHOCA,Manobra de mudança de faixa,Colisão lateral mesmo sentido,Com Vítimas Feridas,Pleno dia,Decrescente,Nublado,Múltipla,Reta,Sim,3,0,1,0,2,0,1,2,-27.64311854,-48.66938883,SPRF-SC,DEL01-SC,UOP02-DEL01-SC,2025
"673444,0",2025-04-13,domingo,15:30:00,SC,101,"105,0",PENHA,Velocidade Incompatível,Capotamento,Com Vítimas Feridas,Pleno dia,Crescente,Chuva,Dupla,Viaduto;Curva,Não,1,0,1,0,0,0,1,1,-26.804,-48.679,SPRF-SC,DEL03-SC,UOP02-DEL03-SC,2025
"673451,0",2025-04-13,domingo,13:13:00,SC,470,"155,2",TROMBUDO CENTRAL,Reação tardia ou ineficiente do condutor,Saída de leito carroçável,Com Vítimas Feridas,Pleno dia,Decrescente,Chuva,Simples,Curva,Não,2,0,2,0,0,0,2,1,-27.278982,-49.7568163,SPRF-SC,DEL04-SC,UOP02-DEL04-SC,2025
"673452,0",2025-04-13,domingo,15:25:00,SC,282,"64,2",RANCHO QUEIMADO,Velocidade Incompatível,Saída de leito carroçável,Com Vítimas Feridas,Pleno dia,Decrescente,Chuva,Simples,Curva,Não,5,0,5,0,0,0,5,1,-27.69683253,-49.05370647,SPRF-SC,DEL01-SC,UOP03-DEL01-SC,2025
"673457,0",2025-04-13,domingo,15:30:00,SC,101,"191,0",BIGUACU,Reação tardia ou ineficiente do condutor,Saída de leito carroçável,Sem Vítimas,Pleno dia,Decrescente,Chuva,Dupla,Curva,Sim,1,0,0,0,0,1,0,1,-27.47674511,-48.64071786,SPRF-SC,DEL01-SC,UOP01-DEL01-SC,2025
"673462,0",2025-04-13,domingo,16:55:00,SC,101,"139,0",ITAPEMA,Reação tardia ou ineficiente do condutor,Colisão com objeto,Com Vítimas Feridas,Pleno dia,Crescente,Garoa/Chuvisco,Múltipla,Curva,Não,2,0,1,0,1,0,1,1,-27.0659606,-48.5955429,SPRF-SC,DEL04-SC,UOP03-DEL04-SC,2025
"673471,0",2025-04-13,domingo,11:55:00,SC,280,"22,0",ARAQUARI,Condutor deixou de manter distância do veículo da frente,Colisão lateral mesmo sentido,Com Vítimas Feridas,Pleno dia,Crescente,Céu Claro,Simples,Reta,Não,4,0,4,0,0,0,4,2,-26.370979,-48.702095,SPRF-SC,DEL03-SC,UOP03-DEL03-SC,2025
"673473,0",2025-04-13,domingo,07:20:00,SC,470,"60,7",BLUMENAU,Acessar a via sem observar a presença dos outros veículos,Tombamento,Com Vítimas Feridas,Pleno dia,Crescente,Ignorado,Simples,Reta,Sim,2,0,1,0,1,0,1,2,-26.87964028,-49.17109372,SPRF-SC,DEL04-SC,UOP01-DEL04-SC,2025
"673495,0",2025-04-13,domingo,18:45:00,SC,101,"57,7",ARAQUARI,Chuva,Saída de leito carroçável,Com Vítimas Feridas,Plena Noite,Crescente,Chuva,Dupla,Curva;Interseção de Vias,Não,4,0,4,0,0,0,4,1,-26.43905253,-48.80266244,SPRF-SC,DEL03-SC,UOP01-DEL03-SC,2025
"673500,0",2025-04-13,domingo,18:25:00,SC,101,"192,3",BIGUACU,Reação tardia ou ineficiente do condutor,Colisão lateral mesmo sentido,Com Vítimas Feridas,Plena Noite,Decrescente,Garoa/Chuvisco,Dupla,Reta,Sim,2,0,1,0,1,0,1,2,-27.48722,-48.65021,SPRF-SC,DEL01-SC,UOP01-DEL01-SC,2025
"673509,0",2025-04-13,domingo,19:40:00,SC,470,"15,0",ILHOTA,Acumulo de água sobre o pavimento,Saída de leito carroçável,Sem Vítimas,Plena Noite,Decrescente,Chuva,Dupla,Reta,Não,2,0,0,0,1,1,0,2,-26.84003612,-48.78786519,SPRF-SC,DEL04-SC,UOP04-DEL04-SC,2025
"673517,0",2025-04-13,domingo,21:15:00,SC,101,"94,2",BARRA VELHA,Pedestre andava na pista,Atropelamento de Pedestre,Com Vítimas Fatais,Plena Noite,Crescente,Garoa/Chuvisco,Dupla,Reta,Não,3,1,1,0,1,0,1,2,-26.705956,-48.701174,SPRF-SC,DEL03-SC,UOP02-DEL03-SC,2025
"673519,0",2025-04-13,domingo,20:45:00,SC,282,"15,6",PALHOCA,Desrespeitar a preferência no cruzamento,Colisão transversal,Com Vítimas Feridas,Plena Noite,Crescente,Nublado,Simples,Rotatória,Sim,3,0,1,0,0,2,1,3,-27.655717,-48.679246,SPRF-SC,DEL01-SC,UOP02-DEL01-SC,2025
"673527,0",2025-04-13,domingo,18:55:00,SC,116,"5,4",MAFRA,Acessar a via sem observar a presença dos outros veículos,Colisão transversal,Sem Vítimas,Plena Noite,Crescente,Nublado,Simples,Rotatória,Sim,2,0,0,0,2,0,0,2,-26.11613,-49.78526,SPRF-SC,DEL06-SC,UOP01-DEL06-SC,2025
"673547,0",2025-04-13,domingo,20:00:00,SC,280,"155,0",MAFRA,Ausência de reação do condutor,Saída de leito carroçável,Com Vítimas Feridas,Plena Noite,Crescente,Garoa/Chuvisco,Simples,Reta,Não,3,0,1,1,0,1,2,2,-26.209833,-49.730873,SPRF-SC,DEL06-SC,UOP03-DEL06-SC,2025
"673548,0",2025-04-13,domingo,21:00:00,SC,280,"143,0",MAFRA,Ingestão de substâncias psicoativas pelo condutor,Colisão frontal,Sem Vítimas,Plena Noite,Crescente,Céu Claro,Simples,Curva,Não,2,0,0,0,2,0,0,2,-26.25531,-49.625519,SPRF-SC,DEL06-SC,UOP03-DEL06-SC,2025
"673553,0",2025-04-14,segunda-feira,00:05:00,SC,101,"23,0",SAO JOSE,Reação tardia ou ineficiente do condutor,Saída de leito carroçável,Sem Vítimas,Plena Noite,Crescente,Nublado,Dupla,Reta,Não,1,0,0,0,0,1,0,1,-27.52626358,-48.70802522,SPRF-SC,DEL03-SC,UOP01-DEL03-SC,2025
"673578,0",2025-04-14,segunda-feira,03:55:00,SC,101,"369,8",ICARA,Condutor Dormindo,Saída de leito carroçável,Sem Vítimas,Plena Noite,Crescente,Garoa/Chuvisco,Dupla,Reta,Não,1,0,0,0,0,1,0,1,-28.7086152,-49.20875072,SPRF-SC,DEL02-SC,UOP01-DEL02-SC,2025
"673587,0",2025-04-14,segunda-feira,06:55:00,SC,101,"212,0",PALHOCA,Trafegar com motocicleta (ou similar) entre as faixas,Colisão lateral mesmo sentido,Com Vítimas Feridas,Pleno dia,Decrescente,Céu Claro,Múltipla,Reta,Não,3,0,2,0,1,0,2,2,-27.64940063,-48.67397005,SPRF-SC,DEL01-SC,UOP02-DEL01-SC,2025
"673604,0",2025-04-14,segunda-feira,07:55:00,SC,282,"5,8",SAO JOSE,Trafegar com motocicleta (ou similar) entre as faixas,Colisão lateral mesmo sentido,Com Vítimas Feridas,Pleno dia,Decrescente,Céu Claro,Múltipla,Declive;Reta,Sim,3,0,1,0,2,0,1,3,-27.58798556,-48.61389041,SPRF-SC,DEL01-SC,UOP01-DEL01-SC,2025
"673615,0",2025-04-14,segunda-feira,06:30:00,SC,280,"8,2",SAO FRANCISCO DO SUL,Transitar no Acostamento,Colisão traseira,Com Vítimas Feridas,Amanhecer,Decrescente,Nublado,Simples,Reta,Não,2,0,0,1,1,0,1,2,-26.280449,-48.646625,SPRF-SC,DEL03-SC,UOP03-DEL03-SC,2025
"673622,0",2025-04-14,segunda-feira,07:30:00,SC,282,"604,0",XANXERE,Acessar a via sem observar a presença dos outros veículos,Colisão frontal,Com Vítimas Feridas,Pleno dia,Crescente,Céu Claro,Simples,Interseção de Vias,Não,6,0,6,0,0,0,6,2,-26.88407139,-52.3901921,SPRF-SC,DEL07-SC,UOP02-DEL07-SC,2025
"673690,0",2025-04-14,segunda-feira,16:00:00,SC,101,"118,9",ITAJAI,Acumulo de areia ou detritos sobre o pavimento,Tombamento,Com Vítimas Feridas,Pleno dia,Decrescente,Nublado,Dupla,Reta,Sim,1,0,1,0,0,0,1,1,-26.9111862,-48.7119537,SPRF-SC,DEL04-SC,UOP04-DEL04-SC,2025
"673703,0",2025-04-14,segunda-feira,16:40:00,SC,101,"118,9",ITAJAI,Acumulo de areia ou detritos sobre o pavimento,Tombamento,Com Vítimas Feridas,Pleno dia,Decrescente,Nublado,Dupla,Reta,Não,1,0,1,0,0,0,1,1,-26.89717623,-48.71835709,SPRF-SC,DEL04-SC,UOP04-DEL04-SC,2025
"673705,0",2025-04-14,segunda-feira,16:40:00,SC,101,"118,9",ITAJAI,Acumulo de areia ou detritos sobre o pavimento,Tombamento,Com Vítimas Feridas,Pleno dia,Decrescente,Nublado,Dupla,Reta,Sim,1,0,1,0,0,0,1,1,-26.9111862,-48.7119537,SPRF-SC,DEL04-SC,UOP04-DEL04-SC,2025
"673736,0",2025-04-14,segunda-feira,19:50:00,SC,282,"1,0",FLORIANOPOLIS,Manobra de mudança de faixa,Colisão lateral mesmo sentido,Com Vítimas Feridas,Plena Noite,Crescente,Céu Claro,Dupla,Reta,Sim,2,0,1,0,1,0,1,2,-27.603339,-48.586627,SPRF-SC,DEL01-SC,UOP01-DEL01-SC,2025
"673753,0",2025-04-14,segunda-feira,21:30:00,SC,101,"166,0",TIJUCAS,Reação tardia ou ineficiente do condutor,Colisão traseira,Com Vítimas Feridas,Plena Noite,Decrescente,Céu Claro,Dupla,Reta,Sim,2,0,1,0,1,0,1,2,-27.26135257,-48.63157857,SPRF-SC,DEL04-SC,UOP03-DEL04-SC,2025
"673792,0",2025-04-15,terça-feira,08:20:00,SC,101,"205,0",SAO JOSE,Reação tardia ou ineficiente do condutor,Tombamento,Com Vítimas Feridas,Pleno dia,Crescente,Céu Claro,Simples,Curva,Sim,1,0,1,0,0,0,1,1,-27.58708,-48.61702,SPRF-SC,DEL01-SC,UOP01-DEL01-SC,2025
"673793,0",2025-03-26,quarta-feira,20:15:00,SC,101,"134,0",BALNEARIO CAMBORIU,Acessar a via sem observar a presença dos outros veículos,Colisão transversal,Com Vítimas Feridas,Plena Noite,Crescente,Ignorado,Dupla,Reta,Sim,2,0,0,1,1,0,1,2,-27.00372508,-48.63217235,SPRF-SC,DEL04-SC,UOP03-DEL04-SC,2025
"673825,0",2025-04-15,terça-feira,10:50:00,SC,101,"211,4",PALHOCA,Acessar a via sem observar a presença dos outros veículos,Colisão lateral mesmo sentido,Com Vítimas Feridas,Pleno dia,Crescente,Sol,Múltipla,Reta,Sim,2,0,1,0,1,0,1,2,-27.6249165,-48.65420753,SPRF-SC,DEL01-SC,UOP02-DEL01-SC,2025
"673828,0",2025-04-15,terça-feira,11:00:00,SC,101,"155,0",PORTO BELO,Demais falhas mecânicas ou elétricas,Incêndio,Sem Vítimas,Pleno dia,Crescente,Nublado,Dupla,Reta,Sim,1,0,0,0,1,0,0,1,-27.16799963,-48.61162478,SPRF-SC,DEL04-SC,UOP03-DEL04-SC,2025
"673836,0",2025-04-12,sábado,01:30:00,SC,282,"500,2",XANXERE,Acessar a via sem observar a presença dos outros veículos,Colisão transversal,Com Vítimas Feridas,Plena Noite,Crescente,Ignorado,Dupla,Reta;Aclive,Não,2,0,0,1,1,0,1,2,-26.881212,-52.371966,SPRF-SC,DEL07-SC,UOP01-DEL07-SC,2025