id,data_inversa,dia_semana,horario,uf,br,km,municipio,causa_acidente,tipo_acidente,classificacao_acidente,fase_dia,sentido_via,condicao_metereologica,tipo_pista,tracado_via,uso_solo,pessoas,mortos,feridos_leves,feridos_graves,ilesos,ignorados,feridos,veiculos,latitude,longitude,regional,delegacia,uop,ano_arquivo
"685860,0",2025-04-19,sábado,02:30:00,SC,101,"210,5",SAO JOSE,Ausência de reação do condutor,Tombamento,Com Vítimas Feridas,Plena Noite,Crescente,Céu Claro,Múltipla,Reta,Não,2,0,2,0,0,0,2,1,-27.620225,-48.649196,SPRF-SC,DEL01-SC,UOP01-DEL01-SC,2025
"685873,0",2025-04-19,sábado,05:47:00,SC,101,"215,0",PALHOCA,Desrespeitar a preferência no cruzamento,Colisão transversal,Com Vítimas Feridas,Amanhecer,Crescente,Céu Claro,Múltipla,Reta,Não,2,0,1,0,0,1,1,2,-27.65266983,-48.67689902,SPRF-SC,DEL01-SC,UOP02-DEL01-SC,2025
"685877,0",2025-04-16,quarta-feira,22:00:00,SC,101,"140,0",ITAPEMA,Acessar a via sem observar a presença dos outros veículos,Atropelamento de Pedestre,Com Vítimas Feridas,Pleno dia,Decrescente,Garoa/Chuvisco,Dupla,Reta,Sim,2,0,1,0,1,0,1,2,-27.0659636,-48.5955525,SPRF-SC,DEL04-SC,UOP03-DEL04-SC,2025
"685884,0",2025-04-19,sábado,05:00:00,SC,101,"194,7",BIGUACU,Condutor deixou de manter distância do veículo da frente,Colisão com objeto,Com Vítimas Feridas,Plena Noite,Decrescente,Nublado,Múltipla,Reta,Sim,3,0,1,1,0,1,2,2,-27.5035098,-48.65156606,SPRF-SC,DEL01-SC,UOP01-DEL01-SC,2025
"685927,0",2025-04-17,quinta-feira,06:40:00,SC,282,"215,0",LAGES,Reação tardia ou ineficiente do condutor,Colisão traseira,Com Vítimas Feridas,Pleno dia,Crescente,Céu Claro,Simples,Rotatória,Sim,4,0,1,0,3,0,1,2,-27.79462052,-50.28455114,SPRF-SC,DEL05-SC,UOP01-DEL05-SC,2025
"685938,0",2025-04-19,sábado,12:08:00,SC,282,"5,2",SAO JOSE,Acessar a via sem observar a presença dos outros veículos,Colisão lateral mesmo sentido,Com Vítimas Feridas,Pleno dia,Decrescente,Nublado,Dupla,Reta;Declive,Sim,2,0,1,0,1,0,1,2,-27.5881,-48.6133,SPRF-SC,DEL01-SC,UOP01-DEL01-SC,2025
"685945,0",2025-04-19,sábado,12:50:00,SC,101,"219,4",PALHOCA,Reação tardia ou ineficiente do condutor,Colisão traseira,Com Vítimas Feridas,Pleno dia,Crescente,Nublado,Dupla,Reta,Sim,2,0,1,0,1,0,1,2,-27.68661056,-48.66621343,SPRF-SC,DEL01-SC,UOP02-DEL01-SC,2025
"685946,0",2025-04-19,sábado,13:20:00,SC,101,"231,5",PALHOCA,Velocidade Incompatível,Saída de leito carroçável,Com Vítimas Feridas,Pleno dia,Crescente,Nublado,Dupla,Reta,Não,1,0,0,1,0,0,1,1,-27.78654275,-48.63510132,SPRF-SC,DEL01-SC,UOP02-DEL01-SC,2025
"685950,0",2025-04-19,sábado,13:20:00,SC,101,"213,3",PALHOCA,Desrespeitar a preferência no cruzamento,Colisão transversal,Com Vítimas Feridas,Pleno dia,Decrescente,Céu Claro,Múltipla,Viaduto;Interseção de Vias,Sim,4,0,2,0,1,1,2,3,-27.63957167,-48.666645,SPRF-SC,DEL01-SC,UOP02-DEL01-SC,2025
"685951,0",2025-04-19,sábado,09:30:00,SC,282,"343,0",CAMPOS NOVOS,Chuva,Atropelamento de Pedestre,Com Vítimas Feridas,Pleno dia,Decrescente,Chuva,Simples,Rotatória,Sim,3,0,1,0,2,0,1,2,-27.38635,-51.235013,SPRF-SC,DEL07-SC,UOP06-DEL07-SC,2025
"685961,0",2025-04-19,sábado,15:00:00,SC,101,"121,0",ITAJAI,Condutor deixou de manter distância do veículo da frente,Colisão traseira,Com Vítimas Feridas,Pleno dia,Decrescente,Nublado,Múltipla,Reta,Sim,2,0,1,0,1,0,1,2,-26.92116,-48.70838,SPRF-SC,DEL04-SC,UOP04-DEL04-SC,2025
"685964,0",2025-04-19,sábado,15:00:00,SC,101,"318,0",PESCARIA BRAVA,Demais falhas mecânicas ou elétricas,Tombamento,Com Vítimas Feridas,Pleno dia,Crescente,Garoa/Chuvisco,Dupla,Reta,Sim,2,0,1,1,0,0,2,1,-28.42864325,-48.87669917,SPRF-SC,DEL02-SC,UOP01-DEL02-SC,2025
"685984,0",2025-04-19,sábado,16:10:00,SC,101,"148,0",ITAPEMA,Reação tardia ou ineficiente do condutor,Tombamento,Com Vítimas Feridas,Pleno dia,Decrescente,Céu Claro,Dupla,Reta,Sim,1,0,1,0,0,0,1,1,-27.11078424,-48.61175537,SPRF-SC,DEL04-SC,UOP03-DEL04-SC,2025
"685989,0",2025-04-19,sábado,15:30:00,SC,280,"95,0",CORUPA,Ausência de reação do condutor,Colisão frontal,Com Vítimas Feridas,Pleno dia,Crescente,Céu Claro,Simples,Curva;Declive,Não,2,0,1,0,1,0,1,2,-26.38015809,-49.31870872,SPRF-SC,DEL06-SC,UOP03-DEL06-SC,2025
"686006,0",2025-04-19,sábado,16:30:00,SC,101,"21,1",JOINVILLE,Ausência de reação do condutor,Capotamento,Com Vítimas Feridas,Pleno dia,Crescente,Nublado,Dupla,Curva,Não,2,0,2,0,0,0,2,1,-26.1903049,-48.91215,SPRF-SC,DEL03-SC,UOP01-DEL03-SC,2025
"686013,0",2025-04-19,sábado,19:19:00,SC,116,"0,8",MAFRA,Condutor deixou de manter distância do veículo da frente,Colisão traseira,Com Vítimas Feridas,Plena Noite,Crescente,Nublado,Simples,Reta;Aclive,Não,6,0,1,0,5,0,1,2,-26.11475283,-49.78628397,SPRF-SC,DEL06-SC,UOP01-DEL06-SC,2025
"686022,0",2025-04-19,sábado,19:30:00,SC,101,"154,0",PORTO BELO,Ingestão de álcool pelo condutor,Saída de leito carroçável,Sem Vítimas,Plena Noite,Decrescente,Garoa/Chuvisco,Dupla,Reta,Sim,1,0,0,0,1,0,0,1,-27.160836,-48.610934,SPRF-SC,DEL04-SC,UOP03-DEL04-SC,2025
"686030,0",2025-04-19,sábado,18:15:00,SC,470,"138,6",RIO DO SUL,Acessar a via sem observar a presença dos outros veículos,Colisão transversal,Com Vítimas Feridas,Plena Noite,Crescente,Nublado,Simples,Reta,Sim,2,0,1,0,1,0,1,2,-27.19705501,-49.62787418,SPRF-SC,DEL04-SC,UOP02-DEL04-SC,2025
"686048,0",2025-04-19,sábado,19:30:00,SC,101,"277,6",IMBITUBA,Velocidade Incompatível,Colisão traseira,Sem Vítimas,Plena Noite,Decrescente,Garoa/Chuvisco,Múltipla,Reta;Desvio Temporário,Sim,3,0,0,0,3,0,0,2,-28.1723,-48.6946,SPRF-SC,DEL02-SC,UOP03-DEL02-SC,2025
"686060,0",2025-04-19,sábado,22:30:00,SC,280,"43,0",ARAQUARI,Ausência de reação do condutor,Saída de leito carroçável,Com Vítimas Feridas,Plena Noite,Crescente,Nublado,Dupla,Em Obras;Curva;Desvio Temporário,Sim,3,0,2,1,0,0,3,1,-26.45077,-48.874648,SPRF-SC,DEL03-SC,UOP03-DEL03-SC,2025
"686062,0",2025-04-19,sábado,18:52:00,SC,101,"277,6",IMBITUBA,Entrada inopinada do pedestre,Atropelamento de Pedestre,Com Vítimas Fatais,Plena Noite,Decrescente,Garoa/Chuvisco,Múltipla,Reta,Sim,4,1,0,0,2,1,0,3,-28.1727111,-48.6946669,SPRF-SC,DEL02-SC,UOP03-DEL02-SC,2025
"686073,0",2025-04-19,sábado,22:00:00,SC,101,"289,0",IMBITUBA,Ingestão de álcool pelo condutor,Colisão com objeto,Com Vítimas Feridas,Plena Noite,Crescente,Nublado,Múltipla,Interseção de Vias,Sim,1,0,0,1,0,0,1,1,-28.27257,-48.70041478,SPRF-SC,DEL02-SC,UOP03-DEL02-SC,2025
"686075,0",2025-04-20,domingo,00:15:00,SC,470,"118,0",IBIRAMA,Ingestão de álcool pelo condutor,Colisão traseira,Com Vítimas Feridas,Plena Noite,Decrescente,Garoa/Chuvisco,Simples,Reta,Não,3,0,1,0,2,0,1,2,-27.080195,-49.518607,SPRF-SC,DEL04-SC,UOP02-DEL04-SC,2025
"686076,0",2025-04-20,domingo,01:00:00,SC,101,"386,9",ICARA,Animais na Pista,Colisão com objeto,Com Vítimas Feridas,Plena Noite,Crescente,Nublado,Simples,Reta,Não,1,0,1,0,0,0,1,1,-28.78909249,-49.34540659,SPRF-SC,DEL02-SC,UOP02-DEL02-SC,2025
"686081,0",2025-04-20,domingo,01:00:00,SC,280,"274,0",IRINEOPOLIS,Sinalização mal posicionada,Colisão com objeto,Com Vítimas Feridas,Plena Noite,Crescente,Céu Claro,Simples,Em Obras;Rotatória,Não,1,0,1,0,0,0,1,1,-26.28690311,-50.78124237,SPRF-SC,DEL06-SC,UOP04-DEL06-SC,2025
"686090,0",2025-04-20,domingo,03:50:00,SC,282,"654,9",SAO MIGUEL DO OESTE,Acessar a via sem observar a presença dos outros veículos,Colisão transversal,Sem Vítimas,Plena Noite,Crescente,Céu Claro,Simples,Curva,Não,2,0,0,0,1,1,0,2,-26.70162751,-53.52816577,SPRF-SC,DEL07-SC,UOP03-DEL07-SC,2025
"686099,0",2025-04-20,domingo,06:30:00,SC,101,"154,0",PORTO BELO,Ingestão de álcool pelo condutor,Saída de leito carroçável,Sem Vítimas,Pleno dia,Crescente,Céu Claro,Dupla,Reta,Não,1,0,0,0,1,0,0,1,-27.15222114,-48.61106586,SPRF-SC,DEL04-SC,UOP03-DEL04-SC,2025
"686102,0",2025-04-20,domingo,06:00:00,SC,101,"132,0",BALNEARIO CAMBORIU,Ausência de reação do condutor,Saída de leito carroçável,Com Vítimas Feridas,Pleno dia,Crescente,Nublado,Múltipla,Reta,Sim,1,0,1,0,0,0,1,1,-26.99907143,-48.64796209,SPRF-SC,DEL04-SC,UOP03-DEL04-SC,2025
"686109,0",2025-04-20,domingo,07:00:00,SC,101,"34,0",SAO JOSE,Reação tardia ou ineficiente do condutor,Queda de ocupante de veículo,Com Vítimas Feridas,Pleno dia,Crescente,Céu Claro,Dupla,Reta,Não,1,0,1,0,0,0,1,1,-27.61077,-48.69465,SPRF-SC,DEL01-SC,UOP02-DEL01-SC,2025
"686110,0",2025-04-16,quarta-feira,23:10:00,SC,101,"214,4",PALHOCA,Reação tardia ou ineficiente do condutor,Tombamento,Com Vítimas Feridas,Plena Noite,Crescente,Céu Claro,Múltipla,Reta,Sim,1,0,0,1,0,0,1,1,-27.64777,-48.67291,SPRF-SC,DEL01-SC,UOP02-DEL01-SC,2025
"686114,0",2025-04-16,quarta-feira,12:10:00,SC,280,"128,7",RIO NEGRINHO,Trafegar com motocicleta (ou similar) entre as faixas,Colisão lateral mesmo sentido,Com Vítimas Feridas,Pleno dia,Decrescente,Céu Claro,Simples,Reta,Sim,2,0,1,0,1,0,1,2,-26.245374,-49.520831,SPRF-SC,DEL06-SC,UOP03-DEL06-SC,2025
"686116,0",2025-04-20,domingo,07:55:00,SC,101,"195,8",BIGUACU,Entrada inopinada do pedestre,Eventos atípicos,Com Vítimas Feridas,Pleno dia,Decrescente,Céu Claro,Dupla,Reta,Sim,3,0,1,0,1,1,1,2,-27.51,-48.644,SPRF-SC,DEL01-SC,UOP01-DEL01-SC,2025
"686148,0",2025-04-20,domingo,08:40:00,SC,116,"16,9",MAFRA,Ausência de reação do condutor,Queda de ocupante de veículo,Com Vítimas Feridas,Pleno dia,Crescente,Céu Claro,Simples,Reta,Não,1,0,1,0,0,0,1,1,-26.1161458,-49.7859293,SPRF-SC,DEL06-SC,UOP01-DEL06-SC,2025
"686159,0",2025-04-16,quarta-feira,19:00:00,SC,101,"146,0",ITAPEMA,Trafegar com motocicleta (ou similar) entre as faixas,Colisão lateral mesmo sentido,Com Vítimas Feridas,Plena Noite,Decrescente,Céu Claro,Múltipla,Reta,Sim,2,0,1,0,1,0,1,2,-27.08859211,-48.61240799,SPRF-SC,DEL04-SC,UOP03-DEL04-SC,2025
"686169,0",2025-04-20,domingo,10:10:00,SC,101,"208,1",SAO JOSE,Ausência de reação do condutor,Colisão traseira,Com Vítimas Feridas,Pleno dia,Decrescente,Céu Claro,Múltipla,Reta,Sim,4,0,2,0,2,0,2,2,-27.6041,-48.6327,SPRF-SC,DEL01-SC,UOP01-DEL01-SC,2025
"686180,0",2025-04-20,domingo,10:50:00,SC,101,"119,0",ITAJAI,Reação tardia ou ineficiente do condutor,Colisão traseira,Sem Vítimas,Pleno dia,Decrescente,Céu Claro,Múltipla,Reta,Sim,2,0,0,0,2,0,0,2,-26.90493054,-48.7151044,SPRF-SC,DEL04-SC,UOP04-DEL04-SC,2025
"686190,0",2025-04-20,domingo,11:20:00,SC,470,"59,4",BLUMENAU,Ultrapassagem Indevida,Colisão lateral sentido oposto,Com Vítimas Feridas,Pleno dia,Decrescente,Céu Claro,Simples,Reta;Em Obras,Sim,2,0,1,0,1,0,1,2,-26.8824594,-49.15802479,SPRF-SC,DEL04-SC,UOP01-DEL04-SC,2025
"686211,0",2025-04-20,domingo,14:12:00,SC,101,"42,0",PALHOCA,Ausência de reação do condutor,Saída de leito carroçável,Com Vítimas Feridas,Pleno dia,Crescente,Céu Claro,Dupla,Reta,Não,2,0,0,2,0,0,2,1,-27.66395924,-48.71597344,SPRF-SC,DEL01-SC,UOP02-DEL01-SC,2025
"686214,0",2025-04-20,domingo,12:01:00,SC,101,"131,0",CAMBORIU,Condutor deixou de manter distância do veículo da frente,Colisão lateral mesmo sentido,Com Vítimas Feridas,Pleno dia,Crescente,Céu Claro,Múltipla,Reta,Sim,1,0,1,0,0,0,1,1,-26.98670514,-48.66625458,SPRF-SC,DEL04-SC,UOP03-DEL04-SC,2025
"686237,0",2025-04-20,domingo,16:00:00,SC,470,"2,0",NAVEGANTES,Desrespeitar a preferência no cruzamento,Colisão transversal,Com Vítimas Feridas,Pleno dia,Decrescente,Céu Claro,Simples,Viaduto,Sim,3,0,2,0,1,0,2,2,-26.8690136,-48.6750031,SPRF-SC,DEL04-SC,UOP04-DEL04-SC,2025
"686245,0",2025-04-20,domingo,16:30:00,SC,101,"194,6",BIGUACU,Entrada inopinada do pedestre,Atropelamento de Pedestre,Com Vítimas Feridas,Pleno dia,Crescente,Céu Claro,Múltipla,Reta,Sim,3,0,0,1,1,1,1,2,-27.502182,-48.652819,SPRF-SC,DEL01-SC,UOP01-DEL01-SC,2025
"686260,0",2025-04-20,domingo,17:50:00,SC,470,"62,2",INDAIAL,Acessar a via sem observar a presença dos outros veículos,Colisão transversal,Com Vítimas Feridas,Anoitecer,Crescente,Ignorado,Simples,Reta;Declive;Interseção de Vias,Não,5,0,0,1,4,0,1,3,-26.87443,-49.18574,SPRF-SC,DEL04-SC,UOP01-DEL04-SC,2025
"686271,0",2025-04-20,domingo,18:13:00,SC,101,"282,0",IMBITUBA,Ingestão de álcool pelo condutor,Saída de leito carroçável,Sem Vítimas,Plena Noite,Crescente,Céu Claro,Múltipla,Reta,Sim,1,0,0,0,1,0,0,1,-28.21381497,-48.6999625,SPRF-SC,DEL02-SC,UOP03-DEL02-SC,2025
"686279,0",2025-04-20,domingo,19:15:00,SC,101,"215,0",PALHOCA,Demais falhas na via,Queda de ocupante de veículo,Com Vítimas Feridas,Plena Noite,Decrescente,Céu Claro,Múltipla,Curva,Sim,1,0,1,0,0,0,1,1,-27.66314204,-48.67561156,SPRF-SC,DEL01-SC,UOP02-DEL01-SC,2025
"686288,0",2025-04-20,domingo,19:30:00,SC,470,"2,0",NAVEGANTES,Acessar a via sem observar a presença dos outros veículos,Colisão transversal,Com Vítimas Feridas,Plena Noite,Crescente,Céu Claro,Dupla,Reta,Sim,3,0,0,1,2,0,1,3,-26.86935719,-48.67395747,SPRF-SC,DEL04-SC,UOP04-DEL04-SC,2025
"686300,0",2025-04-20,domingo,03:30:00,SC,280,"237,9",CANOINHAS,Acessar a via sem observar a presença dos outros veículos,Colisão transversal,Sem Vítimas,Plena Noite,Decrescente,Nublado,Simples,Reta,Não,3,0,0,0,3,0,0,3,-26.20534507,-50.43866694,SPRF-SC,DEL06-SC,UOP04-DEL06-SC,2025
"686306,0",2025-04-20,domingo,20:30:00,SC,282,"486,7",FAXINAL DOS GUEDES,Reação tardia ou ineficiente do condutor,Saída de leito carroçável,Com Vítimas Feridas,Plena Noite,Crescente,Céu Claro,Simples,Reta,Não,4,0,4,0,0,0,4,1,-26.856223,-52.24712,SPRF-SC,DEL07-SC,UOP01-DEL07-SC,2025
"686311,0",2025-04-20,domingo,18:45:00,SC,470,"319,8",CAMPOS NOVOS,Ausência de reação do condutor,Colisão traseira,Com Vítimas Feridas,Anoitecer,Decrescente,Céu Claro,Simples,Reta;Aclive,Não,4,0,1,0,3,0,1,3,-27.41304167,-51.23286366,SPRF-SC,DEL07-SC,UOP06-DEL07-SC,2025
"686322,0",2025-04-20,domingo,22:40:00,SC,101,"149,0",ITAPEMA,Trafegar com motocicleta (ou similar) entre as faixas,Colisão traseira,Com Vítimas Feridas,Plena Noite,Decrescente,Garoa/Chuvisco,Dupla,Reta,Sim,2,0,2,0,0,0,2,2,-27.0659589,-48.5955563,SPRF-SC,DEL04-SC,UOP03-DEL04-SC,2025
"686324,0",2025-04-20,domingo,22:20:00,SC,163,"89,9",GUARACIABA,Deficiência do Sistema de Iluminação/Sinalização,Tombamento,Com Vítimas Feridas,Plena Noite,Crescente,Céu Claro,Simples,Curva;Aclive;Rotatória,Não,1,0,1,0,0,0,1,1,-26.563234,-53.508583,SPRF-SC,DEL07-SC,UOP03-DEL07-SC,2025
"686332,0",2025-04-20,domingo,23:55:00,SC,470,"142,9",RIO DO SUL,Reação tardia ou ineficiente do condutor,Saída de leito carroçável,Com Vítimas Feridas,Plena Noite,Decrescente,Céu Claro,Simples,Reta,Não,2,0,1,0,1,0,1,1,-27.2179725,-49.6533836,SPRF-SC,DEL04-SC,UOP02-DEL04-SC,2025
"686338,0",2025-04-21,segunda-feira,00:55:00,SC,101,"434,3",SOMBRIO,Suicídio (presumido),Atropelamento de Pedestre,Com Vítimas Feridas,Plena Noite,Crescente,Céu Claro,Dupla,Reta,Não,4,0,0,1,3,0,1,2,-29.0998176,-49.63494301,SPRF-SC,DEL02-SC,UOP02-DEL02-SC,2025
"686350,0",2025-04-21,segunda-feira,03:50:00,SC,282,"517,9",XAXIM,Condutor deixou de manter distância do veículo da frente,Colisão traseira,Sem Vítimas,Plena Noite,Decrescente,Céu Claro,Simples,Reta,Sim,2,0,0,0,2,0,0,2,-26.942842,-52.505912,SPRF-SC,DEL07-SC,UOP01-DEL07-SC,2025
"686372,0",2025-04-21,segunda-feira,06:00:00,SC,101,"58,0",ARAQUARI,Ausência de reação do condutor,Colisão traseira,Com Vítimas Feridas,Pleno dia,Decrescente,Céu Claro,Dupla,Reta,Não,6,0,1,0,4,1,1,2,-26.44493532,-48.79569709,SPRF-SC,DEL03-SC,UOP02-DEL03-SC,2025
"686384,0",2025-04-21,segunda-feira,06:45:00,SC,101,"112,2",ITAJAI,Ingestão de álcool pelo condutor,Colisão com objeto,Sem Vítimas,Pleno dia,Crescente,Céu Claro,Múltipla,Reta,Sim,1,0,0,0,1,0,0,1,-26.85060784,-48.72598529,SPRF-SC,DEL04-SC,UOP04-DEL04-SC,2025
"686385,0",2025-04-21,segunda-feira,08:20:00,SC,101,"207,0",SAO JOSE,Reação tardia ou ineficiente do condutor,Colisão traseira,Com Vítimas Feridas,Pleno dia,Crescente,Céu Claro,Múltipla,Reta,Sim,2,0,1,0,0,1,1,2,-27.59842072,-48.62115199,SPRF-SC,DEL01-SC,UOP01-DEL01-SC,2025
"686391,0",2025-04-21,segunda-feira,07:00:00,SC,470,"65,5",INDAIAL,Conversão proibida,Colisão frontal,Com Vítimas Fatais,Pleno dia,Crescente,Céu Claro,Simples,Em Obras;Curva,Sim,3,1,1,0,1,0,1,2,-26.87091,-49.218013,SPRF-SC,DEL04-SC,UOP01-DEL04-SC,2025
"686395,0",2025-04-21,segunda-feira,06:45:00,SC,101,"10,0",BIGUACU,Condutor Dormindo,Saída de leito carroçável,Com Vítimas Feridas,Pleno dia,Decrescente,Nublado,Dupla,Reta,Não,1,0,1,0,0,0,1,1,-27.45175743,-48.71365232,SPRF-SC,DEL01-SC,UOP01-DEL01-SC,2025
"686418,0",2025-04-21,segunda-feira,10:50:00,SC,101,"92,0",BARRA VELHA,Reação tardia ou ineficiente do condutor,Colisão traseira,Sem Vítimas,Pleno dia,Decrescente,Nublado,Dupla,Reta,Não,3,0,0,0,2,1,0,3,-26.68690207,-48.69531155,SPRF-SC,DEL03-SC,UOP02-DEL03-SC,2025
"686423,0",2025-04-21,segunda-feira,10:00:00,SC,101,"3,0",GARUVA,Reação tardia ou ineficiente do condutor,Eventos atípicos,Com Vítimas Feridas,Pleno dia,Decrescente,Nublado,Dupla,Curva;Declive,Não,1,0,1,0,0,0,1,1,-25.99854558,-48.87865931,SPRF-SC,DEL03-SC,UOP01-DEL03-SC,2025
"686446,0",2025-04-21,segunda-feira,11:30:00,SC,101,"336,1",TUBARAO,Reação tardia ou ineficiente do condutor,Colisão traseira,Com Vítimas Feridas,Pleno dia,Crescente,Sol,Dupla,Ponte,Não,2,0,1,0,1,0,1,2,-28.48246463,-49.03514558,SPRF-SC,DEL02-SC,UOP01-DEL02-SC,2025
"686449,0",2025-04-21,segunda-feira,13:30:00,SC,101,"275,9",IMBITUBA,Condutor deixou de manter distância do veículo da frente,Colisão traseira,Com Vítimas Feridas,Pleno dia,Crescente,Céu Claro,Múltipla,Reta;Aclive,Não,7,0,1,0,6,0,1,2,-28.15718431,-48.69292974,SPRF-SC,DEL02-SC,UOP03-DEL02-SC,2025
"686457,0",2025-04-21,segunda-feira,13:38:00,SC,280,"11,0",SAO FRANCISCO DO SUL,Manobra de mudança de faixa,Colisão transversal,Com Vítimas Feridas,Pleno dia,Crescente,Céu Claro,Simples,Reta,Não,2,0,1,0,1,0,1,2,-26.30187924,-48.63990784,SPRF-SC,DEL03-SC,UOP03-DEL03-SC,2025
"686469,0",2025-04-21,segunda-feira,13:00:00,SC,280,"185,7",FLORIANOPOLIS,Conversão proibida,Colisão transversal,Com Vítimas Feridas,Pleno dia,Crescente,Céu Claro,Simples,Reta,Não,4,0,2,0,2,0,2,2,-27.5972096,-48.5556224,SPRF-SC,DEL06-SC,UOP01-DEL06-SC,2025
"686503,0",2025-04-21,segunda-feira,16:10:00,SC,101,"252,7",PAULO LOPES,Estacionar ou parar em local proibido,Colisão traseira,Sem Vítimas,Pleno dia,Crescente,Céu Claro,Múltipla,Reta,Não,2,0,0,0,2,0,0,2,-27.9616412,-48.67955446,SPRF-SC,DEL02-SC,UOP03-DEL02-SC,2025
"686505,0",2025-03-19,quarta-feira,22:50:00,SC,282,"571,5",NOVA ERECHIM,Velocidade Incompatível,Saída de leito carroçável,Com Vítimas Feridas,Plena Noite,Decrescente,Céu Claro,Simples,Reta,Não,1,0,0,1,0,0,1,1,-26.8880919,-52.9351241,SPRF-SC,DEL07-SC,UOP02-DEL07-SC,2025
"686516,0",2025-04-21,segunda-feira,13:30:00,SC,470,"172,4",POUSO REDONDO,Condutor deixou de manter distância do veículo da frente,Colisão traseira,Com Vítimas Feridas,Pleno dia,Decrescente,Nublado,Simples,Aclive;Reta,Sim,3,0,1,0,2,0,1,2,-27.25993675,-49.92028177,SPRF-SC,DEL04-SC,UOP02-DEL04-SC,2025
"686517,0",2025-04-21,segunda-feira,16:40:00,SC,470,"134,7",RIO DO SUL,Reação tardia ou ineficiente do condutor,Engavetamento,Com Vítimas Feridas,Pleno dia,Crescente,Nublado,Simples,Reta,Sim,7,0,3,0,4,0,3,4,-27.17972,-49.59801,SPRF-SC,DEL04-SC,UOP02-DEL04-SC,2025
"686521,0",2025-04-21,segunda-feira,16:20:00,SC,101,"128,3",CAMBORIU,Demais falhas mecânicas ou elétricas,Tombamento,Com Vítimas Feridas,Pleno dia,Crescente,Céu Claro,Dupla,Reta,Não,2,0,2,0,0,0,2,1,-26.97531066,-48.682648,SPRF-SC,DEL04-SC,UOP03-DEL04-SC,2025
"686530,0",2025-04-19,sábado,20:30:00,SC,282,"547,4",CHAPECO,Velocidade Incompatível,Colisão com objeto,Com Vítimas Feridas,Plena Noite,Crescente,Céu Claro,Simples,Interseção de Vias;Rotatória,Não,7,0,6,0,1,0,6,3,-26.97451809,-52.74402022,SPRF-SC,DEL07-SC,UOP01-DEL07-SC,2025
"686547,0",2025-04-21,segunda-feira,19:40:00,SC,101,"98,5",BALNEARIO PICARRAS,Pedestre cruzava a pista fora da faixa,Atropelamento de Pedestre,Com Vítimas Fatais,Plena Noite,Crescente,Nublado,Dupla,Reta,Não,4,1,0,0,1,2,0,2,-26.74490113,-48.69744589,SPRF-SC,DEL03-SC,UOP02-DEL03-SC,2025
"686553,0",2025-04-21,segunda-feira,19:20:00,SC,101,"400,8",MARACAJA,Condutor deixou de manter distância do veículo da frente,Engavetamento,Com Vítimas Feridas,Plena Noite,Crescente,Céu Claro,Múltipla,Reta,Não,9,0,1,0,8,0,1,3,-28.87072515,-49.45187503,SPRF-SC,DEL02-SC,UOP02-DEL02-SC,2025
"686585,0",2025-04-21,segunda-feira,22:50:00,SC,101,"86,0",BARRA VELHA,Transitar na contramão,Colisão frontal,Com Vítimas Feridas,Plena Noite,Crescente,Céu Claro,Dupla,Interseção de Vias;Rotatória,Sim,2,0,2,0,0,0,2,2,-26.63959959,-48.69390422,SPRF-SC,DEL03-SC,UOP02-DEL03-SC,2025
"686591,0",2025-04-21,segunda-feira,23:20:00,SC,101,"58,0",ARAQUARI,Reação tardia ou ineficiente do condutor,Colisão lateral mesmo sentido,Com Vítimas Feridas,Plena Noite,Decrescente,Nublado,Dupla,Curva,Não,2,0,0,1,1,0,1,2,-26.438397,-48.80317032,SPRF-SC,DEL03-SC,UOP02-DEL03-SC,2025
"686609,0",2025-04-22,terça-feira,02:00:00,SC,101,"79,9",ARAQUARI,Reação tardia ou ineficiente do condutor,Colisão com objeto,Com Vítimas Feridas,Plena Noite,Decrescente,Nublado,Dupla,Curva,Não,2,0,1,1,0,0,2,1,-26.59490186,-48.72203523,SPRF-SC,DEL03-SC,UOP02-DEL03-SC,2025
"686619,0",2025-04-22,terça-feira,00:30:00,SC,101,"132,0",CAMBORIU,Reação tardia ou ineficiente do condutor,Colisão com objeto,Sem Vítimas,Plena Noite,Decrescente,Nublado,Múltipla,Reta,Não,1,0,0,0,1,0,0,1,-26.9955768,-48.65758158,SPRF-SC,DEL04-SC,UOP03-DEL04-SC,2025
"686635,0",2025-04-22,terça-feira,07:20:00,SC,101,"207,9",SAO JOSE,Manobra de mudança de faixa,Tombamento,Com Vítimas Feridas,Pleno dia,Decrescente,Céu Claro,Múltipla,Curva,Sim,2,0,2,0,0,0,2,1,-27.60337431,-48.63188803,SPRF-SC,DEL01-SC,UOP01-DEL01-SC,2025
"686650,0",2025-04-22,terça-feira,07:30:00,SC,282,"16,0",PALHOCA,Acesso irregular,Colisão transversal,Com Vítimas Feridas,Pleno dia,Decrescente,Céu Claro,Simples,Reta,Sim,2,0,0,1,1,0,1,2,-27.66280945,-48.68549315,SPRF-SC,DEL01-SC,UOP02-DEL01-SC,2025
"686670,0",2025-04-18,sexta-feira,05:40:00,SC,101,"337,8",TUBARAO,Ausência de reação do condutor,Saída de leito carroçável,Sem Vítimas,Amanhecer,Crescente,Garoa/Chuvisco,Múltipla,Declive;Retorno Regulamentado,Sim,1,0,0,0,1,0,0,1,-28.49456,-49.04334167,SPRF-SC,DEL02-SC,UOP01-DEL02-SC,2025