id,data_inversa,dia_semana,horario,uf,br,km,municipio,causa_acidente,tipo_acidente,classificacao_acidente,fase_dia,sentido_via,condicao_metereologica,tipo_pista,tracado_via,uso_solo,pessoas,mortos,feridos_leves,feridos_graves,ilesos,ignorados,feridos,veiculos,latitude,longitude,regional,delegacia,uop,ano_arquivo
"686685,0",2025-04-22,terça-feira,11:45:00,SC,470,"44,8",GASPAR,Acessar a via sem observar a presença dos outros veículos,Colisão transversal,Com Vítimas Feridas,Pleno dia,Decrescente,Céu Claro,Dupla,Curva,Não,2,0,1,0,1,0,1,2,-26.8648103,-49.0323204,SPRF-SC,DEL04-SC,UOP01-DEL04-SC,2025
"686709,0",2025-03-27,quinta-feira,17:00:00,SC,280,"6,0",SAO FRANCISCO DO SUL,Conversão proibida,Colisão lateral mesmo sentido,Com Vítimas Feridas,Pleno dia,Crescente,Céu Claro,Simples,Reta,Não,1,0,1,0,0,0,1,1,-26.264427,-48.636375,SPRF-SC,DEL03-SC,UOP03-DEL03-SC,2025
"686713,0",2025-04-22,terça-feira,14:30:00,SC,282,"48,0",AGUAS MORNAS,Acessar a via sem observar a presença dos outros veículos,Colisão transversal,Com Vítimas Feridas,Pleno dia,Crescente,Céu Claro,Simples,Curva,Não,4,0,1,3,0,0,4,2,-27.70521835,-48.83265942,SPRF-SC,DEL01-SC,UOP03-DEL01-SC,2025
"686727,0",2025-04-22,terça-feira,15:45:00,SC,101,"344,0",TUBARAO,Manobra de mudança de faixa,Colisão lateral mesmo sentido,Com Vítimas Feridas,Pleno dia,Decrescente,Céu Claro,Múltipla,Reta,Não,2,0,0,1,1,0,1,2,-28.5527253,-49.0538672,SPRF-SC,DEL02-SC,UOP01-DEL02-SC,2025
"686732,0",2025-04-22,terça-feira,15:15:00,SC,282,"4,6",SAO JOSE,Chuva,Colisão lateral mesmo sentido,Com Vítimas Feridas,Pleno dia,Crescente,Céu Claro,Múltipla,Reta,Sim,4,0,4,0,0,0,4,2,-27.589675,-48.609623,SPRF-SC,DEL01-SC,UOP01-DEL01-SC,2025
"686750,0",2025-04-22,terça-feira,11:59:00,SC,0,"0,0",FLORIANOPOLIS,Manobra de mudança de faixa,Colisão lateral mesmo sentido,Sem Vítimas,Pleno dia,Não Informado,Céu Claro,Múltipla,Rotatória,Sim,3,0,0,0,3,0,0,2,-27.438749,-48.413547,UniPRF,,,2025
"686759,0",2025-04-22,terça-feira,18:10:00,SC,101,"196,1",BIGUACU,Ausência de reação do condutor,Atropelamento de Pedestre,Com Vítimas Feridas,Plena Noite,Decrescente,Céu Claro,Múltipla,Reta;Interseção de Vias,Sim,2,0,1,0,1,0,1,2,-27.51142,-48.6423,SPRF-SC,DEL01-SC,UOP01-DEL01-SC,2025
"686777,0",2025-04-17,quinta-feira,23:50:00,SC,116,"140,6",SANTA CECILIA,Acessar a via sem observar a presença dos outros veículos,Colisão transversal,Com Vítimas Feridas,Plena Noite,Crescente,Nublado,Simples,Reta;Interseção de Vias;Aclive,Sim,2,0,0,1,1,0,1,2,-26.96822169,-50.40763351,SPRF-SC,DEL06-SC,UOP02-DEL06-SC,2025
"686778,0",2025-04-22,terça-feira,18:50:00,SC,101,"47,0",JOINVILLE,Reação tardia ou ineficiente do condutor,Colisão traseira,Com Vítimas Feridas,Plena Noite,Crescente,Céu Claro,Múltipla,Reta;Declive,Não,2,0,1,0,1,0,1,2,-26.36085639,-48.85898916,SPRF-SC,DEL03-SC,UOP01-DEL03-SC,2025
"686817,0",2025-04-20,domingo,20:50:00,SC,101,"144,0",ITAPEMA,Condutor deixou de manter distância do veículo da frente,Colisão traseira,Sem Vítimas,Plena Noite,Decrescente,Céu Claro,Dupla,Reta;Aclive,Não,2,0,0,0,2,0,0,2,-27.07624602,-48.59802246,SPRF-SC,DEL04-SC,UOP03-DEL04-SC,2025
"686823,0",2025-04-23,quarta-feira,07:10:00,SC,280,"128,3",RIO NEGRINHO,Condutor deixou de manter distância do veículo da frente,Colisão lateral mesmo sentido,Com Vítimas Feridas,Pleno dia,Crescente,Nublado,Simples,Reta,Sim,3,0,1,1,1,0,2,2,-26.24419,-49.51609,SPRF-SC,DEL06-SC,UOP03-DEL06-SC,2025
"686831,0",2025-04-23,quarta-feira,06:00:00,SC,101,"265,5",PAULO LOPES,Condutor Dormindo,Saída de leito carroçável,Com Vítimas Feridas,Amanhecer,Crescente,Céu Claro,Dupla,Curva,Não,2,0,2,0,0,0,2,1,-27.96984,-48.679763,SPRF-SC,DEL02-SC,UOP03-DEL02-SC,2025
"686833,0",2025-04-23,quarta-feira,08:01:00,SC,116,"247,8",LAGES,Conversão proibida,Colisão transversal,Sem Vítimas,Pleno dia,Crescente,Nublado,Simples,Reta,Sim,2,0,0,0,2,0,0,2,-27.81719143,-50.37238805,SPRF-SC,DEL05-SC,UOP02-DEL05-SC,2025
"686834,0",2025-04-23,quarta-feira,07:54:00,SC,470,"55,7",BLUMENAU,Reação tardia ou ineficiente do condutor,Colisão transversal,Com Vítimas Feridas,Pleno dia,Decrescente,Céu Claro,Simples,Reta,Sim,2,0,0,1,1,0,1,2,-26.8764133,-49.12476843,SPRF-SC,DEL04-SC,UOP01-DEL04-SC,2025
"686837,0",2025-04-23,quarta-feira,08:40:00,SC,101,"131,0",BALNEARIO CAMBORIU,Condutor deixou de manter distância do veículo da frente,Colisão traseira,Com Vítimas Feridas,Pleno dia,Decrescente,Céu Claro,Dupla,Reta,Sim,2,0,1,0,1,0,1,2,-26.994118,-48.659316,SPRF-SC,DEL04-SC,UOP03-DEL04-SC,2025
"686863,0",2025-04-23,quarta-feira,11:45:00,SC,470,"89,5",ASCURRA,Acessar a via sem observar a presença dos outros veículos,Colisão transversal,Com Vítimas Feridas,Pleno dia,Decrescente,Céu Claro,Simples,Reta,Sim,2,0,1,0,1,0,1,2,-26.96541939,-49.36892001,SPRF-SC,DEL04-SC,UOP01-DEL04-SC,2025
"686874,0",2025-04-23,quarta-feira,13:40:00,SC,101,"208,1",SAO JOSE,Demais falhas mecânicas ou elétricas,Colisão traseira,Com Vítimas Feridas,Pleno dia,Crescente,Céu Claro,Dupla,Reta;Aclive;Interseção de Vias,Sim,2,0,1,0,1,0,1,2,-27.6039,-48.633,SPRF-SC,DEL01-SC,UOP01-DEL01-SC,2025
"686894,0",2025-04-23,quarta-feira,13:50:00,SC,282,"0,5",FLORIANOPOLIS,Condutor deixou de manter distância do veículo da frente,Colisão traseira,Com Vítimas Feridas,Pleno dia,Decrescente,Céu Claro,Simples,Reta,Não,2,0,1,0,1,0,1,2,-27.59903265,-48.57411258,SPRF-SC,DEL01-SC,UOP01-DEL01-SC,2025
"686912,0",2025-04-23,quarta-feira,17:20:00,SC,116,"246,1",LAGES,Conversão proibida,Colisão transversal,Com Vítimas Feridas,Pleno dia,Crescente,Céu Claro,Simples,Reta,Sim,3,0,2,1,0,0,3,2,-27.757222,-50.333333,SPRF-SC,DEL05-SC,UOP02-DEL05-SC,2025
"686926,0",2025-04-23,quarta-feira,15:30:00,SC,470,"7,0",NAVEGANTES,Reação tardia ou ineficiente do condutor,Tombamento,Com Vítimas Feridas,Pleno dia,Crescente,Céu Claro,Simples,Interseção de Vias,Sim,1,0,1,0,0,0,1,1,-26.84211704,-48.71534228,SPRF-SC,DEL04-SC,UOP04-DEL04-SC,2025
"686937,0",2025-04-23,quarta-feira,18:40:00,SC,101,"202,3",SAO JOSE,Condutor deixou de manter distância do veículo da frente,Colisão lateral mesmo sentido,Com Vítimas Feridas,Plena Noite,Decrescente,Céu Claro,Dupla,Reta,Sim,2,0,1,0,1,0,1,2,-27.55993,-48.617093,SPRF-SC,DEL01-SC,UOP01-DEL01-SC,2025
"686953,0",2025-04-23,quarta-feira,21:00:00,SC,101,"40,4",JOINVILLE,Ausência de reação do condutor,Queda de ocupante de veículo,Com Vítimas Feridas,Plena Noite,Crescente,Céu Claro,Dupla,Reta;Aclive,Sim,2,0,2,0,0,0,2,1,-26.30603419,-48.88083458,SPRF-SC,DEL03-SC,UOP01-DEL03-SC,2025
"686968,0",2025-04-24,quinta-feira,00:45:00,SC,101,"187,7",BIGUACU,Suicídio (presumido),Saída de leito carroçável,Com Vítimas Feridas,Plena Noite,Crescente,Nublado,Dupla,Reta,Não,1,0,0,1,0,0,1,1,-27.45108517,-48.63389969,SPRF-SC,DEL01-SC,UOP01-DEL01-SC,2025
"686987,0",2025-04-24,quinta-feira,06:00:00,SC,282,"6,0",SAO JOSE,Ingestão de álcool pelo condutor,Colisão com objeto,Com Vítimas Feridas,Amanhecer,Crescente,Céu Claro,Simples,Curva,Não,1,0,1,0,0,0,1,1,-27.5890363,-48.6127612,SPRF-SC,DEL01-SC,UOP01-DEL01-SC,2025
"686990,0",2025-04-24,quinta-feira,07:00:00,SC,101,"132,0",BALNEARIO CAMBORIU,Acesso irregular,Colisão transversal,Com Vítimas Feridas,Pleno dia,Crescente,Nublado,Múltipla,Interseção de Vias,Sim,3,0,2,0,1,0,2,2,-26.99840917,-48.64840206,SPRF-SC,DEL04-SC,UOP03-DEL04-SC,2025
"686991,0",2025-04-24,quinta-feira,06:50:00,SC,101,"207,5",SAO JOSE,Acessar a via sem observar a presença dos outros veículos,Colisão transversal,Com Vítimas Feridas,Pleno dia,Crescente,Céu Claro,Dupla,Interseção de Vias;Reta;Declive,Sim,2,0,1,0,1,0,1,2,-27.6019,-48.62811,SPRF-SC,DEL01-SC,UOP01-DEL01-SC,2025
"686993,0",2025-04-24,quinta-feira,06:40:00,SC,116,"6,8",MAFRA,Condutor deixou de manter distância do veículo da frente,Colisão traseira,Com Vítimas Feridas,Pleno dia,Decrescente,Céu Claro,Simples,Aclive;Reta,Sim,3,0,2,0,1,0,2,2,-26.150688,-49.829186,SPRF-SC,DEL06-SC,UOP01-DEL06-SC,2025
"686994,0",2025-04-24,quinta-feira,07:30:00,SC,101,"218,3",PALHOCA,Manobra de mudança de faixa,Colisão lateral mesmo sentido,Com Vítimas Feridas,Pleno dia,Decrescente,Nublado,Simples,Reta,Sim,3,0,1,0,0,2,1,3,-27.67843,-48.66885,SPRF-SC,DEL01-SC,UOP02-DEL01-SC,2025
"686998,0",2025-04-24,quinta-feira,07:15:00,SC,101,"132,0",BALNEARIO CAMBORIU,Acumulo de óleo sobre o pavimento,Queda de ocupante de veículo,Com Vítimas Feridas,Pleno dia,Decrescente,Nublado,Múltipla,Túnel;Interseção de Vias;Viaduto,Sim,1,0,1,0,0,0,1,1,-26.99904533,-48.64597885,SPRF-SC,DEL04-SC,UOP03-DEL04-SC,2025
"687033,0",2025-04-24,quinta-feira,10:30:00,SC,101,"419,0",ARARANGUA,Ultrapassagem Indevida,Colisão transversal,Com Vítimas Feridas,Pleno dia,Decrescente,Céu Claro,Simples,Reta;Interseção de Vias,Sim,2,0,1,0,1,0,1,2,-28.9994486,-49.5560229,SPRF-SC,DEL02-SC,UOP02-DEL02-SC,2025
"687053,0",2025-04-24,quinta-feira,12:40:00,SC,280,"82,3",CORUPA,Desrespeitar a preferência no cruzamento,Colisão lateral mesmo sentido,Com Vítimas Feridas,Pleno dia,Decrescente,Céu Claro,Simples,Rotatória,Sim,2,0,1,0,1,0,1,2,-26.435555,-49.245278,SPRF-SC,DEL06-SC,UOP03-DEL06-SC,2025
"687076,0",2025-04-24,quinta-feira,16:45:00,SC,101,"201,3",SAO JOSE,Manobra de mudança de faixa,Colisão lateral mesmo sentido,Com Vítimas Feridas,Pleno dia,Crescente,Céu Claro,Múltipla,Reta,Sim,2,0,1,0,1,0,1,2,-27.551395,-48.619962,SPRF-SC,DEL01-SC,UOP01-DEL01-SC,2025
"687086,0",2025-04-24,quinta-feira,17:20:00,SC,101,"100,8",BALNEARIO PICARRAS,Acessar a via sem observar a presença dos outros veículos,Colisão transversal,Com Vítimas Feridas,Anoitecer,Decrescente,Nublado,Simples,Reta;Aclive,Sim,3,0,2,0,0,1,2,2,-26.76302206,-48.68623344,SPRF-SC,DEL03-SC,UOP02-DEL03-SC,2025
"687088,0",2025-04-24,quinta-feira,07:40:00,SC,101,"132,0",BALNEARIO CAMBORIU,Trafegar com motocicleta (ou similar) entre as faixas,Colisão lateral mesmo sentido,Com Vítimas Feridas,Pleno dia,Crescente,Céu Claro,Múltipla,Reta,Sim,2,0,1,0,1,0,1,1,-26.99903577,-48.64802806,SPRF-SC,DEL04-SC,UOP03-DEL04-SC,2025
"687095,0",2025-04-24,quinta-feira,15:15:00,SC,280,"154,1",MAFRA,Velocidade Incompatível,Colisão frontal,Com Vítimas Feridas,Pleno dia,Decrescente,Chuva,Simples,Curva;Aclive,Não,5,0,2,2,0,1,4,3,-26.213115,-49.719376,SPRF-SC,DEL06-SC,UOP03-DEL06-SC,2025
"687097,0",2025-04-24,quinta-feira,18:05:00,SC,163,"70,1",SAO MIGUEL DO OESTE,Condutor deixou de manter distância do veículo da frente,Colisão traseira,Com Vítimas Feridas,Anoitecer,Crescente,Garoa/Chuvisco,Dupla,Declive,Sim,2,0,1,0,1,0,1,2,-26.73493765,-53.50630313,SPRF-SC,DEL07-SC,UOP03-DEL07-SC,2025
"687132,0",2025-04-24,quinta-feira,22:05:00,SC,101,"150,0",ITAPEMA,Velocidade Incompatível,Queda de ocupante de veículo,Com Vítimas Feridas,Plena Noite,Crescente,Nublado,Múltipla,Interseção de Vias;Reta,Sim,1,0,0,1,0,0,1,1,-27.1205335,-48.6094993,SPRF-SC,DEL04-SC,UOP03-DEL04-SC,2025
"687138,0",2025-04-24,quinta-feira,21:35:00,SC,101,"197,3",BIGUACU,Ausência de reação do condutor,Colisão com objeto,Com Vítimas Feridas,Plena Noite,Crescente,Nublado,Múltipla,Reta,Sim,4,0,2,0,2,0,2,1,-27.52062,-48.63761,SPRF-SC,DEL01-SC,UOP01-DEL01-SC,2025
"687139,0",2025-04-24,quinta-feira,18:25:00,SC,101,"303,8",LAGUNA,Reação tardia ou ineficiente do condutor,Colisão lateral mesmo sentido,Com Vítimas Feridas,Plena Noite,Crescente,Céu Claro,Simples,Reta,Sim,2,0,0,1,1,0,1,2,-28.38561877,-48.77199976,SPRF-SC,DEL02-SC,UOP03-DEL02-SC,2025
"687144,0",2025-04-24,quinta-feira,22:35:00,SC,101,"139,0",BALNEARIO CAMBORIU,Velocidade Incompatível,Saída de leito carroçável,Com Vítimas Feridas,Plena Noite,Crescente,Céu Claro,Múltipla,Curva,Sim,1,0,1,0,0,0,1,1,-27.02755783,-48.60614268,SPRF-SC,DEL04-SC,UOP03-DEL04-SC,2025
"687170,0",2025-04-25,sexta-feira,05:10:00,SC,101,"82,5",BARRA VELHA,Deficiência do Sistema de Iluminação/Sinalização,Colisão traseira,Com Vítimas Feridas,Plena Noite,Decrescente,Céu Claro,Dupla,Reta,Não,2,0,0,1,1,0,1,2,-26.61572946,-48.71954665,SPRF-SC,DEL03-SC,UOP02-DEL03-SC,2025
"687177,0",2025-04-25,sexta-feira,07:00:00,SC,101,"199,1",SAO JOSE,Reação tardia ou ineficiente do condutor,Colisão traseira,Com Vítimas Feridas,Pleno dia,Crescente,Céu Claro,Múltipla,Reta,Sim,2,0,1,0,1,0,1,2,-27.535095,-48.629007,SPRF-SC,DEL01-SC,UOP01-DEL01-SC,2025
"687179,0",2025-04-25,sexta-feira,07:45:00,SC,101,"199,4",SAO JOSE,Reação tardia ou ineficiente do condutor,Queda de ocupante de veículo,Com Vítimas Feridas,Pleno dia,Decrescente,Céu Claro,Simples,Reta,Sim,2,0,1,0,1,0,1,1,-27.53661,-48.62632,SPRF-SC,DEL01-SC,UOP01-DEL01-SC,2025
"687201,0",2025-04-25,sexta-feira,08:20:00,SC,101,"119,0",ITAJAI,Reação tardia ou ineficiente do condutor,Engavetamento,Com Vítimas Feridas,Pleno dia,Decrescente,Céu Claro,Múltipla,Reta,Sim,3,0,1,0,2,0,1,3,-26.89935597,-48.71744983,SPRF-SC,DEL04-SC,UOP04-DEL04-SC,2025
"687220,0",2025-04-25,sexta-feira,09:20:00,SC,101,"10,0",GARUVA,Ausência de reação do condutor,Colisão traseira,Com Vítimas Feridas,Pleno dia,Decrescente,Céu Claro,Dupla,Reta,Sim,3,0,2,1,0,0,3,2,-26.06419364,-48.86016782,SPRF-SC,DEL03-SC,UOP01-DEL03-SC,2025
"687221,0",2025-04-25,sexta-feira,11:19:00,SC,101,"205,7",SAO JOSE,Reação tardia ou ineficiente do condutor,Colisão traseira,Com Vítimas Feridas,Pleno dia,Crescente,Sol,Múltipla,Reta,Sim,2,0,1,0,1,0,1,2,-27.58993158,-48.61758532,SPRF-SC,DEL01-SC,UOP01-DEL01-SC,2025
"687231,0",2025-03-20,quinta-feira,16:20:00,SC,470,"0,1",NAVEGANTES,Acessar a via sem observar a presença dos outros veículos,Colisão transversal,Com Vítimas Feridas,Pleno dia,Crescente,Céu Claro,Dupla,Reta;Interseção de Vias;Retorno Regulamentado,Sim,2,0,1,0,1,0,1,2,-26.88156615,-48.66212726,SPRF-SC,DEL04-SC,UOP04-DEL04-SC,2025
"687242,0",2025-04-25,sexta-feira,11:40:00,SC,101,"292,0",IMBITUBA,Ausência de reação do condutor,Colisão transversal,Com Vítimas Feridas,Pleno dia,Decrescente,Céu Claro,Simples,Reta,Sim,2,0,1,0,1,0,1,2,-28.296412,-48.713885,SPRF-SC,DEL02-SC,UOP03-DEL02-SC,2025
"687251,0",2025-04-21,segunda-feira,17:30:00,SC,282,"105,0",ALFREDO WAGNER,Acessar a via sem observar a presença dos outros veículos,Colisão frontal,Com Vítimas Feridas,Pleno dia,Decrescente,Céu Claro,Simples,Reta,Não,3,0,0,1,2,0,1,3,-27.69688002,-49.3460354,SPRF-SC,DEL01-SC,UOP03-DEL01-SC,2025
"687253,0",2025-04-25,sexta-feira,13:40:00,SC,280,"7,0",SAO FRANCISCO DO SUL,Acessar a via sem observar a presença dos outros veículos,Colisão lateral mesmo sentido,Com Vítimas Feridas,Pleno dia,Decrescente,Céu Claro,Simples,Reta;Interseção de Vias,Sim,2,0,1,0,1,0,1,2,-26.26632529,-48.63462925,SPRF-SC,DEL03-SC,UOP03-DEL03-SC,2025
"687269,0",2025-04-25,sexta-feira,16:45:00,SC,101,"117,0",ITAJAI,Frear bruscamente,Engavetamento,Com Vítimas Feridas,Pleno dia,Crescente,Céu Claro,Múltipla,Aclive;Reta,Sim,4,0,1,0,3,0,1,3,-26.88681894,-48.72282219,SPRF-SC,DEL04-SC,UOP04-DEL04-SC,2025
"687278,0",2025-04-25,sexta-feira,17:45:00,SC,101,"162,8",TIJUCAS,Reação tardia ou ineficiente do condutor,Saída de leito carroçável,Com Vítimas Feridas,Anoitecer,Crescente,Nublado,Múltipla,Curva,Sim,1,0,0,1,0,0,1,1,-27.23272,-48.6303,SPRF-SC,DEL04-SC,UOP03-DEL04-SC,2025
"687285,0",2025-04-25,sexta-feira,18:00:00,SC,101,"216,5",PALHOCA,Acessar a via sem observar a presença dos outros veículos,Colisão lateral mesmo sentido,Com Vítimas Feridas,Plena Noite,Decrescente,Céu Claro,Simples,Reta;Interseção de Vias;Retorno Regulamentado,Sim,3,0,1,1,1,0,2,2,-27.66419,-48.67539,SPRF-SC,DEL01-SC,UOP02-DEL01-SC,2025
"687286,0",2025-04-25,sexta-feira,17:45:00,SC,470,"1,3",NAVEGANTES,Reação tardia ou ineficiente do condutor,Saída de leito carroçável,Sem Vítimas,Plena Noite,Decrescente,Ignorado,Múltipla,Curva,Sim,1,0,0,0,1,0,0,1,-26.87532471,-48.6683592,SPRF-SC,DEL04-SC,UOP04-DEL04-SC,2025
"687292,0",2025-04-25,sexta-feira,18:40:00,SC,470,"64,0",INDAIAL,Demais falhas mecânicas ou elétricas,Tombamento,Com Vítimas Feridas,Plena Noite,Crescente,Céu Claro,Simples,Reta,Não,2,0,1,0,1,0,1,1,-26.87014526,-49.20982361,SPRF-SC,DEL04-SC,UOP01-DEL04-SC,2025
"687298,0",2025-04-25,sexta-feira,18:20:00,SC,101,"214,0",PALHOCA,Condutor deixou de manter distância do veículo da frente,Colisão traseira,Sem Vítimas,Plena Noite,Crescente,Nublado,Dupla,Reta,Sim,2,0,0,0,2,0,0,2,-27.63904874,-48.66631955,SPRF-SC,DEL01-SC,UOP02-DEL01-SC,2025
"687345,0",2025-04-25,sexta-feira,22:54:00,SC,101,"217,3",PALHOCA,Demais falhas mecânicas ou elétricas,Incêndio,Sem Vítimas,Plena Noite,Decrescente,Céu Claro,Simples,Reta,Sim,1,0,0,0,1,0,0,1,-27.67039,-48.67264,SPRF-SC,DEL01-SC,UOP02-DEL01-SC,2025
"687346,0",2025-04-25,sexta-feira,20:10:00,SC,101,"357,8",SANGAO,Ingestão de álcool pelo condutor,Colisão traseira,Com Vítimas Feridas,Plena Noite,Crescente,Céu Claro,Dupla,Reta,Sim,3,0,0,1,1,1,1,3,-28.6483022,-49.10427332,SPRF-SC,DEL02-SC,UOP01-DEL02-SC,2025
"687348,0",2025-04-25,sexta-feira,22:00:00,SC,101,"447,6",SANTA ROSA DO SUL,Ausência de reação do condutor,Colisão com objeto,Com Vítimas Feridas,Plena Noite,Crescente,Céu Claro,Dupla,Reta,Não,1,0,0,1,0,0,1,1,-29.1292718,-49.6855539,SPRF-SC,DEL02-SC,UOP02-DEL02-SC,2025
"687361,0",2025-04-26,sábado,00:30:00,SC,101,"276,0",IMBITUBA,Ausência de reação do condutor,Colisão com objeto,Sem Vítimas,Plena Noite,Crescente,Nublado,Simples,Reta,Não,1,0,0,0,1,0,0,1,-28.164774,-48.693918,SPRF-SC,DEL02-SC,UOP03-DEL02-SC,2025
"687363,0",2025-04-26,sábado,01:30:00,SC,101,"130,1",BALNEARIO CAMBORIU,Ausência de reação do condutor,Saída de leito carroçável,Com Vítimas Feridas,Plena Noite,Decrescente,Nublado,Múltipla,Curva,Sim,1,0,1,0,0,0,1,1,-26.98633027,-48.66625786,SPRF-SC,DEL04-SC,UOP03-DEL04-SC,2025
"687374,0",2025-04-26,sábado,03:50:00,SC,101,"105,6",PENHA,Ingestão de álcool pelo condutor,Colisão com objeto,Com Vítimas Fatais,Plena Noite,Decrescente,Nublado,Dupla,Reta,Não,5,2,2,0,1,0,2,2,-26.80718467,-48.68059007,SPRF-SC,DEL03-SC,UOP02-DEL03-SC,2025
"687380,0",2025-04-26,sábado,04:00:00,SC,282,"0,3",FLORIANOPOLIS,Reação tardia ou ineficiente do condutor,Colisão com objeto,Sem Vítimas,Plena Noite,Crescente,Céu Claro,Dupla,Reta;Aclive,Sim,1,0,0,0,0,1,0,1,-27.599373,-48.575407,SPRF-SC,DEL01-SC,UOP01-DEL01-SC,2025
"687386,0",2025-04-25,sexta-feira,21:00:00,SC,280,"277,5",IRINEOPOLIS,Ausência de reação do condutor,Saída de leito carroçável,Com Vítimas Feridas,Plena Noite,Decrescente,Céu Claro,Simples,Curva,Não,2,0,1,1,0,0,2,1,-26.2962429,-50.84903955,SPRF-SC,DEL06-SC,UOP04-DEL06-SC,2025
"687390,0",2025-04-26,sábado,04:30:00,SC,470,"3,0",NAVEGANTES,Reação tardia ou ineficiente do condutor,Saída de leito carroçável,Sem Vítimas,Plena Noite,Crescente,Ignorado,Múltipla,Reta,Não,1,0,0,0,0,1,0,1,-26.85901185,-48.6876297,SPRF-SC,DEL04-SC,UOP04-DEL04-SC,2025
"687391,0",2025-04-26,sábado,06:50:00,SC,101,"397,0",MARACAJA,Ausência de reação do condutor,Colisão com objeto,Sem Vítimas,Amanhecer,Crescente,Céu Claro,Múltipla,Reta,Sim,1,0,0,0,0,1,0,1,-28.87176293,-49.45298561,SPRF-SC,DEL02-SC,UOP02-DEL02-SC,2025
"687394,0",2025-04-26,sábado,06:30:00,SC,282,"1,0",FLORIANOPOLIS,Avarias e/ou desgaste excessivo no pneu,Queda de ocupante de veículo,Com Vítimas Feridas,Pleno dia,Decrescente,Nublado,Múltipla,Reta;Declive,Sim,2,0,1,1,0,0,2,1,-27.6001849,-48.57621074,SPRF-SC,DEL01-SC,UOP01-DEL01-SC,2025
"687402,0",2025-04-26,sábado,06:45:00,SC,101,"49,0",JOINVILLE,Ingestão de álcool pelo condutor,Saída de leito carroçável,Sem Vítimas,Amanhecer,Decrescente,Céu Claro,Múltipla,Curva,Não,1,0,0,0,1,0,0,1,-26.38066134,-48.85143153,SPRF-SC,DEL03-SC,UOP01-DEL03-SC,2025
"687404,0",2025-04-26,sábado,08:15:00,SC,101,"194,0",BIGUACU,Ingestão de álcool pelo condutor,Queda de ocupante de veículo,Com Vítimas Feridas,Pleno dia,Decrescente,Céu Claro,Dupla,Reta,Sim,3,0,1,1,1,0,2,2,-27.50204607,-48.65273349,SPRF-SC,DEL01-SC,UOP01-DEL01-SC,2025
"687405,0",2025-04-26,sábado,07:28:00,SC,470,"122,0",IBIRAMA,Velocidade Incompatível,Colisão frontal,Com Vítimas Feridas,Amanhecer,Crescente,Nublado,Simples,Curva,Não,3,0,2,0,1,0,2,3,-27.10629422,-49.52162596,SPRF-SC,DEL04-SC,UOP02-DEL04-SC,2025
"687420,0",2025-04-22,terça-feira,14:50:00,SC,470,"57,0",BLUMENAU,Ultrapassagem Indevida,Colisão transversal,Com Vítimas Feridas,Pleno dia,Crescente,Céu Claro,Simples,Interseção de Vias;Desvio Temporário;Em Obras;Reta,Não,2,0,1,0,1,0,1,2,-26.87311566,-49.113767,SPRF-SC,DEL04-SC,UOP01-DEL04-SC,2025
"687424,0",2025-04-26,sábado,09:30:00,SC,282,"17,3",PALHOCA,Acessar a via sem observar a presença dos outros veículos,Colisão transversal,Com Vítimas Feridas,Pleno dia,Decrescente,Céu Claro,Simples,Reta;Interseção de Vias,Não,2,0,1,0,1,0,1,2,-27.66289067,-48.6856514,SPRF-SC,DEL01-SC,UOP02-DEL01-SC,2025
"687427,0",2025-04-26,sábado,09:10:00,SC,101,"137,0",BALNEARIO CAMBORIU,Acumulo de areia ou detritos sobre o pavimento,Tombamento,Com Vítimas Feridas,Pleno dia,Crescente,Céu Claro,Múltipla,Reta,Sim,1,0,1,0,0,0,1,1,-27.021987,-48.608999,SPRF-SC,DEL04-SC,UOP03-DEL04-SC,2025
"687428,0",2025-04-26,sábado,09:00:00,SC,470,"1,3",NAVEGANTES,Desrespeitar a preferência no cruzamento,Colisão frontal,Com Vítimas Feridas,Pleno dia,Crescente,Nublado,Dupla,Reta;Interseção de Vias,Não,2,0,0,1,1,0,1,2,-26.87725785,-48.66594169,SPRF-SC,DEL04-SC,UOP04-DEL04-SC,2025
"687436,0",2025-04-26,sábado,10:30:00,SC,280,"51,6",GUARAMIRIM,Condutor deixou de manter distância do veículo da frente,Colisão traseira,Com Vítimas Feridas,Pleno dia,Crescente,Céu Claro,Dupla,Reta,Sim,2,0,1,0,1,0,1,2,-26.46713,-48.96152,SPRF-SC,DEL03-SC,UOP03-DEL03-SC,2025
"687446,0",2025-04-26,sábado,11:15:00,SC,101,"123,4",ITAJAI,Velocidade Incompatível,Tombamento,Com Vítimas Feridas,Pleno dia,Crescente,Nublado,Dupla,Em Obras;Curva,Sim,1,0,1,0,0,0,1,1,-26.9376364,-48.6967127,SPRF-SC,DEL04-SC,UOP04-DEL04-SC,2025
"687466,0",2025-04-26,sábado,13:05:00,SC,116,"2,3",MAFRA,Ausência de reação do condutor,Colisão traseira,Sem Vítimas,Pleno dia,Decrescente,Nublado,Simples,Reta;Interseção de Vias,Sim,4,0,0,0,4,0,0,2,-26.1264636,-49.7952746,SPRF-SC,DEL06-SC,UOP01-DEL06-SC,2025
"687476,0",2025-04-26,sábado,15:00:00,SC,101,"207,0",SAO JOSE,Trafegar com motocicleta (ou similar) entre as faixas,Colisão lateral mesmo sentido,Com Vítimas Feridas,Pleno dia,Crescente,Céu Claro,Múltipla,Reta;Aclive,Sim,3,0,2,0,1,0,2,2,-27.602139,-48.628796,SPRF-SC,DEL01-SC,UOP01-DEL01-SC,2025