id,data_inversa,dia_semana,horario,uf,br,km,municipio,causa_acidente,tipo_acidente,classificacao_acidente,fase_dia,sentido_via,condicao_metereologica,tipo_pista,tracado_via,uso_solo,pessoas,mortos,feridos_leves,feridos_graves,ilesos,ignorados,feridos,veiculos,latitude,longitude,regional,delegacia,uop,ano_arquivo
"690309,0",2025-05-10,sábado,10:00:00,SC,470,"22,0",ILHOTA,Reação tardia ou ineficiente do condutor,Colisão com objeto,Com Vítimas Feridas,Pleno dia,Decrescente,Céu Claro,Dupla,Retorno Regulamentado,Sim,1,0,1,0,0,0,1,1,-26.88061144,-48.83936143,SPRF-SC,DEL04-SC,UOP04-DEL04-SC,2025
"690312,0",2025-05-10,sábado,08:00:00,SC,101,"334,0",TUBARAO,Desrespeitar a preferência no cruzamento,Colisão transversal,Com Vítimas Feridas,Pleno dia,Decrescente,Céu Claro,Múltipla,Interseção de Vias,Sim,2,0,1,0,1,0,1,2,-28.470715,-49.018594,SPRF-SC,DEL02-SC,UOP01-DEL02-SC,2025
"690324,0",2025-05-10,sábado,15:50:00,SC,280,"29,7",ARAQUARI,Acessar a via sem observar a presença dos outros veículos,Colisão transversal,Com Vítimas Feridas,Pleno dia,Crescente,Céu Claro,Simples,Em Obras;Interseção de Vias,Sim,3,0,0,1,2,0,1,2,-26.41288533,-48.75670905,SPRF-SC,DEL03-SC,UOP03-DEL03-SC,2025
"690325,0",2025-05-10,sábado,15:00:00,SC,282,"255,3",SAO JOSE DO CERRITO,Acessar a via sem observar a presença dos outros veículos,Colisão transversal,Com Vítimas Feridas,Pleno dia,Decrescente,Céu Claro,Simples,Reta,Não,2,0,1,0,1,0,1,2,-27.67307073,-50.57981735,SPRF-SC,DEL05-SC,UOP02-DEL05-SC,2025
"690328,0",2025-05-10,sábado,15:25:00,SC,116,"207,5",PONTE ALTA,Acessar a via sem observar a presença dos outros veículos,Colisão transversal,Com Vítimas Feridas,Pleno dia,Decrescente,Céu Claro,Simples,Interseção de Vias;Rotatória,Sim,6,0,1,0,5,0,1,2,-27.48434,-50.377796,SPRF-SC,DEL05-SC,UOP03-DEL05-SC,2025
"690340,0",2025-05-10,sábado,17:05:00,SC,280,"26,7",ARAQUARI,Ausência de reação do condutor,Colisão lateral mesmo sentido,Com Vítimas Feridas,Pleno dia,Decrescente,Céu Claro,Simples,Reta,Sim,2,0,1,0,1,0,1,2,-26.3948307,-48.7388536,SPRF-SC,DEL03-SC,UOP03-DEL03-SC,2025
"690348,0",2025-05-10,sábado,15:30:00,SC,470,"65,0",BLUMENAU,Ausência de reação do condutor,Saída de leito carroçável,Sem Vítimas,Pleno dia,Decrescente,Céu Claro,Simples,Reta,Sim,1,0,0,0,1,0,0,1,-26.87658182,-49.12265517,SPRF-SC,DEL04-SC,UOP01-DEL04-SC,2025
"690363,0",2025-05-10,sábado,17:30:00,SC,282,"24,2",SANTO AMARO DA IMPERATRIZ,Mal súbito do condutor,Saída de leito carroçável,Com Vítimas Fatais,Plena Noite,Crescente,Céu Claro,Simples,Reta,Sim,2,1,0,0,0,1,0,2,-27.6817,-48.7454,SPRF-SC,DEL01-SC,UOP03-DEL01-SC,2025
"690394,0",2025-05-10,sábado,15:25:00,SC,282,"385,0",JOACABA,Ingestão de álcool pelo condutor,Saída de leito carroçável,Sem Vítimas,Pleno dia,Decrescente,Céu Claro,Simples,Curva,Não,1,0,0,0,0,1,0,1,-27.20132002,-51.5157187,SPRF-SC,DEL07-SC,UOP05-DEL07-SC,2025
"690395,0",2025-05-10,sábado,16:15:00,SC,282,"341,0",CAMPOS NOVOS,Ingestão de álcool pelo condutor,Colisão com objeto,Com Vítimas Feridas,Pleno dia,Crescente,Céu Claro,Simples,Curva,Não,1,0,1,0,0,0,1,1,-27.38724431,-51.1140418,SPRF-SC,DEL07-SC,UOP06-DEL07-SC,2025
"690417,0",2025-05-10,sábado,19:25:00,SC,163,"73,5",SAO MIGUEL DO OESTE,Ingestão de álcool pelo condutor,Saída de leito carroçável,Com Vítimas Feridas,Plena Noite,Decrescente,Céu Claro,Simples,Reta;Aclive,Não,1,0,1,0,0,0,1,1,-26.7052813,-53.5134883,SPRF-SC,DEL07-SC,UOP03-DEL07-SC,2025
"690425,0",2025-05-10,sábado,22:00:00,SC,282,"41,0",AGUAS MORNAS,Transitar na contramão,Colisão frontal,Com Vítimas Feridas,Plena Noite,Decrescente,Nublado,Simples,Reta,Não,3,0,1,1,1,0,2,3,-27.716428,-48.87884,SPRF-SC,DEL01-SC,UOP03-DEL01-SC,2025
"690459,0",2025-05-11,domingo,02:30:00,SC,101,"326,5",CAPIVARI DE BAIXO,Ingestão de álcool pelo condutor,Queda de ocupante de veículo,Com Vítimas Feridas,Plena Noite,Crescente,Céu Claro,Múltipla,Reta,Sim,3,0,1,1,0,1,2,2,-28.433349,-48.957189,SPRF-SC,DEL02-SC,UOP01-DEL02-SC,2025
"690460,0",2025-05-11,domingo,02:20:00,SC,101,"157,0",PORTO BELO,Acessar a via sem observar a presença dos outros veículos,Colisão transversal,Com Vítimas Feridas,Plena Noite,Decrescente,Céu Claro,Dupla,Reta,Sim,3,0,2,0,1,0,2,2,-27.18998753,-48.61238686,SPRF-SC,DEL04-SC,UOP03-DEL04-SC,2025
"690475,0",2025-05-11,domingo,05:20:00,SC,101,"199,0",SAO JOSE,Reação tardia ou ineficiente do condutor,Saída de leito carroçável,Com Vítimas Feridas,Plena Noite,Crescente,Céu Claro,Múltipla,Reta,Não,1,0,1,0,0,0,1,1,-27.537,-48.627,SPRF-SC,DEL01-SC,UOP01-DEL01-SC,2025
"690477,0",2025-05-11,domingo,04:30:00,SC,101,"34,0",JOINVILLE,Ingestão de álcool pelo condutor,Colisão lateral mesmo sentido,Com Vítimas Feridas,Plena Noite,Decrescente,Céu Claro,Múltipla,Reta,Não,2,0,1,0,1,0,1,2,-26.26273569,-48.90177425,SPRF-SC,DEL03-SC,UOP01-DEL03-SC,2025
"690480,0",2025-05-11,domingo,04:05:00,SC,282,"3,0",FLORIANOPOLIS,Reação tardia ou ineficiente do condutor,Colisão com objeto,Com Vítimas Fatais,Plena Noite,Decrescente,Nublado,Dupla,Reta;Viaduto,Sim,3,1,0,1,0,1,1,2,-27.601,-48.599,SPRF-SC,DEL01-SC,UOP01-DEL01-SC,2025
"690489,0",2025-05-11,domingo,04:00:00,SC,116,"261,1",CAPAO ALTO,Transitar na contramão,Colisão frontal,Sem Vítimas,Plena Noite,Decrescente,Céu Claro,Simples,Curva,Não,2,0,0,0,1,1,0,2,-27.910364,-50.44693,SPRF-SC,DEL05-SC,UOP02-DEL05-SC,2025
"690509,0",2025-05-11,domingo,06:40:00,SC,101,"238,2",PALHOCA,Ingestão de álcool pelo condutor,Saída de leito carroçável,Sem Vítimas,Pleno dia,Crescente,Céu Claro,Dupla,Reta,Sim,1,0,0,0,1,0,0,1,-27.83732097,-48.63216162,SPRF-SC,DEL01-SC,UOP02-DEL01-SC,2025
"690511,0",2025-05-11,domingo,06:30:00,SC,101,"331,1",TUBARAO,Ausência de reação do condutor,Saída de leito carroçável,Sem Vítimas,Amanhecer,Decrescente,Céu Claro,Múltipla,Reta,Não,1,0,0,0,0,1,0,1,-28.4627487,-48.9915586,SPRF-SC,DEL02-SC,UOP01-DEL02-SC,2025
"690519,0",2025-05-11,domingo,06:50:00,SC,101,"216,9",PALHOCA,Ingestão de álcool pelo condutor,Saída de leito carroçável,Sem Vítimas,Pleno dia,Crescente,Céu Claro,Simples,Reta,Sim,1,0,0,0,0,1,0,1,-27.666997,-48.674537,SPRF-SC,DEL01-SC,UOP02-DEL01-SC,2025
"690520,0",2025-05-11,domingo,07:00:00,SC,101,"217,6",PALHOCA,Ausência de reação do condutor,Colisão traseira,Com Vítimas Feridas,Pleno dia,Decrescente,Céu Claro,Múltipla,Reta,Sim,2,0,1,1,0,0,2,2,-27.67329,-48.671447,SPRF-SC,DEL01-SC,UOP02-DEL01-SC,2025
"690527,0",2025-05-11,domingo,09:50:00,SC,280,"11,1",SAO FRANCISCO DO SUL,Demais falhas na via,Colisão com objeto,Sem Vítimas,Pleno dia,Crescente,Céu Claro,Simples,Ponte,Não,1,0,0,0,1,0,0,1,-26.305358,-48.641355,SPRF-SC,DEL03-SC,UOP03-DEL03-SC,2025
"690531,0",2025-05-11,domingo,10:00:00,SC,470,"71,0",INDAIAL,Ultrapassagem Indevida,Colisão lateral mesmo sentido,Com Vítimas Feridas,Pleno dia,Crescente,Céu Claro,Múltipla,Reta,Sim,3,0,1,0,1,1,1,3,-26.89718491,-49.2646664,SPRF-SC,DEL04-SC,UOP01-DEL04-SC,2025
"690573,0",2025-05-11,domingo,14:40:00,SC,101,"192,0",BIGUACU,Reação tardia ou ineficiente do condutor,Colisão com objeto,Com Vítimas Feridas,Pleno dia,Crescente,Céu Claro,Dupla,Curva,Sim,2,0,1,1,0,0,2,1,-27.48713893,-48.65062444,SPRF-SC,DEL01-SC,UOP01-DEL01-SC,2025
"690576,0",2025-03-24,segunda-feira,07:30:00,SC,101,"213,3",PALHOCA,Reação tardia ou ineficiente do condutor,Colisão traseira,Com Vítimas Feridas,Pleno dia,Decrescente,Céu Claro,Múltipla,Reta,Sim,2,0,0,1,1,0,1,2,-27.63697369,-48.66514142,SPRF-SC,DEL01-SC,UOP02-DEL01-SC,2025
"690583,0",2025-05-11,domingo,15:30:00,SC,101,"119,7",ITAJAI,Velocidade Incompatível,Engavetamento,Com Vítimas Feridas,Pleno dia,Crescente,Céu Claro,Dupla,Reta,Não,5,0,2,0,2,1,2,4,-26.94548789,-48.68955973,SPRF-SC,DEL04-SC,UOP04-DEL04-SC,2025
"690586,0",2025-05-11,domingo,15:00:00,SC,470,"50,0",BLUMENAU,Ingestão de álcool pelo condutor,Saída de leito carroçável,Sem Vítimas,Pleno dia,Crescente,Céu Claro,Dupla,Curva;Viaduto,Não,1,0,0,0,0,1,0,1,-26.86077732,-49.08048598,SPRF-SC,DEL04-SC,UOP01-DEL04-SC,2025
"690587,0",2025-05-11,domingo,16:00:00,SC,470,"57,0",BLUMENAU,Desrespeitar a preferência no cruzamento,Colisão transversal,Com Vítimas Feridas,Pleno dia,Crescente,Céu Claro,Simples,Interseção de Vias,Sim,2,0,1,0,1,0,1,2,-26.88268548,-49.14157614,SPRF-SC,DEL04-SC,UOP01-DEL04-SC,2025
"690597,0",2025-05-11,domingo,16:30:00,SC,470,"100,0",APIUNA,Acessar a via sem observar a presença dos outros veículos,Colisão transversal,Com Vítimas Feridas,Pleno dia,Decrescente,Céu Claro,Simples,Reta,Não,2,0,1,0,1,0,1,2,-27.06185503,-49.39371083,SPRF-SC,DEL04-SC,UOP02-DEL04-SC,2025
"690599,0",2025-05-11,domingo,17:00:00,SC,101,"199,0",SAO JOSE,Trafegar com motocicleta (ou similar) entre as faixas,Colisão traseira,Com Vítimas Feridas,Anoitecer,Crescente,Céu Claro,Dupla,Reta,Sim,5,0,4,0,0,1,4,3,-27.53974187,-48.62341627,SPRF-SC,DEL01-SC,UOP01-DEL01-SC,2025
"690611,0",2025-05-11,domingo,18:05:00,SC,101,"147,9",ITAPEMA,Trafegar com motocicleta (ou similar) entre as faixas,Colisão lateral mesmo sentido,Com Vítimas Feridas,Plena Noite,Decrescente,Céu Claro,Dupla,Reta,Sim,2,0,1,0,1,0,1,2,-27.09848,-48.61867,SPRF-SC,DEL04-SC,UOP03-DEL04-SC,2025
"690616,0",2025-05-11,domingo,18:15:00,SC,101,"145,0",ITAPEMA,Manobra de mudança de faixa,Colisão lateral mesmo sentido,Com Vítimas Feridas,Plena Noite,Decrescente,Céu Claro,Dupla,Curva,Sim,3,0,2,0,1,0,2,2,-27.08473486,-48.60589516,SPRF-SC,DEL04-SC,UOP03-DEL04-SC,2025
"690620,0",2025-05-11,domingo,17:45:00,SC,101,"216,3",PALHOCA,Manobra de mudança de faixa,Colisão lateral mesmo sentido,Com Vítimas Feridas,Anoitecer,Crescente,Céu Claro,Múltipla,Reta,Sim,2,0,1,0,1,0,1,2,-27.66244,-48.67653,SPRF-SC,DEL01-SC,UOP02-DEL01-SC,2025
"690630,0",2025-05-11,domingo,18:30:00,SC,282,"451,0",PONTE SERRADA,Ingestão de álcool pelo condutor,Capotamento,Com Vítimas Feridas,Anoitecer,Decrescente,Céu Claro,Simples,Reta,Não,7,0,1,1,1,4,2,2,-26.852072,-52.068142,SPRF-SC,DEL07-SC,UOP04-DEL07-SC,2025
"690635,0",2025-05-11,domingo,18:40:00,SC,101,"207,0",SAO JOSE,Reação tardia ou ineficiente do condutor,Colisão lateral mesmo sentido,Sem Vítimas,Plena Noite,Decrescente,Céu Claro,Múltipla,Reta;Declive,Sim,2,0,0,0,2,0,0,2,-27.60147375,-48.62527224,SPRF-SC,DEL01-SC,UOP01-DEL01-SC,2025
"690647,0",2025-05-11,domingo,19:00:00,SC,101,"103,1",BALNEARIO PICARRAS,Manobra de mudança de faixa,Colisão lateral mesmo sentido,Com Vítimas Feridas,Plena Noite,Crescente,Céu Claro,Dupla,Reta,Sim,2,0,1,0,1,0,1,2,-26.7891674,-48.68170547,SPRF-SC,DEL03-SC,UOP02-DEL03-SC,2025
"690652,0",2025-05-11,domingo,20:00:00,SC,280,"168,0",MAFRA,Ausência de reação do condutor,Colisão com objeto,Com Vítimas Feridas,Plena Noite,Crescente,Céu Claro,Simples,Curva,Sim,1,0,1,0,0,0,1,1,-26.1554866,-49.81246193,SPRF-SC,DEL06-SC,UOP01-DEL06-SC,2025
"690655,0",2025-05-11,domingo,19:36:00,SC,101,"157,2",PORTO BELO,Ausência de reação do condutor,Colisão com objeto,Com Vítimas Feridas,Plena Noite,Decrescente,Nublado,Dupla,Reta,Não,1,0,1,0,0,0,1,1,-27.1844,-48.61224,SPRF-SC,DEL04-SC,UOP03-DEL04-SC,2025
"690659,0",2025-05-11,domingo,14:50:00,SC,280,"265,2",IRINEOPOLIS,Velocidade Incompatível,Colisão traseira,Com Vítimas Feridas,Pleno dia,Crescente,Sol,Simples,Curva;Aclive,Não,5,0,2,3,0,0,5,2,-26.26387506,-50.69066509,SPRF-SC,DEL06-SC,UOP04-DEL06-SC,2025
"690663,0",2025-05-11,domingo,21:00:00,SC,101,"194,9",BIGUACU,Acessar a via sem observar a presença dos outros veículos,Colisão traseira,Com Vítimas Feridas,Plena Noite,Crescente,Céu Claro,Simples,Reta,Sim,2,0,1,0,1,0,1,2,-27.5046,-48.65021,SPRF-SC,DEL01-SC,UOP01-DEL01-SC,2025
"690684,0",2025-05-11,domingo,21:00:00,SC,101,"359,8",SANGAO,Ingestão de álcool pelo condutor,Colisão traseira,Com Vítimas Feridas,Plena Noite,Crescente,Céu Claro,Múltipla,Reta,Não,4,0,1,0,3,0,1,2,-28.65224718,-49.10639763,SPRF-SC,DEL02-SC,UOP01-DEL02-SC,2025
"690689,0",2025-05-11,domingo,20:00:00,SC,282,"277,1",SAO JOSE DO CERRITO,Transitar na contramão,Colisão frontal,Com Vítimas Feridas,Plena Noite,Crescente,Céu Claro,Simples,Curva,Não,4,0,2,1,0,1,3,2,-27.58873157,-50.73526595,SPRF-SC,DEL05-SC,UOP02-DEL05-SC,2025
"690690,0",2025-05-11,domingo,18:00:00,SC,282,"263,4",SAO JOSE DO CERRITO,Velocidade Incompatível,Saída de leito carroçável,Com Vítimas Feridas,Anoitecer,Decrescente,Nublado,Simples,Reta;Interseção de Vias;Declive,Não,1,0,1,0,0,0,1,1,-27.62697924,-50.62458007,SPRF-SC,DEL05-SC,UOP02-DEL05-SC,2025
"690692,0",2025-05-11,domingo,20:40:00,SC,280,"99,0",SAO BENTO DO SUL,Reação tardia ou ineficiente do condutor,Colisão com objeto,Com Vítimas Feridas,Plena Noite,Decrescente,Céu Claro,Simples,Curva,Não,5,0,3,0,2,0,3,1,-26.365,-49.335,SPRF-SC,DEL06-SC,UOP03-DEL06-SC,2025
"690702,0",2025-05-11,domingo,22:10:00,SC,280,"67,0",JARAGUA DO SUL,Velocidade Incompatível,Colisão com objeto,Com Vítimas Feridas,Plena Noite,Crescente,Nublado,Simples,Rotatória,Sim,1,0,1,0,0,0,1,1,-26.473543,-49.109764,SPRF-SC,DEL03-SC,UOP03-DEL03-SC,2025
"690707,0",2025-05-12,segunda-feira,00:00:00,SC,282,"595,0",SAUDADES,Velocidade Incompatível,Colisão traseira,Com Vítimas Feridas,Plena Noite,Crescente,Céu Claro,Simples,Reta,Não,2,0,1,0,1,0,1,2,-26.82933477,-53.11218157,SPRF-SC,DEL07-SC,UOP02-DEL07-SC,2025
"690708,0",2025-05-11,domingo,23:40:00,SC,158,"109,4",CUNHA PORA,Ingestão de substâncias psicoativas pelo condutor,Colisão com objeto,Sem Vítimas,Plena Noite,Decrescente,Nublado,Simples,Rotatória,Sim,1,0,0,0,1,0,0,1,-26.8881911,-53.1773034,SPRF-SC,DEL07-SC,UOP02-DEL07-SC,2025
"690734,0",2025-05-11,domingo,23:45:00,SC,470,"24,0",ILHOTA,Manobra de mudança de faixa,Colisão lateral mesmo sentido,Com Vítimas Feridas,Plena Noite,Crescente,Céu Claro,Dupla,Reta,Não,2,0,1,0,1,0,1,2,-26.88125798,-48.85205833,SPRF-SC,DEL04-SC,UOP04-DEL04-SC,2025
"690764,0",2025-05-12,segunda-feira,06:45:00,SC,282,"412,0",CATANDUVAS,Condutor Dormindo,Saída de leito carroçável,Com Vítimas Feridas,Amanhecer,Decrescente,Céu Claro,Simples,Curva;Aclive,Não,1,0,0,1,0,0,1,1,-27.059985,-51.679373,SPRF-SC,DEL07-SC,UOP05-DEL07-SC,2025
"690771,0",2025-05-12,segunda-feira,07:24:00,SC,280,"58,0",GUARAMIRIM,Velocidade Incompatível,Colisão com objeto,Com Vítimas Feridas,Pleno dia,Decrescente,Nublado,Múltipla,Reta;Interseção de Vias;Rotatória,Sim,1,0,1,0,0,0,1,1,-26.47434,-49.020489,SPRF-SC,DEL03-SC,UOP03-DEL03-SC,2025
"690780,0",2025-05-12,segunda-feira,09:50:00,SC,101,"205,0",SAO JOSE,Reação tardia ou ineficiente do condutor,Queda de ocupante de veículo,Com Vítimas Feridas,Pleno dia,Crescente,Garoa/Chuvisco,Múltipla,Reta;Declive,Sim,1,0,1,0,0,0,1,1,-27.57932165,-48.61404832,SPRF-SC,DEL01-SC,UOP01-DEL01-SC,2025
"690800,0",2025-05-12,segunda-feira,10:20:00,SC,101,"66,1",ARAQUARI,Reação tardia ou ineficiente do condutor,Colisão com objeto,Com Vítimas Feridas,Pleno dia,Decrescente,Garoa/Chuvisco,Dupla,Reta,Não,2,0,1,1,0,0,2,1,-26.48101652,-48.73621557,SPRF-SC,DEL03-SC,UOP02-DEL03-SC,2025
"690816,0",2025-05-12,segunda-feira,13:00:00,SC,470,"88,0",ASCURRA,Acessar a via sem observar a presença dos outros veículos,Colisão lateral mesmo sentido,Com Vítimas Feridas,Pleno dia,Crescente,Nublado,Dupla,Rotatória,Sim,2,0,1,0,1,0,1,2,-26.95487157,-49.37306134,SPRF-SC,DEL04-SC,UOP01-DEL04-SC,2025
"690833,0",2025-05-12,segunda-feira,12:00:00,SC,101,"88,8",BARRA VELHA,Pista Escorregadia,Queda de ocupante de veículo,Com Vítimas Feridas,Pleno dia,Decrescente,Chuva,Dupla,Reta,Não,1,0,0,1,0,0,1,1,-26.6103955,-48.7224243,SPRF-SC,DEL03-SC,UOP02-DEL03-SC,2025
"690834,0",2025-05-12,segunda-feira,10:45:00,SC,280,"91,5",CORUPA,Chuva,Colisão com objeto,Com Vítimas Feridas,Pleno dia,Decrescente,Chuva,Simples,Curva;Declive,Não,3,0,2,0,1,0,2,1,-26.39984,-49.29746,SPRF-SC,DEL06-SC,UOP03-DEL06-SC,2025
"690870,0",2025-05-12,segunda-feira,14:00:00,SC,101,"282,0",IMBITUBA,Desrespeitar a preferência no cruzamento,Colisão transversal,Sem Vítimas,Pleno dia,Decrescente,Céu Claro,Múltipla,Rotatória,Sim,2,0,0,0,2,0,0,2,-28.21509644,-48.69947433,SPRF-SC,DEL02-SC,UOP03-DEL02-SC,2025
"690881,0",2025-05-12,segunda-feira,18:05:00,SC,470,"175,0",POUSO REDONDO,Acessar a via sem observar a presença dos outros veículos,Colisão transversal,Com Vítimas Feridas,Plena Noite,Crescente,Céu Claro,Simples,Reta;Declive,Sim,2,0,0,1,1,0,1,2,-27.2590105,-49.9242979,SPRF-SC,DEL04-SC,UOP02-DEL04-SC,2025
"690882,0",2025-05-12,segunda-feira,18:20:00,SC,280,"300,7",PORTO UNIAO,Ausência de reação do condutor,Colisão traseira,Com Vítimas Fatais,Plena Noite,Decrescente,Céu Claro,Simples,Reta,Não,3,2,0,0,1,0,0,2,-26.283174,-51.027518,SPRF-SC,DEL06-SC,UOP04-DEL06-SC,2025
"690885,0",2025-05-12,segunda-feira,18:40:00,SC,101,"197,0",BIGUACU,Manobra de mudança de faixa,Colisão traseira,Com Vítimas Feridas,Plena Noite,Decrescente,Nublado,Dupla,Reta;Interseção de Vias,Sim,2,0,1,0,0,1,1,2,-27.521103,-48.637315,SPRF-SC,DEL01-SC,UOP01-DEL01-SC,2025
"690899,0",2025-05-12,segunda-feira,19:20:00,SC,101,"215,0",PALHOCA,Acessar a via sem observar a presença dos outros veículos,Colisão traseira,Com Vítimas Feridas,Plena Noite,Decrescente,Céu Claro,Múltipla,Reta;Interseção de Vias,Sim,2,0,2,0,0,0,2,2,-27.66203975,-48.67615907,SPRF-SC,DEL01-SC,UOP02-DEL01-SC,2025
"690935,0",2025-05-13,terça-feira,01:30:00,SC,101,"152,0",ITAPEMA,Reação tardia ou ineficiente do condutor,Colisão com objeto,Sem Vítimas,Plena Noite,Crescente,Chuva,Dupla,Reta,Sim,1,0,0,0,1,0,0,1,-27.13530698,-48.61006531,SPRF-SC,DEL04-SC,UOP03-DEL04-SC,2025
"690940,0",2025-05-13,terça-feira,05:30:00,SC,101,"186,0",BIGUACU,Reação tardia ou ineficiente do condutor,Colisão com objeto,Com Vítimas Feridas,Plena Noite,Crescente,Garoa/Chuvisco,Dupla,Curva,Não,3,0,1,1,1,0,2,2,-27.43476959,-48.62595884,SPRF-SC,DEL01-SC,UOP01-DEL01-SC,2025
"690967,0",2025-05-13,terça-feira,07:20:00,SC,280,"207,9",MAFRA,Reação tardia ou ineficiente do condutor,Colisão com objeto,Com Vítimas Feridas,Amanhecer,Crescente,Nublado,Simples,Reta;Ponte,Não,1,0,1,0,0,0,1,1,-26.166444,-50.143999,SPRF-SC,DEL06-SC,UOP04-DEL06-SC,2025
"690969,0",2025-05-13,terça-feira,09:14:00,SC,101,"212,7",PALHOCA,Acessar a via sem observar a presença dos outros veículos,Colisão transversal,Com Vítimas Feridas,Pleno dia,Crescente,Garoa/Chuvisco,Dupla,Interseção de Vias,Sim,3,0,2,0,1,0,2,2,-27.637656,-48.665893,SPRF-SC,DEL01-SC,UOP02-DEL01-SC,2025
"690970,0",2025-05-13,terça-feira,09:00:00,SC,101,"129,5",CAMBORIU,Objeto estático sobre o leito carroçável,Colisão com objeto,Com Vítimas Feridas,Pleno dia,Crescente,Chuva,Dupla,Reta,Não,1,0,1,0,0,0,1,1,-26.98277,-48.67332,SPRF-SC,DEL04-SC,UOP03-DEL04-SC,2025
"690984,0",2025-05-13,terça-feira,07:30:00,SC,280,"108,0",SAO BENTO DO SUL,Pista Escorregadia,Queda de ocupante de veículo,Com Vítimas Feridas,Pleno dia,Decrescente,Garoa/Chuvisco,Simples,Aclive;Reta,Não,2,0,2,0,0,0,2,1,-26.33491871,-49.37803969,SPRF-SC,DEL06-SC,UOP03-DEL06-SC,2025
"690994,0",2025-05-13,terça-feira,10:40:00,SC,101,"463,0",PASSO DE TORRES,Condutor deixou de manter distância do veículo da frente,Colisão com objeto,Com Vítimas Feridas,Pleno dia,Decrescente,Céu Claro,Dupla,Curva,Não,2,0,1,0,1,0,1,1,-29.287879,-49.757012,SPRF-RS,DEL03-RS,UOP02-DEL03-RS,2025
"691003,0",2025-05-03,sábado,12:00:00,SC,101,"448,8",SANTA ROSA DO SUL,Ultrapassagem Indevida,Colisão lateral mesmo sentido,Com Vítimas Feridas,Pleno dia,Crescente,Céu Claro,Múltipla,Reta;Declive,Não,2,0,2,0,0,0,2,2,-29.16973475,-49.74704359,SPRF-SC,DEL02-SC,UOP02-DEL02-SC,2025
"691022,0",2025-05-13,terça-feira,13:10:00,SC,470,"45,1",GASPAR,Acessar a via sem observar a presença dos outros veículos,Colisão transversal,Com Vítimas Feridas,Pleno dia,Crescente,Chuva,Simples,Reta,Sim,2,0,2,0,0,0,2,2,-26.86500214,-49.03333384,SPRF-SC,DEL04-SC,UOP01-DEL04-SC,2025
"691055,0",2025-05-13,terça-feira,16:40:00,SC,101,"338,0",TUBARAO,Demais falhas mecânicas ou elétricas,Tombamento,Com Vítimas Feridas,Pleno dia,Decrescente,Nublado,Dupla,Reta,Sim,2,0,1,1,0,0,2,1,-28.500505,-49.046382,SPRF-SC,DEL02-SC,UOP01-DEL02-SC,2025
"691060,0",2025-05-13,terça-feira,15:10:00,SC,101,"57,7",ARAQUARI,Reação tardia ou ineficiente do condutor,Colisão com objeto,Com Vítimas Feridas,Pleno dia,Crescente,Chuva,Dupla,Curva,Não,1,0,1,0,0,0,1,1,-26.43910582,-48.80264282,SPRF-SC,DEL03-SC,UOP01-DEL03-SC,2025
"691063,0",2025-05-13,terça-feira,17:30:00,SC,101,"191,0",BIGUACU,Ausência de reação do condutor,Colisão com objeto,Com Vítimas Feridas,Pleno dia,Decrescente,Chuva,Dupla,Curva,Sim,1,0,1,0,0,0,1,1,-27.477356,-48.641113,SPRF-SC,DEL01-SC,UOP01-DEL01-SC,2025
"691065,0",2025-05-13,terça-feira,17:35:00,SC,101,"160,2",PORTO BELO,Trafegar com motocicleta (ou similar) entre as faixas,Colisão lateral mesmo sentido,Com Vítimas Feridas,Anoitecer,Decrescente,Chuva,Dupla,Reta,Sim,2,0,1,0,1,0,1,2,-27.2112054,-48.62120748,SPRF-SC,DEL04-SC,UOP03-DEL04-SC,2025
"691089,0",2025-05-13,terça-feira,19:35:00,SC,280,"31,0",ARAQUARI,Conversão proibida,Colisão transversal,Com Vítimas Feridas,Plena Noite,Crescente,Chuva,Simples,Reta,Não,2,0,1,0,1,0,1,2,-26.415708,-48.768459,SPRF-SC,DEL03-SC,UOP03-DEL03-SC,2025
"691096,0",2025-05-13,terça-feira,19:40:00,SC,101,"133,7",BALNEARIO CAMBORIU,Reação tardia ou ineficiente do condutor,Colisão traseira,Com Vítimas Feridas,Plena Noite,Decrescente,Chuva,Dupla,Interseção de Vias;Reta,Sim,2,0,1,0,1,0,1,2,-27.00141,-48.63846,SPRF-SC,DEL04-SC,UOP03-DEL04-SC,2025
"691102,0",2025-05-13,terça-feira,19:00:00,SC,282,"6,0",SAO JOSE,Chuva,Queda de ocupante de veículo,Com Vítimas Feridas,Plena Noite,Crescente,Chuva,Dupla,Curva,Sim,1,0,1,0,0,0,1,1,-27.585547,-48.617713,SPRF-SC,DEL01-SC,UOP01-DEL01-SC,2025
"691105,0",2025-05-13,terça-feira,17:30:00,SC,163,"103,0",SAO JOSE DO CEDRO,Acessar a via sem observar a presença dos outros veículos,Colisão frontal,Com Vítimas Feridas,Anoitecer,Crescente,Céu Claro,Simples,Interseção de Vias,Sim,2,0,0,1,1,0,1,2,-26.46339856,-53.50608945,SPRF-SC,DEL07-SC,UOP03-DEL07-SC,2025
"691118,0",2025-05-13,terça-feira,20:20:00,SC,101,"211,2",PALHOCA,Trafegar com motocicleta (ou similar) entre as faixas,Queda de ocupante de veículo,Com Vítimas Feridas,Plena Noite,Crescente,Chuva,Múltipla,Reta,Sim,1,0,0,1,0,0,1,1,-27.62967359,-48.65893777,SPRF-SC,DEL01-SC,UOP02-DEL01-SC,2025