id,data_inversa,dia_semana,horario,uf,br,km,municipio,causa_acidente,tipo_acidente,classificacao_acidente,fase_dia,sentido_via,condicao_metereologica,tipo_pista,tracado_via,uso_solo,pessoas,mortos,feridos_leves,feridos_graves,ilesos,ignorados,feridos,veiculos,latitude,longitude,regional,delegacia,uop,ano_arquivo
"691119,0",2025-05-13,terça-feira,16:50:00,SC,163,"70,2",SAO MIGUEL DO OESTE,Manobra de mudança de faixa,Colisão lateral mesmo sentido,Com Vítimas Feridas,Pleno dia,Crescente,Céu Claro,Dupla,Reta,Sim,2,0,1,0,1,0,1,2,-26.73342127,-53.50839293,SPRF-SC,DEL07-SC,UOP03-DEL07-SC,2025
"691128,0",2025-05-13,terça-feira,21:40:00,SC,101,"131,8",CAMBORIU,Reação tardia ou ineficiente do condutor,Tombamento,Com Vítimas Feridas,Plena Noite,Crescente,Nublado,Múltipla,Reta,Sim,1,0,1,0,0,0,1,1,-26.99645033,-48.65656972,SPRF-SC,DEL04-SC,UOP03-DEL04-SC,2025
"691146,0",2025-05-14,quarta-feira,05:20:00,SC,101,"104,3",PENHA,Entrada inopinada do pedestre,Atropelamento de Pedestre,Com Vítimas Feridas,Plena Noite,Crescente,Nublado,Dupla,Reta;Viaduto,Não,2,0,0,1,0,1,1,2,-26.79855654,-48.67944209,SPRF-SC,DEL03-SC,UOP02-DEL03-SC,2025
"691155,0",2025-05-14,quarta-feira,07:00:00,SC,470,"66,7",INDAIAL,Pista Escorregadia,Tombamento,Com Vítimas Feridas,Pleno dia,Decrescente,Garoa/Chuvisco,Dupla,Reta;Em Obras,Sim,2,0,2,0,0,0,2,1,-26.87118535,-49.22918916,SPRF-SC,DEL04-SC,UOP01-DEL04-SC,2025
"691164,0",2025-05-02,sexta-feira,20:30:00,SC,101,"383,0",ICARA,Demais falhas mecânicas ou elétricas,Incêndio,Sem Vítimas,Plena Noite,Decrescente,Céu Claro,Múltipla,Reta,Não,1,0,0,0,1,0,0,1,-28.766944,-49.298677,SPRF-SC,DEL02-SC,UOP02-DEL02-SC,2025
"691181,0",2025-04-12,sábado,05:20:00,SC,282,"493,0",FAXINAL DOS GUEDES,Ingestão de álcool pelo condutor,Colisão frontal,Com Vítimas Feridas,Plena Noite,Decrescente,Nublado,Simples,Reta,Não,4,0,0,3,0,1,3,3,-26.87109814,-52.30313308,SPRF-SC,DEL07-SC,UOP01-DEL07-SC,2025
"691183,0",2025-03-09,domingo,05:00:00,SC,282,"554,0",NOVA ITABERABA,Ausência de reação do condutor,Saída de leito carroçável,Sem Vítimas,Plena Noite,Crescente,Céu Claro,Simples,Rotatória,Não,1,0,0,0,0,1,0,1,-26.93911586,-52.79106255,SPRF-SC,DEL07-SC,UOP01-DEL07-SC,2025
"691196,0",2025-05-14,quarta-feira,11:30:00,SC,101,"211,6",PALHOCA,Acessar a via sem observar a presença dos outros veículos,Colisão lateral mesmo sentido,Com Vítimas Feridas,Pleno dia,Decrescente,Céu Claro,Dupla,Reta,Sim,2,0,0,1,0,1,1,2,-27.628,-48.65659,SPRF-SC,DEL01-SC,UOP02-DEL01-SC,2025
"691217,0",2025-05-14,quarta-feira,12:30:00,SC,101,"120,0",ITAJAI,Trafegar com motocicleta (ou similar) entre as faixas,Colisão lateral mesmo sentido,Com Vítimas Feridas,Pleno dia,Crescente,Céu Claro,Dupla,Reta,Sim,2,0,1,0,1,0,1,2,-26.91579439,-48.71131897,SPRF-SC,DEL04-SC,UOP04-DEL04-SC,2025
"691219,0",2025-05-14,quarta-feira,13:50:00,SC,101,"211,2",PALHOCA,Demais falhas mecânicas ou elétricas,Eventos atípicos,Com Vítimas Feridas,Pleno dia,Decrescente,Céu Claro,Múltipla,Viaduto;Reta,Sim,2,0,1,0,1,0,1,2,-27.62819109,-48.65714487,SPRF-SC,DEL01-SC,UOP02-DEL01-SC,2025
"691262,0",2025-05-14,quarta-feira,17:47:00,SC,101,"30,0",JOINVILLE,Manobra de mudança de faixa,Colisão lateral mesmo sentido,Com Vítimas Feridas,Plena Noite,Crescente,Nublado,Dupla,Reta;Declive,Não,2,0,1,0,1,0,1,2,-26.2269364,-48.9165405,SPRF-SC,DEL03-SC,UOP01-DEL03-SC,2025
"691267,0",2025-05-14,quarta-feira,17:20:00,SC,280,"30,2",ARAQUARI,Transitar na contramão,Colisão transversal,Com Vítimas Feridas,Anoitecer,Crescente,Nublado,Simples,Reta,Não,2,0,1,0,1,0,1,2,-26.416362,-48.77139,SPRF-SC,DEL03-SC,UOP03-DEL03-SC,2025
"691275,0",2025-05-14,quarta-feira,18:30:00,SC,280,"130,0",RIO NEGRINHO,Acessar a via sem observar a presença dos outros veículos,Colisão transversal,Com Vítimas Feridas,Plena Noite,Decrescente,Céu Claro,Simples,Reta;Interseção de Vias;Declive,Não,3,0,2,0,1,0,2,2,-26.25310522,-49.5297575,SPRF-SC,DEL06-SC,UOP03-DEL06-SC,2025
"691288,0",2025-05-14,quarta-feira,18:45:00,SC,101,"3,7",SAO FRANCISCO DO SUL,Acessar a via sem observar a presença dos outros veículos,Colisão transversal,Com Vítimas Feridas,Plena Noite,Decrescente,Garoa/Chuvisco,Simples,Rotatória,Sim,2,0,1,0,1,0,1,2,-26.251837,-48.617663,SPRF-SC,DEL03-SC,UOP01-DEL03-SC,2025
"691312,0",2025-05-14,quarta-feira,19:40:00,SC,101,"150,0",ITAPEMA,Acessar a via sem observar a presença dos outros veículos,Colisão transversal,Com Vítimas Feridas,Plena Noite,Decrescente,Céu Claro,Simples,Declive;Reta,Sim,2,0,0,1,1,0,1,2,-27.11659177,-48.6092388,SPRF-SC,DEL04-SC,UOP03-DEL04-SC,2025
"691313,0",2025-05-14,quarta-feira,20:45:00,SC,282,"554,0",NOVA ITABERABA,Ingestão de álcool pelo condutor,Saída de leito carroçável,Com Vítimas Feridas,Plena Noite,Decrescente,Céu Claro,Simples,Reta,Não,2,0,2,0,0,0,2,1,-26.9385305,-52.8026414,SPRF-SC,DEL07-SC,UOP01-DEL07-SC,2025
"691315,0",2025-05-14,quarta-feira,18:20:00,SC,282,"423,3",VARGEM BONITA,Conversão proibida,Colisão lateral sentido oposto,Com Vítimas Feridas,Anoitecer,Crescente,Céu Claro,Simples,Reta,Não,5,0,3,1,1,0,4,2,-26.99868371,-51.74822599,SPRF-SC,DEL07-SC,UOP05-DEL07-SC,2025
"691320,0",2025-05-14,quarta-feira,22:50:00,SC,101,"212,7",PALHOCA,Frear bruscamente,Queda de ocupante de veículo,Com Vítimas Feridas,Plena Noite,Decrescente,Céu Claro,Múltipla,Reta,Sim,1,0,1,0,0,0,1,1,-27.63449,-48.66303,SPRF-SC,DEL01-SC,UOP02-DEL01-SC,2025
"691329,0",2025-05-15,quinta-feira,00:05:00,SC,101,"194,7",BIGUACU,Reação tardia ou ineficiente do condutor,Saída de leito carroçável,Com Vítimas Feridas,Plena Noite,Decrescente,Nublado,Múltipla,Reta,Sim,1,0,0,1,0,0,1,1,-27.50242,-48.65221,SPRF-SC,DEL01-SC,UOP01-DEL01-SC,2025
"691367,0",2025-04-30,quarta-feira,18:10:00,SC,116,"247,0",LAGES,Desrespeitar a preferência no cruzamento,Colisão transversal,Com Vítimas Feridas,Plena Noite,Crescente,Céu Claro,Simples,Rotatória,Não,2,0,1,0,1,0,1,2,-27.81111398,-50.36787271,SPRF-SC,DEL05-SC,UOP02-DEL05-SC,2025
"691394,0",2025-05-15,quinta-feira,08:30:00,SC,116,"12,3",MAFRA,Desrespeitar a preferência no cruzamento,Colisão transversal,Com Vítimas Feridas,Pleno dia,Decrescente,Céu Claro,Simples,Interseção de Vias;Reta,Sim,3,0,2,0,1,0,2,2,-26.17981,-49.871278,SPRF-SC,DEL06-SC,UOP01-DEL06-SC,2025
"691407,0",2025-05-15,quinta-feira,10:00:00,SC,470,"65,4",INDAIAL,Ultrapassagem Indevida,Colisão transversal,Com Vítimas Feridas,Pleno dia,Decrescente,Nublado,Simples,Desvio Temporário,Sim,2,0,1,0,1,0,1,2,-26.87047215,-49.21364006,SPRF-SC,DEL04-SC,UOP01-DEL04-SC,2025
"691415,0",2025-05-15,quinta-feira,12:30:00,SC,101,"350,2",JAGUARUNA,Ausência de reação do condutor,Saída de leito carroçável,Com Vítimas Feridas,Pleno dia,Decrescente,Céu Claro,Dupla,Reta;Declive,Não,4,0,2,0,2,0,2,1,-28.5999317,-49.0493791,SPRF-SC,DEL02-SC,UOP01-DEL02-SC,2025
"691444,0",2025-05-15,quinta-feira,14:50:00,SC,101,"130,7",BALNEARIO CAMBORIU,Condutor deixou de manter distância do veículo da frente,Colisão traseira,Sem Vítimas,Pleno dia,Decrescente,Céu Claro,Múltipla,Reta,Sim,2,0,0,0,2,0,0,2,-26.9892038,-48.66411209,SPRF-SC,DEL04-SC,UOP03-DEL04-SC,2025
"691476,0",2025-05-15,quinta-feira,18:45:00,SC,470,"67,4",INDAIAL,Acessar a via sem observar a presença dos outros veículos,Colisão transversal,Com Vítimas Feridas,Anoitecer,Decrescente,Céu Claro,Múltipla,Viaduto,Sim,3,0,1,0,2,0,1,2,-26.88038738,-49.24228126,SPRF-SC,DEL04-SC,UOP01-DEL04-SC,2025
"691503,0",2025-05-15,quinta-feira,17:30:00,SC,101,"153,2",PORTO BELO,Manobra de mudança de faixa,Colisão lateral mesmo sentido,Com Vítimas Feridas,Anoitecer,Crescente,Céu Claro,Dupla,Reta,Sim,2,0,1,0,0,1,1,2,-27.14637233,-48.61054569,SPRF-SC,DEL04-SC,UOP03-DEL04-SC,2025
"691505,0",2025-05-15,quinta-feira,20:00:00,SC,101,"309,6",LAGUNA,Ausência de reação do condutor,Colisão com objeto,Sem Vítimas,Plena Noite,Decrescente,Céu Claro,Múltipla,Reta,Não,1,0,0,0,1,0,0,1,-28.4377,-48.8098,SPRF-SC,DEL02-SC,UOP01-DEL02-SC,2025
"691520,0",2025-05-15,quinta-feira,21:00:00,SC,280,"72,1",JARAGUA DO SUL,Reação tardia ou ineficiente do condutor,Colisão com objeto,Com Vítimas Feridas,Plena Noite,Crescente,Chuva,Simples,Reta,Sim,1,0,1,0,0,0,1,1,-26.458964,-49.154873,SPRF-SC,DEL03-SC,UOP03-DEL03-SC,2025
"691534,0",2025-05-16,sexta-feira,01:00:00,SC,101,"30,3",JOINVILLE,Velocidade Incompatível,Saída de leito carroçável,Sem Vítimas,Plena Noite,Crescente,Chuva,Simples,Reta;Viaduto;Aclive,Sim,1,0,0,0,0,1,0,1,-26.23122677,-48.91715018,SPRF-SC,DEL03-SC,UOP01-DEL03-SC,2025
"691538,0",2025-05-16,sexta-feira,02:50:00,SC,282,"645,8",SAO MIGUEL DO OESTE,Ingestão de álcool pelo condutor,Saída de leito carroçável,Com Vítimas Feridas,Plena Noite,Crescente,Céu Claro,Simples,Reta;Aclive,Não,1,0,0,1,0,0,1,1,-26.763998,-53.49683,SPRF-SC,DEL07-SC,UOP03-DEL07-SC,2025
"691547,0",2025-05-15,quinta-feira,23:45:00,SC,280,"56,4",GUARAMIRIM,Reação tardia ou ineficiente do condutor,Tombamento,Com Vítimas Feridas,Plena Noite,Crescente,Chuva,Dupla,Reta,Não,1,0,0,1,0,0,1,1,-26.479291,-49.009497,SPRF-SC,DEL03-SC,UOP03-DEL03-SC,2025
"691564,0",2025-05-16,sexta-feira,08:30:00,SC,282,"52,0",AGUAS MORNAS,Transitar na contramão,Colisão frontal,Com Vítimas Feridas,Pleno dia,Decrescente,Garoa/Chuvisco,Simples,Curva,Não,2,0,1,1,0,0,2,2,-27.70746004,-48.84021252,SPRF-SC,DEL01-SC,UOP03-DEL01-SC,2025
"691571,0",2025-05-16,sexta-feira,09:00:00,SC,101,"207,0",SAO JOSE,Ausência de reação do condutor,Queda de ocupante de veículo,Com Vítimas Feridas,Pleno dia,Crescente,Céu Claro,Múltipla,Reta,Sim,2,0,1,0,1,0,1,2,-27.60243305,-48.62958519,SPRF-SC,DEL01-SC,UOP01-DEL01-SC,2025
"691589,0",2025-05-16,sexta-feira,10:10:00,SC,282,"1,0",FLORIANOPOLIS,Mal súbito do condutor,Colisão com objeto,Com Vítimas Feridas,Pleno dia,Decrescente,Céu Claro,Múltipla,Declive;Reta,Não,1,0,1,0,0,0,1,1,-27.604,-48.583,SPRF-SC,DEL01-SC,UOP01-DEL01-SC,2025
"691611,0",2025-05-16,sexta-feira,12:55:00,SC,282,"2,3",FLORIANOPOLIS,Reação tardia ou ineficiente do condutor,Engavetamento,Com Vítimas Feridas,Pleno dia,Decrescente,Céu Claro,Múltipla,Reta,Sim,4,0,1,1,1,1,2,4,-27.6030653,-48.592599,SPRF-SC,DEL01-SC,UOP01-DEL01-SC,2025
"691619,0",2025-05-16,sexta-feira,13:47:00,SC,101,"195,0",BIGUACU,Reação tardia ou ineficiente do condutor,Queda de ocupante de veículo,Com Vítimas Feridas,Pleno dia,Crescente,Céu Claro,Dupla,Aclive,Sim,1,0,0,1,0,0,1,1,-27.50653431,-48.64817826,SPRF-SC,DEL01-SC,UOP01-DEL01-SC,2025
"691622,0",2025-05-16,sexta-feira,12:50:00,SC,163,"86,5",GUARACIABA,Velocidade Incompatível,Capotamento,Com Vítimas Feridas,Pleno dia,Crescente,Sol,Simples,Reta,Não,1,0,1,0,0,0,1,1,-26.57881216,-53.51496069,SPRF-SC,DEL07-SC,UOP03-DEL07-SC,2025
"691623,0",2025-05-16,sexta-feira,13:45:00,SC,101,"205,0",SAO JOSE,Condutor deixou de manter distância do veículo da frente,Colisão traseira,Com Vítimas Feridas,Pleno dia,Crescente,Céu Claro,Múltipla,Reta,Sim,2,0,0,1,1,0,1,2,-27.58060635,-48.61450195,SPRF-SC,DEL01-SC,UOP01-DEL01-SC,2025
"691637,0",2025-05-16,sexta-feira,14:40:00,SC,101,"143,0",ITAPEMA,Reação tardia ou ineficiente do condutor,Colisão traseira,Com Vítimas Feridas,Pleno dia,Decrescente,Nublado,Dupla,Curva,Não,2,0,1,0,1,0,1,2,-27.07088309,-48.59544151,SPRF-SC,DEL04-SC,UOP03-DEL04-SC,2025
"691640,0",2025-05-16,sexta-feira,15:30:00,SC,101,"127,0",ITAJAI,Manobra de mudança de faixa,Colisão lateral mesmo sentido,Com Vítimas Feridas,Pleno dia,Crescente,Nublado,Dupla,Reta,Não,2,0,0,1,1,0,1,2,-26.96981367,-48.68385315,SPRF-SC,DEL04-SC,UOP04-DEL04-SC,2025
"691652,0",2025-05-16,sexta-feira,16:00:00,SC,282,"18,3",PALHOCA,Acessar a via sem observar a presença dos outros veículos,Colisão transversal,Com Vítimas Feridas,Pleno dia,Decrescente,Nublado,Simples,Reta,Sim,2,0,1,0,1,0,1,2,-27.67533641,-48.69685046,SPRF-SC,DEL01-SC,UOP02-DEL01-SC,2025
"691655,0",2025-05-16,sexta-feira,16:00:00,SC,101,"133,3",BALNEARIO CAMBORIU,Reação tardia ou ineficiente do condutor,Colisão traseira,Com Vítimas Feridas,Pleno dia,Crescente,Céu Claro,Múltipla,Reta,Sim,3,0,2,1,0,0,3,2,-27.00054617,-48.64307133,SPRF-SC,DEL04-SC,UOP03-DEL04-SC,2025
"691661,0",2025-05-16,sexta-feira,16:50:00,SC,101,"189,0",BIGUACU,Ausência de reação do condutor,Queda de ocupante de veículo,Com Vítimas Feridas,Pleno dia,Decrescente,Céu Claro,Dupla,Interseção de Vias,Não,2,0,1,0,0,1,1,2,-27.456265,-48.637007,SPRF-SC,DEL01-SC,UOP01-DEL01-SC,2025
"691666,0",2025-05-16,sexta-feira,16:37:00,SC,101,"46,2",PALHOCA,Objeto estático sobre o leito carroçável,Colisão com objeto,Com Vítimas Feridas,Pleno dia,Decrescente,Céu Claro,Dupla,Reta,Não,1,0,1,0,0,0,1,1,-27.68391672,-48.69030889,SPRF-SC,DEL01-SC,UOP02-DEL01-SC,2025
"691669,0",2025-05-16,sexta-feira,17:40:00,SC,280,"25,0",ARAQUARI,Acessar a via sem observar a presença dos outros veículos,Colisão transversal,Com Vítimas Feridas,Pleno dia,Crescente,Céu Claro,Simples,Reta,Sim,2,0,1,0,1,0,1,2,-26.40786064,-48.74702454,SPRF-SC,DEL03-SC,UOP03-DEL03-SC,2025
"691673,0",2025-05-16,sexta-feira,18:00:00,SC,101,"214,5",PALHOCA,Manobra de mudança de faixa,Colisão lateral mesmo sentido,Com Vítimas Feridas,Plena Noite,Decrescente,Ignorado,Múltipla,Reta,Sim,3,0,1,0,2,0,1,2,-27.64870686,-48.67331592,SPRF-SC,DEL01-SC,UOP02-DEL01-SC,2025
"691688,0",2025-05-16,sexta-feira,19:15:00,SC,282,"20,4",PALHOCA,Acessar a via sem observar a presença dos outros veículos,Colisão transversal,Com Vítimas Feridas,Plena Noite,Decrescente,Céu Claro,Dupla,Reta;Interseção de Vias,Não,2,0,0,1,1,0,1,2,-27.686913,-48.71347,SPRF-SC,DEL01-SC,UOP02-DEL01-SC,2025
"691689,0",2025-05-16,sexta-feira,16:40:00,SC,280,"167,1",MAFRA,Acessar a via sem observar a presença dos outros veículos,Colisão transversal,Com Vítimas Feridas,Pleno dia,Decrescente,Céu Claro,Simples,Reta;Interseção de Vias;Rotatória;Retorno Regulamentado,Sim,2,0,1,0,0,1,1,2,-26.1696182,-49.8181391,SPRF-SC,DEL06-SC,UOP01-DEL06-SC,2025
"691715,0",2025-05-16,sexta-feira,17:40:00,SC,282,"554,4",NOVA ITABERABA,Ausência de reação do condutor,Colisão traseira,Sem Vítimas,Plena Noite,Crescente,Céu Claro,Simples,Interseção de Vias;Curva;Aclive,Não,4,0,0,0,4,0,0,4,-26.935146,-52.796906,SPRF-SC,DEL07-SC,UOP01-DEL07-SC,2025
"691760,0",2025-05-17,sábado,03:20:00,SC,280,"24,9",ARAQUARI,Reação tardia ou ineficiente do condutor,Saída de leito carroçável,Com Vítimas Feridas,Plena Noite,Decrescente,Céu Claro,Simples,Reta,Sim,1,0,1,0,0,0,1,1,-26.37006188,-48.68740242,SPRF-SC,DEL03-SC,UOP03-DEL03-SC,2025
"691772,0",2025-05-17,sábado,06:20:00,SC,101,"357,0",JAGUARUNA,Ingestão de álcool pelo condutor,Saída de leito carroçável,Com Vítimas Feridas,Plena Noite,Crescente,Céu Claro,Dupla,Reta,Não,1,0,1,0,0,0,1,1,-28.60622574,-49.05395508,SPRF-SC,DEL02-SC,UOP01-DEL02-SC,2025
"691823,0",2025-05-17,sábado,11:30:00,SC,101,"124,0",ITAJAI,Ausência de reação do condutor,Tombamento,Com Vítimas Feridas,Plena Noite,Crescente,Céu Claro,Simples,Reta,Não,1,0,0,1,0,0,1,1,-26.94443319,-48.69055867,SPRF-SC,DEL04-SC,UOP04-DEL04-SC,2025
"691831,0",2025-05-17,sábado,12:20:00,SC,101,"199,5",SAO JOSE,Acumulo de areia ou detritos sobre o pavimento,Colisão lateral mesmo sentido,Com Vítimas Feridas,Pleno dia,Decrescente,Céu Claro,Múltipla,Viaduto,Não,2,0,1,0,1,0,1,2,-27.537135,-48.626137,SPRF-SC,DEL01-SC,UOP01-DEL01-SC,2025
"691868,0",2025-05-17,sábado,15:00:00,SC,101,"215,0",PALHOCA,Ingestão de álcool pelo condutor,Colisão transversal,Com Vítimas Feridas,Pleno dia,Crescente,Céu Claro,Múltipla,Interseção de Vias,Sim,2,0,1,0,1,0,1,2,-27.65224218,-48.67648093,SPRF-SC,DEL01-SC,UOP02-DEL01-SC,2025
"691882,0",2025-05-17,sábado,15:30:00,SC,282,"5,5",SAO JOSE,Trafegar com motocicleta (ou similar) entre as faixas,Colisão lateral mesmo sentido,Com Vítimas Feridas,Pleno dia,Crescente,Céu Claro,Dupla,Reta,Sim,3,0,1,0,2,0,1,3,-27.58813,-48.613305,SPRF-SC,DEL01-SC,UOP01-DEL01-SC,2025
"691920,0",2025-05-17,sábado,19:00:00,SC,101,"193,9",BIGUACU,Condutor deixou de manter distância do veículo da frente,Colisão traseira,Com Vítimas Feridas,Plena Noite,Crescente,Nublado,Múltipla,Reta,Sim,2,0,0,1,1,0,1,2,-27.4895283,-48.65324914,SPRF-SC,DEL01-SC,UOP01-DEL01-SC,2025
"691926,0",2025-05-17,sábado,19:00:00,SC,101,"137,8",BALNEARIO CAMBORIU,Animais na Pista,Atropelamento de Animal,Com Vítimas Feridas,Plena Noite,Crescente,Nublado,Múltipla,Reta,Sim,2,0,1,1,0,0,2,1,-27.022577,-48.608378,SPRF-SC,DEL04-SC,UOP03-DEL04-SC,2025
"691929,0",2025-05-17,sábado,19:30:00,SC,101,"192,3",BIGUACU,Desrespeitar a preferência no cruzamento,Colisão transversal,Com Vítimas Feridas,Plena Noite,Crescente,Céu Claro,Simples,Viaduto,Não,3,0,2,0,1,0,2,2,-27.48692,-48.649997,SPRF-SC,DEL01-SC,UOP01-DEL01-SC,2025
"691944,0",2025-05-17,sábado,18:00:00,SC,282,"573,5",PINHALZINHO,Transitar na contramão,Colisão frontal,Com Vítimas Fatais,Anoitecer,Crescente,Céu Claro,Simples,Reta,Não,5,1,0,4,0,0,4,2,-26.879374,-52.948854,SPRF-SC,DEL07-SC,UOP02-DEL07-SC,2025
"691954,0",2025-05-17,sábado,20:35:00,SC,282,"519,0",XAXIM,Ingestão de álcool pelo condutor,Queda de ocupante de veículo,Com Vítimas Feridas,Plena Noite,Crescente,Céu Claro,Dupla,Reta;Aclive,Não,1,0,1,0,0,0,1,1,-26.94950401,-52.52140253,SPRF-SC,DEL07-SC,UOP01-DEL07-SC,2025
"691957,0",2025-05-17,sábado,19:50:00,SC,163,"71,5",SAO MIGUEL DO OESTE,Desrespeitar a preferência no cruzamento,Colisão transversal,Com Vítimas Feridas,Plena Noite,Decrescente,Céu Claro,Dupla,Retorno Regulamentado;Interseção de Vias;Reta,Sim,4,0,2,1,0,1,3,3,-26.7243946,-53.5136231,SPRF-SC,DEL07-SC,UOP03-DEL07-SC,2025
"691958,0",2025-05-17,sábado,21:20:00,SC,280,"57,5",GUARAMIRIM,Acessar a via sem observar a presença dos outros veículos,Colisão traseira,Com Vítimas Feridas,Plena Noite,Crescente,Céu Claro,Simples,Reta,Sim,2,0,1,0,1,0,1,2,-26.475757,-49.016615,SPRF-SC,DEL03-SC,UOP03-DEL03-SC,2025
"691987,0",2025-05-18,domingo,00:20:00,SC,101,"207,7",SAO JOSE,Condutor deixou de manter distância do veículo da frente,Capotamento,Com Vítimas Feridas,Plena Noite,Crescente,Nublado,Múltipla,Reta,Sim,2,0,2,0,0,0,2,1,-27.60323689,-48.63166809,SPRF-SC,DEL01-SC,UOP01-DEL01-SC,2025
"692000,0",2025-05-18,domingo,02:00:00,SC,101,"448,0",SANTA ROSA DO SUL,Reação tardia ou ineficiente do condutor,Saída de leito carroçável,Sem Vítimas,Plena Noite,Decrescente,Céu Claro,Múltipla,Curva,Sim,1,0,0,0,1,0,0,1,-29.16509929,-49.74267896,SPRF-SC,DEL02-SC,UOP02-DEL02-SC,2025
"692004,0",2025-05-18,domingo,03:13:00,SC,101,"195,2",BIGUACU,Ausência de reação do condutor,Tombamento,Com Vítimas Feridas,Plena Noite,Crescente,Nevoeiro/Neblina,Dupla,Reta,Sim,2,0,2,0,0,0,2,1,-27.506245,-48.647936,SPRF-SC,DEL01-SC,UOP01-DEL01-SC,2025
"692023,0",2025-05-18,domingo,06:08:00,SC,101,"247,5",PAULO LOPES,Condutor Dormindo,Colisão traseira,Com Vítimas Feridas,Plena Noite,Decrescente,Céu Claro,Dupla,Reta,Não,2,0,1,1,0,0,2,2,-27.923,-48.656,SPRF-SC,DEL02-SC,UOP03-DEL02-SC,2025
"692025,0",2025-05-18,domingo,07:20:00,SC,101,"217,4",PALHOCA,Ingestão de álcool pelo condutor,Saída de leito carroçável,Com Vítimas Feridas,Pleno dia,Decrescente,Sol,Dupla,Reta,Sim,4,0,1,0,3,0,1,1,-27.67143384,-48.67277839,SPRF-SC,DEL01-SC,UOP02-DEL01-SC,2025
"692044,0",2025-05-18,domingo,08:50:00,SC,470,"54,4",BLUMENAU,Condutor deixou de manter distância do veículo da frente,Colisão traseira,Com Vítimas Feridas,Pleno dia,Crescente,Céu Claro,Simples,Interseção de Vias;Reta,Sim,2,0,0,1,1,0,1,2,-26.87342549,-49.11456227,SPRF-SC,DEL04-SC,UOP01-DEL04-SC,2025
"692045,0",2025-05-18,domingo,09:00:00,SC,280,"4,0",SAO FRANCISCO DO SUL,Acessar a via sem observar a presença dos outros veículos,Colisão transversal,Com Vítimas Feridas,Pleno dia,Crescente,Céu Claro,Simples,Retorno Regulamentado,Não,2,0,0,1,1,0,1,2,-26.25790372,-48.62328736,SPRF-SC,DEL03-SC,UOP03-DEL03-SC,2025
"692052,0",2025-05-18,domingo,09:35:00,SC,282,"49,0",AGUAS MORNAS,Condutor deixou de manter distância do veículo da frente,Saída de leito carroçável,Com Vítimas Feridas,Pleno dia,Crescente,Céu Claro,Simples,Curva,Não,2,0,1,1,0,0,2,1,-27.71253,-48.943768,SPRF-SC,DEL01-SC,UOP03-DEL01-SC,2025
"692084,0",2025-05-18,domingo,13:40:00,SC,101,"409,1",ARARANGUA,Avarias e/ou desgaste excessivo no pneu,Tombamento,Com Vítimas Feridas,Pleno dia,Decrescente,Céu Claro,Dupla,Curva,Não,1,0,1,0,0,0,1,1,-28.92289389,-49.50012295,SPRF-SC,DEL02-SC,UOP02-DEL02-SC,2025
"692088,0",2025-05-18,domingo,14:20:00,SC,101,"192,6",BIGUACU,Pedestre andava na pista,Atropelamento de Pedestre,Com Vítimas Feridas,Pleno dia,Decrescente,Céu Claro,Múltipla,Reta,Sim,2,0,0,1,1,0,1,2,-27.48845237,-48.65351049,SPRF-SC,DEL01-SC,UOP01-DEL01-SC,2025
"692118,0",2025-05-18,domingo,16:35:00,SC,101,"436,8",SOMBRIO,Velocidade Incompatível,Colisão com objeto,Com Vítimas Feridas,Pleno dia,Decrescente,Céu Claro,Simples,Reta;Viaduto;Aclive,Não,1,0,1,0,0,0,1,1,-29.1214331,-49.64287162,SPRF-SC,DEL02-SC,UOP02-DEL02-SC,2025
"692132,0",2025-05-18,domingo,18:20:00,SC,101,"206,1",SAO JOSE,Reação tardia ou ineficiente do condutor,Atropelamento de Pedestre,Com Vítimas Feridas,Plena Noite,Decrescente,Nublado,Múltipla,Reta,Sim,2,0,1,0,1,0,1,2,-27.59358,-48.61842,SPRF-SC,DEL01-SC,UOP01-DEL01-SC,2025
"692166,0",2025-05-18,domingo,18:55:00,SC,470,"134,7",RIO DO SUL,Chuva,Colisão transversal,Com Vítimas Feridas,Plena Noite,Decrescente,Chuva,Simples,Interseção de Vias,Sim,2,0,2,0,0,0,2,2,-27.17830597,-49.59456889,SPRF-SC,DEL04-SC,UOP02-DEL04-SC,2025
"692204,0",2025-05-18,domingo,22:50:00,SC,101,"185,1",BIGUACU,Reação tardia ou ineficiente do condutor,Colisão com objeto,Sem Vítimas,Plena Noite,Crescente,Garoa/Chuvisco,Múltipla,Reta,Sim,1,0,0,0,1,0,0,1,-27.42693,-48.62486,SPRF-SC,DEL01-SC,UOP01-DEL01-SC,2025
"692249,0",2025-05-18,domingo,23:00:00,SC,282,"379,5",HERVAL DOESTE,Ingestão de álcool pelo condutor,Colisão com objeto,Sem Vítimas,Plena Noite,Crescente,Céu Claro,Simples,Interseção de Vias;Rotatória,Não,2,0,0,0,1,1,0,2,-27.20036579,-51.50785446,SPRF-SC,DEL07-SC,UOP05-DEL07-SC,2025
"692255,0",2025-05-19,segunda-feira,06:40:00,SC,116,"183,0",SAO CRISTOVAO DO SUL,Animais na Pista,Atropelamento de Animal,Com Vítimas Feridas,Amanhecer,Crescente,Nevoeiro/Neblina,Simples,Curva,Não,3,0,2,0,1,0,2,1,-27.28444527,-50.43360829,SPRF-SC,DEL05-SC,UOP03-DEL05-SC,2025