id,data_inversa,dia_semana,horario,uf,br,km,municipio,causa_acidente,tipo_acidente,classificacao_acidente,fase_dia,sentido_via,condicao_metereologica,tipo_pista,tracado_via,uso_solo,pessoas,mortos,feridos_leves,feridos_graves,ilesos,ignorados,feridos,veiculos,latitude,longitude,regional,delegacia,uop,ano_arquivo
"696458,0",2025-06-07,sábado,07:55:00,SC,470,"143,8",RIO DO SUL,Acessar a via sem observar a presença dos outros veículos,Colisão lateral mesmo sentido,Com Vítimas Feridas,Pleno dia,Decrescente,Nublado,Simples,Interseção de Vias;Declive;Em Obras,Sim,2,0,1,0,1,0,1,2,-27.2247,-49.665,SPRF-SC,DEL04-SC,UOP02-DEL04-SC,2025
"696460,0",2025-06-07,sábado,09:00:00,SC,101,"196,8",BIGUACU,Demais falhas mecânicas ou elétricas,Incêndio,Sem Vítimas,Pleno dia,Crescente,Nublado,Múltipla,Reta,Sim,4,0,0,0,4,0,0,1,-27.516901,-48.639174,SPRF-SC,DEL01-SC,UOP01-DEL01-SC,2025
"696471,0",2025-06-07,sábado,07:00:00,SC,101,"122,0",ITAJAI,Ausência de reação do condutor,Saída de leito carroçável,Sem Vítimas,Amanhecer,Decrescente,Nublado,Dupla,Reta,Não,1,0,0,0,1,0,0,1,-26.93621009,-48.7005043,SPRF-SC,DEL04-SC,UOP04-DEL04-SC,2025
"696473,0",2025-06-07,sábado,09:15:00,SC,101,"126,0",ITAJAI,Objeto estático sobre o leito carroçável,Colisão com objeto,Com Vítimas Feridas,Pleno dia,Decrescente,Nublado,Dupla,Reta,Sim,1,0,1,0,0,0,1,1,-26.95065333,-48.6801455,SPRF-SC,DEL04-SC,UOP04-DEL04-SC,2025
"696508,0",2025-06-07,sábado,14:00:00,SC,101,"90,5",BARRA VELHA,Manobra de mudança de faixa,Colisão lateral mesmo sentido,Com Vítimas Feridas,Pleno dia,Decrescente,Nublado,Dupla,Reta,Sim,2,0,1,0,1,0,1,2,-26.6104855,-48.7224128,SPRF-SC,DEL03-SC,UOP02-DEL03-SC,2025
"696509,0",2025-06-07,sábado,13:45:00,SC,101,"214,0",PALHOCA,Ingestão de álcool pelo condutor,Colisão transversal,Com Vítimas Feridas,Pleno dia,Crescente,Céu Claro,Dupla,Interseção de Vias,Sim,3,0,1,0,2,0,1,3,-27.647,-48.673,SPRF-SC,DEL01-SC,UOP02-DEL01-SC,2025
"696520,0",2025-06-07,sábado,14:40:00,SC,282,"3,4",FLORIANOPOLIS,Trafegar com motocicleta (ou similar) entre as faixas,Colisão lateral mesmo sentido,Com Vítimas Feridas,Pleno dia,Decrescente,Nublado,Múltipla,Reta,Sim,2,0,1,0,1,0,1,2,-27.59694,-48.60135,SPRF-SC,DEL01-SC,UOP01-DEL01-SC,2025
"696548,0",2025-06-07,sábado,16:40:00,SC,470,"58,3",BLUMENAU,Reação tardia ou ineficiente do condutor,Colisão traseira,Com Vítimas Feridas,Anoitecer,Decrescente,Nublado,Simples,Em Obras;Desvio Temporário;Viaduto;Reta,Não,3,0,2,0,1,0,2,2,-26.88443,-49.14853,SPRF-SC,DEL04-SC,UOP01-DEL04-SC,2025
"696566,0",2025-06-07,sábado,18:00:00,SC,282,"504,5",XANXERE,Ingestão de álcool pelo condutor,Colisão lateral sentido oposto,Com Vítimas Feridas,Plena Noite,Crescente,Chuva,Simples,Interseção de Vias,Não,2,0,1,0,1,0,1,2,-26.884279,-52.408466,SPRF-SC,DEL07-SC,UOP01-DEL07-SC,2025
"696578,0",2025-06-07,sábado,18:45:00,SC,101,"63,7",ARAQUARI,Acessar a via sem observar a presença dos outros veículos,Colisão transversal,Com Vítimas Feridas,Plena Noite,Decrescente,Chuva,Dupla,Reta,Não,4,0,2,0,2,0,2,3,-26.46092489,-48.75593869,SPRF-SC,DEL03-SC,UOP02-DEL03-SC,2025
"696579,0",2025-06-07,sábado,18:51:00,SC,101,"204,5",SAO JOSE,Pedestre andava na pista,Atropelamento de Pedestre,Com Vítimas Feridas,Plena Noite,Decrescente,Nublado,Múltipla,Reta,Sim,3,0,1,0,0,2,1,2,-27.57614625,-48.61331105,SPRF-SC,DEL01-SC,UOP01-DEL01-SC,2025
"696582,0",2025-06-07,sábado,19:25:00,SC,101,"202,0",SAO JOSE,Acessar a via sem observar a presença dos outros veículos,Colisão transversal,Com Vítimas Feridas,Plena Noite,Decrescente,Nublado,Múltipla,Reta,Não,2,0,1,0,1,0,1,2,-27.55333889,-48.61912608,SPRF-SC,DEL01-SC,UOP01-DEL01-SC,2025
"696584,0",2025-06-07,sábado,18:40:00,SC,282,"213,0",LAGES,Transitar na contramão,Colisão lateral sentido oposto,Com Vítimas Feridas,Plena Noite,Decrescente,Nublado,Simples,Reta,Não,7,0,2,0,5,0,2,3,-27.78525,-50.259306,SPRF-SC,DEL05-SC,UOP01-DEL05-SC,2025
"696588,0",2025-06-07,sábado,19:25:00,SC,470,"146,3",RIO DO SUL,Reação tardia ou ineficiente do condutor,Colisão traseira,Com Vítimas Feridas,Plena Noite,Decrescente,Garoa/Chuvisco,Simples,Reta,Sim,4,0,1,0,1,2,1,3,-27.23972398,-49.68473728,SPRF-SC,DEL04-SC,UOP02-DEL04-SC,2025
"696601,0",2025-06-07,sábado,20:30:00,SC,280,"27,3",ARAQUARI,Acessar a via sem observar a presença dos outros veículos,Colisão transversal,Com Vítimas Feridas,Plena Noite,Crescente,Chuva,Simples,Reta,Sim,3,0,0,2,1,0,2,2,-26.3998636,-48.7420782,SPRF-SC,DEL03-SC,UOP03-DEL03-SC,2025
"696606,0",2025-06-07,sábado,20:15:00,SC,116,"202,4",PONTE ALTA,Reação tardia ou ineficiente do condutor,Saída de leito carroçável,Com Vítimas Feridas,Plena Noite,Crescente,Chuva,Simples,Declive;Curva,Não,1,0,1,0,0,0,1,1,-27.44295,-50.3954,SPRF-SC,DEL05-SC,UOP03-DEL05-SC,2025
"696607,0",2025-06-07,sábado,20:18:00,SC,116,"202,4",PONTE ALTA,Reação tardia ou ineficiente do condutor,Colisão traseira,Com Vítimas Feridas,Plena Noite,Crescente,Chuva,Simples,Declive;Curva,Não,3,0,1,0,1,1,1,2,-27.442661,-50.395246,SPRF-SC,DEL05-SC,UOP03-DEL05-SC,2025
"696612,0",2025-06-07,sábado,19:05:00,SC,470,"27,7",GASPAR,Ingestão de substâncias psicoativas pelo condutor,Capotamento,Com Vítimas Feridas,Plena Noite,Crescente,Nublado,Dupla,Curva,Não,1,0,1,0,0,0,1,1,-26.89335,-48.89214,SPRF-SC,DEL04-SC,UOP01-DEL04-SC,2025
"696621,0",2025-06-07,sábado,18:00:00,SC,101,"206,0",SAO JOSE,Reação tardia ou ineficiente do condutor,Colisão traseira,Com Vítimas Feridas,Plena Noite,Decrescente,Céu Claro,Múltipla,Reta,Sim,6,0,1,0,5,0,1,3,-27.59103459,-48.61778917,SPRF-SC,DEL01-SC,UOP01-DEL01-SC,2025
"696622,0",2025-06-07,sábado,21:00:00,SC,101,"165,4",TIJUCAS,Objeto estático sobre o leito carroçável,Colisão com objeto,Sem Vítimas,Plena Noite,Crescente,Chuva,Dupla,Reta,Não,1,0,0,0,1,0,0,1,-27.25301248,-48.63155929,SPRF-SC,DEL04-SC,UOP03-DEL04-SC,2025
"696634,0",2025-06-07,sábado,21:15:00,SC,282,"15,5",PALHOCA,Reação tardia ou ineficiente do condutor,Colisão com objeto,Sem Vítimas,Plena Noite,Decrescente,Céu Claro,Simples,Interseção de Vias;Curva,Sim,1,0,0,0,0,1,0,1,-27.65589538,-48.67934542,SPRF-SC,DEL01-SC,UOP02-DEL01-SC,2025
"696646,0",2025-06-07,sábado,23:00:00,SC,101,"3,3",ARARANGUA,Desrespeitar a preferência no cruzamento,Colisão transversal,Com Vítimas Feridas,Plena Noite,Crescente,Céu Claro,Simples,Curva,Sim,2,0,0,1,1,0,1,2,-28.94679032,-49.50528352,SPRF-SC,DEL02-SC,UOP02-DEL02-SC,2025
"696650,0",2025-06-08,domingo,00:01:00,SC,101,"460,0",PASSO DE TORRES,Ausência de reação do condutor,Saída de leito carroçável,Com Vítimas Feridas,Plena Noite,Decrescente,Garoa/Chuvisco,Dupla,Reta,Não,1,0,1,0,0,0,1,1,-29.2645542,-49.7553027,SPRF-RS,DEL03-RS,UOP02-DEL03-RS,2025
"696668,0",2025-06-08,domingo,01:50:00,SC,470,"45,0",GASPAR,Reação tardia ou ineficiente do condutor,Saída de leito carroçável,Com Vítimas Feridas,Plena Noite,Crescente,Chuva,Simples,Reta;Em Obras,Não,3,0,2,0,1,0,2,2,-26.864651,-49.033618,SPRF-SC,DEL04-SC,UOP01-DEL04-SC,2025
"696670,0",2025-06-08,domingo,02:40:00,SC,280,"27,0",ARAQUARI,Chuva,Colisão lateral sentido oposto,Com Vítimas Feridas,Plena Noite,Crescente,Chuva,Simples,Reta,Sim,3,0,0,1,2,0,1,2,-26.39509354,-48.73906223,SPRF-SC,DEL03-SC,UOP03-DEL03-SC,2025
"696683,0",2025-06-08,domingo,04:20:00,SC,280,"129,4",RIO NEGRINHO,Ausência de reação do condutor,Colisão com objeto,Com Vítimas Feridas,Plena Noite,Crescente,Garoa/Chuvisco,Simples,Reta;Viaduto,Sim,2,0,1,1,0,0,2,1,-26.249013,-49.526246,SPRF-SC,DEL06-SC,UOP03-DEL06-SC,2025
"696699,0",2025-06-08,domingo,05:20:00,SC,282,"639,1",DESCANSO,Ingestão de álcool pelo condutor,Saída de leito carroçável,Com Vítimas Feridas,Plena Noite,Decrescente,Céu Claro,Simples,Curva,Não,1,0,1,0,0,0,1,1,-26.78499973,-53.46150918,SPRF-SC,DEL07-SC,UOP03-DEL07-SC,2025
"696701,0",2025-06-08,domingo,06:30:00,SC,282,"0,0",FLORIANOPOLIS,Demais falhas mecânicas ou elétricas,Incêndio,Sem Vítimas,Amanhecer,Crescente,Chuva,Simples,Reta,Não,1,0,0,0,1,0,0,1,-27.59794,-48.571893,SPRF-SC,DEL01-SC,UOP01-DEL01-SC,2025
"696705,0",2025-06-08,domingo,04:00:00,SC,101,"91,0",BARRA VELHA,Condutor deixou de manter distância do veículo da frente,Colisão traseira,Com Vítimas Feridas,Plena Noite,Crescente,Garoa/Chuvisco,Múltipla,Reta,Não,4,0,1,1,2,0,2,2,-26.67605123,-48.69120669,SPRF-SC,DEL03-SC,UOP02-DEL03-SC,2025
"696718,0",2025-06-05,quinta-feira,11:00:00,SC,282,"461,0",PONTE SERRADA,Acumulo de água sobre o pavimento,Saída de leito carroçável,Com Vítimas Feridas,Pleno dia,Crescente,Chuva,Dupla,Reta,Não,1,0,1,0,0,0,1,1,-26.855558,-52.037615,SPRF-SC,DEL07-SC,UOP04-DEL07-SC,2025
"696732,0",2025-06-08,domingo,06:30:00,SC,101,"211,0",PALHOCA,Ausência de reação do condutor,Colisão lateral mesmo sentido,Com Vítimas Feridas,Pleno dia,Decrescente,Chuva,Múltipla,Reta,Sim,1,0,0,1,0,0,1,1,-27.62566746,-48.65425799,SPRF-SC,DEL01-SC,UOP02-DEL01-SC,2025
"696751,0",2025-06-08,domingo,10:30:00,SC,101,"235,9",PALHOCA,Acumulo de areia ou detritos sobre o pavimento,Tombamento,Com Vítimas Feridas,Pleno dia,Decrescente,Nublado,Múltipla,Curva;Retorno Regulamentado,Sim,1,0,0,1,0,0,1,1,-27.82652392,-48.62999439,SPRF-SC,DEL01-SC,UOP02-DEL01-SC,2025
"696787,0",2025-06-08,domingo,14:40:00,SC,116,"219,3",CORREIA PINTO,Desrespeitar a preferência no cruzamento,Colisão transversal,Com Vítimas Feridas,Pleno dia,Decrescente,Céu Claro,Simples,Interseção de Vias,Sim,5,0,5,0,0,0,5,2,-27.58076281,-50.3680536,SPRF-SC,DEL05-SC,UOP03-DEL05-SC,2025
"696793,0",2025-06-08,domingo,14:50:00,SC,282,"371,9",ERVAL VELHO,Ingestão de álcool pelo condutor,Colisão traseira,Com Vítimas Feridas,Pleno dia,Crescente,Nublado,Simples,Reta;Aclive,Não,3,0,1,0,2,0,1,2,-27.260735,-51.442342,SPRF-SC,DEL07-SC,UOP05-DEL07-SC,2025
"696795,0",2025-06-08,domingo,15:00:00,SC,280,"119,0",SAO BENTO DO SUL,Reação tardia ou ineficiente do condutor,Saída de leito carroçável,Com Vítimas Feridas,Pleno dia,Decrescente,Céu Claro,Simples,Reta,Não,1,0,1,0,0,0,1,1,-26.262607,-49.438846,SPRF-SC,DEL06-SC,UOP03-DEL06-SC,2025
"696800,0",2025-06-08,domingo,15:00:00,SC,101,"72,7",ARAQUARI,Avarias e/ou desgaste excessivo no pneu,Colisão com objeto,Com Vítimas Feridas,Pleno dia,Crescente,Céu Claro,Dupla,Reta,Sim,2,0,1,1,0,0,2,1,-26.535044,-48.713412,SPRF-SC,DEL03-SC,UOP02-DEL03-SC,2025
"696822,0",2025-06-08,domingo,18:45:00,SC,282,"19,4",PALHOCA,Reação tardia ou ineficiente do condutor,Engavetamento,Sem Vítimas,Plena Noite,Crescente,Nublado,Simples,Reta;Aclive,Sim,3,0,0,0,3,0,0,3,-27.681243,-48.705997,SPRF-SC,DEL01-SC,UOP02-DEL01-SC,2025
"696824,0",2025-06-08,domingo,18:00:00,SC,101,"113,8",ITAJAI,Reação tardia ou ineficiente do condutor,Tombamento,Com Vítimas Feridas,Plena Noite,Crescente,Céu Claro,Múltipla,Curva,Sim,1,0,1,0,0,0,1,1,-26.86427601,-48.72955799,SPRF-SC,DEL04-SC,UOP04-DEL04-SC,2025
"696829,0",2025-06-08,domingo,19:20:00,SC,101,"116,0",ITAJAI,Ingestão de álcool pelo condutor,Colisão com objeto,Com Vítimas Feridas,Plena Noite,Crescente,Nublado,Múltipla,Reta,Sim,1,0,0,1,0,0,1,1,-26.8862912,-48.7225196,SPRF-SC,DEL04-SC,UOP04-DEL04-SC,2025
"696840,0",2025-06-08,domingo,16:50:00,SC,116,"73,2",MONTE CASTELO,Condutor deixou de manter distância do veículo da frente,Colisão traseira,Com Vítimas Feridas,Pleno dia,Decrescente,Nublado,Simples,Reta,Não,2,0,1,0,1,0,1,1,-26.47464677,-50.23224066,SPRF-SC,DEL06-SC,UOP02-DEL06-SC,2025
"696855,0",2025-06-08,domingo,17:40:00,SC,101,"142,1",ITAPEMA,Reação tardia ou ineficiente do condutor,Saída de leito carroçável,Sem Vítimas,Anoitecer,Crescente,Nublado,Dupla,Curva,Sim,1,0,0,0,1,0,0,1,-27.06164096,-48.59679669,SPRF-SC,DEL04-SC,UOP03-DEL04-SC,2025
"696901,0",2025-06-08,domingo,22:20:00,SC,101,"252,2",PAULO LOPES,Acessar a via sem observar a presença dos outros veículos,Colisão transversal,Com Vítimas Feridas,Plena Noite,Decrescente,Nublado,Múltipla,Reta;Interseção de Vias,Não,2,0,1,0,0,1,1,2,-27.960519,-48.678676,SPRF-SC,DEL02-SC,UOP03-DEL02-SC,2025
"696939,0",2025-06-09,segunda-feira,06:30:00,SC,101,"2,5",GARUVA,Velocidade Incompatível,Saída de leito carroçável,Sem Vítimas,Amanhecer,Crescente,Chuva,Dupla,Curva;Aclive,Não,1,0,0,0,1,0,0,1,-25.99520132,-48.87959925,SPRF-SC,DEL03-SC,UOP01-DEL03-SC,2025
"696950,0",2025-06-09,segunda-feira,08:10:00,SC,101,"210,0",SAO JOSE,Ausência de reação do condutor,Queda de ocupante de veículo,Com Vítimas Feridas,Pleno dia,Decrescente,Céu Claro,Múltipla,Reta,Não,2,0,1,0,1,0,1,2,-27.61377517,-48.64251344,SPRF-SC,DEL01-SC,UOP01-DEL01-SC,2025
"696955,0",2025-06-09,segunda-feira,08:30:00,SC,101,"204,6",SAO JOSE,Objeto estático sobre o leito carroçável,Tombamento,Com Vítimas Feridas,Pleno dia,Decrescente,Céu Claro,Múltipla,Reta,Sim,1,0,0,1,0,0,1,1,-27.58034959,-48.61425519,SPRF-SC,DEL01-SC,UOP01-DEL01-SC,2025
"696968,0",2025-06-09,segunda-feira,03:00:00,SC,116,"72,6",MONTE CASTELO,Ausência de reação do condutor,Colisão com objeto,Sem Vítimas,Plena Noite,Decrescente,Nublado,Simples,Reta,Não,1,0,0,0,1,0,0,1,-26.492479,-50.232949,SPRF-SC,DEL06-SC,UOP02-DEL06-SC,2025
"696981,0",2025-06-09,segunda-feira,11:22:00,SC,470,"53,0",BLUMENAU,Acessar a via sem observar a presença dos outros veículos,Colisão lateral mesmo sentido,Com Vítimas Feridas,Pleno dia,Crescente,Nublado,Simples,Reta,Não,2,0,0,1,1,0,1,2,-26.86765167,-49.10356371,SPRF-SC,DEL04-SC,UOP01-DEL04-SC,2025
"696983,0",2025-06-09,segunda-feira,11:40:00,SC,101,"206,0",SAO JOSE,Condutor deixou de manter distância do veículo da frente,Colisão traseira,Com Vítimas Feridas,Pleno dia,Decrescente,Nublado,Múltipla,Reta,Sim,2,0,0,1,1,0,1,2,-27.59143637,-48.61786779,SPRF-SC,DEL01-SC,UOP01-DEL01-SC,2025
"697006,0",2025-06-09,segunda-feira,12:00:00,SC,101,"111,6",NAVEGANTES,Velocidade Incompatível,Colisão com objeto,Com Vítimas Feridas,Pleno dia,Crescente,Chuva,Dupla,Reta;Aclive;Ponte,Sim,2,0,1,0,1,0,1,1,-26.84307866,-48.71807663,SPRF-SC,DEL04-SC,UOP04-DEL04-SC,2025
"697024,0",2025-06-04,quarta-feira,19:25:00,SC,282,"3,8",FLORIANOPOLIS,Acessar a via sem observar a presença dos outros veículos,Colisão lateral mesmo sentido,Com Vítimas Feridas,Plena Noite,Crescente,Céu Claro,Dupla,Reta,Não,3,0,0,1,2,0,1,2,-27.60051247,-48.58351557,SPRF-SC,DEL01-SC,UOP01-DEL01-SC,2025
"697028,0",2025-06-09,segunda-feira,07:30:00,SC,470,"22,0",ILHOTA,Ausência de reação do condutor,Saída de leito carroçável,Com Vítimas Feridas,Pleno dia,Crescente,Nublado,Dupla,Curva,Não,1,0,1,0,0,0,1,1,-26.87942226,-48.8325917,SPRF-SC,DEL04-SC,UOP04-DEL04-SC,2025
"697062,0",2025-05-31,sábado,22:15:00,SC,282,"2,4",FLORIANOPOLIS,Reação tardia ou ineficiente do condutor,Colisão com objeto,Com Vítimas Fatais,Plena Noite,Decrescente,Céu Claro,Múltipla,Reta,Sim,1,1,0,0,0,0,0,1,-27.60258,-48.5947,SPRF-SC,DEL01-SC,UOP01-DEL01-SC,2025
"697073,0",2025-06-09,segunda-feira,18:20:00,SC,101,"208,0",SAO JOSE,Ausência de reação do condutor,Colisão traseira,Com Vítimas Feridas,Plena Noite,Crescente,Céu Claro,Múltipla,Reta,Sim,2,0,1,0,1,0,1,2,-27.608,-48.637,SPRF-SC,DEL01-SC,UOP01-DEL01-SC,2025
"697077,0",2025-06-09,segunda-feira,18:30:00,SC,101,"209,2",SAO JOSE,Reação tardia ou ineficiente do condutor,Colisão traseira,Com Vítimas Feridas,Plena Noite,Crescente,Nublado,Múltipla,Reta,Sim,2,0,1,0,1,0,1,2,-27.6102239,-48.6391538,SPRF-SC,DEL01-SC,UOP01-DEL01-SC,2025
"697130,0",2025-06-09,segunda-feira,22:50:00,SC,282,"1,2",FLORIANOPOLIS,Suicídio (presumido),Atropelamento de Pedestre,Com Vítimas Fatais,Plena Noite,Crescente,Céu Claro,Múltipla,Curva;Viaduto,Sim,3,1,0,0,1,1,0,2,-27.602955,-48.580925,SPRF-SC,DEL01-SC,UOP01-DEL01-SC,2025
"697141,0",2025-06-09,segunda-feira,23:30:00,SC,101,"171,8",TIJUCAS,Velocidade Incompatível,Saída de leito carroçável,Sem Vítimas,Plena Noite,Crescente,Nublado,Dupla,Curva,Não,1,0,0,0,0,1,0,1,-27.31161335,-48.63287482,SPRF-SC,DEL04-SC,UOP03-DEL04-SC,2025
"697142,0",2025-06-10,terça-feira,01:16:00,SC,101,"322,0",PESCARIA BRAVA,Conversão proibida,Colisão transversal,Com Vítimas Feridas,Plena Noite,Decrescente,Céu Claro,Múltipla,Curva;Em Obras,Sim,3,0,2,0,1,0,2,2,-28.428979,-48.922903,SPRF-SC,DEL02-SC,UOP01-DEL02-SC,2025
"697146,0",2025-06-10,terça-feira,02:30:00,SC,282,"263,4",SAO JOSE DO CERRITO,Acessar a via sem observar a presença dos outros veículos,Colisão transversal,Com Vítimas Feridas,Plena Noite,Decrescente,Céu Claro,Simples,Interseção de Vias,Não,24,0,8,1,15,0,9,2,-27.62667,-50.62475,SPRF-SC,DEL05-SC,UOP02-DEL05-SC,2025
"697178,0",2025-06-10,terça-feira,07:40:00,SC,101,"5,3",SAO JOSE,Manobra de mudança de faixa,Colisão lateral mesmo sentido,Com Vítimas Feridas,Pleno dia,Decrescente,Céu Claro,Dupla,Reta,Sim,3,0,1,0,2,0,1,2,-27.58878517,-48.61865997,SPRF-SC,DEL03-SC,UOP01-DEL03-SC,2025
"697195,0",2025-06-10,terça-feira,08:00:00,SC,101,"101,0",BALNEARIO PICARRAS,Reação tardia ou ineficiente do condutor,Saída de leito carroçável,Sem Vítimas,Pleno dia,Decrescente,Nublado,Simples,Reta,Não,2,0,0,0,1,1,0,2,-26.76725179,-48.68598819,SPRF-SC,DEL03-SC,UOP02-DEL03-SC,2025
"697197,0",2025-04-18,sexta-feira,17:40:00,SC,101,"126,0",ITAJAI,Manobra de mudança de faixa,Colisão lateral mesmo sentido,Com Vítimas Feridas,Anoitecer,Crescente,Céu Claro,Simples,Aclive,Não,3,0,0,1,2,0,1,3,-26.9591429,-48.68024102,SPRF-SC,DEL04-SC,UOP04-DEL04-SC,2025
"697208,0",2025-06-10,terça-feira,10:00:00,SC,163,"80,0",GUARACIABA,Retorno proibido,Colisão transversal,Com Vítimas Feridas,Pleno dia,Decrescente,Nevoeiro/Neblina,Simples,Reta,Não,2,0,1,0,1,0,1,2,-26.64143745,-53.5184319,SPRF-SC,DEL07-SC,UOP03-DEL07-SC,2025
"697229,0",2025-06-10,terça-feira,11:10:00,SC,101,"278,9",IMBITUBA,Desvio temporário,Colisão com objeto,Com Vítimas Feridas,Pleno dia,Decrescente,Céu Claro,Múltipla,Reta;Aclive;Em Obras;Viaduto,Sim,1,0,1,0,0,0,1,1,-28.18,-48.7,SPRF-SC,DEL02-SC,UOP03-DEL02-SC,2025
"697233,0",2025-06-10,terça-feira,14:10:00,SC,470,"115,0",IBIRAMA,Acessar a via sem observar a presença dos outros veículos,Colisão lateral mesmo sentido,Com Vítimas Feridas,Pleno dia,Crescente,Sol,Simples,Reta,Sim,2,0,1,0,1,0,1,2,-27.07987875,-49.48588656,SPRF-SC,DEL04-SC,UOP02-DEL04-SC,2025
"697242,0",2025-06-10,terça-feira,13:40:00,SC,282,"126,9",BOM RETIRO,Animais na Pista,Atropelamento de Pedestre,Com Vítimas Feridas,Pleno dia,Decrescente,Céu Claro,Simples,Curva,Não,2,0,0,1,1,0,1,2,-27.800256,-49.477621,SPRF-SC,DEL05-SC,UOP01-DEL05-SC,2025
"697267,0",2025-06-10,terça-feira,18:45:00,SC,101,"195,9",BIGUACU,Condutor deixou de manter distância do veículo da frente,Colisão lateral mesmo sentido,Com Vítimas Feridas,Plena Noite,Crescente,Nublado,Múltipla,Reta,Sim,2,0,0,1,1,0,1,2,-27.51281991,-48.64117384,SPRF-SC,DEL01-SC,UOP01-DEL01-SC,2025
"697287,0",2025-06-10,terça-feira,18:45:00,SC,101,"276,2",IMBITUBA,Avarias e/ou desgaste excessivo no pneu,Queda de ocupante de veículo,Com Vítimas Feridas,Plena Noite,Crescente,Céu Claro,Múltipla,Reta,Sim,2,0,2,0,0,0,2,1,-28.15637082,-48.69316578,SPRF-SC,DEL02-SC,UOP03-DEL02-SC,2025
"697292,0",2025-06-10,terça-feira,19:05:00,SC,280,"4,5",SAO FRANCISCO DO SUL,Reação tardia ou ineficiente do condutor,Colisão lateral mesmo sentido,Com Vítimas Feridas,Plena Noite,Decrescente,Céu Claro,Simples,Reta;Interseção de Vias,Sim,2,0,1,0,1,0,1,2,-26.262716,-48.62925,SPRF-SC,DEL03-SC,UOP03-DEL03-SC,2025
"697298,0",2025-06-10,terça-feira,19:15:00,SC,101,"2,5",ARARANGUA,Condutor deixou de manter distância do veículo da frente,Colisão traseira,Com Vítimas Feridas,Plena Noite,Crescente,Céu Claro,Simples,Reta,Sim,3,0,1,0,2,0,1,2,-28.94131,-49.499474,SPRF-SC,DEL02-SC,UOP02-DEL02-SC,2025
"697300,0",2025-06-10,terça-feira,19:35:00,SC,101,"208,0",SAO JOSE,Manobra de mudança de faixa,Colisão lateral mesmo sentido,Com Vítimas Feridas,Plena Noite,Decrescente,Céu Claro,Múltipla,Reta,Sim,2,0,1,0,1,0,1,2,-27.603382,-48.632009,SPRF-SC,DEL01-SC,UOP01-DEL01-SC,2025
"697303,0",2025-06-10,terça-feira,20:20:00,SC,282,"5,0",SAO JOSE,Manobra de mudança de faixa,Colisão lateral mesmo sentido,Com Vítimas Feridas,Plena Noite,Crescente,Nublado,Múltipla,Reta,Sim,2,0,0,1,1,0,1,2,-27.58937208,-48.61132018,SPRF-SC,DEL01-SC,UOP01-DEL01-SC,2025
"697323,0",2025-06-10,terça-feira,21:25:00,SC,280,"77,1",JARAGUA DO SUL,Ausência de reação do condutor,Saída de leito carroçável,Com Vítimas Feridas,Plena Noite,Crescente,Céu Claro,Simples,Reta,Não,1,0,1,0,0,0,1,1,-26.449133,-49.197881,SPRF-SC,DEL03-SC,UOP03-DEL03-SC,2025
"697336,0",2025-06-11,quarta-feira,05:00:00,SC,101,"151,0",ITAPEMA,Reação tardia ou ineficiente do condutor,Colisão com objeto,Com Vítimas Fatais,Plena Noite,Decrescente,Nublado,Dupla,Reta,Sim,1,1,0,0,0,0,0,1,-27.12641132,-48.60921834,SPRF-SC,DEL04-SC,UOP03-DEL04-SC,2025
"697339,0",2025-06-11,quarta-feira,06:20:00,SC,282,"17,0",PALHOCA,Acessar a via sem observar a presença dos outros veículos,Colisão lateral mesmo sentido,Com Vítimas Feridas,Amanhecer,Crescente,Nublado,Simples,Reta,Não,2,0,1,0,1,0,1,2,-27.66315673,-48.68591309,SPRF-SC,DEL01-SC,UOP02-DEL01-SC,2025
"697340,0",2025-06-11,quarta-feira,01:15:00,SC,101,"124,0",ITAJAI,Ingestão de álcool pelo condutor,Saída de leito carroçável,Sem Vítimas,Plena Noite,Crescente,Nublado,Dupla,Reta,Sim,1,0,0,0,0,1,0,1,-26.94118611,-48.69536519,SPRF-SC,DEL04-SC,UOP04-DEL04-SC,2025
"697346,0",2025-06-11,quarta-feira,06:30:00,SC,101,"144,0",ITAPEMA,Demais falhas mecânicas ou elétricas,Tombamento,Com Vítimas Feridas,Amanhecer,Crescente,Céu Claro,Dupla,Curva,Sim,3,0,0,3,0,0,3,2,-27.08019133,-48.60204577,SPRF-SC,DEL04-SC,UOP03-DEL04-SC,2025
"697353,0",2025-06-11,quarta-feira,07:20:00,SC,280,"69,4",JARAGUA DO SUL,Acessar a via sem observar a presença dos outros veículos,Colisão transversal,Com Vítimas Feridas,Pleno dia,Decrescente,Nublado,Simples,Reta;Em Obras,Sim,2,0,0,1,1,0,1,2,-26.465917,-49.124437,SPRF-SC,DEL03-SC,UOP03-DEL03-SC,2025
"697364,0",2025-06-11,quarta-feira,07:30:00,SC,101,"24,8",JOINVILLE,Reação tardia ou ineficiente do condutor,Capotamento,Com Vítimas Feridas,Pleno dia,Decrescente,Céu Claro,Múltipla,Reta,Não,1,0,1,0,0,0,1,1,-26.18718749,-48.91160186,SPRF-SC,DEL03-SC,UOP01-DEL03-SC,2025