id,data_inversa,dia_semana,horario,uf,br,km,municipio,causa_acidente,tipo_acidente,classificacao_acidente,fase_dia,sentido_via,condicao_metereologica,tipo_pista,tracado_via,uso_solo,pessoas,mortos,feridos_leves,feridos_graves,ilesos,ignorados,feridos,veiculos,latitude,longitude,regional,delegacia,uop,ano_arquivo
"698581,0",2025-06-16,segunda-feira,06:45:00,SC,470,"139,0",RIO DO SUL,Ausência de reação do condutor,Colisão traseira,Com Vítimas Feridas,Plena Noite,Decrescente,Céu Claro,Simples,Reta,Sim,3,0,1,0,2,0,1,2,-27.2012554,-49.6319178,SPRF-SC,DEL04-SC,UOP02-DEL04-SC,2025
"698585,0",2025-06-16,segunda-feira,19:05:00,SC,282,"18,0",PALHOCA,Acessar a via sem observar a presença dos outros veículos,Colisão transversal,Com Vítimas Feridas,Plena Noite,Decrescente,Céu Claro,Simples,Reta,Sim,5,0,5,0,0,0,5,2,-27.673897,-48.69543,SPRF-SC,DEL01-SC,UOP02-DEL01-SC,2025
"698587,0",2025-06-16,segunda-feira,18:25:00,SC,280,"71,8",JARAGUA DO SUL,Condutor deixou de manter distância do veículo da frente,Colisão traseira,Com Vítimas Feridas,Plena Noite,Crescente,Nublado,Simples,Aclive;Reta,Não,4,0,1,0,3,0,1,3,-26.459379,-49.151352,SPRF-SC,DEL03-SC,UOP03-DEL03-SC,2025
"698593,0",2025-06-16,segunda-feira,17:28:00,SC,470,"247,1",CURITIBANOS,Acessar a via sem observar a presença dos outros veículos,Colisão transversal,Com Vítimas Feridas,Pleno dia,Crescente,Céu Claro,Simples,Reta;Interseção de Vias,Sim,4,0,2,0,2,0,2,2,-27.3130129,-50.5580314,SPRF-SC,DEL05-SC,UOP03-DEL05-SC,2025
"698607,0",2025-06-16,segunda-feira,17:30:00,SC,280,"81,8",CORUPA,Entrada inopinada do pedestre,Atropelamento de Pedestre,Com Vítimas Feridas,Anoitecer,Decrescente,Nublado,Simples,Reta,Sim,2,0,0,1,1,0,1,2,-26.43676,-49.24044,SPRF-SC,DEL06-SC,UOP03-DEL06-SC,2025
"698632,0",2025-06-17,terça-feira,02:15:00,SC,101,"206,1",SAO JOSE,Suicídio (presumido),Queda de ocupante de veículo,Com Vítimas Feridas,Pleno dia,Crescente,Nublado,Múltipla,Aclive;Reta,Sim,2,0,0,1,1,0,1,1,-27.5890948,-48.61728491,SPRF-SC,DEL01-SC,UOP01-DEL01-SC,2025
"698633,0",2025-06-17,terça-feira,02:00:00,SC,163,"79,2",SAO MIGUEL DO OESTE,Velocidade Incompatível,Saída de leito carroçável,Com Vítimas Feridas,Plena Noite,Crescente,Céu Claro,Simples,Reta;Declive;Interseção de Vias,Não,1,0,1,0,0,0,1,1,-26.6554602,-53.51736043,SPRF-SC,DEL07-SC,UOP03-DEL07-SC,2025
"698636,0",2025-06-17,terça-feira,03:07:00,SC,101,"326,5",CAPIVARI DE BAIXO,Reação tardia ou ineficiente do condutor,Colisão traseira,Com Vítimas Feridas,Plena Noite,Decrescente,Céu Claro,Dupla,Reta;Aclive,Sim,2,0,1,0,1,0,1,2,-28.43448,-48.958002,SPRF-SC,DEL02-SC,UOP01-DEL02-SC,2025
"698682,0",2025-06-17,terça-feira,08:30:00,SC,101,"126,5",ITAJAI,Ausência de reação do condutor,Colisão traseira,Com Vítimas Feridas,Pleno dia,Decrescente,Sol,Dupla,Reta,Não,2,0,1,0,1,0,1,2,-26.97026219,-48.68322786,SPRF-SC,DEL04-SC,UOP04-DEL04-SC,2025
"698704,0",2025-06-17,terça-feira,09:45:00,SC,280,"224,8",TRES BARRAS,Avarias e/ou desgaste excessivo no pneu,Saída de leito carroçável,Com Vítimas Feridas,Pleno dia,Crescente,Céu Claro,Simples,Reta,Não,5,0,3,1,0,1,4,2,-26.178307,-50.312008,SPRF-SC,DEL06-SC,UOP04-DEL06-SC,2025
"698732,0",2025-06-17,terça-feira,14:25:00,SC,101,"133,5",BALNEARIO CAMBORIU,Reação tardia ou ineficiente do condutor,Colisão com objeto,Com Vítimas Feridas,Pleno dia,Crescente,Céu Claro,Múltipla,Reta,Sim,1,0,1,0,0,0,1,1,-27.000634,-48.641553,SPRF-SC,DEL04-SC,UOP03-DEL04-SC,2025
"698773,0",2025-06-17,terça-feira,14:50:00,SC,101,"279,0",IMBITUBA,Reação tardia ou ineficiente do condutor,Saída de leito carroçável,Com Vítimas Feridas,Pleno dia,Decrescente,Céu Claro,Múltipla,Reta,Sim,2,0,0,2,0,0,2,1,-28.18703952,-48.69687081,SPRF-SC,DEL02-SC,UOP03-DEL02-SC,2025
"698775,0",2025-06-17,terça-feira,18:00:00,SC,470,"53,1",BLUMENAU,Acessar a via sem observar a presença dos outros veículos,Colisão transversal,Com Vítimas Feridas,Plena Noite,Crescente,Ignorado,Dupla,Reta;Interseção de Vias,Sim,3,0,1,0,2,0,1,2,-26.868756,-49.105064,SPRF-SC,DEL04-SC,UOP01-DEL04-SC,2025
"698781,0",2025-06-17,terça-feira,18:15:00,SC,101,"210,7",SAO JOSE,Manobra de mudança de faixa,Colisão lateral mesmo sentido,Com Vítimas Feridas,Plena Noite,Crescente,Céu Claro,Dupla,Reta,Não,2,0,1,0,1,0,1,2,-27.62014614,-48.64853382,SPRF-SC,DEL01-SC,UOP01-DEL01-SC,2025
"698787,0",2025-06-17,terça-feira,12:35:00,SC,163,"73,0",GUARACIABA,Ausência de reação do condutor,Saída de leito carroçável,Com Vítimas Feridas,Pleno dia,Crescente,Céu Claro,Dupla,Reta,Sim,1,0,1,0,0,0,1,1,-26.6380071,-53.5188016,SPRF-SC,DEL07-SC,UOP03-DEL07-SC,2025
"698788,0",2025-06-02,segunda-feira,15:15:00,SC,282,"555,7",NOVA ITABERABA,Avarias e/ou desgaste excessivo no pneu,Saída de leito carroçável,Com Vítimas Feridas,Pleno dia,Crescente,Chuva,Simples,Reta,Não,2,0,1,0,1,0,1,1,-26.93571989,-52.7993381,SPRF-SC,DEL07-SC,UOP01-DEL07-SC,2025
"698820,0",2025-06-17,terça-feira,17:55:00,SC,280,"222,0",TRES BARRAS,Mal súbito do condutor,Saída de leito carroçável,Com Vítimas Feridas,Anoitecer,Decrescente,Céu Claro,Simples,Reta,Não,1,0,0,1,0,0,1,1,-26.174951,-50.285474,SPRF-SC,DEL06-SC,UOP04-DEL06-SC,2025
"698854,0",2025-06-18,quarta-feira,05:10:00,SC,101,"401,0",MARACAJA,Ausência de reação do condutor,Colisão com objeto,Com Vítimas Feridas,Plena Noite,Crescente,Ignorado,Dupla,Reta,Sim,2,0,1,1,0,0,2,1,-28.877,-49.458,SPRF-SC,DEL02-SC,UOP02-DEL02-SC,2025
"698875,0",2025-06-18,quarta-feira,07:20:00,SC,470,"56,3",BLUMENAU,Acessar a via sem observar a presença dos outros veículos,Colisão transversal,Com Vítimas Feridas,Pleno dia,Decrescente,Céu Claro,Simples,Reta,Sim,3,0,1,1,1,0,2,2,-26.87769746,-49.13043022,SPRF-SC,DEL04-SC,UOP01-DEL04-SC,2025
"698884,0",2025-06-18,quarta-feira,07:45:00,SC,282,"5,0",SAO JOSE,Manobra de mudança de faixa,Colisão transversal,Com Vítimas Feridas,Pleno dia,Decrescente,Céu Claro,Dupla,Reta,Sim,2,0,1,0,1,0,1,2,-27.58841,-48.61268,SPRF-SC,DEL01-SC,UOP01-DEL01-SC,2025
"698917,0",2025-06-18,quarta-feira,07:29:00,SC,470,"66,9",INDAIAL,Reação tardia ou ineficiente do condutor,Colisão com objeto,Com Vítimas Feridas,Pleno dia,Decrescente,Céu Claro,Simples,Declive;Em Obras;Reta,Sim,1,0,0,1,0,0,1,1,-26.8719223,-49.2305415,SPRF-SC,DEL04-SC,UOP01-DEL04-SC,2025
"698941,0",2025-06-18,quarta-feira,13:10:00,SC,101,"215,5",PALHOCA,Acessar a via sem observar a presença dos outros veículos,Colisão transversal,Com Vítimas Feridas,Pleno dia,Decrescente,Nublado,Dupla,Interseção de Vias,Sim,2,0,0,1,1,0,1,2,-27.656156,-48.678193,SPRF-SC,DEL01-SC,UOP02-DEL01-SC,2025
"698987,0",2025-06-18,quarta-feira,18:05:00,SC,280,"231,7",CANOINHAS,Acessar a via sem observar a presença dos outros veículos,Colisão transversal,Com Vítimas Feridas,Anoitecer,Decrescente,Céu Claro,Dupla,Reta;Interseção de Vias,Sim,3,0,1,0,1,1,1,3,-26.18995987,-50.3785579,SPRF-SC,DEL06-SC,UOP04-DEL06-SC,2025
"699001,0",2025-06-18,quarta-feira,19:10:00,SC,101,"131,0",CAMBORIU,Ausência de sinalização,Colisão transversal,Com Vítimas Feridas,Plena Noite,Crescente,Céu Claro,Simples,Reta;Interseção de Vias,Sim,2,0,0,1,1,0,1,2,-26.99529792,-48.65846721,SPRF-SC,DEL04-SC,UOP03-DEL04-SC,2025
"699002,0",2025-06-18,quarta-feira,17:30:00,SC,101,"141,0",BALNEARIO CAMBORIU,Reação tardia ou ineficiente do condutor,Tombamento,Sem Vítimas,Pleno dia,Crescente,Céu Claro,Dupla,Reta;Túnel,Não,1,0,0,0,1,0,0,1,-27.05389416,-48.59838573,SPRF-SC,DEL04-SC,UOP03-DEL04-SC,2025
"699003,0",2025-06-18,quarta-feira,19:15:00,SC,101,"206,8",SAO JOSE,Condutor deixou de manter distância do veículo da frente,Colisão traseira,Com Vítimas Feridas,Plena Noite,Decrescente,Nublado,Múltipla,Reta,Sim,2,0,1,0,0,1,1,2,-27.59007038,-48.61825436,SPRF-SC,DEL01-SC,UOP01-DEL01-SC,2025
"699010,0",2025-06-18,quarta-feira,19:15:00,SC,282,"1,8",FLORIANOPOLIS,Manobra de mudança de faixa,Colisão lateral mesmo sentido,Com Vítimas Feridas,Plena Noite,Crescente,Céu Claro,Múltipla,Reta,Sim,3,0,2,0,1,0,2,2,-27.603491,-48.586897,SPRF-SC,DEL01-SC,UOP01-DEL01-SC,2025
"699031,0",2025-06-18,quarta-feira,20:39:00,SC,101,"331,7",TUBARAO,Desrespeitar a preferência no cruzamento,Colisão transversal,Com Vítimas Feridas,Plena Noite,Crescente,Céu Claro,Simples,Rotatória,Sim,2,0,1,0,1,0,1,2,-28.46599813,-48.99544923,SPRF-SC,DEL02-SC,UOP01-DEL02-SC,2025
"699033,0",2025-06-18,quarta-feira,21:15:00,SC,101,"168,0",TIJUCAS,Demais falhas mecânicas ou elétricas,Incêndio,Sem Vítimas,Plena Noite,Crescente,Céu Claro,Dupla,Reta,Não,1,0,0,0,1,0,0,1,-27.27699239,-48.63149341,SPRF-SC,DEL04-SC,UOP03-DEL04-SC,2025
"699040,0",2025-06-18,quarta-feira,21:30:00,SC,101,"168,0",TIJUCAS,Ingestão de álcool pelo condutor,Colisão lateral mesmo sentido,Com Vítimas Feridas,Plena Noite,Decrescente,Céu Claro,Dupla,Reta,Não,3,0,3,0,0,0,3,2,-27.27593481,-48.63128185,SPRF-SC,DEL04-SC,UOP03-DEL04-SC,2025
"699053,0",2025-06-18,quarta-feira,21:20:00,SC,116,"32,2",ITAIOPOLIS,Reação tardia ou ineficiente do condutor,Saída de leito carroçável,Com Vítimas Feridas,Plena Noite,Crescente,Céu Claro,Simples,Reta,Não,3,0,2,1,0,0,3,1,-26.323,-49.981,SPRF-SC,DEL06-SC,UOP01-DEL06-SC,2025
"699059,0",2025-06-18,quarta-feira,22:20:00,SC,101,"215,8",PALHOCA,Conversão proibida,Colisão traseira,Com Vítimas Feridas,Plena Noite,Crescente,Nublado,Múltipla,Interseção de Vias,Sim,2,0,0,1,1,0,1,2,-27.65856436,-48.67811163,SPRF-SC,DEL01-SC,UOP02-DEL01-SC,2025
"699062,0",2025-06-18,quarta-feira,18:30:00,SC,116,"263,7",CAPAO ALTO,Animais na Pista,Atropelamento de Animal,Com Vítimas Feridas,Plena Noite,Decrescente,Nublado,Simples,Declive;Reta,Não,1,0,1,0,0,0,1,1,-27.930128,-50.45777,SPRF-SC,DEL05-SC,UOP02-DEL05-SC,2025
"699081,0",2025-06-19,quinta-feira,02:00:00,SC,282,"629,8",DESCANSO,Ingestão de álcool pelo condutor,Colisão com objeto,Sem Vítimas,Plena Noite,Crescente,Chuva,Simples,Reta;Ponte,Não,1,0,0,0,1,0,0,1,-26.82153642,-53.38354898,SPRF-SC,DEL07-SC,UOP03-DEL07-SC,2025
"699082,0",2025-06-19,quinta-feira,04:20:00,SC,101,"154,0",PORTO BELO,Velocidade Incompatível,Saída de leito carroçável,Sem Vítimas,Plena Noite,Crescente,Céu Claro,Dupla,Reta,Não,1,0,0,0,0,1,0,1,-27.14396805,-48.61068785,SPRF-SC,DEL04-SC,UOP03-DEL04-SC,2025
"699088,0",2025-06-19,quinta-feira,05:00:00,SC,163,"69,7",SAO MIGUEL DO OESTE,Velocidade Incompatível,Saída de leito carroçável,Com Vítimas Feridas,Plena Noite,Decrescente,Chuva,Dupla,Declive;Reta,Sim,1,0,1,0,0,0,1,1,-26.73627811,-53.50429773,SPRF-SC,DEL07-SC,UOP03-DEL07-SC,2025
"699098,0",2025-06-19,quinta-feira,06:15:00,SC,101,"197,0",BIGUACU,Ingestão de álcool pelo condutor,Capotamento,Com Vítimas Feridas,Amanhecer,Decrescente,Nublado,Simples,Reta,Sim,1,0,1,0,0,0,1,1,-27.51639,-48.639048,SPRF-SC,DEL01-SC,UOP01-DEL01-SC,2025
"699103,0",2025-06-19,quinta-feira,05:50:00,SC,282,"308,0",VARGEM,Chuva,Colisão com objeto,Com Vítimas Feridas,Amanhecer,Crescente,Chuva,Simples,Curva,Não,1,0,0,1,0,0,1,1,-27.49310801,-50.97132079,SPRF-SC,DEL07-SC,UOP06-DEL07-SC,2025
"699107,0",2025-06-19,quinta-feira,06:55:00,SC,101,"117,0",ITAJAI,Reação tardia ou ineficiente do condutor,Colisão traseira,Com Vítimas Feridas,Pleno dia,Decrescente,Nublado,Múltipla,Reta,Sim,2,0,1,0,1,0,1,2,-26.8885454,-48.72196198,SPRF-SC,DEL04-SC,UOP04-DEL04-SC,2025
"699112,0",2025-06-19,quinta-feira,07:00:00,SC,282,"2,5",FLORIANOPOLIS,Reação tardia ou ineficiente do condutor,Colisão lateral mesmo sentido,Sem Vítimas,Pleno dia,Crescente,Garoa/Chuvisco,Múltipla,Reta,Sim,2,0,0,0,2,0,0,2,-27.60292314,-48.59211087,SPRF-SC,DEL01-SC,UOP01-DEL01-SC,2025
"699116,0",2025-05-21,quarta-feira,17:30:00,SC,101,"26,0",JOINVILLE,Ausência de reação do condutor,Colisão lateral mesmo sentido,Sem Vítimas,Pleno dia,Decrescente,Chuva,Múltipla,Interseção de Vias;Rotatória,Não,3,0,0,0,3,0,0,2,-26.20319407,-48.91456604,SPRF-SC,DEL03-SC,UOP01-DEL03-SC,2025
"699130,0",2025-06-19,quinta-feira,08:15:00,SC,282,"49,8",AGUAS MORNAS,Reação tardia ou ineficiente do condutor,Saída de leito carroçável,Com Vítimas Feridas,Pleno dia,Crescente,Nublado,Simples,Aclive;Curva,Não,3,0,1,0,2,0,1,1,-27.7091,-48.9507,SPRF-SC,DEL01-SC,UOP03-DEL01-SC,2025
"699188,0",2025-06-19,quinta-feira,15:25:00,SC,101,"117,0",ITAJAI,Ausência de reação do condutor,Colisão traseira,Com Vítimas Feridas,Pleno dia,Crescente,Nublado,Dupla,Reta,Não,2,0,1,0,1,0,1,2,-26.888063,-48.722267,SPRF-SC,DEL04-SC,UOP04-DEL04-SC,2025
"699189,0",2025-06-19,quinta-feira,13:35:00,SC,282,"494,9",XANXERE,Velocidade Incompatível,Saída de leito carroçável,Com Vítimas Feridas,Pleno dia,Crescente,Chuva,Simples,Curva,Não,2,0,2,0,0,0,2,1,-26.87234,-52.319837,SPRF-SC,DEL07-SC,UOP01-DEL07-SC,2025
"699192,0",2025-06-19,quinta-feira,07:15:00,SC,282,"5,5",SAO JOSE,Curva acentuada,Tombamento,Com Vítimas Feridas,Pleno dia,Crescente,Nublado,Simples,Curva,Não,1,0,1,0,0,0,1,1,-27.5846859,-48.61667991,SPRF-SC,DEL01-SC,UOP01-DEL01-SC,2025
"699197,0",2025-06-19,quinta-feira,17:20:00,SC,280,"26,0",ARAQUARI,Condutor deixou de manter distância do veículo da frente,Colisão traseira,Com Vítimas Feridas,Pleno dia,Decrescente,Nublado,Simples,Reta,Sim,2,0,1,0,1,0,1,2,-26.395834,-48.739475,SPRF-SC,DEL03-SC,UOP03-DEL03-SC,2025
"699223,0",2025-06-19,quinta-feira,20:00:00,SC,470,"138,0",RIO DO SUL,Acessar a via sem observar a presença dos outros veículos,Colisão transversal,Com Vítimas Feridas,Plena Noite,Decrescente,Chuva,Simples,Reta,Sim,2,0,1,0,1,0,1,2,-27.1937909,-49.62386012,SPRF-SC,DEL04-SC,UOP02-DEL04-SC,2025
"699255,0",2025-06-19,quinta-feira,22:00:00,SC,101,"211,0",SAO JOSE,Reação tardia ou ineficiente do condutor,Colisão com objeto,Com Vítimas Feridas,Plena Noite,Crescente,Garoa/Chuvisco,Múltipla,Reta,Sim,1,0,1,0,0,0,1,1,-27.62329313,-48.65245588,SPRF-SC,DEL01-SC,UOP02-DEL01-SC,2025
"699263,0",2025-06-19,quinta-feira,22:00:00,SC,101,"155,0",PORTO BELO,Ingestão de álcool pelo condutor,Saída de leito carroçável,Sem Vítimas,Plena Noite,Decrescente,Chuva,Múltipla,Reta,Sim,1,0,0,0,0,1,0,1,-27.16743445,-48.61125338,SPRF-SC,DEL04-SC,UOP03-DEL04-SC,2025
"699264,0",2025-06-19,quinta-feira,22:45:00,SC,282,"5,1",SAO JOSE,Reação tardia ou ineficiente do condutor,Colisão com objeto,Sem Vítimas,Plena Noite,Decrescente,Nublado,Dupla,Curva,Sim,1,0,0,0,1,0,0,1,-27.58359,-48.61812,SPRF-SC,DEL01-SC,UOP01-DEL01-SC,2025
"699267,0",2025-06-19,quinta-feira,20:40:00,SC,280,"240,8",CANOINHAS,Ingestão de álcool pelo condutor,Colisão frontal,Com Vítimas Fatais,Plena Noite,Decrescente,Chuva,Simples,Reta,Não,3,1,2,0,0,0,2,2,-26.22063,-50.45654,SPRF-SC,DEL06-SC,UOP04-DEL06-SC,2025
"699301,0",2025-06-20,sexta-feira,07:14:00,SC,282,"5,6",SAO JOSE,Reação tardia ou ineficiente do condutor,Tombamento,Com Vítimas Feridas,Pleno dia,Crescente,Nublado,Dupla,Declive;Curva,Sim,1,0,1,0,0,0,1,1,-27.584525,-48.617113,SPRF-SC,DEL01-SC,UOP01-DEL01-SC,2025
"699312,0",2025-06-20,sexta-feira,05:50:00,SC,101,"193,0",BIGUACU,Reação tardia ou ineficiente do condutor,Atropelamento de Pedestre,Com Vítimas Feridas,Amanhecer,Decrescente,Céu Claro,Múltipla,Curva,Sim,2,0,1,0,1,0,1,2,-27.489265,-48.655958,SPRF-SC,DEL01-SC,UOP01-DEL01-SC,2025
"699318,0",2025-06-20,sexta-feira,08:00:00,SC,282,"47,4",AGUAS MORNAS,Pista Escorregadia,Saída de leito carroçável,Com Vítimas Feridas,Pleno dia,Decrescente,Chuva,Simples,Declive;Curva,Não,1,0,0,1,0,0,1,1,-27.72049489,-48.93686995,SPRF-SC,DEL01-SC,UOP03-DEL01-SC,2025
"699319,0",2025-06-20,sexta-feira,08:48:00,SC,280,"54,0",GUARAMIRIM,Acessar a via sem observar a presença dos outros veículos,Colisão lateral mesmo sentido,Com Vítimas Feridas,Pleno dia,Crescente,Garoa/Chuvisco,Dupla,Reta,Sim,2,0,1,0,1,0,1,2,-26.475245,-48.988076,SPRF-SC,DEL03-SC,UOP03-DEL03-SC,2025
"699357,0",2025-06-20,sexta-feira,12:50:00,SC,470,"54,4",BLUMENAU,Acessar a via sem observar a presença dos outros veículos,Colisão transversal,Com Vítimas Feridas,Pleno dia,Crescente,Nublado,Simples,Reta;Interseção de Vias,Não,5,0,2,0,3,0,2,2,-26.87339589,-49.11416229,SPRF-SC,DEL04-SC,UOP01-DEL04-SC,2025
"699364,0",2025-06-20,sexta-feira,09:55:00,SC,282,"218,0",LAGES,Reação tardia ou ineficiente do condutor,Colisão com objeto,Com Vítimas Feridas,Pleno dia,Crescente,Chuva,Simples,Interseção de Vias;Declive;Reta,Sim,1,0,1,0,0,0,1,1,-27.79773289,-50.30956149,SPRF-SC,DEL05-SC,UOP01-DEL05-SC,2025
"699381,0",2025-06-20,sexta-feira,15:00:00,SC,280,"28,0",ARAQUARI,Acessar a via sem observar a presença dos outros veículos,Colisão transversal,Com Vítimas Feridas,Pleno dia,Crescente,Garoa/Chuvisco,Simples,Reta,Sim,3,0,2,0,0,1,2,3,-26.46985272,-48.74594629,SPRF-SC,DEL03-SC,UOP03-DEL03-SC,2025
"699391,0",2025-06-20,sexta-feira,14:50:00,SC,101,"207,2",SAO JOSE,Manobra de mudança de faixa,Colisão lateral mesmo sentido,Com Vítimas Feridas,Pleno dia,Decrescente,Céu Claro,Múltipla,Reta;Declive,Não,2,0,1,0,1,0,1,2,-27.59554404,-48.61919817,SPRF-SC,DEL01-SC,UOP01-DEL01-SC,2025
"699402,0",2025-06-20,sexta-feira,16:50:00,SC,280,"29,4",ARAQUARI,Transitar na contramão,Queda de ocupante de veículo,Com Vítimas Feridas,Plena Noite,Crescente,Nublado,Simples,Interseção de Vias;Curva,Não,3,0,1,0,2,0,1,2,-26.412601,-48.756797,SPRF-SC,DEL03-SC,UOP03-DEL03-SC,2025
"699421,0",2025-06-20,sexta-feira,18:45:00,SC,280,"29,0",ARAQUARI,Desrespeitar a preferência no cruzamento,Colisão transversal,Com Vítimas Feridas,Anoitecer,Decrescente,Chuva,Simples,Reta,Sim,3,0,2,0,1,0,2,2,-26.4132,-48.75802,SPRF-SC,DEL03-SC,UOP03-DEL03-SC,2025
"699444,0",2025-06-20,sexta-feira,19:30:00,SC,101,"199,0",SAO JOSE,Reação tardia ou ineficiente do condutor,Queda de ocupante de veículo,Com Vítimas Feridas,Plena Noite,Crescente,Céu Claro,Dupla,Reta,Não,1,0,1,0,0,0,1,1,-27.53129223,-48.63229958,SPRF-SC,DEL01-SC,UOP01-DEL01-SC,2025
"699457,0",2025-06-20,sexta-feira,20:40:00,SC,101,"230,8",PALHOCA,Pedestre andava na pista,Atropelamento de Pedestre,Com Vítimas Fatais,Plena Noite,Decrescente,Nublado,Dupla,Declive;Reta,Não,3,1,0,0,1,1,0,3,-27.7831283,-48.6354783,SPRF-SC,DEL01-SC,UOP02-DEL01-SC,2025
"699473,0",2025-06-20,sexta-feira,23:40:00,SC,470,"77,0",INDAIAL,Ausência de reação do condutor,Colisão traseira,Com Vítimas Feridas,Plena Noite,Decrescente,Nublado,Simples,Reta,Não,2,0,0,1,0,1,1,2,-26.92937331,-49.2859501,SPRF-SC,DEL04-SC,UOP01-DEL04-SC,2025
"699495,0",2025-06-21,sábado,04:30:00,SC,470,"134,0",RIO DO SUL,Transitar na contramão,Colisão frontal,Com Vítimas Feridas,Plena Noite,Decrescente,Céu Claro,Simples,Aclive;Reta,Sim,3,0,0,1,1,1,1,3,-27.17379688,-49.58768153,SPRF-SC,DEL04-SC,UOP02-DEL04-SC,2025
"699506,0",2025-06-21,sábado,07:15:00,SC,101,"210,8",SAO JOSE,Avarias e/ou desgaste excessivo no pneu,Colisão com objeto,Com Vítimas Feridas,Amanhecer,Decrescente,Céu Claro,Múltipla,Reta,Sim,1,0,1,0,0,0,1,1,-27.62265,-48.65151,SPRF-SC,DEL01-SC,UOP01-DEL01-SC,2025
"699515,0",2025-06-21,sábado,06:40:00,SC,280,"233,9",CANOINHAS,Condutor deixou de manter distância do veículo da frente,Colisão traseira,Com Vítimas Feridas,Amanhecer,Decrescente,Nublado,Simples,Aclive;Reta;Interseção de Vias,Sim,2,0,0,1,1,0,1,2,-26.1912445,-50.4018761,SPRF-SC,DEL06-SC,UOP04-DEL06-SC,2025
"699519,0",2025-06-21,sábado,07:00:00,SC,282,"573,9",PINHALZINHO,Frear bruscamente,Capotamento,Com Vítimas Feridas,Pleno dia,Crescente,Nublado,Simples,Curva,Não,1,0,1,0,0,0,1,1,-26.87671781,-52.9519714,SPRF-SC,DEL07-SC,UOP02-DEL07-SC,2025
"699526,0",2025-06-21,sábado,09:20:00,SC,101,"126,5",ITAJAI,Reação tardia ou ineficiente do condutor,Colisão traseira,Com Vítimas Feridas,Pleno dia,Decrescente,Céu Claro,Dupla,Reta,Não,3,0,1,0,2,0,1,2,-26.96325826,-48.68278949,SPRF-SC,DEL04-SC,UOP04-DEL04-SC,2025
"699543,0",2025-06-21,sábado,05:30:00,SC,116,"134,4",SANTA CECILIA,Ingestão de álcool pelo condutor,Colisão com objeto,Sem Vítimas,Plena Noite,Decrescente,Céu Claro,Simples,Curva,Não,1,0,0,0,1,0,0,1,-26.9252676,-50.4412911,SPRF-SC,DEL06-SC,UOP02-DEL06-SC,2025
"699545,0",2025-06-21,sábado,11:15:00,SC,101,"294,0",IMBITUBA,Acessar a via sem observar a presença dos outros veículos,Colisão transversal,Com Vítimas Feridas,Pleno dia,Crescente,Céu Claro,Simples,Reta,Não,2,0,1,0,1,0,1,2,-28.32553786,-48.72998714,SPRF-SC,DEL02-SC,UOP03-DEL02-SC,2025
"699561,0",2025-04-02,quarta-feira,19:25:00,SC,101,"269,5",IMBITUBA,Pedestre cruzava a pista fora da faixa,Atropelamento de Pedestre,Com Vítimas Fatais,Plena Noite,Crescente,Nublado,Múltipla,Reta,Não,3,1,1,0,1,0,1,3,-28.102071,-48.703926,SPRF-SC,DEL02-SC,UOP03-DEL02-SC,2025
"699571,0",2025-06-21,sábado,15:35:00,SC,101,"311,7",LAGUNA,Desrespeitar a preferência no cruzamento,Colisão transversal,Com Vítimas Feridas,Pleno dia,Decrescente,Céu Claro,Múltipla,Interseção de Vias;Viaduto,Sim,3,0,1,0,2,0,1,2,-28.44036904,-48.81264059,SPRF-SC,DEL02-SC,UOP01-DEL02-SC,2025
"699584,0",2025-06-21,sábado,12:40:00,SC,101,"46,7",JOINVILLE,Trafegar com motocicleta (ou similar) entre as faixas,Colisão traseira,Com Vítimas Feridas,Pleno dia,Crescente,Céu Claro,Dupla,Reta,Sim,3,0,2,0,1,0,2,2,-26.3617288,-48.8589647,SPRF-SC,DEL03-SC,UOP01-DEL03-SC,2025
"699585,0",2025-06-21,sábado,17:25:00,SC,101,"206,8",SAO JOSE,Reação tardia ou ineficiente do condutor,Engavetamento,Com Vítimas Feridas,Plena Noite,Crescente,Céu Claro,Múltipla,Reta;Interseção de Vias,Sim,3,0,1,0,2,0,1,3,-27.59880104,-48.62163512,SPRF-SC,DEL01-SC,UOP01-DEL01-SC,2025
"699594,0",2025-06-21,sábado,17:40:00,SC,101,"398,0",MARACAJA,Manobra de mudança de faixa,Colisão lateral mesmo sentido,Com Vítimas Feridas,Plena Noite,Crescente,Ignorado,Simples,Reta,Não,2,0,0,1,1,0,1,2,-28.845,-49.432,SPRF-SC,DEL02-SC,UOP02-DEL02-SC,2025
"699618,0",2025-06-21,sábado,18:40:00,SC,282,"30,0",SANTO AMARO DA IMPERATRIZ,Ingestão de álcool pelo condutor,Colisão traseira,Sem Vítimas,Plena Noite,Crescente,Céu Claro,Simples,Curva,Sim,3,0,0,0,3,0,0,3,-27.678818,-48.786327,SPRF-SC,DEL01-SC,UOP03-DEL01-SC,2025
"699622,0",2025-06-21,sábado,20:30:00,SC,101,"333,0",TUBARAO,Ausência de reação do condutor,Saída de leito carroçável,Com Vítimas Feridas,Plena Noite,Crescente,Céu Claro,Simples,Reta,Sim,1,0,1,0,0,0,1,1,-28.4699623,-49.0199541,SPRF-SC,DEL02-SC,UOP01-DEL02-SC,2025