id,data_inversa,dia_semana,horario,uf,br,km,municipio,causa_acidente,tipo_acidente,classificacao_acidente,fase_dia,sentido_via,condicao_metereologica,tipo_pista,tracado_via,uso_solo,pessoas,mortos,feridos_leves,feridos_graves,ilesos,ignorados,feridos,veiculos,latitude,longitude,regional,delegacia,uop,ano_arquivo
"701995,0",2025-07-02,quarta-feira,14:30:00,SC,470,"39,6",GASPAR,Objeto estático sobre o leito carroçável,Colisão com objeto,Com Vítimas Feridas,Pleno dia,Crescente,Nublado,Dupla,Reta,Não,1,0,1,0,0,0,1,1,-26.89130555,-48.98880808,SPRF-SC,DEL04-SC,UOP01-DEL04-SC,2025
"702020,0",2025-07-02,quarta-feira,13:40:00,SC,280,"130,1",RIO NEGRINHO,Desrespeitar a preferência no cruzamento,Colisão transversal,Com Vítimas Feridas,Pleno dia,Decrescente,Chuva,Simples,Reta;Declive,Sim,3,0,2,0,1,0,2,2,-26.25384,-49.53362,SPRF-SC,DEL06-SC,UOP03-DEL06-SC,2025
"702050,0",2025-07-02,quarta-feira,18:40:00,SC,282,"500,8",XANXERE,Desrespeitar a preferência no cruzamento,Colisão transversal,Com Vítimas Feridas,Plena Noite,Decrescente,Céu Claro,Simples,Reta;Interseção de Vias,Sim,2,0,1,0,1,0,1,2,-26.8812865,-52.37490392,SPRF-SC,DEL07-SC,UOP01-DEL07-SC,2025
"702058,0",2025-07-02,quarta-feira,13:45:00,SC,282,"644,6",SAO MIGUEL DO OESTE,Reação tardia ou ineficiente do condutor,Saída de leito carroçável,Com Vítimas Feridas,Pleno dia,Crescente,Céu Claro,Simples,Aclive;Curva,Não,1,0,1,0,0,0,1,1,-26.76504268,-53.48782787,SPRF-SC,DEL07-SC,UOP03-DEL07-SC,2025
"702106,0",2025-07-03,quinta-feira,04:20:00,SC,163,"66,0",SAO MIGUEL DO OESTE,Desrespeitar a preferência no cruzamento,Colisão transversal,Com Vítimas Feridas,Plena Noite,Decrescente,Céu Claro,Dupla,Rotatória,Sim,2,0,1,0,1,0,1,2,-26.76097391,-53.50059307,SPRF-SC,DEL07-SC,UOP03-DEL07-SC,2025
"702129,0",2025-07-03,quinta-feira,07:20:00,SC,101,"143,7",ITAPEMA,Avarias e/ou desgaste excessivo no pneu,Tombamento,Com Vítimas Feridas,Pleno dia,Crescente,Céu Claro,Dupla,Reta,Sim,1,0,1,0,0,0,1,1,-27.07145465,-48.59588591,SPRF-SC,DEL04-SC,UOP03-DEL04-SC,2025
"702139,0",2025-07-03,quinta-feira,09:20:00,SC,101,"203,1",SAO JOSE,Acumulo de óleo sobre o pavimento,Tombamento,Com Vítimas Feridas,Pleno dia,Decrescente,Céu Claro,Múltipla,Curva,Sim,2,0,1,0,1,0,1,1,-27.565958,-48.613756,SPRF-SC,DEL01-SC,UOP01-DEL01-SC,2025
"702151,0",2025-06-27,sexta-feira,22:00:00,SC,101,"149,6",ITAPEMA,Ausência de reação do condutor,Colisão com objeto,Sem Vítimas,Pleno dia,Crescente,Céu Claro,Múltipla,Reta,Não,1,0,0,0,1,0,0,1,-27.11024422,-48.61160366,SPRF-SC,DEL04-SC,UOP03-DEL04-SC,2025
"702160,0",2025-04-18,sexta-feira,10:10:00,SC,101,"320,0",PESCARIA BRAVA,Manobra de mudança de faixa,Colisão transversal,Sem Vítimas,Pleno dia,Decrescente,Céu Claro,Múltipla,Reta,Sim,2,0,0,0,1,1,0,2,-28.42498268,-48.89923789,SPRF-SC,DEL02-SC,UOP01-DEL02-SC,2025
"702184,0",2025-05-08,quinta-feira,21:15:00,SC,280,"57,0",GUARAMIRIM,Transitar na contramão,Colisão frontal,Com Vítimas Feridas,Plena Noite,Decrescente,Céu Claro,Simples,Curva,Não,9,0,8,1,0,0,9,3,-26.478905,-49.01105,SPRF-SC,DEL03-SC,UOP03-DEL03-SC,2025
"702185,0",2025-07-03,quinta-feira,14:30:00,SC,101,"214,3",PALHOCA,Acessar a via sem observar a presença dos outros veículos,Queda de ocupante de veículo,Com Vítimas Feridas,Pleno dia,Decrescente,Céu Claro,Múltipla,Reta,Não,2,0,1,0,1,0,1,2,-27.63957535,-48.66667125,SPRF-SC,DEL01-SC,UOP02-DEL01-SC,2025
"702202,0",2025-07-03,quinta-feira,04:32:00,SC,280,"25,0",ARAQUARI,Ausência de reação do condutor,Saída de leito carroçável,Sem Vítimas,Plena Noite,Crescente,Nublado,Simples,Reta,Não,1,0,0,0,0,1,0,1,-26.383663,-48.726977,SPRF-SC,DEL03-SC,UOP03-DEL03-SC,2025
"702215,0",2025-06-30,segunda-feira,18:29:00,SC,280,"128,0",RIO NEGRINHO,Acessar a via sem observar a presença dos outros veículos,Colisão transversal,Sem Vítimas,Anoitecer,Decrescente,Garoa/Chuvisco,Simples,Reta;Interseção de Vias,Sim,2,0,0,0,2,0,0,2,-26.242742,-49.51234,SPRF-SC,DEL06-SC,UOP03-DEL06-SC,2025
"702222,0",2025-07-03,quinta-feira,17:36:00,SC,282,"0,6",FLORIANOPOLIS,Reação tardia ou ineficiente do condutor,Colisão lateral mesmo sentido,Com Vítimas Feridas,Anoitecer,Crescente,Céu Claro,Múltipla,Aclive;Reta,Sim,2,0,2,0,0,0,2,2,-27.601,-48.578,SPRF-SC,DEL01-SC,UOP01-DEL01-SC,2025
"702228,0",2025-07-03,quinta-feira,16:45:00,SC,116,"220,5",CORREIA PINTO,Desrespeitar a preferência no cruzamento,Colisão transversal,Com Vítimas Feridas,Pleno dia,Decrescente,Céu Claro,Simples,Rotatória,Sim,2,0,1,0,1,0,1,2,-27.59087,-50.36231,SPRF-SC,DEL05-SC,UOP03-DEL05-SC,2025
"702230,0",2025-07-03,quinta-feira,15:30:00,SC,116,"34,1",ITAIOPOLIS,Reação tardia ou ineficiente do condutor,Queda de ocupante de veículo,Com Vítimas Feridas,Pleno dia,Decrescente,Nublado,Simples,Interseção de Vias;Retorno Regulamentado,Sim,2,0,2,0,0,0,2,1,-26.33194152,-49.99769568,SPRF-SC,DEL06-SC,UOP01-DEL06-SC,2025
"702234,0",2025-07-03,quinta-feira,18:40:00,SC,101,"215,4",PALHOCA,Manobra de mudança de faixa,Colisão lateral mesmo sentido,Com Vítimas Feridas,Plena Noite,Crescente,Céu Claro,Múltipla,Curva;Aclive,Não,2,0,0,1,1,0,1,2,-27.655107,-48.678225,SPRF-SC,DEL01-SC,UOP02-DEL01-SC,2025
"702257,0",2025-07-03,quinta-feira,16:30:00,SC,280,"28,0",ARAQUARI,Transitar na contramão,Colisão transversal,Sem Vítimas,Pleno dia,Crescente,Céu Claro,Simples,Reta,Não,2,0,0,0,1,1,0,2,-26.408213,-48.750062,SPRF-SC,DEL03-SC,UOP03-DEL03-SC,2025
"702259,0",2025-07-03,quinta-feira,18:40:00,SC,282,"223,0",LAGES,Acessar a via sem observar a presença dos outros veículos,Colisão transversal,Com Vítimas Feridas,Plena Noite,Decrescente,Céu Claro,Simples,Reta;Declive,Não,2,0,1,0,1,0,1,2,-27.79945069,-50.36046982,SPRF-SC,DEL05-SC,UOP01-DEL05-SC,2025
"702261,0",2025-07-03,quinta-feira,19:50:00,SC,101,"215,0",PALHOCA,Ausência de reação do condutor,Atropelamento de Pedestre,Sem Vítimas,Plena Noite,Crescente,Céu Claro,Múltipla,Reta,Não,2,0,0,0,0,2,0,2,-27.65187586,-48.67601104,SPRF-SC,DEL01-SC,UOP02-DEL01-SC,2025
"702283,0",2025-07-03,quinta-feira,17:50:00,SC,101,"462,9",PASSO DE TORRES,Desrespeitar a preferência no cruzamento,Colisão frontal,Com Vítimas Feridas,Anoitecer,Crescente,Céu Claro,Simples,Reta,Não,2,0,0,1,1,0,1,2,-29.29420258,-49.76469666,SPRF-RS,DEL03-RS,UOP02-DEL03-RS,2025
"702303,0",2025-07-04,sexta-feira,01:00:00,SC,282,"3,3",FLORIANOPOLIS,Ingestão de álcool pelo condutor,Colisão com objeto,Com Vítimas Feridas,Plena Noite,Decrescente,Nublado,Múltipla,Reta,Não,1,0,1,0,0,0,1,1,-27.59762,-48.600748,SPRF-SC,DEL01-SC,UOP01-DEL01-SC,2025
"702307,0",2025-07-04,sexta-feira,00:05:00,SC,282,"275,0",SAO JOSE DO CERRITO,Demais falhas mecânicas ou elétricas,Incêndio,Sem Vítimas,Plena Noite,Decrescente,Céu Claro,Múltipla,Curva,Não,1,0,0,0,0,1,0,1,-27.6055,-50.72485,SPRF-SC,DEL05-SC,UOP02-DEL05-SC,2025
"702316,0",2025-07-04,sexta-feira,05:00:00,SC,101,"204,0",SAO JOSE,Reação tardia ou ineficiente do condutor,Colisão traseira,Com Vítimas Feridas,Amanhecer,Crescente,Garoa/Chuvisco,Múltipla,Reta,Sim,6,0,1,0,2,3,1,2,-27.5795775,-48.614175,SPRF-SC,DEL01-SC,UOP01-DEL01-SC,2025
"702318,0",2025-07-04,sexta-feira,06:15:00,SC,282,"5,5",SAO JOSE,Pista Escorregadia,Tombamento,Com Vítimas Feridas,Amanhecer,Crescente,Garoa/Chuvisco,Múltipla,Curva,Não,1,0,0,1,0,0,1,1,-27.58545,-48.617702,SPRF-SC,DEL01-SC,UOP01-DEL01-SC,2025
"702319,0",2025-07-04,sexta-feira,04:52:00,SC,282,"1,9",FLORIANOPOLIS,Ingestão de álcool pelo condutor,Capotamento,Sem Vítimas,Pleno dia,Crescente,Nublado,Múltipla,Reta,Sim,2,0,0,0,1,1,0,2,-27.60320748,-48.58945783,SPRF-SC,DEL01-SC,UOP01-DEL01-SC,2025
"702320,0",2025-07-03,quinta-feira,21:35:00,SC,101,"330,0",TUBARAO,Ausência de reação do condutor,Saída de leito carroçável,Sem Vítimas,Plena Noite,Decrescente,Nublado,Simples,Reta,Não,1,0,0,0,1,0,0,1,-28.45841667,-48.98616878,SPRF-SC,DEL02-SC,UOP01-DEL02-SC,2025
"702328,0",2025-07-04,sexta-feira,04:00:00,SC,282,"456,7",PONTE SERRADA,Demais falhas mecânicas ou elétricas,Incêndio,Sem Vítimas,Plena Noite,Decrescente,Céu Claro,Simples,Reta,Não,1,0,0,0,1,0,0,1,-26.885752,-52.004669,SPRF-SC,DEL07-SC,UOP04-DEL07-SC,2025
"702334,0",2025-07-04,sexta-feira,06:55:00,SC,470,"54,3",BLUMENAU,Acessar a via sem observar a presença dos outros veículos,Colisão traseira,Com Vítimas Feridas,Pleno dia,Crescente,Nublado,Simples,Interseção de Vias;Rotatória,Sim,2,0,1,0,1,0,1,2,-26.87325039,-49.1143534,SPRF-SC,DEL04-SC,UOP01-DEL04-SC,2025
"702351,0",2025-07-04,sexta-feira,07:00:00,SC,163,"103,9",SAO JOSE DO CEDRO,Acessar a via sem observar a presença dos outros veículos,Colisão transversal,Com Vítimas Feridas,Amanhecer,Crescente,Céu Claro,Dupla,Curva;Interseção de Vias,Sim,2,0,1,0,1,0,1,2,-26.45265045,-53.51054192,SPRF-SC,DEL07-SC,UOP03-DEL07-SC,2025
"702352,0",2025-07-04,sexta-feira,08:30:00,SC,282,"4,7",SAO JOSE,Trafegar com motocicleta (ou similar) entre as faixas,Colisão traseira,Com Vítimas Feridas,Pleno dia,Decrescente,Garoa/Chuvisco,Múltipla,Aclive;Reta,Sim,2,0,0,1,1,0,1,2,-27.59124531,-48.60732906,SPRF-SC,DEL01-SC,UOP01-DEL01-SC,2025
"702363,0",2025-07-04,sexta-feira,08:20:00,SC,101,"100,8",BALNEARIO PICARRAS,Acessar a via sem observar a presença dos outros veículos,Colisão transversal,Com Vítimas Feridas,Pleno dia,Crescente,Nublado,Simples,Reta;Interseção de Vias,Sim,2,0,1,0,1,0,1,2,-26.76410454,-48.68669478,SPRF-SC,DEL03-SC,UOP02-DEL03-SC,2025
"702416,0",2025-07-04,sexta-feira,14:40:00,SC,101,"206,0",SAO JOSE,Reação tardia ou ineficiente do condutor,Tombamento,Com Vítimas Feridas,Pleno dia,Crescente,Céu Claro,Múltipla,Reta,Sim,1,0,1,0,0,0,1,1,-27.59293012,-48.61836433,SPRF-SC,DEL01-SC,UOP01-DEL01-SC,2025
"702417,0",2025-07-04,sexta-feira,14:00:00,SC,101,"138,0",BALNEARIO CAMBORIU,Trafegar com motocicleta (ou similar) entre as faixas,Colisão lateral mesmo sentido,Com Vítimas Feridas,Pleno dia,Decrescente,Céu Claro,Dupla,Curva,Sim,2,0,1,0,1,0,1,2,-27.03065952,-48.60685229,SPRF-SC,DEL04-SC,UOP03-DEL04-SC,2025
"702418,0",2025-07-04,sexta-feira,14:50:00,SC,101,"202,5",SAO JOSE,Condutor deixou de manter distância do veículo da frente,Queda de ocupante de veículo,Com Vítimas Feridas,Pleno dia,Crescente,Céu Claro,Múltipla,Reta,Sim,1,0,1,0,0,0,1,1,-27.56217947,-48.61630289,SPRF-SC,DEL01-SC,UOP01-DEL01-SC,2025
"702428,0",2025-07-04,sexta-feira,15:00:00,SC,101,"330,0",TUBARAO,Condutor deixou de manter distância do veículo da frente,Tombamento,Com Vítimas Feridas,Pleno dia,Decrescente,Céu Claro,Dupla,Reta,Não,1,0,0,1,0,0,1,1,-28.45381401,-48.97692053,SPRF-SC,DEL02-SC,UOP01-DEL02-SC,2025
"702455,0",2025-07-04,sexta-feira,16:10:00,SC,101,"96,8",BALNEARIO PICARRAS,Ausência de reação do condutor,Saída de leito carroçável,Com Vítimas Feridas,Pleno dia,Decrescente,Nublado,Dupla,Curva,Sim,2,0,1,0,0,1,1,1,-26.72822389,-48.70211212,SPRF-SC,DEL03-SC,UOP02-DEL03-SC,2025
"702465,0",2025-07-04,sexta-feira,17:30:00,SC,470,"144,0",RIO DO SUL,Acessar a via sem observar a presença dos outros veículos,Colisão transversal,Com Vítimas Feridas,Pleno dia,Crescente,Nublado,Simples,Reta,Não,2,0,0,1,1,0,1,2,-27.22987752,-49.66927236,SPRF-SC,DEL04-SC,UOP02-DEL04-SC,2025
"702472,0",2025-07-04,sexta-feira,18:30:00,SC,101,"211,4",SAO JOSE,Velocidade Incompatível,Engavetamento,Com Vítimas Feridas,Pleno dia,Decrescente,Chuva,Múltipla,Reta,Sim,5,0,1,1,3,0,2,5,-27.62222441,-48.6508821,SPRF-SC,DEL01-SC,UOP02-DEL01-SC,2025
"702473,0",2025-07-04,sexta-feira,18:20:00,SC,101,"206,0",SAO JOSE,Reação tardia ou ineficiente do condutor,Colisão traseira,Com Vítimas Feridas,Plena Noite,Crescente,Céu Claro,Múltipla,Reta,Não,3,0,1,0,2,0,1,2,-27.59043,-48.617744,SPRF-SC,DEL01-SC,UOP01-DEL01-SC,2025
"702486,0",2025-07-04,sexta-feira,18:50:00,SC,280,"129,7",RIO NEGRINHO,Acessar a via sem observar a presença dos outros veículos,Colisão transversal,Com Vítimas Feridas,Plena Noite,Decrescente,Nublado,Simples,Interseção de Vias,Sim,3,0,1,0,2,0,1,2,-26.2514309,-49.5269553,SPRF-SC,DEL06-SC,UOP03-DEL06-SC,2025
"702543,0",2025-07-04,sexta-feira,23:00:00,SC,101,"194,5",BIGUACU,Ingestão de álcool pelo condutor,Saída de leito carroçável,Com Vítimas Feridas,Plena Noite,Crescente,Garoa/Chuvisco,Múltipla,Reta,Não,2,0,2,0,0,0,2,1,-27.49067158,-48.65629546,SPRF-SC,DEL01-SC,UOP01-DEL01-SC,2025
"702560,0",2025-07-05,sábado,01:32:00,SC,280,"29,8",ARAQUARI,Ingestão de álcool pelo condutor,Colisão frontal,Com Vítimas Feridas,Plena Noite,Crescente,Nublado,Simples,Reta,Não,2,0,2,0,0,0,2,2,-26.41375,-48.760278,SPRF-SC,DEL03-SC,UOP03-DEL03-SC,2025
"702567,0",2025-07-05,sábado,01:10:00,SC,116,"99,7",MONTE CASTELO,Condutor Dormindo,Saída de leito carroçável,Com Vítimas Feridas,Plena Noite,Crescente,Garoa/Chuvisco,Simples,Reta,Não,1,0,1,0,0,0,1,1,-26.7119937,-50.294253,SPRF-SC,DEL06-SC,UOP02-DEL06-SC,2025
"702574,0",2025-07-05,sábado,03:20:00,SC,101,"229,2",PALHOCA,Velocidade Incompatível,Colisão com objeto,Sem Vítimas,Plena Noite,Decrescente,Céu Claro,Dupla,Curva,Não,1,0,0,0,0,1,0,1,-27.76932,-48.631946,SPRF-SC,DEL01-SC,UOP02-DEL01-SC,2025
"702575,0",2025-07-05,sábado,04:00:00,SC,101,"349,0",JAGUARUNA,Ausência de reação do condutor,Saída de leito carroçável,Com Vítimas Feridas,Plena Noite,Decrescente,Céu Claro,Dupla,Curva,Não,1,0,1,0,0,0,1,1,-28.59114295,-49.04463952,SPRF-SC,DEL02-SC,UOP01-DEL02-SC,2025
"702576,0",2025-07-05,sábado,03:20:00,SC,101,"281,6",IMBITUBA,Ingestão de álcool pelo condutor,Colisão lateral mesmo sentido,Sem Vítimas,Plena Noite,Crescente,Céu Claro,Múltipla,Reta,Sim,3,0,0,0,3,0,0,2,-28.20670094,-48.69887352,SPRF-SC,DEL02-SC,UOP03-DEL02-SC,2025
"702577,0",2025-07-05,sábado,03:45:00,SC,101,"165,0",TIJUCAS,Ausência de reação do condutor,Colisão traseira,Com Vítimas Feridas,Plena Noite,Decrescente,Nublado,Dupla,Reta,Não,2,0,1,0,0,1,1,2,-27.25200016,-48.63109636,SPRF-SC,DEL04-SC,UOP03-DEL04-SC,2025
"702583,0",2025-07-05,sábado,05:10:00,SC,101,"138,4",BALNEARIO CAMBORIU,Ingestão de álcool pelo condutor,Saída de leito carroçável,Com Vítimas Fatais,Plena Noite,Crescente,Nublado,Dupla,Curva,Sim,6,1,4,0,1,0,4,1,-27.02843708,-48.60485522,SPRF-SC,DEL04-SC,UOP03-DEL04-SC,2025
"702585,0",2025-07-05,sábado,04:10:00,SC,101,"87,0",BARRA VELHA,Condutor Dormindo,Saída de leito carroçável,Sem Vítimas,Plena Noite,Decrescente,Nublado,Dupla,Declive;Curva,Sim,1,0,0,0,1,0,0,1,-26.6462016,-48.68728336,SPRF-SC,DEL03-SC,UOP02-DEL03-SC,2025
"702590,0",2025-07-05,sábado,05:56:00,SC,101,"200,9",BIGUACU,Condutor Dormindo,Colisão com objeto,Sem Vítimas,Amanhecer,Decrescente,Céu Claro,Dupla,Reta,Sim,1,0,0,0,1,0,0,1,-27.520428,-48.637449,SPRF-SC,DEL01-SC,UOP01-DEL01-SC,2025
"702613,0",2025-07-05,sábado,08:00:00,SC,470,"46,6",BLUMENAU,Retorno proibido,Tombamento,Com Vítimas Feridas,Pleno dia,Decrescente,Nublado,Simples,Aclive;Curva;Em Obras,Não,3,0,0,1,2,0,1,2,-26.86384965,-49.04470531,SPRF-SC,DEL04-SC,UOP01-DEL04-SC,2025
"702631,0",2025-07-05,sábado,08:30:00,SC,470,"95,3",APIUNA,Velocidade Incompatível,Saída de leito carroçável,Com Vítimas Fatais,Pleno dia,Decrescente,Nublado,Simples,Reta,Não,1,1,0,0,0,0,0,1,-27.0176312,-49.3709391,SPRF-SC,DEL04-SC,UOP01-DEL04-SC,2025
"702701,0",2025-07-05,sábado,16:00:00,SC,280,"38,9",ARAQUARI,Velocidade Incompatível,Colisão com objeto,Com Vítimas Feridas,Pleno dia,Crescente,Céu Claro,Simples,Em Obras,Sim,1,0,1,0,0,0,1,1,-26.448557,-48.836657,SPRF-SC,DEL03-SC,UOP03-DEL03-SC,2025
"702707,0",2025-07-05,sábado,16:00:00,SC,470,"127,9",LONTRAS,Manobra de mudança de faixa,Colisão transversal,Com Vítimas Feridas,Pleno dia,Crescente,Céu Claro,Simples,Curva,Sim,3,0,2,0,1,0,2,2,-27.1455588,-49.54962,SPRF-SC,DEL04-SC,UOP02-DEL04-SC,2025
"702709,0",2025-07-05,sábado,16:10:00,SC,158,"103,5",CUNHA PORA,Ultrapassagem Indevida,Saída de leito carroçável,Com Vítimas Feridas,Pleno dia,Decrescente,Céu Claro,Simples,Aclive;Curva,Não,1,0,0,1,0,0,1,1,-26.84361083,-53.17123861,SPRF-SC,DEL07-SC,UOP02-DEL07-SC,2025
"702710,0",2025-07-05,sábado,17:00:00,SC,101,"192,6",BIGUACU,Condutor deixou de manter distância do veículo da frente,Colisão traseira,Com Vítimas Feridas,Pleno dia,Decrescente,Céu Claro,Múltipla,Reta,Não,2,0,1,0,1,0,1,2,-27.488158,-48.652682,SPRF-SC,DEL01-SC,UOP01-DEL01-SC,2025
"702727,0",2025-07-05,sábado,18:05:00,SC,101,"206,2",SAO JOSE,Reação tardia ou ineficiente do condutor,Colisão traseira,Com Vítimas Feridas,Plena Noite,Decrescente,Nublado,Múltipla,Reta,Sim,2,0,1,0,1,0,1,2,-27.59306323,-48.61842871,SPRF-SC,DEL01-SC,UOP01-DEL01-SC,2025
"702732,0",2025-07-05,sábado,18:20:00,SC,101,"16,3",PALHOCA,Conversão proibida,Colisão transversal,Com Vítimas Feridas,Plena Noite,Crescente,Ignorado,Simples,Reta,Sim,2,0,2,0,0,0,2,2,-27.66191963,-48.68461959,SPRF-SC,DEL03-SC,UOP01-DEL03-SC,2025
"702754,0",2025-07-05,sábado,15:20:00,SC,285,"50,9",TIMBE DO SUL,Demais falhas na via,Eventos atípicos,Com Vítimas Feridas,Pleno dia,Crescente,Céu Claro,Simples,Reta;Aclive;Em Obras,Não,4,0,2,0,2,0,2,1,-28.80538956,-49.93776143,SPRF-SC,DEL02-SC,UOP02-DEL02-SC,2025
"702762,0",2025-07-05,sábado,18:14:00,SC,116,"55,8",PAPANDUVA,Reação tardia ou ineficiente do condutor,Colisão traseira,Sem Vítimas,Plena Noite,Crescente,Nublado,Simples,Reta,Não,3,0,0,0,3,0,0,2,-26.388902,-50.183503,SPRF-SC,DEL06-SC,UOP02-DEL06-SC,2025
"702771,0",2025-07-05,sábado,20:30:00,SC,282,"376,5",HERVAL DOESTE,Ingestão de álcool pelo condutor,Colisão lateral sentido oposto,Com Vítimas Feridas,Plena Noite,Crescente,Céu Claro,Simples,Declive,Não,2,0,0,1,0,1,1,2,-27.221734,-51.459477,SPRF-SC,DEL07-SC,UOP05-DEL07-SC,2025
"702781,0",2025-07-05,sábado,19:10:00,SC,280,"57,2",GUARAMIRIM,Ingestão de álcool pelo condutor,Colisão traseira,Com Vítimas Feridas,Plena Noite,Decrescente,Nublado,Simples,Reta,Não,2,0,1,0,1,0,1,2,-26.477495,-49.013697,SPRF-SC,DEL03-SC,UOP03-DEL03-SC,2025
"702793,0",2025-07-05,sábado,20:30:00,SC,101,"395,1",CRICIUMA,Frear bruscamente,Capotamento,Sem Vítimas,Plena Noite,Decrescente,Céu Claro,Simples,Reta;Aclive,Não,2,0,0,0,0,2,0,1,-28.823613,-49.402593,SPRF-SC,DEL02-SC,UOP02-DEL02-SC,2025
"702808,0",2025-07-05,sábado,22:05:00,SC,470,"34,9",GASPAR,Ausência de reação do condutor,Tombamento,Com Vítimas Feridas,Plena Noite,Crescente,Ignorado,Simples,Em Obras;Reta,Não,1,0,0,1,0,0,1,1,-26.91270434,-48.96008849,SPRF-SC,DEL04-SC,UOP01-DEL04-SC,2025
"702816,0",2025-07-05,sábado,23:40:00,SC,101,"229,0",PALHOCA,Acessar a via sem observar a presença dos outros veículos,Colisão frontal,Com Vítimas Feridas,Plena Noite,Decrescente,Nublado,Simples,Reta;Viaduto,Sim,2,0,1,0,1,0,1,2,-27.768,-48.631,SPRF-SC,DEL01-SC,UOP02-DEL01-SC,2025
"702819,0",2025-07-05,sábado,23:00:00,SC,280,"31,0",ARAQUARI,Animais na Pista,Atropelamento de Animal,Com Vítimas Feridas,Plena Noite,Crescente,Nublado,Simples,Reta,Sim,1,0,1,0,0,0,1,1,-26.417152,-48.774903,SPRF-SC,DEL03-SC,UOP03-DEL03-SC,2025
"702823,0",2025-07-05,sábado,23:40:00,SC,470,"315,0",CAMPOS NOVOS,Transitar na contramão,Colisão transversal,Sem Vítimas,Plena Noite,Decrescente,Céu Claro,Simples,Reta,Não,1,0,0,0,0,1,0,1,-27.3825788,-51.2392238,SPRF-SC,DEL07-SC,UOP06-DEL07-SC,2025
"702831,0",2025-07-06,domingo,01:00:00,SC,101,"72,8",ARAQUARI,Condutor Dormindo,Saída de leito carroçável,Com Vítimas Feridas,Plena Noite,Decrescente,Céu Claro,Dupla,Reta,Não,1,0,0,1,0,0,1,1,-26.61033843,-48.63412714,SPRF-SC,DEL03-SC,UOP02-DEL03-SC,2025
"702840,0",2025-07-06,domingo,02:50:00,SC,282,"215,0",LAGES,Reação tardia ou ineficiente do condutor,Saída de leito carroçável,Sem Vítimas,Plena Noite,Crescente,Céu Claro,Simples,Rotatória,Sim,1,0,0,0,0,1,0,1,-27.79433762,-50.28478361,SPRF-SC,DEL05-SC,UOP01-DEL05-SC,2025
"702841,0",2025-07-06,domingo,02:20:00,SC,101,"137,1",BALNEARIO CAMBORIU,Reação tardia ou ineficiente do condutor,Saída de leito carroçável,Sem Vítimas,Plena Noite,Crescente,Nevoeiro/Neblina,Múltipla,Reta,Sim,1,0,0,0,1,0,0,1,-27.01704974,-48.61144423,SPRF-SC,DEL04-SC,UOP03-DEL04-SC,2025
"702846,0",2025-07-06,domingo,04:00:00,SC,101,"205,1",SAO JOSE,Reação tardia ou ineficiente do condutor,Colisão com objeto,Com Vítimas Feridas,Plena Noite,Decrescente,Céu Claro,Múltipla,Reta,Sim,1,0,0,1,0,0,1,1,-27.58401,-48.61556,SPRF-SC,DEL01-SC,UOP01-DEL01-SC,2025
"702856,0",2025-07-06,domingo,03:55:00,SC,101,"437,5",SOMBRIO,Ingestão de álcool pelo condutor,Colisão com objeto,Com Vítimas Feridas,Plena Noite,Crescente,Céu Claro,Múltipla,Reta,Não,1,0,1,0,0,0,1,1,-29.12355129,-49.6495235,SPRF-SC,DEL02-SC,UOP02-DEL02-SC,2025
"702871,0",2025-07-06,domingo,06:00:00,SC,101,"125,9",ITAJAI,Ingestão de álcool pelo condutor,Colisão lateral mesmo sentido,Sem Vítimas,Amanhecer,Crescente,Nublado,Dupla,Reta,Não,2,0,0,0,2,0,0,2,-26.95531,-48.67978,SPRF-SC,DEL04-SC,UOP04-DEL04-SC,2025
"702895,0",2025-07-06,domingo,09:20:00,SC,282,"50,7",AGUAS MORNAS,Reação tardia ou ineficiente do condutor,Tombamento,Com Vítimas Fatais,Pleno dia,Decrescente,Céu Claro,Simples,Declive;Curva,Não,2,1,0,0,0,1,0,2,-27.703975,-48.957972,SPRF-SC,DEL01-SC,UOP03-DEL01-SC,2025
"702903,0",2025-07-06,domingo,10:30:00,SC,470,"54,4",BLUMENAU,Ausência de reação do condutor,Colisão transversal,Com Vítimas Feridas,Pleno dia,Decrescente,Nublado,Simples,Interseção de Vias,Não,2,0,1,0,1,0,1,2,-26.87350639,-49.11393849,SPRF-SC,DEL04-SC,UOP01-DEL04-SC,2025
"702912,0",2025-07-06,domingo,12:05:00,SC,280,"130,6",RIO NEGRINHO,Acesso irregular,Colisão transversal,Com Vítimas Feridas,Pleno dia,Crescente,Céu Claro,Simples,Reta;Aclive,Sim,4,0,1,3,0,0,4,2,-26.25412,-49.5354,SPRF-SC,DEL06-SC,UOP03-DEL06-SC,2025
"702925,0",2025-07-06,domingo,14:00:00,SC,470,"36,2",SALETE,Ultrapassagem Indevida,Colisão lateral mesmo sentido,Com Vítimas Feridas,Pleno dia,Crescente,Céu Claro,Dupla,Reta,Não,5,0,1,0,4,0,1,2,-26.91319,-49.97154,SPRF-SC,DEL04-SC,UOP01-DEL04-SC,2025
"702931,0",2025-07-06,domingo,15:00:00,SC,101,"221,5",PALHOCA,Reação tardia ou ineficiente do condutor,Colisão traseira,Com Vítimas Feridas,Pleno dia,Decrescente,Sol,Dupla,Reta,Sim,2,0,1,0,1,0,1,2,-27.70513998,-48.65809321,SPRF-SC,DEL01-SC,UOP02-DEL01-SC,2025
"702936,0",2025-07-06,domingo,15:35:00,SC,101,"349,5",JAGUARUNA,Avarias e/ou desgaste excessivo no pneu,Tombamento,Com Vítimas Feridas,Pleno dia,Crescente,Céu Claro,Dupla,Curva;Aclive,Não,2,0,2,0,0,0,2,1,-28.60457061,-49.05674122,SPRF-SC,DEL02-SC,UOP01-DEL02-SC,2025