id,data_inversa,dia_semana,horario,uf,br,km,municipio,causa_acidente,tipo_acidente,classificacao_acidente,fase_dia,sentido_via,condicao_metereologica,tipo_pista,tracado_via,uso_solo,pessoas,mortos,feridos_leves,feridos_graves,ilesos,ignorados,feridos,veiculos,latitude,longitude,regional,delegacia,uop,ano_arquivo
"707596,0",2025-07-27,domingo,15:02:00,SC,470,"63,1",INDAIAL,Ultrapassagem Indevida,Colisão lateral mesmo sentido,Com Vítimas Feridas,Pleno dia,Crescente,Céu Claro,Simples,Reta,Não,3,0,0,1,2,0,1,3,-26.87435814,-49.1838154,SPRF-SC,DEL04-SC,UOP01-DEL04-SC,2025
"707624,0",2025-07-27,domingo,15:10:00,SC,101,"13,3",GARUVA,Reação tardia ou ineficiente do condutor,Colisão traseira,Com Vítimas Feridas,Pleno dia,Crescente,Nublado,Dupla,Retorno Regulamentado;Reta,Não,6,0,2,0,4,0,2,2,-26.09221773,-48.86477351,SPRF-SC,DEL03-SC,UOP01-DEL03-SC,2025
"707642,0",2025-07-27,domingo,15:45:00,SC,101,"6,2",BIGUACU,Demais falhas mecânicas ou elétricas,Queda de ocupante de veículo,Com Vítimas Feridas,Pleno dia,Decrescente,Céu Claro,Dupla,Reta,Não,1,0,1,0,0,0,1,1,-27.381147,-48.68464,SPRF-SC,DEL01-SC,UOP01-DEL01-SC,2025
"707662,0",2025-07-27,domingo,19:05:00,SC,470,"116,0",IBIRAMA,Ingestão de álcool pelo condutor,Colisão lateral sentido oposto,Sem Vítimas,Plena Noite,Decrescente,Chuva,Simples,Reta,Sim,3,0,0,0,3,0,0,2,-27.0777005,-49.4927355,SPRF-SC,DEL04-SC,UOP02-DEL04-SC,2025
"707663,0",2025-07-27,domingo,17:42:00,SC,470,"49,4",BLUMENAU,Manobra de mudança de faixa,Colisão lateral mesmo sentido,Sem Vítimas,Anoitecer,Decrescente,Nublado,Dupla,Reta;Interseção de Vias,Não,6,0,0,0,3,3,0,3,-26.86146564,-49.07052781,SPRF-SC,DEL04-SC,UOP01-DEL04-SC,2025
"707668,0",2025-07-27,domingo,19:50:00,SC,101,"331,6",TUBARAO,Ingestão de álcool pelo condutor,Colisão transversal,Sem Vítimas,Plena Noite,Crescente,Chuva,Simples,Interseção de Vias,Sim,2,0,0,0,2,0,0,2,-28.46570059,-48.99599489,SPRF-SC,DEL02-SC,UOP01-DEL02-SC,2025
"707677,0",2025-07-27,domingo,18:20:00,SC,280,"24,0",ARAQUARI,Conversão proibida,Colisão transversal,Com Vítimas Feridas,Plena Noite,Decrescente,Nublado,Simples,Reta,Não,2,0,1,0,1,0,1,2,-26.37819,-48.720535,SPRF-SC,DEL03-SC,UOP03-DEL03-SC,2025
"707691,0",2025-07-27,domingo,21:30:00,SC,101,"151,8",ITAPEMA,Reação tardia ou ineficiente do condutor,Colisão traseira,Com Vítimas Feridas,Plena Noite,Crescente,Chuva,Simples,Túnel;Curva,Sim,2,0,1,0,1,0,1,2,-27.13293811,-48.6098671,SPRF-SC,DEL04-SC,UOP03-DEL04-SC,2025
"707725,0",2025-07-27,domingo,23:40:00,SC,101,"206,8",SAO JOSE,Ingestão de álcool pelo condutor,Colisão com objeto,Com Vítimas Feridas,Plena Noite,Decrescente,Garoa/Chuvisco,Múltipla,Curva,Sim,1,0,0,1,0,0,1,1,-27.60143904,-48.6247557,SPRF-SC,DEL01-SC,UOP01-DEL01-SC,2025
"707730,0",2025-07-28,segunda-feira,02:15:00,SC,282,"220,0",LAGES,Ausência de reação do condutor,Colisão com objeto,Sem Vítimas,Plena Noite,Decrescente,Nublado,Simples,Rotatória,Sim,1,0,0,0,0,1,0,1,-27.79479264,-50.32711698,SPRF-SC,DEL05-SC,UOP01-DEL05-SC,2025
"707774,0",2025-07-28,segunda-feira,07:12:00,SC,101,"380,4",ICARA,Desrespeitar a preferência no cruzamento,Colisão transversal,Com Vítimas Feridas,Pleno dia,Crescente,Céu Claro,Múltipla,Interseção de Vias,Sim,2,0,1,0,1,0,1,2,-28.76081431,-49.28773429,SPRF-SC,DEL02-SC,UOP02-DEL02-SC,2025
"707805,0",2025-07-28,segunda-feira,11:12:00,SC,280,"74,7",JARAGUA DO SUL,Reação tardia ou ineficiente do condutor,Colisão traseira,Com Vítimas Feridas,Pleno dia,Crescente,Céu Claro,Simples,Reta,Não,2,0,1,0,1,0,1,2,-26.459205,-49.154488,SPRF-SC,DEL03-SC,UOP03-DEL03-SC,2025
"707810,0",2025-07-28,segunda-feira,11:30:00,SC,101,"151,0",ITAPEMA,Condutor deixou de manter distância do veículo da frente,Colisão traseira,Com Vítimas Feridas,Pleno dia,Crescente,Céu Claro,Dupla,Reta,Sim,3,0,1,0,1,1,1,2,-27.13175056,-48.60968336,SPRF-SC,DEL04-SC,UOP03-DEL04-SC,2025
"707820,0",2025-07-12,sábado,13:30:00,SC,280,"80,6",CORUPA,Ausência de reação do condutor,Saída de leito carroçável,Com Vítimas Feridas,Pleno dia,Crescente,Céu Claro,Simples,Interseção de Vias;Reta,Não,1,0,1,0,0,0,1,1,-26.44052234,-49.22268597,SPRF-SC,DEL06-SC,UOP03-DEL06-SC,2025
"707824,0",2025-07-28,segunda-feira,12:30:00,SC,280,"42,8",GUARAMIRIM,Demais falhas mecânicas ou elétricas,Incêndio,Sem Vítimas,Pleno dia,Decrescente,Céu Claro,Dupla,Em Obras;Aclive;Rotatória,Não,1,0,0,0,1,0,0,1,-26.451434,-48.875733,SPRF-SC,DEL03-SC,UOP03-DEL03-SC,2025
"707832,0",2025-07-28,segunda-feira,13:45:00,SC,101,"133,7",BALNEARIO CAMBORIU,Acessar a via sem observar a presença dos outros veículos,Colisão transversal,Com Vítimas Feridas,Pleno dia,Decrescente,Céu Claro,Simples,Interseção de Vias,Sim,2,0,1,0,1,0,1,2,-27.00204647,-48.63835028,SPRF-SC,DEL04-SC,UOP03-DEL04-SC,2025
"707833,0",2025-07-28,segunda-feira,13:40:00,SC,101,"202,8",SAO JOSE,Trafegar com motocicleta (ou similar) entre as faixas,Colisão traseira,Com Vítimas Feridas,Pleno dia,Crescente,Céu Claro,Dupla,Reta,Sim,2,0,1,0,1,0,1,2,-27.5636601,-48.615325,SPRF-SC,DEL01-SC,UOP01-DEL01-SC,2025
"707835,0",2025-07-28,segunda-feira,12:30:00,SC,280,"274,4",IRINEOPOLIS,Ultrapassagem Indevida,Colisão lateral mesmo sentido,Com Vítimas Feridas,Pleno dia,Crescente,Nublado,Simples,Reta;Aclive,Não,7,0,1,2,3,1,3,4,-26.28522135,-50.77842089,SPRF-SC,DEL06-SC,UOP04-DEL06-SC,2025
"707848,0",2025-07-28,segunda-feira,15:00:00,SC,101,"31,0",JOINVILLE,Ausência de reação do condutor,Saída de leito carroçável,Sem Vítimas,Pleno dia,Decrescente,Céu Claro,Dupla,Reta;Aclive,Não,5,0,0,0,5,0,0,1,-26.23479194,-48.91597923,SPRF-SC,DEL03-SC,UOP01-DEL03-SC,2025
"707851,0",2025-07-28,segunda-feira,15:20:00,SC,101,"213,5",PALHOCA,Desrespeitar a preferência no cruzamento,Colisão transversal,Com Vítimas Feridas,Pleno dia,Decrescente,Céu Claro,Dupla,Interseção de Vias,Sim,2,0,0,1,1,0,1,2,-27.64363518,-48.66964214,SPRF-SC,DEL01-SC,UOP02-DEL01-SC,2025
"707860,0",2025-07-28,segunda-feira,14:20:00,SC,101,"199,0",BIGUACU,Avarias e/ou desgaste excessivo no pneu,Tombamento,Com Vítimas Feridas,Pleno dia,Crescente,Céu Claro,Múltipla,Reta,Sim,1,0,1,0,0,0,1,1,-27.530254,-48.632997,SPRF-SC,DEL01-SC,UOP01-DEL01-SC,2025
"707862,0",2025-07-28,segunda-feira,10:50:00,SC,282,"186,0",BOCAINA DO SUL,Ausência de reação do condutor,Engavetamento,Sem Vítimas,Pleno dia,Crescente,Garoa/Chuvisco,Simples,Reta;Declive,Não,6,0,0,0,6,0,0,6,-27.738278,-50.008743,SPRF-SC,DEL05-SC,UOP01-DEL05-SC,2025
"707905,0",2025-07-28,segunda-feira,18:35:00,SC,280,"126,8",RIO NEGRINHO,Área urbana sem a presença de local apropriado para a travessia de pedestres,Atropelamento de Pedestre,Com Vítimas Feridas,Plena Noite,Crescente,Céu Claro,Simples,Reta;Aclive,Não,2,0,0,1,1,0,1,2,-26.23991161,-49.5065802,SPRF-SC,DEL06-SC,UOP03-DEL06-SC,2025
"707909,0",2025-07-28,segunda-feira,18:35:00,SC,101,"412,4",ARARANGUA,Ausência de reação do condutor,Colisão traseira,Com Vítimas Feridas,Plena Noite,Crescente,Céu Claro,Dupla,Reta,Não,4,0,1,0,3,0,1,2,-28.945448,-49.52927,SPRF-SC,DEL02-SC,UOP02-DEL02-SC,2025
"707919,0",2025-07-28,segunda-feira,15:10:00,SC,280,"80,0",CORUPA,Reação tardia ou ineficiente do condutor,Tombamento,Com Vítimas Feridas,Pleno dia,Decrescente,Céu Claro,Simples,Reta;Ponte,Sim,2,0,1,0,1,0,1,2,-26.4403848,-49.2246563,SPRF-SC,DEL06-SC,UOP03-DEL06-SC,2025
"707925,0",2025-07-28,segunda-feira,17:57:00,SC,101,"282,0",IMBITUBA,Acessar a via sem observar a presença dos outros veículos,Colisão transversal,Com Vítimas Feridas,Anoitecer,Decrescente,Céu Claro,Simples,Rotatória,Sim,2,0,0,1,1,0,1,2,-28.0771078,-48.7125387,SPRF-SC,DEL02-SC,UOP03-DEL02-SC,2025
"707931,0",2025-07-28,segunda-feira,20:30:00,SC,282,"0,8",FLORIANOPOLIS,Condutor deixou de manter distância do veículo da frente,Colisão traseira,Com Vítimas Feridas,Plena Noite,Decrescente,Céu Claro,Dupla,Reta,Sim,4,0,2,0,2,0,2,3,-27.601374,-48.577986,SPRF-SC,DEL01-SC,UOP01-DEL01-SC,2025
"707932,0",2025-07-28,segunda-feira,21:00:00,SC,470,"57,5",BLUMENAU,Acessar a via sem observar a presença dos outros veículos,Colisão transversal,Com Vítimas Feridas,Plena Noite,Crescente,Céu Claro,Simples,Rotatória,Sim,3,0,1,0,2,0,1,2,-26.88265009,-49.14211392,SPRF-SC,DEL04-SC,UOP01-DEL04-SC,2025
"707937,0",2025-07-28,segunda-feira,16:30:00,SC,280,"29,5",ARAQUARI,Trafegar com motocicleta (ou similar) entre as faixas,Colisão transversal,Com Vítimas Feridas,Pleno dia,Decrescente,Céu Claro,Simples,Reta,Sim,2,0,1,0,1,0,1,2,-26.413248,-48.757855,SPRF-SC,DEL03-SC,UOP03-DEL03-SC,2025
"707953,0",2025-07-28,segunda-feira,23:40:00,SC,101,"186,0",BIGUACU,Reação tardia ou ineficiente do condutor,Colisão com objeto,Com Vítimas Feridas,Plena Noite,Decrescente,Céu Claro,Múltipla,Reta,Não,2,0,2,0,0,0,2,1,-27.434007,-48.625423,SPRF-SC,DEL01-SC,UOP01-DEL01-SC,2025
"707959,0",2025-07-29,terça-feira,03:45:00,SC,101,"153,8",PORTO BELO,Reação tardia ou ineficiente do condutor,Colisão com objeto,Com Vítimas Feridas,Plena Noite,Decrescente,Céu Claro,Dupla,Reta,Não,2,0,1,0,1,0,1,1,-27.1540375,-48.61074686,SPRF-SC,DEL04-SC,UOP03-DEL04-SC,2025
"708019,0",2025-07-29,terça-feira,12:20:00,SC,101,"128,0",ITAJAI,Ausência de reação do condutor,Colisão lateral mesmo sentido,Com Vítimas Feridas,Pleno dia,Crescente,Céu Claro,Dupla,Reta,Sim,5,0,2,0,3,0,2,4,-26.97628399,-48.68252504,SPRF-SC,DEL04-SC,UOP04-DEL04-SC,2025
"708045,0",2025-07-29,terça-feira,12:50:00,SC,282,"595,9",SAUDADES,Condutor deixou de manter distância do veículo da frente,Colisão traseira,Com Vítimas Feridas,Pleno dia,Decrescente,Céu Claro,Simples,Curva,Não,2,0,1,0,1,0,1,2,-26.8294173,-53.12819159,SPRF-SC,DEL07-SC,UOP02-DEL07-SC,2025
"708048,0",2025-07-29,terça-feira,14:00:00,SC,470,"205,4",PONTE ALTA,Reação tardia ou ineficiente do condutor,Saída de leito carroçável,Com Vítimas Feridas,Pleno dia,Decrescente,Sol,Simples,Reta,Não,2,0,1,0,1,0,1,1,-27.29321072,-50.17708652,SPRF-SC,DEL05-SC,UOP03-DEL05-SC,2025
"708056,0",2025-07-27,domingo,01:30:00,SC,101,"404,0",ARARANGUA,Ingestão de álcool pelo condutor,Engavetamento,Com Vítimas Feridas,Plena Noite,Crescente,Nublado,Múltipla,Reta,Não,5,0,4,0,1,0,4,3,-28.89289158,-49.4693327,SPRF-SC,DEL02-SC,UOP02-DEL02-SC,2025
"708100,0",2025-07-29,terça-feira,17:00:00,SC,470,"66,0",INDAIAL,Transitar na contramão,Colisão frontal,Com Vítimas Feridas,Pleno dia,Crescente,Céu Claro,Simples,Reta,Sim,2,0,0,1,1,0,1,2,-26.87049039,-49.22305997,SPRF-SC,DEL04-SC,UOP01-DEL04-SC,2025
"708137,0",2025-07-30,quarta-feira,06:10:00,SC,101,"213,9",PALHOCA,Condutor deixou de manter distância do veículo da frente,Colisão lateral mesmo sentido,Com Vítimas Feridas,Plena Noite,Decrescente,Céu Claro,Múltipla,Reta,Sim,2,0,1,0,1,0,1,2,-27.64362,-48.66986,SPRF-SC,DEL01-SC,UOP02-DEL01-SC,2025
"708139,0",2025-07-30,quarta-feira,06:00:00,SC,101,"209,5",SAO JOSE,Pedestre andava na pista,Atropelamento de Pedestre,Com Vítimas Feridas,Amanhecer,Crescente,Céu Claro,Múltipla,Reta,Sim,2,0,1,0,1,0,1,2,-27.61317625,-48.64190189,SPRF-SC,DEL01-SC,UOP01-DEL01-SC,2025
"708143,0",2025-07-30,quarta-feira,06:20:00,SC,101,"209,5",SAO JOSE,Estacionar ou parar em local proibido,Colisão traseira,Com Vítimas Feridas,Amanhecer,Decrescente,Céu Claro,Múltipla,Reta,Sim,2,0,0,1,1,0,1,2,-27.61311401,-48.64177164,SPRF-SC,DEL01-SC,UOP01-DEL01-SC,2025
"708145,0",2025-07-30,quarta-feira,06:05:00,SC,470,"141,4",RIO DO SUL,Ausência de reação do condutor,Colisão transversal,Com Vítimas Feridas,Plena Noite,Decrescente,Céu Claro,Simples,Aclive;Reta,Sim,2,0,1,0,1,0,1,2,-27.20837587,-49.6504554,SPRF-SC,DEL04-SC,UOP02-DEL04-SC,2025
"708155,0",2025-07-30,quarta-feira,07:45:00,SC,101,"215,0",PALHOCA,Manobra de mudança de faixa,Colisão lateral mesmo sentido,Com Vítimas Feridas,Pleno dia,Crescente,Céu Claro,Múltipla,Reta,Não,2,0,1,0,0,1,1,2,-27.6560659,-48.67809646,SPRF-SC,DEL01-SC,UOP02-DEL01-SC,2025
"708191,0",2025-07-30,quarta-feira,11:10:00,SC,101,"215,7",PALHOCA,Reação tardia ou ineficiente do condutor,Colisão traseira,Com Vítimas Feridas,Pleno dia,Decrescente,Sol,Múltipla,Reta;Interseção de Vias,Sim,2,0,1,0,1,0,1,2,-27.65791556,-48.67803661,SPRF-SC,DEL01-SC,UOP02-DEL01-SC,2025
"708201,0",2025-07-25,sexta-feira,18:25:00,SC,158,"142,0",PALMITOS,Velocidade Incompatível,Saída de leito carroçável,Com Vítimas Feridas,Anoitecer,Crescente,Garoa/Chuvisco,Simples,Curva,Não,1,0,1,0,0,0,1,1,-27.15801736,-53.2179565,SPRF-SC,DEL07-SC,UOP02-DEL07-SC,2025
"708202,0",2025-07-30,quarta-feira,12:20:00,SC,282,"17,9",PALHOCA,Mal súbito do condutor,Saída de leito carroçável,Com Vítimas Feridas,Pleno dia,Crescente,Céu Claro,Simples,Reta,Sim,1,0,1,0,0,0,1,1,-27.67277,-48.694258,SPRF-SC,DEL01-SC,UOP02-DEL01-SC,2025
"708212,0",2025-07-30,quarta-feira,14:20:00,SC,101,"154,8",ITAPEMA,Trafegar com motocicleta (ou similar) entre as faixas,Colisão lateral mesmo sentido,Com Vítimas Feridas,Pleno dia,Crescente,Sol,Dupla,Reta,Não,2,0,1,0,1,0,1,2,-27.16057371,-48.61118523,SPRF-SC,DEL04-SC,UOP03-DEL04-SC,2025
"708217,0",2025-07-25,sexta-feira,16:00:00,SC,101,"138,0",BALNEARIO CAMBORIU,Acessar a via sem observar a presença dos outros veículos,Colisão lateral mesmo sentido,Com Vítimas Feridas,Pleno dia,Crescente,Chuva,Dupla,Reta;Interseção de Vias,Sim,2,0,1,0,1,0,1,2,-27.02440439,-48.60758722,SPRF-SC,DEL04-SC,UOP03-DEL04-SC,2025
"708247,0",2025-07-30,quarta-feira,17:09:00,SC,282,"657,9",SAO MIGUEL DO OESTE,Transitar na contramão,Colisão frontal,Com Vítimas Feridas,Anoitecer,Crescente,Céu Claro,Simples,Reta,Não,2,0,0,2,0,0,2,2,-26.680937,-53.55498,SPRF-SC,DEL07-SC,UOP03-DEL07-SC,2025
"708302,0",2025-07-30,quarta-feira,19:50:00,SC,101,"112,6",ITAJAI,Velocidade Incompatível,Colisão com objeto,Com Vítimas Feridas,Plena Noite,Decrescente,Céu Claro,Múltipla,Reta,Sim,1,0,0,1,0,0,1,1,-26.84670668,-48.72200338,SPRF-SC,DEL04-SC,UOP04-DEL04-SC,2025
"708308,0",2025-07-30,quarta-feira,19:50:00,SC,480,"130,9",CHAPECO,Transitar na contramão,Colisão frontal,Com Vítimas Feridas,Pleno dia,Decrescente,Céu Claro,Simples,Declive;Reta,Sim,2,0,1,0,1,0,1,2,-27.05437043,-52.63674993,SPRF-SC,DEL07-SC,UOP01-DEL07-SC,2025
"708350,0",2025-07-31,quinta-feira,05:30:00,SC,101,"208,2",SAO JOSE,Reação tardia ou ineficiente do condutor,Colisão traseira,Com Vítimas Feridas,Pleno dia,Decrescente,Céu Claro,Múltipla,Reta,Sim,2,0,1,0,1,0,1,2,-27.60424,-48.63291,SPRF-SC,DEL01-SC,UOP01-DEL01-SC,2025
"708359,0",2025-07-31,quinta-feira,07:50:00,SC,470,"52,4",BLUMENAU,Conversão proibida,Colisão transversal,Com Vítimas Feridas,Pleno dia,Decrescente,Céu Claro,Simples,Reta,Não,3,0,1,0,2,0,1,2,-26.8650034,-49.09903765,SPRF-SC,DEL04-SC,UOP01-DEL04-SC,2025
"708383,0",2025-07-31,quinta-feira,10:00:00,SC,101,"213,0",PALHOCA,Reação tardia ou ineficiente do condutor,Colisão traseira,Com Vítimas Feridas,Pleno dia,Crescente,Céu Claro,Múltipla,Reta;Aclive,Não,2,0,1,0,1,0,1,2,-27.63897508,-48.66662049,SPRF-SC,DEL01-SC,UOP02-DEL01-SC,2025
"708407,0",2025-07-14,segunda-feira,18:15:00,SC,101,"276,7",IMBITUBA,Condutor deixou de manter distância do veículo da frente,Tombamento,Com Vítimas Feridas,Plena Noite,Crescente,Nublado,Dupla,Reta,Não,2,0,1,0,0,1,1,2,-28.1645381,-48.69408695,SPRF-SC,DEL02-SC,UOP03-DEL02-SC,2025
"708420,0",2025-07-11,sexta-feira,15:00:00,SC,282,"4,0",SAO JOSE,Ausência de reação do condutor,Queda de ocupante de veículo,Com Vítimas Feridas,Pleno dia,Decrescente,Céu Claro,Múltipla,Reta,Sim,2,0,0,1,1,0,1,2,-27.59172163,-48.60605903,SPRF-SC,DEL01-SC,UOP01-DEL01-SC,2025
"708427,0",2025-07-31,quinta-feira,14:00:00,SC,101,"141,2",BALNEARIO CAMBORIU,Reação tardia ou ineficiente do condutor,Tombamento,Com Vítimas Feridas,Pleno dia,Crescente,Céu Claro,Simples,Declive;Curva,Não,1,0,1,0,0,0,1,1,-27.05423381,-48.60042572,SPRF-SC,DEL04-SC,UOP03-DEL04-SC,2025
"708430,0",2025-07-31,quinta-feira,14:15:00,SC,101,"203,8",SAO JOSE,Reação tardia ou ineficiente do condutor,Colisão traseira,Com Vítimas Feridas,Pleno dia,Crescente,Céu Claro,Dupla,Reta,Sim,2,0,1,0,1,0,1,2,-27.56794,-48.61408,SPRF-SC,DEL01-SC,UOP01-DEL01-SC,2025
"708448,0",2025-07-31,quinta-feira,16:00:00,SC,101,"87,0",BARRA VELHA,Condutor deixou de manter distância do veículo da frente,Colisão lateral mesmo sentido,Com Vítimas Feridas,Pleno dia,Decrescente,Sol,Múltipla,Reta;Interseção de Vias;Túnel,Sim,2,0,1,0,1,0,1,2,-26.645146,-48.68796,SPRF-SC,DEL03-SC,UOP02-DEL03-SC,2025
"708463,0",2025-07-31,quinta-feira,17:00:00,SC,101,"126,8",ITAJAI,Trafegar com motocicleta (ou similar) entre as faixas,Colisão traseira,Com Vítimas Feridas,Anoitecer,Decrescente,Nublado,Dupla,Reta,Não,2,0,0,1,1,0,1,2,-26.96648245,-48.68364125,SPRF-SC,DEL04-SC,UOP04-DEL04-SC,2025
"708475,0",2025-07-30,quarta-feira,18:00:00,SC,101,"204,0",SAO JOSE,Ausência de reação do condutor,Queda de ocupante de veículo,Com Vítimas Feridas,Plena Noite,Crescente,Céu Claro,Múltipla,Reta;Rotatória,Sim,2,0,1,0,1,0,1,2,-27.56832642,-48.61403751,SPRF-SC,DEL01-SC,UOP01-DEL01-SC,2025
"708481,0",2025-07-31,quinta-feira,18:55:00,SC,101,"219,5",PALHOCA,Manobra de mudança de faixa,Colisão lateral mesmo sentido,Com Vítimas Feridas,Plena Noite,Crescente,Céu Claro,Dupla,Reta,Não,2,0,0,1,1,0,1,2,-27.68943099,-48.6638705,SPRF-SC,DEL01-SC,UOP02-DEL01-SC,2025
"708484,0",2025-07-31,quinta-feira,17:15:00,SC,101,"204,4",SAO JOSE,Manobra de mudança de faixa,Queda de ocupante de veículo,Com Vítimas Feridas,Pleno dia,Crescente,Nublado,Dupla,Reta,Não,1,0,1,0,0,0,1,1,-27.578182,-48.613785,SPRF-SC,DEL01-SC,UOP01-DEL01-SC,2025
"708489,0",2025-07-31,quinta-feira,12:30:00,SC,282,"408,0",CATANDUVAS,Reação tardia ou ineficiente do condutor,Saída de leito carroçável,Com Vítimas Feridas,Pleno dia,Crescente,Céu Claro,Simples,Declive;Reta,Não,1,0,1,0,0,0,1,1,-27.08196989,-51.66368058,SPRF-SC,DEL07-SC,UOP05-DEL07-SC,2025
"708494,0",2025-07-31,quinta-feira,19:48:00,SC,101,"202,0",SAO JOSE,Manobra de mudança de faixa,Queda de ocupante de veículo,Com Vítimas Feridas,Plena Noite,Decrescente,Céu Claro,Dupla,Reta,Sim,1,0,0,1,0,0,1,1,-27.557922,-48.618523,SPRF-SC,DEL01-SC,UOP01-DEL01-SC,2025
"708501,0",2025-07-31,quinta-feira,18:11:00,SC,101,"310,7",LAGUNA,Ausência de reação do condutor,Colisão traseira,Com Vítimas Feridas,Plena Noite,Crescente,Céu Claro,Dupla,Reta,Não,2,0,1,0,1,0,1,2,-28.436783,-48.80912,SPRF-SC,DEL02-SC,UOP01-DEL02-SC,2025
"708519,0",2025-07-31,quinta-feira,21:45:00,SC,470,"120,4",IBIRAMA,Transitar na contramão,Colisão frontal,Com Vítimas Feridas,Plena Noite,Crescente,Céu Claro,Simples,Curva;Aclive,Não,4,0,0,1,3,0,1,2,-27.09584342,-49.52644095,SPRF-SC,DEL04-SC,UOP02-DEL04-SC,2025
"708555,0",2025-08-01,sexta-feira,05:45:00,SC,101,"80,5",BARRA VELHA,Velocidade Incompatível,Colisão com objeto,Com Vítimas Feridas,Amanhecer,Decrescente,Nublado,Dupla,Curva,Sim,1,0,1,0,0,0,1,1,-26.60199738,-48.72540665,SPRF-SC,DEL03-SC,UOP02-DEL03-SC,2025
"708557,0",2025-08-01,sexta-feira,06:30:00,SC,101,"210,0",SAO JOSE,Trafegar com motocicleta (ou similar) entre as faixas,Colisão lateral mesmo sentido,Com Vítimas Feridas,Amanhecer,Decrescente,Céu Claro,Múltipla,Reta,Não,3,0,1,0,2,0,1,3,-27.61814061,-48.64686934,SPRF-SC,DEL01-SC,UOP01-DEL01-SC,2025
"708561,0",2025-07-31,quinta-feira,22:30:00,SC,280,"23,5",ARAQUARI,Conversão proibida,Colisão frontal,Com Vítimas Feridas,Plena Noite,Crescente,Nublado,Simples,Reta,Sim,2,0,0,1,1,0,1,2,-26.3749,-48.716741,SPRF-SC,DEL03-SC,UOP03-DEL03-SC,2025
"708563,0",2025-08-01,sexta-feira,06:30:00,SC,282,"16,4",PALHOCA,Acessar a via sem observar a presença dos outros veículos,Colisão transversal,Com Vítimas Feridas,Amanhecer,Crescente,Céu Claro,Simples,Reta,Não,3,0,2,0,1,0,2,2,-27.68292004,-48.67595673,SPRF-SC,DEL01-SC,UOP02-DEL01-SC,2025
"708568,0",2025-08-01,sexta-feira,06:20:00,SC,470,"137,0",RIO DO SUL,Ausência de reação do condutor,Colisão transversal,Com Vítimas Feridas,Amanhecer,Decrescente,Nublado,Simples,Reta;Interseção de Vias,Não,5,0,3,1,1,0,4,2,-27.1722405,-49.5810941,SPRF-SC,DEL04-SC,UOP02-DEL04-SC,2025
"708573,0",2025-08-01,sexta-feira,07:20:00,SC,282,"1,7",FLORIANOPOLIS,Trafegar com motocicleta (ou similar) entre as faixas,Colisão lateral mesmo sentido,Com Vítimas Feridas,Pleno dia,Decrescente,Céu Claro,Dupla,Reta,Sim,2,0,1,0,1,0,1,2,-27.603556,-48.586184,SPRF-SC,DEL01-SC,UOP01-DEL01-SC,2025
"708579,0",2025-08-01,sexta-feira,06:30:00,SC,101,"441,7",SANTA ROSA DO SUL,Manobra de mudança de faixa,Colisão traseira,Com Vítimas Feridas,Pleno dia,Decrescente,Céu Claro,Múltipla,Aclive,Não,2,0,1,0,1,0,1,2,-29.13147015,-49.69315469,SPRF-SC,DEL02-SC,UOP02-DEL02-SC,2025
"708583,0",2025-08-01,sexta-feira,06:00:00,SC,470,"58,0",BLUMENAU,Ingestão de álcool pelo condutor,Saída de leito carroçável,Sem Vítimas,Amanhecer,Decrescente,Céu Claro,Múltipla,Reta;Viaduto,Sim,1,0,0,0,1,0,0,1,-26.8840068,-49.14554564,SPRF-SC,DEL04-SC,UOP01-DEL04-SC,2025
"708591,0",2025-08-01,sexta-feira,07:10:00,SC,280,"29,6",ARAQUARI,Conversão proibida,Colisão transversal,Com Vítimas Feridas,Pleno dia,Crescente,Céu Claro,Simples,Reta,Sim,2,0,1,0,0,1,1,2,-26.41326,-48.758438,SPRF-SC,DEL03-SC,UOP03-DEL03-SC,2025
"708592,0",2025-08-01,sexta-feira,08:00:00,SC,101,"355,0",SANGAO,Demais falhas mecânicas ou elétricas,Colisão traseira,Com Vítimas Feridas,Pleno dia,Crescente,Céu Claro,Dupla,Reta,Não,3,0,2,0,1,0,2,2,-28.67065669,-49.12053555,SPRF-SC,DEL02-SC,UOP01-DEL02-SC,2025
"708619,0",2025-08-01,sexta-feira,11:30:00,SC,470,"59,8",BLUMENAU,Conversão proibida,Colisão transversal,Com Vítimas Feridas,Pleno dia,Crescente,Nublado,Simples,Reta,Sim,2,0,1,0,1,0,1,2,-26.88182782,-49.16305661,SPRF-SC,DEL04-SC,UOP01-DEL04-SC,2025
"708638,0",2025-08-01,sexta-feira,13:00:00,SC,101,"147,0",ITAPEMA,Manobra de mudança de faixa,Colisão lateral mesmo sentido,Com Vítimas Feridas,Pleno dia,Crescente,Nublado,Dupla,Reta,Sim,3,0,1,1,1,0,2,2,-27.08858256,-48.61246197,SPRF-SC,DEL04-SC,UOP03-DEL04-SC,2025
"708653,0",2025-08-01,sexta-feira,15:15:00,SC,282,"20,4",PALHOCA,Acessar a via sem observar a presença dos outros veículos,Colisão transversal,Com Vítimas Feridas,Pleno dia,Crescente,Nublado,Simples,Interseção de Vias,Não,2,0,1,0,1,0,1,2,-27.6865718,-48.7133743,SPRF-SC,DEL01-SC,UOP02-DEL01-SC,2025