id,data_inversa,dia_semana,horario,uf,br,km,municipio,causa_acidente,tipo_acidente,classificacao_acidente,fase_dia,sentido_via,condicao_metereologica,tipo_pista,tracado_via,uso_solo,pessoas,mortos,feridos_leves,feridos_graves,ilesos,ignorados,feridos,veiculos,latitude,longitude,regional,delegacia,uop,ano_arquivo
"711575,0",2025-08-14,quinta-feira,10:30:00,SC,101,"154,0",PORTO BELO,Manobra de mudança de faixa,Colisão lateral mesmo sentido,Com Vítimas Feridas,Pleno dia,Crescente,Céu Claro,Múltipla,Reta,Não,3,0,2,0,1,0,2,2,-27.15996562,-48.61115942,SPRF-SC,DEL04-SC,UOP03-DEL04-SC,2025
"711590,0",2025-08-14,quinta-feira,13:40:00,SC,101,"203,8",SAO JOSE,Condutor deixou de manter distância do veículo da frente,Tombamento,Com Vítimas Feridas,Pleno dia,Crescente,Céu Claro,Múltipla,Reta,Sim,1,0,1,0,0,0,1,1,-27.57273,-48.61375,SPRF-SC,DEL01-SC,UOP01-DEL01-SC,2025
"711592,0",2025-08-14,quinta-feira,13:35:00,SC,101,"140,0",BALNEARIO CAMBORIU,Reação tardia ou ineficiente do condutor,Colisão traseira,Com Vítimas Feridas,Pleno dia,Crescente,Céu Claro,Dupla,Reta;Aclive,Não,3,0,2,0,1,0,2,2,-27.03944288,-48.60000166,SPRF-SC,DEL04-SC,UOP03-DEL04-SC,2025
"711595,0",2025-08-14,quinta-feira,12:30:00,SC,101,"264,2",GAROPABA,Mal súbito do condutor,Colisão com objeto,Com Vítimas Feridas,Pleno dia,Decrescente,Céu Claro,Dupla,Curva,Não,1,0,1,0,0,0,1,1,-28.056071,-48.718331,SPRF-SC,DEL02-SC,UOP03-DEL02-SC,2025
"711600,0",2025-08-14,quinta-feira,14:45:00,SC,101,"213,9",PALHOCA,Acessar a via sem observar a presença dos outros veículos,Colisão traseira,Com Vítimas Feridas,Pleno dia,Decrescente,Céu Claro,Múltipla,Reta,Sim,2,0,1,0,1,0,1,2,-27.644581,-48.670449,SPRF-SC,DEL01-SC,UOP02-DEL01-SC,2025
"711610,0",2025-08-14,quinta-feira,15:40:00,SC,470,"141,1",RIO DO SUL,Reação tardia ou ineficiente do condutor,Colisão transversal,Com Vítimas Feridas,Pleno dia,Decrescente,Céu Claro,Simples,Reta;Aclive,Sim,3,0,2,0,1,0,2,2,-27.20724041,-49.64874951,SPRF-SC,DEL04-SC,UOP02-DEL04-SC,2025
"711612,0",2025-08-14,quinta-feira,15:30:00,SC,470,"64,0",INDAIAL,Transtornos Mentais (exceto suicidio),Colisão lateral mesmo sentido,Com Vítimas Feridas,Pleno dia,Crescente,Céu Claro,Simples,Curva,Sim,3,0,2,0,1,0,2,3,-26.86963997,-49.20337407,SPRF-SC,DEL04-SC,UOP01-DEL04-SC,2025
"711617,0",2025-08-14,quinta-feira,17:10:00,SC,280,"28,5",ARAQUARI,Trafegar com motocicleta (ou similar) entre as faixas,Colisão transversal,Com Vítimas Feridas,Pleno dia,Decrescente,Nublado,Simples,Reta,Sim,2,0,1,0,1,0,1,2,-26.40781259,-48.74929905,SPRF-SC,DEL03-SC,UOP03-DEL03-SC,2025
"711625,0",2025-08-14,quinta-feira,17:35:00,SC,470,"57,0",BLUMENAU,Retorno proibido,Colisão transversal,Com Vítimas Feridas,Anoitecer,Decrescente,Céu Claro,Simples,Desvio Temporário;Reta,Sim,2,0,1,0,1,0,1,2,-26.88497135,-49.14954633,SPRF-SC,DEL04-SC,UOP01-DEL04-SC,2025
"711638,0",2025-08-14,quinta-feira,17:37:00,SC,101,"1,8",ARARANGUA,Desrespeitar a preferência no cruzamento,Colisão transversal,Com Vítimas Feridas,Anoitecer,Crescente,Céu Claro,Simples,Reta;Interseção de Vias,Não,2,0,1,0,1,0,1,2,-28.93555171,-49.49532716,SPRF-SC,DEL02-SC,UOP02-DEL02-SC,2025
"711650,0",2025-08-14,quinta-feira,18:40:00,SC,116,"226,8",CORREIA PINTO,Acessar a via sem observar a presença dos outros veículos,Colisão transversal,Com Vítimas Feridas,Plena Noite,Decrescente,Céu Claro,Simples,Reta,Não,6,0,1,1,4,0,2,2,-27.63458,-50.34004,SPRF-SC,DEL05-SC,UOP03-DEL05-SC,2025
"711693,0",2025-08-15,sexta-feira,00:40:00,SC,470,"67,0",INDAIAL,Animais na Pista,Atropelamento de Animal,Com Vítimas Feridas,Plena Noite,Crescente,Céu Claro,Múltipla,Declive;Em Obras;Reta,Sim,2,0,2,0,0,0,2,1,-26.87103725,-49.22877995,SPRF-SC,DEL04-SC,UOP01-DEL04-SC,2025
"711704,0",2025-08-15,sexta-feira,06:30:00,SC,101,"153,0",PORTO BELO,Reação tardia ou ineficiente do condutor,Tombamento,Com Vítimas Feridas,Amanhecer,Decrescente,Céu Claro,Múltipla,Reta,Não,2,0,2,0,0,0,2,1,-27.14709188,-48.61035911,SPRF-SC,DEL04-SC,UOP03-DEL04-SC,2025
"711757,0",2025-08-15,sexta-feira,12:25:00,SC,101,"113,8",ITAJAI,Demais falhas mecânicas ou elétricas,Tombamento,Com Vítimas Feridas,Pleno dia,Crescente,Céu Claro,Dupla,Reta,Sim,2,0,2,0,0,0,2,1,-26.86014,-48.72857,SPRF-SC,DEL04-SC,UOP04-DEL04-SC,2025
"711760,0",2025-08-15,sexta-feira,12:45:00,SC,280,"35,0",ARAQUARI,Acessar a via sem observar a presença dos outros veículos,Colisão lateral mesmo sentido,Com Vítimas Feridas,Pleno dia,Crescente,Nublado,Simples,Interseção de Vias,Não,2,0,1,0,1,0,1,2,-26.434498,-48.804671,SPRF-SC,DEL03-SC,UOP03-DEL03-SC,2025
"711761,0",2025-08-15,sexta-feira,12:45:00,SC,101,"424,9",ARARANGUA,Reação tardia ou ineficiente do condutor,Colisão frontal,Sem Vítimas,Pleno dia,Crescente,Nublado,Simples,Reta,Não,4,0,0,0,4,0,0,4,-29.0244969,-49.5978306,SPRF-SC,DEL02-SC,UOP02-DEL02-SC,2025
"711768,0",2025-08-03,domingo,19:20:00,SC,280,"23,5",ARAQUARI,Acessar a via sem observar a presença dos outros veículos,Colisão transversal,Com Vítimas Feridas,Plena Noite,Crescente,Nublado,Simples,Reta,Não,2,0,1,0,1,0,1,2,-26.37562,-48.717487,SPRF-SC,DEL03-SC,UOP03-DEL03-SC,2025
"711769,0",2025-08-15,sexta-feira,13:00:00,SC,101,"138,8",BALNEARIO CAMBORIU,Reação tardia ou ineficiente do condutor,Colisão traseira,Com Vítimas Feridas,Pleno dia,Decrescente,Sol,Dupla,Curva,Não,2,0,1,0,1,0,1,2,-27.0304206,-48.60515714,SPRF-SC,DEL04-SC,UOP03-DEL04-SC,2025
"711771,0",2025-08-15,sexta-feira,13:00:00,SC,470,"50,0",BLUMENAU,Ausência de reação do condutor,Tombamento,Com Vítimas Feridas,Pleno dia,Decrescente,Nublado,Dupla,Curva,Não,5,0,2,0,2,1,2,3,-26.8599829,-49.07348005,SPRF-SC,DEL04-SC,UOP01-DEL04-SC,2025
"711773,0",2025-03-11,terça-feira,17:00:00,SC,282,"1,0",FLORIANOPOLIS,Reação tardia ou ineficiente do condutor,Colisão traseira,Com Vítimas Feridas,Pleno dia,Crescente,Nublado,Múltipla,Reta,Sim,3,0,2,0,1,0,2,2,-27.6035057,-48.5855037,SPRF-SC,DEL01-SC,UOP01-DEL01-SC,2025
"711784,0",2025-08-15,sexta-feira,13:30:00,SC,101,"110,1",NAVEGANTES,Demais falhas mecânicas ou elétricas,Queda de ocupante de veículo,Com Vítimas Feridas,Pleno dia,Crescente,Nublado,Múltipla,Curva,Não,1,0,1,0,0,0,1,1,-26.83571454,-48.71001864,SPRF-SC,DEL03-SC,UOP02-DEL03-SC,2025
"711789,0",2025-06-24,terça-feira,13:30:00,SC,116,"5,6",MAFRA,Acessar a via sem observar a presença dos outros veículos,Colisão transversal,Com Vítimas Feridas,Pleno dia,Decrescente,Céu Claro,Simples,Reta;Interseção de Vias,Sim,3,0,2,0,1,0,2,2,-26.142,-49.819,SPRF-SC,DEL06-SC,UOP01-DEL06-SC,2025
"711794,0",2025-08-15,sexta-feira,13:30:00,SC,282,"43,5",AGUAS MORNAS,Condutor Dormindo,Capotamento,Com Vítimas Feridas,Pleno dia,Decrescente,Nublado,Simples,Reta,Não,3,0,3,0,0,0,3,1,-27.71981,-48.901366,SPRF-SC,DEL01-SC,UOP03-DEL01-SC,2025
"711805,0",2025-08-15,sexta-feira,16:00:00,SC,470,"57,5",BLUMENAU,Reação tardia ou ineficiente do condutor,Tombamento,Com Vítimas Feridas,Pleno dia,Decrescente,Nublado,Simples,Reta,Sim,1,0,1,0,0,0,1,1,-26.88287522,-49.14083568,SPRF-SC,DEL04-SC,UOP01-DEL04-SC,2025
"711815,0",2025-08-15,sexta-feira,16:20:00,SC,101,"108,0",PENHA,Trafegar com motocicleta (ou similar) entre as faixas,Colisão lateral mesmo sentido,Com Vítimas Feridas,Pleno dia,Crescente,Nublado,Dupla,Curva,Sim,2,0,1,0,1,0,1,2,-26.82804318,-48.69178947,SPRF-SC,DEL03-SC,UOP02-DEL03-SC,2025
"711823,0",2025-08-15,sexta-feira,16:10:00,SC,116,"9,9",MAFRA,Ausência de reação do condutor,Saída de leito carroçável,Com Vítimas Feridas,Pleno dia,Crescente,Céu Claro,Simples,Curva;Declive,Não,4,0,4,0,0,0,4,1,-26.17069509,-49.855353,SPRF-SC,DEL06-SC,UOP01-DEL06-SC,2025
"711838,0",2025-08-15,sexta-feira,18:00:00,SC,101,"323,0",PESCARIA BRAVA,Manobra de mudança de faixa,Colisão lateral mesmo sentido,Com Vítimas Feridas,Anoitecer,Decrescente,Céu Claro,Dupla,Curva,Não,2,0,1,1,0,0,2,2,-28.42839233,-48.92517686,SPRF-SC,DEL02-SC,UOP01-DEL02-SC,2025
"711887,0",2025-08-15,sexta-feira,20:00:00,SC,470,"241,7",CURITIBANOS,Reação tardia ou ineficiente do condutor,Queda de ocupante de veículo,Com Vítimas Feridas,Plena Noite,Crescente,Nublado,Simples,Aclive;Reta,Não,1,0,1,0,0,0,1,1,-27.3145,-50.504596,SPRF-SC,DEL05-SC,UOP03-DEL05-SC,2025
"711899,0",2025-08-15,sexta-feira,23:30:00,SC,101,"191,0",BIGUACU,Frear bruscamente,Tombamento,Com Vítimas Feridas,Plena Noite,Crescente,Chuva,Dupla,Curva,Não,2,0,2,0,0,0,2,1,-27.47685412,-48.64091333,SPRF-SC,DEL01-SC,UOP01-DEL01-SC,2025
"711901,0",2025-08-15,sexta-feira,23:25:00,SC,480,"130,5",CHAPECO,Ingestão de álcool pelo condutor,Saída de leito carroçável,Com Vítimas Feridas,Plena Noite,Crescente,Céu Claro,Dupla,Curva;Declive,Sim,1,0,1,0,0,0,1,1,-27.0505127,-52.63522232,SPRF-SC,DEL07-SC,UOP01-DEL07-SC,2025
"711905,0",2025-08-16,sábado,00:30:00,SC,101,"16,1",GARUVA,Ingestão de álcool pelo condutor,Colisão com objeto,Com Vítimas Feridas,Plena Noite,Crescente,Chuva,Dupla,Reta,Não,1,0,1,0,0,0,1,1,-26.10180459,-48.86950493,SPRF-SC,DEL03-SC,UOP01-DEL03-SC,2025
"711906,0",2025-08-16,sábado,01:00:00,SC,101,"376,0",ICARA,Ausência de reação do condutor,Saída de leito carroçável,Com Vítimas Feridas,Plena Noite,Decrescente,Céu Claro,Múltipla,Reta,Não,1,0,1,0,0,0,1,1,-28.7434,-49.2532,SPRF-SC,DEL02-SC,UOP01-DEL02-SC,2025
"711911,0",2025-08-16,sábado,00:55:00,SC,101,"137,0",BALNEARIO CAMBORIU,Reação tardia ou ineficiente do condutor,Colisão com objeto,Sem Vítimas,Plena Noite,Decrescente,Nublado,Dupla,Reta,Sim,1,0,0,0,1,0,0,1,-27.011764,-48.61404,SPRF-SC,DEL04-SC,UOP03-DEL04-SC,2025
"711912,0",2025-08-16,sábado,00:50:00,SC,101,"62,0",ARAQUARI,Acumulo de areia ou detritos sobre o pavimento,Queda de ocupante de veículo,Com Vítimas Feridas,Plena Noite,Crescente,Nublado,Dupla,Interseção de Vias;Viaduto,Não,2,0,1,1,0,0,2,1,-26.45565695,-48.76454473,SPRF-SC,DEL03-SC,UOP02-DEL03-SC,2025
"711914,0",2025-08-15,sexta-feira,22:00:00,SC,101,"46,0",JOINVILLE,Ingestão de álcool pelo condutor,Tombamento,Com Vítimas Feridas,Plena Noite,Crescente,Chuva,Dupla,Reta,Sim,1,0,1,0,0,0,1,1,-26.35704424,-48.85905202,SPRF-SC,DEL03-SC,UOP01-DEL03-SC,2025
"711921,0",2025-08-16,sábado,02:30:00,SC,101,"205,0",SAO JOSE,Ingestão de álcool pelo condutor,Colisão com objeto,Sem Vítimas,Plena Noite,Decrescente,Chuva,Múltipla,Declive;Curva,Sim,1,0,0,0,1,0,0,1,-27.58514854,-48.61785354,SPRF-SC,DEL01-SC,UOP01-DEL01-SC,2025
"711923,0",2025-08-16,sábado,03:45:00,SC,101,"192,0",BIGUACU,Velocidade Incompatível,Tombamento,Com Vítimas Feridas,Plena Noite,Crescente,Chuva,Dupla,Curva,Não,1,0,1,0,0,0,1,1,-27.47746063,-48.6415185,SPRF-SC,DEL01-SC,UOP01-DEL01-SC,2025
"711927,0",2025-08-16,sábado,04:50:00,SC,280,"24,7",ARAQUARI,Reação tardia ou ineficiente do condutor,Colisão traseira,Com Vítimas Fatais,Plena Noite,Crescente,Chuva,Simples,Reta,Sim,2,1,0,0,0,1,0,2,-26.381824,-48.724685,SPRF-SC,DEL03-SC,UOP03-DEL03-SC,2025
"711936,0",2025-08-16,sábado,02:50:00,SC,282,"421,0",VARGEM BONITA,Ingestão de álcool pelo condutor,Saída de leito carroçável,Com Vítimas Feridas,Plena Noite,Crescente,Céu Claro,Simples,Curva;Declive,Não,1,0,1,0,0,0,1,1,-27.011633,-51.736637,SPRF-SC,DEL07-SC,UOP05-DEL07-SC,2025
"711937,0",2025-08-16,sábado,00:15:00,SC,470,"31,1",GASPAR,Ausência de reação do condutor,Colisão traseira,Com Vítimas Feridas,Plena Noite,Crescente,Chuva,Dupla,Reta,Não,2,0,1,0,1,0,1,2,-26.89841486,-48.92570106,SPRF-SC,DEL04-SC,UOP01-DEL04-SC,2025
"711945,0",2025-08-16,sábado,06:20:00,SC,101,"176,0",BIGUACU,Acumulo de água sobre o pavimento,Colisão com objeto,Sem Vítimas,Amanhecer,Crescente,Chuva,Dupla,Curva,Não,1,0,0,0,1,0,0,1,-27.34005472,-48.6272049,SPRF-SC,DEL01-SC,UOP01-DEL01-SC,2025
"711958,0",2025-07-15,terça-feira,08:31:00,SC,101,"198,9",SAO JOSE,Restrição de visibilidade em curvas horizontais,Engavetamento,Com Vítimas Feridas,Pleno dia,Crescente,Céu Claro,Múltipla,Curva,Sim,7,0,2,0,5,0,2,5,-27.534289,-48.629797,SPRF-SC,DEL01-SC,UOP01-DEL01-SC,2025
"711974,0",2025-08-12,terça-feira,18:40:00,SC,470,"59,0",BLUMENAU,Ultrapassagem Indevida,Colisão transversal,Com Vítimas Feridas,Plena Noite,Crescente,Céu Claro,Simples,Reta,Não,4,0,0,1,3,0,1,2,-26.87979249,-49.1706818,SPRF-SC,DEL04-SC,UOP01-DEL04-SC,2025
"711977,0",2025-08-16,sábado,06:05:00,SC,282,"473,4",VARGEAO,Ausência de reação do condutor,Saída de leito carroçável,Com Vítimas Feridas,Amanhecer,Crescente,Céu Claro,Simples,Curva,Não,1,0,1,0,0,0,1,1,-26.863969,-52.131872,SPRF-SC,DEL07-SC,UOP01-DEL07-SC,2025
"711980,0",2025-08-16,sábado,09:30:00,SC,101,"55,8",JOINVILLE,Velocidade Incompatível,Colisão com objeto,Sem Vítimas,Pleno dia,Crescente,Nublado,Dupla,Curva,Não,1,0,0,0,1,0,0,1,-26.41562468,-48.83560181,SPRF-SC,DEL03-SC,UOP01-DEL03-SC,2025
"711984,0",2025-08-16,sábado,10:40:00,SC,101,"204,6",SAO JOSE,Manobra de mudança de faixa,Colisão lateral mesmo sentido,Com Vítimas Feridas,Pleno dia,Crescente,Nublado,Múltipla,Reta,Sim,2,0,0,1,1,0,1,2,-27.57588,-48.61357,SPRF-SC,DEL01-SC,UOP01-DEL01-SC,2025
"711986,0",2025-08-16,sábado,08:33:00,SC,470,"118,0",IBIRAMA,Chuva,Saída de leito carroçável,Com Vítimas Feridas,Pleno dia,Decrescente,Chuva,Dupla,Curva,Não,2,0,1,0,1,0,1,1,-27.0827171,-49.5205079,SPRF-SC,DEL04-SC,UOP02-DEL04-SC,2025
"711994,0",2025-08-16,sábado,06:00:00,SC,282,"466,1",PASSOS MAIA,Ingestão de álcool pelo condutor,Saída de leito carroçável,Sem Vítimas,Pleno dia,Crescente,Céu Claro,Simples,Reta,Não,1,0,0,0,1,0,0,1,-26.854,-52.061591,SPRF-SC,DEL07-SC,UOP04-DEL07-SC,2025
"712003,0",2025-08-16,sábado,12:15:00,SC,163,"76,0",SAO MIGUEL DO OESTE,Ausência de reação do condutor,Saída de leito carroçável,Com Vítimas Feridas,Pleno dia,Decrescente,Céu Claro,Simples,Curva,Não,4,0,4,0,0,0,4,1,-26.68956001,-53.51412462,SPRF-SC,DEL07-SC,UOP03-DEL07-SC,2025
"712007,0",2025-08-16,sábado,11:15:00,SC,101,"215,0",PALHOCA,Pista Escorregadia,Tombamento,Com Vítimas Feridas,Pleno dia,Crescente,Garoa/Chuvisco,Simples,Reta,Sim,1,0,1,0,0,0,1,1,-27.65815833,-48.6784029,SPRF-SC,DEL01-SC,UOP02-DEL01-SC,2025
"712014,0",2025-08-16,sábado,08:30:00,SC,470,"154,1",AGRONOMICA,Velocidade Incompatível,Colisão frontal,Com Vítimas Feridas,Pleno dia,Decrescente,Nublado,Simples,Reta,Não,5,0,3,2,0,0,5,2,-27.27481389,-49.74741189,SPRF-SC,DEL04-SC,UOP02-DEL04-SC,2025
"712041,0",2025-07-05,sábado,20:40:00,SC,101,"129,0",BALNEARIO CAMBORIU,Condutor deixou de manter distância do veículo da frente,Colisão traseira,Com Vítimas Feridas,Anoitecer,Crescente,Nublado,Dupla,Curva,Sim,4,0,1,0,0,3,1,3,-26.97899001,-48.68137328,SPRF-SC,DEL04-SC,UOP03-DEL04-SC,2025
"712045,0",2025-08-16,sábado,16:10:00,SC,470,"89,0",ASCURRA,Acessar a via sem observar a presença dos outros veículos,Colisão transversal,Com Vítimas Feridas,Pleno dia,Decrescente,Céu Claro,Simples,Retorno Regulamentado;Reta,Não,3,0,0,2,1,0,2,2,-26.98363772,-49.37225215,SPRF-SC,DEL04-SC,UOP01-DEL04-SC,2025
"712050,0",2025-08-16,sábado,17:50:00,SC,282,"58,4",RANCHO QUEIMADO,Conversão proibida,Colisão lateral mesmo sentido,Com Vítimas Feridas,Anoitecer,Crescente,Chuva,Simples,Aclive;Curva;Interseção de Vias,Sim,3,0,1,1,1,0,2,2,-27.6802,-49.0062,SPRF-SC,DEL01-SC,UOP03-DEL01-SC,2025
"712058,0",2025-08-16,sábado,16:30:00,SC,101,"414,5",ARARANGUA,Manobra de mudança de faixa,Colisão lateral mesmo sentido,Com Vítimas Feridas,Pleno dia,Decrescente,Nublado,Dupla,Reta,Não,6,0,4,0,1,1,4,3,-28.95919176,-49.52404825,SPRF-SC,DEL02-SC,UOP02-DEL02-SC,2025
"712064,0",2025-08-16,sábado,18:00:00,SC,116,"58,0",PAPANDUVA,Acessar a via sem observar a presença dos outros veículos,Colisão transversal,Com Vítimas Feridas,Plena Noite,Crescente,Céu Claro,Simples,Reta;Interseção de Vias,Sim,3,0,2,0,1,0,2,2,-26.3776964,-50.1976416,SPRF-SC,DEL06-SC,UOP02-DEL06-SC,2025
"712075,0",2025-08-16,sábado,17:20:00,SC,282,"564,1",NOVA ERECHIM,Velocidade Incompatível,Tombamento,Com Vítimas Feridas,Pleno dia,Decrescente,Céu Claro,Simples,Retorno Regulamentado,Não,2,0,1,1,0,0,2,1,-26.9030378,-52.8691278,SPRF-SC,DEL07-SC,UOP02-DEL07-SC,2025
"712084,0",2025-08-16,sábado,14:25:00,SC,282,"628,4",IRACEMINHA,Demais falhas na via,Tombamento,Com Vítimas Feridas,Pleno dia,Decrescente,Sol,Simples,Declive,Não,1,0,0,1,0,0,1,1,-26.82039416,-53.37726831,SPRF-SC,DEL07-SC,UOP02-DEL07-SC,2025
"712088,0",2025-08-16,sábado,20:04:00,SC,282,"19,0",PALHOCA,Ausência de reação do condutor,Colisão lateral mesmo sentido,Com Vítimas Feridas,Plena Noite,Crescente,Céu Claro,Simples,Reta,Não,3,0,3,0,0,0,3,2,-27.6808263,-48.70401129,SPRF-SC,DEL01-SC,UOP02-DEL01-SC,2025
"712091,0",2025-08-02,sábado,02:00:00,SC,282,"528,0",CORDILHEIRA ALTA,Ingestão de álcool pelo condutor,Saída de leito carroçável,Sem Vítimas,Plena Noite,Crescente,Céu Claro,Simples,Curva,Não,1,0,0,0,1,0,0,1,-26.97739808,-52.58823245,SPRF-SC,DEL07-SC,UOP01-DEL07-SC,2025
"712129,0",2025-08-16,sábado,23:40:00,SC,101,"85,9",BARRA VELHA,Ingestão de álcool pelo condutor,Colisão traseira,Com Vítimas Feridas,Plena Noite,Crescente,Nublado,Dupla,Reta,Sim,2,0,1,1,0,0,2,2,-26.63712518,-48.69671023,SPRF-SC,DEL03-SC,UOP02-DEL03-SC,2025
"712138,0",2025-08-16,sábado,23:00:00,SC,470,"136,0",RIO DO SUL,Ausência de reação do condutor,Saída de leito carroçável,Sem Vítimas,Plena Noite,Crescente,Céu Claro,Simples,Reta;Declive,Não,1,0,0,0,1,0,0,1,-27.188621,-49.613485,SPRF-SC,DEL04-SC,UOP02-DEL04-SC,2025
"712139,0",2025-08-17,domingo,00:30:00,SC,101,"148,8",ITAPEMA,Reação tardia ou ineficiente do condutor,Colisão traseira,Sem Vítimas,Plena Noite,Crescente,Céu Claro,Dupla,Reta;Aclive;Viaduto,Sim,3,0,0,0,3,0,0,3,-27.10879782,-48.61364365,SPRF-SC,DEL04-SC,UOP03-DEL04-SC,2025
"712154,0",2025-08-17,domingo,04:15:00,SC,280,"56,9",GUARAMIRIM,Ingestão de álcool pelo condutor,Queda de ocupante de veículo,Com Vítimas Feridas,Plena Noite,Crescente,Nevoeiro/Neblina,Simples,Reta,Não,1,0,1,0,0,0,1,1,-26.47853,-49.011743,SPRF-SC,DEL03-SC,UOP03-DEL03-SC,2025
"712168,0",2025-08-17,domingo,04:50:00,SC,101,"136,0",BALNEARIO CAMBORIU,Ingestão de álcool pelo condutor,Colisão traseira,Com Vítimas Feridas,Plena Noite,Decrescente,Nublado,Múltipla,Reta,Sim,2,0,1,0,1,0,1,2,-27.00667881,-48.62068176,SPRF-SC,DEL04-SC,UOP03-DEL04-SC,2025
"712170,0",2025-08-17,domingo,03:10:00,SC,101,"427,5",SOMBRIO,Reação tardia ou ineficiente do condutor,Saída de leito carroçável,Com Vítimas Feridas,Plena Noite,Crescente,Ignorado,Dupla,Reta,Não,2,0,2,0,0,0,2,1,-29.041,-49.612,SPRF-SC,DEL02-SC,UOP02-DEL02-SC,2025
"712172,0",2025-08-17,domingo,06:40:00,SC,101,"205,3",SAO JOSE,Reação tardia ou ineficiente do condutor,Queda de ocupante de veículo,Com Vítimas Feridas,Pleno dia,Crescente,Céu Claro,Simples,Reta,Sim,2,0,0,1,0,1,1,1,-27.586378,-48.617433,SPRF-SC,DEL01-SC,UOP01-DEL01-SC,2025
"712174,0",2025-08-17,domingo,04:00:00,SC,101,"425,5",ARARANGUA,Ingestão de álcool pelo condutor,Saída de leito carroçável,Sem Vítimas,Plena Noite,Decrescente,Céu Claro,Simples,Reta,Não,1,0,0,0,1,0,0,1,-29.0300533,-49.6035382,SPRF-SC,DEL02-SC,UOP02-DEL02-SC,2025
"712182,0",2025-08-17,domingo,05:00:00,SC,101,"366,9",ICARA,Pedestre cruzava a pista fora da faixa,Atropelamento de Pedestre,Com Vítimas Fatais,Plena Noite,Decrescente,Céu Claro,Dupla,Curva;Declive,Não,6,1,1,1,2,1,2,3,-28.69721321,-49.17549133,SPRF-SC,DEL02-SC,UOP01-DEL02-SC,2025
"712187,0",2025-08-07,quinta-feira,17:15:00,SC,101,"202,8",SAO JOSE,Reação tardia ou ineficiente do condutor,Colisão lateral mesmo sentido,Com Vítimas Feridas,Pleno dia,Crescente,Céu Claro,Dupla,Reta,Sim,3,0,0,1,1,1,1,3,-27.562759,-48.615858,SPRF-SC,DEL01-SC,UOP01-DEL01-SC,2025
"712215,0",2025-08-17,domingo,05:00:00,SC,153,"17,8",AGUA DOCE,Mal súbito do condutor,Saída de leito carroçável,Com Vítimas Fatais,Plena Noite,Crescente,Céu Claro,Simples,Aclive;Reta,Não,1,1,0,0,0,0,0,1,-26.714129,-51.613702,SPRF-SC,DEL07-SC,UOP07-DEL07-SC,2025
"712219,0",2025-08-17,domingo,09:50:00,SC,470,"145,0",RIO DO SUL,Ausência de reação do condutor,Saída de leito carroçável,Com Vítimas Feridas,Pleno dia,Crescente,Nublado,Simples,Reta,Sim,1,0,1,0,0,0,1,1,-27.23355579,-49.67374992,SPRF-SC,DEL04-SC,UOP02-DEL04-SC,2025
"712231,0",2025-08-17,domingo,10:50:00,SC,280,"154,8",MAFRA,Ultrapassagem Indevida,Colisão frontal,Com Vítimas Feridas,Pleno dia,Decrescente,Céu Claro,Simples,Curva;Aclive,Não,6,0,1,1,4,0,2,2,-26.21253,-49.72458,SPRF-SC,DEL06-SC,UOP03-DEL06-SC,2025
"712233,0",2025-08-17,domingo,12:40:00,SC,101,"159,8",PORTO BELO,Pedestre cruzava a pista fora da faixa,Atropelamento de Pedestre,Com Vítimas Fatais,Pleno dia,Decrescente,Céu Claro,Dupla,Reta,Sim,2,1,0,0,1,0,0,2,-27.20559,-48.61822,SPRF-SC,DEL04-SC,UOP03-DEL04-SC,2025
"712237,0",2025-08-17,domingo,13:30:00,SC,101,"123,0",ITAJAI,Ausência de reação do condutor,Colisão lateral mesmo sentido,Com Vítimas Feridas,Pleno dia,Decrescente,Céu Claro,Dupla,Reta;Em Obras,Não,2,0,1,0,0,1,1,2,-26.93849278,-48.69676061,SPRF-SC,DEL04-SC,UOP04-DEL04-SC,2025
"712239,0",2025-08-17,domingo,13:30:00,SC,101,"121,0",ITAJAI,Condutor deixou de manter distância do veículo da frente,Colisão traseira,Com Vítimas Feridas,Pleno dia,Crescente,Céu Claro,Múltipla,Reta,Sim,2,0,1,0,1,0,1,2,-26.92636309,-48.70706821,SPRF-SC,DEL04-SC,UOP04-DEL04-SC,2025
"712242,0",2025-08-17,domingo,13:30:00,SC,101,"123,0",ITAJAI,Condutor deixou de manter distância do veículo da frente,Colisão traseira,Com Vítimas Feridas,Pleno dia,Crescente,Céu Claro,Dupla,Reta;Em Obras;Viaduto,Não,3,0,1,1,1,0,2,2,-26.93801455,-48.69751163,SPRF-SC,DEL04-SC,UOP04-DEL04-SC,2025
"712264,0",2025-08-17,domingo,16:50:00,SC,101,"315,0",LAGUNA,Retorno proibido,Colisão transversal,Com Vítimas Feridas,Pleno dia,Decrescente,Céu Claro,Simples,Curva,Não,2,0,1,0,1,0,1,2,-28.42885848,-48.8430446,SPRF-SC,DEL02-SC,UOP01-DEL02-SC,2025
"712291,0",2025-08-17,domingo,18:50:00,SC,101,"4,0",ARARANGUA,Reação tardia ou ineficiente do condutor,Tombamento,Com Vítimas Feridas,Plena Noite,Crescente,Céu Claro,Simples,Reta,Sim,1,0,0,1,0,0,1,1,-28.95801909,-49.52626747,SPRF-SC,DEL03-SC,UOP01-DEL03-SC,2025