id,data_inversa,dia_semana,horario,uf,br,km,municipio,causa_acidente,tipo_acidente,classificacao_acidente,fase_dia,sentido_via,condicao_metereologica,tipo_pista,tracado_via,uso_solo,pessoas,mortos,feridos_leves,feridos_graves,ilesos,ignorados,feridos,veiculos,latitude,longitude,regional,delegacia,uop,ano_arquivo
"712326,0",2025-08-17,domingo,21:00:00,SC,470,"74,6",INDAIAL,Ingestão de álcool pelo condutor,Colisão frontal,Com Vítimas Feridas,Plena Noite,Crescente,Céu Claro,Simples,Reta,Não,6,0,5,1,0,0,6,2,-26.92292129,-49.28329468,SPRF-SC,DEL04-SC,UOP01-DEL04-SC,2025
"712327,0",2025-08-17,domingo,19:20:00,SC,116,"7,0",MAFRA,Acessar a via sem observar a presença dos outros veículos,Colisão transversal,Com Vítimas Feridas,Plena Noite,Crescente,Céu Claro,Simples,Interseção de Vias,Sim,3,0,2,0,1,0,2,2,-26.152527,-49.831627,SPRF-SC,DEL06-SC,UOP01-DEL06-SC,2025
"712341,0",2025-08-17,domingo,19:30:00,SC,280,"6,3",SAO FRANCISCO DO SUL,Animais na Pista,Atropelamento de Animal,Com Vítimas Feridas,Plena Noite,Crescente,Nublado,Simples,Reta,Sim,1,0,1,0,0,0,1,1,-26.2679,-48.636602,SPRF-SC,DEL03-SC,UOP03-DEL03-SC,2025
"712344,0",2025-08-17,domingo,20:32:00,SC,101,"204,2",SAO JOSE,Ingestão de álcool pelo condutor,Colisão transversal,Com Vítimas Feridas,Plena Noite,Decrescente,Céu Claro,Múltipla,Curva,Sim,4,0,2,0,2,0,2,2,-27.577166,-48.613363,SPRF-SC,DEL01-SC,UOP01-DEL01-SC,2025
"712348,0",2025-08-17,domingo,18:40:00,SC,282,"620,3",IRACEMINHA,Transitar na contramão,Colisão frontal,Com Vítimas Fatais,Plena Noite,Crescente,Céu Claro,Simples,Declive;Curva,Não,3,1,0,0,2,0,0,2,-26.80323503,-53.31261635,SPRF-SC,DEL07-SC,UOP02-DEL07-SC,2025
"712349,0",2025-08-17,domingo,19:00:00,SC,470,"161,0",TROMBUDO CENTRAL,Velocidade Incompatível,Saída de leito carroçável,Com Vítimas Feridas,Plena Noite,Decrescente,Garoa/Chuvisco,Simples,Reta,Não,2,0,1,0,1,0,1,1,-27.28440453,-49.81089007,SPRF-SC,DEL04-SC,UOP02-DEL04-SC,2025
"712364,0",2025-08-17,domingo,17:10:00,SC,280,"42,9",GUARAMIRIM,Condutor Dormindo,Saída de leito carroçável,Com Vítimas Feridas,Pleno dia,Crescente,Céu Claro,Dupla,Reta;Em Obras,Não,3,0,1,0,2,0,1,1,-26.450802,-48.877128,SPRF-SC,DEL03-SC,UOP03-DEL03-SC,2025
"712374,0",2025-08-18,segunda-feira,02:03:00,SC,470,"39,0",GASPAR,Ingestão de álcool pelo condutor,Saída de leito carroçável,Com Vítimas Feridas,Plena Noite,Decrescente,Céu Claro,Dupla,Reta,Não,1,0,1,0,0,0,1,1,-26.8972497,-48.986464,SPRF-SC,DEL04-SC,UOP01-DEL04-SC,2025
"712381,0",2025-08-18,segunda-feira,06:35:00,SC,282,"569,9",NOVA ERECHIM,Desrespeitar a preferência no cruzamento,Colisão transversal,Com Vítimas Feridas,Amanhecer,Crescente,Céu Claro,Simples,Interseção de Vias,Sim,2,0,1,0,1,0,1,2,-26.89640031,-52.91845366,SPRF-SC,DEL07-SC,UOP02-DEL07-SC,2025
"712386,0",2025-08-18,segunda-feira,07:00:00,SC,101,"40,8",JOINVILLE,Manobra de mudança de faixa,Colisão lateral mesmo sentido,Com Vítimas Feridas,Pleno dia,Crescente,Nublado,Dupla,Reta,Sim,2,0,1,0,1,0,1,2,-26.307448,-48.879669,SPRF-SC,DEL03-SC,UOP01-DEL03-SC,2025
"712407,0",2025-08-18,segunda-feira,08:43:00,SC,101,"130,0",BALNEARIO CAMBORIU,Trafegar com motocicleta (ou similar) entre as faixas,Colisão lateral mesmo sentido,Sem Vítimas,Pleno dia,Decrescente,Céu Claro,Múltipla,Reta,Não,2,0,0,0,0,2,0,2,-26.9932909,-48.6618897,SPRF-SC,DEL04-SC,UOP03-DEL04-SC,2025
"712410,0",2025-08-18,segunda-feira,07:40:00,SC,101,"205,0",SAO JOSE,Reação tardia ou ineficiente do condutor,Colisão traseira,Com Vítimas Feridas,Pleno dia,Crescente,Céu Claro,Múltipla,Reta,Sim,2,0,1,0,1,0,1,2,-27.582144,-48.61481,SPRF-SC,DEL01-SC,UOP01-DEL01-SC,2025
"712411,0",2025-08-18,segunda-feira,09:30:00,SC,101,"130,0",CAMBORIU,Trafegar com motocicleta (ou similar) entre as faixas,Colisão lateral mesmo sentido,Com Vítimas Feridas,Pleno dia,Crescente,Céu Claro,Dupla,Reta,Não,2,0,1,0,1,0,1,2,-26.98606272,-48.6667606,SPRF-SC,DEL04-SC,UOP03-DEL04-SC,2025
"712431,0",2025-08-18,segunda-feira,10:50:00,SC,101,"149,0",ITAPEMA,Acessar a via sem observar a presença dos outros veículos,Colisão lateral mesmo sentido,Com Vítimas Feridas,Pleno dia,Crescente,Céu Claro,Dupla,Reta,Sim,2,0,1,0,1,0,1,2,-27.11093704,-48.61141205,SPRF-SC,DEL04-SC,UOP03-DEL04-SC,2025
"712435,0",2025-08-18,segunda-feira,10:10:00,SC,163,"88,1",GUARACIABA,Conversão proibida,Colisão transversal,Com Vítimas Feridas,Pleno dia,Decrescente,Céu Claro,Simples,Interseção de Vias;Aclive,Não,5,0,4,0,1,0,4,2,-26.58049,-53.516095,SPRF-SC,DEL07-SC,UOP03-DEL07-SC,2025
"712438,0",2025-08-18,segunda-feira,10:00:00,SC,153,"65,0",IRANI,Acessar a via sem observar a presença dos outros veículos,Colisão transversal,Com Vítimas Feridas,Pleno dia,Decrescente,Céu Claro,Simples,Reta,Não,4,0,3,0,1,0,3,2,-27.0213073,-51.88513247,SPRF-SC,DEL07-SC,UOP04-DEL07-SC,2025
"712441,0",2025-08-18,segunda-feira,12:00:00,SC,101,"120,0",ITAJAI,Manobra de mudança de faixa,Colisão lateral mesmo sentido,Com Vítimas Feridas,Pleno dia,Decrescente,Céu Claro,Múltipla,Reta,Sim,2,0,1,0,1,0,1,2,-26.92293938,-48.70765423,SPRF-SC,DEL04-SC,UOP04-DEL04-SC,2025
"712452,0",2025-08-18,segunda-feira,12:55:00,SC,470,"54,0",BLUMENAU,Desrespeitar a preferência no cruzamento,Colisão transversal,Com Vítimas Feridas,Pleno dia,Crescente,Céu Claro,Múltipla,Interseção de Vias,Sim,2,0,2,0,0,0,2,2,-26.87324366,-49.11420822,SPRF-SC,DEL04-SC,UOP01-DEL04-SC,2025
"712459,0",2025-08-18,segunda-feira,13:38:00,SC,470,"141,8",RIO DO SUL,Acessar a via sem observar a presença dos outros veículos,Colisão transversal,Com Vítimas Feridas,Pleno dia,Crescente,Céu Claro,Simples,Reta,Sim,2,0,1,0,1,0,1,2,-27.212197,-49.651491,SPRF-SC,DEL04-SC,UOP02-DEL04-SC,2025
"712467,0",2025-08-18,segunda-feira,14:20:00,SC,101,"231,0",PALHOCA,Mal súbito do condutor,Colisão com objeto,Com Vítimas Feridas,Pleno dia,Decrescente,Nublado,Dupla,Declive;Reta,Não,1,0,0,1,0,0,1,1,-27.79578208,-48.63797514,SPRF-SC,DEL01-SC,UOP02-DEL01-SC,2025
"712481,0",2025-08-18,segunda-feira,16:25:00,SC,280,"81,9",CORUPA,Acessar a via sem observar a presença dos outros veículos,Colisão traseira,Com Vítimas Feridas,Pleno dia,Crescente,Céu Claro,Simples,Reta,Sim,2,0,1,0,1,0,1,2,-26.43697,-49.24022,SPRF-SC,DEL06-SC,UOP03-DEL06-SC,2025
"712483,0",2025-08-18,segunda-feira,12:41:00,SC,280,"108,3",SAO BENTO DO SUL,Transitar na contramão,Colisão frontal,Com Vítimas Fatais,Pleno dia,Crescente,Céu Claro,Simples,Curva;Aclive,Não,2,2,0,0,0,0,0,2,-26.3302565,-49.3790404,SPRF-SC,DEL06-SC,UOP03-DEL06-SC,2025
"712491,0",2025-08-18,segunda-feira,17:20:00,SC,282,"2,0",FLORIANOPOLIS,Ausência de reação do condutor,Colisão traseira,Com Vítimas Feridas,Plena Noite,Crescente,Céu Claro,Múltipla,Reta,Sim,4,0,1,0,2,1,1,4,-27.603,-48.589,SPRF-SC,DEL01-SC,UOP01-DEL01-SC,2025
"712514,0",2025-08-18,segunda-feira,18:30:00,SC,101,"317,0",PESCARIA BRAVA,Reação tardia ou ineficiente do condutor,Tombamento,Com Vítimas Feridas,Plena Noite,Decrescente,Céu Claro,Múltipla,Reta,Sim,1,0,1,0,0,0,1,1,-28.430229,-48.875572,SPRF-SC,DEL02-SC,UOP01-DEL02-SC,2025
"712530,0",2025-08-18,segunda-feira,20:00:00,SC,101,"221,0",PALHOCA,Animais na Pista,Atropelamento de Animal,Com Vítimas Feridas,Plena Noite,Crescente,Céu Claro,Dupla,Ponte;Reta,Não,1,0,1,0,0,0,1,1,-27.7007949,-48.66020705,SPRF-SC,DEL01-SC,UOP02-DEL01-SC,2025
"712559,0",2025-08-18,segunda-feira,18:00:00,SC,101,"106,5",PENHA,Demais falhas mecânicas ou elétricas,Tombamento,Com Vítimas Feridas,Plena Noite,Decrescente,Céu Claro,Dupla,Reta,Não,1,0,1,0,0,0,1,1,-26.81390054,-48.68303172,SPRF-SC,DEL03-SC,UOP02-DEL03-SC,2025
"712599,0",2025-08-19,terça-feira,07:30:00,SC,101,"203,9",SAO JOSE,Trafegar com motocicleta (ou similar) entre as faixas,Colisão lateral mesmo sentido,Com Vítimas Feridas,Pleno dia,Crescente,Chuva,Múltipla,Reta,Sim,2,0,1,0,1,0,1,2,-27.57531887,-48.6135149,SPRF-SC,DEL01-SC,UOP01-DEL01-SC,2025
"712601,0",2025-08-19,terça-feira,06:30:00,SC,470,"64,5",INDAIAL,Trafegar com motocicleta (ou similar) entre as faixas,Queda de ocupante de veículo,Com Vítimas Fatais,Amanhecer,Decrescente,Garoa/Chuvisco,Simples,Em Obras;Aclive,Sim,2,1,0,0,0,1,0,2,-26.869874,-49.20604404,SPRF-SC,DEL04-SC,UOP01-DEL04-SC,2025
"712604,0",2025-08-19,terça-feira,07:40:00,SC,470,"65,0",INDAIAL,Demais falhas mecânicas ou elétricas,Incêndio,Sem Vítimas,Pleno dia,Crescente,Garoa/Chuvisco,Simples,Em Obras;Reta,Sim,1,0,0,0,1,0,0,1,-26.87134396,-49.21340436,SPRF-SC,DEL04-SC,UOP01-DEL04-SC,2025
"712605,0",2025-08-19,terça-feira,08:20:00,SC,470,"54,4",BLUMENAU,Acessar a via sem observar a presença dos outros veículos,Colisão transversal,Com Vítimas Feridas,Pleno dia,Crescente,Nublado,Simples,Interseção de Vias;Reta,Sim,2,0,1,0,1,0,1,2,-26.87327671,-49.11419598,SPRF-SC,DEL04-SC,UOP01-DEL04-SC,2025
"712611,0",2025-08-19,terça-feira,08:50:00,SC,101,"203,0",SAO JOSE,Manobra de mudança de faixa,Colisão lateral mesmo sentido,Com Vítimas Feridas,Pleno dia,Crescente,Garoa/Chuvisco,Múltipla,Reta,Não,3,0,0,1,2,0,1,3,-27.56876921,-48.61394104,SPRF-SC,DEL01-SC,UOP01-DEL01-SC,2025
"712632,0",2025-08-19,terça-feira,10:00:00,SC,470,"135,8",RIO DO SUL,Ausência de reação do condutor,Colisão transversal,Com Vítimas Feridas,Pleno dia,Crescente,Nublado,Simples,Aclive;Reta;Retorno Regulamentado,Sim,2,0,0,1,1,0,1,2,-27.18336,-49.6024,SPRF-SC,DEL04-SC,UOP02-DEL04-SC,2025
"712646,0",2025-08-19,terça-feira,10:15:00,SC,116,"259,0",CAPAO ALTO,Ausência de reação do condutor,Colisão lateral mesmo sentido,Com Vítimas Feridas,Pleno dia,Crescente,Nublado,Simples,Reta,Não,2,0,0,1,1,0,1,2,-27.89827,-50.43033,SPRF-SC,DEL05-SC,UOP02-DEL05-SC,2025
"712660,0",2025-08-07,quinta-feira,21:10:00,SC,101,"199,0",SAO JOSE,Velocidade Incompatível,Colisão com objeto,Com Vítimas Feridas,Plena Noite,Decrescente,Céu Claro,Dupla,Reta,Não,2,0,1,0,1,0,1,1,-27.53473962,-48.62857215,SPRF-SC,DEL01-SC,UOP01-DEL01-SC,2025
"712676,0",2025-08-19,terça-feira,06:55:00,SC,101,"149,9",ITAPEMA,Ausência de reação do condutor,Colisão transversal,Com Vítimas Feridas,Pleno dia,Crescente,Nublado,Múltipla,Reta,Sim,2,0,1,0,1,0,1,2,-27.118304,-48.609594,SPRF-SC,DEL04-SC,UOP03-DEL04-SC,2025
"712689,0",2025-08-19,terça-feira,16:30:00,SC,101,"207,0",SAO JOSE,Condutor deixou de manter distância do veículo da frente,Colisão traseira,Com Vítimas Feridas,Pleno dia,Crescente,Céu Claro,Múltipla,Reta,Não,2,0,1,0,1,0,1,2,-27.59476436,-48.61904796,SPRF-SC,DEL01-SC,UOP01-DEL01-SC,2025
"712697,0",2025-08-19,terça-feira,14:50:00,SC,480,"128,0",CHAPECO,Frear bruscamente,Colisão traseira,Com Vítimas Feridas,Pleno dia,Crescente,Céu Claro,Dupla,Aclive;Reta,Sim,2,0,1,0,1,0,1,2,-27.03467,-52.63376,SPRF-SC,DEL07-SC,UOP01-DEL07-SC,2025
"712735,0",2025-08-19,terça-feira,20:15:00,SC,282,"2,9",FLORIANOPOLIS,Manobra de mudança de faixa,Colisão transversal,Com Vítimas Feridas,Plena Noite,Crescente,Nublado,Múltipla,Reta,Sim,3,0,2,0,1,0,2,2,-27.60216665,-48.59666534,SPRF-SC,DEL01-SC,UOP01-DEL01-SC,2025
"712769,0",2025-08-20,quarta-feira,02:20:00,SC,101,"111,4",NAVEGANTES,Condutor Dormindo,Saída de leito carroçável,Com Vítimas Feridas,Plena Noite,Decrescente,Céu Claro,Dupla,Interseção de Vias,Não,2,0,1,0,1,0,1,1,-26.8427,-48.71662,SPRF-SC,DEL04-SC,UOP04-DEL04-SC,2025
"712778,0",2025-08-20,quarta-feira,05:40:00,SC,470,"45,0",GASPAR,Ausência de reação do condutor,Colisão com objeto,Com Vítimas Feridas,Plena Noite,Crescente,Chuva,Simples,Reta,Não,1,0,1,0,0,0,1,1,-26.86466882,-49.03370485,SPRF-SC,DEL04-SC,UOP01-DEL04-SC,2025
"712779,0",2025-08-19,terça-feira,22:35:00,SC,280,"58,0",GUARAMIRIM,Ingestão de álcool pelo condutor,Saída de leito carroçável,Com Vítimas Feridas,Plena Noite,Decrescente,Nublado,Dupla,Rotatória;Curva,Sim,4,0,3,0,0,1,3,2,-26.47448091,-49.02011331,SPRF-SC,DEL03-SC,UOP03-DEL03-SC,2025
"712811,0",2025-08-20,quarta-feira,06:00:00,SC,470,"62,5",INDAIAL,Acessar a via sem observar a presença dos outros veículos,Colisão transversal,Com Vítimas Feridas,Pleno dia,Decrescente,Chuva,Simples,Reta,Não,2,0,1,0,1,0,1,2,-26.8744347,-49.18581096,SPRF-SC,DEL04-SC,UOP01-DEL04-SC,2025
"712820,0",2025-08-20,quarta-feira,07:00:00,SC,470,"15,3",ILHOTA,Ausência de reação do condutor,Saída de leito carroçável,Sem Vítimas,Pleno dia,Crescente,Chuva,Dupla,Curva,Não,1,0,0,0,0,1,0,1,-26.83968222,-48.78550736,SPRF-SC,DEL04-SC,UOP04-DEL04-SC,2025
"712822,0",2025-08-20,quarta-feira,09:00:00,SC,101,"202,2",SAO JOSE,Demais falhas mecânicas ou elétricas,Colisão lateral mesmo sentido,Com Vítimas Feridas,Pleno dia,Crescente,Nublado,Dupla,Reta,Não,2,0,1,0,1,0,1,2,-27.559323,-48.617848,SPRF-SC,DEL01-SC,UOP01-DEL01-SC,2025
"712827,0",2025-07-15,terça-feira,11:00:00,SC,282,"16,4",PALHOCA,Acessar a via sem observar a presença dos outros veículos,Colisão transversal,Com Vítimas Feridas,Pleno dia,Decrescente,Céu Claro,Simples,Interseção de Vias,Sim,2,0,0,1,1,0,1,2,-27.66175987,-48.68464708,SPRF-SC,DEL01-SC,UOP02-DEL01-SC,2025
"712843,0",2025-08-20,quarta-feira,12:30:00,SC,101,"212,0",PALHOCA,Ausência de reação do condutor,Colisão lateral mesmo sentido,Com Vítimas Feridas,Pleno dia,Crescente,Nublado,Múltipla,Reta,Não,2,0,1,0,1,0,1,2,-27.6288138,-48.65812389,SPRF-SC,DEL01-SC,UOP02-DEL01-SC,2025
"712849,0",2025-08-20,quarta-feira,13:35:00,SC,101,"208,5",SAO JOSE,Condutor desrespeitou a iluminação vermelha do semáforo,Colisão transversal,Com Vítimas Feridas,Pleno dia,Crescente,Céu Claro,Múltipla,Aclive;Curva;Interseção de Vias;Rotatória,Sim,2,0,1,0,1,0,1,2,-27.60616001,-48.63532512,SPRF-SC,DEL01-SC,UOP01-DEL01-SC,2025
"712860,0",2025-08-20,quarta-feira,12:20:00,SC,116,"220,0",CORREIA PINTO,Pedestre cruzava a pista fora da faixa,Atropelamento de Pedestre,Com Vítimas Feridas,Pleno dia,Decrescente,Céu Claro,Simples,Reta,Sim,4,0,0,1,3,0,1,2,-27.58895547,-50.3637743,SPRF-SC,DEL05-SC,UOP03-DEL05-SC,2025
"712864,0",2025-08-20,quarta-feira,09:20:00,SC,280,"2,8",SAO FRANCISCO DO SUL,Retorno proibido,Colisão frontal,Com Vítimas Feridas,Pleno dia,Decrescente,Chuva,Simples,Reta,Não,4,0,1,0,2,1,1,3,-26.24292455,-48.61655116,SPRF-SC,DEL03-SC,UOP03-DEL03-SC,2025
"712876,0",2025-08-20,quarta-feira,16:50:00,SC,101,"209,0",FLORIANOPOLIS,Manobra de mudança de faixa,Colisão lateral mesmo sentido,Com Vítimas Feridas,Pleno dia,Decrescente,Céu Claro,Múltipla,Reta,Sim,2,0,1,0,1,0,1,2,-27.5936856,-48.60224811,SPRF-SC,DEL01-SC,UOP01-DEL01-SC,2025
"712910,0",2025-08-20,quarta-feira,17:30:00,SC,101,"119,0",ITAJAI,Transitar no Acostamento,Colisão lateral mesmo sentido,Com Vítimas Feridas,Anoitecer,Crescente,Nublado,Dupla,Reta,Não,2,0,1,0,1,0,1,2,-26.90544285,-48.71513844,SPRF-SC,DEL04-SC,UOP04-DEL04-SC,2025
"712914,0",2025-08-20,quarta-feira,16:30:00,SC,480,"125,8",CHAPECO,Pedestre cruzava a pista fora da faixa,Atropelamento de Pedestre,Com Vítimas Feridas,Pleno dia,Decrescente,Sol,Simples,Reta,Sim,2,0,1,0,1,0,1,2,-27.01107798,-52.6402448,SPRF-SC,DEL07-SC,UOP01-DEL07-SC,2025
"712917,0",2025-08-20,quarta-feira,18:50:00,SC,101,"137,0",BALNEARIO CAMBORIU,Reação tardia ou ineficiente do condutor,Tombamento,Com Vítimas Feridas,Anoitecer,Decrescente,Céu Claro,Dupla,Reta,Sim,1,0,0,1,0,0,1,1,-27.02067216,-48.6096096,SPRF-SC,DEL04-SC,UOP03-DEL04-SC,2025
"712936,0",2025-08-20,quarta-feira,19:10:00,SC,101,"303,0",LAGUNA,Ausência de reação do condutor,Colisão traseira,Com Vítimas Feridas,Plena Noite,Crescente,Ignorado,Múltipla,Reta,Sim,2,0,0,1,0,1,1,2,-28.381944,-48.769148,SPRF-SC,DEL02-SC,UOP03-DEL02-SC,2025
"712940,0",2025-08-20,quarta-feira,21:00:00,SC,101,"211,0",SAO JOSE,Velocidade Incompatível,Queda de ocupante de veículo,Com Vítimas Feridas,Plena Noite,Crescente,Céu Claro,Múltipla,Reta,Não,1,0,1,0,0,0,1,1,-27.62208538,-48.65067959,SPRF-SC,DEL01-SC,UOP02-DEL01-SC,2025
"712948,0",2025-08-20,quarta-feira,19:45:00,SC,153,"74,0",IRANI,Demais falhas mecânicas ou elétricas,Incêndio,Sem Vítimas,Plena Noite,Crescente,Céu Claro,Simples,Curva,Não,1,0,0,0,1,0,0,1,-27.08539835,-51.91073728,SPRF-SC,DEL07-SC,UOP04-DEL07-SC,2025
"712970,0",2025-08-21,quinta-feira,01:55:00,SC,101,"83,1",BARRA VELHA,Entrada inopinada do pedestre,Atropelamento de Pedestre,Com Vítimas Fatais,Plena Noite,Crescente,Nevoeiro/Neblina,Dupla,Reta,Sim,5,1,0,0,4,0,0,2,-26.622886,-48.715491,SPRF-SC,DEL03-SC,UOP02-DEL03-SC,2025
"712987,0",2025-08-21,quinta-feira,07:20:00,SC,101,"138,0",BALNEARIO CAMBORIU,Trafegar com motocicleta (ou similar) entre as faixas,Colisão lateral mesmo sentido,Sem Vítimas,Pleno dia,Decrescente,Céu Claro,Dupla,Reta,Sim,3,0,0,0,3,0,0,2,-27.020883,-48.609023,SPRF-SC,DEL04-SC,UOP03-DEL04-SC,2025
"712991,0",2025-08-16,sábado,20:30:00,SC,101,"357,0",SANGAO,Ausência de reação do condutor,Saída de leito carroçável,Com Vítimas Feridas,Plena Noite,Crescente,Céu Claro,Múltipla,Curva,Não,1,0,1,0,0,0,1,1,-28.64047558,-49.09872644,SPRF-SC,DEL02-SC,UOP01-DEL02-SC,2025
"713005,0",2025-08-21,quinta-feira,07:30:00,SC,101,"320,0",PESCARIA BRAVA,Acumulo de areia ou detritos sobre o pavimento,Queda de ocupante de veículo,Com Vítimas Feridas,Pleno dia,Crescente,Céu Claro,Dupla,Reta,Não,1,0,0,1,0,0,1,1,-28.42432294,-48.89561389,SPRF-SC,DEL02-SC,UOP01-DEL02-SC,2025
"713031,0",2025-07-17,quinta-feira,09:30:00,SC,101,"203,8",SAO JOSE,Reação tardia ou ineficiente do condutor,Colisão traseira,Com Vítimas Feridas,Pleno dia,Crescente,Céu Claro,Múltipla,Reta,Sim,3,0,1,0,2,0,1,2,-27.56958326,-48.61385521,SPRF-SC,DEL01-SC,UOP01-DEL01-SC,2025
"713039,0",2025-08-21,quinta-feira,11:47:00,SC,101,"148,0",ITAPEMA,Ausência de reação do condutor,Tombamento,Com Vítimas Feridas,Pleno dia,Crescente,Céu Claro,Dupla,Reta,Sim,1,0,1,0,0,0,1,1,-27.094176,-48.617899,SPRF-SC,DEL04-SC,UOP03-DEL04-SC,2025
"713072,0",2025-08-21,quinta-feira,15:30:00,SC,101,"211,0",PALHOCA,Demais falhas mecânicas ou elétricas,Queda de ocupante de veículo,Com Vítimas Feridas,Pleno dia,Decrescente,Céu Claro,Múltipla,Reta,Sim,2,0,2,0,0,0,2,1,-27.62270684,-48.65020752,SPRF-SC,DEL01-SC,UOP02-DEL01-SC,2025
"713073,0",2025-08-21,quinta-feira,16:40:00,SC,101,"202,7",SAO JOSE,Manobra de mudança de faixa,Colisão lateral mesmo sentido,Com Vítimas Feridas,Pleno dia,Crescente,Céu Claro,Dupla,Reta,Sim,2,0,0,1,1,0,1,2,-27.56277,-48.61594,SPRF-SC,DEL01-SC,UOP01-DEL01-SC,2025
"713074,0",2025-08-21,quinta-feira,17:00:00,SC,101,"134,0",BALNEARIO CAMBORIU,Condutor deixou de manter distância do veículo da frente,Colisão traseira,Com Vítimas Feridas,Pleno dia,Decrescente,Céu Claro,Dupla,Reta,Sim,2,0,1,1,0,0,2,2,-26.99923995,-48.64671126,SPRF-SC,DEL04-SC,UOP03-DEL04-SC,2025
"713078,0",2025-08-21,quinta-feira,17:15:00,SC,280,"5,6",SAO FRANCISCO DO SUL,Acesso irregular,Colisão lateral mesmo sentido,Com Vítimas Feridas,Anoitecer,Decrescente,Nublado,Simples,Reta,Sim,3,0,1,1,1,0,2,2,-26.26409319,-48.63113165,SPRF-SC,DEL03-SC,UOP03-DEL03-SC,2025
"713100,0",2025-08-21,quinta-feira,16:45:00,SC,282,"530,0",CORDILHEIRA ALTA,Acessar a via sem observar a presença dos outros veículos,Colisão transversal,Com Vítimas Feridas,Pleno dia,Decrescente,Céu Claro,Simples,Curva,Sim,3,0,1,0,2,0,1,2,-26.98670851,-52.60545731,SPRF-SC,DEL07-SC,UOP01-DEL07-SC,2025
"713103,0",2025-08-21,quinta-feira,18:35:00,SC,101,"143,0",ITAPEMA,Manobra de mudança de faixa,Colisão lateral mesmo sentido,Com Vítimas Feridas,Plena Noite,Decrescente,Céu Claro,Dupla,Reta,Sim,2,0,0,1,0,1,1,2,-27.06390917,-48.5959181,SPRF-SC,DEL04-SC,UOP03-DEL04-SC,2025
"713111,0",2025-08-21,quinta-feira,16:40:00,SC,116,"140,9",SANTA CECILIA,Condutor deixou de manter distância do veículo da frente,Colisão traseira,Com Vítimas Feridas,Pleno dia,Crescente,Sol,Simples,Aclive;Reta,Não,2,0,0,1,1,0,1,2,-26.968478,-50.407428,SPRF-SC,DEL06-SC,UOP02-DEL06-SC,2025
"713112,0",2025-08-21,quinta-feira,19:51:00,SC,101,"217,2",PALHOCA,Reação tardia ou ineficiente do condutor,Colisão traseira,Com Vítimas Feridas,Plena Noite,Decrescente,Céu Claro,Dupla,Reta,Sim,2,0,1,0,1,0,1,2,-27.67011661,-48.67270438,SPRF-SC,DEL01-SC,UOP02-DEL01-SC,2025
"713157,0",2025-08-21,quinta-feira,23:15:00,SC,280,"203,4",MAFRA,Transitar na contramão,Colisão frontal,Com Vítimas Feridas,Plena Noite,Decrescente,Céu Claro,Simples,Reta,Não,2,0,1,0,1,0,1,2,-26.16695,-50.106417,SPRF-SC,DEL06-SC,UOP01-DEL06-SC,2025
"713170,0",2025-07-22,terça-feira,15:00:00,SC,470,"168,9",POUSO REDONDO,Acessar a via sem observar a presença dos outros veículos,Colisão frontal,Com Vítimas Feridas,Pleno dia,Crescente,Céu Claro,Simples,Reta;Aclive,Não,2,0,2,0,0,0,2,2,-27.265411,-49.88886807,SPRF-SC,DEL04-SC,UOP02-DEL04-SC,2025
"713198,0",2025-08-22,sexta-feira,07:45:00,SC,101,"207,5",SAO JOSE,Acessar a via sem observar a presença dos outros veículos,Colisão transversal,Com Vítimas Feridas,Pleno dia,Crescente,Céu Claro,Dupla,Aclive;Reta;Interseção de Vias,Sim,2,0,1,0,1,0,1,2,-27.6019,-48.62808,SPRF-SC,DEL01-SC,UOP01-DEL01-SC,2025
"713206,0",2025-08-22,sexta-feira,08:00:00,SC,116,"5,3",MAFRA,Transitar na contramão,Colisão frontal,Com Vítimas Feridas,Pleno dia,Crescente,Céu Claro,Simples,Rotatória;Reta,Sim,2,0,1,0,1,0,1,2,-26.1455777,-49.8214122,SPRF-SC,DEL06-SC,UOP01-DEL06-SC,2025
"713231,0",2025-08-22,sexta-feira,10:13:00,SC,282,"16,3",PALHOCA,Trafegar com motocicleta (ou similar) entre as faixas,Colisão transversal,Com Vítimas Feridas,Pleno dia,Crescente,Céu Claro,Simples,Interseção de Vias;Reta,Sim,2,0,2,0,0,0,2,2,-27.66162505,-48.68452393,SPRF-SC,DEL01-SC,UOP02-DEL01-SC,2025
"713236,0",2025-08-22,sexta-feira,10:15:00,SC,101,"43,0",JOINVILLE,Desrespeitar a preferência no cruzamento,Colisão transversal,Sem Vítimas,Pleno dia,Crescente,Sol,Simples,Reta;Declive,Não,2,0,0,0,2,0,0,2,-26.333511,-48.861317,SPRF-SC,DEL03-SC,UOP01-DEL03-SC,2025
"713249,0",2025-08-22,sexta-feira,10:37:00,SC,101,"416,7",ARARANGUA,Manobra de mudança de faixa,Colisão lateral mesmo sentido,Com Vítimas Feridas,Pleno dia,Crescente,Céu Claro,Múltipla,Reta,Sim,2,0,1,0,1,0,1,2,-28.97931204,-49.53598022,SPRF-SC,DEL02-SC,UOP02-DEL02-SC,2025
"713256,0",2025-08-22,sexta-feira,12:50:00,SC,280,"58,0",GUARAMIRIM,Condutor deixou de manter distância do veículo da frente,Colisão traseira,Com Vítimas Feridas,Pleno dia,Crescente,Sol,Dupla,Reta,Não,2,0,1,0,1,0,1,2,-26.474275,-49.023616,SPRF-SC,DEL03-SC,UOP03-DEL03-SC,2025