id,data_inversa,dia_semana,horario,uf,br,km,municipio,causa_acidente,tipo_acidente,classificacao_acidente,fase_dia,sentido_via,condicao_metereologica,tipo_pista,tracado_via,uso_solo,pessoas,mortos,feridos_leves,feridos_graves,ilesos,ignorados,feridos,veiculos,latitude,longitude,regional,delegacia,uop,ano_arquivo
"716339,0",2025-09-05,sexta-feira,17:40:00,SC,101,"52,0",JOINVILLE,Reação tardia ou ineficiente do condutor,Colisão traseira,Com Vítimas Feridas,Anoitecer,Decrescente,Chuva,Dupla,Reta,Sim,3,0,1,0,2,0,1,3,-26.403698,-48.8390566,SPRF-SC,DEL03-SC,UOP01-DEL03-SC,2025
"716353,0",2025-07-27,domingo,10:45:00,SC,470,"179,0",POUSO REDONDO,Conversão proibida,Saída de leito carroçável,Com Vítimas Feridas,Pleno dia,Decrescente,Nublado,Simples,Reta,Não,4,0,3,0,0,1,3,2,-27.24853868,-49.98291202,SPRF-SC,DEL04-SC,UOP02-DEL04-SC,2025
"716359,0",2025-09-05,sexta-feira,18:30:00,SC,282,"1,9",FLORIANOPOLIS,Condutor deixou de manter distância do veículo da frente,Colisão traseira,Com Vítimas Feridas,Plena Noite,Crescente,Chuva,Múltipla,Reta,Sim,3,0,2,0,1,0,2,2,-27.60362582,-48.58675417,SPRF-SC,DEL01-SC,UOP01-DEL01-SC,2025
"716367,0",2025-09-05,sexta-feira,14:00:00,SC,101,"275,6",IMBITUBA,Velocidade Incompatível,Saída de leito carroçável,Com Vítimas Feridas,Pleno dia,Crescente,Garoa/Chuvisco,Múltipla,Reta,Sim,1,0,1,0,0,0,1,1,-28.15453572,-48.69261861,SPRF-SC,DEL02-SC,UOP03-DEL02-SC,2025
"716375,0",2025-09-05,sexta-feira,19:15:00,SC,101,"343,4",TUBARAO,Condutor deixou de manter distância do veículo da frente,Colisão traseira,Com Vítimas Feridas,Plena Noite,Crescente,Chuva,Dupla,Reta,Não,5,0,1,0,4,0,1,3,-28.54257994,-49.05331135,SPRF-SC,DEL02-SC,UOP01-DEL02-SC,2025
"716381,0",2025-09-05,sexta-feira,19:50:00,SC,470,"126,0",LONTRAS,Velocidade Incompatível,Saída de leito carroçável,Com Vítimas Feridas,Plena Noite,Decrescente,Chuva,Simples,Reta,Sim,1,0,1,0,0,0,1,1,-27.1339142,-49.5413026,SPRF-SC,DEL04-SC,UOP02-DEL04-SC,2025
"716512,0",2025-09-06,sábado,10:25:00,SC,101,"112,0",ITAJAI,Ausência de reação do condutor,Colisão lateral mesmo sentido,Com Vítimas Feridas,Pleno dia,Decrescente,Nublado,Dupla,Reta,Sim,2,0,1,0,1,0,1,2,-26.84607534,-48.72076035,SPRF-SC,DEL04-SC,UOP04-DEL04-SC,2025
"716513,0",2025-09-06,sábado,08:30:00,SC,101,"74,0",ARAQUARI,Reação tardia ou ineficiente do condutor,Tombamento,Com Vítimas Feridas,Pleno dia,Crescente,Nublado,Múltipla,Reta,Não,3,0,3,0,0,0,3,1,-26.53981305,-48.71250853,SPRF-SC,DEL03-SC,UOP02-DEL03-SC,2025
"716534,0",2025-09-06,sábado,11:05:00,SC,280,"31,2",ARAQUARI,Acessar a via sem observar a presença dos outros veículos,Colisão transversal,Com Vítimas Feridas,Pleno dia,Decrescente,Nublado,Simples,Reta,Sim,4,0,2,0,2,0,2,3,-26.416992,-48.774142,SPRF-SC,DEL03-SC,UOP03-DEL03-SC,2025
"716540,0",2025-09-06,sábado,11:20:00,SC,470,"143,1",RIO DO SUL,Desrespeitar a preferência no cruzamento,Colisão transversal,Com Vítimas Feridas,Pleno dia,Crescente,Chuva,Simples,Reta,Não,3,0,3,0,0,0,3,2,-27.21904297,-49.65709655,SPRF-SC,DEL04-SC,UOP02-DEL04-SC,2025
"716543,0",2025-09-06,sábado,10:10:00,SC,282,"338,0",CAMPOS NOVOS,Ausência de reação do condutor,Colisão frontal,Com Vítimas Feridas,Pleno dia,Crescente,Nublado,Simples,Reta,Não,5,0,2,2,1,0,4,2,-27.392515,-51.177289,SPRF-SC,DEL07-SC,UOP06-DEL07-SC,2025
"716561,0",2025-09-06,sábado,12:35:00,SC,470,"85,0",RODEIO,Ultrapassagem Indevida,Colisão frontal,Com Vítimas Feridas,Pleno dia,Decrescente,Nublado,Simples,Reta;Declive,Não,2,0,0,1,1,0,1,2,-26.96079542,-49.32594951,SPRF-SC,DEL04-SC,UOP01-DEL04-SC,2025
"716568,0",2025-08-09,sábado,18:00:00,SC,280,"6,0",SAO FRANCISCO DO SUL,Ausência de reação do condutor,Colisão transversal,Com Vítimas Feridas,Plena Noite,Decrescente,Nublado,Simples,Reta,Não,3,0,2,0,1,0,2,2,-26.25784794,-48.62314638,SPRF-SC,DEL03-SC,UOP03-DEL03-SC,2025
"716575,0",2025-09-06,sábado,06:30:00,SC,116,"131,0",SANTA CECILIA,Condutor Dormindo,Saída de leito carroçável,Com Vítimas Feridas,Pleno dia,Decrescente,Garoa/Chuvisco,Simples,Reta,Não,2,0,1,0,1,0,1,1,-26.9020856,-50.438083,SPRF-SC,DEL06-SC,UOP02-DEL06-SC,2025
"716589,0",2025-09-06,sábado,15:20:00,SC,101,"3,5",GARUVA,Acessar a via sem observar a presença dos outros veículos,Colisão lateral mesmo sentido,Sem Vítimas,Pleno dia,Decrescente,Chuva,Dupla,Curva,Não,2,0,0,0,2,0,0,2,-26.00588779,-48.86714101,SPRF-SC,DEL03-SC,UOP01-DEL03-SC,2025
"716595,0",2025-09-06,sábado,16:00:00,SC,101,"38,5",JOINVILLE,Desrespeitar a preferência no cruzamento,Colisão transversal,Com Vítimas Feridas,Pleno dia,Decrescente,Garoa/Chuvisco,Múltipla,Interseção de Vias;Rotatória,Sim,2,0,1,0,1,0,1,2,-26.29658736,-48.88439052,SPRF-SC,DEL03-SC,UOP01-DEL03-SC,2025
"716607,0",2025-09-06,sábado,16:30:00,SC,101,"7,6",GARUVA,Demais falhas mecânicas ou elétricas,Incêndio,Sem Vítimas,Pleno dia,Decrescente,Chuva,Dupla,Reta,Não,1,0,0,0,1,0,0,1,-26.04006699,-48.85967128,SPRF-SC,DEL03-SC,UOP01-DEL03-SC,2025
"716614,0",2025-09-06,sábado,15:50:00,SC,470,"126,0",LONTRAS,Acessar a via sem observar a presença dos outros veículos,Colisão transversal,Com Vítimas Feridas,Pleno dia,Decrescente,Garoa/Chuvisco,Simples,Rotatória,Não,5,0,1,0,4,0,1,2,-27.13611676,-49.54258051,SPRF-SC,DEL04-SC,UOP02-DEL04-SC,2025
"716680,0",2025-09-06,sábado,22:10:00,SC,101,"210,3",SAO JOSE,Condutor Dormindo,Colisão com objeto,Com Vítimas Feridas,Plena Noite,Crescente,Nublado,Múltipla,Declive,Sim,1,0,0,1,0,0,1,1,-27.61613713,-48.64520486,SPRF-SC,DEL01-SC,UOP01-DEL01-SC,2025
"716685,0",2025-09-06,sábado,22:20:00,SC,101,"41,2",JOINVILLE,Demais falhas mecânicas ou elétricas,Colisão com objeto,Com Vítimas Feridas,Plena Noite,Decrescente,Chuva,Dupla,Curva,Sim,2,0,1,0,1,0,1,2,-26.31382866,-48.87353746,SPRF-SC,DEL03-SC,UOP01-DEL03-SC,2025
"716705,0",2025-09-06,sábado,23:30:00,SC,101,"192,0",BIGUACU,Ingestão de álcool pelo condutor,Colisão traseira,Sem Vítimas,Plena Noite,Decrescente,Nublado,Dupla,Interseção de Vias;Reta,Sim,3,0,0,0,3,0,0,2,-27.487343,-48.6500077,SPRF-SC,DEL01-SC,UOP01-DEL01-SC,2025
"716719,0",2025-09-07,domingo,03:45:00,SC,101,"208,0",FLORIANOPOLIS,Condutor deixou de manter distância do veículo da frente,Colisão traseira,Com Vítimas Feridas,Plena Noite,Crescente,Céu Claro,Múltipla,Reta,Não,3,0,2,0,0,1,2,2,-27.5939328,-48.5588992,SPRF-SC,DEL01-SC,UOP01-DEL01-SC,2025
"716729,0",2025-09-07,domingo,04:50:00,SC,282,"505,3",XANXERE,Reação tardia ou ineficiente do condutor,Colisão traseira,Sem Vítimas,Plena Noite,Decrescente,Nublado,Dupla,Reta,Sim,2,0,0,0,2,0,0,2,-26.886058,-52.420651,SPRF-SC,DEL07-SC,UOP01-DEL07-SC,2025
"716743,0",2025-09-07,domingo,06:00:00,SC,101,"279,0",IMBITUBA,Condutor Dormindo,Saída de leito carroçável,Sem Vítimas,Amanhecer,Crescente,Nublado,Simples,Reta,Não,1,0,0,0,1,0,0,1,-28.187874,-48.69683,SPRF-SC,DEL02-SC,UOP03-DEL02-SC,2025
"716771,0",2025-09-07,domingo,10:20:00,SC,470,"90,1",ASCURRA,Acessar a via sem observar a presença dos outros veículos,Colisão transversal,Com Vítimas Feridas,Pleno dia,Decrescente,Nublado,Simples,Reta,Não,3,0,1,0,2,0,1,2,-26.9705117,-49.36725855,SPRF-SC,DEL04-SC,UOP01-DEL04-SC,2025
"716789,0",2025-09-07,domingo,07:00:00,SC,480,"127,0",CHAPECO,Avarias e/ou desgaste excessivo no pneu,Eventos atípicos,Sem Vítimas,Pleno dia,Crescente,Céu Claro,Dupla,Reta,Sim,1,0,0,0,0,1,0,1,-27.0263077,-52.63432568,SPRF-SC,DEL07-SC,UOP01-DEL07-SC,2025
"716796,0",2025-09-07,domingo,12:30:00,SC,101,"41,0",JOINVILLE,Desrespeitar a preferência no cruzamento,Colisão transversal,Com Vítimas Feridas,Pleno dia,Crescente,Chuva,Dupla,Interseção de Vias,Sim,2,0,1,0,1,0,1,2,-26.318422,-48.872135,SPRF-SC,DEL03-SC,UOP01-DEL03-SC,2025
"716806,0",2025-09-07,domingo,12:00:00,SC,280,"106,6",SAO BENTO DO SUL,Acessar a via sem observar a presença dos outros veículos,Colisão transversal,Com Vítimas Feridas,Pleno dia,Crescente,Nublado,Simples,Curva,Não,3,0,2,0,1,0,2,2,-26.344038,-49.375678,SPRF-SC,DEL06-SC,UOP03-DEL06-SC,2025
"716840,0",2025-09-07,domingo,16:20:00,SC,116,"273,4",CAPAO ALTO,Reação tardia ou ineficiente do condutor,Colisão transversal,Com Vítimas Feridas,Pleno dia,Crescente,Nublado,Simples,Reta,Não,3,0,1,1,1,0,2,2,-27.9918373,-50.5247,SPRF-SC,DEL05-SC,UOP02-DEL05-SC,2025
"716848,0",2025-09-07,domingo,17:00:00,SC,101,"136,0",BALNEARIO CAMBORIU,Curva acentuada,Atropelamento de Pedestre,Com Vítimas Feridas,Pleno dia,Decrescente,Nublado,Simples,Curva,Sim,2,0,1,0,1,0,1,2,-27.01169712,-48.61371875,SPRF-SC,DEL04-SC,UOP03-DEL04-SC,2025
"716849,0",2025-09-07,domingo,18:20:00,SC,280,"22,0",ARAQUARI,Acessar a via sem observar a presença dos outros veículos,Colisão transversal,Com Vítimas Feridas,Anoitecer,Crescente,Chuva,Simples,Reta,Sim,2,0,1,0,1,0,1,2,-26.371145,-48.706095,SPRF-SC,DEL03-SC,UOP03-DEL03-SC,2025
"716850,0",2025-09-07,domingo,18:20:00,SC,101,"214,2",PALHOCA,Demais falhas mecânicas ou elétricas,Colisão traseira,Com Vítimas Feridas,Plena Noite,Crescente,Céu Claro,Múltipla,Aclive;Reta,Não,4,0,1,2,1,0,3,2,-27.64619,-48.67192,SPRF-SC,DEL01-SC,UOP02-DEL01-SC,2025
"716887,0",2025-09-07,domingo,18:00:00,SC,101,"65,0",ARAQUARI,Deficiência do Sistema de Iluminação/Sinalização,Saída de leito carroçável,Com Vítimas Feridas,Anoitecer,Crescente,Chuva,Simples,Curva,Não,4,0,4,0,0,0,4,1,-26.47995389,-48.73736,SPRF-SC,DEL03-SC,UOP02-DEL03-SC,2025
"716890,0",2025-09-07,domingo,19:30:00,SC,101,"153,0",PORTO BELO,Condutor deixou de manter distância do veículo da frente,Colisão traseira,Com Vítimas Feridas,Plena Noite,Decrescente,Chuva,Dupla,Reta,Sim,2,0,0,1,1,0,1,2,-27.13879872,-48.60984698,SPRF-SC,DEL04-SC,UOP03-DEL04-SC,2025
"716912,0",2025-09-07,domingo,21:10:00,SC,470,"330,0",CAMPOS NOVOS,Ingestão de álcool pelo condutor,Saída de leito carroçável,Com Vítimas Feridas,Plena Noite,Decrescente,Céu Claro,Simples,Reta,Não,2,0,1,0,1,0,1,1,-27.4304421,-51.24315262,SPRF-SC,DEL07-SC,UOP06-DEL07-SC,2025
"716919,0",2025-09-07,domingo,21:40:00,SC,101,"71,0",ARAQUARI,Reação tardia ou ineficiente do condutor,Saída de leito carroçável,Com Vítimas Feridas,Plena Noite,Crescente,Chuva,Dupla,Reta,Não,2,0,1,0,1,0,1,1,-26.51526599,-48.72097341,SPRF-SC,DEL03-SC,UOP02-DEL03-SC,2025
"716929,0",2025-09-08,segunda-feira,00:00:00,SC,470,"137,0",RIO DO SUL,Reação tardia ou ineficiente do condutor,Saída de leito carroçável,Sem Vítimas,Plena Noite,Decrescente,Garoa/Chuvisco,Simples,Reta,Sim,1,0,0,0,0,1,0,1,-27.1836076,-49.6018917,SPRF-SC,DEL04-SC,UOP02-DEL04-SC,2025
"716939,0",2025-09-08,segunda-feira,04:30:00,SC,470,"119,0",IBIRAMA,Reação tardia ou ineficiente do condutor,Colisão transversal,Com Vítimas Feridas,Plena Noite,Crescente,Garoa/Chuvisco,Simples,Interseção de Vias,Não,2,0,1,0,1,0,1,2,-27.0820584,-49.52062223,SPRF-SC,DEL04-SC,UOP02-DEL04-SC,2025
"716944,0",2025-09-07,domingo,21:15:00,SC,282,"518,0",XAXIM,Ingestão de álcool pelo condutor,Saída de leito carroçável,Sem Vítimas,Plena Noite,Crescente,Chuva,Simples,Reta,Não,1,0,0,0,0,1,0,1,-26.94566592,-52.51317838,SPRF-SC,DEL07-SC,UOP01-DEL07-SC,2025
"716956,0",2025-09-08,segunda-feira,06:45:00,SC,101,"259,0",PAULO LOPES,Ausência de reação do condutor,Colisão com objeto,Com Vítimas Feridas,Pleno dia,Crescente,Chuva,Dupla,Reta;Em Obras,Sim,2,0,0,1,1,0,1,1,-28.014463,-48.695131,SPRF-SC,DEL02-SC,UOP03-DEL02-SC,2025
"716957,0",2025-09-08,segunda-feira,06:30:00,SC,101,"33,0",AGUAS MORNAS,Pista Escorregadia,Saída de leito carroçável,Sem Vítimas,Pleno dia,Crescente,Chuva,Simples,Reta,Não,1,0,0,0,1,0,0,1,-27.71282434,-48.86033677,SPRF-SC,DEL03-SC,UOP01-DEL03-SC,2025
"716958,0",2025-09-08,segunda-feira,07:30:00,SC,280,"122,0",SAO BENTO DO SUL,Desrespeitar a preferência no cruzamento,Colisão transversal,Sem Vítimas,Amanhecer,Crescente,Nublado,Simples,Interseção de Vias;Curva,Não,2,0,0,0,1,1,0,2,-26.245406,-49.460411,SPRF-SC,DEL06-SC,UOP03-DEL06-SC,2025
"716960,0",2025-09-08,segunda-feira,07:30:00,SC,101,"199,9",SAO JOSE,Reação tardia ou ineficiente do condutor,Colisão traseira,Com Vítimas Feridas,Pleno dia,Crescente,Chuva,Múltipla,Reta,Sim,2,0,1,0,1,0,1,2,-27.538412,-48.625055,SPRF-SC,DEL01-SC,UOP01-DEL01-SC,2025
"716962,0",2025-09-08,segunda-feira,06:55:00,SC,101,"141,7",BALNEARIO CAMBORIU,Velocidade Incompatível,Tombamento,Com Vítimas Feridas,Pleno dia,Crescente,Chuva,Dupla,Curva,Sim,1,0,1,0,0,0,1,1,-27.055138,-48.600263,SPRF-SC,DEL04-SC,UOP03-DEL04-SC,2025
"716969,0",2025-08-03,domingo,07:20:00,SC,101,"138,7",BALNEARIO CAMBORIU,Manobra de mudança de faixa,Capotamento,Com Vítimas Feridas,Pleno dia,Decrescente,Nublado,Dupla,Curva,Não,2,0,2,0,0,0,2,1,-27.02849,-48.60481,SPRF-SC,DEL04-SC,UOP03-DEL04-SC,2025
"716980,0",2025-09-08,segunda-feira,08:15:00,SC,101,"39,0",JOINVILLE,Ausência de reação do condutor,Engavetamento,Com Vítimas Feridas,Pleno dia,Decrescente,Chuva,Dupla,Reta,Sim,3,0,1,0,2,0,1,3,-26.29820327,-48.88366096,SPRF-SC,DEL03-SC,UOP01-DEL03-SC,2025
"716982,0",2025-09-08,segunda-feira,07:50:00,SC,101,"21,0",JOINVILLE,Avarias e/ou desgaste excessivo no pneu,Colisão com objeto,Com Vítimas Feridas,Pleno dia,Crescente,Garoa/Chuvisco,Dupla,Reta,Não,1,0,1,0,0,0,1,1,-26.14958265,-48.90950203,SPRF-SC,DEL03-SC,UOP01-DEL03-SC,2025
"716992,0",2025-09-08,segunda-feira,10:30:00,SC,101,"192,0",BIGUACU,Demais falhas mecânicas ou elétricas,Tombamento,Com Vítimas Feridas,Pleno dia,Decrescente,Garoa/Chuvisco,Simples,Declive,Sim,1,0,1,0,0,0,1,1,-27.4866683,-48.6495927,SPRF-SC,DEL01-SC,UOP01-DEL01-SC,2025
"717003,0",2025-09-08,segunda-feira,12:10:00,SC,282,"54,0",AGUAS MORNAS,Reação tardia ou ineficiente do condutor,Colisão frontal,Com Vítimas Fatais,Pleno dia,Decrescente,Chuva,Simples,Curva;Aclive,Não,4,2,1,1,0,0,2,2,-27.687972,-48.97699,SPRF-SC,DEL01-SC,UOP03-DEL01-SC,2025
"717008,0",2025-09-08,segunda-feira,11:27:00,SC,101,"133,7",BALNEARIO CAMBORIU,Acessar a via sem observar a presença dos outros veículos,Colisão transversal,Com Vítimas Feridas,Pleno dia,Crescente,Chuva,Simples,Interseção de Vias;Rotatória,Sim,2,0,1,0,1,0,1,2,-27.00206177,-48.63808393,SPRF-SC,DEL04-SC,UOP03-DEL04-SC,2025
"717014,0",2025-09-08,segunda-feira,07:20:00,SC,280,"67,0",JARAGUA DO SUL,Transitar na contramão,Colisão transversal,Com Vítimas Feridas,Pleno dia,Decrescente,Chuva,Simples,Reta,Não,2,0,1,0,1,0,1,2,-26.4768,-49.1047,SPRF-SC,DEL03-SC,UOP03-DEL03-SC,2025
"717021,0",2025-09-08,segunda-feira,11:50:00,SC,101,"227,0",PALHOCA,Reação tardia ou ineficiente do condutor,Saída de leito carroçável,Com Vítimas Feridas,Pleno dia,Crescente,Chuva,Dupla,Reta,Não,1,0,0,1,0,0,1,1,-27.74744372,-48.6362478,SPRF-SC,DEL01-SC,UOP02-DEL01-SC,2025
"717025,0",2025-09-08,segunda-feira,07:50:00,SC,280,"28,6",ARAQUARI,Acessar a via sem observar a presença dos outros veículos,Colisão transversal,Com Vítimas Feridas,Pleno dia,Decrescente,Chuva,Simples,Reta,Não,2,0,1,0,1,0,1,2,-26.408314,-48.750066,SPRF-SC,DEL03-SC,UOP03-DEL03-SC,2025
"717034,0",2025-09-08,segunda-feira,13:40:00,SC,470,"128,2",LONTRAS,Pista Escorregadia,Colisão transversal,Com Vítimas Feridas,Pleno dia,Crescente,Garoa/Chuvisco,Simples,Curva,Não,2,0,0,1,1,0,1,2,-27.1460213,-49.5499677,SPRF-SC,DEL04-SC,UOP02-DEL04-SC,2025
"717043,0",2025-09-08,segunda-feira,13:50:00,SC,101,"49,0",JOINVILLE,Velocidade Incompatível,Colisão com objeto,Com Vítimas Feridas,Pleno dia,Decrescente,Garoa/Chuvisco,Dupla,Reta,Não,1,0,1,0,0,0,1,1,-26.37891383,-48.85156631,SPRF-SC,DEL03-SC,UOP01-DEL03-SC,2025
"717048,0",2025-09-04,quinta-feira,23:00:00,SC,101,"133,0",BALNEARIO CAMBORIU,Acessar a via sem observar a presença dos outros veículos,Tombamento,Com Vítimas Feridas,Plena Noite,Decrescente,Garoa/Chuvisco,Múltipla,Interseção de Vias,Não,2,0,1,0,1,0,1,2,-26.99756404,-48.65015924,SPRF-SC,DEL04-SC,UOP03-DEL04-SC,2025
"717094,0",2025-09-08,segunda-feira,17:10:00,SC,280,"28,0",ARAQUARI,Trafegar com motocicleta (ou similar) entre as faixas,Colisão transversal,Com Vítimas Feridas,Anoitecer,Decrescente,Garoa/Chuvisco,Simples,Reta,Sim,2,0,1,0,1,0,1,2,-26.40422827,-48.74532938,SPRF-SC,DEL03-SC,UOP03-DEL03-SC,2025
"717096,0",2025-08-10,domingo,18:50:00,SC,101,"210,1",SAO JOSE,Condutor deixou de manter distância do veículo da frente,Colisão traseira,Com Vítimas Feridas,Plena Noite,Crescente,Céu Claro,Dupla,Reta,Não,2,0,0,1,1,0,1,2,-27.61358073,-48.6423111,SPRF-SC,DEL01-SC,UOP01-DEL01-SC,2025
"717100,0",2025-09-08,segunda-feira,14:25:00,SC,470,"98,8",APIUNA,Reação tardia ou ineficiente do condutor,Colisão traseira,Com Vítimas Feridas,Pleno dia,Decrescente,Garoa/Chuvisco,Simples,Reta,Sim,2,0,1,0,1,0,1,2,-27.039,-49.394925,SPRF-SC,DEL04-SC,UOP02-DEL04-SC,2025
"717103,0",2025-08-15,sexta-feira,09:30:00,SC,116,"52,3",PAPANDUVA,Ausência de reação do condutor,Colisão transversal,Sem Vítimas,Pleno dia,Crescente,Ignorado,Simples,Reta,Não,2,0,0,0,0,2,0,2,-26.39048958,-50.14640647,SPRF-SC,DEL06-SC,UOP01-DEL06-SC,2025
"717115,0",2025-09-08,segunda-feira,19:50:00,SC,163,"108,8",GUARUJA DO SUL,Ultrapassagem Indevida,Colisão frontal,Com Vítimas Feridas,Plena Noite,Crescente,Chuva,Simples,Reta;Aclive,Não,2,0,1,0,1,0,1,2,-26.41503904,-53.52448618,SPRF-SC,DEL07-SC,UOP03-DEL07-SC,2025
"717146,0",2025-09-09,terça-feira,05:20:00,SC,101,"85,9",BARRA VELHA,Reação tardia ou ineficiente do condutor,Colisão com objeto,Com Vítimas Fatais,Plena Noite,Decrescente,Garoa/Chuvisco,Múltipla,Reta,Sim,2,1,0,1,0,0,1,1,-26.636436,-48.697305,SPRF-SC,DEL03-SC,UOP02-DEL03-SC,2025
"717158,0",2025-09-09,terça-feira,07:00:00,SC,101,"33,0",JOINVILLE,Desrespeitar a preferência no cruzamento,Queda de ocupante de veículo,Com Vítimas Feridas,Pleno dia,Crescente,Chuva,Dupla,Viaduto,Não,1,0,1,0,0,0,1,1,-26.2565499,-48.904953,SPRF-SC,DEL03-SC,UOP01-DEL03-SC,2025
"717160,0",2025-09-09,terça-feira,07:45:00,SC,101,"210,4",SAO JOSE,Manobra de mudança de faixa,Colisão traseira,Com Vítimas Feridas,Pleno dia,Crescente,Nublado,Múltipla,Reta,Sim,2,0,0,1,1,0,1,2,-27.61968,-48.64841,SPRF-SC,DEL01-SC,UOP01-DEL01-SC,2025
"717164,0",2025-09-09,terça-feira,08:00:00,SC,101,"212,3",PALHOCA,Manobra de mudança de faixa,Colisão lateral mesmo sentido,Com Vítimas Feridas,Pleno dia,Decrescente,Nublado,Múltipla,Reta,Sim,3,0,1,0,2,0,1,3,-27.63239,-48.66124,SPRF-SC,DEL01-SC,UOP02-DEL01-SC,2025
"717173,0",2025-09-09,terça-feira,07:45:00,SC,101,"119,6",ITAJAI,Ausência de reação do condutor,Colisão lateral mesmo sentido,Com Vítimas Feridas,Pleno dia,Decrescente,Céu Claro,Dupla,Reta,Não,2,0,1,0,1,0,1,2,-26.90484308,-48.71515688,SPRF-SC,DEL04-SC,UOP04-DEL04-SC,2025
"717180,0",2025-09-09,terça-feira,08:55:00,SC,101,"217,6",PALHOCA,Velocidade Incompatível,Saída de leito carroçável,Com Vítimas Feridas,Pleno dia,Decrescente,Céu Claro,Múltipla,Reta,Não,1,0,1,0,0,0,1,1,-27.67557098,-48.66975278,SPRF-SC,DEL01-SC,UOP02-DEL01-SC,2025
"717194,0",2025-09-04,quinta-feira,21:05:00,SC,280,"47,0",GUARAMIRIM,Acessar a via sem observar a presença dos outros veículos,Colisão transversal,Com Vítimas Feridas,Plena Noite,Decrescente,Céu Claro,Simples,Desvio Temporário;Em Obras,Não,2,0,0,1,1,0,1,2,-26.46338371,-48.94944398,SPRF-SC,DEL03-SC,UOP03-DEL03-SC,2025
"717196,0",2025-09-09,terça-feira,08:00:00,SC,116,"179,9",SAO CRISTOVAO DO SUL,Acessar a via sem observar a presença dos outros veículos,Colisão transversal,Com Vítimas Feridas,Pleno dia,Decrescente,Chuva,Simples,Reta;Interseção de Vias,Sim,3,0,1,0,2,0,1,2,-27.265707,-50.441949,SPRF-SC,DEL05-SC,UOP03-DEL05-SC,2025
"717240,0",2025-09-09,terça-feira,15:00:00,SC,282,"0,2",FLORIANOPOLIS,Condutor deixou de manter distância do veículo da frente,Colisão traseira,Com Vítimas Feridas,Pleno dia,Crescente,Céu Claro,Múltipla,Aclive,Sim,2,0,2,0,0,0,2,2,-27.59824957,-48.57315151,SPRF-SC,DEL01-SC,UOP01-DEL01-SC,2025
"717260,0",2025-09-09,terça-feira,14:45:00,SC,101,"152,1",PORTO BELO,Velocidade Incompatível,Colisão traseira,Com Vítimas Fatais,Pleno dia,Crescente,Céu Claro,Múltipla,Reta,Não,2,1,1,0,0,0,1,2,-27.1368839,-48.61011114,SPRF-SC,DEL04-SC,UOP03-DEL04-SC,2025
"717278,0",2025-09-09,terça-feira,18:00:00,SC,101,"212,7",PALHOCA,Acessar a via sem observar a presença dos outros veículos,Colisão lateral mesmo sentido,Com Vítimas Feridas,Plena Noite,Decrescente,Ignorado,Múltipla,Reta,Sim,2,0,1,0,1,0,1,2,-27.63483,-48.66314,SPRF-SC,DEL01-SC,UOP02-DEL01-SC,2025
"717294,0",2025-09-09,terça-feira,19:20:00,SC,101,"118,4",ITAJAI,Ausência de reação do condutor,Colisão traseira,Com Vítimas Feridas,Anoitecer,Decrescente,Céu Claro,Dupla,Reta,Não,2,0,1,0,1,0,1,2,-26.89833697,-48.71783908,SPRF-SC,DEL04-SC,UOP04-DEL04-SC,2025
"717304,0",2025-09-09,terça-feira,19:35:00,SC,101,"132,4",CAMBORIU,Reação tardia ou ineficiente do condutor,Colisão lateral mesmo sentido,Sem Vítimas,Plena Noite,Decrescente,Céu Claro,Simples,Reta,Sim,2,0,0,0,2,0,0,2,-26.99780781,-48.65329742,SPRF-SC,DEL04-SC,UOP03-DEL04-SC,2025
"717311,0",2025-09-09,terça-feira,22:00:00,SC,101,"215,5",PALHOCA,Redutor de velocidade em desacordo,Colisão frontal,Com Vítimas Feridas,Plena Noite,Crescente,Céu Claro,Dupla,Viaduto,Sim,2,0,0,1,1,0,1,2,-27.65075177,-48.67471218,SPRF-SC,DEL01-SC,UOP02-DEL01-SC,2025
"717351,0",2025-09-10,quarta-feira,07:30:00,SC,101,"112,0",NAVEGANTES,Manobra de mudança de faixa,Colisão lateral mesmo sentido,Com Vítimas Feridas,Pleno dia,Crescente,Céu Claro,Múltipla,Interseção de Vias;Viaduto,Sim,2,0,1,0,1,0,1,2,-26.84418475,-48.71710718,SPRF-SC,DEL04-SC,UOP04-DEL04-SC,2025
"717363,0",2025-09-10,quarta-feira,06:40:00,SC,282,"517,9",XAXIM,Ingestão de álcool pelo condutor,Saída de leito carroçável,Com Vítimas Feridas,Plena Noite,Crescente,Nevoeiro/Neblina,Simples,Reta,Não,1,0,1,0,0,0,1,1,-26.942858,-52.50627,SPRF-SC,DEL07-SC,UOP01-DEL07-SC,2025
"717365,0",2025-09-10,quarta-feira,08:30:00,SC,101,"199,0",SAO JOSE,Acessar a via sem observar a presença dos outros veículos,Colisão lateral mesmo sentido,Com Vítimas Feridas,Pleno dia,Crescente,Céu Claro,Dupla,Reta,Sim,2,0,0,1,1,0,1,2,-27.53214327,-48.63136467,SPRF-SC,DEL01-SC,UOP01-DEL01-SC,2025
"717377,0",2025-09-10,quarta-feira,10:18:00,SC,101,"144,6",ITAPEMA,Manobra de mudança de faixa,Colisão traseira,Com Vítimas Feridas,Pleno dia,Decrescente,Sol,Dupla,Reta,Não,2,0,1,0,1,0,1,2,-27.07989519,-48.60022187,SPRF-SC,DEL04-SC,UOP03-DEL04-SC,2025