id,data_inversa,dia_semana,horario,uf,br,km,municipio,causa_acidente,tipo_acidente,classificacao_acidente,fase_dia,sentido_via,condicao_metereologica,tipo_pista,tracado_via,uso_solo,pessoas,mortos,feridos_leves,feridos_graves,ilesos,ignorados,feridos,veiculos,latitude,longitude,regional,delegacia,uop,ano_arquivo
"717380,0",2025-09-09,terça-feira,13:00:00,SC,101,"151,8",ITAPEMA,Ingestão de álcool pelo condutor,Colisão traseira,Sem Vítimas,Pleno dia,Decrescente,Céu Claro,Simples,Reta,Sim,3,0,0,0,1,2,0,3,-27.13370196,-48.61003876,SPRF-SC,DEL04-SC,UOP03-DEL04-SC,2025
"717385,0",2025-09-01,segunda-feira,17:45:00,SC,280,"304,6",PORTO UNIAO,Acesso irregular,Colisão transversal,Com Vítimas Feridas,Anoitecer,Decrescente,Céu Claro,Simples,Curva;Declive,Sim,2,0,0,1,1,0,1,2,-26.2716333,-51.0552179,SPRF-SC,DEL06-SC,UOP04-DEL06-SC,2025
"717390,0",2025-09-10,quarta-feira,10:50:00,SC,480,"129,0",CHAPECO,Ausência de reação do condutor,Colisão traseira,Sem Vítimas,Pleno dia,Crescente,Céu Claro,Múltipla,Reta;Em Obras,Não,7,0,0,0,6,1,0,3,-27.04153466,-52.63551652,SPRF-SC,DEL07-SC,UOP01-DEL07-SC,2025
"717391,0",2025-09-10,quarta-feira,12:00:00,SC,470,"126,0",LONTRAS,Velocidade Incompatível,Colisão frontal,Com Vítimas Feridas,Pleno dia,Crescente,Sol,Simples,Curva,Não,2,0,2,0,0,0,2,2,-27.13180964,-49.53850619,SPRF-SC,DEL04-SC,UOP02-DEL04-SC,2025
"717420,0",2025-09-10,quarta-feira,14:10:00,SC,470,"49,8",BLUMENAU,Reação tardia ou ineficiente do condutor,Colisão traseira,Com Vítimas Feridas,Pleno dia,Decrescente,Céu Claro,Dupla,Curva,Sim,2,0,1,0,1,0,1,2,-26.86146884,-49.07064374,SPRF-SC,DEL04-SC,UOP01-DEL04-SC,2025
"717428,0",2025-09-10,quarta-feira,13:50:00,SC,282,"218,0",LAGES,Conversão proibida,Colisão lateral mesmo sentido,Com Vítimas Feridas,Pleno dia,Crescente,Céu Claro,Simples,Reta;Aclive,Sim,2,0,2,0,0,0,2,2,-27.79714446,-50.31442165,SPRF-SC,DEL05-SC,UOP01-DEL05-SC,2025
"717433,0",2025-09-10,quarta-feira,14:40:00,SC,101,"204,0",SAO JOSE,Manobra de mudança de faixa,Colisão lateral mesmo sentido,Com Vítimas Feridas,Pleno dia,Crescente,Céu Claro,Múltipla,Reta,Sim,2,0,0,1,1,0,1,2,-27.576886,-48.613606,SPRF-SC,DEL01-SC,UOP01-DEL01-SC,2025
"717453,0",2025-09-10,quarta-feira,17:30:00,SC,470,"50,6",FLORIANOPOLIS,Reação tardia ou ineficiente do condutor,Colisão lateral mesmo sentido,Com Vítimas Feridas,Pleno dia,Crescente,Céu Claro,Dupla,Reta,Não,2,0,1,0,1,0,1,2,-27.5972096,-48.5556224,SPRF-SC,DEL04-SC,UOP01-DEL04-SC,2025
"717454,0",2025-09-10,quarta-feira,17:00:00,SC,282,"2,8",FLORIANOPOLIS,Trafegar com motocicleta (ou similar) entre as faixas,Colisão lateral mesmo sentido,Com Vítimas Feridas,Pleno dia,Crescente,Céu Claro,Múltipla,Reta,Sim,2,0,1,0,1,0,1,2,-27.60336822,-48.5892617,SPRF-SC,DEL01-SC,UOP01-DEL01-SC,2025
"717459,0",2025-09-10,quarta-feira,13:10:00,SC,470,"333,8",CAMPOS NOVOS,Mal súbito do condutor,Tombamento,Com Vítimas Fatais,Pleno dia,Decrescente,Sol,Simples,Aclive;Reta,Não,1,1,0,0,0,0,0,1,-27.491247,-51.330381,SPRF-SC,DEL07-SC,UOP06-DEL07-SC,2025
"717466,0",2025-09-10,quarta-feira,18:10:00,SC,101,"146,5",ITAPEMA,Manobra de mudança de faixa,Colisão lateral mesmo sentido,Com Vítimas Feridas,Anoitecer,Decrescente,Céu Claro,Dupla,Reta,Não,2,0,1,0,1,0,1,2,-27.08855912,-48.61245275,SPRF-SC,DEL04-SC,UOP03-DEL04-SC,2025
"717467,0",2025-09-10,quarta-feira,18:40:00,SC,101,"203,2",SAO JOSE,Manobra de mudança de faixa,Colisão lateral mesmo sentido,Com Vítimas Feridas,Plena Noite,Crescente,Céu Claro,Dupla,Reta,Sim,2,0,0,1,0,1,1,2,-27.566775,-48.614177,SPRF-SC,DEL01-SC,UOP01-DEL01-SC,2025
"717474,0",2025-09-10,quarta-feira,18:05:00,SC,116,"23,4",ITAIOPOLIS,Velocidade Incompatível,Colisão com objeto,Com Vítimas Feridas,Anoitecer,Decrescente,Céu Claro,Simples,Interseção de Vias;Declive,Não,1,0,1,0,0,0,1,1,-26.27057865,-49.9192425,SPRF-SC,DEL06-SC,UOP01-DEL06-SC,2025
"717490,0",2025-09-10,quarta-feira,20:30:00,SC,101,"222,7",PALHOCA,Ultrapassagem Indevida,Tombamento,Com Vítimas Feridas,Plena Noite,Crescente,Céu Claro,Dupla,Reta,Não,2,0,2,0,0,0,2,1,-27.71394932,-48.64995925,SPRF-SC,DEL01-SC,UOP02-DEL01-SC,2025
"717528,0",2025-09-10,quarta-feira,18:55:00,SC,280,"14,7",SAO FRANCISCO DO SUL,Ausência de reação do condutor,Atropelamento de Pedestre,Com Vítimas Feridas,Plena Noite,Decrescente,Nublado,Simples,Reta,Não,2,0,0,2,0,0,2,2,-26.335705,-48.653637,SPRF-SC,DEL03-SC,UOP03-DEL03-SC,2025
"717530,0",2025-09-10,quarta-feira,22:40:00,SC,101,"250,5",PAULO LOPES,Reação tardia ou ineficiente do condutor,Tombamento,Com Vítimas Fatais,Plena Noite,Decrescente,Céu Claro,Múltipla,Reta;Aclive,Sim,1,1,0,0,0,0,0,1,-27.945731,-48.669579,SPRF-SC,DEL02-SC,UOP03-DEL02-SC,2025
"717568,0",2025-09-11,quinta-feira,09:00:00,SC,101,"43,0",JOINVILLE,Condutor deixou de manter distância do veículo da frente,Colisão traseira,Com Vítimas Feridas,Pleno dia,Crescente,Céu Claro,Múltipla,Reta,Sim,2,0,1,0,1,0,1,2,-26.33611131,-48.85982601,SPRF-SC,DEL03-SC,UOP01-DEL03-SC,2025
"717590,0",2025-06-23,segunda-feira,22:00:00,SC,282,"579,1",PINHALZINHO,Entrada inopinada do pedestre,Atropelamento de Pedestre,Com Vítimas Fatais,Plena Noite,Crescente,Céu Claro,Simples,Reta,Sim,2,1,0,0,1,0,0,2,-26.8438768,-52.9819678,SPRF-SC,DEL07-SC,UOP02-DEL07-SC,2025
"717593,0",2025-09-11,quinta-feira,09:40:00,SC,101,"128,0",CAMBORIU,Condutor deixou de manter distância do veículo da frente,Colisão traseira,Sem Vítimas,Pleno dia,Decrescente,Céu Claro,Dupla,Reta;Aclive,Não,2,0,0,0,2,0,0,2,-26.97447462,-48.6826143,SPRF-SC,DEL04-SC,UOP04-DEL04-SC,2025
"717597,0",2025-09-11,quinta-feira,10:35:00,SC,101,"333,7",TUBARAO,Desrespeitar a preferência no cruzamento,Colisão transversal,Com Vítimas Feridas,Pleno dia,Decrescente,Céu Claro,Múltipla,Interseção de Vias,Sim,2,0,1,0,1,0,1,2,-28.46966274,-49.01504159,SPRF-SC,DEL02-SC,UOP01-DEL02-SC,2025
"717600,0",2025-09-11,quinta-feira,11:45:00,SC,101,"179,0",GOVERNADOR CELSO RAMOS,Reação tardia ou ineficiente do condutor,Colisão com objeto,Com Vítimas Feridas,Pleno dia,Decrescente,Céu Claro,Dupla,Reta,Não,1,0,1,0,0,0,1,1,-27.37229,-48.63323,SPRF-SC,DEL01-SC,UOP01-DEL01-SC,2025
"717617,0",2025-09-11,quinta-feira,13:30:00,SC,470,"254,7",CURITIBANOS,Transitar na contramão,Colisão lateral sentido oposto,Com Vítimas Fatais,Pleno dia,Crescente,Céu Claro,Simples,Reta,Não,5,1,2,0,2,0,2,4,-27.30943889,-50.63306808,SPRF-SC,DEL05-SC,UOP03-DEL05-SC,2025
"717640,0",2025-09-11,quinta-feira,15:30:00,SC,101,"114,0",ITAJAI,Reação tardia ou ineficiente do condutor,Colisão traseira,Com Vítimas Feridas,Pleno dia,Crescente,Céu Claro,Dupla,Reta,Sim,2,0,0,1,1,0,1,2,-26.86826486,-48.73045336,SPRF-SC,DEL04-SC,UOP04-DEL04-SC,2025
"717652,0",2025-09-11,quinta-feira,16:21:00,SC,101,"131,3",CAMBORIU,Acessar a via sem observar a presença dos outros veículos,Colisão transversal,Com Vítimas Feridas,Pleno dia,Decrescente,Céu Claro,Simples,Reta,Sim,3,0,2,0,1,0,2,3,-26.9936206,-48.66059303,SPRF-SC,DEL04-SC,UOP03-DEL04-SC,2025
"717710,0",2025-09-11,quinta-feira,19:10:00,SC,163,"1,0",DIONISIO CERQUEIRA,Transitar na contramão,Colisão frontal,Com Vítimas Feridas,Plena Noite,Decrescente,Céu Claro,Simples,Reta,Não,2,0,1,0,1,0,1,2,-26.266186,-53.638317,SPRF-SC,DEL07-SC,UOP03-DEL07-SC,2025
"717733,0",2025-09-12,sexta-feira,00:20:00,SC,470,"139,0",RIO DO SUL,Reação tardia ou ineficiente do condutor,Colisão com objeto,Sem Vítimas,Plena Noite,Decrescente,Céu Claro,Simples,Reta;Viaduto,Sim,1,0,0,0,1,0,0,1,-27.2077058,-49.6492466,SPRF-SC,DEL04-SC,UOP02-DEL04-SC,2025
"717734,0",2025-09-12,sexta-feira,00:35:00,SC,101,"327,7",CAPIVARI DE BAIXO,Avarias e/ou desgaste excessivo no pneu,Tombamento,Com Vítimas Feridas,Plena Noite,Decrescente,Céu Claro,Múltipla,Reta;Declive,Sim,1,0,1,0,0,0,1,1,-28.44170439,-48.96409035,SPRF-SC,DEL02-SC,UOP01-DEL02-SC,2025
"717751,0",2025-09-12,sexta-feira,04:00:00,SC,101,"93,8",BARRA VELHA,Condutor Dormindo,Saída de leito carroçável,Sem Vítimas,Plena Noite,Decrescente,Céu Claro,Dupla,Reta,Não,1,0,0,0,1,0,0,1,-26.70361488,-48.69970179,SPRF-SC,DEL03-SC,UOP02-DEL03-SC,2025
"717763,0",2025-09-12,sexta-feira,08:00:00,SC,101,"196,0",BIGUACU,Acessar a via sem observar a presença dos outros veículos,Colisão transversal,Com Vítimas Feridas,Pleno dia,Decrescente,Céu Claro,Dupla,Reta;Interseção de Vias,Sim,2,0,1,0,1,0,1,2,-27.51092,-48.64286,SPRF-SC,DEL01-SC,UOP01-DEL01-SC,2025
"717767,0",2025-09-12,sexta-feira,07:40:00,SC,101,"203,0",SAO JOSE,Condutor deixou de manter distância do veículo da frente,Colisão lateral mesmo sentido,Com Vítimas Feridas,Pleno dia,Decrescente,Céu Claro,Dupla,Interseção de Vias,Sim,2,0,1,0,1,0,1,2,-27.56064816,-48.6172363,SPRF-SC,DEL01-SC,UOP01-DEL01-SC,2025
"717785,0",2025-09-12,sexta-feira,08:30:00,SC,101,"199,4",SAO JOSE,Conversão proibida,Colisão lateral mesmo sentido,Com Vítimas Feridas,Pleno dia,Crescente,Sol,Múltipla,Reta,Sim,3,0,2,0,0,1,2,3,-27.536967,-48.626698,SPRF-SC,DEL01-SC,UOP01-DEL01-SC,2025
"717791,0",2025-09-12,sexta-feira,09:05:00,SC,470,"45,2",GASPAR,Conversão proibida,Colisão transversal,Com Vítimas Feridas,Pleno dia,Crescente,Nublado,Simples,Interseção de Vias;Reta;Em Obras,Não,3,0,1,0,2,0,1,2,-26.86485,-49.03343,SPRF-SC,DEL04-SC,UOP01-DEL04-SC,2025
"717794,0",2025-09-12,sexta-feira,08:05:00,SC,101,"314,0",LAGUNA,Ultrapassagem Indevida,Colisão lateral mesmo sentido,Com Vítimas Feridas,Pleno dia,Crescente,Céu Claro,Simples,Reta,Não,2,0,1,0,1,0,1,2,-28.42907785,-48.84736983,SPRF-SC,DEL02-SC,UOP01-DEL02-SC,2025
"717825,0",2025-09-08,segunda-feira,17:05:00,SC,470,"121,9",IBIRAMA,Demais falhas mecânicas ou elétricas,Incêndio,Sem Vítimas,Pleno dia,Crescente,Nublado,Simples,Reta;Aclive,Sim,1,0,0,0,1,0,0,1,-27.10113308,-49.5265588,SPRF-SC,DEL04-SC,UOP02-DEL04-SC,2025
"717844,0",2025-09-12,sexta-feira,13:35:00,SC,101,"116,9",ITAJAI,Manobra de mudança de faixa,Colisão transversal,Com Vítimas Feridas,Pleno dia,Crescente,Céu Claro,Dupla,Reta,Sim,3,0,0,1,2,0,1,2,-26.88144982,-48.72522354,SPRF-SC,DEL04-SC,UOP04-DEL04-SC,2025
"717850,0",2025-09-12,sexta-feira,13:55:00,SC,101,"409,5",ARARANGUA,Ausência de reação do condutor,Colisão com objeto,Com Vítimas Feridas,Pleno dia,Decrescente,Céu Claro,Dupla,Reta,Não,1,0,1,0,0,0,1,1,-28.92584,-49.50869,SPRF-SC,DEL02-SC,UOP02-DEL02-SC,2025
"717872,0",2025-09-12,sexta-feira,10:40:00,SC,280,"99,2",SAO BENTO DO SUL,Pista Escorregadia,Saída de leito carroçável,Com Vítimas Feridas,Pleno dia,Crescente,Céu Claro,Simples,Curva,Não,1,0,0,1,0,0,1,1,-26.371535,-49.331582,SPRF-SC,DEL06-SC,UOP03-DEL06-SC,2025
"717895,0",2025-09-12,sexta-feira,18:10:00,SC,101,"213,9",PALHOCA,Acessar a via sem observar a presença dos outros veículos,Colisão lateral mesmo sentido,Com Vítimas Feridas,Plena Noite,Crescente,Céu Claro,Dupla,Reta,Sim,5,0,3,0,2,0,3,4,-27.6438,-48.67029,SPRF-SC,DEL01-SC,UOP02-DEL01-SC,2025
"717898,0",2025-09-12,sexta-feira,17:15:00,SC,282,"3,0",FLORIANOPOLIS,Trafegar com motocicleta (ou similar) entre as faixas,Colisão lateral mesmo sentido,Com Vítimas Feridas,Anoitecer,Decrescente,Céu Claro,Múltipla,Reta,Sim,2,0,1,0,1,0,1,2,-27.59754166,-48.60068321,SPRF-SC,DEL01-SC,UOP01-DEL01-SC,2025
"717903,0",2025-09-12,sexta-feira,18:10:00,SC,282,"535,0",CHAPECO,Acessar a via sem observar a presença dos outros veículos,Colisão transversal,Com Vítimas Feridas,Anoitecer,Decrescente,Céu Claro,Simples,Rotatória,Não,2,0,1,0,1,0,1,2,-26.99932757,-52.64578175,SPRF-SC,DEL07-SC,UOP01-DEL07-SC,2025
"717939,0",2025-09-12,sexta-feira,20:30:00,SC,101,"212,9",PALHOCA,Entrada inopinada do pedestre,Atropelamento de Pedestre,Com Vítimas Feridas,Plena Noite,Crescente,Céu Claro,Simples,Interseção de Vias;Reta,Sim,2,0,0,1,1,0,1,2,-27.63749711,-48.66574287,SPRF-SC,DEL01-SC,UOP02-DEL01-SC,2025
"717941,0",2025-09-12,sexta-feira,20:50:00,SC,101,"153,0",PORTO BELO,Condutor deixou de manter distância do veículo da frente,Engavetamento,Com Vítimas Feridas,Plena Noite,Crescente,Nublado,Dupla,Reta,Sim,3,0,1,0,2,0,1,3,-27.143976,-48.610481,SPRF-SC,DEL04-SC,UOP03-DEL04-SC,2025
"717948,0",2025-09-12,sexta-feira,20:15:00,SC,101,"68,8",ARAQUARI,Reação tardia ou ineficiente do condutor,Saída de leito carroçável,Com Vítimas Feridas,Plena Noite,Crescente,Céu Claro,Múltipla,Interseção de Vias,Não,1,0,0,1,0,0,1,1,-26.4999856,-48.72953352,SPRF-SC,DEL03-SC,UOP02-DEL03-SC,2025
"717966,0",2025-09-12,sexta-feira,19:30:00,SC,470,"68,0",INDAIAL,Ingestão de álcool pelo condutor,Tombamento,Com Vítimas Feridas,Plena Noite,Crescente,Nublado,Dupla,Reta,Sim,1,0,1,0,0,0,1,1,-26.87619558,-49.23769562,SPRF-SC,DEL04-SC,UOP01-DEL04-SC,2025
"717967,0",2025-09-12,sexta-feira,22:00:00,SC,280,"30,0",ARAQUARI,Transitar no Acostamento,Colisão traseira,Com Vítimas Feridas,Plena Noite,Crescente,Ignorado,Simples,Reta,Sim,2,0,1,0,1,0,1,2,-26.416365,-48.771349,SPRF-SC,DEL03-SC,UOP03-DEL03-SC,2025
"717980,0",2025-09-13,sábado,00:10:00,SC,101,"316,4",PESCARIA BRAVA,Condutor Dormindo,Tombamento,Com Vítimas Feridas,Plena Noite,Crescente,Céu Claro,Múltipla,Declive;Curva,Sim,2,0,2,0,0,0,2,1,-28.42658,-48.86267,SPRF-SC,DEL02-SC,UOP01-DEL02-SC,2025
"717991,0",2025-09-13,sábado,02:40:00,SC,101,"211,2",PALHOCA,Manobra de mudança de faixa,Colisão lateral mesmo sentido,Com Vítimas Feridas,Plena Noite,Crescente,Céu Claro,Múltipla,Reta,Não,3,0,1,1,0,1,2,2,-27.62354,-48.65277,SPRF-SC,DEL01-SC,UOP02-DEL01-SC,2025
"718008,0",2025-09-12,sexta-feira,17:15:00,SC,282,"511,1",XANXERE,Retorno proibido,Colisão traseira,Com Vítimas Feridas,Pleno dia,Decrescente,Céu Claro,Simples,Curva,Não,3,0,1,0,2,0,1,2,-26.90428475,-52.46282506,SPRF-SC,DEL07-SC,UOP01-DEL07-SC,2025
"718013,0",2025-09-13,sábado,04:30:00,SC,282,"538,0",CHAPECO,Condutor Dormindo,Colisão frontal,Com Vítimas Feridas,Plena Noite,Crescente,Nublado,Simples,Aclive;Curva,Não,5,0,3,0,1,1,3,3,-27.00040218,-52.67074227,SPRF-SC,DEL07-SC,UOP01-DEL07-SC,2025
"718053,0",2025-09-13,sábado,09:05:00,SC,101,"206,3",SAO JOSE,Reação tardia ou ineficiente do condutor,Colisão lateral mesmo sentido,Com Vítimas Feridas,Pleno dia,Crescente,Céu Claro,Dupla,Reta,Sim,4,0,2,0,2,0,2,2,-27.599068,-48.621872,SPRF-SC,DEL01-SC,UOP01-DEL01-SC,2025
"718063,0",2025-09-13,sábado,10:30:00,SC,101,"204,0",SAO JOSE,Manobra de mudança de faixa,Colisão traseira,Com Vítimas Feridas,Pleno dia,Crescente,Céu Claro,Múltipla,Reta,Sim,2,0,1,0,1,0,1,2,-27.579121,-48.614092,SPRF-SC,DEL01-SC,UOP01-DEL01-SC,2025
"718070,0",2025-09-13,sábado,11:15:00,SC,101,"206,0",SAO JOSE,Reação tardia ou ineficiente do condutor,Colisão traseira,Com Vítimas Feridas,Pleno dia,Crescente,Céu Claro,Múltipla,Reta,Sim,3,0,1,0,2,0,1,2,-27.592541,-48.618528,SPRF-SC,DEL01-SC,UOP01-DEL01-SC,2025
"718082,0",2025-09-13,sábado,12:25:00,SC,470,"100,0",APIUNA,Velocidade Incompatível,Capotamento,Com Vítimas Feridas,Pleno dia,Crescente,Sol,Simples,Curva,Sim,2,0,2,0,0,0,2,1,-27.04725333,-49.39200846,SPRF-SC,DEL04-SC,UOP02-DEL04-SC,2025
"718084,0",2025-09-13,sábado,08:30:00,SC,470,"295,8",CAMPOS NOVOS,Ultrapassagem Indevida,Colisão frontal,Com Vítimas Fatais,Pleno dia,Decrescente,Céu Claro,Simples,Reta,Não,5,1,3,1,0,0,4,2,-27.350308,-51.015842,SPRF-SC,DEL07-SC,UOP06-DEL07-SC,2025
"718096,0",2025-09-13,sábado,10:30:00,SC,280,"275,9",IRINEOPOLIS,Acessar a via sem observar a presença dos outros veículos,Colisão transversal,Com Vítimas Feridas,Pleno dia,Crescente,Céu Claro,Simples,Reta,Não,2,0,1,0,1,0,1,2,-26.2907965,-50.7895241,SPRF-SC,DEL06-SC,UOP04-DEL06-SC,2025
"718103,0",2025-09-13,sábado,11:20:00,SC,470,"223,8",SAO CRISTOVAO DO SUL,Ausência de reação do condutor,Saída de leito carroçável,Com Vítimas Feridas,Pleno dia,Decrescente,Céu Claro,Simples,Curva,Não,1,0,1,0,0,0,1,1,-27.319909,-50.336389,SPRF-SC,DEL05-SC,UOP03-DEL05-SC,2025
"718109,0",2025-09-13,sábado,14:20:00,SC,282,"3,2",FLORIANOPOLIS,Animais na Pista,Tombamento,Com Vítimas Feridas,Pleno dia,Crescente,Sol,Simples,Reta,Sim,2,0,2,0,0,0,2,1,-27.60203892,-48.59690666,SPRF-SC,DEL01-SC,UOP01-DEL01-SC,2025
"718110,0",2025-09-13,sábado,14:00:00,SC,282,"4,0",SAO JOSE,Condutor deixou de manter distância do veículo da frente,Colisão traseira,Com Vítimas Feridas,Pleno dia,Crescente,Céu Claro,Dupla,Reta;Declive,Sim,2,0,1,0,1,0,1,2,-27.590972,-48.607112,SPRF-SC,DEL01-SC,UOP01-DEL01-SC,2025
"718134,0",2025-09-13,sábado,16:30:00,SC,282,"15,5",PALHOCA,Acesso irregular,Colisão transversal,Com Vítimas Feridas,Pleno dia,Crescente,Céu Claro,Dupla,Viaduto,Sim,2,0,1,0,1,0,1,2,-27.6620782,-48.67728174,SPRF-SC,DEL01-SC,UOP02-DEL01-SC,2025
"718135,0",2025-09-13,sábado,13:10:00,SC,158,"104,7",CUNHA PORA,Reação tardia ou ineficiente do condutor,Saída de leito carroçável,Com Vítimas Feridas,Pleno dia,Decrescente,Céu Claro,Simples,Reta;Declive,Não,2,0,2,0,0,0,2,1,-26.85517174,-53.16650892,SPRF-SC,DEL07-SC,UOP02-DEL07-SC,2025
"718138,0",2025-09-13,sábado,16:30:00,SC,280,"235,0",CANOINHAS,Acessar a via sem observar a presença dos outros veículos,Colisão lateral mesmo sentido,Com Vítimas Feridas,Pleno dia,Decrescente,Céu Claro,Simples,Reta;Aclive,Sim,3,0,1,0,2,0,1,2,-26.1920581,-50.412897,SPRF-SC,DEL06-SC,UOP04-DEL06-SC,2025
"718147,0",2025-09-13,sábado,17:30:00,SC,282,"218,0",LAGES,Reação tardia ou ineficiente do condutor,Colisão traseira,Com Vítimas Feridas,Pleno dia,Decrescente,Céu Claro,Simples,Rotatória,Sim,2,0,1,0,1,0,1,2,-27.79779031,-50.31153238,SPRF-SC,DEL05-SC,UOP01-DEL05-SC,2025
"718150,0",2025-09-13,sábado,15:45:00,SC,101,"103,2",BALNEARIO PICARRAS,Avarias e/ou desgaste excessivo no pneu,Tombamento,Com Vítimas Feridas,Pleno dia,Decrescente,Céu Claro,Dupla,Reta;Aclive,Não,2,0,0,1,1,0,1,1,-26.78306421,-48.68297265,SPRF-SC,DEL03-SC,UOP02-DEL03-SC,2025
"718156,0",2025-09-13,sábado,18:30:00,SC,101,"209,5",SAO JOSE,Demais falhas mecânicas ou elétricas,Queda de ocupante de veículo,Com Vítimas Feridas,Plena Noite,Decrescente,Céu Claro,Múltipla,Reta,Sim,2,0,2,0,0,0,2,1,-27.613377,-48.642262,SPRF-SC,DEL01-SC,UOP01-DEL01-SC,2025
"718157,0",2025-09-13,sábado,18:15:00,SC,101,"144,5",ITAPEMA,Manobra de mudança de faixa,Colisão lateral mesmo sentido,Com Vítimas Feridas,Anoitecer,Crescente,Céu Claro,Dupla,Reta,Sim,3,0,1,0,1,1,1,3,-27.08083568,-48.60094992,SPRF-SC,DEL04-SC,UOP03-DEL04-SC,2025
"718197,0",2025-09-13,sábado,21:40:00,SC,101,"204,6",SAO JOSE,Acessar a via sem observar a presença dos outros veículos,Colisão lateral mesmo sentido,Com Vítimas Feridas,Plena Noite,Crescente,Céu Claro,Dupla,Reta,Sim,2,0,1,0,1,0,1,2,-27.579827,-48.614715,SPRF-SC,DEL01-SC,UOP01-DEL01-SC,2025
"718202,0",2025-09-13,sábado,20:30:00,SC,101,"406,6",ARARANGUA,Ausência de reação do condutor,Colisão traseira,Com Vítimas Feridas,Plena Noite,Crescente,Céu Claro,Dupla,Reta,Não,2,0,1,0,1,0,1,2,-28.91622207,-49.48757172,SPRF-SC,DEL02-SC,UOP02-DEL02-SC,2025
"718203,0",2025-09-13,sábado,19:20:00,SC,280,"306,1",PORTO UNIAO,Acessar a via sem observar a presença dos outros veículos,Colisão transversal,Sem Vítimas,Plena Noite,Decrescente,Céu Claro,Simples,Reta,Não,2,0,0,0,1,1,0,2,-26.25554922,-51.07749939,SPRF-SC,DEL06-SC,UOP04-DEL06-SC,2025
"718219,0",2025-09-13,sábado,22:20:00,SC,101,"93,4",BARRA VELHA,Condutor deixou de manter distância do veículo da frente,Colisão traseira,Com Vítimas Feridas,Plena Noite,Crescente,Céu Claro,Dupla,Reta,Sim,5,0,3,0,1,1,3,2,-26.6916548,-48.69740836,SPRF-SC,DEL03-SC,UOP02-DEL03-SC,2025
"718260,0",2025-09-14,domingo,03:45:00,SC,101,"150,4",ITAPEMA,Condutor deixou de manter distância do veículo da frente,Colisão traseira,Com Vítimas Feridas,Plena Noite,Decrescente,Nublado,Múltipla,Reta,Sim,3,0,1,0,1,1,1,2,-27.12036,-48.60926,SPRF-SC,DEL04-SC,UOP03-DEL04-SC,2025
"718268,0",2025-09-14,domingo,03:50:00,SC,101,"150,0",ITAPEMA,Velocidade Incompatível,Colisão traseira,Com Vítimas Feridas,Plena Noite,Decrescente,Céu Claro,Múltipla,Reta,Sim,2,0,1,0,1,0,1,2,-27.11467536,-48.6097583,SPRF-SC,DEL04-SC,UOP03-DEL04-SC,2025
"718269,0",2025-09-14,domingo,05:20:00,SC,282,"220,3",LAGES,Ingestão de álcool pelo condutor,Colisão com objeto,Sem Vítimas,Amanhecer,Crescente,Céu Claro,Simples,Reta,Sim,1,0,0,0,0,1,0,1,-27.7937829,-50.33514699,SPRF-SC,DEL05-SC,UOP01-DEL05-SC,2025
"718289,0",2025-09-14,domingo,06:50:00,SC,101,"10,4",GARUVA,Ingestão de álcool pelo condutor,Colisão com objeto,Com Vítimas Feridas,Pleno dia,Decrescente,Céu Claro,Dupla,Reta,Não,1,0,1,0,0,0,1,1,-26.0641849,-48.86032104,SPRF-SC,DEL03-SC,UOP01-DEL03-SC,2025
"718308,0",2025-09-14,domingo,07:10:00,SC,470,"95,0",APIUNA,Reação tardia ou ineficiente do condutor,Tombamento,Com Vítimas Feridas,Pleno dia,Decrescente,Nublado,Simples,Reta,Não,2,0,2,0,0,0,2,1,-27.01352277,-49.37161446,SPRF-SC,DEL04-SC,UOP01-DEL04-SC,2025
"718314,0",2025-09-14,domingo,09:55:00,SC,101,"51,0",JOINVILLE,Ausência de reação do condutor,Queda de ocupante de veículo,Com Vítimas Feridas,Pleno dia,Decrescente,Céu Claro,Múltipla,Declive;Reta,Não,1,0,1,0,0,0,1,1,-26.39637606,-48.8389891,SPRF-SC,DEL03-SC,UOP01-DEL03-SC,2025
"718325,0",2025-09-14,domingo,11:40:00,SC,116,"34,2",ITAIOPOLIS,Acessar a via sem observar a presença dos outros veículos,Colisão transversal,Com Vítimas Feridas,Pleno dia,Decrescente,Céu Claro,Simples,Reta;Interseção de Vias,Sim,3,0,1,0,2,0,1,2,-26.33215306,-49.99813557,SPRF-SC,DEL06-SC,UOP01-DEL06-SC,2025
"718330,0",2025-09-14,domingo,12:50:00,SC,282,"1,4",FLORIANOPOLIS,Condutor Dormindo,Colisão com objeto,Com Vítimas Feridas,Pleno dia,Decrescente,Sol,Múltipla,Reta,Sim,2,0,2,0,0,0,2,1,-27.60374511,-48.58489959,SPRF-SC,DEL01-SC,UOP01-DEL01-SC,2025
"718338,0",2025-09-14,domingo,14:35:00,SC,280,"55,0",GUARAMIRIM,Pedestre cruzava a pista fora da faixa,Atropelamento de Pedestre,Com Vítimas Feridas,Pleno dia,Crescente,Nublado,Dupla,Reta,Sim,2,0,1,0,1,0,1,2,-26.47532585,-48.98853732,SPRF-SC,DEL03-SC,UOP03-DEL03-SC,2025
"718340,0",2025-09-14,domingo,14:30:00,SC,101,"201,8",SAO JOSE,Manobra de mudança de faixa,Colisão lateral mesmo sentido,Com Vítimas Feridas,Pleno dia,Decrescente,Nublado,Dupla,Reta;Interseção de Vias,Sim,2,0,1,1,0,0,2,2,-27.5556635,-48.6190228,SPRF-SC,DEL01-SC,UOP01-DEL01-SC,2025