id,data_inversa,dia_semana,horario,uf,br,km,municipio,causa_acidente,tipo_acidente,classificacao_acidente,fase_dia,sentido_via,condicao_metereologica,tipo_pista,tracado_via,uso_solo,pessoas,mortos,feridos_leves,feridos_graves,ilesos,ignorados,feridos,veiculos,latitude,longitude,regional,delegacia,uop,ano_arquivo
"719248,0",2025-09-18,quinta-feira,18:43:00,SC,101,"212,3",PALHOCA,Ausência de reação do condutor,Colisão traseira,Com Vítimas Feridas,Plena Noite,Crescente,Nublado,Dupla,Reta,Sim,2,0,0,1,1,0,1,2,-27.631858,-48.66105,SPRF-SC,DEL01-SC,UOP02-DEL01-SC,2025
"719257,0",2025-09-18,quinta-feira,20:00:00,SC,280,"50,3",GUARAMIRIM,Acessar a via sem observar a presença dos outros veículos,Colisão transversal,Com Vítimas Feridas,Plena Noite,Crescente,Nublado,Dupla,Interseção de Vias;Em Obras;Curva,Sim,2,0,2,0,0,0,2,2,-26.463223,-48.94913,SPRF-SC,DEL03-SC,UOP03-DEL03-SC,2025
"719265,0",2025-09-18,quinta-feira,17:25:00,SC,101,"101,0",BALNEARIO PICARRAS,Pedestre cruzava a pista fora da faixa,Atropelamento de Pedestre,Com Vítimas Feridas,Pleno dia,Crescente,Céu Claro,Dupla,Reta,Sim,2,0,1,0,0,1,1,2,-26.77632724,-48.68567554,SPRF-SC,DEL03-SC,UOP02-DEL03-SC,2025
"719267,0",2025-09-18,quinta-feira,13:30:00,SC,101,"114,0",ITAJAI,Ausência de reação do condutor,Colisão traseira,Com Vítimas Feridas,Pleno dia,Crescente,Céu Claro,Dupla,Reta,Sim,2,0,0,1,1,0,1,2,-26.86840342,-48.73000592,SPRF-SC,DEL04-SC,UOP04-DEL04-SC,2025
"719282,0",2025-09-18,quinta-feira,23:00:00,SC,101,"346,3",JAGUARUNA,Condutor Dormindo,Saída de leito carroçável,Com Vítimas Feridas,Plena Noite,Decrescente,Céu Claro,Dupla,Reta,Não,2,0,2,0,0,0,2,1,-28.5681899,-49.05368358,SPRF-SC,DEL02-SC,UOP01-DEL02-SC,2025
"719291,0",2025-09-19,sexta-feira,00:53:00,SC,101,"137,4",BALNEARIO CAMBORIU,Condutor deixou de manter distância do veículo da frente,Colisão traseira,Com Vítimas Feridas,Plena Noite,Crescente,Céu Claro,Dupla,Viaduto,Sim,5,0,2,0,3,0,2,2,-27.02065126,-48.60947482,SPRF-SC,DEL04-SC,UOP03-DEL04-SC,2025
"719320,0",2025-09-19,sexta-feira,08:10:00,SC,101,"208,0",SAO JOSE,Manobra de mudança de faixa,Colisão lateral mesmo sentido,Com Vítimas Feridas,Pleno dia,Decrescente,Céu Claro,Múltipla,Declive;Curva,Sim,2,0,1,0,1,0,1,2,-27.60383,-48.63257,SPRF-SC,DEL01-SC,UOP01-DEL01-SC,2025
"719324,0",2025-09-19,sexta-feira,08:30:00,SC,101,"210,5",SAO JOSE,Reação tardia ou ineficiente do condutor,Engavetamento,Com Vítimas Feridas,Pleno dia,Crescente,Nublado,Múltipla,Reta,Sim,4,0,1,0,3,0,1,3,-27.61912734,-48.64754526,SPRF-SC,DEL01-SC,UOP01-DEL01-SC,2025
"719333,0",2025-09-19,sexta-feira,07:40:00,SC,470,"138,5",RIO DO SUL,Ultrapassagem Indevida,Colisão lateral mesmo sentido,Com Vítimas Feridas,Pleno dia,Crescente,Céu Claro,Simples,Reta,Sim,2,0,1,0,1,0,1,2,-27.19670146,-49.62762594,SPRF-SC,DEL04-SC,UOP02-DEL04-SC,2025
"719342,0",2025-09-19,sexta-feira,10:00:00,SC,101,"5,5",ARARANGUA,Ausência de reação do condutor,Colisão com objeto,Com Vítimas Feridas,Pleno dia,Crescente,Céu Claro,Simples,Reta,Sim,1,0,1,0,0,0,1,1,-28.96183471,-49.51838493,SPRF-SC,DEL02-SC,UOP02-DEL02-SC,2025
"719347,0",2025-09-19,sexta-feira,09:45:00,SC,101,"3,8",ARARANGUA,Ausência de reação do condutor,Colisão traseira,Com Vítimas Feridas,Pleno dia,Decrescente,Céu Claro,Simples,Reta,Sim,3,0,1,0,2,0,1,2,-28.95022219,-49.50734496,SPRF-SC,DEL02-SC,UOP02-DEL02-SC,2025
"719363,0",2025-09-19,sexta-feira,11:50:00,SC,101,"243,0",PALHOCA,Demais falhas mecânicas ou elétricas,Colisão traseira,Com Vítimas Feridas,Pleno dia,Crescente,Céu Claro,Múltipla,Reta,Não,3,0,1,0,2,0,1,2,-27.88506183,-48.64806686,SPRF-SC,DEL01-SC,UOP02-DEL01-SC,2025
"719370,0",2025-09-19,sexta-feira,13:40:00,SC,101,"194,8",BIGUACU,Ausência de reação do condutor,Tombamento,Com Vítimas Feridas,Pleno dia,Decrescente,Nublado,Múltipla,Reta,Sim,1,0,0,1,0,0,1,1,-27.50345107,-48.6510214,SPRF-SC,DEL01-SC,UOP01-DEL01-SC,2025
"719372,0",2025-09-19,sexta-feira,11:50:00,SC,101,"169,0",TIJUCAS,Reação tardia ou ineficiente do condutor,Colisão com objeto,Com Vítimas Feridas,Pleno dia,Crescente,Nublado,Dupla,Curva,Não,2,0,1,0,1,0,1,1,-27.28270657,-48.63123941,SPRF-SC,DEL04-SC,UOP03-DEL04-SC,2025
"719374,0",2025-09-19,sexta-feira,11:45:00,SC,101,"172,0",TIJUCAS,Reação tardia ou ineficiente do condutor,Colisão com objeto,Com Vítimas Feridas,Pleno dia,Crescente,Céu Claro,Múltipla,Reta,Não,1,0,1,0,0,0,1,1,-27.31784669,-48.62951159,SPRF-SC,DEL04-SC,UOP03-DEL04-SC,2025
"719389,0",2025-09-19,sexta-feira,14:13:00,SC,101,"403,0",MARACAJA,Demais falhas mecânicas ou elétricas,Tombamento,Com Vítimas Feridas,Pleno dia,Crescente,Céu Claro,Dupla,Viaduto,Não,1,0,1,0,0,0,1,1,-28.88259,-49.461038,SPRF-SC,DEL02-SC,UOP02-DEL02-SC,2025
"719392,0",2025-09-19,sexta-feira,15:00:00,SC,282,"2,0",FLORIANOPOLIS,Reação tardia ou ineficiente do condutor,Colisão traseira,Com Vítimas Feridas,Pleno dia,Crescente,Céu Claro,Dupla,Reta,Sim,2,0,1,0,1,0,1,2,-27.60356015,-48.58537316,SPRF-SC,DEL01-SC,UOP01-DEL01-SC,2025
"719397,0",2025-09-19,sexta-feira,14:20:00,SC,101,"396,5",MARACAJA,Demais falhas na via,Tombamento,Com Vítimas Feridas,Pleno dia,Decrescente,Céu Claro,Simples,Reta,Sim,1,0,1,0,0,0,1,1,-28.840238,-49.426465,SPRF-SC,DEL02-SC,UOP02-DEL02-SC,2025
"719417,0",2025-09-19,sexta-feira,16:10:00,SC,101,"149,0",ITAPEMA,Condutor deixou de manter distância do veículo da frente,Colisão lateral mesmo sentido,Com Vítimas Feridas,Pleno dia,Decrescente,Céu Claro,Múltipla,Reta,Sim,2,0,1,0,1,0,1,2,-27.10775971,-48.61350846,SPRF-SC,DEL04-SC,UOP03-DEL04-SC,2025
"719431,0",2025-09-19,sexta-feira,17:15:00,SC,280,"51,0",GUARAMIRIM,Transitar na contramão,Colisão frontal,Com Vítimas Feridas,Pleno dia,Decrescente,Céu Claro,Dupla,Reta;Desvio Temporário;Em Obras,Sim,2,0,1,0,1,0,1,2,-26.464025,-48.951073,SPRF-SC,DEL03-SC,UOP03-DEL03-SC,2025
"719439,0",2025-09-19,sexta-feira,17:50:00,SC,101,"111,8",ITAJAI,Trafegar com motocicleta (ou similar) entre as faixas,Colisão lateral mesmo sentido,Com Vítimas Feridas,Anoitecer,Crescente,Nublado,Dupla,Reta;Declive;Ponte,Sim,2,0,1,0,1,0,1,2,-26.8445545,-48.71963248,SPRF-SC,DEL04-SC,UOP04-DEL04-SC,2025
"719467,0",2025-09-19,sexta-feira,19:00:00,SC,101,"194,1",BIGUACU,Acesso irregular,Colisão transversal,Com Vítimas Feridas,Plena Noite,Crescente,Céu Claro,Simples,Viaduto;Reta;Interseção de Vias,Sim,2,0,1,0,1,0,1,2,-27.4997,-48.65591,SPRF-SC,DEL01-SC,UOP01-DEL01-SC,2025
"719473,0",2025-09-19,sexta-feira,19:00:00,SC,282,"202,9",LAGES,Animais na Pista,Atropelamento de Animal,Com Vítimas Feridas,Plena Noite,Decrescente,Céu Claro,Simples,Reta,Não,1,0,1,0,0,0,1,1,-27.76967775,-50.17811575,SPRF-SC,DEL05-SC,UOP01-DEL05-SC,2025
"719479,0",2025-09-19,sexta-feira,19:08:00,SC,101,"103,0",BALNEARIO PICARRAS,Reação tardia ou ineficiente do condutor,Colisão transversal,Com Vítimas Feridas,Plena Noite,Crescente,Céu Claro,Dupla,Declive;Reta,Não,6,0,1,0,5,0,1,4,-26.78405151,-48.68288454,SPRF-SC,DEL03-SC,UOP02-DEL03-SC,2025
"719502,0",2025-09-19,sexta-feira,18:25:00,SC,101,"406,0",ARARANGUA,Acessar a via sem observar a presença dos outros veículos,Colisão lateral mesmo sentido,Com Vítimas Feridas,Plena Noite,Decrescente,Céu Claro,Dupla,Reta,Não,2,0,1,0,1,0,1,2,-28.90169169,-49.47596521,SPRF-SC,DEL02-SC,UOP02-DEL02-SC,2025
"719515,0",2025-09-19,sexta-feira,20:50:00,SC,282,"102,5",ALFREDO WAGNER,Transitar na contramão,Colisão lateral sentido oposto,Com Vítimas Feridas,Plena Noite,Crescente,Céu Claro,Simples,Reta,Não,3,0,1,0,2,0,1,2,-27.694181,-49.30546,SPRF-SC,DEL01-SC,UOP03-DEL01-SC,2025
"719518,0",2025-09-19,sexta-feira,19:20:00,SC,101,"0,5",ARARANGUA,Conversão proibida,Colisão transversal,Com Vítimas Feridas,Plena Noite,Decrescente,Nublado,Simples,Interseção de Vias,Não,4,0,1,0,3,0,1,2,-28.92206326,-49.49113369,SPRF-SC,DEL02-SC,UOP02-DEL02-SC,2025
"719529,0",2025-09-19,sexta-feira,23:20:00,SC,101,"206,0",SAO JOSE,Acessar a via sem observar a presença dos outros veículos,Colisão transversal,Com Vítimas Feridas,Plena Noite,Crescente,Céu Claro,Múltipla,Interseção de Vias,Sim,2,0,1,0,0,1,1,2,-27.59510755,-48.61944795,SPRF-SC,DEL01-SC,UOP01-DEL01-SC,2025
"719554,0",2025-09-20,sábado,02:50:00,SC,101,"2,8",ARARANGUA,Acessar a via sem observar a presença dos outros veículos,Colisão transversal,Com Vítimas Feridas,Plena Noite,Crescente,Céu Claro,Simples,Interseção de Vias,Sim,2,0,1,0,1,0,1,2,-28.94373477,-49.50175524,SPRF-SC,DEL02-SC,UOP02-DEL02-SC,2025
"719556,0",2025-09-20,sábado,04:00:00,SC,282,"3,0",FLORIANOPOLIS,Reação tardia ou ineficiente do condutor,Queda de ocupante de veículo,Com Vítimas Feridas,Plena Noite,Crescente,Nublado,Dupla,Curva,Sim,1,0,1,0,0,0,1,1,-27.60239648,-48.59481352,SPRF-SC,DEL01-SC,UOP01-DEL01-SC,2025
"719557,0",2025-09-20,sábado,02:35:00,SC,280,"166,0",MAFRA,Ausência de reação do condutor,Tombamento,Com Vítimas Feridas,Plena Noite,Decrescente,Garoa/Chuvisco,Simples,Rotatória,Não,3,0,2,0,1,0,2,3,-26.16446068,-49.81812716,SPRF-SC,DEL06-SC,UOP01-DEL06-SC,2025
"719562,0",2025-09-20,sábado,02:50:00,SC,282,"4,2",FLORIANOPOLIS,Reação tardia ou ineficiente do condutor,Colisão com objeto,Com Vítimas Feridas,Plena Noite,Crescente,Céu Claro,Simples,Interseção de Vias;Viaduto;Retorno Regulamentado;Curva,Sim,1,0,1,0,0,0,1,1,-27.59563051,-48.60128403,SPRF-SC,DEL01-SC,UOP01-DEL01-SC,2025
"719567,0",2025-09-20,sábado,05:10:00,SC,101,"210,0",BIGUACU,Ingestão de álcool pelo condutor,Colisão com objeto,Com Vítimas Feridas,Amanhecer,Decrescente,Nevoeiro/Neblina,Múltipla,Reta,Sim,1,0,0,1,0,0,1,1,-27.4997,-48.65591,SPRF-SC,DEL01-SC,UOP01-DEL01-SC,2025
"719572,0",2025-09-20,sábado,06:00:00,SC,101,"223,9",PALHOCA,Ingestão de álcool pelo condutor,Colisão traseira,Sem Vítimas,Amanhecer,Decrescente,Céu Claro,Dupla,Reta,Não,2,0,0,0,2,0,0,2,-27.72404525,-48.64372579,SPRF-SC,DEL01-SC,UOP02-DEL01-SC,2025
"719604,0",2025-09-20,sábado,09:00:00,SC,101,"208,1",SAO JOSE,Condutor deixou de manter distância do veículo da frente,Colisão traseira,Com Vítimas Feridas,Pleno dia,Decrescente,Céu Claro,Múltipla,Reta,Sim,2,0,1,0,1,0,1,2,-27.61391778,-48.64244906,SPRF-SC,DEL01-SC,UOP01-DEL01-SC,2025
"719605,0",2025-09-20,sábado,07:50:00,SC,101,"101,7",BALNEARIO PICARRAS,Ausência de reação do condutor,Saída de leito carroçável,Com Vítimas Feridas,Pleno dia,Decrescente,Céu Claro,Dupla,Reta,Não,1,0,1,0,0,0,1,1,-26.76251533,-48.68649098,SPRF-SC,DEL03-SC,UOP02-DEL03-SC,2025
"719618,0",2025-09-20,sábado,09:50:00,SC,470,"36,8",GASPAR,Condutor deixou de manter distância do veículo da frente,Colisão traseira,Com Vítimas Feridas,Pleno dia,Decrescente,Céu Claro,Dupla,Reta,Não,3,0,1,0,2,0,1,2,-26.913273,-48.977699,SPRF-SC,DEL04-SC,UOP01-DEL04-SC,2025
"719630,0",2025-09-20,sábado,11:30:00,SC,101,"117,0",ITAJAI,Reação tardia ou ineficiente do condutor,Colisão traseira,Com Vítimas Feridas,Pleno dia,Decrescente,Céu Claro,Dupla,Declive,Sim,4,0,1,0,3,0,1,3,-26.885914,-48.723015,SPRF-SC,DEL04-SC,UOP04-DEL04-SC,2025
"719666,0",2025-09-19,sexta-feira,18:28:00,SC,480,"125,7",CHAPECO,Transitar na contramão,Colisão transversal,Sem Vítimas,Pleno dia,Crescente,Céu Claro,Simples,Interseção de Vias,Não,3,0,0,0,3,0,0,2,-27.00815502,-52.6418159,SPRF-SC,DEL07-SC,UOP01-DEL07-SC,2025
"719695,0",2025-09-20,sábado,16:00:00,SC,280,"37,5",ARAQUARI,Acessar a via sem observar a presença dos outros veículos,Colisão transversal,Com Vítimas Feridas,Pleno dia,Decrescente,Céu Claro,Simples,Reta;Em Obras,Não,4,0,2,0,2,0,2,2,-26.44798205,-48.82478714,SPRF-SC,DEL03-SC,UOP03-DEL03-SC,2025
"719701,0",2025-09-20,sábado,14:40:00,SC,280,"27,0",ARAQUARI,Trafegar com motocicleta (ou similar) entre as faixas,Colisão transversal,Com Vítimas Feridas,Pleno dia,Crescente,Céu Claro,Simples,Reta;Interseção de Vias;Em Obras,Sim,3,0,2,0,1,0,2,2,-26.38521533,-48.72881636,SPRF-SC,DEL03-SC,UOP03-DEL03-SC,2025
"719714,0",2025-09-20,sábado,17:20:00,SC,470,"55,8",BLUMENAU,Retorno proibido,Colisão lateral mesmo sentido,Com Vítimas Feridas,Pleno dia,Decrescente,Céu Claro,Simples,Em Obras;Reta,Sim,2,0,1,0,0,1,1,2,-26.87911872,-49.12180122,SPRF-SC,DEL04-SC,UOP01-DEL04-SC,2025
"719728,0",2025-09-20,sábado,19:10:00,SC,282,"216,5",LAGES,Acessar a via sem observar a presença dos outros veículos,Colisão transversal,Com Vítimas Feridas,Plena Noite,Decrescente,Nublado,Simples,Curva;Declive,Sim,3,0,3,0,0,0,3,2,-27.79799344,-50.29901354,SPRF-SC,DEL05-SC,UOP01-DEL05-SC,2025
"719736,0",2025-09-20,sábado,16:00:00,SC,101,"143,4",ITAPEMA,Reação tardia ou ineficiente do condutor,Colisão lateral mesmo sentido,Com Vítimas Feridas,Pleno dia,Crescente,Céu Claro,Dupla,Reta,Não,2,0,1,1,0,0,2,2,-27.06578203,-48.59581752,SPRF-SC,DEL04-SC,UOP03-DEL04-SC,2025
"719749,0",2025-09-20,sábado,19:00:00,SC,163,"71,8",SAO MIGUEL DO OESTE,Ausência de reação do condutor,Saída de leito carroçável,Com Vítimas Feridas,Plena Noite,Decrescente,Nublado,Simples,Reta,Não,1,0,0,1,0,0,1,1,-26.69784533,-53.51483023,SPRF-SC,DEL07-SC,UOP03-DEL07-SC,2025
"719794,0",2025-09-20,sábado,23:15:00,SC,280,"48,0",GUARAMIRIM,Ingestão de álcool pelo condutor,Colisão com objeto,Sem Vítimas,Plena Noite,Decrescente,Céu Claro,Simples,Em Obras;Desvio Temporário;Curva,Não,1,0,0,0,1,0,0,1,-26.46364739,-48.95005401,SPRF-SC,DEL03-SC,UOP03-DEL03-SC,2025
"719801,0",2025-09-21,domingo,00:15:00,SC,101,"194,0",BIGUACU,Reação tardia ou ineficiente do condutor,Tombamento,Com Vítimas Feridas,Plena Noite,Crescente,Nublado,Múltipla,Reta,Sim,2,0,2,0,0,0,2,1,-27.50182567,-48.65288319,SPRF-SC,DEL01-SC,UOP01-DEL01-SC,2025
"719809,0",2025-09-21,domingo,00:36:00,SC,101,"201,8",SAO JOSE,Ingestão de álcool pelo condutor,Capotamento,Sem Vítimas,Plena Noite,Decrescente,Céu Claro,Dupla,Curva,Sim,1,0,0,0,0,1,0,1,-27.55628,-48.61901,SPRF-SC,DEL01-SC,UOP01-DEL01-SC,2025
"719827,0",2025-09-21,domingo,03:30:00,SC,101,"204,0",SAO JOSE,Reação tardia ou ineficiente do condutor,Colisão com objeto,Sem Vítimas,Plena Noite,Decrescente,Nublado,Múltipla,Reta,Sim,1,0,0,0,0,1,0,1,-27.57004686,-48.61373367,SPRF-SC,DEL01-SC,UOP01-DEL01-SC,2025
"719830,0",2025-09-21,domingo,03:30:00,SC,282,"38,7",AGUAS MORNAS,Condutor Dormindo,Capotamento,Com Vítimas Feridas,Plena Noite,Crescente,Céu Claro,Simples,Curva,Não,2,0,2,0,0,0,2,1,-27.71382328,-48.85744408,SPRF-SC,DEL01-SC,UOP03-DEL01-SC,2025
"719838,0",2025-09-21,domingo,04:08:00,SC,101,"205,6",SAO JOSE,Ausência de reação do condutor,Colisão com objeto,Com Vítimas Fatais,Plena Noite,Decrescente,Céu Claro,Múltipla,Reta,Sim,4,2,0,0,1,1,0,3,-27.58828702,-48.61683933,SPRF-SC,DEL01-SC,UOP01-DEL01-SC,2025
"719843,0",2025-09-21,domingo,04:50:00,SC,101,"49,8",JOINVILLE,Demais falhas mecânicas ou elétricas,Incêndio,Sem Vítimas,Amanhecer,Decrescente,Céu Claro,Dupla,Reta,Não,1,0,0,0,1,0,0,1,-26.38678074,-48.84859979,SPRF-SC,DEL03-SC,UOP01-DEL03-SC,2025
"719858,0",2025-09-21,domingo,06:30:00,SC,116,"224,0",CORREIA PINTO,Reação tardia ou ineficiente do condutor,Colisão com objeto,Sem Vítimas,Plena Noite,Decrescente,Nublado,Simples,Reta,Não,1,0,0,0,1,0,0,1,-27.62119686,-50.34418297,SPRF-SC,DEL05-SC,UOP03-DEL05-SC,2025
"719867,0",2025-09-21,domingo,08:30:00,SC,101,"190,9",BIGUACU,Ausência de reação do condutor,Colisão com objeto,Com Vítimas Feridas,Pleno dia,Crescente,Garoa/Chuvisco,Múltipla,Curva,Sim,1,0,1,0,0,0,1,1,-27.4782819,-48.64275869,SPRF-SC,DEL01-SC,UOP01-DEL01-SC,2025
"719879,0",2025-09-21,domingo,08:30:00,SC,282,"353,0",CAMPOS NOVOS,Chuva,Tombamento,Com Vítimas Feridas,Pleno dia,Crescente,Chuva,Simples,Reta,Não,1,0,1,0,0,0,1,1,-27.36688903,-51.26358032,SPRF-SC,DEL07-SC,UOP06-DEL07-SC,2025
"719899,0",2025-09-21,domingo,11:30:00,SC,101,"334,8",TUBARAO,Condutor deixou de manter distância do veículo da frente,Colisão traseira,Sem Vítimas,Pleno dia,Crescente,Chuva,Dupla,Reta,Não,2,0,0,0,1,1,0,2,-28.47326974,-49.02470676,SPRF-SC,DEL02-SC,UOP01-DEL02-SC,2025
"719901,0",2025-09-21,domingo,11:30:00,SC,280,"58,8",GUARAMIRIM,Acessar a via sem observar a presença dos outros veículos,Colisão lateral mesmo sentido,Com Vítimas Feridas,Pleno dia,Crescente,Nublado,Dupla,Interseção de Vias,Sim,3,0,1,0,2,0,1,2,-26.47524605,-49.03109956,SPRF-SC,DEL03-SC,UOP03-DEL03-SC,2025
"719911,0",2025-09-21,domingo,12:20:00,SC,101,"49,5",JOINVILLE,Reação tardia ou ineficiente do condutor,Colisão com objeto,Com Vítimas Feridas,Pleno dia,Decrescente,Nublado,Dupla,Curva,Não,1,0,1,0,0,0,1,1,-26.38190903,-48.85155424,SPRF-SC,DEL03-SC,UOP01-DEL03-SC,2025
"719930,0",2025-09-21,domingo,12:30:00,SC,101,"134,0",BALNEARIO CAMBORIU,Demais falhas mecânicas ou elétricas,Tombamento,Sem Vítimas,Pleno dia,Decrescente,Céu Claro,Dupla,Reta,Sim,1,0,0,0,0,1,0,1,-27.00239635,-48.63613129,SPRF-SC,DEL04-SC,UOP03-DEL04-SC,2025
"719935,0",2025-09-21,domingo,10:40:00,SC,101,"416,1",ARARANGUA,Acessar a via sem observar a presença dos outros veículos,Colisão transversal,Sem Vítimas,Pleno dia,Decrescente,Garoa/Chuvisco,Simples,Reta,Sim,2,0,0,0,2,0,0,2,-28.974,-49.531,SPRF-SC,DEL02-SC,UOP02-DEL02-SC,2025
"719938,0",2025-09-21,domingo,13:50:00,SC,280,"29,0",ARAQUARI,Reação tardia ou ineficiente do condutor,Colisão frontal,Com Vítimas Feridas,Pleno dia,Decrescente,Chuva,Simples,Reta,Não,5,0,2,0,3,0,2,2,-26.407743,-48.74917,SPRF-SC,DEL03-SC,UOP03-DEL03-SC,2025
"719939,0",2025-09-21,domingo,12:30:00,SC,282,"75,5",RANCHO QUEIMADO,Chuva,Saída de leito carroçável,Com Vítimas Feridas,Pleno dia,Decrescente,Chuva,Simples,Reta,Não,2,0,1,0,1,0,1,1,-27.691277,-49.133853,SPRF-SC,DEL01-SC,UOP03-DEL01-SC,2025
"719948,0",2025-09-21,domingo,15:00:00,SC,282,"16,0",PALHOCA,Reação tardia ou ineficiente do condutor,Colisão traseira,Com Vítimas Feridas,Pleno dia,Decrescente,Chuva,Simples,Reta,Sim,4,0,1,1,2,0,2,2,-27.662027,-48.685001,SPRF-SC,DEL01-SC,UOP02-DEL01-SC,2025
"719952,0",2025-09-21,domingo,15:15:00,SC,280,"23,9",BALNEARIO BARRA DO SUL,Acessar a via sem observar a presença dos outros veículos,Colisão transversal,Com Vítimas Feridas,Pleno dia,Crescente,Garoa/Chuvisco,Simples,Reta,Sim,3,0,1,0,2,0,1,2,-26.37037947,-48.68822311,SPRF-SC,DEL03-SC,UOP03-DEL03-SC,2025
"719954,0",2025-09-21,domingo,13:55:00,SC,101,"406,8",ARARANGUA,Manobra de mudança de faixa,Colisão transversal,Com Vítimas Feridas,Pleno dia,Decrescente,Nublado,Dupla,Reta,Não,4,0,1,2,1,0,3,2,-28.91821299,-49.4890523,SPRF-SC,DEL02-SC,UOP02-DEL02-SC,2025
"719958,0",2025-09-21,domingo,15:20:00,SC,101,"191,0",BIGUACU,Avarias e/ou desgaste excessivo no pneu,Saída de leito carroçável,Com Vítimas Feridas,Pleno dia,Crescente,Garoa/Chuvisco,Dupla,Curva,Não,3,0,1,0,2,0,1,1,-27.47713296,-48.64096785,SPRF-SC,DEL01-SC,UOP01-DEL01-SC,2025
"719976,0",2025-09-21,domingo,17:00:00,SC,101,"191,0",BIGUACU,Chuva,Colisão com objeto,Com Vítimas Feridas,Pleno dia,Decrescente,Chuva,Dupla,Curva,Não,3,0,2,0,1,0,2,1,-27.47065238,-48.64129716,SPRF-SC,DEL01-SC,UOP01-DEL01-SC,2025
"719984,0",2025-09-21,domingo,15:45:00,SC,101,"44,3",JOINVILLE,Reação tardia ou ineficiente do condutor,Colisão traseira,Com Vítimas Feridas,Pleno dia,Crescente,Chuva,Dupla,Reta,Sim,3,0,1,0,2,0,1,3,-26.34292202,-48.85841131,SPRF-SC,DEL03-SC,UOP01-DEL03-SC,2025
"719989,0",2025-09-21,domingo,17:20:00,SC,282,"5,0",SAO JOSE,Reação tardia ou ineficiente do condutor,Queda de ocupante de veículo,Com Vítimas Feridas,Anoitecer,Crescente,Garoa/Chuvisco,Dupla,Curva,Não,2,0,1,0,1,0,1,1,-27.58559358,-48.61767618,SPRF-SC,DEL01-SC,UOP01-DEL01-SC,2025
"719990,0",2025-09-21,domingo,17:00:00,SC,470,"73,9",INDAIAL,Transitar na contramão,Colisão frontal,Com Vítimas Fatais,Pleno dia,Decrescente,Nublado,Simples,Reta;Em Obras,Não,7,2,4,1,0,0,5,2,-26.915489,-49.280705,SPRF-SC,DEL04-SC,UOP01-DEL04-SC,2025
"720005,0",2025-09-21,domingo,16:20:00,SC,116,"106,3",MONTE CASTELO,Acessar a via sem observar a presença dos outros veículos,Colisão transversal,Com Vítimas Fatais,Pleno dia,Crescente,Nublado,Simples,Curva;Aclive,Não,4,1,2,1,0,0,3,2,-26.7544716,-50.3204264,SPRF-SC,DEL06-SC,UOP02-DEL06-SC,2025
"720006,0",2025-09-21,domingo,16:30:00,SC,101,"71,0",ARAQUARI,Ingestão de álcool pelo condutor,Saída de leito carroçável,Sem Vítimas,Pleno dia,Decrescente,Chuva,Dupla,Curva,Não,1,0,0,0,1,0,0,1,-26.52362232,-48.7160581,SPRF-SC,DEL03-SC,UOP02-DEL03-SC,2025
"720009,0",2025-09-21,domingo,16:20:00,SC,101,"87,0",BARRA VELHA,Chuva,Colisão com objeto,Sem Vítimas,Pleno dia,Crescente,Chuva,Dupla,Reta,Sim,1,0,0,0,0,1,0,1,-26.64120274,-48.69105086,SPRF-SC,DEL03-SC,UOP02-DEL03-SC,2025
"720012,0",2025-09-21,domingo,18:50:00,SC,101,"212,2",PALHOCA,Manobra de mudança de faixa,Colisão traseira,Com Vítimas Feridas,Plena Noite,Crescente,Chuva,Múltipla,Reta,Sim,2,0,1,0,1,0,1,2,-27.631558,-48.660768,SPRF-SC,DEL01-SC,UOP02-DEL01-SC,2025
"720018,0",2025-09-21,domingo,17:40:00,SC,101,"107,1",PENHA,Ingestão de álcool pelo condutor,Colisão lateral mesmo sentido,Com Vítimas Feridas,Anoitecer,Decrescente,Garoa/Chuvisco,Dupla,Reta,Não,3,0,1,0,1,1,1,3,-26.814271,-48.683188,SPRF-SC,DEL03-SC,UOP02-DEL03-SC,2025
"720078,0",2025-09-21,domingo,21:20:00,SC,282,"591,1",SAUDADES,Reação tardia ou ineficiente do condutor,Queda de ocupante de veículo,Com Vítimas Feridas,Plena Noite,Crescente,Ignorado,Simples,Reta,Não,1,0,0,1,0,0,1,1,-26.82680722,-53.0831708,SPRF-SC,DEL07-SC,UOP02-DEL07-SC,2025
"720081,0",2025-09-21,domingo,22:00:00,SC,101,"354,9",SANGAO,Ausência de reação do condutor,Tombamento,Com Vítimas Feridas,Plena Noite,Decrescente,Céu Claro,Dupla,Reta;Aclive,Não,1,0,1,0,0,0,1,1,-28.62832081,-49.08503652,SPRF-SC,DEL02-SC,UOP01-DEL02-SC,2025
"720082,0",2025-09-21,domingo,22:15:00,SC,280,"56,0",GUARAMIRIM,Velocidade Incompatível,Colisão com objeto,Com Vítimas Feridas,Plena Noite,Crescente,Nublado,Simples,Reta,Não,4,0,3,1,0,0,4,1,-26.49530815,-49.00231238,SPRF-SC,DEL03-SC,UOP03-DEL03-SC,2025
"720083,0",2025-09-21,domingo,23:00:00,SC,470,"147,0",RIO DO SUL,Conversão proibida,Colisão transversal,Com Vítimas Feridas,Plena Noite,Decrescente,Chuva,Simples,Reta,Não,2,0,0,1,1,0,1,2,-27.24207041,-49.6877906,SPRF-SC,DEL04-SC,UOP02-DEL04-SC,2025