id,data_inversa,dia_semana,horario,uf,br,km,municipio,causa_acidente,tipo_acidente,classificacao_acidente,fase_dia,sentido_via,condicao_metereologica,tipo_pista,tracado_via,uso_solo,pessoas,mortos,feridos_leves,feridos_graves,ilesos,ignorados,feridos,veiculos,latitude,longitude,regional,delegacia,uop,ano_arquivo
"723238,0",2025-10-06,segunda-feira,13:39:00,SC,101,"126,0",ITAJAI,Reação tardia ou ineficiente do condutor,Colisão lateral mesmo sentido,Sem Vítimas,Pleno dia,Decrescente,Chuva,Múltipla,Reta;Viaduto,Não,2,0,0,0,0,2,0,2,-26.95292511,-48.67938703,SPRF-SC,DEL04-SC,UOP04-DEL04-SC,2025
"723248,0",2025-10-06,segunda-feira,18:00:00,SC,101,"213,4",PALHOCA,Chuva,Engavetamento,Com Vítimas Feridas,Anoitecer,Decrescente,Chuva,Múltipla,Reta,Sim,3,0,2,0,1,0,2,3,-27.63982054,-48.66703955,SPRF-SC,DEL01-SC,UOP02-DEL01-SC,2025
"723251,0",2025-10-06,segunda-feira,18:00:00,SC,282,"3,0",FLORIANOPOLIS,Velocidade Incompatível,Colisão traseira,Com Vítimas Feridas,Plena Noite,Crescente,Garoa/Chuvisco,Dupla,Reta,Não,4,0,3,0,1,0,3,3,-27.60184699,-48.59685771,SPRF-SC,DEL01-SC,UOP01-DEL01-SC,2025
"723253,0",2025-10-06,segunda-feira,18:00:00,SC,101,"36,0",JOINVILLE,Desrespeitar a preferência no cruzamento,Colisão transversal,Com Vítimas Feridas,Pleno dia,Crescente,Garoa/Chuvisco,Simples,Viaduto;Interseção de Vias,Sim,4,0,1,0,3,0,1,3,-26.27343894,-48.89447864,SPRF-SC,DEL03-SC,UOP01-DEL03-SC,2025
"723258,0",2025-10-06,segunda-feira,18:20:00,SC,101,"134,0",BALNEARIO CAMBORIU,Condutor deixou de manter distância do veículo da frente,Colisão lateral mesmo sentido,Com Vítimas Feridas,Plena Noite,Decrescente,Chuva,Dupla,Reta,Sim,2,0,1,0,1,0,1,2,-26.99864905,-48.64789009,SPRF-SC,DEL04-SC,UOP03-DEL04-SC,2025
"723259,0",2025-10-06,segunda-feira,17:30:00,SC,280,"179,1",MAFRA,Acessar a via sem observar a presença dos outros veículos,Colisão transversal,Sem Vítimas,Pleno dia,Decrescente,Céu Claro,Simples,Aclive;Reta;Rotatória,Não,3,0,0,0,3,0,0,2,-26.177605,-49.879466,SPRF-SC,DEL06-SC,UOP01-DEL06-SC,2025
"723294,0",2025-10-06,segunda-feira,20:10:00,SC,101,"141,0",BALNEARIO CAMBORIU,Reação tardia ou ineficiente do condutor,Saída de leito carroçável,Sem Vítimas,Plena Noite,Crescente,Chuva,Dupla,Curva,Não,1,0,0,0,0,1,0,1,-27.05272234,-48.59999053,SPRF-SC,DEL04-SC,UOP03-DEL04-SC,2025
"723298,0",2025-10-06,segunda-feira,20:00:00,SC,101,"57,0",JOINVILLE,Demais falhas mecânicas ou elétricas,Colisão com objeto,Sem Vítimas,Plena Noite,Crescente,Chuva,Dupla,Declive,Não,1,0,0,0,1,0,0,1,-26.42415684,-48.829422,SPRF-SC,DEL03-SC,UOP01-DEL03-SC,2025
"723327,0",2025-10-07,terça-feira,06:50:00,SC,280,"127,1",RIO NEGRINHO,Acessar a via sem observar a presença dos outros veículos,Colisão transversal,Com Vítimas Feridas,Pleno dia,Decrescente,Garoa/Chuvisco,Simples,Reta;Interseção de Vias,Sim,2,0,1,0,1,0,1,2,-26.24279464,-49.51194119,SPRF-SC,DEL06-SC,UOP03-DEL06-SC,2025
"723331,0",2025-10-07,terça-feira,07:20:00,SC,101,"139,0",BALNEARIO CAMBORIU,Manobra de mudança de faixa,Colisão lateral mesmo sentido,Com Vítimas Feridas,Pleno dia,Crescente,Nublado,Simples,Curva,Não,2,0,1,0,1,0,1,2,-27.03315001,-48.60531378,SPRF-SC,DEL04-SC,UOP03-DEL04-SC,2025
"723333,0",2025-10-07,terça-feira,07:20:00,SC,101,"204,0",SAO JOSE,Reação tardia ou ineficiente do condutor,Colisão traseira,Com Vítimas Feridas,Pleno dia,Crescente,Céu Claro,Dupla,Reta,Não,3,0,2,0,1,0,2,2,-27.579948,-48.614432,SPRF-SC,DEL01-SC,UOP01-DEL01-SC,2025
"723385,0",2025-10-07,terça-feira,12:50:00,SC,101,"151,3",ITAPEMA,Estacionar ou parar em local proibido,Colisão traseira,Com Vítimas Feridas,Pleno dia,Decrescente,Nublado,Múltipla,Reta,Sim,3,0,1,0,2,0,1,2,-27.12964,-48.60961,SPRF-SC,DEL04-SC,UOP03-DEL04-SC,2025
"723468,0",2025-10-07,terça-feira,18:54:00,SC,470,"46,3",GASPAR,Ausência de reação do condutor,Colisão lateral sentido oposto,Com Vítimas Feridas,Plena Noite,Crescente,Céu Claro,Dupla,Em Obras,Não,3,0,0,2,0,1,2,3,-26.86114925,-49.04079851,SPRF-SC,DEL04-SC,UOP01-DEL04-SC,2025
"723475,0",2025-10-07,terça-feira,20:00:00,SC,101,"215,4",PALHOCA,Manobra de mudança de faixa,Colisão lateral mesmo sentido,Com Vítimas Feridas,Plena Noite,Crescente,Chuva,Dupla,Reta,Sim,2,0,1,0,1,0,1,2,-27.65435192,-48.67826192,SPRF-SC,DEL01-SC,UOP02-DEL01-SC,2025
"723483,0",2025-10-07,terça-feira,19:30:00,SC,101,"23,9",SANTO AMARO DA IMPERATRIZ,Acessar a via sem observar a presença dos outros veículos,Colisão lateral mesmo sentido,Com Vítimas Feridas,Plena Noite,Decrescente,Nublado,Simples,Reta;Interseção de Vias,Sim,3,0,0,2,1,0,2,2,-27.685403,-48.74249,SPRF-SC,DEL03-SC,UOP01-DEL03-SC,2025
"723488,0",2025-10-07,terça-feira,06:00:00,SC,101,"129,0",CAMBORIU,Ingestão de álcool pelo condutor,Colisão com objeto,Com Vítimas Feridas,Pleno dia,Decrescente,Nublado,Dupla,Reta,Não,3,0,1,1,0,1,2,1,-26.98103371,-48.67787216,SPRF-SC,DEL04-SC,UOP03-DEL04-SC,2025
"723502,0",2025-10-07,terça-feira,22:10:00,SC,282,"554,2",NOVA ITABERABA,Demais falhas mecânicas ou elétricas,Incêndio,Sem Vítimas,Plena Noite,Crescente,Céu Claro,Simples,Retorno Regulamentado,Não,1,0,0,0,0,1,0,1,-26.936298,-52.801495,SPRF-SC,DEL07-SC,UOP01-DEL07-SC,2025
"723518,0",2025-10-08,quarta-feira,05:20:00,SC,101,"198,0",BIGUACU,Ausência de reação do condutor,Colisão lateral mesmo sentido,Com Vítimas Feridas,Amanhecer,Crescente,Céu Claro,Múltipla,Reta,Sim,2,0,1,0,1,0,1,2,-27.52777724,-48.63446832,SPRF-SC,DEL01-SC,UOP01-DEL01-SC,2025
"723520,0",2025-10-08,quarta-feira,05:35:00,SC,101,"43,4",JOINVILLE,Velocidade Incompatível,Colisão com objeto,Com Vítimas Fatais,Amanhecer,Decrescente,Garoa/Chuvisco,Dupla,Declive;Reta,Não,2,1,0,0,0,1,0,2,-26.3357829,-48.8604311,SPRF-SC,DEL03-SC,UOP01-DEL03-SC,2025
"723529,0",2025-10-08,quarta-feira,06:18:00,SC,101,"207,7",SAO JOSE,Reação tardia ou ineficiente do condutor,Tombamento,Com Vítimas Feridas,Pleno dia,Decrescente,Céu Claro,Múltipla,Reta,Sim,4,0,3,0,1,0,3,2,-27.60234,-48.62956,SPRF-SC,DEL01-SC,UOP01-DEL01-SC,2025
"723543,0",2025-10-08,quarta-feira,07:18:00,SC,282,"18,7",PALHOCA,Reação tardia ou ineficiente do condutor,Colisão frontal,Com Vítimas Feridas,Pleno dia,Decrescente,Céu Claro,Simples,Reta;Viaduto,Sim,2,0,0,1,1,0,1,2,-27.677437,-48.700762,SPRF-SC,DEL01-SC,UOP02-DEL01-SC,2025
"723551,0",2025-10-08,quarta-feira,07:50:00,SC,101,"208,2",SAO JOSE,Trafegar com motocicleta (ou similar) entre as faixas,Colisão lateral mesmo sentido,Com Vítimas Feridas,Pleno dia,Decrescente,Céu Claro,Múltipla,Reta,Sim,2,0,0,1,0,1,1,2,-27.60983976,-48.63882959,SPRF-SC,DEL01-SC,UOP01-DEL01-SC,2025
"723561,0",2025-10-08,quarta-feira,08:10:00,SC,101,"108,0",PENHA,Ausência de reação do condutor,Colisão traseira,Com Vítimas Feridas,Pleno dia,Crescente,Céu Claro,Múltipla,Reta,Não,2,0,1,0,1,0,1,2,-26.82732243,-48.6906217,SPRF-SC,DEL03-SC,UOP02-DEL03-SC,2025
"723571,0",2025-10-08,quarta-feira,10:21:00,SC,101,"206,0",SAO JOSE,Manobra de mudança de faixa,Colisão lateral mesmo sentido,Com Vítimas Feridas,Pleno dia,Crescente,Céu Claro,Dupla,Reta,Sim,2,0,0,1,1,0,1,2,-27.5917295,-48.6183819,SPRF-SC,DEL01-SC,UOP01-DEL01-SC,2025
"723573,0",2025-10-08,quarta-feira,09:00:00,SC,101,"38,5",JOINVILLE,Manobra de mudança de faixa,Colisão lateral mesmo sentido,Com Vítimas Feridas,Pleno dia,Crescente,Garoa/Chuvisco,Múltipla,Reta,Sim,2,0,1,0,1,0,1,2,-26.29571823,-48.8843414,SPRF-SC,DEL03-SC,UOP01-DEL03-SC,2025
"723576,0",2025-10-08,quarta-feira,10:30:00,SC,101,"206,2",SAO JOSE,Condutor deixou de manter distância do veículo da frente,Colisão traseira,Com Vítimas Feridas,Pleno dia,Decrescente,Céu Claro,Múltipla,Reta,Sim,2,0,1,0,1,0,1,2,-27.59098322,-48.6180827,SPRF-SC,DEL01-SC,UOP01-DEL01-SC,2025
"723646,0",2025-10-08,quarta-feira,17:25:00,SC,470,"176,0",POUSO REDONDO,Conversão proibida,Colisão traseira,Com Vítimas Feridas,Anoitecer,Crescente,Céu Claro,Simples,Reta;Declive,Não,2,0,0,1,1,0,1,2,-27.25217314,-49.95653836,SPRF-SC,DEL04-SC,UOP02-DEL04-SC,2025
"723647,0",2025-10-08,quarta-feira,18:10:00,SC,282,"2,9",FLORIANOPOLIS,Manobra de mudança de faixa,Colisão lateral mesmo sentido,Com Vítimas Feridas,Anoitecer,Crescente,Céu Claro,Múltipla,Reta,Sim,3,0,2,0,1,0,2,2,-27.6021889,-48.59551337,SPRF-SC,DEL01-SC,UOP01-DEL01-SC,2025
"723651,0",2025-10-08,quarta-feira,18:20:00,SC,101,"122,0",ITAJAI,Demais falhas mecânicas ou elétricas,Tombamento,Com Vítimas Feridas,Plena Noite,Decrescente,Nublado,Múltipla,Reta,Sim,2,0,2,0,0,0,2,1,-26.93696332,-48.699646,SPRF-SC,DEL04-SC,UOP04-DEL04-SC,2025
"723671,0",2025-10-08,quarta-feira,19:15:00,SC,153,"99,0",CONCORDIA,Acessar a via sem observar a presença dos outros veículos,Colisão lateral mesmo sentido,Com Vítimas Feridas,Plena Noite,Decrescente,Nublado,Simples,Reta,Não,3,0,1,0,2,0,1,2,-27.241712,-51.952309,SPRF-SC,DEL07-SC,UOP04-DEL07-SC,2025
"723689,0",2025-10-08,quarta-feira,21:35:00,SC,101,"147,0",ITAPEMA,Manobra de mudança de faixa,Colisão lateral mesmo sentido,Com Vítimas Feridas,Plena Noite,Decrescente,Chuva,Dupla,Reta,Sim,3,0,1,1,1,0,2,2,-27.088573,-48.61241905,SPRF-SC,DEL04-SC,UOP03-DEL04-SC,2025
"723693,0",2025-10-08,quarta-feira,18:30:00,SC,282,"560,7",NOVA ITABERABA,Demais Fenômenos da natureza,Eventos atípicos,Com Vítimas Feridas,Plena Noite,Decrescente,Céu Claro,Simples,Reta;Aclive,Não,1,0,1,0,0,0,1,1,-26.92701547,-52.85320759,SPRF-SC,DEL07-SC,UOP02-DEL07-SC,2025
"723699,0",2025-10-08,quarta-feira,20:30:00,SC,163,"106,4",SAO JOSE DO CEDRO,Acessar a via sem observar a presença dos outros veículos,Colisão transversal,Com Vítimas Feridas,Plena Noite,Crescente,Céu Claro,Dupla,Retorno Regulamentado;Reta,Não,3,0,2,0,1,0,2,2,-26.43509447,-53.51853168,SPRF-SC,DEL07-SC,UOP03-DEL07-SC,2025
"723703,0",2025-10-08,quarta-feira,07:20:00,SC,282,"521,6",XAXIM,Acessar a via sem observar a presença dos outros veículos,Colisão transversal,Com Vítimas Feridas,Pleno dia,Decrescente,Céu Claro,Simples,Reta;Interseção de Vias;Aclive,Sim,3,0,1,0,2,0,1,2,-26.95297368,-52.53819823,SPRF-SC,DEL07-SC,UOP01-DEL07-SC,2025
"723713,0",2025-10-08,quarta-feira,23:10:00,SC,101,"318,0",PESCARIA BRAVA,Ausência de reação do condutor,Colisão com objeto,Com Vítimas Feridas,Plena Noite,Crescente,Céu Claro,Dupla,Reta;Aclive,Não,1,0,1,0,0,0,1,1,-28.4282266,-48.88109666,SPRF-SC,DEL02-SC,UOP01-DEL02-SC,2025
"723737,0",2025-10-09,quinta-feira,05:15:00,SC,470,"69,7",INDAIAL,Frear bruscamente,Tombamento,Com Vítimas Feridas,Amanhecer,Decrescente,Garoa/Chuvisco,Dupla,Reta,Não,1,0,1,0,0,0,1,1,-26.88782,-49.2529,SPRF-SC,DEL04-SC,UOP01-DEL04-SC,2025
"723745,0",2025-10-09,quinta-feira,06:50:00,SC,101,"204,0",SAO JOSE,Trafegar com motocicleta (ou similar) entre as faixas,Colisão lateral mesmo sentido,Com Vítimas Feridas,Pleno dia,Crescente,Chuva,Múltipla,Reta,Sim,2,0,1,0,1,0,1,2,-27.581349,-48.615635,SPRF-SC,DEL01-SC,UOP01-DEL01-SC,2025
"723748,0",2025-10-09,quinta-feira,06:30:00,SC,280,"127,0",RIO NEGRINHO,Acessar a via sem observar a presença dos outros veículos,Colisão transversal,Com Vítimas Feridas,Amanhecer,Decrescente,Chuva,Simples,Aclive;Reta,Não,2,0,0,1,1,0,1,2,-26.241858,-49.511057,SPRF-SC,DEL06-SC,UOP03-DEL06-SC,2025
"723762,0",2025-10-09,quinta-feira,07:20:00,SC,101,"214,3",PALHOCA,Reação tardia ou ineficiente do condutor,Colisão lateral mesmo sentido,Com Vítimas Feridas,Pleno dia,Decrescente,Chuva,Múltipla,Reta,Sim,2,0,1,0,1,0,1,2,-27.647,-48.672,SPRF-SC,DEL01-SC,UOP02-DEL01-SC,2025
"723796,0",2025-10-09,quinta-feira,09:35:00,SC,101,"131,1",BALNEARIO CAMBORIU,Ausência de reação do condutor,Colisão traseira,Com Vítimas Feridas,Pleno dia,Decrescente,Nublado,Dupla,Reta,Não,2,0,1,0,1,0,1,2,-26.9876072,-48.66534591,SPRF-SC,DEL04-SC,UOP03-DEL04-SC,2025
"723804,0",2025-10-08,quarta-feira,19:00:00,SC,282,"484,8",FAXINAL DOS GUEDES,Velocidade Incompatível,Saída de leito carroçável,Com Vítimas Feridas,Plena Noite,Decrescente,Céu Claro,Simples,Curva,Não,1,0,1,0,0,0,1,1,-26.86205552,-52.22714782,SPRF-SC,DEL07-SC,UOP01-DEL07-SC,2025
"723834,0",2025-10-09,quinta-feira,14:15:00,SC,116,"206,7",PONTE ALTA,Acessar a via sem observar a presença dos outros veículos,Colisão transversal,Com Vítimas Feridas,Pleno dia,Decrescente,Chuva,Simples,Interseção de Vias;Reta,Sim,2,0,1,0,1,0,1,2,-27.478563,-50.380662,SPRF-SC,DEL05-SC,UOP03-DEL05-SC,2025
"723837,0",2025-10-09,quinta-feira,14:40:00,SC,101,"134,0",BALNEARIO CAMBORIU,Acessar a via sem observar a presença dos outros veículos,Colisão frontal,Com Vítimas Feridas,Pleno dia,Crescente,Chuva,Simples,Interseção de Vias,Sim,2,0,1,0,1,0,1,2,-27.00239635,-48.63678575,SPRF-SC,DEL04-SC,UOP03-DEL04-SC,2025
"723844,0",2025-10-09,quinta-feira,16:45:00,SC,101,"137,0",BALNEARIO CAMBORIU,Condutor deixou de manter distância do veículo da frente,Tombamento,Com Vítimas Feridas,Pleno dia,Decrescente,Garoa/Chuvisco,Dupla,Declive;Interseção de Vias,Sim,2,0,1,0,1,0,1,2,-27.01622774,-48.61157298,SPRF-SC,DEL04-SC,UOP03-DEL04-SC,2025
"723846,0",2025-10-09,quinta-feira,15:30:00,SC,101,"59,0",ARAQUARI,Velocidade Incompatível,Saída de leito carroçável,Com Vítimas Feridas,Pleno dia,Decrescente,Chuva,Dupla,Reta,Não,1,0,1,0,0,0,1,1,-26.45154772,-48.78627491,SPRF-SC,DEL03-SC,UOP02-DEL03-SC,2025
"723850,0",2025-10-09,quinta-feira,16:35:00,SC,101,"215,5",PALHOCA,Acessar a via sem observar a presença dos outros veículos,Colisão lateral mesmo sentido,Com Vítimas Feridas,Anoitecer,Crescente,Garoa/Chuvisco,Simples,Rotatória,Sim,2,0,1,0,1,0,1,2,-27.65553031,-48.67888419,SPRF-SC,DEL01-SC,UOP02-DEL01-SC,2025
"723875,0",2025-10-09,quinta-feira,18:20:00,SC,282,"3,7",FLORIANOPOLIS,Manobra de mudança de faixa,Colisão lateral mesmo sentido,Com Vítimas Feridas,Plena Noite,Crescente,Chuva,Múltipla,Reta,Sim,5,0,1,0,2,2,1,3,-27.59458,-48.60243,SPRF-SC,DEL01-SC,UOP01-DEL01-SC,2025
"723915,0",2025-10-09,quinta-feira,17:30:00,SC,116,"251,0",LAGES,Desrespeitar a preferência no cruzamento,Colisão transversal,Com Vítimas Feridas,Pleno dia,Crescente,Garoa/Chuvisco,Simples,Interseção de Vias;Curva,Não,4,0,4,0,0,0,4,2,-27.84681,-50.379186,SPRF-SC,DEL05-SC,UOP02-DEL05-SC,2025
"723919,0",2025-10-09,quinta-feira,20:00:00,SC,101,"157,0",PORTO BELO,Ausência de reação do condutor,Queda de ocupante de veículo,Com Vítimas Feridas,Plena Noite,Crescente,Céu Claro,Múltipla,Reta,Não,1,0,0,1,0,0,1,1,-27.18480542,-48.61259071,SPRF-SC,DEL04-SC,UOP03-DEL04-SC,2025
"723920,0",2025-10-09,quinta-feira,20:10:00,SC,280,"7,0",SAO FRANCISCO DO SUL,Acessar a via sem observar a presença dos outros veículos,Colisão transversal,Com Vítimas Feridas,Plena Noite,Crescente,Garoa/Chuvisco,Simples,Rotatória,Sim,2,0,1,0,1,0,1,2,-26.270003,-48.640058,SPRF-SC,DEL03-SC,UOP03-DEL03-SC,2025
"723934,0",2025-10-10,sexta-feira,01:30:00,SC,101,"244,5",PALHOCA,Ausência de sinalização,Colisão traseira,Com Vítimas Feridas,Plena Noite,Crescente,Chuva,Dupla,Reta,Não,2,0,1,0,1,0,1,2,-27.898,-48.649,SPRF-SC,DEL01-SC,UOP02-DEL01-SC,2025
"723944,0",2025-10-10,sexta-feira,04:00:00,SC,101,"152,0",PORTO BELO,Ausência de reação do condutor,Colisão com objeto,Sem Vítimas,Plena Noite,Decrescente,Garoa/Chuvisco,Dupla,Reta,Sim,3,0,0,0,1,2,0,3,-27.13646908,-48.60998981,SPRF-SC,DEL04-SC,UOP03-DEL04-SC,2025
"723947,0",2025-10-09,quinta-feira,17:00:00,SC,470,"24,0",ILHOTA,Pista Escorregadia,Saída de leito carroçável,Com Vítimas Feridas,Anoitecer,Crescente,Chuva,Dupla,Reta,Não,1,0,1,0,0,0,1,1,-26.88365961,-48.8612633,SPRF-SC,DEL04-SC,UOP04-DEL04-SC,2025
"723957,0",2025-10-10,sexta-feira,06:10:00,SC,280,"56,4",GUARAMIRIM,Velocidade Incompatível,Colisão com objeto,Com Vítimas Fatais,Amanhecer,Decrescente,Garoa/Chuvisco,Múltipla,Em Obras;Curva,Sim,2,1,0,0,1,0,0,2,-26.479157,-49.01015,SPRF-SC,DEL03-SC,UOP03-DEL03-SC,2025
"723958,0",2025-10-10,sexta-feira,07:25:00,SC,280,"127,9",RIO NEGRINHO,Acesso irregular,Colisão transversal,Com Vítimas Feridas,Pleno dia,Crescente,Nublado,Simples,Reta,Sim,2,0,1,0,1,0,1,2,-26.24294,-49.512387,SPRF-SC,DEL06-SC,UOP03-DEL06-SC,2025
"723966,0",2025-10-10,sexta-feira,07:45:00,SC,101,"203,0",SAO JOSE,Trafegar com motocicleta (ou similar) entre as faixas,Colisão lateral mesmo sentido,Com Vítimas Feridas,Pleno dia,Crescente,Garoa/Chuvisco,Múltipla,Reta,Sim,6,0,1,0,5,0,1,3,-27.57009683,-48.61387666,SPRF-SC,DEL01-SC,UOP01-DEL01-SC,2025
"723972,0",2025-10-10,sexta-feira,07:30:00,SC,101,"211,1",PALHOCA,Reação tardia ou ineficiente do condutor,Colisão traseira,Com Vítimas Feridas,Pleno dia,Crescente,Garoa/Chuvisco,Múltipla,Reta,Sim,2,0,1,0,1,0,1,2,-27.62380622,-48.65308704,SPRF-SC,DEL01-SC,UOP02-DEL01-SC,2025
"724022,0",2025-10-10,sexta-feira,12:00:00,SC,101,"446,4",SANTA ROSA DO SUL,Conversão proibida,Colisão frontal,Com Vítimas Feridas,Pleno dia,Crescente,Céu Claro,Múltipla,Curva,Não,2,0,1,1,0,0,2,2,-29.1546788,-49.7299248,SPRF-SC,DEL02-SC,UOP02-DEL02-SC,2025
"724028,0",2025-10-10,sexta-feira,13:30:00,SC,101,"206,0",SAO JOSE,Trafegar com motocicleta (ou similar) entre as faixas,Tombamento,Com Vítimas Feridas,Pleno dia,Decrescente,Garoa/Chuvisco,Múltipla,Reta,Sim,2,0,2,0,0,0,2,1,-27.59391,-48.61874,SPRF-SC,DEL01-SC,UOP01-DEL01-SC,2025
"724029,0",2025-10-10,sexta-feira,13:50:00,SC,101,"241,0",PALHOCA,Reação tardia ou ineficiente do condutor,Saída de leito carroçável,Com Vítimas Feridas,Pleno dia,Crescente,Nublado,Dupla,Reta,Sim,2,0,1,0,1,0,1,1,-27.8656652,-48.64616275,SPRF-SC,DEL01-SC,UOP02-DEL01-SC,2025
"724035,0",2025-10-10,sexta-feira,13:25:00,SC,101,"88,0",BARRA VELHA,Desrespeitar a preferência no cruzamento,Colisão transversal,Com Vítimas Feridas,Pleno dia,Crescente,Chuva,Múltipla,Interseção de Vias;Viaduto,Sim,2,0,1,0,1,0,1,2,-26.6141696,-48.7161856,SPRF-SC,DEL03-SC,UOP02-DEL03-SC,2025
"724054,0",2025-10-10,sexta-feira,14:40:00,SC,101,"208,0",SAO JOSE,Condutor deixou de manter distância do veículo da frente,Colisão traseira,Sem Vítimas,Pleno dia,Crescente,Nublado,Múltipla,Reta,Sim,2,0,0,0,2,0,0,2,-27.6033648,-48.63205282,SPRF-SC,DEL01-SC,UOP01-DEL01-SC,2025
"724055,0",2025-10-10,sexta-feira,14:30:00,SC,280,"115,6",SAO BENTO DO SUL,Acessar a via sem observar a presença dos outros veículos,Colisão transversal,Com Vítimas Feridas,Pleno dia,Decrescente,Chuva,Simples,Interseção de Vias;Reta,Não,6,0,1,0,5,0,1,2,-26.282523,-49.413555,SPRF-SC,DEL06-SC,UOP03-DEL06-SC,2025
"724056,0",2025-10-10,sexta-feira,15:00:00,SC,101,"125,0",ITAJAI,Acumulo de óleo sobre o pavimento,Colisão traseira,Com Vítimas Feridas,Pleno dia,Crescente,Garoa/Chuvisco,Dupla,Reta,Não,4,0,1,0,3,0,1,3,-26.94715536,-48.68544102,SPRF-SC,DEL04-SC,UOP04-DEL04-SC,2025
"724072,0",2025-10-10,sexta-feira,10:50:00,SC,163,"66,0",SAO MIGUEL DO OESTE,Reação tardia ou ineficiente do condutor,Colisão traseira,Sem Vítimas,Pleno dia,Crescente,Céu Claro,Simples,Rotatória,Sim,4,0,0,0,4,0,0,2,-26.76135326,-53.50018537,SPRF-SC,DEL07-SC,UOP03-DEL07-SC,2025
"724114,0",2025-10-10,sexta-feira,17:15:00,SC,101,"105,1",PENHA,Trafegar com motocicleta (ou similar) entre as faixas,Tombamento,Com Vítimas Feridas,Pleno dia,Crescente,Chuva,Dupla,Reta,Sim,1,0,1,0,0,0,1,1,-26.80153824,-48.67882602,SPRF-SC,DEL03-SC,UOP02-DEL03-SC,2025
"724136,0",2025-10-10,sexta-feira,18:10:00,SC,282,"500,8",XANXERE,Manobra de mudança de faixa,Colisão lateral mesmo sentido,Com Vítimas Feridas,Anoitecer,Crescente,Céu Claro,Múltipla,Reta,Sim,3,0,1,0,2,0,1,3,-26.8816253,-52.377012,SPRF-SC,DEL07-SC,UOP01-DEL07-SC,2025
"724143,0",2025-10-10,sexta-feira,19:45:00,SC,101,"68,0",ARAQUARI,Ausência de reação do condutor,Capotamento,Com Vítimas Feridas,Plena Noite,Crescente,Garoa/Chuvisco,Múltipla,Reta,Não,1,0,0,1,0,0,1,1,-26.50372339,-48.72735643,SPRF-SC,DEL03-SC,UOP02-DEL03-SC,2025
"724144,0",2025-10-10,sexta-feira,21:05:00,SC,101,"131,0",CAMBORIU,Reação tardia ou ineficiente do condutor,Colisão com objeto,Com Vítimas Feridas,Plena Noite,Decrescente,Chuva,Múltipla,Interseção de Vias;Reta,Não,2,0,1,0,1,0,1,1,-26.98422655,-48.66914338,SPRF-SC,DEL04-SC,UOP03-DEL04-SC,2025
"724149,0",2025-10-10,sexta-feira,21:20:00,SC,282,"375,0",HERVAL DOESTE,Ingestão de álcool pelo condutor,Colisão frontal,Com Vítimas Feridas,Plena Noite,Decrescente,Céu Claro,Simples,Curva,Não,2,0,2,0,0,0,2,2,-27.23077,-51.452658,SPRF-SC,DEL07-SC,UOP05-DEL07-SC,2025
"724155,0",2025-10-10,sexta-feira,20:20:00,SC,282,"504,5",XANXERE,Desrespeitar a preferência no cruzamento,Colisão transversal,Com Vítimas Feridas,Plena Noite,Crescente,Nublado,Simples,Reta;Interseção de Vias,Sim,3,0,0,1,2,0,1,2,-26.88437955,-52.41025686,SPRF-SC,DEL07-SC,UOP01-DEL07-SC,2025
"724159,0",2025-10-10,sexta-feira,22:15:00,SC,101,"210,2",SAO JOSE,Acessar a via sem observar a presença dos outros veículos,Capotamento,Com Vítimas Feridas,Plena Noite,Decrescente,Chuva,Dupla,Reta,Sim,2,0,1,0,0,1,1,2,-27.61853,-48.64692,SPRF-SC,DEL01-SC,UOP01-DEL01-SC,2025
"724176,0",2025-10-10,sexta-feira,23:45:00,SC,101,"198,1",BIGUACU,Reação tardia ou ineficiente do condutor,Tombamento,Com Vítimas Feridas,Plena Noite,Crescente,Chuva,Múltipla,Reta,Sim,1,0,1,0,0,0,1,1,-27.52524312,-48.63609256,SPRF-SC,DEL01-SC,UOP01-DEL01-SC,2025
"724204,0",2025-10-11,sábado,04:50:00,SC,101,"11,5",GARUVA,Ingestão de álcool pelo condutor,Colisão traseira,Sem Vítimas,Amanhecer,Crescente,Garoa/Chuvisco,Dupla,Reta,Não,1,0,0,0,1,0,0,1,-26.07263684,-48.86102768,SPRF-SC,DEL03-SC,UOP01-DEL03-SC,2025
"724205,0",2025-10-11,sábado,04:00:00,SC,282,"385,0",HERVAL DOESTE,Ingestão de álcool pelo condutor,Saída de leito carroçável,Com Vítimas Feridas,Plena Noite,Crescente,Céu Claro,Simples,Reta,Não,1,0,0,1,0,0,1,1,-27.202442,-51.501965,SPRF-SC,DEL07-SC,UOP05-DEL07-SC,2025
"724206,0",2025-10-11,sábado,04:58:00,SC,101,"208,4",SAO JOSE,Ausência de sinalização,Colisão transversal,Sem Vítimas,Pleno dia,Crescente,Nublado,Múltipla,Interseção de Vias;Viaduto,Não,2,0,0,0,2,0,0,2,-27.60600789,-48.635132,SPRF-SC,DEL01-SC,UOP01-DEL01-SC,2025
"724225,0",2025-10-11,sábado,05:00:00,SC,282,"469,2",PASSOS MAIA,Ingestão de álcool pelo condutor,Colisão traseira,Com Vítimas Feridas,Amanhecer,Crescente,Céu Claro,Dupla,Reta,Não,2,0,1,0,0,1,1,2,-26.85456,-52.094066,SPRF-SC,DEL07-SC,UOP04-DEL07-SC,2025