id,data_inversa,dia_semana,horario,uf,br,km,municipio,causa_acidente,tipo_acidente,classificacao_acidente,fase_dia,sentido_via,condicao_metereologica,tipo_pista,tracado_via,uso_solo,pessoas,mortos,feridos_leves,feridos_graves,ilesos,ignorados,feridos,veiculos,latitude,longitude,regional,delegacia,uop,ano_arquivo
"725140,0",2025-10-15,quarta-feira,07:55:00,SC,470,"136,0",RIO DO SUL,Reação tardia ou ineficiente do condutor,Engavetamento,Com Vítimas Feridas,Pleno dia,Crescente,Sol,Simples,Reta,Sim,3,0,1,0,2,0,1,3,-27.1887326,-49.6118542,SPRF-SC,DEL04-SC,UOP02-DEL04-SC,2025
"725143,0",2025-10-15,quarta-feira,08:23:00,SC,101,"29,0",ARAQUARI,Acessar a via sem observar a presença dos outros veículos,Colisão transversal,Com Vítimas Feridas,Pleno dia,Decrescente,Céu Claro,Dupla,Reta,Sim,2,0,1,0,1,0,1,2,-26.40966537,-48.75148471,SPRF-SC,DEL03-SC,UOP01-DEL03-SC,2025
"725144,0",2025-10-15,quarta-feira,08:15:00,SC,101,"137,0",BALNEARIO CAMBORIU,Manobra de mudança de faixa,Tombamento,Com Vítimas Feridas,Pleno dia,Crescente,Céu Claro,Múltipla,Reta,Sim,2,0,1,0,0,1,1,2,-27.01407193,-48.61314861,SPRF-SC,DEL04-SC,UOP03-DEL04-SC,2025
"725151,0",2025-10-15,quarta-feira,08:45:00,SC,101,"203,4",SAO JOSE,Manobra de mudança de faixa,Colisão lateral mesmo sentido,Com Vítimas Feridas,Pleno dia,Crescente,Céu Claro,Múltipla,Reta,Não,2,0,1,0,1,0,1,2,-27.568852,-48.61407,SPRF-SC,DEL01-SC,UOP01-DEL01-SC,2025
"725185,0",2025-10-15,quarta-feira,09:15:00,SC,101,"122,8",ITAJAI,Ausência de reação do condutor,Colisão traseira,Com Vítimas Feridas,Pleno dia,Decrescente,Céu Claro,Dupla,Reta,Não,2,0,0,1,1,0,1,2,-26.93476638,-48.70047983,SPRF-SC,DEL04-SC,UOP04-DEL04-SC,2025
"725186,0",2025-10-15,quarta-feira,10:30:00,SC,101,"118,9",ITAJAI,Demais falhas mecânicas ou elétricas,Tombamento,Com Vítimas Feridas,Pleno dia,Crescente,Sol,Dupla,Reta,Não,1,0,0,1,0,0,1,1,-26.89502247,-48.71944841,SPRF-SC,DEL04-SC,UOP04-DEL04-SC,2025
"725187,0",2025-10-15,quarta-feira,13:20:00,SC,101,"433,5",SANTA ROSA DO SUL,Acesso irregular,Colisão traseira,Com Vítimas Feridas,Pleno dia,Crescente,Céu Claro,Dupla,Declive;Reta,Sim,2,0,1,0,1,0,1,2,-29.135837,-49.709437,SPRF-SC,DEL02-SC,UOP02-DEL02-SC,2025
"725203,0",2025-10-15,quarta-feira,15:00:00,SC,282,"4,2",FLORIANOPOLIS,Condutor deixou de manter distância do veículo da frente,Colisão traseira,Com Vítimas Feridas,Pleno dia,Decrescente,Sol,Múltipla,Reta,Não,2,0,1,0,1,0,1,2,-27.59802658,-48.60070467,SPRF-SC,DEL01-SC,UOP01-DEL01-SC,2025
"725204,0",2025-10-15,quarta-feira,15:15:00,SC,282,"4,2",SAO JOSE,Manobra de mudança de faixa,Colisão lateral mesmo sentido,Com Vítimas Feridas,Pleno dia,Crescente,Céu Claro,Múltipla,Reta,Sim,3,0,1,1,1,0,2,2,-27.59157989,-48.60595107,SPRF-SC,DEL01-SC,UOP01-DEL01-SC,2025
"725214,0",2025-10-15,quarta-feira,15:25:00,SC,101,"39,8",JOINVILLE,Reação tardia ou ineficiente do condutor,Tombamento,Com Vítimas Feridas,Pleno dia,Crescente,Céu Claro,Dupla,Reta,Sim,1,0,1,0,0,0,1,1,-26.30351698,-48.88236807,SPRF-SC,DEL03-SC,UOP01-DEL03-SC,2025
"725252,0",2025-10-15,quarta-feira,17:30:00,SC,470,"56,0",BLUMENAU,Ausência de reação do condutor,Saída de leito carroçável,Com Vítimas Feridas,Pleno dia,Decrescente,Céu Claro,Dupla,Curva,Não,1,0,0,1,0,0,1,1,-26.880318,-49.13636788,SPRF-SC,DEL04-SC,UOP01-DEL04-SC,2025
"725253,0",2025-10-15,quarta-feira,16:00:00,SC,101,"386,0",ICARA,Pista Escorregadia,Tombamento,Com Vítimas Feridas,Pleno dia,Decrescente,Céu Claro,Simples,Interseção de Vias,Não,1,0,0,1,0,0,1,1,-28.78605301,-49.33822632,SPRF-SC,DEL02-SC,UOP02-DEL02-SC,2025
"725258,0",2025-10-15,quarta-feira,18:25:00,SC,280,"294,0",PORTO UNIAO,Acessar a via sem observar a presença dos outros veículos,Colisão frontal,Com Vítimas Feridas,Plena Noite,Crescente,Céu Claro,Simples,Reta,Sim,2,0,1,0,1,0,1,2,-26.25414922,-51.08077168,SPRF-SC,DEL06-SC,UOP04-DEL06-SC,2025
"725276,0",2025-10-15,quarta-feira,19:10:00,SC,282,"56,0",RANCHO QUEIMADO,Velocidade Incompatível,Tombamento,Com Vítimas Feridas,Pleno dia,Crescente,Céu Claro,Simples,Reta,Não,1,0,0,1,0,0,1,1,-27.6878071,-48.99582195,SPRF-SC,DEL01-SC,UOP03-DEL01-SC,2025
"725292,0",2025-10-16,quinta-feira,00:00:00,SC,101,"86,0",BARRA VELHA,Reação tardia ou ineficiente do condutor,Saída de leito carroçável,Sem Vítimas,Plena Noite,Decrescente,Céu Claro,Simples,Reta,Sim,1,0,0,0,1,0,0,1,-26.63746371,-48.69567061,SPRF-SC,DEL03-SC,UOP02-DEL03-SC,2025
"725321,0",2025-10-16,quinta-feira,07:00:00,SC,470,"141,0",RIO DO SUL,Conversão proibida,Colisão transversal,Com Vítimas Feridas,Pleno dia,Decrescente,Sol,Simples,Reta;Declive,Sim,2,0,1,0,1,0,1,2,-27.2049355,-49.6415294,SPRF-SC,DEL04-SC,UOP02-DEL04-SC,2025
"725340,0",2025-10-16,quinta-feira,07:50:00,SC,101,"130,0",CAMBORIU,Reação tardia ou ineficiente do condutor,Colisão traseira,Com Vítimas Feridas,Pleno dia,Decrescente,Céu Claro,Dupla,Reta,Não,2,0,1,0,1,0,1,2,-26.98325529,-48.67187373,SPRF-SC,DEL04-SC,UOP03-DEL04-SC,2025
"725352,0",2025-10-16,quinta-feira,08:15:00,SC,101,"130,0",BALNEARIO CAMBORIU,Ausência de reação do condutor,Queda de ocupante de veículo,Com Vítimas Feridas,Pleno dia,Decrescente,Céu Claro,Dupla,Reta,Sim,1,0,0,1,0,0,1,1,-26.98944191,-48.66393741,SPRF-SC,DEL04-SC,UOP03-DEL04-SC,2025
"725357,0",2025-10-16,quinta-feira,09:45:00,SC,282,"3,6",FLORIANOPOLIS,Manobra de mudança de faixa,Colisão lateral mesmo sentido,Com Vítimas Feridas,Pleno dia,Decrescente,Céu Claro,Múltipla,Reta,Sim,2,0,1,0,1,0,1,2,-27.59448,-48.60173,SPRF-SC,DEL01-SC,UOP01-DEL01-SC,2025
"725367,0",2025-10-16,quinta-feira,11:20:00,SC,280,"57,0",GUARAMIRIM,Reação tardia ou ineficiente do condutor,Colisão transversal,Com Vítimas Feridas,Pleno dia,Crescente,Céu Claro,Dupla,Reta,Sim,2,0,2,0,0,0,2,2,-26.474225,-49.02382,SPRF-SC,DEL03-SC,UOP03-DEL03-SC,2025
"725411,0",2025-10-16,quinta-feira,08:10:00,SC,480,"129,0",CHAPECO,Ausência de reação do condutor,Colisão traseira,Com Vítimas Feridas,Pleno dia,Decrescente,Garoa/Chuvisco,Simples,Interseção de Vias,Não,2,0,1,0,1,0,1,2,-27.044291,-52.6354,SPRF-SC,DEL07-SC,UOP01-DEL07-SC,2025
"725417,0",2025-10-16,quinta-feira,15:30:00,SC,101,"150,0",ITAPEMA,Ausência de reação do condutor,Colisão traseira,Com Vítimas Feridas,Pleno dia,Crescente,Nublado,Dupla,Reta,Sim,2,0,1,0,1,0,1,2,-27.1230754,-48.6094657,SPRF-SC,DEL04-SC,UOP03-DEL04-SC,2025
"725427,0",2025-10-16,quinta-feira,15:40:00,SC,101,"206,9",SAO JOSE,Ausência de reação do condutor,Colisão lateral mesmo sentido,Com Vítimas Feridas,Pleno dia,Crescente,Nublado,Múltipla,Reta,Sim,1,0,1,0,0,0,1,1,-27.59698544,-48.61926019,SPRF-SC,DEL01-SC,UOP01-DEL01-SC,2025
"725451,0",2025-10-16,quinta-feira,18:00:00,SC,101,"173,0",GOVERNADOR CELSO RAMOS,Avarias e/ou desgaste excessivo no pneu,Tombamento,Com Vítimas Feridas,Plena Noite,Decrescente,Céu Claro,Dupla,Reta,Não,2,0,2,0,0,0,2,1,-27.32691928,-48.62685554,SPRF-SC,DEL04-SC,UOP03-DEL04-SC,2025
"725476,0",2025-10-16,quinta-feira,18:30:00,SC,470,"51,0",BLUMENAU,Acessar a via sem observar a presença dos outros veículos,Colisão lateral mesmo sentido,Sem Vítimas,Plena Noite,Crescente,Céu Claro,Múltipla,Curva,Sim,3,0,0,0,2,1,0,3,-26.8627056,-49.091908,SPRF-SC,DEL04-SC,UOP01-DEL04-SC,2025
"725510,0",2025-10-17,sexta-feira,03:00:00,SC,101,"148,0",ITAPEMA,Condutor Dormindo,Saída de leito carroçável,Sem Vítimas,Pleno dia,Decrescente,Céu Claro,Dupla,Reta,Sim,1,0,0,0,1,0,0,1,-27.10443956,-48.61601321,SPRF-SC,DEL04-SC,UOP03-DEL04-SC,2025
"725519,0",2025-10-16,quinta-feira,23:40:00,SC,101,"116,0",ITAJAI,Reação tardia ou ineficiente do condutor,Saída de leito carroçável,Sem Vítimas,Plena Noite,Crescente,Nublado,Múltipla,Reta,Sim,1,0,0,0,0,1,0,1,-26.88253237,-48.72503981,SPRF-SC,DEL04-SC,UOP04-DEL04-SC,2025
"725520,0",2025-10-17,sexta-feira,05:50:00,SC,101,"133,0",BALNEARIO CAMBORIU,Ingestão de álcool pelo condutor,Saída de leito carroçável,Com Vítimas Feridas,Amanhecer,Crescente,Céu Claro,Dupla,Curva,Sim,3,0,2,0,0,1,2,2,-26.99883812,-48.64670682,SPRF-SC,DEL04-SC,UOP03-DEL04-SC,2025
"725529,0",2025-10-17,sexta-feira,06:40:00,SC,280,"127,0",RIO NEGRINHO,Acessar a via sem observar a presença dos outros veículos,Colisão lateral mesmo sentido,Com Vítimas Feridas,Pleno dia,Decrescente,Céu Claro,Simples,Interseção de Vias;Reta,Não,2,0,0,1,1,0,1,2,-26.24252474,-49.51176373,SPRF-SC,DEL06-SC,UOP03-DEL06-SC,2025
"725546,0",2025-10-17,sexta-feira,07:20:00,SC,101,"206,8",SAO JOSE,Ausência de reação do condutor,Colisão lateral mesmo sentido,Com Vítimas Feridas,Pleno dia,Crescente,Céu Claro,Simples,Reta,Sim,2,0,1,0,1,0,1,2,-27.596264,-48.6198692,SPRF-SC,DEL01-SC,UOP01-DEL01-SC,2025
"725569,0",2025-09-27,sábado,12:30:00,SC,282,"302,4",VARGEM,Velocidade Incompatível,Saída de leito carroçável,Com Vítimas Feridas,Pleno dia,Crescente,Céu Claro,Simples,Declive;Reta,Não,1,0,1,0,0,0,1,1,-27.51953764,-50.90961456,SPRF-SC,DEL07-SC,UOP06-DEL07-SC,2025
"725577,0",2025-10-17,sexta-feira,08:45:00,SC,280,"30,0",ARAQUARI,Acessar a via sem observar a presença dos outros veículos,Colisão transversal,Com Vítimas Feridas,Pleno dia,Crescente,Nublado,Simples,Reta,Sim,2,0,1,0,1,0,1,2,-26.41646499,-48.77133457,SPRF-SC,DEL03-SC,UOP03-DEL03-SC,2025
"725580,0",2025-10-17,sexta-feira,10:50:00,SC,101,"207,0",SAO JOSE,Reação tardia ou ineficiente do condutor,Engavetamento,Com Vítimas Feridas,Pleno dia,Crescente,Nublado,Múltipla,Aclive;Reta,Sim,9,0,1,0,8,0,1,8,-27.60220486,-48.62918822,SPRF-SC,DEL01-SC,UOP01-DEL01-SC,2025
"725596,0",2025-10-17,sexta-feira,08:30:00,SC,470,"291,4",BRUNOPOLIS,Conversão proibida,Colisão transversal,Sem Vítimas,Pleno dia,Decrescente,Nublado,Simples,Reta,Não,6,0,0,0,6,0,0,2,-27.33551816,-50.96000791,SPRF-SC,DEL07-SC,UOP06-DEL07-SC,2025
"725621,0",2025-10-15,quarta-feira,07:40:00,SC,470,"63,2",INDAIAL,Ultrapassagem Indevida,Tombamento,Com Vítimas Feridas,Pleno dia,Crescente,Céu Claro,Simples,Em Obras;Reta,Não,3,0,0,1,2,0,1,2,-26.87196752,-49.19444768,SPRF-SC,DEL04-SC,UOP01-DEL04-SC,2025
"725626,0",2025-10-17,sexta-feira,14:30:00,SC,282,"109,7",ALFREDO WAGNER,Acumulo de óleo sobre o pavimento,Colisão frontal,Com Vítimas Feridas,Pleno dia,Crescente,Chuva,Simples,Declive;Curva,Não,4,0,4,0,0,0,4,2,-27.7255,-49.3595,SPRF-SC,DEL01-SC,UOP03-DEL01-SC,2025
"725632,0",2025-10-17,sexta-feira,15:10:00,SC,101,"128,0",ITAJAI,Reação tardia ou ineficiente do condutor,Colisão lateral mesmo sentido,Com Vítimas Feridas,Pleno dia,Decrescente,Nublado,Dupla,Reta,Sim,2,0,2,0,0,0,2,2,-26.9709118,-48.6825726,SPRF-SC,DEL04-SC,UOP04-DEL04-SC,2025
"725655,0",2025-10-17,sexta-feira,16:40:00,SC,101,"134,0",BALNEARIO CAMBORIU,Acessar a via sem observar a presença dos outros veículos,Colisão transversal,Com Vítimas Feridas,Pleno dia,Crescente,Nevoeiro/Neblina,Simples,Reta;Interseção de Vias;Rotatória,Sim,2,0,0,1,1,0,1,2,-27.0037203,-48.6331889,SPRF-SC,DEL04-SC,UOP03-DEL04-SC,2025
"725662,0",2025-10-17,sexta-feira,17:35:00,SC,101,"74,3",ARAQUARI,Desrespeitar a preferência no cruzamento,Colisão transversal,Com Vítimas Feridas,Pleno dia,Decrescente,Nublado,Dupla,Reta;Interseção de Vias;Viaduto,Sim,2,0,1,0,1,0,1,2,-26.5495009,-48.71379733,SPRF-SC,DEL03-SC,UOP02-DEL03-SC,2025
"725664,0",2025-10-17,sexta-feira,16:45:00,SC,101,"206,0",SAO JOSE,Pista Escorregadia,Tombamento,Com Vítimas Feridas,Pleno dia,Crescente,Chuva,Dupla,Reta,Sim,1,0,1,0,0,0,1,1,-27.59204,-48.61819,SPRF-SC,DEL01-SC,UOP01-DEL01-SC,2025
"725675,0",2025-10-17,sexta-feira,17:45:00,SC,101,"43,0",JOINVILLE,Desrespeitar a preferência no cruzamento,Colisão transversal,Com Vítimas Feridas,Pleno dia,Crescente,Nublado,Múltipla,Interseção de Vias,Sim,4,0,2,0,2,0,2,3,-26.33356129,-48.86124222,SPRF-SC,DEL03-SC,UOP01-DEL03-SC,2025
"725680,0",2025-10-17,sexta-feira,18:55:00,SC,470,"51,0",BLUMENAU,Pedestre - Ingestão de álcool/ substâncias psicoativas,Atropelamento de Pedestre,Com Vítimas Feridas,Plena Noite,Crescente,Garoa/Chuvisco,Simples,Reta,Sim,2,0,0,1,1,0,1,2,-26.86247649,-49.09182357,SPRF-SC,DEL04-SC,UOP01-DEL04-SC,2025
"725701,0",2025-10-17,sexta-feira,20:10:00,SC,101,"71,0",BARRA VELHA,Pista esburacada,Tombamento,Com Vítimas Feridas,Plena Noite,Decrescente,Chuva,Múltipla,Interseção de Vias,Sim,2,0,2,0,0,0,2,1,-26.6207232,-48.726016,SPRF-SC,DEL03-SC,UOP02-DEL03-SC,2025
"725725,0",2025-10-17,sexta-feira,21:45:00,SC,280,"5,0",SAO FRANCISCO DO SUL,Condutor deixou de manter distância do veículo da frente,Colisão traseira,Com Vítimas Feridas,Plena Noite,Decrescente,Chuva,Simples,Rotatória,Sim,2,0,1,0,0,1,1,2,-26.25808412,-48.62324445,SPRF-SC,DEL03-SC,UOP03-DEL03-SC,2025
"725744,0",2025-10-17,sexta-feira,22:35:00,SC,101,"136,5",BALNEARIO CAMBORIU,Acessar a via sem observar a presença dos outros veículos,Colisão lateral mesmo sentido,Com Vítimas Feridas,Plena Noite,Crescente,Nublado,Múltipla,Reta,Sim,2,0,1,0,1,0,1,2,-27.01045,-48.61474,SPRF-SC,DEL04-SC,UOP03-DEL04-SC,2025
"725746,0",2025-10-17,sexta-feira,22:00:00,SC,470,"137,0",RIO DO SUL,Acessar a via sem observar a presença dos outros veículos,Colisão traseira,Sem Vítimas,Plena Noite,Decrescente,Garoa/Chuvisco,Simples,Reta,Sim,2,0,0,0,2,0,0,2,-27.18998087,-49.61947966,SPRF-SC,DEL04-SC,UOP02-DEL04-SC,2025
"725768,0",2025-10-17,sexta-feira,10:26:00,SC,470,"62,0",BLUMENAU,Ultrapassagem Indevida,Colisão transversal,Com Vítimas Feridas,Pleno dia,Decrescente,Céu Claro,Simples,Em Obras;Reta,Sim,3,0,2,0,1,0,2,2,-26.88070295,-49.16707842,SPRF-SC,DEL04-SC,UOP01-DEL04-SC,2025
"725775,0",2025-10-18,sábado,01:50:00,SC,101,"186,2",BIGUACU,Ausência de reação do condutor,Saída de leito carroçável,Sem Vítimas,Plena Noite,Crescente,Garoa/Chuvisco,Dupla,Curva,Sim,4,0,0,0,2,2,0,2,-27.43672,-48.6261,SPRF-SC,DEL01-SC,UOP01-DEL01-SC,2025
"725776,0",2025-10-18,sábado,01:50:00,SC,101,"170,0",ITAPEMA,Condutor deixou de manter distância do veículo da frente,Colisão traseira,Sem Vítimas,Plena Noite,Crescente,Garoa/Chuvisco,Dupla,Reta,Não,1,0,0,0,1,0,0,1,-27.0659386,-48.5955574,SPRF-SC,DEL04-SC,UOP03-DEL04-SC,2025
"725781,0",2025-10-18,sábado,03:10:00,SC,101,"190,8",BIGUACU,Reação tardia ou ineficiente do condutor,Saída de leito carroçável,Sem Vítimas,Plena Noite,Decrescente,Garoa/Chuvisco,Dupla,Curva;Declive,Sim,1,0,0,0,1,0,0,1,-27.47651,-48.64062,SPRF-SC,DEL01-SC,UOP01-DEL01-SC,2025
"725789,0",2025-10-18,sábado,04:24:00,SC,470,"35,0",GASPAR,Desvio temporário,Colisão lateral mesmo sentido,Com Vítimas Feridas,Amanhecer,Crescente,Chuva,Dupla,Reta;Desvio Temporário,Não,3,0,0,1,2,0,1,2,-26.909545,-48.94757,SPRF-SC,DEL04-SC,UOP01-DEL04-SC,2025
"725792,0",2025-10-18,sábado,05:05:00,SC,101,"336,3",TUBARAO,Condutor Dormindo,Tombamento,Sem Vítimas,Pleno dia,Crescente,Nublado,Dupla,Interseção de Vias,Não,1,0,0,0,1,0,0,1,-28.484814,-49.036552,SPRF-SC,DEL02-SC,UOP01-DEL02-SC,2025
"725793,0",2025-10-18,sábado,04:40:00,SC,282,"627,7",IRACEMINHA,Pista Escorregadia,Saída de leito carroçável,Sem Vítimas,Plena Noite,Decrescente,Céu Claro,Simples,Em Obras;Curva,Não,1,0,0,0,1,0,0,1,-26.818337,-53.36417,SPRF-SC,DEL07-SC,UOP02-DEL07-SC,2025
"725797,0",2025-10-18,sábado,04:00:00,SC,101,"112,0",NAVEGANTES,Chuva,Queda de ocupante de veículo,Com Vítimas Feridas,Plena Noite,Crescente,Garoa/Chuvisco,Dupla,Reta;Ponte,Sim,1,0,1,0,0,0,1,1,-26.84257549,-48.71756768,SPRF-SC,DEL04-SC,UOP04-DEL04-SC,2025
"725799,0",2025-10-18,sábado,06:05:00,SC,280,"22,0",ARAQUARI,Ausência de reação do condutor,Colisão lateral mesmo sentido,Com Vítimas Feridas,Amanhecer,Decrescente,Nublado,Simples,Reta,Sim,2,0,2,0,0,0,2,2,-26.37233398,-48.71331302,SPRF-SC,DEL03-SC,UOP03-DEL03-SC,2025
"725805,0",2025-10-18,sábado,05:00:00,SC,163,"76,0",SAO MIGUEL DO OESTE,Ingestão de álcool pelo condutor,Saída de leito carroçável,Sem Vítimas,Plena Noite,Decrescente,Nublado,Simples,Reta,Sim,3,0,0,0,1,2,0,2,-26.73157923,-53.52584896,SPRF-SC,DEL07-SC,UOP03-DEL07-SC,2025
"725807,0",2025-10-18,sábado,07:00:00,SC,282,"15,6",PALHOCA,Acessar a via sem observar a presença dos outros veículos,Colisão transversal,Com Vítimas Feridas,Pleno dia,Crescente,Chuva,Simples,Rotatória,Sim,2,0,1,0,1,0,1,2,-27.65578,-48.679075,SPRF-SC,DEL01-SC,UOP02-DEL01-SC,2025
"725821,0",2025-10-18,sábado,07:50:00,SC,282,"28,4",SANTO AMARO DA IMPERATRIZ,Desrespeitar a preferência no cruzamento,Colisão transversal,Com Vítimas Feridas,Pleno dia,Decrescente,Nublado,Simples,Interseção de Vias,Sim,2,0,1,1,0,0,2,2,-27.67521097,-48.78341728,SPRF-SC,DEL01-SC,UOP03-DEL01-SC,2025
"725828,0",2025-10-18,sábado,08:30:00,SC,101,"192,3",BIGUACU,Velocidade Incompatível,Colisão com objeto,Com Vítimas Feridas,Pleno dia,Crescente,Chuva,Dupla,Curva,Não,5,0,4,1,0,0,5,1,-27.48671063,-48.64901511,SPRF-SC,DEL01-SC,UOP01-DEL01-SC,2025
"725834,0",2025-09-28,domingo,19:30:00,SC,101,"321,5",PESCARIA BRAVA,Condutor deixou de manter distância do veículo da frente,Colisão lateral mesmo sentido,Com Vítimas Feridas,Plena Noite,Crescente,Céu Claro,Dupla,Reta,Sim,6,0,6,0,0,0,6,2,-28.42835,-48.91446,SPRF-SC,DEL02-SC,UOP01-DEL02-SC,2025
"725863,0",2025-10-18,sábado,11:10:00,SC,101,"24,5",JOINVILLE,Pista esburacada,Tombamento,Com Vítimas Feridas,Pleno dia,Decrescente,Nublado,Simples,Reta,Sim,1,0,1,0,0,0,1,1,-26.18069966,-48.90906064,SPRF-SC,DEL03-SC,UOP01-DEL03-SC,2025
"725886,0",2025-10-18,sábado,14:30:00,SC,101,"145,0",ITAPEMA,Condutor deixou de manter distância do veículo da frente,Colisão traseira,Com Vítimas Feridas,Pleno dia,Crescente,Céu Claro,Dupla,Reta,Sim,3,0,0,2,1,0,2,2,-27.07800375,-48.59922409,SPRF-SC,DEL04-SC,UOP03-DEL04-SC,2025
"725889,0",2025-10-18,sábado,14:50:00,SC,101,"206,9",SAO JOSE,Condutor desrespeitou a iluminação vermelha do semáforo,Colisão transversal,Com Vítimas Feridas,Pleno dia,Crescente,Garoa/Chuvisco,Múltipla,Reta;Interseção de Vias;Viaduto,Sim,4,0,3,0,1,0,3,2,-27.59594098,-48.61976327,SPRF-SC,DEL01-SC,UOP01-DEL01-SC,2025
"725893,0",2025-10-18,sábado,10:35:00,SC,282,"22,0",SANTO AMARO DA IMPERATRIZ,Reação tardia ou ineficiente do condutor,Colisão com objeto,Com Vítimas Feridas,Pleno dia,Crescente,Nublado,Simples,Reta,Não,1,0,1,0,0,0,1,1,-27.687501,-48.737635,SPRF-SC,DEL01-SC,UOP02-DEL01-SC,2025
"725915,0",2025-10-18,sábado,17:20:00,SC,101,"333,7",TUBARAO,Desrespeitar a preferência no cruzamento,Colisão transversal,Com Vítimas Feridas,Pleno dia,Decrescente,Garoa/Chuvisco,Múltipla,Reta,Sim,2,0,1,0,1,0,1,2,-28.46970046,-49.01504159,SPRF-SC,DEL02-SC,UOP01-DEL02-SC,2025
"725917,0",2025-10-18,sábado,16:40:00,SC,101,"57,7",ARAQUARI,Acumulo de água sobre o pavimento,Colisão com objeto,Sem Vítimas,Pleno dia,Crescente,Chuva,Dupla,Curva,Não,1,0,0,0,1,0,0,1,-26.43858525,-48.80306594,SPRF-SC,DEL03-SC,UOP01-DEL03-SC,2025
"725923,0",2025-10-18,sábado,17:15:00,SC,282,"466,0",PONTE SERRADA,Ausência de reação do condutor,Saída de leito carroçável,Com Vítimas Feridas,Pleno dia,Decrescente,Chuva,Simples,Reta,Não,3,0,2,0,1,0,2,1,-26.8683662,-52.022973,SPRF-SC,DEL07-SC,UOP04-DEL07-SC,2025
"725928,0",2025-10-18,sábado,14:20:00,SC,101,"144,0",ITAPEMA,Manobra de mudança de faixa,Colisão lateral mesmo sentido,Com Vítimas Feridas,Pleno dia,Decrescente,Nublado,Dupla,Reta,Sim,2,0,1,0,1,0,1,2,-27.07396331,-48.59693067,SPRF-SC,DEL04-SC,UOP03-DEL04-SC,2025
"725931,0",2025-10-18,sábado,16:00:00,SC,101,"165,0",TIJUCAS,Demais falhas mecânicas ou elétricas,Incêndio,Sem Vítimas,Pleno dia,Crescente,Nublado,Dupla,Reta,Sim,1,0,0,0,1,0,0,1,-27.25243683,-48.63148007,SPRF-SC,DEL04-SC,UOP03-DEL04-SC,2025
"725932,0",2025-10-18,sábado,18:10:00,SC,101,"144,0",ITAPEMA,Ingestão de álcool pelo condutor,Atropelamento de Pedestre,Com Vítimas Feridas,Anoitecer,Decrescente,Nublado,Dupla,Reta,Não,2,0,1,0,1,0,1,2,-27.0659544,-48.5955685,SPRF-SC,DEL04-SC,UOP03-DEL04-SC,2025
"725940,0",2025-10-18,sábado,18:50:00,SC,101,"20,5",BIGUACU,Ausência de reação do condutor,Colisão com objeto,Com Vítimas Feridas,Plena Noite,Crescente,Nublado,Dupla,Reta,Não,2,0,2,0,0,0,2,1,-27.49470956,-48.71399816,SPRF-SC,DEL01-SC,UOP02-DEL01-SC,2025
"725953,0",2025-10-18,sábado,19:30:00,SC,282,"340,9",CAMPOS NOVOS,Condutor Dormindo,Saída de leito carroçável,Sem Vítimas,Plena Noite,Crescente,Nublado,Simples,Aclive;Curva,Não,1,0,0,0,1,0,0,1,-27.388147,-51.204041,SPRF-SC,DEL07-SC,UOP06-DEL07-SC,2025
"725962,0",2025-10-18,sábado,17:10:00,SC,282,"78,5",RANCHO QUEIMADO,Velocidade Incompatível,Saída de leito carroçável,Com Vítimas Feridas,Pleno dia,Crescente,Chuva,Simples,Curva,Não,5,0,3,0,2,0,3,1,-27.672113,-49.15163,SPRF-SC,DEL01-SC,UOP03-DEL01-SC,2025
"725971,0",2025-10-18,sábado,21:30:00,SC,101,"207,1",SAO JOSE,Ausência de reação do condutor,Colisão traseira,Com Vítimas Feridas,Plena Noite,Crescente,Nublado,Dupla,Reta;Aclive,Sim,7,0,2,1,4,0,3,3,-27.6015108,-48.62587301,SPRF-SC,DEL01-SC,UOP01-DEL01-SC,2025
"725980,0",2025-10-18,sábado,21:00:00,SC,101,"366,0",SANGAO,Demais falhas mecânicas ou elétricas,Incêndio,Sem Vítimas,Plena Noite,Crescente,Nublado,Dupla,Reta,Sim,1,0,0,0,1,0,0,1,-28.69721,-49.17728,SPRF-SC,DEL02-SC,UOP01-DEL02-SC,2025
"725981,0",2025-10-18,sábado,22:06:00,SC,101,"318,2",PESCARIA BRAVA,Ausência de reação do condutor,Colisão traseira,Com Vítimas Fatais,Plena Noite,Crescente,Nublado,Múltipla,Reta,Não,2,1,0,0,1,0,0,2,-28.42881691,-48.8792038,SPRF-SC,DEL02-SC,UOP01-DEL02-SC,2025
"725995,0",2025-10-19,domingo,01:25:00,SC,470,"5,1",NAVEGANTES,Condutor Dormindo,Colisão traseira,Com Vítimas Feridas,Plena Noite,Decrescente,Céu Claro,Dupla,Reta,Sim,2,0,1,0,1,0,1,2,-26.85552257,-48.70091049,SPRF-SC,DEL04-SC,UOP04-DEL04-SC,2025
"726013,0",2025-10-19,domingo,04:00:00,SC,101,"233,0",PALHOCA,Reação tardia ou ineficiente do condutor,Tombamento,Com Vítimas Feridas,Plena Noite,Decrescente,Chuva,Dupla,Curva,Não,1,0,1,0,0,0,1,1,-27.80780299,-48.63861964,SPRF-SC,DEL01-SC,UOP02-DEL01-SC,2025
"726015,0",2025-10-19,domingo,04:25:00,SC,101,"206,7",SAO JOSE,Ingestão de álcool pelo condutor,Colisão lateral mesmo sentido,Sem Vítimas,Plena Noite,Decrescente,Nublado,Dupla,Declive;Reta,Sim,2,0,0,0,1,1,0,2,-27.59913382,-48.62167804,SPRF-SC,DEL01-SC,UOP01-DEL01-SC,2025