id,data_inversa,dia_semana,horario,uf,br,km,municipio,causa_acidente,tipo_acidente,classificacao_acidente,fase_dia,sentido_via,condicao_metereologica,tipo_pista,tracado_via,uso_solo,pessoas,mortos,feridos_leves,feridos_graves,ilesos,ignorados,feridos,veiculos,latitude,longitude,regional,delegacia,uop,ano_arquivo
"726026,0",2025-10-19,domingo,04:45:00,SC,282,"668,8",PARAISO,Ausência de reação do condutor,Saída de leito carroçável,Com Vítimas Feridas,Plena Noite,Crescente,Céu Claro,Simples,Declive;Reta,Não,2,0,1,0,1,0,1,1,-26.66941308,-53.5980595,SPRF-SC,DEL07-SC,UOP03-DEL07-SC,2025
"726039,0",2025-10-19,domingo,07:00:00,SC,282,"414,9",CATANDUVAS,Ausência de reação do condutor,Saída de leito carroçável,Com Vítimas Feridas,Pleno dia,Crescente,Céu Claro,Simples,Reta,Não,1,0,1,0,0,0,1,1,-27.0707438,-51.6654797,SPRF-SC,DEL07-SC,UOP05-DEL07-SC,2025
"726043,0",2025-10-19,domingo,06:50:00,SC,282,"25,0",SANTO AMARO DA IMPERATRIZ,Reação tardia ou ineficiente do condutor,Saída de leito carroçável,Sem Vítimas,Pleno dia,Decrescente,Céu Claro,Simples,Curva,Não,1,0,0,0,0,1,0,1,-27.680417,-48.761643,SPRF-SC,DEL01-SC,UOP03-DEL01-SC,2025
"726068,0",2025-10-19,domingo,10:30:00,SC,101,"340,0",TUBARAO,Reação tardia ou ineficiente do condutor,Saída de leito carroçável,Sem Vítimas,Pleno dia,Decrescente,Céu Claro,Simples,Reta,Sim,1,0,0,0,0,1,0,1,-28.5113067,-49.0510217,SPRF-SC,DEL02-SC,UOP01-DEL02-SC,2025
"726082,0",2025-10-19,domingo,12:20:00,SC,101,"137,0",BALNEARIO CAMBORIU,Manobra de mudança de faixa,Colisão lateral mesmo sentido,Com Vítimas Feridas,Pleno dia,Decrescente,Nublado,Dupla,Reta,Sim,2,0,1,0,1,0,1,2,-27.01651,-48.61152,SPRF-SC,DEL04-SC,UOP03-DEL04-SC,2025
"726087,0",2025-10-19,domingo,11:00:00,SC,480,"127,4",CHAPECO,Ausência de reação do condutor,Colisão traseira,Com Vítimas Feridas,Pleno dia,Crescente,Céu Claro,Simples,Reta;Aclive,Sim,5,0,1,0,4,0,1,3,-27.0220284,-52.635711,SPRF-SC,DEL07-SC,UOP01-DEL07-SC,2025
"726090,0",2025-10-19,domingo,13:08:00,SC,101,"29,2",JOINVILLE,Manobra de mudança de faixa,Colisão com objeto,Com Vítimas Feridas,Pleno dia,Decrescente,Céu Claro,Dupla,Reta;Declive,Sim,6,0,1,2,0,3,3,3,-26.22257283,-48.91620682,SPRF-SC,DEL03-SC,UOP01-DEL03-SC,2025
"726093,0",2025-10-19,domingo,11:20:00,SC,282,"71,0",RANCHO QUEIMADO,Reação tardia ou ineficiente do condutor,Saída de leito carroçável,Com Vítimas Feridas,Pleno dia,Decrescente,Nublado,Simples,Curva;Declive,Não,1,0,1,0,0,0,1,1,-27.68953235,-49.09190297,SPRF-SC,DEL01-SC,UOP03-DEL01-SC,2025
"726095,0",2025-10-19,domingo,14:00:00,SC,470,"66,0",INDAIAL,Reação tardia ou ineficiente do condutor,Colisão lateral mesmo sentido,Com Vítimas Feridas,Pleno dia,Decrescente,Céu Claro,Dupla,Em Obras,Sim,2,0,0,1,1,0,1,2,-26.87018549,-49.22640536,SPRF-SC,DEL04-SC,UOP01-DEL04-SC,2025
"726097,0",2025-10-19,domingo,10:45:00,SC,280,"30,2",ARAQUARI,Ausência de reação do condutor,Colisão traseira,Com Vítimas Feridas,Pleno dia,Crescente,Céu Claro,Simples,Reta,Não,2,0,1,0,1,0,1,2,-26.41449,-48.763823,SPRF-SC,DEL03-SC,UOP03-DEL03-SC,2025
"726101,0",2025-10-19,domingo,15:00:00,SC,101,"143,0",ITAPEMA,Ausência de reação do condutor,Colisão traseira,Com Vítimas Feridas,Pleno dia,Decrescente,Céu Claro,Dupla,Reta,Não,4,0,0,1,3,0,1,2,-27.07642394,-48.59836578,SPRF-SC,DEL04-SC,UOP03-DEL04-SC,2025
"726106,0",2025-10-19,domingo,14:35:00,SC,282,"524,7",XAXIM,Condutor usando celular,Colisão lateral mesmo sentido,Com Vítimas Feridas,Pleno dia,Crescente,Céu Claro,Simples,Reta,Sim,3,0,1,0,2,0,1,2,-26.9642667,-52.563775,SPRF-SC,DEL07-SC,UOP01-DEL07-SC,2025
"726109,0",2025-10-19,domingo,14:30:00,SC,470,"135,9",RIO DO SUL,Demais falhas mecânicas ou elétricas,Tombamento,Com Vítimas Feridas,Pleno dia,Decrescente,Céu Claro,Simples,Retorno Regulamentado,Sim,2,0,2,0,0,0,2,1,-27.1722322,-49.5811025,SPRF-SC,DEL04-SC,UOP02-DEL04-SC,2025
"726115,0",2025-10-19,domingo,13:55:00,SC,470,"93,0",APIUNA,Reação tardia ou ineficiente do condutor,Colisão traseira,Com Vítimas Feridas,Pleno dia,Crescente,Céu Claro,Simples,Reta,Não,2,0,0,1,1,0,1,2,-27.00174273,-49.37492162,SPRF-SC,DEL04-SC,UOP01-DEL04-SC,2025
"726135,0",2025-10-19,domingo,10:20:00,SC,470,"89,0",ASCURRA,Acessar a via sem observar a presença dos outros veículos,Colisão transversal,Com Vítimas Feridas,Pleno dia,Decrescente,Céu Claro,Simples,Interseção de Vias,Sim,3,0,1,0,2,0,1,2,-26.961996,-49.37100861,SPRF-SC,DEL04-SC,UOP01-DEL04-SC,2025
"726144,0",2025-10-19,domingo,17:45:00,SC,280,"189,4",MAFRA,Pedestre andava na pista,Atropelamento de Pedestre,Com Vítimas Feridas,Pleno dia,Crescente,Céu Claro,Simples,Aclive;Curva,Não,5,0,0,1,4,0,1,2,-26.17546,-49.975602,SPRF-SC,DEL06-SC,UOP01-DEL06-SC,2025
"726150,0",2025-10-19,domingo,17:00:00,SC,470,"62,9",INDAIAL,Acessar a via sem observar a presença dos outros veículos,Colisão transversal,Sem Vítimas,Pleno dia,Crescente,Céu Claro,Simples,Reta;Em Obras,Não,2,0,0,0,2,0,0,2,-26.87211347,-49.19351276,SPRF-SC,DEL04-SC,UOP01-DEL04-SC,2025
"726175,0",2025-10-19,domingo,19:30:00,SC,470,"315,0",CAMPOS NOVOS,Ingestão de álcool pelo condutor,Colisão com objeto,Sem Vítimas,Plena Noite,Crescente,Céu Claro,Simples,Interseção de Vias;Reta,Não,7,0,0,0,7,0,0,2,-27.39412645,-51.19256616,SPRF-SC,DEL07-SC,UOP06-DEL07-SC,2025
"726177,0",2025-10-19,domingo,16:05:00,SC,101,"145,2",ITAPEMA,Ausência de reação do condutor,Tombamento,Com Vítimas Feridas,Pleno dia,Decrescente,Céu Claro,Dupla,Aclive;Reta,Sim,1,0,1,0,0,0,1,1,-27.08246,-48.60246,SPRF-SC,DEL04-SC,UOP03-DEL04-SC,2025
"726184,0",2025-10-19,domingo,20:40:00,SC,101,"150,9",ITAPEMA,Manobra de mudança de faixa,Colisão lateral mesmo sentido,Com Vítimas Feridas,Plena Noite,Decrescente,Nublado,Múltipla,Reta,Sim,2,0,1,0,1,0,1,2,-27.12533,-48.60958,SPRF-SC,DEL04-SC,UOP03-DEL04-SC,2025
"726188,0",2025-10-19,domingo,20:25:00,SC,101,"222,9",PALHOCA,Condutor Dormindo,Colisão com objeto,Com Vítimas Feridas,Plena Noite,Crescente,Nublado,Múltipla,Reta,Não,2,0,1,0,1,0,1,1,-27.77500453,-48.63428442,SPRF-SC,DEL01-SC,UOP02-DEL01-SC,2025
"726196,0",2025-10-19,domingo,20:20:00,SC,101,"206,0",PALHOCA,Ingestão de álcool pelo condutor,Colisão lateral mesmo sentido,Sem Vítimas,Plena Noite,Crescente,Céu Claro,Múltipla,Reta,Sim,2,0,0,0,2,0,0,2,-27.72318145,-48.64191949,SPRF-SC,DEL01-SC,UOP01-DEL01-SC,2025
"726199,0",2025-10-19,domingo,20:20:00,SC,280,"228,5",TRES BARRAS,Transitar na contramão,Colisão lateral sentido oposto,Sem Vítimas,Plena Noite,Decrescente,Nublado,Simples,Reta,Não,5,0,0,0,5,0,0,2,-26.18473,-50.34461,SPRF-SC,DEL06-SC,UOP04-DEL06-SC,2025
"726201,0",2025-10-19,domingo,19:30:00,SC,101,"103,9",BALNEARIO PICARRAS,Reação tardia ou ineficiente do condutor,Colisão traseira,Com Vítimas Feridas,Plena Noite,Decrescente,Garoa/Chuvisco,Dupla,Reta,Não,4,0,2,0,2,0,2,2,-26.79505492,-48.67994182,SPRF-SC,DEL03-SC,UOP02-DEL03-SC,2025
"726219,0",2025-10-05,domingo,04:00:00,SC,282,"577,4",PINHALZINHO,Ausência de reação do condutor,Colisão traseira,Com Vítimas Feridas,Plena Noite,Decrescente,Nublado,Simples,Curva,Sim,3,0,1,0,2,0,1,2,-26.859559,-52.979375,SPRF-SC,DEL07-SC,UOP02-DEL07-SC,2025
"726222,0",2025-10-19,domingo,22:55:00,SC,282,"539,3",CHAPECO,Transitar na contramão,Colisão frontal,Com Vítimas Feridas,Plena Noite,Crescente,Nublado,Simples,Curva,Não,2,0,0,1,1,0,1,2,-26.99136497,-52.68664241,SPRF-SC,DEL07-SC,UOP01-DEL07-SC,2025
"726237,0",2025-10-20,segunda-feira,03:50:00,SC,101,"205,0",SAO JOSE,Ingestão de álcool pelo condutor,Queda de ocupante de veículo,Com Vítimas Feridas,Plena Noite,Crescente,Céu Claro,Simples,Curva,Sim,2,0,2,0,0,0,2,1,-27.58465784,-48.6178354,SPRF-SC,DEL01-SC,UOP01-DEL01-SC,2025
"726243,0",2025-10-20,segunda-feira,05:35:00,SC,101,"194,4",BIGUACU,Demais falhas mecânicas ou elétricas,Tombamento,Com Vítimas Feridas,Amanhecer,Decrescente,Nublado,Dupla,Reta,Sim,1,0,1,0,0,0,1,1,-27.50119,-48.65343,SPRF-SC,DEL01-SC,UOP01-DEL01-SC,2025
"726268,0",2025-10-20,segunda-feira,07:50:00,SC,101,"214,0",PALHOCA,Condutor deixou de manter distância do veículo da frente,Colisão lateral mesmo sentido,Com Vítimas Feridas,Pleno dia,Decrescente,Nublado,Múltipla,Reta,Sim,3,0,1,0,1,1,1,3,-27.63779087,-48.66550382,SPRF-SC,DEL01-SC,UOP02-DEL01-SC,2025
"726278,0",2025-10-20,segunda-feira,08:00:00,SC,101,"216,0",PALHOCA,Reação tardia ou ineficiente do condutor,Colisão traseira,Com Vítimas Feridas,Pleno dia,Crescente,Nublado,Múltipla,Reta,Sim,2,0,1,0,1,0,1,2,-27.660542,-48.67736,SPRF-SC,DEL01-SC,UOP02-DEL01-SC,2025
"726287,0",2025-10-20,segunda-feira,08:45:00,SC,101,"134,0",BALNEARIO CAMBORIU,Manobra de mudança de faixa,Colisão lateral mesmo sentido,Com Vítimas Feridas,Pleno dia,Crescente,Céu Claro,Múltipla,Reta,Sim,3,0,3,0,0,0,3,2,-27.00170256,-48.63922882,SPRF-SC,DEL04-SC,UOP03-DEL04-SC,2025
"726317,0",2025-10-20,segunda-feira,11:34:00,SC,101,"188,6",BIGUACU,Ausência de reação do condutor,Colisão com objeto,Com Vítimas Feridas,Pleno dia,Crescente,Nublado,Múltipla,Viaduto,Sim,2,0,1,0,1,0,1,2,-27.45876344,-48.63711298,SPRF-SC,DEL01-SC,UOP01-DEL01-SC,2025
"726318,0",2025-10-20,segunda-feira,11:05:00,SC,101,"208,0",SAO JOSE,Ausência de reação do condutor,Colisão traseira,Com Vítimas Feridas,Pleno dia,Decrescente,Nublado,Múltipla,Reta,Sim,2,0,1,0,1,0,1,2,-27.603854,-48.632616,SPRF-SC,DEL01-SC,UOP01-DEL01-SC,2025
"726326,0",2025-10-20,segunda-feira,12:20:00,SC,101,"204,9",SAO JOSE,Condutor deixou de manter distância do veículo da frente,Colisão lateral mesmo sentido,Com Vítimas Feridas,Pleno dia,Crescente,Céu Claro,Dupla,Reta,Sim,2,0,1,0,1,0,1,2,-27.58191,-48.614952,SPRF-SC,DEL01-SC,UOP01-DEL01-SC,2025
"726346,0",2025-09-28,domingo,19:45:00,SC,280,"238,8",CANOINHAS,Ingestão de álcool pelo condutor,Colisão lateral sentido oposto,Com Vítimas Feridas,Plena Noite,Crescente,Céu Claro,Simples,Curva,Não,6,0,4,1,1,0,5,3,-26.20812369,-50.4460721,SPRF-SC,DEL06-SC,UOP04-DEL06-SC,2025
"726348,0",2025-10-20,segunda-feira,13:40:00,SC,116,"4,5",MAFRA,Acessar a via sem observar a presença dos outros veículos,Colisão transversal,Com Vítimas Feridas,Pleno dia,Crescente,Céu Claro,Simples,Rotatória,Sim,3,0,0,1,1,1,1,3,-26.1391303,-49.81267143,SPRF-SC,DEL06-SC,UOP01-DEL06-SC,2025
"726360,0",2025-10-20,segunda-feira,14:30:00,SC,101,"213,0",PALHOCA,Reação tardia ou ineficiente do condutor,Tombamento,Com Vítimas Feridas,Pleno dia,Crescente,Nublado,Múltipla,Reta,Sim,1,0,1,0,0,0,1,1,-27.6385346,-48.6656622,SPRF-SC,DEL01-SC,UOP02-DEL01-SC,2025
"726384,0",2025-10-20,segunda-feira,17:40:00,SC,101,"213,0",PALHOCA,Reação tardia ou ineficiente do condutor,Colisão traseira,Com Vítimas Feridas,Anoitecer,Crescente,Nublado,Múltipla,Reta,Sim,2,0,1,0,1,0,1,2,-27.638468,-48.66611,SPRF-SC,DEL01-SC,UOP02-DEL01-SC,2025
"726387,0",2025-10-20,segunda-feira,18:00:00,SC,101,"154,0",PORTO BELO,Avarias e/ou desgaste excessivo no pneu,Saída de leito carroçável,Com Vítimas Feridas,Pleno dia,Decrescente,Nublado,Dupla,Reta,Sim,2,0,2,0,0,0,2,1,-27.15939197,-48.61082967,SPRF-SC,DEL04-SC,UOP03-DEL04-SC,2025
"726402,0",2025-10-20,segunda-feira,18:30:00,SC,101,"194,0",BIGUACU,Ausência de reação do condutor,Queda de ocupante de veículo,Com Vítimas Feridas,Plena Noite,Decrescente,Céu Claro,Dupla,Reta,Sim,1,0,1,0,0,0,1,1,-27.50154133,-48.65312722,SPRF-SC,DEL01-SC,UOP01-DEL01-SC,2025
"726405,0",2025-10-20,segunda-feira,17:40:00,SC,163,"71,5",SAO MIGUEL DO OESTE,Acessar a via sem observar a presença dos outros veículos,Colisão transversal,Com Vítimas Feridas,Pleno dia,Decrescente,Sol,Dupla,Reta;Interseção de Vias,Sim,2,0,1,0,1,0,1,2,-26.72436733,-53.51371765,SPRF-SC,DEL07-SC,UOP03-DEL07-SC,2025
"726447,0",2025-10-20,segunda-feira,21:00:00,SC,101,"134,0",BALNEARIO CAMBORIU,Desrespeitar a preferência no cruzamento,Colisão transversal,Com Vítimas Feridas,Plena Noite,Crescente,Nublado,Múltipla,Interseção de Vias,Sim,3,0,1,1,1,0,2,2,-27.00208716,-48.63808243,SPRF-SC,DEL04-SC,UOP03-DEL04-SC,2025
"726477,0",2025-10-21,terça-feira,06:45:00,SC,101,"324,0",CAPIVARI DE BAIXO,Reação tardia ou ineficiente do condutor,Colisão com objeto,Com Vítimas Feridas,Amanhecer,Crescente,Céu Claro,Dupla,Curva,Sim,1,0,1,0,0,0,1,1,-28.42510196,-48.94287443,SPRF-SC,DEL02-SC,UOP01-DEL02-SC,2025
"726484,0",2025-10-21,terça-feira,07:00:00,SC,280,"25,0",ARAQUARI,Ausência de reação do condutor,Colisão traseira,Com Vítimas Feridas,Pleno dia,Crescente,Céu Claro,Simples,Reta,Sim,3,0,1,0,2,0,1,2,-26.383685,-48.7269,SPRF-SC,DEL03-SC,UOP03-DEL03-SC,2025
"726494,0",2025-10-21,terça-feira,07:58:00,SC,101,"329,0",TUBARAO,Velocidade Incompatível,Queda de ocupante de veículo,Com Vítimas Feridas,Pleno dia,Crescente,Céu Claro,Múltipla,Reta,Não,1,0,1,0,0,0,1,1,-28.453766,-48.977612,SPRF-SC,DEL02-SC,UOP01-DEL02-SC,2025
"726503,0",2025-10-21,terça-feira,08:50:00,SC,282,"3,3",FLORIANOPOLIS,Reação tardia ou ineficiente do condutor,Colisão traseira,Com Vítimas Feridas,Pleno dia,Decrescente,Céu Claro,Múltipla,Reta,Sim,2,0,1,0,1,0,1,2,-27.59817,-48.60109,SPRF-SC,DEL01-SC,UOP01-DEL01-SC,2025
"726544,0",2025-10-21,terça-feira,12:10:00,SC,101,"129,0",BALNEARIO CAMBORIU,Condutor deixou de manter distância do veículo da frente,Colisão traseira,Com Vítimas Feridas,Pleno dia,Decrescente,Céu Claro,Simples,Reta,Sim,4,0,1,0,3,0,1,3,-26.98561947,-48.66659334,SPRF-SC,DEL04-SC,UOP03-DEL04-SC,2025
"726551,0",2025-10-21,terça-feira,12:30:00,SC,101,"212,0",PALHOCA,Condutor deixou de manter distância do veículo da frente,Colisão traseira,Com Vítimas Feridas,Pleno dia,Decrescente,Céu Claro,Múltipla,Reta,Sim,3,0,1,0,1,1,1,2,-27.63042971,-48.65928261,SPRF-SC,DEL01-SC,UOP02-DEL01-SC,2025
"726558,0",2025-10-21,terça-feira,13:35:00,SC,101,"152,8",PORTO BELO,Condutor deixou de manter distância do veículo da frente,Colisão traseira,Com Vítimas Feridas,Pleno dia,Decrescente,Sol,Múltipla,Interseção de Vias;Retorno Regulamentado;Rotatória,Não,2,0,1,0,1,0,1,2,-27.14367925,-48.61023188,SPRF-SC,DEL04-SC,UOP03-DEL04-SC,2025
"726570,0",2025-10-21,terça-feira,13:00:00,SC,163,"109,2",GUARUJA DO SUL,Velocidade Incompatível,Saída de leito carroçável,Com Vítimas Feridas,Pleno dia,Decrescente,Céu Claro,Simples,Curva,Não,1,0,0,1,0,0,1,1,-26.41130812,-53.52253586,SPRF-SC,DEL07-SC,UOP03-DEL07-SC,2025
"726603,0",2025-10-21,terça-feira,17:30:00,SC,101,"132,0",ITAPEMA,Reação tardia ou ineficiente do condutor,Colisão traseira,Com Vítimas Feridas,Anoitecer,Decrescente,Céu Claro,Simples,Reta,Sim,2,0,1,0,1,0,1,2,-27.0659402,-48.5955593,SPRF-SC,DEL04-SC,UOP03-DEL04-SC,2025
"726633,0",2025-10-21,terça-feira,18:30:00,SC,470,"3,0",NAVEGANTES,Manobra de mudança de faixa,Tombamento,Com Vítimas Feridas,Plena Noite,Crescente,Nublado,Múltipla,Em Obras;Desvio Temporário;Reta,Sim,1,0,1,0,0,0,1,1,-26.86825029,-48.67507428,SPRF-SC,DEL04-SC,UOP04-DEL04-SC,2025
"726642,0",2025-10-21,terça-feira,22:05:00,SC,101,"193,5",BIGUACU,Reação tardia ou ineficiente do condutor,Colisão traseira,Com Vítimas Feridas,Plena Noite,Crescente,Ignorado,Múltipla,Reta,Sim,2,0,1,0,1,0,1,2,-27.49196624,-48.6568257,SPRF-SC,DEL01-SC,UOP01-DEL01-SC,2025
"726664,0",2025-10-22,quarta-feira,04:00:00,SC,101,"129,0",CAMBORIU,Transitar na contramão,Colisão frontal,Com Vítimas Feridas,Plena Noite,Crescente,Céu Claro,Simples,Reta,Sim,3,0,2,1,0,0,3,2,-26.98209499,-48.67697499,SPRF-SC,DEL04-SC,UOP03-DEL04-SC,2025
"726674,0",2025-10-22,quarta-feira,06:50:00,SC,101,"110,8",NAVEGANTES,Trafegar com motocicleta (ou similar) entre as faixas,Colisão traseira,Com Vítimas Feridas,Pleno dia,Crescente,Céu Claro,Dupla,Reta,Não,2,0,1,0,1,0,1,2,-26.8387804,-48.71346323,SPRF-SC,DEL04-SC,UOP04-DEL04-SC,2025
"726699,0",2025-10-22,quarta-feira,06:57:00,SC,101,"118,2",ITAJAI,Ausência de reação do condutor,Colisão traseira,Com Vítimas Feridas,Pleno dia,Crescente,Céu Claro,Simples,Reta,Não,2,0,1,0,1,0,1,2,-26.89787,-48.71839,SPRF-SC,DEL04-SC,UOP04-DEL04-SC,2025
"726708,0",2025-10-22,quarta-feira,08:10:00,SC,101,"120,5",ITAJAI,Acessar a via sem observar a presença dos outros veículos,Tombamento,Com Vítimas Feridas,Pleno dia,Decrescente,Céu Claro,Múltipla,Reta,Não,3,0,1,1,0,1,2,2,-26.9127068,-48.70832,SPRF-SC,DEL04-SC,UOP04-DEL04-SC,2025
"726745,0",2025-10-22,quarta-feira,11:50:00,SC,101,"396,6",MARACAJA,Acessar a via sem observar a presença dos outros veículos,Colisão transversal,Com Vítimas Feridas,Pleno dia,Decrescente,Sol,Simples,Reta,Não,3,0,0,1,2,0,1,2,-28.830393,-49.412006,SPRF-SC,DEL02-SC,UOP02-DEL02-SC,2025
"726756,0",2025-10-22,quarta-feira,14:50:00,SC,101,"200,0",SAO JOSE,Velocidade Incompatível,Colisão traseira,Com Vítimas Feridas,Pleno dia,Crescente,Céu Claro,Dupla,Declive;Reta,Sim,2,0,1,0,1,0,1,2,-27.54347884,-48.62090556,SPRF-SC,DEL01-SC,UOP01-DEL01-SC,2025
"726761,0",2025-10-22,quarta-feira,15:30:00,SC,282,"2,0",FLORIANOPOLIS,Manobra de mudança de faixa,Colisão lateral mesmo sentido,Com Vítimas Feridas,Pleno dia,Crescente,Céu Claro,Múltipla,Reta,Sim,3,0,1,0,1,1,1,3,-27.603463,-48.586985,SPRF-SC,DEL01-SC,UOP01-DEL01-SC,2025
"726778,0",2025-10-22,quarta-feira,17:20:00,SC,282,"18,0",PALHOCA,Acessar a via sem observar a presença dos outros veículos,Colisão lateral mesmo sentido,Com Vítimas Feridas,Pleno dia,Crescente,Céu Claro,Simples,Reta,Sim,3,0,1,1,1,0,2,2,-27.675442,-48.697085,SPRF-SC,DEL01-SC,UOP02-DEL01-SC,2025
"726781,0",2025-10-22,quarta-feira,14:00:00,SC,101,"84,4",BARRA VELHA,Acumulo de óleo sobre o pavimento,Queda de ocupante de veículo,Com Vítimas Feridas,Pleno dia,Crescente,Céu Claro,Dupla,Reta,Não,1,0,1,0,0,0,1,1,-26.6298096,-48.7060014,SPRF-SC,DEL03-SC,UOP02-DEL03-SC,2025
"726803,0",2025-10-22,quarta-feira,13:00:00,SC,101,"129,0",CAMBORIU,Ausência de reação do condutor,Colisão traseira,Com Vítimas Feridas,Pleno dia,Crescente,Céu Claro,Dupla,Curva,Não,2,0,1,0,1,0,1,2,-26.98078751,-48.6787018,SPRF-SC,DEL04-SC,UOP03-DEL04-SC,2025
"726804,0",2025-10-22,quarta-feira,19:20:00,SC,101,"120,5",ITAJAI,Manobra de mudança de faixa,Colisão lateral mesmo sentido,Com Vítimas Feridas,Plena Noite,Decrescente,Céu Claro,Múltipla,Reta,Sim,2,0,0,1,1,0,1,2,-26.91628663,-48.71039478,SPRF-SC,DEL04-SC,UOP04-DEL04-SC,2025
"726806,0",2025-10-22,quarta-feira,17:40:00,SC,101,"439,5",SOMBRIO,Condutor deixou de manter distância do veículo da frente,Colisão traseira,Com Vítimas Feridas,Pleno dia,Crescente,Sol,Dupla,Em Obras;Curva,Sim,2,0,0,2,0,0,2,2,-29.124861,-49.670708,SPRF-SC,DEL02-SC,UOP02-DEL02-SC,2025
"726807,0",2025-10-22,quarta-feira,20:20:00,SC,101,"189,0",BIGUACU,Velocidade Incompatível,Saída de leito carroçável,Com Vítimas Feridas,Plena Noite,Decrescente,Céu Claro,Dupla,Reta,Sim,1,0,1,0,0,0,1,1,-27.45882964,-48.63827555,SPRF-SC,DEL01-SC,UOP01-DEL01-SC,2025
"726808,0",2025-10-22,quarta-feira,18:15:00,SC,101,"424,4",ARARANGUA,Condutor deixou de manter distância do veículo da frente,Colisão traseira,Com Vítimas Feridas,Pleno dia,Decrescente,Céu Claro,Dupla,Reta,Não,4,0,0,1,3,0,1,2,-29.022646,-49.593864,SPRF-SC,DEL02-SC,UOP02-DEL02-SC,2025
"726826,0",2025-10-22,quarta-feira,21:15:00,SC,470,"141,1",RIO DO SUL,Ausência de reação do condutor,Colisão transversal,Com Vítimas Feridas,Plena Noite,Decrescente,Céu Claro,Simples,Retorno Regulamentado;Reta;Aclive,Sim,3,0,2,0,1,0,2,2,-27.2074,-49.64885,SPRF-SC,DEL04-SC,UOP02-DEL04-SC,2025
"726851,0",2025-10-23,quinta-feira,02:15:00,SC,101,"151,0",ITAPEMA,Ausência de reação do condutor,Colisão transversal,Com Vítimas Feridas,Plena Noite,Crescente,Nublado,Dupla,Reta,Não,2,0,0,1,1,0,1,2,-27.132478,-48.609592,SPRF-SC,DEL04-SC,UOP03-DEL04-SC,2025
"726854,0",2025-10-23,quinta-feira,05:00:00,SC,101,"207,0",SAO JOSE,Reação tardia ou ineficiente do condutor,Tombamento,Com Vítimas Feridas,Amanhecer,Decrescente,Céu Claro,Dupla,Reta,Sim,1,0,1,0,0,0,1,1,-27.60012,-48.62234,SPRF-SC,DEL01-SC,UOP01-DEL01-SC,2025
"726880,0",2025-10-23,quinta-feira,06:38:00,SC,470,"4,0",NAVEGANTES,Desrespeitar a preferência no cruzamento,Colisão transversal,Com Vítimas Feridas,Pleno dia,Crescente,Nublado,Dupla,Em Obras;Reta,Sim,2,0,1,0,1,0,1,2,-26.85786,-48.69177,SPRF-SC,DEL04-SC,UOP04-DEL04-SC,2025
"726900,0",2025-10-23,quinta-feira,07:45:00,SC,282,"332,0",CAMPOS NOVOS,Ultrapassagem Indevida,Colisão frontal,Com Vítimas Feridas,Pleno dia,Crescente,Céu Claro,Simples,Reta,Não,2,0,1,0,1,0,1,2,-27.391313,-51.130238,SPRF-SC,DEL07-SC,UOP06-DEL07-SC,2025
"726925,0",2025-10-15,quarta-feira,17:30:00,SC,101,"193,1",BIGUACU,Condutor deixou de manter distância do veículo da frente,Queda de ocupante de veículo,Com Vítimas Feridas,Pleno dia,Crescente,Céu Claro,Dupla,Curva,Sim,1,0,1,0,0,0,1,1,-27.49119,-48.65653,SPRF-SC,DEL01-SC,UOP01-DEL01-SC,2025
"726928,0",2025-10-23,quinta-feira,11:45:00,SC,101,"142,0",ITAPEMA,Desrespeitar a preferência no cruzamento,Colisão lateral mesmo sentido,Sem Vítimas,Pleno dia,Decrescente,Sol,Simples,Declive;Interseção de Vias;Viaduto,Sim,2,0,0,0,2,0,0,2,-27.061943,-48.595913,SPRF-SC,DEL04-SC,UOP03-DEL04-SC,2025
"726935,0",2025-10-23,quinta-feira,12:30:00,SC,280,"125,0",RIO NEGRINHO,Acesso irregular,Colisão transversal,Com Vítimas Feridas,Pleno dia,Crescente,Céu Claro,Simples,Reta,Não,2,0,1,0,1,0,1,2,-26.243567,-49.514713,SPRF-SC,DEL06-SC,UOP03-DEL06-SC,2025
"726941,0",2025-10-23,quinta-feira,11:30:00,SC,101,"307,5",LAGUNA,Desrespeitar a preferência no cruzamento,Colisão frontal,Com Vítimas Feridas,Pleno dia,Crescente,Céu Claro,Múltipla,Interseção de Vias,Não,2,0,1,0,1,0,1,2,-28.41326,-48.794049,SPRF-SC,DEL02-SC,UOP03-DEL02-SC,2025
"726949,0",2025-10-23,quinta-feira,13:00:00,SC,101,"233,0",PALHOCA,Ausência de reação do condutor,Incêndio,Sem Vítimas,Pleno dia,Crescente,Céu Claro,Dupla,Reta,Não,1,0,0,0,1,0,0,1,-27.8175744,-48.63174789,SPRF-SC,DEL01-SC,UOP02-DEL01-SC,2025
"726957,0",2025-10-23,quinta-feira,13:55:00,SC,282,"4,0",FLORIANOPOLIS,Condutor deixou de manter distância do veículo da frente,Engavetamento,Sem Vítimas,Pleno dia,Crescente,Sol,Múltipla,Declive,Sim,4,0,0,0,4,0,0,4,-27.59405643,-48.60191552,SPRF-SC,DEL01-SC,UOP01-DEL01-SC,2025
"726971,0",2025-10-23,quinta-feira,16:20:00,SC,101,"203,0",SAO JOSE,Manobra de mudança de faixa,Colisão lateral mesmo sentido,Sem Vítimas,Pleno dia,Decrescente,Nublado,Dupla,Curva,Sim,3,0,0,0,3,0,0,2,-27.56584,-48.61484,SPRF-SC,DEL01-SC,UOP01-DEL01-SC,2025