id,data_inversa,dia_semana,horario,uf,br,km,municipio,causa_acidente,tipo_acidente,classificacao_acidente,fase_dia,sentido_via,condicao_metereologica,tipo_pista,tracado_via,uso_solo,pessoas,mortos,feridos_leves,feridos_graves,ilesos,ignorados,feridos,veiculos,latitude,longitude,regional,delegacia,uop,ano_arquivo
"729999,0",2025-11-06,quinta-feira,16:10:00,SC,470,"54,4",BLUMENAU,Ausência de reação do condutor,Colisão traseira,Com Vítimas Feridas,Pleno dia,Decrescente,Céu Claro,Simples,Rotatória,Sim,2,0,0,1,1,0,1,2,-26.873582,-49.113843,SPRF-SC,DEL04-SC,UOP01-DEL04-SC,2025
"730023,0",2025-11-06,quinta-feira,17:45:00,SC,480,"129,5",CHAPECO,Acessar a via sem observar a presença dos outros veículos,Colisão transversal,Com Vítimas Feridas,Pleno dia,Decrescente,Céu Claro,Dupla,Reta,Sim,2,0,0,1,1,0,1,2,-27.04151,-52.63568,SPRF-SC,DEL07-SC,UOP01-DEL07-SC,2025
"730039,0",2025-11-06,quinta-feira,20:30:00,SC,282,"409,0",CATANDUVAS,Entrada inopinada do pedestre,Atropelamento de Pedestre,Com Vítimas Feridas,Plena Noite,Decrescente,Céu Claro,Simples,Reta,Sim,3,0,0,3,0,0,3,2,-27.07079114,-51.66272521,SPRF-SC,DEL07-SC,UOP05-DEL07-SC,2025
"730048,0",2025-11-06,quinta-feira,23:10:00,SC,101,"154,7",PORTO BELO,Ingestão de álcool pelo condutor,Colisão traseira,Com Vítimas Feridas,Plena Noite,Decrescente,Nublado,Dupla,Reta,Não,2,0,1,0,1,0,1,2,-27.15918718,-48.6109492,SPRF-SC,DEL04-SC,UOP03-DEL04-SC,2025
"730086,0",2025-11-07,sexta-feira,07:05:00,SC,101,"44,3",JOINVILLE,Ausência de reação do condutor,Colisão traseira,Com Vítimas Feridas,Pleno dia,Decrescente,Nublado,Dupla,Declive,Sim,2,0,1,0,1,0,1,2,-26.34665246,-48.85723114,SPRF-SC,DEL03-SC,UOP01-DEL03-SC,2025
"730093,0",2025-11-07,sexta-feira,08:10:00,SC,101,"209,4",SAO JOSE,Conversão proibida,Colisão transversal,Com Vítimas Feridas,Pleno dia,Crescente,Céu Claro,Dupla,Reta,Sim,2,0,1,0,1,0,1,2,-27.61293858,-48.64211647,SPRF-SC,DEL01-SC,UOP01-DEL01-SC,2025
"730101,0",2025-11-07,sexta-feira,09:10:00,SC,282,"577,7",PINHALZINHO,Pedestre cruzava a pista fora da faixa,Atropelamento de Pedestre,Com Vítimas Feridas,Pleno dia,Crescente,Nublado,Simples,Curva,Sim,2,0,0,1,1,0,1,2,-26.85119273,-52.98008591,SPRF-SC,DEL07-SC,UOP02-DEL07-SC,2025
"730105,0",2025-11-07,sexta-feira,08:10:00,SC,470,"6,0",NAVEGANTES,Acessar a via sem observar a presença dos outros veículos,Colisão traseira,Sem Vítimas,Pleno dia,Decrescente,Nublado,Múltipla,Reta;Viaduto,Não,2,0,0,0,1,1,0,2,-26.8406568,-48.716162,SPRF-SC,DEL04-SC,UOP04-DEL04-SC,2025
"730116,0",2025-11-07,sexta-feira,10:00:00,SC,101,"128,2",CAMBORIU,Condutor deixou de manter distância do veículo da frente,Colisão traseira,Com Vítimas Feridas,Pleno dia,Crescente,Garoa/Chuvisco,Múltipla,Reta,Sim,2,0,1,0,1,0,1,2,-26.97480972,-48.68299484,SPRF-SC,DEL04-SC,UOP04-DEL04-SC,2025
"730129,0",2025-11-07,sexta-feira,08:55:00,SC,282,"498,4",XANXERE,Acessar a via sem observar a presença dos outros veículos,Colisão transversal,Com Vítimas Feridas,Pleno dia,Crescente,Céu Claro,Dupla,Interseção de Vias;Rotatória,Não,6,0,1,0,5,0,1,2,-26.88049242,-52.35938994,SPRF-SC,DEL07-SC,UOP01-DEL07-SC,2025
"730154,0",2025-11-07,sexta-feira,13:12:00,SC,101,"116,0",ITAJAI,Acessar a via sem observar a presença dos outros veículos,Colisão lateral mesmo sentido,Com Vítimas Feridas,Pleno dia,Crescente,Nublado,Múltipla,Reta,Sim,3,0,2,0,1,0,2,2,-26.87869472,-48.72649813,SPRF-SC,DEL04-SC,UOP04-DEL04-SC,2025
"730165,0",2025-11-07,sexta-feira,13:20:00,SC,282,"506,1",XANXERE,Desrespeitar a preferência no cruzamento,Colisão transversal,Com Vítimas Feridas,Pleno dia,Crescente,Nublado,Simples,Reta;Interseção de Vias,Sim,2,0,2,0,0,0,2,2,-26.88536847,-52.43005157,SPRF-SC,DEL07-SC,UOP01-DEL07-SC,2025
"730167,0",2025-11-07,sexta-feira,13:30:00,SC,101,"350,0",JAGUARUNA,Acumulo de água sobre o pavimento,Saída de leito carroçável,Com Vítimas Feridas,Pleno dia,Crescente,Chuva,Simples,Reta,Sim,1,0,1,0,0,0,1,1,-28.59919601,-49.05135719,SPRF-SC,DEL02-SC,UOP01-DEL02-SC,2025
"730173,0",2025-11-07,sexta-feira,13:33:00,SC,470,"39,3",GASPAR,Acessar a via sem observar a presença dos outros veículos,Colisão lateral mesmo sentido,Sem Vítimas,Pleno dia,Decrescente,Nublado,Dupla,Reta,Não,2,0,0,0,1,1,0,2,-26.89329,-48.98791,SPRF-SC,DEL04-SC,UOP01-DEL04-SC,2025
"730187,0",2025-11-07,sexta-feira,16:30:00,SC,282,"0,5",FLORIANOPOLIS,Reação tardia ou ineficiente do condutor,Colisão traseira,Com Vítimas Feridas,Pleno dia,Decrescente,Chuva,Dupla,Reta,Sim,2,0,1,0,1,0,1,2,-27.600428,-48.576785,SPRF-SC,DEL01-SC,UOP01-DEL01-SC,2025
"730192,0",2025-11-07,sexta-feira,17:00:00,SC,101,"205,7",SAO JOSE,Trafegar com motocicleta (ou similar) entre as faixas,Tombamento,Com Vítimas Feridas,Pleno dia,Crescente,Garoa/Chuvisco,Múltipla,Reta,Sim,2,0,1,0,0,1,1,2,-27.59219706,-48.61836132,SPRF-SC,DEL01-SC,UOP01-DEL01-SC,2025
"730201,0",2025-11-07,sexta-feira,10:20:00,SC,280,"17,0",SAO FRANCISCO DO SUL,Mal súbito do condutor,Colisão lateral sentido oposto,Com Vítimas Feridas,Pleno dia,Decrescente,Nublado,Simples,Reta,Não,3,0,1,0,2,0,1,3,-26.350136,-48.658762,SPRF-SC,DEL03-SC,UOP03-DEL03-SC,2025
"730202,0",2025-11-07,sexta-feira,14:15:00,SC,282,"54,4",AGUAS MORNAS,Velocidade Incompatível,Colisão frontal,Com Vítimas Feridas,Pleno dia,Decrescente,Chuva,Simples,Declive;Curva,Não,7,0,3,1,3,0,4,3,-27.68804512,-48.97751061,SPRF-SC,DEL01-SC,UOP03-DEL01-SC,2025
"730217,0",2025-11-07,sexta-feira,18:00:00,SC,101,"115,0",ITAJAI,Manobra de mudança de faixa,Colisão traseira,Com Vítimas Feridas,Plena Noite,Crescente,Chuva,Múltipla,Reta,Sim,2,0,1,0,1,0,1,2,-26.87583716,-48.72745514,SPRF-SC,DEL04-SC,UOP04-DEL04-SC,2025
"730258,0",2025-11-07,sexta-feira,20:20:00,SC,101,"201,0",SAO JOSE,Reação tardia ou ineficiente do condutor,Tombamento,Com Vítimas Feridas,Plena Noite,Decrescente,Chuva,Dupla,Reta,Sim,1,0,1,0,0,0,1,1,-27.55505,-48.62083,SPRF-SC,DEL01-SC,UOP01-DEL01-SC,2025
"730292,0",2025-11-07,sexta-feira,23:40:00,SC,470,"89,8",ASCURRA,Ausência de reação do condutor,Saída de leito carroçável,Com Vítimas Feridas,Plena Noite,Decrescente,Chuva,Simples,Curva,Não,2,0,1,0,1,0,1,1,-26.97287019,-49.36686007,SPRF-SC,DEL04-SC,UOP01-DEL04-SC,2025
"730305,0",2025-11-08,sábado,00:55:00,SC,101,"127,3",ITAJAI,Ingestão de álcool pelo condutor,Colisão com objeto,Sem Vítimas,Plena Noite,Crescente,Céu Claro,Dupla,Reta,Não,1,0,0,0,0,1,0,1,-26.96764,-48.6838,SPRF-SC,DEL04-SC,UOP04-DEL04-SC,2025
"730337,0",2025-11-08,sábado,05:40:00,SC,101,"205,0",BIGUACU,Ausência de reação do condutor,Colisão com objeto,Sem Vítimas,Pleno dia,Decrescente,Céu Claro,Dupla,Reta,Sim,1,0,0,0,1,0,0,1,-27.52926,-48.63281,SPRF-SC,DEL01-SC,UOP01-DEL01-SC,2025
"730340,0",2025-11-08,sábado,06:25:00,SC,101,"174,0",BIGUACU,Velocidade Incompatível,Colisão com objeto,Sem Vítimas,Pleno dia,Crescente,Sol,Dupla,Reta,Não,1,0,0,0,1,0,0,1,-27.34187128,-48.62906702,SPRF-SC,DEL01-SC,UOP01-DEL01-SC,2025
"730346,0",2025-11-08,sábado,05:30:00,SC,101,"339,9",TUBARAO,Ingestão de álcool pelo condutor,Colisão com objeto,Sem Vítimas,Amanhecer,Decrescente,Céu Claro,Múltipla,Reta,Sim,1,0,0,0,1,0,0,1,-28.50180946,-49.0467453,SPRF-SC,DEL02-SC,UOP01-DEL02-SC,2025
"730357,0",2025-11-08,sábado,06:50:00,SC,163,"69,0",SAO MIGUEL DO OESTE,Reação tardia ou ineficiente do condutor,Colisão com objeto,Com Vítimas Feridas,Pleno dia,Decrescente,Nublado,Dupla,Reta,Sim,1,0,0,1,0,0,1,1,-26.74088161,-53.50124571,SPRF-SC,DEL07-SC,UOP03-DEL07-SC,2025
"730391,0",2025-11-08,sábado,09:30:00,SC,101,"119,0",ITAJAI,Ausência de reação do condutor,Colisão traseira,Com Vítimas Feridas,Pleno dia,Crescente,Sol,Dupla,Reta,Não,2,0,1,0,1,0,1,2,-26.91187022,-48.71247165,SPRF-SC,DEL04-SC,UOP04-DEL04-SC,2025
"730400,0",2025-11-08,sábado,12:20:00,SC,101,"192,1",BIGUACU,Transitar na contramão,Colisão frontal,Com Vítimas Feridas,Pleno dia,Crescente,Céu Claro,Múltipla,Curva,Sim,2,0,1,0,1,0,1,2,-27.48585403,-48.64839284,SPRF-SC,DEL01-SC,UOP01-DEL01-SC,2025
"730418,0",2025-11-08,sábado,13:00:00,SC,101,"205,4",SAO JOSE,Ausência de reação do condutor,Saída de leito carroçável,Sem Vítimas,Pleno dia,Crescente,Garoa/Chuvisco,Simples,Curva,Não,1,0,0,0,0,1,0,1,-27.587146,-48.616864,SPRF-SC,DEL01-SC,UOP01-DEL01-SC,2025
"730430,0",2025-11-08,sábado,12:30:00,SC,101,"42,5",JOINVILLE,Velocidade Incompatível,Colisão com objeto,Com Vítimas Fatais,Pleno dia,Crescente,Céu Claro,Dupla,Viaduto;Reta,Sim,1,1,0,0,0,0,0,1,-26.32728567,-48.86469238,SPRF-SC,DEL03-SC,UOP01-DEL03-SC,2025
"730432,0",2025-11-08,sábado,14:28:00,SC,101,"196,0",BIGUACU,Reação tardia ou ineficiente do condutor,Colisão traseira,Com Vítimas Feridas,Pleno dia,Crescente,Nublado,Dupla,Reta,Sim,2,0,1,0,0,1,1,2,-27.51098108,-48.64333797,SPRF-SC,DEL01-SC,UOP01-DEL01-SC,2025
"730451,0",2025-11-08,sábado,16:15:00,SC,282,"520,4",XAXIM,Acumulo de óleo sobre o pavimento,Tombamento,Com Vítimas Feridas,Pleno dia,Decrescente,Nublado,Simples,Rotatória,Sim,1,0,1,0,0,0,1,1,-26.9493941,-52.5289755,SPRF-SC,DEL07-SC,UOP01-DEL07-SC,2025
"730474,0",2025-11-08,sábado,18:00:00,SC,280,"125,0",RIO NEGRINHO,Acesso irregular,Colisão transversal,Com Vítimas Feridas,Anoitecer,Crescente,Céu Claro,Simples,Reta,Não,2,0,1,0,1,0,1,2,-26.24284335,-49.51249687,SPRF-SC,DEL06-SC,UOP03-DEL06-SC,2025
"730477,0",2025-11-08,sábado,15:55:00,SC,282,"612,3",MARAVILHA,Ausência de reação do condutor,Incêndio,Sem Vítimas,Pleno dia,Crescente,Nublado,Simples,Curva,Não,1,0,0,0,0,1,0,1,-26.7634,-53.252141,SPRF-SC,DEL07-SC,UOP02-DEL07-SC,2025
"730492,0",2025-11-08,sábado,17:30:00,SC,101,"329,4",TUBARAO,Ingestão de álcool pelo condutor,Colisão com objeto,Sem Vítimas,Pleno dia,Crescente,Nublado,Múltipla,Curva,Não,2,0,0,0,1,1,0,2,-28.45283579,-48.97609591,SPRF-SC,DEL02-SC,UOP01-DEL02-SC,2025
"730503,0",2025-11-08,sábado,19:10:00,SC,101,"195,4",BIGUACU,Reação tardia ou ineficiente do condutor,Colisão com objeto,Com Vítimas Feridas,Plena Noite,Crescente,Nublado,Múltipla,Viaduto,Sim,1,0,0,1,0,0,1,1,-27.507397,-48.646792,SPRF-SC,DEL01-SC,UOP01-DEL01-SC,2025
"730506,0",2025-09-21,domingo,20:30:00,SC,101,"404,0",MARACAJA,Pedestre andava na pista,Atropelamento de Pedestre,Com Vítimas Feridas,Plena Noite,Decrescente,Chuva,Múltipla,Reta,Não,2,0,1,0,1,0,1,2,-28.88750435,-49.46475148,SPRF-SC,DEL02-SC,UOP02-DEL02-SC,2025
"730524,0",2025-11-08,sábado,19:20:00,SC,101,"368,4",ICARA,Demais falhas mecânicas ou elétricas,Tombamento,Com Vítimas Feridas,Plena Noite,Crescente,Chuva,Dupla,Reta,Não,2,0,2,0,0,0,2,1,-28.69856324,-49.18941585,SPRF-SC,DEL02-SC,UOP01-DEL02-SC,2025
"730580,0",2025-11-09,domingo,01:00:00,SC,101,"138,0",BALNEARIO CAMBORIU,Reação tardia ou ineficiente do condutor,Colisão frontal,Sem Vítimas,Plena Noite,Crescente,Céu Claro,Simples,Viaduto;Reta,Não,2,0,0,0,2,0,0,2,-27.02961782,-48.60437393,SPRF-SC,DEL04-SC,UOP03-DEL04-SC,2025
"730606,0",2025-11-09,domingo,03:15:00,SC,101,"336,0",TUBARAO,Velocidade Incompatível,Colisão traseira,Com Vítimas Feridas,Plena Noite,Crescente,Garoa/Chuvisco,Múltipla,Aclive;Curva,Sim,2,0,1,0,0,1,1,2,-28.479608,-49.033973,SPRF-SC,DEL02-SC,UOP01-DEL02-SC,2025
"730618,0",2025-11-09,domingo,04:00:00,SC,101,"277,1",IMBITUBA,Reação tardia ou ineficiente do condutor,Colisão traseira,Com Vítimas Feridas,Plena Noite,Decrescente,Chuva,Múltipla,Reta,Sim,2,0,0,1,0,1,1,2,-28.166268,-48.692539,SPRF-SC,DEL02-SC,UOP03-DEL02-SC,2025
"730619,0",2025-11-09,domingo,05:30:00,SC,101,"128,7",CAMBORIU,Ausência de reação do condutor,Capotamento,Sem Vítimas,Pleno dia,Crescente,Céu Claro,Dupla,Reta,Não,1,0,0,0,1,0,0,1,-26.9778924,-48.68204769,SPRF-SC,DEL04-SC,UOP03-DEL04-SC,2025
"730641,0",2025-11-09,domingo,06:20:00,SC,282,"548,3",CHAPECO,Acessar a via sem observar a presença dos outros veículos,Colisão lateral mesmo sentido,Com Vítimas Feridas,Pleno dia,Crescente,Céu Claro,Simples,Reta,Não,3,0,1,0,2,0,1,2,-26.96809375,-52.75414569,SPRF-SC,DEL07-SC,UOP01-DEL07-SC,2025
"730645,0",2025-11-09,domingo,07:45:00,SC,101,"312,0",LAGUNA,Demais falhas mecânicas ou elétricas,Colisão com objeto,Sem Vítimas,Pleno dia,Decrescente,Céu Claro,Dupla,Curva,Sim,1,0,0,0,1,0,0,1,-28.43997443,-48.8119863,SPRF-SC,DEL02-SC,UOP01-DEL02-SC,2025
"730648,0",2025-11-09,domingo,08:15:00,SC,470,"45,0",GASPAR,Ingestão de álcool pelo condutor,Tombamento,Com Vítimas Feridas,Pleno dia,Decrescente,Nublado,Dupla,Reta,Sim,2,0,2,0,0,0,2,1,-26.86687929,-49.03146744,SPRF-SC,DEL04-SC,UOP01-DEL04-SC,2025
"730660,0",2025-11-09,domingo,09:20:00,SC,101,"228,2",PALHOCA,Velocidade Incompatível,Capotamento,Com Vítimas Feridas,Pleno dia,Crescente,Nublado,Dupla,Reta,Não,1,0,1,0,0,0,1,1,-27.75945867,-48.63102134,SPRF-SC,DEL01-SC,UOP02-DEL01-SC,2025
"730669,0",2025-11-09,domingo,10:25:00,SC,101,"134,0",BALNEARIO CAMBORIU,Acessar a via sem observar a presença dos outros veículos,Colisão transversal,Com Vítimas Feridas,Pleno dia,Crescente,Nublado,Dupla,Interseção de Vias,Sim,2,0,1,0,1,0,1,2,-27.00205654,-48.63805024,SPRF-SC,DEL04-SC,UOP03-DEL04-SC,2025
"730685,0",2025-11-09,domingo,09:40:00,SC,282,"559,8",NOVA ITABERABA,Manobra de mudança de faixa,Saída de leito carroçável,Com Vítimas Feridas,Pleno dia,Decrescente,Céu Claro,Dupla,Curva,Não,5,0,2,2,1,0,4,2,-26.928902,-52.843082,SPRF-SC,DEL07-SC,UOP01-DEL07-SC,2025
"730724,0",2025-11-09,domingo,16:45:00,SC,280,"28,0",ARAQUARI,Transitar na contramão,Colisão transversal,Com Vítimas Feridas,Pleno dia,Decrescente,Nublado,Simples,Reta,Sim,3,0,0,1,2,0,1,2,-26.404103,-48.745228,SPRF-SC,DEL03-SC,UOP03-DEL03-SC,2025
"730770,0",2025-11-09,domingo,11:40:00,SC,101,"272,9",IMBITUBA,Ausência de reação do condutor,Tombamento,Com Vítimas Feridas,Pleno dia,Decrescente,Nublado,Simples,Viaduto,Não,2,0,2,0,0,0,2,1,-28.130376,-48.693716,SPRF-SC,DEL02-SC,UOP03-DEL02-SC,2025
"730773,0",2025-11-09,domingo,19:50:00,SC,280,"24,3",ARAQUARI,Entrada inopinada do pedestre,Atropelamento de Pedestre,Com Vítimas Feridas,Plena Noite,Crescente,Nublado,Simples,Reta,Sim,2,0,1,0,1,0,1,2,-26.380325,-48.723038,SPRF-SC,DEL03-SC,UOP03-DEL03-SC,2025
"730780,0",2025-11-09,domingo,17:00:00,SC,282,"433,9",VARGEM BONITA,Demais falhas mecânicas ou elétricas,Colisão frontal,Com Vítimas Feridas,Pleno dia,Crescente,Céu Claro,Simples,Reta,Não,8,0,2,0,6,0,2,3,-26.97738132,-51.82414977,SPRF-SC,DEL07-SC,UOP04-DEL07-SC,2025
"730785,0",2025-11-09,domingo,18:50:00,SC,280,"227,0",TRES BARRAS,Reação tardia ou ineficiente do condutor,Colisão traseira,Com Vítimas Feridas,Anoitecer,Crescente,Nublado,Simples,Reta,Não,4,0,2,0,2,0,2,2,-26.18179726,-50.32740204,SPRF-SC,DEL06-SC,UOP04-DEL06-SC,2025
"730786,0",2025-11-09,domingo,19:40:00,SC,101,"372,0",ICARA,Ausência de reação do condutor,Saída de leito carroçável,Com Vítimas Feridas,Plena Noite,Crescente,Céu Claro,Dupla,Reta,Não,1,0,1,0,0,0,1,1,-28.71424399,-49.22047533,SPRF-SC,DEL02-SC,UOP01-DEL02-SC,2025
"730803,0",2025-11-09,domingo,20:10:00,SC,282,"501,3",XANXERE,Acessar a via sem observar a presença dos outros veículos,Colisão transversal,Com Vítimas Feridas,Plena Noite,Crescente,Céu Claro,Dupla,Retorno Regulamentado;Reta,Sim,4,0,3,1,0,0,4,2,-26.8824594,-52.38148212,SPRF-SC,DEL07-SC,UOP01-DEL07-SC,2025
"730804,0",2025-11-09,domingo,22:20:00,SC,101,"77,7",ARAQUARI,Avarias e/ou desgaste excessivo no pneu,Tombamento,Com Vítimas Feridas,Plena Noite,Crescente,Nublado,Dupla,Reta,Não,2,0,2,0,0,0,2,1,-26.57582808,-48.72281877,SPRF-SC,DEL03-SC,UOP02-DEL03-SC,2025
"730820,0",2025-11-09,domingo,23:20:00,SC,101,"138,0",BALNEARIO CAMBORIU,Ingestão de álcool pelo condutor,Saída de leito carroçável,Sem Vítimas,Plena Noite,Crescente,Nublado,Dupla,Reta,Sim,1,0,0,0,1,0,0,1,-27.02867944,-48.60316627,SPRF-SC,DEL04-SC,UOP03-DEL04-SC,2025
"730839,0",2025-11-10,segunda-feira,00:05:00,SC,101,"179,0",GOVERNADOR CELSO RAMOS,Ausência de reação do condutor,Capotamento,Com Vítimas Feridas,Plena Noite,Decrescente,Céu Claro,Dupla,Curva,Não,1,0,1,0,0,0,1,1,-27.378282,-48.630805,SPRF-SC,DEL01-SC,UOP01-DEL01-SC,2025
"730842,0",2025-11-10,segunda-feira,02:00:00,SC,282,"5,8",SAO JOSE,Ingestão de álcool pelo condutor,Capotamento,Com Vítimas Feridas,Plena Noite,Crescente,Nublado,Múltipla,Interseção de Vias;Curva,Sim,2,0,1,1,0,0,2,1,-27.58725247,-48.61462768,SPRF-SC,DEL01-SC,UOP01-DEL01-SC,2025
"730858,0",2025-11-10,segunda-feira,00:30:00,SC,280,"38,9",ARAQUARI,Reação tardia ou ineficiente do condutor,Colisão com objeto,Com Vítimas Feridas,Plena Noite,Crescente,Nublado,Simples,Em Obras;Desvio Temporário;Reta,Não,1,0,0,1,0,0,1,1,-26.448635,-48.836682,SPRF-SC,DEL03-SC,UOP03-DEL03-SC,2025
"730872,0",2025-11-10,segunda-feira,08:20:00,SC,282,"4,3",SAO JOSE,Trafegar com motocicleta (ou similar) entre as faixas,Colisão lateral mesmo sentido,Com Vítimas Feridas,Pleno dia,Crescente,Céu Claro,Múltipla,Reta,Sim,4,0,1,0,3,0,1,3,-27.5911,-48.60699,SPRF-SC,DEL01-SC,UOP01-DEL01-SC,2025
"730887,0",2025-11-10,segunda-feira,07:45:00,SC,282,"69,1",RANCHO QUEIMADO,Demais falhas mecânicas ou elétricas,Colisão traseira,Com Vítimas Feridas,Pleno dia,Crescente,Céu Claro,Simples,Curva,Não,2,0,1,0,1,0,1,2,-27.69049097,-49.082877,SPRF-SC,DEL01-SC,UOP03-DEL01-SC,2025
"730889,0",2025-11-09,domingo,19:30:00,SC,282,"583,5",PINHALZINHO,Ultrapassagem Indevida,Saída de leito carroçável,Com Vítimas Feridas,Plena Noite,Decrescente,Céu Claro,Simples,Curva,Não,1,0,1,0,0,0,1,1,-26.83291626,-53.01292038,SPRF-SC,DEL07-SC,UOP02-DEL07-SC,2025
"730909,0",2025-11-10,segunda-feira,08:30:00,SC,116,"188,6",SAO CRISTOVAO DO SUL,Acessar a via sem observar a presença dos outros veículos,Colisão transversal,Com Vítimas Feridas,Pleno dia,Crescente,Céu Claro,Simples,Aclive;Reta,Não,5,0,5,0,0,0,5,2,-27.333966,-50.42646,SPRF-SC,DEL05-SC,UOP03-DEL05-SC,2025
"730935,0",2025-11-10,segunda-feira,13:35:00,SC,101,"202,2",SAO JOSE,Reação tardia ou ineficiente do condutor,Tombamento,Com Vítimas Feridas,Pleno dia,Crescente,Céu Claro,Múltipla,Reta,Sim,1,0,1,0,0,0,1,1,-27.55915,-48.61805,SPRF-SC,DEL01-SC,UOP01-DEL01-SC,2025
"730942,0",2025-11-10,segunda-feira,00:40:00,SC,282,"344,1",CAMPOS NOVOS,Reação tardia ou ineficiente do condutor,Capotamento,Sem Vítimas,Plena Noite,Crescente,Céu Claro,Simples,Rotatória,Sim,1,0,0,0,0,1,0,1,-27.3859726,-51.2354461,SPRF-SC,DEL07-SC,UOP06-DEL07-SC,2025
"730943,0",2025-11-10,segunda-feira,12:35:00,SC,280,"25,6",ARAQUARI,Reação tardia ou ineficiente do condutor,Saída de leito carroçável,Com Vítimas Feridas,Pleno dia,Crescente,Céu Claro,Simples,Reta,Não,2,0,2,0,0,0,2,1,-26.388147,-48.732308,SPRF-SC,DEL03-SC,UOP03-DEL03-SC,2025
"730951,0",2025-11-10,segunda-feira,14:35:00,SC,101,"332,0",TUBARAO,Condutor deixou de manter distância do veículo da frente,Colisão traseira,Com Vítimas Feridas,Pleno dia,Crescente,Céu Claro,Múltipla,Reta,Sim,2,0,1,0,1,0,1,2,-28.46957167,-49.01666833,SPRF-SC,DEL02-SC,UOP01-DEL02-SC,2025
"730956,0",2025-11-10,segunda-feira,14:45:00,SC,101,"15,0",GARUVA,Condutor deixou de manter distância do veículo da frente,Colisão lateral mesmo sentido,Com Vítimas Feridas,Pleno dia,Crescente,Céu Claro,Dupla,Reta,Não,2,0,1,0,1,0,1,2,-26.12061863,-48.8819259,SPRF-SC,DEL03-SC,UOP01-DEL03-SC,2025
"730981,0",2025-11-10,segunda-feira,11:45:00,SC,101,"87,3",BARRA VELHA,Condutor deixou de manter distância do veículo da frente,Colisão traseira,Com Vítimas Feridas,Pleno dia,Crescente,Céu Claro,Simples,Declive;Reta,Sim,2,0,1,0,1,0,1,2,-26.64408324,-48.68934631,SPRF-SC,DEL03-SC,UOP02-DEL03-SC,2025
"731002,0",2025-11-10,segunda-feira,18:20:00,SC,280,"26,0",ARAQUARI,Acessar a via sem observar a presença dos outros veículos,Colisão transversal,Com Vítimas Feridas,Anoitecer,Decrescente,Céu Claro,Simples,Reta,Sim,2,0,1,0,1,0,1,2,-26.40148425,-48.74337522,SPRF-SC,DEL03-SC,UOP03-DEL03-SC,2025
"731032,0",2025-11-10,segunda-feira,17:55:00,SC,282,"496,1",XANXERE,Acessar a via sem observar a presença dos outros veículos,Colisão transversal,Com Vítimas Feridas,Pleno dia,Crescente,Céu Claro,Simples,Reta,Não,4,0,1,1,2,0,2,3,-26.87644421,-52.33008957,SPRF-SC,DEL07-SC,UOP01-DEL07-SC,2025
"731044,0",2025-11-10,segunda-feira,23:45:00,SC,101,"155,0",PORTO BELO,Reação tardia ou ineficiente do condutor,Saída de leito carroçável,Com Vítimas Feridas,Plena Noite,Decrescente,Céu Claro,Simples,Curva;Interseção de Vias,Não,1,0,1,0,0,0,1,1,-27.16227568,-48.61081123,SPRF-SC,DEL04-SC,UOP03-DEL04-SC,2025
"731063,0",2025-11-11,terça-feira,06:10:00,SC,101,"216,0",PALHOCA,Acumulo de óleo sobre o pavimento,Tombamento,Com Vítimas Feridas,Amanhecer,Decrescente,Céu Claro,Múltipla,Rotatória,Sim,1,0,1,0,0,0,1,1,-27.6634316,-48.6755218,SPRF-SC,DEL01-SC,UOP02-DEL01-SC,2025
"731072,0",2025-11-11,terça-feira,07:00:00,SC,280,"27,0",ARAQUARI,Acessar a via sem observar a presença dos outros veículos,Colisão lateral mesmo sentido,Com Vítimas Feridas,Plena Noite,Decrescente,Céu Claro,Simples,Reta,Sim,2,0,1,0,0,1,1,2,-26.398821,-48.741652,SPRF-SC,DEL03-SC,UOP03-DEL03-SC,2025
"731082,0",2025-11-11,terça-feira,08:30:00,SC,101,"202,0",SAO JOSE,Manobra de mudança de faixa,Colisão transversal,Com Vítimas Feridas,Pleno dia,Crescente,Céu Claro,Múltipla,Reta,Sim,2,0,0,1,1,0,1,2,-27.55754,-48.61882,SPRF-SC,DEL01-SC,UOP01-DEL01-SC,2025
"731084,0",2025-11-11,terça-feira,07:00:00,SC,101,"131,0",BALNEARIO CAMBORIU,Avarias e/ou desgaste excessivo no pneu,Tombamento,Com Vítimas Feridas,Pleno dia,Crescente,Céu Claro,Dupla,Curva,Sim,1,0,1,0,0,0,1,1,-26.994324,-48.658959,SPRF-SC,DEL04-SC,UOP03-DEL04-SC,2025
"731090,0",2025-11-11,terça-feira,08:00:00,SC,101,"400,8",MARACAJA,Acumulo de areia ou detritos sobre o pavimento,Tombamento,Com Vítimas Feridas,Pleno dia,Crescente,Céu Claro,Dupla,Reta,Sim,1,0,0,1,0,0,1,1,-28.87005167,-49.45141554,SPRF-SC,DEL02-SC,UOP02-DEL02-SC,2025
"731113,0",2025-11-11,terça-feira,09:15:00,SC,116,"197,9",PONTE ALTA,Manobra de mudança de faixa,Colisão traseira,Com Vítimas Feridas,Pleno dia,Crescente,Céu Claro,Simples,Reta;Aclive,Não,3,0,1,0,1,1,1,3,-27.4116285,-50.4178543,SPRF-SC,DEL05-SC,UOP03-DEL05-SC,2025
"731114,0",2025-11-11,terça-feira,09:10:00,SC,470,"203,9",PONTE ALTA,Reação tardia ou ineficiente do condutor,Saída de leito carroçável,Com Vítimas Feridas,Pleno dia,Crescente,Céu Claro,Simples,Declive;Reta,Não,2,0,1,0,1,0,1,1,-27.288995,-50.165843,SPRF-SC,DEL05-SC,UOP03-DEL05-SC,2025