id,data_inversa,dia_semana,horario,uf,br,km,municipio,causa_acidente,tipo_acidente,classificacao_acidente,fase_dia,sentido_via,condicao_metereologica,tipo_pista,tracado_via,uso_solo,pessoas,mortos,feridos_leves,feridos_graves,ilesos,ignorados,feridos,veiculos,latitude,longitude,regional,delegacia,uop,ano_arquivo
"733273,0",2025-11-20,quinta-feira,20:30:00,SC,282,"44,6",AGUAS MORNAS,Reação tardia ou ineficiente do condutor,Tombamento,Com Vítimas Feridas,Plena Noite,Crescente,Nublado,Simples,Aclive;Curva,Não,1,0,0,1,0,0,1,1,-27.719319,-48.912627,SPRF-SC,DEL01-SC,UOP03-DEL01-SC,2025
"733280,0",2025-11-20,quinta-feira,22:15:00,SC,101,"193,5",BIGUACU,Ausência de reação do condutor,Colisão traseira,Com Vítimas Feridas,Plena Noite,Decrescente,Nublado,Múltipla,Reta,Sim,2,0,1,1,0,0,2,1,-27.4948428,-48.6568993,SPRF-SC,DEL01-SC,UOP01-DEL01-SC,2025
"733292,0",2025-11-20,quinta-feira,17:20:00,SC,101,"145,0",ITAPEMA,Reação tardia ou ineficiente do condutor,Tombamento,Com Vítimas Feridas,Pleno dia,Decrescente,Céu Claro,Dupla,Aclive;Reta,Não,1,0,1,0,0,0,1,1,-27.08367172,-48.60406971,SPRF-SC,DEL04-SC,UOP03-DEL04-SC,2025
"733317,0",2025-11-21,sexta-feira,03:00:00,SC,101,"365,0",SANGAO,Ausência de reação do condutor,Saída de leito carroçável,Sem Vítimas,Plena Noite,Crescente,Céu Claro,Múltipla,Reta,Não,1,0,0,0,0,1,0,1,-28.68831239,-49.15891579,SPRF-SC,DEL02-SC,UOP01-DEL02-SC,2025
"733346,0",2025-11-21,sexta-feira,07:45:00,SC,101,"134,0",BALNEARIO CAMBORIU,Desrespeitar a preferência no cruzamento,Colisão transversal,Com Vítimas Feridas,Pleno dia,Decrescente,Céu Claro,Dupla,Reta;Interseção de Vias,Sim,2,0,0,1,1,0,1,2,-26.99943115,-48.6460387,SPRF-SC,DEL04-SC,UOP03-DEL04-SC,2025
"733361,0",2025-11-21,sexta-feira,08:35:00,SC,101,"2,1",ARARANGUA,Acessar a via sem observar a presença dos outros veículos,Colisão transversal,Com Vítimas Feridas,Pleno dia,Crescente,Céu Claro,Múltipla,Interseção de Vias,Sim,2,0,0,1,1,0,1,2,-28.938873,-49.497155,SPRF-SC,DEL02-SC,UOP02-DEL02-SC,2025
"733363,0",2025-11-21,sexta-feira,08:00:00,SC,116,"246,0",LAGES,Reação tardia ou ineficiente do condutor,Colisão lateral mesmo sentido,Com Vítimas Feridas,Pleno dia,Decrescente,Sol,Simples,Interseção de Vias;Reta;Declive,Sim,2,0,1,0,1,0,1,2,-27.8043267,-50.3651118,SPRF-SC,DEL05-SC,UOP02-DEL05-SC,2025
"733371,0",2025-11-21,sexta-feira,10:15:00,SC,101,"206,2",SAO JOSE,Condutor deixou de manter distância do veículo da frente,Colisão traseira,Com Vítimas Feridas,Pleno dia,Crescente,Céu Claro,Múltipla,Reta,Sim,2,0,0,1,1,0,1,2,-27.5992217,-48.6218605,SPRF-SC,DEL01-SC,UOP01-DEL01-SC,2025
"733389,0",2025-11-21,sexta-feira,12:00:00,SC,101,"425,2",ARARANGUA,Transitar na contramão,Colisão frontal,Com Vítimas Feridas,Pleno dia,Decrescente,Céu Claro,Simples,Reta,Sim,2,0,1,0,1,0,1,2,-29.02601239,-49.59977757,SPRF-SC,DEL02-SC,UOP02-DEL02-SC,2025
"733417,0",2025-11-21,sexta-feira,16:00:00,SC,101,"124,0",ITAJAI,Ausência de reação do condutor,Colisão traseira,Com Vítimas Feridas,Pleno dia,Crescente,Céu Claro,Dupla,Reta,Sim,3,0,2,0,1,0,2,2,-26.945505,-48.688124,SPRF-SC,DEL04-SC,UOP04-DEL04-SC,2025
"733423,0",2025-11-21,sexta-feira,16:00:00,SC,280,"28,4",ARAQUARI,Trafegar com motocicleta (ou similar) entre as faixas,Colisão transversal,Com Vítimas Feridas,Pleno dia,Crescente,Céu Claro,Simples,Reta,Sim,3,0,1,1,1,0,2,2,-26.4070954,-48.7488117,SPRF-SC,DEL03-SC,UOP03-DEL03-SC,2025
"733444,0",2025-11-21,sexta-feira,15:45:00,SC,101,"342,0",TUBARAO,Demais falhas mecânicas ou elétricas,Tombamento,Com Vítimas Feridas,Pleno dia,Decrescente,Céu Claro,Dupla,Reta,Sim,2,0,2,0,0,0,2,1,-28.532524,-49.054437,SPRF-SC,DEL02-SC,UOP01-DEL02-SC,2025
"733445,0",2025-11-21,sexta-feira,18:15:00,SC,101,"205,2",SAO JOSE,Trafegar com motocicleta (ou similar) entre as faixas,Colisão lateral mesmo sentido,Com Vítimas Feridas,Anoitecer,Crescente,Céu Claro,Múltipla,Reta,Sim,2,0,0,1,1,0,1,2,-27.59029146,-48.6178869,SPRF-SC,DEL01-SC,UOP01-DEL01-SC,2025
"733448,0",2025-11-21,sexta-feira,17:30:00,SC,101,"107,5",PENHA,Trafegar com motocicleta (ou similar) entre as faixas,Colisão traseira,Com Vítimas Feridas,Pleno dia,Crescente,Céu Claro,Múltipla,Reta,Não,2,0,1,0,1,0,1,2,-26.81596878,-48.68346088,SPRF-SC,DEL03-SC,UOP02-DEL03-SC,2025
"733470,0",2025-11-21,sexta-feira,20:10:00,SC,282,"55,1",AGUAS MORNAS,Ausência de reação do condutor,Saída de leito carroçável,Com Vítimas Feridas,Plena Noite,Crescente,Céu Claro,Simples,Curva,Não,1,0,0,1,0,0,1,1,-27.689183,-48.984227,SPRF-SC,DEL01-SC,UOP03-DEL01-SC,2025
"733473,0",2025-11-21,sexta-feira,20:10:00,SC,116,"112,9",SANTA CECILIA,Reação tardia ou ineficiente do condutor,Saída de leito carroçável,Com Vítimas Feridas,Plena Noite,Decrescente,Céu Claro,Simples,Reta;Declive,Não,2,0,2,0,0,0,2,1,-26.784138,-50.345465,SPRF-SC,DEL06-SC,UOP02-DEL06-SC,2025
"733498,0",2025-11-21,sexta-feira,21:15:00,SC,101,"26,3",JOINVILLE,Ausência de reação do condutor,Colisão traseira,Com Vítimas Feridas,Plena Noite,Crescente,Nublado,Dupla,Reta;Ponte,Não,2,0,1,0,0,1,1,2,-26.19568,-48.912549,SPRF-SC,DEL03-SC,UOP01-DEL03-SC,2025
"733499,0",2025-11-21,sexta-feira,22:16:00,SC,470,"53,0",BLUMENAU,Conversão proibida,Colisão lateral mesmo sentido,Com Vítimas Feridas,Plena Noite,Decrescente,Céu Claro,Simples,Em Obras,Não,3,0,1,0,2,0,1,2,-26.86674963,-49.10156814,SPRF-SC,DEL04-SC,UOP01-DEL04-SC,2025
"733504,0",2025-11-21,sexta-feira,21:40:00,SC,101,"147,0",ITAPEMA,Ausência de reação do condutor,Tombamento,Com Vítimas Feridas,Plena Noite,Decrescente,Nublado,Dupla,Reta,Sim,1,0,1,0,0,0,1,1,-27.089437,-48.61344751,SPRF-SC,DEL04-SC,UOP03-DEL04-SC,2025
"733535,0",2025-11-22,sábado,05:28:00,SC,101,"217,0",PALHOCA,Velocidade Incompatível,Capotamento,Sem Vítimas,Amanhecer,Decrescente,Céu Claro,Múltipla,Reta,Sim,1,0,0,0,0,1,0,1,-27.66942164,-48.67292818,SPRF-SC,DEL01-SC,UOP02-DEL01-SC,2025
"733539,0",2025-11-22,sábado,03:00:00,SC,282,"564,5",NOVA ERECHIM,Demais falhas mecânicas ou elétricas,Incêndio,Sem Vítimas,Plena Noite,Decrescente,Céu Claro,Simples,Reta,Não,1,0,0,0,0,1,0,1,-26.899921,-52.871484,SPRF-SC,DEL07-SC,UOP02-DEL07-SC,2025
"733548,0",2025-11-20,quinta-feira,04:50:00,SC,163,"109,3",GUARUJA DO SUL,Reação tardia ou ineficiente do condutor,Tombamento,Com Vítimas Feridas,Plena Noite,Decrescente,Céu Claro,Simples,Curva;Declive,Não,1,0,1,0,0,0,1,1,-26.40956625,-53.52225485,SPRF-SC,DEL07-SC,UOP03-DEL07-SC,2025
"733561,0",2025-11-03,segunda-feira,18:00:00,SC,280,"146,7",MAFRA,Chuva,Colisão lateral sentido oposto,Com Vítimas Feridas,Anoitecer,Crescente,Chuva,Simples,Curva,Não,6,0,2,0,4,0,2,3,-26.249753,-49.675062,SPRF-SC,DEL06-SC,UOP03-DEL06-SC,2025
"733574,0",2025-11-22,sábado,10:20:00,SC,470,"32,3",GASPAR,Reação tardia ou ineficiente do condutor,Tombamento,Com Vítimas Feridas,Pleno dia,Crescente,Céu Claro,Dupla,Reta,Não,1,0,1,0,0,0,1,1,-26.90319,-48.93517,SPRF-SC,DEL04-SC,UOP01-DEL04-SC,2025
"733594,0",2025-11-22,sábado,13:05:00,SC,101,"338,0",TUBARAO,Acumulo de água sobre o pavimento,Colisão com objeto,Com Vítimas Feridas,Pleno dia,Decrescente,Garoa/Chuvisco,Múltipla,Reta,Sim,3,0,3,0,0,0,3,1,-28.4982167,-49.045258,SPRF-SC,DEL02-SC,UOP01-DEL02-SC,2025
"733596,0",2025-11-22,sábado,09:30:00,SC,101,"436,6",SOMBRIO,Mal súbito do condutor,Colisão com objeto,Com Vítimas Feridas,Pleno dia,Crescente,Nublado,Dupla,Reta;Aclive,Sim,1,0,0,1,0,0,1,1,-29.11796005,-49.6408209,SPRF-SC,DEL02-SC,UOP02-DEL02-SC,2025
"733599,0",2025-11-22,sábado,07:20:00,SC,470,"21,5",ILHOTA,Condutor Dormindo,Saída de leito carroçável,Com Vítimas Feridas,Pleno dia,Crescente,Sol,Dupla,Reta,Não,1,0,1,0,0,0,1,1,-26.87651902,-48.82750958,SPRF-SC,DEL04-SC,UOP04-DEL04-SC,2025
"733614,0",2025-11-22,sábado,13:30:00,SC,280,"26,9",ARAQUARI,Condutor deixou de manter distância do veículo da frente,Colisão traseira,Com Vítimas Feridas,Pleno dia,Decrescente,Nublado,Simples,Reta,Sim,3,0,1,0,2,0,1,2,-26.394969,-48.738806,SPRF-SC,DEL03-SC,UOP03-DEL03-SC,2025
"733618,0",2025-11-22,sábado,14:40:00,SC,101,"149,0",ITAPEMA,Condutor deixou de manter distância do veículo da frente,Colisão traseira,Com Vítimas Feridas,Pleno dia,Decrescente,Céu Claro,Dupla,Curva,Sim,2,0,1,0,1,0,1,2,-27.11665974,-48.61018628,SPRF-SC,DEL04-SC,UOP03-DEL04-SC,2025
"733627,0",2025-11-22,sábado,15:45:00,SC,101,"131,0",CAMBORIU,Trafegar com motocicleta (ou similar) entre as faixas,Colisão lateral mesmo sentido,Com Vítimas Feridas,Pleno dia,Crescente,Nublado,Dupla,Reta,Sim,2,0,1,0,1,0,1,2,-26.98709004,-48.66597589,SPRF-SC,DEL04-SC,UOP03-DEL04-SC,2025
"733628,0",2025-11-22,sábado,15:50:00,SC,470,"68,5",INDAIAL,Conversão proibida,Colisão lateral mesmo sentido,Com Vítimas Feridas,Pleno dia,Crescente,Nublado,Dupla,Reta,Sim,3,0,0,1,2,0,1,2,-26.88008,-49.24295,SPRF-SC,DEL04-SC,UOP01-DEL04-SC,2025
"733647,0",2025-11-22,sábado,17:15:00,SC,101,"228,8",PALHOCA,Acumulo de água sobre o pavimento,Colisão com objeto,Com Vítimas Feridas,Pleno dia,Decrescente,Chuva,Dupla,Reta,Não,1,0,0,1,0,0,1,1,-27.76664,-48.63083,SPRF-SC,DEL01-SC,UOP02-DEL01-SC,2025
"733652,0",2025-11-22,sábado,17:30:00,SC,280,"221,0",TRES BARRAS,Ausência de reação do condutor,Capotamento,Sem Vítimas,Pleno dia,Decrescente,Céu Claro,Simples,Reta;Declive,Não,1,0,0,0,0,1,0,1,-26.17297,-50.27351,SPRF-SC,DEL06-SC,UOP04-DEL06-SC,2025
"733653,0",2025-11-22,sábado,17:40:00,SC,101,"153,0",PORTO BELO,Trafegar com motocicleta (ou similar) entre as faixas,Colisão lateral mesmo sentido,Com Vítimas Feridas,Anoitecer,Decrescente,Chuva,Dupla,Reta,Sim,2,0,0,1,1,0,1,2,-27.14757445,-48.60868692,SPRF-SC,DEL04-SC,UOP03-DEL04-SC,2025
"733655,0",2025-11-22,sábado,16:00:00,SC,470,"340,3",CAMPOS NOVOS,Acessar a via sem observar a presença dos outros veículos,Colisão transversal,Com Vítimas Feridas,Pleno dia,Crescente,Céu Claro,Simples,Reta,Sim,5,0,2,2,1,0,4,2,-27.52828386,-51.3603732,SPRF-SC,DEL07-SC,UOP06-DEL07-SC,2025
"733658,0",2025-11-22,sábado,18:00:00,SC,101,"151,0",ITAPEMA,Condutor deixou de manter distância do veículo da frente,Colisão traseira,Sem Vítimas,Anoitecer,Crescente,Nublado,Dupla,Reta,Não,2,0,0,0,2,0,0,2,-27.13192078,-48.60991923,SPRF-SC,DEL04-SC,UOP03-DEL04-SC,2025
"733661,0",2025-11-22,sábado,15:10:00,SC,282,"162,0",BOM RETIRO,Ausência de reação do condutor,Saída de leito carroçável,Com Vítimas Feridas,Pleno dia,Crescente,Chuva,Simples,Curva,Não,1,0,1,0,0,0,1,1,-27.72912181,-49.77767944,SPRF-SC,DEL05-SC,UOP01-DEL05-SC,2025
"733683,0",2025-11-22,sábado,19:25:00,SC,280,"24,0",ARAQUARI,Conversão proibida,Colisão transversal,Com Vítimas Feridas,Plena Noite,Decrescente,Nublado,Simples,Reta,Sim,2,0,1,0,1,0,1,2,-26.38053294,-48.72322647,SPRF-SC,DEL03-SC,UOP03-DEL03-SC,2025
"733689,0",2025-11-22,sábado,17:50:00,SC,101,"62,0",ARAQUARI,Entrada inopinada do pedestre,Colisão traseira,Com Vítimas Feridas,Pleno dia,Crescente,Nublado,Múltipla,Reta,Sim,4,0,3,0,1,0,3,3,-26.45504656,-48.76862738,SPRF-SC,DEL03-SC,UOP02-DEL03-SC,2025
"733692,0",2025-11-22,sábado,19:30:00,SC,280,"218,0",TRES BARRAS,Velocidade Incompatível,Capotamento,Com Vítimas Feridas,Plena Noite,Crescente,Nublado,Simples,Reta,Não,1,0,1,0,0,0,1,1,-26.18601731,-50.16480003,SPRF-SC,DEL06-SC,UOP04-DEL06-SC,2025
"733727,0",2025-11-22,sábado,23:40:00,SC,101,"57,8",ARAQUARI,Ausência de reação do condutor,Saída de leito carroçável,Com Vítimas Feridas,Plena Noite,Crescente,Chuva,Dupla,Reta,Não,3,0,2,0,1,0,2,1,-26.439084,-48.802678,SPRF-SC,DEL03-SC,UOP01-DEL03-SC,2025
"733730,0",2025-11-22,sábado,23:55:00,SC,282,"482,7",FAXINAL DOS GUEDES,Condutor deixou de manter distância do veículo da frente,Colisão traseira,Com Vítimas Fatais,Plena Noite,Decrescente,Céu Claro,Simples,Aclive;Reta,Não,3,1,0,1,1,0,1,2,-26.8651,-52.21007,SPRF-SC,DEL07-SC,UOP01-DEL07-SC,2025
"733737,0",2025-11-23,domingo,03:00:00,SC,280,"130,0",RIO NEGRINHO,Ingestão de álcool pelo condutor,Colisão com objeto,Com Vítimas Feridas,Plena Noite,Crescente,Céu Claro,Simples,Curva;Ponte,Sim,1,0,1,0,0,0,1,1,-26.25201791,-49.52756882,SPRF-SC,DEL06-SC,UOP03-DEL06-SC,2025
"733744,0",2025-11-23,domingo,04:07:00,SC,116,"59,2",PAPANDUVA,Ausência de reação do condutor,Colisão com objeto,Com Vítimas Feridas,Plena Noite,Crescente,Céu Claro,Simples,Reta,Não,2,0,1,1,0,0,2,1,-26.37967,-50.21028,SPRF-SC,DEL06-SC,UOP02-DEL06-SC,2025
"733747,0",2025-11-23,domingo,05:20:00,SC,101,"173,0",GOVERNADOR CELSO RAMOS,Velocidade Incompatível,Capotamento,Sem Vítimas,Amanhecer,Decrescente,Céu Claro,Dupla,Interseção de Vias,Não,1,0,0,0,0,1,0,1,-27.32559439,-48.62701312,SPRF-SC,DEL04-SC,UOP03-DEL04-SC,2025
"733762,0",2025-11-23,domingo,06:15:00,SC,280,"239,0",CANOINHAS,Ausência de reação do condutor,Saída de leito carroçável,Com Vítimas Feridas,Amanhecer,Crescente,Nublado,Simples,Reta,Não,1,0,1,0,0,0,1,1,-26.21387,-50.45106,SPRF-SC,DEL06-SC,UOP04-DEL06-SC,2025
"733774,0",2025-11-23,domingo,06:30:00,SC,101,"200,3",SAO JOSE,Demais falhas mecânicas ou elétricas,Colisão com objeto,Com Vítimas Feridas,Pleno dia,Decrescente,Chuva,Dupla,Reta,Sim,1,0,1,0,0,0,1,1,-27.54252,-48.62078,SPRF-SC,DEL01-SC,UOP01-DEL01-SC,2025
"733775,0",2025-11-23,domingo,07:50:00,SC,280,"28,0",ARAQUARI,Condutor Dormindo,Colisão frontal,Com Vítimas Feridas,Pleno dia,Crescente,Chuva,Simples,Reta,Sim,3,0,1,0,2,0,1,2,-26.40968459,-48.7514817,SPRF-SC,DEL03-SC,UOP03-DEL03-SC,2025
"733779,0",2025-11-23,domingo,09:30:00,SC,101,"77,9",ARAQUARI,Trafegar com motocicleta (ou similar) entre as faixas,Colisão traseira,Com Vítimas Feridas,Pleno dia,Decrescente,Chuva,Dupla,Reta,Não,3,0,2,0,1,0,2,2,-26.57919,-48.722368,SPRF-SC,DEL03-SC,UOP02-DEL03-SC,2025
"733791,0",2025-11-23,domingo,07:15:00,SC,280,"56,7",GUARAMIRIM,Velocidade Incompatível,Colisão com objeto,Com Vítimas Feridas,Pleno dia,Decrescente,Chuva,Simples,Curva,Sim,2,0,2,0,0,0,2,1,-26.47437073,-49.02069962,SPRF-SC,DEL03-SC,UOP03-DEL03-SC,2025
"733806,0",2025-11-23,domingo,12:00:00,SC,101,"318,7",PESCARIA BRAVA,Chuva,Colisão traseira,Com Vítimas Feridas,Pleno dia,Crescente,Chuva,Dupla,Reta,Não,8,0,1,0,7,0,1,2,-28.4278788,-48.8842389,SPRF-SC,DEL02-SC,UOP01-DEL02-SC,2025
"733819,0",2025-11-23,domingo,13:00:00,SC,101,"286,7",IMBITUBA,Avarias e/ou desgaste excessivo no pneu,Colisão com objeto,Com Vítimas Feridas,Pleno dia,Crescente,Chuva,Múltipla,Reta,Não,2,0,2,0,0,0,2,1,-28.2540597,-48.70301075,SPRF-SC,DEL02-SC,UOP03-DEL02-SC,2025
"733822,0",2025-11-23,domingo,10:40:00,SC,280,"92,3",CORUPA,Pista Escorregadia,Colisão frontal,Com Vítimas Feridas,Pleno dia,Crescente,Garoa/Chuvisco,Simples,Declive;Curva,Não,2,0,2,0,0,0,2,2,-26.39527,-49.300138,SPRF-SC,DEL06-SC,UOP03-DEL06-SC,2025
"733848,0",2025-11-23,domingo,15:20:00,SC,480,"130,0",CHAPECO,Ingestão de álcool pelo condutor,Colisão com objeto,Sem Vítimas,Pleno dia,Crescente,Céu Claro,Dupla,Curva,Não,1,0,0,0,1,0,0,1,-27.04967223,-52.63520813,SPRF-SC,DEL07-SC,UOP01-DEL07-SC,2025
"733860,0",2025-11-23,domingo,14:45:00,SC,101,"66,0",ARAQUARI,Manobra de mudança de faixa,Queda de ocupante de veículo,Com Vítimas Feridas,Pleno dia,Crescente,Chuva,Múltipla,Reta,Não,2,0,2,0,0,0,2,1,-26.4549183,-48.7700851,SPRF-SC,DEL03-SC,UOP02-DEL03-SC,2025
"733865,0",2025-11-23,domingo,14:55:00,SC,282,"416,5",CATANDUVAS,Avarias e/ou desgaste excessivo no pneu,Saída de leito carroçável,Com Vítimas Feridas,Pleno dia,Crescente,Chuva,Simples,Aclive;Curva,Não,3,0,2,0,1,0,2,1,-27.03849,-51.71368,SPRF-SC,DEL07-SC,UOP05-DEL07-SC,2025
"733867,0",2025-11-23,domingo,14:50:00,SC,101,"109,0",PENHA,Avarias e/ou desgaste excessivo no pneu,Tombamento,Com Vítimas Feridas,Pleno dia,Crescente,Chuva,Dupla,Reta,Não,2,0,2,0,0,0,2,1,-26.83400331,-48.69804589,SPRF-SC,DEL03-SC,UOP02-DEL03-SC,2025
"733884,0",2025-11-23,domingo,16:45:00,SC,101,"85,0",BARRA VELHA,Reação tardia ou ineficiente do condutor,Colisão transversal,Com Vítimas Feridas,Pleno dia,Decrescente,Chuva,Múltipla,Reta,Não,2,0,1,0,1,0,1,2,-26.61678432,-48.72014237,SPRF-SC,DEL03-SC,UOP02-DEL03-SC,2025
"733887,0",2025-11-23,domingo,17:25:00,SC,470,"61,8",BLUMENAU,Transitar no Acostamento,Colisão lateral sentido oposto,Com Vítimas Feridas,Amanhecer,Crescente,Nublado,Simples,Reta,Sim,2,0,1,0,1,0,1,2,-26.87879425,-49.13321435,SPRF-SC,DEL04-SC,UOP01-DEL04-SC,2025
"733891,0",2025-11-23,domingo,16:00:00,SC,282,"231,5",LAGES,Acessar a via sem observar a presença dos outros veículos,Colisão transversal,Com Vítimas Feridas,Pleno dia,Crescente,Nublado,Simples,Interseção de Vias;Reta,Não,4,0,1,0,3,0,1,2,-27.78690773,-50.43903558,SPRF-SC,DEL05-SC,UOP02-DEL05-SC,2025
"733922,0",2025-11-23,domingo,16:00:00,SC,282,"595,6",SAUDADES,Velocidade Incompatível,Colisão com objeto,Sem Vítimas,Pleno dia,Decrescente,Chuva,Simples,Curva,Não,2,0,0,0,2,0,0,1,-26.82995797,-53.1255383,SPRF-SC,DEL07-SC,UOP02-DEL07-SC,2025
"733929,0",2025-11-23,domingo,18:10:00,SC,101,"155,0",FLORIANOPOLIS,Acumulo de água sobre o pavimento,Saída de leito carroçável,Com Vítimas Feridas,Anoitecer,Decrescente,Chuva,Múltipla,Viaduto,Sim,1,0,1,0,0,0,1,1,-27.5972096,-48.5556224,SPRF-SC,DEL04-SC,UOP03-DEL04-SC,2025
"733937,0",2025-11-23,domingo,18:10:00,SC,101,"56,6",ARAQUARI,Acumulo de água sobre o pavimento,Colisão com objeto,Com Vítimas Feridas,Anoitecer,Crescente,Chuva,Dupla,Reta,Sim,2,0,1,0,1,0,1,1,-26.43629012,-48.8121241,SPRF-SC,DEL03-SC,UOP01-DEL03-SC,2025
"733940,0",2025-11-23,domingo,20:00:00,SC,101,"247,0",PAULO LOPES,Ausência de reação do condutor,Colisão traseira,Sem Vítimas,Plena Noite,Crescente,Garoa/Chuvisco,Dupla,Reta,Não,6,0,0,0,6,0,0,2,-27.920498,-48.65526,SPRF-SC,DEL02-SC,UOP03-DEL02-SC,2025
"733945,0",2025-11-23,domingo,19:30:00,SC,470,"98,2",APIUNA,Transitar no Acostamento,Colisão traseira,Com Vítimas Feridas,Plena Noite,Decrescente,Céu Claro,Simples,Reta,Sim,2,0,1,0,1,0,1,2,-27.03833341,-49.39350128,SPRF-SC,DEL04-SC,UOP02-DEL04-SC,2025
"733958,0",2025-11-23,domingo,19:16:00,SC,101,"136,0",BALNEARIO CAMBORIU,Acessar a via sem observar a presença dos outros veículos,Colisão traseira,Com Vítimas Feridas,Plena Noite,Crescente,Chuva,Múltipla,Reta,Não,3,0,1,0,2,0,1,2,-27.00931345,-48.61549169,SPRF-SC,DEL04-SC,UOP03-DEL04-SC,2025
"733980,0",2025-11-23,domingo,22:30:00,SC,280,"55,2",GUARAMIRIM,Ultrapassagem Indevida,Colisão lateral mesmo sentido,Com Vítimas Feridas,Plena Noite,Crescente,Garoa/Chuvisco,Dupla,Reta,Sim,4,0,1,0,3,0,1,2,-26.47662777,-48.99593202,SPRF-SC,DEL03-SC,UOP03-DEL03-SC,2025
"734004,0",2025-11-24,segunda-feira,00:40:00,SC,101,"204,0",SAO JOSE,Ingestão de álcool pelo condutor,Colisão traseira,Sem Vítimas,Plena Noite,Crescente,Chuva,Dupla,Reta,Sim,2,0,0,0,2,0,0,2,-27.56816,-48.61404,SPRF-SC,DEL01-SC,UOP01-DEL01-SC,2025
"734006,0",2025-11-23,domingo,23:40:00,SC,101,"38,0",JOINVILLE,Desrespeitar a preferência no cruzamento,Colisão transversal,Com Vítimas Feridas,Plena Noite,Decrescente,Chuva,Simples,Rotatória,Sim,6,0,3,1,1,1,4,3,-26.29628531,-48.88443361,SPRF-SC,DEL03-SC,UOP01-DEL03-SC,2025
"734022,0",2025-11-24,segunda-feira,05:45:00,SC,101,"263,0",GAROPABA,Condutor Dormindo,Saída de leito carroçável,Com Vítimas Feridas,Amanhecer,Decrescente,Chuva,Múltipla,Reta,Não,2,0,2,0,0,0,2,1,-28.04601698,-48.71459587,SPRF-SC,DEL02-SC,UOP03-DEL02-SC,2025
"734036,0",2025-11-24,segunda-feira,04:00:00,SC,101,"110,0",PENHA,Ingestão de álcool pelo condutor,Saída de leito carroçável,Sem Vítimas,Plena Noite,Crescente,Chuva,Dupla,Curva,Não,1,0,0,0,0,1,0,1,-26.83508078,-48.70878696,SPRF-SC,DEL03-SC,UOP02-DEL03-SC,2025
"734049,0",2025-11-24,segunda-feira,08:00:00,SC,282,"5,8",SAO JOSE,Ausência de reação do condutor,Queda de ocupante de veículo,Com Vítimas Feridas,Pleno dia,Crescente,Chuva,Dupla,Declive;Curva,Não,1,0,1,0,0,0,1,1,-27.584533,-48.617107,SPRF-SC,DEL01-SC,UOP01-DEL01-SC,2025
"734051,0",2025-11-24,segunda-feira,08:30:00,SC,101,"211,0",SAO JOSE,Reação tardia ou ineficiente do condutor,Queda de ocupante de veículo,Com Vítimas Feridas,Pleno dia,Decrescente,Chuva,Múltipla,Reta,Não,2,0,1,0,1,0,1,2,-27.62196537,-48.65086198,SPRF-SC,DEL01-SC,UOP02-DEL01-SC,2025
"734058,0",2025-11-24,segunda-feira,09:00:00,SC,282,"4,6",SAO JOSE,Frear bruscamente,Queda de ocupante de veículo,Com Vítimas Feridas,Pleno dia,Crescente,Chuva,Múltipla,Reta,Não,2,0,1,0,1,0,1,2,-27.58467,-48.616887,SPRF-SC,DEL01-SC,UOP01-DEL01-SC,2025
"734071,0",2025-11-24,segunda-feira,09:15:00,SC,282,"50,4",AGUAS MORNAS,Reação tardia ou ineficiente do condutor,Saída de leito carroçável,Com Vítimas Feridas,Pleno dia,Crescente,Garoa/Chuvisco,Simples,Aclive;Reta,Não,1,0,1,0,0,0,1,1,-27.70603,-48.955373,SPRF-SC,DEL01-SC,UOP03-DEL01-SC,2025
"734086,0",2025-11-24,segunda-feira,10:15:00,SC,101,"401,9",MARACAJA,Velocidade Incompatível,Tombamento,Com Vítimas Feridas,Pleno dia,Crescente,Nublado,Simples,Interseção de Vias,Sim,1,0,0,1,0,0,1,1,-28.87806135,-49.45782837,SPRF-SC,DEL02-SC,UOP02-DEL02-SC,2025
"734104,0",2025-11-24,segunda-feira,10:00:00,SC,101,"206,0",SAO JOSE,Ausência de reação do condutor,Queda de ocupante de veículo,Com Vítimas Feridas,Pleno dia,Crescente,Chuva,Dupla,Reta,Sim,2,0,1,0,1,0,1,1,-27.6001892,-48.62293331,SPRF-SC,DEL01-SC,UOP01-DEL01-SC,2025
"734150,0",2025-11-24,segunda-feira,18:20:00,SC,101,"138,1",BALNEARIO CAMBORIU,Trafegar com motocicleta (ou similar) entre as faixas,Colisão traseira,Com Vítimas Feridas,Pleno dia,Decrescente,Garoa/Chuvisco,Dupla,Reta,Sim,3,0,1,0,2,0,1,3,-27.02143969,-48.60880679,SPRF-SC,DEL04-SC,UOP03-DEL04-SC,2025
"734157,0",2025-11-24,segunda-feira,18:15:00,SC,101,"146,7",ITAPEMA,Reação tardia ou ineficiente do condutor,Colisão traseira,Sem Vítimas,Anoitecer,Decrescente,Nublado,Múltipla,Declive;Reta,Sim,3,0,0,0,3,0,0,3,-27.08953,-48.6142,SPRF-SC,DEL04-SC,UOP03-DEL04-SC,2025
"734171,0",2025-11-24,segunda-feira,20:28:00,SC,282,"16,3",PALHOCA,Acessar a via sem observar a presença dos outros veículos,Atropelamento de Pedestre,Com Vítimas Feridas,Plena Noite,Crescente,Céu Claro,Simples,Reta,Não,2,0,1,0,1,0,1,2,-27.66003276,-48.6821124,SPRF-SC,DEL01-SC,UOP02-DEL01-SC,2025