id,data_inversa,dia_semana,horario,uf,br,km,municipio,causa_acidente,tipo_acidente,classificacao_acidente,fase_dia,sentido_via,condicao_metereologica,tipo_pista,tracado_via,uso_solo,pessoas,mortos,feridos_leves,feridos_graves,ilesos,ignorados,feridos,veiculos,latitude,longitude,regional,delegacia,uop,ano_arquivo
"735894,0",2025-12-02,terça-feira,10:15:00,SC,101,"128,3",CAMBORIU,Ausência de reação do condutor,Colisão traseira,Com Vítimas Feridas,Pleno dia,Crescente,Chuva,Dupla,Reta,Não,3,0,2,0,1,0,2,3,-26.97288603,-48.68297037,SPRF-SC,DEL04-SC,UOP03-DEL04-SC,2025
"735902,0",2025-12-02,terça-feira,11:00:00,SC,101,"201,4",SAO JOSE,Reação tardia ou ineficiente do condutor,Atropelamento de Pedestre,Com Vítimas Feridas,Pleno dia,Crescente,Nublado,Dupla,Viaduto,Sim,3,0,1,0,2,0,1,2,-27.552843,-48.619703,SPRF-SC,DEL01-SC,UOP01-DEL01-SC,2025
"735923,0",2025-12-02,terça-feira,09:30:00,SC,282,"115,6",ALFREDO WAGNER,Ausência de reação do condutor,Capotamento,Com Vítimas Feridas,Pleno dia,Decrescente,Nublado,Simples,Declive;Curva,Não,2,0,2,0,0,0,2,1,-27.760035,-49.396965,SPRF-SC,DEL01-SC,UOP03-DEL01-SC,2025
"735928,0",2025-10-31,sexta-feira,18:30:00,SC,280,"30,7",ARAQUARI,Velocidade Incompatível,Colisão traseira,Com Vítimas Fatais,Anoitecer,Decrescente,Céu Claro,Simples,Reta,Não,5,1,1,0,2,1,1,4,-26.415985,-48.769627,SPRF-SC,DEL03-SC,UOP03-DEL03-SC,2025
"735951,0",2025-12-02,terça-feira,16:15:00,SC,280,"30,8",ARAQUARI,Reação tardia ou ineficiente do condutor,Colisão traseira,Com Vítimas Feridas,Pleno dia,Crescente,Sol,Simples,Reta,Não,4,0,4,0,0,0,4,2,-26.416333,-48.770617,SPRF-SC,DEL03-SC,UOP03-DEL03-SC,2025
"735958,0",2025-12-02,terça-feira,17:45:00,SC,470,"136,0",RIO DO SUL,Ausência de reação do condutor,Colisão traseira,Com Vítimas Feridas,Pleno dia,Crescente,Céu Claro,Simples,Reta,Não,2,0,1,0,1,0,1,2,-27.1722394,-49.5811152,SPRF-SC,DEL04-SC,UOP02-DEL04-SC,2025
"735959,0",2025-12-02,terça-feira,17:45:00,SC,101,"206,4",SAO JOSE,Manobra de mudança de faixa,Colisão lateral mesmo sentido,Com Vítimas Feridas,Pleno dia,Decrescente,Céu Claro,Múltipla,Reta,Sim,3,0,1,1,1,0,2,2,-27.59512568,-48.61898359,SPRF-SC,DEL01-SC,UOP01-DEL01-SC,2025
"735966,0",2025-12-02,terça-feira,17:20:00,SC,101,"85,0",BARRA VELHA,Avarias e/ou desgaste excessivo no pneu,Tombamento,Com Vítimas Feridas,Pleno dia,Crescente,Sol,Múltipla,Reta;Declive,Não,1,0,1,0,0,0,1,1,-26.63648283,-48.69739143,SPRF-SC,DEL03-SC,UOP02-DEL03-SC,2025
"735970,0",2025-12-02,terça-feira,17:40:00,SC,101,"49,9",JOINVILLE,Manobra de mudança de faixa,Tombamento,Com Vítimas Feridas,Pleno dia,Crescente,Céu Claro,Dupla,Declive;Reta;Viaduto,Não,1,0,1,0,0,0,1,1,-26.38617043,-48.84582639,SPRF-SC,DEL03-SC,UOP01-DEL03-SC,2025
"735975,0",2025-12-02,terça-feira,18:30:00,SC,101,"215,0",PALHOCA,Acessar a via sem observar a presença dos outros veículos,Colisão lateral mesmo sentido,Com Vítimas Feridas,Pleno dia,Crescente,Céu Claro,Dupla,Reta,Sim,3,0,2,0,1,0,2,3,-27.65877001,-48.67807627,SPRF-SC,DEL01-SC,UOP02-DEL01-SC,2025
"735983,0",2025-12-02,terça-feira,18:20:00,SC,101,"415,1",ARARANGUA,Ausência de reação do condutor,Colisão traseira,Com Vítimas Feridas,Anoitecer,Crescente,Céu Claro,Múltipla,Declive;Curva;Viaduto,Não,2,0,0,1,1,0,1,2,-28.96369334,-49.52156067,SPRF-SC,DEL02-SC,UOP02-DEL02-SC,2025
"735988,0",2025-12-02,terça-feira,17:00:00,SC,280,"149,0",RIO NEGRINHO,Acessar a via sem observar a presença dos outros veículos,Colisão transversal,Com Vítimas Feridas,Pleno dia,Decrescente,Sol,Simples,Reta,Não,2,0,0,1,1,0,1,2,-26.2616131,-49.5485129,SPRF-SC,DEL06-SC,UOP03-DEL06-SC,2025
"735989,0",2025-12-02,terça-feira,19:30:00,SC,280,"125,0",RIO NEGRINHO,Acessar a via sem observar a presença dos outros veículos,Colisão traseira,Com Vítimas Feridas,Anoitecer,Crescente,Céu Claro,Simples,Reta,Não,2,0,1,0,1,0,1,2,-26.2425,-49.511887,SPRF-SC,DEL06-SC,UOP03-DEL06-SC,2025
"736004,0",2025-12-02,terça-feira,17:42:00,SC,470,"70,4",INDAIAL,Acessar a via sem observar a presença dos outros veículos,Colisão transversal,Com Vítimas Feridas,Pleno dia,Crescente,Céu Claro,Simples,Reta,Sim,2,0,0,1,1,0,1,2,-26.891225,-49.25755,SPRF-SC,DEL04-SC,UOP01-DEL04-SC,2025
"736020,0",2025-11-01,sábado,03:40:00,SC,282,"3,4",FLORIANOPOLIS,Ingestão de álcool pelo condutor,Saída de leito carroçável,Com Vítimas Feridas,Plena Noite,Crescente,Nublado,Simples,Reta,Não,5,0,4,0,0,1,4,1,-27.596585,-48.600494,SPRF-SC,DEL01-SC,UOP01-DEL01-SC,2025
"736025,0",2025-12-03,quarta-feira,05:00:00,SC,101,"207,3",SAO JOSE,Condutor desrespeitou a iluminação vermelha do semáforo,Colisão transversal,Com Vítimas Feridas,Amanhecer,Crescente,Nublado,Múltipla,Interseção de Vias,Sim,2,0,0,1,1,0,1,2,-27.59900412,-48.62204902,SPRF-SC,DEL01-SC,UOP01-DEL01-SC,2025
"736030,0",2025-12-03,quarta-feira,05:40:00,SC,101,"208,5",SAO JOSE,Reação tardia ou ineficiente do condutor,Queda de ocupante de veículo,Com Vítimas Feridas,Pleno dia,Decrescente,Céu Claro,Múltipla,Reta;Declive,Sim,1,0,1,0,0,0,1,1,-27.606597,-48.634918,SPRF-SC,DEL01-SC,UOP01-DEL01-SC,2025
"736073,0",2025-12-03,quarta-feira,08:10:00,SC,280,"127,9",RIO NEGRINHO,Ausência de reação do condutor,Atropelamento de Pedestre,Com Vítimas Feridas,Pleno dia,Crescente,Céu Claro,Simples,Reta,Não,2,0,1,0,1,0,1,2,-26.24325609,-49.5132014,SPRF-SC,DEL06-SC,UOP03-DEL06-SC,2025
"736087,0",2025-12-03,quarta-feira,08:30:00,SC,282,"406,0",CATANDUVAS,Condutor usando celular,Saída de leito carroçável,Com Vítimas Feridas,Pleno dia,Decrescente,Céu Claro,Simples,Reta,Não,1,0,1,0,0,0,1,1,-27.09553324,-51.65587043,SPRF-SC,DEL07-SC,UOP05-DEL07-SC,2025
"736089,0",2025-12-03,quarta-feira,11:27:00,SC,280,"23,8",ARAQUARI,Ausência de reação do condutor,Colisão lateral mesmo sentido,Com Vítimas Feridas,Pleno dia,Decrescente,Sol,Simples,Reta,Não,2,0,0,1,1,0,1,2,-26.3753727,-48.7181829,SPRF-SC,DEL03-SC,UOP03-DEL03-SC,2025
"736091,0",2025-12-03,quarta-feira,11:00:00,SC,280,"125,0",RIO NEGRINHO,Acessar a via sem observar a presença dos outros veículos,Colisão transversal,Com Vítimas Feridas,Pleno dia,Crescente,Céu Claro,Simples,Reta;Interseção de Vias,Não,3,0,0,2,1,0,2,2,-26.23780937,-49.49423281,SPRF-SC,DEL06-SC,UOP03-DEL06-SC,2025
"736098,0",2025-12-03,quarta-feira,12:20:00,SC,101,"214,1",PALHOCA,Condutor deixou de manter distância do veículo da frente,Engavetamento,Com Vítimas Feridas,Pleno dia,Crescente,Céu Claro,Dupla,Reta,Sim,4,0,1,0,3,0,1,3,-27.6447629,-48.6710447,SPRF-SC,DEL01-SC,UOP02-DEL01-SC,2025
"736103,0",2025-11-01,sábado,15:25:00,SC,101,"198,8",SAO JOSE,Ultrapassagem Indevida,Colisão lateral mesmo sentido,Com Vítimas Feridas,Pleno dia,Crescente,Céu Claro,Múltipla,Reta,Não,3,0,2,0,1,0,2,2,-27.53258849,-48.63128034,SPRF-SC,DEL01-SC,UOP01-DEL01-SC,2025
"736109,0",2025-12-03,quarta-feira,10:15:00,SC,101,"78,0",ARAQUARI,Avarias e/ou desgaste excessivo no pneu,Queda de ocupante de veículo,Com Vítimas Feridas,Pleno dia,Crescente,Sol,Múltipla,Reta,Não,1,0,1,0,0,0,1,1,-26.58472418,-48.7222074,SPRF-SC,DEL03-SC,UOP02-DEL03-SC,2025
"736114,0",2025-12-03,quarta-feira,12:10:00,SC,282,"341,8",CAMPOS NOVOS,Condutor deixou de manter distância do veículo da frente,Colisão traseira,Com Vítimas Feridas,Pleno dia,Crescente,Céu Claro,Simples,Reta;Aclive,Sim,4,0,2,0,2,0,2,3,-27.38995842,-51.21299235,SPRF-SC,DEL07-SC,UOP06-DEL07-SC,2025
"736122,0",2025-11-25,terça-feira,16:30:00,SC,101,"41,0",JOINVILLE,Desrespeitar a preferência no cruzamento,Colisão transversal,Com Vítimas Feridas,Pleno dia,Crescente,Céu Claro,Dupla,Rotatória;Interseção de Vias;Viaduto,Não,2,0,1,0,1,0,1,2,-26.3184275,-48.87223927,SPRF-SC,DEL03-SC,UOP01-DEL03-SC,2025
"736139,0",2025-12-03,quarta-feira,10:30:00,SC,101,"45,0",JOINVILLE,Demais falhas mecânicas ou elétricas,Queda de ocupante de veículo,Com Vítimas Feridas,Pleno dia,Decrescente,Céu Claro,Dupla,Reta,Sim,1,0,1,0,0,0,1,1,-26.3512183,-48.85791477,SPRF-SC,DEL03-SC,UOP01-DEL03-SC,2025
"736140,0",2025-12-03,quarta-feira,14:30:00,SC,163,"68,1",SAO MIGUEL DO OESTE,Acessar a via sem observar a presença dos outros veículos,Colisão transversal,Com Vítimas Feridas,Pleno dia,Crescente,Sol,Dupla,Reta;Interseção de Vias,Sim,2,0,1,0,1,0,1,2,-26.75046305,-53.50081086,SPRF-SC,DEL07-SC,UOP03-DEL07-SC,2025
"736184,0",2025-12-03,quarta-feira,17:30:00,SC,101,"207,0",SAO JOSE,Transtornos Mentais (exceto suicidio),Eventos atípicos,Com Vítimas Feridas,Pleno dia,Crescente,Céu Claro,Múltipla,Reta,Sim,2,0,1,0,1,0,1,1,-27.60251862,-48.63085119,SPRF-SC,DEL01-SC,UOP01-DEL01-SC,2025
"736185,0",2025-12-03,quarta-feira,17:50:00,SC,101,"149,0",ITAPEMA,Manobra de mudança de faixa,Colisão lateral mesmo sentido,Com Vítimas Feridas,Pleno dia,Decrescente,Nublado,Múltipla,Reta,Não,3,0,0,1,2,0,1,3,-27.11435261,-48.60986559,SPRF-SC,DEL04-SC,UOP03-DEL04-SC,2025
"736190,0",2025-12-03,quarta-feira,17:00:00,SC,280,"305,2",PORTO UNIAO,Condutor deixou de manter distância do veículo da frente,Colisão traseira,Sem Vítimas,Pleno dia,Crescente,Nublado,Simples,Reta,Sim,3,0,0,0,3,0,0,3,-26.26373988,-51.06249975,SPRF-SC,DEL06-SC,UOP04-DEL06-SC,2025
"736197,0",2025-12-03,quarta-feira,18:05:00,SC,163,"70,4",SAO MIGUEL DO OESTE,Acessar a via sem observar a presença dos outros veículos,Colisão transversal,Com Vítimas Feridas,Anoitecer,Crescente,Céu Claro,Dupla,Curva,Sim,2,0,1,0,1,0,1,2,-26.73211263,-53.51019786,SPRF-SC,DEL07-SC,UOP03-DEL07-SC,2025
"736199,0",2025-12-03,quarta-feira,19:05:00,SC,470,"124,1",IBIRAMA,Reação tardia ou ineficiente do condutor,Capotamento,Com Vítimas Feridas,Anoitecer,Crescente,Céu Claro,Simples,Declive;Curva,Não,3,0,3,0,0,0,3,1,-27.11553483,-49.53218071,SPRF-SC,DEL04-SC,UOP02-DEL04-SC,2025
"736211,0",2025-12-03,quarta-feira,08:22:00,SC,280,"35,0",ARAQUARI,Acessar a via sem observar a presença dos outros veículos,Colisão lateral mesmo sentido,Com Vítimas Feridas,Pleno dia,Decrescente,Céu Claro,Simples,Reta,Não,3,0,1,0,1,1,1,2,-26.434745,-48.80458,SPRF-SC,DEL03-SC,UOP03-DEL03-SC,2025
"736223,0",2025-12-03,quarta-feira,20:35:00,SC,101,"90,0",BARRA VELHA,Reação tardia ou ineficiente do condutor,Colisão lateral mesmo sentido,Com Vítimas Feridas,Plena Noite,Decrescente,Nublado,Simples,Reta;Interseção de Vias,Não,2,0,1,0,1,0,1,2,-26.66814519,-48.68923752,SPRF-SC,DEL03-SC,UOP02-DEL03-SC,2025
"736228,0",2025-12-03,quarta-feira,21:30:00,SC,101,"183,0",GOVERNADOR CELSO RAMOS,Animais na Pista,Atropelamento de Animal,Com Vítimas Feridas,Plena Noite,Decrescente,Céu Claro,Dupla,Viaduto,Sim,1,0,1,0,0,0,1,1,-27.402122,-48.629201,SPRF-SC,DEL01-SC,UOP01-DEL01-SC,2025
"736237,0",2025-12-03,quarta-feira,22:30:00,SC,282,"52,0",AGUAS MORNAS,Condutor Dormindo,Saída de leito carroçável,Com Vítimas Feridas,Plena Noite,Crescente,Céu Claro,Simples,Reta,Não,1,0,1,0,0,0,1,1,-27.6951416,-48.96740405,SPRF-SC,DEL01-SC,UOP03-DEL01-SC,2025
"736247,0",2025-12-03,quarta-feira,23:20:00,SC,101,"323,8",CAPIVARI DE BAIXO,Reação tardia ou ineficiente do condutor,Colisão traseira,Com Vítimas Feridas,Plena Noite,Decrescente,Céu Claro,Dupla,Reta,Não,2,0,0,1,1,0,1,2,-28.425104,-48.933305,SPRF-SC,DEL02-SC,UOP01-DEL02-SC,2025
"736270,0",2025-12-04,quinta-feira,06:20:00,SC,101,"212,2",PALHOCA,Condutor deixou de manter distância do veículo da frente,Colisão traseira,Com Vítimas Feridas,Pleno dia,Decrescente,Céu Claro,Múltipla,Reta,Sim,3,0,2,0,0,1,2,2,-27.631913,-48.660718,SPRF-SC,DEL01-SC,UOP02-DEL01-SC,2025
"736300,0",2025-12-04,quinta-feira,08:20:00,SC,101,"149,0",ITAPEMA,Reação tardia ou ineficiente do condutor,Colisão traseira,Com Vítimas Feridas,Pleno dia,Decrescente,Sol,Dupla,Reta,Sim,2,0,0,1,0,1,1,2,-27.116631,-48.609413,SPRF-SC,DEL04-SC,UOP03-DEL04-SC,2025
"736304,0",2025-12-04,quinta-feira,08:05:00,SC,101,"232,7",PALHOCA,Frear bruscamente,Colisão traseira,Com Vítimas Feridas,Pleno dia,Crescente,Céu Claro,Dupla,Reta;Aclive,Não,2,0,1,0,1,0,1,2,-27.80043307,-48.63752245,SPRF-SC,DEL01-SC,UOP02-DEL01-SC,2025
"736309,0",2025-12-04,quinta-feira,08:35:00,SC,282,"0,2",FLORIANOPOLIS,Manobra de mudança de faixa,Colisão traseira,Com Vítimas Feridas,Pleno dia,Decrescente,Céu Claro,Múltipla,Reta,Sim,3,0,1,0,1,1,1,3,-27.59877,-48.57389,SPRF-SC,DEL01-SC,UOP01-DEL01-SC,2025
"736319,0",2025-12-04,quinta-feira,10:10:00,SC,101,"204,4",SAO JOSE,Ausência de reação do condutor,Tombamento,Com Vítimas Feridas,Pleno dia,Crescente,Céu Claro,Múltipla,Reta,Sim,2,0,1,1,0,0,2,1,-27.57845,-48.61367,SPRF-SC,DEL01-SC,UOP01-DEL01-SC,2025
"736366,0",2025-12-04,quinta-feira,14:00:00,SC,101,"133,7",BALNEARIO CAMBORIU,Desrespeitar a preferência no cruzamento,Colisão transversal,Com Vítimas Feridas,Pleno dia,Crescente,Sol,Simples,Viaduto;Interseção de Vias,Sim,2,0,0,1,1,0,1,2,-27.00207133,-48.63807321,SPRF-SC,DEL04-SC,UOP03-DEL04-SC,2025
"736369,0",2025-12-04,quinta-feira,15:10:00,SC,101,"292,0",IMBITUBA,Velocidade Incompatível,Tombamento,Com Vítimas Feridas,Pleno dia,Crescente,Céu Claro,Simples,Viaduto;Curva,Sim,1,0,1,0,0,0,1,1,-28.13049156,-48.69381873,SPRF-SC,DEL02-SC,UOP03-DEL02-SC,2025
"736394,0",2025-12-04,quinta-feira,17:10:00,SC,101,"1,5",FLORIANOPOLIS,Reação tardia ou ineficiente do condutor,Colisão traseira,Com Vítimas Feridas,Pleno dia,Crescente,Nublado,Dupla,Reta,Sim,2,0,1,0,1,0,1,2,-27.604,-48.584,SPRF-SC,DEL03-SC,UOP01-DEL03-SC,2025
"736404,0",2025-12-03,quarta-feira,06:00:00,SC,280,"126,0",RIO NEGRINHO,Conversão proibida,Colisão lateral mesmo sentido,Com Vítimas Feridas,Pleno dia,Crescente,Sol,Simples,Reta,Sim,3,0,1,0,2,0,1,2,-26.24261234,-49.51209474,SPRF-SC,DEL06-SC,UOP03-DEL06-SC,2025
"736421,0",2025-12-04,quinta-feira,17:30:00,SC,101,"40,0",JOINVILLE,Velocidade Incompatível,Saída de leito carroçável,Com Vítimas Feridas,Pleno dia,Decrescente,Céu Claro,Múltipla,Curva,Sim,1,0,1,0,0,0,1,1,-26.31020491,-48.87738911,SPRF-SC,DEL03-SC,UOP01-DEL03-SC,2025
"736445,0",2025-12-04,quinta-feira,20:00:00,SC,101,"435,5",SOMBRIO,Ausência de reação do condutor,Colisão traseira,Com Vítimas Feridas,Plena Noite,Crescente,Céu Claro,Simples,Viaduto;Reta;Interseção de Vias;Rotatória,Sim,2,0,1,0,1,0,1,2,-29.11088325,-49.63868586,SPRF-SC,DEL02-SC,UOP02-DEL02-SC,2025
"736452,0",2025-12-04,quinta-feira,22:20:00,SC,282,"23,4",SANTO AMARO DA IMPERATRIZ,Desrespeitar a preferência no cruzamento,Colisão transversal,Com Vítimas Feridas,Plena Noite,Crescente,Céu Claro,Simples,Reta,Sim,6,0,1,1,4,0,2,2,-27.68542305,-48.74207987,SPRF-SC,DEL01-SC,UOP02-DEL01-SC,2025
"736458,0",2025-12-04,quinta-feira,21:10:00,SC,282,"19,2",PALHOCA,Mal súbito do condutor,Colisão frontal,Com Vítimas Feridas,Plena Noite,Decrescente,Céu Claro,Simples,Reta,Não,5,0,1,2,1,1,3,3,-27.68062514,-48.7049338,SPRF-SC,DEL01-SC,UOP02-DEL01-SC,2025
"736461,0",2025-12-05,sexta-feira,00:00:00,SC,101,"277,0",IMBITUBA,Acumulo de água sobre o pavimento,Queda de ocupante de veículo,Com Vítimas Feridas,Plena Noite,Decrescente,Céu Claro,Dupla,Reta,Não,1,0,1,0,0,0,1,1,-28.15755174,-48.69272995,SPRF-SC,DEL02-SC,UOP03-DEL02-SC,2025
"736505,0",2025-12-05,sexta-feira,07:50:00,SC,101,"206,0",SAO JOSE,Acessar a via sem observar a presença dos outros veículos,Colisão lateral mesmo sentido,Com Vítimas Feridas,Pleno dia,Decrescente,Céu Claro,Dupla,Reta;Interseção de Vias,Não,3,0,1,1,1,0,2,2,-27.59482,-48.61895,SPRF-SC,DEL01-SC,UOP01-DEL01-SC,2025
"736517,0",2025-12-05,sexta-feira,08:30:00,SC,470,"67,0",INDAIAL,Velocidade Incompatível,Colisão traseira,Com Vítimas Feridas,Pleno dia,Decrescente,Nublado,Dupla,Reta;Declive,Sim,2,0,1,0,1,0,1,2,-26.873938,-49.234405,SPRF-SC,DEL04-SC,UOP01-DEL04-SC,2025
"736533,0",2025-12-05,sexta-feira,08:45:00,SC,101,"100,0",BALNEARIO PICARRAS,Acessar a via sem observar a presença dos outros veículos,Colisão traseira,Com Vítimas Feridas,Pleno dia,Decrescente,Céu Claro,Dupla,Reta,Não,3,0,1,0,2,0,1,2,-26.75726794,-48.68860817,SPRF-SC,DEL03-SC,UOP02-DEL03-SC,2025
"736552,0",2025-12-05,sexta-feira,11:15:00,SC,282,"2,0",FLORIANOPOLIS,Velocidade Incompatível,Colisão traseira,Com Vítimas Feridas,Pleno dia,Decrescente,Céu Claro,Múltipla,Reta,Não,4,0,2,0,2,0,2,2,-27.6033648,-48.58943788,SPRF-SC,DEL01-SC,UOP01-DEL01-SC,2025
"736557,0",2025-12-05,sexta-feira,11:35:00,SC,101,"209,0",SAO JOSE,Trafegar com motocicleta (ou similar) entre as faixas,Colisão lateral mesmo sentido,Sem Vítimas,Pleno dia,Crescente,Céu Claro,Dupla,Reta,Sim,3,0,0,0,2,1,0,2,-27.61061,-48.63938,SPRF-SC,DEL01-SC,UOP01-DEL01-SC,2025
"736563,0",2025-12-05,sexta-feira,12:00:00,SC,470,"47,2",BLUMENAU,Ausência de reação do condutor,Saída de leito carroçável,Com Vítimas Feridas,Pleno dia,Crescente,Céu Claro,Dupla,Aclive;Reta,Não,1,0,1,0,0,0,1,1,-26.8619981,-49.05081153,SPRF-SC,DEL04-SC,UOP01-DEL04-SC,2025
"736579,0",2025-12-05,sexta-feira,13:40:00,SC,101,"198,0",BIGUACU,Objeto estático sobre o leito carroçável,Colisão com objeto,Com Vítimas Feridas,Pleno dia,Decrescente,Sol,Dupla,Reta,Sim,1,0,1,0,0,0,1,1,-27.52740573,-48.63419652,SPRF-SC,DEL01-SC,UOP01-DEL01-SC,2025
"736592,0",2025-12-05,sexta-feira,14:45:00,SC,101,"205,0",SAO JOSE,Manobra de mudança de faixa,Colisão lateral mesmo sentido,Com Vítimas Feridas,Pleno dia,Crescente,Céu Claro,Múltipla,Reta,Sim,2,0,1,0,1,0,1,2,-27.58848433,-48.61689297,SPRF-SC,DEL01-SC,UOP01-DEL01-SC,2025
"736595,0",2025-12-05,sexta-feira,12:15:00,SC,116,"72,1",MONTE CASTELO,Reação tardia ou ineficiente do condutor,Colisão transversal,Com Vítimas Feridas,Pleno dia,Decrescente,Céu Claro,Simples,Reta;Aclive,Não,6,0,6,0,0,0,6,2,-26.487411,-50.232637,SPRF-SC,DEL06-SC,UOP02-DEL06-SC,2025
"736597,0",2025-12-05,sexta-feira,15:15:00,SC,282,"0,5",FLORIANOPOLIS,Condutor deixou de manter distância do veículo da frente,Colisão traseira,Com Vítimas Feridas,Pleno dia,Decrescente,Céu Claro,Múltipla,Reta,Sim,3,0,0,1,2,0,1,3,-27.60053,-48.57693,SPRF-SC,DEL01-SC,UOP01-DEL01-SC,2025
"736615,0",2025-12-05,sexta-feira,14:45:00,SC,280,"29,0",ARAQUARI,Acessar a via sem observar a presença dos outros veículos,Colisão transversal,Com Vítimas Feridas,Pleno dia,Crescente,Céu Claro,Simples,Reta,Não,2,0,1,0,1,0,1,2,-26.410114,-48.752483,SPRF-SC,DEL03-SC,UOP03-DEL03-SC,2025
"736616,0",2025-12-05,sexta-feira,15:45:00,SC,470,"28,0",GASPAR,Velocidade Incompatível,Colisão lateral mesmo sentido,Sem Vítimas,Pleno dia,Crescente,Céu Claro,Múltipla,Reta,Sim,2,0,0,0,2,0,0,2,-26.89343411,-48.89686044,SPRF-SC,DEL04-SC,UOP01-DEL04-SC,2025
"736621,0",2025-12-05,sexta-feira,15:32:00,SC,280,"27,1",ARAQUARI,Acessar a via sem observar a presença dos outros veículos,Colisão frontal,Com Vítimas Feridas,Pleno dia,Crescente,Céu Claro,Simples,Reta;Interseção de Vias,Sim,2,0,2,0,0,0,2,2,-26.39702956,-48.74026235,SPRF-SC,DEL03-SC,UOP03-DEL03-SC,2025
"736624,0",2025-12-05,sexta-feira,17:15:00,SC,101,"24,0",JOINVILLE,Desrespeitar a preferência no cruzamento,Colisão frontal,Com Vítimas Feridas,Pleno dia,Decrescente,Sol,Simples,Interseção de Vias,Sim,7,0,6,1,0,0,7,2,-26.17866643,-48.90854643,SPRF-SC,DEL03-SC,UOP01-DEL03-SC,2025
"736643,0",2025-12-05,sexta-feira,18:30:00,SC,101,"208,5",SAO JOSE,Pista Escorregadia,Tombamento,Com Vítimas Feridas,Amanhecer,Crescente,Céu Claro,Múltipla,Reta,Sim,2,0,2,0,0,0,2,1,-27.6125439,-48.641659,SPRF-SC,DEL01-SC,UOP01-DEL01-SC,2025
"736644,0",2025-12-05,sexta-feira,17:50:00,SC,101,"38,5",JOINVILLE,Desrespeitar a preferência no cruzamento,Colisão transversal,Com Vítimas Feridas,Anoitecer,Crescente,Céu Claro,Múltipla,Viaduto,Sim,2,0,2,0,0,0,2,2,-26.29680077,-48.88435364,SPRF-SC,DEL03-SC,UOP01-DEL03-SC,2025
"736647,0",2025-12-05,sexta-feira,18:50:00,SC,153,"99,9",CONCORDIA,Frear bruscamente,Colisão traseira,Com Vítimas Feridas,Anoitecer,Decrescente,Céu Claro,Simples,Reta,Sim,2,0,1,0,1,0,1,2,-27.24532037,-51.95221066,SPRF-SC,DEL07-SC,UOP04-DEL07-SC,2025
"736652,0",2025-12-05,sexta-feira,19:25:00,SC,101,"127,0",ITAJAI,Velocidade Incompatível,Colisão traseira,Com Vítimas Feridas,Plena Noite,Decrescente,Céu Claro,Dupla,Reta,Não,2,0,1,0,1,0,1,2,-26.97145833,-48.68299484,SPRF-SC,DEL04-SC,UOP04-DEL04-SC,2025
"736677,0",2025-12-05,sexta-feira,17:50:00,SC,101,"136,0",CAMBORIU,Manobra de mudança de faixa,Colisão traseira,Com Vítimas Feridas,Pleno dia,Crescente,Céu Claro,Múltipla,Reta,Sim,2,0,1,0,1,0,1,2,-26.993634,-48.660603,SPRF-SC,DEL04-SC,UOP03-DEL04-SC,2025
"736681,0",2025-12-05,sexta-feira,20:00:00,SC,282,"322,0",VARGEM,Ingestão de álcool pelo condutor,Saída de leito carroçável,Com Vítimas Feridas,Plena Noite,Crescente,Céu Claro,Simples,Curva,Não,1,0,0,1,0,0,1,1,-27.44720061,-50.99905014,SPRF-SC,DEL07-SC,UOP06-DEL07-SC,2025
"736682,0",2025-12-05,sexta-feira,21:15:00,SC,101,"199,0",BIGUACU,Pedestre andava na pista,Atropelamento de Pedestre,Com Vítimas Feridas,Plena Noite,Crescente,Céu Claro,Dupla,Reta,Sim,4,0,1,0,2,1,1,2,-27.52782391,-48.63423999,SPRF-SC,DEL01-SC,UOP01-DEL01-SC,2025
"736708,0",2025-12-05,sexta-feira,18:15:00,SC,470,"174,4",POUSO REDONDO,Manobra de mudança de faixa,Colisão lateral mesmo sentido,Com Vítimas Feridas,Pleno dia,Crescente,Céu Claro,Simples,Reta,Sim,3,0,0,1,2,0,1,3,-27.25698969,-49.93428675,SPRF-SC,DEL04-SC,UOP02-DEL04-SC,2025
"736718,0",2025-12-06,sábado,00:10:00,SC,101,"347,7",JAGUARUNA,Pedestre cruzava a pista fora da faixa,Atropelamento de Pedestre,Com Vítimas Feridas,Plena Noite,Decrescente,Nublado,Dupla,Reta,Sim,1,0,1,0,0,0,1,1,-28.58293381,-49.04987661,SPRF-SC,DEL02-SC,UOP01-DEL02-SC,2025
"736736,0",2025-12-06,sábado,03:50:00,SC,101,"196,0",BIGUACU,Velocidade Incompatível,Saída de leito carroçável,Sem Vítimas,Plena Noite,Crescente,Céu Claro,Dupla,Curva,Não,1,0,0,0,1,0,0,1,-27.51872366,-48.63826482,SPRF-SC,DEL01-SC,UOP01-DEL01-SC,2025
"736742,0",2025-12-06,sábado,03:55:00,SC,280,"97,2",SAO BENTO DO SUL,Reação tardia ou ineficiente do condutor,Saída de leito carroçável,Com Vítimas Feridas,Amanhecer,Decrescente,Céu Claro,Simples,Curva,Não,1,0,1,0,0,0,1,1,-26.382538,-49.324253,SPRF-SC,DEL06-SC,UOP03-DEL06-SC,2025
"736756,0",2025-12-05,sexta-feira,08:25:00,SC,101,"332,0",TUBARAO,Avarias e/ou desgaste excessivo no pneu,Queda de ocupante de veículo,Com Vítimas Feridas,Pleno dia,Decrescente,Céu Claro,Múltipla,Aclive;Curva,Sim,2,0,2,0,0,0,2,1,-28.465851,-48.99574,SPRF-SC,DEL02-SC,UOP01-DEL02-SC,2025