id,data_inversa,dia_semana,horario,uf,br,km,municipio,causa_acidente,tipo_acidente,classificacao_acidente,fase_dia,sentido_via,condicao_metereologica,tipo_pista,tracado_via,uso_solo,pessoas,mortos,feridos_leves,feridos_graves,ilesos,ignorados,feridos,veiculos,latitude,longitude,regional,delegacia,uop,ano_arquivo
"741517,0",2025-12-25,quinta-feira,07:00:00,SC,116,"124,0",SANTA CECILIA,Acesso irregular,Colisão traseira,Sem Vítimas,Pleno dia,Decrescente,Céu Claro,Simples,Reta,Não,1,0,0,0,1,0,0,1,-26.8490953,-50.405571,SPRF-SC,DEL06-SC,UOP02-DEL06-SC,2025
"741530,0",2025-12-25,quinta-feira,03:30:00,SC,282,"503,8",XANXERE,Velocidade Incompatível,Capotamento,Sem Vítimas,Plena Noite,Decrescente,Nublado,Dupla,Curva,Sim,1,0,0,0,0,1,0,1,-26.8824092,-52.4046134,SPRF-SC,DEL07-SC,UOP01-DEL07-SC,2025
"741535,0",2025-12-25,quinta-feira,10:20:00,SC,282,"18,4",PALHOCA,Manobra de mudança de faixa,Colisão frontal,Com Vítimas Feridas,Pleno dia,Crescente,Sol,Simples,Reta,Sim,2,0,2,0,0,0,2,2,-27.67565,-48.69784,SPRF-SC,DEL01-SC,UOP02-DEL01-SC,2025
"741537,0",2025-12-25,quinta-feira,13:30:00,SC,101,"54,0",JOINVILLE,Demais falhas mecânicas ou elétricas,Incêndio,Sem Vítimas,Pleno dia,Decrescente,Céu Claro,Dupla,Reta,Não,1,0,0,0,1,0,0,1,-26.41917803,-48.83169048,SPRF-SC,DEL03-SC,UOP01-DEL03-SC,2025
"741543,0",2025-12-25,quinta-feira,14:30:00,SC,280,"57,5",GUARAMIRIM,Ausência de reação do condutor,Saída de leito carroçável,Com Vítimas Feridas,Pleno dia,Decrescente,Céu Claro,Múltipla,Rotatória,Não,1,0,1,0,0,0,1,1,-26.474269,-49.020061,SPRF-SC,DEL03-SC,UOP03-DEL03-SC,2025
"741565,0",2025-12-25,quinta-feira,15:00:00,SC,282,"599,0",CUNHA PORA,Reação tardia ou ineficiente do condutor,Saída de leito carroçável,Com Vítimas Feridas,Pleno dia,Decrescente,Céu Claro,Simples,Curva,Não,1,0,1,0,0,0,1,1,-26.818664,-53.15798593,SPRF-SC,DEL07-SC,UOP02-DEL07-SC,2025
"741568,0",2025-12-25,quinta-feira,17:20:00,SC,470,"16,0",ILHOTA,Ausência de reação do condutor,Queda de ocupante de veículo,Com Vítimas Feridas,Pleno dia,Decrescente,Céu Claro,Dupla,Reta,Não,2,0,2,0,0,0,2,1,-26.83957425,-48.77966562,SPRF-SC,DEL04-SC,UOP04-DEL04-SC,2025
"741579,0",2025-12-25,quinta-feira,16:50:00,SC,470,"61,1",BLUMENAU,Trafegar com motocicleta (ou similar) entre as faixas,Colisão lateral sentido oposto,Com Vítimas Feridas,Pleno dia,Crescente,Nublado,Simples,Declive;Reta;Em Obras,Não,3,0,1,0,2,0,1,3,-26.87832533,-49.17566299,SPRF-SC,DEL04-SC,UOP01-DEL04-SC,2025
"741596,0",2025-12-25,quinta-feira,13:30:00,SC,282,"566,2",NOVA ERECHIM,Velocidade Incompatível,Colisão frontal,Com Vítimas Fatais,Pleno dia,Crescente,Chuva,Simples,Curva,Não,6,1,0,5,0,0,5,2,-26.90036339,-52.88863577,SPRF-SC,DEL07-SC,UOP02-DEL07-SC,2025
"741611,0",2025-12-25,quinta-feira,20:20:00,SC,280,"23,0",ARAQUARI,Transitar na contramão,Colisão lateral sentido oposto,Com Vítimas Feridas,Plena Noite,Decrescente,Chuva,Simples,Reta,Sim,3,0,1,0,2,0,1,3,-26.37109,-48.7053,SPRF-SC,DEL03-SC,UOP03-DEL03-SC,2025
"741625,0",2025-12-25,quinta-feira,18:50:00,SC,280,"27,1",ARAQUARI,Reação tardia ou ineficiente do condutor,Colisão transversal,Com Vítimas Feridas,Plena Noite,Crescente,Chuva,Simples,Reta,Não,3,0,1,0,2,0,1,3,-26.398283,-48.740973,SPRF-SC,DEL03-SC,UOP03-DEL03-SC,2025
"741643,0",2025-12-26,sexta-feira,01:30:00,SC,101,"378,8",ICARA,Ausência de reação do condutor,Colisão com objeto,Sem Vítimas,Plena Noite,Decrescente,Nublado,Múltipla,Reta,Não,1,0,0,0,0,1,0,1,-28.75105302,-49.26979755,SPRF-SC,DEL02-SC,UOP02-DEL02-SC,2025
"741655,0",2025-12-26,sexta-feira,03:20:00,SC,101,"34,9",JOINVILLE,Velocidade Incompatível,Colisão com objeto,Com Vítimas Feridas,Plena Noite,Crescente,Céu Claro,Dupla,Curva,Não,3,0,3,0,0,0,3,1,-26.26895091,-48.89563736,SPRF-SC,DEL03-SC,UOP01-DEL03-SC,2025
"741677,0",2025-12-09,terça-feira,09:55:00,SC,101,"346,0",JAGUARUNA,Acumulo de água sobre o pavimento,Saída de leito carroçável,Com Vítimas Feridas,Pleno dia,Crescente,Chuva,Múltipla,Reta,Sim,1,0,1,0,0,0,1,1,-28.5701667,-49.0534917,SPRF-SC,DEL02-SC,UOP01-DEL02-SC,2025
"741678,0",2025-12-26,sexta-feira,08:50:00,SC,101,"136,5",BALNEARIO CAMBORIU,Manobra de mudança de faixa,Colisão lateral mesmo sentido,Com Vítimas Feridas,Pleno dia,Crescente,Céu Claro,Dupla,Reta,Sim,2,0,1,0,0,1,1,2,-27.00667359,-48.62119524,SPRF-SC,DEL04-SC,UOP03-DEL04-SC,2025
"741680,0",2025-11-24,segunda-feira,12:50:00,SC,101,"107,0",PENHA,Trafegar com motocicleta (ou similar) entre as faixas,Colisão lateral mesmo sentido,Com Vítimas Feridas,Pleno dia,Crescente,Chuva,Dupla,Reta,Sim,5,0,0,1,4,0,1,2,-26.819843,-48.684232,SPRF-SC,DEL03-SC,UOP02-DEL03-SC,2025
"741705,0",2025-12-26,sexta-feira,12:25:00,SC,101,"209,0",SAO JOSE,Reação tardia ou ineficiente do condutor,Colisão traseira,Sem Vítimas,Pleno dia,Decrescente,Céu Claro,Dupla,Reta,Sim,10,0,0,0,10,0,0,3,-27.61114698,-48.63973618,SPRF-SC,DEL01-SC,UOP01-DEL01-SC,2025
"741715,0",2025-12-26,sexta-feira,13:20:00,SC,282,"4,7",SAO JOSE,Demais falhas mecânicas ou elétricas,Queda de ocupante de veículo,Com Vítimas Feridas,Pleno dia,Crescente,Céu Claro,Múltipla,Reta,Sim,2,0,2,0,0,0,2,1,-27.589295,-48.61081,SPRF-SC,DEL01-SC,UOP01-DEL01-SC,2025
"741719,0",2025-12-26,sexta-feira,14:05:00,SC,280,"28,0",ARAQUARI,Trafegar com motocicleta (ou similar) entre as faixas,Colisão lateral mesmo sentido,Com Vítimas Feridas,Pleno dia,Decrescente,Céu Claro,Simples,Reta,Não,5,0,2,0,3,0,2,2,-26.404005,-48.745305,SPRF-SC,DEL03-SC,UOP03-DEL03-SC,2025
"741725,0",2025-12-26,sexta-feira,12:50:00,SC,101,"108,8",PENHA,Avarias e/ou desgaste excessivo no pneu,Queda de ocupante de veículo,Com Vítimas Feridas,Pleno dia,Decrescente,Céu Claro,Dupla,Reta,Sim,1,0,1,0,0,0,1,1,-26.831241,-48.693352,SPRF-SC,DEL03-SC,UOP02-DEL03-SC,2025
"741737,0",2025-12-26,sexta-feira,15:15:00,SC,282,"406,0",CATANDUVAS,Avarias e/ou desgaste excessivo no pneu,Saída de leito carroçável,Sem Vítimas,Pleno dia,Decrescente,Garoa/Chuvisco,Simples,Rotatória,Não,3,0,0,0,3,0,0,1,-27.097519,-51.652811,SPRF-SC,DEL07-SC,UOP05-DEL07-SC,2025
"741744,0",2025-12-26,sexta-feira,15:30:00,SC,101,"205,4",SAO JOSE,Pista Escorregadia,Tombamento,Com Vítimas Feridas,Pleno dia,Decrescente,Garoa/Chuvisco,Múltipla,Declive;Curva,Sim,2,0,2,0,0,0,2,1,-27.58736,-48.616381,SPRF-SC,DEL01-SC,UOP01-DEL01-SC,2025
"741751,0",2025-12-26,sexta-feira,16:55:00,SC,280,"28,0",ARAQUARI,Trafegar com motocicleta (ou similar) entre as faixas,Colisão transversal,Com Vítimas Feridas,Pleno dia,Crescente,Nublado,Simples,Reta,Sim,2,0,1,0,1,0,1,2,-26.40787067,-48.74937532,SPRF-SC,DEL03-SC,UOP03-DEL03-SC,2025
"741761,0",2025-12-26,sexta-feira,15:30:00,SC,282,"509,0",XANXERE,Afundamento ou ondulação no pavimento,Tombamento,Com Vítimas Feridas,Pleno dia,Crescente,Nublado,Simples,Reta,Não,1,0,0,1,0,0,1,1,-26.88772871,-52.45083311,SPRF-SC,DEL07-SC,UOP01-DEL07-SC,2025
"741775,0",2025-12-26,sexta-feira,18:15:00,SC,101,"215,0",PALHOCA,Acessar a via sem observar a presença dos outros veículos,Colisão transversal,Com Vítimas Feridas,Pleno dia,Crescente,Nublado,Dupla,Reta,Sim,2,0,1,0,1,0,1,2,-27.652233,-48.676583,SPRF-SC,DEL01-SC,UOP02-DEL01-SC,2025
"741778,0",2025-12-26,sexta-feira,16:00:00,SC,470,"223,4",SAO CRISTOVAO DO SUL,Reação tardia ou ineficiente do condutor,Colisão frontal,Com Vítimas Feridas,Pleno dia,Decrescente,Nublado,Simples,Curva;Declive,Não,5,0,0,5,0,0,5,2,-27.32532,-50.33948,SPRF-SC,DEL05-SC,UOP03-DEL05-SC,2025
"741787,0",2025-12-26,sexta-feira,17:50:00,SC,116,"1,4",MAFRA,Demais falhas mecânicas ou elétricas,Colisão com objeto,Com Vítimas Feridas,Pleno dia,Crescente,Nublado,Simples,Reta,Sim,1,0,1,0,0,0,1,1,-26.119952,-49.78948,SPRF-SC,DEL06-SC,UOP01-DEL06-SC,2025
"741826,0",2025-12-26,sexta-feira,18:20:00,SC,280,"4,1",SAO FRANCISCO DO SUL,Retorno proibido,Colisão transversal,Com Vítimas Feridas,Anoitecer,Crescente,Nublado,Simples,Reta,Sim,3,0,1,0,2,0,1,2,-26.2547506,-48.6203599,SPRF-SC,DEL03-SC,UOP03-DEL03-SC,2025
"741832,0",2025-12-26,sexta-feira,22:15:00,SC,101,"446,0",SANTA ROSA DO SUL,Acessar a via sem observar a presença dos outros veículos,Colisão transversal,Com Vítimas Feridas,Plena Noite,Crescente,Céu Claro,Múltipla,Reta,Sim,2,0,0,2,0,0,2,2,-29.152201,-49.727585,SPRF-SC,DEL02-SC,UOP02-DEL02-SC,2025
"741840,0",2025-12-26,sexta-feira,21:30:00,SC,101,"86,0",BARRA VELHA,Acessar a via sem observar a presença dos outros veículos,Colisão transversal,Com Vítimas Feridas,Plena Noite,Crescente,Céu Claro,Simples,Viaduto,Sim,2,0,0,1,1,0,1,2,-26.64492392,-48.68806672,SPRF-SC,DEL03-SC,UOP02-DEL03-SC,2025
"741843,0",2025-12-26,sexta-feira,23:35:00,SC,470,"142,0",RIO DO SUL,Animais na Pista,Atropelamento de Animal,Com Vítimas Feridas,Plena Noite,Decrescente,Céu Claro,Simples,Reta,Sim,1,0,1,0,0,0,1,1,-27.2095082,-49.6505904,SPRF-SC,DEL04-SC,UOP02-DEL04-SC,2025
"741869,0",2025-12-26,sexta-feira,20:00:00,SC,116,"132,0",SANTA CECILIA,Reação tardia ou ineficiente do condutor,Colisão com objeto,Com Vítimas Feridas,Plena Noite,Decrescente,Garoa/Chuvisco,Simples,Rotatória,Não,3,0,1,0,1,1,1,2,-26.91339081,-50.44390488,SPRF-SC,DEL06-SC,UOP02-DEL06-SC,2025
"741873,0",2025-12-27,sábado,06:10:00,SC,101,"123,8",ITAJAI,Ausência de reação do condutor,Colisão traseira,Com Vítimas Feridas,Amanhecer,Crescente,Céu Claro,Dupla,Reta,Não,4,0,1,0,3,0,1,2,-26.942368,-48.693065,SPRF-SC,DEL04-SC,UOP04-DEL04-SC,2025
"741883,0",2025-12-27,sábado,07:10:00,SC,101,"122,0",ITAJAI,Manobra de mudança de faixa,Colisão lateral mesmo sentido,Com Vítimas Feridas,Pleno dia,Crescente,Céu Claro,Dupla,Reta,Sim,2,0,1,0,1,0,1,2,-26.93520637,-48.69988918,SPRF-SC,DEL04-SC,UOP04-DEL04-SC,2025
"741889,0",2025-12-27,sábado,07:00:00,SC,101,"123,0",ITAJAI,Condutor deixou de manter distância do veículo da frente,Colisão traseira,Com Vítimas Feridas,Pleno dia,Crescente,Céu Claro,Dupla,Reta,Não,2,0,1,0,1,0,1,2,-26.92805633,-48.70516196,SPRF-SC,DEL04-SC,UOP04-DEL04-SC,2025
"741909,0",2025-12-25,quinta-feira,16:25:00,SC,101,"332,8",TUBARAO,Ingestão de álcool pelo condutor,Colisão com objeto,Sem Vítimas,Pleno dia,Decrescente,Nublado,Dupla,Curva,Sim,1,0,0,0,1,0,0,1,-28.46753122,-49.00896907,SPRF-SC,DEL02-SC,UOP01-DEL02-SC,2025
"741916,0",2025-12-27,sábado,09:20:00,SC,101,"70,5",ARAQUARI,Condutor deixou de manter distância do veículo da frente,Colisão traseira,Com Vítimas Feridas,Pleno dia,Crescente,Céu Claro,Dupla,Reta,Não,4,0,1,0,2,1,1,3,-26.52721778,-48.71549098,SPRF-SC,DEL03-SC,UOP02-DEL03-SC,2025
"741923,0",2025-12-27,sábado,10:50:00,SC,282,"4,7",SAO JOSE,Condutor deixou de manter distância do veículo da frente,Colisão traseira,Com Vítimas Feridas,Pleno dia,Crescente,Céu Claro,Múltipla,Reta,Sim,1,0,0,1,0,0,1,1,-27.59055117,-48.60827319,SPRF-SC,DEL01-SC,UOP01-DEL01-SC,2025
"741929,0",2025-12-27,sábado,11:30:00,SC,101,"192,0",BIGUACU,Condutor deixou de manter distância do veículo da frente,Colisão traseira,Com Vítimas Feridas,Pleno dia,Decrescente,Céu Claro,Dupla,Reta,Sim,2,0,1,0,1,0,1,2,-27.48762,-48.6517,SPRF-SC,DEL01-SC,UOP01-DEL01-SC,2025
"741933,0",2025-12-27,sábado,11:45:00,SC,101,"46,1",JOINVILLE,Trafegar com motocicleta (ou similar) entre as faixas,Colisão traseira,Com Vítimas Feridas,Pleno dia,Crescente,Sol,Dupla,Reta,Sim,2,0,0,1,1,0,1,2,-26.35736674,-48.85892479,SPRF-SC,DEL03-SC,UOP01-DEL03-SC,2025
"741941,0",2025-12-27,sábado,13:00:00,SC,101,"218,0",PALHOCA,Condutor deixou de manter distância do veículo da frente,Colisão traseira,Com Vítimas Feridas,Pleno dia,Crescente,Céu Claro,Dupla,Reta,Não,4,0,1,0,2,1,1,3,-27.6950612,-48.6618213,SPRF-SC,DEL01-SC,UOP02-DEL01-SC,2025
"741949,0",2025-12-27,sábado,11:30:00,SC,101,"88,0",BARRA VELHA,Condutor deixou de manter distância do veículo da frente,Colisão traseira,Com Vítimas Feridas,Pleno dia,Crescente,Sol,Múltipla,Viaduto;Declive,Não,3,0,1,0,2,0,1,2,-26.65040856,-48.68667349,SPRF-SC,DEL03-SC,UOP02-DEL03-SC,2025
"741961,0",2025-12-27,sábado,14:30:00,SC,470,"45,0",GASPAR,Reação tardia ou ineficiente do condutor,Tombamento,Com Vítimas Feridas,Pleno dia,Crescente,Céu Claro,Dupla,Curva,Não,2,0,2,0,0,0,2,1,-26.86602403,-49.03213053,SPRF-SC,DEL04-SC,UOP01-DEL04-SC,2025
"741962,0",2025-12-27,sábado,14:40:00,SC,101,"47,4",JOINVILLE,Demais falhas mecânicas ou elétricas,Incêndio,Sem Vítimas,Pleno dia,Crescente,Céu Claro,Múltipla,Declive;Reta,Sim,1,0,0,0,1,0,0,1,-26.3685117,-48.85782592,SPRF-SC,DEL03-SC,UOP01-DEL03-SC,2025
"741972,0",2025-12-27,sábado,14:00:00,SC,116,"35,2",ITAIOPOLIS,Acessar a via sem observar a presença dos outros veículos,Colisão lateral mesmo sentido,Com Vítimas Feridas,Pleno dia,Crescente,Sol,Simples,Curva;Aclive,Sim,4,0,1,2,1,0,3,2,-26.3368305,-50.0071213,SPRF-SC,DEL06-SC,UOP01-DEL06-SC,2025
"741974,0",2025-12-27,sábado,13:35:00,SC,280,"180,0",MAFRA,Condutor deixou de manter distância do veículo da frente,Colisão lateral mesmo sentido,Com Vítimas Feridas,Pleno dia,Crescente,Céu Claro,Simples,Reta,Não,2,0,1,0,1,0,1,2,-26.176279,-49.8873,SPRF-SC,DEL06-SC,UOP01-DEL06-SC,2025
"741977,0",2025-12-27,sábado,15:00:00,SC,101,"205,0",SAO JOSE,Reação tardia ou ineficiente do condutor,Tombamento,Com Vítimas Feridas,Pleno dia,Decrescente,Céu Claro,Dupla,Reta,Sim,2,0,2,0,0,0,2,1,-27.57953,-48.614005,SPRF-SC,DEL01-SC,UOP01-DEL01-SC,2025
"741982,0",2025-12-27,sábado,16:25:00,SC,101,"187,9",BIGUACU,Ausência de reação do condutor,Queda de ocupante de veículo,Com Vítimas Feridas,Pleno dia,Crescente,Céu Claro,Dupla,Reta,Sim,2,0,2,0,0,0,2,1,-27.44914727,-48.632431,SPRF-SC,DEL01-SC,UOP01-DEL01-SC,2025
"741983,0",2025-12-27,sábado,16:00:00,SC,101,"47,4",JOINVILLE,Condutor deixou de manter distância do veículo da frente,Colisão lateral mesmo sentido,Com Vítimas Feridas,Pleno dia,Crescente,Céu Claro,Dupla,Reta;Aclive,Não,3,0,1,0,1,1,1,2,-26.36734947,-48.85810789,SPRF-SC,DEL03-SC,UOP01-DEL03-SC,2025
"741986,0",2025-12-27,sábado,15:50:00,SC,470,"62,2",INDAIAL,Velocidade Incompatível,Saída de leito carroçável,Com Vítimas Feridas,Pleno dia,Crescente,Sol,Simples,Declive;Reta,Sim,3,0,2,0,1,0,2,2,-26.8743683,-49.1860733,SPRF-SC,DEL04-SC,UOP01-DEL04-SC,2025
"742002,0",2025-12-27,sábado,18:15:00,SC,101,"222,6",PALHOCA,Manobra de mudança de faixa,Colisão lateral mesmo sentido,Com Vítimas Feridas,Anoitecer,Decrescente,Nublado,Dupla,Declive;Reta,Não,3,0,2,0,1,0,2,2,-27.711842,-48.651122,SPRF-SC,DEL01-SC,UOP02-DEL01-SC,2025
"742006,0",2025-12-27,sábado,16:00:00,SC,101,"360,0",SANGAO,Transitar na contramão,Colisão transversal,Com Vítimas Feridas,Pleno dia,Crescente,Chuva,Múltipla,Reta,Sim,5,0,1,0,3,1,1,2,-28.66734,-49.117798,SPRF-SC,DEL02-SC,UOP01-DEL02-SC,2025
"742007,0",2025-12-27,sábado,18:10:00,SC,101,"419,7",ARARANGUA,Desrespeitar a preferência no cruzamento,Colisão lateral mesmo sentido,Com Vítimas Feridas,Anoitecer,Crescente,Chuva,Simples,Interseção de Vias,Sim,2,0,0,1,1,0,1,2,-28.99693377,-49.55426065,SPRF-SC,DEL02-SC,UOP02-DEL02-SC,2025
"742009,0",2025-12-27,sábado,16:00:00,SC,101,"410,5",ARARANGUA,Transitar no Acostamento,Colisão traseira,Sem Vítimas,Pleno dia,Crescente,Céu Claro,Dupla,Reta,Não,3,0,0,0,3,0,0,2,-28.93231741,-49.51561689,SPRF-SC,DEL02-SC,UOP02-DEL02-SC,2025
"742010,0",2025-12-27,sábado,11:30:00,SC,101,"2,0",BIGUACU,Ausência de reação do condutor,Saída de leito carroçável,Com Vítimas Feridas,Pleno dia,Crescente,Céu Claro,Dupla,Curva;Retorno Regulamentado,Sim,1,0,1,0,0,0,1,1,-27.363248,-48.649465,SPRF-SC,DEL01-SC,UOP01-DEL01-SC,2025
"742037,0",2025-12-27,sábado,22:10:00,SC,101,"157,0",PORTO BELO,Ingestão de álcool pelo condutor,Colisão traseira,Sem Vítimas,Plena Noite,Crescente,Chuva,Múltipla,Reta,Sim,2,0,0,0,2,0,0,2,-27.184233,-48.612405,SPRF-SC,DEL04-SC,UOP03-DEL04-SC,2025
"742051,0",2025-12-27,sábado,23:40:00,SC,101,"211,0",PALHOCA,Condutor deixou de manter distância do veículo da frente,Colisão traseira,Sem Vítimas,Plena Noite,Decrescente,Chuva,Múltipla,Reta;Ponte,Sim,2,0,0,0,2,0,0,2,-27.62372694,-48.65271505,SPRF-SC,DEL01-SC,UOP02-DEL01-SC,2025
"742055,0",2025-12-27,sábado,23:45:00,SC,101,"211,0",SAO JOSE,Ingestão de álcool pelo condutor,Colisão traseira,Sem Vítimas,Plena Noite,Crescente,Nublado,Simples,Reta,Sim,2,0,0,0,2,0,0,2,-27.62314,-48.65245,SPRF-SC,DEL01-SC,UOP02-DEL01-SC,2025
"742064,0",2025-12-27,sábado,23:55:00,SC,470,"248,0",CURITIBANOS,Velocidade Incompatível,Saída de leito carroçável,Sem Vítimas,Plena Noite,Crescente,Céu Claro,Simples,Curva,Sim,1,0,0,0,1,0,0,1,-27.3127013,-50.5763994,SPRF-SC,DEL05-SC,UOP03-DEL05-SC,2025
"742066,0",2025-12-27,sábado,23:55:00,SC,470,"248,8",CURITIBANOS,Velocidade Incompatível,Saída de leito carroçável,Com Vítimas Fatais,Plena Noite,Crescente,Nublado,Simples,Rotatória,Sim,1,1,0,0,0,0,0,1,-27.31309167,-50.57644892,SPRF-SC,DEL05-SC,UOP03-DEL05-SC,2025
"742076,0",2025-12-28,domingo,03:50:00,SC,101,"208,0",SAO JOSE,Reação tardia ou ineficiente do condutor,Colisão traseira,Com Vítimas Feridas,Plena Noite,Crescente,Céu Claro,Múltipla,Reta,Sim,3,0,2,0,1,0,2,2,-27.60763,-48.63649,SPRF-SC,DEL01-SC,UOP01-DEL01-SC,2025
"742077,0",2025-12-28,domingo,03:45:00,SC,282,"535,6",CHAPECO,Acessar a via sem observar a presença dos outros veículos,Colisão transversal,Com Vítimas Feridas,Plena Noite,Decrescente,Céu Claro,Dupla,Interseção de Vias;Reta;Rotatória,Não,4,0,2,0,2,0,2,2,-26.999488,-52.646107,SPRF-SC,DEL07-SC,UOP01-DEL07-SC,2025
"742082,0",2025-12-28,domingo,04:45:00,SC,470,"64,4",INDAIAL,Transitar na contramão,Colisão frontal,Com Vítimas Feridas,Amanhecer,Decrescente,Céu Claro,Simples,Aclive,Não,3,0,2,0,1,0,2,3,-26.8695818,-49.2070509,SPRF-SC,DEL04-SC,UOP01-DEL04-SC,2025
"742088,0",2025-12-28,domingo,06:30:00,SC,101,"117,0",ITAJAI,Acessar a via sem observar a presença dos outros veículos,Colisão transversal,Com Vítimas Feridas,Pleno dia,Crescente,Céu Claro,Múltipla,Rotatória;Interseção de Vias,Sim,2,0,0,1,1,0,1,2,-26.8904635,-48.72066949,SPRF-SC,DEL04-SC,UOP04-DEL04-SC,2025
"742089,0",2025-12-27,sábado,20:00:00,SC,101,"285,0",IMBITUBA,Acumulo de água sobre o pavimento,Saída de leito carroçável,Com Vítimas Feridas,Plena Noite,Crescente,Chuva,Dupla,Reta,Não,1,0,1,0,0,0,1,1,-28.298203,-48.716157,SPRF-SC,DEL02-SC,UOP03-DEL02-SC,2025
"742091,0",2025-12-28,domingo,04:00:00,SC,101,"142,0",ITAPEMA,Ingestão de álcool pelo condutor,Saída de leito carroçável,Sem Vítimas,Plena Noite,Crescente,Garoa/Chuvisco,Dupla,Reta,Sim,1,0,0,0,0,1,0,1,-27.059016,-48.597039,SPRF-SC,DEL04-SC,UOP03-DEL04-SC,2025
"742109,0",2025-12-28,domingo,08:25:00,SC,101,"338,0",TUBARAO,Ausência de reação do condutor,Colisão com objeto,Com Vítimas Feridas,Pleno dia,Decrescente,Céu Claro,Múltipla,Interseção de Vias,Sim,1,0,1,0,0,0,1,1,-28.50722912,-49.04929876,SPRF-SC,DEL02-SC,UOP01-DEL02-SC,2025
"742132,0",2025-12-28,domingo,08:50:00,SC,101,"72,0",ARAQUARI,Condutor deixou de manter distância do veículo da frente,Colisão traseira,Com Vítimas Feridas,Pleno dia,Crescente,Céu Claro,Dupla,Declive;Reta,Não,3,0,1,0,2,0,1,2,-26.524155,-48.716203,SPRF-SC,DEL03-SC,UOP02-DEL03-SC,2025
"742133,0",2025-12-28,domingo,08:30:00,SC,280,"286,0",IRINEOPOLIS,Reação tardia ou ineficiente do condutor,Saída de leito carroçável,Com Vítimas Feridas,Pleno dia,Crescente,Céu Claro,Simples,Declive;Curva,Não,1,0,1,0,0,0,1,1,-26.29040153,-50.88787079,SPRF-SC,DEL06-SC,UOP04-DEL06-SC,2025
"742142,0",2025-12-28,domingo,08:00:00,SC,470,"267,0",CURITIBANOS,Reação tardia ou ineficiente do condutor,Saída de leito carroçável,Sem Vítimas,Pleno dia,Crescente,Sol,Simples,Curva;Aclive,Não,1,0,0,0,0,1,0,1,-27.3119,-50.747,SPRF-SC,DEL05-SC,UOP03-DEL05-SC,2025
"742171,0",2025-12-28,domingo,12:00:00,SC,101,"254,0",PAULO LOPES,Avarias e/ou desgaste excessivo no pneu,Tombamento,Com Vítimas Feridas,Pleno dia,Crescente,Céu Claro,Múltipla,Reta,Sim,1,0,0,1,0,0,1,1,-27.97389279,-48.67966561,SPRF-SC,DEL02-SC,UOP03-DEL02-SC,2025
"742175,0",2025-12-28,domingo,13:20:00,SC,282,"138,0",BOM RETIRO,Acessar a via sem observar a presença dos outros veículos,Colisão lateral mesmo sentido,Com Vítimas Feridas,Pleno dia,Decrescente,Céu Claro,Simples,Reta,Não,7,0,2,0,5,0,2,2,-27.82032795,-49.56248045,SPRF-SC,DEL05-SC,UOP01-DEL05-SC,2025
"742177,0",2025-12-28,domingo,15:30:00,SC,282,"337,5",CAMPOS NOVOS,Conversão proibida,Colisão transversal,Com Vítimas Feridas,Pleno dia,Crescente,Céu Claro,Simples,Curva,Não,8,0,4,0,4,0,4,2,-27.39417771,-51.18855453,SPRF-SC,DEL07-SC,UOP06-DEL07-SC,2025
"742189,0",2025-12-28,domingo,12:35:00,SC,116,"236,3",CORREIA PINTO,Avarias e/ou desgaste excessivo no pneu,Saída de leito carroçável,Com Vítimas Feridas,Pleno dia,Crescente,Céu Claro,Simples,Reta,Não,2,0,2,0,0,0,2,1,-27.72653867,-50.33639431,SPRF-SC,DEL05-SC,UOP01-DEL05-SC,2025
"742197,0",2025-12-28,domingo,16:40:00,SC,282,"664,4",GUARACIABA,Acessar a via sem observar a presença dos outros veículos,Colisão transversal,Com Vítimas Feridas,Pleno dia,Crescente,Céu Claro,Simples,Curva,Não,4,0,1,0,3,0,1,2,-26.65762915,-53.60750763,SPRF-SC,DEL07-SC,UOP03-DEL07-SC,2025
"742203,0",2025-12-28,domingo,16:00:00,SC,101,"225,0",PALHOCA,Trafegar com motocicleta (ou similar) entre as faixas,Colisão traseira,Com Vítimas Feridas,Pleno dia,Decrescente,Nublado,Dupla,Reta,Não,3,0,1,0,2,0,1,2,-27.73363695,-48.6406788,SPRF-SC,DEL01-SC,UOP02-DEL01-SC,2025
"742210,0",2025-12-28,domingo,16:45:00,SC,101,"137,0",BALNEARIO CAMBORIU,Condutor deixou de manter distância do veículo da frente,Colisão traseira,Com Vítimas Feridas,Pleno dia,Decrescente,Céu Claro,Dupla,Reta;Interseção de Vias,Sim,2,0,0,2,0,0,2,2,-27.02803614,-48.60503644,SPRF-SC,DEL04-SC,UOP03-DEL04-SC,2025
"742211,0",2025-12-28,domingo,18:30:00,SC,282,"500,0",XANXERE,Acumulo de água sobre o pavimento,Saída de leito carroçável,Com Vítimas Feridas,Plena Noite,Crescente,Chuva,Dupla,Declive;Rotatória,Sim,3,0,3,0,0,0,3,1,-26.88070297,-52.35930157,SPRF-SC,DEL07-SC,UOP01-DEL07-SC,2025
"742222,0",2025-12-28,domingo,19:30:00,SC,101,"336,0",TUBARAO,Ausência de reação do condutor,Colisão com objeto,Com Vítimas Feridas,Plena Noite,Crescente,Chuva,Dupla,Curva,Sim,2,0,1,0,0,1,1,1,-28.47951293,-49.03390137,SPRF-SC,DEL02-SC,UOP01-DEL02-SC,2025